v0,v1,v2
139,140,141
142,141,143
142,139,141
144,142,143
144,143,145
146,144,145
146,147,148
146,145,147
149,146,148
150,149,148
150,148,151
152,150,151
152,151,153
152,153,154
155,152,154
156,155,154
156,154,157
158,157,159
158,159,160
158,156,157
161,158,160
162,163,140
164,69,163
165,164,163
165,163,162
165,162,166
167,165,166
168,167,166
168,166,169
170,171,172
170,169,171
170,168,169
173,170,172
174,173,172
174,172,175
176,174,175
176,175,177
178,177,179
178,176,177
180,179,181
180,178,179
182,181,183
182,180,181
184,182,183
184,183,185
186,184,185
186,185,187
188,189,190
188,191,189
192,193,194
192,188,190
192,190,193
195,192,194
196,194,197
196,195,194
198,196,197
198,197,199
200,198,199
200,199,201
202,200,201
202,201,203
204,203,205
204,202,203
204,205,206
207,204,206
207,206,208
209,208,210
209,207,208
211,209,210
212,211,210
212,213,214
212,210,213
215,212,214
216,215,214
216,214,217
218,217,219
218,219,220
218,216,217
221,220,222
221,218,220
223,221,222
224,225,226
224,223,222
224,222,225
227,224,226
228,229,230
231,227,226
231,226,232
233,234,235
233,231,232
233,232,234
236,228,230
237,233,235
238,236,230
238,230,239
240,237,235
240,235,241
240,241,242
243,238,239
243,239,244
245,240,242
245,242,246
247,243,244
247,244,248
249,245,246
250,249,246
250,246,251
252,248,253
252,247,248
254,251,255
254,255,256
254,250,251
257,252,253
257,253,258
259,254,256
259,256,260
261,258,262
261,257,258
263,259,260
264,265,266
264,262,265
264,261,262
267,263,260
268,264,266
269,268,266
269,270,271
269,266,270
272,269,271
273,274,275
273,272,271
273,271,274
276,273,275
277,276,275
277,275,278
277,278,279
280,277,279
281,280,279
281,279,282
283,282,284
283,281,282
285,283,284
285,286,287
285,284,286
288,285,287
289,287,290
289,288,287
291,290,292
291,289,290
293,292,294
293,291,292
295,267,68
296,294,297
296,297,298
296,293,294
299,296,298
300,299,298
300,298,301
300,301,302
303,300,302
304,303,302
304,302,305
304,305,306
307,304,306
308,309,295
308,307,306
308,306,309
310,308,295
310,295,68
311,312,313
314,311,313
315,314,313
316,315,313
317,316,313
318,313,3
319,317,313
320,313,318
320,319,313
321,318,3
322,320,318
323,321,3
324,323,3
325,322,318
325,318,321
326,324,3
327,325,321
328,326,3
329,327,321
330,329,321
331,3,4
331,328,3
332,321,323
332,330,321
333,332,323
334,333,323
335,334,323
335,323,324
336,335,324
337,331,4
338,336,324
338,324,326
339,338,326
340,339,326
340,326,328
341,340,328
342,341,328
342,328,331
343,342,331
344,337,4
345,343,331
346,345,331
347,346,331
348,347,331
349,331,337
349,348,331
350,349,337
351,350,337
352,351,337
353,352,337
354,353,337
355,354,337
356,337,344
356,355,337
357,356,344
357,344,4
358,357,4
359,358,4
360,359,4
361,360,4
362,361,4
363,362,4
364,4,5
364,363,4
365,364,5
366,365,5
367,366,5
368,367,5
369,368,5
370,369,5
370,5,6
371,370,6
372,371,6
373,372,6
374,373,6
375,374,6
376,375,6
377,376,6
378,377,6
379,378,6
380,6,7
380,379,6
381,380,7
382,69,137
382,163,69
383,384,385
383,385,386
383,387,388
383,389,390
383,388,384
383,391,392
383,386,393
383,392,389
383,390,394
383,394,395
383,161,160
383,160,391
383,393,161
396,397,398
396,399,387
396,400,401
396,402,400
396,387,383
396,403,402
396,395,403
396,398,399
396,383,395
404,396,401
404,401,405
406,69,164
406,164,165
407,69,406
407,406,165
408,69,407
408,165,167
408,407,165
409,168,170
409,167,168
409,69,408
409,408,167
410,411,412
410,413,414
410,186,187
410,412,415
410,416,417
410,417,418
410,419,420
410,187,421
410,414,416
410,422,419
410,415,186
410,421,413
410,420,411
423,424,425
423,418,426
423,422,410
423,427,428
423,428,422
423,425,429
423,426,424
423,410,418
430,423,429
430,429,431
432,68,267
432,67,68
433,283,285
434,285,288
434,288,289
434,433,285
435,293,296
435,434,289
435,291,293
435,289,291
436,310,68
437,438,439
437,382,137
437,439,382
440,2,3
440,312,441
440,313,312
440,3,313
442,1,2
442,2,440
442,440,441
443,442,441
444,443,441
445,444,441
446,445,441
447,446,441
448,447,441
449,448,441
450,449,441
451,441,312
451,450,441
452,7,8
452,8,9
452,9,10
452,10,11
453,11,12
453,452,11
454,452,453
455,454,453
456,455,453
457,453,12
458,456,453
458,453,457
459,457,12
460,458,457
461,460,457
462,459,12
463,461,457
464,457,459
464,463,457
465,12,13
465,462,12
466,459,462
466,464,459
467,465,13
468,466,462
469,467,13
470,462,465
470,468,462
471,469,13
472,470,465
472,465,467
473,467,469
473,472,467
474,471,13
475,473,469
476,475,469
477,13,14
477,474,13
478,469,471
478,476,469
479,478,471
480,479,471
481,480,471
482,481,471
483,482,471
484,483,471
485,471,474
485,484,471
486,477,14
487,485,474
488,487,474
489,488,474
490,489,474
491,490,474
492,491,474
492,474,477
493,486,14
493,14,15
494,492,477
495,494,477
496,477,486
496,495,477
497,493,15
498,496,486
499,15,16
499,497,15
500,486,493
500,498,486
501,499,16
502,501,16
503,16,17
503,502,16
504,493,497
504,497,499
504,499,501
504,500,493
505,503,17
506,505,17
507,506,17
508,507,17
509,508,17
510,509,17
511,510,17
512,511,17
513,17,18
513,512,17
514,513,18
515,514,18
516,515,18
517,516,18
518,18,19
518,517,18
519,518,19
520,519,19
520,19,20
521,520,20
522,521,20
522,20,21
523,439,438
523,382,439
524,523,438
524,438,525
526,527,382
528,526,382
529,528,382
530,143,141
530,382,527
530,163,382
530,527,526
530,140,163
530,141,140
530,528,529
530,526,528
531,529,382
531,530,529
532,533,534
535,536,532
535,532,534
535,537,536
538,535,534
538,537,535
539,540,537
539,538,534
539,537,538
539,541,540
542,543,541
542,541,539
542,539,534
542,534,544
542,544,545
546,543,542
546,547,548
546,548,543
546,542,545
546,545,549
550,551,547
550,549,552
550,552,553
550,553,554
550,547,546
550,546,549
555,550,554
555,556,551
555,551,550
557,558,556
557,554,559
557,556,555
557,555,554
560,561,558
560,557,559
560,558,557
562,563,561
562,560,559
562,561,560
564,562,559
564,559,565
564,563,562
566,564,565
566,563,564
566,567,563
566,565,568
566,568,569
570,569,571
570,571,572
570,572,573
570,573,574
570,566,569
575,576,536
577,575,536
578,577,536
579,536,537
579,578,536
580,537,540
580,540,541
580,579,537
581,541,543
581,580,541
582,543,548
582,581,543
583,582,548
584,548,547
584,583,548
585,547,551
585,558,561
585,556,558
585,561,563
585,551,556
585,584,547
586,563,567
586,585,563
587,396,404
587,588,397
587,589,588
587,397,396
590,591,592
590,587,404
593,594,595
593,595,596
597,593,596
598,599,600
601,170,173
601,602,409
601,173,174
601,174,176
601,409,170
603,604,598
605,600,606
605,598,600
607,603,598
607,598,605
608,176,178
608,601,176
608,602,601
609,608,178
609,602,608
610,611,612
613,610,612
613,612,614
615,616,617
615,618,616
619,615,617
619,617,620
621,619,620
622,615,619
622,619,621
623,622,621
624,625,626
624,627,628
624,626,629
630,621,631
630,623,621
632,633,627
632,627,624
632,624,629
634,631,635
634,630,631
636,637,638
636,638,639
636,639,640
641,423,430
642,420,419
642,419,422
642,411,420
643,642,422
643,428,427
643,422,428
644,627,633
644,645,627
646,636,640
647,646,640
648,649,650
648,650,645
651,644,633
651,633,652
653,645,644
653,648,645
654,647,640
654,640,655
656,651,652
657,653,644
658,654,655
658,655,659
660,661,662
660,641,430
663,656,652
663,652,664
665,644,651
665,657,644
666,665,651
666,651,656
667,663,664
667,664,668
669,666,656
670,668,671
670,667,668
672,656,663
672,669,656
672,663,667
673,69,409
674,432,658
674,658,659
674,659,675
676,677,678
676,678,679
676,679,680
681,432,674
681,675,432
681,674,675
682,680,683
682,677,676
682,676,680
682,683,684
685,684,686
685,682,684
687,685,686
688,689,690
691,690,692
691,688,690
693,694,695
693,691,692
693,696,691
693,692,694
693,697,696
698,699,700
698,700,701
702,698,701
703,695,704
703,693,695
703,697,693
703,705,697
706,704,707
706,703,704
706,705,703
706,707,708
709,188,192
709,710,188
709,192,195
711,712,705
711,706,708
711,705,706
713,714,712
713,711,708
713,712,711
715,714,713
716,717,696
718,710,709
719,720,716
721,696,697
721,716,696
722,718,709
723,719,716
723,716,721
724,722,709
725,726,727
728,724,709
728,709,195
729,725,727
729,727,730
731,732,728
731,195,196
731,728,195
731,196,198
733,718,722
733,724,728
733,722,724
733,728,732
734,735,736
734,736,737
734,738,739
740,741,738
740,738,734
740,734,737
742,743,744
745,198,200
745,732,731
745,731,198
746,267,260
746,432,267
747,200,202
747,732,745
747,745,200
748,747,202
748,732,747
749,748,202
750,749,202
750,209,211
750,204,207
750,202,204
750,207,209
751,749,750
752,230,229
753,754,733
755,244,239
755,752,754
755,230,752
755,239,230
755,754,753
756,733,732
756,753,733
756,244,755
756,755,753
756,248,244
757,739,738
758,757,738
759,760,761
759,761,757
762,758,738
762,738,741
763,759,757
763,757,758
764,741,765
764,762,741
766,763,758
767,764,765
768,766,758
768,758,762
769,765,770
769,767,765
771,768,762
771,762,764
772,771,764
772,764,767
773,767,769
773,772,767
774,756,732
775,732,748
775,749,751
775,748,749
776,774,732
777,776,732
777,262,258
778,732,775
778,777,732
778,262,777
779,778,775
779,262,778
780,779,775
781,266,265
781,271,270
781,265,262
781,779,780
781,270,266
781,262,779
782,783,784
785,784,786
785,782,784
787,785,786
787,786,788
789,787,788
789,121,120
789,120,787
789,788,790
791,790,792
791,789,790
791,122,121
791,121,789
793,791,792
793,122,791
793,123,122
794,261,264
794,268,269
794,269,272
794,264,268
795,796,794
797,795,794
797,794,272
798,799,797
798,797,272
800,799,798
801,797,799
801,795,797
801,796,795
802,132,131
803,804,801
803,802,804
803,132,802
803,801,799
805,434,134
805,799,433
805,433,434
805,133,132
805,134,133
805,803,799
805,132,803
806,296,299
806,303,304
806,807,435
806,435,296
806,304,307
806,307,308
806,308,310
806,436,807
806,310,436
806,299,300
806,300,303
808,134,434
808,435,807
808,434,435
808,135,134
809,807,436
809,136,135
809,808,807
809,135,808
810,809,436
810,136,809
811,437,137
811,812,437
813,812,811
813,814,812
815,438,437
815,437,812
815,525,438
816,7,452
816,381,7
816,817,381
818,817,816
818,816,452
819,820,821
822,820,819
823,818,452
823,817,818
824,820,822
825,820,824
826,820,825
827,820,826
828,820,827
829,820,828
830,823,452
830,817,823
831,820,829
832,820,831
833,817,830
833,830,452
834,820,832
835,833,452
835,817,833
836,820,834
837,835,452
837,817,835
838,820,836
839,837,452
839,817,837
840,839,452
841,840,452
842,841,452
842,452,454
843,842,454
844,454,455
844,455,456
844,456,458
844,461,463
844,458,460
844,460,461
844,463,464
844,843,454
845,525,815
846,371,372
846,373,374
846,374,375
846,372,373
847,509,510
847,502,503
847,501,502
847,504,501
847,503,505
847,505,506
847,508,509
847,506,507
847,507,508
848,847,510
848,510,511
848,511,512
848,512,513
849,513,514
849,515,516
849,517,518
849,516,517
849,518,519
849,519,520
849,520,521
849,514,515
849,848,513
850,376,377
850,377,378
850,379,380
850,846,375
850,378,379
850,375,376
850,381,817
850,380,381
851,850,817
852,851,817
853,852,817
853,839,840
853,817,839
853,840,841
854,855,856
854,857,855
858,22,23
859,858,23
859,23,24
860,859,24
861,860,24
862,861,24
863,862,24
864,863,24
865,864,24
866,865,24
867,866,24
868,867,24
869,868,24
870,24,25
870,869,24
871,870,25
872,871,25
873,872,25
874,873,25
875,25,26
875,874,25
876,26,27
876,875,26
877,876,27
878,29,30
878,30,31
878,31,32
878,32,33
878,33,34
879,34,35
879,35,36
879,36,37
879,37,38
879,878,34
880,38,39
880,39,40
880,40,41
880,41,42
880,879,38
881,853,841
881,843,844
881,841,842
881,842,843
882,851,852
882,850,851
882,883,846
882,846,850
882,852,853
884,882,853
885,884,853
886,885,853
887,886,853
888,887,853
889,888,853
890,889,853
891,890,853
892,891,853
893,892,853
894,893,853
894,853,881
895,820,838
895,838,896
897,898,857
899,897,820
899,898,897
900,898,899
900,899,820
901,898,900
901,900,820
902,898,901
902,901,820
903,898,902
903,902,820
904,903,820
904,898,903
905,904,820
905,898,904
906,905,820
906,898,905
907,898,906
907,906,820
908,907,820
908,898,907
909,820,895
909,898,908
909,908,820
910,893,894
911,898,909
911,909,895
911,912,898
911,913,912
911,914,913
911,915,914
911,916,915
911,917,916
911,918,917
911,919,918
911,920,919
911,921,920
911,922,921
911,923,922
911,924,923
925,855,857
926,927,928
926,929,927
926,930,929
926,931,930
926,932,931
926,933,932
926,934,933
926,935,934
926,936,935
926,937,936
926,911,938
926,924,911
926,939,924
926,940,939
926,928,940
941,926,938
942,941,938
943,942,938
944,943,938
945,944,938
946,945,938
947,946,938
948,947,938
949,948,938
950,949,938
951,950,938
952,951,938
953,954,955
953,955,956
953,956,957
953,957,958
953,958,959
953,959,960
953,960,961
953,952,938
953,938,962
953,962,963
953,963,964
953,964,965
953,965,966
953,966,967
953,967,954
968,953,961
969,970,971
972,968,973
972,953,968
974,857,898
975,55,56
976,977,975
978,56,57
978,975,56
979,976,975
979,975,978
980,981,531
980,382,523
980,982,981
980,523,524
980,531,382
983,978,57
984,985,974
986,534,987
986,544,534
988,979,978
988,978,983
989,990,991
992,989,991
993,992,991
994,544,986
994,545,544
995,993,991
996,997,998
996,998,999
1000,1001,1002
1000,1002,1003
1000,1004,1001
1005,996,999
1006,1004,1000
1007,1005,999
1007,999,1008
1009,576,1010
1009,532,536
1009,533,532
1009,536,576
1009,1006,533
1009,1010,1004
1009,1004,1006
1011,1007,1008
1012,1013,1014
1015,1011,1008
1016,1012,1014
1017,994,1018
1017,552,549
1017,553,552
1017,545,994
1017,554,553
1017,559,554
1017,565,559
1017,549,545
1019,1016,1014
1020,1015,1008
1021,565,1017
1021,568,565
1021,569,568
1021,1017,1018
1022,1023,1024
1022,1018,1025
1022,1021,1018
1022,569,1021
1022,571,569
1022,572,571
1022,1025,1026
1022,573,572
1022,1026,1027
1022,574,573
1022,1028,574
1022,1024,1029
1022,1029,1028
1030,1022,1027
1031,1032,1023
1031,1022,1030
1031,1023,1022
1033,1034,1032
1033,1032,1031
1035,1036,1034
1035,1037,1036
1035,1034,1033
1038,1039,1037
1038,1040,1039
1038,1041,1040
1038,1037,1035
1042,1041,1038
1043,1041,1042
1044,1041,1043
1045,1041,1044
1046,1047,1048
1049,1041,1045
1050,1051,1052
1050,1053,1051
1050,1049,1053
1054,1050,1052
1054,1055,1050
1056,1054,1052
1057,1024,1023
1057,1023,1032
1057,1032,1034
1057,1034,1036
1057,1036,1037
1057,1037,1039
1057,1039,1040
1057,1040,1041
1057,574,1028
1057,570,574
1057,1029,1024
1057,1028,1029
1058,1049,1050
1058,1050,1055
1058,1041,1049
1059,1057,1041
1059,1041,1058
1060,1061,1055
1060,1055,1054
1060,1054,1056
1062,1057,1059
1062,570,1057
1063,1059,1058
1063,1064,1059
1065,143,530
1065,531,981
1065,148,147
1065,981,982
1065,530,531
1065,147,145
1065,145,143
1066,1059,1064
1066,1062,1059
1067,570,1062
1067,1062,1066
1068,567,566
1068,566,570
1068,1069,1070
1068,1071,1072
1068,1070,567
1068,1073,1069
1068,1072,1073
1068,1074,1071
1068,570,1067
1075,1058,1055
1075,1063,1058
1076,1065,982
1076,148,1065
1077,1075,1055
1077,1055,1061
1077,1061,1078
1079,1064,1063
1079,1063,1075
1080,1081,1082
1083,1064,1079
1084,1074,1068
1085,578,579
1085,579,580
1085,1086,578
1087,1074,1084
1087,1084,1088
1087,1070,1069
1087,1072,1071
1087,567,1070
1087,1069,1073
1087,1073,1072
1087,1071,1074
1087,586,567
1089,580,581
1089,1085,580
1090,1089,581
1091,1090,581
1092,581,582
1092,1091,581
1093,1094,1095
1096,583,584
1096,1092,582
1096,582,583
1097,1098,1099
1097,1099,1100
1101,1096,584
1101,584,585
1102,1093,1103
1102,1104,1093
1105,1104,1102
1106,1098,1097
1106,1107,1098
1108,1109,586
1108,1110,1109
1108,1111,1110
1108,1112,1113
1108,586,1087
1108,1113,1111
1114,1102,1103
1114,1105,1102
1115,1116,1117
1115,1117,1118
1119,1118,1117
1120,1121,1122
1120,1123,1121
1120,585,586
1120,1101,585
1124,1114,1103
1125,1126,1127
1125,1127,1128
1125,1128,1116
1125,1108,1126
1125,1116,1115
1125,1115,1118
1125,1112,1108
1129,1124,1130
1131,1132,1133
1131,1133,1118
1131,1118,1119
1134,1112,1125
1135,1124,1103
1135,1130,1124
1136,1129,1130
1137,1138,1139
1140,1141,1142
1143,1125,1118
1143,1134,1125
1144,1143,1118
1145,1134,1143
1146,1145,1143
1147,1146,1143
1147,1143,1144
1148,1135,1149
1150,1130,1135
1151,1135,1148
1151,1152,1153
1151,1153,1150
1151,1150,1135
1151,1148,1152
1154,1140,1142
1155,1147,1144
1155,1144,1156
1157,1154,1142
1158,1159,1150
1158,1153,1152
1158,1150,1153
1160,1159,1158
1161,1137,1139
1162,1159,1160
1162,1142,1159
1163,1164,1139
1163,64,65
1165,155,156
1165,150,152
1165,152,155
1166,1165,156
1166,156,158
1166,158,161
1167,1168,1169
1170,1162,1160
1171,1172,1173
1171,1174,1172
1171,1175,1174
1176,1162,1170
1177,1178,1179
1180,1175,1171
1181,1177,1179
1181,1179,1182
1183,1173,1161
1183,1180,1171
1183,1161,1139
1183,1171,1173
1184,1180,1183
1184,1185,1186
1184,1186,1187
1184,1187,1175
1184,1175,1180
1188,1181,1182
1189,1188,1182
1190,1176,1170
1191,1192,1193
1194,1195,1196
1194,405,1197
1194,404,405
1194,1198,404
1194,1196,1198
1194,1197,1195
1199,1196,1200
1199,1198,1196
1201,1200,1202
1201,1199,1200
1203,172,171
1203,175,172
1204,1202,1205
1204,1201,1202
1206,1185,1184
1206,1184,1183
1206,1207,1185
1208,398,397
1208,1209,1210
1211,1212,1213
1214,1213,1215
1214,1211,1213
1216,1183,1139
1216,1206,1183
1216,1217,1207
1216,1207,1206
1218,1219,1220
1218,1214,1215
1218,1220,1214
1218,1215,1221
1222,1219,1218
1222,1218,1221
1222,1221,1223
1224,1198,1199
1224,1199,1201
1224,1201,1204
1225,1219,1222
1225,1222,1223
1225,1223,1226
1227,592,1228
1227,587,590
1227,589,587
1227,590,592
1227,1228,589
1229,1226,1230
1229,1230,1231
1229,1231,1232
1229,1225,1226
1229,1232,1233
1234,1235,1236
1237,1238,1239
1237,1240,1241
1242,1217,1216
1242,1216,1139
1242,1243,1217
1244,1245,1246
1244,1247,1238
1244,1241,1245
1244,1246,1248
1244,1237,1241
1244,1238,1237
1249,179,177
1249,181,179
1249,177,175
1249,183,181
1249,175,1203
1250,67,432
1250,1235,1234
1250,432,675
1250,675,1235
1251,183,1249
1252,1253,1243
1252,1242,1139
1252,1243,1242
1254,183,1251
1254,185,183
1254,187,185
1255,1228,592
1255,1256,1228
1257,1258,1259
1257,1259,591
1257,591,590
1260,1258,1257
1261,592,591
1261,1255,592
1262,1263,1264
1262,1265,1263
1266,1265,1262
1266,1262,1219
1266,1267,1265
1268,1261,591
1269,1247,1270
1271,1272,1273
1274,1269,1270
1275,1276,1277
1275,1274,1270
1275,1270,1276
1278,1269,1274
1279,1278,1274
1280,1275,1277
1281,1274,1275
1281,1279,1274
1282,1275,1280
1282,1281,1275
1283,1284,1285
1286,425,424
1286,1273,1272
1286,429,425
1287,1288,1289
1287,1290,1288
1291,1283,1285
1291,1290,1287
1291,1285,1292
1291,1292,1290
1293,1294,599
1293,598,604
1293,1295,1294
1293,599,598
1296,617,616
1297,1287,1289
1298,1291,1287
1298,1287,1297
1299,1293,604
1299,604,1300
1301,1302,1303
1301,1296,1302
1301,617,1296
1304,1301,1303
1305,1306,1307
1305,1307,1308
1309,1297,1289
1309,1289,1310
1311,1312,1305
1313,1311,1305
1314,1313,1305
1315,1314,1305
1316,1315,1305
1317,1316,1305
1318,1317,1305
1319,1318,1305
1319,1305,1308
1319,1300,604
1319,1308,1300
1320,616,618
1320,1310,1321
1320,1309,1310
1320,1321,616
1322,1283,1291
1322,1291,1298
1323,1322,1298
1324,620,617
1324,1325,1326
1324,1327,620
1324,617,1301
1324,1301,1304
1324,1304,1325
1328,1329,1330
1328,1331,1329
1328,1332,1331
1328,1333,1334
1335,606,1336
1335,605,606
1335,1336,1337
1338,1323,1298
1339,1272,1340
1339,1286,1272
1339,429,1286
1339,431,429
1339,1341,431
1342,1327,1324
1342,1326,611
1342,1324,1326
1343,1344,1345
1343,1328,1330
1343,1330,1344
1343,1333,1328
1343,1346,1333
1347,1297,1309
1347,1320,618
1347,1309,1320
1347,1298,1297
1347,1338,1298
1348,180,182
1348,178,180
1348,609,178
1349,1350,1351
1349,1352,1350
1349,1351,1353
1349,1354,1355
1349,1356,1352
1349,1357,1354
1358,1349,1353
1359,1349,1358
1360,1341,1339
1360,1361,1341
1362,1349,1359
1363,1349,1362
1363,1357,1349
1364,1346,1343
1364,1345,1365
1364,1343,1345
1364,1366,1346
1367,626,625
1367,1319,604
1367,625,1363
1367,607,1368
1367,604,603
1367,1368,629
1367,629,626
1367,603,607
1369,1361,1360
1370,1368,607
1370,607,605
1370,605,1335
1371,1372,1373
1371,1374,1366
1371,1366,1364
1371,1364,1365
1371,1365,1372
1375,1376,1377
1378,1361,1369
1378,1379,1361
1378,1380,1379
1381,1370,1335
1382,1335,1337
1382,1381,1335
1383,1374,1371
1383,1371,1373
1384,1381,1382
1385,1357,1363
1385,1363,625
1386,1382,1337
1386,1337,1334
1386,1334,1333
1387,1385,625
1388,1382,1386
1388,1384,1382
1389,1390,1374
1389,1374,1383
1389,1383,1373
1391,1387,625
1391,628,1392
1391,625,624
1391,624,628
1393,1391,1392
1394,1390,1389
1394,1395,1390
1394,1396,1395
1394,1389,1373
1397,430,431
1397,1398,430
1397,1341,1361
1397,1379,1398
1397,431,1341
1397,1361,1379
1399,632,629
1399,629,1368
1400,623,630
1400,622,623
1401,1392,628
1401,1402,1403
1401,628,627
1401,650,1402
1401,645,650
1401,627,645
1404,632,1399
1404,664,652
1404,633,632
1404,652,633
1404,1399,1405
1406,1398,1379
1406,1379,1380
1407,1408,1409
1407,1410,1408
1411,1412,1375
1413,1398,1406
1413,1380,1414
1413,1406,1380
1415,1416,1417
1415,1417,1418
1419,1402,650
1420,1412,1411
1420,1421,1422
1420,1423,1421
1424,1405,1425
1424,1404,1405
1424,664,1404
1424,1425,1426
1427,1413,1414
1428,1429,1430
1428,1410,1407
1428,1430,1410
1431,1432,1433
1431,427,423
1431,1433,1434
1431,1434,427
1431,423,641
1435,1423,1420
1435,1436,1423
1435,1420,1411
1437,671,668
1437,1424,1426
1437,664,1424
1437,668,664
1438,1429,1419
1438,1430,1429
1438,650,649
1438,649,1430
1438,1419,650
1439,1440,1441
1439,1415,1418
1439,1441,1415
1442,1443,1444
1442,1411,1443
1442,1444,1445
1442,1435,1411
1446,1440,1439
1446,1418,637
1446,1439,1418
1447,1448,1449
1447,1449,1450
1451,673,409
1451,409,602
1451,1452,1453
1451,602,1452
1454,1455,1456
1457,1442,1445
1458,1451,1453
1459,1460,1454
1461,641,660
1461,1431,641
1461,660,662
1461,662,1462
1461,1432,1431
1461,1462,1432
1463,683,680
1464,636,646
1464,1440,1446
1464,637,636
1464,1446,637
1465,1430,649
1466,1442,1457
1467,643,427
1467,1433,1432
1467,1434,1433
1467,427,1434
1468,1469,1436
1468,1470,1469
1468,1466,1470
1468,1442,1466
1468,1436,1435
1468,1435,1442
1471,648,653
1471,653,657
1471,1465,649
1471,649,648
1472,1473,1465
1474,1465,1471
1474,1472,1465
1475,430,1398
1475,660,430
1476,1467,1432
1476,1477,1467
1476,1432,1462
1478,1470,1466
1478,1466,1457
1478,1479,1470
1480,1479,1478
1480,1481,1479
1480,1457,1482
1480,1478,1457
1483,1484,1485
1483,1486,1484
1487,678,1488
1487,679,678
1487,1481,1480
1487,1482,679
1487,1488,1481
1487,1480,1482
1489,1490,661
1489,661,660
1489,660,1475
1491,670,671
1491,671,1486
1491,1486,1483
1492,662,661
1492,1493,1477
1492,1462,662
1492,1477,1476
1492,1476,1462
1494,1441,1440
1495,1489,1475
1495,1490,1489
1495,1496,1490
1497,657,665
1497,666,669
1497,669,672
1497,665,666
1497,1471,657
1498,1495,1475
1498,1496,1495
1498,1499,1496
1500,1471,1497
1500,1474,1471
1501,647,654
1501,646,647
1501,654,658
1501,1440,1464
1501,1464,646
1502,1500,1497
1503,1504,1505
1506,1491,1483
1506,1485,1507
1506,1507,1508
1506,1483,1485
1509,673,1510
1509,70,69
1509,69,673
1509,1511,1512
1509,1510,1511
1513,661,1490
1513,1492,661
1513,1493,1492
1514,1512,1515
1514,70,1509
1514,1509,1512
1516,1513,1490
1516,1490,1496
1516,1493,1513
1517,1488,678
1517,1481,1488
1518,1519,1520
1518,1520,1521
1522,1523,1524
1522,690,689
1522,692,690
1522,1525,1526
1522,1527,1525
1522,689,1528
1522,694,692
1522,1524,1527
1529,1491,1506
1530,1493,1516
1530,1516,1496
1530,1496,1499
1530,1499,1531
1532,1518,1521
1533,1517,678
1534,1456,1494
1535,1491,1529
1536,1532,1528
1537,1538,1539
1537,1477,1493
1537,1540,1541
1537,1541,1538
1542,1494,1440
1542,1534,1494
1543,1506,1508
1543,1544,1545
1543,1529,1506
1543,710,1529
1543,1508,1544
1546,678,677
1546,1533,678
1546,677,1547
1548,1517,1533
1549,1545,191
1549,188,710
1549,710,1543
1549,1543,1545
1549,191,188
1550,1548,1533
1551,1546,1547
1552,1528,689
1552,1536,1528
1552,689,688
1553,1514,1515
1553,70,1514
1554,1552,688
1554,1536,1552
1555,1533,1546
1555,1550,1533
1556,1555,1546
1556,1546,1551
1557,695,694
1557,704,695
1557,694,1522
1557,1526,1558
1557,707,704
1557,1522,1526
1557,708,707
1559,1456,1534
1560,1554,688
1561,1535,1529
1562,1563,1456
1562,1456,1559
1564,1537,1493
1564,1540,1537
1564,1565,1540
1566,1560,688
1566,688,691
1566,691,696
1566,717,1567
1566,1568,1560
1566,696,717
1569,1570,1571
1569,1530,1531
1569,1531,1570
1572,1573,1565
1572,1564,1493
1572,1565,1564
1574,1559,1534
1574,1575,1576
1574,1542,1575
1574,1534,1542
1577,1578,698
1579,1580,1581
1579,1582,1580
1579,1583,1582
1579,1581,1584
1585,710,718
1585,1561,1529
1585,718,733
1585,1529,710
1586,716,720
1586,717,716
1586,1587,1567
1586,1567,717
1588,1589,1590
1588,1591,1589
1592,1561,1585
1593,1583,1579
1594,1593,1579
1594,720,1593
1594,1586,720
1595,1591,1588
1595,1588,1596
1595,1596,1597
1598,1580,1582
1598,1582,1583
1599,1559,1574
1599,1574,1576
1599,1562,1559
1600,1601,1598
1602,1597,1603
1602,1595,1597
1602,1603,1604
1602,1591,1595
1602,1605,1591
1606,1600,1598
1607,1606,1598
1608,1607,1598
1609,1608,1598
1610,1609,1598
1611,1610,1598
1612,1611,1598
1613,1598,1583
1613,1583,1593
1613,1612,1598
1613,1593,720
1614,1615,1616
1614,1616,1575
1614,1575,1542
1614,1542,1440
1617,727,1618
1619,1602,1604
1620,1614,1440
1620,1615,1614
1621,746,1622
1621,1615,1620
1621,1623,1615
1621,1624,1623
1621,1625,1624
1621,1626,1625
1621,1622,1626
1621,1620,1440
1627,1628,1573
1627,1629,1628
1627,1573,1572
1630,1540,1565
1631,1629,1627
1631,1627,1632
1633,1602,1619
1633,1605,1602
1633,1634,1605
1635,721,697
1635,697,705
1635,705,712
1636,1634,1633
1636,1633,1619
1636,1637,1638
1636,726,1637
1636,1638,1634
1636,1619,726
1639,1565,1573
1639,1630,1565
1640,743,1641
1640,1641,1590
1640,1590,1589
1640,1589,1591
1642,723,1643
1642,719,723
1642,720,719
1642,1613,720
1644,1645,1646
1644,1646,1647
1644,1647,1648
1644,1649,1645
1650,1644,1648
1651,1592,1585
1651,733,754
1651,1652,1592
1651,1585,733
1653,1632,1654
1653,1629,1631
1653,1631,1632
1655,1654,1656
1655,1629,1653
1655,1656,1657
1655,1653,1654
1658,1642,1643
1658,1659,1642
1660,721,1635
1660,1643,723
1660,723,721
1661,714,715
1661,1662,1663
1661,1663,714
1664,1641,743
1664,1657,1641
1665,1658,1643
1665,1643,737
1665,736,735
1665,1659,1658
1665,735,1666
1665,737,736
1667,1660,1635
1668,1667,1635
1668,1635,712
1669,1667,1668
1670,1671,1666
1670,1666,735
1672,712,714
1672,1668,712
1672,714,1663
1673,1664,743
1673,1674,1657
1673,1657,1664
1675,1670,735
1676,1669,1668
1676,1668,1672
1677,1661,1678
1677,1679,1662
1677,1662,1661
1677,1680,1679
1681,1682,1652
1681,1678,1682
1683,1629,1655
1683,1655,1657
1683,1657,1674
1684,1675,735
1684,735,734
1684,734,739
1684,739,1685
1686,1684,1685
1687,1573,1628
1687,1628,1629
1688,1678,1681
1688,1689,1690
1688,1677,1678
1688,1690,1680
1688,1680,1677
1691,1692,1687
1691,1687,1629
1693,1683,1674
1693,1674,1694
1695,1629,1683
1695,1693,1694
1695,1683,1693
1696,1674,1673
1696,743,742
1696,1673,743
1697,1616,1615
1697,1575,1616
1697,1576,1575
1697,1615,1623
1698,1622,746
1698,1623,1624
1698,1576,1697
1698,1624,1625
1698,1625,1626
1698,1626,1622
1698,1697,1623
1699,226,225
1699,232,226
1699,1599,1576
1699,235,234
1699,241,235
1699,234,232
1700,1685,739
1701,737,1643
1701,740,737
1702,1694,1674
1702,1674,1696
1703,1700,739
1703,739,757
1703,757,761
1704,229,1705
1704,1706,1689
1704,1689,1688
1704,752,229
1704,1705,1706
1707,765,741
1707,770,765
1707,741,740
1707,740,1701
1707,1701,1708
1709,1703,761
1710,1707,1708
1710,1711,1712
1710,770,1707
1710,1708,1711
1713,1709,761
1713,1714,1709
1715,1695,1694
1715,1694,1716
1717,1710,1712
1717,1718,770
1717,770,1710
1717,1719,1718
1720,761,760
1720,1713,761
1721,73,72
1721,1692,1722
1723,1720,760
1724,1716,1694
1725,760,759
1725,763,766
1725,759,763
1725,1726,760
1727,1715,1716
1728,1729,1726
1728,1726,1725
1730,770,1718
1730,769,770
1730,1731,769
1730,1718,1719
1732,1722,1727
1733,1732,1727
1733,1727,1716
1733,1734,1735
1733,1735,1732
1733,1716,1724
1736,1730,1719
1737,1699,1576
1737,260,256
1737,1576,1698
1737,746,260
1737,1698,746
1738,1722,1732
1738,73,1721
1738,1721,1722
1738,74,73
1739,1736,1719
1739,1719,1740
1741,211,212
1741,212,215
1741,215,216
1741,216,218
1741,775,751
1741,751,750
1741,750,211
1742,1743,1744
1742,1740,1743
1745,1739,1740
1745,1740,1742
1746,768,771
1746,766,768
1746,771,772
1746,772,773
1746,1725,766
1747,1732,1735
1747,1738,1732
1747,74,1738
1747,75,74
1748,1728,1725
1748,1725,1746
1749,253,248
1749,756,774
1749,248,756
1749,774,776
1749,776,777
1749,777,258
1749,258,253
1750,1748,1746
1751,1750,1746
1752,1751,1746
1753,1731,1730
1753,1739,1745
1753,1736,1739
1753,1730,1736
1754,1745,1742
1754,1753,1745
1755,1753,1754
1756,1754,1742
1756,1742,1744
1756,1744,1757
1758,1755,1754
1759,1760,1761
1759,784,783
1759,786,784
1759,788,786
1762,1756,1757
1763,1758,1754
1764,1763,1754
1764,1754,1756
1765,1762,1757
1765,1757,1766
1767,1756,1762
1767,1764,1756
1767,1762,1765
1768,1769,1770
1768,1770,783
1768,783,782
1771,775,1741
1772,1768,782
1773,792,790
1773,1759,1761
1773,788,1759
1773,1761,1774
1773,1774,1775
1773,790,788
1776,1772,782
1777,271,781
1777,780,775
1777,274,271
1777,781,780
1778,274,1777
1778,1777,775
1778,775,1771
1779,275,274
1779,1778,1771
1779,274,1778
1780,123,793
1780,124,123
1780,793,1781
1782,243,247
1783,1780,1781
1784,1781,1785
1784,1785,1786
1784,1783,1781
1784,1786,1787
1788,124,1780
1788,125,124
1788,126,125
1788,1780,1783
1788,1784,126
1788,1783,1784
1789,247,252
1789,1782,247
1789,252,257
1790,127,126
1790,126,1784
1790,1784,1787
1791,1782,1789
1792,1791,1789
1793,1792,1789
1793,1789,257
1794,257,261
1794,1793,257
1794,261,794
1794,794,796
1794,796,801
1794,801,1793
1795,1792,1793
1795,1793,801
1795,1791,1792
1796,273,276
1796,798,272
1796,272,273
1796,800,798
1797,800,1796
1797,1796,276
1797,277,280
1797,280,281
1797,276,277
1798,130,129
1799,1795,801
1799,1800,1795
1799,801,804
1799,804,802
1799,1798,1800
1801,433,799
1801,800,1797
1801,1797,281
1801,281,283
1801,799,800
1801,283,433
1802,436,68
1802,68,136
1802,810,436
1802,136,810
1803,811,137
1804,811,1803
1804,813,811
1805,1,1806
1805,1806,1807
1808,815,812
1808,845,815
1808,812,814
1809,448,449
1809,442,443
1809,443,444
1809,445,446
1809,450,451
1809,444,445
1809,447,448
1809,449,450
1809,446,447
1810,1807,1806
1811,1812,1813
1811,845,1808
1811,1808,814
1811,1814,1812
1811,1813,845
1815,821,820
1815,1816,821
1817,1818,1819
1820,1811,814
1820,1814,1811
1821,367,368
1821,368,369
1821,369,370
1821,370,371
1821,365,366
1821,362,363
1821,371,846
1821,361,362
1821,356,357
1821,357,358
1821,358,359
1821,359,360
1821,360,361
1821,366,367
1821,363,364
1821,364,365
1822,1814,1820
1822,814,1823
1822,1820,814
1824,1814,1822
1824,1822,1823
1824,1825,1826
1824,1826,1827
1824,1823,1825
1824,1827,1828
1829,856,855
1830,1829,855
1830,1817,1829
1830,1818,1817
1831,857,854
1831,854,856
1831,820,897
1831,856,1815
1831,897,857
1831,1815,820
1832,864,865
1832,860,861
1832,21,22
1832,522,21
1832,858,859
1832,862,863
1832,865,866
1832,859,860
1832,861,862
1832,867,868
1832,868,869
1832,866,867
1832,869,870
1832,22,858
1832,863,864
1833,29,878
1833,27,28
1833,28,29
1833,877,27
1833,1834,877
1835,1833,878
1835,878,879
1836,879,880
1836,1835,879
1837,1838,522
1837,522,1832
1839,42,43
1839,43,44
1839,44,45
1839,880,42
1840,1839,45
1840,45,46
1841,1837,1832
1842,1838,1837
1843,855,925
1843,1830,855
1843,1818,1830
1844,1842,1837
1845,882,884
1845,884,885
1845,885,886
1845,886,887
1845,883,882
1845,887,888
1845,888,889
1845,889,890
1845,890,891
1845,891,892
1845,892,893
1845,893,910
1846,1837,1841
1846,1844,1837
1847,883,1845
1847,1845,910
1848,1818,1843
1849,1850,894
1849,894,881
1851,1850,1849
1852,883,1847
1852,896,883
1853,1850,1851
1854,1850,1853
1855,1856,1857
1855,1857,1858
1859,1860,1861
1862,1859,1861
1863,896,1852
1863,895,896
1864,1863,1852
1865,1852,1847
1865,1864,1852
1866,1861,1867
1866,1862,1861
1868,48,49
1868,1867,48
1869,1847,910
1869,1865,1847
1870,894,1850
1870,910,894
1871,1870,1850
1872,1871,1850
1873,1872,1850
1874,1873,1850
1875,1874,1850
1876,1875,1850
1877,1867,1868
1877,1866,1867
1878,1876,1850
1879,1856,1855
1880,1855,1881
1880,1879,1855
1882,1879,1880
1883,49,50
1883,50,51
1883,51,52
1883,1868,49
1884,1877,1868
1884,1868,1883
1885,1880,1886
1885,1886,1887
1885,1882,1880
1885,1888,1882
1889,1879,1882
1889,1856,1879
1889,1882,1888
1890,1891,1892
1890,1893,1894
1890,1894,1895
1890,1896,1897
1890,1898,1899
1890,1895,1896
1890,1878,1850
1890,1900,1901
1890,1858,1857
1890,1902,1903
1890,1904,1905
1890,1899,1906
1890,1906,1902
1890,1903,1900
1890,1892,1893
1890,1907,1908
1890,1901,1909
1890,1909,1907
1890,1897,1910
1890,1908,1911
1890,1911,1904
1890,1910,1858
1890,1850,1898
1890,1905,1891
1912,1890,1857
1912,1857,1856
1912,1856,1889
1913,1889,1888
1913,1912,1889
1914,1814,1824
1915,1863,1864
1916,1890,1912
1916,1912,1913
1917,1878,1890
1918,1916,1913
1919,1918,1913
1919,1913,1888
1920,955,954
1920,956,955
1920,957,956
1920,958,957
1920,959,958
1920,911,895
1920,960,959
1920,1863,1915
1920,961,960
1920,938,911
1920,962,938
1920,963,962
1920,964,963
1920,965,964
1920,966,965
1920,967,966
1920,895,1863
1920,954,967
1921,1919,1888
1922,1869,910
1923,1924,1848
1923,1843,925
1923,1848,1843
1925,970,1869
1925,1869,1922
1925,971,970
1926,1883,52
1926,1884,1883
1927,968,961
1927,961,1920
1927,1920,1915
1928,968,1927
1929,968,1928
1930,968,1929
1931,968,1930
1932,968,1931
1933,968,1932
1934,968,1933
1935,968,1934
1936,968,1935
1937,968,1936
1938,968,1937
1939,968,1938
1940,968,1939
1941,970,969
1941,968,1940
1942,1884,1926
1943,1944,1945
1946,1942,1926
1947,1946,1926
1947,975,977
1947,55,975
1947,52,53
1947,53,54
1947,54,55
1947,1926,52
1948,1942,1946
1948,1949,1942
1950,1951,1952
1953,937,926
1953,926,941
1953,941,942
1953,942,943
1953,943,944
1953,944,945
1953,945,946
1953,946,947
1953,947,948
1953,953,972
1953,948,949
1953,949,950
1953,950,951
1953,951,952
1953,952,953
1954,1955,1945
1954,969,971
1954,971,1955
1956,1924,1923
1956,925,1957
1956,1923,925
1958,1959,1960
1961,1949,1948
1962,1958,1960
1962,1960,1963
1964,1963,1965
1964,1962,1963
1964,1966,1962
1964,1967,1966
1968,936,937
1968,1953,972
1968,937,1953
1969,1949,1961
1969,1970,1971
1972,1971,1973
1972,1964,1965
1972,1973,1967
1972,1967,1964
1972,1965,1969
1972,1969,1971
1974,974,985
1974,1957,925
1974,925,857
1974,857,974
1975,969,1976
1975,1977,1978
1975,1979,1977
1975,973,968
1975,1941,969
1975,968,1941
1975,1978,973
1980,1981,1982
1983,1966,1967
1983,1967,1973
1983,1982,1966
1984,1980,1982
1984,1982,1983
1985,928,927
1985,927,929
1985,929,930
1985,930,931
1985,931,932
1985,932,933
1985,933,934
1985,934,935
1985,935,936
1985,984,974
1985,1986,984
1985,936,1968
1985,1987,1986
1985,898,912
1985,1988,1987
1985,912,913
1985,1989,1988
1985,913,914
1985,914,915
1985,1968,990
1985,915,916
1985,916,917
1985,917,918
1985,918,919
1985,919,920
1985,920,921
1985,974,898
1985,921,922
1985,922,923
1985,923,924
1985,924,939
1985,939,940
1985,940,928
1990,1969,1961
1990,1970,1969
1991,1983,1973
1991,1973,1971
1991,1984,1983
1992,1974,985
1992,1957,1974
1993,1994,1995
1996,1997,1998
1999,2000,2001
2002,1991,2003
2004,1999,2001
2005,2006,994
2005,994,986
2007,2002,2003
2007,1997,1996
2007,2008,2002
2007,1996,2008
2007,2003,1997
2009,2001,2010
2009,2004,2001
2011,983,57
2011,57,58
2011,58,59
2012,1999,2004
2013,1989,1985
2013,990,989
2013,1985,990
2014,2015,2016
2017,2004,2009
2017,2012,2004
2018,2019,2020
2021,2017,2009
2022,1006,1000
2022,533,1006
2023,2018,2020
2024,1951,2025
2024,987,534
2024,2025,987
2024,534,533
2024,533,2022
2026,1989,2013
2026,2013,989
2027,2028,2018
2027,2018,2023
2029,2027,2023
2030,979,988
2030,1990,977
2030,977,976
2030,988,2031
2030,976,979
2030,1970,1990
2032,2033,2034
2032,2035,2036
2032,2034,2037
2032,2036,2033
2038,2032,2037
2039,2038,2037
2040,2039,2037
2040,2037,2041
2042,2003,1991
2042,1971,1970
2042,1991,1971
2043,1992,985
2043,985,984
2044,2041,2045
2044,2040,2041
2046,2030,2031
2046,1970,2030
2047,2043,984
2047,984,1986
2047,1986,1987
2047,1987,1988
2047,1988,1989
2047,1989,2026
2048,994,2006
2049,991,1995
2049,995,991
2049,1995,1994
2050,2051,2052
2050,2053,2051
2050,1013,2053
2050,2052,2054
2050,1014,1013
2050,2044,2045
2055,2006,1992
2055,2043,2056
2055,1992,2043
2055,2048,2006
2057,1000,1003
2057,1014,2050
2057,2050,2045
2057,1003,1014
2058,983,2011
2058,988,983
2058,2031,988
2059,2042,1970
2059,1970,2046
2059,1047,2042
2060,995,2049
2061,2058,2011
2061,2011,59
2061,59,60
2062,997,2063
2062,998,997
2064,2003,2042
2064,2042,1047
2065,999,2003
2065,2003,2064
2065,1008,999
2066,2067,2047
2068,2066,2047
2069,2048,2055
2069,2055,2056
2070,2068,2047
2071,1018,994
2071,994,2048
2071,2048,2069
2071,1030,1027
2071,1025,1018
2071,1026,1025
2071,1027,1026
2072,2058,2061
2073,2064,1047
2073,2065,2064
2073,1008,2065
2074,2063,997
2074,997,996
2074,996,1005
2075,2076,2077
2075,2077,2074
2078,995,2060
2078,2060,2079
2080,2046,2031
2080,1048,1047
2080,2059,2046
2080,1047,2059
2081,2073,1047
2081,1008,2073
2081,1047,1046
2081,1020,1008
2082,1035,1033
2082,2069,2056
2082,1042,1038
2082,1043,1042
2082,2071,2069
2082,1030,2071
2082,1031,1030
2082,1038,1035
2082,1033,1031
2083,1044,1043
2083,1043,2082
2083,2082,2056
2084,1044,2083
2084,2083,2056
2085,1045,1044
2085,2084,2056
2085,1044,2084
2086,1003,1002
2086,1019,1014
2086,1014,1003
2087,2074,1005
2087,2075,2074
2087,1005,1007
2087,1007,1011
2088,1046,2089
2088,1020,2081
2088,2081,1046
2090,1045,2085
2090,2085,2056
2091,2090,2056
2092,2090,2091
2093,1053,2090
2093,2090,2092
2094,2095,2087
2094,1011,1015
2094,2087,1011
2094,1015,1020
2096,2094,1020
2097,2096,1020
2098,1013,1012
2098,1012,1016
2098,1016,1019
2099,1020,2088
2099,2088,2089
2099,2100,2097
2099,2097,1020
2101,2102,2103
2104,2098,1019
2105,1045,2090
2105,2090,1053
2106,2104,1019
2107,1052,1051
2107,1051,1053
2107,1053,2093
2107,1056,1052
2107,2093,2108
2109,1045,2105
2109,2105,1053
2109,1049,1045
2109,1053,1049
2110,2108,2101
2110,1056,2107
2110,2107,2108
2111,2112,2095
2113,1046,1048
2114,2115,1081
2116,2117,2118
2119,2099,2089
2119,2089,2120
2119,2100,2099
2121,2089,1046
2121,1046,2113
2121,2113,2116
2121,2116,2118
2121,2120,2089
2122,1082,1081
2122,2115,2111
2122,1081,2115
2123,2114,1081
2123,2124,2114
2125,1081,1080
2125,2123,1081
2125,1080,2126
2125,2126,2123
2127,1060,2128
2127,1078,1061
2127,1061,1060
2129,1078,2127
2130,2126,1080
2131,2100,2119
2131,2119,2120
2132,1077,1078
2132,1078,2129
2133,2134,575
2133,575,577
2133,577,578
2133,578,1086
2135,1064,1083
2135,1066,1064
2135,1083,1099
2136,1082,2122
2136,2122,2100
2137,2138,1077
2137,2132,2139
2137,1077,2132
2140,2100,2131
2140,2136,2100
2141,2142,2118
2141,2118,2117
2141,2117,2143
2144,1077,2138
2144,1075,1077
2145,2144,2138
2145,1075,2144
2145,1079,1075
2146,1099,1098
2146,2135,1099
2146,1066,2135
2146,1067,1066
2147,2139,2148
2149,2146,1098
2149,1067,2146
2150,1084,1068
2150,1067,2149
2150,1068,1067
2151,1095,1094
2151,2130,1080
2152,62,63
2152,63,1138
2153,1079,2145
2153,1083,1079
2153,1099,1083
2154,2152,1138
2154,1138,1137
2155,2156,2157
2158,1082,2136
2158,2140,2159
2158,2136,2140
2160,1084,2150
2160,2149,1098
2160,2150,2149
2161,1080,1082
2162,2138,2163
2162,2163,2164
2165,2138,2162
2166,2118,2142
2166,2121,2118
2166,2120,2121
2167,2165,2162
2168,2169,2170
2171,1088,1084
2171,1084,2160
2171,2160,1098
2172,2161,1082
2172,1082,2158
2173,2161,2172
2174,2161,2173
2175,1080,2161
2175,1095,2151
2175,2161,2174
2175,2151,1080
2176,2159,2177
2176,2158,2159
2176,2172,2158
2178,2154,1137
2179,2180,2167
2181,2171,1098
2181,1098,1107
2182,1105,2183
2184,1149,2174
2184,2177,1149
2184,2173,2172
2184,2174,2173
2184,2176,2177
2184,2172,2176
2185,2182,2183
2186,2171,2181
2186,2181,1107
2186,1088,2171
2187,1108,1087
2187,1127,1126
2187,1128,1127
2187,1116,1128
2187,1117,1116
2187,1126,1108
2187,1087,1088
2188,1100,2189
2190,2188,2189
2190,2189,2191
2192,2174,1149
2192,2175,2174
2192,1095,2175
2193,148,1076
2193,153,151
2193,1076,2194
2193,154,153
2193,151,148
2195,1117,2187
2195,2187,1088
2195,1119,1117
2195,1107,1119
2195,2186,1107
2195,1088,2186
2196,2188,2190
2197,1095,2192
2197,1135,1103
2197,1149,1135
2197,1093,1095
2197,2192,1149
2197,1103,1093
2198,1089,1090
2198,1090,1091
2198,1085,1089
2199,2198,1091
2199,1091,1092
2199,1092,1096
2200,1106,1097
2201,2202,2199
2201,2199,1096
2201,1096,1101
2203,2202,2201
2203,1101,1120
2203,2201,1101
2203,1122,2202
2203,1120,1122
2204,1107,1106
2205,1106,2200
2206,1107,2204
2207,2204,1106
2207,1106,2205
2208,2209,2210
2211,1107,2206
2212,1119,1107
2212,2211,2213
2212,1131,1119
2212,1107,2211
2214,1129,1136
2214,2215,1129
2214,1136,1141
2214,1141,2216
2217,586,1109
2217,1109,1110
2217,1112,1134
2217,1110,1111
2217,1113,1112
2217,1111,1113
2217,1120,586
2218,2166,2142
2218,2219,2166
2220,1137,1161
2220,2178,1137
2221,2222,2223
2221,2224,2222
2221,2225,2226
2221,2227,2224
2221,2226,2227
2228,2225,2221
2228,2229,2225
2230,2229,2228
2231,2232,2216
2231,2233,2232
2231,2216,1141
2231,1141,1140
2234,2229,2230
2235,2233,2231
2235,2231,1140
2236,2229,2234
2237,2238,2239
2240,1173,2241
2240,1161,1173
2240,2220,1161
2242,2243,2229
2242,2229,2236
2244,1120,2217
2244,2245,2246
2244,1123,1120
2244,2247,2245
2244,2248,2247
2244,2246,2249
2244,2250,1123
2244,2249,2250
2251,2243,2242
2252,2235,1140
2252,1154,2253
2252,1140,1154
2254,1149,2177
2255,2243,2251
2255,2256,2243
2257,1132,1131
2257,1131,2258
2259,1132,2257
2260,2261,2253
2260,2262,2261
2263,392,391
2263,389,392
2264,2241,1173
2264,1173,1172
2264,2218,2142
2264,2142,2241
2265,1133,1132
2265,1118,1133
2265,1132,2259
2265,1156,1144
2265,1144,1118
2266,1148,1149
2266,1149,2254
2267,2268,2269
2267,2270,2268
2267,2271,2270
2267,2272,2271
2273,389,2263
2274,2275,2276
2277,2264,1172
2277,2218,2264
2278,2275,2274
2279,1156,2265
2280,2272,2267
2281,389,2273
2281,390,389
2282,1130,1150
2282,1150,1159
2282,1136,1130
2282,1159,1142
2282,1142,1141
2282,1141,1136
2283,2272,2280
2283,2284,2272
2285,1134,1145
2285,2217,1134
2285,2244,2217
2285,2248,2244
2286,2284,2283
2287,390,2281
2288,2289,2284
2288,2284,2286
2290,2291,2285
2290,1146,1147
2290,1145,1146
2290,2292,2291
2290,2285,1145
2290,1147,1155
2293,2289,2288
2294,390,2287
2294,394,390
2295,2289,2293
2296,394,2294
2297,2292,2290
2298,2266,2254
2298,2254,2299
2300,2289,2295
2301,394,2296
2301,395,394
2302,2298,2303
2302,2266,2298
2302,1148,2266
2302,2303,1152
2302,1152,1148
2304,2246,2245
2304,2245,2247
2304,1121,1123
2304,2247,2248
2304,2305,2306
2304,2249,2246
2304,1123,2250
2304,2250,2249
2307,2269,2268
2307,400,402
2307,395,2301
2307,402,403
2307,2268,2270
2307,403,395
2308,2298,2299
2308,2303,2298
2309,1139,1138
2309,64,1163
2309,1163,1139
2309,63,64
2309,1138,63
2310,2311,2312
2310,2313,2311
2314,2310,2312
2314,2312,2315
2316,2314,2315
2317,2275,2318
2317,2319,2276
2317,2318,2320
2317,2276,2275
2317,2316,2315
2317,2315,2319
2321,1142,1162
2321,2322,1157
2321,1157,1142
2323,2324,1169
2325,2248,2326
2325,2327,2328
2325,2326,2329
2325,2330,2331
2325,2304,2248
2325,2332,2333
2325,2329,2327
2325,2305,2304
2325,2331,2332
2325,2334,2305
2325,2333,2334
2335,2336,2330
2335,2330,2325
2337,2338,2336
2337,2336,2335
2339,2338,2337
2340,2341,2342
2340,2343,2338
2340,2344,2345
2340,2342,2344
2340,2346,2341
2340,2347,2346
2340,2348,2347
2340,2345,2343
2340,2338,2339
2340,2349,2348
2350,2322,2321
2350,2321,1162
2351,1169,2324
2351,2324,2322
2351,2322,2350
2352,144,146
2352,139,142
2352,162,140
2352,142,144
2352,1203,171
2352,146,149
2352,166,162
2352,171,169
2352,140,139
2352,169,166
2353,2354,2355
2356,2323,1169
2357,2353,2306
2358,2357,2306
2359,1169,1168
2359,2356,1169
2360,2351,2350
2360,2350,1162
2361,2352,149
2361,1203,2352
2362,2356,2359
2363,2303,2308
2363,2308,2277
2363,2364,2303
2363,2277,1172
2363,1174,2365
2363,1172,1174
2363,2365,2364
2366,1169,2351
2366,1167,1169
2366,2351,2360
2367,2358,2306
2367,2333,2332
2367,2306,2305
2367,2305,2334
2367,2334,2333
2368,149,150
2368,1203,2361
2368,150,1165
2368,2361,149
2369,2366,2360
2370,2371,2362
2372,2358,2367
2373,2374,2375
2373,2317,2320
2373,2320,2376
2373,2376,2374
2377,2331,2330
2377,2332,2331
2377,2336,2338
2377,2330,2336
2377,2372,2367
2377,1177,2372
2377,2367,2332
2378,1195,1197
2379,1178,1177
2379,2377,2338
2379,2342,2341
2379,2338,2343
2379,1177,2377
2379,2345,2344
2379,2344,2342
2379,2341,2346
2379,2346,2347
2379,2349,1178
2379,2347,2348
2379,2343,2345
2379,2348,2349
2380,2375,2381
2380,2373,2375
2380,2382,2373
2383,1152,2303
2384,2360,1162
2384,2369,2360
2384,1162,1176
2385,1196,1195
2385,1195,2378
2385,1200,1196
2386,1193,1192
2386,2387,1193
2388,2382,2380
2388,2380,2381
2388,2381,2386
2389,1167,2366
2389,2366,2369
2389,2369,2384
2390,2372,1177
2391,1189,1182
2391,2392,1189
2393,1166,161
2393,1165,1166
2393,2394,2395
2393,161,393
2396,1167,2389
2397,1191,1193
2398,1167,2396
2399,2384,1176
2399,2389,2384
2399,1176,1190
2400,2396,2389
2400,2389,2399
2401,2386,1192
2401,2402,2382
2401,2382,2388
2401,2388,2386
2403,2303,2364
2403,2383,2303
2403,1170,2383
2404,1191,2397
2405,2406,2407
2408,2400,2399
2409,1202,1200
2409,2410,1205
2409,1205,1202
2409,1200,2385
2411,1190,1170
2412,388,387
2412,384,388
2413,1189,2392
2414,2410,2409
2415,1203,2368
2416,2417,2410
2416,2410,2414
2418,1215,1213
2418,2419,1215
2420,2412,387
2421,2418,1213
2422,2423,2424
2422,2404,2423
2422,1191,2404
2422,2424,2425
2426,385,384
2426,386,385
2426,2393,393
2426,2394,2393
2426,393,386
2426,384,2412
2427,387,399
2427,398,1208
2427,2420,387
2427,399,398
2428,1170,2403
2428,2411,1170
2429,2413,2430
2429,2431,2432
2433,1192,1191
2433,2402,2401
2433,2401,1192
2434,2399,1190
2434,2408,2399
2435,2434,1190
2435,1190,2411
2436,2433,1191
2436,1191,2422
2437,2419,2405
2438,1236,1164
2438,1234,1236
2438,2439,1234
2438,1163,2439
2438,1164,1163
2440,1230,1226
2440,1231,1230
2440,2419,2437
2440,1232,1231
2440,2437,2441
2440,2441,2442
2440,1233,1232
2440,1221,1215
2440,1226,1223
2440,1215,2419
2440,1223,1221
2443,67,1250
2443,1250,1234
2443,66,67
2444,2440,2442
2445,2440,2444
2446,2447,2448
2446,2411,2428
2446,2448,2435
2446,2435,2411
2446,2428,2447
2449,2440,2445
2449,1233,2440
2450,2433,2436
2450,2402,2433
2450,2436,2451
2452,1241,1240
2453,2408,2434
2454,2431,2455
2456,2394,2426
2457,2458,2459
2457,2459,2460
2457,2460,2461
2462,2455,2463
2462,2454,2455
2464,1220,2465
2464,2457,2461
2464,1211,1214
2464,2465,2466
2464,1214,1220
2467,1246,1245
2467,2402,2450
2467,1245,1241
2467,1248,1246
2467,2452,2402
2467,1241,2452
2468,2454,2462
2469,2468,2462
2470,1204,1205
2470,1224,1204
2470,1205,2410
2471,2472,2473
2474,2470,2410
2474,2417,2475
2474,2410,2417
2474,1224,2470
2476,2472,2471
2477,2478,2472
2479,1249,1203
2480,2450,2451
2480,1248,2467
2480,2467,2450
2480,2481,1248
2480,2451,2482
2483,1198,1224
2483,590,404
2483,1260,1257
2483,1257,590
2483,404,1198
2484,1233,2449
2485,2448,2486
2487,397,588
2487,588,589
2487,1208,397
2487,1228,1256
2487,589,1228
2488,2489,2490
2488,2490,2491
2492,2489,2488
2492,2488,2493
2494,2492,2493
2494,2489,2492
2495,2453,2485
2496,2497,2498
2496,2489,2494
2496,2494,2493
2496,2498,2499
2496,2500,2489
2496,2493,2497
2501,2496,2499
2502,2503,2504
2502,1239,2503
2502,1237,1239
2502,1240,1237
2502,2504,2505
2506,2507,2508
2506,2508,2509
2510,2365,1174
2510,1174,1175
2511,1233,2484
2512,2490,2489
2512,2491,2490
2513,2512,2489
2514,2515,2516
2514,2517,2518
2514,2518,2519
2514,2516,2491
2514,2491,2512
2514,2519,2515
2514,2520,2517
2521,2513,2489
2522,2514,2512
2523,2465,1220
2523,1220,1219
2523,1219,1262
2524,2512,2513
2524,2522,2512
2525,2526,2527
2528,2489,2500
2528,2521,2489
2529,1254,1251
2529,1251,1249
2529,1249,2479
2529,2479,2530
2529,2530,2531
2532,2495,2485
2532,2533,2495
2532,2534,2533
2532,2485,2486
2535,2533,2534
2535,2484,2533
2535,2511,2484
2536,1209,1208
2536,1208,2487
2536,2537,2538
2536,2539,2537
2536,2538,1209
2536,2487,1256
2540,2482,2520
2540,2520,2514
2540,2481,2480
2540,2480,2482
2541,2542,2543
2541,2544,2542
2541,2509,2508
2545,2524,2513
2545,2521,2528
2545,2513,2521
2546,2535,2534
2546,2511,2535
2547,2545,2528
2548,2547,2528
2549,2523,1262
2550,187,1254
2550,421,187
2550,2529,2531
2550,2531,2551
2550,1254,2529
2552,2528,2553
2552,2548,2528
2554,2522,2524
2554,2514,2522
2555,2524,2545
2555,2554,2524
2556,2555,2545
2557,2552,2553
2558,2556,2545
2559,2483,1224
2559,1260,2483
2560,2511,2546
2561,2544,2541
2561,2541,2508
2561,2549,1262
2561,2562,2544
2561,1264,2562
2561,2508,2549
2561,1262,1264
2563,2539,2536
2563,2536,1256
2563,1256,1255
2564,1224,2474
2564,1292,1285
2564,2559,1224
2565,2481,2540
2566,1139,1164
2566,1164,1236
2566,1252,1139
2567,2563,1255
2567,1255,1261
2567,1261,1268
2568,1239,1238
2568,1238,1247
2568,2503,1239
2568,1247,1269
2569,2570,2571
2572,2527,2526
2573,2542,2544
2573,2544,2562
2574,2551,2575
2576,1259,1258
2576,591,1259
2576,1268,591
2576,1258,2577
2578,2571,2573
2578,2569,2571
2579,2580,1210
2579,2525,2580
2579,2526,2525
2579,2572,2526
2579,1271,2572
2579,1210,1209
2581,2560,2546
2582,1175,1187
2582,2510,1175
2583,1285,1284
2583,1260,2559
2583,1258,1260
2583,1284,2577
2583,2564,1285
2583,2577,1258
2583,2559,2564
2584,2585,2586
2587,2578,2573
2587,1264,1263
2587,2573,2562
2587,2562,1264
2588,2560,2581
2589,2590,2578
2589,2578,2587
2591,2486,2448
2592,2589,2587
2593,2584,2586
2594,2588,2581
2595,2551,2574
2595,421,2550
2595,2550,2551
2595,413,421
2596,2448,2447
2596,2591,2448
2597,2598,2599
2597,2600,2598
2601,2602,2596
2601,2447,2603
2601,2596,2447
2604,1268,2576
2604,2576,2577
2604,2577,1284
2604,1284,1283
2605,2603,2510
2605,2510,2582
2606,2601,2603
2606,2603,2605
2607,2534,2608
2607,2546,2534
2607,2581,2546
2607,2594,2581
2609,2610,2611
2609,594,1280
2609,1277,2610
2609,1280,1277
2612,2587,1263
2612,1263,1265
2612,2592,2587
2613,1283,1377
2613,2604,1283
2614,2612,1265
2614,1265,1267
2614,1267,2615
2616,2594,2607
2617,1332,2614
2617,2614,2615
2618,2596,2602
2618,2591,2596
2619,2612,2614
2619,2614,1332
2620,2621,2622
2620,2606,2605
2620,2605,2582
2623,1280,594
2623,1282,1280
2624,2591,2618
2624,2486,2591
2625,2602,2601
2625,2601,2606
2625,2620,2622
2625,2606,2620
2626,1302,1296
2627,596,2628
2627,2629,596
2630,1282,2623
2631,1282,2630
2631,1279,1281
2631,1281,1282
2632,2630,2623
2633,599,1294
2633,600,599
2634,1332,2617
2634,2617,2615
2635,1302,2636
2635,2631,2637
2635,1303,1302
2635,2636,1278
2635,1279,2631
2635,1278,1279
2638,2639,2640
2638,2640,1295
2641,2640,2642
2641,1295,2640
2641,1294,1295
2641,2642,1294
2643,597,596
2643,596,2629
2644,606,600
2644,2633,2645
2644,600,2633
2646,426,418
2647,2648,2649
2647,2650,2651
2647,2652,2650
2647,2649,2652
2647,2653,2654
2655,1332,2634
2655,1331,1332
2656,2657,597
2656,597,2643
2656,2643,2658
2659,1286,424
2659,2660,1286
2659,426,2646
2659,424,426
2661,1331,2655
2662,1416,1253
2662,1417,1416
2662,637,1418
2662,1252,2566
2662,1253,1252
2662,1418,1417
2663,2616,2607
2663,2607,2608
2663,2608,2664
2665,2649,2648
2665,1295,1293
2665,2648,2638
2665,2638,1295
2666,2667,2651
2666,2651,2650
2668,2650,2652
2668,2652,2649
2668,2666,2650
2668,2669,2666
2670,2616,2663
2671,2626,1296
2671,1296,616
2671,1321,1310
2671,2672,2626
2671,616,1321
2671,1310,1289
2673,597,2657
2673,2657,2674
2675,2676,2677
2675,2669,2668
2675,2678,2676
2675,2679,2678
2675,2677,2669
2675,2680,2679
2675,2681,2680
2682,593,597
2682,597,2673
2683,2673,2684
2683,2682,2673
2685,2684,2686
2685,2683,2684
2687,2668,2649
2687,2675,2668
2687,2681,2675
2687,1306,2681
2687,1307,1306
2687,1308,1307
2687,2649,2665
2687,1300,1308
2687,2665,1293
2687,1293,1299
2687,1299,1300
2688,2685,2686
2689,1207,1217
2689,1243,1253
2689,1217,1243
2690,2618,2602
2690,2608,2624
2690,2624,2618
2691,2692,2693
2694,1304,1303
2694,1303,2635
2694,2635,2637
2694,1325,1304
2695,1330,1329
2695,2696,2697
2695,2661,2696
2695,1329,1331
2695,1331,2661
2698,2693,2692
2698,2699,2700
2698,2700,2693
2701,606,2644
2701,1328,1334
2701,1336,606
2701,1334,1337
2701,2644,2619
2701,1337,1336
2701,2619,1332
2701,1332,1328
2702,2695,2697
2702,1330,2695
2702,1345,1344
2702,1344,1330
2702,1365,1345
2703,1365,2702
2703,1373,1372
2703,1372,1365
2703,2702,2697
2704,2705,2637
2704,2699,2698
2704,2637,2699
2706,1326,1325
2706,1325,2694
2707,2625,2622
2707,2602,2625
2707,1455,2602
2708,2709,2705
2708,2705,2704
2710,1314,1315
2710,1315,1316
2711,2709,2708
2711,2708,2712
2713,2710,1316
2713,1316,1317
2713,2714,2710
2713,1317,1318
2715,1367,2714
2715,2714,2713
2715,1318,1319
2715,2713,1318
2715,1319,1367
2716,1369,1360
2716,1339,1340
2716,1360,1339
2717,2710,2714
2717,2718,2710
2719,2706,2720
2719,1326,2706
2719,2720,612
2719,611,1326
2719,612,611
2721,2711,2712
2722,2608,2690
2722,2723,2664
2722,2664,2608
2724,1375,1412
2724,2725,1376
2724,1376,1375
2726,614,612
2727,1353,1351
2727,1358,1353
2727,2717,2714
2727,2728,2717
2729,1359,1358
2729,1362,1359
2729,1358,2727
2729,2727,2714
2730,2714,1367
2730,1363,1362
2730,2729,2714
2730,1362,2729
2730,1367,1363
2731,2703,2670
2731,2670,2663
2731,1373,2703
2731,1394,1373
2732,2726,2733
2732,2734,614
2732,2735,2734
2732,614,2726
2736,1348,182
2736,182,184
2737,2733,2738
2737,2735,2732
2737,2732,2733
2739,2731,2663
2739,2663,2664
2739,1394,2731
2740,614,2734
2741,2735,2737
2742,415,412
2742,184,186
2742,2736,184
2742,186,415
2743,1327,1342
2743,2744,1327
2743,2745,2744
2743,1342,611
2746,2747,613
2746,2740,2748
2746,614,2740
2746,613,614
2749,1377,1283
2749,1323,1338
2749,1283,1322
2749,1322,1323
2750,2751,2752
2750,2753,2754
2750,2754,2751
2750,2752,2755
2750,2756,2757
2750,2757,2753
2758,613,2747
2758,2759,613
2760,2761,2762
2760,2762,2763
2764,2761,2760
2764,2756,2750
2764,2765,2761
2764,2766,2765
2764,2760,2756
2767,2762,2761
2767,2761,2765
2767,2765,2766
2768,1375,1377
2768,1377,2749
2769,2770,2767
2771,1338,1347
2772,1385,1387
2772,1387,1391
2772,2750,2755
2772,1355,1354
2772,2755,1355
2772,1357,1385
2772,1354,1357
2772,2764,2750
2772,2766,2764
2773,618,615
2773,1347,618
2773,615,622
2773,2771,1347
2774,2775,2776
2777,2768,2749
2778,2767,2766
2779,2772,1391
2779,2778,2766
2779,1391,1393
2779,2766,2772
2780,2724,1412
2781,2779,1393
2781,2778,2779
2782,2749,1338
2782,2783,2777
2782,2777,2749
2782,1338,2771
2784,2782,2771
2785,2786,2787
2788,2789,2689
2790,2784,2771
2790,2771,2773
2791,2781,1393
2791,2792,2781
2793,2794,2791
2793,1393,1392
2793,1392,2794
2793,2791,1393
2795,2790,2773
2795,2773,622
2795,622,1400
2795,2796,2790
2795,1400,2796
2797,2707,2622
2797,1455,2707
2797,1456,1455
2798,1399,1368
2798,1384,1388
2798,1388,2799
2798,1370,1381
2798,1425,1405
2798,1368,1370
2798,1381,1384
2798,1426,1425
2798,1405,1399
2798,2799,1426
2800,1460,2801
2800,1455,1454
2800,1454,1460
2800,2602,1455
2802,2777,2783
2802,2768,2777
2803,2783,2782
2803,2782,2784
2803,2790,2796
2803,2784,2790
2803,2796,2783
2804,2805,2794
2804,2794,1392
2804,1401,1403
2804,1392,1401
2806,2807,2808
2809,2806,2810
2811,1412,1420
2811,1420,1422
2811,1378,2780
2811,1422,2812
2811,1380,1378
2811,1414,1380
2811,2780,1412
2811,2812,1414
2813,2742,412
2813,412,411
2813,411,642
2814,1444,1443
2814,1443,1411
2814,1411,1375
2814,1445,1444
2814,2768,2802
2814,1375,2768
2815,1386,1333
2815,1388,1386
2815,2799,1388
2815,1366,1374
2815,1333,1346
2815,1346,1366
2816,2807,2817
2816,2818,2807
2819,1402,1419
2819,2820,1402
2821,630,634
2821,634,2822
2821,1400,630
2823,2824,2825
2823,2825,2826
2827,2828,2829
2827,2830,2828
2831,2822,2832
2831,2821,2822
2833,1400,2821
2834,2802,2783
2834,2814,2802
2834,1445,2814
2835,1419,1429
2835,1429,1428
2835,1428,1407
2835,2819,1419
2836,2837,1407
2836,2838,2839
2836,2840,2838
2836,1409,2840
2836,1407,1409
2841,2834,2783
2842,2843,2796
2842,2796,1400
2842,1400,2833
2844,2843,2845
2844,2796,2843
2846,2843,2842
2847,2844,2845
2847,2796,2844
2847,1463,2783
2847,2783,2796
2848,1427,1414
2848,2812,1422
2848,1422,1421
2848,1414,2812
2849,2799,2815
2850,2841,2783
2850,2783,1463
2851,2843,2846
2851,2846,2852
2853,2845,2843
2853,2843,2851
2854,2799,2849
2854,1437,1426
2854,1486,671
2854,671,1437
2854,1426,2799
2855,2853,2851
2856,2841,2850
2857,1430,1465
2857,2858,1410
2857,1410,1430
2859,1445,2834
2859,2834,2841
2859,1457,1445
2859,2841,2856
2860,2813,642
2860,1447,2813
2860,2861,1447
2862,2863,2864
2862,1458,1453
2862,1453,2863
2862,2864,1450
2862,1450,1449
2865,1486,2854
2865,1485,1484
2865,2854,2849
2865,1484,1486
2866,2847,2845
2866,2845,2867
2866,1463,2847
2868,2850,1463
2868,2856,2850
2868,2859,2856
2869,2857,1465
2870,2871,2872
2873,2874,2875
2873,2875,2876
2873,2876,2877
2873,2877,2878
2873,2878,2872
2879,2869,1465
2879,2871,2870
2879,1473,2871
2879,1465,1473
2879,2870,2869
2880,1427,2848
2880,1398,1413
2880,1475,1398
2880,1413,1427
2881,2868,1463
2881,1463,680
2882,1475,2880
2882,2848,1421
2882,2880,2848
2882,1421,1423
2883,2884,2873
2885,2883,2873
2886,2859,2868
2886,2868,2881
2886,2881,680
2886,1482,1457
2886,680,679
2886,679,1482
2886,1457,2859
2887,2885,2873
2888,2887,2873
2889,2873,2872
2889,2888,2873
2889,2872,2871
2890,2867,2845
2891,1504,1448
2891,1448,1447
2891,1447,2861
2892,2866,2867
2892,1463,2866
2893,673,1451
2893,1451,1458
2894,2723,2801
2895,2893,1458
2895,673,2893
2895,1458,2862
2895,1510,673
2895,1512,1511
2895,1511,1510
2896,1463,2892
2897,2867,2890
2897,2890,2898
2899,2892,2867
2899,2867,2897
2900,1463,2896
2900,683,1463
2900,686,684
2900,684,683
2901,2899,2897
2902,1456,1563
2902,1459,1454
2902,1454,1456
2903,2904,2905
2903,2906,2907
2903,2908,2906
2903,2905,2909
2903,2910,2908
2903,2911,2910
2903,2912,2911
2913,2903,2909
2914,2889,2871
2914,2871,1473
2914,1473,1472
2914,1472,1474
2915,2903,2913
2916,2912,2903
2916,2903,2915
2916,2917,2912
2916,1523,2917
2918,2919,2920
2918,686,2900
2918,2920,686
2921,1474,1500
2921,2914,1474
2921,1500,2922
2923,2919,2918
2924,2914,2921
2924,2925,2914
2924,2921,2922
2926,667,670
2926,670,1491
2926,672,667
2926,1491,1535
2927,1459,2902
2927,2902,1563
2928,2929,2907
2928,2907,2906
2928,2906,2908
2928,2908,2910
2928,2910,2911
2928,2912,2917
2928,2911,2912
2930,1524,1523
2930,1523,2916
2930,1525,1527
2930,2925,2924
2930,1527,1524
2931,1499,1498
2931,1531,1499
2931,1498,1475
2932,1537,1539
2932,1467,1477
2932,1477,1537
2933,672,2926
2933,1497,672
2933,1502,1497
2934,2928,2917
2934,2917,1523
2935,2933,2926
2935,2926,1535
2936,2937,1503
2936,1503,1505
2936,1505,2938
2939,1571,1570
2939,2931,1475
2939,1475,2882
2939,1531,2931
2939,1570,1531
2940,1479,1481
2940,1481,1517
2940,1517,1548
2940,1548,2941
2942,2943,2944
2942,2945,2943
2946,1526,1525
2946,1525,2930
2946,2922,1526
2946,2924,2922
2946,2930,2924
2947,2935,1535
2947,2933,2935
2948,2949,2950
2948,2951,2949
2948,1519,1518
2948,2950,1519
2952,2953,2954
2955,2956,2953
2957,2948,1518
2958,2933,2947
2958,2959,1502
2958,1502,2933
2960,1500,1502
2960,1558,1526
2960,1526,2922
2960,1502,2959
2960,2959,1558
2960,2922,1500
2961,2962,2963
2961,2963,2964
2965,2927,1563
2965,210,208
2966,1518,1532
2966,1532,1536
2966,1536,1554
2967,1539,1538
2967,2936,2968
2969,2970,2971
2972,1560,2973
2972,1554,1560
2972,2966,1554
2974,1547,2975
2974,2975,2976
2974,1551,1547
2974,699,1551
2977,1561,1592
2977,2958,2947
2977,1535,1561
2977,2947,1535
2978,2979,2980
2981,1567,2982
2981,2982,2983
2981,1566,1567
2981,1568,1566
2984,1556,1551
2984,699,698
2984,1551,699
2985,1556,2984
2986,1596,1588
2986,1590,2987
2986,2987,2988
2986,1588,1590
2986,2941,1596
2989,2990,701
2989,701,2991
2992,2959,2958
2992,2977,1592
2992,2958,2977
2993,1556,2985
2994,1550,1555
2994,1556,2993
2994,1555,1556
2995,2996,2997
2998,2984,698
2998,698,1578
2998,2985,2984
2998,2993,2985
2999,1569,1571
2999,1571,3000
2999,3000,3001
3002,1558,2959
3003,1621,1440
3003,746,1621
3004,1627,1572
3004,1530,1569
3004,1493,1530
3004,1572,1493
3004,1632,1627
3005,1548,1550
3005,2994,3006
3005,2941,1548
3005,1550,2994
3005,1596,2941
3005,1597,1596
3007,3008,1587
3007,3009,3008
3010,210,2965
3010,214,213
3010,213,210
3010,2965,1563
3011,2982,1567
3011,1587,3008
3011,1567,1587
3011,3008,2982
3012,702,701
3012,701,2990
3013,3014,3015
3013,3016,3017
3013,3018,3019
3013,3020,3016
3013,3019,3020
3021,3012,3022
3021,3023,702
3021,702,3012
3024,1594,1579
3024,1586,1594
3024,3007,1587
3024,3018,3007
3024,1587,1586
3024,3019,3018
3024,1579,3019
3025,3017,3016
3025,3026,3017
3025,3016,3020
3025,3020,3019
3027,3002,2959
3027,2959,2992
3028,1558,3002
3028,1557,1558
3028,708,1557
3029,1563,1562
3029,3010,1563
3029,214,3010
3029,217,214
3030,3028,3002
3030,3002,3027
3030,3027,1682
3031,702,3023
3031,3023,3032
3033,3025,3019
3033,1579,1584
3033,3019,1579
3033,1584,3034
3035,1652,1682
3035,3027,2992
3035,1682,3027
3035,2992,1592
3035,1592,1652
3036,3033,3034
3036,3037,3038
3036,3034,3037
3039,698,702
3039,702,3031
3040,3031,3041
3040,3039,3031
3042,3041,3043
3042,3040,3041
3044,3042,3043
3045,3046,3047
3048,1603,1597
3048,1604,1603
3048,3005,3006
3048,1597,3005
3049,1578,1577
3049,1577,3047
3050,3049,3047
3050,3047,3046
3051,3004,1569
3051,1656,1654
3051,1632,3004
3051,1569,2999
3051,1654,1632
3052,3028,3030
3052,3030,1682
3053,3006,3049
3054,1678,1661
3054,715,713
3054,713,708
3054,1661,715
3054,3028,3052
3054,3052,1682
3054,708,3028
3054,1682,1678
3055,3006,3053
3055,1617,1618
3056,1619,1604
3056,1604,3048
3057,1618,727
3058,1607,1608
3058,1608,1609
3059,1617,3055
3059,3055,3060
3059,3060,3061
3062,3058,1609
3062,1609,1610
3062,1610,1611
3062,1659,3058
3063,1613,1642
3063,1642,1659
3063,1611,1612
3063,1612,1613
3063,1659,3062
3063,3062,1611
3064,3065,3058
3064,3058,1659
3066,1619,3056
3066,727,726
3066,726,1619
3066,3056,3057
3066,3057,727
3067,3059,3061
3068,730,727
3069,3070,3064
3069,1648,1647
3069,1650,1648
3069,3064,1659
3071,3069,1659
3071,1650,3069
3071,3072,1650
3071,3073,3072
3074,3071,1659
3074,3075,3073
3074,3073,3071
3074,1666,3075
3074,1659,1665
3074,1665,1666
3076,3068,3077
3076,730,3068
3076,3078,3079
3076,3079,730
3080,1630,1639
3080,3081,3082
3083,3077,3084
3083,3076,3077
3085,3084,3086
3085,3083,3084
3087,730,3079
3088,729,730
3088,3089,729
3088,3087,3090
3088,730,3087
3091,3092,3093
3091,3093,3094
3091,1671,3095
3091,3095,3092
3091,1644,1650
3091,1650,3072
3091,3072,3073
3091,1666,1671
3091,3073,3075
3091,3075,1666
3096,3097,3094
3096,3094,3093
3096,3098,3099
3096,3099,3100
3096,3100,3101
3096,3101,3097
3102,729,3089
3102,3103,729
3104,3105,3106
3104,3106,3107
3108,3104,3098
3108,3109,3110
3108,3105,3104
3108,3110,3105
3108,3098,3096
3111,3107,3106
3112,3106,3105
3112,3111,3106
3112,3110,3109
3112,3105,3110
3113,3114,3111
3113,3115,3114
3113,3111,3112
3116,3096,3093
3116,3093,3092
3116,3095,1671
3116,3092,3095
3116,3108,3096
3116,1671,1670
3116,1670,1675
3116,1675,1684
3116,3109,3108
3117,3118,3119
3120,2997,3121
3120,71,70
3122,3112,3109
3123,1684,1686
3123,3122,3109
3123,3116,1684
3123,3109,3116
3124,3123,1686
3124,3122,3123
3125,3124,1686
3125,3126,3124
3127,1686,1685
3127,3125,1686
3127,3128,3125
3127,1685,3128
3129,1712,1711
3129,3130,1712
3129,1676,3130
3129,1660,1667
3129,1667,1669
3129,1643,1660
3129,1701,1643
3129,1669,1676
3129,1708,1701
3129,1711,1708
3131,3132,3133
3134,3131,3133
3135,3134,3133
3136,3135,3133
3137,3136,3133
3138,1691,1629
3138,1629,1695
3139,3137,3133
3140,1687,1692
3140,1692,1721
3141,3139,3133
3141,3133,3128
3141,1685,1700
3141,3128,1685
3142,3140,1721
3143,1662,1679
3143,1679,1680
3144,752,1704
3144,1688,1681
3144,1681,1652
3144,1652,1651
3144,1651,754
3144,754,752
3144,1704,1688
3145,1676,1672
3145,3130,1676
3145,1662,3143
3145,1672,1663
3145,1663,1662
3146,3147,3148
3149,3146,3148
3150,3148,3151
3150,3151,3152
3150,3152,3153
3150,3149,3148
3150,3153,3154
3150,3155,3149
3150,3154,3156
3150,3156,3157
3158,742,3159
3158,1696,742
3160,1703,1709
3160,3155,3150
3160,3150,3157
3160,3157,3161
3162,1702,1696
3163,1696,3158
3163,3162,1696
3164,3158,3159
3164,3163,3158
3165,1709,1714
3165,3166,3155
3165,3155,3160
3165,3160,1709
3167,1702,3162
3167,3162,3163
3168,1721,72
3168,3142,1721
3168,72,71
3169,3170,1702
3169,1702,3167
3171,3172,1714
3173,1694,1702
3173,3170,3174
3173,1702,3170
3175,3176,3177
3175,3177,3172
3175,3172,3171
3175,3171,1714
3175,1714,1713
3175,1720,1723
3175,1713,1720
3175,1723,3178
3179,1691,3138
3179,1727,1722
3179,1692,1691
3179,1722,1692
3179,1715,1727
3180,3170,3169
3181,1694,3173
3181,3173,3174
3181,1724,1694
3182,3130,3145
3183,3170,3180
3184,3178,1723
3185,3170,3183
3185,3174,3170
3186,1712,3130
3186,1717,1712
3186,1719,1717
3186,3130,3182
3186,1740,1719
3187,1723,760
3187,760,1726
3187,3184,1723
3188,3187,1726
3189,1744,1743
3189,3186,3182
3189,1740,3186
3189,1743,1740
3190,3181,3174
3190,1724,3181
3191,1729,3192
3191,1726,1729
3191,3188,1726
3191,3193,3188
3191,3192,3193
3194,3195,3196
3197,3198,3190
3197,3190,3174
3199,3197,3174
3200,3190,3198
3200,1724,3190
3201,1733,1724
3202,1724,3200
3202,3201,1724
3203,3200,3198
3203,3198,3197
3204,3200,3203
3204,3202,3200
3205,3204,3203
3206,255,251
3206,256,255
3206,1737,256
3206,241,1699
3206,242,241
3206,1699,1737
3206,251,246
3206,246,242
3207,1733,3201
3207,3201,3202
3208,1728,1748
3208,1729,1728
3208,1748,3209
3210,1734,1733
3210,1733,3207
3211,3212,3213
3214,3211,3213
3214,3215,3216
3214,3213,3215
3217,773,769
3217,769,1731
3217,1731,1753
3218,3208,3209
3219,3220,1734
3219,1734,3210
3219,3210,3207
3221,1761,1760
3221,3209,1761
3221,3218,3209
3221,1760,3222
3223,773,3217
3223,1746,773
3223,1752,1746
3224,1752,3223
3224,3217,1753
3224,3223,3217
3224,1753,1755
3225,3226,3222
3225,3222,1760
3225,1760,1759
3227,3226,3225
3227,3225,1759
3228,1770,3229
3228,3227,1759
3228,1759,783
3228,783,1770
3230,1748,1750
3230,1774,1761
3230,1761,3209
3230,1750,1751
3230,1775,1774
3230,3231,1775
3230,1752,3231
3230,1751,1752
3230,3209,1748
3232,3233,3234
3235,3232,3234
3236,3235,3234
3237,1752,3224
3237,3231,1752
3238,3236,3234
3239,3238,3234
3240,3239,3234
3241,3240,3234
3242,3241,3234
3243,3242,3234
3243,1769,3242
3244,3243,3234
3244,1769,3243
3245,3244,3234
3245,1769,3244
3246,3245,3234
3246,1769,3245
3247,3246,3234
3247,1769,3246
3248,3247,3234
3248,1769,3247
3249,3248,3234
3249,1769,3248
3250,3249,3234
3250,1769,3249
3251,1770,1769
3251,3250,3234
3251,1769,3250
3252,3224,1755
3252,3237,3224
3252,3231,3237
3252,1755,1758
3253,1768,1772
3253,1769,1768
3254,3255,3256
3254,3257,3255
3258,3256,3259
3258,3254,3256
3260,3258,3259
3260,3259,3261
3262,3260,3261
3262,3261,3263
3264,3262,3263
3264,3263,3265
3266,218,221
3266,1741,218
3266,1771,1741
3266,221,223
3267,3265,3268
3267,3264,3265
3267,3268,3269
3270,3269,3271
3270,3271,3272
3270,3267,3269
3270,3272,3273
3274,3270,3273
3275,3274,3273
3276,3275,3273
3277,3276,3273
3278,3277,3273
3279,3278,3273
3280,3279,3273
3281,3280,3273
3282,3281,3273
3283,1766,3284
3283,1765,1766
3283,3285,228
3283,3284,3285
3286,224,227
3286,3266,223
3286,223,224
3287,1772,1776
3287,3282,3273
3288,1763,1764
3288,1764,1767
3288,1767,3289
3288,3252,1758
3288,1758,1763
3290,3291,3292
3293,3290,3292
3294,3293,3292
3294,3292,3295
3296,3294,3295
3297,3295,3298
3297,3296,3295
3299,3297,3298
3300,3299,3298
3301,3298,3302
3301,3300,3298
3303,3301,3302
3304,3303,3302
3305,3302,3306
3305,3304,3302
3307,3305,3306
3307,3306,3308
3309,3307,3308
3309,3308,3310
3311,3309,3310
3311,3310,3312
3313,3311,3312
3313,3312,3314
3315,3313,3314
3315,3314,3316
3315,3316,3317
3318,3317,3319
3318,3315,3317
3320,3318,3319
3320,3319,3321
3322,3323,3324
3322,3324,3325
3322,3325,3326
3322,3321,3327
3322,3327,3328
3322,3328,3329
3322,3329,3330
3322,3326,3331
3322,3320,3321
3322,3330,3332
3322,3332,3323
3333,3252,3288
3333,3288,3289
3333,3231,3252
3334,1775,3231
3334,3231,3333
3335,782,785
3335,117,116
3335,118,117
3335,119,118
3335,120,119
3335,1776,782
3335,3336,1776
3335,787,120
3335,785,787
3337,236,238
3337,243,1782
3337,238,243
3337,228,236
3337,3283,228
3338,793,792
3338,1781,793
3338,1773,1775
3338,792,1773
3339,1785,1781
3339,3338,1775
3339,1781,3338
3339,1775,3334
3339,3334,1785
3340,3337,1782
3340,3283,3337
3341,3334,3333
3341,1785,3334
3341,1786,1785
3341,3333,3289
3341,1787,1786
3341,3289,1787
3342,3283,3340
3343,3340,1782
3343,3342,3340
3344,284,282
3344,3345,3346
3344,278,275
3344,275,1779
3344,1779,3345
3344,3346,3347
3344,282,279
3344,279,278
3348,284,3344
3348,3344,3347
3349,287,286
3349,290,287
3349,284,3348
3349,286,284
3350,1782,1791
3350,1791,1795
3350,3343,1782
3351,3289,3342
3351,3342,3343
3351,3350,1795
3351,3343,3350
3352,1790,1787
3353,129,128
3353,128,3352
3354,1790,3352
3354,128,127
3354,3352,128
3354,127,1790
3355,1798,1799
3355,130,1798
3355,1799,802
3355,131,130
3355,802,131
3356,137,138
3356,138,0
3356,1803,137
3357,1803,3356
3357,3356,0
3357,1804,1803
3357,813,1804
3358,3359,1807
3360,0,1
3360,3359,3361
3360,3361,0
3360,1,1805
3360,1805,1807
3360,1807,3359
3362,3363,3364
3365,3363,3362
3366,3363,3365
3367,3363,3366
3368,3363,3367
3369,3363,3368
3370,1809,1816
3370,1816,1815
3370,442,1809
3370,1815,1806
3370,1,442
3370,1806,1
3371,3372,1807
3371,3368,3372
3371,1807,1810
3371,1817,1819
3371,3369,3368
3371,3373,3369
3371,1819,3373
3374,1817,3371
3374,1810,1806
3374,1815,856
3374,1806,1815
3374,3371,1810
3374,1829,1817
3374,856,1829
3375,1816,1809
3375,1809,451
3375,314,315
3375,316,317
3375,451,312
3375,311,314
3375,315,316
3375,320,322
3375,319,320
3375,312,311
3375,821,1816
3375,317,319
3375,819,821
3376,332,333
3376,353,354
3376,349,350
3376,330,332
3376,333,334
3376,322,325
3376,338,339
3376,346,347
3376,834,832
3376,832,831
3376,825,824
3376,356,1821
3376,826,825
3376,329,330
3376,327,329
3376,829,828
3376,831,829
3376,1821,846
3376,345,346
3376,824,822
3376,836,834
3376,347,348
3376,336,338
3376,340,341
3376,341,342
3376,342,343
3376,351,352
3376,838,836
3376,352,353
3376,819,3375
3376,348,349
3376,828,827
3376,896,838
3376,354,355
3376,846,883
3376,827,826
3376,355,356
3376,325,327
3376,335,336
3376,339,340
3376,3375,322
3376,334,335
3376,343,345
3376,883,896
3376,350,351
3376,822,819
3377,3378,3379
3380,479,480
3380,480,481
3380,489,490
3380,485,487
3380,482,483
3380,484,485
3380,492,494
3380,487,488
3380,491,492
3380,494,495
3380,478,479
3380,472,473
3380,496,498
3380,466,468
3380,490,491
3380,488,489
3380,468,470
3380,483,484
3380,844,464
3380,470,472
3380,473,475
3380,464,466
3380,475,476
3380,476,478
3380,498,500
3380,495,496
3380,481,482
3381,3382,3380
3381,3380,500
3381,500,504
3383,847,848
3383,848,849
3383,521,522
3383,522,1838
3383,3381,504
3383,504,847
3383,849,521
3384,1824,1828
3384,1828,3385
3386,3387,3388
3386,3379,3387
3386,3388,3389
3390,1833,1835
3390,1835,1836
3390,1834,1833
3391,1819,1818
3391,3379,3378
3391,3378,1819
3391,1818,1848
3392,1841,1832
3392,1832,870
3392,870,871
3392,871,872
3392,872,873
3392,873,874
3392,874,875
3393,3380,3382
3393,881,844
3393,844,3380
3394,1853,1851
3394,1851,1849
3394,1854,1853
3394,1849,881
3394,881,3393
3395,3396,3397
3395,1861,1860
3398,1846,1841
3399,1861,3395
3400,3395,1860
3400,3396,3395
3401,1840,46
3401,3399,1840
3401,1861,3399
3401,46,47
3401,47,48
3401,48,1867
3401,1867,1861
3402,1846,3398
3403,1842,1844
3403,1844,1846
3404,3403,1846
3405,3400,1860
3406,1892,1891
3406,1894,1893
3406,1854,3394
3406,1855,1858
3406,1895,1894
3406,1897,1896
3406,1896,1895
3406,1899,1898
3406,1901,1900
3406,1903,1902
3406,1905,1904
3406,1906,1899
3406,1902,1906
3406,3407,1855
3406,1900,1903
3406,1850,1854
3406,1893,1892
3406,1908,1907
3406,1909,1901
3406,1907,1909
3406,1910,1897
3406,3394,3407
3406,1911,1908
3406,1904,1911
3406,1858,1910
3406,1898,1850
3406,1891,1905
3408,3403,3404
3408,3409,3403
3410,3408,3404
3411,3404,3412
3411,3410,3404
3413,1813,1812
3413,1812,1814
3413,845,1813
3414,1881,3409
3415,3413,1814
3415,3416,3413
3417,1880,1881
3417,1886,1880
3417,1887,1886
3417,1881,3414
3418,1950,3419
3418,1924,1950
3418,1848,1924
3418,3387,3379
3418,3419,3387
3418,3391,1848
3418,3379,3391
3420,1860,1859
3421,1866,1877
3421,1859,1862
3421,1877,1884
3421,3420,1859
3421,1862,1866
3422,3423,1887
3422,1887,3417
3424,3422,3417
3424,3417,3414
3425,3423,3422
3425,3422,3424
3426,3424,3427
3426,3425,3424
3426,3427,3428
3426,3423,3425
3429,3389,3388
3429,3384,3389
3430,1922,910
3430,1870,1871
3430,1876,1878
3430,1873,1874
3430,910,1870
3430,1875,1876
3430,1878,1917
3430,1872,1873
3430,1871,1872
3430,1874,1875
3431,3432,3433
3431,3423,3432
3431,3434,3423
3435,1915,1864
3436,1869,970
3436,1865,1869
3436,3435,1864
3436,1864,1865
3437,1884,1942
3437,3421,1884
3438,1928,1927
3438,1927,1915
3438,1929,1928
3438,1930,1929
3438,1931,1930
3438,1932,1931
3438,3435,3436
3438,1933,1932
3438,1934,1933
3438,1935,1934
3438,3436,970
3438,1936,1935
3438,1937,1936
3438,1938,1937
3438,1939,1938
3438,1940,1939
3438,970,1941
3438,1941,1940
3438,1915,3435
3439,3440,3437
3441,1919,1921
3441,1918,1919
3442,1916,1918
3442,1918,3441
3442,1917,1890
3442,1890,1916
3443,3441,1921
3444,3443,1921
3445,3446,3439
3447,3444,1921
3448,3449,1917
3448,1917,3442
3450,3437,1942
3450,3439,3437
3450,3445,3439
3450,1942,1949
3451,3446,3445
3451,3452,3446
3451,3445,3450
3451,3450,1949
3453,3454,3452
3453,3451,1949
3453,3452,3451
3455,3429,3388
3455,3388,3387
3455,3387,3419
3456,1943,1945
3456,3449,3448
3456,3448,1943
3457,3419,1950
3457,1950,1952
3457,1952,3455
3457,3455,3419
3458,3459,1943
3458,3460,3459
3458,1943,3448
3458,3448,3442
3461,3460,3458
3461,3462,3460
3463,3462,3461
3464,3454,3453
3464,3453,1949
3465,3466,3467
3465,3468,3469
3465,3467,3470
3465,3471,3466
3465,3469,3471
3465,3413,3416
3472,971,1925
3472,1922,3449
3472,1945,1955
3472,3449,3456
3472,1955,971
3472,1925,1922
3472,3456,1945
3473,3474,3475
3473,3476,3474
3477,3476,3473
3478,3464,1949
3478,1965,1963
3478,1949,1969
3478,1969,1965
3479,3475,3474
3480,1959,3476
3480,1960,1959
3480,3478,1963
3480,3481,3478
3480,3477,3481
3480,3476,3477
3480,1963,1960
3482,3474,3476
3483,1959,1958
3483,3476,1959
3483,3482,3476
3483,3484,3482
3485,3486,3487
3485,3488,3489
3490,1958,1962
3490,3486,3485
3490,1962,1966
3490,3485,3489
3490,1966,3491
3490,3491,3486
3492,1954,1945
3492,1945,1944
3493,1944,3494
3493,3495,3492
3493,3492,1944
3496,3492,3495
3496,3497,1976
3498,1947,977
3498,1948,1946
3498,1990,1961
3498,1961,1948
3498,977,1990
3498,1946,1947
3499,1966,1982
3499,3491,1966
3499,3486,3491
3500,1950,1924
3500,1951,1950
3500,2025,1951
3500,987,2025
3500,986,987
3500,2005,986
3500,1924,1956
3501,973,1993
3501,972,973
3501,1968,972
3502,3465,3416
3502,3468,3465
3502,2036,2035
3502,2035,3468
3502,2033,2036
3503,3504,3505
3503,3505,3506
3503,3429,3455
3503,3455,1952
3507,3508,1979
3507,2000,3508
3507,3509,2000
3507,1979,1975
3507,1975,1976
3510,2022,3504
3510,3503,1952
3510,3504,3503
3511,1992,2006
3511,1957,1992
3511,3500,1956
3511,1956,1957
3511,2006,2005
3511,2005,3500
3512,3513,3514
3512,3514,1981
3515,3497,3516
3517,1995,991
3517,3501,1993
3517,1993,1995
3517,1968,3501
3518,3519,3470
3518,3467,3466
3518,3520,3519
3518,3470,3467
3518,3521,3520
3522,3515,3523
3522,3509,3515
3524,1968,3517
3524,991,990
3524,990,1968
3524,3517,991
3525,3518,3466
3525,3469,3468
3525,3466,3471
3525,3471,3469
3525,3468,2035
3526,2022,3510
3526,3510,1952
3526,1951,2024
3526,2024,2022
3526,1952,1951
3527,3509,3522
3527,2001,2000
3527,2000,3509
3528,1978,1977
3528,1977,1979
3528,1979,3508
3529,2000,1999
3529,1999,3528
3529,3528,3508
3529,3508,2000
3530,1978,3528
3530,1993,973
3530,3528,1999
3530,973,1978
3531,3505,3504
3532,1996,1998
3533,1993,3530
3533,3530,3534
3535,2009,2010
3535,2010,2015
3535,2015,2014
3535,2021,2009
3536,1999,2012
3536,3530,1999
3536,3534,3530
3537,3536,2012
3537,3534,3536
3538,2014,2016
3538,2016,2019
3538,2018,2028
3538,2019,2018
3538,2028,2014
3539,3534,3540
3539,1993,3533
3539,3533,3534
3541,2021,3535
3541,2014,2028
3541,3535,2014
3542,2023,2020
3542,2020,1998
3542,1998,1997
3543,2023,3542
3543,2029,2023
3543,1997,2003
3543,3542,1997
3544,1993,3539
3544,1994,1993
3545,3537,3546
3547,3537,3545
3547,3540,3534
3547,3534,3537
3548,3521,3518
3548,3549,980
3548,524,525
3548,980,524
3548,525,3521
3550,3551,3552
3553,1994,3544
3553,3554,2049
3553,2049,1994
3555,3504,2022
3555,2022,1000
3555,1000,2057
3555,2057,3531
3555,3531,3504
3556,2047,2026
3557,2078,3558
3557,995,2078
3557,3558,2070
3557,989,992
3557,992,993
3557,2026,989
3557,993,995
3557,2047,3556
3557,3556,2026
3557,2070,2047
3559,2003,999
3559,3543,2003
3559,999,998
3560,3559,998
3560,3561,3562
3560,998,3561
3563,3554,3553
3564,3565,3566
3564,3567,3565
3564,3566,3525
3564,3568,3567
3569,998,2062
3569,3562,3561
3569,3561,998
3570,2040,2044
3571,2043,2047
3571,2047,2067
3572,3570,2044
3572,2044,2050
3572,2050,2054
3573,3574,3575
3576,3574,3573
3576,3577,3574
3578,2062,2063
3579,3580,3581
3582,3583,3584
3582,2079,2060
3585,3578,2063
3585,3581,3578
3585,2063,2074
3586,3585,2074
3586,3581,3585
3586,2077,2076
3586,2074,2077
3587,2087,2095
3587,2075,2087
3588,3589,982
3588,982,980
3588,980,3549
3590,3558,2078
3591,3587,2095
3592,2102,2101
3593,1002,1001
3593,2086,1002
3593,1004,1010
3593,1001,1004
3594,3566,3565
3594,3565,3567
3595,3558,3590
3595,3590,3596
3597,3591,2095
3597,2095,2112
3598,2101,2108
3598,2056,3592
3598,3592,2101
3599,2056,3598
3599,2108,2093
3599,2093,2092
3599,2092,2091
3599,3598,2108
3599,2091,2056
3600,2103,2102
3600,3558,3595
3600,2102,3558
3601,2031,2058
3601,2072,3602
3601,2058,2072
3601,2143,2117
3601,3602,2143
3603,2080,2031
3603,3601,2117
3603,1048,2080
3603,2031,3601
3604,2112,2111
3605,3606,3607
3605,3608,3606
3609,3610,3604
3611,1010,576
3611,3612,3613
3611,2106,1019
3611,3613,2106
3611,575,2134
3611,576,575
3611,2086,3593
3611,1019,2086
3611,2134,3612
3611,3593,1010
3614,3615,3616
3617,2113,1048
3617,2117,2116
3617,3603,2117
3617,2116,2113
3617,1048,3603
3618,3604,2111
3618,3609,3604
3618,2111,2115
3619,3609,3618
3620,3614,3621
3622,2101,2103
3622,2110,2101
3623,2115,2114
3623,3618,2115
3623,3619,3618
3624,3622,3620
3625,2110,3622
3626,2096,2097
3626,2095,2094
3626,2111,2095
3626,2100,2122
3626,2122,2111
3626,2097,2100
3626,2094,2096
3627,3602,2072
3627,2061,60
3627,2072,2061
3628,60,61
3628,61,62
3628,62,2152
3628,3627,60
3628,2152,2154
3629,2114,2124
3629,2124,3630
3629,3630,3631
3632,3630,2124
3633,3632,2124
3634,3635,3624
3636,1056,2110
3636,2110,3625
3637,2098,2104
3637,2104,2106
3637,3613,3612
3637,2106,3613
3637,3606,3608
3637,3608,2098
3638,3633,2124
3638,2124,2123
3639,3636,3635
3640,3638,2123
3641,3640,2123
3641,2126,3642
3641,3642,3640
3641,2123,2126
3643,2128,1060
3644,3642,2126
3645,2128,3643
3646,3627,3628
3646,3628,2154
3646,3602,3627
3647,3645,3648
3647,2128,3645
3649,2126,2130
3649,3644,2126
3650,3648,3651
3650,3647,3648
3650,2128,3647
3650,2127,2128
3652,2127,3650
3652,3650,3651
3653,2143,3602
3654,2127,3652
3654,2129,2127
3654,3652,3651
3655,3602,3646
3655,3653,3602
3656,2132,2129
3656,2139,2132
3656,2148,2139
3656,2129,3654
3657,2130,2151
3658,2154,2178
3658,3646,2154
3658,2178,3655
3658,3655,3646
3659,3657,2151
3659,2151,1094
3660,2148,3661
3662,3589,3663
3664,2148,3660
3664,2147,2148
3665,2139,2147
3665,2137,2139
3665,2147,3666
3667,3664,3660
3668,2147,3664
3668,3669,2147
3670,2143,3653
3670,3653,3655
3671,2163,2138
3671,2137,3665
3671,3665,3666
3671,2138,2137
3671,3666,2163
3672,3669,3668
3673,982,3589
3673,2194,1076
3673,1076,982
3674,1094,2155
3675,3676,2157
3675,2157,2156
3677,3666,2147
3677,2147,3669
3678,2131,2120
3678,2140,2131
3678,2159,2140
3678,2166,2219
3678,2120,2166
3679,3666,3677
3680,2138,2165
3680,2153,2145
3680,2145,2138
3681,3682,2164
3681,2164,2163
3681,2163,3666
3681,3679,3682
3681,3666,3679
3683,2156,2155
3684,3682,3679
3685,2170,2169
3685,3686,3683
3687,1100,1099
3687,2189,1100
3687,1099,2153
3687,2153,3680
3688,3689,3690
3688,3690,2169
3688,3691,3689
3688,2169,2168
3692,3693,3694
3692,2164,3693
3692,2162,2164
3695,2170,3685
3695,1104,2170
3695,3685,3683
3695,1094,1093
3695,1093,1104
3695,3683,2155
3695,2155,1094
3696,3691,3688
3696,3688,2168
3696,2168,3697
3698,2162,3692
3698,2167,2162
3698,3692,3694
3699,3700,3697
3699,3697,3701
3702,2167,3698
3702,2179,2167
3703,3699,3701
3703,3700,3699
3704,2170,1104
3704,2168,2170
3704,3697,2168
3704,3701,3697
3705,3703,3701
3705,3706,3703
3705,3701,2182
3707,2179,3702
3708,2178,2220
3708,3670,3655
3708,3655,2178
3709,3701,3704
3709,2182,3701
3709,3704,1104
3709,1105,2182
3709,1104,1105
3710,2141,2143
3710,2143,3670
3710,3670,3708
3711,3705,2182
3711,2182,2185
3712,3711,2185
3713,2180,2179
3714,3712,2185
3714,3715,3716
3717,3673,3589
3718,3717,3589
3719,2185,2183
3720,1100,2188
3720,1097,1100
3721,2190,2191
3721,2191,3722
3723,2240,2241
3723,2220,2240
3723,2142,2141
3723,2141,3710
3723,3708,2220
3723,3710,3708
3723,2241,2142
3724,1097,3720
3724,2188,2196
3724,3720,2188
3725,1097,3724
3725,2196,3726
3725,3726,2200
3725,3724,2196
3725,2200,1097
3727,2196,2190
3728,2219,2218
3728,2159,3678
3728,3678,2219
3729,3730,3731
3729,2215,3732
3729,3732,3730
3733,3726,3734
3733,3734,3735
3736,2200,3726
3737,2159,3728
3738,3736,3726
3738,3726,3733
3739,3740,3741
3742,2209,2208
3742,2208,3740
3742,3740,3739
3743,3732,2215
3743,2215,2214
3743,3730,3732
3744,3745,3741
3744,3746,3745
3747,3744,3741
3748,3749,2207
3748,2207,2205
3750,3751,3752
3753,2207,3749
3753,2206,2204
3753,2204,2207
3754,3755,3756
3754,3756,3757
3754,3757,3758
3759,2208,2210
3759,2210,3743
3759,3743,2214
3759,2214,2216
3760,3761,3754
3760,3754,3758
3762,2206,3753
3762,3753,3749
3762,2211,2206
3763,3764,2208
3763,2208,3759
3763,3759,2216
3763,3765,3764
3766,3760,3758
3766,3761,3760
3767,2159,3737
3768,3748,3752
3768,3749,3748
3768,3769,3749
3770,2216,2232
3770,3763,2216
3770,3765,3763
3770,3771,3765
3772,3737,3728
3772,3767,3737
3772,3728,2218
3772,2218,2277
3773,2233,3774
3773,3775,3776
3777,2211,3762
3777,2238,2213
3777,2213,2211
3778,2232,2233
3778,3770,2232
3778,3776,3771
3778,3771,3770
3778,3773,3776
3778,2233,3773
3779,3749,3769
3780,2177,2159
3780,2159,3767
3780,2254,2177
3781,3782,3783
3784,1122,1121
3784,2234,2230
3784,2236,2234
3784,2198,2199
3784,2199,2202
3784,2242,2236
3784,2255,2251
3784,2230,2228
3784,1121,2255
3784,2202,1122
3784,2228,2221
3784,2251,2242
3785,3786,2239
3787,3774,2233
3787,2233,2235
3787,2235,2252
3788,2237,3789
3788,2238,2237
3788,3790,2258
3788,2258,1131
3788,3789,3790
3791,3792,3793
3791,3794,3792
3791,3795,3794
3791,3793,3795
3796,2237,2239
3796,2239,3786
3797,2237,3796
3798,3799,3800
3801,3789,2237
3801,2237,3797
3801,3802,3789
3803,3795,3793
3803,2253,2261
3804,3799,3798
3804,3798,2262
3805,2277,2308
3805,3772,2277
3805,2308,2299
3805,3767,3772
3805,2299,2254
3805,3780,3767
3805,2254,3780
3806,3790,3807
3806,2258,3790
3806,2257,2258
3806,2259,2257
3808,2259,3806
3808,3807,3809
3808,3806,3807
3810,2287,2281
3810,2294,2287
3810,2281,2273
3810,2273,2263
3811,2294,3810
3812,2312,2311
3812,2311,3761
3812,2276,2319
3812,3813,2274
3812,2274,2276
3812,2319,2315
3812,2315,2312
3814,3815,3816
3817,3754,3761
3817,2300,2295
3817,2280,2267
3817,2283,2280
3817,2286,2283
3817,2288,2286
3817,2293,2288
3817,2295,2293
3818,2294,3811
3818,2296,2294
3819,2274,3813
3819,2278,2274
3819,3820,3821
3822,2279,2265
3822,2265,2259
3822,2259,3808
3822,3808,3809
3823,2223,2222
3823,2222,2224
3823,2278,3819
3823,2224,2227
3823,3821,2223
3823,2227,2226
3823,3819,3821
3824,3817,3761
3824,2300,3817
3825,2296,3818
3826,3824,3761
3826,2300,3824
3826,3827,2300
3828,3807,3829
3830,3809,3831
3830,2279,3822
3830,3822,3809
3832,3826,3761
3832,3827,3826
3833,2296,3825
3833,2301,2296
3834,3761,2311
3834,3832,3761
3834,3827,3832
3834,2313,3835
3834,2311,2313
3834,3835,3827
3836,1154,1157
3836,2253,1154
3837,3830,3831
3837,2279,3830
3838,2301,3833
3838,2307,2301
3839,3807,3828
3839,3809,3807
3840,3809,3839
3841,3842,3815
3841,3815,3843
3844,3836,1157
3844,3845,3836
3844,1157,2322
3846,1156,2279
3846,2279,3837
3847,3841,3843
3848,3843,3815
3848,2322,3843
3848,3844,2322
3848,3845,3844
3849,3837,3831
3849,3846,3837
3850,2326,2248
3850,2248,2285
3850,2328,2327
3850,2329,2326
3850,2285,2291
3850,2327,2329
3850,2291,2292
3850,2292,2297
3851,1156,3846
3851,3846,3849
3852,1155,1156
3852,1156,3851
3852,3853,1155
3854,3853,3855
3854,3855,3856
3854,1155,3853
3857,3855,3853
3857,3853,3852
3858,1121,2304
3858,2306,2353
3858,2304,2306
3858,2255,1121
3858,2256,2255
3858,2353,2355
3858,2355,2256
3859,2318,2275
3859,2275,2278
3859,2278,3823
3859,2320,2318
3859,2376,2320
3859,2374,2376
3860,2297,3861
3860,3862,2340
3860,3861,3863
3860,3863,3862
3860,2325,2328
3860,2335,2325
3860,3850,2297
3860,2328,3850
3860,2340,2339
3860,2337,2335
3860,2339,2337
3864,2229,2243
3864,2355,2354
3864,2226,2225
3864,3823,2226
3864,2354,2387
3864,2243,2256
3864,2225,2229
3864,2256,2355
3865,3854,3856
3865,2297,2290
3865,1155,3854
3865,3861,2297
3865,3856,3866
3865,2290,1155
3867,2324,2323
3868,3869,2289
3868,2300,3827
3868,2289,2300
3868,3827,3835
3870,3868,3835
3870,3869,3868
3871,3870,3835
3871,3835,2313
3871,3869,3870
3871,2313,2310
3871,2314,2316
3871,2310,2314
3871,2316,2317
3872,3865,3866
3872,3861,3865
3873,3863,3861
3873,3861,3872
3874,3875,3876
3877,3856,3875
3877,3875,3874
3877,3866,3856
3877,3878,3866
3879,2323,2356
3880,3879,2356
3881,2284,2289
3881,2289,3869
3881,2307,2270
3881,2270,2271
3881,2271,2272
3881,2272,2284
3882,3878,3877
3883,3884,3881
3883,3881,3869
3885,3878,3882
3885,3866,3878
3886,2375,2374
3886,3864,2387
3886,2381,2375
3886,2386,2381
3886,2387,2386
3887,3885,3882
3888,3880,2356
3889,3890,3885
3889,3885,3887
3891,1160,1158
3891,1170,1160
3891,1152,2383
3891,2383,1170
3891,1158,1152
3892,3862,3863
3893,2356,2362
3893,3888,2356
3894,3892,3863
3894,3863,3873
3894,3873,3895
3896,3888,3893
3896,3893,2362
3897,3898,3890
3899,3869,3871
3899,3884,3883
3899,2378,3884
3899,3883,3869
3899,2385,2378
3900,3901,2371
3902,3896,2362
3902,2371,3901
3902,2362,2371
3903,3892,3894
3904,3900,2371
3904,3905,3900
3904,2371,2370
3906,3905,3904
3907,3862,3892
3907,3892,3903
3907,3908,3862
3909,400,2307
3909,401,400
3909,405,401
3909,3881,3884
3909,2307,3881
3910,2357,2358
3910,2372,2390
3910,2358,2372
3910,2387,2354
3910,2353,2357
3910,2390,3911
3910,2354,2353
3912,3913,3906
3914,2359,1168
3914,2362,2359
3914,2370,2362
3915,2378,1197
3915,1197,405
3915,405,3909
3915,3909,3884
3915,3884,2378
3916,3907,3903
3917,2385,3899
3917,3871,2317
3917,2317,2373
3917,2409,2385
3917,3899,3871
3918,3908,3907
3918,3907,3916
3919,3918,3916
3920,2340,3862
3920,3921,2391
3920,2349,2340
3920,2391,1182
3920,1178,2349
3920,1179,1178
3920,3862,3908
3920,1182,1179
3922,2370,3923
3922,3923,2407
3924,3910,3911
3924,2397,1193
3924,2387,3910
3924,1193,2387
3925,3922,2407
3926,2407,2406
3926,3925,2407
3926,3927,3925
3928,3929,3930
3931,1163,65
3931,1234,2439
3931,2439,1163
3931,2443,1234
3931,66,2443
3931,65,66
3932,3924,3911
3932,2423,2404
3932,2404,2397
3932,3911,2390
3932,2397,3924
3933,2392,2391
3933,2391,3934
3935,3933,3934
3936,2392,3933
3937,2392,3936
3938,3937,3936
3939,2430,2413
3939,2413,2392
3939,2392,3937
3940,2409,3917
3940,2373,2382
3940,2416,2414
3940,2414,2409
3940,3917,2373
3941,2407,3923
3941,3923,2398
3941,2398,3942
3943,3944,2418
3943,2421,3945
3943,3946,3944
3943,2418,2421
3947,3948,2415
3947,2394,2456
3947,2393,2395
3947,1165,2393
3947,2368,1165
3947,2395,2394
3947,2415,2368
3949,2430,3939
3950,3951,3952
3950,3952,3953
3950,3954,3955
3950,3953,3954
3950,3956,3957
3950,3957,3958
3950,3958,3959
3950,3955,3956
3960,2441,2437
3960,2437,2405
3960,2407,3941
3960,2442,2441
3960,2444,2442
3960,3941,3942
3960,2445,2444
3960,2449,2445
3960,3942,2449
3960,2405,2407
3961,2413,2429
3961,2432,3951
3961,3951,3950
3961,2429,2432
3961,3950,2413
3962,3942,2398
3962,2396,2400
3962,2398,2396
3962,2400,2408
3963,3949,3964
3963,2430,3949
3965,2429,2430
3965,3963,3964
3965,2430,3963
3966,1213,1212
3966,1212,3967
3966,2421,1213
3968,2420,2427
3968,2412,2420
3969,3968,2427
3969,3970,3968
3969,2427,1208
3969,1208,3970
3971,2426,2412
3971,2412,3968
3972,3965,3964
3973,3972,3964
3973,3964,3974
3975,2408,2453
3975,3942,3962
3975,3962,2408
3976,2463,2455
3977,2425,3959
3977,3958,3957
3977,2422,2425
3977,3959,3958
3978,3952,3951
3978,3953,3952
3978,3955,3954
3978,3957,3956
3978,3954,3953
3978,3951,2432
3978,3979,3977
3978,3977,3957
3978,3956,3955
3980,3979,3978
3980,3978,2432
3981,1240,2502
3981,2382,2402
3981,3940,2382
3981,2452,1240
3981,2402,2452
3981,2416,3940
3982,2603,2447
3982,2510,2603
3982,2428,2403
3982,2403,2364
3982,2365,2510
3982,2447,2428
3982,2364,2365
3983,2432,2431
3983,3979,3980
3983,3980,2432
3984,2456,2575
3984,2415,3948
3984,3948,3947
3984,3947,2456
3984,1203,2415
3985,2461,2460
3986,2464,2461
3986,2461,3985
3987,2456,2426
3987,2426,3971
3988,1211,2464
3988,1212,1211
3988,2464,3986
3988,3967,1212
3989,2453,2434
3989,2434,2435
3989,2435,2448
3989,2485,2453
3989,2448,2485
3990,2422,3977
3990,2436,2422
3990,2451,2436
3990,2482,2451
3991,3992,3993
3994,2463,3976
3994,3976,3995
3994,3996,2463
3997,2417,2416
3997,3981,2502
3997,2475,2417
3997,2416,3981
3997,2505,2475
3997,2502,2505
3998,2453,2495
3998,3975,2453
3999,3975,3998
3999,3942,3975
3999,2495,2533
3999,3998,2495
4000,3996,2473
4000,2462,2463
4000,2473,2472
4000,2463,3996
4001,3999,2533
4001,2533,2484
4001,2449,3942
4001,2484,2449
4001,3942,3999
4002,4000,2472
4002,4003,2469
4002,2469,2462
4002,2462,4000
4002,2478,4003
4002,2472,2478
4004,4005,4006
4007,2464,2466
4007,2466,4008
4007,4008,4009
4007,2457,2464
4010,2469,4003
4010,2468,2469
4011,2516,2515
4011,2520,2482
4011,3977,3979
4011,3990,3977
4011,2518,2517
4011,2519,2518
4011,2482,3990
4011,2515,2519
4011,2517,2520
4012,2472,2476
4012,2477,2472
4013,4010,4003
4013,4003,2478
4013,2478,2477
4014,3984,2575
4014,2551,2531
4014,1203,3984
4014,2575,2551
4014,2530,2479
4014,2479,1203
4014,2531,2530
4015,3979,4010
4015,4010,4013
4015,2493,3979
4015,2497,2493
4016,4013,2477
4017,4008,2466
4017,4009,4008
4017,4018,4009
4019,4020,4018
4021,2575,2456
4021,2456,4022
4021,2527,2575
4021,2525,2527
4023,4024,4025
4026,2498,2497
4026,4027,2501
4026,2501,2499
4026,2499,2498
4026,2497,4015
4028,4023,4029
4028,4024,4023
4030,4027,4026
4031,4032,2507
4031,2506,4033
4031,2507,2506
4034,4031,4033
4035,4028,4029
4035,4024,4028
4036,4034,4033
4036,4033,4037
4038,4037,4033
4038,4033,2506
4039,2466,2465
4039,2523,2549
4039,4017,2466
4039,4018,4017
4039,2465,2523
4040,4038,2506
4040,2506,2509
4041,4040,2509
4042,2496,2501
4042,4043,2500
4042,2500,2496
4042,4044,4043
4045,2501,4027
4045,4044,4042
4045,4042,2501
4045,4046,4044
4047,1229,1233
4047,1233,2511
4047,2511,2560
4048,4049,4050
4048,4051,4049
4048,4046,4051
4052,4046,4048
4052,4044,4046
4053,4052,4054
4053,4044,4052
4055,4056,4057
4055,4050,4056
4058,4059,4043
4058,4043,4044
4058,4044,4053
4058,4053,4054
4060,4059,4058
4060,4058,4061
4062,4063,4064
4062,4064,4065
4066,4065,4064
4067,2541,2543
4067,4068,2541
4067,2543,4063
4069,1219,1225
4069,4047,2560
4069,1225,1229
4069,1229,4047
4069,1266,1219
4069,2560,2588
4070,2540,2514
4070,2514,2554
4071,4063,2543
4072,4070,2554
4073,2504,2503
4073,2475,2505
4073,2568,4074
4073,2505,2504
4073,2503,2568
4075,4070,4072
4076,1270,1247
4076,2481,2565
4076,1248,2481
4076,1247,1244
4076,1276,1270
4076,1244,1248
4076,2565,4077
4078,4079,4080
4078,4081,4079
4082,4070,4075
4082,2540,4070
4082,2565,2540
4083,4084,4071
4083,4071,2543
4085,4086,4078
4085,4078,4087
4088,2573,2571
4088,2571,4083
4088,2542,2573
4088,4083,2543
4088,2543,2542
4089,4083,2571
4090,4082,4075
4091,2571,2570
4091,4089,2571
4091,4092,4089
4093,4094,4092
4093,4091,2570
4093,4092,4091
4095,4073,4074
4095,2475,4073
4095,2474,2475
4095,2564,2474
4095,1292,2564
4096,2574,2575
4096,2575,2527
4096,2527,2572
4097,4090,4098
4099,4077,2565
4100,4099,4097
4101,4102,4103
4101,4103,4104
4105,4106,4107
4108,2598,2600
4108,4077,4099
4109,2585,2584
4110,4111,4112
4110,2586,2585
4110,4112,2590
4113,2599,2598
4113,4099,4100
4113,2598,4108
4113,4108,4099
4114,2563,2567
4114,2539,2563
4115,4109,2584
4115,4104,4109
4116,4101,4104
4116,4104,4115
4116,4115,2584
4117,4116,2584
4117,2584,2593
4118,2599,4113
4118,4119,2599
4118,4113,4100
4120,4121,4117
4120,4117,2593
4122,2636,4074
4122,2568,1269
4122,1278,2636
4122,1269,1278
4122,4074,2568
4123,4076,4077
4123,1276,4076
4123,4108,2600
4123,4077,4108
4123,1277,1276
4123,2610,1277
4124,2597,2599
4124,4119,4125
4124,2599,4119
4126,4110,2590
4126,2592,2612
4126,2586,4110
4126,2590,2589
4126,2612,2619
4126,2589,2592
4127,2532,2486
4127,2534,2532
4127,2624,2608
4127,2608,2534
4127,2486,2624
4128,2586,4126
4128,4126,2619
4129,4130,2586
4131,2594,2616
4131,2588,2594
4131,2616,2670
4132,1377,1376
4132,2567,1268
4132,4114,2567
4132,4133,4114
4132,2613,1377
4132,1376,4133
4132,2604,2613
4132,1268,2604
4134,1272,1271
4134,1340,1272
4134,2725,1340
4134,1271,2579
4135,414,413
4135,413,2595
4136,2689,2789
4136,1186,1185
4136,2620,2582
4136,1187,1186
4136,2582,1187
4136,2789,2621
4136,1185,1207
4136,1207,2689
4136,2621,2620
4137,2595,4138
4139,4129,2586
4139,2619,2644
4139,2644,2645
4139,2645,4129
4139,4128,2619
4139,2586,4128
4140,4141,4142
4140,2611,4141
4143,4129,2645
4144,2611,4140
4144,2609,2611
4144,594,2609
4145,2636,1302
4145,1302,2626
4145,2626,2672
4146,4142,4147
4146,4147,4148
4149,2645,2633
4149,4143,2645
4149,4150,4143
4151,2615,4131
4151,4131,2670
4152,1289,1288
4152,1288,1290
4152,1290,1292
4152,2672,2671
4152,2671,1289
4152,1292,4095
4153,4154,4142
4153,4142,4146
4155,2628,596
4155,595,594
4155,596,595
4155,594,4144
4156,4157,4158
4159,4149,2633
4159,4150,4149
4159,4160,4150
4159,2633,1294
4161,4154,4153
4162,4163,4164
4162,4161,4163
4165,4142,4154
4165,2627,2628
4166,414,4135
4166,417,416
4166,416,414
4167,2655,2634
4167,2670,2703
4167,2703,2697
4167,2697,2696
4167,2696,2661
4167,2634,2615
4167,2615,4151
4167,4151,2670
4167,2661,2655
4168,594,593
4168,2632,2623
4168,593,2632
4168,2623,594
4169,4170,4171
4172,2639,2638
4172,4173,2639
4172,4174,4173
4172,4175,4174
4176,4175,4172
4177,2627,4165
4178,4170,4169
4179,4170,4178
4179,4180,4170
4181,4180,4179
4181,4182,4180
4181,4183,4182
4184,2646,4185
4184,2660,2659
4184,2659,2646
4186,2629,2627
4186,4187,2629
4186,2627,4177
4188,4172,2638
4188,4189,4176
4188,2654,4189
4188,4176,4172
4188,2638,2648
4190,417,4166
4190,418,417
4190,2646,418
4190,4185,2646
4191,4182,4183
4191,4183,4192
4191,4192,2654
4191,2654,2653
4193,2648,2647
4193,2654,4188
4193,4188,2648
4193,2647,2654
4194,4187,4195
4194,2629,4187
4194,4195,4196
4197,4198,4195
4197,4191,2653
4199,2629,4194
4199,2643,2629
4199,2658,2643
4200,2632,593
4200,593,2700
4200,2700,2699
4200,2630,2632
4201,2637,2631
4201,2631,2630
4201,2630,4200
4201,4200,2699
4201,2699,2637
4202,4195,4198
4202,4198,2667
4202,4196,4195
4203,4202,2667
4203,2667,2666
4203,2666,2669
4204,4205,4206
4204,4203,2669
4204,4206,4196
4207,4206,4205
4207,2658,4206
4208,4204,2669
4208,4209,4207
4208,2669,4209
4208,4205,4204
4208,4207,4205
4210,4207,4209
4210,4211,4212
4213,4209,2669
4213,2669,2677
4214,2677,2676
4214,2676,4215
4214,4213,2677
4214,4209,4213
4216,4215,2676
4217,2691,2693
4217,2700,593
4217,593,2682
4217,4218,2691
4217,2682,4218
4217,2693,2700
4219,4216,2676
4220,2676,2678
4220,2678,2679
4220,2679,2680
4220,2680,2681
4220,2681,1306
4220,4219,2676
4221,2688,4222
4223,4221,4222
4224,4223,4222
4225,2691,4218
4226,4220,1306
4226,4224,4222
4226,1305,1312
4226,1306,1305
4227,2691,4225
4228,2691,4227
4228,2692,2691
4229,4230,4231
4229,4232,4233
4234,2692,4228
4235,2698,2692
4236,2692,4234
4237,4231,4230
4237,4230,1312
4237,1312,1311
4238,4231,4237
4239,2706,2694
4239,2637,2705
4239,2694,2637
4240,2704,2698
4240,2708,2704
4241,637,2662
4241,638,637
4241,2662,2566
4241,2566,1236
4241,639,638
4241,1236,1235
4242,4243,4244
4245,2720,2706
4245,612,2720
4245,2709,612
4245,2706,4239
4245,2705,2709
4245,4239,2705
4246,2718,2717
4246,4247,2718
4248,4249,4243
4250,2712,2708
4251,2711,2721
4251,612,2709
4251,2726,612
4251,2709,2711
4251,4252,2726
4251,2721,4252
4253,2717,2728
4254,1378,1369
4254,2716,1340
4254,1340,2725
4254,2724,2780
4254,2780,1378
4254,1369,2716
4254,2725,2724
4255,4253,2728
4256,2712,4257
4258,2721,2712
4258,2712,4256
4259,2721,4258
4260,2721,4259
4260,4252,2721
4261,4262,4263
4264,4265,4266
4264,1352,1356
4267,4261,4265
4267,4265,4264
4267,4264,1356
4268,4269,4270
4271,4269,4268
4272,4269,4271
4273,2738,4270
4273,2737,2738
4274,1349,1355
4274,1356,1349
4274,4269,4272
4275,4276,4277
4275,2741,2737
4275,4277,2741
4278,610,613
4278,613,2759
4278,611,610
4279,4277,4276
4280,2752,2751
4280,2754,2753
4280,2751,2754
4280,4274,1355
4280,2755,2752
4280,1355,2755
4281,4282,2753
4281,2753,2757
4283,4279,4284
4285,2748,4283
4285,4283,4286
4287,2745,2743
4287,2743,611
4287,611,4278
4288,2747,2746
4288,2746,2748
4289,4281,2757
4289,2756,4284
4289,2757,2756
4289,4284,4281
4290,4284,2756
4290,4286,4283
4290,4283,4284
4291,2747,4288
4291,4292,4293
4291,4294,4292
4291,4293,2747
4295,4286,4290
4295,4294,4285
4295,4290,2756
4295,4285,4286
4296,4295,2756
4296,2760,2763
4296,2756,2760
4297,4296,2763
4297,2763,4298
4297,4298,4292
4297,4292,4294
4299,2758,2747
4299,2747,4293
4300,2758,4299
4301,2758,4300
4301,2759,2758
4301,4302,2774
4303,4292,4298
4304,2801,2723
4304,2800,2801
4304,2722,2690
4304,2690,2602
4304,2723,2722
4304,2602,2800
4305,2770,2769
4305,2769,4306
4305,4303,2770
4305,4307,4308
4305,4306,4307
4309,2745,2787
4309,2744,2745
4310,2774,2776
4310,2745,4287
4310,2776,2745
4311,4312,4313
4314,4311,4313
4315,4309,2787
4315,1327,2744
4315,2744,4309
4315,620,1327
4315,2786,4316
4315,2787,2786
4317,4314,4313
4317,4313,4318
4319,4317,4318
4319,4318,4308
4319,4308,4307
4320,2769,2767
4320,2767,2778
4321,2778,2781
4321,4322,2769
4321,4320,2778
4321,2769,4320
4323,4302,4324
4323,2774,4302
4325,4326,4324
4325,4327,4326
4328,4322,4321
4329,1253,1416
4329,1441,2788
4329,2788,2689
4329,2689,1253
4329,1415,1441
4329,1416,1415
4330,2781,2792
4330,4321,2781
4330,4328,4321
4330,4331,4328
4330,4332,4331
4333,2775,2774
4333,2774,4323
4333,4334,2775
4335,609,1348
4335,2736,2742
4335,2742,2813
4335,1348,2736
4336,4330,2792
4336,4332,4330
4337,4338,4339
4340,635,631
4340,4315,4316
4340,621,620
4340,620,4315
4340,631,621
4340,4341,635
4342,1494,1456
4342,2622,2621
4342,2788,1441
4342,2797,2622
4342,1441,1494
4342,2621,2789
4342,2789,2788
4342,1456,2797
4343,4344,4345
4346,2785,4344
4347,2794,2805
4347,4338,2794
4348,2810,4316
4348,2785,4346
4348,2786,2785
4348,4316,2786
4349,4347,2805
4349,4350,4351
4349,2805,4350
4352,4353,2809
4352,2809,2810
4352,2810,4348
4354,4355,4356
4357,4355,4354
4358,2805,2804
4358,2804,1403
4358,4350,2805
4359,4353,4352
4360,4361,4362
4360,4362,4363
4364,4341,2808
4364,2808,2807
4364,2807,2818
4365,4366,4361
4365,4361,4360
4367,4363,4362
4367,4368,4363
4369,4362,4361
4369,4361,4366
4369,4367,4362
4370,4358,1403
4370,1403,1402
4370,2820,4371
4370,1402,2820
4370,4372,4358
4373,4374,4375
4373,4376,4374
4377,4371,2820
4377,4378,4371
4379,189,4380
4379,2739,2664
4379,1394,2739
4379,1396,1394
4379,190,189
4379,4380,1396
4381,602,609
4381,4335,2813
4381,2864,2863
4381,609,4335
4381,2863,1453
4381,1453,1452
4381,1452,602
4382,2816,2817
4382,2817,4383
4384,2816,4382
4385,2818,2816
4386,4374,4376
4387,4388,2832
4387,2829,2828
4387,2828,4388
4389,2813,1447
4389,2864,4381
4389,1450,2864
4389,1447,1450
4389,4381,2813
4390,2819,2835
4390,2835,2826
4390,2820,2819
4391,4385,4392
4391,2827,2829
4393,4392,4394
4395,2832,4388
4395,4388,2828
4395,2831,2832
4396,1407,2837
4396,2837,2823
4396,2826,2835
4396,2835,1407
4396,2823,2826
4397,2823,2837
4398,4399,4400
4401,4402,4403
4401,4404,2836
4401,4405,4404
4406,2846,2842
4406,2842,2833
4406,2821,2831
4406,2852,2846
4406,4407,2852
4406,2833,2821
4408,2831,4395
4408,4406,2831
4408,4407,4406
4409,4402,4410
4409,4410,2839
4409,4411,4402
4412,4411,4409
4413,4412,4409
4414,4413,4409
4415,1374,1390
4415,2849,2815
4415,2815,1374
4416,4414,4409
4416,4409,2839
4416,2839,2838
4416,1410,2858
4416,2838,2840
4416,2840,1409
4416,1409,1408
4416,1408,1410
4417,4380,189
4417,4415,1390
4417,2849,4415
4417,1390,1395
4417,1396,4380
4417,1395,1396
4418,4419,4420
4421,4422,4423
4421,4423,4424
4421,4424,4425
4421,4426,4427
4428,2852,4407
4429,4421,4425
4429,4426,4421
4430,2852,4428
4430,2851,2852
4430,4428,4431
4432,4433,4431
4434,4427,4426
4435,2857,2869
4435,4429,2858
4435,4426,4429
4435,2858,2857
4435,2869,2870
4436,4430,4431
4437,2851,4430
4437,2855,2851
4438,4430,4436
4438,4437,4430
4439,2874,4440
4439,4441,4442
4439,4440,4443
4439,4443,4441
4444,4439,4434
4444,2870,2872
4444,2875,2874
4444,2876,2875
4444,2877,2876
4444,2878,2877
4444,2872,2878
4444,4434,4426
4444,2874,4439
4444,4435,2870
4444,4426,4435
4445,642,643
4446,4437,4438
4447,2855,4437
4447,4437,4446
4448,4449,4447
4448,4447,4446
4450,2845,2853
4450,2853,2855
4451,4450,2855
4451,4447,4449
4451,2855,4447
4452,2845,4450
4453,2845,4452
4453,2890,2845
4453,2898,2890
4454,2898,4453
4455,2898,4454
4455,4454,4456
4457,2885,2887
4457,2883,2885
4458,2925,4457
4458,4457,2887
4458,2887,2888
4459,2925,4458
4459,4458,2888
4459,2888,2889
4459,2889,2914
4459,2914,2925
4460,4461,4457
4460,4457,2925
4462,4455,4456
4463,1485,2865
4463,1507,1485
4463,2865,2849
4464,2898,4455
4464,2897,2898
4465,4455,4462
4465,4464,4455
4466,1505,1504
4466,1504,2891
4466,2938,1505
4467,1545,1544
4467,191,1545
4467,2849,4417
4467,4417,189
4467,1508,1507
4467,1507,4463
4467,1544,1508
4467,4463,2849
4467,189,191
4468,4464,4465
4469,2897,4464
4469,4464,4468
4469,2901,2897
4470,2913,2909
4470,4460,2925
4470,2909,2905
4470,4471,4460
4472,2913,4470
4472,2915,2913
4472,4470,2925
4473,2918,2900
4473,2892,2899
4473,2896,2892
4473,2900,2896
4473,2901,4474
4473,2899,2901
4475,4469,4468
4475,4476,4469
4477,2916,2915
4477,2915,4472
4477,2925,2930
4477,4472,2925
4477,2930,2916
4478,4469,4476
4478,2901,4469
4478,4474,2901
4479,2938,4466
4480,4476,4481
4482,4473,4474
4482,2923,2918
4482,2918,4473
4483,1436,1469
4483,1469,1470
4483,1470,1479
4483,1479,2940
4484,2923,4482
4484,4482,4474
4485,4486,4487
4488,4489,4490
4488,4490,2929
4491,4488,2929
4491,2928,4492
4491,2929,2928
4493,4491,4492
4493,4492,4494
4495,2923,4484
4495,2919,2923
4495,4496,2919
4495,2943,4496
4497,1459,2927
4497,1460,1459
4497,2801,1460
4497,2965,208
4497,2927,2965
4497,2894,2801
4497,208,206
4498,4494,4492
4499,4492,2928
4499,2928,2934
4500,2943,2945
4500,2919,4496
4500,4496,2943
4501,4502,4498
4503,4501,4498
4504,4503,4498
4505,4498,4492
4505,4504,4498
4506,4505,4492
4506,4492,4499
4506,4499,2934
4506,4507,4505
4508,2939,2882
4509,2950,2949
4509,2949,2951
4509,4507,1521
4509,1519,2950
4509,1520,1519
4509,1521,1520
4510,4511,4512
4510,4513,4514
4510,4514,4515
4510,4512,4509
4510,4516,4513
4510,2951,4516
4510,4509,2951
4510,4515,4511
4517,4518,4519
4520,2945,2942
4521,2954,2953
4521,2953,2956
4521,2956,4522
4523,4524,4513
4525,682,685
4525,677,682
4525,687,4522
4525,685,687
4526,205,203
4526,206,205
4526,2894,4497
4526,201,199
4526,199,197
4526,4497,206
4526,197,2894
4526,203,201
4527,4528,4523
4527,4523,2948
4529,2952,2954
4529,4520,4530
4531,4530,4532
4533,4534,4535
4533,4535,1515
4536,4534,4533
4537,2957,2961
4538,4539,4540
4538,2952,4541
4538,4540,2952
4542,1523,1522
4542,1521,4507
4542,1522,1528
4542,1532,1521
4542,4506,2934
4542,2934,1523
4542,4507,4506
4542,1528,1532
4543,4544,4545
4546,2962,2961
4546,2961,2957
4546,1518,2966
4546,2966,2962
4546,2957,1518
4547,2971,2970
4547,4525,4548
4547,1547,677
4547,2975,1547
4547,677,4525
4547,4548,2971
4549,4550,4551
4552,4553,4554
4552,4555,4550
4552,4550,4549
4552,4556,4555
4552,4554,4557
4552,4557,4556
4558,1440,1501
4558,3003,1440
4559,4560,4561
4559,4561,4562
4563,2969,2971
4563,4560,4559
4563,2971,4548
4563,4548,4560
4564,2967,2996
4565,2972,2973
4565,2966,2972
4565,2962,2966
4566,2973,4567
4568,2970,2976
4568,2976,2975
4568,2975,4547
4568,4547,2970
4569,4566,4567
4570,4564,2996
4571,4572,2969
4571,2969,4563
4573,4570,2996
4573,2996,2995
4574,2973,1560
4574,4567,2973
4574,1560,1568
4575,4558,1501
4575,3003,4558
4575,746,3003
4575,658,432
4575,1501,658
4575,432,746
4576,2939,4508
4576,1571,2939
4576,3000,1571
4576,3001,3000
4577,2979,2978
4577,2976,2979
4578,4572,4579
4580,2983,4581
4580,1568,2981
4580,4574,1568
4580,4582,4574
4580,2981,2983
4583,4584,4581
4583,4581,2983
4585,699,2974
4585,2976,4577
4585,2974,2976
4586,4583,2983
4587,2983,2982
4587,4586,2983
4587,2982,4588
4589,2980,4590
4589,2978,2980
4591,4576,2988
4591,2988,2987
4591,3001,4576
4591,2987,4592
4591,4592,3001
4593,4594,2978
4593,2978,4589
4595,700,699
4595,701,700
4595,2991,701
4595,699,4585
4596,4597,4588
4598,4594,4593
4599,4598,4600
4599,4600,4601
4602,2978,4594
4602,2989,2991
4603,4604,4605
4606,3009,3007
4606,4607,3009
4606,4608,4607
4606,4609,4608
4610,4609,4606
4611,2989,4602
4612,4604,4603
4613,4614,4604
4613,4604,4612
4615,4616,4614
4615,4617,4616
4615,4614,4613
4618,2990,2989
4618,4619,2990
4618,2989,4611
4620,4606,3007
4620,3007,3018
4620,4610,4606
4620,3015,4621
4620,4621,4610
4622,4616,4617
4622,4617,4623
4624,4623,3015
4624,3015,3014
4624,3014,4622
4624,4622,4623
4625,3018,3013
4625,3013,3015
4625,4620,3018
4625,3015,4620
4626,2990,4619
4626,4619,4627
4626,4627,4628
4629,4622,3014
4629,4630,4627
4631,3012,2990
4631,3022,3012
4631,2990,4626
4632,1578,3049
4632,3049,3006
4632,3006,2994
4632,2994,2993
4632,2998,1578
4632,2993,2998
4633,4630,3026
4633,4628,4627
4633,4627,4630
4634,2996,2967
4634,3121,2997
4634,2997,2996
4635,4633,3026
4635,3026,3025
4635,3025,4636
4637,4635,4636
4637,4638,4639
4637,4639,4628
4640,4639,4638
4640,3022,4639
4641,4640,4638
4641,4637,4636
4641,4638,4637
4641,4642,4640
4641,4636,4642
4643,4640,4642
4643,4644,4645
4646,3033,3036
4646,3025,3033
4646,4636,3025
4647,4646,3036
4647,4636,4646
4647,4642,4636
4648,3036,3038
4648,4642,4647
4648,4647,3036
4648,3038,4649
4650,4649,3038
4651,3047,1577
4651,3039,4652
4651,4652,3045
4651,3045,3047
4651,1577,698
4651,698,3039
4653,4650,3038
4654,1581,1580
4654,4653,3038
4654,3038,3037
4654,3037,3034
4654,3034,1584
4654,1584,1581
4655,3044,4656
4657,4655,4656
4658,3045,4652
4659,1598,1601
4659,4654,1580
4659,1580,1598
4660,3045,4658
4661,3046,3045
4661,3045,4660
4662,4663,4664
4662,4665,4666
4667,3046,4661
4668,3050,3046
4669,2999,3001
4669,3051,2999
4669,2987,1590
4669,1657,1656
4669,1590,1641
4669,1656,3051
4669,1641,1657
4669,4592,2987
4669,3001,4592
4670,3046,4667
4671,1601,1600
4671,4664,4663
4671,4663,1601
4672,4664,4671
4673,3048,3006
4673,3006,3055
4673,3055,1618
4673,3056,3048
4673,3057,3056
4673,1618,3057
4674,3049,3050
4674,3053,3049
4674,3055,3053
4674,3060,3055
4675,4676,4677
4678,3065,3064
4678,4679,3065
4680,4681,4676
4682,3061,3060
4683,3067,4684
4683,3059,3067
4683,4684,3068
4683,727,1617
4683,3068,727
4683,1617,3059
4685,3064,3070
4686,4685,3070
4687,3061,4688
4689,3061,4687
4689,3067,3061
4690,3067,4689
4691,4684,3067
4691,3067,4690
4692,4693,4694
4695,1645,1649
4695,4696,4697
4698,4695,1649
4698,4692,4696
4698,4696,4695
4699,4700,3086
4701,4700,4699
4702,1649,1644
4703,4702,1644
4703,1644,3091
4704,726,725
4704,1637,726
4704,725,729
4704,729,3103
4705,3100,4706
4707,4703,3091
4707,3094,3097
4707,3091,3094
4707,3097,3101
4708,4709,4710
4711,4707,3101
4711,3100,4705
4711,3101,3100
4712,4706,3100
4712,3100,3099
4713,4708,4714
4715,3090,4713
4715,4713,4716
4717,3089,3088
4717,3088,3090
4718,4712,3099
4718,3099,3098
4718,3098,4714
4718,4714,4712
4719,4713,4714
4719,4716,4713
4719,4714,3098
4720,4721,4722
4720,3089,4717
4720,4723,3089
4720,4722,4723
4724,4715,4716
4724,4721,4715
4724,4716,4719
4724,4719,3098
4725,222,220
4725,1562,1599
4725,1699,225
4725,219,217
4725,3029,1562
4725,220,219
4725,225,222
4725,1599,1699
4725,217,3029
4726,3098,3104
4726,3104,3107
4726,4724,3098
4727,4728,4722
4727,4722,4721
4727,4726,3107
4727,3107,4728
4729,3102,3089
4729,3089,4723
4730,3102,4729
4731,3111,3114
4731,3107,3111
4731,4728,3107
4732,3103,3102
4732,4733,3117
4732,3117,3103
4732,3102,4730
4734,4731,3114
4734,4735,4736
4737,4734,3114
4737,3114,3115
4737,3115,4738
4737,4738,4735
4737,4735,4734
4739,1637,4704
4739,4704,3103
4739,3119,1637
4739,3103,3117
4739,3117,3119
4740,4741,4742
4743,4740,4742
4744,4742,4736
4744,4743,4742
4745,4735,4738
4745,4736,4735
4745,4744,4736
4746,3113,3112
4746,3112,3122
4747,1687,3140
4747,3140,3142
4747,1573,1687
4747,3080,1639
4747,1639,1573
4748,3122,3124
4748,3113,4746
4748,4746,3122
4748,4749,3113
4750,3117,4733
4750,4733,4751
4752,4753,4754
4752,4754,4751
4755,4749,4748
4756,4747,3142
4756,3080,4747
4756,3081,3080
4757,4758,4759
4757,4759,4755
4757,4748,3124
4757,4755,4748
4757,3124,3126
4760,3118,3117
4760,4761,3118
4760,3117,4750
4762,4758,4757
4762,4757,3126
4763,3118,4761
4763,3119,3118
4764,4765,4766
4767,4768,4769
4767,4761,4768
4770,4767,4769
4770,4771,4767
4772,4770,4769
4773,4766,4765
4773,4772,4769
4773,4769,4766
4774,3135,3136
4774,3136,3137
4774,4775,3131
4774,3131,3134
4774,3134,3135
4776,4777,4778
4779,4774,3137
4780,4776,4781
4780,4777,4776
4780,4781,4782
4783,3139,3141
4783,3137,3139
4783,4779,3137
4784,3141,1700
4784,4783,3141
4784,1700,4783
4785,4783,1700
4785,4779,4783
4786,3151,3148
4786,3148,3147
4786,3152,3151
4786,3153,3152
4787,3153,4786
4788,4789,4790
4788,4790,4777
4788,4780,4791
4788,4777,4780
4792,3153,4787
4792,4785,1700
4792,4787,4785
4792,3154,3153
4792,3156,3154
4792,3157,3156
4792,3161,3157
4793,4789,4788
4793,4788,4791
4793,4791,4794
4793,4795,4789
4793,4796,4795
4797,4792,1700
4797,3161,4792
4798,4797,1700
4798,3161,4797
4799,4793,4794
4799,4796,4793
4800,1703,3160
4800,4798,1700
4800,3161,4798
4800,3160,3161
4800,1700,1703
4801,4796,4799
4801,4802,4796
4803,3179,3138
4803,3138,1695
4803,1715,3179
4803,1695,1715
4804,4805,3155
4804,3155,3166
4806,4804,3166
4807,3164,3159
4807,3159,4808
4809,4810,4806
4811,3177,3176
4811,3172,3177
4811,1714,3172
4811,3165,1714
4811,4806,3166
4811,4809,4806
4811,3166,3165
4812,3163,3164
4812,3167,3163
4813,4814,4815
4816,4813,4815
4817,3164,4807
4817,4818,4812
4817,4812,3164
4819,4813,4816
4820,4821,4822
4820,4822,4823
4820,4824,4825
4820,4826,4824
4820,4827,4826
4820,4825,4821
4828,3169,3167
4828,3167,4812
4828,4812,4818
4828,3180,3169
4829,4819,4816
4830,4827,4820
4830,4820,4823
4830,3176,3175
4830,3175,3178
4830,3178,4827
4831,4826,4827
4831,4827,3178
4832,1680,1690
4832,3182,3145
4832,3143,1680
4832,3145,3143
4833,4834,4835
4833,4835,4836
4837,4831,3178
4837,3178,3184
4838,4839,4834
4838,4833,4840
4838,4834,4833
4841,4842,4839
4841,4839,4838
4843,1690,1689
4843,1705,229
4843,1689,1706
4843,3182,4832
4843,1706,1705
4843,4832,1690
4844,4842,4841
4845,4828,4818
4845,3180,4828
4845,3183,3180
4846,4837,3184
4847,4848,4849
4850,4846,3184
4850,4848,4847
4851,4835,4834
4852,4839,4842
4853,4852,4842
4853,4842,4854
4855,4856,4857
4858,4854,4849
4858,4853,4854
4859,4860,4857
4859,4845,4860
4859,3183,4845
4861,3185,3183
4861,4862,3185
4863,4861,3183
4863,3183,4859
4864,4865,4866
4864,4867,4865
4864,4868,4867
4869,4863,4859
4869,4859,4857
4870,3188,3193
4871,4861,4863
4872,4862,4861
4872,4861,4871
4873,4872,4871
4873,4874,4872
4875,4870,3193
4876,4862,4872
4876,3185,4862
4876,3174,3185
4877,4874,4873
4878,4879,4880
4881,4874,4882
4881,4876,4872
4881,4872,4874
4883,3199,3174
4883,4876,4881
4883,3174,4876
4884,4874,4877
4884,4877,4885
4886,4882,4874
4886,4874,4884
4887,3193,3192
4888,4887,3192
4889,3195,3194
4890,3199,4883
4891,4892,4889
4893,3199,4890
4893,4890,4894
4895,3192,1729
4895,4888,3192
4895,1729,3208
4896,4897,4891
4896,3208,3218
4896,4895,3208
4896,3218,4897
4898,4893,4894
4899,3203,3197
4899,3197,3199
4899,3199,4893
4900,4893,4898
4900,4899,4893
4901,3189,3182
4901,1744,3189
4901,1757,1744
4902,4900,4898
4903,4899,4900
4904,3284,1766
4904,1757,4901
4904,4901,3182
4904,3182,4843
4904,229,228
4904,4843,229
4904,1766,1757
4904,228,3285
4904,3285,3284
4905,3205,3203
4905,4906,3205
4905,3203,4899
4905,4899,4903
4907,4905,4903
4907,4906,4905
4908,3202,3204
4908,3204,3205
4908,3205,4909
4908,3207,3202
4910,4911,4912
4910,4912,4913
4914,4907,4903
4914,4915,4906
4914,4906,4907
4916,4908,4909
4916,3207,4908
4916,3219,3207
4917,4906,4915
4917,4915,4918
4919,4917,4918
4920,3221,3222
4920,3218,3221
4920,4897,3218
4921,4916,4909
4921,3219,4916
4922,4923,4924
4925,4924,4926
4925,4922,4924
4927,4925,4926
4928,4926,4929
4928,4927,4926
4930,4931,4932
4930,4932,4933
4934,4931,4930
4935,4920,3222
4936,4937,4938
4939,4937,4936
4940,4941,4937
4940,4937,4939
4942,4941,4940
4943,4941,4942
4943,4944,4945
4943,4945,4941
4946,4935,3222
4946,3226,4947
4946,3222,3226
4948,3219,4921
4948,3220,3219
4949,3226,3227
4949,4947,3226
4950,3227,3228
4950,4949,3227
4950,4951,4949
4950,3228,3229
4952,3234,4953
4954,3234,4952
4955,3234,4954
4956,3234,4955
4957,3234,4956
4958,3234,4957
4959,3234,4958
4960,3234,4959
4961,4960,3229
4961,3234,4960
4962,4961,3229
4962,3234,4961
4963,4962,3229
4963,3234,4962
4964,4963,3229
4964,3234,4963
4965,4964,3229
4965,3234,4964
4966,4967,4968
4966,4968,4969
4966,4970,4971
4966,4971,4972
4966,4972,4973
4966,4973,4974
4966,4974,4975
4966,4975,4976
4966,4976,4977
4966,4978,4970
4966,4969,4978
4979,4965,3229
4979,3234,4965
4980,4979,3229
4980,3234,4979
4981,4980,3229
4981,3234,4980
4982,3229,1770
4982,4981,3229
4982,3251,3234
4982,3234,4981
4982,1770,3251
4983,4966,4977
4983,4977,4984
4985,4983,4984
4985,4984,4986
4985,4986,4987
4988,4985,4987
4988,4987,4989
4988,4989,4990
4988,4990,4991
4988,4991,4992
4988,4992,4993
4988,4993,4994
4988,3234,3233
4988,4994,4995
4988,4995,4996
4988,4996,3234
4997,4998,4999
4997,3233,3232
4997,3232,3235
4997,3235,3236
4997,3236,3238
4997,3238,3239
4997,3239,3240
4997,3240,3241
4997,3241,3242
4997,3242,1769
4997,1769,3253
4997,4983,4985
4997,4988,3233
4997,4985,4988
4997,4999,5000
4997,3253,4998
5001,5002,5003
5004,5005,5006
5004,5003,5005
5004,5001,5003
5007,5000,4999
5008,5006,5009
5008,5004,5006
5010,5008,5009
5011,5010,5009
5011,5009,5012
5011,5012,5013
5014,5015,5001
5014,5001,5004
5016,5017,5018
5019,5017,5016
5020,5017,5019
5021,5020,5007
5021,5017,5020
5022,5017,5021
5022,5021,5007
5023,5017,5022
5023,5022,5007
5024,5017,5023
5024,5023,5007
5025,5007,4999
5025,5017,5024
5025,5024,5007
5026,5027,5028
5026,5028,3255
5026,3255,3257
5026,5029,5027
5030,79,78
5030,80,79
5031,5032,5033
5034,80,5030
5034,81,80
5034,5030,5032
5035,81,5034
5035,82,81
5035,5034,5032
5035,5031,5036
5035,5032,5031
5035,5036,5037
5038,3287,1776
5038,3282,3287
5038,3336,5039
5038,1776,3336
5038,3275,3276
5038,3276,3277
5038,3277,3278
5038,3278,3279
5038,3279,3280
5038,3280,3281
5038,3281,3282
5040,5037,5041
5040,82,5035
5040,83,82
5040,84,83
5040,5035,5037
5042,84,5040
5042,85,84
5043,3291,3290
5043,5044,5045
5043,3290,5044
5043,5045,5046
5047,85,5042
5048,85,5047
5048,86,85
5048,87,86
5049,3324,3323
5049,3325,3324
5049,5039,3336
5049,3326,3325
5049,3331,3326
5050,1767,1765
5050,3342,3289
5050,3283,3342
5050,3289,1767
5050,1765,3283
5051,112,111
5051,113,112
5051,111,3322
5052,113,5051
5052,114,113
5052,115,114
5052,116,115
5052,3335,116
5053,1779,1771
5053,3345,1779
5054,3345,5053
5054,5053,1771
5055,1771,3266
5055,3266,3286
5055,3346,3345
5055,5054,1771
5055,3347,3346
5055,3345,5054
5055,3348,3347
5055,3349,3348
5056,227,231
5056,231,233
5056,3286,227
5056,5055,3286
5056,3349,5055
5057,3352,1787
5057,3353,3352
5057,3289,3351
5057,1787,3289
5057,3351,3353
5058,1798,129
5058,1795,1800
5058,3351,1795
5058,129,3353
5058,3353,3351
5058,1800,1798
5059,3357,0
5060,3361,3359
5060,3359,3358
5061,813,3357
5061,5062,813
5061,3357,5059
5063,3368,3367
5064,3368,5063
5065,3368,5064
5066,3372,3368
5066,3368,5065
5067,5062,5068
5067,5068,5069
5067,5069,5070
5067,5070,5071
5067,5071,3364
5072,5067,3364
5073,5072,3364
5073,3364,3363
5074,5073,3363
5075,5074,3363
5076,5075,3363
5076,3363,3369
5077,813,5062
5077,5062,5067
5077,1823,814
5077,1826,1825
5077,5078,5079
5077,3385,1828
5077,1827,1826
5077,1825,1823
5077,1828,1827
5077,5079,3385
5077,5080,5078
5077,814,813
5081,1819,3378
5081,3373,1819
5082,5083,5081
5082,5081,3378
5082,3378,3377
5082,3377,5084
5085,5086,5087
5085,5088,5086
5089,5088,5085
5090,5089,5084
5090,5088,5089
5091,3377,3379
5091,5090,5084
5091,5088,5090
5091,5084,3377
5092,5087,5086
5092,5093,5087
5092,5079,5078
5092,3384,3385
5092,3389,3384
5092,3385,5079
5092,5080,5093
5092,5078,5080
5094,5086,5088
5094,3389,5092
5094,5092,5086
5095,5088,5091
5095,5091,3379
5095,3389,5094
5095,5094,5088
5095,3379,3386
5095,3386,3389
5096,1842,3382
5096,1838,1842
5096,3382,3381
5096,3383,1838
5096,3381,3383
5097,1836,880
5098,5099,5100
5101,3398,1841
5101,3392,5098
5101,1841,3392
5102,3397,3396
5102,5100,5099
5103,3396,3400
5103,5102,3396
5103,5100,5102
5104,3398,5101
5105,5103,3400
5105,5100,5103
5106,3382,1881
5106,3394,3393
5106,3393,3382
5107,1881,3382
5107,3382,1842
5107,3409,1881
5107,3403,3409
5107,1842,3403
5108,3394,5106
5108,1881,1855
5108,5106,1881
5108,1855,3407
5108,3407,3394
5109,5110,5111
5109,5112,5110
5113,5114,5115
5113,5115,5111
5113,5111,5110
5113,3398,5114
5113,3402,3398
5116,5110,5112
5116,5112,5117
5118,3384,3429
5118,1824,3384
5118,1914,1824
5119,3411,3412
5120,5121,5122
5123,5124,3405
5123,3405,1860
5123,1860,3420
5123,5125,5126
5123,3420,5125
5127,3411,5119
5127,5120,5122
5127,5119,5120
5128,3410,3411
5129,5123,5126
5130,3414,5131
5130,3427,3424
5130,3428,3427
5130,3424,3414
5132,5129,5126
5132,5126,5125
5132,5125,3420
5132,3420,3421
5133,5134,5135
5136,5137,5134
5136,5134,5133
5138,5135,5134
5139,525,845
5139,3470,3519
5139,3413,3465
5139,3519,3520
5139,3520,3521
5139,845,3413
5139,3465,3470
5139,3521,525
5140,3426,3428
5140,3428,5138
5141,3423,3426
5141,3426,5140
5141,3432,3423
5142,1885,1887
5142,1887,3423
5142,3423,3434
5142,3434,5143
5144,5118,3429
5144,1914,5118
5144,3429,3503
5145,3437,3440
5145,3421,3437
5145,5132,3421
5145,5146,5132
5145,3440,5147
5148,5142,5143
5148,1888,1885
5148,1885,5142
5149,3440,3439
5149,5147,3440
5150,3439,3446
5150,5149,3439
5151,5152,5150
5151,5150,3446
5153,1917,3449
5153,3430,1917
5153,3449,1922
5153,1922,3430
5154,5151,3446
5154,5155,5151
5156,5154,3446
5156,5157,5154
5156,3446,3452
5158,3452,3454
5159,5160,5158
5161,3443,3444
5161,3444,3447
5162,3442,3441
5162,3443,5161
5162,3441,3443
5162,3458,3442
5163,5161,3447
5164,5163,3447
5165,5158,3454
5165,5166,5159
5165,5159,5158
5167,5166,5165
5168,5165,3454
5168,5167,5165
5169,3503,3506
5169,5144,3503
5169,1914,5144
5170,3463,3461
5170,3461,3458
5170,3458,5162
5171,3463,5170
5172,5168,3454
5173,3475,5174
5175,3475,5173
5175,3473,3475
5176,3477,3473
5176,3473,5175
5177,3464,3478
5177,3454,3464
5177,3478,5178
5177,5172,3454
5177,5178,5172
5179,3479,3462
5179,3462,3463
5179,3463,5171
5179,5174,3475
5179,3475,3479
5180,3478,3481
5180,3481,3477
5180,5178,3478
5180,3477,5176
5181,3416,3415
5182,1943,3459
5182,3459,3460
5182,3460,3462
5183,3462,3479
5184,5182,3462
5185,3462,5183
5186,3482,5185
5186,3479,3474
5186,3474,3482
5186,5183,3479
5186,5185,5183
5187,5184,3462
5187,3462,5185
5188,5187,5185
5189,3483,1958
5189,3484,3483
5190,1943,5182
5190,3494,1944
5190,5191,3494
5190,1944,1943
5192,5189,1958
5192,1958,3490
5193,5192,3490
5193,3489,3488
5193,3490,3489
5194,5190,5195
5194,5191,5190
5194,5196,5197
5194,5197,5191
5198,5196,5194
5198,3485,3487
5198,3487,5196
5199,1976,969
5199,3496,1976
5199,969,1954
5199,3492,3496
5199,1954,3492
5200,5191,5197
5200,3494,5191
5200,3493,3494
5201,3487,3486
5201,5196,3487
5202,3495,3493
5203,5204,5205
5206,5202,5207
5206,3495,5202
5206,5207,5208
5209,3516,3497
5209,3497,3496
5209,3496,3495
5210,3502,3416
5211,5212,3499
5211,3514,5213
5211,1981,3514
5211,1982,1981
5211,3499,1982
5214,5213,3514
5215,3513,5216
5215,3514,3513
5215,5214,3514
5217,3497,3515
5217,3509,3507
5217,3507,1976
5217,1976,3497
5217,3515,3509
5218,5216,5219
5218,5215,5216
5220,3513,3512
5221,1984,1991
5221,3512,1981
5221,5222,3512
5221,1991,5222
5221,1981,1980
5221,1980,1984
5223,3512,5222
5223,5222,5224
5223,5220,3512
5225,5223,5224
5226,5227,5228
5229,3522,3523
5230,5226,5228
5230,5228,5224
5231,5229,5232
5233,3522,5229
5233,5229,5231
5233,3527,3522
5234,5233,5231
5235,2034,2033
5235,3502,5210
5235,2033,3502
5236,5237,5238
5239,3527,5240
5241,5242,5243
5244,1991,2002
5244,2002,2008
5244,5222,1991
5244,5224,5222
5245,2010,2001
5245,3527,5239
5245,2001,3527
5246,5238,5237
5246,5237,5242
5247,2015,2010
5247,2010,5245
5248,3532,5242
5248,1996,3532
5248,5242,5241
5249,5242,3532
5249,5246,5242
5250,2019,2016
5251,3532,1998
5251,1998,2020
5251,5249,3532
5252,2057,2045
5252,3531,2057
5253,2017,2021
5254,3552,3551
5255,3546,5256
5257,3544,3539
5257,3539,3540
5258,3546,5255
5258,3545,3546
5259,2029,3543
5259,3543,3559
5259,3559,3560
5259,3560,5260
5261,3540,3547
5261,3547,5262
5263,3544,5257
5263,3553,3544
5264,5265,5260
5266,5264,5260
5266,3560,3562
5266,5260,3560
5267,2032,2038
5267,2038,2039
5267,2039,2040
5267,3525,2035
5267,3564,3525
5267,2035,2032
5268,3540,5261
5268,3575,3574
5269,3553,5263
5269,3563,3553
5270,3548,3518
5270,3518,3525
5270,3525,3566
5270,3566,3594
5271,5261,5262
5272,3562,3569
5273,3575,5268
5273,5268,5261
5273,5271,5274
5273,5261,5271
5275,5276,5272
5277,2040,3570
5277,5267,2040
5278,3575,5273
5279,3577,3576
5279,5269,3577
5279,3563,5269
5280,5272,3569
5280,5275,5272
5280,3569,2062
5280,2062,3578
5281,5280,3578
5282,3578,3581
5282,5281,3578
5283,3563,5279
5284,3554,3583
5284,3583,3582
5284,2049,3554
5284,3582,2060
5284,2060,2049
5285,3580,3579
5285,5286,3580
5287,3584,3583
5288,5289,3568
5288,5290,5289
5288,3568,3564
5291,3581,3586
5291,3579,3581
5291,2075,5292
5291,2076,2075
5291,3586,2076
5293,5294,5295
5296,5294,5293
5296,5297,5294
5298,5297,5296
5298,5299,5297
5300,3592,2056
5300,2056,2043
5300,2070,3558
5300,2102,3592
5300,3558,2102
5300,2067,2066
5300,2066,2068
5300,2043,3571
5300,2068,2070
5300,3571,2067
5301,5295,5294
5301,5302,5303
5301,5304,5302
5301,5305,5304
5306,5301,5294
5306,5305,5301
5307,5298,5308
5307,5299,5298
5309,3584,5287
5309,5310,5303
5309,5287,5310
5311,5309,5303
5312,5299,5307
5313,5311,5303
5314,5306,5294
5314,5305,5306
5314,5294,5297
5314,5297,5299
5315,5313,5303
5316,5317,5318
5316,5292,2075
5316,5318,5292
5316,5312,5317
5316,5299,5312
5319,1013,2098
5319,2052,2051
5319,2051,2053
5319,2053,1013
5319,2054,2052
5320,5316,2075
5320,2075,3587
5320,5299,5316
5320,5321,5299
5322,5320,3587
5322,5321,5320
5323,3582,3584
5323,2079,3582
5324,3587,3591
5324,5322,3587
5324,5325,5322
5326,5323,3584
5326,5327,5323
5328,2079,5323
5328,5323,5327
5329,2078,2079
5330,5329,5331
5330,3590,2078
5330,3596,3590
5330,2078,5329
5330,5331,3596
5332,3568,5289
5332,5333,5334
5332,5334,5335
5332,3567,3568
5332,3594,3567
5332,5335,3594
5336,5337,5333
5336,5333,5332
5338,5337,5336
5339,5340,5327
5341,3605,5337
5341,3608,3605
5341,5337,5338
5342,5270,3594
5342,3548,5270
5343,3608,5341
5344,3591,3597
5345,5346,5347
5348,5344,3597
5348,3597,2112
5348,5349,5344
5350,5348,2112
5350,5349,5348
5351,3596,5331
5352,3595,3596
5352,3596,5351
5353,3604,3610
5353,5350,2112
5353,2112,3604
5353,5354,5350
5355,3616,3615
5356,2103,3600
5356,3615,3614
5356,3600,3615
5357,3610,3609
5358,5334,5333
5358,5333,5337
5358,5342,3594
5358,5335,5334
5358,3594,5335
5359,5358,5337
5359,5360,5358
5361,5360,5359
5361,5359,5337
5362,2103,5356
5362,5356,3614
5363,5360,5361
5363,5361,5337
5364,5363,5337
5364,5360,5363
5364,5337,3605
5364,3605,3607
5364,5365,5360
5364,3607,5365
5366,3616,5355
5367,5368,5357
5367,3609,3619
5367,5357,3609
5369,5368,5367
5370,5362,3614
5370,2103,5362
5370,3622,2103
5370,3614,3620
5370,3620,3622
5371,5369,5367
5372,3616,5366
5373,3616,5372
5373,3614,3616
5374,5375,5373
5374,5373,5372
5376,5367,3619
5376,5371,5367
5376,5377,5371
5376,3619,3623
5378,5373,5375
5378,3614,5373
5378,3621,3614
5379,3621,5378
5380,2114,3629
5380,3623,2114
5380,5377,5376
5380,5376,3623
5380,5381,5377
5380,3629,3631
5380,3631,5381
5382,3624,3620
5383,3630,3632
5384,3621,5379
5385,3621,5384
5385,5382,3620
5385,3620,3621
5386,5383,3632
5387,3634,3624
5387,3624,5382
5387,5382,5385
5388,3636,3625
5388,3624,3635
5388,3622,3624
5388,3635,3636
5388,3625,3622
5389,5386,3632
5389,3632,3633
5390,3663,5342
5391,3634,5387
5392,3633,3638
5392,3638,3640
5392,5393,3633
5394,3635,3634
5395,3636,3639
5395,1056,3636
5395,3639,5396
5395,3643,1060
5395,5396,3643
5395,1060,1056
5397,5392,3640
5397,3640,3642
5398,3639,3635
5398,3635,5394
5399,5398,5400
5399,3639,5398
5399,5400,5401
5402,5399,5401
5402,3639,5399
5403,5402,5401
5403,5401,5404
5403,3639,5402
5403,5396,3639
5405,5396,5403
5405,3643,5396
5405,3645,3643
5405,5403,5404
5406,5404,5401
5406,5401,5407
5408,5404,5406
5409,5405,5404
5409,3645,5405
5410,3645,5409
5410,3648,3645
5411,3649,2130
5412,5413,5414
5412,5415,5413
5416,3648,5410
5417,3657,3659
5417,5412,5414
5418,5416,5419
5418,3648,5416
5420,5411,2130
5420,3657,5417
5420,2130,3657
5420,5414,5411
5420,5417,5414
5421,5422,3651
5421,3648,5418
5421,3651,3648
5423,3607,3606
5424,5417,3659
5425,3659,5426
5425,5424,3659
5427,2148,3656
5427,3656,3654
5427,3651,5422
5427,5422,3661
5427,3661,2148
5427,3654,3651
5428,3661,5422
5428,5422,5429
5430,5426,3659
5431,3661,5428
5432,3661,5431
5432,3660,3661
5433,3667,3660
5433,3660,5432
5434,3664,3667
5435,5430,3659
5435,3659,1094
5435,5436,5437
5435,1094,3674
5435,3674,5436
5438,3668,3664
5438,3672,3668
5438,3664,5434
5439,5440,5436
5439,5436,3674
5441,5442,5443
5441,3676,3675
5441,5443,3676
5444,5441,3675
5445,3674,2155
5445,5439,3674
5445,2155,2157
5446,3672,5444
5447,3669,3672
5447,5448,3669
5447,5446,5449
5447,3672,5446
5450,5448,5447
5450,5451,5448
5450,5447,5449
5452,3677,3669
5452,3669,5448
5452,5448,5451
5453,5454,5449
5453,3675,2156
5455,5449,5454
5455,5456,5451
5455,5451,5450
5455,5450,5449
5457,3679,3677
5457,3677,5452
5458,5454,5453
5458,2156,3683
5458,5453,2156
5459,3679,5457
5460,3679,5459
5460,5459,5461
5460,5461,3684
5460,3684,3679
5462,3690,3689
5462,5461,5463
5462,5463,3690
5464,5463,3686
5464,2169,3690
5464,3685,2169
5464,3686,3685
5464,3690,5463
5465,5462,3689
5465,5461,5462
5465,3684,5461
5466,3682,3684
5466,3684,5465
5467,3682,5466
5468,3682,5467
5469,2164,3682
5469,3694,3693
5469,3682,5468
5469,3693,2164
5470,5471,5423
5472,3696,3697
5472,5473,3696
5472,3697,3700
5474,3698,3694
5475,3680,2165
5475,2165,2167
5475,2167,2180
5475,3687,3680
5475,2189,3687
5476,3694,5477
5476,5474,3694
5478,3707,3702
5479,5423,5471
5479,3607,5423
5479,3756,3755
5479,3757,3756
5480,3706,3705
5480,3705,3711
5481,5482,5480
5481,5480,3711
5481,3711,3712
5483,2179,3707
5484,5482,5481
5484,5481,3712
5485,5482,5484
5485,5484,3712
5486,5483,5487
5486,5487,5488
5486,2179,5483
5486,3713,2179
5486,5488,3713
5489,5485,3712
5489,3714,3716
5489,3712,3714
5490,5475,2180
5490,2189,5475
5490,2191,2189
5491,5488,5487
5491,5489,3716
5491,5487,5489
5492,2180,3713
5492,5490,2180
5492,5493,5494
5495,5488,5491
5495,5491,3716
5496,5488,5495
5496,3716,3715
5496,5495,3716
5497,5488,5496
5498,5499,5493
5500,2198,3784
5500,1085,2198
5500,5471,5470
5500,1086,1085
5500,3784,2221
5500,5470,1086
5501,2185,3719
5501,3714,2185
5501,3715,3714
5502,5494,5493
5503,5494,5502
5504,5505,5506
5504,5506,5507
5508,5504,5507
5509,3722,5503
5510,3721,3722
5510,3722,5509
5511,3721,5510
5512,5513,5507
5514,5506,2183
5514,5507,5506
5514,3729,3731
5514,3731,5512
5514,2183,3729
5514,5512,5507
5515,5512,3731
5516,5517,5518
5519,5515,3731
5519,5520,5515
5521,3727,5516
5522,3726,2196
5522,3734,3726
5523,3731,3730
5524,5523,3730
5524,5525,5523
5526,3754,3817
5527,5525,5524
5528,3673,3717
5528,3810,2263
5529,2221,2223
5529,5471,5500
5529,5500,2221
5529,3821,3820
5529,2223,3821
5530,5524,3730
5530,5527,5524
5531,1105,1114
5531,3729,2183
5531,2215,3729
5531,1124,1129
5531,1129,2215
5531,1114,1124
5531,2183,1105
5532,3730,3743
5532,5530,3730
5532,3743,2210
5533,3735,5534
5533,3733,3735
5535,2210,2209
5535,5532,2210
5536,5537,5538
5539,3733,5533
5539,5533,5534
5540,5541,5536
5540,5534,5541
5540,3739,3741
5540,5536,3739
5542,3733,5539
5542,3738,3733
5543,5540,3741
5543,3741,3745
5543,5534,5540
5543,5539,5534
5544,3738,5542
5545,3750,3736
5545,5546,3750
5545,3736,3738
5545,3738,5544
5547,3752,3748
5547,3748,2205
5547,3736,3750
5547,2205,2200
5547,3750,3752
5547,2200,3736
5548,5549,3746
5550,5548,3746
5550,3746,3744
5551,3741,3740
5551,3740,2208
5551,3747,3741
5552,2208,3764
5552,3747,5551
5552,5553,3747
5552,5551,2208
5554,5553,5552
5554,5555,5553
5554,3764,3765
5554,5552,3764
5556,3751,3750
5557,5555,5554
5557,3765,3771
5557,5554,3765
5557,5558,5555
5559,3751,5556
5560,3776,3775
5560,3771,3776
5560,5557,3771
5560,5558,5557
5561,5528,3717
5561,3810,5528
5562,3752,3751
5562,5563,3768
5562,3768,3752
5562,3751,5559
5564,5561,3717
5565,3817,2267
5565,5526,3817
5566,3762,3749
5566,3749,3779
5567,3768,5563
5567,3769,3768
5568,3775,3773
5568,3783,5569
5570,3769,5567
5570,5567,5571
5570,5572,3769
5573,5574,5569
5573,5569,3783
5575,5573,3783
5575,3783,3782
5576,5575,3782
5576,5577,5571
5578,5566,3779
5578,3777,3762
5578,3762,5566
5579,5570,5571
5579,5572,5570
5579,5571,5577
5580,3783,5568
5580,3773,3774
5580,5568,3773
5580,3774,3781
5580,3781,3783
5581,5576,3782
5581,5577,5576
5581,3782,3781
5582,3788,1131
5582,2213,2238
5582,2238,3788
5582,2212,2213
5582,1131,2212
5583,2239,2238
5583,3777,5578
5583,2238,3777
5583,3785,2239
5583,5578,3785
5584,5578,3779
5585,5577,5581
5586,5578,5584
5586,5584,5587
5586,3785,5578
5588,3819,3813
5588,3820,3819
5589,3787,2252
5589,3774,3787
5589,2252,3793
5589,3781,3774
5590,3792,3794
5591,5590,3794
5592,3785,5586
5593,3758,5588
5593,3761,3766
5593,3766,3758
5593,5588,3813
5593,3812,3761
5593,3813,3812
5594,5595,5596
5594,3793,3792
5594,5589,3793
5594,5596,5589
5597,3786,3785
5597,3785,5592
5598,5599,5600
5601,3786,5597
5602,3786,5601
5603,3786,5602
5604,3796,3786
5604,3797,3796
5604,3786,5603
5605,3795,3803
5605,3803,2261
5606,5605,2261
5607,3803,3793
5607,2253,3803
5607,2252,2253
5607,3793,2252
5608,3797,5604
5609,2262,3798
5609,2261,2262
5609,5606,2261
5610,3797,5608
5611,3797,5610
5611,3801,3797
5612,3802,3801
5612,5613,3802
5614,5612,3801
5614,3801,5611
5615,2260,5616
5615,2262,2260
5615,3804,2262
5617,5615,5616
5617,5616,5618
5617,5618,5619
5620,5621,3829
5620,3807,3790
5620,3829,3807
5620,3789,5621
5620,3790,3789
5622,3802,5613
5623,5622,5613
5623,5624,5622
5623,5625,5624
5626,3811,3810
5626,3833,3825
5626,3825,3818
5626,3818,3811
5627,5616,3814
5627,5618,5616
5627,5628,5618
5629,3802,5622
5629,5621,3789
5629,3789,3802
5630,3833,5626
5630,5626,5631
5632,5627,3814
5632,3814,3816
5633,3833,5630
5633,3838,3833
5633,5630,5631
5634,5632,3816
5634,5625,5632
5634,5624,5625
5635,5616,2260
5636,5621,5629
5637,5635,2260
5637,3836,3845
5637,2253,3836
5637,3845,5635
5637,2260,2253
5638,3838,5633
5638,5633,5631
5639,5634,3816
5640,3829,5621
5640,5636,5641
5640,5621,5636
5642,3814,5616
5642,5616,5635
5642,5635,3845
5643,5641,5636
5643,5644,5645
5646,5644,5639
5646,5645,5644
5647,5641,5643
5647,5643,5645
5648,5646,3842
5648,5649,5645
5648,5645,5646
5650,3828,3829
5650,3829,5640
5651,5641,5647
5651,5645,5649
5651,5647,5645
5652,3814,5642
5652,3848,3815
5652,3845,3848
5652,5642,3845
5652,3815,3814
5653,3828,5650
5654,2269,2307
5654,2307,3838
5654,5655,2269
5654,5656,5655
5654,3838,5638
5654,5638,5631
5654,5631,5656
5657,3839,3828
5657,3828,5653
5658,3842,3841
5658,5648,3842
5658,5649,5648
5659,5658,3841
5659,5660,5649
5659,5649,5658
5659,3841,3847
5661,3839,5657
5662,5659,3847
5663,3840,3839
5663,3839,5661
5664,3840,5663
5665,5662,3847
5665,5666,5662
5665,3847,3843
5667,3840,5664
5667,3831,3809
5667,3809,3840
5668,5669,5666
5668,5666,5665
5668,5665,3843
5670,5667,5664
5671,5667,5670
5671,3831,5667
5672,3831,5671
5672,3849,3831
5673,5674,5668
5673,5668,3843
5675,5672,5671
5676,3849,5672
5676,5672,5677
5676,5677,5678
5679,3849,5676
5679,5676,5678
5679,5678,5680
5681,3857,3852
5681,3852,3851
5681,3849,5679
5681,5679,5680
5681,3851,3849
5682,3843,2322
5682,5673,3843
5682,2322,2324
5683,5680,5678
5684,5680,5683
5685,5682,2324
5686,3859,3823
5686,3864,3886
5686,3886,2374
5686,3823,3864
5686,2374,3859
5687,5688,5689
5687,5680,5688
5687,5681,5680
5687,3857,5681
5690,5691,5692
5690,5692,3867
5693,5680,5684
5693,5688,5680
5694,2324,3867
5694,5685,2324
5694,3867,5692
5694,5692,5685
5695,5688,5693
5696,3857,5687
5696,5687,5689
5696,3855,3857
5697,3855,5696
5697,3875,3856
5697,3856,3855
5698,5690,3867
5698,5699,5690
5698,5700,5699
5698,3867,2323
5701,3875,5697
5701,3876,3875
5702,5700,5698
5702,5698,2323
5702,2323,3879
5703,5701,5704
5705,3880,5706
5705,3879,3880
5707,3874,5708
5707,3882,3877
5707,3877,3874
5709,3882,5707
5710,3890,3898
5710,3866,3885
5710,3885,3890
5711,3888,3896
5712,3896,3902
5712,5711,3896
5712,3902,3901
5713,3887,5714
5713,3889,3887
5715,5712,3901
5716,5715,3901
5717,3894,3895
5717,5710,3898
5717,3895,5710
5718,3897,3890
5718,3890,3889
5718,3889,5713
5719,3897,5718
5720,5721,3900
5720,3900,3905
5722,3903,3894
5723,5722,3894
5723,3894,5717
5724,5717,3898
5724,5723,5717
5725,3905,3906
5725,5726,3905
5725,3906,3913
5727,5725,3913
5728,3903,5722
5728,5722,5723
5728,3916,3903
5729,3904,2370
5729,3906,3904
5729,3912,3906
5729,2370,3922
5729,3922,3912
5730,3916,5728
5731,3916,5730
5731,3919,3916
5732,5733,3912
5732,5734,5733
5732,3922,3925
5732,3925,5734
5732,3912,3922
5735,3908,3929
5735,3920,3908
5735,3928,3921
5735,3929,3928
5735,3921,3920
5736,3919,5731
5737,5734,3925
5737,3925,3927
5738,3918,3919
5738,3919,5736
5739,5738,5736
5739,5740,5738
5741,5739,5736
5742,3918,5738
5742,5738,5740
5743,1168,1167
5743,3923,2370
5743,2398,3923
5743,1167,2398
5743,3914,1168
5743,2370,3914
5744,5740,5739
5744,5742,5740
5745,5746,5747
5748,3930,5749
5748,5750,3930
5751,3926,2406
5751,3927,3926
5751,5747,3927
5751,5745,5747
5752,3928,5753
5752,2391,3921
5752,3934,2391
5752,3921,3928
5754,5753,3928
5754,3928,3930
5754,3930,5750
5755,5750,5748
5756,5751,2406
5757,5758,5759
5757,5759,5760
5761,5760,5762
5761,5757,5760
5763,5761,5762
5764,5756,2406
5764,5760,5756
5765,5753,5766
5767,5768,5769
5770,2390,1177
5770,2423,3932
5770,2424,2423
5770,3959,2425
5770,1177,1181
5770,1181,1188
5770,1189,2413
5770,2425,2424
5770,3932,2390
5770,3950,3959
5770,1188,1189
5770,2413,3950
5771,5772,5773
5774,5775,3935
5776,5760,5764
5776,5762,5760
5776,2406,2405
5776,2405,2419
5776,5764,2406
5777,5771,5773
5778,3935,5775
5778,3933,3935
5778,3936,3933
5778,3938,3936
5779,5776,2419
5779,2419,2418
5779,5762,5776
5780,5775,5774
5780,5781,5775
5782,5778,5783
5782,3938,5778
5782,3937,3938
5784,5781,5780
5785,3937,5782
5785,5782,5783
5785,3939,3937
5785,3949,3939
5786,5787,5788
5789,5783,5778
5790,5789,5791
5792,2421,3966
5792,3945,2421
5792,3966,5793
5792,5793,5794
5795,3966,3967
5795,5793,3966
5796,5797,5798
5799,5796,5798
5800,3965,3972
5800,3972,5801
5800,2429,3965
5802,5799,5798
5803,5801,3976
5803,5800,5801
5803,2431,2429
5803,2455,2431
5803,3976,2455
5803,2429,5800
5804,3985,5798
5804,3986,3985
5804,3988,3986
5804,3967,3988
5804,5798,5797
5804,5795,3967
5804,5797,5795
5805,3973,5806
5807,3976,5801
5807,3972,3973
5807,3973,5805
5807,3995,3976
5807,5801,3972
5808,3968,3970
5808,3971,3968
5808,3987,3971
5809,1208,1210
5809,5808,3970
5809,3987,5808
5809,3970,1208
5810,2458,2457
5810,5811,2458
5812,3995,5807
5812,5813,3995
5814,2431,2454
5814,4010,3979
5814,2468,4010
5814,3983,2431
5814,2454,2468
5814,3979,3983
5815,5813,5812
5815,5816,5813
5817,5810,2457
5817,3993,5810
5817,5818,3991
5817,2457,5818
5817,3991,3993
5819,5820,3992
5819,3992,3991
5821,2457,4007
5821,5818,2457
5822,5821,4007
5823,5824,5825
5823,5826,5824
5827,4007,4009
5827,5822,4007
5827,4009,5828
5829,3996,4005
5829,2473,3996
5829,4005,4004
5829,2471,2473
5830,5824,5826
5831,5829,4004
5831,4004,5832
5831,2471,5829
5833,5831,5832
5833,5832,5834
5833,5834,5835
5833,2471,5831
5836,2476,2471
5836,5835,5837
5836,5837,2476
5836,2471,5833
5836,5833,5835
5838,5828,4009
5838,4009,4018
5839,4012,2476
5840,5837,5835
5840,5835,5841
5840,5841,5842
5843,5835,5834
5843,5834,5838
5843,4018,4020
5843,5838,4018
5844,5843,4020
5844,5835,5843
5844,5841,5835
5844,4020,5841
5845,4012,5839
5846,2477,4012
5846,5847,4016
5846,4016,2477
5848,5845,5842
5849,2493,2488
5849,2488,2491
5849,4011,3979
5849,2516,4011
5849,3979,2493
5849,2491,2516
5850,1210,2580
5850,4022,2456
5850,3987,5809
5850,2456,3987
5850,5809,1210
5851,5841,4020
5851,4020,4019
5851,5842,5841
5852,5847,5848
5853,4013,4016
5853,4025,4024
5854,5847,5852
5855,5854,5856
5857,4015,4013
5857,5853,4024
5857,4013,5853
5857,4026,4015
5857,4030,4026
5858,5853,4016
5858,4016,5855
5859,5860,4032
5861,5862,5863
5861,4023,4025
5864,5859,4032
5864,5856,5859
5864,4032,4031
5865,4029,4023
5865,5861,5863
5865,4023,5861
5866,4034,5863
5866,4031,4034
5866,5864,4031
5867,5857,4024
5867,4030,5857
5868,5863,4034
5868,4034,4036
5868,4036,4029
5868,5865,5863
5868,4029,5865
5869,4036,4037
5869,4029,4036
5869,4035,4029
5870,4037,5871
5870,5869,4037
5870,4035,5869
5872,5873,4027
5872,4030,5867
5872,4027,4030
5874,4018,4039
5874,4039,2549
5874,2508,2507
5874,4032,4019
5874,4019,4018
5874,2507,4032
5874,2549,2508
5875,2580,2525
5875,5850,2580
5875,4022,5850
5875,4021,4022
5875,2525,4021
5876,4038,4040
5876,4040,4041
5876,5871,4037
5876,4037,4038
5877,5878,5879
5877,5880,5881
5877,5879,5880
5882,4045,4027
5882,4027,5873
5882,4046,4045
5882,4051,4046
5883,5878,5877
5884,5873,5883
5885,4041,2509
5885,5880,4041
5886,4049,4051
5886,5882,5873
5886,4051,5882
5886,5873,5884
5887,5885,2509
5887,5881,5880
5887,5880,5885
5888,5881,5887
5888,5889,5881
5888,5887,2509
5890,4050,4049
5890,4057,4056
5890,4056,4050
5891,4054,4052
5891,4048,4050
5891,4052,4048
5891,4055,4054
5891,4050,4055
5892,5889,5888
5892,5888,2509
5892,2509,2541
5892,2541,4068
5893,5892,4068
5893,4068,4067
5894,4062,4065
5895,4054,5894
5895,4065,4066
5895,4058,4054
5895,4061,4058
5895,5894,4065
5895,4066,4061
5896,2500,4043
5896,2528,2500
5896,2553,2528
5897,5893,4067
5897,4057,5893
5897,4055,4057
5898,5897,4067
5898,4063,4062
5898,4067,4063
5899,2553,5896
5899,5896,5900
5899,4081,2553
5901,4064,4063
5901,4063,4071
5902,5903,4084
5902,5904,5905
5902,5905,5903
5906,4081,4078
5906,4078,4086
5906,2557,2553
5906,2553,4081
5906,4086,2557
5907,4084,4083
5907,4083,4089
5907,5902,4084
5908,4078,4080
5908,5909,5910
5908,5910,4087
5908,4087,4078
5911,2545,2547
5911,2557,5912
5911,2547,2548
5911,2558,2545
5911,2548,2552
5911,2552,2557
5913,2558,5911
5913,5911,5914
5913,2555,2556
5913,2556,2558
5915,5907,4089
5916,2555,5913
5916,4072,2554
5916,4075,4072
5916,2554,2555
5917,4089,4092
5917,5915,4089
5917,5918,5915
5919,5920,5910
5919,5909,5918
5919,5910,5909
5919,4094,5920
5921,5919,5918
5921,5917,4092
5921,4092,4094
5921,5918,5917
5921,4094,5919
5922,4086,4085
5922,5912,2557
5922,2557,4086
5923,5920,4094
5923,4094,4093
5924,5910,5920
5925,5911,5912
5925,5914,5911
5925,5912,5926
5927,5926,5912
5928,5929,5930
5928,5914,5925
5931,2565,4082
5931,4082,4090
5931,4099,2565
5931,4090,4097
5931,4097,4099
5932,5926,5927
5933,5934,5923
5933,4093,2570
5933,5923,4093
5935,5926,5932
5936,4112,4111
5937,5938,5939
5940,5941,5942
5940,4098,5941
5943,5942,5944
5945,4098,5940
5946,4096,5947
5946,2574,4096
5948,5942,5943
5949,5942,5948
5949,5940,5942
5950,4098,5945
5950,4097,4098
5951,4134,2579
5951,2538,2537
5951,2539,4114
5951,2579,1209
5951,2537,2539
5951,1209,2538
5952,4100,4097
5952,4097,5950
5952,4118,4100
5953,5954,4111
5953,4111,4110
5953,2585,4109
5953,4110,2585
5955,4101,4116
5955,5956,4101
5957,5955,4116
5957,4116,4117
5958,4117,4121
5958,5957,4117
5959,5960,4106
5959,5958,4121
5959,4106,4105
5959,5961,5960
5959,4121,5961
5962,5963,4118
5962,5964,5963
5962,4118,5952
5965,5964,5962
5966,5947,4096
5966,2572,1271
5966,4096,2572
5967,2595,2574
5968,4131,2615
5968,1267,1266
5968,2615,1267
5968,1266,4069
5968,4069,2588
5968,2588,4131
5969,5963,5964
5969,5970,5971
5969,5964,5970
5972,4152,4095
5972,4074,2636
5972,2636,4145
5972,4145,2672
5972,2672,4152
5972,4095,4074
5973,5969,5971
5974,5947,5966
5974,1271,1273
5974,5966,1271
5975,4119,4118
5975,4118,5963
5975,4125,4119
5975,5963,5969
5976,4125,5975
5977,2600,2597
5978,4124,4125
5979,4125,5976
5979,5978,4125
5980,5981,5982
5980,5977,2597
5980,2597,4124
5980,5982,5983
5980,5983,5977
5984,4124,5978
5984,5980,4124
5985,4130,4129
5985,4129,4143
5986,5987,5988
5989,2725,4134
5989,4114,4133
5989,4133,1376
5989,5951,4114
5989,1376,2725
5989,4134,5951
5990,5991,5992
5993,5982,5981
5994,2595,4137
5994,4135,2595
5995,4143,4150
5995,5988,5985
5995,5985,4143
5996,5995,4150
5996,4150,4160
5997,4137,4138
5998,5996,4160
5999,4142,4165
5999,4140,4142
5999,4144,4140
6000,6001,5998
6000,5998,4160
6002,1286,2660
6002,1273,1286
6002,5997,4138
6003,4166,4135
6003,4184,4185
6003,5994,4184
6003,4135,5994
6004,4146,4148
6004,6005,6006
6004,4148,6005
6007,2628,4155
6007,5999,4165
6007,4144,5999
6007,4155,4144
6007,4165,2628
6008,2642,4158
6009,6004,6006
6010,4146,6011
6010,6011,4163
6010,4153,4146
6010,4161,4153
6010,4163,4161
6012,6002,2660
6012,4137,5997
6012,5997,6002
6012,2660,4184
6012,5994,4137
6012,4184,5994
6013,6000,4160
6013,6008,6000
6013,4160,4159
6013,4159,1294
6013,1294,2642
6013,2642,6008
6014,4174,6015
6014,4173,4174
6014,6015,6016
6017,6015,4174
6017,4162,4164
6017,4164,6015
6018,4174,4175
6018,4162,6017
6018,6017,4174
6019,4162,6018
6019,4161,4162
6020,2639,4173
6020,4158,2642
6020,2642,2640
6020,2640,2639
6021,4165,4154
6021,4177,4165
6022,4169,4171
6022,4178,4169
6022,6021,4154
6022,4171,6021
6023,4190,4166
6023,4185,4190
6023,6003,4185
6023,4166,6003
6024,4176,4189
6025,4183,4181
6025,4189,2654
6025,4192,4183
6025,2654,4192
6025,6024,4189
6026,4171,4170
6026,6021,4171
6026,4177,6021
6026,4186,4177
6027,4170,4180
6027,4180,4182
6027,4182,4191
6028,6026,4170
6028,4170,6027
6028,4191,4197
6028,4186,6026
6028,6027,4191
6029,4195,4187
6029,4197,4195
6029,4187,4186
6029,6028,4197
6029,4186,6028
6030,4199,4194
6030,4194,4196
6030,2658,4199
6030,4196,4206
6030,4206,2658
6031,2651,2667
6031,2667,4198
6031,2647,2651
6031,4198,4197
6031,4197,2653
6031,2653,2647
6032,4196,4202
6032,4202,4203
6032,4203,4204
6032,4204,4196
6033,2658,4207
6033,2656,2658
6034,2656,6033
6034,4207,4210
6034,2674,2657
6034,2657,2656
6034,6033,4207
6035,2674,6034
6035,6036,2674
6035,4212,6036
6035,6034,4210
6035,4210,4212
6037,4214,4215
6037,4215,4211
6037,4210,4209
6037,4211,4210
6037,4209,4214
6038,4211,4215
6038,4215,4216
6038,4212,4211
6039,2688,4221
6039,2683,2685
6039,2685,2688
6040,4226,4222
6040,4216,4219
6040,4219,4220
6040,4220,4226
6041,6042,6043
6041,2682,6042
6041,6043,6044
6041,4218,2682
6045,6039,4221
6046,4225,4218
6046,6041,6044
6046,4218,6041
6046,6047,4225
6046,6044,6047
6048,4223,4224
6048,4224,4226
6048,4226,1312
6049,6048,1312
6049,1312,4230
6050,6047,6044
6050,6049,4230
6051,4225,6047
6051,4227,4225
6051,6047,4233
6052,6050,4230
6052,6047,6050
6052,4230,4229
6052,4229,4233
6052,4233,6047
6053,4228,4227
6053,4227,6051
6053,6051,4233
6054,4228,6053
6054,4234,4228
6054,4233,4232
6054,6053,4233
6055,4234,6054
6055,6054,4232
6056,2698,4235
6057,4232,4229
6057,4231,4238
6057,4229,4231
6058,4235,2692
6058,2692,4236
6058,4236,6059
6058,6056,4235
6058,4244,6056
6060,4232,6057
6060,4238,6061
6060,6057,4238
6062,6060,6061
6063,6061,4238
6063,4237,1311
6063,4238,4237
6063,1311,1313
6064,4244,4243
6064,2698,6056
6064,4240,2698
6064,6056,4244
6065,6062,6061
6066,6059,6067
6066,6058,6059
6066,4242,4244
6066,4244,6058
6068,4242,6066
6069,6067,6065
6070,4242,6068
6071,6064,4243
6071,2708,4240
6071,4240,6064
6071,4243,4249
6072,1313,1314
6072,1314,2710
6072,2710,2718
6072,6063,1313
6073,4247,4246
6073,6069,4247
6074,4242,6070
6074,6075,6076
6074,6070,6075
6077,4248,4243
6077,4243,4242
6077,4242,6074
6078,6073,4246
6079,2708,6071
6079,4250,2708
6079,6071,4249
6080,6078,4246
6080,6075,6078
6080,6076,6075
6081,6076,6082
6081,4248,6077
6083,6081,6082
6083,4248,6081
6084,6080,4246
6084,2717,4253
6084,4246,2717
6085,6082,6076
6085,6084,4253
6086,6087,6088
6086,4249,4248
6089,6082,6085
6089,6085,4253
6090,4248,6083
6090,6086,4248
6091,2712,4250
6091,6088,4257
6091,4257,2712
6091,4250,6079
6091,4249,6086
6091,6086,6088
6091,6079,4249
6092,6089,4253
6092,4253,4255
6093,6092,4255
6094,6087,6093
6094,6095,6096
6097,4258,4256
6097,4256,6098
6097,6098,4263
6097,4263,4262
6099,4259,4258
6099,4258,6097
6099,6097,4262
6100,6095,4266
6100,6096,6095
6101,6099,4262
6101,4262,6102
6101,4260,4259
6101,4259,6099
6101,6102,4260
6103,4261,4263
6103,4265,4261
6103,4266,4265
6103,6100,4266
6103,4263,6100
6104,4252,4260
6104,6102,6105
6104,4260,6102
6106,4252,6104
6106,6105,6107
6106,6104,6105
6106,2726,4252
6108,1351,1350
6108,2728,2727
6108,2727,1351
6109,6106,6107
6109,2726,6106
6110,6102,4262
6110,4262,4261
6110,4261,4267
6111,6108,1350
6111,1350,1352
6111,4266,6095
6111,1352,4264
6111,4264,4266
6112,6102,6110
6112,6105,6102
6112,6110,4267
6113,6112,4267
6114,2738,2733
6114,4270,2738
6114,6115,4268
6114,4268,4270
6116,4272,4271
6116,1356,4274
6116,4274,4272
6117,6118,4269
6117,4269,4274
6117,4280,6119
6117,6119,6118
6117,4274,4280
6120,4277,4279
6120,2735,2741
6120,2741,4277
6121,6120,4279
6121,2735,6120
6121,2740,2734
6121,2734,2735
6121,4279,4283
6122,6118,6119
6123,6121,4283
6123,2748,2740
6123,2740,6121
6123,4283,2748
6124,6122,6119
6124,4280,2753
6124,2753,4282
6124,6119,4280
6125,4282,4281
6125,4276,4282
6125,4279,4276
6125,4284,4279
6125,4281,4284
6126,4291,4288
6126,4285,4294
6126,4294,4291
6126,2748,4285
6126,4288,2748
6127,4294,4295
6127,4297,4294
6127,4295,4296
6127,4296,4297
6128,2759,4301
6128,4278,2759
6128,4287,4278
6129,4299,4293
6129,4293,4292
6129,4292,4303
6130,2774,4310
6130,4301,2774
6130,4287,6128
6130,4310,4287
6130,6128,4301
6131,6129,4303
6131,4299,6129
6131,4303,4305
6132,4298,2763
6132,2770,4303
6132,2763,2762
6132,2767,2770
6132,4303,4298
6132,2762,2767
6133,6131,4313
6133,4300,4299
6133,4299,6131
6133,4313,4312
6134,4301,4300
6134,4300,6133
6134,6133,4312
6134,4302,4301
6135,4305,4308
6135,4313,6131
6135,4318,4313
6135,4308,4318
6135,6131,4305
6136,4311,4314
6136,4312,4311
6136,6134,4312
6136,4302,6134
6137,4306,2769
6137,4319,4307
6137,2769,4322
6137,4307,4306
6138,6137,4322
6138,4322,4328
6139,4325,4324
6140,4325,6139
6140,4331,4332
6141,6142,4327
6141,4332,6142
6141,6140,4332
6141,4325,6140
6141,4327,4325
6143,4324,4326
6143,4323,4324
6143,4333,4323
6144,6143,4326
6144,4333,6143
6145,4332,4336
6145,6142,4332
6146,4345,4344
6146,2776,2775
6147,6142,6145
6148,6149,4334
6148,4334,4333
6148,6150,6151
6148,6151,6149
6152,2794,4338
6152,2791,2794
6152,4336,2792
6152,2792,2791
6153,4343,4345
6154,4343,6153
6154,6153,6155
6156,6157,6158
6156,6158,4347
6156,4347,4349
6159,4344,4343
6159,4346,4344
6160,4316,2810
6160,2810,2806
6160,4340,4316
6161,6156,4349
6161,6162,6163
6161,4351,6162
6161,4349,4351
6164,2808,4341
6164,4341,4340
6164,2806,2808
6164,4340,6160
6164,6160,2806
6165,4346,6159
6165,4348,4346
6165,4352,4348
6166,6167,6168
6169,6168,6170
6169,6166,6168
6169,6171,6166
6172,4351,4350
6172,6162,4351
6173,6174,6170
6173,6172,4350
6175,4359,4352
6176,6173,4350
6176,4358,4372
6176,4350,4358
6176,6174,6173
6177,4364,6178
6177,4341,4364
6177,635,4341
6179,6180,6174
6179,6174,6176
6179,6176,4372
6179,4372,6181
6182,6183,4360
6184,4368,4355
6184,4355,4357
6184,4363,4368
6184,4360,4363
6184,4357,6182
6184,6182,4360
6185,2806,2809
6185,2807,2806
6186,2809,4353
6186,4353,4359
6186,6187,6185
6186,6185,2809
6188,4356,4355
6188,6175,4356
6188,4359,6175
6189,4372,4370
6189,4370,4371
6189,6181,4372
6189,6183,6181
6189,4360,6183
6190,4360,6189
6190,4371,4378
6190,4365,4360
6190,6191,4365
6190,6189,4371
6190,4378,6191
6192,2817,2807
6192,2807,6185
6192,6185,6187
6193,655,640
6193,659,655
6193,675,659
6193,639,4241
6193,4241,1235
6193,640,639
6193,1235,675
6194,634,635
6194,2822,634
6194,2832,2822
6194,4387,2832
6194,6178,4387
6194,6177,6178
6194,635,6177
6195,4378,4377
6195,4366,4365
6195,4377,6196
6195,4365,6191
6195,6191,4378
6197,6187,6198
6197,6198,4375
6197,4375,4374
6197,2817,6192
6197,4383,2817
6197,4374,4383
6197,6192,6187
6199,6178,4364
6199,2818,4385
6199,4364,2818
6200,4373,6201
6200,4376,4373
6200,6202,4376
6203,6199,4385
6203,4391,2829
6203,4387,6178
6203,6178,6199
6203,4385,4391
6203,2829,4387
6204,2824,6205
6204,6202,6200
6204,6205,6202
6206,2820,4390
6206,4390,2826
6206,4377,2820
6207,4382,4383
6207,4374,4386
6207,4383,4374
6208,6207,6209
6208,4384,4382
6208,4382,6207
6210,6205,2824
6210,6202,6205
6210,4376,6202
6210,4386,4376
6211,6208,6209
6212,6207,4386
6212,6209,6207
6213,6210,2824
6213,4386,6210
6213,6212,4386
6213,6214,6212
6213,2824,2823
6213,2823,6214
6215,4394,4392
6215,6216,4394
6215,6217,6218
6215,6218,6216
6219,6214,2823
6220,4392,4393
6220,2827,4391
6220,4393,6221
6220,6221,2827
6220,4391,4392
6222,6217,6219
6222,6223,6218
6222,6218,6217
6222,6219,2823
6222,2823,4397
6222,4397,6223
6224,4393,4394
6224,4394,6216
6224,6216,6218
6225,4398,6221
6225,6221,4393
6225,4405,4398
6226,6225,4393
6226,4405,6225
6226,4393,6224
6226,4404,4405
6227,6228,6229
6227,4400,6228
6227,6221,4398
6227,6229,2830
6227,2827,6221
6227,4398,4400
6227,2830,2827
6230,4399,4398
6230,4403,4399
6230,4401,4403
6230,4398,4405
6230,4405,4401
6231,2828,2830
6231,4395,2828
6232,6229,6228
6232,2830,6229
6232,6231,2830
6233,4400,4399
6233,6228,4400
6233,6232,6228
6234,4399,4403
6234,6233,4399
6235,4410,4402
6235,2839,4410
6235,4401,2836
6235,2836,2839
6235,4402,4401
6236,4395,6231
6237,6234,4403
6238,4408,4395
6238,4395,6236
6239,6237,4403
6239,4403,4402
6239,4402,4411
6239,4411,6240
6241,6239,6240
6241,6234,6237
6241,6237,6239
6242,4408,6238
6242,6238,6243
6242,4419,4407
6242,4407,4408
6244,4419,4418
6244,4428,4407
6244,4407,4419
6245,6242,6246
6247,4414,4416
6247,2858,4429
6247,4416,2858
6248,6249,6250
6251,4418,4420
6252,6249,6248
6252,6253,6249
6254,4422,4421
6254,4421,4427
6254,4427,6253
6254,6253,6252
6255,4418,6251
6255,4432,4418
6256,4379,2664
6256,197,194
6256,194,193
6256,2723,2894
6256,193,190
6256,2664,2723
6256,2894,197
6256,190,4379
6257,6244,4418
6257,4428,6244
6257,4432,4431
6257,4418,4432
6257,4431,4428
6258,6253,4427
6258,4427,4434
6259,4432,6255
6259,6255,6260
6261,4434,4439
6261,6258,4434
6261,4439,6262
6263,4433,4432
6264,4436,4431
6264,4431,4433
6265,6262,4439
6265,4439,4442
6266,6267,6268
6266,6264,6267
6266,4436,6264
6269,4442,4441
6269,4441,6270
6271,6272,6273
6274,6266,6268
6274,4436,6266
6275,6274,6268
6275,4438,4436
6275,4436,6274
6276,6268,6267
6276,6277,6268
6278,6267,6271
6278,6276,6267
6278,6279,6277
6278,6277,6276
6280,2860,642
6280,642,4445
6281,6282,6270
6281,6270,4441
6283,6275,6268
6284,6281,4441
6284,4440,2874
6284,2874,2873
6284,4443,4440
6284,4441,4443
6285,4438,6275
6285,4446,4438
6286,6275,6283
6286,6285,6275
6287,6288,6279
6289,6285,6286
6290,6285,6289
6290,4446,6285
6290,4448,4446
6291,6284,2873
6291,6287,6279
6291,2873,6292
6293,6290,6289
6293,6294,6290
6295,6290,6294
6295,4448,6290
6296,4448,6295
6296,4449,4448
6297,6298,6294
6297,6299,6300
6301,4449,6296
6301,6302,4449
6303,6304,6305
6306,4452,4450
6306,4450,4451
6306,4453,4452
6306,4454,4453
6307,2891,2861
6307,2861,2860
6308,6309,4461
6308,4461,4460
6310,4460,4471
6311,4456,6312
6313,6310,4471
6314,4462,4456
6314,4456,6311
6315,4479,4466
6315,2891,6307
6315,4466,2891
6316,1467,2932
6316,2932,1539
6316,643,1467
6317,4462,6314
6318,6317,6319
6318,4462,6317
6318,4465,4462
6320,6319,6321
6322,6318,6319
6323,4465,6318
6323,4468,4465
6324,6318,6322
6324,6323,6318
6325,6326,6327
6328,6320,6329
6330,6323,6324
6331,4468,6323
6331,6323,6330
6331,4475,4468
6332,6331,6330
6332,6333,6331
6334,4475,6331
6334,6331,6333
6335,4475,6334
6335,6334,6333
6335,6333,6336
6337,6338,6339
6340,6335,6336
6340,4481,4476
6340,4475,6335
6340,4476,4475
6341,4476,4480
6341,4478,4476
6341,4480,4485
6342,6336,6333
6342,6333,6343
6344,6345,2903
6344,6338,6337
6346,6342,6343
6346,6343,6338
6346,6336,6342
6347,6348,6349
6347,6336,6346
6350,4480,4481
6351,4489,6352
6351,6352,6353
6354,4490,4489
6354,2929,4490
6354,2907,2929
6354,6344,2903
6354,4489,6351
6354,2903,2907
6355,2938,4479
6355,2936,2938
6355,2968,2936
6356,4474,4478
6356,4478,6341
6356,4485,4487
6356,4487,4474
6356,6341,4485
6357,6352,4489
6357,4489,4488
6358,6316,1539
6358,1539,2967
6358,2967,2968
6359,4480,6360
6359,6360,6361
6359,4485,4480
6362,4486,4485
6362,4485,6359
6363,6364,4488
6363,4493,6365
6363,4491,4493
6363,6365,6366
6363,4488,4491
6363,6366,6364
6367,4474,4487
6367,4484,4474
6368,6365,4493
6368,4493,4494
6368,4494,6369
6370,6371,6372
6373,4495,4484
6373,4484,6367
6374,6373,6367
6375,6370,6372
6375,6372,6369
6376,4483,2940
6376,1423,1436
6376,1436,4483
6376,2882,1423
6376,4508,2882
6377,6367,6378
6379,6375,6369
6379,4498,4502
6379,4494,4498
6379,6369,4494
6380,2920,2919
6380,687,686
6380,2919,4500
6380,4500,6381
6380,686,2920
6382,4495,6373
6383,2944,2943
6383,4495,6382
6383,2943,4495
6384,6385,6386
6384,2944,6383
6384,6386,2944
6387,4509,4512
6387,4507,4509
6387,4505,4507
6388,4522,687
6388,687,6380
6388,6381,4521
6388,4521,4522
6388,6380,6381
6389,4519,4518
6389,6385,6384
6389,4518,6385
6390,4519,6389
6390,4524,4519
6391,4524,6390
6391,6390,6392
6393,4518,4517
6393,4517,6394
6393,6386,6385
6393,2944,6386
6393,6394,2942
6393,6385,4518
6393,2942,2944
6395,4514,4513
6395,6396,4514
6395,4513,4524
6395,4524,6391
6395,6392,6396
6395,6391,6392
6397,4520,4529
6397,2945,4520
6397,6381,4500
6397,4500,2945
6398,1503,2937
6398,4533,1515
6398,2937,6399
6400,4517,4519
6400,4524,4523
6400,4528,4517
6400,4523,4528
6400,4519,4524
6401,6397,4529
6401,4521,6381
6401,4529,2954
6401,2954,4521
6401,6381,6397
6402,4517,4528
6402,6394,4517
6402,4532,6394
6403,4520,2942
6403,4532,4530
6403,6394,4532
6403,4530,4520
6403,2942,6394
6404,4523,4513
6404,2951,2948
6404,4513,4516
6404,4516,2951
6404,2948,4523
6405,6402,4528
6405,4532,6402
6405,4528,4527
6406,4532,6405
6406,6407,4531
6406,4531,4532
6406,6408,6407
6409,2956,2955
6409,4525,4522
6409,4522,2956
6410,4531,6407
6410,4530,4531
6410,6407,6408
6410,6408,6411
6412,4536,4533
6412,4533,6398
6412,6398,6399
6413,4536,6412
6413,4534,4536
6413,6412,6399
6414,6409,2955
6414,4525,6409
6414,4548,4525
6414,2955,4560
6414,4560,4548
6415,6416,6417
6415,4538,4541
6418,4537,2961
6418,6408,6419
6418,6411,6408
6418,6419,4537
6420,6418,2961
6420,2961,6421
6420,6411,6418
6422,6415,6417
6422,4538,6415
6422,4539,4538
6422,6417,6423
6422,6423,4543
6422,4545,4539
6422,4543,4545
6424,2937,2936
6424,6399,2937
6424,2967,4564
6424,2936,2967
6425,6421,2961
6425,6423,6421
6425,4543,6423
6425,2961,2964
6426,4540,4539
6427,4543,6425
6427,6428,4544
6427,6425,2964
6427,4544,4543
6427,6429,6428
6427,2964,6429
6430,6426,6431
6430,6432,4562
6430,6433,6432
6434,4544,6428
6435,6434,6428
6435,6428,6429
6435,6429,2964
6436,4564,4570
6436,6424,4564
6436,4534,6413
6436,4573,4534
6436,6399,6424
6436,6413,6399
6436,4570,4573
6437,6431,6438
6437,6438,6439
6440,4554,4553
6440,4553,6437
6440,6441,4554
6442,4551,6443
6442,4549,4551
6442,6443,6433
6442,6444,4549
6445,6433,6443
6445,6432,6433
6446,4565,2973
6446,2973,4566
6446,2962,4565
6447,4550,4555
6447,4555,4556
6448,6441,4566
6448,6449,4557
6448,6450,6449
6448,4569,6450
6448,4566,4569
6448,4554,6441
6448,4557,4554
6451,4563,4559
6451,4571,4563
6452,6453,6454
6452,6454,6455
6452,6455,6456
6457,6449,6450
6457,4569,4567
6457,6450,4569
6458,6455,6457
6458,6457,4567
6458,6456,6455
6458,6459,6456
6458,4582,6459
6458,4567,4574
6458,4574,4582
6460,4571,6451
6460,4579,4572
6460,4572,4571
6461,6459,4582
6461,6462,6463
6464,6465,6466
6467,6468,6464
6467,6464,6466
6469,6467,6466
6470,6465,6462
6471,6470,6462
6471,6461,4582
6471,6462,6461
6471,4580,4581
6471,4581,6470
6471,4582,4580
6472,4581,4584
6472,6470,4581
6472,4584,6473
6474,4578,4579
6474,6475,6476
6474,4579,6475
6477,2980,2979
6477,4572,4578
6478,4583,4586
6478,6479,6473
6478,6473,4584
6478,4584,4583
6480,4586,4587
6480,4587,6481
6480,6481,6482
6480,6478,4586
6483,6484,4573
6485,4585,4577
6485,2978,4602
6485,4577,2978
6486,6487,6488
6486,4590,6487
6486,4589,4590
6489,4585,6485
6489,2991,4595
6489,4595,4585
6489,4602,2991
6489,6485,4602
6490,6486,6488
6491,70,1553
6491,2997,3120
6491,3120,70
6491,1553,6492
6493,6494,4600
6493,4600,4598
6493,4593,4589
6493,4598,4593
6493,4589,6494
6495,6496,6497
6495,4608,6496
6495,4607,4608
6498,4599,4601
6498,6496,4608
6498,4601,6496
6499,6498,4608
6499,4599,6498
6499,4608,4609
6500,4573,2995
6500,6483,4573
6500,2995,2997
6501,4599,6499
6501,4598,4599
6502,3008,3009
6502,3009,4607
6502,2982,3008
6502,4588,2982
6503,4611,4602
6503,4602,4594
6504,4605,6503
6504,6503,4594
6504,4603,4605
6504,4612,4603
6505,4610,4621
6506,4623,4617
6506,3015,4623
6506,6505,4621
6506,4617,4615
6506,4621,3015
6507,6503,4605
6507,4611,6503
6507,4605,4604
6507,4618,4611
6508,2967,1538
6508,4634,2967
6509,4614,4616
6509,4616,4622
6509,4604,4614
6510,6508,1538
6510,4634,6508
6510,1541,1540
6510,1540,1630
6510,1538,1541
6511,4622,4629
6511,6509,4622
6511,4618,6507
6511,6507,4604
6511,4604,6509
6512,4618,6511
6512,4619,4618
6512,6511,4629
6512,4627,4619
6512,4629,4627
6513,4639,3022
6513,4628,4639
6513,4626,4628
6513,3022,4631
6513,4631,4626
6514,3013,3017
6514,3014,3013
6514,3017,3026
6514,3026,4630
6514,4629,3014
6514,4630,4629
6515,4628,4633
6515,4635,4637
6515,4637,4628
6515,4633,4635
6516,3021,3022
6516,3022,4640
6517,3021,6516
6517,3023,3021
6517,3032,3023
6518,4645,6519
6518,3032,6517
6518,6519,3032
6518,4643,4645
6520,4644,4643
6520,4642,4648
6520,4648,4649
6520,4649,4644
6520,4643,4642
6521,4649,4650
6521,4644,4649
6521,4645,4644
6522,3044,4655
6522,3040,3042
6522,3042,3044
6523,4650,4653
6524,4653,4654
6524,4656,6523
6524,4654,4659
6524,6523,4653
6525,4652,3039
6525,6526,6527
6525,6527,6528
6525,3039,6526
6529,6522,4655
6530,4658,4652
6530,4652,6525
6531,4659,6532
6531,4657,4656
6531,6532,4657
6531,4656,6524
6531,6524,4659
6533,4659,1601
6533,6532,4659
6533,4657,6532
6534,6535,4663
6534,6536,6528
6537,6536,4666
6537,4660,4658
6538,6534,4663
6538,6536,6534
6538,4663,4662
6538,4666,6536
6538,4662,4666
6539,6537,4666
6539,4660,6537
6539,4661,4660
6540,6539,4666
6540,4661,6539
6540,4666,4665
6540,4667,4661
6541,6540,4665
6541,4667,6540
6542,3050,4668
6543,4662,4664
6543,4665,4662
6543,4664,4672
6544,6542,4668
6544,4677,6542
6544,4668,3046
6544,4670,6545
6544,3046,4670
6546,4672,6547
6546,4665,6543
6546,6543,4672
6548,6546,6547
6549,6547,4672
6549,1600,1606
6549,4671,1600
6549,4672,4671
6550,6542,4677
6550,3050,6542
6550,4677,4676
6550,4674,3050
6551,6548,6547
6552,3121,4634
6552,4634,6510
6552,1630,3080
6552,3080,3082
6552,6510,1630
6552,3082,3121
6553,6544,6545
6553,4675,4677
6553,6545,6554
6553,4677,6544
6555,4675,6553
6556,6554,6551
6557,4675,6555
6558,3060,4674
6558,4676,4681
6558,6550,4676
6558,4674,6550
6559,1606,1607
6559,6549,1606
6559,1607,3058
6559,3058,3065
6560,4679,4678
6560,6556,4679
6561,4675,6557
6561,6562,6563
6561,6557,6562
6564,4676,4675
6564,4680,4676
6564,4675,6561
6565,6560,4678
6566,3060,6558
6566,4682,3060
6566,6558,4681
6567,6563,6562
6567,6562,6565
6567,6565,4678
6568,4680,6564
6568,6563,6569
6570,4680,6568
6570,6568,6569
6571,3064,4685
6571,4678,3064
6571,6567,4678
6572,6569,6563
6572,6571,4685
6573,4681,4680
6573,6574,6575
6576,6569,6572
6576,6572,4685
6577,6573,4680
6577,4680,6570
6578,4681,6573
6578,6575,4688
6578,6573,6575
6578,3061,4682
6578,4688,3061
6578,6566,4681
6578,4682,6566
6579,6576,4685
6579,4685,4686
6580,6579,4686
6581,6582,6583
6581,6574,6580
6584,4694,4693
6584,4687,6585
6584,6585,4694
6584,4689,4687
6586,6584,4693
6586,4689,6584
6586,4690,4689
6587,6583,6582
6587,6582,4697
6588,4690,6586
6588,6586,4693
6588,4691,4690
6588,4693,6589
6590,6587,4697
6590,4697,4696
6590,4692,4694
6590,4696,4692
6590,4694,6587
6591,4684,4691
6592,3068,4684
6592,4684,6591
6592,6593,6594
6595,3070,3069
6595,1647,1646
6595,3069,1647
6596,3068,6592
6596,6592,6594
6597,4693,4692
6597,6589,4693
6597,4692,4698
6598,1646,1645
6598,6595,1646
6598,4697,6582
6598,1645,4695
6598,4695,4697
6599,6589,6597
6599,6593,6589
6599,6597,4698
6600,6599,4698
6601,3084,3077
6601,3086,3084
6601,6602,4699
6601,4699,3086
6603,6604,4701
6603,1649,4702
6603,4702,6604
6605,4700,4701
6605,4701,6604
6605,6604,4702
6606,4703,4707
6606,4707,4711
6606,4700,6605
6606,6605,4702
6606,4702,4703
6607,6606,4711
6607,4711,4705
6607,4700,6606
6608,4709,4708
6608,3078,6609
6608,6609,4709
6610,3079,3078
6610,3087,3079
6610,3078,6608
6611,4705,4706
6611,4706,4710
6611,4710,4709
6612,4713,3090
6612,3090,3087
6612,3087,6610
6613,4714,4708
6613,4710,4706
6613,4708,4710
6613,4706,4712
6613,4712,4714
6614,4715,4721
6614,4721,4720
6614,4720,4717
6614,3090,4715
6614,4717,3090
6615,4721,4724
6615,4724,4726
6615,4727,4721
6615,4726,4727
6616,4728,4731
6616,4722,4728
6616,4723,4722
6617,4723,6616
6617,6616,4731
6617,4729,4723
6618,4734,4736
6618,4731,4734
6618,4736,4742
6618,4729,6617
6618,6617,4731
6619,4729,6618
6619,6618,4742
6619,4730,4729
6619,4742,4741
6620,4730,6619
6620,6619,4741
6620,4733,4732
6620,4732,4730
6621,6620,4741
6621,4733,6620
6621,4741,4740
6621,4740,4743
6622,4738,3115
6622,3115,3113
6622,4745,4738
6622,3113,4749
6623,1638,1637
6623,1634,1638
6624,6622,4749
6624,4749,4755
6625,4752,4751
6626,6623,1637
6626,6627,6623
6628,4759,4758
6628,4752,6625
6629,3081,4756
6629,71,3120
6629,3121,3082
6629,3082,3081
6629,3120,3121
6630,4758,6631
6630,6628,4758
6630,4752,6628
6630,6631,4753
6630,4753,4752
6632,4750,4751
6632,4760,4750
6632,4751,4754
6633,1637,3119
6633,6626,1637
6633,3119,6634
6635,4760,6632
6635,6632,4754
6636,6631,4758
6636,4758,4762
6637,6631,6636
6638,4769,4768
6638,4761,4760
6638,6639,4769
6638,4768,4761
6640,4763,4761
6640,6641,4763
6640,4761,4767
6642,6641,6640
6642,4767,4771
6642,6640,4767
6643,4762,3126
6643,3126,3125
6643,3128,4765
6643,3125,3128
6644,4770,4772
6645,6644,4772
6645,4772,4773
6646,6647,6648
6646,6648,6645
6646,6645,4773
6649,4773,4765
6649,6646,4773
6649,4765,3128
6649,3128,3133
6649,6647,6646
6649,3132,6647
6649,3133,3132
6650,6623,6627
6650,744,743
6650,6651,744
6650,4778,6651
6652,6648,6647
6653,6654,6655
6656,3131,4775
6657,6627,6658
6657,6658,6659
6660,6661,6654
6662,6627,6657
6662,4782,4781
6663,6662,6657
6664,4775,4774
6664,6665,6666
6664,4774,4779
6664,6666,6667
6664,6667,6668
6664,6668,4775
6669,4785,4787
6669,4779,4785
6669,6664,4779
6670,6671,6672
6670,6673,6671
6670,4786,6674
6670,4787,4786
6670,6674,6673
6670,6669,4787
6670,6672,6675
6676,6677,6678
6679,6680,6681
6679,4780,4782
6679,4782,6680
6682,6683,6676
6684,6685,6686
6687,3155,4805
6687,6686,6688
6687,6688,3146
6687,3146,3149
6687,3149,3155
6687,6684,6686
6689,4802,4801
6689,6690,4802
6689,4801,6691
6692,6693,6690
6692,4805,6694
6692,6687,4805
6692,6694,6693
6692,6690,6689
6695,4796,4802
6696,6695,4802
6696,6697,6695
6696,4802,6690
6698,6696,6690
6699,6690,6693
6699,6698,6690
6700,4814,4813
6700,6701,4814
6700,4808,6701
6700,4807,4808
6700,4813,4819
6702,6703,4815
6704,4819,6705
6704,4807,6700
6704,6700,4819
6704,4817,4807
6706,4811,3176
6706,3176,4830
6706,4809,4811
6706,6707,4809
6708,4815,6703
6708,4816,4815
6709,6710,6711
6709,6711,6712
6713,4825,6710
6713,6710,6709
6713,4821,4825
6714,4829,4816
6714,4816,6708
6715,6704,6705
6715,4817,6704
6716,4829,6714
6717,6715,6705
6717,4833,4836
6717,4840,4833
6717,4836,4818
6717,4817,6715
6717,4818,4817
6718,6719,6720
6721,6720,6722
6721,6718,6720
6723,6705,6724
6723,6717,6705
6723,4840,6717
6725,6726,6727
6725,6727,6728
6725,6728,6729
6725,6729,4831
6730,4831,4837
6730,4837,4846
6730,6725,4831
6731,4841,4838
6732,6730,4846
6733,6732,4846
6733,4846,4850
6733,4850,4847
6734,4835,4851
6734,4836,4835
6735,4849,4854
6735,4842,4844
6735,4847,4849
6735,4854,4842
6736,4836,6734
6736,4845,4818
6736,4818,4836
6736,4860,4845
6737,4834,4839
6737,4851,4834
6737,4839,4852
6738,4851,6737
6739,4860,6736
6739,4857,4860
6739,4855,4857
6740,4852,4853
6741,6738,6742
6743,6740,4853
6743,4858,6744
6743,4853,4858
6745,4855,6741
6746,4855,6745
6746,4856,4855
6746,6747,4856
6748,4864,4866
6748,6743,6744
6749,3188,4870
6749,4870,4848
6749,3184,3187
6749,4850,3184
6749,4848,4850
6749,3187,3188
6750,4848,4870
6751,4869,4857
6751,6752,4869
6751,4856,6747
6751,4857,4856
6753,6751,6747
6754,6753,6747
6755,4870,4875
6755,4875,6756
6755,6750,4870
6757,4871,4863
6757,4863,4869
6758,4869,6752
6758,6757,4869
6759,4871,6757
6759,4873,4871
6759,4877,4873
6760,4885,4877
6760,4877,6759
6761,4875,3193
6761,3193,4887
6761,6756,4875
6762,4885,6760
6763,4878,4880
6763,4880,6764
6765,4885,6762
6766,4878,6763
6767,4885,6765
6768,4887,4888
6768,6761,4887
6769,4883,4881
6769,4890,4883
6769,4882,4890
6769,4881,4882
6770,6771,6772
6773,6770,6772
6773,6772,6774
6773,6774,3195
6773,3195,4889
6775,3194,3196
6775,6768,4888
6775,3196,6768
6775,4888,4895
6776,6777,6778
6779,4882,4886
6779,4886,6780
6781,4882,6779
6782,6783,6784
6782,4889,4892
6785,6781,6786
6787,6782,4892
6787,6783,6782
6788,6775,4895
6788,3194,6775
6788,4895,4896
6788,4889,3194
6788,4891,4889
6788,4896,4891
6789,6790,6791
6789,4890,4882
6789,4894,4890
6789,6791,4894
6789,4882,6790
6792,6787,4892
6792,6783,6787
6792,4892,4891
6793,6792,4891
6793,4897,6794
6793,4891,4897
6795,4894,6791
6796,6793,6794
6797,4898,4894
6797,6798,4902
6797,4902,4898
6797,4894,6795
6797,6795,6798
6799,6800,6796
6799,6796,6794
6801,4903,4900
6801,4900,4902
6802,6799,6794
6802,3213,3212
6802,3216,3215
6802,3215,3213
6803,4902,6804
6803,6801,4902
6805,6803,6804
6806,6803,6805
6807,4914,4903
6807,4903,6801
6808,3211,4913
6808,6809,3212
6808,3212,3211
6808,4913,4912
6810,4914,6807
6810,6811,4914
6812,6811,6810
6813,3216,6802
6813,6794,4897
6813,4897,4920
6813,6802,6794
6814,6815,6816
6817,6815,6814
6817,4924,6815
6818,4924,6817
6819,3205,4906
6819,4909,3205
6819,4933,4909
6819,4906,4917
6819,4917,4930
6819,4930,4933
6820,3214,3216
6820,6813,4920
6820,3216,6813
6820,4920,4935
6821,4919,4918
6821,4918,6822
6821,6822,6815
6823,4917,4919
6823,4930,4917
6824,6825,6823
6824,6823,4919
6824,4919,6821
6826,4946,4947
6826,6820,4935
6826,3214,6820
6826,4935,4946
6827,6825,6824
6827,6824,4923
6828,6827,4923
6828,6825,6827
6829,6828,4923
6829,4923,4922
6829,6825,6828
6829,4927,4928
6829,4922,4925
6829,4925,4927
6830,6823,6825
6830,4930,6823
6830,4934,4930
6831,4921,4909
6831,4909,4933
6832,4929,6833
6832,6833,6834
6832,4928,4929
6835,6832,6834
6836,6837,6838
6836,6838,6839
6836,6840,6837
6836,6834,6840
6836,6835,6834
6836,6839,6841
6842,6843,4931
6842,6844,4936
6842,4934,6830
6842,4938,6843
6842,4931,4934
6842,4936,4938
6845,4936,6844
6845,6844,6825
6846,4936,6845
6846,4939,4936
6846,4942,4940
6846,4940,4939
6846,6825,6829
6846,6845,6825
6847,6848,6849
6847,6850,6851
6847,6852,6853
6847,6854,6852
6847,6853,6848
6847,4947,4949
6847,6849,6855
6847,6855,6856
6847,6856,6857
6847,6857,6858
6847,6858,6859
6847,6859,6860
6847,6860,6861
6847,6861,4947
6847,6836,6841
6847,6841,6862
6847,6862,6850
6847,6851,6854
6863,4949,6864
6863,6865,6847
6863,6847,4949
6866,4948,4921
6867,4944,6868
6867,6868,6869
6867,6869,6864
6870,6867,6864
6871,6870,6864
6872,6864,4949
6872,6871,6864
6872,4949,4951
6873,6866,6874
6873,4948,6866
6873,6875,6876
6873,6876,4948
6873,6877,6875
6878,6871,6872
6878,6872,4951
6879,6878,4951
6879,4951,4950
6879,6880,6878
6879,4952,4953
6879,4954,4952
6879,4955,4954
6879,4956,4955
6879,4957,4956
6879,4958,4957
6879,3229,4960
6879,4959,4958
6879,4960,4959
6879,4950,3229
6881,4975,4974
6881,4976,4975
6881,4977,4976
6881,4984,4977
6882,6883,6884
6885,4984,6881
6885,4986,4984
6885,4987,4986
6885,6881,6879
6886,6887,4967
6886,6884,6887
6886,6882,6884
6886,4967,4966
6888,4987,6885
6888,4953,3234
6888,6885,6879
6888,6879,4953
6888,4989,4987
6888,4990,4989
6888,4991,4990
6888,4992,4991
6888,4993,4992
6888,4994,4993
6888,4995,4994
6888,4996,4995
6888,3234,4996
6889,6882,6886
6889,6886,4966
6890,6891,6892
6893,6894,6889
6895,1735,6896
6897,6890,6892
6898,6893,6889
6899,6897,6892
6900,4983,4997
6900,6889,4966
6900,6898,6889
6900,4966,4983
6900,4997,5000
6901,6893,6898
6902,1747,1735
6902,75,1747
6902,1735,6895
6903,6898,6900
6903,6900,5000
6903,6901,6898
6904,6905,6906
6904,6907,6905
6908,6907,6904
6908,6909,6910
6908,6911,6907
6908,6904,6909
6912,6908,6910
6912,6911,6908
6912,6913,6911
6912,6910,6914
6912,6914,6915
6912,6915,6916
6917,76,75
6917,75,6902
6918,5010,5011
6919,6920,6921
6919,6922,6920
6919,6923,6922
6919,6924,6923
6919,6925,6924
6926,6919,6927
6926,6925,6919
6926,6928,6925
6929,5008,5010
6929,5004,5008
6929,6918,5029
6929,5014,5004
6929,5010,6918
6930,5016,5018
6930,6931,6932
6930,6926,6927
6930,5018,6933
6930,6934,6928
6930,6932,6934
6930,6927,5016
6930,6928,6926
6930,6935,6931
6930,6933,6935
6936,5014,6929
6937,5014,6936
6938,5033,5015
6938,5015,5014
6938,5014,6937
6938,5031,5033
6939,4999,4998
6939,3253,1772
6939,5025,4999
6939,1772,3287
6939,5017,5025
6939,4998,3253
6940,3258,3260
6941,6942,6943
6941,6944,6942
6945,3260,3262
6945,3262,3264
6945,3264,3267
6945,6940,3260
6946,6944,6941
6946,6947,6944
6948,6949,6950
6951,6950,6943
6951,6948,6950
6951,6943,6942
6951,6942,6944
6951,6944,6947
6952,6953,6954
6955,3275,5038
6955,6954,6953
6955,3267,3270
6955,3270,3274
6955,6945,3267
6955,3274,3275
6955,5038,6954
6956,6947,6952
6956,6951,6947
6957,5041,5037
6957,5031,6938
6957,5036,5031
6957,5037,5036
6958,6956,6952
6958,6954,6959
6958,6952,6954
6960,6961,6962
6963,6961,6960
6964,6965,6966
6964,6966,6961
6964,6967,6968
6964,6961,6963
6964,6968,6965
6969,6967,6964
6969,6970,6967
6971,5041,6957
6972,6959,6973
6972,6970,6969
6974,6966,6965
6974,6965,6968
6975,6968,6967
6975,6967,6970
6975,6974,6968
6976,6972,6973
6976,6970,6972
6977,5041,6971
6978,5041,6977
6978,5047,5042
6978,5042,5040
6978,5040,5041
6979,6973,6959
6979,5049,6973
6979,5039,5049
6979,6959,6954
6979,5038,5039
6979,6954,5038
6980,6976,6973
6981,5049,3323
6981,6980,6973
6981,6973,5049
6981,3327,3321
6981,3328,3327
6981,3329,3328
6981,3330,3329
6981,3332,3330
6981,3323,3332
6982,3295,3292
6982,3298,3295
6983,3298,6982
6984,3298,6983
6985,3298,6984
6986,6981,3321
6986,3302,3298
6986,3306,3302
6986,3308,3306
6986,3310,3308
6986,3312,3310
6986,3314,3312
6986,3298,6985
6986,3316,3314
6986,3317,3316
6986,3319,3317
6986,3321,3319
6987,5048,5047
6987,5047,6978
6987,6978,5046
6988,5051,3322
6988,5049,3336
6988,3322,3331
6988,3331,5049
6988,5052,5051
6988,3335,5052
6988,3336,3335
6989,233,237
6989,245,249
6989,237,240
6989,249,250
6989,240,245
6989,250,254
6989,5056,233
6990,3349,5056
6990,294,292
6990,290,3349
6990,292,290
6990,297,294
6991,298,297
6991,297,6990
6992,298,6991
6993,0,3361
6993,3361,5060
6993,5059,0
6994,5061,5059
6994,5059,6995
6996,5068,5062
6996,5062,5061
6997,5072,5073
6997,5074,5075
6997,5075,5076
6997,5073,5074
6997,5067,5072
6998,6997,5076
6998,6999,6997
7000,6998,5076
7000,6999,6998
7001,6999,7000
7001,7000,5076
7002,6999,7001
7002,7001,5076
7003,6999,7002
7003,7002,5076
7004,6999,7003
7004,7003,5076
7004,5076,3369
7004,3373,7005
7004,3369,3373
7004,7005,6999
7006,7007,7008
7006,7009,7007
7006,7010,7009
7006,7011,7010
7006,7012,7011
7006,5077,5067
7006,7008,5077
7006,5067,6997
7013,7012,7006
7013,7014,7012
7015,7016,7014
7015,7014,7013
7017,7016,7015
7018,7016,7017
7019,7016,7018
7020,7016,7019
7021,7016,7020
7022,7016,7021
7022,5082,7016
7022,5083,5082
7023,5083,7022
7024,5083,7023
7024,7023,7005
7025,5083,7024
7025,5081,5083
7025,7024,7005
7025,3373,5081
7025,7005,3373
7026,5087,5093
7026,7008,7007
7026,5080,5077
7026,7007,7009
7026,7009,7010
7026,7010,7011
7026,7011,7012
7026,7012,7014
7026,5085,5087
7026,7014,7016
7026,5077,7008
7026,5093,5080
7027,5082,5084
7027,7016,5082
7027,5089,5085
7027,5084,5089
7027,5085,7026
7027,7026,7016
7028,877,1834
7029,1836,5097
7029,5097,7030
7029,7028,1834
7029,3390,1836
7029,1834,3390
7031,3392,875
7031,877,7028
7031,875,876
7031,876,877
7032,3392,7031
7032,7031,5099
7032,5098,3392
7032,5099,5098
7033,5097,3397
7033,7030,5097
7033,5102,5099
7033,3397,5102
7034,3395,3397
7034,1839,1840
7034,3399,3395
7034,1840,3399
7034,880,1839
7035,5104,5101
7035,5101,5098
7035,5098,5100
7036,5100,5105
7036,5104,7035
7036,7035,5100
7036,7037,5104
7038,5115,5114
7038,5111,5115
7038,3398,5104
7038,5109,5111
7038,5114,3398
7038,5104,7037
7039,7036,5105
7039,7037,7036
7039,5105,3400
7040,5124,7041
7040,3405,5124
7040,3400,3405
7040,7039,3400
7040,7037,7039
7040,7041,7037
7042,7041,5124
7042,5112,5109
7042,5124,5117
7042,5117,5112
7043,1846,3402
7043,5110,5116
7043,3402,5113
7043,5116,3412
7043,3412,3404
7043,5113,5110
7043,3404,1846
7044,5117,5124
7044,5116,5117
7044,5124,5123
7045,5131,3414
7045,3414,3409
7045,3409,3408
7046,5121,5120
7046,5123,5129
7046,5129,5121
7046,7044,5123
7047,7048,5128
7047,7049,7048
7047,7050,7049
7051,5121,5129
7052,7051,5129
7052,5129,5132
7052,5132,5146
7053,7052,5146
7054,5130,5131
7055,5135,7054
7055,5133,5135
7055,5136,5133
7056,7054,5135
7056,5135,5138
7056,3428,5130
7056,5130,7054
7056,5138,3428
7057,5136,7055
7058,5136,7057
7059,5136,7058
7059,5137,5136
7060,5138,5134
7060,5134,5137
7060,5140,5138
7061,5141,5140
7061,5140,7060
7062,5147,5149
7062,7059,5146
7062,5137,7059
7062,5146,5145
7062,5145,5147
7063,7062,5149
7064,3431,3433
7065,5150,5152
7065,7064,3433
7065,5149,5150
7065,5152,7064
7065,7063,5149
7066,7064,5152
7067,7068,5148
7067,5148,5143
7069,5143,7066
7069,7067,5143
7070,7071,7072
7073,1921,7070
7074,5157,5156
7074,5156,3452
7075,3447,1921
7075,1921,7073
7076,3452,5158
7076,5158,5160
7076,7074,3452
7077,3447,7075
7078,5166,5167
7078,3447,7077
7078,7077,5166
7079,3447,7078
7079,5164,3447
7080,5181,3415
7080,1914,5169
7080,3415,1814
7080,1814,1914
7081,5163,5164
7082,5163,7081
7082,5161,5163
7082,5170,5162
7082,5162,5161
7083,7081,5164
7083,5164,7079
7084,5167,5168
7085,5173,5174
7086,5180,5176
7086,5168,5172
7086,5172,5178
7086,7084,5168
7086,5178,5180
7087,7086,5176
7087,5175,5173
7087,5173,7085
7087,5176,5175
7088,5179,5171
7088,5174,5179
7089,7080,5169
7090,3482,3484
7090,5185,3482
7090,5188,5185
7091,5184,5187
7091,5182,5184
7091,5187,5188
7092,7091,5188
7093,7092,5188
7094,3484,5189
7094,5188,7090
7094,7093,5188
7094,7090,3484
7095,5182,7091
7095,5195,5190
7095,5190,5182
7096,5192,5193
7096,5193,7097
7096,5189,5192
7098,5195,7095
7098,7095,7099
7100,5195,7098
7100,7098,3488
7100,3488,3485
7101,5194,5195
7101,7100,3485
7101,5198,5194
7101,3485,5198
7101,5195,7100
7102,5197,5196
7102,5200,5197
7102,5196,5201
7102,5205,5200
7103,3493,5200
7103,5205,5204
7103,5200,5205
7104,3499,5212
7104,5201,3486
7104,3486,3499
7104,5212,7105
7106,5203,5205
7106,7105,5203
7106,7102,5201
7106,5205,7102
7106,7104,7105
7106,5201,7104
7107,3493,7103
7107,5202,3493
7107,7103,5204
7108,5204,5203
7109,5203,7105
7109,5211,5213
7109,5212,5211
7109,7108,5203
7109,5213,7108
7109,7105,5212
7110,5213,5214
7110,7108,5213
7111,5207,7110
7111,7110,5214
7112,5209,3495
7112,3495,5206
7112,5206,5208
7113,5207,7111
7113,5214,5215
7113,7111,5214
7114,7115,5208
7114,5208,5207
7114,5218,7115
7114,5207,7113
7114,5215,5218
7114,7113,5215
7116,5209,7112
7116,3516,5209
7117,3516,7116
7118,5219,5216
7119,3516,7117
7119,7117,7120
7121,3515,3516
7121,3516,7119
7122,3523,3515
7122,3515,7121
7122,7123,3523
7124,7125,5220
7124,5225,7126
7124,7126,7125
7124,5223,5225
7124,5220,5223
7127,7128,7129
7127,7126,5225
7127,7129,7126
7130,5227,5226
7131,5229,3523
7131,3523,7123
7132,5232,5226
7132,5226,5230
7133,5232,7132
7133,7132,5230
7133,5230,7134
7135,7133,7134
7136,3527,5233
7136,5240,3527
7137,5230,5224
7137,5224,5244
7137,5244,2008
7137,7134,5230
7137,2008,7134
7138,7135,7134
7138,5241,5243
7138,7134,5241
7139,5236,5234
7139,7138,5243
7140,5243,5242
7140,5237,5236
7140,7139,5243
7140,5236,7139
7140,5242,5237
7141,5236,5238
7142,5239,5240
7142,5240,7141
7142,5238,5246
7142,7141,5238
7142,5246,7143
7142,7143,5239
7144,5245,5239
7144,5247,5245
7144,5239,7143
7145,5241,7134
7145,1996,5248
7145,5248,5241
7145,7134,2008
7145,2008,1996
7146,7143,5246
7146,5246,5249
7146,5250,7143
7147,2016,2015
7147,5247,7144
7147,7144,7143
7147,5250,2016
7147,7143,5250
7147,2015,5247
7148,2020,2019
7148,2019,5250
7148,7146,5249
7148,5250,7146
7148,5249,5251
7148,5251,2020
7149,2034,5235
7149,2037,2034
7149,2041,2037
7150,2045,2041
7150,5252,2045
7150,5235,5252
7150,7149,5235
7150,2041,7149
7151,3546,3537
7151,5256,3546
7151,3537,2012
7151,2012,2017
7151,2017,5253
7151,5253,5256
7152,3541,2028
7153,5253,7154
7153,5256,5253
7155,7153,7154
7155,7156,7153
7157,5256,7153
7157,7153,7156
7158,5256,7157
7158,7157,7156
7158,5255,5256
7159,5255,7158
7160,5258,5255
7160,5255,7159
7161,5259,5260
7161,2029,5259
7162,5258,7160
7163,7162,7164
7163,5258,7162
7165,3547,3545
7166,7167,5264
7166,7164,7167
7166,7168,7164
7169,7165,7170
7169,3547,7165
7169,5262,3547
7171,7170,7172
7173,5271,5262
7173,5262,7169
7174,5266,3562
7174,5264,5266
7174,7166,5264
7175,5268,3574
7175,5269,5263
7175,3540,5268
7175,3577,5269
7175,3574,3577
7175,5263,5257
7175,5257,3540
7176,7174,3562
7176,3562,5272
7177,5271,7173
7178,5272,5276
7178,7176,5272
7178,7179,7176
7180,7178,5276
7180,7179,7178
7181,7180,5276
7181,5276,5275
7182,7181,5275
7183,3564,5267
7183,5267,5277
7184,7185,7186
7187,3573,3575
7187,3575,5278
7187,5278,7186
7188,5287,3583
7188,3583,3554
7188,5283,5287
7188,3554,3563
7188,3563,5283
7189,3573,7187
7190,7191,7185
7192,3576,3573
7192,7193,3576
7192,3573,7189
7192,7189,7194
7195,7191,7196
7195,7197,7191
7195,7194,7197
7198,5282,3581
7198,7199,5282
7198,7196,7191
7198,7190,7199
7198,7191,7190
7200,7196,7198
7200,3581,3580
7200,7198,3581
7200,3580,7196
7201,7202,7203
7201,5286,5285
7201,5285,7204
7201,7203,5286
7205,7193,7206
7205,3576,7193
7207,3576,7205
7207,5279,3576
7207,5283,5279
7208,3572,2054
7208,5288,3564
7208,3564,7183
7208,5277,3570
7208,7183,5277
7208,2054,5319
7208,3570,3572
7208,5319,5288
7209,5283,7207
7209,5287,5283
7209,5310,5287
7210,5285,3579
7210,3579,7211
7210,7204,5285
7212,7213,7214
7215,5318,5317
7215,3579,5291
7215,5291,5292
7215,7211,3579
7215,5292,5318
7216,7217,7218
7219,5310,7220
7219,5295,5301
7219,5303,5310
7219,7220,5295
7219,5301,5303
7221,7220,7217
7221,5293,5295
7221,5295,7220
7222,7221,7217
7222,5296,5293
7222,7217,7216
7222,5293,7221
7223,7215,5317
7224,7223,5317
7224,5308,7213
7224,5312,5307
7224,5307,5308
7224,5317,5312
7224,7213,7223
7225,5314,5299
7225,5299,5321
7226,5314,7225
7226,7225,5321
7227,7226,5321
7228,7229,5326
7228,3584,5309
7228,5309,5311
7228,5311,5313
7228,5326,3584
7230,5315,7231
7230,7231,7232
7230,5313,5315
7230,7232,7233
7230,7228,5313
7234,5290,5288
7234,5288,5319
7235,5322,5325
7236,7235,5325
7237,7236,5325
7238,7237,5325
7238,5325,5324
7239,5326,7229
7239,7229,7240
7241,5289,5290
7241,5338,5336
7241,5341,5338
7241,5343,5341
7241,5290,5343
7241,5336,5332
7241,5332,5289
7242,5327,5326
7242,5326,7239
7243,5327,7242
7243,5339,5327
7243,7244,5339
7243,7242,7244
7245,5324,3591
7245,7238,5324
7246,5328,5327
7246,5327,5340
7246,5346,5328
7247,3548,5342
7247,3663,3589
7247,3549,3548
7247,5342,3663
7247,3589,3588
7247,3588,3549
7248,5331,5329
7248,5346,5345
7248,2079,5328
7248,5329,2079
7248,5328,5346
7248,5345,5331
7249,7245,3591
7249,3591,5344
7249,5344,7250
7251,7252,7250
7253,5340,5339
7253,5339,7254
7255,7251,7250
7255,5344,5349
7255,7250,5344
7256,7257,7255
7258,7256,7255
7258,7255,5349
7258,7259,7256
7258,5349,5350
7260,7259,7258
7261,7258,5350
7261,7260,7258
7261,5350,5354
7262,5347,7263
7262,7263,7264
7265,5345,5347
7265,5331,5345
7266,3600,3595
7266,5355,3615
7266,3595,5352
7266,3615,3600
7266,5352,5355
7267,7261,5354
7268,5347,7262
7268,7265,5347
7269,5353,3610
7269,7270,7267
7269,7267,5354
7269,5354,5353
7271,5331,7265
7271,5351,5331
7272,5351,7271
7273,7269,3610
7274,5351,7272
7274,5352,5351
7274,7272,7275
7274,5355,5352
7276,3610,5357
7276,7273,3610
7277,7276,5357
7278,7275,7272
7279,7277,5357
7279,7280,7277
7281,5357,5368
7281,7279,5357
7281,7280,7279
7282,7283,7284
7285,7283,7282
7286,5369,5371
7287,7288,7289
7290,7286,5371
7291,7289,7292
7293,5371,5377
7293,7290,5371
7294,7293,5377
7294,7295,7293
7294,5377,5381
7296,5375,5374
7296,5374,7297
7298,7299,7300
7301,5375,7296
7302,7300,7299
7302,7299,7303
7302,7301,7300
7304,7302,7303
7305,5378,5375
7305,5375,7304
7306,5378,7305
7306,7305,7307
7308,5379,5378
7308,5378,7306
7309,7298,5381
7309,7299,7298
7309,5381,3631
7309,3631,3630
7310,3630,5383
7310,7303,7299
7310,7299,7309
7310,7309,3630
7311,5379,7308
7312,5383,5386
7313,5384,5379
7313,5379,7311
7314,7315,7312
7314,7312,5386
7316,7314,5386
7316,5386,5389
7317,7313,7315
7318,5358,5360
7318,5342,5358
7318,5390,5342
7319,7317,7320
7321,5385,5384
7321,5387,5385
7322,7318,5360
7323,7322,5360
7324,7325,7319
7326,5391,5387
7326,5387,7321
7327,7323,5360
7328,5360,5365
7328,7327,5360
7328,5365,3607
7329,5391,7326
7330,5393,5392
7330,7331,7332
7330,7332,5393
7333,5391,7334
7333,3634,5391
7335,5392,5397
7335,7331,7330
7335,7330,5392
7336,7337,7334
7338,7339,7340
7338,3634,7333
7341,5394,3634
7341,7338,7340
7341,3634,7338
7341,7340,7342
7343,7337,7344
7345,7341,7342
7345,5398,5394
7345,5394,7341
7346,5397,3642
7347,7340,7348
7347,7342,7340
7349,5400,5398
7349,5398,7345
7350,7347,7348
7350,7351,7347
7352,7353,7342
7352,7347,7351
7352,7342,7347
7354,3642,3644
7354,7346,3642
7354,7355,7346
7356,5400,7349
7357,7351,7358
7357,7358,7359
7360,5400,7356
7361,7362,7363
7364,7361,7363
7364,5406,5407
7364,5407,7361
7364,7363,7365
7366,5406,7364
7366,7364,7365
7367,5408,5406
7367,5406,7366
7368,7369,7370
7368,5404,5408
7368,5409,5404
7368,7370,5409
7368,5408,7369
7371,3649,5411
7371,3644,3649
7372,5408,7367
7372,7367,7373
7372,7369,5408
7374,7371,5411
7375,7374,5411
7375,5411,5414
7376,7375,5414
7376,5413,7377
7376,5414,5413
7378,7377,5413
7378,5413,5415
7378,5415,7373
7379,7372,7373
7379,7369,7372
7379,7373,5415
7380,5410,5409
7380,5409,7370
7380,7370,7381
7380,5416,5410
7382,7379,5415
7383,7384,5412
7383,5412,5417
7385,5417,5424
7385,7383,5417
7386,3637,3612
7386,3606,3637
7386,2133,1086
7386,5470,5423
7386,5423,3606
7386,3612,2134
7386,2134,2133
7386,1086,5470
7387,7385,5424
7388,5424,5425
7388,7389,7387
7388,7387,5424
7390,5421,5418
7391,5421,7390
7392,5479,3755
7393,5422,5421
7393,5429,5422
7393,5421,7391
7394,7395,5426
7394,5426,5430
7396,7394,5430
7397,7398,7399
7400,5429,7397
7400,5428,5429
7400,7397,7399
7401,7396,5430
7402,7399,7403
7402,7400,7399
7402,5428,7400
7402,5431,5428
7404,7402,7403
7404,5431,7402
7405,5431,7404
7405,7404,7403
7405,5432,5431
7406,7403,7399
7406,5437,7403
7406,7399,7401
7406,5435,5437
7406,7401,5430
7406,5430,5435
7407,7403,5437
7407,5437,5436
7407,7405,7403
7407,5436,5440
7408,7407,5440
7408,5433,5432
7409,3667,5433
7409,5433,7410
7409,5434,3667
7409,7410,5434
7411,7408,5440
7411,5433,7408
7411,7410,5433
7412,7411,5440
7412,7410,7411
7413,5434,5442
7413,5438,5434
7414,5438,7413
7414,7413,5442
7414,5442,5441
7414,5441,5444
7415,5438,7414
7415,3672,5438
7415,7414,5444
7415,5444,3672
7416,5445,2157
7416,2157,3676
7417,3675,5453
7417,5453,5449
7417,5444,3675
7417,5449,5446
7417,5446,5444
7418,5454,5458
7418,5455,5454
7419,5457,5452
7419,5451,5456
7419,5452,5451
7420,5456,5455
7420,3686,5456
7420,3683,3686
7420,7418,5458
7420,5458,3683
7420,5455,7418
7421,5457,7419
7421,5459,5457
7422,5461,5459
7422,5459,7421
7422,7421,5463
7422,5463,5461
7423,3689,3691
7423,5466,5465
7423,5465,3689
7423,5467,5466
7424,5468,5467
7424,5467,7423
7424,7423,3691
7424,5473,5468
7425,5468,5473
7425,5469,5468
7426,7425,5473
7427,3694,5469
7427,3700,5477
7427,5477,3694
7428,3702,3698
7428,3698,5474
7428,5474,7429
7430,3700,3703
7430,5477,3700
7430,5476,5477
7430,3703,3706
7430,3706,5476
7431,5474,5476
7431,5476,3706
7432,3702,7428
7432,5478,3702
7432,7428,7429
7432,7429,5478
7433,7431,3706
7433,3706,5480
7434,7429,7433
7434,7433,5480
7434,5480,5482
7435,7434,5482
7435,7429,7434
7435,5478,7429
7435,3707,5478
7436,7435,5482
7436,3707,7435
7436,5482,5485
7437,7436,5485
7437,5487,5483
7437,5483,3707
7437,5485,5489
7437,3707,7436
7437,5489,5487
7438,3713,5488
7438,5498,3713
7438,5488,5497
7439,5498,5493
7439,5492,3713
7439,3713,5498
7439,5493,5492
7440,7441,5497
7440,3715,7441
7440,5496,3715
7440,5497,5496
7442,5499,5498
7442,5497,7441
7442,7438,5497
7442,5498,7438
7443,2191,5490
7443,5494,5503
7443,5492,5494
7443,5490,5492
7444,3715,5501
7444,7441,3715
7445,5493,5499
7446,2191,7443
7446,3722,2191
7446,7443,5503
7446,5503,3722
7447,5505,5504
7447,7445,5505
7448,5501,3719
7448,2183,5506
7448,5506,5505
7448,7444,5501
7448,3719,2183
7449,7447,5504
7449,5504,5508
7449,7450,7447
7451,5502,7450
7451,5503,5502
7451,7449,5508
7451,7450,7449
7452,5509,5503
7452,5503,7451
7453,5471,5529
7453,5479,5471
7454,7452,5513
7454,5509,7452
7455,7454,5513
7455,5510,5509
7455,5509,7454
7456,2190,3721
7456,3727,2190
7456,3721,5511
7456,5511,5517
7456,5516,3727
7456,5517,5516
7457,7455,5513
7457,5513,5512
7458,7457,5512
7459,5517,5511
7459,5518,5517
7460,5512,5515
7460,7458,5512
7460,5515,5520
7461,5520,5519
7461,7459,5520
7461,5518,7459
7462,2193,2194
7462,2194,3673
7462,3673,5528
7463,5525,7464
7463,7464,5518
7463,5518,7461
7465,7464,5525
7466,2196,3727
7466,3727,5521
7466,5522,2196
7467,7468,7465
7467,7465,5525
7467,5525,5527
7469,5522,7466
7469,3734,5522
7469,7470,3734
7471,7468,7467
7471,7467,5527
7472,7471,5527
7472,7473,7471
7472,5527,5530
7474,3735,3734
7474,3734,7470
7475,7474,7470
7476,5537,7475
7476,7470,7477
7476,5538,5537
7476,7475,7470
7478,7476,7477
7478,5538,7476
7478,7477,7473
7478,7479,5538
7480,7473,7472
7480,7472,5530
7480,5532,5535
7480,5530,5532
7481,7473,7480
7481,5535,7479
7481,7480,5535
7481,7478,7473
7481,7479,7478
7482,3735,7474
7483,5541,5534
7483,3735,7482
7483,5534,3735
7484,5535,2209
7484,7479,5535
7484,5536,5538
7484,5538,7479
7485,5536,7484
7485,2209,3742
7485,3742,3739
7485,7484,2209
7485,3739,5536
7486,7453,5529
7486,5479,7453
7486,5529,3820
7487,5543,3745
7487,5539,5543
7488,5542,5539
7488,5539,7487
7488,7487,3745
7488,3745,3746
7488,3746,5549
7489,5544,5542
7489,5542,7488
7489,7488,5549
7490,5546,5545
7490,5545,5544
7490,7489,5549
7490,5544,7489
7490,5549,5548
7490,5548,5546
7491,5550,3744
7491,3747,5553
7491,3744,3747
7492,5550,7491
7493,7492,7491
7493,5555,7492
7493,5553,5555
7493,7491,5553
7494,7492,5555
7495,7496,7497
7498,3750,5546
7498,5546,7497
7499,5556,3750
7499,7500,5556
7499,7498,7500
7499,3750,7498
7501,7496,7502
7501,7502,5558
7501,5558,5560
7503,5556,7500
7503,5559,5556
7504,7503,7505
7504,5559,7503
7506,7503,7500
7506,7505,7503
7506,7507,7505
7508,7507,7506
7508,7496,7501
7508,5560,3775
7508,7500,7496
7508,7501,5560
7508,3775,7507
7508,7506,7500
7509,5559,7504
7509,5562,5559
7510,5564,7511
7510,5565,2267
7512,5574,7513
7512,5563,5562
7512,7513,5563
7514,5562,7509
7514,5574,7512
7514,7512,5562
7515,3775,5568
7515,7505,7507
7515,7507,3775
7516,5573,5575
7516,7513,5574
7516,5574,5573
7517,7516,5575
7517,5576,5571
7517,5575,5576
7518,5584,3779
7518,7519,5584
7518,3769,5572
7518,3779,3769
7520,7521,5579
7520,5579,5577
7520,5577,5585
7522,7521,7520
7522,5596,5595
7522,7520,5585
7522,5585,5596
7523,7521,7522
7523,7522,5595
7524,5584,7519
7524,7519,7525
7524,5587,5584
7526,5581,3781
7526,5585,5581
7526,3781,5589
7526,5589,5596
7526,5596,5585
7527,7528,5590
7527,5590,5591
7527,5591,5587
7529,5590,7528
7529,7528,5595
7529,3792,5590
7530,5587,5591
7530,5592,5586
7530,5586,5587
7531,5591,3794
7531,5592,7530
7531,7530,5591
7532,5631,5626
7532,3810,5561
7532,5626,3810
7533,5592,7531
7533,7531,3794
7534,5592,7533
7534,5597,5592
7535,5600,5601
7535,7534,5600
7535,5597,7534
7535,5601,5597
7536,5600,5599
7536,5601,5600
7537,7532,7538
7537,5631,7532
7537,7538,5564
7539,5601,7536
7539,5602,5601
7540,5599,5598
7540,3795,5605
7541,3800,3799
7541,5603,5602
7541,7539,3800
7541,3799,5603
7541,5602,7539
7542,5606,5599
7542,5599,7540
7542,7540,5605
7542,5605,5606
7543,5599,5606
7543,5606,5609
7544,7510,2267
7544,2269,5655
7544,5655,5656
7544,2267,2269
7544,5656,5631
7544,5631,7537
7544,7537,5564
7544,5564,7510
7545,3800,7543
7545,5609,3798
7545,3798,3800
7545,7543,5609
7546,5608,5604
7546,7547,5610
7546,5610,5608
7548,5610,7547
7549,7550,3804
7549,3804,5615
7551,5611,5610
7551,5610,7548
7551,7548,5619
7552,7549,5615
7552,5617,5619
7552,5615,5617
7553,5611,7551
7553,5614,5611
7554,5612,5614
7554,5614,7553
7554,5613,5612
7554,5628,5613
7555,5625,5623
7555,5628,5627
7555,5632,5625
7555,5627,5632
7556,5629,5622
7556,5622,5624
7557,7556,5624
7558,5636,7559
7558,5643,5636
7558,5644,5643
7560,3842,5646
7560,3815,3842
7560,5639,3816
7560,5646,5639
7560,3816,3815
7561,5640,5641
7561,5641,5651
7561,5650,5640
7562,5650,7561
7563,5653,5650
7563,7562,7564
7563,5650,7562
7565,5653,7563
7565,7563,7564
7566,5657,5653
7566,5653,7565
7567,5660,5659
7567,5659,5662
7568,7567,5662
7568,7564,7567
7569,5661,5657
7569,5657,7566
7570,7568,5662
7570,5662,5666
7570,7564,7568
7571,7569,7572
7571,5661,7569
7573,7571,7572
7573,5663,5661
7573,7572,7574
7573,5661,7571
7575,7570,5666
7575,5666,5669
7576,5663,7573
7576,5664,5663
7576,7573,7574
7577,7575,5669
7578,5670,5664
7578,5664,7576
7578,7576,7574
7579,7574,7572
7579,7572,7577
7579,7577,5669
7580,7581,5674
7582,7580,5674
7582,5674,5673
7583,5670,7584
7585,5670,7583
7585,5671,5670
7585,5675,5671
7586,7582,5673
7587,5675,7585
7588,5675,7587
7588,5677,5672
7588,5672,5675
7589,7586,5673
7589,5673,5682
7590,7591,5691
7592,5691,7591
7592,5692,5691
7593,5692,7592
7593,7589,5682
7593,5682,5685
7593,5685,5692
7594,7595,7590
7596,5691,5690
7597,5683,7598
7599,7597,7600
7599,5683,7597
7599,7600,7601
7602,7599,7601
7602,5683,7599
7602,5684,5683
7603,5690,5699
7603,7596,5690
7604,5699,5700
7604,5700,7605
7604,7603,5699
7606,5684,7602
7606,7602,7601
7606,5693,5684
7607,7601,7600
7607,7600,7605
7608,5695,5693
7608,5693,7606
7609,5695,7608
7609,7608,7610
7611,7607,7605
7612,7610,7613
7612,7609,7610
7612,5695,7609
7614,7610,7611
7615,5689,5688
7615,5688,5695
7615,5695,7612
7616,7605,5700
7616,7611,7605
7616,7614,7611
7617,5689,7615
7618,5697,5696
7618,5696,5689
7619,7618,5689
7619,5689,7617
7620,5700,5702
7620,7616,5700
7621,7620,5702
7621,7616,7620
7622,5704,5701
7622,5697,7618
7622,5701,5697
7623,7624,7621
7623,7621,5702
7623,5702,3879
7625,5704,7626
7627,7623,3879
7627,3879,5705
7628,7629,7627
7628,7627,5705
7630,7625,7631
7630,5704,7625
7630,5703,5704
7632,5705,5706
7632,7628,5705
7633,5703,7630
7634,3876,5701
7634,5701,5703
7634,5703,7635
7636,7631,7637
7636,7632,5706
7636,7637,7632
7638,7631,7636
7639,3874,3876
7639,3876,7634
7639,5708,3874
7640,5706,3880
7641,3866,5710
7641,3873,3872
7641,3872,3866
7641,3895,3873
7641,5710,3895
7642,7640,3880
7642,7643,7640
7642,3880,3888
7644,7642,3888
7645,7646,7647
7648,5709,5707
7648,5707,7649
7650,7644,3888
7650,3888,5711
7650,7647,7644
7651,3882,5709
7651,3887,3882
7652,5709,7648
7653,5711,5712
7654,7653,5712
7654,5712,5715
7655,7654,5715
7656,5713,5714
7656,5714,7657
7658,7659,5721
7660,7661,7658
7660,7658,5721
7660,5721,5720
7662,5719,5718
7663,3897,5719
7663,7664,7665
7666,7667,7664
7666,5719,7662
7666,7663,5719
7666,7662,7667
7666,7664,7663
7668,5720,3905
7668,5726,7669
7668,3905,5726
7670,3898,3897
7670,7671,5724
7670,3897,7663
7670,5724,3898
7672,5726,5725
7672,5725,5727
7672,7673,5726
7674,7664,7667
7674,7672,5727
7675,7664,7674
7675,7674,5727
7676,7665,7664
7676,7664,7675
7676,7675,5727
7677,7665,7676
7678,7677,7676
7678,7676,5727
7679,5724,7671
7680,7677,7678
7681,5723,5724
7682,7683,7684
7685,5723,7681
7685,5728,5723
7685,5730,5728
7685,7681,7686
7687,7688,7689
7687,7689,7683
7687,7683,7682
7690,7689,7688
7690,3912,5733
7690,7688,3912
7691,5733,5734
7691,7690,5733
7692,7693,5737
7694,5741,5736
7695,3927,5747
7695,7692,5737
7695,5737,3927
7696,3930,3929
7696,3918,5742
7696,5742,5749
7696,5749,3930
7697,5741,7694
7698,5747,5746
7699,7698,5746
7700,5739,5741
7700,5744,5739
7701,5744,7700
7702,5744,7701
7703,5746,5745
7704,5744,7702
7704,5742,5744
7704,5749,5742
7705,5749,7704
7705,5748,5749
7705,5755,5748
7705,7704,7706
7707,5759,5758
7708,7707,5758
7709,5745,5751
7709,5760,5759
7709,5751,5756
7709,5756,5760
7709,7703,5745
7710,7711,7708
7710,7708,5758
7712,5758,5757
7712,7710,5758
7713,7712,5757
7714,5755,7715
7716,5753,5754
7716,5768,5766
7716,5754,5750
7716,5766,5753
7717,5750,5755
7717,5755,7714
7718,5750,7717
7718,5768,7716
7718,7716,5750
7718,5769,5768
7719,3934,5752
7719,5753,5765
7719,5774,3935
7719,3935,3934
7719,5752,5753
7719,5765,5774
7720,5762,7721
7720,5763,5762
7722,7720,7721
7722,7723,7724
7725,7722,7721
7725,7723,7722
7726,5768,5767
7727,5766,5768
7727,5768,7726
7728,5772,5771
7729,7726,5767
7729,7728,5771
7730,5766,7727
7731,7732,7733
7731,5766,7730
7731,7730,7732
7731,5765,5766
7731,7733,5774
7731,5774,5765
7734,5771,5777
7734,7735,5771
7736,7734,7737
7736,7735,7734
7736,7732,7735
7738,7733,7732
7738,7732,7736
7738,7736,7737
7739,5777,5773
7739,7740,7737
7739,7734,5777
7739,7737,7734
7741,5780,5774
7741,5774,7733
7742,7738,7737
7743,2418,3944
7743,7721,5762
7743,5762,5779
7743,5779,2418
7744,5780,7741
7745,5778,5775
7745,5789,5778
7745,5775,5781
7746,5784,5780
7746,7744,7747
7746,5780,7744
7748,7747,7744
7749,7750,3946
7749,5773,7750
7749,7739,5773
7749,3943,3945
7749,7740,7739
7749,3946,3943
7751,3945,5788
7751,7749,3945
7752,5788,5787
7753,7752,5787
7754,7753,5787
7754,7755,7753
7756,5791,5789
7756,5781,7757
7756,5789,7745
7756,7745,5781
7758,5794,7759
7760,7758,7759
7761,3945,5792
7761,5788,3945
7761,5786,5788
7761,5794,5786
7761,5792,5794
7762,5783,5789
7762,5790,7763
7762,5789,5790
7764,7760,7759
7765,7762,7763
7765,7766,5783
7765,5783,7762
7765,7763,7766
7767,5790,7768
7769,5794,5793
7769,7759,5794
7770,3964,3949
7770,5785,5783
7770,3949,5785
7770,7766,7771
7770,5783,7766
7772,7767,7773
7772,5790,7767
7772,7763,5790
7774,7763,7775
7774,7766,7763
7776,7769,5793
7777,7763,7772
7777,7772,7773
7777,7775,7763
7778,7766,7774
7778,7774,7775
7779,7771,7766
7779,7766,7778
7780,7781,5796
7780,5796,5799
7782,7770,7771
7782,3964,7770
7783,7784,7780
7783,7780,5799
7785,7783,5799
7786,7787,7788
7789,5798,7790
7789,5802,5798
7791,7789,7790
7792,3974,7793
7794,7795,5806
7794,3973,3974
7794,5806,3973
7796,3974,7792
7796,7794,3974
7796,7795,7794
7796,7797,7795
7798,7791,7790
7799,5806,7795
7799,7795,7797
7799,7797,7800
7801,7799,7800
7801,5805,5806
7801,5806,7799
7801,7800,7802
7803,7802,7804
7803,5805,7801
7803,7801,7802
7803,7804,5805
7805,7800,7797
7806,2459,2458
7806,5811,7805
7806,2458,5811
7807,7805,5811
7807,7800,7805
7808,7802,7800
7808,7807,5811
7808,7800,7807
7808,5810,3993
7808,5811,5810
7809,7804,7802
7809,7808,3993
7809,7802,7808
7810,5805,7804
7811,5805,7810
7811,5812,5807
7811,5807,5805
7812,7804,7809
7812,3992,7810
7812,7810,7804
7812,7809,3993
7812,3993,3992
7813,5815,5812
7813,5812,7811
7813,5820,5815
7813,3992,5820
7814,5816,5815
7814,5815,5820
7815,5819,3991
7815,5818,5821
7815,3991,5818
7816,5813,5816
7817,7815,5821
7817,5821,5822
7818,7817,5822
7819,5825,7816
7819,7816,5816
7820,5825,5824
7820,5824,4006
7820,4006,4005
7820,7816,5825
7821,7818,5822
7821,5822,5827
7822,5828,5826
7822,5826,5823
7822,5827,5828
7822,7821,5827
7823,4006,5824
7823,4004,4006
7823,5824,5830
7824,5832,4004
7824,4004,7823
7824,7823,5830
7825,5826,5828
7825,5838,5834
7825,5828,5838
7825,5830,5826
7826,5840,5842
7826,5845,5839
7826,5837,5840
7826,5842,5845
7826,2476,5837
7826,5839,2476
7827,4012,5845
7827,5848,5847
7827,5847,5846
7827,5845,5848
7827,5846,4012
7828,5848,5842
7828,5842,5851
7829,5847,5854
7829,5854,5855
7829,4016,5847
7829,5855,4016
7830,5852,5848
7830,5860,5852
7830,5848,7828
7831,5852,5860
7831,5854,5852
7831,5856,5854
7831,5860,5859
7831,5859,5856
7832,4025,5853
7832,5853,5858
7832,5858,5862
7832,5862,5861
7832,5861,4025
7833,5855,5856
7833,5862,5858
7833,5858,5855
7834,7833,5856
7834,5862,7833
7834,5863,5862
7834,5856,5864
7834,5866,5863
7834,5864,5866
7835,4024,4035
7835,5867,4024
7836,7835,4035
7836,5867,7835
7837,5867,7836
7837,5872,5867
7838,5883,5873
7838,5878,5883
7838,5872,7837
7838,5873,5872
7839,5876,4041
7839,4041,5880
7840,5877,5881
7840,5884,5883
7840,5883,5877
7841,5884,7840
7841,5881,5889
7841,5889,4049
7841,7840,5881
7842,5889,5892
7842,4057,5890
7842,5893,4057
7842,5892,5893
7843,4055,5897
7844,5894,7843
7844,5898,4062
7844,7843,5897
7844,4062,5894
7844,5897,5898
7845,4066,4064
7845,4064,5901
7846,5903,5905
7847,4079,4081
7847,5899,5900
7847,4081,5899
7848,5900,7849
7848,5905,5904
7848,7847,5900
7848,7849,5905
7850,4080,4079
7850,4079,7847
7851,5904,5902
7851,4080,7850
7852,5915,5918
7853,5918,5909
7853,5908,4080
7853,7852,5918
7853,5909,5908
7854,5910,5924
7854,5922,4085
7854,4085,4087
7854,4087,5910
7855,7854,5924
7856,5923,5934
7856,5924,5920
7856,5920,5923
7857,5913,5914
7857,5942,5941
7857,5930,7858
7857,5916,5913
7857,7858,5942
7857,5928,5930
7857,5914,5928
7859,7860,5932
7859,5932,5927
7859,5927,7855
7861,5933,5936
7861,5934,5933
7862,5935,5932
7862,5932,7860
7863,7861,5936
7863,7860,7861
7864,5939,5938
7865,7866,5930
7865,7864,5938
7865,5938,7866
7865,5930,5929
7867,7863,5936
7868,7867,5936
7868,5936,4111
7869,5930,7866
7869,7858,5930
7870,7869,7871
7870,7858,7869
7870,7871,5944
7870,5944,5942
7870,5942,7858
7872,7866,5938
7872,5938,5937
7872,5937,7873
7874,7872,7873
7874,7866,7872
7874,7873,7871
7875,7868,4111
7875,5937,5939
7876,5936,5933
7876,2570,2569
7876,2569,2578
7876,5933,2570
7876,2578,2590
7876,2590,4112
7876,4112,5936
7877,4111,5954
7877,7875,4111
7877,5937,7875
7878,7871,7873
7879,5954,7880
7879,5937,7877
7879,7873,5937
7879,7877,5954
7879,7878,7873
7881,7871,7878
7882,5943,5944
7883,7882,4102
7883,5943,7882
7884,5948,5943
7884,5943,7883
7885,5940,5949
7886,5948,7884
7886,5949,5948
7887,5940,7885
7887,5945,5940
7888,5949,7886
7888,5956,4105
7889,5945,7887
7890,7889,4107
7890,5945,7889
7890,5950,5945
7891,5956,5955
7891,5955,5957
7891,5957,5958
7892,5952,5950
7892,5950,7890
7892,5962,5952
7892,5965,5962
7893,5958,5959
7893,7891,5958
7893,4105,5956
7893,5956,7891
7893,5959,4105
7894,4120,2593
7894,2593,2586
7895,5973,5971
7895,7896,5973
7897,7898,7899
7897,7899,7900
7901,7900,7902
7901,7903,7904
7901,7902,7903
7901,7904,7905
7906,5969,5973
7906,5973,7896
7907,7906,7896
7907,7895,7905
7907,7896,7895
7907,7908,7906
7907,7905,7904
7909,4138,2595
7909,2595,5967
7910,7894,2586
7910,2586,4130
7910,7898,7897
7911,7904,7903
7911,7907,7904
7911,7908,7907
7912,5969,7906
7912,5975,5969
7912,7906,7908
7913,7910,4130
7913,7898,7910
7914,6002,4138
7914,1273,6002
7914,5974,1273
7914,4138,7909
7915,5976,5975
7916,7913,4130
7916,4130,5985
7917,7915,7918
7917,5976,7915
7919,2600,5977
7919,4123,2600
7919,2611,2610
7919,2610,4123
7920,7921,5987
7922,5976,7917
7922,5979,5976
7923,7920,5987
7924,7916,5985
7924,5985,5988
7925,7918,7923
7925,7923,5987
7925,5987,5986
7926,5978,5979
7927,7926,5979
7928,5981,5980
7928,5978,7926
7928,5980,5984
7928,5984,5978
7928,7929,5981
7930,7929,7931
7930,7932,7929
7933,7930,7931
7933,7934,7930
7933,7935,7934
7936,5981,7929
7936,7929,7932
7937,5988,5995
7937,5995,5996
7938,5981,7936
7938,7936,7932
7938,7932,7939
7940,7930,7934
7940,7932,7930
7940,7934,7935
7940,5990,5992
7940,7935,5990
7941,5993,5981
7941,5981,7938
7941,7938,7939
7942,5998,6001
7942,5996,5998
7942,6001,7943
7942,7937,5996
7944,7932,7940
7944,7940,5992
7944,7939,7932
7945,7941,7939
7946,7939,7944
7946,7945,7939
7947,7948,7949
7947,7949,7950
7951,6001,6000
7951,7943,6001
7952,7948,7947
7953,6005,4148
7953,4148,4147
7954,7951,6000
7954,6000,6008
7954,7955,7951
7956,7954,6008
7957,4158,4157
7957,4157,6006
7958,6011,4146
7958,6004,6009
7958,4146,6004
7959,6016,6009
7959,6006,4157
7959,6009,6006
7959,4157,4156
7960,6009,6016
7960,7958,6009
7960,6011,7958
7960,4163,6011
7960,6016,6015
7960,4164,4163
7960,6015,4164
7961,4158,6020
7961,4156,4158
7961,6020,4173
7962,4161,6019
7962,4154,4161
7962,6022,4154
7962,7963,6022
7962,6019,7963
7964,6018,4175
7964,6019,6018
7965,4175,4176
7965,7964,4175
7965,6019,7964
7965,7963,6019
7966,4176,6024
7966,7965,4176
7966,7963,7965
7967,4179,4178
7967,4181,4179
7967,7966,6024
7967,6025,4181
7967,7963,7966
7967,4178,6022
7967,6022,7963
7967,6024,6025
7968,4212,6038
7968,2686,2684
7969,6040,4222
7969,4216,6040
7969,2688,2686
7969,4222,2688
7970,6043,6042
7970,6042,2682
7970,2683,6039
7970,6039,6045
7970,2682,2683
7970,6045,6043
7971,4223,6048
7971,6045,4221
7971,6048,6049
7971,4221,4223
7972,6044,6043
7972,6045,7971
7972,7971,6049
7972,6043,6045
7973,6044,7972
7973,6050,6044
7973,6049,6050
7973,7972,6049
7974,4234,6055
7975,6067,6059
7975,7974,6062
7976,6066,6067
7976,6067,6069
7976,6068,6066
7977,6072,2718
7977,6061,6063
7977,2718,4247
7977,6069,6065
7977,6065,6061
7977,4247,6069
7977,6063,6072
7978,7976,6069
7978,6068,7976
7978,6069,6073
7978,6070,6068
7979,7978,6073
7979,6070,7978
7979,6078,6075
7979,6073,6078
7979,6075,6070
7980,6074,6076
7980,6076,6081
7980,6077,6074
7980,6081,6077
7981,6080,6084
7981,6076,6080
7981,6085,6076
7981,6084,6085
7982,6082,6089
7982,6083,6082
7982,6089,6092
7983,6090,6083
7983,6092,6093
7983,6083,7982
7983,7982,6092
7984,6087,6086
7984,6086,6090
7984,6090,7983
7984,6093,6087
7984,7983,6093
7985,6088,6087
7986,6098,4256
7986,7985,6096
7987,4255,2728
7987,6093,4255
7987,2728,6108
7987,6094,6093
7987,6095,6094
7987,6108,6111
7987,6111,6095
7988,6105,6112
7988,6112,6113
7989,7988,6113
7989,6107,6105
7989,6105,7988
7989,6115,6107
7990,2733,2726
7990,6115,6114
7990,2726,6109
7990,6109,6107
7990,6114,2733
7990,6107,6115
7991,1356,6116
7991,6116,6113
7991,4267,1356
7991,6113,4267
7992,7989,6113
7992,6113,6116
7992,6115,7989
7992,4268,6115
7992,4271,4268
7992,6116,4271
7993,4269,6118
7993,4273,4270
7993,4270,4269
7994,7993,6118
7994,6118,6122
7995,4275,7994
7995,7994,6122
7995,6122,6124
7995,6124,4282
7995,4276,4275
7995,4282,4276
7996,4314,4317
7996,4319,6137
7996,4317,4319
7996,6137,6138
7996,7997,6136
7996,6136,4314
7998,4302,6136
7998,6136,7997
7998,4324,4302
7998,6139,4324
7998,7997,6139
7999,7996,6138
7999,7997,7996
7999,6138,4328
8000,7999,4328
8000,7997,7999
8000,6139,7997
8000,4328,4331
8001,6139,8000
8001,8000,4331
8001,6140,6139
8001,4331,6140
8002,2787,2745
8002,4344,2785
8002,2785,2787
8002,2745,2776
8002,2776,6146
8002,6146,4344
8003,6147,6150
8003,4327,6142
8003,4326,4327
8003,6144,4326
8003,6142,6147
8004,6144,8003
8004,4333,6144
8004,8003,6150
8004,6148,4333
8004,6150,6148
8005,4339,6151
8005,6150,6147
8005,4337,4339
8005,6151,6150
8006,4334,6149
8006,6149,8007
8006,2775,4334
8008,4345,6146
8008,2775,8006
8008,6146,2775
8009,6152,4338
8009,4338,4337
8009,4336,6152
8010,8007,6149
8010,6149,6151
8011,6153,4345
8012,8007,8010
8013,8012,6158
8013,8014,8012
8013,6158,6157
8013,6157,8014
8015,6155,6153
8015,8014,6157
8015,6157,8016
8015,8011,8014
8015,6153,8011
8015,8017,6155
8015,8016,8017
8018,6154,6155
8018,4343,6154
8019,6157,6156
8019,8016,6157
8019,6163,8020
8019,6156,6161
8019,6161,6163
8019,8020,8016
8021,4343,8018
8021,6167,6166
8021,6166,6171
8021,6171,6159
8021,8018,6167
8021,6159,4343
8022,6168,6167
8022,6163,6162
8022,8020,6163
8023,8024,6165
8023,6165,6159
8023,8025,8024
8023,6159,6171
8026,6168,8022
8026,6162,6172
8026,8022,6162
8027,6170,6168
8027,6168,8026
8027,6172,6173
8027,6173,6170
8027,8026,6172
8028,6169,6170
8029,8025,8030
8029,8024,8025
8031,6170,6174
8031,6174,6180
8031,8028,6170
8031,8025,8028
8032,8029,8030
8032,8024,8029
8032,8030,8033
8034,8031,6180
8034,8030,8025
8034,8025,8031
8035,8034,6180
8035,8030,8034
8036,8035,6180
8036,8030,8035
8036,8033,8030
8037,8032,8033
8037,6165,8024
8037,6175,4352
8037,4352,6165
8037,4356,6175
8037,8024,8032
8038,8033,8036
8038,6183,6182
8039,6188,4355
8039,4359,6188
8040,8039,8041
8040,4359,8039
8040,6186,4359
8040,6187,6186
8042,8040,8041
8042,6198,6187
8042,6187,8040
8042,8041,8043
8044,6195,6196
8044,8045,4369
8044,6196,8045
8044,4366,6195
8044,4369,4366
8046,8047,8043
8046,4369,8045
8046,4367,4369
8048,8047,6201
8048,8043,8047
8048,6201,4373
8048,4375,6198
8048,8042,8043
8048,6198,8042
8048,4373,4375
8049,4377,6206
8049,6196,4377
8050,2825,2824
8050,6206,2826
8050,8049,6206
8050,2826,2825
8050,2824,6204
8051,2816,4384
8051,4384,6208
8051,6208,6211
8051,4385,2816
8052,4392,4385
8052,4385,8051
8052,8051,6211
8052,6215,4392
8052,6211,6215
8053,6211,6209
8053,6209,6212
8053,6217,6215
8053,6215,6211
8054,6218,6223
8054,6224,6218
8054,6223,4397
8055,6224,8054
8055,2836,4404
8055,6226,6224
8055,4404,6226
8056,6231,6232
8056,6232,8057
8058,6236,6231
8058,8056,8057
8058,6231,8056
8059,6234,6241
8059,8060,8057
8059,6241,8060
8059,6232,6233
8059,6233,6234
8059,8057,6232
8061,8058,8057
8062,4411,4412
8062,6241,6240
8062,6240,4411
8063,8058,8061
8064,6243,6238
8064,6236,8058
8064,8058,8063
8064,6238,6236
8065,8060,6241
8065,8066,8060
8067,8068,8069
8070,8067,8071
8070,6246,8068
8070,8068,8067
8072,6245,4420
8072,4419,6242
8072,6242,6245
8072,4420,4419
8073,6246,8070
8073,6245,6246
8073,8070,8071
8074,6250,4420
8074,6245,8073
8074,4420,6245
8074,6248,6250
8075,4423,4422
8076,8075,4422
8076,4422,6254
8077,4420,6250
8077,6251,4420
8077,6250,6249
8078,8077,6249
8079,6260,6255
8079,8080,6260
8081,8080,8079
8082,6260,8080
8082,6259,6260
8083,8082,8080
8084,4433,6263
8084,6272,4433
8084,6273,6272
8085,6273,8084
8086,6271,6267
8086,6264,4433
8086,6272,6271
8086,4433,6272
8086,6267,6264
8087,6270,6282
8087,6271,6273
8087,6273,6270
8088,6271,8087
8088,6278,6271
8088,8087,6282
8088,6279,6278
8089,6279,6288
8089,6283,6268
8089,6268,6277
8089,6277,6279
8090,6281,6284
8090,6291,6279
8090,8088,6282
8090,6279,8088
8090,6282,6281
8090,6284,6291
8091,6283,8089
8091,8089,6288
8092,6283,8091
8092,6286,6283
8092,8091,6288
8093,6288,6287
8093,8092,6288
8094,8095,6299
8094,6293,6289
8096,6294,6293
8096,6299,6297
8096,8094,6299
8096,6293,8094
8096,6297,6294
8097,6299,8095
8098,6300,6299
8098,6299,8097
8099,6294,6298
8099,6295,6294
8099,6296,6295
8099,6301,6296
8100,6301,8099
8100,8099,6298
8101,6304,6303
8101,8098,6304
8101,6300,8098
8102,4451,4449
8102,8103,8104
8102,8104,6306
8102,6306,4451
8105,6298,6297
8105,6297,6300
8105,8101,6303
8105,6300,8101
8106,6298,8105
8107,6305,2884
8107,2884,2883
8107,6303,6305
8108,6280,4445
8109,643,6316
8109,6316,8108
8109,4445,643
8109,8108,4445
8110,6302,8111
8112,8106,8113
8112,8113,6309
8114,8111,8112
8114,8112,6309
8115,8103,8110
8116,8114,6309
8116,6309,6308
8117,8103,8115
8117,8115,8118
8117,8118,8119
8120,8104,8103
8120,8103,8117
8120,8121,8104
8122,8116,6308
8123,2883,4457
8123,4457,4461
8123,8107,2883
8124,4456,4454
8124,8104,8121
8124,6306,8104
8124,4454,6306
8125,8122,6308
8125,8119,8118
8125,8118,8122
8126,8121,8120
8126,8119,8127
8128,8121,8126
8128,8126,8127
8129,8125,6308
8129,6308,4460
8129,4460,6310
8130,8129,6310
8130,8127,8119
8131,2860,6280
8131,8108,6316
8131,6316,6358
8131,6307,2860
8131,6280,8108
8132,8133,6312
8132,8121,8128
8134,8130,6310
8134,8127,8130
8135,8134,6310
8135,6310,6313
8136,8135,6313
8137,6313,8138
8137,8136,6313
8137,8133,8136
8139,6319,6317
8139,6321,6319
8139,6317,6314
8139,8140,6321
8139,6311,8140
8139,6314,6311
8141,8137,8138
8142,6320,6321
8142,6329,6320
8142,6321,8141
8143,4470,2905
8143,4471,4470
8144,6315,6307
8144,4479,6315
8144,8131,6358
8144,6307,8131
8145,2905,2904
8145,6327,6326
8145,8143,2905
8145,2904,6327
8146,6326,6325
8146,6329,8142
8146,8142,6326
8147,6319,6320
8147,6320,6328
8147,6322,6319
8148,8147,6328
8148,6322,8147
8148,6324,6322
8149,6329,8146
8149,6328,6329
8149,8146,6325
8150,8148,6328
8151,8150,6328
8151,6328,8149
8152,6337,6339
8153,6332,6330
8153,8152,6339
8154,1515,1512
8154,6398,1515
8154,1449,1448
8154,1448,1504
8154,1504,1503
8154,1512,2895
8154,2895,2862
8154,1503,6398
8154,2862,1449
8155,6332,8153
8155,8153,6339
8156,6339,6338
8156,8155,6339
8156,6338,6343
8156,6332,8155
8156,6333,6332
8156,6343,6333
8157,4481,6340
8157,6340,6336
8157,6349,4481
8157,6336,6347
8157,6347,6349
8158,6358,2968
8158,4479,8144
8158,6355,4479
8158,2968,6355
8158,8144,6358
8159,6346,6338
8159,6347,6346
8160,6354,6351
8160,6338,6344
8160,6353,8159
8160,6351,6353
8160,6344,6354
8160,8159,6338
8161,6352,6348
8161,8159,6353
8161,6347,8159
8161,6353,6352
8161,6348,6347
8162,6349,6348
8162,4481,6349
8162,6350,4481
8163,8162,6348
8164,8165,6361
8164,6361,6360
8166,8165,8164
8167,6359,6361
8167,6361,8165
8168,8167,8165
8169,6367,4487
8169,4487,4486
8169,4486,6378
8169,6378,6367
8170,4486,6362
8170,6371,4486
8170,6372,6371
8171,6372,8170
8172,4486,6371
8172,6378,4486
8172,6371,6370
8173,6378,8172
8173,6377,6378
8174,8173,8175
8174,6377,8173
8176,6379,4502
8177,6377,8174
8178,8176,4502
8178,4502,4501
8179,8174,8175
8179,8177,8174
8179,8180,8177
8181,6382,8182
8181,6383,6382
8181,8182,8183
8184,8181,8183
8184,8185,8181
8186,6383,8181
8186,8181,8185
8186,6384,6383
8186,8185,6384
8187,8188,8189
8187,6392,8188
8190,6384,8185
8190,8185,8188
8190,8188,6392
8190,6389,6384
8190,6390,6389
8190,6392,6390
8191,4514,6396
8191,4515,4514
8191,6396,6392
8192,6410,6416
8192,4529,4530
8192,4530,6410
8193,8192,6416
8193,2952,4529
8193,4541,2952
8193,4529,8192
8193,6415,4541
8193,6416,6415
8194,6406,6405
8194,6405,4527
8194,4527,2948
8195,6406,8194
8195,6408,6406
8195,6419,6408
8195,4537,6419
8196,6416,6410
8196,6417,6416
8196,6423,6417
8196,6410,6411
8197,2953,2952
8197,2952,4540
8197,4540,6426
8197,6426,6430
8198,2955,2953
8198,8197,6430
8198,4560,2955
8198,2953,8197
8198,6430,4562
8198,4561,4560
8198,4562,4561
8199,6376,2940
8199,4508,6376
8199,2988,4576
8199,4576,4508
8199,2940,2941
8199,2986,2988
8199,2941,2986
8200,4544,6434
8201,6430,6431
8202,8201,6444
8202,6433,6430
8202,6442,6433
8202,6444,6442
8202,6430,8201
8203,2963,2962
8203,6435,2964
8203,2964,2963
8203,2962,6446
8204,6437,4553
8204,4549,6444
8204,4552,4549
8204,4553,4552
8205,1553,1515
8205,4535,4534
8205,1515,4535
8206,6446,4566
8206,4566,6441
8206,8203,6446
8207,6443,4551
8207,4551,4550
8207,4550,6447
8208,6454,6453
8208,8207,6447
8208,6453,8209
8210,6457,6455
8210,6449,6457
8210,4557,6449
8210,4556,4557
8210,6447,4556
8211,8212,8213
8214,8211,8215
8214,8215,8216
8217,6452,6456
8218,8216,8219
8218,8219,8220
8218,8220,8214
8218,8214,8216
8221,8215,8217
8221,8216,8215
8222,8221,6463
8222,8216,8221
8223,6451,8220
8223,8220,8219
8223,6468,6460
8223,6460,6451
8224,8216,8222
8224,8219,8216
8224,8222,6463
8225,6465,6464
8226,8224,6463
8226,8225,8219
8226,6465,8225
8226,8219,8224
8226,6463,6462
8226,6462,6465
8227,4579,6460
8227,6460,6468
8227,6468,6467
8227,6467,6469
8228,2970,2969
8228,2976,2970
8228,6477,2979
8228,2979,2976
8228,4572,6477
8228,2969,4572
8229,6465,6470
8229,6470,6472
8229,6466,6465
8230,8229,6472
8230,6466,8229
8230,6472,6473
8231,8227,6469
8231,6476,6475
8231,6475,4579
8231,4579,8227
8232,6492,1553
8233,6466,8230
8233,8230,6473
8233,6469,6466
8233,6479,8234
8233,6473,6479
8235,8234,6479
8235,6479,6478
8235,6482,8236
8235,6478,6480
8235,6480,6482
8235,8236,8234
8237,6476,8238
8237,8238,8236
8237,6474,6476
8237,8236,6482
8237,6482,8239
8240,4578,6474
8240,6474,8237
8240,8237,8239
8241,2980,6477
8241,6477,4578
8242,8232,6484
8242,6492,8232
8242,8243,6492
8242,6484,6483
8244,6482,6481
8244,8239,6482
8245,4590,2980
8245,6487,4590
8245,8246,6487
8245,2980,8241
8247,8244,6481
8247,8239,8244
8248,6488,6487
8248,6487,8246
8248,8246,8247
8249,4589,6486
8249,6494,4589
8249,6486,6490
8250,4597,4596
8250,6497,6490
8250,6488,4597
8250,6490,6488
8251,4600,6494
8251,8249,6490
8251,6497,6496
8251,6490,6497
8251,6494,8249
8251,4601,4600
8251,6496,4601
8252,6491,6492
8252,2997,6491
8252,8243,2997
8252,6492,8243
8253,6483,6500
8253,2997,8243
8253,6500,2997
8253,8243,8242
8253,8242,6483
8254,4588,6502
8254,6502,4607
8254,4596,4588
8255,6501,8256
8255,4594,4598
8255,6504,4594
8255,8256,6504
8255,4598,6501
8257,6499,4609
8257,6501,6499
8258,8256,6501
8258,8257,4609
8258,4609,4610
8258,6501,8257
8259,4610,6505
8259,8256,8258
8259,8258,4610
8260,4612,6504
8260,6506,4615
8260,6505,6506
8260,6504,8256
8260,4613,4612
8260,4615,4613
8260,8259,6505
8260,8256,8259
8261,6516,4640
8261,6517,6516
8261,6518,6517
8261,4643,6518
8261,4640,4643
8262,3043,3041
8262,4645,6521
8263,4656,3044
8263,4650,6523
8263,3044,3043
8263,6523,4656
8264,3039,3040
8264,6527,6526
8264,6529,6527
8264,6522,6529
8264,6526,3039
8264,3040,6522
8265,6529,4655
8265,4657,6533
8265,4655,4657
8265,6533,6535
8266,6529,8265
8266,8265,6535
8266,6527,6529
8266,6528,6527
8267,4658,6530
8267,6530,6525
8267,6537,4658
8267,6536,6537
8267,6528,6536
8267,6525,6528
8268,6528,8266
8268,8266,6535
8268,6534,6528
8268,6535,6534
8269,4663,6535
8269,6533,1601
8269,1601,4663
8269,6535,6533
8270,4667,6541
8271,8270,6541
8271,6548,8270
8271,6541,4665
8271,4665,6546
8271,6546,6548
8272,8270,6548
8272,6554,6545
8273,6554,6556
8273,6553,6554
8273,6555,6553
8274,6549,6559
8274,6551,6547
8274,6547,6549
8274,4679,6556
8274,6556,6551
8274,6559,3065
8274,3065,4679
8275,8273,6556
8275,6555,8273
8275,6557,6555
8275,6556,6560
8276,6565,6562
8276,8275,6560
8276,6557,8275
8276,6562,6557
8276,6560,6565
8277,6561,6563
8277,6564,6561
8277,6568,6564
8277,6563,6568
8278,6572,6563
8278,6567,6571
8278,6571,6572
8278,6563,6567
8279,6576,6579
8279,6570,6569
8279,6569,6576
8280,8279,6579
8280,6577,6570
8280,6579,6580
8280,6570,8279
8281,6574,6573
8281,6573,6577
8281,6577,8280
8281,6580,6574
8281,8280,6580
8282,6575,6574
8283,6585,4687
8283,8282,6583
8284,6585,8283
8284,6583,6587
8284,4694,6585
8284,8283,6583
8284,6587,4694
8285,3070,6595
8285,4686,3070
8285,6580,4686
8285,6581,6580
8285,6598,6582
8285,6582,6581
8285,6595,6598
8286,6591,4691
8286,6588,6589
8286,4691,6588
8286,6592,6591
8286,6593,6592
8286,6589,6593
8287,6593,6599
8287,6599,6600
8288,6602,6594
8288,6593,8287
8288,8287,6600
8288,6594,6593
8289,3077,3068
8289,6594,6602
8289,3068,6596
8289,6596,6594
8289,6602,6601
8289,6601,3077
8290,4698,1649
8290,6600,4698
8290,6603,6600
8290,1649,6603
8291,6602,8288
8291,6600,6603
8291,8288,6600
8291,4699,6602
8291,6603,4701
8291,4701,4699
8292,6611,4709
8292,3083,3085
8293,3086,4700
8293,3085,3086
8293,6607,4705
8293,4700,6607
8294,6612,6610
8294,6608,4708
8294,4708,4713
8294,4713,6612
8294,6610,6608
8295,1640,1591
8295,743,1640
8295,1634,6623
8295,6650,743
8295,1605,1634
8295,6623,6650
8295,1591,1605
8296,6621,4743
8296,4745,6622
8296,8297,6621
8296,6622,6624
8296,4743,4744
8296,4744,4745
8298,6625,4751
8298,6621,8297
8298,8297,6625
8298,4751,4733
8298,4733,6621
8299,6624,4755
8299,8296,6624
8299,8297,8296
8300,8297,8299
8300,4755,4759
8300,8299,4755
8300,6625,8297
8301,4759,6628
8301,6625,8300
8301,8300,4759
8301,6628,6625
8302,6631,6637
8302,4754,4753
8302,4753,6631
8302,6635,4754
8302,6637,6639
8303,6635,8302
8303,8302,6639
8303,4760,6635
8303,6638,4760
8303,6639,6638
8304,6634,8305
8304,6626,6633
8304,6633,6634
8306,4764,4766
8306,4769,6639
8306,4766,4769
8306,6639,6637
8307,6658,6627
8307,8304,8305
8307,6627,6626
8307,6626,8304
8307,8305,6658
8308,4762,6643
8308,4765,4764
8308,6643,4765
8309,4771,4770
8309,4770,6644
8309,6642,4771
8310,8311,8312
8313,8311,6655
8313,8314,8311
8315,6648,6652
8315,6645,6648
8315,6652,8316
8317,8310,8316
8317,8311,8310
8317,6655,8311
8318,8314,8313
8319,6653,6655
8319,6655,8317
8320,6652,6647
8320,6647,3132
8320,3132,3131
8321,8318,6661
8322,6652,8320
8322,8320,3131
8322,8323,6652
8322,6656,8323
8322,3131,6656
8324,4778,6650
8324,6650,6627
8324,6627,6662
8324,6662,4781
8324,4781,4776
8324,4776,4778
8325,6653,6656
8325,6656,4775
8325,6667,6666
8325,6668,6667
8325,4775,6668
8326,6657,6659
8327,8325,6666
8328,6666,6665
8328,6660,8327
8328,8327,6666
8328,8329,6660
8330,6657,8326
8330,8326,8331
8332,6663,6657
8332,6657,8330
8333,6663,8332
8334,6678,6677
8335,6665,6664
8335,6675,8336
8335,6669,6670
8335,6664,6669
8335,6670,6675
8335,8336,6665
8337,8333,6677
8337,4782,6662
8337,6662,6663
8337,6680,4782
8337,6663,8333
8338,6678,8334
8338,6675,6672
8339,6629,4756
8339,4756,3142
8339,3168,71
8339,71,6629
8339,3142,3168
8340,6678,8338
8340,8338,6672
8341,6680,8337
8341,6681,6680
8342,6672,6671
8342,8340,6672
8342,6671,6673
8342,6678,8340
8343,6683,6682
8344,8345,8346
8347,4780,6679
8347,4791,4780
8348,8349,8342
8348,6674,4786
8348,4786,3147
8348,6673,6674
8348,8342,6673
8350,8348,3147
8350,8349,8348
8350,8351,8349
8352,8350,3147
8352,8351,8350
8352,3147,3146
8352,6688,6686
8352,3146,6688
8352,6686,8353
8352,8353,8351
8354,6685,8355
8354,8353,6686
8354,8346,8353
8354,6686,6685
8356,4799,4794
8356,4801,4799
8356,8355,6691
8356,6691,4801
8357,6689,6691
8357,6687,6692
8357,6684,6687
8357,8355,6685
8357,6692,6689
8357,6691,8355
8357,6685,6684
8358,8359,4777
8358,4777,4790
8360,4790,4789
8361,6695,6697
8362,4814,6701
8363,6699,6693
8363,6694,4805
8363,8364,6699
8363,4805,4804
8363,4806,8364
8363,4804,4806
8363,6693,6694
8365,8366,8367
8368,6699,8364
8369,4814,8362
8370,8371,8368
8370,8364,4806
8370,8368,8364
8370,4806,4810
8372,8365,8367
8373,8367,8371
8373,8372,8367
8373,8371,8370
8374,8375,8376
8377,6702,4815
8377,4814,8369
8378,4815,4814
8378,8377,4815
8378,4814,8377
8379,8376,8375
8379,8375,8380
8379,8381,8376
8382,8383,8375
8382,8375,8374
8384,6703,6702
8384,6702,8381
8384,8379,8380
8384,8381,8379
8385,6709,6712
8385,6713,6709
8386,6713,8385
8386,4821,6713
8387,8383,8382
8387,4822,4821
8387,4821,8386
8387,8386,8383
8388,8389,6711
8388,6708,6703
8388,6703,8389
8390,6708,8388
8390,6714,6708
8391,6714,8390
8391,6719,6716
8391,6720,6719
8391,8390,6720
8391,6716,6714
8392,6719,6718
8392,6716,6719
8392,4829,6716
8393,6726,6725
8393,6722,6726
8393,6721,6722
8394,6721,8393
8394,6718,6721
8395,6718,8394
8396,6724,8395
8397,8396,6731
8397,6731,4838
8397,6723,6724
8397,6724,8396
8397,4838,4840
8397,4840,6723
8398,6730,6732
8398,6725,6730
8399,8400,8398
8399,8398,6732
8401,6732,6733
8401,8400,8399
8401,8399,6732
8402,8400,8401
8402,4847,6735
8402,8401,6733
8402,6733,4847
8403,6735,4844
8403,8402,6735
8403,4841,6731
8403,4844,4841
8404,6734,4851
8404,6736,6734
8404,4851,6738
8405,6741,4855
8405,6739,6736
8405,4855,6739
8405,6738,6741
8405,6736,8404
8405,8404,6738
8406,6740,6742
8406,6737,4852
8406,6738,6737
8406,4852,6740
8406,6742,6738
8407,6742,6740
8407,6740,6743
8407,6748,4866
8407,6743,6748
8408,6741,6742
8408,6745,6741
8408,6746,6745
8408,6747,6746
8408,4866,4865
8408,4865,6747
8408,8407,4866
8408,6742,8407
8409,4848,6750
8409,4849,4848
8409,4858,4849
8409,6750,6744
8409,6744,4858
8410,4868,4864
8410,6748,6744
8410,6744,6750
8410,6750,6755
8410,6755,6756
8410,4864,6748
8410,6756,4868
8411,6747,4865
8411,6754,6747
8412,6752,6751
8412,6751,6753
8413,8411,4865
8413,4865,4867
8413,4867,4868
8414,6759,6757
8414,6758,8415
8414,6757,6758
8416,6759,8414
8416,6760,6759
8417,6764,4880
8417,4880,8418
8417,8419,6764
8420,4879,4878
8420,6762,6760
8420,4878,6762
8420,8416,4879
8420,6760,8416
8421,6763,6764
8421,6764,8419
8421,8419,8422
8423,4878,6766
8423,6762,4878
8423,6765,6762
8424,4885,6767
8424,4884,4885
8425,6765,8423
8425,6766,6771
8425,8423,6766
8426,6765,8425
8426,8425,6771
8427,6767,6765
8427,6765,8426
8427,8426,6771
8427,6771,6770
8428,3195,6774
8428,3196,3195
8428,8421,8422
8428,6763,8421
8428,6766,6763
8428,8422,3196
8429,6767,8427
8429,8427,6770
8430,4884,8424
8431,6772,6771
8431,8428,6774
8431,6774,6772
8431,6766,8428
8431,6771,6766
8432,6770,6778
8432,8429,6770
8432,6777,8430
8432,6778,6777
8433,4884,8430
8433,4886,4884
8433,6780,4886
8434,6780,8433
8435,6770,6773
8435,6778,6770
8436,6780,8434
8437,8435,6773
8437,6773,4889
8437,6776,6778
8437,6778,8435
8438,8436,8439
8438,6780,8436
8438,6779,6780
8440,8441,6784
8442,8437,4889
8442,4889,6782
8442,6776,8437
8443,6784,6776
8443,6782,6784
8443,6776,8442
8443,8442,6782
8444,8439,8440
8444,8440,6784
8444,6784,6783
8445,4882,6781
8445,6781,6785
8445,6785,8446
8445,8446,6790
8445,6790,4882
8447,6786,8448
8449,6786,8447
8450,8446,6785
8451,8446,8450
8452,6792,6793
8452,6793,6796
8453,8454,8455
8453,8451,8454
8456,8455,8454
8456,8454,8457
8458,8459,8453
8458,8453,8455
8460,6791,8459
8461,8455,8456
8461,8456,6800
8462,8458,8455
8462,8460,8459
8462,8455,8463
8462,8459,8458
8464,8461,6800
8464,8455,8461
8464,8463,8455
8465,6800,6799
8465,8464,6800
8466,4902,6798
8466,6804,4902
8466,8467,6804
8468,8465,6799
8468,6799,6802
8469,8470,6805
8469,6804,8467
8469,6805,6804
8469,8467,8470
8471,8468,6802
8471,3212,6809
8471,6802,3212
8472,8471,6809
8472,8470,8467
8473,8472,6809
8473,8470,8472
8474,6809,6808
8474,8473,6809
8474,8470,8473
8475,6805,8470
8475,6808,4912
8475,8474,6808
8475,8470,8474
8476,6801,6803
8476,6807,6801
8477,4912,4911
8477,6806,6805
8477,6805,8475
8477,8475,4912
8478,6803,6806
8478,6806,8477
8478,8477,4911
8478,8476,6803
8479,6807,8476
8479,6810,6807
8480,6810,8479
8480,6812,6810
8480,8481,6812
8482,4910,4913
8483,4914,6811
8483,4915,4914
8484,8485,8486
8484,8481,8485
8484,6812,8481
8484,6811,6812
8487,8482,4913
8488,4913,3211
8488,8487,4913
8488,3211,3214
8489,6818,6817
8489,6817,6814
8489,8484,8486
8490,6816,6815
8490,6822,4918
8490,8483,6816
8490,4918,4915
8490,4915,8483
8490,6815,6822
8491,6849,6848
8491,6851,6850
8491,6853,6852
8491,6852,6854
8491,6848,6853
8491,6855,6849
8491,6856,6855
8491,6857,6856
8491,6858,6857
8491,6859,6858
8491,6860,6859
8491,6861,6860
8491,4947,6861
8491,6826,4947
8491,3214,6826
8491,8488,3214
8491,6850,6862
8491,6854,6851
8492,4926,4924
8492,4924,6818
8493,8492,8494
8493,4926,8492
8493,4929,4926
8493,6833,4929
8493,8494,8495
8493,8495,8496
8497,6838,6837
8497,6839,6838
8497,6837,6840
8497,8491,6862
8497,6834,6833
8497,6840,6834
8497,6841,6839
8497,6833,8493
8497,6862,6841
8497,8493,8496
8498,4924,4923
8498,6821,6815
8498,6815,4924
8498,6824,6821
8498,4923,6824
8499,6844,6842
8499,6830,6825
8499,6825,6844
8499,6842,6830
8500,4933,4932
8500,6831,4933
8501,6832,6835
8501,6847,6865
8501,6836,6847
8501,4928,6832
8501,6835,6836
8501,6829,4928
8501,6846,6829
8502,4943,4942
8502,8501,6865
8502,6846,8501
8502,4942,6846
8503,4944,4943
8503,8502,6865
8503,6868,4944
8503,6865,6863
8503,6869,6868
8503,6864,6869
8503,4943,8502
8503,6863,6864
8504,4937,4941
8504,4941,4945
8505,4938,4937
8505,4937,8504
8505,6843,4938
8506,8504,4945
8506,4944,6867
8506,4945,4944
8507,8508,8505
8509,8504,8506
8509,8506,6867
8509,8507,8505
8509,8505,8504
8509,6867,6870
8510,6877,6873
8510,8511,6877
8510,6873,6874
8512,8511,8510
8513,6876,6875
8513,6875,6877
8514,8513,6877
8514,6877,8511
8515,8514,8511
8515,8511,8516
8517,8518,8519
8520,6879,6881
8520,6880,6879
8521,4967,6887
8521,6887,6884
8521,8517,8519
8521,6884,6883
8521,8519,8520
8521,6883,8517
8522,4968,4967
8522,4969,4968
8522,4971,4970
8522,4972,4971
8522,4973,4972
8522,4974,4973
8522,6881,4974
8522,4970,4978
8522,4978,4969
8522,4967,8521
8522,8520,6881
8522,8521,8520
8523,8524,6894
8525,6894,6893
8525,6893,6901
8525,6899,6892
8525,6901,6899
8525,8523,6894
8525,6892,8523
8526,8527,6890
8526,6890,6897
8528,5006,5005
8528,5005,5003
8528,5009,5006
8529,8526,6897
8530,5009,8528
8531,6895,6896
8531,5002,5001
8531,6896,5002
8532,5001,5015
8532,6895,8531
8532,5015,5033
8532,8531,5001
8533,6910,6909
8533,6914,6910
8534,6914,8533
8535,5009,8530
8535,5012,5009
8535,8536,8537
8535,8530,8536
8535,5013,5012
8538,6906,6905
8538,5013,8535
8538,8539,5013
8538,6905,8539
8540,6895,8532
8540,8532,5033
8540,6902,6895
8541,6927,8542
8541,8542,6916
8541,6914,8534
8541,6915,6914
8541,6916,6915
8543,5007,5020
8543,5019,5016
8543,6927,8541
8543,5016,6927
8543,5020,5019
8544,6918,5011
8544,5011,5013
8544,5013,8539
8545,8546,8547
8545,8542,6927
8545,8547,8548
8545,6927,6919
8545,6913,6912
8545,6919,6921
8545,6916,8542
8545,6912,6916
8545,6921,8549
8545,8549,8546
8545,8548,6913
8550,8544,8539
8551,6917,6902
8551,5033,5032
8551,6902,8540
8551,8540,5033
8552,5028,5027
8552,5029,6918
8552,5027,5029
8553,6929,5029
8553,6936,6929
8553,5029,5026
8554,6936,8553
8554,8553,5026
8555,5030,78
8555,76,6917
8555,6917,8551
8555,8551,5032
8555,77,76
8555,78,77
8555,5032,5030
8556,6937,6936
8556,6936,8554
8557,6937,8556
8557,8558,6937
8559,3254,3258
8559,3258,6940
8560,6938,6937
8560,6937,8558
8561,6938,8560
8561,8560,8562
8561,6957,6938
8563,6945,6955
8563,6940,6945
8563,8564,6940
8563,6955,6953
8565,8564,8563
8565,8563,6953
8565,6952,6947
8565,6946,8564
8565,6947,6946
8565,6953,6952
8566,6956,8567
8566,6962,8562
8566,6969,6964
8566,8567,6969
8566,6964,6963
8566,8562,6949
8566,6949,6948
8566,6960,6962
8566,6948,6951
8566,6963,6960
8566,6951,6956
8568,8562,6962
8568,6962,6961
8568,6957,8561
8568,8561,8562
8569,6957,8568
8569,8568,6961
8569,6971,6957
8570,6958,6959
8570,8567,6956
8570,6969,8567
8570,6959,6972
8570,6972,6969
8570,6956,6958
8571,8569,6961
8571,6971,8569
8572,6971,8571
8573,6975,6970
8573,8574,6975
8573,8575,8574
8573,6970,6976
8573,6976,6980
8576,6971,8572
8576,6977,6971
8577,6977,8576
8578,6977,8577
8578,5046,6978
8578,8577,5043
8578,5043,5046
8578,6978,6977
8579,8575,8573
8579,8573,6980
8579,6982,8575
8579,6980,6981
8579,6986,6985
8579,6983,6982
8579,6984,6983
8579,6985,6984
8579,6981,6986
8580,6987,5046
8580,5046,5045
8581,5048,6987
8581,87,5048
8581,88,87
8581,89,88
8581,90,89
8582,6989,254
8583,259,263
8583,263,267
8583,8582,254
8583,254,259
8583,267,295
8584,301,298
8584,302,301
8584,298,6992
8584,305,302
8585,295,309
8585,8583,295
8585,305,8584
8585,306,305
8585,309,306
8586,6995,5059
8586,5060,3358
8586,6993,5060
8586,5059,6993
8587,8586,3358
8587,6995,8586
8587,6994,6995
8588,6994,8587
8588,8587,3358
8589,3362,3364
8589,3366,3365
8589,5069,5068
8589,5070,5069
8589,5071,5070
8589,3365,3362
8589,5068,6996
8589,3364,5071
8590,3367,3366
8590,3366,8589
8590,5063,3367
8591,7013,7006
8591,7006,6997
8591,7015,7013
8591,7017,7015
8591,7018,7017
8591,7019,7018
8591,7020,7019
8591,6997,6999
8592,7021,7020
8592,7020,8591
8592,8591,6999
8593,7022,7021
8593,7021,8592
8593,8592,6999
8594,7023,7022
8594,7005,7023
8594,7022,8593
8594,8593,6999
8594,6999,7005
8595,7028,7029
8595,7031,7028
8595,7030,7033
8595,7033,5099
8595,5099,7031
8595,7029,7030
8596,3397,5097
8596,880,7034
8596,5097,880
8596,7034,3397
8597,7038,7037
8597,5109,7038
8597,7037,7041
8598,7041,7042
8598,8597,7041
8598,5109,8597
8598,7042,5109
8599,7044,7046
8599,5116,7044
8600,8599,7046
8600,7046,5120
8600,3412,5116
8600,5120,5119
8600,5119,3412
8600,5116,8599
8601,7045,3408
8601,3410,5128
8601,5128,7048
8601,5131,7045
8601,3408,3410
8601,7048,5131
8602,5121,7051
8602,5127,5122
8602,5122,5121
8603,8602,7051
8604,8605,7055
8604,7053,8605
8604,7050,7053
8604,7048,7049
8604,7049,7050
8606,7050,8603
8606,8603,7051
8606,7052,7053
8606,7053,7050
8606,7051,7052
8607,7048,8604
8607,7054,5131
8607,7055,7054
8607,8604,7055
8607,5131,7048
8608,7055,8605
8608,7053,5146
8608,8605,7053
8608,5146,7059
8608,7057,7055
8608,7058,7057
8608,7059,7058
8609,7060,5137
8609,7061,7060
8609,5137,7062
8609,7062,7063
8610,7061,8609
8610,8609,7063
8610,7065,3433
8610,7063,7065
8611,7064,7066
8611,3434,3431
8611,3431,7064
8611,7066,5143
8611,5143,3434
8612,1888,5148
8612,1921,1888
8612,7071,7070
8612,7070,1921
8612,5148,7068
8613,7067,7069
8613,7069,5155
8613,8614,7067
8615,5151,5155
8615,7066,5152
8615,5155,7069
8615,7069,7066
8615,5152,5151
8616,8614,8617
8616,7068,7067
8616,7067,8614
8616,8617,8618
8619,8614,8613
8619,8617,8614
8619,8613,5155
8620,7071,8612
8620,8612,7068
8620,8616,8618
8620,7068,8616
8620,8618,7071
8621,5155,5154
8621,8619,5155
8621,5154,5157
8621,8617,8619
8622,8621,5157
8622,8617,8621
8622,8618,8617
8623,7072,7071
8623,5157,7072
8623,8618,8622
8623,8622,5157
8623,7071,8618
8624,7072,5160
8624,7070,7072
8624,7073,7070
8625,7072,5157
8625,5157,7074
8625,5160,7072
8625,7074,7076
8625,7076,5160
8626,7073,8624
8626,8624,5160
8627,5159,5166
8627,5160,5159
8627,8626,5160
8627,7073,8626
8627,7075,7073
8628,7075,8627
8628,8627,5166
8628,5166,7077
8628,7077,7075
8629,5167,7084
8629,7084,8630
8629,7079,7078
8629,8630,7079
8629,7078,5167
8631,8632,7083
8631,7083,7079
8631,7079,8630
8633,7083,8632
8633,7081,7083
8633,7082,7081
8634,8632,8631
8634,8630,7084
8634,8631,8630
8635,7086,7087
8635,7087,7085
8635,7084,7086
8635,8634,7084
8635,8632,8634
8636,5174,7088
8636,7088,5171
8636,7085,5174
8637,7080,7089
8637,5181,7080
8638,7094,5189
8638,7093,7094
8639,7091,7092
8639,7092,7093
8640,5189,7096
8640,8638,5189
8640,7096,7097
8640,7093,8638
8640,8639,7093
8640,7097,8639
8641,7091,8639
8641,7095,7091
8641,7099,7095
8641,8639,7097
8642,7099,8641
8642,8641,7097
8642,5193,3488
8642,7097,5193
8642,3488,7098
8642,7098,7099
8643,5204,7108
8643,7107,5204
8644,8643,7108
8644,5207,5202
8644,5202,7107
8644,7110,5207
8644,7107,8643
8644,7108,7110
8645,5208,7115
8645,7112,5208
8645,7116,7112
8646,7116,8645
8647,7117,7116
8647,7116,8646
8648,7120,7117
8648,7117,8647
8648,8647,8649
8648,7129,7120
8648,8649,7129
8650,7125,7126
8650,7118,7125
8650,7126,7129
8650,8649,7118
8650,7129,8649
8651,5220,7125
8651,7118,5216
8651,7125,7118
8651,5216,3513
8651,3513,5220
8652,7129,7128
8652,7119,7120
8652,7120,7129
8653,8652,7128
8653,7121,7119
8653,7119,8652
8654,7122,7121
8654,7123,7122
8654,7121,8653
8655,5232,5229
8655,5226,5232
8655,7130,5226
8655,7123,7130
8655,7131,7123
8655,5229,7131
8656,5231,5232
8656,5232,7133
8656,7133,7135
8657,5231,8656
8657,8656,7135
8658,5234,5231
8658,7135,7138
8658,5231,8657
8658,8657,7135
8659,5234,8658
8659,7139,5234
8659,7138,7139
8659,8658,7138
8660,5236,7141
8660,5233,5234
8660,5234,5236
8660,7141,5240
8660,5240,7136
8660,7136,5233
8661,2021,3541
8661,5253,2021
8661,7154,5253
8661,3541,7152
8661,7152,7154
8662,7152,2028
8662,2028,2027
8663,7152,8662
8664,3552,5254
8664,7155,8663
8664,5254,7156
8664,7156,7155
8665,7158,7156
8665,7159,7158
8665,5254,3551
8665,7156,5254
8666,3550,3552
8666,7161,5260
8666,5265,3550
8666,5260,5265
8667,7160,7159
8667,3551,3550
8667,7159,8665
8667,8665,3551
8668,8667,3550
8668,7162,7160
8668,7164,7162
8668,7160,8667
8669,3545,5258
8669,5258,7163
8669,7165,3545
8670,7170,7165
8670,7172,7170
8670,7165,8669
8671,7169,7170
8671,7170,7171
8672,7168,7166
8672,7166,7174
8672,7174,7176
8673,7173,7169
8673,7169,8671
8674,7173,8673
8674,8673,8675
8674,7177,7173
8676,8675,7180
8677,8678,7182
8677,7182,8679
8680,5274,8677
8680,8677,8679
8680,8679,8681
8682,5278,5273
8682,5274,8680
8682,5273,5274
8683,5278,8682
8683,8681,7184
8684,5275,5280
8684,5280,5281
8684,8679,7182
8684,7182,5275
8684,5281,8679
8685,8683,7184
8685,7186,5278
8685,5278,8683
8685,7184,7186
8686,8679,5281
8686,8681,8679
8686,5281,5282
8686,5282,7199
8687,7186,7185
8687,7187,7186
8688,8686,7199
8688,8681,8686
8688,7184,8681
8688,7185,7184
8688,7199,7190
8688,7190,7185
8689,7187,8687
8689,8687,7185
8689,7189,7187
8689,7185,7191
8689,7191,7197
8690,8689,7197
8690,7194,7189
8690,7189,8689
8690,7197,7194
8691,7202,7206
8691,7206,7193
8691,7193,7192
8692,7206,7202
8692,7201,7204
8692,7202,7201
8693,7206,8692
8693,7205,7206
8693,8692,7204
8694,7205,8693
8695,7205,8694
8696,7207,7205
8696,7205,8695
8697,8696,7218
8697,7220,5310
8697,5310,7209
8697,7217,7220
8697,7209,7207
8697,7218,7217
8697,7207,8696
8698,7212,7211
8698,7213,7212
8698,7211,7215
8698,7215,7223
8698,7223,7213
8699,7218,7214
8699,7213,5308
8699,7216,7218
8699,7214,7213
8700,8699,5308
8700,7216,8699
8701,5308,5298
8701,7222,7216
8701,8700,5308
8701,7216,8700
8702,5298,5296
8702,8701,5298
8702,5296,7222
8702,7222,8701
8703,5305,5314
8703,5314,7226
8704,7226,7227
8704,5305,8703
8704,8703,7226
8705,8704,7227
8705,8706,8704
8707,7232,7231
8708,7232,8707
8708,7235,7236
8709,7229,7228
8709,7230,7233
8709,7228,7230
8709,7240,7229
8709,7233,7240
8710,7232,8708
8710,8708,7236
8711,7232,8710
8711,8710,7236
8711,7236,7237
8712,8711,7237
8712,7233,7232
8712,7237,7238
8712,7232,8711
8713,7233,8712
8713,8712,7238
8713,8714,7233
8715,7233,8714
8715,7240,7233
8716,7240,8715
8716,8715,8714
8716,7239,7240
8717,8716,8714
8717,7239,8716
8718,7238,7245
8718,8713,7238
8719,7239,8717
8720,8718,7245
8720,7249,8721
8720,7245,7249
8722,8723,7252
8724,5339,7244
8724,7244,8722
8724,7251,7254
8724,8722,7252
8724,7254,5339
8724,7252,7251
8725,3608,5343
8725,5343,5290
8725,5319,2098
8725,2098,3608
8725,7234,5319
8725,5290,7234
8726,7253,7254
8726,7254,7257
8727,7254,7251
8727,7257,7254
8727,7255,7257
8727,7251,7255
8728,7257,7256
8728,8726,7257
8729,8726,8728
8729,7253,8726
8730,8729,8728
8731,8732,8733
8734,7246,5340
8734,5346,7246
8734,5347,5346
8735,7259,7260
8736,8735,7260
8737,7268,7262
8737,7262,8738
8737,8738,8739
8740,7268,8737
8741,7265,7268
8742,7265,8741
8742,7271,7265
8743,7273,7276
8743,8739,7273
8744,7271,8742
8744,7272,7271
8745,8746,8743
8745,8743,7276
8747,7276,7277
8747,8745,7276
8748,7277,7280
8748,8749,8747
8748,8747,7277
8750,7278,7272
8750,7272,8744
8751,7278,8750
8752,8751,7284
8752,7278,8751
8752,7284,7283
8753,7275,7278
8754,7282,7284
8754,7281,5368
8754,7280,7281
8754,5368,7282
8755,7275,8753
8755,8756,8757
8755,8757,7275
8758,7288,5366
8758,8757,7288
8758,7275,8757
8758,5366,5355
8758,7274,7275
8758,5355,7274
8759,8756,8755
8759,7285,8760
8761,8756,8759
8761,8759,8760
8762,7282,5368
8762,5368,5369
8762,5369,7286
8763,8756,8761
8764,8757,8756
8764,7288,8757
8764,8756,8763
8764,7289,7288
8764,7292,7289
8764,8763,7292
8765,7285,7282
8765,8760,7285
8765,7282,8762
8765,8762,7286
8765,7286,7290
8766,5366,7288
8766,7288,7287
8766,7287,8767
8768,8765,7290
8768,7291,7292
8768,7295,7291
8768,7290,7293
8768,7293,7295
8769,7289,7291
8769,7287,7289
8769,7291,7295
8769,8770,8767
8769,8767,7287
8771,5366,8766
8771,8766,8767
8771,5372,5366
8772,5374,5372
8772,8773,7297
8772,5372,8771
8772,7297,5374
8774,8769,7295
8774,8770,8769
8774,7295,7294
8774,7294,5381
8775,5381,7298
8775,8770,8774
8775,8774,5381
8776,8775,7298
8776,8770,8775
8776,8773,8770
8776,7298,7300
8777,7297,8773
8777,8776,7300
8777,8773,8776
8777,7296,7297
8777,7301,7296
8777,7300,7301
8778,7304,5375
8778,5375,7301
8778,7301,7302
8778,7302,7304
8779,7304,7303
8780,7307,8779
8780,5383,7312
8781,7307,8780
8781,7312,7315
8781,8780,7312
8781,7306,7307
8782,7311,7308
8782,8781,7315
8782,7306,8781
8782,7308,7306
8783,8782,7315
8783,7313,7311
8783,7315,7313
8783,7311,8782
8784,7313,7317
8784,5384,7313
8785,7314,7316
8785,7317,7315
8785,7320,7317
8785,7315,7314
8786,7321,5384
8786,7325,7321
8786,5384,8784
8787,5389,3633
8787,3633,5393
8788,7325,7324
8789,7321,7325
8789,7325,8788
8789,7326,7321
8790,5393,7332
8790,8787,5393
8791,8790,7332
8791,7331,8788
8791,7332,7331
8791,8788,7324
8792,7326,8789
8792,7329,7326
8793,8794,8795
8793,5390,7318
8793,8795,5390
8796,7329,8792
8797,7318,7322
8797,7322,7323
8797,8794,8793
8797,7323,7327
8797,8793,7318
8797,7327,7328
8798,8796,7331
8798,7331,7335
8799,7334,5391
8799,5391,7329
8799,7336,7334
8800,8798,7335
8801,7333,7334
8801,7334,7337
8802,7333,8801
8802,7339,7338
8802,7338,7333
8803,7335,5397
8803,8800,7335
8803,5397,7346
8803,7346,7355
8804,8803,7355
8804,7355,7344
8805,7339,8806
8805,7340,7339
8805,7348,7340
8807,7355,7354
8808,7354,3644
8808,3644,7359
8808,8807,7354
8809,7345,7342
8809,7342,7353
8809,7356,7349
8809,7349,7345
8810,7358,7351
8810,7359,7358
8810,8808,7359
8810,7351,7350
8811,7352,7351
8811,7353,7352
8811,7351,7357
8812,7353,8813
8812,7356,8809
8812,8809,7353
8814,8813,7353
8814,8811,7357
8814,7353,8811
8814,8815,8813
8816,7360,7356
8816,7356,8812
8816,8812,8813
8817,7360,8816
8817,8818,7360
8817,8813,8815
8817,8816,8813
8819,7360,8818
8819,5400,7360
8820,5400,8819
8820,5401,5400
8820,5407,5401
8821,8818,8817
8821,8817,8815
8822,8815,8823
8822,7362,8818
8822,8821,8815
8822,8818,8821
8824,3644,7371
8824,7359,3644
8825,5479,7392
8825,8797,7328
8825,7328,3607
8825,8794,8797
8825,3607,5479
8826,7363,7362
8826,8822,8823
8826,7362,8822
8827,7361,5407
8827,7362,7361
8828,8824,7371
8829,8828,7371
8829,7371,7374
8830,8823,8828
8830,8828,8829
8830,8829,7374
8830,7374,7375
8831,7366,7365
8831,7367,7366
8831,7373,7367
8832,8830,7375
8832,7375,7376
8833,7363,8832
8833,8832,7376
8833,7376,7377
8833,7365,7363
8834,7382,8835
8834,7379,7382
8834,7369,7379
8836,7369,8834
8836,7370,7369
8836,8834,8835
8837,8836,8835
8837,7370,8836
8837,8835,7384
8837,7381,7370
8838,5412,7384
8838,7382,5415
8838,8835,7382
8838,7384,8835
8838,5415,5412
8839,8837,7384
8839,7381,8837
8840,7380,7381
8841,7384,7383
8841,7381,8839
8841,8839,7384
8842,5419,5416
8842,7380,8840
8842,5416,7380
8843,8841,7383
8844,8845,5419
8844,5419,8842
8846,8843,7383
8846,7389,8847
8846,8847,8843
8846,7383,7385
8846,7387,7389
8846,7385,7387
8848,5419,8845
8849,8850,8851
8849,8848,8850
8849,5419,8848
8849,5418,5419
8852,7390,5418
8852,8849,8851
8852,5418,8849
8853,7388,5425
8853,7389,7388
8854,8853,5425
8854,8851,8850
8854,5425,5426
8854,8850,8853
8855,5426,7395
8855,8854,5426
8855,7395,8851
8855,8851,8854
8856,8851,7395
8856,7391,7390
8856,8857,7391
8856,8852,8851
8856,7390,8852
8858,8856,7395
8858,8857,8856
8859,5429,7393
8859,7393,7391
8859,7398,7397
8859,7397,5429
8859,8857,7398
8859,7391,8857
8860,7395,7394
8860,8858,7395
8860,7398,8857
8860,8857,8858
8861,8860,7394
8861,7398,8860
8862,7394,7396
8862,8861,7394
8862,7398,8861
8863,7396,7401
8863,7401,7399
8863,7399,7398
8863,8862,7396
8863,7398,8862
8864,5432,7405
8864,7405,7407
8864,7408,5432
8864,7407,7408
8865,5440,5439
8865,5445,7416
8865,5439,5445
8866,5443,5442
8866,3676,5443
8866,7416,3676
8866,8865,7416
8867,3686,5463
8867,5456,3686
8867,7419,5456
8867,7421,7419
8867,5463,7421
8868,3691,3696
8868,3696,5473
8868,7424,3691
8868,5473,7424
8869,7427,5469
8869,5469,7425
8869,7426,7427
8869,7425,7426
8870,3700,7427
8870,5473,5472
8870,5472,3700
8870,7427,7426
8870,7426,5473
8871,7431,7433
8871,7433,7429
8871,5474,7431
8871,7429,5474
8872,7441,7444
8872,7448,5505
8872,7444,7448
8873,5493,7445
8873,5502,5493
8873,7450,5502
8873,7447,7450
8873,7445,7447
8874,7451,5508
8874,7452,7451
8874,5508,5507
8874,5513,7452
8874,5507,5513
8875,7455,7457
8875,5510,7455
8875,7457,7458
8876,5511,5510
8876,5510,8875
8876,8875,7458
8876,7459,5511
8876,5520,7459
8877,3717,3718
8877,7511,5564
8877,5564,3717
8878,5518,7464
8878,7464,7465
8878,5516,5518
8879,7465,7468
8879,5521,5516
8879,8878,7465
8879,5516,8878
8879,7468,5521
8880,7463,7461
8880,5519,3731
8880,3731,5523
8880,7461,5519
8881,8880,5523
8881,5525,7463
8881,7463,8880
8881,5523,5525
8882,7466,5521
8882,5521,7468
8883,7469,7466
8883,7466,8882
8884,7470,7469
8884,7469,8883
8884,8883,7477
8884,7477,7470
8885,5526,5565
8886,7475,5537
8886,5537,7482
8886,7482,7474
8886,7474,7475
8887,5536,5541
8887,5537,5536
8887,5541,7483
8887,7482,5537
8887,7483,7482
8888,5588,3758
8888,5479,7486
8888,7486,3820
8888,3757,5479
8888,3820,5588
8888,3758,3757
8889,5565,7510
8889,7510,7511
8890,5548,5550
8890,5550,7492
8890,5546,5548
8891,8890,7492
8891,5546,8890
8891,7497,5546
8891,7492,7494
8891,7495,7497
8891,7494,7495
8892,5555,5558
8892,7502,7496
8892,5558,7502
8892,7494,5555
8892,7496,7495
8892,7495,7494
8893,7497,7496
8893,7496,7500
8893,7498,7497
8893,7500,7498
8894,7505,7515
8894,7504,7505
8894,7509,7504
8895,7514,7509
8895,7509,8894
8895,8894,7515
8896,5574,7514
8896,7514,8895
8896,5569,5574
8896,8895,5569
8897,7513,7516
8897,5563,7513
8898,5571,5567
8898,8897,7516
8898,7517,5571
8898,5567,5563
8898,5563,8897
8898,7516,7517
8899,2263,391
8899,159,157
8899,5528,2263
8899,154,2193
8899,160,159
8899,2193,7462
8899,157,154
8899,391,160
8899,7462,5528
8900,7538,7532
8900,7532,5561
8900,5564,7538
8900,5561,5564
8901,5579,7521
8901,7518,5572
8901,5572,5579
8901,7519,7518
8902,7519,8901
8902,7521,7523
8902,8901,7521
8902,7523,8903
8902,7525,7519
8902,8903,7525
8904,7523,5595
8904,8903,7523
8904,7528,7525
8904,5595,7528
8904,7525,8903
8905,7525,7528
8905,7524,7525
8905,5587,7524
8905,7527,5587
8905,7528,7527
8906,5595,5594
8906,7529,5595
8906,3792,7529
8906,5594,3792
8907,5598,5600
8907,7533,3794
8907,7534,7533
8907,5600,7534
8908,7543,3800
8908,7536,5599
8908,7539,7536
8908,3800,7539
8908,5599,7543
8909,7547,7546
8909,5603,3799
8909,7546,5604
8909,5604,5603
8910,5619,7548
8910,7548,7547
8910,7549,7552
8910,7552,5619
8910,7550,7549
8910,7547,7550
8911,7553,7551
8911,7554,7553
8911,5628,7554
8911,7551,5619
8911,5619,5618
8911,5618,5628
8912,5628,7555
8912,5613,5628
8912,5623,5613
8912,7555,5623
8913,5629,7556
8913,7557,8914
8913,7556,7557
8913,8914,7559
8913,7559,5636
8913,5636,5629
8915,8914,7557
8915,7557,5624
8915,5624,5634
8916,5639,5644
8916,8914,8915
8916,7559,8914
8916,8915,5634
8916,5644,7558
8916,7558,7559
8916,5634,5639
8917,7562,7561
8917,7561,5651
8918,8917,5660
8918,5660,7567
8918,7562,8917
8918,7564,7562
8918,7567,7564
8919,7565,7564
8919,7566,7565
8919,7564,7570
8920,8919,7570
8920,7566,8919
8920,7569,7566
8920,7570,7575
8921,7572,7569
8921,7569,8920
8921,8920,7575
8921,7577,7572
8921,7575,7577
8922,7574,7579
8923,5669,5668
8923,5668,5674
8923,8922,7579
8923,7579,5669
8923,5674,7581
8923,7581,8922
8924,7581,7580
8924,8922,7581
8925,8926,7584
8925,8924,7580
8927,7580,7582
8927,7582,7586
8927,8926,8925
8927,8925,7580
8928,8927,7586
8928,8926,8927
8929,8928,8930
8931,7585,7583
8931,7583,8929
8931,7587,7585
8931,8929,8930
8932,8930,8933
8932,7587,8931
8932,8931,8930
8934,8932,8933
8934,7587,8932
8935,8936,7588
8935,8933,8936
8935,7588,7587
8935,8934,8933
8935,7587,8934
8937,7586,7589
8937,8930,8928
8937,8928,7586
8938,8933,8930
8938,7591,7590
8939,8938,8930
8939,7592,7591
8939,7591,8938
8940,7593,7592
8940,8937,7589
8940,7589,7593
8940,7592,8939
8941,8936,8933
8941,8933,8938
8941,7590,7595
8941,7595,8936
8941,8938,7590
8942,7588,8936
8942,5677,7588
8942,8936,7595
8943,5677,8942
8944,5677,8943
8945,5677,8944
8945,8944,8946
8945,8946,7598
8945,7598,5683
8945,5683,5678
8945,5678,5677
8947,7594,7590
8947,7590,5691
8947,5691,7596
8948,8946,8944
8949,8947,7596
8949,8950,7594
8949,7594,8947
8949,7596,8950
8951,8946,8948
8952,8951,8953
8954,7600,7597
8954,8953,7600
8954,8952,8953
8954,7597,8952
8955,7600,8953
8955,7604,7605
8955,7605,7600
8956,7611,7610
8956,7601,7607
8956,7607,7611
8957,7606,7601
8957,7601,8956
8957,8956,7610
8957,7608,7606
8957,7610,7608
8958,7612,7613
8958,7615,7612
8959,7614,7616
8959,7613,7610
8959,7610,7614
8960,7617,7615
8960,7615,8958
8961,7616,7621
8961,7621,7624
8961,7613,8959
8961,8959,7616
8962,7617,8963
8962,7619,7617
8964,8965,8966
8964,8962,8965
8964,7619,8962
8967,7622,7618
8967,7626,5704
8967,5704,7622
8967,7618,7619
8968,7624,7623
8969,8965,8970
8971,8968,7623
8971,7623,7627
8971,7627,7629
8971,8969,8970
8971,8970,8968
8971,7629,8969
8972,8965,8969
8973,8974,7637
8975,7625,7626
8975,7631,7625
8975,7637,7631
8975,7626,8973
8975,8973,7637
8976,7633,7630
8976,7630,7631
8976,7631,7638
8977,5703,7633
8977,7633,8976
8977,7635,5703
8977,8976,7638
8978,7636,5706
8978,7638,7636
8979,7638,8980
8979,8977,7638
8979,7635,8977
8981,8980,7638
8981,5706,7640
8981,8978,5706
8981,7638,8978
8982,5708,7639
8983,8981,7640
8983,7640,7643
8983,8980,8981
8984,8983,7643
8984,8980,8983
8985,8980,8984
8986,7647,7646
8987,7647,8986
8987,7644,7647
8988,5707,5708
8988,7649,5707
8989,7649,8988
8989,7645,8990
8991,7649,8989
8991,8989,8990
8992,7649,8991
8992,8991,8990
8992,7648,7649
8993,8990,8994
8993,7652,7648
8993,8992,8990
8993,7648,8992
8993,8994,7652
8995,5711,7653
8995,8990,7645
8995,7645,7647
8995,7653,8990
8995,7650,5711
8995,7647,7650
8996,7651,5709
8996,8997,7651
8996,5709,7652
8996,7652,8998
8996,8998,8997
8999,8994,8990
8999,7653,7654
8999,7655,8994
8999,7654,7655
8999,8990,7653
9000,8994,7655
9000,9001,8998
9002,8997,8998
9002,8998,9001
9003,9002,9001
9003,8997,9002
9004,5715,5716
9004,9001,9000
9004,7655,5715
9004,9000,7655
9005,9003,9006
9005,7657,5714
9007,9004,5716
9007,7659,9006
9008,5713,7656
9009,5718,5713
9009,5713,9008
9009,9010,9011
9009,9008,9010
9012,3900,5721
9012,9007,5716
9012,3901,3900
9012,5721,7659
9012,7659,9007
9012,5716,3901
9013,7661,7660
9014,7662,5718
9014,5718,9009
9014,9009,9011
9015,9011,9010
9015,9010,9013
9016,9011,9015
9016,9017,9011
9016,9015,7669
9018,7662,9014
9018,7667,7662
9018,9011,9017
9018,9014,9011
9019,7669,5726
9019,5726,7673
9019,7673,9017
9019,9016,7669
9019,9017,9016
9020,9017,7673
9020,7667,9018
9020,9018,9017
9021,7674,7667
9021,7667,9020
9021,7673,7672
9021,7672,7674
9021,9020,7673
9022,7663,7665
9022,7671,7670
9022,7670,7663
9023,7671,9022
9024,7671,9023
9025,9024,7682
9025,7682,7684
9025,7671,9024
9026,5727,3913
9026,7678,5727
9027,9025,7684
9027,7671,9025
9027,7679,7671
9028,7688,9029
9028,7678,9026
9028,9026,3913
9028,3912,7688
9028,3913,3912
9028,7680,7678
9028,9029,7680
9030,9031,7679
9030,7679,9027
9030,9027,7684
9032,7679,9031
9032,7681,5724
9032,5724,7679
9032,7686,7681
9033,9029,7688
9033,7682,9029
9033,7687,7682
9033,7688,7687
9034,9031,9030
9034,9035,9031
9036,9032,9031
9036,9031,9035
9036,7686,9032
9037,9034,7683
9037,9035,9034
9037,7683,7689
9038,9039,9040
9038,9040,7686
9038,7686,9036
9041,9042,9043
9041,9043,9044
9045,9044,9043
9045,9043,7691
9046,9044,9047
9048,9047,7693
9048,9046,9047
9049,7691,5734
9049,9045,7691
9049,9047,9044
9049,9044,9045
9050,9051,9052
9050,9052,9053
9054,9049,5734
9054,7693,9047
9054,9047,9049
9054,5734,5737
9054,5737,7693
9055,9056,9051
9055,9057,9056
9055,9051,9050
9058,9048,7693
9059,3929,3908
9059,7696,3929
9059,3918,7696
9059,3908,3918
9060,7693,7692
9060,9058,7693
9061,9056,9057
9062,9051,9056
9063,7692,7695
9063,9064,9060
9063,9060,7692
9063,7695,5747
9065,7697,7694
9066,5747,7698
9066,9063,5747
9067,7698,7699
9068,9065,9069
9068,7697,9065
9070,9067,7699
9070,9069,9067
9070,9068,9069
9071,7700,9072
9071,7701,7700
9073,9071,9072
9073,9074,9071
9075,7701,9071
9075,9071,9074
9076,7701,9075
9076,7702,7701
9077,7702,9076
9077,9076,7711
9078,7704,7702
9078,9077,7711
9078,7702,9077
9078,7706,7704
9079,7703,7709
9079,5759,7707
9079,7709,5759
9080,9078,7711
9080,7706,9078
9080,7711,7710
9081,7710,7712
9081,7706,9080
9081,9080,7710
9082,7712,7713
9082,9081,7712
9083,9084,7714
9083,7714,7715
9085,7713,5757
9085,5757,5761
9085,5761,5763
9085,5763,9086
9087,7714,9084
9088,7714,9087
9088,7717,7714
9089,9088,9090
9089,7717,9088
9091,5769,7718
9091,7717,9089
9091,7718,7717
9092,7722,7724
9092,7720,7722
9093,7724,7723
9093,9094,9090
9095,9094,9096
9095,9096,5767
9095,5767,5769
9097,7723,7725
9098,5767,9096
9098,7729,5767
9098,7728,7729
9099,9096,9097
9099,5772,7728
9100,5771,7735
9100,7726,7729
9100,7729,5771
9101,7727,7726
9101,7730,7727
9101,7732,7730
9101,7735,7732
9101,9100,7735
9101,7726,9100
9102,7733,7738
9102,7738,7742
9103,7733,9102
9103,7742,9104
9103,9104,9105
9103,9102,7742
9106,7741,7733
9106,7733,9103
9106,9103,9105
9107,7737,7740
9107,7742,7737
9108,3946,7750
9108,7743,3944
9108,3944,3946
9108,7721,7743
9109,7740,9110
9109,9107,7740
9109,9104,7742
9109,7742,9107
9111,9106,9105
9111,7744,7741
9111,7741,9106
9112,9104,9109
9112,9105,9104
9112,9109,9110
9113,9105,9112
9113,9112,9110
9114,9105,9113
9114,9113,9110
9114,9110,9115
9114,9111,9105
9116,7744,9111
9116,7748,7744
9116,9115,7748
9117,7751,9110
9117,7749,7751
9117,9110,7740
9117,7740,7749
9118,9110,7751
9118,9115,9110
9118,7751,5788
9119,7753,7747
9119,7748,7752
9119,7752,7753
9119,7747,7748
9120,7747,7753
9120,7746,7747
9120,7753,7755
9120,5784,7746
9121,5788,7752
9121,9115,9118
9121,9118,5788
9121,7752,7748
9121,7748,9115
9122,7755,7754
9122,9120,7755
9122,5784,9120
9123,7754,9124
9123,5784,9122
9123,9122,7754
9125,5781,5784
9125,5784,9123
9125,7757,5781
9126,7754,5787
9126,9124,7754
9126,5787,5786
9127,9124,7758
9127,7757,9125
9128,9127,7758
9128,7757,9127
9128,7758,7760
9128,7760,7757
9129,7758,9124
9129,5794,7758
9129,9126,5786
9129,9124,9126
9129,5786,5794
9130,7756,7757
9130,7757,7760
9130,7760,7764
9131,7756,9130
9131,5791,7756
9131,9130,7764
9131,7764,5791
9132,7764,7759
9132,7759,7769
9133,7769,7776
9133,9132,7769
9133,7764,9132
9134,9133,7776
9135,9134,7776
9135,7776,9136
9137,9135,9136
9137,7773,9135
9138,9137,9136
9138,7773,9137
9138,7777,7773
9139,7775,7777
9140,7775,9139
9140,7778,7775
9140,9139,7781
9141,7776,5793
9141,5793,5795
9142,5796,7781
9142,9138,9136
9143,7778,9140
9144,9136,7776
9144,5797,9136
9144,7776,9141
9144,5795,5797
9144,9141,5795
9145,7778,9143
9145,7779,7778
9145,9143,7784
9146,7779,9145
9147,7779,9146
9148,7782,7771
9149,7782,9148
9149,9148,9150
9151,9147,9152
9151,7788,7787
9151,9150,9147
9151,7787,9150
9151,9152,7788
9153,3964,7782
9153,7782,9149
9153,3974,3964
9154,9152,5802
9154,5802,7789
9154,7788,9152
9155,9154,7789
9155,7788,9154
9156,9155,7789
9156,7788,9155
9156,7786,7788
9157,9156,7789
9157,7789,7791
9157,7786,9156
9157,9158,7786
9159,7786,9158
9159,7792,7793
9160,7798,9161
9160,9161,9158
9160,9158,9157
9160,7791,7798
9160,9157,7791
9162,9158,9161
9162,7792,9159
9162,9159,9158
9163,2459,7806
9163,7798,7790
9163,7790,5798
9163,5798,3985
9163,3985,2460
9163,2460,2459
9164,9161,7798
9164,9163,7806
9164,7806,7805
9164,7798,9163
9165,7811,7810
9165,7810,3992
9165,7813,7811
9165,3992,7813
9166,3995,5813
9166,5813,7816
9166,3994,3995
9167,7814,5820
9167,5820,5819
9167,7815,7817
9167,5819,7815
9167,7817,7818
9168,4005,3996
9168,9166,7816
9168,3994,9166
9168,7820,4005
9168,7816,7820
9168,3996,3994
9169,9167,7818
9169,7814,9167
9169,7819,5816
9169,5816,7814
9170,5825,7819
9170,7819,9169
9170,9169,7818
9170,7818,7821
9170,7822,5823
9170,7821,7822
9170,5823,5825
9171,5834,5832
9171,7824,5830
9171,5830,7825
9171,5832,7824
9171,7825,5834
9172,5860,7830
9172,7830,7828
9172,5851,4019
9172,4019,4032
9172,4032,5860
9172,7828,5851
9173,7836,4035
9173,4035,5870
9173,5870,5871
9174,7836,9173
9174,7837,7836
9174,9173,5871
9175,5878,7838
9175,7838,7837
9175,7837,9174
9176,5879,5878
9176,7839,5880
9176,5878,9175
9176,5880,5879
9177,5886,5884
9177,7841,4049
9177,5884,7841
9177,4049,5886
9178,5889,7842
9178,7842,5890
9178,4049,5889
9178,5890,4049
9179,5894,4054
9179,7843,5894
9179,4054,4055
9179,4055,7843
9180,4066,7845
9180,4060,4061
9180,4061,4066
9181,9180,7845
9182,7849,5900
9182,7846,5905
9182,5905,7849
9183,5901,4071
9183,4084,5903
9183,5903,7846
9183,7846,5901
9183,4071,4084
9184,7847,7848
9184,7848,5904
9184,7850,7847
9184,5904,7851
9184,7851,7850
9185,5902,5907
9185,7852,7851
9185,5915,7852
9185,5907,5915
9185,7851,5902
9186,7851,7852
9186,4080,7851
9186,7853,4080
9186,7852,7853
9187,5922,7854
9187,5912,5922
9188,5912,9187
9188,5927,5912
9189,7857,5941
9189,4090,4075
9189,4098,4090
9189,4075,5916
9189,5941,4098
9189,5916,7857
9190,5924,7856
9190,7855,5924
9191,7855,9190
9191,7859,7855
9191,9190,7856
9192,5928,5925
9192,5925,5926
9193,7859,9191
9193,7861,7860
9193,7860,7859
9194,5929,5928
9194,5928,9192
9194,9195,5929
9196,7863,7867
9196,7862,7860
9196,7860,7863
9197,7862,9196
9197,5935,7862
9197,9196,7867
9198,5939,7864
9199,7867,7868
9199,9197,7867
9200,7868,7875
9200,7875,5939
9200,9199,7868
9201,7871,7869
9201,7866,7874
9201,7874,7871
9201,7869,7866
9202,7871,7881
9202,5944,7871
9202,7881,7882
9202,7882,5944
9203,7881,7878
9203,7878,7879
9203,7879,7880
9204,7881,9203
9204,7882,7881
9204,4102,7882
9204,4103,4102
9204,4104,4103
9205,7884,7883
9205,7886,7884
9205,7883,4102
9205,4102,4101
9206,7886,9205
9206,7888,7886
9206,5956,7888
9206,4101,5956
9206,9205,4101
9207,7885,5949
9207,5949,7888
9207,7888,4105
9208,7887,7885
9208,7885,9207
9208,4107,7889
9208,4105,4107
9208,7889,7887
9208,9207,4105
9209,5961,4121
9210,5974,7914
9210,5947,5974
9211,9212,7894
9211,9213,9212
9211,9214,9213
9215,7910,7897
9215,7894,7910
9215,9211,7894
9215,9214,9211
9215,7897,9216
9215,9216,9214
9217,7900,7901
9217,7897,7900
9218,7898,7913
9218,7902,7900
9218,7899,7898
9218,7900,7899
9219,7912,7908
9219,9220,7912
9219,7908,9221
9222,5975,7912
9222,7912,9220
9222,7915,5975
9223,7913,7916
9223,9218,7913
9223,7902,9218
9224,9223,7916
9225,9224,7916
9225,7921,9221
9226,9219,9221
9226,7920,9220
9226,9221,7921
9226,7921,7920
9226,9220,9219
9227,9222,9220
9227,7915,9222
9227,7918,7915
9227,9220,7920
9227,7923,7918
9227,7920,7923
9228,5987,7921
9228,7921,9225
9228,9225,7916
9228,7916,7924
9228,7924,5988
9228,5988,5987
9229,7917,7918
9229,9230,7922
9229,7918,7925
9229,7922,7917
9231,7922,9230
9231,5979,7922
9231,7927,5979
9232,5983,4141
9232,2611,7919
9232,5977,5983
9232,7919,5977
9232,4141,2611
9233,9230,9229
9233,9229,7925
9233,7925,5986
9233,5986,9234
9233,9234,9230
9235,9231,9230
9235,7927,9231
9235,9230,9234
9236,7926,7927
9236,7927,9235
9236,9235,7931
9236,7931,7929
9236,7928,7926
9236,7929,7928
9237,5988,7937
9237,5986,5988
9238,9237,7937
9238,7937,7942
9239,7943,5991
9239,9238,7942
9239,5991,5990
9239,7942,7943
9240,4141,5983
9240,5983,5982
9240,5982,5993
9241,5993,7941
9241,7941,7945
9242,5991,7943
9242,5992,5991
9242,7943,7951
9242,7944,5992
9243,7955,7952
9243,7952,7947
9243,7946,7955
9243,7945,7946
9244,7951,7955
9244,9242,7951
9245,4147,4142
9245,7953,4147
9245,4142,4141
9245,4141,9240
9246,6005,7953
9247,7952,7955
9247,7955,7954
9248,7948,7952
9248,7954,7956
9248,7952,9247
9248,9247,7954
9249,7948,9248
9249,9248,7956
9249,7956,7957
9250,7957,6006
9250,7948,9249
9250,9249,7957
9251,7956,6008
9251,4158,7957
9251,6008,4158
9251,7957,7956
9252,4156,7961
9252,7959,4156
9252,6016,7959
9252,4173,6014
9252,6014,6016
9252,7961,4173
9253,2673,2674
9253,2674,6036
9253,6036,4212
9253,4212,7968
9254,2684,2673
9254,7968,2684
9254,2673,9253
9254,9253,7968
9255,6038,4216
9255,7969,2686
9255,2686,7968
9255,7968,6038
9255,4216,7969
9256,7975,6059
9256,4236,4234
9256,6059,4236
9256,4234,7974
9256,7974,7975
9257,4232,6060
9257,6055,4232
9257,6060,6062
9257,6062,7974
9257,7974,6055
9258,7975,6062
9258,6067,7975
9258,6065,6067
9258,6062,6065
9259,4257,6088
9259,6088,7985
9259,7986,4256
9259,4256,4257
9259,7985,7986
9260,6087,6094
9260,6094,6096
9260,7985,6087
9260,6096,7985
9261,6098,7986
9261,4263,6098
9261,6100,4263
9261,6096,6100
9261,7986,6096
9262,7994,4275
9262,4275,2737
9262,4273,7993
9262,2737,4273
9262,7993,7994
9263,4337,8005
9263,8009,4337
9263,8005,6147
9263,4336,8009
9263,6145,4336
9263,6147,6145
9264,4345,8008
9264,8006,8007
9264,8011,4345
9264,8008,8006
9264,8007,8011
9265,6151,4339
9265,8010,6151
9265,4339,4338
9266,6158,8012
9266,9265,4338
9266,4338,4347
9266,8010,9265
9266,4347,6158
9266,8012,8010
9267,8012,8014
9267,8011,8007
9267,8014,8011
9267,8007,8012
9268,8022,6167
9268,8016,8020
9268,8018,6155
9268,6167,8018
9268,6155,8017
9268,8017,8016
9268,8020,8022
9269,6171,6169
9269,8023,6171
9270,8023,9269
9270,8025,8023
9270,8028,8025
9270,6169,8028
9270,9269,6169
9271,8037,8033
9271,8038,6182
9271,8033,8038
9272,8037,9271
9272,4356,8037
9272,9271,6182
9272,4354,4356
9272,4357,4354
9272,6182,4357
9273,8036,6180
9273,6180,6179
9273,8038,8036
9273,6179,6181
9274,6183,8038
9274,8038,9273
9274,9273,6181
9274,6181,6183
9275,8041,8039
9275,8039,4355
9275,4355,4368
9275,4368,4367
9276,8041,9275
9276,8046,8043
9276,4367,8046
9276,9275,4367
9276,8043,8041
9277,8047,8046
9277,8046,8045
9277,8045,6196
9277,6196,8049
9278,6201,8047
9278,8047,9277
9278,9277,8049
9279,6200,6201
9279,6204,6200
9279,6201,9278
9279,8050,6204
9279,8049,8050
9279,9278,8049
9280,8053,6212
9280,6217,8053
9280,6219,6217
9280,6212,6214
9280,6214,6219
9281,2837,2836
9281,4397,2837
9281,8054,4397
9281,8055,8054
9281,2836,8055
9282,8057,8060
9282,8061,8057
9282,8060,8066
9283,8061,9282
9283,9282,8066
9283,8063,8061
9284,4413,4414
9284,8062,4412
9284,4414,6247
9284,6247,9285
9284,9285,8065
9284,8065,6241
9284,4412,4413
9284,6241,8062
9286,6246,6242
9286,6242,6243
9286,8068,6246
9286,6243,8064
9286,8064,8069
9286,8069,8068
9287,9283,8066
9287,8065,9285
9287,8066,8065
9288,9287,9285
9289,9288,9285
9289,8067,9288
9289,9290,8067
9291,4429,4425
9291,4425,4424
9291,6247,4429
9291,9285,6247
9291,9289,9285
9291,9290,9289
9292,8075,8076
9292,8071,8067
9292,8067,9290
9293,8073,8071
9293,9292,8076
9293,8071,9292
9294,8075,9292
9294,4424,4423
9294,4423,8075
9294,9291,4424
9294,9292,9290
9294,9290,9291
9295,9293,8076
9295,8074,8073
9295,6248,8074
9295,8076,6254
9295,6252,6248
9295,6254,6252
9295,8073,9293
9296,6251,8077
9296,8077,8078
9297,9296,8078
9297,8078,9298
9297,6251,9296
9299,9297,9298
9299,6251,9297
9299,9298,8081
9299,6255,6251
9300,6253,6258
9300,8078,6249
9300,6249,6253
9301,9299,8081
9301,6255,9299
9301,8079,6255
9301,8081,8079
9302,8078,9300
9302,9298,8078
9302,9300,6258
9302,6258,6261
9303,9298,9302
9303,8081,9298
9303,9302,6261
9304,8081,9303
9304,9303,6261
9304,8080,8081
9304,6262,8080
9304,6261,6262
9305,6259,8082
9305,8082,8083
9306,9305,8083
9306,8083,9307
9306,6259,9305
9306,4432,6259
9308,4432,9306
9308,6263,4432
9308,9306,9307
9308,9307,8085
9309,6262,6265
9309,8083,8080
9309,8080,6262
9310,6263,9308
9310,9308,8085
9310,8084,6263
9310,8085,8084
9311,8083,9309
9311,9309,6265
9311,9307,8083
9312,9307,9311
9312,8085,9307
9313,6273,8085
9313,8085,9312
9313,9312,6269
9313,6269,6270
9313,6270,6273
9314,6286,8092
9314,8092,8093
9315,6289,6286
9315,8093,8095
9315,9314,8093
9315,6286,9314
9316,6289,9315
9316,9315,8095
9316,8095,8094
9316,8094,6289
9317,6287,6291
9317,6291,6292
9317,8093,6287
9318,9317,6292
9318,8095,8093
9318,8093,9317
9318,8097,8095
9318,6292,8097
9319,6292,2873
9319,8097,6292
9320,2884,6305
9320,8098,8097
9320,9319,2873
9320,8097,9319
9320,2873,2884
9321,9320,6305
9321,8098,9320
9321,6305,6304
9321,6304,8098
9322,6298,8106
9322,8100,6298
9323,8102,4449
9323,6302,8110
9323,4449,6302
9324,8112,8111
9324,8111,6302
9324,8106,8112
9324,9322,8106
9325,8103,8102
9325,8110,8103
9325,9323,8110
9325,8102,9323
9326,8105,6303
9326,8106,8105
9326,8113,8106
9326,6303,8107
9327,8111,8114
9327,8114,8116
9327,8110,8111
9328,8116,8122
9328,9327,8116
9328,8115,8110
9328,8110,9327
9329,8107,8123
9329,8113,9326
9329,9326,8107
9330,8118,8115
9330,8122,8118
9330,9328,8122
9330,8115,9328
9331,8113,9329
9331,8123,4461
9331,6309,8113
9331,4461,6309
9331,9329,8123
9332,8117,8119
9332,8126,8120
9332,8119,8126
9332,8120,8117
9333,8125,8129
9333,8119,8125
9333,8129,8130
9333,8130,8119
9334,8124,8121
9334,8121,8132
9335,9334,8132
9335,4456,8124
9335,6312,4456
9335,8124,9334
9335,8132,6312
9336,8127,8134
9336,8128,8127
9337,9336,8134
9337,8132,8128
9337,8128,9336
9337,8134,8135
9338,8132,9337
9338,9337,8135
9338,8133,8132
9338,8136,8133
9338,8135,8136
9339,6312,8133
9339,8133,8137
9339,8137,8141
9340,9339,8141
9340,8141,6321
9340,6321,8140
9341,8138,6313
9341,4471,8143
9341,6313,4471
9342,8138,9341
9342,9341,8143
9342,8143,8145
9343,9342,8145
9343,8145,6326
9343,8141,8138
9343,6326,8142
9343,8142,8141
9343,8138,9342
9344,8148,8150
9344,6324,8148
9345,6325,6327
9345,8149,6325
9346,9344,8150
9346,6330,6324
9346,8150,8152
9346,6324,9344
9347,8153,6330
9347,8152,8153
9347,6330,9346
9347,9346,8152
9348,8151,6345
9348,8152,8150
9348,8150,8151
9349,2904,2903
9349,9345,6327
9349,8151,8149
9349,8149,9345
9349,6327,2904
9350,9348,6345
9350,6337,8152
9350,8152,9348
9350,6345,6344
9350,6344,6337
9351,6345,8151
9351,9349,2903
9351,2903,6345
9351,8151,9349
9352,8162,8163
9352,6350,8162
9353,4480,6350
9353,6350,9352
9353,8163,9354
9353,9352,8163
9355,6360,4480
9355,9354,8166
9355,9353,9354
9355,4480,9353
9356,6348,6352
9356,6352,6357
9356,8163,6348
9357,6360,9355
9357,8164,6360
9357,8166,8164
9357,9355,8166
9358,9356,6357
9358,9354,8163
9358,8163,9356
9359,8166,9354
9359,9354,9358
9360,6366,8165
9360,8165,8166
9360,9359,6364
9360,6364,6366
9360,8166,9359
9361,8167,8168
9361,6359,8167
9362,9361,8168
9362,6362,6359
9362,8168,9363
9362,6359,9361
9364,9363,8171
9364,6362,9362
9364,9362,9363
9365,8165,6366
9365,6366,6365
9365,8168,8165
9366,8170,6362
9366,6362,9364
9366,8171,8170
9366,9364,8171
9367,8168,9365
9367,9365,6365
9367,9363,8168
9368,9363,9367
9368,6365,6368
9368,9367,6365
9368,8171,9363
9369,9368,6368
9369,8171,9368
9369,6368,6369
9369,6369,6372
9369,6372,8171
9370,6379,8176
9370,8172,6370
9370,8173,8172
9370,6370,6375
9370,6375,6379
9371,8180,8182
9371,6374,6367
9371,6367,6377
9371,6377,8177
9371,8177,8180
9372,8173,9370
9372,8175,8173
9372,9370,8176
9373,6382,6373
9373,8182,6382
9373,6373,6374
9373,6374,9371
9373,9371,8182
9374,8175,9372
9374,9372,8176
9374,8176,8178
9374,9375,8179
9374,8179,8175
9376,9374,8178
9376,9375,9374
9376,8178,4501
9376,4501,4503
9377,9378,8179
9377,9379,9378
9377,8179,9375
9380,9378,9379
9381,8184,8183
9381,9380,8189
9382,8185,8184
9382,8189,8188
9382,9381,8189
9382,8184,9381
9382,8188,8185
9383,9375,9376
9383,9376,4503
9383,9377,9375
9383,9379,9377
9383,4505,6387
9383,4503,4504
9383,4504,4505
9383,6387,9379
9384,8187,8189
9384,9380,9379
9384,8189,9380
9385,4512,4511
9385,6392,8187
9385,4515,8191
9385,8191,6392
9385,8187,9384
9385,9384,9379
9385,9379,6387
9385,6387,4512
9385,4511,4515
9386,8195,8194
9386,8194,2948
9386,4537,8195
9386,2948,2957
9386,2957,4537
9387,6423,8196
9387,6421,6423
9387,8196,6411
9387,6420,6421
9387,6411,6420
9388,8200,6439
9388,6438,6431
9388,6439,6438
9389,6444,8201
9389,8201,6431
9389,6431,6437
9389,6437,8204
9389,8204,6444
9390,8206,6441
9390,8203,8206
9390,6441,6440
9391,6445,6443
9391,6443,8207
9391,6432,6445
9392,4559,4562
9392,8207,8208
9392,6432,9391
9392,8212,4559
9392,4562,6432
9392,9391,8207
9393,8209,8213
9393,9392,8208
9393,8208,8209
9393,8212,9392
9393,8213,8212
9394,8208,6447
9394,6455,6454
9394,6454,8208
9394,8210,6455
9394,6447,8210
9395,8220,6451
9395,8211,8214
9395,6451,4559
9395,8212,8211
9395,4559,8212
9395,8214,8220
9396,6453,6452
9396,8209,6453
9396,8213,8209
9396,8211,8213
9397,6484,8232
9397,1553,8205
9397,4534,4573
9397,4573,6484
9397,8205,4534
9397,8232,1553
9398,8215,8211
9398,8217,8215
9398,8211,9396
9398,6452,8217
9398,9396,6452
9399,6456,6459
9399,8217,6456
9400,6461,6463
9400,6459,6461
9400,8221,8217
9400,6463,8221
9400,9399,6459
9400,8217,9399
9401,8219,8225
9401,8225,6464
9401,8223,8219
9402,6468,8223
9402,8223,9401
9402,9401,6464
9402,6464,6468
9403,8238,6476
9403,6469,8233
9403,8233,8234
9403,8236,8238
9403,8231,6469
9403,6476,8231
9403,8234,8236
9404,8240,8246
9404,8241,4578
9404,8246,8245
9404,8245,8241
9404,4578,8240
9405,8246,8240
9405,8240,8239
9405,8239,8247
9405,8247,8246
9406,4587,4588
9406,6481,4587
9406,8247,6481
9406,8248,8247
9407,8248,9406
9407,4597,6488
9407,6488,8248
9407,4588,4597
9407,9406,4588
9408,6495,6497
9408,4607,6495
9408,8250,4596
9408,6497,8250
9408,4596,8254
9408,8254,4607
9409,6519,4645
9409,3032,6519
9409,4645,8262
9409,3031,3032
9410,3041,3031
9410,9409,8262
9410,8262,3041
9410,3031,9409
9411,4650,8263
9411,8263,3043
9411,6521,4650
9411,3043,8262
9411,8262,6521
9412,8272,6545
9412,4667,8270
9412,4670,4667
9412,8270,8272
9412,6545,4670
9413,6554,8272
9413,8272,6548
9413,6551,6554
9413,6548,6551
9414,4688,6575
9414,8283,4687
9414,8282,8283
9414,6575,8282
9414,4687,4688
9415,6581,6583
9415,6574,6581
9415,6583,8282
9415,8282,6574
9416,3076,3083
9416,3083,8292
9417,3078,3076
9417,9416,8292
9417,3076,9416
9417,6609,3078
9417,8292,4709
9417,4709,6609
9418,6611,8292
9418,8292,3085
9418,3085,8293
9418,8293,4705
9418,4705,6611
9419,4764,8306
9419,8306,6637
9419,4762,8308
9419,6636,4762
9419,6637,6636
9419,8308,4764
9420,6641,6642
9420,6642,8309
9420,8312,8311
9420,8309,8312
9421,8312,8309
9421,8309,6644
9422,8312,9421
9422,8316,8310
9422,8310,8312
9422,6645,8315
9422,8315,8316
9422,9421,6644
9422,6644,6645
9423,8314,8318
9423,8305,8314
9423,8321,6659
9423,6659,6658
9423,6658,8305
9423,8318,8321
9424,8317,8316
9424,8319,8317
9424,8323,8319
9424,6652,8323
9424,8316,6652
9425,8318,8313
9425,6661,8318
9425,6654,6661
9425,8313,6655
9425,6655,6654
9426,6656,6653
9426,6653,8319
9426,8319,8323
9426,8323,6656
9427,6653,8325
9427,6654,6653
9427,6660,6654
9427,8327,6660
9427,8325,8327
9428,8328,6665
9428,8329,8328
9428,6665,8336
9429,9430,8329
9429,8331,9430
9429,8330,8331
9429,8329,9428
9429,9428,8336
9431,8330,9429
9432,8330,9431
9433,6677,8333
9433,8332,8330
9433,8333,8332
9433,8334,6677
9433,8330,9432
9433,9432,8334
9434,8338,8334
9434,6675,8338
9434,8336,6675
9435,6683,8341
9435,6677,6676
9435,8341,8337
9435,6676,6683
9435,8337,6677
9436,8342,8349
9436,6676,6678
9436,6678,8342
9436,6682,6676
9436,8349,6682
9437,4777,8359
9437,4778,4777
9437,6651,4778
9438,8341,6683
9438,6681,8341
9438,8345,8344
9438,8344,6681
9438,6683,8343
9438,8343,8345
9439,8343,6682
9439,8351,8343
9439,6682,8349
9439,8349,8351
9440,8343,8351
9440,8346,8345
9440,8345,8343
9440,8351,8353
9440,8353,8346
9441,6681,8344
9441,8347,6679
9441,6679,6681
9442,8347,9441
9442,4791,8347
9442,4794,4791
9442,8356,4794
9443,4796,6695
9443,8360,4789
9443,6695,8361
9443,4789,4795
9443,4795,4796
9444,8358,4790
9444,4790,8360
9445,9443,8361
9445,8361,9446
9445,8360,9443
9445,9444,8360
9445,9446,9444
9447,8358,9444
9448,8359,8358
9449,8358,9447
9449,8365,9450
9449,9450,9448
9449,9448,8358
9451,8371,8367
9451,8361,6697
9451,6697,6696
9452,9448,9450
9452,8369,8362
9453,8365,8372
9453,9450,8365
9453,8372,9454
9455,9453,9454
9455,9450,9453
9455,8376,9450
9455,8374,8376
9455,9454,8374
9456,8369,9452
9456,9450,8376
9456,8376,8381
9456,9452,9450
9457,6707,8373
9457,8370,4810
9457,8373,8370
9457,4809,6707
9457,4810,4809
9458,8381,6702
9458,6702,8377
9458,9456,8381
9458,8369,9456
9458,8377,8369
9459,8373,6707
9459,8372,8373
9459,9454,8372
9460,8382,8374
9460,9459,6707
9460,9454,9459
9460,8374,9454
9461,4822,8387
9461,6707,6706
9461,4823,4822
9461,8387,8382
9461,4830,4823
9461,8382,9460
9461,6706,4830
9461,9460,6707
9462,8380,8385
9462,8384,8380
9463,8385,8380
9463,8383,8386
9463,8375,8383
9463,8380,8375
9463,8386,8385
9464,6711,8389
9464,8389,6703
9464,6712,6711
9464,6703,8384
9464,9462,8385
9464,8385,6712
9464,8384,9462
9465,8388,6711
9465,8390,8388
9466,4829,8392
9466,6705,4819
9466,6724,6705
9466,4819,4829
9467,6720,8390
9467,6722,6720
9467,6726,6722
9468,8393,6725
9468,8398,8400
9468,6725,8398
9468,8394,8393
9469,8395,8394
9469,9468,8400
9469,8394,9468
9470,8400,8402
9470,9469,8400
9470,8403,6731
9470,8402,8403
9471,8411,8413
9471,6754,8411
9472,9473,9474
9475,8413,4868
9475,9476,8413
9477,9472,9474
9477,8418,9478
9477,8417,8418
9477,9474,8417
9479,8414,8415
9479,8416,8414
9479,4879,8416
9480,9475,4868
9480,4868,6756
9480,6756,6761
9481,9475,9480
9482,8419,8417
9482,8417,9474
9483,8419,9482
9483,8422,8419
9484,6768,3196
9484,8422,9483
9484,3196,8422
9485,6761,6768
9485,9481,9480
9485,6768,9484
9485,9480,6761
9485,9484,9481
9486,8429,8432
9486,6767,8429
9486,8432,8430
9486,8430,8424
9486,8424,6767
9487,8430,6777
9487,8433,8430
9487,8434,8433
9488,9487,6777
9488,8436,8434
9488,8434,9487
9489,8439,8436
9489,8436,9488
9489,9488,8441
9489,8440,8439
9489,8441,8440
9490,8438,8439
9490,8439,8444
9491,6781,6779
9491,6779,8438
9492,8444,8448
9492,9490,8444
9492,8438,9490
9492,8448,9491
9492,9491,8438
9493,6786,6781
9493,9491,8448
9493,8448,6786
9493,6781,9491
9494,6785,6786
9494,6786,8449
9494,8450,6785
9494,8449,8450
9495,6783,6792
9495,8452,9496
9495,9496,8447
9495,6792,8452
9497,9496,8457
9497,8449,8447
9497,8447,9496
9498,9497,8457
9498,8449,9497
9498,8450,8449
9498,8454,8451
9498,8451,8450
9498,8457,8454
9499,6791,6790
9499,6790,8446
9499,8446,8451
9499,8453,8459
9499,8451,8453
9499,8459,6791
9500,8457,9496
9500,9496,8452
9500,6796,6800
9500,8452,6796
9500,8456,8457
9500,6800,8456
9501,8460,8462
9501,8462,8463
9501,8463,9502
9501,9502,8460
9503,6791,8460
9503,8460,9502
9503,6795,6791
9503,6798,6795
9504,8463,8464
9504,8464,8465
9505,8463,9504
9505,8465,8468
9505,9504,8465
9506,9502,8463
9506,8463,9505
9506,9505,8468
9507,8468,8471
9507,9506,8468
9508,8471,8472
9508,8472,8467
9508,9507,8471
9509,8478,4911
9509,8476,8478
9509,8479,8476
9510,8479,9509
9510,9509,4911
9510,8480,8479
9510,4911,8480
9511,8485,8481
9511,4911,4910
9511,8482,8485
9511,8481,8480
9511,8480,4911
9511,4910,8482
9512,8486,8485
9512,8485,8482
9512,8482,8487
9513,8483,6811
9513,6811,8484
9514,9513,8484
9514,6814,6816
9514,6816,8483
9514,8483,9513
9514,8484,8489
9514,8489,6814
9515,9512,8487
9515,8486,9512
9515,8487,8488
9515,8488,8491
9515,8497,8496
9515,8495,8494
9515,8491,8497
9515,8496,8495
9516,6818,8489
9516,8494,8492
9516,8492,6818
9516,8486,9515
9516,8489,8486
9516,9515,8494
9517,6874,6866
9517,6866,4921
9517,4921,6831
9518,4932,4931
9518,8500,4932
9519,6831,8500
9519,8500,9518
9519,9520,9517
9519,9517,6831
9521,9519,9518
9522,6843,8505
9523,9522,8505
9523,9524,9522
9523,8505,8508
9525,9523,8508
9525,9524,9523
9525,9526,9524
9527,9517,9520
9527,6874,9517
9528,9525,8508
9528,8508,8507
9528,8507,8509
9529,8510,6874
9529,6874,9527
9530,6871,6878
9530,6870,6871
9530,8509,6870
9530,9528,8509
9530,9531,9528
9532,9533,9534
9535,6876,8513
9535,3220,4948
9535,4948,6876
9535,8513,9536
9537,9532,9538
9539,9540,9541
9539,8510,9529
9539,8512,8510
9542,9539,9541
9542,8512,9539
9543,6878,6880
9543,9544,6878
9545,9541,9540
9546,5002,6896
9547,9545,8518
9547,9541,9545
9548,8518,8517
9548,9547,8518
9548,9541,9547
9549,8517,6883
9549,9548,8517
9549,6883,9550
9549,9550,9551
9552,9551,8524
9552,9553,9554
9552,9554,9551
9555,9556,8515
9555,9553,9552
9555,8515,8516
9555,8516,9553
9557,8515,9556
9557,8513,8514
9557,8514,8515
9557,9536,8513
9558,9556,9555
9558,8524,8523
9559,6889,6894
9559,6883,6882
9559,6894,8524
9559,6882,6889
9559,8524,9551
9559,9550,6883
9559,9551,9550
9560,9557,9556
9560,9536,9557
9561,6891,9556
9561,9558,8523
9561,9556,9558
9561,6892,6891
9561,8523,6892
9562,9536,9560
9563,9536,9562
9564,8530,8528
9564,9563,9565
9564,8537,8536
9564,8536,8530
9566,8527,8526
9566,8526,8529
9567,9564,9565
9567,8537,9564
9568,8529,6897
9568,9569,8529
9568,6897,6899
9568,6899,6901
9568,6901,6903
9570,9565,9566
9570,9571,9565
9572,8537,9567
9573,9569,9568
9573,5000,5007
9573,9568,6903
9573,6903,5000
9574,9571,9570
9574,8533,9571
9574,9570,9575
9574,8534,8533
9574,9575,8534
9576,8537,9572
9577,6906,8538
9577,8538,8535
9577,8535,8537
9577,8537,9576
9578,9575,9569
9578,9569,9573
9578,9573,5007
9579,8534,9575
9579,8541,8534
9579,8543,8541
9579,5007,8543
9579,9578,5007
9579,9575,9578
9580,6905,6907
9580,8550,8539
9580,8539,6905
9581,9580,6907
9582,5028,8552
9583,5028,9582
9584,5026,3257
9584,8554,5026
9585,9584,3257
9585,8554,9584
9585,8556,8554
9586,9585,3257
9586,8556,9585
9587,8557,8556
9588,6946,6941
9588,8564,6946
9588,8556,9586
9588,6941,9587
9588,9587,8556
9589,6941,6943
9589,6943,6950
9589,6950,8558
9589,9587,6941
9589,8558,8557
9589,8557,9587
9590,6950,6949
9590,6949,8562
9590,8558,6950
9590,8562,8560
9590,8560,8558
9591,6961,6966
9591,8571,6961
9591,6966,6974
9591,8572,8571
9592,8572,9591
9592,8576,8572
9592,9591,6974
9593,9592,6974
9593,8576,9592
9593,6975,8574
9593,6974,6975
9594,8576,9593
9594,8577,8576
9595,3291,5043
9595,8577,9594
9595,9594,3291
9595,5043,8577
9596,5045,5044
9596,8580,5045
9597,8580,9596
9598,9597,9596
9599,9598,9596
9600,8581,9601
9600,91,90
9600,90,8581
9600,92,91
9600,93,92
9600,94,93
9602,94,9600
9603,94,9602
9603,95,94
9604,95,9603
9605,96,95
9605,95,9604
9606,6989,8582
9606,5056,6989
9606,6992,6991
9606,6991,6990
9606,6990,5056
9607,6992,9606
9607,9606,8582
9608,8582,8583
9608,9607,8582
9608,8585,8584
9608,8583,8585
9608,8584,6992
9608,6992,9607
9609,6994,8588
9609,5061,6994
9609,6996,5061
9610,8590,8589
9610,6996,9609
9610,8589,6996
9611,1807,3372
9611,3358,1807
9611,9610,9609
9611,8588,3358
9611,9609,8588
9611,5063,8590
9611,5064,5063
9611,8590,9610
9611,5065,5064
9611,3372,5066
9611,5066,5065
9612,5127,8602
9612,3411,5127
9612,5128,3411
9612,8602,8603
9613,7047,5128
9613,8603,7050
9613,7050,7047
9613,5128,9612
9613,9612,8603
9614,7061,8610
9614,5141,7061
9614,3433,3432
9614,8610,3433
9614,3432,5141
9615,5170,7082
9615,7082,8633
9615,5171,5170
9615,8636,5171
9616,7089,5169
9616,5169,3506
9616,8637,7089
9617,5181,8637
9618,3506,3505
9618,8637,9616
9618,3505,9619
9618,9619,9620
9618,9616,3506
9618,9617,8637
9618,9620,9617
9621,3416,5181
9621,9622,5210
9621,5181,9617
9621,9619,9622
9621,9620,9619
9621,9617,9620
9621,5210,3416
9623,5218,5219
9623,5219,7118
9623,8645,7115
9623,8646,8645
9623,7115,5218
9624,8649,8647
9624,8647,8646
9624,9623,7118
9624,8646,9623
9624,7118,8649
9625,7130,7123
9625,5227,7130
9625,7123,8654
9626,5210,9622
9626,9622,9619
9626,9619,3505
9626,5235,5210
9626,5252,5235
9626,3531,5252
9626,3505,3531
9627,7152,8663
9627,8663,7155
9627,7154,7152
9627,7155,7154
9628,8662,2027
9628,2027,2029
9628,8663,8662
9629,7161,8666
9629,2029,7161
9629,8666,3552
9629,9628,2029
9629,8664,8663
9629,3552,8664
9629,8663,9628
9630,5264,7167
9630,5265,5264
9630,8668,3550
9630,7167,7164
9630,3550,5265
9630,7164,8668
9631,8669,7163
9631,7163,7164
9631,7164,7168
9631,7168,7172
9632,9631,7172
9632,8669,9631
9632,7172,8670
9632,8670,8669
9633,7168,8672
9633,7172,7168
9634,8672,7176
9634,7172,9633
9634,9633,8672
9634,7179,7171
9634,7171,7172
9634,7176,7179
9635,8675,8673
9635,8671,7171
9635,7171,7179
9635,7180,8675
9635,7179,7180
9635,8673,8671
9636,8674,8675
9636,7177,8674
9636,8676,8678
9636,8675,8676
9637,7177,9636
9637,9636,8678
9637,5271,7177
9638,8677,5274
9638,9637,8678
9638,5271,9637
9638,5274,5271
9638,8678,8677
9639,8676,7180
9639,8678,8676
9639,7182,8678
9639,7180,7181
9639,7181,7182
9640,8680,8681
9640,8683,8682
9640,8681,8683
9640,8682,8680
9641,8691,7192
9641,7192,7194
9642,7203,7202
9642,7202,8691
9642,8691,9641
9642,5286,7203
9643,7210,7211
9643,7204,7210
9643,8693,7204
9643,8694,8693
9644,7211,7212
9644,8694,9643
9644,9643,7211
9645,7212,7214
9645,9644,7212
9645,8694,9644
9645,8695,8694
9645,7214,8695
9646,7218,8696
9646,7214,7218
9646,8696,8695
9646,8695,7214
9647,5303,5302
9647,5302,5304
9648,5304,5305
9648,8706,9647
9648,5305,8704
9648,9647,5304
9648,8704,8706
9649,7231,5315
9649,9647,8706
9649,5303,9647
9649,8707,7231
9649,5315,5303
9650,7227,5321
9650,5322,7235
9650,5321,5322
9650,8705,7227
9650,7235,8705
9651,8705,7235
9651,8708,8707
9651,7235,8708
9652,8714,8713
9652,8718,8720
9652,8713,8718
9653,7242,7239
9653,7239,8719
9653,7244,7242
9654,8717,8714
9654,8714,9652
9654,8720,8721
9654,9652,8720
9655,8717,9654
9655,8723,8719
9655,9654,8721
9655,8719,8717
9656,9655,8721
9656,7249,7250
9656,8721,7249
9656,8723,9655
9656,7250,7252
9656,7252,8723
9657,5340,7253
9657,7253,8729
9658,5340,9657
9658,8729,8730
9658,8731,5340
9658,9657,8729
9658,8730,8731
9659,7256,7259
9659,8728,7256
9659,7259,8735
9659,8730,8728
9660,8732,8731
9660,8736,8732
9660,8735,8736
9660,9659,8735
9660,8730,9659
9660,8731,8730
9661,8734,5340
9661,5340,8731
9661,8731,8733
9662,8733,8732
9662,8736,9663
9662,8732,8736
9664,7264,7263
9665,8736,7260
9665,9663,8736
9665,7260,7261
9665,7261,7267
9666,9665,7267
9666,9663,9665
9666,7267,7270
9667,7270,7269
9667,7264,7270
9667,7269,7273
9667,7273,8739
9668,7268,8740
9668,8740,8746
9668,8749,8741
9668,8741,7268
9669,8737,8739
9669,8740,8737
9669,8746,8740
9669,8739,8743
9669,8743,8746
9670,8742,8741
9670,8741,8749
9670,8744,8742
9671,8749,8748
9671,9670,8749
9671,8744,9670
9672,9671,8748
9672,8750,8744
9672,8744,9671
9672,8748,7280
9673,8751,8750
9673,7280,8751
9673,8750,9672
9673,9672,7280
9674,8754,7284
9674,7284,8751
9674,8751,7280
9674,7280,8754
9675,8752,7283
9675,7278,8752
9675,8753,7278
9676,9675,7283
9676,7283,7285
9676,8753,9675
9676,8755,8753
9677,9676,7285
9677,8759,8755
9677,7285,8759
9677,8755,9676
9678,8761,8760
9678,8763,8761
9678,7292,8763
9678,8760,8765
9678,8765,8768
9678,8768,7292
9679,8771,8767
9679,8772,8771
9679,8773,8772
9679,8767,8770
9679,8770,8773
9680,7305,7304
9680,8779,7307
9680,7304,8779
9680,7307,7305
9681,8780,8779
9681,5383,8780
9681,8779,7303
9681,7310,5383
9681,7303,7310
9682,7316,5389
9682,8785,7316
9682,8787,7320
9682,5389,8787
9682,7320,8785
9683,7317,7319
9683,8784,7317
9683,8786,8784
9683,7319,7325
9683,7325,8786
9684,8787,8790
9684,7320,8787
9684,7319,7320
9685,8791,7324
9685,7324,7319
9685,8790,8791
9685,7319,9684
9685,9684,8790
9686,8789,8788
9686,7331,8796
9686,8796,8792
9686,8792,8789
9686,8788,7331
9687,7329,8796
9687,8796,8798
9688,7329,9687
9688,8798,8800
9688,9687,8798
9689,8799,7329
9689,7336,8799
9689,7329,9688
9689,9688,8800
9690,7336,9689
9690,8800,8803
9690,8804,7336
9690,8803,8804
9690,9689,8800
9691,8804,7344
9691,7336,8804
9691,7337,7336
9691,7344,7337
9692,8806,7339
9692,7339,8802
9692,8801,7337
9692,7343,8806
9692,8802,8801
9692,7337,7343
9693,7344,7355
9693,7355,8807
9693,7343,7344
9694,8807,8808
9694,9693,8807
9695,8808,8810
9695,8810,7350
9695,9694,8808
9696,7357,7359
9696,8814,7357
9696,7359,8824
9697,8815,8814
9697,8814,9696
9697,8824,8828
9697,9696,8824
9698,8819,8818
9698,8818,7362
9698,8820,8819
9698,5407,8820
9698,8827,5407
9698,7362,8827
9699,8815,9697
9699,8828,8823
9699,8823,8815
9699,9697,8828
9700,8832,7363
9700,7363,8826
9700,8830,8832
9700,8823,8830
9700,8826,8823
9701,8795,8794
9701,8794,8825
9701,8825,7392
9701,3663,5390
9701,5390,8795
9702,7373,8831
9702,8833,7377
9702,7365,8833
9702,7378,7373
9702,8831,7365
9702,7377,7378
9703,8840,7381
9704,9703,8847
9704,8842,8840
9704,8840,9703
9704,8844,8842
9705,8845,8844
9705,8844,9704
9705,9704,8847
9705,8847,7389
9706,9705,7389
9706,8845,9705
9706,8850,8848
9706,8848,8845
9706,7389,8853
9706,8853,8850
9707,9701,7392
9707,7392,3755
9707,9708,9701
9709,3662,3663
9710,7410,7412
9710,7412,5440
9710,5440,8865
9711,5442,5434
9711,5434,7410
9711,7410,9710
9711,9710,8865
9711,8865,8866
9711,8866,5442
9712,3755,3754
9712,3754,5526
9713,8872,5505
9713,7442,7441
9713,5505,7445
9713,7445,5499
9713,7441,8872
9713,5499,7442
9714,5520,8876
9714,8876,7458
9714,7458,7460
9714,7460,5520
9715,8883,8882
9715,7471,7473
9715,8882,7468
9715,7468,7471
9716,8883,9715
9716,7477,8883
9716,9715,7473
9716,7473,7477
9717,8885,5565
9717,7511,8877
9717,5565,8889
9717,8889,7511
9718,7515,5568
9718,5568,5569
9718,8895,7515
9718,5569,8895
9719,8907,3794
9719,3794,3795
9719,7540,5598
9719,5598,8907
9719,3795,7540
9720,7547,8909
9720,3804,7550
9720,8909,3799
9720,3799,3804
9720,7550,7547
9721,5660,8917
9721,8917,5651
9721,5649,5660
9721,5651,5649
9722,7584,5670
9722,7578,7574
9722,8925,7584
9722,7574,8922
9722,8922,8924
9722,8924,8925
9722,5670,7578
9723,7584,8926
9723,8928,8929
9723,8929,7583
9723,7583,7584
9723,8926,8928
9724,8937,8940
9724,8939,8930
9724,8930,8937
9724,8940,8939
9725,8943,8942
9725,7595,7594
9725,8942,7595
9726,8944,8943
9726,8943,9725
9726,7594,8950
9726,9725,7594
9727,8950,8948
9727,8948,8944
9727,8944,9726
9727,9726,8950
9728,8946,8951
9728,8951,8952
9728,8952,7597
9728,7598,8946
9728,7597,7598
9729,8951,8948
9729,8948,8950
9729,8950,7596
9730,8951,9729
9730,8955,8953
9730,7604,8955
9730,8953,8951
9730,7596,7603
9730,7603,7604
9730,9729,7596
9731,8958,7613
9731,8960,8958
9731,7613,8961
9732,8970,8963
9732,8960,9731
9733,8970,8965
9733,8963,8970
9733,8962,8963
9733,8965,8962
9734,8967,7619
9734,8966,7626
9734,7619,8964
9734,8964,8966
9734,7626,8967
9735,8966,8965
9735,8965,8972
9735,8974,8966
9736,7626,8966
9736,8973,7626
9736,8966,8974
9736,8974,8973
9737,8972,8969
9737,7628,7632
9737,7629,7628
9737,8969,7629
9738,7635,8979
9739,9740,8982
9739,9738,9741
9742,9740,9739
9742,9741,8985
9742,9739,9741
9742,8985,8987
9743,8987,8986
9743,9742,8987
9743,9740,9742
9744,8985,8984
9744,8984,7643
9744,7643,7642
9744,7642,7644
9745,8986,7646
9746,8985,9744
9746,7644,8987
9746,9744,7644
9746,8987,8985
9747,7645,8989
9747,9745,7646
9747,8988,9745
9747,8989,8988
9747,7646,7645
9748,8998,7652
9748,9000,8998
9748,8994,9000
9748,7652,8994
9749,7651,8997
9749,3887,7651
9749,8997,9003
9749,9003,9005
9750,9005,5714
9750,9749,9005
9750,5714,3887
9750,3887,9749
9751,9001,9004
9751,9004,9007
9751,9006,9003
9751,9003,9001
9751,9007,9006
9752,7658,7661
9752,9005,9006
9752,7657,9005
9752,7661,7657
9752,9006,7659
9752,7659,7658
9753,7657,7661
9753,7656,7657
9753,7661,9013
9753,9010,9008
9753,9008,7656
9753,9013,9010
9754,7660,5720
9754,9013,7660
9755,5720,7668
9755,7668,7669
9755,9013,9754
9755,9754,5720
9755,7669,9015
9755,9015,9013
9756,9022,7665
9756,7665,7677
9756,9023,9022
9756,7677,9023
9757,9023,7677
9757,7677,7680
9757,9024,9023
9758,7682,9024
9758,9029,7682
9758,9024,9757
9758,9757,7680
9758,7680,9029
9759,9030,7684
9759,7683,9034
9759,7684,7683
9759,9034,9030
9760,5730,7685
9760,7685,7686
9761,9036,9035
9761,9035,9042
9761,9042,9041
9761,9038,9036
9761,9041,9038
9762,9037,7689
9762,7689,7690
9762,7690,7691
9763,5730,9760
9763,9053,9052
9763,9052,5731
9763,5731,5730
9764,9046,9039
9764,9041,9044
9764,9038,9041
9764,9044,9046
9764,9039,9038
9765,9040,9039
9766,9053,9765
9767,9057,9055
9767,9050,9053
9767,9055,9050
9767,9053,9766
9768,9052,9051
9768,9051,9062
9769,9064,9061
9769,9057,9058
9769,9060,9064
9769,9058,9060
9769,9061,9057
9770,5731,9052
9770,9052,9768
9770,5736,5731
9771,9061,9064
9771,9056,9061
9771,9062,9056
9771,9772,9062
9773,7694,5736
9773,5736,9770
9773,9065,7694
9773,9774,9065
9775,9067,9069
9775,9774,9776
9775,9069,9065
9775,9065,9774
9777,5741,7697
9777,9778,9072
9777,7700,5741
9777,9072,7700
9779,9777,7697
9779,7697,9068
9779,9778,9777
9780,7699,5746
9780,5746,7703
9781,9072,9778
9781,9778,9782
9781,9073,9072
9783,9782,9778
9783,7703,9782
9783,9778,9780
9783,9780,7703
9784,9782,7703
9784,7703,9079
9785,9075,9074
9785,9076,9075
9785,7711,9076
9786,7707,9074
9786,9784,9079
9786,9079,7707
9787,7705,7706
9788,7705,9787
9788,5755,7705
9789,9790,9083
9789,9083,7715
9789,5755,9788
9789,7715,5755
9791,9083,9790
9791,9086,9084
9791,9790,7713
9791,9084,9083
9791,7713,9085
9791,9085,9086
9792,9087,9084
9792,9084,9086
9792,7724,9087
9792,9092,7724
9793,9093,9090
9793,9088,9087
9793,9087,7724
9793,9090,9088
9793,7724,9093
9794,9091,9089
9794,9089,9090
9795,5769,9091
9795,9094,9095
9795,9091,9794
9795,9794,9090
9795,9095,5769
9795,9090,9094
9796,9097,9096
9796,9096,9094
9796,7723,9097
9796,9093,7723
9796,9094,9093
9797,9096,9099
9797,9098,9096
9797,7728,9098
9797,9099,7728
9798,7725,7721
9798,9099,9097
9798,9097,7725
9798,5772,9099
9799,7721,9108
9799,9108,7750
9799,7750,5773
9799,5773,5772
9799,5772,9798
9799,9798,7721
9800,9114,9115
9800,9111,9114
9800,9116,9111
9800,9115,9116
9801,9123,9124
9801,9124,9127
9801,9125,9123
9801,9127,9125
9802,9133,9134
9803,7768,9802
9803,9802,9134
9804,7773,7767
9804,9134,9135
9804,9803,9134
9804,9135,7773
9804,7767,7768
9804,7768,9803
9805,9139,7777
9805,7777,9138
9805,9138,9142
9806,9805,9142
9806,9139,9805
9806,7781,9139
9806,9142,7781
9807,7781,7780
9807,9143,9140
9807,9140,7781
9808,9143,9807
9808,7780,7784
9808,9807,7780
9808,7784,9143
9809,9136,5797
9809,9142,9136
9809,5797,5796
9809,5796,9142
9810,9147,9150
9810,9148,7771
9810,7779,9147
9810,9150,9148
9810,7771,7779
9811,9145,7784
9811,9146,9145
9811,7784,7783
9811,7783,7785
9812,9811,7785
9812,9146,9811
9813,9812,7785
9813,9146,9812
9813,9147,9146
9814,9149,9150
9814,9150,7787
9814,7787,7786
9815,9153,9149
9815,9814,7786
9815,9149,9814
9816,9159,7793
9816,9153,9815
9816,3974,9153
9816,9815,7786
9816,7786,9159
9816,7793,3974
9817,9162,7797
9817,7792,9162
9817,7797,7796
9817,7796,7792
9818,7797,9162
9818,9161,9164
9818,7805,7797
9818,9162,9161
9818,9164,7805
9819,9174,5871
9819,9175,9174
9819,7839,9176
9819,9176,9175
9820,4043,4059
9820,5900,5896
9820,5896,4043
9821,9820,4059
9821,4059,4060
9821,9180,9181
9821,4060,9180
9822,5901,7846
9822,9181,7845
9822,7845,5901
9823,9188,9187
9823,7854,7855
9823,9187,7854
9824,9188,9823
9824,5927,9188
9824,9823,7855
9824,7855,5927
9825,9193,9191
9825,9191,7856
9825,7861,9193
9825,5934,7861
9825,7856,5934
9826,5926,5935
9826,9194,9192
9826,9195,9194
9826,5935,9195
9826,9192,5926
9827,5935,9197
9827,9197,9199
9828,9198,9195
9828,5935,9827
9828,9827,9199
9828,9195,5935
9829,7865,5929
9829,9198,7864
9829,9195,9198
9829,5929,9195
9829,7864,7865
9830,9199,9200
9830,9198,9828
9830,9828,9199
9831,5939,9198
9831,9200,5939
9831,9198,9830
9831,9830,9200
9832,9204,9203
9832,7880,5954
9832,9203,7880
9832,4104,9204
9832,5954,5953
9832,5953,4109
9832,4109,4104
9833,2574,5946
9833,5946,5947
9833,5947,9210
9834,5961,9209
9834,5960,5961
9835,9834,9209
9836,4121,4120
9836,7894,9212
9836,9212,9209
9836,9209,4121
9836,4120,7894
9837,7909,5967
9837,9210,7914
9837,9833,9210
9837,2574,9833
9837,5967,2574
9837,7914,7909
9838,9839,9840
9838,9213,9214
9838,9214,9839
9841,9840,9839
9841,9839,9214
9841,9214,9216
9842,9841,9216
9843,9217,7901
9843,7905,7895
9843,7901,7905
9844,7902,9223
9844,9223,9224
9844,9224,9225
9844,9225,9221
9844,7911,7903
9844,7903,7902
9845,5986,9237
9845,9237,9238
9845,9234,5986
9846,9845,9238
9846,9238,9239
9847,9846,9239
9847,9239,5990
9847,7935,7933
9847,5990,7935
9848,7944,9242
9848,9242,9244
9848,9244,7955
9848,7946,7944
9848,7955,7946
9849,7947,7950
9849,9241,7945
9849,9243,7947
9849,7945,9243
9850,9241,9849
9850,9240,5993
9850,5993,9241
9850,9849,7950
9851,7950,9246
9851,9246,7953
9851,9245,9240
9851,9240,9850
9851,9850,7950
9851,7953,9245
9852,9246,7950
9852,7949,7948
9852,7950,7949
9852,6006,6005
9852,7948,9250
9852,6005,9246
9852,9250,6006
9853,8063,9283
9853,9283,9287
9854,9853,9287
9854,9287,9288
9854,9288,8067
9854,8067,8069
9855,9311,6265
9855,6269,9312
9855,9312,9311
9855,4442,6269
9855,6265,4442
9856,8100,9322
9856,6301,8100
9856,6302,6301
9856,9324,6302
9856,9322,9324
9857,6311,6312
9857,9340,8140
9857,6312,9339
9857,9339,9340
9857,8140,6311
9858,4488,6364
9858,9358,6357
9858,6364,9359
9858,9359,9358
9858,6357,4488
9859,8179,9378
9859,8180,8179
9859,9378,9380
9860,9381,8183
9860,9380,9381
9860,9859,9380
9861,4539,4545
9861,6431,6426
9861,6426,4539
9862,6439,8200
9862,8203,9390
9862,6435,8203
9862,6434,6435
9862,8200,6434
9863,9862,9390
9863,9390,6440
9863,6437,6439
9863,6439,9862
9863,6440,6437
9864,3119,4763
9864,6641,9420
9864,4763,6641
9864,8305,6634
9864,8311,8314
9864,8314,8305
9864,9420,8311
9864,6634,3119
9865,8321,6661
9865,6659,8321
9865,8326,6659
9865,8331,8326
9866,9434,8334
9866,8336,9434
9866,9429,8336
9866,9431,9429
9866,9432,9431
9866,8334,9432
9867,6651,9437
9867,9437,9868
9867,744,6651
9869,742,744
9869,3159,742
9869,744,9867
9869,9867,9868
9870,8344,8346
9870,8346,8354
9870,9441,8344
9871,8354,8355
9871,9870,8354
9871,9441,9870
9871,9442,9441
9872,8356,9442
9872,8355,8356
9872,9442,9871
9872,9871,8355
9873,9437,8359
9873,8359,9448
9873,9868,9437
9874,9448,9452
9874,9452,8362
9874,9868,9873
9874,9873,9448
9875,9447,9444
9875,9444,9446
9875,9446,8366
9876,8367,8366
9876,9451,8367
9876,9446,8361
9876,8361,9451
9876,8366,9446
9877,9875,8366
9877,8365,9449
9877,9447,9875
9877,9449,9447
9877,8366,8365
9878,6698,6699
9878,9451,6696
9878,6696,6698
9878,6699,8368
9878,8371,9451
9878,8368,8371
9879,6711,6710
9879,6710,4825
9879,4825,4824
9879,9465,6711
9880,6726,9467
9881,6718,8395
9881,8395,6724
9881,9466,8392
9881,6724,9466
9881,8392,6718
9882,9880,9465
9882,9879,4824
9882,9465,9879
9882,6726,9880
9882,6727,6726
9882,6728,6727
9882,6729,6728
9882,4831,6729
9882,4826,4831
9882,4824,4826
9883,9470,6731
9883,8395,9469
9883,9469,9470
9883,8396,8395
9883,6731,8396
9884,9473,9472
9884,6753,6754
9884,8412,6753
9885,6758,6752
9885,9884,9472
9885,8412,9884
9885,8415,6758
9885,6752,8412
9886,9471,8413
9886,8413,9476
9887,9474,9473
9887,9886,9476
9888,4879,9479
9888,4880,4879
9888,8415,9889
9888,9889,9478
9888,8418,4880
9888,9479,8415
9888,9478,8418
9890,9476,9475
9890,9475,9481
9890,9474,9887
9890,9887,9476
9890,9481,9484
9891,9474,9890
9891,9483,9482
9891,9484,9483
9891,9890,9484
9891,9482,9474
9892,6777,6776
9892,6776,6784
9892,8441,9488
9892,9488,6777
9892,6784,8441
9893,8448,8444
9893,8444,6783
9893,6783,9495
9893,9495,8447
9893,8447,8448
9894,9506,9507
9894,9502,9506
9895,4931,6843
9895,6843,9522
9895,9518,4931
9895,9521,9518
9895,9524,9521
9895,9522,9524
9896,9526,9520
9896,9519,9521
9896,9521,9524
9896,9520,9519
9896,9524,9526
9897,1735,1734
9897,1734,3220
9897,3220,9535
9897,6896,1735
9897,9535,9546
9897,9546,6896
9898,9525,9528
9898,9526,9525
9898,9528,9531
9899,9520,9526
9899,9526,9898
9899,9534,9533
9899,9898,9534
9900,9534,9898
9900,9898,9531
9901,9520,9899
9901,9527,9520
9901,9899,9533
9902,9529,9527
9902,9527,9901
9902,9901,9533
9903,9534,9900
9903,9532,9534
9903,9538,9532
9903,9900,9531
9903,9544,9538
9904,9540,9539
9904,9529,9902
9904,9539,9529
9905,9530,6878
9905,6878,9544
9905,9531,9530
9905,9903,9531
9905,9544,9903
9906,9544,9543
9906,9538,9544
9907,9542,9541
9907,9541,9548
9908,8519,8518
9908,8518,9545
9908,9906,9543
9909,9548,9549
9909,9907,9548
9910,9549,9551
9910,9909,9549
9910,9554,9553
9910,9551,9554
9910,9553,9909
9911,9536,9563
9911,9535,9536
9911,9546,9535
9912,9552,8524
9912,9558,9555
9912,8524,9558
9912,9555,9552
9913,5002,9546
9913,9546,9911
9913,8528,5003
9913,9563,9564
9913,9911,9563
9913,9564,8528
9913,5003,5002
9914,9556,6891
9914,9560,9556
9914,6891,6890
9915,9914,6890
9915,9562,9560
9915,9560,9914
9915,6890,8527
9916,9562,9915
9916,9915,8527
9917,8527,9566
9917,9562,9916
9917,9563,9562
9917,9566,9565
9917,9565,9563
9917,9916,8527
9918,9566,8529
9918,8529,9569
9919,9567,9565
9919,9571,9572
9919,9572,9567
9919,9565,9571
9920,9569,9575
9920,9918,9569
9920,9566,9918
9920,9575,9570
9920,9570,9566
9921,9571,8533
9921,8533,6909
9921,9572,9571
9921,9576,9572
9922,6906,9577
9922,9921,6909
9922,9576,9921
9922,6904,6906
9922,9577,9576
9922,6909,6904
9923,6907,6911
9923,9581,6907
9924,9923,6911
9925,6911,6913
9925,9924,6911
9925,6913,8548
9926,9582,8552
9926,8544,8550
9926,6918,8544
9926,8552,6918
9926,8550,9582
9927,9581,9923
9927,9923,9924
9927,9924,9925
9928,9927,9925
9929,9928,9925
9930,5028,9583
9930,3256,3255
9930,3255,5028
9931,3259,3256
9931,3256,9930
9932,3257,3254
9932,9586,3257
9932,3254,8559
9933,9586,9932
9933,8564,9588
9933,9588,9586
9934,9593,8574
9934,8575,6982
9934,8574,8575
9934,6982,3292
9935,9593,9934
9935,9594,9593
9935,3292,3291
9935,3291,9594
9935,9934,3292
9936,8581,6987
9936,9601,8581
9936,8580,9597
9936,9597,9601
9936,6987,8580
9937,9596,5044
9937,5044,3290
9937,9599,9596
9938,3290,3293
9938,9937,3290
9939,9938,3293
9940,9939,3293
9941,9940,3293
9942,3293,3294
9942,9941,3293
9943,3297,3299
9943,3296,3297
9943,3294,3296
9943,3299,3300
9943,9942,3294
9944,9605,9945
9944,96,9605
9944,97,96
9944,98,97
9944,99,98
9946,99,9944
9946,9944,9945
9947,102,101
9947,9946,9945
9947,9945,9948
9947,99,9946
9947,100,99
9947,9948,9949
9947,101,100
9950,8633,8632
9950,7085,8636
9950,8636,9615
9950,9615,8633
9950,8635,7085
9950,8632,8635
9951,7128,7127
9951,5227,9625
9951,5228,5227
9952,9641,7194
9952,7194,7195
9952,7195,7196
9953,9952,7196
9953,9641,9952
9953,9642,9641
9953,5286,9642
9953,7196,3580
9953,3580,5286
9954,9649,8706
9954,8707,9649
9954,8705,9651
9954,9651,8707
9954,8706,8705
9955,8722,7244
9955,8719,8723
9955,8723,8722
9955,9653,8719
9955,7244,9653
9956,8733,9662
9956,9661,8733
9957,9661,9956
9957,5347,8734
9957,7263,5347
9957,8734,9661
9957,9664,7263
9958,9664,9663
9958,9663,9666
9958,9666,7270
9958,7264,9664
9958,7270,7264
9959,9667,8739
9959,7262,7264
9959,8738,7262
9959,8739,8738
9959,7264,9667
9960,8745,8747
9960,8749,9668
9960,9668,8746
9960,8746,8745
9960,8747,8749
9961,8806,7343
9961,8805,8806
9961,7343,9693
9961,9693,9694
9962,7348,8805
9962,9694,9695
9962,9961,9694
9962,8805,9961
9962,9695,7350
9962,7350,7348
9963,8847,9703
9963,9703,7381
9963,7381,8841
9963,8843,8847
9963,8841,8843
9964,3663,9701
9964,9709,3663
9964,9701,9708
9965,9707,3755
9965,9708,9707
9965,3755,9712
9965,9709,9964
9965,9964,9708
9966,9709,9965
9966,9965,9712
9966,3662,9709
9967,3589,3662
9968,9966,9712
9969,3718,3589
9969,3589,9967
9970,9971,9968
9970,9712,5526
9970,9968,9712
9972,9971,9970
9972,5526,8885
9972,9970,5526
9973,7617,8960
9973,8963,7617
9973,9732,8963
9973,8960,9732
9974,9731,8961
9974,9732,9731
9974,8970,9732
9974,7624,8968
9974,8961,7624
9974,8968,8970
9975,9735,8972
9975,8974,9735
9975,7632,7637
9975,8972,9737
9975,9737,7632
9975,7637,8974
9976,8982,7639
9976,7635,9738
9976,9738,9739
9976,7634,7635
9976,7639,7634
9976,9739,8982
9977,8980,8985
9977,8985,9741
9977,9738,8979
9977,8979,8980
9977,9741,9738
9978,8982,9740
9978,9745,8988
9978,5708,8982
9978,8988,5708
9979,9043,9042
9979,7691,9043
9979,9037,9762
9979,9762,7691
9980,7686,9040
9980,9760,7686
9980,9765,9053
9980,9040,9765
9980,9763,9760
9980,9053,9763
9981,9039,9046
9981,9765,9039
9981,9046,9048
9981,9766,9765
9982,9767,9766
9982,9057,9767
9982,9981,9048
9982,9766,9981
9982,9058,9057
9982,9048,9058
9983,9768,9062
9983,9770,9768
9984,9776,9774
9984,9770,9983
9984,9773,9770
9984,9774,9773
9985,9772,9771
9985,9771,9064
9985,9066,9772
9985,9064,9063
9985,9063,9066
9986,9776,9772
9986,9775,9776
9986,9772,9066
9986,9066,7698
9987,9067,9775
9987,9775,9986
9987,9986,7698
9987,7698,9067
9988,9070,7699
9988,9068,9070
9988,9779,9068
9988,9778,9779
9988,9780,9778
9988,7699,9780
9989,9782,9784
9989,9074,9073
9989,9786,9074
9989,9781,9782
9989,9073,9781
9989,9784,9786
9990,9074,7707
9990,9785,9074
9990,7707,7708
9990,7711,9785
9990,7708,7711
9991,7706,9081
9991,9081,9082
9991,9787,7706
9992,9787,9991
9992,9991,9082
9992,9788,9787
9993,9788,9992
9993,9790,9789
9993,9789,9788
9994,5763,7720
9994,9792,9086
9994,9092,9792
9994,7720,9092
9994,9086,5763
9995,7768,5790
9995,5791,7764
9995,5790,5791
9995,9802,7768
9996,5799,5802
9996,9813,7785
9996,7785,5799
9996,5802,9152
9997,9819,5871
9997,5876,7839
9997,7839,9819
9997,5871,5876
9998,9820,9821
9998,9821,9181
9999,9820,9998
9999,9182,5900
9999,5900,9820
10000,7892,7890
10000,7890,4107
10000,5965,7892
10001,4106,5960
10001,4107,4106
10001,10000,4107
10001,9834,9835
10001,5960,9834
10002,9209,9212
10002,9212,9213
10002,9213,9835
10002,9835,9209
10003,5965,9840
10003,5964,5965
10004,5971,5970
10004,5970,5964
10004,5964,10003
10004,7895,5971
10005,7895,10004
10005,9843,7895
10006,9842,9216
10006,9216,7897
10006,7897,9217
10007,7908,7911
10007,9844,9221
10007,7911,9844
10007,9221,7908
10008,9845,9846
10008,9234,9845
10008,9847,7933
10008,9235,9234
10008,7931,9235
10008,9846,9847
10008,7933,7931
10009,9853,9854
10009,9854,8069
10009,8064,8063
10009,8063,9853
10009,8069,8064
10010,8182,8180
10010,8180,9859
10010,9860,8183
10010,9859,9860
10010,8183,8182
10011,4545,4544
10011,8200,9388
10011,6431,9861
10011,9388,6431
10011,9861,4545
10011,4544,8200
10012,6661,6660
10012,8329,9430
10012,8331,9865
10012,6660,8329
10012,9865,6661
10012,9430,8331
10013,9869,9868
10013,9868,9874
10014,10013,9874
10014,9869,10013
10014,8362,6701
10014,9874,8362
10014,6701,4808
10014,3159,9869
10014,4808,3159
10015,9465,9880
10015,9880,9467
10015,8390,9465
10015,9467,8390
10016,6754,9471
10016,9884,6754
10016,9886,9887
10016,9471,9886
10016,9473,9884
10016,9887,9473
10017,9885,9472
10017,8415,9885
10017,9889,8415
10017,9478,9889
10017,9477,9478
10017,9472,9477
10018,8466,6798
10018,9502,9894
10018,9503,9502
10018,6798,9503
10019,9902,9533
10019,9540,9904
10019,9904,9902
10020,9537,9538
10020,9908,9545
10020,9538,9906
10020,9906,9908
10021,8512,9542
10021,8511,8512
10021,9553,8516
10021,8516,8511
10021,9542,9907
10021,9907,9909
10021,9909,9553
10022,9908,9543
10022,9543,6880
10022,8520,8519
10022,6880,8520
10022,8519,9908
10023,9581,9927
10023,9583,9582
10023,9580,9581
10023,8550,9580
10023,9582,8550
10024,8547,8546
10024,8548,8547
10024,9929,9925
10024,9925,8548
10024,8546,8549
10025,9929,10024
10025,10024,8549
10026,10025,8549
10026,9929,10025
10026,8549,6921
10027,10026,6921
10027,9929,10026
10028,6932,6931
10028,6921,6920
10028,10027,6921
10028,6920,6922
10028,6928,6934
10028,6934,6932
10028,6922,6923
10028,6923,6924
10028,9929,10027
10028,6924,6925
10028,6925,6928
10029,3261,3259
10029,3259,9931
10030,3261,10029
10030,10029,9929
10031,3263,3261
10031,3265,3263
10031,3271,3269
10031,3268,3265
10031,3261,10030
10031,3272,3271
10031,9929,10028
10031,3269,3268
10031,10030,9929
10032,9933,9932
10032,9932,8559
10032,8564,9933
10032,6940,8564
10032,8559,6940
10033,9945,9605
10033,9602,9600
10033,9604,9603
10033,9605,9604
10033,9598,9599
10033,9601,9597
10033,9600,9601
10033,9599,9945
10033,9597,9598
10033,9603,9602
10034,3300,3301
10034,9943,3300
10035,10034,3301
10035,9949,10034
10036,3301,3303
10036,10035,3301
10036,9949,10035
10037,10036,3303
10037,9949,10036
10038,110,109
10038,3305,3307
10038,111,110
10038,3304,3305
10038,3309,3311
10038,3322,111
10038,3313,3315
10038,3318,3320
10038,3320,3322
10038,3311,3313
10038,3307,3309
10038,3315,3318
10038,9949,10037
10038,10037,3303
10038,3303,3304
10039,103,102
10039,104,103
10039,105,104
10039,102,9947
10039,9947,9949
10040,106,105
10040,107,106
10040,108,107
10040,109,108
10040,105,10039
10040,10038,109
10040,9949,10038
10040,10039,9949
10041,7128,9951
10041,8653,7128
10042,9951,9625
10042,10041,9951
10042,8654,8653
10042,8653,10041
10042,9625,8654
10043,5225,5224
10043,7127,5225
10043,5228,9951
10043,5224,5228
10043,9951,7127
10044,9664,9957
10044,9663,9664
10044,9957,9956
10044,9662,9663
10044,9956,9662
10045,3662,9966
10045,9966,9968
10045,9967,3662
10046,9968,9971
10046,10045,9968
10046,9967,10045
10047,9967,10046
10047,9971,9972
10047,10046,9971
10047,9969,9967
10047,9972,9969
10048,8885,9717
10048,3718,9969
10048,9717,8877
10048,9972,8885
10048,9969,9972
10048,8877,3718
10049,9740,9743
10049,9978,9740
10050,9978,10049
10050,9743,8986
10050,8986,9745
10050,10049,9743
10050,9745,9978
10051,9037,9979
10051,9035,9037
10051,9042,9035
10051,9979,9042
10052,9983,9062
10052,9984,9983
10052,9772,9776
10052,9062,9772
10052,9776,9984
10053,9992,9082
10053,9082,7713
10053,9790,9993
10053,7713,9790
10053,9993,9992
10054,9995,7764
10054,9802,9995
10054,7764,9133
10054,9133,9802
10055,9147,9813
10055,9152,9147
10055,9813,9996
10055,9996,9152
10056,9822,7846
10056,9181,9822
10056,9998,9181
10056,9999,9998
10056,7846,9182
10056,9182,9999
10057,10001,9835
10057,10000,10001
10058,10000,10057
10058,9840,5965
10058,10057,9835
10058,9838,9840
10058,9835,9213
10058,9213,9838
10058,5965,10000
10059,10003,9840
10059,9840,9841
10060,9841,9842
10060,10004,10003
10060,10003,10059
10060,10059,9841
10060,9842,10005
10060,10005,10004
10061,10006,9217
10061,9217,9843
10061,10005,9842
10061,9843,10005
10061,9842,10006
10062,9508,8467
10062,9507,9508
10062,10018,9894
10062,8467,8466
10062,8466,10018
10062,9894,9507
10063,9537,9540
10063,9533,9532
10063,9540,10019
10063,10019,9533
10063,9532,9537
10064,9540,9537
10064,10020,9545
10064,9545,9540
10064,9537,10020
10065,9928,9929
10065,9927,9928
10065,9929,10029
10065,10029,9931
10065,9931,9930
10065,9930,9583
10065,9583,10023
10065,10023,9927
10066,3287,3273
10066,6933,5018
10066,10031,10028
10066,6931,6935
10066,10028,6931
10066,3272,10031
10066,5018,5017
10066,5017,6939
10066,6935,6933
10066,6939,3287
10066,3273,3272
10067,10034,9949
10067,9948,9945
10067,9940,9941
10067,9945,9599
10067,9943,10034
10067,9937,9938
10067,9599,9937
10067,9938,9939
10067,9939,9940
10067,9942,9943
10067,9941,9942
10067,9949,9948
