v0,v1,v2
139,140,141
139,141,142
143,139,142
144,142,145
144,143,142
144,145,146
147,144,146
148,146,149
148,147,146
150,149,151
150,148,149
150,151,152
153,150,152
154,153,152
154,152,155
154,155,156
157,154,156
158,157,156
158,156,159
160,159,161
160,158,159
162,163,140
162,140,139
164,162,139
165,163,162
165,70,163
166,165,162
166,162,164
167,166,164
168,167,164
168,164,169
170,169,171
170,168,169
172,171,173
172,170,171
174,173,175
174,172,173
176,175,177
176,174,175
176,177,178
179,176,178
180,178,181
180,179,178
180,181,182
183,180,182
184,182,185
184,183,182
186,184,185
186,185,187
188,189,190
188,191,189
188,190,192
193,188,192
194,192,195
194,193,192
196,194,195
196,195,197
196,197,198
199,196,198
200,198,201
200,199,198
202,203,204
202,201,203
202,200,201
205,202,204
206,205,204
206,204,207
208,207,209
208,209,210
208,206,207
211,208,210
212,211,210
212,210,213
214,212,213
214,213,215
216,215,217
216,217,218
216,214,215
219,218,220
219,216,218
221,219,220
222,223,224
222,221,220
222,220,223
225,222,224
226,224,227
226,227,228
226,225,224
229,230,231
232,226,228
232,228,233
234,232,233
235,229,231
236,237,238
236,233,237
236,234,233
239,231,240
239,235,231
241,236,238
242,239,240
242,240,243
244,241,238
244,238,245
244,245,246
247,242,243
247,243,248
249,244,246
250,249,246
250,246,251
252,248,253
252,247,248
254,251,255
254,250,251
256,257,258
256,253,257
256,252,253
259,254,255
259,255,260
259,260,261
262,256,258
263,259,261
264,265,266
264,258,265
264,262,258
267,263,261
268,264,266
269,266,270
269,270,271
269,268,266
272,269,271
273,272,271
273,271,274
273,274,275
276,273,275
277,276,275
277,275,278
279,280,281
279,277,278
279,278,280
282,279,281
283,282,281
283,284,285
283,281,284
286,283,285
287,285,288
287,288,289
287,286,285
290,287,289
291,290,289
291,289,292
293,292,294
293,291,292
295,267,69
296,294,297
296,297,298
296,293,294
299,296,298
300,299,298
300,298,301
302,300,301
302,301,303
302,303,304
305,302,304
305,304,306
307,305,306
308,307,306
308,309,295
308,306,309
310,295,69
310,308,295
311,312,313
314,311,313
315,314,313
316,315,313
317,316,313
318,313,4
319,317,313
320,319,313
320,313,318
321,318,4
322,320,318
323,321,4
324,323,4
325,318,321
325,322,318
326,324,4
327,325,321
328,326,4
329,327,321
330,329,321
331,4,5
331,328,4
332,330,321
332,321,323
333,332,323
334,333,323
335,334,323
335,323,324
336,335,324
337,331,5
338,324,326
338,336,324
339,338,326
340,326,328
340,339,326
341,340,328
342,341,328
342,328,331
343,342,331
344,337,5
345,343,331
346,345,331
347,346,331
348,347,331
349,331,337
349,348,331
350,349,337
351,350,337
352,351,337
353,352,337
354,353,337
355,354,337
356,337,344
356,355,337
357,356,344
357,344,5
358,357,5
359,358,5
360,359,5
361,360,5
362,361,5
363,362,5
364,5,6
364,363,5
365,364,6
366,365,6
367,366,6
368,367,6
369,368,6
370,369,6
370,6,7
371,370,7
372,371,7
373,372,7
374,373,7
375,374,7
376,375,7
377,376,7
378,377,7
379,378,7
380,7,8
380,379,7
381,380,8
382,70,138
382,163,70
383,384,385
383,161,384
383,386,387
383,388,389
383,389,390
383,391,160
383,160,161
383,390,392
383,393,391
383,394,393
383,395,386
383,387,394
383,385,388
396,397,398
396,399,397
396,395,383
396,400,401
396,383,392
396,402,400
396,392,402
396,398,395
396,401,403
404,403,405
404,396,403
406,70,165
406,165,166
407,70,406
407,406,166
408,166,167
408,70,407
408,407,166
409,168,170
409,70,408
409,167,168
409,408,167
410,411,412
410,413,414
410,415,416
410,417,413
410,187,415
410,414,418
410,416,419
410,420,421
410,186,187
410,421,417
410,422,411
410,419,422
410,418,186
423,412,424
423,410,412
423,425,426
423,427,428
423,428,420
423,426,429
423,420,410
423,424,425
430,423,429
430,429,431
432,69,267
432,68,69
433,283,286
434,286,287
434,287,290
434,433,286
435,434,290
435,291,293
435,290,291
435,293,296
436,310,69
437,438,439
437,382,138
437,439,382
440,3,4
440,312,441
440,313,312
440,4,313
442,2,3
442,440,441
442,3,440
443,442,441
444,443,441
445,444,441
446,445,441
447,446,441
448,447,441
449,448,441
450,449,441
451,450,441
451,441,312
452,8,9
452,9,10
452,10,11
452,11,12
453,12,13
453,452,12
454,452,453
455,454,453
456,455,453
457,453,13
458,453,457
458,456,453
459,457,13
460,458,457
461,460,457
462,459,13
463,461,457
464,463,457
464,457,459
465,13,14
465,462,13
466,464,459
466,459,462
467,465,14
468,466,462
469,467,14
470,462,465
470,468,462
471,469,14
472,465,467
472,470,465
473,472,467
473,467,469
474,471,14
475,473,469
476,475,469
477,14,15
477,474,14
478,469,471
478,476,469
479,478,471
480,479,471
481,480,471
482,481,471
483,482,471
484,483,471
485,484,471
485,471,474
486,477,15
487,485,474
488,487,474
489,488,474
490,489,474
491,490,474
492,491,474
492,474,477
493,486,15
493,15,16
494,492,477
495,494,477
496,477,486
496,495,477
497,493,16
498,496,486
499,16,17
499,497,16
500,486,493
500,498,486
501,499,17
502,501,17
503,17,18
503,502,17
504,493,497
504,500,493
504,497,499
504,499,501
505,503,18
506,505,18
507,506,18
508,507,18
509,508,18
510,509,18
511,510,18
512,511,18
513,18,19
513,512,18
514,513,19
515,514,19
516,515,19
517,516,19
518,517,19
518,19,20
519,518,20
520,519,20
520,20,21
521,520,21
522,521,21
522,21,22
523,439,438
523,382,439
524,438,525
524,523,438
526,527,382
528,526,382
529,528,382
530,526,528
530,382,527
530,528,529
530,141,140
530,140,163
530,142,141
530,527,526
530,163,382
531,529,382
531,530,529
532,533,534
535,536,532
535,532,534
535,537,536
538,537,535
538,535,534
539,538,534
539,540,541
539,541,537
539,537,538
542,543,544
542,534,543
542,540,539
542,545,540
542,539,534
546,547,545
546,548,547
546,544,549
546,542,544
546,545,542
550,551,548
550,546,549
550,552,553
550,553,554
550,548,546
550,549,552
555,550,554
555,551,550
555,556,551
557,555,554
557,554,558
557,556,555
557,559,556
560,561,559
560,559,557
560,557,558
562,563,561
562,561,560
562,560,558
564,558,565
564,563,562
564,562,558
566,563,564
566,567,563
566,564,565
566,565,568
566,568,569
570,566,569
570,569,571
570,571,572
570,572,573
570,573,574
575,576,536
577,575,536
578,577,536
579,578,536
579,536,537
580,541,540
580,537,541
580,579,537
581,540,545
581,580,540
582,545,547
582,581,545
583,582,547
584,547,548
584,583,547
585,559,561
585,548,551
585,556,559
585,561,563
585,551,556
585,584,548
586,563,567
586,585,563
587,588,589
587,399,396
587,589,399
587,396,404
590,591,592
590,587,404
593,594,595
596,597,598
596,599,597
600,596,598
601,602,603
604,172,174
604,409,170
604,605,409
604,170,172
604,174,176
606,607,601
608,603,609
608,601,603
610,606,601
610,601,608
611,176,179
611,604,176
611,605,604
612,611,179
612,605,611
613,614,615
616,615,617
616,613,615
618,619,620
618,620,621
622,619,618
623,624,625
623,626,624
627,619,622
628,625,629
628,623,625
630,628,629
631,623,628
631,628,630
632,631,630
633,634,635
633,636,637
633,635,638
639,632,630
639,630,640
641,636,633
641,642,636
641,633,638
643,640,644
643,639,640
645,646,647
645,647,648
645,648,649
650,423,430
651,413,417
651,421,420
651,417,421
652,428,427
652,420,428
652,651,420
653,654,636
653,636,642
655,645,649
656,655,649
657,658,654
657,659,658
660,653,642
660,642,661
662,654,653
662,657,654
663,656,649
663,649,664
665,660,661
666,662,653
667,663,664
667,664,668
669,650,430
669,670,671
672,665,661
672,661,673
674,666,653
674,653,660
675,660,665
675,674,660
676,672,673
676,673,677
678,675,665
679,676,677
679,677,680
681,678,665
681,665,672
681,672,676
682,70,409
683,432,667
683,667,668
683,668,684
685,686,687
685,687,688
685,688,689
690,684,432
690,432,683
690,683,684
691,685,689
691,689,692
691,686,685
691,692,693
694,693,695
694,691,693
696,694,695
697,698,699
700,699,701
700,697,699
702,700,701
702,701,703
702,703,704
702,705,706
702,706,700
707,708,709
707,710,708
711,707,709
712,702,704
712,705,702
712,704,713
712,714,705
715,714,712
715,713,716
715,712,713
715,716,717
718,193,194
718,188,193
718,719,188
720,721,714
720,714,715
720,715,717
722,720,717
722,721,720
722,723,721
724,723,722
725,726,706
727,719,718
728,729,725
730,725,706
730,706,705
731,727,718
732,725,730
732,728,725
733,731,718
734,735,736
737,718,194
737,733,718
738,736,739
738,734,736
740,196,199
740,194,196
740,737,194
740,741,737
742,727,731
742,731,733
742,733,737
742,737,741
743,744,745
743,745,746
743,747,748
749,750,747
749,747,743
749,743,746
751,752,753
754,741,740
754,740,199
754,199,200
755,267,261
755,432,267
756,754,200
756,741,754
756,200,202
757,741,756
757,756,202
758,757,202
759,208,211
759,202,205
759,758,202
759,205,206
759,206,208
760,758,759
761,231,230
762,763,742
764,240,231
764,763,762
764,243,240
764,231,761
764,761,763
765,764,762
765,243,764
765,742,741
765,762,742
765,248,243
766,748,747
767,766,747
768,769,770
768,770,766
771,747,750
771,767,747
772,766,767
772,768,766
773,750,774
773,771,750
775,772,767
776,773,774
777,775,767
777,767,771
778,774,779
778,776,774
780,777,771
780,771,773
781,780,773
781,773,776
782,776,778
782,781,776
783,765,741
784,757,758
784,741,757
784,758,760
785,783,741
786,258,257
786,785,741
787,258,786
787,786,741
787,741,784
788,258,787
788,787,784
789,788,784
790,266,265
790,270,266
790,265,258
790,271,270
790,258,788
790,788,789
791,792,793
794,791,793
794,793,795
796,795,797
796,794,795
798,796,797
798,797,799
798,121,796
798,122,121
800,123,122
800,122,798
800,798,799
800,799,801
802,124,123
802,123,800
802,800,801
803,269,272
803,264,268
803,268,269
803,262,264
804,805,803
806,803,272
806,804,803
807,806,272
807,808,806
809,808,807
810,805,804
810,804,806
810,806,808
811,133,132
812,810,808
812,813,810
812,133,811
812,811,813
814,434,135
814,433,434
814,133,812
814,134,133
814,135,134
814,812,808
814,808,433
815,816,435
815,299,300
815,300,302
815,302,305
815,305,307
815,307,308
815,308,310
815,435,296
815,436,816
815,310,436
815,296,299
817,435,816
817,434,435
817,135,434
817,136,135
818,817,816
818,816,436
818,137,136
818,136,817
819,818,436
819,137,818
820,821,437
820,437,138
822,823,821
822,821,820
824,437,821
824,438,437
824,525,438
825,8,452
825,381,8
825,826,381
827,826,825
827,825,452
828,829,830
831,829,828
832,826,827
832,827,452
833,829,831
834,829,833
835,829,834
836,829,835
837,829,836
838,829,837
839,832,452
839,826,832
840,829,838
841,829,840
842,826,839
842,839,452
843,829,841
844,826,842
844,842,452
845,829,843
846,844,452
846,826,844
847,829,845
848,826,846
848,846,452
849,848,452
850,849,452
851,452,454
851,850,452
852,851,454
853,458,460
853,454,455
853,852,454
853,456,458
853,461,463
853,460,461
853,463,464
853,455,456
854,525,824
855,374,375
855,373,374
855,371,372
855,372,373
856,501,502
856,502,503
856,504,501
856,503,505
856,505,506
856,506,507
856,507,508
856,508,509
856,509,510
857,856,510
857,512,513
857,511,512
857,510,511
858,514,515
858,515,516
858,516,517
858,518,519
858,519,520
858,520,521
858,857,513
858,517,518
858,513,514
859,375,376
859,377,378
859,855,375
859,376,377
859,381,826
859,380,381
859,378,379
859,379,380
860,859,826
861,860,826
862,826,848
862,848,849
862,849,850
862,861,826
863,864,865
863,866,864
867,23,24
868,867,24
868,24,25
869,868,25
870,869,25
871,870,25
872,871,25
873,872,25
874,873,25
875,874,25
876,875,25
877,876,25
878,877,25
879,25,26
879,878,25
880,879,26
881,880,26
882,881,26
883,882,26
884,26,27
884,883,26
885,884,27
885,27,28
886,885,28
887,30,31
887,31,32
887,32,33
887,33,34
887,34,35
888,35,36
888,887,35
888,36,37
888,37,38
888,38,39
889,39,40
889,40,41
889,41,42
889,42,43
889,888,39
890,851,852
890,852,853
890,862,850
890,850,851
891,861,862
891,860,861
891,892,855
891,859,860
891,855,859
893,891,862
894,893,862
895,894,862
896,895,862
897,896,862
898,897,862
899,898,862
900,899,862
901,900,862
902,901,862
903,902,862
903,862,890
904,847,905
904,829,847
906,907,866
908,906,829
908,907,906
909,908,829
909,907,908
910,907,909
910,909,829
911,907,910
911,910,829
912,907,911
912,911,829
913,912,829
913,907,912
914,907,913
914,913,829
915,914,829
915,907,914
916,907,915
916,915,829
917,916,829
917,907,916
918,907,917
918,917,829
918,829,904
919,902,903
920,921,907
920,918,904
920,922,921
920,907,918
920,923,922
920,924,923
920,925,924
920,926,925
920,927,926
920,928,927
920,929,928
920,930,929
920,931,930
920,932,931
920,933,932
934,864,866
935,936,937
935,938,936
935,939,938
935,940,939
935,941,940
935,942,941
935,943,942
935,944,943
935,945,944
935,920,946
935,947,945
935,948,947
935,933,920
935,949,933
935,937,949
950,935,946
951,950,946
952,951,946
953,952,946
954,953,946
955,954,946
956,955,946
957,956,946
958,957,946
959,958,946
960,959,946
961,960,946
962,946,963
962,964,965
962,965,966
962,966,967
962,967,968
962,968,969
962,969,970
962,970,971
962,971,972
962,972,973
962,973,974
962,974,975
962,975,976
962,961,946
962,963,964
977,962,976
978,979,980
981,977,982
981,962,977
983,866,907
984,56,57
985,986,984
987,984,57
987,57,58
988,985,984
988,984,987
989,990,991
989,523,524
989,531,382
989,991,531
989,382,523
992,987,58
993,994,983
995,543,534
995,534,996
997,987,992
997,988,987
998,999,1000
1001,998,1000
1002,1001,1000
1003,544,543
1003,543,995
1004,1002,1000
1005,1006,1007
1005,1008,1006
1009,1010,1011
1009,1012,1010
1009,1011,1013
1014,1005,1007
1015,1012,1009
1016,1014,1007
1016,1007,1017
1018,576,1019
1018,1019,1012
1018,532,536
1018,536,576
1018,533,532
1018,1012,1015
1018,1015,533
1020,1016,1017
1021,1022,1023
1024,1020,1017
1025,1021,1023
1026,1003,1027
1026,565,558
1026,549,544
1026,553,552
1026,558,554
1026,554,553
1026,544,1003
1026,552,549
1028,1025,1023
1029,1024,1017
1030,565,1026
1030,1026,1027
1030,568,565
1030,569,568
1031,1032,1033
1031,1034,1035
1031,1036,1037
1031,1037,1032
1031,569,1030
1031,1027,1034
1031,571,569
1031,572,571
1031,573,572
1031,1030,1027
1031,574,573
1031,1035,1038
1031,1033,574
1039,1031,1038
1040,1031,1039
1040,1041,1036
1040,1036,1031
1042,1041,1040
1042,1043,1041
1044,1043,1042
1044,1045,1043
1044,1046,1045
1047,1046,1044
1047,1048,1046
1047,1049,1048
1047,1050,1049
1051,1050,1047
1052,1050,1051
1053,1050,1052
1054,1050,1053
1055,1056,1057
1058,1050,1054
1059,1060,1061
1059,1061,1062
1059,1058,1060
1063,1064,1059
1063,1059,1062
1065,1063,1062
1066,1033,1032
1066,1037,1036
1066,1032,1037
1066,1036,1041
1066,1041,1043
1066,1043,1045
1066,1045,1046
1066,1046,1048
1066,1048,1049
1066,1049,1050
1066,570,574
1066,574,1033
1067,1050,1058
1067,1058,1059
1067,1059,1064
1068,1050,1067
1068,1066,1050
1069,1070,1064
1069,1064,1063
1069,1063,1065
1071,570,1066
1071,1066,1068
1072,1068,1067
1072,1073,1068
1074,145,142
1074,530,531
1074,142,530
1074,149,146
1074,991,990
1074,531,991
1074,146,145
1075,1068,1073
1075,1071,1068
1076,1071,1075
1076,570,1071
1077,1078,1079
1077,566,570
1077,1080,1081
1077,1082,1080
1077,1083,567
1077,1081,1083
1077,1079,1082
1077,570,1076
1077,567,566
1084,1067,1064
1084,1072,1067
1085,1074,990
1085,149,1074
1086,1084,1064
1086,1064,1070
1086,1070,1087
1088,1072,1084
1088,1073,1072
1089,1090,1091
1092,1073,1088
1093,1078,1077
1094,579,580
1094,578,579
1094,1095,578
1096,586,567
1096,1079,1078
1096,1081,1080
1096,1078,1093
1096,1080,1082
1096,567,1083
1096,1083,1081
1096,1093,1097
1096,1082,1079
1098,1094,580
1098,580,581
1099,1098,581
1100,1099,581
1101,581,582
1101,1100,581
1102,1103,1104
1105,582,583
1105,1101,582
1105,583,584
1106,1107,1108
1106,1108,1109
1110,584,585
1110,1105,584
1111,1112,1102
1111,1102,1113
1114,1112,1111
1115,1116,1107
1115,1107,1106
1117,1118,1119
1117,1119,1120
1117,1121,1118
1117,586,1096
1117,1122,586
1117,1120,1122
1123,1114,1111
1123,1111,1113
1124,1125,1126
1124,1127,1125
1128,1126,1125
1129,585,586
1129,1110,585
1129,1130,1131
1129,1131,1132
1133,1123,1113
1134,1121,1117
1134,1135,1136
1134,1117,1135
1134,1136,1137
1134,1124,1126
1134,1137,1127
1134,1127,1124
1138,1133,1139
1140,1141,1126
1140,1142,1141
1140,1126,1128
1143,1121,1134
1144,1133,1113
1144,1139,1133
1145,1138,1139
1146,1147,1148
1149,1150,1151
1152,1143,1134
1152,1134,1126
1153,1152,1126
1154,1143,1152
1155,1154,1152
1156,1155,1152
1156,1152,1153
1157,1144,1158
1159,1139,1144
1160,1144,1157
1160,1157,1161
1160,1162,1159
1160,1159,1144
1160,1161,1162
1163,1149,1151
1164,1153,1165
1164,1156,1153
1166,1163,1151
1167,1168,1159
1167,1159,1162
1167,1162,1161
1169,1168,1167
1170,1146,1148
1171,1168,1169
1171,1151,1168
1172,1173,1148
1172,65,66
1174,153,154
1174,154,157
1174,150,153
1175,1174,157
1175,158,160
1175,157,158
1176,1177,1178
1179,1171,1169
1180,1181,1182
1180,1183,1181
1180,1182,1184
1185,1171,1179
1186,1187,1188
1189,1183,1180
1190,1186,1188
1190,1188,1191
1192,1189,1180
1192,1180,1184
1192,1170,1148
1192,1184,1170
1193,1189,1192
1193,1194,1195
1193,1183,1189
1193,1195,1196
1193,1196,1183
1197,1190,1191
1198,1197,1191
1199,1185,1179
1200,1201,1202
1203,1204,404
1203,1205,1206
1203,404,405
1203,1207,1204
1203,405,1205
1203,1206,1207
1208,391,393
1208,393,394
1209,1207,1210
1209,1204,1207
1211,1210,1212
1211,1209,1210
1213,1212,1214
1213,1211,1212
1215,1216,1194
1215,1193,1192
1215,1194,1193
1217,1218,1219
1220,1219,1221
1220,1217,1219
1222,1215,1192
1222,1192,1148
1222,1216,1215
1222,1223,1216
1224,1220,1221
1224,1225,1226
1224,1226,1220
1224,1221,1227
1228,1227,1229
1228,1225,1224
1228,1224,1227
1230,1204,1209
1230,1209,1211
1230,1211,1213
1231,1229,1232
1231,1225,1228
1231,1228,1229
1233,1234,588
1233,592,1234
1233,588,587
1233,587,590
1233,590,592
1235,1232,1236
1235,1236,1237
1235,1237,1238
1235,1238,1239
1235,1231,1232
1240,1241,1242
1243,1244,1245
1243,1246,1247
1248,1223,1222
1248,1249,1223
1248,1222,1148
1250,1251,1246
1250,1252,1253
1250,1245,1252
1250,1246,1243
1250,1243,1245
1250,1253,1254
1255,181,178
1255,178,177
1255,182,181
1256,432,684
1256,68,432
1256,684,1241
1256,1241,1240
1257,182,1255
1258,1249,1248
1258,1248,1148
1258,1259,1249
1260,185,182
1260,182,1257
1260,187,185
1261,591,590
1261,1262,595
1261,595,591
1263,1264,1234
1263,1234,592
1265,1262,1261
1266,1263,592
1266,592,591
1266,594,1267
1266,1267,1268
1266,595,594
1266,591,595
1269,1270,1271
1269,1271,1272
1273,1270,1269
1273,1274,1270
1273,1269,1225
1275,1251,1276
1277,1275,1276
1278,416,415
1278,419,416
1279,1277,1276
1279,1276,1280
1279,1280,1281
1282,1275,1277
1283,1282,1277
1284,1279,1281
1285,1262,1286
1285,595,1262
1285,1286,1287
1285,593,595
1285,1288,593
1285,1289,1288
1290,1277,1279
1290,1283,1277
1291,1287,1292
1291,1285,1287
1293,1267,594
1293,1268,1267
1293,594,593
1294,1279,1284
1294,1290,1279
1295,1292,1296
1295,1291,1292
1297,1298,1299
1297,1295,1296
1297,1296,1298
1300,1293,593
1300,593,1288
1300,1288,1289
1301,1302,1303
1301,602,601
1301,601,607
1301,1303,602
1304,625,624
1305,1306,1300
1305,1300,1289
1307,1301,607
1307,607,1308
1309,1304,1310
1309,1310,1311
1309,625,1304
1312,1309,1311
1313,1314,1315
1313,1315,1316
1317,426,1318
1317,429,426
1319,1295,1297
1320,1321,1322
1320,1299,1321
1320,1297,1299
1323,1324,1313
1325,1323,1313
1326,1325,1313
1327,429,1317
1327,431,429
1327,1317,1328
1329,1326,1313
1330,1329,1313
1331,1330,1313
1332,1331,1313
1333,1313,1316
1333,1332,1313
1333,1316,1308
1333,1308,607
1334,1335,624
1334,1320,1322
1334,1322,1335
1334,624,626
1336,1306,1305
1336,1305,1289
1337,1312,1338
1337,1339,629
1337,1338,1340
1337,629,625
1337,625,1309
1337,1309,1312
1341,1342,1343
1341,1344,1345
1341,1345,1342
1341,1346,1347
1348,609,1349
1348,608,609
1348,1349,1350
1351,1339,1337
1351,1340,614
1351,1337,1340
1352,1353,1346
1352,1341,1343
1352,1343,1354
1352,1354,1355
1352,1346,1341
1356,179,180
1356,180,183
1356,612,179
1357,431,1327
1357,1358,431
1357,620,1359
1357,1359,1358
1357,1327,1328
1357,621,620
1360,1361,1362
1360,1363,1364
1360,1364,1365
1360,1362,1363
1360,1366,1367
1360,1368,1366
1369,1360,1365
1370,1360,1369
1371,1360,1370
1372,1360,1371
1372,1368,1360
1373,1336,1319
1374,1375,1353
1374,1353,1352
1374,1355,1376
1374,1352,1355
1377,635,634
1377,638,635
1377,634,1372
1377,1333,607
1377,607,606
1377,610,1378
1377,606,610
1377,1378,638
1379,1378,610
1379,610,608
1379,608,1348
1380,1376,1381
1380,1375,1374
1380,1382,1375
1380,1381,1383
1380,1374,1376
1384,1385,1306
1384,1386,1385
1387,1379,1348
1388,1348,1350
1388,1387,1348
1389,1380,1383
1389,1382,1380
1390,1387,1388
1391,1368,1372
1391,1372,634
1392,1388,1350
1392,1350,1347
1392,1347,1346
1393,1391,634
1394,1390,1388
1394,1388,1392
1395,1389,1383
1395,1396,1382
1395,1382,1389
1397,633,637
1397,637,1398
1397,634,633
1397,1393,634
1399,1397,1398
1400,1401,1396
1400,1396,1395
1400,1402,1401
1400,1395,1383
1403,1404,1405
1403,1373,1404
1403,1336,1373
1403,1306,1336
1406,430,431
1406,620,1407
1406,431,1358
1406,1407,430
1406,1359,620
1406,1358,1359
1408,1306,1403
1408,1386,1384
1408,1384,1306
1409,641,638
1409,638,1378
1410,631,632
1410,632,639
1411,619,627
1411,1412,1413
1411,1413,619
1411,627,1414
1411,1415,1412
1411,1414,1386
1416,1408,1403
1417,1418,1415
1417,1415,1411
1419,1416,1403
1419,1403,1405
1420,654,658
1420,637,636
1420,636,654
1420,1398,637
1420,1421,1422
1420,658,1421
1423,642,641
1423,641,1409
1423,661,642
1423,1409,1424
1423,673,661
1425,620,619
1425,1407,620
1426,1427,1428
1426,1428,1429
1430,1425,619
1430,619,1413
1431,1432,1418
1431,1418,1417
1433,1434,1435
1433,1435,1436
1437,1421,658
1438,673,1423
1438,1439,1440
1438,1424,1439
1438,1423,1424
1441,1430,1413
1441,1413,1412
1442,1408,1416
1443,1444,1445
1443,1445,1427
1443,1427,1426
1446,1447,427
1446,427,423
1446,423,650
1446,1448,1447
1446,1449,1448
1450,1438,1440
1450,673,1438
1450,680,677
1450,677,673
1451,658,659
1451,1445,1444
1451,659,1445
1451,1444,1437
1451,1437,658
1452,1453,1454
1452,1454,1433
1452,1433,1436
1455,1436,646
1455,1452,1436
1455,1453,1452
1456,1457,1458
1456,1458,1432
1456,1431,1442
1456,1432,1431
1459,1460,1461
1459,1462,1460
1463,605,1464
1463,409,605
1463,682,409
1463,1464,1465
1466,1467,1468
1469,1425,1430
1469,1430,1441
1469,1407,1425
1470,1463,1465
1471,1472,1466
1473,1446,650
1473,1449,1446
1473,669,671
1473,1474,1449
1473,650,669
1473,671,1474
1475,692,689
1476,646,645
1476,645,655
1476,1453,1455
1476,1455,646
1477,1445,659
1478,652,427
1478,427,1447
1478,1447,1448
1478,1448,1449
1479,662,666
1479,1477,659
1479,657,662
1479,659,657
1480,1481,1477
1482,1477,1479
1482,1480,1477
1483,1449,1474
1483,1484,1478
1483,1478,1449
1485,1486,1457
1485,1487,1486
1488,1487,1485
1488,1489,1487
1490,1491,1492
1490,1493,1491
1494,687,1495
1494,1495,1489
1494,1496,688
1494,688,687
1494,1489,1488
1494,1488,1496
1497,670,669
1497,1498,670
1499,679,680
1499,680,1493
1499,1493,1490
1500,1501,1484
1500,1483,1474
1500,1484,1483
1500,671,670
1500,1474,671
1502,1454,1453
1503,1498,1497
1503,1504,1498
1503,1497,669
1505,675,678
1505,666,674
1505,678,681
1505,1479,666
1505,674,675
1506,1504,1503
1507,1479,1505
1507,1482,1479
1508,1476,655
1508,655,656
1508,663,667
1508,656,663
1508,1453,1476
1509,1507,1505
1510,1511,1512
1513,1499,1490
1513,1514,1515
1513,1492,1514
1513,1490,1492
1516,682,1517
1516,1517,1518
1516,70,682
1516,1518,1519
1516,71,70
1520,1500,670
1520,1501,1500
1520,670,1498
1521,71,1516
1521,1516,1519
1521,1519,1522
1523,1498,1504
1523,1501,1520
1523,1520,1498
1524,1495,687
1524,1489,1495
1525,1526,1527
1525,1527,1528
1529,1530,1531
1529,1532,1533
1529,699,698
1529,1533,1534
1529,701,699
1529,703,701
1529,1531,1532
1529,698,1535
1536,1499,1513
1537,1523,1504
1537,1538,1539
1537,1504,1538
1537,1501,1523
1540,1525,1528
1541,1524,687
1542,1468,1502
1543,1499,1536
1544,1540,1535
1545,1484,1501
1545,1546,1547
1545,1548,1546
1545,1549,1548
1550,1542,1502
1550,1502,1453
1551,1515,1552
1551,719,1536
1551,1536,1513
1551,1552,1553
1551,1513,1515
1554,1541,687
1554,687,686
1554,686,1555
1556,1524,1541
1557,1553,191
1557,719,1551
1557,191,188
1557,188,719
1557,1551,1553
1558,1556,1541
1559,1554,1555
1560,698,697
1560,1535,698
1560,1544,1535
1561,1521,1522
1561,71,1521
1562,1544,1560
1562,1560,697
1563,1541,1554
1563,1558,1541
1564,1563,1554
1564,1554,1559
1565,1529,1534
1565,1534,1566
1565,704,703
1565,703,1529
1565,716,713
1565,717,716
1565,713,704
1567,1468,1542
1568,1562,697
1569,1543,1536
1570,1571,1468
1570,1468,1567
1572,1549,1545
1572,1545,1501
1572,1573,1549
1574,1568,697
1574,1575,1568
1574,726,1576
1574,697,700
1574,700,706
1574,706,726
1577,1578,1579
1577,1539,1578
1577,1537,1539
1580,1572,1501
1580,1573,1572
1580,1581,1573
1582,1567,1542
1582,1542,1550
1582,1550,1583
1582,1583,1584
1585,1586,707
1587,1588,1589
1587,1590,1591
1587,1592,1590
1587,1591,1588
1593,727,742
1593,1569,1536
1593,1536,719
1593,719,727
1594,1595,1576
1594,1576,726
1594,725,729
1594,726,725
1596,1597,1598
1596,1598,1599
1600,1569,1593
1601,1592,1587
1602,1601,1587
1602,729,1601
1602,1594,729
1603,1604,1605
1603,1596,1604
1603,1597,1596
1606,1591,1590
1606,1590,1592
1607,1582,1584
1607,1570,1567
1607,1567,1582
1608,1609,1606
1610,1603,1605
1610,1597,1603
1610,1605,1611
1610,1611,1612
1610,1613,1597
1614,1608,1606
1615,1614,1606
1616,1615,1606
1617,1616,1606
1618,1617,1606
1619,1618,1606
1620,1619,1606
1621,1601,729
1621,1606,1592
1621,1620,1606
1621,1592,1601
1622,1623,1624
1622,1624,1583
1622,1583,1550
1622,1550,1453
1625,736,1626
1627,1610,1612
1628,1623,1622
1628,1622,1453
1629,755,1630
1629,1630,1631
1629,1623,1628
1629,1632,1623
1629,1633,1632
1629,1628,1453
1629,1634,1633
1629,1631,1634
1635,1636,1637
1635,1581,1580
1635,1637,1581
1638,1549,1573
1639,1636,1635
1639,1635,1640
1641,1610,1627
1641,1613,1610
1641,1642,1613
1643,714,721
1643,730,705
1643,705,714
1644,1642,1641
1644,1645,1646
1644,1641,1627
1644,735,1645
1644,1627,735
1644,1646,1642
1647,1573,1581
1647,1638,1573
1648,752,1649
1648,1649,1599
1648,1598,1597
1648,1599,1598
1650,728,732
1650,1621,729
1650,729,728
1650,732,1651
1652,1653,1654
1652,1655,1653
1652,1654,1656
1652,1656,1657
1658,1652,1657
1659,1660,1600
1659,1600,1593
1659,1593,742
1659,742,763
1661,1640,1662
1661,1639,1640
1661,1636,1639
1663,1661,1662
1663,1662,1664
1663,1664,1665
1663,1636,1661
1666,1667,1650
1666,1650,1651
1668,732,730
1668,730,1643
1668,1651,732
1669,1670,1671
1669,1671,723
1669,723,724
1672,1649,752
1672,1665,1649
1673,1667,1666
1673,1651,746
1673,744,1674
1673,1666,1651
1673,745,744
1673,746,745
1675,1668,1643
1676,1675,1643
1676,1643,721
1677,1675,1676
1678,1674,744
1678,1679,1674
1680,1676,721
1680,723,1671
1680,721,723
1681,1672,752
1681,1682,1665
1681,1665,1672
1683,1678,744
1684,1676,1680
1684,1677,1676
1685,1669,1686
1685,1687,1688
1685,1670,1669
1685,1688,1670
1689,1686,1690
1689,1690,1660
1691,1665,1682
1691,1663,1665
1691,1636,1663
1692,1683,744
1692,748,1693
1692,744,743
1692,743,748
1694,1692,1693
1695,1637,1636
1695,1581,1637
1696,1697,1698
1696,1686,1689
1696,1698,1687
1696,1687,1685
1696,1685,1686
1699,1700,1695
1699,1695,1636
1701,1682,1702
1701,1691,1682
1703,1636,1691
1703,1691,1701
1703,1701,1702
1704,752,751
1704,1681,752
1704,1682,1681
1705,1624,1623
1705,1623,1632
1705,1583,1624
1705,1584,1583
1706,1630,755
1706,1631,1630
1706,1632,1633
1706,1584,1705
1706,1633,1634
1706,1705,1632
1706,1634,1631
1707,227,224
1707,1607,1584
1707,228,227
1707,233,228
1707,238,237
1707,237,233
1708,1693,748
1709,749,746
1709,746,1651
1710,1702,1682
1710,1682,1704
1711,766,770
1711,1708,748
1711,748,766
1712,230,1713
1712,1714,1697
1712,1713,1714
1712,1697,1696
1712,761,230
1715,749,1709
1715,750,749
1715,779,774
1715,774,750
1715,1709,1716
1717,1711,770
1718,1715,1716
1718,1719,1720
1718,779,1715
1718,1716,1719
1721,1717,770
1721,1722,1717
1723,1703,1702
1723,1702,1724
1725,1718,1720
1725,1726,1727
1725,779,1718
1725,1727,779
1728,770,769
1728,1721,770
1729,74,73
1729,1700,1730
1731,1728,769
1732,1724,1702
1733,768,772
1733,769,768
1733,772,775
1733,1734,769
1735,1723,1724
1736,1737,1734
1736,1734,1733
1738,1727,1726
1738,1739,778
1738,779,1727
1738,778,779
1740,1730,1735
1741,1735,1724
1741,1740,1735
1741,1742,1740
1741,1743,1742
1741,1724,1732
1744,1738,1726
1745,1707,1584
1745,755,261
1745,261,260
1745,1584,1706
1745,1706,755
1746,1730,1740
1746,1729,1730
1746,75,74
1746,74,1729
1747,1744,1726
1747,1726,1748
1749,212,214
1749,760,759
1749,759,211
1749,216,219
1749,784,760
1749,211,212
1749,214,216
1750,1748,1751
1750,1751,1752
1753,1748,1750
1753,1747,1748
1754,775,777
1754,1733,775
1754,780,781
1754,777,780
1754,781,782
1755,1740,1742
1755,75,1746
1755,1746,1740
1755,76,75
1756,1733,1754
1756,1736,1733
1757,765,783
1757,248,765
1757,257,253
1757,783,785
1757,253,248
1757,786,257
1757,785,786
1758,1756,1754
1759,1758,1754
1760,1759,1754
1761,1744,1747
1761,1747,1753
1761,1739,1738
1761,1738,1744
1762,1761,1753
1762,1753,1750
1763,1761,1762
1764,1750,1752
1764,1762,1750
1764,1752,1765
1766,1763,1762
1767,795,793
1767,1768,1769
1767,797,795
1767,793,792
1770,1764,1765
1771,1766,1762
1772,1771,1762
1772,1762,1764
1773,1770,1765
1773,1765,1774
1775,1770,1773
1775,1772,1764
1775,1764,1770
1776,792,791
1776,1777,792
1776,1778,1777
1779,784,1749
1780,1776,791
1781,1769,1782
1781,799,797
1781,1767,1769
1781,1782,1783
1781,801,799
1781,797,1767
1784,1780,791
1785,271,790
1785,274,271
1785,789,784
1785,790,789
1786,274,1785
1786,784,1779
1786,1785,784
1787,274,1786
1787,1786,1779
1787,275,274
1788,124,802
1788,125,124
1788,802,1789
1790,242,247
1791,1788,1789
1792,1793,1794
1792,1789,1793
1792,1794,1795
1792,1791,1789
1796,125,1788
1796,126,125
1796,127,126
1796,1788,1791
1796,1791,1792
1796,1792,127
1797,252,256
1797,1790,247
1797,247,252
1798,128,127
1798,1792,1795
1798,127,1792
1799,1790,1797
1800,1799,1797
1801,1800,1797
1801,1797,256
1802,256,262
1802,1801,256
1802,803,805
1802,805,810
1802,810,1801
1802,262,803
1803,1799,1800
1803,1800,1801
1803,1801,810
1804,272,273
1804,273,276
1804,807,272
1804,809,807
1805,809,1804
1805,277,279
1805,1804,276
1805,279,282
1805,276,277
1806,131,130
1807,1803,810
1807,1806,1808
1807,1808,1803
1807,810,813
1807,813,811
1809,283,433
1809,282,283
1809,1805,282
1809,808,809
1809,809,1805
1809,433,808
1810,436,69
1810,69,137
1810,819,436
1810,137,819
1811,820,138
1812,820,1811
1812,822,820
1813,2,1814
1813,1814,1815
1816,824,821
1816,821,823
1816,854,824
1817,442,443
1817,446,447
1817,444,445
1817,445,446
1817,448,449
1817,443,444
1817,449,450
1817,447,448
1817,450,451
1818,1815,1814
1819,1816,823
1819,1820,1821
1819,1821,1822
1819,854,1816
1819,1822,854
1823,830,829
1823,1824,830
1825,1826,1827
1828,1819,823
1828,1820,1819
1829,365,366
1829,366,367
1829,368,369
1829,369,370
1829,371,855
1829,370,371
1829,356,357
1829,367,368
1829,357,358
1829,358,359
1829,359,360
1829,360,361
1829,361,362
1829,362,363
1829,363,364
1829,364,365
1830,1820,1828
1830,823,1831
1830,1828,823
1832,1831,1833
1832,1820,1830
1832,1830,1831
1832,1833,1834
1832,1834,1835
1832,1835,1836
1837,865,864
1838,1826,1825
1838,1825,1837
1838,1837,864
1839,863,865
1839,866,863
1839,829,906
1839,1823,829
1839,865,1823
1839,906,866
1840,22,23
1840,867,868
1840,868,869
1840,869,870
1840,870,871
1840,522,22
1840,871,872
1840,872,873
1840,873,874
1840,874,875
1840,875,876
1840,877,878
1840,876,877
1840,23,867
1840,878,879
1841,886,28
1841,1842,886
1841,28,29
1841,29,30
1841,30,887
1843,887,888
1843,1841,887
1844,1843,888
1844,888,889
1845,1846,522
1845,522,1840
1847,43,44
1847,44,45
1847,45,46
1847,889,43
1848,1847,46
1848,46,47
1849,1845,1840
1850,1846,1845
1851,1826,1838
1851,1838,864
1851,864,934
1852,1850,1845
1853,892,891
1853,893,894
1853,894,895
1853,902,919
1853,895,896
1853,896,897
1853,897,898
1853,898,899
1853,899,900
1853,900,901
1853,901,902
1853,891,893
1854,1845,1849
1854,1852,1845
1855,1853,919
1855,892,1853
1856,1826,1851
1857,903,890
1857,1858,903
1859,1858,1857
1860,892,1855
1860,905,892
1861,1858,1859
1862,1858,1861
1863,1864,1865
1863,1866,1864
1867,1868,1869
1870,1867,1869
1871,905,1860
1871,904,905
1872,1871,1860
1873,1860,1855
1873,1872,1860
1874,1869,1875
1874,1870,1869
1876,49,50
1876,1875,49
1877,1873,1855
1877,1855,919
1878,919,903
1878,903,1858
1879,1878,1858
1880,1879,1858
1881,1880,1858
1882,1881,1858
1883,1882,1858
1884,1883,1858
1885,1874,1875
1885,1875,1876
1886,1884,1858
1887,1866,1863
1888,1863,1889
1888,1887,1863
1890,1887,1888
1891,1876,50
1891,50,51
1891,51,52
1891,52,53
1892,1876,1891
1892,1885,1876
1893,1888,1894
1893,1894,1895
1893,1890,1888
1893,1896,1890
1897,1866,1887
1897,1887,1890
1897,1890,1896
1898,1899,1900
1898,1900,1901
1898,1902,1903
1898,1904,1905
1898,1906,1907
1898,1908,1909
1898,1909,1910
1898,1910,1902
1898,1911,1904
1898,1912,1913
1898,1865,1864
1898,1886,1858
1898,1903,1911
1898,1858,1914
1898,1905,1865
1898,1901,1906
1898,1915,1916
1898,1914,1912
1898,1913,1917
1898,1917,1915
1898,1916,1918
1898,1918,1919
1898,1919,1899
1898,1907,1908
1920,1898,1864
1920,1866,1897
1920,1864,1866
1921,1897,1896
1921,1920,1897
1922,1820,1832
1923,1871,1872
1924,1898,1920
1924,1920,1921
1925,1886,1898
1926,1924,1921
1927,1921,1896
1927,1926,1921
1928,963,946
1928,965,964
1928,920,904
1928,966,965
1928,967,966
1928,968,967
1928,969,968
1928,970,969
1928,971,970
1928,946,920
1928,972,971
1928,973,972
1928,974,973
1928,975,974
1928,976,975
1928,1871,1923
1928,904,1871
1928,964,963
1929,1927,1896
1930,1877,919
1931,1856,1851
1931,1851,934
1931,1932,1856
1933,979,1877
1933,980,979
1933,1877,1930
1934,1891,53
1934,1892,1891
1935,1928,1923
1935,976,1928
1935,977,976
1936,977,1935
1937,977,1936
1938,977,1937
1939,977,1938
1940,977,1939
1941,977,1940
1942,977,1941
1943,977,1942
1944,977,1943
1945,977,1944
1946,977,1945
1947,977,1946
1948,977,1947
1949,977,1948
1949,979,978
1950,1892,1934
1951,1952,1953
1954,1950,1934
1955,56,984
1955,53,54
1955,54,55
1955,55,56
1955,984,986
1955,1954,1934
1955,1934,53
1956,1950,1954
1956,1957,1950
1958,1959,1960
1961,948,935
1961,950,951
1961,951,952
1961,953,954
1961,954,955
1961,955,956
1961,952,953
1961,956,957
1961,957,958
1961,958,959
1961,959,960
1961,960,961
1961,961,962
1961,962,981
1961,935,950
1962,980,1963
1962,978,980
1962,1963,1953
1964,934,1965
1964,1932,1931
1964,1931,934
1966,1967,1968
1969,1957,1956
1970,1968,1971
1970,1966,1968
1972,1973,1974
1972,1974,1970
1972,1971,1975
1972,1970,1971
1976,947,948
1976,948,1961
1976,1961,981
1977,1978,1979
1977,1957,1969
1980,1973,1972
1980,1977,1979
1980,1972,1975
1980,1981,1973
1980,1975,1977
1980,1979,1981
1982,1965,934
1982,983,994
1982,866,983
1982,934,866
1983,1984,1985
1983,1985,1986
1983,977,1949
1983,1949,978
1983,1986,982
1983,978,1987
1983,982,977
1988,1989,1990
1991,1974,1973
1991,1973,1981
1991,1990,1974
1992,1988,1990
1992,1990,1991
1993,937,936
1993,936,938
1993,938,939
1993,939,940
1993,940,941
1993,941,942
1993,942,943
1993,943,944
1993,944,945
1993,945,947
1993,907,921
1993,947,1976
1993,1976,999
1993,993,983
1993,921,922
1993,1994,993
1993,922,923
1993,923,924
1993,1995,1994
1993,924,925
1993,1996,1995
1993,925,926
1993,1997,1996
1993,926,927
1993,927,928
1993,928,929
1993,929,930
1993,930,931
1993,931,932
1993,932,933
1993,983,907
1993,933,949
1993,949,937
1998,1977,1969
1998,1978,1977
1999,1981,1979
1999,1991,1981
1999,1992,1991
2000,1982,994
2000,1965,1982
2001,2002,2003
2004,2005,2006
2007,2008,2009
2010,1999,2011
2012,2007,2009
2013,1003,995
2013,2014,1003
2015,2016,2010
2015,2004,2016
2015,2005,2004
2015,2010,2011
2015,2011,2005
2017,2009,2018
2017,2012,2009
2019,992,58
2019,58,59
2019,59,60
2020,2007,2012
2021,1997,1993
2021,999,998
2021,1993,999
2022,2023,2024
2025,2012,2017
2025,2020,2012
2026,2027,2028
2029,2025,2017
2030,1015,1009
2030,533,1015
2031,2026,2028
2032,2033,996
2032,1959,2033
2032,996,534
2032,534,533
2032,533,2030
2034,2021,998
2034,1997,2021
2035,2026,2031
2035,2036,2026
2037,2035,2031
2038,1978,1998
2038,985,988
2038,988,997
2038,997,2039
2038,986,985
2038,1998,986
2040,2041,2042
2040,2043,2044
2040,2044,2041
2040,2042,2045
2046,2040,2045
2047,2046,2045
2048,2047,2045
2048,2045,2049
2050,1979,1978
2050,1999,1979
2050,2011,1999
2051,2000,994
2051,994,993
2052,2049,2053
2052,2048,2049
2054,2038,2039
2054,1978,2038
2055,993,1994
2055,1994,1995
2055,2051,993
2055,1995,1996
2055,1996,1997
2055,1997,2034
2056,1003,2014
2057,1004,1000
2057,2003,2002
2057,1000,2003
2058,1023,1022
2058,2059,2060
2058,2061,2059
2058,2062,2061
2058,1022,2062
2058,2052,2053
2063,2056,2014
2063,2051,2064
2063,2014,2000
2063,2000,2051
2065,1013,1023
2065,2058,2053
2065,1023,2058
2065,1009,1013
2066,2039,997
2066,992,2019
2066,997,992
2067,1056,2050
2067,1978,2054
2067,2050,1978
2068,1004,2057
2069,2066,2019
2069,2019,60
2069,60,61
2070,1006,1008
2070,1008,2071
2072,2050,1056
2072,2011,2050
2073,1007,2011
2073,2011,2072
2073,1017,1007
2074,2075,2055
2076,2074,2055
2077,2063,2064
2077,2056,2063
2078,2076,2055
2079,1035,1034
2079,2056,2077
2079,1027,1003
2079,1039,1038
2079,1003,2056
2079,1034,1027
2079,1038,1035
2080,2066,2069
2081,2073,2072
2081,1017,2073
2081,2072,1056
2082,1008,1005
2082,1005,1014
2082,2071,1008
2083,2084,2085
2083,2085,2082
2086,1004,2068
2086,2068,2087
2088,2067,2054
2088,2054,2039
2088,1057,1056
2088,1056,2067
2089,1017,2081
2089,1056,1055
2089,2081,1056
2089,1029,1017
2090,1042,1040
2090,1044,1042
2090,1047,1044
2090,1039,2079
2090,1051,1047
2090,1052,1051
2090,2079,2077
2090,1040,1039
2090,2077,2064
2091,1052,2090
2091,1053,1052
2091,2090,2064
2092,1053,2091
2092,2091,2064
2093,1054,1053
2093,1053,2092
2093,2092,2064
2094,1023,1013
2094,1028,1023
2094,1013,1011
2095,2083,2082
2095,2082,1014
2095,1014,1016
2095,1016,1020
2096,2089,1055
2096,1029,2089
2096,1055,2097
2098,1054,2093
2098,2093,2064
2099,2098,2064
2100,2098,2099
2101,1060,2098
2101,2098,2100
2102,2095,1020
2102,1020,1024
2102,2103,2095
2102,1024,1029
2104,2102,1029
2105,2104,1029
2106,1022,1021
2106,1021,1025
2106,1025,1028
2107,1029,2096
2107,2096,2097
2107,2108,2105
2107,2105,1029
2109,2110,2111
2112,2106,1028
2113,1054,2098
2113,2098,1060
2114,2112,1028
2115,2101,2116
2115,1061,1060
2115,1060,2101
2115,1062,1061
2115,1065,1062
2117,1054,2113
2117,2113,1060
2117,1058,1054
2117,1060,1058
2118,1065,2115
2118,2115,2116
2118,2116,2109
2119,2120,2103
2121,1055,1057
2122,2123,1090
2124,2125,2126
2127,2097,2128
2127,2107,2097
2127,2108,2107
2129,2128,2097
2129,1055,2121
2129,2124,2126
2129,2097,1055
2129,2121,2124
2130,2123,2119
2130,1091,1090
2130,1090,2123
2131,2122,1090
2131,2132,2122
2133,2131,1090
2133,1090,1089
2133,2134,2131
2133,1089,2134
2135,1087,1070
2135,1070,1069
2135,1069,2136
2137,1087,2135
2138,2134,1089
2139,2127,2128
2139,2108,2127
2140,1087,2137
2140,1086,1087
2141,2142,575
2141,577,578
2141,575,577
2141,578,1095
2143,1073,1092
2143,1092,1108
2143,1075,1073
2144,1091,2130
2144,2130,2108
2145,2140,2146
2145,1086,2140
2145,2147,1086
2148,2108,2139
2148,2144,2108
2149,2150,2126
2149,2125,2151
2149,2126,2125
2152,1086,2147
2152,1084,1086
2153,1088,1084
2153,1084,2152
2153,2152,2147
2154,1076,1075
2154,2143,1108
2154,1075,2143
2154,1108,1107
2155,2146,2156
2157,2154,1107
2157,1076,2154
2158,1093,1077
2158,1077,1076
2158,1076,2157
2159,1104,1103
2159,2138,1089
2160,63,64
2160,64,1147
2161,1088,2153
2161,1092,1088
2161,1108,1092
2162,1147,1146
2162,2160,1147
2163,2164,2165
2166,1091,2144
2166,2144,2148
2166,2148,2167
2168,1093,2158
2168,2157,1107
2168,2158,2157
2169,1089,1091
2170,2171,2172
2170,2147,2171
2173,2147,2170
2174,2129,2126
2174,2126,2150
2174,2128,2129
2175,2173,2170
2176,2177,2178
2179,2168,1107
2179,1097,1093
2179,1093,2168
2180,1091,2166
2180,2169,1091
2181,2169,2180
2182,2169,2181
2183,1089,2169
2183,2169,2182
2183,1104,2159
2183,2159,1089
2184,2180,2166
2184,2167,2185
2184,2166,2167
2186,2162,1146
2187,2188,2175
2189,1107,1116
2189,2179,1107
2190,1114,2191
2192,2182,2181
2192,2185,1158
2192,2181,2180
2192,1158,2182
2192,2184,2185
2192,2180,2184
2193,2190,2191
2194,2189,1116
2194,1097,2179
2194,2179,2189
2195,1136,1135
2195,1135,1117
2195,1125,1127
2195,1137,1136
2195,1127,1137
2195,1096,1097
2195,1117,1096
2196,1109,2197
2198,2197,2199
2198,2196,2197
2200,2182,1158
2200,2183,2182
2200,1104,2183
2201,1085,2202
2201,151,149
2201,149,1085
2201,152,151
2201,155,152
2203,2195,1097
2203,1116,1128
2203,1128,1125
2203,1125,2195
2203,2194,1116
2203,1097,2194
2204,2196,2198
2205,1158,1144
2205,1104,2200
2205,1144,1113
2205,1102,1104
2205,2200,1158
2205,1113,1102
2206,1094,1098
2206,1098,1099
2206,1099,1100
2207,1101,1105
2207,2206,1100
2207,1100,1101
2208,1115,1106
2209,1105,1110
2209,2210,2207
2209,2207,1105
2211,2209,1110
2211,1132,2210
2211,1129,1132
2211,1110,1129
2211,2210,2209
2212,1116,1115
2213,1115,2208
2214,1116,2212
2215,1115,2213
2215,2212,1115
2216,2217,2218
2219,1116,2214
2220,1128,1116
2220,1116,2219
2220,1140,1128
2220,2219,2221
2222,1150,2223
2222,2224,1138
2222,1138,1145
2222,1145,1150
2225,1119,1118
2225,1120,1119
2225,1129,586
2225,1118,1121
2225,586,1122
2225,1122,1120
2225,1121,1143
2226,2227,2174
2226,2174,2150
2228,1146,1170
2228,2186,1146
2229,2230,2231
2229,2231,2232
2229,2233,2234
2229,2235,2233
2229,2234,2230
2236,2235,2229
2236,2237,2235
2238,2237,2236
2239,2240,2223
2239,2241,2240
2239,1150,1149
2239,2223,1150
2242,2237,2238
2243,2241,2239
2243,2239,1149
2244,2237,2242
2245,2246,2247
2248,2228,1170
2248,1170,1184
2248,1184,2249
2250,2251,2237
2250,2237,2244
2252,1130,1129
2252,2253,2254
2252,2255,2253
2252,2254,2256
2252,2257,2258
2252,2258,1130
2252,1129,2225
2252,2256,2257
2259,2251,2250
2260,2243,1149
2260,1163,2261
2260,1149,1163
2262,1158,2185
2263,2251,2259
2263,2264,2251
2265,1140,2266
2265,1142,1140
2267,1142,2265
2268,2269,2261
2268,2270,2269
2271,385,384
2271,388,385
2272,2226,2150
2272,2150,2249
2272,1184,1182
2272,2249,1184
2273,1153,1126
2273,1165,1153
2273,1126,1141
2273,1141,1142
2273,1142,2267
2274,1157,1158
2274,1158,2262
2275,2276,2277
2275,2278,2276
2275,2277,2279
2275,2279,2280
2281,388,2271
2282,2283,2284
2285,2272,1182
2285,2226,2272
2286,2283,2282
2287,1165,2273
2288,2278,2275
2289,388,2281
2289,389,388
2290,1159,1168
2290,1139,1159
2290,1168,1151
2290,1150,1145
2290,1151,1150
2290,1145,1139
2291,2292,2278
2291,2278,2288
2293,2252,2225
2293,1143,1154
2293,2255,2252
2293,2225,1143
2294,2292,2291
2295,389,2289
2296,2297,2292
2296,2292,2294
2298,1156,1164
2298,1154,1155
2298,2293,1154
2298,2299,2293
2298,1155,1156
2298,2300,2299
2301,2297,2296
2302,389,2295
2302,390,389
2303,2297,2301
2304,390,2302
2305,2300,2298
2306,2274,2262
2306,2262,2307
2308,2297,2303
2309,392,390
2309,390,2304
2310,2311,1161
2310,2274,2306
2310,1157,2274
2310,1161,1157
2310,2306,2311
2312,2254,2253
2312,2253,2255
2312,2256,2254
2312,2313,2314
2312,2258,2257
2312,1130,2258
2312,1131,1130
2312,2257,2256
2315,401,400
2315,392,2309
2315,400,402
2315,402,392
2315,2279,2277
2315,2280,2279
2316,2306,2307
2316,2311,2306
2317,65,1172
2317,1172,1148
2317,1148,1147
2317,64,65
2317,1147,64
2318,2319,2320
2318,2320,2321
2322,2318,2321
2322,2321,2323
2324,2322,2323
2325,2323,2326
2325,2324,2323
2325,2284,2283
2325,2326,2284
2325,2327,2328
2325,2283,2327
2329,1151,1171
2329,2330,1166
2329,1166,1151
2331,2332,1178
2333,2334,2335
2333,2336,2337
2333,2337,2338
2333,2312,2255
2333,2339,2334
2333,2255,2340
2333,2313,2312
2333,2340,2336
2333,2335,2341
2333,2342,2339
2333,2341,2313
2343,2344,2342
2343,2342,2333
2345,2346,2344
2345,2344,2343
2347,2346,2345
2348,2349,2350
2348,2351,2349
2348,2352,2353
2348,2354,2352
2348,2353,2346
2348,2355,2354
2348,2346,2347
2348,2356,2355
2348,2357,2356
2348,2350,2357
2358,2329,1171
2358,2330,2329
2359,2330,2358
2359,1178,2332
2359,2332,2330
2360,2361,2362
2363,2331,1178
2364,2360,2314
2365,2364,2314
2366,2363,1178
2366,1178,1177
2367,2359,2358
2367,2358,1171
2368,2363,2366
2369,2285,1182
2369,2316,2285
2369,2311,2316
2369,1182,1181
2369,1181,2370
2369,2370,2371
2369,2371,2311
2372,2359,2367
2372,1176,1178
2372,1178,2359
2373,2335,2334
2373,2365,2314
2373,2314,2313
2373,2341,2335
2373,2313,2341
2374,2372,2367
2375,2376,2368
2377,2365,2373
2378,2379,2380
2378,2328,2381
2378,2325,2328
2378,2381,2379
2382,2373,2334
2382,2342,2344
2382,2334,2339
2382,2344,2346
2382,1186,2377
2382,2377,2373
2382,2339,2342
2383,1206,1205
2384,2350,2349
2384,2349,2351
2384,2351,1187
2384,1186,2382
2384,2382,2346
2384,1187,1186
2384,2353,2352
2384,2352,2354
2384,2346,2353
2384,2354,2355
2384,2355,2356
2384,2356,2357
2384,2357,2350
2385,2380,2386
2385,2387,2378
2385,2378,2380
2388,1161,2311
2389,2367,1171
2389,2374,2367
2389,1171,1185
2390,1210,1207
2390,1206,2383
2390,1207,1206
2391,2392,1202
2391,1202,1201
2393,2386,2391
2393,2385,2386
2393,2387,2385
2394,1176,2372
2394,2372,2374
2394,2374,2389
2395,2377,1186
2396,148,150
2396,139,143
2396,171,169
2396,143,144
2396,147,148
2396,164,139
2396,150,1174
2396,169,164
2396,144,147
2397,2398,1198
2397,1198,1191
2399,1174,1175
2399,1175,160
2399,2400,2401
2399,160,391
2399,391,1208
2399,1208,2400
2402,1176,2394
2403,1200,1202
2404,1176,2402
2405,1185,1199
2405,2389,1185
2405,2394,2389
2406,2402,2394
2406,2394,2405
2407,2408,2387
2407,2391,1201
2407,2393,2391
2407,2387,2393
2409,1179,2388
2409,2311,2371
2409,2388,2311
2410,1200,2403
2411,2412,2413
2414,387,386
2414,1208,394
2414,394,387
2415,2406,2405
2416,1214,1212
2416,2417,1214
2416,1210,2390
2416,1212,1210
2418,2414,386
2419,1199,1179
2420,1198,2398
2421,2417,2416
2422,2418,386
2422,386,395
2423,2424,2417
2423,2417,2421
2425,1221,1219
2425,2426,1221
2427,2425,1219
2428,1200,2410
2428,2429,2430
2428,2410,2431
2428,2431,2429
2432,1179,2409
2432,2419,1179
2433,2420,2434
2433,2435,2436
2437,2407,1201
2437,1201,1200
2437,2408,2407
2438,2415,2405
2438,2405,1199
2439,2438,1199
2439,1199,2419
2440,1200,2428
2440,2437,1200
2441,2426,2411
2442,1173,1172
2442,2443,1240
2442,1172,2443
2442,1240,1242
2442,1242,1173
2444,1229,1227
2444,1236,1232
2444,1232,1229
2444,1237,1236
2444,1221,2426
2444,1238,1237
2444,2426,2441
2444,1239,1238
2444,2441,2445
2444,2445,2446
2444,1227,1221
2447,1256,1240
2447,68,1256
2447,67,68
2448,2444,2446
2449,2444,2448
2450,2432,2451
2450,2419,2432
2450,2452,2439
2450,2439,2419
2450,2451,2452
2453,1239,2444
2453,2444,2449
2454,2440,2455
2454,2437,2440
2454,2408,2437
2456,1245,1244
2457,2415,2438
2458,2435,2459
2460,2461,2462
2460,2462,2463
2460,2463,2464
2465,2459,2466
2465,2458,2459
2467,1217,1220
2467,1220,1226
2467,2468,2469
2467,1226,2468
2467,2460,2464
2470,2408,2454
2470,2456,2408
2470,1245,2456
2470,1253,1252
2470,1252,1245
2470,1254,1253
2471,2458,2465
2472,2471,2465
2473,1230,1213
2473,1214,2417
2473,1213,1214
2474,2400,1208
2475,2476,2477
2478,2424,2479
2478,2473,2417
2478,1230,2473
2478,2417,2424
2480,2476,2475
2481,2482,2476
2483,2484,1254
2483,2470,2454
2483,1254,2470
2483,2454,2455
2483,2455,2485
2486,404,1204
2486,1261,590
2486,1265,1261
2486,1204,1230
2486,590,404
2487,588,1234
2487,1234,1264
2487,589,588
2487,399,589
2488,1239,2453
2489,2452,2490
2491,2492,2493
2491,2493,2494
2495,2492,2491
2495,2491,2496
2497,2492,2495
2497,2495,2496
2498,2457,2489
2499,2500,2492
2499,2496,2501
2499,2502,2503
2499,2501,2502
2499,2497,2496
2499,2492,2497
2504,2499,2503
2505,1243,1247
2505,1244,1243
2505,1247,2506
2505,2507,2508
2505,2506,2507
2509,2510,2511
2509,2512,2510
2513,1181,1183
2513,2370,1181
2514,1239,2488
2515,2493,2492
2515,2494,2493
2516,2515,2492
2517,2518,2519
2517,2519,2520
2517,2521,2494
2517,2522,2523
2517,2520,2522
2517,2523,2521
2517,2494,2515
2524,2516,2492
2525,1257,1255
2525,1260,1257
2526,2517,2515
2527,1226,1225
2527,2468,1226
2527,1225,1269
2528,2526,2515
2528,2515,2516
2529,2492,2500
2529,2524,2492
2530,2525,2531
2530,1260,2525
2532,2533,2498
2532,2534,2533
2532,2489,2490
2532,2498,2489
2535,2533,2534
2535,2488,2533
2535,2514,2488
2536,2484,2483
2536,2485,2518
2536,2518,2517
2536,2483,2485
2537,2538,2539
2537,2511,2510
2537,2539,2540
2541,2516,2524
2541,2528,2516
2541,2524,2529
2542,2535,2534
2542,2514,2535
2543,2541,2529
2544,2543,2529
2545,2527,1269
2546,415,187
2546,1260,2530
2546,187,1260
2546,1278,415
2546,2531,2547
2546,2547,1278
2546,2530,2531
2548,2529,2549
2548,2544,2529
2550,2526,2528
2550,2517,2526
2551,2550,2528
2551,2528,2541
2552,2551,2541
2553,2548,2549
2554,2552,2541
2555,1265,2486
2555,2486,1230
2556,2514,2542
2557,2537,2510
2557,2545,1269
2557,2558,2538
2557,2538,2537
2557,1269,1272
2557,1272,2558
2557,2510,2545
2559,1230,2478
2559,1296,1292
2559,2555,1230
2560,2484,2536
2561,1258,1148
2561,1148,1173
2561,1173,1242
2562,2506,1247
2562,1251,1275
2562,1246,1251
2562,1247,1246
2563,2564,2565
2566,2539,2538
2566,2538,2558
2567,2565,2566
2567,2563,2565
2568,2556,2542
2569,2513,1183
2569,1183,1196
2570,1286,1262
2570,1292,1287
2570,2559,1292
2570,2555,2559
2570,1262,1265
2570,1287,1286
2570,1265,2555
2571,2572,2573
2574,2558,1272
2574,1272,1271
2574,2567,2566
2574,2566,2558
2575,2556,2568
2576,2577,2567
2576,2567,2574
2578,2490,2452
2579,2576,2574
2580,2571,2573
2581,2575,2568
2582,2578,2452
2582,2452,2451
2583,2584,2585
2583,2586,2584
2587,2451,2588
2587,2582,2451
2587,2589,2582
2590,2513,2569
2590,2588,2513
2591,2588,2590
2591,2587,2588
2592,2542,2534
2592,2534,2593
2592,2581,2568
2592,2568,2542
2594,599,1284
2594,1284,1281
2594,1281,2595
2594,2595,2596
2597,1271,1270
2597,2579,2574
2597,2574,1271
2598,2597,1270
2598,1270,1274
2598,1274,2599
2600,2581,2592
2601,1344,2598
2601,2598,2599
2602,419,1278
2602,422,419
2603,2582,2589
2603,2578,2582
2604,1289,1285
2604,1336,1289
2604,1291,1295
2604,1295,1319
2604,1319,1336
2604,1285,1291
2605,2598,1344
2605,2597,2598
2606,2590,2569
2606,2607,2608
2606,2591,2590
2609,1294,1284
2609,1284,599
2610,2578,2603
2610,2490,2578
2611,2606,2608
2611,2591,2606
2611,2589,2587
2611,2587,2591
2612,1310,1304
2613,2614,598
2613,598,2615
2616,1294,2609
2617,1283,1290
2617,1290,1294
2617,1294,2616
2618,2616,2609
2619,603,602
2619,602,1303
2620,1344,2601
2620,2601,2599
2621,1282,1283
2621,1283,2617
2621,2617,2622
2621,1311,1310
2621,2623,1282
2621,1310,2623
2624,2625,2626
2624,2626,1302
2627,2626,2628
2627,1303,1302
2627,1302,2626
2627,2628,1303
2629,598,2614
2629,600,598
2630,609,603
2630,2619,2631
2630,603,2619
2632,2633,2634
2632,2635,2636
2632,2637,2638
2632,2636,2637
2632,2639,2635
2640,1345,1344
2640,1344,2620
2641,2629,2642
2641,600,2629
2641,2643,600
2644,1345,2640
2645,1435,1434
2645,646,1436
2645,1259,1258
2645,1258,2561
2645,1434,1259
2645,1436,1435
2646,2592,2593
2646,2600,2592
2646,2593,2647
2648,2624,1302
2648,2639,2624
2648,2635,2639
2648,1302,1301
2649,2638,2637
2649,2650,2638
2651,2636,2635
2651,2637,2636
2651,2649,2637
2651,2652,2649
2653,2600,2646
2654,624,1335
2654,2612,1304
2654,2655,2612
2654,1322,1321
2654,1304,624
2654,1335,1322
2656,600,2643
2656,2643,2657
2658,2659,2660
2658,2661,2659
2658,2662,2661
2658,2663,2662
2658,2652,2651
2658,2664,2663
2658,2660,2652
2665,596,600
2665,600,2656
2666,2665,2656
2666,2656,2667
2668,2666,2667
2668,2667,2669
2670,2658,2651
2670,2648,1301
2670,1314,2664
2670,2651,2635
2670,1315,1314
2670,1316,1315
2670,2635,2648
2670,1308,1316
2670,1301,1307
2670,2664,2658
2670,1307,1308
2671,2668,2669
2672,1223,1249
2672,1216,1223
2672,1249,1259
2673,426,425
2673,1318,426
2674,2593,2610
2674,2610,2603
2674,2603,2589
2675,2676,2677
2678,2621,2622
2678,1338,1312
2678,1312,1311
2678,1311,2621
2679,1343,1342
2679,1342,1345
2679,2680,2681
2679,2644,2680
2679,1345,2644
2682,1300,1306
2682,1293,1300
2682,1306,1385
2682,2683,1293
2684,2685,2677
2684,2686,2685
2684,2677,2676
2687,1341,1347
2687,2630,2605
2687,1344,1341
2687,1349,609
2687,2605,1344
2687,1347,1350
2687,609,2630
2687,1350,1349
2688,2679,2681
2688,1376,1355
2688,1343,2679
2688,1354,1343
2688,1355,1354
2689,1381,1376
2689,1376,2688
2689,1383,1381
2689,2688,2681
2690,2622,2686
2690,2686,2684
2690,2691,2622
2692,2683,2682
2692,2682,1385
2693,1340,1338
2693,1338,2678
2694,1467,2589
2694,2611,2608
2694,2589,2611
2695,2691,2690
2695,2696,2691
2697,1329,1330
2697,1326,1329
2698,2695,2699
2698,2696,2695
2700,1330,1331
2700,1331,1332
2700,2697,1330
2700,2701,2697
2702,1333,1377
2702,1332,1333
2702,1377,2701
2702,2700,1332
2702,2701,2700
2703,2704,2697
2703,2697,2701
2705,2706,615
2705,1340,2693
2705,614,1340
2705,2693,2706
2705,615,614
2707,2698,2699
2708,2593,2674
2708,2709,2647
2708,2647,2593
2710,1297,1320
2710,1319,1297
2710,1320,1334
2710,1334,626
2711,617,615
2712,2703,2701
2712,1365,1364
2712,2713,2703
2712,1369,1365
2714,1369,2712
2714,1370,1369
2714,1371,1370
2714,2712,2701
2715,1377,1372
2715,1372,1371
2715,1371,2714
2715,2714,2701
2715,2701,1377
2716,1400,1383
2716,2689,2653
2716,1383,2689
2716,2653,2646
2717,617,2711
2717,2711,2718
2717,2719,617
2717,2720,2719
2721,1356,183
2721,183,184
2722,2720,2717
2722,2717,2718
2722,2718,2723
2724,2716,2646
2724,2646,2647
2724,1400,2716
2725,617,2719
2726,2720,2722
2727,184,186
2727,418,414
2727,2721,184
2727,186,418
2728,2692,1385
2728,618,621
2728,627,622
2728,1414,627
2728,622,618
2729,1351,614
2729,2730,1339
2729,2731,2730
2729,1339,1351
2732,616,617
2732,2733,616
2732,617,2725
2732,2725,2734
2735,2728,1385
2735,1414,2728
2736,2735,1385
2736,1414,2735
2736,1385,1386
2736,1386,1414
2737,2738,2739
2737,2740,2741
2737,2739,2740
2737,2741,2742
2737,2742,2743
2737,2743,2744
2745,616,2733
2745,2746,616
2747,2748,2749
2747,2749,2750
2751,2738,2737
2751,2748,2747
2751,2752,2748
2751,2747,2738
2751,2753,2752
2754,2749,2748
2754,2748,2752
2754,2752,2753
2755,2756,2754
2757,2737,2744
2757,1393,1397
2757,2751,2737
2757,2753,2751
2757,2744,1367
2757,1367,1366
2757,1366,1368
2757,1368,1391
2757,1391,1393
2758,2759,2760
2761,2754,2753
2762,2761,2753
2762,2757,1397
2762,1397,1399
2762,2753,2757
2763,623,631
2763,2710,626
2763,2764,2710
2763,626,623
2765,2761,2762
2765,2762,1399
2766,2767,2768
2769,2770,2672
2771,2765,1399
2771,2772,2765
2773,1404,2764
2773,2764,2763
2774,2771,1399
2774,1399,1398
2774,1398,2775
2774,2775,2771
2776,1468,1467
2776,2694,2608
2776,1467,2694
2777,1409,1378
2777,1387,1390
2777,1440,1439
2777,1379,1387
2777,1394,2778
2777,1424,1409
2777,1390,1394
2777,1439,1424
2777,1378,1379
2777,2778,1440
2779,1466,1472
2779,1467,1466
2779,2589,1467
2779,1472,2780
2781,2763,631
2781,2773,2763
2781,1410,2782
2781,631,1410
2783,2773,2781
2783,2781,2782
2783,1404,2773
2784,2775,1398
2784,2785,2775
2784,1398,1420
2784,1420,1422
2786,2787,2788
2789,2786,2790
2791,414,413
2791,413,651
2791,2727,414
2792,1408,1442
2792,1386,1408
2792,1431,1417
2792,1442,1431
2792,1411,1386
2792,1417,1411
2793,1405,1404
2793,1404,2783
2793,2783,2782
2794,1353,1375
2794,1392,1346
2794,1375,1382
2794,2778,1394
2794,1346,1353
2794,1394,1392
2795,2796,2787
2795,2787,2797
2798,1421,1437
2798,2799,1421
2800,643,2801
2800,639,643
2800,1410,639
2802,2803,2804
2802,2804,2805
2806,2807,2808
2806,2809,2807
2810,2801,2811
2810,2800,2801
2812,1410,2800
2813,1444,1443
2813,1437,1444
2813,1443,1426
2813,2798,1437
2814,1426,1429
2814,2815,2816
2814,2817,1426
2814,2818,2815
2814,1429,2818
2819,1410,2812
2819,2820,2782
2819,2782,1410
2821,2820,2822
2821,2782,2820
2823,1419,1405
2824,2820,2819
2825,1405,2793
2825,1475,2823
2825,2782,2821
2825,2823,1405
2825,2821,2822
2825,2793,2782
2826,2823,1475
2826,1419,2823
2827,2778,2794
2828,2820,2824
2828,2824,2829
2830,2820,2828
2830,2822,2820
2831,680,1450
2831,1450,1440
2831,2778,2827
2831,1493,680
2831,1440,2778
2832,2830,2828
2833,2834,1427
2833,1445,1477
2833,1427,1445
2835,1441,1412
2835,1469,1441
2835,1412,1415
2836,1419,2826
2837,1419,2836
2838,2839,1459
2838,1459,2791
2838,2791,651
2840,2836,2826
2840,1475,689
2840,2826,1475
2841,1465,2842
2841,1461,1460
2841,1470,1465
2841,2842,2843
2841,2843,1461
2844,1493,2831
2844,1492,1491
2844,1491,1493
2844,2831,2827
2845,2835,1415
2845,1418,1432
2845,1415,1418
2845,1469,2835
2846,1456,1442
2846,1457,1456
2846,1485,1457
2847,2822,2848
2847,2825,2822
2847,1475,2825
2849,2833,1477
2850,2851,2852
2853,1488,1485
2853,1485,2846
2853,1496,1488
2854,2855,2856
2854,2856,2857
2854,2857,2858
2854,2858,2859
2854,2859,2852
2860,2850,2849
2860,1477,1481
2860,2851,2850
2860,2849,1477
2860,1481,2851
2861,1506,1503
2861,1407,1469
2861,1503,669
2861,669,430
2861,430,1407
2862,1496,2853
2862,2840,689
2862,2853,2837
2862,688,1496
2862,2837,2836
2862,2836,2840
2862,689,688
2863,2864,2854
2865,2863,2854
2866,2865,2854
2867,2866,2854
2868,2854,2852
2868,2852,2851
2868,2867,2854
2869,2848,2822
2870,1459,2839
2870,1511,1462
2870,1462,1459
2871,2847,2848
2871,1475,2847
2872,1463,1470
2872,682,1463
2873,2709,2780
2874,1517,682
2874,2872,1470
2874,1518,1517
2874,682,2872
2874,1519,1518
2874,1470,2841
2875,1475,2871
2876,2869,2877
2876,2848,2869
2878,2848,2876
2878,2871,2848
2879,695,693
2879,1475,2875
2879,692,1475
2879,693,692
2880,2878,2876
2881,1468,1571
2881,1466,1468
2881,1471,1466
2882,2883,2884
2882,2885,2886
2882,2887,2888
2882,2888,2889
2882,2890,2891
2882,2886,2890
2882,2884,2885
2892,2882,2889
2893,1481,1480
2893,2851,1481
2893,1480,1482
2893,2868,2851
2894,2882,2892
2895,2883,2882
2895,2882,2894
2895,2896,2883
2895,1530,2896
2897,2898,2899
2897,695,2879
2897,2899,695
2900,1482,1507
2900,1507,2901
2900,2893,1482
2902,1506,2861
2902,2861,1469
2903,2898,2897
2904,2905,2893
2904,2893,2900
2904,2900,2901
2906,2902,1469
2906,1469,2845
2906,1579,1578
2907,1499,1543
2907,676,679
2907,681,676
2907,679,1499
2908,2881,1571
2908,1471,2881
2909,2884,2883
2909,2886,2885
2909,2910,2891
2909,2891,2890
2909,2890,2886
2909,2885,2884
2909,2883,2896
2911,1531,1530
2911,1533,1532
2911,1532,1531
2911,1530,2895
2911,2905,2904
2912,1478,1484
2912,1545,1547
2912,1484,1545
2913,681,2907
2913,1505,681
2913,1509,1505
2914,2909,2896
2914,2896,1530
2915,2913,2907
2915,2907,1543
2916,1512,2917
2916,2918,1510
2916,1510,1512
2919,1487,1489
2919,1489,1524
2919,1524,1556
2919,1556,2920
2921,2922,2923
2921,2924,2922
2925,1533,2911
2925,2904,2901
2925,1534,1533
2925,2901,1534
2925,2911,2904
2926,2906,1578
2926,1539,1538
2926,1504,1506
2926,1506,2902
2926,1538,1504
2926,1578,1539
2926,2902,2906
2927,2913,2915
2927,2915,1543
2928,2929,2930
2928,1526,1525
2928,2930,2931
2928,2931,1526
2932,2933,2934
2935,2936,2933
2937,2928,1525
2938,2939,1509
2938,1509,2913
2938,2913,2927
2940,1509,2939
2940,1534,2901
2940,1566,1534
2940,2939,1566
2940,2901,1507
2940,1507,1509
2941,2942,2943
2941,2944,2942
2945,210,209
2945,2908,1571
2946,1544,1562
2946,1525,1540
2946,1540,1544
2947,2916,2948
2947,1547,1546
2949,2950,2951
2952,1562,1568
2952,2946,1562
2952,1568,2953
2954,2955,2956
2954,1555,2955
2954,710,1559
2954,1559,1555
2957,1569,1600
2957,2927,1543
2957,1543,1569
2957,2938,2927
2958,2959,2960
2961,1576,2962
2961,1575,1574
2961,1574,1576
2961,2962,2963
2964,1564,1559
2964,1559,710
2964,710,707
2965,1564,2964
2966,2967,2968
2966,2920,1604
2966,1599,2967
2966,1596,1599
2966,1604,1596
2969,2970,709
2969,709,2971
2972,2938,2957
2972,2939,2938
2972,2957,1600
2973,1564,2965
2974,1564,2973
2974,1558,1563
2974,1563,1564
2975,2976,2977
2978,2965,2964
2978,2964,707
2978,2973,2965
2978,707,1586
2979,1577,1579
2979,1579,2980
2979,2980,2981
2982,1566,2939
2983,755,1629
2983,1629,1453
2984,1537,1577
2984,1501,1537
2984,1580,1501
2984,1640,1635
2984,1635,1580
2985,1556,1558
2985,2974,2986
2985,1604,2920
2985,1605,1604
2985,1558,2974
2985,2920,1556
2987,2988,2989
2987,2989,1595
2990,2945,1571
2990,210,2945
2990,213,210
2990,215,213
2991,1576,1595
2991,2962,1576
2991,2989,2962
2991,1595,2989
2992,709,2970
2992,711,709
2993,2994,2995
2993,2996,2997
2993,2998,2996
2993,2995,2998
2993,2999,3000
3001,3002,711
3001,2992,3003
3001,711,2992
3004,1595,1594
3004,1602,1587
3004,1594,1602
3004,2987,1595
3004,2995,2994
3004,1587,2995
3004,2994,2987
3005,3006,2997
3005,2997,2996
3005,2996,2998
3005,2998,2995
3007,2939,2972
3007,2982,2939
3008,1565,1566
3008,717,1565
3008,1566,2982
3009,1571,1570
3009,217,215
3009,2990,1571
3009,215,2990
3010,3007,1690
3010,2982,3007
3010,3008,2982
3011,711,3002
3011,3002,3012
3013,1589,3014
3013,1587,1589
3013,3005,2995
3013,2995,1587
3015,3007,2972
3015,1600,1660
3015,1690,3007
3015,2972,1600
3015,1660,1690
3016,3014,3017
3016,3013,3014
3016,3017,3018
3019,711,3011
3019,707,711
3020,3011,3021
3020,3019,3011
3022,3021,3023
3022,3020,3021
3024,3022,3023
3025,3026,3027
3028,1611,1605
3028,1612,1611
3028,1605,2985
3028,2985,2986
3029,1585,3027
3029,1586,1585
3030,3027,3026
3030,3029,3027
3031,1662,1640
3031,2984,1577
3031,1664,1662
3031,1640,2984
3031,1577,2979
3032,3008,3010
3032,3010,1690
3033,2986,3029
3034,1686,1669
3034,1690,1686
3034,717,3008
3034,724,722
3034,1669,724
3034,722,717
3034,3032,1690
3034,3008,3032
3035,2986,3033
3035,1625,1626
3036,1627,1612
3036,1612,3028
3037,1626,736
3038,1615,1616
3038,1616,1617
3039,1625,3035
3039,3035,3040
3039,3040,3041
3042,3038,1617
3042,1617,1618
3042,1618,1619
3042,1667,3038
3043,1650,1667
3043,1667,3042
3043,3042,1619
3043,1621,1650
3043,1619,1620
3043,1620,1621
3044,3045,3038
3044,3038,1667
3046,1627,3036
3046,3037,736
3046,3036,3037
3046,736,735
3046,735,1627
3047,3039,3041
3048,739,736
3049,1657,1656
3049,1658,1657
3049,3044,1667
3049,3050,3044
3051,3049,1667
3051,3052,1658
3051,1658,3049
3051,3053,3052
3054,3055,3053
3054,1674,3055
3054,3053,3051
3054,1667,1673
3054,3051,1667
3054,1673,1674
3056,3057,3058
3056,739,3048
3056,3048,3059
3056,3058,739
3060,1638,1647
3060,3061,3062
3063,3056,3059
3063,3059,3064
3065,3064,3066
3065,3063,3064
3067,739,3058
3068,3069,738
3068,3067,3070
3068,739,3067
3068,738,739
3071,3072,3073
3071,3073,3074
3071,1679,3075
3071,3075,3072
3071,1652,1658
3071,1658,3052
3071,3052,3053
3071,3053,3055
3071,3055,1674
3071,1674,1679
3076,3077,3078
3076,3079,3077
3076,3078,3080
3076,3081,3079
3076,3080,3074
3076,3074,3073
3082,738,3069
3082,3083,738
3084,3085,3086
3084,3086,3087
3088,3081,3076
3088,3085,3084
3088,3089,3085
3088,3090,3089
3088,3084,3081
3091,3087,3086
3092,3086,3085
3092,3085,3089
3092,3089,3090
3092,3091,3086
3093,3094,3091
3093,3091,3092
3093,3095,3094
3096,3088,3076
3096,1678,1683
3096,3073,3072
3096,1683,1692
3096,3075,1679
3096,3072,3075
3096,3076,3073
3096,1679,1678
3096,3090,3088
3097,3098,3099
3100,2977,3101
3100,72,71
3102,3092,3090
3103,1692,1694
3103,3096,1692
3103,3090,3096
3103,3102,3090
3104,3102,3103
3104,3103,1694
3105,3106,3104
3105,3104,1694
3107,3108,3105
3107,3105,1694
3107,1693,3108
3107,1694,1693
3109,1668,1675
3109,1720,1719
3109,1677,1684
3109,3110,1720
3109,1684,3110
3109,1716,1709
3109,1709,1651
3109,1675,1677
3109,1651,1668
3109,1719,1716
3111,3112,3113
3114,3111,3113
3115,3114,3113
3116,3115,3113
3117,3116,3113
3118,1699,1636
3118,1636,1703
3119,3117,3113
3120,1695,1700
3120,1700,1729
3121,3108,1693
3121,1693,1708
3121,3113,3108
3121,3119,3113
3122,3120,1729
3123,1688,1687
3123,1670,1688
3124,761,1712
3124,1689,1660
3124,1696,1689
3124,1660,1659
3124,1659,763
3124,1712,1696
3124,763,761
3125,1684,1680
3125,1671,1670
3125,3110,1684
3125,1680,1671
3125,1670,3123
3126,3127,3128
3129,3126,3128
3130,3131,3132
3130,3132,3133
3130,3129,3128
3130,3133,3134
3130,3135,3136
3130,3128,3135
3130,3136,3131
3130,3137,3129
3138,751,3139
3138,1704,751
3140,1711,1717
3140,3130,3134
3140,3134,3141
3140,3137,3130
3142,1710,1704
3143,1704,3138
3143,3142,1704
3144,3138,3139
3144,3143,3138
3145,3146,3137
3145,1717,1722
3145,3140,1717
3145,3137,3140
3147,1710,3142
3147,3142,3143
3148,1729,73
3148,3122,1729
3148,73,72
3149,1710,3147
3149,3150,1710
3151,3152,1722
3153,1710,3150
3153,3150,3154
3153,1702,1710
3155,1728,1731
3155,1721,1728
3155,3156,3157
3155,1731,3158
3155,3157,3152
3155,3152,3151
3155,3151,1722
3155,1722,1721
3159,1723,1735
3159,1735,1730
3159,1700,1699
3159,1699,3118
3159,1730,1700
3160,3150,3149
3161,3153,3154
3161,1702,3153
3161,1732,1702
3162,3110,3125
3163,3150,3160
3164,3158,1731
3165,3150,3163
3165,3154,3150
3166,1725,1720
3166,1726,1725
3166,1720,3110
3166,1748,1726
3166,3110,3162
3167,1731,769
3167,769,1734
3167,3164,1731
3168,3167,1734
3169,3166,3162
3169,1748,3166
3169,1751,1748
3169,1752,1751
3170,3161,3154
3170,1732,3161
3171,1737,3172
3171,1734,1737
3171,3173,3168
3171,3172,3173
3171,3168,1734
3174,3175,3176
3177,3170,3154
3177,3178,3170
3179,3177,3154
3180,1732,3170
3180,3170,3178
3181,1741,1732
3182,1732,3180
3182,3181,1732
3183,3180,3178
3183,3178,3177
3184,3180,3183
3184,3182,3180
3185,3184,3183
3186,238,1707
3186,255,251
3186,1707,1745
3186,260,255
3186,1745,260
3186,245,238
3186,251,246
3186,246,245
3187,1741,3181
3187,3181,3182
3188,1737,1736
3188,1756,3189
3188,1736,1756
3190,1743,1741
3190,1741,3187
3191,3192,3193
3194,3193,3195
3194,3195,3196
3194,3191,3193
3197,1739,1761
3197,778,1739
3197,782,778
3198,3188,3189
3199,3190,3187
3199,3200,1743
3199,1743,3190
3201,3189,1769
3201,1769,1768
3201,1768,3202
3201,3198,3189
3203,782,3197
3203,1754,782
3203,1760,1754
3204,3203,3197
3204,1760,3203
3204,3197,1761
3204,1761,1763
3205,3206,3202
3205,1768,1767
3205,3202,1768
3207,3206,3205
3207,3205,1767
3208,1767,792
3208,1777,3209
3208,3207,1767
3208,792,1777
3210,1782,1769
3210,1756,1758
3210,1769,3189
3210,3189,1756
3210,1783,1782
3210,3211,1783
3210,1759,1760
3210,1760,3211
3210,1758,1759
3212,3213,3214
3215,3212,3214
3216,3215,3214
3217,3211,1760
3217,1760,3204
3218,3216,3214
3219,3218,3214
3220,3219,3214
3221,3220,3214
3222,3221,3214
3223,3222,3214
3223,1778,3222
3224,3223,3214
3224,1778,3223
3225,3224,3214
3225,1778,3224
3226,3225,3214
3226,1778,3225
3227,3226,3214
3227,1778,3226
3228,3227,3214
3228,1778,3227
3229,3228,3214
3229,1778,3228
3230,3229,3214
3230,1778,3229
3231,3230,3214
3231,1778,3230
3231,1777,1778
3232,1763,1766
3232,3204,1763
3232,3217,3204
3232,3211,3217
3233,1778,1776
3233,1776,1780
3234,3235,3236
3234,3236,3237
3238,3237,3239
3238,3234,3237
3240,3238,3239
3240,3239,3241
3242,3240,3241
3242,3241,3243
3244,3243,3245
3244,3242,3243
3246,1779,1749
3246,1749,219
3246,219,221
3246,221,222
3247,3245,3248
3247,3248,3249
3247,3244,3245
3250,3249,3251
3250,3251,3252
3250,3252,3253
3250,3247,3249
3254,3250,3253
3255,3254,3253
3256,3255,3253
3257,3256,3253
3258,3257,3253
3259,3258,3253
3260,3259,3253
3261,3260,3253
3262,3261,3253
3263,3264,3265
3263,3265,229
3263,1773,1774
3263,1774,3264
3266,222,225
3266,226,232
3266,225,226
3266,3246,222
3266,232,234
3267,3262,3253
3267,1780,1784
3268,1772,1775
3268,1775,3269
3268,1771,1772
3268,3232,1766
3268,1766,1771
3270,3271,3272
3273,3270,3272
3274,3272,3275
3274,3273,3272
3276,3274,3275
3277,3275,3278
3277,3276,3275
3279,3277,3278
3280,3279,3278
3281,3280,3278
3281,3278,3282
3283,3281,3282
3284,3283,3282
3285,3284,3282
3285,3282,3286
3287,3285,3286
3287,3286,3288
3289,3288,3290
3289,3287,3288
3291,3289,3290
3291,3290,3292
3293,3291,3292
3293,3292,3294
3295,3296,3297
3295,3293,3294
3295,3294,3296
3298,3295,3297
3298,3297,3299
3300,3299,3301
3300,3298,3299
3302,3303,3304
3302,3305,3306
3302,3301,3307
3302,3307,3305
3302,3308,3303
3302,3306,3309
3302,3309,3310
3302,3310,3308
3302,3304,3311
3302,3311,3312
3302,3300,3301
3313,3211,3232
3313,3232,3268
3313,3268,3269
3314,3211,3313
3314,1783,3211
3315,791,794
3315,118,117
3315,119,118
3315,796,121
3315,120,119
3315,121,120
3315,794,796
3315,3316,1784
3315,1784,791
3317,235,239
3317,239,242
3317,229,235
3317,3263,229
3317,242,1790
3318,802,801
3318,1781,1783
3318,801,1781
3318,1789,802
3319,1789,3318
3319,3318,1783
3319,1793,1789
3319,3314,1793
3319,1783,3314
3320,3317,1790
3320,3263,3317
3321,1794,1793
3321,3314,3313
3321,1795,1794
3321,3269,1795
3321,3313,3269
3321,1793,3314
3322,3263,3320
3323,3322,3320
3323,3320,1790
3324,281,280
3324,1787,3325
3324,3326,3327
3324,3325,3326
3324,278,275
3324,275,1787
3324,284,281
3324,280,278
3328,284,3324
3328,3324,3327
3329,284,3328
3329,288,285
3329,285,284
3330,3323,1790
3330,1799,1803
3330,1790,1799
3331,3323,3330
3331,3269,3322
3331,3330,1803
3331,3322,3323
3332,1798,1795
3333,130,129
3333,129,3332
3334,129,128
3334,3332,129
3334,1798,3332
3334,128,1798
3335,1806,1807
3335,131,1806
3335,1807,811
3335,132,131
3335,811,132
3336,0,1
3336,1811,138
3336,138,0
3337,1812,1811
3337,822,1812
3337,3336,1
3337,1811,3336
3338,3339,1815
3340,1,2
3340,3341,1
3340,3339,3341
3340,1815,3339
3340,2,1813
3340,1813,1815
3342,3343,3344
3345,3343,3342
3346,3343,3345
3347,3343,3346
3348,3343,3347
3349,3343,3348
3350,2,442
3350,1823,1814
3350,1824,1823
3350,1814,2
3350,1817,1824
3350,442,1817
3351,3352,1815
3351,1815,1818
3351,1827,3353
3351,1825,1827
3351,3348,3352
3351,3353,3349
3351,3349,3348
3354,1818,1814
3354,1837,1825
3354,1814,1823
3354,1825,3351
3354,1823,865
3354,3351,1818
3354,865,1837
3355,314,315
3355,451,312
3355,320,322
3355,316,317
3355,1817,451
3355,830,1824
3355,315,316
3355,1824,1817
3355,312,311
3355,317,319
3355,828,830
3355,311,314
3355,319,320
3356,835,834
3356,336,338
3356,828,3355
3356,334,335
3356,348,349
3356,840,838
3356,356,1829
3356,353,354
3356,836,835
3356,847,845
3356,343,345
3356,354,355
3356,342,343
3356,1829,855
3356,338,339
3356,831,828
3356,855,892
3356,346,347
3356,350,351
3356,339,340
3356,355,356
3356,838,837
3356,841,840
3356,905,847
3356,340,341
3356,834,833
3356,345,346
3356,352,353
3356,845,843
3356,322,325
3356,329,330
3356,843,841
3356,833,831
3356,351,352
3356,3355,322
3356,349,350
3356,837,836
3356,332,333
3356,347,348
3356,330,332
3356,333,334
3356,327,329
3356,341,342
3356,892,905
3356,325,327
3356,335,336
3357,3358,3359
3360,481,482
3360,482,483
3360,483,484
3360,484,485
3360,491,492
3360,485,487
3360,487,488
3360,495,496
3360,494,495
3360,490,491
3360,475,476
3360,489,490
3360,464,466
3360,492,494
3360,496,498
3360,473,475
3360,498,500
3360,476,478
3360,468,470
3360,470,472
3360,478,479
3360,472,473
3360,480,481
3360,853,464
3360,466,468
3360,479,480
3360,488,489
3361,3362,3360
3361,3360,500
3361,500,504
3363,857,858
3363,858,521
3363,856,857
3363,521,522
3363,522,1846
3363,3361,504
3363,504,856
3364,1832,1836
3364,1836,3365
3366,3367,3368
3366,3369,3367
3366,3359,3369
3370,1841,1843
3370,1843,1844
3370,1842,1841
3371,1827,1826
3371,1826,1856
3371,3359,3358
3371,3358,1827
3372,882,883
3372,883,884
3372,881,882
3372,1849,1840
3372,879,880
3372,1840,879
3372,880,881
3373,853,3360
3373,3360,3362
3373,890,853
3374,1859,1857
3374,1857,890
3374,1862,1861
3374,890,3373
3374,1861,1859
3375,3376,3377
3375,1869,1868
3378,1854,1849
3379,1869,3375
3380,3376,3375
3380,3375,1868
3381,1848,47
3381,3379,1848
3381,47,48
3381,48,49
3381,49,1875
3381,1869,3379
3381,1875,1869
3382,1854,3378
3383,1850,1852
3383,1852,1854
3384,3383,1854
3385,3380,1868
3386,1900,1899
3386,1901,1900
3386,1903,1902
3386,1905,1904
3386,3374,3387
3386,1907,1906
3386,1909,1908
3386,1910,1909
3386,1902,1910
3386,1904,1911
3386,1913,1912
3386,1911,1903
3386,1914,1858
3386,1865,1905
3386,1858,1862
3386,1863,1865
3386,3387,1863
3386,1906,1901
3386,1916,1915
3386,1912,1914
3386,1917,1913
3386,1862,3374
3386,1915,1917
3386,1918,1916
3386,1919,1918
3386,1899,1919
3386,1908,1907
3388,3389,3383
3388,3383,3384
3390,3388,3384
3391,3390,3384
3391,3384,3392
3393,1821,1820
3393,1822,1821
3393,854,1822
3394,1889,3389
3395,3396,3393
3395,3393,1820
3397,1889,3394
3397,1894,1888
3397,1895,1894
3397,1888,1889
3398,1958,3399
3398,1932,1958
3398,3359,3371
3398,3369,3359
3398,3399,3369
3398,1856,1932
3398,3371,1856
3400,1868,1867
3401,1874,1885
3401,3400,1867
3401,1885,1892
3401,1867,1870
3401,1870,1874
3402,1895,3397
3402,3403,1895
3404,3402,3397
3404,3397,3394
3405,3403,3402
3405,3402,3404
3406,3403,3405
3406,3404,3407
3406,3405,3404
3406,3407,3408
3409,3368,3367
3409,3364,3368
3410,1930,919
3410,1881,1882
3410,1884,1886
3410,1883,1884
3410,1880,1881
3410,1879,1880
3410,919,1878
3410,1886,1925
3410,1882,1883
3410,1878,1879
3411,3412,3403
3411,3413,3414
3411,3403,3413
3415,1923,1872
3416,1877,979
3416,3415,1872
3416,1873,1877
3416,1872,1873
3417,3401,1892
3417,1892,1950
3418,1936,1935
3418,1937,1936
3418,1938,1937
3418,1939,1938
3418,1940,1939
3418,1941,1940
3418,1942,1941
3418,1943,1942
3418,1944,1943
3418,1945,1944
3418,1946,1945
3418,1947,1946
3418,1948,1947
3418,1949,1948
3418,979,1949
3418,1935,1923
3418,1923,3415
3418,3415,3416
3418,3416,979
3419,3420,3417
3421,1927,1929
3421,1926,1927
3422,1926,3421
3422,1898,1924
3422,1924,1926
3422,1925,1898
3423,3421,1929
3424,3423,1929
3425,3426,3419
3427,3424,1929
3428,1925,3422
3428,3429,1925
3430,3425,3419
3430,1950,1957
3430,3417,1950
3430,3419,3417
3431,3430,1957
3431,3432,3426
3431,3426,3425
3431,3425,3430
3433,3431,1957
3433,3432,3431
3433,3434,3432
3435,3409,3367
3435,3367,3369
3435,3369,3399
3436,3429,3428
3436,3428,1951
3436,1951,1953
3437,1958,1960
3437,3399,1958
3437,3435,3399
3437,1960,3435
3438,3428,3422
3438,1951,3428
3438,3439,1951
3438,3440,3439
3441,3440,3438
3441,3442,3440
3443,3442,3441
3444,3433,1957
3444,3434,3433
3445,3393,3396
3445,3446,3447
3445,3448,3446
3445,3449,3450
3445,3447,3451
3445,3451,3449
3452,1933,1930
3452,980,1933
3452,1930,3429
3452,1963,980
3452,3436,1953
3452,3429,3436
3452,1953,1963
3453,3454,3455
3453,3456,3454
3457,3456,3453
3458,3444,1957
3458,1975,1971
3458,1977,1975
3458,1957,1977
3459,3455,3454
3460,1968,1967
3460,1967,3456
3460,1971,1968
3460,3456,3457
3460,3458,1971
3460,3457,3461
3460,3461,3458
3462,3454,3456
3463,1967,1966
3463,3464,3462
3463,3456,1967
3463,3462,3456
3465,3466,3467
3465,3468,3469
3470,1974,3471
3470,3468,3465
3470,3465,3467
3470,3471,3468
3470,1966,1970
3470,1970,1974
3472,1962,1953
3472,1953,1952
3473,3474,3472
3473,1952,3475
3473,3472,1952
3476,3472,3474
3476,3477,1987
3478,1956,1954
3478,1998,1969
3478,986,1998
3478,1969,1956
3478,1955,986
3478,1954,1955
3479,3471,1974
3479,3468,3471
3479,1974,1990
3480,1959,1958
3480,996,2033
3480,1958,1932
3480,2033,1959
3480,2013,995
3480,1932,1964
3480,995,996
3481,982,2001
3481,1976,981
3481,981,982
3482,3445,3396
3482,3448,3445
3482,2044,2043
3482,2041,2044
3482,2043,3448
3483,3484,3485
3483,3409,3435
3483,3435,1960
3483,3485,3486
3487,1984,1983
3487,3488,2008
3487,2008,3489
3487,3489,1984
3487,1983,1987
3490,2030,3484
3490,3483,1960
3490,3484,3483
3491,2014,2013
3491,1965,2000
3491,2013,3480
3491,3480,1964
3491,2000,2014
3491,1964,1965
3492,3493,3494
3492,3494,1989
3495,3477,3496
3497,2001,2003
3497,1976,3481
3497,3481,2001
3497,2003,1000
3498,3499,3500
3498,3500,3450
3498,3501,3499
3498,3450,3449
3498,3449,3451
3502,3495,3503
3502,3488,3495
3504,1976,3497
3504,999,1976
3504,3497,1000
3504,1000,999
3505,3447,3446
3505,3446,3448
3505,3451,3447
3505,3498,3451
3505,3448,2043
3506,1959,2032
3506,1960,1959
3506,2030,3490
3506,3490,1960
3506,2032,2030
3507,2008,3488
3507,2009,2008
3507,3488,3502
3508,1985,1984
3508,1984,3489
3508,1986,1985
3509,3508,3489
3509,2007,3508
3509,2008,2007
3509,3489,2008
3510,1986,3508
3510,2001,982
3510,3508,2007
3510,982,1986
3511,3485,3484
3512,2004,2006
3513,2001,3510
3513,3510,3514
3515,2023,2022
3515,2018,2023
3515,2029,2017
3515,2017,2018
3516,3510,2007
3516,3514,3510
3516,2007,2020
3517,3516,2020
3517,3514,3516
3518,2022,2024
3518,2024,2027
3518,2027,2026
3518,2026,2036
3518,2036,2022
3519,3514,3520
3519,2001,3513
3519,3513,3514
3521,3515,2022
3521,2029,3515
3521,2022,2036
3522,2031,2028
3522,2028,2006
3522,2006,2005
3523,2031,3522
3523,3522,2005
3523,2037,2031
3523,2005,2011
3524,2002,2001
3524,2001,3519
3525,3517,3526
3527,3520,3514
3527,3517,3525
3527,3514,3517
3528,525,3501
3528,3501,3498
3528,989,524
3528,524,525
3528,3529,989
3530,3531,3532
3533,2002,3524
3533,3534,2057
3533,2057,2002
3535,2030,1009
3535,1009,2065
3535,2065,3511
3535,3484,2030
3535,3511,3484
3536,2055,2034
3537,998,1001
3537,1002,1004
3537,3536,2034
3537,1004,2086
3537,2055,3536
3537,3538,2078
3537,2078,2055
3537,2034,998
3537,2086,3538
3537,1001,1002
3539,1007,1006
3539,2011,1007
3539,3523,2011
3540,1006,3541
3540,3539,1006
3540,3541,3542
3543,3534,3533
3544,3545,3505
3544,3546,3545
3544,3547,3546
3544,3548,3547
3549,1006,2070
3549,3541,1006
3549,3542,3541
3550,2048,2052
3551,2051,2055
3551,2055,2075
3552,2058,2060
3552,2052,2058
3552,3550,2052
3553,3554,3555
3556,3554,3553
3556,3557,3554
3558,2070,2071
3559,3560,3561
3562,3563,3564
3562,2087,2068
3565,3558,2071
3565,2071,2082
3565,3561,3558
3566,2085,2084
3566,3565,2082
3566,3561,3565
3566,2082,2085
3567,2083,2095
3567,2095,2103
3568,3569,990
3568,990,989
3568,989,3529
3570,3538,2086
3571,3567,2103
3572,2110,2109
3573,1012,1019
3573,1011,1010
3573,1010,1012
3573,2094,1011
3574,3545,3546
3574,3546,3547
3575,3538,3570
3575,3570,3576
3577,3571,2103
3577,2103,2120
3578,2064,3572
3578,3572,2109
3578,2109,2116
3579,2116,2101
3579,3578,2116
3579,2099,2064
3579,2100,2099
3579,2064,3578
3579,2101,2100
3580,3538,3575
3580,2110,3538
3580,2111,2110
3581,2039,2066
3581,2080,3582
3581,2066,2080
3581,2151,2125
3581,3582,2151
3583,2039,3581
3583,2088,2039
3583,1057,2088
3583,3581,2125
3584,2120,2119
3585,3586,3587
3585,3588,3586
3589,3590,3584
3591,1019,576
3591,3592,3593
3591,3593,2114
3591,575,2142
3591,2094,3573
3591,2142,3592
3591,3573,1019
3591,576,575
3591,1028,2094
3591,2114,1028
3594,3595,3596
3597,2121,1057
3597,2124,2121
3597,2125,2124
3597,1057,3583
3597,3583,2125
3598,2119,2123
3598,3584,2119
3598,3589,3584
3599,3589,3598
3600,3594,3601
3602,2118,2109
3602,2109,2111
3603,2123,2122
3603,3598,2123
3603,3599,3598
3604,3602,3600
3605,2118,3602
3606,2104,2105
3606,2119,2103
3606,2108,2130
3606,2103,2102
3606,2130,2119
3606,2102,2104
3606,2105,2108
3607,2080,2069
3607,3582,2080
3607,2069,61
3608,3607,61
3608,61,62
3608,62,63
3608,63,2160
3608,2160,2162
3609,3610,3611
3609,2132,3610
3609,2122,2132
3612,3610,2132
3613,3612,2132
3614,3615,3604
3616,1065,2118
3616,2118,3605
3617,2112,2114
3617,2106,2112
3617,3593,3592
3617,2114,3593
3617,3588,2106
3617,3586,3588
3618,3613,2132
3618,2132,2131
3619,3616,3615
3620,3618,2131
3621,3620,2131
3621,2134,3622
3621,2131,2134
3621,3622,3620
3623,2136,1069
3624,3622,2134
3625,2136,3623
3626,3582,3607
3626,3608,2162
3626,3607,3608
3627,2136,3625
3627,3625,3628
3629,3624,2134
3629,2134,2138
3630,3628,3631
3630,3627,3628
3630,2136,3627
3630,2135,2136
3632,3630,3631
3632,2135,3630
3633,2151,3582
3634,2137,2135
3634,2135,3632
3634,3632,3631
3635,3633,3582
3635,3582,3626
3636,2140,2137
3636,2146,2140
3636,2137,3634
3636,2156,2146
3637,2138,2159
3638,3635,3626
3638,3626,2162
3638,2162,2186
3638,2186,3635
3639,3637,2159
3639,2159,1103
3640,2156,3641
3642,3569,3643
3644,2155,2156
3644,2156,3640
3645,2145,2146
3645,2146,2155
3645,2155,3646
3647,3644,3640
3648,3649,2155
3648,2155,3644
3650,2151,3633
3650,3633,3635
3651,2147,2145
3651,2145,3645
3651,3646,2171
3651,3645,3646
3651,2171,2147
3652,3649,3648
3653,990,3569
3653,2202,1085
3653,1085,990
3654,1103,2163
3655,2165,2164
3655,3656,2165
3657,2155,3649
3657,3646,2155
3658,2128,2174
3658,2174,2227
3658,2148,2139
3658,2167,2148
3658,2139,2128
3659,3646,3657
3660,2147,2173
3660,2161,2153
3660,2153,2147
3661,3662,2172
3661,2172,2171
3661,3646,3659
3661,3659,3662
3661,2171,3646
3663,2164,2163
3664,3662,3659
3665,2178,2177
3665,3666,3663
3667,2161,3660
3667,1108,2161
3667,2197,1109
3667,1109,1108
3668,2177,2176
3668,3669,2177
3668,3670,3669
3668,3671,3670
3672,3673,3674
3672,2172,3673
3672,2170,2172
3675,1102,1112
3675,1112,2178
3675,2178,3665
3675,1103,1102
3675,3663,2163
3675,3665,3663
3675,2163,1103
3676,2176,3677
3676,3668,2176
3676,3671,3668
3678,3672,3674
3678,2175,2170
3678,2170,3672
3679,3677,3680
3679,3681,3677
3682,2187,2175
3682,2175,3678
3683,3681,3679
3683,3679,3680
3684,2178,1112
3684,2176,2178
3684,3677,2176
3684,3680,3677
3685,3686,3683
3685,3680,2190
3685,3683,3680
3687,2187,3682
3688,2186,2228
3688,3650,3635
3688,3635,2186
3689,1112,1114
3689,3684,1112
3689,1114,2190
3689,2190,3680
3689,3680,3684
3690,3650,3688
3690,2149,2151
3690,2151,3650
3691,3685,2190
3691,2190,2193
3692,3691,2193
3693,2188,2187
3694,3692,2193
3694,3695,3696
3697,3653,3569
3698,3697,3569
3699,2193,2191
3700,1109,2196
3700,1106,1109
3701,2198,2199
3701,2199,3702
3703,2248,2249
3703,3688,2228
3703,2149,3690
3703,3690,3688
3703,2228,2248
3703,2249,2150
3703,2150,2149
3704,3700,2196
3704,2196,2204
3704,1106,3700
3705,3704,2204
3705,2208,1106
3705,2204,3706
3705,3706,2208
3705,1106,3704
3707,2204,2198
3708,2227,2226
3708,2167,3658
3708,3658,2227
3709,2224,3710
3709,3711,3712
3709,3710,3711
3713,3714,3715
3713,3706,3714
3716,2208,3706
3717,2167,3708
3718,3716,3706
3718,3706,3713
3719,3720,3721
3722,3720,3719
3722,2217,2216
3722,2216,3720
3723,3710,2224
3723,3711,3710
3723,2224,2222
3724,3725,3726
3724,3726,3721
3727,3724,3721
3728,2215,2213
3728,3729,2215
3730,3731,3732
3733,2212,2215
3733,2214,2212
3733,2215,3729
3734,3735,3736
3734,3737,3735
3734,3738,3737
3739,2222,2223
3739,2218,3723
3739,3723,2222
3739,2216,2218
3740,3734,3736
3740,3741,3734
3742,2219,2214
3742,3733,3729
3742,2214,3733
3743,3744,2216
3743,3739,2223
3743,2216,3739
3743,3745,3744
3746,3741,3740
3746,3740,3736
3747,2167,3717
3748,3728,3732
3748,3729,3728
3748,3749,3729
3750,2223,2240
3750,3743,2223
3750,3745,3743
3750,3751,3745
3752,3708,2226
3752,3747,3717
3752,2226,2285
3752,3717,3708
3753,2241,3754
3753,3755,3756
3757,2246,2221
3757,2219,3742
3757,2221,2219
3758,2241,3753
3758,3753,3756
3758,2240,2241
3758,3751,3750
3758,3750,2240
3758,3756,3751
3759,3729,3749
3760,2167,3747
3760,2185,2167
3760,2262,2185
3761,3762,3763
3764,2263,2259
3764,2238,2236
3764,2242,2238
3764,2244,2242
3764,2207,2210
3764,2206,2207
3764,2250,2244
3764,2210,1132
3764,1131,2263
3764,2259,2250
3764,2236,2229
3764,1132,1131
3765,3766,2247
3767,3754,2241
3767,2241,2243
3767,2243,2260
3768,3769,2266
3768,2245,3770
3768,2246,2245
3768,2266,1140
3768,3770,3769
3771,3772,3773
3771,3774,3772
3771,3775,3774
3771,3773,3775
3776,2245,2247
3776,2247,3766
3777,2245,3776
3778,3779,3780
3781,3770,2245
3781,3782,3770
3781,2245,3777
3783,3772,3774
3783,2261,2269
3784,3779,3778
3784,3778,2270
3785,3747,3752
3785,3752,2285
3785,2285,2316
3785,2316,2307
3785,2262,3760
3785,2307,2262
3785,3760,3747
3786,2266,3769
3786,3769,3787
3786,2265,2266
3786,2267,2265
3788,3786,3787
3788,2267,3786
3788,3787,3789
3790,2281,2271
3790,2289,2281
3790,2295,2289
3790,2302,2295
3791,2302,3790
3792,2326,2323
3792,3793,2282
3792,2282,2284
3792,2320,3741
3792,2323,2321
3792,2284,2326
3792,2321,2320
3794,3795,3796
3797,2291,2288
3797,2308,2303
3797,3734,3741
3797,2288,2275
3797,2294,2291
3797,2296,2294
3797,2301,2296
3797,2303,2301
3798,2302,3791
3798,2304,2302
3799,2282,3793
3799,2286,2282
3799,3800,3801
3802,2273,2267
3802,2267,3788
3802,3788,3789
3802,2287,2273
3803,2231,2230
3803,2232,2231
3803,3799,3801
3803,2286,3799
3803,2234,2233
3803,3801,2232
3803,2230,2234
3804,2308,3797
3804,3797,3741
3805,2304,3798
3806,3807,2308
3806,2308,3804
3806,3804,3741
3808,3787,3809
3810,3789,3811
3810,2287,3802
3810,3802,3789
3812,3807,3806
3812,3806,3741
3813,2309,2304
3813,2304,3805
3814,2320,2319
3814,2319,3815
3814,3741,2320
3814,3812,3741
3814,3807,3812
3814,3815,3807
3816,2261,1163
3816,1163,1166
3817,3810,3811
3817,2287,3810
3818,2315,2309
3818,2309,3813
3819,3789,3787
3819,3787,3808
3820,3789,3819
3821,3795,3822
3821,3823,3795
3824,1166,2330
3824,3825,3816
3824,3816,1166
3826,1165,2287
3826,2287,3817
3827,3821,3822
3828,3825,3824
3828,3822,3795
3828,2330,3822
3828,3824,2330
3829,3826,3817
3829,3817,3811
3830,2337,2336
3830,2338,2337
3830,2293,2299
3830,2340,2255
3830,2255,2293
3830,2336,2340
3830,2299,2300
3830,2300,2305
3831,3826,3829
3831,1165,3826
3832,1164,1165
3832,1165,3831
3832,3833,1164
3834,3835,3836
3834,3833,3835
3834,1164,3833
3837,3833,3832
3837,3835,3833
3838,1131,2312
3838,2312,2314
3838,2314,2360
3838,2264,2263
3838,2360,2362
3838,2362,2264
3838,2263,1131
3839,2283,2286
3839,2381,2328
3839,2286,3803
3839,2379,2381
3839,2328,2327
3839,2327,2283
3840,3841,2348
3840,2348,2347
3840,3842,3843
3840,2305,3842
3840,2338,3830
3840,3843,3841
3840,2343,2333
3840,2347,2345
3840,2345,2343
3840,3830,2305
3840,2333,2338
3844,2361,2392
3844,2237,2251
3844,2235,2237
3844,2362,2361
3844,3803,2233
3844,2233,2235
3844,2264,2362
3844,2251,2264
3845,1164,3834
3845,3842,2305
3845,3834,3836
3845,2298,1164
3845,3836,3846
3845,2305,2298
3847,2332,2331
3848,2297,2308
3848,2308,3807
3848,3849,2297
3848,3807,3815
3850,3849,3848
3850,3848,3815
3851,3815,2319
3851,2322,2324
3851,2319,2318
3851,2318,2322
3851,2324,2325
3851,3850,3815
3851,3849,3850
3852,3842,3845
3852,3845,3846
3853,3843,3842
3853,3842,3852
3854,3855,3856
3857,3836,3855
3857,3846,3836
3857,3855,3854
3857,3858,3846
3859,2331,2363
3860,3859,2363
3861,2277,2276
3861,2276,2278
3861,2315,2277
3861,2278,2292
3861,2292,2297
3861,2297,3849
3862,3858,3857
3863,3861,3849
3863,3864,3861
3865,3858,3862
3865,3846,3858
3866,2386,2380
3866,2380,2379
3866,2391,2386
3866,2392,2391
3866,3844,2392
3867,3865,3862
3868,3860,2363
3869,3865,3867
3869,3870,3865
3871,1161,2388
3871,1169,1167
3871,1179,1169
3871,1167,1161
3871,2388,1179
3872,3841,3843
3873,2363,2368
3873,3868,2363
3874,3843,3853
3874,3872,3843
3874,3853,3875
3876,3873,2368
3876,3868,3873
3877,3878,3870
3879,3863,3849
3879,3864,3863
3879,2383,3864
3879,2390,2383
3879,3849,3851
3880,3881,2376
3882,2368,2376
3882,3876,2368
3882,2376,3881
3883,3872,3874
3884,2376,2375
3884,3880,2376
3884,3885,3880
3886,3885,3884
3887,3872,3883
3887,3841,3872
3887,3888,3841
3889,405,403
3889,3861,3864
3889,2315,3861
3889,401,2315
3889,403,401
3890,2377,2395
3890,2395,3891
3890,2360,2364
3890,2361,2360
3890,2392,2361
3890,2364,2365
3890,2365,2377
3892,3893,3886
3894,2366,1177
3894,2368,2366
3894,2375,2368
3895,3889,3864
3895,2383,1205
3895,3864,2383
3895,1205,405
3895,405,3889
3896,3887,3883
3897,2325,2378
3897,2416,2390
3897,2390,3879
3897,3879,3851
3897,3851,2325
3898,3887,3896
3898,3888,3887
3899,3898,3896
3900,2348,3841
3900,2397,1191
3900,1187,2351
3900,1188,1187
3900,3841,3888
3900,1191,1188
3900,3901,2397
3900,2351,2348
3902,2375,3903
3902,3903,2413
3904,2392,3890
3904,2403,1202
3904,3890,3891
3904,1202,2392
3905,3902,2413
3906,2413,2412
3906,3905,2413
3906,3907,3905
3908,3909,3910
3911,67,2447
3911,1240,2443
3911,2443,1172
3911,2447,1240
3911,66,67
3911,1172,66
3912,3891,2395
3912,2410,2403
3912,3904,3891
3912,2403,3904
3912,2431,2410
3913,2398,2397
3913,2397,3914
3915,3913,3914
3916,2398,3913
3917,2398,3916
3918,3917,3916
3919,2434,2420
3919,2420,2398
3919,2398,3917
3920,2423,2421
3920,2378,2387
3920,2416,3897
3920,3897,2378
3920,2421,2416
3921,2413,3903
3921,3903,2404
3921,2404,3922
3923,2425,2427
3923,3924,2425
3923,2427,3925
3923,3926,3924
3927,2422,395
3927,395,398
3928,2434,3919
3929,3930,3931
3929,3932,3933
3929,3934,3930
3929,3933,3935
3929,3936,3932
3929,3937,3938
3929,3938,3934
3929,3931,3936
3939,3921,3922
3939,2411,2413
3939,2413,3921
3939,2441,2411
3939,2445,2441
3939,2446,2445
3939,2448,2446
3939,2449,2448
3939,2453,2449
3939,3922,2453
3940,3937,3929
3940,2420,2433
3940,2436,3937
3940,3929,2420
3940,2433,2436
3941,2404,2402
3941,2402,2406
3941,3922,2404
3941,2406,2415
3942,398,397
3942,2422,3927
3942,3927,398
3943,2434,3928
3943,3928,3944
3945,2396,1174
3945,2399,2401
3945,1174,2399
3945,2401,2400
3945,3946,2396
3945,2400,2474
3947,3943,3944
3947,2434,3943
3947,2433,2434
3948,1219,1218
3948,2427,1219
3948,1218,3949
3950,1255,177
3950,2525,1255
3950,173,171
3950,177,175
3950,175,173
3950,171,2396
3950,2396,3946
3951,3947,3944
3952,2418,2422
3952,2414,2418
3952,2474,1208
3952,1208,2414
3953,3951,3944
3953,3944,3954
3955,3922,3941
3955,3941,2415
3955,2415,2457
3956,2466,2459
3957,3933,3932
3957,3935,3933
3957,2428,2430
3957,2430,3935
3958,3931,3930
3958,3930,3934
3958,3957,3932
3958,3932,3936
3958,3938,3937
3958,3934,3938
3958,3959,3957
3958,3937,2436
3958,3936,3931
3960,3958,2436
3960,3959,3958
3961,2408,2456
3961,2387,2408
3961,3920,2387
3961,2423,3920
3961,2456,1244
3961,1244,2505
3962,2451,2432
3962,2370,2513
3962,2513,2588
3962,2588,2451
3962,2409,2371
3962,2371,2370
3962,2432,2409
3963,3959,3960
3963,2436,2435
3963,3960,2436
3964,2464,2463
3965,2467,2464
3965,2464,3964
3966,3949,1218
3966,1218,1217
3966,2467,3965
3966,1217,2467
3967,2457,2438
3967,2439,2452
3967,2438,2439
3967,2489,2457
3967,2452,2489
3968,2440,2428
3968,2455,2440
3968,2428,3957
3968,2485,2455
3969,3970,3971
3972,3956,3973
3972,3974,2466
3972,2466,3956
3975,2423,3961
3975,2505,2508
3975,2479,2424
3975,2424,2423
3975,2508,2479
3975,3961,2505
3976,2457,2498
3976,3955,2457
3977,2498,2533
3977,3922,3955
3977,3976,2498
3977,3955,3976
3978,2465,2466
3978,3974,2477
3978,2477,2476
3978,2466,3974
3979,3922,3977
3979,2533,2488
3979,3977,2533
3979,2488,2453
3979,2453,3922
3980,2472,2465
3980,2465,3978
3980,3981,2472
3980,2482,3981
3980,2476,2482
3980,3978,2476
3982,3983,3984
3985,2460,2467
3985,2467,2469
3985,2469,3986
3985,3986,3987
3988,2471,2472
3988,2472,3981
3989,399,2487
3990,2519,2518
3990,2520,2519
3990,3968,3957
3990,2523,2522
3990,2518,2485
3990,2522,2520
3990,2521,2523
3990,2485,3968
3990,3957,3959
3991,2481,2476
3991,2476,2480
3992,3981,2482
3992,2482,2481
3992,3988,3981
3993,2496,3959
3993,3959,3988
3993,3988,3992
3993,2501,2496
3994,3992,2481
3995,3986,2469
3995,3996,3987
3995,3987,3986
3997,3998,3996
3999,2525,3950
3999,4000,2547
3999,2547,2531
3999,3950,3946
3999,3946,3945
3999,2531,2525
4001,4002,4003
4004,4005,2504
4004,2504,2503
4004,2501,3993
4004,2503,2502
4004,2502,2501
4006,4001,4007
4006,4002,4001
4008,4005,4004
4009,4010,2512
4009,2512,2509
4009,2509,4011
4012,4009,4011
4013,4006,4007
4013,4002,4006
4014,4012,4011
4014,4011,4015
4016,4017,3945
4016,3945,2474
4018,4015,4011
4018,4011,2509
4019,2527,2545
4019,2469,2468
4019,3996,3995
4019,2468,2527
4019,3995,2469
4020,4017,4016
4020,4021,4017
4022,2509,2511
4022,4018,2509
4023,4022,2511
4024,2500,2499
4024,4025,4026
4024,4026,2500
4024,2499,2504
4027,2504,4005
4027,4025,4024
4027,4028,4025
4027,4024,2504
4029,2514,2556
4029,1235,1239
4029,1239,2514
4030,4028,4031
4030,4031,4032
4030,4032,4033
4034,4025,4028
4034,4028,4030
4035,4025,4034
4035,4034,4036
4037,4038,4039
4037,4033,4038
4040,4025,4035
4040,4026,4025
4040,4041,4026
4040,4035,4036
4042,4040,4043
4042,4041,4040
4044,4045,4046
4044,4046,4047
4048,4047,4046
4049,2537,2540
4049,2540,4045
4049,4050,2537
4051,2556,2575
4051,1225,1231
4051,1273,1225
4051,1231,1235
4051,4029,2556
4051,1235,4029
4052,2536,2517
4052,2517,2550
4053,2487,1264
4053,4054,3989
4053,3989,2487
4055,4045,2540
4056,4052,2550
4057,2562,4058
4057,2479,2508
4057,2508,2507
4057,2506,2562
4057,2507,2506
4059,4052,4056
4060,1254,2484
4060,1250,1254
4060,1276,1251
4060,2484,2560
4060,1280,1276
4060,2560,4061
4060,1251,1250
4062,4063,4064
4062,4065,4063
4066,4052,4059
4066,2560,2536
4066,2536,4052
4067,4055,2540
4067,4068,4055
4069,4070,4062
4069,4062,4071
4072,2566,2565
4072,2540,2539
4072,4067,2540
4072,2565,4067
4072,2539,2566
4073,4067,2565
4074,4066,4059
4075,2565,2564
4075,4073,2565
4075,4076,4073
4077,3945,4017
4077,4000,3999
4077,3999,3945
4078,4079,4076
4078,4076,4075
4078,4075,2564
4080,2479,4057
4080,2478,2479
4080,4057,4058
4080,1296,2559
4080,2559,2478
4081,4077,4017
4081,4017,4021
4082,4074,4083
4084,4061,2560
4085,4084,4082
4086,4087,4088
4086,4089,4087
4090,4091,4092
4093,4061,4084
4093,2584,2586
4094,2572,2571
4095,2573,2572
4095,4096,4097
4095,4097,2577
4098,4084,4085
4098,2584,4093
4098,2585,2584
4098,4093,4084
4099,4094,2571
4099,4088,4094
4100,4086,4088
4100,4088,4099
4100,4099,2571
4101,2571,2580
4101,4100,2571
4102,4098,4085
4102,2585,4098
4102,4103,2585
4104,4105,4101
4104,4101,2580
4106,1293,2683
4107,4058,2562
4107,2562,1275
4107,2623,4058
4107,1282,2623
4107,1275,1282
4108,2595,1281
4108,1281,1280
4108,1280,4060
4108,4060,4061
4108,4061,4093
4108,4093,2586
4109,2585,4103
4109,4103,4110
4109,2583,2585
4111,2597,2605
4111,4095,2577
4111,2577,2576
4111,2579,2597
4111,2576,2579
4111,2573,4095
4112,2610,2593
4112,2593,2534
4112,2490,2610
4112,2534,2532
4112,2532,2490
4113,2573,4111
4113,4111,2605
4114,4115,2573
4116,2575,2581
4116,2600,2653
4116,2581,2600
4117,2569,1196
4117,1194,1216
4117,2672,2770
4117,2607,2606
4117,1216,2672
4117,1195,1194
4117,1196,1195
4117,2770,2607
4117,2606,2569
4118,2630,2631
4118,2605,2630
4118,4114,2573
4118,2573,4113
4118,2631,4114
4118,4113,2605
4119,4120,4121
4119,2596,4120
4122,1318,2673
4123,4114,2631
4124,599,2594
4124,2594,2596
4124,2596,4119
4125,2612,2655
4125,1310,2612
4125,2623,1310
4126,4121,4127
4126,4127,4128
4129,4123,2631
4129,4130,4123
4129,2631,2619
4131,4116,2653
4131,2599,4116
4132,1299,1298
4132,1296,4080
4132,1298,1296
4132,2655,2654
4132,2654,1321
4132,1321,1299
4133,4121,4126
4133,4134,4121
4135,2615,598
4135,598,597
4135,599,4124
4135,597,599
4136,4137,4138
4139,4129,2619
4139,4130,4129
4139,4140,4130
4139,2619,1303
4141,4134,4133
4142,4143,4144
4142,4141,4143
4145,2613,2615
4145,4121,4134
4146,2620,2599
4146,2644,2640
4146,4131,2653
4146,2599,4131
4146,2653,2689
4146,2689,2681
4146,2681,2680
4146,2640,2620
4146,2680,2644
4147,596,2618
4147,599,596
4147,2618,2609
4147,2609,599
4148,4149,4150
4151,2625,2624
4151,4152,4153
4151,4154,4152
4151,4153,2625
4155,4154,4151
4156,2613,4145
4157,4149,4148
4158,4149,4157
4158,4159,4149
4160,4161,4159
4160,4159,4158
4160,4162,4161
4163,412,411
4163,422,2602
4163,411,422
4164,4165,2614
4164,2614,2613
4164,2613,4156
4166,2624,2639
4166,4151,2624
4166,2634,4167
4166,4167,4155
4166,4155,4151
4168,4169,2634
4168,2634,2633
4168,4162,4169
4168,4161,4162
4170,2632,2634
4170,2639,2632
4170,4166,2639
4170,2634,4166
4171,4172,4173
4171,4165,4172
4171,2614,4165
4174,4175,4172
4174,4168,2633
4176,2642,2629
4176,2629,2614
4176,2614,4171
4177,2618,596
4177,596,2685
4177,2685,2686
4177,2616,2618
4178,2616,4177
4178,2686,2622
4178,2622,2617
4178,4177,2686
4178,2617,2616
4179,4172,4175
4179,4175,2650
4179,4173,4172
4180,2650,2649
4180,2649,2652
4180,4179,2650
4181,4180,2652
4181,4182,4173
4181,4183,4182
4184,4182,4183
4184,2642,4182
4185,4181,2652
4185,4183,4181
4185,4186,4184
4185,2652,4186
4185,4184,4183
4187,4184,4186
4187,4188,4189
4190,4186,2652
4190,2652,2660
4191,4190,2660
4191,2660,2659
4191,2659,4192
4191,4186,4190
4193,424,412
4193,2673,425
4193,425,424
4194,4192,2659
4195,2665,4196
4195,2677,2685
4195,2675,2677
4195,4196,2675
4195,2685,596
4195,596,2665
4197,4194,2659
4198,4197,2659
4198,2659,2661
4198,2661,2662
4198,2662,2663
4198,2663,2664
4198,2664,1314
4199,2671,4200
4201,4199,4200
4202,4201,4200
4203,2675,4196
4204,4202,4200
4204,4198,1314
4204,1313,1324
4204,1314,1313
4205,2675,4203
4206,2728,621
4206,2692,2728
4206,2683,2692
4207,2675,4205
4207,2676,2675
4208,4209,4210
4208,4211,4212
4213,2676,4207
4214,2684,2676
4215,2676,4213
4216,1324,1323
4216,4212,4211
4216,4211,1324
4217,4212,4216
4218,2678,2622
4218,2622,2691
4218,2693,2678
4219,2690,2684
4219,2695,2690
4220,1242,1241
4220,647,646
4220,646,2645
4220,2645,2561
4220,2561,1242
4220,648,647
4221,4222,4223
4224,4218,2691
4224,2693,4218
4224,615,2706
4224,2696,615
4224,2691,2696
4224,2706,2693
4225,2704,2703
4225,4226,2704
4227,4228,4222
4229,2699,2695
4230,4231,2711
4230,2707,4231
4230,2698,2707
4230,2711,615
4230,615,2696
4230,2696,2698
4232,2703,2713
4233,4232,2713
4234,2699,4235
4236,2699,4234
4236,2707,2699
4237,2707,4236
4238,4231,2707
4238,2707,4237
4239,4240,4241
4242,1362,1361
4242,4243,4244
4245,4239,4243
4245,4242,1361
4245,4243,4242
4246,1404,1373
4246,1319,2710
4246,2764,1404
4246,1373,1319
4246,2710,2764
4247,4248,4249
4250,4248,4247
4251,4248,4250
4252,2722,2723
4252,2723,4249
4253,4248,4251
4253,1360,1367
4253,1361,1360
4254,2726,2722
4254,4255,2726
4254,4256,4255
4257,613,616
4257,614,613
4257,616,2746
4258,4255,4256
4259,2741,2740
4259,2742,2741
4259,2743,2742
4259,2744,2743
4259,1367,2744
4259,4253,1367
4260,4261,2740
4260,2740,2739
4262,4258,4263
4264,4262,4265
4264,2734,4262
4266,614,4257
4266,2729,614
4266,2731,2729
4267,2733,2732
4267,2732,2734
4268,2739,2738
4268,2738,4263
4268,4263,4260
4268,4260,2739
4269,4262,4263
4269,4265,4262
4269,4263,2738
4270,4271,2733
4270,4272,4271
4270,2733,4267
4270,4273,4272
4274,4269,2738
4274,4273,4264
4274,4265,4269
4274,4264,4265
4275,4274,2738
4275,2738,2747
4275,2747,2750
4276,4277,4272
4276,4275,2750
4276,2750,4277
4276,4272,4273
4278,2733,4271
4278,2745,2733
4279,2745,4278
4280,2746,2745
4280,2745,4279
4280,4281,2758
4282,4272,4277
4283,2780,2709
4283,2674,2589
4283,2589,2779
4283,2779,2780
4283,2708,2674
4283,2709,2708
4284,4285,4286
4284,4287,4285
4284,2756,2755
4284,2755,4287
4284,4282,2756
4288,2730,2731
4288,2731,2768
4289,2731,4266
4289,2760,2731
4289,2758,2760
4290,4291,4292
4293,4290,4292
4294,2767,4295
4294,1339,2730
4294,629,1339
4294,2730,4288
4294,4288,2768
4294,2768,2767
4296,4292,4297
4296,4293,4292
4298,4296,4297
4298,4297,4286
4298,4286,4285
4299,2755,2754
4299,2754,2761
4300,4301,2755
4300,2761,2765
4300,2755,4299
4300,4299,2761
4302,2758,4281
4302,4281,4303
4304,4305,4303
4304,4306,4305
4307,4301,4300
4308,1434,1433
4308,1259,1434
4308,2769,2672
4308,2672,1259
4308,1454,2769
4308,1433,1454
4309,4307,4300
4309,4300,2765
4309,4310,4311
4309,2765,2772
4309,4311,4307
4312,2758,4302
4312,4313,2759
4312,2759,2758
4314,612,1356
4314,1356,2721
4314,2727,2791
4314,2721,2727
4315,4310,4309
4315,4309,2772
4316,4317,4318
4319,644,640
4319,630,629
4319,629,4294
4319,4320,644
4319,640,630
4319,4294,4295
4321,2770,2769
4321,1502,1468
4321,2776,2608
4321,1468,2776
4321,2608,2607
4321,2769,1454
4321,1454,1502
4321,2607,2770
4322,4323,4324
4325,2766,4323
4326,4317,2775
4326,2775,2785
4327,2767,2766
4327,4295,2767
4327,2790,4295
4327,2766,4325
4328,2785,4329
4328,4326,2785
4328,4329,4330
4331,4332,2789
4331,2790,4327
4331,2789,2790
4333,4334,4335
4336,4334,4333
4337,4329,2785
4337,2785,2784
4337,2784,1422
4338,4332,4331
4339,4340,4341
4339,4342,4340
4343,2788,2787
4343,2787,2796
4343,4320,2788
4344,4342,4339
4344,4345,4342
4346,4347,4341
4346,4341,4340
4348,4340,4342
4348,4342,4345
4348,4346,4340
4349,4337,1422
4349,4350,4337
4349,2799,4351
4349,1422,1421
4349,1421,2799
4352,4353,4354
4352,4354,4355
4356,4351,2799
4356,4357,4351
4358,190,189
4358,189,4359
4358,1402,1400
4358,2724,2647
4358,4359,1402
4358,1400,2724
4360,2842,1465
4360,1464,605
4360,4314,2791
4360,605,612
4360,2843,2842
4360,1465,1464
4360,612,4314
4361,2795,2797
4361,2797,4362
4363,2795,4361
4364,2796,2795
4365,4354,4353
4366,2808,2807
4366,4367,2811
4366,2807,4367
4368,2843,4360
4368,2791,1459
4368,4360,2791
4368,1459,1461
4368,1461,2843
4369,2799,2798
4369,2798,2813
4369,2813,2805
4370,2806,2808
4370,4364,4371
4372,4371,4373
4374,2811,4367
4374,4367,2807
4374,2810,2811
4375,2802,2805
4375,2813,1426
4375,2817,2802
4375,1426,2817
4375,2805,2813
4376,2802,2817
4377,4378,4379
4380,4381,4382
4380,4383,4384
4380,4382,2814
4385,2812,2800
4385,2800,2810
4385,2819,2812
4385,2824,2819
4385,2829,2824
4385,4386,2829
4387,2810,4374
4387,4386,4385
4387,4385,2810
4388,4389,4383
4388,4383,4390
4388,4390,2816
4391,4389,4388
4392,4391,4388
4393,4392,4388
4394,1382,1396
4394,2794,1382
4394,2827,2794
4395,1428,1427
4395,1427,2834
4395,4393,4388
4395,4388,2816
4395,2816,2815
4395,2815,2818
4395,2818,1429
4395,1429,1428
4396,4359,189
4396,2827,4394
4396,1396,1401
4396,1401,1402
4396,4394,1396
4396,1402,4359
4397,2846,1442
4397,2837,2853
4397,2853,2846
4397,1419,2837
4397,1416,1419
4397,1442,1416
4398,4399,4400
4401,4402,4403
4401,4403,4404
4401,4404,4405
4401,4406,4407
4408,2829,4386
4409,4401,4405
4409,4406,4401
4410,4408,4411
4410,2829,4408
4410,2828,2829
4412,4413,4411
4414,4407,4406
4415,2833,2849
4415,2849,2850
4415,2834,2833
4415,4406,4409
4415,4409,2834
4416,4410,4411
4417,2832,2828
4417,2828,4410
4418,4410,4416
4418,4417,4410
4419,4420,4421
4419,4422,4420
4419,4423,4422
4419,2855,4423
4424,2855,4419
4424,2856,2855
4424,2857,2856
4424,2858,2857
4424,2859,2858
4424,4419,4414
4424,4415,2850
4424,2852,2859
4424,2850,2852
4424,4414,4406
4424,4406,4415
4425,651,652
4426,4417,4418
4427,4417,4426
4427,2832,4417
4428,4427,4426
4428,4429,4427
4430,2830,2832
4430,2822,2830
4431,2832,4427
4431,4427,4429
4431,4430,2832
4432,2822,4430
4433,2822,4432
4433,2877,2869
4433,2869,2822
4434,2877,4433
4435,2877,4434
4435,4434,4436
4437,2863,2865
4437,2865,2866
4438,2905,4437
4438,4437,2866
4438,2866,2867
4439,2893,2905
4439,2868,2893
4439,2905,4438
4439,4438,2867
4439,2867,2868
4440,4441,4437
4440,4437,2905
4442,4435,4436
4443,1492,2844
4443,1514,1492
4443,2844,2827
4444,2876,2877
4444,2877,4435
4445,4444,4435
4445,4435,4442
4446,1511,2870
4446,2917,1512
4446,1512,1511
4447,1514,4443
4447,191,1553
4447,4443,2827
4447,189,191
4447,1552,1515
4447,1515,1514
4447,2827,4396
4447,1553,1552
4447,4396,189
4448,4444,4445
4449,2876,4444
4449,4444,4448
4449,2880,2876
4450,2889,2888
4450,4451,4440
4450,2892,2889
4450,4440,2905
4452,4450,2905
4452,2894,2892
4452,2892,4450
4453,2871,2878
4453,2879,2875
4453,2880,4454
4453,2878,2880
4453,2875,2871
4453,2897,2879
4455,4449,4448
4455,4456,4449
4457,2911,2895
4457,2905,2911
4457,4452,2905
4457,2894,4452
4457,2895,2894
4458,2880,4449
4458,4449,4456
4458,4454,2880
4459,2917,4446
4460,4456,4461
4462,4453,4454
4462,2897,4453
4462,2903,2897
4463,1457,1486
4463,1458,1457
4463,1487,2919
4463,1486,1487
4464,4462,4454
4464,2903,4462
4465,4466,4467
4468,4469,2910
4468,4470,4469
4471,4468,2910
4471,2910,2909
4471,2909,4472
4473,4472,4474
4473,4471,4472
4475,2922,4476
4475,4476,2898
4475,2903,4464
4475,2898,2903
4477,2873,2780
4477,1472,1471
4477,209,207
4477,1471,2908
4477,2908,2945
4477,2780,1472
4477,2945,209
4478,4474,4472
4479,2906,2845
4479,1579,2906
4480,2909,2914
4480,4472,2909
4481,4476,2922
4481,2898,4476
4481,2922,2924
4482,4483,4478
4484,4482,4478
4485,4484,4478
4486,4485,4478
4486,4478,4472
4487,4480,2914
4487,4472,4480
4487,4488,4486
4487,4486,4472
4489,2930,2929
4489,4488,1528
4489,2931,2930
4489,1526,2931
4489,1527,1526
4489,1528,1527
4490,4491,4492
4490,4493,4489
4490,4494,4493
4490,4489,2929
4490,4495,4491
4490,4492,4494
4490,4496,4495
4490,2929,4496
4497,4498,4499
4500,2924,2921
4501,2933,2936
4501,2934,2933
4501,2936,4502
4503,4504,4495
4505,694,696
4505,691,694
4505,686,691
4505,696,4502
4506,2873,4477
4506,204,203
4506,201,198
4506,197,2873
4506,207,204
4506,198,197
4506,203,201
4506,4477,207
4507,4503,2928
4507,4508,4503
4509,4500,4510
4509,2932,2934
4511,4510,4512
4513,4514,1522
4513,4515,4514
4516,4515,4513
4517,2937,2941
4518,4519,4520
4518,4520,2932
4518,2932,4521
4522,4487,2914
4522,2914,1530
4522,1528,4488
4522,1529,1535
4522,1530,1529
4522,1535,1540
4522,4488,4487
4522,1540,1528
4523,4524,4525
4526,2946,2944
4526,2941,2937
4526,1525,2946
4526,2937,1525
4526,2944,2941
4527,686,4505
4527,4505,4528
4527,4528,2951
4527,2951,2950
4527,2955,1555
4527,1555,686
4529,4530,4531
4532,4533,4534
4532,4530,4529
4532,4535,4530
4532,4536,4533
4532,4537,4535
4532,4534,4537
4538,2983,1453
4538,1453,1508
4539,4540,4541
4539,4541,4542
4543,2949,2951
4543,4540,4539
4543,2951,4528
4543,4528,4540
4544,2947,2976
4545,2944,2946
4545,2946,2952
4545,2952,2953
4546,2953,4547
4548,2950,2956
4548,2956,2955
4548,2955,4527
4548,4527,2950
4549,4546,4547
4550,4544,2976
4551,2949,4543
4551,4552,2949
4553,2976,2975
4553,4550,2976
4554,1568,1575
4554,4547,2953
4554,2953,1568
4555,432,755
4555,2983,4538
4555,667,432
4555,755,2983
4555,4538,1508
4555,1508,667
4556,2959,2958
4556,2956,2959
4557,4552,4558
4559,4560,4554
4559,4554,1575
4559,1575,2961
4559,2963,4561
4559,2961,2963
4562,4563,4561
4562,4561,2963
4564,2956,4556
4564,710,2954
4564,2954,2956
4565,4562,2963
4566,2962,4567
4566,4565,2963
4566,2963,2962
4568,2960,4569
4568,2958,2960
4570,1579,4479
4570,2968,2967
4570,2980,1579
4570,2967,4571
4570,4571,2981
4570,2981,2980
4572,4573,2958
4572,2958,4568
4574,710,4564
4574,709,708
4574,708,710
4574,2971,709
4575,4576,4567
4577,4573,4572
4578,4579,4580
4578,4577,4579
4581,2969,2971
4581,2958,4573
4582,4583,4584
4585,4586,2988
4585,2988,2987
4585,4587,4586
4585,4588,4587
4589,4588,4585
4590,2969,4581
4591,4583,4582
4592,4593,4583
4592,4583,4591
4594,4595,4593
4594,4596,4595
4594,4593,4592
4597,2970,2969
4597,4598,2970
4597,2969,4590
4599,4585,2987
4599,2987,2994
4599,4589,4585
4599,3000,4600
4599,4600,4589
4601,4595,4596
4601,4596,4602
4603,4601,4602
4603,2999,4601
4603,4602,3000
4603,3000,2999
4604,4599,2994
4604,3000,4599
4604,2994,2993
4604,2993,3000
4605,4606,4607
4605,2970,4598
4605,4598,4606
4608,4601,2999
4608,4609,4606
4610,2970,4605
4610,2992,2970
4610,3003,2992
4611,2974,2973
4611,2986,2974
4611,2973,2978
4611,2978,1586
4611,3029,2986
4611,1586,3029
4612,4607,4606
4612,4606,4609
4612,4609,3006
4613,3101,2977
4613,2977,2976
4613,2976,2947
4614,4612,3006
4614,3006,3005
4614,3005,4615
4616,4614,4615
4616,4617,4607
4616,4618,4617
4619,3003,4617
4619,4617,4618
4620,4615,4621
4620,4616,4615
4620,4618,4616
4620,4619,4618
4620,4621,4619
4622,4623,4624
4622,4619,4621
4625,3013,3016
4625,4615,3005
4625,3005,3013
4626,4621,4615
4626,4625,3016
4626,4615,4625
4627,4621,4626
4627,3016,3018
4627,4626,3016
4627,3018,4628
4629,4628,3018
4630,3025,3027
4630,3019,4631
4630,707,3019
4630,4631,3025
4630,3027,1585
4630,1585,707
4632,4629,3018
4633,3017,3014
4633,3014,1589
4633,1589,1588
4633,4632,3018
4633,3018,3017
4633,1588,1591
4634,3024,4635
4636,4634,4635
4637,3025,4631
4638,1606,1609
4638,4633,1591
4638,1591,1606
4639,3025,4637
4640,3025,4639
4640,3026,3025
4641,4642,4643
4641,4644,4645
4646,3026,4640
4647,3030,3026
4648,2967,1599
4648,2979,2981
4648,1599,1649
4648,4571,2967
4648,1649,1665
4648,1665,1664
4648,2981,4571
4648,1664,3031
4648,3031,2979
4649,3026,4646
4650,4645,4644
4650,4644,1609
4650,1609,1608
4651,4645,4650
4652,2986,3035
4652,3035,1626
4652,3036,3028
4652,1626,3037
4652,3037,3036
4652,3028,2986
4653,3033,3029
4653,3040,3035
4653,3035,3033
4653,3029,3030
4654,4655,4656
4657,4658,3045
4657,3045,3044
4659,4660,4655
4661,3041,3040
4662,1625,3039
4662,3039,3047
4662,3047,4663
4662,3048,736
4662,4663,3048
4662,736,1625
4664,3044,3050
4665,4664,3050
4666,3041,4667
4668,3047,3041
4668,3041,4666
4669,3047,4668
4670,4663,3047
4670,3047,4669
4671,4672,4673
4674,4675,4676
4674,1653,1655
4677,4671,4675
4677,4675,4674
4677,4674,1655
4678,4679,3066
4680,4679,4678
4681,1655,1652
4682,4681,1652
4682,1652,3071
4683,1645,735
4683,734,738
4683,738,3083
4683,735,734
4684,3077,4685
4686,3080,3078
4686,3074,3080
4686,3071,3074
4686,4682,3071
4687,4688,4689
4690,3078,3077
4690,4686,3078
4690,3077,4684
4691,3077,3079
4691,4685,3077
4692,4687,4693
4694,4692,4695
4694,3070,4692
4696,3068,3070
4696,3069,3068
4697,3081,4693
4697,3079,3081
4697,4691,3079
4697,4693,4691
4698,4693,3081
4698,4692,4693
4698,4695,4692
4699,4700,4701
4699,4701,4702
4699,3069,4696
4699,4702,3069
4703,4698,3081
4703,4700,4694
4703,4694,4695
4703,4695,4698
4704,1607,1707
4704,224,223
4704,217,3009
4704,1707,224
4704,1570,1607
4704,220,218
4704,223,220
4704,3009,1570
4704,218,217
4705,4703,3081
4705,3084,3087
4705,3081,3084
4706,3087,4707
4706,4705,3087
4706,4701,4700
4706,4707,4701
4708,3082,3069
4708,3069,4702
4709,3082,4708
4710,3091,3094
4710,4707,3087
4710,3087,3091
4711,3083,3082
4711,4712,3097
4711,3097,3083
4711,3082,4709
4713,4710,3094
4713,4714,4715
4716,4713,3094
4716,4717,4714
4716,3094,3095
4716,3095,4717
4716,4714,4713
4718,3099,1645
4718,3097,3099
4718,4683,3083
4718,1645,4683
4718,3083,3097
4719,4720,4721
4722,4719,4721
4723,4722,4721
4723,4721,4715
4724,4715,4714
4724,4714,4717
4724,4723,4715
4725,3092,3102
4725,3093,3092
4726,1581,1695
4726,1647,1581
4726,1695,3120
4726,3120,3122
4726,3060,1647
4727,3102,3104
4727,3093,4725
4727,4728,3093
4727,4725,3102
4729,4712,4730
4729,3097,4712
4731,4732,4730
4731,4733,4732
4734,4728,4727
4735,4726,3122
4735,3060,4726
4735,3061,3060
4736,3104,3106
4736,4727,3104
4736,4734,4727
4736,4737,4734
4736,4738,4737
4739,4740,3098
4739,3097,4729
4739,3098,3097
4741,4736,3106
4741,4738,4736
4742,3098,4740
4742,3099,3098
4743,4744,4745
4746,4747,4748
4746,4740,4747
4749,4746,4748
4749,4750,4746
4751,4749,4748
4752,4745,4744
4752,4748,4745
4752,4751,4748
4753,4754,3111
4753,3111,3114
4753,3114,3115
4753,3115,3116
4753,3116,3117
4755,4756,4757
4758,4753,3117
4759,4760,4761
4759,4755,4760
4759,4756,4755
4762,4758,3117
4762,3117,3119
4762,3119,3121
4763,1708,4762
4763,4762,3121
4763,3121,1708
4764,4758,4762
4764,4762,1708
4765,3128,3127
4765,3136,3135
4765,3135,3128
4765,3131,3136
4766,3131,4765
4767,4768,4756
4767,4756,4759
4767,4759,4769
4767,4770,4768
4771,3132,3131
4771,3133,3132
4771,3141,3134
4771,3134,3133
4771,4766,4764
4771,3131,4766
4771,4764,1708
4772,4773,4770
4772,4770,4767
4772,4769,4774
4772,4767,4769
4772,4775,4773
4776,3141,4771
4776,4771,1708
4777,3141,4776
4777,4776,1708
4778,4772,4774
4778,4775,4772
4779,3140,3141
4779,3141,4777
4779,4777,1708
4779,1708,1711
4779,1711,3140
4780,4781,4775
4780,4775,4778
4782,3118,1703
4782,1703,1723
4782,1723,3159
4782,3159,3118
4783,3137,3146
4783,4784,3137
4785,4783,3146
4786,3139,4787
4786,3144,3139
4788,4789,4785
4790,4785,3146
4790,4788,4785
4790,3145,1722
4790,3157,3156
4790,3152,3157
4790,1722,3152
4790,3146,3145
4791,3143,3144
4791,3147,3143
4792,4793,4794
4795,4792,4794
4796,4797,4791
4796,4791,3144
4796,3144,4786
4798,4792,4795
4799,4800,4801
4799,4801,4802
4799,4802,4803
4799,4804,4800
4799,4805,4804
4799,4806,4805
4807,3147,4791
4807,4791,4797
4807,3149,3147
4807,3160,3149
4808,4798,4795
4809,3158,4806
4809,4799,4803
4809,4806,4799
4809,3155,3158
4809,3156,3155
4810,4806,3158
4810,4805,4806
4811,3123,1687
4811,1687,1698
4811,3162,3125
4811,3125,3123
4812,4813,4814
4812,4815,4813
4816,3158,3164
4816,4810,3158
4817,4818,4815
4817,4812,4819
4817,4815,4812
4820,4818,4817
4820,4821,4818
4822,3162,4811
4822,230,229
4822,1698,1697
4822,1713,230
4822,1697,1714
4822,1714,1713
4822,4811,1698
4823,4821,4820
4824,4807,4797
4824,3160,4807
4824,3163,3160
4825,4816,3164
4826,4827,4828
4829,4827,4826
4829,4825,3164
4830,4813,4815
4831,4818,4821
4832,4831,4821
4832,4821,4833
4834,4835,4836
4837,4832,4833
4837,4833,4828
4838,4824,4839
4838,3163,4824
4838,4839,4836
4840,3165,3163
4840,4841,3165
4842,4840,3163
4842,3163,4838
4843,4844,4845
4843,4846,4844
4843,4847,4846
4848,4838,4836
4848,4842,4838
4849,3168,3173
4850,4840,4842
4851,4841,4840
4851,4840,4850
4852,4851,4850
4852,4853,4851
4854,4849,3173
4855,3154,3165
4855,4841,4851
4855,3165,4841
4856,4853,4852
4857,4858,4859
4860,4853,4861
4860,4851,4853
4860,4855,4851
4862,3179,3154
4862,3154,4855
4862,4855,4860
4863,4853,4856
4863,4856,4864
4865,4861,4853
4865,4853,4863
4866,3173,3172
4867,4866,3172
4868,3175,3174
4869,3179,4862
4870,4871,4868
4872,3179,4869
4872,4869,4873
4874,3172,1737
4874,4867,3172
4874,1737,3188
4875,4876,4870
4875,3198,4876
4875,3188,3198
4875,4874,3188
4877,4872,4873
4878,3179,4872
4878,3177,3179
4878,3183,3177
4879,4872,4877
4879,4878,4872
4880,3169,3162
4880,1752,3169
4880,1765,1752
4881,4879,4877
4882,4878,4879
4883,4880,3162
4883,3265,3264
4883,229,3265
4883,3162,4822
4883,1765,4880
4883,3264,1774
4883,4822,229
4883,1774,1765
4884,3183,4878
4884,4878,4882
4884,3185,3183
4884,4885,3185
4886,4884,4882
4886,4885,4884
4887,3182,3184
4887,3184,3185
4887,3185,4888
4887,3187,3182
4889,4890,4891
4889,4892,4890
4893,4886,4882
4893,4885,4886
4893,4894,4885
4895,3199,3187
4895,3187,4887
4895,4887,4888
4896,4885,4894
4896,4894,4897
4898,4896,4897
4899,3201,3202
4899,4876,3198
4899,3198,3201
4900,4895,4888
4900,3199,4895
4901,4902,4903
4904,4903,4905
4904,4901,4903
4906,4904,4905
4907,4905,4908
4907,4906,4905
4909,4910,4911
4909,4912,4910
4913,4912,4909
4914,4899,3202
4915,4916,4917
4918,4916,4915
4919,4916,4918
4919,4920,4916
4921,4920,4919
4922,4920,4921
4922,4923,4924
4922,4924,4920
4925,4914,3202
4925,3202,3206
4925,3206,4926
4927,3199,4900
4927,3200,3199
4928,4926,3206
4928,3206,3207
4929,4928,3207
4929,4930,4928
4929,3208,3209
4929,3207,3208
4931,3214,4932
4933,3214,4931
4934,3214,4933
4935,3214,4934
4936,3214,4935
4937,3214,4936
4938,3214,4937
4939,3214,4938
4940,3214,4939
4940,4939,3209
4941,3214,4940
4941,4940,3209
4942,3214,4941
4942,4941,3209
4943,4942,3209
4943,3214,4942
4944,3214,4943
4944,4943,3209
4945,4946,4947
4945,4947,4948
4945,4948,4949
4945,4949,4950
4945,4950,4951
4945,4951,4952
4945,4952,4953
4945,4953,4954
4945,4954,4955
4945,4955,4956
4945,4956,4957
4958,3214,4944
4958,4944,3209
4959,3214,4958
4959,4958,3209
4960,3214,4959
4960,4959,3209
4961,3214,4960
4961,4960,3209
4961,3231,3214
4961,1777,3231
4961,3209,1777
4962,4957,4963
4962,4945,4957
4964,4963,4965
4964,4965,4966
4964,4962,4963
4967,4968,4969
4967,4964,4966
4967,4970,3214
4967,4969,4970
4967,4966,4971
4967,4971,4972
4967,3214,3213
4967,4972,4973
4967,4973,4974
4967,4974,4975
4967,4975,4968
4976,3221,3222
4976,4977,4978
4976,4967,3213
4976,4964,4967
4976,1778,3233
4976,4979,4977
4976,3233,4979
4976,4962,4964
4976,3213,3212
4976,3212,3215
4976,3215,3216
4976,3216,3218
4976,3218,3219
4976,3219,3220
4976,3222,1778
4976,3220,3221
4980,4981,4982
4983,4982,4984
4983,4980,4982
4983,4984,4985
4986,4978,4977
4987,4983,4985
4987,4985,4988
4989,4987,4988
4990,4991,4992
4990,4989,4988
4990,4988,4991
4993,4980,4983
4993,4994,4980
4995,4996,4997
4998,4996,4995
4999,4996,4998
5000,4996,4999
5000,4999,4986
5001,4996,5000
5001,5000,4986
5002,4996,5001
5002,5001,4986
5003,4996,5002
5003,5002,4986
5004,4996,5003
5004,5003,4986
5004,4986,4977
5005,5006,5007
5005,3236,3235
5005,5008,5006
5005,5007,3236
5009,80,79
5009,81,80
5010,5011,5012
5013,81,5009
5013,5009,5011
5013,82,81
5014,5013,5011
5014,5015,5016
5014,5011,5010
5014,82,5013
5014,5010,5015
5014,83,82
5017,3255,3256
5017,3256,3257
5017,3257,3258
5017,3258,3259
5017,3259,3260
5017,3260,3261
5017,3261,3262
5017,3267,1784
5017,3316,5018
5017,1784,3316
5017,3262,3267
5019,5014,5016
5019,83,5014
5019,5016,5020
5019,84,83
5019,85,84
5021,85,5019
5021,86,85
5022,3271,3270
5022,5023,5024
5022,5025,5023
5022,3270,5025
5026,86,5021
5027,86,5026
5027,87,86
5027,88,87
5028,3304,3303
5028,3303,3308
5028,5018,3316
5028,3311,3304
5028,3312,3311
5029,3322,3269
5029,3263,3322
5029,1775,1773
5029,3269,1775
5029,1773,3263
5030,112,3302
5030,113,112
5030,114,113
5031,115,114
5031,116,115
5031,117,116
5031,114,5030
5031,3315,117
5032,3325,1787
5032,1787,1779
5033,5032,1779
5033,3325,5032
5034,3325,5033
5034,3327,3326
5034,1779,3246
5034,3328,3327
5034,3246,3266
5034,3326,3325
5034,3329,3328
5034,5033,1779
5035,3332,1795
5035,3331,3333
5035,1795,3269
5035,3333,3332
5035,3269,3331
5036,5034,3266
5036,3329,5034
5036,288,3329
5036,289,288
5036,292,289
5037,130,3333
5037,1808,1806
5037,1806,130
5037,1803,1808
5037,3333,3331
5037,3331,1803
5038,3337,1
5039,3341,3339
5039,3339,3338
5040,3337,5038
5040,5041,822
5040,822,3337
5042,3348,3347
5043,3348,5042
5044,3348,5043
5045,3348,5044
5045,3352,3348
5046,5047,5048
5046,5049,3344
5046,5048,5049
5046,5041,5050
5046,5050,5047
5051,5046,3344
5052,3344,3343
5052,5051,3344
5053,5052,3343
5054,5053,3343
5055,3343,3349
5055,5054,3343
5056,5041,5046
5056,822,5041
5056,1831,823
5056,823,822
5056,1833,1831
5056,1834,1833
5056,1835,1834
5056,1836,1835
5056,3365,1836
5056,5057,5058
5056,5059,3365
5056,5058,5059
5060,3353,1827
5060,1827,3358
5061,3357,5062
5061,3358,3357
5061,5063,5060
5061,5060,3358
5064,5065,5066
5064,5067,5065
5068,5067,5064
5069,5068,5062
5069,5067,5068
5070,5062,3357
5070,3357,3359
5070,5069,5062
5070,5067,5069
5071,5057,5072
5071,5072,5066
5071,5066,5065
5071,3364,3365
5071,3368,3364
5071,5058,5057
5071,3365,5059
5071,5059,5058
5073,3368,5071
5073,5065,5067
5073,5071,5065
5074,5073,5067
5074,3366,3368
5074,3359,3366
5074,3368,5073
5074,5070,3359
5074,5067,5070
5075,3363,1846
5075,3362,3361
5075,1846,1850
5075,3361,3363
5075,1850,3362
5076,1844,889
5077,5078,5079
5080,3372,5077
5080,3378,1849
5080,1849,3372
5081,5079,5078
5081,3377,3376
5082,5079,5081
5082,5081,3376
5082,3376,3380
5083,3378,5080
5084,5082,3380
5084,5079,5082
5085,3374,3373
5085,3362,1889
5085,3373,3362
5086,3383,3389
5086,1850,3383
5086,1889,3362
5086,3362,1850
5086,3389,1889
5087,3387,3374
5087,5085,1889
5087,3374,5085
5087,1863,3387
5087,1889,1863
5088,5089,5090
5088,5091,5089
5092,5093,5090
5092,5090,5089
5092,3378,5094
5092,5094,5093
5092,3382,3378
5095,5091,5096
5095,5089,5091
5097,1922,1832
5097,3364,3409
5097,1832,3364
5098,3391,3392
5099,5100,5101
5102,5103,5104
5102,3400,5103
5102,5105,3385
5102,1868,3400
5102,3385,1868
5106,3391,5098
5106,5099,5101
5106,5098,5099
5107,3390,3391
5108,5102,5104
5109,3394,5110
5109,3404,3394
5109,3407,3404
5109,3408,3407
5111,5104,5103
5111,5103,3400
5111,3400,3401
5111,5108,5104
5112,5113,5114
5115,5113,5112
5115,5116,5113
5117,5114,5113
5118,854,3393
5118,3501,525
5118,3500,3499
5118,3450,3500
5118,3445,3450
5118,3499,3501
5118,525,854
5118,3393,3445
5119,3406,3408
5119,3408,5117
5120,3406,5119
5120,3403,3406
5120,3413,3403
5121,1893,1895
5121,1895,3403
5121,3412,5122
5121,3403,3412
5123,5097,3409
5123,1922,5097
5123,3409,3483
5124,5125,5111
5124,3401,3417
5124,5111,3401
5124,3420,5126
5124,3417,3420
5127,5121,5122
5127,1896,1893
5127,1893,5121
5128,5126,3420
5128,3420,3419
5129,3419,3426
5129,5128,3419
5130,5129,3426
5130,5131,5129
5132,1925,3429
5132,3429,1930
5132,3410,1925
5132,1930,3410
5133,5130,3426
5133,5134,5130
5135,5133,3426
5135,3426,3432
5135,5136,5133
5137,3432,3434
5138,5139,5137
5140,3423,3424
5140,3424,3427
5141,3421,3423
5141,3423,5140
5141,3422,3421
5141,3438,3422
5142,5140,3427
5143,5142,3427
5144,5137,3434
5144,5145,5138
5144,5138,5137
5146,5145,5144
5147,5146,5144
5147,5144,3434
5148,5123,3483
5148,1922,5123
5148,3483,3486
5149,3443,3441
5149,3441,3438
5149,3438,5141
5150,3443,5149
5151,5147,3434
5152,3455,5153
5154,3455,5152
5154,3453,3455
5155,3453,5154
5155,3457,3453
5156,5151,3434
5156,5157,5151
5156,3458,5157
5156,3434,3444
5156,3444,3458
5158,3459,3442
5158,3443,5150
5158,5153,3455
5158,3442,3443
5158,3455,3459
5159,5157,3458
5159,3457,5155
5159,3461,3457
5159,3458,3461
5160,3396,3395
5161,1951,3439
5161,3439,3440
5161,3440,3442
5162,3442,3459
5163,5161,3442
5164,3442,5162
5165,5164,5162
5165,3462,5164
5165,3459,3454
5165,5162,3459
5165,3454,3462
5166,5163,3442
5166,3442,5164
5167,5166,5164
5168,3463,1966
5168,3464,3463
5169,5170,3475
5169,3475,1952
5169,1952,1951
5169,1951,5161
5171,1966,3470
5171,5168,1966
5172,3467,3466
5172,3470,3467
5172,5171,3470
5173,5174,5175
5173,5175,5170
5173,5170,5169
5173,5169,5176
5177,5174,5173
5177,3465,3469
5177,3469,5174
5178,3472,3476
5178,1962,3472
5178,978,1962
5178,3476,1987
5178,1987,978
5179,3475,5170
5179,5170,5175
5179,3473,3475
5180,5174,3469
5180,3469,3468
5181,3474,3473
5182,5183,5184
5185,5186,5187
5185,5181,5186
5185,3474,5181
5188,3476,3474
5188,3477,3476
5188,3496,3477
5189,3482,3396
5190,3494,5191
5190,5192,3479
5190,3479,1990
5190,1989,3494
5190,1990,1989
5193,5191,3494
5194,5193,3494
5194,3494,3493
5194,3493,5195
5196,3487,1987
5196,3488,3487
5196,1987,3477
5196,3495,3488
5196,3477,3495
5197,5194,5195
5197,5195,5198
5199,3493,3492
5200,1992,1999
5200,3492,1989
5200,1989,1988
5200,1988,1992
5200,1999,5201
5200,5201,3492
5202,5201,5203
5202,5199,3492
5202,3492,5201
5204,5202,5203
5205,5206,5207
5208,3502,3503
5209,5207,5203
5209,5205,5207
5210,5208,5211
5212,3507,3502
5212,5208,5210
5212,3502,5208
5213,5212,5210
5214,3482,5189
5214,2042,2041
5214,2041,3482
5215,5216,5217
5218,3507,5219
5220,5221,5222
5223,5203,5201
5223,2010,2016
5223,1999,2010
5223,5201,1999
5224,2018,2009
5224,3507,5218
5224,2009,3507
5225,5217,5216
5225,5216,5221
5226,2023,2018
5226,2018,5224
5227,3512,5221
5227,2004,3512
5227,5221,5220
5228,5221,3512
5228,5225,5221
5229,2027,2024
5230,5228,3512
5230,3512,2006
5230,2006,2028
5231,3511,2065
5231,2065,2053
5232,2025,2029
5233,3532,3531
5234,3526,5235
5236,3519,3520
5236,3524,3519
5237,3525,3526
5237,3526,5234
5238,3523,3539
5238,3539,3540
5238,3540,5239
5238,2037,3523
5240,3527,5241
5240,3520,3527
5242,3524,5236
5242,3533,3524
5243,5244,5239
5245,5239,3540
5245,3540,3542
5245,5243,5239
5246,2040,2046
5246,3505,2043
5246,2046,2047
5246,2047,2048
5246,3544,3505
5246,2043,2040
5247,3555,3554
5247,3520,5240
5248,3543,3533
5248,3533,5242
5249,3545,3574
5249,3528,3498
5249,3498,3505
5249,3505,3545
5250,5240,5241
5251,3542,3549
5252,5250,5253
5252,3555,5247
5252,5247,5240
5252,5240,5250
5254,5255,5251
5256,5246,2048
5256,2048,3550
5257,3555,5252
5258,3557,3556
5258,5248,3557
5258,3543,5248
5259,5251,3549
5259,2070,3558
5259,3549,2070
5259,5254,5251
5260,5259,3558
5261,5260,3558
5261,3558,3561
5262,3543,5258
5263,3534,3563
5263,2057,3534
5263,3562,2068
5263,2068,2057
5263,3563,3562
5264,5265,3560
5264,3560,3559
5266,3564,3563
5267,5268,3548
5267,5269,5268
5267,3548,3544
5270,2083,5271
5270,2084,2083
5270,3566,2084
5270,3559,3561
5270,3561,3566
5272,5273,5274
5275,5273,5272
5275,5276,5273
5277,5276,5275
5277,5278,5276
5279,2110,3572
5279,2076,2078
5279,3572,2064
5279,2064,2051
5279,2051,3551
5279,3538,2110
5279,3551,2075
5279,2078,3538
5279,2075,2074
5279,2074,2076
5280,5274,5273
5280,5281,5282
5280,5283,5281
5280,5284,5283
5285,5280,5273
5285,5284,5280
5286,5278,5277
5286,5277,5287
5288,5266,5289
5288,3564,5266
5288,5289,5282
5290,5288,5282
5291,5278,5286
5292,5290,5282
5293,5285,5273
5293,5284,5285
5293,5273,5276
5293,5276,5278
5294,5292,5282
5295,5296,5297
5295,5297,5271
5295,5271,2083
5295,5291,5296
5295,5278,5291
5298,1022,2106
5298,2060,2059
5298,2059,2061
5298,2061,2062
5298,2062,1022
5299,5278,5295
5299,5300,5278
5299,5295,2083
5299,2083,3567
5301,5300,5299
5301,5299,3567
5302,3562,3564
5302,2087,3562
5303,3567,3571
5303,5304,5301
5303,5301,3567
5305,5306,5302
5305,5302,3564
5307,5302,5306
5307,2087,5302
5308,2086,2087
5309,2086,5308
5309,3576,3570
5309,5310,3576
5309,5308,5310
5309,3570,2086
5311,3548,5268
5311,5312,3574
5311,5313,5312
5311,5314,5313
5311,3574,3547
5311,3547,3548
5315,5314,5311
5315,5316,5314
5317,5316,5315
5318,5319,5306
5320,3585,5316
5320,5316,5317
5320,3588,3585
5321,5249,3574
5321,3528,5249
5322,3588,5320
5323,3571,3577
5324,5325,5326
5327,3577,2120
5327,5323,3577
5327,5328,5323
5329,5327,2120
5329,5328,5327
5330,3576,5310
5331,3575,3576
5331,3576,5330
5332,5329,2120
5332,2120,3584
5332,3584,3590
5332,5333,5329
5334,3596,3595
5335,2111,3580
5335,3580,3595
5335,3595,3594
5336,3590,3589
5337,3574,5312
5337,5312,5313
5337,5313,5314
5337,5314,5316
5337,5321,3574
5338,5339,5337
5338,5337,5316
5340,5339,5338
5340,5338,5316
5341,5335,3594
5341,2111,5335
5342,5339,5340
5342,5340,5316
5343,5342,5316
5343,5339,5342
5343,5316,3585
5343,3585,3587
5343,3587,5344
5343,5344,5339
5345,3596,5334
5346,3589,3599
5346,5336,3589
5346,5347,5336
5348,5347,5346
5349,3602,2111
5349,3600,3602
5349,5341,3594
5349,2111,5341
5349,3594,3600
5350,5348,5346
5351,3596,5345
5352,3596,5351
5352,3594,3596
5353,5352,5351
5353,5354,5352
5355,3599,3603
5355,5346,3599
5355,5356,5350
5355,5350,5346
5357,3594,5352
5357,3601,3594
5357,5352,5354
5358,3601,5357
5359,3603,2122
5359,5360,5356
5359,3611,5360
5359,3609,3611
5359,5356,5355
5359,2122,3609
5359,5355,3603
5361,3604,3600
5362,3610,3612
5363,3601,5358
5364,5361,3600
5364,3601,5363
5364,3600,3601
5365,5362,3612
5366,3614,3604
5366,5361,5364
5366,3604,5361
5367,3602,3604
5367,3604,3615
5367,3605,3602
5367,3616,3605
5367,3615,3616
5368,5365,3612
5368,3612,3613
5369,3643,5321
5370,3614,5366
5371,5372,3613
5371,3618,3620
5371,3613,3618
5373,3615,3614
5374,1065,3616
5374,3616,3619
5374,3619,5375
5374,5375,3623
5374,1069,1065
5374,3623,1069
5376,5371,3620
5376,3620,3622
5377,3615,5373
5377,3619,3615
5378,5379,5380
5378,3619,5377
5378,5377,5379
5381,3619,5378
5381,5378,5380
5382,5380,5383
5382,5381,5380
5382,3619,5381
5382,5375,3619
5384,5382,5383
5384,3625,3623
5384,5375,5382
5384,3623,5375
5385,5383,5380
5385,5380,5386
5387,5383,5385
5388,5384,5383
5388,3625,5384
5389,3625,5388
5389,3628,3625
5390,3629,2138
5391,5392,5393
5391,5394,5392
5395,3628,5389
5396,5391,5393
5396,3637,3639
5397,3628,5395
5397,5395,5398
5399,5390,2138
5399,5393,5390
5399,5396,5393
5399,3637,5396
5399,2138,3637
5400,3631,3628
5400,5401,3631
5400,3628,5397
5402,3587,3586
5403,5396,3639
5404,3639,5405
5404,5403,3639
5406,5401,3641
5406,3631,5401
5406,3634,3631
5406,3636,3634
5406,2156,3636
5406,3641,2156
5407,3641,5401
5407,5401,5408
5409,5405,3639
5410,3641,5407
5411,3640,3641
5411,3641,5410
5412,3647,3640
5412,3640,5411
5413,3644,3647
5414,3654,5415
5414,1103,3654
5414,3639,1103
5414,5409,3639
5414,5415,5416
5417,3648,3644
5417,3644,5413
5417,3652,3648
5418,5415,3654
5418,5419,5415
5420,3656,3655
5420,5421,3656
5420,5422,5421
5423,5420,3655
5424,5418,3654
5424,3654,2163
5424,2163,2165
5425,3652,5423
5426,5427,3649
5426,5425,5428
5426,3652,5425
5426,3649,3652
5429,5430,5427
5429,5427,5426
5429,5426,5428
5431,3657,3649
5431,3649,5427
5431,5427,5430
5432,3655,2164
5432,5433,5428
5434,5428,5433
5434,5435,5430
5434,5429,5428
5434,5430,5429
5436,3659,3657
5436,3657,5431
5437,5432,2164
5437,5433,5432
5437,2164,3663
5438,3659,5436
5439,3664,3659
5439,5438,5440
5439,3659,5438
5439,5440,3664
5441,5440,5442
5441,5442,3669
5441,3669,3670
5443,5442,3666
5443,2177,3669
5443,3669,5442
5443,3666,3665
5443,3665,2177
5444,5440,5441
5444,5441,3670
5444,3664,5440
5445,3662,3664
5445,3664,5444
5446,3662,5445
5447,3662,5446
5448,2172,3662
5448,3674,3673
5448,3662,5447
5448,3673,2172
5449,5450,5402
5451,5452,3676
5451,3676,3677
5451,3677,3681
5453,3678,3674
5454,2173,2175
5454,2175,2188
5454,2197,3667
5454,3660,2173
5454,3667,3660
5455,3674,5456
5455,5453,3674
5457,3687,3682
5458,5402,5450
5458,3587,5402
5458,3735,3737
5458,3737,3738
5459,3685,3691
5459,3686,3685
5460,5461,5459
5460,3691,3692
5460,5459,3691
5462,2187,3687
5463,5460,3692
5463,5461,5460
5464,5463,3692
5464,5461,5463
5465,5462,5466
5465,5466,5467
5465,2187,5462
5465,3693,2187
5465,5467,3693
5468,3692,3694
5468,5464,3692
5468,3694,3696
5469,5454,2188
5469,2199,2197
5469,2197,5454
5470,5466,5468
5470,5468,3696
5470,5467,5466
5471,5472,5473
5471,5469,2188
5471,2188,3693
5474,5470,3696
5474,5467,5470
5475,5474,3696
5475,5467,5474
5475,3696,3695
5476,5467,5475
5477,5478,5472
5479,2206,3764
5479,3764,2229
5479,5450,5449
5479,1094,2206
5479,1095,1094
5479,5449,1095
5480,3694,2193
5480,3695,3694
5480,2193,3699
5481,5473,5472
5482,5473,5481
5483,5484,5485
5483,5486,5484
5487,5483,5485
5488,3702,5482
5489,3702,5488
5489,3701,3702
5490,3701,5489
5491,5492,5485
5493,5485,5484
5493,2191,3709
5493,5484,2191
5493,5491,5485
5493,3712,5491
5493,3709,3712
5494,5491,3712
5495,5496,5497
5498,5499,5494
5498,5494,3712
5500,3707,5495
5501,3706,2204
5501,3714,3706
5502,3712,3711
5503,5502,3711
5503,5504,5502
5505,3734,3797
5506,5504,5503
5507,3790,2271
5507,3653,3697
5508,2229,2232
5508,2232,3801
5508,5479,2229
5508,5450,5479
5508,3801,3800
5509,5503,3711
5509,5506,5503
5510,1114,1123
5510,2224,3709
5510,2191,1114
5510,1138,2224
5510,1123,1133
5510,3709,2191
5510,1133,1138
5511,5509,3711
5511,3711,3723
5511,3723,2218
5512,3713,3715
5512,3715,5513
5514,5511,2218
5514,2218,2217
5515,5516,5517
5518,3713,5512
5518,5512,5513
5519,5520,5515
5519,5515,3719
5519,5513,5520
5519,3719,3721
5521,3713,5518
5521,3718,3713
5522,5518,5513
5522,5513,5519
5522,5519,3721
5522,3721,3726
5523,3718,5521
5524,3730,3716
5524,3716,3718
5524,3718,5523
5524,5525,3730
5526,3716,3730
5526,3732,3728
5526,3730,3732
5526,2213,2208
5526,3728,2213
5526,2208,3716
5527,5528,3725
5529,5527,3725
5529,3725,3724
5530,3727,3721
5530,3721,3720
5530,3720,2216
5531,3727,5530
5531,2216,3744
5531,5532,3727
5531,5530,2216
5533,3744,3745
5533,5531,3744
5533,5534,5532
5533,5532,5531
5535,3731,3730
5536,5534,5533
5536,5533,3745
5536,3745,3751
5536,5537,5534
5538,3731,5535
5539,5536,3751
5539,5537,5536
5539,3751,3756
5539,3756,3755
5540,3790,5507
5540,5507,3697
5541,3731,5538
5541,3732,3731
5541,5542,3748
5541,3748,3732
5543,5540,3697
5544,3797,2275
5544,5505,3797
5545,3742,3729
5545,3729,3759
5546,3748,5542
5546,3749,3748
5547,3755,3753
5547,3763,5548
5549,3749,5546
5549,5550,3749
5549,5546,5551
5552,5553,5548
5552,5548,3763
5554,5552,3763
5554,3763,3762
5555,5556,5551
5555,5554,3762
5557,3742,5545
5557,5545,3759
5557,3757,3742
5558,5551,5556
5558,5550,5549
5558,5549,5551
5559,3754,3761
5559,3753,3754
5559,3761,3763
5559,3763,5547
5559,5547,3753
5560,5556,5555
5560,5555,3762
5560,3762,3761
5561,2221,2246
5561,2246,3768
5561,3768,1140
5561,2220,2221
5561,1140,2220
5562,3765,2247
5562,5557,3765
5562,3757,5557
5562,2246,3757
5562,2247,2246
5563,5557,3759
5564,5556,5560
5565,5557,5563
5565,3765,5557
5565,5563,5566
5567,3800,3799
5567,3799,3793
5568,3761,3754
5568,3754,3767
5568,3767,2260
5568,2260,3774
5569,3775,3773
5570,5569,3773
5571,3765,5565
5572,3792,3741
5572,3741,3746
5572,3746,3736
5572,5567,3793
5572,3736,5567
5572,3793,3792
5573,5574,5568
5573,5575,5574
5573,5568,3774
5573,3774,3775
5576,3765,5571
5576,3766,3765
5577,5578,5579
5580,3766,5576
5581,3766,5580
5582,3766,5581
5583,3766,5582
5583,3776,3766
5583,3777,3776
5584,3772,3783
5584,3783,2269
5585,5584,2269
5586,2260,2261
5586,2261,3783
5586,3774,2260
5586,3783,3774
5587,3777,5583
5588,5585,2269
5588,2270,3778
5588,2269,2270
5589,3777,5587
5590,3777,5589
5590,3781,3777
5591,5592,3782
5591,3782,3781
5593,3781,5590
5593,5591,3781
5594,2268,5595
5594,3784,2270
5594,2270,2268
5596,5594,5595
5596,5597,5598
5596,5595,5597
5599,5600,3809
5599,3770,5600
5599,3787,3769
5599,3809,3787
5599,3769,3770
5601,3782,5592
5602,5603,5601
5602,5604,5603
5602,5601,5592
5605,3791,3790
5605,3805,3798
5605,3813,3805
5605,3798,3791
5606,5607,5597
5606,5595,3794
5606,5597,5595
5608,5600,3770
5608,3782,5601
5608,3770,3782
5609,5605,5610
5609,3813,5605
5611,3794,3796
5611,5606,3794
5612,5609,5610
5612,3813,5609
5612,3818,3813
5613,5603,5604
5613,5611,3796
5613,5604,5611
5614,5595,2268
5615,5600,5608
5616,5614,2268
5616,2261,3816
5616,3816,3825
5616,3825,5614
5616,2268,2261
5617,5612,5610
5617,3818,5612
5618,5613,3796
5619,5615,5620
5619,3809,5600
5619,5600,5615
5621,3794,5595
5621,5595,5614
5621,5614,3825
5622,5620,5615
5622,5623,5624
5625,5623,5618
5625,5624,5623
5626,5622,5624
5626,5620,5622
5627,5624,5625
5627,5625,3823
5627,5628,5624
5629,3809,5619
5629,3808,3809
5630,5626,5624
5630,5620,5626
5630,5624,5628
5631,5621,3825
5631,3828,3795
5631,3795,3794
5631,3825,3828
5631,3794,5621
5632,3808,5629
5633,3818,5617
5633,2280,2315
5633,5610,5634
5633,2315,3818
5633,5634,5635
5633,5635,2280
5633,5617,5610
5636,3808,5632
5636,3819,3808
5637,3823,3821
5637,5628,5627
5637,5627,3823
5638,3821,3827
5638,5637,3821
5638,5628,5637
5638,5639,5628
5640,3819,5636
5641,5638,3827
5642,3819,5640
5642,3820,3819
5643,3820,5642
5644,5645,5641
5644,5641,3827
5644,3827,3822
5646,3811,3789
5646,3820,5643
5646,3789,3820
5647,5648,5645
5647,5645,5644
5647,5644,3822
5649,5646,5643
5650,3811,5646
5650,5646,5649
5651,3829,3811
5651,3811,5650
5652,5647,3822
5652,5653,5647
5654,5651,5650
5655,5656,5657
5655,3829,5651
5655,5651,5656
5658,5655,5657
5658,5657,5659
5658,3829,5655
5660,5658,5659
5660,3829,5658
5660,3831,3829
5660,3832,3831
5660,3837,3832
5661,3822,2330
5661,5652,3822
5661,2330,2332
5662,5659,5657
5663,5659,5662
5664,5661,2332
5665,3866,2379
5665,3844,3866
5665,3839,3803
5665,3803,3844
5665,2379,3839
5666,3837,5660
5666,5660,5659
5666,5659,5667
5666,5667,5668
5669,5670,5671
5669,5671,3847
5672,5659,5663
5672,5667,5659
5673,5664,2332
5673,3847,5671
5673,5671,5664
5673,2332,3847
5674,5667,5672
5675,3835,3837
5675,5666,5668
5675,3837,5666
5676,3836,3835
5676,3855,3836
5676,3835,5675
5677,5669,3847
5677,5678,5669
5677,5679,5678
5677,3847,2331
5680,3855,5676
5680,3856,3855
5681,2331,3859
5681,5679,5677
5681,5677,2331
5682,5680,5683
5684,3859,3860
5684,3860,5685
5686,3862,3857
5686,3854,5687
5686,3857,3854
5688,3862,5686
5689,3870,3878
5689,3846,3865
5689,3865,3870
5690,3868,3876
5691,5690,3876
5691,3876,3882
5691,3882,3881
5692,3869,3867
5692,3867,5693
5694,5691,3881
5695,5694,3881
5696,5689,3878
5696,3874,3875
5696,3875,5689
5697,3869,5692
5697,3877,3870
5697,3870,3869
5698,3877,5697
5699,5700,3880
5699,3880,3885
5701,3883,3874
5702,3874,5696
5702,5701,3874
5703,5702,5696
5703,5696,3878
5704,3885,3886
5704,5705,3885
5704,3886,3893
5706,5704,3893
5707,3896,3883
5707,5701,5702
5707,3883,5701
5708,3892,3886
5708,2375,3902
5708,3884,2375
5708,3886,3884
5708,3902,3892
5709,3896,5707
5710,3899,3896
5710,3896,5709
5711,5712,5713
5711,5713,3892
5711,3905,5712
5711,3902,3905
5711,3892,3902
5714,3901,3900
5714,3909,3908
5714,3908,3901
5714,3900,3888
5714,3888,3909
5715,3899,5710
5716,5712,3905
5716,3905,3907
5717,3899,5715
5717,3898,3899
5718,5719,5717
5718,5717,5715
5720,5718,5715
5721,5717,5719
5721,3898,5717
5722,2375,3894
5722,3903,2375
5722,1177,1176
5722,3894,1177
5722,1176,2404
5722,2404,3903
5723,5719,5718
5723,5721,5719
5724,5725,5726
5727,5728,3910
5727,3910,5729
5730,5726,3907
5730,3906,2412
5730,3907,3906
5730,5724,5726
5731,3914,2397
5731,3901,3908
5731,3908,5732
5731,2397,3901
5733,3910,5728
5733,3908,3910
5733,5732,3908
5734,5728,5727
5735,5730,2412
5736,5737,5738
5736,5739,5737
5740,5736,5738
5740,5738,5741
5742,5740,5741
5743,5738,5735
5743,5735,2412
5744,5732,5745
5746,5747,5748
5749,3929,3935
5749,2430,2429
5749,1186,1190
5749,1190,1197
5749,3912,2395
5749,2420,3929
5749,1197,1198
5749,2431,3912
5749,1198,2420
5749,2429,2431
5749,3935,2430
5749,2395,1186
5750,5751,5752
5753,5754,3915
5755,5738,5743
5755,2412,2411
5755,5743,2412
5755,2411,2426
5755,5741,5738
5756,5750,5752
5757,3915,5754
5757,3913,3915
5757,3916,3913
5757,3918,3916
5758,5755,2426
5758,5741,5755
5758,2426,2425
5759,5760,5754
5759,5754,5753
5761,3917,3918
5761,3918,5757
5761,5757,5762
5763,5760,5759
5764,3919,3917
5764,3928,3919
5764,3917,5761
5764,5761,5762
5765,5766,5767
5768,5762,5757
5769,5768,5770
5771,3925,2427
5771,3948,5772
5771,2427,3948
5771,5772,5773
5774,3948,3949
5774,5772,3948
5775,5776,5777
5778,5775,5777
5779,2433,3947
5779,3947,3951
5779,3951,5780
5781,5778,5777
5782,2433,5779
5782,5779,5780
5782,3956,2459
5782,2459,2435
5782,5780,3956
5782,2435,2433
5783,3942,397
5783,397,399
5783,3952,2422
5783,3989,3952
5783,399,3989
5783,2422,3942
5784,3965,3964
5784,3949,3966
5784,3966,3965
5784,5776,5774
5784,5774,3949
5784,5777,5776
5784,3964,5777
5785,3953,5786
5787,3973,3956
5787,3953,5785
5787,3951,3953
5787,5780,3951
5787,3956,5780
5788,5789,2461
5788,2461,2460
5790,3973,5787
5790,5791,3973
5792,3959,3963
5792,3963,2435
5792,3988,3959
5792,2471,3988
5792,2435,2458
5792,2458,2471
5793,5794,5791
5793,5791,5790
5795,2460,5796
5795,5788,2460
5795,3969,3971
5795,5796,3969
5795,3971,5788
5797,3970,3969
5797,5798,3970
5799,5796,2460
5799,2460,3985
5800,5799,3985
5801,5802,5803
5801,5804,5802
5805,3987,5806
5805,3985,3987
5805,5800,3985
5807,2477,3974
5807,3983,3982
5807,2475,2477
5807,3974,3983
5808,3952,3989
5809,5802,5804
5810,5807,3982
5810,2475,5807
5810,3982,5811
5812,5810,5811
5812,2475,5810
5812,5811,5813
5812,5813,5814
5815,5812,5814
5815,2480,2475
5815,5816,2480
5815,5814,5816
5815,2475,5812
5817,5806,3987
5817,3987,3996
5818,3991,2480
5819,5816,5814
5819,5814,5820
5819,5820,5821
5822,5817,3996
5822,5813,5817
5822,3996,3998
5822,5814,5813
5823,3998,5820
5823,5814,5822
5823,5822,3998
5823,5820,5814
5824,3991,5818
5825,5826,3994
5825,3994,2481
5825,2481,3991
5827,5824,5821
5828,3959,2496
5828,2494,2521
5828,3990,3959
5828,2496,2491
5828,2491,2494
5828,2521,3990
5829,3998,3997
5829,5820,3998
5829,5821,5820
5830,4016,2474
5830,4020,4016
5831,5826,5827
5832,3992,3994
5832,4003,4002
5833,5826,5831
5834,5833,5835
5836,4004,3993
5836,4008,4004
5836,3993,3992
5836,5832,4002
5836,3992,5832
5837,3994,5834
5837,5832,3994
5838,5839,4010
5840,4001,4003
5840,5841,5842
5843,4010,4009
5843,5838,4010
5843,5835,5838
5844,4007,4001
5844,5840,5842
5844,4001,5840
5845,4012,5842
5845,4009,4012
5845,5843,4009
5846,4008,5836
5846,5836,4002
5847,4012,4014
5847,4007,5844
5847,5842,4012
5847,4014,4007
5847,5844,5842
5848,4013,4007
5848,4014,4015
5848,4007,4014
5849,5848,4015
5849,4015,5850
5849,4013,5848
5851,5852,4005
5851,4005,4008
5851,4008,5846
5853,2510,2512
5853,2512,4010
5853,4010,3997
5853,3996,4019
5853,3997,3996
5853,4019,2545
5853,2545,2510
5854,5850,4015
5854,4015,4018
5854,4022,4023
5854,4018,4022
5855,5856,5857
5855,5857,5858
5855,5858,5859
5860,4005,5852
5860,4031,4028
5860,4028,4027
5860,4027,4005
5861,5856,5855
5862,5852,5861
5863,4023,2511
5863,5858,4023
5864,5860,5852
5864,4031,5860
5864,5852,5862
5864,4032,4031
5865,5863,2511
5865,5858,5863
5865,5859,5858
5866,5859,5865
5866,5865,2511
5866,5867,5859
5868,4039,4038
5868,4033,4032
5868,4038,4033
5869,4033,4037
5869,4037,4036
5869,4030,4033
5869,4036,4034
5869,4034,4030
5870,5867,5866
5870,5866,2511
5870,2537,4050
5870,2511,2537
5871,4054,4106
5871,3989,4054
5872,4050,4049
5872,5870,4050
5873,4044,4047
5874,4048,4043
5874,4043,4040
5874,4040,4036
5874,4036,5873
5874,4047,4048
5874,5873,4047
5875,2549,2529
5875,2500,4026
5875,2529,2500
5876,5872,4049
5876,4039,5872
5876,4037,4039
5877,4045,4044
5877,4049,4045
5877,5876,4049
5878,4065,2549
5878,5875,5879
5878,2549,5875
5880,4046,4045
5880,4045,4055
5881,5882,5883
5881,5883,5884
5881,5884,4068
5885,4062,4070
5885,2549,4065
5885,2553,2549
5885,4070,2553
5885,4065,4062
5886,4067,4073
5886,4068,4067
5886,5881,4068
5887,4071,4062
5887,4062,4064
5887,5888,4071
5887,5889,5888
5890,2553,5891
5890,2541,2543
5890,2543,2544
5890,2544,2548
5890,2554,2541
5890,2548,2553
5892,2551,2552
5892,2552,2554
5892,5890,5893
5892,2554,5890
5894,5886,4073
5895,4059,4056
5895,2551,5892
5895,4056,2550
5895,2550,2551
5896,5894,4073
5896,5897,5894
5896,4073,4076
5898,5889,5897
5898,5888,5889
5898,5899,5888
5898,4079,5899
5900,4076,4079
5900,5897,5896
5900,5898,5897
5900,5896,4076
5900,4079,5898
5901,5891,2553
5901,4070,4069
5901,2553,4070
5902,5899,4079
5902,4079,4078
5903,5888,5899
5904,5891,5905
5904,5890,5891
5904,5893,5890
5906,5905,5891
5907,5908,5909
5907,5893,5904
5910,4082,4084
5910,4084,2560
5910,4074,4082
5910,2560,4066
5910,4066,4074
5911,5905,5906
5912,4078,2564
5912,5902,4078
5912,5913,5902
5914,5905,5911
5915,4097,4096
5916,4077,4081
5916,4000,4077
5917,5918,5919
5920,4083,5921
5920,5921,5922
5923,5922,5924
5925,4083,5920
5926,5922,5923
5927,5920,5922
5927,5922,5926
5928,4082,4083
5928,4083,5925
5929,4085,4082
5929,4082,5928
5929,4102,4085
5930,5931,4096
5930,4096,4095
5930,4095,2572
5930,2572,4094
5932,4086,4100
5932,5933,4086
5934,5932,4100
5934,4100,4101
5935,5934,4101
5935,4101,4105
5936,5935,4105
5936,5937,5938
5936,4091,4090
5936,5938,4091
5936,4105,5937
5939,1268,1293
5939,1263,1266
5939,4106,4054
5939,4053,1264
5939,4054,4053
5939,1266,1268
5939,1264,1263
5939,1293,4106
5940,5941,5942
5940,5942,4102
5940,4102,5929
5943,5941,5940
5944,1274,1273
5944,1273,4051
5944,2575,4116
5944,4116,2599
5944,4051,2575
5944,2599,1274
5945,4000,5916
5946,5947,5948
5946,5942,5941
5946,5941,5947
5949,4080,4058
5949,4132,4080
5949,4125,2655
5949,2655,4132
5949,4058,2623
5949,2623,4125
5950,5946,5948
5951,5942,5946
5951,4110,4103
5951,4103,4102
5951,4102,5942
5952,4110,5951
5953,2586,2583
5954,4109,4110
5955,4110,5952
5955,5954,4110
5956,2583,4109
5956,5957,5958
5956,5958,5959
5956,5953,2583
5956,5959,5953
5960,5956,4109
5960,4109,5954
5961,2602,1278
5962,4115,4114
5962,4114,4123
5963,5964,5965
5966,1317,1318
5966,4122,5945
5966,1328,1317
5966,1318,4122
5967,5968,5969
5970,5958,5957
5971,4123,4130
5971,5962,4123
5971,5965,5962
5972,4130,4140
5972,5971,4130
5973,2602,5961
5974,5972,4140
5975,4124,4119
5975,4121,4145
5975,4119,4121
5976,5974,4140
5976,5977,5974
5978,4128,5979
5978,4126,4128
5978,5979,5980
5981,4135,4124
5981,5975,4145
5981,4145,2615
5981,2615,4135
5981,4124,5975
5982,2628,4138
5983,5978,5980
5984,4133,4126
5984,4143,4141
5984,5985,4143
5984,4141,4133
5984,4126,5985
5986,4140,4139
5986,4139,1303
5986,2628,5982
5986,5982,5976
5986,1303,2628
5986,5976,4140
5987,4152,5988
5987,4153,4152
5987,5988,5989
5990,5988,4152
5990,4142,4144
5990,4144,5988
5991,5990,4152
5991,4152,4154
5991,4142,5990
5992,4141,4142
5992,4142,5991
5993,4138,2628
5993,2628,2626
5993,2625,4153
5993,2626,2625
5994,4156,4145
5994,4145,4134
5995,5994,4134
5995,4148,4150
5995,4157,4148
5995,4150,5994
5996,4155,4167
5997,5996,4167
5997,2634,4169
5997,4167,2634
5997,4169,4162
5997,4162,4160
5998,4150,4149
5998,4164,4156
5998,5994,4150
5998,4156,5994
5999,4159,4161
5999,4161,4168
5999,4149,4159
6000,412,4163
6000,4193,412
6000,4163,2602
6001,4164,5998
6001,4149,5999
6001,5999,4168
6001,5998,4149
6001,4168,4174
6002,4164,6001
6002,4174,4172
6002,6001,4174
6002,4165,4164
6002,4172,4165
6003,4173,4182
6003,4182,2642
6003,2642,4176
6003,4171,4173
6003,4176,4171
6004,2650,4175
6004,4174,2633
6004,2633,2632
6004,2632,2638
6004,2638,2650
6004,4175,4174
6005,4173,4179
6005,4179,4180
6005,4180,4181
6005,4181,4173
6006,2641,2642
6006,2642,4184
6007,6006,4184
6007,2643,2641
6007,2657,2643
6007,2641,6006
6007,4184,4187
6008,6007,4187
6008,2657,6007
6008,4189,6009
6008,6009,2657
6008,4187,4189
6010,4187,4186
6010,4188,4187
6010,4186,4191
6010,4191,4192
6010,4192,4188
6011,4192,4194
6011,4188,4192
6011,4189,4188
6012,2671,4199
6012,2668,2671
6012,2666,2668
6013,4194,4197
6013,4198,4204
6013,4197,4198
6013,4204,4200
6014,2665,6015
6014,4196,2665
6014,6015,6016
6014,6016,6017
6018,6012,4199
6019,4196,6014
6019,6014,6017
6019,4203,4196
6019,6017,6020
6019,6020,4203
6021,4201,4202
6021,4202,4204
6021,4204,1324
6022,1324,4211
6022,6021,1324
6023,6022,4211
6023,6020,6017
6024,6020,4210
6024,4203,6020
6024,4205,4203
6025,4208,4210
6025,4210,6020
6025,6023,4211
6025,6020,6023
6025,4211,4208
6026,6024,4210
6026,4205,6024
6026,4207,4205
6027,1357,1328
6027,4206,621
6027,621,1357
6028,4213,4207
6028,4210,4209
6028,6026,4210
6028,4207,6026
6029,4213,6028
6029,6028,4209
6030,2684,4214
6031,4209,4208
6031,4208,4212
6031,4212,4217
6032,4215,6033
6032,4223,6030
6032,4214,2676
6032,6030,4214
6032,2676,4215
6034,4217,6035
6034,4209,6031
6034,6031,4217
6036,6034,6035
6037,6035,4217
6037,1323,1325
6037,4216,1323
6037,4217,4216
6038,4223,4222
6038,4219,2684
6038,6030,4223
6038,2684,6030
6039,6036,6035
6040,4223,6032
6040,4221,4223
6040,6032,6033
6040,6033,6041
6042,4221,6040
6043,6041,6039
6044,4221,6042
6045,2695,4219
6045,4219,6038
6045,6038,4222
6045,4222,4228
6046,1326,2697
6046,1325,1326
6046,2697,2704
6046,6037,1325
6047,6043,4226
6047,4226,4225
6048,4221,6044
6048,6044,6049
6048,6049,6050
6051,4222,4221
6051,4221,6048
6051,4227,4222
6052,6047,4225
6053,2695,6045
6053,6045,4228
6053,4229,2695
6054,6052,4225
6054,6050,6049
6054,6049,6052
6055,4227,6051
6055,6050,6056
6057,4227,6055
6057,6055,6056
6058,4225,2703
6058,6054,4225
6058,2703,4232
6059,6056,6050
6059,6058,4232
6060,6061,6062
6060,4228,4227
6063,6056,6059
6063,6059,4232
6064,6060,4227
6064,4227,6057
6065,4228,6060
6065,6060,6062
6065,2699,4229
6065,6053,4228
6065,4229,6053
6065,6062,4235
6065,4235,2699
6066,4232,4233
6066,6063,4232
6067,6066,4233
6068,6061,6067
6068,6069,6070
6071,6072,4241
6071,4241,4240
6071,4236,4234
6071,4234,6072
6073,6071,4240
6073,4237,4236
6073,4236,6071
6074,6069,4244
6074,6070,6069
6075,6076,4238
6075,4238,4237
6075,4240,6076
6075,6073,4240
6075,4237,6073
6077,4241,6074
6077,4239,4241
6077,4243,4239
6077,4244,4243
6077,6074,4244
6078,4231,4238
6078,4238,6076
6078,6076,6079
6080,6078,6079
6080,2711,4231
6080,6079,6081
6080,4231,6078
6082,1364,1363
6082,2712,1364
6082,2713,2712
6083,2711,6080
6083,6080,6081
6084,4239,4245
6084,4240,4239
6084,6076,4240
6085,1363,1362
6085,1362,4242
6085,6082,1363
6085,4244,6069
6085,4242,4244
6086,6076,6084
6086,6084,4245
6086,6079,6076
6087,6086,4245
6088,2723,2718
6088,4249,2723
6088,6089,4247
6088,4247,4249
6090,4251,4250
6090,4253,4251
6090,1361,4253
6091,4253,4259
6091,6092,6093
6091,4259,6092
6091,6093,4248
6091,4248,4253
6094,4255,4258
6094,2726,4255
6094,2720,2726
6095,6094,4258
6095,2720,6094
6095,2725,2719
6095,2719,2720
6095,4258,4262
6096,6093,6092
6097,6095,4262
6097,4262,2734
6097,2725,6095
6097,2734,2725
6098,2740,4261
6098,4259,2740
6098,6092,4259
6098,6096,6092
6099,4258,4256
6099,4256,4261
6099,4261,4260
6099,4260,4263
6099,4263,4258
6100,4264,4273
6100,2734,4264
6100,4267,2734
6100,4270,4267
6100,4273,4270
6101,4274,4275
6101,4276,4273
6101,4275,4276
6101,4273,4274
6102,4257,2746
6102,4266,4257
6102,2746,4280
6103,4271,4272
6103,4278,4271
6103,4272,4282
6104,4266,6102
6104,4289,4266
6104,4280,2758
6104,6102,4280
6104,2758,4289
6105,4278,6103
6105,6103,4282
6105,4282,4284
6106,4282,4277
6106,2754,2756
6106,2749,2754
6106,4277,2750
6106,2756,4282
6106,2750,2749
6107,4292,4291
6107,4279,4278
6107,4278,6105
6107,6105,4292
6108,6107,4291
6108,4280,4279
6108,4281,4280
6108,4279,6107
6109,4297,4292
6109,4286,4297
6109,4284,4286
6109,4292,6105
6109,6105,4284
6110,4290,4293
6110,6108,4291
6110,4291,4290
6110,4281,6108
6111,2755,4301
6111,4285,4287
6111,4287,2755
6111,4298,4285
6112,6111,4301
6112,4301,4307
6113,4304,4303
6114,4311,4310
6114,4304,6113
6115,4304,6114
6115,4306,4304
6115,6114,4310
6115,4310,6116
6115,6116,4306
6117,4303,4305
6117,4312,4302
6117,4302,4303
6118,6117,4305
6118,4312,6117
6119,6116,4310
6119,4310,4315
6120,4324,4323
6120,2760,2759
6121,6116,6119
6122,6123,6124
6122,4313,4312
6122,6125,6123
6122,6124,4313
6126,2772,2771
6126,2775,4317
6126,4315,2772
6126,2771,2775
6127,4322,4324
6128,6127,6129
6128,4322,6127
6130,6131,4326
6130,6132,6131
6130,4326,4328
6133,4325,4323
6133,4323,4322
6134,4319,4295
6134,4295,2790
6134,2790,2786
6135,6130,4328
6135,6136,6137
6135,4330,6136
6135,4328,4330
6138,6134,2786
6138,2786,2788
6138,4319,6134
6138,4320,4319
6138,2788,4320
6139,4331,4327
6139,4327,4325
6139,4325,6133
6140,6141,6142
6143,6140,6142
6143,6144,6140
6143,6142,6145
6146,4330,4329
6146,6136,4330
6147,6146,4329
6147,6148,6145
6149,4338,4331
6150,4337,4350
6150,4329,4337
6150,6148,6147
6150,6147,4329
6151,4320,4343
6151,4343,6152
6151,644,4320
6153,4350,6154
6153,6150,4350
6153,6155,6148
6153,6148,6150
6156,6157,4339
6158,6156,4339
6158,4347,4334
6158,4341,4347
6158,4336,6156
6158,4339,4341
6158,4334,4336
6159,2786,2789
6159,2787,2786
6160,6159,2789
6160,6161,6159
6160,2789,4332
6160,4332,4338
6162,4335,4334
6162,4338,6149
6162,6149,4335
6163,4339,6157
6163,6157,6154
6163,6154,4350
6163,4349,4351
6163,4350,4349
6164,4339,6163
6164,4344,4339
6164,6163,4351
6164,6165,4344
6164,4351,4357
6164,4357,6165
6166,2787,6159
6166,6159,6161
6166,2797,2787
6167,648,4220
6167,664,649
6167,4220,1241
6167,668,664
6167,1241,684
6167,684,668
6167,649,648
6168,644,6151
6168,6151,6152
6168,643,644
6168,2801,643
6168,2811,2801
6168,6152,4366
6168,4366,2811
6169,4345,4344
6169,4344,6165
6169,6165,4357
6169,4357,4356
6169,4356,6170
6171,6166,6161
6171,2797,6166
6171,6161,6172
6171,6172,4355
6171,4362,2797
6171,4354,4362
6171,4355,4354
6173,4343,2796
6173,6152,4343
6173,2796,4364
6174,4353,4352
6174,6175,4353
6174,4352,6176
6177,4364,4370
6177,2808,4366
6177,4370,2808
6177,6152,6173
6177,4366,6152
6177,6173,4364
6178,2803,6179
6178,6175,6174
6178,6179,6175
6180,2799,4369
6180,4356,2799
6180,4369,2805
6181,4354,4365
6181,4361,4362
6181,4362,4354
6182,6181,6183
6182,4361,6181
6182,4363,4361
6184,6179,2803
6184,4365,4353
6184,6175,6179
6184,4353,6175
6185,6182,6183
6186,6183,6181
6186,6181,4365
6187,4365,6184
6187,6184,2803
6187,2803,2802
6187,2802,6188
6187,6186,4365
6187,6188,6186
6189,6190,6191
6189,4373,4371
6189,6192,4373
6189,6191,6192
6193,6188,2802
6194,6195,2806
6194,4372,6195
6194,2806,4370
6194,4371,4372
6194,4370,4371
6196,2802,4376
6196,4376,6197
6196,6193,2802
6196,6191,6190
6196,6197,6191
6196,6190,6193
6198,4373,6192
6198,6192,6191
6198,4372,4373
6199,4381,4377
6199,4377,6195
6199,6195,4372
6200,6199,4372
6200,4382,4381
6200,4381,6199
6200,4372,6198
6201,2806,6195
6201,6202,2809
6201,4377,4379
6201,4379,6203
6201,6195,4377
6201,6203,6202
6201,2809,2806
6204,4378,4377
6204,4380,4384
6204,4377,4381
6204,4381,4380
6204,4384,4378
6205,4374,2807
6205,2807,2809
6206,2809,6202
6206,6202,6203
6206,6205,2809
6207,6203,4379
6207,6206,6203
6207,4379,4378
6208,6207,4378
6208,4378,4384
6209,4380,2814
6209,4383,4380
6209,2814,2816
6209,4390,4383
6209,2816,4390
6210,4374,6205
6211,6208,4384
6212,4374,6210
6212,4387,4374
6213,4384,4383
6213,4389,6214
6213,6211,4384
6213,4383,4389
6215,6208,6211
6215,6213,6214
6215,6211,6213
6216,6212,6217
6216,4386,4387
6216,4399,4386
6216,4387,6212
6218,4386,4399
6218,4408,4386
6218,4399,4398
6219,6216,6220
6221,4393,4395
6221,4395,2834
6221,2834,4409
6222,6223,6224
6225,4398,4400
6226,6223,6222
6226,6227,6223
6228,4402,4401
6228,4407,6227
6228,4401,4407
6228,6227,6226
6229,4412,4398
6229,4398,6225
6230,4358,2647
6230,2873,197
6230,195,192
6230,192,190
6230,2647,2709
6230,197,195
6230,190,4358
6230,2709,2873
6231,4408,6218
6231,6218,4398
6231,4411,4408
6231,4412,4411
6231,4398,4412
6232,6227,4407
6232,4407,4414
6233,4412,6229
6233,6229,6234
6235,4414,4419
6235,4419,6236
6235,6232,4414
6237,4413,4412
6238,4416,4411
6238,4411,4413
6239,4419,4421
6239,6236,4419
6240,6238,6241
6240,4416,6238
6240,6241,6242
6243,4421,4420
6243,4420,6244
6245,6246,6247
6248,4416,6240
6248,6240,6242
6249,4416,6248
6249,6248,6242
6249,4418,4416
6250,6251,6242
6250,6242,6241
6252,6241,6245
6252,6250,6241
6252,6251,6250
6252,6253,6251
6254,2838,651
6254,651,4425
6255,6244,4420
6255,6256,6244
6257,6249,6242
6258,4420,4422
6258,4422,4423
6258,4423,2855
6258,2855,2854
6258,6255,4420
6259,4426,4418
6259,4418,6249
6260,6259,6249
6260,6249,6257
6261,6262,6253
6263,6259,6260
6264,4428,4426
6264,6259,6263
6264,4426,6259
6265,2854,6266
6265,6258,2854
6265,6261,6253
6267,6264,6263
6267,6268,6264
6269,4428,6264
6269,6264,6268
6270,4429,4428
6270,4428,6269
6271,6272,6273
6271,6274,6268
6275,6276,4429
6275,4429,6270
6277,6278,6279
6280,4430,4431
6280,4432,4430
6280,4433,4432
6280,4434,4433
6281,2870,2839
6281,2839,2838
6282,4441,4440
6282,6283,4441
6284,4440,4451
6285,4436,6286
6287,6284,4451
6288,4436,6285
6288,4442,4436
6289,4446,2870
6289,4459,4446
6289,2870,6281
6290,2912,1547
6290,652,1478
6290,1478,2912
6291,4442,6288
6292,4445,4442
6292,4442,6291
6292,6291,6293
6294,6293,6295
6296,6292,6293
6297,4448,4445
6297,4445,6292
6298,6292,6296
6298,6297,6292
6299,6300,6301
6302,6294,6303
6304,6297,6298
6305,4455,4448
6305,4448,6297
6305,6297,6304
6306,6307,6305
6306,6305,6304
6308,4455,6305
6308,6305,6307
6309,4455,6308
6309,6307,6310
6309,6308,6307
6311,6312,6313
6314,4456,4455
6314,4455,6309
6314,4461,4456
6314,6309,6310
6315,4458,4456
6315,4456,4460
6315,4460,4465
6316,6307,6317
6316,6310,6307
6318,6319,2882
6318,6312,6311
6320,6316,6317
6320,6317,6312
6320,6310,6316
6321,6322,6323
6321,6310,6320
6324,4460,4461
6325,6326,6327
6325,4470,6326
6328,4470,6325
6328,2910,4469
6328,2891,2910
6328,6318,2882
6328,2882,2891
6328,4469,4470
6329,2916,2917
6329,2917,4459
6329,2948,2916
6330,4465,4467
6330,4454,4458
6330,6315,4465
6330,4458,6315
6330,4467,4454
6331,6326,4470
6331,4470,4468
6332,6290,1547
6332,1547,2947
6332,2947,2948
6333,6334,6335
6333,4465,4460
6333,4460,6334
6336,4466,4465
6336,4465,6333
6337,6338,4468
6337,6339,6338
6337,4473,6340
6337,6340,6339
6337,4471,4473
6337,4468,4471
6341,2845,1432
6341,1432,1458
6341,4479,2845
6341,1458,4463
6341,4463,2919
6342,4464,4454
6342,4454,4467
6343,4474,6344
6343,6340,4473
6343,4473,4474
6345,6346,6347
6348,4475,4464
6348,4464,6342
6349,6348,6342
6350,6347,6344
6350,6345,6347
6351,6342,6352
6353,4474,4478
6353,6344,4474
6353,6350,6344
6353,4478,4483
6354,4481,6355
6354,696,695
6354,2899,2898
6354,2898,4481
6354,695,2899
6356,4475,6348
6357,2923,2922
6357,2922,4475
6357,4475,6356
6358,6359,6360
6358,2923,6357
6358,6360,2923
6361,4486,4488
6361,4489,4493
6361,4488,4489
6362,696,6354
6362,4501,4502
6362,6355,4501
6362,4502,696
6362,6354,6355
6363,4498,6359
6363,4499,4498
6363,6359,6358
6364,4499,6363
6364,4504,4499
6365,6364,6366
6365,4504,6364
6367,6359,4498
6367,2921,2923
6367,6360,6359
6367,4497,6368
6367,6368,2921
6367,4498,4497
6367,2923,6360
6369,4495,4504
6369,6365,6366
6369,6366,6370
6369,4491,4495
6369,6370,4491
6369,4504,6365
6371,6355,4481
6371,4481,2924
6371,2924,4500
6371,4500,4509
6372,1510,2918
6372,4513,1522
6372,2918,6373
6374,4508,4497
6374,4499,4504
6374,4497,4499
6374,4503,4508
6374,4504,4503
6375,6371,4509
6375,4501,6355
6375,2934,4501
6375,4509,2934
6375,6355,6371
6376,4497,4508
6376,6368,4497
6376,4512,6368
6377,4510,4500
6377,4512,4510
6377,4500,2921
6377,2921,6368
6377,6368,4512
6378,2929,2928
6378,2928,4503
6378,4495,4496
6378,4496,2929
6378,4503,4495
6379,6376,4508
6379,4512,6376
6379,4508,4507
6380,4512,6379
6380,6381,6382
6380,4511,4512
6380,6382,4511
6383,4502,2936
6383,2936,2935
6383,4505,4502
6384,6382,6381
6384,6381,6385
6384,4510,4511
6384,4511,6382
6386,4513,6372
6386,6372,6373
6386,4516,4513
6387,6386,6373
6387,4516,6386
6387,4515,4516
6388,4528,4505
6388,6383,2935
6388,4505,6383
6388,4540,4528
6388,2935,4540
6389,4518,4521
6389,6390,6391
6392,6393,4517
6392,6385,6381
6392,4517,2941
6392,6381,6393
6394,2941,6395
6394,6385,6392
6394,6392,2941
6396,4523,4525
6396,4518,6389
6396,4519,4518
6396,6389,6391
6396,6391,6397
6396,6397,4523
6396,4525,4519
6398,2947,4544
6398,2916,2947
6398,2918,2916
6398,6373,2918
6399,6395,2941
6399,2941,2943
6399,4523,6397
6399,6397,6395
6400,4520,4519
6401,4524,4523
6401,6402,4524
6401,6403,6402
6401,4523,6399
6401,6399,2943
6401,2943,6403
6404,6405,6406
6404,6406,4542
6404,6400,6407
6408,4524,6402
6409,6402,6403
6409,6408,6402
6409,6403,2943
6410,4550,4553
6410,6398,4544
6410,4553,4515
6410,6387,6373
6410,6373,6398
6410,4544,4550
6410,4515,6387
6411,6412,6413
6411,6407,6412
6414,4536,6411
6414,6415,4533
6414,4533,4536
6416,6417,4529
6416,6418,6405
6416,4531,6418
6416,4529,4531
6419,6405,6418
6419,6406,6405
6420,2953,4546
6420,4545,2953
6420,2944,4545
6421,4530,4535
6421,4535,4537
6422,4533,6415
6422,4534,4533
6422,4546,4549
6422,6415,4546
6422,6423,4534
6422,6424,6423
6422,4549,6424
6425,4543,4539
6425,4551,4543
6426,6427,6428
6426,6429,6427
6426,6428,6430
6431,6423,6424
6431,4549,4547
6431,6424,4549
6432,4547,4554
6432,4554,4560
6432,6428,6431
6432,6431,4547
6432,6430,6428
6432,4560,6433
6432,6433,6430
6434,4551,6425
6434,4558,4552
6434,4552,4551
6435,6436,6437
6435,6433,4560
6438,6439,6440
6441,6438,6440
6441,6442,6438
6443,6441,6440
6444,6439,6436
6445,6435,4560
6445,4561,6444
6445,4559,4561
6445,6444,6436
6445,4560,4559
6445,6436,6435
6446,4563,6447
6446,4561,4563
6446,6444,4561
6448,4557,4558
6448,6449,6450
6448,4558,6449
6451,2960,2959
6451,4552,4557
6452,6453,6447
6452,6447,4563
6452,4562,4565
6452,4563,4562
6454,6452,4565
6454,6455,6456
6454,4565,4566
6454,4566,6455
6457,6458,4553
6459,4556,2958
6459,4564,4556
6459,2958,4581
6460,4569,6461
6460,6461,6462
6460,4568,4569
6463,6459,4581
6463,4564,6459
6463,4574,4564
6463,4581,2971
6463,2971,4574
6464,6460,6462
6465,71,1561
6465,1561,6466
6465,2977,3100
6465,3100,71
6467,4577,4572
6467,4579,4577
6467,6468,4579
6467,4568,6468
6467,4572,4568
6469,6470,6471
6469,4587,6470
6469,4586,4587
6472,4580,6470
6472,4578,4580
6472,6470,4587
6473,4578,6472
6473,6472,4587
6473,4587,4588
6474,4553,2975
6474,6457,4553
6474,2975,2977
6475,4577,4578
6475,4578,6473
6476,2988,4586
6476,4567,2962
6476,2962,2989
6476,2989,2988
6477,4581,4573
6477,4590,4581
6478,4591,4582
6478,6477,4573
6478,4582,4584
6478,4584,6477
6479,4589,4600
6480,4596,4594
6480,6479,4600
6480,4602,4596
6480,3000,4602
6480,4600,3000
6481,4597,4590
6481,4584,4583
6481,4590,6477
6481,6477,4584
6482,2947,1546
6482,4613,2947
6483,4593,4595
6483,4583,4593
6483,4595,4601
6484,4613,6482
6484,1546,1548
6484,6482,1546
6484,1548,1549
6484,1549,1638
6485,4601,4608
6485,4583,6483
6485,4597,6481
6485,6481,4583
6485,6483,4601
6486,4598,4597
6486,4606,4598
6486,4608,4606
6486,4597,6485
6486,6485,4608
6487,4605,4607
6487,4617,3003
6487,4610,4605
6487,3003,4610
6487,4607,4617
6488,4608,2999
6488,2997,3006
6488,3006,4609
6488,4609,4608
6488,2999,2993
6488,2993,2997
6489,4612,4614
6489,4616,4607
6489,4614,4616
6489,4607,4612
6490,3001,3003
6490,3003,4619
6491,3001,6490
6491,3012,3002
6491,3002,3001
6492,3012,6491
6492,6493,3012
6492,4622,4624
6492,4624,6493
6494,4623,4622
6494,4621,4627
6494,4627,4628
6494,4622,4621
6494,4628,4623
6495,4624,4623
6495,4628,4629
6495,4623,4628
6496,3020,3022
6496,3022,3024
6496,3024,4634
6497,4629,4632
6498,6497,4632
6498,4635,6497
6498,4632,4633
6498,4633,4638
6499,4631,3019
6499,6500,6501
6499,3019,6500
6499,6501,6502
6503,6496,4634
6504,4631,6499
6504,4637,4631
6505,4638,6506
6505,6498,4638
6505,4636,4635
6505,4635,6498
6505,6506,4636
6507,6506,4638
6507,4638,1609
6507,4636,6506
6508,6509,4644
6508,6510,6502
6511,6510,4643
6511,4639,4637
6512,4643,6510
6512,4644,4641
6512,6508,4644
6512,6510,6508
6512,4641,4643
6513,4640,4639
6513,6511,4643
6513,4639,6511
6514,4643,4642
6514,4646,4640
6514,4640,6513
6514,6513,4643
6515,6514,4642
6515,4646,6514
6516,3030,4647
6517,4641,4645
6517,4642,4641
6517,4645,4651
6518,4647,3026
6518,3026,4649
6518,4656,6516
6518,4649,6519
6518,6516,4647
6520,4651,6521
6520,4642,6517
6520,6517,4651
6522,6520,6521
6523,6521,4651
6523,4651,4650
6523,4650,1608
6523,1608,1614
6524,6516,4656
6524,4653,3030
6524,4656,4655
6524,3030,6516
6525,6522,6521
6526,3101,4613
6526,6484,1638
6526,3062,3101
6526,4613,6484
6526,1638,3060
6526,3060,3062
6527,4654,4656
6527,6519,6528
6527,4656,6518
6527,6518,6519
6529,4654,6527
6530,6528,6525
6531,4654,6529
6532,3040,4653
6532,4655,4660
6532,4653,6524
6532,6524,4655
6533,3038,3045
6533,1614,1615
6533,1615,3038
6533,6523,1614
6534,4658,4657
6534,6530,4658
6535,6536,6537
6535,4654,6531
6535,6531,6536
6538,4654,6535
6538,4655,4654
6538,4659,4655
6539,6534,4657
6540,6532,4660
6540,4661,3040
6540,3040,6532
6541,6536,6539
6541,6537,6536
6541,6539,4657
6542,4659,6538
6542,6537,6543
6544,4659,6542
6544,6542,6543
6545,6541,4657
6545,3044,4664
6545,4657,3044
6546,6545,4664
6546,6543,6537
6547,4660,4659
6547,6548,6549
6550,6546,4664
6550,6543,6546
6551,6547,4659
6551,4659,6544
6552,3041,4661
6552,6540,4660
6552,4661,6540
6552,4660,6547
6552,4667,3041
6552,6547,6549
6552,6549,4667
6553,6550,4664
6553,4664,4665
6554,6553,4665
6555,6548,6554
6555,6556,6557
6558,4673,4672
6558,4666,6559
6558,6559,4673
6558,4668,4666
6560,4668,6558
6560,6558,4672
6560,4669,4668
6561,6556,4676
6561,6557,6556
6562,6560,4672
6562,4669,6560
6562,4672,6563
6562,4670,4669
6564,4675,4671
6564,4671,4673
6564,4676,4675
6564,6561,4676
6564,4673,6561
6565,4663,4670
6566,6567,6568
6566,3048,4663
6566,4663,6565
6569,1656,1654
6569,3050,3049
6569,3049,1656
6570,6566,6568
6570,3048,6566
6571,4672,4671
6571,4671,4677
6571,6563,4672
6572,4676,6556
6572,1654,1653
6572,1653,4674
6572,6569,1654
6572,4674,4676
6573,6567,6563
6573,6563,6571
6573,6571,4677
6574,6573,4677
6575,3066,3064
6575,4678,3066
6575,6576,4678
6575,3064,3059
6577,1655,4681
6577,6578,4680
6577,4681,6578
6579,4679,4680
6579,4680,6578
6579,6578,4681
6580,6579,4681
6580,4679,6579
6580,4681,4682
6580,4682,4686
6580,4686,4690
6581,6580,4690
6581,4679,6580
6581,4690,4684
6582,6583,4688
6582,4688,4687
6582,3057,6583
6584,3057,6582
6584,3058,3057
6584,3067,3058
6585,4685,4689
6585,4689,4688
6585,4684,4685
6586,3070,3067
6586,3067,6584
6586,4692,3070
6587,4689,4685
6587,4687,4689
6587,4693,4687
6587,4685,4691
6587,4691,4693
6588,4696,3070
6588,4694,4700
6588,3070,4694
6588,4700,4699
6588,4699,4696
6589,4700,4703
6589,4703,4705
6589,4705,4706
6589,4706,4700
6590,4702,4701
6590,4707,4710
6590,4701,4707
6591,4708,4702
6591,6590,4710
6591,4702,6590
6592,6591,4710
6592,4710,4713
6592,4715,4721
6592,4708,6591
6592,4713,4715
6593,4721,4720
6593,6592,4721
6593,4708,6592
6593,4709,4708
6594,6593,4720
6594,4709,6593
6594,4711,4709
6594,4712,4711
6595,4712,6594
6595,6594,4720
6595,4719,4722
6595,4720,4719
6596,4724,4717
6596,3093,4728
6596,4717,3095
6596,3095,3093
6597,1646,1645
6597,1642,1646
6598,6596,4728
6598,4728,4734
6599,4731,4730
6600,6601,6597
6600,6597,1645
6602,4737,4738
6602,4731,6599
6603,3061,4735
6603,3101,3062
6603,72,3100
6603,3100,3101
6603,3062,3061
6604,6605,4733
6604,4733,4731
6604,4738,6605
6604,6602,4738
6604,4731,6602
6606,4730,4732
6606,4729,4730
6606,4739,4729
6607,1645,3099
6607,3099,6608
6607,6600,1645
6609,6606,4732
6609,4739,6606
6610,6605,4738
6610,4738,4741
6611,6605,6610
6612,4748,4747
6612,6613,4748
6612,4740,4739
6612,4747,4740
6614,4742,4740
6614,6615,4742
6614,4740,4746
6616,6615,6614
6616,6614,4746
6616,4746,4750
6617,4741,3106
6617,3106,3105
6617,3105,3108
6617,3108,4744
6618,4749,4751
6619,6618,4751
6619,4751,4752
6620,6621,6619
6620,6619,4752
6620,6622,6621
6623,6620,4752
6623,3112,6622
6623,3113,3112
6623,6622,6620
6623,3108,3113
6623,4744,3108
6623,4752,4744
6624,6597,6601
6624,4757,6625
6624,753,752
6624,6625,753
6626,6621,6622
6627,6628,6629
6630,3111,4754
6631,6632,6633
6631,6601,6632
6634,6635,6628
6636,4761,4760
6636,6601,6631
6637,6636,6631
6638,6639,6640
6638,6640,6641
6638,6641,4754
6638,6642,6639
6638,4754,4753
6638,4753,4758
6643,4758,4764
6643,4764,4766
6643,6638,4758
6644,6645,6646
6644,6647,6648
6644,6646,6647
6644,4765,6645
6644,6648,6649
6644,4766,4765
6644,6643,4766
6650,6651,6652
6653,4759,4761
6653,6654,6655
6653,4761,6654
6656,6657,6650
6658,6659,6660
6661,3126,3129
6661,3137,4784
6661,6660,6662
6661,6658,6660
6661,3129,3137
6661,6662,3126
6663,6664,4781
6663,4781,4780
6663,4780,6665
6666,4784,6667
6666,6668,6664
6666,6667,6668
6666,6664,6663
6666,6661,4784
6669,4775,4781
6670,6669,4781
6670,6671,6669
6670,4781,6664
6672,6670,6664
6673,6664,6668
6673,6672,6664
6674,4793,4792
6674,4792,4798
6674,6675,4793
6674,4786,4787
6674,4787,6675
6676,6677,4794
6678,4796,4786
6678,6674,4798
6678,4798,6679
6678,4786,6674
6680,6681,4788
6680,4790,3156
6680,3156,4809
6680,4788,4790
6682,4795,4794
6682,4794,6677
6683,6684,6685
6683,6685,6686
6687,4800,6684
6687,4801,4800
6687,6684,6683
6688,4795,6682
6688,4808,4795
6689,6678,6679
6689,4796,6678
6690,4808,6688
6691,4797,4796
6691,4796,6689
6691,4814,4797
6691,6689,6679
6691,4812,4814
6691,4819,4812
6692,6693,6694
6695,6694,6696
6695,6692,6694
6697,6691,6679
6697,4819,6691
6697,6679,6698
6699,6700,6701
6699,6701,6702
6699,6702,6703
6699,6703,4810
6704,4816,4825
6704,6699,4810
6704,4810,4816
6705,4820,4817
6706,6704,4825
6707,4829,4826
6707,6706,4825
6707,4825,4829
6708,4814,4813
6708,4813,4830
6709,4821,4823
6709,4826,4828
6709,4833,4821
6709,4828,4833
6710,4839,4824
6710,4797,4814
6710,4824,4797
6710,4814,6708
6711,4815,4818
6711,4830,4815
6711,4818,4831
6712,4830,6711
6713,4834,4836
6713,4839,6710
6713,4836,4839
6714,4831,4832
6715,6712,6716
6717,6714,4832
6717,4832,4837
6717,4837,6718
6719,4834,6715
6720,6721,4835
6720,4835,4834
6720,4834,6719
6722,4843,4845
6722,6717,6718
6723,3164,3167
6723,4849,4827
6723,3168,4849
6723,4827,4829
6723,4829,3164
6723,3167,3168
6724,4827,4849
6725,6726,4848
6725,4835,6721
6725,4848,4836
6725,4836,4835
6727,6725,6721
6728,6727,6721
6729,6724,4849
6729,4849,4854
6729,4854,6730
6731,4842,4848
6731,4850,4842
6732,4848,6726
6732,6731,4848
6733,4852,4850
6733,4856,4852
6733,4850,6731
6734,4856,6733
6734,4864,4856
6735,4854,3173
6735,3173,4866
6735,6730,4854
6736,4864,6734
6737,4859,6738
6737,4857,4859
6739,4864,6736
6740,4857,6737
6741,4864,6739
6742,6735,4866
6742,4866,4867
6743,4861,4869
6743,4869,4862
6743,4860,4861
6743,4862,4860
6744,6745,6746
6747,3175,4868
6747,6744,6746
6747,6746,6748
6747,6748,3175
6749,6742,4867
6749,3176,6742
6749,3174,3176
6749,4867,4874
6750,6751,6752
6753,4861,4865
6753,4865,6754
6755,4861,6753
6756,6757,6758
6756,4868,4871
6759,6755,6760
6761,6757,6756
6761,6756,4871
6762,4874,4875
6762,4868,3174
6762,4870,4868
6762,6749,4874
6762,4875,4870
6762,3174,6749
6763,4869,4861
6763,6764,6765
6763,6765,4873
6763,4873,4869
6763,4861,6764
6766,6761,4871
6766,4871,4870
6766,6757,6761
6767,6766,4870
6767,4870,4876
6767,4876,6768
6769,4873,6765
6770,6767,6768
6771,6769,6772
6771,4877,4873
6771,4873,6769
6771,4881,4877
6771,6772,4881
6773,6770,6768
6773,6774,6770
6775,4879,4881
6775,4882,4879
6776,3195,3193
6776,3196,3195
6776,6773,6768
6776,3193,3192
6777,6775,4881
6777,4881,6778
6779,6777,6778
6780,6777,6779
6781,4893,4882
6781,4882,6775
6782,3191,4891
6782,3192,3191
6782,6783,3192
6782,4891,4890
6784,6785,4893
6784,4893,6781
6786,6785,6784
6787,4876,4899
6787,6776,6768
6787,6768,4876
6787,3196,6776
6788,6789,6790
6791,4903,6789
6791,6789,6788
6792,4903,6791
6793,4885,4896
6793,4909,4911
6793,4911,4888
6793,3185,4885
6793,4896,4909
6793,4888,3185
6794,3196,6787
6794,3194,3196
6794,4899,4914
6794,6787,4899
6795,4898,4897
6795,6796,6789
6795,4897,6796
6797,4896,4898
6797,4909,4896
6798,4898,6795
6798,6797,4898
6798,6799,6797
6800,3194,6794
6800,4925,4926
6800,4914,4925
6800,6794,4914
6801,6798,4902
6801,6799,6798
6802,6799,6801
6802,6801,4902
6803,6799,6802
6803,4904,4906
6803,4906,4907
6803,4901,4904
6803,4902,4901
6803,6802,4902
6804,4913,4909
6804,4909,6797
6804,6797,6799
6805,4900,4888
6805,4888,4911
6806,4907,4908
6806,4908,6807
6806,6807,6808
6809,6806,6808
6810,6809,6808
6810,6808,6811
6810,6812,6813
6810,6811,6812
6810,6813,6814
6810,6814,6815
6816,4913,6804
6816,6817,4912
6816,4917,6817
6816,6818,4915
6816,4912,4913
6816,4915,4917
6819,6818,6799
6819,4915,6818
6820,4921,4919
6820,6819,6799
6820,4915,6819
6820,4919,4918
6820,4918,4915
6820,6799,6803
6821,6822,6823
6821,6824,6825
6821,6826,6824
6821,6810,6815
6821,6827,6828
6821,6829,6830
6821,6830,6831
6821,6831,6827
6821,6828,6832
6821,6832,6833
6821,6833,6834
6821,6834,4926
6821,6823,6835
6821,6815,6836
6821,6825,6829
6821,4926,4928
6821,6835,6826
6821,6836,6822
6837,6821,4928
6837,6838,6821
6837,4928,6839
6840,4927,4900
6841,6842,6843
6841,4923,6842
6841,6843,6839
6844,6841,6839
6845,6844,6839
6846,6839,4928
6846,6845,6839
6846,4928,4930
6847,6840,6848
6847,4927,6840
6847,6849,6850
6847,6850,6851
6847,6851,4927
6852,6845,6846
6852,6846,4930
6853,6852,4930
6853,4930,4929
6853,4929,3209
6853,6854,6852
6853,4934,4933
6853,4931,4932
6853,4933,4931
6853,4935,4934
6853,4936,4935
6853,4937,4936
6853,4938,4937
6853,3209,4939
6853,4939,4938
6855,4955,4954
6855,4956,4955
6855,4957,4956
6855,4963,4957
6856,6857,6858
6859,6855,6853
6859,4963,6855
6859,4965,4963
6859,4966,4965
6860,6856,6858
6860,6858,6861
6860,6861,4946
6860,4946,4945
6862,4969,4968
6862,3214,4970
6862,4970,4969
6862,4966,6859
6862,6859,6853
6862,4932,3214
6862,6853,4932
6862,4971,4966
6862,4972,4971
6862,4973,4972
6862,4974,4973
6862,4975,4974
6862,4968,4975
6863,6856,6860
6863,6860,4945
6864,6865,6866
6867,6868,6863
6869,1742,6870
6871,6864,6866
6872,6867,6863
6873,6871,6866
6874,6872,6863
6874,4945,4962
6874,6863,4945
6874,4976,4978
6874,4962,4976
6875,6867,6872
6876,1755,1742
6876,76,1755
6876,1742,6869
6877,6875,6872
6877,6872,6874
6877,6874,4978
6878,6879,6880
6878,6881,6879
6882,6878,6883
6882,6881,6878
6882,6884,6881
6882,6883,6885
6886,6885,6887
6886,6887,6888
6886,6884,6882
6886,6888,6889
6886,6882,6885
6886,6890,6884
6891,76,6876
6891,77,76
6892,4989,4990
6893,6894,6895
6893,6896,6897
6893,6895,6896
6893,6898,6894
6893,6899,6898
6900,6901,6899
6900,6893,6902
6900,6899,6893
6903,4983,4987
6903,4987,4989
6903,6892,5008
6903,4993,4983
6903,4989,6892
6904,6905,6906
6904,4997,6905
6904,6907,6908
6904,4995,4997
6904,6908,6901
6904,6902,4995
6904,6901,6900
6904,6906,6909
6904,6900,6902
6904,6909,6907
6910,4993,6903
6911,4993,6910
6912,5010,5012
6912,4994,4993
6912,5012,4994
6912,4993,6911
6913,4977,4979
6913,3233,1780
6913,4979,3233
6913,1780,3267
6913,5004,4977
6913,4996,5004
6914,3238,3240
6915,6916,6917
6915,6918,6916
6919,3244,3247
6919,6914,3240
6919,3240,3242
6919,3242,3244
6920,6921,6918
6920,6918,6915
6922,6923,6924
6925,6917,6916
6925,6916,6918
6925,6918,6921
6925,6922,6924
6925,6924,6917
6926,6927,6928
6929,3250,3254
6929,3247,3250
6929,3254,3255
6929,6928,6927
6929,5017,6928
6929,3255,5017
6929,6919,3247
6930,6925,6921
6930,6921,6926
6931,5016,5015
6931,5020,5016
6931,5015,5010
6931,5010,6912
6932,6926,6928
6932,6930,6926
6932,6928,6933
6934,6935,6936
6937,6935,6934
6938,6935,6937
6938,6939,6940
6938,6940,6941
6938,6942,6939
6938,6941,6935
6943,6942,6938
6943,6944,6942
6945,5020,6931
6946,6944,6943
6946,6933,6947
6948,6940,6939
6948,6941,6940
6949,6948,6939
6949,6942,6944
6949,6939,6942
6950,6946,6947
6950,6944,6946
6951,5020,6945
6952,5019,5020
6952,5020,6951
6952,5021,5019
6952,5026,5021
6953,5017,5018
6953,6928,5017
6953,6933,6928
6953,6947,6933
6953,5028,6947
6953,5018,5028
6954,6950,6947
6955,3306,3305
6955,3307,3301
6955,3305,3307
6955,3309,3306
6955,3310,3309
6955,3308,3310
6955,6947,5028
6955,5028,3308
6955,6954,6947
6956,3275,3272
6956,3278,3275
6957,3278,6956
6958,3278,6957
6959,3278,6958
6960,3297,3296
6960,3301,3299
6960,6955,3301
6960,3286,3282
6960,3282,3278
6960,3288,3286
6960,3278,6959
6960,3299,3297
6960,3290,3288
6960,3292,3290
6960,3294,3292
6960,3296,3294
6961,5027,5026
6961,5026,6952
6961,6952,5024
6962,3315,5031
6962,5031,5030
6962,5028,3316
6962,5030,3302
6962,3312,5028
6962,3302,3312
6962,3316,3315
6963,234,236
6963,3266,234
6963,236,241
6963,5036,3266
6964,292,5036
6964,294,292
6964,297,294
6964,298,297
6964,301,298
6965,1,3341
6965,3341,5039
6965,5038,1
6966,5038,6967
6966,5040,5038
6968,5041,5040
6968,5050,5041
6969,5051,5052
6969,5052,5053
6969,5053,5054
6969,5054,5055
6969,5046,5051
6970,6971,6969
6970,6969,5055
6972,6971,6970
6972,6970,5055
6973,6971,6972
6973,6972,5055
6974,6971,6973
6974,6973,5055
6975,6971,6974
6975,6974,5055
6976,6971,6975
6976,6975,5055
6976,5055,3349
6976,3349,3353
6976,6977,6971
6976,3353,6977
6978,5056,5046
6978,6979,5056
6978,5046,6969
6978,6980,6979
6978,6981,6980
6978,6982,6983
6978,6984,6982
6978,6983,6981
6985,6984,6978
6985,6986,6984
6987,6986,6985
6987,6988,6986
6989,6988,6987
6990,6988,6989
6991,6988,6990
6992,6988,6991
6993,6988,6992
6994,5061,6988
6994,6988,6993
6994,5063,5061
6995,5063,6994
6996,6995,6977
6996,5063,6995
6997,6996,6977
6997,5063,6996
6997,5060,5063
6997,3353,5060
6997,6977,3353
6998,5072,5057
6998,5066,5072
6998,5057,5056
6998,5056,6979
6998,6979,6980
6998,6980,6981
6998,6983,6982
6998,6982,6984
6998,6984,6986
6998,6986,6988
6998,6981,6983
6998,5064,5066
6999,5062,5068
6999,6988,5061
6999,6998,6988
6999,5064,6998
6999,5061,5062
6999,5068,5064
7000,886,1842
7001,3370,1844
7001,5076,7002
7001,1842,3370
7001,1844,5076
7001,7000,1842
7003,885,886
7003,3372,884
7003,886,7000
7003,884,885
7004,7003,5078
7004,5077,3372
7004,3372,7003
7004,5078,5077
7005,7002,5076
7005,5081,5078
7005,3377,5081
7005,5076,3377
7006,889,1847
7006,1847,1848
7006,1848,3379
7006,3375,3377
7006,3379,3375
7007,5077,5079
7007,5080,5077
7007,5083,5080
7008,5083,7007
7008,7007,5079
7008,7009,5083
7008,5079,5084
7010,5083,7009
7010,5088,5090
7010,5090,5093
7010,5094,3378
7010,5093,5094
7010,3378,5083
7011,7009,7008
7011,7008,5084
7011,5084,3380
7012,7009,7011
7012,7011,3380
7012,3385,5105
7012,7013,7009
7012,5105,7013
7012,3380,3385
7014,5096,5091
7014,5091,5088
7014,7013,5105
7014,5105,5096
7015,3382,5092
7015,1854,3382
7015,5089,5095
7015,3392,3384
7015,5092,5089
7015,3384,1854
7015,5095,3392
7016,5095,5096
7016,5105,5102
7016,5096,5105
7017,3394,3389
7017,3389,3388
7017,5110,3394
7018,7016,5102
7018,5100,5099
7018,5108,5100
7018,5102,5108
7019,7020,5107
7019,7021,7020
7019,7022,7021
7023,5100,5108
7024,5108,5111
7024,5111,5125
7024,7023,5108
7025,7024,5125
7026,5109,5110
7027,5112,5114
7027,5115,5112
7027,5114,7026
7028,3408,5109
7028,5109,7026
7028,5114,5117
7028,7026,5114
7028,5117,3408
7029,5115,7027
7030,5115,7029
7031,5116,5115
7031,5115,7030
7032,5117,5113
7032,5119,5117
7032,5113,5116
7033,5120,5119
7033,5119,7032
7034,5124,5126
7034,5126,5128
7034,5116,7031
7034,7031,5125
7034,5125,5124
7035,7034,5128
7036,3411,3414
7037,5129,5131
7037,5128,5129
7037,7035,5128
7037,5131,7036
7037,7036,3414
7038,7036,5131
7039,5127,5122
7039,7040,5127
7041,7039,5122
7041,5122,7038
7042,7043,7044
7045,1929,7042
7046,5135,3432
7046,5136,5135
7047,1929,7045
7047,3427,1929
7048,7046,3432
7048,3432,5137
7048,5137,5139
7049,3427,7047
7050,7049,5145
7050,3427,7049
7050,5145,5146
7051,3427,7050
7051,5143,3427
7052,3395,1820
7052,5160,3395
7052,1820,1922
7052,1922,5148
7053,5142,5143
7054,5149,5141
7054,5142,7053
7054,5141,5140
7054,5140,5142
7055,7053,5143
7055,5143,7051
7056,5146,5147
7057,5152,5153
7058,7056,5147
7058,5151,5157
7058,5147,5151
7058,5157,5159
7058,5159,5155
7059,5155,5154
7059,5154,5152
7059,5152,7057
7059,7058,5155
7060,5158,5150
7060,5153,5158
7061,7052,5148
7062,3462,3464
7062,5164,3462
7062,5167,5164
7063,5161,5163
7063,5163,5166
7063,5166,5167
7064,7063,5167
7065,7064,5167
7066,7062,3464
7066,5167,7062
7066,7065,5167
7066,3464,5168
7067,5161,7063
7067,5169,5161
7067,5176,5169
7068,5168,5171
7068,5172,7069
7068,5171,5172
7070,5176,7067
7070,7067,7071
7072,7070,3466
7072,5176,7070
7072,3466,3465
7073,5173,5176
7073,7072,3465
7073,5177,5173
7073,3465,5177
7073,5176,7072
7074,5184,5179
7074,5174,5180
7074,5175,5174
7074,5179,5175
7075,5179,5184
7075,3473,5179
7075,5184,5183
7076,3479,5192
7076,5192,7077
7076,3468,3479
7076,5180,3468
7078,5182,5184
7078,7076,7077
7078,5180,7076
7078,7077,5182
7078,5184,7074
7078,7074,5180
7079,5181,3473
7079,3473,7075
7079,7075,5183
7080,5183,5182
7081,5192,5190
7081,7080,5182
7081,5191,7080
7081,7077,5192
7081,5182,7077
7081,5190,5191
7082,7080,5191
7082,5191,5193
7083,7082,5193
7083,5186,7082
7084,5185,5187
7084,3474,5185
7084,5188,3474
7085,7083,5193
7085,5186,7083
7085,5193,5194
7086,5186,7085
7086,7085,5194
7086,7087,5187
7086,5197,7087
7086,5194,5197
7086,5187,5186
7088,3496,5188
7088,5188,7084
7089,3496,7088
7090,5198,5195
7091,7089,7092
7091,3496,7089
7093,3496,7091
7093,3495,3496
7094,3495,7093
7094,3503,3495
7094,7095,3503
7096,7097,7098
7096,5199,5202
7096,5204,7097
7096,5202,5204
7096,7098,5199
7099,7100,7097
7099,7097,5204
7099,7101,7100
7102,5206,5205
7103,5208,3503
7103,3503,7095
7104,5211,5205
7104,5205,5209
7105,5209,7106
7105,5211,7104
7105,7104,5209
7107,7105,7106
7108,3507,5212
7108,5219,3507
7109,5203,5223
7109,2016,7106
7109,5209,5203
7109,7106,5209
7109,5223,2016
7110,7107,7106
7110,5220,5222
7110,7106,5220
7111,7110,5222
7111,5215,5213
7112,5222,5221
7112,5216,5215
7112,5221,5216
7112,7111,5222
7112,5215,7111
7113,5215,5217
7114,5225,7115
7114,5217,5225
7114,7115,5218
7114,5218,5219
7114,7113,5217
7114,5219,7113
7116,5226,5224
7116,5218,7115
7116,5224,5218
7117,2004,5227
7117,5227,5220
7117,2016,2004
7117,7106,2016
7117,5220,7106
7118,5225,5228
7118,7115,5225
7118,5229,7115
7119,2023,5226
7119,7115,5229
7119,7116,7115
7119,2024,2023
7119,5229,2024
7119,5226,7116
7120,7118,5228
7120,5229,7118
7120,5228,5230
7120,2027,5229
7120,5230,2028
7120,2028,2027
7121,2042,5214
7121,2049,2045
7121,2045,2042
7122,2053,2049
7122,5214,5231
7122,5231,2053
7122,7121,5214
7122,2049,7121
7123,2025,5232
7123,5232,5235
7123,3517,2020
7123,3526,3517
7123,2020,2025
7123,5235,3526
7124,3521,2036
7125,5235,5232
7125,5232,7126
7127,7128,7125
7127,7125,7126
7129,5235,7125
7129,7125,7128
7130,5235,7129
7130,7129,7128
7130,5234,5235
7131,5234,7130
7132,5234,7131
7132,5237,5234
7133,5238,5239
7133,2037,5238
7134,5237,7132
7135,7134,7136
7135,5237,7134
7137,3527,3525
7138,7136,7139
7138,7139,5243
7138,7140,7136
7141,5241,3527
7141,3527,7137
7141,7137,7142
7143,7142,7144
7145,5241,7141
7145,5250,5241
7146,7138,5243
7146,5245,3542
7146,5243,5245
7147,5236,3520
7147,5242,5236
7147,3554,3557
7147,5247,3554
7147,3520,5247
7147,5248,5242
7147,3557,5248
7148,7146,3542
7148,3542,5251
7149,5250,7145
7150,7151,7148
7150,7148,5251
7150,5251,5255
7152,7151,7150
7152,7150,5255
7153,7152,5255
7153,5255,5254
7154,7153,5254
7155,3544,5246
7155,5246,5256
7156,7157,7158
7159,3553,3555
7159,5257,7158
7159,3555,5257
7160,3543,5262
7160,3534,3543
7160,3563,3534
7160,5266,3563
7160,5262,5266
7161,3553,7159
7162,7163,7157
7164,7161,7165
7164,3556,3553
7164,3553,7161
7164,7166,3556
7167,7168,7163
7167,7165,7168
7167,7163,7169
7170,7162,7171
7170,7163,7162
7170,5261,3561
7170,7171,5261
7170,7169,7163
7172,3560,7169
7172,7170,3561
7172,7169,7170
7172,3561,3560
7173,7174,5265
7173,5265,5264
7173,5264,7175
7173,7176,7174
7177,7166,7178
7177,3556,7166
7179,5258,3556
7179,5262,5258
7179,3556,7177
7180,5298,5267
7180,2060,5298
7180,3552,2060
7180,3550,3552
7180,5267,3544
7180,7155,5256
7180,3544,7155
7180,5256,3550
7181,5262,7179
7181,5289,5266
7181,5266,5262
7182,5264,3559
7182,7175,5264
7182,3559,7183
7184,7185,7186
7187,5297,5296
7187,5270,5271
7187,5271,5297
7187,7183,3559
7187,3559,5270
7188,7189,7190
7191,7192,5274
7191,5274,5280
7191,5282,5289
7191,5289,7192
7191,5280,5282
7193,5274,7192
7193,5272,5274
7193,7192,7189
7194,7189,7188
7194,5275,5272
7194,5272,7193
7194,7193,7189
7195,7187,5296
7196,7195,5296
7196,5287,7185
7196,5286,5287
7196,7185,7195
7196,5296,5291
7196,5291,5286
7197,5293,5278
7197,5278,5300
7198,5293,7197
7198,7197,5300
7199,7198,5300
7200,3564,5288
7200,7201,5305
7200,5305,3564
7200,5288,5290
7200,5290,5292
7202,7200,5292
7202,5292,5294
7202,5294,7203
7202,7204,7205
7202,7203,7204
7206,5267,5298
7206,5269,5267
7207,5301,5304
7208,7207,5304
7209,7208,5304
7210,7209,5304
7210,5304,5303
7211,5305,7201
7211,7201,7212
7213,5311,5268
7213,5268,5269
7213,5315,5311
7213,5317,5315
7213,5320,5317
7213,5322,5320
7213,5269,5322
7214,5305,7211
7214,5306,5305
7215,7214,7216
7215,5306,7214
7215,5318,5306
7215,7216,5318
7217,7210,5303
7217,5303,3571
7218,5306,5319
7218,5307,5306
7218,5325,5307
7219,5321,3643
7219,3568,3529
7219,3529,3528
7219,3643,3569
7219,3528,5321
7219,3569,3568
7220,5308,2087
7220,2087,5307
7220,5307,5325
7220,5310,5308
7220,5324,5310
7220,5325,5324
7221,7217,3571
7221,3571,5323
7221,5323,7222
7223,7224,7222
7225,5319,5318
7225,5318,7226
7227,7223,7222
7227,7222,5323
7227,5323,5328
7228,7229,7227
7230,7228,7227
7230,7231,7228
7230,7227,5328
7230,5328,5329
7232,7231,7230
7233,7230,5329
7233,7232,7230
7233,5329,5333
7234,5326,7235
7234,7235,7236
7237,5310,5324
7237,5324,5326
7238,3575,5331
7238,5331,5334
7238,5334,3595
7238,3580,3575
7238,3595,3580
7239,7233,5333
7240,5326,7234
7240,7237,5326
7241,7242,7239
7241,5333,5332
7241,5332,3590
7241,7239,5333
7243,5330,5310
7243,5310,7237
7244,5330,7243
7245,7241,3590
7246,5334,5331
7246,7244,7247
7246,5330,7244
7246,5331,5330
7248,7245,3590
7248,3590,5336
7249,7248,5336
7250,7247,7244
7251,7249,5336
7251,7252,7249
7253,7251,5336
7253,7252,7251
7253,5336,5347
7254,7255,7256
7257,7255,7254
7258,5348,5350
7259,7260,7261
7262,7258,5350
7263,7261,7264
7265,5350,5356
7265,7262,5350
7266,5356,5360
7266,7267,7265
7266,7265,5356
7268,5354,5353
7268,5353,7269
7270,7271,7272
7273,5354,7268
7274,7273,7272
7274,7271,7275
7274,7272,7271
7276,7274,7275
7277,5354,7276
7277,5357,5354
7278,5357,7277
7278,7277,7279
7280,5358,5357
7280,5357,7278
7281,3611,3610
7281,5360,3611
7281,7270,5360
7281,7271,7270
7282,7275,7271
7282,3610,5362
7282,7271,7281
7282,7281,3610
7283,5358,7280
7284,5362,5365
7285,5358,7283
7285,5363,5358
7286,7287,7284
7286,7284,5365
7288,5365,5368
7288,7286,5365
7289,7285,7287
7290,5321,5337
7290,5369,5321
7290,5337,5339
7291,7289,7292
7293,5364,5363
7293,5366,5364
7294,7290,5339
7295,7294,5339
7296,7297,7291
7298,5366,7293
7298,5370,5366
7299,7295,5339
7300,5344,3587
7300,5339,5344
7300,7299,5339
7301,5370,7298
7302,5372,5371
7302,7303,5372
7302,7304,7303
7305,3614,5370
7305,5370,7306
7307,5371,5376
7307,7302,5371
7307,7304,7302
7308,7309,7306
7310,7311,7312
7310,3614,7305
7313,5373,3614
7313,7312,7314
7313,3614,7310
7313,7310,7312
7315,7309,7316
7317,5373,7313
7317,5377,5373
7317,7313,7314
7318,5376,3622
7319,7312,7320
7319,7314,7312
7321,5377,7317
7321,5379,5377
7322,7319,7320
7322,7323,7319
7324,7319,7323
7324,7314,7319
7324,7325,7314
7326,3622,3624
7326,7327,7318
7326,7318,3622
7328,5379,7321
7329,7330,7331
7329,7323,7330
7332,5379,7328
7333,7334,7335
7336,5385,5386
7336,5386,7333
7336,7335,7337
7336,7333,7335
7338,5385,7336
7338,7336,7337
7339,5385,7338
7339,5387,5385
7340,5387,7341
7340,5383,5387
7340,7341,7342
7340,5388,5383
7340,7342,5388
7343,3629,5390
7343,3624,3629
7344,7339,7345
7344,5387,7339
7344,7341,5387
7346,7343,5390
7347,5390,5393
7347,7346,5390
7348,7347,5393
7348,5393,5392
7348,5392,7349
7350,5394,7345
7350,5392,5394
7350,7349,5392
7351,7345,5394
7351,7344,7345
7351,7341,7344
7352,7342,7353
7352,5389,5388
7352,5395,5389
7352,5388,7342
7354,7351,5394
7355,5391,5396
7355,7356,5391
7357,7355,5396
7357,5396,5403
7358,2141,1095
7358,2142,2141
7358,3592,2142
7358,5402,3586
7358,3617,3592
7358,3586,3617
7358,1095,5449
7358,5449,5402
7359,7357,5403
7360,7359,5403
7360,7361,7359
7360,5403,5404
7362,5400,5397
7363,5400,7362
7364,5458,3738
7365,5400,7363
7365,5401,5400
7365,5408,5401
7366,7367,5405
7366,5405,5409
7368,7366,5409
7369,7370,7371
7372,5408,7369
7372,7369,7371
7372,5407,5408
7373,7368,5409
7374,5407,7372
7374,7371,7375
7374,7372,7371
7374,5410,5407
7376,7374,7375
7376,5410,7374
7377,7376,7375
7377,5410,7376
7377,5411,5410
7378,5409,5414
7378,5414,5416
7378,7371,7373
7378,7375,7371
7378,7373,5409
7378,5416,7375
7379,7377,7375
7379,7375,5416
7379,5415,5419
7379,5416,5415
7380,7379,5419
7380,5412,5411
7381,3647,5412
7381,5412,7382
7381,5413,3647
7381,7382,5413
7383,7380,5419
7383,5412,7380
7383,7382,5412
7384,7383,5419
7384,7382,7383
7385,5417,5413
7385,5413,5422
7386,5422,5420
7386,5417,7385
7386,5420,5423
7386,7385,5422
7387,5417,7386
7387,5423,3652
7387,3652,5417
7387,7386,5423
7388,5424,2165
7388,2165,3656
7389,3655,5432
7389,5423,3655
7389,5428,5425
7389,5432,5428
7389,5425,5423
7390,5434,5433
7390,5433,5437
7391,5430,5435
7391,5431,5430
7391,5436,5431
7392,7390,5437
7392,5434,7390
7392,3666,5435
7392,5435,5434
7392,5437,3663
7392,3663,3666
7393,5436,7391
7393,5438,5436
7394,5438,7393
7394,5442,5440
7394,5440,5438
7394,7393,5442
7395,3670,3671
7395,5444,3670
7395,5445,5444
7395,5446,5445
7396,5446,7395
7396,7395,3671
7396,5452,5447
7396,5447,5446
7397,5447,5452
7397,5448,5447
7398,7397,5452
7399,3674,5448
7399,5456,3674
7399,3681,5456
7400,5453,7401
7400,3678,5453
7400,3682,3678
7402,3681,3683
7402,5456,3681
7402,3683,3686
7402,5455,5456
7402,3686,5455
7403,5455,3686
7403,5453,5455
7404,7400,7401
7404,3682,7400
7404,5457,3682
7404,7401,5457
7405,3686,5459
7405,7403,3686
7406,5459,5461
7406,7405,5459
7406,7401,7405
7407,7401,7406
7407,7406,5461
7407,3687,5457
7407,5457,7401
7408,5461,5464
7408,3687,7407
7408,7407,5461
7409,5466,5462
7409,7408,5464
7409,5468,5466
7409,5462,3687
7409,5464,5468
7409,3687,7408
7410,5477,3693
7410,3693,5467
7410,5467,5476
7411,3693,5477
7411,5471,3693
7411,5472,5471
7411,5477,5472
7412,5475,3695
7412,5476,5475
7412,7413,5476
7412,3695,7413
7414,5477,7410
7414,5478,5477
7414,5476,7413
7414,7410,5476
7415,2199,5469
7415,5471,5473
7415,5469,5471
7415,5473,5482
7416,7413,3695
7416,3695,5480
7417,5472,5478
7418,5482,3702
7418,3702,2199
7418,7415,5482
7418,2199,7415
7419,7417,5486
7419,5486,5483
7420,5484,5486
7420,5480,3699
7420,3699,2191
7420,2191,5484
7420,7416,5480
7421,5483,5487
7421,7419,5483
7421,7422,7419
7423,5482,5481
7423,5481,7422
7423,7421,5487
7423,7422,7421
7424,5482,7423
7424,5488,5482
7425,5450,5508
7425,5458,5450
7426,5488,7424
7426,7424,5492
7427,7426,5492
7427,5489,5488
7427,5488,7426
7428,2198,3701
7428,3707,2198
7428,5490,5496
7428,5495,3707
7428,3701,5490
7428,5496,5495
7429,7427,5492
7429,5492,5491
7430,7429,5491
7431,5496,5490
7431,5497,5496
7432,7430,5491
7432,5494,5499
7432,5491,5494
7433,7431,5499
7433,5497,7431
7433,5499,5498
7434,3653,5507
7434,2201,2202
7434,2202,3653
7435,7436,5497
7435,5497,7433
7435,5504,7436
7437,7436,5504
7438,2204,3707
7438,3707,5500
7438,5501,2204
7439,5504,5506
7439,7437,5504
7439,7440,7437
7441,7442,3714
7441,5501,7438
7441,3714,5501
7443,7439,5506
7443,7440,7439
7444,5506,5509
7444,7443,5506
7444,7445,7443
7446,3714,7442
7446,3715,3714
7447,7446,7442
7448,7442,7449
7448,5517,5516
7448,5516,7447
7448,7447,7442
7450,7449,7445
7450,7451,5517
7450,7448,7449
7450,5517,7448
7452,7444,5509
7452,5509,5511
7452,5511,5514
7452,7445,7444
7453,7450,7445
7453,5514,7451
7453,7445,7452
7453,7451,7450
7453,7452,5514
7454,3715,7446
7455,5520,5513
7455,5513,3715
7455,3715,7454
7456,5517,7451
7456,5515,5517
7456,7451,5514
7456,5514,2217
7457,3722,3719
7457,2217,3722
7457,3719,5515
7457,7456,2217
7457,5515,7456
7458,7425,5508
7458,5508,3800
7458,5458,7425
7459,5518,5522
7459,5522,3726
7460,3726,3725
7460,3725,5528
7460,7459,3726
7460,5521,5518
7460,5518,7459
7461,7460,5528
7461,5523,5521
7461,5521,7460
7462,5528,5527
7462,5524,5523
7462,5525,5524
7462,5527,5525
7462,7461,5528
7462,5523,7461
7463,5529,3724
7463,3727,5532
7463,3724,3727
7464,5529,7463
7465,5534,7464
7465,7464,7463
7465,5532,5534
7465,7463,5532
7466,7464,5534
7467,7468,7469
7470,5525,7469
7470,3730,5525
7471,7472,5535
7471,7470,7472
7471,3730,7470
7471,5535,3730
7473,7468,7474
7473,7474,5537
7473,5537,5539
7475,5535,7472
7475,5538,5535
7476,5538,7475
7476,7475,7477
7478,7475,7472
7478,7477,7475
7478,7479,7477
7480,7468,7473
7480,7472,7468
7480,5539,3755
7480,7478,7472
7480,7479,7478
7480,3755,7479
7480,7473,5539
7481,5541,5538
7481,5538,7476
7482,5544,2275
7482,5543,7483
7484,5553,7485
7484,7485,5542
7484,5542,5541
7486,5553,7484
7486,7484,5541
7486,5541,7481
7487,7477,7479
7487,7479,3755
7487,3755,5547
7488,7485,5553
7488,5552,5554
7488,5553,5552
7489,7488,5554
7489,5555,5551
7489,5554,5555
7490,3749,5550
7490,3759,3749
7490,5563,3759
7490,7491,5563
7492,5556,5564
7492,7493,5558
7492,5558,5556
7494,5574,5575
7494,7492,5564
7494,7493,7492
7494,5564,5574
7495,7493,7494
7495,7494,5575
7496,7491,7497
7496,5566,5563
7496,5563,7491
7498,3761,5568
7498,5568,5574
7498,5560,3761
7498,5564,5560
7498,5574,5564
7499,5570,5566
7499,5569,5570
7499,7500,5569
7501,5569,7500
7501,7500,5575
7501,3775,5569
7502,5566,5570
7502,5571,5565
7502,5565,5566
7503,5570,3773
7503,7502,5570
7503,5571,7502
7504,3790,5540
7504,5605,3790
7504,5610,5605
7505,7503,3773
7505,5571,7503
7506,5576,5571
7506,5571,7505
7507,5576,7506
7507,7506,5579
7507,5580,5576
7507,5579,5580
7508,5579,5578
7508,5580,5579
7509,7510,5543
7509,5610,7504
7509,7504,7510
7511,5580,7508
7511,5581,5580
7512,3772,5584
7512,5578,5577
7513,7511,3780
7513,5581,7511
7513,3779,5582
7513,5582,5581
7513,3780,3779
7514,7512,5584
7514,5578,7512
7514,5585,5578
7514,5584,5585
7515,5578,5585
7515,5585,5588
7516,5610,7509
7516,2275,2280
7516,7482,2275
7516,5634,5610
7516,5543,7482
7516,5635,5634
7516,2280,5635
7516,7509,5543
7517,7515,5588
7517,3780,7515
7517,5588,3778
7517,3778,3780
7518,5589,5587
7518,7519,5589
7518,5587,5583
7520,5589,7519
7521,7522,3784
7521,3784,5594
7523,5589,7520
7523,7520,5598
7523,5590,5589
7524,7521,5594
7524,5596,5598
7524,5594,5596
7525,5590,7523
7525,5593,5590
7526,5593,7525
7526,5592,5591
7526,5591,5593
7526,5607,5592
7527,5604,5602
7527,5607,5606
7527,5611,5604
7527,5606,5611
7528,5601,5603
7528,5608,5601
7529,7528,5603
7530,5622,5615
7530,5623,5622
7530,5615,7531
7532,5625,5618
7532,3823,5625
7532,3796,3795
7532,5618,3796
7532,3795,3823
7533,5629,5619
7533,5620,5630
7533,5619,5620
7534,5629,7533
7535,5632,5629
7535,7534,7536
7535,5629,7534
7537,7535,7536
7537,5632,7535
7538,5636,5632
7538,5632,7537
7539,5639,5638
7539,5638,5641
7540,7536,7539
7540,7539,5641
7541,5640,5636
7541,5636,7538
7542,5641,5645
7542,7540,5641
7542,7536,7540
7543,7541,7544
7543,5640,7541
7545,7544,7546
7545,5640,7543
7545,5642,5640
7545,7543,7544
7547,5645,5648
7547,7542,5645
7548,5642,7545
7548,7545,7546
7548,5643,5642
7549,7547,5648
7550,7548,7546
7550,5643,7548
7550,5649,5643
7551,7546,7544
7551,7549,5648
7551,7544,7549
7552,7553,5653
7554,7552,5653
7554,5653,5652
7555,5649,7556
7557,5654,5650
7557,5649,7555
7557,5650,5649
7558,7554,5652
7559,5654,7557
7560,5651,5654
7560,5654,7559
7560,5656,5651
7561,7558,5652
7561,5652,5661
7562,7563,5670
7564,5671,5670
7564,5670,7563
7565,5661,5664
7565,5664,5671
7565,7561,5661
7565,5671,7564
7566,7567,7562
7568,5670,5669
7569,5662,7570
7571,7572,7573
7571,5662,7569
7571,7569,7572
7574,5663,5662
7574,7571,7573
7574,5662,7571
7575,5669,5678
7575,7568,5669
7576,5679,7577
7576,5678,5679
7576,7575,5678
7578,5663,7574
7578,5672,5663
7578,7574,7573
7579,7572,7577
7579,7573,7572
7580,5672,7578
7580,5674,5672
7581,5674,7580
7581,7580,7582
7583,7579,7577
7584,5674,7581
7584,7581,7582
7584,7582,7585
7586,7582,7583
7587,5667,5674
7587,5668,5667
7587,5674,7584
7588,7586,7583
7588,7583,7577
7588,7577,5679
7589,5668,7587
7590,5675,5668
7590,5676,5675
7591,5668,7589
7591,7590,5668
7592,7588,5679
7592,5679,5681
7593,7588,7592
7593,7592,5681
7594,5676,7590
7594,5680,5676
7594,5683,5680
7595,5681,3859
7595,7593,5681
7595,7596,7593
7597,5683,7598
7599,7595,3859
7599,3859,5684
7600,7599,5684
7600,7601,7599
7602,7597,7603
7602,5683,7597
7602,5682,5683
7604,5684,5685
7604,7600,5684
7605,5682,7602
7606,3856,5680
7606,5680,5682
7606,5682,7607
7608,7603,7609
7608,7604,5685
7608,7609,7604
7610,7603,7608
7611,3854,3856
7611,3856,7606
7611,5687,3854
7612,5685,3860
7613,3846,5689
7613,3852,3846
7613,5689,3875
7613,3875,3853
7613,3853,3852
7614,3860,3868
7614,7612,3860
7614,7615,7612
7616,7614,3868
7617,7618,7619
7620,5686,7621
7620,5688,5686
7622,3868,5690
7622,7616,3868
7622,7619,7616
7623,3862,5688
7623,3867,3862
7624,5688,7620
7625,5690,5691
7626,5691,5694
7626,7625,5691
7627,7626,5694
7628,5692,5693
7628,5693,7629
7630,7631,5700
7632,7633,7630
7632,5700,5699
7632,7630,5700
7634,5698,5697
7635,7636,7637
7635,3877,5698
7638,5698,7634
7638,7639,7636
7638,7634,7639
7638,7635,5698
7638,7636,7635
7640,5699,3885
7640,5705,7641
7640,3885,5705
7642,3878,3877
7642,5703,3878
7642,3877,7635
7642,7643,5703
7644,5705,5704
7644,7645,5705
7644,5704,5706
7646,7636,7639
7646,7644,5706
7647,7636,7646
7647,7646,5706
7648,7647,5706
7648,7637,7636
7648,7636,7647
7649,7637,7648
7650,7649,7648
7650,7648,5706
7651,5703,7643
7652,7649,7650
7653,5702,5703
7654,7655,7656
7657,5709,5707
7657,7653,7658
7657,5702,7653
7657,5707,5702
7659,7655,7654
7659,7660,7655
7659,7661,7660
7662,3892,5713
7662,7661,3892
7662,7660,7661
7663,5713,5712
7663,7662,5713
7664,7665,5716
7666,5720,5715
7667,3907,5726
7667,5716,3907
7667,7664,5716
7668,3898,5721
7668,5721,5729
7668,5729,3910
7668,3910,3909
7669,5720,7666
7670,5726,5725
7671,7670,5725
7672,5723,5718
7672,5718,5720
7673,5723,7672
7674,5723,7673
7675,5725,5724
7676,5729,5721
7676,5723,7674
7676,5721,5723
7677,7676,7678
7677,5727,5729
7677,5734,5727
7677,5729,7676
7679,5737,5739
7680,7679,5739
7681,5738,5737
7681,5730,5735
7681,5724,5730
7681,5735,5738
7681,7675,5724
7682,7683,7680
7682,7680,5739
7684,7682,5739
7684,5739,5736
7685,7684,5736
7686,5734,7687
7688,5747,5745
7688,5745,5732
7688,5733,5728
7688,5732,5733
7689,5734,7686
7689,5728,5734
7690,5748,5747
7690,5747,7688
7690,7688,5728
7690,5728,7689
7691,5732,5744
7691,5753,3915
7691,5744,5753
7691,3914,5731
7691,5731,5732
7691,3915,3914
7692,5741,7693
7692,5742,5741
7694,7695,7696
7694,7692,7693
7697,7695,7694
7697,7694,7693
7698,5747,5746
7699,5747,7698
7699,5745,5747
7700,5751,5750
7701,7698,5746
7701,7700,5750
7702,5745,7699
7703,7704,5753
7703,5753,5744
7703,7705,7704
7703,5744,5745
7703,7702,7705
7703,5745,7702
7706,7707,5750
7706,5750,5756
7708,7706,7709
7708,7707,7706
7708,7705,7707
7710,7704,7705
7710,7705,7708
7710,7708,7709
7711,5756,5752
7711,7706,5756
7711,7712,7709
7711,7709,7706
7713,5753,7704
7713,5759,5753
7714,7710,7709
7715,2425,3924
7715,7693,5741
7715,5758,2425
7715,5741,5758
7716,5759,7713
7717,5754,5760
7717,5768,5757
7717,5757,5754
7718,7716,7719
7718,5763,5759
7718,5759,7716
7720,7719,7716
7721,3923,3925
7721,3926,3923
7721,7722,3926
7721,5752,7722
7721,7711,5752
7721,7712,7711
7723,3925,5767
7723,7721,3925
7724,5767,5766
7725,7724,5766
7726,7725,5766
7726,7727,7725
7728,7717,5760
7728,5760,7729
7728,5768,7717
7728,5770,5768
7730,5773,7731
7732,7730,7731
7733,5771,5773
7733,5767,3925
7733,3925,5771
7733,5765,5767
7733,5773,5765
7734,5768,5769
7734,5769,7735
7734,5762,5768
7736,7732,7731
7737,7738,5762
7737,7735,7738
7737,5762,7734
7737,7734,7735
7739,5769,7740
7741,5773,5772
7741,7731,5773
7742,7738,7743
7742,5762,7738
7742,5764,5762
7742,3928,5764
7742,3944,3928
7744,7735,5769
7744,5769,7739
7744,7739,7745
7746,7738,7735
7746,7735,7747
7748,7741,5772
7749,7735,7744
7749,7747,7735
7749,7744,7745
7750,7738,7746
7750,7746,7747
7751,7743,7738
7751,7738,7750
7752,5775,5778
7752,7753,5775
7754,3944,7742
7754,7742,7743
7755,7752,5778
7755,7756,7752
7757,7755,5778
7758,7759,7760
7761,5781,5777
7761,5777,7762
7763,7761,7762
7764,3954,7765
7766,3953,3954
7766,7767,5786
7766,5786,3953
7768,3954,7764
7768,7766,3954
7768,7767,7766
7768,7769,7767
7770,7763,7762
7771,7769,7772
7771,7767,7769
7771,5786,7767
7773,5786,7771
7773,5785,5786
7773,7771,7772
7773,7772,7774
7775,5785,7773
7775,7773,7774
7775,7776,5785
7775,7774,7776
7777,7772,7769
7778,5789,7777
7778,2462,2461
7778,2461,5789
7779,7777,5789
7779,7772,7777
7780,7772,7779
7780,7779,5789
7780,7774,7772
7780,5789,5788
7780,5788,3971
7781,7774,7780
7781,7780,3971
7781,7776,7774
7782,5785,7776
7783,5785,7782
7783,5787,5785
7783,5790,5787
7784,3971,3970
7784,7781,3971
7784,7776,7781
7784,7782,7776
7784,3970,7782
7785,5790,7783
7785,5793,5790
7785,5798,5793
7785,3970,5798
7786,5794,5793
7786,5793,5798
7787,3969,5796
7787,5797,3969
7787,5796,5799
7788,5791,5794
7789,5799,5800
7789,7787,5799
7790,7789,5800
7791,7788,5794
7791,5803,7788
7792,5803,5802
7792,3984,3983
7792,5802,3984
7792,7788,5803
7793,5800,5805
7793,7790,5800
7794,7793,5805
7794,5804,5801
7794,5805,5806
7794,5806,5804
7795,3984,5802
7795,3982,3984
7795,5802,5809
7796,3952,5808
7797,3982,7795
7797,7795,5809
7797,5811,3982
7798,5804,5806
7798,5817,5813
7798,5809,5804
7798,5806,5817
7799,5821,5824
7799,5819,5821
7799,5824,5818
7799,2480,5816
7799,5818,2480
7799,5816,5819
7800,7796,5808
7800,5830,2474
7801,5826,5825
7801,3991,5824
7801,5825,3991
7801,5824,5827
7801,5827,5826
7802,5827,5821
7802,5821,5829
7803,3994,5826
7803,5833,5834
7803,5826,5833
7803,5834,3994
7804,5839,5831
7804,5827,7802
7804,5831,5827
7805,5839,5838
7805,5831,5839
7805,5835,5833
7805,5833,5831
7805,5838,5835
7806,4003,5832
7806,5837,5841
7806,5832,5837
7806,5840,4003
7806,5841,5840
7807,5834,5835
7807,5837,5834
7807,5841,5837
7808,7807,5835
7808,5841,7807
7808,5845,5842
7808,5835,5843
7808,5843,5845
7808,5842,5841
7809,4002,4013
7809,5846,4002
7810,5846,7809
7810,7809,4013
7811,5846,7810
7811,5851,5846
7812,5852,5851
7812,5856,5861
7812,5851,7811
7812,5861,5852
7813,5854,4023
7813,4023,5858
7814,5855,5859
7814,5862,5861
7814,5861,5855
7815,7814,5859
7815,5862,7814
7815,5859,5867
7815,5867,4032
7816,5871,4021
7816,4021,4020
7817,4039,5868
7817,5867,5870
7817,5872,4039
7817,5870,5872
7818,4037,5876
7819,4044,5873
7819,5873,7818
7819,5877,4044
7819,5876,5877
7819,7818,5876
7820,4048,4046
7820,4046,5880
7821,5884,5883
7822,4065,5878
7822,4063,4065
7822,5878,5879
7823,5883,5882
7823,7824,5883
7823,5879,7824
7823,7822,5879
7825,4064,4063
7825,4063,7822
7826,5882,5881
7826,4064,7825
7827,5894,5897
7828,5897,5889
7828,5887,4064
7828,5889,5887
7828,7827,5897
7829,5888,5903
7829,4069,4071
7829,5901,4069
7829,4071,5888
7830,7829,5903
7831,5903,5899
7831,5899,5902
7831,5902,5913
7832,5892,5893
7832,5909,7833
7832,5895,5892
7832,5893,5907
7832,7833,5922
7832,5922,5921
7832,5907,5909
7834,5911,5906
7834,5906,7830
7834,7835,5911
7836,5912,5915
7836,5913,5912
7837,5911,7835
7837,5914,5911
7838,7836,5915
7838,7835,7836
7839,5919,5918
7840,7841,5909
7840,5909,5908
7840,7839,5918
7840,5918,7841
7842,7838,5915
7843,7842,5915
7843,5915,4096
7844,5909,7841
7844,7833,5909
7845,7833,7844
7845,7844,7846
7845,5922,7833
7845,5924,5922
7845,7846,5924
7847,7841,5918
7847,5918,5917
7847,5917,7848
7849,7848,7846
7849,7841,7847
7849,7847,7848
7850,7843,4096
7850,5917,5919
7851,2563,2567
7851,2567,2577
7851,5915,5912
7851,5912,2564
7851,2577,4097
7851,4097,5915
7851,2564,2563
7852,4096,5931
7852,7850,4096
7852,5917,7850
7853,7846,7848
7854,5931,7855
7854,5917,7852
7854,7853,7848
7854,7848,5917
7854,7852,5931
7856,7846,7853
7857,5923,5924
7858,7857,4089
7858,5923,7857
7859,5923,7858
7859,5926,5923
7860,5920,5927
7861,5926,7859
7861,5927,5926
7862,5925,5920
7862,5920,7860
7863,5933,4090
7863,5927,7861
7864,5925,7862
7865,7864,4092
7865,5925,7864
7865,5928,5925
7866,5932,5934
7866,5933,5932
7866,5934,5935
7867,5929,5928
7867,5943,5940
7867,5928,7865
7867,5940,5929
7868,7866,5935
7868,5936,4090
7868,5935,5936
7868,4090,5933
7868,5933,7866
7869,4000,5945
7869,5945,7870
7871,5966,5945
7872,4104,2580
7872,2580,2573
7873,5950,5948
7873,7874,5950
7875,7876,7877
7875,7878,7876
7879,7880,7881
7879,7882,7880
7879,7877,7883
7879,7883,7882
7884,5946,5950
7884,5950,7874
7885,7873,7881
7885,7874,7873
7885,7884,7874
7885,7886,7884
7885,7881,7880
7887,7872,2573
7887,7878,7875
7887,2573,4115
7888,7886,7885
7888,7880,7882
7888,7885,7880
7889,7884,7886
7889,5946,7884
7889,5951,5946
7890,7887,4115
7890,7878,7887
7891,5871,4106
7891,5966,7871
7891,4021,5871
7891,7871,4021
7891,4106,2683
7892,5952,5951
7893,4000,7869
7893,7869,7870
7893,5961,1278
7893,2547,4000
7893,1278,2547
7894,4115,5962
7894,7890,4115
7895,7892,7896
7895,5952,7892
7897,4108,2586
7897,2596,2595
7897,2586,5953
7897,2595,4108
7898,7899,5964
7900,5952,7895
7900,5955,5952
7901,7898,5964
7902,7894,5962
7902,5962,5965
7903,7901,5964
7903,7896,7901
7903,5964,5963
7904,7893,7870
7904,5945,4122
7904,7870,5945
7904,7905,7893
7904,4122,7905
7906,5954,5955
7907,7906,5955
7908,7909,5957
7908,5957,5956
7908,5954,7906
7908,5960,5954
7908,5956,5960
7910,5961,7893
7910,7905,5973
7910,5973,5961
7910,7893,7905
7911,7912,7909
7911,7909,7913
7914,7915,7916
7914,7916,7911
7914,7911,7913
7917,5957,7909
7917,7909,7912
7918,5965,5971
7918,5971,5972
7919,5957,7917
7919,7912,7920
7919,7917,7912
7921,7916,7915
7921,7911,7916
7921,7915,5967
7921,7912,7911
7921,5967,5969
7922,5970,5957
7922,5957,7919
7922,7919,7920
7923,7918,5972
7923,5977,7924
7923,5974,5977
7923,5972,5974
7925,7920,7912
7925,7921,5969
7925,7912,7921
7926,7922,7920
7927,7920,7925
7927,7926,7920
7928,1328,5966
7928,5966,7891
7928,7891,2683
7928,6027,1328
7928,2683,4206
7928,4206,6027
7929,7930,7931
7929,7931,7932
7933,7924,5977
7933,5977,5976
7934,7930,7929
7935,5979,4128
7935,4128,4127
7936,7937,7933
7936,7933,5976
7936,5976,5982
7938,7936,5982
7939,4137,5980
7939,4138,4137
7940,4126,5978
7940,5978,5983
7940,5985,4126
7941,4137,4136
7941,5980,4137
7941,5983,5980
7941,5989,5983
7942,4144,4143
7942,4143,5985
7942,5988,4144
7942,7940,5983
7942,5985,7940
7942,5989,5988
7942,5983,5989
7943,4138,5993
7943,4136,4138
7943,5993,4153
7944,4134,4141
7944,5992,7945
7944,4141,5992
7944,5995,4134
7944,7945,5995
7946,5991,4154
7946,5992,5991
7947,7945,5992
7947,4154,4155
7947,5992,7946
7947,7946,4154
7948,7945,7947
7948,7947,4155
7948,4155,5996
7949,4158,4157
7949,5997,4160
7949,4160,4158
7949,5996,5997
7949,4157,5995
7949,7945,7948
7949,7948,5996
7949,5995,7945
7950,6000,2602
7950,4193,6000
7950,2602,5973
7951,5973,7905
7951,2673,4193
7951,7905,4122
7951,4122,2673
7951,4193,7950
7951,7950,5973
7952,4189,6011
7952,2669,2667
7953,4200,2671
7953,6013,4200
7953,4194,6013
7953,2671,2669
7954,6015,2665
7954,6016,6015
7954,6018,6016
7954,2666,6012
7954,6012,6018
7954,2665,2666
7955,4199,4201
7955,4201,6021
7955,6021,6022
7955,6018,4199
7956,7955,6022
7956,6018,7955
7956,6017,6016
7956,6016,6018
7957,6017,7956
7957,7956,6022
7957,6023,6017
7957,6022,6023
7958,4213,6029
7959,7958,6036
7959,6041,6033
7960,6040,6041
7960,6042,6040
7960,6041,6043
7961,6043,6039
7961,6039,6035
7961,4226,6043
7961,6037,6046
7961,6046,2704
7961,6035,6037
7961,2704,4226
7962,6043,6047
7962,6042,7960
7962,6044,6042
7962,7960,6043
7963,7962,6047
7963,6049,6044
7963,6044,7962
7963,6052,6049
7963,6047,6052
7964,6048,6050
7964,6051,6048
7964,6055,6051
7964,6050,6055
7965,6050,6054
7965,6054,6058
7965,6059,6050
7965,6058,6059
7966,6057,6056
7966,6056,6063
7966,6063,6066
7967,6064,6057
7967,7966,6066
7967,6057,7966
7967,6066,6067
7968,6067,6061
7968,6061,6060
7968,6060,6064
7968,6064,7967
7968,7967,6067
7969,6062,6061
7970,7969,6070
7970,6072,4234
7971,2713,6082
7971,4233,2713
7971,6085,6069
7971,6067,4233
7971,6082,6085
7971,6068,6067
7971,6069,6068
7972,6079,6086
7972,6086,6087
7973,6089,6081
7973,7972,6087
7973,6081,6079
7973,6079,7972
7974,6083,6081
7974,6081,6089
7974,2718,2711
7974,6088,2718
7974,2711,6083
7974,6089,6088
7975,6087,4245
7975,6090,6087
7975,1361,6090
7975,4245,1361
7976,4250,4247
7976,6090,4250
7976,6087,6090
7976,6089,7973
7976,4247,6089
7976,7973,6087
7977,4252,4249
7977,4248,6093
7977,4249,4248
7978,6093,6096
7978,7977,6093
7979,4256,4254
7979,6096,6098
7979,4261,4256
7979,7978,6096
7979,4254,7978
7979,6098,4261
7980,6111,6112
7980,6110,4293
7980,4296,4298
7980,4298,6111
7980,4293,4296
7980,7981,6110
7982,7981,6113
7982,4281,6110
7982,4303,4281
7982,6113,4303
7982,6110,7981
7983,6112,4307
7983,7981,7980
7983,7980,6112
7984,6113,7981
7984,7983,4307
7984,7981,7983
7984,4307,4311
7985,4311,6114
7985,6114,6113
7985,7984,4311
7985,6113,7984
7986,4323,2766
7986,2760,6120
7986,6120,4323
7986,2731,2760
7986,2768,2731
7986,2766,2768
7987,6116,6121
7987,6121,6125
7987,6118,4305
7987,4305,4306
7987,4306,6116
7988,7987,6125
7988,6122,4312
7988,6125,6122
7988,4312,6118
7988,6118,7987
7989,4318,6123
7989,6125,6121
7989,6123,6125
7989,4316,4318
7990,6124,7991
7990,2759,4313
7990,4313,6124
7992,6120,2759
7992,2759,7990
7992,4324,6120
7993,4317,4316
7993,6126,4317
7993,4315,6126
7994,6124,6123
7994,7991,6124
7995,6127,4324
7996,7991,7994
7997,7998,7996
7997,7996,6131
7997,6131,6132
7997,6132,7998
7999,7995,7998
7999,6127,7995
7999,8000,6129
7999,6129,6127
7999,8001,8000
7999,6132,8001
7999,7998,6132
8002,6128,6129
8002,4322,6128
8003,8001,6132
8003,6132,6130
8003,6137,8004
8003,6130,6135
8003,6135,6137
8003,8004,8001
8005,4322,8002
8005,6144,6133
8005,6133,4322
8005,8002,6141
8005,6141,6140
8005,6140,6144
8006,6142,6141
8006,6137,6136
8006,8004,6137
8007,8008,8009
8007,6133,6144
8007,6139,6133
8007,8009,6139
8010,8006,6136
8010,6142,8006
8010,6136,6146
8011,6146,6147
8011,8010,6146
8011,6142,8010
8011,6145,6142
8011,6147,6145
8012,6143,6145
8013,8009,8008
8013,8008,8014
8015,8012,6145
8015,8008,8012
8015,6145,6148
8015,6148,6155
8016,8013,8014
8016,8009,8013
8016,8014,8017
8018,8015,6155
8018,8008,8015
8018,8014,8008
8019,8018,6155
8019,8014,8018
8020,8019,6155
8020,8014,8019
8020,8017,8014
8021,4331,6139
8021,6149,4331
8021,8016,8017
8021,6139,8009
8021,4335,6149
8021,8009,8016
8022,6157,6156
8022,8017,8020
8023,4338,6162
8023,6162,4334
8024,8023,8025
8024,6161,6160
8024,6160,4338
8024,4338,8023
8026,8025,8027
8026,6172,6161
8026,8024,8025
8026,6161,8024
8028,8029,4348
8028,4348,4345
8028,6169,6170
8028,4345,6169
8028,6170,8029
8030,4346,4348
8030,4348,8029
8030,8031,8027
8032,8026,8027
8032,8027,8031
8032,4355,6172
8032,8031,6176
8032,6176,4352
8032,6172,8026
8032,4352,4355
8033,6170,4356
8033,4356,6180
8034,2803,6178
8034,2804,2803
8034,2805,2804
8034,6180,2805
8034,8033,6180
8035,2795,4363
8035,4364,2795
8035,4363,6182
8035,6182,6185
8036,8035,6185
8036,4371,4364
8036,6185,6189
8036,4364,8035
8036,6189,4371
8037,6185,6183
8037,6190,6189
8037,6189,6185
8037,6183,6186
8038,6198,6191
8038,6197,4376
8038,6191,6197
8039,4382,6200
8039,6200,6198
8039,6198,8038
8039,2814,4382
8040,6205,6206
8040,6206,8041
8042,6205,8040
8042,8040,8041
8042,6210,6205
8043,8041,6206
8043,6207,6208
8043,6208,6215
8043,6215,8044
8043,8044,8041
8043,6206,6207
8045,8042,8041
8046,4389,4391
8046,6214,4389
8046,6215,6214
8047,8042,8045
8048,6217,6212
8048,8042,8047
8048,6212,6210
8048,6210,8042
8049,8050,8044
8049,8044,6215
8051,8052,8053
8054,6220,8052
8054,8052,8051
8054,8051,8055
8056,4400,4399
8056,4399,6216
8056,6216,6219
8056,6219,4400
8057,6219,6220
8057,8054,8055
8057,6220,8054
8058,6219,8057
8058,4400,6219
8058,6222,6224
8058,6224,4400
8059,4403,4402
8060,8059,4402
8060,4402,6228
8061,6225,4400
8061,6224,6223
8061,4400,6224
8062,8061,6223
8063,6234,6229
8063,8064,6234
8065,8064,8063
8066,6234,8064
8066,6233,6234
8067,8066,8064
8068,6246,4413
8068,6247,6246
8068,4413,6237
8069,6247,8068
8070,6238,4413
8070,6241,6238
8070,4413,6246
8070,6245,6241
8070,6246,6245
8071,6245,6247
8071,6244,6256
8071,6247,6244
8072,6245,8071
8072,6253,6252
8072,8071,6256
8072,6252,6245
8073,6257,6242
8073,6242,6251
8073,6251,6253
8073,6253,6262
8074,6253,8072
8074,8072,6256
8074,6256,6255
8074,6258,6265
8074,6255,6258
8074,6265,6253
8075,8073,6262
8075,6257,8073
8076,8075,6262
8076,6257,8075
8076,6260,6257
8077,8076,6262
8077,6262,6261
8078,8079,6272
8078,6267,6263
8080,8078,6272
8080,6267,8078
8080,6268,6267
8080,6272,6271
8080,6271,6268
8081,6272,8079
8082,6273,6272
8082,6272,8081
8083,6270,6269
8083,6268,6274
8083,6269,6268
8083,6275,6270
8084,8083,6274
8084,6275,8083
8085,8082,6278
8085,6278,6277
8085,6273,8082
8086,4431,4429
8086,8087,6280
8086,8088,8087
8086,6280,4431
8089,8085,6277
8089,6273,8085
8089,6274,6271
8089,6271,6273
8090,6274,8089
8091,6279,2864
8091,2864,2863
8091,6277,6279
8092,6254,4425
8093,8092,4425
8093,4425,652
8093,6290,8092
8093,652,6290
8094,6276,8095
8096,8097,6283
8096,8090,8097
8098,8096,6283
8098,8095,8096
8099,8088,8094
8100,6283,6282
8100,8098,6283
8101,8102,8103
8101,8088,8099
8101,8099,8102
8104,8105,8087
8104,8087,8088
8104,8088,8101
8106,8100,6282
8107,8091,2863
8107,4437,4441
8107,2863,4437
8108,8087,8105
8108,6280,8087
8108,4436,4434
8108,4434,6280
8109,8103,8102
8109,8106,6282
8109,8102,8106
8110,8103,8111
8110,8105,8104
8112,8110,8111
8112,8105,8110
8113,8109,6282
8113,6282,4440
8113,4440,6284
8114,8113,6284
8114,8111,8103
8115,6281,2838
8115,2838,6254
8115,6290,6332
8115,6254,8092
8115,8092,6290
8116,8105,8112
8116,8117,6286
8118,8114,6284
8118,8111,8114
8119,8118,6284
8119,6284,6287
8120,8119,6287
8121,8120,6287
8121,8117,8120
8121,6287,8122
8123,8124,6295
8123,6295,6293
8123,6285,8124
8123,6288,6285
8123,6293,6291
8123,6291,6288
8125,8121,8122
8126,6295,8125
8126,6294,6295
8126,6303,6294
8127,4451,4450
8127,4450,2888
8128,8115,6332
8128,4459,6289
8128,6289,6281
8128,6281,8115
8129,8127,2888
8129,2888,2887
8129,6301,6300
8129,2887,6301
8130,8126,6300
8130,6303,8126
8130,6300,6299
8131,6293,6294
8131,6296,6293
8131,6294,6302
8132,6298,6296
8132,6296,8131
8132,8131,6302
8133,8130,6299
8133,6303,8130
8133,6302,6303
8134,8132,6302
8135,8134,6302
8135,6302,8133
8136,6311,6313
8137,8136,6313
8137,6306,6304
8138,6372,1522
8138,2874,2841
8138,1519,2874
8138,2841,1460
8138,1522,1519
8138,1460,1462
8138,1462,1511
8138,1511,1510
8138,1510,6372
8139,8137,6313
8139,6306,8137
8140,6317,6307
8140,6313,6312
8140,6307,6306
8140,6312,6317
8140,6306,8139
8140,8139,6313
8141,6323,4461
8141,6310,6321
8141,4461,6314
8141,6321,6323
8141,6314,6310
8142,6329,4459
8142,2948,6329
8142,6332,2948
8142,4459,8128
8142,8128,6332
8143,6320,6312
8143,6321,6320
8144,6325,6327
8144,6328,6325
8144,6318,6328
8144,8143,6312
8144,6327,8143
8144,6312,6318
8145,6322,6321
8145,6327,6326
8145,6326,6322
8145,8143,6327
8145,6321,8143
8146,4461,6323
8146,6324,4461
8146,6323,6322
8147,8146,6322
8148,6335,6334
8148,8149,6335
8150,8149,8148
8151,6333,6335
8151,6335,8149
8152,8151,8149
8153,6342,4467
8153,4467,4466
8153,4466,6352
8153,6352,6342
8154,6347,6346
8154,6346,4466
8154,4466,6336
8155,6347,8154
8156,4466,6346
8156,6352,4466
8156,6346,6345
8157,6352,8156
8157,6351,6352
8158,8157,8159
8158,6351,8157
8160,6353,4483
8161,6351,8158
8162,4483,4482
8162,8160,4483
8163,8161,8158
8163,8158,8159
8163,8164,8161
8165,6356,8166
8165,8166,8167
8165,6357,6356
8168,8169,8165
8168,8165,8167
8170,8165,8169
8170,6357,8165
8170,8169,6358
8170,6358,6357
8171,6366,8172
8171,8172,8173
8174,8172,6366
8174,6364,6363
8174,6366,6364
8174,6363,6358
8174,8169,8172
8174,6358,8169
8175,4492,4491
8175,6370,6366
8175,4491,6370
8176,4509,4510
8176,4510,6384
8176,6384,6390
8177,4509,8176
8177,2932,4509
8177,6389,4521
8177,6390,6389
8177,8176,6390
8177,4521,2932
8178,6379,4507
8178,4507,2928
8178,6380,6379
8179,4517,6393
8179,6381,6380
8179,6393,6381
8179,6380,8178
8180,6384,6385
8180,6391,6390
8180,6397,6391
8180,6390,6384
8181,2933,2932
8181,2932,4520
8181,4520,6400
8181,6400,6404
8182,4570,4479
8182,2966,2968
8182,2920,2966
8182,2919,2920
8182,4479,6341
8182,6341,2919
8182,2968,4570
8183,4541,4540
8183,2935,2933
8183,2933,8181
8183,8181,6404
8183,6404,4542
8183,4540,2935
8183,4542,4541
8184,4524,6408
8185,6404,6407
8186,6405,6404
8186,6404,8185
8186,6417,6416
8186,6416,6405
8186,8185,6417
8187,2943,2942
8187,6409,2943
8187,2944,6420
8187,2942,2944
8188,6411,4536
8188,4529,6417
8188,4532,4529
8188,4536,4532
8189,1522,4514
8189,1561,1522
8189,4514,4515
8190,6420,4546
8190,8187,6420
8190,4546,6415
8191,6418,4531
8191,4531,4530
8191,4530,6421
8192,8191,6421
8192,6429,8193
8192,6427,6429
8194,6431,6428
8194,4537,4534
8194,6421,4537
8194,4534,6423
8194,6423,6431
8195,8196,8197
8198,8195,8199
8198,8199,8200
8201,6426,6430
8202,8198,8200
8202,8203,8204
8202,8200,8203
8202,8204,8198
8205,8199,8201
8205,8200,8199
8206,8200,8205
8206,8205,6437
8207,6442,6434
8207,6425,8204
8207,8204,8203
8207,6434,6425
8208,8203,8200
8208,8200,8206
8208,8206,6437
8209,6439,6438
8210,6439,8209
8210,6436,6439
8210,6437,6436
8210,8208,6437
8210,8203,8208
8210,8209,8203
8211,6434,6442
8211,6442,6441
8211,6441,6443
8211,4558,6434
8212,2956,2950
8212,6451,2959
8212,2950,2949
8212,2949,4552
8212,4552,6451
8212,2959,2956
8213,6439,6444
8213,6444,6446
8213,6440,6439
8214,8213,6446
8214,6440,8213
8214,6446,6447
8215,8211,6443
8215,4558,8211
8215,6450,6449
8215,6449,4558
8216,6466,1561
8217,6447,6453
8217,6453,8218
8217,6443,6440
8217,8214,6447
8217,6440,8214
8219,6456,8220
8219,6454,6456
8219,8218,6453
8219,8220,8218
8219,6453,6452
8219,6452,6454
8221,8220,6456
8221,6456,8222
8221,6450,8223
8221,8223,8220
8221,6448,6450
8224,4557,6448
8224,8221,8222
8224,6448,8221
8225,2960,6451
8225,6451,4557
8226,8227,6466
8226,6458,6457
8226,8216,6458
8226,6466,8216
8228,8222,6456
8228,6456,6455
8229,6461,4569
8229,4569,2960
8229,2960,8225
8229,8230,6461
8231,8228,6455
8231,8222,8228
8232,6462,6461
8232,8230,8231
8232,6461,8230
8233,4568,6460
8233,6460,6464
8233,6468,4568
8234,4576,4575
8234,6471,6464
8234,6462,4576
8234,6464,6462
8235,4580,4579
8235,8233,6464
8235,6468,8233
8235,4579,6468
8235,6464,6471
8235,6471,6470
8235,6470,4580
8236,6466,8227
8236,6465,6466
8236,2977,6465
8236,8227,2977
8237,8226,6457
8237,8227,8226
8237,6457,6474
8237,6474,2977
8237,2977,8227
8238,4567,6476
8238,4575,4567
8238,6476,4586
8239,6475,8240
8239,4577,6475
8239,6478,4573
8239,4573,4577
8239,8240,6478
8241,6473,4588
8241,6475,6473
8242,8240,6475
8242,8241,4588
8242,6475,8241
8242,4588,4589
8243,8240,8242
8243,8242,4589
8243,4589,6479
8244,4592,4591
8244,4594,4592
8244,6479,6480
8244,8240,8243
8244,8243,6479
8244,4591,6478
8244,6478,8240
8244,6480,4594
8245,6491,6490
8245,6490,4619
8245,4622,6492
8245,4619,4622
8245,6492,6491
8246,3023,3021
8246,4624,6495
8247,4629,6497
8247,3024,3023
8247,4635,3024
8247,6497,4635
8248,6501,6500
8248,3019,3020
8248,6500,3019
8248,6496,6503
8248,3020,6496
8248,6503,6501
8249,4636,6507
8249,6507,6509
8249,4634,4636
8249,6503,4634
8250,8249,6509
8250,6503,8249
8250,6501,6503
8250,6502,6501
8251,6510,6511
8251,6502,6510
8251,6504,6499
8251,4637,6504
8251,6511,4637
8251,6499,6502
8252,6509,6508
8252,8250,6509
8252,6502,8250
8252,6508,6502
8253,4644,6509
8253,1609,4644
8253,6509,6507
8253,6507,1609
8254,4646,6515
8255,8254,6515
8255,6515,4642
8255,4642,6520
8255,6520,6522
8255,6522,8254
8256,6528,6519
8256,8254,6522
8257,6529,6527
8257,6527,6528
8257,6528,6530
8258,6523,6533
8258,6521,6523
8258,3045,4658
8258,6533,3045
8258,6525,6521
8258,4658,6530
8258,6530,6525
8259,6531,6529
8259,6529,8257
8259,8257,6530
8259,6530,6534
8260,6539,6536
8260,6534,6539
8260,8259,6534
8260,6531,8259
8260,6536,6531
8261,6542,6538
8261,6537,6542
8261,6535,6537
8261,6538,6535
8262,6541,6545
8262,6537,6541
8262,6546,6537
8262,6545,6546
8263,6543,6550
8263,6550,6553
8263,6544,6543
8264,8263,6553
8264,6544,8263
8264,6553,6554
8264,6551,6544
8265,8264,6554
8265,6551,8264
8265,6554,6548
8265,6547,6551
8265,6548,6547
8266,6549,6548
8267,8266,6557
8267,6559,4666
8268,8267,6557
8268,6559,8267
8268,4673,6559
8268,6561,4673
8268,6557,6561
8269,4665,3050
8269,6554,4665
8269,6556,6555
8269,6555,6554
8269,3050,6569
8269,6572,6556
8269,6569,6572
8270,6563,6567
8270,6567,6566
8270,6562,6563
8270,4670,6562
8270,6566,6565
8270,6565,4670
8271,6573,6574
8271,6567,6573
8272,6576,6568
8272,6568,6567
8272,8271,6574
8272,6567,8271
8273,6568,6576
8273,6575,3059
8273,6576,6575
8273,6570,6568
8273,3059,3048
8273,3048,6570
8274,6574,4677
8274,6577,6574
8274,1655,6577
8274,4677,1655
8275,6574,6577
8275,6577,4680
8275,8272,6574
8275,4678,6576
8275,4680,4678
8275,6576,8272
8276,3063,3065
8276,6585,4688
8277,3066,4679
8277,6581,4684
8277,3065,3066
8277,4679,6581
8278,6582,4687
8278,6584,6582
8278,6586,6584
8278,4692,6586
8278,4687,4692
8279,6597,6624
8279,752,1648
8279,1648,1597
8279,6624,752
8279,1642,6597
8279,1613,1642
8279,1597,1613
8280,6595,4722
8280,4722,4723
8280,4724,6596
8280,4723,4724
8280,6596,6598
8280,8281,6595
8282,4712,6595
8282,4730,4712
8282,6595,8281
8282,6599,4730
8282,8281,6599
8283,8280,6598
8283,8281,8280
8283,6598,4734
8284,4734,4737
8284,8281,8283
8284,8283,4734
8284,6599,8281
8285,6599,8284
8285,8284,4737
8285,4737,6602
8285,6602,6599
8286,6611,6613
8286,4733,6605
8286,6609,4732
8286,6605,6611
8286,4732,4733
8287,6609,8286
8287,6612,4739
8287,6613,6612
8287,4739,6609
8287,8286,6613
8288,6608,8289
8288,6607,6608
8288,6600,6607
8290,6613,6611
8290,4748,6613
8290,4743,4745
8290,4745,4748
8291,6632,6601
8291,8289,6632
8291,6601,6600
8291,6600,8288
8291,8288,8289
8292,4741,6617
8292,6617,4744
8292,4744,4743
8293,6616,4750
8293,4749,6618
8293,4750,4749
8294,8295,8296
8297,8295,6629
8297,8298,8295
8299,6619,6621
8299,6626,8300
8299,6621,6626
8301,8294,8300
8301,6629,8295
8301,8295,8294
8302,8298,8297
8303,6629,8301
8303,6627,6629
8304,3112,3111
8304,6622,3112
8304,6626,6622
8305,8302,6635
8306,3111,6630
8306,6626,8304
8306,8307,6626
8306,8304,3111
8306,6630,8307
8308,4760,4755
8308,6601,6636
8308,6636,4760
8308,6624,6601
8308,4757,6624
8308,4755,4757
8309,6640,6639
8309,6641,6640
8309,4754,6641
8309,6630,4754
8309,6627,6630
8310,6631,6633
8311,8309,6639
8312,6639,6642
8312,6634,8311
8312,8311,6639
8312,8313,6634
8314,6631,8310
8314,8310,8315
8316,6637,6631
8316,6631,8314
8317,6637,8316
8318,6652,6651
8319,8320,6642
8319,6642,6638
8319,6638,6643
8319,6649,8320
8319,6643,6644
8319,6644,6649
8321,8317,6651
8321,4761,6636
8321,6636,6637
8321,6654,4761
8321,6637,8317
8322,6652,8318
8322,6649,6648
8323,3122,3148
8323,3148,72
8323,72,6603
8323,4735,3122
8323,6603,4735
8324,6652,8322
8324,8322,6648
8325,6655,6654
8325,6654,8321
8326,6648,6647
8326,6647,6646
8326,6652,8324
8326,8324,6648
8327,6657,6656
8328,8329,8330
8331,4769,4759
8331,4759,6653
8332,8333,8326
8332,6646,6645
8332,4765,3127
8332,6645,4765
8332,8326,6646
8334,8335,8333
8334,8333,8332
8334,8332,3127
8336,6660,8337
8336,8335,8334
8336,6662,6660
8336,3127,3126
8336,8334,3127
8336,3126,6662
8336,8337,8335
8338,8337,6660
8338,8330,8337
8338,6660,6659
8338,6659,8339
8340,8339,6665
8340,4778,4774
8340,4780,4778
8340,6665,4780
8341,6665,8339
8341,6659,6658
8341,6661,6666
8341,6666,6663
8341,6658,6661
8341,8339,6659
8341,6663,6665
8342,4756,4768
8342,8343,4756
8344,4768,4770
8345,6669,6671
8346,4793,6675
8347,4785,8348
8347,4783,4785
8347,6667,4784
8347,6668,6667
8347,8348,6673
8347,6673,6668
8347,4784,4783
8349,8350,8351
8352,6673,8348
8353,4793,8346
8354,8348,4785
8354,8355,8352
8354,8352,8348
8354,4785,4789
8356,8349,8351
8357,8355,8354
8357,8356,8351
8357,8351,8355
8358,8359,8360
8361,4793,8353
8361,6676,4794
8362,4793,8361
8362,8361,4794
8362,4794,4793
8363,8364,8360
8363,8360,8359
8363,8359,8365
8366,8359,8358
8366,8367,8359
8368,6677,6676
8368,8363,8365
8368,6676,8364
8368,8364,8363
8369,6687,6683
8369,6683,6686
8370,6687,8369
8370,4801,6687
8371,4802,4801
8371,8367,8366
8371,8370,8367
8371,4801,8370
8372,8373,6685
8372,6677,8373
8372,6682,6677
8374,6688,6682
8374,6682,8372
8375,6690,6688
8375,6693,6690
8375,8374,6694
8375,6688,8374
8375,6694,6693
8376,4808,6690
8376,6690,6693
8376,6693,6692
8377,6696,6700
8377,6695,6696
8377,6700,6699
8378,6692,6695
8378,6695,8377
8379,6692,8378
8380,6698,8379
8381,6705,4817
8381,4819,6697
8381,6697,6698
8381,4817,4819
8381,6698,8380
8381,8380,6705
8382,6699,6704
8382,6704,6706
8383,8382,6706
8383,8384,8382
8385,8383,6706
8385,8384,8383
8385,6706,6707
8386,8385,6707
8386,4826,6709
8386,6707,4826
8386,8384,8385
8387,4823,4820
8387,8386,6709
8387,4820,6705
8387,6709,4823
8388,6708,4830
8388,6710,6708
8388,4830,6712
8389,8388,6712
8389,6710,8388
8389,6713,6710
8389,4834,6713
8389,6712,6715
8389,6715,4834
8390,6711,4831
8390,6712,6711
8390,6714,6716
8390,6716,6712
8390,4831,6714
8391,6714,6717
8391,6716,6714
8391,6722,4845
8391,6717,6722
8392,4844,6721
8392,8391,4845
8392,6716,8391
8392,4845,4844
8392,6721,6720
8392,6719,6715
8392,6720,6719
8392,6715,6716
8393,4837,4828
8393,4827,6724
8393,4828,4827
8393,6724,6718
8393,6718,4837
8394,6724,6729
8394,4847,4843
8394,4843,6722
8394,6722,6718
8394,6718,6724
8394,6730,4847
8394,6729,6730
8395,6721,4844
8395,6728,6721
8396,6726,6725
8396,6725,6727
8397,4844,4846
8397,4846,4847
8397,8395,4844
8398,6731,6732
8398,6733,6731
8398,6732,8399
8400,6734,6733
8400,6733,8398
8401,8402,6738
8401,4859,8403
8401,6738,4859
8404,6736,6734
8404,4857,6736
8404,8400,4858
8404,4858,4857
8404,6734,8400
8405,6738,8402
8405,8402,8406
8405,6737,6738
8407,6736,4857
8407,4857,6740
8407,6739,6736
8408,4864,6741
8408,4863,4864
8409,6740,6745
8409,6739,8407
8409,8407,6740
8410,8409,6745
8410,6739,8409
8411,6739,8410
8411,6741,6739
8411,6745,6744
8411,8410,6745
8412,6740,6737
8412,6737,8405
8412,3176,3175
8412,8406,3176
8412,3175,6748
8412,8405,8406
8413,6741,8411
8413,8411,6744
8414,4863,8408
8415,6740,8412
8415,6745,6740
8415,6746,6745
8415,6748,6746
8415,8412,6748
8416,6744,6752
8416,8413,6744
8416,6752,6751
8416,6751,8414
8417,4863,8414
8417,6754,4865
8417,4865,4863
8418,6754,8417
8419,6752,6744
8419,6744,6747
8420,6754,8418
8421,6752,8419
8421,6747,4868
8421,6750,6752
8421,8419,6747
8422,6754,8420
8422,8420,8423
8422,6753,6754
8424,8425,6758
8426,8421,4868
8426,6750,8421
8426,4868,6756
8427,6750,8426
8427,8426,6756
8427,6758,6750
8427,6756,6758
8428,8424,6758
8428,8423,8424
8428,6758,6757
8429,8430,6764
8429,6755,6759
8429,6759,8430
8429,4861,6755
8429,6764,4861
8431,6760,8432
8433,6760,8431
8434,8430,6759
8435,8430,8434
8436,6767,6770
8436,6766,6767
8437,8438,8439
8437,8435,8438
8440,8439,8438
8440,8438,8441
8442,8437,8439
8442,8443,8437
8444,6765,8443
8445,8440,6774
8445,8439,8440
8446,8439,8447
8446,8443,8442
8446,8442,8439
8446,8444,8443
8448,8447,8439
8448,8439,8445
8448,8445,6774
8449,6774,6773
8449,8448,6774
8450,8451,6778
8450,4881,6772
8450,6778,4881
8452,6773,6776
8452,8449,6773
8453,6778,8451
8453,8451,8454
8453,6779,6778
8453,8454,6779
8455,8452,6776
8455,3192,6783
8455,6776,3192
8456,8454,8451
8456,8455,6783
8457,8454,8456
8457,8456,6783
8458,8454,8457
8458,8457,6783
8458,6783,6782
8459,6779,8454
8459,6782,4890
8459,8454,8458
8459,8458,6782
8460,6775,6777
8460,6781,6775
8461,6780,6779
8461,6779,8459
8461,4890,4892
8461,8459,4890
8462,8461,4892
8462,6780,8461
8462,6777,6780
8462,8460,6777
8463,6781,8460
8463,6784,6781
8464,6784,8463
8464,8465,6786
8464,6786,6784
8466,4889,4891
8467,4893,6785
8467,4894,4893
8468,6785,6786
8468,6786,8465
8468,8469,8470
8468,8465,8469
8471,8466,4891
8472,8471,4891
8472,4891,3191
8472,3191,3194
8473,8468,8470
8473,6791,6788
8473,6792,6791
8474,6789,6796
8474,4894,8467
8474,8467,6790
8474,6790,6789
8474,6796,4897
8474,4897,4894
8475,6823,6822
8475,6825,6824
8475,6800,4926
8475,6824,6826
8475,6828,6827
8475,6830,6829
8475,6831,6830
8475,6827,6831
8475,3194,6800
8475,6832,6828
8475,6833,6832
8475,6834,6833
8475,4926,6834
8475,8472,3194
8475,6835,6823
8475,6829,6825
8475,6826,6835
8475,6822,6836
8476,4905,4903
8476,4903,6792
8477,4908,4905
8477,4905,8476
8477,6807,4908
8477,8478,8479
8477,8476,8478
8477,8479,8480
8481,6807,8477
8481,8475,6836
8481,6808,6807
8481,8477,8480
8481,6811,6808
8481,6813,6812
8481,6812,6811
8481,6814,6813
8481,6815,6814
8481,6836,6815
8482,6798,6795
8482,4903,4902
8482,6789,4903
8482,6795,6789
8482,4902,6798
8483,6804,6799
8483,6818,6816
8483,6799,6818
8483,6816,6804
8484,6805,4911
8484,4911,4910
8485,6806,6809
8485,6809,6810
8485,4907,6806
8485,6820,6803
8485,6821,6838
8485,6810,6821
8485,6803,4907
8486,6820,8485
8486,4922,4921
8486,4921,6820
8486,8485,6838
8487,6837,6839
8487,6838,6837
8487,4923,4922
8487,6843,6842
8487,4922,8486
8487,6842,4923
8487,8486,6838
8487,6839,6843
8488,4920,4924
8488,4916,4920
8489,6817,4917
8489,4917,4916
8489,4916,8488
8490,4924,4923
8490,4923,6841
8490,8488,4924
8491,8492,8489
8493,6841,6844
8493,8489,8488
8493,8490,6841
8493,8488,8490
8493,8491,8489
8494,6847,6848
8494,6849,6847
8494,8495,6849
8496,8495,8494
8497,6850,6849
8497,6851,6850
8498,8497,6849
8498,6849,8495
8499,8498,8495
8499,8495,8500
8501,8502,8503
8504,6853,6855
8504,6854,6853
8505,6858,6857
8505,6861,6858
8505,6857,8501
8505,4946,6861
8505,8501,8503
8505,8503,8504
8506,8505,8504
8506,8504,6855
8506,4947,4946
8506,4948,4947
8506,4949,4948
8506,4950,4949
8506,6855,4954
8506,4951,4950
8506,4952,4951
8506,4953,4952
8506,4954,4953
8506,4946,8505
8507,8508,6868
8509,6868,6867
8509,6873,6866
8509,6875,6873
8509,6867,6875
8509,6866,8507
8509,8507,6868
8510,6864,6871
8510,8511,6864
8512,4984,4982
8512,4988,4985
8512,4985,4984
8513,8510,6871
8514,4988,8512
8515,4981,4980
8515,6870,4981
8515,6869,6870
8516,8515,4980
8516,4994,5012
8516,6869,8515
8516,4980,4994
8517,6887,6885
8517,6885,6883
8518,6887,8517
8519,4992,4991
8519,8514,8520
8519,4988,8514
8519,8520,8521
8519,4991,4988
8522,6879,8523
8522,8523,4992
8522,4992,8519
8522,6880,6879
8524,6876,6869
8524,8516,5012
8524,6869,8516
8525,6888,6887
8525,6889,6888
8525,8526,6889
8525,6902,8526
8525,6887,8518
8527,4995,6902
8527,4998,4995
8527,4999,4998
8527,4986,4999
8527,6902,8525
8528,4990,4992
8528,4992,8523
8528,6892,4990
8529,8530,8531
8529,8531,6890
8529,8532,8530
8529,6886,6889
8529,8533,8532
8529,6893,6897
8529,6902,6893
8529,6890,6886
8529,6897,8533
8529,6889,8526
8529,8526,6902
8534,8528,8523
8535,6876,8524
8535,8524,5012
8535,6891,6876
8535,5012,5011
8536,5007,5006
8536,5006,5008
8536,5008,6892
8537,6903,5008
8537,6910,6903
8537,5008,5005
8538,8537,5005
8538,6910,8537
8539,5009,79
8539,8535,5011
8539,5011,5009
8539,77,6891
8539,78,77
8539,79,78
8539,6891,8535
8540,6910,8538
8540,6911,6910
8541,8542,6911
8541,6911,8540
8543,3238,6914
8543,3234,3238
8544,6911,8542
8544,6912,6911
8545,6931,6912
8545,6912,8544
8545,8544,8546
8547,8548,6914
8547,6919,6929
8547,6929,6927
8547,6914,6919
8549,6920,8548
8549,6921,6920
8549,6926,6921
8549,6927,6926
8549,8548,8547
8549,8547,6927
8550,8546,6923
8550,6922,6925
8550,6930,8551
8550,6936,8546
8550,6934,6936
8550,6937,6934
8550,6938,6937
8550,8551,6943
8550,6943,6938
8550,6925,6930
8550,6923,6922
8552,8546,6936
8552,6936,6935
8552,6931,8545
8552,8545,8546
8553,6945,6931
8553,6931,8552
8553,8552,6935
8554,6946,6943
8554,6932,6933
8554,8551,6930
8554,6930,6932
8554,6943,8551
8554,6933,6946
8555,6945,8553
8555,8553,6935
8556,6945,8555
8557,6944,6950
8557,8558,6949
8557,8559,8558
8557,6949,6944
8557,6950,6954
8560,6945,8556
8560,6951,6945
8561,6951,8560
8562,5022,5024
8562,8561,5022
8562,6952,6951
8562,5024,6952
8562,6951,8561
8563,6954,6955
8563,6956,8559
8563,6957,6956
8563,8559,8557
8563,6958,6957
8563,6959,6958
8563,8557,6954
8563,6955,6960
8563,6960,6959
8564,6961,5024
8564,5024,5023
8565,5027,6961
8565,88,5027
8565,89,88
8565,90,89
8565,91,90
8566,241,244
8566,6963,241
8566,244,249
8566,249,250
8566,8567,6963
8568,8566,250
8568,8567,8566
8568,250,254
8569,8568,254
8569,259,263
8569,263,267
8569,254,259
8570,6964,5036
8570,5036,6963
8570,6963,8567
8571,295,309
8572,8570,8571
8572,6964,8570
8572,8571,309
8572,301,6964
8572,303,301
8572,304,303
8572,306,304
8572,309,306
8573,6965,5039
8573,5038,6965
8573,6967,5038
8573,5039,3338
8574,6966,6967
8574,6967,8573
8574,8573,3338
8575,6966,8574
8575,8574,3338
8576,5048,5047
8576,3344,5049
8576,5049,5048
8576,5050,6968
8576,3342,3344
8576,3345,3342
8576,3346,3345
8576,5047,5050
8577,5042,3347
8577,3346,8576
8577,3347,3346
8578,6969,6971
8578,6985,6978
8578,6989,6987
8578,6990,6989
8578,6991,6990
8578,6992,6991
8578,6978,6969
8578,6987,6985
8579,8578,6971
8579,6993,6992
8579,6992,8578
8580,6993,8579
8580,8579,6971
8580,6994,6993
8581,6994,8580
8581,6995,6994
8581,6977,6995
8581,8580,6971
8581,6971,6977
8582,7002,7005
8582,5078,7003
8582,7005,5078
8582,7001,7002
8582,7003,7000
8582,7000,7001
8583,889,7006
8583,5076,889
8583,3377,5076
8583,7006,3377
8584,5088,7010
8584,7009,7013
8584,7010,7009
8585,5088,8584
8585,7014,5088
8585,8584,7013
8585,7013,7014
8586,7016,7018
8586,5095,7016
8587,7018,5099
8587,8586,7018
8587,5095,8586
8587,5099,5098
8587,3392,5095
8587,5098,3392
8588,3388,3390
8588,7017,3388
8588,5110,7017
8588,7020,5110
8588,3390,5107
8588,5107,7020
8589,5101,5100
8589,5106,5101
8589,5100,7023
8590,8589,7023
8591,7025,8592
8591,7022,7025
8591,8592,7027
8591,7020,7021
8591,7021,7022
8593,8590,7023
8593,7023,7024
8593,7025,7022
8593,7024,7025
8593,7022,8590
8594,8591,7027
8594,7026,5110
8594,5110,7020
8594,7027,7026
8594,7020,8591
8595,7025,5125
8595,8592,7025
8595,7027,8592
8595,7029,7027
8595,7031,7030
8595,5125,7031
8595,7030,7029
8596,7032,5116
8596,7033,7032
8596,7034,7035
8596,5116,7034
8597,7035,7037
8597,7037,3414
8597,7033,8596
8597,8596,7035
8598,5122,3412
8598,3412,3411
8598,3411,7036
8598,7036,7038
8598,7038,5122
8599,7043,7042
8599,1929,1896
8599,1896,5127
8599,5127,7040
8599,7042,1929
8600,7041,5134
8600,7039,7041
8600,8601,7039
8602,7038,5131
8602,5130,5134
8602,5131,5130
8602,7041,7038
8602,5134,7041
8603,7040,7039
8603,7039,8601
8603,8601,8604
8603,8604,8605
8606,8600,5134
8606,8604,8601
8606,8601,8600
8607,8605,7043
8607,7040,8603
8607,8603,8605
8607,7043,8599
8607,8599,7040
8608,8604,8606
8608,5134,5133
8608,5133,5136
8608,8606,5134
8609,8608,5136
8609,8604,8608
8609,8605,8604
8610,7044,7043
8610,7043,8605
8610,8605,8609
8610,8609,5136
8610,5136,7044
8611,7045,7042
8611,7042,7044
8611,7044,5139
8612,7046,7048
8612,7048,5139
8612,7044,5136
8612,5139,7044
8612,5136,7046
8613,7045,8611
8613,8611,5139
8614,7047,7045
8614,7045,8613
8614,8613,5139
8614,5138,5145
8614,5139,5138
8615,8614,5145
8615,5145,7049
8615,7047,8614
8615,7049,7047
8616,7050,5146
8616,7051,7050
8616,8617,7051
8616,7056,8617
8616,5146,7056
8618,7055,7051
8618,8619,7055
8618,7051,8617
8620,7055,8619
8620,7054,7053
8620,7053,7055
8621,8619,8618
8621,8618,8617
8621,8617,7056
8622,7056,7058
8622,8619,8621
8622,7059,7057
8622,7058,7059
8622,8621,7056
8623,7057,5153
8623,5153,7060
8623,7060,5150
8624,5160,7052
8624,7052,7061
8625,7065,7066
8625,7066,5168
8626,7063,7064
8626,7064,7065
8627,7065,8625
8627,7069,8626
8627,8626,7065
8627,5168,7068
8627,8625,5168
8627,7068,7069
8628,7067,7063
8628,8626,7069
8628,7063,8626
8628,7071,7067
8629,5172,3466
8629,8628,7069
8629,7071,8628
8629,7069,5172
8629,3466,7070
8629,7070,7071
8630,5183,7080
8630,7079,5183
8631,5181,7079
8631,8630,7080
8631,7082,5186
8631,7080,7082
8631,7079,8630
8631,5186,5181
8632,7088,7084
8632,5187,7087
8632,7084,5187
8633,7088,8632
8634,7088,8633
8634,7089,7088
8635,8636,7100
8635,7092,7089
8635,7100,7092
8635,7089,8634
8635,8634,8636
8637,7097,7100
8637,7100,8636
8637,8636,7090
8637,7098,7097
8637,7090,7098
8638,3493,5199
8638,7090,5195
8638,7098,7090
8638,5195,3493
8638,5199,7098
8639,7091,7092
8639,7100,7101
8639,7092,7100
8640,8639,7101
8640,7093,7091
8640,7091,8639
8641,7093,8640
8641,7094,7093
8641,7095,7094
8642,7103,7095
8642,7095,7102
8642,7102,5205
8642,5205,5211
8642,5208,7103
8642,5211,5208
8643,5211,7105
8643,5210,5211
8643,7105,7107
8644,5210,8643
8644,8643,7107
8645,8644,7107
8645,7107,7110
8645,5213,5210
8645,5210,8644
8646,8645,7110
8646,5213,8645
8646,7110,7111
8646,7111,5213
8647,5212,5213
8647,5219,7108
8647,7108,5212
8647,5213,5215
8647,5215,7113
8647,7113,5219
8648,3521,7124
8648,5232,2029
8648,7124,7126
8648,2029,3521
8648,7126,5232
8649,7124,2036
8649,2036,2035
8650,7124,8649
8651,7127,8650
8651,7128,7127
8651,3532,5233
8651,5233,7128
8652,5233,3531
8652,7131,7130
8652,7128,5233
8652,7130,7128
8653,5239,5244
8653,7133,5239
8653,3530,3532
8653,5244,3530
8654,8652,3531
8654,7132,7131
8654,7131,8652
8654,3531,3530
8655,7132,8654
8655,8654,3530
8655,7136,7134
8655,7134,7132
8656,5237,7135
8656,7137,3525
8656,3525,5237
8657,7142,7137
8657,7137,8656
8657,7144,7142
8658,7141,7142
8658,7142,7143
8659,7138,7146
8659,7146,7148
8659,7140,7138
8660,7145,7141
8660,7141,8658
8661,7145,8660
8661,8660,8662
8661,7149,7145
8663,8662,7152
8664,8665,7154
8664,7154,8666
8667,8664,8666
8667,5253,8664
8667,8666,8668
8669,5257,5252
8669,5253,8667
8669,5252,5253
8670,8668,7156
8670,5257,8669
8671,5254,5259
8671,7154,5254
8671,5259,5260
8671,8666,7154
8671,5260,8666
8672,8670,7156
8672,7156,7158
8672,7158,5257
8672,5257,8670
8673,5260,5261
8673,5261,7171
8673,8666,5260
8673,8668,8666
8674,7158,7157
8674,7159,7158
8675,8673,7171
8675,7156,8668
8675,7157,7156
8675,7171,7162
8675,7162,7157
8675,8668,8673
8676,7161,7159
8676,7163,7168
8676,7157,7163
8676,8674,7157
8676,7159,8674
8677,7161,8676
8677,7165,7161
8677,8676,7168
8677,7168,7165
8678,7166,7164
8678,7178,7166
8678,7176,7178
8679,7173,7175
8679,7178,7176
8679,7176,7173
8680,7178,8679
8680,8679,7175
8680,7177,7178
8681,7177,8680
8682,7177,8681
8683,7177,8682
8683,7179,7177
8684,7179,8683
8684,8683,7190
8684,7181,7179
8684,5289,7181
8684,7190,7189
8684,7189,7192
8684,7192,5289
8685,7184,7183
8685,7185,7184
8685,7187,7195
8685,7183,7187
8685,7195,7185
8686,7186,7185
8686,7185,5287
8686,7188,7190
8686,7190,7186
8687,7188,8686
8687,8686,5287
8688,7188,8687
8688,8687,5287
8688,7194,7188
8688,5287,5277
8689,8688,5277
8689,7194,8688
8689,5277,5275
8689,5275,7194
8690,5293,7198
8690,5284,5293
8691,8690,7198
8691,5284,8690
8691,7198,7199
8692,8693,8691
8692,8691,7199
8694,7204,7203
8695,7204,8694
8695,7207,7208
8696,7202,7205
8696,7200,7202
8696,7212,7201
8696,7205,7212
8696,7201,7200
8697,7204,8695
8697,8695,7208
8698,8697,7208
8698,7208,7209
8698,7204,8697
8699,7209,7210
8699,7205,7204
8699,8698,7209
8699,7204,8698
8700,8699,7210
8700,8701,7205
8700,7205,8699
8702,7205,8701
8702,7212,7205
8703,7212,8702
8703,7211,7212
8703,8702,8701
8704,7211,8703
8704,8703,8701
8705,7210,7217
8705,8700,7210
8706,7211,8704
8707,8705,7217
8707,7217,7221
8707,7221,8708
8709,8710,7224
8711,7226,5318
8711,7224,7223
8711,7223,7226
8711,5318,7216
8711,8709,7224
8711,7216,8709
8712,3588,5322
8712,7206,5298
8712,5269,7206
8712,5298,2106
8712,2106,3588
8712,5322,5269
8713,7226,7229
8713,7225,7226
8714,7229,7226
8714,7226,7223
8714,7227,7229
8714,7223,7227
8715,8713,7229
8715,7229,7228
8716,7225,8713
8716,8713,8715
8717,8716,8715
8718,8719,8720
8721,7218,5319
8721,5325,7218
8721,5326,5325
8722,7231,7232
8723,8722,7232
8724,7240,7234
8724,8725,8726
8724,7234,8725
8727,7240,8724
8728,7237,7240
8729,7243,7237
8729,7237,8728
8730,7245,7248
8730,8726,7245
8731,7244,7243
8731,7243,8729
8732,8730,7248
8732,8733,8730
8734,7248,7249
8734,8732,7248
8735,7249,7252
8735,8736,8734
8735,8734,7249
8737,7250,7244
8737,7244,8731
8738,7250,8737
8739,8738,7256
8739,7256,7255
8739,7250,8738
8740,7247,7250
8741,7252,7253
8741,7253,5347
8741,7254,7256
8741,5347,7254
8742,8743,7247
8742,8744,8743
8742,7247,8740
8745,5334,7246
8745,7246,7247
8745,7247,8743
8745,5345,5334
8745,8743,7260
8745,7260,5345
8746,7257,8747
8746,8744,8742
8748,8746,8747
8748,8744,8746
8749,7254,5347
8749,5347,5348
8749,5348,7258
8750,8744,8748
8751,7261,7260
8751,8743,8744
8751,7260,8743
8751,7264,7261
8751,8744,8750
8751,8750,7264
8752,7257,7254
8752,7254,8749
8752,8747,7257
8752,7258,7262
8752,8749,7258
8753,7260,7259
8753,7259,8754
8753,5345,7260
8755,8752,7262
8755,7265,7267
8755,7263,7264
8755,7262,7265
8755,7267,7263
8756,7259,7261
8756,8754,7259
8756,8757,8754
8756,7261,7263
8756,7263,7267
8758,8753,8754
8758,5345,8753
8758,5351,5345
8759,5351,8758
8759,5353,5351
8759,7269,5353
8759,8760,7269
8761,8757,8756
8761,8756,7267
8761,7266,5360
8761,7267,7266
8762,8761,5360
8762,8757,8761
8762,5360,7270
8763,8757,8762
8763,8762,7270
8763,8760,8757
8763,7270,7272
8764,7272,7273
8764,8760,8763
8764,8763,7272
8764,7269,8760
8764,7268,7269
8764,7273,7268
8765,7274,7276
8765,7276,5354
8765,5354,7273
8765,7273,7274
8766,7276,7275
8767,7279,8766
8767,5362,7284
8768,7279,8767
8768,7278,7279
8768,7284,7287
8768,8767,7284
8769,7280,7278
8769,8768,7287
8769,7283,7280
8769,7278,8768
8770,7285,7283
8770,7287,7285
8770,8769,7287
8770,7283,8769
8771,7285,7289
8771,5363,7285
8772,7287,7286
8772,7286,7288
8772,7289,7287
8772,7292,7289
8773,5363,8771
8773,7293,5363
8773,7297,7293
8774,5368,3613
8774,3613,5372
8775,7297,7296
8776,7293,7297
8776,7297,8775
8776,7298,7293
8777,5372,7303
8777,8774,5372
8778,8775,7296
8778,7304,8775
8778,8777,7303
8778,7303,7304
8779,7298,8776
8779,7301,7298
8780,5369,7290
8780,8781,5369
8780,8782,8781
8783,7301,8779
8784,7295,7299
8784,7290,7294
8784,7294,7295
8784,7299,7300
8784,8780,7290
8784,8782,8780
8785,8783,7304
8785,7304,7307
8786,5370,7301
8786,7306,5370
8786,7308,7306
8787,8785,7307
8788,7306,7309
8788,7305,7306
8789,7311,7310
8789,7305,8788
8789,7310,7305
8790,5376,7318
8790,7318,7327
8790,7307,5376
8790,8787,7307
8791,7327,7316
8791,8790,7327
8792,7311,8793
8792,7320,7312
8792,7312,7311
8794,7327,7326
8795,3624,7331
8795,7326,3624
8795,8794,7326
8796,7317,7314
8796,7321,7317
8796,7314,7325
8796,7328,7321
8797,8795,7331
8797,7331,7330
8797,7330,7323
8797,7323,7322
8798,7324,7323
8798,7325,7324
8798,7323,7329
8799,8796,7325
8799,7328,8796
8799,7325,8800
8801,7325,8798
8801,8798,7329
8801,8802,8800
8801,8800,7325
8803,8799,8800
8803,7332,7328
8803,7328,8799
8804,8805,7332
8804,7332,8803
8804,8803,8800
8804,8800,8802
8806,7332,8805
8806,5379,7332
8807,5380,5379
8807,5379,8806
8807,5386,5380
8808,8805,8804
8808,8804,8802
8809,8808,8802
8809,7334,8805
8809,8802,8810
8809,8805,8808
8811,7331,3624
8811,3624,7343
8812,5458,7364
8812,7300,3587
8812,8784,7300
8812,8782,8784
8812,3587,5458
8813,7334,8809
8813,8809,8810
8813,7335,7334
8814,7333,5386
8814,7334,7333
8815,8811,7343
8816,8815,7343
8816,7343,7346
8817,8815,8816
8817,8810,8815
8817,8816,7346
8817,7346,7347
8818,7345,7339
8818,7338,7337
8818,7339,7338
8819,8817,7347
8819,7347,7348
8820,7337,7335
8820,7335,8819
8820,8819,7348
8820,7348,7349
8821,7341,7351
8821,7351,7354
8821,7354,8822
8823,7342,7341
8823,7341,8821
8823,8821,8822
8824,8822,7356
8824,7353,7342
8824,7342,8823
8824,8823,8822
8825,7356,8822
8825,5394,5391
8825,5391,7356
8825,7354,5394
8825,8822,7354
8826,8824,7356
8826,7353,8824
8827,7352,7353
8828,7356,7355
8828,8826,7356
8828,7353,8826
8829,7352,8827
8829,5398,5395
8829,5395,7352
8830,8828,7355
8831,8832,5398
8831,5398,8829
8833,7355,7357
8833,8834,8830
8833,8830,7355
8833,7357,7359
8833,7361,8834
8833,7359,7361
8835,5398,8832
8836,8835,8837
8836,5398,8835
8836,8837,8838
8836,5397,5398
8839,8836,8838
8839,5397,8836
8839,7362,5397
8840,7360,5404
8840,7361,7360
8841,8840,5404
8841,8838,8837
8841,5404,5405
8841,8837,8840
8842,8841,5405
8842,5405,7367
8842,8838,8841
8842,7367,8838
8843,8839,8838
8843,7362,8839
8843,7363,7362
8843,8844,7363
8843,8838,7367
8845,8844,8843
8845,8843,7367
8846,7365,7363
8846,5408,7365
8846,7369,5408
8846,7363,8844
8846,8844,7370
8846,7370,7369
8847,8845,7367
8847,7367,7366
8847,7370,8844
8847,8844,8845
8848,7370,8847
8848,8847,7366
8849,7370,8848
8849,7366,7368
8849,8848,7366
8850,7370,8849
8850,8849,7368
8850,7368,7373
8850,7373,7371
8850,7371,7370
8851,7377,7379
8851,5411,7377
8851,7379,7380
8851,7380,5411
8852,5419,5418
8852,5418,5424
8852,5424,7388
8853,3656,5421
8853,5421,5422
8853,7388,3656
8853,8852,7388
8854,7391,5435
8854,5435,3666
8854,3666,5442
8854,7393,7391
8854,5442,7393
8855,7396,3671
8855,5452,7396
8855,3671,3676
8855,3676,5452
8856,5448,7397
8856,7397,7398
8856,7399,5448
8856,7398,7399
8857,3681,7399
8857,5452,5451
8857,7398,5452
8857,5451,3681
8857,7399,7398
8858,5453,7403
8858,7403,7405
8858,7401,5453
8858,7405,7401
8859,7420,5486
8859,7416,7420
8859,7413,7416
8860,5481,5472
8860,7422,5481
8860,7417,7419
8860,5472,7417
8860,7419,7422
8861,5487,5485
8861,7423,5487
8861,5485,5492
8861,7424,7423
8861,5492,7424
8862,5489,7427
8862,7429,7430
8862,7427,7429
8863,5489,8862
8863,5499,7431
8863,5490,5489
8863,7431,5490
8863,8862,7430
8864,5543,3697
8864,7483,5543
8864,3697,3698
8865,5497,7436
8865,7436,7437
8865,5495,5497
8866,7437,7440
8866,7440,5500
8866,5500,5495
8866,8865,7437
8866,5495,8865
8867,7435,7433
8867,3712,5502
8867,5498,3712
8867,7433,5498
8868,5502,5504
8868,7435,8867
8868,5504,7435
8868,8867,5502
8869,7438,5500
8869,5500,7440
8870,7438,8869
8870,7441,7438
8871,8870,7449
8871,7441,8870
8871,7449,7442
8871,7442,7441
8872,5505,5544
8873,7447,5516
8873,7446,7447
8873,5516,7454
8873,7454,7446
8874,5515,5520
8874,7455,7454
8874,5516,5515
8874,7454,5516
8874,5520,7455
8875,3735,5458
8875,3800,5567
8875,3736,3735
8875,5458,7458
8875,5567,3736
8875,7458,3800
8876,5544,7482
8876,7482,7483
8877,5527,5529
8877,5525,5527
8877,5529,7464
8878,7469,5525
8878,7464,7466
8878,7467,7469
8878,5525,8877
8878,7466,7467
8878,8877,7464
8879,7474,7468
8879,5537,7474
8879,7468,7467
8879,7467,7466
8879,5534,5537
8879,7466,5534
8880,7468,7472
8880,7472,7470
8880,7470,7469
8880,7469,7468
8881,7477,7487
8881,7476,7477
8881,7481,7476
8882,7481,8881
8882,7486,7481
8882,8881,7487
8883,5553,7486
8883,5548,5553
8883,8882,5548
8883,7486,8882
8884,5542,7485
8884,7485,7488
8885,5546,5542
8885,5551,5546
8885,8884,7488
8885,7488,7489
8885,5542,8884
8885,7489,5551
8886,384,161
8886,5507,2271
8886,7434,5507
8886,155,2201
8886,2271,384
8886,161,159
8886,2201,7434
8886,159,156
8886,156,155
8887,5543,7510
8887,5540,5543
8887,7504,5540
8887,7510,7504
8888,7491,7490
8888,5550,5558
8888,7490,5550
8888,5558,7493
8889,8888,7493
8889,7493,7495
8889,7495,8890
8889,7497,7491
8889,7491,8888
8889,8890,7497
8891,5575,7500
8891,7495,5575
8891,8890,7495
8891,7497,8890
8891,7500,7497
8892,7496,7497
8892,5566,7496
8892,7499,5566
8892,7500,7499
8892,7497,7500
8893,5575,5573
8893,5573,3775
8893,7501,5575
8893,3775,7501
8894,7506,7505
8894,7505,3773
8894,5579,7506
8894,5577,5579
8895,7511,7508
8895,3780,7511
8895,7508,5578
8895,7515,3780
8895,5578,7515
8896,7519,7518
8896,7518,5583
8896,5582,3779
8896,5583,5582
8897,7520,7519
8897,5598,7520
8897,7521,7524
8897,7524,5598
8897,7519,7522
8897,7522,7521
8898,5597,5607
8898,5598,5597
8898,7523,5598
8898,7525,7523
8898,7526,7525
8898,5607,7526
8899,7527,5602
8899,5602,5592
8899,5607,7527
8899,5592,5607
8900,5615,5608
8900,5608,7528
8900,7528,7529
8900,7531,5615
8900,8901,7531
8900,7529,8901
8902,5603,5613
8902,7529,5603
8902,8901,7529
8903,8901,8902
8903,5618,5623
8903,8902,5613
8903,5613,5618
8903,7531,8901
8903,5623,7530
8903,7530,7531
8904,7533,5630
8904,7534,7533
8905,8904,5639
8905,7534,8904
8905,7539,7536
8905,7536,7534
8905,5639,7539
8906,7536,7542
8906,7537,7536
8906,7538,7537
8907,8906,7542
8907,7542,7547
8907,7538,8906
8907,7541,7538
8908,8907,7547
8908,7547,7549
8908,7541,8907
8908,7544,7541
8908,7549,7544
8909,7546,7551
8910,7553,8909
8910,7551,5648
8910,5653,7553
8910,8909,7551
8910,5648,5647
8910,5647,5653
8911,8909,7553
8911,7553,7552
8912,8913,7556
8912,8911,7552
8914,7552,7554
8914,8913,8912
8914,7554,7558
8914,8912,7552
8915,8914,7558
8915,8913,8914
8916,8915,8917
8918,7555,8916
8918,8916,8917
8918,7557,7555
8918,7559,7557
8919,8917,8920
8919,8918,8917
8919,7559,8918
8921,8919,8920
8921,7559,8919
8922,7559,8921
8922,8923,7560
8922,7560,7559
8922,8920,8923
8922,8921,8920
8924,8917,8915
8924,8915,7558
8924,7558,7561
8925,8920,8917
8925,7563,7562
8926,7563,8925
8926,8925,8917
8926,7564,7563
8927,8924,7561
8927,7564,8926
8927,7561,7565
8927,7565,7564
8928,8920,8925
8928,8923,8920
8928,8925,7562
8928,7567,8923
8928,7562,7567
8929,7560,8923
8929,5656,7560
8929,8923,7567
8930,5656,8929
8931,5656,8930
8932,5662,5657
8932,5657,5656
8932,8931,8933
8932,7570,5662
8932,5656,8931
8932,8933,7570
8934,5670,7568
8934,7562,5670
8934,7566,7562
8935,8933,8931
8936,8937,7566
8936,8934,7568
8936,7568,8937
8936,7566,8934
8938,8933,8935
8939,8938,8940
8941,8940,7572
8941,7572,7569
8941,8939,8940
8941,7569,8939
8942,7577,7572
8942,7572,8940
8942,7576,7577
8943,7573,7579
8943,7579,7583
8943,7583,7582
8944,7578,7573
8944,8943,7582
8944,7573,8943
8944,7580,7578
8944,7582,7580
8945,7587,7584
8945,7584,7585
8946,7582,7586
8946,7586,7588
8946,7585,7582
8947,7589,7587
8947,7587,8945
8948,7585,8946
8948,8946,7588
8948,7588,7593
8948,7593,7596
8949,7589,8950
8949,7591,7589
8951,7591,8949
8951,8949,8952
8951,8952,8953
8954,7598,5683
8954,5683,7594
8954,7590,7591
8954,7594,7590
8955,7596,7595
8956,8952,8957
8958,8956,8957
8958,8955,7595
8958,7601,8956
8958,8957,8955
8958,7595,7599
8958,7599,7601
8959,8952,8956
8960,8961,7609
8962,7598,8960
8962,7597,7598
8962,7603,7597
8962,7609,7603
8962,8960,7609
8963,7603,7610
8963,7605,7602
8963,7602,7603
8964,8963,7610
8964,7605,8963
8964,5682,7605
8964,7607,5682
8965,7610,7608
8965,7608,5685
8966,7607,8964
8966,8964,7610
8966,7610,8967
8968,8965,5685
8968,7610,8965
8968,8967,7610
8968,5685,7612
8969,5687,7611
8970,8967,8968
8970,8968,7612
8970,7612,7615
8971,8970,7615
8971,8967,8970
8972,8967,8971
8973,7619,7618
8974,7616,7619
8974,7619,8973
8975,5686,5687
8975,7621,5686
8976,7617,8977
8976,7621,8975
8978,8976,8977
8978,7621,8976
8979,7620,7621
8979,7621,8978
8979,8978,8977
8980,8977,8981
8980,7624,7620
8980,8981,7624
8980,7620,8979
8980,8979,8977
8982,8977,7617
8982,7617,7619
8982,7622,5690
8982,7619,7622
8982,5690,7625
8982,7625,8977
8983,7623,5688
8983,8984,7623
8983,5688,7624
8983,7624,8985
8983,8985,8984
8986,8981,8977
8986,8977,7625
8986,7625,7626
8986,7627,8981
8986,7626,7627
8987,8981,7627
8987,8988,8985
8989,8984,8985
8989,8985,8988
8990,8984,8989
8990,8989,8988
8991,8987,7627
8991,8988,8987
8991,5694,5695
8991,7627,5694
8992,8990,8993
8992,7629,5693
8994,8991,5695
8994,7631,8993
8995,5692,7628
8996,8995,8997
8996,5697,5692
8996,5692,8995
8996,8997,8998
8999,8994,5695
8999,7631,8994
8999,5695,3881
8999,3881,3880
8999,5700,7631
8999,3880,5700
9000,7633,7632
9001,5697,8996
9001,8996,8998
9001,7634,5697
9002,8997,9000
9002,8998,8997
9003,8998,9002
9003,9002,7641
9003,9004,8998
9005,9001,8998
9005,7634,9001
9005,7639,7634
9005,8998,9004
9006,9003,7641
9006,9004,9003
9006,7641,5705
9006,5705,7645
9006,7645,9004
9007,9005,9004
9007,7639,9005
9007,9004,7645
9008,9007,7645
9008,7646,7639
9008,7639,9007
9008,7645,7644
9008,7644,7646
9009,7635,7637
9009,7642,7635
9009,7643,7642
9010,7643,9009
9011,7643,9010
9012,7654,7656
9012,9011,7654
9012,7643,9011
9013,7650,5706
9013,5706,3893
9014,7651,7643
9014,9012,7656
9014,7643,9012
9015,3893,3892
9015,7650,9013
9015,7661,9016
9015,9016,7652
9015,3892,7661
9015,9013,3893
9015,7652,7650
9017,9018,7651
9017,9014,7656
9017,7651,9014
9019,5703,7651
9019,7658,7653
9019,7653,5703
9019,7651,9018
9020,9016,7661
9020,7654,9016
9020,7661,7659
9020,7659,7654
9021,9022,9018
9021,9018,9017
9023,9019,9018
9023,9018,9022
9023,7658,9019
9024,9022,9021
9024,7655,7660
9024,9021,7655
9025,9026,7658
9025,9027,9026
9025,7658,9023
9028,9029,9030
9028,9031,9029
9032,9030,9029
9032,9029,7663
9033,9030,9034
9035,9033,9034
9035,9034,7665
9036,9030,9032
9036,7663,5712
9036,9032,7663
9036,9034,9030
9037,9038,9039
9037,9040,9038
9041,5712,5716
9041,9036,5712
9041,9034,9036
9041,5716,7665
9041,7665,9034
9042,9043,9040
9042,9040,9037
9042,9044,9043
9045,9035,7665
9046,3888,3898
9046,3898,7668
9046,7668,3909
9046,3909,3888
9047,7665,7664
9047,9045,7665
9048,9043,9044
9049,9040,9043
9050,7667,5726
9050,9047,7664
9050,9051,9047
9050,7664,7667
9052,7669,7666
9053,9050,5726
9053,5726,7670
9054,7670,7671
9055,9052,9056
9055,7669,9052
9057,9056,9054
9057,9054,7671
9057,9055,9056
9058,7673,7672
9058,7672,9059
9060,9061,9058
9060,9058,9059
9062,9058,9061
9062,7673,9058
9063,7674,7673
9063,7673,9062
9064,7674,9063
9064,9063,7683
9065,7678,7676
9065,7676,7674
9065,9064,7683
9065,7674,9064
9066,5737,7679
9066,7675,7681
9066,7681,5737
9067,7683,7682
9067,7678,9065
9067,9065,7683
9068,7678,9067
9068,7682,7684
9068,9067,7682
9069,9068,7684
9069,7684,7685
9070,9071,7686
9070,7686,7687
9072,7685,5736
9072,5742,9073
9072,5736,5740
9072,5740,5742
9074,7686,9071
9075,7689,7686
9075,7686,9074
9076,7689,9075
9076,9075,9077
9078,5748,7690
9078,7689,9076
9078,7690,7689
9079,7694,7696
9079,7692,7694
9080,7696,7695
9080,9081,9077
9082,9081,9083
9082,5746,5748
9082,9083,5746
9084,7695,7697
9085,5746,9083
9085,7701,5746
9085,7700,7701
9086,5751,7700
9086,9083,9084
9087,7698,7701
9087,7701,5750
9087,5750,7707
9088,7699,7698
9088,7698,9087
9088,9087,7707
9088,7705,7702
9088,7702,7699
9088,7707,7705
9089,7710,7714
9089,7704,7710
9090,7704,9089
9090,9089,7714
9090,7714,9091
9090,9091,9092
9093,7713,7704
9093,9090,9092
9093,7704,9090
9094,7714,7709
9094,7709,7712
9095,7715,3924
9095,3926,7722
9095,7693,7715
9095,3924,3926
9096,7714,9094
9096,9094,7712
9096,7712,9097
9096,9091,7714
9098,7713,9093
9098,7716,7713
9098,9093,9092
9099,9096,9097
9099,9091,9096
9099,9092,9091
9100,9099,9097
9100,9092,9099
9101,9100,9097
9101,9097,9102
9101,9098,9092
9101,9092,9100
9103,7720,7716
9103,9102,7720
9103,7716,9098
9104,7712,7721
9104,7723,9097
9104,7721,7723
9104,9097,7712
9105,7723,5767
9105,9097,7723
9105,9102,9097
9106,7724,7725
9106,7719,7720
9106,7720,7724
9106,7725,7719
9107,7718,7719
9107,5763,7718
9107,7719,7725
9107,7725,7727
9108,7720,9102
9108,5767,7724
9108,7724,7720
9108,9105,5767
9108,9102,9105
9109,7727,7726
9109,5763,9107
9109,9107,7727
9110,7726,9111
9110,9109,7726
9110,5763,9109
9112,5763,9110
9112,7729,5760
9112,5760,5763
9113,7726,5766
9113,5766,5765
9113,9111,7726
9114,7729,9112
9114,9111,7730
9115,7729,9114
9115,9114,7730
9115,7730,7732
9115,7732,7729
9116,9113,5765
9116,9111,9113
9116,7730,9111
9116,5773,7730
9116,5765,5773
9117,7728,7729
9117,7732,7736
9117,7729,7732
9118,9117,7736
9118,5770,7728
9118,7728,9117
9118,7736,5770
9119,7736,7731
9119,7731,7741
9120,7741,7748
9120,7736,9119
9120,9119,7741
9121,9120,7748
9122,9121,7748
9122,7748,9123
9124,9122,9123
9124,7745,9122
9125,9124,9123
9125,7745,9124
9125,7749,7745
9126,7747,7749
9127,7747,9126
9127,7750,7747
9127,9126,7753
9128,5772,5774
9128,7748,5772
9129,5775,7753
9129,9125,9123
9130,7750,9127
9131,5776,9123
9131,5774,5776
9131,9128,5774
9131,7748,9128
9131,9123,7748
9132,7751,7750
9132,9130,7756
9132,7750,9130
9133,7751,9132
9134,7751,9133
9135,7754,7743
9136,7754,9135
9136,9135,9137
9138,9137,9134
9138,9134,9139
9138,9139,7760
9138,7760,7759
9138,7759,9137
9140,3944,7754
9140,3954,3944
9140,7754,9136
9141,9139,5781
9141,7760,9139
9141,5781,7761
9142,7760,9141
9142,9141,7761
9143,9142,7761
9143,7758,7760
9143,7760,9142
9144,9145,7758
9144,7758,9143
9144,7761,7763
9144,9143,7761
9146,7758,9145
9146,7764,7765
9147,7770,9148
9147,9148,9145
9147,7763,7770
9147,9145,9144
9147,9144,7763
9149,9145,9148
9149,9146,9145
9149,7764,9146
9150,7770,7762
9150,3964,2463
9150,2462,7778
9150,7762,5777
9150,5777,3964
9150,2463,2462
9151,9150,7778
9151,9148,7770
9151,7778,7777
9151,7770,9150
9152,7783,7782
9152,7785,7783
9152,7782,3970
9152,3970,7785
9153,3972,3973
9153,3973,5791
9153,5791,7788
9154,7786,5798
9154,5797,7787
9154,7787,7789
9154,7789,7790
9154,5798,5797
9155,9153,7788
9155,3974,3972
9155,3983,3974
9155,3972,9153
9155,7792,3983
9155,7788,7792
9156,5794,7786
9156,9154,7790
9156,7786,9154
9156,7791,5794
9157,7790,7793
9157,5801,5803
9157,7793,7794
9157,9156,7790
9157,7791,9156
9157,7794,5801
9157,5803,7791
9158,3952,7796
9158,7800,2474
9158,7796,7800
9158,2474,3952
9159,7797,5809
9159,5811,7797
9159,7798,5813
9159,5809,7798
9159,5813,5811
9160,4010,5839
9160,3997,4010
9160,7802,5829
9160,7804,7802
9160,5839,7804
9160,5829,3997
9161,5830,7800
9161,4020,5830
9161,7816,4020
9162,7800,5808
9162,5871,7816
9162,7816,9161
9162,9161,7800
9162,3989,5871
9162,5808,3989
9163,7810,4013
9163,5849,5850
9163,4013,5849
9164,9163,5850
9164,7810,9163
9164,7811,7810
9165,7812,7811
9165,7811,9164
9165,5856,7812
9166,5857,5856
9166,5856,9165
9166,5858,5857
9166,7813,5858
9167,5864,5862
9167,4032,5864
9167,5862,7815
9167,7815,4032
9168,5867,7817
9168,5868,4032
9168,7817,5868
9168,4032,5867
9169,5873,4036
9169,7818,5873
9169,4036,4037
9169,4037,7818
9170,4043,4048
9170,4048,7820
9170,4042,4043
9171,9170,7820
9172,5883,7824
9172,7821,5883
9172,7824,5879
9173,5884,7821
9173,4068,5884
9173,4055,4068
9173,5880,4055
9173,7821,5880
9174,7823,5882
9174,7822,7823
9174,7825,7822
9174,5882,7826
9174,7826,7825
9175,5886,5894
9175,7827,7826
9175,5881,5886
9175,7826,5881
9175,5894,7827
9176,7828,4064
9176,4064,7826
9176,7827,7828
9176,7826,7827
9177,5901,7829
9177,5891,5901
9178,5906,5891
9178,5891,9177
9179,7832,5921
9179,5895,7832
9179,4083,4074
9179,5921,4083
9179,4059,5895
9179,4074,4059
9180,5903,7831
9180,7830,5903
9181,7834,7830
9181,7830,9180
9181,9180,7831
9182,5904,5905
9182,5907,5904
9183,7835,7834
9183,7834,9181
9183,7836,7835
9184,9185,5908
9184,5908,5907
9184,5907,9182
9186,7837,7835
9186,7835,7838
9186,7838,7842
9187,9186,7842
9187,5914,7837
9187,7837,9186
9188,5919,7839
9189,7842,7843
9189,9187,7842
9190,9189,7843
9190,7843,7850
9190,7850,5919
9191,7844,7841
9191,7841,7849
9191,7846,7844
9191,7849,7846
9192,7846,7856
9192,7856,7857
9192,7857,5924
9192,5924,7846
9193,7853,7854
9193,7856,7853
9193,7854,7855
9194,7856,9193
9194,4088,4087
9194,4087,4089
9194,4089,7857
9194,7857,7856
9195,7871,5945
9195,4081,4021
9195,5945,5916
9195,4021,7871
9195,5916,4081
9196,7858,4089
9196,4089,4086
9196,7859,7858
9196,7861,7859
9197,7861,9196
9197,4086,5933
9197,5933,7863
9197,9196,4086
9197,7863,7861
9198,7863,4090
9198,7860,5927
9198,5927,7863
9199,4092,7864
9199,7860,9198
9199,4090,4092
9199,9198,4090
9199,7862,7860
9199,7864,7862
9200,5937,4105
9201,9202,7872
9201,9203,9202
9201,9204,9203
9205,9201,7872
9205,7872,7887
9205,7887,7875
9205,9204,9201
9205,9206,9204
9205,7875,9206
9207,7875,7877
9207,7877,7879
9208,7878,7890
9208,7877,7876
9208,7876,7878
9208,7883,7877
9209,7886,9210
9209,7889,7886
9209,9211,7889
9212,5951,7889
9212,7889,9211
9212,7892,5951
9213,9208,7890
9213,7890,7894
9213,7883,9208
9214,9213,7894
9215,7899,9210
9215,9214,7894
9216,7898,9211
9216,9210,7899
9216,9209,9210
9216,9211,9209
9216,7899,7898
9217,9211,7898
9217,7896,7892
9217,7892,9212
9217,9212,9211
9217,7898,7901
9217,7901,7896
9218,7899,9215
9218,5964,7899
9218,7894,7902
9218,9215,7894
9218,7902,5965
9218,5965,5964
9219,7896,7903
9219,7895,7896
9219,7900,7895
9219,9220,7900
9221,5955,7900
9221,7900,9220
9221,7907,5955
9222,4120,2596
9222,2596,7897
9222,5959,4120
9222,7897,5953
9222,5953,5959
9223,9224,9220
9223,5963,9224
9223,9219,7903
9223,7903,5963
9223,9220,9219
9225,9220,9224
9225,9221,9220
9225,7907,9221
9226,9225,7913
9226,7907,9225
9226,7908,7906
9226,7909,7908
9226,7906,7907
9226,7913,7909
9227,5965,7918
9227,5963,5965
9228,9227,7918
9228,7918,7923
9229,5968,5967
9229,7923,7924
9229,9228,7923
9229,7924,5968
9230,5958,5970
9230,5959,5958
9230,4120,5959
9231,5970,7922
9231,7922,7926
9232,7925,5969
9232,5969,5968
9232,5968,7924
9232,7924,7933
9233,7927,7937
9233,7926,7927
9233,7934,7929
9233,7937,7934
9234,7933,7937
9234,9232,7933
9235,4120,9230
9235,4121,4120
9235,4127,4121
9235,7935,4127
9236,5979,7935
9237,7934,7937
9237,7937,7936
9238,9237,7936
9238,7930,7934
9238,7934,9237
9238,7936,7938
9239,7938,7939
9239,7930,9238
9239,9238,7938
9240,9239,7939
9240,7930,9239
9240,7939,5980
9241,7939,7938
9241,7938,5982
9241,4138,7939
9241,5982,4138
9242,7941,4136
9242,5989,7941
9242,7943,4153
9242,4153,5987
9242,4136,7943
9242,5987,5989
9243,6009,4189
9243,2656,2657
9243,2657,6009
9243,4189,7952
9244,7952,2667
9244,2656,9243
9244,2667,2656
9244,9243,7952
9245,7953,2669
9245,4194,7953
9245,2669,7952
9245,7952,6011
9245,6011,4194
9246,7959,6033
9246,4213,7958
9246,6033,4215
9246,7958,7959
9246,4215,4213
9247,6036,7958
9247,7958,6029
9247,4209,6034
9247,6029,4209
9247,6034,6036
9248,6039,6041
9248,7959,6036
9248,6041,7959
9248,6036,6039
9249,4235,6062
9249,7970,4234
9249,4234,4235
9249,7969,7970
9249,6062,7969
9250,6070,7969
9250,6061,6068
9250,7969,6061
9250,6068,6070
9251,4241,6072
9251,6072,7970
9251,7970,6070
9251,6074,4241
9251,6070,6074
9252,2722,4252
9252,4252,7977
9252,4254,2722
9252,7977,7978
9252,7978,4254
9253,7989,6121
9253,4316,7989
9253,6121,6119
9253,7993,4316
9253,6119,4315
9253,4315,7993
9254,7990,7991
9254,7992,7990
9254,4324,7992
9254,7991,7995
9254,7995,4324
9255,6123,4318
9255,4318,4317
9255,7994,6123
9256,6131,7996
9256,7996,7994
9256,4326,6131
9256,9255,4317
9256,4317,4326
9256,7994,9255
9257,7991,7996
9257,7995,7991
9257,7998,7995
9257,7996,7998
9258,6129,8000
9258,8000,8001
9258,8004,8006
9258,8002,6129
9258,6141,8002
9258,8006,6141
9258,8001,8004
9259,8007,6144
9259,6144,6143
9260,9259,6143
9260,8007,9259
9260,8008,8007
9260,6143,8012
9260,8012,8008
9261,8017,8022
9261,8022,6156
9261,8021,8017
9262,4336,4333
9262,9261,6156
9262,8021,9261
9262,4335,8021
9262,4333,4335
9262,6156,4336
9263,8020,6155
9263,8022,8020
9263,6153,6154
9263,6155,6153
9264,6154,6157
9264,9263,6154
9264,8022,9263
9264,6157,8022
9265,8025,8023
9265,4334,4347
9265,8023,4334
9265,4347,4346
9266,9265,4346
9266,8027,8025
9266,4346,8030
9266,8025,9265
9266,8030,8027
9267,8030,8029
9267,6170,8033
9267,8031,8030
9267,8029,6170
9268,8031,9267
9268,6176,8031
9268,9267,8033
9269,8033,8034
9269,9268,8033
9269,6176,9268
9269,6174,6176
9269,6178,6174
9269,8034,6178
9270,8037,6186
9270,6190,8037
9270,6186,6188
9270,6188,6193
9270,6193,6190
9271,4376,2817
9271,2817,2814
9271,8038,4376
9271,2814,8039
9271,8039,8038
9272,8045,8041
9272,8044,8050
9272,8041,8044
9273,8047,8045
9273,9272,8050
9273,8045,9272
9274,8049,6215
9274,6215,8046
9274,4392,4393
9274,9275,8049
9274,4391,4392
9274,6221,9275
9274,4393,6221
9274,8046,4391
9276,6217,8048
9276,8053,8052
9276,8052,6220
9276,6220,6216
9276,6216,6217
9276,8048,8053
9277,8050,8049
9277,8049,9275
9277,9273,8050
9278,9277,9275
9279,9280,8051
9279,8051,9278
9279,9278,9275
9281,9280,9279
9281,9279,9275
9281,6221,4409
9281,9275,6221
9281,4405,4404
9281,4409,4405
9282,8055,8051
9282,8051,9280
9282,8059,8060
9283,8057,8055
9283,8055,9282
9283,9282,8060
9284,9280,9281
9284,9281,4404
9284,9282,9280
9284,8059,9282
9284,4403,8059
9284,4404,4403
9285,8058,8057
9285,6222,8058
9285,6226,6222
9285,9283,8060
9285,8060,6228
9285,8057,9283
9285,6228,6226
9286,6225,8061
9286,8061,8062
9287,6225,9286
9287,8062,9288
9287,9286,8062
9289,6229,6225
9289,9287,9288
9289,9288,8065
9289,6225,9287
9290,8062,6223
9290,6227,6232
9290,6223,6227
9291,8063,6229
9291,9289,8065
9291,8065,8063
9291,6229,9289
9292,6232,6235
9292,9290,6232
9292,9288,8062
9292,8062,9290
9293,9292,6235
9293,8065,9288
9293,9288,9292
9294,6236,8064
9294,9293,6235
9294,8064,8065
9294,6235,6236
9294,8065,9293
9295,6233,8066
9295,8066,8067
9296,9295,8067
9296,4412,6233
9296,6233,9295
9296,8067,9297
9298,6237,4412
9298,9297,8069
9298,9296,9297
9298,4412,9296
9299,8064,6236
9299,6236,6239
9299,8067,8064
9300,8068,6237
9300,6237,9298
9300,9298,8069
9300,8069,8068
9301,9299,6239
9301,8067,9299
9301,9297,8067
9302,8069,9297
9302,9297,9301
9303,6247,8069
9303,9302,6243
9303,6243,6244
9303,8069,9302
9303,6244,6247
9304,6260,8076
9304,8076,8077
9305,8077,8079
9305,9304,8077
9305,6260,9304
9305,6263,6260
9306,9305,8079
9306,8079,8078
9306,6263,9305
9306,8078,6263
9307,8077,6261
9307,6265,6266
9307,6261,6265
9308,8079,8077
9308,8081,8079
9308,9307,6266
9308,8077,9307
9308,6266,8081
9309,6266,2854
9309,8081,6266
9310,8081,9309
9310,8082,8081
9310,9309,2854
9310,2854,2864
9310,2864,6279
9311,6278,8082
9311,8082,9310
9311,9310,6279
9311,6279,6278
9312,6274,8090
9312,8084,6274
9313,8086,4429
9313,4429,6276
9313,6276,8094
9314,9312,8090
9314,8095,6276
9314,8096,8095
9314,8090,8096
9315,8088,8086
9315,9313,8094
9315,8086,9313
9315,8094,8088
9316,8090,8089
9316,8097,8090
9316,8089,6277
9316,6277,8091
9317,8094,8095
9317,8095,8098
9317,8098,8100
9318,9317,8100
9318,8099,8094
9318,8094,9317
9318,8100,8106
9319,8097,9316
9319,9316,8091
9319,8091,8107
9320,9318,8106
9320,8099,9318
9320,8106,8102
9320,8102,8099
9321,6283,8097
9321,8097,9319
9321,9319,8107
9321,8107,4441
9321,4441,6283
9322,8103,8110
9322,8101,8103
9322,8104,8101
9322,8110,8104
9323,8109,8113
9323,8113,8114
9323,8114,8103
9323,8103,8109
9324,8105,8116
9324,8108,8105
9325,8116,6286
9325,9324,8116
9325,8108,9324
9325,6286,4436
9325,4436,8108
9326,8112,8111
9326,8111,8118
9327,8116,8112
9327,8112,9326
9327,8118,8119
9327,9326,8118
9328,8117,8116
9328,8119,8120
9328,8120,8117
9328,8116,9327
9328,9327,8119
9329,8121,8125
9329,8117,8121
9329,6286,8117
9330,9329,8125
9330,6295,8124
9330,8125,6295
9331,6287,4451
9331,4451,8127
9331,8122,6287
9332,9331,8127
9332,8122,9331
9332,8127,8129
9333,8122,9332
9333,9332,8129
9333,8126,8125
9333,8125,8122
9333,6300,8126
9333,8129,6300
9334,6298,8132
9334,8132,8134
9335,8133,6299
9335,6299,6301
9336,6298,9334
9336,8134,8136
9336,6304,6298
9336,9334,8134
9337,9336,8136
9337,6304,9336
9337,8136,8137
9337,8137,6304
9338,8136,8134
9338,8135,6319
9338,8134,8135
9339,9335,6301
9339,8133,9335
9339,2887,2882
9339,8135,8133
9339,6301,2887
9340,9338,6319
9340,6319,6318
9340,8136,9338
9340,6311,8136
9340,6318,6311
9341,9339,2882
9341,8135,9339
9341,2882,6319
9341,6319,8135
9342,8146,8147
9342,6324,8146
9343,8147,9344
9343,4460,6324
9343,9342,8147
9343,6324,9342
9345,9344,8150
9345,4460,9343
9345,9343,9344
9345,6334,4460
9346,8147,6322
9346,6322,6326
9346,6326,6331
9347,8148,6334
9347,8150,8148
9347,6334,9345
9347,9345,8150
9348,9344,8147
9348,8147,9346
9348,9346,6331
9349,8150,9344
9349,9344,9348
9350,8150,9349
9350,8149,8150
9350,6338,6339
9350,9349,6338
9350,6339,8149
9351,6333,8151
9351,8151,8152
9352,6333,9351
9352,8152,9353
9352,6336,6333
9352,9351,8152
9354,9353,8155
9354,9352,9353
9354,6336,9352
9355,8152,8149
9355,6339,6340
9355,8149,6339
9356,8154,6336
9356,6336,9354
9356,9354,8155
9356,8155,8154
9357,9353,8152
9357,9355,6340
9357,8152,9355
9358,9353,9357
9358,8155,9353
9358,6340,6343
9358,9357,6340
9359,6344,6347
9359,6347,8155
9359,6343,6344
9359,8155,9358
9359,9358,6343
9360,8156,6345
9360,8157,8156
9360,6353,8160
9360,6345,6350
9360,6350,6353
9361,6351,8161
9361,8164,8166
9361,8161,8164
9361,6349,6342
9361,6342,6351
9362,8159,8157
9362,9360,8160
9362,8157,9360
9363,8166,6356
9363,6348,6349
9363,9361,8166
9363,6356,6348
9363,6349,9361
9364,8163,8159
9364,8160,8162
9364,9365,8163
9364,9362,8160
9364,8159,9362
9366,4482,4484
9366,8162,4482
9366,9365,9364
9366,9364,8162
9367,9368,9369
9367,8163,9365
9367,9369,8163
9370,9369,9368
9371,9370,8173
9371,8168,8167
9372,9371,8173
9372,8168,9371
9372,8169,8168
9372,8172,8169
9372,8173,8172
9373,9365,9366
9373,9368,9367
9373,4484,4485
9373,4485,4486
9373,4486,6361
9373,9366,4484
9373,9367,9365
9373,6361,9368
9374,9370,9368
9374,8173,9370
9374,8171,8173
9375,6366,8171
9375,8171,9374
9375,4493,4494
9375,4494,4492
9375,8175,6366
9375,9374,9368
9375,4492,8175
9375,6361,4493
9375,9368,6361
9376,4517,8179
9376,2928,2937
9376,8178,2928
9376,2937,4517
9376,8179,8178
9377,6397,8180
9377,6394,6395
9377,6395,6397
9377,6385,6394
9377,8180,6385
9378,6413,6412
9378,6412,6407
9378,8184,6413
9379,6411,8188
9379,8185,6407
9379,8188,6417
9379,6407,6411
9379,6417,8185
9380,6415,6414
9380,8190,6415
9380,8187,8190
9381,6406,6419
9381,6418,8191
9381,6419,6418
9382,6406,9381
9382,9381,8191
9382,4539,4542
9382,8191,8192
9382,4542,6406
9382,8196,4539
9383,8197,8196
9383,8192,8193
9383,8196,9382
9383,8193,8197
9383,9382,8192
9384,8192,6421
9384,6421,8194
9384,6427,8192
9384,6428,6427
9384,8194,6428
9385,6425,4539
9385,8196,8195
9385,8195,8198
9385,8204,6425
9385,4539,8196
9385,8198,8204
9386,8195,8197
9386,8197,8193
9386,8193,6429
9386,6429,6426
9387,4553,6458
9387,8189,4515
9387,4515,4553
9387,1561,8189
9387,6458,8216
9387,8216,1561
9388,8195,9386
9388,8199,8195
9388,8201,8199
9388,6426,8201
9388,9386,6426
9389,8201,6430
9389,6430,6433
9390,8205,8201
9390,8201,9389
9390,6437,8205
9390,6435,6437
9390,6433,6435
9390,9389,6433
9391,8207,8203
9391,8203,8209
9391,8209,6438
9392,6442,8207
9392,8207,9391
9392,6438,6442
9392,9391,6438
9393,8215,6443
9393,8217,8218
9393,6450,8215
9393,8223,6450
9393,8220,8223
9393,8218,8220
9393,6443,8217
9394,8225,4557
9394,8224,8230
9394,8229,8225
9394,8230,8229
9394,4557,8224
9395,8230,8224
9395,8224,8222
9395,8231,8230
9395,8222,8231
9396,8231,6455
9396,8232,8231
9396,4566,4567
9396,6455,4566
9397,6462,8232
9397,4576,6462
9397,4567,4576
9397,8232,9396
9397,9396,4567
9398,8234,4575
9398,6471,8234
9398,4575,8238
9398,6469,6471
9398,8238,4586
9398,4586,6469
9399,3011,3012
9399,3012,6493
9399,4624,8246
9399,6493,4624
9400,3021,3011
9400,3011,9399
9400,8246,3021
9400,9399,8246
9401,6495,4629
9401,8246,6495
9401,3023,8246
9401,8247,3023
9401,4629,8247
9402,4649,4646
9402,6519,4649
9402,4646,8254
9402,8256,6519
9402,8254,8256
9403,6528,8256
9403,6525,6528
9403,8256,6522
9403,6522,6525
9404,6549,8266
9404,8266,8267
9404,8267,4666
9404,4667,6549
9404,4666,4667
9405,6555,6557
9405,8266,6548
9405,6557,8266
9405,6548,6555
9406,3056,3063
9406,3063,8276
9407,4688,6583
9407,8276,4688
9407,9406,8276
9407,3056,9406
9407,6583,3057
9407,3057,3056
9408,4684,6585
9408,6585,8276
9408,8277,4684
9408,3065,8277
9408,8276,3065
9409,4741,8292
9409,6610,4741
9409,8290,6611
9409,4743,8290
9409,8292,4743
9409,6611,6610
9410,6615,6616
9410,6616,8293
9410,8293,8296
9410,8296,8295
9411,8296,8293
9411,8293,6618
9412,6618,6619
9412,8300,8294
9412,6619,8299
9412,9411,6618
9412,8296,9411
9412,8294,8296
9412,8299,8300
9413,8298,8302
9413,8305,6633
9413,6633,6632
9413,6632,8289
9413,8302,8305
9413,8289,8298
9414,8307,8303
9414,8300,6626
9414,6626,8307
9414,8301,8300
9414,8303,8301
9415,6635,8302
9415,8302,8297
9415,6629,6628
9415,8297,6629
9415,6628,6635
9416,8303,8307
9416,6627,8303
9416,8307,6630
9416,6630,6627
9417,6627,8309
9417,8311,6634
9417,8309,8311
9417,6628,6627
9417,6634,6628
9418,8312,6642
9418,8313,8312
9418,6642,8320
9419,8314,8315
9419,8315,9420
9419,9420,8313
9419,9418,8320
9419,8313,9418
9421,8314,9419
9422,8314,9421
9423,6651,8317
9423,9422,8318
9423,8316,8314
9423,8317,8316
9423,8314,9422
9423,8318,6651
9424,8322,8318
9424,6649,8322
9424,8320,6649
9425,8321,6651
9425,8325,8321
9425,6657,8325
9425,6650,6657
9425,6651,6650
9426,6656,6650
9426,8326,8333
9426,8333,6656
9426,6652,8326
9426,6650,6652
9427,4757,4756
9427,6625,4757
9427,4756,8343
9428,6657,8327
9428,8325,6657
9428,8327,8329
9428,8328,6655
9428,8329,8328
9428,6655,8325
9429,8333,8335
9429,6656,8333
9429,8327,6656
9429,8335,8327
9430,8337,8330
9430,8327,8335
9430,8330,8329
9430,8329,8327
9430,8335,8337
9431,6655,8328
9431,8331,6653
9431,6653,6655
9432,4769,8331
9432,4774,4769
9432,8331,9431
9432,8340,4774
9433,4770,4773
9433,6669,8345
9433,4775,6669
9433,8344,4770
9433,4773,4775
9434,8342,4768
9434,4768,8344
9435,9433,8345
9435,8344,9433
9435,8345,9436
9435,9434,8344
9435,9436,9434
9437,8342,9434
9438,8343,8342
9439,8349,9440
9439,9440,9438
9439,8342,9437
9439,9438,8342
9441,8345,6671
9441,8355,8351
9441,6671,6670
9442,8353,8346
9442,9438,9440
9443,9440,8349
9443,8349,8356
9443,8356,9444
9445,9443,9444
9445,8360,9440
9445,9444,8358
9445,8358,8360
9445,9440,9443
9446,8360,8364
9446,9442,9440
9446,9440,8360
9446,8353,9442
9447,4788,6681
9447,8354,4789
9447,6681,8357
9447,4789,4788
9447,8357,8354
9448,9446,8364
9448,8353,9446
9448,6676,8361
9448,8361,8353
9448,8364,6676
9449,8356,8357
9449,8357,6681
9449,9444,8356
9450,9444,9449
9450,8358,9444
9450,8366,8358
9450,9449,6681
9451,8366,9450
9451,9450,6681
9451,4803,4802
9451,6681,6680
9451,8371,8366
9451,4809,4803
9451,4802,8371
9451,6680,4809
9452,8365,8369
9452,8368,8365
9453,8369,8365
9453,8367,8370
9453,8370,8369
9453,8359,8367
9453,8365,8359
9454,6685,8373
9454,8373,6677
9454,8368,9452
9454,8369,6686
9454,6677,8368
9454,6686,6685
9454,9452,8369
9455,8372,6685
9455,8374,8372
9456,6698,6679
9456,4798,4808
9456,4808,8376
9456,6679,4798
9457,6696,6694
9457,6700,6696
9457,6694,8374
9458,6699,8382
9458,8377,6699
9458,8378,8377
9458,8382,8384
9459,8378,9458
9459,9458,8384
9459,8379,8378
9460,8384,8386
9460,8386,8387
9460,8387,6705
9460,9459,8384
9461,6728,8395
9461,8395,8397
9462,9463,9464
9465,9466,8397
9465,8397,4847
9467,8403,9468
9467,9464,8401
9467,8401,8403
9467,9462,9464
9469,8398,8399
9469,4858,8400
9469,8400,8398
9470,6730,6735
9470,4847,6730
9470,9465,4847
9471,9465,9470
9472,8402,8401
9472,8401,9464
9473,8402,9472
9473,8406,8402
9474,8406,9473
9474,6742,3176
9474,3176,8406
9475,9470,6735
9475,6742,9474
9475,9474,9471
9475,9471,9470
9475,6735,6742
9476,8413,8416
9476,6741,8413
9476,8414,8408
9476,8416,8414
9476,8408,6741
9477,8418,8417
9477,8414,6751
9477,8417,8414
9478,8420,8418
9478,9477,6751
9478,8418,9477
9479,8423,8420
9479,8420,9478
9479,8424,8423
9479,9478,8425
9479,8425,8424
9480,8423,8428
9480,8422,8423
9481,6753,8422
9481,6755,6753
9482,8428,8432
9482,9480,8428
9482,8422,9480
9482,8432,9481
9482,9481,8422
9483,8432,6760
9483,9481,8432
9483,6755,9481
9483,6760,6755
9484,6760,8433
9484,8434,6759
9484,8433,8434
9484,6759,6760
9485,8436,9486
9485,6766,8436
9485,9486,8431
9485,6757,6766
9487,8433,8431
9487,9486,8441
9487,8431,9486
9488,8433,9487
9488,8434,8433
9488,8435,8434
9488,8441,8438
9488,9487,8441
9488,8438,8435
9489,6765,6764
9489,8443,6765
9489,6764,8430
9489,8430,8435
9489,8435,8437
9489,8437,8443
9490,8436,6770
9490,6770,6774
9490,8441,9486
9490,9486,8436
9490,6774,8440
9490,8440,8441
9491,9492,8444
9491,8444,8446
9491,8447,9492
9491,8446,8447
9493,6769,6765
9493,6772,6769
9493,8444,9492
9493,6765,8444
9494,8447,8448
9494,8448,8449
9495,9494,8449
9495,8447,9494
9495,8449,8452
9496,9495,8452
9496,8447,9495
9496,9492,8447
9497,8452,8455
9497,9496,8452
9498,9497,8455
9498,8456,8451
9498,8455,8456
9499,8460,8462
9499,8463,8460
9499,8462,4892
9500,4892,8464
9500,8464,8463
9500,9499,4892
9500,8463,9499
9501,8464,4892
9501,8465,8464
9501,8466,8469
9501,4889,8466
9501,8469,8465
9501,4892,4889
9502,8469,8466
9502,8466,8471
9502,8470,8469
9503,8467,6785
9503,6785,8468
9504,6790,8467
9504,8468,8473
9504,8473,6788
9504,8467,9503
9504,6788,6790
9504,9503,8468
9505,8472,8475
9505,8471,8472
9505,8481,8480
9505,8479,8478
9505,8475,8481
9505,8480,8479
9505,9502,8471
9505,8470,9502
9506,8476,6792
9506,6792,8473
9506,9505,8478
9506,8478,8476
9506,8470,9505
9506,8473,8470
9507,6848,6840
9507,6840,4900
9507,4900,6805
9508,4910,4912
9508,8484,4910
9509,9510,9507
9509,9507,6805
9509,8484,9508
9509,6805,8484
9511,9509,9508
9512,6817,8489
9513,9512,8489
9513,9514,9512
9513,8489,8492
9515,9513,8492
9515,9514,9513
9515,9516,9514
9517,9507,9510
9517,6848,9507
9518,9515,8492
9518,8492,8491
9518,8491,8493
9519,8494,6848
9519,6848,9517
9520,6845,6852
9520,9521,9518
9520,9518,8493
9520,6844,6845
9520,8493,6844
9522,9523,9524
9525,6851,8497
9525,8497,9526
9525,4927,6851
9525,3200,4927
9527,9522,9528
9529,9530,9531
9529,8494,9519
9529,8496,8494
9532,9529,9531
9532,8496,9529
9533,9534,6852
9533,6852,6854
9535,9531,9530
9536,4981,6870
9537,9531,9535
9537,9535,8502
9538,9531,9537
9538,8502,8501
9538,9537,8502
9539,9540,9541
9539,6857,9540
9539,8501,6857
9539,9538,8501
9542,9543,9544
9542,9544,9541
9542,9541,8508
9545,9546,8499
9545,8499,8500
9545,9543,9542
9545,8500,9543
9547,8497,8498
9547,8498,8499
9547,9526,8497
9547,8499,9546
9548,8508,8507
9548,9546,9545
9549,9541,9540
9549,9540,6857
9549,6857,6856
9549,6868,8508
9549,6856,6863
9549,8508,9541
9549,6863,6868
9550,9526,9547
9550,9547,9546
9551,6865,9546
9551,8507,6866
9551,9546,9548
9551,9548,8507
9551,6866,6865
9552,9526,9550
9553,9526,9552
9554,8520,8514
9554,8514,8512
9554,8521,8520
9554,9553,9555
9556,8510,8513
9556,8511,8510
9557,8521,9554
9557,9554,9555
9558,6873,6875
9558,6875,6877
9558,9559,8513
9558,8513,6871
9558,6871,6873
9560,9555,9556
9560,9561,9555
9562,8521,9557
9563,9559,9558
9563,9558,6877
9563,4978,4986
9563,6877,4978
9564,9561,9560
9564,9565,8518
9564,8518,8517
9564,9560,9565
9564,8517,9561
9566,8521,9562
9567,8519,8521
9567,6880,8522
9567,8521,9566
9567,8522,8519
9568,9565,9559
9568,9563,4986
9568,9559,9563
9569,8525,8518
9569,9568,4986
9569,8518,9565
9569,4986,8527
9569,8527,8525
9569,9565,9568
9570,8523,6879
9570,8534,8523
9570,6879,6881
9571,9570,6881
9572,5007,8536
9573,5007,9572
9574,8538,5005
9574,5005,3235
9575,8540,8538
9575,8538,9574
9575,9574,3235
9576,8540,9575
9576,9575,3235
9577,8541,8540
9578,8548,6920
9578,6920,6915
9578,6915,9577
9578,9577,8540
9578,8540,9576
9579,6915,6917
9579,9577,6915
9579,8542,8541
9579,8541,9577
9579,6924,8542
9579,6917,6924
9580,6924,6923
9580,6923,8546
9580,8544,8542
9580,8546,8544
9580,8542,6924
9581,8556,8555
9581,6941,6948
9581,8555,6935
9581,6935,6941
9582,9581,6948
9582,8560,8556
9582,8556,9581
9583,6948,6949
9583,6949,8558
9583,9582,6948
9583,8560,9582
9584,8560,9583
9584,8561,8560
9585,5022,8561
9585,3271,5022
9585,9584,3271
9585,8561,9584
9586,5023,5025
9586,8564,5023
9587,8564,9586
9588,9587,9586
9589,9588,9586
9590,91,8565
9590,8565,9591
9590,92,91
9590,93,92
9590,94,93
9590,95,94
9592,95,9590
9593,96,95
9593,95,9592
9594,96,9593
9595,96,9594
9595,97,96
9596,8569,267
9596,8568,8569
9596,8571,8570
9596,8570,8567
9596,8567,8568
9596,295,8571
9596,267,295
9597,5040,6966
9597,6968,5040
9597,6966,8575
9598,6968,9597
9598,8577,8576
9598,8576,6968
9599,9597,8575
9599,8577,9598
9599,9598,9597
9599,8575,3338
9599,5043,5042
9599,5044,5043
9599,5045,5044
9599,3352,5045
9599,3338,1815
9599,1815,3352
9599,5042,8577
9600,5107,3391
9600,5106,8589
9600,8589,8590
9600,3391,5106
9601,7022,7019
9601,9600,8590
9601,5107,9600
9601,8590,7022
9601,7019,5107
9602,3413,5120
9602,7033,8597
9602,5120,7033
9602,3414,3413
9602,8597,3414
9603,5150,5149
9603,8623,5150
9603,7054,8620
9603,5149,7054
9604,5148,3486
9604,8624,7061
9604,7061,5148
9605,5160,8624
9606,3485,9607
9606,8624,9604
9606,9605,8624
9606,9604,3486
9606,9608,9605
9606,9607,9608
9606,3486,3485
9609,5189,3396
9609,5160,9605
9609,9605,9608
9609,9608,9607
9609,3396,5160
9609,9610,5189
9609,9607,9610
9611,7087,5197
9611,8632,7087
9611,5197,5198
9611,5198,7090
9611,8633,8632
9612,7090,8636
9612,9611,7090
9612,8633,9611
9612,8634,8633
9612,8636,8634
9613,7095,8641
9613,7102,7095
9613,5206,7102
9614,9607,3485
9614,3511,5231
9614,5231,5214
9614,3485,3511
9614,5214,5189
9614,5189,9610
9614,9610,9607
9615,7126,7124
9615,7127,7126
9615,8650,7127
9615,7124,8650
9616,8649,2035
9616,8650,8649
9616,2035,2037
9617,8651,8650
9617,9616,2037
9617,3532,8651
9617,2037,7133
9617,7133,8653
9617,8653,3532
9617,8650,9616
9618,8655,3530
9618,7136,8655
9618,7139,7136
9618,5243,7139
9618,5244,5243
9618,3530,5244
9619,7135,7136
9619,7136,7140
9619,8656,7135
9619,7140,7144
9620,8657,8656
9620,7144,8657
9620,8656,9619
9620,9619,7144
9621,7140,8659
9621,7144,7140
9622,9621,8659
9622,7143,7144
9622,8659,7148
9622,7151,7143
9622,7148,7151
9622,7144,9621
9623,8658,7143
9623,8660,8658
9623,7143,7151
9623,8662,8660
9623,7151,7152
9623,7152,8662
9624,8661,8662
9624,7149,8661
9624,8663,8665
9624,8662,8663
9625,5250,7149
9625,7149,9624
9625,9624,8665
9626,5253,5250
9626,5250,9625
9626,8665,8664
9626,9625,8665
9626,8664,5253
9627,8663,7152
9627,8665,8663
9627,7154,8665
9627,7152,7153
9627,7153,7154
9628,8668,8670
9628,8667,8668
9628,8669,8667
9628,8670,8669
9629,7164,7165
9629,8678,7164
9630,7176,8678
9630,5265,7174
9630,8678,9629
9630,7174,7176
9631,8681,8680
9631,7182,7183
9631,7175,7182
9631,8680,7175
9632,9631,7183
9632,8681,9631
9632,7183,7184
9633,8681,9632
9633,9632,7184
9633,7186,8682
9633,8682,8681
9633,7184,7186
9634,8683,8682
9634,8682,7186
9634,7190,8683
9634,7186,7190
9635,5282,5281
9635,5281,5283
9636,8691,8693
9636,9635,5283
9636,5284,8691
9636,8693,9635
9636,5283,5284
9637,5282,9635
9637,7203,5294
9637,8694,7203
9637,5294,5282
9637,9635,8693
9638,5300,5301
9638,8692,7199
9638,7207,8692
9638,7199,5300
9638,5301,7207
9639,8692,7207
9639,8695,8694
9639,7207,8695
9640,8701,8700
9640,8705,8707
9640,8700,8705
9641,7214,7211
9641,7216,7214
9641,7211,8706
9642,9640,8707
9642,8704,8701
9642,8701,9640
9642,8707,8708
9643,9642,8708
9643,8704,9642
9643,8706,8704
9643,8710,8706
9644,8710,9643
9644,7221,7222
9644,8708,7221
9644,7222,7224
9644,9643,8708
9644,7224,8710
9645,7225,8716
9645,5319,7225
9646,9645,8716
9646,8716,8717
9646,8717,8718
9646,8718,5319
9646,5319,9645
9647,7231,8722
9647,7228,7231
9647,8715,7228
9647,8717,8715
9648,8718,8717
9648,8719,8718
9648,8717,9647
9648,8722,8723
9648,8723,8719
9648,9647,8722
9649,5319,8718
9649,8721,5319
9649,8718,8720
9650,8719,8723
9650,8723,9651
9650,8720,8719
9652,7236,7235
9653,7233,7239
9653,8723,7232
9653,9651,8723
9653,7232,7233
9654,7239,7242
9654,9651,9653
9654,9653,7239
9655,7242,7241
9655,7241,7245
9655,7236,7242
9655,7245,8726
9656,8727,8733
9656,8728,7240
9656,8736,8728
9656,7240,8727
9657,8730,8733
9657,8724,8726
9657,8733,8727
9657,8727,8724
9657,8726,8730
9658,8728,8736
9658,8729,8728
9658,8731,8729
9659,8731,9658
9659,8736,8735
9659,9658,8736
9660,9659,8735
9660,8731,9659
9660,8737,8731
9660,8735,7252
9661,7252,8738
9661,8738,8737
9661,8737,9660
9661,9660,7252
9662,8741,7256
9662,7256,8738
9662,7252,8741
9662,8738,7252
9663,8740,7250
9663,8739,7255
9663,7250,8739
9664,9663,7255
9664,7255,7257
9664,8740,9663
9664,8742,8740
9665,8742,9664
9665,7257,8746
9665,9664,7257
9665,8746,8742
9666,8748,8747
9666,8747,8752
9666,8752,8755
9666,8755,7264
9666,8750,8748
9666,7264,8750
9667,8758,8754
9667,8760,8759
9667,8754,8757
9667,8757,8760
9667,8759,8758
9668,7279,7277
9668,8766,7279
9668,7276,8766
9668,7277,7276
9669,8766,7275
9669,7275,7282
9669,7282,5362
9669,8767,8766
9669,5362,8767
9670,8772,7288
9670,8774,7292
9670,7288,5368
9670,5368,8774
9670,7292,8772
9671,7291,7297
9671,7297,8773
9671,7289,7291
9671,8771,7289
9671,8773,8771
9672,7292,8774
9672,7291,7292
9672,8774,8777
9673,7291,9672
9673,9672,8777
9673,7296,7291
9673,8778,7296
9673,8777,8778
9674,8776,8775
9674,8775,7304
9674,8779,8776
9674,7304,8783
9674,8783,8779
9675,7301,8783
9675,8783,8785
9676,7301,9675
9676,9675,8785
9676,8785,8787
9677,9676,8787
9677,7301,9676
9677,8786,7301
9677,7308,8786
9678,8787,8790
9678,8791,7308
9678,8790,8791
9678,9677,8787
9678,7308,9677
9679,8791,7316
9679,7308,8791
9679,7309,7308
9679,7316,7309
9680,7309,7315
9680,8793,7311
9680,7311,8789
9680,7315,8793
9680,8788,7309
9680,8789,8788
9681,7316,7327
9681,7327,8794
9681,7315,7316
9682,9681,8794
9682,8794,8795
9683,9682,8795
9683,8795,8797
9683,8797,7322
9684,8801,7329
9684,7329,7331
9684,7331,8811
9685,8801,9684
9685,8802,8801
9685,8811,8815
9685,9684,8811
9686,8806,8805
9686,5386,8807
9686,8807,8806
9686,8805,7334
9686,8814,5386
9686,7334,8814
9687,8802,9685
9687,8815,8810
9687,9685,8815
9687,8810,8802
9688,8819,7335
9688,8810,8817
9688,8813,8810
9688,8817,8819
9688,7335,8813
9689,5369,8781
9689,8781,8782
9689,8782,8812
9689,3643,5369
9689,8812,7364
9690,7345,8818
9690,7337,8820
9690,7350,7345
9690,8818,7337
9690,8820,7349
9690,7349,7350
9691,8827,7353
9692,8831,8829
9692,8829,8827
9692,8827,9691
9692,9691,8834
9693,8832,8831
9693,8834,7361
9693,9692,8834
9693,8831,9692
9694,8837,8835
9694,7361,8840
9694,8835,8832
9694,8832,9693
9694,8840,8837
9694,9693,7361
9695,7364,3738
9695,9696,9689
9695,9689,7364
9697,3642,3643
9698,7384,5419
9698,7382,7384
9698,5419,8852
9699,7382,9698
9699,9698,8852
9699,8853,5422
9699,8852,8853
9699,5422,5413
9699,5413,7382
9700,3734,5505
9700,3738,3734
9701,5478,7414
9701,7414,7413
9701,7417,5478
9701,5486,7417
9701,8859,5486
9701,7413,8859
9702,7432,5499
9702,7430,7432
9702,5499,8863
9702,8863,7430
9703,8870,8869
9703,7440,7443
9703,7443,7445
9703,8869,7440
9704,8870,9703
9704,7445,7449
9704,7449,8870
9704,9703,7445
9705,5544,8876
9705,8876,7483
9705,8872,5544
9705,7483,8864
9706,5547,5548
9706,7487,5547
9706,5548,8882
9706,8882,7487
9707,8894,3773
9707,7512,5577
9707,3773,3772
9707,5577,8894
9707,3772,7512
9708,7519,8896
9708,3784,7522
9708,7522,7519
9708,3779,3784
9708,8896,3779
9709,5639,8904
9709,5630,5628
9709,8904,5630
9709,5628,5639
9710,7550,7546
9710,5649,7550
9710,7556,5649
9710,8912,7556
9710,7546,8909
9710,8911,8912
9710,8909,8911
9711,7556,8913
9711,7555,7556
9711,8913,8915
9711,8915,8916
9711,8916,7555
9712,8917,8924
9712,8926,8917
9712,8927,8926
9712,8924,8927
9713,8929,7567
9713,8930,8929
9713,7567,7566
9714,9713,7566
9714,7566,8937
9714,8930,9713
9714,8931,8930
9715,8931,9714
9715,9714,8937
9715,8935,8931
9715,8937,8935
9716,7570,8933
9716,8933,8938
9716,7569,7570
9716,8938,8939
9716,8939,7569
9717,8937,7568
9717,8935,8937
9717,8938,8935
9718,8938,9717
9718,8940,8938
9718,9717,7568
9718,7568,7575
9718,8942,8940
9718,7576,8942
9718,7575,7576
9719,8945,7585
9719,8947,8945
9719,7585,8948
9720,8947,9719
9720,8957,8950
9721,8957,8952
9721,8949,8950
9721,8950,8957
9721,8952,8949
9722,8951,8953
9722,8954,7591
9722,7591,8951
9722,7598,8954
9722,8953,7598
9723,8961,8953
9723,8952,8959
9723,8953,8952
9724,8953,8961
9724,8961,8960
9724,8960,7598
9724,7598,8953
9725,8956,7601
9725,8959,8956
9725,7601,7600
9725,7600,7604
9726,7607,8966
9727,9728,8969
9727,9726,9729
9730,9729,8972
9730,8972,8974
9730,9727,9729
9730,9728,9727
9731,9730,8974
9731,8974,8973
9731,9728,9730
9732,7614,7616
9732,7615,7614
9732,8971,7615
9732,8972,8971
9733,8973,7618
9734,9732,7616
9734,8974,8972
9734,7616,8974
9734,8972,9732
9735,8975,9733
9735,8976,8975
9735,9733,7618
9735,7617,8976
9735,7618,7617
9736,7624,8981
9736,8985,7624
9736,8987,8985
9736,8981,8987
9737,7623,8984
9737,3867,7623
9737,8984,8990
9737,8990,8992
9738,9737,8992
9738,3867,9737
9738,8992,5693
9738,5693,3867
9739,8993,8990
9739,8994,8993
9739,8990,8988
9739,8991,8994
9739,8988,8991
9740,7629,8992
9740,7630,7633
9740,7633,7629
9740,8992,8993
9740,7631,7630
9740,8993,7631
9741,8997,8995
9741,7633,9000
9741,7629,7633
9741,8995,7628
9741,7628,7629
9741,9000,8997
9742,9000,7632
9742,7632,5699
9743,9742,5699
9743,9002,9000
9743,5699,7640
9743,7641,9002
9743,9000,9742
9743,7640,7641
9744,7637,7649
9744,7649,9010
9744,9009,7637
9744,9010,9009
9745,9010,7649
9745,7649,7652
9745,9011,9010
9746,7654,9011
9746,9016,7654
9746,7652,9016
9746,9011,9745
9746,9745,7652
9747,7656,7655
9747,9017,7656
9747,9021,9017
9747,7655,9021
9748,5709,7657
9748,7657,7658
9749,9028,9025
9749,9031,9028
9749,9022,9031
9749,9023,9022
9749,9025,9023
9750,7660,7662
9750,7662,7663
9750,9024,7660
9751,5709,9748
9751,5710,5709
9751,9039,9038
9751,9038,5710
9752,9025,9028
9752,9027,9025
9752,9028,9030
9752,9030,9033
9752,9033,9027
9753,9026,9027
9754,9039,9753
9755,9037,9039
9755,9042,9037
9755,9044,9042
9755,9039,9754
9756,9040,9049
9756,9038,9040
9757,9044,9045
9757,9045,9047
9757,9047,9051
9757,9048,9044
9757,9051,9048
9758,5715,5710
9758,5710,9038
9758,9038,9756
9759,9048,9051
9759,9043,9048
9759,9760,9049
9759,9049,9043
9761,7666,5715
9761,5715,9758
9761,9052,7666
9761,9762,9052
9763,9052,9762
9763,9056,9052
9763,9054,9056
9763,9762,9764
9765,5720,7669
9765,9766,9059
9765,7672,5720
9765,9059,7672
9767,9765,7669
9767,9766,9765
9767,7669,9055
9768,7671,5725
9768,5725,7675
9769,9059,9766
9769,9766,9770
9769,9060,9059
9771,9768,7675
9771,9770,9766
9771,7675,9770
9771,9766,9768
9772,9770,7675
9772,7675,9066
9773,9062,9061
9773,9063,9062
9773,7683,9063
9774,9066,7679
9774,7679,9061
9774,9772,9066
9775,7677,7678
9776,5734,7677
9776,7677,9775
9777,9778,9070
9777,5734,9776
9777,9070,7687
9777,7687,5734
9779,9070,9778
9779,9778,7685
9779,9071,9070
9779,9072,9073
9779,7685,9072
9779,9073,9071
9780,7696,9074
9780,9074,9071
9780,9071,9073
9780,9079,7696
9781,9075,9074
9781,9074,7696
9781,9077,9075
9781,9080,9077
9781,7696,9080
9782,9076,9077
9782,9078,9076
9783,9782,9077
9783,9078,9782
9783,9082,5748
9783,5748,9078
9783,9077,9081
9783,9081,9082
9784,7695,9084
9784,9080,7695
9784,9081,9080
9784,9084,9083
9784,9083,9081
9785,9086,7700
9785,7700,9085
9785,9083,9086
9785,9085,9083
9786,5751,9086
9786,9084,7697
9786,9086,9084
9786,7697,7693
9787,7693,9095
9787,5751,9786
9787,9786,7693
9787,9095,7722
9787,7722,5752
9787,5752,5751
9788,9101,9102
9788,9098,9101
9788,9102,9103
9788,9103,9098
9789,9114,9112
9789,9110,9111
9789,9112,9110
9789,9111,9114
9790,9120,9121
9791,9790,9121
9791,7740,9790
9792,9121,9122
9792,7740,9791
9792,7745,7739
9792,7739,7740
9792,9122,7745
9792,9791,9121
9793,7749,9125
9793,9126,7749
9793,9125,9129
9794,9129,7753
9794,9126,9793
9794,9793,9129
9794,7753,9126
9795,7753,7752
9795,9127,7753
9795,9130,9127
9796,7752,7756
9796,9795,7752
9796,7756,9130
9796,9130,9795
9797,9123,5776
9797,9129,9123
9797,5775,9129
9797,5776,5775
9798,9134,9137
9798,9137,9135
9798,7751,9134
9798,9135,7743
9798,7743,7751
9799,7756,7755
9799,7755,7757
9799,9132,7756
9799,9133,9132
9800,9799,7757
9800,9133,9799
9801,9800,7757
9801,9134,9133
9801,9133,9800
9802,7759,7758
9802,9137,7759
9802,9136,9137
9803,9802,7758
9803,9140,9136
9803,9136,9802
9804,9146,7765
9804,7765,3954
9804,7758,9146
9804,9140,9803
9804,3954,9140
9804,9803,7758
9805,7764,9149
9805,9149,7769
9805,7769,7768
9805,7768,7764
9806,9151,7777
9806,7769,9149
9806,7777,7769
9806,9148,9151
9806,9149,9148
9807,9165,9164
9807,9164,5850
9807,9166,9165
9807,7813,9166
9808,4026,4041
9808,5875,4026
9808,5879,5875
9809,4041,4042
9809,9808,4041
9809,4042,9170
9809,9170,9171
9810,9171,7820
9810,7820,5880
9810,5880,7821
9811,9177,7829
9811,7829,7830
9811,9178,9177
9812,9811,7830
9812,9178,9811
9812,7830,5906
9812,5906,9178
9813,9183,9181
9813,7836,9183
9813,5913,7836
9813,7831,5913
9813,9181,7831
9814,9184,9182
9814,5914,9185
9814,9182,5905
9814,5905,5914
9814,9185,9184
9815,9187,9189
9815,5914,9187
9816,9815,9189
9816,9185,5914
9816,5914,9815
9816,9188,9185
9817,9188,7839
9817,5908,9185
9817,7840,5908
9817,7839,7840
9817,9185,9188
9818,9188,9816
9818,9816,9189
9818,9189,9190
9819,9188,9818
9819,5919,9188
9819,9190,5919
9819,9818,9190
9820,5930,4094
9820,5931,5930
9820,4088,9194
9820,7855,5931
9820,9193,7855
9820,4094,4088
9820,9194,9193
9821,5938,5937
9821,5937,9200
9822,9821,9200
9823,7872,9202
9823,9202,9200
9823,4104,7872
9823,9200,4105
9823,4105,4104
9824,9825,9826
9824,9204,9825
9824,9203,9204
9827,9826,9825
9827,9825,9204
9827,9204,9206
9828,9827,9206
9829,7881,7873
9829,9207,7879
9829,7879,7881
9830,7888,7882
9830,7882,7883
9830,7883,9213
9830,9213,9214
9830,9215,9210
9830,9214,9215
9831,9224,5963
9831,9227,9228
9831,5963,9227
9832,9831,9228
9832,9228,9229
9833,9229,5967
9833,7915,7914
9833,5967,7915
9833,9832,9229
9834,9232,9234
9834,9234,7937
9834,7925,9232
9834,7927,7925
9834,7937,7927
9835,9231,7926
9835,9233,7929
9835,7929,7932
9835,7926,9233
9836,5970,9231
9836,9231,9835
9836,9835,7932
9836,9230,5970
9837,9235,9230
9837,9230,9836
9837,7932,9236
9837,7935,9235
9837,9836,7932
9837,9236,7935
9838,7931,7930
9838,7930,9240
9838,5979,9236
9838,7932,7931
9838,9240,5980
9838,9236,7932
9838,5980,5979
9839,8047,9273
9839,9273,9277
9840,8051,8053
9840,9277,9278
9840,9278,8051
9840,9839,9277
9841,4421,6243
9841,9301,6239
9841,6243,9302
9841,9302,9301
9841,6239,4421
9842,9312,9314
9842,8084,9312
9842,9314,6276
9842,6275,8084
9842,6276,6275
9843,9330,8124
9843,6285,6286
9843,8124,6285
9843,9329,9330
9843,6286,9329
9844,6331,4468
9844,4468,6338
9844,9348,6331
9844,9349,9348
9844,6338,9349
9845,9369,9370
9845,8164,8163
9845,8163,9369
9846,9370,9371
9846,9845,9370
9846,9371,8167
9847,6400,4519
9847,6407,6400
9847,4519,4525
9848,8184,6408
9848,6409,8187
9848,6413,8184
9848,8187,9380
9848,6408,6409
9849,6414,6411
9849,9848,9380
9849,6411,6413
9849,9380,6414
9849,6413,9848
9850,9410,8295
9850,6608,3099
9850,3099,4742
9850,4742,6615
9850,8289,6608
9850,6615,9410
9850,8298,8289
9850,8295,8298
9851,8310,6633
9851,6633,8305
9851,8305,6635
9851,8315,8310
9852,8318,9422
9852,9419,8320
9852,9421,9419
9852,9422,9421
9852,8320,9424
9852,9424,8318
9853,6625,9427
9853,753,6625
9853,9427,9854
9855,751,753
9855,3139,751
9855,9853,9854
9855,753,9853
9856,8330,8338
9856,8328,8330
9856,9431,8328
9857,8338,8339
9857,9856,8338
9857,9431,9856
9857,9432,9431
9858,8339,8340
9858,9432,9857
9858,9857,8339
9858,8340,9432
9859,8343,9438
9859,9427,8343
9859,9854,9427
9860,9442,8346
9860,9438,9442
9860,9859,9438
9860,9854,9859
9861,9436,8350
9861,9437,9434
9861,9434,9436
9862,9436,8345
9862,8350,9436
9862,8345,9441
9862,9441,8351
9862,8351,8350
9863,9861,8350
9863,9439,9437
9863,8350,8349
9863,8349,9439
9863,9437,9861
9864,8355,9441
9864,9441,6670
9864,8352,8355
9864,6673,8352
9864,6670,6672
9864,6672,6673
9865,6685,6684
9865,6684,4800
9865,4800,4804
9865,9455,6685
9866,6700,9457
9867,9456,8376
9867,8376,6692
9867,6698,9456
9867,6692,8379
9867,8379,6698
9868,9865,4804
9868,9866,9455
9868,6700,9866
9868,6701,6700
9868,9455,9865
9868,6702,6701
9868,6703,6702
9868,4810,6703
9868,4805,4810
9868,4804,4805
9869,8379,9459
9869,9460,6705
9869,9459,9460
9869,8380,8379
9869,6705,8380
9870,8396,6727
9870,9463,9462
9870,6727,6728
9871,6732,6726
9871,8396,9870
9871,6726,8396
9871,9870,9462
9871,8399,6732
9872,8397,9466
9872,9461,8397
9873,9464,9463
9873,9872,9466
9874,9875,9468
9874,9469,8399
9874,8399,9875
9874,9468,8403
9874,8403,4859
9874,4859,4858
9874,4858,9469
9876,9465,9471
9876,9471,9474
9876,9466,9465
9876,9464,9873
9876,9873,9466
9877,9473,9472
9877,9876,9474
9877,9472,9464
9877,9474,9473
9877,9464,9876
9878,6758,8425
9878,8425,9478
9878,9478,6751
9878,6751,6750
9878,6750,6758
9879,8432,8428
9879,8428,6757
9879,6757,9485
9879,9485,8431
9879,8431,8432
9880,9492,9496
9880,9496,9497
9881,9508,4912
9881,9511,9508
9881,9514,9511
9881,4912,6817
9881,9512,9514
9881,6817,9512
9882,9511,9514
9882,9509,9511
9882,9516,9510
9882,9510,9509
9882,9514,9516
9883,6870,1742
9883,9536,6870
9883,3200,9525
9883,1743,3200
9883,9525,9536
9883,1742,1743
9884,9518,9521
9884,9516,9515
9884,9515,9518
9885,9516,9884
9885,9524,9523
9885,9884,9524
9885,9510,9516
9886,9884,9521
9886,9524,9884
9887,9885,9523
9887,9510,9885
9887,9517,9510
9888,9517,9887
9888,9519,9517
9888,9887,9523
9889,9534,9528
9889,9886,9521
9889,9524,9886
9889,9528,9522
9889,9522,9524
9890,9530,9529
9890,9519,9888
9890,9529,9519
9891,9521,9520
9891,9534,9889
9891,9889,9521
9891,6852,9534
9891,9520,6852
9892,9528,9534
9892,9534,9533
9893,9531,9538
9893,9532,9531
9894,9892,9533
9894,8502,9535
9894,8503,8502
9895,9893,9538
9895,9538,9539
9896,9544,9543
9896,9541,9544
9896,9543,9895
9896,9895,9539
9896,9539,9541
9897,9525,9526
9897,9536,9525
9897,9526,9553
9898,8508,9548
9898,9542,8508
9898,9548,9545
9898,9545,9542
9899,4981,9536
9899,8512,4982
9899,9897,9553
9899,9554,8512
9899,9536,9897
9899,9553,9554
9899,4982,4981
9900,9546,6865
9900,9550,9546
9900,6865,6864
9901,6864,8511
9901,9900,6864
9901,9550,9900
9901,9552,9550
9902,9901,8511
9902,9552,9901
9903,9556,9555
9903,8511,9556
9903,9553,9552
9903,9902,8511
9903,9552,9902
9903,9555,9553
9904,8513,9559
9904,9556,8513
9905,9557,9555
9905,9561,9562
9905,9562,9557
9905,9555,9561
9906,9559,9565
9906,9904,9559
9906,9560,9556
9906,9556,9904
9906,9565,9560
9907,9562,9561
9907,9566,9562
9907,8517,6883
9907,9561,8517
9908,6880,9567
9908,9567,9566
9908,6878,6880
9908,6883,6878
9908,9566,9907
9908,9907,6883
9909,9571,6881
9909,6881,6884
9910,9909,6884
9911,9910,6884
9911,6890,8531
9911,6884,6890
9912,8534,9572
9912,6892,8528
9912,9572,8536
9912,8536,6892
9912,8528,8534
9913,9571,9909
9913,9910,9911
9913,9909,9910
9914,9913,9911
9915,9914,9911
9916,5007,9573
9916,3237,3236
9916,3236,5007
9917,3237,9916
9917,3239,3237
9918,3234,8543
9918,3235,3234
9918,9576,3235
9919,9576,9918
9919,8548,9578
9919,9578,9576
9920,9583,8558
9920,8559,6956
9920,8558,8559
9920,6956,3272
9921,3272,3271
9921,9583,9920
9921,9920,3272
9921,3271,9584
9921,9584,9583
9922,9587,9591
9922,9591,8565
9922,6961,8564
9922,8564,9587
9922,8565,6961
9923,5025,3270
9923,9586,5025
9923,9589,9586
9924,3270,3273
9924,9923,3270
9925,9924,3273
9926,9925,3273
9927,9926,3273
9928,9927,3273
9928,3273,3274
9929,3276,3277
9929,3279,3280
9929,3277,3279
9929,9928,3274
9929,3274,3276
9930,9595,9931
9930,97,9595
9930,98,97
9930,99,98
9930,100,99
9932,9930,9931
9932,100,9930
9933,102,101
9933,103,102
9933,9931,9934
9933,9934,9935
9933,9932,9931
9933,100,9932
9933,101,100
9936,9603,8620
9936,7057,8623
9936,8619,8622
9936,8622,7057
9936,8623,9603
9936,8620,8619
9937,5206,9613
9937,7101,7099
9937,5207,5206
9938,7165,7167
9938,7167,7169
9938,9629,7165
9939,9630,9629
9939,5265,9630
9939,7169,3560
9939,3560,5265
9939,9629,9938
9939,9938,7169
9940,9637,8693
9940,8694,9637
9940,8692,9639
9940,9639,8694
9940,8693,8692
9941,7216,9641
9941,9641,8706
9941,8706,8710
9941,8709,7216
9941,8710,8709
9942,8720,9650
9942,9649,8720
9943,7235,5326
9943,8721,9649
9943,5326,8721
9943,9652,7235
9943,9649,9942
9944,9652,9651
9944,7236,9652
9944,9654,7242
9944,9651,9654
9944,7242,7236
9945,8726,8725
9945,7234,7236
9945,8725,7234
9945,7236,9655
9945,9655,8726
9946,9656,8733
9946,8734,8736
9946,8736,9656
9946,8733,8732
9946,8732,8734
9947,8792,8793
9947,7315,9681
9947,9681,9682
9947,8793,7315
9948,9682,9683
9948,7320,8792
9948,9947,9682
9948,7322,7320
9948,8792,9947
9948,9683,7322
9949,8830,8834
9949,8828,8830
9949,9691,7353
9949,7353,8828
9949,8834,9691
9950,9689,9696
9950,3643,9689
9950,9697,3643
9951,3738,9700
9951,9950,9696
9951,9697,9950
9951,9695,3738
9951,9696,9695
9952,9697,9951
9952,3642,9697
9952,9951,9700
9953,3569,3642
9954,9952,9700
9955,3569,9953
9955,3698,3569
9956,9957,9954
9956,9700,5505
9956,9954,9700
9958,9957,9956
9958,9956,5505
9958,5505,8872
9959,9720,8950
9959,8950,7589
9959,8947,9720
9959,7589,8947
9960,8948,7596
9960,8955,8957
9960,7596,8955
9960,9720,9719
9960,9719,8948
9960,8957,9720
9961,8961,9723
9961,7609,8961
9961,7604,7609
9961,9723,8959
9961,8959,9725
9961,9725,7604
9962,7611,7606
9962,7606,7607
9962,7607,9726
9962,9726,9727
9962,8969,7611
9962,9727,8969
9963,8966,8967
9963,8972,9729
9963,8967,8972
9963,9726,8966
9963,9729,9726
9964,9733,8975
9964,8975,5687
9964,8969,9728
9964,5687,8969
9965,9750,7663
9965,9024,9750
9965,7663,9029
9965,9029,9031
9966,7658,9026
9966,9748,7658
9966,9026,9753
9966,9039,9751
9966,9753,9039
9966,9751,9748
9967,9033,9035
9967,9027,9033
9967,9753,9027
9967,9754,9753
9968,9967,9035
9968,9045,9044
9968,9035,9045
9968,9044,9755
9968,9754,9967
9968,9755,9754
9969,9756,9049
9969,9758,9756
9970,9758,9969
9970,9761,9758
9970,9762,9761
9970,9764,9762
9971,9760,9759
9971,9051,9050
9971,9053,9760
9971,9759,9051
9971,9050,9053
9972,9764,9760
9972,9760,9053
9972,9053,7670
9972,9763,9764
9973,7670,9054
9973,9972,7670
9973,9763,9972
9973,9054,9763
9974,7671,9768
9974,9057,7671
9974,9055,9057
9974,9767,9055
9974,9766,9767
9974,9768,9766
9975,9060,9769
9975,9772,9774
9975,9770,9772
9975,9774,9061
9975,9061,9060
9975,9769,9770
9976,7683,9773
9976,9061,7679
9976,7679,7680
9976,7680,7683
9976,9773,9061
9977,9068,9069
9977,9775,7678
9977,7678,9068
9978,9977,9069
9978,9775,9977
9978,9776,9775
9979,9776,9978
9979,9778,9777
9979,9777,9776
9980,9079,9780
9980,9780,9073
9980,7692,9079
9980,9073,5742
9980,5742,7692
9981,5769,5770
9981,5770,7736
9981,9790,7740
9981,7740,5769
9982,7757,5778
9982,5781,9139
9982,5778,5781
9982,9801,7757
9983,7813,9807
9983,9807,5850
9983,5854,7813
9983,5850,5854
9984,9808,9809
9984,9809,9171
9985,5879,9808
9985,9808,9984
9985,9172,5879
9986,5943,7867
9986,7867,7865
9986,7865,4092
9987,9986,4092
9987,5938,9821
9987,9821,9822
9987,4092,4091
9987,4091,5938
9988,9203,9822
9988,9202,9203
9988,9200,9202
9988,9822,9200
9989,5941,5943
9989,5943,9826
9990,5948,5947
9990,7873,5948
9990,5941,9989
9990,5947,5941
9991,7873,9990
9991,9829,7873
9992,9828,9206
9992,7875,9207
9992,9206,7875
9993,9210,7886
9993,7886,7888
9993,7888,9830
9993,9830,9210
9994,7913,9225
9994,7914,7913
9994,9224,9831
9994,9831,9832
9994,9833,7914
9994,9832,9833
9994,9225,9224
9995,8047,9839
9995,8048,8047
9995,9840,8053
9995,8053,8048
9995,9839,9840
9996,9845,9846
9996,8164,9845
9996,9846,8167
9996,8166,8164
9996,8167,8166
9997,4524,8184
9997,6407,9847
9997,8184,9378
9997,9378,6407
9997,9847,4525
9997,4525,4524
9998,8315,9851
9998,9420,8315
9998,9851,6635
9998,8313,9420
9998,6635,6634
9998,6634,8313
9999,9855,9854
9999,9854,9860
10000,4787,3139
10000,8346,6675
10000,9860,8346
10000,9999,9860
10000,9855,9999
10000,3139,9855
10000,6675,4787
10001,9457,8374
10001,9455,9866
10001,9866,9457
10001,8374,9455
10002,6728,9461
10002,9870,6728
10002,9463,9870
10002,9461,9872
10002,9873,9463
10002,9872,9873
10003,9468,9875
10003,9875,8399
10003,9467,9468
10003,8399,9871
10003,9871,9462
10003,9462,9467
10004,6772,9493
10004,9493,9492
10004,8450,6772
10004,9492,9880
10005,9888,9523
10005,9530,9890
10005,9890,9888
10006,9527,9528
10006,9528,9892
10006,9892,9894
10006,9894,9535
10007,8495,8496
10007,8500,8495
10007,9532,9893
10007,9895,9543
10007,9893,9895
10007,8496,9532
10007,9543,8500
10008,8504,8503
10008,6854,8504
10008,9894,9533
10008,8503,9894
10008,9533,6854
10009,9572,8534
10009,9570,9571
10009,8534,9570
10009,9573,9572
10009,9571,9913
10010,8531,8530
10010,8530,8532
10010,8532,8533
10010,9915,9911
10010,9911,8531
10011,10010,8533
10011,9915,10010
10012,10011,8533
10012,8533,6897
10012,9915,10011
10013,10012,6897
10013,9915,10012
10014,6895,6894
10014,6908,6907
10014,6899,6901
10014,6901,6908
10014,10013,6897
10014,6897,6896
10014,6896,6895
10014,6894,6898
10014,6907,6909
10014,9915,10013
10014,6898,6899
10015,3239,9917
10015,3241,3239
10016,3241,10015
10016,10015,9915
10017,3248,3245
10017,3241,10016
10017,3245,3243
10017,9915,10014
10017,3249,3248
10017,3243,3241
10017,10016,9915
10017,3251,3249
10017,3252,3251
10018,8543,6914
10018,9918,8543
10018,9919,9918
10018,6914,8548
10018,8548,9919
10019,9592,9590
10019,9595,9594
10019,9931,9595
10019,9589,9931
10019,9591,9587
10019,9590,9591
10019,9593,9592
10019,9587,9588
10019,9588,9589
10019,9594,9593
10020,3280,3281
10020,9929,3280
10021,9935,10020
10021,10020,3281
10022,9935,10021
10022,3281,3283
10022,10021,3281
10023,10022,3283
10023,9935,10022
10024,3302,112
10024,111,110
10024,112,111
10024,3289,3291
10024,3287,3289
10024,9935,10023
10024,3293,3295
10024,3283,3284
10024,3284,3285
10024,3285,3287
10024,10023,3283
10024,3291,3293
10024,3295,3298
10024,3298,3300
10024,3300,3302
10025,104,103
10025,105,104
10025,106,105
10025,9933,9935
10025,103,9933
10026,107,106
10026,106,10025
10026,108,107
10026,109,108
10026,110,109
10026,10024,110
10026,9935,10024
10026,10025,9935
10027,8640,7101
10027,7101,9937
10028,10027,9937
10028,9937,9613
10028,8640,10027
10028,9613,8641
10028,8641,8640
10029,5203,5207
10029,5204,5203
10029,7099,5204
10029,9937,7099
10029,5207,9937
10030,9650,9651
10030,9651,9652
10030,9942,9650
10030,9652,9943
10030,9943,9942
10031,9952,9954
10031,3642,9952
10031,9953,3642
10032,9954,9957
10032,10031,9954
10032,9953,10031
10033,9957,9958
10033,10032,9957
10033,9958,9955
10033,9955,9953
10033,9953,10032
10034,8872,9705
10034,9705,8864
10034,9955,9958
10034,3698,9955
10034,9958,8872
10034,8864,3698
10035,9964,9728
10035,9728,9731
10036,8973,9733
10036,9733,9964
10036,9964,10035
10036,10035,9731
10036,9731,8973
10037,9022,9024
10037,9031,9022
10037,9024,9965
10037,9965,9031
10038,9049,9760
10038,9760,9764
10038,9969,9049
10038,9970,9969
10038,9764,9970
10039,9979,9978
10039,9778,9979
10039,7685,9778
10039,9069,7685
10039,9978,9069
10040,9790,9981
10040,7736,9120
10040,9120,9790
10040,9981,7736
10041,9139,9134
10041,9801,9982
10041,9134,9801
10041,9982,9139
10042,9171,9810
10042,9984,9171
10042,9172,9985
10042,9810,7821
10042,7821,9172
10042,9985,9984
10043,9986,9987
10043,9987,9822
10044,9822,9203
10044,9986,10043
10044,9203,9824
10044,5943,9986
10044,9824,9826
10044,9826,5943
10044,10043,9822
10045,9989,9826
10045,9826,9827
10046,9991,9990
10046,9990,9989
10046,9827,9828
10046,9828,9991
10046,9989,10045
10046,10045,9827
10047,9828,9992
10047,9829,9991
10047,9992,9207
10047,9207,9829
10047,9991,9828
10048,9880,9497
10048,10004,9880
10048,8451,8450
10048,9498,8451
10048,8450,10004
10048,9497,9498
10049,10005,9523
10049,9530,10005
10049,9523,9522
10049,9522,9527
10049,9527,9530
10050,9530,9527
10050,9527,10006
10050,9535,9530
10050,10006,9535
10051,9573,10009
10051,10009,9913
10051,10015,9917
10051,9913,9914
10051,9916,9573
10051,9915,10015
10051,9917,9916
10051,9914,9915
10052,6906,6905
10052,4997,4996
10052,10017,10014
10052,3252,10017
10052,6905,4997
10052,3267,3253
10052,4996,6913
10052,6913,3267
10052,6909,6906
10052,3253,3252
10052,10014,6909
10053,10020,9935
10053,9926,9927
10053,9928,9929
10053,9589,9923
10053,9925,9926
10053,9924,9925
10053,9927,9928
10053,9929,10020
10053,9931,9589
10053,9934,9931
10053,9935,9934
10053,9923,9924
