v0,v1,v2
145,146,143
144,145,143
1,2,0
137,138,139
147,5,148
149,5,147
150,4,5
150,5,149
151,4,150
152,4,151
153,4,152
154,4,153
155,4,154
156,4,155
157,4,156
158,4,157
159,4,158
160,2,3
160,3,161
162,160,161
163,164,165
163,161,164
163,162,161
166,165,167
166,163,165
168,166,167
169,168,167
169,170,171
169,167,170
172,169,171
173,172,171
173,171,174
175,176,177
175,173,174
175,174,176
178,2,160
179,175,177
180,178,160
180,160,162
181,182,183
181,179,177
181,177,182
184,162,163
184,180,162
185,181,183
186,163,166
186,184,163
187,183,188
187,185,183
189,186,166
189,166,168
189,168,169
190,188,191
190,191,192
190,187,188
193,190,192
194,169,172
194,189,169
195,196,197
195,193,192
195,192,196
198,194,172
199,195,197
200,172,173
200,198,172
201,197,202
201,199,197
203,200,173
203,173,175
203,175,179
204,201,202
204,205,206
204,202,205
207,178,180
207,2,178
208,203,179
209,204,206
210,207,180
211,208,179
211,179,181
212,184,186
212,180,184
212,210,180
213,211,181
213,181,185
214,212,186
215,213,185
215,185,187
216,215,187
216,187,190
217,2,207
218,190,193
218,216,190
219,207,210
219,2,217
219,217,207
220,195,199
220,218,193
220,193,195
221,0,2
221,210,212
221,219,210
221,2,219
222,220,199
223,0,221
223,221,212
223,212,214
223,214,224
225,222,199
225,199,201
226,0,223
226,223,224
226,146,0
227,201,204
227,225,201
227,204,209
228,209,229
228,227,209
230,143,146
230,224,231
230,142,143
230,231,142
230,226,224
230,146,226
232,228,229
233,232,229
233,229,234
235,233,234
235,234,236
237,236,238
237,235,236
239,218,220
240,239,220
241,220,222
241,240,220
242,241,222
242,222,225
243,242,225
243,225,227
244,140,141
244,141,245
246,227,228
246,243,227
247,245,239
247,244,245
247,139,140
247,140,244
248,240,241
248,247,239
248,239,240
248,139,247
249,248,241
249,139,248
250,139,249
250,249,241
250,241,242
251,250,242
251,137,139
251,243,246
251,242,243
251,139,250
252,137,251
252,251,246
253,246,254
253,252,246
255,254,256
255,256,257
255,253,254
258,255,257
259,260,261
259,257,260
259,258,257
262,259,261
263,262,261
263,261,264
265,264,266
265,266,267
265,263,264
268,267,269
268,78,265
268,79,78
268,265,267
270,79,268
270,268,269
271,269,272
271,270,269
271,79,270
273,272,274
273,271,272
273,79,271
273,80,79
273,81,80
275,274,276
275,273,274
275,81,273
275,82,81
275,83,82
277,276,278
277,275,276
277,84,83
277,83,275
279,84,277
279,277,278
279,85,84
279,278,280
281,280,282
281,279,280
281,85,279
281,86,85
283,282,284
283,86,281
283,281,282
285,4,159
285,159,286
285,286,287
288,285,287
288,287,289
290,288,289
290,291,292
290,293,291
290,289,293
294,161,3
295,214,186
295,186,189
296,137,252
296,77,137
296,252,253
296,255,258
296,253,255
297,262,263
297,265,78
297,263,265
297,259,262
297,258,259
298,299,300
301,302,303
301,303,304
305,306,307
305,304,306
308,125,124
308,301,304
308,304,305
309,300,310
309,298,300
311,305,307
312,310,313
312,313,314
315,126,125
315,308,305
315,305,311
315,125,308
316,317,299
316,318,317
319,307,320
319,320,318
319,311,307
321,127,126
321,126,315
321,315,311
321,311,319
322,299,298
322,316,299
323,318,316
323,128,127
323,127,321
323,319,318
323,321,319
324,310,312
324,309,310
325,322,298
325,298,309
326,312,314
327,128,323
327,129,128
327,316,322
327,323,316
328,129,327
328,327,322
328,130,129
328,131,130
328,322,325
329,309,324
329,325,309
329,131,328
329,328,325
329,132,131
330,329,324
330,132,329
330,133,132
330,134,133
331,312,326
331,330,324
331,134,330
331,324,312
332,331,326
332,134,331
332,135,134
333,334,335
336,333,335
337,5,6
337,6,338
337,338,339
340,341,342
340,343,344
340,345,346
340,346,341
340,342,343
347,345,340
348,347,340
349,347,348
349,345,347
349,350,345
351,350,349
351,349,348
351,352,350
353,351,348
353,352,351
354,355,356
354,348,355
354,353,348
354,352,353
357,358,359
357,356,358
357,354,356
360,357,359
361,362,64
361,64,65
363,364,362
365,362,361
365,363,362
366,354,357
366,352,354
367,368,369
370,367,369
371,370,369
372,371,369
373,372,369
374,373,369
375,374,369
376,375,369
377,376,369
378,377,369
379,378,369
379,369,380
381,379,380
382,381,380
383,380,384
383,382,380
385,386,387
385,384,386
385,383,384
388,389,390
388,391,392
388,390,393
388,394,391
388,385,387
388,392,389
388,395,394
388,393,396
388,396,397
388,398,395
388,387,398
399,397,400
399,400,401
399,401,402
399,402,403
399,388,397
399,403,404
399,404,405
399,405,406
399,406,407
399,407,408
409,399,408
409,410,411
409,408,412
409,412,410
409,411,413
414,413,415
414,415,416
414,409,413
417,416,418
417,414,416
419,417,418
419,418,420
421,419,420
421,420,422
423,422,424
423,421,422
425,424,426
425,423,424
425,426,427
428,427,429
428,425,427
430,429,431
430,431,432
430,428,429
433,430,432
433,432,434
435,436,437
435,437,438
435,438,439
435,439,440
435,440,441
435,441,442
435,434,436
435,433,434
443,444,445
443,446,444
447,443,445
448,447,445
449,448,445
450,449,445
451,450,445
452,451,445
453,452,445
453,445,454
455,453,454
456,455,454
457,456,454
458,457,454
459,458,454
460,459,454
461,460,454
462,461,454
463,462,454
464,454,465
464,463,454
466,464,465
467,466,465
468,447,448
468,448,449
468,449,450
468,450,451
468,451,452
468,452,453
468,453,455
468,455,456
468,456,457
468,457,458
468,458,459
468,469,446
468,446,443
468,443,447
470,459,460
470,468,459
471,470,460
472,460,461
472,471,460
473,472,461
474,473,461
475,461,462
475,474,461
476,475,462
477,476,462
478,477,462
479,465,480
479,467,465
481,478,462
482,481,462
483,482,462
484,483,462
485,484,462
486,485,462
487,486,462
488,487,462
489,488,462
490,489,462
491,490,462
492,491,462
493,492,462
493,462,463
494,493,463
495,494,463
496,495,463
497,496,463
498,497,463
499,498,463
500,499,463
500,463,464
501,500,464
502,501,464
503,502,464
504,503,464
505,479,480
506,464,466
506,504,464
507,506,466
508,507,466
509,508,466
510,509,466
511,466,467
511,510,466
512,511,467
513,512,467
514,513,467
515,514,467
516,515,467
517,516,467
518,517,467
518,467,479
519,518,479
520,519,479
521,505,480
522,520,479
523,524,525
523,526,527
523,525,526
528,522,479
528,479,505
529,528,505
530,523,531
530,524,523
530,521,480
532,529,505
533,505,521
533,532,505
534,527,535
534,531,523
534,523,527
536,533,521
537,536,521
538,539,540
538,541,539
538,540,531
538,531,534
538,534,535
542,521,530
542,537,521
543,530,531
543,542,530
544,537,542
544,542,543
545,544,543
546,531,540
546,543,531
547,545,543
547,543,546
548,546,540
549,547,546
549,546,548
550,549,548
551,540,539
551,539,541
551,548,540
551,541,552
551,550,548
553,554,555
556,553,555
557,556,555
558,559,560
558,555,559
558,560,561
558,561,562
558,562,563
558,563,564
558,564,565
558,565,566
558,566,567
558,567,568
558,568,569
558,569,570
558,570,571
558,571,572
558,557,555
573,574,575
576,573,575
577,572,578
577,558,572
579,576,575
580,579,575
581,580,575
581,575,582
583,581,582
584,583,582
585,584,582
585,582,586
587,588,589
587,590,591
587,592,593
587,589,590
587,591,592
594,595,596
594,597,598
594,598,595
594,599,600
594,600,597
594,588,587
594,596,588
601,602,603
601,603,604
605,601,604
606,605,604
607,608,609
607,610,611
607,609,610
612,74,607
612,607,611
612,73,74
613,614,615
616,613,615
617,616,615
618,617,615
619,618,615
620,619,615
621,622,608
621,608,607
621,607,74
623,618,619
623,619,620
624,623,620
625,624,620
626,625,620
627,626,620
628,627,620
629,621,74
630,631,632
630,633,631
634,629,74
635,630,632
635,633,630
636,294,3
637,294,636
638,294,637
639,640,294
639,294,638
641,640,639
642,643,640
642,640,641
644,643,642
645,643,644
646,74,75
646,634,74
646,632,634
647,648,649
647,650,648
651,647,649
651,649,652
653,651,652
654,653,652
654,652,655
656,657,654
656,654,655
658,655,659
658,656,655
658,657,656
660,661,662
660,662,663
660,664,661
660,659,665
660,658,659
660,657,658
660,663,666
660,667,664
660,665,668
660,668,667
669,670,671
669,666,670
669,660,666
669,672,657
669,673,672
669,674,673
669,657,660
669,675,674
676,675,669
677,678,675
677,675,676
679,678,677
680,681,678
680,682,683
680,684,685
680,683,681
680,686,684
680,685,682
680,678,679
687,646,75
687,688,646
689,688,687
689,690,688
691,692,693
694,695,696
694,697,698
694,699,700
694,696,699
694,698,701
694,701,702
694,700,697
694,703,704
694,705,703
706,694,702
706,702,707
706,705,694
706,708,705
709,706,707
709,707,710
709,708,706
711,712,708
711,708,709
711,709,710
713,711,710
713,712,711
714,712,713
714,713,710
715,714,710
716,717,718
719,720,208
719,208,211
721,719,211
721,213,215
721,216,218
721,211,213
721,215,216
722,231,224
722,142,231
722,224,214
722,214,295
723,239,245
723,218,239
723,721,218
723,142,722
723,141,142
723,245,141
724,725,726
727,724,726
728,727,726
729,728,726
730,729,726
731,732,733
731,726,734
731,734,735
731,735,736
731,736,737
731,730,726
731,737,738
731,738,732
739,740,741
742,743,744
745,746,747
745,747,748
745,749,750
745,750,751
745,751,752
745,752,753
745,753,746
754,742,744
755,754,744
756,730,731
756,725,724
756,724,727
756,727,728
756,728,729
756,748,725
756,729,730
757,745,748
757,748,756
758,258,297
758,296,258
758,297,78
758,77,296
758,78,77
759,300,760
761,300,299
761,317,762
761,299,317
761,762,763
761,760,300
764,765,766
767,762,317
768,767,317
768,307,306
768,320,307
768,306,769
768,317,318
768,318,320
770,769,306
771,772,773
774,773,775
774,771,773
776,771,774
777,778,779
780,779,781
780,777,779
782,770,306
783,784,780
785,783,780
786,785,780
787,780,781
787,786,780
788,781,782
788,782,306
788,303,302
788,787,781
788,306,304
788,304,303
788,302,789
790,100,99
790,101,100
791,101,790
791,790,792
793,102,101
793,101,791
793,791,792
794,103,102
794,104,103
794,102,793
794,792,795
794,793,792
796,105,104
796,106,105
796,107,106
796,794,795
796,795,797
796,797,798
796,104,794
799,108,107
799,109,108
799,796,798
799,798,800
799,107,796
801,110,109
801,111,110
801,799,800
801,109,799
802,112,111
802,801,800
802,111,801
802,800,803
804,113,112
804,112,802
804,802,803
805,804,803
805,113,804
805,803,806
807,114,113
807,113,805
807,805,806
808,114,807
808,807,806
808,806,809
810,115,114
810,114,808
810,808,809
811,812,813
811,814,815
811,816,817
811,813,816
811,116,115
811,818,819
811,117,116
811,817,820
811,118,117
811,821,822
811,822,818
811,810,809
811,820,821
811,809,814
811,815,812
811,115,810
823,122,121
823,123,122
823,124,123
823,819,301
823,308,124
823,301,308
824,825,76
826,135,332
826,332,827
826,824,76
826,827,824
828,136,135
828,76,136
828,135,826
828,826,76
829,830,831
829,832,830
829,338,6
829,833,832
829,831,834
829,834,835
829,835,338
836,837,838
836,839,833
836,840,839
836,833,829
836,838,840
841,842,837
841,7,8
841,837,836
841,836,7
841,843,842
844,845,846
844,847,848
844,849,847
844,850,851
844,831,830
844,830,832
844,848,852
844,853,850
844,846,854
844,852,339
844,832,833
844,855,856
844,833,839
844,834,831
844,856,853
844,339,338
844,835,834
844,854,855
844,851,849
844,338,835
857,843,841
858,859,860
861,843,857
861,857,858
862,54,55
862,55,56
862,56,57
863,57,58
863,862,57
864,865,862
866,863,58
866,58,59
867,862,863
867,864,862
868,860,859
868,859,869
870,843,861
870,871,843
872,863,866
872,867,863
873,59,60
873,866,59
874,866,873
874,872,866
875,858,860
875,861,858
875,870,861
876,864,867
876,867,872
877,870,875
878,879,880
878,845,844
878,881,882
878,882,883
878,883,879
878,884,881
878,880,885
878,886,884
878,887,845
878,885,887
888,889,886
888,340,344
888,886,878
888,344,890
888,890,889
891,872,874
891,876,872
892,877,875
892,875,893
894,340,888
894,348,340
894,843,871
895,896,897
895,337,339
895,848,847
895,847,849
895,851,850
895,898,899
895,852,848
895,850,853
895,339,852
895,897,898
895,899,337
895,849,851
900,362,901
900,64,362
900,62,63
900,63,64
902,903,904
905,902,904
906,348,894
907,856,855
907,853,856
907,895,853
908,855,854
908,907,855
909,908,854
910,909,854
911,854,846
911,910,854
912,913,914
912,915,913
912,916,917
918,919,915
918,912,917
918,915,912
920,384,380
920,921,922
920,922,923
920,380,369
920,924,921
925,360,359
925,926,360
925,359,927
928,387,386
928,386,384
928,390,389
928,392,391
928,393,390
928,929,930
928,391,394
928,384,920
928,389,392
928,394,395
928,396,393
928,920,923
928,397,396
928,400,397
928,401,400
928,402,401
928,403,402
928,404,403
928,405,404
928,406,405
928,411,410
928,407,406
928,408,407
928,395,398
928,412,408
928,398,387
928,410,412
928,923,929
931,415,413
931,418,416
931,416,415
931,411,928
931,928,930
931,413,411
932,418,931
932,931,930
932,420,418
933,420,932
933,930,934
933,932,930
935,420,933
935,933,934
936,935,934
936,422,420
936,420,935
937,422,936
937,936,934
938,422,937
938,937,934
939,938,934
939,422,938
940,422,939
940,939,934
941,422,940
941,424,422
941,940,934
942,941,934
942,424,941
943,924,920
943,920,369
944,424,942
944,942,934
945,424,944
945,944,934
946,945,934
946,424,945
947,946,934
947,424,946
948,947,934
948,424,947
949,424,948
949,426,424
949,948,934
950,426,949
950,949,934
951,426,950
951,950,934
952,426,951
952,951,934
953,952,934
953,426,952
954,953,934
954,426,953
955,426,954
955,954,934
956,426,955
956,955,934
956,427,426
957,956,934
957,427,956
958,934,959
958,957,934
958,427,957
960,427,958
960,958,959
961,427,960
961,960,959
962,429,427
962,961,959
962,427,961
962,959,963
964,962,963
964,431,429
964,429,962
964,965,966
964,963,965
967,968,969
967,970,971
967,432,431
967,971,968
967,964,966
967,966,972
967,972,973
967,973,974
967,975,970
967,431,964
967,974,976
967,976,977
967,977,975
978,979,980
978,969,981
978,981,982
978,982,979
978,983,984
978,980,983
978,985,986
978,432,967
978,987,985
978,434,432
978,967,969
978,984,987
988,978,986
988,989,990
988,986,989
988,991,992
988,990,991
988,434,978
993,994,995
993,437,436
993,995,996
993,438,437
993,439,438
993,440,439
993,441,440
993,442,441
993,997,994
993,434,988
993,992,998
993,998,999
993,436,434
993,999,1000
993,1000,1001
993,1001,1002
993,1002,1003
993,1003,997
993,988,992
1004,897,896
1004,151,150
1004,152,151
1004,5,337
1004,899,898
1004,153,152
1004,898,897
1004,148,5
1004,147,148
1004,337,899
1004,149,147
1004,150,149
1005,914,913
1005,913,915
1006,366,357
1006,1007,366
1008,915,919
1008,1005,915
1008,919,1009
1010,1011,1005
1010,1005,1008
1012,345,350
1013,65,66
1013,361,65
1014,364,363
1014,363,365
1015,435,442
1016,1017,1018
1019,361,1013
1019,365,361
1020,1021,1022
1023,1016,1018
1024,1018,1025
1024,1023,1018
1026,1024,1025
1027,1026,1025
1027,1025,1028
1029,1027,1028
1030,1029,1028
1031,1030,1028
1032,1031,1028
1033,1032,1028
1034,1033,1028
1035,1034,1028
1036,1035,1028
1037,1028,1038
1037,1036,1028
1039,1037,1038
1040,1039,1038
1041,1040,1038
1042,1041,1038
1043,1042,1038
1044,1043,1038
1045,1044,1038
1046,1038,1047
1046,1045,1038
1048,1046,1047
1049,1050,1015
1049,1015,1051
1052,1048,1047
1053,1052,1047
1054,1047,1055
1054,1053,1047
1056,1024,1026
1056,1023,1024
1056,1027,1029
1056,1029,1030
1056,1026,1027
1056,1033,1034
1056,1031,1032
1056,1022,1016
1056,1032,1033
1056,1030,1031
1056,1016,1023
1056,1020,1022
1057,1054,1055
1058,1057,1055
1059,1055,1060
1059,1058,1055
1061,1049,1051
1062,1060,1063
1062,1059,1060
1064,1061,1051
1065,1063,1066
1065,1062,1063
1067,1065,1066
1067,1066,1068
1069,1034,1035
1069,1041,1042
1069,1044,1045
1069,1056,1034
1069,1039,1040
1069,1043,1044
1069,1045,1046
1069,1036,1037
1069,1040,1041
1069,1042,1043
1069,1053,1054
1069,1052,1053
1069,1048,1052
1069,1046,1048
1069,1035,1036
1069,1037,1039
1070,1069,1054
1070,1054,1057
1070,1057,1058
1071,1067,1068
1072,1068,1073
1072,1071,1068
1074,1058,1059
1074,1070,1058
1075,1074,1059
1076,1075,1059
1076,1059,1062
1077,1072,1073
1078,1073,1079
1078,1077,1073
1080,1076,1062
1081,1080,1062
1082,1081,1062
1083,1082,1062
1084,1083,1062
1085,1084,1062
1086,1085,1062
1087,1086,1062
1087,1062,1065
1088,1087,1065
1089,1078,1079
1090,1088,1065
1091,1090,1065
1092,1091,1065
1093,1092,1065
1094,1093,1065
1095,1094,1065
1096,1095,1065
1097,1096,1065
1098,1097,1065
1099,1079,1100
1099,1089,1079
1101,1065,1067
1101,1098,1065
1102,1049,1061
1102,445,444
1102,444,1103
1104,1013,66
1105,1101,1067
1106,1105,1067
1107,1106,1067
1107,1067,1071
1108,1099,1100
1108,1100,1109
1108,1109,1110
1111,1107,1071
1112,1111,1071
1113,1071,1072
1113,1112,1071
1114,1108,1110
1114,1110,1115
1116,1014,1117
1116,1118,1014
1116,1119,1118
1120,1072,1077
1120,1113,1072
1121,1114,1115
1121,1115,1122
1123,465,454
1123,445,1102
1123,1102,1061
1123,1061,1064
1123,454,445
1124,1120,1077
1124,1077,1078
1125,1013,1104
1125,1104,1126
1125,1019,1013
1127,1121,1122
1127,1122,1128
1127,1128,1129
1127,1129,1130
1131,1078,1089
1131,1124,1078
1132,1131,1089
1132,1089,1099
1133,1099,1108
1133,1132,1099
1134,1133,1108
1135,1136,1137
1135,1138,1136
1135,1012,1138
1139,1134,1108
1139,1108,1114
1140,1114,1121
1140,1139,1114
1141,1140,1121
1142,1121,1127
1142,1141,1121
1143,1142,1127
1144,1143,1127
1145,1144,1127
1146,1145,1127
1147,1146,1127
1148,1147,1127
1149,1127,1130
1149,1150,1151
1149,1152,1150
1149,1148,1127
1149,469,1152
1149,446,469
1149,1130,1103
1149,444,446
1149,1103,444
1153,1125,1126
1153,1019,1125
1154,1119,525
1154,525,524
1155,1019,1153
1155,1014,365
1155,1117,1014
1155,365,1019
1156,535,527
1156,1119,1116
1156,525,1119
1156,527,526
1156,526,525
1157,480,465
1157,530,480
1157,1154,524
1157,524,530
1158,1153,1126
1158,1117,1155
1158,1155,1153
1159,1117,1158
1160,1161,468
1162,1160,468
1163,1162,468
1164,1163,468
1165,1164,468
1166,1165,468
1167,1166,468
1168,468,470
1168,1167,468
1169,1168,470
1170,1169,470
1170,470,471
1170,471,472
1171,1172,1161
1173,1171,1161
1174,1170,472
1174,472,473
1175,1173,1161
1176,1175,1161
1177,1176,1161
1178,1174,473
1178,473,474
1178,474,475
1179,1177,1161
1180,1179,1161
1181,1180,1161
1182,1181,1161
1183,1182,1161
1184,1183,1161
1185,1184,1161
1186,1185,1161
1187,1186,1161
1188,475,476
1188,1178,475
1188,476,477
1188,477,478
1188,478,481
1189,1187,1161
1190,1189,1161
1191,1190,1161
1192,1191,1161
1193,1192,1161
1194,1193,1161
1195,1194,1161
1196,482,483
1196,483,484
1196,1188,481
1196,481,482
1197,484,485
1197,1196,484
1198,1195,1161
1199,485,486
1199,1197,485
1200,1198,1161
1201,1200,1161
1202,1201,1161
1203,1202,1161
1204,1203,1161
1205,514,515
1205,516,517
1205,517,518
1205,486,487
1205,487,488
1205,488,489
1205,489,490
1205,490,491
1205,491,492
1205,492,493
1205,493,494
1205,494,495
1205,495,496
1205,496,497
1205,497,498
1205,498,499
1205,499,500
1205,500,501
1205,501,502
1205,502,503
1205,503,504
1205,504,506
1205,506,507
1205,507,508
1205,515,516
1205,508,509
1205,509,510
1205,510,511
1205,511,512
1205,1199,486
1205,512,513
1205,513,514
1206,1204,1161
1207,1206,1161
1208,1207,1161
1209,1208,1161
1210,1209,1161
1211,1210,1161
1212,1211,1161
1213,1212,1161
1214,1213,1161
1215,1214,1161
1216,1215,1161
1217,538,535
1217,1159,1158
1217,541,538
1217,1158,1126
1218,1216,1161
1219,1218,1161
1220,1219,1161
1221,1220,1161
1222,1221,1161
1223,1161,1160
1223,1222,1161
1224,1196,1197
1224,1168,1169
1224,1199,1205
1224,1178,1188
1224,1169,1170
1224,1188,1196
1224,1166,1167
1224,1160,1162
1224,1170,1174
1224,1223,1160
1224,1164,1165
1224,1162,1163
1224,1174,1178
1224,1197,1199
1224,1163,1164
1224,1165,1166
1224,1167,1168
1225,518,519
1225,519,520
1225,1205,518
1225,520,522
1225,522,528
1225,528,529
1225,529,532
1225,532,533
1226,1225,533
1227,533,536
1227,536,537
1227,1226,533
1228,1224,1205
1228,1205,1225
1229,4,285
1229,285,288
1229,288,290
1230,1225,1226
1230,1226,1227
1230,1228,1225
1231,1230,1227
1232,1231,1227
1233,537,544
1233,1227,537
1233,1232,1227
1234,1229,290
1235,541,1217
1235,552,541
1235,1236,552
1235,1237,1236
1235,1238,1237
1235,1217,1126
1235,1239,1238
1235,1126,1239
1240,1241,1242
1240,1243,1244
1240,1245,1243
1240,1244,1246
1240,1246,1241
1240,1247,1248
1240,1248,1245
1249,1250,1251
1249,1252,1250
1249,1253,1254
1249,1255,1253
1249,1256,1257
1249,1257,1258
1249,1258,1252
1249,1254,1256
1249,1251,1259
1249,1260,1261
1249,1259,1262
1249,1262,1263
1249,1263,1264
1249,1265,1260
1249,1264,1266
1249,1266,1265
1267,554,1249
1267,555,554
1267,1249,1261
1268,555,1267
1268,1267,1261
1269,559,555
1269,555,1268
1269,1268,1261
1270,560,559
1270,559,1269
1270,1269,1261
1271,560,1270
1271,1270,1261
1272,561,560
1272,560,1271
1272,1271,1261
1273,1272,1261
1273,561,1272
1274,562,561
1274,561,1273
1274,563,562
1274,564,563
1274,565,564
1274,1273,1261
1274,566,565
1274,567,566
1274,568,567
1274,569,568
1274,570,569
1274,571,570
1274,572,571
1274,578,572
1275,544,545
1275,545,547
1275,1233,544
1275,547,549
1275,1276,1233
1277,1278,1279
1277,1279,1280
1281,1278,1277
1281,1282,1278
1283,1284,1282
1283,1282,1281
1283,1281,1285
1286,1283,1285
1286,1284,1283
1286,1287,1284
1288,1289,1290
1291,1286,1285
1291,1287,1286
1291,1292,1287
1293,1292,1291
1294,1295,1296
1294,1296,1297
1294,1297,1298
1294,1299,1300
1294,1298,1299
1301,1294,1300
1302,1303,1304
1305,1300,1280
1305,1301,1300
1306,1307,1308
1309,1295,1294
1309,1242,1310
1309,1305,575
1309,575,574
1309,1240,1242
1309,1294,1301
1309,1301,1305
1309,1310,1295
1311,1312,1307
1311,1307,1306
1313,1312,1311
1313,1314,1315
1316,1312,1313
1316,1313,1315
1316,1317,1312
1316,1315,1318
1319,1317,1316
1319,1316,1318
1320,1317,1319
1320,1318,1321
1320,1319,1318
1320,1322,1317
1323,1320,1321
1323,1322,1320
1324,1275,549
1324,1276,1275
1324,549,550
1325,1322,1323
1325,1326,1327
1325,1323,1321
1325,1328,1322
1325,1321,1326
1329,1330,1331
1329,1331,1332
1329,1325,1327
1329,1327,1330
1333,1334,1335
1336,1329,1332
1336,1332,1337
1338,1339,1335
1338,1340,1341
1338,1334,1340
1338,1335,1334
1338,1342,1339
1338,1343,1342
1344,1336,1337
1345,1346,1347
1348,1345,1347
1349,1350,1351
1349,1344,1337
1349,1337,1350
1352,1353,1354
1352,1355,1356
1352,1347,1353
1352,1354,1355
1352,1356,1357
1352,1348,1347
1358,1349,1351
1358,1351,1359
1360,1361,1362
1363,1360,1362
1364,1365,1366
1364,1366,1367
1364,1368,1369
1364,1370,1371
1364,1371,1372
1364,1372,1373
1364,1374,1365
1364,1373,1374
1364,1367,1368
1364,1369,1375
1376,1363,1362
1376,1362,1377
1378,1377,1345
1378,1376,1377
1378,1348,1352
1378,1345,1348
1379,1276,1324
1380,1288,1276
1380,1381,1288
1380,1276,1379
1380,609,1381
1382,1383,1384
1385,1378,1352
1386,1380,1379
1386,609,1380
1386,1379,1387
1388,1381,609
1389,1390,1391
1389,1392,1343
1389,1393,1390
1389,1391,1394
1389,1395,1393
1389,1394,1392
1389,1343,1338
1389,1396,1397
1389,1397,1398
1389,1398,1399
1389,1399,1395
1389,1338,1341
1400,586,1401
1400,1402,1403
1400,1401,1402
1400,1403,1404
1400,1404,1405
1400,585,586
1400,1406,585
1400,1407,1408
1400,1409,1406
1400,1408,1409
1410,1396,1389
1410,1411,1396
1410,1412,1411
1413,1414,1415
1413,1415,1416
1417,1412,1410
1417,1418,1412
1419,1418,1417
1420,1413,1416
1420,1416,1421
1422,1418,1419
1423,1420,1421
1424,1423,1421
1425,1424,1421
1426,1425,1421
1427,1426,1421
1428,1427,1421
1429,1428,1421
1430,1431,1388
1430,1388,609
1432,551,552
1432,550,551
1432,1433,1387
1434,1435,1436
1434,1437,1438
1434,593,1439
1434,1436,587
1434,587,593
1434,1439,1437
1434,1438,1440
1441,576,579
1442,1443,1444
1445,577,1431
1445,608,622
1445,1431,1430
1446,1447,1448
1449,1450,1446
1449,1446,1448
1451,1449,1448
1451,1450,1449
1452,1453,1454
1452,603,602
1452,604,603
1452,1451,1448
1452,1450,1451
1452,1455,1450
1452,602,1453
1452,1448,1442
1452,1454,1455
1456,1391,1390
1456,1335,1339
1456,1343,1392
1456,1390,1393
1456,1394,1391
1456,594,587
1456,1457,1458
1456,1459,1457
1456,1460,1459
1456,1461,1460
1456,587,1335
1456,1392,1394
1456,1458,1462
1456,1339,1342
1456,1462,594
1456,1342,1343
1463,1430,609
1463,608,1445
1463,609,608
1463,1445,1430
1464,1441,579
1464,580,581
1464,581,583
1464,579,580
1464,583,584
1465,577,1445
1465,1445,622
1466,609,1386
1466,1386,1387
1466,611,610
1466,610,609
1467,1442,1444
1467,604,1452
1467,1452,1442
1468,1441,1464
1469,1470,1433
1469,552,1236
1469,1236,1237
1469,1432,552
1469,1433,1432
1471,1465,622
1472,1473,1474
1472,606,604
1472,1475,1473
1472,1476,1475
1472,1477,606
1472,604,1467
1472,1474,1477
1478,1444,1471
1479,1480,1481
1479,601,605
1479,605,606
1479,1481,1482
1479,1482,601
1483,1387,1433
1483,1466,1387
1484,1478,1471
1484,1485,1486
1484,1487,1485
1484,1488,1487
1484,1489,1488
1484,1490,1489
1484,1491,1492
1484,1492,1478
1484,1486,1491
1484,1471,622
1493,1483,1433
1494,1476,1472
1494,1492,1491
1494,1472,1492
1495,615,1496
1495,1496,1497
1498,1474,1473
1498,1473,1475
1498,1475,1476
1498,606,1477
1498,1477,1474
1498,1479,606
1499,589,588
1499,596,595
1499,590,589
1499,598,597
1499,595,598
1499,600,599
1499,599,1500
1499,597,600
1499,588,596
1499,1500,1501
1502,1483,1493
1502,1466,1483
1502,612,611
1502,611,1466
1503,1494,1491
1503,1476,1494
1504,1497,1505
1506,1470,1469
1506,1237,1238
1506,1238,69
1506,69,70
1506,70,1470
1506,1469,1237
1507,1502,1493
1507,1493,1433
1508,1498,1476
1508,1509,1498
1510,1511,1512
1513,1476,1503
1513,1503,1491
1513,1508,1476
1513,1510,1514
1513,1515,1508
1513,1514,1515
1516,1517,1509
1518,1519,1520
1521,1499,1501
1522,1518,1520
1523,631,1490
1523,1484,622
1523,1490,1484
1523,622,621
1523,621,629
1524,1525,1521
1526,1524,1521
1527,1526,1521
1528,1527,1521
1529,1530,1516
1531,1532,1533
1534,1532,1529
1535,1523,629
1535,631,1523
1535,632,631
1535,629,634
1535,634,632
1536,1532,1534
1536,1533,1532
1536,1537,1533
1538,633,635
1538,1536,1534
1538,1539,1512
1538,1512,1511
1538,1511,1540
1538,1540,1541
1538,1541,1542
1538,1542,633
1543,636,3
1544,636,1543
1544,1543,3
1545,636,1544
1545,637,636
1545,1544,3
1546,637,1545
1546,1545,3
1547,638,637
1547,1546,3
1547,637,1546
1548,1547,3
1548,638,1547
1549,1548,3
1549,638,1548
1550,638,1549
1550,1549,3
1550,639,638
1551,1550,3
1551,639,1550
1552,639,1551
1552,1551,3
1552,641,639
1553,1552,3
1553,641,1552
1554,1553,3
1554,641,1553
1554,642,641
1555,642,1554
1556,642,1555
1556,644,642
1557,644,1556
1558,644,1557
1559,645,644
1559,644,1558
1560,645,1559
1561,645,1560
1562,645,1561
1562,1563,645
1564,1563,1562
1565,1563,1564
1566,1567,1568
1566,1568,1569
1566,1570,1567
1566,1569,1571
1566,1571,1563
1566,1563,1565
1572,1536,1538
1572,1538,635
1572,1537,1536
1573,70,71
1573,1470,70
1574,1575,1576
1577,1578,1579
1577,1580,1581
1577,1582,1580
1577,1583,1582
1577,635,1583
1577,1572,635
1577,1581,1578
1577,1584,1585
1577,1579,1584
1586,1537,1572
1586,1577,1585
1586,1572,1577
1587,1588,1589
1587,1590,1537
1587,1591,1590
1587,1592,1591
1587,1537,1586
1587,1593,1592
1587,1594,1593
1587,1589,1594
1595,1588,1587
1595,1587,1586
1596,1595,1586
1597,1596,1586
1598,1597,1586
1599,1598,1586
1599,1586,1585
1599,1585,1584
1600,1574,1601
1602,1603,1604
1605,632,646
1605,1583,635
1605,635,632
1606,1607,1608
1606,1608,1609
1610,1609,1611
1610,1611,1612
1610,1612,1613
1610,1606,1609
1614,1602,1604
1615,1589,1588
1615,1616,1617
1615,1617,1610
1615,1618,1616
1615,1619,1618
1615,1620,1619
1615,1621,1620
1615,1613,1590
1615,1590,1591
1615,1591,1592
1615,1592,1593
1615,1610,1613
1615,1593,1594
1615,1594,1589
1622,1579,1578
1622,1581,1580
1622,1580,1582
1622,1582,1583
1622,1599,1584
1622,1578,1581
1622,1584,1579
1623,1583,1605
1623,1605,646
1624,1617,1616
1624,1610,1617
1624,1621,1615
1624,1616,1618
1624,1618,1619
1624,1619,1620
1624,1620,1621
1624,1606,1610
1625,1624,1615
1626,1625,1615
1627,1626,1615
1628,1627,1615
1629,1628,1615
1630,1629,1615
1631,1630,1615
1632,1622,1583
1632,1583,1623
1632,1633,1622
1632,688,1633
1632,646,688
1632,1623,646
1634,1631,1615
1634,1633,688
1634,688,690
1634,690,1631
1635,1636,1637
1638,1639,686
1638,1640,1639
1638,686,680
1641,654,657
1641,1642,1643
1641,1643,1644
1641,653,654
1641,651,653
1645,188,183
1645,1646,1644
1645,183,182
1647,1642,1641
1647,1641,657
1648,1642,1647
1648,1647,657
1649,1637,1636
1649,690,689
1649,1636,690
1650,1642,1648
1650,1648,657
1651,657,672
1651,672,673
1651,673,674
1651,1650,657
1651,675,678
1651,1642,1650
1651,674,675
1652,1653,1635
1654,1640,1638
1654,1638,692
1655,692,691
1656,1643,1642
1656,191,188
1656,188,1645
1656,1644,1643
1656,192,191
1656,196,192
1656,1645,1644
1657,197,196
1657,1656,1642
1657,196,1656
1658,1654,692
1658,692,1655
1659,197,1657
1659,1657,1642
1660,1652,1661
1662,678,681
1662,683,682
1662,685,684
1662,681,683
1662,684,686
1662,686,1639
1662,1639,1640
1662,1651,678
1662,682,685
1663,1664,206
1663,202,197
1663,197,1659
1663,206,205
1663,1659,1642
1663,205,202
1665,695,1662
1665,1662,1640
1666,695,1665
1666,1665,1640
1667,695,1666
1667,1666,1640
1668,695,1667
1668,1667,1640
1669,695,1668
1669,1668,1640
1670,1654,1658
1670,1640,1654
1671,696,695
1671,700,699
1671,1640,1670
1671,699,696
1671,695,1669
1671,1669,1640
1671,697,700
1672,1649,689
1673,1674,1675
1676,1677,1664
1676,1678,1677
1676,1679,1678
1676,1664,1663
1680,698,697
1680,701,698
1680,697,1671
1680,702,701
1680,1671,1670
1680,710,707
1680,707,702
1681,1673,1675
1681,1675,1682
1683,1684,1679
1683,1676,695
1683,1679,1676
1683,694,704
1683,695,694
1683,704,1684
1685,1660,1661
1685,1661,1686
1685,1687,1660
1688,1685,1686
1688,1687,1685
1689,1690,1672
1689,689,687
1689,1672,689
1689,687,75
1691,1692,1688
1691,1688,1686
1693,1694,1695
1693,1695,1696
1697,1696,1698
1697,1693,1696
1699,198,200
1699,295,189
1699,194,198
1699,189,194
1700,717,716
1700,1701,1702
1703,200,203
1703,203,208
1703,1699,200
1703,720,1704
1703,208,720
1705,1706,1690
1707,1708,1701
1707,1700,716
1707,1701,1700
1709,714,715
1709,1710,1711
1709,1711,712
1709,712,714
1712,716,718
1713,1714,749
1715,1716,1717
1715,1710,1709
1715,1709,1718
1715,1719,1710
1715,1720,1719
1715,1718,1716
1721,1722,295
1723,1724,1725
1723,1726,1727
1723,1720,1715
1723,1715,1717
1723,1725,1720
1723,1717,1726
1728,733,732
1728,734,726
1728,735,734
1728,736,735
1728,737,736
1728,738,737
1728,75,733
1728,732,738
1729,1721,1704
1729,1704,720
1729,1722,1721
1730,720,719
1730,1729,720
1730,1722,1729
1730,719,721
1731,1724,1723
1731,1727,1732
1731,1723,1727
1733,1707,716
1734,1724,1731
1734,1732,1735
1734,1731,1732
1734,1736,1724
1737,722,295
1737,295,1722
1738,1734,1735
1738,1736,1734
1739,1713,749
1739,1712,1713
1740,1738,1735
1740,1736,1738
1741,1742,1733
1741,1733,716
1741,1712,1739
1741,1743,1744
1741,1745,1742
1741,1744,1745
1741,716,1712
1741,1746,1743
1747,743,1748
1747,744,743
1747,1749,1708
1747,741,740
1747,1750,741
1747,1748,1750
1751,1733,1742
1751,1707,1733
1751,1708,1707
1752,1747,1708
1752,1708,1751
1752,744,1747
1753,722,1737
1753,723,722
1753,721,723
1753,1722,1730
1753,1730,721
1753,1737,1722
1754,1739,749
1754,1755,1756
1754,1756,1757
1754,749,745
1754,745,1755
1754,1757,1746
1754,1746,1741
1754,1741,1739
1758,1759,744
1758,1760,1759
1758,1751,1742
1758,1752,1751
1758,744,1752
1761,1762,1763
1764,1765,739
1764,1766,1765
1764,1767,1766
1768,1761,1763
1769,1770,1764
1769,1768,1763
1769,1763,1770
1771,744,1759
1771,1748,743
1771,739,741
1771,743,742
1771,755,744
1771,754,755
1771,742,754
1771,741,1750
1771,1750,1748
1772,1759,1760
1772,1773,1771
1772,1771,1759
1774,1771,1773
1774,739,1771
1775,1774,1773
1776,1774,1775
1777,1773,1772
1777,1772,1778
1777,1775,1773
1777,1778,1779
1780,757,1781
1782,1783,1784
1782,1784,1785
1782,1785,1786
1782,1787,1788
1782,1788,1783
1782,1786,1787
1789,1784,1783
1790,1778,1780
1790,1779,1778
1790,1780,1781
1791,1788,1787
1792,1789,1783
1793,1794,1795
1796,1795,1792
1796,1793,1795
1797,1796,1792
1798,1797,1792
1799,1779,1800
1799,1791,1779
1801,1797,1798
1801,1798,1802
1803,1799,1800
1803,1791,1799
1803,1788,1791
1804,76,825
1804,75,76
1805,1781,1806
1805,1790,1781
1807,1788,1803
1808,1807,1803
1808,1809,1807
1810,1804,825
1810,825,1806
1810,757,756
1810,756,1811
1810,1811,1804
1810,1806,1781
1810,1781,757
1812,1805,1806
1812,1790,1805
1812,1779,1790
1813,1814,1815
1816,1814,1813
1817,1814,1816
1818,1814,1817
1818,1817,1801
1818,1801,1802
1819,1818,1802
1819,1802,1820
1821,1800,1779
1821,764,766
1821,1812,1806
1821,1779,1812
1822,1814,1818
1822,1818,1819
1823,1809,1808
1824,1819,1820
1824,1825,1822
1824,760,1825
1824,1822,1819
1824,1820,759
1824,759,760
1826,1823,313
1826,1809,1823
1827,760,761
1827,1825,760
1827,761,763
1828,1809,1826
1828,1802,1809
1828,1820,1802
1829,1830,1827
1829,1827,763
1829,1831,1832
1829,1832,1830
1829,1833,1831
1834,1828,1826
1834,1826,313
1835,1828,1834
1835,1820,1828
1835,759,1820
1836,1837,1838
1839,1836,1840
1841,310,300
1841,1835,1834
1841,1834,313
1841,759,1835
1841,313,310
1841,300,759
1842,1843,1844
1842,1844,1845
1842,1845,1846
1847,1842,1846
1848,762,767
1849,314,313
1849,765,314
1850,1806,825
1850,1821,1806
1850,764,1821
1851,1852,1853
1854,1848,767
1855,1851,1853
1856,1855,1853
1857,1856,1853
1858,1857,1853
1859,1858,1853
1860,769,1859
1860,768,769
1861,1856,1857
1861,1857,1858
1861,1858,1859
1861,1859,769
1862,768,1860
1862,1860,1854
1862,767,768
1862,1854,767
1863,764,1850
1863,1850,825
1864,773,772
1865,771,776
1865,1866,1867
1865,772,771
1865,1867,772
1868,1869,1870
1868,1870,1871
1872,782,781
1872,770,782
1872,781,1868
1872,1868,1871
1873,774,775
1873,778,777
1873,775,778
1874,776,774
1875,774,1873
1875,780,784
1875,777,780
1875,1873,777
1876,1875,784
1877,1865,776
1878,94,1879
1880,786,787
1880,783,785
1880,785,786
1881,789,1882
1881,1880,787
1881,788,789
1881,787,788
1883,792,790
1884,792,1883
1885,1886,1883
1885,94,1878
1885,1878,1887
1885,95,94
1885,96,95
1885,1887,1888
1885,97,96
1885,1888,1886
1889,1883,790
1889,1885,1883
1889,97,1885
1889,790,99
1889,98,97
1889,99,98
1890,301,819
1890,1882,789
1890,302,301
1890,789,302
1891,811,819
1891,119,118
1891,120,119
1891,121,120
1891,118,811
1891,823,121
1891,819,823
1892,825,824
1892,764,1863
1892,1863,825
1893,765,764
1893,314,765
1894,1892,824
1894,764,1892
1894,1893,764
1895,1893,1894
1896,314,1893
1896,1893,1895
1896,326,314
1897,1896,1895
1897,1894,824
1897,1895,1894
1897,824,827
1898,332,326
1898,1896,1897
1898,1897,827
1898,827,332
1898,326,1896
1899,6,7
1899,829,6
1899,7,836
1899,836,829
1900,9,10
1900,10,11
1901,9,1900
1902,8,9
1902,857,841
1902,858,857
1902,841,8
1902,859,858
1903,1902,9
1903,9,1901
1903,859,1902
1904,49,50
1904,50,51
1904,51,52
1905,54,862
1905,862,865
1905,52,53
1905,53,54
1905,1904,52
1906,837,842
1906,878,844
1906,838,837
1906,844,839
1906,839,840
1906,840,838
1907,878,1906
1907,1906,842
1908,1905,865
1909,878,1907
1909,1907,842
1910,1909,842
1910,878,1909
1911,843,894
1911,1910,842
1911,878,1910
1911,888,878
1911,894,888
1911,842,843
1912,1913,1914
1912,1915,1916
1912,1917,1918
1912,1919,1915
1912,1914,1920
1912,1921,1919
1912,1922,1913
1912,1920,1921
1912,1918,1923
1912,1923,1922
1912,1924,1925
1912,1925,1926
1912,1927,1928
1912,1928,1917
1912,1929,1930
1912,1926,1927
1912,1931,1924
1912,1932,1933
1912,1930,1931
1912,1934,1935
1912,1935,1932
1912,1933,1929
1912,1936,1934
1937,1936,1912
1937,1908,865
1937,335,1936
1938,868,1939
1940,1941,1942
1943,1944,1945
1946,1947,1943
1946,1943,1945
1948,1947,1946
1948,1946,1945
1949,1948,1945
1949,1947,1948
1949,1945,1950
1951,1950,1952
1951,1947,1949
1951,1949,1950
1953,1951,1952
1953,1916,1915
1953,1947,1951
1953,1952,1916
1954,334,1955
1954,1914,1913
1954,1918,1917
1954,1915,1919
1954,1920,1914
1954,1919,1921
1954,1913,1922
1954,1921,1920
1954,335,334
1954,1923,1918
1954,1922,1923
1954,1925,1924
1954,1926,1925
1954,1928,1927
1954,1917,1928
1954,1930,1929
1954,1927,1926
1954,1924,1931
1954,1933,1932
1954,1953,1915
1954,1931,1930
1954,1935,1934
1954,1932,1935
1954,1929,1933
1954,1934,1936
1954,1936,335
1954,1947,1953
1956,336,335
1956,865,864
1956,335,1937
1956,864,876
1956,1937,865
1957,875,860
1957,1958,1959
1957,893,875
1957,860,1958
1960,1957,1959
1961,1962,1963
1964,1962,1961
1965,1962,1964
1966,1962,1965
1967,1962,1966
1968,1962,1967
1969,1962,1968
1970,1957,1960
1971,1962,1969
1972,1962,1971
1973,1962,1972
1974,1975,1962
1974,1962,1973
1976,1975,1974
1977,1975,1976
1978,1975,1977
1979,1975,1978
1980,1975,1979
1981,1975,1980
1982,1975,1981
1983,1975,1982
1984,1975,1983
1985,1975,1984
1986,1975,1985
1987,1986,1947
1987,1975,1986
1988,1987,1947
1988,1975,1987
1989,1975,1988
1989,1988,1947
1990,1991,1992
1990,1993,1994
1990,1995,1996
1990,1997,1998
1990,1954,1955
1990,1999,1997
1990,1955,1999
1990,1947,1954
1990,2000,2001
1990,2002,2003
1990,1998,2004
1990,2001,2005
1990,2006,2000
1990,2005,1993
1990,2007,1975
1990,2004,1991
1990,2008,2006
1990,2009,2008
1990,2010,2009
1990,2011,2010
1990,2012,2011
1990,2013,2012
1990,2014,2013
1990,2015,2014
1990,2016,2015
1990,2017,2016
1990,2018,2017
1990,1996,2007
1990,2003,1995
1990,2019,2018
1990,2020,2019
1990,2021,2020
1990,2022,2021
1990,2023,2022
1990,2024,2023
1990,2025,2024
1990,1989,1947
1990,2026,2025
1990,1975,1989
1990,2027,2002
1990,1992,2026
1990,1994,2027
2028,900,901
2028,62,900
2028,60,61
2028,61,62
2028,873,60
2029,891,874
2029,873,2028
2029,2028,901
2029,874,873
2030,877,892
2031,2030,892
2032,870,877
2032,877,2030
2032,871,870
2033,876,891
2034,2030,2031
2034,2032,2030
2035,2029,901
2035,901,2036
2035,2033,891
2035,2036,2033
2035,891,2029
2037,2034,2031
2037,2031,2038
2039,871,2032
2040,1956,876
2040,336,1956
2041,2040,876
2041,876,2033
2042,2036,2043
2042,2033,2036
2042,2043,2041
2042,2041,2033
2044,871,2039
2045,2044,2039
2046,894,871
2046,906,894
2046,871,2044
2047,2040,2041
2047,336,2040
2047,2041,2043
2048,2049,903
2048,903,902
2050,2051,2048
2050,2048,902
2052,906,2046
2053,2043,2054
2053,2047,2043
2053,2055,2047
2056,2057,2058
2056,2059,2060
2056,2061,2062
2056,2063,2064
2056,2065,2066
2056,2066,2067
2056,2068,2069
2056,2062,2065
2056,2069,2070
2056,2070,2061
2056,2060,2068
2056,2071,2072
2056,2073,2059
2056,2074,2073
2056,2075,2071
2056,2072,2074
2056,2076,2075
2056,904,2077
2056,2078,2076
2056,905,904
2056,2079,2078
2056,2080,905
2056,2081,2080
2056,2082,2081
2056,2083,2082
2056,2084,2079
2056,2085,2083
2056,2086,2084
2056,2087,2085
2056,2088,2087
2056,2089,2088
2056,2077,2086
2056,2090,2089
2056,2091,2090
2056,2092,2091
2056,2093,2092
2056,2094,2093
2056,2095,2094
2056,2067,2063
2056,2058,2095
2056,2064,2057
2096,2054,917
2096,2053,2054
2096,2055,2053
2096,917,916
2097,906,2052
2097,2052,2098
2099,2043,2036
2100,2036,901
2100,901,362
2100,2099,2036
2100,362,364
2101,2071,2075
2101,2075,2076
2101,2076,2078
2101,2078,2079
2101,2079,2084
2101,2084,2086
2102,2101,2086
2102,916,912
2102,2086,916
2103,2058,2057
2103,2060,2059
2103,2062,2061
2103,2064,2063
2103,914,2104
2103,2066,2065
2103,2067,2066
2103,2069,2068
2103,2065,2062
2103,2070,2069
2103,2101,2102
2103,2061,2070
2103,2068,2060
2103,2072,2071
2103,2059,2073
2103,2073,2074
2103,2074,2072
2103,2102,912
2103,2087,2088
2103,912,914
2103,2088,2089
2103,2071,2101
2103,2089,2090
2103,2090,2091
2103,2091,2092
2103,2092,2093
2103,2093,2094
2103,2094,2095
2103,2063,2067
2103,2095,2058
2103,2057,2064
2105,2099,2100
2105,2100,364
2106,2054,2043
2106,2099,2105
2106,2043,2099
2107,356,355
2107,359,358
2107,348,906
2107,358,356
2107,355,348
2108,2109,2110
2111,890,344
2111,889,890
2112,923,922
2113,2105,364
2113,2054,2106
2113,2106,2105
2113,1014,1118
2113,364,1014
2113,1118,2054
2114,2115,2116
2114,927,359
2114,2116,927
2117,917,2054
2117,918,917
2117,2054,1118
2118,2114,2119
2118,2115,2114
2118,2120,2115
2121,2112,2108
2122,930,929
2122,2112,2121
2122,923,2112
2122,929,923
2123,930,2122
2123,934,930
2123,2122,2121
2124,2125,2126
2124,2127,2125
2128,2123,2121
2128,934,2123
2128,2121,2129
2128,959,934
2128,963,959
2130,2131,2132
2130,909,910
2130,2133,896
2130,908,909
2130,896,895
2130,895,907
2130,2132,2133
2130,907,908
2130,910,911
2134,924,943
2134,943,2135
2136,2131,2130
2136,2130,911
2137,918,2117
2137,2117,1118
2138,2131,2136
2138,2136,911
2138,911,2139
2140,995,994
2140,969,968
2140,971,970
2140,980,979
2140,981,969
2140,982,981
2140,996,995
2140,979,982
2140,984,983
2140,983,980
2140,986,985
2140,990,989
2140,985,987
2140,989,986
2140,992,991
2140,2141,2142
2140,991,990
2140,2128,2129
2140,2142,2143
2140,994,997
2140,998,992
2140,999,998
2140,1000,999
2140,966,965
2140,2129,2141
2140,1001,1000
2140,2143,2144
2140,963,2128
2140,965,963
2140,1002,1001
2140,968,971
2140,1003,1002
2140,972,966
2140,973,972
2140,997,1003
2140,974,973
2140,970,975
2140,976,974
2140,987,984
2140,977,976
2140,975,977
2145,2140,2144
2146,2140,2145
2147,1005,1011
2147,996,2140
2147,914,1005
2147,2140,2146
2148,2138,2139
2148,2131,2138
2149,2150,2151
2149,2152,2153
2149,2153,2154
2149,2131,2148
2149,2148,2139
2149,2154,2155
2149,2155,2156
2149,2157,2150
2149,2151,2152
2149,2139,2157
2158,2159,925
2160,925,2159
2160,926,925
2160,2159,2161
2162,2159,2158
2163,2160,2161
2163,926,2160
2164,918,2137
2164,1119,1009
2164,919,918
2164,2137,1118
2164,1118,1119
2164,1009,919
2165,943,369
2165,2135,943
2166,926,2163
2166,360,926
2166,357,360
2166,1006,357
2167,2161,2159
2168,2163,2161
2168,2166,2163
2169,2161,2167
2170,2171,2172
2170,2172,2173
2174,2175,2176
2174,2165,369
2174,2177,2178
2174,2176,2179
2174,2180,2181
2174,2181,2177
2174,2171,2170
2174,2182,2183
2174,2179,2184
2174,2185,2180
2174,369,368
2174,2183,2185
2174,2186,2171
2174,2184,2186
2174,368,2182
2174,2178,2187
2174,2187,2175
2188,993,996
2188,442,993
2188,996,2147
2188,2147,1011
2189,2190,2191
2192,2193,2190
2192,2190,2189
2194,2193,2192
2195,2196,2197
2195,2194,2196
2195,2198,2199
2195,2199,2200
2195,2193,2194
2195,2200,2193
2201,2202,2186
2203,2201,2186
2204,2203,2186
2204,2186,2184
2205,1007,2206
2205,366,1007
2207,366,2205
2208,1017,2209
2210,1018,1017
2210,1017,2208
2211,2212,1064
2211,2188,1011
2211,1015,442
2211,442,2188
2211,1051,1015
2211,1064,1051
2211,1010,2212
2211,1011,1010
2213,1018,2210
2214,1018,2213
2215,430,433
2215,417,419
2215,419,421
2215,428,430
2215,425,428
2215,414,417
2215,423,425
2215,421,423
2215,433,435
2216,366,2207
2216,1012,350
2216,352,366
2216,350,352
2217,2215,435
2218,2217,435
2218,435,1015
2219,2215,2217
2219,2217,2218
2220,2221,1017
2220,1016,1022
2220,1022,1021
2220,1017,1016
2222,2219,2218
2223,2222,2218
2224,2223,2218
2225,2224,2218
2225,1015,1050
2225,2218,1015
2226,2219,2222
2226,2222,2223
2226,2223,2224
2226,2224,2225
2226,2225,1050
2226,2215,2219
2227,1119,1154
2227,1008,1009
2227,1009,1119
2227,1010,1008
2227,2212,1010
2228,1137,1136
2228,1136,1138
2228,2216,2229
2228,2230,1137
2228,1012,2216
2228,1138,1012
2231,2229,2232
2231,2230,2228
2231,2228,2229
2233,1079,1073
2233,1100,1079
2233,1109,1100
2233,1110,1109
2233,1115,1110
2233,1122,1115
2234,2235,2226
2236,2235,2234
2236,2233,2235
2236,1122,2233
2236,1128,1122
2236,1129,1128
2237,2234,2226
2237,2236,2234
2238,2237,2226
2238,2236,2237
2239,2240,1004
2239,2132,2131
2239,2241,2240
2239,1004,896
2239,896,2133
2239,2242,2243
2239,2244,2242
2239,2243,2241
2239,2133,2132
2245,2238,2226
2245,2236,2238
2246,1102,1103
2246,1050,1049
2246,2245,2226
2246,1129,2236
2246,2236,2245
2246,2226,1050
2246,1130,1129
2246,1103,1130
2246,1049,1102
2247,1012,1135
2248,1064,2212
2248,2212,2227
2248,2227,1154
2249,66,67
2249,67,68
2249,1104,66
2250,1064,2248
2250,1123,1064
2250,465,1123
2251,2248,1154
2251,2250,2248
2252,1135,1137
2252,2253,1135
2254,1157,465
2254,465,2250
2254,1154,1157
2254,2250,2251
2254,2251,1154
2255,1098,1101
2255,1097,1098
2255,1101,1105
2255,1105,1106
2255,1106,1107
2255,1107,1111
2255,1120,1124
2255,1111,1112
2255,1112,1113
2255,1113,1120
2255,1124,1131
2255,1131,1132
2255,1132,1133
2255,1092,1093
2255,1093,1094
2255,1094,1095
2255,1095,1096
2255,1096,1097
2256,2255,1133
2257,1133,1134
2257,2256,1133
2258,2257,1134
2259,2258,1134
2260,2259,1134
2261,2260,1134
2261,1134,1139
2262,2261,1139
2263,2262,1139
2264,2263,1139
2264,1139,1140
2265,1140,1141
2265,2264,1140
2266,2265,1141
2266,1141,1142
2267,2266,1142
2267,1142,1143
2268,2267,1143
2269,2268,1143
2269,1146,1147
2269,1144,1145
2269,1143,1144
2269,1145,1146
2269,1148,1149
2269,1147,1148
2270,2271,2247
2270,2272,2271
2273,2265,2266
2273,2259,2260
2273,2261,2262
2273,2262,2263
2273,2263,2264
2273,2264,2265
2273,2260,2261
2273,2257,2258
2273,2258,2259
2273,2255,2256
2273,2256,2257
2274,2273,2266
2275,2274,2266
2276,2266,2267
2276,2275,2266
2277,2276,2267
2278,2277,2267
2279,2267,2268
2279,2278,2267
2280,2279,2268
2281,2280,2268
2282,2268,2269
2282,2281,2268
2283,2282,2269
2284,2283,2269
2285,2284,2269
2286,2285,2269
2287,2286,2269
2288,2287,2269
2289,2288,2269
2290,2291,2292
2290,1149,1151
2290,2293,2291
2290,2294,2293
2290,2295,2294
2290,2296,2295
2290,2297,2296
2290,2298,2297
2290,2299,2298
2290,2300,2299
2290,2301,2300
2290,2292,2302
2290,2303,2301
2290,2304,2303
2290,2305,2304
2290,2306,2305
2290,2307,2306
2290,2308,2307
2290,2309,2308
2290,2269,1149
2290,2310,2309
2290,2289,2269
2290,2311,2310
2290,2312,2311
2290,2313,2312
2290,2314,2313
2290,2315,2314
2290,2316,2315
2290,1151,2316
2290,2302,2317
2318,2272,2319
2320,2292,2291
2320,2291,2293
2320,2293,2294
2320,2294,2295
2320,2295,2296
2320,2296,2297
2320,2297,2298
2320,2298,2299
2320,2299,2300
2320,2300,2301
2320,2302,2292
2320,2301,2303
2320,2303,2304
2320,2304,2305
2320,2305,2306
2320,2306,2307
2320,2307,2308
2320,2308,2309
2320,2309,2310
2320,2310,2311
2320,469,468
2320,2311,2312
2320,2312,2313
2320,2313,2314
2320,2314,2315
2320,2315,2316
2320,2316,1151
2320,1151,1150
2320,1150,1152
2320,1152,469
2320,2317,2302
2321,1004,2240
2321,154,153
2321,286,159
2321,156,155
2321,157,156
2321,2240,2241
2321,153,1004
2321,159,158
2321,287,286
2321,155,154
2321,158,157
2321,289,287
2321,293,289
2322,2320,468
2323,1156,1116
2323,535,1156
2323,1159,1217
2323,1116,1117
2323,1117,1159
2323,1217,535
2324,2318,2319
2325,2326,2327
2328,2322,468
2328,2329,2322
2328,468,1161
2330,2327,2331
2330,2325,2327
2332,2330,2331
2333,2332,2331
2334,2333,2331
2335,1161,1172
2335,2336,2329
2335,2328,1161
2335,2329,2328
2337,2319,2272
2338,2337,2272
2339,2340,2324
2341,1244,1243
2341,1246,1244
2341,2340,2339
2342,2319,2337
2342,2337,2338
2343,2344,2345
2343,2346,2347
2343,2347,2344
2348,1228,1290
2348,1224,1228
2348,1219,1220
2348,1220,1221
2348,1221,1222
2348,1222,1223
2348,1223,1224
2349,2350,2351
2349,2352,2353
2349,290,292
2349,292,2350
2349,2354,2352
2349,2351,2354
2349,2353,1248
2355,2348,1290
2356,2357,2355
2356,2355,1290
2356,1290,1289
2358,1296,1295
2358,1310,1242
2358,1297,1296
2358,1242,1241
2358,1241,1246
2358,2341,2339
2358,1246,2341
2358,1295,1310
2359,1290,1228
2360,1298,1297
2360,1297,2358
2361,1251,1250
2361,1250,1252
2361,1258,1257
2361,1252,1258
2361,2357,2356
2361,1259,1251
2361,1261,1260
2361,1262,1259
2361,2356,1289
2361,1263,1262
2361,1264,1263
2361,1260,1265
2361,1266,1264
2361,1265,1266
2362,1231,1232
2362,1232,1233
2362,2359,1228
2362,1228,1230
2362,1230,1231
2362,1233,1276
2363,2346,2364
2363,2347,2346
2365,1277,1280
2365,1300,1299
2365,1298,2360
2365,1280,1300
2365,1299,1298
2366,2347,2363
2367,2368,2369
2370,1276,1288
2370,1288,1290
2370,1290,2359
2370,2362,1276
2370,2359,2362
2371,1341,1340
2371,2372,2373
2371,2373,2374
2371,2374,2375
2371,2375,2376
2371,1240,1341
2371,2376,1247
2371,1247,1240
2377,2347,2366
2378,2345,2344
2378,2344,2347
2378,1277,2365
2378,2365,2345
2378,2347,2377
2379,1249,554
2380,2378,2377
2381,1229,2382
2383,2378,2380
2383,1277,2378
2383,1285,1281
2383,1281,1277
2384,1274,1261
2384,578,1274
2384,1261,2361
2384,1289,1288
2384,2361,1289
2385,1346,2386
2385,1347,1346
2385,2386,2387
2388,1304,1292
2388,1292,1293
2388,1302,1304
2389,1306,1308
2389,1308,1303
2389,1303,1302
2390,1337,1332
2391,1309,574
2391,1240,1309
2391,1341,1240
2392,1279,1278
2392,1280,1279
2392,1305,1280
2393,1282,1284
2393,1278,1282
2393,2392,1278
2394,1351,1350
2394,1359,1351
2394,1337,2390
2394,1350,1337
2395,2394,2396
2395,1371,1359
2395,1359,2394
2397,2396,2398
2397,1371,2395
2397,1372,1371
2397,1373,1372
2397,2395,2396
2399,2397,2398
2400,1284,1287
2400,2393,1284
2400,1287,1292
2401,2397,2399
2401,1373,2397
2401,1365,1374
2401,1374,1373
2402,2392,2393
2403,1366,1365
2403,1367,1366
2403,1365,2401
2403,2401,2404
2405,578,2384
2405,2384,1288
2405,1288,1381
2406,2404,1361
2406,1369,1368
2406,1360,2407
2406,2408,1375
2406,2407,2408
2406,2403,2404
2406,1367,2403
2406,1361,1360
2406,1368,1367
2406,1375,1369
2409,1305,2392
2410,2393,2400
2411,2393,2410
2411,2402,2393
2412,2411,2410
2413,2412,2410
2413,2410,2414
2415,1305,2409
2415,575,1305
2415,582,575
2416,1358,1359
2416,1371,1370
2416,1359,1371
2417,1381,1388
2417,2405,1381
2418,1431,577
2418,578,2405
2418,1388,1431
2418,2405,2417
2418,577,578
2418,2417,1388
2419,3,4
2419,1519,3
2419,1520,1519
2420,1312,1317
2421,2420,1317
2421,1317,1322
2422,2415,2423
2422,1401,586
2422,1403,1402
2422,1402,1401
2422,1404,1403
2422,582,2415
2422,586,582
2424,1378,1385
2424,2407,1360
2424,1375,2408
2424,2408,2407
2424,1363,1376
2424,1364,1375
2424,1360,1363
2424,1376,1378
2425,1404,2422
2425,2422,2423
2426,2423,2427
2426,2425,2423
2426,2427,2428
2426,1405,1404
2426,1404,2425
2426,2428,2429
2430,558,577
2430,2431,2432
2430,1357,2431
2430,1352,1357
2430,553,556
2430,556,557
2430,2432,553
2430,557,558
2433,1432,1387
2433,550,1432
2433,1324,550
2433,1379,1324
2433,1387,1379
2434,2435,1382
2436,2424,1385
2436,2437,2424
2438,1382,1384
2439,1385,1352
2439,2430,577
2439,1352,2430
2440,2391,574
2440,1341,2391
2440,2441,2442
2440,1410,1389
2440,1441,2443
2440,574,573
2440,573,576
2440,2442,2444
2440,1419,1417
2440,2443,2441
2440,1389,1341
2440,576,1441
2440,1417,1410
2440,2444,1422
2440,1422,1419
2445,1382,2438
2446,1382,2445
2446,2434,1382
2447,2436,1385
2447,1385,1443
2448,2447,1443
2449,2450,2451
2452,1443,1442
2452,2448,1443
2452,2453,2448
2454,577,1465
2454,2439,577
2455,1407,1400
2456,2455,1400
2457,1413,1420
2458,2459,2460
2458,2452,1442
2458,1429,1421
2458,2461,1429
2458,2460,2461
2458,1447,2459
2458,1442,1448
2458,1448,1447
2462,2463,2457
2464,1407,2455
2465,1385,2439
2465,2454,1465
2465,2439,2454
2466,2467,2449
2468,2463,2462
2469,2460,2459
2469,1447,1446
2469,1423,1424
2469,1424,1425
2469,1425,1426
2469,1426,1427
2469,1427,1428
2469,1428,1429
2469,1429,2461
2469,2461,2460
2469,2459,1447
2470,1407,2464
2470,2471,1407
2472,1385,2465
2472,1471,1444
2472,2465,1465
2472,1443,1385
2472,1444,1443
2472,1465,1471
2473,2474,2471
2473,2471,2470
2475,1446,1450
2476,2471,2474
2477,2478,2468
2477,2468,2479
2480,2478,2477
2481,585,1406
2481,1408,1407
2481,1407,2471
2481,584,585
2481,1406,1409
2481,1409,1408
2482,1464,584
2482,584,2481
2483,2482,2481
2484,2481,2485
2484,2483,2481
2486,2480,2487
2488,2489,2490
2488,2491,2489
2492,1454,1453
2492,1450,1455
2492,1453,602
2492,602,601
2492,1455,1454
2492,601,1482
2493,2442,2441
2493,2443,1441
2493,2444,2442
2493,2441,2443
2493,1418,1422
2493,1441,1468
2493,1422,2444
2494,1468,1464
2495,1472,1467
2495,1467,1444
2495,1478,1492
2495,1444,1478
2495,1492,1472
2496,1480,2497
2496,1481,1480
2496,2497,2498
2496,1482,1481
2496,2499,1482
2500,1468,2494
2501,591,590
2501,593,592
2501,1439,593
2501,1499,2502
2501,2502,2503
2501,590,1499
2501,1437,1439
2501,592,591
2504,1505,1497
2504,1418,2493
2504,2493,2505
2506,2505,2493
2506,1468,2500
2506,2493,1468
2507,1480,1479
2507,1479,1498
2508,2507,1498
2509,615,614
2509,1458,1457
2509,1457,1459
2509,1459,1460
2509,1460,1461
2509,1496,615
2509,1500,599
2509,599,594
2509,1462,1458
2509,594,1462
2509,1461,1496
2509,1501,1500
2509,614,1501
2510,2504,2505
2510,1505,2504
2511,1498,1509
2511,2508,1498
2512,1505,2510
2513,2514,1520
2513,2515,2514
2516,1505,2512
2516,1504,1505
2517,1516,1509
2518,2519,2520
2521,1510,1512
2521,1512,1539
2521,2517,1509
2521,1514,1510
2521,1509,1508
2521,1508,1515
2521,1515,1514
2522,1490,631
2522,1486,1485
2522,1485,1487
2522,1487,1488
2522,1488,1489
2522,1489,1490
2522,1510,1513
2522,1511,1510
2522,1491,1486
2522,1540,1511
2522,1541,1540
2522,1542,1541
2522,631,633
2522,633,1542
2522,1513,1491
2523,2521,1539
2523,2517,2521
2524,2525,2526
2527,614,613
2527,613,616
2527,616,617
2527,617,618
2527,618,623
2527,1528,1521
2527,2528,1528
2527,2529,2528
2527,2530,2529
2527,2531,2530
2527,623,624
2527,624,625
2527,625,626
2527,626,627
2527,627,628
2527,1521,1501
2527,628,2532
2527,1501,614
2533,1529,1532
2534,2517,2523
2534,1529,1516
2534,1516,2517
2535,1521,1525
2535,1525,1524
2535,1524,1526
2535,1526,1527
2535,1527,1528
2535,1528,2528
2535,2528,2529
2535,2529,2530
2535,2530,2531
2536,2537,2524
2538,2533,1532
2539,2540,2541
2542,1538,1534
2542,2523,1539
2542,2534,2523
2542,1529,2534
2542,1539,1538
2542,1534,1529
2543,2538,1532
2543,1532,1531
2544,2545,2539
2544,2539,2546
2544,2547,2545
2548,2544,2546
2549,1433,1470
2549,1507,1433
2549,1470,1573
2550,2527,2532
2550,2551,2527
2550,2532,2552
2550,2552,2553
2554,2527,2551
2554,2531,2527
2554,2551,2555
2556,1531,1533
2557,1519,1518
2557,1555,1554
2557,1518,1522
2557,3,1519
2557,1564,1562
2557,1558,1557
2557,1560,1559
2557,1554,3
2557,1559,1558
2557,1522,2558
2557,1556,1555
2557,1557,1556
2557,1561,1560
2557,1562,1561
2559,2556,1533
2560,2550,2561
2560,2562,2550
2560,2561,2563
2564,2555,2565
2564,2535,2531
2564,2566,2535
2564,2565,1576
2564,2554,2555
2564,2531,2554
2564,1576,2566
2567,2551,2550
2568,2562,2560
2569,2555,2551
2569,2551,2567
2570,2569,2567
2570,2555,2569
2571,2559,1533
2572,2573,2574
2575,2571,1533
2575,2576,2571
2577,2578,2579
2580,2570,2581
2582,2555,2570
2582,2570,2580
2583,1603,1602
2584,1603,2583
2585,71,72
2585,1573,71
2585,2549,1573
2586,2587,2588
2586,1607,1606
2586,2588,1607
2586,2589,2590
2591,2565,2592
2591,1576,2565
2591,1574,1576
2591,1601,1574
2593,2586,1606
2593,2589,2586
2594,2591,2592
2595,2594,2592
2596,2593,1606
2596,2597,2593
2596,2598,2597
2599,1602,1614
2600,2591,2594
2600,1601,2591
2601,2602,2603
2601,2604,2605
2601,1568,1567
2601,1569,1568
2601,643,645
2601,645,1563
2601,1570,2602
2601,1567,1570
2601,1571,1569
2601,2606,2607
2601,2607,2604
2601,1563,1571
2601,2603,2608
2601,2609,2610
2601,2608,2609
2601,2610,2606
2611,2605,2612
2611,2601,2605
2613,2612,2614
2613,2611,2612
2615,2616,2617
2615,2613,2614
2615,2614,2616
2618,2615,2617
2618,2617,2619
2620,2618,2619
2621,2620,2619
2621,2619,2622
2623,2622,2624
2623,2621,2622
2625,2623,2624
2625,2624,2626
2627,2625,2626
2628,2627,2626
2629,2628,2626
2630,2629,2626
2631,2630,2626
2632,2631,2626
2633,2632,2626
2634,2633,2626
2635,1598,1599
2635,1622,1633
2635,1615,1588
2635,1633,1634
2635,1597,1598
2635,1634,1615
2635,1599,1622
2635,1588,1595
2635,1595,1596
2635,1596,1597
2636,2634,2626
2637,1601,2600
2638,2636,2626
2639,2640,2637
2639,2637,2600
2641,2638,2626
2642,2643,2644
2642,2645,2646
2642,2644,2647
2642,2648,2643
2642,2641,2626
2642,2647,2645
2649,1600,1601
2649,1601,2637
2650,2651,643
2650,2652,2651
2650,2653,2654
2650,2655,2656
2650,2654,2652
2650,2657,2655
2650,643,2601
2650,2656,2653
2658,1600,2649
2659,2660,2657
2659,2657,2650
2661,2662,2660
2661,2660,2659
2663,1603,1600
2663,1600,2658
2664,1603,2663
2665,2662,2661
2666,2662,2665
2666,2667,2662
2668,2669,2658
2668,2640,2669
2668,2658,2649
2668,2637,2640
2668,2649,2637
2670,2667,2666
2671,1614,1604
2671,2648,2642
2671,2642,1614
2672,643,2651
2672,2651,2652
2672,640,643
2672,2654,2653
2672,294,640
2672,2652,2654
2673,2664,2663
2674,1629,1630
2674,1630,1631
2674,2675,1606
2674,1606,1624
2674,1624,1625
2674,1625,1626
2674,1626,1627
2674,1627,1628
2674,1628,1629
2674,1631,690
2676,2653,2656
2676,2672,2653
2677,2676,2656
2678,2677,2656
2678,2656,2655
2679,2655,2657
2679,2678,2655
2680,2679,2657
2681,2674,690
2682,2674,2681
2682,2683,2675
2682,2675,2674
2684,649,648
2684,655,652
2684,652,649
2684,648,650
2685,671,670
2685,662,661
2685,663,662
2685,670,666
2685,2648,2671
2685,661,664
2685,659,655
2685,665,659
2685,666,663
2685,655,2684
2685,2684,2648
2685,664,667
2685,668,665
2685,667,668
2686,2683,2682
2686,2682,2681
2686,2681,690
2687,2688,2683
2689,2688,2687
2690,2689,2687
2691,2686,690
2691,690,1636
2691,2683,2686
2692,2689,2690
2693,165,164
2693,164,161
2693,294,2672
2693,167,165
2693,161,294
2694,2695,2696
2694,2696,2697
2698,2699,2700
2701,2695,2694
2702,2703,2704
2705,2692,1653
2705,2706,2692
2707,2702,2704
2708,2709,2695
2710,2711,2712
2713,2709,2708
2714,2704,2703
2715,167,2693
2715,171,170
2715,170,167
2716,2710,2712
2717,2718,2705
2719,2713,2720
2719,2709,2713
2721,171,2715
2721,174,171
2721,176,174
2722,693,2723
2722,2723,2709
2724,2717,2725
2724,2712,2711
2724,2718,2717
2724,2725,2712
2726,2709,2719
2726,2722,2709
2726,2727,2722
2728,693,2722
2728,2722,2727
2729,2727,2726
2730,691,693
2730,693,2728
2731,2716,2712
2731,2712,2725
2732,2729,2733
2734,2735,2736
2734,2737,2735
2738,2732,2733
2739,2731,2725
2740,2732,2738
2741,2734,2736
2742,2735,2716
2742,2736,2735
2742,2731,2739
2742,2716,2731
2743,2727,2744
2743,2730,2728
2743,2728,2727
2745,2746,2744
2747,2742,2739
2748,691,2730
2748,2730,2743
2749,1637,1649
2749,1672,1690
2749,1690,1706
2749,1649,1672
2750,2746,2745
2750,2745,2740
2751,2741,2736
2752,2751,1675
2753,2752,1675
2753,1675,1674
2754,691,2748
2754,2748,2755
2756,2736,2742
2756,2742,2747
2757,1655,691
2758,1662,695
2758,1651,1662
2758,695,1676
2758,1676,1663
2758,1663,1642
2758,1642,1651
2759,691,2754
2759,2757,691
2760,1655,2757
2760,1658,1655
2761,2759,2754
2762,2756,1682
2762,2736,2756
2762,1675,2751
2762,2751,2736
2762,1682,1675
2763,2757,2759
2763,2760,2757
2764,2760,2763
2765,1658,2760
2765,2760,2764
2766,2764,2763
2766,2765,2764
2767,2749,1706
2767,1637,2749
2767,1661,1652
2767,1652,1635
2767,1706,1661
2767,1635,1637
2768,2766,2769
2768,1670,1658
2768,2770,1670
2768,1658,2765
2768,2765,2766
2768,2769,2770
2771,2770,2769
2772,2773,2771
2772,2771,2769
2772,2769,2774
2772,2774,2775
2776,2772,2775
2777,2778,1680
2777,2779,2780
2777,2780,2778
2777,1670,2770
2777,1680,1670
2781,1673,1681
2781,718,717
2781,1681,718
2782,2770,2771
2782,2777,2770
2783,2784,2785
2786,1681,1682
2786,1682,1692
2786,718,1681
2787,2781,717
2787,2783,2785
2787,1673,2781
2787,2785,1673
2788,2779,2777
2789,2783,2787
2789,2787,717
2790,1680,2778
2790,2780,2779
2790,2779,2788
2790,2788,2791
2790,2778,2780
2790,710,1680
2792,2791,2788
2793,1702,2794
2793,2789,717
2793,1700,1702
2793,717,1700
2795,2790,2791
2795,710,2790
2796,2773,2797
2798,718,2786
2798,2786,1692
2798,1692,1691
2799,2796,2797
2800,715,710
2800,710,2795
2801,2797,2802
2801,2799,2797
2803,1694,1693
2803,1693,1697
2803,2804,1694
2805,2806,2804
2807,2805,2804
2807,2804,2803
2808,718,2798
2808,1714,1713
2808,1712,718
2808,1691,1714
2808,2798,1691
2808,1713,1712
2809,1697,1698
2810,1697,2809
2811,2807,2803
2812,1686,1661
2812,1661,1706
2812,1728,726
2812,1705,1728
2812,1706,1705
2812,726,725
2813,1709,715
2813,715,2814
2815,1699,1703
2815,1703,1704
2816,1697,2810
2816,2811,2803
2816,2803,1697
2817,1704,1721
2817,1699,2815
2817,295,1699
2817,2815,1704
2817,1721,295
2818,2813,2819
2818,2819,2820
2818,1718,1709
2818,2820,2821
2818,1716,1718
2818,1709,2813
2822,1717,1716
2822,1716,2818
2822,2821,2823
2822,2818,2821
2824,1717,2822
2824,2822,2823
2825,1727,1726
2825,1732,1727
2825,2824,2823
2825,1726,1717
2825,1717,2824
2826,1690,1689
2826,1705,1690
2826,1689,75
2826,1728,1705
2826,75,1728
2827,1735,1732
2827,1732,2825
2827,2825,2823
2828,1735,2827
2829,2828,2830
2829,1740,1735
2829,1735,2828
2831,747,746
2831,748,747
2831,749,1714
2831,1714,1691
2831,750,749
2831,1686,2812
2831,751,750
2831,2812,725
2831,752,751
2831,753,752
2831,725,748
2831,746,753
2831,1691,1686
2832,1740,2829
2832,2829,2830
2833,2834,1749
2833,1749,1747
2833,1747,740
2835,2836,2837
2838,2839,2840
2838,2840,1736
2838,1736,1740
2838,1740,2832
2841,739,1765
2841,2833,740
2841,1765,1766
2841,740,739
2841,1766,1767
2841,2834,2833
2842,2836,2835
2843,2842,2835
2844,2845,2846
2844,2847,2845
2848,2849,2850
2851,2848,2850
2852,2853,2854
2855,2852,2854
2856,2855,2854
2857,2858,2859
2857,2860,2861
2857,2861,1762
2857,1768,1769
2857,1761,1768
2857,2862,2863
2857,1762,1761
2857,2864,2856
2857,2863,2864
2857,2856,2854
2857,2865,2860
2857,2859,2865
2857,2854,2858
2866,2862,2857
2867,2866,2857
2868,2857,1769
2868,1769,1764
2869,1744,1743
2869,1760,1758
2869,1742,1745
2869,1745,1744
2869,1758,1742
2870,1764,739
2870,739,1774
2870,1774,1776
2870,2868,1764
2871,2868,2870
2871,2870,1776
2872,2873,2874
2872,2874,2875
2872,2875,2876
2877,1760,2869
2878,1772,1760
2878,1760,2877
2879,1785,2872
2879,2872,2876
2879,2876,2880
2879,2880,2881
2879,1786,1785
2879,2881,2882
2879,2882,1786
2883,1780,1778
2883,2877,1780
2883,1778,1772
2883,1772,2878
2883,2878,2877
2884,2871,1776
2884,2882,2871
2884,1786,2882
2884,1776,1787
2884,1787,1786
2885,2886,2887
2888,2885,2889
2890,2888,2889
2891,731,733
2891,75,1804
2891,756,731
2891,1811,756
2891,1804,1811
2891,733,75
2892,1776,1775
2892,1775,1777
2893,2894,2895
2893,2895,2896
2893,2897,2898
2893,2898,2894
2899,1784,1789
2900,2892,1777
2900,1779,1791
2900,1776,2892
2900,1777,1779
2900,1787,1776
2900,1791,1787
2901,2886,2902
2903,2887,2886
2903,2886,2901
2904,2905,2906
2907,2904,2906
2908,1789,1792
2909,2904,2907
2910,2909,2907
2911,2910,2907
2912,2903,2913
2914,2911,2907
2915,2914,2907
2916,2908,1792
2916,1792,1795
2917,2918,2919
2917,2920,2921
2922,1807,1809
2922,1809,1802
2922,1783,1788
2922,1788,1807
2922,1792,1783
2922,1802,1798
2922,1798,1792
2923,2924,2925
2926,2923,2925
2927,2921,2928
2927,2917,2921
2929,2926,2925
2930,2925,2931
2930,2929,2925
2932,2930,2931
2932,2931,2933
2932,2933,2934
2935,2932,2934
2936,2926,2929
2936,2929,2930
2936,2923,2926
2937,2938,2918
2939,2935,2934
2939,2934,2919
2940,2936,2930
2941,2940,2930
2942,2941,2930
2943,2944,2945
2946,2947,2948
2946,2944,2943
2946,2949,2947
2946,2943,2949
2950,2946,2948
2951,2946,2950
2952,2944,2946
2952,2946,2951
2953,2935,2939
2953,2939,2954
2955,1814,1822
2955,2944,2952
2955,1822,1825
2955,2952,1814
2956,2957,2958
2959,2956,2960
2961,2962,2955
2961,1827,1830
2961,1825,1827
2961,2955,1825
2961,2958,2962
2963,2959,2960
2964,2956,2958
2964,2960,2956
2965,1808,1803
2965,1800,1821
2965,1821,766
2965,1823,1808
2965,1803,1800
2966,2960,2964
2966,2964,2958
2967,2958,2961
2967,2960,2966
2967,2966,2958
2967,2968,2960
2967,1832,1831
2967,1833,2968
2967,1830,1832
2967,1831,1833
2967,2961,1830
2969,2963,2960
2969,2960,2968
2970,2971,284
2972,2970,2973
2972,2971,2970
2974,1833,1829
2974,2969,2968
2974,2975,2969
2974,2968,1833
2976,2972,2973
2976,2971,2972
2977,2978,2979
2977,2980,2981
2977,2982,2980
2977,2976,2973
2977,2971,2976
2977,2979,2971
2977,2973,2982
2983,2977,2981
2984,1823,2965
2984,2965,766
2985,766,765
2985,313,1823
2985,2984,766
2985,1849,313
2985,1823,2984
2985,765,1849
2986,2987,2978
2986,2978,2977
2986,2977,2983
2988,1838,2987
2988,1836,1838
2988,2987,2986
2989,1848,1847
2990,2978,2987
2991,2992,2993
2994,1848,2989
2994,762,1848
2995,2991,2996
2997,2987,1838
2997,1838,1837
2997,2990,2987
2998,2999,2990
2998,2990,2997
3000,2998,2997
3001,2990,2999
3001,3002,283
3001,283,284
3001,3003,3002
3004,1842,1847
3004,1847,1848
3004,1848,1854
3005,3004,1854
3006,1852,1851
3007,3008,3009
3010,1859,1853
3010,1860,1859
3010,1854,1860
3010,3005,1854
3011,1855,1856
3011,1851,1855
3011,1856,1861
3012,3013,3003
3012,3003,3001
3012,3001,3014
3012,3015,3013
3012,1867,3015
3016,3011,1861
3016,3017,3011
3018,3012,3014
3018,1867,3012
3019,1867,3018
3020,3003,3013
3020,3002,3003
3021,3013,3015
3021,3020,3013
3022,3021,3015
3022,1867,1866
3022,3015,1867
3023,3002,3020
3023,283,3002
3023,86,283
3023,87,86
3024,3025,3026
3027,3024,3026
3027,3028,3024
3027,1864,3028
3029,1871,1870
3029,770,1872
3029,1872,1871
3030,1868,3031
3030,1869,1868
3032,3026,3025
3032,3025,3030
3032,3030,3031
3033,773,1864
3033,1864,3027
3034,774,1875
3034,1874,774
3034,3035,1874
3036,87,3023
3036,88,87
3036,89,88
3036,90,89
3037,776,1874
3037,1877,776
3038,90,3036
3038,91,90
3039,1876,784
3039,784,783
3039,783,1880
3040,91,3038
3040,1879,94
3040,92,91
3040,93,92
3040,94,93
3041,1883,1886
3041,3042,1884
3041,1884,1883
3041,1888,1887
3041,1886,1888
3043,1877,3037
3044,3042,1877
3044,1877,3043
3045,1880,1881
3046,1884,3042
3046,3042,3044
3047,3045,1881
3048,3047,1881
3048,3049,3047
3050,3051,1884
3050,1884,3046
3052,3051,3050
3053,1881,1882
3053,1882,1890
3053,3048,1881
3054,3055,3056
3054,3053,1890
3054,1890,3055
3057,1884,3051
3057,792,1884
3058,3059,3054
3058,3054,3056
3060,813,812
3060,815,814
3060,3056,3055
3060,817,816
3060,816,813
3060,819,818
3060,820,817
3060,822,821
3060,1890,819
3060,818,822
3060,3055,1890
3060,821,820
3060,814,809
3060,812,815
3061,11,12
3061,1900,11
3062,12,13
3062,13,14
3062,14,15
3062,15,16
3062,16,17
3063,3062,17
3064,1900,3061
3064,1901,1900
3065,3063,3066
3065,3062,3063
3067,3065,3066
3068,1901,3064
3068,3069,1903
3068,1903,1901
3070,3071,1904
3070,3072,3071
3073,1905,1908
3073,3070,1904
3073,1904,1905
3074,3073,1908
3075,1937,1912
3075,1908,1937
3075,3074,1908
3076,869,3077
3078,3079,3080
3081,3082,3083
3084,1939,868
3084,868,869
3084,869,3076
3085,3086,3087
3085,3088,3086
3089,3090,3091
3092,3093,3094
3092,3089,3091
3092,3091,3095
3092,3095,3093
3096,1938,3097
3096,3097,3098
3096,3098,3099
3096,868,1938
3100,1939,3101
3100,3097,1938
3100,1938,1939
3102,3103,3104
3102,3104,1944
3102,3092,3094
3102,1944,1943
3102,3105,3103
3102,3094,3106
3102,3106,3105
3107,3102,1943
3108,3096,3099
3108,868,3096
3109,3107,1943
3109,1943,1947
3110,3097,3111
3110,3111,3112
3110,3098,3097
3110,3099,3098
3113,3114,1941
3115,3110,3112
3115,3099,3110
3116,3109,1947
3116,1942,3117
3116,1940,1942
3116,3117,3109
3118,868,3108
3118,1959,1958
3118,860,868
3118,1958,860
3119,3099,3115
3120,1947,3121
3120,1940,3116
3120,3116,1947
3120,3121,1940
3122,3123,1940
3122,1940,3121
3124,3125,1959
3124,1959,3118
3126,3122,3121
3127,3125,3124
3128,3125,3127
3129,1961,3130
3131,3125,3128
3131,3128,3132
3133,1983,1982
3133,1967,1966
3133,1986,1985
3133,1980,1979
3133,1978,1977
3133,1974,1973
3133,1984,1983
3133,1981,1980
3133,1969,1968
3133,1976,1974
3133,1961,3129
3133,1985,1984
3133,1968,1967
3133,1973,1972
3133,1971,1969
3133,1965,1964
3133,1977,1976
3133,1966,1965
3133,1972,1971
3133,1979,1978
3133,1982,1981
3133,1964,1961
3133,1947,1986
3134,3125,3131
3135,3134,3131
3136,3137,3138
3139,1957,1970
3139,893,1957
3140,1963,1962
3141,3142,3143
3144,893,3139
3145,893,3144
3146,3145,3144
3147,892,893
3147,893,3145
3147,2031,892
3148,3149,3150
3151,1994,1993
3151,1996,1995
3151,2001,2000
3151,2003,2002
3151,3140,1962
3151,2005,2001
3151,2000,2006
3151,1993,2005
3151,1975,2007
3151,1962,1975
3151,2006,2008
3151,2007,1996
3151,1995,2003
3151,3149,3140
3151,2002,2027
3151,2027,1994
3152,3148,3150
3153,3149,3151
3153,3150,3149
3154,3153,3151
3154,3150,3153
3155,3150,3154
3155,3154,3151
3156,3155,3151
3156,3150,3155
3157,3150,3156
3157,3156,3151
3158,3150,3157
3158,3157,3151
3159,3150,3158
3159,3158,3151
3160,3159,3151
3160,3150,3159
3161,3150,3160
3161,3160,3151
3162,3150,3161
3162,3161,3151
3163,1992,1991
3163,1955,334
3163,1998,1997
3163,1997,1999
3163,1999,1955
3163,2004,1998
3163,1991,2004
3163,2008,2009
3163,2009,2010
3163,2010,2011
3163,2011,2012
3163,2012,2013
3163,2013,2014
3163,3150,3162
3163,2014,2015
3163,2015,2016
3163,2016,2017
3163,2017,2018
3163,3162,3151
3163,2018,2019
3163,2019,2020
3163,2020,2021
3163,2021,2022
3163,2022,2023
3163,2023,2024
3163,2024,2025
3163,3151,2008
3163,2025,2026
3163,2026,1992
3164,3147,3165
3166,3152,3150
3167,3164,3165
3168,3164,3167
3168,3167,3169
3170,2034,2037
3171,3150,3163
3171,2049,3172
3171,3172,3166
3171,903,2049
3171,904,903
3171,3166,3150
3173,2032,2034
3173,2039,2032
3173,2034,3170
3173,2045,2039
3174,3175,3172
3174,3172,2049
3176,2051,3177
3176,3174,2049
3176,2049,2048
3176,2048,2051
3178,2045,3173
3179,334,333
3179,333,336
3179,2047,2055
3179,336,2047
3180,2051,2050
3181,2045,3178
3181,3178,3182
3183,2045,3181
3183,2044,2045
3184,3180,2050
3185,2046,2044
3185,2044,3183
3186,3184,2050
3186,3187,3188
3189,3185,3183
3190,3183,3181
3190,3189,3183
3191,3190,3181
3192,3179,2055
3192,2055,2096
3193,3185,3189
3194,2096,916
3194,3192,2096
3194,2077,904
3194,2086,2077
3194,916,2086
3195,3187,3196
3197,2052,2046
3197,2046,3185
3197,3185,3193
3198,3195,3196
3199,902,905
3199,905,2080
3199,3186,2050
3199,2080,2081
3199,2081,2082
3199,2082,2083
3199,2087,2103
3199,2083,2085
3199,2103,3200
3199,2085,2087
3199,3187,3186
3199,3196,3187
3199,3200,3196
3199,2050,902
3201,3197,3193
3201,2052,3197
3202,2098,2052
3202,2052,3201
3203,846,845
3203,880,879
3203,883,882
3203,879,883
3203,885,880
3203,845,887
3203,911,846
3203,887,885
3203,2139,911
3204,882,881
3204,2111,3203
3204,3203,882
3205,889,2111
3205,886,889
3205,3204,881
3205,881,884
3205,884,886
3205,2111,3204
3206,2097,2098
3207,3208,3209
3207,3200,2110
3210,2110,2109
3210,3208,3207
3210,3207,2110
3211,2107,3212
3213,3214,2107
3213,2107,3211
3215,3213,3211
3216,922,921
3216,2112,922
3216,921,3217
3216,3217,3218
3219,2108,2110
3219,2110,3200
3219,2103,2104
3219,3200,2103
3220,2151,2150
3220,2153,2152
3220,2154,2153
3220,2139,3203
3220,3203,2111
3220,2155,2154
3220,2156,2155
3220,2150,2157
3220,2152,2151
3220,2157,2139
3221,2156,3220
3221,3220,2111
3222,3221,2111
3222,2156,3221
3222,2271,2156
3223,2121,2108
3223,2129,2121
3223,2108,3219
3224,2118,2119
3224,2127,2118
3224,2125,2127
3225,2104,914
3225,2129,3223
3225,2142,2141
3225,914,2147
3225,2143,2142
3225,2141,2129
3225,2144,2143
3225,2145,2144
3225,2146,2145
3225,2147,2146
3226,3227,924
3226,924,2134
3226,3228,3227
3229,2126,3230
3229,2124,2126
3231,3232,3233
3231,3233,2134
3231,3234,3232
3235,3231,2134
3235,2134,2135
3235,2135,3236
3237,3238,3236
3239,3240,3241
3239,3242,2162
3239,2162,2158
3239,2158,3240
3243,3241,3240
3243,3244,3241
3245,3241,3244
3245,3239,3241
3245,3242,3239
3246,2135,2165
3246,3237,3236
3246,3236,2135
3247,3248,3249
3250,3246,2165
3251,2169,2167
3252,3253,3249
3252,2170,2173
3252,3250,2165
3252,3249,3250
3252,2165,2174
3252,2174,2170
3252,2173,3253
3254,2169,3251
3255,3253,2173
3256,342,341
3256,2111,344
3256,3222,2111
3256,2271,3222
3256,2247,2271
3256,345,1012
3256,344,343
3256,346,345
3256,341,346
3256,1012,2247
3256,343,342
3257,1006,2166
3257,2166,2168
3257,3258,1006
3259,3257,2168
3259,2168,2161
3259,3258,3257
3260,2169,3254
3261,3255,2173
3261,3262,3255
3261,2172,3263
3261,2173,2172
3264,3260,3265
3266,3267,3263
3266,3268,3267
3269,3264,3270
3269,3271,3264
3272,3269,3270
3272,3271,3269
3273,3258,3259
3273,3259,3271
3273,3271,3272
3274,3275,3276
3274,3277,3278
3274,3276,3277
3274,3279,3275
3274,3280,3279
3274,2191,3280
3274,3258,3273
3281,3278,3282
3281,1006,3258
3281,3258,3274
3281,3282,1006
3281,3274,3278
3283,3282,3278
3283,3276,3275
3283,2191,2190
3283,3278,3277
3283,3277,3276
3283,3275,3279
3283,3279,3280
3283,3280,2191
3284,3285,3286
3284,3287,3285
3284,2198,2195
3284,3286,2198
3284,2195,3288
3289,3284,3288
3289,3287,3284
3290,3291,3292
3293,3287,3289
3293,3294,3287
3295,3294,3293
3296,3297,3298
3296,3298,3294
3296,3299,3300
3296,3300,3297
3296,3294,3295
3301,3290,3292
3301,3292,3302
3303,3301,3302
3304,3303,3302
3305,3304,3302
3306,3305,3302
3307,3306,3302
3308,3307,3302
3309,3310,3311
3309,3312,3313
3309,3314,3315
3309,3308,3302
3309,3316,3317
3309,3302,3318
3309,3317,3312
3309,3313,3314
3309,3319,3320
3309,3320,3321
3309,3322,3323
3309,3324,3322
3309,3311,3316
3309,3325,3326
3309,3321,3325
3309,3327,3310
3309,3328,3329
3309,3323,3328
3309,3330,3319
3309,3326,3324
3309,3315,3331
3309,3332,3333
3309,3318,3327
3309,3329,3332
3309,3333,3334
3309,3331,3330
3335,375,376
3335,388,399
3335,2215,2226
3335,367,370
3335,2176,2175
3335,409,414
3335,414,2215
3335,2178,2177
3335,2179,2176
3335,2181,2180
3335,2177,2181
3335,399,409
3335,382,383
3335,376,377
3335,2184,2179
3335,2183,2182
3335,371,372
3335,379,381
3335,2180,2185
3335,370,371
3335,381,382
3335,2185,2183
3335,378,379
3335,373,374
3335,368,367
3335,372,373
3335,2182,368
3335,383,385
3335,2226,3336
3335,2204,2184
3335,2187,2178
3335,385,388
3335,2175,2187
3335,377,378
3335,3336,2204
3335,374,375
3337,2202,2201
3337,3309,3334
3337,2214,2213
3337,2203,2204
3337,2201,2203
3337,3336,2214
3337,3334,2202
3337,2213,2210
3337,2204,3336
3338,3339,3340
3341,3339,3338
3341,3342,3343
3341,2209,3342
3341,2210,2208
3341,3343,3339
3341,3337,2210
3341,2208,2209
3344,2205,2206
3344,2206,3345
3344,2207,2205
3346,3347,3348
3346,1017,2221
3346,3348,3349
3346,2221,3347
3346,3343,3342
3346,3342,2209
3346,3339,3343
3346,2209,1017
3350,3344,3345
3350,2207,3344
3351,3352,3353
3354,3353,3355
3354,3351,3353
3354,3355,3356
3357,2220,3358
3357,3359,3360
3357,3358,3361
3357,3361,3359
3362,2207,3350
3362,2216,2207
3363,3364,3365
3363,3366,3367
3363,3365,3366
3363,3367,3368
3363,3368,3369
3370,3371,3372
3373,3358,2220
3373,3360,3359
3373,3361,3358
3373,3374,3360
3373,3359,3361
3375,2233,1073
3375,1073,1068
3375,1066,1063
3375,1068,1066
3375,2226,2235
3375,2235,2233
3375,3336,2226
3376,1025,1018
3376,1047,1038
3376,1038,1028
3376,1060,1055
3376,1063,1060
3376,1018,2214
3376,1055,1047
3376,3375,1063
3376,1028,1025
3377,3378,3379
3380,3373,2220
3380,2220,1021
3381,2216,3362
3381,2229,2216
3381,2232,2229
3381,3362,3382
3383,1021,3384
3383,3380,1021
3385,2318,2239
3385,2272,2318
3385,2131,2149
3385,2239,2131
3386,1021,1020
3386,3384,1021
3387,2232,3381
3387,3388,2232
3389,3388,3387
3389,3390,3388
3391,2231,2232
3391,3388,3390
3391,2232,3388
3392,3391,3390
3393,2230,2231
3393,2231,3391
3394,3391,3392
3394,3393,3391
3395,3396,3397
3395,3398,3396
3399,1090,1091
3399,1074,1075
3399,1069,1070
3399,1070,1074
3399,1075,1076
3399,1076,1080
3399,1080,1081
3399,1081,1082
3399,1082,1083
3399,1083,1084
3399,1084,1085
3399,1085,1086
3399,1086,1087
3399,1087,1088
3399,1088,1090
3399,1091,1092
3399,1056,1069
3399,1092,2255
3400,3401,2252
3400,2252,1137
3400,1137,2230
3402,3403,3404
3405,3406,3401
3405,3400,3403
3405,3401,3400
3407,3397,3396
3408,2252,3401
3408,3401,3406
3408,3406,3409
3410,3411,3412
3413,3414,3415
3416,3417,3418
3416,3418,2253
3416,2253,2252
3416,3419,3417
3416,2252,3408
3416,3408,3409
3420,3421,3410
3422,3414,3413
3422,3413,3399
3422,2255,2273
3422,2273,2274
3422,2274,2275
3422,2275,2276
3422,3399,2255
3422,2276,2277
3422,2277,2278
3422,2278,2279
3422,2279,2280
3422,2280,2281
3422,2281,2282
3422,2282,2283
3423,3418,3417
3423,2253,3418
3423,1135,2253
3424,3425,3426
3424,3427,3425
3428,2290,2317
3428,2289,2290
3428,2288,2289
3428,2283,2284
3428,2286,2287
3428,2284,2285
3428,3422,2283
3428,2287,2288
3428,2285,2286
3429,3423,3417
3430,3423,3429
3431,3414,3422
3431,3422,3428
3431,3428,2317
3432,3414,3431
3433,3429,3434
3433,3430,3429
3435,3434,3436
3435,3433,3434
3437,2317,2320
3437,3431,2317
3437,3432,3431
3438,3437,2320
3439,3425,3440
3441,3442,3443
3441,3444,3442
3445,3438,2320
3445,2320,2322
3446,2318,2324
3446,2239,2318
3447,3444,3441
3447,3425,3439
3447,3441,3425
3448,3442,3444
3448,2331,2327
3449,3447,3439
3449,2322,2329
3450,3451,3452
3450,2272,2270
3450,2270,3451
3450,2338,2272
3453,3444,3447
3453,3447,3449
3453,3449,2329
3454,3444,3453
3454,3455,3444
3456,3453,2329
3456,3454,3453
3456,2329,2336
3457,3455,3454
3458,2336,2335
3458,3457,2336
3459,3458,2335
3460,1126,1104
3460,1238,1239
3460,69,1238
3460,68,69
3460,2249,68
3460,1104,2249
3460,1239,1126
3461,2338,3450
3461,3450,3452
3462,3463,3464
3465,3462,3464
3466,3465,3464
3467,2335,1172
3468,3466,3464
3469,3465,3466
3469,3463,3462
3469,3462,3465
3470,3464,3471
3470,3468,3464
3472,3469,3466
3472,3466,3468
3473,3472,3468
3474,3473,3468
3475,3468,3470
3475,3474,3468
3476,3475,3470
3477,1179,1180
3477,1206,1207
3477,1198,1200
3477,1200,1201
3477,1203,1204
3477,1211,1212
3477,1207,1208
3477,1171,1173
3477,1209,1210
3477,1216,1218
3477,1173,1175
3477,1210,1211
3477,1177,1179
3477,1208,1209
3477,1183,1184
3477,1213,1214
3477,1176,1177
3477,1212,1213
3477,1187,1189
3477,1180,1181
3477,1181,1182
3477,1214,1215
3477,1182,1183
3477,1219,2348
3477,1215,1216
3477,1218,1219
3477,1184,1185
3477,1185,1186
3477,1175,1176
3477,1186,1187
3477,1192,1193
3477,1191,1192
3477,1189,1190
3477,1190,1191
3477,3467,1172
3477,1195,1198
3477,1193,1194
3477,1194,1195
3477,1204,1206
3477,1201,1202
3477,1202,1203
3477,1172,1171
3478,3477,2348
3478,3467,3477
3479,2319,2342
3479,2339,2324
3479,2342,2343
3479,2324,2319
3480,2338,3461
3480,3461,3481
3482,1243,1245
3482,2353,2352
3482,2341,1243
3482,3483,2341
3482,1245,1248
3482,1248,2353
3484,3478,2348
3484,2348,2355
3484,2355,3485
3486,2338,3480
3487,2346,2343
3487,2343,2342
3487,2338,3486
3487,2342,2338
3488,3489,3490
3491,3488,3490
3492,3490,3493
3492,3493,3494
3492,3494,3495
3492,3491,3490
3496,3497,3498
3496,3499,3500
3496,3500,3501
3496,3501,3502
3496,3498,3499
3503,2364,2346
3503,3504,2364
3503,2346,3487
3503,3487,3505
3506,3503,3505
3507,3505,3508
3507,3506,3505
3509,2373,2372
3509,2374,2373
3509,2375,2374
3509,2376,2375
3509,2349,1248
3509,1247,2376
3509,1248,1247
3510,3497,3496
3511,3497,3510
3512,3511,3510
3513,3512,3510
3514,3515,1255
3516,2372,2371
3517,3514,1255
3517,1249,2379
3517,1255,1249
3517,2379,3518
3519,3518,2379
3520,3521,3522
3523,3519,2379
3524,2368,2367
3525,3523,2379
3525,3524,2367
3526,3527,3528
3529,2380,2377
3529,2377,3527
3530,2380,3529
3530,2383,2380
3531,3532,3533
3531,3534,3532
3535,1285,2383
3535,3536,1285
3537,3531,3533
3537,3533,3538
3539,3540,3541
3539,3541,3542
3543,3544,3540
3545,2379,554
3546,3547,3525
3546,3525,2379
3546,1353,1347
3546,2379,3545
3546,1347,2385
3546,2385,3547
3548,3549,2381
3548,2381,2382
3548,1340,1334
3548,2382,1340
3548,1334,3549
3550,3543,3551
3552,1354,1353
3552,1356,1355
3552,1353,3546
3552,1355,1354
3552,1357,1356
3552,2432,2431
3552,3545,554
3552,3546,3545
3552,2431,1357
3552,554,553
3552,553,2432
3553,2385,2387
3553,2387,3554
3553,3542,2385
3553,3539,3542
3555,3543,3540
3555,3551,3543
3556,3553,3554
3557,3558,3559
3560,3559,3561
3560,3557,3559
3562,3556,3554
3563,2381,3549
3564,3565,3566
3564,3566,3567
3564,3567,3568
3564,3568,1314
3569,1302,2388
3569,2388,1293
3570,3550,3551
3571,3572,3570
3571,3570,3551
3571,3573,3572
3571,3574,3573
3571,3575,3574
3576,3575,3571
3576,3571,3551
3577,1314,1313
3577,1313,1311
3577,3564,1314
3577,1311,1306
3578,1361,2404
3578,2386,1346
3578,3554,2387
3578,1377,1362
3578,3576,3562
3578,3575,3576
3578,2404,3575
3578,1345,1377
3578,2387,2386
3578,1362,1361
3578,1346,1345
3578,3562,3554
3579,2381,3563
3579,1229,2381
3579,4,1229
3579,2419,4
3580,3570,3572
3580,3581,3582
3580,2390,3570
3580,3582,2390
3583,3580,3572
3584,3583,3572
3584,3572,3573
3584,3573,3574
3584,3574,3575
3585,1333,3579
3585,3563,3549
3585,3549,1334
3585,3579,3563
3585,1334,1333
3586,3575,2404
3586,3584,3575
3586,2404,2401
3587,2394,2390
3587,2396,2394
3588,2399,2398
3588,3586,2401
3588,2398,2396
3588,2401,2399
3588,2396,3587
3589,3590,1304
3589,1304,1303
3591,2392,2402
3591,2402,2411
3591,2409,2392
3592,2412,2413
3592,2411,2412
3592,3591,2411
3593,1312,2420
3593,1307,1312
3594,2409,3591
3595,3592,2413
3596,3597,3598
3599,2413,3600
3599,3595,2413
3601,3593,2420
3601,1384,1383
3601,2420,1384
3602,3597,3596
3603,2423,2415
3603,2427,2423
3603,2415,2409
3603,2409,3594
3604,3605,3606
3604,3598,3597
3604,3606,3598
3607,1364,2424
3607,2424,2437
3607,3608,1364
3609,2428,2427
3609,3610,3611
3609,3612,3610
3609,3611,2429
3609,2429,2428
3609,2427,3603
3613,3612,3609
3614,3615,3608
3614,3607,2437
3614,3608,3607
3616,3605,3604
3617,2421,1322
3617,1322,1328
3617,1328,3618
3617,3619,2421
3620,3621,3612
3620,3612,3613
3622,3621,3620
3623,3621,3622
3624,3621,3623
3625,3626,3627
3628,3629,3614
3630,3614,2437
3630,3628,3614
3630,2437,2436
3631,2438,1384
3631,2420,2421
3631,2421,3619
3631,1384,2420
3632,3621,3624
3632,3633,3621
3632,3634,3633
3635,3634,3632
3636,2447,2448
3636,3630,2436
3636,2436,2447
3636,3629,3628
3636,3628,3630
3637,2434,2446
3638,3636,2448
3638,2448,2453
3639,2446,2450
3639,3637,2446
3640,2445,2438
3641,2445,3640
3641,2446,2445
3642,1414,1413
3642,3619,1414
3642,1413,2457
3642,2457,2463
3643,2450,2449
3644,2453,2452
3644,2458,1421
3644,2452,2458
3645,2450,2446
3645,2468,2478
3645,2463,2468
3645,2451,2450
3645,2446,3641
3646,3647,3648
3646,2456,1400
3649,2449,2467
3649,3643,2449
3649,3650,3643
3651,3652,3653
3654,3645,2478
3654,2449,2451
3654,2451,3645
3655,3648,3651
3656,3653,3652
3656,2467,3657
3658,2456,3646
3658,3646,3648
3658,3648,3655
3659,1420,1423
3659,1423,2469
3659,2457,1420
3660,2462,2457
3660,3659,2469
3660,2457,3659
3661,3656,3657
3661,3653,3656
3662,2466,2449
3662,3654,2478
3662,2449,3654
3663,2456,3658
3664,3661,3657
3665,2470,2464
3666,2473,2470
3666,2470,3665
3667,2469,1446
3667,3660,2469
3667,1446,2475
3668,3667,2475
3669,3670,3671
3669,3664,3657
3669,3671,3672
3669,3657,3670
3673,2467,2466
3673,2466,3662
3673,3657,2467
3674,3675,3676
3677,2479,3668
3677,3668,2475
3678,3657,3673
3678,3670,3657
3679,2479,3677
3679,3677,2475
3679,2477,2479
3680,2476,3681
3680,3681,3682
3683,3680,3682
3684,2490,2489
3684,3670,3678
3685,3682,3686
3685,3683,3682
3685,3687,3683
3688,3687,3685
3688,3685,3686
3688,3689,3687
3690,3684,2489
3690,3670,3684
3691,3671,3670
3692,3679,2475
3692,2475,1450
3693,2489,2491
3693,3670,3690
3693,3690,2489
3693,3691,3670
3694,3671,3691
3695,3692,1450
3695,3696,3692
3695,1450,2492
3697,2485,3698
3697,2484,2485
3699,3694,3700
3699,3700,3701
3702,2486,2487
3702,3695,2492
3703,2484,3697
3704,1464,2482
3704,2483,2484
3704,2484,3703
3704,2482,2483
3705,3703,3697
3706,2486,3702
3706,3702,2492
3707,3704,3703
3708,1464,3704
3709,3710,3711
3709,3711,3712
3713,3714,3715
3713,1438,1437
3713,1437,2501
3713,3716,3709
3713,3717,3714
3713,3712,3717
3713,2501,3716
3713,3715,1440
3713,1440,1438
3713,3709,3712
3718,3706,2492
3718,1482,2499
3718,2492,1482
3719,2494,1464
3719,1464,3708
3720,3721,3722
3720,3722,3723
3720,3724,3721
3725,3720,3723
3725,3723,3726
3727,2494,3719
3728,3725,3726
3729,3701,3728
3729,3730,3701
3731,3722,3721
3732,3722,3731
3733,3722,3732
3733,3723,3722
3734,1393,1395
3734,1461,1456
3734,1398,1397
3734,1397,1396
3734,1497,1496
3734,1399,1398
3734,1412,1418
3734,1456,1393
3734,1395,1399
3734,1496,1461
3734,1396,1411
3734,2504,1497
3734,1418,2504
3734,1411,1412
3735,3726,3723
3736,2497,1480
3736,3737,2498
3736,2498,2497
3736,1480,2507
3738,3736,2507
3739,3726,3735
3740,3741,3742
3743,3738,2507
3743,3744,3738
3745,3726,3739
3746,3747,3745
3748,3745,3739
3749,3750,3751
3749,3740,3742
3752,3753,3746
3754,2508,2511
3755,3752,3756
3757,3754,2511
3758,3759,3750
3758,3760,3759
3758,3750,3761
3762,3763,3764
3765,3762,3764
3766,2511,1509
3766,1509,1517
3767,3764,2503
3767,3765,3764
3767,2503,2502
3768,3766,1517
3768,3769,3766
3770,3760,3758
3771,3772,3760
3773,3771,3774
3775,3768,1517
3775,3776,3768
3777,1504,2516
3778,3760,3770
3778,3771,3760
3779,3777,2516
3780,3773,3774
3781,3780,3782
3781,3783,3780
3784,1504,3777
3785,615,1495
3785,1497,1504
3785,2519,615
3785,1495,1497
3785,2520,2519
3785,3786,2520
3785,1504,3786
3787,1504,3784
3787,3784,3788
3789,3781,3782
3790,1504,3787
3790,3786,1504
3791,3792,3793
3794,3786,3790
3795,1517,1516
3795,1516,1530
3796,3786,3794
3796,3794,3797
3798,1499,1521
3798,2535,2566
3798,1521,2535
3798,2502,1499
3798,2566,3799
3798,3799,3767
3798,3767,2502
3800,3793,3801
3800,3791,3793
3802,2520,3786
3803,3791,3800
3804,3786,3796
3804,3802,3786
3804,3796,3805
3806,3807,1530
3806,3808,3807
3809,2520,3802
3810,2520,3809
3810,2518,2520
3811,3812,3813
3814,2518,3810
3815,1530,1529
3815,3816,3806
3815,1529,2533
3815,3806,1530
3817,2519,2518
3818,3814,3819
3818,2518,3814
3818,3817,2518
3820,2519,3817
3821,3822,3803
3823,2525,3811
3824,612,1502
3824,1507,2549
3824,1502,1507
3825,3817,3818
3826,3825,3818
3827,3823,2540
3828,2519,3820
3829,3828,3820
3830,2533,2538
3830,3831,2533
3832,2540,3821
3832,3821,3833
3834,2519,3828
3835,3827,2540
3835,2539,2545
3835,2540,2539
3836,2540,3832
3836,2541,2540
3837,3835,2545
3838,2550,2553
3838,620,615
3838,615,2519
3838,628,620
3838,2532,628
3838,2561,2550
3838,2552,2532
3838,2553,2552
3839,3837,2545
3840,3834,3841
3840,3841,3842
3840,3842,2561
3840,2561,3838
3840,2519,3834
3840,3838,2519
3843,2537,2536
3844,3845,3846
3847,3841,3834
3848,3843,2536
3848,2545,2547
3848,2536,3839
3848,3839,2545
3849,3842,3841
3850,3849,3841
3850,3841,3847
3851,2543,1531
3852,2546,2539
3853,3849,3850
3854,2546,3852
3854,2548,2546
3854,3852,3855
3856,3854,3855
3857,1531,2556
3858,2561,3842
3858,2563,2561
3859,3824,2549
3859,2549,2585
3860,612,3824
3860,3824,3859
3861,2547,2544
3862,1576,1575
3862,1575,3863
3862,2566,1576
3864,3865,3857
3864,3857,2556
3864,3866,3865
3864,2556,2559
3867,2563,3868
3869,2559,2571
3870,2574,2573
3870,3871,3872
3873,3869,2571
3874,3870,2573
3874,3871,3870
3875,3876,3871
3875,2573,3877
3875,3874,2573
3875,3871,3874
3878,3873,2571
3878,2571,2576
3879,2562,2568
3880,2574,3881
3880,3881,3882
3883,612,3860
3883,3860,3859
3883,2585,72
3883,72,73
3883,3859,2585
3883,73,612
3884,2572,2574
3884,2574,3880
3885,2579,2578
3886,3887,3888
3889,2557,2558
3890,3877,2573
3890,2573,2572
3891,3877,3890
3892,3877,3891
3893,3894,3863
3893,2558,3894
3893,3863,2584
3893,2584,3895
3893,3895,2558
3896,2579,3885
3897,3898,3899
3900,3892,3891
3901,3902,3903
3904,3903,3902
3904,3892,3900
3905,2565,2555
3905,2555,2582
3905,2592,2565
3906,2577,3907
3906,3908,2577
3909,2557,3889
3909,1565,1564
3909,1564,2557
3909,1566,1565
3910,2582,2580
3911,2590,2575
3911,2586,2590
3911,2575,1533
3911,2587,2586
3912,1575,1574
3912,1600,1603
3912,3863,1575
3912,2584,3863
3912,1603,2584
3912,1574,1600
3913,2582,3910
3914,3915,3916
3917,3918,3919
3920,2582,3913
3920,3905,2582
3921,3916,2589
3921,3914,3916
3922,3905,3920
3922,2592,3905
3923,3921,2589
3923,2593,2597
3923,2589,2593
3924,2603,2602
3924,2602,1570
3924,1570,1566
3924,2608,2603
3924,2610,2609
3924,2609,2608
3924,2606,2610
3925,3923,2597
3926,3925,2597
3926,3927,3925
3926,2597,2598
3928,2626,3929
3928,2642,2626
3928,1614,2642
3928,2599,1614
3930,1606,2675
3930,3931,2598
3930,2596,1606
3930,2598,2596
3932,2600,2594
3932,2594,3933
3934,3935,3936
3937,2601,2611
3937,2615,2618
3937,2613,2615
3937,2620,2621
3937,2623,2625
3937,2618,2620
3937,2621,2623
3937,2611,2613
3937,2625,2627
3937,2650,2601
3938,2627,2628
3938,3937,2627
3938,3939,3937
3940,3939,3938
3940,2628,2629
3940,3938,2628
3941,2629,2630
3941,3939,3940
3941,3940,2629
3941,2630,2631
3942,3943,2639
3942,2600,3932
3942,2639,2600
3944,3941,2631
3944,3939,3941
3944,2631,2632
3945,3939,3944
3945,3944,2632
3946,3939,3945
3946,2632,2633
3946,3945,2632
3947,2646,3948
3947,3948,3939
3947,2638,2641
3947,2634,2636
3947,2642,2646
3947,3939,3946
3947,2633,2634
3947,3946,2633
3947,2636,2638
3947,2641,2642
3949,3950,3951
3949,3951,2688
3952,3934,3953
3952,3954,3934
3955,2659,2650
3955,2661,2659
3955,2666,2665
3955,3937,3939
3955,2665,2661
3955,2650,3937
3956,3955,3939
3956,2670,2666
3956,2666,3955
3957,3956,3939
3957,3958,2670
3957,2670,3956
3959,3958,3957
3959,3957,3939
3960,2683,2688
3960,3931,3930
3960,3951,3931
3960,2675,2683
3960,2688,3951
3960,3930,2675
3961,3959,3939
3961,3958,3959
3962,3961,3939
3962,3939,3948
3962,3958,3961
3963,3962,3948
3963,3948,2646
3963,3958,3962
3964,3949,2688
3965,2684,650
3965,3963,2646
3965,2644,2643
3965,2646,2645
3965,2647,2644
3965,2643,2648
3965,3958,3963
3965,2648,2684
3965,2645,2647
3966,3967,3968
3969,1603,2664
3969,2664,2673
3969,2673,3970
3969,1604,1603
3971,2688,2689
3971,3972,3964
3971,3964,2688
3973,2639,3943
3973,3943,3974
3973,2640,2639
3975,3976,3977
3978,2670,3958
3978,3979,3980
3978,3980,2667
3978,2667,2670
3981,3958,3965
3981,3965,650
3981,3978,3958
3981,3982,3979
3981,650,3983
3981,3983,3984
3981,3985,3982
3981,3984,3985
3981,3979,3978
3986,2689,3987
3986,3971,2689
3986,3972,3971
3988,3974,3989
3988,3990,3991
3992,2640,3973
3993,3986,3987
3994,2640,3992
3994,3992,3995
3996,3980,3979
3997,3990,3998
3999,3996,3979
4000,4001,3999
4000,650,647
4000,3979,3982
4000,3983,650
4000,3999,3979
4000,3984,3983
4000,3982,3985
4000,3985,3984
4000,647,4001
4002,2669,2640
4002,2640,3994
4003,2663,2658
4003,2673,2663
4003,2658,2669
4003,3970,2673
4004,2672,2676
4004,2676,2677
4004,2677,2678
4004,2678,2679
4004,2679,2680
4004,2680,4005
4006,4005,4007
4006,4004,4005
4008,4006,4007
4009,4008,4007
4009,4007,4010
4011,4009,4010
4011,4010,4012
4013,4011,4012
4014,4013,4012
4014,4012,4015
4016,4014,4015
4017,4018,4019
4020,4016,4015
4020,647,4021
4020,4015,4001
4020,4001,647
4022,4002,4023
4022,2669,4002
4024,2669,4022
4025,2669,4024
4026,4003,2669
4026,2669,4025
4027,3987,2689
4027,2689,2692
4027,2692,2706
4028,4024,4022
4028,4025,4024
4029,3970,4003
4029,4003,4026
4030,4028,4031
4030,2696,4026
4030,4026,4025
4030,4025,4028
4032,3970,4029
4032,2709,2723
4033,2690,2687
4034,4035,4036
4037,2693,2672
4037,4038,2693
4037,4039,4038
4037,2672,4004
4040,2687,2683
4040,4033,2687
4040,2683,2691
4040,2691,1636
4041,4029,4026
4041,2709,4032
4041,2696,2695
4041,2695,2709
4041,4026,2696
4041,4032,4029
4042,4033,4040
4043,4044,2700
4045,2718,4046
4045,2705,2718
4045,2706,2705
4047,4043,2700
4047,2700,2699
4048,2700,4044
4048,4044,4049
4048,2698,2700
4050,2696,4051
4050,2697,2696
4052,2698,4048
4053,2690,4033
4053,1653,2692
4053,4033,4042
4053,2692,2690
4053,1635,1653
4054,4040,1636
4054,1636,1635
4054,4053,4042
4054,1635,4053
4054,4042,4040
4055,2697,4050
4055,2703,2697
4056,2724,2711
4056,2718,2724
4056,4046,2718
4056,2711,4057
4058,2697,2703
4058,2694,2697
4058,2701,2694
4058,2703,2702
4058,2702,2701
4059,2699,2698
4060,2695,2701
4060,2708,2695
4060,2707,2708
4061,2698,4052
4061,4059,2698
4062,2715,2693
4062,2693,4038
4062,4038,4039
4063,2714,2703
4063,4055,2699
4063,2703,4055
4063,2699,4059
4064,4065,4066
4067,2710,2716
4068,4069,4070
4071,4069,4068
4072,4073,4074
4072,4069,4071
4072,4074,4069
4075,2707,2704
4076,4068,4070
4076,4070,4077
4076,4077,4078
4079,4067,2716
4080,2715,4062
4080,2721,2715
4081,4075,2704
4082,4073,4072
4082,4072,4071
4083,4079,2716
4084,4073,4085
4084,2714,4073
4086,4087,4088
4086,177,176
4086,176,2721
4086,2721,4080
4086,4080,4087
4086,4088,1645
4086,1645,182
4086,182,177
4089,4082,4090
4091,4073,4082
4091,4085,4073
4091,4082,4089
4092,2719,2720
4092,2726,2719
4093,4081,2704
4093,2704,4094
4095,4081,4093
4095,4093,4096
4095,4096,2738
4095,2738,2733
4097,2729,2726
4097,2733,2729
4097,2726,4092
4097,4092,2733
4098,4091,4089
4099,2716,2735
4099,4100,4083
4099,4083,2716
4099,2735,2737
4101,4102,4085
4101,4085,4091
4103,4091,4098
4103,4101,4091
4104,4103,4098
4105,4101,4103
4106,4107,4102
4108,4102,4101
4108,4101,4105
4108,4106,4102
4109,1652,1660
4109,2725,2717
4109,2705,1653
4109,2717,2705
4109,1660,2725
4109,1653,1652
4110,4108,4105
4111,4107,4106
4111,4112,4107
4111,4113,4112
4114,4115,2734
4114,2734,2741
4116,4117,4112
4116,4112,4113
4118,4114,2741
4119,2744,2727
4119,2727,2729
4119,2729,2732
4119,2745,2744
4119,2732,2740
4119,2740,2745
4120,4113,4111
4121,2738,4096
4122,2738,4121
4123,2741,2751
4123,2751,2752
4123,4118,2741
4124,4123,2752
4125,2750,2740
4125,2738,4122
4125,2740,2738
4126,4113,4120
4126,4120,4127
4128,2748,2743
4128,2746,2755
4128,2743,2744
4128,2744,2746
4128,2755,2748
4129,4124,2752
4129,2753,4130
4129,2752,2753
4131,4113,4126
4131,4132,4113
4133,2750,4125
4134,2750,4133
4135,4136,1674
4137,2746,2750
4137,2750,4134
4137,4138,2746
4139,4140,4141
4142,4141,4143
4142,4139,4141
4144,2755,2746
4144,2746,4138
4144,4138,4145
4146,4147,4148
4149,4144,4145
4150,2756,2747
4151,4139,4152
4153,4152,4139
4154,2747,2739
4154,2725,1660
4154,1660,1687
4154,2739,2725
4154,4150,2747
4155,4156,4151
4155,4151,4152
4155,4157,4156
4158,4149,4145
4159,4146,1674
4159,1674,1673
4160,2763,2759
4160,2766,2763
4161,4138,4157
4161,4157,4162
4163,4154,1687
4163,4150,4154
4164,4159,1673
4165,2774,2769
4165,2766,4160
4165,2769,2766
4165,4160,2774
4166,4155,4167
4168,4169,4170
4168,4170,2785
4171,4157,4155
4171,4155,4166
4171,4162,4157
4172,4164,1673
4172,2785,4170
4172,1673,2785
4173,2756,4150
4173,1692,1682
4173,1688,1692
4173,1682,2756
4173,4150,4163
4174,4145,4175
4176,1687,1688
4176,1688,4173
4176,4163,1687
4176,4173,4163
4177,4162,4171
4177,4178,4162
4179,4177,4171
4180,4181,4178
4182,4181,4180
4183,4180,4178
4184,4181,4182
4185,4184,4182
4186,2784,2783
4187,4188,4189
4187,4189,4190
4191,2771,2773
4191,1695,2782
4191,1696,1695
4191,2782,2771
4191,2796,1696
4191,2773,2796
4192,4189,4185
4193,4190,4194
4193,4187,4190
4195,2783,2789
4195,4196,4186
4195,4186,2783
4195,2789,2793
4197,4190,4189
4197,4189,4192
4198,4196,4195
4198,4195,2793
4198,2793,2794
4199,2788,2777
4199,2782,1695
4199,2777,2782
4200,2772,2776
4200,2773,2772
4200,2797,2773
4201,2788,4199
4201,4199,1695
4201,1695,2792
4201,2792,2788
4202,4203,4204
4205,2791,2792
4205,1694,2804
4206,1695,1694
4206,2792,1695
4206,4205,2792
4206,1694,4205
4207,2794,1702
4207,4208,4209
4207,4210,4208
4207,4209,2794
4211,2795,2791
4211,2791,4205
4211,4205,2804
4211,2800,2795
4211,2804,2806
4211,2806,2800
4212,4207,1702
4212,1702,1701
4213,2801,2802
4213,4204,4203
4213,2802,4204
4214,1698,1696
4214,1696,2796
4214,2796,2799
4214,2799,2801
4215,4212,1701
4216,1701,1708
4216,4215,1701
4216,4217,4218
4219,2801,4213
4220,2801,4219
4220,4214,2801
4221,4222,4223
4224,4218,4217
4225,4219,4213
4225,4222,4221
4225,4213,4203
4225,4203,4222
4226,715,2800
4226,2814,715
4226,2800,2806
4226,2806,2805
4227,4224,4217
4228,4227,4217
4228,4217,4229
4230,4231,4232
4233,4231,4219
4233,4219,4225
4234,2805,2807
4234,2807,2811
4234,4226,2805
4234,2811,4235
4236,4231,4233
4237,4236,4233
4238,4230,4232
4238,4232,4239
4240,4241,4242
4243,4234,4235
4243,2814,4226
4243,4226,4234
4244,4238,4239
4244,2809,4238
4245,4231,4236
4245,4232,4231
4246,1708,1749
4246,4217,4216
4246,4216,1708
4246,4229,4217
4247,4245,4236
4248,2814,4243
4248,2813,2814
4248,2819,2813
4248,2820,2819
4248,2821,2820
4248,2823,2821
4248,4243,4235
4248,4235,2827
4248,2827,2823
4249,4240,4242
4250,4245,4247
4251,2809,4244
4251,2810,2809
4251,4244,4239
4252,4251,4253
4252,2810,4251
4254,4246,1749
4254,4229,4246
4254,4241,4229
4254,1749,4242
4254,4242,4241
4255,4232,4245
4255,4245,4250
4256,2816,2810
4256,4252,4253
4256,2810,4252
4257,1749,2834
4257,4242,1749
4258,4253,4251
4258,4251,4239
4258,4259,4253
4260,4257,2834
4261,2811,2816
4261,2816,4256
4262,2811,4261
4262,2827,4235
4262,2828,2827
4262,4235,2811
4263,4260,2834
4264,4265,4263
4266,4259,4267
4268,2830,2828
4268,2828,4262
4269,4266,4267
4270,2837,4266
4270,4266,4269
4271,2830,4268
4271,4268,2837
4271,2837,2836
4272,2832,2830
4272,4271,2836
4272,2830,4271
4273,2835,2837
4273,2837,4270
4274,2841,1767
4275,2842,4276
4275,2836,2842
4275,4272,2836
4277,4275,4276
4278,4279,4280
4281,4282,4278
4283,2842,2843
4284,4283,2843
4285,1764,1770
4285,1767,1764
4285,4286,4274
4285,4274,1767
4285,1770,1763
4287,4288,1736
4289,4290,4281
4291,4276,4292
4291,4293,4294
4291,2846,4293
4291,4277,4276
4291,4292,2844
4291,4294,4277
4291,2844,2846
4295,4276,2842
4295,2842,4283
4296,2854,4297
4296,2858,2854
4298,2840,2839
4298,2839,4294
4299,4276,4295
4299,4295,4300
4301,2853,4302
4301,4297,2854
4301,4289,4297
4301,2854,2853
4303,2859,2858
4303,2861,2860
4303,1763,1762
4303,1762,2861
4303,4285,1763
4303,2858,4296
4303,2860,2865
4303,2865,2859
4304,4292,4276
4304,4276,4299
4305,4298,4294
4306,4288,4287
4307,4305,4294
4307,4294,4293
4308,4306,4287
4309,2850,2849
4310,4308,4287
4311,4309,2849
4312,2850,4309
4312,2851,2850
4313,4292,4311
4313,2844,4292
4314,2844,4313
4314,4313,2848
4314,2847,2844
4315,2853,2852
4315,2851,4312
4315,4312,2853
4316,2848,2851
4316,4317,4318
4319,2846,2845
4320,4321,4315
4322,4320,4315
4322,2863,2862
4322,4315,2852
4322,2852,2855
4322,2856,2864
4322,2864,2863
4322,2855,2856
4322,2862,2866
4323,2845,2847
4323,4319,2845
4324,4325,4318
4324,4318,4317
4326,4327,4328
4329,4322,2866
4329,2866,2867
4329,2857,2868
4329,2867,2857
4330,4327,4326
4331,2868,2871
4331,4329,2868
4332,4330,4333
4332,4327,4330
4334,4335,4336
4334,4337,4335
4338,4327,4332
4338,4339,4327
4340,4331,2871
4340,2871,2882
4340,2882,2881
4341,4342,4340
4341,4335,4337
4341,4340,2881
4341,2873,4335
4341,2874,2873
4341,4337,4342
4341,2875,2874
4341,2876,2875
4341,2880,2876
4341,2881,2880
4343,4336,4335
4343,4335,2873
4343,2873,2872
4344,4343,2872
4345,4346,4347
4348,4345,4349
4348,4346,4345
4350,4348,4349
4350,4346,4348
4351,4352,4346
4351,4346,4350
4351,4353,4354
4351,4350,4349
4351,4355,4353
4351,4349,4355
4356,4351,4354
4357,1756,1755
4357,1757,1756
4357,1755,745
4357,1780,2877
4357,2877,2869
4357,1746,1757
4357,745,757
4357,1743,1746
4357,2869,1743
4357,757,1780
4358,4359,4360
4361,2887,4359
4361,2885,2887
4361,4359,4358
4362,4346,4352
4362,4352,4360
4363,4362,4360
4364,2899,2896
4364,1784,2899
4364,2896,4365
4366,4363,4360
4366,4360,4359
4367,4368,4369
4367,2889,4368
4367,2890,2889
4370,4371,4362
4372,4366,4359
4372,2903,4373
4372,4359,2887
4372,2887,2903
4374,4370,4362
4375,2890,4367
4376,4374,4362
4377,4376,4362
4378,4362,4363
4378,4377,4362
4379,2893,2896
4379,2896,2899
4379,2899,1789
4379,1789,2908
4380,2902,4381
4380,4382,2901
4380,2901,2902
4383,2905,2904
4383,2904,2909
4383,4384,4385
4383,4385,2905
4386,2913,2903
4386,2903,2901
4386,2901,4382
4387,4383,2909
4387,4384,4383
4388,2906,4379
4388,2907,2906
4388,4379,2908
4388,2908,2916
4388,2915,2907
4388,2916,2915
4389,2913,4386
4390,4391,4392
4390,2912,2913
4390,2913,4389
4390,4392,2912
4393,4390,4389
4394,2925,2924
4395,4394,4396
4397,4394,4395
4398,1795,1794
4399,4400,4401
4402,4403,4404
4402,4405,4403
4406,4407,4408
4406,4398,1794
4409,4399,4401
4409,4405,4402
4409,4401,4405
4410,4409,4402
4411,4412,2924
4411,4410,4402
4411,4404,4412
4411,2924,2923
4411,4402,4404
4413,2921,4414
4415,4399,4409
4416,4415,4409
4417,4418,4419
4417,4420,4418
4417,2931,2925
4417,2933,2931
4417,2925,4394
4417,4397,4420
4417,4394,4397
4421,4409,4410
4421,4416,4409
4422,2934,2933
4422,2933,4417
4423,4411,2923
4423,2923,2936
4423,4410,4411
4423,4421,4410
4424,2917,2919
4424,2919,2934
4424,2934,4422
4424,2920,2917
4425,1813,1815
4425,1816,1813
4426,4427,4425
4428,2927,2928
4428,2928,4429
4430,2927,4428
4431,2927,4430
4432,2937,2918
4432,4433,2937
4432,2918,2917
4432,2927,4431
4432,2917,2927
4434,1815,1814
4434,4425,1815
4435,2937,4433
4435,2938,2937
4435,4436,2938
4437,2930,2932
4437,2935,2953
4437,2932,2935
4437,2942,2930
4437,4438,2942
4437,2953,4438
4439,4440,2949
4439,4441,4440
4439,4442,4441
4439,2943,2945
4439,2945,4442
4439,2949,2943
4443,2918,2938
4444,2918,4443
4445,4443,2938
4445,2938,4436
4446,2918,4444
4446,2954,2939
4446,2939,2919
4446,2919,2918
4447,4442,2945
4447,2945,2944
4448,274,272
4449,4450,4447
4449,4451,4452
4449,4453,4451
4454,4455,4452
4456,4454,4452
4456,4452,4451
4457,4458,2954
4457,2954,4446
4459,276,274
4459,4460,4461
4459,4448,4460
4459,274,4448
4462,2953,2954
4463,2957,4464
4463,2958,2957
4465,4466,2936
4465,2936,2940
4465,2940,2941
4465,2941,2942
4467,4458,4457
4468,4466,2973
4468,2973,2970
4469,4464,2957
4469,4470,4464
4471,278,276
4471,4459,4461
4471,276,4459
4471,4461,4472
4471,4472,4468
4473,4474,4470
4473,4470,4469
4473,4469,2957
4475,4476,4477
4475,4478,4462
4479,4467,4480
4479,4458,4467
4481,2956,2959
4481,2957,2956
4482,4481,2959
4483,4466,4465
4484,2959,2963
4484,4482,2959
4485,4486,4476
4487,4484,2963
4488,4487,2963
4488,2963,2969
4489,2973,4466
4489,4466,4483
4489,2981,2980
4489,2980,2982
4489,2982,2973
4490,4477,4476
4490,4491,4477
4490,4476,4486
4492,284,282
4492,282,280
4492,278,4471
4492,4468,2970
4492,2970,284
4492,4471,4468
4492,280,278
4493,2975,2974
4493,4494,2975
4495,4491,4490
4496,4491,4495
4497,4493,2974
4498,2981,4489
4498,2983,2981
4498,4499,2983
4500,4499,4498
4501,4497,2974
4501,2974,1829
4502,4503,4504
4505,4506,4507
4505,4507,4508
4509,4501,1829
4509,1829,763
4509,4504,4503
4509,763,4504
4510,4511,4512
4513,4499,4500
4514,4511,4510
4515,2986,2983
4515,1836,2988
4515,2988,2986
4515,2983,4499
4516,1836,4515
4516,4499,4513
4516,4515,4499
4516,1840,1836
4517,4511,4514
4517,4514,4518
4519,2978,2990
4519,2979,2978
4519,3001,284
4519,2990,3001
4519,284,2971
4519,2971,2979
4520,4521,4504
4520,4522,4521
4520,763,762
4520,4504,763
4523,4524,4522
4525,4522,4520
4525,4520,762
4525,4523,4522
4525,2989,4523
4525,2994,2989
4525,762,2994
4526,2989,1847
4526,1844,1843
4526,1845,1844
4526,1846,1845
4526,1847,1846
4527,2991,2995
4528,2996,2991
4528,2993,1843
4528,2991,2993
4528,1842,2996
4528,1843,1842
4529,4527,2995
4529,4530,4527
4531,1839,4532
4531,1836,1839
4531,1837,1836
4533,2995,2996
4534,4533,2996
4534,2996,1842
4535,2997,1837
4535,4531,4536
4535,1837,4531
4535,3009,3008
4535,4537,3009
4535,3008,2997
4538,4534,1842
4538,1842,3004
4539,4540,4541
4539,4541,4542
4543,4538,3004
4544,3001,2999
4544,2999,2998
4544,2998,3000
4545,4540,4539
4545,3004,3005
4545,4543,3004
4545,3005,4540
4546,4542,4541
4547,4546,4541
4547,4541,4540
4548,3008,4549
4548,3000,2997
4548,4544,3000
4548,2997,3008
4548,4549,4550
4548,4550,4551
4552,1852,3006
4552,4553,4554
4552,3006,4553
4555,3007,3009
4555,4554,4553
4556,3001,4544
4556,4548,4551
4556,4544,4548
4556,4551,3019
4557,3014,3001
4557,3001,4556
4557,3019,3018
4557,4556,3019
4557,3018,3014
4558,3007,4555
4558,4553,3006
4558,3006,1851
4558,4559,3007
4558,4555,4553
4560,4549,3008
4560,3007,4559
4560,4561,4549
4560,3008,3007
4562,4558,1851
4562,4559,4558
4562,1851,3011
4563,3017,4559
4563,3011,3017
4563,4562,3011
4563,4559,4562
4564,4549,4561
4564,4550,4549
4565,4550,4564
4565,4566,4567
4565,4567,4550
4565,4564,4566
4568,3017,3016
4569,4551,4550
4570,3016,1861
4570,4568,3016
4571,4551,4569
4571,4572,4551
4573,4574,4575
4576,3028,1864
4576,1864,772
4576,1867,3019
4576,772,1867
4576,3019,4551
4577,769,770
4577,1861,769
4578,770,3029
4578,4575,4577
4578,4579,4575
4578,4577,770
4580,3020,3021
4580,3022,1866
4580,3023,3020
4580,3021,3022
4581,775,773
4581,773,3033
4581,778,775
4582,3036,3023
4583,3023,4580
4583,4580,1866
4583,4582,3023
4584,1875,1876
4584,3035,3034
4584,3034,1875
4585,4582,1879
4585,3038,3036
4585,3036,4582
4585,3040,3038
4585,1879,3040
4586,1876,3039
4586,4584,1876
4586,3035,4584
4587,3037,1874
4587,3035,4586
4587,1874,3035
4587,4586,3039
4588,3037,4587
4588,3043,3037
4589,3043,4588
4589,3047,3049
4589,3045,3047
4590,4589,3049
4590,3043,4589
4591,4590,3049
4591,3043,4590
4591,3044,3043
4592,3044,4591
4592,3046,3044
4593,3046,4592
4593,3050,3046
4594,3050,4593
4595,3048,3053
4595,3053,3054
4596,3050,4594
4596,3052,3050
4597,4596,3059
4597,3052,4596
4598,3059,3058
4598,4597,3059
4599,4598,3058
4600,797,795
4600,795,792
4600,792,3057
4601,4602,3060
4601,3060,809
4601,803,800
4601,806,803
4601,809,806
4603,12,3062
4603,3062,3065
4603,3061,12
4604,17,18
4604,18,19
4604,3066,3063
4604,19,20
4604,20,21
4604,21,22
4604,3063,17
4605,3064,3061
4605,3061,4603
4605,4603,3065
4606,3067,3066
4606,4607,3067
4606,4608,4607
4609,4608,4606
4610,4611,4612
4610,4612,4608
4610,4608,4609
4613,3068,3064
4613,3064,4605
4614,43,44
4614,44,45
4614,45,46
4614,46,47
4614,47,48
4614,48,49
4614,4615,43
4616,4605,3065
4616,4613,4605
4617,4616,3065
4617,4612,4611
4617,4611,4618
4617,3067,4607
4617,4608,4612
4617,4607,4608
4617,3065,3067
4617,4618,4619
4620,4613,4616
4621,3068,4622
4621,3069,3068
4623,4624,4625
4626,4624,4623
4626,4627,4624
4628,1904,3071
4628,3072,4627
4628,4627,4626
4628,4614,49
4628,49,1904
4628,3071,3072
4629,1903,3069
4630,4631,4632
4630,4633,4631
4634,4630,4632
4635,4634,4632
4636,4632,4637
4636,4635,4632
4638,3069,4621
4638,4639,3069
4638,4621,4633
4640,859,1903
4640,1903,4629
4641,4642,4643
4641,4644,4642
4645,3069,4639
4646,4644,4647
4646,4643,4642
4646,4642,4644
4648,4649,3070
4650,4651,4646
4650,4646,4647
4652,3070,3073
4652,3073,3074
4652,4648,3070
4653,4654,4655
4653,4655,4651
4656,4653,4651
4656,4654,4653
4657,4654,4656
4657,4656,4651
4657,4651,4650
4657,4658,4654
4659,869,859
4659,859,4640
4660,4652,3074
4661,4662,4663
4661,4664,4665
4661,4666,4667
4661,4668,4669
4661,4665,4666
4661,4663,4668
4661,4669,4670
4661,4667,4662
4671,3075,4664
4671,3074,3075
4671,4660,3074
4671,4664,4661
4672,4673,4674
4675,3077,869
4676,4677,4674
4676,4674,4673
4678,4679,4680
4681,4678,4680
4682,4681,4680
4683,4682,4680
4684,4683,4680
4685,4684,4680
4686,4685,4680
4687,4680,4688
4687,4686,4680
4689,4687,4688
4690,4689,4688
4691,4690,4688
4692,4691,4688
4693,4694,4695
4693,4696,4697
4693,4697,4698
4693,4699,1912
4693,1952,1950
4693,4698,4700
4693,4701,4702
4693,4703,4704
4693,4688,4696
4693,4692,4688
4693,4704,4705
4693,4706,4707
4693,4702,4708
4693,4707,4709
4693,4710,4711
4693,4712,4694
4693,4700,4706
4693,4713,4714
4693,4695,4699
4693,4715,4716
4693,4709,4703
4693,4714,4710
4693,4717,4701
4693,4708,4712
4693,4711,4715
4693,4718,4717
4693,4719,4720
4693,4721,4722
4693,4716,4719
4693,1912,1916
4693,4722,4718
4693,4720,4721
4693,1916,1952
4693,4705,4713
4723,4677,4676
4723,4724,4725
4723,4725,4726
4727,3077,4726
4727,4726,4725
4727,4725,3080
4728,4727,3080
4728,3076,3077
4728,3077,4727
4728,3080,3079
4729,3076,4728
4729,4728,3079
4729,3079,3084
4729,3084,3076
4730,4725,4724
4730,4724,4731
4730,3080,4725
4732,3104,3103
4732,1944,3104
4732,1945,1944
4732,3094,3093
4732,4693,1950
4732,3095,3091
4732,3091,3090
4732,3093,3095
4732,3103,3105
4732,1950,1945
4732,3106,3094
4732,3105,3106
4733,4734,3082
4733,4731,4734
4733,3082,3081
4735,4730,4731
4735,4731,4733
4736,3078,3080
4736,4737,3078
4738,4739,4740
4738,3079,3078
4738,4737,4739
4738,3078,4737
4741,3090,3089
4741,3081,3083
4741,3083,3090
4741,3089,3088
4741,3088,3081
4742,3087,4743
4742,3085,3087
4742,4743,4737
4742,4744,3085
4745,1939,3084
4745,4738,4740
4745,3084,3079
4745,3101,1939
4745,4740,3101
4745,3079,4738
4746,4743,3087
4746,3087,3086
4746,3086,4747
4746,4747,4748
4749,4746,4748
4750,4739,4749
4751,3089,3092
4751,3092,3102
4751,3088,3089
4752,4740,4739
4752,4739,4750
4752,4750,4753
4752,4753,4754
4755,3086,3088
4755,4751,3102
4755,3088,4751
4755,3102,3107
4756,3086,4755
4756,4747,3086
4756,4755,3107
4757,3101,4740
4758,4757,4740
4758,4740,4752
4758,4752,4754
4758,4754,4759
4758,4759,4757
4760,3117,4747
4760,3109,3117
4760,4756,3107
4760,3107,3109
4760,4747,4756
4761,3117,1942
4762,3100,3101
4762,4757,4759
4762,3101,4757
4763,3100,4762
4763,3111,3097
4763,3097,3100
4763,3114,3111
4764,4761,1942
4764,4753,4761
4764,1942,1941
4764,4754,4753
4765,3111,3114
4765,3114,3113
4766,4767,3108
4766,3119,4767
4766,3099,3119
4766,3108,3099
4768,3123,3113
4768,3113,1941
4768,1940,3123
4768,1941,1940
4769,3113,3123
4769,4765,3113
4769,3111,4765
4769,3112,3111
4769,4770,3112
4771,3108,4767
4771,3124,3118
4771,3118,3108
4772,3115,3112
4772,4773,3119
4772,3119,3115
4774,4769,3123
4774,4770,4769
4774,4775,4770
4774,3123,3122
4774,4776,4775
4777,4767,3119
4777,3119,4773
4778,4773,4772
4779,4767,4777
4779,4777,4773
4780,4775,4776
4781,3122,3126
4781,4780,4776
4781,4774,3122
4781,4776,4774
4781,4782,4780
4781,3126,4782
4783,3127,3124
4783,3124,4771
4783,4779,4784
4783,4767,4779
4783,4771,4767
4785,4784,4779
4786,4787,4788
4789,4782,3126
4789,3129,4790
4791,3121,1947
4791,3126,3121
4791,3133,3129
4791,4789,3126
4791,1947,3133
4791,3129,4789
4792,4784,4785
4792,4793,4784
4794,3127,4783
4794,4783,4784
4794,3128,3127
4794,4784,4793
4795,1959,3125
4795,1960,1959
4795,3125,3134
4796,4793,4792
4797,3132,3128
4797,3128,4794
4797,4794,4793
4798,4799,4800
4798,4800,4801
4802,4803,4790
4802,3129,3130
4802,4790,3129
4804,4802,3130
4805,4798,4801
4805,4799,4798
4806,4807,3132
4806,3132,4797
4808,4804,3130
4808,3137,4801
4809,3132,4807
4809,3131,3132
4809,3135,3131
4810,4806,4811
4810,4807,4806
4812,4808,3130
4812,3137,4808
4812,1961,1963
4812,3130,1961
4812,3138,3137
4812,1963,3138
4813,4814,3137
4813,3137,3136
4815,4795,3134
4815,1960,4795
4815,3134,3135
4816,4809,4807
4817,4818,4813
4817,4813,3136
4819,4820,3140
4821,3139,1970
4821,3142,3141
4821,1970,3142
4822,3139,4821
4823,3141,3143
4824,3149,3148
4824,4819,3140
4824,3148,4825
4824,3140,3149
4826,4825,3148
4827,4826,3148
4827,3148,3152
4828,4827,3152
4829,4830,4831
4832,4828,3152
4832,3152,3166
4833,2038,2031
4833,2031,3147
4833,3147,3164
4834,4835,4836
4834,3168,4835
4834,4833,3164
4834,4836,2038
4834,2038,4833
4834,3164,3168
4837,4836,4835
4837,2037,2038
4837,2038,4836
4838,3172,3175
4838,3166,3172
4838,3175,4839
4838,4840,3166
4841,3169,4842
4841,3168,3169
4843,3168,4841
4844,2037,4837
4844,3170,2037
4845,3175,3174
4845,3176,3177
4845,3174,3176
4846,4847,4848
4846,4848,3170
4846,3170,4844
4849,4845,3177
4850,3173,3170
4850,3170,4848
4851,4846,4852
4851,4852,4853
4854,4848,4847
4854,4850,4848
4855,3163,334
4855,3192,3194
4855,904,3171
4855,334,3179
4855,3171,3163
4855,3179,3192
4855,3194,904
4856,4850,4854
4857,4858,4859
4857,4860,4858
4861,3178,3173
4861,4850,4856
4861,3173,4850
4862,2051,3180
4862,3177,2051
4862,4859,4858
4862,3180,4859
4863,4861,4856
4864,3182,3178
4864,3178,4861
4864,4861,4863
4865,3182,4864
4866,3182,4865
4867,3182,4866
4867,3181,3182
4867,3191,3181
4868,3191,4867
4869,3187,3195
4869,4870,3188
4869,3188,3187
4871,4869,3195
4872,4871,3195
4872,4873,4871
4872,3195,3198
4874,4868,4875
4876,3189,3190
4876,3193,3189
4877,4876,3190
4878,3193,4876
4878,3201,3193
4879,3201,4878
4880,3201,4879
4880,3202,3201
4881,4882,3209
4881,4883,4882
4884,3209,3208
4885,2098,3202
4886,4887,4888
4889,2098,4885
4890,3209,4882
4890,3207,3209
4890,3200,3207
4890,4882,3196
4890,3196,3200
4891,2098,4889
4891,3206,2098
4891,4892,3206
4893,4894,3208
4893,4895,4894
4893,3208,3210
4896,4895,4893
4897,4891,4889
4898,2097,3206
4898,2107,906
4898,906,2097
4898,3212,2107
4899,4896,4893
4899,4893,3210
4899,3210,2109
4900,4899,2109
4901,4897,4902
4903,3206,4892
4903,4898,3206
4904,4901,4905
4906,4903,4892
4907,4900,2109
4907,4908,4900
4909,4906,4904
4910,4907,2109
4911,4912,4913
4914,2109,2108
4914,2108,2112
4914,4910,2109
4914,2112,3216
4915,3212,4916
4917,4914,3216
4918,4919,3218
4920,4921,4922
4923,4924,4925
4923,4925,4926
4927,2114,359
4927,2119,2114
4927,2107,3214
4927,359,2107
4928,4923,4926
4928,3215,4923
4929,4918,3218
4929,4930,4931
4929,3218,3217
4929,3217,4930
4932,3214,3213
4932,3213,3215
4933,3214,4932
4934,4935,4936
4937,3219,2104
4937,2104,3225
4937,3225,3223
4937,3223,3219
4938,3228,4939
4938,4939,4940
4938,3227,3228
4941,4942,4943
4941,3226,4942
4941,3228,3226
4941,4939,3228
4944,4941,4943
4945,4943,4942
4945,4942,3226
4945,2134,3233
4945,3226,2134
4946,3230,4947
4946,4947,3232
4946,3229,3230
4946,4948,3229
4946,3232,3234
4949,4948,4946
4949,4946,3234
4949,3234,3231
4950,4951,4948
4952,2120,4953
4952,2115,2120
4952,4953,4954
4955,4950,4948
4956,4949,3231
4956,4955,4948
4956,3231,3235
4956,3235,4957
4956,4948,4949
4958,4952,4954
4958,2158,925
4959,3238,4960
4961,4954,4962
4963,4962,4964
4965,4963,3237
4966,4961,4967
4966,3243,3240
4968,4965,3237
4968,3237,3246
4969,4966,4967
4969,3243,4966
4970,4968,3246
4971,3248,3247
4971,4969,3248
4971,4972,4973
4971,3247,4972
4974,3242,3245
4975,4976,4977
4975,4977,4974
4975,3245,3244
4975,4974,3245
4978,3246,3250
4978,3250,3249
4978,3249,3248
4978,3248,4970
4978,4970,3246
4979,4980,4972
4979,3247,3249
4979,4972,3247
4981,4974,4977
4981,3251,2167
4981,4977,4982
4983,4977,4976
4983,4982,4977
4984,3249,3253
4984,4979,3249
4985,4983,3262
4985,4982,4983
4986,2169,3260
4986,2161,2169
4987,4984,3253
4987,3253,3255
4987,3255,3262
4988,3262,3261
4988,4985,3262
4989,3254,3251
4990,3267,4991
4990,4992,3267
4993,3254,4989
4993,4990,4991
4993,4989,4990
4994,3271,3259
4994,3259,2161
4994,3264,3271
4994,3260,3264
4994,2161,4986
4994,4986,3260
4995,4993,4991
4995,3260,3254
4995,3254,4993
4996,3260,4995
4996,3265,3260
4997,4996,3268
4997,3265,4996
4997,3268,3266
4998,4999,5000
5001,4998,5000
5002,2172,2171
5002,3311,3310
5002,3313,3312
5002,3315,3314
5002,3317,3316
5002,3312,3317
5002,3314,3313
5002,3321,3320
5002,3320,3319
5002,2186,2202
5002,3323,3322
5002,3322,3324
5002,3316,3311
5002,3326,3325
5002,3325,3321
5002,3329,3328
5002,3328,3323
5002,3319,3330
5002,3324,3326
5002,2202,3334
5002,3331,3315
5002,3333,3332
5002,2171,2186
5002,3332,3329
5002,3334,3333
5002,3330,3331
5003,3272,5004
5003,5005,3273
5003,5006,5005
5003,5007,5006
5003,5008,5009
5003,5009,5007
5003,3273,3272
5010,5011,3292
5012,2197,2196
5012,2196,2194
5012,5005,2197
5012,3274,3273
5012,2191,3274
5012,3273,5005
5012,2194,2192
5012,2189,2191
5012,2192,2189
5013,5010,3292
5014,5002,3310
5014,3318,3302
5014,5000,5002
5014,3302,3292
5014,3310,3327
5014,5011,5000
5014,3327,3318
5014,3292,5011
5015,5008,5016
5017,2195,2197
5017,2197,5005
5017,3288,2195
5017,5005,5006
5017,5006,5007
5017,5008,5015
5017,5009,5008
5017,5007,5009
5018,3293,3289
5018,5019,3296
5018,3296,3295
5018,3295,3293
5018,3288,5017
5018,3289,3288
5020,3296,5019
5020,3299,3296
5020,3292,3291
5020,3291,3299
5020,5013,3292
5021,1007,1006
5021,1006,3282
5021,3282,3283
5022,2199,2198
5023,3286,3285
5023,5022,2198
5023,2198,3286
5024,5023,3285
5025,3285,3287
5025,5024,3285
5026,5025,3287
5027,5026,3287
5028,5027,3287
5029,3287,3294
5029,5028,3287
5030,3291,3290
5030,3301,3303
5030,3309,3337
5030,3306,3307
5030,3308,3309
5030,3305,3306
5030,3299,3291
5030,3307,3308
5030,3303,3304
5030,3304,3305
5030,3337,3341
5030,3290,3301
5031,2206,1007
5031,1007,5021
5031,5032,2206
5033,5032,5031
5034,5035,5036
5037,5035,5034
5038,5039,5040
5038,5032,5033
5038,5033,5041
5038,5040,5042
5038,5042,5032
5043,5039,5038
5044,5045,5039
5044,5039,5043
5046,5047,5035
5046,5048,5047
5049,5046,5035
5049,5035,5050
5049,5048,5046
5051,3355,3353
5051,5052,5053
5051,5053,5054
5051,5054,5045
5051,5045,5044
5051,3353,5052
5055,5056,5057
5058,5040,5039
5058,5053,5052
5058,5039,5045
5058,5042,5040
5058,5054,5053
5058,5045,5054
5058,3352,5059
5058,5052,3353
5058,3353,3352
5058,5032,5042
5060,5056,5055
5060,5061,5056
5060,5055,5048
5062,5061,5060
5062,5060,5048
5063,5061,5062
5063,5062,5048
5064,5065,5066
5064,5066,5061
5064,5067,5065
5064,5063,5048
5064,5061,5063
5064,5048,5049
5068,5069,5070
5068,5058,5059
5071,3356,5072
5071,3354,3356
5071,5072,5057
5071,5056,5061
5071,5061,3357
5071,5057,5056
5073,5074,5075
5073,5066,5065
5073,5061,5066
5073,3357,5061
5073,5067,5076
5073,5065,5067
5073,5075,5077
5073,5076,5074
5078,5073,5077
5078,3357,5073
5079,3357,5078
5079,5077,5080
5079,5078,5077
5081,3348,3347
5081,5082,3349
5081,3349,3348
5081,3347,2221
5081,5079,5080
5081,5080,5082
5081,2220,3357
5081,2221,2220
5081,3357,5079
5083,3350,3345
5083,5084,5085
5083,3345,5084
5086,5083,3378
5086,3350,5083
5087,3372,5088
5087,5089,3370
5087,3370,3372
5087,3363,3369
5087,5090,3363
5087,5091,5090
5087,5092,5091
5087,5093,5092
5087,5088,5093
5094,3336,3375
5094,3376,2214
5094,3375,3376
5094,2214,3336
5095,5086,3378
5095,3350,5086
5095,3362,3350
5096,5097,5098
5096,5099,5100
5096,5100,5097
5096,5101,5099
5096,3374,3373
5096,3373,5101
5102,5098,3371
5102,3370,5089
5102,3371,3370
5102,5089,5096
5102,5096,5098
5103,3372,3371
5103,5088,3372
5103,5091,5092
5103,5092,5093
5103,5093,5088
5104,3362,5095
5104,3382,3362
5105,3371,5098
5105,5098,5097
5105,5100,5099
5105,5097,5100
5105,5099,5101
5105,5101,3373
5105,3373,3380
5106,3379,5107
5108,3379,5106
5109,3382,5104
5110,5108,5111
5110,3377,3379
5110,3379,5108
5112,3380,3383
5113,3383,3384
5113,5112,3383
5113,5111,5112
5114,3377,5110
5115,3382,5109
5116,3385,2149
5116,2272,3385
5116,2156,2271
5116,2271,2272
5116,2149,2156
5117,5118,3389
5117,3381,3382
5117,3382,5115
5117,3387,3381
5117,3389,3387
5119,5120,3384
5119,3384,3386
5121,5122,5123
5124,5125,5121
5126,3386,1020
5126,5127,3386
5128,5126,1020
5129,3392,3390
5130,5131,5132
5133,3392,5129
5134,5130,5132
5135,3392,5133
5135,3394,3392
5136,5132,3398
5136,5137,5134
5136,5134,5132
5138,3404,3403
5138,2230,3393
5138,3393,3404
5139,1056,3399
5140,3398,3395
5140,5136,3398
5141,5140,3395
5142,3400,2230
5142,3403,3400
5142,2230,5138
5142,5138,3403
5143,3394,5135
5144,5143,5135
5145,3398,5132
5145,5139,3399
5145,3396,3398
5145,5132,5131
5146,3395,3397
5146,5141,3395
5147,3406,3405
5148,3399,3413
5148,5145,3399
5148,3396,5145
5149,3406,5147
5149,3411,3410
5149,5147,3411
5150,3407,3396
5150,5148,3413
5150,3396,5148
5151,3406,5149
5151,3410,3421
5151,3421,3406
5151,5149,3410
5152,3430,5153
5152,1135,3423
5152,3423,3430
5152,2247,1135
5154,3406,3421
5154,3421,3420
5154,3409,3406
5155,5156,5157
5158,5155,5157
5159,3440,3425
5159,3413,3415
5159,3425,3427
5159,3415,3440
5159,5150,3413
5160,3419,3416
5160,3416,3409
5161,3419,5160
5161,5162,3419
5163,5164,5165
5166,2247,5152
5166,2270,2247
5166,5153,5167
5166,5152,5153
5166,3451,2270
5168,3424,3426
5168,5157,3424
5169,3419,5162
5170,5171,5172
5170,5172,3435
5170,3435,3436
5173,3432,3437
5173,3415,3414
5173,3414,3432
5173,3437,3438
5174,5153,3430
5175,3443,3442
5175,5168,3426
5175,3426,3443
5176,3441,3443
5176,3425,3441
5176,3426,3425
5176,3443,3426
5177,3415,5173
5177,5173,3438
5178,3438,3445
5178,5177,3438
5178,3415,5177
5178,3440,3415
5179,5175,3442
5179,3442,3448
5180,5178,3445
5180,3440,5178
5181,5179,3448
5181,3448,2327
5182,2244,2239
5182,5183,2244
5182,2340,5184
5182,5185,5183
5182,5186,5185
5182,5187,5186
5182,5184,5187
5182,2239,3446
5188,3445,2322
5188,2322,3449
5188,3439,3440
5188,3440,5180
5188,3449,3439
5188,5180,3445
5189,5182,3446
5189,2340,5182
5189,3446,2324
5189,2324,2340
5190,2326,5191
5190,2327,2326
5190,5181,2327
5192,5167,5153
5193,5166,5167
5193,3451,5166
5193,5194,3451
5195,2326,2325
5196,5195,2325
5197,3454,3456
5197,3456,2336
5197,3457,3454
5197,2336,3457
5198,3455,3457
5198,3457,3458
5198,3458,3459
5199,3452,3451
5199,3451,5194
5200,2321,2241
5200,2243,2242
5200,2244,5183
5200,2242,2244
5200,5184,2340
5200,5183,5185
5200,5185,5186
5200,5186,5187
5200,5187,5184
5200,2241,2243
5201,2340,2341
5201,2341,3483
5201,3483,5200
5201,5200,2340
5202,2333,2334
5202,2325,2330
5202,2334,3464
5202,3464,3463
5202,2330,2332
5202,2332,2333
5203,5204,5205
5206,3463,3469
5207,3461,3452
5208,5206,3469
5209,5210,3481
5209,3461,5207
5209,3481,3461
5211,3470,3471
5211,3467,3478
5211,3471,3467
5211,3478,3484
5212,3476,3470
5212,3470,5211
5212,5211,3484
5213,3475,3476
5213,3469,3472
5213,3472,3473
5213,3473,3474
5213,3474,3475
5214,2321,5200
5214,292,291
5214,293,2321
5214,2350,292
5214,291,293
5214,5200,3483
5215,5213,3476
5216,5208,3469
5216,3469,5213
5216,5217,5208
5218,5212,3484
5218,3476,5212
5219,5215,3476
5219,3476,5218
5220,3481,5210
5221,3481,5220
5222,5223,5224
5225,2351,2350
5225,5214,3483
5225,2350,5214
5226,5216,5213
5226,5213,5215
5226,5215,5219
5227,5220,5210
5227,5221,5220
5228,5226,5219
5229,5228,5219
5230,5229,5219
5231,5230,5219
5232,3480,3481
5232,3481,5221
5232,5233,3480
5234,2351,5225
5234,2352,2354
5234,2354,2351
5234,5225,3483
5234,3483,3482
5234,3482,2352
5235,5218,3484
5235,5219,5218
5235,3484,3485
5235,5231,5219
5236,5222,5224
5237,5233,5232
5238,5239,3490
5240,3490,3489
5240,5238,3490
5241,5233,5237
5242,5243,5244
5245,3490,5239
5245,3493,3490
5245,3494,3493
5245,3495,3494
5245,5239,5246
5247,3486,3480
5247,3480,5233
5247,3487,3486
5248,5245,5249
5250,5248,5249
5250,5249,5251
5250,5251,5252
5250,5252,5253
5250,5253,5254
5255,5256,5242
5255,5242,3499
5255,3499,3498
5257,5255,3498
5258,2365,2360
5258,2339,3479
5258,2358,2339
5258,2343,2345
5258,3479,2343
5258,2345,2365
5258,2360,2358
5259,3487,5247
5260,5245,5248
5260,3495,5245
5260,5248,5250
5260,5250,5254
5261,3501,3500
5261,3502,3501
5262,3489,3488
5262,3502,5261
5262,3491,5263
5262,3488,3491
5264,3505,3487
5264,3487,5259
5265,3492,3495
5265,3495,5260
5266,5254,3515
5266,5260,5254
5266,5265,5260
5267,5266,3515
5267,5265,5266
5268,5269,3508
5270,3515,3514
5270,5267,3515
5271,5270,3514
5272,5263,3491
5273,2349,3509
5273,290,2349
5273,1234,290
5273,3516,1234
5273,2372,3516
5273,3509,2372
5274,3496,3502
5274,3510,3496
5275,5271,3514
5275,5272,5271
5276,3504,3503
5276,5277,3504
5276,3503,3506
5276,3506,3507
5276,3507,5278
5276,5279,5277
5280,5275,3514
5280,5281,5275
5280,3514,3517
5282,5274,2369
5282,3510,5274
5282,3513,3510
5282,2368,3513
5282,2369,2368
5283,2364,3504
5283,3504,5277
5283,2363,2364
5283,5284,2363
5283,5277,5279
5285,5286,5287
5288,5289,5281
5288,3518,5289
5288,5281,5280
5288,5280,3517
5288,3517,3518
5290,5291,3511
5290,5287,5291
5290,3511,3512
5290,3512,3513
5290,3513,2368
5292,5285,3522
5292,5293,5285
5292,5294,5293
5292,5295,5294
5292,3522,3521
5296,2367,2369
5297,2367,5296
5298,5290,2368
5298,5287,5290
5298,5285,5287
5298,3522,5285
5298,3520,3522
5299,5284,5300
5299,5300,5301
5302,5295,5292
5302,5292,3521
5302,5303,5304
5302,3521,5303
5305,2363,5284
5305,5284,5306
5307,5284,5299
5307,5306,5284
5307,5301,5308
5307,5299,5301
5309,5310,5304
5311,2363,5305
5311,2366,2363
5312,5306,5307
5312,5307,5308
5313,5306,5312
5314,5315,5309
5314,5309,5304
5314,5304,5303
5316,2366,5311
5317,5314,5303
5318,3523,3525
5318,3519,3523
5318,3525,2367
5319,2377,2366
5319,5320,2377
5319,5321,5320
5319,2366,5316
5322,2368,3524
5323,1229,1234
5323,1340,2382
5323,2382,1229
5323,1234,3516
5323,3516,2371
5323,2371,1340
5324,5322,3524
5324,3541,3540
5325,2377,5320
5325,3527,2377
5325,3528,3527
5326,5303,5327
5328,3525,3547
5328,3524,3525
5329,3534,3531
5329,5330,3534
5331,3527,3526
5332,5331,3526
5333,3527,5331
5333,3529,3527
5334,5328,3547
5334,2385,3542
5334,3547,2385
5335,2383,3530
5335,5336,3535
5335,3530,5336
5335,3535,2383
5337,3530,3529
5337,3529,5333
5338,3530,5337
5338,5336,3530
5339,3531,3537
5340,5338,5341
5340,5336,5338
5342,3550,5343
5342,3543,3550
5344,5345,5346
5344,5347,5345
5348,3555,3540
5349,5347,5344
5349,5350,5351
5349,5351,5347
5352,5346,5345
5352,5353,5354
5355,5356,3558
5355,3536,5356
5355,3558,3557
5357,3556,3562
5358,1285,3536
5358,1291,1285
5358,3536,5355
5359,3562,3576
5359,3555,5357
5359,5357,3562
5359,3551,3555
5359,3576,3551
5360,3550,3570
5360,5343,3550
5360,3570,2390
5361,3560,3561
5361,3566,3565
5361,3561,3566
5362,5361,3565
5362,3560,5361
5363,3557,3560
5363,3560,5362
5364,3569,1293
5364,1291,5358
5364,1293,1291
5365,3565,3564
5365,3564,3577
5365,5362,3565
5365,3577,5366
5367,5368,3569
5367,5363,5366
5369,3568,5350
5369,1314,3568
5369,1315,1314
5369,1318,1315
5370,5360,2390
5371,3577,1306
5371,1306,2389
5371,5367,5366
5371,5366,3577
5372,1302,3569
5372,3569,5368
5372,2389,1302
5372,5371,2389
5373,1327,1326
5373,1331,1330
5373,1332,1331
5373,1326,1321
5373,1330,1327
5373,2390,1332
5373,5370,2390
5374,3580,3583
5374,3583,3584
5374,3586,3588
5374,3584,3586
5374,3581,3580
5375,3587,2390
5375,3582,3581
5375,3588,3587
5375,2390,3582
5375,5374,3588
5375,3581,5374
5376,1292,1304
5376,1304,3590
5377,2410,2400
5377,2400,1292
5377,1292,5376
5377,2414,2410
5378,5379,2414
5378,2414,5377
5380,1307,3593
5380,1308,1307
5381,5379,5378
5381,5378,3590
5381,3590,3589
5381,3589,5382
5383,2414,5379
5383,2413,2414
5384,5382,5380
5384,5380,3593
5385,5383,5379
5385,5386,5383
5385,5387,5386
5388,5386,3600
5388,3600,2413
5388,5383,5386
5388,2413,5383
5389,5384,3593
5389,3593,3601
5390,3602,3596
5390,3596,5387
5390,5391,3602
5390,5387,5385
5392,1325,1329
5392,1344,1349
5392,1329,1336
5392,1349,1358
5392,1336,1344
5393,5392,1358
5394,1370,1364
5395,5394,1364
5395,3608,3615
5395,1364,3608
5396,3596,3598
5396,5387,3596
5396,3600,5386
5396,5386,5387
5397,3600,5396
5397,3599,3600
5397,5396,3598
5398,3595,3599
5399,3595,5398
5399,3592,3595
5400,5394,5395
5400,5395,3615
5400,5401,5394
5402,5399,3626
5402,3609,3603
5402,3603,3594
5402,3592,5399
5402,3591,3592
5402,3594,3591
5403,3599,5397
5403,5404,5398
5403,5398,3599
5405,3601,1383
5405,3602,3601
5405,1383,5406
5405,5406,5407
5405,5407,3597
5405,3597,3602
5408,3604,3597
5408,5407,5406
5408,3597,5407
5409,3620,3613
5409,3609,5402
5409,3622,3620
5409,3623,3622
5409,3624,3623
5409,5402,3626
5409,3613,3609
5410,5411,5412
5410,3616,5411
5410,3605,3616
5410,5412,5413
5414,1328,1325
5414,1325,5392
5414,3618,1328
5414,5415,3618
5414,5416,5415
5417,2435,5418
5417,1382,2435
5417,3604,5408
5417,5406,1383
5417,5408,5406
5417,1383,1382
5417,3616,3604
5419,3632,3624
5419,3626,3625
5419,5409,3626
5419,3624,5409
5420,5421,5411
5420,5411,3616
5420,5417,5418
5420,3616,5417
5420,5418,5421
5422,2419,3579
5422,3579,5423
5424,5418,2435
5424,5411,5421
5424,5425,5411
5424,2435,2434
5424,5421,5418
5426,5427,5428
5429,5426,5430
5429,5430,5431
5432,3636,3638
5432,3629,3636
5432,3638,5427
5432,5426,5429
5432,5427,5426
5433,5424,2434
5433,2434,5434
5433,5435,5436
5433,5436,5437
5433,5434,5435
5438,5435,3635
5438,3635,3632
5439,1405,2426
5439,3611,3610
5439,3612,3621
5439,3610,3612
5439,2426,2429
5439,2429,3611
5439,5440,1405
5441,5442,3634
5441,3635,5435
5441,5443,5442
5441,3634,3635
5441,5435,5434
5444,3637,3639
5444,2434,3637
5445,5443,5446
5447,5448,5440
5447,5449,5448
5447,5440,5439
5447,5439,5450
5451,5452,5453
5454,5451,5453
5455,5427,3638
5455,3638,2453
5455,2453,3644
5455,5454,5453
5455,5453,5427
5456,5457,5458
5456,5458,5459
5456,5460,5457
5461,3640,2438
5461,3619,3642
5461,2438,3631
5461,2463,3640
5461,3631,3619
5461,3642,2463
5462,5463,5464
5462,5460,5456
5462,5464,5460
5462,5447,5450
5462,5449,5447
5462,5450,5463
5465,5466,3639
5465,2450,3643
5465,3639,2450
5467,5440,5448
5467,3647,3646
5467,5448,5449
5467,3646,1400
5467,1400,1405
5467,1405,5440
5468,5449,5462
5469,3647,5467
5469,5467,5449
5470,3644,1421
5470,1421,1416
5471,3647,5469
5471,5449,5468
5471,5469,5449
5472,3641,3640
5472,2463,3645
5472,3645,3641
5472,3640,2463
5473,5474,3652
5475,3652,3651
5475,3648,3647
5475,5473,3652
5475,3651,3648
5475,3647,5473
5476,3649,2467
5476,5474,3649
5476,3652,5474
5476,3656,3652
5476,2467,3656
5477,3651,3653
5477,5478,3655
5477,3655,3651
5479,2455,2456
5479,2456,3663
5479,2464,2455
5479,3663,3665
5479,3665,2464
5480,3655,5478
5480,3658,3655
5481,3658,5480
5481,3663,3658
5482,5478,5477
5482,3661,3664
5482,5477,3653
5482,3653,3661
5483,3660,3667
5483,3668,2462
5483,2462,3660
5483,3667,3668
5484,2468,2462
5484,2479,2468
5485,3664,3669
5485,5482,3664
5485,5478,5482
5486,5487,5488
5486,5488,2419
5489,3665,3663
5489,3666,3665
5490,3666,5489
5490,5489,3675
5491,3672,3676
5491,3676,3675
5491,3675,5492
5491,3669,3672
5493,5494,2473
5493,3666,5490
5493,5490,3675
5493,3675,3674
5493,2473,3666
5495,5494,5493
5495,5493,3674
5496,3676,3672
5496,3674,3676
5497,2480,2486
5497,2490,3673
5497,3673,3662
5497,3662,2478
5497,2478,2480
5498,3674,5496
5499,3686,3682
5499,2473,5494
5499,2474,2473
5499,2476,2474
5499,3681,2476
5499,3682,3681
5500,5496,3672
5500,5498,5496
5500,3694,3699
5500,3671,3694
5500,3672,3671
5501,2490,3684
5501,3678,3673
5501,3684,3678
5501,3673,2490
5502,2477,3679
5502,3692,3696
5502,3679,3692
5503,3698,2485
5503,2485,2481
5503,2481,2471
5503,2476,5504
5503,2471,2476
5505,2476,3680
5505,3680,3683
5505,3683,3687
5505,5504,2476
5506,5505,3687
5507,3687,3689
5507,5506,3687
5508,5500,3699
5508,3699,5509
5510,3693,2491
5510,3691,3693
5511,2487,5512
5511,5512,3696
5511,3696,3695
5511,3702,2487
5511,3695,3702
5513,3694,3691
5513,5510,2491
5513,3691,5510
5514,5487,3710
5514,3710,3709
5514,5488,5487
5515,5516,5517
5518,3700,3694
5518,3724,3700
5518,2491,3721
5518,3694,5513
5518,3721,3724
5518,5513,2491
5519,5515,5520
5521,3703,3705
5522,3705,5519
5522,5521,3705
5523,3703,5521
5523,3707,3703
5524,3700,3724
5524,3724,3720
5524,3720,3725
5525,5526,3730
5525,3730,3729
5527,2513,1520
5527,5488,5514
5527,2419,5488
5527,1520,2419
5528,3727,3719
5528,3719,3708
5528,3707,5529
5528,3704,3707
5528,3708,3704
5530,3728,3701
5530,3700,5524
5530,3725,3728
5530,3701,3700
5530,5524,3725
5531,3731,3721
5531,2491,2488
5531,2488,5532
5531,3721,2491
5533,3727,5528
5534,5525,3729
5534,5535,5536
5537,2494,3727
5538,3728,3726
5538,3729,3728
5539,5537,3727
5539,5540,5537
5539,3727,5533
5541,3732,3731
5541,5542,3732
5543,5537,5540
5543,2494,5537
5543,2500,2494
5544,3745,3747
5544,5538,3726
5544,3726,3745
5545,5540,5539
5546,2496,2498
5546,5547,2496
5546,5542,5547
5548,3733,3732
5549,2498,3737
5549,5546,2498
5550,5551,5536
5552,3723,3733
5553,5554,5555
5553,5540,5545
5553,5545,5554
5556,3723,5552
5557,3723,5556
5558,5555,5554
5558,5550,3741
5558,5554,5550
5559,5535,5544
5559,5544,3747
5560,3735,3723
5560,3723,5557
5561,5535,5559
5561,5559,3747
5561,3747,3746
5562,5535,5561
5562,5536,5535
5563,3735,5560
5564,5536,5562
5564,5550,5536
5564,3741,5550
5564,5562,3753
5565,3739,3735
5565,3735,5563
5566,2500,5567
5566,5567,5568
5566,2506,2500
5569,5568,5567
5570,3739,5565
5570,3748,3739
5571,2506,5566
5572,5573,5574
5572,5574,2505
5572,2505,2506
5572,2506,5571
5575,5568,5569
5576,3741,5564
5576,5564,3753
5576,3742,3741
5577,5578,5568
5577,5568,5575
5577,5575,3751
5579,3754,5580
5579,2508,3754
5581,5578,5582
5583,3742,5576
5584,3750,3759
5585,3754,3757
5586,2505,5574
5586,2510,2505
5586,5574,5587
5588,5585,3757
5589,3761,3750
5589,3750,3749
5590,2510,5586
5591,5592,2512
5591,5593,5592
5591,2512,2510
5591,2510,5590
5594,5595,5596
5597,3755,3756
5598,2511,3766
5598,3769,5599
5598,3766,3769
5598,3757,2511
5600,5593,5596
5601,3759,3760
5602,3769,3768
5603,5604,5602
5603,3756,5604
5605,5593,5600
5605,5600,3772
5606,3756,5603
5606,5597,3756
5607,2513,3764
5607,5608,5609
5607,3764,3763
5607,5609,2513
5610,5607,3763
5610,5608,5607
5611,5592,5593
5611,5593,5605
5612,5610,3763
5612,5608,5610
5613,5612,3763
5613,5608,5612
5614,5613,3763
5614,5608,5613
5615,5602,3768
5615,5603,5602
5615,5606,5603
5616,5617,5618
5619,3765,3767
5619,5614,3763
5619,5608,5614
5619,3763,3762
5619,3799,5608
5619,3767,3799
5619,3762,3765
5620,3758,3761
5620,3761,5621
5620,5621,5618
5620,3770,3758
5622,2516,2512
5623,5620,5618
5623,3770,5620
5624,3779,2516
5624,5622,5625
5624,2516,5622
5626,3783,3781
5627,5625,5626
5627,5626,3781
5628,5629,5630
5631,5624,5625
5631,3779,5624
5631,5625,5627
5632,5617,5616
5633,3779,5631
5634,5617,5632
5635,5617,5634
5636,5617,5635
5636,5618,5617
5637,5609,5608
5637,2515,2513
5637,2513,5609
5637,5608,3799
5638,5633,5639
5638,3788,3784
5640,3793,3792
5640,3792,3774
5641,5642,5630
5641,3775,1517
5641,1517,3795
5641,5630,5629
5641,5629,3775
5643,3801,3793
5644,3780,3774
5644,3782,3780
5644,3774,3792
5645,3788,5638
5646,5647,5642
5646,3795,1530
5646,5641,3795
5646,1530,3807
5646,5642,5641
5648,3782,5644
5649,5650,5647
5649,5646,3807
5649,5647,5646
5651,3797,3794
5652,3782,5648
5652,5653,3782
5654,3797,5651
5654,5651,3813
5654,3813,3812
5655,3801,5643
5656,3797,5654
5656,5654,3812
5657,3796,3797
5657,3797,5656
5657,5656,3812
5658,3811,3813
5658,3782,5653
5659,3801,5655
5660,5657,3812
5661,3803,3822
5661,5653,5652
5662,3801,5659
5663,3806,3816
5663,5664,3806
5663,5659,5664
5665,5661,3822
5665,5653,5661
5666,3810,3809
5666,3814,3810
5667,3812,3811
5667,3811,2525
5668,2566,3862
5668,3799,2566
5669,3822,3821
5669,5665,3822
5669,3821,2540
5669,5653,5665
5670,3814,5666
5671,2540,3823
5671,5669,2540
5671,3823,3811
5672,3815,2533
5672,2533,3831
5672,3816,3815
5673,5670,5674
5675,3819,5673
5676,3823,3827
5676,2525,3823
5676,2526,2525
5677,5678,3831
5677,3831,3830
5679,5675,5680
5681,3825,3826
5682,3826,5679
5682,5681,3826
5682,5679,5680
5682,5680,5683
5684,3827,3835
5684,5676,3827
5684,2526,5676
5684,3837,2526
5684,3835,3837
5685,3830,2538
5685,5686,3830
5687,2536,2524
5687,2524,2526
5687,2526,3837
5687,3839,2536
5687,3837,3839
5688,3832,3833
5689,5688,5690
5691,3836,3832
5692,3846,3845
5693,3836,5691
5694,3847,3834
5695,2541,3836
5695,3836,5693
5696,2538,2543
5696,2543,3846
5696,5692,5689
5696,3846,5692
5697,5680,2537
5697,2537,3843
5697,5683,5680
5697,3843,5698
5699,2541,5695
5700,3847,5694
5701,2543,3851
5701,3851,3844
5701,3846,2543
5701,3844,3846
5702,2541,5699
5703,2541,5702
5703,3852,2539
5703,2539,2541
5704,3847,5700
5704,3850,3847
5705,3848,2547
5705,3843,3848
5705,5698,3843
5706,3850,5704
5707,3850,5706
5707,5706,5708
5707,3853,3850
5709,3842,3849
5709,3849,3853
5709,5710,3858
5709,3858,3842
5711,3851,1531
5711,5712,3851
5713,5711,1531
5714,2547,3861
5714,5705,2547
5715,5707,5708
5716,3863,3894
5716,3894,2558
5716,2558,1522
5716,1522,5717
5718,3855,5713
5718,3856,3855
5718,3857,3856
5718,5713,1531
5718,1531,3857
5719,3862,3863
5719,3863,5716
5720,2548,5721
5722,2544,2548
5722,2548,5720
5723,5724,3872
5723,3872,3871
5725,5714,3861
5726,3861,2544
5726,2544,5722
5727,3858,5728
5727,2563,3858
5727,5729,3868
5727,3868,2563
5727,5728,5729
5730,3871,3876
5730,5723,3871
5731,3864,2559
5731,2559,3869
5732,3881,2574
5732,5725,3881
5733,5732,2574
5734,3868,5729
5734,3867,3868
5734,5735,3867
5736,5733,2574
5736,2574,3870
5736,3870,3872
5737,3869,3873
5738,2568,2560
5738,2563,3867
5738,3867,5735
5738,2560,2563
5739,5737,3873
5739,5740,5737
5741,5739,3873
5741,3873,3878
5742,5743,3885
5742,3876,5743
5744,3879,2568
5744,5745,3879
5746,5742,3885
5747,5745,5744
5747,5746,3885
5747,3885,5745
5748,2550,2562
5748,2567,2550
5749,3879,3888
5749,2562,3879
5750,2567,5748
5750,2570,2567
5751,3878,2576
5752,3876,3875
5752,3875,3877
5753,3880,3882
5754,3887,5755
5754,2562,5749
5754,5749,3888
5754,3888,3887
5756,5753,5757
5758,3884,3880
5759,5743,3876
5759,3876,5752
5760,2581,2570
5760,2570,5750
5761,3884,5758
5762,3885,2578
5762,3886,3888
5762,2578,3886
5763,5764,5765
5763,5765,5756
5763,5766,5764
5767,2572,3884
5767,3884,5761
5768,3885,5743
5768,3896,3885
5768,5743,5759
5769,2572,5767
5770,3890,2572
5770,2572,5769
5771,5766,5763
5771,2576,2575
5771,5763,2576
5772,3889,2558
5772,2558,3895
5773,3890,5770
5774,3886,2578
5774,2578,2577
5774,3887,3886
5775,3899,3898
5775,5755,3899
5775,3898,2581
5776,5774,2577
5777,3890,5773
5777,3891,3890
5778,3896,5768
5778,3902,3901
5778,5768,3902
5778,3901,3896
5779,3899,5776
5779,5776,2577
5780,2579,3896
5780,3896,3901
5781,3900,3891
5782,5783,5784
5782,5784,5766
5785,2580,2581
5785,2581,3898
5786,5781,5787
5788,5779,2577
5788,3899,5779
5788,3897,3899
5788,2577,3908
5789,3897,5788
5789,5788,3908
5790,5771,2575
5790,5782,5766
5790,5791,5782
5790,2575,2590
5790,5766,5771
5792,3904,3900
5793,5794,5786
5793,5795,5794
5796,3897,5789
5796,5789,3908
5796,3908,3919
5797,5780,3901
5798,3904,5792
5799,3904,5798
5800,3919,3918
5800,5796,3919
5801,5802,3910
5803,5804,3903
5803,3904,5799
5803,3903,3904
5805,5806,5807
5808,3906,5809
5808,3908,3906
5808,3919,3908
5810,5804,5811
5812,3916,3915
5813,5810,3915
5814,2589,3916
5814,5812,5815
5814,3916,5812
5816,3915,3914
5816,5813,3915
5817,3917,3919
5817,3919,5808
5818,5819,5820
5818,3913,5819
5821,5816,3914
5822,5821,3914
5822,3914,3921
5823,3913,5818
5823,3920,3913
5824,5806,5825
5826,3911,1533
5826,2588,2587
5826,1607,2588
5826,1608,1607
5826,1611,1609
5826,1609,1608
5826,1537,1590
5826,1612,1611
5826,1613,1612
5826,1590,1613
5826,2587,3911
5826,1533,1537
5827,5822,3921
5827,3921,3923
5827,3923,3925
5828,5807,5806
5829,3920,5823
5830,5827,3925
5831,5828,5806
5831,5806,5824
5832,5828,5833
5834,5830,3925
5834,3925,3927
5835,5834,3927
5836,5837,5838
5836,5832,5833
5836,5838,5832
5836,5833,5837
5839,5835,3927
5840,2592,3922
5840,3922,5841
5842,5833,5828
5843,5840,5841
5844,5838,5837
5844,5845,5838
5846,2592,5840
5847,5833,5842
5848,2592,5846
5849,5839,3927
5849,3926,2598
5849,3927,3926
5850,2614,2612
5850,2612,2605
5850,3924,5851
5850,2624,2622
5850,3928,3929
5850,2605,2604
5850,2619,2617
5850,2617,2616
5850,2622,2619
5850,2626,2624
5850,2607,2606
5850,2604,2607
5850,2616,2614
5850,3929,2626
5850,2606,3924
5852,5848,5846
5853,5844,5854
5853,5855,5856
5857,5858,5859
5857,5859,2595
5857,5852,5858
5857,2592,5848
5857,2595,2592
5857,5848,5852
5860,5849,2598
5860,5861,5862
5860,5862,5849
5863,5837,5833
5864,5855,5853
5864,5853,5854
5865,5837,5863
5866,5837,5865
5867,5868,5869
5867,5870,5868
5871,5860,2598
5871,3931,5872
5871,2598,3931
5873,5859,5874
5873,2595,5859
5875,2595,5873
5876,2595,5875
5876,3933,2594
5876,2594,2595
5877,5878,3953
5879,3933,5876
5880,3933,5879
5881,3933,5880
5881,3932,3933
5881,3942,3932
5881,5880,5882
5883,3935,3934
5883,3934,3954
5883,3954,5884
5885,3953,5878
5885,3952,3953
5886,5887,5888
5889,5886,5888
5890,5883,5884
5891,5881,5882
5891,3942,5881
5892,3967,5893
5894,3942,5891
5895,5893,3967
5896,5890,5884
5896,3976,5897
5896,5898,3977
5896,5884,5898
5896,3977,3976
5899,3943,3942
5899,3942,5894
5900,3967,5892
5901,3954,3952
5901,5884,3954
5902,3949,3964
5902,3964,3972
5903,3967,3966
5903,3966,5904
5903,5895,3967
5905,3967,5900
5906,3943,5899
5907,5898,5884
5907,5884,5901
5908,3968,3967
5908,3967,5905
5909,3943,5906
5910,3974,3943
5910,3989,3974
5910,3943,5909
5911,5898,5907
5912,3972,3986
5913,5914,5912
5913,5912,3986
5915,5916,5917
5915,3966,5916
5915,5904,3966
5918,3975,3998
5919,3973,3974
5919,3974,3988
5920,5921,3993
5922,5911,5904
5922,5904,5915
5922,5915,5923
5924,5913,3986
5924,3986,3993
5924,3993,5921
5925,3989,5918
5925,5918,3998
5926,3973,5919
5926,3988,3991
5926,3992,3973
5926,5919,3988
5927,5920,3993
5928,5925,3998
5928,3988,3989
5928,3989,5925
5928,3998,3990
5928,3990,3988
5929,3975,3977
5930,3977,5898
5930,5929,3977
5931,3980,3996
5931,2662,2667
5931,2660,2662
5931,2657,2660
5931,2667,3980
5931,2680,2657
5932,5927,3993
5932,5933,5927
5934,5926,3991
5934,3992,5926
5935,3998,3975
5935,3975,5929
5935,3997,3998
5936,5932,3993
5936,3993,3987
5937,5934,3991
5937,3992,5934
5937,3995,3992
5938,5936,3987
5939,2680,5931
5939,5931,3996
5939,4005,2680
5939,4007,4005
5939,4010,4007
5939,4012,4010
5939,4015,4012
5939,4001,4015
5940,3999,4001
5940,5939,3996
5940,4001,5939
5940,3996,3999
5941,4019,4018
5941,3997,5935
5942,5938,3987
5942,5943,5938
5944,5941,4018
5944,3997,5941
5945,4017,4019
5946,3990,3997
5947,5944,4018
5947,3997,5944
5947,4018,5948
5947,5946,3997
5949,3994,3995
5950,4002,3994
5950,3994,5949
5951,5952,5953
5954,5951,5953
5955,4023,4002
5955,5956,4023
5955,4002,5950
5957,5958,4036
5959,3969,3970
5959,1604,3969
5959,3970,4032
5959,4032,2723
5960,5954,5953
5961,3990,5946
5961,5958,3990
5962,4036,4035
5962,5957,4036
5963,5953,5964
5963,5960,5953
5965,4004,4006
5965,4006,4008
5965,4008,4009
5965,4009,4011
5965,4011,4013
5965,4013,4014
5966,5965,4014
5966,4021,5965
5966,4014,4016
5967,2706,4045
5967,5953,5952
5967,5942,3987
5967,5952,5942
5967,4027,2706
5967,3987,4027
5967,5964,5953
5967,4045,5964
5968,4021,5966
5968,5966,4016
5969,4021,5968
5969,5968,4016
5969,4016,4020
5970,4021,5969
5970,5969,4020
5970,4020,4021
5971,4018,4017
5971,5948,4018
5972,4022,4023
5972,4028,4022
5973,5972,5974
5973,4028,5972
5973,4031,4028
5975,4036,5958
5976,4034,4049
5977,4037,4004
5977,5978,5979
5977,5965,4021
5977,4004,5965
5977,5979,4037
5980,5978,5977
5980,5977,4021
5981,5982,5983
5981,5975,5982
5984,5978,5980
5984,5980,4021
5985,5986,5987
5988,5983,5982
5988,5982,5985
5989,5974,4044
5989,4031,5973
5989,4044,4043
5989,5973,5974
5990,4051,2696
5990,4030,4031
5990,2696,4030
5991,4034,4036
5992,4043,4047
5992,4031,5989
5992,5989,4043
5993,5988,5985
5994,5995,4046
5996,5997,5983
5996,5983,5988
5996,5988,5993
5998,4049,4034
5998,4034,5991
5999,4049,5998
5999,4048,4049
6000,4051,4047
6000,4050,4051
6000,4047,2699
6000,2699,4055
6000,4055,4050
6001,4048,5999
6001,4052,4048
6002,6003,4057
6004,5994,4046
6004,6005,5994
6004,4056,4057
6004,4046,4056
6006,6007,5997
6008,6007,4066
6008,4065,6009
6008,4066,4065
6010,6011,6012
6010,4057,2711
6013,6001,6009
6013,6009,4065
6014,6007,6015
6014,4066,6007
6016,4061,4052
6017,2701,2702
6017,4060,2701
6017,2702,2707
6017,2707,4060
6018,6010,2711
6018,2711,2710
6019,6018,2710
6019,6020,6018
6021,4061,6016
6021,4074,4061
6021,4069,4074
6022,4061,4074
6022,4059,4061
6022,4063,4059
6023,6019,2710
6023,6024,6019
6025,2710,4067
6025,6023,2710
6026,4080,4062
6026,4087,4080
6026,4062,6027
6028,2714,4063
6028,4074,4073
6028,4063,6022
6028,4073,2714
6028,6022,4074
6029,2707,4075
6029,2708,2707
6029,2713,2708
6030,4067,4079
6031,6032,4078
6031,4078,4077
6033,2713,6029
6033,6029,4075
6034,6030,4079
6035,4087,6026
6035,6026,6027
6036,6033,4075
6036,2720,2713
6036,2713,6033
6036,4075,4081
6037,4087,6035
6037,4088,4087
6037,1645,4088
6038,6034,4079
6038,6032,6034
6038,4083,4100
6038,4079,4083
6039,4068,4076
6039,4071,4068
6040,6032,6038
6040,6038,4100
6040,4078,6032
6041,6040,4100
6042,2704,2714
6042,2714,4084
6042,4094,2704
6043,4092,2720
6043,2720,6036
6043,4081,4095
6043,6036,4081
6043,2733,4092
6043,4095,2733
6044,4100,4099
6045,6042,4107
6045,4094,6042
6046,6044,4099
6047,6045,4107
6047,4094,6045
6047,4093,4094
6048,4099,2737
6048,6046,4099
6048,2737,6049
6050,6051,6049
6050,6049,2737
6052,4112,4117
6052,4093,6047
6052,4096,4093
6052,4117,4096
6052,6047,4107
6052,4107,4112
6053,6050,2737
6053,6054,6050
6053,2734,4115
6053,2737,2734
6055,6054,6053
6055,6053,4115
6056,4110,4105
6057,4110,6056
6058,4106,4108
6059,4117,4116
6059,4121,4096
6059,4096,4117
6060,4111,4106
6060,4120,4111
6060,4106,6058
6061,6062,6063
6061,6063,4114
6061,4114,4118
6064,4118,4123
6064,6061,4118
6064,4123,4124
6065,4127,4120
6065,4120,6060
6066,4132,4143
6066,4116,4113
6066,4143,4141
6066,4113,4132
6066,6059,4116
6066,4121,6059
6067,4127,6065
6068,6064,4124
6068,4124,4129
6069,6066,4141
6069,4121,6066
6069,4141,4140
6070,4131,4126
6071,4125,4122
6071,4133,4125
6072,6070,6073
6072,4131,6070
6074,4131,6072
6074,4132,4131
6075,6073,6076
6077,4132,6074
6078,4132,6077
6079,4143,4132
6079,4132,6078
6080,4151,4156
6080,4139,4151
6080,6071,4140
6080,4133,6071
6080,4140,4139
6081,1674,4136
6081,4130,2753
6081,2753,1674
6082,4133,6080
6082,4134,4133
6082,6080,4156
6083,4143,6079
6084,4143,6083
6085,4137,4134
6085,6082,4156
6085,4134,6082
6086,4143,6084
6086,4142,4143
6087,4146,4148
6087,1674,4146
6088,4142,6086
6089,2755,4144
6089,4158,2761
6089,4149,4158
6089,2754,2755
6089,2761,2754
6089,4144,4149
6090,4156,4157
6090,4157,4138
6090,6085,4156
6090,4137,6085
6090,4138,4137
6091,4139,4142
6091,4153,4139
6092,6091,6093
6092,4153,6091
6094,4146,4159
6094,6095,4146
6096,4159,4164
6096,6094,4159
6097,2761,4158
6097,4160,2759
6097,2774,4160
6097,2759,2761
6098,4152,6099
6100,4164,4172
6100,4172,4170
6100,6096,4164
6101,4138,4161
6101,4145,4138
6101,4175,4145
6102,6103,6104
6105,4168,2785
6106,4175,6101
6106,6101,4181
6107,6105,2785
6108,6106,4181
6108,4175,6106
6108,4174,4175
6109,6107,2785
6109,6110,6107
6111,6112,6113
6111,4179,6112
6114,2785,2784
6114,6109,2785
6114,6115,6109
6116,4177,4179
6117,6116,4179
6118,6119,6115
6118,6114,2784
6118,6115,6114
6120,4189,4188
6120,4188,2775
6120,4174,6108
6120,2775,4174
6121,6118,2784
6122,6121,2784
6123,4182,4180
6123,4180,4183
6124,4182,6123
6125,2784,4186
6125,4186,4196
6125,6122,2784
6126,4185,4182
6126,4182,6124
6127,4188,4187
6127,2775,4188
6128,4187,4193
6128,6127,4187
6128,2775,6127
6129,2776,2775
6129,4200,2776
6129,2775,6128
6130,4196,4198
6131,6132,6130
6131,6130,4198
6133,4200,6129
6134,6131,4198
6134,6135,6131
6134,2794,6135
6134,4198,2794
6136,6135,2794
6136,2794,4209
6137,4190,4197
6137,6138,4190
6139,6140,6141
6139,4209,4208
6142,4200,6133
6142,4204,2802
6142,2797,4200
6142,4202,4204
6142,2802,2797
6143,6138,6137
6144,4208,4210
6145,4190,6138
6145,4194,4190
6145,6138,6143
6146,6147,6144
6146,6144,4210
6148,4194,6145
6148,6149,4194
6150,6146,4210
6151,4210,4207
6151,6150,4210
6151,4207,4212
6152,4202,4194
6152,4194,6149
6152,4222,4203
6152,4203,4202
6153,6152,6149
6154,6151,4212
6154,4212,4215
6155,4216,4218
6155,6154,4215
6155,4218,6156
6155,4215,4216
6157,4222,6152
6157,4223,4222
6158,4224,6159
6158,4218,4224
6158,6159,6160
6161,4214,4220
6161,2809,1698
6161,1698,4214
6162,4221,6163
6162,4225,4221
6164,4219,4231
6164,4220,4219
6164,4231,4230
6165,4225,6162
6165,4233,4225
6166,6167,4228
6166,4228,4229
6166,6168,6167
6169,4233,6165
6170,4237,4233
6170,4233,6169
6171,6170,6169
6172,4237,6170
6172,6170,6171
6172,6171,6173
6172,4236,4237
6174,6172,6173
6174,4236,6172
6174,4247,4236
6175,4240,4249
6176,6173,6175
6176,6174,6173
6177,6176,6175
6177,6175,4249
6177,4249,4242
6178,6177,4242
6178,4242,4257
6179,6178,4257
6180,4260,6181
6180,6181,6182
6180,6179,4257
6180,6182,6179
6180,4257,4260
6183,4263,4265
6184,6183,4265
6185,4261,4256
6185,4266,2837
6185,4259,4266
6185,2837,4261
6185,4256,4253
6185,4253,4259
6186,4263,2834
6186,4264,4263
6187,4268,4262
6187,2837,4268
6187,4261,2837
6187,4262,4261
6188,712,1711
6189,1711,1710
6189,6188,1711
6190,6191,4264
6190,6186,2834
6190,4274,4286
6190,2841,4274
6190,2834,2841
6190,4264,6186
6192,4270,4269
6193,6189,1710
6193,1710,1719
6194,1725,1724
6194,6193,1719
6194,1736,4288
6194,1719,1720
6194,1720,1725
6194,1724,1736
6195,4270,6192
6195,4273,4270
6196,6188,6189
6197,4273,6195
6198,4275,4277
6198,2832,4272
6198,4272,4275
6199,6196,6189
6199,6189,6193
6200,4273,6197
6201,2835,4273
6201,6202,2835
6201,4273,6200
6203,6199,6193
6204,2839,2838
6204,2838,2832
6204,4294,2839
6204,2832,6198
6204,6198,4277
6204,4277,4294
6205,6202,6206
6207,6193,6194
6207,6194,4288
6207,4288,4306
6207,4306,6208
6207,6203,6193
6209,6210,4280
6209,4280,4279
6211,2835,6202
6211,2843,2835
6211,6202,6205
6211,6205,4282
6212,4297,6210
6213,6210,4297
6213,4289,4281
6213,4280,6210
6213,4297,4289
6213,4278,4280
6213,4281,4278
6214,4284,2843
6214,2843,6211
6215,4303,4296
6215,4285,4303
6215,4297,6212
6215,4296,4297
6215,4286,4285
6216,4284,6214
6217,4284,6218
6217,4283,4284
6219,4283,6217
6219,4295,4283
6220,4289,4301
6221,2840,4298
6221,4310,4287
6221,1736,2840
6221,4287,1736
6222,4301,4302
6222,6220,4301
6222,4302,6223
6224,6223,4302
6225,6224,4302
6225,4299,4300
6225,4300,6224
6226,4304,4299
6227,6225,4302
6227,4309,6226
6227,4302,2853
6227,4312,4309
6227,2853,4312
6228,4292,4304
6228,4304,6226
6228,6226,4309
6228,4311,4292
6228,4309,4311
6229,4311,2849
6229,4313,4311
6229,2848,4313
6229,2849,2848
6230,2846,4319
6230,4307,4293
6230,4293,2846
6231,4314,2848
6231,2847,4314
6231,2848,4316
6231,4316,4318
6231,4325,2847
6231,4318,4325
6232,6233,4307
6232,4307,6230
6232,4328,6233
6232,4326,4328
6234,2851,4315
6234,4316,2851
6234,4317,4316
6234,4315,4321
6235,6236,6237
6238,2847,4325
6238,4323,2847
6238,4325,4324
6239,6232,6230
6239,4326,6232
6239,4319,4323
6239,6230,4319
6240,4340,4342
6240,4322,4329
6240,6234,4321
6240,4317,6234
6240,4329,4331
6240,4320,4322
6240,4321,4320
6240,4331,4340
6241,6242,6243
6241,6235,6242
6241,6236,6235
6241,6244,6236
6245,4326,6239
6245,4330,4326
6246,4333,4330
6246,4330,6245
6247,4327,4339
6247,6233,4328
6247,4328,4327
6248,4342,4337
6248,6240,4342
6248,4317,6240
6249,4306,4308
6249,6208,4306
6249,4308,4310
6249,4310,6250
6249,6250,6251
6252,4337,4334
6252,6253,4337
6252,6254,6253
6255,4349,4345
6255,6208,4349
6256,6252,4334
6257,6241,6243
6257,6243,6258
6257,6244,6241
6257,6259,6244
6257,6258,6255
6260,4333,6256
6260,4332,4333
6260,6256,4334
6261,6233,6247
6261,6249,6251
6261,6251,6233
6262,6208,6249
6263,4334,4336
6263,6260,4334
6264,6263,4336
6265,6264,4336
6265,4336,4343
6265,4343,6266
6267,4339,4338
6267,6268,4339
6267,4338,6269
6267,6270,6268
6267,6271,6270
6267,6269,6272
6273,4354,4353
6273,6208,6262
6273,4353,4355
6273,4349,6208
6273,4355,4349
6274,6275,6237
6274,6276,6275
6274,6237,6236
6277,4343,4344
6277,6266,4343
6277,6272,6266
6278,6277,4344
6278,6279,6271
6278,6280,6279
6278,6271,6277
6278,4344,6280
6281,6282,6259
6281,4345,4347
6281,4347,6283
6281,6255,4345
6281,6259,6257
6281,6257,6255
6281,6283,6282
6284,6274,6236
6285,4344,2872
6285,6280,4344
6286,6285,2872
6287,4354,6273
6287,4356,4354
6287,6288,4356
6289,6286,2872
6289,6290,6286
6291,6284,6236
6291,6236,6244
6292,6288,6287
6293,6274,6284
6294,6289,2872
6295,6293,6284
6295,6284,6291
6296,6295,6291
6297,4362,4371
6297,6259,6282
6297,4347,4346
6297,6283,4347
6297,6282,6283
6297,4346,4362
6298,6288,6292
6299,4360,4352
6299,4352,4351
6299,4351,4356
6299,4356,6288
6299,4358,4360
6299,4361,4358
6299,6288,4361
6300,6301,6302
6303,6274,6293
6303,6304,6276
6303,6276,6274
6303,6305,6304
6306,2872,1785
6306,1785,1784
6306,6294,2872
6306,6307,6294
6308,6298,2889
6308,6288,6298
6308,2889,2885
6308,2885,4361
6308,4361,6288
6309,6301,6300
6310,6297,4371
6311,6306,1784
6311,6307,6306
6312,6311,1784
6313,6314,6312
6313,6312,1784
6313,1784,4364
6313,4364,4365
6315,6313,4365
6316,2895,2894
6316,2896,2895
6316,4365,2896
6316,2898,2897
6316,2894,2898
6317,2897,2893
6317,2893,6318
6317,6319,2897
6320,6317,6318
6320,4375,4367
6321,6320,6318
6321,4375,6320
6322,2902,2886
6322,2888,6323
6322,2886,2885
6322,2885,2888
6324,6318,2893
6324,6321,6318
6324,6325,6321
6326,4379,2906
6326,2893,4379
6326,6324,2893
6327,4366,4372
6327,4363,4366
6327,4372,4373
6327,4378,4363
6328,6326,2906
6328,4385,6329
6328,2905,4385
6328,2906,2905
6330,4401,4400
6330,4400,6331
6332,6330,6333
6332,6333,6334
6332,4401,6330
6335,4373,2903
6335,4378,6327
6335,2903,2912
6335,6327,4373
6336,4382,4380
6336,4385,4384
6336,4387,4382
6336,4384,4387
6336,4380,4381
6336,4381,4385
6337,4378,6335
6337,4377,4378
6338,6337,6335
6338,6335,2912
6338,2912,6339
6340,6332,6334
6340,4401,6332
6340,4405,4401
6340,6334,6341
6340,6341,6342
6343,4376,4377
6343,4374,4376
6343,4377,6337
6344,4382,4387
6345,6346,4371
6345,4370,4374
6345,4396,6346
6345,4374,6343
6345,4371,4370
6345,4397,4395
6345,4395,4396
6347,2909,2910
6347,6348,2909
6349,6347,2910
6350,2910,2911
6350,2911,2914
6350,2914,2915
6350,2915,2916
6350,6349,2910
6351,4393,4389
6351,4389,6352
6353,6340,6342
6353,4396,4394
6354,6355,6356
6357,4398,6358
6357,1795,4398
6357,6350,2916
6357,2916,1795
6359,6356,6355
6360,6361,6331
6360,6362,6361
6363,4392,4391
6363,2912,4392
6363,6339,2912
6363,6364,6339
6365,4403,4405
6365,6340,6353
6365,4405,6340
6366,4415,6367
6366,6367,6360
6366,6331,4400
6366,4399,4415
6366,4400,4399
6366,6360,6331
6368,4404,4403
6368,2924,4412
6368,6353,4394
6368,6365,6353
6368,4412,4404
6368,4403,6365
6368,4394,2924
6369,6363,6370
6369,6364,6363
6371,6372,6364
6371,6364,6369
6373,4419,4418
6373,4418,4420
6373,4397,6345
6373,4420,4397
6374,4413,4414
6374,6375,6339
6374,6339,6364
6376,4408,4407
6377,6376,4407
6377,6378,6376
6379,6380,6377
6381,4414,2921
6381,6373,6382
6381,4419,6373
6383,6377,4407
6383,6379,6377
6384,4407,4406
6384,4406,1794
6384,6383,4407
6384,1797,1801
6384,1794,1793
6384,1793,1796
6384,1796,1797
6385,4419,6381
6385,6381,2921
6385,2921,2920
6386,4417,4419
6386,6385,2920
6386,4422,4417
6386,4424,4422
6386,2920,4424
6386,4419,6385
6387,6383,6384
6387,6384,1801
6388,6389,6387
6388,6387,1801
6390,4413,6391
6392,4413,6390
6393,2921,4413
6393,4413,6392
6393,2928,2921
6393,4429,2928
6394,6395,4427
6394,4427,4426
6394,6396,6395
6397,6388,1801
6397,6398,6388
6397,4427,6398
6397,1816,4425
6397,1817,1816
6397,1801,1817
6397,4425,4427
6399,269,267
6400,6401,6402
6400,6403,6401
6404,6367,4415
6404,2936,4466
6404,4415,4416
6404,4423,2936
6404,4416,4421
6404,4421,4423
6405,6400,6402
6406,272,269
6406,4448,272
6406,4460,4448
6406,269,6399
6406,6399,6367
6406,6367,4460
6407,4431,4430
6408,4431,6407
6409,6367,6404
6409,6404,4466
6410,4440,4433
6411,2949,6412
6411,2947,2949
6413,6414,4434
6413,4434,1814
6413,2952,2951
6413,1814,2952
6415,2947,6411
6416,2948,2947
6416,2950,2948
6416,2947,6415
6416,2951,2950
6416,6413,2951
6417,4440,4441
6417,4433,4440
6417,4436,4435
6417,4441,4442
6417,4442,4436
6417,4435,4433
6418,4461,4460
6418,4466,4468
6418,6367,6409
6418,4472,4461
6418,6409,4466
6418,4468,4472
6418,4460,6367
6419,4450,4445
6419,4442,4447
6419,4447,4450
6419,4436,4442
6419,4445,4436
6420,4444,4443
6420,4443,4445
6421,4444,6420
6422,4444,6421
6423,4457,4446
6423,4446,4444
6423,4444,6422
6424,2962,6425
6424,2944,2955
6424,2955,2962
6424,4453,4449
6424,6425,4453
6424,4449,4447
6424,4447,2944
6426,4478,6427
6426,4462,4478
6426,2942,4438
6426,2953,4462
6426,4438,2953
6426,6427,4465
6426,4465,2942
6428,4455,4454
6429,4457,6423
6429,6423,6430
6431,4463,4464
6431,6430,6428
6432,4457,6429
6432,4467,4457
6433,6425,2962
6433,2958,4463
6433,4453,6425
6433,2962,2958
6434,4467,6432
6434,4470,4474
6434,4474,4480
6434,4480,4467
6435,2957,4481
6435,4474,4473
6435,4481,4482
6435,4473,2957
6436,4480,4474
6436,6435,4482
6436,4474,6435
6437,4479,4485
6437,4485,4476
6437,4462,2954
6437,2954,4458
6437,4475,4462
6437,4476,4475
6437,4458,4479
6438,4480,6436
6438,4479,4480
6439,4485,4479
6440,4485,6439
6440,6439,6441
6442,6441,4487
6442,4487,4488
6443,4507,4506
6443,4477,4507
6443,6427,4478
6443,4475,4477
6443,4478,4475
6444,6445,4486
6444,4486,4485
6446,6442,4488
6447,6443,4506
6447,4483,4465
6447,4498,4489
6447,4500,4498
6447,4465,6427
6447,4489,4483
6447,6427,6443
6448,6445,4494
6449,6448,4494
6449,4494,4493
6449,4493,4497
6450,4490,6451
6450,4495,4490
6452,6449,4497
6453,4495,6450
6453,6450,6454
6455,6452,4497
6456,4495,6453
6456,4496,4495
6457,4496,6456
6458,4497,4501
6458,6455,4497
6459,4491,4496
6459,4507,4477
6459,4477,4491
6460,4508,4507
6460,4507,6459
6461,6462,4503
6463,6461,4503
6463,6464,6461
6463,4503,4502
6465,4506,4505
6465,6447,4506
6465,4500,6447
6465,4505,4510
6465,4510,4512
6466,4508,6460
6467,4513,4500
6467,6465,4512
6467,4500,6465
6468,4508,6466
6468,4505,4508
6469,4502,4504
6469,6470,4502
6471,4505,6468
6472,6468,6473
6472,6471,6468
6474,6471,6472
6475,4512,4511
6475,6476,1840
6475,4513,6467
6475,6467,4512
6475,1840,4516
6475,4516,4513
6477,4518,6478
6479,4518,6477
6479,6477,4524
6480,2989,4526
6480,4523,2989
6481,1840,6476
6481,6482,1840
6483,6480,4526
6483,6484,6480
6485,4530,1839
6485,1839,1840
6485,4527,4530
6485,1840,6482
6486,4530,4529
6486,4532,1839
6486,1839,4530
6487,4532,6486
6488,4532,6487
6489,6488,6490
6489,4531,4532
6489,4532,6488
6491,4533,4534
6492,4531,6489
6492,4536,4531
6493,4539,6494
6495,4534,4538
6495,6491,4534
6495,4538,4543
6495,4539,6493
6495,4545,4539
6495,4543,4545
6496,4536,6492
6496,6497,4536
6498,4542,6497
6498,6494,4539
6498,6497,6496
6498,4539,4542
6499,6497,4542
6499,4542,4546
6500,6501,4537
6500,6499,4546
6502,4537,6501
6502,3009,4537
6502,4555,3009
6502,4554,4555
6503,3010,1853
6503,4540,3005
6503,3005,3010
6504,4559,3017
6504,3017,4561
6504,4560,4559
6504,4561,4560
6505,3017,4568
6505,4561,3017
6505,4564,4561
6506,4564,6505
6506,4566,4564
6506,6505,4568
6507,6506,4568
6507,4568,4570
6507,4566,6506
6508,4550,4567
6508,4569,4550
6509,4567,4566
6509,6507,6510
6509,4566,6507
6511,4567,6509
6511,6510,4574
6511,6509,6510
6512,4571,4569
6512,4569,6508
6513,6507,4570
6513,6510,6507
6513,4570,1861
6514,4571,6512
6515,6514,4573
6516,6513,1861
6516,4577,4575
6516,1861,4577
6517,4572,4571
6517,6518,6519
6517,4571,6518
6517,6519,4572
6520,6518,6515
6521,6519,6518
6521,6518,6520
6522,6519,6521
6522,6521,6523
6524,4572,6519
6525,4579,4578
6525,3029,6526
6525,4578,3029
6525,6526,6523
6527,3024,3028
6527,6524,6528
6529,6523,6526
6530,6526,3029
6530,6529,6526
6530,3029,1870
6530,1870,1869
6531,6530,1869
6531,1869,3030
6531,3030,3025
6532,3027,3026
6532,3026,6533
6532,3033,3027
6532,6533,3033
6534,6533,3026
6534,3032,3031
6534,3026,3032
6535,3031,1868
6535,6534,3031
6535,6533,6534
6536,778,4581
6536,4581,6535
6536,779,778
6537,4582,4583
6537,1878,1879
6537,1879,4582
6537,3041,1887
6537,1887,1878
6538,6537,4583
6538,3042,3041
6538,4583,1866
6538,1877,3042
6538,1865,1877
6538,1866,1865
6538,3041,6537
6539,1880,3045
6539,3039,1880
6540,4589,4588
6540,3045,4589
6540,6539,3045
6541,4593,4592
6542,4593,6541
6542,6543,4594
6542,4594,4593
6542,6541,6543
6544,3054,3059
6544,4594,6543
6544,3059,4596
6544,4595,3054
6544,6543,4595
6544,4596,4594
6545,3052,4597
6545,4598,4599
6545,4599,3052
6545,4597,4598
6546,3052,4599
6546,4599,4602
6546,3051,3052
6546,3057,3051
6547,4600,3057
6547,6546,4602
6547,3057,6546
6548,4599,3058
6548,4602,4599
6548,3060,4602
6548,3056,3060
6548,3058,3056
6549,797,4600
6549,4602,4601
6549,6547,4602
6549,4601,800
6549,4600,6547
6549,798,797
6549,800,798
6550,22,23
6550,23,24
6550,24,25
6550,4604,22
6550,6551,4604
6552,6550,25
6552,25,26
6553,30,31
6553,31,32
6554,6555,6556
6557,4618,4611
6557,6558,6559
6557,4611,4610
6557,6559,4619
6557,6560,6561
6557,6561,6558
6557,6556,6560
6557,4619,4618
6562,6563,6555
6562,6564,6563
6562,6555,6554
6565,6564,6562
6566,6564,6565
6566,6567,6564
6568,6569,6570
6568,6571,6569
6572,6570,6573
6572,6568,6570
6574,6572,6573
6574,6573,6575
6574,6576,6577
6574,6577,4615
6574,4615,4614
6574,6575,6576
6578,4620,6579
6578,4622,3068
6578,3068,4613
6578,6579,4622
6578,4613,4620
6580,6581,6582
6583,6584,6585
6583,6585,6581
6583,6581,6580
6586,4616,4617
6587,6588,6589
6587,6584,6583
6587,6589,6584
6590,6591,6592
6590,4617,6593
6590,6594,6595
6590,6596,6594
6590,6593,6597
6590,6586,4617
6590,6597,6596
6590,6595,6591
6598,6599,6588
6598,6588,6587
6600,6601,6602
6600,6590,6592
6600,6592,6601
6603,4626,4623
6603,4623,6599
6603,4628,4626
6603,4614,4628
6603,6599,6598
6603,6574,4614
6604,6600,6602
6605,6602,6606
6605,6604,6602
6607,6605,6606
6608,6607,6606
6609,4620,4616
6609,4616,6586
6610,6579,4620
6610,6609,6611
6610,4620,6609
6612,6610,6611
6612,6579,6610
6613,4621,4622
6613,6612,4631
6613,6579,6612
6613,4622,6579
6614,4621,6613
6614,6613,4631
6614,4631,4633
6614,4633,4621
6615,6616,6617
6615,6611,6609
6615,6617,6611
6615,6618,6616
6619,6618,6615
6620,6621,6622
6620,6622,6623
6624,6620,6623
6625,6626,6627
6625,6628,6626
6629,6628,6625
6630,4643,4639
6630,4633,4641
6630,4639,4638
6630,4641,4643
6630,4638,4633
6631,4637,6632
6631,4636,4637
6633,6634,6635
6633,6632,6634
6633,6631,6632
6633,6636,6626
6633,6635,6636
6637,3069,4645
6637,4629,3069
6638,6639,6640
6638,4647,4644
6638,4644,4641
6638,4641,6641
6638,6640,4647
6642,4639,4643
6642,4651,4645
6642,4646,4651
6642,4645,4639
6642,4643,4646
6643,4629,6637
6644,6643,6637
6645,4629,6643
6646,4650,4647
6646,4647,6640
6647,6640,6639
6647,4650,6646
6647,6646,6640
6648,6645,6649
6648,4659,4640
6648,4629,6645
6648,4640,4629
6650,4648,4652
6650,4652,4660
6651,4650,6647
6652,6650,4660
6653,6654,4658
6653,4657,4650
6653,4658,4657
6653,6655,6654
6653,4650,6651
6656,6657,6658
6656,6658,6659
6656,6660,6661
6656,6652,4660
6656,6662,6652
6656,6663,6660
6656,6661,6664
6656,4661,6657
6656,4660,4671
6656,4671,4661
6656,6664,6665
6656,6659,6663
6666,6667,6668
6666,6655,6653
6666,6668,6655
6666,6669,6667
6670,4659,6648
6671,6672,6673
6674,6673,6672
6674,4672,6649
6674,6649,6673
6675,4675,869
6675,6676,4675
6675,869,4659
6675,4659,6670
6677,6678,6679
6677,6680,6678
6681,6677,6679
6682,6681,6679
6683,6682,6679
6684,6683,6679
6685,6684,6679
6686,6685,6679
6687,6686,6679
6688,6687,6679
6689,6688,6679
6690,6689,6679
6691,6690,6679
6692,6691,6679
6693,4663,4662
6693,6694,6695
6693,6692,6679
6693,4665,4664
6693,6696,6697
6693,4667,4666
6693,4669,4668
6693,6698,6699
6693,6679,6698
6693,6697,6700
6693,6700,4670
6693,6695,6701
6693,6699,6694
6693,4666,4665
6693,6701,6696
6693,4668,4663
6693,4670,4669
6693,4662,4667
6702,6703,6704
6705,6702,6704
6705,6704,6706
6707,6708,6709
6707,6710,6708
6711,6710,6707
6712,6710,6711
6713,6710,6712
6714,4673,4672
6714,6674,6672
6714,4672,6674
6715,4688,4680
6715,4696,4688
6715,6710,6713
6715,4680,6710
6716,4675,6676
6716,3077,4675
6716,6676,4677
6716,4677,4723
6716,4726,3077
6716,4723,4726
6717,6718,6719
6720,6717,6719
6721,6720,6719
6721,6719,6722
6723,6721,6722
6724,6723,6722
6725,6724,6722
6726,6725,6722
6727,6726,6722
6728,6727,6722
6729,6728,6722
6730,6729,6722
6731,6722,6732
6731,6730,6722
6733,6731,6732
6734,6733,6732
6735,6734,6732
6736,6735,6732
6737,6736,6732
6738,6737,6732
6739,6738,6732
6740,6739,6732
6741,6740,6732
6742,6741,6732
6743,6742,6732
6743,6732,6744
6745,6743,6744
6746,6745,6744
6747,6746,6744
6748,6747,6744
6749,6750,6751
6749,6748,6744
6749,6752,6753
6749,4685,4686
6749,6753,6754
6749,4693,4732
6749,6744,6752
6749,4682,4683
6749,4678,4681
6749,4691,4692
6749,6755,6756
6749,6757,6758
6749,4681,4682
6749,6759,4679
6749,6758,6760
6749,6760,6759
6749,4679,4678
6749,4683,4684
6749,6761,6755
6749,4687,4689
6749,4692,4693
6749,6756,6757
6749,4690,4691
6749,4686,4687
6749,4689,4690
6749,4684,4685
6749,6754,6750
6749,6751,6761
6762,4723,4676
6762,4676,4673
6762,4673,6763
6764,6763,6765
6764,6762,6763
6766,4724,4723
6766,4723,6762
6767,6768,6769
6770,6771,6768
6770,6768,6767
6772,6771,6770
6773,6774,6775
6773,6771,6772
6773,6776,6771
6773,6775,6776
6773,4732,6774
6773,6749,4732
6777,4731,4724
6777,4724,6766
6778,3080,4730
6778,4730,4735
6778,4736,3080
6779,4735,4733
6779,4733,3081
6779,4744,4735
6780,4735,4744
6780,4737,4736
6780,4742,4737
6780,4744,4742
6780,6778,4735
6780,4736,6778
6781,3088,3085
6781,3085,4744
6781,3081,3088
6781,6779,3081
6781,4744,6779
6782,4737,4743
6782,4743,4746
6782,4739,4737
6782,4749,4739
6782,4746,4749
6783,4749,4748
6783,4750,4749
6784,4750,6783
6784,4761,4753
6784,6783,4761
6784,4753,4750
6785,4754,4764
6785,4759,4754
6786,4759,6785
6786,4762,4759
6786,3114,4763
6786,4763,4762
6787,4772,3112
6787,4770,4775
6787,4778,4772
6787,3112,4770
6788,6787,4775
6788,4778,6787
6788,4775,4780
6788,6789,4778
6790,4788,4787
6790,4773,4778
6790,4778,6789
6790,6789,4788
6791,6788,4780
6791,6789,6788
6791,4780,4782
6791,4788,6789
6792,4779,4773
6792,4773,6790
6792,6790,4787
6792,4785,4779
6793,6791,4782
6793,4788,6791
6793,4782,4789
6794,6792,4787
6794,4785,6792
6794,4787,4786
6795,4788,6793
6795,4786,4788
6796,4786,6795
6796,6797,4786
6796,4803,6797
6798,4785,6794
6798,4792,4785
6799,4792,6798
6799,4796,4792
6799,4799,4796
6800,6797,4803
6800,4803,4802
6801,6800,4802
6801,4802,4804
6802,4799,4805
6802,4793,4796
6802,4796,4799
6803,4804,4808
6803,4808,4801
6803,4800,6801
6803,6801,4804
6803,4801,4800
6804,4806,4797
6804,4811,4806
6804,4793,6802
6804,6802,4811
6804,4797,4793
6805,4805,4814
6805,6802,4805
6805,4811,6802
6806,4814,4805
6806,3137,4814
6806,4805,4801
6806,4801,3137
6807,6805,4814
6807,4818,4810
6807,4814,4813
6807,4811,6805
6807,4813,4818
6807,4810,4811
6808,4807,4810
6808,4810,4818
6808,4816,4807
6809,1960,4815
6810,3135,6811
6810,6811,6812
6810,4815,3135
6810,6813,6809
6810,6812,6813
6810,6809,4815
6814,1970,1960
6814,6809,6813
6814,3142,1970
6814,1960,6809
6815,4817,3136
6815,3136,3138
6816,6812,6811
6817,6812,6816
6817,6816,6818
6819,3140,4820
6819,1963,3140
6819,6815,3138
6819,6820,6815
6819,3138,1963
6821,6813,6812
6821,6822,6813
6823,6812,6817
6823,6821,6812
6824,3143,3142
6824,3142,6814
6824,6813,6822
6824,6814,6813
6825,4820,4819
6825,6818,6826
6825,6826,4820
6827,6828,6822
6827,6822,6821
6829,6828,6827
6830,6825,4819
6831,6828,6829
6831,6832,6828
6833,6831,6834
6833,6832,6831
6835,6830,4819
6835,4825,6836
6835,4819,4824
6835,4824,4825
6837,6833,6834
6837,6832,6833
6837,4823,6832
6838,4821,3141
6838,3141,6839
6838,4822,4821
6840,6836,4825
6841,6837,6834
6842,6840,4825
6842,6841,6834
6842,6834,6840
6842,4825,4826
6843,4822,6838
6844,6845,6846
6847,6843,6848
6849,4830,6850
6849,3145,3146
6849,3146,4831
6849,4831,4830
6851,6845,6844
6851,4827,4828
6852,6851,4828
6852,6845,6851
6853,4829,4831
6853,4831,3146
6853,3146,6847
6854,6852,4828
6854,4828,4832
6855,6849,6850
6855,3147,3145
6855,3165,3147
6855,3145,6849
6856,6850,6857
6856,6855,6850
6856,3167,3165
6856,3165,6855
6858,3167,6856
6858,6856,6857
6858,6857,6859
6860,3167,6858
6860,3169,3167
6861,3169,6860
6862,6863,4840
6862,4839,6864
6862,4840,4838
6862,4838,4839
6865,6864,4839
6866,6867,6868
6866,4842,6867
6866,4841,4842
6869,4841,6866
6870,4845,4849
6871,4837,4835
6871,4844,4837
6871,4852,4846
6871,4846,4844
6871,6872,4852
6873,6870,4849
6874,4853,6875
6876,4851,4853
6876,4853,6874
6877,6878,6879
6877,6879,4860
6877,4860,4857
6880,3177,4862
6880,4858,6881
6880,4862,4858
6882,4854,6883
6882,4856,4854
6882,6883,6884
6885,4856,6882
6886,4859,3180
6887,6888,6889
6890,6891,6892
6890,6892,6886
6890,6886,3180
6890,3180,3184
6893,4864,4863
6894,6895,6893
6896,6890,3184
6896,6891,6890
6896,6897,6891
6898,4865,4864
6898,4864,6893
6898,6893,6895
6899,6898,6895
6899,4865,6898
6900,6888,6897
6901,6900,6897
6901,6897,6896
6901,6896,3184
6901,3188,6900
6901,3184,3186
6901,3186,3188
6902,6903,6895
6904,6899,6895
6904,4865,6899
6905,3188,4870
6906,6907,6908
6906,6905,4870
6906,4870,6907
6909,6895,6903
6909,6904,6895
6910,6908,6907
6910,6902,6908
6910,6903,6902
6910,6909,6903
6910,6911,6909
6912,4865,6904
6912,4866,4865
6913,4867,4866
6913,6914,4875
6913,4868,4867
6913,4875,4868
6915,6913,4866
6915,4866,6912
6915,6914,6913
6916,4870,4869
6916,4869,4871
6916,6907,4870
6917,6916,4871
6917,6907,6916
6918,6917,4871
6918,4871,4873
6919,6918,4873
6920,6914,6915
6921,3191,4868
6921,4868,4874
6922,6919,4873
6923,6924,6914
6923,6914,6920
6925,6922,4873
6926,4874,6927
6926,3191,6921
6926,4877,3190
6926,6927,4877
6926,3190,3191
6926,6921,4874
6928,4875,6914
6928,6914,6924
6929,6924,6923
6930,4874,4875
6930,4875,6928
6931,6925,4873
6931,4873,4872
6931,4872,3198
6931,3198,6932
6933,6931,6932
6934,6928,6924
6934,6930,6928
6934,4874,6930
6935,6934,6924
6936,4874,6934
6936,6927,4874
6937,6927,6936
6938,4876,4877
6938,4878,4876
6939,4878,6938
6939,6938,6940
6939,4879,4878
6941,3198,3196
6941,4882,4883
6941,6932,3198
6941,3196,4882
6942,6941,4883
6943,3202,4880
6943,4888,4887
6943,4887,4885
6943,4885,3202
6943,6944,4888
6943,4880,6944
6945,6946,6947
6948,3209,4884
6948,4881,3209
6948,6949,4881
6950,6951,6952
6953,6947,6954
6955,6950,4884
6955,4884,3208
6955,3208,4894
6955,4894,4895
6955,6951,6950
6956,4887,4886
6957,4887,6956
6957,4897,4889
6958,4895,4896
6959,6958,4896
6959,6960,6958
6961,6960,6959
6962,4897,6957
6963,4897,6962
6963,4902,4897
6964,4892,4891
6964,4897,4901
6964,4891,4897
6964,4901,4904
6965,6964,4904
6965,4892,6964
6965,4906,4892
6965,4904,4906
6966,6967,4908
6968,6966,4908
6968,4908,4907
6968,4907,4910
6969,6968,4910
6970,4903,4906
6971,4912,4916
6971,6970,4912
6971,4916,3212
6972,4912,6970
6972,4913,4912
6972,6970,4906
6972,4906,4909
6973,4909,6974
6975,6969,4910
6976,6973,6977
6978,4910,4914
6978,6975,4910
6978,4914,4917
6979,6978,4917
6980,4916,4912
6980,4912,4911
6980,4911,6981
6982,6979,4917
6983,4916,6980
6983,6980,6981
6984,6985,6986
6984,6987,6988
6984,6981,6987
6984,6988,6985
6989,6981,6984
6989,6983,6981
6989,6984,6986
6990,4917,3216
6990,6982,4917
6990,3216,3218
6991,4915,4916
6991,4916,6983
6992,6985,6988
6993,6990,3218
6993,3218,4919
6994,4915,6991
6995,4924,4915
6995,4915,6994
6996,6985,6992
6996,6992,6993
6996,6993,4919
6996,4919,4918
6997,6986,6985
6997,6998,6999
6997,6985,6996
6997,6996,4918
6997,4918,6998
6997,6999,6986
7000,3212,4915
7000,4915,4924
7000,4924,4923
7000,3211,3212
7000,3215,3211
7000,4923,3215
7001,4924,6995
7002,4922,6998
7002,4920,4922
7003,7002,6998
7003,4918,4929
7003,4929,4931
7003,4931,7002
7003,6998,4918
7004,4925,4924
7004,4924,7001
7005,7006,4920
7005,4931,7006
7005,4920,7002
7005,7002,4931
7007,4920,7006
7007,7008,7009
7010,4925,7004
7011,7010,7009
7011,7009,7008
7012,3215,4928
7012,4932,3215
7012,4928,4926
7013,4930,7014
7013,7006,4931
7013,4931,4930
7013,7007,7006
7013,7008,7007
7013,7014,7008
7015,7011,7008
7016,7017,7018
7019,4932,7012
7019,7012,4926
7020,2119,4927
7020,4927,3214
7021,7014,7022
7023,4933,4932
7023,4932,7019
7024,4933,7023
7025,4933,7024
7025,4936,4933
7026,4936,7025
7027,7028,7022
7027,7029,7028
7027,7022,7014
7027,4940,7029
7027,4938,4940
7030,4940,4939
7030,7029,4940
7031,4936,7026
7031,4934,4936
7032,7030,4939
7033,7014,4930
7033,7027,7014
7033,4938,7027
7033,924,3227
7033,3227,4938
7033,921,924
7033,3217,921
7033,4930,3217
7034,7031,7035
7034,4934,7031
7036,7032,4939
7036,4939,4941
7037,7036,4941
7037,4941,4944
7038,7039,7035
7038,7037,4944
7040,4947,3230
7041,4947,7040
7042,2127,2124
7043,4958,925
7043,2116,2115
7043,4952,4958
7043,925,927
7043,2115,4952
7043,927,2116
7044,4948,4951
7044,2124,3229
7044,3229,4948
7044,7042,2124
7045,4951,4950
7045,4950,4955
7045,4955,4956
7045,4956,4957
7046,7047,7048
7046,4953,7047
7046,7048,4964
7046,4954,4953
7049,3238,4959
7049,4957,3235
7049,3236,3238
7049,3235,3236
7050,4964,4962
7050,7046,4964
7050,4962,4954
7050,4954,7046
7051,3237,4963
7051,3238,3237
7051,7048,4960
7051,4963,4964
7051,4964,7048
7051,4960,3238
7052,4958,4954
7052,2158,4958
7052,4961,4966
7052,4954,4961
7052,4966,3240
7052,3240,2158
7053,4962,4963
7053,4967,4961
7053,4961,4962
7053,4963,4965
7053,4965,4967
7054,4970,3248
7054,4968,4970
7054,4965,4968
7054,3248,4969
7054,4967,4965
7054,4969,4967
7055,4973,3244
7055,4971,4973
7055,3243,4969
7055,3244,3243
7055,4969,4971
7056,2162,3242
7056,3242,4974
7056,2159,2162
7056,4974,4981
7056,2167,2159
7056,4981,2167
7057,4976,4975
7057,4980,4976
7057,3244,4973
7057,4975,3244
7057,4972,4980
7057,4973,4972
7058,4976,4980
7058,4979,4984
7058,4980,4979
7059,7058,4984
7059,4983,4976
7059,3262,4983
7059,4984,4987
7059,4976,7058
7059,4987,3262
7060,4982,4985
7060,4985,4988
7061,7060,4988
7061,4988,4992
7062,4992,4990
7062,7061,4992
7062,4989,3251
7062,4990,4989
7063,4988,3261
7063,3261,3263
7063,3263,3267
7063,4992,4988
7063,3267,4992
7064,4996,4995
7064,3268,4996
7064,4995,4991
7064,3267,3268
7064,4991,3267
7065,3265,4997
7066,7065,4999
7066,4999,4998
7067,7066,4998
7067,3270,7066
7068,4998,5001
7068,7067,4998
7068,5001,7069
7068,3270,7067
7070,3266,3263
7070,3263,2172
7070,2172,5002
7071,7068,7069
7071,3270,7068
7071,3272,3270
7071,5004,3272
7072,7069,5001
7072,5010,7069
7072,5011,5010
7072,5001,5000
7072,5000,5011
7073,7071,7069
7073,7069,5010
7073,5016,5004
7073,5004,7071
7073,5013,5016
7073,5010,5013
7074,5004,5016
7074,5008,5003
7074,5016,5008
7074,5003,5004
7075,5019,5018
7075,5015,5019
7075,5018,5017
7075,5017,5015
7076,5020,5019
7076,5016,5013
7076,5019,5015
7076,5013,5020
7076,5015,5016
7077,2190,2193
7077,2199,5022
7077,2200,2199
7077,5021,3283
7077,2193,2200
7077,7078,5021
7077,3283,2190
7079,7078,7077
7079,7080,7078
7079,7077,5022
7081,5022,5023
7081,7079,5022
7082,5026,5027
7082,5027,5028
7082,5028,5029
7083,7082,5029
7084,5021,7078
7084,7078,7080
7084,5031,5021
7085,7083,5029
7086,7087,7085
7088,7087,7086
7089,7087,7088
7090,7091,7092
7090,7093,7094
7090,7092,7093
7090,7095,7091
7090,7096,7095
7090,7097,7096
7090,7098,7097
7090,7087,7089
7090,7094,7087
7099,7084,7080
7099,7080,7100
7101,7099,7100
7102,7103,7104
7102,7094,7093
7102,7093,7092
7102,7104,7105
7102,7105,7106
7102,7087,7094
7107,7108,7103
7107,3339,7108
7107,7092,7091
7107,7109,3340
7107,7091,7095
7107,7095,7096
7107,7096,7097
7107,7097,7098
7107,7098,7110
7107,3340,3339
7107,7110,7111
7107,7111,7109
7107,7103,7102
7107,7102,7092
7112,5033,5031
7112,5041,5033
7112,5031,7084
7113,5041,7112
7114,7115,7116
7114,7117,7106
7114,7118,7119
7114,7103,7108
7114,7104,7103
7114,7120,7121
7114,7116,7117
7114,7119,7122
7114,7122,7120
7114,5036,7118
7114,7108,5037
7114,5034,5036
7114,5037,5034
7114,7105,7104
7114,7106,7105
7114,7121,7115
7123,5041,7113
7123,7113,7124
7125,5041,7123
7126,5041,7125
7126,5038,5041
7127,7126,5048
7127,5043,5038
7127,5044,5043
7127,5038,7126
7127,5051,5044
7128,7129,7130
7128,7131,7129
7128,7108,3339
7128,7132,7133
7128,7134,7132
7128,7135,7134
7128,7136,7135
7128,7137,7136
7128,5035,5037
7128,7138,7137
7128,5037,7108
7128,7139,7138
7128,7140,7139
7128,7141,7140
7128,5050,5035
7128,7142,7141
7128,3339,3346
7128,3346,7142
7128,7133,7131
7128,7130,7143
7128,7143,7144
7128,7144,5050
7145,3355,5051
7145,7127,5048
7145,5072,3356
7145,3356,3355
7145,5051,7127
7145,5057,5072
7145,5055,5057
7145,5048,5055
7146,3346,3349
7146,3349,5082
7146,7130,7129
7146,7129,7131
7146,7133,7132
7146,7132,7134
7146,7134,7135
7146,7135,7136
7146,7136,7137
7146,7137,7138
7146,7138,7139
7146,7139,7140
7146,7140,7141
7146,7141,7142
7146,7142,3346
7146,7131,7133
7146,5049,5050
7146,7143,7130
7146,5064,5049
7146,7144,7143
7146,5050,7144
7147,3345,2206
7147,5068,5070
7147,5070,5085
7147,5085,5084
7147,2206,5032
7147,5032,5058
7147,5058,5068
7147,5084,3345
7148,5075,5074
7148,5080,5077
7148,5064,7146
7148,5082,5080
7148,5076,5067
7148,7146,5082
7148,5077,5075
7148,5067,5064
7148,5074,5076
7149,3365,3364
7149,5087,3369
7149,3367,3366
7149,3364,5069
7149,3366,3365
7149,3368,3367
7149,5069,5068
7149,3369,3368
7150,5083,5085
7150,5085,5070
7150,5069,3364
7150,3364,3363
7150,5070,5069
7151,3378,5083
7151,5083,7150
7151,3379,3378
7151,5107,3379
7152,5105,7153
7152,3371,5105
7152,5103,3371
7154,5106,5107
7154,7153,5106
7154,7152,7153
7154,5103,7152
7154,5107,5103
7155,5105,3380
7155,7153,5105
7155,3380,5112
7156,5111,5108
7156,5106,7153
7156,5108,5106
7156,5112,5111
7156,7155,5112
7156,7153,7155
7157,5104,5095
7157,5109,5104
7157,3378,3377
7157,5095,3378
7158,5109,7157
7159,5114,5110
7159,5110,5111
7159,5113,3384
7159,5111,5113
7160,5109,7158
7161,5114,7159
7161,3384,5120
7161,7159,3384
7161,5120,5114
7162,5115,5109
7162,5109,7160
7163,5115,7162
7164,5120,5119
7165,5115,7163
7166,5123,5122
7166,5122,7164
7167,5118,5117
7167,5117,5115
7167,7168,5118
7167,5115,7165
7169,5127,5126
7169,5123,7166
7169,5126,5128
7169,7166,5127
7170,5123,7169
7170,7169,5128
7171,5124,7172
7173,7170,5128
7173,5128,7174
7175,7168,7171
7176,5118,7168
7177,7175,7178
7177,7176,7168
7177,7168,7175
7177,7178,7179
7180,3389,5118
7180,3390,3389
7181,5118,7176
7181,7180,5118
7181,7182,7180
7183,7178,7184
7183,7184,7174
7183,7179,7178
7185,7179,7186
7187,3390,7180
7187,7180,7182
7188,7185,7186
7188,7182,7185
7189,7183,7174
7190,7191,5129
7190,5129,3390
7190,7187,7191
7190,3390,7187
7192,5131,5130
7192,7189,5131
7193,7182,7188
7194,7192,5130
7195,7193,5137
7196,1056,5139
7196,5145,5131
7196,5139,5145
7196,1020,1056
7197,5129,7191
7197,7191,7195
7198,5129,7197
7198,7197,7199
7200,5133,5129
7200,5129,7198
7201,5133,7200
7202,5137,5136
7202,5136,5140
7202,5140,7199
7203,7201,7204
7203,5144,5135
7203,5133,7201
7203,5135,5133
7205,3394,5143
7205,3393,3394
7205,3404,3393
7206,7199,5140
7206,5140,5141
7207,7206,5141
7207,7204,7206
7208,5141,5146
7208,7207,5141
7209,7208,5146
7210,3402,3404
7210,3404,7205
7211,5146,3397
7211,7209,5146
7212,7211,3397
7213,7214,7215
7216,3402,7210
7216,7214,7213
7216,7210,7214
7217,3397,7218
7217,7212,3397
7219,7217,7218
7220,7219,7218
7220,7221,7219
7220,7218,7222
7223,3403,3402
7224,7223,3402
7225,3405,3403
7225,3403,7223
7226,7222,7227
7228,5147,3405
7228,3405,7225
7228,7225,7229
7230,3397,3407
7230,7218,3397
7231,7226,7227
7232,7218,7230
7232,7230,3407
7232,7222,7218
7232,7227,7222
7232,3407,7233
7232,7233,7227
7234,7235,7231
7236,7237,7238
7239,7238,7237
7240,7233,7241
7242,3427,7241
7242,7241,7233
7242,5150,5159
7242,5159,3427
7242,7233,3407
7242,3407,5150
7243,7240,7241
7243,7244,7240
7245,5156,5155
7245,3412,5156
7245,3410,3412
7246,7245,5155
7246,3420,3410
7246,5155,5158
7246,3410,7245
7247,7241,3427
7247,5157,5156
7247,7243,7241
7247,3424,5157
7247,3427,3424
7248,7249,3420
7248,7246,5158
7248,3420,7246
7250,3420,7249
7250,5154,3420
7251,5158,5157
7251,7248,5158
7251,7252,7249
7251,7249,7248
7253,5161,5160
7254,5165,7255
7254,7255,7256
7257,5162,5161
7257,7255,5165
7257,5164,5162
7257,5165,5164
7257,5161,7253
7257,7253,7255
7258,5165,7254
7258,7254,7259
7258,7259,7260
7261,7251,5157
7261,5157,5168
7261,7252,7251
7262,5163,5165
7262,7263,5163
7262,5165,7258
7264,3429,3417
7264,3434,3429
7264,3417,3419
7264,3419,5169
7264,3436,3434
7265,7266,7267
7268,7265,7267
7269,7270,7268
7269,7271,7270
7272,7266,7265
7272,5170,3436
7273,5170,7272
7274,7270,7271
7275,5179,5181
7275,5175,5179
7275,7276,5175
7277,3435,5172
7277,3433,3435
7278,7279,7277
7280,7275,5181
7281,5181,5190
7281,7280,5181
7282,5153,5174
7282,7283,7284
7282,5192,5153
7282,7285,5192
7282,7284,7285
7282,5174,7283
7286,7277,7279
7287,5190,7288
7287,7281,5190
7289,7284,7283
7289,7283,7286
7290,7289,7286
7291,7289,7290
7292,7285,7284
7292,7284,7289
7292,7289,7291
7293,7292,7291
7294,7285,7292
7294,7292,7293
7295,5167,5192
7295,5192,7285
7295,7296,7297
7295,7297,5167
7298,5193,5167
7299,7300,7301
7299,7302,7300
7299,5196,7302
7303,3448,3444
7303,2331,3448
7303,3444,3455
7303,3455,5198
7304,7305,7306
7307,7308,7309
7310,5194,7309
7310,5199,5194
7310,7309,7308
7311,2334,2331
7311,2331,7303
7311,3471,3464
7311,3464,2334
7312,2325,5202
7313,7314,7315
7316,5199,7310
7317,3452,5199
7318,7319,7312
7320,7316,7321
7320,5199,7316
7320,7317,5199
7322,7319,7318
7322,7318,5206
7322,7323,7319
7324,5207,3452
7324,3452,7317
7325,5207,7324
7326,5206,5208
7326,7322,5206
7326,5205,7322
7326,5208,5217
7327,5203,7328
7327,7329,5203
7330,7325,7331
7330,5207,7325
7332,7326,5217
7332,5205,7326
7333,7327,7328
7334,5207,7330
7335,5205,7332
7335,7332,5217
7335,5203,5205
7335,7328,5203
7336,7337,7338
7336,7338,5210
7336,5210,5209
7339,7340,5246
7339,7335,5217
7339,5217,5216
7339,5216,7340
7339,5246,5239
7341,7339,5239
7342,5236,7343
7342,5222,5236
7344,7342,7343
7345,5239,5238
7345,7341,5239
7346,5237,5232
7346,5232,5221
7346,5221,5227
7347,5244,5243
7347,7344,7343
7347,7343,5244
7348,5216,5226
7348,5226,5228
7348,5228,5229
7348,5229,5230
7348,7340,5216
7348,5230,5231
7348,5235,3485
7348,5231,5235
7349,5238,5240
7349,7345,5238
7349,5224,7345
7350,7348,3485
7350,7340,7348
7351,7349,5240
7351,5224,7349
7351,5236,5224
7352,5246,7340
7353,7343,5236
7353,5236,7351
7353,7351,5240
7354,3485,5253
7354,7350,3485
7355,5241,5237
7356,7343,7353
7356,7353,5240
7356,5244,7343
7357,5241,7355
7358,5233,5241
7359,5233,7358
7359,7360,7361
7359,5247,5233
7362,7356,5240
7362,5240,3489
7362,3489,5262
7362,5262,5261
7363,7359,7361
7363,5247,7359
7364,5261,3500
7364,7362,5261
7364,5242,5244
7364,3499,5242
7364,3500,3499
7365,7366,7367
7365,7361,7360
7368,7365,7367
7368,7361,7365
7369,7363,7361
7370,5247,7363
7370,5259,5247
7371,7363,7369
7371,7370,7363
7372,7368,7367
7373,5257,3498
7374,7370,7371
7375,5253,3485
7375,2355,2357
7375,3485,2355
7376,3498,3497
7376,7377,7378
7376,3497,7377
7376,7373,3498
7379,5259,7370
7379,7370,7374
7379,5264,5259
7380,7379,7374
7381,5264,7379
7382,3492,5265
7382,5265,5267
7383,3508,3505
7383,3505,5264
7383,5268,3508
7383,5264,7381
7383,7381,5268
7384,3491,3492
7384,5272,3491
7384,5271,5272
7384,3492,7382
7385,7377,3497
7386,7381,7387
7386,5268,7381
7388,7389,7390
7388,7387,7389
7388,7386,7387
7391,7375,2357
7391,2357,2361
7392,3515,5254
7392,7391,2361
7392,1255,3515
7392,1254,1253
7392,7375,7391
7392,1253,1255
7392,1257,1256
7392,2361,1257
7392,1256,1254
7392,5253,7375
7392,5254,5253
7393,5263,5289
7393,3502,5262
7393,5262,5263
7394,3511,5291
7394,3497,3511
7394,5291,7395
7394,7385,3497
7396,7397,7398
7399,5263,5272
7399,5272,5275
7400,7395,5291
7401,7399,5275
7401,5289,5263
7401,5281,5289
7401,5275,5281
7401,5263,7399
7402,7400,5291
7402,5291,5287
7402,5287,5286
7403,7404,7405
7406,7402,5286
7406,7400,7402
7407,2369,5274
7407,3502,7393
7407,5296,2369
7407,7393,5289
7407,5274,3502
7408,7406,5286
7408,5286,5285
7409,7408,5285
7409,5285,5293
7410,7409,5293
7411,5276,5278
7412,5284,5283
7412,5283,5279
7412,5279,7413
7412,5300,5284
7412,7413,5300
7414,5289,3518
7414,3518,3519
7415,5304,5310
7415,5302,5304
7416,3519,5318
7416,5318,2367
7416,7414,3519
7416,2367,5297
7417,5310,5309
7417,7418,5310
7417,7419,7418
7420,5309,5315
7420,7417,5309
7421,5301,7420
7421,7420,5315
7422,5308,5301
7422,5301,7421
7422,7421,5315
7423,2368,5322
7423,3520,5298
7423,5298,2368
7424,5305,5306
7424,5306,5313
7424,5316,5311
7424,5313,7425
7424,5311,5305
7426,5315,5314
7426,5314,5317
7426,7422,5315
7427,7423,5322
7427,3520,7423
7428,7426,5317
7429,5316,7424
7429,7424,7425
7430,7429,7425
7431,3520,7427
7431,7427,5322
7431,5322,5324
7432,7433,5321
7432,7429,7433
7432,5316,7429
7432,5319,5316
7432,5321,5319
7434,7435,7436
7437,7433,7429
7438,7434,7436
7438,7439,7434
7440,5303,5326
7440,5317,5303
7441,5324,3540
7441,3540,3544
7441,3544,5327
7441,7431,5324
7442,5321,7433
7442,7433,7443
7444,5321,7442
7445,5321,7444
7445,5320,5321
7445,7444,7446
7445,5325,5320
7445,3528,5325
7445,7446,3528
7447,7436,7448
7449,5327,3544
7449,5326,5327
7449,7450,5326
7451,3526,3528
7451,3528,7446
7451,7446,7452
7453,3524,5328
7453,5324,3524
7453,3541,5324
7454,7452,7446
7455,3533,3532
7455,7456,7447
7457,7454,3534
7457,7452,7454
7457,5330,7452
7457,3534,5330
7458,3526,7451
7458,7451,7452
7458,7452,5330
7459,7458,5330
7459,3526,7458
7459,5330,5329
7459,5329,5332
7459,5332,3526
7460,5329,3531
7460,5332,5329
7461,5331,5332
7462,5331,7461
7462,5333,5331
7463,3543,5342
7463,3544,3543
7463,7450,7449
7463,7449,3544
7464,5337,5333
7464,5333,7462
7465,5337,7464
7466,3531,5339
7466,7460,3531
7467,5337,7465
7467,5341,5338
7467,5354,5353
7467,5353,5341
7467,5338,5337
7467,7465,5354
7468,5339,5349
7468,7469,7466
7468,5349,5344
7468,5344,5346
7468,7466,5339
7470,7468,5346
7470,5346,5352
7470,5352,5354
7471,5348,3540
7471,3540,3539
7472,5341,5353
7473,3553,3556
7474,7472,5353
7474,5353,5352
7475,3555,5348
7475,5357,3555
7476,7475,5348
7476,5357,7475
7476,7473,3556
7476,3556,5357
7477,3538,5343
7477,3537,3538
7477,5343,5360
7478,5349,5339
7478,5339,3537
7478,5350,5349
7478,3537,7477
7479,5351,5350
7479,5345,5347
7479,5347,5351
7480,3561,3559
7481,3561,7480
7481,7480,7482
7483,5350,7478
7484,5350,3568
7484,7482,7479
7484,7479,5350
7484,3567,3566
7484,3568,3567
7485,3557,5363
7485,5355,3557
7485,5358,5355
7486,5358,7485
7486,5363,5367
7486,5364,5358
7486,5367,3569
7486,7485,5363
7486,3569,5364
7487,5350,7483
7487,5369,5350
7488,5363,5362
7488,5366,5363
7488,5362,5365
7488,5365,5366
7489,5369,7487
7490,5368,5367
7490,5367,5371
7490,5372,5368
7490,5371,5372
7491,1318,5369
7491,1321,1318
7491,5373,1321
7491,7489,5373
7491,5369,7489
7492,5377,5376
7492,3590,5378
7492,5376,3590
7492,5378,5377
7493,5380,5382
7493,5382,3589
7493,3589,1303
7493,1303,1308
7493,1308,5380
7494,5381,5382
7494,5382,5384
7494,5384,5389
7494,5389,5391
7495,5381,7494
7495,7494,5391
7496,5379,5381
7496,5381,7495
7496,7495,5391
7496,5391,5390
7496,5390,5385
7496,5385,5379
7497,5393,1358
7497,1370,5394
7497,5394,5401
7497,5401,5393
7497,2416,1370
7497,1358,2416
7498,3579,1333
7498,1333,1335
7498,5423,3579
7499,3601,3602
7499,5389,3601
7499,3602,5391
7499,5391,5389
7500,3626,5399
7500,5398,5404
7500,5399,5398
7501,7502,5404
7501,3606,3605
7501,5397,3598
7501,5404,5403
7501,5403,5397
7501,3605,7502
7501,3598,3606
7503,5401,5400
7504,3614,7503
7504,7503,5400
7504,3615,3614
7504,5400,3615
7505,5431,7506
7505,7503,3614
7505,7506,5414
7507,7505,3614
7507,5431,7505
7507,3614,3629
7508,5412,5411
7508,5411,5425
7508,7509,3625
7508,3625,3627
7508,3627,5413
7508,5413,5412
7510,7506,5431
7510,5430,5426
7510,5431,5430
7510,5414,7506
7511,5425,5424
7511,5437,7509
7511,5433,5437
7511,7508,5425
7511,7509,7508
7511,5424,5433
7512,5438,3632
7512,7509,5437
7512,3625,7509
7512,3632,5419
7512,5419,3625
7512,5437,5436
7513,5431,7507
7513,5429,5431
7513,7507,3629
7513,5432,5429
7513,3629,5432
7514,3618,5415
7514,3619,3617
7514,5415,5416
7514,3617,3618
7515,5414,7510
7515,7516,5416
7515,7517,7516
7515,5428,7517
7515,5416,5414
7515,7510,5426
7515,5426,5428
7518,5416,7516
7518,7516,7517
7519,7518,7517
7519,7517,5428
7519,5428,5427
7519,5427,5453
7520,5443,5445
7520,3633,3634
7520,3634,5442
7520,5442,5443
7521,5443,5441
7521,2434,5444
7521,5434,2434
7521,5444,5446
7521,5446,5443
7521,5441,5434
7522,5464,5463
7522,5460,5464
7522,7520,5445
7522,5463,5450
7523,5460,7522
7523,7522,5445
7523,5457,5460
7524,3639,5466
7524,5466,5458
7524,5446,5444
7524,5444,3639
7524,5445,5446
7525,3619,7514
7525,1414,3619
7526,5462,5456
7526,5456,5459
7527,5459,5458
7527,3643,5459
7527,5458,5466
7527,5466,5465
7527,5465,3643
7528,1415,1414
7528,1414,7525
7529,5462,7526
7529,5468,5462
7530,1416,1415
7530,5470,1416
7530,1415,7528
7531,7529,3650
7531,5468,7529
7532,1435,1434
7532,5486,2419
7532,1434,7533
7532,2419,5422
7532,5422,5423
7534,5468,7531
7534,7531,3650
7534,5471,5468
7535,3647,5471
7535,5471,7534
7535,5473,3647
7535,5474,5473
7536,5480,5478
7536,5478,5485
7536,5492,5481
7536,5481,5480
7537,3663,5481
7537,5481,5492
7537,5492,3675
7537,5489,3663
7537,3675,5489
7538,5484,2462
7538,2479,5484
7538,2462,3668
7538,3668,2479
7539,5486,7532
7539,7532,7533
7540,5491,5492
7540,3669,5491
7540,5485,3669
7540,7536,5485
7540,5492,7536
7541,3686,5499
7541,5494,5495
7541,5499,5494
7542,7541,5495
7542,5498,7541
7542,5495,3674
7542,3674,5498
7543,3711,3710
7543,5486,7539
7543,5487,5486
7543,3710,5487
7544,7541,5498
7544,5498,5500
7544,5500,5508
7544,3686,7541
7545,7544,5508
7545,3686,7544
7545,3688,3686
7546,2487,2480
7547,3688,7545
7547,3689,3688
7547,7545,5508
7547,5509,3689
7547,5508,5509
7548,3698,5503
7548,3697,3698
7548,5516,3697
7548,5503,5504
7548,5517,5516
7549,5509,3699
7550,5516,5515
7550,3697,5516
7551,5519,3705
7551,3697,7550
7551,7550,5515
7551,5515,5519
7551,3705,3697
7552,5515,5517
7552,5526,5520
7552,5520,5515
7553,5497,2486
7553,2488,2490
7553,7554,2488
7553,2490,5497
7555,3730,5526
7555,3699,3701
7555,3701,3730
7555,5526,7552
7555,7549,3699
7556,5519,5520
7556,5520,5526
7556,5526,5525
7556,5522,5519
7557,7554,7553
7558,5525,7559
7558,7556,5525
7558,7559,5522
7558,5522,7556
7560,5532,2488
7560,2488,7554
7561,5523,5521
7561,5521,5522
7561,5522,7559
7562,5523,7561
7563,5528,5529
7563,5533,5528
7564,7565,2499
7564,5532,7565
7564,5531,5532
7564,2499,2496
7566,7563,5529
7566,7567,7563
7568,7567,7569
7568,5533,7563
7568,7563,7567
7570,5547,5531
7570,2496,5547
7570,5531,7564
7570,7564,2496
7571,5531,5547
7571,3731,5531
7571,5541,3731
7571,5542,5541
7571,5547,5542
7572,5539,5533
7572,5533,7568
7573,5544,5535
7573,5535,5534
7573,5534,3729
7573,3729,5538
7573,5538,5544
7574,5545,5539
7574,5554,5545
7575,3732,5542
7575,5542,5546
7575,5548,3732
7575,3737,5548
7575,5549,3737
7575,5546,5549
7576,2500,5543
7576,5567,2500
7577,3733,5548
7577,5548,3737
7577,5552,3733
7577,5556,5552
7578,3764,2513
7578,2513,5527
7579,5553,5555
7580,3737,3736
7580,3736,3738
7580,7577,3737
7580,5556,7577
7581,5557,5556
7581,7580,3738
7581,5556,7580
7582,5557,7581
7582,7581,3738
7582,3738,3744
7582,5560,5557
7583,7584,7585
7583,5569,5567
7583,7576,7584
7583,5567,7576
7586,7582,3744
7586,5560,7582
7586,5563,5560
7587,7586,3744
7587,5563,7586
7588,7587,3744
7588,5563,7587
7588,5565,5563
7589,7590,3740
7589,7585,7590
7591,3746,3753
7591,5562,5561
7591,5561,3746
7591,3753,5562
7592,7588,3744
7592,3744,3743
7593,3749,3751
7593,3740,3749
7593,7589,3740
7593,7585,7589
7594,3751,5575
7594,5575,5569
7595,5570,7592
7596,5568,5578
7596,5573,5572
7596,5572,5571
7596,5571,5566
7596,5581,5573
7596,5578,5581
7596,5566,5568
7597,3748,5570
7597,7595,7598
7597,5570,7595
7597,5579,5580
7597,7598,5579
7599,7597,5580
7599,3748,7597
7600,7601,3746
7600,3748,7599
7600,7599,5580
7600,3746,3745
7600,3745,3748
7602,3752,3755
7602,3755,5583
7602,5576,3753
7602,5583,5576
7602,3753,3752
7603,3751,3750
7603,5577,3751
7603,3750,5584
7604,7605,7606
7604,5573,5581
7604,5581,5582
7604,5582,7605
7607,7603,5584
7608,5574,5573
7608,5573,7604
7608,5587,5574
7608,7604,7606
7609,5582,7607
7609,7607,5584
7609,5584,3759
7609,7605,5582
7610,3746,7601
7610,3756,3752
7610,3752,3746
7611,5585,5588
7612,7605,7609
7612,7609,3759
7613,7606,7605
7613,7605,7612
7613,7612,3759
7613,7614,7606
7615,5594,5587
7615,5595,5594
7615,5587,7608
7615,7608,7606
7615,7614,5595
7615,7606,7614
7616,3757,5598
7616,7611,5588
7616,5598,5599
7616,7601,7611
7616,5588,3757
7617,7613,3759
7617,7614,7613
7618,5587,5594
7618,5594,5596
7618,5590,5586
7618,5596,5593
7618,5586,5587
7618,5593,5591
7618,5591,5590
7619,5604,3756
7619,3756,7610
7620,3759,5601
7620,5595,7614
7620,7617,3759
7620,7614,7617
7621,5599,3769
7622,7620,5601
7622,5595,7620
7623,7624,5597
7623,7625,7624
7623,5597,5616
7626,7621,3769
7626,3769,5602
7627,7622,5601
7627,3772,5600
7627,5601,3760
7627,3760,3772
7628,5605,3772
7628,5611,5605
7629,5592,5611
7629,7630,7631
7632,5615,3768
7632,3768,3776
7633,7632,3776
7633,3776,7634
7635,5597,5606
7635,5606,7633
7635,5616,5597
7636,2512,5592
7636,5592,7629
7636,7629,7631
7636,5625,5622
7636,5622,2512
7637,3772,3771
7637,3771,3773
7638,7630,7637
7638,7637,3773
7639,7638,3773
7639,7630,7638
7639,7631,7630
7640,7631,7639
7640,3783,5626
7641,7634,3776
7641,3775,5629
7641,5629,7634
7641,3776,3775
7642,7634,5629
7642,5628,7643
7642,5629,5628
7644,5632,5616
7644,5616,7635
7644,7635,7643
7644,7643,5628
7645,3777,3779
7645,3779,5633
7645,5633,5638
7645,5638,3784
7645,3784,3777
7646,5627,3781
7646,5631,5627
7647,5632,7644
7648,7649,5634
7648,5634,5632
7648,5632,7647
7648,7647,7649
7650,5633,5631
7650,7646,3781
7650,5631,7646
7651,5636,5643
7651,3778,7652
7651,7652,5636
7653,5634,7654
7653,5635,5634
7655,5630,5642
7655,7649,7647
7655,7647,5630
7656,5639,5633
7656,5633,7650
7656,7657,5639
7658,5642,5647
7658,7655,5642
7659,7654,7658
7659,7653,7654
7659,5635,7653
7659,7658,5647
7660,5636,5635
7660,5650,7661
7660,5635,7659
7662,7651,5643
7662,5643,3793
7662,3793,5640
7663,3787,3788
7663,3788,5645
7664,5638,5639
7665,5643,5636
7665,5636,7660
7665,5655,5643
7665,7660,7661
7666,7663,5645
7666,3790,3787
7666,3787,7663
7666,3794,3790
7667,7661,5650
7667,5650,5649
7667,5649,7668
7669,5648,5644
7669,5644,3792
7669,5652,5648
7669,3792,3791
7670,3813,5651
7671,5655,7665
7671,7668,3808
7672,3808,7668
7672,7668,5649
7672,5649,3807
7672,3807,3808
7673,3799,5668
7673,5637,3799
7674,5652,7669
7674,7669,3791
7674,3791,3803
7674,3803,5661
7674,5661,5652
7675,7671,3808
7675,3806,5664
7675,3808,3806
7676,3796,5657
7676,3805,3796
7676,5657,5660
7676,5660,3805
7677,5659,5655
7677,5664,5659
7678,5662,5659
7678,5659,5663
7679,3801,5662
7680,3804,3805
7680,7681,7682
7683,7678,5663
7683,5663,3816
7684,5660,3812
7684,3812,5667
7685,7684,5667
7685,5660,7684
7686,3801,7679
7686,3800,3801
7687,7680,7682
7687,7682,5666
7687,3804,7680
7687,3809,3802
7687,5666,3809
7687,3802,3804
7688,7685,5667
7688,5674,7681
7689,5671,3811
7689,5653,5669
7689,5669,5671
7689,5658,5653
7689,3811,5658
7690,5666,7682
7690,5670,5666
7690,5674,5670
7690,7681,5674
7690,7682,7681
7691,3819,3814
7691,3814,5670
7691,5670,5673
7691,5673,3819
7692,7693,5672
7692,5672,3831
7692,3831,5678
7694,5678,5677
7694,7692,5678
7694,7695,7692
7696,3818,3819
7696,3819,5675
7696,3826,3818
7696,5679,3826
7696,5675,5679
7697,5668,3862
7698,3821,3803
7698,3833,3821
7698,7686,7695
7698,3800,7686
7698,3803,3800
7699,2525,2524
7699,7688,5667
7699,5674,7688
7699,5667,2525
7700,3820,3817
7700,3817,3825
7700,3829,3820
7701,2537,5680
7701,2524,2537
7701,7699,2524
7702,3833,7698
7702,7698,5686
7703,5681,5682
7703,5682,5683
7704,3828,3829
7704,3834,3828
7705,7706,7703
7707,3834,7704
7707,7704,7708
7707,5694,3834
7707,7708,5694
7709,5688,5689
7709,3832,5688
7709,5689,5692
7709,5691,3832
7710,7709,5692
7710,5691,7709
7711,5685,2538
7711,5690,5685
7711,5689,5690
7711,2538,5696
7711,5696,5689
7712,5691,7710
7712,7710,5692
7712,5692,3845
7712,5693,5691
7713,7712,3845
7713,5693,7712
7714,5693,7713
7714,5695,5693
7714,7713,3845
7715,5694,7708
7716,5699,5695
7716,5695,7714
7716,7714,3845
7716,3845,3844
7717,7718,5700
7717,5700,5694
7717,5694,7715
7717,7715,7718
7719,7720,7721
7719,7721,7718
7719,7718,7715
7722,5702,5699
7722,5699,7716
7722,7716,3844
7723,3862,5719
7723,5716,5717
7723,5719,5716
7723,7697,3862
7723,5717,7697
7724,3844,3851
7724,5702,7722
7724,7722,3844
7724,3851,5712
7725,3852,5703
7725,5712,3852
7725,5703,5702
7725,5702,7724
7725,7724,5712
7726,7721,5724
7726,7718,7721
7727,5713,3855
7727,5712,5711
7727,5711,5713
7728,5698,5705
7728,5705,5714
7729,5707,5715
7729,3853,5707
7729,5709,3853
7729,5710,5709
7730,5723,5708
7730,7726,5724
7730,5724,5723
7731,5698,7728
7731,5714,5725
7731,7728,5714
7732,2548,3854
7732,3854,3856
7732,5721,2548
7733,5715,5708
7733,5708,5723
7734,5720,5721
7734,5721,7732
7735,5720,7734
7735,7734,3865
7736,5715,7733
7736,5723,5730
7736,7733,5723
7737,3865,3866
7737,5722,5720
7737,5720,7735
7737,7735,3865
7738,7737,3866
7738,5722,7737
7739,7736,5730
7740,7731,5725
7740,5725,5732
7741,5726,5722
7741,5722,7738
7742,5726,7741
7743,3876,5729
7743,7739,5730
7743,5730,3876
7743,5729,5728
7743,5728,7739
7744,7740,5732
7744,7745,7740
7744,5732,5733
7744,5733,7745
7746,5726,7742
7747,5724,7745
7747,3872,5724
7747,7745,5733
7747,5733,5736
7747,5736,3872
7748,5726,7746
7748,5740,3861
7748,3861,5726
7749,5729,3876
7749,3876,5742
7749,5734,5729
7749,5735,5734
7750,3861,5740
7750,5725,3861
7750,3881,5725
7751,5735,7749
7751,7749,5742
7751,5742,5746
7752,3881,7750
7752,3882,3881
7753,2568,5738
7753,5738,5735
7753,5744,2568
7753,5747,5744
7753,5746,5747
7753,5735,7751
7753,7751,5746
7754,3882,7752
7755,3878,5751
7756,3888,3879
7756,3879,5745
7756,5762,3888
7756,5745,3885
7756,3885,5762
7757,3880,5753
7757,5758,3880
7757,5753,5756
7757,5756,5765
7758,5758,7757
7758,7757,5765
7759,5754,5755
7759,5750,5748
7759,2562,5754
7759,5748,2562
7760,5757,5751
7760,2576,5763
7760,5756,5757
7760,5763,5756
7760,5751,2576
7761,5761,5758
7761,5758,7758
7761,7758,5765
7761,5765,5764
7762,5761,7761
7762,7761,5764
7763,2581,5760
7763,5750,7759
7763,7759,5755
7763,5760,5750
7763,5775,2581
7763,5755,5775
7764,5761,7762
7764,7762,5764
7764,5767,5761
7765,3877,3892
7766,7764,5764
7766,5764,5766
7767,5766,5784
7767,5769,7766
7767,7766,5766
7768,5776,3899
7768,5774,5776
7768,5755,3887
7768,3887,5774
7768,3899,5755
7769,7765,3892
7769,3892,3904
7769,3904,3902
7770,7767,5784
7770,5769,7767
7770,5770,5769
7770,5773,5770
7771,7770,5784
7771,5773,7770
7772,5784,5783
7772,5777,5773
7772,7771,5784
7772,5773,7771
7773,7772,5783
7773,5777,7772
7774,5777,7773
7774,5783,5787
7774,7773,5783
7774,5781,3891
7774,5787,5781
7774,3891,5777
7775,2579,5780
7775,2577,2579
7775,3907,2577
7775,5797,3907
7775,5780,5797
7776,5783,5782
7776,5787,5783
7776,5782,5791
7777,3900,5781
7777,5792,3900
7778,7776,5791
7778,5786,5787
7778,5787,7776
7778,5791,5793
7778,5793,5786
7779,2580,5785
7779,7780,7781
7782,5792,7777
7782,5794,5795
7783,3910,2580
7783,7779,7781
7783,5801,3910
7783,2580,7779
7783,7781,5801
7784,3895,2584
7784,2584,2583
7784,3889,5772
7784,5772,3895
7785,3897,5796
7785,5800,7780
7785,5796,5800
7786,5792,7782
7786,7782,5795
7786,5798,5792
7787,7786,5795
7787,5798,7786
7788,5798,7787
7788,5799,5798
7788,7787,5795
7788,5795,7789
7790,7780,5800
7790,7781,7780
7791,5799,7788
7791,7788,7789
7792,5791,5790
7792,5790,2590
7792,5793,5791
7792,2589,5814
7792,2590,2589
7793,5799,7791
7793,7791,7789
7793,5803,5799
7794,3907,5797
7795,3903,7796
7795,5825,5806
7795,7797,5825
7795,7794,5797
7795,5805,7794
7795,5806,5805
7795,7796,7797
7795,3901,3903
7795,5797,3901
7798,5803,7793
7798,5804,5803
7798,7793,5811
7798,5811,5804
7799,7781,7790
7799,5800,3918
7799,7790,5800
7799,3918,7800
7801,7792,5814
7801,5815,7789
7801,5795,5793
7801,5793,7792
7801,5814,5815
7801,7789,5795
7802,7789,5815
7802,7793,7789
7802,5811,7793
7802,5815,5812
7803,5802,5801
7803,5801,7800
7804,3915,5810
7804,5811,7802
7804,7802,5812
7804,5810,5811
7804,5812,3915
7805,3903,5804
7805,7796,3903
7806,3913,3910
7806,3910,5802
7806,5819,3913
7807,7796,7805
7808,5808,5809
7808,5809,5807
7809,7807,5813
7809,5813,5816
7810,5816,5821
7810,7809,5816
7811,5832,5817
7811,5817,5808
7811,5807,5828
7811,5828,5832
7811,5808,7808
7811,7808,5807
7812,3918,3917
7813,7810,5821
7814,5851,3924
7814,1566,3909
7814,3924,1566
7815,5825,7797
7816,7814,3909
7816,2583,1602
7816,5851,7814
7816,1602,5851
7817,5818,5820
7817,5823,5818
7818,7813,5821
7818,5830,7819
7818,7819,7820
7818,5821,5822
7818,5822,5827
7818,5827,5830
7818,7820,7813
7821,7819,5830
7822,5823,7817
7822,5829,5823
7822,7817,5820
7823,3917,5817
7823,5817,5832
7823,5832,5838
7824,7821,5830
7824,5830,5834
7825,7823,5838
7825,3917,7823
7825,5838,5845
7826,5824,7827
7826,5831,5824
7828,7827,7829
7828,7829,7824
7828,7824,5834
7830,5831,7826
7831,7828,5834
7831,5834,5835
7831,5835,7832
7833,7812,3917
7833,3917,7825
7833,7825,5845
7834,5828,5831
7835,7834,5831
7835,5831,7830
7836,7833,5856
7836,7822,5820
7836,5820,7833
7837,7836,5856
7837,7838,7839
7837,5856,5855
7840,5841,7839
7840,7839,7838
7840,5843,5841
7841,5862,5861
7841,5839,5849
7841,5849,5862
7842,5853,5856
7842,5844,5853
7842,5856,7833
7842,7833,5845
7842,5845,5844
7843,7840,7838
7843,5843,7840
7844,7845,5861
7846,5863,5833
7846,5833,5847
7847,7838,5868
7847,7843,7838
7847,5843,7843
7848,2599,3928
7848,1602,2599
7848,3928,5850
7848,5851,1602
7848,5850,5851
7849,5870,5858
7849,5858,5852
7849,5852,7850
7849,7850,5870
7851,7852,7853
7854,7855,5854
7854,5866,7856
7854,5837,5866
7854,5844,5837
7854,7856,7855
7854,5854,5844
7857,7851,7853
7858,5868,7838
7858,5869,5868
7858,7859,5877
7858,5877,5869
7858,7838,7837
7858,7837,5855
7860,7857,7853
7861,5860,5871
7861,5861,5860
7862,5858,5870
7862,5870,5867
7863,7861,5871
7863,5871,5872
7864,5864,5854
7865,7863,5872
7866,7862,5867
7866,5858,7862
7867,7865,5872
7868,7856,5866
7868,5866,7869
7868,7870,7856
7871,5854,7855
7871,7855,7872
7871,7864,5854
7873,7867,5872
7874,5873,5874
7874,5874,3936
7874,3935,5875
7874,5875,5873
7874,3936,3935
7875,7870,7876
7875,7876,7877
7878,7879,7873
7878,7873,5872
7880,7872,7855
7880,7855,7856
7881,5875,3935
7881,5876,5875
7882,7883,5888
7882,7871,7872
7882,7872,7883
7882,5888,5887
7884,5877,7859
7884,5878,5877
7885,7872,7880
7886,7881,3935
7886,5876,7881
7886,5879,5876
7886,3935,5883
7887,7872,7885
7888,5880,5879
7888,5879,7886
7888,7886,5883
7889,7872,7887
7889,7883,7872
7890,5882,5880
7890,7888,5883
7890,5880,7888
7891,5886,5892
7891,5887,5886
7892,7883,7889
7893,3950,7894
7895,3950,7893
7895,7893,7896
7895,3951,3950
7897,5888,7883
7897,7883,7892
7898,5892,5893
7898,7891,5892
7899,7890,5883
7899,5883,5890
7899,5882,7890
7900,3949,7901
7900,7894,3950
7900,3950,3949
7902,5886,5889
7903,5897,5891
7903,5882,7899
7903,5890,5896
7903,5896,5897
7903,5891,5882
7903,7899,5890
7904,7901,3949
7905,7904,3949
7905,5902,7906
7905,3949,5902
7907,5892,5886
7907,5900,5892
7907,5886,7902
7908,5885,5893
7908,3952,5885
7908,5893,5895
7909,5900,7907
7910,5895,5903
7910,3952,7908
7910,7908,5895
7911,5902,3972
7911,7906,5902
7912,5891,5897
7912,5894,5891
7912,5899,5894
7912,5906,5899
7913,5901,3952
7913,5903,5904
7913,3952,7910
7913,7910,5903
7914,7911,3972
7915,5906,7912
7916,5901,7913
7916,5907,5901
7916,7913,5904
7917,7914,3972
7917,5912,5914
7917,3972,5912
7918,7917,5914
7919,5911,5907
7919,5904,5911
7919,5907,7916
7919,7916,5904
7920,5909,5906
7920,5906,7915
7920,3976,3975
7920,7915,3976
7921,7918,5914
7922,5918,3989
7923,3975,5918
7923,7920,3975
7923,5918,7922
7924,5914,5913
7924,5913,5924
7924,7925,5914
7926,5930,5898
7926,5922,5930
7926,5898,5911
7926,5911,5922
7927,3966,3968
7927,5916,3966
7928,7929,5921
7928,5921,5920
7930,5924,5921
7930,5921,7929
7930,7924,5924
7931,5920,5927
7932,5927,5933
7932,7931,5927
7933,7932,5933
7934,5917,5916
7934,5916,7933
7934,7933,5933
7935,5933,5932
7935,7934,5933
7936,7935,5932
7936,5932,5936
7936,5936,5938
7936,5938,5943
7937,5915,5917
7937,5923,5915
7938,7936,5943
7939,5935,5929
7940,5923,7937
7941,5941,5935
7941,5935,7939
7941,7939,4019
7941,4019,5941
7942,5945,4019
7942,4019,7939
7943,7944,5923
7943,5923,7940
7945,5942,5952
7946,3991,3990
7946,3990,5958
7947,5958,5957
7947,7946,5958
7948,5952,5951
7948,7945,5952
7949,7947,5957
7950,7948,5951
7951,7950,5951
7951,5951,5954
7952,5957,5962
7952,7949,5957
7952,5949,7949
7953,5954,5960
7954,5947,5948
7954,5946,5947
7955,5962,4035
7955,7952,5962
7955,5949,7952
7956,7953,5960
7957,7955,4035
7957,5950,5949
7957,5949,7955
7957,5955,5950
7958,5961,5946
7958,5946,7954
7958,7954,5948
7959,5955,7957
7959,4035,5956
7959,5956,5955
7959,7957,4035
7960,5960,5963
7960,7956,5960
7961,7962,7963
7961,7963,7964
7961,4017,5945
7961,5945,7962
7965,7960,5963
7966,4017,7961
7966,7964,7967
7966,7961,7964
7968,7965,5963
7969,4017,7966
7969,7966,7967
7970,5961,7958
7970,5975,5958
7970,5958,5961
7970,5982,5975
7971,5963,5964
7971,7968,5963
7971,5964,7972
7973,4017,7969
7973,5971,4017
7974,7971,7972
7975,4035,4034
7975,5956,4035
7975,4034,5976
7976,7974,7972
7977,7976,7972
7978,671,2685
7978,2671,1604
7978,2685,2671
7978,1604,5959
7979,4036,5975
7979,5975,5981
7979,5991,4036
7980,4044,5974
7980,4049,4044
7980,7975,5976
7980,5976,4049
7981,7982,7983
7984,4045,4046
7984,7972,5964
7984,5964,4045
7984,4046,5995
7985,7986,7987
7985,5985,5987
7985,5987,7986
7988,5995,5994
7989,5983,5997
7989,7979,5981
7989,5991,7979
7989,5981,5983
7990,5992,4047
7990,4047,4051
7990,5990,4031
7990,4051,5990
7990,4031,5992
7991,5996,5993
7991,5993,7992
7991,7992,7993
7994,7991,7993
7995,6008,6009
7996,7993,7997
7996,7994,7993
7998,6007,6008
7998,5997,6007
7998,7989,5997
7998,6008,7995
7999,5999,5998
7999,6009,6001
7999,6001,5999
8000,6006,5997
8000,5997,8001
8002,4057,6003
8002,6005,6004
8002,6004,4057
8002,7997,6005
8003,6006,8000
8004,6007,6006
8005,6007,8004
8005,6015,6007
8006,4057,6010
8006,6010,6012
8007,6016,4052
8007,6013,6016
8007,4052,6001
8007,6001,6013
8008,6015,8005
8009,6015,8008
8010,6011,6010
8010,6010,6018
8011,8009,8012
8011,6015,8009
8011,6014,6015
8013,1641,1644
8013,1644,1646
8013,647,651
8013,4021,647
8013,651,1641
8014,8012,8010
8014,8010,6018
8014,6018,6020
8015,4065,4064
8016,6016,6013
8016,4070,4069
8016,6021,6016
8016,6013,4065
8016,4065,8015
8016,4069,6021
8017,4077,4070
8017,8016,8015
8017,4070,8016
8018,8019,8020
8021,4078,6040
8021,6040,6041
8021,4076,4078
8022,4076,8021
8022,8021,6041
8023,6039,4076
8023,4076,8022
8023,8022,6041
8024,6041,4100
8024,8023,6041
8025,4071,6039
8025,4082,4071
8025,6039,8026
8025,4090,4082
8027,4090,8025
8028,4100,6044
8029,4107,6042
8029,6042,4084
8029,4085,4102
8029,4102,4107
8029,4084,4085
8030,6044,6046
8030,8028,6044
8031,8030,6046
8031,6048,6049
8031,6046,6048
8032,8031,6049
8033,4090,8034
8033,4089,4090
8035,4089,8033
8035,4098,4089
8036,4098,8035
8036,4104,4098
8037,4104,8036
8037,6054,6055
8038,4104,8037
8038,8037,6055
8038,6055,8039
8040,8038,8039
8040,4104,8038
8040,6056,4105
8040,8039,6056
8040,4103,4104
8040,4105,4103
8041,4114,6063
8041,6055,4115
8041,8039,6055
8041,4115,4114
8042,8041,6063
8042,8039,8041
8042,6056,8039
8042,6057,6056
8043,4108,4110
8043,8044,6058
8043,6058,4108
8045,8043,4110
8045,4110,6057
8046,6062,6061
8046,8044,6062
8047,6065,6060
8047,6058,8044
8047,6060,6058
8048,6061,6064
8048,8046,6061
8049,8050,8048
8049,8048,6064
8051,6065,8047
8052,6068,8053
8052,8050,8049
8052,8049,6064
8052,6064,6068
8054,6067,6065
8054,6065,8051
8055,4121,6069
8055,6069,4140
8055,4140,6071
8055,4122,4121
8055,6071,4122
8056,4127,8057
8056,4126,4127
8058,6068,4129
8058,8053,6068
8058,4129,4130
8059,6070,4126
8059,8056,8060
8059,4126,8056
8061,8059,8060
8061,6073,6070
8061,6070,8059
8062,8063,4130
8062,4130,6076
8062,6076,8060
8064,6074,6072
8064,6072,6073
8065,6074,8064
8065,6077,6074
8065,6073,6075
8065,8064,6073
8066,6076,4130
8066,6075,6076
8066,4130,6081
8067,6075,4136
8067,8065,6075
8067,6077,8065
8068,8067,4136
8068,6078,6077
8068,4136,4135
8068,6077,8067
8069,6081,4136
8069,4136,6075
8069,8066,6081
8069,6075,8066
8070,6078,8068
8070,8068,4135
8070,4135,8071
8072,8070,8071
8072,6078,8070
8072,6079,6078
8072,8073,6079
8072,8071,8073
8074,6079,8073
8074,6083,6079
8075,6083,8074
8075,8074,8073
8075,6084,6083
8076,8071,4135
8076,6087,4148
8076,4135,1674
8076,1674,6087
8077,6084,8075
8078,8077,4148
8078,6086,6084
8078,6084,8077
8078,4148,4147
8079,8078,4147
8079,6086,8078
8079,6088,6086
8079,4147,6088
8080,6088,4147
8081,8080,6095
8081,6093,6091
8082,6093,8081
8082,6095,6094
8082,8081,6095
8083,6094,6096
8083,6093,8082
8083,8082,6094
8084,8083,6096
8084,6093,8083
8085,6099,4152
8085,4152,4153
8085,4153,8086
8087,6096,6100
8087,8084,6096
8088,6100,4170
8088,8087,6100
8088,4170,4169
8089,6099,8090
8091,6098,6099
8091,4169,4168
8091,6099,8089
8091,8089,4169
8092,4152,6098
8092,4167,4155
8092,4155,4152
8093,6104,6103
8093,6103,4167
8093,4167,8092
8094,8091,4168
8095,6104,8094
8095,8094,4168
8096,6097,4158
8096,2774,6097
8096,4158,4145
8096,4145,4174
8096,4174,2775
8096,2775,2774
8097,4181,6101
8097,6101,4161
8097,4161,4162
8097,4178,4181
8097,4162,4178
8098,4167,6103
8098,4166,4167
8099,6104,8095
8099,6102,6104
8099,4168,6105
8099,8095,4168
8100,6102,8099
8100,8099,6105
8101,8100,6105
8101,6105,6107
8102,6119,6113
8102,6115,6119
8102,6113,8103
8104,6113,6119
8104,6111,6113
8105,8104,6119
8105,6119,6118
8106,6116,6117
8107,8105,6118
8107,6118,6121
8108,4181,4184
8108,6108,4181
8109,8107,6121
8110,8109,6121
8110,6121,6122
8111,4185,4189
8111,6108,8108
8111,4189,6120
8111,4184,4185
8111,6120,6108
8111,8108,4184
8112,4183,8113
8112,6123,4183
8114,8115,8110
8114,8110,6122
8114,6122,6125
8116,6123,8112
8117,8116,8118
8117,6123,8116
8117,6124,6123
8119,6125,4196
8119,8114,6125
8119,4196,8118
8120,8118,4196
8120,8117,8118
8121,6130,6132
8121,4196,6130
8121,8120,4196
8122,8121,6132
8123,6133,6129
8123,6129,6128
8123,6128,4193
8124,6132,6131
8124,8125,6132
8124,6131,6135
8126,6136,8127
8126,6135,6136
8126,8127,8128
8126,8124,6135
8129,4197,4192
8129,4192,8130
8129,8130,8131
8132,4197,8129
8132,8131,6141
8132,8129,8131
8133,4197,8132
8133,8132,6141
8134,4197,8133
8134,6141,6140
8134,6140,6137
8134,6137,4197
8134,8133,6141
8135,6136,4209
8135,8131,8127
8135,8127,6136
8135,6139,6141
8135,4209,6139
8135,6141,8131
8136,6133,8123
8136,4193,4194
8136,4194,4202
8136,4202,6142
8136,8123,4193
8136,6142,6133
8137,6137,6140
8137,6144,6147
8137,6143,6137
8137,6147,6143
8138,6143,6147
8138,6147,6146
8138,6146,6150
8139,6145,6143
8139,6143,8138
8140,6145,8139
8140,6148,6145
8140,8141,6148
8142,6150,6151
8143,6148,8141
8143,6149,6148
8144,8143,8145
8144,6149,8143
8144,8145,6153
8144,6153,6149
8146,8142,6151
8147,8146,6151
8147,8148,8146
8147,6151,6154
8147,6154,6155
8147,6155,6156
8149,8147,6156
8149,8145,8148
8149,8148,8147
8150,8145,8149
8150,8149,6156
8150,6153,8145
8151,6157,6152
8151,6152,6153
8152,6158,6160
8153,6157,8151
8154,6157,8153
8154,8153,8155
8156,8154,8155
8156,8157,4223
8156,6157,8154
8156,4223,6157
8156,8155,8157
8158,8153,6160
8158,8155,8153
8158,6160,6159
8158,8157,8155
8159,8160,8157
8159,6159,4224
8159,4224,4227
8159,8158,6159
8159,8157,8158
8159,4227,8160
8161,8157,8160
8161,8160,8162
8161,8162,4223
8161,4223,8157
8163,8162,8164
8163,8164,6163
8163,4221,4223
8163,6163,4221
8163,4223,8162
8165,6161,4220
8165,6164,4230
8165,4220,6164
8165,4230,4238
8165,4238,2809
8165,2809,6161
8166,8162,8160
8166,4228,6167
8166,4227,4228
8166,8160,4227
8167,8164,8162
8167,6167,6168
8167,8166,6167
8167,8162,8166
8168,8164,8167
8168,6163,8164
8168,8167,6168
8169,6162,6163
8169,6165,6162
8169,6163,8168
8169,8168,6168
8170,6168,6166
8170,8169,6168
8170,6165,8169
8171,6169,6165
8171,6165,8170
8172,6169,8171
8172,4241,4240
8172,8171,4241
8173,6171,6169
8173,6169,8172
8173,8172,4240
8174,8173,4240
8174,6173,6171
8174,6175,6173
8174,4240,6175
8174,6171,8173
8175,6174,6176
8175,4247,6174
8176,6176,6177
8176,8175,6176
8177,4250,4247
8178,4250,8177
8179,8176,6177
8180,8178,8181
8180,8181,8182
8180,4255,4250
8180,4250,8178
8183,6179,6182
8184,8180,8182
8184,4255,8180
8185,8181,8183
8185,8183,6182
8186,8185,6182
8186,8182,8181
8186,8181,8185
8187,4255,8184
8188,4239,4232
8188,4232,4255
8188,4258,4239
8189,8186,6182
8189,8182,8186
8189,6182,6181
8190,8189,6181
8190,8191,8189
8192,8188,4255
8192,4255,8187
8193,6181,4260
8193,4260,4263
8194,4263,6183
8194,8193,4263
8195,8196,8197
8195,6183,6184
8198,8196,8195
8198,8195,6184
8199,703,705
8199,705,708
8200,8196,8198
8200,8198,6184
8201,6184,4265
8201,8200,6184
8202,8201,4265
8203,712,6188
8203,708,712
8203,8204,8199
8203,6188,6196
8203,8199,708
8205,4265,4264
8205,4264,6191
8205,8202,4265
8206,8207,8208
8206,8208,8209
8206,4259,8207
8206,4267,4259
8210,8205,6191
8210,6191,8211
8212,4267,8206
8213,8214,8215
8213,4269,4267
8213,8215,4269
8213,4267,8212
8216,8215,8214
8216,8214,8217
8216,8218,8219
8216,8217,8218
8220,8216,8219
8220,8215,8216
8221,6192,4269
8221,4269,8215
8222,8219,8223
8222,8220,8219
8222,8215,8220
8222,8221,8215
8224,6192,8221
8224,8223,8225
8226,8223,8219
8226,8218,4286
8226,8219,8218
8227,6192,8224
8227,8224,8225
8228,8223,8226
8228,8226,4286
8229,6195,6192
8229,6192,8227
8229,8225,8230
8229,8227,8225
8231,8225,8223
8231,8230,8225
8231,8223,8228
8231,8228,4286
8232,6197,6195
8232,6195,8229
8232,8229,8230
8233,8232,8230
8233,6200,6197
8233,6197,8232
8234,6200,8233
8234,8233,8230
8235,6200,8234
8235,8234,8230
8235,8230,8236
8237,6200,8235
8238,6202,6201
8238,4279,6206
8238,6206,6202
8239,4279,8238
8239,6209,4279
8240,6196,6199
8240,6199,6203
8240,8204,8203
8240,8203,6196
8241,8230,8231
8241,8231,4286
8241,6212,6210
8241,6210,8236
8241,6215,6212
8241,8236,8230
8241,4286,6215
8242,6206,4279
8242,4279,4278
8242,6205,6206
8243,6205,8242
8243,8242,4278
8243,4282,6205
8243,4278,4282
8244,6211,4282
8244,4282,4281
8244,4281,4290
8245,8244,4290
8245,6211,8244
8245,6214,6211
8246,6214,8245
8246,6216,6214
8246,8245,4290
8247,6276,6304
8247,6275,6276
8248,6216,8246
8248,8246,4290
8248,4289,6220
8248,4290,4289
8249,6220,6222
8249,8248,6220
8249,6216,8248
8250,6207,6208
8250,6203,6207
8250,8240,6203
8251,6217,6218
8251,6219,6217
8251,6218,6223
8252,6222,6223
8252,8249,6222
8252,6223,6218
8253,6224,4300
8253,8251,6223
8253,6219,8251
8253,4295,6219
8253,6223,6224
8253,4300,4295
8254,6237,6275
8254,6242,6235
8254,8247,8204
8254,8204,6242
8254,6275,8247
8254,6235,6237
8255,6227,6226
8255,6226,4299
8255,6225,6227
8255,4299,6225
8256,8240,8250
8256,8204,8240
8256,8250,6208
8257,4307,6233
8257,4305,4307
8257,6250,4310
8257,4310,6221
8257,6251,6250
8257,6221,4298
8257,6233,6251
8257,4298,4305
8258,6243,6242
8258,6258,6243
8258,6242,8204
8258,6255,6258
8258,8204,8256
8258,8256,6208
8258,6208,6255
8259,6239,4323
8259,4323,6238
8260,6245,6239
8261,4317,6248
8261,4324,4317
8262,6254,8260
8263,8260,6254
8263,6246,6245
8263,6245,8260
8264,6256,4333
8264,6252,6256
8264,8263,6254
8264,4333,6246
8264,6254,6252
8264,6246,8263
8265,6262,6249
8265,6249,6261
8266,4332,6260
8266,6260,6263
8267,8266,6263
8267,6263,6264
8267,4332,8266
8268,6261,6247
8268,6247,4339
8269,4332,8267
8269,8267,6264
8269,4338,4332
8269,6269,4338
8270,8269,6264
8270,6265,6266
8270,6269,8269
8270,6266,6272
8270,6264,6265
8270,6272,6269
8271,6261,8268
8272,6267,6272
8272,6271,6267
8272,6277,6271
8272,6272,6277
8273,6261,8271
8274,4339,6268
8274,8275,8271
8274,8268,4339
8274,8271,8268
8276,8265,6261
8276,6261,8273
8276,8273,8277
8276,6273,6262
8276,6292,6287
8276,8277,6292
8276,6262,8265
8276,6287,6273
8278,6268,6270
8278,8274,6268
8279,6279,6280
8279,6280,6285
8280,8275,8274
8281,8279,6285
8281,8282,8279
8283,8281,6285
8283,6285,6286
8283,6286,6290
8283,8282,8281
8284,8275,8280
8285,8284,6290
8285,8275,8284
8285,8286,8275
8287,8288,8289
8290,8286,8287
8291,6310,8292
8291,6259,6297
8291,6291,6244
8291,6244,6259
8291,6296,6291
8291,6297,6310
8291,8292,6296
8293,6294,6307
8293,8289,6294
8294,8293,6307
8295,6292,8277
8295,8277,6302
8295,6302,6301
8295,6298,6292
8295,6301,6298
8296,6302,8297
8296,6300,6302
8298,6300,8296
8299,6330,6331
8299,6331,6361
8299,8300,6305
8299,8301,237
8299,6305,6303
8299,6333,6330
8299,237,238
8299,238,8300
8299,6361,6362
8299,6362,8302
8299,6303,6333
8299,8302,8301
8303,6307,6311
8303,6311,6312
8303,8304,8294
8303,8294,6307
8305,6309,6300
8306,6312,6314
8306,8303,6312
8306,8304,8303
8307,6309,8305
8308,6298,6301
8308,6301,6309
8309,6314,6313
8309,6313,6315
8309,8306,6314
8310,6293,6295
8310,6295,6296
8310,6303,6293
8311,6315,4365
8311,4365,6316
8312,6298,8308
8312,4368,2889
8312,2889,6298
8313,4369,4368
8313,4368,8312
8314,8292,6310
8314,8310,6296
8314,4371,6346
8314,6296,8292
8314,6310,4371
8315,8311,6316
8315,8316,8311
8317,6303,8310
8318,8315,6316
8318,6316,2897
8318,2897,6319
8319,4369,6319
8319,6319,6317
8320,4369,8319
8320,6320,4367
8320,8319,6317
8320,6317,6320
8320,4367,4369
8321,4375,6321
8321,6323,2888
8321,6321,6325
8321,2888,2890
8321,2890,4375
8322,6303,8317
8322,6334,6333
8322,6341,6334
8322,6333,6303
8323,6323,8321
8323,6325,6324
8323,8321,6325
8324,6322,6323
8324,2902,6322
8325,8323,6324
8325,6326,6328
8325,6324,6326
8326,8325,6328
8326,6328,6329
8327,4381,2902
8327,6329,4385
8327,4385,4381
8327,2902,8324
8328,4396,6353
8328,6341,8322
8328,6346,4396
8328,6342,6341
8328,6353,6342
8329,4386,4382
8329,4389,4386
8330,4389,8329
8330,6352,4389
8331,6344,4387
8331,4387,2909
8331,2909,6348
8331,6348,8332
8333,6337,6338
8333,6338,6339
8333,6339,6375
8333,6343,6337
8334,4390,4393
8335,8334,4393
8335,6356,8334
8335,4393,6351
8335,6354,6356
8336,6348,6347
8336,6349,6350
8336,6350,6357
8336,6347,6349
8336,8332,6348
8337,4391,4390
8337,4390,8334
8337,8334,6356
8338,6345,6343
8338,6373,6345
8338,6375,6382
8338,6382,6373
8338,6343,8333
8338,8333,6375
8339,6355,6354
8339,6358,6355
8340,8341,6359
8340,8342,8343
8340,6355,6358
8340,6359,6355
8340,6358,8342
8340,8343,8341
8344,4408,6376
8344,8345,8343
8344,8342,4408
8344,8343,8342
8344,6376,6378
8346,6358,4398
8346,4398,4406
8346,4406,4408
8346,4408,8342
8346,8342,6358
8347,6369,6370
8347,8344,6378
8348,8347,6378
8348,6371,6369
8348,6369,8347
8349,8348,6378
8349,6371,8348
8350,6360,6367
8350,6367,6399
8351,6371,8349
8351,6372,6371
8351,6378,6377
8351,8349,6378
8352,6372,8351
8352,8351,6377
8352,6377,6380
8353,8352,6380
8353,6372,8352
8354,6375,6374
8354,4414,6381
8354,6374,4414
8354,6382,6375
8354,6381,6382
8355,6372,8353
8356,8357,8355
8358,6390,6391
8358,6391,8359
8358,6395,6396
8358,8359,6395
8360,6390,8358
8360,8358,6396
8361,8350,6399
8361,266,264
8361,6399,267
8361,267,266
8362,8360,6396
8362,6390,8360
8362,6392,6390
8363,6393,6392
8364,8362,6396
8364,6394,4426
8364,6396,6394
8365,6393,8363
8366,8365,8367
8366,8367,8368
8366,4429,6393
8366,6393,8365
8369,6403,4429
8369,4429,8366
8370,8371,8372
8370,8364,4426
8370,4426,8371
8373,8368,8367
8374,8368,8373
8374,8372,8371
8374,8373,8372
8375,8371,6414
8375,8368,8374
8375,8374,8371
8375,6414,6402
8376,4429,6403
8376,6403,6400
8376,4428,4429
8376,4430,4428
8377,6400,6405
8377,6407,4430
8377,8376,6400
8377,4430,8376
8378,6405,6402
8378,6402,6414
8379,4425,4434
8379,4434,6414
8379,6414,8371
8379,8371,4426
8379,4426,4425
8380,4431,6408
8381,4433,4432
8381,4432,4431
8381,4431,8380
8382,6412,8383
8382,6416,6415
8382,6411,6412
8382,6413,6416
8382,6415,6411
8384,2949,4440
8384,6412,2949
8384,8383,6412
8384,4440,6410
8385,4445,4450
8385,6420,4445
8386,6421,6420
8386,8385,4450
8386,6420,8385
8387,6421,8386
8387,4452,4455
8388,6422,6421
8388,6421,8387
8388,8387,4455
8389,6422,8388
8389,8388,4455
8389,6423,6422
8389,6430,6423
8389,4455,6428
8389,6428,6430
8390,6433,4463
8390,4453,6433
8390,4456,4451
8390,4451,4453
8391,6429,6430
8391,6431,4464
8391,6430,6431
8392,6432,6429
8392,8391,4464
8392,6429,8391
8392,4464,4470
8393,6434,6432
8393,4470,6434
8393,6432,8392
8393,8392,4470
8394,6436,4482
8394,6438,6436
8394,8395,6438
8396,4479,6438
8396,6438,8395
8396,6439,4479
8396,8395,6439
8397,4482,4484
8397,8395,8394
8397,8394,4482
8398,8397,4484
8398,4487,6441
8398,4484,4487
8399,6440,6441
8399,6441,6442
8400,6440,8399
8400,6442,6446
8400,8399,6442
8401,8400,6446
8401,6445,6444
8401,6446,4494
8401,4494,6445
8402,4488,2969
8402,2969,2975
8402,6446,4488
8402,4494,6446
8402,2975,4494
8403,4486,6445
8403,6445,6448
8404,6451,4490
8404,8403,6448
8404,4486,8403
8404,4490,4486
8405,6451,8404
8405,8404,6448
8405,6448,6449
8405,6449,6452
8406,8405,6452
8406,6451,8405
8407,6450,6451
8407,6451,8406
8407,8406,6452
8408,6450,8407
8408,8407,6452
8408,6454,6450
8408,6452,6455
8409,6454,8408
8409,8408,6455
8409,6455,6458
8409,6462,6454
8409,6458,6462
8410,6457,6456
8410,6453,6454
8410,6456,6453
8410,6464,6457
8410,6454,6462
8411,6459,4496
8411,6457,6464
8411,4496,6457
8411,6460,6459
8412,6461,6464
8412,6462,6461
8412,8410,6462
8412,6464,8410
8413,6464,6463
8413,8411,6464
8413,6460,8411
8414,6463,4502
8414,8413,6463
8414,4502,6470
8415,6458,4501
8415,4509,4503
8415,4501,4509
8415,4503,6462
8415,6462,6458
8416,6466,6460
8416,8414,6470
8417,6466,8416
8417,8416,6470
8418,4504,4521
8418,6470,6469
8418,6469,4504
8419,6471,6474
8419,4505,6471
8419,4510,4505
8420,8418,4521
8420,6473,8418
8421,8420,4521
8422,8421,4521
8422,8423,8424
8422,4521,6478
8422,6478,8423
8425,8424,8423
8426,4514,8425
8426,8425,8423
8426,6478,4518
8426,8423,6478
8426,4518,4514
8427,6476,6475
8427,6475,4511
8427,4511,4517
8428,4518,6479
8428,4517,4518
8429,4521,4522
8429,6478,4521
8429,6477,6478
8429,4522,4524
8429,4524,6477
8430,6479,4524
8431,6476,8427
8431,8432,6476
8433,8434,8430
8433,6480,6484
8435,8431,8434
8435,8432,8431
8435,8433,6484
8435,8434,8433
8436,8435,6484
8436,8432,8435
8437,8436,6484
8437,6484,6483
8438,2993,2992
8438,2992,6482
8438,6482,6481
8439,2992,2991
8439,4527,6485
8439,6482,2992
8439,2991,4527
8439,6485,6482
8440,4529,2995
8440,6487,6486
8440,6486,4529
8440,2995,4533
8441,4533,6491
8441,6487,8440
8441,8440,4533
8442,6490,6488
8442,6487,8441
8442,8441,6491
8442,6488,6487
8443,6493,6490
8443,6495,6493
8443,8442,6491
8443,6490,8442
8443,6491,6495
8444,6490,6493
8444,6489,6490
8444,6493,6494
8444,6492,6489
8445,6492,8444
8445,8444,6494
8445,6496,6492
8445,6494,6498
8445,6498,6496
8446,6499,6500
8446,4537,4535
8446,6500,4537
8446,6497,6499
8446,4536,6497
8446,4535,4536
8447,4540,6503
8447,4547,4540
8448,6503,1853
8448,1853,1852
8448,8447,6503
8448,1852,4552
8449,4567,6511
8449,6508,4567
8449,6512,6508
8450,4574,4573
8450,6511,4574
8450,6514,6512
8450,4573,6514
8450,8449,6511
8450,6512,8449
8451,6510,6513
8451,4574,6510
8451,4575,4574
8451,6516,4575
8451,6513,6516
8452,6518,4571
8452,4571,6514
8452,6514,6515
8452,6515,6518
8453,4579,6520
8453,4573,4575
8453,6515,4573
8453,6520,6515
8453,4575,4579
8454,4576,4551
8454,3028,4576
8454,4551,4572
8454,4572,6524
8454,6527,3028
8454,6524,6527
8455,6520,4579
8455,4579,6525
8455,6523,6521
8455,6521,6520
8455,6525,6523
8456,6519,6522
8456,6522,6523
8456,6524,6519
8456,6528,6524
8456,6523,6529
8457,6529,6530
8457,6528,8456
8457,8456,6529
8457,6530,6531
8458,6528,8457
8458,8457,6531
8458,3025,3024
8458,3024,6527
8458,6527,6528
8458,6531,3025
8459,4581,3033
8459,3033,6533
8459,6535,4581
8459,6533,6535
8460,781,779
8460,6535,1868
8460,1868,781
8460,6536,6535
8460,779,6536
8461,4588,4587
8461,4587,3039
8461,3039,6539
8461,6540,4588
8461,6539,6540
8462,3049,3048
8462,4595,6543
8462,3048,4595
8463,6550,6552
8463,6551,6550
8464,26,27
8464,27,28
8464,28,29
8464,8465,8463
8464,29,30
8464,8463,6552
8464,6552,26
8464,30,6553
8466,6551,8463
8466,8463,8465
8466,8465,6554
8467,8465,8464
8467,8464,6553
8468,8469,8470
8468,6553,32
8468,32,33
8468,33,34
8468,34,35
8468,35,36
8468,8470,8471
8468,8471,6553
8472,8469,8468
8472,8468,36
8473,36,37
8473,8472,36
8473,8469,8472
8474,37,38
8474,38,39
8474,39,40
8474,40,41
8474,41,42
8474,42,43
8474,8473,37
8474,8469,8473
8474,43,4615
8475,6557,4610
8475,8466,6554
8475,6554,6556
8475,6556,6557
8476,8465,8467
8477,8478,8479
8477,8479,8469
8477,8480,8478
8481,8477,8469
8481,8480,8477
8481,8482,8480
8483,8469,8474
8483,6570,6569
8483,8474,4615
8483,6575,6573
8483,8481,8469
8483,6573,6570
8483,8482,8481
8483,6569,8482
8483,6577,6576
8483,4615,6577
8483,6576,6575
8484,8465,8476
8484,6562,6554
8484,6565,6562
8484,6554,8465
8485,8486,6566
8485,6566,6565
8485,6565,8484
8487,8488,8489
8487,8489,8486
8487,8486,8485
8487,6569,6571
8487,8482,6569
8487,6571,8488
8487,8480,8482
8487,8478,8480
8490,6559,6558
8490,6555,6563
8490,6561,6560
8490,6558,6561
8490,6556,6555
8490,6560,6556
8491,6563,6564
8491,8492,8490
8491,6564,8492
8491,8490,6563
8493,6566,8486
8493,6567,6566
8493,8486,8489
8494,8493,8489
8494,6568,6572
8494,6572,6574
8494,8489,8488
8494,6571,6568
8494,8488,6571
8494,6567,8493
8495,6592,6591
8495,6602,6601
8495,6606,6602
8495,6593,4617
8495,4619,6559
8495,4617,4619
8495,6595,6594
8495,6559,8490
8495,8490,8492
8495,6594,6596
8495,6597,6593
8495,6596,6597
8495,6601,6592
8495,6591,6595
8496,6606,8495
8496,8495,8492
8497,8498,6606
8497,6606,8496
8497,8496,8492
8499,8498,8497
8499,8497,8492
8500,6580,6582
8501,6580,8500
8501,8500,6567
8501,6583,6580
8502,6567,8500
8502,8500,6582
8502,6564,6567
8502,8492,6564
8503,6603,6598
8503,8501,6567
8503,6598,6587
8503,6583,8501
8503,6574,6603
8503,8494,6574
8503,6567,8494
8503,6587,6583
8504,6582,6581
8504,8502,6582
8504,8505,8502
8506,8505,8504
8507,8506,8504
8508,8507,8504
8509,8508,8504
8510,6586,6590
8511,6590,6600
8511,6607,6608
8511,6605,6607
8511,6608,8512
8511,8512,8513
8511,8510,6590
8511,6604,6605
8511,6600,6604
8514,6615,6609
8514,6609,6586
8514,6619,6615
8514,6586,8510
8515,6623,6622
8516,6623,8515
8516,8517,6623
8518,8519,6624
8518,6624,6623
8518,8520,8519
8518,6623,8517
8521,8518,8517
8521,8517,8522
8523,8524,6618
8523,8525,8524
8523,6618,6619
8523,6619,6621
8526,6621,6620
8526,8523,6621
8527,8521,8522
8528,8526,6620
8528,6620,6624
8529,8527,8522
8530,8529,8522
8531,8530,8522
8531,8522,8532
8531,8532,8533
8531,8533,4625
8531,4624,4627
8531,4625,4624
8534,6617,6616
8534,6611,6617
8535,6618,8524
8535,8524,8525
8535,6616,6618
8535,6627,8534
8535,8534,6616
8536,6627,8535
8537,6627,8536
8538,6625,6627
8538,6627,8537
8539,8534,6627
8539,6636,6635
8540,8539,6627
8540,6636,8539
8541,8540,6627
8541,6636,8540
8542,6627,6626
8542,8541,6627
8542,6636,8541
8542,6626,6636
8543,4641,4633
8543,4633,4630
8543,4635,4636
8543,4630,4634
8543,4636,6631
8543,4634,4635
8543,6641,4641
8543,6631,6641
8544,3072,3070
8544,4627,3072
8544,8531,4627
8545,8546,6628
8545,6628,6629
8545,6629,8547
8548,8549,8546
8548,8546,8545
8550,8549,8548
8551,4649,8552
8551,3070,4649
8551,8549,8550
8551,8552,8549
8551,8544,3070
8553,6628,8554
8553,6633,6626
8553,6626,6628
8555,6633,8553
8555,6631,6633
8555,6641,6631
8555,8553,8556
8557,6628,8546
8557,8554,6628
8558,8552,4649
8558,8549,8552
8558,8554,8557
8558,4649,4648
8558,8546,8549
8558,8557,8546
8559,8555,8556
8559,6641,8555
8560,8556,8553
8560,8553,8554
8561,6641,8559
8562,8563,8564
8562,8564,8560
8562,8558,4648
8562,8560,8554
8562,8554,8558
8562,4648,8563
8565,6638,6641
8565,6641,8561
8565,8566,6639
8565,6639,6638
8567,8564,8563
8567,4648,6650
8567,8563,4648
8568,8569,8566
8568,8570,8571
8568,8571,8569
8568,8566,8565
8572,8570,8568
8573,8570,8572
8574,4645,4651
8574,6644,6637
8574,6637,4645
8574,4651,4655
8575,8567,6650
8575,6650,6652
8575,6652,6662
8576,8566,8569
8576,6647,6639
8576,8577,6651
8576,6639,8566
8576,6651,6647
8578,6644,8574
8578,8574,4655
8579,8570,8580
8579,8581,8570
8579,8580,6662
8582,6645,6643
8582,6643,6644
8582,6649,6645
8582,6673,6649
8583,4655,6673
8583,6644,8578
8583,8578,4655
8583,6673,8582
8583,8582,6644
8584,6656,6665
8584,8585,8586
8584,6665,8585
8584,8586,8587
8584,6662,6656
8584,8579,6662
8588,6651,8577
8588,8577,8589
8590,8584,8587
8590,8587,8591
8590,8591,8588
8590,8588,8589
8592,8593,6666
8592,8588,8591
8592,6653,6651
8592,6666,6653
8592,6651,8588
8594,8593,8592
8594,8592,8591
8595,6666,8593
8595,8596,8597
8595,6669,6666
8595,8598,8596
8595,8597,8599
8595,6678,8598
8595,8599,6669
8600,8601,8598
8602,8600,8598
8603,8602,8598
8603,8604,8605
8603,8606,8604
8603,6680,8606
8603,8598,6678
8603,6678,6680
8607,6648,6649
8607,6670,6648
8608,6671,8609
8610,6706,8611
8612,6670,8607
8612,6675,6670
8613,8610,8605
8613,6706,8610
8614,8613,8605
8614,6706,8613
8615,8614,8605
8615,6706,8614
8616,8615,8605
8616,6706,8615
8617,8616,8605
8617,6706,8616
8618,6706,8617
8618,8617,8605
8619,8618,8605
8619,6706,8618
8620,6706,8619
8620,8619,8605
8621,6684,6685
8621,6683,6684
8621,6686,6687
8621,6690,6691
8621,8620,8605
8621,6706,8620
8621,6685,6686
8621,8605,8604
8621,6691,6692
8621,6692,6693
8621,8604,8606
8621,8606,6680
8621,6687,6688
8621,6680,6677
8621,6677,6681
8621,6681,6682
8621,6688,6689
8621,6682,6683
8621,6689,6690
8622,8623,6672
8622,6672,6671
8622,6671,8608
8624,6676,6675
8624,4674,4677
8624,4677,6676
8624,6675,8612
8625,8626,6706
8625,6709,8626
8627,8625,6706
8627,6709,8625
8628,6706,8621
8628,6711,6707
8628,6712,6711
8628,8627,6706
8628,6709,8627
8628,6707,6709
8629,6708,8630
8629,8630,6705
8629,6706,8626
8629,8626,6709
8629,6705,6706
8629,6709,6708
8631,6672,8623
8632,6703,6702
8632,6705,8630
8632,6702,6705
8633,8634,6714
8633,6714,6672
8633,6672,8631
8635,4695,4694
8635,4697,4696
8635,1912,4699
8635,4698,4697
8635,4664,3075
8635,4700,4698
8635,4702,4701
8635,4704,4703
8635,3075,1912
8635,4705,4704
8635,4707,4706
8635,4708,4702
8635,4711,4710
8635,4709,4707
8635,4694,4712
8635,4706,4700
8635,4714,4713
8635,4699,4695
8635,4696,6715
8635,4716,4715
8635,4703,4709
8635,4710,4714
8635,4701,4717
8635,4712,4708
8635,4715,4711
8635,4717,4718
8635,4722,4721
8635,4720,4719
8635,4719,4716
8635,4718,4722
8635,4721,4720
8635,4713,4705
8636,8637,8638
8636,6719,8637
8639,6719,8636
8639,6722,6719
8639,8636,8638
8640,8638,8641
8640,6722,8639
8640,8639,8638
8642,8643,6719
8642,6719,6718
8642,8644,8643
8645,6765,6763
8645,8646,6765
8647,8646,8645
8648,8647,6718
8648,8646,8647
8649,8646,8648
8649,8648,6718
8650,8649,6718
8650,8646,8649
8651,8646,8650
8651,8650,6718
8652,8651,6718
8652,8646,8651
8653,8646,8652
8653,8652,6718
8654,6718,6717
8654,8653,6718
8654,8646,8653
8655,8654,6717
8655,8646,8654
8656,8646,8655
8656,8655,6717
8657,8646,8656
8657,8656,6717
8658,8657,6717
8658,8646,8657
8659,8658,6717
8659,8646,8658
8660,8646,8659
8660,8659,6717
8661,8646,8660
8661,8660,6717
8662,8661,6717
8662,8646,8661
8663,8662,6717
8663,8646,8662
8664,8663,6717
8664,8646,8663
8665,6717,6720
8665,8664,6717
8665,8646,8664
8666,8665,6720
8666,8646,8665
8667,8646,8666
8667,8666,6720
8668,8667,6720
8668,8646,8667
8669,8668,6720
8669,8646,8668
8670,6728,6729
8670,6737,6738
8670,6735,6736
8670,6730,6731
8670,6748,6749
8670,6721,6723
8670,6746,6747
8670,6740,6741
8670,6739,6740
8670,6745,6746
8670,6726,6727
8670,6741,6742
8670,6743,6745
8670,6742,6743
8670,6720,6721
8670,6747,6748
8670,8646,8669
8670,8669,6720
8670,6727,6728
8670,6724,6725
8670,6749,6773
8670,6723,6724
8670,6736,6737
8670,6734,6735
8670,6731,6733
8670,6725,6726
8670,6729,6730
8670,6733,6734
8670,6738,6739
8671,6769,8672
8673,6769,8671
8674,6767,6769
8674,8646,8670
8674,8670,6773
8674,6770,6767
8674,6773,6772
8674,6772,6770
8674,8673,8646
8674,6769,8673
8675,6762,6764
8675,6766,6762
8676,8677,8675
8676,6768,8677
8676,6769,6768
8676,6764,8678
8676,8678,6769
8676,8675,6764
8679,8675,8677
8679,6777,6766
8679,6766,8675
8680,8679,8677
8680,8681,6777
8680,6777,8679
8682,8680,8677
8683,8677,6768
8683,8682,8677
8684,3082,4734
8685,3083,3082
8685,3082,8684
8686,4761,6783
8686,4748,4747
8686,4747,3117
8686,3117,4761
8686,6783,4748
8687,1941,3114
8687,3114,6786
8687,4764,1941
8687,6785,4764
8687,6786,6785
8688,6795,6793
8688,6793,4789
8688,6796,6795
8688,4803,6796
8688,4790,4803
8688,4789,4790
8689,6794,4786
8689,4786,6797
8689,6798,6794
8690,4799,6799
8690,6799,6798
8690,4800,4799
8690,6798,8689
8691,6808,8692
8691,4816,6808
8693,4818,4817
8693,6808,4818
8693,8692,6808
8694,8691,8692
8694,8692,8695
8694,4816,8691
8696,8693,4817
8696,6815,6820
8696,4817,6815
8697,8696,6820
8698,8694,8695
8698,6816,6811
8698,8695,6816
8699,8697,6820
8699,8692,8697
8699,8695,8692
8700,6826,6818
8700,8695,8699
8700,6818,6816
8700,6816,8695
8701,6825,6830
8701,6818,6825
8701,6817,6818
8701,6823,6817
8702,6821,6823
8702,6827,6821
8703,6830,8704
8703,8701,6830
8703,6823,8701
8703,8704,8702
8703,8702,6823
8705,6829,6827
8705,6827,8702
8705,8702,8704
8706,6824,6822
8706,4823,3143
8706,6822,6828
8706,6828,6832
8706,6832,4823
8706,3143,6824
8707,6829,8705
8707,8705,8704
8708,6830,6835
8708,8704,6830
8708,6835,6836
8708,8707,8704
8708,6836,8707
8709,6834,6831
8709,6836,6840
8709,6831,6829
8709,6840,6834
8709,6829,8707
8709,8707,6836
8710,4823,6837
8710,6837,6841
8711,3146,3144
8711,4822,6843
8711,3139,4822
8711,6847,3146
8711,6843,6847
8711,3144,3139
8712,4823,8710
8712,8710,6841
8712,6841,8713
8714,6839,8715
8714,6838,6839
8716,6843,6838
8716,6838,8714
8717,6841,6842
8717,6842,4826
8718,8713,6844
8718,8712,8713
8719,6841,8717
8719,8713,6841
8719,8717,4826
8720,6844,6846
8720,8715,8718
8720,6846,8715
8720,8718,6844
8721,6848,6843
8721,6843,8716
8722,4826,4827
8722,8719,4826
8722,6844,8713
8722,8713,8719
8723,6844,8722
8723,6851,6844
8723,4827,6851
8723,8722,4827
8724,6846,6845
8725,6847,6848
8725,6853,6847
8726,6848,8727
8726,8725,6848
8728,6853,8725
8728,4829,6853
8729,6854,4832
8730,4829,8728
8731,8732,8729
8731,8729,4832
8733,4830,4829
8734,4829,8730
8735,4829,8734
8735,8733,4829
8735,8734,8736
8735,8737,8733
8735,8736,8737
8738,6857,6850
8738,6850,4830
8738,4830,8733
8739,8740,8731
8741,4840,6863
8741,8739,4840
8742,8741,6863
8742,8743,8741
8742,6863,8744
8745,8746,8737
8745,8737,8736
8747,8742,8744
8747,8744,8745
8747,8745,8736
8748,6859,6857
8749,8750,8746
8749,8745,8744
8749,8746,8745
8751,8750,8749
8751,8752,8750
8751,8749,8744
8753,8746,8750
8753,8750,8752
8753,8754,6859
8753,6859,8748
8753,8748,8746
8755,6858,6859
8755,6860,6858
8755,6859,8754
8755,6861,6860
8756,6863,6862
8756,6862,6864
8756,8744,6863
8757,6864,6865
8757,8752,8751
8757,8751,8744
8757,8756,6864
8757,8744,8756
8758,8757,6865
8758,8752,8757
8759,8753,8752
8759,8752,8758
8759,8758,6865
8759,8754,8753
8760,8754,8759
8760,6865,8761
8760,8759,6865
8762,3175,4845
8762,6865,4839
8762,4845,8761
8762,4839,3175
8762,8761,6865
8763,6867,4842
8764,6868,6867
8764,6867,8763
8765,4845,6870
8765,6870,8766
8767,4843,4841
8767,6869,8768
8767,4841,6869
8769,8764,8766
8769,8766,6870
8769,6873,6868
8769,6870,6873
8769,6868,8764
8770,4843,8767
8771,6868,6873
8772,8771,6873
8772,6873,4849
8773,8772,4849
8774,8775,8776
8774,6872,8775
8774,8776,6875
8774,6875,6872
8777,4853,4852
8777,4852,6872
8777,6875,4853
8777,6872,6875
8778,8779,6881
8778,6881,8780
8781,8778,8780
8782,6874,6875
8782,6875,8776
8782,6878,6874
8782,8776,8781
8783,6874,6878
8783,6876,6874
8783,8784,6876
8785,6878,8782
8785,6879,6878
8785,8780,4860
8785,4860,6879
8786,6876,8784
8786,4851,6876
8787,6881,4858
8787,4858,4860
8787,8780,6881
8787,4860,8780
8788,4851,8786
8789,8784,8783
8789,8783,6878
8789,6878,6877
8790,8789,6877
8790,6877,4857
8791,8788,8792
8793,8790,4857
8794,6883,8791
8794,6884,6883
8794,8795,6884
8796,8797,6892
8796,6892,8798
8799,8796,8798
8799,8800,6884
8799,8795,8796
8799,6884,8795
8801,6884,8800
8801,6882,6884
8802,8803,6885
8802,6885,6882
8802,8801,8800
8802,6882,8801
8804,6885,8803
8804,6893,4863
8804,6894,6893
8804,8803,6894
8804,4863,4856
8804,4856,6885
8805,8800,8799
8805,8799,8798
8805,8798,8806
8807,8800,8805
8807,8806,6887
8807,6889,8800
8807,6887,6889
8807,8805,8806
8808,6892,6891
8808,8806,8798
8808,8798,6892
8809,8803,8802
8809,8800,6889
8809,8802,8800
8810,8808,6891
8810,8806,8808
8811,8806,8810
8811,6887,8806
8811,8810,6891
8811,6891,6897
8812,8803,8809
8813,6888,6887
8813,6897,6888
8813,8811,6897
8813,6887,8811
8814,8803,8812
8814,6894,8803
8815,6894,8814
8815,6895,6894
8815,6902,6895
8816,6909,6911
8816,6904,6909
8817,6904,8816
8817,6912,6904
8818,6910,6907
8818,6907,6917
8818,6911,6910
8818,6917,6918
8818,6918,6919
8819,6915,6912
8820,8819,6912
8820,8821,8819
8820,6912,8817
8822,8819,8821
8822,6915,8819
8822,8821,6920
8822,6920,6915
8823,8824,8821
8823,6922,6925
8825,6929,6923
8825,8821,8824
8825,6920,8821
8825,6923,6920
8826,6933,8824
8826,6931,6933
8826,8824,8823
8826,8823,6925
8826,6925,6931
8827,8828,6929
8827,8824,6933
8827,6929,8825
8827,8825,8824
8829,6924,6929
8829,6929,8828
8829,6935,6924
8830,8828,8827
8830,6933,6932
8830,6932,8831
8830,8831,8828
8830,8827,6933
8832,8828,8831
8832,8833,6935
8832,8829,8828
8832,6935,8829
8834,6934,6935
8834,6935,8833
8835,6936,6934
8835,6934,8834
8836,6936,8835
8837,6938,4877
8837,4877,6927
8838,8831,6932
8838,6932,6941
8839,8840,6937
8839,6936,8836
8839,8836,8841
8839,6937,6936
8842,6942,8843
8842,8843,8844
8842,8838,6941
8842,6941,6942
8845,6940,6938
8845,8837,8846
8845,6938,8837
8847,8848,8849
8847,8844,8843
8850,8849,8848
8850,8851,8841
8852,8841,8851
8852,8851,8853
8854,8853,8855
8854,8852,8853
8854,8856,8852
8857,8858,8846
8859,8843,6942
8859,8848,8847
8859,8847,8843
8860,8846,8858
8860,6946,6940
8860,8858,8861
8860,6940,8845
8860,8845,8846
8860,8861,6946
8862,8853,8851
8863,8859,6949
8864,8858,8857
8865,8862,8866
8865,8853,8862
8865,8855,8853
8867,6939,6940
8867,4879,6939
8867,4880,4879
8867,6940,6946
8867,6945,6944
8867,6946,6945
8867,6944,4880
8868,8855,8865
8869,8866,8863
8869,8863,6949
8869,6949,6948
8870,8861,8858
8871,4884,8872
8871,8869,6948
8871,6948,4884
8873,6947,6946
8873,6954,6947
8873,6946,8861
8874,8861,8870
8874,6954,8873
8874,8873,8861
8875,6945,6947
8876,8875,6947
8876,6947,6953
8877,4888,6944
8877,6944,6945
8877,6945,8875
8878,6952,6951
8878,6954,6952
8878,6951,8879
8878,8879,8876
8878,8876,6953
8878,6953,6954
8880,4888,8877
8880,4886,4888
8880,8877,8881
8882,6957,4889
8882,4885,4887
8882,4889,4885
8882,4887,6957
8883,8880,8881
8883,8881,8884
8883,8885,4886
8883,8884,8885
8883,4886,8880
8886,6951,6955
8886,8879,6951
8887,6955,4895
8887,8886,6955
8887,8879,8886
8888,8887,4895
8888,8879,8887
8889,8888,4895
8889,4895,6958
8890,6958,6960
8890,8889,6958
8891,8885,8884
8891,8890,6960
8891,6960,8892
8891,8884,8890
8893,6956,4886
8893,4886,8885
8894,6956,8893
8894,8893,8895
8896,6957,6956
8896,6962,6957
8896,6956,8894
8896,8894,8895
8897,8892,6960
8897,6960,6961
8898,8892,8897
8898,8897,6961
8899,6959,4896
8899,6961,6959
8899,8900,6961
8901,6961,8900
8901,8900,8902
8901,8895,8898
8901,8898,6961
8903,8895,8901
8903,8901,8902
8903,8902,8904
8905,8895,8903
8905,8903,8904
8905,8904,8906
8905,8906,6963
8905,6963,6962
8905,6962,8896
8905,8896,8895
8907,8899,4896
8907,4896,4899
8907,4899,4900
8907,4900,4908
8907,8900,8899
8908,8904,8902
8908,8902,6967
8909,8907,4908
8909,8902,8900
8909,4908,6967
8909,8900,8907
8909,6967,8902
8910,4902,6963
8910,6963,8906
8910,8906,8911
8912,8908,6967
8912,8904,8908
8912,6966,8913
8912,6967,6966
8914,8912,8913
8914,8906,8904
8914,8904,8912
8914,8911,8906
8915,8910,8911
8915,8911,8916
8915,4902,8910
8917,8911,8914
8917,8916,8911
8917,8914,8913
8918,4902,8915
8918,4901,4902
8918,4905,4901
8919,8913,6966
8919,6966,6968
8919,6968,6969
8920,3212,4898
8920,6971,3212
8920,4903,6970
8920,4898,4903
8920,6970,6971
8921,8919,6969
8921,8913,8919
8922,8923,8924
8925,8922,8924
8925,6974,4909
8925,8924,6974
8925,4904,4905
8925,4909,4904
8925,4905,8922
8926,8913,8921
8926,8921,6969
8926,6969,6975
8927,8926,6975
8928,8927,6975
8929,8930,8931
8932,8923,8929
8932,8929,8931
8932,8924,8923
8932,8931,6977
8933,8924,8932
8933,6977,6973
8933,8932,6977
8933,6974,8924
8933,6973,6974
8934,6973,6976
8934,4913,6972
8934,6972,4909
8934,4909,6973
8935,6978,6979
8935,8928,6975
8935,8930,8928
8935,6975,6978
8936,6979,6982
8936,8930,8935
8936,8931,8930
8936,8935,6979
8937,8936,6982
8937,8931,8936
8938,6987,6981
8938,8939,6987
8938,4911,4913
8938,6981,4911
8940,6988,6987
8940,6987,8939
8941,6990,6993
8941,6993,6992
8941,6992,6988
8941,6988,8942
8943,6989,6986
8943,6983,6989
8944,8943,6986
8944,6983,8943
8944,6991,6983
8945,6991,8944
8946,6991,8945
8946,6994,6991
8947,8946,4922
8947,6994,8946
8947,4922,4921
8948,6994,8947
8948,8947,4921
8948,6995,6994
8948,7001,6995
8948,4921,7001
8949,7001,4921
8949,4921,4920
8950,7004,7001
8950,7001,8949
8951,7004,8950
8951,7009,7010
8951,7010,7004
8952,7010,7011
8952,4925,7010
8953,8952,7011
8953,4925,8952
8953,7011,7015
8954,8953,7015
8955,7016,7018
8955,4926,7016
8955,7019,4926
8956,7015,7008
8956,7008,7014
8956,7014,7021
8956,7021,7015
8957,7017,8954
8957,8954,7015
8957,7015,7021
8958,7022,7018
8958,8957,7021
8958,7018,7017
8958,7021,7022
8958,7017,8957
8959,8955,7018
8959,7019,8955
8959,7023,7019
8960,8959,7018
8961,8960,8962
8961,7024,7023
8963,8964,8965
8963,4933,4936
8963,4935,8964
8963,8965,7020
8963,3214,4933
8963,4936,4935
8963,7020,3214
8966,8961,8962
8966,7024,8961
8967,8966,8968
8967,8968,7026
8967,7024,8966
8967,7025,7024
8967,7026,7025
8969,7022,7028
8969,7028,7029
8970,7029,7030
8970,8969,7029
8970,8962,8969
8971,8968,8966
8971,8970,7030
8971,7030,7032
8971,8966,8962
8971,8962,8970
8972,8968,8971
8972,8971,7032
8973,8968,8972
8973,8972,7032
8973,7032,7036
8974,7026,8968
8974,7031,7026
8974,8968,8973
8974,8973,7036
8975,7035,7031
8975,7031,8974
8975,8974,7036
8976,7034,7035
8976,4934,7034
8976,7035,7039
8977,4934,8976
8977,4935,4934
8978,7036,7037
8978,7035,8975
8978,8975,7036
8979,8977,8976
8979,7039,8980
8979,8976,7039
8981,7038,7035
8981,7037,7038
8981,8978,7037
8981,7035,8978
8982,7039,7038
8982,7038,4944
8982,8980,7039
8983,8980,8982
8984,2126,2125
8985,3230,2126
8985,8984,8986
8985,2126,8984
8985,7040,3230
8987,8983,8988
8987,7041,7040
8989,4945,3233
8989,8987,8988
8989,7041,8987
8989,3233,3232
8989,8990,4945
8989,3232,4947
8989,4947,7041
8989,8988,8990
8991,7044,4951
8991,7042,7044
8991,8992,7042
8993,2127,7042
8993,2120,2118
8993,2118,2127
8993,7042,8992
8993,7047,4953
8993,4953,2120
8993,8992,7047
8994,8991,4951
8994,8992,8991
8994,4951,7045
8995,8992,8994
8995,7047,8992
8996,4959,4960
8996,8995,4959
8996,7047,8995
8996,7048,7047
8996,4960,7048
8997,7061,7062
8997,7062,3251
8997,4982,7060
8997,3251,4981
8997,4981,4982
8997,7060,7061
8998,7066,3270
8998,7065,7066
8998,3264,3265
8998,3270,3264
8998,3265,7065
8999,4997,3266
8999,3266,7070
9000,7070,5002
9000,8999,7070
9000,5002,5000
9000,5000,4999
9001,5024,5025
9001,5025,5026
9001,5026,7082
9001,7082,9002
9001,5023,5024
9001,7081,5023
9003,9001,9002
9003,7081,9001
9003,7079,7081
9003,7080,7079
9003,7100,7080
9003,9002,7100
9004,5030,3341
9004,3299,5030
9004,3341,3338
9004,3340,7109
9004,7110,7098
9004,7098,7090
9004,7111,7110
9004,7109,7111
9004,3338,3340
9005,7116,7115
9005,7106,7117
9005,7117,7116
9005,7102,7106
9005,7087,7102
9005,7082,7083
9005,7085,7087
9005,9002,7082
9005,7083,7085
9005,7115,7100
9005,7100,9002
9006,7100,7115
9006,7101,7100
9006,7115,7121
9007,7112,7084
9007,9006,7121
9007,7101,9006
9007,7084,7099
9007,7099,7101
9008,7124,7113
9008,7113,7112
9008,7112,9007
9008,9007,7121
9009,9008,7121
9009,7124,9008
9010,7121,7120
9010,7123,7124
9010,7124,9009
9010,9009,7121
9011,7119,7118
9011,9010,7120
9011,7122,7119
9011,7120,7122
9011,5036,5035
9011,7118,5036
9011,7123,9010
9012,7125,7123
9012,9011,5035
9012,7123,9011
9013,9012,5035
9013,7125,9012
9014,5048,7126
9014,7126,7125
9014,5035,5047
9014,5047,5048
9014,7125,9013
9014,9013,5035
9015,3352,3351
9015,5059,3352
9015,3351,3354
9015,5087,7149
9016,5091,5103
9016,7150,3363
9016,7151,7150
9016,5107,7151
9016,5103,5107
9016,3363,5090
9016,5090,5091
9017,3377,5114
9017,7157,3377
9017,7158,7157
9018,7160,7158
9019,7158,9017
9019,9018,7158
9020,7160,9018
9021,9020,5122
9021,7160,9020
9021,7162,7160
9022,7162,9021
9022,5122,5121
9022,5121,5125
9022,9021,5122
9022,7163,7162
9022,5125,7163
9023,3386,5127
9023,5119,3386
9023,7164,5119
9023,5127,7166
9023,7166,7164
9024,5125,5124
9024,7163,5125
9024,7165,7163
9025,7171,7168
9025,9024,5124
9025,7165,9024
9025,5124,7171
9025,7168,7167
9025,7167,7165
9026,7173,7172
9026,5121,5123
9026,7172,5124
9026,5124,5121
9026,7170,7173
9026,5123,7170
9027,7175,7171
9027,7178,7175
9027,7171,7172
9028,7176,7177
9028,7177,7179
9028,7179,7185
9029,7182,7181
9029,7181,7176
9029,7185,7182
9029,9028,7185
9029,7176,9028
9030,7179,7183
9030,7183,7189
9030,7186,7179
9031,7187,7182
9031,7182,7193
9031,7193,7195
9031,7191,7187
9031,7195,7191
9032,7194,7186
9032,9030,7189
9032,7186,9030
9032,7189,7192
9032,7192,7194
9033,5131,7189
9033,7189,7174
9033,1020,7196
9033,5128,1020
9033,7174,5128
9033,7196,5131
9034,7186,7194
9034,7193,7188
9034,7188,7186
9035,5137,7193
9035,5134,5137
9035,5130,5134
9035,9034,7194
9035,7193,9034
9035,7194,5130
9036,5137,7202
9036,7195,5137
9036,7197,7195
9037,7197,9036
9037,9036,7202
9037,7199,7197
9037,7202,7199
9038,7198,7199
9038,7200,7198
9038,7199,7206
9039,7204,7201
9039,7200,9038
9039,9038,7206
9039,7201,7200
9039,7206,7204
9040,7209,5144
9040,7204,7207
9040,7203,7204
9040,5144,7203
9040,7207,7208
9040,7208,7209
9041,5144,7209
9041,7209,7211
9042,9041,7211
9042,5144,9041
9042,7211,7212
9043,5143,7215
9043,7215,7214
9043,7205,5143
9043,7214,7210
9043,7210,7205
9044,7213,7215
9044,7221,7213
9044,9042,7212
9045,7216,9046
9045,7224,3402
9045,3402,7216
9047,7216,7213
9047,7213,7221
9047,9046,7216
9047,7221,7220
9048,7226,9046
9048,7222,7226
9048,7220,7222
9048,9047,7220
9048,9046,9047
9049,9046,7226
9049,7235,7224
9049,7226,7231
9049,9045,9046
9049,7231,7235
9049,7224,9045
9050,7224,7235
9050,7223,7224
9050,7225,7223
9050,7229,7225
9051,9050,7235
9051,7235,7234
9051,7234,7236
9051,7229,9050
9052,5147,7228
9052,7239,3411
9052,7238,7239
9052,7228,7229
9052,3411,5147
9052,7229,7238
9053,7236,7238
9053,9051,7236
9053,7229,9051
9053,7238,7229
9054,7231,7227
9054,7233,7240
9054,7240,7244
9054,7234,7231
9054,7244,7234
9054,7227,7233
9055,9056,7237
9055,7244,9056
9055,7237,7236
9055,7234,7244
9055,7236,7234
9057,9056,7244
9057,7244,7243
9058,9057,7243
9058,7247,5156
9058,9056,9057
9058,7243,7247
9059,3409,5154
9059,7253,5160
9059,5160,3409
9059,7256,7255
9059,5154,7250
9059,7250,7256
9059,7255,7253
9060,7250,7249
9060,7256,7250
9061,7256,9060
9061,7259,7254
9061,7254,7256
9061,7260,7259
9062,7260,7252
9062,7258,7260
9062,7252,7261
9063,9064,7262
9063,7262,7258
9063,7276,9064
9063,7258,9062
9065,5163,7263
9065,5164,5163
9066,9065,9067
9068,7267,9066
9068,7268,7267
9068,7269,7268
9068,9066,9067
9069,7264,5169
9069,3436,7264
9069,7266,7272
9069,7272,3436
9069,5169,7266
9070,9064,7276
9071,7268,7270
9071,7265,7268
9071,7272,7265
9071,7270,7274
9071,7274,7273
9071,7273,7272
9072,9070,7276
9072,7276,7275
9073,9074,5171
9073,5170,7273
9073,5171,5170
9073,7273,7274
9075,7275,7280
9075,9072,7275
9076,3433,7277
9076,7286,7283
9076,7277,7286
9076,3430,3433
9076,5174,3430
9076,7283,5174
9077,7274,7271
9077,7280,7281
9077,9075,7280
9077,7271,9075
9078,7277,5172
9078,5172,5171
9078,7278,7277
9079,7274,9077
9079,9077,7281
9080,7281,7287
9080,9079,7281
9081,9080,7287
9081,7287,9082
9083,9084,9085
9083,9085,9086
9083,9087,9084
9088,9085,9084
9088,9086,9085
9089,9088,9090
9091,9087,7288
9091,7288,5190
9092,9089,9090
9092,9090,9093
9092,9093,9094
9095,9091,5190
9095,5190,5191
9096,9097,9098
9099,7293,9096
9099,7294,7293
9100,9099,9101
9100,7294,9099
9102,9103,9095
9102,2326,5195
9102,5191,2326
9102,9095,5191
9104,7294,9100
9104,9100,9105
9104,7296,7295
9104,7285,7294
9104,7295,7285
9106,9098,9107
9108,9100,9101
9108,9105,9100
9108,9106,9107
9108,9101,9106
9109,9108,9110
9109,9105,9108
9111,7296,9104
9111,9105,9109
9111,9104,9105
9111,9109,9110
9112,7297,7296
9113,9108,9107
9113,9110,9108
9113,9107,5195
9114,9115,7296
9114,7301,9115
9114,7296,9111
9116,7301,9110
9116,9110,9113
9116,9113,5195
9116,5195,5196
9117,7301,7300
9117,9115,7301
9118,9116,5196
9118,5196,7299
9118,7301,9116
9118,7299,7301
9119,9120,9121
9119,9117,7300
9119,9115,9117
9122,9121,9120
9122,9112,9121
9122,9123,9112
9124,9119,7300
9125,9124,7300
9125,7300,7302
9125,7302,9126
9127,7298,9123
9128,9123,9122
9129,9125,9126
9130,7306,7305
9130,7305,9127
9130,9127,9123
9130,9123,9128
9131,7309,5194
9132,7309,9131
9132,7307,7309
9133,9134,9135
9136,9126,7302
9137,7312,7319
9137,7319,9136
9137,2325,7312
9137,5196,2325
9137,7302,5196
9137,9136,7302
9138,9136,7319
9139,7304,7306
9139,7306,9133
9139,9133,9135
9140,7305,7304
9140,7307,9132
9140,9141,7307
9142,7319,7323
9142,9138,7319
9142,9135,9138
9143,7315,7314
9144,7315,9143
9144,9142,7323
9144,7323,7315
9144,9139,9135
9144,9135,9142
9145,7308,7307
9145,7307,9141
9146,7303,5198
9146,5198,3459
9146,3471,7311
9146,7311,7303
9147,7308,9145
9148,7308,9147
9148,7310,7308
9149,7310,9148
9150,9151,7314
9150,7314,7313
9150,9152,9153
9154,7310,9149
9154,7321,7316
9154,7316,7310
9155,7323,7322
9155,7322,5205
9155,5205,5204
9156,9150,7313
9156,9152,9150
9156,7313,5204
9157,9156,5204
9157,9152,9156
9158,5206,7318
9158,7312,5202
9158,5202,3463
9158,7318,7312
9158,3463,5206
9159,7321,9160
9161,7317,7320
9161,7324,7317
9161,7325,7324
9162,7329,7327
9162,9163,7329
9164,9162,7327
9165,9164,7327
9165,7327,7333
9166,9167,9168
9169,9167,9170
9171,7333,9172
9173,9169,9170
9173,7331,9169
9174,9171,9172
9175,7331,9173
9176,7334,7330
9176,7330,7331
9176,7331,9175
9177,7334,9176
9178,9174,9172
9178,9172,9179
9178,9180,9181
9178,9181,9174
9182,9178,9179
9182,9179,9183
9182,9180,9178
9184,7337,7336
9185,7333,7328
9185,7328,7341
9185,9179,9172
9185,9172,7333
9185,5224,5223
9185,5223,9179
9185,7345,5224
9185,7341,7345
9186,7341,7328
9186,7328,7335
9186,7335,7339
9186,7339,7341
9187,9179,5223
9187,9183,9179
9187,5223,5222
9188,7337,9184
9189,9183,9187
9189,9190,9183
9189,9187,5222
9191,9189,5222
9192,7337,9188
9193,9191,5222
9193,9194,9191
9193,5222,7342
9195,7338,7337
9196,9195,7337
9197,9194,9193
9197,9193,7342
9198,9197,7342
9198,9194,9197
9198,7342,7344
9199,7344,7347
9200,5227,9201
9200,7346,5227
9200,9202,7346
9200,9203,9202
9204,9205,9199
9204,9199,7347
9206,7347,5243
9206,5243,9207
9206,9205,9204
9206,9208,9205
9206,9204,7347
9206,9207,9208
9209,9202,9203
9210,7352,7340
9210,7340,7350
9210,7350,7354
9211,9212,9213
9214,9202,9209
9215,9210,7354
9215,7352,9210
9216,9211,9207
9216,9212,9211
9217,9214,9218
9219,5245,5246
9219,5249,5245
9219,5251,5249
9219,5252,5251
9219,5253,5252
9219,9215,7354
9219,7352,9215
9219,5246,7352
9219,7354,5253
9220,9221,7357
9220,7357,7355
9220,7355,9217
9222,5256,9223
9224,5242,5256
9224,5256,9222
9225,9221,9220
9226,5244,7356
9226,7362,7364
9226,7364,5244
9226,7356,7362
9227,9221,9225
9228,9227,9229
9228,9229,7366
9230,9228,7366
9230,7366,7365
9230,7365,7360
9231,5256,5255
9231,5255,5257
9231,5257,9229
9232,7366,9229
9232,9229,5257
9233,9232,5257
9233,7367,7366
9233,5257,7373
9233,7373,7376
9233,7366,9232
9234,7361,7368
9234,7369,7361
9234,7368,7372
9235,7369,9234
9235,9234,7372
9235,7371,7369
9236,9233,7376
9236,7367,9233
9236,7372,7367
9237,9235,7372
9238,9236,7376
9238,7372,9236
9238,9237,7372
9238,7376,7378
9239,9240,9241
9239,7380,7374
9242,9239,9241
9242,7380,9239
9243,9241,9240
9243,9244,9245
9243,7378,7377
9243,9245,9241
9243,9246,9244
9243,7377,7385
9243,7385,9246
9247,7390,7389
9247,9248,7390
9247,7389,7387
9247,9242,9241
9249,9248,9247
9249,9245,9244
9249,9247,9241
9249,9241,9245
9249,9244,9246
9249,9246,7385
9250,7382,5267
9250,5267,5270
9250,5270,5271
9250,7384,7382
9250,5271,7384
9251,9252,9248
9253,7385,7394
9253,7395,9251
9253,7394,7395
9253,9249,7385
9254,3508,5269
9254,5269,7397
9254,3507,3508
9254,5278,3507
9254,7397,7396
9255,7404,7398
9256,7398,7404
9256,7396,7398
9257,7405,7404
9257,7406,7405
9257,7400,7406
9257,7404,9255
9258,7403,9259
9258,7396,9256
9258,7404,7403
9258,9256,7404
9260,7403,7405
9260,7406,7408
9260,7405,7406
9260,7408,7409
9261,9259,7403
9261,7403,9260
9261,7409,7410
9261,9260,7409
9262,9259,9261
9262,7410,9263
9262,9261,7410
9264,9262,9263
9264,5278,9259
9264,9259,9262
9265,9264,9263
9265,5278,9264
9265,7411,5278
9265,9266,7411
9265,9267,9266
9265,9263,9267
9268,9263,7410
9268,7410,5293
9268,9267,9263
9269,9268,5293
9269,9267,9268
9270,9267,9269
9270,9269,5293
9270,5293,5294
9271,9267,9270
9271,9270,5294
9271,9266,9267
9272,9271,5294
9272,9266,9271
9272,5294,5295
9273,7411,9266
9273,9266,9272
9273,9274,7411
9275,5279,5276
9275,5276,7411
9275,7411,9274
9275,7413,5279
9276,9274,9273
9276,9277,9274
9278,9275,9274
9278,7413,9275
9279,5296,7407
9279,7407,5289
9279,7414,7416
9279,7416,5297
9279,5297,5296
9279,5289,7414
9280,9277,9276
9280,9276,5295
9280,7415,9277
9280,5302,7415
9280,5295,5302
9281,5310,7418
9281,7415,5310
9281,9277,7415
9281,7418,7419
9282,7420,5301
9282,7413,7419
9282,7419,7417
9282,7417,7420
9282,5300,7413
9282,5301,5300
9283,7422,7426
9283,5308,7422
9284,7426,7428
9284,5308,9283
9284,9283,7426
9285,9286,9287
9285,9284,7428
9288,9287,9286
9288,9286,9289
9288,5313,9287
9288,7425,5313
9290,7430,7425
9290,9289,7430
9290,9288,9289
9290,7425,9288
9291,7441,5327
9291,7431,7441
9291,3520,7431
9291,5303,3521
9291,5327,5303
9291,3521,3520
9292,9289,9286
9292,7435,7434
9293,7439,7430
9293,7430,9289
9293,7434,7439
9293,9289,9292
9293,9292,7434
9294,7430,7439
9294,7429,7430
9294,7437,7429
9295,9294,7439
9295,7439,7438
9295,7437,9294
9296,7440,7448
9296,7436,7435
9296,7448,7436
9297,7438,7436
9297,9295,7438
9297,7436,7447
9298,7456,7443
9298,7447,7456
9298,9297,7447
9299,7443,7456
9299,7442,7443
9299,7456,9300
9301,7444,7442
9301,7446,7444
9301,9300,7446
9301,9299,9300
9301,7442,9299
9302,7456,7455
9302,9300,7456
9303,7448,7440
9303,7440,5326
9303,7447,7448
9303,5326,7450
9304,3532,3534
9304,3534,7454
9304,7455,3532
9304,9302,7455
9305,7447,9303
9305,3533,7455
9305,7455,7447
9305,9303,7450
9306,3542,3541
9306,5334,3542
9306,7453,5328
9306,3541,7453
9306,5328,5334
9307,7464,7462
9307,7461,7469
9307,7462,7461
9308,7460,7466
9308,7466,7469
9308,7461,5332
9308,7469,7461
9308,5332,7460
9309,9307,7469
9309,7468,7470
9309,7469,7468
9309,7464,9307
9310,5341,7472
9310,5336,5340
9310,5340,5341
9311,5336,9310
9311,3535,5336
9311,3536,3535
9311,5356,3536
9312,7471,3539
9312,7473,7471
9312,3553,7473
9312,3539,3553
9313,7471,7473
9313,7476,5348
9313,7473,7476
9313,5348,7471
9314,7472,7474
9314,7482,7480
9315,7474,5352
9315,7482,9314
9315,9314,7474
9315,7479,7482
9315,5345,7479
9315,5352,5345
9316,3559,3558
9316,5356,9311
9316,7480,3559
9316,3558,5356
9317,7477,5360
9317,7483,7478
9317,7478,7477
9318,3561,7481
9318,7481,7482
9318,7482,7484
9318,7484,3566
9318,3566,3561
9319,7483,9317
9319,9317,5360
9320,7483,9319
9320,9319,5360
9320,7487,7483
9320,5360,5370
9321,7487,9320
9321,9320,5370
9321,7489,7487
9321,5373,7489
9321,5370,5373
9322,7505,5414
9322,5392,5393
9322,5401,7503
9322,5393,5401
9322,5414,5392
9322,7503,7505
9323,5404,7502
9323,3626,7500
9323,3627,3626
9323,3605,5410
9323,5410,5413
9323,5413,3627
9323,7500,5404
9323,7502,3605
9324,5435,5438
9324,7512,5436
9324,5438,7512
9324,5436,5435
9325,3633,7520
9325,5439,3621
9325,3621,3633
9325,5450,5439
9325,7522,5450
9325,7520,7522
9326,7525,7514
9326,7514,5416
9326,5416,7518
9327,7532,5423
9327,5423,7498
9327,1435,7532
9328,7498,1335
9328,1436,1435
9328,1435,9327
9328,587,1436
9328,1335,587
9328,9327,7498
9329,5458,5457
9329,7524,5458
9329,7523,5445
9329,5445,7524
9329,5457,7523
9330,5452,5451
9330,5451,5454
9330,5454,5455
9331,7528,7525
9331,5470,7530
9331,7530,7528
9332,5455,3644
9332,9330,5455
9332,5470,9331
9332,3644,5470
9333,5459,3643
9333,7526,5459
9334,9333,3643
9334,3643,3650
9334,7529,7526
9334,3650,7529
9334,7526,9333
9335,3650,3649
9335,7534,3650
9335,7535,7534
9336,5474,7535
9336,3649,5474
9336,7535,9335
9336,9335,3649
9337,3715,3714
9337,7543,7539
9337,1434,1440
9337,7533,1434
9337,3712,3711
9337,3714,3717
9337,3711,7543
9337,3717,3712
9337,7539,7533
9337,1440,3715
9338,7546,2480
9338,3696,5512
9338,2477,5502
9338,5502,3696
9338,2480,2477
9339,5512,2487
9339,9338,5512
9339,7546,9338
9339,2487,7546
9340,5509,7549
9340,3689,5509
9340,5507,3689
9341,9340,7549
9342,9341,7549
9342,7549,7555
9342,7555,7552
9343,3706,3718
9343,7553,2486
9343,7557,7553
9343,3718,7557
9343,2486,3706
9344,5523,7562
9344,3707,5523
9344,5529,3707
9345,2499,7565
9345,3718,2499
9345,7557,3718
9346,5532,7560
9346,7565,5532
9346,7560,9345
9346,9345,7565
9347,7559,5525
9347,5525,5534
9348,5536,5551
9348,5534,5536
9348,9347,5534
9349,7569,7567
9349,9348,5551
9349,5551,7569
9349,7567,7566
9350,7569,5551
9350,7568,7569
9350,7572,7568
9351,7572,9350
9351,9350,5551
9351,5551,5550
9351,5550,5554
9352,7578,5527
9353,2503,3764
9353,7578,9352
9353,3764,7578
9353,3716,2501
9353,2501,2503
9354,7576,5543
9354,5543,5540
9354,5540,5553
9354,5553,7579
9355,7579,7584
9355,9354,7579
9355,7576,9354
9355,7584,7576
9356,5558,3741
9356,7579,5555
9356,3740,7590
9356,7590,7579
9356,5555,5558
9356,3741,3740
9357,7584,7579
9357,7590,7585
9357,7585,7584
9357,7579,7590
9358,7588,7592
9358,5565,7588
9358,7592,5570
9358,5570,5565
9359,7593,3751
9359,7585,7593
9359,3751,7594
9359,7594,5569
9360,7592,3743
9360,7598,7595
9360,7595,7592
9360,2507,2508
9360,5579,7598
9360,2508,5579
9360,3743,2507
9361,5578,5577
9361,5582,5578
9361,5577,7603
9361,7607,5582
9361,7603,7607
9362,7601,7600
9362,7600,5580
9363,3749,3742
9363,5589,3749
9363,7624,7625
9363,3742,5583
9363,7625,5589
9364,7610,7601
9365,7610,9364
9365,7619,7610
9366,5599,7621
9366,7621,7619
9366,7619,9365
9367,5595,7622
9367,5600,5596
9367,7622,7627
9367,5596,5595
9367,7627,5600
9368,7621,7626
9368,5602,5604
9368,7626,5602
9368,7619,7621
9368,5604,7619
9369,7625,7623
9369,7623,5616
9369,5616,5618
9369,5621,3761
9369,5618,5621
9370,5615,7632
9370,5606,5615
9370,7632,7633
9370,7633,5606
9371,5611,7628
9371,7637,7630
9371,7628,3772
9371,3772,7637
9372,7635,7633
9372,7643,7635
9373,5626,5625
9373,7636,7631
9373,7631,7640
9373,5625,7636
9373,7640,5626
9374,3778,3770
9374,5618,5636
9374,7652,3778
9374,3770,5623
9374,5623,5618
9374,5636,7652
9375,3773,3780
9375,7640,7639
9375,3783,7640
9375,7639,3773
9375,3780,3783
9376,7644,5628
9376,7647,7644
9376,5630,7647
9376,5628,5630
9377,5634,7649
9377,7649,7655
9378,7651,7662
9378,3771,3778
9378,3778,7651
9378,3774,3771
9379,5634,9377
9379,7654,5634
9379,7658,7654
9379,9377,7655
9379,7655,7658
9380,3789,7657
9380,3781,3789
9380,7650,3781
9380,7656,7650
9380,7657,7656
9381,3774,9378
9381,5640,3774
9381,7662,5640
9381,9378,7662
9382,5647,5650
9382,7659,5647
9382,5650,7660
9382,7660,7659
9383,7657,3789
9383,7664,5639
9383,5639,7657
9384,7665,7661
9384,7671,7665
9385,7666,5645
9385,3794,7666
9385,7670,5651
9385,5651,3794
9385,5645,7670
9386,1522,1520
9386,1520,2514
9386,5717,1522
9386,2514,2515
9387,9383,3789
9387,3789,3782
9387,3782,5658
9388,5655,7671
9388,7675,5664
9388,5664,7677
9388,7677,5655
9388,7671,7675
9389,5660,7685
9389,3805,5660
9390,5662,7678
9390,9391,7679
9390,7679,5662
9390,7678,7683
9390,7683,9391
9392,7688,7681
9392,3805,9389
9392,7680,3805
9392,7681,7680
9392,9389,7685
9392,7685,7688
9393,5672,7693
9393,3816,5672
9393,7693,9391
9393,7683,3816
9393,9391,7683
9394,7679,9391
9394,9391,7693
9395,7686,7679
9395,7679,9394
9396,7686,9395
9396,7695,7686
9397,5674,7699
9397,5673,5674
9398,9397,7699
9398,7699,7701
9398,5673,9397
9399,7698,7695
9400,7701,5680
9400,9398,7701
9400,5680,5675
9400,5675,5673
9400,5673,9398
9401,7706,7700
9401,7700,3825
9401,3825,5681
9401,7703,7706
9401,5681,7703
9402,5686,5685
9403,5685,5690
9403,5690,5688
9403,9402,5685
9404,3829,7700
9404,7700,7706
9404,7706,7705
9404,7708,7704
9404,7705,7708
9404,7704,3829
9405,7705,7703
9405,7719,7705
9405,7703,5683
9405,7720,7719
9405,5697,7720
9405,5683,5697
9406,7708,7705
9406,7715,7708
9406,7705,7719
9406,7719,7715
9407,5704,5700
9407,5700,7718
9407,7718,7726
9408,9407,7726
9408,5704,9407
9408,7726,7730
9409,3852,5712
9409,5712,7727
9409,3855,3852
9409,7727,3855
9410,5704,9408
9410,9408,7730
9410,5706,5704
9410,5708,5706
9410,7730,5708
9411,5698,7731
9411,5697,5698
9411,7720,5697
9412,7731,7740
9412,7721,7720
9412,7720,9411
9412,9411,7731
9413,7732,3856
9413,3856,3857
9413,3857,3865
9413,3865,7734
9413,7734,7732
9414,5724,7721
9414,7740,7745
9414,7745,5724
9414,9412,7740
9414,7721,9412
9415,7736,7739
9415,7729,5715
9415,5710,7729
9415,5715,7736
9416,5728,3858
9416,3858,5710
9416,5710,9415
9416,9415,7739
9416,7739,5728
9417,7746,7742
9417,9418,7746
9417,7742,7741
9419,3866,3864
9419,3864,5731
9419,5731,9418
9420,7746,9418
9420,9418,5731
9420,5731,3869
9420,3869,5737
9421,7746,9420
9421,5740,7748
9421,7748,7746
9421,5737,5740
9421,9420,5737
9422,7750,5740
9423,9424,7754
9423,7752,7750
9423,7754,7752
9423,7750,9422
9425,7755,5751
9425,9424,7755
9426,9425,5751
9426,5751,5757
9426,5757,5753
9427,5759,5752
9427,5752,3877
9427,3877,7765
9428,9427,7765
9428,5768,5759
9428,7765,7769
9428,5759,9427
9429,5767,7764
9429,7764,7766
9429,5769,5767
9429,7766,5769
9430,5768,9428
9430,9428,7769
9430,3902,5768
9430,7769,3902
9431,5781,5786
9431,7777,5781
9431,5786,5794
9432,9431,5794
9432,5794,7782
9432,7782,7777
9432,7777,9431
9433,7779,5785
9433,7780,7779
9433,5785,3898
9433,3897,7785
9433,7785,7780
9433,3898,3897
9434,3909,3889
9434,7816,3909
9434,2583,7816
9434,3889,7784
9434,7784,2583
9435,3906,3907
9435,3907,7794
9435,5809,3906
9436,7781,7799
9436,7799,7800
9436,5801,7781
9436,7800,5801
9437,5813,7807
9437,5810,5813
9437,7805,5804
9437,7807,7805
9437,5804,5810
9438,3918,7812
9438,7800,3918
9438,7803,7800
9439,7807,7809
9439,7796,7807
9440,7797,7796
9440,7809,7810
9440,9439,7809
9440,7796,9439
9441,5820,5819
9441,7833,5820
9441,7812,7833
9441,9438,7812
9442,7810,7813
9442,7820,7797
9442,7813,7820
9442,7797,9440
9442,9440,7810
9443,7797,7820
9443,7815,7797
9443,7820,7819
9444,7815,9443
9444,9443,7819
9445,5825,7815
9446,9444,7819
9446,9445,7815
9446,7819,7821
9446,7815,9444
9447,7826,7827
9447,7827,7828
9447,7828,7831
9448,9447,7831
9448,7826,9447
9449,7826,9448
9449,7830,7826
9449,9448,7831
9449,7831,7832
9450,7822,7836
9450,5829,7822
9451,7830,9449
9451,9449,7832
9452,9451,7832
9452,7830,9451
9452,7835,7830
9453,3920,5829
9453,3922,3920
9453,5829,7839
9453,7839,5841
9453,5841,3922
9454,5829,9450
9454,7839,5829
9454,7836,7837
9454,7837,7839
9454,9450,7836
9455,7834,7835
9456,7835,9452
9456,9455,7835
9457,7834,9455
9457,5828,7834
9457,9458,5842
9457,5842,5828
9459,9460,7841
9461,5847,5842
9462,7847,7850
9462,5852,5846
9462,5840,5843
9462,5846,5840
9462,7850,5852
9462,5843,7847
9463,7844,9464
9463,5847,9461
9463,9461,7845
9463,7845,7844
9463,9464,5847
9465,7846,5847
9465,5847,9464
9466,9465,9464
9466,7851,7846
9466,7852,7851
9466,7846,9465
9466,9464,7852
9467,7846,7851
9467,7857,5863
9467,5863,7846
9467,7851,7857
9468,9464,7844
9468,5861,7861
9468,7861,7863
9468,7852,9464
9468,7844,5861
9469,7850,7847
9469,5868,5870
9469,7847,5868
9469,5870,7850
9470,5863,7857
9470,7857,7860
9470,7860,5865
9470,5865,5863
9471,7858,5855
9471,5864,7864
9471,7859,7858
9471,5855,5864
9472,7853,7852
9472,7863,7865
9472,9468,7863
9472,7852,9468
9473,7853,9472
9473,7860,7853
9473,9472,7865
9474,7865,7867
9474,9473,7865
9475,5874,5859
9475,5859,5858
9475,5858,7866
9476,9474,7867
9477,7869,5866
9477,9478,7869
9479,9476,7867
9480,7873,7879
9480,7867,7873
9480,9479,7867
9481,9471,7864
9481,7864,7871
9481,7859,9471
9482,7868,7869
9482,7869,7879
9482,7879,7876
9483,9482,7876
9483,7868,9482
9483,7870,7868
9483,7876,7870
9484,7876,7879
9484,7877,7876
9484,7879,7878
9485,7859,9481
9485,9481,7871
9485,7884,7859
9485,7882,5887
9485,7871,7882
9485,5887,7884
9486,7870,7875
9486,7880,7856
9486,7856,7870
9487,7880,9486
9487,9486,7875
9487,7875,7877
9488,3953,3934
9488,3934,3936
9488,5877,3953
9488,5869,5877
9489,9490,7896
9491,5872,3931
9491,3951,7895
9491,3931,3951
9491,7878,5872
9491,7895,7896
9492,9493,9494
9495,5887,7891
9495,7884,5887
9495,5878,7884
9496,9492,9494
9496,7887,9492
9496,7889,7887
9497,9495,7891
9497,7891,7898
9497,5878,9495
9498,9497,7898
9498,5878,9497
9499,7892,7889
9499,7889,9496
9500,7892,9499
9500,9499,9501
9502,9500,9501
9502,7892,9500
9503,5893,5885
9503,7898,5893
9503,9498,7898
9503,5878,9498
9503,5885,5878
9504,9502,9501
9505,7900,7901
9505,7901,9506
9507,9506,7901
9507,7901,7904
9508,7902,5889
9509,9510,9511
9512,7902,9508
9512,9508,9510
9513,9512,9510
9513,7905,7906
9513,9510,9509
9513,9509,7905
9514,7909,7907
9514,7907,7902
9514,7902,9512
9515,7909,9514
9515,7906,7911
9516,9515,7911
9517,7911,7914
9517,9516,7911
9518,9517,7914
9519,7914,7917
9519,9518,7914
9520,5897,3976
9520,7912,5897
9520,3976,7915
9520,7915,7912
9521,9519,7917
9521,7917,7918
9522,9521,7918
9522,5908,5905
9523,9522,7918
9523,5908,9522
9523,7918,7921
9524,5908,9523
9524,9523,7921
9525,9524,7921
9525,3968,5908
9525,5908,9524
9526,7923,7922
9526,5909,7920
9526,7920,7923
9527,9526,7922
9527,5909,9526
9527,3989,5910
9527,5910,5909
9527,7922,3989
9528,9525,7925
9528,3968,9525
9529,7925,7924
9529,7924,7930
9529,9528,7925
9530,7929,7928
9531,9529,7930
9531,7930,7929
9531,7929,9530
9532,7927,3968
9533,7927,9532
9534,5916,7927
9534,7927,9533
9535,7931,7932
9535,7933,5916
9535,7932,7933
9536,5917,7934
9536,7934,7935
9537,7935,7936
9537,7936,7938
9537,9536,7935
9538,9537,7938
9538,7937,5917
9539,7939,5929
9539,5929,5930
9539,5930,5922
9539,7942,7939
9540,9538,7938
9540,7937,9538
9541,7938,5943
9541,9540,7938
9542,5943,5942
9542,5942,7945
9542,9541,5943
9543,7943,7940
9543,9542,7945
9544,7943,9543
9544,9543,7945
9545,5937,3991
9545,3991,7946
9545,7946,7947
9546,5945,7942
9546,9539,5922
9546,7942,9539
9546,5922,5923
9547,3995,5937
9547,5937,9545
9547,7947,7949
9547,5949,3995
9547,9545,7947
9547,7949,5949
9548,7944,7943
9548,7943,9544
9548,7945,7948
9548,9544,7945
9549,9548,7948
9549,7948,7950
9550,9549,7950
9550,7950,7951
9551,5945,9546
9551,9552,7962
9551,7962,5945
9553,7953,7956
9554,7956,7960
9554,9552,9553
9554,9553,7956
9555,7960,7965
9556,7965,7968
9556,9555,7965
9557,9556,7968
9557,7963,9556
9558,5956,7975
9558,4023,5956
9559,9557,7968
9559,7963,9557
9559,7964,7963
9560,9559,7968
9560,7968,7971
9560,7971,7974
9561,7970,7958
9561,7958,5948
9561,5948,5971
9561,5971,5986
9562,7967,7964
9562,9560,7974
9563,9562,7974
9563,7967,9562
9563,7974,7976
9564,5972,4023
9564,4023,9558
9564,7980,5974
9564,9558,7975
9564,5974,5972
9564,7975,7980
9565,7967,9563
9565,9563,7976
9566,7970,9561
9566,5982,7970
9566,9561,5986
9566,5985,5982
9566,5986,5985
9567,7969,7967
9567,7973,7969
9567,9568,7973
9569,7976,7977
9569,7967,9565
9569,9565,7976
9570,7973,9568
9570,5971,7973
9571,7982,9568
9572,5986,5971
9572,5987,5986
9572,5971,9570
9572,7986,5987
9573,7972,7984
9573,5995,7983
9573,7984,5995
9573,7977,7972
9574,7983,5995
9574,5995,7988
9574,9575,7981
9574,7988,9575
9574,7981,7983
9576,7986,9572
9577,7987,7986
9577,7986,9576
9578,9575,7988
9579,2723,693
9579,7978,5959
9579,5959,2723
9580,5994,6005
9580,7988,5994
9580,9578,7988
9580,7987,9578
9581,9580,6005
9582,5985,7985
9582,7985,9583
9582,7992,5993
9582,5993,5985
9584,9582,9583
9584,7993,7992
9584,7992,9582
9585,9581,6005
9585,9583,9581
9585,6005,7997
9585,7997,9583
9586,7989,7998
9586,7998,7995
9586,5991,7989
9587,7994,8001
9587,5996,7991
9587,5997,5996
9587,8001,5997
9587,7991,7994
9588,9586,7995
9588,5991,9586
9588,5998,5991
9588,6009,7999
9588,7995,6009
9588,7999,5998
9589,7996,6003
9589,7994,7996
9590,8001,7994
9590,9589,6003
9590,7994,9589
9591,6003,7996
9591,8002,6003
9591,7996,7997
9591,7997,8002
9592,4021,8013
9592,5978,5984
9592,5984,4021
9593,8001,9590
9593,9590,6003
9593,8000,8001
9593,6003,6002
9594,9593,6002
9594,8000,9593
9594,8003,8000
9594,6002,8003
9595,4057,8006
9595,8003,6002
9595,6002,4057
9596,8006,6012
9596,9595,8006
9597,6006,6012
9597,8004,6006
9597,6012,6011
9598,9597,6011
9598,8005,8004
9598,6011,8008
9598,8008,8005
9598,8004,9597
9599,9579,693
9599,7978,9579
9600,8008,6011
9600,8009,8008
9600,8012,8009
9600,8010,8012
9600,6011,8010
9601,8011,8012
9601,6020,9602
9601,8014,6020
9601,8012,8014
9603,6014,8011
9603,9601,9602
9603,8011,9601
9604,693,692
9604,7978,9599
9604,692,1638
9604,9599,693
9605,6014,9603
9605,9602,9606
9605,9603,9602
9607,6014,9605
9607,4066,6014
9608,4064,4066
9608,9607,9609
9608,4066,9607
9610,1645,6037
9610,8013,1646
9610,1646,1645
9611,9606,9602
9611,9602,6020
9611,6019,6024
9611,6020,6019
9612,9613,9609
9612,9606,9611
9612,9609,9606
9612,6024,9613
9612,9611,6024
9614,9609,9613
9614,4064,9608
9614,9608,9609
9614,9613,9615
9616,4064,9614
9616,9614,9615
9617,9613,6024
9617,9618,9615
9617,6024,6023
9617,9615,9613
9617,6025,9618
9617,6023,6025
9619,4064,9616
9619,9616,9615
9620,8015,4064
9620,4064,9619
9621,8017,8015
9621,8015,9620
9621,9620,8019
9622,8018,8020
9622,6030,8018
9622,6025,4067
9622,9618,6025
9622,4067,6030
9622,8020,9618
9623,9621,8019
9624,4077,8017
9624,6031,4077
9625,6031,9624
9626,6039,8023
9626,8026,6039
9626,8023,8024
9626,8024,8026
9627,8027,8025
9627,8025,8026
9628,8028,9629
9628,4100,8028
9628,8024,4100
9628,8026,8024
9630,9629,8028
9630,8028,8030
9630,8030,8031
9631,9630,8031
9632,9631,8031
9632,8027,9631
9632,8031,8032
9632,4090,8027
9633,8032,8034
9633,8034,4090
9633,9632,8032
9633,4090,9632
9634,8034,8032
9634,6051,8034
9634,6049,6051
9634,8032,6049
9635,8034,6051
9635,8033,8034
9636,9635,6051
9637,9636,6051
9637,6051,6050
9637,6050,6054
9638,9637,6054
9638,8036,8035
9639,9638,6054
9639,6054,8037
9639,8036,9638
9639,8037,8036
9640,6063,6062
9640,6057,8042
9640,8045,6057
9640,8042,6063
9640,6062,8045
9641,8044,8043
9641,8043,8045
9641,8045,6062
9641,6062,8044
9642,8048,8050
9642,8046,8048
9642,8044,8046
9643,9642,8050
9643,8044,9642
9643,8051,8047
9643,8050,8051
9643,8047,8044
9644,8052,8053
9644,8051,8050
9644,8050,8052
9645,9644,8053
9645,8054,8051
9645,8051,9644
9645,8053,8054
9646,8053,8058
9647,8057,8063
9647,8060,8056
9647,8056,8057
9648,8061,8060
9648,6076,6073
9648,8060,6076
9648,6073,8061
9649,8076,4148
9649,8073,8071
9649,8071,8076
9650,8075,8073
9650,4148,8077
9650,8077,8075
9650,9649,4148
9650,8073,9649
9651,6091,4142
9651,6088,8080
9651,4142,6088
9652,6091,9651
9652,8080,8081
9652,8081,6091
9652,9651,8080
9653,4147,4146
9653,6095,8080
9653,8080,4147
9653,4146,6095
9654,6093,8084
9654,6092,6093
9655,8084,8087
9655,9654,8084
9656,8090,8086
9656,9655,8087
9657,8086,8090
9657,8090,6099
9657,8085,8086
9657,6099,8085
9658,8090,9656
9658,8087,8088
9658,8088,4169
9658,8089,8090
9658,9656,8087
9658,4169,8089
9659,6098,8091
9659,8091,8094
9659,8094,6104
9660,8092,6098
9660,6098,9659
9660,6104,8093
9660,8093,8092
9660,9659,6104
9661,4166,8098
9662,8100,8101
9662,6102,8100
9663,8101,6107
9663,6107,6110
9663,9662,8101
9664,9663,6110
9664,9665,9663
9664,6110,9666
9667,9666,8103
9668,9667,8103
9668,6112,9667
9668,6113,6112
9668,8103,6113
9669,8103,9666
9669,6115,8102
9669,6109,6115
9669,6110,6109
9669,9666,6110
9669,8102,8103
9670,8104,8105
9670,6111,8104
9671,8105,8107
9671,9670,8105
9671,6111,9670
9672,9671,8107
9672,8106,6117
9672,8107,8109
9672,9673,8106
9674,8109,8110
9674,9673,9672
9674,9672,8109
9675,8115,8113
9676,8114,8119
9676,8115,8114
9677,9676,8119
9677,8119,8118
9678,6124,8117
9678,8117,8120
9679,6124,9678
9679,9678,8120
9679,8120,8121
9679,6126,6124
9680,8122,6126
9680,9679,8121
9680,6126,9679
9680,8121,8122
9681,8125,8124
9681,8124,8126
9682,9681,8126
9682,9683,9681
9682,8128,9683
9682,8126,8128
9684,8130,4192
9684,4192,4185
9684,9685,9683
9684,4185,9685
9684,9683,8128
9686,8130,9684
9686,8127,8131
9686,8128,8127
9686,9684,8128
9686,8131,8130
9687,8137,6140
9687,6140,6139
9687,6139,4208
9687,6144,8137
9687,4208,6144
9688,8138,6150
9688,8139,8138
9689,6150,8142
9689,8146,8148
9689,8142,8146
9689,9688,6150
9689,8148,8141
9690,8143,8141
9690,8145,8143
9690,8148,8145
9690,8141,8148
9691,6153,8150
9691,8150,8152
9692,8151,6153
9692,6153,9691
9693,8151,9692
9693,8153,8151
9694,6158,8152
9694,8152,8150
9694,8150,6156
9694,6156,4218
9694,4218,6158
9695,8170,6166
9695,6166,4229
9695,4229,4241
9695,4241,8171
9695,8171,8170
9696,4247,8175
9696,8175,8176
9697,8177,4247
9697,8179,8177
9697,8176,8179
9697,4247,9696
9697,9696,8176
9698,8183,8181
9698,8181,8178
9698,8178,8177
9698,8177,8179
9698,8179,8183
9699,6177,6178
9699,6178,6179
9699,8179,6177
9699,6179,8183
9699,8183,8179
9700,8187,8184
9700,8191,8187
9700,8189,8191
9700,8184,8182
9700,8182,8189
9701,8187,8191
9701,8190,6181
9701,8191,8190
9701,8192,8187
9702,8188,8192
9703,4258,8188
9703,8188,9702
9704,9701,6181
9704,6181,8193
9705,9704,8193
9705,9706,9704
9705,8194,9706
9705,8193,8194
9707,8194,6183
9707,9706,8194
9707,8197,9706
9708,9707,6183
9708,8197,9707
9708,6183,8195
9708,8195,8197
9709,4258,9703
9709,9703,8196
9709,8196,8200
9709,8207,4259
9709,4259,4258
9710,9709,8200
9710,8207,9709
9710,8200,8201
9710,8208,8207
9711,8208,9710
9711,9710,8201
9711,8209,8208
9711,8201,8202
9712,8209,9711
9712,9711,8202
9712,8202,8205
9712,8205,8210
9713,8209,9712
9713,9712,8210
9713,8210,8211
9714,8206,8209
9714,9713,8211
9714,8212,8206
9714,8209,9713
9715,9714,8211
9715,8212,9714
9716,8247,6304
9716,8199,8204
9716,8204,8247
9716,6304,6305
9717,4286,8218
9717,6190,4286
9717,6191,6190
9717,8211,6191
9718,8222,8223
9718,8221,8222
9718,8224,8221
9718,8223,8224
9719,6200,8237
9719,6201,6200
9720,9719,8237
9720,8239,8238
9720,8237,8239
9720,6201,9719
9720,8238,6201
9721,8235,8236
9721,8237,8235
9721,6209,8239
9721,8236,6210
9721,8239,8237
9721,6210,6209
9722,8252,6218
9722,6216,8249
9722,8249,8252
9722,6218,4284
9722,4284,6216
9723,4324,8261
9724,4337,6253
9725,8262,9724
9725,9724,6253
9725,6254,8262
9725,6253,6254
9726,6271,6279
9726,8278,6270
9726,6270,6271
9727,8274,8278
9727,8282,8280
9727,8280,8274
9728,9727,8278
9728,8279,8282
9728,9726,6279
9728,6279,8279
9728,8278,9726
9728,8282,9727
9729,8280,8282
9729,8283,6290
9729,8282,8283
9730,8271,8275
9730,8273,8271
9730,8286,8290
9730,8275,8286
9731,6290,8284
9731,8284,8280
9731,8280,9729
9731,9729,6290
9732,8285,8288
9732,8286,8285
9732,8288,8287
9732,8287,8286
9733,8277,8273
9733,6302,8277
9733,8273,9730
9733,8297,6302
9733,9730,8290
9734,8289,8288
9734,6294,8289
9734,6289,6294
9735,8287,8289
9735,9736,8290
9735,8290,8287
9737,9733,8290
9737,8297,9733
9737,8290,9736
9737,8296,8297
9738,8296,9737
9738,9737,9736
9738,9736,8294
9738,8294,8304
9738,8298,8296
9738,8304,8298
9739,8306,8309
9739,8298,8304
9739,8304,8306
9740,8309,9741
9740,9739,8309
9742,8307,9741
9743,8308,9744
9745,8311,8316
9745,9744,9742
9746,8312,8308
9746,8313,8312
9746,9743,8316
9746,8308,9743
9747,8316,8315
9747,8315,8318
9748,6319,4369
9748,8318,6319
9748,9747,8318
9749,233,235
9749,254,246
9749,235,237
9749,237,8301
9749,246,228
9749,228,232
9749,232,233
9750,6360,8350
9750,8350,9749
9750,6362,6360
9750,9749,8301
9750,8302,6362
9750,8301,8302
9751,8310,8314
9751,8317,8310
9751,8314,6346
9751,8328,8322
9751,6346,8328
9751,8322,8317
9752,6323,8323
9752,8323,8325
9752,8326,6323
9752,8325,8326
9753,8324,6323
9753,6323,8326
9753,8326,6329
9754,8324,9753
9754,8327,8324
9754,6329,8327
9754,9753,6329
9755,4382,6344
9755,8329,4382
9755,8330,8329
9756,8330,9755
9756,9755,6344
9756,8331,8332
9756,6344,8331
9757,8330,9756
9757,8332,6352
9757,9756,8332
9757,6352,8330
9758,8332,8336
9759,6357,6358
9759,8336,6357
9759,9758,8336
9759,6358,8339
9760,8337,6356
9760,6359,9761
9760,6356,6359
9760,9761,8337
9762,8337,9761
9762,4391,8337
9762,6363,4391
9763,6363,9762
9763,6370,6363
9763,8345,6370
9764,256,254
9764,8350,8361
9764,257,256
9764,9749,8350
9764,261,260
9764,260,257
9764,8361,264
9764,254,9749
9764,264,261
9765,8347,6370
9765,8344,8347
9765,8345,8344
9765,6370,8345
9766,6364,6372
9766,8355,8357
9766,6374,6364
9766,6372,8355
9767,8353,6380
9767,8356,8355
9767,6380,6379
9767,8355,8353
9768,9767,6379
9768,8356,9767
9769,6379,6383
9769,9768,6379
9770,8357,8356
9770,8356,9771
9770,9771,9772
9773,9770,9772
9773,8357,9770
9774,6383,6387
9774,9769,6383
9775,8357,9773
9775,9773,9772
9776,6387,6389
9776,9771,9774
9776,9774,6387
9777,9776,6389
9777,9771,9776
9777,9772,9771
9778,8359,6391
9778,9775,9779
9778,6391,9775
9780,6389,6388
9781,6388,6398
9781,9780,6388
9782,6392,8362
9782,8362,8364
9782,8363,6392
9783,9782,8364
9783,8363,9782
9784,9783,8364
9784,8363,9783
9784,8364,8370
9785,6403,8369
9785,8366,8368
9785,8369,8366
9786,9784,8370
9786,8373,8367
9786,8370,8372
9786,8372,8373
9787,6402,6401
9787,9785,8368
9787,6401,6403
9787,6403,9785
9787,8375,6402
9787,8368,8375
9788,8377,6405
9788,6405,8378
9788,6407,8377
9789,8384,6410
9789,8383,8384
9789,6408,8383
9789,6410,8380
9789,8380,6408
9790,4433,8381
9790,8380,6410
9790,6410,4433
9790,8381,8380
9791,8386,4450
9791,8387,8386
9791,4450,4449
9792,4452,8387
9792,4449,4452
9792,8387,9791
9792,9791,4449
9793,6428,4454
9793,6431,6428
9793,4463,6431
9793,4454,4456
9793,8390,4463
9793,4456,8390
9794,8397,8398
9794,8395,8397
9794,8398,6441
9794,6439,8395
9794,6441,6439
9795,8400,8401
9795,6440,8400
9795,4485,6440
9795,8401,6444
9795,6444,4485
9796,6460,8413
9796,8416,6460
9796,8414,8416
9796,8413,8414
9797,6473,6468
9797,6468,6466
9797,6466,8417
9798,6473,8420
9798,8420,8421
9798,6472,6473
9799,9798,8421
9799,6472,9798
9800,8421,8422
9800,6474,6472
9800,9799,8421
9800,6472,9799
9801,4510,8419
9801,6474,8424
9801,8425,4514
9801,8419,6474
9801,8424,8425
9801,4514,4510
9802,8424,6474
9802,8422,8424
9802,9800,8422
9802,6474,9800
9803,8427,4517
9803,8434,8431
9803,8431,8427
9804,4524,4523
9804,8433,8430
9804,6480,8433
9804,8430,4524
9804,4523,6480
9805,6481,6476
9805,8436,6481
9805,8432,8436
9805,6476,8432
9806,8436,8437
9806,6481,8436
9806,8438,6481
9807,8437,6483
9807,4526,1843
9807,6483,4526
9808,4552,4554
9808,4547,8447
9808,8447,8448
9808,8448,4552
9809,4591,3049
9809,4592,4591
9809,3049,8462
9810,4592,9809
9810,8462,6543
9810,6541,4592
9810,9809,8462
9810,6543,6541
9811,4609,4606
9811,6551,8466
9811,3066,4604
9811,8475,4610
9811,4604,6551
9811,8466,8475
9811,4606,3066
9811,4610,4609
9812,8470,8469
9812,8467,6553
9812,8479,8478
9812,8471,8470
9812,6553,8471
9812,8469,8479
9812,8476,8467
9813,9812,8478
9813,8476,9812
9814,9813,8478
9814,8484,8476
9814,8476,9813
9814,8478,8487
9814,8487,8485
9814,8485,8484
9815,8492,8502
9815,8502,8505
9815,8499,8492
9815,8498,8499
9816,6606,8498
9816,6608,6606
9816,8506,9817
9816,8512,6608
9816,9815,8505
9816,8513,8512
9816,8498,9815
9816,9817,8513
9816,8505,8506
9818,8504,6581
9818,6585,6584
9818,6589,6588
9818,6599,4623
9818,6588,6599
9818,8509,8504
9818,8516,8509
9818,6581,6585
9818,6584,6589
9819,8513,9817
9819,8511,8513
9819,8515,6622
9820,8510,8511
9820,8511,9819
9820,9819,6622
9821,8507,8508
9821,9817,8506
9821,8508,8509
9821,8516,8515
9821,9819,9817
9821,8515,9819
9821,8509,8516
9821,8506,8507
9822,8514,8510
9822,6619,8514
9822,9820,6622
9822,6622,6621
9822,8510,9820
9822,6621,6619
9823,8516,9818
9823,8517,8516
9823,9818,4623
9823,4623,4625
9823,8532,8522
9823,8522,8517
9823,8533,8532
9823,4625,8533
9824,8520,8518
9824,8521,8527
9824,8527,8529
9824,8530,8531
9824,8518,8521
9824,8529,8530
9825,4631,6612
9825,6611,8534
9825,8534,8539
9825,4632,4631
9825,6612,6611
9826,6635,6634
9826,9825,8539
9826,4632,9825
9826,8539,6635
9826,4637,4632
9826,6634,6632
9826,6632,4637
9827,8531,8544
9827,8520,9824
9827,9824,8531
9828,9827,8544
9829,9828,8544
9830,8547,9829
9830,8548,8545
9830,8550,8548
9830,8551,8550
9830,8544,8551
9830,8545,8547
9830,9829,8544
9831,8559,8556
9831,8556,8560
9831,8561,8559
9832,8561,9831
9833,8565,8561
9833,8561,9832
9833,8568,8565
9833,9832,9834
9833,8572,8568
9833,8573,8572
9835,8567,8575
9836,8580,8570
9836,8570,8573
9837,8571,8570
9837,8570,8581
9838,8571,9837
9838,8576,8569
9838,8589,8577
9838,8577,8576
9838,9837,8581
9838,8569,8571
9839,8584,8590
9839,8581,8579
9839,8579,8584
9839,8589,9838
9839,8590,8589
9839,9838,8581
9840,8594,8591
9840,8591,8587
9840,8586,8585
9840,8585,6665
9840,6661,6660
9840,8587,8586
9840,6664,6661
9840,6665,6664
9841,6658,6657
9841,6659,6658
9841,6695,6694
9841,6697,6696
9841,8594,9840
9841,6699,6698
9841,6698,6679
9841,9840,6660
9841,6700,6697
9841,4670,6700
9841,6701,6695
9841,6660,6663
9841,6694,6699
9841,4661,4670
9841,6657,4661
9841,6696,6701
9841,6663,6659
9842,8597,8596
9842,8596,8598
9842,8599,8597
9842,8598,8601
9842,6669,8599
9843,9841,6679
9843,8595,9841
9843,6679,6678
9843,6678,8595
9844,9842,8601
9845,6704,9846
9845,9844,8611
9845,9847,8609
9845,9846,9848
9845,9848,9849
9845,9849,9847
9850,9845,8611
9850,6704,9845
9851,9850,8611
9851,6704,9850
9851,8611,6706
9851,6706,6704
9852,9846,6704
9852,8608,8609
9852,6704,6703
9852,8609,9847
9852,9848,9846
9852,9849,9848
9852,9847,9849
9853,6649,4672
9853,8607,6649
9854,6703,8632
9854,9852,6703
9854,8608,9852
9854,8622,8608
9855,8612,8607
9855,8607,9853
9855,9853,4672
9855,8624,8612
9855,4674,8624
9855,4672,4674
9856,8622,9854
9856,8623,8622
9856,8632,8623
9856,9854,8632
9857,4664,8635
9857,6693,4664
9857,8621,6693
9857,8628,8621
9858,8631,8623
9858,8623,8632
9859,9857,8635
9859,8628,9857
9859,6713,6712
9859,6712,8628
9859,8635,6715
9859,6715,6713
9860,8631,9858
9861,8631,9860
9861,8644,8634
9861,8634,8633
9861,9860,9862
9861,8633,8631
9863,8630,6708
9863,8640,8641
9863,8641,8630
9863,6710,4680
9863,6708,6710
9864,6719,8643
9864,9862,8638
9864,9861,9862
9864,8638,8637
9864,8644,9861
9864,8643,8644
9864,8637,6719
9865,4673,6714
9865,6714,8634
9865,6763,4673
9866,6732,6722
9866,6744,6732
9866,6722,8640
9867,6744,9866
9867,6751,6750
9867,6753,6752
9867,9863,4680
9867,6754,6753
9867,4680,4679
9867,6752,6744
9867,8640,9863
9867,6756,6755
9867,6758,6757
9867,4679,6759
9867,6760,6758
9867,6759,6760
9867,9866,8640
9867,6755,6761
9867,6757,6756
9867,6750,6754
9867,6761,6751
9868,8647,8645
9868,6718,8647
9868,8642,6718
9869,8671,8672
9869,6765,8646
9869,8646,8673
9869,8673,8671
9870,6764,6765
9870,6765,9869
9870,8672,6769
9870,9869,8672
9870,8678,6764
9870,6769,8678
9871,6768,6771
9871,6771,6776
9871,8683,6768
9872,8685,8684
9873,8681,9872
9873,4734,4731
9873,9872,8684
9873,4731,6777
9873,8684,4734
9873,6777,8681
9874,3083,8685
9874,6775,6774
9874,8683,9871
9874,6776,6775
9874,6774,4732
9874,3090,3083
9874,4732,3090
9874,9871,6776
9875,8689,6797
9875,6797,6800
9876,8689,9875
9876,8690,8689
9876,4800,8690
9876,6801,4800
9876,9875,6800
9876,6800,6801
9877,6811,3135
9877,4809,4816
9877,4816,8694
9877,8694,8698
9877,3135,4809
9877,8698,6811
9878,8693,8696
9878,8696,8697
9878,8697,8692
9878,8692,8693
9879,6826,8700
9879,6820,6819
9879,6819,4820
9879,8699,6820
9879,8700,8699
9879,4820,6826
9880,3141,4823
9880,6839,3141
9880,4823,8712
9880,8712,8718
9881,8715,6839
9881,8718,8715
9881,6839,9880
9881,9880,8718
9882,8714,8715
9882,8716,8714
9882,8715,6846
9883,8721,8716
9883,9882,6846
9883,8716,9882
9884,8727,6848
9884,9885,8727
9884,8721,9883
9884,6848,8721
9886,8732,8724
9886,8729,8732
9886,6854,8729
9886,6845,6852
9886,8724,6845
9886,6852,6854
9887,9885,8724
9887,8724,8732
9887,8726,8727
9887,8727,9885
9888,8725,8726
9888,8728,8725
9889,8726,9887
9889,9888,8726
9889,8740,9888
9890,8728,9888
9890,9888,8740
9890,8730,8728
9891,9890,8740
9891,8730,9890
9892,8730,9891
9892,8734,8730
9893,8734,9892
9893,9892,8743
9893,8736,8734
9894,4832,3166
9894,8731,4832
9895,8737,8746
9895,6857,8738
9895,8738,8733
9895,8748,6857
9895,8746,8748
9895,8733,8737
9896,9894,3166
9896,4840,8739
9896,8731,9894
9896,8739,8731
9896,3166,4840
9897,9893,8743
9897,8736,9893
9897,8743,8742
9897,8742,8747
9897,8747,8736
9898,8754,8760
9898,8755,8754
9898,6861,8755
9898,8760,9899
9900,6861,9898
9900,9898,9899
9901,6861,9900
9901,9900,9899
9901,9899,9902
9903,3169,6861
9903,4842,3169
9903,6861,9901
9903,9901,9902
9904,8760,8761
9904,9899,8760
9905,9904,8761
9905,9899,9904
9905,9902,9899
9906,8764,8763
9906,8766,8764
9906,9902,9905
9907,4835,3168
9907,3168,4843
9907,4843,8770
9908,8771,8768
9908,6866,6868
9908,6869,6866
9908,6868,8771
9908,8768,6869
9909,8770,8775
9909,4835,9907
9909,8775,6872
9909,6871,4835
9909,6872,6871
9909,9907,8770
9910,8767,8768
9910,9911,8770
9910,8770,8767
9912,8768,8771
9912,8771,8772
9912,8772,8773
9913,8770,9911
9913,8775,8770
9913,8776,8775
9914,9910,8768
9914,8768,9912
9914,8779,9911
9914,9911,9910
9914,9912,8773
9915,8779,8778
9915,9913,9911
9915,9911,8779
9915,8776,9913
9916,4849,3177
9916,8773,4849
9917,9915,8778
9917,8778,8781
9917,8781,8776
9917,8776,9915
9918,6880,6881
9918,3177,6880
9918,9916,3177
9919,8785,8782
9919,8782,8781
9919,8781,8780
9919,8780,8785
9920,4847,4846
9920,4846,4851
9920,4851,8788
9921,9920,8788
9921,8788,8791
9921,4854,4847
9921,8791,6883
9921,6883,4854
9921,4847,9920
9922,8784,8789
9922,8789,8790
9922,8790,8793
9923,9922,8793
9923,8784,9922
9924,8792,9923
9924,8793,9925
9924,9923,8793
9924,9925,8797
9926,8792,9924
9926,9924,8797
9926,8796,8795
9926,8797,8796
9927,8793,4857
9927,6886,6892
9927,4857,4859
9927,4859,6886
9927,9925,8793
9928,8809,6889
9928,8812,8809
9928,6889,6888
9929,8812,9928
9929,9928,6888
9930,8812,9929
9931,9930,6905
9931,6906,6908
9931,6905,6906
9932,8815,8814
9932,8814,9931
9932,6908,6902
9932,6902,8815
9932,9931,6908
9933,8816,6911
9933,8820,8817
9933,6911,8818
9933,8818,6919
9933,8817,8816
9934,9933,6919
9934,6919,6922
9934,8820,9933
9935,8821,8820
9935,9934,6922
9935,8820,9934
9935,6922,8823
9935,8823,8821
9936,8832,8831
9936,8844,8833
9936,8833,8832
9936,8842,8844
9936,8838,8842
9936,8831,8838
9937,8847,8849
9937,8833,8844
9937,8834,8833
9937,8835,8834
9937,8844,8847
9938,9937,8849
9938,8835,9937
9938,8836,8835
9938,8841,8836
9938,8849,8850
9938,8850,8841
9939,6937,8840
9939,6927,6937
9939,8846,8837
9939,8837,6927
9940,8840,8839
9940,8839,8841
9940,8856,8840
9940,8841,8852
9940,8852,8856
9941,8850,8848
9941,8848,8859
9941,8851,8850
9942,8851,9941
9942,9941,8859
9942,8859,8863
9943,8866,8862
9943,8863,8866
9943,8862,8851
9943,8851,9942
9943,9942,8863
9944,8854,8855
9944,8857,8856
9944,8864,8857
9944,8856,8854
9945,6949,8859
9945,8859,6942
9945,4883,4881
9945,4881,6949
9945,6942,4883
9946,8864,9944
9946,9944,8855
9946,9947,8864
9946,8855,8868
9948,8858,8864
9948,8864,9947
9948,8870,8858
9948,9947,8870
9949,8868,8865
9949,8865,8866
9949,8869,8871
9949,8866,8869
9950,8868,8872
9950,9946,8868
9950,9947,9946
9951,8872,8868
9951,8868,9949
9951,8871,8872
9951,9949,8871
9952,9950,8872
9952,8870,9947
9952,9947,9950
9953,8870,9952
9953,6950,6952
9954,6952,6954
9954,6954,8874
9954,8874,8870
9954,8870,9953
9954,9953,6952
9955,8875,8876
9955,8876,8879
9956,8875,9955
9956,9955,8879
9956,8881,8877
9956,8877,8875
9957,8884,8881
9957,8881,9956
9957,8888,8889
9957,8879,8888
9957,8890,8884
9957,8889,8890
9957,9956,8879
9958,8885,8891
9958,8892,8898
9958,8895,8893
9958,8893,8885
9958,8898,8895
9958,8891,8892
9959,8918,8915
9959,4905,8918
9959,8915,8916
9959,8922,4905
9960,8917,8913
9960,8916,8917
9960,8913,8926
9960,8926,8927
9961,9960,8927
9961,8927,8928
9962,9961,8928
9962,8929,8923
9962,8928,8930
9962,8930,8929
9963,8937,9964
9963,8931,8937
9963,9964,9965
9963,6977,8931
9966,9963,9965
9966,6977,9963
9966,6976,6977
9967,9966,9965
9967,6976,9966
9967,9965,9968
9969,8937,6982
9969,9964,8937
9969,9968,9965
9969,9965,9964
9970,9967,9968
9970,9968,8942
9971,8939,9970
9971,9970,8942
9971,8940,8939
9971,6988,8940
9971,8942,6988
9972,6990,8941
9972,9968,9969
9972,9969,6982
9972,6982,6990
9972,8941,8942
9972,8942,9968
9973,8945,8944
9973,8944,6986
9973,6986,6999
9974,8946,8945
9974,4922,8946
9974,8945,9973
9975,8949,4920
9975,8950,8949
9975,4920,7007
9976,8951,8950
9976,7009,8951
9976,8950,9975
9976,9975,7007
9976,7007,7009
9977,8953,8954
9977,8954,7017
9977,7016,4926
9977,7017,7016
9977,4925,8953
9977,4926,4925
9978,7023,8959
9978,8959,8960
9978,8960,8961
9978,8961,7023
9979,7018,7022
9979,7022,8969
9979,8962,8960
9979,8969,8962
9979,8960,7018
9980,8965,8964
9980,8964,4935
9980,4935,8977
9981,9980,8977
9981,8977,8979
9981,8986,9980
9981,8979,8980
9982,8986,8984
9982,8984,2125
9982,2125,3224
9982,9980,8986
9983,8983,8987
9983,8980,8983
9983,9981,8980
9983,8986,9981
9984,8982,4944
9984,4944,4943
9985,9983,8987
9985,8987,7040
9985,8985,8986
9985,7040,8985
9985,8986,9983
9986,4943,4945
9986,8983,8982
9986,8988,8983
9986,8982,9984
9986,4945,8990
9986,9984,4943
9986,8990,8988
9987,8994,7045
9987,7045,4957
9988,7049,4959
9988,8994,9987
9988,4959,8995
9988,4957,7049
9988,8995,8994
9988,9987,4957
9989,4999,7065
9989,9000,4999
9989,8999,9000
9989,4997,8999
9989,7065,4997
9990,3298,3297
9990,3294,3298
9990,7086,7085
9990,9004,7090
9990,3300,3299
9990,3297,3300
9990,7090,7089
9990,5029,3294
9990,7085,5029
9990,7089,7088
9990,7088,7086
9990,3299,9004
9991,5068,5059
9991,5059,9015
9991,7149,5068
9991,9015,7149
9992,5071,3357
9992,3354,5071
9992,9015,3354
9993,5089,5087
9993,9015,9992
9993,5087,9015
9994,9019,9017
9994,5114,5120
9994,5120,7164
9994,9017,5114
9995,5122,9020
9995,9994,7164
9995,9019,9994
9995,9020,9018
9995,7164,5122
9995,9018,9019
9996,7178,9027
9996,7172,7173
9996,7173,7174
9996,7184,7178
9996,9027,7172
9996,7174,7184
9997,5143,5144
9997,7215,5143
9997,9044,7215
9997,5144,9042
9997,9042,9044
9998,7212,7217
9998,7217,7219
9998,7219,7221
9998,7221,9044
9998,9044,7212
9999,9058,5156
9999,5156,3412
9999,9056,9058
10000,7260,9061
10000,7249,7252
10000,7252,7260
10000,9060,7249
10000,9061,9060
10001,9062,7261
10001,7276,9063
10001,5168,5175
10001,5175,7276
10001,7261,5168
10001,9063,9062
10002,7263,7262
10002,7262,9064
10002,9070,9067
10002,9064,9070
10003,9066,7267
10003,5169,5162
10003,5164,9065
10003,7266,5169
10003,7267,7266
10003,9065,9066
10003,5162,5164
10004,9067,9070
10004,9070,9072
10005,7269,9068
10005,9068,9067
10005,9067,10004
10005,10004,9072
10006,7271,7269
10006,10005,9072
10006,9072,9075
10006,7269,10005
10006,9075,7271
10007,9074,9073
10007,7274,9079
10007,9073,7274
10007,9079,9080
10008,10007,9080
10008,10009,9074
10008,9074,10007
10008,9080,9081
10008,9081,10009
10010,5171,9074
10010,9078,5171
10010,9074,10009
10010,10011,9078
10012,7278,9078
10012,7279,7278
10012,9078,10011
10013,10010,10009
10013,10011,10010
10013,10009,9081
10013,9081,9082
10014,9087,9083
10014,7288,9087
10014,10013,9082
10014,9083,10013
10014,7287,7288
10014,9082,7287
10015,7279,9086
10015,7290,7286
10015,9089,7290
10015,9088,9089
10015,9086,9088
10015,7286,7279
10016,9084,9087
10016,9087,9091
10016,9088,9084
10016,9093,9090
10016,9094,9093
10016,9090,9088
10016,9091,9094
10017,9089,9092
10017,7290,9089
10018,7291,7290
10018,10017,9092
10018,7290,10017
10018,9092,10019
10020,7291,10018
10020,10018,10019
10021,9091,9095
10021,9094,9091
10022,7293,7291
10022,10020,10019
10022,10019,9097
10022,7291,10020
10023,9095,9103
10023,10021,9095
10023,9094,10021
10023,9092,9094
10024,10023,9103
10024,9092,10023
10024,10019,9092
10025,10024,9103
10025,10019,10024
10025,9097,10019
10026,9096,7293
10026,7293,10022
10026,9097,9096
10026,10022,9097
10027,9098,9097
10027,9103,9102
10027,10025,9103
10027,9097,10025
10028,9099,9096
10028,9101,9099
10028,9106,9101
10028,9096,9098
10028,9098,9106
10029,9098,10027
10029,9102,5195
10029,9107,9098
10029,5195,9107
10029,10027,9102
10030,9112,9123
10030,5167,7297
10030,7297,9112
10030,7298,5167
10030,9123,7298
10031,9110,7301
10031,7301,9114
10031,9114,9111
10031,9111,9110
10032,7296,9115
10032,9112,7296
10033,9119,9121
10033,9112,10032
10033,9121,9112
10033,9115,9119
10033,10032,9115
10034,5194,5193
10034,5193,7298
10034,7298,9127
10034,9127,9131
10034,9131,5194
10035,9120,9119
10035,9119,9124
10035,9124,9125
10035,9129,9120
10035,9125,9129
10036,9122,9120
10036,9128,9122
10036,9120,9129
10037,9128,10036
10038,10037,9134
10038,9128,10037
10038,7306,9130
10038,9130,9128
10038,9133,7306
10038,9134,9133
10039,9127,7305
10039,7305,9140
10039,9131,9127
10039,9132,9131
10039,9140,9132
10040,9134,9126
10040,9126,9136
10040,9136,9138
10041,9135,9134
10041,10040,9138
10041,9138,9135
10041,9134,10040
10042,7304,9139
10042,9144,9143
10042,9139,9144
10043,10042,9143
10043,9140,7304
10043,7304,10042
10044,9151,9141
10044,7314,9151
10044,9140,10043
10044,10043,9143
10044,9141,9140
10044,9143,7314
10045,9153,9147
10045,9147,9145
10045,9145,9141
10046,9147,9153
10047,9148,9147
10047,9147,10046
10048,9155,5204
10048,7315,7323
10048,7313,7315
10048,5204,7313
10048,7323,9155
10049,9149,9148
10049,9148,10047
10049,10047,10050
10051,9154,9149
10051,10049,10050
10051,9149,10049
10052,9152,9157
10052,10053,9152
10052,9157,10054
10055,10054,10056
10055,10052,10054
10055,10053,10052
10057,10050,10055
10057,10055,10056
10058,2335,3467
10058,3471,9146
10058,9146,3459
10058,3467,3471
10058,3459,2335
10059,7321,9159
10059,9161,7320
10059,9159,10060
10059,7320,7321
10059,9168,9161
10059,10060,9168
10061,10056,10054
10061,9163,10056
10061,10054,9157
10061,7329,9163
10062,10056,9163
10063,7329,10061
10063,10061,9157
10063,9157,5204
10063,5204,5203
10063,5203,7329
10064,10062,9163
10064,9163,9162
10064,10065,10062
10066,9159,10067
10066,10060,9159
10066,10067,10068
10069,9162,9164
10069,10064,9162
10070,10068,10069
10070,10069,9164
10071,9168,9167
10071,7325,9161
10071,9161,9168
10072,10070,9164
10072,9164,9165
10073,10060,10074
10073,9166,9168
10073,9168,10060
10075,7325,10071
10075,9167,9169
10075,10071,9167
10075,9169,7331
10075,7331,7325
10076,9166,10073
10077,9165,7333
10077,7333,9171
10078,10077,9171
10079,10078,9171
10080,9170,9167
10080,9181,9170
10080,9167,9166
10081,9177,9184
10081,5207,7334
10081,5209,5207
10081,7336,5209
10081,9184,7336
10081,7334,9177
10082,9170,9181
10082,9181,9180
10082,9173,9170
10083,10082,9180
10083,9173,10082
10083,9175,9173
10084,9175,10083
10085,9175,10084
10085,9176,9175
10086,9176,10085
10086,9177,9176
10087,9184,9177
10087,9177,10086
10087,10086,10088
10089,9188,9184
10089,10088,9188
10089,9184,10087
10089,10087,10088
10090,9190,9189
10090,9189,9191
10091,9191,9194
10091,10090,9191
10091,10088,10090
10092,9188,10088
10092,10088,10091
10092,9192,9188
10092,10091,9194
10093,5210,7338
10093,5227,5210
10093,9195,9201
10093,9201,5227
10093,7338,9195
10094,10095,9192
10094,10092,9194
10094,9192,10092
10096,9192,10095
10096,9196,7337
10096,10097,9196
10096,10095,10097
10096,7337,9192
10098,10095,10094
10098,9194,9198
10098,10094,9194
10099,9198,7344
10099,10095,10098
10099,7344,9199
10099,10098,9198
10100,9201,9195
10100,9195,9196
10101,10095,10099
10101,10099,9199
10102,10095,10101
10102,10097,10095
10102,9199,9205
10102,10101,9199
10103,10100,9196
10103,9196,10097
10103,10097,10102
10103,9205,10104
10103,10104,10100
10103,10102,9205
10105,9201,10100
10105,10100,10104
10106,10105,10104
10106,9203,9200
10106,9201,10105
10106,9200,9201
10107,9203,10106
10107,9208,9213
10108,9203,10107
10108,10107,9213
10108,9213,9212
10108,9209,9203
10108,9212,9209
10109,9211,9213
10109,9213,9208
10109,9208,9207
10109,9207,9211
10110,9202,9214
10110,7346,9202
10110,9214,9217
10110,5237,7346
10111,9209,9212
10111,9214,9209
10111,9218,9214
10111,9212,9216
10112,7355,5237
10112,10110,9217
10112,5237,10110
10112,9217,7355
10113,9217,9218
10114,9224,9222
10114,9218,10111
10114,10111,9216
10114,10113,9218
10114,9222,10113
10115,9224,10114
10115,9207,5243
10115,9216,9207
10115,5242,9224
10115,5243,5242
10115,10114,9216
10116,9222,9223
10116,9217,10113
10116,9220,9217
10116,10113,9222
10117,9225,9220
10117,9223,9225
10117,10116,9223
10117,9220,10116
10118,7357,9221
10118,9227,9228
10118,9221,9227
10119,5241,7357
10119,7360,7359
10119,7359,7358
10119,7357,10118
10119,7358,5241
10120,5256,9231
10120,9231,9229
10120,9223,5256
10121,9235,9237
10121,7371,9235
10122,10121,9237
10122,9237,9240
10122,7371,10121
10122,7374,7371
10123,9240,9239
10123,9239,7374
10123,7374,10122
10123,10122,9240
10124,9238,7378
10124,9237,9238
10125,9240,9237
10125,9237,10124
10125,9243,9240
10125,10124,7378
10125,7378,9243
10126,9242,9247
10126,9247,7387
10126,7380,9242
10127,7388,7390
10127,7390,9248
10127,9248,9252
10128,9251,9248
10128,9253,9251
10128,9249,9253
10128,9248,9249
10129,7386,7388
10129,5268,7386
10130,10129,7388
10130,9252,10131
10130,10127,9252
10130,10132,10129
10130,7388,10127
10130,10131,10132
10133,9252,9251
10133,9251,7395
10134,7398,7397
10134,7397,5269
10134,10129,10132
10134,5269,5268
10134,5268,10129
10135,10131,9252
10135,7395,7400
10135,9252,10133
10135,10133,7395
10136,10132,10131
10136,10131,10135
10136,10135,7400
10136,7400,9257
10136,9257,9255
10137,9254,7396
10137,9259,5278
10137,9258,9259
10137,5278,9254
10137,7396,9258
10138,9273,9272
10138,9272,5295
10138,9276,9273
10138,5295,9276
10139,9278,9274
10139,9274,9277
10140,7413,9278
10140,9278,10139
10140,9277,9281
10140,9281,7419
10140,7419,7413
10140,10139,9277
10141,5312,5308
10141,5308,9284
10141,9284,9285
10142,5312,10141
10142,9285,9287
10142,5313,5312
10142,9287,5313
10142,10141,9285
10143,7428,5317
10143,5317,7440
10143,7440,9296
10144,10143,9296
10144,9296,7435
10144,7435,9292
10145,9298,7443
10145,7437,9295
10145,9295,9297
10145,9297,9298
10146,7446,9300
10146,9300,9302
10146,7454,7446
10146,9304,7454
10146,9302,9304
10147,5343,3538
10147,3538,3533
10147,3533,9305
10147,7450,7463
10147,7463,5342
10147,5342,5343
10147,9305,7450
10148,7465,7464
10148,7464,9309
10148,9309,7470
10148,7470,5354
10148,5354,7465
10149,9311,9310
10149,9310,7472
10150,7518,7519
10150,7519,5453
10150,9326,7518
10151,9326,10150
10151,5453,5452
10151,10150,5453
10152,7525,9326
10152,9326,10151
10152,10153,7525
10154,9330,9332
10154,7525,10153
10154,9331,7525
10154,10153,9330
10154,9332,9331
10155,5507,9340
10155,5504,5505
10155,5505,5506
10155,5506,5507
10156,10155,9340
10156,9340,9341
10156,7548,5504
10156,5517,7548
10156,5504,10155
10156,9341,5517
10157,7552,5517
10157,9342,7552
10157,9341,9342
10157,5517,9341
10158,7557,9345
10158,9345,7560
10158,7560,7554
10158,7554,7557
10159,7559,9347
10159,7561,7559
10159,7562,7561
10160,5514,3709
10160,9352,5527
10160,5527,5514
10160,9353,9352
10160,3716,9353
10160,3709,3716
10161,9347,9348
10161,10159,9347
10161,7562,10159
10162,9349,7566
10162,10161,9348
10162,9348,9349
10163,7572,9351
10163,9351,5554
10163,5554,7574
10164,5569,7583
10164,9359,5569
10164,7583,7585
10164,7585,9359
10165,5580,3754
10165,3754,5585
10165,9362,5580
10166,10165,5585
10166,9362,10165
10166,7601,9362
10166,7611,7601
10166,5585,7611
10167,5597,7624
10167,9363,5583
10167,5583,3755
10167,3755,5597
10167,7624,9363
10168,7601,7616
10168,9364,7601
10168,7616,5599
10169,9365,9364
10169,9364,10168
10169,10168,5599
10170,9365,10169
10170,5599,9366
10170,10169,5599
10170,9366,9365
10171,7625,9369
10171,3761,5589
10171,5589,7625
10171,9369,3761
10172,5611,9371
10172,7630,7629
10172,7629,5611
10172,9371,7630
10173,7633,7634
10173,9372,7633
10174,7643,9372
10174,7634,7642
10174,7642,7643
10174,9372,10173
10174,10173,7634
10175,7664,9383
10175,9383,9387
10176,7667,7668
10176,7661,7667
10176,9384,7661
10177,10176,7668
10177,9384,10176
10177,7671,9384
10177,7668,7671
10178,3813,7670
10178,5658,3813
10178,9387,5658
10178,10175,9387
10179,7673,5668
10179,5637,7673
10179,2515,5637
10179,9386,2515
10180,5668,7697
10180,9386,10179
10180,10179,5668
10180,5717,9386
10180,7697,5717
10181,9394,7693
10181,9395,9394
10182,9395,10181
10182,9396,9395
10182,7693,7692
10182,10181,7693
10183,9396,10182
10183,10182,7692
10183,7695,9396
10183,7692,7695
10184,9399,7695
10184,7694,5677
10184,7695,7694
10185,5677,3830
10185,3830,5686
10185,10184,5677
10186,7702,5686
10186,5686,9402
10186,9402,9403
10187,10186,9403
10187,7702,10186
10187,3833,7702
10187,5688,3833
10187,9403,5688
10188,7738,3866
10188,9419,9418
10188,9418,9417
10188,3866,9419
10188,7741,7738
10188,9417,7741
10189,5739,5741
10189,5740,5739
10189,9422,5740
10190,5741,3878
10190,10189,5741
10190,3878,7755
10191,9423,10192
10191,9424,9423
10191,10190,7755
10191,7755,9424
10191,10192,10190
10193,7754,9424
10193,9425,9426
10193,9424,9425
10194,7754,10193
10194,5753,3882
10194,3882,7754
10194,9426,5753
10194,10193,9426
10195,5805,5807
10195,7794,5805
10195,9435,7794
10195,5809,9435
10195,5807,5809
10196,9441,5819
10196,5802,7803
10196,7806,5802
10196,5819,7806
10196,7803,9438
10196,9438,9441
10197,9445,9446
10197,9446,7821
10198,7821,7824
10198,7829,7827
10198,7824,7829
10198,9445,10197
10198,10197,7821
10199,9452,7832
10199,5835,5839
10199,7832,5835
10200,9455,9456
10200,9456,9460
10201,9455,10200
10201,9458,9457
10201,9460,9459
10201,9457,9455
10201,10200,9460
10201,9459,9458
10202,9456,9452
10202,9452,10199
10202,9460,9456
10202,10199,5839
10202,7841,9460
10202,5839,7841
10203,9459,7841
10203,7845,9461
10203,5861,7845
10203,9458,9459
10203,7841,5861
10204,5865,7860
10204,7860,9473
10204,9473,9474
10204,9474,9476
10205,5865,10204
10205,10204,9476
10206,9476,9479
10206,9479,9478
10206,10205,9476
10206,5865,10205
10207,9480,7879
10207,9478,9479
10207,7869,9478
10207,9479,9480
10207,7879,7869
10208,9488,3936
10208,5869,9488
10208,5867,5869
10208,7866,5867
10209,7880,9487
10209,9487,9490
10209,7885,7880
10210,9487,7877
10210,9490,9487
10210,7896,9490
10211,10210,7877
10211,7896,10210
10211,7877,9484
10211,9484,7878
10211,7878,9491
10211,9491,7896
10212,10209,9490
10212,7885,10209
10212,9493,7885
10212,9490,9489
10213,7893,9494
10213,10212,9489
10213,7896,7893
10213,9493,10212
10213,9489,7896
10213,9494,9493
10214,7885,9493
10214,9492,7887
10214,7887,7885
10214,9493,9492
10215,9494,7893
10215,7893,7894
10216,10215,7894
10216,7894,9501
10216,9499,9496
10216,9501,9499
10217,10218,7897
10217,9502,9504
10217,7892,9502
10217,7897,7892
10219,10217,9504
10219,9506,10218
10219,10218,10217
10219,9505,9506
10219,9504,9505
10220,9501,7894
10220,9504,9501
10220,7900,9505
10220,9505,9504
10220,7894,7900
10221,5888,7897
10221,7897,10218
10221,5889,5888
10222,5889,10221
10223,5889,10222
10223,10222,10224
10223,10224,9511
10225,10223,9511
10225,9510,9508
10225,9508,5889
10225,5889,10223
10225,9511,9510
10226,9507,7904
10227,7904,7905
10227,10224,10226
10227,10226,7904
10227,9511,10224
10228,10227,7905
10228,9511,10227
10228,7905,9509
10228,9509,9511
10229,9512,9513
10229,9513,7906
10230,7906,9515
10230,9512,10229
10230,10229,7906
10230,9514,9512
10230,9515,9514
10231,7909,9515
10231,9515,9516
10232,9516,9517
10232,10231,9516
10232,7909,10231
10233,10232,9517
10233,9518,10234
10233,10234,10235
10233,9517,9518
10236,9519,9521
10237,9522,5905
10237,10236,9521
10237,5905,10236
10237,9521,9522
10238,7925,9525
10238,7921,5914
10238,5914,7925
10238,9525,7921
10239,3968,9528
10239,9528,9529
10239,9529,9531
10240,3968,10239
10240,9530,3968
10240,9531,9530
10240,10239,9531
10241,9532,3968
10241,3968,9530
10241,9530,7928
10242,7928,5920
10242,9532,10241
10242,10241,7928
10242,9533,9532
10243,5920,7931
10243,10242,5920
10243,9533,10242
10244,7931,9535
10244,5916,9534
10244,9534,9533
10244,9535,5916
10244,10243,7931
10244,9533,10243
10245,5917,9536
10245,9536,9537
10245,9538,5917
10245,9537,9538
10246,7937,9540
10246,9540,9541
10247,7940,7937
10247,7937,10246
10247,9541,9542
10247,10246,9541
10248,7940,10247
10248,10247,9542
10248,9543,7940
10248,9542,9543
10249,5923,7944
10249,9546,5923
10249,9551,9546
10250,9550,7944
10250,9548,9549
10250,9549,9550
10250,7944,9548
10251,9551,10249
10252,9551,10251
10252,9552,9551
10253,7963,7962
10254,9559,9560
10254,7964,9559
10254,9562,7964
10254,9560,9562
10255,7967,9569
10255,9567,7967
10256,9567,10255
10256,7977,9571
10256,10255,9569
10256,9569,7977
10257,9567,10256
10257,10256,9571
10257,9568,9567
10257,9571,9568
10258,9571,7977
10258,7983,7982
10258,7982,9571
10258,9573,7983
10258,7977,9573
10259,9570,9568
10260,9572,9570
10260,9570,10259
10260,9576,9572
10261,7981,9575
10261,9576,7981
10261,9577,9576
10261,9575,9577
10262,7987,9577
10262,9577,9575
10262,9578,7987
10262,9575,9578
10263,7985,7987
10263,7987,9580
10263,9580,9581
10264,10263,9581
10264,7985,10263
10264,9583,7985
10264,9581,9583
10265,7997,7993
10265,7993,9584
10265,9583,7997
10265,9584,9583
10266,9592,8013
10266,8013,9610
10267,6006,8003
10267,8003,9595
10267,9595,9596
10267,6012,6006
10267,9596,6012
10268,7978,9604
10268,680,679
10268,1638,680
10268,669,671
10268,671,7978
10268,676,669
10268,677,676
10268,9604,1638
10268,679,677
10269,9605,9606
10269,9607,9605
10269,9609,9607
10269,9606,9609
10270,6035,6027
10270,6037,6035
10270,4062,4039
10270,9610,6037
10270,10266,9610
10270,4039,10266
10270,6027,4062
10271,9615,9618
10271,9619,9615
10271,8020,9619
10271,9618,8020
10272,8020,8019
10272,9619,8020
10272,8019,9620
10272,9620,9619
10273,9625,9624
10273,9624,8017
10273,8017,9621
10273,9621,9623
10273,9623,9625
10274,9623,8019
10274,8019,8018
10275,6030,6034
10275,6034,6032
10275,8018,6030
10275,10274,8018
10276,6032,6031
10276,10275,6032
10276,6031,9625
10277,9628,9629
10277,9627,8026
10277,8026,9628
10278,10277,9629
10278,9629,9630
10278,9627,10277
10278,8027,9627
10279,9630,9631
10279,9631,8027
10279,10278,9630
10279,8027,10278
10280,8035,8033
10280,8033,9635
10280,9636,8035
10280,9635,9636
10281,8035,9636
10281,9637,9638
10281,9636,9637
10281,9638,8035
10282,8053,9646
10282,8054,8053
10282,6067,8054
10283,6067,10282
10283,10282,9646
10283,8063,8057
10284,9647,8063
10284,8063,8062
10284,8060,9647
10284,8062,8060
10285,9656,8086
10285,4153,6092
10285,8086,4153
10285,6092,9654
10285,9654,9655
10285,9655,9656
10286,6102,9662
10286,8098,6103
10286,6103,6102
10287,9661,8098
10287,8098,10286
10287,9663,9665
10287,9665,9661
10287,10286,9662
10287,9662,9663
10288,4171,4166
10288,6112,4179
10288,4179,4171
10288,4166,9661
10289,4179,6111
10289,9672,6117
10289,6117,4179
10290,6116,8106
10290,9673,9675
10290,9675,8113
10290,4177,6116
10290,8113,4183
10290,4178,4177
10290,8106,9673
10290,4183,4178
10291,8110,8115
10291,9674,8110
10291,9675,9673
10291,9673,9674
10291,8115,9675
10292,8115,9676
10292,8113,8115
10293,8113,10292
10293,10292,9676
10293,9676,9677
10293,8112,8113
10294,8112,10293
10294,8118,8116
10294,10293,9677
10294,9677,8118
10294,8116,8112
10295,6126,8122
10295,9685,4185
10295,4185,6126
10296,10295,8125
10296,9685,10295
10296,9683,9685
10297,8141,8140
10297,8139,9688
10297,9688,9689
10297,9689,8141
10297,8140,8139
10298,9691,8152
10298,9692,9691
10299,8152,6160
10299,9692,10298
10299,10298,8152
10299,9693,9692
10300,10299,6160
10300,6160,8153
10300,9693,10299
10300,8153,9693
10301,1664,1677
10301,229,209
10301,206,1664
10301,1679,1684
10301,209,206
10301,1677,1678
10301,1678,1679
10302,10301,1684
10302,703,8199
10302,8199,9716
10302,9716,10301
10302,704,703
10302,1684,704
10303,8192,9701
10303,9704,9706
10303,9701,9704
10304,9702,8192
10304,8192,10303
10304,10303,9706
10304,9706,8197
10305,9702,10304
10305,9703,9702
10305,8196,9703
10305,8197,8196
10305,10304,8197
10306,6305,8300
10306,238,236
10306,229,10301
10306,10301,9716
10306,8300,238
10306,9716,6305
10306,234,229
10306,236,234
10307,8211,9717
10307,9715,8211
10308,8217,8214
10308,9717,8218
10308,8218,8217
10308,10307,9717
10309,8259,6238
10309,6238,4324
10309,4324,9723
10310,8259,10309
10310,9724,8262
10310,9723,9724
10310,10309,9723
10311,8261,6248
10311,6248,4337
10311,9724,9723
10311,9723,8261
10311,4337,9724
10312,9734,8288
10312,6290,6289
10312,8285,6290
10312,6289,9734
10312,8288,8285
10313,9736,9735
10313,8289,8293
10313,8294,9736
10313,8293,8294
10313,9735,8289
10314,8298,9739
10314,9739,9740
10315,10314,9740
10315,8305,10314
10315,9740,9741
10315,9741,8307
10315,8307,8305
10316,9744,8308
10316,8307,9742
10316,6309,8307
10316,9742,9744
10316,8308,6309
10317,9745,8316
10317,8316,9743
10317,9744,9745
10317,9743,9744
10318,9741,8309
10318,8309,6315
10318,6315,8311
10318,8311,9745
10318,9742,9741
10318,9745,9742
10319,8313,9746
10319,9746,8316
10319,8316,9747
10320,10319,9747
10320,8313,10319
10320,9747,9748
10320,9748,4369
10320,4369,8313
10321,6352,8332
10321,8332,9758
10322,6351,6352
10322,6352,10321
10322,10321,9758
10323,10322,9758
10323,6351,10322
10323,9758,9759
10324,10323,9759
10324,6354,8335
10324,6351,10323
10324,8335,6351
10324,9759,8339
10324,8339,6354
10325,9761,6359
10325,6359,8341
10325,9763,9762
10325,9762,9761
10325,8341,9763
10326,8343,8345
10326,8345,9763
10326,9763,8341
10326,8341,8343
10327,8357,9775
10327,9775,6391
10327,6391,4413
10327,4413,6374
10327,9766,8357
10327,6374,9766
10328,9774,9771
10328,9769,9774
10328,8356,9768
10328,9771,8356
10328,9768,9769
10329,9775,9772
10329,9772,9777
10329,9779,9775
10330,9777,6389
10330,6389,9780
10330,10329,9777
10330,9779,10329
10331,9780,9781
10331,9779,10330
10331,10330,9780
10332,6395,8359
10332,10331,9781
10333,8367,8365
10333,8363,9784
10333,9786,8367
10333,9784,9786
10333,8365,8363
10334,6413,8382
10334,9788,8378
10334,6414,6413
10334,8378,6414
10334,8382,8383
10335,8417,6470
10335,8418,6473
10335,6473,9797
10335,6470,8418
10335,9797,8417
10336,8428,6479
10336,4517,8428
10336,6479,8430
10336,8430,8434
10336,9803,4517
10336,8434,9803
10337,8438,9806
10337,8437,9807
10337,1843,2993
10337,2993,8438
10337,9807,1843
10337,9806,8437
10338,4554,6502
10338,6501,6500
10338,6502,6501
10338,4546,4547
10338,9808,4554
10338,6500,4546
10338,4547,9808
10339,6624,8519
10339,8528,6624
10339,8519,8520
10339,9827,9828
10339,8520,9827
10340,8528,10339
10340,10339,9828
10341,9828,9829
10341,10340,9828
10342,9829,8547
10342,6625,8538
10342,10341,9829
10342,6629,6625
10342,8547,6629
10342,8538,10341
10343,8560,8564
10343,9835,9834
10343,8567,9835
10343,8564,8567
10343,9831,8560
10343,9832,9831
10343,9834,9832
10344,9835,8575
10344,8575,6662
10344,8580,9836
10344,6662,8580
10345,8595,8593
10345,9841,8595
10345,8593,8594
10345,8594,9841
10346,6668,6667
10346,6655,6668
10347,10346,6667
10347,9844,10346
10348,9844,10347
10348,10347,6667
10349,6669,9842
10349,10348,6667
10349,9844,10348
10349,9842,9844
10349,6667,6669
10350,8602,8603
10350,8611,9844
10350,9844,8601
10350,8600,8602
10350,8603,8605
10350,8605,8610
10350,8610,8611
10350,8601,8600
10351,8632,8630
10351,9858,8632
10351,8630,8641
10352,10351,8641
10352,9858,10351
10352,8641,8638
10352,8638,9862
10352,9860,9858
10352,9862,9860
10353,9865,8634
10353,8634,8644
10353,8644,8642
10354,10353,8642
10354,8645,6763
10354,6763,9865
10354,9865,10353
10354,8642,9868
10354,9868,8645
10355,8683,9874
10355,9874,8685
10355,8685,9872
10356,9883,6846
10356,9885,9884
10356,8724,9885
10356,9884,9883
10356,6846,8724
10357,8732,8731
10357,9887,8732
10357,8740,9889
10357,8731,8740
10357,9889,9887
10358,8740,8739
10358,9891,8740
10359,9892,9891
10359,9891,10358
10359,8743,9892
10359,10358,8739
10359,8739,8741
10359,8741,8743
10360,8763,4842
10360,9906,8763
10360,9903,9902
10360,9902,9906
10360,4842,9903
10361,4845,8765
10361,8761,4845
10361,8765,8766
10361,9905,8761
10361,8766,9906
10361,9906,9905
10362,8773,9916
10362,6881,8779
10362,9916,9918
10362,9914,8773
10362,8779,9914
10362,9918,6881
10363,9923,8792
10363,8786,8784
10363,8788,8786
10363,8792,8788
10363,8784,9923
10364,9926,8795
10364,8794,8791
10364,8795,8794
10364,8792,9926
10364,8791,8792
10365,9927,6892
10365,9925,9927
10365,8797,9925
10365,6892,8797
10366,9931,8814
10366,8814,8812
10366,8812,9930
10366,9930,9931
10367,9929,6888
10367,9930,9929
10367,6905,9930
10367,6888,6900
10367,6900,3188
10367,3188,6905
10368,8846,9939
10368,9939,8840
10368,8856,8857
10368,8840,8856
10368,8857,8846
10369,9953,9952
10369,9952,8872
10369,6950,9953
10370,9959,8916
10370,8922,9959
10370,9960,9961
10370,9962,8923
10370,8923,8922
10370,8916,9960
10370,9961,9962
10371,4913,8934
10371,6976,9967
10371,8934,6976
10372,9970,8939
10372,10371,9967
10372,8939,8938
10372,8938,4913
10372,9967,9970
10372,4913,10371
10373,4922,9974
10373,6998,4922
10373,6999,6998
10373,9973,6999
10373,9974,9973
10374,8965,9980
10374,2119,7020
10374,7020,8965
10374,9982,3224
10374,9980,9982
10374,3224,2119
10375,9993,9992
10375,5096,5089
10375,5089,9993
10375,3374,5096
10375,9992,3357
10375,3357,3360
10375,3360,3374
10376,7237,9056
10376,9999,3412
10376,9056,9999
10376,7239,7237
10377,9067,9065
10377,10002,9067
10377,7263,10002
10377,9065,7263
10378,9086,7279
10378,9083,9086
10378,10012,10011
10378,10013,9083
10378,10011,10013
10378,7279,10012
10379,10036,9129
10379,9129,9126
10380,10379,9126
10380,9126,9134
10380,9134,10037
10380,10037,10036
10380,10036,10379
10381,9141,9151
10381,9151,9150
10381,10045,9141
10381,9153,10045
10381,9150,9153
10382,10055,10050
10382,10047,10046
10382,10050,10047
10382,10053,10055
10383,10382,10046
10383,10053,10382
10383,10046,9153
10383,9153,9152
10383,9152,10053
10384,10050,10057
10384,10051,10050
10385,10051,10384
10385,10384,10057
10385,10386,9160
10387,10386,10065
10387,10065,10064
10388,10069,10068
10388,10064,10069
10388,10387,10064
10388,10068,10067
10389,10068,10070
10389,10070,10072
10389,10390,10066
10389,10066,10068
10391,10074,10060
10391,10066,10390
10391,10060,10066
10392,10390,10389
10392,10389,10072
10392,10072,9165
10393,10076,10073
10393,10073,10074
10393,10074,10394
10395,10392,9165
10395,10390,10392
10395,9165,10077
10396,10078,10394
10396,10395,10077
10396,10077,10078
10397,10076,10393
10397,10079,10076
10397,10393,10394
10397,10394,10078
10397,10078,10079
10398,9166,10076
10398,10076,10079
10398,10080,9166
10399,10079,9171
10399,9174,9181
10399,9171,9174
10400,10085,10084
10401,9182,9183
10401,9180,9182
10401,9183,9190
10401,10083,9180
10401,10084,10083
10401,10400,10084
10401,9190,10400
10402,9190,10090
10402,10085,10400
10402,10400,9190
10402,10086,10085
10402,10090,10088
10402,10088,10086
10403,9208,10107
10403,10106,10104
10403,10104,9205
10403,9205,9208
10403,10107,10106
10404,9225,9223
10404,9223,10120
10405,9229,9227
10405,9225,10404
10405,10120,9229
10405,10404,10120
10405,9227,9225
10406,7360,10119
10406,9228,9230
10406,9230,7360
10406,10118,9228
10406,10119,10118
10407,10126,7387
10407,7380,10126
10407,7381,7379
10407,7379,7380
10407,7387,7381
10408,10132,10136
10408,10134,10132
10408,10136,9255
10409,9255,7398
10409,10134,10408
10409,10408,9255
10409,7398,10134
10410,9286,9285
10410,7428,10143
10410,9285,7428
10411,10143,10144
10411,10144,9292
10411,9292,9286
10411,9286,10410
10411,10410,10143
10412,7433,7437
10412,10145,7443
10412,7443,7433
10412,7437,10145
10413,10149,7472
10413,7472,9314
10414,10149,10413
10414,9314,7480
10414,9316,9311
10414,7480,9316
10414,9311,10149
10414,10413,9314
10415,10151,5452
10415,10152,10151
10415,10153,10152
10415,5452,9330
10415,9330,10153
10416,9344,7562
10416,5529,9344
10416,7562,10161
10416,10161,10162
10417,10162,7566
10417,5529,10416
10417,7566,5529
10417,10416,10162
10418,7574,5539
10418,10163,7574
10418,5539,7572
10418,7572,10163
10419,10175,10178
10419,7664,10175
10419,5645,5638
10419,5638,7664
10420,5645,10419
10420,10178,7670
10420,10419,10178
10420,7670,5645
10421,9399,10184
10421,10185,5686
10421,10184,10185
10421,5686,7698
10421,7698,9399
10422,10189,10190
10422,9422,10189
10422,10192,9423
10422,9423,9422
10422,10190,10192
10423,5825,9445
10423,9445,10198
10423,5824,5825
10423,7827,5824
10423,10198,7827
10424,10203,9461
10424,9461,5842
10424,5842,9458
10424,9458,10203
10425,9477,5866
10425,5866,5865
10425,10206,9478
10425,5865,10206
10425,9478,9477
10426,10208,3936
10426,5874,9475
10426,3936,5874
10426,9475,7866
10426,7866,10208
10427,10215,10216
10427,10216,9496
10427,9496,9494
10427,9494,10215
10428,10221,10218
10428,10218,9506
10428,10222,10221
10428,9506,9507
10429,9507,10226
10429,10222,10428
10429,10428,9507
10429,10224,10222
10429,10226,10224
10430,10232,10233
10430,10235,10431
10430,10431,5900
10430,5900,7909
10430,7909,10232
10430,10233,10235
10432,10431,10235
10432,5900,10431
10432,5905,5900
10432,10235,10234
10432,10236,5905
10433,10249,7944
10434,10249,10433
10434,10251,10249
10435,10251,10434
10436,10435,7951
10436,7951,5954
10436,5954,7953
10437,10436,7953
10437,10252,10251
10438,10437,7953
10438,10252,10437
10439,9553,9552
10439,7953,9553
10439,9552,10252
10439,10438,7953
10439,10252,10438
10440,9552,9554
10440,7962,9552
10440,10253,7962
10441,10440,9555
10441,10253,10440
10442,7963,10253
10442,10253,10441
10442,9556,7963
10442,9555,9556
10442,10441,9555
10443,9568,7982
10443,7982,7981
10443,10259,9568
10444,10443,7981
10444,10259,10443
10445,10260,10259
10445,9576,10260
10445,7981,9576
10445,10444,7981
10445,10259,10444
10446,4039,4037
10446,5979,5978
10446,5978,9592
10446,4037,5979
10446,9592,10266
10446,10266,4039
10447,9623,10274
10447,10274,10275
10447,10275,10276
10447,10276,9625
10447,9625,9623
10448,10283,8057
10448,6067,10283
10448,4127,6067
10448,8057,4127
10449,8063,10283
10449,4130,8063
10449,10283,9646
10449,9646,8058
10449,8058,4130
10450,9667,6112
10450,10288,9661
10450,9661,9665
10450,6112,10288
10451,10289,6111
10451,9671,9672
10451,6111,9671
10451,9672,10289
10452,6132,8125
10452,8125,10295
10452,8122,6132
10452,10295,8122
10453,9683,10296
10453,10296,8125
10453,8125,9681
10453,9681,9683
10454,9715,10307
10454,8212,9715
10454,8213,8212
10454,10307,10308
10455,8213,10454
10455,10454,10308
10455,10308,8214
10455,8214,8213
10456,8259,10310
10456,6239,8259
10456,8260,6239
10456,10310,8262
10456,8262,8260
10457,10314,8305
10457,8298,10314
10457,6300,8298
10457,8305,6300
10458,8359,9778
10458,9778,9779
10458,10332,8359
10458,9779,10331
10458,10331,10332
10459,4427,6395
10459,6398,4427
10459,10332,9781
10459,9781,6398
10459,6395,10332
10460,9788,10334
10460,6407,9788
10460,8383,6408
10460,10334,8383
10460,6408,6407
10461,8528,10340
10461,8526,8528
10461,8525,8523
10461,10340,10341
10461,8523,8526
10462,10461,10341
10462,8536,8535
10462,8525,10461
10462,8537,8536
10462,8538,8537
10462,10341,8538
10462,8535,8525
10463,9834,9835
10463,9833,9834
10463,8573,9833
10463,9836,8573
10463,9835,10344
10463,10344,9836
10464,4658,6654
10464,6655,10346
10464,6654,6655
10464,4654,4658
10465,9845,8609
10465,9844,9845
10465,4655,4654
10465,6673,4655
10465,10346,9844
10465,10464,10346
10465,8609,6671
10465,6671,6673
10465,4654,10464
10466,8680,8682
10466,9872,8681
10466,10355,9872
10466,8683,10355
10466,8681,8680
10466,8682,8683
10467,4884,6950
10467,8872,4884
10467,6950,10369
10467,10369,8872
10468,3412,3411
10468,3411,7239
10468,10376,3412
10468,7239,10376
10469,9160,7321
10469,10051,10385
10469,7321,9154
10469,9154,10051
10469,10385,9160
10470,10386,10385
10470,10056,10062
10470,10385,10057
10470,10057,10056
10470,10065,10386
10470,10062,10065
10471,10386,10387
10471,10387,10388
10471,10388,10067
10471,9159,9160
10471,10067,9159
10471,9160,10386
10472,10391,10390
10472,10074,10391
10472,10390,10395
10472,10396,10394
10472,10395,10396
10472,10394,10074
10473,10079,10399
10473,9181,10080
10473,10398,10079
10473,10080,10398
10473,10399,9181
10474,10432,10234
10474,10234,9518
10474,9518,9519
10474,10236,10432
10474,9519,10236
10475,7944,9550
10475,10433,7944
10476,9550,7951
10476,10434,10433
10476,10433,10475
10476,10475,9550
10477,10434,10476
10477,10435,10434
10477,7951,10435
10477,10476,7951
10478,10437,10251
10478,10251,10435
10478,10435,10436
10478,10436,10437
10479,9554,7960
10479,10440,9554
10479,7960,9555
10479,9555,10440
10480,9666,9667
10480,9665,9664
10480,9664,9666
10480,9667,10450
10480,10450,9665
