vertex,flat_x_mm,flat_y_mm,source_x_mm,source_y_mm,source_z_mm,u,v
0,125.07045687724894,171.9302491362252,228.6318835454596,243.55207704858574,-474.40510876719645,0.337649405246121,0.3333333333333333
1,152.4493704261608,169.29083709661612,223.8737695703284,270.09497123803203,-479.8165258421629,0.20045839376796087,0.35453216374264945
2,147.68819923386718,196.9914878488595,246.43796114820168,269.8802990984251,-463.02882798599103,0.21070521470949238,0.27229532163741377
3,56.842374255595175,172.87150812671226,234.8091932022775,248.5213264030751,-482.6444102931118,0.690488045191056,0.3333333333333333
4,39.69031898806816,196.9943811322945,252.3940509834933,269.3144031593457,-471.0415704577178,0.7892949783460725,0.27229532163742154
5,34.926584104286206,169.29317488004062,229.82989143693575,269.52907225561484,-487.829311405708,0.7995417570313209,0.3545321637426743
6,120.89917375087606,253.88668217805582,294.40542304394563,252.62758263841553,-426.1549544489846,0.33635443540854715,0.09502923976608126
7,121.41613807595648,253.97527323764257,294.42633991884225,253.15109131268312,-426.17637427964706,0.3332502377571583,0.09502923976608126
8,113.59738436698821,263.6321577192663,302.8748866907651,246.99041318334127,-419.46131739120835,0.37764671187718496,0.06335282651072084
9,120.7222127318444,253.85647983408768,294.3982638971734,252.44840214180866,-426.14762316986463,0.33741690442382494,0.09502923976608126
10,120.57429504610084,253.83123840156836,294.392279759899,252.2986296171155,-426.14149515681123,0.3383049959248461,0.09502923976608126
11,120.42637759514375,253.80599872158476,294.3862956363778,252.14885710001104,-426.13536716214645,0.3391930874258673,0.09502923976608126
12,120.24665822987254,253.77533577919925,294.3790249430164,251.96688350095766,-426.1279216709798,0.340272118599608,0.09502923976608126
13,120.06693946683407,253.74467614799298,294.37175426589346,251.78490991087475,-426.1204762015242,0.34135114977334857,0.09502923976608126
14,119.8672527466017,253.71061437584729,294.363675752086,251.58271704203423,-426.11220347951706,0.3425500732997271,0.09502923976608126
15,119.66756723853112,253.6765560254658,294.35559725250647,251.3805241810724,-426.1039307765327,0.3437489968261056,0.09502923976608126
16,119.4878512137883,253.64590859242395,294.34832661251806,251.1985506115527,-426.0964853567263,0.34482802799984624,0.09502923976608126
17,119.30815870503938,253.61513473866486,294.3410559793404,251.01657704582598,-426.0890399460256,0.3459070591735869,0.09502923976608126
18,119.12851702878164,253.5840970590518,294.3337853507405,250.834603482666,-426.08159454144504,0.3469860903473275,0.09502923976608126
19,118.9505961221993,253.55380774982456,294.3265873867793,250.65444855608987,-426.0742235489865,0.3480543377341025,0.09502923976608126
20,118.75290593249727,253.5201591888487,294.31858964910487,250.45427641554343,-426.0660335574457,0.3492412792749636,0.09502923976608126
21,118.55521650365444,253.48651139318378,294.31059190862106,250.25410427351792,-426.0578435621477,0.35042822081582464,0.09502923976608126
22,118.35752800994837,253.45286414696062,294.3025941623558,250.05393212838118,-426.0496535591188,0.3516151623566857,0.09502923976608126
23,118.15984036606665,253.41921881161318,294.29459640733705,249.85375997850105,-426.04146354438507,0.3528021038975468,0.09502923976608126
24,117.98192601113237,253.3889184596261,294.2873984178796,249.67360503820436,-426.03409251783285,0.35387035128432176,0.09502923976608126
25,117.79690543230811,253.35479716057398,294.2798946776209,249.48579791621552,-426.0264083864412,0.35498397303516827,0.09502923976608126
26,112.16064204351495,263.38459399056944,302.81673214528297,245.53510009966698,-419.40176216568443,0.3864713810923315,0.06335282651072084
27,111.92631912383969,263.34469811728053,302.8072505922837,245.2978364429333,-419.39205209805937,0.3879100893239857,0.06335282651072084
28,111.6931665273881,263.3050004829245,302.7978162734434,245.06175830413284,-419.382390357665,0.38934160836432935,0.06335282651072084
29,112.90265848081975,263.510922141718,302.8467561597316,246.28643449528883,-419.43250950555483,0.38191547169209317,0.06335282651072084
30,112.64230305811931,263.4665981887325,302.8362215680442,246.0228084776016,-419.42172116606395,0.38351403639393117,0.06335282651072084
31,111.44829617729637,263.26330939453186,302.78790767644836,244.8138160888654,-419.37224285582056,0.3908450676494201,0.06335282651072084
32,111.19049063685897,263.21970100209666,302.7774773892137,244.55282417731692,-419.36156102744997,0.3924276563705682,0.06335282651072084
33,113.38430915529517,263.5929308573747,302.86624475617253,246.77414239992518,-419.4524674013396,0.37895812699369286,0.06335282651072084
34,112.39496413329412,263.4244887063138,302.8262135575294,245.77236367579508,-419.41147204515613,0.38503267286067727,0.06335282651072084
35,113.14999489440243,263.5530267657182,302.8567638799177,246.53687913080134,-419.44275823836176,0.38039683522534706,0.06335282651072084
36,134.4816335726127,198.3979718573837,248.83650529391605,257.09661922009286,-460.34307465265846,0.27985271815799645,0.26169590643274787
37,142.94526533038817,224.69502179874445,269.002150747737,269.665627146786,-446.24112746835,0.2220560310698719,0.19005847953216248
38,129.25120343268483,197.50378112977504,248.6248126578633,251.79889161566248,-460.1262850304673,0.307990168595173,0.26169590643274787
39,124.02092637089743,196.60647705542394,248.41312889060296,246.5011682557725,-459.9095072744332,0.33612761903234945,0.26169590643274787
40,123.52569612142096,196.52138367046769,248.39308562839017,245.99953855266742,-459.8889818819821,0.33879189353541295,0.26169590643274787
41,69.53361766517106,253.3634795795422,300.2377879682044,248.96763419000524,-434.04096449220356,0.6452994507657794,0.09502923976608332
42,76.25426402535297,263.207892162666,308.7307971014786,243.92103566540135,-427.37142280166455,0.6071732598157054,0.06335282651072223
43,76.03383203165104,263.2452858182758,308.73971398858936,244.14417294105576,-427.3805545476575,0.6085263102429838,0.06335282651072223
44,75.81342683690521,263.28283669844313,308.7486309005552,244.3673102273843,-427.38968632692144,0.6098793606702624,0.06335282651072223
45,75.59302431324289,263.3204023732012,308.7575478359185,244.59044752374356,-427.39881813750526,0.6112324110975409,0.06335282651072223
46,75.37262137313495,263.3579629232649,308.7664647932216,244.81358482949008,-427.4079499774581,0.6125854615248194,0.06335282651072222
47,75.15221945959577,263.39552537612747,308.77538177100683,245.03672214398048,-427.41708184482883,0.6139385119520979,0.0633528265107222
48,74.93181839147184,263.43308699072884,308.7842987678165,245.25985946657127,-427.42621373766656,0.6152915623793763,0.0633528265107222
49,74.71141845136107,263.4706477366838,308.793215782193,245.48299679661906,-427.43534565402024,0.616644612806655,0.0633528265107222
50,74.49102007376273,263.50820848752477,308.80213281267856,245.7061341334804,-427.44447759193883,0.6179976632339335,0.0633528265107222
51,74.27062253676677,263.5457632837493,308.81104985781565,245.92927147651181,-427.4536095494715,0.619350713661212,0.0633528265107222
52,74.05023529744027,263.58336630646136,308.81996691614654,246.15240882506995,-427.462741524667,0.6207037640884905,0.0633528265107222
53,73.83055425455775,263.6248810864429,308.82888398621355,246.37554617851134,-427.47187351557454,0.6220568145157691,0.0633528265107222
54,69.36524017734801,253.39580555131056,300.2446270034589,249.13877408386313,-434.0479683312939,0.6463142385862383,0.09502923976608332
55,69.19622758974695,253.42463571672116,300.2514660314304,249.3099139738462,-434.05497216064487,0.6473290264066971,0.09502923976608332
56,69.02720605752356,253.45342211340272,300.2583050516098,249.48105385970794,-434.06197597957515,0.648343814227156,0.09502923976608332
57,68.85818395914579,253.48221411615606,300.26514406348775,249.6521937412018,-434.0689797874035,0.6493586020476149,0.09502923976608332
58,68.68915955229723,253.5110017887023,300.2719830665552,249.8233336180813,-434.0759835834487,0.6503733898680738,0.09502923976608332
59,68.52013679911173,253.5398087754323,300.2788220603028,249.9944734900999,-434.0829873670294,0.6513881776885327,0.09502923976608332
60,68.35117414202071,253.568976074744,300.2856610442214,250.16561335701107,-434.0899911374644,0.6524029655089916,0.09502923976608332
61,68.18218182979751,253.5980063043682,300.2925000178018,250.3367532185683,-434.09699489407234,0.6534177533294505,0.09502923976608332
62,68.0131529733382,253.62683177367842,300.2993389805348,250.50789307452507,-434.1039986361721,0.6544325411499093,0.09502923976608331
63,67.84412764510104,253.65568699083218,300.3061779319111,250.67903292463484,-434.11100236308226,0.6554473289703682,0.09502923976608331
64,67.67509895465224,253.68453032914624,300.3130168714216,250.8501727686511,-434.1180060741216,0.6564621167908271,0.09502923976608331
65,67.50606959765084,253.7133769955326,300.3198557985571,251.02131260632734,-434.1250097686089,0.657476904611286,0.09502923976608331
66,67.33704219215565,253.74224157232027,300.32669471280826,251.19245243741702,-434.13201344586287,0.6584916924317449,0.09502923976608331
67,67.16800777940604,253.77106986939572,300.333533613666,251.36359226167363,-434.1390171052022,0.6595064802522037,0.09502923976608331
68,66.99898456429692,253.79996886794063,300.3403725006211,251.53473207885065,-434.14602074594563,0.6605212680726626,0.09502923976608331
69,66.82994797924788,253.82879103539798,300.34721137316427,251.70587188870155,-434.15302436741194,0.6615360558931216,0.09502923976608331
70,66.66103967267001,253.85835776785618,300.3540502307877,251.87701169098054,-434.1600279689217,0.6625508437135805,0.09502923976608331
71,113.71726190383855,186.55400259721517,241.38827134934638,234.7292184662776,-464.2998875941081,0.393108711866291,0.28557504873294304
72,114.14330580747917,170.05246491615642,228.1895211009819,232.48169785752486,-473.9520955534617,0.393924306120474,0.3333333333333333
73,122.04006095653375,196.26585655963802,248.33295635087316,244.49464969552176,-459.82740638570823,0.3467847170446029,0.26169590643274787
74,120.71618875474894,196.03901780303573,248.27938094033178,243.15378560816038,-459.7725424208622,0.3539063662897694,0.26169590643274787
75,136.92702408966008,141.7588737228468,203.42126976247445,250.34788334631438,-493.6247041693006,0.2883069550542756,0.4261695906432297
76,142.69382143310546,142.7552234280439,203.65475714496102,256.1908104967196,-493.86381618992834,0.2601695046170991,0.4261695906432297
77,131.1594969194937,140.76710753777857,203.1877875389486,244.50495820785287,-493.3855990570404,0.31644440549145203,0.4261695906432297
78,65.33786239754889,196.26553323668784,254.28903052098562,243.92871935326627,-467.84012824198476,0.6532154006824642,0.26169590643275
79,73.6611188952336,186.55504695899856,247.34436505533785,234.1632652813847,-472.3126360004129,0.6068913666184207,0.2855750487329444
80,66.6619146540038,196.0395998129369,254.23545043784353,242.58785125154057,-467.7852580480873,0.6460937514372977,0.26169590643275
81,64.34770114353327,196.4371277981224,254.32912021805694,244.93198136457767,-467.881183257888,0.6585439496885908,0.26169590643275
82,62.306447314488395,171.93159324188144,234.5880105974374,242.98613152957523,-482.41790189539864,0.662350594753879,0.3333333333333333
83,75.92136877411836,224.7201160455658,277.9991068664741,238.07952734371327,-449.8026260756271,0.6016140666739642,0.17446393762183332
84,63.35747591302943,196.6082439148716,254.36920999579223,245.93524319330297,-467.9222383845455,0.6638724986947167,0.26169590643275
85,44.43206953992879,224.6978981597132,274.958211230856,269.09973399649203,-454.253830452522,0.7779442043842614,0.19005847953216662
86,52.897262744408664,198.4016431936272,254.79259935276647,256.53070453539897,-468.3558230409211,0.7201473995690701,0.26169590643275
87,141.04456464175712,84.63784729701166,157.46494548752028,245.1221534357591,-527.4160863069474,0.2883069550542756,0.5928362573098964
88,147.35639958966055,85.73153075224468,157.7205151284713,251.51754780539372,-527.6778142331843,0.2601695046170991,0.5928362573098964
89,162.01651804311794,113.88258359716855,178.7453869702226,270.5243154644539,-513.3919223020131,0.18268960398807715,0.5190058479531261
90,134.73180195591058,83.54822754709136,157.2093802436028,238.7267603149851,-527.1543642747388,0.31644440549145203,0.5928362573098964
91,131.38532834285405,57.34312873479894,136.64178669758812,231.1629762208038,-541.9085530128978,0.337649405246121,0.6666666666666666
92,169.03445192942218,32.40699499741021,113.0809961309195,264.17992096015485,-561.7538583434807,0.19013940214544447,0.7573099415204481
93,174.7723969695619,18.5855580666568,101.49879673437091,267.5723391910061,-570.6028248614334,0.1736742750570861,0.8000000000000006
94,178.413580328807,19.216079252490204,101.64607869781202,271.25782372728617,-570.7536571917009,0.15886306387502633,0.8000000000000006
95,171.59976596492388,58.47311827210862,133.6170138497176,270.95365879020517,-546.9673315148244,0.16781440191161498,0.6834795321636553
96,44.6816892170599,142.7555655739117,209.61094027331794,255.62488610466198,-501.8766844195525,0.7398305335815036,0.4261695906432589
97,56.215494571479596,140.76749536885828,209.14398610705567,243.9390292867171,-501.39848809695525,0.6835556327071501,0.4261695906432589
98,41.79898738988271,143.25666368420664,209.72767760241473,258.54635076143205,-501.9962318647541,0.753899258800092,0.4261695906432589
99,25.36092065499352,113.88328215280063,184.7015708980848,269.958410585514,-521.4047913567382,0.8173104724091284,0.5190058479531844
100,155.3350264255331,30.029638610120514,112.5262692787202,250.29873671497336,-561.1857602323809,0.246414303019798,0.7573099415204481
101,157.60221606917,61.88120817411908,137.70318445095214,257.7234843669863,-542.9955264197133,0.225099603497414,0.6666666666666666
102,148.48543613005128,28.84211682499523,112.24890737147123,243.35814439884177,-560.9017132207739,0.2745517534569745,0.7573099415204481
103,52.64103653464667,83.55220437479312,163.16570135372785,238.16083718512337,-535.167417947799,0.6835556327071501,0.5928362573099255
104,49.42617903895126,58.482323387411355,142.86349811246131,237.23717229516635,-550.1934050658291,0.690488045191056,0.6666666666666666
105,55.98063606948686,57.34884610693965,142.59817122121382,230.5970437365018,-549.9216920388566,0.662350594753879,0.6666666666666666
106,40.0172172126847,85.73797249165395,163.67680138285934,250.95162821463222,-535.690821011827,0.7398305335815036,0.5928362573099255
107,29.764016030553506,61.88943602189826,143.6594747538962,257.15756133223414,-551.0085386839926,0.774900396502586,0.6666666666666666
108,36.86113525480195,86.28132595964493,163.80457446842613,254.14932671265163,-535.8216691854084,0.753899258800092,0.5928362573099255
109,15.766810385169634,58.48035499894016,139.57324363536554,270.38774955425635,-554.9802622621436,0.8321856214473881,0.6834795321637144
110,32.027269355766066,30.03677118553503,118.48262756241036,249.73281267195463,-569.1988638816364,0.7535856941237284,0.7573099415204638
111,45.72641343639404,27.66405444471252,117.92796595854358,235.85162432297454,-568.6308535224842,0.6973107932493751,0.7573099415204638
112,28.602327624683056,30.62996922755758,118.62129074207583,253.2031104498352,-569.3408634769697,0.7676544193423169,0.7573099415204638
113,143.22658452246876,279.6762878845316,312.8386918302587,278.75196240061706,-414.29797620798143,0.18882335593859262,0.03167641325536049
114,171.46027352013587,295.4799374562581,322.746180083632,309.104238241947,-409.076961049164,2.715322705761355e-16,1.3893519626774693e-16
115,102.37276772615608,283.6958562169782,319.95012771399223,239.12629573413957,-406.2136532203457,0.4444444444444447,3.411927806132382e-17
116,158.42710450004662,260.29207951170923,295.9238386186385,290.6279092826114,-427.7099150351484,0.11102801553493609,0.0950292397660813
117,165.25055540858176,277.9384607324318,309.34742135211286,300.17681505379466,-418.4061473053391,0.05551400776746818,0.047514619883040725
118,150.99252416809253,242.54428392776,282.4754190714404,280.45751491092756,-436.98824709540077,0.166542023302404,0.1425438596491219
119,182.37640595554055,231.4047404136905,270.597872270085,309.60036503326097,-447.87525805290403,2.8038670639523944e-15,0.19005847953216326
120,170.09478357466017,245.7956953863718,283.24843197836987,299.8033905320151,-437.7798619390732,0.055514007767469446,0.14254385964912228
121,104.90341885584006,273.13831878804444,311.28798120588016,239.9432719168721,-412.7099450663289,0.42959857049993067,0.031676413255360435
122,110.43003344829874,263.0903277097131,302.74670694370275,243.78289740879623,-419.3300481657711,0.397096293097955,0.06335282651072084
123,110.67493924493915,263.131972244556,302.75661622822935,244.03084001831337,-419.3401965866767,0.3955928338128644,0.06335282651072084
124,110.93272430761594,263.1758104918636,302.76704690517766,244.2918321530904,-419.35087893600206,0.3940102450917163,0.06335282651072084
125,103.06997802261459,276.48908522482384,314.1352825596292,238.66705387592899,-410.5034794366894,0.4407470855098145,0.021117608836906967
126,110.19306115815708,263.05014994574407,302.7371197348698,243.54301575610475,-419.3202295646451,0.398550872523036,0.06335282651072084
127,104.7128845987117,273.10443816162126,311.2802642911861,239.75002946310815,-412.70204391323773,0.4307974940263091,0.031676413255360435
128,104.52205197362474,273.0721909396989,311.2725479119534,239.55678732309994,-412.6941434758414,0.4319964175526877,0.031676413255360435
129,104.35029314093717,273.04316307973164,311.2656036459751,239.38286967565415,-412.6870337175092,0.43307544872642834,0.031676413255360435
130,104.1785266871544,273.01413451056374,311.2586598463283,239.20895230153062,-412.6799245824725,0.434154479900169,0.031676413255360435
131,104.00675494082223,272.98510551553983,311.251716528459,239.03503520981457,-412.6728160913755,0.4352335110739096,0.031676413255360435
132,103.83669671133032,272.95636617490186,311.2448430915265,238.86285652446773,-412.66577929679227,0.43630175846068453,0.031676413255360435
133,103.64774165760205,272.92443262647754,311.23720652917325,238.67154721987967,-412.65796142445697,0.4374887000015456,0.031676413255360435
134,103.45878714899634,272.8924967422146,311.2295706075291,238.48023829097838,-412.650144408487,0.4386756415424067,0.031676413255360435
135,103.26993886929311,272.85994678239354,311.2219353471531,238.2889297498566,-412.6423282763604,0.43986258308326776,0.031676413255360435
136,103.08109621559474,272.8275560072228,311.2143007686038,238.0976216086071,-412.6345130555554,0.4410495246241289,0.031676413255360435
137,102.81781355094265,276.44467565523576,314.1250806613799,238.41139047920166,-410.49303644561,0.4423456502116525,0.021117608836906967
138,102.91122352754164,272.7980179890935,311.20743024786316,237.925444633368,-412.62748015872154,0.44211777201090385,0.031676413255360435
139,102.73402126841265,272.7679444485852,311.20026852005185,237.7459547162112,-412.62014936712313,0.44323139376175036,0.031676413255360435
140,102.57804628558733,276.4037817030068,314.115390072283,238.16851097625747,-410.4831172268719,0.44386428667839867,0.021117608836906967
141,102.55967010908816,272.7382600481305,311.193220941687,237.5693100873597,-412.6129356187216,0.44432736460784594,0.031676413255360435
142,102.35090126446529,276.36511219995407,314.10621064516107,237.93841527940964,-410.4737215837772,0.4453029949100529,0.021117608836906967
143,102.38030334181612,272.70777871965294,311.1859710223111,237.387577326474,-412.605514969932,0.44545490663057796,0.031676413255360435
144,102.21887648745223,272.6803817597567,311.1794466951813,237.22401819386945,-412.59883718838495,0.4464696944510368,0.031676413255360435
145,102.12379580355635,276.3263141693094,314.0970323556473,237.70832026093885,-410.4643274610528,0.4467417031417071,0.021117608836906967
146,131.87426360372376,239.27736843418083,281.7018006857604,261.09714573711767,-436.19600376918396,0.2776531344135151,0.14254385964912186
147,108.05380352734211,247.07842929755952,290.20002719217956,238.88446557959347,-428.3103367410569,0.4141975555606992,0.10834957764782294
148,85.06005071741392,272.69761565980093,317.13935428187244,236.7600395853338,-420.6154078012483,0.5541635141655676,0.03167641325536112
149,85.1615741213028,276.3425534303733,320.05669034333164,237.23815244211377,-418.4806417344999,0.5538577460989295,0.021117608836907418
150,84.94796784829256,276.37888451500044,320.0653356105423,237.45455635156048,-418.489494501372,0.5552107965262079,0.021117608836907418
151,85.22151751224573,272.6702939998231,317.1328198464831,236.59647433944943,-420.6087165114879,0.5531487263451088,0.03167641325536112
152,84.89857923868463,272.724913358812,317.14588877253146,236.92360485429697,-420.62209916500075,0.5551783019860266,0.03167641325536112
153,84.73711392834947,272.752268590829,317.1524233177364,237.08717014603585,-420.62879060177653,0.5561930898064855,0.03167641325536112
154,84.73433594957491,276.4151203146702,320.0739809797178,237.67096030316694,-418.4983474047548,0.5565638469534865,0.021117608836907418
155,84.57565409366937,272.7796970767997,317.1589579167637,237.25073546024737,-420.6354821106069,0.5572078776269443,0.03167641325536112
156,84.52071655429485,276.4514768950529,320.0826264490555,237.887364296186,-418.50720044223465,0.557916897380765,0.021117608836907418
157,84.4142552698065,272.80754748441007,317.1654925688897,237.4143007966285,-420.6421736905231,0.5582226654474032,0.03167641325536112
158,84.30725012325593,276.4887334392603,320.09127201675255,238.1037683298706,-418.51605361139815,0.5592699478080435,0.021117608836907418
159,84.25277075520519,272.8350215210231,317.1720272733908,237.57786615487618,-420.6488653405564,0.5592374532678621,0.03167641325536112
160,84.09124857630141,272.86244014285415,317.17856202954346,237.74143153468737,-420.65555705973816,0.5602522410883211,0.03167641325536112
161,83.92976618101659,272.89027710438324,317.1850968366239,237.9049969357589,-420.6622488470995,0.5612670289087799,0.03167641325536112
162,83.76819533792265,272.91759418633757,317.19163169390856,238.06856235778784,-420.66894070167166,0.5622818167292387,0.03167641325536112
163,83.60662539452424,272.9449098831824,317.19816660067386,238.23212780047106,-420.675632622486,0.5632966045496977,0.03167641325536112
164,83.44505773070624,272.9722261029397,317.2047015561961,238.3956932635055,-420.6823246085737,0.5643113923701566,0.03167641325536112
165,83.28349362468053,272.9995430134917,317.2112365597517,238.55925874658814,-420.6890166589661,0.5653261801906154,0.03167641325536112
166,83.12193449182882,273.02686057226674,317.217771610617,238.72282424941585,-420.69570877269445,0.5663409680110743,0.03167641325536112
167,82.96038186839677,273.0541785182668,317.22430670806835,238.88638977168566,-420.7024009487899,0.5673557558315332,0.03167641325536112
168,82.79883740445496,273.0814963684541,317.23084185138225,239.04995531309444,-420.70909318628384,0.5683705436519921,0.03167641325536112
169,82.63730226955185,273.10880987882115,317.23737703983494,239.21352087333912,-420.71578548420746,0.569385331472451,0.03167641325536112
170,82.47611444520153,273.1380366118689,317.24391227270286,239.37708645211669,-420.722477841592,0.5704001192929098,0.03167641325536112
171,76.69509365535099,263.1328183329337,308.71296340765304,243.4747611486887,-427.35315941729544,0.6044671589611483,0.06335282651072223
172,76.91552872691433,263.09535218929534,308.70404660385356,243.25162390891737,-427.3440277828213,0.6031141085338698,0.06335282651072223
173,76.47467589362996,263.1703538784372,308.7218802406806,243.69789840106455,-427.3622910908935,0.6058202093884268,0.06335282651072223
174,77.13584720014632,263.05717361477696,308.69512983073986,243.02848668239386,-427.3348961894221,0.6017610581065913,0.06335282651072223
175,106.93217543618663,239.07856664492573,283.9290056912184,236.4929902539627,-432.8028587791865,0.42202089707953083,0.13084795321637396
176,103.12068994797094,243.9227329821781,288.1574390115875,233.51417724405295,-429.44962340340294,0.4438043468234647,0.11500974658869377
177,108.40274369619418,234.2851112313199,279.9655101139411,237.17250545751378,-435.7970038921581,0.4142055588952432,0.14538661468485994
178,111.42232110397607,224.71349864778807,272.04175281966513,238.61186277235527,-441.78861354241076,0.3985748825266679,0.1744639376218319
179,120.10419635035629,211.06806301881915,260.3239957414366,244.97265795164796,-450.9479426077237,0.35328252556092044,0.21807992202728987
180,103.44775818368588,224.70269426635537,272.797913614269,230.75242417704456,-440.6716860974484,0.4438163518252807,0.17056530214424928
181,86.71042499706812,237.53091920795475,289.1549687294096,229.52070471885372,-440.70729621373107,0.5411950382139761,0.13222871994801852
182,84.27850343565811,243.91881653287106,294.11254575084695,232.9288656134872,-437.4612927829285,0.5560828462320152,0.11500974658869445
183,84.19307321350563,243.934808892637,294.11601237293144,233.01562959665932,-437.4648427464475,0.5565902401422447,0.11500974658869445
184,79.26204360581656,247.0868957897124,296.15844424145763,238.37935975418722,-436.32542984861584,0.5861599770167563,0.10834957764782406
185,106.71631703069909,211.95864656717913,262.3218600469502,231.92531243940985,-448.5414092144922,0.4269138051722841,0.20890188434048051
186,80.38385538521841,239.09016787493834,289.88762605250423,235.99277119856848,-440.8181626671216,0.5783594364718387,0.130847953216375
187,58.58166263635583,271.7172749306863,313.8282965336489,262.6933297381499,-424.9081496873869,0.7180647926175153,0.047514619883041634
188,86.31087429411912,283.47332436086594,325.8427634370512,237.2394697942683,-414.15799898347893,0.5471574830428995,9.89586479326897e-18
189,51.11959352459667,289.47514833617026,327.2777138062401,272.88816133500575,-415.63084617044376,0.7735787415214499,-4.350237745171805e-17
190,104.28100607257717,205.56556862367376,257.45854337884487,228.4958435538846,-451.91437928470316,0.4410832664950922,0.22612085769980483
191,78.92050884071591,234.2959999759758,285.92372420778975,236.66180287940435,-443.8118957773994,0.5861109798725472,0.1453866146848611
192,40.355431190883166,274.8273758553478,314.56591129171164,281.1521262185928,-425.6635296974713,0.8312754218567903,0.047514619883041634
193,15.922010697217729,295.479937456258,328.702291174593,308.538340283339,-417.08973211619,1.0,1.0402846965739822e-18
194,80.61990177970169,211.9652995183695,268.2795157176471,231.39977582580926,-456.5557402178994,0.5733082851567609,0.2089018843404815
195,83.14585649938583,205.55848731443746,263.41254978849537,227.88036833769868,-459.9249554367561,0.55864800048793,0.22612085769980553
196,86.09070104274157,211.93151826467806,268.7215739345451,226.00983303746352,-455.7296448151182,0.5429051410512526,0.2063027940220926
197,83.05346746822129,205.57325055606097,263.41628206197197,227.9737740497656,-459.92877752899557,0.5591553943981593,0.22612085769980553
198,106.50772056159963,177.02922528615264,234.4883501830832,226.08409042255622,-468.81820962473137,0.4323110574428125,0.3094541910331382
199,55.8659263605405,239.21646756514238,287.6432255111513,260.16541081119516,-444.1937132891355,0.720247524048921,0.14254385964912497
200,105.08144013995242,174.0212760231496,232.2279469680857,224.19162207201552,-470.36485343877985,0.440049956962193,0.3174139051332032
201,105.82619014736373,176.9123490639612,234.4607767593435,225.39363062902075,-468.78997766943075,0.43587188206539573,0.3094541910331382
202,105.14481460616142,176.79492204043768,234.4332083875088,224.7031729880602,-468.7617524768071,0.43943270668797896,0.3094541910331382
203,104.46355123498611,176.6770411284391,234.40564557998056,224.0127177175208,-468.73353473278706,0.44299353131056224,0.3094541910331382
204,103.21567136611714,168.1754679094504,227.74729573114038,221.41137748544273,-473.4992658279015,0.45019920699482696,0.3333333333333333
205,103.60049286573478,173.76564691915712,232.1680465661731,222.69087705114737,-470.30353258273647,0.44775238905004183,0.3174139051332032
206,103.7821939270755,176.55919072112715,234.37808884916012,223.3222650352487,-468.7053251232973,0.44655435593314546,0.3094541910331382
207,102.68770149008743,173.60841332271337,232.13641604728912,221.7655028681055,-470.2728514651932,0.4525001552134862,0.3174139051332032
208,102.18222325421273,167.99799400947018,227.73331946461002,220.3630612839818,-473.4938856717628,0.455527756000954,0.3333333333333333
209,101.77751480582384,173.45264570605735,232.14429758383955,220.84217298914223,-470.295251868081,0.4572479213769305,0.3174139051332032
210,149.1820615305298,127.7650241235124,191.0717861712948,260.14732107075946,-503.4964922201133,0.23549827952117638,0.4725877192981779
211,146.22245409232414,127.25689088911548,190.95196649662714,257.14892381136485,-503.3737855955199,0.2495670047397646,0.4725877192981779
212,22.130011709141655,277.93813562545876,315.3035228793133,299.6109213430137,-426.41890546351743,0.9444860510960652,0.047514619883041655
213,28.949960344347375,260.29115288111177,301.8799184564414,290.0620139005498,-435.72264406225,0.8889721021921306,0.09502923976608331
214,105.42041895944894,155.69867880457878,217.58736782362215,221.5687884458431,-481.06228308161275,0.44012822743269303,0.3703703703703703
215,114.64287515704308,146.54746520195678,209.3971207550917,229.17282185484638,-487.6872279019116,0.3955432935982348,0.40131578947366914
216,106.55587397934102,149.46749554204158,212.50873996485663,221.68045897669668,-484.84516600198924,0.43509273765162615,0.38888888888888884
217,83.77965122394748,173.76523582248677,238.1240686159374,222.12485755962126,-478.31618552468274,0.5522476371115294,0.31741390513320367
218,84.69249688502732,173.60834948865624,238.08173128496657,221.20051928157352,-478.27110026789103,0.547499870948085,0.31741390513320367
219,83.59854712372952,176.5593833024174,240.3341137232396,222.75625250039687,-476.71798177241334,0.5534456833092103,0.30945419103313887
220,36.38390556192695,242.54377125952044,288.4314801020957,279.89161793133877,-445.0009508644781,0.833458153288196,0.14254385964912497
221,5.0,231.4051476437079,276.55398336104497,309.034467074653,-455.88802911992997,1.0,0.19005847953216504
222,80.87227570439276,177.02891800590305,240.44447399721187,225.5181204969578,-476.8309987130772,0.5676889817995439,0.30945419103313887
223,82.64010986933786,173.9621352170007,238.1702088784042,223.27955240720794,-478.3634366078903,0.558173886197336,0.31741390513320367
224,82.9170238690387,176.677052698867,240.36170390972595,223.4467192418524,-476.7462361694677,0.5570065079317938,0.30945419103313887
225,82.23549144986966,176.79450979805455,240.38929401334937,224.13718616132843,-476.7744904528706,0.5605673325543774,0.30945419103313887
226,84.16241694388428,168.17505156416254,233.70331014225485,220.8453433497539,-481.51190869009304,0.549800793005172,0.3333333333333333
227,81.55390900802517,176.91182135024846,240.41688404041102,224.82765324947886,-476.8027446312109,0.5641281571769605,0.30945419103313887
228,114.89024023598188,134.79310300189968,200.00053091206524,227.50865907364218,-494.55439467944365,0.3963527873371152,0.43530701754383705
229,114.97672961250771,125.16685957454726,192.3169525888407,226.03249219952738,-500.1615160024418,0.3975397288779763,0.46308479532161484
230,109.43039940051467,126.36683306469064,193.81187768058243,220.76334793022392,-498.6781255713451,0.42378020897957697,0.4568713450292248
231,17.281555268382505,245.79586571700935,289.20453572919376,299.2374976152391,-445.7926230758437,0.9444860510960652,0.14254385964912417
232,121.28829057387483,111.2450369482763,180.6034336021215,229.98845285989506,-509.14787644839913,0.3705079544158016,0.506335282651042
233,70.55271495549012,154.4056116410081,221.40903959419995,232.0264687226052,-491.44023980280093,0.616678212856161,0.3797514619882962
234,159.23269047546762,72.05762403787739,145.65890966467904,260.98905137489567,-537.3124798690814,0.21399195326435705,0.6381578947367759
235,115.97895421805012,96.41515085851904,169.29592295416126,222.34725468772794,-517.0133021884408,0.3975397288779763,0.5464181286549482
236,72.48756899304206,134.79531678683196,205.95678520152367,226.9426997350183,-502.56735900268393,0.6036472317621865,0.43530701754385165
237,76.52809370898376,145.89586636454445,215.19988817132787,224.7664948512377,-495.5430004952531,0.5856984188431816,0.4013157894736789
238,116.05064885366072,86.78596973417976,161.6115684019306,220.85166700785499,-522.6196285320331,0.3987266704188373,0.574195906432726
239,109.91439672064297,94.30955466943198,168.2074632019329,216.03078487469685,-517.3762245360647,0.42536279770072505,0.5494639376218173
240,72.39885354181969,125.16860267901325,198.2732410842369,225.4665338133874,-508.1745262892773,0.6024602902213252,0.46308479532162944
241,77.94510955709015,126.36717219009361,199.7682011648151,220.1973859241445,-506.6911829325268,0.5762198037532911,0.4568713450292343
242,116.7799866515952,76.21292708769681,153.1109419176787,219.85039322192816,-528.8676297149719,0.3971258823193828,0.6050194931773728
243,118.27792187407576,55.0744761601573,136.11108423354582,217.88272279601028,-541.3650614794739,0.393924306120474,0.6666666666666666
244,66.08624101062593,111.24739799493588,186.55971799276082,229.42250408371515,-517.1608810951989,0.6294920710499335,0.5063352826510615
245,106.88733438678285,65.95885030151112,145.8997281146869,208.43626087104897,-533.4217881891907,0.44171081615384117,0.6296296296296297
246,107.717497832904,72.53092476379587,151.05826001289,210.32536675287722,-529.7207186963998,0.4374666207333483,0.611111111111111
247,101.37745756968195,71.43326265214472,150.9358671949306,203.89336817291584,-529.6384601496507,0.46560407117052477,0.611111111111111
248,105.17218096065298,52.804660532641634,135.58045923513143,204.60249614412595,-540.8216737242818,0.45019920699482696,0.6666666666666666
249,102.20766241906391,65.14797038987427,145.78913890809335,203.68929297889125,-533.3338476788858,0.46224529944733456,0.6296296296296297
250,168.0948071549252,17.424921383732794,101.22836824300467,260.8053289358522,-570.3258773159369,0.20017793804954198,0.8000000000000006
251,129.7161357105827,41.321642341342596,124.03158920815375,226.90657562711584,-550.9814062380354,0.3483067550073125,0.7119883040935573
252,141.6359905712273,27.659014814325303,111.97154846957058,236.4175524139211,-560.617670244383,0.302689203894151,0.7573099415204481
253,164.79884721726623,16.854457943608793,101.09491094114799,257.46577939263625,-570.1892029547563,0.2134297695457698,0.8000000000000006
254,164.00339670414616,16.716417895316056,101.06270099489163,256.6597751461509,-570.1562166128218,0.2166973444352116,0.8000000000000006
255,41.15001430909848,127.25951994124543,196.90817195384045,256.58300549632145,-511.3866837593814,0.7504330525581393,0.47258771929822163
256,160.30929686545753,16.078581389118426,100.91313886257595,252.91722342673154,-570.0030492731114,0.23158296337616033,0.8000000000000006
257,159.91158712333674,16.009885143338295,100.89703415214318,252.51422131148263,-569.9865564551276,0.23321675082088122,0.8000000000000006
258,160.7070150116423,16.14753426696359,100.9292437475128,253.32022556121206,-570.019542325398,0.22994917593143943,0.8000000000000006
259,123.01323956252116,40.16294726959302,123.76023850406766,220.11621731431433,-550.7035177173238,0.376444205444489,0.7119883040935573
260,71.3230467720274,86.78830434035254,167.56798702566897,220.2857118944471,-530.6328136809032,0.6012733486804642,0.5741959064327404
261,77.45948634254742,94.3112593949941,174.16390551474328,215.46482346646647,-525.3894416056128,0.5746372150321429,0.549463937621827
262,71.39499016354709,96.41727837659104,175.25230659450446,221.7812988030861,-525.026440326427,0.6024602902213252,0.5464181286549628
263,74.82566272303704,75.48241745336858,158.89596723900476,214.99391269196292,-536.7053116430985,0.5841158301220335,0.6050194931773825
264,85.55879253628896,65.08061157730623,151.54752110887068,202.73767813762947,-541.0857860978051,0.5359785175506234,0.6296296296296297
265,85.99217323520166,71.43467748797721,156.62415564825906,203.35286830676657,-537.2909293709694,0.5343959288294752,0.611111111111111
266,82.19331518892554,52.80680272826362,141.53696081386363,204.03650806266376,-548.8349707934909,0.549800793005172,0.6666666666666666
267,115.04582860419612,24.74112097080274,112.24363815894047,209.75376470962522,-558.5321225974576,0.41169193823980493,0.7524366471734827
268,120.2761524890164,10.761418692738573,100.58696804980397,212.6212358272819,-567.3993953832472,0.3924383038622939,0.7953216374268908
269,101.82273392690985,23.293908565984395,112.47542754119341,196.4863916306573,-557.6172127658584,0.46619330541263193,0.75
270,102.54399355422252,33.061099425489545,120.16226390097867,198.79205404306774,-552.0038634925364,0.46263812227540596,0.7222222222222222
271,134.41808854352075,11.589508534324807,99.86480347899715,226.6838568631014,-568.9294495660909,0.33517523677742866,0.8000000000000006
272,121.11419741978153,9.282827631430052,99.32615805769292,213.20500154528344,-568.3778215915165,0.3893631610246936,0.8000000000000006
273,64.35024950786813,40.16500701031072,129.7167281008054,219.55026898888906,-558.7167981733144,0.6235557931272735,0.7119883040935653
274,27.45015582509356,16.014742275912226,106.85339024542861,251.94829945835693,-577.9996571322756,0.7667832449773004,0.8000000000000006
275,26.654721652671924,16.15251292537903,106.88559640307241,252.75430394313443,-578.032638378936,0.770050819866771,0.8000000000000006
276,26.455854068286982,16.186956682657637,106.89364781350459,252.95580510443023,-578.0408835167295,0.7708677135891387,0.8000000000000006
277,19.864565012424833,17.32846925987701,107.16052354410022,259.63490768613195,-578.3141799455217,0.79737137658158,0.8000000000000006
278,19.247329359193742,17.43549923259775,107.18550501555788,260.26011778786483,-578.3397624596573,0.7999316889589545,0.8000000000000006
279,8.947664851317256,19.22649278281756,107.60232444185543,270.6919129750648,-578.766609407856,0.8411369388881121,0.8000000000000006
280,173.58175134331407,254.63198214702982,289.9633316002803,304.65553115818517,-433.1311624221327,0.027757003883735493,0.118786549707602
281,137.83193501930208,259.52713200969396,297.2818426187599,270.2146076709464,-425.25886750029355,0.23323824517605385,0.08711013645224118
282,97.1102960926017,280.4506058196559,318.9043349084465,233.861672701744,-408.9085415261679,0.47835270312863115,0.007039202945635672
283,97.39516325752604,282.92458138823065,320.7290600120959,234.45434833465137,-407.32034817439865,0.47642652748005526,2.657675741237774e-17
284,97.02339658521842,282.88367953164334,320.88906203496174,234.19580394273927,-407.5387109942397,0.47880041056177736,2.6016910758795608e-17
285,96.88126829148722,280.4265467268394,319.0065254555297,233.70942223684443,-409.04784144541514,0.4798072825537121,0.007039202945635672
286,96.65128350152195,282.84625838899836,321.06018785814075,233.9580708556092,-407.77175905443727,0.48117429364349956,2.545706410521345e-17
287,96.64915838958814,280.403627540883,319.1142149667373,233.56346062979102,-409.1944520361315,0.4812803442850068,0.007039202945635672
288,97.52635184472543,279.27669563314913,317.75617659565745,233.96334298644516,-409.38061859369606,0.4757549663303358,0.010558804418453496
289,97.69442438358114,279.2970389153648,317.6900724010086,234.0902621720231,-409.2901458108759,0.47468671894356085,0.010558804418453496
290,97.35101235362629,279.25620222484395,317.82782826971527,233.8351235600909,-409.47856430111557,0.4768685880811823,0.010558804418453496
291,96.41543354826422,280.3820342380067,319.22662425646496,233.4252865739351,-409.34730684035713,0.48276268619755863,0.007039202945635672
292,96.27885039416023,282.8127452059196,321.2415095173334,233.74255167359533,-408.01822715421383,0.4835481767252217,2.4897217451631296e-17
293,97.17830757760044,279.23690980141777,317.90098155399915,233.7131619032303,-409.578448283949,0.4779645589272779,0.010558804418453496
294,96.19008638452992,280.36284829863,319.33855117637944,233.30075266508314,-409.49933887620557,0.4841909060930192,0.007039202945635671
295,95.94337905638928,282.78622794741835,321.41264948790484,233.56873654783337,-408.2504768894102,0.48568467149877165,2.4393355463407366e-17
296,97.0005048010223,279.2178506733144,317.9788742377438,233.5922180251238,-409.68468941989676,0.47909210095001,0.010558804418453496
297,95.97645948806489,280.34614830125105,319.447678542115,233.1908478378374,-409.6474209991914,0.4855439565202977,0.007039202945635669
298,96.84038809648276,279.20128729359783,318.051177381111,233.48742928192883,-409.78321114312484,0.4801068887704688,0.010558804418453494
299,100.85265137515675,274.2806535583054,312.61699306772414,236.1297287625786,-411.52011473643967,0.45492597394850864,0.0263970110461337
300,100.91114807032233,276.12131408875786,314.0737424281859,236.47895654801397,-410.4487440442885,0.4544244476305857,0.021117608836906967
301,100.67386254767226,276.08154756565176,314.08583515408134,236.23930113837773,-410.4680622803857,0.4559279069156765,0.021117608836906967
302,102.05744499258806,272.65301526382825,311.17292295008866,237.0604594027581,-412.59216018477997,0.4474844822714957,0.031676413255360435
303,101.89599649892912,272.62572563953324,311.1663997998812,236.89690096069722,-412.58548397628937,0.4484992700919546,0.031676413255360435
304,101.73453183868267,272.5984603144002,311.1598772574069,236.73334287524403,-412.5788085800853,0.4495140579124134,0.031676413255360435
305,101.89783419411798,276.2880050213913,314.08790109512125,237.47937571681953,-410.45498183790505,0.44817322218205075,0.021117608836906967
306,101.41084983655703,276.20522720952357,314.0698285072188,236.98568419765203,-410.43700369604124,0.45125927018828954,0.021117608836906967
307,101.1610101601138,276.1631457519234,314.0681542616475,236.73215988313132,-410.43799526356463,0.4528418589094376,0.021117608836906967
308,101.66060281293629,276.2475530562432,314.0783122387634,237.23892645363682,-410.4451682805865,0.4496766814671414,0.021117608836906967
309,100.73947983953674,274.26141565498165,312.62288572624857,236.01548262629507,-411.5294958889047,0.45564008389623895,0.0263970110461337
310,96.68016799763755,279.1854910934328,318.12548811822325,233.3866091739448,-409.8843804998385,0.48112167659092764,0.010558804418453494
311,95.76270698045624,280.3307135595632,319.55963114613775,233.08906075642668,-409.799196685445,0.48689700694757615,0.007039202945635669
312,95.59339109765655,282.7621152396022,321.598284995667,233.40890684020556,-408.50203105940295,0.48791191500046466,2.386809167483407e-17
313,100.63222721062064,274.243579179183,312.629842038796,235.90752093787566,-411.5402263241604,0.45631660910987815,0.0263970110461337
314,96.51986428161104,279.1703683847269,318.2017328170969,233.28987496954053,-409.9880970226557,0.4821364644113865,0.010558804418453494
315,100.52500458402027,274.22571944392706,312.6381269681479,235.79986903500404,-411.55273857538515,0.4569931343235174,0.0263970110461337
316,100.44435687548985,276.0432013237219,314.10382984319983,236.0087723515712,-410.49519656657253,0.45738248634075745,0.021117608836906967
317,95.5488250619298,280.316591455677,319.6741928704159,232.99554698016203,-409.9543734642218,0.48825005737485466,0.007039202945635669
318,100.4178370777291,274.2076689342489,312.64773108648683,235.69257105665017,-411.56701940634736,0.45766965953715666,0.0263970110461337
319,100.21192888724534,276.00493176084336,314.12827553099805,235.77711332708682,-410.53101601247175,0.4588555480720522,0.021117608836906967
320,99.97803130146534,275.96705877810814,314.15909774496987,235.54628372258105,-410.5753954617181,0.46033788998460395,0.021117608836906967
321,99.75271535546659,275.9309822388198,314.1946061459873,235.3264890173452,-410.62593244966604,0.4617661098800645,0.021117608836906967
322,99.53932288638924,275.8970455368338,314.2334250559114,235.121005781239,-410.68073604586783,0.46311916030734296,0.021117608836906967
323,96.35948417888669,279.1558644367145,318.2798378457483,233.19734393708478,-410.0942602441943,0.4831512522318454,0.010558804418453494
324,91.47837297453648,280.34078255619465,322.04086751196144,232.91185052200177,-413.1364616302352,0.5139860845477884,0.007039202945635822
325,91.69799491951595,282.7680246480331,323.86533255099386,233.2275250794216,-411.55146083418714,0.5126546971472974,1.8032857458005086e-17
326,91.37910976735515,282.79078182332603,324.0438216162211,233.34449647982922,-411.78987001148613,0.5146842727882152,1.7554210830667664e-17
327,91.69215715744836,280.32565857666333,321.9209575194967,232.8350448946523,-412.97627424193524,0.51263303412051,0.007039202945635822
328,91.26470065293427,280.35713068679866,322.15869749395915,232.99729866764147,-413.2937427876007,0.5153391349750668,0.007039202945635822
329,91.06044091439573,282.81646751855715,324.2175389673191,233.48049929534926,-412.02162222618426,0.5167138484291329,1.7075564203330243e-17
330,91.05114445200843,280.3747387165799,322.2742404312328,233.0911990415558,-413.4478418751672,0.5166921854023454,0.00703920294563582
331,90.83772243396702,280.39375255708006,322.38730106271123,233.1933157445782,-413.5984994614823,0.518045235829624,0.00703920294563582
332,90.74199470404417,282.8451832737662,324.3858246962205,233.63481897927232,-412.2458396412144,0.5187434240700507,1.659691757599282e-17
333,90.62443975287742,280.4141602797324,322.49768417610136,233.30341268857666,-413.7454561830717,0.5193982862569024,0.00703920294563582
334,90.42379799277656,282.8769005957633,324.5480292877046,233.80669840491774,-412.46165893288935,0.5207729997109685,1.61182709486554e-17
335,90.41130188856226,280.4358492737848,322.60519455911003,233.4212537854192,-413.8884526764613,0.5207513366841808,0.00703920294563582
336,90.19831529312287,280.45875153380365,322.7096369994442,233.54660294697385,-414.02722957817707,0.5221043871114595,0.00703920294563582
337,90.10587148156613,282.9113411546622,324.70350322655094,233.99538044560487,-412.66821677752216,0.5228025753518862,1.5639624321318003e-17
338,89.78822352550752,282.9481497862882,324.85159699753893,234.20010797465312,-412.8646498514258,0.524832150992804,1.516097769398058e-17
339,101.85676322993629,265.29436248356893,305.3216308253025,235.68768576398327,-416.84468011829193,0.44940696525008766,0.052794022092267606
340,90.88736391609635,279.167959978607,321.3877159748468,232.9728196903383,-414.2743915989726,0.5176961417094106,0.010558804418453723
341,90.72705793166713,279.18309096746907,321.47134528725945,233.05364643949054,-414.3857631576213,0.5187109295298694,0.010558804418453723
342,90.56683935422375,279.19890000374045,321.55339325054155,233.13891202926632,-414.49495248365884,0.5197257173503282,0.010558804418453723
343,90.40670730031357,279.21531222705806,321.63377692711185,233.22851438085115,-414.60184940703107,0.5207405051707872,0.010558804418453723
344,90.24667255363515,279.23238763772997,321.71241337938903,233.32235141543057,-414.70634375768395,0.5217552929912461,0.010558804418453721
345,90.08673830353897,279.25004855460196,321.78921966979203,233.42032105419005,-414.80832536556335,0.522770080811705,0.010558804418453721
346,89.92691017118207,279.2683164405833,321.8641128607395,233.52232121831508,-414.9076840606152,0.5237848686321638,0.010558804418453721
347,89.76721605105777,279.2873721539613,321.93701001465024,233.62824982899124,-415.00430967278544,0.5247996564526227,0.010558804418453721
348,89.60763730429736,279.3070449545397,322.0078281939431,233.738004807404,-415.09809203201985,0.5258144442730817,0.010558804418453721
349,101.91856734894321,261.64133404861946,302.4025150288246,235.16505699949585,-418.9776233051565,0.44935341891892483,0.06335282651072119
350,101.72589074179452,255.63578598883035,297.6311674855253,234.01324579453853,-422.44508276062567,0.45106153042602903,0.08057179987004538
351,86.85294576395322,274.2261294245788,318.4615557160223,235.2480995045,-419.3869922925471,0.5430170954106106,0.02639701104613428
352,87.08356686918252,276.01919723459383,319.88419498248635,235.31320011000136,-418.2734078770699,0.5416802922534228,0.021117608836907418
353,86.87004315140679,276.0544343078832,319.92153730004145,235.52112843467467,-418.32094037205576,0.5430333426807014,0.021117608836907418
354,87.72393494265607,275.9157353229226,319.7421743705186,234.70734933117265,-418.09026695763356,0.5376211409715873,0.021117608836907418
355,87.51053370516048,275.949946982495,319.7944505624263,234.90594522155317,-418.1579912241085,0.5389741913988657,0.021117608836907418
356,87.29707170985459,275.9843848227206,319.84181444009795,235.10801539442704,-418.21906848338455,0.5403272418261443,0.021117608836907418
357,86.74573725808338,274.24414470346153,318.4783004680645,235.35340158429003,-419.40815217234064,0.54369362062425,0.02639701104613428
358,86.65651423784584,276.0900904531364,319.9537865255952,235.73142941931437,-418.3615969655152,0.5443863931079798,0.021117608836907418
359,86.63849830550639,274.26208366169124,318.49377213005374,235.45924860817846,-419.4275939392665,0.5443701458378891,0.02639701104613428
360,86.53126903317863,274.28017740533534,318.5079638908866,235.56559446254022,-419.4453090282759,0.5450466710515284,0.02639701104613428
361,85.38299557192808,272.6430215295203,317.126285467087,236.43290911694692,-420.6020252966883,0.55213393852465,0.03167641325536112
362,85.544503685338,272.61586990479304,317.11975114440764,236.2693439181293,-420.5953341578183,0.551119150704191,0.03167641325536113
363,85.80226025086927,276.233870182115,320.0307551644331,236.58894097488536,-418.45408426755273,0.5497985948170938,0.021117608836907418
364,85.588693796931,276.2699778898424,320.0394001220161,236.80534475268766,-418.4629366199416,0.5511516452443724,0.021117608836907418
365,85.37515072303154,276.30629571591686,320.0480451798887,237.0217485755738,-418.4717891065519,0.552504695671651,0.021117608836907418
366,86.442973766002,276.12596206175635,319.98088779197934,235.9437321147879,-418.39530865462154,0.5457394435352584,0.021117608836907418
367,86.22940284763453,276.1618592064326,320.00278623202587,236.15766557196264,-418.4220064365478,0.5470924939625369,0.021117608836907418
368,86.01582106309715,276.1978032108847,320.01942697856646,236.372858841706,-418.4416213084671,0.5484455443898154,0.021117608836907418
369,85.45577793965407,265.30552017799135,311.2801692118515,235.19020865119012,-424.8598387628659,0.5510120580418653,0.05279402209226829
370,85.40972964087194,261.6507670743351,308.3603707479368,234.65044119479154,-426.99208354311224,0.5509585117107025,0.06335282651072188
371,101.2899791865081,240.62267187932474,285.72955927010764,231.17676950799293,-431.1491495292447,0.4549043947457938,0.1236192332683559
372,101.32032029664755,243.6155588999431,288.1084542916305,231.68852507206415,-429.4071288758685,0.45447775344023755,0.11500974658869377
373,103.1830858307946,238.197872530416,283.5863441934585,232.65712180468492,-432.78690658589625,0.4440126698738269,0.131538336582196
374,103.8968467444603,235.79751346939602,281.6036885813622,232.97499963920748,-434.28303873207494,0.440105000781683,0.138807667316439
375,85.04086684724076,255.74012054331098,303.61081750019514,234.0696525934699,-430.4815345829315,0.5526666232178068,0.08057179987004606
376,101.414970442888,231.00610883482668,278.04750478857585,229.7595987150949,-436.7575646262756,0.4549103972467018,0.15139701104613368
377,84.79310016883677,251.79936705006972,300.4446032794889,233.68631024141408,-432.80799385516616,0.5538053642225429,0.09205111544292886
378,101.75010866984056,218.21180935576095,267.801969690751,228.03420220499578,-444.22959441005213,0.4540033704705776,0.18843404808317069
379,90.0360345791994,229.0645083296477,281.771577285061,225.37858225122466,-443.9907913253693,0.5210063649164377,0.15518735109378393
380,90.14160280684811,231.0438730706814,283.31180278815503,225.6302350695973,-442.76915804966904,0.5204631329773212,0.1494476933073426
381,89.23942547755976,231.1605789326307,283.6949866393962,226.28143516628896,-443.27586357871155,0.5257998362857076,0.1494476933073426
382,90.7045524834447,228.99013669258636,281.4503074022609,224.96989064610872,-443.56420255310434,0.5171103001040271,0.15518735109378393
383,103.35847014926763,211.83652716470658,262.5456816220787,228.59688654576678,-448.140215027193,0.4455520971440793,0.20760233918128626
384,89.90759286047859,218.21765158944214,273.16501212592834,223.71196319004048,-450.37637536139624,0.5213181843959594,0.18648473034437962
385,90.55330921491462,220.43554439399782,274.68997424078924,223.66833814742043,-448.64160812346347,0.5176803343831193,0.17987870911847528
386,89.87624178818153,220.51423834704468,275.00641710705446,224.102268713635,-449.0613862238878,0.5215763991955299,0.17987870911847528
387,88.98919080860436,218.34220545861842,273.5310212560719,224.41301363803044,-450.8593591085998,0.5266548877043459,0.18648473034437962
388,103.19436096063718,191.62527790495236,246.44657088038915,225.17968218332248,-459.8657750920464,0.4482884747401707,0.26575698505523054
389,103.631681884382,184.8244259866991,240.98027017324634,224.5161518532925,-463.882096190795,0.44655437555432337,0.28557504873294337
390,103.68417748311879,182.0687943455834,238.7795431565162,224.11818957710375,-465.48983929105395,0.4465543690139308,0.29353476283300833
391,47.80495929688013,257.0740997407297,301.11698311067784,270.96951203614935,-434.9413343681243,0.7757614729528557,0.09502923976608328
392,83.40540141522945,196.34353026187603,256.09011627862515,226.1425990940563,-465.24521587626606,0.5563358682401336,0.2525449426034227
393,83.54066134690106,191.73522486829046,252.4286841136213,225.2683162937548,-467.9051255943428,0.5551798021162355,0.26575698505523127
394,99.68131287064436,170.3385345253265,230.13541467880364,218.2985152118271,-472.18828797519296,0.468534957591146,0.32537361923326824
395,99.16001312017603,167.49045825878218,228.0176851944658,217.34195058350704,-473.9147300600773,0.471513403019334,0.3333333333333333
396,100.87468959018162,173.29955847943472,232.1975383276495,219.93154128349622,-470.3784566407624,0.4619956875403748,0.3174139051332032
397,98.63452814394515,169.2496527730122,229.5961551599356,217.14321352067353,-472.99845720035654,0.47427553889731966,0.3280268572666233
398,99.35238297999209,170.28516314531794,230.1869024155888,217.97751489008084,-472.2615967393858,0.4703153699024376,0.32537361923326824
399,99.02613342563276,170.23257631842674,230.24430160585857,217.66236145033687,-472.3427762485524,0.4720957822137293,0.32537361923326824
400,98.5011365947114,167.38779147161625,228.16143891265733,216.72290475531057,-474.1158635883158,0.4750742276419172,0.3333333333333333
401,98.69857618639668,170.18097322642558,230.3144540737022,217.35351656869835,-472.4410166096373,0.47387619452502083,0.32537361923326824
402,98.19243239284434,169.18380662380417,229.71600828801883,216.7459024696935,-473.164630846379,0.47664942197904187,0.32802685726662323
403,83.7442605203331,184.82362770708863,246.9362665617336,223.95014438499163,-471.8947144879935,0.5534457029303883,0.28557504873294404
404,86.91596306336442,188.86601679706337,250.28453524313596,221.51184536462412,-468.8562447226105,0.5367865478249422,0.27236300628113536
405,83.69307426935283,182.06885907700104,244.73554886561158,223.5521804364796,-473.5024701373503,0.5534456963899955,0.293534762833009
406,101.39669689482332,159.29219560020258,220.9354602919124,218.17617221710498,-478.53217409238033,0.4602071301942467,0.35802469135802467
407,88.74612426069544,169.2501938001169,234.43038753100177,216.68391471496784,-479.5019619327157,0.5257244698232045,0.3280268572666234
408,88.22098577630858,167.4909637535231,233.1106150462974,216.85809115746326,-480.7662609194079,0.528486596980667,0.3333333333333333
409,88.87963381769225,167.38853946595256,232.91872259875865,216.2709117512894,-480.5158491297951,0.5249257723580838,0.3333333333333333
410,88.35430553551946,170.23298519390886,235.279475636821,217.18398662178907,-479.1166080949554,0.5279042308670565,0.32537361923326846
411,88.0280336116022,170.28552213054283,235.3615116773261,217.48589794964366,-479.2230110742748,0.5296846431783482,0.32537361923326846
412,89.1881900418275,169.18433753582252,234.27982858583533,216.31228716312262,-479.3043496552742,0.5233505867414824,0.32802685726662345
413,88.68188379063878,170.1814216831303,235.1852971832519,216.8907422770992,-478.9937738218464,0.526123818555765,0.32537361923326846
414,87.69905618613997,170.33874588057895,235.4382273047418,217.7946856901644,-479.32217502163337,0.5314650554896398,0.32537361923326846
415,86.50567552243842,173.29973028089717,237.8751856395268,219.39192200854808,-478.01661197596616,0.5380043386211959,0.31741390513320367
416,85.60269203289329,173.45251023444524,238.0002960272242,220.28571136728323,-478.1733421066999,0.5427521047846406,0.31741390513320367
417,100.99417214405901,154.93791497519857,217.54907379272942,217.07823706803623,-481.0682347329416,0.46254681729089303,0.3703703703703703
418,100.97538806969916,152.79233055994675,215.84387386246195,216.71305962838218,-482.31777683737255,0.4627746075568629,0.3765432098765431
419,100.93842635934712,148.5005379406876,212.43338989991503,215.98179588719998,-484.8167596276882,0.46323018808880273,0.38888888888888884
420,99.34616953890509,150.37783815539362,214.321592280886,214.7463603891875,-483.83365641076364,0.4713633526099206,0.382716049382716
421,100.4172926727809,148.4126069674173,212.47958701789221,215.45974867244897,-484.88552819084674,0.4658944625918662,0.38888888888888884
422,98.81986275839037,151.3656387861989,215.27343523164967,214.41226490344383,-483.348883633201,0.4740977976189479,0.37962962962962954
423,87.02386059268369,163.40404873471897,229.9540389783059,217.30159056688606,-483.59149605961085,0.5346596936163334,0.345679012345679
424,86.21979389299992,167.82304554382313,233.50923320646174,218.78039882062157,-481.27745743356286,0.53914369499292,0.3333333333333333
425,98.2148992314935,150.2034061182102,214.57530196729664,213.68819776068133,-484.18819551979857,0.4772896016957273,0.382716049382716
426,98.56485474723426,151.32672689272042,215.33367166324803,214.1758882025098,-483.4328692986141,0.4754299348704796,0.37962962962962954
427,87.42417235979809,161.19494871019128,228.1652861979669,216.5684243719556,-484.7334414140239,0.53241769292804,0.3518518518518518
428,88.35449992889879,163.18505467260127,229.65955939577768,216.04152406086763,-483.21180261171054,0.5275549616081651,0.345679012345679
429,88.42043931683718,161.0316080413073,227.93291936835797,215.6327859486587,-484.4330843734507,0.527089143921914,0.3518518518518518
430,98.96921397758028,148.17490888915137,212.6790869369499,214.03398049308146,-485.1719053217478,0.4734516989690445,0.38888888888888884
431,102.01959811247463,142.25774278144522,207.25620795731706,216.03598776936633,-488.4679122300576,0.4581946983077357,0.4074074074074074
432,106.64857518714615,137.68557093960106,203.10586983498868,219.85910979967574,-491.7059015191712,0.43590223139050654,0.4228801169590568
433,97.25977594772058,145.79142643286963,211.489570290182,212.214076220273,-487.1331729835024,0.48230113264602975,0.3950617283950617
434,98.4221822112592,145.94886022824406,211.09925763034536,213.18009570221764,-486.596205784334,0.4763748835602231,0.3950617283950617
435,97.50267756444573,147.96392723716676,213.1047369028603,212.74773652214364,-485.76046377149254,0.4810089353462227,0.38888888888888884
436,96.79879985183011,147.88114040217584,213.39167155482127,212.2317039480031,-486.1527277447433,0.4845697599688059,0.38888888888888884
437,97.40305276651962,144.73762861036258,210.57986425204342,212.1486806456903,-487.6796898862664,0.4816150940444015,0.39814814814814814
438,97.13858040836911,144.70560135913567,210.6846036595827,211.94979389812963,-487.8230120508431,0.4829472312959332,0.39814814814814814
439,96.01721014288142,145.6643514814016,212.05439168463732,211.41020568073438,-487.9026217468402,0.4885262317716763,0.3950617283950617
440,96.08786449543403,147.81272701783283,213.72692850180943,211.79617874214742,-486.60891163831417,0.4881305845913891,0.38888888888888884
441,102.5729313730656,139.1390822130271,204.68618995805656,216.07778895445915,-490.31826419078374,0.45567695341720227,0.4166666666666666
442,95.25915751482154,144.54007310707738,211.60077252409988,210.8866535111025,-489.06801794324866,0.4922848799844032,0.39814814814814814
443,95.62105591312543,144.56295770301654,211.40540717871434,211.0397968022839,-488.8034715211225,0.4905044676731115,0.39814814814814814
444,89.33515050402367,150.18011049660768,219.0895149324971,213.11485705348068,-490.26302444612634,0.5218223068032525,0.382716049382716
445,89.07063576622312,151.28995374836077,220.04100532044396,213.50404178777842,-489.76852896735744,0.5232379278779896,0.37962962962962954
446,88.55916123133468,151.36700431756975,220.20615209032476,213.9436077867331,-489.98487980669233,0.5259022023810527,0.37962962962962954
447,88.19975554421072,150.35211271433838,219.44967053650393,214.0980056619452,-490.7345332582851,0.5277485558890589,0.382716049382716
448,86.4391960450843,148.50226767154714,218.08615764480638,215.44457024585498,-492.42144403855997,0.5367698119111974,0.38888888888888884
449,87.47603235329623,148.32837456370618,217.90029224992568,214.43727244934215,-492.18450532963806,0.5314412629050713,0.38888888888888884
450,106.69309432623747,131.79409266703183,198.4043373359106,218.94600396892648,-495.13616940684955,0.43630697825994685,0.4398757309941408
451,91.3576137265551,145.66562612882396,214.7221279320847,211.15674512109803,-491.491533898268,0.5114737682283245,0.3950617283950617
452,91.28796972579504,147.8140176198765,216.4688537389574,211.5356691908734,-490.2976304246701,0.5118694154086114,0.38888888888888884
453,90.57693922663115,147.88227364629432,216.83625709602399,211.9044299693297,-490.78673723398276,0.5154302400311949,0.38888888888888884
454,107.60004062571011,129.98397422162765,196.87328920453032,219.54620959000266,-496.31658597704256,0.43213138849982347,0.44554093567250214
455,88.66350711381742,148.1361209613095,217.61274417337964,213.32999240373132,-491.8121747010694,0.5252161637794248,0.38888888888888884
456,90.29041760358231,145.77163488849737,215.26539058107298,211.73224074478074,-492.21436740416004,0.51681077585295,0.3950617283950617
457,89.87296073396298,147.9651461954243,217.16212029813093,212.36223493998952,-491.2188718005032,0.5189910646537783,0.38888888888888884
458,90.50199104715988,144.6768616459464,214.31046432374788,211.42736510737623,-492.70316668508707,0.5157206314525358,0.39814814814814814
459,91.7519645313575,144.56341411731552,213.6487733065576,210.8266567544024,-491.82147748798303,0.5094955323268893,0.39814814814814814
460,89.12501682912716,145.92435943390774,215.75068115490117,212.5886608687386,-492.85568909032827,0.5227370249387564,0.3950617283950617
461,89.97228076938592,144.73818679129462,214.55637521113783,211.77086344952846,-493.02930001817595,0.5183849059555989,0.39814814814814814
462,13.794977035325815,254.63241321767032,295.91944106024425,304.0896367789275,-441.14393125118784,0.9722430255480325,0.11878654970760334
463,103.92250691955726,127.5737089180758,195.30849633421977,215.53267841043788,-497.1965194462203,0.45002068908117765,0.45065789473683465
464,107.57019031731053,120.33643778311992,189.1849778495134,217.95153049552147,-501.9188611463252,0.4333183300406846,0.4733187134502799
465,103.13412085108324,122.61596331509566,191.4454434905414,213.9507983072497,-499.98228976746117,0.45417498447419147,0.4645467836257235
466,101.57702000137772,124.67513774255255,193.3267581062587,212.74675766982847,-498.6870369671689,0.4615370460437204,0.45784600389863045
467,111.47022790257205,115.28689475021116,184.78000459394994,220.97344789291154,-505.4065560402807,0.41556091185275945,0.4898066926575522
468,103.36724061814822,121.04924087629504,190.168178018964,213.92561063433672,-500.9184630734976,0.4531858665234739,0.4691764132553531
469,106.62624227735162,117.31889387571596,186.87098358125834,216.53176423820187,-503.53867447709814,0.43808739057123836,0.4815423976608075
470,101.19679426512428,120.3226910117559,189.93276189786076,211.66784814723056,-501.21262620530024,0.4636471643385846,0.47019168291097624
471,103.83504084122457,117.91604629978033,187.6185910354733,213.87867568135644,-502.7974108067304,0.4512076306220387,0.4784356725146124
472,101.64595867284493,117.18595550553806,187.34889641985177,211.60026682318215,-503.04576465299846,0.4616689284371494,0.4794509421702353
473,109.67648856729754,110.33846712641284,181.00984297637456,218.40138218650338,-508.02735176863376,0.42457150334015104,0.503167641325521
474,82.6512715526583,137.35630797284847,208.98443960107505,217.34912484200294,-499.6393099473561,0.5547186248302022,0.4228801169590617
475,87.60327017332703,138.66351792570052,210.1851486876736,212.747967459611,-497.75192567629034,0.5302543213642101,0.4166666666666666
476,83.93698260749814,141.0660206780357,212.06679510683438,216.68193814678207,-497.2988884826768,0.5487356871905339,0.41154970760233744
477,94.31654476275827,120.39488203216774,192.92049252831276,206.70087706867315,-503.80272870946817,0.49703264614784765,0.4675925925925926
478,95.1991803585021,119.89388071632581,191.98978704241676,206.86656622926947,-503.43386294618665,0.49287835075483377,0.46913580246913583
479,95.07250829826746,120.42290811922379,192.48744189583775,206.90737833936151,-503.2180301467503,0.4934718215252643,0.4675925925925926
480,96.1700485958757,117.28432225436492,189.34382753976772,206.88734009336105,-504.29820914926074,0.4883284081815327,0.4768518518518518
481,96.94993101762923,118.96866235323486,190.26365634948206,207.64057793631224,-502.872299856626,0.4845697599688059,0.4722222222222222
482,96.20486867283704,118.89438900418727,190.60765638548926,207.16799699050316,-503.3407090713939,0.4881305845913893,0.4722222222222222
483,95.45294674920842,118.83764159156857,190.99663533266204,206.79459041178544,-503.8683057047187,0.4916914092139727,0.4722222222222222
484,79.27845896805115,136.49987829511522,207.97459035987563,220.53106203978822,-500.6146816231335,0.571028160474197,0.42702241715399164
485,109.75653731026885,104.99526875230049,176.74242136754717,217.61214214220925,-511.1436819273348,0.42483526812700906,0.5185997400909531
486,91.80239635522526,120.45232184705046,194.40434468584564,206.89987149218592,-505.79461130649423,0.5089020615564588,0.4675925925925926
487,93.01558667512423,119.85988669244466,193.2680880355424,206.5465191135794,-505.1561039406822,0.5031651774422968,0.46913580246913583
488,93.18370273448002,121.99895908375794,194.8749491871695,206.88157819498062,-503.77477104209305,0.5023738830817227,0.462962962962963
489,92.88665140041165,117.18425457610189,191.2098948765152,206.1257897467704,-506.816105215626,0.5037586482127272,0.4768518518518518
490,93.74452061104839,117.70802953623934,191.12454145260355,206.19039000305608,-505.8163540643637,0.4997362352131424,0.4753086419753087
491,92.93079187679153,118.79035186080617,192.46481020446953,206.38136745389232,-505.84694528552114,0.5035608246225838,0.4722222222222222
492,80.68276926725484,131.79365167388386,204.36060900569316,218.380025697122,-503.1491573328678,0.5636930312897046,0.43987573099414795
493,92.67213210593282,115.58402836681302,190.05536472057932,205.89548689309188,-507.91986840725787,0.5047477661634449,0.48148148148148145
494,91.91610348281368,116.69424516573045,191.3498238309576,206.25339817458516,-507.88675282111257,0.5083085907860282,0.478395061728395
495,79.77579050190118,129.9837562135253,202.82958412944,218.98023858562223,-504.32960506705706,0.5678686221109001,0.4455409356725101
496,83.4531771664453,127.5735592279359,201.2646811909292,214.96666235600514,-505.2093911710053,0.549979317285257,0.45065789473683937
497,84.2411440878993,122.61580716608898,197.37667737435208,213.38721852327163,-507.96159404690457,0.5458250218922429,0.46454678362572827
498,85.7982604319933,124.67481424483881,199.07854986677293,212.20012884116238,-506.42493856590767,0.5384629582005696,0.45784600389863367
499,84.00829250008266,121.04911849465341,196.11041358414647,213.36096626149683,-508.9125681891128,0.5468141398429607,0.4691764132553578
500,86.178792793483,120.32253737494068,195.60916651188532,211.12840625961726,-508.84910897748694,0.5363528399057054,0.4701916829109793
501,96.02677812568888,107.09249049741194,181.30127020388267,205.1571249951392,-510.31028246366935,0.48918564373882134,0.5061728395061729
502,95.99036427065987,109.23243490987474,183.02785080643093,205.4857306044721,-509.08994551079644,0.4893175261322502,0.5
503,95.22540065736676,109.1799498703532,183.43425295158966,205.1384539205299,-509.6406263158499,0.4928783507548335,0.5
504,95.00246613330718,107.02573095985119,181.85029839998464,204.7110167744645,-511.05392895944107,0.4939334099022657,0.5061728395061729
505,95.66037404708847,105.99322273773959,180.63630135579604,204.80098215735927,-511.18946545808626,0.4909001148533986,0.5092592592592593
506,94.88931071243088,105.94925865164353,181.05951240475358,204.50082817289206,-511.7621363276918,0.49446093947598174,0.5092592592592593
507,83.54039389835735,117.91610536854722,193.57324416860507,213.3128162494468,-510.80822175814586,0.5487923757443958,0.47843567251461716
508,85.72969081305872,117.18621501777736,193.1043201556718,211.05329905489822,-510.78855227864767,0.5383310758071406,0.47945094217023854
509,103.36470237169452,96.94145721794078,170.95853905035884,210.00613354341885,-514.9382637781105,0.4549662788347655,0.5386208576997975
510,103.93247253833465,101.86078138413976,174.81196377679186,211.36501160348635,-512.1424040260468,0.4519989249826127,0.5247319688109087
511,101.60550716826667,101.10698984405292,174.5459406373426,208.94625576418696,-512.3974873214697,0.46285586997801054,0.5257472384665317
512,79.80516208214055,120.33700046302133,195.14130640800911,217.3855587984574,-509.9319254516815,0.5666816805700389,0.4733187134502879
513,91.03252235902593,106.04881289430915,183.29366245456848,204.87522582950072,-514.7602420378508,0.5122650625888985,0.5092592592592593
514,91.79976979385481,105.98761186817546,182.87440111174539,204.55369269669941,-514.2008296400259,0.5087042379663151,0.5092592592592593
515,90.89661517641188,107.13311659920285,184.21893218312707,205.11852775909009,-514.2323691495292,0.5129244745560436,0.5061728395061729
516,107.87377475489824,90.38931436245824,165.28145307539103,213.38254612036002,-519.3642025965904,0.4350328011552616,0.5597384665366997
517,80.74914865356996,117.31956884489972,192.8273043617177,215.96578479661835,-511.5517284271238,0.5619126189784128,0.48154239766081475
518,103.83165010480288,92.2006131202485,167.12419983147518,209.69411735134364,-517.7463895505846,0.4531858665234738,0.5525097465886863
519,101.51781772052715,94.66271126462561,169.42680964286643,207.81238304771756,-516.1418576593593,0.4636471643385845,0.5442657569850501
520,106.84407764335721,88.42794486145146,163.8181068623837,212.04965126669256,-520.3578453066923,0.43986780288252986,0.5648757309941408
521,92.12636218740786,99.53936550646142,177.56290944169436,203.40941639219352,-517.6867834236687,0.507121649245167,0.5277777777777777
522,91.91539948839944,101.15926452041958,178.96561547648096,203.7333415353291,-516.915393160542,0.5081107671958847,0.5231481481481481
523,90.83609987662771,99.63952381103522,178.27204835932582,203.93322887677743,-518.6332300460152,0.5130563569494726,0.5277777777777777
524,92.8183275033179,98.43681730659014,176.30284755829175,203.0934019934691,-517.7655961447698,0.5039564718028707,0.5308641975308641
525,93.42622146098714,99.49561895976541,176.793622682955,203.22587024500484,-516.6551417377794,0.5011869415408614,0.5277777777777777
526,95.52571955734712,93.12696039625104,170.4584635564703,202.65426487552023,-518.7578739072079,0.4916914092139726,0.5462962962962963
527,96.04881355701501,93.16563678365429,170.18609543290572,202.9085314694692,-518.3885359124434,0.4893175261322503,0.5462962962962963
528,96.38559785250553,95.33800719234958,171.72805500973152,203.4477465961055,-516.9173590038548,0.48773493741110224,0.5401234567901234
529,107.1325710409453,83.12841909714126,159.5647078838518,211.471983130766,-523.4786834225376,0.43906740883280276,0.5802875243664641
530,75.9046386413693,115.28837154553631,190.7363650146453,220.40748986924925,-513.4196629963783,0.584439103002253,0.48980669265756377
531,77.69792662488945,110.340104514279,186.96622574983556,217.83542045170088,-516.0404888162599,0.575428509392717,0.5031676413255308
532,91.847693213378,93.12759571116408,172.59721037787236,202.4510647342582,-521.6351352622886,0.5083085907860282,0.5462962962962963
533,92.37278451262213,93.09794651340286,172.29473172445466,202.3045336865332,-521.2304512127437,0.5059347077043059,0.5462962962962963
534,91.50813803434616,95.29473822985236,174.4967092453247,202.9238961030034,-520.6453713327805,0.5098911795071763,0.5401234567901233
535,92.1080126384703,92.0405019951757,171.59458736825084,202.1977850843809,-522.0591661573259,0.5071216492451671,0.5493827160493826
536,92.89887367004545,93.07741348503174,171.98444216743817,202.214533931849,-520.8145457404091,0.5035608246225838,0.5462962962962963
537,91.40890974686921,92.08801198204688,171.9882947544496,202.44239183424705,-522.5852154836675,0.5102868266874634,0.5493827160493826
538,91.57733759956022,89.93254078706926,170.1876999064834,202.0272021359781,-523.7071779907225,0.5094955323268894,0.5555555555555555
539,77.6176377113983,104.99680954846778,182.69882401078007,217.04618051083415,-519.1568456803512,0.5751647446058589,0.5185997400909629
540,83.4423560990215,101.86114553655258,180.76371095481156,210.79945269356907,-520.1493052765117,0.5480010813838216,0.5247319688109136
541,84.26596853447235,96.89772959484691,176.86485362610992,209.18298592329953,-522.8873935066091,0.5438467859908078,0.5386208576998024
542,85.9381500230961,101.07827258449859,180.2591247977373,208.23402600925925,-520.0856145200949,0.5363528399057054,0.5257472384665349
543,102.2341028023119,78.00998372460606,156.0356840726582,205.80904656990123,-525.8581327374358,0.46135987575003196,0.5925925925925926
544,102.65974906276118,81.29747874022166,158.5908784133401,206.76368174486538,-523.9751147170517,0.45923777803978544,0.5833333333333333
545,83.54265735888029,92.20142242460415,173.0687606077524,209.12927057922815,-525.7436225416218,0.5468141398429607,0.5525097465886912
546,86.02539012341833,94.63477247549648,175.12131719384476,207.1006011778214,-523.8048761326086,0.5355615455451314,0.5442657569850534
547,97.87078386574534,73.01026855532808,153.17355127969296,200.86236635985313,-529.1480514449913,0.4815098382854557,0.6049382716049382
548,97.57803789446238,74.04342741231628,154.13253364627622,200.79866412782204,-528.6694170584099,0.48280203558526263,0.6018518518518519
549,97.28064989515153,74.00664122070171,154.24724616997145,200.57063770941645,-528.8265165829184,0.48413417283679433,0.6018518518518519
550,98.6573660155003,73.12389609345368,152.94033026084702,201.55051695812438,-528.8257823663662,0.4779574722813712,0.6049382716049383
551,79.50015155259173,90.39113947769198,171.23789369569738,212.81657562087918,-527.3774175075167,0.5649672094554617,0.5597384665367077
552,89.69694459623614,72.98493797984233,157.45618689051247,200.30079793392875,-534.9114695972362,0.517602070213524,0.6049382716049382
553,90.38760221867066,73.97270885591601,157.9969830495512,200.01106079204914,-533.8736467210731,0.5145336899116748,0.6018518518518519
554,89.79223283666667,74.0441765992206,158.26898830190387,200.40565059590503,-534.2341998415354,0.5171979644147378,0.6018518518518519
555,88.90849669031493,73.09487917588615,157.7588393494324,200.91981775655842,-535.3103453847078,0.5211544362176083,0.6049382716049382
556,83.54543419663408,78.99057068904528,162.5342985407856,206.97528337460778,-533.4145019616941,0.5458342745350956,0.5905620532813497
557,78.65421462703723,84.10968369504897,166.1473418594432,212.62854692781173,-531.1481059123952,0.5681267478187587,0.578256985055226
558,80.52937583532842,88.42977047158612,169.77453563019816,211.48367379258477,-528.3710443760183,0.5601322066671213,0.5648757309941479
559,82.3326347817595,82.76897797857765,165.4365289229328,208.78807751186702,-531.4052449524269,0.5515534473879059,0.5802875243664689
560,98.52856278536522,55.96046495625285,139.30115543901482,198.64128446537222,-538.825222264218,0.47910086995075146,0.6543209876543209
561,99.66267914093285,58.282339277766624,140.78256990810522,200.0666183996549,-537.2613363329833,0.473992541860002,0.6481481481481481
562,99.26409545320882,58.217577807255225,140.84428243076565,199.6772391553245,-537.3492624886702,0.4757729541712936,0.6481481481481481
563,98.86381654869291,58.15343842478845,140.92665478839038,199.29701740806365,-537.4648401712619,0.4775533664825853,0.6481481481481481
564,98.46127621855258,58.09260858008801,141.02893144776155,198.92908794037743,-537.6070137924579,0.4793337787938769,0.6481481481481481
565,98.05684420655734,58.035212911167264,141.15035687566123,198.5765855347708,-537.7747277639577,0.4811141911051685,0.6481481481481481
566,97.9870476627303,55.883203809621676,139.46382744786382,198.1700027852267,-539.049894121775,0.4814747530324736,0.6543209876543209
567,97.65095950530964,57.98052746850064,141.29017553887144,198.24264497374875,-537.9669264974607,0.4828946034164602,0.6481481481481481
568,97.44294059811756,55.811658485503386,139.65913929942252,197.73296034215628,-539.3179989568573,0.48384863611419576,0.6543209876543209
569,97.24340890773863,57.929570394736004,141.44763190417424,197.9304010398164,-538.1825544046665,0.48467501572775173,0.6481481481481481
570,90.05968940109315,55.797040136814104,143.63245961556916,197.2577487496769,-544.6645660000144,0.5155593028851242,0.6543209876543209
571,90.32837712769664,57.90746013359538,145.2145258027023,197.43390621850617,-543.251938426472,0.5144368927712275,0.6481481481481481
572,89.92003242810945,57.95619389841178,145.40315151577028,197.7004620341008,-543.5020593599806,0.5162173050825194,0.6481481481481481
573,90.60724583356286,55.734866090375846,143.37013937583623,196.92106312770247,-544.3162899442715,0.5131854198034019,0.6543209876543209
574,53.32983682804388,98.44298894181242,175.10701777349868,239.90597022211946,-526.4143354040621,0.6846613023157186,0.5495857699804936
575,99.35303165935866,42.16000224481559,128.00614137635648,197.1439558440118,-546.6521492853133,0.4759693655853293,0.6944444444444444
576,99.76244935885747,42.22731296997105,127.94541890634939,197.54527142494973,-546.5654012131421,0.4741889532740377,0.6944444444444444
577,98.57569872537356,45.252954691378164,130.74273497589803,196.93827321387906,-545.0277851212246,0.47923181089344186,0.6851851851851851
578,98.9415055157551,42.09478618834879,128.08841776461645,196.75205394491817,-546.7677473346823,0.477749777896621,0.6944444444444444
579,98.52813371367223,42.03196241979654,128.1914667452106,196.372882013936,-546.9111027843514,0.47953019020791254,0.6944444444444444
580,98.02501920118303,45.17430254838541,130.90685153447103,196.45756360690805,-545.2545191381267,0.48160569397516406,0.6851851851851851
581,98.11325323386973,41.9730231667495,128.3145069922201,196.0097563373322,-547.0811230574229,0.4813106025192042,0.6944444444444444
582,97.6970438460035,41.91680708637867,128.45675717972625,195.66599320137385,-547.2767155769989,0.4830910148304959,0.6944444444444444
583,97.47197353117242,45.10168756859889,131.10457036201774,196.01208102901842,-545.5259670864832,0.4839795770568862,0.6851851851851851
584,97.27947879419077,41.86456888504216,128.61743598181033,195.344908892328,-547.4967877661817,0.48487142714178744,0.6944444444444444
585,96.91636808884391,45.03692560195796,131.33404438306582,195.60958936784192,-545.8395470557291,0.4863534601386084,0.6851851851851851
586,96.86034903922867,41.81741386034412,128.7957371725902,195.0497825763939,-547.7402140550099,0.4866518394530792,0.6944444444444444
587,96.35769408009236,44.981387030485166,131.59255652609195,195.2565538527,-546.1915243908193,0.48872734322033057,0.6851851851851851
588,96.43940119441572,41.77551286596031,128.9902892079506,194.7830506614581,-548.0051198129568,0.488432251764371,0.6944444444444444
589,96.01674229940903,41.73899894834091,129.19915929590437,194.54631286505852,-548.2888867422605,0.49021266407566266,0.6944444444444444
590,95.79612002178587,44.93494432917271,131.87570647121004,194.95692709866498,-546.575934133186,0.4911012263020528,0.6851851851851851
591,85.10080331674983,37.83789070269859,129.8118946957486,198.73807679927265,-557.0166787846808,0.5364231407063437,0.7083333333333333
592,106.75168799147718,9.26017858354271,100.71370554744311,199.0554100468976,-566.3471030362864,0.4469396710351209,0.792884990253408
593,119.44318461506438,8.992649106482531,99.25848598467559,211.51174088516535,-568.3085166909518,0.39599841705498806,0.8000000000000006
594,117.57450892428177,8.668436653743925,99.18282053024278,209.61826144011562,-568.231028250497,0.40348434693531776,0.8000000000000006
595,107.59750498536552,6.936953774601136,98.77884492882052,199.50875409360606,-567.8173233250211,0.44374531805885004,0.8000000000000006
596,76.15207290956732,31.521755416963572,123.9791850279488,206.51648537426902,-562.0613585537383,0.5733006407673944,0.7309941520467826
597,79.64996982005593,25.500356900457916,119.52174057581006,202.08713581379118,-565.0619026314482,0.5582799395213022,0.7465886939571145
598,52.21191027296456,11.717720430998781,105.85080136666522,226.8569307513169,-576.9729416243748,0.6674313976040159,0.8000000000000006
599,99.39523878879864,281.36751286979296,318.6370513458077,235.85403316713627,-407.5155108148465,0.46372801905142014,0.005279402209226764
600,99.48328660722828,283.2125864317765,320.07656483293664,236.22984953992744,-406.4206336028488,0.46304411552958225,2.973280945428998e-17
601,99.10998526407668,283.1551685512628,320.15932228114207,235.8795817482558,-406.5363458496526,0.46544196258233933,2.9167311238045064e-17
602,99.53403534107164,281.38946843221845,318.60893742385514,235.985907270643,-407.4760369242396,0.462839927550399,0.005279402209226764
603,99.22650942224783,281.3415929085949,318.67411134339545,235.6956952790912,-407.5673474155592,0.4648070502251608,0.005279402209226764
604,99.0577414385496,281.3161111947887,318.71431803461,235.53960198425793,-407.6233847456235,0.46588608139890136,0.005279402209226763
605,98.77373219111935,283.105366828497,320.2470770407237,235.57426701016666,-406.65820009072047,0.4676000249298206,2.865836284342466e-17
606,98.43720508615073,283.05753618149373,320.3470830371027,235.2798809790023,-406.7963813175641,0.4697580872773019,2.814941444880424e-17
607,99.57796936137527,277.73414711945765,315.68437934291745,235.44717367840477,-409.60187114215444,0.4627751709757817,0.01583820662768023
608,99.4597925308243,277.7153155924497,315.7075647807446,235.3343674041323,-409.63447689192157,0.463526900618327,0.01583820662768023
609,99.32599456413043,275.86360325893884,314.2772062463294,234.9185532739614,-410.74217062653923,0.46447221073462147,0.021117608836906967
610,99.34542045010589,277.6975369739396,315.73145558710036,235.22615475741722,-409.66797197849263,0.46425419033086757,0.01583820662768023
611,99.22960767916949,277.67966049141484,315.75710026354426,235.11755272436562,-409.70382939921984,0.4649907211965149,0.01583820662768023
612,99.11272967414283,275.83075648790197,314.32587401062153,234.71948646799402,-410.8101298962039,0.4658252611619,0.021117608836906967
613,99.113094638921,277.66170816205795,315.7843674355905,235.00932569613076,-409.741862800768,0.46573189215279076,0.01583820662768023
614,98.31845127913618,277.54718755608457,316.00860536850854,234.30368817450352,-410.05228143660537,0.4707901137461179,0.01583820662768023
615,98.25372554141083,279.3694118114352,317.48941637695117,234.53930631952835,-409.01470447028794,0.4711258943209776,0.010558804418453497
616,98.23096604060362,277.5348980383472,316.03725395962346,234.2300026994392,-410.09172989193434,0.47134692462154115,0.01583820662768023
617,98.06745614096617,279.3444594659136,317.55282471399113,234.38536545405478,-409.1018993197221,0.4723128358618387,0.010558804418453496
618,97.88101352386646,279.32041392237375,317.61974736366716,234.2356213990344,-409.1937640469856,0.47349977740269983,0.010558804418453496
619,94.74032104253186,281.49862993604563,321.10089486127634,232.91666855169623,-409.8563920383575,0.49334886251786386,0.0035196014728178454
620,95.24864500236862,282.742403984131,321.7872613014774,233.27348868199928,-408.7577633958049,0.4901038566926558,2.335115331730966e-17
621,94.89372345649117,282.72588486375105,321.98717591013155,233.15731359418743,-409.0279517012622,0.4923589407381199,2.28193237313792e-17
622,94.57412128040197,282.71460715790255,322.1710134685619,233.0732405457901,-409.2761205442278,0.49438851637903763,2.2340677104041802e-17
623,94.57994459870446,281.49328290332596,321.1934227149467,232.87672032447168,-409.9812684054788,0.49436365033832275,0.003519601472817845
624,94.25443972788334,282.7068316993302,322.3577742247219,233.00895760194825,-409.5279653581753,0.49641809201995535,2.1862030476704405e-17
625,93.93473815154128,282.7024605992622,322.54670102985875,232.9648347659499,-409.78246373753984,0.49844766766087306,2.1383383849366987e-17
626,97.31634703421936,276.8102171037103,315.8950639294127,233.41964139111974,-410.91927762835996,0.47718301224111964,0.01759800736408919
627,100.11201265317695,272.93679195711604,311.71024537934835,235.19421814710347,-412.32993159657,0.45968372548890696,0.029916612518951575
628,93.61854987076036,281.07272835326137,321.4362898786508,232.67720045952103,-410.98245527898735,0.5004534449323851,0.00469280196375717
629,93.61505735020938,282.7013667844451,322.7370366866788,232.94124075309134,-410.0385932279832,0.5004772433017908,2.090473722202959e-17
630,93.29537731826188,282.7041527723514,322.9280171571531,232.93836276584221,-410.2953245016855,0.5025068189427085,2.042609059469217e-17
631,96.41509330446196,277.32900630478036,316.79202358421594,232.93369396985238,-411.122782677531,0.48286188778072947,0.015838206627680308
632,96.32821693306478,277.32123259256036,316.8347064109978,232.88443578071403,-411.18078201437,0.4834098732037773,0.015838206627680308
633,96.23880465751103,277.31351522019224,316.8791664926282,232.83509026459535,-411.2411712539963,0.48397364421514333,0.015838206627680308
634,99.30339004369701,273.113503414778,312.0948074726958,234.46132398403205,-412.3520378674081,0.46476855927715377,0.029036712150747143
635,99.95856787526576,272.3013967410933,311.2455967050425,234.94607533469878,-412.7168774095105,0.4606907584647822,0.03167641325536051
636,92.65546679498716,281.49810024011697,322.33537822590984,232.7962254119303,-411.51718590134277,0.5065551387111504,0.0035196014728179213
637,92.97568392147683,282.7101832131151,323.11886456260714,232.9560207574425,-410.55161432392606,0.5045363945836263,1.9947443967354747e-17
638,92.65603548581606,282.71957531674747,323.30879935387964,232.99399035624637,-410.80641778150067,0.5065659702245441,1.9468797340017326e-17
639,92.49512342020803,281.5042336271222,322.4299908090656,232.82293285525319,-411.6440119790649,0.5075699265316093,0.0035196014728179213
640,92.33649730466922,282.73244481265687,323.49704198180916,233.05204719060808,-411.05868996120523,0.5085955458654619,1.899015071267993e-17
641,92.01713660209808,282.7486795689268,323.6828128972344,233.12996688888174,-411.3073859498354,0.5106251215063796,1.8511504085342507e-17
642,99.21327764894724,271.57321007266876,310.8997485094123,234.13423294594202,-413.2707096812003,0.4654233582914469,0.03343621399176947
643,98.18923746312117,272.03561662370674,311.6731025441458,233.31972274687084,-413.31227939785975,0.47186745901715094,0.03167641325536059
644,97.72419749832994,270.1431688096714,310.3788283151514,232.650227213201,-414.6061262615106,0.47488855794477636,0.0369558154645874
645,99.72836726041851,271.3487196109131,310.5536111404146,234.5755420823655,-413.3039781990161,0.4622013079285949,0.03431611435997392
646,96.8291776328034,273.70459244819745,313.6734758935846,232.59885064633414,-412.98527066396707,0.48036132324871383,0.02639701104613385
647,97.59412565011213,274.40089298816343,313.83492853181536,233.23496170303008,-412.18584175529395,0.4755159692197759,0.02463721030972489
648,97.29878113509814,275.5871381080866,314.9287192800872,233.21177126769993,-411.63968637332084,0.4773402243210883,0.021117608836907043
649,97.30346289615213,271.92416361731586,312.0060955935578,232.62817370208876,-413.7686942772915,0.47745580929333525,0.03167641325536062
650,96.41251457280252,271.8318526549154,312.4101185907715,232.04795573162895,-414.3191559973082,0.48304415956951957,0.031676413255360664
651,100.44855612501861,268.10943671660334,307.7835565402039,234.7497030239054,-415.1242119883757,0.45791867825870486,0.04399501841022301
652,99.07199380500069,269.7209356424002,309.47453601024563,233.71190755016588,-414.3854033994371,0.4664125424902677,0.038715616200996276
653,99.75023581201697,269.52142029019717,309.0917071544788,234.30586265254564,-414.3674034118521,0.4621745347630134,0.03959551656920071
654,90.93525271706959,277.33164658670705,319.90093724216246,232.65424200603425,-415.3050082528142,0.5173275973051792,0.0158382066276805
655,91.01570214378582,277.3245291257208,319.85823303171486,232.61598088093785,-415.2480993131792,0.5168202033949498,0.0158382066276805
656,90.85484597903206,277.3391530461332,319.9432667199657,232.69365463077253,-415.36139879435814,0.5178349912154085,0.0158382066276805
657,88.11104466790997,281.3485925947177,324.02493419724306,235.22679663603355,-414.7653177385997,0.5354711758375317,0.005279402209226866
658,88.83718099570706,283.0727386660117,325.2452189316605,234.9027698432241,-413.3847270187966,0.5309208779155573,1.3725037811968317e-17
659,88.52070566433571,283.11835275758693,325.3577567532966,235.16329449862164,-413.5326562874821,0.5329504535564751,1.3246391184630895e-17
660,88.20445765869083,283.1655501228915,325.46023982001833,235.435126643092,-413.66692649266577,0.5349800291973928,1.2767744557293499e-17
661,87.95236617091945,281.37312250689337,324.0708034675393,235.36851868982046,-414.8251578062852,0.5364859636579906,0.005279402209226865
662,87.8884700208023,283.2143977256734,325.5522467962201,235.71715174048978,-413.78698557435354,0.5370096048383106,1.2289097929956077e-17
663,93.17290106749284,273.54386273332653,315.6963330098703,231.45709552182845,-415.7187677259402,0.5032221182636807,0.026397011046134004
664,94.25248956364958,272.93391799445624,314.5662967287208,231.42424245790653,-415.2086213612067,0.49649613203229365,0.028156811782542895
665,93.63095004432242,275.37197220285236,316.8835535139715,231.7530859133099,-414.2858074189836,0.5003701506394651,0.021117608836907196
666,92.7112280784729,274.1671115642338,316.4586369074727,231.60050574562877,-415.73323584228666,0.506109783442005,0.024637210309725096
667,87.7937165637013,281.3979266467424,324.1139898400189,235.51256984926007,-414.8813620413754,0.5375007514784494,0.005279402209226865
668,87.63516122744906,281.42341497509364,324.1544408206105,235.65881150040084,-414.93386165974556,0.5385155392989083,0.005279402209226865
669,87.5727197727761,283.2646845488829,325.63335634629635,236.0082552546696,-413.8922814725515,0.5390391804792284,1.1810451302618654e-17
670,87.25712596236626,283.315941721419,325.703179985249,236.3072991819639,-413.9823065814452,0.5410687561201462,1.1331804675281234e-17
671,86.9416495186738,283.3680150116222,325.76148261886186,236.61303594077614,-414.0567608670692,0.5430983317610639,1.0853158047943813e-17
672,86.6261960657548,283.4202897914897,325.8080738875664,236.92418599237365,-414.11540483138776,0.5451279074019817,1.0374511420606391e-17
673,99.82222436851846,264.0384663270161,304.7060733638377,233.49704384265513,-417.5577813073165,0.46209421526626915,0.055433723196881085
674,100.50067502773805,264.45494732554255,304.86192748414743,234.21626839377444,-417.25391531255633,0.45786513192754197,0.054553822828676594
675,99.79797325765176,265.86622870417887,306.16793829551256,233.7666135537049,-416.49430500514524,0.46212098843185057,0.0501543209876543
676,93.6374507196922,271.70642162302295,313.956693814853,231.15903529099373,-416.4092554179179,0.5003166043083022,0.031676413255360775
677,89.95160407585371,276.82334695065765,319.9040482620339,233.11574508541136,-416.3115895660744,0.5235283408492825,0.017598007364089476
678,89.04014790882144,277.55020321677864,320.7800357264246,233.86840205905733,-416.47106770692193,0.529349954374597,0.015838206627680575
679,89.448192297485,279.3273467373812,322.07648446103684,233.85148407473886,-415.1889209682644,0.5268292320935405,0.010558804418453721
680,89.28884385789699,279.3480481360225,322.14289587835015,233.96858555218134,-415.276686311465,0.5278440199139993,0.010558804418453721
681,89.12960471459827,279.3692926063171,322.2069881085493,234.08920339127573,-415.3612894992567,0.5288588077344583,0.010558804418453721
682,88.97042001120046,279.3912278196351,322.2687813686084,234.21318332123707,-415.44275967773456,0.5298735955549172,0.01055880441845372
683,88.96042939191729,277.5615677551301,320.810528545824,233.9311888229081,-416.5112498503883,0.5298573482848266,0.015838206627680575
684,93.64105484617032,270.4845664280773,312.98105642660477,230.961022631085,-417.1170478575428,0.5002987555312479,0.03519601472817864
685,93.64732497397567,268.04132423824285,311.02975542655525,230.56500385271744,-418.5325974063937,0.5002630579771393,0.042235217673814364
686,95.03786946025937,269.9057941917352,311.6774702037585,231.1255822076641,-416.37111079612913,0.4916536087733294,0.03695581546458751
687,88.13672870702808,277.68194347176285,321.09056308468575,234.62371359697983,-416.87878524080884,0.5351004186905308,0.015838206627680568
688,88.15061039113111,275.8489028690692,319.6233548752324,234.32189046530777,-417.93549214513223,0.5349150401170303,0.021117608836907425
689,88.03038377427751,277.698568858383,321.1218258821139,234.71831671773012,-416.91959545576486,0.53577694390417,0.015838206627680568
690,87.9372996927557,275.8820609032219,319.685101417353,234.51255656192112,-418.01604679230906,0.5362680905443088,0.021117608836907418
691,87.92400974527011,277.71516144061405,321.1519251675993,234.81398659221372,-416.9588281678723,0.5364534691178093,0.015838206627680568
692,95.02370263158984,267.46159044899093,309.7379396146799,230.72507611939204,-417.8025381885103,0.4917870425226307,0.043995018410223234
693,87.81762573606379,277.73183615688544,321.1808454915917,234.9106825672225,-416.9964631314292,0.5371299943314485,0.015838206627680568
694,87.71124087018538,277.7486528584341,321.20857140454075,235.00836398954837,-417.03248010073366,0.5378065195450878,0.015838206627680568
695,87.60486931339648,277.7656862361194,321.23508745689634,235.10699020598312,-417.0668588300838,0.538483044758727,0.015838206627680568
696,89.67407796272406,274.414692206175,318.0812152895883,232.91281466722663,-417.8973423055054,0.5251886345050458,0.024637210309725224
697,90.44101357259433,273.71577896254195,317.2335380910384,232.32738119533823,-417.7737772975945,0.5203254316990535,0.026397011046134122
698,89.96409470917784,275.6007256105222,318.92399257558117,232.91233372744875,-417.01351246106384,0.5234000769578419,0.02111760883690735
699,92.24792163470119,269.9096605740353,313.32255651619505,230.9957049552027,-418.58391160481045,0.5089260535121121,0.03695581546458763
700,95.95623832505777,264.6684929250313,306.9592428861442,230.6504075737997,-418.7740870463684,0.48610066799884977,0.05220742184679821
701,96.39655941004975,266.9448916736543,308.5234218947528,231.25024184572823,-417.17170580126003,0.4833110270681221,0.045754819146632104
702,89.97560157739592,271.93574935195807,315.9956881205665,232.31834236863182,-419.1350178237689,0.5231773993232691,0.031676413255360934
703,89.0904599566554,272.04949361913873,316.37325555968545,232.95449530182674,-419.6343668163333,0.5287657495994535,0.031676413255360976
704,89.5635218196596,270.1545376854385,314.71794010781815,232.30712243914786,-420.4426597786951,0.5256911043406651,0.036955815464587746
705,90.86623254176848,271.841094951829,315.5547808003876,231.8039719251665,-418.5489772125,0.5175890490470848,0.03167641325536089
706,95.04166332437242,263.7973693490779,306.8054709364708,230.1376850331406,-419.91836207078904,0.4917334961914679,0.05455382282867682
707,95.73516984193132,263.5322688352339,306.1826949707172,230.3624590422847,-419.5825730029729,0.4874954884642136,0.05543372319688126
708,92.27392275170583,267.4653953256056,311.3593756478409,230.59405062719804,-419.9835656342802,0.5087212246545937,0.04399501841022335
709,87.9714060900421,273.1300289641949,317.48043894128494,234.04597688577599,-419.5961092345189,0.5358914225050321,0.02903671215074763
710,88.06829558096618,271.5890284070577,316.23321558349204,233.71682532618706,-420.44469388387694,0.5351920015481032,0.03343621399176996
711,87.16385236840108,272.9539537753227,317.43020711474344,234.7516049958895,-420.02372077171884,0.5409673319047518,0.029916612518952133
712,87.32010355404661,272.31805946552333,316.91035337392435,234.50510500978402,-420.3364451349071,0.5399424501518223,0.03167641325536105
713,97.70265001008246,257.9922286421647,300.709584634379,230.68032560668578,-421.6924442406752,0.4756087478704214,0.07196231319038346
714,99.10130079703539,259.1860870079573,301.077932426499,232.05295189453346,-420.52567707762506,0.4668569715532558,0.0690924842971627
715,97.8163744506578,260.9944730329016,303.04743184600903,231.25163607332146,-419.8944901887824,0.47475469211686927,0.06335282651072136
716,87.55479730775576,271.3644218227026,316.1254595483124,234.13796009279358,-420.79862576011567,0.5384051275224281,0.034316114359974434
717,91.35535373797963,264.6738923079752,309.60956418014155,230.4302915739314,-422.33916558771716,0.5143243048854548,0.052207421846798406
718,90.90432304423614,266.95229143951667,311.6375669432213,230.99704647215452,-421.3606270715977,0.517179391332048,0.04575481914663234
719,92.27383415838452,263.8008098032725,308.4384497531914,230.00106145549876,-422.1149756127787,0.5086676783234308,0.05455382282867694
720,91.58209513706181,263.5371373393143,308.59071801927996,230.16032806959907,-422.8217515096318,0.512896761662158,0.05543372319688144
721,86.8609353105014,269.3416184367235,314.55872231312225,234.46252788796167,-422.2176976824876,0.5426074376955737,0.04047541693740572
722,100.15790965571806,250.3916958613035,293.7507101641136,231.63509375466006,-425.4813516864652,0.46095204774793075,0.09492094433614894
723,87.51054888109869,265.8777955804407,311.745319616644,233.3050327214894,-423.9966961672379,0.5383248080256837,0.050154320987654814
724,88.2013760073209,267.29550351398444,312.77932299193554,232.91983693380075,-422.8706597931007,0.5341135734640109,0.04575481914663246
725,87.52620952684963,267.70665061722667,313.20536014358834,233.58271088777136,-422.9306640198621,0.5383515811912651,0.044874918778428016
726,86.81489271613563,264.46546019420623,310.66475580928756,233.72914623020014,-425.0596535905882,0.5425360425873568,0.05455382282867718
727,87.49501498831157,264.0485530761048,310.28528524891567,233.0273188195023,-425.0627370501037,0.5382980348601024,0.05543372319688161
728,87.63950881578451,261.7820409716455,308.45773692349246,232.53419668636778,-426.3175184759292,0.5372530467678935,0.061899862825789256
729,88.74452734957399,261.8647989970579,308.3273786526339,231.5987413444408,-425.7380200991468,0.530400314296489,0.06117338098332296
730,98.82382693814007,244.205846235954,289.2524873184468,229.4053552112314,-429.32969846371276,0.46939583971244275,0.11213991769547316
731,99.62924911417772,243.33506439644174,288.2848792834062,230.0040884000652,-429.665798964852,0.4645812741263492,0.11500974658869385
732,99.25439611319239,244.7696965375303,289.548148485973,229.88599644942357,-428.8987935307167,0.46675136216243374,0.1107050032488628
733,97.9669103384193,243.08615885705177,288.7122014738384,228.4917089370628,-430.25949670086897,0.4746847948124609,0.11500974658869391
734,86.66874432802165,259.446008024393,306.6588992538133,233.067390195344,-428.0140131239412,0.543060791147089,0.06909248429716322
735,99.60978108566309,241.8387492482144,287.09945048193526,229.74521446531676,-430.5422491014551,0.4647945947791273,0.1193144899285249
736,94.67864058537121,245.78540871117227,292.6661541316022,227.1137183168368,-430.6586562168587,0.49418025191379733,0.10640025990903196
737,95.534087918373,245.828071012465,292.18807109592024,227.41008769855554,-430.01228098824606,0.4891284915707416,0.10640025990903192
738,95.16288167323945,247.30087690276088,293.58287698197074,227.50590756510164,-429.4193370103377,0.4912985796068261,0.10209551656920088
739,101.30832478944838,237.7585323374608,283.4445805561072,230.73747271687355,-432.8186932041603,0.4550085562709749,0.13188352826510702
740,86.49365123734374,256.4888513257122,304.2989042607386,232.76473239049974,-429.7787632672421,0.5439148469006412,0.07770197097682531
741,87.93283658479973,257.2492185972243,304.79583693418806,231.54930688576357,-428.8179197250815,0.5351630705834757,0.07483214208360456
742,101.65937297273268,236.55672542307303,282.43381315353696,230.89082944060542,-433.5407021390373,0.45305472172490296,0.13551819363222853
743,86.37435504497455,254.51728140077154,302.7243993864494,232.56440963905155,-430.9536656923082,0.5444842174030093,0.08344162876326672
744,87.14584700005737,251.7320008571126,300.4756149089001,231.38306138569345,-432.3310264089855,0.5395986506955124,0.0910945058118552
745,90.5505529502677,245.93888445214725,295.0312155040388,227.79092786362276,-433.82884604855184,0.5185944396270133,0.10640025990903212
746,91.49093791015221,245.85301487515787,294.53481381024204,227.3337895361874,-433.1674842946268,0.5129779008002606,0.10640025990903208
747,90.87574437358741,247.40042375689393,296.0575667072959,227.85573441656493,-432.74106329779636,0.5166998528047704,0.10209551656920103
748,94.1480334034916,240.12712748300336,288.4745274338182,226.08810191122916,-434.355595341947,0.49732620411444306,0.1226626236372826
749,94.68702915074805,239.80910292686843,287.8957595142136,226.14740066052255,-434.1250245201725,0.49419402796981104,0.12361923326835611
750,94.68435569141515,241.8012132400003,289.4858878047533,226.46950979887308,-432.96956401108275,0.4941894359511398,0.11787957548191474
751,86.74737065040716,248.97732536484335,298.2957114710636,231.32009403982926,-434.060719264839,0.5418164407515308,0.09922568767598054
752,99.479062043571,231.02367598751306,278.5298644068702,227.88838807833886,-436.8713822227961,0.4662207645713549,0.15042235217673802
753,99.48648508374367,228.92073372004648,276.85258389345285,227.55895090344083,-438.09594413888743,0.46629287187243235,0.15648689625297799
754,91.46172082559394,239.87903748182708,289.7848434907109,226.37813338426437,-436.6611683101092,0.5129916768562743,0.12361923326835624
755,91.99820113146302,240.17439981874347,289.747547305959,226.24489534362294,-436.06464052803506,0.5098579700387519,0.12266262363728266
756,91.47121348295973,241.87030225527448,291.36816469914305,226.69667929676652,-435.496604050893,0.5129870848376031,0.11787957548191487
757,85.9317613193391,247.28945517316242,296.9433892830549,231.83924896544755,-435.2510033679774,0.5465719092450255,0.10448704064688517
758,98.53150267048798,229.99559410282035,278.0434318058737,226.863415768766,-437.6888395788969,0.4719120018842202,0.1529672947801602
759,101.44747461969023,226.80380893359464,274.6938325154074,229.11581265034005,-439.2076900822489,0.45505461184885654,0.16352609919861363
760,86.50759662655048,245.03483161683042,295.15194365217525,230.91789066911937,-436.4175896483618,0.542955181756267,0.11070500324886333
761,100.79692222827711,226.10450366363676,274.2612488580826,228.3637009316884,-439.6079830754597,0.45884877005743335,0.16522272760089507
762,97.91943138048983,228.9122672958993,277.4373669660373,226.17196436566127,-438.52738380769046,0.47561201785832996,0.15583712367338087
763,97.57719674834134,231.08506278888706,279.32673369969876,226.2545005530033,-437.40489362604717,0.47753113189600815,0.14944769330734237
764,101.46231876111251,224.70128231997037,273.0169909429814,228.79376765891695,-440.43274744713955,0.45512671914993386,0.16959064327485363
765,99.50461571199355,224.71411588143894,273.49792309976374,226.89975524978874,-440.5449379843036,0.4664370864745871,0.16861598440545797
766,94.98187524927539,231.85263343053165,281.3741456498102,224.94302782423046,-438.52925815812586,0.4925890357059915,0.14657786441412174
767,94.86530651979363,233.83973015361124,283.0286664420498,225.22924389282025,-437.46080578531434,0.49323378782272204,0.14083820662768032
768,94.33941428008728,233.49054294387128,283.06736911162045,225.0447276827743,-438.06328723592344,0.49625927061767755,0.14179481625875393
769,86.17179177724285,243.5981442374688,294.003734445112,231.01389565675987,-437.33952822288836,0.5448497685785099,0.11500974658869437
770,88.04632855142006,243.28812078159328,293.62675889459655,229.21578881229607,-436.85583307344825,0.5336166909250045,0.1150097465886943
771,87.0233404602385,244.4513520437269,294.66670253327806,230.33491515606414,-436.5949911123013,0.5398423514791794,0.11213991769547364
772,94.80361470944116,230.84881406818732,280.68078894305035,224.72689675566792,-439.24439639572614,0.49362070002590797,0.14944769330734242
773,95.42918798527644,230.8802930509117,280.33219607141496,224.94695120288787,-438.7730431485282,0.4900364117520701,0.14944769330734242
774,101.55824202344375,222.53776319105333,271.2782214632321,228.53997449358522,-441.6977941363513,0.4547522695901485,0.1758717782109593
775,99.67740018525996,220.3822599359317,269.9959514419919,226.36604827315097,-443.0425256906901,0.4656881873550162,0.18117825427766934
776,95.0388763971682,226.87326193930568,277.37084335027424,224.15503633075173,-441.38007876438036,0.4923311957924469,0.1609270088802252
777,95.62093075835563,224.9149625201855,275.4641482890113,224.06198730247868,-442.1071167512382,0.48905782112389345,0.16666666666666666
778,95.50757144459845,226.8994707633417,277.11304310857446,224.33477613563107,-441.03127427716464,0.4896628441382537,0.1609270088802252
779,94.68041882340482,224.86622778132022,275.98676598954063,223.72358305079882,-442.8138879821745,0.4943945244322799,0.16666666666666666
780,98.56157867788,221.8119337235359,271.51270990328896,225.57225136325468,-442.44389533461816,0.47215058438547153,0.17655764926720083
781,98.00792520018106,222.5350628526355,272.3161700686864,225.2154992948568,-442.2046595142828,0.4753817829006992,0.17424734676196657
782,93.58347605518847,227.50516363775998,278.74975872593564,223.98831949431877,-442.1393892038971,0.5005908972296403,0.15901378961807813
783,92.79249666549138,224.86265769258108,277.1050003231481,223.59818812511173,-444.31849629045007,0.5050679310490527,0.16666666666666666
784,93.73645421898698,224.84859379221575,276.54146529359605,223.56514859632972,-443.56147836292183,0.4997312277406663,0.16666666666666666
785,98.08941724745743,220.36528265783636,270.55277981628734,224.9325516936764,-443.4369865371154,0.47500733334091383,0.18052848169807223
786,99.76531650567769,218.2165561210536,268.2457791633269,226.10048838360584,-444.2923964849237,0.4653137377952308,0.18745938921377506
787,98.75183176713702,219.31543333169267,269.4536408439649,225.33965048437156,-443.84694566107106,0.47115614623745006,0.18383149231102436
788,97.82560081019385,218.26247358529528,268.99247078465953,224.37976803976127,-444.759575065096,0.47662410511988396,0.18648473034437937
789,92.20715077936603,226.87997164667578,279.03797175192346,224.0359983695224,-443.62236746502316,0.5084207639223467,0.1609270088802253
790,91.85148502521861,224.90871626539024,277.65345327217966,223.81698466701286,-445.05286724436905,0.5104046343574391,0.16666666666666666
791,91.73883851173444,226.90830159868344,279.30573020273806,224.17795523202838,-443.9804430142855,0.5110891155765399,0.1609270088802253
792,91.67301703467562,224.92091951913758,277.75404442832667,223.8787230253042,-445.18728109557424,0.5114194221778979,0.16666666666666666
793,95.10445958686365,222.59162537318534,273.9182686603311,223.4828581614209,-443.8217323852399,0.49202885353373876,0.1732726878925709
794,95.57684024620275,222.6190750316308,273.66015273056263,223.67047194983388,-443.47240289836355,0.4893605018795456,0.1732726878925709
795,90.84714927341821,226.983320058925,279.78820183897875,224.57004706605247,-444.62391332258443,0.5162128935471678,0.1609270088802253
796,88.7397209986107,229.0159971279096,282.1038689320874,226.3382903254918,-444.79744411858223,0.5286917165945197,0.15583712367338115
797,89.1542896058315,231.17272562026963,283.727115207924,226.34905566736873,-443.31818250159654,0.5263072301959371,0.1494476933073426
798,88.9207405581298,226.88396759149413,280.3625096597338,225.84460047586757,-445.93797892666606,0.5274872241091761,0.16190166774962111
799,87.43882121786315,228.99471990773176,282.2870366731033,227.4759622488449,-445.4013856436779,0.5363770682726017,0.1564868962529784
800,91.67086240185637,222.62831108775507,275.9262864198599,223.5076995243134,-446.52036639340866,0.511374132716086,0.17327268789257097
801,92.14260826727792,222.59859902882135,275.65770342155554,223.3581093148589,-446.16128019029287,0.5087057810618928,0.17327268789257097
802,90.77294007973939,222.70532284704575,276.4084192037651,223.9158767967546,-447.1631755646262,0.5164979106867139,0.17327268789257097
803,96.76607531924377,215.078787005337,266.9782287967842,223.0959782416191,-447.1153506406467,0.4828089278378032,0.19529275864558507
804,96.89786889308208,218.15049290526719,269.35712704084074,223.67905981710422,-445.25866518788547,0.48196080842827044,0.18648473034437937
805,95.10370682521612,216.8595325344105,269.3484450272202,222.55362508737358,-447.1538909479595,0.4921181971987675,0.1897877409573316
806,95.56517906784428,218.03293408543647,270.0106553517018,222.92222818875516,-446.14674231054016,0.4895209579081154,0.1864847303443794
807,94.88995072687092,217.99589167177425,270.38324620057466,222.66850323446192,-446.65078149610287,0.493301032648038,0.18648473034437946
808,89.76973720137649,223.35928298044252,277.3120188806192,224.63572700035252,-447.47911428421435,0.5223213015584475,0.17172045339686673
809,83.16983675093984,231.64197616769164,284.21594698237186,232.0481835114359,-444.75551650826304,0.5612440240725745,0.15093675546891977
810,83.8727408475549,224.71096829815212,278.7561883143651,230.2455446532906,-448.68661055611716,0.5565167444259311,0.17056530214424998
811,88.83490029539107,222.61207422532885,276.9724861313025,225.2258968403481,-448.4630229879727,0.5277722412487222,0.1742473467619668
812,87.80362317212821,224.72647535877792,278.8362321908882,226.4579267234584,-447.72574256008255,0.5339680833019145,0.16861598440545833
813,87.24360273547198,220.45791292507153,275.4862591760058,226.28366783052195,-450.4230333666201,0.536947102551694,0.18117825427766973
814,85.66996362142113,226.847887724971,280.61724019937367,228.81761536975267,-447.17308172917535,0.5464469063492664,0.1635260991986142
815,91.23053057061195,218.07756637102995,272.51175234630387,222.9455066988786,-449.5081379625439,0.5137580349161145,0.18648473034437954
816,91.57464251198917,216.90343177853083,271.4099876095887,222.61582199149356,-449.9239893261246,0.511796885182612,0.1897877409573317
817,91.90191440374642,218.02739120118457,272.1393767144015,222.68586935051283,-449.0109525827758,0.5099779601761919,0.18648473034437954
818,85.85148149022211,224.71307613755073,278.92019837213354,228.2980297001293,-448.37351420181784,0.5452424138639228,0.16959064327485415
819,88.56514794977929,220.47300616231433,275.3199543470606,225.10841051601787,-449.8422376885889,0.5292617508736119,0.1805284816980725
820,88.90270389933657,218.35535793594164,273.5610137299714,224.48512941433248,-450.89874945071085,0.5271622816145753,0.18648473034437962
821,100.0366004803372,203.12522131124626,256.15211648387873,223.93091464295057,-453.05555619159736,0.4646845642374114,0.23107537361923317
822,102.34221750544852,205.2328640220614,257.3828866875949,226.5308314742219,-451.8378173344412,0.45175667311186507,0.22612085769980483
823,100.41484472825537,204.90756165041182,257.4729280472199,224.58371015254372,-451.9837392956744,0.4624475531962308,0.22612085769980486
824,99.53107134260948,203.6162560058885,256.68804214436256,223.5299669277218,-452.8347623317378,0.4675025205851398,0.22942386831275707
825,98.53890680855889,204.60798751562294,257.8118328219774,222.77727205623495,-452.46235651044987,0.4731384332805966,0.22612085769980494
826,87.5638274824361,215.12459648442075,271.1976576135041,225.13356226067413,-453.3914117092232,0.5347800143777992,0.19639376218323615
827,88.02708880721735,215.05072383408566,271.0808796295857,224.7050837602059,-453.2399309731726,0.532111662723606,0.19639376218323615
828,88.34952455439621,216.14649137498725,271.90521627400307,224.5972066166271,-452.45678721542384,0.5302927377171859,0.19309075157028396
829,100.23007059722003,199.7183302868715,253.3880984607753,223.5674968891349,-455.0226326430079,0.4638175146444878,0.24098440545808955
830,99.40515807876436,200.15785244912774,253.9715039895599,222.85300292646482,-454.8696653034856,0.46841582821731104,0.2393329001516135
831,101.20285432426853,197.01548863299666,251.01479077406464,224.07901162879642,-456.5574180192765,0.4586411680097154,0.24924193199046984
832,95.44416724748976,199.10767565373868,254.994642705244,219.80461586626495,-457.2300859715995,0.490540346488504,0.24098440545808975
833,95.84794561917275,200.85556480118322,256.15112324738465,220.26981001551437,-455.93979271793586,0.4883033354473234,0.23602988953866152
834,94.86471864430173,200.79692484035644,256.6869779869012,219.8727915518076,-456.66510520764206,0.4936487754895063,0.23602988953866155
835,100.62241449692911,192.90581873902724,247.8669934015498,222.8502411581079,-458.965978899308,0.46208341545864057,0.2608024691358024
836,90.5085627249473,199.231001142115,257.8010931002619,220.26529319992713,-460.9963101613207,0.5172631783325201,0.2409844054580899
837,91.23257675205777,200.87988342494063,258.80025033110024,220.16100353488397,-459.5018427840922,0.5133274634733509,0.2360298895386617
838,90.16338729455565,200.9901603355824,259.33654253902705,220.76060452708515,-460.2149991635585,0.5192376819992305,0.23602988953866177
839,85.29407103730438,205.19089471137647,263.3154452274257,225.70586545568244,-459.82224450068543,0.5468275634361704,0.22612085769980544
840,87.41632168482569,204.8327365161166,262.994718480929,223.6164926169985,-459.4178771838288,0.535007126384411,0.22612085769980536
841,87.79544452702174,208.2100389853307,265.65007390182876,223.81170851669597,-457.30689953539337,0.533045915191952,0.21621182586094892
842,86.22808537780251,203.88369741460403,262.29703472691995,224.58543391349005,-460.36024279913937,0.5415710819744436,0.22942386831275755
843,88.07912960763635,201.28692244592287,260.0878917177823,222.44547364256022,-461.20333325300186,0.5310581190509901,0.23602988953866177
844,85.62517306752687,203.4134154463555,261.91323095034056,225.09324502315692,-460.78413529070605,0.5448530597694601,0.23107537361923364
845,95.09817154179984,189.34174714590017,247.41474536803537,218.0913074630539,-463.1502316164716,0.4925375112825564,0.26905999566818295
846,95.96433619282068,188.8257639442768,246.4947714408813,218.37811100979957,-462.8562905836219,0.4879391977097332,0.270711500974659
847,96.1324999868624,190.94179511299467,248.08537912626613,218.809732334409,-461.51909691141867,0.48698445958074116,0.26465598151758
848,101.99105671669142,182.23865827316325,239.10698227534397,222.47526527903042,-465.19085075502613,0.4554619807186682,0.29220814381633087
849,101.15049468337324,182.32552739651192,239.32637486142812,221.6625911618004,-465.1160735333146,0.45991578657103704,0.29154483430799216
850,100.17110086211875,186.52589948653326,242.89749681587426,221.3839885635536,-462.7140609902666,0.4649476298456166,0.2789690275070392
851,84.89242141308101,201.05515130215846,259.98905027857916,225.43334070167197,-462.293944075086,0.5486806625930178,0.23823189661396335
852,98.69102083169672,183.9942793883264,241.327830112053,219.58132246458206,-464.4123504888351,0.47327720739833956,0.28557504873294354
853,101.17054857515114,180.9470279373354,238.2252046435028,221.45730272274773,-465.91894144873623,0.45991578330084065,0.2955246913580246
854,98.72769221342716,179.855706931819,238.01624417208018,218.94391635412103,-466.81037579281497,0.47327719758775066,0.29751461988304095
855,85.77720620725937,198.80309608293254,258.23753138714676,224.20737054364415,-463.42501660323654,0.5436969936455618,0.24428741607104223
856,88.23914042872832,196.67624539771984,256.3859861060254,221.5602238735829,-463.80898335364304,0.5299020529270919,0.2492419319904704
857,88.18619167323712,198.21321073349816,257.62004796115855,221.85547427705822,-462.94055661013095,0.5302874083017247,0.24483791783986752
858,98.70225766934186,182.61504608303622,240.22396813085751,219.36885375970016,-465.21169225522726,0.4732772041281433,0.289554905782976
859,101.1906425311167,179.56868091229103,237.12403440482333,221.25201428085478,-466.72180933629875,0.45991578003064437,0.29950454840805707
860,102.04693668946742,178.5632032012697,236.17179941690333,221.93351330305222,-467.33346759195666,0.45546197199814475,0.3028210959497508
861,100.35536587916647,179.65771757122337,237.38254028185776,220.45277525976397,-466.6994320027769,0.4643695858830131,0.29884123889971836
862,98.75136800370777,177.09611282921603,235.808520218141,218.51897895444645,-468.4090593368301,0.473277191047358,0.30547433398310586
863,101.22575181925309,176.81176440852713,234.9216938668854,220.84143738901747,-468.32754503010335,0.4599157734902517,0.30746426250812203
864,101.59073720646438,176.18296612931198,234.35192740373662,221.0986989211043,-468.69859533339786,0.4580355229057545,0.3094541910331383
865,100.62601406842114,176.48052326172777,234.7869990015753,220.2023891066022,-468.534727063025,0.46311607895295576,0.30812757201646085
866,99.44534981682304,175.82474586196878,234.57495605477317,218.96193441940432,-469.02568888753774,0.46951668987836365,0.30945419103313837
867,97.92569032254437,178.12674244669816,236.9581177011697,217.9699324570376,-468.0609798382156,0.4777309990798576,0.30215778644141217
868,97.91527264381845,179.50668964765623,238.06264137480497,218.18515181148473,-467.26249227091586,0.47773100235005395,0.2981779293913797
869,97.08903650177685,179.1715510299024,238.18797563623187,217.50009405006026,-467.81976455329965,0.4821848071123573,0.2988412388997185
870,98.04821059926641,176.30193362642413,235.45009910338095,217.77651474269527,-469.07696011804916,0.47713752394916537,0.30746426250812214
871,98.39980554779828,175.6615516522736,234.79573454968576,217.9740369565344,-469.33506708804356,0.47525727336466816,0.3094541910331384
872,97.33339643602469,175.51672864460448,235.15245736441003,217.08499467244653,-469.82590226156304,0.4809978568509726,0.3094541910331384
873,99.12596789187003,173.93161414067114,233.16223737305253,218.3544609687976,-470.1750552667942,0.471365505274203,0.31476066709984835
874,98.26440532518383,174.2603008096335,233.7326619722501,217.62982116856233,-470.1909180780282,0.4760504141411172,0.3134340480831709
875,98.96621154539517,172.98532460304517,232.4585163279162,218.0521130540136,-470.7532667976636,0.47228991297212275,0.31741390513320333
876,98.98606862557519,172.06770380061232,231.7204045180108,217.9221365162184,-471.2830499594962,0.4722252027193249,0.32006714316655827
877,98.0452716286989,171.46642348181092,231.59628339060833,216.99204356329244,-471.8882177072682,0.4773399603088,0.3213937621832358
878,86.4588472172571,184.50539768331402,246.8213672946296,221.24388374214715,-471.53185922443384,0.5389850373437045,0.28515089163237356
879,96.06811397183306,172.62249220567486,233.51762710671133,215.80692200996793,-472.2055144136962,0.4877312511197448,0.31741390513320344
880,97.04977704880567,172.7201944961464,233.06419471433344,216.42842254771108,-471.5881142469921,0.48258413840387077,0.3174139051332034
881,96.21559973046033,174.01659028248102,234.546454263916,216.11228441110836,-471.30413141211056,0.4869381103432957,0.31343404808317094
882,96.64611981226493,170.83410957642772,231.7726547417756,215.85293624723744,-472.8999463897097,0.48476389290733035,0.3227203811999133
883,97.87852960726052,171.44323306510535,231.6502544702969,216.85096592040702,-471.9625635703003,0.4782301664644458,0.3213937621832358
884,101.26877206050861,165.69785867068668,226.06214264016026,219.08803200714232,-474.80079238854523,0.4604340311923103,0.3395061728395061
885,99.3553671355285,163.23680399297075,224.56901174430047,216.83828046354654,-476.35947251998914,0.4706688553897937,0.345679012345679
886,99.45623156876043,161.11050614072505,222.8456062585707,216.58807102153733,-477.58307462984146,0.4702465815750235,0.3518518518518518
887,89.45497037511272,178.1267250255918,241.33756863442414,217.55383885301234,-473.9526660244496,0.522269052153218,0.30215778644141245
888,90.29153375881629,179.1715593348734,241.8933947270971,217.14804200699365,-472.80467401364285,0.5178152495710455,0.2988412388997187
889,89.465088981638,179.50645270954476,242.43509056450264,217.76972440087613,-473.1447589819961,0.5222690554234143,0.29817792939138
890,88.65261941576917,179.85543169693872,242.90426613532705,218.47952154966086,-473.3862436103746,0.526722861275783,0.2975146198830413
891,88.62914062912404,177.0963475386917,240.70834736358813,218.0534602934084,-475.0008087238946,0.5267228547353904,0.3054743339831062
892,97.34019734644636,168.14899559141068,229.27595993045148,215.89662825777137,-474.10423528222316,0.48120306174435445,0.33068009529997827
893,97.83259248397827,167.2916059758148,228.36209525736425,216.14047890962223,-474.39301095623955,0.4786350522645005,0.3333333333333333
894,97.15561092984008,167.2061070859237,228.6150064227684,215.60988203606064,-474.7397306234981,0.4821958768870837,0.3333333333333333
895,96.47167468331783,167.13311000882098,228.91552460305164,215.14632312424445,-475.149581049741,0.485756701509667,0.3333333333333333
896,85.38611955604674,182.23791523331863,245.0051032952867,221.91483236719705,-473.12560820641943,0.544538086865389,0.2922081438163315
897,86.22635324727004,182.32566913742016,245.08565932683814,221.11523857012477,-472.8640552383883,0.5400842821030857,0.29154483430799266
898,86.20914207099324,180.94685771749803,243.98559903195726,220.9098444830284,-473.668416338508,0.5400842788328892,0.29552469135802517
899,89.33229819007224,176.30212364269545,239.91670509416545,217.3521401338419,-475.0858962236674,0.5228625185633868,0.3074642625081224
900,98.59676616842968,165.2597909454701,226.42880995241975,216.46385287507275,-475.3271816121632,0.4746519538271471,0.3395061728395061
901,98.26268596173297,165.21022335693002,226.51858773288762,216.16305741643652,-475.4516971808729,0.4764323661384387,0.3395061728395061
902,88.9805432118403,175.66183096896123,239.49355627611402,217.5276992865252,-475.6550582334121,0.5247427658776878,0.30945419103313865
903,90.04708062382481,175.51695740743347,239.06875886291107,216.71290311792632,-475.0945123916369,0.5190021823913833,0.30945419103313865
904,87.93489833560744,175.82519386539587,239.79126612041577,218.4663497361255,-476.0432034904731,0.5304833493639922,0.3094541910331387
905,91.31233449334148,172.62263305661747,236.23633309342944,215.54862105976585,-475.862996252599,0.5122687750418262,0.31741390513320344
906,91.16482594975754,174.01677409583203,237.41615675226655,215.83963726924375,-475.16474921791354,0.5130619223586678,0.31343404808317105
907,90.33065988119303,172.7204292077196,236.7358334423908,216.0795766500729,-476.5275789443284,0.5174158877577001,0.3174139051332035
908,87.00369872921405,177.82021215004605,241.46202783120486,219.64876891021342,-475.2333175098217,0.5356304664401279,0.3041477149664288
909,85.34612503715366,179.48276747378037,242.80437755620073,221.50845395569488,-474.7334606438792,0.5445380803249963,0.3001678579163964
910,89.1159382369827,174.26064377833706,238.34463295805654,217.19163643189552,-476.39541405781785,0.5239496185608461,0.3134340480831711
911,86.17140470271478,178.19009765406605,241.7854784854125,220.49905627659723,-475.27713859724696,0.5400842722924967,0.3034844054580901
912,86.75407445685612,176.48088780389304,240.40548265624997,219.66840527755932,-476.09328920106924,0.536883962469531,0.30812757201646124
913,86.15405665530395,176.8118872707479,240.6854182332079,220.29366215755303,-476.0814997551359,0.5400842690223003,0.30746426250812253
914,88.25437277967978,173.9320034601245,238.2428444343934,217.87177931870482,-477.01000815627793,0.5286345252476293,0.3147606670998486
915,98.66185390802487,162.0550349051348,223.85102339520833,216.00185890887812,-477.1735341478788,0.47445413023700356,0.3487654320987654
916,88.41419712277181,172.9856866316356,237.46615535084243,217.57635510049738,-477.49005571982707,0.5277101131894479,0.31741390513320356
917,89.50192686414432,171.44353223644384,235.99617517394412,216.43805280673556,-477.80914152250733,0.5217698531567325,0.321393762183236
918,90.73442265123222,170.834366239953,235.06970195228234,215.53968265466352,-477.3354721627219,0.5152361245337174,0.3227203811999134
919,85.78964155898053,176.18276166480814,240.1829511612029,220.54458787512874,-476.5430873501062,0.5419645163366013,0.30945419103313876
920,99.65769398263619,160.07207162220823,221.96179872923827,216.612902730566,-478.1632476293229,0.46922326763923006,0.35493827160493824
921,98.71137906324415,160.9914109504291,222.98540438897948,215.87332728400332,-477.78011522295526,0.4742429933296185,0.3518518518518518
922,98.49432611678161,162.02977645119392,223.89299719115823,215.84847593521707,-477.23191196362785,0.4753443363926494,0.3487654320987654
923,97.95526151497789,160.88001012447484,223.1975230294015,215.2000121794393,-478.0738311511308,0.4782394050842135,0.3518518518518518
924,88.39435777849674,172.0680508345018,236.73729732743888,217.44549910127864,-478.0322880268185,0.5277748190819841,0.32006714316655854
925,89.33519487103271,171.4668014952253,236.0609685518578,216.5678475882833,-477.89456976557955,0.5226600593123782,0.321393762183236
926,90.04057236264912,168.149571840529,233.19789346130523,215.5239970288109,-479.38042225783903,0.5187969426159083,0.3306800952999784
927,90.22491145180754,167.20686526906795,232.37997642009012,215.25216468157421,-479.8047541598004,0.5178041231129172,0.3333333333333333
928,90.90864115409212,167.1329393638614,232.0448099882652,214.84900806828216,-479.35941643126654,0.514243298490334,0.3333333333333333
929,89.54799714104234,167.29249078101537,232.6732285068054,215.7308677509515,-480.19278930128456,0.5213649477355005,0.3333333333333333
930,99.69392830361214,156.14975601704907,218.82613050333947,216.01235554052462,-480.44046690445384,0.46923978487807766,0.36625514403292175
931,95.67456744297051,159.56513935353627,223.3368309925708,213.49516927083673,-480.0512788697735,0.4900099086977526,0.35493827160493824
932,96.17626887357765,160.676357412879,223.9344736769161,213.92793309460393,-479.0806238389868,0.48743820202588695,0.3518518518518518
933,95.35396479584436,159.90171184280277,223.79353640405742,213.4128954978775,-480.0767145797697,0.491625468017258,0.3539094650205761
934,89.62164885236936,165.14080913214738,230.93522486031492,215.32827725261015,-481.39871875255955,0.5208991300492496,0.3395061728395061
935,89.28409025344675,165.1871440281865,231.06742513082042,215.58941687572903,-481.57306821009894,0.5226795423605411,0.3395061728395061
936,98.8569053033565,154.585764123555,217.8277708826014,214.96862818658428,-481.46980429443965,0.473756112219993,0.3703703703703703
937,85.9527251767639,169.24961649414348,234.6494261720008,219.26815882045986,-480.52342744896634,0.5406329242474059,0.3293534762833009
938,98.84461991458629,153.51230412774893,216.9762960166559,214.78325031440056,-482.0961232442856,0.47387000735297796,0.37345679012345673
939,91.70577101596933,159.56587878085588,225.63425822008523,213.27689285809683,-483.1420133678461,0.5099900913022479,0.35493827160493824
940,92.02644861081139,159.9022677996015,225.7371062415254,213.22823955323162,-482.6914038506144,0.5083745319827425,0.3539094650205761
941,91.20454870104695,160.67752207459324,226.76353187851436,213.6591445884046,-482.8865628234809,0.5125617979741137,0.3518518518518518
942,97.76213163568897,152.81893494407564,216.85609358260027,213.73654130276952,-482.83214787972514,0.47953160238402054,0.37499999999999994
943,89.05298639847983,162.006218748009,228.5884326556939,215.25599701167107,-483.5505645211584,0.5237675721063304,0.3487654320987654
944,89.42517807401845,160.8815680021046,227.59621339547695,214.78208224354958,-483.9914003012031,0.5217605949157875,0.3518518518518518
945,96.56681894282318,151.78546811266727,216.62961670472876,212.714803304939,-484.0144794541247,0.4856554665968062,0.37757201646090527
946,97.632497334351,152.80160421444862,216.90173348589857,213.63123868706325,-482.894838445097,0.4801976710097863,0.37499999999999994
947,96.6912362974424,154.29756437718382,218.56605069294048,213.20029069286863,-482.4847293156331,0.48496540714909303,0.3703703703703703
948,95.54753679512038,152.05758288462457,217.42519278892578,212.22134029559223,-484.50064502925477,0.49076823245996953,0.3765432098765431
949,95.75143638966932,154.21414145634262,219.02573197635863,212.6632405231394,-483.1094486438799,0.4897131733125373,0.3703703703703703
950,94.64554460613246,152.5474487261943,218.35457811041323,211.9882951025235,-484.86859768009543,0.4952522338365558,0.37499999999999994
951,94.72273164461288,154.15709025823904,219.59163609033996,212.26975704501328,-483.875104920531,0.49485658665626875,0.3703703703703703
952,93.6900491500757,154.13737214216695,220.1980702545477,212.09446399638213,-484.69244705898757,0.5000000000000001,0.3703703703703703
953,96.50370192422237,150.52939322005787,215.662145828528,212.47276590831243,-484.7803483394946,0.4860004963206628,0.38117283950617276
954,99.67306754878788,147.21762209194412,211.71273598520557,214.5477569249442,-485.63488043556055,0.4698025358245129,0.3919753086419753
955,97.51261857982517,149.03640302364144,213.95563188521143,212.92843808101873,-485.13342520491045,0.4809296808322666,0.3858024691358024
956,97.07909169511805,150.41180605382775,215.26568894194872,212.83159187657546,-484.5376213521137,0.48309686477901764,0.3816872427983538
957,96.32124266984044,149.97613888655167,215.32175152519585,212.2750895743844,-485.20955896106074,0.48693032973328665,0.382716049382716
958,98.24129927501777,148.06445698762735,212.8588666745727,213.36494970835184,-485.4221001483859,0.4772303171576336,0.38888888888888884
959,97.16196457445771,148.99323788457244,214.09211846517888,212.66141611426417,-485.32028961639315,0.48271009314355817,0.3858024691358024
960,88.26452443285447,158.91401803277464,226.26576108988414,215.42696512023272,-485.73172004204207,0.5278144970857733,0.3580246913580246
961,96.24389363218333,149.25485585750397,214.78955917252486,212.11450917553958,-485.675236059051,0.4873304146859874,0.3847736625514402
962,91.78251017609803,153.132773140765,220.46619688775723,212.20696375366848,-486.81979937966236,0.5094955323268893,0.37345679012345673
963,92.65737703563384,154.15738531593368,220.8138662454315,212.15363527004362,-485.5193741384346,0.5051434133437317,0.3703703703703703
964,91.62888715945591,154.21502922070084,221.40680828325142,212.43701639639656,-486.31271645786495,0.5102868266874633,0.3703703703703703
965,92.89146059629255,152.00672496147445,218.96607610464017,211.77230881461836,-486.5774690195634,0.5039564718028706,0.3765432098765431
966,90.68929115725543,154.29891095982245,221.9057761802792,212.8829802558455,-486.97767030525085,0.5150345928509079,0.3703703703703703
967,100.19220030756176,144.0903604162463,209.08845455457237,214.54234750095472,-487.41290129180624,0.4672847909339794,0.4012345679012345
968,95.23658637546075,148.82476448439402,215.03073380443743,211.57219919854327,-486.59579898524083,0.4923508211811175,0.3858024691358024
969,99.26839293576882,144.29541190315615,209.4926447658329,213.6870331965756,-487.3776371028443,0.47206155863745347,0.4002057613168724
970,99.68879192051737,143.47149656250335,208.7213679598991,213.95706218068793,-487.81119162266185,0.46990489617606856,0.40277777777777773
971,90.86902826159968,152.49490605609927,220.39091477543874,212.49428452551868,-487.89387637943565,0.5140763308439227,0.37551440329218094
972,91.90299376925184,150.98206933037446,218.6892306871184,211.81858524044895,-487.97317801373754,0.5088566909888992,0.37962962962962954
973,94.89127910216727,147.73585571055239,214.36914421162098,211.27823465493478,-487.4787288999522,0.4940652922956946,0.38888888888888884
974,90.95866624189522,151.59331780201242,219.63230141295017,212.30201437290228,-488.3503632494541,0.5135971998404301,0.3780864197530863
975,89.87716244473557,152.78647306446624,221.00454979945945,213.1427220147176,-488.41562958215457,0.5191362603644487,0.37499999999999994
976,91.09667137593401,151.04477142189322,219.13283246706516,212.14597128308097,-488.56523124685344,0.5128893893030615,0.37962962962962954
977,89.61772070905083,152.82028935253885,221.11360202611863,213.3320247747755,-488.5597846442209,0.5204683976159803,0.37499999999999994
978,91.40983447737531,150.48191416143047,218.53726871693615,211.91632047284818,-488.6518806611438,0.5113068005819135,0.38117283950617276
979,92.40773163662658,149.3468247699825,217.11642743261095,211.42016734867704,-488.5168952858816,0.5063303548845929,0.3842592592592592
980,94.85325805588536,146.66267796600013,213.536591686549,211.09267897428143,-488.13048340620617,0.4942631158858382,0.3919753086419753
981,93.68755658635742,147.70891350180835,215.07336499835247,211.05194305503568,-488.42815695544084,0.5000000000000001,0.38888888888888884
982,93.68721109015362,145.56631554170784,213.36512992201284,210.70443609491022,-489.6733935995079,0.5000000000000003,0.3950617283950617
983,90.41356867163844,151.11406462473545,219.47749218634593,212.5238662939051,-489.0236518133824,0.5163389021613708,0.37962962962962954
984,96.38370400929355,144.62521293969175,211.02006199847415,211.44477259770863,-488.280355302552,0.48672584948452235,0.39814814814814814
985,91.36933035318512,149.5926245652767,217.8478362384863,211.78906376350136,-489.20052134720015,0.5114943388574794,0.3837448559670781
986,99.88943387123564,140.82590536799947,206.56146312801275,213.720487314523,-489.3321286596707,0.4690125753657981,0.4104938271604938
987,99.76873915911065,138.6638066648296,204.86811522419458,213.2531248543972,-490.5989075992585,0.46974567863579053,0.4166666666666666
988,99.06764285450211,142.1192380005791,207.81917393021877,213.14390112227045,-488.67210145363947,0.47321341492533264,0.4063786008230452
989,94.85508612609047,145.5913584068083,212.6812927059716,210.91956767392534,-488.7515055544466,0.4942631158858383,0.3950617283950617
990,94.8962452652035,144.5218400324149,211.8031352397596,210.75901969740525,-489.34164324540143,0.49406529229569474,0.39814814814814814
991,92.48430552540104,147.73611294132218,215.79026668671247,211.14321625979505,-489.3905684455855,0.5059347077043057,0.38888888888888884
992,92.5217916287334,146.6629681835088,214.9138080661802,210.96183205287795,-489.98325597370336,0.5057368841141623,0.3919753086419753
993,95.49351289979438,143.4832275353956,210.61956536374072,210.80897048030295,-489.5185882019116,0.49115056632301507,0.4012345679012345
994,90.30299161451437,148.98431657708733,217.82240625420448,212.2465432689486,-490.3394280948168,0.5168458611059319,0.3858024691358024
995,93.68672238019532,144.49483628644626,212.51101238540505,210.53068261835193,-490.29601192359604,0.5000000000000003,0.39814814814814814
996,92.51921803162799,145.59138978841617,214.06091419202343,210.78849223721448,-490.60751371763257,0.5057368841141624,0.3950617283950617
997,92.11394692731949,144.54010351059955,213.44269582542046,210.71165492059498,-491.5459618789359,0.5077151200155976,0.39814814814814814
998,92.47695179911207,144.52189496504087,213.23170572131397,210.6232936480258,-491.26350261277616,0.5059347077043059,0.39814814814814814
999,94.65784536767596,142.90535338812282,210.6586078231057,210.42865808007457,-490.4601304791827,0.4952522338365559,0.40277777777777773
1000,95.42951181475554,142.94350726785385,210.22711433925429,210.6946490403073,-489.8767641459939,0.49147361564796677,0.40277777777777773
1001,94.47561441249879,142.89924256377253,210.76388649716915,210.3835438772089,-490.6022111242543,0.49614243999220176,0.40277777777777773
1002,92.89728277525658,142.89927509050688,211.70129259883294,210.294482758039,-491.86330584545897,0.503857560007799,0.40277777777777773
1003,92.71503565869499,142.90539807003134,211.80936497090482,210.31932678111582,-492.0082468860142,0.5047477661634447,0.40277777777777773
1004,97.92051278282666,137.662754112176,204.7005255298659,211.40927156726738,-491.5761671626315,0.4792355718836802,0.418724279835391
1005,98.78738074507551,139.04008781109397,205.45639997001595,212.38606569462988,-490.5164985628687,0.47478806552982555,0.41512345679012336
1006,97.7903371032362,139.43043693434313,206.1679436688288,211.59017609697065,-490.5988502811655,0.4798304524238606,0.41358024691358025
1007,102.57901152612972,133.24117085775546,199.98619330771416,215.1255986105206,-493.7510961803538,0.45608170028664247,0.43366228070175056
1008,92.07900376654159,142.9352299549391,212.18099148928354,210.46064341369603,-492.50593839816355,0.507860315726268,0.40277777777777773
1009,100.56353430581875,133.97587749504237,200.9418960116296,213.26395681066913,-493.27941024930936,0.4659690612999902,0.4305555555555554
1010,96.97227284564504,137.1862961728746,204.7744477622276,210.6140396039598,-492.2751624194985,0.48398051850762497,0.419753086419753
1011,97.98611064034965,136.77901624615484,203.96745297495102,211.3197663245452,-492.0656690247779,0.4789381316135899,0.42129629629629634
1012,87.78893599386141,147.20522831833378,216.98081074333768,213.96455312590066,-492.723091731918,0.5297534184249769,0.3919753086419753
1013,94.90947887977825,138.09374827315392,206.67111729567515,209.72058985355616,-493.067471934903,0.4940652922956948,0.4166666666666666
1014,95.88219385239492,138.51048526297518,206.42867889416812,210.18166750045492,-492.1462491366952,0.4893203456717501,0.4156378600823046
1015,95.75493831311945,140.28651167293467,207.918387902156,210.40791845019837,-491.1983132748488,0.48991522621193045,0.4104938271604938
1016,102.58135399230312,130.2922801284771,197.6361866966649,214.6489129647617,-495.467508588779,0.45628407372136265,0.44216008771929266
1017,103.02625253268322,129.38564859898747,196.8529428778447,214.94152442531671,-496.03399576876916,0.4541962788413009,0.44499269005847336
1018,81.39267345110568,153.28480817950634,221.56210465384692,221.16456339141988,-490.55939366134805,0.5624388080077058,0.37761262724712746
1019,86.53485138267305,145.1504276736844,215.40908442799378,214.8107954130983,-494.3382034758279,0.5360808413468292,0.3985001082954294
1020,91.49129830117647,138.51099512345684,208.9545373205877,209.94168721947125,-495.5442926989797,0.5106796543282507,0.4156378600823046
1021,92.46413775695599,138.0939864774893,208.11458384736076,209.5834484961271,-495.00937102264436,0.5059347077043059,0.4166666666666666
1022,91.61827763406961,140.28676059503377,210.3073449013056,210.18094551945995,-494.41218300435804,0.5100847737880703,0.4104938271604938
1023,101.20333872329742,128.18453345423123,196.1938318331179,212.9499124552515,-496.63947508685186,0.463140929131978,0.44755116959063956
1024,86.58414012166146,143.47424229275202,214.07043717307224,214.49348181889889,-495.296439925537,0.5357363560646451,0.4033057179986996
1025,87.71847450926586,143.88152476085733,214.33592085809224,213.4912480274409,-494.68105640421186,0.5299525393616297,0.40158652804851575
1026,87.00637647575621,142.86747826660925,213.57121741541107,213.99472909653457,-495.5160251963395,0.5335602965730664,0.4048489278752428
1027,88.78317908921521,141.6893825866754,212.4506904794983,212.18154790194447,-495.4990395075317,0.5243196136599045,0.40740740740740733
1028,87.20638750857945,141.46647771215518,212.44383835839434,213.57836469088727,-496.2630967466809,0.532458304836781,0.4087881741390507
1029,93.1398107218931,134.14236458410096,204.58183648980204,208.85349723389712,-496.7545359152071,0.5026376478685807,0.4279835390946502
1030,94.09775701956576,133.78299036174116,203.72572310848327,208.83529198048095,-496.19354578603014,0.4980217640985653,0.42901234567901236
1031,93.68708331128599,134.85179904338693,204.82395459733627,208.96690142221144,-495.8995768948489,0.5000000000000004,0.42592592592592593
1032,88.58510545181271,139.04050016302799,210.3763003323911,211.91862251945844,-497.1352527202222,0.5252119344701751,0.41512345679012336
1033,89.58258161547631,139.43111569246278,210.4507586616107,211.1832549334002,-496.3605320122405,0.5201695475761402,0.41358024691358025
1034,89.45267493387134,137.66347391922972,209.07944035282864,210.99321964361545,-497.46713223671816,0.5207644281163205,0.418724279835391
1035,100.05830685016568,126.74330091625512,195.2943992155417,211.59805898279083,-497.5071068557624,0.4688991076132494,0.45114522417153746
1036,93.68712979992031,132.70791985804573,203.11571954210675,208.6193945094467,-497.1448135666842,0.5000000000000006,0.43209876543209874
1037,94.50914158731014,133.434874067527,203.2000760732505,208.8563563025813,-496.0762292038533,0.4960435281971301,0.4300411522633745
1038,97.38330157207041,128.66328841779415,197.7743534541388,209.52567209094136,-497.02758195098073,0.4821958768870839,0.4444444444444444
1039,96.70211009834452,130.01413211316734,199.19869280459957,209.27010044137776,-496.5874131812377,0.4854929367228092,0.4403292181069958
1040,96.16588697044797,128.53375641707186,198.31408040277654,208.71072410084753,-497.763443233281,0.4881305845913894,0.4444444444444444
1041,89.38791870524169,136.77976964594447,208.39322469363222,210.89926245425357,-498.01967079737943,0.5210618683864108,0.42129629629629634
1042,90.40145944876197,137.1870327705783,208.3801011728681,210.27146131218404,-497.1258569274969,0.5160194814923759,0.419753086419753
1043,97.27186184281247,127.04279471399357,196.5367274491275,209.1798567608817,-498.02113414337884,0.48278934765751447,0.44907407407407407
1044,99.67140230842244,124.26720221482108,193.41525465374775,210.81998990946315,-498.97023323661136,0.47097625530975623,0.4580896686159819
1045,94.92991008228277,128.45135588734388,198.97309037881362,208.1629452324278,-498.65621496631803,0.49406529229569496,0.4444444444444444
1046,94.51328076310729,130.57807250101965,200.92020926198018,208.39390830980233,-497.7335493575589,0.49604352819713016,0.4382716049382716
1047,93.68709300669278,128.42266971593423,199.69924943941237,207.9243807013373,-499.6352869205682,0.5000000000000006,0.4444444444444444
1048,94.43458466576101,127.36146528348758,198.40360509874378,207.85467866645274,-499.6631240254767,0.4964391753774172,0.44753086419753085
1049,99.4836148193823,122.09279543203843,191.7293326730209,210.2849208237247,-500.24785905419594,0.4720313144571884,0.4642625081221548
1050,92.44430457756448,128.45163449203892,200.4389011518949,208.02368091379742,-500.6281737907796,0.5059347077043062,0.4444444444444444
1051,92.8607517342695,130.57820847286115,201.90078440411688,208.3007457045022,-499.0527194955153,0.5039564718028708,0.4382716049382716
1052,97.0280583530574,123.53157205950532,193.86068076298864,208.43522636835772,-500.181131936019,0.48407520099344725,0.459104938271605
1053,97.77804498809104,123.89277350830227,193.78657759884985,209.05626095757927,-499.63148811306377,0.4804154645757921,0.45833333333333337
1054,96.85968391543842,124.58412020992691,194.78734840382032,208.49102811106252,-499.6575355917318,0.4848664953540214,0.4560185185185186
1055,92.77363871623314,127.36687117740968,199.39027745164094,207.7911802438811,-500.9901100226631,0.5043521189831579,0.44753086419753085
1056,86.37912052854864,134.93646002564628,207.26407704179877,213.30384532970209,-500.31055011158054,0.5362372590038783,0.4279970760233908
1057,99.089207073655,119.61818062386888,189.870026266506,209.50975173353706,-501.7376125694398,0.4741084621536953,0.4712069525665992
1058,98.65261987851117,121.03968565130003,191.15220358468596,209.34026120202662,-501.0044347121177,0.4762107962943942,0.4669157461555106
1059,99.92692012636188,118.80202305880408,188.99522663427896,210.1810152834089,-502.12772274963186,0.46996195091484666,0.47395494910114466
1060,89.99062888805815,128.66367422582647,201.73707497491384,209.1491654462737,-502.35864111211725,0.5178041231129171,0.4444444444444444
1061,91.20821299948537,128.53399496735497,201.13653128125574,208.4425635632262,-501.56049336701346,0.5118694154086116,0.4444444444444444
1062,90.67177674879937,130.01440206415177,202.55373733960315,208.9513349386889,-501.10096291845133,0.5145070632771919,0.4403292181069958
1063,94.7323863462249,122.55102078497728,194.38758393163593,207.14769696204772,-502.2321039100024,0.4950544102464125,0.4614197530864198
1064,95.13523052378049,123.46184082446905,194.87245923343752,207.4221302382322,-501.406638474392,0.4931421155416918,0.4588477366255145
1065,94.56415348135452,123.61601493021047,195.33885331635392,207.2768228504128,-501.7406368429282,0.4958457046069866,0.45833333333333337
1066,99.30154464986342,118.04470641652262,188.55135562035764,209.45490995574863,-502.6185128929407,0.47311934420297763,0.4758365821962288
1067,89.85906771623884,127.07269808693326,200.5132845999903,208.97980330186346,-503.3685332367483,0.5183975938833477,0.44907407407407407
1068,88.79373970653641,128.82968567003397,202.19914102971697,210.08397601510217,-502.9677446066802,0.5237388308172227,0.4444444444444444
1069,102.14191603988581,114.65161032673367,185.2446612221141,211.67680687905238,-504.54057060600326,0.459463790424296,0.486997779943681
1070,104.8055987841961,112.36641840405764,183.0998134006894,213.93303456437383,-506.15845556955554,0.44709798205863,0.4949033463287762
1071,96.0154326934811,119.68191064699346,191.3432650892529,207.19377186237915,-503.00279805889875,0.4890207907470351,0.4699074074074074
1072,99.51498975429263,116.47243344877211,187.2387296884575,209.40327574332377,-503.50749682537213,0.4721302262522601,0.48046621182585836
1073,98.66885599004303,117.29075001686294,188.15790125354346,208.7462381154069,-503.1768444959145,0.4762767374911087,0.47771821529131303
1074,96.07856592967322,119.41930602073384,191.0977804345555,207.18443284822064,-503.11506591889844,0.48872405536181984,0.470679012345679
1075,94.12766615008414,121.19483258993702,193.67249180203095,206.79811317820938,-503.48593425919233,0.4979228523034936,0.4652777777777778
1076,102.39317423604973,113.38507575657735,184.19564943801976,211.71773972025062,-505.2921140191815,0.4583612214178694,0.49077119883040377
1077,84.073760453799,132.64578650456218,205.36471243908366,215.17765342661372,-502.1663240984769,0.5473834956457098,0.435733430799218
1078,85.75245822359312,133.0767652550288,205.78212278496724,213.6076200154847,-501.5607437085913,0.5392287278237125,0.43366228070175306
1079,90.27074960748702,124.61147382331336,198.4063507592012,208.30988719415635,-504.52410789644,0.5163204461868407,0.4560185185185186
1080,89.59764996698443,123.89193296086819,198.06158630403075,208.65008138170134,-505.3826680272632,0.5195845354242088,0.45833333333333337
1081,90.775429676038,123.21716735111826,197.0923980215785,207.79226209323414,-504.97516596101497,0.5138476513100468,0.4598765432098766
1082,91.97334585117724,122.58425238337207,196.01418294352715,207.1909181901586,-504.41784270013346,0.5081107671958848,0.4614197530864198
1083,92.05863566323279,123.65029516353212,196.81888565167296,207.3388054408892,-503.7291372805906,0.5077151200155977,0.45833333333333337
1084,84.79533728698027,130.2915941966377,203.53144394247556,214.08875550588346,-503.3984133547196,0.5437159310534636,0.4421600877192961
1085,94.06680766952402,119.31811340699784,192.21427445646557,206.4849338515928,-504.6246763565326,0.4982195876887088,0.470679012345679
1086,93.62495013181756,119.58325935474974,192.69042571442301,206.48778835089348,-504.82252752494014,0.5002967353852157,0.4699074074074074
1087,86.17241436941183,128.18400812323964,201.87949008774476,212.40957645639713,-504.28840699542724,0.5368590740512398,0.4475511695906419
1088,87.31725518625622,126.74259007675639,200.6986308235699,211.08460465586697,-504.7774329685732,0.5311008945088962,0.45114522417153907
1089,94.19268954038633,118.78457112870544,191.7125153164299,206.41761142290108,-504.8353316317488,0.4976261169182783,0.4722222222222222
1090,99.10060259943207,114.14382821058916,185.502368263769,208.62867440409408,-504.91429467507874,0.4742985015896735,0.4869774745505723
1091,94.60049594937297,118.25950424020647,191.04768367670752,206.4169378884235,-504.82595092933457,0.49571382221355753,0.4737654320987654
1092,99.94625870104663,113.32925326275978,184.62803998630426,209.3082769682717,-505.3049317635735,0.47015199035082494,0.48972547108511766
1093,103.88655734642201,109.88733286825831,181.2152439983933,212.62292326121366,-507.46984870801595,0.45160327780232584,0.5015838206627605
1094,94.9600253405057,117.4704749808624,190.20193366888853,206.39125648849057,-505.0158211914781,0.4940323216973376,0.47608024691358025
1095,84.34961880535992,129.38537039625524,202.78295588344247,214.3780571706052,-504.0116576420614,0.5458037264640614,0.44499269005847725
1096,94.56040684429675,116.65096169458704,189.78955917429744,206.14631559867678,-505.79098982812644,0.49591164580370095,0.478395061728395
1097,87.70384440991317,124.26653579260821,198.7037100433462,210.31755490428344,-506.0848050683435,0.5290237468123892,0.45808966861598355
1098,94.1310567599123,116.37217293362397,189.8269640863642,206.01673621290075,-506.285023585562,0.4979228523034934,0.47916666666666663
1099,95.37741044982478,115.61716183290747,188.47504252644873,206.2417733573505,-505.79134894650593,0.4920870563942596,0.48148148148148145
1100,91.67157812732903,118.8541976365641,193.19650329309326,206.685736703056,-506.82651278220726,0.5094955323268893,0.4722222222222222
1101,91.11195428070818,119.70345690788028,194.14234553821257,207.0544870711335,-506.76678831212354,0.5121661507938269,0.4699074074074074
1102,90.42678493199622,118.96872453372626,193.8494000370664,207.29989191248157,-507.69620975675514,0.5154302400311949,0.4722222222222222
1103,103.90128178529272,107.2114262461001,179.0808113731745,212.20385900345366,-509.0273561736226,0.4517351601957547,0.5092998700454766
1104,94.02544552336056,115.56716828717438,189.24856201040075,205.87133119111905,-506.83576381936234,0.4984174112788522,0.48148148148148145
1105,95.46616917179291,114.01533055796676,187.14572812457143,206.01827937566205,-506.6600997425873,0.4916914092139726,0.48611111111111105
1106,95.97231237327334,114.05211750936206,186.88037741775582,206.258890331657,-506.30036838948774,0.4893175261322503,0.48611111111111105
1107,87.89133976856176,122.09270459737365,196.95841627554577,209.78811899220779,-507.2825579730569,0.5279686876649571,0.4642625081221563
1108,91.16615721866292,117.82280371768326,192.61857452238408,206.72417178892024,-507.8176396608519,0.5118694154086115,0.47530864197530864
1109,93.94021526394178,114.49506316886541,188.44435359884608,205.68724626734448,-507.525596488541,0.49881305845913926,0.48456790123456783
1110,88.28655433719265,119.61786570507695,194.94410778792778,209.02766252236273,-508.5637869862732,0.5258915399684501,0.4712069525666007
1111,88.72106910538307,121.0394579178404,196.00498177163848,208.87919006959544,-507.5328893079773,0.5237892051203696,0.4669157461555116
1112,90.95188513552367,116.23517949809693,191.45072931508741,206.56900998073064,-508.90254540411064,0.5128585333593292,0.47993827160493824
1113,91.32460419780297,115.66524354227934,190.8249657153247,206.30427183960393,-508.949052250041,0.5110781210480375,0.48148148148148145
1114,89.9972347986255,115.80424915444567,191.48643203433247,207.05764517403242,-509.8284872549732,0.5174084759326302,0.48148148148148145
1115,93.5164945629841,112.88666778158509,187.41606491648236,205.39856910623072,-508.79978572438495,0.5007912943605745,0.4891975308641974
1116,93.77071401735883,112.35029118689036,186.83677283104342,205.3237151081634,-508.9063262419653,0.4996043528197133,0.49074074074074064
1117,94.53666926488593,112.36424253880239,186.3860583573352,205.4458025492121,-508.29896535808234,0.4960435281971299,0.49074074074074064
1118,95.64601780494499,110.81348294266948,184.48778223444646,205.57631079514277,-508.3984550459285,0.49090011485339846,0.4953703703703704
1119,96.02749946691905,110.84267295357952,184.29062244956512,205.76581081063918,-508.13103183443843,0.4891197025421068,0.4953703703703704
1120,95.26323881534262,110.78919484710482,184.69415163114556,205.41397902283353,-508.67790937256143,0.49268052716469,0.4953703703703704
1121,94.45695270674815,109.14725217890111,183.87081910649775,204.90562841020548,-510.2303866653387,0.49643917537741683,0.5
1122,87.44879326285242,118.80190406678281,194.36283153169578,209.67105663395148,-509.34877465645866,0.5300380519146802,0.4739549491011467
1123,88.07450645058628,118.04480676661527,193.7165135007253,208.9641733452805,-509.5672124867646,0.5268806579191677,0.4758365821962304
1124,97.14606793586847,108.27595286041623,181.63945307802354,206.0404657399993,-508.98512905558107,0.4839103480016609,0.5030864197530864
1125,97.50088088629019,109.39059634783709,182.3540280749854,206.4835672542209,-508.1715090984187,0.4821958768870837,0.5
1126,96.74928820400204,109.30308730316986,182.66402788481628,205.93789379104163,-508.59515369106697,0.485756701509667,0.5
1127,98.24526215307824,109.49211875012082,182.1044099629582,207.10412854788405,-507.8280651780843,0.4786350522645005,0.5
1128,96.76829855676382,108.23391682172274,181.80125624924636,205.77669545612787,-509.2059796017246,0.48569076031295255,0.5030864197530864
1129,92.4122185157609,112.38009311468116,187.6460968489311,205.42406851538078,-509.9928453226281,0.5059347077043059,0.49074074074074064
1130,92.49801632486682,113.44755173595294,188.44919925174477,205.57959358791155,-509.3018912852382,0.505539060524019,0.48765432098765427
1131,101.21862388225256,104.13738858524951,177.0319984566979,209.05962906231963,-510.6262053421822,0.46449661574170786,0.5168264024258135
1132,101.0288457222754,105.65331837261027,178.27684634178482,209.11863552150572,-509.7429795505454,0.4653169886235566,0.5123659844054543
1133,99.90485023289263,105.28699712615904,178.22329239071783,207.96127445565924,-509.9766540370439,0.4707454611212555,0.5128736192332659
1134,91.77701025512322,112.95174182284353,188.43836335361982,205.69103789150563,-510.1701044260547,0.5089020615564588,0.4891975308641974
1135,91.2359679676406,114.60099069762816,190.01834102844293,206.1697462146263,-509.63500350232647,0.5114737682283246,0.48456790123456783
1136,92.96287959719903,110.7528956410815,186.03931109575862,205.07465480831198,-510.49026050864194,0.5033630010324401,0.4953703703703704
1137,97.1960381416267,106.67499590528848,180.33740080174766,205.81661562617046,-509.8905270891449,0.48371252441151735,0.507716049382716
1138,87.8606503689485,116.47301424510505,192.48317208517707,208.905013644584,-510.56285798115874,0.5278697758698854,0.48046621182586
1139,88.70722864454977,117.29084213487721,193.02154842070732,208.28413399204433,-509.7199211619156,0.5237232639236552,0.47771821529131414
1140,88.9039570319097,115.11813535519684,191.24907732526387,207.76482315742123,-510.88101588625756,0.5226682047762231,0.48389105479748684
1141,88.36232032592982,114.78331411689697,191.08085139375015,208.17205546522993,-511.33999662164126,0.5252980691980196,0.48509584145548956
1142,98.88684710851112,102.44071163683995,176.240404364126,206.52641016978038,-511.7508400848169,0.4758229332682724,0.5205896686159819
1143,98.67077706106747,104.78997408566795,178.1899398898258,206.71382026435762,-510.43641525527465,0.47676030626701515,0.513726445743988
1144,90.09020157555398,110.97052829946247,187.60008594661946,206.20905614339176,-512.5735725789662,0.5168150051621996,0.4953703703703704
1145,89.87346153701439,109.39059818723308,186.41562380550297,206.0976659769535,-513.6355839858101,0.5178041231129171,0.5
1146,90.62515306502327,109.30315256400621,186.06451242453613,205.61481107609978,-513.1698339783514,0.5142432984903338,0.5
1147,91.90475189298498,108.12331232252194,184.52260298051516,204.8661320315796,-512.875351530755,0.5082426495893135,0.5030864197530864
1148,92.1491840476343,109.18009640289063,185.23646635178028,204.96722802191624,-512.0651484252983,0.507121649245167,0.5
1149,91.38393929283761,109.23228507350353,185.6674389502602,205.23494459476584,-512.6409899463401,0.5106824738677505,0.5
1150,95.12071564669645,104.88915579055822,180.07549204542354,204.4047817517893,-512.2091602194625,0.4934058803285497,0.5123456790123457
1151,94.11588014194761,105.92605935229665,181.50766110535545,204.32044562153294,-512.3667940269557,0.498021764098565,0.5092592592592593
1152,87.42969448596301,113.32959885975473,190.00271288701532,208.79764829120444,-512.5354922534707,0.5298480117713205,0.48972547108511927
1153,88.61537082891309,113.01872099651447,189.63333588196784,207.66482049178717,-512.2474071504574,0.5239870287105132,0.49006389430365965
1154,85.23411482079516,114.65210969959242,191.07134977332956,211.12309901796453,-512.3792305703219,0.5405362141736846,0.48699777994368443
1155,90.0061627183228,108.30280688392352,185.50323619453565,205.8313866355295,-514.1810653877988,0.5171447111457721,0.5030864197530864
1156,89.12887218852103,109.49201446961027,186.71276852278692,206.666275995323,-514.027701493357,0.5213649477355005,0.5
1157,100.05625221465371,98.46471199964049,172.7488409137465,206.9964158063919,-513.931579830657,0.4703575980951336,0.5325969244097865
1158,99.34211519233186,100.37074162572407,174.44527884800223,206.6167989478757,-512.8736888517307,0.4737128149734082,0.5267625081221547
1159,84.98232386493645,113.38578079660041,190.05196553675628,211.16124595847748,-513.1706316253886,0.5416387833569567,0.4907711988304074
1160,99.28967663294229,97.14737531779011,171.89017919270677,206.04129862852244,-514.7519860134464,0.4741084621536952,0.5360217673814138
1161,96.15415783222615,99.60309619297584,175.25816035533217,204.0095072641984,-514.5813253172003,0.4887240553618198,0.5277777777777777
1162,96.04414579416692,100.39745847398297,175.9540358427608,204.0797236460534,-514.1894410950199,0.48921861433717867,0.5254629629629629
1163,95.24818706663169,99.53859280263435,175.73427226977475,203.5831528451057,-515.2267133484207,0.49287835075483366,0.5277777777777777
1164,97.05098658828764,99.69347583752784,174.84497981908032,204.57982749825788,-514.0186816286727,0.4845697599688059,0.5277777777777777
1165,93.74596477919266,101.63741725980051,178.3119245244509,203.58418725546406,-515.1544799664374,0.4997362352131423,0.5216049382716049
1166,94.49494120487013,100.57756952252217,177.01508395400705,203.52445466429134,-515.1805817511937,0.496307292983988,0.5246913580246914
1167,95.02844639633359,101.13442398236833,177.13772591784053,203.76415954503327,-514.4581554888927,0.49386746870555126,0.5231481481481481
1168,94.01212930875215,101.90776754517421,178.36703254581295,203.654088812593,-514.7855548110198,0.4985163230739239,0.5208333333333333
1169,96.35065587653791,98.81699267849035,174.5214048145131,203.99166643180354,-514.9175934250771,0.4878338492061739,0.5300925925925926
1170,93.2042979184749,100.8383481723379,177.99471871441037,203.44887093580306,-516.0561618407528,0.5022090300899363,0.5239197530864197
1171,94.33748804665399,99.50225526172039,176.25291111373738,203.3166908502368,-515.9272166981149,0.49703264614784753,0.5277777777777777
1172,98.97549864049094,94.95446599396692,170.23977978197308,205.39088431028617,-516.0788322330047,0.47569105087484337,0.5421946068875867
1173,98.33532454042493,96.52534171686426,171.7281823087131,205.07403092060815,-515.3299892842937,0.4786506205728309,0.537388997184317
1174,82.56948137420214,112.36761852921245,189.05609297416854,213.3670341226557,-514.1714544023267,0.5529020253688768,0.4949033463287818
1175,94.16451390436916,98.9630309852881,175.92753690285434,203.19856206499264,-516.3755984377914,0.4978239405084216,0.5293209876543209
1176,94.90333074959695,98.44989044715396,175.07268310795394,203.2887795049472,-516.1096490698461,0.49446093947598174,0.5308641975308641
1177,92.66925540980948,100.31747483783178,177.8859164319161,203.419723918005,-516.7944973726161,0.504648854368373,0.5254629629629629
1178,101.05403718283273,92.32295608314703,167.64754967412958,206.97491512296585,-517.4918000063047,0.4659473220694269,0.550777019709764
1179,93.8608810145961,98.42343453871732,175.68039733869315,203.07252459563395,-516.9292355227891,0.4992087056394262,0.5308641975308641
1180,98.01347566776961,94.33623579075851,170.1174002515131,204.44509416287784,-516.7098100546024,0.480233209293979,0.5435618366904899
1181,98.81752242305615,93.85814619082669,169.41979401298718,205.0671697481469,-516.7492442434035,0.47648234523541744,0.5452810266406731
1182,102.8003491003778,90.2385337461011,165.69474899293112,208.35631625311353,-518.7856533491628,0.45802086825074206,0.5576470110461275
1183,83.48776191335625,109.88832575918252,187.1685978320771,212.05719899777296,-515.4789115587805,0.5483967285641087,0.5015838206627654
1184,100.82169741246973,91.15304139614642,166.75974672120122,206.55653509441953,-518.1692223441122,0.4670974009348482,0.554032651072121
1185,99.70464932037247,92.39431706832102,167.9864014209587,205.66662791540278,-517.4675814760964,0.47232804984240345,0.5499106562703028
1186,95.30049643423588,95.7913249547984,172.71591480522872,202.99528073792342,-517.3667122723597,0.49268052716469013,0.5385802469135802
1187,95.0006259766312,93.0974343085646,170.74699168075313,202.45158219278716,-519.1482727369695,0.49406529229569474,0.5462962962962963
1188,97.99234684349139,93.26189803243244,169.2698577089652,204.25296515020403,-517.3415007204443,0.480365091687408,0.5466482564435763
1189,98.94683883720492,93.34260747408143,168.96395088952443,205.10232504807806,-517.020304247696,0.47588887446498684,0.5468242365172163
1190,93.51393618708018,97.35194543426391,175.0338447461604,202.87906137144137,-517.8310913383511,0.5007912943605743,0.5339506172839505
1191,92.51396288442365,97.91219803884832,176.0561179135507,203.05694893228326,-518.3186386515862,0.5053412369338753,0.5324074074074073
1192,102.2852931883567,89.25792363063968,164.99104070335565,207.68838072762736,-519.3200808951916,0.4604383691143762,0.5602156432748482
1193,93.36184513100875,97.08536256731051,174.91150439416924,202.83550113983543,-518.1093135201396,0.5014836769260766,0.5347222222222221
1194,94.21043329107911,96.28436338646281,173.7654092508342,202.77176695293872,-517.8959802198025,0.49762611691827807,0.537037037037037
1195,98.59266461818505,92.27734876298851,168.24107518642896,204.60799737325755,-517.7225922527256,0.4775955614253988,0.5497346761966627
1196,91.67095789648674,98.76443879857268,177.1819933101436,203.42635487854218,-518.5008861151903,0.509198796941674,0.5300925925925926
1197,83.47226076281963,107.2126082930977,185.03366064903534,211.6381868344575,-517.035740188352,0.5482648461706797,0.5092998700454815
1198,86.34391349959617,105.65396214073343,183.90904226972455,208.58344092907484,-517.3199876667514,0.534683014559661,0.5123659844054568
1199,86.75113256968802,103.17420971877621,181.92766539013346,207.79024713799464,-518.6458982672591,0.5326058668631541,0.5193104288499012
1200,87.54837516664169,105.27349681251414,183.5780580764504,207.37229842252066,-517.1814593410387,0.5288588938206029,0.5128736192332675
1201,92.85908683973769,95.75686726457931,174.1437638559324,202.6538158537311,-519.2902328247573,0.5037586482127272,0.5385802469135801
1202,88.36052136707318,100.31878057194868,179.55475373093725,205.81912737421823,-519.7514705021354,0.524704598427589,0.5267625081221563
1203,88.89606686490546,101.72580287282048,180.57747868418735,205.59194440493218,-518.6703036847829,0.5222066163992215,0.5224713017110671
1204,87.95204890671965,102.79562145641657,181.57813307970696,206.59175944832782,-518.4822778269046,0.526781746124096,0.5198180636777119
1205,86.48189789039748,102.47503073895894,181.37354142475755,207.9355060986427,-519.1286015488517,0.5338548578773379,0.5214560320554458
1206,97.09512850030318,91.12684851364315,167.99223466133367,203.21949394156664,-518.972629038761,0.4845697599688059,0.552469135802469
1207,96.84127707930601,90.02715647914053,167.24686260960414,202.86841784232615,-519.7436782984141,0.485756701509667,0.5555555555555555
1208,97.8729308639698,90.15335457175397,166.8434022560749,203.65079557047844,-519.1913877363772,0.4810089353462226,0.5555555555555555
1209,100.2523076679598,88.02017699457664,164.37658281521976,205.4886093880805,-519.9901788091893,0.4699328723935719,0.5627775070391992
1210,101.45411554176847,86.97204775333432,163.30889977390626,206.49685838132862,-520.6111830639582,0.4643948409172466,0.5663884827810209
1211,93.94966161757333,93.06686125604264,171.35689928500548,202.21313589542973,-519.9710910446315,0.49881305845913926,0.5462962962962963
1212,95.53071928922319,90.98461296317436,168.7469492422843,202.30923772999475,-519.9986712583066,0.4916914092139725,0.552469135802469
1213,94.74346603904299,89.87140760630709,168.33077133129416,201.8506565050557,-521.2135609667581,0.4952522338365558,0.5555555555555555
1214,95.79715129335794,89.93177436164913,167.75217830438984,202.25859926668807,-520.4306647845824,0.49050446767311134,0.5555555555555555
1215,101.85236086415523,85.07970016975895,161.73194869123856,206.5814146239916,-521.7268006258641,0.46267581995809287,0.5720367662984583
1216,92.89544906713857,90.93460678175285,170.2777448202377,201.8672977900551,-522.0618457640169,0.5035608246225838,0.552469135802469
1217,92.63100686204035,89.87205803219021,169.58101177790627,201.73187318586452,-522.8955125027134,0.5047477661634449,0.5555555555555555
1218,88.73334270130572,94.9031089116435,175.17445638537188,204.61655049090172,-522.7213712651372,0.5227263625261538,0.5421946068875884
1219,89.43168232075674,96.46994683048263,176.25395847695827,204.31518233865424,-521.4227323190245,0.5195030273339267,0.5373889971843181
1220,88.41624895509149,97.0951312420737,176.97780288036327,205.24526980898676,-521.6003767379638,0.524308951247302,0.5360217673814156
1221,94.92258062769604,87.73667278612334,166.5200698261842,201.5572813319761,-522.3203815587656,0.49446093947598185,0.5617283950617282
1222,88.89419847130767,93.80752090225016,174.26788768072086,204.3053449378331,-523.2752482731217,0.5219350681655798,0.5452810266406749
1223,89.75765283581201,94.28382508709214,174.41255541850805,203.72300167204145,-522.4921082612562,0.5179204386127786,0.5435618366904911
1224,89.72274003786926,93.21673495358698,173.57341329122295,203.57417096399828,-523.1345361507422,0.5180523210062077,0.5466482564435774
1225,88.67940985586867,93.30417863667702,173.9110558386554,204.40227987561383,-523.6785981107884,0.5229241861162974,0.546824236517218
1226,90.45192200828066,91.10781380516471,171.63142767235036,202.7591463576809,-523.8699096612272,0.5146389456706209,0.552469135802469
1227,89.50173339867803,90.15398986508245,171.20045996845764,203.23681998582916,-525.0529483894984,0.5189910646537783,0.5555555555555555
1228,90.533325787065,90.02772143545559,170.73774678491787,202.53674591544194,-524.4399734431984,0.5142432984903338,0.5555555555555555
1229,99.48096716461403,82.54002639199473,160.18363663850184,203.84492110399862,-523.2059023390105,0.4738220534167074,0.5781893004115225
1230,99.60644805312079,80.77533000222806,158.74174287807216,203.6789380490017,-524.2173354139015,0.47330650325837365,0.5833333333333333
1231,99.4180021784763,83.422595035901,160.90531087608164,203.92840701694547,-522.7011571116691,0.4740798284958744,0.5756172839506172
1232,88.95071138418523,92.25294166043565,173.01625449121656,204.00560868890955,-524.1485542322432,0.521613145628791,0.5497346761966638
1233,92.45142219162264,87.73718639434503,167.97877658023123,201.41869180037466,-524.2827833309885,0.5055390605240189,0.5617283950617282
1234,87.75281097222503,92.38117819277497,173.29761217355667,205.08057830636585,-524.6138077157299,0.5272763050994549,0.5499106562703044
1235,97.72923500973177,82.09819799060861,160.4857723616974,202.2253568928802,-523.9274433147019,0.4819054854657425,0.5787037037037036
1236,97.89558034251473,83.19182305936755,161.28261714786092,202.53658613797998,-523.2260874514085,0.4811141911051685,0.5756172839506172
1237,97.20765506675818,83.28269068055343,161.6811081470445,202.02485853376976,-523.4735036685312,0.4842442832944828,0.5751028806584361
1238,94.51456723331856,84.15014014964197,163.90666903075333,200.86480286778303,-524.7112811307998,0.496307292983988,0.5720164609053496
1239,94.75214710556942,83.44411748233708,163.20012448182567,200.81089869258267,-524.9412495086361,0.4952522338365558,0.574074074074074
1240,95.28559835491473,83.46992163581555,162.9009711383201,200.99098421645186,-524.5368584114653,0.49287835075483366,0.574074074074074
1241,99.83585901703351,79.38573911633688,157.57600646909694,203.67608492874515,-525.008393740591,0.4722902381713294,0.5874485596707818
1242,93.33195303203317,84.85404336741482,165.17726618964454,200.85232437977368,-525.2402976986759,0.5015825887211486,0.5699588477366254
1243,94.39611230225985,84.50385174384604,164.26051066719705,200.89617836760561,-524.5970056505777,0.4968348225577041,0.5709876543209875
1244,93.68662365611503,85.56634606562818,165.53454857261443,200.9742429795317,-524.5400206700642,0.5000000000000004,0.5679012345679011
1245,98.65031981141341,80.08678117840515,158.49697503066358,202.6763845409443,-524.7853685973935,0.4777554193819781,0.5848765432098765
1246,97.71256574216834,81.20322110513632,159.77963557746227,202.066887110366,-524.4540310833844,0.4820051021456892,0.5812757201646089
1247,97.67899681035347,79.41320244701927,158.36752602004438,201.74990405894764,-525.5074276220375,0.48220433550558256,0.5864197530864197
1248,96.7508859089485,81.44631462676952,160.45369821474836,201.41530262230282,-524.7788939000321,0.486354401589347,0.5802469135802468
1249,86.37669098674976,92.31417923548662,173.27291141029687,206.38382421157817,-525.0603371353748,0.5337889166806234,0.5507770197097668
1250,99.9520853447947,78.6913730039089,156.99585004475455,203.67560622601528,-525.4075556532874,0.47178210562780726,0.5895061728395061
1251,93.68581485065442,83.42272010061077,163.8263135173849,200.626736066767,-525.7852573418994,0.5000000000000003,0.574074074074074
1252,92.61959597602544,83.44448444085876,164.46242347675442,200.6909696737345,-526.6394234396524,0.5047477661634449,0.574074074074074
1253,86.55267040639163,91.15396223989501,172.3477396975905,206.02559047492602,-525.6867634778132,0.5329026022483695,0.5540326510721234
1254,99.17596976493382,77.13303978196211,155.96073663061202,202.6753818782562,-526.3869364398057,0.4754554156136257,0.5936213991769547
1255,99.91488878903226,76.00447859095715,154.86165127479504,203.20088759558942,-526.9660891119003,0.4720809556676473,0.5972222222222222
1256,100.44207284209776,75.55818119948799,154.3985989482646,203.6449223101302,-527.2222308383981,0.4696586740157016,0.5987654320987654
1257,99.49972276701584,75.04253989084731,154.19731587320584,202.6432577920884,-527.5539657910073,0.4740397945388886,0.5997942386831275
1258,84.57386407475973,90.23927005128652,171.57136023739145,207.7979167940018,-526.6914737767733,0.5419791370546201,0.5576470110461316
1259,85.0889751301811,89.25862022982031,170.8119157708537,207.1352260601743,-527.1509199545741,0.5395616356604498,0.5602156432748517
1260,87.12235634405312,88.02193295341863,169.84525227969917,204.96904939322783,-527.3471931175721,0.5300671307896457,0.5627775070392015
1261,85.922710333222,86.97288171003075,169.01054419441863,205.9550563759236,-528.2816205253271,0.5356051638575794,0.5663884827810245
1262,89.64217565817263,82.09924579399353,164.73695313526702,201.82144180874735,-529.6465674459599,0.518094514534258,0.5787037037037036
1263,90.16379893885086,83.28387856633094,165.50395276373345,201.66164414165658,-528.6163860524191,0.5157557167055179,0.5751028806584361
1264,89.47587644554217,83.19310891375878,165.65885781096893,202.12078790110877,-529.1134549765605,0.5188858088948322,0.5756172839506172
1265,90.62067921781541,81.44720845430194,163.86030809950995,201.09163838962718,-529.3618146233646,0.5136455984106536,0.5802469135802468
1266,100.01519337919886,72.27235056027237,151.86108708954018,202.69141261027937,-529.1290012707392,0.471780771725948,0.6080246913580247
1267,100.7899236616618,71.33285993892332,150.96109551278354,203.29961112814493,-529.6799617872689,0.4682683456735883,0.611111111111111
1268,99.05005292654978,71.04016416070999,151.14218619479507,201.5662868660232,-529.945528114347,0.4762611691827783,0.611111111111111
1269,99.72639205564852,72.22332921221266,151.8883174554701,202.40245064332856,-529.1692963197129,0.47311290897747976,0.6080246913580247
1270,89.65916556536271,81.20407324886,164.0185141891243,201.66414100058432,-530.1566050839664,0.5179948978543113,0.5812757201646089
1271,96.56881319883368,73.39298299548304,154.1295380728219,199.9945213372978,-529.5598762001622,0.4873193202549529,0.603395061728395
1272,96.3841913431893,73.91116386372212,154.64434427775873,199.96860363234322,-529.3679496151457,0.4881305845913893,0.6018518518518519
1273,96.86611704882974,72.88775026339565,153.567362369075,200.1015984120368,-529.6870962197748,0.48600715297928354,0.6049382716049382
1274,95.85021512245292,72.79402301087677,154.0570476777361,199.50371346545947,-530.3529214993085,0.49050446767311146,0.6049382716049382
1275,96.93421849294323,70.75212335263993,151.82969711124227,199.79894152184653,-530.8922026105823,0.485756701509667,0.611111111111111
1276,84.73973861328903,85.56899243677498,167.85354677807214,206.87667151951632,-529.3692765833478,0.5409212583676882,0.5710214966428393
1277,86.81457474377063,84.14526056761093,166.76015941617143,204.6328791172725,-529.6890094314438,0.5313157842179717,0.574094379467185
1278,87.13143661763293,83.02156143255579,165.86197165989276,204.14450339701156,-530.2525386202718,0.5297750217258568,0.5771740307559011
1279,99.78429873435422,70.08798997416594,150.1722538538358,202.10931247912407,-530.4033155084617,0.4729459413310686,0.6141975308641975
1280,99.49317677386315,70.04003514921044,150.20932600846982,201.82137874203295,-530.4568256347453,0.4742780785826004,0.6141975308641975
1281,88.72159797311166,80.08744663468087,163.3707400249478,202.2133148867795,-531.3420568553854,0.5222445806180224,0.5848765432098765
1282,89.69283173383648,79.41408195694262,162.58147005847624,201.34952728503592,-531.1764570757832,0.5177956644944179,0.5864197530864197
1283,93.68511403999551,74.8526531464156,156.99337326492295,199.23670834493925,-530.7662039877475,0.5000000000000003,0.5987654320987654
1284,95.0333089527153,75.42177964495437,156.63394233334725,199.59590035321733,-529.3943016285673,0.4940652922956948,0.5972222222222222
1285,93.68551992851546,76.99524929513487,158.7016083332553,199.58421528710025,-529.5209673331478,0.5000000000000003,0.5925925925925926
1286,97.9980693716238,70.88453579814657,151.42295694225058,200.6184819482528,-530.3350284775854,0.4810089353462226,0.611111111111111
1287,92.33719682113531,75.42224614895292,158.22264675549258,199.44495975122143,-531.5315895847716,0.5059347077043059,0.5972222222222222
1288,92.96270204417819,73.4335889759804,156.28598068160932,199.02154851155694,-532.1760313792515,0.5031651774422966,0.602880658436214
1289,93.68497168301045,73.78149720550246,156.13925572931606,199.06295487062647,-531.3888223131524,0.5000000000000003,0.6018518518518519
1290,93.95532351082184,73.24673811591586,155.55100392891617,198.99958344546855,-531.4831733579392,0.49881305845913926,0.603395061728395
1291,93.68501734959082,72.70933417849136,155.2851381927083,198.8892013940682,-532.0114406372405,0.5000000000000003,0.6049382716049382
1292,94.58829054463992,73.08183624689826,155.0378897158229,199.0871427997416,-531.0871174876851,0.49604352819713,0.6039094650205761
1293,94.770899922388,71.65992312869199,153.79393858299517,198.90467584775556,-531.7753451602194,0.4952522338365558,0.6080246913580246
1294,93.68495175225233,70.56721003553369,153.57690311636864,198.54169443394275,-533.2566772813075,0.5000000000000001,0.611111111111111
1295,94.77265611942218,70.58882366584683,152.93883077336625,198.7313828469282,-532.3966265824155,0.4952522338365557,0.611111111111111
1296,95.85812926301212,70.65195803282802,152.34515634949543,199.15935269366545,-531.5932035893682,0.49050446767311134,0.611111111111111
1297,87.02360343370276,79.70766370565332,163.22313671078723,203.7059697428132,-532.2104408594811,0.5301078119237134,0.5867717132337009
1298,87.76524700025013,80.77563158826669,164.05158580913184,203.17445171791184,-531.3606802047432,0.5266934967416268,0.5833333333333333
1299,93.6851837383579,71.99526344462203,154.7157265010654,198.7733657417482,-532.4265195192148,0.5000000000000003,0.6069958847736624
1300,99.40303317690335,66.81141406439295,147.6588388789997,201.20897210492657,-532.3417943683995,0.474818921473558,0.6234567901234568
1301,100.62068920068461,64.87355824033543,145.84142629332442,202.08241210262295,-533.4246742250258,0.4693500314555035,0.6296296296296297
1302,86.649260897564,79.1746319640192,162.80004846879834,203.97957126977016,-532.6233073228684,0.5318149695147567,0.5884909031838848
1303,99.18569940103177,66.24015103523163,147.26942313791582,200.91074989134418,-532.706401599759,0.4758255820507665,0.625
1304,92.5993989792315,71.66016809308903,155.07834477913363,198.78264637856878,-533.503259964222,0.5047477661634446,0.6080246913580246
1305,92.59740411947512,70.58911604763557,154.2252467041933,198.60916242763406,-534.127245087527,0.5047477661634447,0.611111111111111
1306,91.5206008962138,72.79481613034554,156.5528531162988,199.2665886199368,-533.7105347014832,0.5094955323268892,0.6049382716049382
1307,103.25095010652724,62.11375574445367,143.22114834647653,204.2236010591259,-535.1806268430208,0.4578516790069216,0.6388888888888888
1308,90.60413034351983,72.87782461293875,157.03700976224914,199.70936343419274,-534.3556217101402,0.5135488012702065,0.6049382716049382
1309,90.98675183039603,73.91146261258922,157.6949516743586,199.67876531102263,-533.4719392845167,0.5118694154086114,0.6018518518518519
1310,86.68476248167364,76.49032213827087,160.6607613996185,203.50819053857467,-534.1749589790352,0.5315161194749167,0.5962069525666007
1311,87.68174545995024,77.45351232485677,161.41075832427447,202.7115455182484,-533.3239721246115,0.5269426344814171,0.5929445527398737
1312,91.51227517239067,70.65252362797588,154.8484972312389,198.92151188339415,-534.9609542421571,0.5094955323268893,0.611111111111111
1313,90.43676081895333,70.75269182358477,155.41098098408102,199.4586803772319,-535.7101126961812,0.5142432984903337,0.611111111111111
1314,91.47561041033707,68.51247284761698,153.1604416393236,198.58822428613726,-536.2331320521805,0.5096245951808185,0.6172839506172839
1315,92.58050169064231,69.51865275285138,153.38088229860963,198.43833628137455,-534.7629350408095,0.5048122975904092,0.6141975308641975
1316,86.24747279117108,76.02920124599163,160.2906134498624,203.85566026889967,-534.5572071300636,0.5334943553763519,0.5977501624431439
1317,87.42155722578988,75.35491311769579,159.75060651951088,202.6163298528235,-534.6306107620723,0.5280622250558139,0.5991173922460465
1318,95.28082048153675,65.97025701086878,148.95234971253132,198.15022381513376,-534.7089678152939,0.4930794638077267,0.624485596707819
1319,95.8275265029027,65.82782588105627,148.5174512694195,198.36156124503174,-534.4164579957592,0.49070652057250447,0.625
1320,95.97129748049976,66.91030107403606,149.29739689503174,198.60811456803123,-533.6932152138613,0.49006324146210056,0.6219135802469136
1321,99.75274709803433,61.51115354643284,143.33628140994432,200.68080055158217,-535.3806787339728,0.4734516989690444,0.6388888888888888
1322,99.555116527303,61.47871813953711,143.3616633402862,200.48546455782832,-535.417292097081,0.4743419051246902,0.6388888888888888
1323,89.37315944929425,70.88529296772438,155.87990675046956,200.1950150252604,-536.3309742215919,0.5189910646537781,0.611111111111111
1324,89.00745161302561,72.00901922040131,156.87034883504128,200.66262369964352,-535.8878304000235,0.5206704505153733,0.6080246913580246
1325,88.32175199736044,71.04210819022683,156.2340133228514,201.0825011040095,-536.7955758744183,0.5237388308172226,0.611111111111111
1326,99.35694836587022,61.44632039438608,143.39231201193704,200.29180079376005,-535.4609630382314,0.47523211128033604,0.6388888888888888
1327,88.0305277354311,72.16054382967866,157.1636584806556,201.52552420772633,-536.2710300446483,0.5251109080204788,0.6080246913580246
1328,87.16137665552498,71.23482505656298,156.47290912154807,202.1920272869997,-537.1024848601297,0.5290673798233492,0.611111111111111
1329,92.5467091707276,66.8414821157507,151.26607350533678,198.01026478336814,-536.3469338331333,0.5049441799838384,0.6219135802469136
1330,92.82906822863333,67.3669524304546,151.5265344174695,198.0524401055514,-535.8122741793468,0.503724972729495,0.6203703703703703
1331,92.1887929415768,67.39449746351758,151.90243911877744,198.1776265443625,-536.3159222060702,0.5065043183828318,0.6203703703703703
1332,87.45069264773272,72.2570437704629,157.28264676140728,202.08051421023018,-536.4238638682853,0.5277751825235417,0.6080246913580246
1333,90.39709189455334,68.61460893676752,153.7221413299705,199.13432305780168,-536.9811224635254,0.514372361344263,0.6172839506172839
1334,90.91550945767314,67.4890567658735,152.6071924997912,198.67003543600006,-537.2568758515049,0.5120630096895054,0.6203703703703703
1335,89.33043520010074,68.74843619507578,154.1888582873747,199.8795255019068,-537.5989017608161,0.5191201275077074,0.6172839506172839
1336,92.3961600191309,65.7766689718498,150.50016053988938,197.8670170588307,-537.0877167355824,0.5055874590942424,0.625
1337,92.99394924889818,65.93326203201292,150.28925017827444,197.80222844225295,-536.5103290148498,0.5030000894888854,0.624485596707819
1338,90.11939689881143,68.11076570937831,153.4263753547313,199.22311749767775,-537.4666542675541,0.5155915685986063,0.6188271604938271
1339,89.8419894500048,67.60904694338927,153.1239540168411,199.3249790317904,-537.9430735882273,0.5168107758529499,0.6203703703703703
1340,88.23554920742586,69.98462729509919,155.40413301076174,200.98691133194924,-537.4497716447199,0.5240937536655284,0.6141975308641975
1341,87.65139411886526,70.07977341012187,155.53959020189063,201.53580447309596,-537.6248190882972,0.5267580281685913,0.6141975308641975
1342,88.22912326909037,66.7710834140394,152.84472467203742,200.46777006996965,-539.3215568765955,0.5239969565250813,0.6234567901234568
1343,89.00984782476368,66.11496389829057,152.17323789191394,199.70015435310927,-539.3130382288712,0.5204683976159803,0.625
1344,89.28639194768999,66.611303379531,152.4977389848377,199.5643861463994,-538.8667296079152,0.5192491903616367,0.6234567901234568
1345,88.47991866937298,66.19515677588129,152.34656778885022,200.15368991956677,-539.540209273841,0.5228422806977024,0.625
1346,109.04152659467708,48.65247816392849,131.8933804375906,207.73798518705763,-543.7836459934224,0.4340566296972559,0.6805555555555556
1347,101.19559394964291,54.25909238559521,137.27174854137243,200.91735942020307,-539.6052272442818,0.4673143129758527,0.6604938271604938
1348,100.27487202446588,51.957890083968806,135.59805055388327,199.63440666059213,-540.9088466174433,0.471513403019334,0.6666666666666666
1349,103.93258903225828,52.58900177189179,135.54414331966296,203.34495947272407,-540.7889424962975,0.455527756000954,0.6666666666666666
1350,87.44769498056125,66.89971682862449,153.01638751857436,201.2087045193123,-539.5428121943122,0.5275493225291654,0.6234567901234568
1351,87.13685375463466,64.80970691763716,151.356190662253,201.1655699282204,-540.8487243004306,0.5288737855424551,0.6296296296296297
1352,95.80722116908326,57.7917791820999,142.1206446387791,197.0484853282102,-539.0984197905981,0.49089311900157045,0.6481481481481483
1353,96.24677873239318,58.54138976463395,142.4677504189461,197.3953247495357,-538.3815883791767,0.4889925193811771,0.6460905349794238
1354,95.74507294255238,58.85845557359619,143.00789180910485,197.19197451581675,-538.5207175941758,0.4911512712078898,0.6450617283950617
1355,95.5380054263414,58.84410943919161,143.11773588148347,197.0976946893911,-538.669563231527,0.49204147736353565,0.6450617283950617
1356,95.08238054319617,57.746726424456455,142.5126541185354,196.7453386999235,-539.6291912875574,0.49400217063847984,0.6481481481481481
1357,99.4032386972554,53.95425257780141,137.40074645744863,199.11540950280948,-539.8016538726137,0.47530713648504275,0.6604938271604938
1358,99.47412455145493,51.823477621687886,135.67968270574187,198.83538258644535,-541.028784764013,0.4750742276419172,0.6666666666666666
1359,102.54548187831276,50.205234965305436,133.82879895167602,201.58673076845406,-542.0426630004465,0.46165292462974095,0.6728395061728394
1360,91.7672886364813,57.778100754068674,144.4564870636176,196.74033242106182,-542.2419369577491,0.5082187894974088,0.6481481481481481
1361,92.07138484501641,58.8301983287827,145.13676340816218,196.81862070132408,-541.3868815977777,0.5069224158852735,0.6450617283950617
1362,91.8640301892532,58.84294947685024,145.25535659868186,196.88163758099697,-541.5454754103079,0.5078126220409195,0.6450617283950617
1363,92.49260698962591,57.73774543858781,144.03782425535852,196.54339123278518,-541.6817358439406,0.5051097378604995,0.6481481481481481
1364,91.34999146994197,58.52307354800217,145.2573597124068,197.0164162951349,-542.135912718118,0.5100207122843555,0.6460905349794239
1365,88.10968219874472,61.43237794122959,148.60771809321994,199.70250276041892,-542.4784609509763,0.5243259576237789,0.6388888888888888
1366,88.30372213506597,58.187239115338,145.99486657212066,199.00053281844944,-544.2807517584342,0.5233389543276862,0.6481481481481481
1367,88.30878095032794,61.40055192438851,148.55449524331976,199.5207634057017,-542.4092487431277,0.5234357514681331,0.6388888888888888
1368,87.90403143886964,58.25142346694864,146.0970930208093,199.3691772994232,-544.4134390748111,0.5251193666389777,0.6481481481481481
1369,87.91117629223615,61.46483818309025,148.6560308579197,199.88744848408805,-542.5410325735452,0.5252161637794248,0.6388888888888888
1370,101.24256726909823,48.909585753687026,132.99732767288373,200.09154562427594,-542.712617466026,0.467379783447198,0.6759259259259258
1371,101.8531140840256,49.014691344299365,132.9832248749457,200.71024316873363,-542.6857505786642,0.4647155089441343,0.6759259259259258
1372,111.29403756282797,41.176255174994395,125.71329297620015,208.73855680199136,-548.4480900628726,0.42531657935926337,0.7032163742690009
1373,95.02131728095526,53.458107377114146,139.1302073523395,196.0292156381664,-542.1656649153883,0.49429820113882006,0.6604938271604938
1374,94.52181968571264,51.29609438527174,137.7078516322146,195.5380552411759,-543.7969853863478,0.49643917537741683,0.6666666666666666
1375,95.36049896209082,51.333537791758715,137.2343689238894,195.80664528228368,-543.1571486241565,0.4928783507548335,0.6666666666666666
1376,101.15554967178554,46.75168934140592,131.2904731305147,199.65275683139205,-543.9608769199144,0.46787332372076884,0.6820987654320988
1377,92.41502303720856,53.45532529887791,140.6665430074501,195.86402753093017,-544.2327468516268,0.5054057683608397,0.6604938271604938
1378,92.0048939583033,51.33439289089037,139.19512312714565,195.6203560428834,-545.7949560725312,0.507121649245167,0.6666666666666666
1379,92.84369089865388,51.29647539932765,138.70384277836064,195.44342761492078,-545.1368947170168,0.5035608246225836,0.6666666666666666
1380,88.70525105216613,57.05336203689217,145.01986246336318,198.4723213661838,-544.745420519008,0.521526276302912,0.6512345679012346
1381,89.10842813425248,58.065189677218115,145.73356874969718,198.30966196012346,-543.9383790060601,0.5197781297051027,0.6481481481481481
1382,88.70502292062235,58.12443486981704,145.8733581239887,198.64637203230916,-544.1219625388945,0.5215585420163946,0.6481481481481481
1383,89.51356795998043,58.00933104226928,145.5764995225298,197.9933696210136,-543.7313087497995,0.5179977173938111,0.6481481481481481
1384,89.51516032041786,55.866012075455416,143.86812467440248,197.6433864838631,-544.9763891920504,0.5179331859668465,0.6543209876543209
1385,87.37127250134631,55.48415703956735,143.92738149977112,199.41788171620993,-546.2122813055541,0.5273987491995814,0.6563786008230452
1386,88.29802135176632,53.90193114340738,142.58198649836754,198.30651049252458,-546.7760377470944,0.5232098914737567,0.6604938271604938
1387,87.89111146602043,51.824679759436265,140.97919061263548,198.33186800059966,-548.1582259515532,0.5249257723580838,0.6666666666666666
1388,88.70061243703637,51.69725621685612,140.75230853876855,197.60168423969446,-547.8626136854293,0.5213649477355005,0.6666666666666666
1389,87.10290882117866,54.1013867824758,142.82872384908822,199.44959939357702,-547.09305728753,0.5285384404798832,0.6604938271604938
1390,87.09903124440586,53.38766942044282,142.26040608563375,199.3362176564136,-547.5095751257254,0.5285211593134779,0.6625514403292181
1391,87.09075725619371,51.960148905340816,141.12378112078716,199.10942156964524,-548.3426254154789,0.528486596980667,0.6666666666666666
1392,84.66612784331107,52.378883656072304,141.38132537851357,201.53728814726946,-548.657741503472,0.53914369499292,0.6666666666666666
1393,85.09757638438155,55.51850640244447,143.90562443212266,201.62854582759917,-546.7442378090897,0.5374600798220749,0.6574074074074074
1394,89.42543920226089,48.37785637108732,137.92561339977533,196.48681828859816,-549.3827597885285,0.5181025024273878,0.6759259259259258
1395,89.83845303473835,48.32409955222167,137.75218837277137,196.18546662175459,-549.1535148540307,0.5163220901160961,0.6759259259259258
1396,89.45686161561825,49.445498794474105,138.7675415410909,196.63877130388715,-548.7440366198178,0.5180030426558976,0.6728395061728394
1397,88.90960023377953,49.52306842924344,138.97363383029065,197.07406788201985,-549.01547641625,0.5203769257376197,0.6728395061728394
1398,87.82855574950067,49.692574188233095,139.28646294175402,198.04046026819557,-549.4235885465943,0.5251162332825652,0.6728395061728394
1399,98.8951749569973,38.874041418403465,125.53448914985862,196.18635682713904,-548.6474931205859,0.4780481572110917,0.7037037037037036
1400,88.20170860209397,48.560208287180984,138.33994010546115,197.51765035700674,-549.9264695594745,0.5234310514335143,0.6759259259259258
1401,92.86553943889666,43.26155060573322,132.283279095986,194.13707332827232,-549.7868390027555,0.5034165667531147,0.6898148148148148
1402,92.97301985466096,44.86498228303,133.50019086939315,194.38610766680512,-548.7666826405165,0.5029706417106642,0.6851851851851851
1403,92.40767585041431,44.88570722360069,133.8343152284335,194.47376862608667,-549.2146540803741,0.5053445247923863,0.6851851851851851
1404,93.14893453617995,43.254489492456486,132.11454953478565,194.1118318166951,-549.5603744725281,0.5022296252122537,0.6898148148148148
1405,99.49168634173897,37.36181747326657,124.13535154844345,196.49668795488313,-549.4155692236436,0.47552672840138954,0.7083333333333333
1406,99.69821280122365,37.395252382524575,124.1054585978101,196.69931197190968,-549.3727994599518,0.4746365222457437,0.7083333333333333
1407,99.28459596623125,37.32867874039863,124.17075535130363,196.2962011189897,-549.4657187263325,0.4764169345570354,0.7083333333333333
1408,95.10428722425038,39.536141516581495,127.9792773666205,193.79856409503395,-550.1956307951913,0.4940585792582342,0.7006172839506174
1409,95.38885172791547,39.55196907701156,127.82240556577499,193.9063728313632,-549.9834027749926,0.492871637717373,0.7006172839506174
1410,95.1682890846903,41.681475541534326,129.6520261181323,194.16907487219993,-548.9024032663684,0.4937734886982461,0.6944444444444444
1411,94.81949250472071,39.523096955262304,128.13978718838308,193.70636048652108,-550.4125490860122,0.4952455207990954,0.7006172839506174
1412,94.74266989578433,41.662515727526085,129.89210909667662,194.03170229790678,-549.2268524368876,0.4955539010095376,0.6944444444444444
1413,94.5346002530148,39.51286134153588,128.3033514069067,193.63022881943513,-550.6333672361937,0.4964324623399565,0.7006172839506174
1414,94.31690072557815,41.64925924963708,130.13868261635463,193.93057908648169,-549.5595619301937,0.49733431332082934,0.6944444444444444
1415,94.24969597041925,39.50545272167727,128.46938639803528,193.5706359073867,-550.8572948344745,0.49761940388081766,0.7006172839506174
1416,93.96482424729538,39.501010615714904,128.6373085376127,193.52804856398626,-551.0835414695931,0.4988063454216787,0.7006172839506174
1417,93.89118155238434,41.64268847085765,130.38978979930138,193.8672690490076,-549.897881534144,0.499114725632121,0.6944444444444444
1418,94.85891294515608,38.45354715675859,127.26361166334262,193.54417439853995,-551.0053716264914,0.4950913306938742,0.7037037037037037
1419,94.6449733636426,38.44526598669103,127.3859272641508,193.48381984990417,-551.1705462760201,0.49598153684951996,0.7037037037037037
1420,94.43100749796741,38.43864809564354,127.50976209215972,193.432692119288,-551.337644913503,0.49687174300516584,0.7037037037037037
1421,94.21706352714541,38.43352848377435,127.63486912758658,193.39098887396526,-551.5063329950892,0.49776194916081173,0.7037037037037037
1422,94.00314622902164,38.43020660816563,127.76100135064858,193.35890778120975,-551.6762759769273,0.49865215531645757,0.7037037037037037
1423,93.78924422966685,38.42855074115374,127.88791174156295,193.3366465082953,-551.8471393151661,0.49954236147210346,0.7037037037037037
1424,93.57535351166275,38.428306985012796,128.01535301649108,193.32439608518814,-552.0185881959138,0.5004325676277492,0.7037037037037037
1425,87.18274154535126,44.979053014028295,135.56589420561468,197.87796957995295,-552.3827197754483,0.5277617478577907,0.6867283950617283
1426,93.36144826133177,38.42977798793464,128.14307139706202,193.32218429526984,-552.1902811635473,0.5013227737833951,0.7037037037037037
1427,93.1475120862245,38.43331822508054,128.27080636734965,193.32986956671303,-552.3618698721809,0.5022129799390409,0.7037037037037037
1428,87.74991732194258,40.06039716397362,131.6227938741589,196.5381802189046,-555.0578035700354,0.5250787134268898,0.7006172839506172
1429,86.34209836288139,37.621353849915806,129.69136839952702,197.49205378651192,-556.8706142036707,0.5310945917002177,0.7083333333333333
1430,99.43153048490112,27.170892591456038,116.02384451116802,194.77542191102813,-555.3348536685553,0.476160005412643,0.7376543209876544
1431,97.2362526316058,28.464688624205564,117.95580725141382,193.1352971772519,-555.2999457141577,0.4853388692225928,0.7330246913580248
1432,98.54897473625428,29.176364423994812,117.92952505365875,194.29961082434662,-554.3655290596221,0.4798112181611167,0.7314814814814815
1433,97.76927750687157,29.871398313081045,118.81738098205828,193.76450180433378,-554.2394238554813,0.48306851281456,0.7291666666666667
1434,97.73132568977604,24.239843946856467,114.34553330214302,192.81784625812463,-557.5251017086135,0.48336499273177197,0.7453703703703705
1435,98.89212422968654,23.870023665718236,113.5685048992626,193.7403890254234,-557.3531132587063,0.4785291884597465,0.7469135802469138
1436,98.68915914842934,24.37509662320406,114.04644170711911,193.63980045115045,-557.1125858176042,0.47936858097717705,0.7453703703703705
1437,99.92297494191513,21.894370316062975,111.67981852192452,194.38694784911868,-558.3430961049959,0.47427134203804744,0.7530864197530862
1438,101.18948611819147,23.183885553001858,112.48210455721343,195.8436937724359,-557.6344056522578,0.4688575799156955,0.75
1439,99.07699889175514,21.756030019634238,111.81735127369639,193.5639860421906,-558.5384756515197,0.477823708042132,0.7530864197530862
1440,99.30115222272778,22.863169685910236,112.62720714001654,193.95199287117407,-557.8536260384001,0.4768504034248855,0.75
1441,99.28378641227353,21.253151537094027,111.34819801892166,193.67294852535565,-558.790701876958,0.47697822309922344,0.7546296296296295
1442,98.96484176329835,21.20282469585362,111.4148379427239,193.371050794207,-558.8841322358065,0.47831036035075525,0.7546296296296295
1443,98.0044768702322,21.061954003104574,111.68646229147325,192.51822655738502,-559.2601244887396,0.4823067721053502,0.7546296296296295
1444,101.71174209912779,17.239647261281164,107.66240531168495,195.3874718883242,-561.1210554129618,0.4669653724111893,0.7673814165042225
1445,86.57982160161627,30.34809195321361,123.90699605371711,196.0724431311726,-561.0507996707352,0.5297343145569295,0.7291666666666666
1446,101.6542481383686,14.21132425408257,105.25550015659188,194.83677688773375,-562.8724629058141,0.467351405910468,0.7760721247563336
1447,93.74212931725485,18.60580915425379,112.11501827223728,190.11860782895408,-563.4036364203859,0.4997472360720486,0.7608024691358023
1448,94.03764608846383,17.53659033822862,111.08483577372432,189.9752267208865,-563.7892196402413,0.4985480584724066,0.7638888888888888
1449,94.36728780439793,17.54301113867922,110.89115393953347,190.03084396826685,-563.5281831026638,0.49721592122087477,0.7638888888888888
1450,93.05056774943031,17.541304680070596,111.67377032646088,189.94810854614042,-564.5811460072208,0.5025444702270015,0.7638888888888888
1451,94.9300041197167,18.366241658049887,111.20742165105305,190.30775079834936,-562.6234297766288,0.494931782631153,0.761574074074074
1452,101.12468501155342,12.31453219485212,103.81858500339693,194.00522637595603,-563.9301231512645,0.46963105548082346,0.7812703053931114
1453,92.70209476297329,18.355353746899993,112.52228570412072,190.11867711094618,-564.3931399236379,0.503963100713123,0.761574074074074
1454,93.59465469601868,19.141658718339215,112.63029516557346,190.19748019738216,-563.2110024960926,0.5003468248718694,0.7592592592592591
1455,92.20836394210427,18.376901434774084,112.81200152869243,190.21796975527002,-564.7812736671304,0.5059613065904205,0.761574074074074
1456,89.88087527307397,15.368889750818198,111.47559482332166,190.7938406225879,-568.2828778772036,0.5153915036280596,0.7708333333333333
1457,90.37718734405776,16.65022927389049,112.31038954006124,190.69441675165132,-567.1956798955731,0.5133870500699862,0.766975308641975
1458,89.05544807430702,16.283138023574168,112.4553290510866,191.54079770199502,-568.2638709432817,0.5188083399914785,0.7685185185185184
1459,93.43537068040443,5.2132687573865155,101.62226260982274,187.9353715680463,-571.4334372841641,0.5009763638896106,0.7993827160493827
1460,93.55196116055846,6.283863432163855,102.40593755293762,188.11102882327503,-570.7161136031914,0.5005080057289899,0.7962962962962963
1461,93.32847776608581,6.285719067286834,102.5394560186669,188.10996416543097,-570.8955877242914,0.5013982118846356,0.7962962962962963
1462,93.74043421481444,6.283699372800129,102.29353016861032,188.1203362591797,-570.564909220531,0.4997572170205624,0.7962962962962963
1463,93.96617671136981,6.285336908635145,102.15940047605937,188.14162620318274,-570.3843549295782,0.49885806061952737,0.7962962962962963
1464,93.92892381076456,6.284935818558438,102.18148526715629,188.13735919885525,-570.4140933858607,0.499006428312135,0.7962962962962963
1465,94.00342768495713,6.285926731284803,102.1373374659509,188.14618881998507,-570.3546419687553,0.49870969292691975,0.7962962962962963
1466,93.3855881714712,5.213911907504041,101.65198214138206,187.93546683497627,-571.4733817181996,0.5011741874797542,0.7993827160493827
1467,93.23472460065487,5.215962357728472,101.74204172507102,187.93898337361108,-571.5943847158902,0.5017736250804442,0.7993827160493827
1468,93.1049432466,6.289557237686836,102.67296083495657,188.1195615387251,-571.074907160394,0.5022884180402816,0.7962962962962963
1469,92.98275602591191,5.22111386145923,101.8922595994482,187.95556345623177,-571.7960786749877,0.5027746766916809,0.7993827160493827
1470,93.06771653710341,6.2903942989955794,102.69516763076113,188.12218317712242,-571.1047215143078,0.5024366351038636,0.7962962962962963
1471,92.88483395595446,6.294711290284397,102.80407682981016,188.13925842270763,-571.2508866655355,0.5031646402659127,0.7962962962962963
1472,92.7073275578075,5.22915891690144,102.05574769709719,187.98875660158842,-572.0153965391335,0.5038686732677297,0.7993827160493827
1473,92.70190919458015,6.300483285251289,102.91259670489148,188.16324320218328,-571.3964401767478,0.5038926454279617,0.7962962962962963
1474,92.408511980797,5.241191042703861,102.23172257771625,188.04222424905979,-572.2512384759256,0.5050556148085907,0.7993827160493827
1475,92.39679085312643,5.027519855243554,102.06781431663995,188.0100669827832,-572.3850236740564,0.505101023909231,0.8000000000000006
1476,92.40427891912164,5.027164159392896,102.06344071641087,188.00838340090084,-572.3791667009809,0.5050713503707094,0.8000000000000006
1477,92.23428425768653,5.249655697568073,102.33342292603861,188.08164376738262,-572.3874285769862,0.5057478969547426,0.7993827160493827
1478,92.23998590232702,5.0351380446213625,102.15934463013006,188.04554454927376,-572.5075947650108,0.5057240778407676,0.8000000000000006
1479,92.232498659539,5.035512463087514,102.16370323587161,188.04733882447064,-572.5134301687099,0.5057537513792891,0.8000000000000006
1480,76.87291524277904,7.4415986948415025,104.84958410017862,201.86834604130476,-575.9467553501304,0.5678858895575106,0.8000000000000006
1481,86.75843281662182,13.4378927454718,110.4556776361307,193.13364821395325,-570.8610117405482,0.5282385370291176,0.7777777777777778
1482,76.70201400962245,7.4712996140294194,104.85934043807126,202.041119266269,-575.9576594134141,0.5685837911737491,0.8000000000000006
1483,76.36304641543026,7.530106416375304,104.87306323019459,202.38458088058042,-575.971712088948,0.5699766307907407,0.8000000000000006
1484,65.95698130280924,9.332906793034454,105.29439231981293,212.9298285026496,-576.4031696652496,0.6123153100821589,0.8000000000000006
1485,100.47425726891919,282.4577473955012,319.2060850375179,237.05544209462076,-406.75252725921865,0.4567463836488107,0.0026397011046133986
1486,101.40860535822883,283.5322045529995,319.9114439563717,238.14879704623107,-406.1741584659221,0.4506528397472224,3.265511608926337e-17
1487,101.07858044216565,283.47629363679846,319.9075578364614,237.81371419230635,-406.17321999699544,0.452777777777778,3.21539795949534e-17
1488,100.80276065207028,283.4292042858112,319.91456294852634,237.53397538381162,-406.18621259452203,0.45455396077982035,3.173509202736455e-17
1489,100.52690601090704,283.3825751319659,319.93099547679566,237.25555164274257,-406.21185964855425,0.4563301437818627,3.1316204459775703e-17
1490,100.30862569929495,282.43035804530876,319.22165110683767,236.88991418549716,-406.77556607983166,0.4578088526640885,0.002639701104613398
1491,100.19165142360613,283.32677378601915,319.9635864697122,236.9203042745636,-406.2599517163954,0.458488206129344,3.08072560651553e-17
1492,99.85621684240965,283.27202592965824,320.0097447377957,236.5897772221463,-406.3262190295681,0.46064626847682527,3.029830767053488e-17
1493,100.7082655528324,278.83415741244755,316.27193554958376,236.71062411643064,-408.862990122671,0.45550657486622487,0.013198505523066865
1494,98.08587123081222,280.87317526804145,318.7622151099773,234.64427964157332,-408.20336200631874,0.47211939226376626,0.006159302577431218
1495,98.10033971410984,283.0118039501409,320.45902574265233,234.99789441086202,-406.95044797046756,0.4719161496247832,2.764046605418385e-17
1496,97.7665006886556,282.9689340509488,320.5811097538427,234.7323014310113,-407.1179357956916,0.4740526443983331,2.7136604065959898e-17
1497,100.73559745605205,277.00746973531136,314.8115376288089,236.44624905405726,-409.928371790214,0.4554741965789162,0.0184779077322936
1498,100.61713884119159,276.98760135062423,314.81911389382304,236.32693351425002,-409.94008068135173,0.4562259262214615,0.0184779077322936
1499,100.49244976756643,276.9668108331245,314.82887677750864,236.20174809587195,-409.95480363951316,0.45701722058203564,0.0184779077322936
1500,100.3678104388298,276.9459080273969,314.8404584549373,236.07705307558007,-409.9719649448094,0.4578085149426097,0.0184779077322936
1501,98.20679453048584,275.70045496722065,314.58583618097606,233.91855071781833,-411.16978364497436,0.47158274274149414,0.021117608836907005
1502,94.58502789382648,280.2720080498407,320.2164655351224,232.67995278902612,-410.68727100786015,0.4943458015612685,0.0070392029456357065
1503,93.62027403346686,280.25834537959184,320.78591063838746,232.5451815412664,-411.4543784443497,0.5004415457476823,0.0070392029456357455
1504,100.84623620011357,272.4481341745869,311.1582467092901,235.8322090353892,-412.58814008026366,0.4551024081885978,0.03167641325536047
1505,98.35443674680263,275.110230050081,314.05125836403306,233.9465343246324,-411.4592076473731,0.47067061519083797,0.02287740957331593
1506,100.73177759430861,271.97108913131297,310.79979644403267,235.64355008601967,-412.86498990610636,0.45585768292050416,0.03299626380766718
1507,94.6170084152672,279.0514948594029,319.2239567634279,232.48961391759443,-411.372288703811,0.4941588214808044,0.01055880441845357
1508,93.679390618744,277.8151223267138,318.80263186116804,232.15176301271782,-412.82691381089023,0.500067585586754,0.01407840589127147
1509,94.27545517426104,277.0066440389289,317.8002029469733,232.08823929242195,-412.82477552291505,0.49633011955126166,0.01642480687315002
1510,95.32099748252598,278.063965641488,318.01343559991955,232.54275692313013,-411.42506476677806,0.4897406858915535,0.013491805645801757
1511,100.74491627502717,271.0578327001951,310.06959390608904,235.51083154640466,-413.3976827215115,0.4558442963377134,0.03563596491228058
1512,98.44809124914512,273.7501472206173,312.9277010176455,233.80839463339262,-412.2194924038579,0.47014226424846484,0.02683696123023602
1513,95.25876141545828,277.14445150994885,317.31749573317313,232.37139505806894,-412.00430375695447,0.49015188188320247,0.016131506750415164
1514,95.47035905191355,275.42594520092405,315.82083518418943,232.173410157663,-412.85204612028843,0.4888551874802767,0.02111760883690712
1515,96.38634453671541,275.4944828895189,315.3449817218393,232.62256296137636,-412.2067139407425,0.48309770590068246,0.02111760883690708
1516,92.65559070440466,280.2766930020114,321.3612946709341,232.5982883095252,-412.22706586273887,0.5065372899340961,0.007039202945635785
1517,93.01370044269487,278.63740168296596,319.8493759489295,232.29269124405738,-412.88762577440747,0.5042560684313394,0.011732004909392921
1518,94.55119480481657,275.3847104895355,316.3399209379709,231.88024867056387,-413.5534915712352,0.4946126690598709,0.021117608836907158
1519,91.94848896366817,278.8846582178903,320.6382080356108,232.52389557349198,-413.6088282629568,0.5109761050703749,0.011145404663923322
1520,95.54507255933252,273.2929601883294,314.075168049979,231.85917432549414,-414.03878918924823,0.4884287276405037,0.02727691141433837
1521,92.01456563122717,277.96477948637124,319.8695485169689,232.3568905425026,-414.0902699623686,0.5105381359131447,0.013785105768536709
1522,92.73708124545736,276.6092124868713,318.3910419328526,231.99275639635707,-414.29233663351806,0.5059763496927037,0.017598007364089372
1523,95.33381501484352,272.364177136445,313.46041172866313,231.62589818095353,-414.7279376903734,0.4897701458009066,0.02991661251895178
1524,100.82546150703386,265.57809730816314,305.68842092801117,234.71469851336008,-416.5938941223191,0.45576397684096914,0.05147417153996094
1525,98.75542091849906,267.9948983978295,308.2195252830814,233.15431032047834,-415.47851765982267,0.46850477318831346,0.04355506822612085
1526,89.15286598491578,280.8924186697544,323.41673909731867,234.31469816707457,-414.46366419930973,0.5287877814744956,0.0061593025774313425
1527,89.47089492971605,282.9872853460029,324.9916610854481,234.42012386538187,-413.0500948309132,0.5268617266337218,1.468233106664316e-17
1528,89.15389136713213,283.0288976758395,325.1230476907157,234.65466721304477,-413.22369074660327,0.5288913022746395,1.4203684439305738e-17
1529,99.10084838918078,267.28324615731407,307.5235943419183,233.3482593756041,-415.80102198785056,0.46637684493615916,0.045754819146632
1530,97.76013386416192,266.48393240184174,307.44622853806015,232.09065252518343,-416.72141823783323,0.4748350116136135,0.04751461988304098
1531,92.71058536520492,275.38860026589555,317.43284159430414,231.7985090912219,-415.0235178456356,0.5061276322190593,0.021117608836907234
1532,91.7916349666949,275.43347085607775,317.9684914945201,232.01252129172067,-415.7407415600615,0.5118851137986534,0.021117608836907272
1533,96.38628417761029,269.9975080386872,310.9625089041846,231.7371569911774,-415.4023198062481,0.4832710833590529,0.036955815464587455
1534,98.77626285888384,266.1659351265944,306.75558307182723,232.87996008934667,-416.5392630464896,0.468478000022732,0.04883447043534764
1535,100.86690280088472,262.8371774659729,303.4978614170701,234.31674650455824,-418.1920346193998,0.455723817092597,0.059393274853801144
1536,90.87601624420728,275.5051683267833,318.47126077572017,232.3884705686644,-416.41170010043845,0.5176425953782476,0.02111760883690731
1537,91.57391706322852,273.92135370963194,316.8745445312836,231.8411268440294,-416.79332580954076,0.5132176075705293,0.02551711067792961
1538,98.7976120799052,264.3373780353649,305.29165863305207,232.605650675326,-417.60003179898234,0.4684512268571507,0.05411387264457443
1539,92.01891230983396,272.67087511831954,315.6471041021674,231.49971790570362,-417.1645065739982,0.5104055836553827,0.02903671215074745
1540,91.78862046398773,272.99053609064833,316.02255195207727,231.61875669879728,-417.1634685522879,0.5118494162445448,0.028156811782542993
1541,98.80809490972875,263.423037103764,304.5597030691861,232.4685112651128,-418.13042492522703,0.46843784027436,0.056753573749187824
1542,92.24874314000968,271.7420165726562,314.78291539194885,231.29209843670975,-417.5180680271137,0.5089528266776935,0.03167641325536083
1543,96.86267452527494,265.56503819715584,307.1684022232837,231.30914378497096,-417.7023903940463,0.4804678398062317,0.04986102086491959
1544,89.05679735375209,275.7166576592107,319.31122841531254,233.56425353156624,-417.5256550142342,0.5291575585374361,0.021117608836907387
1545,98.81868299065584,262.5085049993367,303.82775193745414,232.33138204763898,-418.66082387830994,0.4684244536915692,0.05939327485380123
1546,97.79791647952688,262.8242855560914,304.51368357727034,231.5312621711614,-418.83678153492355,0.4747814652824507,0.058073424301494564
1547,100.50777200796682,260.40819427823067,301.6376510415874,233.57818221635813,-419.61417765563056,0.4581051952360902,0.06622265540394195
1548,88.91170006572109,275.12640971417943,318.8789540636908,233.582366154591,-417.9527100538655,0.5300518373110381,0.022877409573316326
1549,86.40681014108725,278.87896744053216,322.1783147738044,236.41700595978378,-416.80543547413504,0.5461866426989188,0.013198505523067141
1550,86.51306666382247,278.8612093277503,322.16623256943785,236.31099641770825,-416.79055151316226,0.5455101174852797,0.013198505523067141
1551,96.87869042376568,263.7345416399225,305.7010708070343,231.02427535391868,-418.7587148922259,0.4804410666406502,0.05514042307414639
1552,96.76992554580863,263.1633471719867,305.3045177722588,230.86268980686864,-419.1520552674957,0.4811384768733321,0.05675357374918791
1553,86.81205772337331,276.9795521696418,320.662162940897,235.72298381159277,-417.80137304362023,0.5434642945742711,0.01847790773229399
1554,88.8237783023758,273.7656195342611,317.8142720125658,233.43476775198087,-418.79224931319067,0.530540028505039,0.026836961230236427
1555,86.70545169392183,276.9974593288398,320.67813598247847,235.82799623221604,-417.8214993809628,0.5441408197879104,0.01847790773229399
1556,86.59882714011323,277.0153337946161,320.69282107005444,235.93352731072798,-417.83988796311485,0.5448173450015497,0.01847790773229399
1557,86.4922022393516,277.0332883329703,320.7062113214866,236.0395305509139,-417.8565301344426,0.545493870215189,0.01847790773229399
1558,96.77806865210468,262.24808624043186,304.57082698989484,230.71996010804443,-419.6801875930564,0.4811250902905414,0.05939327485380131
1559,90.90045539797086,270.0058951322946,314.075209222449,231.49136134433107,-419.58920460993204,0.5173085789263886,0.03695581546458769
1560,100.40452602052599,257.40345625664713,299.26984818588386,232.99645539008284,-421.37200189686024,0.45895925098964235,0.07483214208360404
1561,95.74811312423971,261.70056129460835,304.7155836203349,230.0716668476608,-420.6392690380884,0.48746871529863217,0.06071312540610805
1562,93.65763984564714,263.76545277205497,307.61489457634747,229.8719927439832,-421.00969580078925,0.5002005872574493,0.05455382282867688
1563,95.75482732675903,260.784710792989,303.9820246159776,229.9262845602891,-421.16761240436296,0.48745532871584146,0.06335282651072144
1564,94.70478700644772,262.1033685185024,305.659252312555,229.76502984382864,-421.15533752658416,0.49382572688951365,0.0593932748538014
1565,88.56019211797248,270.75160853818915,315.46862112689547,233.1678079830881,-420.68440899559295,0.5320481159315467,0.03563596491228109
1566,96.40632963805012,259.84149933119517,302.8578866365913,230.10743655678917,-421.2986627069858,0.4835064684340347,0.06622265540394212
1567,100.65734050881535,254.70655836084933,297.0660350300478,232.80976716425667,-422.93411450776534,0.4576253626639032,0.08272417153996095
1568,99.58953109138898,253.7849047919123,296.6157528571387,231.637607119686,-423.57711460815193,0.46418919490177735,0.08487654320987652
1569,88.21782655688989,269.7347122599485,314.7254290608663,233.29374113382394,-421.44841058853456,0.5341492710181195,0.038715616200996734
1570,95.69118571154691,259.28633657779994,302.8248066862572,229.65519948016623,-422.08213657034844,0.4878823565926175,0.06765756985055249
1571,88.54852619970282,268.921671602562,314.00936690275523,232.88595123406057,-421.75155143570936,0.5320213427659651,0.04091536712150788
1572,86.54896127808101,271.987739572562,316.6775519500344,235.1840701945492,-420.7710834038282,0.5447621391133095,0.03299626380766778
1573,90.44551632555118,265.5725832565004,310.7356896266613,231.01504350213995,-422.5008977249848,0.5199809314474786,0.04986102086491988
1574,89.54462492814766,266.4934787751748,311.8017496817869,231.73400468596353,-422.5801805391182,0.5256375580095023,0.047514619883041335
1575,96.63920958742105,257.12489371324466,300.5635092491929,229.8065376449532,-422.7405095123384,0.48217258010829556,0.07411468486029903
1576,97.62528800778,255.99052397236335,299.15180170182026,230.29950958682838,-422.8921304471176,0.4761781183727895,0.07770197097682485
1577,95.6484932486269,258.28748586576967,302.05356992510457,229.47474496971503,-422.69214098867513,0.48816704184380155,0.07052739874377319
1578,95.56277817628074,256.2899269005807,300.511679991357,229.11451013666735,-423.91292559837564,0.4887364123461697,0.0762670565302146
1579,92.61807785013217,262.1056034978791,306.89555787921125,229.65999632267003,-422.8183835406711,0.5065263634884858,0.059393274853801484
1580,96.59832051529153,256.12493939531186,299.7888038598477,229.62029428208962,-423.34592581469985,0.48245726535947964,0.07698451375351972
1581,94.61075156386447,258.4845634662022,302.8315589664207,229.15480695346776,-423.3308408714839,0.4944461888304917,0.06980994152046807
1582,94.83846743496476,255.75368669241033,300.51714605742654,228.77183016322311,-424.74680773904345,0.4931123005047524,0.07770197097682498
1583,96.67579846262171,255.21963265835586,299.02454792133165,229.52192951422396,-423.82723780982167,0.4820126359175665,0.07961519023897204
1584,95.71661806747736,254.47393358988467,298.9733768176763,228.88791567212095,-424.86277112155994,0.4878471534623435,0.08152840950111921
1585,88.53054414439428,266.1770264540899,311.82050628060875,232.46309212773878,-423.35229388344186,0.531981183017593,0.048834470435348075
1586,98.5283405089794,252.87666557439076,296.27196064576236,230.5346485371819,-424.3623616373971,0.4707530271396515,0.08702891487979209
1587,98.60317307806532,254.8786973106521,297.83692837932387,230.92055914933547,-423.1722672862494,0.47018365663728345,0.08128925709335069
1588,88.52417535302119,265.2622366643434,311.0908916106166,232.32211934852742,-423.88588239455987,0.5319677964348024,0.05147417153996147
1589,91.59794082376975,260.29061864932805,305.9942861142173,229.6296388233372,-424.6947674541886,0.5127114492999629,0.06478172454455791
1590,92.22242173134616,259.7525962236183,305.23909834670616,229.35748252373045,-424.5088096241136,0.5089077416319792,0.06622265540394229
1591,92.0066821713914,261.0122016613702,306.35861442947476,229.616695973891,-423.94966855915675,0.5102374149753721,0.06262634466825534
1592,98.80599917538451,251.17505747179624,294.8085459388866,230.50507215302324,-425.2733189291219,0.4691344535627282,0.0920511154429283
1593,97.46813059151565,251.98721861910548,296.0382163130872,229.5381309024835,-425.2941615539062,0.47731685937752566,0.08918128654970765
1594,96.59261096296311,253.21895143490292,297.4751392617031,229.14883863170056,-425.0380809883043,0.4825820064199346,0.08535484802541343
1595,96.7508052720292,251.4087409430283,295.9467767808898,228.95382205893895,-426.000883875915,0.48169274753610836,0.09061620099631804
1596,86.49430096230923,266.5036043592215,312.2968499855032,234.36304930344068,-423.9682461374372,0.5446818196165653,0.04883447043534816
1597,89.55073435629602,261.6266989511848,307.9150796716772,230.94844676000642,-425.400293422012,0.5253595894662098,0.06153662190455605
1598,90.04499747569942,263.2470598531778,309.0368782907289,230.87877329201578,-424.1322734645508,0.522362309590972,0.05669040141506068
1599,90.36363331334444,261.4035621958694,307.4427001554957,230.39008424329296,-424.98063767964123,0.5203188646359306,0.06189986282578916
1600,98.41686237603321,249.87250253694685,293.9251353831523,229.95557719498984,-426.14834764368874,0.47160708289320363,0.09563840155945419
1601,99.36751256913834,247.77503007329406,291.90297575356936,230.47045428861483,-427.12349404073353,0.4658973064088816,0.10209551656920071
1602,86.48503199468233,265.58953832517915,311.56673387052336,234.22618312400664,-424.50110815012823,0.5446684330337745,0.051474171539961554
1603,89.7550799409911,260.3527475687282,306.8305459853486,230.602630642156,-426.0075613076142,0.5240299161228168,0.065132932640243
1604,101.22803133416292,245.84101209054865,289.8960059415448,231.9539706523851,-428.1066705682914,0.45485082661617315,0.10855263157894722
1605,100.33558458405075,245.6908084923797,289.9628971882502,231.05660151278488,-428.2080532190478,0.4601875299245596,0.10855263157894722
1606,98.65507815690809,247.16740764288582,291.6761775787868,229.73014519593323,-427.650277324309,0.4702731945674643,0.1035304310158111
1607,95.29746934441623,250.29670812586028,295.8907105199898,228.0396780240982,-427.5815219901555,0.49044452385327386,0.09348602988953882
1608,94.56297390240242,249.76678798677108,295.9096271637279,227.73068044903505,-428.43305217667006,0.49482041201185667,0.09492094433614917
1609,95.45233287620499,248.479782570487,294.34974464232573,227.80583266990536,-428.5278813256261,0.48955526496944773,0.09874738286044339
1610,100.28206315504187,244.18855268317154,288.7802819294244,230.76350028363143,-429.088722679134,0.46061455780133564,0.11285737491877829
1611,89.35342788539106,258.0348627024867,305.10926862913726,230.5144803016262,-427.6081254242569,0.5264112942663102,0.0719623131903838
1612,90.77942978849762,258.8640485039384,305.24175258837573,229.75368641150274,-426.15161737771666,0.5176595179491447,0.06909248429716305
1613,90.07358931699531,257.16922892256395,304.17714905266394,229.88350068614406,-427.6422487998966,0.5219287766472415,0.07419440232955543
1614,93.03912405203675,252.58363073668679,299.0642382512564,228.06699178258606,-428.00995639294916,0.5038920767104802,0.08678976247202391
1615,93.93561720529658,253.1854631673101,299.014715037396,228.17783331177677,-426.9371214496288,0.49854376896110136,0.08503597814838902
1616,93.62365125863664,254.90010765942353,300.56795504708566,228.4326051645292,-426.18969276268484,0.5004054474357237,0.08009349505450894
1617,86.52686483409047,261.71327479190006,308.47124726203515,233.56626226481717,-426.73872761471046,0.544105779239298,0.06262634466825556
1618,87.71203785644568,260.6487323980509,307.543091517574,232.2877870152548,-426.9437362257537,0.536730552721789,0.06513293264024309
1619,98.24193630704292,245.36580777663406,290.4071053317032,229.0865100622737,-428.8303000703896,0.4728881665235318,0.1085526315789473
1620,97.22635241917959,245.98325743289223,291.37312361342714,228.3971629723794,-428.9042981648461,0.4790249708846299,0.10640025990903185
1621,89.72062210661471,256.32694480702,303.6302521543297,229.97982635211025,-428.3675456186498,0.5240634059962898,0.0767453613457516
1622,96.34051836629068,247.219050166517,292.83162148382695,228.0327161031111,-428.6768984764694,0.48429011792703885,0.10257382138473763
1623,97.06674252289251,247.79059123482745,292.89563596596844,228.5780707357357,-427.93381260674323,0.479914229768456,0.10113890693812724
1624,98.02707978283208,245.0869560883644,290.27812842666737,228.86415511707176,-429.07086379858686,0.4742104052985363,0.1092700888022525
1625,97.12728678653501,242.98286011839804,289.0330404558651,227.8443240340314,-430.699010708052,0.4797365551555167,0.11500974658869395
1626,96.19828680692623,246.62516967412137,292.4388382831402,227.85777916286742,-429.11037930220414,0.485161775245728,0.10424788823911638
1627,92.49974403642115,251.2728753653743,298.3252412981835,227.92511491969418,-429.2109028345211,0.5070940207340529,0.0906162009963182
1628,92.17581673762382,252.67169105307357,299.6175890267629,228.22169883716526,-428.6603796207996,0.5090505942924032,0.08663032753351169
1629,96.38382518537915,245.89435114544884,291.7522838334102,227.8429367269739,-429.4210097707496,0.4840767312276858,0.10640025990903187
1630,96.27904291870993,242.89706254421594,289.4210980468446,227.29955946342517,-431.227560169907,0.48478831549857254,0.11500974658869398
1631,89.19198541692809,255.0690919501758,302.7885778023772,230.15987423469295,-429.4263680878022,0.5272653500198623,0.0805717998700459
1632,89.9674467683723,255.1900637726232,302.63711343303805,229.63298988907948,-428.86412269219346,0.5224981471496095,0.07993406011599681
1633,94.12447137353979,248.01326531927873,294.7768723811215,227.36307824236326,-429.7927678037782,0.49743538396792414,0.0999431448992854
1634,93.82572916031154,249.25522705110552,295.94642206636075,227.530093120465,-429.30722603025566,0.4991963001704394,0.09635585878275954
1635,93.08698796874936,248.76307369989527,295.99064275575813,227.44414294320558,-430.18991488778283,0.5035721883290222,0.09779077322936991
1636,91.76434650287267,250.81502642126785,298.35299465438794,228.03934315585468,-430.0688984063079,0.5114699088926355,0.09205111544292857
1637,92.69408239229054,250.4350372632714,297.5480701276251,227.7570819209393,-429.53872094705577,0.5059200765990426,0.09300772507400211
1638,93.88163815056147,247.2630723221743,294.32548773411065,227.21198781490432,-430.42122932398905,0.49887622012140975,0.10209551656920093
1639,91.13039719473035,250.75307768563925,298.6139994149944,228.2756123015612,-430.5993911366468,0.5152646921720923,0.09236998531995312
1640,90.4646973115232,252.92054734443224,300.634594862489,228.96496851015343,-429.8351193265404,0.5193676294562489,0.08631145765648723
1641,89.87560303926658,250.66426509021775,299.05808478026347,228.96395170573186,-431.55288018882226,0.5228542587310056,0.09300772507400222
1642,98.73898050739562,240.95631321716274,286.69696034436333,228.80715864080065,-431.24649231243575,0.47009548693123754,0.12146686159844045
1643,97.87132741235324,240.0864176525523,286.3641635287433,227.93276683092628,-432.04359535646597,0.47539637908334775,0.12361923326835601
1644,99.45196537010708,237.3330770116839,283.56150958319154,228.87605885683215,-433.19744073764383,0.4660044426681229,0.13222871994801805
1645,91.46864081049935,249.67425693230877,297.59212889881303,227.96044889386962,-430.9655947812253,0.5132132235300139,0.09539924915168609
1646,88.42476283690169,253.68689732528335,301.86531059449817,230.5553536885098,-430.6468189219409,0.5319259234296292,0.08487654320987698
1647,88.26132237439936,254.87355474405157,302.84448680839773,230.88482345474083,-430.04034672252385,0.5330049724809114,0.0815284095011195
1648,97.07709956988272,241.4830645707876,287.86345101332375,227.5679571447214,-431.5969740179876,0.4800923472909601,0.11931448992852502
1649,92.28886000716538,247.2974797145855,295.2710150890644,227.324119123632,-431.6906670057799,0.5082750445646413,0.10209551656920099
1650,91.97808671852783,248.06217541810472,296.04696756410226,227.52794422477098,-431.49777872519485,0.5101360205668963,0.09994314489928545
1651,95.21556444430719,243.48526801049536,290.50921848739233,226.90663744620338,-431.59890931991276,0.4910526677878366,0.11309652732654689
1652,94.14709461287454,244.11142032660055,291.65243936273254,226.73394325981278,-432.0415021512296,0.49731702007710066,0.1111833080643998
1653,88.00024509563826,253.03321244098754,301.41772857604263,230.8153057802929,-431.2294601860938,0.5344834991849235,0.08694919741053637
1654,88.80878276340209,252.30208021037168,300.6764953493161,230.01636077419175,-431.2482482547474,0.5294831400758806,0.08870298173417121
1655,100.54915608921898,236.9397226310861,282.9450524384599,229.8610060480321,-433.29864735433404,0.45952958219651296,0.1338734567901233
1656,95.48499012905953,242.3387128844877,289.434913820247,226.8249720103643,-432.074351793244,0.48948887572485617,0.11644466103530436
1657,88.51581147722835,251.18380627002526,299.8477430701395,230.07849393124746,-432.0518958339993,0.531226454713259,0.09205111544292871
1658,97.08893583680683,239.4925014528908,286.2706562578535,227.25492913969782,-432.7487344412851,0.4800969393096314,0.1250541477149664
1659,93.07921082044082,244.1144012370604,292.2889066531675,226.69091775050342,-432.89752009138647,0.5035829030392551,0.11118330806439983
1660,92.81451376585404,244.95179558860872,293.10862937145566,226.85217229185378,-432.62698166262413,0.5051474604386806,0.10879178398671593
1661,92.0133737542236,244.1574719501523,292.9159250527202,226.88580291484806,-433.73779565168326,0.5098487860014095,0.11118330806439987
1662,100.07823425059726,235.3689224419212,281.81276130047553,229.1536681378214,-434.2522538214035,0.4624112545034842,0.13817820012995435
1663,98.52057733136695,234.20268089479507,281.4000629780059,227.52988395060518,-435.2424010983587,0.47176778728206553,0.1408382066276802
1664,97.09515297113222,238.49713071234046,285.4742587725078,227.09841214701876,-433.32461454653213,0.480099235318967,0.12792397660818708
1665,96.29742936427388,238.91425803270218,286.23598423450966,226.66588675663428,-433.5318177943204,0.484797499535915,0.12648906216157677
1666,96.30711633311012,236.922998477943,284.6434290816171,226.3490399619187,-434.6839490965987,0.4848020915545862,0.13222871994801816
1667,95.49097837282632,240.34684962135418,287.8433042460949,226.50502449293444,-433.2277936861089,0.4894934677435274,0.12218431882174575
1668,88.32091075308828,249.80244004158433,298.7823591193033,230.0212914436926,-432.95009236811995,0.5323353497412682,0.09611670637499137
1669,97.89382264985338,237.10204087205997,283.97578953702293,227.46938462941299,-433.7722568776948,0.4754032671113545,0.1322287199480181
1670,91.27811368227273,245.03987977364315,293.989761071128,227.28819465856952,-433.80572424291427,0.5142216128142114,0.10879178398671599
1671,95.49418351935249,239.350944213351,287.04750036314744,226.3450487482774,-433.80451587316423,0.4894957637528631,0.12505414771496642
1672,93.8797222103781,241.2861164877794,289.56046542317654,226.24263906121047,-433.89485723715774,0.49888999617742347,0.11931448992852511
1673,93.07315958521116,240.794179392989,289.6448216305834,226.15290572640316,-434.83154012109856,0.5035905564037071,0.1207494043751355
1674,89.78156000953669,246.77502248685093,295.988126725875,228.40224917510878,-433.8739713756616,0.5232636850426445,0.1042478882391166
1675,95.49760422102244,238.3549731685871,286.25169708320203,226.18507168001958,-434.38123888763243,0.4894980597621986,0.12792397660818713
1676,89.61963167099493,246.04841123731592,295.4618432907068,228.39735812853388,-434.39989286714297,0.5242109784537661,0.10640025990903217
1677,88.97135761393498,243.14931433075554,293.33110672373766,228.4172803011415,-436.46866146782907,0.5280001520982518,0.11500974658869426
1678,89.89847774300749,243.0251956453272,292.9557422501796,227.71856666456415,-435.9730734384636,0.5223836132714992,0.11500974658869421
1679,88.70052145213357,246.17735095839993,295.8109196397005,229.12426608749882,-434.85978682544686,0.5298275172805187,0.10640025990903218
1680,90.95106986226374,243.5748684925007,292.9723127769141,227.19973807453084,-434.90577570369106,0.5161161996364543,0.11309652732654703
1681,99.95067591709768,232.59378196320324,279.6381877221732,228.58669769895795,-435.88567635150923,0.46333909226438363,0.14611760883690694
1682,97.19588643958579,235.52077336153576,283.0506603570417,226.6880541249709,-435.0052533205798,0.4796191152454224,0.13653346328784918
1683,98.07647830190862,234.1384866067261,281.5330393155838,227.1423363408911,-435.4260886384413,0.47443613893625874,0.1408382066276802
1684,96.42672141239419,234.9421419637817,282.9972852500388,226.0975996613638,-435.7632161485407,0.4841573394378556,0.13796837773445955
1685,92.26943349782312,241.32161392253502,290.5169014464081,226.3604080540186,-435.17888503317494,0.5082888206206551,0.11931448992852518
1686,93.07203622817903,240.13016298769261,289.1160058450952,226.04530392017807,-435.2183457578678,0.5035920870765975,0.12266262363728264
1687,87.72682542687917,247.57231011486925,297.09417593510904,230.18708669183857,-434.51562172333894,0.5358219790160248,0.10281297379250637
1688,97.25589722426724,234.53194420701456,282.2317091837702,226.57188308396798,-435.55030337759763,0.4792967391870572,0.1394032921810699
1689,93.8795015476295,238.2977069171706,287.17796665404086,225.75796191203563,-435.63168787750647,0.49889688420543027,0.1279239766081872
1690,90.68065403701578,242.43903328482142,292.1847626044504,227.15417657964795,-435.7661796489589,0.5176853490545512,0.11644466103530453
1691,87.32349177179208,246.7246436834143,296.46090059042035,230.4193197950517,-435.1687556379349,0.538199713262772,0.10544365027795868
1692,95.59082118735185,235.3731224958388,283.81922140398666,225.74164613381944,-436.05036868751466,0.4890179396886541,0.13653346328784924
1693,90.67431132216839,241.44362327296994,291.3934933698806,226.99670990394713,-436.34896471612143,0.5176876450638868,0.11931448992852522
1694,87.61186279277956,245.599229815804,295.5319558290078,229.97533115970154,-435.70718214712144,0.5363913495183928,0.10855263157894776
1695,97.37823090345837,232.5544994460309,280.59476538338055,226.34163339465334,-436.6416651054559,0.47865198707032663,0.1451429499675113
1696,95.64964392994042,234.38103785220065,282.9935072790237,225.60697674482654,-436.5865652899474,0.4886955636302888,0.13940329218106995
1697,98.52860178186263,231.04734485028266,278.882603277927,227.03007646694243,-437.07724778636117,0.4718759482336815,0.14993502274204018
1698,92.25969236072362,238.3339040706402,288.13985536317784,225.8785664403048,-436.9230083018024,0.5082957086486619,0.12792397660818725
1699,95.70874802676678,233.38907203526605,282.1679104490788,225.473086524188,-437.1229095836671,0.48837318757192355,0.14227312107429063
1700,93.96399546187055,235.3104337482706,284.74531647494564,225.28230400398454,-437.3009953002573,0.49841676413188574,0.1365334632878493
1701,90.66188662087156,239.45298655098475,289.81095555750727,226.68178231993753,-437.51453565944814,0.517692237082558,0.12505414771496662
1702,89.10812577375441,241.63583724130325,292.08846566586516,228.06580612938816,-437.2693974332974,0.5270864695071185,0.11931448992852528
1703,90.65563032823633,238.4576297599777,289.0196869792164,226.5243214120228,-438.0973215349523,0.5176945330918936,0.1279239766081873
1704,89.86798036702736,239.04498338426043,289.7907710306363,227.0971491391751,-438.30424775989434,0.5223927973088416,0.126489062161577
1705,89.85335382694421,237.05500957945353,288.20828444266823,226.7864530846551,-439.46983344332443,0.5223973893275128,0.13222871994801838
1706,95.82753706040096,231.40582589738887,280.5171046096216,225.20765670554943,-438.19608937752247,0.48772843545519307,0.14801277886073205
1707,96.66680999549749,230.98097735540108,279.7076871406864,225.60393963486516,-437.9252473416283,0.4828678352043946,0.14944769330734237
1708,92.33462691909351,235.34225230837401,285.71372134008465,225.37680702695826,-438.6014077773562,0.5078155885751174,0.13653346328784935
1709,91.60165387198934,233.89279673309784,284.9419462022505,225.35657062645407,-440.03079311375217,0.5120314367091854,0.14083820662768043
1710,92.16077159068763,233.52479504171276,284.3589242383794,225.1237265477605,-439.7982402120427,0.5087910365419864,0.14179481625875398
1711,98.53770105167811,227.89076549045132,276.365061988524,226.5300068779517,-438.91198816279785,0.47198410918529765,0.15903183885640015
1712,97.58218207833517,226.87643128681748,275.9697954474303,225.57961656346043,-439.8510269797444,0.4776753464981629,0.16157678145982232
1713,98.22467642070414,226.14835412178263,275.1022998538041,225.97971519397134,-440.02432239354675,0.4739292598236376,0.16392318244170087
1714,89.09083206784261,239.64653955831685,290.50520804602405,227.7595243029765,-438.4338903361791,0.5270910615257896,0.12505414771496667
1715,88.31974188050144,240.25867512643808,291.1605006803422,228.49273511814073,-438.48313188729577,0.5317893257427376,0.12361923326835636
1716,87.24548920443415,241.92282586741453,292.63188710775177,229.71921016453908,-437.9786607956205,0.5383195471606237,0.11931448992852536
1717,97.12489832318606,228.92595807265377,277.8290561824852,225.5751819625122,-438.87533174318435,0.48027159085127874,0.15551223738358233
1718,96.32175314600472,228.95563786555806,278.2825004332136,225.0703958886551,-439.30510746335466,0.4849311638442275,0.1551873510937838
1719,97.16348031996083,227.5649997113655,276.72423326579997,225.38283908314617,-439.64727069494796,0.4800939522801844,0.15944697133780947
1720,93.24933298664908,233.4866242787071,283.71537945181854,224.95837741309464,-438.9353740537024,0.502525153579832,0.14179481625875395
1721,93.2862595019892,232.82202693582377,283.1638756825599,224.84942328029274,-439.291702346691,0.5023102362075884,0.14370803552090108
1722,94.13376874912042,232.32445505938932,282.2620082461539,224.8204768059017,-438.90203701138904,0.4974496359567899,0.14514294996751143
1723,99.49806214101355,226.1162965375431,274.6161582357451,227.11953478918747,-439.7286260816079,0.4663890149405355,0.16457295502129798
1724,94.04411213310365,231.8251501174771,281.91789239999406,224.72691721910658,-439.2628648718316,0.4979654681167482,0.14657786441412174
1725,93.43554406833944,230.16352541982974,280.9572616990857,224.41648566632918,-440.7161737222815,0.5014505667186143,0.15136091256948958
1726,95.56392317598453,229.89278224618928,279.4648028586776,224.8435448801972,-439.25281963687183,0.48927593193506774,0.1523175222005631
1727,90.72063823651115,235.46333691046374,286.6040453911258,226.00600445507112,-439.7900354885659,0.5172144130183491,0.1365334632878494
1728,89.94847415077882,235.05149838636947,286.57715437686284,226.40041176982683,-440.5710014990193,0.5217526372107822,0.1379683777344598
1729,92.4948693218638,232.34694763979087,283.23711441453605,224.85852131802824,-440.21217858056826,0.5068484604000216,0.14514294996751148
1730,91.70596325166365,231.89256669085043,283.295439854494,224.99609825745438,-441.11096714171475,0.5113866845924548,0.14657786441412185
1731,91.99452627279194,230.87801609813255,282.3378479084306,224.740647998912,-441.4714528725438,0.5097102681558078,0.1494476933073425
1732,90.77036416456944,234.46234519944642,285.7845631467193,225.8182536213415,-440.33528705421867,0.5168920369599839,0.13940329218107012
1733,98.5456367132121,224.73548922398595,273.84744128867777,226.02967434677,-440.74662516697623,0.4720922701369137,0.16812865497076013
1734,97.58479938859472,224.77204845176146,274.2913202466108,225.24199821007036,-441.0740877468409,0.4777474537992403,0.1676413255360623
1735,97.21908321128056,223.31108209279623,273.3066909025384,224.73402335247178,-442.09434588242584,0.4799404623084306,0.1717204533968666
1736,96.34000194764494,227.22209210215684,276.8905236421408,224.80006400123173,-440.30223525034563,0.4848783982092191,0.16018699010901732
1737,94.92277437385424,228.859927857601,279.02575829856636,224.43942419029958,-440.3121795497301,0.49297594790917737,0.15518735109378382
1738,96.55134693752285,226.87234928015033,276.4952832815979,224.86828486944995,-440.380276751072,0.4836690953182083,0.16125189517002375
1739,88.29081628131047,237.27561556511853,288.78357213689594,228.0396606527101,-440.22704528454324,0.5317962137707444,0.13222871994801844
1740,87.9789327434432,234.33697493296444,286.4874663197553,227.84211111085978,-442.07632401906005,0.5334974372498418,0.14083820662768054
1741,88.42610249616172,234.26755429859298,286.357512561707,227.44292357523034,-441.9067593357335,0.5308290855956486,0.14083820662768054
1742,87.93632400169426,234.3442707791596,286.4990520007564,227.88095005741658,-442.0913995420163,0.5337511342049566,0.14083820662768054
1743,100.04434647966141,222.1645562444105,271.309576652842,227.00225243531168,-441.9560910914775,0.46345142698780994,0.17621471373908007
1744,96.60889159384261,225.88201093600952,275.6743925235068,224.74355897061798,-440.9228292301155,0.48336658381102815,0.1641217240632445
1745,90.87088674293572,232.46059280050105,284.1448163887176,225.44360596623483,-441.4247278267089,0.5162472848432533,0.1451429499675115
1746,92.74922109289012,229.8458088374021,281.10176565066456,224.41174479570893,-441.4585625110505,0.5053655000649675,0.15231752220056316
1747,93.50969204589194,228.83408759807043,279.85361535570433,224.20179224584268,-441.4279305892975,0.5010207319741273,0.15518735109378384
1748,89.18390554922885,234.65405010548858,286.49696500716595,226.8852055392442,-441.2791740518997,0.5262908614032153,0.13940329218107017
1749,94.27314193351424,227.8431270896458,278.60582079052676,224.11693133807506,-441.3961772108784,0.4966759638832871,0.15805717998700453
1750,96.60873563138347,224.82960676355873,274.8356613066304,224.57303106606176,-441.53506221541215,0.48340263746156686,0.1671539961013645
1751,94.31127693597854,227.17987049589203,278.05373024360904,224.01642066244867,-441.7516088540141,0.49646104651104367,0.15997039924915168
1752,90.92070624905908,231.4594052781508,283.32454871051556,225.25673176338648,-441.9689124908068,0.5159249087848881,0.14801277886073222
1753,91.06283363666407,230.94813076456518,282.85307358183536,225.10562983061251,-442.15929413894094,0.5150867005665645,0.14944769330734253
1754,96.42277952416671,224.10326399052963,274.3592048073888,224.3428950293881,-442.06620106003913,0.48449914171616204,0.1691935600317666
1755,92.09802962000954,228.87978512906977,280.6883581773483,224.3873498051965,-442.5475252335555,0.5090655160390772,0.1551873510937839
1756,89.27598132192189,232.64931250322718,284.8725171921839,226.49229403596377,-442.38941148910243,0.5256461092864848,0.14514294996751156
1757,96.40260723508062,222.95492966557833,273.4551208163684,224.14506750957548,-442.7460665500885,0.4846504820939881,0.17249657064471874
1758,97.24678756536986,221.45970807512504,271.8177144712536,224.45430247112003,-443.1577071905873,0.4798541311137553,0.17706302794022086
1759,91.4511861902848,227.92587862832994,280.2607182932694,224.44876356527175,-443.61626108482955,0.512765532013187,0.1580571799870046
1760,97.28590972216762,220.37434391522783,270.93291655645135,224.3075296992029,-443.769768042202,0.4796669063338626,0.1802035954082737
1761,96.47264462532571,220.39959103932955,271.379317619774,223.77275633888576,-444.1904605593498,0.4843264793268114,0.17987870911847514
1762,100.32464442945296,216.58873768086124,266.7971085697916,226.37503912411108,-445.18050136425666,0.4622053087942284,0.1924139051332032
1763,98.792740917897,218.23192184415078,268.5753773068931,225.20240854177922,-444.46766741451466,0.47096892145755737,0.18697205977907722
1764,98.46241350964164,214.91314113491893,266.0538398938984,224.37331852501885,-446.48739186351276,0.4730755987720725,0.19639376218323573
1765,98.91828220962292,214.98198659534563,265.9414606447109,224.7921847674292,-446.33098813159825,0.47040724711787923,0.19639376218323573
1766,94.34551543305955,222.1814667044786,274.04801992729267,223.2122926688553,-444.63042387077934,0.4963041003419689,0.17437369143022163
1767,92.94121815090618,223.7117719178375,276.1026061324639,223.3944935531047,-444.8662992894319,0.5042185044012796,0.1699696772796188
1768,93.58525020187845,221.79075117293655,274.1939180377723,223.06166857333938,-445.4592843968685,0.500579347150199,0.17547469496787235
1769,94.3094902644721,221.41597283494934,273.46020196800634,223.08122181957964,-445.10369034334815,0.49651613019435203,0.17657569850552304
1770,93.50942600213641,220.26287084696762,273.02059310002005,222.81178661498438,-446.40876673315097,0.5010034068549654,0.1798787091184752
1771,89.8766793015252,226.9227435992175,280.11893763670196,225.13823168203967,-445.34040750027674,0.521850058828172,0.1614143383149232
1772,89.82361040710833,226.20900831361575,279.56761424129365,225.0591726307335,-445.7896699122802,0.5221312901320835,0.16349000072196962
1773,94.99776719032475,220.2935456519079,272.150229138667,223.07474248778388,-445.2355588674681,0.49266494309088843,0.17987870911847517
1774,85.5724196829836,232.98375127349772,285.5091375576577,229.89627964664058,-443.6281460717483,0.5474975791387655,0.14588748104830015
1775,90.74189906493663,225.55275562704549,278.6930318323084,224.393575003701,-445.53272229726514,0.5167753561549907,0.16507833369431812
1776,89.71709069256337,224.7818658125874,278.46426967778643,224.9026207004437,-446.6872368415348,0.5226937527399063,0.16764132553606248
1777,95.68640657926798,219.18763399294443,270.8600548564846,223.16305104729346,-445.3928262878061,0.4888137559874247,0.1831817197314273
1778,92.86272100544949,222.18557540544273,274.9300116750512,223.15536263904843,-445.8166259780446,0.5046425641060459,0.17437369143022166
1779,90.68909014279889,224.83766535896905,278.1452237060427,224.30621829905195,-445.98681564361107,0.5170565874589022,0.16715399610136455
1780,100.28539785355147,213.36897849487468,264.2436852236596,225.81900523961406,-447.0608027084339,0.46263924512392807,0.20167316439246244
1781,101.68469358813749,211.77175060897355,262.6831809852847,226.93442294151805,-447.9739888499585,0.4548712431299769,0.20695256660168915
1782,100.02889320055907,211.7207269341793,262.99844692049265,225.30884359376893,-448.04622485695285,0.4641903891158745,0.2063027940220921
1783,96.00728586897878,217.49146771879674,269.3224539484481,223.044087107724,-446.1664330426835,0.48703950281351893,0.18813623565085552
1784,97.620334361928,214.98782607785904,266.47686060821417,223.689828911742,-446.749291441435,0.47794226330493783,0.19584326041441041
1785,85.30722953615576,230.31471516270977,283.3603373316435,229.72932361465246,-445.2251677380251,0.5488105461725881,0.1537118258609491
1786,86.19525097914676,231.65254714503357,284.4677138655445,229.07649544678273,-444.26322292340234,0.5437907421833775,0.14942061944985957
1787,97.58864047976994,214.2195433580115,265.8793521285804,223.54136476201117,-447.20975542023575,0.478154293157321,0.19804526748971185
1788,96.69929994622417,213.54340209232703,265.7895999832347,222.80494426099358,-448.04478945272564,0.4832329875425695,0.19969677279618794
1789,95.93804392882915,215.95806623749831,268.13889840347383,222.7607503609786,-447.10259234477024,0.4874635625182854,0.19254024980145834
1790,91.34587045158115,221.506697637277,275.191827990906,223.45135341211832,-447.4264143188896,0.5131930577225061,0.17657569850552313
1791,87.31326791728887,226.854429954212,280.589095930908,227.24741468234774,-446.6899622535938,0.5369670652292213,0.16271388347411764
1792,88.76071249701738,224.74694562268894,278.6920818649918,225.63218044398806,-447.2633291184357,0.5283309180209104,0.1681286549707604
1793,92.70618116413938,219.1336582756407,272.58531145317033,222.68115770439306,-447.71788432451825,0.5054906835155786,0.18318171973142738
1794,93.4330751374856,218.73500217681837,271.84755130808884,222.56317026801344,-447.35861345840937,0.5014274665597317,0.18428272326907805
1795,92.02248888324603,220.31258808231536,273.89855378115686,223.02035385082468,-447.58615573169976,0.5093418706190423,0.17987870911847526
1796,98.37360194960718,212.6078123396917,264.2519405124058,223.9229230250306,-447.85624837610266,0.473711688329222,0.20299978340914002
1797,88.7854809862307,224.03535915693033,278.1189651928459,225.49676682359578,-447.66333698126004,0.5281446924301809,0.17016821890116252
1798,94.08648681855789,216.8260448002638,269.93533242443135,222.30035283879852,-447.9459576664217,0.49778830930865126,0.18978774095733164
1799,94.1612777582819,218.35575906627167,271.1099076507056,222.5595578049184,-446.9980366109544,0.4973642496038848,0.18538372680672877
1800,92.66690377794572,218.37075665829445,271.99922648389014,222.56346427914934,-448.1933090257797,0.5057027133679618,0.1853837268067288
1801,94.19288390171228,216.2544950581406,269.4153069139143,222.2238795494971,-448.19422766178604,0.497196891584016,0.1914392462638077
1802,97.78841412326624,212.14453338105739,264.132463507983,223.36225382875702,-448.33366489895275,0.47709748458605433,0.20410078694679074
1803,96.60079450261411,211.24033517354826,264.0077028589213,222.36910713415526,-449.4403445873011,0.48386907709971905,0.20630279402209226
1804,98.32764325881716,211.45510666181485,263.35139887677514,223.69765223471583,-448.5412260281877,0.4740297331077968,0.20630279402209217
1805,94.38592490637578,214.1568162065171,267.62648755678356,221.91892021013174,-449.26338782535976,0.49614008301274937,0.1974947657208866
1806,93.2790963823592,215.6794250094892,269.50226603159365,222.06981246851424,-449.2593303543464,0.5022755859692645,0.1930907515702838
1807,92.42380471324441,216.27897497438607,270.46680545593034,222.26841709750664,-449.60696424036547,0.5070362355759382,0.1914392462638078
1808,92.06115463197881,214.9598870666363,269.61214566262737,222.14296072975918,-450.6677520510032,0.5090471784829291,0.19529275864558523
1809,97.48351985448649,209.62087371893497,262.2640620987717,222.71736717929696,-449.9310411936959,0.4789394641700687,0.2112573099415204
1810,96.61472180996873,208.94888550750193,262.17312216048106,222.00730867594598,-450.7641416288057,0.48385582252146686,0.21290881524799646
1811,90.73510464781943,217.55003794212328,272.31417050281567,223.10249194884094,-450.1868151627182,0.5165575347892857,0.18813623565085566
1812,99.37518235002128,206.4577525822283,258.9987607922812,223.84146210947455,-451.20532770496567,0.46822870221832463,0.22116634178037667
1813,100.00448409515828,209.88496919831255,261.5430878530298,224.99032719818,-449.119071507803,0.46444054718519767,0.21158219623131883
1814,98.35860067679778,208.02005703931715,260.60165552675767,223.17057540744418,-450.5295816531902,0.47400985124041844,0.21621182586094856
1815,97.49234336928457,208.4754955396212,261.34686461568,222.53903875352634,-450.5930316609332,0.4789328368809426,0.2145603205544725
1816,94.27363377929309,211.8612456769988,265.8641442169522,221.52520095333566,-450.684686382856,0.4967761725698989,0.20410078694679087
1817,95.05345644679092,211.63372168416862,265.2127152375769,221.68957401341817,-450.22756331932794,0.49247380741317226,0.2048347893052247
1818,95.49513835669039,212.67806600589705,265.7818544511531,222.02573467423392,-449.3060120172135,0.4900045800562342,0.2018987798714894
1819,94.83130511275589,211.1140578919418,264.9321188932601,221.5356727341186,-450.69349807072473,0.4937084210916413,0.20630279402209228
1820,95.72827416373326,209.44531938103012,263.0684689080393,221.60464963462326,-451.02646305919615,0.48877880816199104,0.21125730994152048
1821,90.44270360825365,215.86174382123454,271.08862843142794,222.99421052323413,-451.3797197127167,0.5181741992131865,0.19309075157028388
1822,89.94328575275665,216.49328781067956,271.77767927945933,223.4095023779091,-451.35430198224617,0.5210448114498989,0.19143924626380782
1823,94.83489578946698,209.96786121132422,264.01600237102133,221.35089482851578,-451.3570239156368,0.4937017938025152,0.20960580463504438
1824,94.84159125483866,207.67523903460284,262.1837616351858,220.98134899232866,-452.68406514004846,0.493688539224263,0.2162118258609487
1825,89.12475772110086,217.17636008615693,272.5677304547151,224.1169330487197,-451.46090185706913,0.5258054610565727,0.1897877409573318
1826,92.24441343776847,212.84814725570496,267.82988727958013,221.75275702154153,-451.7468207863687,0.5079903699116626,0.20134827810266412
1827,91.45332779275009,214.61936749700976,269.6495690134134,222.29333887164256,-451.3469639873061,0.5124329747397616,0.19639376218323598
1828,95.73350447707793,208.2992372956804,262.15156769278474,221.4215395953354,-451.68891288043403,0.4887721808728649,0.21456032055447258
1829,97.51000647514489,206.18495180362936,259.5124720786231,222.18240276267863,-451.9170155936144,0.4789195823026904,0.2211663417803768
1830,89.88030373561637,215.35490699226006,270.8913173519683,223.26823769064046,-452.05726418933233,0.5213628562284738,0.19474225687675997
1831,91.37079122188246,213.097384216016,268.4757605782645,222.0802588879673,-452.2953258616086,0.5128570344445279,0.20079777633383886
1832,90.54924377670277,214.13068510338744,269.6652228083241,222.65266214266907,-452.3096611895393,0.5175116691250101,0.19804526748971207
1833,89.65496555771516,213.6641287326575,269.61670353404764,223.15270278144047,-453.18430476866837,0.5225903635102586,0.19969677279618817
1834,93.94097399090178,209.37177751682054,264.0802226159812,221.07317534447128,-452.393144757168,0.4986181521539132,0.21125730994152053
1835,94.24277598795597,207.27451028065343,262.225389684606,220.77614533336944,-453.3734755027539,0.49696611145852837,0.21731282939859944
1836,95.73886252899433,207.15313455677193,261.2346647438045,221.2384345891564,-452.35136030703285,0.4887655535837388,0.21786333116742473
1837,91.32958513629433,212.33655262950896,267.88878866795335,221.974296109271,-452.7694084327781,0.5130690642969111,0.20299978340914027
1838,90.7236915535173,212.0104523667251,267.90176557200743,222.21266117205136,-453.4146370863163,0.5164548605537433,0.20410078694679099
1839,89.52718488363602,211.38847342332315,267.84057719628066,222.87767814033012,-454.58555998256907,0.5232264530674081,0.20630279402209245
1840,91.26767973258383,211.1953787952549,267.00823768612867,221.816077638919,-453.4803978532564,0.5133871090754858,0.20630279402209242
1841,88.83775199238497,214.35234106154826,270.3823254552754,223.89452974496302,-453.2576297505002,0.5273510131169323,0.19804526748971216
1842,98.90588482070842,202.08466597099905,255.66887587889178,222.7021739417374,-453.8411287079913,0.4711485098001845,0.2335526315789473
1843,98.65876507518261,202.33363074593382,255.95411346736526,222.5175978329925,-453.75374727563445,0.47255748797404873,0.23272687892570926
1844,97.5992934480444,204.47669902586733,258.10861722268163,221.9745962765821,-452.8715248107922,0.47848387332277953,0.226120857699805
1845,92.1500942749791,209.4138250906285,265.14219431835835,221.2198202796717,-453.81865249887,0.5084574961458356,0.21125730994152056
1846,91.25633064842079,207.75697939798005,264.2722587672854,221.2644295606138,-455.48756827957897,0.5133672272081076,0.21621182586094884
1847,91.84931537076183,207.33023066763923,263.63945140281186,220.9702401716678,-455.2716162920758,0.5100852367810914,0.21731282939859953
1848,95.75005255193155,204.86080781922368,259.4008536528563,220.87223968807646,-453.67624798716747,0.48875229900548656,0.224469352393329
1849,94.84938918443557,205.38230073800406,260.35151065253746,220.61181648098037,-454.0110924214575,0.49367528464601074,0.22281784708685298
1850,91.26373115714438,210.04920554005716,266.0962465816936,221.6321997646405,-454.14945711185953,0.5133804817863598,0.20960580463504455
1851,93.04441315944455,207.2765961489612,262.9395989995325,220.72006133120877,-454.33415251315296,0.5035256741198099,0.21731282939859944
1852,93.04445459153088,206.51226374259468,262.3302890951219,220.5961229532468,-454.7784407246438,0.5035212559270591,0.2195148364739009
1853,93.9462887821494,205.93213023984447,261.3349392587819,220.5159390615072,-454.3878806620134,0.498598270286535,0.22116634178037697
1854,94.25357054243956,202.68863989544678,258.56353894909324,220.0341447764203,-456.0311310881641,0.4969396023020239,0.230524871850408
1855,98.5945366088815,200.6037064443986,254.59992405331533,222.18023365673974,-454.7766678922174,0.47301414179013435,0.23768139484513745
1856,97.77841026096634,201.06098875201081,255.30312700196168,221.56320720868985,-454.78347242310275,0.4776124553629577,0.23602988953866144
1857,95.45728053300323,203.50322860599817,258.4905550248196,220.52300864896156,-454.66511381447356,0.49038445783349316,0.2283228647751065
1858,96.64363751638828,204.3657007949941,258.5039543265513,221.28378780022763,-453.41172608749963,0.4838293133649624,0.22612085769980503
1859,90.38328558530681,209.5629913156797,266.08911326085604,222.01074061460082,-455.0812806939987,0.5182968401377579,0.21125730994152064
1860,89.51226498770151,209.09774322523776,266.01782195312796,222.5185900722871,-455.92521681258813,0.5232131984891559,0.21290881524799674
1861,96.81969387380069,200.94552799880265,255.68301997711535,220.84340563622033,-455.3032861831526,0.48295789540514056,0.23602988953866147
1862,85.15818268976275,215.84369018469388,271.8043814099086,227.5490521324755,-453.6589363806558,0.5484296996804563,0.19549130026712913
1863,90.37782022295309,208.41730947077468,265.177649837195,221.82882417994247,-455.7510241201747,0.5182902128486317,0.21456032055447274
1864,92.14425333494607,205.9746017149248,262.403558899943,220.66405628849793,-455.82230498875504,0.5084376142784572,0.22116634178037706
1865,91.24865945546917,205.46467427642,262.4482634650553,220.89664010392943,-456.82566962920043,0.5133539726298553,0.22281784708685315
1866,91.8384206308537,202.7450308055541,259.98921177367527,220.230710732238,-457.9448466219574,0.510058727624587,0.23052487185040813
1867,97.67524410289182,199.6459901724363,254.22282471836039,221.2525255116849,-455.64848461287,0.47824894744895236,0.2400669025100474
1868,87.82688266260739,211.64380905342983,268.38759371036736,224.3357327218581,-455.3021534354188,0.5330657970593304,0.2063027940220925
1869,87.51958210901593,215.13176192042368,271.20802101848403,225.1750776927921,-453.40481016108606,0.535033711332914,0.19639376218323615
1870,99.57247336015793,197.12689583111975,251.5073158272942,222.52159870617535,-456.6084953569131,0.46764511746804566,0.2481409284528192
1871,96.62271319086199,200.0647075561052,255.08662405621504,220.57365393077956,-455.92450513583844,0.48407640092573084,0.23850714749837557
1872,95.05187563677136,201.76111216881247,257.3430149701997,220.0885239648761,-455.96703117387506,0.4926214688746736,0.23327738069453474
1873,88.66297791610778,209.79334574316294,266.78025459899135,223.30543986503673,-455.9936794071562,0.5281361841296801,0.2112573099415207
1874,96.79050951657757,199.41320470325132,254.47728219591218,220.57636923827275,-456.2094221797707,0.483165507064773,0.24043390368926432
1875,97.62325026019762,198.93873943091637,253.68317702111383,221.09746744766036,-456.08166376524935,0.47856719349194965,0.24208540899574035
1876,95.78351392740132,197.79314765682398,253.74724405310104,219.74262553718629,-457.76218681174277,0.4887185587665883,0.24483791783986722
1877,98.77649530191354,197.19182119019553,251.81527678719436,221.7926921187657,-456.71632531389326,0.47214709219721074,0.2475904266839939
1878,88.65408875259996,208.64840573485515,265.8684588581822,223.12838776536285,-456.6629139681146,0.528129556840554,0.21456032055447283
1879,99.65691111802427,195.61211411008833,250.27593989112046,222.35699087361303,-457.4788616404296,0.4672597620934129,0.2525449426034221
1880,93.0443193135787,202.69061540978157,259.2837193399601,219.97642438567016,-456.99985467241936,0.5034991649633055,0.23052487185040804
1881,99.24500104152936,195.83271965946955,250.5767336475508,222.00524151628304,-457.41452675989296,0.46955891887982465,0.25171918995018405
1882,97.51908427143256,197.52400681899198,252.60489309815694,220.78796416157763,-456.9493737396879,0.4792036855779444,0.24612242196712628
1883,98.36976322170304,197.41841499436615,252.1475928540187,221.4669274296426,-456.6940269035449,0.4744462489836224,0.2467646740307559
1884,93.44807432647221,201.40982462078705,258.02664563070454,219.75340040846956,-457.4158714778471,0.501305280421627,0.23419488364257704
1885,98.87820928664568,195.29724781015182,250.27004422162383,221.57921990955444,-457.7963002678233,0.4716653979789199,0.25309544437224746
1886,90.36132742469444,204.97992282456667,262.44325507276744,221.28303776765225,-457.76024883363607,0.5182703309812533,0.22446935239332924
1887,90.36686197284038,206.1257334289681,263.3547207455411,221.46497275440956,-457.09050819323244,0.5182769582703795,0.22116634178037708
1888,84.09556149013753,213.54166036648428,269.86941213967594,228.2277791266776,-455.1499141523762,0.5541709982448375,0.20264782326185882
1889,92.74127283108673,201.74397283632493,258.70215596836243,219.8567953324017,-457.7967988544062,0.5051335328876874,0.23327738069453485
1890,93.04383830933034,200.7794363414244,257.7604218132691,219.6665709621019,-458.1105446977325,0.5034881194814286,0.2360298895386616
1891,90.65029167102612,203.61102440143657,261.2360882441425,220.8947726916472,-458.35059695096726,0.5166227084786192,0.22832286477510672
1892,88.63690301728336,206.35864456965874,264.044873504365,222.77426315469017,-458.0013915873393,0.5281163022623017,0.22116634178037714
1893,88.45363763791042,204.66808010685932,262.7281282353733,222.6607614774737,-459.07177780837367,0.5290969078585313,0.22612085769980533
1894,89.48383915366254,204.5161851708211,262.3723181016969,221.80033165447546,-458.60454044264196,0.5231866893326514,0.22612085769980533
1895,99.36785150145936,193.55984022670265,248.72711004725505,221.7551114757403,-458.71667688297657,0.46898088581787545,0.2583252111760883
1896,98.13972816175422,194.2315741985723,249.70223226886887,220.75539733603526,-458.62073231852344,0.47587835617711044,0.25584795321637427
1897,96.54761354617844,196.235364516982,252.074733101311,219.9069708586753,-458.1931312337181,0.48459761425826103,0.24951718287488275
1898,96.46484757346393,195.17640860270612,251.27537135444467,219.68557305182296,-458.8563453360409,0.48507498332275706,0.2525449426034222
1899,97.30702207783155,194.69512141799683,250.45239515977013,220.17168508840703,-458.69022912314495,0.48047666974993375,0.25419644790989826
1900,100.71045698647899,191.39238497993688,246.64130750370595,222.69251727772144,-459.8439050650834,0.461698060084008,0.2652064832864053
1901,93.04375256976323,199.6330827021104,256.8464392483889,219.48065759469688,-458.77695328768374,0.5034814921923024,0.23933290015161374
1902,93.0439785393984,197.34014556395303,255.01846500668367,219.10882792511774,-460.1097582578625,0.5034682376140502,0.24593892137751805
1903,93.95713192781982,199.0536426451759,255.84429166661843,219.4015011212728,-458.377243322137,0.49855850655177825,0.2409844054580898
1904,94.24578556928876,198.1981913666578,254.98782937847795,219.3046023485297,-458.64669998122685,0.49700429205127705,0.2434616634178039
1905,90.99719183949485,201.85678942107273,259.6870341224098,220.42918104598294,-459.1132420282834,0.5146482048119088,0.23327738069453494
1906,94.41545082383071,197.53347296679146,254.35499832083633,219.22952915769267,-458.901040195075,0.49609339819031933,0.24538841960869262
1907,100.75476599593746,190.63571453284086,246.0286287153603,222.61387557220996,-460.28308597794273,0.46150538239669153,0.2674084903617067
1908,95.61441942757769,195.6794438254085,252.1604102966812,219.32246486216675,-459.104306423711,0.48967329689558037,0.2508934372969462
1909,94.75824342987119,196.20696524247592,253.09132361763062,219.09787066932856,-459.4121554677226,0.4942716104684036,0.24924193199047015
1910,99.4928527124523,191.28772778484978,246.8785677075899,221.50668027023227,-460.0202585914365,0.4684028527559265,0.2649312324019927
1911,92.13232492591132,199.0959535004794,256.9262161908541,219.55244622985165,-459.8295144154549,0.5083978505437006,0.24098440545808983
1912,93.90040954051453,196.75961231638544,254.04999102986125,219.0233761442157,-459.75538906556034,0.4988699240412269,0.24759042668399414
1913,100.56008287606964,189.26564128330796,244.98264274638893,222.20342798265582,-461.09035893662275,0.4626527982129999,0.2712620027434842
1914,98.50547175651616,187.406609546457,244.1154213600841,219.96794616609273,-462.4766617732623,0.4741442569912633,0.2756660168940871
1915,97.14615278523837,192.57425316574233,248.84160785194848,219.71218724346443,-460.00065608252794,0.4814314078789258,0.26025196736697714
1916,91.76619761918757,198.25845122224143,256.44969926244323,219.5276717625015,-460.6087286231658,0.5103657079732852,0.24346166341780398
1917,94.45053791731085,194.9226770475393,252.2531764247536,218.81345038124348,-460.3920312817036,0.4959299500150258,0.2529119437826392
1918,89.2793728217725,200.24484071484477,259.0233131471423,221.2654065057149,-461.2069142445367,0.5241606486917552,0.23850714749837582
1919,89.11222167881486,201.12863745998635,259.77102891743607,221.53940356309806,-460.78902813016754,0.5251479005251103,0.23602988953866177
1920,93.43557501611848,194.8487256883061,252.80378176367188,218.68936752144586,-461.2388188515965,0.5013574333611601,0.2530954443722477
1921,94.2970374761555,194.28132649157084,251.83554192046776,218.67849352664197,-460.88381070429796,0.49675911978833676,0.2547469496787237
1922,97.26557315120195,190.29523135500796,246.96522238784723,219.42965082422947,-461.2672503089551,0.4808533748169767,0.26685798859288146
1923,89.3365090028088,198.70827693086613,257.78264571426956,220.97365036611532,-462.06641783095404,0.5237752933171225,0.2429111616489787
1924,90.57065954365979,197.6957371748375,256.55217092481246,219.98156165802445,-461.84461603783143,0.5168778229578874,0.24538841960869276
1925,97.1853011382873,189.23446731261012,246.16004524860966,219.19934335646903,-461.92276194562777,0.48133074388147273,0.269885748321421
1926,98.38147473108205,189.68130607733994,245.97602207514146,220.22826933174542,-461.1891355105246,0.4747222900532124,0.2690599956681829
1927,89.36503612079925,197.94011203431768,257.1621437547135,220.82778914315287,-462.49594327525455,0.523582615629806,0.24511316872428016
1928,90.60077870316877,196.9277769500618,255.92753159366623,219.83983800250152,-462.26852758404624,0.5166851452705711,0.24759042668399422
1929,97.24592535103895,188.09510277943846,245.22180966868976,219.05833976056311,-462.5559980838499,0.4810417273504982,0.27318875893437305
1930,86.50201565556266,201.16364516212707,260.1198159000178,223.8852834739499,-461.85866543136194,0.539869390822004,0.23713089307631258
1931,93.88721976063732,191.2176464682608,249.64061134701467,218.1231775840218,-462.98740976357925,0.49895761257729543,0.26355497797992944
1932,94.12032183186673,192.1757579379166,250.2640002536937,218.30749305214403,-462.24585559559847,0.4977138579173288,0.26080246913580263
1933,93.29194632357111,191.9843521063881,250.6051297279704,218.22676240319305,-463.0208131094494,0.5021194938028358,0.26135297090462806
1934,90.13899481266256,195.06918305128463,254.62501596786421,219.8190213349564,-463.6722718031501,0.5191726545905042,0.25309544437224785
1935,91.09928386150376,195.7956958836372,254.8095264996217,219.39924249127458,-462.55882963709126,0.5139378489316863,0.25070993670733793
1936,93.36348545695478,190.4544201621807,249.34358989677517,217.9771514979675,-463.8517234400256,0.501734138428203,0.2657569850552309
1937,94.29008685441188,190.58608339416747,248.89434338527028,218.07807385725343,-463.0363280667867,0.49681757881238237,0.2653899838760139
1938,91.02356890625796,193.25482281475638,252.81818532263642,219.02397331292403,-464.09265553435193,0.5142853244867064,0.25804996029167593
1939,91.63866502742431,191.6747010671023,251.26578606787115,218.506048751844,-464.5360563524304,0.5109307655738496,0.2624539744422788
1940,92.10907782090507,193.55536916963646,252.52218142248572,218.6609441864932,-463.0686079411916,0.5084432562539165,0.25694895675402524
1941,90.07698164621439,194.3760165016742,254.0946871377094,219.74720017909496,-464.1169119505665,0.5194909006335016,0.25511395085794075
1942,89.95254950508404,192.99007313885437,253.0331207582391,219.60569672252024,-465.00494349703695,0.5201273927194963,0.2591509638293267
1943,96.08233666501563,186.54239007899537,244.60730475691014,218.0693196502516,-464.10832641112296,0.487361164647784,0.27731752220056327
1944,93.70672466861386,189.11441753793846,248.07187777391653,217.7678271425794,-464.3530288564146,0.49991235070628737,0.2696104974370084
1945,93.0135465162008,189.95146349387653,249.14620443403786,217.9133473105244,-464.4283487994287,0.5035851556621415,0.2672249897720985
1946,92.31466955569445,188.95792252099153,248.74724919370567,217.86424917138504,-465.57497149612107,0.5072871901300183,0.27016099920583375
1947,89.08614745182643,194.8273816160011,254.75181221412777,220.54284451321973,-464.46427590188296,0.5250147228232941,0.25419644790989854
1948,87.80750573722764,194.0710534975306,254.36310573239516,221.5282895267714,-465.50630567628116,0.5321968845597087,0.25694895675402535
1949,90.78967880970494,192.3218984297215,252.17716744959986,218.99168914231305,-464.80857075318596,0.5155290791466729,0.26080246913580274
1950,88.87220857752948,193.52143653961465,253.75922638183033,220.5066645617023,-465.3385374338489,0.5261621386396025,0.25804996029167604
1951,97.48018613406346,182.78832489777224,240.87762552733543,218.37316121248168,-465.5329192747521,0.4799579129066965,0.28855994152046793
1952,96.2287195586975,183.6883833455505,242.24890093032755,217.6875928484851,-465.6745660583167,0.4866386233203477,0.2855750487329436
1953,97.00048327709773,184.91331761619458,242.8095980602397,218.36916788050587,-464.5269727236278,0.48247383454398624,0.2822720381199914
1954,96.13980683180249,185.40051060026303,243.6638125977286,217.91605894714965,-464.7346539823506,0.48707214811680954,0.2806205328135154
1955,97.48571128084583,182.09791737167149,240.32529537231858,218.2648652936231,-465.9320800079624,0.47995791127159826,0.29054987004548416
1956,89.4869617014484,191.14003033908,251.70449947595014,219.6357561446333,-466.37294885881056,0.5226149020394294,0.2646559815175803
1957,97.62564091011477,181.69349489418005,239.93711795497012,218.3074738950166,-466.1065527250728,0.4792156093878156,0.2917659374774385
1958,85.62369832090286,195.2005496137258,255.35724682640083,223.77721754902993,-465.552091321269,0.5442663763999211,0.254746949678724
1959,88.44049216608974,190.91262696731928,251.75756041434084,220.45153764025494,-467.0646703467827,0.5284569702722193,0.26575698505523104
1960,89.25601929539195,190.21660957239106,251.0321293108817,219.66272743837217,-467.0459661329545,0.5238586566993959,0.2674084903617071
1961,94.96884854759368,182.56602590270484,242.0925453801949,216.9488590854232,-467.1840909458614,0.49331932882870455,0.28855994152046804
1962,96.23856254406157,181.6167965576166,240.59238283519522,217.3570954249001,-466.87275489715887,0.48663861841505324,0.29154483430799233
1963,96.23297398685659,182.99779852373103,241.69672823138038,217.57742703775537,-466.07396233720164,0.4866386216852496,0.2875649772579599
1964,95.3949071998216,181.32200397871773,240.8458912457363,216.9022970690778,-467.5993600531233,0.4910924231773566,0.2922081438163311
1965,97.2213075159187,180.14660138491047,238.89842203389637,217.75296795539631,-467.1878831257117,0.4814425084987709,0.29607744928164037
1966,89.57624048435714,188.83488846636192,249.84060945794616,219.19782381449318,-467.65832515817084,0.5220368689774803,0.27126200274348455
1967,90.259186448881,189.7681592761228,250.35406803137798,218.88470168230887,-466.67023679716146,0.5183348345096034,0.26832599330974927
1968,94.54331560613248,182.43386193304528,242.2438351740428,216.80915202104478,-467.5792501545222,0.4955462312098562,0.2888915962746374
1969,94.82960143794774,180.21859337716262,240.3039418717179,216.5262636398565,-468.64931711371617,0.4940616241720946,0.2953035881885786
1970,95.68039551753306,180.49690694252894,240.01995267374795,216.89140471542214,-467.8828895885812,0.48960781940979126,0.2946402786802398
1971,96.52218914601508,180.79930869505975,239.7838417267132,217.39078128278967,-467.1790981101594,0.4851540146474879,0.293976969171901
1972,95.40363123086179,178.560094832707,238.63868735131047,216.45781619814554,-469.1989925115525,0.4910924166369639,0.300167857916396
1973,85.69850313044395,192.89503796228368,253.51918720719868,223.33275288596212,-466.87226946909476,0.5436883433379721,0.2613529709046283
1974,96.2515554410373,178.8548174235659,238.38369204945832,216.91643223306326,-468.47034002555586,0.4866386118746606,0.29950454840805724
1975,96.05086021415921,177.53272349413484,237.44330734655017,216.59255289705828,-469.3641502107666,0.48772756337496687,0.3032633022886435
1976,92.83950276436387,182.43419191935573,243.25458862899583,216.7131252940531,-468.9390192113794,0.5044538418245282,0.28889159627463745
1977,91.98660123165912,181.3227166587963,242.8355673429305,216.71326548692087,-470.27607612620375,0.5089076444067007,0.2922081438163312
1978,92.55152699785388,180.21895998824783,241.65060855177654,216.39832259045681,-470.4609910521235,0.5059384383249906,0.29530358818857866
1979,96.99516162831664,177.81777965021942,237.15683262005004,217.21501659561676,-468.65443344729294,0.48272928122741227,0.30271054436502787
1980,91.67605643701569,183.7201578322501,244.9057615134843,217.2037307765619,-469.13029336149094,0.5105849276783581,0.28536297018265855
1981,91.94294058259997,184.77530611871308,245.61060652432062,217.28620323050774,-468.30562154772514,0.5091966663880024,0.28227203811999163
1982,91.18880990948306,184.49943394307553,245.76248130131643,217.52825013406542,-469.05648520522595,0.5131877162967884,0.2832316559574522
1983,92.41395981828917,182.56613280926368,243.59723127377322,216.80590571164151,-469.20834850881835,0.5066807447507127,0.2885599415204681
1984,97.05589164346272,176.90381352411862,236.39690754608876,217.10934473003815,-469.15458688060085,0.4824325436620661,0.3053637823983828
1985,91.49760957029653,183.0178549321273,244.43417642267966,217.15681478939143,-469.67770205237485,0.511510435205262,0.28742359155776986
1986,91.14271589444179,181.61680345009214,243.48612584433775,217.08216754917527,-470.76571443206683,0.5133614502590694,0.2915448343079925
1987,93.6905753548426,180.19483010480803,240.97161156674107,216.32043425416848,-469.54935564487016,0.5000000312485426,0.2953035881885786
1988,94.54838868888062,178.2898294789519,238.93614193727214,216.13859372694114,-469.9829315204495,0.4955462213992672,0.3008311674247348
1989,93.69035478248001,178.0459129370866,239.25838098691239,215.97191103854922,-470.7982324411282,0.5000000261615706,0.3014944769330736
1990,87.8772744343054,186.46550076799844,248.2865334914668,220.23896784716615,-469.8910310178229,0.5313882929007652,0.27882764180684944
1991,88.56466230837732,187.45427593063673,248.97901844020194,219.78532490821894,-469.01609727707563,0.5275899206792956,0.27566601689408743
1992,96.43292113244776,176.10873117547902,236.09367765568734,216.57656823562073,-469.9573301521996,0.4857483991786221,0.3074642625081222
1993,95.5230940398334,176.7259509929086,237.10573307605156,216.21020597975254,-470.1821500355062,0.4904989415062716,0.305474333983106
1994,95.37499554451063,175.33517886705397,236.08451593933486,215.92335533628037,-471.09352485482293,0.4912920822827207,0.3094541910331385
1995,90.41636927882327,182.80011827099645,244.73865379585328,217.6603790560112,-470.6100806448982,0.5172656331867149,0.288347862970183
1996,88.348797609866,185.26730008013658,247.26984110910368,219.62108102233609,-470.3844080020526,0.5286891654386767,0.28205995956970653
1997,94.60684260821671,177.370834784786,238.16802018897172,216.00381271683256,-470.4724401342187,0.49524948383392103,0.30348440545808975
1998,96.36082330549718,175.41121336715952,235.57739512786256,216.4209954182171,-470.40554659768924,0.48614496956684666,0.3094541910331384
1999,91.70078730700675,180.49731895965812,242.3242716516419,216.67247876790148,-470.98289550832834,0.5103922441773594,0.29464027868023995
2000,90.85860500163312,180.79923258237787,242.96111936081326,217.08891287622848,-471.45349750093993,0.5148460500297282,0.29397696917190125
2001,91.97713929784474,178.56038276662275,240.637575708131,216.26790843792688,-471.88810187205013,0.508907637866308,0.3001678579163961
2002,97.24823852785997,174.1249629354781,234.08466996901592,216.7971870805271,-470.6746948129914,0.4814942622422065,0.3134340480831709
2003,94.53169032002126,176.6776840468484,237.66098369969222,215.87317531554598,-470.9327652074678,0.49564605422214564,0.30547433398310603
2004,98.01722838193358,172.8436094026705,232.70650466248634,217.19155347208937,-471.09758909274143,0.47743702568799673,0.31741390513320333
2005,92.83234993326944,178.2900089027815,239.9542064405406,216.04187165650708,-471.3525361578856,0.5044538320139393,0.3008311674247348
2006,88.09005633781805,184.2359029444777,246.48199413847837,219.68523382229043,-471.09564296923406,0.5300774267290325,0.2851508916323735
2007,88.79461238338429,184.84054373329474,246.8528580806698,219.16726388124374,-470.42007962203337,0.5261827156639046,0.2830902702572622
2008,92.77384409804539,177.37095965109762,239.25474918279113,215.9005668940546,-471.93441927966694,0.5047505652190238,0.30348440545808986
2009,93.69029663356886,176.2040069370218,237.7898976355204,215.67317686810205,-471.8686982700005,0.5000000218013089,0.30680095299978355
2010,87.98105918826667,183.14414981262362,245.62435426024925,219.60778693513097,-471.77563745325796,0.530627049108723,0.28834786297018306
2011,90.15894980632123,180.146457507727,242.7199553676416,217.38988363166098,-472.3290013672978,0.5185575527265712,0.2960774492816406
2012,91.12917830277492,178.8550278446812,241.28991391454917,216.64031743713213,-472.3800874128793,0.5133614437186768,0.2995045484080574
2013,91.32986499937763,177.53292699727862,240.14176185240254,216.33617827033,-472.99438765390505,0.5122724860413331,0.3032633022886436
2014,92.8489455830677,176.67779422862063,238.65927239274268,215.7783317857769,-472.2757654031481,0.504353991560603,0.3054743339831061
2015,91.85756555110568,176.72612706034744,239.23714511426567,216.00770655485977,-473.04954383955607,0.509501104276477,0.3054743339831061
2016,92.005579021085,175.33529903946135,238.05124489850564,215.73650193063838,-473.7393701123959,0.5087079569596353,0.3094541910331386
2017,89.74520787506519,180.3131173445698,242.99371473544156,217.69597681835606,-472.5030178083411,0.5207844556527557,0.2957457945274713
2018,94.53528449982727,173.91531160103858,235.45590611730398,215.42609544046675,-472.5352888497608,0.49564604768175313,0.313434048083171
2019,93.69022765654316,172.52013101223275,234.85293093970066,215.07570856555887,-474.00962993661534,0.5000000130807856,0.31741390513320344
2020,95.07366521469226,172.55560299458617,234.04699280338423,215.36160450803243,-472.92272267767487,0.4928783638356188,0.31741390513320344
2021,95.86259255010029,171.684836833253,232.8882708028651,215.54959582315212,-472.8831029593214,0.48882112837147457,0.3200671431665584
2022,95.77354695020308,169.83609872795614,231.4660516940721,215.20674670163731,-474.0163160931256,0.48931753267264294,0.32537361923326835
2023,97.42308163983164,170.00152022844713,230.71252986770216,216.25860051258078,-472.9900663843284,0.4807066574431861,0.32537361923326824
2024,90.38555827233291,177.8178952994531,240.77794278267177,216.87097466990522,-473.52592189910916,0.5172707690972755,0.30271054436502803
2025,92.84510546775796,173.91531323522008,236.45896349732828,215.33079835467626,-473.88470437798634,0.5043539850202104,0.313434048083171
2026,92.30680360567155,172.5556756820626,235.67552259909425,215.20688225550512,-475.11358777973646,0.5071216623259522,0.31741390513320344
2027,90.3247743246866,176.9039432628943,240.0726705139147,216.76010929423265,-474.0995998984021,0.51756750230236,0.305363782398383
2028,90.94770752037418,176.10889565585094,239.18243778126333,216.28310820256084,-474.1126467414767,0.5142516433339301,0.30746426250812237
2029,94.73173430143578,171.1587617617368,233.13996901812845,215.02921254920568,-473.988165710561,0.49465877287671417,0.3213937621832359
2030,91.01971283315109,175.41138232464175,238.59414994895536,216.1343767137616,-474.4639942716001,0.5138550696755093,0.30945419103313865
2031,96.56010728396971,168.98335149804475,230.34360781997663,215.49920201655556,-474.0241215366144,0.4852602972084987,0.3280268572666233
2032,99.9162559099312,165.47147451350585,226.1940831436544,217.73686450389408,-474.99540980658503,0.4675429925097287,0.3395061728395061
2033,93.69022334878375,170.6781867265854,233.3844475949646,214.7769744327712,-475.0800957739522,0.5000000087205239,0.32272038119991336
2034,92.64873967683525,171.1588225827974,234.37266981172618,214.91209703352988,-475.64652109057545,0.5053412467444643,0.3213937621832359
2035,90.13214782627266,174.12521944437134,237.92899741642947,216.43193343015827,-475.84647807878866,0.5185057704597569,0.3134340480831711
2036,97.20146306286107,166.1403825100977,227.74194872188727,215.47071343036708,-475.3364494603619,0.4819847399796987,0.3364197530864197
2037,97.92634418933294,165.1623194472691,226.6222774099365,215.8728615197756,-475.5947760163784,0.4782127784497303,0.3395061728395061
2038,94.73589673667793,168.396175839369,230.9343922101681,214.58257173441052,-475.59001273556913,0.49465876633632144,0.3293534762833008
2039,93.6901704834239,166.99371409327708,230.44748091106925,214.17950620243454,-477.2210274556711,0.5,0.3333333333333333
2040,95.08722417703156,167.03016326433854,229.63413697928993,214.47026255877614,-476.1241040075432,0.4928783507548335,0.3333333333333333
2041,98.6452459104905,164.1956660028264,225.56288343320278,216.33481424914956,-475.93335584605387,0.47444081691976203,0.34259259259259256
2042,91.51790875024616,171.6850067239584,235.3894039549055,215.31196675925295,-476.2478835224396,0.5111788934298348,0.32006714316655843
2043,91.6069831391714,169.83625192080294,233.87149441900212,214.9782086591141,-477.25236409495267,0.5106824804081431,0.32537361923326835
2044,93.69019023924396,168.83628594652652,231.91596425213888,214.47824031184504,-476.15056161370507,0.500000004360262,0.32802685726662334
2045,96.77482547308965,164.48488745832697,226.64215564755375,214.90728495754837,-476.5180438703189,0.48425971126634904,0.34104938271604934
2046,89.36316980269258,172.84393465871455,237.15158547735265,216.76922098332483,-477.0775673642079,0.522563000473574,0.31741390513320356
2047,92.64449363458995,168.39608618451385,232.17289136482484,214.4649047112974,-477.25616867278075,0.5053412402040716,0.3293534762833008
2048,92.29302752726277,167.0299748015965,231.27780957641494,214.31410000094908,-478.33534077806536,0.507121649245167,0.3333333333333333
2049,94.64475883466334,165.403443833145,228.60465324082253,214.07289295888205,-477.39807686990423,0.4951533220414839,0.3379629629629629
2050,90.82053035429009,168.98360253348625,233.55770000653237,215.19382972834356,-478.3480477141726,0.5147397115120257,0.3280268572666234
2051,89.95747503302,170.00191681848383,234.70308510041323,215.87945023079843,-478.3585702961119,0.5192933556375998,0.32537361923326846
2052,100.02800685763323,158.7047973786126,220.77421866315913,216.74781949617702,-478.9231844589599,0.4673388888350489,0.35905349794238683
2053,99.05879652836768,156.7603653503715,219.4953389193037,215.5079858506078,-480.1674543297856,0.4725862686716699,0.3641975308641975
2054,98.69202474336822,158.13137764119824,220.71224398524515,215.3927586565511,-479.4466810901213,0.4744706474758511,0.36008230452674894
2055,97.34761999163459,161.33629483884246,223.84172146739274,214.79694476817357,-478.06064179447674,0.48139126920926817,0.35030864197530864
2056,97.61441595914192,160.83417628051288,223.31443639306343,214.91914753814507,-478.23456445724554,0.48001981739550514,0.3518518518518518
2057,93.69025087491167,164.85054497121806,228.7392457866859,213.83199913452262,-478.4662640365414,0.5000000000000001,0.3395061728395061
2058,92.7359965861274,165.40337685693785,229.73596297570737,213.96540953352633,-478.920030621856,0.5048466779585163,0.3379629629629629
2059,96.89899060269009,160.74805107288537,223.5990071540262,214.38308267275977,-478.6239073136488,0.48372900971069605,0.3518518518518518
2060,96.65215248429527,160.18580767264842,223.28154938604655,214.13014851792926,-479.08465324695806,0.4850148630466289,0.353395061728395
2061,94.65048128531998,162.18948837591537,226.0392715069603,213.553064535389,-479.2618421227308,0.49515332204148405,0.3472222222222222
2062,93.6902118525018,160.56526325610815,225.32277555660278,213.13698504061574,-480.95673722285846,0.5000000000000001,0.3518518518518518
2063,94.71123655567324,160.584654922786,224.7227468962407,213.30909920214793,-480.1480452918392,0.49485658665626864,0.3518518518518518
2064,93.69024679936179,162.70789266367993,227.0310106686113,213.48449208076448,-479.71150062571024,0.5000000000000003,0.345679012345679
2065,96.81951849057805,159.31085291043854,222.49453324234918,214.09735085887993,-479.5009250644029,0.48417411278851896,0.3559670781893004
2066,96.01140735872399,157.80564843855817,221.73844356684694,213.37510720915455,-480.85178355100555,0.48832840818153284,0.36008230452674894
2067,95.44617227266848,160.621618252082,224.31274759311057,213.5670938147689,-479.5936712712416,0.4911473943410778,0.3518518518518518
2068,97.5529200855701,157.25560393288282,220.4895580087065,214.29159902985512,-480.34038935467237,0.4804573384266014,0.3621399176954732
2069,97.9359747728349,157.54479928746235,220.54637244536144,214.64385003933867,-480.0192696413205,0.4784617747763513,0.36145404663923175
2070,97.3662765378784,157.94626907916407,221.12948129333174,214.26169666664555,-480.0219478273974,0.481399527828692,0.36008230452674894
2071,92.7301700195807,162.18966876174912,227.1767305276008,213.44499683847,-480.79206852436005,0.5048466779585165,0.3472222222222222
2072,92.66917660220717,160.5850820098796,225.9319612640032,213.19421410544405,-481.77480433827265,0.5051434133437316,0.3518518518518518
2073,90.69069890080806,164.47670725017377,230.0194941649535,214.53303415011658,-481.0622681807612,0.5152962429831411,0.34104938271604934
2074,90.61777008146316,163.59153309924858,229.34376994874958,214.42986383139558,-481.62902597065397,0.5156472244807435,0.3436213991769547
2075,91.77825190582459,163.846239591556,229.00989290013672,213.9457879192484,-480.59698762009407,0.5096933559170328,0.34259259259259256
2076,94.52407581463932,159.1496834813317,223.69221176948892,213.02909787864326,-481.1243699648913,0.49581273400862896,0.3559670781893004
2077,94.68497820534697,158.9762012929783,223.4569133416661,213.04116026595526,-481.10268823668565,0.4950049543488763,0.35648148148148145
2078,93.68999621971633,158.42240920919062,223.61454045041776,212.789478013532,-482.20197382766685,0.5000000000000001,0.35802469135802467
2079,94.85320148504861,158.09005296211527,222.6485799572954,212.94519098703233,-481.49111561304085,0.49416420409076645,0.35905349794238683
2080,95.19301054336862,156.32112912514947,221.03478811525756,212.77107133571715,-482.2716066626161,0.4924827035745466,0.3641975308641975
2081,94.71869522081518,156.29890183414338,221.30200635862613,212.61620441644857,-482.63275171068267,0.49485658665626875,0.3641975308641975
2082,91.56323645198411,161.1840231200741,226.99535931927258,213.59188859330848,-482.3148166122468,0.5107463004098399,0.35030864197530864
2083,90.4732218836285,161.8218249426271,227.99132877045201,214.2267084034946,-482.7611664827136,0.5163491874759483,0.3487654320987654
2084,91.93442415204177,160.62210879315043,226.35939219850783,213.37264465497802,-482.3470272830949,0.5088526056589227,0.3518518518518518
2085,97.78432271748731,154.42871702683107,218.1296769713315,214.01540415506113,-481.887781702687,0.479360759684543,0.3703703703703703
2086,97.88951298715705,155.51455550603896,218.94819252584765,214.27693688627087,-481.2161887351845,0.4787758379103815,0.3672839506172839
2087,89.47460845305457,163.3751288570783,229.57026694095447,215.14986356557768,-482.5137192879287,0.5216010930444543,0.3446502057613169
2088,89.83168564645902,162.79136230988652,228.9959569991278,214.7968082128347,-482.6305136963966,0.519707398293537,0.3461934156378601
2089,92.85611457322311,159.14998367903576,224.6818229434857,212.93507695645974,-482.45569629632206,0.5041872659913713,0.3559670781893004
2090,92.69516044081564,158.97656376333646,224.63497668875385,212.92923477178712,-482.6875397387542,0.5049950456511241,0.35648148148148145
2091,95.94369418398203,155.30022142320723,219.78033581821177,212.9336234919775,-482.3518395683891,0.48872405536181984,0.3672839506172839
2092,88.15941377856296,164.28778562086003,230.56369695686735,216.39652446077386,-482.6540979145984,0.5286696179884373,0.34259259259259256
2093,89.7587686218541,161.9080517755034,228.31526983815874,214.70489290614313,-483.1904569324377,0.5200583797911393,0.3487654320987654
2094,89.76613645232624,160.83578013820895,227.45782112416862,214.5254743584846,-483.80867030365,0.5199801826044959,0.3518518518518518
2095,90.23716829019307,161.49156800736847,227.81846655746222,214.3171654981977,-483.11713623799864,0.5175595191854642,0.3497942386831275
2096,90.48166954595492,160.74936310360556,227.13270895119717,214.04734055327998,-483.37780513763914,0.5162709902893048,0.3518518518518518
2097,92.52679163085139,158.0904759379114,224.02293579108908,212.81461594833027,-483.3400398798478,0.505835795909234,0.35905349794238683
2098,91.36842746925093,157.80648434035118,224.397761016071,213.12244653618774,-484.42936987216984,0.5116715918184679,0.36008230452674894
2099,92.18746760780914,156.32183939127538,222.7974196494928,212.6036063697296,-484.64287918667907,0.507517296425454,0.3641975308641975
2100,92.66178403410133,156.29940767585256,222.51989790711716,212.50049486748978,-484.27118419021525,0.5051434133437317,0.3641975308641975
2101,90.72850707896421,160.18714131184686,226.5836521736161,213.81641280270983,-483.5269803232021,0.5149851369533719,0.353395061728395
2102,93.69017242421124,156.279768701869,221.90630534981364,212.44197099896894,-483.4472104398163,0.5000000000000001,0.3641975308641975
2103,90.5608867636447,159.31210046555483,225.9554899246003,213.76852099829787,-484.1569586960234,0.5158258872114818,0.3559670781893004
2104,97.57300384518899,151.54416346672122,215.9266456625783,213.38122054238605,-483.65057153919673,0.4805427007336429,0.37860082304526743
2105,97.8270609349779,150.86360683876504,215.26772252106446,213.47216860066507,-483.9426949837434,0.47926339982474864,0.38065843621399165
2106,89.09540404416674,159.85708928060325,226.8649725519406,214.8730480248357,-484.7757906045305,0.5234522367673117,0.3549382716049382
2107,88.431154693636,158.88703503892916,226.22136648361493,215.2747163334388,-485.6739966607633,0.5269242909301275,0.3580246913580246
2108,91.43682799143477,155.3011679345903,222.36737958326887,212.68782980574508,-485.8321959202975,0.5112759446381809,0.3672839506172839
2109,94.54069156287186,151.47272785770778,217.56088585557865,211.7881183938274,-485.57277075558676,0.49577976341027197,0.3780864197530863
2110,93.5296693883671,150.92409301747173,217.73115601172188,211.56701971603397,-486.6886586267214,0.5007912943605743,0.37962962962962954
2111,94.38228418144799,149.8612481789941,216.37143244491457,211.49198718921437,-486.63043580459345,0.4965710577708459,0.382716049382716
2112,93.7688559830955,152.262857555132,218.6558308120881,211.79563058347458,-485.7180726562998,0.4996043528197132,0.37577160493827155
2113,95.4483166469538,150.17656398694663,215.98326592221238,211.8746344250469,-485.6617116714631,0.4912857770457543,0.38194444444444436
2114,95.35547939462609,149.90297329752028,215.82009694508326,211.7926155431041,-485.88554839029416,0.4917506937520663,0.382716049382716
2115,89.92266305495576,155.81609675899134,223.4044004587725,213.60241021469884,-486.6248793107003,0.5189978255439811,0.3662551440329217
2116,89.16989632707218,157.34689142706813,224.84531407755094,214.4067885455039,-486.19343387392405,0.5229610582370543,0.36213991769547316
2117,88.87174602213915,155.60507781106168,223.52519613533568,214.36622339461297,-487.36694054883776,0.5244514960533335,0.36728395061728386
2118,88.13834033172756,157.14908686333263,224.8740316188578,215.25691284119108,-486.81063034810796,0.5284147287464067,0.36316872427983526
2119,87.10316649342307,156.96161189973546,224.81027358238205,216.18537622675632,-487.30252980174805,0.5338683992557591,0.3641975308641974
2120,89.77287950376953,154.9424807380444,222.75730842654707,213.5650197383588,-487.22928011366685,0.5197430444521207,0.3688271604938271
2121,88.76859342842657,154.1922528847137,222.42001860045968,214.22385198975772,-488.24117937094763,0.5249350648292399,0.3713991769547324
2122,92.71522376532971,150.94121593868937,218.2167077233242,211.62283510527843,-487.34056890524795,0.5048239926747368,0.37962962962962954
2123,89.72159490447062,154.23495217291287,222.20962644704645,213.4868878853849,-487.6730835000285,0.5199848288400739,0.37088477366255135
2124,93.39519377228474,149.58596128451813,216.74352322085576,211.34904387738825,-487.57448755251545,0.5014507063277194,0.3834876543209875
2125,98.3437887163862,144.5084388790299,209.98204762035343,212.8773763962469,-487.45632232869593,0.4768383263409275,0.39917695473251025
2126,94.46305840772214,148.25650648747708,215.04242349903006,211.24919110986346,-487.4998439826448,0.4961754105905588,0.3873456790123456
2127,85.324779526326,159.28269487832117,226.68324481465228,218.2675514647768,-486.46077682283493,0.543172064850693,0.3583811638148861
2128,98.240023933319,143.4214547452586,209.15765303377643,212.61094648408627,-488.1200759843118,0.4774142544848671,0.4022633744855967
2129,85.3450735275606,157.13670919349178,224.97124926859632,217.8994265626841,-487.7012227149036,0.542908300063835,0.36455400332105886
2130,96.32155084828224,144.08371488843753,210.62302420008217,211.3205615250125,-488.6324926829896,0.4870488988094741,0.39969135802469136
2131,84.45290383904485,157.22836398263917,224.9972257602203,218.78723890723947,-487.8269074569136,0.5474282504678729,0.36473223954948963
2132,98.8493138670528,140.12102755530483,206.29689554698717,212.61859826271362,-489.8748195045902,0.47442151389482934,0.41203703703703703
2133,85.8036217952139,154.79672514997776,223.1127853811132,217.07542007395875,-488.94712131293056,0.5404140906975683,0.37106977835535243
2134,95.44108030179434,142.3193682765474,209.72225603528224,210.59846448020502,-490.2309900452966,0.4914223975382437,0.4045781893004115
2135,97.00714491972113,140.58315084516033,207.46418783714924,211.18986232773744,-490.2830954422821,0.483711506831896,0.4099794238683127
2136,96.22019822023341,141.7532215166597,208.82091173619793,210.8860313183352,-490.0473968989663,0.4875925612399314,0.4063786008230453
2137,89.47768396605115,148.55387121388725,217.7531309982757,212.74272047856272,-491.1241739143474,0.5210310124426784,0.3873456790123456
2138,85.14199796448271,153.71740580888707,222.23545069798402,217.54381119469318,-489.73068999291985,0.5436869364184729,0.37450590210092993
2139,86.30154518242601,152.9269861967193,221.6184838240238,216.29411343355983,-489.8959820693572,0.5377586917393328,0.37621381127716313
2140,98.85278570262281,138.15766885646167,204.73005141444023,212.30279603664204,-491.01495833228086,0.4744906252597354,0.4176954732510288
2141,96.77877763088543,139.8431835375998,206.99410152380784,210.91502272687507,-490.83370956487926,0.4848728393178955,0.41203703703703703
2142,93.68644492458296,142.88765834193805,211.2298360823606,210.27005240770362,-491.2299394121845,0.5000000000000004,0.40277777777777773
2143,93.68660580147998,141.280522384678,209.9486597814658,210.00942220187815,-492.16386690360054,0.5000000000000003,0.4074074074074074
2144,98.88561703233344,137.71649944322536,204.36707187610466,212.26133525933574,-491.2644477382025,0.4743419051246902,0.41898148148148145
2145,94.95795719114413,141.4889664455769,209.3485680562506,210.2864169507317,-491.0590148607417,0.49379628061996583,0.4068930041152263
2146,86.10218733943383,151.65210905358532,220.60288473045512,216.28003876773874,-490.6924921161923,0.5386965220926058,0.379986102086491
2147,96.84318981221037,138.95737574174962,206.25389222048636,210.8139124978082,-491.3137674092117,0.48457539904780533,0.41460905349794247
2148,94.72170404875398,140.76440240748332,208.91368985292473,210.09861580321754,-491.65583877573954,0.4949576131059654,0.4089506172839506
2149,85.02594069756988,152.3090795152817,221.10677090610199,217.42968862126392,-490.57297849683295,0.5441705051943793,0.3786211284383785
2150,91.28454389404679,143.7955015799161,213.26602477406735,210.88409688910434,-492.63259936410805,0.5117904735894019,0.4004629629629629
2151,84.83502051449499,151.80620965953457,220.69624414411598,217.5355047034898,-490.904044095182,0.5450936819483824,0.3801643383149217
2152,99.27412558183417,135.36860494733685,202.37238264728592,212.24413701486083,-492.5625424614886,0.47245359645679014,0.4259259259259259
2153,85.37292657600416,150.7051712794577,219.8392099016187,216.8331064863664,-491.4273792518856,0.5423190586026541,0.38307252183957735
2154,91.97701251070876,142.31637730833668,211.74166880280418,210.3899480427698,-492.94792396598456,0.5083555795865018,0.40457818930041145
2155,91.24206049455822,141.7454052949539,211.6522487807135,210.5705780683807,-493.8569955655203,0.5119633930095587,0.4063786008230452
2156,92.46044188576757,141.4869554678305,210.82093370216842,210.13426134363746,-493.0399488533635,0.5059816965047795,0.4068930041152263
2157,95.94607975430382,137.62272687298756,205.68411461071346,210.06979722543545,-492.62059109877083,0.4890229054016599,0.4182098765432098
2158,92.65150855991419,140.76456901042573,210.13892523508014,209.98220840267413,-493.30415093430264,0.5050423868940352,0.4089506172839506
2159,99.37285026669765,134.04548287254894,201.28926352020827,212.12370533144596,-493.3187820622407,0.47200743605165485,0.42978395061728386
2160,97.0696146719876,135.85836735307947,203.66574403250345,210.4661618921935,-492.99736503599877,0.4835343581024896,0.42361111111111116
2161,88.83476340498807,144.2990064112705,214.52075651628655,212.562859986825,-493.9563305841134,0.5241687226586143,0.39986733809833197
2162,87.83893410396777,145.52931583883128,215.64020641832957,213.64680400876554,-493.678703277274,0.5294089331427928,0.39678091834524554
2163,93.68677750179619,138.06629987047734,207.38630718571588,209.48816180377707,-494.03172189437726,0.5000000000000003,0.4166666666666666
2164,93.6869304856876,136.9947334359557,206.5321896554775,209.31440834150862,-494.65434022684383,0.5000000000000004,0.4197530864197531
2165,98.97918400556475,132.9090350839095,200.50369660033044,211.5661386000768,-494.0384463649255,0.474082469093537,0.4328703703703703
2166,97.1676779155154,134.5307183078256,202.5578203443932,210.31999464937468,-493.7205942243795,0.48308819769735434,0.42746913580246915
2167,96.13911477842339,134.96042974322162,203.45169642396445,209.7392089041317,-494.0452660200541,0.48813058459138936,0.42592592592592593
2168,90.00187886467398,141.69860250997723,212.12331375685957,211.25769299637903,-494.77609596916705,0.5181415033347316,0.4068930041152263
2169,94.91398687974207,135.95127765668272,204.96044464755207,209.37444659095476,-494.30941483103703,0.4940652922956949,0.42283950617283955
2170,90.41031449666704,140.57815354826616,211.0804460797061,210.81655404181853,-495.1484367274939,0.5160664702928495,0.4099794238683127
2171,97.44222530716885,133.1355149843793,201.31080630513006,210.29635044314057,-494.402674162986,0.4817693737630643,0.4315843621399177
2172,98.18320610701792,134.12846713209728,201.77086866812135,211.05492548476568,-493.53766708276896,0.4780458108033194,0.4290123456790123
2173,96.69064030524956,132.15607705651885,200.9117528134094,209.61094229658673,-495.34874689773903,0.4854929367228092,0.43415637860082307
2174,97.36360910949521,131.87563399354497,200.3444077227977,210.03268956849712,-495.1702608118307,0.4821958768870839,0.4351851851851852
2175,90.59442429664908,139.84350969357308,210.42104890910468,210.58942490449934,-495.4439903948583,0.5151271606821053,0.41203703703703703
2176,94.91654687554383,134.8799685283704,204.1051083234746,209.20137496278596,-494.9303862790427,0.4940652922956949,0.42592592592592593
2177,100.5539054560703,129.5492412437398,197.41703020496112,212.5355526113858,-495.8543935982147,0.4662726214520705,0.4433022660818685
2178,95.32733847938816,134.1864976988772,203.3070170937139,209.23379843633492,-495.0362040027845,0.49208705639425976,0.42798353909465026
2179,95.33240742745726,132.7582171804952,202.16609597365363,209.00364264510395,-495.8635228454829,0.49208705639425987,0.43209876543209874
2180,95.12228647064713,134.3541100474507,203.56250530396235,209.1845741397508,-495.08549776786174,0.4930761743449773,0.42746913580246915
2181,90.53003976934026,138.95788685799522,209.74099290931878,210.48259898340677,-496.0049726337953,0.5154246009521954,0.41460905349794247
2182,91.42752755976841,137.62336017610696,208.27794552692265,209.82335867633145,-496.11007822209353,0.510977094598341,0.4182098765432098
2183,92.46013612497408,135.9515033214612,206.40887657095573,209.23683346428857,-496.2579938457375,0.5059347077043059,0.42283950617283955
2184,99.8798989918376,128.50053845884455,196.73804604967427,211.711228876197,-496.4967663641365,0.46970104915737826,0.445997807017542
2185,97.77714610205234,129.78596288220845,198.48448975188924,210.01413476560953,-496.2074159451677,0.4802176409856487,0.441358024691358
2186,96.96849778205198,130.7572503286919,199.65145131800008,209.56735688173165,-496.0132223269194,0.4841741127885191,0.4382716049382716
2187,92.45772564456378,134.88027316219004,205.5560229352533,209.06352595152015,-496.882305260604,0.5059347077043059,0.42592592592592593
2188,94.51036731558611,132.72075250768492,202.6301093703358,208.74074430329452,-496.4905592421631,0.49604352819713016,0.43209876543209874
2189,95.60858482938951,131.34751479921732,200.87769248551416,208.89103038049336,-496.49110940561195,0.4907682324599697,0.43621399176954734
2190,97.64627778541482,129.41129588932552,198.24580490585538,209.84923899596674,-496.47817960154794,0.4808770529527937,0.44238683127572015
2191,98.5803253802751,128.82959542651747,197.39021207350245,210.54088106045342,-496.49828048891106,0.47626116918277833,0.4444444444444444
2192,92.18417760807034,134.53627641899905,205.43088601414553,209.070898164412,-497.30348442049603,0.5072535316385961,0.4269547325102881
2193,92.04228762963392,132.75866915415844,204.08874025894698,208.82097465866843,-498.45006092156785,0.5079129436057412,0.43209876543209874
2194,91.23540052655217,134.96115471986536,206.24730538139173,209.47359869446052,-497.8062056500907,0.5118694154086115,0.42592592592592593
2195,95.74747212992581,130.64314665858015,200.23501549733916,208.8403901457188,-496.80687963936,0.4901088204928246,0.4382716049382716
2196,95.61257602714393,130.27607699940484,200.02178729716047,208.71877299515356,-497.1113058382332,0.4907682324599697,0.4393004115226337
2197,88.51987028253505,138.1579786292646,209.68390470180992,211.83212826285356,-497.67938942729427,0.5255093747402653,0.4176954732510288
2198,90.30484699776346,135.85916070903912,207.35872086612576,210.11528617816137,-497.9655359712235,0.5164656418975111,0.42361111111111116
2199,92.86410210051423,132.72093537253798,203.60731354642198,208.64790197795884,-497.8051944111057,0.5039564718028708,0.43209876543209874
2200,88.48748845658201,137.71672878486407,209.3375273696642,211.78909078925807,-497.95121381353624,0.5256580948753105,0.41898148148148145
2201,98.68108170002375,126.87794621195323,195.79775498427136,210.31281789337973,-497.6067493934621,0.4758442276353819,0.4501096491228057
2202,95.82136736005717,129.21996657258217,199.05804175342217,208.64451186718554,-497.58530228131616,0.48977911450925204,0.44238683127572015
2203,90.20719298704726,134.5314638601022,206.33670262411442,209.96095623949068,-498.80433397897,0.5169118023026464,0.427469135802469
2204,93.68701087115467,130.5654178882727,201.4074844895463,208.27188760267012,-498.39005024203027,0.5000000000000004,0.4382716049382716
2205,98.93100641484111,125.30959039522645,194.46017250367257,210.2866817768049,-498.46186348691964,0.47465728609452074,0.45473927875243547
2206,95.30365195929815,127.93492416622942,198.33808796245543,208.21031535929885,-498.6863130011829,0.4922848799844033,0.44598765432098764
2207,95.18408965166658,126.32114927417544,197.12310749588278,207.90343365014917,-499.70980492254824,0.49287835075483394,0.4506172839506173
2208,91.76561727324403,131.34780766138323,203.10784266406995,208.67914596002436,-499.4913359234976,0.5092317675400313,0.43621399176954734
2209,90.68399711433439,132.15665333112878,204.25665319234716,209.2931406298527,-499.8486496762262,0.5145070632771919,0.43415637860082307
2210,96.23520956279707,126.66499345108915,196.7853143247504,208.44571386957543,-498.8067457036042,0.48783384920617423,0.4498456790123456
2211,95.93247276202787,125.2999524380293,195.8696061799562,208.06292973947498,-499.7913551091495,0.48931752613225055,0.4537037037037037
2212,87.88882381487558,135.84705041038632,207.9184019535712,212.02612589240488,-499.2867082942706,0.5286495636951445,0.4246466861598436
2213,89.93276503340323,133.13622787438806,205.32181912901382,209.9152551149495,-499.7986997402468,0.5182306262369367,0.43158436213991763
2214,89.19192730770408,134.12923708302807,206.33225593168564,210.621536948236,-499.6741127808422,0.5219541891966815,0.4290123456790122
2215,90.0109516973522,131.87635610179052,204.2906501541286,209.657748696368,-500.47915061201707,0.5178041231129171,0.4351851851851852
2216,98.733625667423,124.07324825367965,193.54269025445183,209.90479628736,-499.2230261965574,0.4756958599427742,0.4582115009746577
2217,91.62655794572676,130.64340785522293,202.61633202379477,208.61414314126975,-500.01047062201263,0.5098911795071764,0.4382716049382716
2218,91.76138970283174,130.27631420490545,202.25561844543506,208.50653883801198,-500.1164843738753,0.5092317675400313,0.4393004115226337
2219,98.63631342463705,122.98690491164288,192.71169759289154,209.64038224074503,-499.87788568421337,0.47622338951649024,0.4612979207277441
2220,87.79010223888443,134.52440948268446,206.87170131301443,211.90375207919456,-500.0919223638668,0.5290957241002798,0.4285047108512015
2221,93.60411427253968,127.35140823991719,198.89471261133488,207.74669742858757,-500.3245963091373,0.5003956471802875,0.44753086419753085
2222,93.52086403018045,126.2804904038978,198.0903926666254,207.57055856552932,-501.01417745905746,0.5007912943605747,0.4506172839506173
2223,94.35285873226736,126.28813356346231,197.59726719124197,207.6636294116217,-500.35018352090214,0.4968348225577043,0.4506172839506173
2224,91.55267669367417,129.2202160473105,201.5182199652059,208.41077203757914,-500.8949860863443,0.5102208854907491,0.44238683127572015
2225,87.48844245389547,133.59133415464467,206.14820564113018,212.0346054366965,-500.7407847389857,0.530591458510197,0.4313373131903826
2226,96.00239922130974,124.01107389024256,194.80182084498372,207.88961679004183,-500.49519732832005,0.4890043054478565,0.45743312757201654
2227,96.27020269723401,123.18588461837047,193.9922590878495,207.90087663283407,-500.8069189385154,0.48773493741110235,0.4598765432098766
2228,97.84355711033204,122.27839876657626,192.46940344971395,208.84760379162506,-500.5435133197635,0.48014299864392074,0.4630103422135578
2229,91.98805592684431,127.94010450131128,200.27632484321612,208.05531239521417,-501.29345512875994,0.5081107671958848,0.44598765432098764
2230,91.8587403579339,126.34136307133517,199.06845923472423,207.8357369864057,-502.32539362742136,0.5087042379663154,0.4506172839506173
2231,95.06304792454418,124.707905713614,195.90922755406666,207.59916311165028,-500.7347426556213,0.4934718215252644,0.45524691358024694
2232,94.187852457233,124.14211006292595,195.98563581183788,207.28566964703572,-501.72565340111856,0.4976261169182783,0.45679012345679015
2233,97.4687737770987,122.09458898227734,192.4965855524476,208.5235975272599,-500.8052422749439,0.4819728668527483,0.4633961446826936
2234,87.8845102629381,132.45401408482712,205.2148634623316,211.48098330861677,-501.2617757155695,0.5285164254683148,0.4344237329434691
2235,88.31646978774249,133.01038069098254,205.61148065162376,211.1766511710339,-500.76524678210876,0.5263290133777704,0.4326199371886502
2236,92.6888293066625,126.29874455790281,198.58634512710327,207.6303259556773,-501.68001671906154,0.504747766163445,0.4506172839506173
2237,89.59643135741868,129.78622616258147,202.75914709438817,209.60798860663522,-501.958123169849,0.5197823590143524,0.441358024691358
2238,90.40548111776037,130.7575600830115,203.2533682663651,209.2251337905764,-500.8588901604375,0.515825887211482,0.4382716049382716
2239,89.72744813269449,129.41166480225039,202.42024934785763,209.45261471988846,-502.0940701552116,0.5191229470472073,0.44238683127572015
2240,95.5042631650479,122.8583016734834,194.17206426238286,207.46831985516832,-501.49622538847115,0.49139467382875746,0.4606481481481482
2241,90.53127843035833,127.79657955524146,200.84350359971663,208.67027406072555,-502.4900306174912,0.5151335046459797,0.4467592592592592
2242,92.79070819356053,124.95625251145324,197.45826233051292,207.39777441701324,-502.37725492565636,0.5042532071880862,0.4544753086419754
2243,97.80852635898223,119.99594674750512,190.66617492177238,208.44828921332697,-501.882783582922,0.48039027813160007,0.4695689841888664
2244,97.34681571889543,120.33851516868117,191.15532835694316,208.1465739463259,-501.8809547981685,0.48261579352071465,0.468411576781459
2245,90.85196321977786,126.69199154682215,199.82856256730443,208.31548910526215,-502.89880299377126,0.5135509159248315,0.4498456790123456
2246,90.94829355019952,125.34347730443736,198.7111952208727,208.04773529590815,-503.6108938466763,0.5130563569494727,0.4537037037037037
2247,87.28557417706449,130.9457706400494,204.05114004654905,211.79704250103828,-502.34619584703927,0.5314837793204676,0.43905336257309874
2248,88.18404707841792,131.24592614134755,204.22230041867942,211.00901236670816,-501.847552625425,0.5269238939179508,0.4377639701104609
2249,98.0289808029836,119.2813834528682,189.99951368202113,208.5131267447364,-502.2152552912468,0.47933911106125066,0.47171458739441074
2250,93.12242927822844,123.87542880031404,196.406170871492,207.18941524019064,-502.7342214808272,0.5026706184669381,0.45756172839506176
2251,98.13572880336676,118.49302050744154,189.32545318064112,208.47483146105205,-502.63605257874264,0.4788445520858918,0.4740294022092255
2252,93.95841200540893,122.26384604874121,194.62613534270423,206.94902051323888,-502.9973797389317,0.4987141466640676,0.4621913580246914
2253,97.8133042709023,118.12136709062088,189.169294024152,208.14835635062985,-502.96938909449466,0.4804232487299573,0.4749702187567676
2254,86.82351114620997,129.54846679403386,202.9560920371671,212.00922058797786,-503.3061080075931,0.5337273809353431,0.4433022660818703
2255,91.15900210996988,124.11857154096941,197.63938149991182,207.74823346866447,-504.16356807974955,0.5120177831012191,0.457175925925926
2256,87.4954899354934,128.49944173274696,202.08997371471665,211.20275632079182,-503.6967276949892,0.5302989524342312,0.44599780701754316
2257,88.5769240664677,126.89610293441476,200.69924099301838,209.95501217608734,-504.1993510766167,0.5247492441961219,0.45010964912280654
2258,97.42967211343758,117.26771586364146,188.66735138254802,207.71020448057803,-503.6266409535945,0.4823025728363207,0.4772850335715824
2259,96.38429358898416,115.69624097952843,187.95783160606376,206.75138191246938,-505.08965565477683,0.4873392902308152,0.48148148148148145
2260,97.37865953406055,115.80454463710674,187.52564920298246,207.43396734312446,-504.50003622109955,0.48259152406737077,0.48148148148148145
2261,98.45716883356367,116.12870152550727,187.3109158392284,208.36826006914742,-503.9086125453844,0.4773608751598154,0.48097384665366993
2262,88.77339071008197,125.66034624442156,199.67731119415555,209.58558449575168,-504.8199678333886,0.5237106703478684,0.45358187134502875
2263,88.44401455102845,125.30866994792342,199.4565963416896,209.81196825837614,-505.18356486317924,0.5253427149665525,0.4547392787524363
2264,98.24419877577687,114.9670640488421,186.46988367165264,207.99354165916748,-504.64834059759716,0.47844501282852214,0.48422947801602684
2265,95.36801972949006,116.95612200109699,189.54847376850006,206.45467655246446,-505.0209055160149,0.4921200269926168,0.4776234567901234
2266,88.64181285148616,124.07252031229069,198.43780940148616,209.43970382836258,-505.80844217160063,0.5243041411182989,0.4582115009746585
2267,101.4796682370855,110.90821572991169,182.37815958473215,210.41390126312177,-506.69358773108496,0.4628665171615652,0.49745167316438804
2268,96.67875030220341,114.92165914645463,187.17949913836406,206.80585933952668,-505.369115975273,0.4859545250998105,0.4837962962962962
2269,89.74294594231267,122.11560655150615,196.60037882188456,208.25683553144222,-506.32451087506234,0.5188184282152082,0.4633961446826941
2270,100.3040197586487,111.4250473030531,183.0282889165498,209.34668394869465,-506.39728091567986,0.4684981368411849,0.4953855994152018
2271,88.73906794888033,122.98637249720963,197.55352693375065,209.1803513508457,-506.3916107704653,0.523776611544583,0.46129792072774484
2272,98.23763034548564,112.8819269585517,184.80984681914063,207.6495084246491,-505.8613634135656,0.47854781670067653,0.4902331059129291
2273,98.5268743048322,113.30163768393643,185.03004684850652,207.9695509867417,-505.53145328448653,0.4771313783303422,0.4891478954588102
2274,97.80416718564975,113.29878966334499,185.3282080667804,207.3574273050711,-505.7745706785144,0.4806210723201008,0.48885910764565643
2275,97.19682526828551,113.53963466115079,185.80896195369075,206.93333874225186,-505.90133523866007,0.483519890257484,0.48794310880080793
2276,96.48145539681252,112.49059226867996,185.34900685825855,206.28906286545504,-506.8942943019782,0.4869436430505281,0.49074074074074064
2277,97.55201533574966,114.06920251495131,186.05867845165042,207.28393231638609,-505.4310227124722,0.48180801386096195,0.48654429283084166
2278,99.10469205931311,111.40706292078451,183.31851264369428,208.18782119241936,-506.5026039722437,0.4743935213076627,0.49486273554255883
2279,101.02441855674961,109.67063373639408,181.47921654520894,209.76506886520121,-507.4074597091089,0.46511916503341316,0.5007919103313803
2280,89.90613325098197,120.35326401766133,195.14297243934277,207.85781168403,-507.24439004725826,0.5179776779570983,0.4684115767814595
2281,90.24545705898703,120.71421708676377,195.30979424510306,207.69377156362114,-506.80755883557777,0.5163456333384142,0.4672541693740521
2282,94.66056366588683,115.04640699159452,188.45011803475032,205.9115635430411,-506.64627336297724,0.49545005742669945,0.4830246913580246
2283,92.02343442386822,117.49127212693645,191.92905817874478,206.35048827350462,-507.33774905257246,0.5078140318106694,0.4760802469135802
2284,93.4016601671495,115.96854946745091,189.940693455505,205.8974558768975,-507.1025630508476,0.5013353092334691,0.480324074074074
2285,89.56680834309148,119.9960361593327,194.96528471456224,208.03981974002662,-507.66638675050865,0.5196097225757823,0.46956898418886694
2286,94.7035689088452,114.24469641147112,187.78447395509198,205.7930712248503,-507.07940856437654,0.4952522338365559,0.48533950617283944
2287,101.02631033473737,108.33162411151605,180.41177857173284,209.54965342773932,-508.185990742135,0.4651851062301276,0.5046499350227384
2288,89.34725535613312,119.28133045186885,194.45865239913567,208.08945224794962,-508.21414577475537,0.5206608899998224,0.47171458739441147
2289,94.49250049444844,113.43424696563343,187.26562527255751,205.60918333418292,-507.7106858659207,0.4962413517872735,0.48765432098765427
2290,95.51287742308772,112.41156972917636,185.83930943168616,205.7778135719084,-507.55984140034576,0.491493585623829,0.49074074074074064
2291,89.24051981787919,118.49309950881604,193.85861010196757,208.04412437233756,-508.7345199368223,0.5211554489751813,0.47402940220922635
2292,89.56297416008152,118.12158086424972,193.47306697327488,207.73944379348976,-508.75926561829533,0.519576751977425,0.47497021875676815
2293,93.22013243004214,113.96132310416002,188.4475716265328,205.5765747400979,-508.41553960538164,0.5021760594915792,0.48611111111111105
2294,89.9274300245662,117.53797793463175,192.8921861776916,207.38658304711333,-508.86722573556483,0.5177963396661334,0.47651342863331136
2295,97.14298370831882,110.15053526038236,183.13569476450598,206.3426173680167,-507.89763601618483,0.4838773774033036,0.49768518518518523
2296,91.9532263142108,115.08331353744092,190.04718431887446,205.98076634692092,-508.7919853464203,0.5081107671958847,0.4830246913580246
2297,99.63381246453898,107.5638262547285,180.1038269585884,208.06598067001647,-508.66943452318696,0.4719760204440285,0.5061829922027272
2298,96.76644141889298,110.1081811207236,183.29703710965654,206.0797240425917,-508.117855957783,0.4856577897145953,0.49768518518518523
2299,97.36525465477557,110.98174754531442,183.6866543312301,206.64077723961984,-507.30805732016177,0.4827893476575143,0.4953703703703704
2300,89.82032365807561,116.74801111343794,192.29830057927,207.3321687109532,-509.39599123135025,0.5182908986414922,0.47882824344812613
2301,94.51674694559442,111.56012395195813,185.7571820955189,205.3106484359916,-508.7817327854832,0.49614243999220164,0.4930555555555555
2302,94.11344014580396,110.74675993038593,185.3530949075361,205.10186131309982,-509.5675779774334,0.4980217640985651,0.4953703703703704
2303,90.06113417843366,114.84252120525932,190.69702772855112,206.85848276247793,-510.3445066576288,0.5170709865022738,0.48422947801602734
2304,98.56551751915002,105.96544553034732,179.1666733221427,206.8093908618572,-509.7818210169398,0.47722899276638636,0.5102948343079909
2305,99.07895217598634,107.38498523184253,180.11913049795285,207.5092943045705,-508.84255041567434,0.474690256692878,0.506436809616633
2306,93.70909795722066,109.93953400198117,184.95298890805876,204.92839516446045,-510.35832257416945,0.4999010882049285,0.49768518518518523
2307,93.68757606512791,109.13620169231626,184.32513405736054,204.7968187444892,-510.84241711837416,0.5000000000000001,0.5
2308,92.00647447274257,111.59843454517858,187.24039467807268,205.39929037225204,-510.77416685188257,0.5078140318106694,0.4930555555555555
2309,91.05824885641204,112.47378563779009,188.40409451725844,205.90548037348083,-511.00550457428665,0.5122650625888986,0.49074074074074064
2310,89.97197996114276,113.78208556775687,189.88272801696155,206.74523542687433,-511.0198699121904,0.5174666336825609,0.48731589776911377
2311,97.93657635907273,105.72679081352456,179.23301123892995,206.23316260444165,-510.1226725508652,0.48023641533926625,0.510721247563352
2312,96.43224442196995,106.32468762160178,180.46133144175388,205.2582645891714,-510.50634184633543,0.48730631963245796,0.5084876543209876
2313,91.51642724538281,110.82862359272337,186.8757256197236,205.44090942414323,-511.609791433515,0.5100890030973199,0.4953703703703704
2314,89.82677600967199,112.72854771460698,189.0916689298963,206.67255746867798,-511.7259518265509,0.5181260456497059,0.49040231752220015
2315,92.17239252824018,109.9821530731227,185.8636147352666,205.09129364443064,-511.58020037038966,0.5070227374500953,0.49768518518518523
2316,92.91803719486063,109.14748730940263,184.7846721978844,204.8188048932558,-511.45979546578866,0.5035608246225836,0.5
2317,97.40844418306321,104.3182816763898,178.35384089155045,205.5895998763649,-511.1597266179704,0.4827751514127747,0.51457927225471
2318,100.23246443748553,101.76795851122233,175.34427653310053,207.70708325688798,-512.0088172678103,0.46933940162314153,0.5231684535412569
2319,92.79616800572158,108.61569315116975,184.43002123742454,204.7471858393094,-511.868231955489,0.5041213247946568,0.5015432098765432
2320,93.45184998108525,107.53070217854193,183.1847636008512,204.5290603738449,-511.9656911418762,0.5010880297457896,0.5046296296296297
2321,89.34722780943567,111.98898526882661,188.64639000645417,206.9021735095313,-512.450825712085,0.5204010169363564,0.492717132337015
2322,93.9804509868385,106.4600384804476,182.01534250987893,204.3886762669403,-512.1640871800117,0.4986482054673529,0.5077160493827161
2323,92.95697378570222,105.93298911404653,182.1990520476903,204.2932918270575,-513.2964312066965,0.5033630010324401,0.5092592592592593
2324,97.51534261785547,103.14014184545402,177.36358016270066,205.47885870829035,-511.796332976659,0.48230646491340334,0.5180108836907069
2325,88.26931300713119,111.40699865952143,188.4036433253739,207.70468022569182,-513.3436428769243,0.5256064797534105,0.49486273554255966
2326,90.94991452604435,108.19914084097533,185.04503712872966,205.26460962401447,-513.5724532968827,0.5126936803675428,0.5030864197530864
2327,95.34673527998879,103.5626135101954,178.88361239443822,204.27342873675707,-512.819355809238,0.4923837917794749,0.5162037037037037
2328,96.12435158673355,103.887058880139,178.69002862400492,204.68813172481973,-512.1117580225051,0.48878999655853433,0.5154320987654321
2329,94.56466624677503,103.25893275222032,179.11066380597677,203.97527111242582,-513.5704467310597,0.4959775870004155,0.5169753086419753
2330,93.7601132925013,104.58362870633539,180.65235195622395,204.06301283210934,-513.4309820608804,0.4996702940164278,0.5131172839506173
2331,97.17057335147291,100.94096591509003,175.7786328871647,204.86710258525878,-513.2339267505333,0.48397857825281443,0.524224333983105
2332,98.20642381014942,100.01960808821013,174.56708202010432,205.53143543402894,-513.3421380068436,0.47914128747110707,0.5272701429499662
2333,98.280693065831,101.5174231950891,175.73113124041794,205.83861504667735,-512.4479683855128,0.47873854216845024,0.5229857050032471
2334,87.07030853622835,111.42529419455627,188.4979856942826,208.8270042208458,-513.7556775540779,0.5315018655462286,0.49538559941520366
2335,98.56859343910513,99.05992545980442,173.65875155422842,205.6899806404626,-513.7906881527399,0.4774636790319697,0.530187351093782
2336,93.7810216768953,102.9769025155685,179.3582127111671,203.80401958802565,-514.3474652881102,0.4995713822213561,0.5177469135802468
2337,92.99669833266222,102.71777044328817,179.61315619994585,203.76806858752576,-515.13269267985,0.5031651774422966,0.5185185185185185
2338,98.17663393657665,98.40750810658014,173.29473696184277,205.24344154308258,-514.288285370087,0.47933911106125054,0.5318997725795958
2339,95.27108676385447,100.47739121740986,176.46900519599313,203.74409625019004,-514.6648461159987,0.4927629536605833,0.5250771604938271
2340,85.89481626449647,110.90849352588964,188.09851108921305,209.87027870941995,-514.3891924309994,0.5371334865521886,0.497451673164391
2341,86.3498026007004,109.67087008654755,187.1121531343419,209.22979670506942,-514.9854643306849,0.5348808381498046,0.5007919103313827
2342,89.20457506840202,106.17553967796391,184.0504961635917,206.067800733205,-515.9134881303964,0.5208916841883233,0.5095232293697202
2343,89.81028403170725,106.12396828844365,183.8328214670983,205.61135220183306,-515.5763359804466,0.5180161436551817,0.5094352393328999
2344,89.47121861074191,106.88291276498703,184.54174097151324,205.97854669375454,-515.3455536027127,0.5196426931741396,0.5073776261641756
2345,88.76752139064763,106.77536891439266,184.62861754413436,206.5191947013469,-515.800559140497,0.5230018024831875,0.507980019493177
2346,97.34715662105495,97.65848421560099,173.0741084611588,204.4618638739018,-515.0565738487829,0.4832422348895024,0.5337407948884547
2347,87.74028800037453,107.56360008305694,185.39331113887906,207.56344004510206,-515.7853904902706,0.5280239811475808,0.5061829922027283
2348,88.3358369184824,107.3785664309857,185.18407018311163,206.98984161630483,-515.6569151835072,0.5251119207780517,0.5064368096166337
2349,89.27001710303088,105.63077807704832,183.5991393597118,205.9282950338722,-516.1928115895428,0.5205619782047507,0.5110664392462634
2350,89.50290887983347,105.27202077076115,183.24847596917525,205.69357226548843,-516.2635441187791,0.519444869583996,0.5120072557938052
2351,95.62930801340916,98.62478043135141,174.7806856514627,203.5914596352309,-515.4922578000621,0.4911473943410778,0.5304783950617283
2352,95.6419416839862,97.95605072019845,174.24004435915697,203.48869516282355,-515.8721559209282,0.49109793844354194,0.5324074074074073
2353,96.99870538361753,97.2150230050758,172.89657408989152,204.1409299679277,-515.4852079595463,0.4848742795081864,0.5348982022958622
2354,100.15882023311853,94.25460096769677,169.36878116105572,206.41317088172622,-516.3726106156619,0.4700647547870009,0.5447733918128617
2355,86.34775681059219,108.33186585036174,186.04443584015456,209.01441021493952,-515.7636195620624,0.53481489695309,0.5046499350227407
2356,88.74755097676454,104.9032623973149,183.14127922702343,206.23278007825803,-516.8998178534422,0.5230347730815448,0.5133812540610782
2357,89.97063873725318,104.55713514129755,182.53014708732286,205.24666284335262,-516.3818686885064,0.5172106523424865,0.5138888888888888
2358,97.36676258592,95.91943047531319,171.67788233186172,204.19458052900822,-516.0570000275966,0.4831927789919665,0.5387562269872201
2359,89.92785939166609,102.80515451952672,181.14858694652008,204.99134643347614,-517.4290007860328,0.517367721887489,0.5189517002382495
2360,90.96733337583977,103.9122585564516,181.61987751520576,204.5602627995965,-516.0513665318779,0.5125288273757566,0.5154320987654321
2361,88.95525092605119,103.66687159938482,182.1116569603078,205.85962945497337,-517.51014286649,0.5219961992332913,0.5168534762833004
2362,94.57920538938573,97.63359537092666,174.6179143732704,203.06668021783042,-516.8275440531509,0.4959446164020581,0.533179012345679
2363,97.2026321781809,94.82823534266561,170.8892111785526,203.89700196402924,-516.769167413207,0.4839840733525406,0.5418426467403066
2364,97.03747965815397,93.73769030339923,170.10362046663923,203.60308107870017,-517.4854284097618,0.4847753677131147,0.544929066493393
2365,97.02599017122654,93.20072414030912,169.681386037882,203.50786336579156,-517.8033285653391,0.4848413089098291,0.5464722763699363
2366,96.31281456878021,92.11728817673549,169.2009230238198,202.88264403465774,-518.8331142020779,0.4881305845913892,0.5493827160493826
2367,94.08003970861219,95.74648074697842,173.41529640024478,202.66432110211,-518.3109744556887,0.49821958768870866,0.5385802469135801
2368,98.79756751954402,91.26773070109255,167.36092412377377,204.6285911646645,-518.2573189939842,0.476668492594313,0.5527331059129291
2369,97.1572019451981,92.68012622341556,169.19932070745688,203.51543195232964,-518.0394963883462,0.4842478381393986,0.5480154862464794
2370,99.35859818531671,90.64161066296037,166.68080735205783,205.04812918055367,-518.5186935953224,0.4740531681405354,0.5547941033138382
2371,89.5892087418138,99.96163748493507,178.99113669095397,204.767823103129,-519.2982193594016,0.5188804776885307,0.527270142949967
2372,89.85945033844725,100.67121513460913,179.47071422604057,204.69148348279882,-518.7144378546096,0.517631486674347,0.5251245397444224
2373,97.8477963894643,91.69600200468801,168.0849891823066,203.88069458452338,-518.3054717519695,0.48108266069710237,0.5511019059995659
2374,89.19679552739906,99.00323661224152,178.33640808432312,204.9077946767833,-520.0878701132337,0.5206899688747879,0.5301873510937831
2375,88.91685025894726,99.44078948467947,178.75173465197457,205.2034253301367,-519.9882219504855,0.5220281787257216,0.5290457367699075
2376,99.07177434326914,89.07756693524587,165.52123475578003,204.5232101490053,-519.4720795592084,0.4754709038698972,0.5591665312973773
2377,96.31647052763128,91.04638143726748,168.34465368803933,202.7112299078518,-519.4528104056491,0.4881305845913892,0.552469135802469
2378,88.93649401790795,98.36578126213956,177.89109860645172,205.0124007795893,-520.6022996789171,0.5218962963322925,0.532132156522994
2379,89.62005786843453,98.3500934473212,177.69711251430982,204.4826715276041,-520.2151917439791,0.5186826540983873,0.5318997725795966
2380,94.73972534906423,92.01496773893263,170.04098694725917,202.1972424303899,-519.9709981189159,0.49525223383655587,0.5493827160493827
2381,98.65605790621188,87.94180460801346,164.75906273135863,203.96016722120837,-520.2232586754731,0.47744913977133246,0.5622529510504637
2382,98.39585583262837,88.67778009533663,165.44599976181632,203.8497995423334,-519.8688528998605,0.4786357382962958,0.5600204858854942
2383,90.62891100503337,94.77811165581551,174.48453910689852,203.2541748732974,-521.60982295079,0.5139058090599775,0.5418426467403072
2384,90.4624086472743,95.86696762309188,175.42049952490382,203.52580545997264,-521.0959570370065,0.5146971034205515,0.5387562269872207
2385,94.21500927495575,90.92764686770158,169.49228875248116,201.9037087148944,-521.0056584466521,0.4976261169182781,0.552469135802469
2386,98.23777470148403,86.80801720298902,164.01903112499687,203.41003019307178,-521.0040314198653,0.4794273756727676,0.5653393708035501
2387,97.83454778408975,87.17008272224018,164.4813093819428,203.13479326965256,-520.9392412308456,0.4812733861648761,0.5641357122229428
2388,90.79548289833957,93.68957421583988,173.54600468284445,202.9873622483393,-522.1201675662127,0.5131145146994034,0.5449290664933937
2389,93.81872997445427,90.38720494812017,169.2994133910905,201.76556723178666,-521.6323861488635,0.4994065292295698,0.5540123456790123
2390,93.6872392397185,89.85106000904906,168.9510186753088,201.6692567876411,-522.0495473161802,0.5000000000000003,0.5555555555555555
2391,90.77870971721535,93.15552769043308,173.1275358277344,202.90942958685,-522.4429079527035,0.5131804558961179,0.5464722763699368
2392,95.97879074544166,87.80328183867627,165.94989244610778,202.00300412314704,-521.548313636819,0.48971317331253744,0.5617283950617282
2393,97.02416901421665,87.90483917160554,165.45883796777588,202.6475154251649,-520.8800518465912,0.48496540714909303,0.5617283950617282
2394,90.56103077582091,92.64212253606988,172.8099950839494,202.94511674032697,-522.8998516621313,0.5141695738468355,0.54801548624648
2395,86.37165905503693,96.98602140438129,176.9979309485467,207.1502636791489,-522.3476625037566,0.5340778686190549,0.537321312540609
2396,87.59139440784286,98.41932695896594,178.11589298410797,206.2152643543523,-521.1553565225311,0.5283235808001031,0.5325969244097887
2397,97.80217009913427,84.51841214977105,162.38230940310356,202.67742941925636,-522.4918625758993,0.4815008537239189,0.5717592592592591
2398,87.38647971746188,94.76252864456166,175.2100273372374,205.81587581433766,-523.3471920544781,0.5291439540356426,0.5432301819363209
2399,93.68695240793691,87.70856198676378,167.24278362517487,201.32174988630828,-523.2947839947182,0.5000000000000003,0.5617283950617282
2400,93.68690801297923,86.99439470634238,166.67337194126964,201.20591425134782,-523.7098628868706,0.5000000000000004,0.5637860082304526
2401,89.69743342237545,91.67388250686477,172.35187969882972,203.3413465706511,-524.0474429792229,0.5181260456497059,0.5511019059995664
2402,94.92548124131574,86.30843498432446,165.37972138852814,201.3264148984175,-523.1484792239725,0.4944609394759819,0.5658436213991769
2403,96.16214190918534,85.6760392003344,164.14935615618333,201.75392474140833,-522.6682307428723,0.4889218789519634,0.5679012345679011
2404,97.03089091238553,84.42273466823016,162.6798998986375,202.08613568153686,-522.899411325443,0.485018035028566,0.5717592592592591
2405,87.46233682207223,94.21347249863913,174.77055935952876,205.65306804802773,-523.642793108138,0.5287483068553556,0.5447733918128641
2406,98.69230469210083,82.86084479386159,160.69428181904766,203.16477157269733,-523.1641159559737,0.47746812226093793,0.5769032921810698
2407,98.66107593045494,83.30248426498551,161.05807631823737,203.20859478278362,-522.9156917195692,0.47759700980052144,0.5756172839506172
2408,87.35719919777677,93.96316911560413,174.57451062503455,205.71310677464646,-523.8206200164544,0.5292428658307144,0.5455449967511357
2409,94.92686681855133,85.59440812527603,164.8095471696907,201.21098168049565,-523.5625280565778,0.4944609394759819,0.5679012345679011
2410,98.61077745095116,82.31273649009361,160.28746384686735,203.00261981456717,-523.503593086849,0.477863769441225,0.578446502057613
2411,95.28213985830398,85.07668068036588,164.18430125100167,201.25020109536305,-523.6058439043321,0.49287835075483377,0.5694444444444443
2412,95.34141815671936,84.90154739750622,164.0093643574582,201.24474360848814,-523.6655173951032,0.4926145859679757,0.5699588477366253
2413,98.60321373146392,81.86523392673539,159.93332053970312,202.923167574693,-523.7654449705723,0.4779135777811983,0.5797325102880657
2414,96.51497165495951,83.38648754331032,162.12798142405552,201.58410982086934,-523.7850422719287,0.48737437548379714,0.5745884773662551
2415,96.48671131550103,81.42005011026691,160.57550441193922,201.24744260920352,-524.9447585748082,0.48754134313020814,0.5802469135802468
2416,88.61938261170621,91.26193153003936,172.2953980268005,204.12145033568865,-524.8961688929984,0.5231336848766166,0.5527331059129299
2417,91.39521765953567,87.80378356583188,168.58012142400898,201.75310740358975,-525.0867671623464,0.5102868266874634,0.5617283950617282
2418,90.34997088445569,87.90532884307109,169.1187796357952,202.2997799154303,-525.803780472303,0.5150345928509079,0.5617283950617282
2419,98.66540935950533,80.9818682622251,159.2053671618153,202.83535787766408,-524.2618057732976,0.47765580270203145,0.582304526748971
2420,92.44823614427631,86.30885483948609,166.84153086275415,201.18753057279525,-525.1150550933767,0.505539060524019,0.5658436213991769
2421,91.2116915601202,85.67674269306448,166.97132567794043,201.4858101681607,-526.4646333032675,0.5110781210480375,0.5679012345679011
2422,88.01599526907994,90.64250209216837,171.8894912071442,204.55325033842533,-525.5259488777992,0.525946833451074,0.5547941033138395
2423,92.4464330253909,85.59474058120986,166.27290800311135,201.0719499578564,-525.5311909733701,0.505539060524019,0.5679012345679011
2424,95.48778880826305,82.41095768193608,161.93690595518953,200.89992852812594,-525.0106399888784,0.49199025925381257,0.5771604938271604
2425,95.81733062121081,83.505385295297,162.61650431926367,201.22551715836133,-524.1515110515702,0.49050446767311146,0.574074074074074
2426,96.22181434255175,81.39550020416596,160.7032991623204,201.09147369410306,-525.1185203339024,0.48872828467106927,0.5802469135802468
2427,98.76568798658877,79.39017526102174,157.8989613597933,202.6672571557682,-525.1606394010169,0.47724728683845596,0.5869341563786008
2428,92.2686759133514,85.24593783564399,166.09212332290926,201.05466798819197,-525.8778899345663,0.506330354884593,0.5689300411522633
2429,92.08621391030091,83.47037118419183,164.77364778798636,200.81306350521186,-527.0561749057999,0.5071216492451671,0.574074074074074
2430,98.8235712011835,79.04199262689286,157.60054621131562,202.6631775679273,-525.34906389149,0.4769932205666949,0.5879629629629629
2431,94.95358291414787,82.38154685156886,162.23146585234042,200.69856384848276,-525.4091291956871,0.49436414233553483,0.5771604938271604
2432,88.30285702147064,89.07851597765946,170.60726289668608,204.03997866380197,-526.3143258851486,0.5245290977217121,0.5591665312973785
2433,88.71818455310564,87.94251731087792,169.6309095117464,203.4972807361749,-526.7773663438119,0.5225508618202768,0.5622529510504648
2434,88.97854897907078,88.67848747179013,170.16130169185305,203.4017856200146,-526.2123604040022,0.5213642627647773,0.560020485885495
2435,98.42851553446114,78.26740200467074,157.13127346519892,202.1851157694279,-525.9033701898258,0.47882987555960405,0.5900205761316872
2436,96.53820174252134,79.63949087700891,159.12765631131154,200.9891876838819,-525.9493684064394,0.48734492930981443,0.5853909465020575
2437,95.38396698116202,79.90464244681036,160.0007006115795,200.45039732194388,-526.5402376620181,0.4924855231140463,0.5843621399176954
2438,95.69959442996338,78.14011269193605,158.40725864446839,200.299748771562,-527.3477805922353,0.4911021677527915,0.5895061728395061
2439,89.13640230533072,86.80856682744849,168.63360327303002,202.97158680624182,-527.2120268968563,0.5205726259188417,0.5653393708035512
2440,89.53940731567174,87.17081625092067,168.8111767503034,202.7234015000937,-526.7642226410852,0.5187266148961971,0.5641357122229436
2441,96.69553991415992,78.76238914995429,158.342701165916,200.94475263454697,-526.3685591972334,0.48665325162918704,0.5879629629629629
2442,92.41804192696462,82.38187539063568,163.72686911265018,200.55648777964564,-527.4208988684809,0.505635857664466,0.5771604938271604
2443,90.34155119182883,84.4238682115699,166.3461948953947,201.73779656977968,-527.8316870996485,0.5149819649714349,0.5717592592592591
2444,89.24914009686846,85.60309441667633,167.6436187001769,202.6866322016421,-527.8480004241279,0.5200103535775051,0.5687653418525732
2445,96.80852583006751,78.05982670870262,157.72198336055015,200.9036980213785,-526.7137219205712,0.4861579877689533,0.5900205761316872
2446,95.92638792179844,76.72850943530096,157.14976779356982,200.17962798999216,-528.0170124570136,0.49011164003232405,0.5936213991769547
2447,91.88383993540954,82.41147111546243,164.03522906167302,200.70056904283936,-527.8335192204173,0.5080097407461881,0.5771604938271604
2448,90.88483697191644,81.42066420265462,163.7260575197116,200.94810790425277,-529.1832054632862,0.5124586568697925,0.5802469135802468
2449,91.14974319855831,81.39609463230718,163.58681139452932,200.81751173971028,-528.9977164573877,0.5112717153289315,0.5802469135802468
2450,91.55434641399815,83.5060110974965,165.0746324123952,200.9919721351681,-527.458436826595,0.5094955323268893,0.574074074074074
2451,90.85661487378903,83.38701186762296,165.30668598545955,201.2821002759891,-528.0613613827103,0.5126256245162035,0.5745884773662551
2452,88.28454372639155,85.59902873083303,167.83763291685904,203.4892159416476,-528.34606048752,0.524476469842239,0.5691973954949093
2453,94.53699875206262,78.43728430491069,159.33874961597843,199.94319240308533,-528.0148770037606,0.4962427615570233,0.5884773662551439
2454,98.54531954294205,74.53544798913217,154.10877439631997,201.6803075308216,-528.0367402695099,0.4784209150620756,0.6008230452674896
2455,94.69431555455508,77.54985764314264,158.5358550262055,199.83886232060385,-528.4107215085901,0.4955510838763959,0.5910493827160493
2456,96.75384877610763,75.37602717034093,155.6107557635877,200.43248992803905,-528.303085756318,0.48645683780879334,0.5977366255144032
2457,94.8071560619081,76.84005006834334,157.9015110853164,199.75522473413636,-528.7381140355811,0.4950558200161622,0.5931069958847737
2458,88.13442581061233,83.65879321320307,166.31187313283283,203.30757527127943,-529.5397047077445,0.5251007965564018,0.5748558317089011
2459,92.83435675548849,78.43755569667223,160.34845141956367,199.84726232453755,-529.3732313132355,0.5037572384429774,0.5884773662551439
2460,91.98756151658898,79.90509120626086,161.98247098305953,200.2621115676885,-529.2063182104722,0.5075144768859543,0.5843621399176954
2461,91.67171720800091,78.14061341650267,160.73862945509097,200.07824715624793,-530.4841794793776,0.5088978322472091,0.5895061728395061
2462,99.33881423927578,72.69485022365558,152.37019561377787,202.1085753127183,-528.9365380210224,0.4748691220036596,0.6064814814814815
2463,88.29406105089448,83.09803357206059,165.84382136968992,203.07264190917078,-529.795869904665,0.5243304153103445,0.5763956573532591
2464,88.37456182565903,82.54948540871337,165.39462063930085,202.91213756521572,-530.0783598320261,0.5239347681300575,0.5779388672298024
2465,90.83344883834171,79.64019509453303,162.3291581928766,200.68501207719973,-530.2563568094907,0.5126550706901861,0.5853909465020575
2466,92.67687409642676,77.55016026980991,159.73034806497395,199.72537544432933,-530.0176759205483,0.5044489161236048,0.5910493827160493
2467,91.44463187785615,76.72910952936218,159.72645631544233,199.93481828000083,-531.4834378730875,0.5098883599676766,0.5936213991769547
2468,88.6987372501579,81.42987661539178,164.44508208796674,202.45064452007065,-530.5725252989847,0.5223940056379424,0.5810185185185184
2469,92.56386135438315,76.84039806875384,159.22794018894328,199.6292027393423,-530.5225623599503,0.5049441799838384,0.5931069958847737
2470,88.70630484821353,80.98240049797283,164.08698035266576,202.37154268681218,-530.8290522279808,0.522344197297969,0.582304526748971
2471,90.67598684784397,78.76310544953242,161.69802154422553,200.62596180941034,-530.8824800158059,0.5133467483708135,0.5879629629629629
2472,95.48924676304054,73.4835401410538,154.81786947402108,199.45217785616404,-530.1972547874487,0.49208705639425965,0.602880658436214
2473,90.56270715685342,78.06066093278042,161.18548247283928,200.57462838698976,-531.3731758668102,0.5138420122310472,0.5900205761316872
2474,98.74886125443552,70.45783034378724,150.78183443181211,201.1969932639662,-530.3501086903112,0.4776435069644115,0.6126543209876543
2475,98.98316824092157,69.42260068897431,149.87382802738142,201.24254054198119,-530.8974913862386,0.47661687641134054,0.6157407407407407
2476,87.86840222931006,79.89405589956661,163.34084068627018,202.93514549939,-531.8355706658105,0.5261761962708679,0.5858241282217886
2477,89.59230500734523,77.83914257788166,161.35761178900728,201.16559662476254,-532.1554195836268,0.5182088863145039,0.5909952350010826
2478,88.6819523361625,78.42542584625119,162.0541853194713,201.9761567964169,-532.3289626504478,0.5223691494879175,0.5896821529131466
2479,90.61651854238849,75.37639467303643,159.0233722678159,200.10825505959863,-532.8940871989801,0.5135431621912072,0.5977366255144032
2480,91.97190238233614,73.6571350170297,157.00967974832818,199.2530851795857,-532.8510513411778,0.507517296425454,0.602366255144033
2481,89.62495276188665,76.04906734566893,159.92075882544398,200.85055901634846,-533.1755339412013,0.5180096529546105,0.5961392679228935
2482,95.51558871445648,69.82400987531474,151.88532176367065,198.86957195765075,-532.3051550905516,0.49201445853892417,0.6134259259259258
2483,98.56933743476891,67.21631168523234,148.26335530639003,200.50935830952213,-532.2790609532201,0.4785600270597938,0.6219135802469136
2484,98.1718062106069,68.76556254285973,149.65848848946192,200.4193318230429,-531.5027854522575,0.4802878114916125,0.6172839506172839
2485,97.72834154450663,67.63321649990831,148.95171892835882,199.8731826750188,-532.3282143030848,0.4823011326460296,0.6203703703703703
2486,96.99508960190958,68.34793202591757,149.8812961117925,199.44943231877124,-532.256762137791,0.4855389079436611,0.6180555555555556
2487,97.21884836619455,68.90968080605708,150.21447632708666,199.6973318982802,-531.817212928909,0.48453224736645256,0.6165123456790123
2488,96.25726818765271,69.07750170010976,150.86245738836095,199.1115659221289,-532.2535452827616,0.48877668324129264,0.6157407407407407
2489,98.45944992741839,66.93180280576695,148.07945930489956,200.36629913627198,-532.4758192793454,0.4790633573483981,0.6226851851851851
2490,88.7264313172007,75.73991515180944,159.90537610851857,201.50102123523646,-533.8678637287112,0.5220702994480775,0.5973982022958628
2491,96.65545077261937,67.86522198021026,149.6764105953892,199.14963511781036,-532.7220471839014,0.4870470191164743,0.6193415637860082
2492,95.57110170174744,68.13096150761118,150.50322306554688,198.61857771072832,-533.250677928516,0.49179290558691896,0.6183127572016461
2493,94.62626802189381,69.33353815795974,152.0260810489468,198.48878431523647,-533.2360526618259,0.4958964527934595,0.6147119341563786
2494,96.85431703889044,67.2607860142592,149.08828499110675,199.1789275912054,-532.9627500250922,0.4861821870540651,0.621141975308642
2495,98.323433587223,65.84036323476212,147.2636430341851,200.07080201130037,-533.1514746346439,0.479706636458802,0.6257716049382716
2496,88.5958004031302,74.68849159237698,159.0930645265988,201.44036177277974,-534.5452267448918,0.5226300947352758,0.6004846220489493
2497,98.25513140893601,65.29472152632377,146.85662860937637,199.92359587163008,-533.4904966013696,0.480028276014004,0.6273148148148149
2498,97.45182389832316,65.45490456955673,147.34592106212207,199.30570152604062,-533.7139484089853,0.4835876908668375,0.6265432098765432
2499,97.31173359767644,64.36640407534759,146.54642699368767,199.02546816881105,-534.4113470501943,0.48423096997724147,0.6296296296296297
2500,98.98487860884774,64.60081250592157,146.0278473934234,200.4573207091313,-533.6960210908052,0.4767905007163726,0.6296296296296297
2501,96.71358866499457,66.17457940522357,148.29741148666326,198.91138706167965,-533.6715731515717,0.48682546616446903,0.6242283950617284
2502,89.80332839694267,72.43541446135444,156.98364166142832,200.13690599448094,-535.1626257929463,0.5171096258927899,0.6064814814814814
2503,88.15858627331136,74.22136694828481,158.7902368127994,201.74648580396357,-535.0184878879456,0.5246083306367111,0.6020278319254924
2504,96.64291049265668,65.63171362497883,147.90275635707292,198.77875726675947,-534.027020700487,0.48714710571967096,0.6257716049382716
2505,94.20114080797568,67.71449753339292,150.99340810508681,198.13684940099944,-534.5051579644257,0.497758939158207,0.6193415637860082
2506,94.0746385935108,68.7835798579834,151.92167422880166,198.29101680659673,-533.9824522864664,0.49830260158866413,0.6162551440329218
2507,98.97621897288573,63.52824546611916,145.17488817989872,200.27527909315776,-534.3203022857325,0.4768645083414575,0.6327160493827161
2508,99.15817394365003,61.414556235242316,143.42813362677288,200.10019657047377,-535.5115605318571,0.4761223174359819,0.6388888888888888
2509,98.42334720575175,63.80155399341177,145.5968897639861,199.82610527133795,-534.303784687072,0.4793199955533855,0.6316872427983539
2510,95.0807281263162,66.58450393157509,149.56182053117553,198.17770792106145,-534.4962287897999,0.493944295870136,0.6226851851851851
2511,94.18663948924048,66.28555093079098,149.8629604662963,197.9027799590216,-535.3466041280236,0.4978253502781715,0.6234567901234568
2512,96.57196257507242,65.0890213821589,147.50861143515218,198.64690323642552,-534.3831440932161,0.4874687452748729,0.6273148148148149
2513,89.71896865954358,71.37489977592455,156.16565407488267,200.02280158902838,-535.8330431803464,0.5174568745028535,0.6095679012345678
2514,88.17604710112778,72.67272613428568,157.55375892224598,201.47763699112943,-535.911768927676,0.524464809370575,0.6064814814814814
2515,93.36656903056294,66.55117857952061,150.56468106983974,197.88333472195538,-535.8479253988028,0.5013847651310049,0.6226851851851851
2516,94.86140283983362,64.967143098142,148.40437730900175,197.84516252814862,-535.597383974902,0.4949092145357419,0.6273148148148149
2517,98.22735441051469,61.80901645417731,144.08750509252778,199.33380910914065,-535.5234109477697,0.4802506513316967,0.6373456790123457
2518,97.28883397202178,62.22118334881097,144.8466784259788,198.66052765015442,-535.6682132335617,0.4843789852274115,0.6358024691358025
2519,97.40917025691931,60.8070647373616,143.65991125989754,198.51888379385798,-536.432779145069,0.4838841912904277,0.6399176954732511
2520,91.72841611345729,67.1546222980115,151.951961311598,198.2754473972209,-536.8233348068047,0.5085035948366718,0.621141975308642
2521,98.28797947419893,61.10343507975591,143.49963352631843,199.27053495710538,-535.9130060207643,0.48000325436320473,0.63940329218107
2522,95.0277451445406,63.45725582911385,147.10028761180214,197.65255124421748,-536.3522769730014,0.49420093407512344,0.631687242798354
2523,93.89073019090557,64.13915195012672,148.32987429845198,197.51550210491055,-536.8277648024304,0.49911190849897935,0.6296296296296297
2524,91.65310400190708,66.62419961326484,151.56725333434014,198.2156605935129,-537.1912207316146,0.5088252343918739,0.6226851851851851
2525,93.14271619914024,64.94790624876461,149.41722380794397,197.63124177184275,-536.961473816475,0.5023496837966108,0.6273148148148149
2526,88.48521325955818,69.40905038267158,154.9064454950442,200.67407539558016,-537.6690390027552,0.5229390778381493,0.6157407407407407
2527,90.09829177707496,67.04124654460111,152.58172430651427,199.06225320900154,-538.1018315624405,0.515656100025571,0.6219135802469136
2528,91.5018781391719,65.56384391361232,150.7972208494986,198.09948808484378,-537.9261204195153,0.5094685135022778,0.6257716049382716
2529,91.42651087960544,65.03384415372636,150.41187079178817,198.0430978741007,-538.293099898616,0.5097901530574798,0.6273148148148149
2530,90.61349517140998,65.37630062525932,151.05341875039952,198.48464343684955,-538.7076490232909,0.5133495679103133,0.6265432098765432
2531,90.4621661214157,64.32109926672163,150.27431219607496,198.39846475621405,-539.429968826303,0.5139928470207172,0.6296296296296297
2532,91.57075454620013,62.7912743217139,148.55259557344277,197.62334997209453,-539.483616239933,0.5091312110135847,0.6337448559670782
2533,92.73113365116681,63.44183925914763,148.45220170518567,197.4287438032598,-538.1722297698982,0.504121559756282,0.631687242798354
2534,94.99644432512237,61.313726797162786,145.4089781355097,197.2948221324222,-537.6203938193723,0.4943489493252935,0.6378600823045268
2535,95.80558519838603,61.12436684423653,144.77948840491527,197.58815315502412,-537.1635325289507,0.4908606966470049,0.6385459533607682
2536,96.16308416036863,62.8191628872888,145.92628723706,198.04398380857617,-535.9482491272639,0.4892899596512675,0.6337448559670782
2537,89.03250616270893,67.18386600627727,153.0192040468897,199.8565927572026,-538.6796851478664,0.5204038661890156,0.6219135802469136
2538,88.384232765371,67.81781058827482,153.65525067770724,200.5017256782201,-538.6421353607237,0.5233347250184364,0.6203703703703703
2539,96.4798051809594,59.812550165882016,143.3517265210908,197.73501016772184,-537.5022465499432,0.4879628343269817,0.6424897119341564
2540,96.58238427408729,59.82246037911466,143.30349983778672,197.7982130669965,-537.436617468926,0.48751773124915876,0.6424897119341564
2541,95.62656106640863,60.278451914148405,144.20964791000347,197.3686015745886,-537.7758507813837,0.49164606514487363,0.6409465020576133
2542,89.8083743432826,65.73798752627502,151.6438975614634,199.04320930262054,-539.0520603650298,0.5169089827631468,0.6257716049382716
2543,95.59742126398729,59.80033379195376,143.8456027304662,197.27815674122147,-538.0736566150728,0.49177786921776095,0.6423182441700961
2544,89.73263319079898,65.21198891415662,151.2495164466716,199.01014858931322,-539.4066029906978,0.5172306223183487,0.6273148148148149
2545,96.95082005583102,58.25363269250812,141.8556610676261,197.77975926184982,-538.1434392204177,0.4859435613988186,0.6471193415637859
2546,92.69371270204758,61.30090883093254,146.7661033554424,197.08690286153748,-539.4471476592242,0.5042695750064521,0.6378600823045268
2547,96.52802049258457,57.85290630006958,141.76234865067423,197.44614697351992,-538.6117535827914,0.48778406736466107,0.6481481481481481
2548,99.86358388420997,55.10286869423388,138.19398499481713,199.74616855793144,-539.0913649607498,0.47320759146330205,0.6574074074074073
2549,94.68006764766584,59.33653440381204,144.02324668067644,196.88100796507808,-539.0052172530746,0.49572470818142755,0.6435185185185186
2550,88.85837711258552,65.06604430861123,151.37221133463677,199.65201022480426,-540.0054092683707,0.5211116767263841,0.6280864197530865
2551,88.06802396945196,65.45695678740557,151.81930507587904,200.39720598492679,-540.1547120246258,0.5246710915792177,0.6273148148148149
2552,88.7828575737728,64.54158219526397,150.97083517028963,199.6290618335734,-540.3504206254046,0.5214333162815862,0.6296296296296297
2553,91.87578304321525,61.10372544705879,147.05215746343893,197.24510309878048,-540.2225854027004,0.5077907199625563,0.6385459533607682
2554,89.32446076313859,63.74894761398144,150.206628378144,199.07043301107032,-540.5093399830087,0.5190024982780198,0.6316872427983539
2555,98.69661684087572,54.91442915255058,138.40250455794296,198.62053778499146,-539.3860273255826,0.4783909447587582,0.6574074074074073
2556,98.42618802089189,54.8741399782395,138.47447245144386,198.37640554090183,-539.4858802755592,0.4795778862996193,0.6574074074074073
2557,92.02851189037884,60.26113053516488,146.30011232069972,197.06269534435432,-540.5895296866249,0.5071204744370421,0.6409465020576133
2558,92.94707335116809,59.32882176757059,145.04910915362666,196.73511449742003,-540.3859318155359,0.5031651774422965,0.6435185185185186
2559,88.75813971575681,63.473941372959246,150.1251955363692,199.47539574708733,-540.9841771287414,0.5215073239066712,0.6327160493827161
2560,88.50846399334029,61.36955572401675,148.49648644539096,199.34259691623635,-542.3335581147152,0.5225455453124872,0.6388888888888888
2561,92.04245625825533,59.78417986731148,145.91234932049196,196.98130197442805,-540.8553409488413,0.507054454919786,0.6423182441700961
2562,93.7874724095619,57.711527750066296,143.26569480727596,196.46372375860298,-540.6449450033969,0.4995559542494897,0.6481481481481481
2563,93.77580490057798,56.997119670172594,142.70308711752625,196.34699184140052,-541.0691805204182,0.499605292666213,0.6502057613168724
2564,97.44109748520565,54.383172062532196,138.52075372283446,197.4991462825404,-540.1487725714601,0.4838911871422557,0.6584362139917695
2565,96.89605139298641,55.74832071631053,139.88528863423772,197.33764009939765,-539.6270185534185,0.48622251919591797,0.6543209876543209
2566,95.06205151250897,56.31712419764196,141.38509855772585,196.50658003731874,-540.4745846197833,0.4941008474719265,0.6522633744855966
2567,93.75260961187637,55.56859645718157,141.57791872890658,196.1136097354418,-541.9177136692282,0.4997039694996599,0.6543209876543209
2568,89.45940374816513,61.76609209342391,148.587363379896,198.6455087955957,-541.580415957304,0.5183432037916873,0.6373456790123457
2569,90.25221003022858,60.773529917254194,147.52822540045125,197.946183283306,-541.6394553187247,0.5148330098747648,0.6399176954732511
2570,90.41757002000226,62.18334956330088,148.58774605260373,198.07651812148868,-540.7040035647524,0.5141408622708873,0.6358024691358025
2571,91.15625634621638,59.78925959081633,146.35863805966187,197.30540986086018,-541.5492923439422,0.5108777128800192,0.6424897119341564
2572,91.05338971161501,59.79831989157495,146.41336642931117,197.35394111500995,-541.6222314786401,0.5113228159578421,0.6424897119341564
2573,96.447807294137,54.631392030159134,139.237326117445,196.8757830850957,-540.5304113484408,0.48818321247086216,0.6574074074074073
2574,96.34594736818548,55.69349464425437,140.139732818997,196.99041487790757,-539.9734538982971,0.4885964022776401,0.6543209876543209
2575,98.62967182369844,52.7616367558725,136.71018967503036,198.21089393262264,-540.6534566685758,0.47875150668606326,0.6635802469135802
2576,98.66463116500854,51.6954028622645,135.84672466855216,198.06777818614583,-541.2631193999289,0.4786350522645005,0.6666666666666666
2577,97.84792416666359,51.578424315373695,136.0930497272024,197.3572524723811,-541.6032875733392,0.4821958768870837,0.6666666666666666
2578,95.05191199956326,55.60238802232331,140.82134826798492,196.38721957148255,-540.8973179945161,0.49415018588865,0.6543209876543209
2579,96.17137061738532,54.60672634285001,139.37197714319888,196.71646659370646,-540.713431348453,0.4893701540117233,0.6574074074074073
2580,89.37632694760069,61.063217176443146,148.0510956032272,198.59280738613808,-542.0392358439599,0.518689277593626,0.63940329218107
2581,97.57578049852013,52.97161923740953,137.33024727643067,197.3712569824386,-540.9081366787473,0.483340267399885,0.6625514403292181
2582,97.02529950136633,51.476974096141646,136.41253116658095,196.72946445783876,-542.0407263323929,0.485756701509667,0.6666666666666666
2583,95.04186958336143,54.88764451314063,140.25761630458808,196.26787190488338,-541.3200758377918,0.4941995243053733,0.6563786008230452
2584,95.43964681474793,53.48136145847508,138.89944802164362,196.18688555914358,-541.8534879948706,0.4925177888275285,0.6604938271604938
2585,93.72965795252286,54.14008115763846,140.4528127855213,195.880337898667,-542.7663293398512,0.4998026463331065,0.6584362139917695
2586,91.04537720818554,57.834505133610406,144.85220589458802,197.03914642833004,-542.7699966756398,0.5113278411343182,0.6481481481481481
2587,91.1582504288546,55.682402439677446,143.08460623766055,196.63838406215214,-543.9361231209347,0.5108115367216796,0.6543209876543209
2588,90.63302790316708,58.23179120333393,145.34956645717133,197.3123766421181,-542.8455305196127,0.5131190086834374,0.647119341563786
2589,92.46609794650155,56.31051614965253,142.9140226217199,196.31678947928745,-542.532019328466,0.5052084146939463,0.6522633744855966
2590,96.6487857920907,52.50845354432448,137.43451183258264,196.6520530755488,-541.6469424789732,0.48735683285730613,0.6635802469135802
2591,96.19599777023885,51.394743131835725,136.79753134617766,196.20781161834532,-542.5648708282545,0.4893175261322502,0.6666666666666666
2592,96.23346123892082,52.46956037522938,137.63280694924677,196.40318329000073,-541.916650856866,0.48913724516859775,0.6635802469135802
2593,92.4533823226995,55.59671212236816,142.352137361238,196.2035436171433,-542.9571812763182,0.5052577531106697,0.6543209876543209
2594,104.37610451183461,45.43279933182808,129.7897042947345,202.6161718230124,-545.0005271825066,0.4541227914856468,0.6875
2595,98.23433639135719,50.02469236269357,134.68572692146785,197.42164220347578,-542.3635069800487,0.4805646542330275,0.6712962962962963
2596,98.64350005330759,50.08468811179591,134.57054936675019,197.7855675906386,-542.2040446275995,0.47878424192173585,0.6712962962962963
2597,92.44054835435773,54.8829088094968,141.7902623832742,196.09033459177581,-543.3823565737306,0.5053070915273931,0.6563786008230452
2598,91.99673707058547,53.47776892701452,140.90904663910746,195.97102248964174,-544.5573247825293,0.5071861806721316,0.6604938271604938
2599,97.8236143545959,49.96813030078704,134.81998632231713,197.0755005098279,-542.5483895982076,0.4823450665443191,0.6712962962962963
2600,93.7181390097661,53.425826077681506,139.89028315094504,195.7637438191866,-543.190668007282,0.4998519847498299,0.6604938271604938
2601,93.68280169758087,51.283247227098144,138.2027872036518,195.4141312865439,-544.4638067810772,0.5,0.6666666666666666
2602,99.87134929815328,45.99545413851271,130.92544188077068,198.2675234392209,-544.3721590176539,0.4735525673071054,0.683641975308642
2603,98.73483532419175,46.88405705711884,131.98350787879016,197.34556942132176,-544.0376764585494,0.478489150465776,0.6805555555555555
2604,105.47296788831775,41.68963180017241,126.69144532317783,203.0876325911758,-547.3220758097129,0.4497527663166505,0.6988304093567226
2605,98.46100102674639,46.8431857568489,132.0558101279457,197.09773877407392,-544.1380261045147,0.4796760920066371,0.6805555555555555
2606,89.65217993959679,54.776798300882206,142.95750963130297,197.36762914895255,-545.5243742787055,0.5173074494829335,0.6574074074074073
2607,98.18644710511549,46.80364475003185,132.1368457531156,196.85712215148425,-544.250021924272,0.48086303354749815,0.6805555555555555
2608,97.91120513158246,46.76566696289689,132.22638554591393,196.62468602124616,-544.373343483139,0.48204997508835923,0.6805555555555555
2609,88.43681601551884,55.666074497482924,143.9651258217353,198.474605731216,-545.6856065558701,0.5226659675832139,0.655349794238683
2610,88.70288124641858,53.83994134238509,142.4593454501015,197.95001568663903,-546.6157560597103,0.5214294791624652,0.6604938271604938
2611,91.16700345524852,52.46771557618473,140.5166165924791,196.11145342150738,-545.7964739310601,0.5107147395812328,0.6635802469135802
2612,91.16929177589623,51.395953659835556,139.66059242847257,195.93579279201964,-546.4165539684085,0.5106824738677505,0.6666666666666666
2613,90.3400920806193,51.478798218787716,140.08421486080718,196.38061408391744,-546.9802515254364,0.514243298490334,0.6666666666666666
2614,93.09846943698757,50.21855761161399,137.69753420579528,195.24469783468834,-545.5552743453856,0.5024733428532128,0.6697530864197531
2615,97.21190296799412,46.14151444508684,132.06242597629353,195.99214499253804,-545.0452585931874,0.4850670588262571,0.6820987654320986
2616,97.6353646683505,46.729319508296186,132.3242002979547,196.4013968510531,-544.5076703464333,0.48323691662922036,0.6805555555555555
2617,105.56657605542023,39.29497081969282,124.77344461517893,202.79106088924027,-548.726819060539,0.4495314477246807,0.705774853801167
2618,89.51699011531967,52.65198054833837,141.3054976580712,197.11825353290206,-546.8439248571692,0.5178363888263996,0.6635802469135802
2619,89.51740900914714,51.58059991695674,140.45127119091592,196.94316727233274,-547.4664138118196,0.5178041231129172,0.6666666666666666
2620,92.38506769837494,49.707115923112525,137.69288617796417,195.26149454361988,-546.433014816028,0.5054904265911107,0.6712962962962963
2621,92.8059474860185,49.690669715056515,137.44475871426062,195.18753542170174,-546.100455522224,0.5037100142798191,0.6712962962962963
2622,103.59962031714021,40.26602434282637,125.76398149263724,201.00830363595847,-547.9170145037011,0.45775061624113306,0.7019980506822595
2623,99.90423784023666,37.42898898960482,124.08117513476692,196.90365182626348,-549.3375473976847,0.473746316090098,0.7083333333333333
2624,91.96466779298537,49.73005337297053,137.93637215966723,195.37126538988676,-546.7588776151911,0.5072708389024024,0.6712962962962963
2625,90.3108148648465,50.410544413616606,139.24381507434188,196.22384163663685,-547.621090564555,0.5143427582618241,0.669753086419753
2626,93.28027033845666,45.92991011861449,134.17121978629598,194.5403054061004,-547.8982272485941,0.5016842403983128,0.6820987654320986
2627,93.5380500333575,44.856138572984634,133.1628271489224,194.3657959258715,-548.3134959983377,0.500596758628942,0.6851851851851851
2628,90.26756820577268,48.8081286630306,137.98317117697133,195.9890005882972,-548.5822856292638,0.5144919479190595,0.6743827160493826
2629,90.66871029700978,48.22889402171094,137.35900271570208,195.66572122052074,-548.6316850672089,0.5127612654935129,0.6759259259259258
2630,91.08649410781003,48.18926515372917,137.14212532221336,195.45187380965498,-548.3429174019017,0.5109808531822213,0.6759259259259258
2631,90.25276418097471,48.274200172351215,137.56294442679973,195.9108049975484,-548.9026666130595,0.5145416778048044,0.6759259259259258
2632,92.5879711824546,46.48475858981169,135.01011994708995,194.69952668184263,-548.1395438793943,0.5046018643647205,0.6805555555555555
2633,92.87001819456286,46.4750201275603,134.84318568418922,194.6579218018061,-547.9157016311146,0.5034149228238594,0.6805555555555555
2634,92.30604101566583,46.49722228974025,135.17542035124433,194.7574296389493,-548.3609816695221,0.5057888059055817,0.6805555555555555
2635,92.02421004785283,46.5125237386016,135.33848384900605,194.8312866461351,-548.579208851855,0.5069757474464427,0.6805555555555555
2636,91.84283861109643,44.9170193694832,134.16035150353127,194.6260102974815,-549.6509286121819,0.5077184078741085,0.6851851851851851
2637,93.90946910448659,44.05351750114548,132.30131684503138,194.26002952560992,-548.4832071164736,0.4990393088388756,0.6875
2638,94.66790447187059,44.87381606825002,132.4975484784949,194.5325609272948,-547.4171707429032,0.49584899246549746,0.6851851851851851
2639,94.10288314223027,44.85937497412954,132.8270548960482,194.41515203664918,-547.8615575618308,0.4982228755472198,0.6851851851851851
2640,95.23241293431944,44.89896880236145,132.17890139611328,194.71437436908167,-546.9865562586178,0.4934751093837752,0.6851851851851851
2641,91.04264672297786,46.586121855878616,135.88288395293682,195.2104574259761,-549.3060816681652,0.5111300428394565,0.6805555555555555
2642,90.83302926078248,46.60556526784313,135.99253208108408,195.31517035804035,-549.4521193524034,0.5120202489951022,0.6805555555555555
2643,90.62383959745955,46.62627969106532,136.09914107430504,195.42784148856634,-549.5939704090925,0.5129104551507482,0.6805555555555555
2644,96.6908998569706,40.728769075340665,128.01794859526984,194.7648311117877,-548.4668471085237,0.48738785550350394,0.6975308641975309
2645,96.47970843847446,40.70816916607953,128.11659443130995,194.63352112243373,-548.6011148529436,0.48827806165914966,0.6975308641975309
2646,95.67302336090127,39.5701327555044,127.66975541000262,194.0293198818983,-549.7766554366773,0.49168469617651195,0.7006172839506174
2647,95.59306399573491,41.70741511286704,129.42039055858658,194.34113299827814,-548.5888646307785,0.49199307638695444,0.6944444444444444
2648,86.44340080268437,50.4638668345373,139.92195726021552,199.49292994926915,-549.3749727183057,0.5312873732132172,0.6712962962962963
2649,93.94436577019961,42.44660568378967,130.99892904453918,194.00335541225851,-549.3885739075694,0.49889176311089567,0.6921296296296295
2650,89.46676301853368,46.05093726761757,136.05880107772347,196.07721379904214,-550.7103829974304,0.5178608860530957,0.6826131687242798
2651,88.30011422543272,46.66941427744865,136.81875158925752,197.1219600156547,-550.981627986518,0.5229321251425892,0.6813271604938271
2652,97.89660299798854,37.65757176528376,124.96813536366282,195.13117258052569,-549.6681622676854,0.48234499788409974,0.7067901234567902
2653,98.09156251665944,36.88033843627835,124.26168099248106,195.16506781591139,-550.0444962339144,0.4815293865570716,0.7091049382716049
2654,95.66101088010997,37.426933117306874,125.96740355091701,193.6763667035216,-551.0298692823995,0.4917567907811369,0.7067901234567902
2655,92.30896312626982,40.33787253031966,130.26235628754264,193.7571625553204,-551.9385142368039,0.5057244602452472,0.6983024691358025
2656,92.83767950307347,40.762719841619884,130.30694739263416,193.7349905983813,-551.2618965959699,0.5035212153742051,0.6970164609053499
2657,92.27436289193757,41.41042850956933,131.13673982784914,193.93921109103297,-551.3430291242031,0.5058786503504684,0.695216049382716
2658,97.89088894537505,35.513740522967,123.2606180695348,194.77899293221037,-550.9144234251095,0.48241709248872455,0.7129629629629629
2659,96.88531138030488,36.46333466228492,124.51253559902028,194.19700812160104,-550.8361469953643,0.48664183855710785,0.7098765432098766
2660,88.96008179399244,42.46065047187756,133.3345834918078,195.88093042177667,-553.093357191069,0.5199369409045899,0.6931584362139916
2661,88.45505133492311,41.28678860528731,132.5048794730824,196.10819293447642,-554.0383956990459,0.5220707742902261,0.6967592592592592
2662,89.07511928880956,41.19398324016714,132.29687448291872,195.58331459271238,-553.7655305770211,0.519406499787163,0.6967592592592592
2663,89.86737523088287,41.22153725423189,132.08168736002577,195.00941925939748,-553.2625881834703,0.5160245374279894,0.6963734567901234
2664,90.0742996463707,39.45550997207232,130.60041375991392,194.58656360409108,-554.1506924710625,0.5151046586661694,0.7013888888888888
2665,88.11956825584217,43.0809737074473,133.98695432271273,196.69486539263508,-553.1492735807424,0.5235841238224769,0.6917438271604938
2666,88.9031022984098,43.094045839280824,133.85282530012356,196.03021185830332,-552.7564409257728,0.5202021614633032,0.691358024691358
2667,94.43428529167753,36.65335738891844,126.08465961661626,193.14365172318924,-552.3732205206429,0.4968684093731754,0.7088477366255144
2668,91.49802745432996,38.914996518879775,129.5510849672605,193.77251013421366,-553.4138642419387,0.5091039223804281,0.7025462962962963
2669,92.93353381311739,38.43870278175257,128.3982970987469,193.3473024681413,-552.5330056561611,0.5031031860946867,0.7037037037037037
2670,91.79423010542261,39.831450945672884,130.1319233096826,193.81666039348656,-552.6466426890112,0.5078728805817512,0.6998456790123457
2671,100.54777854814435,31.110191122646427,118.90933815596208,196.50515913927248,-553.0016727282095,0.4712246702182613,0.7268518518518519
2672,100.87507593185737,32.77395162199343,120.18386598668062,197.099652487015,-552.0545398912462,0.46974285428357493,0.7222222222222222
2673,91.814634509092,38.2225618905303,128.83901656494058,193.54892216319124,-553.5648943296263,0.5077684203622752,0.7044753086419753
2674,90.70117651815598,38.04735926285207,129.22871294042426,193.9932917044868,-554.5250993788854,0.5124336546298638,0.7052469135802468
2675,93.20488528035042,36.8250798598948,126.95709988619001,193.06633623476415,-553.2521110766738,0.5019816947812091,0.7083333333333333
2676,94.43498536088805,35.76033972043541,125.3721075254003,192.9991320757093,-552.8910071700687,0.4968667425571802,0.7114197530864197
2677,93.09760052462296,36.82754663806344,127.0210721510045,193.07261441466645,-553.3380151199236,0.5024267978590321,0.7083333333333333
2678,92.99029361107706,36.830334963252824,127.08496722154261,193.08133000174902,-553.4237842393676,0.502871900936855,0.7083333333333333
2679,92.8829772137026,36.83337949112416,127.14875233379107,193.092464209727,-553.5093746375301,0.5033170040146779,0.7083333333333333
2680,92.77565316097547,36.836628891665896,127.21239472373651,193.1059982523156,-553.5947425169353,0.5037621070925009,0.7083333333333333
2681,98.38799808056432,32.10056770051301,120.32545195738174,194.6356368879696,-552.7184533282302,0.48040953917284956,0.7229938271604939
2682,98.693038638333,33.21757902512718,121.09617238800315,195.0850534385926,-551.9802169967403,0.47908005235199436,0.7199074074074074
2683,97.7510605677491,32.637600554972266,121.03130359973301,194.2001473697723,-552.641178766037,0.48307877625537093,0.7211934156378601
2684,99.72178670312024,30.968575830206873,118.97215693441902,195.67430695901146,-553.0967310505204,0.4747770362223458,0.7268518518518519
2685,99.33764629252947,31.30840186989792,119.35269027815859,195.36347491566252,-552.9490239328816,0.4764056835490674,0.7256944444444444
2686,98.18334233052234,31.356832016317014,119.81787505976462,194.34079059183333,-553.2189326557047,0.48129586372008637,0.7250514403292181
2687,88.9057958009607,39.745541232830305,131.18406795895362,195.48244791360295,-554.7026681861145,0.5200916860465297,0.701003086419753
2688,94.22198580369037,34.41578152745126,124.42907088660932,192.74020990081092,-553.8373008229592,0.4977544484888331,0.7152777777777777
2689,95.11523501937083,35.07244717302666,124.41424940160267,193.0781475134425,-552.7814884142341,0.49405024517825796,0.713477366255144
2690,89.2136322127293,39.03128559371447,130.5375543148862,195.12394939827175,-554.9435347541794,0.5187561840283768,0.702932098765432
2691,94.55103285030033,31.343618572109165,121.78174289549844,192.3088358079558,-555.3687413838526,0.4964095665067615,0.7241512345679012
2692,95.8411253103766,31.546413658002166,121.17440078134632,192.80547468908614,-554.3250190715961,0.4910762240621242,0.7237654320987654
2693,94.87155731410961,32.42713268091006,122.45190507567499,192.57038809099112,-554.497748243459,0.49508007968590617,0.7210648148148148
2694,98.33708410779533,27.805647564941182,116.9224796025945,193.89175670826722,-555.2276937076031,0.4807494373176179,0.7353395061728396
2695,97.61376782239041,27.08227343879298,116.66782445983554,193.18885857383924,-555.9259728091496,0.4837928188912981,0.7371399176954734
2696,95.90566595499085,27.800197721277584,118.15250526378722,192.227494966382,-556.460136045316,0.49086652028406896,0.734567901234568
2697,94.56133772070677,27.192453092572407,118.46692502700017,191.6375512617734,-557.7744901527283,0.4963941713455451,0.7361111111111112
2698,95.35620492109538,26.424024660251348,117.37715207830198,191.76327688716418,-557.6344361268301,0.49313687669210177,0.738425925925926
2699,96.3019713700826,27.430575011221606,117.63243453945664,192.37445940327206,-556.4223881373367,0.4892378729573473,0.7357253086419755
2700,99.94256327900524,23.77337446971427,113.17414855911962,194.71340992216744,-557.252722775814,0.4741130804464363,0.7476851851851853
2701,98.58707193849654,25.69919153695008,115.14218953975286,193.76439395086612,-556.3732670841778,0.47976249907220747,0.7415123456790125
2702,100.04407789864064,23.52260879030206,112.95032884163277,194.77126451632137,-557.3932509809787,0.473693384187721,0.7484567901234569
2703,86.93079985795201,34.84080458057633,127.49428769457916,196.4639160407019,-558.3517055917869,0.5284168581306694,0.7160493827160493
2704,90.67683021205477,30.638756629663817,123.33447334188511,192.8025770833663,-558.8494208737682,0.5124073506629259,0.7265946502057613
2705,91.64057246883186,30.064903651939517,122.42586565309692,192.28400203694596,-558.4453228484842,0.5084057382168913,0.7280092592592592
2706,91.000551528819,31.456112321565854,123.84291358428503,192.7736931589311,-558.1331909507709,0.511076742253197,0.7241512345679012
2707,96.94307880917488,24.949622371022656,115.30382846812304,192.3633541671098,-557.4926421308476,0.4866222873852153,0.7430555555555556
2708,96.3987892483014,23.555994605985063,114.48805103319435,191.80043363495835,-558.6138706233784,0.48889264379324815,0.7469135802469138
2709,97.71275139955915,23.166255854666133,113.4975801100333,192.62924491623966,-558.1561953159882,0.48346418156514476,0.7484567901234569
2710,97.91791445735498,22.657479618762352,112.99752470849184,192.7083796871057,-558.3672677677351,0.4826247890477142,0.75
2711,97.80448105364911,22.106332346077636,112.6102533210455,192.52800381398572,-558.73325025757,0.4831114413563375,0.7515432098765431
2712,93.33164397737073,25.57350754643403,117.91252669911951,191.23759570529432,-559.6870524662952,0.501428353284316,0.7407407407407407
2713,94.0071235153849,25.84109050000535,117.72350785024805,191.3175976056698,-558.9898702684577,0.49866452775357795,0.7399691358024691
2714,92.9345015189695,25.98375543639679,118.47026025285058,191.32733883813088,-559.772395655415,0.5030570006110376,0.7395833333333334
2715,93.72988112284916,25.169811734297127,117.35446894300392,191.18192719632268,-559.6008377971842,0.4997997059575944,0.7418981481481481
2716,94.12748424796413,24.771062372643257,116.79772903529877,191.1608669880461,-559.5159518838011,0.49817105863087274,0.7430555555555557
2717,87.67432164081418,31.09899003847022,124.49280085836465,195.14631553043301,-560.3026607451246,0.5250724450559623,0.726466049382716
2718,88.45314274791454,30.393229599313997,123.82809551313261,194.3355536714225,-560.377492214731,0.5217378191981029,0.7281378600823044
2719,88.77755129993645,31.86186557919916,124.93292005034878,194.30318934163273,-559.3576462350876,0.5204105755549951,0.7237654320987654
2720,95.72428090405496,23.234001056215106,114.61579675862559,191.40173077093058,-559.2327717148291,0.4916564693239862,0.7476851851851853
2721,96.52027725455389,22.49563592037572,113.57427824549825,191.7006046893062,-559.1553617697333,0.488399174670543,0.75
2722,97.26368159002882,21.771272545210934,112.60382190192874,192.06805793997435,-559.1725886548974,0.4853529733879466,0.7523148148148147
2723,96.57593149265473,21.42986771643905,112.693624873236,191.5607762070093,-559.7418797973519,0.4881871633756336,0.7530864197530862
2724,100.49160414619644,19.24223308090893,109.44454184369754,194.51278140735405,-559.8744349933193,0.47197179775520637,0.7610055230669261
2725,97.29196342238244,21.239073696888113,112.16505067333917,192.001702423491,-559.467892833215,0.4852469677404919,0.7538580246913579
2726,93.51239835080706,23.963350249273958,116.52342756373878,190.97698251116435,-560.4759220024022,0.5006881496002582,0.7453703703703702
2727,93.69313501412078,22.355702917895144,115.13399133634498,190.72352631541293,-561.264246938402,0.4999479459162004,0.75
2728,94.92476083174003,23.991133040785087,115.69456772258229,191.2186389363863,-559.3587716709435,0.4949137639774295,0.7453703703703705
2729,97.99443920220952,20.25698964521041,111.04913475840203,192.37856587014286,-559.731590294766,0.4823706819425192,0.7569444444444443
2730,99.23743003209715,19.234706562807276,109.75223036711378,193.30122063765677,-559.9699729178777,0.47723557876540923,0.760423435131037
2731,95.10965735296574,22.39261453012142,114.30962162509245,191.0194435677872,-560.1524378832954,0.4941735602933716,0.75
2732,95.19138995999047,20.78957465435161,112.98309663264905,190.78791154286006,-561.0250406750034,0.4938555433510077,0.7546296296296295
2733,97.83326383494428,20.235488717391718,111.10469273905072,192.24617322741216,-559.8079580336157,0.48303675056828516,0.7569444444444443
2734,99.21539801277625,18.22550949681181,108.95439262097274,193.11527386212276,-560.559805841524,0.4773642565985021,0.7633203378817408
2735,92.89513726512133,23.170669640337337,116.25158212542429,190.87540423342554,-561.4381407678239,0.5032052405696437,0.7476851851851851
2736,92.09920199995722,24.008377917723976,117.36059145958022,191.1598799895044,-561.5988047976822,0.5064625352230869,0.7453703703703702
2737,94.44120743815056,21.56261231611211,114.05125512605616,190.69799189998272,-561.1355851176628,0.49690174463360404,0.7523148148148147
2738,94.7537440679262,20.769281655822567,113.22962906429309,190.64608247917695,-561.3582154617326,0.49563172635305,0.7546296296296295
2739,95.94138314533339,20.03422906701394,111.94007069569858,190.98550000381329,-560.9468997913167,0.4908093420684113,0.7569444444444443
2740,95.82005840040597,19.221772804822535,111.36267391868545,190.7947462019171,-561.4995711249246,0.49131550678989955,0.7592592592592591
2741,96.69121864518137,19.297691346139743,110.93282869924123,191.28288429314355,-560.9155795337862,0.487763140785815,0.7592592592592591
2742,92.27646602980181,22.39138627037954,115.97603460926663,190.85356016113175,-562.3943640285873,0.5057223315390291,0.75
2743,100.05310101056581,15.5501011791834,106.58611728757617,193.47716749318158,-562.0140725187975,0.473971060057432,0.7714221897335927
2744,94.70759048596652,19.160815261206153,111.97528245775449,190.3724164238503,-562.3283711049636,0.4958311658308845,0.7592592592592591
2745,95.53306597015425,18.398631163429968,110.8742460354751,190.53314258020941,-562.1727304210111,0.4924895310033449,0.761574074074074
2746,93.62721380599938,20.21270325284661,113.46479480653748,190.3725978186278,-562.5619985590146,0.5002138652199798,0.7561728395061726
2747,91.69607592708903,21.62211185573068,115.66853579687022,190.8944117431559,-563.3068402397072,0.5080798807984389,0.7523148148148147
2748,90.86491988054368,22.494808789279432,116.76174370516404,191.38355022111983,-563.4436486792243,0.5114967171618579,0.75
2749,92.53325722745672,20.772006295457572,114.54390385210307,190.5382336224726,-563.1260949355895,0.50466304443502,0.7546296296296295
2750,91.03105852951536,21.4076837622967,115.81922466632594,191.1265421064608,-563.9485122499896,0.510790525759185,0.7530864197530862
2751,91.78053069069612,21.080658062293196,115.19333422185272,190.77820269075457,-563.5538163369165,0.5077267850971026,0.7538580246913579
2752,91.36966278176348,19.235382132391805,113.92814244859728,190.62766821526705,-564.9499219080099,0.5093781429538394,0.7592592592592591
2753,100.02067394367785,14.035964462798631,105.38521286445582,193.19837128162334,-562.8932453076771,0.47416407680707134,0.7757675438596481
2754,92.48144060408535,19.16744166920148,113.29318253013552,190.28739975873992,-564.1008313157987,0.5048624839128544,0.7592592592592591
2755,96.37693201828021,15.651783078840253,108.19804555746421,190.50495846928135,-563.2181068007322,0.48909633446227474,0.7696759259259258
2756,96.95578726380458,16.11120054199131,108.25015996064487,190.93523722754998,-562.6194990436558,0.4867331393535098,0.7685185185185184
2757,96.09557434659168,16.56485273672382,109.08524145238896,190.5001832618264,-562.8632822450799,0.4902273999759647,0.766975308641975
2758,99.7549397462138,13.089062350624715,104.69630236451096,192.78655882654766,-563.4617386144969,0.4753039015922491,0.7783666341780371
2759,88.8961047285592,21.931490097777555,116.99554836346643,192.5889135567051,-565.0687931429776,0.5196286520440964,0.7523148148148147
2760,89.46641364977387,22.656151392651395,117.41733081119146,192.26865693600794,-564.3134969884435,0.5172711027846866,0.75
2761,88.0851716291517,22.86038027423359,117.88755856751294,193.4288250928849,-564.930688801573,0.5230454884075153,0.75
2762,90.5386158629496,20.11583123533569,115.00676411220215,191.16743382823992,-565.0664777715994,0.5127949793172584,0.7569444444444443
2763,89.71440032873771,21.015535012542955,116.0328319156767,191.82712068776357,-565.110863173226,0.5162118156806774,0.7546296296296295
2764,99.30762981655545,12.34600528865451,104.23458215912513,192.24208188612764,-563.9533619103804,0.4771755128789803,0.7802956465237162
2765,98.99646638617543,12.85633941359987,104.74579418552686,192.03798333770047,-563.7201020764351,0.4784425911538784,0.7786847520034649
2766,90.04396907877094,18.831636540437557,114.17703753342938,191.25208730100627,-566.1606766483711,0.5147994328753318,0.7608024691358023
2767,91.29095380696559,17.501124084219043,112.58318717281945,190.37792018375623,-566.0190363726048,0.5096741783302033,0.7642746913580245
2768,91.71025075489689,17.067287781506195,112.02981223681095,190.14977169182416,-565.9413213828703,0.5079657601484939,0.765432098765432
2769,99.50631335345491,10.637337164509574,102.80986536680282,192.14978922811102,-564.913256479441,0.47641472025181086,0.7853110786224816
2770,100.06375365475134,8.523675244387277,100.97531385759412,192.3410518278796,-566.0865315568471,0.47419035462153447,0.7916666666666666
2771,96.15026113245102,12.953250631237893,106.1739997257497,189.94316176625284,-564.9258089482277,0.49004860361268576,0.777391975308642
2772,96.89585714821322,13.247377575462224,105.99806064018945,190.4311227195811,-564.3146739396088,0.48702465164301545,0.7767489711934157
2773,96.61073383340779,13.66494628408617,106.48454640569165,190.3194351777267,-564.2331460742345,0.4881769923259546,0.775462962962963
2774,86.31704293219066,21.311881564145494,116.70415981120976,194.85330032211678,-566.3700541930187,0.5304417183806165,0.7553200129954514
2775,83.90188910589838,24.169608678118323,118.84657997479017,197.68385878844813,-565.1880104222745,0.5406627139644087,0.7482943469785572
2776,86.90538391400678,21.826807291504394,117.13521079251807,194.3629797402746,-565.9396369543164,0.5279763083895826,0.753546675330301
2777,86.00600247980012,23.509642354670063,118.44003771196871,195.51603261000815,-565.1579410333698,0.531854101185962,0.7491471734892787
2778,89.54925399458118,17.554276220274062,113.32719932859375,191.37800099680456,-567.2273161307572,0.5168038864334052,0.7646604938271603
2779,88.72926431795979,18.474342840929125,114.27864162854024,192.16030370989316,-567.1698303925673,0.5202207227968242,0.7623456790123455
2780,98.96497789804398,8.74682504133159,101.4780323582401,191.33975612788993,-566.111881176478,0.4786943698221664,0.7905092592592593
2781,96.74609154286223,9.258685121081442,102.89799450411071,189.68674608572317,-566.715268286461,0.48770240022343025,0.7881944444444444
2782,96.55011650880991,10.98023842203304,104.37722692189358,189.84720677698138,-565.8277758032264,0.48846319285059964,0.783179012345679
2783,95.62498446439706,9.564954497355757,103.7775211808505,189.13931496024915,-567.2412773648482,0.4922064154240622,0.7870370370370371
2784,98.00077537796761,8.114612594391474,101.36242048281372,190.40662704056294,-566.7789399891394,0.482641773267597,0.7919238683127572
2785,97.85852086308803,8.988419790851196,102.12367188400265,190.4352771945629,-566.3280911376933,0.48319838502279827,0.7893518518518519
2786,92.73427794219593,12.326618037715207,107.69846125871211,189.13624391598896,-567.8693396495697,0.5037989595260609,0.7789351851851852
2787,93.05299708697932,13.388877464654342,108.36246421597835,189.27453521060124,-566.991644153825,0.5025192918594629,0.7758487654320988
2788,91.77586681742106,13.312801950520793,109.00375068873221,189.51889917686756,-568.0715152046648,0.5076631408933938,0.7762345679012346
2789,96.95882552321143,7.941779962370958,101.73455727898204,189.6094396922131,-567.3630018743985,0.4868674825906281,0.7920524691358024
2790,98.07198752738849,7.677875831182007,100.9825342099781,190.3933099322907,-567.0053453812715,0.48236346738999625,0.7932098765432098
2791,87.74408940153799,15.95056028480343,112.42458009105881,192.60857392791303,-569.0930902496646,0.524229629912971,0.7700617283950617
2792,97.47309981236508,6.974231449198328,100.70137104819335,189.81186804886502,-567.6664422828972,0.48480953243521613,0.7950102880658436
2793,98.17961240599946,7.022930021001969,100.41364312222753,190.37455779977498,-567.3461990100301,0.4819460085735952,0.7951388888888888
2794,89.45721293494883,13.99471752429588,110.51934859778828,190.8646620324787,-569.3545672496515,0.5170977271835236,0.7749485596707819
2795,90.82268287792878,14.327346104578794,110.27029305841167,190.07623765405,-568.2193775858361,0.5115273222607267,0.773533950617284
2796,97.85523113570402,6.041035070919179,99.77541499980659,189.95190343014673,-568.0411237329527,0.48328499901156485,0.7978395061728395
2797,98.64451523527424,6.286118677182856,99.6355075477872,190.65171099859268,-567.6230765427857,0.48007666725451936,0.7974537037037037
2798,87.90321912713272,14.852395428359046,111.53303716235935,192.28267098434162,-569.6673511564211,0.523523438510298,0.7731481481481481
2799,89.24396140758257,13.309249698415101,110.03520291095354,190.9102949054536,-569.8821863547957,0.5179508389612557,0.7770061728395061
2800,88.31268112138909,14.384833248254608,111.10218320138333,191.84395484264533,-569.7570076822822,0.5218150203285886,0.7743055555555556
2801,94.4787120514787,7.902645268193169,103.13838724161438,188.49100565499052,-569.043123380872,0.4968023136543489,0.7916666666666666
2802,93.15261667670829,8.967168649254631,104.7799485655319,188.55105912963023,-569.4803523645058,0.5021071790262046,0.7885802469135803
2803,93.37636640127525,10.302925718658628,105.71384028192097,188.76088248387737,-568.5223949783347,0.501214445825326,0.7847222222222222
2804,92.4767609387794,9.702786993641382,105.75031665334289,188.7526165016342,-569.6030978288795,0.5048122780929997,0.786522633744856
2805,88.92585637760088,12.282874939839985,109.3010409261357,190.99051868737325,-570.6627877500424,0.5192305066278537,0.7800925925925926
2806,89.87047908748585,12.601688464189806,109.27438458385768,190.35043305493284,-569.8983087711993,0.5153747180497005,0.7788065843621399
2807,95.02790681245799,6.584153261698589,101.75687467405953,188.42742213693862,-569.3975691379427,0.49462313654268886,0.7955246913580247
2808,94.81597515801795,7.913692967230929,102.94438571576617,188.57837277341918,-568.7812511535063,0.49545805417549094,0.7916666666666666
2809,94.79736224673557,7.912987492638308,102.95499263182687,188.5729637403885,-568.7955769443995,0.4955322380217948,0.7916666666666666
2810,94.68457059146427,7.9087306045636865,103.01953419359205,188.54164185137802,-568.8827269772389,0.4959818162223123,0.7916666666666666
2811,94.59039106418729,7.90551080127608,103.07375036630636,188.51742103066266,-568.9559079795125,0.49635721057652604,0.7916666666666666
2812,94.7787508294208,7.9122545242404385,102.9656119739557,188.56762267267618,-568.8099185679208,0.49560642186809856,0.7916666666666666
2813,93.21102545642803,8.073102843193965,104.03321282181885,188.4032990729731,-569.9522346285245,0.5018708566456817,0.7911522633744856
2814,95.13383698130781,5.919635373860899,101.16363712396914,188.35526427287235,-569.7063819068171,0.4942056777262879,0.7974537037037037
2815,96.26352623507901,5.5967734933065,100.24571473911807,188.8082612199534,-569.1299731967347,0.48970166252565595,0.798611111111111
2816,96.04988476685173,6.918244275506936,101.4204707342044,188.9104118985631,-568.4971353343575,0.49053658015845797,0.7947530864197531
2817,94.84965589842581,5.370716881473584,100.89655096151036,188.17558793391078,-570.233894915609,0.4953390132076333,0.7989969135802468
2818,96.54550736040154,5.1432668676386015,99.73201236386102,188.90980979535755,-569.2339960470493,0.4885800577342099,0.8000000000000006
2819,96.30233071428684,5.118114060292328,99.84246204530704,188.7519245810912,-569.384469019359,0.48955479612781105,0.8000000000000006
2820,92.00025608078599,7.405313963245192,104.17770859590723,188.4921609834918,-571.3242501081213,0.5067030772564913,0.7932098765432098
2821,94.72538098460346,5.017990597506355,100.69062333132742,188.08594382642121,-570.5329881595037,0.4958363525131652,0.8000000000000006
2822,93.72329039015852,5.002015540448667,101.2808940255258,187.9350693935664,-571.3282929302172,0.49983013449120745,0.8000000000000006
2823,93.68678321694084,5.0024871838681975,101.30268834866929,187.9351392559817,-571.3575855151765,0.4999752051239793,0.8000000000000006
2824,87.49553489474964,10.900438279474258,108.42448407284327,192.01279322644936,-572.124154270143,0.5250736216298035,0.7847222222222222
2825,87.41450113058457,8.503056099139542,106.52018742259686,191.6945201933113,-573.5475944765009,0.5253098721320508,0.7916666666666666
2826,87.59511339999362,8.47328320002714,106.48378031545106,191.5213666000103,-573.5008743100664,0.5245670267365106,0.7916666666666666
2827,87.47918528420558,10.9031653567842,108.4277236300038,192.0285015939438,-572.128307650432,0.5251411530293981,0.7847222222222222
2828,89.45813722392566,8.458382961480424,106.10725323492727,189.9615126465633,-572.5726340181598,0.5169583244294182,0.790895061728395
2829,90.68083969791856,8.581556548556136,105.75300113367959,189.2149706066321,-571.6639331572175,0.512007942628347,0.7901234567901234
2830,89.68610690354333,9.767646038544228,107.07874094422537,190.01417656916206,-571.6672185880216,0.5160655912285397,0.787037037037037
2831,90.24558228237846,7.377937687018118,104.97216306796388,189.26280448757126,-572.6769461979488,0.5137397891711329,0.793724279835391
2832,91.98477328800828,5.053053351236656,102.30224764052487,188.13778389516332,-572.6984894262412,0.5067408759400277,0.8000000000000006
2833,92.08734735691158,5.257805092774845,102.41857615697023,188.11955298441515,-572.501397216365,0.5063320451051635,0.7993827160493827
2834,91.86722376738834,5.059572867401982,102.37037022527015,188.16811126878935,-572.7896643377443,0.5072081944603642,0.8000000000000006
2835,91.84326693886759,5.272530156273376,102.55850512349728,188.1918184644443,-572.6885499147697,0.5073027186545622,0.7993827160493827
2836,91.67195943295322,5.07135291820083,102.48231339849175,188.22592365281264,-572.939386496468,0.507984733299883,0.8000000000000006
2837,84.05614396310429,6.463954637376901,104.74277099992217,194.63624662476025,-575.4489134607251,0.5389665778860147,0.799220272904483
2838,79.33400788641903,7.013904172463299,104.74031757100083,199.37512327654392,-575.8317732418553,0.5579757460193188,0.8000000000000006
2839,83.70278938465995,6.25445366482063,104.54745214102238,194.9493695588329,-575.6291388113485,0.5403763023509418,0.8000000000000006
2840,99.48015533163088,279.0918254045792,316.7969748796337,235.57180761588688,-408.82702545639484,0.4633162345936013,0.011878654970760181
2841,93.81571147874325,278.83337325022495,319.53289840994177,232.32622939684873,-412.12572298395037,0.49920744495607194,0.011145404663923246
2842,97.64062727789207,273.7197801533029,313.269329670221,233.16049175565723,-412.5609185187892,0.4752517937485893,0.026616986138184938
2843,93.50657433995467,276.79766325051327,318.0943512400595,231.9802989493365,-413.55761725771606,0.5011532346219827,0.017011407118619697
2844,99.60046379590064,268.0475457125613,307.96444750915657,233.9290210888797,-415.2518019681106,0.46321172572350916,0.04377504331817193
2845,91.87463694768071,276.95511521670244,319.1384890353013,232.23321404862799,-414.7897455507787,0.5113982765438267,0.016718106995884933
2846,94.48668308218771,272.02309628797303,313.6982556647715,231.32153941649875,-415.55566331222394,0.4950433750546044,0.030796512887156277
2847,97.58163920622388,267.45394321523963,308.30496749396104,232.11137745605333,-416.2368840676946,0.47590790012821776,0.04465494368637647
2848,87.74254629609753,279.11703369210704,322.2981548682167,235.19731792413407,-416.2258816928896,0.5376918565200984,0.01187865497076043
2849,99.84017630226761,262.6678461578789,303.60968317130136,233.29489053398518,-418.3553996604776,0.4620741353920831,0.059393274853801185
2850,97.83257538697454,264.94069136936014,306.18324006471664,231.8985191878896,-417.58907364492586,0.4744595333316912,0.05198744675474701
2851,97.84199418840136,264.0258993084231,305.45015717691774,231.7588328313747,-418.1179841177656,0.4744461467489004,0.05462714785936042
2852,89.63052721928568,273.7333160974376,317.55205665884813,232.83339139652261,-418.3214612692706,0.5254327301020463,0.026616986138185274
2853,99.04655570001978,257.68391386022756,299.90190705303996,231.7629486989509,-421.41516430497245,0.46728399943003185,0.07339722763699374
2854,99.50259970683338,256.13599871481426,298.5147145619409,231.9332224869418,-422.2204770502177,0.4645714538134629,0.07806069958847736
2855,99.00987691249422,256.6824586689649,299.1180281285448,231.56955233390167,-422.0083420408147,0.46756868468121593,0.07626705653021446
2856,89.71981235970404,267.9211667903431,312.8828306822735,231.8414972916084,-421.63715809659,0.5246003670490066,0.04333509313407011
2857,94.71162645946329,260.7291147044477,304.5599856992903,229.54393575333904,-421.9493319205746,0.4938056470153276,0.0633528265107215
2858,93.66544213024572,260.71069949300534,305.17564275605207,229.37700249572234,-422.77896353461057,0.5001559653148137,0.06335282651072154
2859,93.66151490493378,262.08559439144835,306.2733128275441,229.59974623722627,-421.9828021540677,0.5001760451889997,0.05939327485380144
2860,99.62553885983858,254.78637952981862,297.40165057799965,231.8318844750949,-422.98663904584487,0.4639045096505933,0.08200671431665582
2861,94.67819210855106,259.9808851096109,303.9837459508857,229.41404088236038,-422.4097062192672,0.49401916095371556,0.06550519818063702
2862,87.70593563623669,269.1277560019858,314.31967505236986,233.64539412681174,-422.03288385192957,0.5373143902307694,0.0406953920294568
2863,97.6444783444618,255.03848174941817,298.38371565977246,230.16158008260524,-423.4373131507881,0.47609814627742497,0.08045222366616137
2864,92.83517503451066,260.8502385560121,305.7721257638062,229.42683027045453,-423.37192803814764,0.5051966901450928,0.06298958558948844
2865,89.48212025283081,265.40755574809435,310.9547346448341,231.60390540053152,-423.2499214931879,0.5259743639411405,0.05066759620244067
2866,90.81169051571432,263.38360299299467,308.8328732664387,230.46716961376177,-423.5033209210226,0.517629535626565,0.05606206230597107
2867,97.60491473882135,254.03757058972565,297.60498859558857,229.97103473091144,-424.03737898105345,0.47638283152860905,0.08332205255938206
2868,93.60763672290479,258.2624273642848,303.257690207815,228.977231739784,-424.24843315715754,0.5005030210962252,0.07040782253988909
2869,92.60403999345013,258.075260751022,303.6904791263097,229.0092555892558,-425.1722937304335,0.5065598533619587,0.0710057035593101
2870,93.18583795636694,255.569279345017,301.35949390331336,228.5420236877974,-426.15598670240814,0.5030380209569281,0.07818027579236182
2871,89.28281266210568,264.2493849894201,310.0906868530666,231.5632448804429,-424.04557774002006,0.5271650530128872,0.05408228647751108
2872,97.56582031850039,253.0368328833635,296.82642865571813,229.7805104483379,-424.6376691716093,0.47666751677979297,0.08619188145260276
2873,91.18280262286304,261.1980889736709,306.9200879881134,229.9407902676287,-424.49207016049445,0.5152781398056514,0.06226310374702225
2874,94.87358292259002,254.81460448920475,299.7467274299978,228.6299376159435,-425.26606832867645,0.4929107759605383,0.08041236493153342
2875,94.02893970504344,255.17938525211008,300.54736026341277,228.5120224177194,-425.70424419881755,0.49797439845873326,0.07929632036194761
2876,90.67314281423945,260.3099969201684,306.44160385448606,230.04258714967668,-425.39133582322796,0.5183706827113899,0.06495732859240046
2877,94.0123771650832,255.64936584695477,300.9325224444519,228.58615378202816,-425.44450982474024,0.49807516073084024,0.0779411233845934
2878,91.68846406978483,258.456662808086,304.4851856075263,229.30112708390007,-425.688614352318,0.5121096856555517,0.07004909392823658
2879,91.5365519982483,255.47918494017404,302.18832582223666,228.8740819269489,-427.5398143247701,0.5129637414091038,0.07865858060789867
2880,94.82829924868174,253.8168097908802,298.97831098035397,228.45524523519376,-425.8797898102999,0.4931954612117224,0.08328219382475412
2881,95.26905324588874,253.17299748727612,298.2008447332315,228.4946724259602,-425.9305073493227,0.490562887690518,0.08519541308690123
2882,96.86914063219106,250.05160975918642,294.80169031810453,228.8107058466773,-426.72453908834416,0.48102580337323875,0.0945622157244965
2883,96.02716289059114,250.84448785858478,295.89990928975874,228.45003653172105,-426.7664852446676,0.4860686356946911,0.09205111544292842
2884,92.35989559954453,255.51226731628032,301.78315412906477,228.63982672036025,-426.86119804656005,0.5080008811830159,0.07841942820013025
2885,94.98029794526927,251.99597704426037,297.4353672466192,228.20608989479817,-426.82368650796843,0.49230620232789624,0.08854354679565872
2886,88.73567042051371,260.4920750587906,307.2331897331476,231.38639754233708,-426.5387274652455,0.530380234422303,0.06513293264024304
2887,97.86554186722735,247.4735628429615,292.2520752666186,229.11627058247348,-427.74705629923614,0.47509371216796015,0.10233466897696916
2888,97.705640474871,249.2781968226749,293.76463791620336,229.28192460525295,-426.7633925239807,0.47598297105178633,0.09707331600606456
2889,96.58599000678983,248.86077331691536,294.0047386304834,228.44121726868494,-427.5764487380518,0.48276911801061706,0.09791034943325398
2890,90.80192334291424,256.3168714377648,303.20107787397006,229.33231063580666,-427.616277078522,0.5174462590281727,0.07642649146872704
2891,88.5345294529565,259.33711078954605,306.3554444669074,231.3672900835618,-427.3156975010269,0.5315709234940496,0.06854762291531344
2892,90.62435538321417,255.89180056730152,302.9387752134433,229.35655701437818,-427.9942122312978,0.5185135737026968,0.07770197097682513
2893,90.74950085899009,255.32587580336144,302.43367866995806,229.1992438335873,-428.2308335471454,0.5177309442793567,0.07929632036194774
2894,96.26195016642026,248.12500473893198,293.5981464312232,228.1351248524098,-428.1985845161834,0.48473474736895183,0.09994314489928532
2895,93.7980601397104,251.16462575444018,297.48491373743593,227.83748175423955,-428.21957517102885,0.4993562443611684,0.09085535340408654
2896,93.62772499006643,250.08508030387796,296.72627320343287,227.65195629070175,-428.9836004163646,0.5003702443054496,0.09396433470507565
2897,88.82746925830516,256.78054507353943,304.24842655202133,230.7192644562499,-428.6408684817518,0.5296132382898827,0.07578875171467808
2898,91.31700805213592,252.7847785990439,300.1465760760165,228.52406581531116,-429.27616769082135,0.514209111874326,0.08647089259499946
2899,100.00526225319645,240.78202193986016,286.14240477535355,229.9504029724942,-431.10311701060834,0.46249994083851564,0.12254304743339815
2900,89.43948542002717,253.29277490533815,301.2985526652012,229.6901883039314,-430.3071864594333,0.5256467764429391,0.0855940004331821
2901,92.275344909909,249.20788690909217,296.80167759124816,227.6368059842688,-430.59242530795194,0.508392705929518,0.09659501119052799
2902,89.63290900172936,252.60343719015427,300.68755966818566,229.44137536213944,-430.58534444360066,0.5244253847660647,0.08750721969532922
2903,87.37925029459906,255.67798212951357,303.60841872543665,231.79879372086046,-429.959246447056,0.5384599096907763,0.0796151902389724
2904,93.08489474721736,247.26924666436403,294.80079683608506,227.20203378406217,-431.0602136540317,0.5035756323430256,0.10209551656920095
2905,93.08190472783399,245.775112796111,293.6109529745919,226.95992563004455,-431.93051517380167,0.5035790763570289,0.10640025990903201
2906,97.91261949968373,241.21212937138878,287.24251595212303,228.14725840258603,-431.3715901959599,0.47509391711109883,0.12039067576348272
2907,90.66815615270166,250.15965256364856,298.3479921803668,228.40763900956162,-431.2906950800745,0.5180337411305097,0.09420348711284414
2908,93.88033499188633,245.76866456815642,293.1342290599913,226.9696513231512,-431.289632131559,0.4988796641354131,0.106400259909032
2909,87.32110207052084,254.69188572001158,302.82558803849565,231.694325476625,-430.5526959523369,0.5387445949419604,0.08248501913219311
2910,96.28373939693921,241.90131930829529,288.6248191559617,227.1411438976108,-431.8036239541837,0.4847906115079081,0.11787957548191468
2911,96.28807567312285,240.9055688712282,287.82854055680644,226.98272659105993,-432.37968815282727,0.4847929075172438,0.12074940437513539
2912,92.28458574417614,245.80329717379738,294.0824839923073,227.08318787872363,-432.56271794675246,0.5082784885786448,0.10640025990903204
2913,89.09742072933824,250.22712263975285,298.94883797151965,229.45476945472535,-432.29043274461594,0.5275948042361369,0.09456221572449681
2914,96.29273990005525,239.9099502111605,287.03226224958644,226.824307543994,-432.955752766114,0.4847952035265794,0.12361923326835607
2915,97.10461860339589,237.0042228531239,284.2796624104842,226.8636329206606,-434.1884345720787,0.48010267933297035,0.13222871994801813
2916,93.07401435866736,241.29221011792603,290.0414337363386,226.23360721212376,-434.5414362502321,0.5035894083990393,0.11931448992852514
2917,88.7561735377116,247.16499059620855,296.587269649446,229.2373380313598,-434.2575167042743,0.5295428320293347,0.10353043101581147
2918,94.68974648660485,238.31500745532534,286.7031654289669,225.90581667428086,-434.99162279573784,0.4941974719838145,0.12792397660818716
2919,94.69230706735793,236.82118761695142,285.51057317215304,225.6642308614835,-435.8582235522337,0.49420091599781785,0.13222871994801821
2920,95.50248900466454,236.86139494288307,285.05799329432256,225.945103596473,-435.2463249612773,0.48950150377620205,0.1322287199480182
2921,93.06902400464455,238.3041920229496,287.6617645298293,225.749399983659,-436.2820640614348,0.5035962964270461,0.12792397660818722
2922,93.06680411119474,236.81031079792805,286.4719330114113,225.50729788848145,-437.15238209390185,0.5035997404410495,0.13222871994801827
2923,96.48660215047383,233.95169863485094,282.1745374348831,225.97303567072643,-436.30327050993714,0.4838349633794904,0.14083820662768026
2924,93.8796771927952,236.80378927094296,285.9867203663292,225.51562264939153,-436.500107368925,0.49890032821943364,0.13222871994801824
2925,94.7788114306385,235.33034920045057,284.26961056835376,225.44589424876372,-436.6595130324528,0.4937173519102699,0.13653346328784927
2926,89.88682123496672,241.5326429215204,291.76887834789943,227.485531121547,-436.84726426979057,0.5223870572855026,0.11931448992852527
2927,96.54690876588317,232.96148964486432,281.3520164108043,225.8492394425541,-436.84361988076023,0.48351258732112506,0.14370803552090095
2928,91.45441665246511,238.3855895643901,288.59735404705873,226.13922797984736,-437.5345934189481,0.5129951208702778,0.12792397660818727
2929,91.44758314495452,236.89226575257348,287.4098658561588,225.90032603071347,-438.4080201674117,0.5129985648842812,0.13222871994801833
2930,96.60731094608445,231.9713026631179,280.5297302693137,225.72620838410654,-437.384275169864,0.48319021126275985,0.14657786441412168
2931,89.87924846092477,240.53754650535794,290.9776355431553,227.3301767401312,-437.4300578503396,0.5223893532948383,0.12218431882174595
2932,92.25512783084733,236.8402685068346,286.9513350038894,225.63764911759534,-437.7950734968451,0.5082991526626653,0.1322287199480183
2933,93.14880563159451,235.31448258096322,285.23168795291286,225.25944066387643,-437.95501350775453,0.5031161763535016,0.13653346328784932
2934,89.87178291926683,239.54250354273955,290.1863925755675,227.1748244766532,-438.0128511849297,0.5223916493041738,0.12505414771496665
2935,88.18274586927133,241.7736262584039,292.394351364507,228.8538094190389,-437.6704581299411,0.5327030083338711,0.11931448992852532
2936,90.6467016423458,236.96470677986304,287.8327845209649,226.2881336558177,-438.97150085208204,0.5176979771058969,0.13222871994801835
2937,97.85492817500165,227.72307827417453,276.5181298289705,225.92932694579233,-439.2443336726257,0.476039030732741,0.15923940509710482
2938,91.52432208276494,235.3924592797597,286.1761833843017,225.62800318915382,-439.21978512226036,0.5125150007967333,0.13653346328784938
2939,89.0778512210397,238.1544426009083,289.3177633375416,227.52981851739122,-439.3072579344016,0.527094505539793,0.1293588910547977
2940,93.26869701075206,232.07504087797838,282.578681745369,224.7288246793227,-439.7399225572387,0.5024069642583849,0.1458604071908166
2941,89.06946943250968,237.1597260340096,288.52613281999857,227.37668398608298,-439.88950200904094,0.5270968015491286,0.1322287199480184
2942,97.42201360035432,226.00754175719646,275.35455135924644,225.31850540476876,-440.4287041416755,0.4786479218173328,0.16402245325247267
2943,94.17868844964555,229.50163209928587,279.9859584158966,224.36965872515668,-440.5074602755632,0.4972132573138959,0.15327413183163668
2944,89.9724288607702,234.55055721997783,286.16921251692776,226.30399468873904,-440.84607814896253,0.5215914491815996,0.13940329218107014
2945,90.02044962858737,233.54869441187734,285.3531355480312,226.11127950562906,-441.39597018381426,0.5212690731232343,0.14227312107429085
2946,90.06876703503745,232.54681944364972,284.53679903042826,225.91872994858227,-441.94551124456626,0.5209466970648691,0.14514294996751154
2947,92.83901506171152,228.18288844587602,279.7238838676867,224.13030634938096,-442.35067863394136,0.5048282066343588,0.157100570355931
2948,96.41530552087782,222.02895295928596,272.71013649192054,224.0024014825581,-443.27711626647266,0.48460731649665045,0.17516785791639589
2949,86.76210267261534,233.6591775053979,286.06059151673855,228.85238202744492,-442.93617268943296,0.540624356671861,0.14336284383799036
2950,87.68950882792814,231.40110227350286,284.18148743857205,227.6325092855613,-443.9047304444678,0.5350489861896572,0.14943415637860108
2951,95.73816000277958,220.33768546043433,271.74667022725356,223.37317176354134,-444.68932424561706,0.48849571120884994,0.17987870911847514
2952,94.25404200420441,220.26823924844922,272.57865988681726,222.88510054499363,-445.81383231533977,0.4968341749729269,0.1798787091184752
2953,94.92602509335416,218.76172417700147,270.9721240770798,222.80370193430082,-446.1788868608628,0.4930890027956547,0.18428272326907802
2954,92.1025607819767,221.83650135266527,275.07131908093146,223.24516377471656,-446.6362417974657,0.508917810914276,0.17547469496787238
2955,101.67559821348317,210.85450520496914,261.95363449679735,226.7771190663672,-448.50787783417,0.4549963221646385,0.20959226770630254
2956,86.3761338538062,229.6520503334696,282.8697732067862,228.58104613784798,-445.37549674967266,0.5425938072225949,0.15509936105696376
2957,92.76495538426862,220.27798658882207,273.4645032731614,222.85834454077306,-447.00482551671007,0.5051726387370039,0.17987870911847523
2958,95.0677073255241,216.0934813243913,268.7592134164754,222.41719812196493,-447.6253258396557,0.4923302270511507,0.19198974803263302
2959,91.28461455035084,220.3654796520995,274.31087112752704,223.29245020816884,-448.1368669549429,0.5135111025010808,0.17987870911847526
2960,93.37546722144175,217.58916726069333,270.9679481882913,222.37755037108553,-448.07122727963383,0.5017455113383065,0.18758573388203018
2961,95.58392604967115,214.5945526578285,267.2577156565136,222.37411504715897,-448.13107076618786,0.48947450542527626,0.19639376218323584
2962,95.16511117042053,215.04761217677537,267.86689302626485,222.28152481763408,-448.1624991992895,0.49180182276551737,0.1950175077611725
2963,93.25515645330998,216.53984156038342,270.202101348268,222.21010775938487,-448.77879840774017,0.5024122724422948,0.19061349361056973
2964,95.54836816151146,213.82794410794153,266.6672724219272,222.23462858693853,-448.6009162521506,0.48968653527765943,0.19859576925853728
2965,97.47058237851564,211.33862428521115,263.6398598341623,222.98487285426634,-448.93805735672413,0.47894940510375794,0.20630279402209226
2966,98.74301487950368,209.74114604412836,261.8263994517765,223.79015171265368,-449.42214018525016,0.4716900056776332,0.2114197530864196
2967,93.22165210315454,214.5337818801355,268.62304118585564,221.88615990496214,-449.97242745207376,0.5025936307478392,0.1963937621832359
2968,95.8301653473775,211.42735083917415,264.58946346001164,221.9738201066856,-449.80678002529703,0.48817144225644565,0.20556879166365852
2969,100.84412718614522,205.83891470365052,258.11483832042205,225.15122031919162,-451.4198880801241,0.4599926876650948,0.22364359974009074
2970,95.72039272295096,211.16432506748367,264.4438174757108,221.87932412409467,-450.03278383146005,0.48878874909568015,0.20630279402209228
2971,93.31591061041105,213.4813870128133,267.7285971436792,221.7123847841528,-450.50723365821005,0.502065226462206,0.19942152191177537
2972,91.24733300661111,215.40069294453826,270.3713026317079,222.50614138941825,-451.0526467540788,0.5136106888480578,0.19419175510793457
2973,93.25728741899769,212.33572209269062,266.8494719058606,221.5282852726005,-451.2204703529748,0.5023832712407807,0.2027245325247275
2974,98.44807784942856,206.31392013133808,259.20626818742187,222.9733438420185,-451.4953367289392,0.4735741422605075,0.22116634178037675
2975,93.93843565042998,211.091379251581,265.4528541798231,221.35179776157267,-451.3957631549517,0.4986280930876025,0.20630279402209234
2976,93.04508149963816,211.09787052606262,265.9861282956144,221.33974647325627,-452.1126843565087,0.5035477650835636,0.20630279402209234
2977,96.62188016748713,207.8031308824178,261.2558310028227,221.82641894898202,-451.42603894143923,0.4838491952323407,0.21621182586094861
2978,89.14129836697131,216.314178172673,271.8757956287485,223.9649571563064,-451.95220211859987,0.5256687745835424,0.1922649989170459
2979,96.6289250749632,206.65740543449976,260.33853930958963,221.6455355593994,-452.08793545317536,0.48384256794321456,0.2195148364739008
2980,92.1837659081604,211.70491987782034,266.95096166248186,221.58250672865313,-452.4601486942698,0.5083084146902374,0.20465128871561633
2981,89.10962693406452,215.74563762722835,271.4302273388443,223.89844071916065,-452.30042181531263,0.5258277969728298,0.19391650422352197
2982,92.15330514866177,211.13332746366626,266.51150305871533,221.49769197177278,-452.8168143307611,0.5084674370795247,0.20630279402209242
2983,96.63646632496834,205.51153617944414,259.42124708331994,221.46465850916104,-452.7498311674002,0.4838359406540885,0.2228178470868529
2984,94.99242320392614,207.20412488420618,261.71735484137054,220.95170127040078,-452.8460959575558,0.4928658325211336,0.2175880802830121
2985,93.04471379433473,209.37832765998195,264.6151942834794,221.0608895559805,-453.1123506154653,0.5035378241498744,0.21125730994152053
2986,90.39180881296416,211.28142782460253,267.45630700036304,222.28360366317142,-454.0766638267861,0.518306781071447,0.20630279402209245
2987,86.7698542756425,215.98580554281799,271.9451653301192,226.01016063869275,-453.18012747163857,0.539361218698821,0.19429102591870656
2988,88.7409821072422,212.6473255560905,269.04205311353735,223.69993186892228,-454.2974305302585,0.5278280802847946,0.20299978340914032
2989,97.7484837909171,201.630251259938,255.7704968140713,221.6313857077902,-454.4645346275311,0.47775769168959464,0.23437838423218538
2990,86.34469956614981,215.48362417320794,271.5567838446473,226.3350829097647,-453.6002057823991,0.5417317055066851,0.1959425312251826
2991,98.54517072212099,199.89563018962622,254.05436459756024,222.02160376006466,-455.2019467978276,0.47333238783313175,0.23969990133083044
2992,93.04444007306068,205.9390121269039,261.87330578173555,220.50316887643956,-455.1116556973901,0.5035179422824961,0.22116634178037706
2993,88.67657420155504,211.5107834206529,268.14795204998677,223.57100526009987,-454.98983288981657,0.5281461250633692,0.2063027940220925
2994,98.52062343830144,199.54158369743232,253.78171233629843,221.9423111963855,-455.4147572906834,0.47349151085463037,0.24070915457367692
2995,91.10537543953957,206.71932198566319,263.51526615737527,221.16498237345996,-456.20617078789115,0.5141810975257355,0.2192395855894883
2996,89.50868205054464,208.5250930070695,265.56213348992173,222.4288137692905,-456.26013154207976,0.5232098848445929,0.21456032055447274
2997,94.2507268768759,201.5738778830913,257.6767779930343,219.85280074807343,-456.68149992284015,0.4969633746481503,0.23373613216855588
2998,89.50159636488752,207.3797525337868,264.65075697818827,222.24925602068808,-456.92996162418814,0.5232032575554667,0.21786333116742496
2999,94.15632919459118,201.0943503623501,257.35154032722176,219.7593815539016,-457.0340898743231,0.4974770279555667,0.23511238659061928
3000,93.95456938134093,200.77294583117924,257.216963670751,219.6801062405787,-457.37991629640436,0.4985684474854674,0.2360298895386616
3001,97.46725883622042,196.81666792929076,252.0662586272824,220.6335383917087,-457.3839066716586,0.4795219316209417,0.24814092845281932
3002,96.65637196237212,197.64743253836522,253.14170764402243,220.203552534129,-457.31038569509093,0.4839611221722664,0.24548016990349675
3003,89.49448537784635,206.23429088185068,263.7393810170569,222.06969141582206,-457.59979253402736,0.5231966302663406,0.22116634178037714
3004,94.70171443831451,199.07094162732528,255.40914143898266,219.5466939632218,-457.7905066910811,0.4945494265201411,0.24098440545808975
3005,98.09952558358975,194.9900781478833,250.32388929201102,220.8441195610752,-458.1934900362678,0.47607103386442684,0.25364594614107283
3006,91.86543312100592,201.787661545736,259.2118436692693,220.06672620540235,-458.47917928936965,0.5098908688497981,0.2332773806945349
3007,95.01622278209842,197.98559382035302,254.353988913909,219.46478683824307,-458.18698620654834,0.4928614254089327,0.24414979062883557
3008,91.98502292934465,201.3023178324963,258.7626914346605,219.9512868176328,-458.66549879172555,0.5092304981805191,0.23465363511659829
3009,92.13493341728615,200.81573790153047,258.29556086297515,219.83035897263954,-458.8277240178537,0.5084077914773897,0.2360298895386617
3010,98.26826904420147,193.0559811009261,248.7116410821881,220.675527082795,-459.26167053176056,0.4752061468484006,0.25928858927153275
3011,89.87784177390058,202.36303305665092,260.53156487493635,221.1717758556866,-459.60803487490625,0.5208853045018648,0.23217637715688424
3012,98.32847456299552,191.91852716141483,247.7803729513318,220.5440119481613,-459.9041501993717,0.47491713031742616,0.2625915998844849
3013,95.69019913984873,194.1564189851753,250.90101757971823,219.1102964274374,-459.9376238744023,0.4892879415209476,0.255297451447549
3014,94.90919573350915,193.1547762768273,250.56833169549776,218.64729359091655,-461.07347202301526,0.4935008997191382,0.2580499602916758
3015,91.31628562546118,199.1530429227043,257.384148871481,219.84500211889554,-460.4412750185148,0.5128305144381103,0.24098440545808983
3016,98.38929009082821,190.7811047211219,246.84951974031702,220.41303764335532,-460.54718063980266,0.47462811378645164,0.26589461049743707
3017,99.45975505631344,189.46753865934326,245.43825653672738,221.1815864747074,-461.08497577481245,0.4686875441331062,0.2701609992058336
3018,96.03476013296257,192.84479237649396,249.6575930786826,219.06618003198795,-460.47483776159197,0.487466153799032,0.25915096382932645
3019,92.0690663386684,196.5515435727421,254.93177405637923,219.15750445455404,-461.35942391444513,0.5087030432728683,0.248324429042428
3020,92.26172907779868,195.29881230682702,253.8299982438808,218.90428016842878,-461.931991319276,0.5076476411464232,0.2519026905397928
3021,93.20277215376748,193.8965277953164,252.18169831889998,218.5403079536884,-461.98167684568705,0.5026011880211266,0.25584795321637444
3022,95.12864612287807,191.541079326806,249.15005876249768,218.4581953874473,-461.85065420028224,0.49234915874903495,0.2627292253266913
3023,95.21480612916977,190.74936852815705,248.4674985100012,218.3608862007203,-462.2487165658045,0.49190101919656176,0.26502298269679697
3024,89.40734189070312,196.78781515078936,256.23117827676776,220.60902408773882,-463.1399454287721,0.5232935990988314,0.2484161793372323
3025,97.30668676525798,186.9557916023092,244.28386978297888,218.91801759592408,-463.1896229472864,0.4807527108195236,0.2764917695473252
3026,97.7606745972084,186.15365340060268,243.42977112897552,219.13665006427635,-463.45822173414393,0.4783090457676248,0.2789690275070392
3027,92.46366200826559,191.8178465206996,250.94465122697255,218.29541421219372,-463.7916991603417,0.5065251296883427,0.26190347267345343
3028,89.17901600903383,195.86460724278652,255.55614482227992,220.63648071226984,-463.80937680268863,0.5245373537587981,0.2511686881813591
3029,92.49863711857317,191.05218681961952,250.3150007566187,218.16443642398633,-464.2087378857587,0.5063324520010264,0.26410547974875487
3030,95.1858074016091,187.62663040724,245.99575055835615,217.84377245965695,-464.08489943221076,0.49210398648609466,0.27401451158761114
3031,97.85204902611886,184.44648897126285,242.02753156931158,218.933940884255,-464.4148368699752,0.47787552097116287,0.2839235434264675
3032,95.24335646232932,186.48365319161258,245.04981266902377,217.67967503486014,-464.70807830078377,0.4918149699551201,0.27731752220056327
3033,94.3988954787448,186.4480644661727,245.53003119650668,217.42830436775296,-465.3567484037273,0.4962687752624561,0.2773175222005633
3034,94.83626193596591,186.17588547845793,245.04962968557822,217.49375436950527,-465.1833357438051,0.4939696184760445,0.27814327485380136
3035,90.9468362334178,190.71398210396853,250.82673183252646,218.65011927101966,-465.62631237711776,0.5146328000417265,0.26538998387601404
3036,93.3536816750664,187.6829005152524,247.1405625008779,217.52796001963787,-465.469956652998,0.5017779826962372,0.27373926070319854
3037,91.27936407000146,189.3462808934476,249.5844265372644,218.27296609533008,-466.1692892274689,0.5128110123198109,0.26924349625779154
3038,91.26618361790182,187.5005996408011,248.11895651747272,217.97970058870263,-467.25235326736777,0.5128402418318336,0.2745650133564367
3039,94.9221947604894,184.4597339349973,243.62978640279323,217.24155768544924,-466.11692274787816,0.4935360936795826,0.28309779077322955
3040,93.2322536618296,186.28346410109233,246.09618600101598,217.30452209806543,-466.3821406259583,0.5024144747822319,0.27777627367458446
3041,96.93560487541139,181.6485447861777,240.24113261355905,217.79533566925866,-466.45838192419626,0.4829271139014344,0.29165538589271545
3042,94.96550421892941,183.60177784953018,242.91987925202326,217.11608363001653,-466.5837277436187,0.49331933128135175,0.28557504873294365
3043,93.6919716234946,183.5716454120705,243.66383105686702,216.86811363074287,-467.5868349746852,0.5000000392423558,0.2855750487329437
3044,93.17083663709107,185.58387200600947,245.57411076130467,217.19403197261397,-466.8383687945391,0.5027327208252292,0.2797947801602775
3045,92.06696471813288,186.1690302335499,246.65639841034573,217.4755559962395,-467.3957758359598,0.5085601743020077,0.27823502514860565
3046,97.97981090654977,179.9952775827057,238.42380517914538,218.31761086703702,-466.9544592443595,0.4773598530432608,0.29679603458234066
3047,90.52397090805376,187.69980580871768,248.60216097697315,218.390208733198,-467.6862948547203,0.5168312928306851,0.2741980121772198
3048,89.79039210323874,187.91474606928583,249.0399215254206,218.89484789337314,-468.0579521624205,0.5208223438295364,0.2738310109980029
3049,92.81494314333887,184.15944977040746,244.6442305216273,216.9960622083767,-467.95668964606267,0.5045983528151792,0.28392354342646764
3050,91.14128596924024,186.1102698059052,247.06872432079604,217.81089431121285,-468.15596807807304,0.5134767339178283,0.2786020263278226
3051,90.2265867637507,186.07757224920118,247.42397607902976,218.30793693798927,-468.8373798959049,0.518393293533649,0.27896902750703956
3052,92.68186887074506,183.62759099649224,244.29547795274348,216.92889575705271,-468.3742898473819,0.5052924834603569,0.2854690094578011
3053,88.09607284252911,189.5342140599619,250.70717596751106,220.53454205591797,-468.017430083469,0.530322602262169,0.2698857483214212
3054,93.69140158506308,182.4204517024484,242.74602895687931,216.68140474707917,-468.2558761108627,0.5000000365171922,0.28889159627463745
3055,88.25196776141448,188.84052354441633,250.13263620041937,220.2833317578048,-468.3523712190536,0.5294117084012112,0.27181250451231
3056,89.38702913774463,186.758487215229,248.23958064635764,219.00289455210986,-468.978485263918,0.5229916071064723,0.2773175222005635
3057,90.44185069413098,184.24028689654784,245.8772575232277,217.87910315108476,-469.7560938167196,0.5171787662055745,0.2841912737949128
3058,89.70166374194048,183.99729934268862,245.94522928336795,218.32491751002883,-470.39157883162545,0.5211698161143604,0.28515089163237345
3059,89.5065364527714,185.45351714045609,247.16543912482157,218.7025697860102,-469.66549770137885,0.5222880045987768,0.2810296488821509
3060,89.27927188839922,185.6640005870202,247.3960652975774,218.90891074474402,-469.67767581519485,0.5235412294861629,0.28051449353837304
3061,95.3311611078847,177.44304686790616,237.7910922400917,216.24774102024148,-469.89935477961006,0.4914885236044439,0.30337385387336663
3062,88.88951000455998,184.11132983945114,246.25135255228577,218.97032330263949,-470.79478228537306,0.5256236214216965,0.2851508916323735
3063,88.8356289965048,183.56482146483114,245.82682230960424,218.92691315507176,-471.14060518538764,0.5258984326115417,0.28674937730127825
3064,89.18512902618785,182.95839494493828,245.26305851108418,218.5451742068469,-471.3036123204505,0.523946341147719,0.288347862970183
3065,94.5336608843487,175.29641955438274,236.55844490908257,215.64963537337246,-471.7340270294591,0.4956460509519493,0.30945419103313854
3066,93.69031940286038,175.28312439164512,237.0556559607238,215.52380978773718,-472.4039311855834,0.500000019621178,0.30945419103313854
3067,95.37846457713886,173.95405519652127,234.9809551715335,215.70104324048276,-471.89339734911647,0.4912920790125245,0.313434048083171
3068,88.85461070986871,181.72279128967,244.35409879084193,218.61270704271755,-472.2003989274871,0.5257057523807394,0.29204682874882715
3069,92.04955267822015,177.4432543465279,239.70869801163778,216.0655554746767,-472.47911448298373,0.5085115256301784,0.30337385387336674
3070,92.84692994000059,175.2965349980867,237.55911794291552,215.55456506674258,-473.08023488776234,0.5043539882904067,0.30945419103313854
3071,93.69020551803376,173.9016550647063,235.95429344959908,215.29975917314178,-473.2067805603201,0.5000000163509818,0.313434048083171
3072,92.00193931826523,173.9541275877896,236.9522025178628,215.5137600777572,-474.5453212100451,0.5087079536894391,0.313434048083171
3073,94.73405644151303,169.7775462807915,232.0371806148999,214.80589213723258,-474.7890892241339,0.494658769606518,0.32537361923326835
3074,93.69023206872949,169.75723407356347,232.6502059233226,214.62760737084704,-475.6153286935393,0.500000006540393,0.32537361923326835
3075,95.65278379373504,168.67630057720558,230.61156822731027,214.96272885176825,-474.77119584456483,0.4899595317724101,0.32869016677496204
3076,95.60692158352553,167.75243126717214,229.90130316668808,214.7926110198109,-475.3389207754539,0.4902077339229942,0.33134340480831703
3077,92.64642066498548,169.7775533392679,233.2727805861614,214.68850086923047,-476.4513448788772,0.5053412434742681,0.32537361923326835
3078,97.71720908418112,164.33015229251657,226.05304596026014,215.56813338400906,-476.15987969267024,0.47935026409305553,0.34182098765432095
3079,97.06011388098578,162.90938008046007,225.23812854016532,214.84545184745724,-477.2843070377886,0.48282549023780863,0.345679012345679
3080,95.5636776404377,166.25451639857067,228.73314466088024,214.53076238778274,-476.238621739824,0.4904550117755754,0.33564814814814814
3081,95.93352872684704,165.74568578912556,228.1127872439959,214.6224561436917,-476.28783715503585,0.4885690310105913,0.3371913580246913
3082,97.85922524430788,163.54583918249952,225.36379057466831,215.55509093719743,-476.5599308090669,0.47863315357878533,0.3441358024691358
3083,95.71502267300683,164.92548305654142,227.58566794317028,214.38325409078615,-476.9087053422163,0.4897065166539165,0.3395061728395061
3084,95.60121990300162,163.84638397311124,226.79174845539237,214.15653148899355,-477.61291244794586,0.4903066440829678,0.34259259259259256
3085,97.78093113708826,162.46393651663962,224.53635643733978,215.31627255895427,-477.21924596445905,0.479084913315229,0.3472222222222222
3086,91.72771250593154,168.6763360429254,232.8862905282498,214.74661036891095,-477.8313853394218,0.5100404758580486,0.3286901667749621
3087,96.33377738694487,163.36963375942727,225.9924484180008,214.45392003277618,-477.4189830274615,0.4865660671603882,0.3441358024691358
3088,91.77340313246583,167.75238790834473,232.1266018469163,214.58118800804468,-478.33262055467014,0.5097922693472028,0.33134340480831703
3089,94.64724098734172,163.7964390466898,227.3219623737185,213.81297874260707,-478.32995949614303,0.4951533220414841,0.34259259259259256
3090,93.68995435803791,163.77921495677515,227.88512822687517,213.65824560590835,-479.0888823301085,0.5000000000000003,0.34259259259259256
3091,95.86426899494957,162.52607713136302,225.58637113183642,214.06553312885367,-478.2044499556577,0.48898940613964637,0.3464506172839506
3092,91.81662467315327,166.2541150291715,230.91084353216402,214.32386164393756,-479.16828538088885,0.5095449882244252,0.33564814814814814
3093,95.41504536255856,161.42308221583022,224.97047960186453,213.68404918325209,-479.14992120736525,0.4912957620336855,0.349537037037037
3094,97.7624289838954,158.71153845063546,221.55374970928955,214.69220754296325,-479.40775981890823,0.47932238013218503,0.35802469135802467
3095,92.73267832468066,163.7964312346283,228.45634674814724,213.70520318144614,-479.85604956845276,0.5048466779585166,0.34259259259259256
3096,91.70873569289527,164.9225575032078,229.90365773588877,214.14469326065523,-480.02733711172084,0.5100714604708287,0.3395061728395061
3097,98.31130415218692,157.00276835642237,219.9571977489203,214.87307638054494,-480.20688342227606,0.47652180354913565,0.3631687242798354
3098,98.79876413136792,155.82649261832742,218.83704648740962,215.11638617829044,-480.76133020642186,0.47400781139422954,0.3667695473251028
3099,96.69211124091123,157.8690882197657,221.41231707527209,213.780655609397,-480.4082551122786,0.48486396800511244,0.36008230452674894
3100,96.78592440986519,157.52189786210266,221.08566216724608,213.785274020734,-480.5586116694147,0.4843928733040671,0.36111111111111105
3101,96.75500499734895,156.26831130624356,220.10347724206466,213.56095476269286,-481.3044770170367,0.48459069689421064,0.3647119341563786
3102,93.69008862064447,159.13668993274857,224.18395215184736,212.90531368780853,-481.786894958566,0.5000000000000001,0.3559670781893004
3103,96.9234444758121,155.3939100021174,219.31758079964683,213.53180466110555,-481.72220716849023,0.4837499466361006,0.3672839506172839
3104,89.8234984544621,159.57848573131503,226.4369646468688,214.28138116150342,-484.5028105556465,0.5196390619893967,0.3554526748971193
3105,89.88108042253326,158.32128536962506,225.41566495864316,214.03754986761135,-485.19635174431494,0.5192979413742977,0.3590534979423868
3106,90.62064489204172,158.0559181943571,224.92949818760476,213.5307116181791,-484.84411635615027,0.5154847665963829,0.35956790123456783
3107,90.26055375582618,157.56057653048174,224.67543379316479,213.66446324288418,-485.3851238530365,0.517316325027761,0.36111111111111105
3108,90.66171841213459,156.80159592842304,223.91239535734184,213.30404949640928,-485.54307894139697,0.5152391773312541,0.3631687242798353
3109,91.42078360315331,156.55234751807836,223.37232549426574,212.89703993062915,-485.1171165357833,0.511378236878354,0.3636831275720164
3110,89.15051241890468,158.5993673325719,225.84870510336214,214.62503443061556,-485.47614904431003,0.5231111161522126,0.3585390946502057
3111,89.91110489754494,157.06743050470735,224.4060515487958,213.81347832288907,-485.9053476396953,0.5191001177841542,0.36265432098765427
3112,90.67543176458545,155.55019876746854,222.90911386269997,213.09352568393754,-486.2604122457678,0.515136885091081,0.3667695473251028
3113,97.2867300765508,143.74124170031197,209.84212838755752,211.90047840774923,-488.3123202656295,0.4822315766471706,0.400977366255144
3114,87.30567248086761,154.4865442421275,222.82254749190315,215.5951799973392,-488.6703111582753,0.5326745777634041,0.3712344776550424
3115,98.36896636892799,142.01189624079328,207.9819177286807,212.49421563406017,-488.89915111184257,0.47680820150398234,0.4063786008230452
3116,97.66058677116119,141.91275454009238,208.20655510345765,211.88937453203582,-489.2088177150013,0.48040298808263204,0.4063786008230452
3117,96.9940642995034,142.99202544092552,209.39284416456718,211.56958981066472,-488.8916109360488,0.4837259434460531,0.4030349794238683
3118,87.54944216336422,153.5534189421035,222.06089301587573,215.21633033026043,-489.1250963600717,0.5313468782842863,0.3738064941159478
3119,96.94407430943976,141.8257397453839,208.48796993484785,211.34738268370555,-489.5939945160815,0.4839977746612817,0.4063786008230452
3120,97.93486210386598,140.34311276538025,206.8311688944685,211.8565462909306,-490.0132058623654,0.4790665103633626,0.4110082304526748
3121,93.68659940812991,140.74481827466082,209.52160101496088,209.92254546763505,-492.475176068011,0.5000000000000003,0.4089506172839506
3122,98.18215600686075,135.60162379072995,202.94559775719748,211.29363239823252,-492.6819962131184,0.4779939772796399,0.42476851851851855
3123,98.23166184968889,134.9391160402072,202.3971226363195,211.2281749436412,-493.05088792525623,0.4777708970770722,0.42669753086419754
3124,95.95044202618968,136.55163973920284,204.82795792635568,209.8980800745002,-493.24044259058724,0.48902290540165994,0.42129629629629634
3125,95.9984375134978,135.88602059391974,204.26964018776005,209.81480078063456,-493.5963328566449,0.48879982519909226,0.4232253086419754
3126,98.21572484393633,133.01686884588526,200.87149700087767,210.90188880519534,-494.17287853185945,0.47792592142830065,0.432227366255144
3127,96.25306478487606,134.34557227930102,202.89745858257365,209.70232151648162,-494.3323632453159,0.48758762704580705,0.4277263374485597
3128,98.17765543293494,132.38629700820084,200.3844762851384,210.7671328206135,-494.5515729370553,0.4781391729903105,0.43402777777777773
3129,89.59059228666953,141.12636610065573,211.80025335053978,211.45345617791864,-495.3709409252659,0.520193041976377,0.40869341563786
3130,96.25668518279357,133.63167839596304,202.32657048882226,209.58817397062273,-494.74543612722164,0.48758762704580716,0.42978395061728397
3131,96.39461985886187,132.93038199216468,201.69047903556617,209.55392490293588,-495.06984829710683,0.4869282150786621,0.43184156378600824
3132,99.1723689478089,129.65694477793255,197.84878593240518,211.21888524144862,-495.8945582857733,0.4732451312188596,0.44233014538661325
3133,91.42379108585457,136.55240853142251,207.42601391081607,209.65124008999132,-496.7356137088166,0.510977094598341,0.42129629629629634
3134,96.29122403336294,131.04527320502953,200.24545103868053,209.18833952597404,-496.2269881674303,0.4874711726242444,0.43724279835390945
3135,91.37592068793725,135.8867310453262,206.91851506505222,209.56313232820318,-497.1598707590705,0.5112001748009085,0.4232253086419754
3136,97.9802020501273,126.95514247407166,196.1383576165159,209.71882978923847,-497.77547142920736,0.4793167876464482,0.4495918615984399
3137,91.11814739734479,133.63230036836293,205.24197027637265,209.3111818989071,-498.6675306638407,0.5124123729541938,0.42978395061728386
3138,88.63314594091648,136.3091897778169,208.1906907052465,211.4347021772354,-498.7004257431451,0.5248557160407776,0.42297149122807
3139,90.98022179813947,132.93094674386109,204.745230369408,209.26369230133216,-499.1794128227104,0.513071784921339,0.4318415637860082
3140,97.77856280265274,125.72192925565432,195.24491710179618,209.35346164375767,-498.5687371219774,0.4803553614947017,0.4530640838206622
3141,97.9041229214429,124.93544360463176,194.5616184148038,209.3279260062324,-498.9769543173828,0.4797618907242711,0.45537889863547704
3142,88.4857418232069,134.32367285085775,206.63319347985242,211.2405406745602,-499.9252557227566,0.5255249566484806,0.4287585282651068
3143,91.08286610493664,131.0455535997978,203.1963245302375,208.9079769420769,-500.1968055676854,0.5125288273757567,0.43724279835390945
3144,89.11892713058964,133.06713495607187,205.50369134614516,210.50684143902828,-500.33226035507516,0.5222798198073535,0.43210214966428395
3145,89.1561846848153,132.43658486338882,204.99186107689187,210.37431276635007,-500.67758006698625,0.5220665682453438,0.4339025611869177
3146,98.66980879997465,122.18036676944772,192.0561062589111,209.53987454115494,-500.33787596626536,0.47608715655055456,0.4636364251678563
3147,89.0905976604529,131.5533176107338,204.30390409882406,210.2835288659329,-501.2277375647323,0.522364008515434,0.43647457764782305
3148,89.28386653799001,130.98920060174615,203.8059054139709,210.0389298888129,-501.4457141154029,0.5213748905647164,0.43801778752436626
3149,91.25651464204931,127.86018765721332,200.57663668127955,208.3116716546546,-501.9148730317453,0.5116221359209323,0.4463734567901234
3150,96.49196838321552,122.46190109604444,193.2921344804772,207.91333769537516,-501.09508270658256,0.4866837703407529,0.4620221464154209
3151,88.883599786564,130.5113854362487,203.52070130426358,210.28191767910852,-501.94347026944905,0.5233531264661516,0.4395609974009095
3152,93.48854397156997,124.53976099162978,196.7214326926581,207.28770865213855,-502.0514507925948,0.5009396620531823,0.45563271604938277
3153,93.84318788714312,123.73590209733692,195.86916195740005,207.1758465481426,-502.23365864766276,0.4992581615369623,0.4579475308641976
3154,96.28075780617904,121.23678714024666,192.43233283316061,207.59065852598894,-501.9330161038896,0.4877223441890063,0.4654943686376431
3155,91.86570869008753,125.13562537732304,198.10371780679452,207.63796215065224,-503.0206815790525,0.5086547820687795,0.45408950617283955
3156,96.21719638479459,120.36078548668249,191.76950263984028,207.41270986715148,-502.4812190294838,0.48804380752298954,0.4680020846870258
3157,91.97294212698651,124.52612897768304,197.56217922273495,207.50586475534536,-503.28922342462414,0.5081354951446526,0.45582561728395066
3158,89.85247747489863,125.48762576970432,199.25209657440766,208.72720228796132,-504.2943213134311,0.5183835136486705,0.45364278752436626
3159,89.51723208911527,125.12945606578455,199.07137832823327,208.90971729715565,-504.71223824803786,0.5200155582673546,0.45480019493177365
3160,90.85106227363273,122.33092325504006,196.35332211806514,207.6088284184786,-505.434531401537,0.5134645977055465,0.46240794888455694
3161,91.10683416610287,121.63715774116929,195.68648842874885,207.37069628180674,-505.6465468847325,0.5122282002671494,0.46433696123023593
3162,97.46533702467029,114.93677521887335,186.79181124359286,207.3583558416403,-504.96506315891855,0.48219976896416633,0.48401288715616153
3163,98.33118422578696,114.10115653867041,185.74405524625175,207.92783894316938,-505.12400634334887,0.4780532577253177,0.48676088369070697
3164,99.0984955934181,113.10136197701715,184.67158726370116,208.45789337437495,-505.51976531722863,0.47434990352575074,0.4899792884990234
3165,98.24006043645596,111.75199164016593,183.90803339772873,207.46774093441473,-506.51692881155884,0.4785768952219511,0.49348873727528614
3166,91.01998606101944,120.57401504645921,194.87838871015322,207.23968124937852,-506.3304706741411,0.5126238474474365,0.46742338098332237
3167,89.47883087631286,120.87025245670077,195.6879163613396,208.24717406258853,-507.21175947940776,0.5200674192293919,0.4670849577647819
3168,97.3644479230667,112.67667612270571,185.0385589069509,206.91557977461238,-506.32358553458795,0.4827457298756023,0.49048692332683486
3169,99.28164945521067,110.45324904358287,182.50381393399664,208.19965015072475,-507.0289492042311,0.47356659455284267,0.49769279970760094
3170,97.36485663541397,112.11155205061041,184.58792264666553,206.82398445932233,-506.65174084171235,0.48276026913623954,0.49211473900801334
3171,98.2413444882541,111.18698560852411,183.45712710369702,207.37684750958798,-506.8447121943797,0.4785914344825885,0.4951165529564647
3172,99.63485046810693,109.57304647520206,181.7061681087022,208.39373462759514,-507.5031704129391,0.4718771086489568,0.5003959551656901
3173,98.94289930923681,108.52453470475592,181.07265154328405,207.56803289993158,-508.2066732210058,0.4753055363542645,0.5030914961013636
3174,98.1184115245307,107.82092199879969,180.8245970201875,206.72478584831282,-508.8409657503342,0.47930030234726945,0.5047616146848597
3175,98.1446540206972,107.02113257914505,180.17575666924276,206.61696926159198,-509.2965501200794,0.4792013905521977,0.5070764294996745
3176,90.86863843093711,113.35430079333292,189.19098803781378,206.14266803989221,-510.63686939848236,0.5131843476195098,0.4882567143166556
3177,97.88348565768243,106.31501599400525,179.72561626735077,206.2853227920827,-509.8010161512597,0.48047075858895183,0.5090054418453535
3178,97.18740399285568,106.01833789493298,179.81834539050857,205.70359790259425,-510.2763011458822,0.48377136748586214,0.5096044509421698
3179,89.16148975091973,114.27658589881233,190.5179854995939,207.41942538749075,-511.2290851031706,0.5213823514402902,0.48620586961230167
3180,92.23825583089445,110.78198520820072,186.46609871953964,205.2044654882824,-511.0622405060546,0.50672600206488,0.4953703703703704
3181,92.94038861428399,109.95018553846438,185.41197864654958,204.9466742996206,-510.975011224063,0.503461912827512,0.49768518518518523
3182,89.2904642466873,113.3961179447569,189.78268912316273,207.17518876663206,-511.6671614951442,0.520726831196537,0.48868989603638663
3183,90.80004140460335,110.89187785125802,187.25724420793256,205.7780150980399,-512.1182751336189,0.5134520041297597,0.4953703703703704
3184,94.22698262671324,107.26722463380645,182.51059917871012,204.55560369390082,-511.50131702577914,0.4975107198240276,0.5054012345679013
3185,98.20388365048909,102.78555564677939,176.7743028577448,205.97824868606668,-511.736681374193,0.4790646990908379,0.5193002761533444
3186,92.67742676855426,107.81661731985204,183.85985749171778,204.63478218965963,-512.4296232268126,0.5046653396675516,0.503858024691358
3187,99.26308113195799,101.63678307505111,175.47863759700417,206.74800007180494,-512.1493203156971,0.4740389718957959,0.523077079272252
3188,98.05154483564327,102.55595306381869,176.65539909317533,205.81279476650792,-511.9221902440486,0.47979360131588233,0.5198992852501607
3189,97.20717310444289,102.68613106650355,177.15201752340926,205.17662952864328,-512.2022594223599,0.48376426936349226,0.5192089018843395
3190,96.82218353756814,103.50618692094349,178.0038572018975,205.04399173283147,-511.923707609578,0.48554823073596887,0.5167214912280695
3191,89.17310334252107,111.18072105547196,188.04778280065497,206.90585243123482,-513.0209781166918,0.521210742457805,0.49511655295646506
3192,96.28097260052297,103.11084893438812,177.98300463329932,204.64894119751523,-512.4649924525087,0.4880740305714836,0.5177063027940216
3193,92.77811729875177,105.26865031116213,181.77218037006847,204.206825992692,-513.8290372336546,0.5041872659913715,0.5111882716049383
3194,88.09222218167804,110.45309382615162,187.66537013640067,207.70925241780213,-513.972803494218,0.5264334066408645,0.49769279970760183
3195,96.1255892953961,101.89173050139814,177.09873382692143,204.3654809429528,-513.2695356524854,0.4888158690345218,0.5211785250162438
3196,99.31636186610808,98.75928261102447,173.1676562713548,206.3291483223483,-513.8127383787876,0.47391063856355164,0.5313921377517843
3197,99.12361453937982,98.43050892395706,172.96438841070028,206.0939250740308,-514.033113783497,0.4748483545781921,0.5322483484946912
3198,96.10548405395967,101.01951875833589,176.41467882267764,204.21327122508217,-513.7888814416077,0.4889230234791828,0.5236862410656266
3199,90.18102446469116,107.001627132155,184.403153259468,205.50627723895676,-514.820169387024,0.5162835838650917,0.5067752328351742
3200,97.81288241953631,99.36992674086096,174.2197831314682,205.0998251453684,-513.8620116937583,0.4810167195003878,0.5289825644357798
3201,92.86914105333587,103.92672003615294,180.65022631611083,203.97750591220506,-514.5344716851596,0.5037586482127272,0.5150462962962963
3202,91.97779991409216,103.29805242753292,180.637742212317,204.06116206532232,-515.6218754826548,0.5078470024090266,0.5169753086419753
3203,87.73927944173379,109.57294383487465,186.994071617224,207.89134511276077,-514.6169998864887,0.5281228929426525,0.5003959551656914
3204,89.1665485974585,107.83375567330839,185.38176362441348,206.36706485789716,-514.9707709265523,0.5211283159619119,0.5047616146848601
3205,88.43121229019744,108.52444439046977,186.08292913918186,207.0919997642982,-514.9470121350862,0.5246944644415406,0.5030914961013642
3206,97.26792294237265,98.60136631960589,173.8651345214975,204.55695021407234,-514.5460041225568,0.4835864801337122,0.5309961825860942
3207,96.4985257120918,97.79581762463002,173.6256015148732,203.91330159310402,-515.4228524025331,0.4871700866665222,0.533074101147931
3208,90.9470957111232,103.0356707650983,180.93013838753436,204.42811507761056,-516.5763891077557,0.5126073621482579,0.5179635044401124
3209,88.37100829141946,105.71954403518242,183.85734808294748,206.68925132946404,-516.6057587080825,0.5248752890044631,0.5111984243014938
3210,91.18174703370616,102.34435888366008,180.2720763176455,204.20449001118232,-516.8000089086271,0.5115028471032899,0.5198925167857915
3211,90.39153733788073,101.41091429101999,179.86746167937383,204.46853863674144,-517.9242481177095,0.515158691797553,0.5228097249296076
3212,88.4029333921152,105.44661420132209,183.63504562956348,206.61683696754483,-516.7499920417129,0.5247104360126769,0.5119700292397654
3213,98.17480266046381,95.4305663659039,170.921145831088,204.75845686007446,-516.0177021806268,0.47944191493340493,0.5404754169374034
3214,96.15472913955237,96.49180755599858,172.7779672821026,203.50474006767874,-516.3887634031028,0.48877740333643827,0.5367392246047211
3215,91.14970218235007,101.27567108364795,179.43546119384519,204.04590670841304,-517.4459580217143,0.5116347294967188,0.522978936538878
3216,88.24597979734617,104.4672607949951,182.8770777109732,206.59642100159923,-517.389357765433,0.5254275465269471,0.5148635477582839
3217,89.6402345087507,101.56185124001001,180.25056969629424,204.99006433725543,-518.335557867831,0.5186826540983873,0.5226405133203373
3218,89.10634997883612,100.48944792742458,179.54362552455856,205.22111228841726,-519.274912359836,0.5211680425509679,0.5259435239332894
3219,91.73587135863141,97.52392836258784,176.15998715938605,203.20210156038468,-519.1699589164564,0.5088816845338882,0.533652804851635
3220,90.54689559031215,97.59887409657034,176.7675076071598,203.75899474423318,-520.0298134662689,0.5143509121378004,0.5337407948884554
3221,90.96232553118128,97.15455096254652,176.23610205883867,203.46603959829827,-519.982455961266,0.5124221321339011,0.5348982022958627
3222,90.89892933359314,98.3973215257399,177.25429611241339,203.69931998008312,-519.308143935572,0.5127392445416868,0.5313379900368203
3223,90.13321582189474,98.04753181156775,177.2844028721444,204.08265092702817,-520.0572752957291,0.5162796921416997,0.5325833874810479
3224,90.01326422891457,99.31212443692206,178.3352343104666,204.36660971712647,-519.4029142408749,0.5168731629121303,0.5289825644357804
3225,98.62021988664655,90.39300781917541,166.7277998175164,204.32655702033406,-518.8092246590903,0.47753105174337895,0.5551748294346968
3226,91.90654754172711,96.44116696752445,175.20939150535338,202.97062936934483,-519.6636402729337,0.5080903901733141,0.5367392246047213
3227,95.52846794911513,92.05593338699734,169.60270639935734,202.48175130345996,-519.3782725827215,0.4916914092139726,0.5493827160493827
3228,90.19417923289787,96.80453147664392,176.27095622431352,203.84148378182306,-520.7380691010396,0.5159625797339139,0.5361435997400904
3229,99.45847510700567,87.97772123198556,164.52735773401,204.7102622792392,-520.0525108211907,0.4736910060824522,0.5625152290448314
3230,88.2507797156236,98.92725009004172,178.46175939822533,205.69053044249188,-520.6095911288209,0.5251758797629124,0.5308213305898482
3231,97.62089572824445,89.34486792412034,166.31407372997893,203.3191579386836,-519.763285209504,0.4821962199029814,0.5577880207205248
3232,88.25984222199422,98.38999452554276,178.03247488334358,205.5948856108178,-520.9180208131496,0.5251099385661978,0.5323645404663913
3233,99.2531094375042,87.40858585253378,164.1328244189327,204.42268924328295,-520.4101034104858,0.4746801240331697,0.5640584389213746
3234,99.44687998294455,86.84556483247988,163.62718326147035,204.51581307982568,-520.7107644486749,0.4737888661703542,0.5657714244458858
3235,98.63043588853024,85.6767347919671,162.9622567803897,203.5695241993681,-521.544550333779,0.47764485994713657,0.5687653418525724
3236,100.03901204005221,86.3184061968744,163.06341514032917,205.00304513714,-520.981258614318,0.4710198504321916,0.5675769123167966
3237,97.71303898204994,88.28583977775679,165.42647092516646,203.21932225197196,-520.3399511901355,0.4818005727226944,0.5608744404736112
3238,93.81885160791215,91.4584558390653,170.15365886970773,201.93930257173824,-521.0099400219557,0.49940652922956985,0.5509259259259258
3239,100.23152045505292,85.3709258385004,162.26706284879342,205.03666936791282,-521.5285910136116,0.47016033995261475,0.5704010540755153
3240,89.59429760456476,95.37647691061647,175.3347362301633,204.017404548906,-521.9594301533015,0.5187117329733526,0.5404754169374045
3241,97.00320601322152,86.4133953440788,164.28056022989713,202.39044504911126,-521.7576880657992,0.48509763255841976,0.5660184733954219
3242,97.2067270295884,86.22763285155915,164.0291587488081,202.50303603661186,-521.7631688191802,0.4841746273123655,0.5666203026857256
3243,97.40457738424612,85.65675355080305,163.4762054494397,202.55552123314325,-522.0007578565255,0.48328336944954997,0.5683332882102368
3244,97.83519595948579,85.0425344905756,162.78509001007035,202.7896816955212,-522.1740971785587,0.4813314474878513,0.5702623005559158
3245,98.61388222968505,83.96495609938859,161.60396312817116,203.27454736537686,-522.5433147595585,0.4777903411098966,0.5736882716049381
3246,88.17372391474846,94.00745887134477,174.55236446444192,204.95881746753128,-523.5038257424358,0.5253416875104677,0.5450272092267695
3247,96.18973341620301,84.65148428629615,163.3172268218437,201.6024890746335,-523.24643419949,0.48881631049827085,0.5708590534979422
3248,89.75368943528366,89.34548760741228,170.47845810650733,202.9234901838078,-525.3656419230952,0.5178037806275555,0.5577880207205252
3249,88.75443578401622,90.3937962450033,171.57720884135443,203.8658022080621,-525.3331467598753,0.5224689490524261,0.5551748294346974
3250,89.6612638104249,88.28647614890855,169.6634588963527,202.8167557230078,-526.03998170804,0.5181994278078426,0.5608744404736117
3251,99.19521403614525,78.47553638884949,157.02517906487012,202.913786255078,-525.6040851725716,0.47530599059370565,0.5897633744855967
3252,95.37909206605258,81.51147749053374,161.2841342271089,200.70947250439693,-525.6093640836937,0.49248552311404625,0.5797325102880657
3253,94.53260910907247,81.65056780141077,161.90347882180242,200.4635321201504,-526.1502281580425,0.4962427615570233,0.5792181069958846
3254,90.37013018731744,86.41386135100046,167.92146446780006,202.04451857616914,-526.6558055860235,0.5149023679721173,0.5660184733954223
3255,91.30104989276852,84.82074100066848,166.24625295343523,201.30749685477318,-526.8923397053126,0.5106561599280139,0.5703446502057612
3256,90.22523132911785,85.62687702705088,167.3496272808756,202.00536731526878,-527.2140109030694,0.5155442373127713,0.5683332882102372
3257,87.91599353147508,87.97858862607305,169.7771201825994,204.21148262931254,-527.1150292105407,0.5263089963049612,0.5625152290448332
3258,97.62205990921112,78.15581884964934,157.39126628623595,201.50148670606296,-526.2615650959852,0.4824939316642787,0.5900205761316872
3259,97.56571979114949,76.89880580923571,156.41546341715292,201.25330257811243,-527.0163136537956,0.48278352782297485,0.5936213991769547
3260,93.68577101550254,81.63759935140175,162.40278430247972,200.3371469678294,-526.8229545655166,0.5000000000000003,0.5792181069958846
3261,92.83899353678316,81.65082507277694,162.90837202971727,200.36805891474663,-527.502113451773,0.5037572384429774,0.5792181069958846
3262,93.68578240616067,81.04227597257093,161.92827456370432,200.24061726712097,-527.1688536394327,0.5000000000000003,0.5809327846364882
3263,88.12094104120682,87.40922765286552,169.30181310632963,203.9315788213815,-527.3639567243812,0.5253198783542437,0.5640584389213763
3264,94.53440628894852,80.46045586685432,160.95357911616014,200.27081370856047,-526.8408388419082,0.4962427615570233,0.5826474622770919
3265,93.68571295043016,79.85204855806208,160.97925508541203,200.04755786404027,-527.8606517862892,0.5000000000000003,0.5843621399176954
3266,98.37486228576957,77.00989863727085,156.14968061933817,201.9330498961646,-526.6503861491315,0.47911947171830027,0.5936213991769547
3267,98.382016490982,75.58256774501419,155.0080618994333,201.70780906506533,-527.4767045073287,0.4791287255994442,0.5977366255144032
3268,94.53521103421639,79.8653892135442,160.47862926324424,200.17445450183783,-527.1861441837253,0.4962427615570233,0.5843621399176954
3269,99.15324714640796,75.79015855512034,154.89638919478946,202.43685972101645,-527.1699168993514,0.47560484063354574,0.5974794238683128
3270,91.99248882704127,81.51189975548942,163.26128316324298,200.52162584248146,-528.2692274036336,0.5075144768859544,0.5797325102880657
3271,92.83712104509735,80.4607302166915,161.96025328678343,200.1751712908903,-528.1951200692089,0.5037572384429774,0.5826474622770919
3272,96.74982877070372,76.8038030421767,156.7517536447417,200.6615854060546,-527.4758836458292,0.4864475839276494,0.5936213991769547
3273,92.83625203693248,79.86567975184568,161.48619391463635,200.07872747803046,-528.5416233770244,0.5037572384429774,0.5843621399176954
3274,97.57140250533047,75.47105846872759,155.27399796500427,201.02598855954727,-527.8428645278162,0.48279278170411877,0.5977366255144032
3275,93.68569419271455,78.42369446232115,159.84043171010657,199.8158865773042,-528.6908095607351,0.5000000000000003,0.5884773662551439
3276,95.89677107435422,75.38729733258089,156.09712843255062,199.94736598133795,-528.8156495434794,0.4902610650522441,0.5974794238683128
3277,94.58734093456505,73.61755879020376,155.46536474405326,199.1738518109453,-530.7763699602064,0.49604352819713,0.602366255144033
3278,90.48814580573652,76.8775099698052,160.27278627791074,200.42493959964293,-532.1145337857885,0.5141519285961117,0.5934521875676844
3279,89.54188865418617,77.05177734297604,160.7453949679361,201.07428866708707,-532.6445057558849,0.5184154972245468,0.5932829759584142
3280,97.98783356365146,69.67757817482635,150.46495033878125,200.4140888763232,-531.039453252497,0.481087877165432,0.6145833333333333
3281,91.47368106786712,75.38783449635642,158.6427157145878,199.70551126724538,-532.2402343839013,0.5097389349477566,0.5974794238683128
3282,90.53081514631216,76.37709190630522,159.85650503967364,200.31907567935374,-532.3746442994719,0.5139490064611436,0.5948803335499241
3283,87.84773413582892,79.06356456367774,162.68092959455083,202.81905904531015,-532.3267958015281,0.5262384807058154,0.5882269330734238
3284,96.22796715827059,70.28014969212896,151.83784379701837,199.2906244076793,-531.5728044493809,0.48888558002429555,0.6122685185185184
3285,87.6619571337953,78.79582817007972,162.48139134073938,202.94885589174376,-532.549455531211,0.5270920595013371,0.5890865280485157
3286,88.60548464511974,77.24600903653825,161.12906620259236,201.8491296097306,-533.0533332932843,0.522679065852982,0.593113764349144
3287,95.443649942828,69.19451010342797,151.4259666685965,198.7374308800283,-532.7210010742499,0.4923365680173761,0.6152263374485596
3288,97.65962679955166,67.08848266610795,148.54941442424135,199.73048569968952,-532.6735091553631,0.4826227722012317,0.6219135802469136
3289,97.59058589289832,66.54388568928692,148.14768095072932,199.58832658051597,-533.0195646450204,0.4829444117564336,0.6234567901234568
3290,87.70153939504468,76.11131614067276,160.34003174588247,202.4741114644181,-534.0983645441329,0.5267932094614971,0.5968025774312318
3291,94.82322115488219,68.44817614288377,151.2018089546339,198.39858029068446,-533.602983294412,0.4950477535877915,0.617283950617284
3292,97.5213429315342,65.99935453621978,147.7465170045235,199.44672518568953,-533.3663784974294,0.4832660513116355,0.625
3293,93.32786160481419,69.1415842804875,152.65178554767436,198.3039447914006,-534.3741520949212,0.5015574495895367,0.6152263374485596
3294,95.71933423741311,65.01644197387589,147.93356566954012,198.1789885092481,-534.9603031693367,0.4911889799053074,0.6273148148148149
3295,98.1370768443464,62.86734954246526,144.96999495748392,199.42962749522667,-534.939924098919,0.4806217467844345,0.6342592592592593
3296,95.8030662781037,64.26373613202045,147.28461865904848,198.09593288218275,-535.3417440016384,0.4908348396749982,0.6295010288065844
3297,96.1766105026759,63.89161924280262,146.77395172632356,198.22518518822724,-535.3168621037795,0.48921595202618245,0.6306584362139918
3298,94.00195551657146,64.94368159554332,148.90446869188602,197.65853277052062,-536.2719370716486,0.49862944916617635,0.6273148148148149
3299,96.55086808474944,61.664328238231036,144.7892724170117,198.07845923417614,-536.3844555126338,0.4876198409372082,0.6371742112482854
3300,90.87222131470942,66.82352548198733,152.09585572176366,198.58349685852176,-537.6759543191159,0.5122406672087225,0.6222993827160493
3301,92.28339649345703,64.97865240994594,149.92551893731218,197.76265688641283,-537.6429865206215,0.5060699184270453,0.6273148148148149
3302,93.87939670693747,63.425158942011876,147.76712420272125,197.3985342808247,-537.2518119299664,0.49916124691570274,0.631687242798354
3303,96.6105335904742,60.956098507720895,144.19188382930312,197.99987545026514,-536.761454644935,0.48737244396871626,0.6392318244170097
3304,89.11013368063723,67.7082874265032,153.41798847573702,199.8803967738847,-538.3311793302556,0.5200727504356931,0.6203703703703703
3305,93.86219324692415,62.35415682678618,146.92302893346894,197.22313031004674,-537.8879221642121,0.49923525454078777,0.6347736625514404
3306,97.32077262362893,58.92128135299839,142.19971832562072,198.14724692600123,-537.5696133943441,0.48431596117716363,0.6453189300411523
3307,93.84504390068496,61.282883274433914,146.07896942952965,197.0477842324367,-538.5240797298706,0.4993092621658728,0.6378600823045268
3308,94.7251283855692,60.05230653399215,144.56684683270086,197.0091573012348,-538.5552879429622,0.49552700207209655,0.6414609053497944
3309,93.82212975495105,59.85444367297049,144.95361222620804,196.8140806387921,-539.3723632061616,0.4994079389993195,0.6419753086419754
3310,93.81351248703342,59.31870427970253,144.53161957596365,196.72646893699235,-539.6904910726208,0.499444942811862,0.6435185185185186
3311,92.92496949168732,60.04353426461614,145.63178893930433,196.85332493491416,-539.9886560463428,0.5032642067181808,0.6414609053497944
3312,91.1434754723692,61.635319318437325,147.83673906029665,197.61128960180324,-540.4864913293326,0.5109657911167218,0.6371742112482854
3313,95.79747069854069,57.07692874363599,141.5560431531561,196.92804416241196,-539.520022902818,0.4909424574182938,0.6502057613168724
3314,87.95475302046187,64.67190013079042,151.20673129141383,200.37230881423824,-540.6579815164299,0.5251535509120207,0.6296296296296297
3315,89.58387750094663,62.82061069913249,149.39065290746092,198.72656360340656,-540.8906657081268,0.5178240930887792,0.6342592592592593
3316,91.06094303503411,60.928524239227784,147.31123409656254,197.5342960967844,-540.9600880099605,0.5113118649186605,0.6392318244170097
3317,87.94182507498645,64.13837818441056,150.78299855224853,200.29701182756656,-540.9736130786631,0.5251905547245632,0.6311728395061729
3318,98.42665066218726,53.80287268751954,137.61986154920447,198.20213021654965,-540.1078421460885,0.47960979957066413,0.6604938271604938
3319,97.44033474548004,53.66887110666411,137.9515666930207,197.38222602422871,-540.5641672878203,0.4839124626562856,0.6604938271604938
3320,96.44507723997813,53.559907695420094,138.38460823409363,196.69988554229647,-541.1549383459314,0.48821512574190706,0.6604938271604938
3321,99.464435008459,51.018358796246275,135.04008617459817,198.6946447869043,-541.497214611383,0.4751488224705349,0.6689814814814814
3322,90.28199169521629,58.89508419692379,146.01948308533414,197.62240812797347,-542.7104229261253,0.5146602666758266,0.6453189300411523
3323,99.94469787991478,49.491321447763426,133.69703912820577,198.90966189031056,-542.341900143188,0.4730820126844669,0.673611111111111
3324,99.43421861507814,48.60175571675512,133.12144034331422,198.27219427117714,-542.9027004145003,0.47537260695638794,0.6759259259259258
3325,97.01195560133617,50.67197755930695,135.77758472897665,196.58946558406114,-542.5153968636868,0.48583129633828465,0.6689814814814814
3326,98.30140076757776,48.42715561425206,133.38360326228738,197.21882297378824,-543.2685401397947,0.4803181967099758,0.6759259259259258
3327,97.15610695836381,48.27791723089604,133.7945289890442,196.29949922913744,-543.8326159914982,0.48526378646356366,0.6759259259259259
3328,96.25947873205781,49.79325145160797,135.4848144845336,195.98257517792615,-543.4559524528619,0.4890710686091986,0.6712962962962963
3329,99.94780687223033,46.8119332282958,131.55907043375547,198.47542176563957,-543.8948488810607,0.4731812370932724,0.6813271604938271
3330,94.23120787362812,50.75273852755049,137.45077731471514,195.3911962455102,-544.3375355449259,0.4976758468040231,0.6682098765432098
3331,91.16368037477025,53.53908297211103,141.37262693221734,196.2871055664377,-545.1763754211797,0.510747005294715,0.6604938271604938
3332,93.81082935909623,50.74789205695831,137.69931008379405,195.33634559438784,-544.6722867382572,0.4994562591153148,0.6682098765432098
3333,94.39486141683304,49.68535713339577,136.50043251072898,195.24910494328333,-544.8304111225277,0.4969840122149394,0.6712962962962963
3334,89.51696566606367,53.72339750835491,142.159715361643,197.29331886438874,-546.2214243911225,0.5178686545398818,0.6604938271604938
3335,90.3369481053856,53.621750744661625,141.7943660415595,196.7317707890402,-545.7375436229386,0.5143078299172984,0.6604938271604938
3336,90.33862506964512,52.55025138943731,140.9392964294771,196.55619977991003,-546.3589055156348,0.5142755642038161,0.6635802469135802
3337,95.3224661934058,47.04647388277431,133.83806454281668,195.09649952839084,-545.6749199705791,0.49307836625065116,0.6790123456790123
3338,95.93771121694823,47.445431658407955,133.79591365574706,195.4324893912944,-545.0245006654727,0.490473506321622,0.6779835390946501
3339,95.29718122494292,48.11631381761495,134.70634836444464,195.26024077889687,-545.0714704034425,0.4931767300693044,0.6759259259259259
3340,96.50709464972097,45.53088633828847,131.9480248376765,195.43278569395645,-545.7828487739105,0.48808414256415494,0.6836419753086418
3341,96.2270481255497,45.505357695529256,132.08346483475643,195.26897494935514,-545.9669866899741,0.4892710841050162,0.6836419753086418
3342,95.29262567165976,46.33057748517612,133.2849291376974,194.9689772709205,-546.112025047093,0.4932106139616925,0.6810699588477366
3343,91.13431394258893,50.05978034897532,138.6112328327382,195.73398451692208,-547.2192099244784,0.5108067985821132,0.6705246913580246
3344,94.32611312445229,46.47035109129524,133.9775498774267,194.71409356810224,-546.7514930366162,0.49728239152941023,0.6805555555555556
3345,91.1137024558763,49.25795043029834,137.98161608590405,195.61301966688183,-547.7008006323377,0.510881393410731,0.6728395061728394
3346,92.2525752805997,48.107015967093446,136.4887330294351,195.0314005071854,-547.470077691098,0.5060352634286333,0.6759259259259258
3347,93.42337615492762,48.07074788467861,135.79455058144282,194.8856050703129,-546.538900042994,0.5010896736750452,0.6759259259259259
3348,89.60865226780066,49.961001907997826,139.13208685534215,196.6126546516481,-548.3501487869667,0.5173598419997218,0.6712962962962962
3349,94.25572288133819,45.39772989671707,133.1642813655355,194.5271976830446,-547.4291840824671,0.49757967489104404,0.6836419753086418
3350,101.23029163098951,39.55962538689505,125.5414460751338,198.55492472186097,-548.137917882261,0.4678993867261123,0.7028508771929816
3351,97.40531083400857,41.34411823250227,128.1401417185492,195.35156306356976,-547.7393800140796,0.4843492290113541,0.6959876543209876
3352,97.29417584974635,39.18828856132893,126.47552309764305,194.9203626270863,-549.0443112091559,0.4848664266938018,0.7021604938271605
3353,94.76897762368512,42.065258248898886,130.1975167280221,194.10425318230594,-548.9732673391914,0.4954424197489251,0.693287037037037
3354,98.09702237317249,39.02425912749845,125.96960803025557,195.51681650243685,-548.7987913186751,0.48145729195244674,0.7029320987654321
3355,90.64711621750679,45.46337334228025,135.16222219880567,195.22626443011097,-550.2530193762311,0.5127896469636021,0.6838991769547325
3356,89.4874471747957,44.88763533164712,135.12525871557153,195.87240220154726,-551.3740116552405,0.5177400778659496,0.6859567901234567
3357,90.65898061731886,44.88178506606977,134.69372700158075,195.1254960832527,-550.5824955378564,0.512729242870029,0.6855709876543209
3358,96.4863992066743,39.369499751536864,127.04599737272615,194.41954865028737,-549.3753813473396,0.4882755614351569,0.701388888888889
3359,90.85675582864906,44.28169556231009,134.1298566994098,194.9257888590646,-550.7850443732062,0.5118796590705067,0.6872427983539093
3360,92.85368240553089,42.32468831273329,131.54283295570596,193.98641238481957,-550.3408956900355,0.5034606670109305,0.6925154320987654
3361,91.76325097360831,42.24391893852598,132.07112336578535,194.21836392686592,-551.2690488620907,0.5080295709109652,0.6929012345679012
3362,93.1099421469083,41.9161891183123,131.069702619524,193.89703775855293,-550.369261919769,0.502385206730682,0.6936728395061728
3363,91.36282183038455,43.43379776551049,133.21933824037225,194.55904354159924,-550.8922214649922,0.5097287385100098,0.6895576131687242
3364,93.08299286746522,41.51513222284291,130.76551063118075,193.83376597841215,-550.6243622930775,0.5024966879912947,0.6948302469135802
3365,96.58766272316869,38.30788744305568,126.1438464078629,194.30783681334282,-549.93264519153,0.48786650565964634,0.7044753086419753
3366,98.59177730065508,36.41658236241415,123.68685646987895,195.51604838061544,-550.1515962581847,0.4794170135228799,0.7106481481481481
3367,98.89109460308104,34.58704476322259,122.11592908620823,195.48659222038177,-551.1352181340272,0.4781923464203413,0.7160493827160493
3368,96.89036947506374,37.53526027635803,125.36517665088,194.3736364722815,-550.2115073845379,0.4866057912547954,0.7067901234567902
3369,95.87464213031873,37.44246668527717,125.85552226257911,193.77806013799173,-550.8781906481647,0.49086658462549104,0.7067901234567902
3370,90.81482558790495,42.94633871892847,133.08413357861056,194.7300693647636,-551.592510210673,0.512035240588935,0.6911008230452674
3371,90.66438115589159,41.26551692767825,131.80896341129028,194.53519999457555,-552.6810366676584,0.5126425750688157,0.6959876543209876
3372,88.32752584985913,44.92385534665303,135.42375713563555,196.8129131692339,-551.98424368912,0.5227509128618701,0.6863425925925926
3373,100.7081143097024,33.81657418005642,121.04328430291339,197.10466351355151,-551.4412040451439,0.47041523434787363,0.7191358024691358
3374,93.13600970811403,39.906492043290314,129.4520605485843,193.56948538640214,-551.5149576751503,0.502265402833463,0.69945987654321
3375,91.46719392362819,41.32773836676475,131.48929383766267,194.1756859072172,-552.0349193486421,0.5092606127096421,0.6956018518518519
3376,91.48363407804864,40.79083768172879,131.0530244258658,194.08209272326374,-552.3339344849112,0.5091835176570314,0.6971450617283951
3377,88.0368935873523,44.032267903396416,134.7553813868428,196.92506320728398,-552.6318086401827,0.523981954660547,0.6890432098765431
3378,95.66383137013435,36.53464358173454,125.2540693109455,193.53277386284316,-551.5465928040355,0.49175512396514165,0.7093621399176955
3379,95.7678585807231,37.43459212331584,125.91110991196682,193.72618722228205,-550.9535686317357,0.4913116877033139,0.7067901234567902
3380,89.80862875326751,41.8539172184357,132.60567176030867,195.15203651175958,-552.9334756816696,0.5162897579867027,0.6945730452674896
3381,89.87699964231928,43.67525322655379,134.0343108628005,195.40232085704753,-551.8294656463337,0.5160409102669049,0.6893004115226337
3382,99.78856854629018,32.99037761208109,120.56685309625539,196.06893217203756,-551.9193363016449,0.47441145331778467,0.7210648148148149
3383,99.88556728615342,33.67633499341366,121.09011247042751,196.27487904774674,-551.5147559332099,0.4739676003519581,0.7191358024691358
3384,95.66451476670882,36.088528776346834,124.89740202142521,193.4609777273287,-551.8049543333422,0.49175429055714404,0.7106481481481481
3385,96.00345659225965,35.75650631473445,124.43616514809813,193.5687506737784,-551.7731018754664,0.49034604186768294,0.7116769547325104
3386,96.51005485588836,35.26448875724259,123.75894761809089,193.7683551808878,-551.7445124299161,0.4882336688334913,0.7132201646090535
3387,97.18477676466823,34.62190751757606,122.88864132904739,194.10140389178935,-551.7494225964452,0.4854171714545691,0.7152777777777777
3388,96.47331251502442,33.74312568656734,122.56682925200857,193.49882334088142,-552.6508883085526,0.4884172504204137,0.7175925925925926
3389,97.68855279793466,34.14750296853208,122.26434413611396,194.39730355987575,-551.7907313584844,0.4833047984203775,0.716820987654321
3390,99.6388437960639,32.429526767904974,120.15908045612858,195.832974406194,-552.2584740573113,0.4750761967282122,0.722608024691358
3391,90.9311848658405,39.63234276952039,130.39037665882663,194.1339411626772,-553.4320707476573,0.5114887696239603,0.7006172839506173
3392,97.58729160227347,33.46481481839322,121.76798942226824,194.20824661026492,-552.2312579686667,0.483748651386204,0.71875
3393,90.78354836517921,39.177635423875586,130.0936338596786,194.13386659238142,-553.8069006860592,0.5121042905232988,0.7019675925925926
3394,91.73446121559914,37.424580119814266,128.2443795849191,193.44597513996226,-554.0932705064514,0.5080978808611823,0.70679012345679
3395,95.34944077450999,34.058546136949985,123.46590023291296,192.9998772404821,-553.2025466485444,0.49308584945462347,0.7164351851851851
3396,93.20398652167033,35.48621990841599,125.88962927895163,192.84914665473775,-554.0306209336204,0.5019791945572163,0.7121913580246912
3397,89.95480905519425,38.532271283340265,129.908180076051,194.51433420968107,-554.7685479901489,0.5155949193291203,0.7040895061728394
3398,89.90805106996321,37.198562900476645,128.8618567677027,194.32832892927127,-555.575082904106,0.5157633868792995,0.7079475308641975
3399,99.55593855922895,30.13747397489476,118.35456144580213,195.37927033924075,-553.5967052957379,0.47551794418968896,0.7291666666666667
3400,95.19041918963902,33.513936880542246,123.12660209735783,192.85189625002377,-553.6325951446015,0.49375059286505096,0.7179783950617284
3401,93.90193924197736,33.339566952106566,123.7644799580044,192.5216982820043,-554.7152318378476,0.49908393530968825,0.7183641975308642
3402,95.67514913383033,33.074622989928855,122.48989486172849,192.9763587805485,-553.5488906202717,0.49174866505315995,0.7193287037037037
3403,96.80081716203807,32.078975744829904,121.0619949028864,193.42980264237497,-553.4291167299602,0.48707750015874757,0.7224794238683128
3404,96.80827315744509,30.695795781228924,119.95527356511091,193.2096935343545,-554.2285910528038,0.4870723684383421,0.7264660493827161
3405,98.55690261708031,30.584400593901194,119.04910398353789,194.53573627857278,-553.546289884322,0.47973709818181376,0.7274305555555556
3406,98.7507224614463,30.41210817064905,118.83808490689856,194.67928822661807,-553.5924021042134,0.47892277451845283,0.7280092592592593
3407,91.65293086984387,36.29234783238411,127.38318605899568,193.2903328713855,-554.8166718138662,0.5084272449677474,0.7100694444444444
3408,90.53668213214831,35.78738449515771,127.49781276646094,193.71615355722363,-555.9600229709994,0.5130923828429939,0.7118055555555556
3409,91.971369566217,35.26698285024628,126.40171776361522,193.02182892866924,-555.1588058484658,0.5070916465572525,0.7129629629629629
3410,88.47823848946793,39.541459561821966,131.11097700999287,195.80452020243888,-555.0424104119262,0.5219174487276332,0.7017746913580245
3411,93.09627505663376,34.81890205735772,125.42004658336533,192.74685272568593,-554.5060220123871,0.5024230475230428,0.7141203703703702
3412,97.49792865639874,31.02012875118635,119.86219884210712,193.74239634127403,-553.6914190973747,0.48418411607921424,0.725758744855967
3413,92.93607819024213,34.28692419617829,125.08897727873435,192.67398796533388,-554.9461702412682,0.5030877909334703,0.7156635802469136
3414,88.46525794078602,38.003406988346455,129.88801504633122,195.565160144848,-555.9437857540167,0.5219250197214266,0.7062114197530863
3415,95.68255257305087,30.999235129587817,120.83089695570692,192.6429407771186,-554.7496008450594,0.4917409674725518,0.7253086419753086
3416,89.82538028359552,36.0703107890231,127.99185274585544,194.20110132390099,-556.2862787858788,0.5160927509858645,0.7112268518518519
3417,89.11854743599105,36.36582536320674,128.43956926352433,194.7643152755166,-556.5492709968942,0.5190931191287351,0.7106481481481481
3418,89.94958310579044,34.470129680106254,126.67339809351833,193.8578120083674,-557.1343161235403,0.5155317804136609,0.7157921810699589
3419,90.95678303463396,34.85284033698002,126.57031462652647,193.3461620541947,-556.1917864972302,0.5113117134854567,0.7143775720164609
3420,88.80920756604218,37.08063174329135,129.0835532315552,195.1273162653876,-556.3049467481259,0.5204286211468879,0.7087191358024691
3421,87.72020436402268,36.984283665418445,129.17605288533179,196.06419270173774,-556.8593955347121,0.5250938554144764,0.7094907407407407
3422,94.06563168564371,31.801642981088946,122.43985439324777,192.2919817300259,-555.4798390850826,0.49841149431865245,0.7228009259259258
3423,93.25895866438917,31.19924003731029,122.44062487180322,192.15185109755177,-556.4773945115542,0.5017429089513987,0.724537037037037
3424,92.61267879000513,33.00308516101842,124.24840112686329,192.5083992231668,-555.9553027217904,0.5044161561654519,0.7193930041152263
3425,91.16785281807071,34.38746749472551,126.10185179460007,193.17316869647496,-556.30117907298,0.5104213788066881,0.7156635802469136
3426,90.36842885671452,33.52836995435763,125.76538009165672,193.44436742879213,-557.3928183097647,0.5137511110561238,0.7183641975308641
3427,91.32487159590161,32.72313045555018,124.7005445298633,192.83628827631873,-557.1482986199757,0.5097483770212156,0.7204218106995884
3428,88.41645502255894,36.67123289135532,128.8359533650954,195.390470181901,-556.7424630996944,0.5220934872716058,0.7100694444444444
3429,98.62033219104936,26.775739864921263,115.98780597378526,193.96934241004973,-555.7388236333205,0.47958989956914694,0.738425925925926
3430,97.80314571559019,26.392360729823736,116.02906734435494,193.2234054982668,-556.2459223782918,0.48301979372565074,0.7391975308641976
3431,92.28883669787548,31.945428717821642,123.58432587137341,192.40052725417303,-556.8325120603095,0.5057456429863072,0.7224794238683128
3432,93.47478113903378,30.52706281428965,121.77767423113205,192.04064112323277,-556.6930061559634,0.5008514526837564,0.726466049382716
3433,88.33092596164659,35.54651386714147,127.95426764813375,195.28113205167523,-557.4377290018484,0.5224228513781708,0.7133487654320987
3434,94.28387914356918,29.595716801230708,120.55036993257886,191.9690271271595,-556.5916720562436,0.49752314188386065,0.7291666666666666
3435,92.1274219084923,31.30642893830077,123.16254820785551,192.33646717310162,-557.3348366028242,0.5064098256022979,0.7243441358024691
3436,92.45007422221829,30.620825462620644,122.44063663569263,192.1515659702759,-557.4721419078763,0.5050743235841451,0.7262731481481481
3437,92.39579450249317,29.753066860260674,121.77876644389922,192.02179701434437,-558.0210190696031,0.5052933388607515,0.7287808641975309
3438,96.88604688302885,26.371481719185795,116.46856130359392,192.5563670840294,-556.6978032766324,0.48683620046497833,0.7389403292181072
3439,96.98037032166765,26.024648826350983,116.14201989003945,192.56263145621455,-556.8482913328227,0.48644968788215465,0.7399691358024691
3440,96.15079016502087,25.676788780276866,116.31851260242257,192.00837826617635,-557.5347017163548,0.48987958203865856,0.7407407407407408
3441,97.76779321462583,25.31617889400019,115.18720362240417,193.02059114580186,-556.8853825131862,0.4831923932287114,0.742283950617284
3442,94.47659909884698,27.725588334491647,118.94365671561064,191.70439010815704,-557.5302019754688,0.49674274517094685,0.7345679012345679
3443,94.14961523790213,28.722734227748163,119.93565307450316,191.80468409906706,-557.204369536795,0.49807992957241015,0.7316743827160495
3444,93.78158837939024,28.3839095287521,119.8869652884713,191.70684496357106,-557.692806624227,0.49959294306754837,0.732638888888889
3445,89.88401025091,31.643409246630426,124.4434629405756,193.44113756272165,-558.8213217002112,0.515743658904096,0.7239583333333333
3446,89.57169101920726,32.68777142899398,125.37878892455272,193.82681141400707,-558.4156700687226,0.5170808433055595,0.7210648148148148
3447,93.80234969323821,27.44690632017415,119.12700122600047,191.5565209045022,-558.2206252075109,0.4995065707016849,0.7353395061728395
3448,93.04386005936085,27.722287697185152,119.79348876860269,191.59968267466044,-558.6737895831408,0.5026189700578247,0.7345679012345678
3449,87.84763130935859,33.34712548791106,126.26735510255165,195.35370926403837,-558.9273038902643,0.5244137168428322,0.7199074074074074
3450,87.54704105653795,34.73608510623973,127.39848997374654,195.85804546400513,-558.2306925378327,0.5257525836276065,0.7160493827160493
3451,89.72319614114004,31.23945658527549,124.17598443262472,193.48452485715677,-559.1612460955589,0.5164089631089606,0.7251800411522633
3452,95.08000682769875,25.739597960153844,116.99594168162706,191.55198368790758,-558.2300111220848,0.49427205489611825,0.740354938271605
3453,90.83372148463128,29.52955638103947,122.38217361777379,192.54163114484058,-559.378030477039,0.5117371528496375,0.7297453703703702
3454,90.0309278446341,29.013946944530858,122.295339181218,192.91682367433822,-560.251247618622,0.5150685674823838,0.7314814814814814
3455,90.77704815599083,28.66458753113642,121.71737033852646,192.42952825003343,-559.922739410619,0.5119561681262441,0.732253086419753
3456,93.51357771683456,26.95618441647025,118.90770008216587,191.46205280443232,-558.7375923274891,0.5006900473381358,0.7367541152263375
3457,92.46532774194536,26.759950980018516,119.35350292705135,191.52208708844876,-559.704440455911,0.5049859233307266,0.7373971193415638
3458,92.28556251124212,28.017804029108902,120.45502746353684,191.76412816548643,-559.1187513787796,0.5057313694139645,0.7337962962962963
3459,91.52932910406281,28.3325248325001,121.10013627838829,192.04301830336962,-559.5401665352623,0.5088437687701043,0.7330246913580246
3460,93.74822995486251,26.575956218237707,118.46477559296513,191.41122827718166,-558.7692231314655,0.4997255859782913,0.7378472222222223
3461,89.56080606690156,30.501565890434676,123.64003293616194,193.4785934346938,-559.6935765780532,0.5170725849305144,0.7273662551440329
3462,95.14082023722655,25.206952363433686,116.53460571606276,191.48664801600444,-558.4949732773597,0.49402532033476565,0.7418981481481483
3463,98.5551661086103,22.479960769171328,112.58642364620373,193.2136621876949,-558.2503520395478,0.4799809223906115,0.7507716049382716
3464,95.93806337109869,24.454503193748053,115.46546132085919,191.7011986717872,-558.3815099979565,0.49076802568132244,0.744212962962963
3465,97.22129283681004,22.569509448692827,113.26208674040008,192.16785782886902,-558.7297741336598,0.4855119818591286,0.75
3466,89.23895024613236,29.69677504745397,123.09337550200524,193.58515993423157,-560.3574458965109,0.5184031933402433,0.7298096707818928
3467,88.2904805426478,29.65953237968131,123.27152736897499,194.3561951683038,-560.8817723210148,0.5224014410196567,0.730324074074074
3468,89.15756616252158,29.328732568918838,122.82210585692923,193.58750211169357,-560.6191159782841,0.5187350042510203,0.7309027777777777
3469,91.01294567873165,26.976071251787857,120.2667690498262,192.04081090089588,-560.728827513713,0.5109622400152601,0.7370541838134431
3470,89.49611445005213,28.010057097887113,121.67491976096926,193.1201523128327,-561.183154795424,0.5172861458042601,0.7345679012345678
3471,92.31833553733854,25.202471306240113,118.19373703305347,191.3001205358297,-560.7273762071432,0.5055740915804231,0.7418981481481481
3472,92.11981067968755,25.413834242734936,118.46935286513705,191.38231432871282,-560.7652009955244,0.5063884152437839,0.7413194444444444
3473,91.30547650784051,24.866569541244473,118.44776764995846,191.56852963513947,-561.7285353178679,0.5097198298765302,0.7430555555555556
3474,90.29142693094389,27.1085049329414,120.67924182832586,192.44652078974067,-561.1797943557835,0.5139503983575269,0.7368827160493827
3475,92.9153959145112,24.577141601389712,117.36090220662203,191.10132924999868,-560.6052432381792,0.5031311205903406,0.7436342592592592
3476,89.12517760433023,28.194926825282607,121.9273919987085,193.4282024983703,-561.2975097922057,0.5188423454823301,0.734182098765432
3477,87.43156712181442,30.00103464080388,123.6343822064356,195.19419494118895,-561.0271892263806,0.5260678777882931,0.7297453703703702
3478,89.91784261424145,27.285990707949622,120.95950816114002,192.70995166834962,-561.3320776116019,0.5155065980355968,0.7364969135802468
3479,90.753170481545,26.30099227802731,119.84447239196751,192.0584716168706,-561.3153736340951,0.5120214756378381,0.7390689300411523
3480,90.93676796149926,25.821854223184687,119.38118637045238,191.88903611902086,-561.4562399843733,0.5112542603840687,0.74039780521262
3481,100.46186973301332,17.728554241797838,108.24123711173,194.2351901027815,-560.7503661494221,0.4721648145048457,0.7653508771929818
3482,96.89101405303603,20.12250836238246,111.48221329804232,191.5449915614122,-560.3243449596807,0.48692304631834826,0.7569444444444443
3483,97.96939516805865,19.248126601033846,110.25557583071179,192.19398555761416,-560.3271568515851,0.4824993597756121,0.7598413471951481
3484,87.39561884246974,28.868387935713145,122.7343057507147,195.042751126772,-561.698274785061,0.526175219019603,0.7330246913580246
3485,100.32659893090404,17.00229745335099,107.68686231788193,193.98251886351125,-561.1680152926796,0.4727668963557078,0.767374648039852
3486,97.957439008167,18.743645086736592,109.858837411405,192.10169851844776,-560.6249952575879,0.4825636986921586,0.7612897985704998
3487,90.17704972419043,25.380139168934193,119.345758442428,192.23448677081282,-562.2638457830126,0.5143884289107399,0.7418981481481481
3488,90.49440902898743,24.340299267393164,118.39111787454037,191.8782903786408,-562.6431599846867,0.5130512445092765,0.7447916666666666
3489,89.6878551490976,23.832921385798898,118.28523270307001,192.30323306371648,-563.4901350988591,0.5163826591420227,0.7465277777777777
3490,90.07819053889116,23.382407457158934,117.79052215346827,191.97079017564985,-563.4926038275966,0.5147540118153011,0.7476851851851851
3491,91.08532793111283,23.67982583357798,117.60600346242941,191.47145645367448,-562.5878277410673,0.510608273519194,0.7465277777777777
3492,98.37660199138077,17.39571753737397,108.60350724226771,192.2304084380208,-561.2571076109667,0.4808671004216235,0.7653407244964259
3493,93.48793957772317,21.150949869166425,114.29560877720229,190.52046669192606,-562.1294398502591,0.500782394534312,0.7534722222222221
3494,97.94995757999399,16.431882360240138,108.0193147944368,191.71950684615211,-561.9695572742138,0.4826507798268681,0.7679431990469999
3495,97.53068093280918,16.580298114604716,108.333066625326,191.4176075957358,-562.0616126689525,0.48436994424474483,0.7673611111111109
3496,98.93608513883636,16.77497051394039,107.89372707066748,192.62291400670944,-561.4595672707225,0.47856842030022634,0.7673678795754815
3497,90.16370904815189,22.569075936275,117.11013250390107,191.78505131949717,-563.9067795960775,0.5143839099732722,0.75
3498,96.8152268726543,16.5649626314559,108.68656823660072,190.9175777712984,-562.4326185041795,0.48729867211035477,0.767168209876543
3499,96.5339545687585,17.474363187354072,109.56422055659974,190.89209460171622,-562.065231347957,0.48842973762404485,0.7644675925925923
3500,99.21703891060966,14.71085835530937,106.15053445083655,192.54319772690235,-562.598161403343,0.47747390388055333,0.7734425763482777
3501,90.24574990607692,22.023888040826137,116.64384143807526,191.64580036019376,-564.1660268422858,0.5140308142719359,0.7515432098765431
3502,88.88461093508646,23.341252509348465,118.11988187429192,192.82725339787487,-564.2559162246085,0.519714073774769,0.7482638888888888
3503,95.23186128994726,17.041691553330907,109.97094444005938,190.1945918988664,-563.1734496871729,0.4937216605984197,0.765432098765432
3504,99.1994293725759,13.953903669528813,105.55226598419864,192.40355377484104,-563.0406860858553,0.477570412255373,0.7756152534113054
3505,98.3724967839569,13.88098100296952,105.80179628206615,191.65474176205035,-563.2983951243624,0.4809767477036747,0.7754629629629628
3506,97.66433533261731,14.989832214774424,107.00061620819544,191.26057592209185,-562.925298510241,0.4838549435285922,0.7719907407407405
3507,86.08238562121608,25.773645750189985,120.24621551928772,195.81094496150934,-563.8239698860609,0.5316394187233424,0.74258853151397
3508,87.52799251441816,24.70731398470872,119.41456638910213,194.23919285939323,-564.0758315748243,0.5254555645654557,0.7449439571150097
3509,87.11650659288682,25.4476967307167,120.01832798672154,194.75183910881807,-563.7755313749603,0.5272351123341191,0.7430149447693306
3510,95.11483814203041,16.231813718618525,109.39561663108246,190.0215915177506,-563.7286748760264,0.494202944922568,0.767746913580247
3511,95.86282893779202,14.939318194455666,107.92322338781511,190.12024662769153,-563.9588944491276,0.4911899686242613,0.771604938271605
3512,100.21869780879261,12.328197613674604,103.97806980131294,193.11356421610344,-563.8766647864935,0.47340328417990185,0.7807829759584137
3513,94.9497518198083,16.223830048146908,109.48828938567391,189.9662224648511,-563.8539431939231,0.4948690135483339,0.767746913580247
3514,97.4942345080298,13.76284910676037,106.10405052619465,190.9326482000773,-563.7138849413805,0.48457687001481464,0.775462962962963
3515,97.37738355157312,14.752561787656816,106.95148610501428,191.00731298720163,-563.1940778877474,0.4850365410829748,0.7725694444444442
3516,97.63620329789678,13.557335332261744,105.87174055096814,191.00624685139263,-563.7691166213245,0.4840006996733451,0.7761059670781894
3517,97.46616814287341,12.420097855662164,105.04700785834447,190.6933829442313,-564.5066931508354,0.4847199702771372,0.779320987654321
3518,87.04416971309453,23.18219853788395,118.21580601950987,194.45145417192433,-565.1144862712067,0.5274497947967387,0.7495735867446395
3519,98.23322576017307,12.632266869600926,104.86418967805217,191.3335901308465,-564.0705131315243,0.48158128071550776,0.779002869828893
3520,87.89607645575876,21.87342085942032,117.12517765791372,193.43712495530053,-565.5850853291176,0.5238024802168395,0.7529307450725577
3521,88.30027765211817,21.40630332480822,116.69706610815348,193.0015948237903,-565.6783871551631,0.52209406203513,0.7540881524799652
3522,98.38937674645965,12.374851286581873,104.5935681838215,191.42378687601808,-564.1671124896961,0.4809477415780588,0.7798083170890187
3523,98.82696959968243,11.222930758555776,103.50354216905802,191.6197364723094,-564.7083627106958,0.47918313692691966,0.7833143816330949
3524,95.72105837862632,13.590298699675714,106.92971023890115,189.83520330967383,-564.8376772731774,0.49177711463709456,0.775462962962963
3525,95.09742807548749,14.222174300619429,107.80297436802108,189.6900938598485,-564.9080230115201,0.4942827057248965,0.773533950617284
3526,94.82736497892412,13.53985763021575,107.42203131713563,189.49424249198174,-565.5037598830617,0.4953772369482344,0.775462962962963
3527,90.4169477085899,17.516400411069696,112.98458867877815,190.8122005033747,-566.6635271766751,0.5132390323818043,0.7644675925925923
3528,103.10303770377449,7.2842764702898535,99.53644436250138,195.1352218981208,-567.0292743070422,0.4617864364702543,0.7967497834091383
3529,104.24902525989978,6.355015080717067,98.6759256646354,196.11271281730953,-567.7224171386302,0.45726113251338013,0.8000000000000006
3530,102.4948787772,6.050175144170339,98.63318322433666,194.3327418873235,-567.6877286401339,0.46432617908862495,0.8000000000000006
3531,97.6927073561219,11.086114970339338,103.87365429838893,190.64771320616208,-565.1794745844619,0.48382316488875965,0.783246696989387
3532,87.51354788820524,19.88627826641482,115.57773533551385,193.46439402070607,-566.8865258596826,0.5253312205887204,0.7588328460038983
3533,87.80977248144478,20.14586568699451,115.75879921875273,193.23251436354866,-566.6248279990823,0.5240985155932034,0.7579461771713232
3534,98.68513225396218,9.807330319010475,102.42741850568447,191.26242491471342,-565.5681688075673,0.4798065526373046,0.7873314652371667
3535,97.79055881029814,10.228464515763108,103.14357308432335,190.58432179731497,-565.6358213687644,0.483442768575175,0.7857544130387697
3536,94.92452279148985,12.137966126550396,106.24518690714976,189.29609033965284,-566.2455436624242,0.4949916908857069,0.779513888888889
3537,94.33038528831268,13.524414702801437,107.70918011170824,189.3720432163298,-565.8912756047116,0.49737544282553187,0.775462962962963
3538,93.53362043225032,12.913178575958511,107.70187573696887,189.18563761168326,-566.8785694549682,0.5005872011757964,0.7771990740740742
3539,93.69544957535214,11.372713302545947,106.37721361883003,188.94275886566953,-567.643295880632,0.499934778158728,0.7816358024691359
3540,95.12411385827606,11.142590899416348,105.33234139762315,189.19971678788048,-566.6777116400303,0.4941989855046638,0.7824074074074074
3541,99.07190056836407,8.093858807789161,100.91960929239556,191.33073606680256,-566.4666802958631,0.47827691100576536,0.7924382716049383
3542,91.93516805225892,13.838454224353029,109.33953917860839,189.55472033929175,-567.6381836627676,0.5070233070600948,0.7746913580246915
3543,99.12560994116093,7.767471704863851,100.64087288035986,191.32661200585878,-566.6447135240998,0.4780681815975648,0.7934027777777777
3544,99.35685124125783,7.4021323511814785,100.2740453672307,191.48179472749757,-566.8128328178705,0.4771335109380269,0.7945601851851851
3545,94.65847008918979,10.452309245401636,105.06282397206637,188.94763200034922,-567.4239333824274,0.4960705967913951,0.7843364197530864
3546,94.49980373348211,9.911355595030159,104.72779107937366,188.82158252297074,-567.8594342927092,0.4967104306246941,0.7858796296296297
3547,88.88952810179285,15.101514068009578,111.55497255031791,191.47910603717074,-569.0439577326785,0.5194574710691788,0.7719907407407407
3548,89.09555296448463,14.870527005763563,111.31960163250365,191.278915820323,-569.0617344920726,0.5186032619783241,0.7725694444444444
3549,95.78403116216128,8.571845316783993,102.89253838643621,189.04959141743578,-567.7108102349508,0.4915802271994606,0.7899305555555556
3550,90.82023902426043,12.94379806943249,109.16891559518551,189.85307088831303,-569.0260736432008,0.5115189294715472,0.7775205761316872
3551,91.93352518023755,11.762626976220474,107.68576076289531,189.21836666913302,-568.8459468788276,0.5070107178763255,0.7806712962962963
3552,91.13407786997438,11.218662326293725,107.65044378373285,189.4248380928885,-569.7905654864716,0.5102224762265899,0.7824074074074074
3553,92.41386007243408,11.267925081204169,107.03340635276305,189.01903375330951,-568.7453516627106,0.505078627192659,0.7820216049382717
3554,94.38935594436533,9.23870623365542,104.2585199217674,188.6887260920606,-568.3356449187212,0.4971567972251334,0.7878086419753086
3555,95.89056920465956,7.910170858568733,102.30325610865013,188.99237463323092,-568.0247481794892,0.4911627683830595,0.7918595679012346
3556,98.67816481726565,5.675581427035013,99.13555842651878,190.58129981183748,-567.9680589141549,0.47995910045847634,0.7992270413688539
3557,92.25322753105729,10.739885339073624,106.70021675960662,188.96822886144778,-569.1823679512789,0.505718461025958,0.7835648148148149
3558,96.76360089936969,6.9388321349577495,101.03929963408483,189.32037674138135,-568.0532491992849,0.48767305629683705,0.7948816872427983
3559,97.06230335440242,5.809739043330296,99.98122228601136,189.3313005431535,-568.5467332528056,0.48649333076861045,0.7982253086419753
3560,97.11225226512468,5.199476751764848,99.46890655757679,189.26600033311317,-568.8758040820542,0.48630566814914206,0.8000000000000006
3561,98.58565696915653,5.393750727764711,98.9478220999346,190.45527177645312,-568.1602133406233,0.4803423403281914,0.8000000000000006
3562,98.11932328982552,5.32752076696778,99.09062373578006,190.05182294381095,-568.3573102759966,0.4822349641268858,0.8000000000000006
3563,99.13506689222292,5.4789195545944835,98.82169969146148,190.96684074599324,-567.9841521787125,0.478106331605973,0.8000000000000006
3564,97.68192510970812,5.273433363365086,99.26144721339064,189.71941101840648,-568.5911626472305,0.48400303480063595,0.8000000000000006
3565,90.02491539929807,11.734789840404574,108.52808676132436,190.1088198499456,-570.29829622019,0.5147264914272218,0.78125
3566,87.5330894777709,13.908860421828251,110.81650014840137,192.46892727976308,-570.3597608558001,0.5250267786788532,0.7760416666666667
3567,87.99463135578567,13.363644927750101,110.33651371819137,191.95732272301655,-570.4948364166901,0.5230946879951867,0.777391975308642
3568,89.91189603668914,11.078883374782208,108.04599110958284,190.07512205937437,-570.7560016286735,0.5151728580276611,0.783179012345679
3569,88.69931515034658,10.976772381619696,108.31285663110812,190.96123076474922,-571.5454625905141,0.5201232398287323,0.7839506172839505
3570,90.40863920096129,10.485817429278882,107.38440811952152,189.67371802248474,-570.7561116706806,0.5131440337275648,0.7847222222222222
3571,91.07486036257609,9.705695373556978,106.47219176831534,189.20551796968385,-570.714936880342,0.5104389346607696,0.7867798353909465
3572,91.57779994705282,9.128956051091393,105.76967086232604,188.90739411249672,-570.6587021012087,0.5084101103606733,0.7883230452674896
3573,87.8358511805777,12.853536099058147,109.94943970416394,192.01754696278607,-570.8580075596201,0.5237345218284857,0.7789351851851851
3574,91.91479093209516,8.749196249617569,105.29441311220087,188.73506903271857,-570.6115860645214,0.5070575608272758,0.7893518518518519
3575,91.87006425867632,7.412985220893859,104.25218860556413,188.53153546896212,-571.4238542668305,0.5072222888661053,0.7932098765432098
3576,91.88864122883548,7.411816733188175,104.24159571506364,188.52571591655823,-571.409690911193,0.5071481803343143,0.7932098765432098
3577,91.77883929714349,7.418883596978617,104.30402573866624,188.56107873576497,-571.493150132233,0.5075862914471299,0.7932098765432098
3578,91.68765387518928,7.4251101496626575,104.35552865770828,188.59220735980114,-571.5619765121868,0.5079502940281544,0.7932098765432098
3579,95.37655778639294,5.049243625275551,100.32509162922722,188.30360429468527,-570.0388982538412,0.4932478813508097,0.8000000000000006
3580,95.31905317291113,5.046389179711639,100.35724139299958,188.28382199318236,-570.0823633138396,0.49347639043522873,0.8000000000000006
3581,95.47849394790211,5.056520698519364,100.27141509504878,188.35125217021985,-569.9661430034231,0.4928410160296336,0.8000000000000006
3582,88.20940342770817,11.58820912229578,108.89153870644923,191.4773281771747,-571.4324598389427,0.5221520641288286,0.7824074074074074
3583,88.58581106162474,10.324275583914869,107.81689211115626,190.949012984902,-571.9842523538812,0.5205696064291716,0.7858796296296295
3584,87.77598692787224,8.443762889993707,106.44336239565456,191.35040120410414,-573.4487352790867,0.5238241813409703,0.7916666666666666
3585,88.96333355919184,9.063047717907011,106.72612233131282,190.4351100725726,-572.5141896026208,0.5189871487295146,0.7893518518518519
3586,88.2432581247478,8.368197132241676,106.32121268984304,190.92144718294335,-573.2900405591803,0.5219087062304895,0.7916666666666666
3587,88.21018590659385,8.373078213540964,106.33065219078495,190.95106884838205,-573.3023492927016,0.5220437690296786,0.7916666666666666
3588,87.99287035371543,8.408054192657914,106.38975823259189,191.14876128412794,-573.3792650281445,0.5229339751853245,0.7916666666666666
3589,90.85571594848803,7.091270618167755,104.48805505150379,188.8838161880949,-572.39952664714,0.5112780032353401,0.7943672839506173
3590,90.02812831183714,6.7780352793881775,104.5764264591044,189.29916995229604,-573.1761462471948,0.5146057124425258,0.7955246913580247
3591,89.2413225227227,7.862969723922276,105.69621746329412,190.02462389305325,-573.0509286460049,0.5178242477008113,0.7926954732510287
3592,90.93103063950485,6.0127145566255535,103.59383635447003,188.67146706019548,-572.9687390364081,0.510954215548544,0.7974537037037037
3593,89.62590399210919,5.667119683045598,103.83040226146812,189.38650508895495,-574.0880799566688,0.5162070835126249,0.7988683127572016
3594,89.13299046624157,7.56561378593932,105.48906156853175,190.0586681517729,-573.2878425094895,0.5182572093365077,0.7935956790123456
3595,93.22837784154002,5.001831735533813,101.5750059291743,187.9045197107505,-571.7239957260828,0.5017982665302883,0.8000000000000006
3596,93.00328591476968,5.006433745533286,101.7092005636179,187.91933125122497,-571.9041756628765,0.5026925393029928,0.8000000000000006
3597,92.7572364832631,5.013620661728339,101.85524993085097,187.94898379441022,-572.1000996215133,0.5036698429109296,0.8000000000000006
3598,92.4902945678004,5.024369360778508,102.01245415753732,187.9967482261513,-572.3107850850477,0.5047301773540988,0.8000000000000006
3599,93.36314929813592,5.0,101.49455270107885,187.90137826957005,-571.6158997148125,0.5012627689403385,0.8000000000000006
3600,90.7296548386624,5.451408849554639,103.23634957421406,188.68020164844324,-573.446019978166,0.5117549010835936,0.7991255144032922
3601,90.62418416692817,5.158876822171351,103.04726863475143,188.6905123753677,-573.6927949423679,0.5121737212096198,0.8000000000000006
3602,90.68223739367497,5.152684395580593,103.01859165372095,188.65680887530272,-573.6546815472244,0.5119408980612199,0.8000000000000006
3603,90.74923657623829,5.146035193692342,102.98440269333103,188.62079077333001,-573.6091891668576,0.5116727507961091,0.8000000000000006
3604,90.79688972636676,5.141547264601627,102.95943184671158,188.59706975434048,-573.5759294914983,0.5114823494460345,0.8000000000000006
3605,90.74040170473954,5.146882610128898,102.98897381507142,188.62536200657698,-573.6152747007733,0.5117080749128201,0.8000000000000006
3606,89.84605504759762,5.247794766336597,103.41648507788437,189.1769142089133,-574.182834382592,0.5153111142283885,0.8000000000000006
3607,88.9159614641897,7.016165718489788,105.10704497334571,190.13899359919807,-573.731237776247,0.5191254262711518,0.7952674897119341
3608,88.80646307328482,7.032130344908069,105.14575734403171,190.2293719537959,-573.7821148933397,0.5195705293489747,0.7952674897119341
3609,88.69703572218303,7.048300338302283,105.18322284765252,190.3211542837524,-573.8312981588361,0.5200156324267976,0.7952674897119341
3610,88.60578563677863,7.061971750198097,105.21351937868357,190.39877815286852,-573.8710267465273,0.5203870551245677,0.7952674897119341
3611,88.51460090888278,7.075826179780336,105.24292515447738,190.47730931125784,-573.9095464793861,0.5207584778223379,0.7952674897119341
3612,87.03076652313449,6.860814155805542,105.2248598038132,191.79090228993468,-574.6234009384442,0.5268278445102301,0.7965850841094504
3613,86.83855720788574,6.040290472433242,104.57032639972155,191.8423367651557,-575.152029357949,0.5275868306993198,0.7990442928308423
3614,87.00126637213123,5.680472654795722,104.28299154799045,191.62664075715364,-575.3161694655546,0.5269020588030799,0.8000000000000006
3615,86.60176204847612,5.749596029356553,104.32750490290948,192.02593006867184,-575.3708934656568,0.5285464154549675,0.8000000000000006
3616,84.53712010852198,6.109324983909858,104.49120770164619,194.10662364765912,-575.5643178344808,0.5369917939531785,0.8000000000000006
3617,84.22730335946655,6.163310545680872,104.5149233736957,194.41903429255524,-575.5921988745973,0.5382558874511382,0.8000000000000006
3618,88.39169691767654,264.1428720555561,310.2238993729257,232.25405509563967,-424.6029552241011,0.5327315439364948,0.054758004837196346
3619,95.79035047918227,252.59673947000522,297.43408002785844,228.61850791468453,-425.90317897288577,0.4874441043739154,0.08694919741053608
3620,97.64685092335893,249.95539452378193,294.3325133152912,229.34509483434752,-426.395398201085,0.4763164431332212,0.09510030864197534
3621,95.86823379638446,251.68971094019247,296.66548841141116,228.50843705031195,-426.37881312706475,0.4869994749320023,0.08957987389598837
3622,96.08580512805908,250.1645260478093,295.3241755937621,228.3702225581672,-427.1241301576774,0.4857351636132563,0.09402412280701765
3623,94.54775689290403,250.72077724164103,296.6794691421789,227.88185630131414,-427.890060219771,0.49490038410722115,0.09217069164681269
3624,87.60442722776892,259.3869338772705,306.54797945181826,232.1839893806509,-427.7201307552498,0.5373158573205693,0.06882005360623833
3625,89.87899358010246,250.18644457816066,298.67591921985854,228.88500020978978,-431.8281227159251,0.5228142726833234,0.09438285141867049
3626,89.97928757980432,248.80457028558862,297.5381542874056,228.59698888055175,-432.5634715283814,0.5221473285204536,0.09832886614684892
3627,92.63720192768422,217.79861260836614,271.5596837959883,222.4754220528548,-448.54990291656213,0.5058617357572492,0.18703523211320486
3628,87.84852178587242,217.16404898535686,272.79167029793973,225.20335991876158,-452.09186067929596,0.5332617501566982,0.1903878781315431
3629,90.29832700535468,207.04113846028307,264.1110299592336,221.65473737710246,-456.606395200892,0.518692177540601,0.21855145837845663
3630,88.64764913248389,207.78972186899674,265.18461339399397,222.995594225885,-457.16484174890957,0.5281245863737094,0.21703757851418695
3631,89.15773322573943,203.51060823640847,261.65901288788353,221.88712283832115,-459.37948114367407,0.524991106180198,0.2291486174283448
3632,96.50351638476617,194.41593218420815,250.64763772085865,219.58603494386716,-459.27555842818595,0.4848823056354406,0.25474694967872363
3633,88.97331600301173,201.81780402324188,260.35366500795703,221.76264175994888,-460.46532685068155,0.5259717117764274,0.234103133347773
3634,92.98401935991161,196.64066947755163,254.49573606552735,219.0006906075243,-460.5650777083317,0.5037864836570476,0.2479574278632111
3635,93.08188923158202,196.01699052329695,253.9423607914036,218.8914664064281,-460.84779582513886,0.5032587825938251,0.2497465586118935
3636,91.31522075701712,197.11439414402562,255.75984413755685,219.51542598913917,-461.6267329193991,0.5127904331153779,0.2468564243255604
3637,94.05584775561498,193.51244637547057,251.36837522283358,218.51515947586066,-461.51965559541867,0.4980510438701324,0.2569489567540251
3638,91.33123421368131,196.7309738928472,255.44642328715494,219.4464342128881,-461.8371846907185,0.5126940942717197,0.24795742786321112
3639,98.96437586223236,186.33032176044904,243.09477595896075,220.2104454912214,-462.99422791709753,0.4716283378066207,0.2789690275070392
3640,96.95579497039125,185.7679267030404,243.51431079877503,218.47663494747903,-464.0534162444732,0.4826905969422171,0.2797947801602773
3641,94.44535067274744,188.36005346543533,247.02612062438112,217.74829207744816,-464.2093587211372,0.496008168596191,0.27181250451230976
3642,91.71993739026331,190.87261815581076,250.58579396531184,218.34721548207241,-464.93835726531285,0.5104826260213764,0.2647477318123844
3643,94.27033755702358,187.63902984098485,246.55758977828012,217.59658293433827,-464.7643670991955,0.4969409845911659,0.27387688614540484
3644,97.04583949331371,184.05874634735935,242.1050383249058,218.2621004010455,-465.00072974282097,0.4822570721457553,0.28474929607970556
3645,90.21261758446582,190.9201207848365,251.2896336899556,219.10008258828822,-466.03246096339115,0.518623851040578,0.26502298269679714
3646,94.0043891933974,185.86652693544607,245.305473265796,217.26870168723715,-466.0032156967026,0.49835116965063686,0.27896902750703945
3647,92.30658478617555,187.57304209982433,247.6471602245787,217.64146031021951,-466.3859799577202,0.5073091122640354,0.2741521370298176
3648,94.04570807030487,185.0073274018899,244.59520867906883,217.13469833721524,-466.4696493341651,0.49813440725240593,0.28144628546675354
3649,88.83093052207363,189.1803327224545,250.30543780762736,219.8378615483607,-467.88063914505403,0.5261797356198246,0.2705738755324529
3650,89.63064962208253,182.25445505174903,244.57768977419755,218.09349581161968,-471.4478783052455,0.5214856927837271,0.2901973458595051
3651,89.84723858940681,181.2491808280035,243.7074501408649,217.77711786486717,-471.8948812944594,0.5202759012052338,0.29301189896036417
3652,87.55662504578292,182.01678046388008,244.76941022636453,219.81285683077525,-472.5994549454176,0.5328950172419125,0.29179583152840993
3653,87.54933642710901,181.32757487770078,244.21985159523828,219.70822259281314,-473.0022940262356,0.5328950156068143,0.29378576005342616
3654,98.61302867664823,163.38702991087564,224.93031381749955,216.1745260407983,-476.4114804805669,0.47465100448428954,0.3449074074074074
3655,98.57530312621383,162.8454949969559,224.51271674508337,216.05288892992587,-476.73595148272113,0.47487688435251135,0.3464506172839506
3656,96.60873815933049,161.92247627473031,224.6890397619344,214.38474211091548,-478.0995294698025,0.4851903376744573,0.34837962962962965
3657,98.71870784156502,159.38531794680677,221.70240802298284,215.6202576263646,-478.7114997082782,0.4742728238857076,0.35648148148148145
3658,95.97761766804122,156.2848045422367,220.5463000042175,213.11032608627121,-481.7580648142693,0.4885367002343786,0.36445473251028804
3659,88.57525305571083,153.1790904760054,221.64814754643507,214.22497082598116,-488.92492469075455,0.5259076379501333,0.37440324705797384
3660,96.24719775307496,143.22881141009123,209.98313227591692,211.13932792459795,-489.17472688062674,0.4874382548845341,0.4021347736625514
3661,96.21575526040317,142.95815629143314,209.7849996333319,211.0778251893178,-489.35130702532723,0.48759977954700995,0.402906378600823
3662,96.2218452800787,142.6462570262064,209.53270028797124,211.03084099617263,-489.52858027696954,0.48757417049214835,0.4038065843621399
3663,98.47929641716938,129.71716449925316,198.13601201004198,210.59535674009695,-496.01009380979775,0.47673138610225413,0.44184408503898565
3664,89.46308578616687,136.07694365617866,207.8119052834141,210.72837401704854,-498.3835763863786,0.5206606789691444,0.4232913011695905
3665,89.41413707518709,135.41419116222417,207.29737647811672,210.657846438352,-498.79815975189655,0.520883759171712,0.42522031351526945
3666,97.00994193215828,126.18499577769632,195.98560102538994,208.85334278555186,-498.648662438281,0.48409460535043797,0.4514548814165039
3667,96.86129526027872,125.49871243064271,195.51582935414646,208.64052702022428,-499.12522279688045,0.4848364438134761,0.453383893762183
3668,94.27612950181644,124.61258415451616,196.30745108775739,207.37728531176484,-501.38335249992554,0.4972057417892234,0.4554398148148149
3669,95.50773554881154,121.88363433789729,193.3924932338629,207.3119685755468,-502.0598168710666,0.4913883772177094,0.4634570608620314
3670,90.42146043263726,121.86944477186609,196.16353197060263,207.77339157751678,-506.01305909553446,0.5155233142411788,0.463866552956465
3671,98.94465148607028,109.52900520691156,181.87334224013748,207.73304296883853,-507.6228816783629,0.4752560804567286,0.5001979775828451
3672,96.42728173053129,105.996478938857,180.20234738967466,205.20209338619105,-510.6999552749011,0.48733574116963035,0.5094318551007145
3673,91.78434836310058,107.46162651238984,184.05738349698936,204.79794316325123,-513.3561810357029,0.5087949071117976,0.5050154320987654
3674,95.34578474742376,102.5649709245742,178.08861618514067,204.1115304240006,-513.3991272057244,0.49239672801746864,0.5190769168291096
3675,88.42947942483416,109.5289288940977,186.88387657347135,207.2569856633324,-514.3635659791018,0.5247439203390765,0.5001979775828457
3676,95.07132716740118,101.87997051070633,177.7068117568541,203.899407740012,-513.9939143773862,0.49366609605422285,0.5210059291747886
3677,91.87068058541405,104.57702440683164,181.71323595106864,204.3017352639957,-514.9643757292208,0.508358046683564,0.5133101851851851
3678,91.91509723576141,103.90456858045351,181.15404141507503,204.1786275153398,-515.3195968025786,0.5081437377942419,0.5152391975308641
3679,92.08710493440573,102.51733683918854,179.95765218852546,203.9031192367297,-515.9876237956481,0.5073340122727932,0.5192055176521551
3680,95.36804417613068,97.05216077129566,173.68137188084128,203.22605757034393,-516.5866464104008,0.4923610098692482,0.5349591184752001
3681,92.54766175178352,97.29301734260014,175.5436426942688,202.95018188104595,-518.6511278268363,0.5051826807299824,0.5341875135369285
3682,92.63400048094682,96.75389118739469,175.0657766618961,202.84768344106297,-518.8943473379137,0.5047870335496953,0.5357307234134717
3683,91.18190048514708,96.14581515194047,175.33132530717077,203.19859793679476,-520.4024490303099,0.5113937467969328,0.5377477257959711
3684,98.34967002973161,89.20647439432994,165.8863182050465,203.89558271123065,-519.575891378957,0.47883356188643933,0.558477276008951
3685,99.3392587761079,85.99489201305033,162.97943483029545,204.27432862794745,-521.2181633169864,0.47433235518966405,0.5681711270846845
3686,92.9627389233184,91.73625750859412,170.87854680240767,201.9903162931394,-521.5414992290798,0.5032640892373685,0.5501543209876543
3687,99.43528513658819,85.52050387662175,162.57342919965302,204.2882584195377,-521.4813428607586,0.47390259994987566,0.5695831979640439
3688,99.42842235882411,84.66468031442102,161.89296210143416,204.14140443287684,-521.9789423996756,0.4739753405312556,0.5720446628402267
3689,89.02491425329833,89.20720311811172,170.57192932797247,203.45038973266463,-525.879455766676,0.5211664391746338,0.5584772760089518
3690,97.11148467474058,69.96848447650467,151.11333079448818,199.79311660274615,-531.2557219691007,0.4849867285948638,0.6134259259259258
3691,92.40113876045562,68.8120066113768,152.91725879988277,198.3583918149743,-535.319743562819,0.5055910223851776,0.6162551440329218
3692,97.15503312708552,62.830440922088115,145.3999690716027,198.66342872250146,-535.3802774886387,0.48495585321785095,0.6340020576131687
3693,98.09501500195512,58.53142487302114,141.52991663672037,198.68853654646057,-537.4729386957159,0.48093466382987454,0.6467335390946503
3694,96.52354076916106,57.49544321940374,141.47959731122873,197.38553999556964,-538.82195443854,0.48780873657302276,0.6491769547325102
3695,90.5721034452742,62.79175170099188,149.00999379631156,198.0872998407942,-540.2398339148895,0.5134776520511819,0.6340020576131687
3696,89.49076426894788,58.50327065743892,145.976964154246,198.09019196380405,-543.4578111132068,0.5181094043461106,0.6467335390946503
3697,97.04452077145052,49.87216641236233,135.1229324799593,196.48160632183513,-542.9631700793192,0.48570806757675883,0.6712962962962963
3698,95.32910075579018,49.72484050611814,135.97028684067809,195.53337755720128,-544.1142138408543,0.493027540412069,0.6712962962962963
3699,95.31851714471043,49.188591410616226,135.54895806851903,195.44231723884786,-544.4332781161927,0.4930772702978141,0.6728395061728395
3700,96.24027690658002,48.720243166981675,134.6401652172695,195.79763101676,-544.0914400588825,0.48917052838068886,0.6743827160493827
3701,90.40459929703148,54.149916439164,142.1887765640112,196.77781584850834,-545.3828744885658,0.5140272273888242,0.6589506172839505
3702,96.23050643788105,48.18387203148936,134.21786609735597,195.70516984572063,-544.4092180150603,0.489220258266434,0.6759259259259259
3703,96.7896154350943,47.07695947542885,133.0278544540559,195.85835863594042,-544.7235516355038,0.4868552114754212,0.6792695473251028
3704,93.60043140445471,49.6764500206138,136.97053548347128,195.14960133100374,-545.4635430595338,0.5003470132473793,0.6712962962962963
3705,94.37179596137932,48.61358020677201,135.65941576152795,195.07067493719714,-545.4706978521598,0.49708347198642966,0.6743827160493827
3706,94.3602811791865,48.07779591578216,135.23892837563557,194.9814945428499,-545.7908689850842,0.4971332018721748,0.6759259259259259
3707,96.25614175546376,46.222048247276575,132.63883315366414,195.40106794671289,-545.5328243974964,0.4891388363939748,0.6815843621399176
3708,94.37232895369091,47.54258925599606,134.80475436801493,194.89709426012,-546.0925829753102,0.4970840199628482,0.6774691358024691
3709,93.59798688889992,46.46284081966655,134.40864088549478,194.628310435524,-547.332014029394,0.5003486571766348,0.6805555555555556
3710,90.35803380890499,49.60151751011003,138.5803640204232,196.06389845770173,-548.0577034305499,0.5141206177052264,0.6720679012345678
3711,100.06551325407304,39.211939683603816,125.4669971173336,197.35173763943567,-548.2975566634392,0.472973771968602,0.7032772904483426
3712,92.11305205906089,43.338585425424526,132.76074775593978,194.29206549794327,-550.3529331945795,0.5065726526315623,0.6896862139917694
3713,97.3449483821598,38.65870163820671,126.02783222763453,194.87116941589076,-549.3274071483926,0.48466189880604654,0.7037037037037037
3714,90.16937421630905,44.577521591816634,134.64790772090802,195.35971708298106,-551.1073837591885,0.5148098684682281,0.686599794238683
3715,90.61714847900576,43.5465204033415,133.64761184270387,194.93143087124238,-551.389413287965,0.5128848243884574,0.689429012345679
3716,95.72543368788264,38.368787191650824,126.6809970313116,193.85812661576438,-550.4393225964792,0.49147891817676026,0.7040895061728395
3717,89.09880275804768,44.29355120981339,134.7606973768911,196.07013852068334,-551.9498922693349,0.5193959115643876,0.687821502057613
3718,99.80311897319493,34.19823000937902,121.52708727645991,196.2797382630435,-551.2178235794627,0.47430379038410747,0.7175925925925926
3719,88.95292814582707,43.845746968330644,134.44009764638682,196.11288009284308,-552.292108899088,0.5200114324637259,0.6891718106995883
3720,97.20256567575807,35.38274878048702,123.48631351520406,194.23785083097562,-551.2983811787723,0.4853253806611079,0.7130915637860082
3721,97.59666215622522,32.081783297313336,120.66104195824941,193.9900157120331,-553.0304043407464,0.48374351966579854,0.7227366255144033
3722,97.49339170331245,31.711582082794052,120.41566535599817,193.85164069798927,-553.2918345611673,0.48418668193941694,0.7237654320987654
3723,92.427563790532,35.879163156913364,126.64404404266855,193.0088928162926,-554.4346883987694,0.5052032197624818,0.7111304012345678
3724,90.81761727815964,37.29933778086354,128.58172933296933,193.81158497778807,-554.8735989058359,0.511930633870241,0.7073688271604938
3725,90.77646812018224,36.734253975328386,128.14945281009676,193.74090274441738,-555.2329505276546,0.5120953159235234,0.709008487654321
3726,89.2082177072723,38.2620936818459,129.9261296643263,195.0031121730508,-555.394312936842,0.5187599695252734,0.7051504629629628
3727,89.18437327925355,37.59593850238423,129.4016885549374,194.91308608502433,-555.7958226318328,0.5188442033003631,0.7070794753086419
3728,92.05049429317683,34.324891666386975,125.60895312479207,192.84661525737326,-555.6428558573593,0.5067545848700792,0.7156635802469136
3729,93.33805836476661,32.39218188430084,123.34455726632794,192.34336947624797,-555.718874786591,0.5014138252420521,0.7210969650205761
3730,95.55090259831294,30.120003586465202,120.20757814821334,192.4422981677171,-555.3512007274044,0.4922977551611014,0.7278163580246914
3731,87.40067867919875,37.808293935376184,129.85223097653002,196.49846223850747,-556.4916436814543,0.5265098057108222,0.7072723765432098
3732,93.17741154370225,31.858911511230076,123.01392388571031,192.26220929977418,-556.1597150117678,0.5020785686524798,0.7226401748971193
3733,89.07635241334441,35.802731636296755,128.00177807011877,194.70574339947274,-556.9010555595415,0.5192578011820177,0.7122878086419753
3734,89.13715215003721,35.00176660257796,127.34770931686317,194.52776850731055,-557.3320887488032,0.5189773158959159,0.7145704732510287
3735,88.74159937259137,34.5907121213138,127.11456129417748,194.7770604475151,-557.7892069013315,0.5206421820206337,0.7159207818930041
3736,88.94834476097691,34.11374316632572,126.6874919411393,194.53164056140557,-557.955162078771,0.5197518473418652,0.7172067901234567
3737,89.65629549834719,33.81501817063031,126.25033138506613,193.95035679446346,-557.706589069042,0.5167514791989944,0.7177854938271604
3738,95.0950709211645,28.687655862916756,119.33749580066124,192.03456201142237,-556.5079795952153,0.4941948310839648,0.7318672839506173
3739,90.44495909678355,32.694482840042724,125.06972075040127,193.26452331710976,-557.8232366732506,0.5134146101633875,0.7207433127572016
3740,95.02828463769659,28.24935339774771,119.0280200223612,191.94104546523948,-556.8116275054347,0.4944732249282395,0.7331211419753088
3741,93.33989030156731,29.65813212420295,121.16474803661878,191.8999223529102,-557.3078083538282,0.501408240372306,0.7289737654320987
3742,87.62868057877277,35.191206103612444,127.75543250272094,195.8563500619043,-557.9367989397991,0.5254198547544201,0.714699074074074
3743,88.2446617768356,34.421273264776005,127.07187071582872,195.17269855531387,-558.1320274004613,0.5227522154847358,0.716628086419753
3744,93.27221429333802,29.223908643713514,120.85836100241532,191.83105361953182,-557.6152926267006,0.5016866342165808,0.7302276234567902
3745,90.28358949278883,32.065124038163844,124.63225488284219,193.25677608903774,-558.30375480482,0.5140787927793782,0.722608024691358
3746,96.12326364278525,26.388645187130862,116.90224704481855,192.1089797437523,-557.1390686697781,0.48998653857854,0.7386831275720166
3747,88.70608188015163,33.0110745853774,125.86385835182678,194.54932956692463,-558.7268307842835,0.5207472800741959,0.7204861111111112
3748,91.61305947037006,29.631700013087197,122.09445823259294,192.22352294672228,-558.7190702505598,0.5085152458551945,0.7292631172839505
3749,93.03384394556934,28.19106319061399,120.17319196244185,191.67653773419684,-558.4094838602867,0.5026621562407564,0.7332175925925926
3750,94.55223887459368,26.489225633836952,117.9111498567372,191.52152225742824,-558.1894792979668,0.4964312313351965,0.7381365740740742
3751,90.03380422276813,29.604863176905894,122.7655591064158,193.01130885144212,-559.905749099625,0.5150701730949404,0.7297775205761315
3752,91.60790935549755,26.517843563003964,119.61573316972871,191.72032699065235,-560.5333089809754,0.5085036994842823,0.738233024691358
3753,91.70048210956173,26.280759332943603,119.37977903570415,191.64942279732432,-560.5977709904693,0.5081200918573976,0.7388974622770919
3754,88.25629644832478,28.526416134023634,122.37440945786997,194.2012060508407,-561.5568797576431,0.5225087822509665,0.7336033950617282
3755,88.22222800819917,27.3934926912101,121.47720874767067,194.0463886352484,-562.2318737094307,0.5226161234822763,0.7368827160493826
3756,89.06751461044544,27.332623191765492,121.25528954883472,193.33276046707,-561.8321949534195,0.5190613607589365,0.7366898148148147
3757,89.0596734964701,25.927721101308123,120.13778658923319,193.11016960350656,-562.6540513431813,0.5190570279449496,0.7407407407407407
3758,89.90417282914458,26.10497142524565,120.02298620417288,192.52702382295516,-562.0282633737801,0.5155392517913938,0.7399048353909465
3759,99.7020747356367,17.24915644747341,108.02984617201116,193.41652438367726,-561.0545409353225,0.47536661740253605,0.7663593783842316
3760,99.63372886193214,16.88629765598347,107.75945716232566,193.29121894103037,-561.2724899613548,0.4756676583279671,0.7673712638076668
3761,97.2488143946742,18.101804111190575,109.68651813435767,191.45941122820307,-561.3119758687144,0.4854967181581017,0.7628786955815461
3762,97.45818918513793,17.423952210186258,109.04131318206157,191.50114410571123,-561.6047462037577,0.4846484190228342,0.7649041585445091
3763,88.08390291716906,25.6816859275433,120.13381041504267,193.89024320045414,-563.2902496693386,0.5231460701395343,0.7418778427550357
3764,87.15204702968498,26.580003960478678,120.91941360826722,194.90224123122,-563.105815543961,0.5271277711028093,0.7397356237816763
3765,88.29185943422348,25.313240818884196,119.80948673621549,193.646428985485,-563.41007461813,0.5222562962552026,0.7428423489278753
3766,88.60239545510318,24.260537528387545,118.91427388015434,193.20890781392717,-563.8703047942998,0.5209191118537393,0.7457358674463936
3767,98.44222377540538,14.844016747791159,106.54179657222858,191.87132637173488,-562.7167191365221,0.48066442370457274,0.772716658544509
3768,96.62241463515711,14.837933314346117,107.41374333219524,190.5166907459718,-563.5453525042064,0.488113254853618,0.7720871913580246
3769,93.9997215655758,16.866562760284808,110.57405448073025,189.86156258423583,-564.2093915919593,0.4987067418876677,0.765817901234568
3770,89.00537552951829,21.20600620074657,116.39076922785989,192.383392888629,-565.4297257529898,0.5191529388579037,0.7543588910547974
3771,99.52647761016561,11.77271151710238,103.7102901278948,192.3541647121269,-564.2516574228015,0.4762932105534108,0.7820486787957543
3772,93.32889038557661,16.59927299704549,110.76026030594713,189.78239527993475,-564.9027821674767,0.501417386848414,0.7665895061728396
3773,88.75943779684887,20.57225264183006,115.94379984738207,192.47754867049036,-565.9330090388577,0.5201551656369404,0.7562879034004764
3774,87.6000685696835,21.614068308392575,116.94683955233967,193.66651982973053,-565.850478647278,0.5250351852123563,0.7538174139051329
3775,88.92226333795973,19.47696955693027,115.0334178052641,192.1673150076491,-566.4817481595585,0.5194489742342676,0.7593743231535628
3776,94.075202125087,13.787384402742248,108.07273258826288,189.37237315044106,-565.9378164357857,0.4984009987921797,0.7746913580246915
3777,94.00271250023452,14.790557876807554,108.91681352789968,189.5254152043412,-565.4124982170993,0.4986941527038984,0.7717978395061729
3778,95.7385173099806,11.548883281729047,105.29193115813582,189.51206949776594,-566.0115132860853,0.4917274418681532,0.781346450617284
3779,101.22175787839694,7.338331504431778,99.83181909596858,193.28712545900996,-566.822636330615,0.4694599737041406,0.7956549842971616
3780,101.29275975885565,6.299506248846342,98.99269962215833,193.1889825361543,-567.4305132924238,0.46920981918782106,0.7986821799870033
3781,100.06904011124008,5.633262744557385,98.705902187172,191.88261740715794,-567.8167998530791,0.4742722801864607,0.8000000000000006
3782,101.09745122814495,5.808133222918286,98.63219273167242,192.9156645858256,-567.7045179723624,0.47003511512796614,0.8000000000000006
3783,101.27747121761219,5.839212768617415,98.62753921553289,193.0981669369565,-567.6959295207121,0.46929546675498673,0.8000000000000006
3784,90.02966829228436,13.117990047000887,109.62880568325443,190.33080911056814,-569.4907300828221,0.5147348842164015,0.7772633744855968
3785,91.7765747092088,6.68257770202473,103.71777533434728,188.44206416256074,-571.9224787356345,0.5075853243316509,0.7953317901234568
3786,91.81521162221662,6.144382603116753,103.26845895196678,188.3421920195545,-572.2040378923755,0.5074234304882529,0.796875
3787,87.77047908324246,6.965437031468184,105.26682042208046,191.1132937207759,-574.3109978779544,0.523793161166284,0.7959262869106922
3788,87.67466213049319,6.554125869985569,104.94888997330258,191.13423121949185,-574.5879219495705,0.5241726542608288,0.7971558912713882
3789,89.6141368140897,5.275782384520028,103.5223201944181,189.3309747343279,-574.3231160212374,0.5162455835944726,0.8000000000000006
3790,89.3654143009914,5.310195432996409,103.61934219638526,189.524146841969,-574.4510519294773,0.5172519352194863,0.8000000000000006
3791,88.22658498645009,5.839909277356696,104.3101533940504,190.5230224503229,-574.7687895130704,0.5218969571059724,0.798956302794022
3792,88.45632328031756,5.4415915232585235,103.94976431898152,190.2624933075871,-574.8857267063901,0.5209455748065764,0.8000000000000006
3793,88.40627288157432,5.448872134660689,103.96776153073368,190.30336380950638,-574.909393909803,0.521149139638549,0.8000000000000006
3794,90.72206358552502,249.23102769304202,297.58443003758583,228.22956043956617,-431.79108711830855,0.5176802760252337,0.0968640576492675
3795,89.14744077082707,249.2970632192597,298.1930532933754,229.2669479108698,-432.8014029628717,0.5272413391308609,0.09722278626092015
3796,89.8994321790554,203.55426130166353,261.47424706686115,221.34937382390552,-458.90145310151553,0.5208069073294086,0.22873574110172576
3797,90.38214538376675,181.9281618693728,244.05684334716184,217.53986348364802,-471.14092529995986,0.5174235715213983,0.2908710900837488
3798,88.64517381885328,135.62636237064234,207.6442167135914,211.31365448104526,-499.09162364710465,0.5247666614334283,0.4249334998375565
3799,90.91548248104081,104.55327416696653,182.15410198615655,204.6902515855665,-515.7177581782021,0.5127843495130253,0.513599537037037
3800,92.9158704336607,102.06515132188528,179.1395923790606,203.67032853935694,-515.5784465354859,0.5035351237429677,0.52040522796188
3801,98.61996741910875,84.58603424211165,162.0968465097445,203.38148977111288,-522.1809352887591,0.47773809712758725,0.5719019610497429
3802,91.41917490002167,54.499860668334264,142.01686816913423,196.3353698111523,-544.420636751216,0.5096671594581086,0.6576646090534979
3803,94.10465877086088,32.399151570927415,122.89250230071022,192.39452591823022,-555.1014087387431,0.49824695246397915,0.7210808899176955
3804,96.66522309227821,29.977955564859315,119.46027665530782,193.0025485081165,-554.7264366320271,0.4876831339878307,0.728491512345679
3805,96.39584687084924,29.28178254199412,119.05454244810835,192.728327969565,-555.289854151892,0.4888183121918471,0.7304205246913581
3806,96.16995943937434,28.558291816598626,118.60545318176922,192.48547930619935,-555.8498601773082,0.4897668501532788,0.732445987654321
3807,89.23151491671781,25.33758654612302,119.62199738709035,192.88115659075814,-562.897362118996,0.5183223625829713,0.7423702485380117
3808,89.3883301111019,24.81360382938476,119.15985642738366,192.67799625495707,-563.1077420384557,0.5176537703822396,0.7438170077972709
3809,96.39372939079382,18.239238760536125,110.2521936655793,190.9342335170919,-561.7052588110146,0.4889931245807233,0.7622263848278101
3810,99.2507219615774,15.192933216132928,106.52413952414528,192.65337381371282,-562.3121446600086,0.4773177418810024,0.7720694241390509
3811,94.13892242417906,16.39974339295094,110.11780761727485,189.80521149196224,-564.3705537306652,0.49814320019837394,0.7671682098765433
3812,89.64635693161478,20.334606560662166,115.51224786994548,191.76317091857382,-565.5501873467115,0.5164750724770995,0.7566161739224604
3813,94.19692371622033,15.597328954900547,109.44252462044827,189.68441322376185,-564.790762870494,0.49790758692627407,0.7694830246913581
3814,92.8658935653958,15.671584770914421,110.28951891766616,189.6621586556223,-565.8189566071117,0.5032860269189742,0.7692901234567899
3815,93.44442420340026,14.990650015189715,109.40967982219406,189.52094660822445,-565.743434827061,0.5009461603042143,0.7712191358024693
3816,89.72869717082243,19.78836114009397,115.04983236396407,191.6170122349083,-565.814732016021,0.516121976775763,0.7581593837990035
3817,94.93337239891278,14.850680599417501,108.40283633425784,189.7385076379909,-564.6636803247067,0.49494206066407986,0.771701388888889
3818,92.5189964807761,16.821871853772905,111.4021965870581,189.8997941191373,-565.4325235305924,0.504691573498454,0.7660108024691359
3819,96.60586981490565,11.973410524921462,105.13866374205976,190.04173012096192,-565.2184775493064,0.48822370607264515,0.7803337191358026
3820,88.21549199731932,19.678507634090863,115.33422373164748,192.79321956675665,-566.7229307429378,0.522390097411494,0.7591035845787306
3821,91.61642423354739,16.136245640175616,111.33543270302116,190.03117992455887,-566.5568855429516,0.5083365384944802,0.7681327160493825
3822,92.69129803287544,14.40432493567232,109.37905792066265,189.47942883780578,-566.697535150788,0.5039847336821546,0.7729552469135803
3823,91.84324998610116,14.982152108434377,110.29970967681956,189.76834326972275,-567.0470746530558,0.5074066745898504,0.771412037037037
3824,91.36695246256379,15.485334295596488,110.94011000962205,190.01964965554805,-567.1309379405764,0.5093387652735168,0.7700617283950615
3825,100.29118177278532,7.368333759607424,100.00308994401944,192.37456602085427,-566.7508686950465,0.4732967423210837,0.7951075847411734
3826,100.32624527558845,6.8491166710938955,99.58130655638973,192.3243391245776,-567.0518331696368,0.47317166506292396,0.7966211825860943
3827,99.62576003119409,5.557489765665707,98.72745897739824,191.435123302675,-567.8514963230363,0.47610047725234506,0.8000000000000006
3828,87.53030019653265,5.937735207390801,104.4699992072715,191.16704721684417,-575.0006084505874,0.524741893902646,0.7990002978124322
3829,87.38482941168822,5.615130084973032,104.2207015130976,191.25076520523294,-575.2372526517186,0.5253241822477149,0.8000000000000006
3830,87.7019410357729,5.562216005939433,104.15327517408895,190.948582199052,-575.1504898642748,0.5240255992208145,0.8000000000000006
3831,88.3782100235989,5.45342964670732,103.97471001957247,190.32941023741188,-574.9184002227365,0.5212638240509279,0.8000000000000006
3832,90.20561713447515,104.90557017516525,182.72386089914386,205.15041504786993,-516.0215204214853,0.5161146095485107,0.512803396415421
3833,92.11586452354474,15.568654408531643,110.6237085533689,189.78567378903634,-566.4876079582338,0.5063123960962455,0.7696759259259257
3834,90.62167480553165,15.418806284030666,111.22772648755067,190.35782720310226,-567.7342459303148,0.5123651344507882,0.7704475308641974
3835,99.4887256107081,6.5633504870076536,99.56442952906737,191.46835234911302,-567.2785967767588,0.47662416615872166,0.797037443144899
3836,99.49669484892588,5.535731873618943,98.74263203217586,191.3068800368783,-567.8735301265019,0.47663164950085174,0.8000000000000006
