v0,v1,v2
0,1,2
3,4,5
6,7,8
9,6,8
10,9,8
11,10,8
12,11,8
13,12,8
14,13,8
15,14,8
16,15,8
17,16,8
18,17,8
19,18,8
20,19,8
21,20,8
22,21,8
23,22,8
24,23,8
25,26,27
25,27,28
25,29,30
25,31,32
25,8,33
25,34,26
25,28,31
25,24,8
25,30,34
25,33,35
25,35,29
36,2,37
36,0,2
38,0,36
39,0,38
40,0,39
41,42,43
41,43,44
41,44,45
41,45,46
41,46,47
41,47,48
41,48,49
41,49,50
41,50,51
41,51,52
41,52,53
54,41,53
55,54,53
56,55,53
57,56,53
58,57,53
59,58,53
60,59,53
61,60,53
62,61,53
63,62,53
64,63,53
65,64,53
66,65,53
67,66,53
68,67,53
69,68,53
70,69,53
71,72,0
71,0,40
71,40,73
71,73,74
75,1,0
75,76,1
77,75,0
78,79,80
81,82,79
81,79,78
81,78,83
84,3,82
84,83,85
84,82,81
84,81,83
86,4,3
86,85,4
86,3,84
86,84,85
87,88,89
90,91,87
92,93,94
92,94,95
96,3,5
96,97,3
98,96,5
98,5,99
100,92,95
100,95,101
102,100,101
103,104,105
106,107,104
106,104,103
108,109,107
108,107,106
108,99,109
110,104,107
110,111,104
112,107,109
112,110,107
113,114,115
113,116,117
113,117,114
113,115,8
118,37,119
118,120,116
118,119,120
121,27,26
121,28,27
121,30,29
121,32,31
121,33,8
121,26,34
121,31,28
121,122,123
121,124,32
121,8,115
121,34,30
121,123,124
121,35,33
121,29,35
121,115,125
121,126,122
127,121,125
128,127,125
129,128,125
130,129,125
131,130,125
132,131,125
133,132,125
134,133,125
135,134,125
136,135,125
136,125,137
138,136,137
139,138,137
139,137,140
141,139,140
141,140,142
143,141,142
144,143,142
144,142,145
146,11,12
146,13,14
146,7,6
146,9,10
146,37,118
146,10,11
146,6,9
146,12,13
146,14,15
146,15,16
146,16,17
147,25,32
147,123,122
147,32,124
147,124,123
147,122,126
148,149,150
148,151,149
152,148,150
153,152,150
153,150,154
155,153,154
155,154,156
157,156,158
157,155,156
159,157,158
160,159,158
161,160,158
162,161,158
163,162,158
164,163,158
165,164,158
166,165,158
167,166,158
168,167,158
169,168,158
170,171,172
170,173,171
170,42,173
170,43,42
170,44,43
170,45,44
170,46,45
170,47,46
170,48,47
170,49,48
170,50,49
170,51,50
170,52,51
170,53,52
170,169,158
170,172,174
175,147,176
175,25,147
177,18,19
177,19,20
177,20,21
177,146,17
177,21,22
177,23,24
177,25,175
177,24,25
177,17,18
177,178,146
177,22,23
179,37,146
179,36,37
179,38,36
179,146,178
179,39,38
179,40,39
179,73,40
179,74,73
180,178,177
181,182,183
184,172,171
184,171,173
184,173,42
184,42,41
184,174,172
185,179,178
186,181,183
186,183,184
186,184,41
187,158,188
187,70,53
187,188,189
187,53,170
187,170,158
190,74,179
190,179,185
191,41,54
191,54,55
191,55,56
191,56,57
191,57,58
191,58,59
191,59,60
191,186,41
192,189,193
192,187,189
194,78,80
194,83,78
195,196,194
197,195,194
197,194,80
198,72,71
199,191,60
199,60,61
199,61,62
199,62,63
199,63,64
199,64,65
199,65,66
199,66,67
199,83,191
199,67,68
199,68,69
199,69,70
199,85,83
200,72,198
200,201,202
200,198,201
200,202,203
200,204,72
205,204,200
205,203,206
205,200,203
207,208,204
207,204,205
207,205,206
209,208,207
210,89,1
210,1,76
211,87,89
211,210,76
211,89,210
211,76,75
211,75,77
212,213,192
212,192,193
214,72,204
215,72,214
215,0,72
215,77,0
216,215,214
217,218,219
220,221,85
220,85,199
222,79,82
223,219,224
223,224,225
223,82,226
223,225,227
223,222,82
223,217,219
223,226,217
223,227,222
228,77,215
229,77,228
230,229,228
231,221,220
231,220,213
232,77,229
232,211,77
232,90,87
232,87,211
233,3,97
233,82,3
233,226,82
234,95,89
234,88,87
234,89,88
234,87,91
234,101,95
234,91,101
235,90,232
236,233,97
236,237,233
238,90,235
238,235,239
240,236,97
240,241,236
242,90,238
242,91,90
242,243,91
244,240,97
245,246,247
245,248,243
245,243,242
245,242,246
249,245,247
93,92,250
251,252,102
251,102,101
251,101,91
250,92,253
253,92,100
253,100,254
255,97,96
255,96,98
255,98,99
255,244,97
256,102,252
256,252,257
258,100,102
258,102,256
254,100,258
259,251,91
259,91,243
260,261,262
263,264,265
263,105,266
263,103,105
263,260,103
263,266,264
267,251,259
267,252,251
268,252,267
269,267,270
257,252,271
271,252,268
271,268,272
273,104,111
273,105,104
273,266,105
274,111,110
274,110,275
275,110,112
275,112,276
276,112,277
277,112,109
277,109,278
278,109,279
280,119,114
280,117,116
280,116,120
280,120,119
280,114,117
281,146,118
281,8,7
281,113,8
281,116,113
281,118,116
281,7,146
282,283,284
285,284,286
285,282,284
287,285,286
288,289,282
290,288,282
291,286,292
291,287,286
293,290,282
294,292,295
294,291,292
296,282,285
296,293,282
297,294,295
298,285,287
298,296,285
299,300,301
299,302,144
299,303,302
299,304,303
299,145,305
299,306,307
299,305,308
299,308,306
299,144,145
299,307,300
309,299,301
310,298,287
311,295,312
311,297,295
313,309,301
314,287,291
314,310,287
315,301,316
315,313,301
317,311,312
318,316,319
318,319,320
318,320,321
318,321,322
318,315,316
323,291,294
323,294,297
323,314,291
323,297,311
323,311,317
324,325,326
324,327,325
328,324,326
328,326,329
330,328,329
331,330,329
331,329,332
333,332,334
333,331,332
335,333,334
336,335,334
336,334,337
336,337,338
339,132,133
339,133,134
339,134,135
339,127,128
339,126,121
339,121,127
339,130,131
339,129,130
339,131,132
339,128,129
340,324,328
340,328,330
340,330,331
341,340,331
341,331,333
342,341,333
342,333,335
343,342,335
344,335,336
344,343,335
345,344,336
346,345,336
347,346,336
348,347,336
349,126,339
350,147,126
350,126,349
351,352,353
351,354,355
351,355,356
351,356,352
357,351,353
357,353,358
359,357,358
360,361,362
360,363,364
360,365,149
360,149,151
360,366,367
360,358,366
360,151,361
360,359,358
360,364,365
360,367,368
360,368,363
369,164,165
369,161,162
369,163,164
369,162,163
369,160,161
369,166,167
369,165,166
369,167,168
369,168,169
369,169,170
369,170,174
370,369,174
371,176,372
373,175,176
373,176,371
374,175,373
374,177,175
375,370,174
376,177,374
376,180,177
377,174,184
377,375,174
378,178,180
378,185,178
379,380,381
379,382,380
383,185,378
383,190,185
384,385,386
387,384,386
388,71,74
388,74,190
389,71,388
390,202,201
390,201,198
390,71,389
390,203,202
390,198,71
391,187,192
391,70,187
391,199,70
391,192,213
391,220,199
391,213,220
392,80,79
392,197,80
393,392,79
394,395,208
394,208,209
394,209,396
397,398,399
397,400,395
397,395,394
397,394,398
397,399,401
402,400,397
402,397,401
403,404,393
403,393,79
405,403,79
405,225,224
405,79,222
405,227,225
405,222,227
406,214,204
407,408,409
407,410,411
407,409,412
407,412,413
407,413,410
414,408,407
414,407,411
414,415,416
417,214,406
418,216,214
418,419,216
418,214,417
420,419,418
420,421,419
420,418,422
423,424,226
425,420,422
425,422,426
427,428,423
427,429,428
430,420,425
430,421,420
431,216,419
432,216,431
432,215,216
432,228,215
433,434,435
433,435,436
437,434,433
438,437,433
439,433,436
439,436,440
441,432,431
442,443,439
444,445,446
447,444,446
447,448,449
450,228,432
451,452,453
454,230,228
454,228,450
455,447,449
456,451,453
456,453,457
458,451,456
458,459,451
460,457,455
460,456,457
461,458,456
461,456,460
462,212,193
462,221,231
462,231,213
462,193,221
462,213,212
463,230,454
464,229,230
465,230,463
465,464,230
465,463,466
467,229,464
467,232,229
468,464,465
469,467,464
470,468,465
471,469,464
471,468,470
471,464,468
472,471,470
473,232,467
474,475,476
477,478,479
480,481,482
480,482,483
484,474,476
484,237,236
484,476,237
485,239,235
485,232,473
485,235,232
486,487,488
489,490,491
492,484,236
493,489,494
495,492,236
495,236,241
495,241,496
497,496,241
497,498,496
499,500,497
501,502,503
504,501,503
505,501,504
506,505,504
507,508,500
507,500,499
509,510,511
509,239,485
509,485,510
512,497,241
512,507,499
512,499,497
512,241,240
513,514,515
516,238,239
517,507,512
518,509,519
518,239,509
518,516,239
520,238,516
521,522,523
524,525,521
526,527,528
529,238,520
529,246,242
529,242,238
530,240,244
530,512,240
530,517,512
531,530,244
532,533,534
535,536,533
535,533,532
537,538,535
537,535,532
539,531,244
539,262,261
539,244,262
539,261,540
541,542,540
541,540,261
543,247,246
543,246,529
543,529,544
545,546,541
545,541,261
547,548,549
547,550,548
551,545,261
551,261,260
552,553,554
555,552,554
556,263,265
557,558,551
557,260,263
557,263,556
557,551,260
557,559,558
557,556,559
560,561,562
560,563,564
560,564,565
560,562,563
566,565,567
566,560,565
568,567,569
568,566,567
570,571,572
570,573,571
574,262,244
574,255,99
574,244,255
574,106,103
574,108,106
574,99,108
574,260,262
574,103,260
575,576,577
578,575,577
579,577,580
579,578,577
581,579,580
582,581,580
582,580,583
584,582,583
584,583,585
586,585,587
586,584,585
588,586,587
589,587,590
589,588,587
591,266,273
592,268,267
272,268,593
594,268,592
594,592,595
593,268,594
596,273,111
596,591,273
597,596,111
598,111,274
599,600,601
599,602,600
603,599,601
604,601,605
604,605,606
604,603,601
607,322,321
608,609,322
608,322,607
610,609,608
611,609,610
611,612,609
613,612,611
614,613,615
614,612,613
616,617,618
616,618,289
616,615,617
616,289,288
616,614,615
619,312,620
619,620,621
619,621,622
619,317,312
623,622,624
623,619,622
623,624,625
626,288,290
626,616,288
626,290,293
627,309,313
627,313,315
627,315,318
628,625,629
628,629,630
628,623,625
631,293,296
631,626,293
631,296,298
631,310,314
631,298,310
631,314,323
632,631,323
633,632,323
634,318,322
634,322,609
634,627,318
635,627,634
636,630,637
636,637,638
636,628,630
639,638,640
639,640,641
639,641,325
639,325,327
639,636,638
642,643,644
642,634,643
642,645,635
642,635,634
646,647,648
649,646,650
649,644,643
651,136,138
651,135,136
651,138,139
651,339,135
652,645,642
652,653,645
652,642,644
654,655,340
656,343,344
656,340,341
656,341,342
656,342,343
656,344,345
656,654,340
657,658,659
657,659,660
661,660,662
661,657,660
663,664,665
666,663,665
667,661,662
668,662,669
668,669,670
668,670,671
668,671,672
668,672,188
668,667,662
673,674,675
676,664,663
677,346,347
677,656,345
677,345,346
678,677,347
678,348,679
678,680,681
678,681,682
678,679,680
678,347,348
683,678,682
684,685,686
687,688,683
687,683,682
689,690,688
689,688,687
691,690,689
692,686,685
693,354,690
693,690,691
694,354,693
695,355,354
695,354,694
696,697,698
699,685,684
700,701,692
702,703,704
702,705,697
706,700,692
706,707,700
708,685,699
709,354,351
709,690,354
710,703,709
711,359,360
711,351,357
711,357,359
711,709,351
712,710,709
712,709,711
713,714,715
716,710,712
717,708,718
717,719,708
720,719,717
721,362,361
721,153,155
721,157,159
721,151,148
721,148,152
721,152,153
721,155,157
721,159,160
721,160,369
721,361,151
722,147,350
723,724,725
726,369,370
726,727,723
728,729,727
730,731,732
730,733,731
734,370,375
735,372,731
735,731,733
736,737,738
739,373,371
740,741,734
740,734,375
742,374,373
742,376,374
742,373,739
743,375,377
743,740,375
744,743,377
745,746,747
748,749,750
751,744,377
752,753,376
754,755,756
757,377,184
757,183,182
757,184,183
757,751,377
758,753,752
759,180,376
759,376,753
760,757,182
761,759,753
762,753,758
762,758,763
764,759,761
764,761,765
764,180,759
766,767,768
769,770,771
769,771,760
769,760,182
772,773,766
774,378,180
774,180,764
774,775,378
776,777,778
776,779,777
780,765,781
782,783,784
785,775,780
786,378,775
787,786,775
787,775,785
787,785,788
789,783,782
789,790,783
791,790,789
791,792,790
793,794,777
793,777,779
795,382,379
796,381,797
796,379,381
798,796,799
800,801,790
800,790,792
802,386,385
803,788,804
805,806,807
808,386,802
809,186,191
809,191,83
809,83,810
811,386,808
811,812,813
814,809,810
815,385,384
816,817,815
818,814,810
818,810,813
818,813,812
819,386,811
819,811,813
819,387,386
819,820,387
819,813,820
821,822,823
824,823,825
824,821,823
826,827,828
829,190,822
829,822,821
830,829,821
831,388,190
831,190,829
832,833,834
835,388,831
836,837,838
839,196,195
839,840,841
839,841,196
842,840,839
842,843,840
844,839,195
844,842,839
845,846,847
848,390,389
849,848,389
849,389,850
851,197,392
851,195,197
851,844,195
852,849,850
853,390,848
853,848,849
853,849,854
855,856,857
855,851,392
858,849,852
858,854,849
859,390,853
860,390,859
860,206,203
860,203,390
861,853,854
861,854,862
861,859,853
863,860,859
863,859,861
864,860,863
864,206,860
864,396,209
864,207,206
864,209,207
865,863,861
865,862,866
865,861,862
865,864,863
865,396,864
865,866,396
867,862,854
867,854,868
867,868,869
870,862,867
871,866,862
871,870,872
871,862,870
873,396,866
874,866,871
874,873,866
874,871,872
875,873,874
875,396,873
876,399,398
876,396,875
876,394,396
876,398,394
876,401,399
877,401,876
878,404,403
879,880,881
882,883,880
884,204,208
884,208,395
884,406,204
884,885,886
884,886,406
887,888,889
887,889,890
887,890,891
892,400,402
892,893,400
892,894,893
892,895,894
896,897,878
896,878,403
896,403,405
898,897,896
899,887,891
900,395,400
901,900,400
901,400,893
902,903,899
902,891,904
902,899,891
905,906,907
908,891,890
908,904,891
908,890,898
909,224,219
909,898,896
909,405,224
909,896,405
910,902,904
910,903,902
911,908,898
911,909,219
911,898,909
912,415,904
912,904,908
913,911,219
913,912,908
913,908,911
914,904,415
914,910,904
915,886,885
916,914,415
916,910,914
917,918,907
919,913,219
919,415,912
919,416,415
919,912,913
919,219,218
919,218,416
920,406,886
921,886,915
921,922,923
921,915,922
921,920,886
924,415,414
924,414,411
924,916,415
924,413,925
924,411,410
924,410,413
926,927,928
926,929,927
926,409,929
926,412,409
930,417,406
931,932,933
934,928,927
934,927,929
935,409,408
935,929,409
935,934,929
936,417,930
937,414,416
937,226,424
937,218,217
937,416,218
937,217,226
937,424,408
937,408,414
938,426,422
938,417,936
938,418,417
938,422,418
939,940,941
942,426,938
943,429,944
943,428,429
945,946,947
948,945,947
948,947,949
950,951,952
950,948,949
950,949,951
953,945,948
954,430,434
954,421,430
954,419,421
955,425,956
957,956,953
958,434,430
958,955,435
958,435,434
958,425,955
958,430,425
959,435,955
959,955,956
959,956,957
959,436,435
960,429,427
961,959,957
961,436,959
961,440,436
962,963,964
962,965,963
962,964,966
967,419,954
967,431,419
968,440,961
969,967,954
969,954,434
970,431,967
970,967,969
971,962,966
972,965,962
973,440,968
974,972,962
974,962,971
975,974,971
975,971,966
976,972,974
977,445,975
978,972,976
978,979,972
980,981,982
980,440,973
980,439,440
980,973,981
983,975,445
983,974,975
983,976,974
983,978,976
983,445,444
984,438,433
984,433,439
984,439,443
985,979,978
985,978,983
985,452,979
986,431,970
986,987,441
986,970,988
986,441,431
989,442,439
989,980,982
989,439,980
989,990,442
991,981,979
991,979,452
992,452,451
992,982,981
992,981,991
992,991,452
993,443,442
993,442,990
994,453,452
994,983,444
994,985,983
994,452,985
994,457,453
995,989,982
995,990,989
996,992,451
996,995,982
996,982,992
996,997,998
996,451,459
996,459,997
996,998,995
999,1000,993
999,993,990
1001,990,995
1001,999,990
1002,995,998
1003,1002,998
1004,1005,1006
1007,450,432
1007,432,441
1008,1003,998
1008,998,997
1009,1007,441
1010,1011,1004
1012,455,449
1012,449,448
1012,460,455
1013,1014,1015
1016,450,1007
1017,450,1016
1017,454,450
1017,463,454
1018,233,237
1019,448,237
1019,1012,448
1019,237,476
1020,1021,1022
1023,1017,1016
1023,463,1017
1023,466,463
1024,1025,1019
1024,1019,476
1026,1027,1025
1026,1025,1024
1028,1024,476
1028,476,475
1028,1026,1024
1028,1027,1026
1029,1030,1031
1032,1033,1027
1032,1027,1028
1032,1028,475
1034,1033,1032
1035,466,1023
1036,1030,1029
1036,1037,1030
1038,1039,1040
1041,1042,1034
1043,1038,1040
1044,466,1035
1045,1046,1047
1048,1045,1047
1049,470,465
1049,466,1044
1049,465,466
1050,1047,1051
1052,1053,1054
1055,1047,1050
1056,475,474
1057,470,1049
1057,1049,1058
1059,470,1057
1059,472,470
1060,1061,1062
1063,1064,1065
1066,1059,1057
1066,472,1059
1067,1060,1068
1069,471,472
1069,469,471
1070,467,469
1070,469,1069
1070,473,467
1071,478,483
1072,1066,1073
1072,472,1066
1072,1069,472
1074,1071,483
1074,482,481
1074,483,482
1075,477,479
1075,487,477
1075,488,487
1076,1070,1069
1077,1056,474
1077,484,492
1077,474,484
1077,1078,1056
1079,1080,1081
1082,1083,1081
1082,486,488
1084,1078,1077
1084,1077,492
1085,478,477
1086,491,1085
1086,487,491
1086,477,487
1086,1085,477
1087,496,498
1088,1087,498
1089,483,478
1089,1085,491
1089,478,1085
1089,491,490
1090,1069,1072
1091,483,1089
1091,1089,490
1092,1076,1069
1092,1069,1090
1093,473,1070
1094,480,483
1094,1091,490
1094,483,1091
1095,495,496
1095,1084,492
1095,1087,1084
1095,496,1087
1095,492,495
1096,1094,490
1097,1088,498
1098,1099,1096
1098,490,489
1098,1096,490
1100,491,487
1100,487,486
1100,1101,1102
1100,486,1101
1103,473,1093
1103,485,473
1103,510,485
1104,1099,1098
1105,1106,1099
1107,497,500
1107,1097,498
1107,498,497
1108,1100,1102
1109,1104,493
1110,1111,1107
1110,1107,500
1112,494,1108
1113,493,494
1113,1112,1114
1113,494,1112
1115,1116,1117
1118,503,502
1118,502,1119
1120,1121,503
1120,503,1118
1122,1110,500
1122,1123,1110
1122,500,508
1122,508,1123
1124,1125,1126
1124,1127,1125
1128,502,501
1128,1126,502
1128,1124,1126
1129,1115,1130
1129,1116,1115
1131,511,510
1131,1132,1133
1131,1103,1132
1131,510,1103
1134,1129,1130
1134,1130,1135
1136,1116,1129
1137,1128,501
1137,1124,1128
1138,1123,508
1138,1139,1123
1140,1139,1138
1140,1114,1139
1141,1140,1138
1142,1133,1143
1142,1131,1133
1144,1145,1146
1147,1148,1149
1150,505,506
1150,506,1151
1152,1153,1141
1154,1152,1141
1154,1138,508
1154,508,507
1154,1141,1138
1154,507,517
1155,1145,1156
1155,1146,1145
1157,511,1158
1157,509,511
1159,1152,1154
1160,509,1157
1160,519,509
1161,1162,1163
1161,1164,1162
1165,1166,1167
1165,1167,1168
1169,1164,1161
1170,1166,1165
1170,525,1166
1171,1166,525
1172,1160,1173
1174,1154,517
1174,517,530
1174,530,531
1174,1159,1154
1175,1176,1163
1175,1163,1171
1175,1171,525
1177,1170,522
1177,521,525
1177,522,521
1177,525,1170
1178,518,519
1179,1176,1175
1179,525,524
1179,1175,525
1180,1181,1172
1182,516,518
1182,520,516
1183,1174,531
1184,1178,1185
1184,1182,518
1184,518,1178
1186,526,528
1186,1187,526
1188,1189,1181
1188,1181,1180
1190,524,1191
1190,1179,524
1192,1182,1184
1192,520,1182
1193,1194,1190
1195,1189,1188
1195,1185,1189
1196,521,523
1196,524,521
1196,1191,524
1197,540,1198
1197,531,539
1197,539,540
1197,1183,531
1199,1198,540
1199,1200,1198
1201,1194,1193
1201,533,536
1201,534,533
1202,1203,1204
1205,1202,1204
1205,1199,540
1205,1204,1199
1205,540,542
1205,542,1202
1206,1207,1208
1209,1192,1184
1210,520,1192
1210,1192,1209
1211,1201,536
1212,1213,1214
1215,529,520
1215,544,529
1215,520,1210
1216,538,1217
1216,535,538
1218,1219,1220
1221,1214,1213
1222,1223,1218
1222,1224,1223
1225,1224,1222
1226,538,537
1226,1227,1228
1226,1228,538
1229,1230,544
1229,544,1215
1229,1215,1231
1232,1224,1225
1233,1217,538
1234,1232,1225
1235,1236,1237
1238,1239,1240
1241,544,1230
1241,543,544
1242,1243,1244
1245,1246,1247
1245,1241,1230
1248,1235,1237
1248,1246,1235
1249,546,545
1250,543,1241
1251,1239,1238
1251,1242,1252
1251,1238,1243
1251,1243,1242
1253,1249,545
1253,1234,1249
1254,543,1250
1255,543,1254
1256,247,543
1256,543,1255
1257,1256,1255
1258,551,558
1258,545,551
1258,1253,545
1259,1260,1253
1259,1258,558
1259,1253,1258
1261,1260,1259
1262,1263,1264
1262,1265,1263
1266,1267,247
1266,247,1256
1266,1268,1267
1269,1268,1266
1270,1265,1262
1271,549,1272
1273,547,549
1273,1271,1274
1273,549,1271
1273,1275,547
1276,1259,558
1276,1277,1261
1276,1278,1277
1276,559,1278
1276,558,559
1276,1261,1259
1279,247,1267
1279,1267,1268
1280,1279,1268
1281,1282,1270
1283,1284,1285
1286,550,547
1286,547,1275
1287,1283,1285
1288,1289,1283
1288,1283,1287
1288,1290,1289
1291,1292,1290
1291,1290,1288
1293,1274,1292
1293,1294,1295
1296,1293,1295
1296,1273,1274
1296,1275,1273
1296,1274,1293
1297,1298,1278
1297,1278,559
1299,1293,1292
1299,1292,1291
1299,1294,1293
1300,1301,249
1300,249,247
1300,247,1279
1302,1297,559
1302,559,556
1303,1301,1300
1304,1299,1291
1304,1305,1294
1304,1288,1306
1304,1291,1288
1304,1294,1299
1307,245,249
1307,248,245
1308,1306,1309
1308,1309,553
1308,553,552
1310,1311,1302
1310,1302,556
1312,1305,1304
1312,1306,1308
1312,1313,1314
1312,1304,1306
1312,1308,1313
1315,1294,1305
1315,1312,1314
1315,1305,1312
1316,1310,556
1316,556,265
1316,1317,1310
1318,1319,1320
1321,561,1307
1321,249,1301
1321,1307,249
1322,561,1321
1323,1324,1325
1326,562,561
1326,561,1322
1327,1325,1324
1327,1328,1325
1329,1330,1331
1332,1328,1327
1332,1316,265
1332,1317,1316
1332,265,1328
1333,1314,1313
1333,1334,1314
1333,1323,1335
1333,1313,1323
1336,1337,1329
1338,1333,1335
1338,1334,1333
1338,1339,1334
1338,1335,1339
1340,1323,1325
1341,1325,1328
1341,1340,1325
1341,1328,265
1342,1343,1344
1345,1343,1342
1346,243,248
1347,1348,1349
1347,1307,561
1347,248,1307
1347,1349,248
1350,1341,265
1350,265,264
1350,264,1351
1350,1345,1342
1352,1353,1354
1352,1354,1355
1356,1352,1355
1357,1348,1347
1357,1358,1348
1359,1349,1348
1359,1346,248
1359,248,1349
1360,1361,1362
1360,1363,1361
1360,1362,1364
1365,1366,1367
1365,1368,1366
1369,1368,1365
1369,1351,264
1370,1371,1359
1372,270,267
1372,243,1346
1372,259,243
1372,267,259
1373,1374,1375
1376,1371,1370
1377,1378,1379
1380,1381,1382
1380,1383,1381
1380,570,572
1380,572,1383
1380,1382,1366
1380,1384,570
1380,1366,1368
1385,1380,1368
1386,1387,1388
1389,1386,1385
1390,1391,1387
1390,1387,1386
1390,1386,1389
1390,1392,1391
1393,1368,1369
1393,1369,264
1393,1385,1368
1393,266,1392
1393,1389,1385
1393,1390,1389
1393,1392,1390
1393,264,266
1394,1395,1396
1394,1396,1397
1398,1388,1387
1398,1397,1388
1399,575,578
1400,1394,1397
1400,1397,1398
1401,1402,1403
1401,1404,1402
1405,1406,1399
1407,1405,1399
1408,1409,1410
1411,1408,1410
1411,1410,1412
1413,1411,1412
1413,1412,1414
1415,1413,1414
1416,1415,1414
1416,1414,1417
1418,1409,1408
1418,1408,1411
1419,1411,1413
1419,1418,1411
1420,1413,1415
1420,1419,1413
1421,1420,1415
1422,1415,1416
1422,1421,1415
1423,1422,1416
1424,1423,1416
1425,266,591
1426,1424,1416
1427,1426,1416
1428,591,1429
1428,1425,591
1430,269,270
1431,1432,1433
1434,1435,1436
1437,269,1438
1439,1437,1440
1441,1437,1439
1442,1441,1439
1443,1442,1439
1444,267,269
1444,592,267
1445,596,597
1446,592,1444
1447,1448,1449
1447,1450,1448
1447,1449,1451
1452,592,1446
1453,1450,1447
1453,1447,1454
1455,1450,1453
1456,1457,1458
1459,1460,1461
1459,1462,1460
1459,1463,1464
1459,1464,1462
1459,1465,1463
1466,1459,1461
1467,1466,1461
1467,1461,1468
1469,1467,1468
1469,1468,1470
1469,1470,1471
1472,1469,1471
1472,1471,1473
1474,1475,1476
1474,1472,1473
1477,1478,1475
1477,1475,1474
1477,1479,1478
1480,1481,597
1480,597,1482
1482,597,111
1482,111,1483
1484,111,598
1483,111,1484
1485,115,1486
1485,1486,1487
1485,1487,1488
1485,1488,1489
1490,1489,1491
1490,1491,1492
1490,1492,600
1490,1485,1489
1490,602,1485
1490,600,602
1493,115,1485
1493,137,125
1493,1485,602
1493,145,142
1493,305,145
1493,142,140
1493,140,137
1493,125,115
1494,604,606
1494,606,1495
1494,1495,1496
1494,1496,283
1494,615,604
1494,283,282
1494,618,617
1494,282,289
1494,289,618
1494,617,615
1497,301,300
1497,305,1493
1497,307,306
1497,308,305
1497,306,308
1497,300,307
1498,1497,1493
1498,301,1497
1499,316,301
1499,1498,1493
1499,301,1498
1500,319,316
1500,320,319
1500,321,320
1500,1493,607
1500,607,321
1500,316,1499
1500,1499,1493
1501,614,616
1501,612,614
1501,626,648
1501,616,626
1501,648,647
1502,317,619
1502,619,623
1502,623,628
1502,628,1503
1504,627,635
1504,304,299
1504,309,627
1504,299,309
1505,612,1501
1505,1501,647
1506,1504,635
1506,304,1504
1506,635,645
1507,1508,1509
1507,317,1502
1510,1507,1509
1510,633,323
1510,317,1507
1510,323,317
1511,651,139
1511,141,143
1511,653,651
1511,143,144
1511,144,302
1511,302,303
1511,303,304
1511,645,653
1511,139,141
1511,304,1506
1511,1506,645
1512,634,609
1512,643,634
1512,609,612
1512,612,1505
1512,1505,647
1513,1510,1509
1513,1514,633
1513,633,1510
1515,646,648
1515,626,631
1515,631,632
1515,633,1514
1515,632,633
1515,648,626
1516,1517,1503
1516,1503,628
1516,628,636
1516,639,327
1516,636,639
1518,1509,665
1518,1514,1513
1518,665,664
1518,1513,1509
1519,327,324
1519,324,340
1519,1516,327
1519,1517,1516
1520,1514,1518
1520,1518,664
1520,650,646
1520,1515,1514
1520,646,1515
1521,1519,340
1521,1517,1519
1521,340,655
1522,1517,1521
1522,1508,1517
1523,650,1520
1523,1520,664
1523,686,650
1524,339,651
1524,651,675
1524,674,339
1524,675,674
1525,652,644
1526,336,338
1526,657,682
1526,348,336
1526,338,1527
1526,1527,1528
1526,1528,658
1526,679,348
1526,681,680
1526,682,681
1526,680,679
1526,658,657
1529,1525,1530
1531,1522,1532
1531,665,1522
1531,666,665
1531,1532,666
1533,649,650
1533,644,649
1533,650,686
1533,692,701
1533,686,692
1534,675,1529
1534,1529,1530
1535,349,339
1535,339,674
1535,674,673
1536,698,697
1536,654,656
1536,656,677
1536,655,654
1536,677,698
1537,1536,697
1537,1532,1536
1537,666,1532
1538,675,1534
1538,673,675
1539,663,666
1540,666,1537
1540,1539,666
1540,705,1539
1540,697,705
1540,1537,697
1541,673,1538
1542,699,684
1542,663,1539
1542,676,663
1542,1539,705
1542,684,676
1543,701,700
1543,1530,701
1544,696,698
1544,677,678
1544,698,677
1544,683,688
1544,678,683
1545,715,714
1545,1546,715
1545,1541,1546
1547,349,1535
1547,1545,714
1548,1544,688
1548,696,1544
1549,149,365
1549,150,149
1549,188,158
1549,158,156
1549,668,188
1549,154,150
1549,1550,668
1549,156,154
1551,1543,700
1551,700,707
1552,1551,707
1552,1546,1551
1553,355,695
1553,353,352
1553,356,355
1553,352,356
1553,358,353
1553,695,1550
1554,1548,688
1554,690,709
1554,709,703
1554,688,690
1554,696,1548
1555,1553,1550
1555,358,1553
1556,366,358
1556,1555,1550
1556,358,1555
1557,364,363
1557,1556,1550
1557,366,1556
1557,1550,1549
1557,367,366
1557,365,364
1557,1549,365
1557,368,367
1557,363,368
1558,1546,1552
1558,715,1546
1559,702,704
1559,1542,705
1559,705,702
1559,708,699
1559,718,708
1559,699,1542
1560,349,1547
1560,1547,714
1560,350,349
1561,1558,1552
1561,1552,707
1562,692,685
1562,706,692
1562,685,708
1562,708,719
1563,1558,1561
1564,706,1562
1564,707,706
1564,1561,707
1565,704,703
1565,710,716
1565,703,710
1566,715,1558
1566,1558,1563
1566,713,715
1567,350,1560
1567,722,350
1567,1568,722
1569,1565,716
1569,704,1565
1570,1566,1563
1571,704,1569
1572,711,360
1572,360,362
1572,362,721
1572,721,716
1572,712,711
1572,716,712
1573,718,1574
1573,717,718
1575,713,1566
1575,1576,713
1577,1566,1570
1577,1578,1575
1577,1575,1566
1579,1562,719
1579,719,720
1580,1575,1578
1580,1576,1575
1581,1577,1570
1581,1578,1577
1581,1582,1578
1583,1580,1578
1583,1576,1580
1583,1578,1584
1585,1574,724
1585,724,723
1586,1568,1587
1588,1585,723
1589,1590,1591
1592,1568,1586
1592,722,1568
1592,1586,1593
1594,1595,1593
1594,1583,1584
1596,725,721
1596,721,369
1596,723,725
1597,1598,729
1597,1599,1598
1600,722,1592
1600,1601,722
1602,1596,369
1602,723,1596
1602,726,723
1602,369,726
1603,1599,1597
1604,722,1601
1604,147,722
1604,372,176
1604,176,147
1605,1604,1601
1605,1601,1606
1605,1606,732
1607,1608,1609
1610,1604,1605
1610,372,1604
1610,731,372
1610,732,731
1610,1605,732
1611,1612,1603
1611,1613,1612
1614,1615,1616
1617,728,727
1617,726,370
1617,1618,728
1617,727,726
1617,370,734
1617,734,1618
1619,1606,1620
1619,732,1606
1619,730,732
1621,1613,1611
1622,1620,1623
1624,1619,1620
1624,733,730
1624,1625,733
1624,1620,1625
1624,730,1619
1626,738,737
1626,1620,1622
1626,1622,738
1627,1614,1628
1629,1625,1620
1629,1630,1625
1629,1626,737
1629,1620,1626
1631,1632,1621
1633,1608,1634
1633,1609,1608
1633,738,1609
1633,1634,1635
1636,1637,1627
1636,1627,1628
1638,738,1633
1638,736,738
1639,1640,1641
1642,1643,1644
1642,735,733
1645,1636,1639
1646,1631,1647
1648,733,1625
1649,1650,747
1649,747,746
1649,1635,1650
1651,1629,737
1651,737,736
1651,1630,1629
1651,1652,750
1651,736,1652
1653,1654,1646
1653,743,744
1655,739,1644
1655,742,739
1656,1630,1651
1656,1651,750
1657,1641,1654
1657,1654,1653
1657,1653,744
1658,1643,1648
1659,1660,1661
1662,1644,1663
1662,742,1655
1662,1655,1644
1664,1658,1665
1664,1643,1658
1664,1665,1666
1667,750,749
1667,1656,750
1668,744,751
1668,1657,744
1669,1663,1644
1669,1644,1643
1669,1643,1664
1670,746,745
1671,1667,749
1672,748,750
1672,1673,748
1672,750,1652
1672,1652,1659
1674,745,747
1675,1665,1671
1675,1666,1665
1676,1677,1678
1676,745,1674
1676,1679,1677
1680,745,1676
1680,1676,1678
1680,756,1661
1680,1661,1670
1680,1670,745
1681,1662,1663
1681,752,376
1681,376,742
1681,742,1662
1682,1683,1663
1682,1666,1684
1682,1663,1669
1685,755,1673
1685,1661,756
1685,756,755
1685,1659,1661
1686,748,1673
1686,1673,755
1687,1668,751
1688,1683,1682
1688,1682,1684
1689,749,748
1689,748,1686
1690,756,1680
1690,1680,1678
1691,1679,1687
1691,751,757
1691,757,760
1691,1687,751
1692,1684,1666
1693,754,756
1693,756,1690
1694,1691,760
1694,770,1677
1694,1679,1691
1694,771,770
1694,760,771
1694,1677,1679
1695,1683,1688
1695,1663,1683
1696,1684,1692
1697,752,1681
1697,1663,1695
1697,758,752
1697,763,758
1697,1695,763
1697,1681,1663
1698,1686,755
1698,755,754
1699,1696,767
1699,767,766
1700,768,767
1701,754,1693
1702,1678,1677
1703,1704,1705
1703,1701,1704
1706,773,1707
1706,1699,766
1706,766,773
1708,1709,1710
1711,1712,1713
1711,753,762
1714,1702,1715
1716,770,769
1716,769,182
1716,181,1715
1716,182,181
1717,1707,1718
1717,763,1707
1717,762,763
1717,1718,1719
1720,1708,1710
1720,768,1700
1720,1721,768
1720,1710,1721
1722,768,1721
1722,766,768
1723,1711,1713
1723,761,753
1723,765,761
1723,753,1711
1724,1725,772
1724,772,766
1724,766,1722
1726,1707,773
1726,1718,1707
1726,773,772
1727,1705,1728
1729,1710,1730
1729,1730,1731
1729,1721,1710
1732,1727,1728
1733,1713,1734
1733,781,765
1733,1735,781
1733,1734,1735
1733,1723,1713
1733,765,1723
1736,1718,778
1736,1719,1718
1737,1718,1726
1737,778,1718
1737,776,778
1738,1736,778
1738,1719,1736
1738,1712,1719
1739,1740,1741
1739,181,1742
1739,1742,1740
1739,1715,181
1743,774,764
1743,775,774
1743,780,775
1743,764,765
1743,765,780
1744,1738,778
1744,778,777
1745,1710,1709
1745,1709,1732
1745,1730,1710
1746,1725,1731
1746,1747,1725
1748,1739,1741
1749,776,1737
1749,1747,782
1750,1744,777
1751,784,779
1751,776,1749
1751,1749,782
1751,779,776
1751,782,784
1752,1730,1745
1753,380,382
1753,1731,1730
1753,1730,1752
1753,1752,380
1754,1735,1734
1754,1750,777
1754,1734,1750
1754,777,794
1755,1753,382
1755,1746,1731
1755,1731,1753
1756,797,381
1756,1741,1740
1756,1748,1741
1757,1735,1754
1757,1754,794
1758,781,1735
1758,780,781
1758,785,780
1759,382,795
1759,791,789
1759,795,791
1759,1755,382
1760,804,788
1760,788,785
1760,785,1758
1760,1758,1761
1760,1761,804
1762,378,786
1763,1764,1765
1763,786,787
1763,787,788
1763,1765,1762
1763,1762,786
1766,779,784
1766,793,779
1767,1768,1766
1767,783,790
1767,1766,784
1767,784,783
1767,790,801
1769,1766,1768
1769,1768,1770
1769,793,1766
1771,795,379
1771,1772,795
1771,796,798
1771,379,796
1771,798,1772
1773,794,793
1773,793,1769
1774,181,186
1774,186,809
1775,1772,1776
1775,792,791
1775,795,1772
1775,791,795
1777,806,804
1777,804,1761
1778,1768,1767
1778,1767,801
1779,800,792
1779,808,802
1779,1776,808
1779,792,1775
1779,1775,1776
1779,802,800
1780,1781,383
1780,383,378
1780,1762,1765
1780,1782,1781
1780,378,1762
1783,804,806
1783,806,805
1784,1764,1763
1784,788,803
1784,1763,788
1785,1774,809
1785,1786,1774
1785,809,814
1787,1764,1784
1787,803,1788
1787,1784,803
1789,804,1783
1789,1783,805
1789,803,804
1790,802,385
1790,800,802
1791,814,818
1791,818,812
1791,798,799
1792,1776,1772
1792,1791,812
1792,798,1791
1792,1772,798
1793,1794,1770
1793,1795,817
1796,1765,1764
1796,1782,1780
1796,1764,1787
1796,1780,1765
1797,1776,1792
1797,811,808
1797,812,811
1797,808,1776
1797,1792,812
1798,805,807
1798,807,1799
1800,1794,1793
1800,1793,817
1801,805,1798
1802,1787,1788
1802,1788,1803
1802,1796,1787
1804,1782,1796
1804,1796,1802
1805,1801,1806
1807,1808,1806
1809,1803,1810
1811,816,815
1811,815,384
1812,825,823
1812,1813,1814
1815,1809,1810
1816,1817,1818
1816,1818,1805
1819,1817,1816
1820,1810,1803
1821,816,1811
1822,1821,1811
1822,1811,384
1823,1824,1820
1825,1822,384
1825,384,387
1825,387,820
1826,1808,1827
1828,1820,1824
1828,1810,1820
1829,1814,1815
1830,1821,1822
1831,1826,1827
1832,1830,1833
1832,1821,1830
1832,1831,1827
1834,1835,1824
1834,1824,1823
1836,1828,1824
1837,1826,1831
1838,1832,1833
1838,1831,1832
1838,1837,1831
1838,1833,1839
1840,1837,1838
1841,1833,1830
1842,830,821
1842,821,824
1843,1842,824
1843,825,1844
1843,824,825
1845,1846,1847
1848,1836,1849
1850,1846,1845
1851,1835,1834
1851,1845,1847
1851,1847,1852
1851,1852,1835
1853,1854,1849
1853,1835,1852
1855,1842,1856
1855,830,1842
1857,1848,1849
1857,1849,1854
1857,1858,1848
1859,1839,1860
1861,1857,833
1861,1858,1857
1862,813,810
1862,810,83
1862,83,194
1863,1846,1850
1863,1859,1860
1863,1850,1859
1864,1852,1847
1864,1865,1866
1867,1855,1856
1868,1869,196
1868,196,841
1870,831,829
1871,1867,1856
1871,833,832
1871,1856,1861
1871,1861,833
1872,834,833
1872,1857,1854
1872,833,1857
1873,1868,841
1873,1860,1839
1874,1871,832
1874,1875,1867
1874,1867,1871
1874,832,1876
1877,1870,829
1878,1873,841
1878,1860,1873
1879,831,1870
1879,835,831
1880,1854,1853
1880,1864,1866
1881,1879,1870
1881,1870,1877
1882,1883,1875
1884,1854,1880
1885,1879,1881
1885,1881,1877
1886,1865,1887
1888,1862,194
1888,194,196
1889,1880,1866
1889,1884,1880
1890,1884,1889
1891,1866,1865
1891,1865,1886
1892,841,840
1892,840,1893
1892,1893,1894
1895,1879,1885
1895,835,1879
1895,1885,1896
1897,1898,1899
1900,388,835
1901,1902,1903
1904,1903,1902
1905,1866,1891
1905,838,837
1906,1904,1902
1907,388,1900
1908,1876,1909
1908,1897,1876
1908,1898,1897
1910,835,1895
1910,1900,835
1910,1907,1900
1911,1902,1901
1912,1909,1906
1912,1906,1902
1913,389,388
1913,388,1907
1913,850,389
1913,1914,850
1915,1896,1899
1916,1902,1911
1917,1909,1912
1917,1908,1909
1918,843,857
1918,838,1919
1918,1919,843
1918,836,838
1920,1921,1917
1922,1915,847
1922,847,846
1923,836,1918
1923,1918,857
1923,1924,836
1925,1922,846
1925,1926,1922
1927,1924,1923
1927,1928,1924
1927,1923,857
1929,1925,846
1929,1926,1925
1929,1914,1926
1930,842,844
1930,857,843
1930,855,857
1930,844,851
1930,851,855
1930,843,842
1931,1932,1933
1934,1935,1928
1936,1931,1933
1936,1937,1931
1938,1939,1940
1938,1935,1934
1938,1940,1935
1941,1942,1938
1941,1938,1934
1943,1929,846
1944,845,1937
1944,1945,1946
1944,1937,1936
1944,1936,1945
1947,856,1948
1947,1941,1934
1949,1939,1938
1949,1938,1942
1950,1947,1948
1950,1942,1941
1950,1941,1947
1951,858,852
1952,1953,1954
1955,858,1951
1956,1942,1950
1957,854,858
1957,858,1955
1958,855,392
1958,856,855
1958,1948,856
1959,1956,1950
1959,1960,1956
1959,1950,1948
1961,1962,1963
1961,1964,1962
1965,869,868
1966,1967,1960
1968,1964,1961
1968,1969,1964
1970,1971,1962
1970,1962,1964
1970,1964,1969
1970,1969,1972
1973,393,404
1973,392,393
1973,1948,1958
1973,1959,1948
1973,1958,392
1974,1972,1975
1974,1965,1971
1974,869,1965
1974,1971,1970
1974,1970,1972
1976,1977,1978
1979,867,869
1979,869,1974
1979,1974,1975
1980,1981,1982
1983,1977,1976
1984,867,1979
1984,870,867
1984,872,870
1984,1979,1975
1985,1986,1977
1985,1977,1983
1985,1983,1980
1987,1969,1968
1987,1976,1978
1988,1987,1989
1988,1969,1987
1988,1972,1969
1990,404,878
1990,1991,404
1992,1993,1994
1992,1975,1993
1992,872,1984
1992,1984,1975
1995,1986,1985
1996,1990,878
1997,1988,1989
1998,1992,1994
1998,1994,881
1998,872,1992
1999,1977,1986
1999,1986,2000
1999,1978,1977
1999,2001,1978
2002,874,872
2002,1998,881
2002,872,1998
2002,881,880
2003,1994,1993
2004,876,875
2004,874,2002
2004,877,876
2004,880,883
2004,2002,880
2004,883,877
2004,875,874
2005,1987,1978
2005,1989,1987
2005,1978,2001
2006,1996,878
2006,2007,1996
2008,1989,2005
2009,1997,1989
2009,2003,1997
2009,1989,2008
2010,878,897
2010,2006,878
2011,889,888
2012,1999,2000
2012,2000,2011
2012,2001,1999
2012,2011,888
2012,2013,2001
2014,2009,2008
2014,2015,2016
2017,890,889
2017,889,2011
2018,2019,2020
2021,879,2020
2021,882,880
2021,880,879
2021,2022,882
2023,401,877
2023,883,882
2023,877,883
2023,402,401
2023,892,402
2024,888,887
2024,2012,888
2024,2013,2012
2025,2026,2019
2027,899,903
2027,2013,2024
2027,2024,887
2027,887,899
2028,2027,903
2028,2013,2027
2028,2015,2013
2028,2016,2015
2029,2020,2019
2029,2021,2020
2029,2022,2021
2030,2028,903
2030,906,2016
2030,2016,2028
2031,2023,882
2031,882,2022
2031,892,2023
2031,895,892
2032,395,900
2032,885,884
2032,884,395
2033,2029,2019
2034,2033,2019
2034,2019,2026
2035,903,910
2035,907,906
2035,2030,903
2035,906,2030
2036,2037,901
2036,893,894
2036,894,895
2036,901,893
2038,2039,2040
2041,2032,900
2041,885,2032
2041,900,901
2042,905,907
2042,907,918
2042,2034,2026
2042,918,2043
2042,2043,2034
2042,2026,905
2044,2039,2038
2045,2037,2036
2046,907,2035
2046,917,907
2046,925,917
2046,916,924
2046,924,925
2046,910,916
2046,2035,910
2047,2039,2044
2047,2048,2039
2049,2040,2039
2050,2043,918
2050,926,928
2051,2050,918
2051,412,926
2051,917,925
2051,918,917
2051,925,413
2051,926,2050
2051,413,412
2052,930,406
2052,2053,930
2052,2054,2053
2052,406,920
2055,923,922
2055,2056,923
2057,2049,2039
2058,2039,2048
2058,2057,2039
2059,2056,2055
2060,2056,2059
2060,2059,932
2060,932,931
2061,2062,2063
2064,2062,2061
2065,2060,931
2065,931,2066
2065,2056,2060
2067,2063,933
2067,933,932
2068,2069,2070
2071,2062,2064
2071,2072,2062
2073,928,934
2073,2074,2075
2073,934,2074
2076,933,2063
2076,2063,2062
2077,931,933
2077,933,2076
2077,2076,2078
2079,2077,2078
2079,2080,2066
2079,2066,931
2079,931,2077
2079,2081,2080
2082,2083,941
2082,2075,2074
2082,2072,2071
2082,2071,2075
2082,2074,2083
2084,2072,2082
2084,941,940
2084,940,2072
2084,2082,941
2085,938,936
2085,946,942
2085,947,946
2085,936,2086
2085,942,938
2087,2074,934
2087,934,935
2087,428,943
2088,2087,943
2088,2074,2087
2088,2083,2074
2089,2072,940
2089,2062,2072
2090,940,939
2090,2078,2089
2090,2089,940
2091,2081,951
2091,949,947
2091,2080,2081
2091,951,949
2092,424,423
2092,2087,935
2092,423,428
2092,935,408
2092,408,424
2092,428,2087
2093,943,944
2093,2088,943
2093,2083,2088
2093,2094,2095
2093,2095,2083
2093,944,2094
2096,941,2083
2096,2095,2094
2096,2083,2095
2097,939,2098
2097,2078,2090
2097,2098,2099
2097,2099,2100
2097,2090,939
2101,939,941
2101,941,2096
2101,2096,2094
2102,2081,2079
2102,2079,2078
2102,952,951
2102,2097,2100
2102,2078,2097
2102,2100,963
2102,963,952
2102,951,2081
2103,2098,939
2103,939,2101
2104,426,942
2104,942,946
2104,953,956
2104,945,953
2104,946,945
2105,425,426
2105,426,2104
2105,956,425
2105,2104,956
2106,944,429
2106,429,960
2106,960,2107
2108,963,2100
2108,2100,2099
2108,964,963
2108,966,964
2109,2110,2111
2109,948,950
2112,2110,2109
2112,952,963
2112,950,952
2112,965,2110
2112,963,965
2112,2109,950
2113,2109,2111
2113,953,948
2113,957,953
2113,948,2109
2114,968,961
2114,2111,968
2114,957,2113
2114,2113,2111
2114,961,957
2115,2116,2117
2118,2119,2117
2118,2117,2116
2118,2116,2107
2118,960,2119
2118,2107,960
2120,2117,2121
2120,2115,2117
2122,965,972
2122,972,979
2122,2110,965
2123,2120,2121
2123,977,975
2123,2121,977
2123,975,966
2123,966,2120
2124,2111,2110
2124,979,981
2124,2122,979
2124,2110,2122
2125,969,434
2125,434,437
2126,2124,981
2126,2111,2124
2126,968,2111
2126,973,968
2126,981,973
2127,427,423
2127,423,226
2127,960,427
2127,2119,960
2128,969,2125
2128,970,969
2128,988,970
2129,2119,2127
2130,438,984
2130,984,443
2130,443,993
2131,226,233
2131,2127,226
2131,233,1018
2131,2129,2127
2132,987,986
2132,986,988
2132,1006,1005
2132,1005,987
2133,2119,2129
2133,2129,2131
2134,1000,999
2135,2136,1015
2137,444,447
2137,447,455
2137,455,457
2137,457,994
2137,994,444
2138,2133,2131
2138,2139,2133
2138,2131,1018
2140,1005,1004
2140,987,1005
2141,1015,1014
2141,2135,1015
2142,1002,2143
2142,995,1002
2142,2143,1001
2142,1001,995
2144,1004,1011
2144,2140,1004
2144,987,2140
2145,2134,999
2145,2136,2134
2145,1001,2143
2145,999,1001
2145,1015,2136
2146,447,446
2146,446,2139
2147,2141,1014
2147,1010,1004
2147,1006,2141
2147,1004,1006
2148,1013,1015
2148,2145,2143
2148,1015,2145
2149,2138,1018
2149,2139,2138
2149,2146,2139
2150,1008,997
2150,997,459
2150,459,458
2150,458,461
2151,2149,1018
2151,2146,2149
2152,987,2144
2152,441,987
2152,1009,441
2152,2144,1011
2153,1018,237
2153,237,448
2153,448,447
2153,447,2146
2153,2151,1018
2153,2146,2151
2154,2150,2155
2154,1003,1008
2154,1008,2150
2156,2143,1002
2156,1002,1003
2156,2155,1022
2156,2154,2155
2156,1003,2154
2157,2147,1014
2157,1010,2147
2157,1014,1013
2158,2156,1022
2158,1022,1021
2158,2143,2156
2159,1009,2152
2160,1011,1010
2161,461,460
2161,1025,1027
2162,1025,2161
2162,460,1012
2162,2161,460
2162,1012,1019
2162,1019,1025
2163,2164,1013
2163,1021,2164
2163,2158,1021
2163,1013,2148
2165,1009,2159
2166,2160,2167
2168,2155,2150
2168,2161,1027
2168,461,2161
2168,2150,461
2169,1013,2164
2169,2164,1031
2169,2157,1013
2170,1022,2155
2170,2155,2168
2171,2172,2166
2171,2173,2174
2175,2170,1033
2175,1022,2170
2175,1020,1022
2176,2169,1031
2176,1031,1030
2177,1007,1009
2177,1016,1007
2177,1009,2165
2177,1023,1016
2178,1037,2179
2180,2167,2176
2180,2176,1030
2180,1037,2178
2180,2178,2167
2180,1030,1037
2181,1034,1042
2181,2175,1033
2181,1020,2175
2181,1033,1034
2182,1020,2181
2182,2181,1042
2182,1021,1020
2183,1031,2164
2183,2164,1021
2184,1035,1023
2184,1023,2177
2185,2186,1039
2185,2174,2186
2187,1031,2183
2187,1029,1031
2188,1037,1036
2188,2179,1037
2189,2188,1046
2189,2179,2188
2189,2173,2179
2190,2185,1039
2190,1039,1038
2190,1038,2191
2192,2193,1029
2192,2187,2194
2192,1029,2187
2195,2189,1046
2196,1039,2195
2196,1046,1045
2196,2195,1046
2197,1032,475
2197,1034,1032
2198,1042,1041
2199,1029,2193
2199,1036,1029
2200,1041,1034
2200,1034,2197
2200,2197,475
2201,2184,2191
2201,1035,2184
2202,1040,1039
2202,1045,1040
2202,1039,2196
2202,2196,1045
2203,2194,2198
2204,1047,1046
2204,1051,1047
2204,2188,1036
2204,1046,2188
2204,2199,1051
2204,1036,2199
2205,1044,1035
2205,1035,2201
2206,1040,1045
2206,1048,2207
2206,1045,1048
2208,2193,2209
2208,2199,2193
2208,1051,2199
2210,1040,2206
2210,2206,2207
2210,2207,2211
2210,1043,1040
2212,475,1056
2212,2200,475
2213,2203,2214
2213,2215,2209
2216,1044,2205
2217,1051,2208
2218,1051,2217
2218,2217,1062
2218,1050,1051
2219,2216,1053
2219,1044,2216
2219,1049,1044
2220,2212,1056
2221,1048,1047
2221,1047,1055
2221,1055,2222
2223,2221,2222
2223,2207,1048
2223,1048,2221
2224,2218,1062
2224,1050,2218
2224,1062,1061
2224,1061,1050
2225,2220,1056
2225,1056,1078
2226,2227,1052
2226,1052,1054
2226,1054,2211
2228,2219,1053
2228,1053,1052
2229,1050,1061
2229,1055,1050
2229,2230,1055
2231,2211,2207
2231,2207,2223
2231,2226,2211
2231,1064,2226
2231,1065,1064
2231,2232,1065
2233,2228,1052
2233,1058,2228
2234,2225,1078
2234,2235,2225
2236,1055,2230
2236,2222,1055
2237,1062,2238
2239,1060,1062
2239,2237,1068
2239,1068,1060
2239,1062,2237
2240,2227,2226
2240,1064,1063
2240,2226,1064
2241,1060,1067
2241,1061,1060
2242,2222,2236
2243,1057,1058
2244,1074,481
2244,1071,1074
2244,1058,2233
2244,481,2243
2244,2243,1058
2245,2246,2230
2245,2241,1067
2247,1078,1084
2247,2234,1078
2247,2248,2234
2249,2243,481
2249,1057,2243
2250,1082,488
2250,1083,1082
2251,1057,2249
2251,1066,1057
2251,1073,1066
2251,2249,481
2252,1075,1063
2252,1063,1065
2252,2250,488
2252,488,1075
2253,1073,2251
2253,2251,481
2254,2247,1084
2254,1068,2247
2254,1084,1087
2255,1081,1083
2255,2246,1079
2255,1079,1081
2256,1068,2254
2256,2254,1087
2256,1087,1088
2257,2256,1088
2257,1068,2256
2257,1067,1068
2258,1073,2253
2258,2253,481
2258,481,480
2258,480,2259
2258,2259,2260
2261,1073,2258
2261,2258,2260
2261,1072,1073
2262,2257,1088
2263,2262,1088
2263,1088,1097
2264,1090,1072
2264,1072,2261
2264,2261,2260
2265,1096,1099
2265,1099,2259
2265,2259,480
2265,480,1094
2265,1094,1096
2266,2263,1097
2267,1070,1076
2267,1093,1070
2268,1099,1106
2268,2259,1099
2268,2260,2259
2269,1081,1080
2270,2267,1076
2270,1076,1092
2271,1107,1111
2271,1097,1107
2271,1080,2266
2271,1111,2269
2271,2269,1080
2271,2266,1097
2272,2273,2274
2275,1106,2276
2275,2268,1106
2275,2277,2268
2275,2274,2277
2278,2270,1092
2279,2267,2270
2279,1093,2267
2280,1101,2281
2280,1102,1101
2282,1105,1099
2282,1104,1109
2282,1099,1104
2283,1108,494
2283,1100,1108
2283,491,1100
2283,489,491
2283,494,489
2284,493,1104
2284,1104,1098
2284,1098,489
2284,489,493
2285,1111,1110
2285,1102,2280
2286,1105,2282
2286,2282,1109
2287,1132,1103
2287,1103,1093
2287,1093,2279
2288,2285,1110
2288,1102,2285
2289,2286,1109
2289,1105,2286
2289,1115,1117
2290,1106,1105
2290,1119,2276
2290,1105,2289
2290,2289,1117
2290,2276,1106
2290,1118,1119
2290,1120,1118
2291,1102,2288
2291,2292,1102
2291,1110,1123
2291,1139,2292
2291,2288,1110
2291,1123,1139
2293,2289,1109
2293,1115,2289
2293,1130,1115
2293,1109,493
2294,1102,2292
2294,2292,1139
2294,1112,1108
2294,1108,1102
2295,1126,1125
2295,1125,1127
2296,2293,493
2296,493,1113
2296,1135,1130
2296,1130,2293
2296,1113,1135
2297,1132,2287
2297,1133,1132
2298,502,1126
2298,1119,502
2298,2295,2299
2298,1126,2295
2298,2299,1119
2300,1114,1112
2300,1112,2294
2300,2294,1139
2300,1139,1114
2301,2290,1117
2301,1120,2290
2301,1117,1116
2302,1121,1120
2302,1120,2301
2302,2301,1116
2302,1116,1136
2303,1113,1114
2303,1135,1113
2303,1114,1140
2304,1143,1133
2304,2297,2305
2304,1133,2297
2306,1121,2302
2306,2302,1136
2306,2307,1121
2308,1134,2309
2308,1136,1129
2308,1129,1134
2310,1135,2303
2311,1143,2304
2312,501,505
2312,1137,501
2313,2308,2309
2314,1144,2309
2315,1148,2316
2315,1149,1148
2315,2313,1149
2317,1143,2311
2318,1158,511
2318,511,1131
2318,1131,1142
2319,2316,1148
2319,1148,1147
2319,2307,2316
2320,1121,2307
2320,2307,2319
2321,2314,1153
2321,1144,2314
2322,2323,1151
2322,2320,2323
2322,506,504
2322,1151,506
2324,1143,2317
2325,2321,1153
2325,1153,1152
2326,1149,1146
2326,1147,1149
2326,1146,1155
2326,1155,515
2327,2328,1150
2327,1150,2329
2330,1150,1151
2330,2329,1150
2331,1162,1164
2332,2331,1164
2332,2333,2331
2332,1158,2333
2334,2325,1152
2334,1152,1159
2335,1158,2332
2336,2329,2330
2336,1168,2329
2336,2337,1168
2338,1173,1160
2339,1167,1166
2339,1163,1162
2339,1171,1163
2339,1166,1171
2340,2334,1159
2340,1159,1174
2340,1174,1183
2341,2340,1183
2341,2334,2340
2342,2343,2344
2342,2344,2345
2346,1173,2338
2347,1198,1200
2347,2345,2348
2349,2343,2342
2350,2343,2349
2351,1163,1176
2351,1161,1163
2351,1176,2352
2351,2352,1169
2351,1169,1161
2353,1173,2346
2354,1181,1189
2354,1189,1185
2354,1185,1178
2354,1160,1172
2354,519,1160
2354,1178,519
2354,1172,1181
2355,2341,1183
2355,1198,2347
2355,1183,1197
2355,1197,1198
2356,2357,2350
2356,2350,2349
2358,1173,2353
2359,2360,2357
2361,1203,2359
2361,2357,2356
2361,2359,2357
2361,1204,1203
2362,2352,1176
2362,1179,1190
2362,1176,1179
2362,1190,1194
2363,2358,528
2364,1180,2363
2364,528,527
2364,1188,1180
2364,2363,528
2365,1188,2364
2365,2364,527
2365,527,2366
2367,1187,1186
2367,1211,1187
2367,1194,1201
2367,1186,1194
2367,1201,1211
2368,1185,1195
2369,1188,2365
2369,2365,2366
2369,2366,1206
2370,1185,2368
2370,1184,1185
2371,523,2372
2373,1188,2369
2373,1208,2368
2373,2368,1195
2373,1195,1188
2373,2369,1206
2373,1206,1208
2374,2371,2375
2376,1209,1184
2376,1184,2370
2377,1214,1207
2377,1207,1206
2377,1206,2366
2377,1212,1214
2378,1219,2379
2378,2379,2374
2378,1220,1219
2380,1187,1211
2381,2376,2382
2383,534,2384
2385,1212,2380
2385,1213,1212
2386,2381,2387
2388,534,2383
2388,532,534
2388,2383,1223
2388,1223,1224
2389,1216,1217
2389,2390,1213
2389,1213,2385
2389,1217,2390
2391,537,532
2391,2388,1224
2391,532,2388
2392,1207,1214
2392,1214,1221
2392,2393,1207
2394,1226,537
2394,2391,1224
2394,537,2391
2395,541,546
2395,1220,2396
2395,2396,542
2395,542,541
2397,1237,1236
2398,1220,2395
2398,2395,546
2398,1218,1220
2399,1233,2400
2399,2400,1221
2399,1217,1233
2399,1213,2390
2399,1221,1213
2399,2390,1217
2401,2394,1224
2401,1227,1226
2401,1224,1232
2401,1226,2394
2402,2392,1221
2402,2403,2392
2402,1221,2400
2402,2400,1244
2404,1237,2397
2405,2398,546
2406,1229,1231
2406,2407,1236
2406,1231,2407
2406,1236,1235
2408,1234,1225
2408,546,1249
2408,2405,546
2408,1249,1234
2409,2402,1244
2409,1244,1243
2409,2403,2402
2410,1229,2406
2410,2406,1235
2411,2409,1243
2411,2403,2409
2412,1238,1240
2412,1243,1238
2412,2403,2411
2412,2411,1243
2413,1229,2410
2413,1235,1246
2413,2410,1235
2413,1230,1229
2414,2415,1248
2414,1237,2404
2414,1248,1237
2416,1227,2401
2416,2401,1232
2416,1232,1234
2417,1228,2418
2417,1233,538
2417,538,1228
2419,1246,1245
2419,2413,1246
2419,1245,1230
2419,1230,2413
2420,2400,1233
2420,1244,2400
2420,2417,2421
2420,1233,2417
2422,2416,1234
2422,1234,1253
2423,2420,2421
2423,1242,1244
2423,1244,2420
2424,2425,1240
2424,2415,2414
2424,2414,2425
2424,2426,2415
2427,1245,1247
2427,1241,1245
2428,2429,1252
2428,2423,2421
2428,1252,1242
2428,1242,2423
2430,2427,1247
2430,1241,2427
2431,1240,1239
2431,1239,1251
2431,2424,1240
2432,1253,1260
2432,2422,1253
2433,2434,2432
2435,2430,1247
2436,1247,1246
2436,1248,2415
2436,1246,1248
2436,2415,2426
2436,2437,2438
2436,2426,2437
2439,2440,2433
2441,2436,2438
2441,1247,2436
2442,1252,2429
2442,1251,1252
2443,1264,1263
2444,1264,2443
2445,2441,2438
2445,2438,2446
2447,2448,2449
2447,2429,2450
2447,2442,2429
2451,2443,1263
2451,2448,2447
2451,1263,1265
2451,1265,2448
2451,2450,2443
2451,2447,2450
2452,2444,2439
2452,1261,1277
2453,2438,2437
2454,548,550
2454,550,1257
2455,2446,2438
2455,2438,2453
2456,1272,549
2457,1284,2446
2457,2455,1285
2457,1285,1284
2457,2446,2455
2458,2444,2452
2458,1264,2444
2458,2452,1277
2458,1277,1278
2459,2460,2461
2462,550,1286
2462,1268,1269
2462,1269,1266
2462,1266,1256
2462,1286,1268
2462,1257,550
2462,1256,1257
2463,1264,2458
2463,2458,1278
2464,1262,1264
2464,1264,2463
2464,1278,1298
2464,2463,1278
2465,2449,2448
2465,2448,1265
2465,2460,2449
2465,1270,1282
2465,1265,1270
2465,2461,2460
2466,2461,2467
2466,2459,2461
2468,1270,1262
2468,1262,2464
2468,2464,1298
2469,1287,1285
2469,2466,2467
2469,2467,1287
2469,1285,2466
2470,1270,2468
2470,1298,1281
2470,2468,1298
2470,1281,1270
2471,2461,2465
2471,2465,1282
2472,1292,1274
2472,1271,1272
2472,1274,1271
2473,2471,1282
2473,2467,2461
2473,2461,2471
2474,1268,1286
2474,1280,1268
2475,1280,2474
2475,1300,1279
2475,1279,1280
2476,1281,1298
2476,1298,1297
2477,2473,1282
2478,2477,1282
2478,1282,1281
2479,554,553
2479,553,1309
2480,1306,1288
2480,1309,1306
2480,1288,1287
2481,554,2479
2482,1296,1295
2483,1300,2475
2483,2475,2484
2483,2484,2485
2486,2487,2488
2486,2484,2487
2486,2485,2484
2489,1303,1300
2489,1300,2483
2490,554,2481
2491,2485,2486
2491,2492,1320
2491,2486,2488
2491,2488,2492
2493,2482,1295
2493,1295,1294
2494,2491,1320
2494,2485,2491
2495,1303,2489
2496,554,2490
2496,2490,1317
2496,555,554
2497,2498,2499
2497,1303,2495
2497,2495,2498
2500,1301,1303
2500,1303,2497
2501,2494,1320
2501,1320,1319
2502,1308,552
2502,555,1324
2502,1313,1308
2502,552,555
2503,2496,1317
2503,555,2496
2503,1317,1332
2504,2501,1319
2505,2506,1330
2507,1301,2500
2507,1321,1301
2507,1322,1321
2507,1326,1322
2507,2508,1326
2509,2497,2499
2509,2507,2500
2509,2500,2497
2510,1320,2492
2510,1318,1320
2510,2511,1318
2510,2505,2511
2510,2492,2505
2512,2499,2498
2512,2498,2504
2513,1324,1323
2513,1323,1313
2513,1313,2502
2513,2502,1324
2514,1327,1324
2514,1324,555
2514,555,2503
2514,1332,1327
2514,2503,1332
2515,1337,2511
2515,1329,1337
2515,2511,2505
2515,2505,1330
2515,1330,1329
2516,1318,2511
2517,2518,2519
2517,2508,2507
2520,1314,1334
2520,1331,1314
2520,1329,1331
2521,2508,2517
2521,2517,2519
2522,2516,2523
2524,1329,2520
2524,1336,1329
2525,1337,1336
2526,1340,1341
2526,1323,1340
2526,1335,1323
2527,1334,1339
2528,1336,2524
2529,2530,2531
2529,2531,2532
2529,2528,2530
2533,2523,2525
2533,2529,2532
2534,2535,2536
2534,2536,2522
2537,2527,1339
2537,1342,1344
2537,1344,2527
2538,1350,1342
2538,2526,1341
2538,1341,1350
2538,1335,2526
2538,1342,2537
2539,1354,1353
2539,1353,2540
2541,2535,2534
2542,1344,1343
2542,2527,1344
2543,1355,1354
2543,1354,2539
2543,2539,2541
2544,2531,2530
2544,2542,1343
2544,2530,2542
2545,569,567
2546,2533,2532
2547,2545,1353
2547,1353,1352
2547,569,2545
2548,1357,1347
2548,561,560
2548,1347,561
2549,1355,2543
2549,1356,1355
2550,1343,1345
2550,2544,1343
2551,1350,1351
2551,1345,1350
2551,2550,1345
2552,2544,2550
2553,2546,2532
2554,2531,2544
2554,2544,2552
2555,1357,2548
2555,2548,560
2556,2555,560
2556,566,568
2556,560,566
2557,2546,2553
2558,1361,1363
2559,1365,1367
2559,1369,1365
2559,2554,2552
2559,1367,2560
2561,1361,2558
2561,1362,1361
2562,2558,1363
2562,2563,1356
2562,1356,2549
2562,1363,2563
2564,2556,568
2564,568,2565
2566,2563,2567
2566,1356,2563
2568,2559,2560
2568,2569,2570
2571,2561,2557
2571,1362,2561
2571,1364,1362
2572,1364,2571
2573,2564,2565
2573,2565,2574
2575,2576,1358
2575,1358,1357
2575,2577,2576
2578,2574,2566
2578,2566,2567
2579,2573,2574
2580,2568,2560
2580,2569,2568
2581,2577,2575
2581,2582,2577
2583,2578,2567
2583,1373,2584
2583,2567,2585
2583,2585,1373
2583,2574,2578
2583,2579,2574
2583,2584,2579
2586,573,2587
2586,571,573
2586,1360,1364
2588,571,2586
2588,572,571
2588,2586,1364
2589,1363,1360
2589,2567,2563
2589,2586,2587
2589,1360,2586
2589,2563,1363
2590,2582,2581
2590,2591,2582
2592,2584,1373
2592,1373,1375
2592,2591,2590
2592,1375,2591
2593,2567,2589
2593,2589,2587
2594,1359,1371
2594,1376,576
2594,1346,1359
2594,1371,1376
2595,2596,2576
2595,2576,2577
2597,2585,2567
2597,2567,2593
2597,2593,2587
2597,2598,1377
2597,1377,2585
2599,2595,2577
2600,1379,2601
2600,1377,1379
2600,1374,1373
2600,1373,2585
2600,2585,1377
2600,2601,1374
2602,577,576
2602,2603,577
2602,576,1376
2604,1372,1346
2604,1346,2594
2605,577,2603
2606,573,570
2606,570,1384
2607,580,577
2607,577,2605
2608,580,2607
2609,2606,1384
2609,1384,1380
2609,2610,2606
2609,1386,2610
2609,1385,1386
2609,1380,1385
2611,2612,1378
2611,1378,1377
2611,2613,2612
2611,1377,2598
2614,1379,1378
2615,585,583
2615,580,2608
2615,2608,2616
2615,583,580
2617,270,1372
2617,1372,2604
2618,2610,1386
2618,1388,2619
2618,1386,1388
2620,2614,1378
2620,2621,2614
2622,2604,2594
2622,2623,2617
2622,2617,2604
2622,2594,576
2624,2620,1378
2625,2613,2619
2625,2612,2613
2626,1402,2627
2626,1403,1402
2628,2629,2630
2628,2631,2629
2628,1395,2631
2628,1396,1395
2632,2626,2633
2634,1403,2626
2634,2626,2632
2635,1403,2634
2635,2636,1403
2637,2638,2639
2637,2640,2638
2637,2639,2627
2637,2627,1402
2637,1402,1404
2641,2635,2630
2641,2636,2635
2642,2630,2629
2642,2641,2630
2643,2629,2631
2643,2642,2629
2643,2631,1395
2643,1395,1394
2644,586,588
2645,1410,1409
2645,1409,2646
2645,2644,588
2645,2647,1410
2645,588,589
2645,589,2647
2648,1387,1391
2648,1392,266
2648,1391,1392
2648,1398,1387
2648,266,1425
2648,1400,1398
2649,1417,1414
2649,2637,1404
2650,2643,1394
2651,2648,1425
2651,1400,2648
2651,2650,1394
2651,1394,1400
2652,1407,1399
2653,1407,2652
2654,1418,1419
2655,2656,2657
2658,2653,2659
2660,2661,2662
2663,2662,2664
2665,2660,2666
2665,2661,2660
2665,1425,1428
2665,1428,2661
2667,1419,1420
2667,2654,1419
2667,1420,1421
2667,1421,1422
2668,2669,2670
2671,1430,270
2671,270,2672
2673,2669,2668
2673,2668,2674
2675,2667,1422
2675,1422,1423
2675,1423,1424
2675,1424,1426
2675,1426,1427
2675,2676,2667
2677,2675,1427
2678,2677,1427
2678,1427,2669
2679,2678,2669
2680,2679,2669
2681,2682,2683
2684,2671,2685
2686,2685,2681
2687,2662,2661
2687,2664,2662
2687,2661,1428
2688,2689,2676
2690,2664,2687
2691,2692,2693
2694,1432,1431
2694,1430,1432
2695,2694,1431
2696,2697,2698
2699,1431,2696
2699,2695,1431
2699,2696,2698
2700,1430,2701
2700,1436,1435
2700,1435,1440
2700,269,1430
2700,2701,1436
2700,1438,269
2702,1437,1438
2702,2700,1440
2702,1438,2700
2702,1440,1437
2703,591,596
2703,596,1445
2703,1429,591
2704,2705,2706
2707,2708,1434
2709,1435,1434
2709,1434,2708
2710,1435,2709
2711,1443,1439
2712,2713,2714
2715,2713,2712
2716,2713,2715
2717,2718,2719
2720,2721,2708
2722,2721,2723
2724,1437,1441
2724,269,1437
2724,1444,269
2725,1443,2711
2725,2711,2722
2725,2722,2723
2726,2727,2728
2726,2728,2716
2729,1442,1443
2730,1441,1442
2730,2724,1441
2730,1442,2729
2731,2720,2728
2731,2728,2727
2731,2721,2720
2731,2723,2721
2731,2732,2723
2733,1443,2725
2733,2729,1443
2734,2724,2730
2735,2726,2736
2735,2727,2726
2737,2732,2731
2737,2731,2727
2737,2738,2732
2739,2740,2741
2739,2723,2732
2742,2727,2735
2742,2735,2736
2743,1446,1444
2744,1447,1451
2744,2745,2740
2744,1454,1447
2744,2740,2739
2744,2732,2738
2744,2738,2746
2744,1451,2745
2744,2739,2732
2744,2746,1454
2747,2742,2748
2747,2749,2742
2747,2748,2750
2751,2749,2747
2751,2747,2750
2751,2752,2749
2753,1446,2743
2754,1453,1454
2754,2752,1455
2754,1455,1453
2754,2749,2752
2754,2746,2749
2754,1454,2746
2755,2756,2757
2758,1452,1446
2758,1446,2753
2759,2760,2761
2762,2750,2763
2762,2751,2750
2762,2752,2751
2764,2758,2765
2766,2752,2762
2767,1455,2752
2767,2752,2766
2768,1450,1455
2768,1455,2767
2768,2767,1457
2769,2770,1452
2771,2772,2773
2774,2775,597
2774,597,1481
2774,2776,2777
2774,2777,2775
2778,2779,1458
2778,1458,1457
2778,2766,2779
2780,2770,2769
2781,2782,2783
2784,2780,2785
2786,2787,2788
2789,2784,2785
2789,2790,2784
2789,2785,2781
2791,2774,1481
2791,1458,2779
2792,2793,2790
2792,2790,2789
2794,2795,1456
2796,2797,2793
2796,2793,2792
2798,2791,1481
2799,2794,2800
2801,1464,1463
2801,1462,1464
2801,1463,1465
2802,2803,2804
2805,2806,2799
2807,2808,2809
2807,2810,2811
2807,2809,2812
2807,2811,2801
2807,2801,1465
2807,2812,2810
2813,1461,1460
2813,1460,1462
2813,1462,2801
2813,1468,1461
2813,1470,1468
2814,2815,2816
2814,2807,1465
2814,2816,2807
2817,1465,1459
2817,2814,1465
2818,2815,2819
2820,1473,1471
2820,1470,2813
2820,1471,1470
2821,2817,1459
2821,1459,2822
2822,1459,1466
2822,1466,2823
2824,2825,2826
2827,2825,2824
2828,2829,2830
2831,2829,2828
1479,1477,2832
2832,1477,2833
2832,2833,2834
2834,2833,2835
2834,2835,2836
2837,2825,2827
2837,1481,1480
2837,1480,2838
2837,2827,1481
2839,2837,2838
2840,610,608
2840,602,599
2840,599,603
2840,604,615
2840,603,604
2840,1493,602
2840,608,607
2840,613,611
2840,611,610
2840,615,613
2840,607,1493
2841,1502,1503
2841,1507,1502
2841,1503,1517
2841,1517,1508
2841,1508,1507
2842,647,646
2842,649,643
2842,646,649
2842,643,1512
2842,1512,647
2843,1509,1508
2843,665,1509
2843,1508,1522
2843,1522,665
2844,652,1525
2844,651,653
2844,653,652
2844,675,651
2844,1525,1529
2844,1529,675
2845,1521,655
2845,1532,1522
2845,1522,1521
2845,1536,1532
2845,655,1536
2846,1523,664
2846,686,1523
2846,664,676
2846,684,686
2846,676,684
2847,1525,644
2847,644,1533
2847,1530,1525
2847,1533,701
2847,701,1530
2848,693,691
2848,695,694
2848,682,657
2848,661,667
2848,667,668
2848,657,661
2848,687,682
2848,668,1550
2848,1550,695
2848,689,687
2848,694,693
2848,691,689
2849,1547,1535
2849,673,1541
2849,1535,673
2849,1541,1545
2849,1545,1547
2850,1543,1551
2850,1534,1530
2850,1538,1534
2850,1530,1543
2851,1541,1538
2851,1546,1541
2851,2850,1551
2851,1551,1546
2851,1538,2850
2852,1554,703
2852,697,696
2852,702,697
2852,696,1554
2852,703,702
2853,714,713
2853,1560,714
2854,1567,1560
2855,2853,713
2855,1560,2853
2855,1587,2854
2855,1576,1587
2855,713,1576
2855,2854,1560
2856,1559,704
2856,718,1559
2856,1574,718
2856,704,1571
2856,1571,724
2856,724,1574
2857,1563,1561
2857,1561,1564
2857,1564,2858
2859,1562,1579
2859,2858,1564
2859,1564,1562
2860,2854,1587
2860,1567,2854
2860,1568,1567
2860,1587,1568
2861,1563,2857
2861,2857,2858
2861,1570,1563
2861,1581,1570
2862,1569,716
2862,716,721
2862,724,1571
2862,725,724
2862,721,725
2862,1571,1569
2863,1587,1576
2863,1576,1583
2864,2859,1579
2864,2858,2859
2864,1590,2858
2864,1579,1591
2864,1591,1590
2865,1573,1574
2865,1574,1585
2865,1585,1588
2866,717,1573
2866,720,717
2866,1573,1598
2866,1598,1599
2867,1583,1594
2867,2863,1583
2867,1587,2863
2867,1586,1587
2868,1590,2869
2868,2861,2858
2868,1581,2861
2868,2869,2870
2868,2858,1590
2871,729,1598
2871,1573,2865
2871,2865,1588
2871,1598,1573
2872,1586,2867
2872,1594,1593
2872,1593,1586
2872,2867,1594
2873,1589,1591
2873,2866,1599
2873,720,2866
2873,1579,720
2873,1591,1579
2874,1582,2875
2874,1578,1582
2874,1584,1578
2876,1599,1603
2876,1612,1589
2876,1603,1612
2876,1589,2873
2876,2873,1599
2877,2875,1582
2877,1616,2875
2877,2870,1616
2877,2868,2870
2877,1581,2868
2877,1582,1581
2878,2869,1590
2878,1590,1589
2878,2879,2869
2878,1589,1612
2880,2875,1616
2880,1616,1615
2880,1584,2874
2880,2874,2875
2881,1594,1584
2881,2880,1615
2881,1584,2880
2882,1595,2883
2884,2869,2879
2884,1616,2870
2884,2870,2869
2884,1614,1616
2884,2879,1628
2884,1628,1614
2885,2881,1615
2886,729,728
2886,728,1618
2886,1603,1597
2886,1597,729
2887,1620,1606
2887,1606,1601
2887,1601,1600
2887,1600,2888
2887,2888,1623
2887,1623,1620
2889,1623,2888
2889,2888,2882
2890,1612,1613
2890,2879,2878
2890,2878,1612
2891,1611,1603
2891,741,1611
2891,1603,2886
2891,2886,1618
2892,1613,1621
2892,2890,1613
2892,1621,1632
2892,2879,2890
2893,2892,1632
2893,2879,2892
2893,1632,1640
2894,1609,738
2894,738,1622
2894,1622,1623
2894,2889,1609
2894,1623,2889
2895,1627,1637
2895,1615,1614
2895,2885,1615
2895,1614,1627
2896,1637,1635
2896,1634,1608
2896,2895,1637
2896,1635,1634
2897,1647,1631
2897,1621,1611
2897,1611,741
2897,1631,1621
2898,2879,2893
2898,2893,1640
2898,1636,1628
2898,1640,1639
2898,1628,2879
2898,1639,1636
2899,735,1642
2899,739,371
2899,1642,1644
2899,372,735
2899,1644,739
2899,371,372
2900,1631,1646
2900,1646,1654
2900,1640,1632
2900,1632,1631
2901,1637,1636
2901,1635,1637
2901,1636,1645
2901,1645,1650
2901,1650,1635
2902,2900,1654
2902,1640,2900
2902,1654,1641
2902,1641,1640
2903,2897,741
2903,741,740
2903,740,743
2903,1647,2897
2904,1633,1635
2904,1635,1649
2904,1649,2905
2904,1638,1633
2906,1642,733
2906,1648,1643
2906,1643,1642
2906,733,1648
2907,1639,1641
2907,1645,1639
2908,1660,1659
2908,736,1638
2908,2904,2905
2908,1638,2904
2908,1652,736
2908,2905,1660
2908,1659,1652
2909,1646,1647
2909,1653,1646
2909,2903,743
2909,1647,2903
2909,743,1653
2910,1648,1625
2910,1630,1656
2910,1625,1630
2911,2910,1656
2911,1648,2910
2911,1658,1648
2911,1656,1667
2912,1661,1660
2912,2905,1649
2912,1660,2905
2912,1670,1661
2912,746,1670
2912,1649,746
2913,1641,1657
2913,1657,1668
2914,1658,2911
2914,2911,1667
2914,1665,1658
2914,1671,1665
2914,1667,1671
2915,1666,1682
2915,1682,1669
2915,1664,1666
2915,1669,1664
2916,1659,1685
2916,1685,1673
2916,1673,1672
2916,1672,1659
2917,1676,1674
2917,1679,1676
2917,1687,1679
2917,1668,1687
2918,1671,749
2918,1689,2919
2918,749,1689
2918,1675,1671
2920,1666,1675
2920,2918,2919
2920,1692,1666
2920,1675,2918
2921,1689,1686
2921,1686,1698
2921,1698,2922
2923,1688,1684
2923,1684,1696
2923,1696,1699
2924,2919,1689
2924,1689,2921
2924,1700,2919
2924,2921,2922
2925,1700,767
2925,1696,1692
2925,767,1696
2925,2919,1700
2925,2920,2919
2925,1692,2920
2926,1690,1678
2926,1678,1702
2926,1693,1690
2927,1695,1688
2927,1688,2923
2927,1699,1706
2927,2923,1699
2928,754,1701
2928,1698,754
2928,1701,1703
2928,1703,2929
2930,1695,2927
2930,1706,1707
2930,763,1695
2930,1707,763
2930,2927,1706
2931,1701,1693
2931,1702,1714
2931,1693,2926
2931,2926,1702
2932,1698,2928
2932,2928,2929
2932,2922,1698
2932,1708,2922
2933,1708,1720
2933,2922,1708
2933,1700,2924
2933,2924,2922
2933,1720,1700
2934,2931,1714
2934,1704,1701
2934,1714,1704
2934,1701,2931
2935,1677,770
2935,770,1716
2935,1702,1677
2935,1715,1702
2935,1716,1715
2936,1705,1727
2936,1727,2929
2936,1703,1705
2936,2929,1703
2937,1711,762
2937,1717,1719
2937,762,1717
2937,1712,1711
2937,1719,1712
2938,2932,2929
2938,2929,1727
2938,1708,2932
2938,1732,1709
2938,1727,1732
2938,1709,1708
2939,1715,1739
2939,1705,1704
2939,1714,1715
2939,1704,1714
2940,1724,1722
2940,1731,1725
2940,1729,1731
2940,1722,1721
2940,1725,1724
2940,1721,1729
2941,1728,1705
2941,1705,2939
2941,1748,1728
2941,1739,1748
2941,2939,1739
2942,1713,1712
2942,1734,1713
2942,1712,1738
2942,1738,1744
2942,1750,1734
2942,1744,1750
2943,772,1725
2943,1725,1747
2943,1749,1737
2943,1726,772
2943,1747,1749
2943,1737,1726
2944,1732,1728
2944,1728,1748
2945,1745,1732
2945,1732,2944
2945,2944,1748
2945,1748,1756
2946,381,380
2946,1756,381
2946,2945,1756
2946,1745,2945
2946,1752,1745
2946,380,1752
2947,789,782
2947,1747,1746
2947,782,1747
2947,1746,1755
2947,1759,789
2947,1755,1759
2948,1735,1757
2948,1758,1735
2948,1757,794
2948,1761,1758
2949,1774,1786
2949,1742,181
2949,181,1774
2950,799,796
2950,797,1756
2950,1740,1742
2950,2949,1786
2950,1742,2949
2950,1756,1740
2950,796,797
2951,794,1773
2951,1773,1777
2951,1777,1761
2951,1761,2948
2951,2948,794
2952,1773,1769
2952,1770,1794
2952,1794,1799
2952,1769,1770
2953,807,806
2953,1777,1773
2953,1773,2952
2953,1799,807
2953,2952,1799
2953,806,1777
2954,1790,1795
2954,1778,801
2954,801,800
2954,800,1790
2955,190,383
2955,383,1781
2955,822,190
2955,1782,1813
2955,1781,1782
2956,2950,1786
2956,799,2950
2956,1786,1785
2956,1785,814
2956,814,1791
2956,1791,799
2957,1768,1778
2957,2954,1795
2957,1793,1770
2957,1795,1793
2957,1770,1768
2957,1778,2954
2958,805,1801
2958,1789,805
2959,1795,1790
2959,1790,385
2959,817,1795
2959,815,817
2959,385,815
2960,1799,1794
2960,1798,1799
2960,1794,1800
2961,1788,803
2961,803,1789
2962,1805,2961
2962,1801,1805
2962,2958,1801
2962,1789,2958
2962,2961,1789
2963,1801,1798
2963,1798,2960
2963,1806,1801
2963,1807,1806
2964,1805,1818
2964,1818,1788
2964,1788,2961
2964,2961,1805
2965,1802,1803
2965,1804,1802
2965,1803,1809
2965,1809,1804
2966,1809,1815
2966,1814,1813
2966,1782,1804
2966,1804,1809
2966,1813,1782
2966,1815,1814
2967,1808,1826
2967,1806,1808
2967,1805,1806
2968,1818,1817
2968,1788,1818
2968,1803,1788
2969,822,2955
2969,1813,1812
2969,823,822
2969,2955,1813
2969,1812,823
2970,1820,1803
2970,1803,2968
2970,1823,1820
2970,2968,1817
2970,1819,1823
2970,1817,1819
2971,1816,1805
2971,2967,1826
2971,1805,2967
2972,1827,1808
2972,816,1821
2972,1807,816
2972,1808,1807
2972,1832,1827
2972,1821,1832
2973,2971,1826
2973,1816,2971
2974,1829,1844
2974,1814,1829
2974,825,1812
2974,1844,825
2974,1812,1814
2975,1823,1819
2975,2973,2976
2975,1816,2973
2975,1819,1816
2975,1834,1823
2977,1810,1828
2977,1828,1836
2977,1815,1810
2978,1825,828
2978,1830,1822
2978,1822,1825
2979,2977,1836
2979,1815,2977
2979,1829,1815
2979,1836,1848
2980,2976,2973
2980,1826,1837
2980,2973,1826
2980,1837,1840
2981,1841,1830
2981,1830,2978
2981,2978,828
2981,827,1841
2981,828,827
2982,1845,2976
2982,2980,1840
2982,2976,2980
2982,1840,1850
2982,1850,1845
2983,1844,1829
2983,1829,2979
2983,2979,1848
2983,1858,1844
2983,1848,1858
2984,1824,1835
2984,1836,1824
2984,1849,1836
2984,1853,1849
2984,1835,1853
2985,2975,2976
2985,1834,2975
2985,2976,1845
2985,1851,1834
2985,1845,1851
2986,1838,1839
2986,1850,1840
2986,1859,1850
2986,1839,1859
2986,1840,1838
2987,826,828
2987,1869,826
2987,813,1862
2988,826,1869
2988,1841,827
2988,827,826
2988,1839,1833
2988,1833,1841
2988,1869,1868
2989,1842,1843
2989,1843,1844
2989,1856,1842
2989,1861,1856
2989,1858,1861
2989,1844,1858
2990,196,1869
2990,1869,2987
2990,1888,196
2990,1862,1888
2990,2987,1862
2991,1855,1867
2991,830,1855
2992,1880,1853
2992,1853,1852
2992,1864,1880
2992,1852,1864
2993,1839,2988
2993,2988,1868
2993,1868,1873
2993,1873,1839
2994,1875,1883
2994,1867,1875
2994,1883,1877
2994,1877,829
2994,2991,1867
2994,829,830
2994,830,2991
2995,1887,1865
2995,1847,1846
2995,1864,1847
2995,1865,1864
2996,1860,1878
2996,1863,1860
2997,834,1872
2997,1854,1884
2997,1872,1854
2998,1863,2996
2999,2997,1884
2999,834,2997
3000,834,2999
3000,1884,1890
3000,2999,1884
3000,1901,1903
3000,1890,1901
3001,1883,1882
3001,1877,1883
3001,1897,1899
3002,1897,3001
3002,1875,1874
3002,1874,1876
3002,1882,1875
3002,3001,1882
3002,1876,1897
3003,2998,1892
3003,1886,1887
3003,1894,1886
3003,1892,1894
3004,834,3000
3004,3000,1903
3004,832,834
3004,1903,1904
3005,3001,1899
3005,1899,1896
3005,1877,3001
3005,1885,1877
3005,1896,1885
3006,1889,1866
3006,1866,1905
3006,1905,837
3007,832,3004
3007,3004,1904
3007,1876,832
3007,1909,1876
3007,1906,1909
3007,1904,1906
3008,3006,837
3008,1889,3006
3009,1911,1901
3009,3008,837
3009,1889,3008
3009,1890,1889
3009,1901,1890
3010,1895,1896
3010,1896,1915
3011,1905,1891
3011,838,1905
3012,1915,1922
3012,1895,3010
3012,3010,1915
3012,1910,1895
3013,1908,1917
3013,1917,1921
3013,1921,3014
3013,1898,1908
3015,1916,1911
3015,3009,837
3015,1911,3009
3015,837,836
3015,836,1924
3015,1924,1916
3016,1910,3012
3016,3012,1922
3016,1922,1926
3017,1907,1910
3017,1914,1913
3017,3016,1926
3017,1910,3016
3017,1913,1907
3017,1926,1914
3018,847,1915
3018,3013,3014
3019,1902,1916
3020,1935,1940
3020,3019,1935
3021,1921,1920
3021,1940,1933
3021,3020,1940
3021,1920,3020
3022,3014,1932
3022,847,3018
3022,3018,3014
3022,1932,1931
3022,1931,1937
3023,847,3022
3023,3022,1937
3023,1937,845
3023,845,847
3024,1928,1927
3024,1927,857
3024,1934,1928
3024,857,856
3025,1914,1929
3025,1929,1943
3026,1914,3025
3027,1940,1939
3027,1933,1940
3028,1934,3024
3028,856,1947
3028,3024,856
3028,1947,1934
3029,3027,1939
3029,1936,1933
3029,1933,3027
3029,1945,1936
3030,846,845
3030,1943,846
3031,3026,1953
3031,1951,852
3032,1954,1943
3032,3033,3034
3032,3030,3033
3032,3034,1954
3032,1943,3030
3035,1939,1949
3036,1944,1946
3037,3038,1946
3037,3035,1967
3039,1952,1954
3039,1954,3034
3040,3033,3036
3041,1955,1951
3041,1951,1963
3041,1963,1962
3041,1957,1955
3041,1971,1965
3041,1962,1971
3041,1965,1957
3042,3039,3043
3042,1963,1952
3042,3043,1968
3042,1961,1963
3042,1952,3039
3042,1968,1961
3044,3045,1981
3044,3040,3045
3046,854,1957
3046,1965,868
3046,868,854
3046,1957,1965
3047,3038,3037
3047,1967,1966
3047,3037,1967
3047,1966,3048
3049,3044,1981
3049,1981,1980
3050,3047,3051
3050,3045,3038
3050,3051,1982
3050,3038,3047
3050,1981,3045
3050,1982,1981
3052,3049,1980
3052,1983,1976
3052,1976,3043
3052,3043,3049
3052,1980,1983
3053,1973,404
3053,1960,1959
3053,1959,1973
3054,1976,1987
3054,1968,3043
3054,1987,1968
3054,3043,1976
3055,404,1991
3055,3053,404
3056,1991,1990
3056,3051,3047
3056,3047,3048
3056,3048,1991
3057,1985,1980
3057,3058,1995
3057,1995,1985
3057,1982,3051
3057,1980,1982
3059,3057,3051
3059,2007,3058
3059,3058,3057
3060,1990,1996
3060,2007,3059
3060,1996,2007
3060,3051,3056
3060,3056,1990
3060,3059,3051
3061,1975,1972
3061,1972,1988
3061,1988,1997
3061,1997,2003
3061,2003,1993
3061,1993,1975
3062,3058,2007
3062,2007,2006
3063,2006,2010
3063,3058,3062
3063,3062,2006
3064,1995,3058
3064,3058,3063
3064,3063,2010
3065,2003,2009
3065,1994,2003
3065,2009,3066
3065,2018,1994
3067,2018,2020
3067,881,1994
3067,2020,879
3067,879,881
3067,1994,2018
3068,3064,2010
3068,890,2017
3069,2008,2005
3069,2005,2001
3069,2014,2008
3069,2013,2015
3069,2001,2013
3069,2015,2014
3070,2009,2014
3070,2014,2016
3070,3066,2009
3070,2025,3066
3071,2019,2018
3071,2025,2019
3071,3065,3066
3071,2018,3065
3071,3066,2025
3072,906,905
3072,2026,2025
3072,905,2026
3072,3070,2016
3072,2016,906
3072,2025,3070
3073,2033,3074
3073,3074,2044
3073,2029,2033
3073,2022,2029
3073,2044,2038
3075,2031,2022
3075,3073,2038
3075,2022,3073
3076,2038,2040
3076,3075,2038
3076,2040,895
3076,2031,3075
3076,895,2031
3077,2033,2034
3077,3074,2033
3077,2044,3074
3077,2034,2043
3077,2047,2044
3078,901,2037
3078,2037,2045
3078,2041,901
3078,2045,3079
3080,2040,2049
3080,895,2040
3081,2045,2036
3081,3080,2049
3081,2036,895
3081,895,3080
3082,2041,3078
3082,3078,3079
3083,2045,3081
3083,3081,2049
3083,3084,2045
3085,3082,3079
3085,2055,922
3086,3077,2043
3086,2047,3077
3086,2043,2050
3087,2045,3084
3087,3079,2045
3088,3086,2050
3088,2047,3086
3088,2048,2047
3088,2050,928
3088,928,2048
3089,3083,2049
3089,3084,3083
3089,2049,2057
3089,2057,3090
3089,3090,2064
3089,2064,2061
3089,2061,3084
3091,3079,3087
3091,3087,3084
3091,3084,2061
3092,928,2073
3092,2058,2048
3092,2048,928
3093,3091,2061
3093,2067,932
3093,2061,2063
3093,2063,2067
3094,2056,2065
3094,2069,2054
3094,923,2056
3094,2070,2069
3094,2065,2070
3095,2071,2064
3095,3090,2057
3095,2057,2058
3095,2064,3090
3095,2075,2071
3096,2058,3092
3096,3095,2058
3096,2075,3095
3096,3092,2073
3096,2073,2075
3097,2068,2086
3097,2053,2054
3097,2054,2069
3097,2069,2068
3098,936,930
3098,2086,936
3098,930,2053
3098,2053,3097
3098,3097,2086
3099,2065,2066
3099,2070,2065
3100,3099,2066
3100,2070,3099
3100,2068,2070
3101,2086,2068
3101,2068,3100
3102,2076,2062
3102,2062,2089
3102,2089,2078
3102,2078,2076
3103,2086,3101
3103,947,2085
3103,2085,2086
3103,3101,2091
3103,2091,947
3104,2094,944
3104,944,2106
3104,2101,2094
3104,2103,2101
3104,3105,2103
3106,2098,2103
3106,2103,3105
3106,3105,3107
3106,3108,2098
3106,3107,3108
3109,2099,2098
3109,2098,3108
3109,2108,2099
3110,3104,2106
3110,2106,2107
3110,2116,3105
3110,3105,3104
3110,2107,2116
3111,3105,2116
3111,3107,3105
3111,3108,3107
3111,2115,3108
3111,2116,2115
3112,966,2108
3112,3109,3108
3112,2108,3109
3112,3108,2115
3112,2120,966
3112,2115,2120
3113,2128,2125
3113,2125,437
3113,438,2130
3113,437,438
3114,2117,2119
3114,2119,2133
3114,2121,2117
3114,2133,2139
3115,988,2128
3115,2132,988
3115,2128,3116
3117,3116,2128
3117,2128,3113
3118,2139,446
3118,2121,3114
3118,3114,2139
3119,3116,3117
3119,2135,3116
3119,2136,2135
3120,3115,3116
3120,1006,2132
3120,3116,2135
3120,2141,1006
3120,2135,2141
3120,2132,3115
3121,2158,2163
3121,2163,2148
3121,2148,2143
3121,2143,2158
3122,1011,2160
3122,2160,2166
3122,2152,1011
3123,2159,2152
3123,3122,2166
3123,2152,3122
3123,2166,2172
3123,2172,2159
3124,2160,1010
3124,2157,2169
3124,1010,2157
3125,2167,2160
3125,3124,2169
3125,2169,2176
3125,2176,2167
3125,2160,3124
3126,2165,2159
3126,2172,2171
3126,2159,2172
3127,2167,2178
3127,2166,2167
3128,3126,2171
3128,2174,2185
3128,2171,2174
3128,2165,3126
3129,2170,2168
3129,1033,2170
3129,2168,1027
3129,1027,1033
3130,2166,3127
3130,2171,2166
3130,3127,2178
3130,2178,2179
3131,2173,2171
3131,2171,3130
3131,3130,2179
3131,2179,2173
3132,2184,2177
3132,2165,3128
3132,2191,2184
3132,2177,2165
3133,1021,2182
3133,2183,1021
3133,2182,1042
3133,1042,2198
3134,1039,2186
3134,2195,1039
3134,2173,2189
3134,2174,2173
3134,2189,2195
3134,2186,2174
3135,3133,2198
3135,2183,3133
3135,2187,2183
3135,2194,2187
3135,2198,2194
3136,2201,2191
3136,1038,1043
3136,2191,1038
3137,2203,2213
3137,2194,2203
3137,2193,2192
3137,2192,2194
3138,2200,2212
3138,1041,2200
3139,3137,2213
3139,2213,2209
3139,2209,2193
3139,2193,3137
3140,2205,2201
3140,2201,3136
3141,1053,2216
3141,2205,3140
3141,2216,2205
3141,1054,1053
3142,2225,2235
3142,2220,2225
3143,2208,2209
3143,1062,2217
3143,2209,2215
3143,2215,2238
3143,2217,2208
3143,2238,1062
3144,2213,2214
3144,3142,2235
3144,2214,3142
3145,2215,2213
3145,2213,3144
3145,2235,2234
3145,3144,2235
3146,1049,2219
3146,2228,1058
3146,1058,1049
3146,2219,2228
3147,2234,2248
3147,2215,3145
3147,3145,2234
3148,2238,2215
3148,2215,3147
3148,2237,2238
3148,3147,2248
3149,2241,2245
3149,2229,1061
3149,2230,2229
3149,1061,2241
3149,2245,2230
3150,1052,2227
3150,2227,2240
3150,2233,1052
3151,2248,2247
3151,1068,2237
3151,2247,1068
3151,3148,2248
3151,2237,3148
3152,2242,2250
3152,2222,2242
3153,3152,2250
3153,2232,3152
3153,2252,1065
3153,2250,2252
3153,1065,2232
3154,2233,3150
3154,2244,2233
3155,2230,2246
3155,2236,2230
3155,2242,2236
3156,3154,479
3156,479,478
3156,478,1071
3156,1071,2244
3156,2244,3154
3157,1083,2250
3157,2242,3155
3157,2246,2255
3157,3155,2246
3157,2250,2242
3157,2255,1083
3158,2257,2262
3158,1079,2246
3158,1067,2257
3158,2245,1067
3158,2246,2245
3159,1079,3158
3159,3158,2262
3159,2262,2263
3159,1080,1079
3159,2266,1080
3159,2263,2266
3160,1082,1081
3160,1081,2269
3161,1082,3160
3161,486,1082
3162,2277,2264
3162,2264,2260
3162,2260,2268
3162,2268,2277
3163,2264,2277
3163,1090,2264
3163,2273,1090
3163,2277,2274
3163,2274,2273
3164,2278,1092
3164,1090,2273
3164,1092,1090
3164,2273,2272
3164,2272,3165
3164,3165,2278
3166,486,3161
3166,2281,1101
3166,3161,2281
3166,1101,486
3167,2285,2280
3167,2269,1111
3167,1111,2285
3167,2281,2269
3167,2280,2281
3168,2275,2276
3168,2274,2275
3168,2272,2274
3169,2270,2278
3170,2276,1119
3170,2299,3165
3170,3168,2276
3170,2272,3168
3170,3165,2272
3170,1119,2299
3171,3165,2299
3171,2295,1127
3171,2299,2295
3171,1127,3169
3171,3169,2278
3171,2278,3165
3172,2297,2287
3172,2287,2279
3172,2270,3169
3172,2279,2270
3173,2297,3172
3173,2305,2297
3174,2305,3173
3174,1127,1124
3174,3173,1127
3174,1124,1137
3175,2305,3174
3175,3174,1137
3175,2304,2305
3176,2309,1134
3176,1135,2310
3176,1134,1135
3176,2310,2314
3176,2314,2309
3177,3175,1137
3177,2304,3175
3177,2311,2304
3178,3177,1137
3178,2311,3177
3178,1137,2312
3178,2317,2311
3179,2303,1140
3179,2310,2303
3179,1140,1141
3179,1141,1153
3180,2308,2313
3180,1136,2308
3180,2313,2315
3181,2315,2316
3181,2316,2307
3181,2306,1136
3181,2307,2306
3181,1136,3180
3181,3180,2315
3182,1153,2314
3182,3179,1153
3182,2310,3179
3182,2314,2310
3183,1144,1146
3183,1146,1149
3183,2313,2309
3183,2309,1144
3183,1149,2313
3184,1121,2320
3184,503,1121
3184,2320,2322
3184,504,503
3184,2322,504
3185,1143,2324
3185,1142,1143
3186,2319,1147
3186,2323,2320
3186,2320,2319
3187,1158,2318
3187,2333,1158
3187,2318,1142
3187,1142,2333
3188,1142,3185
3188,3185,2324
3188,2324,3189
3188,3189,2331
3188,2331,2333
3188,2333,1142
3190,2324,2317
3190,3189,2324
3190,2317,2328
3191,1145,1144
3191,2321,2325
3191,1156,1145
3191,1144,2321
3192,3189,3190
3192,3190,2328
3192,2328,2327
3193,1151,2323
3193,2323,514
3193,2330,1151
3194,3191,2325
3194,1156,3191
3194,2325,2334
3195,2331,3189
3195,3189,3192
3196,1158,2335
3196,1157,1158
3197,1157,3196
3197,2335,2338
3197,3196,2335
3197,2338,1160
3197,1160,1157
3198,2331,3195
3198,1167,2339
3198,3195,1167
3198,1162,2331
3198,2339,1162
3199,2344,2343
3199,2343,513
3199,515,1155
3199,513,515
3200,2332,1164
3200,2335,2332
3200,2338,2335
3201,2330,3193
3201,2336,2330
3201,2337,2336
3201,3202,2337
3203,3194,2334
3203,2341,2355
3203,2334,2341
3203,2355,2347
3204,1155,1156
3204,2344,3199
3204,3199,1155
3204,2345,2344
3204,2348,2345
3205,3203,2347
3205,2348,3204
3205,3204,1156
3205,2347,2348
3206,2338,3200
3206,3200,1164
3206,1164,1169
3206,2346,2338
3207,1169,2352
3207,3206,1169
3207,2346,3206
3207,2353,2346
3208,3202,2360
3208,2360,2359
3209,2347,1200
3209,2342,2345
3209,2345,2347
3209,2349,2342
3210,2359,3211
3210,3208,2359
3212,3209,1200
3212,2349,3209
3212,2356,2349
3213,2363,1180
3213,2358,2363
3213,1172,1173
3213,1173,2358
3213,1180,1172
3214,1186,528
3214,2353,3207
3214,528,2358
3214,2358,2353
3215,3210,3211
3215,2372,523
3215,3211,2372
3215,523,522
3215,522,3210
3216,2361,2356
3216,1204,2361
3216,1200,1199
3216,1199,1204
3216,3212,1200
3216,2356,3212
3217,2359,1203
3217,3211,2359
3217,2372,3211
3218,2371,2372
3218,2375,2371
3218,1203,1202
3218,1202,2375
3218,3217,1203
3218,2372,3217
3219,1191,1196
3219,3220,3221
3222,3219,1196
3222,1196,523
3222,3223,3220
3222,3220,3219
3224,3222,523
3224,523,2371
3224,2371,2374
3224,2379,3223
3224,2374,2379
3224,3223,3222
3225,2368,1208
3225,2370,2368
3225,2376,2370
3226,534,1201
3226,3219,3221
3227,527,526
3227,2366,527
3227,526,1187
3227,2377,2366
3227,1212,2377
3227,1187,2380
3227,2380,1212
3228,3221,3220
3228,3220,3223
3228,2379,1219
3228,3223,2379
3228,1219,2384
3229,1209,2376
3229,2376,2381
3230,2374,2375
3230,2375,1202
3230,2378,2374
3230,542,2396
3230,1202,542
3231,1208,1207
3231,1207,2393
3232,2378,3230
3232,3230,2396
3232,1220,2378
3232,2396,1220
3233,1209,3229
3233,3229,2381
3233,2381,2386
3234,2386,3235
3234,1209,3233
3234,3233,2386
3236,1209,3234
3236,1210,1209
3237,3231,2393
3237,2381,2382
3237,2387,2381
3237,2393,2387
3238,2385,2380
3238,1216,2389
3238,2380,1211
3238,2389,2385
3239,1231,1215
3239,1210,3236
3239,1215,1210
3240,2384,1219
3240,2383,2384
3240,1223,2383
3240,1218,1223
3240,1219,1218
3241,2392,2403
3241,2393,2392
3241,2387,2393
3242,2387,3241
3242,3241,2403
3242,2386,2387
3243,3235,2386
3243,2386,3242
3243,3242,2403
3244,2404,2397
3244,3243,2404
3244,3235,3243
3245,2397,1236
3245,1236,2407
3245,2407,1231
3246,2405,2408
3246,1225,1222
3246,1218,2398
3246,2398,2405
3246,2408,1225
3246,1222,1218
3247,1240,2425
3247,2403,2412
3247,2404,3243
3247,3243,2403
3247,2414,2404
3247,2412,1240
3247,2425,2414
3248,1228,1227
3248,2418,1228
3249,1227,2416
3249,2416,2422
3249,2422,2432
3250,2434,2433
3250,2440,2418
3250,2418,3248
3250,2433,2440
3251,2435,1254
3251,2430,2435
3251,1250,1241
3251,1254,1250
3251,1241,2430
3252,2431,3253
3252,2426,2424
3252,2437,2426
3252,2424,2431
3254,2418,2440
3254,2440,2439
3254,2417,2418
3254,2421,2417
3255,2443,2450
3255,2429,2428
3255,2450,2429
3255,2428,2421
3256,2439,2444
3256,2444,2443
3256,3255,2421
3256,3254,2439
3256,2421,3254
3256,2443,3255
3257,2433,2432
3257,2432,1260
3258,1247,2441
3258,2441,2445
3258,2435,1247
3258,2445,3259
3260,2442,3261
3260,1251,2442
3260,3262,3253
3260,3253,2431
3260,3261,3262
3260,2431,1251
3263,2452,2439
3263,1260,1261
3263,1261,2452
3263,3257,1260
3263,2439,2433
3263,2433,3257
3264,3252,3253
3264,3253,3262
3264,3262,3265
3264,2437,3252
3266,3258,3259
3266,1254,2435
3266,2435,3258
3266,3259,3267
3268,3264,3265
3268,2437,3264
3268,2453,2437
3269,1254,3266
3269,3266,3267
3269,2454,1257
3269,3267,2454
3269,1255,1254
3269,1257,1255
3270,2447,2449
3270,3261,2442
3270,2449,2460
3270,2442,2447
3271,3261,3270
3271,3270,2460
3271,3265,3262
3271,3262,3261
3272,2445,2446
3272,3259,2445
3273,3271,2460
3273,3265,3271
3273,2460,2459
3273,2459,3265
3274,3272,2456
3274,3259,3272
3274,549,548
3274,2456,549
3274,3267,3259
3274,2454,3267
3274,548,2454
3275,3268,3265
3275,2453,3268
3275,3265,2459
3275,2455,2453
3275,1285,2455
3275,2466,1285
3275,2459,2466
3276,3272,2446
3276,2456,3272
3276,2446,1284
3276,1272,2456
3276,1284,2472
3276,2472,1272
3277,1284,1283
3277,1292,2472
3277,1283,1289
3277,2472,1284
3277,1290,1292
3277,1289,1290
3278,2473,2477
3278,2467,2473
3278,2477,3279
3280,2474,1286
3280,2484,2475
3280,2475,2474
3280,2487,2484
3281,2479,1309
3281,1309,2480
3281,2480,1287
3281,1287,2467
3282,3279,2481
3282,2481,2479
3282,3278,3279
3282,3281,2467
3282,2467,3278
3282,2479,3281
3283,1281,2476
3283,2478,1281
3283,2476,1297
3284,1275,1296
3284,1296,2482
3284,2482,2488
3285,1297,1302
3285,1302,1311
3285,3283,1297
3285,2478,3283
3285,1311,2478
3286,2477,2478
3286,3279,2477
3286,2481,3279
3286,2490,2481
3286,2478,1311
3287,2482,2493
3287,2488,2482
3287,2492,2488
3288,2483,2485
3288,2489,2483
3288,2485,2494
3289,2494,2501
3289,2495,2489
3289,2489,3288
3289,3288,2494
3290,1311,1310
3290,1317,2490
3290,3286,1311
3290,2490,3286
3290,1310,1317
3291,3287,2493
3291,2492,3287
3291,2493,2506
3291,2506,2505
3291,2505,2492
3292,2498,2495
3292,3289,2501
3292,2495,3289
3292,2504,2498
3292,2501,2504
3293,1330,2506
3293,1294,1315
3293,2493,1294
3293,2506,2493
3294,2512,2504
3294,1318,2516
3294,2504,1319
3294,1319,1318
3295,2518,2517
3295,2517,2507
3295,2507,2509
3296,3294,2516
3296,2516,2522
3296,2512,3294
3297,2522,2536
3297,3296,2522
3297,2499,2512
3297,2512,3296
3298,2511,1337
3298,2516,2511
3298,1337,2525
3298,2525,2523
3298,2523,2516
3299,2536,2535
3299,2518,2536
3299,2519,2518
3300,2520,1334
3300,2524,2520
3300,1334,2527
3300,2528,2524
3300,2530,2528
3300,2542,2530
3300,2527,2542
3301,2525,1336
3301,1336,2528
3301,2528,2529
3301,2533,2525
3301,2529,2533
3302,2522,2523
3302,2523,2533
3303,2519,3299
3303,2539,2540
3303,2535,2541
3303,2540,2519
3303,2541,2539
3303,3299,2535
3304,1339,1335
3304,2537,1339
3304,1335,2538
3304,2538,2537
3305,2534,2522
3305,3302,2533
3305,2522,3302
3305,2533,2546
3306,2521,2519
3306,1353,2545
3306,2519,2540
3306,2540,1353
3306,2545,567
3307,2534,3305
3307,3305,2546
3308,3307,3309
3308,3309,2549
3308,2541,2534
3308,2543,2541
3308,2534,3307
3308,2549,2543
3310,2562,2549
3310,2549,3309
3310,3309,2558
3310,2558,2562
3311,2546,2557
3311,2557,2561
3311,3307,2546
3311,3309,3307
3311,2558,3309
3311,2561,2558
3312,2570,2569
3312,2553,2532
3313,1356,2566
3313,2566,2574
3313,1352,1356
3314,2552,2550
3314,2551,1351
3314,2550,2551
3315,2568,2570
3315,2559,2568
3315,2554,2559
3316,2557,2553
3316,2571,2557
3316,3312,2569
3316,2553,3312
3316,2572,2571
3316,2569,2572
3317,1369,2559
3317,2552,3314
3317,1351,1369
3317,2559,2552
3317,3314,1351
3318,2555,2556
3318,2556,2564
3318,3319,2581
3318,2581,2575
3318,1357,2555
3318,2575,1357
3318,2564,3319
3320,2564,2573
3320,2581,3319
3320,2573,2579
3320,2584,2592
3320,2579,2584
3320,3319,2564
3320,2590,2581
3320,2592,2590
3321,2576,2596
3321,1358,2576
3321,1348,1358
3322,1364,2572
3322,2588,1364
3322,572,2588
3322,2569,2580
3322,2572,2569
3323,3321,2596
3323,3324,1370
3323,2596,3324
3323,1370,1359
3323,1348,3321
3323,1359,1348
3325,2582,2591
3325,2577,2582
3325,2599,2577
3326,2599,3327
3326,2605,2603
3326,2603,3324
3326,2607,2605
3326,2608,2607
3326,3324,2596
3326,2616,2608
3326,2596,2595
3326,3327,2616
3326,2595,2599
3328,3325,2591
3329,2602,1376
3329,3324,2603
3329,2603,2602
3329,1370,3324
3329,1376,1370
3330,1374,2601
3330,1375,1374
3331,2611,2598
3332,1379,2614
3332,2601,1379
3332,3330,2601
3333,3330,3332
3334,2606,2610
3334,2610,2618
3334,2618,3335
3336,2619,2613
3336,2613,2611
3336,3331,3335
3336,2618,2619
3336,3335,2618
3336,2611,3331
3337,3338,3339
3340,585,2615
3340,587,585
3341,590,587
3341,587,3340
3341,2640,590
3341,3342,2640
3343,1378,2612
3343,2624,1378
3343,2612,2625
3344,3342,3337
3345,2624,3343
3345,2628,2630
3346,2624,3345
3346,3345,2630
3346,3347,2621
3346,2620,2624
3346,2633,3347
3346,2635,2634
3346,2630,2635
3346,2632,2633
3346,2634,2632
3346,2621,2620
3348,2625,2619
3348,2619,1388
3348,1388,1397
3348,1397,1396
3349,2639,2638
3349,2640,3342
3349,2638,2640
3349,3342,3344
3349,2627,2639
3349,2626,2627
3350,2622,576
3350,2623,2622
3351,582,584
3351,581,582
3351,579,581
3351,584,586
3351,2644,3352
3351,586,2644
3353,590,2640
3353,1410,2647
3353,1412,1410
3353,589,590
3353,2647,589
3353,2640,2637
3353,1414,1412
3353,2637,2649
3353,2649,1414
3354,3351,3352
3354,578,579
3354,2652,1399
3354,1399,578
3354,579,3351
3355,2650,3356
3355,2643,2650
3355,2636,2641
3355,2641,2642
3355,2642,2643
3357,3355,3356
3357,2636,3355
3358,2645,2646
3358,3352,2644
3358,2644,2645
3359,2636,3357
3360,2649,1404
3360,3361,2657
3360,1404,1401
3362,1417,2649
3362,3360,2657
3362,2649,3360
3363,2636,3359
3364,2657,2656
3364,2656,1417
3364,1417,3362
3364,3362,2657
3365,3352,3358
3366,2623,1406
3366,1406,1405
3366,2658,3367
3366,1405,1407
3366,3367,2623
3366,1407,2653
3366,2653,2658
3368,3369,2659
3368,2653,2652
3368,2659,2653
3368,3365,3369
3370,3371,3361
3370,3361,3363
3372,3356,2650
3372,2650,2651
3372,2651,1425
3373,2617,2623
3373,270,2617
3373,2672,270
3374,1416,1417
3374,1417,2656
3374,2656,2655
3374,2670,2669
3374,2655,2670
3374,1427,1416
3374,2669,1427
3375,3361,3371
3375,2657,3361
3376,2655,2657
3376,2670,2655
3376,2657,3375
3376,3375,3371
3377,2665,2666
3377,1425,2665
3377,3372,1425
3378,2659,3369
3378,3369,3379
3378,3379,2654
3378,2654,2667
3380,3371,3370
3380,3381,2666
3380,3370,3381
3380,2666,2660
3380,2660,2662
3380,2662,2663
3380,2663,3371
3382,3383,2682
3382,2672,3373
3382,3373,3383
3384,3378,2667
3384,2659,3378
3384,2667,2676
3384,2676,2689
3385,3384,2689
3385,2659,3384
3386,2659,3385
3386,3385,2689
3387,3386,3388
3389,3367,2658
3389,3387,3388
3389,2658,3387
3389,2682,3367
3390,2672,3382
3390,2682,2681
3390,2681,2685
3390,2685,2671
3390,2671,2672
3390,3382,2682
3391,2670,3376
3391,3371,2663
3391,2663,2664
3391,2668,2670
3391,3376,3371
3392,3389,3388
3392,2682,3389
3392,2683,2682
3393,3391,2664
3393,2668,3391
3393,2674,2668
3394,2680,2669
3394,2669,2673
3394,2673,2674
3395,3388,3386
3395,3386,2689
3395,2689,2688
3396,2688,2676
3396,2676,2675
3396,2675,2677
3397,2664,2690
3397,3393,2664
3397,2674,3393
3397,3398,2674
3399,2671,2684
3399,1430,2671
3399,1432,1430
3400,3388,3395
3400,2688,3401
3400,3401,2693
3400,3395,2688
3402,2693,2692
3402,3388,3400
3402,3400,2693
3403,3392,3388
3403,2683,3392
3403,3402,2692
3403,2692,3404
3403,3388,3402
3405,2685,2686
3406,2684,2685
3406,3399,2684
3406,2685,3405
3406,1432,3399
3406,3405,1433
3406,1433,1432
3407,3408,3409
3407,2680,3394
3410,2687,1428
3410,2690,2687
3411,2688,3396
3411,3396,3409
3412,3405,2686
3412,1433,3405
3412,3404,1433
3413,3401,2688
3413,2688,3411
3414,2690,3410
3415,3404,2692
3415,2692,2691
3416,3398,3417
3416,3418,3408
3419,3409,3408
3419,3408,3418
3420,3417,3398
3420,3414,3421
3422,3423,2691
3422,2691,2693
3424,3401,3413
3425,3418,3426
3425,3426,3427
3425,3419,3418
3428,3420,3421
3428,3417,3420
3429,2701,1430
3429,1430,2694
3429,2695,3430
3429,2694,2695
3429,3430,2701
3431,3427,2706
3431,3424,3427
3432,2691,3423
3433,3428,3421
3434,2691,3432
3435,3431,2706
3435,2706,2705
3436,2705,3437
3436,3435,2705
3436,3432,3423
3436,3423,3435
3438,2695,2699
3438,3430,2695
3439,3430,3438
3439,3438,3440
3439,3440,2707
3441,2707,1434
3441,1434,1436
3441,3430,3439
3441,3439,2707
3441,1436,2701
3441,2701,3430
3442,3443,3444
3442,2697,2696
3445,2704,2706
3445,3446,2719
3447,3444,3448
3447,2697,3442
3447,3442,3444
3449,3450,2703
3449,2717,2719
3449,1445,2717
3449,2703,1445
3451,3445,2719
3451,2704,3445
3452,3440,2698
3453,2705,2704
3453,3454,3455
3456,3448,3457
3456,3457,2714
3456,3447,3448
3456,2697,3447
3458,3457,3448
3458,3437,3459
3460,2714,2713
3460,2697,3456
3460,3456,2714
3461,2719,2718
3461,2704,3451
3461,3451,2719
3462,3440,3452
3462,2713,2716
3462,2716,2728
3462,3452,2713
3463,1435,2710
3463,1440,1435
3463,2710,2711
3463,2711,1439
3463,1439,1440
3464,2708,2707
3464,3440,3462
3464,2728,2720
3464,2720,2708
3464,2707,3440
3464,3462,2728
3465,2711,2710
3465,2722,2711
3465,2708,2721
3465,2710,2709
3465,2709,2708
3465,2721,2722
3466,3461,2718
3466,2718,3467
3468,3466,3467
3469,3459,3455
3469,3457,3458
3469,3458,3459
3470,3455,3454
3471,3472,3473
3471,2712,2714
3471,2714,3472
3471,3473,2736
3474,3469,3455
3475,3471,2736
3475,2715,2712
3475,2712,3471
3475,2716,2715
3475,2736,2726
3475,2726,2716
3476,3470,3454
3476,3454,3468
3477,2718,2717
3477,3467,2718
3477,2717,1445
3478,3474,3455
3478,3455,3470
3479,3469,3474
3480,3473,3472
3481,1444,2724
3481,2724,2734
3482,2739,2741
3482,2723,2739
3482,2725,2723
3482,2733,2725
3482,2741,2733
3483,2730,2729
3483,2733,2741
3483,2729,2733
3484,3467,3477
3484,3477,1445
3485,1444,3481
3485,2743,1444
3486,2730,3483
3486,3483,2741
3486,2734,2730
3487,3473,3480
3488,3489,3490
3488,3473,3487
3491,3490,2748
3491,3488,3490
3491,3473,3488
3491,2736,3473
3491,2742,2736
3491,2748,2742
3492,2734,3486
3493,2727,2742
3493,2738,2737
3493,2746,2738
3493,2737,2727
3493,2749,2746
3493,2742,2749
3494,3495,2756
3494,3496,3492
3494,3492,3495
3497,2748,3490
3497,3490,2760
3498,2757,2756
3498,2756,3495
3498,3499,2757
3500,2753,2743
3501,2763,2750
3501,3497,2760
3501,2748,3497
3501,2760,2759
3501,2759,2763
3501,2750,2748
3502,2761,2760
3502,3490,3489
3502,2760,3490
3503,2757,3499
3503,3499,2745
3503,2745,1451
3503,1451,1449
3504,2758,2753
3504,2765,2758
3504,3505,2765
3504,2753,3500
3504,3500,3505
3506,3494,2756
3507,597,2775
3507,2777,3508
3507,3484,1445
3507,3508,3509
3507,2775,2777
3507,1445,597
3510,3511,2755
3510,2755,2757
3510,2757,3503
3512,1452,2758
3512,2758,2764
3513,3510,3503
3514,3515,2773
3514,2773,2772
3516,3505,3514
3516,3514,2772
3516,2772,3517
3518,3508,2777
3518,2777,2776
3518,2761,3508
3519,3505,3516
3519,3516,3517
3519,2765,3505
3520,2759,2761
3520,3518,2776
3520,2761,3518
3521,2759,3520
3522,2765,3519
3522,3519,3517
3522,2764,2765
3522,3523,2764
3524,3525,3526
3524,3511,3525
3524,3526,2771
3524,2771,2773
3527,1457,2767
3527,2767,2766
3527,2778,1457
3527,2766,2778
3528,592,1452
3528,1452,2770
3528,3529,595
3528,595,592
3528,3530,3529
3531,3522,3517
3531,3523,3522
3532,2791,2779
3532,2774,2791
3532,3533,2774
3534,2780,2769
3534,2769,3523
3534,2785,2780
3535,2782,2781
3535,3531,2782
3535,3523,3531
3535,2785,3534
3535,3534,3523
3535,2781,2785
3536,3526,3537
3536,2771,3526
3538,3536,3537
3538,2787,2786
3538,2786,3539
3538,3539,3536
3540,2783,2782
3540,3536,3539
3541,2784,2790
3541,2770,2780
3541,2780,2784
3542,2795,2788
3542,2788,2787
3543,2790,2793
3543,3541,2790
3543,2770,3541
3544,3543,2793
3544,2793,2797
3544,2770,3543
3545,3539,2803
3545,3540,3539
3545,2783,3540
3546,2783,3545
3546,3545,2803
3547,2791,2798
3547,1458,2791
3547,1456,1458
3547,2798,2800
3548,2794,1456
3548,2800,2794
3548,1456,3547
3548,3547,2800
3549,2789,2781
3549,2781,2783
3550,2788,2795
3551,2786,2788
3551,2788,3550
3551,3550,3552
3553,3551,3552
3553,2803,3539
3553,3539,2786
3553,2786,3551
3554,3549,2783
3554,2808,3549
3554,2809,2808
3554,2811,2810
3554,2812,2809
3554,2803,2802
3554,3546,2803
3554,2801,2811
3554,2802,2813
3554,2813,2801
3554,2810,2812
3554,2783,3546
3555,3549,2808
3555,2816,2789
3555,2789,3549
3555,2808,2807
3555,2807,2816
3556,2797,2796
3557,3553,3552
3557,2804,2803
3557,2803,3553
3558,2789,2816
3558,2816,2815
3558,2792,2789
3559,2792,3558
3559,3558,2815
3559,2796,2792
3559,2815,2818
3559,2818,3560
3561,3556,2796
3561,2796,3562
3563,3556,3561
3562,2796,3559
3562,3559,3564
3564,3559,3560
3565,3550,2806
3565,2806,2805
3565,3552,3550
3566,2798,1481
3566,2800,2798
3567,2800,3566
3567,2799,2800
3567,3566,1481
3567,2805,2799
3568,2805,3569
3568,3569,2830
3568,3552,3565
3568,3565,2805
3570,3568,2830
3570,3552,3568
3571,3570,2830
3571,2830,2829
3571,3557,3552
3571,2804,3557
3571,3552,3570
3572,2804,3571
3572,3571,2829
3573,3567,1481
3573,2805,3567
3573,1481,2827
3574,3575,3576
3574,3576,2820
3574,3577,3575
3574,3578,3577
3574,3572,2829
3574,2829,3578
3574,2820,2813
3574,2804,3572
3574,2802,2804
3574,2813,2802
3579,2814,2817
3579,2817,3580
3581,2815,2814
3581,2814,3579
2819,2815,3581
3580,2817,2821
3582,2824,3569
3582,3569,2805
3582,2827,2824
3582,3573,2827
3582,2805,3573
3583,3569,2824
3583,2824,2826
3583,2830,3569
3583,2826,3584
3585,2828,2830
3585,3586,2828
3585,3587,3586
3585,3588,3587
3585,2830,3583
3585,3584,3588
3585,3583,3584
3589,3578,2829
3589,2829,2831
3589,2831,3590
3591,2828,3586
3591,2831,2828
3592,3590,3593
3592,3589,3590
3594,2831,3591
3594,3591,3586
3594,3590,2831
3595,1467,1469
3595,1469,3596
3596,1469,1472
3596,1472,3597
3598,1474,1476
2823,1466,3599
3599,1466,1467
3599,1467,3595
3597,1472,1474
3597,1474,3598
3600,3601,3602
3600,3603,3604
3600,3604,2836
3600,2836,2835
3600,3592,3593
3600,3602,3605
3600,3593,3606
3600,3606,3601
3600,2835,3592
3600,3605,3603
3607,3590,3594
3607,3593,3590
3608,3607,3594
3609,3608,3594
3610,3609,3594
3611,3586,3587
3611,3587,3588
3611,3610,3594
3611,3594,3586
3612,2825,2837
3613,3612,2837
3614,3613,3615
3615,3613,2837
3615,2837,3616
3617,2837,2839
3616,2837,3617
3618,727,729
3618,729,2871
3618,723,727
3618,2871,1588
3618,1588,723
3619,1594,2881
3619,2881,2885
3620,1593,1595
3620,1600,1592
3620,1595,2882
3620,2888,1600
3620,2882,2888
3620,1592,1593
3621,3619,2885
3621,1594,3619
3621,2883,1595
3621,1607,2883
3621,1595,1594
3621,2885,1607
3622,2882,2883
3622,1607,1609
3622,2883,1607
3622,2889,2882
3622,1609,2889
3623,2885,2895
3623,2896,1608
3623,2895,2896
3623,1608,1607
3623,1607,2885
3624,2891,1618
3624,734,741
3624,1618,734
3624,741,2891
3625,2907,1641
3625,1641,2913
3626,2917,1674
3626,1674,747
3627,2963,2960
3627,1807,2963
3627,817,816
3627,1800,817
3627,816,1807
3627,2960,1800
3628,2987,828
3628,828,1825
3628,1825,820
3628,820,813
3628,813,2987
3629,1863,2998
3629,2998,3003
3629,1887,2995
3629,3003,1887
3629,1846,1863
3629,2995,1846
3630,1892,2998
3630,2996,1878
3630,1878,841
3630,2998,2996
3630,841,1892
3631,1893,840
3631,1894,1893
3631,840,843
3632,3018,1915
3632,1915,1899
3632,1898,3013
3632,3013,3018
3632,1899,1898
3633,1919,838
3633,3011,3631
3633,843,1919
3633,3631,843
3633,838,3011
3634,1912,1902
3634,1902,3019
3635,1920,1917
3635,3634,3019
3635,3020,1920
3635,1912,3634
3635,3019,3020
3635,1917,1912
3636,3019,1916
3636,1924,1928
3636,1916,1924
3637,1932,3014
3637,3014,1921
3637,1933,1932
3637,1921,3021
3637,3021,1933
3638,1928,1935
3638,1935,3019
3638,3636,1928
3638,3019,3636
3639,3026,3031
3639,852,850
3639,1914,3026
3639,850,1914
3639,3031,852
3640,1953,3026
3640,1954,1953
3640,1943,1954
3640,3025,1943
3640,3026,3025
3641,3030,845
3641,845,1944
3641,1944,3036
3642,1939,3035
3642,3037,1946
3642,3035,3037
3642,1946,1945
3642,3029,1939
3642,1945,3029
3643,3033,3030
3643,3036,3033
3643,3641,3036
3643,3030,3641
3644,1953,1952
3644,1963,1951
3644,1952,1963
3644,3031,1953
3644,1951,3031
3645,3035,1949
3645,1949,1942
3645,1960,1967
3645,1956,1960
3645,1967,3035
3645,1942,1956
3646,3034,3033
3646,3033,3040
3646,3040,3044
3647,1946,3038
3647,3040,3036
3647,3038,3045
3647,3045,3040
3647,3036,1946
3648,3034,3646
3648,3043,3039
3648,3049,3043
3648,3044,3049
3648,3039,3034
3648,3646,3044
3649,1966,1960
3649,1960,3053
3649,3053,3055
3649,3055,1991
3649,3048,1966
3649,1991,3048
3650,1995,3064
3650,3064,3068
3651,3650,3068
3651,2017,2011
3651,2011,2000
3651,3068,2017
3652,2010,897
3652,3068,2010
3653,3068,3652
3653,3652,897
3653,897,898
3653,890,3068
3653,898,890
3654,2041,3082
3654,885,2041
3655,3654,3082
3655,885,3654
3655,3085,922
3655,922,915
3655,3082,3085
3655,915,885
3656,3085,3079
3656,2055,3085
3656,3079,3091
3656,3093,932
3656,2059,2055
3656,932,2059
3656,3091,3093
3657,2052,920
3657,2054,2052
3657,921,923
3657,920,921
3657,3094,2054
3657,923,3094
3658,2080,2091
3658,2091,3101
3658,2066,2080
3658,3100,2066
3658,3101,3100
3659,446,445
3659,2121,3118
3659,445,977
3659,977,2121
3659,3118,446
3660,3113,2130
3660,2130,993
3660,993,1000
3660,3117,3113
3661,3117,3660
3661,3660,1000
3662,3119,3117
3662,2136,3119
3662,3117,3661
3662,3661,1000
3662,1000,2134
3662,2134,2136
3663,3128,2185
3663,2191,3132
3663,3132,3128
3663,2185,2190
3663,2190,2191
3664,1041,3138
3664,2198,1041
3665,2203,2198
3665,2214,2203
3665,2198,3664
3666,2210,2211
3666,1043,2210
3666,3136,1043
3666,3140,3136
3667,3666,2211
3667,3140,3666
3667,3141,3140
3667,1054,3141
3667,2211,1054
3668,3152,2232
3668,2222,3152
3668,2231,2223
3668,2232,2231
3668,2223,2222
3669,3150,2240
3669,1063,1075
3669,479,3154
3669,1075,479
3669,3154,3150
3669,2240,1063
3670,3160,2269
3670,3161,3160
3670,2269,2281
3670,2281,3161
3671,3172,3169
3671,3169,1127
3671,1127,3173
3671,3173,3172
3672,505,1150
3672,1150,2328
3672,2312,505
3672,2328,2317
3672,2317,3178
3672,3178,2312
3673,2323,3186
3673,1147,2326
3673,514,2323
3673,3186,1147
3673,2326,515
3673,515,514
3674,3192,2327
3674,2327,2329
3674,3195,3192
3674,2329,1168
3675,3194,3203
3675,3203,3205
3675,3205,1156
3675,1156,3194
3676,1168,1167
3676,1167,3195
3676,3674,1168
3676,3195,3674
3677,3201,3193
3677,514,513
3677,3193,514
3678,2360,3202
3678,3201,3677
3678,3202,3201
3679,3210,522
3679,2337,3202
3679,3202,3208
3679,3208,3210
3680,2362,1194
3680,2352,2362
3680,1194,1186
3680,1186,3214
3680,3207,2352
3680,3214,3207
3681,1190,1191
3681,1193,1190
3681,3219,3226
3681,1191,3219
3682,1193,3681
3682,3226,1201
3682,3681,3226
3682,1201,1193
3683,3226,3221
3683,3228,2384
3683,534,3226
3683,3221,3228
3683,2384,534
3684,2376,3225
3684,3237,2382
3684,3225,1208
3684,1208,3231
3684,3231,3237
3684,2382,2376
3685,3236,3234
3685,3234,3235
3686,1216,3238
3686,1211,536
3686,3238,1211
3686,536,535
3686,535,1216
3687,3685,3235
3687,3236,3685
3687,3239,3236
3688,1231,3239
3688,3239,3687
3688,3245,1231
3689,3248,1227
3689,1227,3249
3689,3249,2432
3689,3250,3248
3689,2434,3250
3689,2432,2434
3690,3280,1286
3690,1275,3284
3690,3284,2488
3690,2488,2487
3690,2487,3280
3690,1286,1275
3691,1330,3293
3691,1315,1314
3691,3293,1315
3691,1314,1331
3691,1331,1330
3692,2536,2518
3692,2509,2499
3692,3295,2509
3692,3297,2536
3692,2499,3297
3692,2518,3295
3693,2508,2521
3693,3306,567
3693,564,563
3693,565,564
3693,567,565
3693,563,562
3693,562,1326
3693,2521,3306
3693,1326,2508
3694,3313,2574
3694,1352,3313
3694,568,569
3694,2565,568
3694,2574,2565
3694,569,2547
3694,2547,1352
3695,2570,3312
3695,2532,2531
3695,3315,2570
3695,2554,3315
3695,3312,2532
3695,2531,2554
3696,1367,1366
3696,572,3322
3696,1382,1381
3696,1381,1383
3696,3322,2580
3696,1383,572
3696,1366,1382
3696,2580,2560
3696,2560,1367
3697,3327,2599
3697,2599,3325
3697,3325,3328
3698,3333,3699
3698,3328,2591
3698,1375,3330
3698,3699,3328
3698,3330,3333
3698,2591,1375
3700,3327,3697
3700,3697,3328
3700,3328,3699
3700,3699,3339
3701,573,2606
3701,2606,3334
3701,3335,3331
3701,3334,3335
3702,3339,3338
3702,3700,3339
3702,3327,3700
3703,2616,3327
3703,2615,2616
3703,3702,3338
3703,3327,3702
3704,2621,3347
3704,2614,2621
3704,3332,2614
3704,3333,3332
3705,3699,3333
3705,3333,3704
3705,3704,3347
3705,3339,3699
3706,3705,3347
3706,3339,3705
3707,3338,3337
3707,3340,2615
3707,3337,3342
3707,3342,3341
3707,2615,3703
3707,3703,3338
3707,3341,3340
3708,3706,3347
3708,3337,3339
3708,3339,3706
3708,3344,3337
3709,3344,3708
3709,3349,3344
3709,2626,3349
3709,3347,2633
3709,2633,2626
3709,3708,3347
3710,3343,2625
3710,3345,3343
3710,2628,3345
3710,3348,1396
3710,2625,3348
3710,1396,2628
3711,1406,2623
3711,1399,1406
3711,2623,3350
3711,3350,576
3711,576,575
3711,575,1399
3712,1403,2636
3712,3363,3361
3712,3361,3360
3712,3360,1401
3712,2636,3363
3712,1401,1403
3713,3352,3365
3713,3354,3352
3713,2652,3354
3713,3368,2652
3713,3365,3368
3714,3357,3356
3714,3359,3357
3715,3381,3370
3715,3363,3359
3715,3370,3363
3715,3714,3381
3715,3359,3714
3716,2646,1409
3716,3379,3369
3716,2654,3379
3716,3369,3365
3716,1418,2654
3716,3365,3358
3716,1409,1418
3716,3358,2646
3717,3372,3377
3717,3356,3372
3717,3714,3356
3717,3381,3714
3718,3373,2623
3718,2623,3367
3718,3367,2682
3718,2682,3383
3718,3383,3373
3719,3381,3717
3719,2666,3381
3719,3377,2666
3719,3717,3377
3720,2659,3386
3720,2658,2659
3720,3387,2658
3720,3386,3387
3721,2681,2683
3721,2683,3403
3722,2686,2681
3722,3721,3403
3722,3403,3404
3722,3404,3412
3722,3412,2686
3722,2681,3721
3723,2679,2680
3723,3407,3409
3723,3396,2677
3723,2680,3407
3723,2677,2678
3723,2678,2679
3723,3409,3396
3724,3394,2674
3724,2674,3398
3725,3408,3407
3725,3407,3394
3725,3394,3724
3725,3724,3398
3725,3398,3416
3725,3416,3408
3726,3398,3397
3726,3397,2690
3726,2690,3414
3727,3726,3414
3727,3398,3726
3727,3420,3398
3727,3414,3420
3728,3409,3419
3728,3424,3413
3728,3425,3427
3728,3411,3409
3728,3427,3424
3728,3413,3411
3728,3419,3425
3729,3424,3431
3729,3401,3424
3730,2691,3434
3730,3415,2691
3730,3404,3415
3731,1429,3421
3731,3410,1428
3731,3421,3414
3731,3414,3410
3731,1428,1429
3732,3435,3423
3732,3422,3729
3732,3729,3431
3732,3431,3435
3732,3423,3422
3733,3417,3428
3733,3428,3433
3733,3416,3417
3734,3733,3433
3734,3735,3736
3734,3736,3418
3734,3416,3733
3734,3433,3735
3734,3418,3416
3737,3418,3736
3737,3426,3418
3737,3446,3426
3738,3434,3443
3738,3730,3434
3739,3426,3446
3739,3427,3426
3740,3442,2696
3740,3443,3442
3740,3738,3443
3741,3432,3436
3741,3434,3432
3741,3436,3437
3742,3433,3421
3742,2703,3450
3742,3421,1429
3742,3735,3433
3742,1429,2703
3743,3736,3735
3743,3450,3449
3743,3742,3450
3743,3735,3742
3743,3449,3736
3744,3443,3434
3744,3444,3443
3744,3741,3437
3744,3437,3458
3744,3434,3741
3745,3739,3446
3745,3446,3445
3745,3427,3739
3745,2706,3427
3745,3445,2706
3746,2698,3440
3746,3440,3438
3746,3438,2699
3746,2699,2698
3747,2719,3446
3747,3737,3736
3747,3446,3737
3747,3449,2719
3747,3736,3449
3748,3437,2705
3748,3455,3459
3748,2705,3453
3748,3459,3437
3748,3453,3455
3749,3448,3444
3749,3458,3448
3749,3444,3744
3749,3744,3458
3750,3460,2713
3750,2698,2697
3750,3452,2698
3750,2713,3452
3750,2697,3460
3751,3466,3468
3751,3461,3466
3751,3468,3454
3751,3454,3453
3751,2704,3461
3751,3453,2704
3752,3457,3469
3752,3469,3479
3753,3752,3479
3753,3457,3752
3753,2714,3457
3753,3480,3472
3753,3472,2714
3753,3479,3480
3754,3468,3467
3754,3476,3468
3754,3755,3476
3754,3484,3755
3754,3467,3484
3756,3478,3470
3756,3476,3755
3756,3470,3476
3756,3755,3757
3758,3478,3756
3758,3756,3757
3758,3487,3480
3758,3474,3478
3758,3479,3474
3758,3480,3479
3759,3492,3496
3759,3485,3481
3759,2734,3492
3759,3481,2734
3760,3759,3496
3760,3485,3759
3760,2743,3485
3761,3486,2741
3761,3492,3486
3762,3492,3761
3762,3761,3499
3762,3495,3492
3762,3498,3495
3762,3499,3498
3763,3757,3755
3764,3507,3509
3764,3763,3755
3764,3509,3763
3764,3484,3507
3764,3755,3484
3765,3763,3509
3765,3509,3508
3765,3757,3763
3766,2761,3502
3766,3765,3508
3766,3502,3489
3766,3508,2761
3767,3494,3506
3767,3514,3505
3767,3515,3514
3767,3506,3515
3767,3505,3500
3768,2773,3515
3768,3506,2756
3768,2755,3511
3768,2756,2755
3768,3511,3524
3768,3524,2773
3768,3515,3506
3769,1449,1448
3769,1448,1450
3769,3503,1449
3770,2759,3521
3770,2763,2759
3771,3512,2764
3771,1452,3512
3771,2769,1452
3771,2764,3523
3771,3523,2769
3772,3769,1450
3773,3521,3533
3773,3770,3521
3774,3520,2776
3774,3521,3520
3774,3533,3521
3774,2774,3533
3774,2776,2774
3775,2779,2766
3776,3526,3525
3776,3537,3526
3776,3538,3537
3776,3525,3777
3776,2787,3538
3778,2771,3536
3778,3540,2782
3778,3536,3540
3779,3528,2770
3780,3781,3782
3780,3528,3779
3780,3782,3783
3780,3783,3530
3780,3530,3528
3784,2806,3550
3784,2795,2794
3784,3550,2795
3784,2794,2799
3784,2799,2806
3785,3576,3575
3785,2820,3576
3785,3575,3577
3785,3577,3578
3785,3589,3592
3785,3578,3589
3785,1473,2820
3786,3785,3592
3786,1477,1474
3786,2833,1477
3786,1473,3785
3786,2835,2833
3786,1474,1473
3786,3592,2835
3787,3611,3588
3787,3588,3584
3787,2825,3612
3787,3584,2826
3787,2826,2825
3788,3787,3612
3788,3611,3787
3606,3593,3789
3789,3593,3790
3791,3607,3608
3791,3593,3607
3791,3610,3611
3791,3608,3609
3791,3611,3788
3791,3609,3610
3792,3593,3791
3792,3791,3793
3790,3593,3792
3794,1650,1645
3794,747,1650
3794,3625,3626
3794,1645,2907
3794,2907,3625
3794,3626,747
3795,3625,2913
3795,2917,3626
3795,3626,3625
3795,2913,1668
3795,1668,2917
3796,3011,1891
3796,3631,3011
3796,1886,1894
3796,1894,3631
3796,1891,1886
3797,3650,3651
3797,3651,2000
3797,1986,1995
3797,2000,1986
3797,1995,3650
3798,2212,2220
3798,3138,2212
3798,3664,3138
3798,2214,3665
3798,3665,3664
3798,2220,3142
3798,3142,2214
3799,2360,3678
3799,2357,2360
3799,3677,513
3799,3678,3677
3800,522,1170
3800,1168,2337
3800,1170,1165
3800,2337,3679
3800,3679,522
3800,1165,1168
3801,3687,3235
3801,3688,3687
3801,3245,3688
3801,3235,3244
3801,3244,2397
3801,2397,3245
3802,3701,3331
3802,2587,573
3802,573,3701
3802,3331,2598
3802,2597,2587
3802,2598,2597
3803,2693,3401
3803,3401,3729
3803,3729,3422
3803,3422,2693
3804,3404,3730
3804,1433,3404
3805,1431,1433
3805,1433,3804
3805,3730,3738
3805,3804,3730
3806,2696,1431
3806,1431,3805
3806,3805,3738
3806,3740,2696
3806,3738,3740
3807,3487,3758
3807,3758,3757
3807,3757,3765
3808,3766,3489
3808,3807,3765
3808,3488,3487
3808,3765,3766
3808,3489,3488
3808,3487,3807
3809,2740,2745
3809,2741,2740
3809,3499,3761
3809,2745,3499
3809,3761,2741
3810,3494,3767
3810,3760,3496
3810,2743,3760
3810,3767,3500
3810,3496,3494
3810,3500,2743
3811,3513,3503
3811,3503,3769
3811,3769,3772
3812,2762,2763
3812,2763,3770
3812,3770,3773
3813,3811,3772
3813,3513,3811
3813,3772,3814
3813,3815,3777
3813,3814,3815
3816,2766,2762
3816,3775,2766
3816,3773,3775
3816,3812,3773
3816,2762,3812
3817,3510,3513
3817,3525,3511
3817,3777,3525
3817,3813,3777
3817,3513,3813
3817,3511,3510
3818,3772,1450
3818,1450,2768
3818,3814,3772
3819,2782,3531
3819,3517,2772
3819,3531,3517
3819,3778,2782
3819,2772,2771
3819,2771,3778
3820,3773,3533
3820,3532,2779
3820,3775,3773
3820,3533,3532
3820,2779,3775
3821,2768,1457
3821,3818,2768
3821,3814,3818
3822,3777,3815
3822,3815,3814
3822,3776,3777
3822,2787,3776
3822,3542,2787
3823,2795,3542
3823,3824,2795
3823,3542,3822
3825,3779,2770
3825,2770,3544
3826,3827,3781
3826,3781,3780
3826,3780,3779
3826,3779,3825
3828,3788,3612
3828,3612,3613
3828,3613,3614
3828,3614,3829
3828,3829,3830
3828,3791,3788
3828,3831,3793
3828,3793,3791
3828,3830,3831
3832,2357,3799
3832,513,2343
3832,2350,2357
3832,3799,513
3832,2343,2350
3833,3814,3821
3833,3822,3814
3833,3821,3824
3833,3824,3823
3833,3823,3822
3834,1457,1456
3834,2795,3824
3834,3821,1457
3834,1456,2795
3834,3824,3821
3835,3556,3563
3835,3563,3836
3835,2797,3556
3835,3544,2797
3835,3836,3827
3835,3827,3826
3835,3825,3544
3835,3826,3825
