v0,v1,v2
0,1,2
3,4,5
6,7,8
9,6,8
10,9,8
11,10,8
12,11,8
13,12,8
14,13,8
15,14,8
16,15,8
17,16,8
18,17,8
19,18,8
20,19,8
21,20,8
22,21,8
23,22,8
24,23,8
25,26,27
25,28,29
25,30,26
25,31,32
25,24,8
25,29,33
25,27,34
25,33,30
25,32,28
25,35,31
25,8,35
36,2,37
36,0,2
38,0,36
39,0,38
40,0,39
41,42,43
41,43,44
41,44,45
41,45,46
41,46,47
41,47,48
41,48,49
41,49,50
41,50,51
41,51,52
41,52,53
54,41,53
55,54,53
56,55,53
57,56,53
58,57,53
59,58,53
60,59,53
61,60,53
62,61,53
63,62,53
64,63,53
65,64,53
66,65,53
67,66,53
68,67,53
69,68,53
70,69,53
71,72,0
71,73,74
71,0,40
71,40,73
75,1,0
75,76,1
77,75,0
78,79,80
81,82,79
81,79,78
81,78,83
84,3,82
84,83,85
84,82,81
84,81,83
86,4,3
86,85,4
86,3,84
86,84,85
87,88,89
90,91,87
92,93,94
92,94,95
96,3,5
96,97,3
98,96,5
98,5,99
100,95,101
100,92,95
102,100,101
103,104,105
106,107,104
106,104,103
108,107,106
108,99,109
108,109,107
110,104,107
110,111,104
112,110,107
112,107,109
113,114,115
113,116,114
113,117,116
113,115,8
118,37,119
118,119,120
118,120,117
121,27,26
121,122,123
121,123,124
121,29,28
121,26,30
121,115,125
121,32,31
121,33,29
121,34,27
121,8,115
121,30,33
121,28,32
121,124,126
121,31,35
121,35,8
121,126,34
127,121,125
128,127,125
129,128,125
130,129,125
131,130,125
132,131,125
133,132,125
134,133,125
135,134,125
136,125,137
136,135,125
138,136,137
139,138,137
139,137,140
141,139,140
141,140,142
143,141,142
144,143,142
144,142,145
146,16,17
146,12,13
146,11,12
146,9,10
146,6,9
146,10,11
146,13,14
146,7,6
146,37,118
146,15,16
146,14,15
147,123,122
147,124,123
147,25,34
147,126,124
147,34,126
148,149,150
148,151,149
152,148,150
153,152,150
153,150,154
155,154,156
155,153,154
157,155,156
157,156,158
159,157,158
160,159,158
161,160,158
162,161,158
163,162,158
164,163,158
165,164,158
166,165,158
167,166,158
168,167,158
169,168,158
170,171,172
170,173,171
170,42,173
170,43,42
170,44,43
170,45,44
170,46,45
170,47,46
170,48,47
170,49,48
170,50,49
170,51,50
170,52,51
170,53,52
170,169,158
170,172,174
175,147,176
175,25,147
177,23,24
177,22,23
177,146,17
177,178,146
177,21,22
177,19,20
177,18,19
177,24,25
177,17,18
177,20,21
177,25,175
179,37,146
179,146,178
179,36,37
179,74,73
179,38,36
179,39,38
179,40,39
179,73,40
180,178,177
181,182,183
184,42,41
184,172,171
184,171,173
184,173,42
184,174,172
185,179,178
186,184,41
186,181,183
186,183,184
187,158,188
187,70,53
187,188,189
187,53,170
187,170,158
190,74,179
190,179,185
191,54,55
191,55,56
191,56,57
191,57,58
191,58,59
191,41,54
191,59,60
191,186,41
192,187,189
192,189,193
194,83,78
194,78,80
195,196,194
197,194,80
197,195,194
198,72,71
199,191,60
199,60,61
199,61,62
199,62,63
199,63,64
199,64,65
199,65,66
199,66,67
199,67,68
199,68,69
199,69,70
199,83,191
199,85,83
200,198,201
200,201,202
200,72,198
200,203,72
200,202,204
205,203,200
205,204,206
205,200,204
207,208,203
207,203,205
207,205,206
209,208,207
210,89,1
210,1,76
211,89,210
211,210,76
211,76,75
211,87,89
211,75,77
212,213,192
212,192,193
214,72,215
214,0,72
214,77,0
216,217,218
219,220,85
219,85,199
221,79,82
222,214,215
223,218,224
223,224,225
223,82,226
223,225,227
223,221,82
223,216,218
223,226,216
223,227,221
228,77,214
229,211,77
229,77,228
230,229,228
231,220,219
231,219,213
232,82,3
232,3,97
233,95,89
233,88,87
233,87,91
233,101,95
233,89,88
233,91,101
234,87,211
234,211,229
234,90,87
235,232,97
235,236,232
237,90,234
237,234,238
239,235,97
239,240,235
241,90,237
241,242,91
241,91,90
243,239,97
244,242,241
244,241,245
244,246,242
93,92,247
248,102,101
248,101,91
248,249,102
250,92,100
250,100,251
247,92,250
252,243,97
252,97,96
252,96,98
252,98,99
253,100,102
253,102,254
251,100,253
254,102,249
254,249,255
256,248,91
256,91,242
257,258,259
260,105,261
260,103,105
260,261,262
260,262,263
260,257,103
264,249,248
264,248,256
265,249,264
266,264,267
268,249,265
268,265,269
255,249,268
270,104,111
270,261,105
270,105,104
271,111,110
271,110,272
272,110,112
272,112,273
273,112,274
274,112,109
274,109,275
275,109,276
277,119,114
277,114,116
277,116,117
277,120,119
277,117,120
278,8,7
278,146,118
278,7,146
278,113,8
278,117,113
278,118,117
279,280,281
282,281,283
282,279,281
284,282,283
285,286,279
287,285,279
288,283,289
288,284,283
290,287,279
291,289,292
291,288,289
293,290,279
293,279,282
294,291,292
295,282,284
295,293,282
296,297,298
296,299,300
296,300,144
296,301,299
296,145,302
296,302,303
296,144,145
296,303,304
296,304,305
296,305,297
306,296,298
307,295,284
308,292,309
308,294,292
310,306,298
311,307,284
311,284,288
312,298,313
312,310,298
314,308,309
315,316,317
315,313,318
315,319,316
315,318,319
315,312,313
320,308,314
320,288,291
320,291,294
320,311,288
320,294,308
321,322,323
321,324,322
325,321,323
325,323,326
327,325,326
328,326,329
328,327,326
330,328,329
330,329,331
332,330,331
333,332,331
333,331,334
333,334,335
336,132,133
336,133,134
336,134,135
336,122,121
336,121,127
336,127,128
336,129,130
336,131,132
336,128,129
336,130,131
337,321,325
337,325,327
337,327,328
338,337,328
338,328,330
339,338,330
339,330,332
340,339,332
341,332,333
341,340,332
342,341,333
343,342,333
344,343,333
345,344,333
346,122,336
347,122,346
347,147,122
348,349,350
348,351,352
348,350,353
348,353,351
354,352,355
354,348,352
356,354,355
357,358,359
357,360,361
357,361,149
357,362,363
357,356,355
357,149,151
357,359,360
357,355,364
357,364,365
357,151,362
357,365,358
366,163,164
366,164,165
366,162,163
366,166,167
366,165,166
366,167,168
366,161,162
366,168,169
366,170,174
366,169,170
366,160,161
367,366,174
368,176,369
370,175,176
370,176,368
371,175,370
371,177,175
372,367,174
373,177,371
373,180,177
374,174,184
374,372,174
375,178,180
375,185,178
376,377,378
376,378,379
380,185,375
380,190,185
381,382,383
384,381,383
385,74,190
385,71,74
386,71,385
387,71,386
387,201,198
387,202,201
387,204,202
387,198,71
388,70,187
388,199,70
388,192,213
388,219,199
388,187,192
388,213,219
389,197,80
389,80,79
390,389,79
391,392,208
391,208,209
391,209,393
394,395,392
394,392,391
394,391,396
394,396,397
394,397,398
399,395,394
399,394,398
400,390,79
400,401,390
402,400,79
402,225,224
402,79,221
402,227,225
402,221,227
403,404,405
403,406,407
403,407,408
403,408,409
403,409,404
410,403,405
410,411,412
410,406,403
413,414,415
413,416,414
417,413,415
418,415,419
418,417,415
420,418,419
421,222,215
422,421,423
422,423,424
425,214,222
425,228,214
426,427,428
426,428,429
430,426,429
431,429,432
431,430,429
433,430,431
433,434,430
435,228,425
436,433,431
437,228,435
438,437,435
439,230,228
439,228,437
440,441,442
440,442,443
444,445,441
444,441,440
446,220,231
446,231,213
446,212,193
446,193,220
446,213,212
447,439,437
448,439,447
448,230,439
449,448,447
450,451,452
453,230,448
454,450,452
455,453,448
456,457,229
456,230,453
456,453,455
456,229,230
458,459,460
458,461,459
462,458,460
463,462,460
464,465,236
464,236,235
464,466,465
467,457,456
467,468,457
469,468,467
470,464,235
471,468,469
472,235,240
472,470,235
472,240,473
474,475,476
474,477,475
478,473,240
478,479,473
480,481,482
483,234,229
483,229,457
483,457,484
485,486,487
488,485,487
488,489,485
490,491,485
490,485,489
492,234,483
492,238,234
493,489,488
494,492,483
495,496,497
498,499,478
500,238,492
500,492,494
501,502,503
504,478,240
504,498,478
504,240,239
505,506,501
505,501,507
508,498,504
509,238,500
509,237,238
510,509,500
510,500,511
512,513,514
515,509,510
516,517,512
518,239,243
518,504,239
518,508,504
519,245,241
519,509,515
519,241,237
519,237,509
520,518,243
521,243,259
521,259,258
521,520,243
521,258,522
523,522,258
523,524,522
523,525,524
526,523,258
526,525,523
526,527,525
528,519,529
530,526,258
530,527,526
531,258,257
531,530,258
532,533,534
535,257,260
535,531,257
535,260,532
535,536,531
535,532,534
535,534,536
537,259,243
537,243,252
537,252,99
537,106,103
537,108,106
537,99,108
537,257,259
537,103,257
538,539,540
541,538,540
542,540,543
542,541,540
544,542,543
545,543,546
545,544,543
547,545,546
547,546,548
549,548,550
549,547,548
551,549,550
552,550,553
552,551,550
554,261,270
555,265,264
269,265,556
556,265,557
557,265,555
557,555,558
559,270,111
559,554,270
560,559,111
561,111,271
562,563,564
562,565,563
566,562,564
567,564,568
567,568,569
567,566,564
570,317,316
571,572,317
571,317,570
573,572,571
574,575,572
574,572,573
576,575,574
577,576,578
577,575,576
579,578,580
579,580,581
579,581,286
579,286,285
579,577,578
582,309,583
582,583,584
582,584,585
582,314,309
586,582,585
586,585,587
586,587,588
589,579,285
589,285,287
589,287,290
590,312,315
590,306,310
590,310,312
591,588,592
591,592,593
591,586,588
594,589,290
594,311,320
594,290,293
594,295,307
594,293,295
594,307,311
595,594,320
596,595,320
597,590,315
597,317,572
597,315,317
598,590,597
599,593,600
599,600,601
599,591,593
602,599,601
602,601,603
602,603,604
602,604,322
602,322,324
605,606,607
605,598,597
605,597,606
605,608,598
609,610,611
612,607,606
612,609,613
614,138,139
614,136,138
614,336,135
614,135,136
615,605,607
615,616,608
615,608,605
617,618,337
619,337,338
619,338,339
619,340,341
619,339,340
619,617,337
619,341,342
620,621,622
620,622,623
624,620,623
624,623,625
626,627,628
629,626,628
630,624,625
631,625,632
631,632,633
631,633,634
631,634,635
631,635,188
631,630,625
636,637,638
639,627,626
640,619,342
640,342,343
640,343,344
641,640,344
641,642,643
641,344,345
641,345,642
641,643,644
641,644,645
646,641,645
647,648,649
650,646,645
650,651,646
652,651,650
652,653,651
654,653,652
655,649,648
656,653,654
656,349,653
657,349,656
658,350,349
658,349,657
659,660,661
662,648,647
663,664,655
665,666,667
665,668,660
669,663,655
669,670,663
671,648,662
672,349,348
672,653,349
673,666,672
674,348,354
674,356,357
674,354,356
674,672,348
675,673,672
675,672,674
676,677,678
679,673,675
680,681,671
680,671,682
683,681,680
684,363,362
684,153,155
684,151,148
684,148,152
684,155,157
684,159,160
684,160,366
684,157,159
684,362,151
684,152,153
685,147,347
686,687,688
689,690,686
689,366,367
691,692,690
693,694,695
693,695,696
697,367,372
698,695,694
698,369,695
699,700,701
702,370,368
703,704,697
703,697,372
705,370,702
705,371,370
705,373,371
706,372,374
706,703,372
707,706,374
708,709,710
711,712,713
714,707,374
715,716,373
717,718,719
720,183,182
720,184,183
720,714,374
720,374,184
721,716,715
722,180,373
722,373,716
723,720,182
724,722,716
725,721,726
725,716,721
727,180,722
727,724,728
727,722,724
729,730,731
732,733,734
732,723,182
732,734,723
735,736,729
737,180,727
737,375,180
737,738,375
739,740,741
739,741,742
743,728,744
745,746,747
748,738,743
749,375,738
750,748,751
750,738,748
750,749,738
752,746,745
752,753,746
754,753,752
754,755,753
756,741,740
756,757,741
758,377,376
759,379,760
759,376,379
761,759,762
763,764,753
763,753,755
765,383,382
766,751,767
768,769,770
771,383,765
772,186,191
772,83,773
772,191,83
774,383,771
774,775,776
777,772,773
778,382,381
779,780,778
781,776,775
781,773,776
781,777,773
782,384,383
782,783,384
782,383,774
782,776,783
782,774,776
784,785,786
787,786,788
787,784,786
789,790,791
792,190,785
792,785,784
793,792,784
794,190,792
794,385,190
795,796,797
798,385,794
799,800,801
802,196,195
802,803,196
802,804,803
805,806,804
805,804,802
807,805,802
807,802,195
808,809,810
811,387,386
812,386,813
812,811,386
814,197,389
814,807,195
814,195,197
815,812,813
816,387,811
816,812,817
816,811,812
818,814,389
818,819,820
821,812,815
821,817,812
822,387,816
823,204,387
823,387,822
823,206,204
824,817,825
824,816,817
824,822,816
826,823,822
826,822,824
827,206,823
827,823,826
827,207,206
827,393,209
827,209,207
828,829,393
828,827,826
828,825,829
828,824,825
828,826,824
828,393,827
830,825,817
830,817,831
830,831,832
833,825,830
834,833,835
834,825,833
834,829,825
836,393,829
837,834,835
837,836,829
837,829,834
838,393,836
838,836,837
839,391,393
839,396,391
839,397,396
839,393,838
839,398,397
840,398,839
841,401,400
842,843,844
845,846,843
847,848,849
847,850,848
847,851,850
852,853,395
852,854,855
852,395,399
852,855,853
856,841,400
856,400,402
856,857,841
858,857,856
859,847,849
860,859,849
860,861,859
860,849,862
863,864,865
866,849,848
866,848,858
866,862,849
867,858,856
867,224,218
867,856,402
867,402,224
868,861,860
868,860,862
869,858,867
869,866,858
869,867,218
870,871,855
870,855,854
872,871,870
873,862,866
873,411,862
874,866,869
874,873,866
874,869,218
875,868,862
875,862,411
876,875,411
876,868,875
877,878,865
879,412,411
879,873,874
879,218,217
879,217,412
879,411,873
879,874,218
880,410,405
880,405,404
880,876,411
880,409,881
880,411,410
880,404,409
882,883,884
882,884,885
882,407,883
882,408,407
886,887,888
886,889,890
886,890,891
892,893,894
895,884,883
895,894,884
896,892,894
896,894,895
897,895,883
897,407,406
897,883,407
898,895,897
898,896,895
899,417,418
899,418,420
899,413,417
900,410,412
900,406,410
900,226,901
900,217,216
900,412,217
900,216,226
900,901,406
902,891,890
903,904,899
905,903,899
905,899,420
906,215,891
906,423,421
906,891,902
906,421,215
907,901,226
908,909,910
908,910,911
912,909,908
913,911,910
914,913,910
915,916,909
915,912,917
915,909,912
915,917,918
919,916,920
919,432,429
919,429,914
919,920,432
921,222,421
921,421,422
921,425,222
921,422,922
923,427,426
923,422,424
923,424,427
924,920,916
924,918,925
924,926,920
924,916,915
924,925,926
924,915,918
927,422,923
927,923,426
928,927,426
929,925,930
929,931,926
929,926,925
932,929,930
933,934,935
936,929,932
937,434,433
938,929,936
939,935,940
939,933,935
941,938,942
941,931,929
941,929,938
941,942,943
944,931,941
944,941,943
944,926,931
945,939,940
946,442,441
946,942,938
947,943,948
947,944,943
947,949,950
951,949,947
952,948,943
952,942,946
952,946,441
952,943,942
953,952,441
953,441,445
953,948,952
954,951,947
954,947,948
955,954,948
956,957,958
956,440,443
956,443,957
959,956,958
959,958,236
959,236,465
960,447,437
961,959,465
961,962,959
963,964,962
963,962,961
965,465,966
965,961,465
965,963,961
965,964,963
967,968,451
967,969,968
967,451,450
970,971,964
970,964,965
970,965,966
972,447,960
973,971,970
974,975,973
976,449,447
977,447,972
977,976,447
978,975,974
979,977,972
980,978,974
981,982,983
984,977,979
984,449,976
984,976,977
985,966,465
985,465,466
986,449,984
986,448,449
986,455,448
987,986,984
988,985,466
989,990,991
989,992,990
993,994,995
993,996,994
997,455,986
998,982,999
1000,455,997
1000,456,455
1001,988,466
1001,1002,988
1003,998,1004
1003,1005,1006
1003,1007,1005
1003,1004,1007
1008,997,461
1008,1000,997
1009,995,994
1009,994,996
1010,467,456
1010,456,1000
1010,1000,1008
1011,460,459
1011,459,461
1012,460,1011
1013,1005,1007
1014,1015,1016
1014,1016,1017
1014,1017,1018
1014,1018,1019
1020,1021,1022
1023,1015,1014
1023,1019,463
1023,463,460
1023,1012,1015
1023,460,1012
1023,1014,1019
1024,1001,466
1024,466,464
1024,464,470
1025,1018,1017
1025,1017,1020
1025,1020,1022
1026,1013,1007
1026,1027,1028
1026,1028,1013
1029,1013,1028
1030,458,462
1030,462,1031
1032,1018,1033
1032,1019,1018
1034,1033,1018
1034,1018,1025
1035,1001,1024
1035,1024,470
1036,467,1010
1036,469,467
1037,1030,1031
1037,1038,1030
1039,473,479
1040,1039,479
1041,1032,1033
1041,1019,1032
1041,463,1019
1042,1034,1043
1042,1033,1034
1042,1043,1044
1045,1038,1037
1045,1046,475
1047,1039,1035
1047,1035,470
1047,472,473
1047,473,1039
1047,470,472
1048,1033,1042
1048,1042,1044
1049,1041,1033
1049,463,1041
1049,1050,463
1051,1040,479
1052,462,463
1052,463,1050
1052,1031,462
1053,475,477
1053,469,1036
1053,477,471
1053,471,469
1054,1043,1055
1054,1044,1043
1056,1050,1049
1056,1057,1058
1059,1054,1060
1059,1044,1054
1061,1031,1052
1061,1052,1050
1061,481,1046
1062,1050,1056
1062,1056,1058
1063,1044,1059
1063,1059,1060
1064,1051,479
1064,479,478
1065,1051,1064
1065,1064,478
1066,480,476
1066,481,480
1066,476,475
1066,475,1046
1066,1046,481
1067,1065,478
1067,1068,1065
1069,1070,482
1069,482,481
1071,478,499
1071,499,1072
1071,1067,478
1073,486,1074
1073,487,486
1075,1076,1077
1075,484,1076
1078,482,1070
1078,497,496
1079,483,484
1079,484,1075
1080,491,490
1081,483,1079
1081,494,483
1082,1081,1079
1083,488,1084
1083,493,488
1083,1085,493
1086,490,489
1086,1080,490
1087,1088,1089
1090,1083,1084
1090,1085,1083
1090,1091,1085
1090,1092,1091
1093,1087,1089
1093,499,498
1094,1087,1093
1095,494,1081
1096,496,495
1097,1093,498
1097,1094,1093
1097,498,508
1098,1099,1100
1101,1098,1100
1102,503,1103
1102,501,503
1102,507,501
1104,1099,1098
1105,1099,1104
1106,1094,1097
1107,494,1095
1107,1095,1108
1109,507,1102
1109,1102,1110
1109,513,507
1109,1110,513
1111,494,1107
1111,511,500
1111,500,494
1112,1105,1104
1113,1114,1115
1113,1115,514
1113,514,513
1113,513,1110
1116,505,507
1117,1118,1112
1119,508,518
1119,1097,508
1119,1106,1097
1119,518,520
1120,514,1115
1121,513,512
1121,512,517
1122,512,514
1122,516,512
1122,1120,1123
1122,514,1120
1124,1119,520
1125,1123,1126
1127,1128,1121
1127,1129,1130
1127,1131,1129
1127,1130,1128
1132,510,511
1133,1122,1123
1133,516,1122
1133,1125,1134
1133,1123,1125
1135,517,516
1136,515,510
1137,1124,520
1137,520,521
1137,521,522
1137,522,1138
1139,1140,1138
1139,1138,522
1141,1129,1131
1142,1143,1144
1145,524,1142
1145,1142,1144
1145,522,524
1145,1139,522
1145,1144,1139
1146,1129,1141
1147,1148,1141
1147,1141,1131
1149,1142,524
1149,524,525
1150,519,515
1150,515,1136
1150,529,519
1150,1136,1151
1152,1153,1154
1155,525,527
1156,1152,1155
1156,1155,527
1157,1156,527
1157,1158,1156
1159,527,530
1159,1157,527
1160,529,1161
1160,528,529
1162,1157,1159
1163,1160,1164
1163,528,1160
1165,1166,1167
1168,530,531
1168,531,536
1168,1159,530
1168,1162,1159
1169,1170,1171
1172,534,533
1173,1174,1168
1173,534,1172
1173,536,534
1173,1172,1175
1173,1175,1174
1173,1168,536
1176,1177,1178
1176,1179,1177
1180,1179,1176
1181,1182,1183
1184,1185,1186
1184,1187,1188
1184,1186,244
1184,244,245
1189,1181,1183
1190,1183,1191
1190,1189,1183
1192,1193,1194
1192,1194,1195
1196,1181,1189
1197,1198,1192
1197,1192,1195
1199,1189,1190
1199,1190,1200
1199,1196,1189
1199,1201,1196
1202,1203,1204
1205,1206,1207
1208,1203,1202
1209,1198,1197
1210,1208,1201
1210,1203,1208
1211,532,260
1211,260,263
1212,1209,1213
1212,1198,1209
1214,1210,1215
1216,1217,1218
1219,1220,1221
1219,1215,1220
1219,1214,1215
1219,1221,1222
1223,1216,1218
1224,1225,246
1226,1227,1228
1226,1229,1227
1226,1228,263
1230,1221,1231
1230,1222,1221
1232,1230,1231
1232,1231,1233
1234,1233,1235
1236,242,246
1237,1232,1233
1237,1233,1234
1238,1225,1224
1239,1226,263
1239,1234,1226
1239,263,262
1240,1237,1234
1240,1234,1239
1240,1239,262
1240,262,1241
1242,1243,1225
1242,1225,1238
1242,1244,1243
1245,1246,1247
1245,1248,1249
1245,1249,1246
1250,1251,1252
1250,1252,1253
1254,1225,1243
1254,246,1225
1254,1236,246
1255,1256,1257
1258,1259,1260
1258,1260,1261
1258,1241,262
1262,1255,1257
1263,1264,1254
1265,1262,1257
1266,1267,1268
1269,256,242
1269,264,256
1269,267,264
1269,242,1236
1270,1271,1267
1270,1267,1266
1272,1264,1263
1273,1274,1275
1273,1260,1259
1273,1275,1260
1276,1273,1259
1277,1278,1279
1280,1277,1276
1281,1278,1277
1281,1277,1280
1281,1282,1283
1281,1283,1278
1284,1276,1259
1284,1280,1276
1284,261,1282
1284,1282,1281
1284,1281,1280
1284,1259,1258
1284,262,261
1284,1258,262
1285,1286,1287
1285,1288,1286
1289,1279,1278
1289,1287,1279
1290,538,541
1291,1285,1287
1291,1287,1289
1292,1293,1294
1292,1294,1295
1296,1297,1290
1298,1296,1290
1299,1300,1301
1302,1301,1303
1302,1299,1301
1304,1302,1303
1304,1303,1305
1306,1304,1305
1307,1305,1308
1307,1306,1305
1309,1300,1299
1309,1299,1302
1310,1302,1304
1310,1309,1302
1311,1310,1304
1311,1304,1306
1312,1311,1306
1313,1312,1306
1313,1306,1307
1314,1313,1307
1315,1314,1307
1316,261,554
1317,1315,1307
1318,1317,1307
1319,554,1320
1319,1316,554
1321,266,267
1322,1323,1324
1325,1326,1327
1328,266,1329
1330,1328,1331
1332,1328,1330
1333,1332,1330
1334,1333,1330
1335,264,266
1335,555,264
1336,559,560
1337,555,1335
1338,1339,1340
1338,1341,1339
1338,1342,1341
1343,555,1337
1344,1338,1345
1344,1342,1338
1346,1342,1344
1347,1348,1349
1350,1351,1352
1350,1352,1353
1350,1353,1354
1350,1354,1355
1350,1355,1356
1357,1350,1356
1358,1357,1356
1358,1356,1359
1360,1361,1362
1360,1358,1359
1360,1359,1361
1363,1362,1364
1363,1360,1362
1365,1366,1367
1365,1363,1364
1368,1369,1366
1368,1366,1365
1368,1370,1369
1371,560,111
1371,111,1372
1373,1374,560
1373,560,1371
1372,111,1375
1375,111,561
1376,115,1377
1376,1377,1378
1376,1378,1379
1376,1379,1380
1381,1380,1382
1381,1382,1383
1381,1383,563
1381,565,1376
1381,1376,1380
1381,563,565
1384,137,125
1384,115,1376
1384,125,115
1384,1376,565
1384,302,145
1384,140,137
1384,145,142
1384,142,140
1385,569,1386
1385,1386,1387
1385,1387,280
1385,580,578
1385,567,569
1385,581,580
1385,286,581
1385,279,286
1385,280,279
1385,578,567
1388,298,297
1388,302,1384
1388,303,302
1388,304,303
1388,305,304
1388,297,305
1389,1388,1384
1389,298,1388
1390,313,298
1390,298,1389
1390,1389,1384
1391,318,313
1391,313,1390
1391,316,319
1391,1384,570
1391,1390,1384
1391,319,318
1391,570,316
1392,589,611
1392,611,610
1392,577,579
1392,575,577
1392,579,589
1393,591,1394
1393,582,586
1393,314,582
1393,586,591
1395,590,598
1395,301,296
1395,296,306
1395,306,590
1396,575,1392
1396,1392,610
1397,1395,598
1397,301,1395
1397,598,608
1398,314,1393
1398,1399,1400
1401,596,320
1401,1398,1400
1401,314,1398
1401,320,314
1402,614,139
1402,139,141
1402,608,616
1402,1397,608
1402,300,299
1402,616,614
1402,144,300
1402,299,301
1402,301,1397
1402,143,144
1402,141,143
1403,597,572
1403,575,1396
1403,1396,610
1403,572,575
1403,606,597
1404,1401,1400
1404,596,1401
1404,1405,596
1406,594,595
1406,611,589
1406,595,596
1406,609,611
1406,596,1405
1406,589,594
1407,1394,591
1407,599,602
1407,602,324
1407,1408,1394
1407,591,599
1409,628,627
1409,1400,628
1409,1404,1400
1409,1405,1404
1410,1408,1407
1410,321,337
1410,324,321
1410,1407,324
1411,1405,1409
1411,1409,627
1411,613,609
1411,1406,1405
1411,609,1406
1412,1408,1410
1412,337,618
1412,1410,337
1413,1399,1408
1413,1408,1412
1414,1411,627
1414,613,1411
1414,649,613
1415,336,614
1415,614,638
1415,637,336
1415,638,637
1416,615,607
1417,643,642
1417,333,335
1417,335,1418
1417,1418,1419
1417,1419,621
1417,345,333
1417,642,345
1417,620,645
1417,644,643
1417,645,644
1417,621,620
1420,1416,1421
1422,1423,629
1422,1413,1423
1422,629,628
1422,628,1413
1424,649,655
1424,607,612
1424,655,664
1424,612,613
1424,613,649
1425,638,1420
1425,1420,1421
1426,637,636
1426,346,336
1426,336,637
1427,640,661
1427,617,619
1427,619,640
1427,618,617
1427,661,660
1428,1427,660
1428,629,1423
1428,1423,1427
1429,638,1425
1429,636,638
1430,626,629
1431,629,1428
1431,1430,629
1431,668,1430
1431,660,668
1431,1428,660
1432,636,1429
1433,639,626
1433,626,1430
1433,1430,668
1433,662,647
1433,647,639
1434,664,663
1434,1421,664
1435,641,646
1435,661,640
1435,640,641
1435,646,651
1435,659,661
1436,1432,1437
1436,678,677
1436,1437,678
1438,1436,677
1438,346,1426
1439,1435,651
1439,659,1435
1440,149,361
1440,150,149
1440,156,154
1440,188,158
1440,1441,631
1440,154,150
1440,631,188
1440,158,156
1442,1434,663
1442,663,670
1443,1437,1442
1443,1442,670
1444,355,352
1444,658,1441
1444,352,351
1444,350,658
1444,353,350
1444,351,353
1445,651,653
1445,1439,651
1445,659,1439
1445,653,672
1445,672,666
1446,1444,1441
1446,355,1444
1447,1446,1441
1447,364,355
1447,355,1446
1448,359,358
1448,361,360
1448,1440,361
1448,360,359
1448,1441,1440
1448,365,364
1448,1447,1441
1448,364,1447
1448,358,365
1449,1437,1443
1449,678,1437
1450,682,671
1450,665,667
1450,1433,668
1450,662,1433
1450,668,665
1450,671,662
1451,347,346
1451,346,1438
1451,1438,677
1452,1443,670
1452,1449,1443
1453,671,681
1453,655,648
1453,669,655
1453,648,671
1454,1449,1452
1455,1452,670
1455,670,669
1455,669,1453
1456,667,666
1456,673,679
1456,666,673
1457,678,1449
1457,676,678
1457,1449,1454
1458,685,347
1458,1459,685
1458,347,1451
1460,1456,679
1460,667,1456
1461,1457,1454
1462,667,1460
1463,684,679
1463,674,357
1463,357,363
1463,675,674
1463,363,684
1463,679,675
1464,680,682
1464,682,1465
1466,1467,676
1466,676,1457
1468,1469,1466
1468,1466,1457
1468,1457,1461
1470,1453,681
1470,681,683
1471,1467,1466
1471,1466,1469
1472,1468,1461
1472,1473,1469
1472,1469,1468
1474,1469,1475
1474,1471,1469
1474,1467,1471
1476,1465,687
1476,687,686
1477,1459,1478
1479,1476,686
1480,1481,1482
1483,1477,1484
1483,685,1459
1483,1459,1477
1485,1474,1475
1485,1486,1484
1487,684,366
1487,688,684
1487,686,688
1488,1489,1490
1488,1490,692
1491,1492,685
1491,685,1483
1493,1487,366
1493,689,686
1493,366,689
1493,686,1487
1494,1489,1488
1495,176,147
1495,685,1492
1495,369,176
1495,147,685
1496,1492,1497
1496,1497,696
1496,1495,1492
1498,1499,1500
1501,1495,1496
1501,369,1495
1501,1496,696
1501,695,369
1501,696,695
1502,1503,1504
1502,1504,1494
1505,1506,1507
1508,697,1509
1508,690,689
1508,689,367
1508,691,690
1508,1509,691
1508,367,697
1510,1497,1511
1510,696,1497
1510,693,696
1512,1503,1502
1513,1511,1514
1515,693,1510
1515,1510,1511
1515,694,693
1515,1516,694
1515,1511,1516
1517,701,700
1517,1511,1513
1517,1513,701
1518,1505,1519
1520,1517,700
1520,1511,1517
1520,1521,1516
1520,1516,1511
1522,1523,1512
1524,1525,1526
1524,1499,1525
1524,1500,1499
1524,701,1500
1527,1518,1519
1527,1528,1518
1529,701,1524
1529,699,701
1530,1531,1532
1533,698,694
1533,1534,1535
1536,1527,1530
1537,1522,1538
1539,694,1516
1540,710,709
1540,1526,1541
1540,1541,710
1542,699,1543
1542,1543,713
1542,1520,700
1542,1521,1520
1542,700,699
1544,1545,1537
1544,706,707
1546,705,702
1546,702,1535
1547,1521,1542
1547,1542,713
1548,1544,707
1548,1532,1545
1548,1545,1544
1549,1534,1539
1550,1551,1552
1553,1546,1535
1553,1535,1554
1553,705,1546
1555,1534,1549
1555,1556,1557
1555,1549,1556
1558,1547,713
1558,713,712
1559,1548,707
1559,707,714
1560,1534,1555
1560,1554,1535
1560,1535,1534
1561,709,708
1562,1558,712
1563,713,1543
1563,1543,1550
1563,711,713
1563,1564,711
1565,708,710
1566,1557,1556
1566,1556,1562
1567,708,1565
1567,1568,1569
1567,1570,1568
1571,1567,1569
1571,708,1567
1571,1561,708
1571,1552,1561
1571,719,1552
1572,373,705
1572,705,1553
1572,1553,1554
1572,715,373
1573,1554,1560
1573,1574,1554
1573,1557,1575
1576,1550,1552
1576,718,1564
1576,719,718
1576,1552,719
1577,711,1564
1577,1564,718
1578,1559,714
1579,1574,1573
1579,1573,1575
1580,712,711
1580,711,1577
1581,1571,1569
1581,719,1571
1582,714,720
1582,1570,1578
1582,720,723
1582,1578,714
1583,1575,1557
1584,717,719
1584,719,1581
1585,733,1568
1585,1568,1570
1585,734,733
1585,1570,1582
1585,723,734
1585,1582,723
1586,1554,1574
1586,1574,1579
1587,1575,1583
1588,1586,726
1588,1572,1554
1588,715,1572
1588,726,721
1588,1554,1586
1588,721,715
1589,718,717
1589,1577,718
1590,730,729
1590,1587,730
1591,731,730
1592,717,1584
1593,1569,1568
1594,1592,1595
1594,1595,1596
1597,729,736
1597,1590,729
1597,736,1598
1599,1600,1601
1602,1603,1604
1602,716,725
1605,1593,1606
1607,732,182
1607,733,732
1607,182,181
1607,181,1606
1608,1598,1609
1608,1609,1610
1608,726,1598
1608,725,726
1611,731,1591
1611,1599,1601
1611,1612,731
1611,1601,1612
1613,729,731
1613,731,1612
1614,1602,1604
1614,716,1602
1614,724,716
1614,728,724
1615,729,1613
1615,1616,735
1615,735,729
1617,1609,1598
1617,736,735
1617,1598,736
1618,1596,1619
1620,1621,1622
1620,1601,1621
1620,1612,1601
1623,1618,1619
1624,1604,1625
1624,728,1614
1624,1614,1604
1624,744,728
1624,1626,744
1624,1625,1626
1627,1609,742
1627,1610,1609
1628,742,1609
1628,1609,1617
1628,739,742
1629,1603,1610
1629,1627,742
1629,1610,1627
1630,1631,1632
1630,181,1633
1630,1633,1631
1630,1606,181
1634,738,737
1634,743,738
1634,728,743
1634,727,728
1634,737,727
1635,742,741
1635,1629,742
1636,1601,1600
1636,1600,1623
1636,1621,1601
1637,1638,1616
1637,1616,1622
1639,1630,1632
1640,1638,745
1640,739,1628
1641,1635,741
1642,745,747
1642,1640,745
1642,739,1640
1642,747,740
1642,740,739
1643,1621,1636
1644,1643,378
1644,378,377
1644,1622,1621
1644,1621,1643
1645,1641,741
1645,1626,1625
1645,1625,1641
1645,741,757
1646,1637,1622
1646,1644,377
1646,1622,1644
1647,760,379
1647,1639,1632
1647,1632,1631
1648,1626,1645
1648,1645,757
1649,743,744
1649,744,1626
1649,748,743
1650,754,752
1650,758,754
1650,377,758
1650,1646,377
1651,767,751
1651,1649,1652
1651,748,1649
1651,1652,767
1651,751,748
1653,375,749
1654,1655,1653
1654,1656,1655
1654,1653,749
1654,750,751
1654,749,750
1657,756,740
1657,740,747
1658,753,764
1658,747,746
1658,746,753
1658,1657,747
1658,1659,1657
1660,756,1657
1660,1659,1661
1660,1657,1659
1662,376,759
1662,759,761
1662,761,1663
1662,1663,758
1662,758,376
1664,757,756
1664,756,1660
1665,186,772
1665,181,186
1666,754,758
1666,1663,1667
1666,758,1663
1666,755,754
1668,769,767
1668,767,1652
1669,1658,764
1669,1659,1658
1670,763,755
1670,765,763
1670,771,765
1670,1667,771
1670,1666,1667
1670,755,1666
1671,1653,1655
1671,1672,380
1671,1673,1672
1671,375,1653
1671,380,375
1674,767,769
1674,769,768
1675,751,766
1675,1654,751
1675,1656,1654
1676,1665,772
1676,772,777
1676,1677,1665
1678,1675,766
1678,766,1679
1678,1656,1675
1680,766,767
1680,767,1674
1680,1674,768
1681,763,765
1681,765,382
1682,761,762
1682,781,775
1682,777,781
1683,1682,775
1683,1667,1663
1683,1663,761
1683,761,1682
1684,1685,780
1684,1686,1661
1687,1671,1655
1687,1655,1656
1687,1656,1678
1687,1673,1671
1688,1667,1683
1688,1683,775
1688,771,1667
1688,774,771
1688,775,774
1689,768,770
1689,770,1690
1691,1684,780
1691,1686,1684
1692,768,1689
1693,1679,1694
1693,1687,1678
1693,1678,1679
1695,1687,1693
1695,1673,1687
1696,1692,1697
1698,1699,1697
1700,1694,1701
1702,778,381
1702,779,778
1703,788,786
1703,1704,1705
1706,1700,1701
1707,1708,1709
1707,1709,1696
1710,1708,1707
1711,1701,1694
1712,779,1702
1713,1702,381
1713,1712,1702
1714,1715,1711
1716,381,384
1716,384,783
1716,1713,381
1717,1699,1718
1719,1711,1715
1719,1701,1711
1720,1705,1706
1721,1712,1713
1722,1717,1718
1723,1721,1724
1723,1712,1721
1723,1722,1718
1725,1715,1714
1725,1726,1715
1727,1719,1715
1728,1717,1722
1729,1723,1724
1729,1728,1722
1729,1724,1730
1729,1722,1723
1731,1728,1729
1732,1724,1721
1733,784,787
1733,793,784
1734,1733,787
1734,787,788
1734,788,1735
1736,1737,1738
1739,1727,1740
1741,1737,1736
1742,1736,1738
1742,1726,1725
1742,1743,1726
1742,1738,1743
1744,1726,1743
1744,1745,1740
1746,1733,1747
1746,793,1733
1748,1739,1740
1748,1749,1739
1748,1740,1745
1750,1730,1751
1752,1748,796
1752,1749,1748
1753,773,83
1753,83,194
1753,776,773
1754,1737,1741
1754,1741,1750
1754,1750,1751
1755,1743,1738
1755,1756,1757
1758,1746,1747
1759,1760,196
1759,196,803
1761,794,792
1762,1752,796
1762,1747,1752
1762,796,795
1762,1758,1747
1763,1748,1745
1763,796,1748
1763,797,796
1764,1751,1730
1764,1759,803
1765,1758,1762
1765,1762,795
1765,1766,1758
1765,795,1767
1768,1761,792
1769,1751,1764
1769,1764,803
1770,798,794
1770,794,1761
1771,1745,1744
1771,1755,1757
1772,1761,1768
1772,1770,1761
1773,1774,1766
1775,1745,1771
1776,1772,1768
1776,1770,1772
1777,1756,1778
1779,1753,194
1779,194,196
1780,1771,1757
1780,1775,1771
1781,1775,1780
1782,1756,1777
1782,1757,1756
1783,803,804
1783,1784,1785
1783,804,1784
1786,1776,1787
1786,1770,1776
1786,798,1770
1788,1789,1790
1791,385,798
1792,1793,1794
1795,1794,1793
1796,801,800
1796,1757,1782
1797,1795,1793
1798,385,1791
1799,1789,1788
1799,1788,1767
1799,1767,1800
1801,1791,798
1801,798,1786
1801,1798,1791
1802,1793,1792
1803,1797,1793
1803,1800,1797
1804,813,386
1804,1805,813
1804,385,1798
1804,386,385
1806,1787,1790
1807,1793,1802
1808,1799,1800
1808,1800,1803
1809,799,801
1809,1810,806
1809,806,820
1809,801,1810
1811,1812,1808
1813,810,809
1813,1806,810
1814,1815,799
1814,799,1809
1814,1809,820
1816,1813,809
1816,1817,1813
1818,1814,820
1818,1819,1815
1818,1815,1814
1820,1817,1816
1820,1816,809
1820,1805,1817
1821,806,805
1821,805,807
1821,820,806
1821,807,814
1821,814,818
1821,818,820
1822,1823,1824
1825,1826,1819
1827,1822,1824
1827,1828,1822
1829,1830,1826
1829,1826,1825
1829,1831,1830
1832,1829,1825
1832,1833,1829
1834,1820,809
1835,808,1828
1835,1828,1827
1835,1827,1836
1835,1836,1837
1838,1832,1825
1838,819,1839
1840,1829,1833
1840,1831,1829
1841,1832,1838
1841,1833,1832
1841,1838,1839
1842,821,815
1843,1844,1845
1846,821,1842
1847,1833,1841
1848,817,821
1848,821,1846
1849,818,389
1849,1839,819
1849,819,818
1850,1851,1847
1850,1841,1839
1850,1847,1841
1852,1853,1854
1852,1854,1855
1856,832,831
1857,1858,1851
1859,1853,1852
1859,1860,1853
1861,1854,1853
1861,1860,1862
1861,1863,1854
1861,1853,1860
1864,1839,1849
1864,1850,1839
1864,389,390
1864,1849,389
1864,390,401
1865,1856,1863
1865,832,1856
1865,1862,1866
1865,1861,1862
1865,1863,1861
1867,1868,1869
1870,830,832
1870,1865,1866
1870,832,1865
1871,1872,1873
1874,1868,1867
1875,835,833
1875,833,830
1875,830,1870
1875,1870,1866
1876,1877,1868
1876,1874,1871
1876,1868,1874
1878,1860,1859
1878,1867,1869
1879,1878,1880
1879,1862,1860
1879,1860,1878
1881,1882,401
1881,401,841
1883,1866,1884
1883,835,1875
1883,1884,1885
1883,1875,1866
1886,1877,1876
1887,1881,841
1888,1879,1880
1889,1883,1885
1889,1885,844
1889,835,1883
1890,1877,1891
1890,1869,1868
1890,1868,1877
1890,1892,1869
1893,837,835
1893,844,843
1893,1889,844
1893,835,1889
1894,1885,1884
1895,837,1893
1895,838,837
1895,839,838
1895,840,839
1895,1893,843
1895,843,846
1895,846,840
1896,1880,1878
1896,1869,1892
1896,1878,1869
1897,1898,1887
1897,1887,841
1899,1880,1896
1900,1888,1880
1900,1880,1899
1900,1894,1888
1901,1897,841
1901,841,857
1902,850,851
1903,1891,1902
1903,1902,851
1903,1890,1891
1903,1904,1892
1903,1892,1890
1905,1900,1899
1905,1906,1907
1908,850,1902
1908,848,850
1909,1910,1911
1912,842,1911
1912,1913,845
1912,843,842
1912,845,843
1914,852,399
1914,846,845
1914,399,398
1914,398,840
1914,840,846
1915,203,208
1915,392,1916
1915,208,392
1917,1904,1903
1917,1903,851
1917,851,847
1918,1919,1910
1920,847,859
1920,859,861
1920,1904,1917
1920,1917,847
1921,1920,861
1921,1904,1920
1921,1906,1904
1921,1907,1906
1922,203,1915
1922,1915,1916
1922,1916,1923
1924,1913,1912
1924,1912,1911
1924,1911,1910
1925,1921,861
1925,1907,1921
1925,864,1907
1926,854,852
1926,852,1914
1926,1914,845
1926,845,1913
1927,395,853
1927,392,395
1927,1916,392
1928,1924,1910
1929,1928,1910
1929,1910,1919
1930,865,864
1930,1925,861
1930,864,1925
1930,861,868
1931,872,1932
1931,871,872
1931,1916,1927
1933,1931,1932
1933,1916,1931
1933,1923,1916
1934,1935,1936
1937,1919,863
1937,878,1938
1937,865,878
1937,1938,1929
1937,863,865
1937,1929,1919
1939,1933,1932
1939,1923,1933
1940,1935,1934
1941,1939,1932
1941,1923,1939
1942,865,1930
1942,876,880
1942,868,876
1942,877,865
1942,1930,868
1942,881,877
1942,880,881
1943,1944,1935
1943,1935,1940
1945,891,215
1945,215,72
1945,203,1922
1945,1922,1946
1945,72,203
1947,1941,1932
1948,870,1949
1948,872,870
1950,872,1948
1950,1932,872
1950,1947,1932
1951,1948,1949
1951,414,1948
1952,1938,878
1952,882,885
1953,1952,878
1953,882,1952
1953,878,877
1953,877,881
1953,881,409
1953,409,408
1953,408,882
1954,1935,1944
1955,1956,1957
1958,1959,1960
1958,1954,1961
1962,1958,1961
1962,1959,1958
1963,1959,1962
1964,1965,1966
1967,897,406
1967,901,907
1967,406,901
1968,1959,1963
1969,1964,1966
1970,904,903
1970,1966,1965
1971,897,1967
1971,898,897
1971,1967,907
1972,1973,1968
1974,889,1975
1976,1963,1977
1976,1968,1963
1976,1972,1968
1978,1979,912
1978,1969,1979
1980,890,889
1980,902,890
1980,889,1974
1980,1974,911
1980,1981,902
1982,1972,1976
1983,1978,912
1983,1975,1978
1983,908,911
1983,911,1974
1983,1974,1975
1983,912,908
1984,1970,903
1984,903,905
1985,906,902
1985,902,1981
1986,913,1981
1986,911,913
1986,1981,1980
1986,1980,911
1987,1982,1976
1988,913,914
1988,1981,913
1989,1990,917
1991,1988,914
1991,429,428
1991,914,429
1992,1993,1994
1995,910,909
1995,909,916
1995,914,910
1995,916,919
1995,919,914
1996,934,1997
1998,1997,1999
1998,2000,1996
1998,1996,1997
2001,1990,1998
2001,918,917
2001,1998,1999
2001,917,1990
2002,927,928
2002,422,927
2002,922,422
2003,930,925
2003,918,2001
2003,925,918
2004,425,921
2005,928,426
2005,430,434
2005,426,430
2006,1999,1997
2006,1997,934
2006,934,933
2007,928,2005
2007,2005,434
2007,434,937
2008,2009,2004
2010,928,2007
2010,937,2011
2010,2007,937
2012,922,2002
2013,425,2004
2013,2004,2009
2013,435,425
2014,920,2015
2014,431,432
2014,2016,436
2014,432,920
2014,436,431
2017,2006,933
2018,936,932
2018,938,936
2018,932,2017
2019,950,2015
2019,2015,920
2019,926,944
2019,944,947
2019,947,950
2019,920,926
2020,435,2013
2020,2013,2009
2021,2015,950
2021,2016,2014
2021,2014,2015
2022,937,433
2022,2011,937
2022,436,2016
2022,2016,2023
2022,433,436
2024,2022,2023
2024,2011,2022
2025,2021,950
2025,2016,2021
2025,950,949
2026,949,951
2026,951,2027
2026,2016,2025
2026,2028,2023
2026,2029,2028
2026,2025,949
2026,2023,2016
2026,2027,2029
2030,2011,2024
2030,2031,2011
2032,2020,2033
2032,435,2020
2034,2030,2024
2034,2024,2023
2035,438,435
2035,435,2032
2036,2034,2023
2036,2023,2028
2036,2028,2029
2036,2029,2027
2037,2030,2034
2038,2032,2033
2038,2035,2032
2039,2040,2037
2041,953,445
2041,948,953
2041,955,948
2041,445,444
2042,2040,2039
2043,954,955
2043,955,2041
2043,2041,2044
2045,2042,2039
2046,954,2043
2046,2044,2047
2046,2043,2044
2048,438,2035
2048,2035,2038
2048,2038,2049
2050,2051,2046
2050,2046,2047
2052,2047,2053
2052,2050,2047
2054,2055,960
2054,960,437
2054,438,2048
2054,437,438
2056,444,440
2056,962,964
2057,440,956
2057,956,959
2057,2056,440
2057,959,962
2057,962,2056
2058,236,958
2059,82,232
2059,232,236
2059,236,2058
2059,226,82
2060,444,2056
2060,2056,964
2060,2044,2041
2060,2041,444
2061,969,2062
2063,969,2061
2064,2044,2060
2064,2047,2044
2065,2064,971
2065,2047,2064
2066,968,969
2066,969,2063
2067,971,973
2067,2065,971
2067,2053,2047
2067,2068,2053
2067,2047,2065
2067,2069,2068
2067,975,2069
2067,973,975
2070,2071,2072
2073,2062,969
2073,969,967
2074,968,2066
2074,451,968
2074,452,451
2074,2068,2069
2075,2076,2077
2078,2070,2079
2080,970,966
2080,973,970
2081,2082,2083
2081,2083,2078
2084,2085,2075
2086,975,978
2086,452,2074
2086,2074,2069
2086,2069,975
2087,2080,966
2087,973,2080
2087,974,973
2088,2089,2084
2090,2091,2082
2090,2082,2081
2092,980,974
2092,2087,966
2092,966,985
2092,974,2087
2093,991,990
2093,2088,991
2093,979,2089
2093,2089,2088
2094,981,983
2094,2095,981
2094,2096,2091
2094,983,2096
2094,2091,2090
2097,980,2092
2097,2092,985
2098,2086,978
2099,450,454
2100,985,988
2100,980,2097
2100,2097,985
2101,2098,978
2101,980,2100
2101,978,980
2102,982,981
2102,2099,2103
2104,2093,990
2104,979,2093
2104,984,979
2105,2101,2100
2105,988,1002
2105,2100,988
2106,2098,2101
2107,989,991
2107,991,2108
2109,984,2104
2109,987,984
2109,2104,990
2109,2110,987
2111,982,998
2111,2096,983
2111,983,982
2112,2102,2103
2112,993,995
2112,2103,993
2112,982,2102
2112,999,982
2112,995,999
2113,987,2110
2113,986,987
2114,2115,2106
2114,993,2115
2114,996,993
2116,2109,990
2116,2110,2109
2116,990,992
2117,998,1003
2117,2111,998
2117,1003,1006
2118,1009,1004
2118,1004,998
2118,998,999
2118,995,1009
2118,999,995
2119,1016,1015
2119,2110,2116
2120,2119,1015
2120,2110,2119
2120,1015,1012
2120,1012,1011
2121,2122,1006
2121,1005,1013
2121,1006,1005
2123,1013,1029
2123,2121,1013
2124,458,1030
2124,461,458
2124,1030,1038
2124,1008,461
2125,2124,1038
2125,1008,2124
2126,1038,1036
2126,1036,1010
2126,2125,1038
2126,1010,1008
2126,1008,2125
2127,1035,1039
2127,1002,1001
2127,2114,1002
2127,996,2114
2127,1001,1035
2128,1039,1040
2128,2127,1039
2128,996,2127
2129,2128,1040
2129,1009,996
2129,996,2128
2130,2129,1040
2131,1043,1034
2131,1034,1025
2131,1025,1022
2132,2130,1040
2132,1040,1051
2133,1053,1036
2133,1036,1038
2133,1038,1045
2133,1045,475
2133,475,1053
2134,2132,1051
2135,1049,1033
2135,1033,1048
2135,1048,1057
2135,1057,1056
2135,1056,1049
2136,2137,1027
2136,1051,1065
2136,1065,1068
2136,1027,2134
2136,2134,1051
2138,1045,1037
2138,1046,1045
2138,1061,1046
2138,1037,1031
2138,1031,1061
2139,1048,1044
2139,1057,1048
2139,1044,1063
2139,1058,1057
2140,1061,1050
2141,2142,2140
2141,2140,1050
2141,1050,1062
2141,1062,2142
2143,1063,1060
2144,2145,1072
2144,2143,1060
2144,1072,2146
2144,2146,2143
2147,2142,1073
2147,2140,2142
2147,1073,1074
2147,1074,1069
2148,2149,1073
2148,1073,2142
2150,474,476
2150,476,2151
2152,2143,2146
2153,1074,486
2153,485,491
2153,1069,1074
2153,486,485
2153,491,1070
2153,1070,1069
2154,2155,2156
2154,2151,2155
2154,2150,2151
2157,1078,496
2157,476,480
2157,480,482
2157,2155,2151
2157,2151,476
2157,496,2155
2157,482,1078
2158,1072,499
2158,1093,1089
2158,499,1093
2159,1084,488
2159,488,487
2160,1077,2156
2161,1075,1077
2161,502,1075
2161,1077,2160
2161,2160,2162
2163,2164,1088
2165,491,1080
2165,1078,1070
2165,497,1078
2165,1080,497
2165,1070,491
2166,1075,502
2166,1082,1079
2166,1079,1075
2167,1088,1087
2167,2163,1088
2168,503,502
2168,502,2161
2168,2161,2162
2169,2166,502
2169,1082,2166
2170,2155,496
2171,2170,496
2171,496,1096
2171,1096,2172
2173,1100,1099
2173,1080,1086
2173,497,1080
2173,1086,1100
2174,2169,502
2174,501,506
2174,502,501
2174,1082,2169
2175,2171,2172
2176,2167,1087
2177,1081,1082
2177,1082,2174
2177,2174,506
2178,495,497
2178,2173,1099
2178,1096,495
2178,497,2173
2179,1087,1094
2179,2176,1087
2180,1103,2175
2180,2175,2172
2181,2177,506
2181,1081,2177
2181,1095,1081
2181,1108,1095
2182,2178,1099
2182,1096,2178
2182,1105,2183
2182,1099,1105
2184,2185,1113
2184,1103,2180
2184,2180,2172
2184,1110,1102
2184,1113,1110
2184,1102,1103
2184,2172,2185
2186,1094,1106
2186,2179,1094
2187,1096,2182
2187,2182,2183
2187,2172,1096
2187,2185,2172
2188,1112,1118
2188,1105,1112
2188,1118,2183
2188,2183,1105
2189,2181,506
2189,505,1116
2189,1108,2181
2189,506,505
2190,1098,1101
2190,1104,1098
2191,2183,1118
2191,2187,2183
2191,2185,2187
2192,1107,1108
2192,2189,1116
2192,1108,2189
2193,1112,1104
2193,1104,2190
2193,2190,2194
2195,1119,1124
2195,2186,1106
2195,1106,1119
2196,2186,2195
2196,2195,1124
2197,1112,2193
2197,2193,2194
2198,1138,1140
2199,1118,1117
2199,1117,2200
2199,2191,1118
2201,1112,2197
2201,1117,1112
2202,511,1111
2202,1111,2203
2202,2203,2204
2205,2199,2200
2205,1114,2199
2206,1132,511
2206,511,2202
2206,2202,2204
2207,1121,1128
2207,513,1121
2207,1116,507
2207,507,513
2208,2196,1124
2208,1138,2198
2208,1124,1137
2208,1137,1138
2209,1115,1114
2209,1120,1115
2209,1123,1120
2209,1126,1123
2209,2205,1126
2209,1114,2205
2210,1128,1130
2211,2194,2212
2213,2214,2210
2213,2210,1130
2213,1130,2215
2216,517,1135
2216,1121,517
2217,2216,1135
2217,1127,1121
2217,1121,2216
2217,1131,1127
2218,1132,2206
2218,2204,2215
2218,2215,2219
2218,2206,2204
2218,2220,1132
2221,1134,2222
2223,1136,510
2223,1151,1136
2223,1132,2220
2223,510,1132
2224,1135,2225
2224,1147,1131
2224,1131,2217
2224,2217,1135
2226,1130,1129
2226,2215,1130
2226,1129,1146
2227,2225,1135
2227,1135,516
2227,2228,2225
2229,2226,1146
2229,2215,2226
2229,2219,2215
2230,1133,1134
2231,2232,2233
2231,2230,1134
2231,1134,2221
2231,2233,2230
2234,2219,2229
2235,2230,2233
2236,2234,2229
2237,2234,2236
2237,2238,2234
2239,1154,1153
2239,2228,2235
2239,2235,2233
2239,2233,1154
2240,2239,1153
2240,2228,2239
2241,2238,2237
2242,1148,1147
2242,2243,2244
2242,2244,1148
2245,1150,1151
2246,2247,2245
2248,2240,1153
2249,2232,1149
2249,1149,525
2250,1150,2245
2250,2245,2247
2251,1152,1154
2251,1155,1152
2251,525,1155
2251,2249,525
2252,2253,2254
2252,2255,2253
2256,2246,2241
2257,2248,1153
2257,1153,1152
2257,1152,1156
2257,2258,2248
2259,1150,2250
2259,2247,2260
2259,2250,2247
2261,2257,1156
2261,2258,2257
2261,1156,1158
2262,2258,2261
2262,2261,1158
2263,2247,2246
2263,2246,2256
2263,2256,2264
2265,2266,2253
2265,2267,2266
2268,2267,2265
2269,2268,2265
2270,2260,2247
2270,2247,2263
2271,2264,2272
2271,2270,2263
2271,2263,2264
2273,1150,2259
2273,1161,529
2273,529,1150
2274,2262,1158
2275,2274,1158
2275,1158,1157
2276,1166,2277
2278,1166,2276
2278,1167,1166
2279,2275,1157
2279,1157,1162
2280,1161,2273
2281,1167,2278
2281,2282,1167
2281,1170,2282
2283,2280,2277
2283,1160,1161
2283,1161,2280
2284,1170,2281
2285,1168,1174
2285,2279,1162
2285,1162,1168
2286,2279,2285
2287,1164,1160
2287,1160,2283
2288,2289,1164
2288,1164,2287
2290,2285,1174
2290,1174,1175
2290,2286,2285
2290,2291,2286
2292,1170,1169
2292,2293,1165
2292,1167,2282
2292,1165,1167
2292,2282,1170
2292,1169,2293
2294,2288,1165
2294,2293,2295
2294,1165,2293
2294,2289,2288
2296,1164,2289
2297,2294,2295
2297,2289,2294
2298,2290,1175
2298,2291,2290
2298,1175,1172
2299,2300,2296
2299,2289,2297
2299,2296,2289
2301,2302,1177
2301,1177,1179
2301,1171,2302
2303,2299,2297
2304,2305,2298
2304,2298,1172
2306,1169,1171
2306,2301,1179
2306,1171,2301
2306,2307,1169
2308,2295,2293
2308,1169,2307
2308,2293,1169
2309,2306,1179
2309,2307,2306
2310,2308,2307
2310,2295,2308
2311,1178,2312
2313,1176,1178
2313,1178,2311
2314,2309,1179
2315,2312,2316
2315,2311,2312
2315,2313,2311
2317,1179,1180
2317,2314,1179
2318,2314,2317
2319,1194,1193
2320,2321,1182
2320,1181,1188
2320,1182,1181
2322,2323,2324
2322,1191,2323
2325,1194,2319
2325,2319,2318
2326,2319,1193
2327,2316,533
2327,2328,2315
2327,2315,2316
2329,1195,1194
2329,1194,2325
2330,1188,1181
2330,1181,1196
2331,533,532
2331,532,1211
2331,2327,533
2332,2330,1196
2332,1188,2330
2332,1196,1201
2333,1207,1206
2333,1193,1192
2333,1192,1198
2333,1198,1207
2334,1184,1188
2334,2335,1185
2334,1185,1184
2334,1204,2335
2334,1202,1204
2336,2332,1201
2336,1188,2332
2336,1201,1208
2336,1202,2334
2336,2334,1188
2336,1208,1202
2337,1206,1205
2337,2338,1206
2339,2331,1211
2340,2337,1205
2341,1186,1185
2342,2343,2344
2342,2344,2339
2345,1220,1215
2345,2346,1220
2345,1200,2340
2345,1215,1200
2345,2340,1205
2345,1205,2346
2347,1200,1215
2347,1199,1200
2347,1201,1199
2347,1210,1201
2347,1215,1210
2348,1205,1207
2348,1207,1198
2348,2346,1205
2349,2343,2342
2350,1213,1209
2350,1209,1197
2351,1227,2352
2351,2352,1213
2351,1213,2350
2353,1211,263
2353,1228,1227
2353,1227,2351
2353,263,1228
2354,1198,1212
2354,1212,2355
2354,2346,2348
2354,2348,1198
2356,1204,1203
2357,1220,2346
2357,2355,1231
2357,2346,2354
2357,2354,2355
2358,1210,1214
2358,1214,2359
2358,1203,1210
2360,1212,1213
2360,2352,1227
2360,1213,2352
2360,1227,1229
2361,1221,1220
2361,1231,1221
2361,1220,2357
2361,2357,1231
2362,1231,2355
2362,1212,2360
2362,2355,1212
2362,2360,1235
2362,1235,1233
2362,1233,1231
2363,2358,2359
2364,1223,1218
2364,2365,2366
2364,2366,1223
2364,1218,2356
2367,1216,1223
2367,2368,1216
2369,1229,1226
2369,1234,1235
2369,1226,1234
2369,1235,2360
2369,2360,1229
2370,1219,1222
2370,1214,1219
2370,2359,1214
2370,2371,2359
2372,2367,1223
2373,2374,2375
2376,2371,2370
2376,2370,1222
2377,2372,1223
2377,2366,2365
2377,1223,2366
2378,1238,1224
2379,1222,1230
2379,1230,1232
2379,1232,2380
2379,2380,2381
2382,2376,1222
2383,2379,2381
2383,1222,2379
2383,2382,1222
2384,1252,2378
2385,2386,2387
2388,2389,2390
2388,2387,2386
2391,2378,1252
2391,1252,1251
2391,1238,2378
2392,2393,1253
2392,1252,2384
2392,1253,1252
2392,1256,2393
2394,2391,1251
2394,1238,2391
2394,1242,1238
2395,1256,2392
2396,2380,1232
2396,1232,1237
2396,1237,1240
2396,1240,1241
2397,1247,1246
2397,2398,1247
2399,1251,2400
2399,2394,1251
2399,1242,2394
2399,2400,1244
2399,1244,1242
2401,2402,2403
2401,2403,2389
2401,2389,2388
2401,2388,2386
2404,2386,2405
2406,1241,1258
2406,2396,1241
2406,2380,2396
2407,2386,2404
2407,1261,2408
2407,2408,2409
2410,2403,2402
2410,2389,2403
2410,2397,2390
2410,2402,1268
2410,2390,2389
2410,2398,2397
2411,2412,2402
2411,2409,2412
2411,2407,2409
2411,2402,2401
2411,2401,2386
2411,2386,2407
2413,1271,2414
2415,2410,1268
2415,2413,2398
2415,1268,1267
2415,1271,2413
2415,1267,1271
2415,2398,2410
2416,2406,1258
2416,1261,2417
2416,1258,1261
2418,1265,1257
2418,1245,2419
2420,1253,2393
2420,1250,1253
2420,1255,2421
2420,1256,1255
2420,2393,1256
2422,2420,2421
2422,1250,2420
2423,2424,2425
2423,2421,2424
2423,2422,2421
2426,2414,1271
2426,1271,1270
2427,1274,2428
2427,1275,1274
2427,2408,1261
2427,1261,1260
2427,1260,1275
2429,2408,2427
2429,2427,2428
2429,2412,2409
2429,2409,2408
2429,2430,1266
2431,1270,2432
2431,2426,1270
2431,2432,2433
2431,2414,2426
2434,1254,1264
2434,1236,1254
2434,1264,1272
2434,1272,539
2435,2436,2400
2435,2400,2437
2438,1265,2418
2438,2418,2419
2438,2414,2431
2438,2431,2433
2438,2419,2414
2439,2435,2437
2440,1266,2430
2440,1270,1266
2441,2442,2443
2441,2438,2433
2441,2433,2442
2444,2432,1270
2444,2445,2432
2444,2440,2430
2444,1270,2440
2446,2433,2432
2446,2432,2445
2446,2447,2448
2446,2442,2433
2446,2448,2442
2446,2445,2447
2449,540,539
2449,2450,540
2449,539,1272
2451,1236,2434
2451,1269,1236
2452,540,2450
2453,543,540
2453,540,2452
2454,543,2453
2455,1273,1276
2455,2456,1273
2455,1276,1277
2457,2442,2448
2458,2445,2459
2458,2460,2447
2458,2447,2445
2461,543,2454
2461,546,543
2461,548,546
2461,2454,2462
2463,267,1269
2463,1269,2451
2464,2457,2448
2464,2465,2457
2466,2467,2463
2466,2463,2451
2466,2451,2434
2466,2434,539
2468,2464,2448
2469,2460,2470
2469,2447,2460
2471,1294,2472
2471,1295,1294
2473,2474,2475
2473,1288,2474
2473,1286,1288
2473,2475,2476
2477,2471,2478
2479,1295,2471
2479,2471,2477
2480,1295,2479
2480,2481,1295
2482,1294,1293
2482,2483,2484
2482,2484,2485
2482,2472,1294
2482,2485,2472
2486,2480,2476
2486,2481,2480
2487,2486,2476
2487,2476,2475
2488,2487,2475
2488,2475,2474
2488,2474,1288
2488,1288,1285
2489,549,551
2490,2491,1301
2490,1301,1300
2490,2489,551
2490,552,2491
2490,1300,2492
2490,551,552
2493,1282,261
2493,1289,1278
2493,261,1316
2493,1291,1289
2493,1283,1282
2493,1278,1283
2494,1308,1305
2494,2482,1293
2495,2488,1285
2496,2493,1316
2496,1291,2493
2496,1285,1291
2496,2495,1285
2497,1298,1290
2498,1298,2497
2499,1309,1310
2500,2501,2502
2503,2498,2504
2505,2506,2507
2508,2507,2509
2510,2506,2505
2510,1316,1319
2510,1319,2506
2510,2505,2511
2512,1310,1311
2512,1311,1312
2512,1312,1313
2512,2499,1310
2513,2514,2515
2516,267,2517
2516,1321,267
2518,2513,2519
2518,2514,2513
2520,1313,1314
2520,1314,1315
2520,1315,1317
2520,1317,1318
2520,2521,2512
2520,2512,1313
2522,2520,1318
2523,1318,2514
2523,2522,1318
2524,2523,2514
2525,2524,2514
2526,2527,2528
2529,2516,2530
2531,2530,2526
2532,2509,2507
2532,2507,2506
2532,2506,1319
2533,2534,2521
2535,2509,2532
2536,2537,2538
2539,1321,1323
2539,1323,1322
2540,2539,1322
2541,2542,2543
2544,2541,2543
2544,2540,1322
2544,1322,2541
2545,1321,2546
2545,2546,1327
2545,1329,266
2545,1326,1331
2545,266,1321
2545,1327,1326
2547,1328,1329
2547,2545,1331
2547,1329,2545
2547,1331,1328
2548,1320,554
2548,559,1336
2548,554,559
2549,2550,2551
2552,2553,1325
2554,1326,1325
2554,1325,2553
2555,1326,2554
2556,1334,1330
2557,2558,2559
2560,2558,2557
2561,2558,2560
2562,2563,2564
2565,2566,2553
2567,2566,2568
2569,1335,266
2569,266,1328
2569,1328,1332
2570,1334,2556
2570,2556,2567
2570,2567,2568
2571,2572,2573
2571,2573,2561
2574,1333,1334
2575,1332,1333
2575,1333,2574
2575,2569,1332
2576,2577,2568
2576,2573,2572
2576,2568,2566
2576,2565,2573
2576,2566,2565
2578,2574,1334
2578,1334,2570
2579,2569,2575
2580,2572,2571
2580,2571,2581
2582,2583,2577
2582,2576,2572
2582,2577,2576
2584,2568,2577
2584,2585,2586
2587,2580,2581
2587,2572,2580
2588,1337,1335
2589,2584,2577
2589,2577,2583
2589,2583,2590
2589,2585,2584
2589,2590,1345
2589,2591,2585
2589,1340,2591
2589,1338,1340
2589,1345,1338
2592,2587,2593
2592,2594,2587
2592,2593,2595
2596,2597,2594
2596,2594,2592
2596,2592,2595
2598,1337,2588
2599,1345,2590
2599,2590,2594
2599,2594,2597
2599,2597,1346
2599,1344,1345
2599,1346,1344
2600,2601,2602
2603,1343,1337
2603,1337,2598
2604,2605,2606
2607,2597,2596
2607,2596,2595
2607,2595,2608
2609,2603,2610
2611,2597,2607
2612,2597,2611
2612,1346,2597
2613,1346,2612
2613,2612,1348
2613,1342,1346
2614,2615,1343
2616,2617,2618
2619,2620,2621
2619,2622,2620
2619,560,1374
2619,2621,560
2623,2624,1349
2623,2611,2624
2623,1349,1348
2625,2615,2614
2626,2627,2628
2629,2625,2630
2631,2632,2633
2634,2630,2626
2634,2629,2630
2634,2635,2629
2636,1349,2624
2636,2619,1374
2637,2635,2634
2637,2638,2635
2639,2640,1347
2641,2642,2638
2641,2638,2637
2643,2636,1374
2644,2639,2645
2646,1352,1351
2646,1353,1352
2646,1354,1353
2647,2648,2649
2650,2651,2644
2652,2653,2646
2652,2654,2655
2652,2655,2653
2652,2646,1351
2652,2656,2654
2652,2657,2656
2658,1354,2646
2658,1355,1354
2658,1356,1355
2658,1361,1359
2658,1359,1356
2659,2652,1351
2659,2660,2661
2659,2661,2652
2662,1351,1350
2662,2659,1351
2663,2660,2664
2665,1364,1362
2665,1362,1361
2665,1361,2658
2666,2662,1350
2666,1350,2667
2667,1350,1357
2667,1357,2668
2669,2670,2671
2672,2670,2669
2673,2674,2675
2676,2674,2673
1370,1368,2677
2677,1368,2678
2677,2678,2679
2679,2678,2680
2679,2680,2681
2682,1374,1373
2682,1373,2683
2682,2670,2672
2682,2672,1374
2684,2682,2683
2685,1384,565
2685,571,570
2685,570,1384
2685,565,562
2685,562,566
2685,567,578
2685,566,567
2685,573,571
2685,574,573
2685,578,576
2685,576,574
2686,1393,1394
2686,1394,1408
2686,1408,1399
2686,1399,1398
2686,1398,1393
2687,610,609
2687,1403,610
2687,612,606
2687,609,612
2687,606,1403
2688,1399,1413
2688,1400,1399
2688,628,1400
2688,1413,628
2689,1416,1420
2689,1420,638
2689,615,1416
2689,614,616
2689,616,615
2689,638,614
2690,618,1427
2690,1412,618
2690,1423,1413
2690,1427,1423
2690,1413,1412
2691,627,639
2691,647,649
2691,639,647
2691,1414,627
2691,649,1414
2692,1424,664
2692,607,1424
2692,664,1421
2692,1421,1416
2692,1416,607
2693,650,645
2693,654,652
2693,658,657
2693,656,654
2693,657,656
2693,620,624
2693,1441,658
2693,631,1441
2693,645,620
2693,624,630
2693,652,650
2693,630,631
2694,1432,1436
2694,636,1432
2694,1436,1438
2694,1438,1426
2694,1426,636
2695,1425,1421
2695,1429,1425
2695,1421,1434
2695,1434,1442
2696,1429,2695
2696,1432,1429
2696,1437,1432
2696,1442,1437
2696,2695,1442
2697,659,1445
2697,660,659
2697,666,665
2697,665,660
2697,1445,666
2698,677,676
2698,1451,677
2699,1458,1451
2700,676,1467
2700,1467,1478
2700,1451,2698
2700,1478,2699
2700,2699,1451
2700,2698,676
2701,667,1462
2701,687,1465
2701,1462,687
2701,1450,667
2701,1465,682
2701,682,1450
2702,1452,1455
2702,1454,1452
2702,1455,2703
2704,1453,1470
2704,1455,1453
2704,2703,1455
2705,1459,1458
2705,2699,1478
2705,1478,1459
2705,1458,2699
2706,2702,2703
2706,1472,1461
2706,1454,2702
2706,1461,1454
2707,687,1462
2707,679,684
2707,684,688
2707,1462,1460
2707,688,687
2707,1460,679
2708,1478,1467
2708,1467,1474
2709,1481,2703
2709,1470,1482
2709,1482,1481
2709,2704,1470
2709,2703,2704
2710,1464,1465
2710,1465,1476
2710,1476,1479
2711,683,680
2711,1490,1489
2711,680,1464
2711,1464,1490
2712,1474,1485
2712,1477,1478
2712,2708,1474
2712,1478,2708
2713,2706,2703
2713,2703,1481
2713,1481,2714
2713,1472,2706
2713,2714,2715
2716,1490,1464
2716,692,1490
2716,1464,2710
2716,2710,1479
2717,1484,1477
2717,1485,1484
2717,2712,1485
2717,1477,2712
2718,1470,683
2718,683,2711
2718,1482,1470
2718,1480,1482
2718,2711,1489
2719,1469,1473
2719,1473,2720
2719,1475,1469
2721,1480,2718
2721,1494,1504
2721,1489,1494
2721,2718,1489
2721,1504,1480
2722,2713,2715
2722,2720,1473
2722,1473,1472
2722,1472,2713
2722,1507,2720
2722,2715,1507
2723,1480,1504
2723,1481,1480
2723,2714,1481
2723,2724,2714
2725,1507,1506
2725,1475,2719
2725,2719,2720
2725,2720,1507
2726,2725,1506
2726,1485,1475
2726,1475,2725
2727,1486,2728
2729,1505,1507
2729,2724,1519
2729,2714,2724
2729,2715,2714
2729,1519,1505
2729,1507,2715
2730,2726,1506
2731,692,691
2731,691,1509
2731,1488,692
2731,1494,1488
2732,1514,1511
2732,1497,1492
2732,1511,1497
2732,1492,1491
2732,1491,2733
2732,2733,1514
2734,2733,2727
2734,1514,2733
2735,1504,1503
2735,2724,2723
2735,2723,1504
2736,1494,2731
2736,1502,1494
2736,704,1502
2736,2731,1509
2737,1503,1512
2737,2724,2735
2737,1512,1523
2737,2735,1503
2738,1523,1531
2738,2724,2737
2738,2737,1523
2739,2734,1500
2739,1514,2734
2739,1513,1514
2739,701,1513
2739,1500,701
2740,1506,1505
2740,2730,1506
2740,1505,1518
2740,1518,1528
2741,1528,1526
2741,1526,1525
2741,2740,1528
2741,1525,1499
2742,1512,1502
2742,1522,1512
2742,1502,704
2742,1538,1522
2743,1527,1519
2743,1519,2724
2743,2738,1531
2743,2724,2738
2743,1531,1530
2743,1530,1527
2744,368,369
2744,369,698
2744,702,368
2744,698,1533
2744,1533,1535
2744,1535,702
2745,1537,1545
2745,1531,1523
2745,1523,1522
2745,1522,1537
2746,1541,1526
2746,1526,1528
2746,1528,1527
2746,1527,1536
2746,1536,1541
2747,1532,1531
2747,2745,1545
2747,1545,1532
2747,1531,2745
2748,703,706
2748,704,703
2748,2742,704
2748,1538,2742
2749,1540,2750
2749,1526,1540
2749,1524,1526
2749,1529,1524
2751,1539,1534
2751,1533,694
2751,1534,1533
2751,694,1539
2752,1530,1532
2752,1536,1530
2753,1529,2749
2753,1543,699
2753,2750,1551
2753,1550,1543
2753,1551,1550
2753,699,1529
2753,2749,2750
2754,1544,1537
2754,706,1544
2754,2748,706
2754,1538,2748
2754,1537,1538
2755,1539,1516
2755,1521,1547
2755,1516,1521
2756,2755,1547
2756,1539,2755
2756,1549,1539
2756,1547,1558
2757,2750,1540
2757,1551,2750
2757,1552,1551
2757,1561,1552
2757,709,1561
2757,1540,709
2758,1548,1559
2758,1532,1548
2759,1549,2756
2759,2756,1558
2759,1558,1562
2759,1562,1556
2759,1556,1549
2760,1560,1555
2760,1555,1557
2760,1573,1560
2760,1557,1573
2761,1550,1576
2761,1563,1550
2761,1564,1563
2761,1576,1564
2762,1578,1570
2762,1567,1565
2762,1570,1567
2762,1559,1578
2763,1562,712
2763,712,1580
2763,1580,2764
2763,1566,1562
2765,2763,2764
2765,1566,2763
2765,1557,1566
2765,1583,1557
2766,1577,1589
2766,1589,2767
2766,1580,1577
2768,1575,1587
2768,1579,1575
2768,1587,1590
2769,2766,2767
2769,1580,2766
2769,2764,1580
2769,1591,2764
2770,730,1587
2770,1583,2765
2770,1587,1583
2770,1591,730
2770,2765,2764
2770,2764,1591
2771,1584,1581
2771,1569,1593
2771,1581,1569
2772,2768,1590
2772,1579,2768
2772,1590,1597
2772,1586,1579
2773,1589,717
2773,1594,2774
2773,1592,1594
2773,717,1592
2775,726,1586
2775,1597,1598
2775,2772,1597
2775,1586,2772
2775,1598,726
2776,1592,1584
2776,2771,1593
2776,1593,1605
2776,1584,2771
2777,1599,2767
2777,1589,2773
2777,2773,2774
2777,2767,1589
2778,1611,1591
2778,2767,1599
2778,1591,2769
2778,2769,2767
2778,1599,1611
2779,1595,1592
2779,1592,2776
2779,2776,1605
2779,1605,1595
2780,1593,1568
2780,733,1607
2780,1607,1606
2780,1568,733
2780,1606,1593
2781,2774,1594
2781,1594,1596
2781,1596,1618
2781,1618,2774
2782,1602,725
2782,1603,1602
2782,1610,1603
2782,1608,1610
2782,725,1608
2783,1599,2777
2783,2774,1618
2783,1623,1600
2783,1600,1599
2783,2777,2774
2783,1618,1623
2784,1605,1606
2784,1595,1605
2784,1606,1630
2784,1596,1595
2785,1616,1615
2785,1622,1616
2785,1615,1613
2785,1613,1612
2785,1620,1622
2785,1612,1620
2786,1630,1639
2786,1639,1619
2786,1596,2784
2786,1619,1596
2786,2784,1630
2787,1625,1604
2787,1635,1641
2787,1604,1603
2787,1641,1625
2787,1603,1629
2787,1629,1635
2788,1638,1640
2788,735,1616
2788,1616,1638
2788,1617,735
2788,1628,1617
2788,1640,1628
2789,1619,1639
2789,1623,1619
2790,1636,1623
2790,1623,2789
2790,1639,1647
2790,2789,1639
2791,378,1643
2791,379,378
2791,1643,1636
2791,1647,379
2791,1636,2790
2791,2790,1647
2792,1646,1650
2792,1637,1646
2792,1638,1637
2792,745,1638
2792,1650,752
2792,752,745
2793,1648,757
2793,1652,1649
2793,1649,1626
2793,1626,1648
2794,181,1665
2794,1665,1677
2794,1633,181
2795,762,759
2795,760,1647
2795,1633,2794
2795,2794,1677
2795,1647,1631
2795,1631,1633
2795,759,760
2796,2793,757
2796,757,1664
2796,1668,1652
2796,1664,1668
2796,1652,2793
2797,1661,1686
2797,1686,1690
2797,1660,1661
2797,1664,1660
2798,1664,2797
2798,2797,1690
2798,770,769
2798,769,1668
2798,1668,1664
2798,1690,770
2799,763,1681
2799,1681,1685
2799,764,763
2799,1669,764
2800,1673,1704
2800,380,1672
2800,1672,1673
2800,190,380
2800,785,190
2801,777,1682
2801,2795,1677
2801,1682,762
2801,762,2795
2801,1676,777
2801,1677,1676
2802,2799,1685
2802,1661,1659
2802,1684,1661
2802,1669,2799
2802,1685,1684
2802,1659,1669
2803,1680,768
2803,768,1692
2804,1681,382
2804,1685,1681
2804,780,1685
2804,382,778
2804,778,780
2805,1690,1686
2805,1686,1691
2805,1689,1690
2806,766,1680
2806,1679,766
2807,1692,1696
2807,1680,2803
2807,2806,1680
2807,1696,2806
2807,2803,1692
2808,1689,2805
2808,1692,1689
2808,1697,1692
2808,1698,1697
2809,1696,1709
2809,1679,2806
2809,2806,1696
2809,1709,1679
2810,1695,1693
2810,1693,1694
2810,1700,1695
2810,1694,1700
2811,1700,1706
2811,1706,1705
2811,1704,1673
2811,1673,1695
2811,1695,1700
2811,1705,1704
2812,1696,1697
2812,1699,1717
2812,1697,1699
2813,1709,1708
2813,1679,1709
2813,1694,1679
2814,785,2800
2814,2800,1704
2814,786,785
2814,1704,1703
2814,1703,786
2815,1708,1710
2815,1694,2813
2815,2813,1708
2815,1711,1694
2815,1714,1711
2815,1710,1714
2816,1696,2812
2816,1707,1696
2816,2812,1717
2817,1723,1718
2817,1712,1723
2817,1698,779
2817,1699,1698
2817,779,1712
2817,1718,1699
2818,1707,2816
2818,2816,1717
2819,788,1703
2819,1703,1705
2819,1705,1720
2819,1735,788
2819,1720,1735
2820,1725,1714
2820,1710,1707
2820,1714,1710
2820,2818,2821
2820,1707,2818
2822,1719,1727
2822,1706,1701
2822,1701,1719
2823,1716,791
2823,1713,1716
2823,1721,1713
2824,2822,1727
2824,1727,1739
2824,1720,1706
2824,1706,2822
2825,1728,1731
2825,1717,1728
2825,2821,2818
2825,2818,1717
2826,791,790
2826,1732,1721
2826,790,1732
2826,2823,791
2826,1721,2823
2827,2825,1731
2827,1731,1741
2827,1741,1736
2827,1736,2821
2827,2821,2825
2828,1749,1735
2828,1739,1749
2828,2824,1739
2828,1735,1720
2828,1720,2824
2829,1715,1726
2829,1744,1740
2829,1726,1744
2829,1727,1715
2829,1740,1727
2830,1742,1725
2830,1736,1742
2830,2820,2821
2830,2821,1736
2830,1725,2820
2831,1729,1730
2831,1731,1729
2831,1741,1731
2831,1750,1741
2831,1730,1750
2832,776,1753
2832,789,791
2832,1760,789
2833,1730,1724
2833,790,789
2833,1724,1732
2833,1732,790
2833,1760,1759
2833,789,1760
2834,1733,1734
2834,1747,1733
2834,1735,1749
2834,1734,1735
2834,1752,1747
2834,1749,1752
2835,1753,1779
2835,2832,1753
2835,1779,196
2835,1760,2832
2835,196,1760
2836,793,1746
2836,1746,1758
2837,1771,1744
2837,1743,1755
2837,1744,1743
2837,1755,1771
2838,2833,1759
2838,1730,2833
2838,1764,1730
2838,1759,1764
2839,2836,1758
2839,792,793
2839,1768,792
2839,793,2836
2839,1758,1766
2839,1766,1774
2839,1774,1768
2840,1738,1737
2840,1778,1756
2840,1755,1738
2840,1756,1755
2841,1754,1751
2841,1751,1769
2842,1745,1775
2842,1763,1745
2842,797,1763
2843,1754,2841
2844,2842,1775
2844,797,2842
2845,1781,1792
2845,1792,1794
2845,797,2844
2845,1775,1781
2845,2844,1775
2846,1774,1773
2846,1788,1790
2846,1768,1774
2847,2846,1773
2847,1766,1765
2847,1765,1767
2847,1788,2846
2847,1767,1788
2847,1773,1766
2848,1777,1778
2848,1783,1785
2848,1785,1777
2848,2843,1783
2849,1794,1795
2849,797,2845
2849,795,797
2849,2845,1794
2850,1787,1776
2850,1790,1787
2850,1776,1768
2850,2846,1790
2850,1768,2846
2851,1780,1757
2851,1757,1796
2851,1796,800
2852,2849,1795
2852,1795,1797
2852,1797,1800
2852,795,2849
2852,1767,795
2852,1800,1767
2853,1780,2851
2853,2851,800
2854,1781,1780
2854,1780,2853
2854,1792,1781
2854,1802,1792
2854,2853,800
2855,1786,1787
2855,1787,1806
2856,801,1796
2856,1796,1782
2857,1806,1813
2857,2855,1806
2857,1801,1786
2857,1786,2855
2858,1799,1808
2858,1789,1799
2858,1808,1812
2858,1812,2859
2860,1815,1807
2860,799,1815
2860,1807,1802
2860,1802,2854
2860,2854,800
2860,800,799
2861,2857,1813
2861,1801,2857
2861,1813,1817
2862,1801,2861
2862,1817,1805
2862,1805,1804
2862,1798,1801
2862,1804,1798
2862,2861,1817
2863,810,1806
2863,2858,2859
2864,1793,1807
2865,2864,1826
2865,1826,1830
2866,2865,1830
2866,1811,2865
2866,1830,1824
2866,1812,1811
2867,2859,1823
2867,1822,1828
2867,1823,1822
2867,2863,2859
2867,810,2863
2868,810,2867
2868,2867,1828
2868,808,810
2868,1828,808
2869,1818,820
2869,1825,1819
2869,1819,1818
2869,820,819
2870,1805,1820
2870,1820,1834
2871,1805,2870
2872,1824,1830
2872,1830,1831
2873,1825,2869
2873,2869,819
2873,1838,1825
2873,819,1838
2874,1824,2872
2874,1827,1824
2874,2872,1831
2874,1836,1827
2875,1834,809
2875,809,808
2876,2871,1844
2876,1842,815
2877,1845,1834
2877,2875,2878
2877,1834,2875
2877,2879,1845
2877,2878,2879
2880,1831,1840
2881,1835,1837
2882,2883,1837
2882,2880,1858
2884,1845,2879
2884,1843,1845
2885,2878,2881
2886,1856,1848
2886,1863,1856
2886,1855,1854
2886,1846,1842
2886,1848,1846
2886,1842,1855
2886,1854,1863
2887,1852,1855
2887,1859,1852
2887,1843,2884
2887,2884,2888
2887,2888,1859
2887,1855,1843
2889,2890,1872
2889,2885,2890
2891,1848,1856
2891,831,817
2891,817,1848
2891,1856,831
2892,1857,2893
2892,2883,2882
2892,2882,1858
2892,1858,1857
2894,1872,1871
2894,2889,1872
2895,2883,2892
2895,1873,1872
2895,1872,2890
2895,2892,2896
2895,2896,1873
2895,2890,2883
2897,2894,1871
2897,1867,2888
2897,1871,1874
2897,1874,1867
2897,2888,2894
2898,1851,1850
2898,1850,1864
2898,1864,401
2899,2888,1867
2899,1878,1859
2899,1867,1878
2899,1859,2888
2900,401,1882
2900,2898,401
2901,2896,2892
2901,2893,1882
2901,1882,1881
2901,2892,2893
2902,1873,2896
2902,1871,1873
2902,1876,1871
2902,2903,1886
2902,1886,1876
2904,2903,2902
2904,2902,2896
2904,1898,2903
2905,2901,1881
2905,2904,2896
2905,1898,2904
2905,2896,2901
2905,1881,1887
2905,1887,1898
2906,1866,1862
2906,1884,1866
2906,1862,1879
2906,1879,1888
2906,1888,1894
2906,1894,1884
2907,1898,1897
2907,2903,1898
2908,2907,1897
2908,2903,2907
2908,1897,1901
2909,2903,2908
2909,2908,1901
2909,1886,2903
2910,1900,2911
2910,1894,1900
2910,1909,1885
2910,1885,1894
2912,1909,1911
2912,844,1885
2912,1911,842
2912,1885,1909
2912,842,844
2913,2909,1901
2913,848,1908
2914,1899,1896
2914,1896,1892
2914,1905,1899
2914,1906,1905
2914,1892,1904
2914,1904,1906
2915,2911,1900
2915,1900,1905
2915,1905,1907
2915,1918,2911
2916,1909,2910
2916,1910,1909
2916,2911,1918
2916,2910,2911
2916,1918,1910
2917,1919,1918
2917,2915,1907
2917,1918,2915
2917,863,1919
2917,864,863
2917,1907,864
2918,2919,1940
2918,1913,1924
2918,1924,1928
2918,1940,1934
2918,1928,2919
2920,1926,1913
2920,1913,2918
2920,2918,1934
2921,1923,1941
2921,1946,1922
2921,1922,1923
2921,1941,1946
2922,855,871
2922,1927,853
2922,853,855
2922,871,1931
2922,1931,1927
2923,1926,2920
2923,2920,1934
2923,854,1926
2923,1934,1936
2924,870,854
2924,1936,2925
2924,2925,1949
2924,1949,870
2924,854,2923
2924,2923,1936
2926,1940,2919
2926,1928,1929
2926,1929,1938
2926,2919,1928
2926,1943,1940
2927,1943,2926
2927,2926,1938
2927,1938,1952
2928,1947,2929
2928,2930,1946
2928,1941,1947
2928,2929,2930
2928,1946,1941
2931,2925,1936
2931,1936,1935
2931,1935,1954
2932,1945,1946
2932,1946,2930
2933,1944,1943
2933,2927,1952
2933,1952,885
2933,1943,2927
2934,416,2935
2934,1950,1948
2934,1948,414
2934,414,416
2936,2925,2931
2936,1954,1958
2936,2931,1954
2937,2934,2935
2937,2929,1947
2937,1947,1950
2937,1950,2934
2938,1945,2932
2938,2932,2930
2938,887,886
2938,2930,887
2939,2929,2937
2939,2937,2935
2940,1954,1944
2940,1944,2933
2940,2933,885
2940,1961,1954
2941,891,1945
2941,1945,2938
2941,2938,886
2941,886,891
2942,2943,419
2942,419,415
2942,414,1951
2942,415,414
2944,888,887
2944,1955,1957
2944,2930,2929
2944,2929,2939
2944,2939,1955
2944,1957,888
2944,887,2930
2945,2935,416
2945,2939,2935
2945,1955,2939
2946,1955,2945
2946,1956,1955
2946,1964,1956
2946,1965,1964
2947,1961,2948
2947,1962,1961
2947,2948,893
2947,892,896
2947,893,892
2949,1957,1956
2949,1956,1964
2949,1964,1969
2950,1962,2947
2950,1963,1962
2950,1977,1963
2951,419,1960
2951,1960,1959
2951,1959,1968
2951,1968,1973
2951,1973,420
2951,420,419
2952,886,888
2952,889,886
2952,1978,1975
2952,1975,889
2952,1957,2949
2952,888,1957
2953,1970,1965
2953,899,904
2953,904,1970
2954,2955,1977
2954,898,1971
2956,905,420
2956,2957,905
2956,420,1973
2958,2959,1979
2958,1966,1970
2958,1970,1984
2958,1979,1969
2958,1969,1966
2958,1984,2959
2960,2956,1973
2960,2957,2956
2960,1973,1972
2960,1972,1982
2961,1987,1976
2961,1977,2955
2961,1976,1977
2962,1993,2963
2962,2957,2960
2964,1989,2959
2964,2963,1989
2964,2962,2963
2964,2957,2962
2964,1984,905
2964,905,2957
2964,2959,1984
2965,1979,2959
2965,2959,1989
2965,1989,917
2965,912,1979
2965,917,912
2966,1985,1981
2966,1981,1988
2967,2955,2968
2967,2961,2955
2967,1987,2961
2969,906,1985
2969,1988,1991
2969,423,906
2969,2966,1988
2969,424,423
2969,1985,2966
2970,1991,428
2970,2969,1991
2970,427,424
2970,424,2969
2970,428,427
2971,1989,2963
2971,1990,1989
2972,2971,2963
2972,1996,2000
2972,2963,1993
2972,1992,2973
2972,2973,1996
2972,2000,2971
2972,1993,1992
2974,2968,2975
2974,1987,2967
2974,2967,2968
2976,2000,1998
2976,1998,1990
2976,2971,2000
2976,1990,2971
2977,2974,2975
2978,1992,2977
2978,2979,2973
2978,2973,1992
2978,2980,2979
2978,2975,2980
2978,2977,2975
2981,935,934
2981,2973,2979
2981,934,1996
2981,940,935
2981,1996,2973
2981,2979,940
2982,921,922
2982,2012,2008
2982,922,2012
2982,2008,2004
2982,2004,921
2983,2001,1999
2983,1999,2006
2983,2003,2001
2984,930,2003
2984,932,930
2984,2003,2983
2984,2006,2017
2984,2017,932
2984,2983,2006
2985,2975,2968
2985,2968,907
2986,928,2010
2986,2012,2002
2986,2002,928
2987,907,226
2987,2985,907
2987,226,2059
2988,2986,2010
2988,2010,2011
2988,2011,2031
2988,2012,2986
2989,2988,2031
2989,2012,2988
2989,2031,2990
2991,2018,2017
2991,2017,933
2991,933,939
2992,2012,2989
2992,2989,2990
2992,2008,2012
2992,2009,2008
2993,2980,2975
2993,2975,2985
2994,2993,2985
2995,2020,2009
2995,2033,2020
2995,2992,2990
2995,2009,2992
2996,2059,2058
2996,2987,2059
2996,2058,2994
2996,2985,2987
2996,2994,2985
2997,2994,2058
2997,2998,2993
2997,2993,2994
2999,2037,2040
2999,2990,2031
2999,2030,2037
2999,2031,2030
3000,2033,2995
3001,2027,951
3001,951,954
3001,954,2046
3001,2036,2027
3001,2046,2051
3001,2051,2036
3002,2034,2036
3002,2036,2051
3003,2037,2034
3003,3002,2051
3003,2034,3002
3004,2997,2058
3004,2998,2997
3005,3000,3006
3005,2033,3000
3005,2038,2033
3007,2039,2037
3007,2037,3003
3007,3008,2045
3007,2045,2039
3007,3003,2051
3009,3004,2058
3009,2058,958
3010,3011,3006
3010,2040,2042
3012,2038,3005
3012,2049,2038
3013,3014,2049
3013,2049,3012
3013,3012,3015
3016,3008,3017
3016,2045,3008
3016,2042,2045
3018,2048,2049
3018,2049,3014
3019,3020,3011
3019,2061,3020
3019,3011,3010
3019,3016,3017
3019,3010,2042
3019,2042,3016
3019,3017,2063
3019,2063,2061
3021,2048,3018
3021,3018,3014
3021,2054,2048
3022,3011,3020
3022,3023,3015
3022,3015,3011
3024,3015,3023
3024,3014,3013
3024,3013,3015
3025,2052,2053
3025,3008,2052
3026,2066,2063
3026,3017,3008
3026,3008,3025
3026,3025,2053
3026,2063,3017
3027,3028,2055
3027,2055,2054
3027,2054,3021
3029,3023,2071
3029,3024,3023
3029,3014,3024
3030,3020,2061
3030,2071,3023
3030,2061,2062
3030,2072,2071
3030,2062,2072
3030,3022,3020
3030,3023,3022
3031,971,2064
3031,964,971
3031,2060,964
3031,2064,2060
3032,3028,3029
3032,3029,2071
3032,2071,2070
3033,2068,2074
3033,2053,2068
3033,2074,2066
3033,2066,3026
3033,3026,2053
3034,960,2055
3034,2076,2075
3034,2055,2076
3035,2076,2055
3035,2077,2076
3035,2083,2077
3035,2055,3028
3036,3032,2070
3036,2083,3035
3036,3035,3028
3036,3028,3032
3036,2070,2078
3036,2078,2083
3037,3034,2075
3037,960,3034
3037,2075,2085
3037,2085,972
3037,972,960
3038,2072,2062
3038,2070,2072
3038,2079,2070
3038,2062,2073
3038,2073,967
3039,2079,3038
3039,3038,967
3039,981,2095
3039,967,450
3040,972,2085
3040,2089,979
3040,2084,2089
3040,2085,2084
3040,979,972
3041,2077,2083
3041,2083,2082
3041,2075,2077
3041,2084,2075
3042,3039,2095
3042,2078,2079
3042,2081,2078
3042,2079,3039
3043,2095,2094
3043,2081,3042
3043,3042,2095
3043,2090,2081
3043,2094,2090
3044,2084,3041
3044,3041,2082
3044,2088,2084
3045,3044,2082
3045,2088,3044
3045,2082,2108
3046,2108,991
3046,2088,3045
3046,3045,2108
3046,991,2088
3047,2086,2098
3047,454,452
3047,452,2086
3048,2102,981
3048,2099,2102
3048,3039,450
3048,450,2099
3048,981,3039
3049,2098,2106
3049,2106,2115
3049,3047,2098
3049,454,3047
3050,2082,2091
3050,2091,2096
3050,2108,2082
3051,2099,454
3051,454,3049
3051,3049,2115
3052,2103,2099
3052,2099,3051
3052,2115,993
3052,993,2103
3052,3051,2115
3053,2096,2111
3053,3050,2096
3054,2101,2105
3054,2105,1002
3054,2106,2101
3054,2114,2106
3054,1002,2114
3055,3056,3053
3055,1006,2122
3055,2122,3056
3055,2117,1006
3057,2113,2110
3057,2120,1011
3057,2110,2120
3057,1011,461
3058,2122,2121
3058,3056,2122
3058,2121,2123
3059,2116,992
3059,2119,2116
3059,1016,2119
3059,992,1021
3060,3058,2123
3060,1022,1021
3061,1004,1009
3061,1007,1004
3061,2129,2130
3061,1009,2129
3061,1026,1007
3062,2130,2132
3062,3061,2130
3062,1026,3061
3062,2134,1027
3062,1027,1026
3062,2132,2134
3063,1022,1029
3063,1055,1043
3063,1029,1055
3063,2131,1022
3063,1043,2131
3064,1055,1029
3064,1029,1028
3065,2137,3066
3065,3064,1028
3065,3066,3064
3065,1028,1027
3065,1027,2137
3067,1055,3064
3067,3064,3066
3067,1054,1055
3068,2136,1068
3068,2137,2136
3069,3067,3066
3069,1054,3067
3069,3070,3071
3069,3066,3070
3069,1060,1054
3072,3066,2137
3072,2137,3068
3072,3070,3066
3072,3068,1068
3073,3070,3072
3073,3072,1068
3073,3071,3070
3073,2145,3071
3073,1068,1067
3074,3069,3071
3074,1060,3069
3074,3071,2145
3074,2144,1060
3074,2145,2144
3075,2140,2147
3075,1061,2140
3075,2147,1069
3075,481,1061
3075,1069,481
3076,2139,1063
3076,1058,2139
3076,1063,2143
3077,3076,2143
3077,2143,2152
3077,1058,3076
3078,477,474
3078,474,2150
3078,471,477
3079,2145,3073
3079,3073,1067
3079,1072,2145
3079,1071,1072
3079,1067,1071
3080,2149,2148
3080,3077,2152
3081,3078,2150
3081,2150,2154
3082,2149,3080
3082,3080,2152
3082,2152,3083
3082,3083,2164
3082,2164,2149
3084,2152,2146
3084,3083,2152
3084,2146,1089
3085,1072,2158
3085,2146,1072
3085,2158,1089
3085,1089,2146
3086,1089,1088
3086,3084,1089
3086,3083,3084
3086,2164,3083
3086,1088,2164
3087,1077,1076
3087,2156,1077
3087,3081,2154
3087,2154,2156
3088,1084,2159
3088,2164,2163
3089,2156,2155
3089,2155,2170
3089,2162,2160
3089,2160,2156
3090,1084,3088
3090,3088,2163
3090,2163,2167
3091,2167,2176
3091,1084,3090
3091,3090,2167
3092,2175,2162
3092,2171,2175
3092,3089,2170
3092,2162,3089
3092,2170,2171
3093,2175,1103
3093,2162,2175
3093,1103,503
3093,503,2168
3093,2168,2162
3094,1090,1084
3094,1092,1090
3094,1084,3091
3094,3091,2176
3095,1091,3096
3095,493,1085
3095,1085,1091
3095,3096,1101
3097,1092,3094
3097,2176,2179
3097,3094,2176
3098,2179,2186
3098,3097,2179
3099,2208,2198
3099,2186,2196
3099,2196,2208
3099,3098,2186
3100,3101,3102
3103,2198,3101
3103,3099,2198
3103,3101,3100
3104,3100,3102
3104,3096,3100
3104,1101,3096
3105,1107,2192
3105,2192,3106
3107,1113,2185
3107,2185,2191
3107,2199,1114
3107,2191,2199
3107,1114,1113
3108,2212,2194
3108,2190,1101
3108,3102,2212
3108,2194,2190
3108,1101,3104
3108,3104,3102
3109,1107,3105
3109,3105,3106
3109,2203,1111
3109,1111,1107
3110,2207,1128
3110,2192,1116
3110,3106,2192
3110,1116,2207
3111,1128,2210
3111,3106,3110
3111,3110,1128
3112,2212,3102
3112,2198,1140
3112,3102,3101
3112,3101,2198
3113,2200,1117
3113,3114,2200
3113,1117,2201
3115,2197,2194
3115,2194,2211
3115,2201,2197
3115,3114,3113
3115,3113,2201
3116,2213,2215
3116,2203,2214
3116,2215,2204
3116,2204,2203
3116,2214,2213
3117,1144,2211
3117,3112,1140
3117,1140,1139
3117,2212,3112
3117,2211,2212
3117,1139,1144
3118,2222,1134
3118,3114,3119
3118,3119,2222
3118,2200,3114
3120,3119,3114
3120,3114,3115
3120,1143,2222
3120,2222,3119
3120,3115,2211
3121,2227,516
3121,2228,2227
3121,1133,2230
3121,2235,2228
3121,2230,2235
3121,516,1133
3122,1143,1142
3122,2221,2222
3122,2222,1143
3123,3122,1142
3123,2221,3122
3123,2231,2221
3124,2218,2219
3124,2220,2218
3124,2219,2234
3124,2234,2238
3125,2220,3124
3125,3124,2238
3125,2223,2220
3126,2223,3125
3126,1151,2223
3127,2231,3123
3127,1149,2232
3127,2232,2231
3127,3123,1142
3127,1142,1149
3128,2229,1146
3128,2236,2229
3128,1146,3129
3130,2228,2240
3130,2240,2248
3130,2225,2228
3131,1141,1148
3131,2254,3129
3132,1151,3126
3132,2245,1151
3132,2246,2245
3133,2236,3128
3134,3133,2266
3134,2236,3133
3134,2237,2236
3135,2256,2241
3135,2267,2256
3135,2266,2267
3135,2237,3134
3135,2241,2237
3135,3134,2266
3136,2258,2243
3136,2243,2242
3136,2248,2258
3136,3130,2248
3137,2232,2249
3137,2233,2232
3137,2249,2251
3137,1154,2233
3137,2251,1154
3138,2243,2258
3138,2262,2274
3138,2258,2262
3139,3140,2255
3139,2255,2252
3141,2255,3140
3141,2265,2253
3141,2253,2255
3142,2256,2267
3142,2272,2264
3142,2264,2256
3143,2267,2268
3143,3142,2267
3144,3138,2274
3144,3145,3146
3144,2274,3145
3144,3146,3147
3148,2259,2260
3148,2273,2259
3149,2268,2269
3149,3143,2268
3150,2273,3148
3150,2277,2280
3150,2276,2277
3150,2280,2273
3151,3152,3153
3151,3149,2269
3151,3153,3154
3151,2269,3152
3155,2271,2272
3155,2284,2281
3156,2284,3155
3156,3155,2272
3156,3157,2284
3158,2274,2275
3158,2275,2279
3158,3145,2274
3159,3157,3156
3160,3161,3162
3163,3158,2279
3163,3145,3158
3163,2279,2286
3164,3154,3153
3164,3153,3160
3165,3145,3163
3165,3163,2286
3165,2286,2291
3166,3154,3167
3168,3157,3159
3168,3166,3167
3168,3159,3166
3169,3164,3160
3169,3160,3162
3170,3165,2291
3170,3171,3165
3172,3162,3173
3172,3169,3162
3172,3171,3170
3172,3173,3171
3174,2287,2283
3174,1165,2288
3174,2277,1166
3174,2288,2287
3174,1166,1165
3174,2283,2277
3175,3167,3154
3176,1170,2284
3176,3157,3168
3176,1171,1170
3176,2284,3157
3177,3178,3179
3177,3179,3175
3180,1163,1164
3180,1164,2296
3181,3167,3175
3181,3175,3179
3182,3179,3183
3182,3181,3179
3184,1163,3180
3184,528,1163
3185,2296,2300
3185,3180,2296
3185,3184,3180
3185,2300,3186
3187,3178,3177
3187,3188,3178
3189,3188,3187
3190,1177,2302
3191,3178,3188
3191,3179,3178
3191,3183,3179
3192,2305,2304
3192,3189,2305
3193,1172,533
3193,2304,1172
3193,3192,2304
3194,2295,2310
3194,2297,2295
3194,3195,2303
3194,2303,2297
3196,3183,3191
3196,2312,1178
3197,2300,2299
3197,3198,3186
3197,2303,3195
3197,2299,2303
3197,2324,3198
3197,3186,2300
3199,3193,533
3199,533,2316
3200,2309,2314
3200,2307,2309
3201,2307,3200
3201,3200,2314
3201,2314,2318
3201,2318,2319
3202,3203,3204
3202,2321,3205
3202,1182,2321
3206,2310,2307
3206,2307,3201
3206,3201,2319
3206,2319,2326
3207,1182,3202
3208,1187,3205
3208,3205,2321
3208,2321,2320
3208,1188,1187
3208,2320,1188
3209,3195,3210
3209,3197,3195
3209,2324,3197
3209,2322,2324
3211,1180,1176
3211,2313,2315
3211,2315,2328
3211,1176,2313
3212,1180,3211
3212,2317,1180
3212,3211,2328
3212,3213,2317
3214,3209,3210
3214,3210,2326
3214,2322,3209
3215,2325,2318
3215,2317,3213
3215,2318,2317
3216,3213,2329
3216,3215,3213
3216,2325,3215
3216,2329,2325
3217,3214,2326
3218,1191,2322
3218,2338,1191
3218,1206,2338
3218,3217,1206
3219,3213,3212
3219,2328,2327
3219,2327,2331
3219,2331,2339
3219,3212,2328
3220,2329,3213
3221,3213,3219
3221,2344,3220
3221,3220,3213
3221,2339,2344
3221,3219,2339
3222,1191,2338
3222,2338,2337
3222,1190,1191
3223,1195,2329
3223,3220,2344
3223,2344,2343
3223,2329,3220
3224,2337,2340
3224,2340,1200
3224,3222,2337
3224,1200,1190
3224,1190,3222
3225,2368,1224
3225,246,244
3225,244,1186
3225,1224,246
3226,1197,1195
3226,1195,3223
3226,3223,2343
3227,2350,1197
3227,3226,2343
3227,1197,3226
3228,1217,2341
3228,2341,1185
3228,1185,2335
3229,1211,2353
3229,2353,2349
3229,2339,1211
3229,2342,2339
3229,2349,2342
3230,1217,3228
3230,1218,1217
3230,2335,1204
3230,2356,1218
3230,1204,2356
3230,3228,2335
3231,2358,2363
3231,2356,1203
3231,1203,2358
3232,2356,3231
3232,3231,2363
3232,2364,2356
3232,2363,2373
3233,2365,2364
3233,3232,2373
3233,2373,2375
3233,2375,2365
3233,2364,3232
3234,3235,2373
3234,2363,2359
3234,2359,2371
3234,2373,2363
3234,2371,3235
3236,2368,2367
3236,1224,2368
3236,2367,2372
3236,3237,2384
3236,2372,3237
3236,2384,2378
3236,2378,1224
3238,2375,2374
3238,2365,2375
3238,2377,2365
3239,2376,2382
3239,2371,2376
3240,3239,2385
3240,2371,3239
3240,2385,2387
3240,3235,2371
3241,3237,2372
3241,2372,2377
3242,2384,3237
3242,3241,1248
3242,2392,2384
3242,3237,3241
3242,2395,2392
3243,2374,2373
3243,2373,3235
3243,3240,2387
3243,3235,3240
3243,2387,2388
3243,2388,2374
3244,2377,3238
3244,1249,1248
3244,1246,1249
3245,2383,2381
3245,2382,2383
3245,2405,2382
3246,3239,2382
3246,2385,3239
3246,2386,2385
3246,2382,2405
3246,2405,2386
3247,2416,2417
3247,2417,2381
3247,2406,2416
3247,2380,2406
3247,2381,2380
3248,3242,1248
3248,2395,3242
3248,1248,1245
3249,2381,2417
3249,3245,2381
3249,2405,3245
3249,2404,2405
3250,1245,2418
3250,2418,1257
3250,1257,1256
3250,2395,3248
3250,1256,2395
3250,3248,1245
3251,1245,1247
3251,2413,2414
3251,2398,2413
3251,2419,1245
3251,1247,2398
3251,2414,2419
3252,2417,1261
3252,3249,2417
3252,2404,3249
3252,2407,2404
3252,1261,2407
3253,2400,2436
3253,1243,1244
3253,1244,2400
3254,1251,1250
3254,2423,2425
3254,1250,2422
3254,2400,1251
3254,2422,2423
3254,2437,2400
3254,2425,2437
3255,1266,1268
3255,2402,2412
3255,2412,2429
3255,2429,1266
3255,1268,2402
3256,3257,1263
3256,1254,1243
3256,1263,1254
3256,1243,3253
3256,3253,2436
3256,2436,3257
3258,1265,2438
3258,2438,2441
3259,2425,2424
3259,2439,2437
3259,2437,2425
3260,1274,1273
3260,2428,1274
3260,1273,2456
3260,2430,2429
3260,2429,2428
3260,2456,2430
3261,3262,3263
3261,2443,3262
3261,2441,2443
3261,3258,2441
3264,2450,3257
3264,2452,2450
3264,2435,2439
3264,2462,2454
3264,2453,2452
3264,2454,2453
3264,2436,2435
3264,2439,3265
3264,3265,2462
3264,3257,2436
3266,3259,2424
3267,3257,2450
3267,1263,3257
3267,2450,2449
3267,2449,1272
3267,1272,1263
3268,3263,3262
3268,3262,2443
3269,2443,2442
3269,3268,2443
3269,2442,2457
3270,3268,3269
3271,1277,3272
3271,3272,2459
3271,2456,2455
3271,2455,1277
3273,3272,1277
3273,1277,1279
3273,2458,2459
3273,2459,3272
3274,3275,3276
3277,550,548
3277,548,2461
3278,3273,1279
3278,2470,2460
3278,2458,3273
3278,1279,2470
3278,2460,2458
3279,550,3277
3279,3280,2483
3279,553,550
3279,2483,553
3281,2448,2447
3281,2447,2469
3281,2468,2448
3282,3280,3274
3283,2468,3281
3283,2473,2476
3284,2465,2464
3284,2468,3283
3284,2478,3285
3284,2479,2477
3284,2476,2480
3284,3283,2476
3284,2480,2479
3284,3285,2465
3284,2464,2468
3284,2477,2478
3286,1287,1286
3286,1279,1287
3286,2469,2470
3286,2470,1279
3287,2471,2472
3287,2483,3280
3287,3280,3282
3287,2484,2483
3287,2485,2484
3287,2472,2485
3288,2466,539
3288,2467,2466
3289,549,2489
3289,542,544
3289,2489,3290
3289,544,545
3289,545,547
3289,547,549
3291,1301,2491
3291,2494,1305
3291,2482,2494
3291,2491,552
3291,552,553
3291,1303,1301
3291,2483,2482
3291,1305,1303
3291,553,2483
3292,542,3289
3292,1290,541
3292,541,542
3292,3289,3290
3292,2497,1290
3293,2481,2486
3293,2487,2488
3293,2486,2487
3293,2488,2495
3293,2495,3294
3295,2481,3293
3295,3293,3294
3296,2490,2492
3296,3290,2489
3296,2489,2490
3297,2481,3295
3298,2494,1293
3298,1293,1292
3298,3299,2502
3300,2494,3298
3300,3298,2502
3300,1308,2494
3301,2481,3297
3302,2502,2501
3302,3300,2502
3302,2501,1308
3302,1308,3300
3303,3290,3296
3304,3305,2467
3304,2503,3305
3304,2467,1297
3304,1297,1296
3304,1298,2498
3304,1296,1298
3304,2498,2503
3306,2504,2498
3306,2498,2497
3306,3307,2504
3306,3303,3307
3308,3309,3299
3308,3299,3301
3310,2496,1316
3310,2495,2496
3310,3294,2495
3311,2463,2467
3311,2517,267
3311,267,2463
3312,1318,1307
3312,2514,1318
3312,2500,2515
3312,1308,2501
3312,1307,1308
3312,2515,2514
3312,2501,2500
3313,3299,3309
3313,2502,3299
3314,2502,3313
3314,2515,2500
3314,2500,2502
3314,3313,3309
3315,2510,2511
3315,3310,1316
3315,1316,2510
3316,2499,2512
3316,2504,3307
3316,3307,3317
3316,3317,2499
3318,3308,3319
3318,2505,2507
3318,2507,2508
3318,3309,3308
3318,2508,3309
3318,2511,2505
3318,3319,2511
3320,2517,3311
3320,3321,2527
3320,3311,3321
3322,3316,2512
3322,2504,3316
3322,2521,2534
3322,2512,2521
3323,3322,2534
3323,2504,3322
3324,2504,3323
3324,3323,2534
3325,3324,3326
3327,2503,3325
3327,2527,3305
3327,3305,2503
3327,3325,3326
3328,2517,3320
3328,2516,2517
3328,3320,2527
3328,2527,2526
3328,2530,2516
3328,2526,2530
3329,2513,2515
3329,2515,3314
3329,2508,2509
3329,3309,2508
3329,3314,3309
3330,2528,2527
3330,3327,3326
3330,2527,3327
3331,2513,3329
3331,2519,2513
3331,3329,2509
3332,2514,2518
3332,2518,2519
3332,2525,2514
3333,3324,2534
3333,3326,3324
3333,2534,2533
3334,2520,2522
3334,2521,2520
3334,2533,2521
3335,3336,2519
3335,2519,3331
3335,3331,2509
3335,2509,2535
3337,1321,2516
3337,1323,1321
3337,2516,2529
3338,3333,2533
3338,2533,3339
3338,3326,3333
3338,3339,2538
3340,3326,3338
3340,3338,2538
3340,2538,2537
3341,3340,2537
3341,3330,3326
3341,3326,3340
3341,2528,3330
3341,2537,3342
3343,2530,2531
3344,3343,1324
3344,1324,1323
3344,2529,2530
3344,1323,3337
3344,3337,2529
3344,2530,3343
3345,2525,3332
3345,3346,3347
3348,2532,1319
3348,2535,2532
3349,3334,3347
3349,2533,3334
3350,1324,3343
3350,3343,2531
3350,3342,1324
3351,3339,2533
3351,2533,3349
3352,2535,3348
3353,3342,2537
3353,2537,2536
3354,3355,3346
3354,3336,3356
3357,3346,3355
3357,3347,3346
3358,3352,3359
3358,3356,3336
3360,3361,2536
3360,2536,2538
3362,3339,3351
3363,3355,3364
3363,3364,3365
3363,3357,3355
3366,3358,3359
3366,3356,3358
3367,2540,3368
3367,3368,2546
3367,2546,1321
3367,2539,2540
3367,1321,2539
3369,3365,2551
3369,3362,3365
3370,2536,3361
3371,3366,3359
3372,2536,3370
3373,3369,2551
3373,2551,2550
3374,3373,2550
3374,2550,3375
3374,3370,3361
3374,3361,3373
3376,3368,2540
3376,2540,2544
3377,3368,3376
3377,3378,2552
3377,3376,3378
3379,2546,3368
3379,1327,2546
3379,2552,1325
3379,3377,2552
3379,1325,1327
3379,3368,3377
3380,2542,2541
3380,3381,3382
3383,3384,2564
3383,2549,2551
3385,3382,3386
3385,2542,3380
3385,3380,3382
3387,2548,1336
3387,3388,2548
3387,2562,2564
3387,1336,2562
3389,3383,2564
3389,2549,3383
3390,3378,2543
3391,2550,2549
3391,3392,3393
3394,3386,3395
3394,3395,2559
3394,2542,3385
3394,3385,3386
3396,3375,3397
3396,3395,3386
3398,2559,2558
3398,2542,3394
3398,3394,2559
3399,2564,2563
3399,3389,2564
3399,2549,3389
3400,2561,2573
3400,3378,3390
3400,2558,2561
3400,3390,2558
3401,2556,1330
3401,2555,2556
3401,1330,1331
3401,1331,1326
3401,1326,2555
3402,2553,2552
3402,3400,2573
3402,2552,3378
3402,2573,2565
3402,3378,3400
3402,2565,2553
3403,2556,2555
3403,2554,2553
3403,2555,2554
3403,2553,2566
3403,2567,2556
3403,2566,2567
3404,2563,3405
3404,3399,2563
3406,3404,3405
3407,3395,3396
3407,3396,3397
3407,3397,3393
3408,3393,3392
3409,3410,2581
3409,3411,3410
3409,2559,3411
3409,2557,2559
3412,3407,3393
3413,2571,2561
3413,2557,3409
3413,3409,2581
3413,2560,2557
3413,2581,2571
3413,2561,2560
3414,3392,3406
3414,3408,3392
3415,2563,2562
3415,3405,2563
3415,2562,1336
3416,3412,3393
3416,3393,3408
3417,3407,3412
3418,3410,3411
3419,2569,2579
3419,1335,2569
3420,2584,2586
3420,2570,2568
3420,2568,2584
3420,2586,2578
3420,2578,2570
3421,2578,2586
3421,2574,2578
3421,2575,2574
3422,3415,1336
3422,3405,3415
3423,2588,1335
3423,1335,3419
3424,2575,3421
3424,2579,2575
3424,3421,2586
3425,3410,3418
3426,3427,3428
3426,3410,3425
3429,2581,3410
3429,2593,2587
3429,2587,2581
3429,3410,3426
3429,3426,3428
3429,3428,2593
3430,2579,3424
3431,2583,2582
3431,2582,2572
3431,2590,2583
3431,2572,2587
3431,2587,2594
3431,2594,2590
3432,3433,3430
3432,3434,2601
3432,3430,3434
3435,3428,2605
3435,2593,3428
3436,2601,3434
3436,2602,2601
3436,3437,2602
3438,2598,2588
3439,2595,2593
3439,2593,3435
3439,2608,2595
3439,2604,2608
3439,2605,2604
3439,3435,2605
3440,2606,2605
3440,3428,3427
3440,2605,3428
3441,1340,1339
3441,2591,1340
3441,3437,2591
3441,2602,3437
3442,2598,3438
3442,3438,3443
3442,2603,2598
3442,3443,2610
3442,2610,2603
3444,3432,2601
3445,2621,2620
3445,3446,3447
3445,1336,560
3445,3422,1336
3445,2620,3446
3445,560,2621
3448,3449,2600
3448,2602,3441
3448,2600,2602
3450,1343,2603
3450,2603,2609
3451,3448,3441
3452,2618,2617
3452,3453,2618
3454,3452,2617
3454,2617,3455
3454,3443,3452
3456,2606,3446
3456,2620,2622
3456,3446,2620
3457,3454,3455
3457,3443,3454
3457,2610,3443
3458,2606,3456
3458,3456,2622
3458,2604,2606
3459,2604,3458
3460,3461,2609
3460,3457,3455
3460,2610,3457
3460,2609,2610
3462,2616,2618
3462,3463,2616
3462,3449,3464
3462,3464,3463
3465,1348,2612
3465,2623,1348
3465,2611,2623
3465,2612,2611
3466,3467,3468
3466,555,1343
3466,3468,558
3466,558,555
3466,1343,2615
3469,3460,3455
3469,3461,3460
3470,2636,2624
3470,3471,2619
3470,2619,2636
3472,2614,3461
3472,2625,2614
3472,2630,2625
3473,2627,2626
3473,3469,2627
3473,2626,2630
3473,3461,3469
3473,2630,3472
3473,3472,3461
3474,2616,3463
3474,3463,3475
3476,2631,3477
3476,2632,2631
3476,3477,3474
3476,3474,3475
3478,2628,2627
3478,3474,3477
3479,2615,2625
3479,2629,2635
3479,2625,2629
3480,2633,2632
3480,2640,2633
3481,2615,3479
3481,2635,2638
3481,3479,2635
3482,2615,3481
3482,3481,2638
3482,2638,2642
3483,2628,3478
3483,3477,2648
3483,3478,3477
3484,3483,2648
3484,2628,3483
3485,1347,1349
3485,1349,2636
3485,2636,2643
3485,2643,2645
3486,3485,2645
3486,2639,1347
3486,1347,3485
3486,2645,2639
3487,2634,2626
3487,2626,2628
3488,2633,2640
3489,3488,3490
3489,2633,3488
3489,2631,2633
3491,3489,3490
3491,2631,3489
3491,3477,2631
3491,2648,3477
3492,2646,2653
3492,2655,2654
3492,2653,2655
3492,2658,2646
3492,3484,2648
3492,2654,2656
3492,2628,3484
3492,2647,2658
3492,2657,3487
3492,2648,2647
3492,3487,2628
3492,2656,2657
3493,3487,2657
3493,2652,2661
3493,2657,2652
3493,2661,2634
3493,2634,3487
3494,2642,2641
3495,2649,2648
3495,3491,3490
3495,2648,3491
3496,2661,2660
3496,2634,2661
3496,2637,2634
3497,2641,2637
3497,3496,2660
3497,2637,3496
3497,2660,2663
3497,2663,3498
3499,3494,2641
3499,2641,3500
3501,3497,3498
3500,2641,3497
3500,3497,3501
3502,3494,3499
3503,2651,2650
3503,3490,3488
3503,3488,2651
3504,2643,1374
3504,2645,2643
3505,2644,2645
3505,3504,1374
3505,2650,2644
3505,2645,3504
3506,3490,3503
3506,3503,2650
3506,2650,3507
3506,3507,2675
3508,3490,3506
3508,3506,2675
3509,2649,3495
3509,2675,2674
3509,3495,3490
3509,3508,2675
3509,3490,3508
3510,2649,3509
3510,3509,2674
3511,3505,1374
3511,2650,3505
3511,1374,2672
3512,2658,2647
3512,2647,2649
3512,2665,2658
3512,2649,3510
3512,3513,2665
3512,3510,2674
3512,3514,3513
3512,3515,3514
3512,2674,3516
3512,3516,3515
3517,2662,2666
3518,2660,2659
3518,2659,3519
3519,2659,2662
3519,2662,3517
2664,2660,3518
3520,2669,3507
3520,2650,3511
3520,3507,2650
3520,2672,2669
3520,3511,2672
3521,2669,2671
3521,2671,3522
3521,3507,2669
3521,2675,3507
3523,2675,3521
3523,3524,3525
3523,3522,3524
3523,3521,3522
3523,3526,2673
3523,3525,3526
3523,2673,2675
3527,2676,3528
3527,3516,2674
3527,2674,2676
3529,2673,3526
3529,2676,2673
3530,3528,3531
3530,3527,3528
3532,3528,2676
3532,3529,3526
3532,2676,3529
3533,1360,1363
3533,1363,3534
3534,1363,1365
3534,1365,3535
3536,1357,1358
3536,1358,3537
3537,1358,1360
3537,1360,3533
2668,1357,3536
3535,1365,1367
3538,3530,3531
3538,3539,3540
3538,3541,3539
3538,3542,3541
3538,2680,3530
3538,3543,3542
3538,3531,3544
3538,3544,3543
3538,3540,2681
3538,2681,2680
3545,3528,3532
3545,3531,3528
3546,3545,3532
3547,3546,3532
3548,3547,3532
3549,3525,3524
3549,3532,3526
3549,3548,3532
3549,3526,3525
3550,2670,2682
3551,3550,2682
3552,3551,2682
3552,2682,3553
3554,3551,3552
3555,2682,2684
3553,2682,3555
3556,2716,1479
3556,686,690
3556,690,692
3556,1479,686
3556,692,2716
3557,1485,2726
3557,2726,2730
3558,1486,2727
3558,2727,2733
3558,1484,1486
3558,1483,1484
3558,1491,1483
3558,2733,1491
3559,1498,2728
3559,2730,1498
3559,2728,1486
3559,1485,3557
3559,3557,2730
3559,1486,1485
3560,1498,1500
3560,2728,1498
3560,2734,2727
3560,1500,2734
3560,2727,2728
3561,1499,1498
3561,1498,2730
3561,2741,1499
3561,2730,2740
3561,2740,2741
3562,2736,1509
3562,1509,697
3562,697,704
3562,704,2736
3563,1532,2758
3563,2752,1532
3564,1565,710
3564,2762,1565
3565,2808,2805
3565,1691,780
3565,2805,1691
3565,779,1698
3565,1698,2808
3565,780,779
3566,1716,783
3566,776,2832
3566,791,1716
3566,2832,791
3566,783,776
3567,1778,2840
3567,1737,1754
3567,2840,1737
3567,2843,2848
3567,2848,1778
3567,1754,2843
3568,2841,1769
3568,2843,2841
3568,803,1783
3568,1769,803
3568,1783,2843
3569,804,806
3569,1785,1784
3569,1784,804
3570,2863,1806
3570,2858,2863
3570,1806,1790
3570,1789,2858
3570,1790,1789
3571,806,1810
3571,1810,801
3571,801,2856
3571,3569,806
3571,2856,3569
3572,1793,2864
3572,1803,1793
3573,2864,2865
3573,3572,2864
3573,2865,1811
3573,1808,1803
3573,1803,3572
3573,1811,1808
3574,1807,1815
3574,2864,1807
3574,1815,1819
3575,1823,2859
3575,2866,1824
3575,1812,2866
3575,1824,1823
3575,2859,1812
3576,1819,1826
3576,1826,2864
3576,3574,1819
3576,2864,3574
3577,813,1805
3577,2876,815
3577,1805,2871
3577,2871,2876
3577,815,813
3578,2870,1834
3578,1844,2871
3578,1834,1845
3578,2871,2870
3578,1845,1844
3579,2875,808
3579,808,1835
3579,1835,2881
3580,1836,2874
3580,1837,1836
3580,2880,2882
3580,2874,1831
3580,2882,1837
3580,1831,2880
3581,3579,2881
3581,2878,2875
3581,2881,2878
3581,2875,3579
3582,1842,2876
3582,2876,1844
3582,1844,1843
3582,1855,1842
3582,1843,1855
3583,1847,1851
3583,2880,1840
3583,1840,1833
3583,1858,2880
3583,1833,1847
3583,1851,1858
3584,2878,2885
3584,2885,2889
3584,2879,2878
3585,2881,1837
3585,1837,2883
3585,2890,2885
3585,2883,2890
3585,2885,2881
3586,2884,2879
3586,2879,3584
3586,3584,2889
3586,2894,2888
3586,2888,2884
3586,2889,2894
3587,1851,2898
3587,1857,1851
3587,2893,1857
3587,1882,2893
3587,2900,1882
3587,2898,2900
3588,1886,2909
3588,2909,2913
3589,1902,1891
3589,1908,1902
3589,2913,1908
3589,3588,2913
3590,2913,1901
3590,1901,857
3591,857,858
3591,3590,857
3591,848,2913
3591,2913,3590
3591,858,848
3592,2943,2942
3592,2942,1951
3592,2936,2943
3592,2925,2936
3593,419,2943
3593,1960,419
3593,2936,1958
3593,2943,2936
3593,1958,1960
3594,2948,1961
3594,894,893
3594,893,2948
3594,1961,2940
3594,885,884
3594,884,894
3594,2940,885
3595,1965,2946
3595,2946,2945
3595,2953,1965
3595,899,2953
3595,413,899
3595,2945,416
3595,416,413
3596,2947,896
3596,2950,2947
3596,896,898
3596,898,2954
3597,2949,1969
3597,1978,2952
3597,2952,2949
3597,1969,1978
3598,2950,3596
3598,2954,1977
3598,1977,2950
3598,3596,2954
3599,2968,2955
3599,2954,1971
3599,2955,2954
3599,907,2968
3599,1971,907
3600,1982,1987
3600,2960,1982
3601,3600,1987
3601,2962,2960
3601,1987,1994
3601,2960,3600
3602,1994,1993
3602,1993,2962
3602,3601,1994
3602,2962,3601
3603,1994,1987
3603,1987,2974
3603,2974,2977
3604,1992,1994
3604,2977,1992
3604,1994,3603
3604,3603,2977
3605,2993,2998
3605,2980,2993
3606,443,442
3606,2991,939
3607,2995,2990
3607,2990,2999
3607,3000,2995
3608,958,957
3608,2998,3004
3608,3009,958
3608,3004,3009
3608,3605,2998
3608,945,3605
3609,3006,3011
3609,3011,3015
3609,3012,3005
3609,3005,3006
3609,3015,3012
3610,3007,2051
3610,3008,3007
3610,2051,2050
3610,2050,2052
3610,2052,3008
3611,3029,3028
3611,3014,3029
3611,3021,3014
3611,3028,3027
3611,3027,3021
3612,3053,3056
3612,2108,3050
3612,3056,2107
3612,3050,3053
3612,2107,2108
3613,2111,2117
3613,3053,2111
3613,2117,3055
3613,3055,3053
3614,2107,3056
3614,989,2107
3614,3056,3058
3615,461,997
3615,3057,461
3615,986,2113
3615,997,986
3615,2113,3057
3616,3614,3058
3616,989,3614
3616,992,989
3616,1021,992
3616,3060,1021
3616,3058,3060
3617,1017,1016
3617,1020,1017
3617,1016,3059
3617,1021,1020
3617,3059,1021
3618,1029,1022
3618,3060,2123
3618,2123,1029
3618,1022,3060
3619,1058,3077
3619,1062,1058
3619,2142,1062
3620,3619,3077
3620,2142,3619
3620,3080,2148
3620,2148,2142
3620,3077,3080
3621,471,3078
3621,3078,3081
3621,457,468
3621,484,457
3621,468,471
3622,484,3621
3622,3621,3081
3622,1076,484
3622,3087,1076
3622,3081,3087
3623,1073,2149
3623,487,1073
3623,2159,487
3623,2164,3088
3623,2149,2164
3623,3088,2159
3624,1086,489
3624,493,3095
3624,489,493
3624,1101,1100
3624,3095,1101
3624,1100,1086
3625,1092,3097
3625,3103,1092
3625,3097,3098
3625,3098,3099
3625,3099,3103
3626,3096,1091
3626,1092,3103
3626,3100,3096
3626,3103,3100
3626,1091,1092
3627,2210,2214
3627,2203,3109
3627,3106,3111
3627,2214,2203
3627,3109,3106
3627,3111,2210
3628,1125,1126
3628,3118,1134
3628,2200,3118
3628,1134,1125
3628,2205,2200
3628,1126,2205
3629,2211,1144
3629,3120,2211
3629,1143,3120
3629,1144,1143
3630,1146,1141
3630,1141,3131
3630,3131,3129
3630,3129,1146
3631,1147,2224
3631,2242,1147
3631,2224,2225
3631,2225,3130
3631,3136,2242
3631,3130,3136
3632,3126,3125
3632,2238,2241
3632,3125,2238
3632,3132,3126
3632,2241,2246
3632,2246,3132
3633,3128,3129
3633,3129,2254
3634,2253,2266
3634,2254,2253
3634,2266,3133
3634,3128,3633
3634,3633,2254
3634,3133,3128
3635,2244,2243
3635,2243,3138
3635,3139,2252
3636,3635,3138
3636,3139,3635
3636,3138,3144
3637,3144,3147
3637,3147,3140
3637,3139,3636
3637,3140,3139
3637,3636,3144
3638,3147,3161
3638,3140,3147
3638,3141,3140
3639,3142,3143
3639,3143,3149
3639,3156,2272
3639,3640,3159
3639,3159,3156
3639,2272,3142
3639,3149,3640
3641,2260,2270
3641,2278,2276
3641,3155,2281
3641,2270,2271
3641,2281,2278
3641,2271,3155
3642,3161,3160
3642,3638,3161
3643,3161,3147
3643,3146,3145
3643,3147,3146
3644,3148,2260
3644,2260,3641
3644,3641,2276
3644,3150,3148
3644,2276,3150
3645,3153,3152
3645,3642,3160
3645,3160,3153
3646,3161,3643
3646,3173,3162
3646,3162,3161
3646,3165,3171
3646,3145,3165
3646,3171,3173
3646,3643,3145
3647,3154,3166
3647,3149,3151
3647,3151,3154
3647,3159,3640
3647,3166,3159
3647,3640,3149
3648,3164,3169
3648,3154,3164
3648,3169,3649
3648,3175,3154
3648,3649,3177
3648,3177,3175
3650,3167,3181
3650,3168,3167
3650,3181,3182
3651,245,519
3651,519,528
3652,3189,3187
3652,2305,3189
3652,3172,2305
3652,3169,3172
3652,3649,3169
3652,3177,3649
3652,3187,3177
3653,3168,3650
3653,3650,3182
3653,3176,3168
3654,2298,2305
3654,2305,3172
3654,3170,2291
3654,3172,3170
3654,2291,2298
3655,3176,3653
3655,1171,3176
3655,3190,2302
3655,2302,1171
3656,245,3651
3656,1184,245
3657,1187,1184
3657,3656,3651
3657,1184,3656
3658,1177,3190
3658,3190,3183
3658,1178,1177
3658,3196,1178
3658,3183,3196
3659,3192,3193
3659,3189,3192
3659,3193,3199
3659,3188,3189
3660,3191,3188
3660,3659,3199
3660,3188,3659
3660,3196,3191
3661,3199,2316
3661,3196,3660
3661,3660,3199
3661,2316,2312
3661,2312,3196
3662,3204,3186
3662,3186,3198
3662,3207,3202
3662,3202,3204
3663,2326,3210
3663,3206,2326
3663,3195,3194
3663,3194,2310
3663,3210,3195
3663,2310,3206
3664,1183,1182
3664,1191,1183
3664,1182,3207
3664,3662,3198
3664,3207,3662
3664,3198,2324
3664,2324,2323
3664,2323,1191
3665,3214,3217
3665,3218,2322
3665,2322,3214
3665,3217,3218
3666,2333,1206
3666,2326,1193
3666,1206,3217
3666,1193,2333
3666,3217,2326
3667,2368,3225
3667,1186,2341
3667,3225,1186
3668,2349,2353
3668,2343,2349
3668,2350,3227
3668,2351,2350
3668,2353,2351
3668,3227,2343
3669,2377,3244
3669,3241,2377
3669,1248,3241
3669,3244,1248
3670,2390,2397
3670,1246,3244
3670,3244,3238
3670,2374,2388
3670,2388,2390
3670,2397,1246
3670,3238,2374
3671,2421,1255
3671,1265,3258
3671,1262,1265
3671,1255,1262
3672,3263,2424
3672,2424,2421
3672,2421,3671
3672,3671,3258
3672,3258,3261
3672,3261,3263
3673,3265,2439
3673,3259,3266
3673,2439,3259
3674,2459,2445
3674,2445,2444
3674,2456,3271
3674,2444,2430
3674,3271,2459
3674,2430,2456
3675,3268,3270
3675,3270,3676
3675,2424,3263
3675,3263,3268
3675,3266,2424
3675,3676,3266
3677,3673,3266
3677,3676,3276
3677,3266,3676
3677,3265,3673
3678,3276,3275
3678,3677,3276
3678,3265,3677
3679,2462,3265
3679,3678,3275
3679,3265,3678
3679,2461,2462
3680,3270,3269
3680,3269,2457
3680,2457,2465
3680,2465,3285
3681,3676,3270
3681,3270,3680
3681,3276,3676
3681,3680,3285
3682,3681,3285
3682,3276,3681
3683,3679,3275
3683,3275,3274
3683,2461,3679
3683,3279,3277
3683,3277,2461
3683,3280,3279
3683,3274,3280
3684,3682,3285
3684,3276,3682
3684,3282,3274
3684,3274,3276
3685,3282,3684
3685,3285,2478
3685,3684,3285
3685,2478,2471
3685,3287,3282
3685,2471,3287
3686,3286,1286
3686,1286,2473
3686,3281,2469
3686,3283,3281
3686,2473,3283
3686,2469,3286
3687,539,538
3687,3288,539
3687,2467,3288
3687,1297,2467
3687,538,1290
3687,1290,1297
3688,2481,3301
3688,3298,1292
3688,1292,1295
3688,3299,3298
3688,1295,2481
3688,3301,3299
3689,3290,3303
3689,3292,3290
3689,2497,3292
3689,3306,2497
3689,3303,3306
3690,3295,3294
3690,3297,3295
3691,3319,3308
3691,3308,3301
3691,3690,3319
3691,3297,3690
3691,3301,3297
3692,1300,1309
3692,3303,3296
3692,3296,2492
3692,2492,1300
3692,3307,3303
3692,3317,3307
3692,2499,3317
3692,1309,2499
3693,3294,3310
3693,3310,3315
3693,3690,3294
3693,3319,3690
3694,3311,2467
3694,2467,3305
3694,2527,3321
3694,3305,2527
3694,3321,3311
3695,3315,2511
3695,3319,3693
3695,3693,3315
3695,2511,3319
3696,2504,3324
3696,2503,2504
3696,3325,2503
3696,3324,3325
3697,2526,2528
3697,2528,3341
3698,3342,3350
3698,2526,3697
3698,2531,2526
3698,3697,3341
3698,3341,3342
3698,3350,2531
3699,3347,3334
3699,2522,2523
3699,2525,3345
3699,2523,2524
3699,2524,2525
3699,3345,3347
3699,3334,2522
3700,2519,3336
3700,3332,2519
3701,3354,3346
3701,3336,3354
3701,3332,3700
3701,3700,3336
3701,3345,3332
3701,3346,3345
3702,2535,3352
3702,3335,2535
3702,3336,3335
3703,3702,3352
3703,3358,3336
3703,3336,3702
3703,3352,3358
3704,3351,3349
3704,3362,3351
3704,3347,3357
3704,3363,3365
3704,3357,3363
3704,3365,3362
3704,3349,3347
3705,3362,3369
3705,3339,3362
3706,3353,2536
3706,2536,3372
3706,3342,3353
3707,3359,3352
3707,3352,3348
3707,1319,1320
3707,1320,3359
3707,3348,1319
3708,3360,3705
3708,3369,3373
3708,3373,3361
3708,3705,3369
3708,3361,3360
3709,3354,3356
3709,3366,3371
3709,3356,3366
3710,3354,3709
3710,3711,3355
3710,3371,3712
3710,3712,3711
3710,3709,3371
3710,3355,3354
3713,3364,3355
3713,3355,3711
3713,3384,3364
3714,3372,3381
3714,3706,3372
3715,3365,3364
3715,3364,3384
3716,3380,2541
3716,3381,3380
3716,3714,3381
3717,3372,3370
3717,3374,3375
3717,3370,3374
3718,2548,3388
3718,3712,3371
3718,1320,2548
3718,3359,1320
3718,3371,3359
3719,3718,3388
3719,3712,3718
3719,3711,3712
3719,3388,3387
3719,3387,3711
3720,3375,3396
3720,3381,3372
3720,3382,3381
3720,3372,3717
3720,3717,3375
3721,2551,3365
3721,3365,3715
3721,3384,3383
3721,3383,2551
3721,3715,3384
3722,3376,2544
3722,2543,3378
3722,3378,3376
3722,2544,2543
3723,2564,3384
3723,3387,2564
3723,3711,3387
3723,3713,3711
3723,3384,3713
3724,3375,2550
3724,3397,3375
3724,3393,3397
3724,2550,3391
3724,3391,3393
3725,3382,3720
3725,3396,3386
3725,3720,3396
3725,3386,3382
3726,2542,3398
3726,2543,2542
3726,3398,2558
3726,3390,2543
3726,2558,3390
3727,2549,3399
3727,3399,3404
3727,3406,3392
3727,3404,3406
3727,3391,2549
3727,3392,3391
3728,3407,3417
3728,3395,3407
3729,3418,3411
3729,3411,2559
3729,3728,3417
3729,3395,3728
3729,3417,3418
3729,2559,3395
3730,3406,3405
3730,3414,3406
3730,3731,3414
3730,3422,3731
3730,3405,3422
3732,3414,3731
3732,3408,3414
3732,3416,3408
3732,3731,3733
3734,3412,3416
3734,3416,3732
3734,3732,3733
3734,3417,3412
3734,3418,3417
3734,3425,3418
3735,3419,2579
3735,3430,3433
3735,3423,3419
3735,2579,3430
3736,3735,3433
3736,3423,3735
3736,2588,3423
3737,3424,2586
3737,3430,3424
3738,3436,3434
3738,3437,3436
3738,3737,3437
3738,3430,3737
3738,3434,3430
3739,3733,3731
3740,3447,3739
3740,3445,3447
3740,3422,3445
3740,3739,3731
3740,3731,3422
3741,3739,3447
3741,3447,3446
3741,3733,3739
3742,3446,2606
3742,2606,3440
3742,3741,3446
3742,3440,3427
3743,3443,3438
3743,3432,3444
3743,3444,3453
3743,3452,3443
3743,3453,3452
3744,2600,3449
3744,3462,2618
3744,3449,3462
3744,3444,2601
3744,3453,3444
3744,2601,2600
3744,2618,3453
3745,1339,1341
3745,1341,1342
3745,3441,1339
3746,2604,3459
3746,2608,2604
3747,3461,2614
3747,2609,3461
3747,2614,1343
3747,3450,2609
3747,1343,3450
3748,3745,1342
3749,3459,3471
3749,3746,3459
3750,2622,2619
3750,3459,3458
3750,3458,2622
3750,2619,3471
3750,3471,3459
3751,2624,2611
3752,3463,3464
3752,3475,3463
3752,3476,3475
3752,3464,3753
3752,2632,3476
3754,3478,2627
3754,2616,3474
3754,3474,3478
3755,3466,2615
3756,3466,3755
3756,3757,3758
3756,3758,3759
3756,3759,3467
3756,3467,3466
3760,2640,2639
3760,2644,2651
3760,2639,2644
3760,3488,2640
3760,2651,3488
3761,3516,3527
3761,3527,3530
3761,1364,2665
3761,2665,3513
3761,3513,3514
3761,3514,3515
3761,3515,3516
3762,3530,2680
3762,1364,3761
3762,1365,1364
3762,3761,3530
3762,1368,1365
3762,2678,1368
3762,2680,2678
3763,3524,3522
3763,3522,2671
3763,2671,2670
3763,3549,3524
3763,2670,3550
3764,3763,3550
3764,3549,3763
3544,3531,3765
3765,3531,3766
3767,3547,3548
3767,3545,3546
3767,3531,3545
3767,3549,3764
3767,3546,3547
3767,3548,3549
3768,3531,3767
3768,3767,3769
3766,3531,3768
3770,3563,3564
3770,2752,3563
3770,3564,710
3770,710,1541
3770,1536,2752
3770,1541,1536
3771,3563,2758
3771,2758,1559
3771,1559,2762
3771,2762,3564
3771,3564,3563
3772,1782,1777
3772,1777,1785
3772,1785,3569
3772,2856,1782
3772,3569,2856
3773,1886,3588
3773,1891,1877
3773,3588,3589
3773,1877,1886
3773,3589,1891
3774,1949,2925
3774,2925,3592
3774,1951,1949
3774,3592,1951
3775,940,2979
3775,2979,2980
3775,945,940
3775,2980,3605
3775,3605,945
3776,2018,2991
3776,2991,3606
3776,442,946
3776,946,938
3776,3606,442
3776,938,2018
3777,945,3608
3777,3608,957
3777,939,945
3777,3606,939
3778,3777,957
3778,3606,3777
3778,957,443
3778,443,3606
3779,3010,3006
3779,2999,2040
3779,3006,3000
3779,2040,3010
3779,3000,3607
3779,3607,2999
3780,2244,3635
3780,3131,1148
3780,1148,2244
3780,2254,3131
3780,3635,2252
3780,2252,2254
3781,2269,2265
3781,3141,3638
3781,3152,2269
3781,3638,3642
3781,2265,3141
3781,3645,3152
3781,3642,3645
3782,3651,528
3782,528,3184
3783,3183,3190
3783,3190,3655
3783,3653,3182
3783,3655,3653
3783,3182,3183
3784,3651,3782
3784,3657,3651
3785,3205,1187
3785,1187,3657
3785,3657,3784
3786,2341,1217
3786,3667,2341
3786,1217,1216
3786,1216,2368
3786,2368,3667
3787,3705,3360
3787,3360,2538
3787,3339,3705
3787,2538,3339
3788,3342,3706
3788,1324,3342
3789,1324,3788
3789,1322,1324
3789,3706,3714
3789,3788,3706
3790,3716,2541
3790,2541,1322
3790,3789,3714
3790,3714,3716
3790,1322,3789
3791,3425,3734
3791,3734,3733
3791,3733,3741
3792,3741,3742
3792,3742,3427
3792,3425,3791
3792,3427,3426
3792,3426,3425
3792,3791,3741
3793,2586,2585
3793,2585,2591
3793,3437,3737
3793,2591,3437
3793,3737,2586
3794,3743,3438
3794,3438,2588
3794,2588,3736
3794,3736,3433
3794,3433,3432
3794,3432,3743
3795,3441,3745
3795,3745,3748
3795,3451,3441
3796,2607,2608
3796,2608,3746
3796,3746,3749
3797,3798,3753
3797,3799,3798
3797,3795,3748
3797,3451,3795
3797,3748,3799
3800,2611,2607
3800,3796,3749
3800,3749,3751
3800,2607,3796
3800,3751,2611
3801,3451,3797
3801,3464,3449
3801,3448,3451
3801,3797,3753
3801,3449,3448
3801,3753,3464
3802,1342,2613
3802,3748,1342
3802,3799,3748
3803,3455,2617
3803,3754,2627
3803,2616,3754
3803,2627,3469
3803,3469,3455
3803,2617,2616
3804,2624,3751
3804,3751,3749
3804,3749,3471
3804,3470,2624
3804,3471,3470
3805,2613,1348
3805,3799,3802
3805,3802,2613
3806,3480,2632
3806,3753,3798
3806,3798,3799
3806,2632,3752
3806,3752,3753
3807,2640,3480
3807,3480,3806
3807,3808,2640
3809,2615,3482
3809,3755,2615
3810,3755,3809
3810,3811,3757
3810,3757,3756
3810,3756,3755
3812,3550,3551
3812,3551,3554
3812,3554,3813
3812,3764,3550
3812,3814,3769
3812,3769,3767
3812,3767,3764
3812,3813,3815
3812,3815,3814
3816,3186,3204
3816,3782,3184
3816,3185,3186
3816,3184,3185
3817,3204,3203
3817,3782,3816
3817,3784,3782
3817,3816,3204
3818,3784,3817
3818,3817,3203
3818,3785,3784
3819,3203,3202
3819,3202,3205
3819,3818,3203
3819,3785,3818
3819,3205,3785
3820,3799,3805
3820,3806,3799
3820,3805,3808
3820,3807,3806
3820,3808,3807
3821,3805,1348
3821,1348,1347
3821,3808,3805
3821,1347,2640
3821,2640,3808
3822,3482,2642
3822,3810,3809
3822,3809,3482
3822,2642,3494
3822,3823,3811
3822,3811,3810
3822,3494,3502
3822,3502,3823
