vertex,flat_x_mm,flat_y_mm,source_x_mm,source_y_mm,source_z_mm,u,v
0,125.07121503342893,171.930506712692,-214.33216622235733,260.7199005310694,-487.4239705616381,0.337649405246121,0.33333333333333337
1,152.4500449939565,169.29100379198485,-207.2266036645788,286.802997803188,-492.4867102095386,0.2004583937679594,0.3545321637426506
2,147.6883856336945,196.99182742632252,-230.68534290899413,288.3720224509791,-477.0516417057137,0.21070521470949047,0.2722953216374147
3,56.8424440514967,172.87149692573615,-219.61287261742697,266.13322474251686,-496.00002701720587,0.690488045191056,0.33333333333333337
4,39.69009200672642,196.99421819379995,-236.18719484982395,288.2501984901737,-485.40113692410273,0.7892949783460701,0.2722953216374216
5,34.926897209814854,169.29262430289845,-212.72848519387344,286.68117318722415,-500.83625033077163,0.7995417570313182,0.35453216374267366
6,120.89919395626033,253.88700828318522,-281.92288592577904,274.96416431256426,-443.0934364920171,0.33635443540854715,0.09502923976608245
7,121.41615846681191,253.97559927652557,-281.9019648045393,275.4876728222576,-443.1148561978781,0.3332502377571583,0.09502923976608245
8,113.59742904734784,263.63250099450084,-291.1808213993371,270.0140502947466,-436.92081363221934,0.37764671187718474,0.06335282651072166
9,120.72223271798671,253.85680690820652,-281.93004660133766,274.7849838752081,-443.08610525782865,0.33741690442382494,0.09502923976608245
10,120.57431503796796,253.83156515820627,-281.93603204641454,274.63521140120105,-443.0799772832121,0.33830499592484614,0.09502923976608245
11,120.42639744133847,253.80632606325577,-281.9420175035146,274.4854389357817,-443.07384932774164,0.3391930874258673,0.09502923976608245
12,120.2466779832976,253.77566334956535,-281.94928984850475,274.30346540074,-443.0664038851169,0.3402721185996079,0.09502923976608245
13,120.06695909500594,253.74500413870746,-281.9565622076898,274.1214918758482,-443.0589584650977,0.34135114977334857,0.09502923976608245
14,119.86727228426226,253.71094253533272,-281.96464262105786,273.91929908062843,-443.0506857989193,0.3425500732997271,0.09502923976608245
15,119.66758653049901,253.67688528189262,-281.9727230468618,273.7171062943207,-443.0424131525473,0.3437489968261056,0.09502923976608245
16,119.4878706616669,253.6462365824377,-281.9799954385045,273.5351327926893,-443.03496778422266,0.34482802799984624,0.09502923976608245
17,119.3081778811563,253.61546401065104,-281.9872678360984,273.35315929534556,-443.0275224253787,0.3459070591735869,0.09502923976608245
18,119.12853655130463,253.58442418614777,-281.99454023769107,273.1711858009009,-443.020077072907,0.3469860903473275,0.09502923976608245
19,118.950615386032,253.55413639278396,-282.00173996126546,272.99103094252155,-443.012706132164,0.3480543377341025,0.09502923976608245
20,118.75292520526096,253.52048791996228,-282.0097396541739,272.7908588777536,-443.00451619808825,0.34924127927496357,0.09502923976608245
21,118.55523575174524,253.48684057058492,-282.01773934462096,272.5906868113022,-442.9963262601003,0.35042822081582464,0.09502923976608245
22,118.357547217673,253.45319402251567,-282.0257390300078,272.3905147413194,-442.9881363140628,0.3516151623566857,0.09502923976608245
23,118.15985979878451,253.41954799021767,-282.0337387077357,272.19034266595713,-442.9799463558382,0.3528021038975468,0.09502923976608245
24,117.98194493643956,253.38925133812012,-282.0409384089946,272.01018779200416,-442.9725753795964,0.35387035128432176,0.09502923976608245
25,117.79692509485892,253.35512689902217,-282.0484439104228,271.82238073827244,-442.9648912999661,0.35498397303516827,0.09502923976608245
26,111.6932117516095,263.3053457635488,-291.2578869631522,268.08539522743223,-436.8418864560298,0.38934160836432924,0.06335282651072166
27,111.44834147582345,263.26365465388835,-291.2677936901854,267.8374529396913,-436.8317388992266,0.3908450676494199,0.06335282651072166
28,112.642348324175,263.46694109000106,-291.2194860951618,269.0464455724618,-436.88121739452833,0.3835140363939309,0.06335282651072166
29,112.39500940968679,263.42483218064075,-291.22949336322097,268.79600074188016,-436.8709682517995,0.3850326728606771,0.06335282651072166
30,111.92636439491217,263.34504266775326,-291.2484541370751,268.32147342408723,-436.851548240297,0.3879100893239854,0.06335282651072166
31,113.15004000080002,263.5533691948655,-291.1989444710652,269.5605162523175,-436.9022544870402,0.38039683522534684,0.06335282651072166
32,112.90270376061623,263.5112642534055,-291.20895199246405,269.31007160910065,-436.89200574839083,0.38191547169209294,0.06335282651072166
33,112.16068731775115,263.3849380289146,-291.2389738115587,268.5587371283941,-436.8612583439982,0.3864713810923313,0.06335282651072166
34,111.1905360498586,263.2200460166657,-291.2782216623539,267.57646093841845,-436.82105700281545,0.392427656370568,0.06335282651072166
35,113.38435478208753,263.5932694764772,-291.1894635550234,269.79777951989934,-436.91196364884865,0.37895812699369263,0.06335282651072166
36,134.48172301621446,198.39838051482687,-234.21862989017848,275.81824075460474,-474.54022687608017,0.2798527181579967,0.2616959064327491
37,142.94526217293443,224.6953570389662,-254.14408032594798,289.941047139237,-461.61657042856604,0.22205603106987248,0.19005847953216481
38,129.25126678175297,197.504182019567,-234.43032513484948,270.5205132512758,-474.3234373305572,0.3079901685951732,0.2616959064327491
39,124.02098130546942,196.60679318647408,-234.64202818236058,265.2227906386247,-474.1066601411762,0.3361276190323498,0.2616959064327491
40,123.52574475765121,196.52172611613724,-234.66207443027494,264.7211610512355,-474.086134836476,0.3387918935354133,0.2616959064327491
41,69.53362240228375,253.36385893762986,-287.5482932851642,271.7482812734601,-451.3161943004582,0.6452994507657775,0.09502923976608338
42,76.25430405038117,263.2082670261149,-296.7825809880588,267.38873422191455,-445.16766380173055,0.607173259815704,0.06335282651072228
43,76.03386938583336,263.2456444502181,-296.7736649753661,267.6118715314585,-445.17679557342296,0.6085263102429823,0.06335282651072228
44,75.81346559214984,263.2832035120518,-296.7647489846347,267.83500885349105,-445.18592737976223,0.6098793606702609,0.06335282651072228
45,75.59306247655115,263.32076545686783,-296.755833014578,268.0581461872624,-445.1950592187168,0.6112324110975395,0.06335282651072228
46,75.3726598664741,263.35832780996355,-296.7469170639093,268.2812835320228,-445.20419108825496,0.6125854615248181,0.06335282651072228
47,75.1522579689798,263.39589021431726,-296.738001131342,268.5044208870224,-445.213322986345,0.6139385119520965,0.06335282651072228
48,74.93185699557367,263.4334522595053,-296.7290852155895,268.72755825151137,-445.2224549109553,0.615291562379375,0.06335282651072228
49,74.71145716269797,263.47101352905344,-296.72016931536524,268.95069562474004,-445.23158686005434,0.6166446128066535,0.06335282651072228
50,74.49105871633654,263.5085737906456,-296.71125342938257,269.17383300595856,-445.2407188316103,0.6179976632339321,0.06335282651072228
51,74.27066186098864,263.5461325996572,-296.70233755635485,269.39697039441705,-445.24985082359154,0.6193507136612104,0.06335282651072228
52,74.05027315006924,263.583726829071,-296.6934216949955,269.6201077893659,-445.2589828339665,0.620703764088489,0.06335282651072228
53,73.83058695654285,263.6252146720868,-296.68450584401785,269.84324519005514,-445.26811486070346,0.6220568145157676,0.06335282651072228
54,69.36524049212633,253.3961639057191,-287.541454994264,271.9194211961667,-451.3231981614254,0.6463142385862365,0.09502923976608338
55,69.19622678891102,253.42498936580995,-287.5346166969859,272.09056111446904,-451.3302020122517,0.6473290264066954,0.09502923976608338
56,69.0272053944322,253.45377796732592,-287.5277783928823,272.2617010280835,-451.33720585222767,0.6483438142271543,0.09502923976608338
57,68.85818306802341,253.48256960489613,-287.5209400815052,272.43284093672645,-451.34420968064404,0.6493586020476132,0.09502923976608338
58,68.68915909807421,253.51136038967303,-287.514101762407,272.60398084011433,-451.3512134967913,0.650373389868072,0.09502923976608338
59,68.52013492511651,253.54015917116635,-287.50726343513986,272.7751207379635,-451.3582172999601,0.6513881776885309,0.09502923976608338
60,68.35117360553312,253.56933394925977,-287.5004250992559,272.9462606299904,-451.36522108944104,0.6524029655089898,0.09502923976608338
61,68.1821773137261,253.59833957914475,-287.49358675430744,273.1174005159113,-451.3722248645247,0.6534177533294487,0.09502923976608338
62,68.013151951492,253.62718456243834,-287.4867483998466,273.2885403954427,-451.3792286245017,0.6544325411499076,0.09502923976608338
63,67.84412486133934,253.6560279458592,-287.4799100354257,273.4596802683009,-451.3862323686627,0.6554473289703664,0.09502923976608338
64,67.67509719994257,253.68487590362335,-287.4730716605968,273.63082013420234,-451.39323609629827,0.6564621167908253,0.09502923976608338
65,67.50606835799604,253.7137240183381,-287.46623327491227,273.80195999286343,-451.400239806699,0.6574769046112843,0.09502923976608338
66,67.3370400987362,253.74258180589686,-287.4593948779242,273.9730998440005,-451.40724349915547,0.6584916924317432,0.09502923976608338
67,67.16800780965102,253.77142091761658,-287.45255646918486,274.14423968733,-451.4142471729583,0.6595064802522019,0.09502923976608338
68,66.99898331019088,253.80031033489843,-287.4457180482464,274.31537952256826,-451.4212508273982,0.660521268072661,0.09502923976608338
69,66.82994781964805,253.82913700081275,-287.4388796146611,274.4865193494317,-451.42825446176556,0.6615360558931198,0.09502923976608338
70,66.66103748177082,253.8586901679393,-287.4320411679825,274.6576591676376,-451.43525807535326,0.6625508437135785,0.09502923976608338
71,113.71716342605883,186.55461387471314,-228.30320171215055,252.93290859637762,-478.1042773115594,0.3931087118662912,0.28557504873294387
72,114.14388432436581,170.05358978879633,-214.77453484858574,249.64952157959297,-486.9709575295871,0.393924306120474,0.33333333333333337
73,122.0400862470806,196.2662637904216,-234.72221362129594,263.2162725783046,-474.0245596315633,0.34678471704460323,0.2616959064327491
74,120.71619281155823,196.0394509649405,-234.7757980564585,261.87540884070773,-473.96969593195394,0.35390636628976974,0.2616959064327491
75,136.92785581747557,141.7590474866547,-187.58796424878196,265.5021097740457,-505.1165965262793,0.2883069550542755,0.4261695906432313
76,142.6946803153275,142.7552239392534,-187.35449131737548,271.34503748452704,-505.355708971629,0.26016950461709903,0.4261695906432313
77,131.1607501996592,140.76491199874724,-187.82144175409135,259.6591844527218,-504.87749127534914,0.31644440549145203,0.4261695906432313
78,65.33766529128641,196.26600190751313,-240.22405384023784,263.09441315289155,-482.37403342958737,0.6532154006824626,0.26169590643275004
79,73.66085112772748,186.55547098993486,-233.80506158423722,252.81102784716418,-486.4537788113901,0.6068913666184198,0.2855750487329445
80,66.66171802563318,196.04007823904107,-240.27763430057325,261.7535450657846,-482.3191632467758,0.6460937514372962,0.26169590643275004
81,64.34748447725835,196.43747602404557,-240.18396405251033,264.0976751606894,-482.4150884428262,0.6585439496885892,0.26169590643275004
82,62.30629778399984,171.9317735895051,-219.83405606763313,260.59802990178076,-495.77351864433837,0.662350594753879,0.33333333333333337
83,75.92131526004391,224.72048258941234,-265.3322794520684,259.13725728296913,-465.771317509551,0.6016140666739631,0.1744639376218334
84,63.357236778291934,196.60842999014463,-240.14387435269074,265.1009369924344,-482.4561435717738,0.6638724986947152,0.26169590643275004
85,44.432031763807004,224.6980418358082,-259.64590515313404,289.81922377879,-469.96602449985096,0.7779442043842584,0.19005847953216667
86,52.89700184164508,198.40164703457617,-239.72048713727895,275.6963984175301,-482.88972829109053,0.7201473995690687,0.26169590643275004
87,141.04529697999823,84.6374305137212,-140.2710965165538,256.6614190176466,-536.1666483087777,0.2883069550542755,0.592836257309898
88,147.35703591898954,85.7316590493283,-140.01555282902106,263.0568143931499,-536.4283769977943,0.26016950461709903,0.592836257309898
89,162.01685381679724,113.88286052492788,-160.30912568901277,283.66494849624115,-523.35684799611,0.18268960398807702,0.5190058479531292
90,134.73245071321884,83.54772687605453,-140.5266441381513,250.26602521388972,-535.9049257586432,0.31644440549145203,0.592836257309898
91,131.38631581633894,57.34334596059301,-119.77583817212805,241.10087642708118,-549.4447528954562,0.337649405246121,0.6666666666666667
92,169.03632899227267,32.408090993005885,-92.60928628177001,272.1517969224908,-567.7991646399938,0.1901394021454456,0.7573099415204484
93,174.7747190725924,18.586828144344224,-80.30050389126815,274.6182796099087,-575.9459672008894,0.17367427505708788,0.8000000000000008
94,178.41598294414706,19.217401590819804,-80.15324535852227,278.3037650542854,-576.0968002197932,0.1588630638750276,0.8000000000000008
95,171.60114949952367,58.47409244870204,-113.3916564700898,280.52689899540064,-554.2269990716115,0.1678144019116137,0.683479532163657
96,44.68370198892816,142.75533038908674,-192.8564309364691,271.22319208459515,-513.7053352667236,0.7398305335815031,0.4261695906432584
97,56.21773272611148,140.76778133400683,-193.3233958699304,259.53733568395137,-513.2271392605782,0.6835556327071497,0.4261695906432584
98,41.80099715069568,143.25646664326004,-192.7396885572891,274.1446565456407,-513.8248825635017,0.7538992588000916,0.4261695906432584
99,25.363539069245235,113.88255587038233,-165.81106454649455,283.5431226108954,-531.706475117419,0.8173104724091271,0.5190058479531835
100,155.3369442402136,30.030386877142973,-93.16393051764346,258.27060947537353,-567.2310641007725,0.24641430301979916,0.7573099415204484
101,157.6033976024466,61.88181208059967,-118.71454751148154,267.66138872382345,-550.5317294497622,0.225099603497414,0.6666666666666667
102,148.4873890348241,28.842765103866896,-93.44125404236684,251.33001567166207,-566.9470159610904,0.27455175345697563,0.7573099415204484
103,52.644327715760284,83.55204347655561,-146.02871011529206,250.1441913210918,-544.2547452662096,0.6835556327071497,0.5928362573099251
104,49.42830980199031,58.48187029631356,-125.0126195363197,247.6191658347726,-558.0663738892109,0.690488045191056,0.6666666666666667
105,55.9829328583983,57.34930305930919,-125.27796298154495,240.97903791768562,-557.7946613487654,0.662350594753879,0.6666666666666667
106,40.02024830816285,85.73742476713699,-145.51758659126304,262.93498144001603,-544.7781476397146,0.7398305335815031,0.5928362573099251
107,29.766281137261927,61.888913074462494,-124.2165852478046,267.53955263763004,-558.8815058131075,0.774900396502586,0.6666666666666667
108,36.86411212727697,86.2805588364748,-145.389803892362,266.1326795654544,-544.9089955307569,0.7538992588000916,0.5928362573099251
109,15.76918480437132,58.47959164089241,-118.89363768803804,280.405072172094,-562.5766904782794,0.8321856214473868,0.6834795321637159
110,32.02935285039425,30.03613732199267,-98.66603063278222,258.1487774332197,-575.5809356804053,0.7535856941237284,0.7573099415204646
111,45.728430330981894,27.66324567231152,-99.22073498038321,244.26759074084555,-575.0129265775058,0.697310793249375,0.7573099415204646
112,28.604401123267564,30.629217704778114,-98.52735245726005,261.6190746299105,-575.7229348350055,0.7676544193423169,0.7573099415204646
113,143.22664483738674,279.6765998430156,-298.94424533167086,302.4626483587588,-432.2784816491871,0.1888233559385922,0.031676413255360865
114,171.46035218627392,295.4802230778722,-306.763980069786,333.501972811172,-427.57847551186103,-3.46493938994784e-16,6.914862368707715e-17
115,102.37283822739803,283.6962179823994,-309.56046167337104,263.5240469390541,-424.71518029837205,0.4444444444444441,8.70374376620698e-17
116,165.25061362678144,277.93875377337986,-293.5717513012236,323.543970776123,-436.1261437387002,0.055514007767467864,0.04751461988304126
117,158.42713994611682,260.29238019790336,-280.4043658274586,312.9644869057698,-444.6483940061965,0.11102801553493608,0.09502923976608245
118,150.99253651152924,242.5445970497664,-267.2618123678449,301.7635142489003,-453.14520846307494,0.16654202330240428,0.14254385964912364
119,182.37640897329217,231.40501493489208,-252.54826969229,329.875781572053,-463.250698394109,1.1136477529748839e-15,0.19005847953216332
120,170.0948015036123,245.79598264840274,-266.48872930856317,321.1093871511151,-453.93682124494603,0.05551400776746859,0.1425438596491229
121,104.90348118081687,273.1386758396163,-300.4950732842941,263.65396242226933,-430.69045395585107,0.4295985704999303,0.03167641325536087
122,110.19310685004805,263.050496858114,-291.31856720586063,266.5666520478303,-436.7797251840691,0.39855087252303584,0.06335282651072166
123,110.4300794306908,263.09067184513407,-291.30898322202773,266.8065338255122,-436.7895438799789,0.39709629309795486,0.06335282651072166
124,110.67498494617742,263.1323170905616,-291.2990770948976,267.05447655739954,-436.7996923936815,0.3955928338128642,0.06335282651072166
125,103.07004257840939,276.4894465878098,-303.55701563561814,262.60676714941957,-428.65766297801764,0.44074708550981406,0.021117608836907276
126,110.93277007176522,263.17615412058706,-291.2886494627909,267.3154688101846,-436.8103748324957,0.39401024509171606,0.06335282651072166
127,104.71294635213772,273.10479805934534,-300.5027996607633,263.4607203352125,-430.6825530808447,0.43079749402630874,0.03167641325536087
128,104.5221136338213,273.07255101468434,-300.51052650393353,263.267478600752,-430.67465295098697,0.4319964175526872,0.03167641325536087
129,104.35035471846406,273.0435233107769,-300.517481077076,263.09356135277784,-430.6675434955858,0.4330754487264279,0.03167641325536087
130,104.17858818092617,273.01449490098673,-300.5244360566614,262.91964441195177,-430.6604346891312,0.43415447990016853,0.03167641325536087
131,104.0068163489399,272.98546606922264,-300.5313914561494,262.74572778847937,-430.65332655311704,0.4352335110739092,0.03167641325536087
132,103.83675803236159,272.9567268944168,-300.5382777705442,262.57354960222045,-430.6462901370067,0.4363017584606842,0.03167641325536087
133,103.64780287851482,272.9247935355675,-300.5459297450238,262.3822408949555,-430.638472717639,0.43748870000154527,0.03167641325536087
134,103.45884826695466,272.892857843734,-300.55358227791714,262.19093260985136,-430.6306561898792,0.4386756415424063,0.03167641325536087
135,103.26999986116044,272.86030819337896,-300.56123538713945,261.9996247604919,-430.6228405823361,0.4398625830832674,0.03167641325536087
136,103.08115701343222,272.8279180839571,-300.56888909060604,261.80831736046105,-430.6150259236188,0.4410495246241285,0.03167641325536087
137,102.81787782381605,276.44503852168555,-303.56724485636806,262.3511048116221,-428.64722078995567,0.44234565021165206,0.021117608836907276
138,102.91128413808421,272.7983807341101,-300.57577794661165,261.6361410958362,-430.6079935656646,0.4421177720109034,0.03167641325536087
139,102.73408176178641,272.7683074725152,-300.5829599523533,261.45665196458503,-430.60066337004133,0.4432313937617499,0.03167641325536087
140,102.57811046007899,276.40414509094364,-303.576963673442,262.10822640270106,-428.6373024008472,0.44386428667839817,0.021117608836907276
141,102.55973047558516,272.73862347238736,-300.5900286776541,261.2800081553189,-430.59345024315536,0.44432736460784544,0.03167641325536087
142,102.35096537587326,276.3654758777192,-303.5861719586729,261.87813182429824,-428.62790760590195,0.4453029949100524,0.021117608836907276
143,102.3803636191037,272.7081423520369,-300.5973016176381,261.09827628663595,-430.58603027094904,0.44545490663057763,0.03167641325536087
144,102.21893668789649,272.68074558662784,-300.603847786811,260.9347180005568,-430.5793531313469,0.44646969445103646,0.03167641325536087
145,102.12385986078665,276.3266780296651,-303.5953812345251,261.6480380067556,-428.6185143938764,0.4467417031417065,0.021117608836907276
146,131.87426174418903,239.27768088259637,-268.0354504548266,282.40314583864784,-452.3529657158859,0.27765313441351536,0.14254385964912364
147,108.0538264059606,247.07877371302274,-278.67370748651547,260.9321325762814,-445.02972634875044,0.41419755556069904,0.10834957764782363
148,85.0601033949039,272.6979909819602,-306.101393655436,260.91479244459373,-438.9326621389613,0.5541635141655668,0.031676413255361184
149,85.16163143316041,276.34292874862297,-309.09317232898854,261.6219230710135,-436.9715669335456,0.5538577460989286,0.021117608836907494
150,84.94802489534354,276.379259745989,-309.0845230326451,261.8383268243043,-436.9804195820002,0.5552107965262071,0.021117608836907494
151,85.2215705854187,272.67067005411883,-306.1079310289565,260.7512273125816,-438.92597093555355,0.5531487263451078,0.031676413255361184
152,84.89863163263985,272.7252886573701,-306.0948563308005,261.0783576037213,-438.9393534194222,0.5551783019860257,0.031676413255361184
153,84.73716604148998,272.75264395951604,-306.08831905440996,261.24192278960845,-438.9460447759276,0.5561930898064845,0.031676413255361184
154,84.73439277076767,276.41549564830393,-309.07587382651974,262.0547306272033,-436.9892723726137,0.5565638469534856,0.021117608836907494
155,84.57570585500835,272.78007222455807,-306.0817818256245,261.40548800189924,-438.9527362074685,0.5572078776269433,0.031676413255361184
156,84.52077306480655,276.4518518720424,-309.06722470901747,262.2711344788315,-436.9981253028728,0.5579168973807641,0.021117608836907494
157,84.41430644325547,272.80792118401945,-306.07524464380407,261.5690532402378,-438.9594277130361,0.5582226654474023,0.031676413255361184
158,84.30730581281927,276.4891053752766,-309.05857567854343,262.4875383783103,-437.0069783702641,0.5592699478080426,0.021117608836907494
159,84.25282140065366,272.8353941667751,-306.06870750830876,261.7326185042682,-438.96611929162174,0.5592374532678612,0.031676413255361184
160,84.09129899316991,272.8628134791136,-306.0621704184986,261.89618379363446,-438.9728109422164,0.5602522410883201,0.031676413255361184
161,83.92981628919063,272.8906506889619,-306.05563337373366,262.0597491079808,-438.97950266381145,0.5612670289087789,0.031676413255361184
162,83.76824512885719,272.91796794594165,-306.04909637337386,262.22331444695124,-438.98619445539794,0.5622818167292378,0.031676413255361184
163,83.60667487493001,272.94528382756306,-306.04255941677934,262.38687981018984,-438.9928863159671,0.5632966045496968,0.03167641325536119
164,83.44510690965492,272.9726002576511,-306.0360225033101,262.5504451973407,-438.99957824451013,0.5643113923701556,0.03167641325536119
165,83.28354251001792,272.9999174026799,-306.0294856323262,262.714010608048,-439.0062702400182,0.5653261801906144,0.03167641325536119
166,83.12198308875776,273.0272352185461,-306.0229488031876,262.87757604195576,-439.01296230148245,0.5663409680110734,0.03167641325536119
167,82.96043017874572,273.05455344296513,-306.01641201525445,263.04114149870804,-439.01965442789407,0.5673557558315323,0.03167641325536119
168,82.79888542593264,273.08187159180693,-306.0098752678867,263.204706977949,-439.0263466182443,0.5683705436519911,0.03167641325536119
169,82.63735000495947,273.10918548567355,-306.0033385604444,263.3682724793227,-439.03303887152435,0.56938533147245,0.03167641325536119
170,82.47615986168228,273.138401466821,-305.9968018922875,263.5318380024732,-439.0397311867253,0.5704001192929089,0.03167641325536119
171,76.69513714221156,263.1332119838368,-296.80041308447437,266.94245964329156,-445.14940037041305,0.6044671589611469,0.06335282651072228
172,76.91556494748843,263.09570162325514,-296.8093291707705,266.7193223757121,-445.14026871485123,0.6031141085338684,0.06335282651072228
173,76.47471357314228,263.1707142910621,-296.79149702399934,267.16559692560895,-445.1585320667167,0.6058202093884254,0.06335282651072228
174,77.13589031543134,263.05756126942634,-296.8182452841744,266.4961851236204,-445.13113710206295,0.60176105810659,0.06335282651072228
175,106.9321818893301,239.0789070007266,-272.3537725084553,258.05267336477823,-449.15219595859355,0.4220208970795307,0.1308479532163746
176,103.12070979778231,243.92308122321694,-276.9892382946503,255.41739580725513,-446.059473546534,0.4438043468234645,0.1150097465886942
177,108.40273915795257,234.28544779978392,-268.1808572634428,258.4168481589863,-451.9072092321897,0.4142055588952431,0.14538661468486067
178,111.42227334001718,224.71382206656546,-259.83183899542985,259.225526441139,-457.42055655806536,0.3985748825266679,0.17446393762183277
179,120.10413486090827,211.068402891507,-247.14039267923067,264.6403015191542,-465.8624909597006,0.35328252556092055,0.21807992202729093
180,103.44771754052269,224.7030276986613,-261.2577029006853,251.45065591608412,-456.3677595499057,0.44381635182528056,0.17056530214424975
181,86.71042990409845,237.53130038719198,-277.63070441623404,251.48744534727533,-457.36531699356766,0.5411950382139755,0.13222871994801857
182,84.27852278376417,243.91920159037758,-282.49167613239507,255.27614076083785,-454.40788399890727,0.5560828462320144,0.11500974658869449
183,84.19309140868233,243.93518798016328,-282.4882087163024,255.3629047132368,-454.4114339390901,0.5565902401422438,0.11500974658869449
184,79.26206657177471,247.08727439655038,-284.1730368834698,260.87109115880816,-453.3815664621612,0.586159977016755,0.10834957764782412
185,106.71622503233195,211.95896598818578,-250.27890664399678,251.79202506349014,-463.60691744427373,0.4269138051722841,0.20890188434048115
186,80.38385495061038,239.0905461881166,-277.85291400102335,257.9965193144655,-457.5042473052156,0.5783594364718376,0.13084795321637505
187,58.58170224812491,271.71760193667274,-300.5487986032969,286.5045566910381,-442.9648983003976,0.7180647926175139,0.047514619883041745
188,86.31093144219332,283.4736949849852,-315.10531805538926,262.08050041575154,-432.9956777854869,0.5471574830428989,9.11716201527313e-17
189,51.119628435473544,289.4754598941461,-313.69039502132074,297.72996814984924,-434.4691135825389,0.7735787415214493,1.0028503764177096e-16
190,104.28087432793485,205.56589757499742,-245.50595250524393,247.98908614957705,-466.69667428778126,0.4410832664950922,0.2261208576998053
191,78.92050112027542,234.2963652772001,-273.6804292624494,258.35021152538195,-460.2588492885102,0.586110979872546,0.14538661468486117
192,40.35545941100517,274.8276829638805,-299.81120759581125,304.9633540919752,-443.7202790085191,0.8312754218567893,0.047514619883041745
193,15.922030105978365,295.4802230778722,-312.265851645233,333.38014841561096,-435.928000527329,0.9999999999999998,1.0939845513081062e-16
194,80.6197985306564,211.9657073891878,-255.7791028696182,251.7105569447196,-471.957998552746,0.5733082851567601,0.20890188434048154
195,83.14570426650263,205.558894713074,-251.009691879892,247.81767531566976,-475.04399742623156,0.5586480004879293,0.22612085769980558
196,86.09059556305922,211.93191469449295,-256.68432479307893,246.37283028461997,-471.17150016456446,0.5429051410512521,0.20630279402209264
197,83.05331414406098,205.5736511137464,-251.00595929519133,247.91108101567465,-475.0478195093241,0.5591553943981586,0.22612085769980558
198,106.5077612134566,177.030208420987,-221.83942059440318,243.76984759172043,-482.2298356558547,0.4323110574428126,0.30945419103313865
199,55.86592078150895,239.21679605746726,-273.55187866424944,281.9154794516797,-460.6874253743634,0.7202475240489185,0.14254385964912503
200,105.08149933076375,174.0224017021381,-219.6453350213377,241.70473796869206,-483.64556055238126,0.4400499569621931,0.31741390513320356
201,105.82620331912416,176.91343398099684,-221.86702646922507,243.0793890558817,-482.20160465430223,0.43587188206539584,0.30945419103313865
202,105.14481440744702,176.7959833730799,-221.89463680906812,242.3889330414625,-482.1733806951323,0.43943270668797907,0.30945419103313865
203,103.21625938168047,168.17707150571349,-215.2170245937807,238.57921145382593,-486.51813557410696,0.450199206994827,0.33333333333333337
204,104.46351664696041,176.6781725626874,-221.9222520668446,241.69847980372143,-482.14516449264266,0.44299353131056235,0.30945419103313865
205,103.60044842084409,173.7669246518439,-219.70536663026033,240.20399803297414,-483.58424355255585,0.4477523890500419,0.3174139051332035
206,103.78211982964014,176.56040302790342,-221.94987269546698,241.00802959791702,-482.11695676113067,0.4465543559331457,0.30945419103313865
207,102.68762480416301,173.60965614192082,-219.74724421849743,239.27902099249482,-483.55386359981287,0.4525001552134862,0.31741390513320356
208,102.18294623553496,167.99934397876729,-215.2844965592564,237.5329685689628,-486.5143276744788,0.455527756000954,0.33333333333333337
209,101.77740697958066,173.453705865419,-219.8251764526454,238.3590169718456,-483.57878609816515,0.4572479213769305,0.3174139051332035
210,149.18191005703363,127.7648056194765,-173.96008182255446,274.2947505935038,-514.2249010886655,0.23549827952117625,0.4725877192981803
211,146.2223308517699,127.25642688114507,-174.0798908990135,271.2963529233576,-514.1021941525872,0.2495670047397645,0.4725877192981803
212,22.1300385945282,277.93842306461676,-299.0736137865707,323.422149905427,-444.47565529707714,0.9444860510960644,0.04751461988304175
213,28.949987652600527,260.2914372817289,-285.9062085633385,312.84266275775957,-452.9978752155946,0.8889721021921291,0.09502923976608339
214,113.68844946888535,146.38239975223664,-195.5601018950162,243.8941149673995,-499.5481289710032,0.4002910597616791,0.4013157894736697
215,104.47852232393316,155.53598561227966,-204.68755686381624,236.9786133352671,-493.4329467535436,0.44487599359613755,0.3703703703703704
216,83.77927338575091,173.765962060863,-225.207165910114,240.082045851614,-491.9336457012017,0.5522476371115291,0.3174139051332037
217,84.69211245616759,173.60905376774755,-225.23915180815433,239.15730638621605,-491.88825621232905,0.5474998709480847,0.3174139051332037
218,83.5982106717905,176.56003517681123,-227.45167403094524,240.88608456236142,-490.4663627603694,0.5534456833092098,0.3094541910331389
219,36.383927158847115,242.54402089475235,-272.76363799007487,301.6416871111915,-461.4946633587244,0.8334581532881937,0.14254385964912503
220,5.0,231.40544757192225,-258.050141267737,329.75395717649195,-471.60022340957704,1.0000000000000004,0.19005847953216481
221,80.87192766958731,177.0294763737419,-227.341309341392,243.64795238778908,-490.57937957125773,0.5676889817995434,0.3094541910331389
222,105.13511222648434,149.22213489503133,-199.42213248569877,236.1957377022466,-496.8910740256641,0.4422143868967927,0.38888888888888895
223,82.63973777074321,173.9627219344698,-225.16102440839353,241.2367406511713,-491.98089674798723,0.5581738861973357,0.3174139051332037
224,82.91667108164162,176.67761234081786,-227.4240829864266,241.57655127056245,-490.4946171322058,0.5570065079317934,0.3094541910331389
225,82.23513816960894,176.7950733650141,-227.3964918523346,242.26701815010094,-490.52287138532296,0.560567332554377,0.3094541910331389
226,84.16202828882192,168.17565597561276,-220.71881799457913,238.45724410440158,-494.8675272457085,0.549800793005172,0.33333333333333337
227,81.55355833493175,176.91239225725923,-227.3689006351596,242.9574851921265,-490.55112552868536,0.5641281571769601,0.3094541910331389
228,113.42261116576597,134.53957653613966,-185.95441211342097,240.97816878797238,-505.83514750291624,0.40347443658228166,0.43530701754383794
229,116.5583525550016,125.43976649053741,-177.96904188653681,241.9882138549319,-511.11180485383125,0.38998249250079803,0.46308479532161556
230,109.49006879777403,126.37994928323934,-180.01292499509125,235.3130094079302,-509.66754405191534,0.4234898175582357,0.4568713450292252
231,17.281582507258463,245.79614878316625,-271.9905937709659,320.9875672372284,-462.2863359053745,0.9444860510960649,0.1425438596491241
232,70.5555041612555,154.40611359579597,-207.03572566576588,248.63157269398314,-504.03237496229116,0.6166782128561609,0.37975146198829585
233,159.2337577782943,72.05813114168629,-126.7134541876055,271.54530456648945,-545.3175948744117,0.2139919532643564,0.6381578947367774
234,117.6349934862335,96.69934133988406,-154.35048073476233,236.56968603695253,-526.5959621709416,0.38998249250079803,0.546418128654949
235,72.48983763644645,134.7954839077423,-191.3970291937356,242.34282114262464,-514.2457207022792,0.6036472317621862,0.4353070175438515
236,76.53024551180289,145.896193516718,-201.17670819606138,240.90387645685433,-507.7804481287313,0.5856984188431814,0.4013157894736788
237,114.46795676439433,86.51064699094152,-146.62031139210384,231.19218222576777,-531.6111674507341,0.4058483196640038,0.5741959064327269
238,109.9792477984105,94.31858187852617,-153.79873016848765,228.5753007367706,-526.8428101042239,0.4250724062793838,0.5494639376218179
239,72.40110323015949,125.16899645820709,-183.53509329489071,240.26416376145588,-519.3960011242064,0.6024602902213251,0.46308479532162916
240,77.94751332075674,126.36781839475958,-185.5174479423624,235.1297851056879,-518.0148572120474,0.576219803753291,0.4568713450292342
241,115.70817800567075,76.02723379798692,-137.85018713795066,230.03946235982357,-537.3733492692078,0.40187364848282736,0.6050194931773735
242,118.2787075458759,55.075438256104235,-120.30648016513373,227.8206206586301,-548.9012595847681,0.393924306120474,0.6666666666666667
243,66.08843768113394,111.2476172541341,-171.0439706916034,243.28204191130223,-527.6709732857604,0.6294920710499334,0.5063352826510611
244,105.7998850035825,65.77101997881869,-131.28919153977782,218.07779030649795,-541.5222072273638,0.4464585823172856,0.6296296296296297
245,106.10715067219985,72.25014967115405,-136.51568208764877,219.8342457615844,-538.1038745416786,0.4445882699785148,0.6111111111111112
246,105.17379180193494,52.80533283792559,-120.83719110196809,214.54039733743483,-548.3578743553351,0.450199206994827,0.6666666666666667
247,168.0972252052183,17.425997250677938,-80.57088859857721,267.851267657829,-575.6690183685644,0.2001779380495436,0.8000000000000008
248,129.71762188879626,41.32194713942613,-107.02226781141474,235.86145996668725,-557.7721564878291,0.3483067550073131,0.7119883040935575
249,141.6379944608608,27.659872561089173,-93.718580296006,244.38942242140266,-566.6629720251561,0.30268920389415216,0.7573099415204484
250,164.80127128799708,16.855515103301684,-80.70432497661633,264.511717303675,-575.5323433924259,0.2134297695457713,0.8000000000000008
251,164.0058231411122,16.717454864317688,-80.73653012579572,263.70571287127075,-575.4993569095037,0.21669734443521352,0.8000000000000008
252,41.15228065685372,127.2593368229405,-179.58185051621905,271.17451524089347,-522.4518516259229,0.7504330525581384,0.47258771929822097
253,160.70942904198853,16.148631374680292,-80.8699665569567,260.36616247956414,-575.3626820102842,0.22994917593144126,0.8000000000000008
254,160.31171293329294,16.079672691071494,-80.88606921323077,259.963160258708,-575.3461888924963,0.23158296337616235,0.8000000000000008
255,159.91400615158335,16.010988607943204,-80.90217202795803,259.5601580699877,-575.3296960187972,0.23321675082088344,0.8000000000000008
256,123.014551024908,40.16368104182277,-107.29359535555736,229.0711007562829,-557.4942672864389,0.37644420544448964,0.7119883040935575
257,71.3261363355567,86.78875103086932,-152.0584237060676,232.673375865504,-540.0267409518656,0.6012733486804641,0.5741959064327404
258,77.4622596138936,94.31236996319754,-159.3034885293229,228.38891823468308,-535.190160012192,0.5746372150321428,0.549463937621827
259,71.3976433037829,96.41778623794957,-159.91958300469722,234.7714541891624,-534.8772544282959,0.6024602902213251,0.5464181286549625
260,74.82991829340591,75.48303537426327,-143.4804550263995,226.71302408585217,-545.5922559751147,0.5841158301220334,0.6050194931773825
261,82.19401720306155,52.806766638267874,-126.33942744531561,214.4185120902351,-556.7079475702034,0.549800793005172,0.6666666666666667
262,85.56331919470023,65.0808093494999,-136.8575983456556,213.91530798103364,-549.5621091604916,0.5359785175506234,0.6296296296296297
263,85.99506843009974,71.43547727387673,-142.08523303160302,214.9298575908957,-546.0700983576255,0.5343959288294752,0.6111111111111112
264,115.04767499366203,24.741655972513456,-96.17360854223261,217.8313288007663,-564.657575287812,0.41169193823980565,0.7524366471734828
265,120.27849601143318,10.762104384577412,-83.83022786037665,219.76863722064562,-572.8194785419854,0.39243830386229495,0.795321637426891
266,101.8246616849296,23.294213432281254,-97.48392762220482,204.62372275229265,-563.7879885404502,0.4661933054126324,0.7500000000000002
267,102.5455987898983,33.06146259397994,-105.28535741721917,207.52965920395008,-558.629844597246,0.4626381222754063,0.7222222222222223
268,134.42048717796666,11.59035395489542,-81.93427831960034,233.72978880099063,-574.2725854741466,0.3351752367774298,0.8000000000000008
269,121.11658549488453,9.283529544767418,-82.4728499591015,220.2509306236338,-573.7209553311004,0.3893631610246947,0.8000000000000008
270,64.35172091373246,40.16453245765149,-112.7958176733514,228.9492542571535,-565.8443231237179,0.6235557931272735,0.7119883040935657
271,27.452585250150577,16.01383416582661,-86.40426996797697,259.4383280485336,-583.6795644980182,0.7667832449772991,0.8000000000000008
272,26.657154944827823,16.15161497129168,-86.37206132843893,260.2443324371214,-583.7125456717349,0.7700508198667706,0.8000000000000008
273,26.45828678002735,16.18605189674372,-86.3640090472796,260.4458335646707,-583.7207907839374,0.7708677135891385,0.8000000000000008
274,19.86697748584777,17.3275570511895,-86.09710039789235,267.12493487054877,-583.9940862452354,0.7973713765815795,0.8000000000000008
275,19.249761426364046,17.434580624880596,-86.07211596202927,267.75014485739126,-584.0196686722462,0.7999316889589547,0.8000000000000008
276,8.950384846067635,19.225302808989397,-85.65524131781314,278.18193790452665,-584.446513997572,0.8411369388881116,0.8000000000000008
277,173.58178020139613,254.6322653689063,-273.06932126437675,326.47681711654167,-449.67888067882853,0.027757003883734487,0.11878654970760229
278,137.83196499875817,259.52744604893155,-283.47826301955683,292.72295114598273,-442.32760153185575,0.2332382451760538,0.08711013645224225
279,97.11036217889739,280.4509746817569,-308.76868777792333,258.18820589071225,-427.35606190335557,0.47835270312863054,0.007039202945635819
280,97.39523169923517,282.9249498636634,-310.632101980302,258.9238216213946,-425.87626420114066,0.47642652748005465,8.832471111347262e-17
281,97.02346482460202,282.8840485580012,-310.7985368353684,258.67792884466775,-426.10422111016493,0.4788004105617768,8.842025950737906e-17
282,96.8813342595358,280.4269159751589,-308.87400070578184,258.04399757512857,-427.5014604192351,0.4798072825537116,0.007039202945635819
283,96.65135153159112,282.84662796005887,-310.97357246177404,258.453611831971,-426.34744297131334,0.48117429364349895,8.85158079012855e-17
284,96.64922424262352,280.40399710276756,-308.9838716074403,257.9064678910875,-427.65446518335796,0.48128034428500627,0.007039202945635819
285,97.52641738616289,279.2770641926839,-307.59040371803303,258.1997109531627,-427.7597640503038,0.4757549663303353,0.010558804418453683
286,97.69448999406343,279.29740724074543,-307.520102355588,258.3213435098879,-427.6652822624713,0.4746867189435603,0.010558804418453683
287,97.35107781893313,279.25657100724226,-307.66588869404177,258.0771940573806,-427.8620341531525,0.4768685880811819,0.010558804418453683
288,96.4154992733389,280.3824041669154,-309.09747162003805,257.7770532092932,-427.81396247668124,0.482762686197558,0.007039202945635819
289,96.27891820707781,282.8131152954708,-311.15625100586277,258.2522000955632,-426.60460915898705,0.4835481767252211,8.861135629519196e-17
290,97.17837297678085,279.2372787029962,-307.7422706115267,257.9610278910338,-427.9663130256531,0.4779645589272774,0.010558804418453683
291,96.19015199069872,280.3632184906204,-309.2095849900427,257.6612023620855,-427.9725791316932,0.48419090609301874,0.007039202945635819
292,95.94344668323504,282.7865982991559,-311.32640472411464,258.0916123859053,-426.846889630015,0.48568467149877104,8.869734984970776e-17
293,97.00057012389006,279.2182197515237,-307.8229180547554,257.8462285045993,-428.0772137090359,0.4790921009500094,0.010558804418453683
294,95.9765249903893,280.3465186110447,-309.3180123785804,257.5597292385437,-428.12705526177757,0.4855439565202972,0.007039202945635819
295,96.84045333774101,279.20165665600217,-307.89720574104246,257.7471211377801,-428.1800437858485,0.4801068887704683,0.010558804418453683
296,100.85271312096108,274.2810187620771,-302.18248835934776,259.9573260129532,-429.5892774239958,0.4549259739485083,0.026397011046134074
297,100.9112117932718,276.1216791339498,-303.6681823275743,260.42059318307594,-428.60438612685255,0.45442444763058526,0.021117608836907276
298,100.67392618994361,276.08191281018856,-303.69761776844416,260.1825472680182,-428.62492488968104,0.45592790691567603,0.021117608836907276
299,101.89605656733875,272.6260898117466,-300.61694165813816,260.60760258802026,-430.56600129989255,0.44849927009195417,0.03167641325536087
300,102.05750512678324,272.6533792576208,-300.61039446324577,260.7711600981886,-430.57267680170185,0.4474844822714953,0.03167641325536087
301,101.73459185106428,272.5988246103953,-300.6234893826842,260.444045478541,-430.559326643798,0.44951405791241306,0.03167641325536087
302,101.89789817746008,276.28836915267186,-303.6045455065644,261.41909474205346,-428.60916974094806,0.44817322218205025,0.021117608836907276
303,101.66066672854153,276.24791746518014,-303.6141714484401,261.1786469161829,-428.59935727358527,0.44967668146714096,0.021117608836907276
304,101.41091369613885,276.2055918317829,-303.6257898871175,260.9255261510928,-428.5912848191325,0.4512592701882891,0.021117608836907276
305,101.1610739577339,276.1635105837152,-303.64367054433256,260.67262994355843,-428.59275269852253,0.4528418589094372,0.021117608836907276
306,100.73954156538244,274.2617809218178,-302.1966377762206,259.8438566413142,-429.59924761977004,0.45564008389623856,0.026397011046134074
307,96.68023317044099,279.1858606306589,-307.9730293854245,257.652119742537,-428.28562564232215,0.4811216765909272,0.010558804418453683
308,95.76277237322333,280.33108401556865,-309.42840732210834,257.46655961367395,-428.28536581692936,0.4868970069475756,0.007039202945635819
309,95.59345851618261,282.7624859501181,-311.508772004374,257.94604525084776,-427.109259525211,0.48791191500046405,8.878699602523505e-17
310,100.63228892114452,274.24394449840804,-302.2112807223876,259.7367320688213,-429.61061286447415,0.4563166091098778,0.026397011046134074
311,96.51992938162778,279.17073813041964,-308.0503125266903,257.56133577012235,-428.39385439978554,0.482136464411386,0.010558804418453683
312,100.52506626940401,274.22608486715745,-302.2271175685381,259.6300150462952,-429.6238340627605,0.45699313432351707,0.026397011046134074
313,100.44442042892213,276.04356679035584,-303.7317631978308,259.95403925998886,-428.6535915914152,0.45738248634075696,0.021117608836907276
314,95.54889031512153,280.3169623507503,-309.54055984437525,257.3818325327804,-428.4472058033505,0.48825005737485405,0.007039202945635819
315,100.41789873769929,274.20803445380943,-302.2441362942719,259.5237488814438,-429.6388973480274,0.4576696595371564,0.026397011046134074
316,99.75277861364161,275.93134839272585,-303.86720564988343,259.28052341751203,-428.79097611948595,0.4617661098800641,0.021117608836907276
317,99.5393860415817,275.89741189393766,-303.91851763249525,259.07853335710297,-428.8484286928089,0.4631191603073426,0.021117608836907276
318,100.21199234307551,276.0052974724222,-303.7719072606966,259.72488352090375,-428.6913093517209,0.4588555480720517,0.021117608836907276
319,99.97809465663002,275.96742472741926,-303.8178316343107,259.4970283606429,-428.73794440888287,0.46033788998460357,0.021117608836907276
320,96.35954919233687,279.1562345662692,-308.1289787036282,257.4748806717884,-428.50462517956726,0.48315125223184485,0.010558804418453683
321,91.4784366168646,280.34115667361505,-311.71593090347363,257.47417076384346,-431.7627862138735,0.5139860845477876,0.007039202945635888
322,91.69805925950931,282.7683986867444,-313.60031966633,257.93358824447915,-430.28678987335155,0.5126546971472968,8.978288883609408e-17
323,91.379173753544,282.79115601445676,-313.7549399356463,258.0634698624514,-430.5349892455685,0.5146842727882146,8.986457891354334e-17
324,91.69222093965129,280.32603296185346,-311.6119200661906,257.3886867047315,-431.5960177173844,0.5126330341205092,0.007039202945635888
325,91.26476419350928,280.3575048557595,-311.81737364639207,257.56811719605474,-431.9265118700701,0.5153391349750662,0.007039202945635888
326,91.06050453391072,282.8168417339801,-313.90372968551645,258.21197198798126,-430.77622005198856,0.5167138484291324,8.994626899099259e-17
327,91.0512078954107,280.37511293007526,-311.9160731289443,257.6703208985303,-432.0869076141163,0.5166921854023449,0.007039202945635888
328,90.83778577860923,280.39412677368216,-312.01186846755195,257.7805321691131,-432.2437035473489,0.5180452358296233,0.007039202945635888
329,90.74205795312781,282.8455575016444,-314.0461388572926,258.3783331800459,-431.00956889421747,0.5187434240700501,9.002795906844183e-17
330,90.62450299944345,280.41453447910123,-312.1045988378109,257.89850112086475,-432.39662984225606,0.5193982862569017,0.007039202945635888
331,90.4238608642006,282.8772747842353,-314.1816301777488,258.5617503159644,-431.23413756845827,0.5207729997109679,9.010964914589108e-17
332,90.41136504027583,280.4362234730475,-312.19410341531693,258.02397786684696,-432.5454166713258,0.5207513366841803,0.007039202945635888
333,90.19837834724768,280.45912568987126,-312.28022137566586,258.1567125201213,-432.68979420704625,0.5221043871114589,0.007039202945635888
334,90.1059339720106,282.91171529113143,-314.3096663736592,258.76142027305593,-431.4490278709139,0.5228025753518857,9.019133922334033e-17
335,89.78828564007782,282.9485239213975,-314.42971017179775,258.97653992863945,-431.6533415977874,0.5248321509928034,9.027302930078957e-17
336,101.8568150086573,265.2947254630508,-294.64350503291564,258.9403527771576,-434.4778564207834,0.4494069652500872,0.052794022092268175
337,90.88742699670979,279.168334218806,-310.99441743662385,257.4818624570709,-432.8603143176973,0.5176961417094098,0.010558804418453787
338,90.72712096823412,279.1834651455691,-311.06487055902244,257.56866093247044,-432.97621441071533,0.5187109295298686,0.010558804418453787
339,90.56690234888984,279.1992741903558,-311.1335345100073,257.65976761824976,-433.08983321039443,0.5197257173503276,0.010558804418453787
340,90.40677025157677,279.215686441902,-311.20034109789486,257.75507457832344,-433.2010561049408,0.5207405051707865,0.010558804418453787
341,90.24673545544758,279.2327618533836,-311.2652221310016,257.8544738766057,-433.3097684825606,0.5217552929912453,0.010558804418453787
342,90.08680115201031,279.2504227497476,-311.328109417644,257.95785757701105,-433.41585573146006,0.5227700808117042,0.010558804418453787
343,89.92697297015752,279.26869063792066,-311.38893476613845,258.0651177434538,-433.51920323984535,0.5237848686321631,0.010558804418453787
344,89.76727879056335,279.287746298389,-311.4476299848014,258.17614643984837,-433.61969639592263,0.524799656452622,0.010558804418453787
345,89.6076999934863,279.3074191204171,-311.5041268819492,258.29083573010905,-433.7172205878981,0.5258144442730809,0.010558804418453787
346,101.91861352605173,261.64169544013714,-291.6535043576521,258.1887061757206,-436.43712869527224,0.44935341891892433,0.06335282651072181
347,101.72593071566942,255.63614516414648,-286.7904118854854,256.6634958978027,-439.62142873161014,0.45106153042602876,0.08057179987004594
348,86.85300196795257,274.22650429823335,-307.60630918276945,259.5124220793712,-437.78733654470705,0.5430170954106097,0.026397011046134334
349,87.72399402783105,275.9161094356209,-308.9987415023563,259.0752705328555,-436.56917307326563,0.5376211409715864,0.021117608836907484
350,87.51059264407712,275.9503209416156,-309.0314419310701,259.277159836378,-436.6393948310838,0.5389741913988649,0.021117608836907484
351,87.08362562582425,276.01957163732374,-309.0825012504651,259.68987181270006,-436.7589497531106,0.541680292253422,0.021117608836907484
352,86.87010180248964,276.05480895496623,-309.10080070456127,259.8999566286608,-436.80811757840263,0.5430333426807005,0.021117608836907484
353,87.2971305573717,275.98475897160756,-309.0593743600527,259.4821482453979,-436.7026850740333,0.5403272418261434,0.021117608836907484
354,86.7457933889693,274.24451946611595,-307.6135909775243,259.6186553487567,-437.8092025727587,0.5436936206242491,0.026397011046134334
355,86.6565727278226,276.0904650511038,-309.11425084629644,260.112028769834,-436.8501172915739,0.544386393107979,0.021117608836907484
356,86.6385543788405,274.2624583925409,-307.6196643046361,259.72533738526073,-437.82927755413084,0.5443701458378882,0.026397011046134334
357,86.53132502359867,274.28055194528105,-307.6245264534117,259.83242170622486,-437.8475526439257,0.5450466710515276,0.026397011046134334
358,86.01587909123967,276.19817813056005,-309.1252866368889,260.7564299101686,-436.93239517500706,0.5484455443898145,0.021117608836907484
359,85.80231820029508,276.2342455370024,-309.11912076873296,260.97271211773165,-436.9450098563393,0.549798594817093,0.021117608836907487
360,85.58875166406415,276.27035369514897,-309.11047119870955,261.18911571677097,-436.9538620731669,0.5511516452443715,0.021117608836907494
361,85.37520834167881,276.30667120776604,-309.10182171714507,261.40551936820947,-436.96271442976337,0.5525046956716501,0.021117608836907494
362,85.38304889456174,272.6433977522786,-306.1144684520019,260.58766220804085,-438.91927981020785,0.552133938524649,0.031676413255361184
363,85.54455705256308,272.61624521512306,-306.1210059252123,260.4240971313274,-438.912588763933,0.5511191507041902,0.031676413255361184
364,86.44303204562604,276.126336423374,-309.12282979962595,260.3257143127738,-436.8848776342888,0.5457394435352575,0.021117608836907484
365,86.22946097302247,276.1622337225123,-309.126515688505,260.540639334034,-436.9123273482117,0.547092493962536,0.021117608836907484
366,85.45583104123773,265.3058960959854,-300.1423614194376,258.88692644260715,-442.8297517354176,0.5510120580418644,0.052794022092268474
367,85.4097776391086,261.65114577531625,-297.15304759782265,258.1181413115026,-444.78832572632234,0.5509585117107014,0.06335282651072213
368,101.28999360038581,240.6230227770311,-274.6539088257637,252.89538181482592,-447.61900735823565,0.4549043947457936,0.12361923326835628
369,101.32034013856254,243.61591088601114,-277.0841552579286,253.5935238173056,-446.0183289830157,0.4544777534402374,0.1150097465886942
370,103.18309156608157,238.19821747812668,-272.31029343384733,254.20183938231705,-449.12489496454265,0.44401266987382665,0.1315383365821965
371,103.89684635497042,235.79785624698647,-270.22467939284155,254.36204452236205,-450.50145930294104,0.44010500078168285,0.1388076673164395
372,85.04090780584372,255.74050161952167,-292.266199481336,257.16387762182075,-447.9945597023134,0.5526666232178057,0.08057179987004626
373,101.41495865918102,231.00645296763574,-266.788820237451,250.8756551079211,-452.77048671289464,0.45491039724670157,0.15139701104613407
374,84.7931327689536,251.79974837349164,-289.00814759292933,256.53155193438243,-450.13220764177936,0.553805364222542,0.092051115442929
375,101.7500412828403,218.21214335088172,-256.2869014114936,248.34615581146448,-459.63274187644674,0.4540033704705775,0.18843404808317107
376,90.03601560110036,229.06488508396643,-270.40992851127464,246.77931358996943,-460.21959073511175,0.5210063649164374,0.155187351093784
377,90.7045332268421,228.99051180729498,-270.14679549897573,246.34797245889098,-459.7758261660128,0.5171103001040267,0.155187351093784
378,90.14159049598601,231.04424960460872,-271.9950617695843,247.15209499104157,-459.0898128002547,0.5204631329773207,0.14944769330734264
379,89.23941333881709,231.16095761514035,-272.29636499091964,247.82982354584212,-459.6166356336307,0.5257998362857071,0.14944769330734264
380,103.35836882680474,211.83685321295582,-250.78258709261337,248.4917947453871,-463.2271047851306,0.44555209714407923,0.20760233918128682
381,89.90752453201301,218.21803116785412,-261.5984087279524,244.43762708741676,-466.0932514204547,0.521318184395959,0.18648473034437968
382,90.55325347771472,220.43592144523376,-263.2212757831488,244.51600150631714,-464.4509999362021,0.5176803343831189,0.17987870911847537
383,89.87618631852652,220.51461688272843,-263.4780522161989,244.97214815926046,-464.8876251438343,0.5215763991955294,0.17987870911847537
384,88.98912335847214,218.34258847452838,-261.88015444428635,245.16378237375662,-466.5952728995631,0.5266548877043454,0.18648473034437968
385,103.19410501199866,191.62570705366926,-234.33611790418234,243.81323120115758,-473.99613935462554,0.44828847474017053,0.2657569850552311
386,103.63144298364968,184.8250536068919,-228.71140756778692,242.71984991609517,-477.6864919238464,0.4465543755543233,0.28557504873294404
387,103.68378929622384,182.06961592460337,-226.45756269428702,242.14924314665328,-479.163313664183,0.4465543690139308,0.2935347628330089
388,47.80496588962791,257.0744106921958,-286.6691237938957,293.7501601137598,-452.2165649302764,0.7757614729528539,0.09502923976608338
389,83.40518691263091,196.34392653534806,-243.544216608934,245.50677557135268,-479.929636273431,0.556335868240133,0.2525449426034228
390,83.54042447439159,191.73562231663217,-239.81169495440795,244.3459275428394,-482.372235212131,0.5551798021162349,0.26575698505523143
391,99.68148940307327,170.33936162847093,-217.91146752035814,235.6633324910265,-485.3565359172975,0.46853495759114605,0.32537361923326846
392,99.16095002454423,167.49123882270257,-215.77646461100028,234.541946001674,-486.9579887726693,0.471513403019334,0.33333333333333337
393,100.87456847476864,173.30036469838166,-219.94370613139824,237.45504252042966,-483.66703926110057,0.46199568754037496,0.31741390513320356
394,98.63489493240708,169.2503611812869,-217.41658371912445,234.46795082050573,-486.1363113238948,0.4742755388973197,0.32802685726662345
395,98.50215223723387,167.3886960243222,-215.95561595642687,233.93541490720526,-487.16861258888525,0.47507422764191715,0.33333333333333337
396,99.35255576650096,170.2859511448612,-217.98323633393392,235.34710918606243,-485.4334672327905,0.47031536990243766,0.32537361923326846
397,99.02629460353351,170.23332041342798,-218.05997499787614,235.03715448649754,-485.51858909842224,0.4720957822137294,0.32537361923326846
398,98.69871580537712,170.1817011918187,-218.14791841167803,234.7344368790494,-485.6214759504233,0.47387619452502094,0.32537361923326846
399,98.19280967518205,169.1845440159891,-217.5568505661336,234.080721160598,-486.310129983113,0.47664942197904187,0.32802685726662345
400,83.74401998541069,184.82405630942895,-234.21318240937327,242.5979078162672,-486.03585795530216,0.5534457029303876,0.2855750487329443
401,86.91572327256196,188.86638360203375,-237.91238179506496,240.43274538077117,-483.20451563697543,0.5367865478249417,0.2723630062811357
402,83.69285792381748,182.0693361804328,-231.959346205901,242.02730007175973,-487.5126927734874,0.553445696389995,0.29353476283300917
403,88.7451604608508,169.25041275658532,-221.88213542328467,234.36908092886728,-492.9131398252074,0.5257244698232044,0.3280268572666235
404,88.35364498805649,170.2333221624046,-222.7111424544703,234.93419026054053,-492.57710576560527,0.5279042308670564,0.3253736192332686
405,88.02738341714777,170.28592951345465,-222.76320462544425,235.2412987921529,-492.68744993627655,0.529684643178348,0.3253736192332686
406,88.21956525496034,167.49144939134152,-220.4809829538022,234.43780330720784,-494.0974699161163,0.528486596980667,0.33333333333333337
407,88.87804501482648,167.38855417717136,-220.3500878222639,233.83811372061894,-493.83757129143606,0.5249257723580838,0.33333333333333337
408,89.1871976066549,169.18450008696018,-221.77261369099986,233.9873735089966,-492.70788368954106,0.5233505867414823,0.32802685726662345
409,88.68121529432452,170.18169980844485,-222.64728853081198,234.6348211028818,-492.44962686799624,0.5261238185557648,0.3253736192332686
410,87.6984262586598,170.33925606206168,-222.8098642535477,235.55486815007572,-492.79023992371964,0.5314650554896396,0.3253736192332686
411,86.50529430904649,173.30020981201744,-225.18836448541472,237.33873573730114,-491.62620481827486,0.5380043386211956,0.3174139051332037
412,85.60232532423905,173.4532111787874,-225.23457619782917,238.23916497476878,-491.7879701629158,0.5427521047846403,0.3174139051332037
413,94.94687669816665,160.59508705898668,-212.31520711545429,230.3129193626924,-492.807830933802,0.4936696451154078,0.35185185185185186
414,95.46271977539217,162.76593855398946,-213.7856224173778,230.96658821254445,-491.26230673129106,0.49103199724682733,0.34567901234567905
415,94.52521300464522,162.72107982106573,-214.29186819610848,230.69371772275792,-492.00397606956983,0.4957797634102719,0.34567901234567905
416,95.65133506600401,160.6362228454728,-211.94049078537546,230.56160484321475,-492.26360550163355,0.49010882049282434,0.35185185185185186
417,94.239735028441,160.57129067161446,-212.70260651395563,230.16555222678863,-493.38163179392717,0.49723046973799134,0.35185185185185186
418,93.88561852349693,160.56628247600057,-212.89803851818365,230.13191289055334,-493.6752356522554,0.4990108820492829,0.35185185185185186
419,93.5854050225978,162.7081543208642,-214.81031520619524,230.60652681340252,-492.78306410467894,0.5005275295737165,0.34567901234567905
420,93.53148457797911,160.56572833101526,-213.09301361375907,230.12603973011247,-493.97096760438046,0.5007912943605746,0.35185185185185186
421,102.31562325810967,148.73645159379257,-199.56704868731836,233.3389420586383,-496.8209199305004,0.456283112115381,0.38888888888888895
422,99.48685612717325,146.11706043348013,-198.24257177007587,230.04237197319802,-498.31958660705817,0.4708554080769207,0.3950617283950617
423,99.5627029732973,148.27203678409563,-199.9735025912958,230.5968948180951,-497.1599231795792,0.4703518373339692,0.38888888888888895
424,99.05623240102408,148.1891995947511,-200.08499015738013,230.11026114511205,-497.2798975037478,0.4730161118370327,0.38888888888888895
425,103.98909756568817,141.51260449339247,-193.34487193921592,233.34850189342245,-500.85418383240955,0.4485629411596916,0.41053443794671146
426,97.49852008515002,145.82124983413658,-198.85169583411584,228.2931381221669,-499.06753655854396,0.48112264972366736,0.3950617283950617
427,98.28736480797798,148.07180334348882,-200.3078803157258,229.41480335677906,-497.54795720283613,0.4770125235916277,0.38888888888888895
428,97.50658880256634,147.96488962510287,-200.5945299631522,228.78135367936295,-497.91922379414797,0.4810089353462227,0.38888888888888895
429,96.80265334018218,147.8817993129026,-200.89701202697478,228.28816495031444,-498.32881092210204,0.4845697599688059,0.38888888888888895
430,96.79344064943639,145.73832129442135,-199.15515607436663,227.80034115451778,-499.47865017201775,0.4846750157277519,0.3950617283950617
431,96.02143202855066,145.66488451686558,-199.52695455132516,227.3617392297114,-499.9991353727764,0.4885262317716763,0.3950617283950617
432,95.73476702433524,147.78497073487074,-201.41962840955514,227.70915424251285,-499.0642406980123,0.4899109969026808,0.38888888888888895
433,96.43141995907496,144.63021067332758,-198.45159271135495,227.34024175498206,-500.28595941296936,0.4865080559185164,0.39814814814814825
434,96.6985488304188,144.6571199201779,-198.3255074625781,227.49987136155139,-500.1105581246796,0.48517591866698473,0.39814814814814825
435,103.40421259981285,137.6560133675349,-190.30857013421462,231.91274132116027,-502.8380432718414,0.45173721829114094,0.42135721247562274
436,95.62499184366004,144.5635143218881,-198.85684993935985,226.94020681393226,-500.8612166760521,0.4905044676731114,0.39814814814814825
437,104.48046888670599,131.41381220711264,-185.02379574776683,231.567447548339,-506.3112433658097,0.4469894521276965,0.43987573099414123
438,100.82443521998717,134.54236853765553,-188.39403526602453,228.7095983601023,-504.398453796531,0.4646596347517978,0.42905295646523
439,106.14159617801857,129.73516553146618,-183.35390308814857,232.80550204718034,-507.42955061886556,0.4391562406045429,0.4455409356725026
440,89.125802903573,145.9243016855915,-202.82420750794662,228.81124102288553,-505.1577452706924,0.5227370249387563,0.3950617283950617
441,90.2909733881157,145.77133227987142,-202.44504347317047,227.92131749354547,-504.4910169740264,0.51681077585295,0.3950617283950617
442,89.87358964386002,147.9649216033663,-204.3424795845214,228.69836102433698,-503.60703317493056,0.5189910646537783,0.38888888888888895
443,88.66432620824688,148.1362682747362,-204.68134671639356,229.6967165518683,-504.2235394806378,0.5252161637794248,0.38888888888888895
444,89.97348013284324,144.73795744289197,-201.68859913340216,227.90314382027995,-505.2628792363152,0.5183849059555988,0.39814814814814825
445,90.50315656874281,144.67646907193154,-201.48953705386594,227.54239979565156,-504.9236679986837,0.5157206314525358,0.39814814814814825
446,13.795008064883717,254.6326984246704,-278.5711910709728,326.354996168564,-458.02840335640275,0.9722430255480324,0.11878654970760329
447,102.47785695579562,127.32346464854874,-182.0893194547703,228.69061456596705,-508.2780632318961,0.45699714261567354,0.4506578947368349
448,103.95545986741625,122.7579635847552,-178.06575789758043,229.10553908696136,-510.8603062251729,0.4502511705749317,0.46454678362572377
449,101.1417731215842,124.59960967177634,-180.2076501453831,226.7838324295213,-509.7038580822078,0.4636689362743249,0.4578460038986307
450,91.88479182965455,132.76886090291393,-191.26249911451026,224.19830918923952,-510.19751324919315,0.5087042379663153,0.4320987654320989
451,91.9708082381579,134.90594843802197,-192.96503356199204,224.6479495452437,-508.9840305365224,0.5083085907860281,0.425925925925926
452,91.23819508719501,134.95988038630932,-193.31627444568537,224.9593633114674,-509.5495130958926,0.5118694154086114,0.425925925925926
453,103.92863545330545,121.14561307485917,-176.75730103448635,228.714112736348,-511.7169492673861,0.45052159202041053,0.4691764132553533
454,90.90728066372338,132.84814438792043,-191.71834225330053,224.65402927279172,-510.9366426230965,0.5134520041297597,0.4320987654320989
455,102.08746686380292,120.47429492604752,-176.6047526655688,226.77061664794323,-511.9202289394045,0.45935190254414965,0.4701916829109763
456,103.07549835375298,117.43115119371288,-173.90039212207705,227.0467576922481,-513.6082607109441,0.4548545878503217,0.47945094217023554
457,101.35886982526434,110.00172903993197,-168.26077623189877,223.70563736178912,-517.5030062949494,0.463520579510144,0.49999999999999994
458,97.68910304512777,117.45105121710895,-175.63488335020457,222.0578840608807,-514.1175725781535,0.4810615632256956,0.47685185185185186
459,97.7361046650559,119.06366815870538,-176.9272650979393,222.45508324437776,-513.2370849214516,0.4807911417802168,0.47222222222222227
460,96.95317590229288,118.96826083012442,-177.25274023987808,221.8842995811541,-513.6737298527984,0.4845697599688059,0.47222222222222227
461,98.51025291349586,119.17417357530084,-176.65837010963043,223.1048576473977,-512.8944618502508,0.4770125235916277,0.47222222222222227
462,96.5973999335367,116.78775845088322,-175.6694225149819,221.17736923764332,-515.0422473841147,0.48631931633636505,0.478395061728395
463,95.67054225252619,117.2445018821536,-176.56721374164562,220.82094209025283,-515.4088172110809,0.49070229126325493,0.47685185185185186
464,79.28021798699433,136.49935972965588,-194.01563268043074,236.11087533266715,-512.4293089257819,0.5710281604741967,0.42702241715399164
465,83.93898178994448,141.06508311804814,-198.58061880951215,232.59727556377874,-509.367953524917,0.5487356871905339,0.41154970760233733
466,82.6528015537462,137.35432978519364,-195.32397313095063,233.0187835104765,-511.5220696215269,0.5547186248302021,0.4228801169590617
467,99.87626234507674,112.96475884167296,-171.0973333662039,222.9527902417596,-515.9674322130513,0.47053697299636466,0.4907407407407407
468,99.80024932853193,109.73819614034446,-168.49003310215446,222.15233563262743,-517.6935398364187,0.4710778158873222,0.49999999999999994
469,99.11178321429632,112.83842497420986,-171.25084737530187,222.20997388456624,-516.1252378229792,0.4743155911849538,0.4907407407407407
470,80.68574533090529,131.79381953403623,-190.4364254471591,233.6810547590676,-514.7523744135569,0.5636930312897044,0.43987573099414806
471,99.03123774525645,109.61145836272351,-168.65119353605243,221.4083965497114,-517.8628525827412,0.4748564340759113,0.49999999999999994
472,79.77864687176483,129.9840581125575,-188.7969894330726,234.1583910553207,-515.8396412402263,0.5678686221109,0.4455409356725102
473,83.45611232696328,127.57372479770078,-187.49825300214758,230.0338296221916,-516.6352640239247,0.5499793172852568,0.4506578947368393
474,97.50560688522779,109.39157315403591,-169.1591662709569,220.1070576378272,-518.5025996203499,0.48219587688708376,0.49999999999999994
475,97.59621651967275,112.61753595798936,-171.7415510911263,220.90134094321692,-516.7379974287738,0.4816550339961261,0.4907407407407407
476,96.75371515624323,109.30425273451402,-169.4850565346542,219.58602917358704,-518.9449332352518,0.485756701509667,0.49999999999999994
477,98.25040644544879,109.49270273563025,-168.8828784373821,220.70723655407792,-518.1436991481208,0.4786350522645005,0.49999999999999994
478,84.24320142516808,122.61649257567353,-183.58934740931335,228.15220333352326,-519.15831312069,0.5458250218922429,0.4645467836257282
479,85.80185512843028,124.67509314877174,-185.46509669065995,227.1037704546724,-517.7268051419559,0.5384629582005696,0.4578460038986336
480,95.99465398317415,109.23357340520784,-169.85311243232564,219.16223119269657,-519.4612352186244,0.4893175261322502,0.49999999999999994
481,95.55892044093343,112.4152207457798,-172.69623111365527,219.6912314072619,-518.0659372984956,0.49129576203368547,0.4907407407407407
482,95.22930392474356,109.18126154149871,-170.2521581975764,218.84617100941057,-520.0355884075514,0.4928783507548335,0.49999999999999994
483,103.08035443364068,102.43166424230097,-161.6819443205901,223.67665110130946,-521.622986292705,0.4559096469977537,0.5226608187134455
484,99.78041021986326,106.5197961743572,-165.87257917761053,221.40927520298908,-519.4100499181103,0.47132826735693867,0.5092592592592592
485,92.38522972122573,111.31122482553886,-173.54406649224143,219.22319011240478,-521.2303013913637,0.5060665900977349,0.49382716049382713
486,92.50104137432527,112.37737716656491,-174.35707600041658,219.43433866796258,-520.5640250531081,0.5055390605240189,0.4907407407407407
487,91.73790277917288,112.42069051919117,-174.74377619291863,219.6797592654148,-521.176691320981,0.5090998851466022,0.4907407407407407
488,91.36753343503005,111.3775116716119,-174.04717665065914,219.5993776248446,-522.0331838636215,0.5108143562611794,0.49382716049382713
489,92.15325470147008,109.18101265797918,-171.91692642508087,218.8093138674318,-522.5620062683106,0.507121649245167,0.49999999999999994
490,92.92183652061948,109.14822657231929,-171.51424169296894,218.6277739594477,-521.9315398881316,0.5035608246225836,0.49999999999999994
491,93.69118224481329,109.13755958297304,-171.09477729498963,218.57172057558708,-521.2883273616868,0.5000000000000002,0.49999999999999994
492,103.96549937337649,98.65128163212981,-158.4219069491027,223.68871949127356,-523.730326802033,0.45210418074155856,0.5339912280701682
493,91.38813301629713,109.23330226809682,-172.29139348474857,219.1082466211071,-523.1615199306892,0.5106824738677505,0.49999999999999994
494,101.98982280934037,99.03024401767885,-159.1621486129766,221.85128042304638,-523.3779000833002,0.4611982560521557,0.5319200779727047
495,94.1216495031241,105.92708102065572,-168.2380501834751,217.87543419974745,-522.645937629816,0.49802176409856513,0.5092592592592592
496,94.89515379464905,105.9509833723252,-167.81352623666936,218.02199484168403,-522.015631789141,0.4944609394759817,0.5092592592592592
497,93.97715639010445,106.99632383756833,-169.1906116840214,218.10296219682877,-522.1934216006256,0.4986811760657101,0.5061728395061728
498,83.54192090751567,117.91627347653105,-179.6426904243866,227.77743316204044,-521.7771630853177,0.5487923757443958,0.47843567251461705
499,85.88118860325056,118.23232358461695,-180.21959538626737,225.57849427108692,-521.13974479617,0.5376716638399955,0.47636452241715216
500,103.9633877267264,97.04400091291922,-157.11250644165807,223.3261536068338,-524.5884694205682,0.45222940647636684,0.5386208576997978
501,97.37241287344065,101.33880027863268,-162.66344179959913,218.20170673053624,-522.8618415562403,0.4830397991271307,0.5231481481481481
502,98.18950332298799,103.05551353419884,-163.66279156205493,219.21039832964584,-521.5981552171894,0.47913595520373337,0.5185185185185185
503,97.15307113771651,102.91980676912411,-164.066590965189,218.4059725504009,-522.1300892612306,0.4840289170778483,0.5185185185185185
504,79.80724028199091,120.33768233072814,-180.93979123649896,231.96121996744787,-520.9850748806298,0.5666816805700389,0.4733187134502878
505,97.35385246672736,99.72944220364562,-161.3608340952556,217.82732058712088,-523.7291065142247,0.48316502486193896,0.5277777777777778
506,98.15847823907626,99.83627116082232,-161.0531597757542,218.46135850248106,-523.3259457941821,0.47938640667334986,0.5277777777777778
507,96.54146019303383,99.63918682668935,-161.7243643901136,217.29037009546778,-524.2270280502448,0.48694364305052806,0.5277777777777778
508,80.75039028715278,117.32018750365259,-178.6515159931581,230.3630768989379,-522.4696153849872,0.5619126189784127,0.4815423976608145
509,106.32483350160548,90.12084974501016,-151.04005744488177,224.07041043071038,-528.5949796512081,0.4420576532599811,0.5597384665367002
510,102.31024060471634,91.93722302003113,-153.3079770098667,220.56596597663273,-527.1808440619142,0.46016232005796975,0.5525097465886868
511,100.89763338621046,94.55628479350506,-155.8000065163472,219.78803554906318,-525.7517864003638,0.46657034892976307,0.5442657569850504
512,93.98017184420539,98.42472902570387,-162.20321425012787,216.17766510602138,-526.7650648765548,0.4986811760657101,0.5308641975308642
513,95.25116678351552,99.53932718591867,-162.38121906735552,216.6873925119855,-525.1640408913332,0.49287835075483355,0.5277777777777778
514,93.95172588990354,99.49596784768042,-163.0926238621628,216.41620386098154,-526.2176879973764,0.49881305845913904,0.5277777777777778
515,104.48254651303813,88.01892752302749,-149.6614409504083,221.80255788808358,-529.4705922920106,0.4505502767502797,0.5648757309941412
516,92.69118550080805,97.90648585873265,-162.46929859803913,216.14196057764357,-528.1275265378405,0.5045499425733011,0.5324074074074074
517,93.99445949279107,97.88906002333732,-161.75848914992486,216.0584696206137,-527.0387299837909,0.49861523486899567,0.5324074074074074
518,75.9064704286283,115.28873687284303,-176.11742879204172,234.62553121877593,-524.2016188748275,0.584439103002253,0.4898066926575634
519,105.01399031120417,82.76216175024516,-145.27975959084586,221.13923748512633,-532.3479815933481,0.4485629411596914,0.5802875243664646
520,77.70018870498475,110.34054277914004,-172.4102957396145,231.76366742324117,-526.6026851567772,0.575428509392717,0.5031676413255305
521,77.62024868018565,104.99749553736183,-168.04132169436102,230.63971008246102,-529.4652160437951,0.5751647446058589,0.5185997400909627
522,83.44511692503426,101.8621993941855,-166.54020595580445,224.2598053867996,-530.3566837247122,0.5480010813838216,0.5247319688109134
523,84.26899803966433,96.89880153792393,-162.62418879583177,222.34045989346072,-532.8650901759784,0.5438467859908077,0.5386208576998024
524,85.94081692450047,101.07949974258739,-166.24012226065588,221.66319235679916,-530.2693434518125,0.5363528399057053,0.5257472384665349
525,86.67094257853344,96.66907487084856,-162.7111944530054,219.96925220655854,-532.4272848227071,0.5326601328896928,0.5380929174788807
526,84.54547859552878,95.24396426086591,-161.3144746368433,221.69909114588606,-533.6944149284559,0.542462020859803,0.543250487329432
527,86.21353039870388,93.53295636875674,-160.11498089288915,219.70182169482555,-534.2244258899416,0.5346383687911281,0.5473521767381399
528,100.16272985671492,77.65420205134143,-142.223434969613,215.27454161183778,-534.7749216714144,0.47085540807692056,0.5925925925925927
529,100.32906468248508,80.89718404256146,-144.82138323273176,216.16672177746068,-533.0439247826615,0.4699202519075352,0.5833333333333335
530,83.54533358538004,92.2031072265392,-158.68267457882106,221.98686044984842,-535.4939083426154,0.5468141398429606,0.5525097465886913
531,79.50254952632974,90.39229224462036,-156.4795006051423,225.5178193909893,-537.0091414956679,0.5649672094554617,0.5597384665367078
532,83.55049205666447,78.99186428740461,-147.9146748666022,219.00726018755648,-542.5387012756918,0.5458342745350956,0.5905620532813498
533,87.7667196386362,80.77668627288045,-149.839159718872,215.33982025026685,-540.5860343541945,0.5266934967416268,0.5833333333333335
534,82.33545039880778,82.76921496731538,-150.78084758417225,221.0436185762344,-540.6989795656643,0.5515534473879058,0.5802875243664691
535,78.65738377917944,84.11017137609781,-151.2063990121478,224.928129721596,-540.4752386549325,0.5681267478187585,0.5782569850552263
536,80.53069687175869,88.43054726148884,-155.06785612332294,224.07349195994013,-537.9182710763154,0.5601322066671213,0.5648757309941481
537,53.33247543707344,98.44281409162221,-158.29200236711853,252.82741504367374,-536.2130442787169,0.6846613023157182,0.5495857699804931
538,99.35428838463517,42.160379906034905,-113.53349026560977,206.50523417399583,-553.7510799634922,0.47596936558532954,0.6944444444444445
539,99.76370515910294,42.227728431585035,-113.4471076047208,206.9008484459406,-553.6600084222507,0.47418895327403787,0.6944444444444445
540,98.57685608142457,45.25333049662396,-116.3683269392224,206.51548177911496,-552.290462001294,0.47923181089344197,0.6851851851851852
541,98.94275939672703,42.09515290436502,-113.63890531527203,206.12060657510136,-553.8721943270895,0.4777497778966211,0.6944444444444445
542,98.5293833934069,42.03232984581686,-113.7623827370412,205.75021405927018,-554.0222074635994,0.47953019020791277,0.6944444444444445
543,98.02616371252222,45.17466642572617,-116.55554613770175,206.04838878564414,-552.5275218937767,0.4816056939751641,0.6851851851851852
544,98.11450121328623,41.973382204839055,-113.90295251425086,205.39730503651535,-554.1999753235795,0.4813106025192044,0.6944444444444445
545,97.69829270299194,41.917149061543,-114.0596446302346,205.06512791684986,-554.4043538575864,0.48309101483049594,0.6944444444444445
546,97.47311139571748,45.102033943503756,-116.77086275008571,205.61891409717228,-552.8111090920598,0.4839795770568864,0.6851851851851852
547,97.28073031974807,41.86489163241728,-114.23148906832603,204.75693111028676,-554.6341990161774,0.48487142714178766,0.6944444444444445
548,96.91750045029144,45.03725329666949,-117.01198944353936,205.23466136532087,-553.1385201739336,0.48635346013860853,0.6851851851851852
549,96.86160253432884,41.81771316237442,-114.41749583472583,204.47592416748324,-554.8883324378926,0.4866518394530794,0.6944444444444445
550,96.35882549387019,44.98167938640054,-117.27594102104143,204.90187481831697,-553.5058528927703,0.4887273432203307,0.6851851851851852
551,96.44065756725183,41.77578125025258,-114.6162213832591,204.22443439272436,-555.1647967557593,0.4884322517643711,0.6944444444444445
552,96.0179997917421,41.73925166987192,-114.82577188100917,204.0039131962059,-555.4608612062277,0.49021266407566283,0.6944444444444445
553,95.79725042870874,44.93519101426037,-117.55838207398384,204.62416850325005,-553.9068855440161,0.49110122630205294,0.6851851851851852
554,85.10219602126062,37.83756585086567,-114.59964929103158,208.21066096596914,-564.200015928627,0.5364231407063439,0.7083333333333335
555,106.75404250746482,9.260564413607995,-85.06712681605865,206.2556614851739,-571.8072639271409,0.44693967103512167,0.7928849902534084
556,119.4455811494469,8.99331757630165,-82.54050210259167,218.55766919111304,-573.6516498448002,0.39599841705498917,0.8000000000000008
557,117.57691253753478,8.669067531292455,-82.61616150337879,216.664189511444,-573.5741612264268,0.40348434693531876,0.8000000000000008
558,107.59993685661651,6.9373652139687465,-83.02012600805169,206.55468173486105,-573.1604559748138,0.443745318058851,0.8000000000000008
559,76.15371110048187,31.521235914286706,-107.89713586786452,215.50324569712956,-568.8762812923409,0.5733006407673946,0.730994152046783
560,79.6518536654032,25.499957257174344,-103.62729898525282,210.73565553785932,-571.6203276484008,0.5582799395213024,0.7465886939571146
561,52.21436008379831,11.717006394229259,-87.40694905243116,234.3469628375687,-582.652851641293,0.6674313976040164,0.8000000000000008
562,99.39530635099337,281.36787928448024,-308.43028584690677,260.157091986917,-425.9452298924998,0.4637280190514196,0.005279402209226884
563,99.48335589601834,283.2129527049316,-309.89814766563444,260.64558862365834,-424.9358014145729,0.4630441155295817,8.778607128815547e-17
564,99.11005441833636,283.1555352369774,-310.0008152237536,260.302507292783,-425.05696336442105,0.4654419625823387,8.78825842278568e-17
565,99.53410295805652,281.3898345616342,-308.39442158161864,260.2864865072028,-425.9038756615403,0.4628399275503984,0.005279402209226884
566,99.22657694425558,281.34195948690723,-308.47637544009586,260.00197670237185,-425.99951028753657,0.4648070502251603,0.005279402209226884
567,99.05780891445272,281.31647795246664,-308.5251769584381,259.84933307175163,-426.0581635986933,0.46588608139890086,0.005279402209226885
568,98.77380122963999,283.1057338145466,-310.10462008523143,260.00461677289496,-425.18444760691517,0.46760002492982,8.796944587358798e-17
569,98.43727399364815,283.05790353930666,-310.2188157829012,259.7185324918952,-425.3289242932942,0.4697580872773013,8.805630751931917e-17
570,99.57803417776597,277.734513369734,-305.40066658970653,259.51837864813183,-427.85576867589236,0.46277517097578125,0.015838206627680478
571,99.45985730033897,277.7156820366129,-305.43055387357686,259.407629297256,-427.889934250727,0.4635269006183266,0.015838206627680478
572,99.32605760222195,275.8639698650316,-303.9741452494421,258.8799336068569,-428.91278493162594,0.464472210734621,0.021117608836907276
573,99.3454851841255,277.6979035299611,-305.46073581656077,259.30151233170596,-427.92501855351287,0.46425419033086696,0.015838206627680478
574,99.22967237229118,277.6800271795596,-305.49255492993285,259.1951374053478,-427.96256485427045,0.4649907211965144,0.015838206627680478
575,99.11279259343863,275.8311233403662,-304.0339919346769,258.6850724625358,-428.98393347730934,0.46582526116189954,0.021117608836907276
576,99.11315928444344,277.66207501196436,-305.525832276786,259.08925688269017,-428.0023776795086,0.4657318921527903,0.015838206627680478
577,98.31851567446667,277.54755518827255,-305.7853753889651,258.40236911646804,-428.32701480230486,0.47079011374611746,0.015838206627680478
578,98.25379142675833,279.36977940635734,-307.30182117444383,258.75415103504673,-427.37752821709836,0.4711258943209771,0.010558804418453681
579,98.23103039353984,277.53526583510256,-305.81727353879654,258.33103023310014,-428.3682427466305,0.4713469246215407,0.015838206627680478
580,98.06752193043158,279.3448273409082,-307.37172122802707,258.6053767624832,-427.468641044785,0.47231283586183814,0.010558804418453681
581,97.8810792356392,279.3207819308549,-307.4445206128076,258.4610478720239,-427.5646122494414,0.4734997774026992,0.010558804418453683
582,94.74038675597987,281.4990017290934,-310.9723725001607,257.41374069049795,-428.43323708041675,0.49334886251786325,0.0035196014728179543
583,95.24871220385697,282.74277521386415,-311.6923315405783,257.8250653514121,-427.37594081479136,0.4901038566926552,8.887522130888023e-17
584,94.89379043657706,282.7262565249162,-311.88444194347505,257.7240838582104,-427.6576508666477,0.49235894073811937,8.896598806160162e-17
585,94.57418805493504,282.71497919736606,-312.0593599880785,257.6539149920361,-427.9163636569524,0.4943885163790371,8.904767813905087e-17
586,94.58001026254703,281.49365499957935,-311.0602297915887,257.38078359569494,-428.56341502737274,0.49436365033832214,0.0035196014728179543
587,94.25450628673994,282.70720408840896,-312.235441487698,257.6036946155798,-428.178872526332,0.4964180920199548,8.912936821650012e-17
588,93.93480448567738,282.7028332297421,-312.4119642110799,257.5737353962466,-428.4441115897477,0.4984476676608725,8.921105829394936e-17
589,97.31641019230324,276.8105860079489,-305.6898913275053,257.51022119508286,-429.1878676645847,0.47718301224111914,0.017598007364089435
590,100.11207273246247,272.9371579184505,-301.3048752680866,258.9526594673073,-430.34665132313734,0.4596837254889066,0.029916612518951963
591,93.61861489359669,281.07310134088755,-311.2586679096849,257.1983672658593,-429.57757201092943,0.5004534449323845,0.004692801963757266
592,93.61512343032902,282.7017398499965,-312.58820598111987,257.56434871366747,-428.7110149135524,0.5004772433017902,8.92927483713986e-17
593,93.29544313846361,282.704526090689,-312.76345225181154,257.57566446527863,-428.97850971384594,0.502506818942708,8.937443844884785e-17
594,96.41515651097426,277.32937610708933,-306.6082614129065,257.0946299586091,-429.44472586286906,0.48286188778072897,0.015838206627680512
595,96.32828008556888,277.3216026744297,-306.6511507164197,257.0486882626008,-429.50524019328,0.4834098732037767,0.015838206627680512
596,96.2388677620105,277.31388550686466,-306.69567548963107,257.00279150554366,-429.56824472759575,0.4839736442151428,0.015838206627680512
597,99.30345022705214,273.1138701628891,-301.7430006796786,258.2516499546346,-430.3929366553065,0.4647685592771534,0.029036712150747507
598,99.95862736775538,272.3017628515293,-300.83891774769234,258.6684494325384,-430.706246308307,0.46069075846478175,0.031676413255360907
599,92.65553182539776,281.4984740655377,-312.1129501519394,257.38534707102895,-430.16383478220587,0.5065551387111498,0.003519601472817988
600,92.97574946441657,282.7105569730272,-312.937003916911,257.607445361263,-429.2455093468263,0.5045363945836258,8.94561285262971e-17
601,92.6561007450201,282.7199492563399,-313.1081637336653,257.65940979439785,-429.51092549588026,0.5065659702245435,8.953781860374634e-17
602,92.49518841189868,281.5046076501414,-312.19761348459303,257.41900265670984,-430.2959298391425,0.5075699265316086,0.003519601472817988
603,92.33656227228369,282.7328189098927,-313.2762344593218,257.73127615746057,-429.7736698443946,0.5085955458654613,8.961950868119559e-17
604,92.01720125642285,282.74905354081767,-313.44051885112765,257.8227628432286,-430.0326540757561,0.5106251215063791,8.970119875864484e-17
605,99.21333633660781,271.57357690416774,-300.5250044911905,257.8310368690537,-431.24068796993015,0.46542335829144643,0.03343621399176986
606,98.1892964112375,272.0359844724814,-301.35525655126406,257.07867714559234,-431.32938820684734,0.4718674590171504,0.03167641325536094
607,97.72425478332374,270.14353700666385,-300.0429907516278,256.3081607296748,-432.5466279859905,0.47488855794477586,0.036955815464587774
608,99.72842580567406,271.34908592317805,-300.1444235309461,258.2441808033475,-431.25259799263364,0.4622013079285945,0.03431611435997432
609,96.82923801109969,273.7049617989554,-303.42110876166777,256.51539851723027,-431.1218872041496,0.4803613232487132,0.026397011046134143
610,97.59418687351751,274.401261508923,-303.5794885566257,257.16390522264703,-430.33185827781637,0.4755159692197753,0.024637210309725186
611,97.29884328469596,275.5875069686844,-304.7019369124302,257.22660889487196,-429.8508389054461,0.4773402243210878,0.02111760883690731
612,97.30352156755687,271.92453233442944,-301.7133904231933,256.4139138975263,-431.80611553799184,0.47745580929333475,0.031676413255360955
613,96.41257298331796,271.8322223929359,-302.1280945712222,255.86542708700443,-432.3806399230417,0.48304415956951907,0.03167641325536097
614,100.44861133524522,268.1098019172875,-297.26723522503613,258.19947326238685,-432.90685742142614,0.4579186782587044,0.043995018410223484
615,99.07205080662982,269.7213024739967,-299.07381063652304,257.2972314636191,-432.2708431419692,0.46641254249026726,0.038715616200996686
616,99.7502926689515,269.52178644556454,-298.64791369895795,257.8598430254272,-432.2290744324337,0.462174534763013,0.03959551656920114
617,90.93531466289758,277.33202074845525,-309.4788555618555,257.0469239673922,-433.80269117544543,0.5173275973051785,0.015838206627680602
618,91.01576411661333,277.3249033428581,-309.442648939708,257.0056045190627,-433.7434630200091,0.516820203394949,0.015838206627680602
619,90.85490788450403,277.3395270260702,-309.5146305742042,257.0893636641938,-433.8613772341162,0.5178349912154079,0.015838206627680602
620,88.1111067928062,281.3489664254326,-313.4160965778803,259.93190555531436,-433.4999231453311,0.535471175837531,0.005279402209226939
621,88.83724195426359,283.07311275739164,-314.73663850207225,259.7063528115785,-432.1940081720797,0.5309208779155568,9.051809953313731e-17
622,88.5207662341864,283.11872692720414,-314.81982373594604,259.9744630461448,-432.34768980692456,0.5329504535564745,9.059978961058656e-17
623,88.20451781663462,283.16592420978156,-314.8929282599113,260.2531003856737,-432.48712059021204,0.5349800291973923,9.068147968803582e-17
624,87.9524282819346,281.3734964828586,-313.447280752809,260.0766139461348,-433.56202783958094,0.53648596365799,0.005279402209226939
625,87.88852976129346,283.2147717089763,-314.9556512887445,260.5411223070017,-432.61172723857504,0.5370096048383101,9.076316976548505e-17
626,93.17296049124872,273.54423542170116,-305.3624117037515,255.52728114317887,-433.97189225804175,0.50322211826368,0.026397011046134216
627,94.25254881829844,272.93428990987445,-304.27016635705263,255.40829978343862,-433.39643229190796,0.4964961320322931,0.02815681178254313
628,93.63101105737454,275.3723447080392,-306.6051703318926,255.91744949973528,-432.6103498517086,0.5003701506394644,0.02111760883690738
629,92.71128784963437,274.1674846470529,-306.1091786720338,255.72917796936068,-434.0307124726031,0.5061097834420042,0.02463721030972528
630,87.79377863945152,281.3983006131648,-313.4758277962279,260.22344525584293,-433.6203403437917,0.5375007514784488,0.0052794022092269395
631,87.63522321814224,281.42378861795544,-313.5017002145798,260.37225738286406,-433.6747892290721,0.5385155392989076,0.0052794022092269395
632,87.57277904420286,283.26505811239815,-315.0076920372222,260.83738628696506,-432.7209364686465,0.5390391804792278,9.08448598429343e-17
633,87.25718474366681,283.31631474689175,-315.04878162352975,261.1407288445299,-432.81422135438146,0.5410687561201456,9.092654992038356e-17
634,86.94170778283734,283.3683873585125,-315.07880013383635,261.4498886391604,-432.8912714280087,0.5430983317610634,9.10082399978328e-17
635,86.62625378896502,283.4206613457703,-315.09767109910126,261.7635757907283,-432.9518393493104,0.5451279074019811,9.108993007528205e-17
636,99.82227533803248,264.03883149924803,-294.158439032169,256.7070543257343,-435.1586099175975,0.46209421526626865,0.05543372319688161
637,100.50072616292542,264.45531199018524,-294.2757587683811,257.4368661932539,-434.8627725939807,0.4578651319275415,0.054553822828677136
638,99.79802595757737,265.86659432751117,-295.65492147483286,257.0912798097506,-434.18208043566295,0.4621209884318501,0.0501543209876548
639,93.63750882086069,271.7067939689051,-303.6135422095363,255.09401783790682,-434.5598515111595,0.5003166043083016,0.031676413255361024
640,89.9516654015062,276.8237211230045,-309.387235788249,257.50499673981403,-434.8066711867871,0.5235283408492818,0.017598007364089563
641,89.04020942400444,277.55057758425767,-310.19153268406313,258.3227759853725,-435.015533447796,0.5293499543745963,0.015838206627680637
642,89.44825491753735,279.3277208429337,-311.55835726589845,258.4090776781503,-433.811661203978,0.5268292320935397,0.010558804418453787
643,89.28890641830722,279.3484222886368,-311.6102529449655,258.53076434788653,-433.90290363236846,0.5278440199139987,0.010558804418453787
644,89.12966721039595,279.3696668059156,-311.65975389792675,258.6557846835682,-433.99084536186143,0.5288588077344576,0.010558804418453787
645,88.97048240864919,279.391601856779,-311.70689046696504,258.7839863739159,-434.07551702450274,0.5298735955549164,0.010558804418453787
646,88.96049085631782,277.5619418271709,-310.2146698731721,258.38764127121595,-435.0572917951759,0.5298573482848257,0.015838206627680637
647,93.64111199268663,270.48493861527436,-302.61631648515095,254.81954352001355,-435.20966084308924,0.5002987555312473,0.035196014728178904
648,93.64738018906422,268.04169609368915,-300.6218405026069,254.27059945849055,-436.5092426847752,0.5002630579771387,0.04223521767381467
649,95.03792620138205,269.9061650632671,-301.3499016681505,254.88449834486377,-434.38819059028725,0.49165360877332887,0.036955815464587816
650,88.1367901825692,277.6823178161485,-310.4182762566581,259.0989103699977,-435.439041554301,0.5351004186905299,0.015838206627680637
651,88.15066984960077,275.84927740071544,-308.91936690134673,258.6821303184428,-436.40857326988845,0.5349150401170294,0.021117608836907484
652,88.03044522896238,277.698943184424,-310.4396825848488,259.19555477209366,-435.4813997325007,0.5357769439041692,0.015838206627680637
653,87.93735898127196,275.8824353297246,-308.96135379089066,258.87681678024137,-436.4921766773677,0.5362680905443079,0.021117608836907484
654,87.92407115966736,277.7155356791517,-310.4599409088229,259.29317634119144,-435.5221124716175,0.5364534691178084,0.015838206627680637
655,95.02375728182992,267.4619607713342,-299.3665564316819,254.33195454664215,-435.7043233481799,0.4917870425226301,0.04399501841022359
656,87.81768711136672,277.7322103604106,-310.47904018293843,259.3917333972167,-435.56115874724713,0.5371299943314477,0.015838206627680637
657,87.71130219653938,277.74902699341266,-310.4969693615535,259.4911842600952,-435.598517534985,0.537806519545087,0.015838206627680637
658,87.60493056935778,277.7660602069973,-310.51371739902623,259.59148724975273,-435.63416781042656,0.5384830447587262,0.015838206627680637
659,89.67413702528242,274.41506641060596,-307.49570873836615,257.15810999549586,-436.2832576410289,0.5251886345050449,0.02463721030972534
660,90.44107267069643,273.7161531832948,-306.70455098513384,256.5091606938605,-436.1115267249539,0.5203254316990528,0.026397011046134265
661,89.96415497790073,275.60109975521544,-308.3863743077072,257.22481157532195,-435.4503742627261,0.5234000769578411,0.02111760883690745
662,92.24797826222746,269.91003361415324,-302.86750277544655,254.87719641060414,-436.6939438415833,0.5089260535121114,0.03695581546458787
663,95.95629043718907,264.6688619464063,-296.54977740982537,254.04042384252102,-436.5114192995174,0.4861006679988491,0.052207421846798635
664,96.39661348831665,266.9452606053324,-298.1541538701862,254.76306085885793,-435.00216296095664,0.48331102706812157,0.04575481914663251
665,89.97565924883867,271.9361237224529,-305.39341758660464,256.401331690927,-437.39785177612583,0.5231773993232685,0.031676413255361094
666,89.09051734033079,272.04986824965044,-305.6907259138079,257.0636405797463,-437.91703559351356,0.5287657495994528,0.031676413255361115
667,89.5635780042829,270.15491234087006,-304.0458862769652,256.2883646060642,-438.62833589242405,0.5256911043406645,0.03695581546458793
668,90.86629047401368,271.8414691289352,-305.0287346495734,255.85573922991384,-436.78813459736335,0.517589049047084,0.03167641325536108
669,95.04171482440375,263.79773908710183,-296.3692779159252,253.51474604478977,-437.64586997424635,0.4917334961914672,0.05455382282867724
670,95.73522092730948,263.5326377413418,-295.7517512590956,253.69145002093558,-437.27362799691053,0.4874954884642129,0.055433723196881696
671,92.27397749845466,267.46576808559206,-300.8625709479245,254.32175114097092,-437.9769737097933,0.5087212246545929,0.04399501841022364
672,87.9714634911767,273.13040396017016,-306.7105214966591,258.23755684305996,-437.9412906359008,0.5358914225050313,0.029036712150747726
673,88.0683521810198,271.58940378691,-305.44487654743824,257.8110148077605,-438.71602124402506,0.5351920015481025,0.033436213991770075
674,87.1639096602415,272.9543290800739,-306.5808842950508,258.93621382373976,-438.36361576211635,0.5409673319047509,0.029916612518952217
675,87.32015986896607,272.31843484901145,-306.0642077566081,258.64954134761416,-438.645876153209,0.5399424501518215,0.03167641325536115
676,97.70269457342721,257.9925936910714,-290.1561694854519,253.58033063845036,-439.0581866660182,0.47560874787042084,0.07196231319038396
677,99.10134616486111,259.18645082662835,-290.48505414694233,254.97997935327854,-437.91191139831903,0.46685697155325534,0.06909248429716323
678,97.81642299929284,260.9948392487312,-292.54423651277506,254.33480193154642,-437.39912881656335,0.4747546921168686,0.06335282651072188
679,87.55485357516221,271.36479767495655,-305.284307397742,258.2217501764648,-439.06206695320424,0.5384051275224273,0.03431611435997456
680,91.35540631705788,264.67426572293107,-298.9955462333235,254.01781546349412,-440.2262736363653,0.5143243048854539,0.05220742184679872
681,92.2738859604045,263.8011823301995,-297.8762996307521,253.49981851649719,-439.93476918360784,0.5086676783234301,0.05455382282867728
682,90.90437726557181,266.95266540812395,-301.02753163230517,254.74192209295532,-439.3670595322306,0.5171793913320473,0.045754819146632604
683,91.58214675048498,263.5375104456797,-297.9740862421526,253.66877643173098,-440.6488942770668,0.5128967616621571,0.05543372319688178
684,86.86099014632569,269.34199482444757,-303.6166499810178,258.4209635179567,-440.3860789333894,0.5426074376955731,0.04047541693740586
685,100.15794315294595,250.39205506008037,-282.93412343958283,253.98549314603966,-442.43031210790895,0.46095204774793047,0.0949209443361494
686,87.51060224409457,265.8781719883702,-300.8017138776632,257.0453325297045,-441.999658655588,0.5383248080256829,0.05015432098765502
687,88.2014303073419,267.29587938332287,-301.9266564655334,256.7438103566654,-440.9370744264515,0.5341135734640101,0.04575481914663266
688,87.52626389985431,267.7070267643711,-302.29590337712744,257.4375068941467,-441.0204523182141,0.5383515811912645,0.0448749187784282
689,86.81494569004937,264.4658369455418,-299.63112019685485,257.38219860962624,-442.99645380633143,0.5425360425873557,0.054553822828677406
690,87.49506755496486,264.0489296757711,-299.30753275953157,256.6531229931009,-442.97887415580345,0.5382980348601014,0.05543372319688186
691,87.63955813060704,261.7824177969453,-297.45316206566696,256.01730183996,-444.1254427483853,0.5372530467678925,0.06189986282578951
692,88.74457713800464,261.8651746400916,-297.42974123806414,255.075886528101,-443.54142475239024,0.5304003142964882,0.06117338098332319
693,98.82384864056648,244.20620367400085,-278.4038869860915,251.4058413406929,-446.0133094422522,0.4693958397124425,0.11213991769547356
694,97.96693025386095,243.08651744114673,-277.88227910801567,250.45103957321115,-446.9118982672152,0.4746847948124605,0.11500974658869427
695,99.62926898600413,243.33541998570848,-277.37483673744026,251.92719064930608,-446.2907274876487,0.464581274126349,0.11500974658869423
696,99.25441880562627,244.77005322783256,-278.68625336056397,251.90888501721895,-445.5993929323271,0.46675136216243346,0.11070500324886322
697,86.66879150700336,259.4463863375573,-295.5220981402926,256.40593668277677,-445.7123143391806,0.5430607911470882,0.06909248429716347
698,99.60979814762267,241.8391040859987,-276.1636259528687,251.57543088017476,-447.09673958405847,0.46479459477912705,0.11931448992852528
699,94.67866657341153,245.78577503285825,-281.9007199586749,249.38203259298345,-447.54536909878783,0.4941802519137968,0.10640025990903226
700,95.53411404488372,245.82843582279725,-281.4398800679879,249.64201242328815,-446.8713986108751,0.489128491570741,0.10640025990903226
701,95.16291083153126,247.30124268813847,-282.8554632505817,249.84675368757044,-446.36105290904,0.49129857960682555,0.10209551656920123
702,101.30832999206119,237.75888128072023,-272.31578228296223,252.2769087338218,-449.1526764211348,0.45500855627097464,0.13188352826510744
703,86.49369373088211,256.4892303073336,-293.0931599945998,255.91767564706342,-447.3363161334696,0.5439148469006403,0.07770197097682555
704,87.93288064174627,257.2495954636005,-293.73808196780345,254.74650465694714,-446.40903208184034,0.5351630705834748,0.07483214208360482
705,101.65937489341316,236.55707258268308,-271.2555871464481,252.35000178981704,-449.8138190733146,0.45305472172490274,0.13551819363222894
706,86.37439447109523,254.51766069794462,-291.47268019418647,255.59352584248688,-448.4173168887792,0.5444842174030085,0.08344162876326691
707,87.14588125673006,251.73237948160002,-289.24509436897836,254.23868826140523,-449.6631155828884,0.5395986506955116,0.0910945058118554
708,90.55057863963034,245.93925856259352,-284.0163419093008,250.23289862591395,-450.84724771416,0.5185944396270127,0.10640025990903235
709,91.49096368964842,245.85338730869074,-283.59641775668945,249.74024653524722,-450.15895483668373,0.51297790080026,0.10640025990903232
710,90.87577331353279,247.400797209747,-285.09662630245225,250.37935141646852,-449.8213796892051,0.5166998528047697,0.10209551656920131
711,94.14804693651993,240.12749410619983,-277.59139588409874,248.02694741362393,-450.9924624332645,0.4973262041144426,0.12266262363728284
712,94.68704191644477,239.80946817605522,-277.0242956035775,248.0418360962217,-450.7282141612774,0.4941940279698105,0.1236192332683564
713,94.68437312097043,241.80157883312094,-278.649767162299,248.4885712637756,-449.66726120882953,0.4941894359511393,0.11787957548191502
714,86.74740055335408,248.9777048996387,-286.9789181005536,254.0034055512893,-451.26213666695094,0.54181644075153,0.09922568767598068
715,99.47905031140753,231.02402534395844,-267.40692989777483,249.04709502561326,-452.91664747011845,0.46622076457135475,0.15042235217673833
716,99.48646527246416,228.92108185507288,-265.69123196546093,248.58615721298463,-454.04148861320425,0.4662928718724321,0.1564868962529783
717,91.461733539177,239.87940988105865,-278.73789498002816,248.41219692725355,-453.37024202168357,0.5129916768562738,0.12361923326835644
718,91.99821462931553,240.1747710723614,-278.74605975191093,248.27782984926887,-452.7728580576276,0.5098579700387513,0.12266262363728288
719,91.47123063853905,241.87067459672167,-280.3574009973123,248.85487384425775,-452.29980992742503,0.5129870848376026,0.11787957548191508
720,85.93178652967597,247.289835599738,-285.5230326189349,254.41372362299228,-452.36988660606386,0.5465719092450249,0.10448704064688528
721,98.53148728981085,229.99594628613357,-266.9541178223032,247.98572069465527,-453.7065001105758,0.47191200188422,0.1529672947801604
722,101.44744297855347,226.80414876182056,-263.357083410183,249.9688889982759,-455.02118672261867,0.4550546118488563,0.16352609919861402
723,86.50761906015987,245.0352123319604,-283.74288181856224,253.35394204578037,-453.4315024710197,0.5429551817562662,0.11070500324886341
724,100.796889010312,226.104844761136,-262.9612289742309,249.1846697554155,-455.39713164278106,0.45884877005743324,0.16522272760089543
725,97.91941211392087,228.91262062308294,-266.35521034796045,247.24756854461197,-454.50962979944757,0.4756120178583297,0.15583712367338112
726,97.57718488648672,231.08541776803816,-268.2951006093481,247.4785140852515,-453.4996827635067,0.47753113189600793,0.14944769330734256
727,101.46227896616585,224.70162040170342,-261.64122165192975,249.51535403167296,-456.14653140022733,0.45512671914993375,0.169590643274854
728,99.50457707128228,224.71446059998038,-262.2597692741795,247.66395382725727,-456.29103601637047,0.46643708647458687,0.16861598440545825
729,94.98186574472831,231.85299637947082,-270.3683294472873,246.32674378316807,-454.74515430856377,0.49258903570599116,0.1465778644141219
730,94.8653029283559,233.84009373184097,-272.05556283965257,246.7424752063182,-453.7749172105655,0.49323378782272165,0.14083820662768054
731,94.33940964077104,233.4909077936338,-272.07302085459287,246.56013559890815,-454.37904924250347,0.4962592706176771,0.1417948162587541
732,86.17181114782704,243.5985260449665,-282.53860445732454,253.35877242417055,-454.2843006773335,0.5448497685785092,0.11500974658869445
733,88.04634806629232,243.28849942096892,-282.330821660398,251.53800227758575,-453.78341928419536,0.5336166909250039,0.11500974658869444
734,87.02336186596193,244.45173204378264,-283.2946099070763,252.73478665101106,-453.5814676743139,0.5398423514791787,0.11213991769547377
735,94.80360193575044,230.84917721575948,-269.6530222090372,246.05601755283848,-455.41889144098513,0.49362070002590763,0.1494476933073426
736,95.42917546632461,230.88065462852603,-269.31669905451804,246.2495269171256,-454.9274082823645,0.49003641175206986,0.14944769330734262
737,101.55819446633636,222.53810000820692,-259.8561013269698,249.12498653672986,-457.3080097877442,0.4547522695901483,0.1758717782109597
738,99.67734347494554,220.38260208525634,-258.66913737886387,246.85536096339126,-458.5801697286488,0.46568818735501605,0.18117825427766965
739,95.03884903460462,226.87362302218122,-266.2776831552363,245.2250575761579,-457.3580910546259,0.49233119579244655,0.16092700888022535
740,94.68038244665865,224.86658974929205,-264.84942257170144,244.68460736648666,-458.7092447182393,0.49439452443227955,0.16666666666666674
741,95.62089440051304,224.91532146161802,-264.34454940872416,244.9831894660442,-457.9722751866644,0.4890578211238932,0.16666666666666674
742,95.50754405645583,226.89983112392704,-266.0276550900884,245.38511563319346,-456.9943613233738,0.4896628441382534,0.16092700888022535
743,98.56152861372956,221.81228060440628,-260.2752253670268,246.18259526728158,-458.07332087573064,0.47215058438547136,0.17655764926720105
744,98.00787854859912,222.53541228611107,-261.11650978050994,245.88958806625794,-457.88242464947933,0.47538178290069893,0.17424734676196676
745,93.58345126916649,227.5055296655053,-267.61845410902305,245.16374679887622,-458.1973339863298,0.50059089722964,0.15901378961807824
746,92.79246051584784,224.86302633295207,-265.88384190135395,244.64264218668782,-460.2771202387139,0.5050679310490523,0.16666666666666674
747,93.73641786650504,224.84895912649569,-265.36991503711295,244.56784379370126,-459.48843534522894,0.4997312277406659,0.16666666666666674
748,98.08936089029933,220.36563053569148,-259.31105817694504,245.46832394243373,-459.00986221477393,0.47500733334091355,0.18052848169807245
749,99.76524934970551,218.21689649228216,-256.8744679525353,246.45241471778274,-459.7258564378202,0.4653137377952306,0.1874593892137753
750,98.75177005931397,219.3157778527177,-258.1615858532308,245.7882739863371,-459.35373389956175,0.4711561462374499,0.18383149231102458
751,97.82553353441668,218.26282172483937,-257.72330256511685,244.7935317008271,-460.2399280684322,0.47662410511988373,0.18648473034437954
752,92.20712364484547,226.88034231771417,-267.8146548662616,245.2301999523248,-459.6945493308002,0.5084207639223464,0.16092700888022538
753,91.85144902244306,224.9090881864569,-266.36972127189904,244.90152603295138,-461.04189056595703,0.5104046343574388,0.16666666666666674
754,91.7388112405483,226.90867320890183,-268.0491735141798,245.39162341618325,-460.06738697223307,0.5110891155765396,0.16092700888022538
755,91.67298104534888,224.92129135183245,-266.4571810374649,244.97055262384617,-461.1818312967394,0.5114194221778976,0.16666666666666674
756,95.10441337096455,222.59198540531457,-262.7502031665156,244.28235554222857,-459.5945985304951,0.49202885353373843,0.173272687892571
757,95.57679421476422,222.61943369473124,-262.4992827919112,244.45024076480365,-459.2303082961305,0.48936050187954533,0.173272687892571
758,90.84712210811662,226.98369447810921,-268.4613126300367,245.81838740810704,-460.73715019018795,0.5162128935471675,0.16092700888022538
759,88.73970208017116,229.01637722810443,-270.61913322473606,247.7600082746357,-461.0421582877347,0.5286917165945193,0.15583712367338126
760,89.15427746242835,231.17310429570946,-272.3206311075777,247.89962971865108,-459.6606120152028,0.5263072301959366,0.14944769330734264
761,88.92071244931518,226.8843469755393,-268.8572882657432,247.13054579990018,-462.0797327500535,0.5274872241091757,0.16190166774962123
762,87.438802411338,228.99510282602395,-270.67804334061276,248.90706233615163,-461.6532145621293,0.5363770682726012,0.15648689625297849
763,91.67081668817983,222.62868350413686,-264.588567819203,244.45626998302342,-462.4062790061127,0.5113741327160857,0.17327268789257105
764,92.14256246181205,222.59897008130184,-264.35387807290806,244.2871745842712,-462.0324014484609,0.5087057810618925,0.17327268789257105
765,90.77289468067943,222.70569830200208,-264.9991645586265,244.89904650315088,-463.0753257970425,0.5164979106867136,0.17327268789257105
766,96.76599002742147,215.0791386238464,-255.67969776693087,243.3524731641078,-462.47644216775615,0.48280892783780294,0.19529275864558526
767,96.89780092124131,218.1508440697836,-258.11115589976447,244.12198826441187,-460.76113470015093,0.48196080842827016,0.18648473034437954
768,95.10363175416444,216.859891698259,-258.07840553585254,242.99494775257713,-462.6551427487714,0.49211819719876715,0.18978774095733172
769,95.56511072386192,218.03329113835954,-258.768046744945,243.41594415430683,-461.68772548072945,0.4895209579081152,0.1864847303443796
770,94.88988218362658,217.9962516454355,-259.1289415809713,243.1906466824964,-462.2133220562539,0.4933010326480376,0.1864847303443796
771,89.76969448351792,223.35966146111366,-265.82430513286687,245.68589696894466,-463.4420727716556,0.522321301558447,0.17172045339686684
772,83.16982166666432,231.6423568707007,-272.2821512080915,253.61621171390345,-461.11118201432146,0.5612440240725736,0.15093675546891983
773,83.87269882703606,224.7113600789656,-266.757037671198,251.38783549154044,-464.71942698866684,0.5565167444259304,0.17056530214425009
774,88.83485449652133,222.6124558137029,-265.3830387752236,246.24580561449207,-464.4030335281301,0.5277722412487218,0.1742473467619669
775,87.80358515541653,224.7268589466774,-267.18594900995765,247.61994298480107,-463.7735173568846,0.533968083301914,0.1686159844054584
776,87.24354652897196,220.45829989007524,-263.7070909821954,247.18102115591455,-466.27010653174716,0.5369471025516934,0.1811782542776698
777,85.66993478088608,226.84827216529493,-268.8084829670538,250.11154167596422,-463.3208877643702,0.5464469063492658,0.16352609919861427
778,91.23046181924025,218.07794072418545,-261.0584182473306,243.62492415740968,-465.18994399677206,0.513758034916114,0.18648473034437962
779,91.5745681214834,216.90380501564522,-259.96296281419336,243.21008245354167,-465.54121832359715,0.5117968851826116,0.1897877409573318
780,91.90184564717254,218.02776329411583,-260.737034224708,243.33839897628556,-464.6723687883813,0.5099779601761916,0.18648473034437962
781,85.85144185430727,224.71346356797773,-267.08923626967254,249.45955194694446,-464.4209143729808,0.5452424138639222,0.16959064327485424
782,88.56509194144792,220.4733902733933,-263.6665133533734,245.99774576066923,-465.68323050898624,0.5292617508736115,0.18052848169807256
783,88.9026363646108,218.35574023148376,-261.9021186659374,245.23791181996802,-466.63619026635945,0.5271622816145749,0.18648473034437968
784,100.03642764029546,203.12556173527253,-244.49177984560993,243.3342184647226,-467.7696479964758,0.4646845642374112,0.23107537361923358
785,102.34207364079995,205.23318745970244,-245.58709794678796,246.0242867957465,-466.62027365372865,0.45175667311186496,0.2261208576998053
786,100.41469294946782,204.90789474356,-245.81872886229473,244.08963242898622,-466.77564967087295,0.46244755319623065,0.22612085769980536
787,99.53090084444385,203.6165967271869,-245.06912886844376,242.9764175991326,-467.58157365245273,0.4675025205851396,0.22942386831275755
788,98.53874761742048,204.60833559620445,-246.26765942599377,242.31372822821814,-467.2774216301328,0.4731384332805964,0.22612085769980536
789,87.5637442729649,215.12498672562884,-259.3536008329995,245.69597665568722,-468.9844909042562,0.5347800143777988,0.19639376218323618
790,88.02700502966485,215.05111243361512,-259.2793916625168,245.26009612393474,-468.8273969917661,0.5321116627236055,0.19639376218323618
791,88.34944594365768,216.1468776736071,-260.1541042099794,245.21806851516482,-468.0941888588668,0.5302927377171854,0.193090751570284
792,100.22985882409365,199.71868403326187,-241.6535596805748,242.75367646262714,-469.5720727910552,0.46381751464448767,0.24098440545809002
793,99.40494710065352,200.15819818649038,-242.29843363047448,242.08678655560956,-469.45520499682624,0.4684158282173109,0.23933290015161393
794,101.20260740825356,197.0158563295426,-239.16189694158422,243.07664101732504,-470.96387505698004,0.4586411680097153,0.2492419319904704
795,95.44395207520691,199.10803250599753,-243.41405602768955,239.12129081193262,-471.878484570431,0.49054034648850364,0.2409844054580901
796,95.84774656448934,200.855921262577,-244.60476893179265,239.67745442650423,-470.65717611835,0.48830333544732313,0.2360298895386619
797,94.8645205775417,200.79728433410736,-245.1262620148789,239.3214152720384,-471.4135644147234,0.49364877548950603,0.2360298895386619
798,100.6221443773014,192.90619268828408,-235.98273769488193,241.60265860567438,-473.186484562745,0.4620834154586404,0.2608024691358029
799,90.50835403734348,199.2313725372647,-245.95077531532135,239.7890517542908,-475.8017463068312,0.5172631783325197,0.2409844054580902
800,91.23238122204819,200.88025315167124,-247.04091916389666,239.76573649823635,-474.36868418814254,0.5133274634733505,0.23602988953866194
801,90.16319312007656,200.99053466497082,-247.48649148694415,240.40339131661196,-475.11069789505177,0.51923768199923,0.23602988953866197
802,85.29391616607847,205.19129629030024,-251.08722414091534,245.64241387594993,-474.94071125370687,0.5468275634361699,0.22612085769980556
803,87.79531160669617,208.21042988469952,-253.70481269194894,243.9401885197136,-472.57091361142574,0.5330459151919515,0.21621182586094903
804,87.41616179745316,204.8331305497441,-250.95329641138326,243.53542013147472,-474.52298148951184,0.5350071263844104,0.2261208576998055
805,86.22792048749088,203.8840931286572,-250.12871533243742,244.44536347099992,-475.4206072314964,0.5415710819744431,0.22942386831275768
806,88.07893965870048,201.28730836273104,-248.04604437379754,242.1390666663108,-476.13755983529296,0.5310581190509895,0.23602988953866197
807,85.62500703269757,203.41381130017618,-249.68259620105545,244.92100950994507,-475.8201080108137,0.5448530597694594,0.23107537361923378
808,95.09787748063297,189.34209136475772,-235.6552623134901,236.81350540644348,-477.3478209475745,0.49253751128255613,0.2690599956681834
809,95.96403518165019,188.82611455905953,-234.73468982054317,237.02897545317217,-476.9997856389431,0.4879391977097329,0.27071150097465946
810,96.13221607174654,190.94214497640917,-236.36282706905644,237.58534470007743,-475.7571919584727,0.4869844595807408,0.26465598151758046
811,101.99069495975525,182.23933067359258,-226.92803743502117,240.5372433543098,-478.8877760837505,0.45546198071866817,0.2922081438163315
812,101.1501461103002,182.32612865284912,-227.21362388896495,239.74414055675268,-478.82784036516927,0.45991578657103693,0.2915448343079927
813,100.17076209949158,186.52634918828358,-230.930291196375,239.7479885991181,-476.64001838958796,0.4649476298456164,0.2789690275070397
814,84.89223252910719,201.05554668595659,-247.65266092472254,245.10785671454502,-477.2137040030394,0.5486806625930173,0.2382318966139635
815,98.69065053238691,183.9946857611082,-229.4078442152876,237.8254823868052,-478.2474296312469,0.4732772073983394,0.2855750487329441
816,101.17014817247937,180.94770842414806,-226.0864451522261,239.45248867233437,-479.56521635842296,0.45991578330084065,0.29552469135802517
817,98.72731875913378,179.85613779845264,-226.02055693819932,236.9284500764701,-480.44857280757526,0.4732771975877505,0.2975146198830414
818,85.77699688599992,198.80348514435488,-245.9378867508022,243.7475444862844,-478.24290101695686,0.5436969936455613,0.24428741607104237
819,88.23891622753575,196.6766202820852,-244.27727029982773,240.96427802796939,-478.5236441576503,0.5299020529270915,0.2492419319904706
820,88.18597838341486,198.21359043955036,-245.53360104632247,241.35604782305046,-477.72841088686243,0.5302874083017242,0.24483791783986772
821,98.70188677004695,182.61544844041396,-228.27874845526108,237.5264716152133,-478.9811440216905,0.47327720412814306,0.28955490578297655
822,101.19023853150532,179.56943596177163,-224.95926639668443,239.16083678354272,-480.3025923226551,0.45991578003064437,0.2995045484080576
823,102.0466102754393,178.56406980451732,-223.92295706846613,239.76526639610185,-480.85580659479433,0.4554619719981448,0.30282109594975126
824,100.35495805629111,179.6583981203736,-225.27966973172178,238.38403437140573,-480.29722932478285,0.4643695858830131,0.29884123889971886
825,98.7510113348056,177.09660232453206,-223.76236542511933,236.3304285439733,-481.91600160014667,0.473277191047358,0.3054743339831063
826,101.22539322438817,176.81258343982608,-222.7049088306995,238.57753299343233,-481.7773441664047,0.4599157734902518,0.3074642625081225
827,101.59055953853924,176.18392540338408,-222.0961787412226,238.78911989165033,-482.11375806127757,0.45803552290575467,0.30945419103313865
828,100.62572030371349,176.48121951968275,-222.6081181335948,237.9295130952023,-481.9777227611104,0.46311607895295576,0.3081275720164612
829,99.44505570561725,175.8253310156834,-222.46421010980828,236.67526292407138,-482.45822306737097,0.46951668987836365,0.3094541910331387
830,97.9252720320419,178.1271359188258,-224.9694062041216,235.87271756175096,-481.63718448941444,0.47773099907985755,0.3021577864414126
831,97.91490128428283,179.50706452637752,-226.0988977321917,236.1745199665837,-480.904355377181,0.47773100235005383,0.29817792939138016
832,97.08864185301105,179.17190677622585,-226.2439366391135,235.49994097613646,-481.46957401754463,0.4821848071123571,0.2988412388997189
833,98.04788086176349,176.30235797316334,-223.42388435836793,235.5609547054973,-482.5634201928222,0.4771375239491653,0.30746426250812253
834,98.39951587784375,175.66201420296454,-222.74219841313976,235.70669601490135,-482.78226019114027,0.47525727336466816,0.30945419103313876
835,97.33309238093186,175.51708968031815,-223.13720379877688,234.84678823294163,-483.2951889082614,0.4809978568509727,0.30945419103313876
836,99.12574729794648,173.932215622147,-221.03773540332315,235.95775171544136,-483.52414460195405,0.47136550527420307,0.3147606670998486
837,98.26412494883778,174.26077906811759,-221.6605737572446,235.27935884598543,-483.57507781106636,0.4760504141411172,0.31343404808317116
838,98.96601112529221,172.98593679584934,-220.326809585452,235.60057676074996,-484.06077918768074,0.47228991297212286,0.31741390513320356
839,98.98591124229355,172.068375868891,-219.57116572572667,235.41270718699482,-484.5466603700462,0.472225202719325,0.32006714316655854
840,98.04509285675383,171.46693514391382,-219.48406681418433,234.47442804300783,-485.145620290125,0.4773399603088001,0.321393762183236
841,86.45861115005468,184.50576731808565,-234.32938039290667,239.8916975073821,-485.67304086145316,0.538985037343704,0.2851508916323739
842,96.06782361719597,172.62258136741076,-221.46937975645739,233.4407155982846,-485.5777349442858,0.4877312511197447,0.31741390513320367
843,97.0494863080885,172.72041556298777,-221.00623245483322,234.02669253450182,-484.9333961933647,0.48258413840387077,0.3174139051332036
844,96.21530228925448,174.01675820482177,-222.52259528487642,233.82677109704437,-484.73754387461537,0.4869381103432956,0.3134340480831712
845,96.64593162166796,170.83421426825274,-219.6883635375015,233.3500741641938,-486.1685369347813,0.4847638929073302,0.32272038119991353
846,97.87836024397195,171.44361295755635,-219.54433293043388,234.33777785651768,-485.2233236226097,0.4782301664644458,0.321393762183236
847,89.45472862249204,178.1269787505633,-229.0148604453263,235.78314545527726,-487.7764814606656,0.5222690521532177,0.30215778644141267
848,88.65238902457659,179.85573659578625,-230.53579488136376,236.8284945675187,-487.30080558342627,0.5267228612757826,0.2975146198830415
849,88.62889986405091,177.09662490354043,-228.28850840562396,236.23022935154282,-488.7847834064616,0.5267228547353902,0.3054743339831064
850,89.46484215242845,179.50671822052902,-230.13788414129652,236.08509201726343,-487.0338369979382,0.522269055423414,0.2981779293913802
851,90.29127876522946,179.17180132321252,-229.66676363376578,235.42415620712944,-486.66398501796226,0.5178152495710453,0.298841238899719
852,97.3408899459166,168.14966118184503,-217.12945402185633,233.1978276494045,-487.2242399227394,0.4812030617443545,0.33068009529997844
853,97.83373597777289,167.2926216066604,-216.18411187738943,233.36962158586738,-487.4583728856426,0.4786350522645005,0.33333333333333337
854,96.47313569211451,167.13322827044345,-216.76744048998265,232.41952278430202,-488.2483526762974,0.485756701509667,0.33333333333333337
855,97.15689907570714,167.20681183000275,-216.45652813490295,232.85938466808983,-487.8205321018203,0.48219587688708376,0.33333333333333337
856,85.38589260062511,182.2383273761009,-232.37634494068402,240.41656053548326,-487.1560088700225,0.5445380868653884,0.2922081438163317
857,86.22612829024845,182.32604829039252,-232.53369161236327,239.62618706140836,-486.90144794212523,0.5400842821030851,0.29154483430799294
858,86.2089242597128,180.94726734654546,-231.40753816576654,239.33451228275706,-487.64037987470783,0.5400842788328888,0.29552469135802534
859,89.33202009346138,176.30235724457725,-227.5498468469401,235.46959967011048,-488.8248947641478,0.5228625185633866,0.30746426250812264
860,88.98024392766737,175.66207719181455,-227.08174271049845,235.61061680203835,-489.36786255103283,0.5247427658776874,0.3094541910331388
861,90.0467743679879,175.51713887811658,-226.75483062339836,234.76668685606396,-488.785223715257,0.519002182391383,0.3094541910331388
862,87.934612707919,175.82552329070484,-227.2826993525879,236.56859391758258,-489.77066378315834,0.5304833493639919,0.3094541910331388
863,91.31203069671287,172.62261029047477,-223.9807446086303,233.38511491915412,-489.3889303169668,0.5122687750418261,0.31741390513320367
864,91.16453397687513,174.01681625759517,-225.1734409599117,233.76808216791775,-488.7604124400595,0.5130619223586677,0.3134340480831712
865,90.33035456665704,172.72046669794673,-224.39785558552725,233.95159533693322,-490.08045252258415,0.5174158877577,0.31741390513320367
866,87.00349514452023,177.82060514373245,-228.9016303840195,237.8785107166801,-489.05746297409075,0.5356304664401276,0.30414771496642895
867,85.34591837394152,179.48321364823087,-230.12314575050016,239.837562704798,-488.6329589619593,0.5445380803249958,0.30016785791639655
868,89.11564117469106,174.26087686684724,-225.92081496868735,235.1850317496424,-490.0403310790995,0.5239496185608459,0.3134340480831712
869,86.1712193989353,178.19055094887403,-229.15523131464846,238.75116269652153,-489.11824380087927,0.5400842722924962,0.3034844054580902
870,96.66254222987286,165.00969989855759,-214.93205875129843,232.05140071209686,-489.26821669016937,0.4848335247556639,0.33950617283950624
871,97.00607251153914,165.0468559270071,-214.77640737036168,232.2734310455685,-489.0542231365894,0.4830531124443722,0.33950617283950624
872,97.44145243625388,164.02754430305708,-213.71792394333247,232.34370128791704,-489.3760279640314,0.48081111175607905,0.3425925925925926
873,86.75379655342584,176.48130580523565,-227.7981238243181,237.81443061332584,-489.8539500213427,0.5368839624695306,0.3081275720164614
874,86.15380212099802,176.81236926720112,-228.02907790960938,238.45948788918702,-489.85717579370674,0.5400842690223,0.30746426250812264
875,88.25404710962562,173.93231731081755,-225.73087021255637,235.8538680181064,-490.64635103874974,0.5286345252476291,0.31476066709984873
876,88.41385183897734,172.98599279212084,-224.9525419196665,235.49817646252708,-491.0806961207488,0.5277101131894477,0.31741390513320367
877,89.50150508906646,171.44364981572352,-223.55881450931673,234.24888632135625,-491.31561659823484,0.5217698531567324,0.3213937621832361
878,90.73394355758063,170.83425922350654,-222.73396302205302,233.28264060809798,-490.790475218644,0.5152361245337173,0.32272038119991353
879,85.78930260963082,176.1833415614659,-227.48251018897886,238.66975648310589,-490.28793190474505,0.5419645163366009,0.30945419103313887
880,88.39397589592554,172.06837767547515,-224.2054461304516,235.31011736852759,-491.5795496508135,0.527774819081984,0.32006714316655865
881,89.33477372533133,171.4669643112589,-223.60825526033682,234.38310844043227,-491.40440222061943,0.5226600593123782,0.3213937621832361
882,90.03910044317868,168.14959892031175,-220.7522837047922,233.11760652266173,-492.72217001634294,0.5187969426159081,0.33068009529997844
883,89.5462492539823,167.2924537518876,-220.16645929665012,233.28143834499318,-493.50189940545965,0.5213649477355005,0.33333333333333337
884,90.22302591170961,167.2067309819838,-219.93436497823677,232.78237458414418,-493.0984241571628,0.5178041231129172,0.33333333333333337
885,90.90682113217409,167.13313881406907,-219.65807246829985,232.3555198418856,-492.63511544552114,0.514243298490334,0.33333333333333337
886,98.63768043664155,156.69483231910257,-207.18363206002886,231.6504420106273,-492.8381786463847,0.4748245605525572,0.3641975308641976
887,98.41189682608942,157.73268028313595,-208.12651921880774,231.68838972636755,-492.3516878444231,0.4759792363799359,0.36111111111111116
888,97.73163342211758,157.63694748376415,-208.36521601113276,231.12107555004437,-492.6567971307337,0.4795316023840204,0.36111111111111116
889,98.35969088144019,154.51124912878916,-205.522578802465,230.9239679059662,-494.08656470860944,0.4763664249417242,0.3703703703703704
890,99.09104793620993,154.62388412133333,-205.31516069237162,231.58977032418332,-493.83900533118873,0.4725152088977998,0.3703703703703704
891,100.44088924515842,154.84661859552747,-205.04589759825103,232.90234978202847,-493.56319897541476,0.4654104768896307,0.3703703703703704
892,90.61443837731514,165.02009887982626,-218.0339565997731,232.04541470331552,-493.98196524225483,0.5156940048180529,0.33950617283950624
893,90.95899524792458,164.98534510265029,-217.88843380596012,231.8443900159911,-493.7403605732337,0.5139135925067613,0.33950617283950624
894,90.25571552030681,165.77470170810517,-218.75747087317177,232.43863184673137,-493.83930466580443,0.5175843191238688,0.3374485596707819
895,89.80188895585204,165.83050473332423,-218.91923784405913,232.76288383870505,-494.11812415534587,0.519958202205591,0.3374485596707819
896,90.2715714173882,165.0583073618547,-218.1689568403552,232.26676709512503,-494.2096437941365,0.5174744171293446,0.33950617283950624
897,88.90777178358707,165.95530308031283,-219.17834476424423,233.49035527731655,-494.5858723064506,0.5246975097505364,0.3374485596707819
898,89.25778532680033,165.18978263174918,-218.50478317717378,233.03233279783015,-494.7978648065326,0.5228029661354711,0.33950617283950624
899,94.31138541219718,159.14461595994152,-211.4990071997228,229.85471510623447,-494.0852698848303,0.4968787833555138,0.35596707818930046
900,85.951961474943,169.2504822811287,-221.84039863141547,236.960196668413,-493.9398163021921,0.5406329242474058,0.32935347628330097
901,86.21870822191181,167.82395089260984,-220.699088957655,236.38401316195646,-494.6267921600254,0.53914369499292,0.33333333333333337
902,99.38623599623214,153.0655716847899,-203.93836550649996,231.51341529657577,-494.62381371783044,0.4710136766504857,0.37500000000000006
903,93.63727842677861,158.42263647472103,-211.28914566411132,229.6434555458803,-495.02709179064806,0.5002637647868584,0.3580246913580247
904,93.99258399432259,158.4246980713977,-211.09319731742931,229.65771585607663,-494.73073324199083,0.49848335247556674,0.3580246913580247
905,93.2819961386925,158.42586434527536,-211.48379088951103,229.65737374333602,-495.32433424866116,0.5020441770981503,0.3580246913580247
906,100.29351972685484,150.00156697365034,-201.14443752891464,231.67547709041273,-496.1641217194755,0.4664499942633608,0.3842592592592593
907,87.54234934162815,164.0301714473684,-217.66408660824487,234.28127286426243,-496.2116094862134,0.5319341241521337,0.3436213991769548
908,96.42504076111862,152.6652245471564,-205.00289657830376,229.14263568615945,-496.0007228099748,0.4863501722800977,0.37500000000000006
909,95.20851707787583,150.96570052060855,-204.31683677740517,228.22690911736038,-497.7500067765016,0.4924827035745467,0.3796296296296297
910,96.15953702878481,151.03292137370104,-203.8242197609433,228.6349471470326,-497.04279103482025,0.48773493741110213,0.3796296296296297
911,96.89405210350559,152.7130691729326,-204.78471236187838,229.43114794500136,-495.69844807658194,0.4839762891983754,0.37500000000000006
912,95.059951145242,153.81495972070653,-206.72490572664466,228.82132746647582,-496.3412826889138,0.4931860763395015,0.3713991769547325
913,97.25755087205629,151.14759043989002,-203.31671617662766,229.31988524544678,-496.3410979866017,0.48217590691122136,0.3796296296296297
914,96.83387454959632,149.49178447957567,-202.19274429696145,228.66915199582266,-497.45176747552665,0.48437193637866244,0.3842592592592593
915,94.49026154961342,150.93524251549022,-204.70711707316582,228.0391917485871,-498.3240843850241,0.4960435281971301,0.3796296296296297
916,95.02456324300036,149.88490312980016,-203.54237114285237,227.92817274692712,-498.46595967480874,0.4934058803285497,0.38271604938271614
917,93.75872942601174,153.60155615137865,-207.29439608852732,228.5619525832049,-497.5010076355475,0.49967029401642793,0.3719135802469136
918,93.7709735233363,150.9231664661186,-205.10398243894576,227.9606002710674,-498.919263162439,0.4996043528197135,0.3796296296296297
919,95.91614132365865,148.87007702674705,-202.19959811202776,228.03293810065352,-498.3591992008257,0.4889878201486778,0.3858024691358025
920,94.65455762750105,147.7264648053022,-201.99715171488543,227.3507860169149,-499.90554864333035,0.49525223383655564,0.38888888888888895
921,101.68144260553738,143.26506922029813,-195.2653996038711,231.49440118255538,-499.7251775644444,0.459835067304044,0.4043412930474298
922,99.44993862387045,145.0396511505577,-197.3771171410337,229.76493666578764,-498.8994170310051,0.47110719344839647,0.39814814814814825
923,98.50279465089022,145.96103413524733,-198.49268363156847,229.1215337996441,-498.6061080543145,0.47598902890029404,0.3950617283950617
924,94.22473743660055,149.85713001186392,-203.98018768038014,227.75641945546792,-499.11390708174764,0.49736235213142016,0.38271604938271614
925,93.4242174448805,149.8528873364796,-204.4215306429958,227.7229410054477,-499.7812701181005,0.5013188239342906,0.38271604938271614
926,93.69051558088952,147.70920092633,-202.5285627720855,227.23681445863093,-500.70161748928194,0.5000000000000002,0.38888888888888895
927,98.48283683891884,145.42239284318975,-198.06231518818862,228.9832768598094,-498.8996551821245,0.4761149215860319,0.39660493827160503
928,98.09169045764953,144.82960366539277,-197.75493035085347,228.52579813061823,-499.347666592376,0.4781415560576906,0.39814814814814825
929,92.35564315529697,148.81334891207348,-204.11996594155477,227.65604824427206,-501.239519603278,0.5065941196714511,0.3858024691358025
930,92.34875816363413,149.52805144746478,-204.70583985771557,227.81851535145734,-500.8642126472772,0.5066380804692608,0.38374485596707825
931,92.72704948142496,147.7263009427847,-203.05179262579392,227.32743742912467,-501.50604996117767,0.5047477661634447,0.38888888888888895
932,91.8115312193687,149.38092567386454,-204.83125003038796,227.95589926062976,-501.3893430036012,0.5092977087367458,0.3842592592592593
933,90.27947158425724,150.77264142453535,-206.52473449467428,229.05382038285325,-501.8308192456307,0.5170217042971708,0.3806584362139918
934,90.48170664752283,152.17810980740535,-207.6105469355564,229.24211560367186,-500.93570838338826,0.516037024118867,0.37654320987654316
935,89.87160401360435,152.25081011770666,-207.83629098274193,229.66411171011106,-501.32169813544886,0.5191495736816902,0.37654320987654316
936,91.63709603228807,148.8575379357322,-204.4794529085071,227.9055566166702,-501.8112419326145,0.5101549442940345,0.3858024691358025
937,96.65322567312978,143.5810770875781,-197.47330908258598,227.23120578902697,-500.71142726262764,0.4854277040384604,0.40123456790123463
938,91.52032336934309,148.50937081257,-204.2439525293101,227.87532287175392,-502.0913735271631,0.5107264346655601,0.3868312757201646
939,89.46753931259744,150.87587684397332,-206.80196029494996,229.6541070800642,-502.31317629178693,0.5211717703809351,0.3806584362139918
940,89.35380734081866,152.32001679340487,-207.9999315011473,230.06737126589758,-501.6113964605094,0.5218138481847533,0.37654320987654316
941,92.00549356073822,147.76153949993915,-203.4248261343411,227.5237676430395,-502.09295500579117,0.5083085907860281,0.38888888888888895
942,91.2882656131797,147.81386969608164,-203.77042771039677,227.82275571202533,-502.6486036665217,0.5118694154086115,0.38888888888888895
943,92.07854807249856,145.61457289671347,-201.64113392559588,227.01726901716015,-503.17731190942993,0.5079129436057411,0.3950617283950617
944,92.88523096987021,146.6499148797481,-202.09375745769538,227.05795776951987,-501.9459824312412,0.5039564718028706,0.39197530864197533
945,88.72439594831178,150.98416728939603,-206.9964644351935,230.28421380347913,-502.67284178437984,0.5250229864248593,0.3806584362139918
946,90.57754948309307,147.88206039188807,-204.0788981102924,228.2177111249266,-503.1575746319368,0.515430240031195,0.38888888888888895
947,93.02954041698445,144.8604240372907,-200.56022404884823,226.6351783272733,-502.7779230056201,0.5032311186390112,0.39711934156378614
948,91.75500858992325,144.5635616822788,-200.92912659894645,226.89432682615458,-504.00606082996893,0.5094955323268893,0.39814814814814825
949,93.50759338409694,144.49581173728467,-200.00905261766366,226.51622031140312,-502.5692692065388,0.5008902061556462,0.39814814814814825
950,93.668963604704,145.03102605070893,-200.35677667600592,226.6348715970163,-502.1481236974862,0.500098911795072,0.39660493827160503
951,93.56772974451067,143.42406476779067,-199.1027287738136,226.274204740414,-503.09058590168434,0.5005934707704308,0.40123456790123463
952,91.17974581151273,145.68065067484414,-202.07326321744958,227.3949148861921,-503.8724637859027,0.5123618597293456,0.3950617283950617
953,91.01930857768372,145.1596424577711,-201.7087913729525,227.3590214107426,-504.2765680951553,0.5131531540899197,0.39660493827160503
954,92.71769042927588,142.90573964846794,-199.12668086662413,226.2458506180422,-504.0857949170954,0.5047477661634447,0.40277777777777785
955,92.0814771516873,142.9355337558591,-199.45643942441455,226.41435061953734,-504.60410037156385,0.507860315726268,0.40277777777777785
956,87.7895747136391,147.20541552610933,-203.94990758452593,230.27843745668454,-505.0943865352272,0.5297534184249768,0.39197530864197533
957,87.4765490571755,148.32860346735376,-204.8600767596243,230.82206799731009,-504.6095741793275,0.5314412629050713,0.38888888888888895
958,86.43950671460348,148.50263576886076,-204.95327543713066,231.84018139553496,-504.8547146748102,0.5367698119111974,0.38888888888888895
959,86.53606464928242,145.15023155517736,-202.22544716735084,230.9969304332579,-506.61262224700374,0.5360808413468292,0.39850010829542937
960,99.66935360279807,130.06704023276572,-185.10043540699712,226.60508403112163,-506.86388162619386,0.47072041501352757,0.4413850985488364
961,86.58569252565317,143.47391339395736,-200.86146426634602,230.57487182085734,-507.4914274911783,0.5357363560646451,0.4033057179986995
962,87.71990000032173,143.8814290940739,-201.23928517267055,229.5975703905593,-506.8949509072689,0.5299525393616297,0.40158652804851575
963,87.00820661851634,142.86725099473378,-200.3902929780163,230.03850994670003,-507.6824926441045,0.5335602965730664,0.40484892787524274
964,88.78560244868089,141.6894575520227,-199.41626575068017,228.1441507509425,-507.6039473068633,0.5243196136599044,0.4074074074074076
965,87.20869240362163,141.46643918041045,-199.2566237270177,229.53451477675543,-508.36311122733025,0.5324583048367809,0.40878817413905083
966,87.60721877794339,138.66429183847123,-196.98550355869696,228.52855707783706,-509.7188075285007,0.5302543213642101,0.4166666666666668
967,93.27967833222519,133.7832314188123,-191.40291148935984,224.12162452991726,-508.47974455546944,0.5019782359014355,0.4290123456790125
968,92.70759024908514,134.8703452055026,-192.58482800263732,224.44320604719567,-508.3853699585351,0.5047477661634447,0.425925925925926
969,93.69138181432194,134.85167742571073,-192.05063421467332,224.34844962906772,-507.5638539940348,0.5000000000000002,0.425925925925926
970,88.58876031060481,139.04090205664954,-197.2760493589307,227.71788113962992,-509.1162918216852,0.5252119344701751,0.4151234567901236
971,89.58608118362775,139.43110034654973,-197.45245361875084,226.9922361589372,-508.3489440492223,0.5201695475761402,0.41358024691358025
972,99.09480336312984,127.83115664660858,-183.47720466854767,225.56712326138927,-508.13386997447986,0.4737508051443924,0.4475511695906396
973,89.45550678339961,137.6634997277086,-196.03741106469218,226.69421072530932,-509.3736521946435,0.5207644281163205,0.418724279835391
974,89.38958403916129,136.77958796090962,-195.32929856324387,226.5462139818321,-509.88521098363015,0.5210618683864108,0.4212962962962964
975,90.4032667039611,137.18649225895572,-195.4172001025458,225.92131098877329,-508.9935948647595,0.5160194814923758,0.4197530864197531
976,100.22793642666616,125.22014260187177,-180.9764036282218,226.04830608469373,-509.40554696144113,0.46814152484078936,0.4556124106562663
977,99.77819995748884,125.53243072728824,-181.37009592997424,225.69182661454684,-509.27169649110317,0.47037781912402155,0.45449561403508404
978,89.88922157620576,135.46293839333558,-194.15142266282257,225.8785272183784,-510.2711066922254,0.5185252469675271,0.4248971193415638
979,98.43889783389524,126.48143575476115,-182.6446043137568,224.68767033906653,-509.0187811632181,0.47708670197371816,0.4511452241715375
980,89.22485573680109,135.7316546698522,-194.50332831309845,226.44092224199233,-510.5425498700138,0.5218531627469849,0.4243827160493828
981,92.78279740025795,130.58060884533933,-189.0519653296119,223.46571819203112,-510.6101605841562,0.5043521189831578,0.4382716049382717
982,91.70615033850399,128.49506117382052,-187.85698368792256,223.30420456695077,-512.6243261878775,0.5094955323268894,0.44444444444444453
983,92.69773000623155,128.44114691261998,-187.35134576058164,223.0010904731451,-511.825030074761,0.5047477661634449,0.44444444444444453
984,99.1304077261091,124.17752076895235,-180.4854517284921,224.78157847891012,-510.0743794581367,0.47371371595334716,0.45808966861598194
985,87.08037842072551,136.24713675736584,-194.9966888018749,228.48087469339504,-511.18761445977543,0.532808316774724,0.4238818496859425
986,99.82451061437418,121.88145013321088,-178.38033510051875,224.9119759618649,-511.2158124698008,0.4703407299329763,0.4650341130604265
987,98.92607034208069,122.50991593596689,-179.20432719519854,224.22048073882013,-511.00593054111744,0.47481331849944075,0.4628005198180621
988,86.81447954171671,135.0395847747542,-193.9981917587345,228.46271855988948,-511.91638023445455,0.5340853144799809,0.4274894411955803
989,95.77487600233366,124.48423114662197,-182.40749348016598,222.49120795376157,-511.47204595364815,0.4900988355048932,0.4560185185185185
990,97.09311346481466,123.8066799139703,-181.11947801450836,223.06481866350964,-511.01532314055333,0.4837584956323695,0.4583333333333333
991,96.38762065036359,126.14318132716278,-183.41092590670254,223.16143316343312,-510.18015841934056,0.48713148165274045,0.4513888888888889
992,95.80703560349181,123.14716529405399,-181.2991257578062,222.20503028150193,-512.1626452071628,0.4899636247821539,0.45987654320987664
993,89.84799112403476,130.8251440855762,-190.38280630393203,224.8666786482598,-512.7752244101456,0.5185954174734912,0.4382716049382717
994,89.51259023973012,128.72681655904236,-188.74479290111537,224.64185644369832,-514.1096215916514,0.5201780061946394,0.44444444444444453
995,90.23667393803603,128.63470488643492,-188.49702562329622,224.10697111024885,-513.6786847381759,0.516617181572056,0.44444444444444453
996,88.79657345678294,128.83032395660467,-188.93733641558177,225.24313397805875,-514.4633766908054,0.5237388308172227,0.44444444444444453
997,100.27807887984252,119.81396341083843,-176.55701682237276,224.8804002173567,-512.2882218614566,0.46818221306788865,0.4712069525665993
998,91.70204363115897,127.4240638459876,-186.9855075040382,223.06486310003584,-513.1988772289473,0.5094955323268893,0.4475308641975309
999,90.9678213620148,128.55670423901333,-188.19878167620269,223.6564206129205,-513.1796048299113,0.5130563569494727,0.44444444444444453
1000,100.7540716905932,118.28760927051127,-175.1748043702978,224.99175647218783,-513.0838783545825,0.4659335557209747,0.47583658219622893
1001,85.7558952216886,133.07626356321632,-192.31342873215982,229.03648870401662,-513.260905310645,0.5392287278237125,0.4336622807017531
1002,87.47704387495006,132.9668466655422,-192.33875552070253,227.3724965294154,-512.8054671335838,0.5306364865923948,0.43314110894520175
1003,91.57254116563954,125.82643310499097,-185.73805688905287,222.75779701699042,-514.1568148709895,0.5100890030973199,0.4521604938271605
1004,90.71263868264217,126.43952721939064,-186.56157289949445,223.3206384547704,-514.5039454854551,0.5142432984903338,0.45061728395061734
1005,91.69450883664854,125.28170405726038,-185.24255513907767,222.58618017090228,-514.347979315832,0.5094955323268893,0.4537037037037037
1006,92.44214628009365,125.23773366229102,-184.86581672988885,222.33773527175046,-513.7501458343647,0.5059347077043059,0.4537037037037037
1007,90.95233717280891,125.34413163037735,-185.58560360632615,222.94180990671921,-514.9055054852505,0.5130563569494726,0.4537037037037037
1008,99.97425515358026,117.50291106096265,-174.76511154450387,224.0707418406883,-513.540175709043,0.46980682597484497,0.4777182152913131
1009,89.7463772213001,127.62421598658963,-187.79730866787452,224.2195692340579,-514.5500563300851,0.5189910646537783,0.4475308641975309
1010,100.71766066200638,116.67463548366075,-173.87083420110866,224.59356258776802,-513.9466524676353,0.4662039771664534,0.48046621182585847
1011,97.38068266338794,119.55418276399098,-177.50574563043807,222.30410041203936,-513.1392408599253,0.4824989562361732,0.47067901234567905
1012,96.98837269023781,119.50794048980836,-177.6737905074591,222.02812224773038,-513.3665864561938,0.48438826533046775,0.47067901234567905
1013,91.60780458300766,124.21666072364758,-184.41110961954922,222.38130826214962,-514.9868740935492,0.5098911795071763,0.4567901234567901
1014,95.46858020835685,119.90914829370053,-178.85593250354574,221.34075530442522,-514.1316800314261,0.4916188113586373,0.46913580246913583
1015,96.23440100820001,119.96744573726949,-178.46445768592355,221.69337606745785,-513.5725498904063,0.4879853888807187,0.46913580246913583
1016,95.87352853939947,120.47350701886543,-179.0823503115132,221.63343215521016,-513.5438598921685,0.4896932033366751,0.4675925925925926
1017,95.07482450598889,120.42249739179377,-179.50245258801925,221.32447798687028,-514.1509377444496,0.4934718215252642,0.4675925925925926
1018,94.69799776330558,119.87012451200891,-179.27046006181092,221.10268717036766,-514.7374910438683,0.49525223383655587,0.46913580246913583
1019,95.45662144568504,118.83734467950956,-177.9892720201169,221.0952654401021,-514.7129251144437,0.4916914092139725,0.47222222222222227
1020,94.13058459459532,121.19459284005441,-180.67464748184779,221.30657184831375,-514.4881220711285,0.4979228523034933,0.46527777777777785
1021,94.50129795021425,122.5423097345963,-181.56201457859717,221.66286003238883,-513.4687664116469,0.49616875393193816,0.46141975308641986
1022,93.18857123653754,121.99967257979361,-181.84803623957,221.4821168142898,-514.8467857679626,0.5023738830817225,0.46296296296296297
1023,96.2082709306997,118.8939591495016,-177.60419286862276,221.4386720835879,-514.1625786543267,0.4881305845913892,0.47222222222222227
1024,84.07696861246373,132.64553679300042,-191.74106502677506,230.56816174208896,-513.8373959096369,0.5473834956457098,0.435733430799218
1025,93.94220495177109,120.92405012840192,-180.5605888474031,221.22956813347895,-514.7877887817185,0.4988130584591391,0.4660493827160494
1026,90.2757210756813,124.61141084543303,-185.20837323032328,223.1775268371157,-515.7986731270726,0.5163204461868407,0.4560185185185185
1027,89.60127077049975,123.89247222982542,-184.78858127302246,223.48808934340212,-516.6347626888435,0.5195845354242088,0.4583333333333333
1028,90.77903124652244,123.21724261310138,-183.91420037080374,222.55881940254739,-516.1730775067502,0.5138476513100468,0.45987654320987664
1029,91.97683075119605,122.5840088543583,-182.92025979218897,221.87716559043864,-515.5548528970462,0.5081107671958847,0.46141975308641986
1030,97.5150633325603,116.35691005466532,-174.83055556954557,221.68261095053853,-514.7803598992399,0.48193634140947517,0.47993827160493824
1031,96.41874662536702,115.69870263626501,-174.88172955694444,220.8317208180354,-515.733328246727,0.48719409452014456,0.4814814814814814
1032,94.70032163711431,118.79912458465037,-178.3963565359721,220.86237569572774,-515.3079503678488,0.4952522338365558,0.47222222222222227
1033,93.9425060840957,118.78075962311206,-178.81379234787119,220.74823170158342,-515.9307787012802,0.4988130584591391,0.47222222222222227
1034,93.60579657193279,119.85138450952493,-179.8726759428827,220.97846167704057,-515.6401288330418,0.5003956471802874,0.46913580246913583
1035,84.79820028943209,130.29148029829094,-189.92840348071763,229.33795961521656,-514.9623300607136,0.5437159310534636,0.44216008771929627
1036,99.15211708083608,114.45187823195542,-172.5511117753959,222.61048002989165,-515.2570666197481,0.4740451697394749,0.48611111111111105
1037,97.4274225898355,115.8100582306839,-174.42952807474356,221.49639337197135,-515.113624931005,0.4823737305013649,0.4814814814814814
1038,98.42299904375867,115.94591131788263,-174.06532110050304,222.30598184462417,-514.6423894472636,0.4775533664825853,0.4814814814814814
1039,86.17561845076816,128.18436562447096,-188.3619085133278,227.53404411974896,-515.7577324125123,0.5368590740512398,0.4475511695906419
1040,87.32119146731375,126.7433009979579,-187.26040681319836,226.1206155467583,-516.1796790324355,0.5311008945088962,0.4511452241715391
1041,94.80722855412404,118.00003002317226,-177.68328447316986,220.7076337352715,-515.6510044297509,0.49475767486119704,0.4745370370370371
1042,93.22711417775477,119.31942804214617,-179.643429361403,220.8765855296079,-516.2430451964746,0.502176059491579,0.47067901234567905
1043,92.51331599783171,119.87723233151678,-180.46181521753925,221.11593293967974,-516.5494946856292,0.5055390605240189,0.46913580246913583
1044,92.17564348900729,118.82183389977192,-179.76345697813125,220.96863282520854,-517.3965118389686,0.507121649245167,0.47222222222222227
1045,97.48327799220567,114.7456915494655,-173.53333724127612,221.29747509058538,-515.6547230502708,0.4821341649996187,0.48456790123456783
1046,96.52852522512241,113.56676715791542,-173.08234047803458,220.41396051547048,-516.8028491016606,0.48671496351665205,0.48765432098765427
1047,84.35250821725592,129.38534296525134,-189.12511506432247,229.56711954918518,-515.5299671176716,0.5458037264640613,0.4449926900584773
1048,93.0587395953792,118.78711490036167,-179.29839791992552,220.77458425197838,-516.6699755496581,0.5029673538521531,0.47222222222222227
1049,94.28902123985327,117.4469512724657,-177.53171021120403,220.48408364988848,-516.3596009753165,0.4971974991396338,0.47608024691358025
1050,94.36780841614689,115.57457741866168,-175.95991850442263,220.0749403966337,-517.2950629712087,0.49683482255770395,0.4814814814814814
1051,87.70776874017002,124.26817118665227,-185.2575526839683,225.19862524412068,-517.3695551885535,0.5290237468123892,0.45808966861598344
1052,95.3971436681461,115.61910360130977,-175.40136417591026,220.35046620953852,-516.4741634575317,0.4920144585389242,0.4814814814814814
1053,98.35881956647243,112.72250758982403,-171.46614012322814,221.52624588046922,-516.3829431193351,0.47798531259053995,0.4907407407407407
1054,91.11423733947976,119.70283732397408,-180.93006211522797,221.5910547477194,-517.7902920043713,0.5121661507938269,0.46990740740740744
1055,91.8030035058548,120.452800418273,-181.2597913025225,221.4593726045867,-516.8355060927062,0.5089020615564588,0.4675925925925926
1056,93.63376037511537,116.63725294738717,-177.23792910148745,220.2562703129055,-517.3324780276494,0.5002637647868583,0.478395061728395
1057,92.90336261181275,117.72014622433002,-178.50905913193645,220.556230829103,-517.3714949589003,0.5036927070160127,0.47530864197530864
1058,92.38244735532533,117.20396966575544,-178.34742970635057,220.54768166284313,-518.0866648714099,0.5061325312944495,0.47685185185185186
1059,91.29712913966728,118.88297477602327,-180.19147987840097,221.31820424870736,-518.0825688450062,0.5112759446381809,0.47222222222222227
1060,90.42757427751067,118.96855186397491,-180.56501915413048,221.81095812957145,-518.7003749477028,0.515430240031195,0.47222222222222227
1061,95.45017590023309,114.55099662158744,-174.49963405749187,220.13009341030087,-517.0046618882242,0.49177489303717803,0.48456790123456783
1062,93.37335008931768,116.37082685657751,-177.16270942904612,220.20380802356829,-517.6936680647984,0.5014836769260766,0.47916666666666663
1063,91.39791321990205,118.07102916163623,-179.48956178241036,221.08961274164787,-518.4350680053096,0.5107813856628223,0.4745370370370371
1064,86.57572295518437,123.71096931764197,-184.74555349609503,226.1450434534102,-518.028911798756,0.5346241718390071,0.4602420402858984
1065,86.9602257386666,123.23036089996322,-184.37857475417417,225.67143489010655,-518.1695965004442,0.5327047786582259,0.4614400584795307
1066,96.58410350236494,112.50100670319134,-172.18282370158798,220.20602744885113,-517.3379759727305,0.4864753980149058,0.4907407407407407
1067,87.35129186839487,120.75283054830945,-182.38047389556743,224.74282928685412,-519.3660243536375,0.5306276309617189,0.46838450292397527
1068,88.09449419649556,121.79204698593571,-183.2462462401333,224.2799029652164,-518.5469174690131,0.5269465991158823,0.4650341130604279
1069,94.41363968931549,112.36110360985899,-173.31510902429014,219.36044279539374,-518.9729007614242,0.49663699896756053,0.4907407407407407
1070,94.46058641528822,109.14878083839216,-170.67008332144997,218.6464627587128,-520.6504625419373,0.4964391753774169,0.49999999999999994
1071,86.86629855524058,119.91134229672448,-181.667910865566,225.01252873060662,-519.9681122979521,0.5329756419211445,0.4710445094217008
1072,88.14581087282403,118.56930301818497,-180.62019791555477,223.50877292924525,-520.2475121628247,0.5265509519355953,0.4742933723196872
1073,92.2766796764619,113.45935566688235,-175.3464701487111,219.73494922731444,-520.1749174500552,0.506594119671451,0.48765432098765427
1074,93.26651834817824,112.35434369696142,-173.94751430305968,219.30881020233758,-519.9288005911303,0.5019782359014355,0.4907407407407407
1075,98.99262516955037,104.78415635080813,-164.73004931067612,220.28863145981992,-520.4447465755488,0.47523211128033604,0.5138888888888888
1076,99.00606595602389,106.39324254881666,-166.03704808386658,220.66202112257685,-519.5840539998966,0.4751068855455278,0.5092592592592592
1077,98.24285058098033,106.2778827987176,-166.2649838730649,219.978445576043,-519.8609900659873,0.47877660695111396,0.5092592592592592
1078,94.98953336291629,108.0975601159123,-169.50792119255522,218.53024852550138,-520.7957366590573,0.4939993510989802,0.5030864197530863
1079,100.6034885896479,102.72626188586446,-162.5381269889318,221.34467792998663,-521.3964992638496,0.4675228011007435,0.520589668615982
1080,93.06346182999258,108.07338194491584,-170.5648965806798,218.36711398074135,-522.3855763124174,0.5029014126554385,0.5030864197530863
1081,100.59456506866637,101.1176211566474,-161.22956366084668,220.97462396425658,-522.2551530660859,0.4676480268355518,0.5252192982456116
1082,99.79290873244244,101.75744452693877,-161.98451002781766,220.3517583536534,-521.94730978836,0.4714773362916123,0.5229857050032473
1083,90.62017382335122,110.37606197653872,-173.50291418967586,219.7627522600517,-523.1459814304852,0.5143092396870483,0.49691358024691357
1084,90.21169717938858,112.02872815997401,-174.97337521635583,220.38903606607664,-522.5594311406071,0.5162874755884834,0.4922839506172839
1085,90.62906828209788,109.30378835327826,-172.62620486539498,219.51647854204134,-523.711874303733,0.5142432984903338,0.49999999999999994
1086,92.67771204330731,108.08511016216377,-170.77110421530207,218.43141171632223,-522.7055129005981,0.5046818249667303,0.5030864197530863
1087,87.50568066720669,113.8541388795561,-176.76683786120137,223.04549378340747,-522.9991603810215,0.529518305787748,0.48818226120857605
1088,88.74480324143755,114.07166111295524,-176.91921259712763,221.96708857921683,-522.370329191183,0.5234155383389875,0.4869774745505734
1089,88.5519963108166,116.36136688263159,-178.80168028396838,222.64746328619628,-521.2428727162496,0.524440833640731,0.4804662118258601
1090,90.24363772836506,110.41783957312114,-173.65142179729597,220.00525228177173,-523.3963386041135,0.51608965199834,0.49691358024691357
1091,89.87726595152444,109.39120036766792,-172.9110069359978,220.02397934788976,-524.1963140205338,0.5178041231129171,0.49999999999999994
1092,89.13257853008076,109.4928237165812,-173.1397835677531,220.61297234065802,-524.6038885326875,0.5213649477355005,0.49999999999999994
1093,86.20297441739913,115.20330063750168,-177.77917461879218,224.5892441615301,-522.6700602935272,0.5359429957732972,0.4849333983105897
1094,86.36313254153774,113.68869781947467,-176.55794419315063,224.09436333562886,-523.4336417521151,0.5350786617399481,0.4892178362573085
1095,100.0615673275271,99.42004389258375,-159.99903442722487,220.0811930952283,-523.179202544145,0.4702923313627528,0.5298489278752412
1096,93.96524513880664,104.85357833456308,-167.45168890222533,217.620568759594,-523.3482707838575,0.4987471172624246,0.5123456790123456
1097,84.50299853712684,114.89594200505226,-177.3324253026793,226.16215885001583,-523.2265412717553,0.5440233141527696,0.4866593567251439
1098,91.96557016204133,105.71008120895962,-169.17349433728248,218.0892135570853,-524.5702290358828,0.5079459142040983,0.5100308641975309
1099,92.68377819884486,105.76374558573826,-168.87615652446576,217.90865040440744,-523.9396899765945,0.5046378641689205,0.5097736625514403
1100,91.77280509728868,106.88334078060728,-170.2153746882439,218.42198226143546,-524.1038791411055,0.508858100758649,0.5066872427983539
1101,90.68150802600701,106.88789933682344,-170.64038561377004,218.943266227419,-524.9630949317758,0.5139465631051185,0.5069444444444444
1102,96.21030580562248,101.21567258396846,-163.19600639449342,217.4657311977176,-523.5964349649906,0.48845363391634095,0.5231481481481481
1103,96.10334379392368,102.81319749452888,-164.5592641210062,217.77144166584844,-522.8143666294396,0.4889218789519632,0.5185185185185185
1104,92.03555697155352,105.1702190469492,-168.7017938871219,217.94468885051396,-524.8003214068293,0.5076162082205258,0.511574074074074
1105,92.36689365789789,104.70610523944484,-168.16912237503553,217.7436544640021,-524.7717223874422,0.5060885704966397,0.5128600823045266
1106,84.98439255829109,113.38568881458454,-176.16587986661622,225.35464004839514,-523.9338967672525,0.5416387833569566,0.49077119883040726
1107,99.26929332758873,97.68006031551016,-158.83505934528398,218.94061354372423,-524.1792795866697,0.47419617528615016,0.5344785575048709
1108,98.90061607068294,98.39670336362826,-159.55956520539945,218.7684754157738,-523.8709897526794,0.47592625241521674,0.5322449642625066
1109,95.78891276063206,100.37809583969036,-162.75379081671227,217.08012981801497,-524.3276772367483,0.4904055558780396,0.525462962962963
1110,95.03294901607742,101.13548440618663,-163.8091199912564,216.9781331633101,-524.4786974910436,0.4938674687055511,0.5231481481481481
1111,99.80782994538008,96.63627525054045,-157.8054315981802,219.21090849681147,-524.6749394636488,0.4716542331673545,0.5377409573315974
1112,91.49061307009481,104.13619576378693,-168.09567903675403,217.91771112771323,-525.7997639608772,0.510121973695677,0.5146604938271604
1113,94.25393446460998,101.10806557845737,-164.23532765769517,216.8084746214111,-525.1092143265174,0.4974282933281345,0.5231481481481481
1114,93.47455129468511,101.10294162253945,-164.66508884653476,216.7691000343912,-525.7583756765001,0.5009891179507179,0.5231481481481481
1115,93.63357842047688,100.5663078562487,-164.14130749387624,216.64581488109843,-525.9114730013831,0.5002637647868583,0.5246913580246914
1116,97.3363692469744,98.12032386367181,-160.0583123653213,217.45287736756944,-524.5964963367206,0.48329025059674724,0.5324074074074074
1117,91.70780749165368,102.7812016179308,-166.89998624311806,217.5247198348529,-526.346786028155,0.5090998851466022,0.5185185185185185
1118,92.14866265099147,103.11052542541697,-166.97165464666475,217.4467159774008,-525.806655015614,0.5070776884473572,0.5174897119341564
1119,82.5712845378149,112.36778515680271,-174.94544364934654,227.4745314046151,-524.8695814867932,0.5529020253688767,0.4949033463287817
1120,93.17041727491241,99.50009319316052,-163.52148246414924,216.42921940697101,-526.8708031871403,0.5023738830817224,0.5277777777777778
1121,95.2508824102537,97.1290453788587,-160.41657188832153,216.14571927847328,-526.4506455126714,0.4929046646945701,0.5347222222222223
1122,93.18365717110805,98.96423712598784,-163.0772728781001,216.30744700591976,-527.1449898367873,0.5023079418850079,0.529320987654321
1123,92.38931691796017,99.52675858014678,-163.93693979476024,216.57393041974265,-527.5169379736775,0.5059347077043058,0.5277777777777778
1124,83.4904318230123,109.88890212899486,-173.09147689099757,226.01968957431947,-526.0670758247824,0.5483967285641087,0.5015838206627652
1125,91.61071681983819,99.57351964488097,-164.32712689388896,216.84198524597156,-528.1372045854588,0.5094955323268893,0.5277777777777778
1126,92.15310454599577,100.3421030150092,-164.71328219484076,216.82309940663382,-527.279642859005,0.5070227374500953,0.525462962962963
1127,95.37736208843498,95.79699342996071,-159.25774016756037,215.8896010920492,-527.0676037125768,0.49234416452249674,0.5385802469135803
1128,96.50087842948264,96.42155481515186,-159.12391160744372,216.54417715175694,-525.9690585457288,0.48719409452014456,0.5370370370370371
1129,95.65279530775211,94.74317940148296,-158.23892230349415,215.75791772356402,-527.4291642419253,0.4910979384435419,0.5416666666666667
1130,96.48050123938556,94.81219592326858,-157.82382991828422,216.17107324022228,-526.840292959895,0.4873193202549528,0.5416666666666667
1131,94.24360759242373,95.21444880525664,-159.4381506625486,215.48333245066306,-528.2621867093649,0.497494234524849,0.5401234567901235
1132,99.3617385308937,92.03631245112817,-154.20121352757135,217.75447221310893,-527.1728243702051,0.4739949676080961,0.5507770197097642
1133,91.7603188648593,98.75949618676157,-163.60011400976936,216.60095714252424,-528.4502997185252,0.5088031497613869,0.5300925925925926
1134,90.83766373947276,99.64038375672732,-164.68017913676718,217.22492446169818,-528.7127108847147,0.5130563569494726,0.5277777777777778
1135,93.46468899147936,96.54881713792079,-160.9589760830619,215.7464594714044,-528.1961098218662,0.501022088549075,0.5362654320987654
1136,100.50751706191542,89.84359923043041,-152.06683208819095,218.35103366101472,-528.2707696112429,0.46865494354826837,0.5576470110461279
1137,83.47499095460853,107.21339385013684,-170.90772480500473,225.43329927933547,-527.4969767301825,0.5482648461706797,0.5092998700454813
1138,86.3468426703709,105.65509038716911,-170.0079712992597,222.30009540608003,-527.7217272408122,0.534683014559661,0.5123659844054567
1139,86.75390468028289,103.17559230696551,-168.01953173222464,221.3530446416196,-528.9309636062547,0.5326058668631541,0.5193104288499011
1140,87.55138146184706,105.2748105277291,-169.78033129430833,221.06730247070843,-527.5667807628009,0.5288588938206029,0.5128736192332674
1141,94.3681481743431,93.87776466772044,-158.2776639709645,215.20087631016543,-528.873952301068,0.49693373435277566,0.5439814814814816
1142,88.36283586951134,100.31979281678281,-165.74541625719422,219.20182145500206,-529.8999581571244,0.5247045984275889,0.5267625081221563
1143,88.89843222608567,101.72669379830901,-166.84428322548183,219.05686438109046,-528.8811456369776,0.5222066163992215,0.5224713017110671
1144,87.9546517880101,102.79705559416513,-167.77392401544694,220.1314912902139,-528.7498518011572,0.5267817461240959,0.5198180636777119
1145,86.48455640145758,102.47638545470775,-167.42848396082644,221.45392052819113,-529.3800099069258,0.5338548578773379,0.5214560320554457
1146,95.62090296774355,92.33067224596888,-156.29209764589368,215.2018829893731,-528.7413961732101,0.4912857770457542,0.5486111111111112
1147,93.39852658019612,94.13933263579332,-159.03077980654763,215.2079041128466,-529.5384305557498,0.5013188239342903,0.54320987654321
1148,93.07722596311399,93.0735220962184,-158.33282247074723,214.9954484035637,-530.3794337476404,0.5027695302620094,0.5462962962962964
1149,87.80179671387367,99.09957787226517,-164.76139494155564,219.44097728233046,-530.782329394519,0.5273564432482902,0.5305393112410645
1150,99.85516655719441,86.16679288048465,-149.2535693283599,216.89779763341815,-530.2501816388162,0.47190758749812356,0.5679215399610101
1151,99.62049110379007,88.8022810461724,-151.47619430824102,217.26893432992534,-528.8638066245029,0.47290125529341764,0.5602156432748484
1152,88.54246668146172,94.93402103668234,-161.34694726423982,217.83263688920292,-532.6927336390662,0.5236495392801568,0.5421946068875885
1153,89.4948615486019,95.39082668908739,-161.5876237878826,217.15540549093976,-531.9183239661245,0.5191953017492589,0.5404754169374048
1154,89.01682344152309,96.46922834377426,-162.54642164320038,217.77728909668807,-531.6250397939767,0.521473479788578,0.5375649772579589
1155,87.76776859199106,94.46279559936099,-160.98390267045474,218.4281270680466,-533.272855415599,0.5273124824504807,0.5439137968377723
1156,88.31921818776391,93.36190557314984,-160.08056961660935,217.67459631457288,-533.6370543128367,0.5246386572308745,0.5468242365172181
1157,87.84662774962922,91.83136464243526,-158.84286328603,217.76068615994703,-534.6497671196024,0.5268147167224533,0.5514538661468478
1158,88.70998749148129,92.29022763981902,-159.17834865137473,217.09149060070138,-534.0202676253464,0.5227561263718424,0.5497346761966639
1159,86.44047915741115,91.94749063813754,-158.84417096508508,219.12516498684883,-535.00979043616,0.5334811910959556,0.551805826294129
1160,99.14498531607563,79.09181959898976,-143.7259698301735,214.64145737731943,-534.109099515681,0.47552145081560127,0.587962962962963
1161,98.82363674188831,80.64835081105849,-145.1221339812786,214.70306597546778,-533.3522296412924,0.47695461451682936,0.5833333333333335
1162,86.55482619055329,91.15485661135565,-158.20840057800856,218.8368546627921,-535.4019191610063,0.5329026022483694,0.5540326510721235
1163,99.05780206638603,77.47095546646986,-142.43783609483538,214.1965920117551,-534.99119801447,0.47598902890029393,0.5925925925925927
1164,97.9334184848655,77.30440321148919,-142.7927381710012,213.21058160780035,-535.4303578037823,0.4811226497236673,0.5925925925925927
1165,96.42181324337058,78.73537079221151,-144.75346219661643,212.52451736389642,-535.4555196527795,0.48788647708564686,0.587962962962963
1166,96.98632733591593,80.40046455888947,-145.80035915277819,213.23274144443963,-534.233553511673,0.48532111437765524,0.5833333333333335
1167,96.09581688393796,80.31333131338752,-146.22428526080554,212.71163001542067,-534.8248764988996,0.4893175261322502,0.5833333333333335
1168,84.57572017703154,90.24065262501477,-157.2397131521684,220.54154795322737,-536.355341359672,0.5419791370546201,0.5576470110461318
1169,94.69344433509693,78.62140833848696,-145.6541839207971,211.83486437679616,-536.7543580980866,0.495548969221771,0.587962962962963
1170,94.7594313195847,80.23123745426781,-146.92862961094536,212.21116246906482,-535.8444860248101,0.49525223383655564,0.5833333333333335
1171,93.68749423662769,80.20975966692967,-147.5194382447951,212.07290034215896,-536.7283598717556,0.5000000000000002,0.5833333333333335
1172,86.58304927348226,84.5455131139085,-152.82514303550417,217.31904634894713,-538.922596699977,0.532412669594437,0.5730588044184528
1173,84.181013753853,87.09501270962394,-154.6181781051275,220.2164489456277,-538.1081358942795,0.5435589062362685,0.566906270305391
1174,85.09054185621937,89.26005278609165,-156.50815705803578,219.82107096236325,-536.7709665315809,0.5395616356604498,0.560215643274852
1175,85.98829542773925,86.43098047842184,-154.30413115372264,218.31703981255527,-538.0704467690427,0.535272256020842,0.5679215399610125
1176,90.8118699858536,79.2850980805344,-148.10160174281512,212.66067903447018,-539.5962752521463,0.5127575069096325,0.5864197530864198
1177,91.54617005271675,80.29278071252077,-148.64055556139425,212.5338388037443,-538.4791232865635,0.5094955323268893,0.5833333333333335
1178,90.48590277788131,80.3904607311591,-149.11027126448005,213.09695854755475,-539.250254104249,0.5142432984903338,0.5833333333333335
1179,92.07530424661883,78.65003391081376,-147.06957947660482,211.97147018460248,-538.9194049627491,0.5071216492451669,0.587962962962963
1180,90.97483836299148,78.73345507775102,-147.5937413639164,212.44944034878276,-539.7646290014878,0.5120146111192819,0.587962962962963
1181,97.61423464417294,69.22654715419463,-136.36425681270697,211.1519061578163,-539.8762119207939,0.4827693776816519,0.6157407407407408
1182,97.46797346440694,70.81493461397278,-137.73357335923163,211.40319290957834,-539.0978196227002,0.48338281842794484,0.6111111111111112
1183,96.66681954650738,70.72418943239782,-138.08680458503449,210.86150767347658,-539.5796070244447,0.48694364305052806,0.6111111111111112
1184,99.85098376828763,66.35189608792399,-133.09364781179178,212.42860846824834,-540.8053524967585,0.47279408896177727,0.625
1185,99.57846977022746,64.6987934553216,-131.83313732101874,211.7992561422604,-541.7106799608447,0.474097797618948,0.6296296296296297
1186,101.14427515272537,64.96492727980447,-131.617001539655,213.3635294616918,-541.5412035383049,0.4669930656107788,0.6296296296296297
1187,99.82300516460597,71.16697398215123,-137.03116866604663,213.48573809776587,-538.2419811066143,0.47272572041569133,0.6111111111111112
1188,98.55713177766027,67.75107322267073,-134.71810171746597,211.57003565807187,-540.3019049415911,0.47859511231277574,0.6203703703703705
1189,96.65778044241263,68.93789153435921,-136.6356367152535,210.45441580619925,-540.5383238968117,0.4870182513289059,0.6162551440329219
1190,95.69681028431128,69.56942814412787,-137.69536980634751,210.1184167779878,-540.832531659127,0.491229820836971,0.6141975308641976
1191,95.8583035837085,70.65284181607157,-138.4848451318535,210.43096295517395,-540.1407947470422,0.4905044676731113,0.6111111111111112
1192,91.69948342718908,72.7822921647892,-142.4534606215575,210.7833862469835,-542.3614873089249,0.508704237966315,0.6049382716049383
1193,92.60387843032561,73.80360958812139,-142.86674691902985,210.74310845682305,-541.0621414277564,0.5047477661634447,0.6018518518518519
1194,91.79273243293633,73.84714677222928,-143.28101986300254,210.98781523443236,-541.7166410253242,0.5083085907860281,0.6018518518518519
1195,90.98612265763441,73.91192302706088,-143.65904723396773,211.35825095260125,-542.3288342516051,0.5118694154086114,0.6018518518518519
1196,96.65304008457747,68.0446614856591,-135.91007161782218,210.25085439936686,-541.0177093898307,0.4870555554680948,0.6188271604938272
1197,90.62565455380445,72.87591439257426,-142.94100037024464,211.32271976438702,-543.1572897006578,0.5134520041297596,0.6049382716049383
1198,91.5132623348048,70.65315797951214,-140.79726973138023,210.37976530874133,-543.6500823603767,0.5094955323268893,0.6111111111111112
1199,95.82056673805317,67.79312942591159,-136.17589085658076,209.77144601264334,-541.6935388057369,0.49071095834491824,0.6193415637860084
1200,94.71653307956959,68.44464273218065,-137.34660340782807,209.55324102692336,-542.1683905950784,0.4955159986234139,0.617283950617284
1201,96.37046618723099,67.48118733189557,-135.6089278429373,209.9669682927029,-541.4928523776246,0.48830843820567044,0.6203703703703705
1202,97.67629725049032,66.02044260471911,-133.7191066052829,210.47696022924708,-541.5575524127386,0.48257155409150837,0.625
1203,96.78272175454575,64.30822109050965,-132.79203622114252,209.48867412103655,-542.933165391924,0.486547995870241,0.6296296296296297
1204,97.85833971419076,64.4377560221013,-132.33828643921706,210.25923338952816,-542.3218726344172,0.4818002297067967,0.6296296296296298
1205,93.11052385515293,69.50258990057364,-139.10248996764253,209.69536243989145,-542.9281101556895,0.5025057654751516,0.6141975308641976
1206,93.68564992176962,70.56803018650925,-139.66099181789366,209.90662669254323,-541.8750372340917,0.5000000000000002,0.6111111111111112
1207,92.59831240777365,70.59009218105695,-140.25000574251757,210.02205057649144,-542.7819713920576,0.5047477661634447,0.6111111111111112
1208,96.5080698092178,66.42284665197124,-134.66893233476335,209.8040087863604,-541.9710301633453,0.48772162409386066,0.6234567901234568
1209,90.70543711990803,70.72564707237052,-141.16157637090237,210.7934277926092,-544.2458165427414,0.5130563569494726,0.6111111111111112
1210,95.46408855504654,65.80404931162812,-134.76049144987678,209.18201038665353,-543.0086445838814,0.49228487998440307,0.625
1211,85.95203966028063,75.00877630070377,-144.99307501023287,215.77674905984787,-544.1727938627782,0.534786552676159,0.6008365821962305
1212,90.24092724600195,69.70438685375908,-140.47608398725203,210.84535090218307,-545.1326392619934,0.5150991242778724,0.6141975308641976
1213,89.90466208084163,70.81631867152566,-141.47211210567667,211.32041028756066,-544.7713474250371,0.5166171815720559,0.6111111111111112
1214,94.27900900162604,65.21796650061589,-134.96702580094396,208.74920960504127,-544.2402343241246,0.49742688355838477,0.6265432098765432
1215,94.1408504079948,67.35735282612458,-136.79000732591442,209.21299519452018,-543.2112485858188,0.49802176409856513,0.6203703703703705
1216,98.65837540950014,61.33769091922528,-129.4457874798998,210.21167849129012,-543.691061330441,0.478353119461658,0.6388888888888888
1217,98.96731715423014,62.45690034464775,-130.23053455092244,210.7347341664521,-543.0135372142151,0.47693467884742136,0.6358024691358025
1218,98.14673259628756,62.33428873663996,-130.48658359960916,210.0113873523296,-543.329157780474,0.4805866615314525,0.6358024691358025
1219,93.02429156453596,65.75540081605862,-136.09315920544864,208.86348220478885,-545.00169349473,0.5028663274024566,0.625
1220,92.9566135522802,66.82846453042319,-137.00269868858635,209.11357662199313,-544.486085263852,0.5031637676725469,0.6219135802469136
1221,91.77247347120712,66.34905568813696,-137.17915569970353,209.31000494171377,-545.735925638634,0.5083057712465285,0.6234567901234568
1222,91.90284474302987,64.1982097950958,-135.3679814397234,208.77955970679727,-546.7760802530173,0.5077108907063481,0.6296296296296297
1223,97.85640656712823,61.222161133202945,-129.71959962418305,209.53226618004095,-544.038144857654,0.48190548546574263,0.6388888888888888
1224,100.3806401299066,58.40469233059105,-126.46504025450028,211.14577716615906,-545.025915781228,0.47074466497475675,0.6481481481481483
1225,103.93430959909672,52.58953255458337,-120.90021190523949,213.2838956592794,-548.325927992948,0.455527756000954,0.6666666666666667
1226,87.481092537904,70.10828568695183,-141.14283413689645,213.20275397925283,-546.3856233426312,0.5275493225291654,0.6141975308641976
1227,88.32279591514762,71.04199092903428,-141.90154938389782,212.63725078873725,-545.5578799235204,0.5237388308172226,0.6111111111111112
1228,87.16313213743504,71.23400617390038,-142.03551957281516,213.76122802585095,-545.8757475654999,0.5290673798233492,0.6111111111111112
1229,88.0636604989534,70.01213820504901,-141.07340688239069,212.63951359227545,-546.2228506077072,0.5248850480261025,0.6141975308641976
1230,90.595469387116,65.91508733270595,-137.27894692641254,209.7747525254917,-546.8965225421236,0.5134477748205102,0.625
1231,90.53314348785187,66.9929845705409,-138.1777119742429,210.05408373499307,-546.3675110123934,0.5137452150906003,0.6219135802469136
1232,89.43095020324841,65.52085814980421,-137.26378694582425,210.47528221377897,-547.9063811420764,0.5185897783944918,0.6265432098765432
1233,89.31140138997361,67.67991116888294,-139.04542118404788,211.05393342958297,-546.8262310061572,0.5191846589346722,0.6203703703703705
1234,87.95206602822427,67.17350354472939,-138.76347082418255,212.1030918345425,-547.7866155277231,0.5252886309047171,0.6224279835390947
1235,88.97969206303839,68.79890213506008,-140.00994201091677,211.57122117631002,-546.4213460888108,0.5207027162288557,0.617283950617284
1236,109.0428194168754,48.6529079793502,-116.75135292945654,217.37463379213557,-551.0913979911705,0.43405662969725595,0.6805555555555556
1237,88.22164672875817,66.23673178846107,-137.99339281125512,211.64652451476329,-548.1726301318417,0.5240292222385636,0.625
1238,99.99795902601088,55.12518222786895,-123.89411183849134,210.03476385776298,-546.7757331786556,0.4726204646567457,0.6574074074074074
1239,87.27938151206686,66.92950023569827,-138.5400518450356,212.6794888928051,-548.1467746831937,0.5283406168897395,0.6234567901234569
1240,87.43962563948403,66.36640566983962,-138.09304183744388,212.39919974235875,-548.400591453072,0.5275815882426478,0.625
1241,87.14162511780972,64.81022801292164,-136.80264467055278,212.33365461252993,-549.317808990286,0.5288737855424551,0.6296296296296297
1242,100.09094656361316,54.06958116738451,-123.0063541418191,209.88543152880467,-547.3346887959091,0.47225144411094183,0.6604938271604939
1243,100.27648166422587,51.958642129926176,-121.23377193889198,209.58835979866672,-548.4572199068799,0.471513403019334,0.6666666666666667
1244,99.47581586524612,51.823844011039625,-121.36977421860577,208.79777051625283,-548.5835544022906,0.47507422764191715,0.6666666666666667
1245,95.27190427386574,56.68551118114797,-127.44029370055834,207.06580367343008,-548.0167696370204,0.49320805673840606,0.6512345679012346
1246,95.25392608047599,57.755743539137626,-128.32299835208192,207.30048807462757,-547.4588105515616,0.4932739979351205,0.6481481481481481
1247,94.83807954861089,57.73539928749332,-128.54728499925778,207.17629350916727,-547.7870633408048,0.4950544102464123,0.6481481481481481
1248,96.08313064373684,57.813020252195116,-127.89222510630664,207.64806506970766,-546.8394407704919,0.4897131733125373,0.6481481481481481
1249,95.66909229698084,57.78184363757981,-128.104039024776,207.45818979239172,-547.1420604874118,0.4914935856238289,0.6481481481481481
1250,98.07782349418109,53.75279632567731,-123.52396522097098,208.02252301523163,-547.931999198869,0.4811408177396516,0.6604938271604939
1251,98.620552383261,53.83130256838476,-123.34275047330195,208.48712085329714,-547.7038114099411,0.47876693465792947,0.6604938271604939
1252,98.19258618089664,54.84026965149562,-124.35715047067922,208.35837459457503,-547.3090630016823,0.4806132881659357,0.6574074074074074
1253,97.78491387875496,54.784216394743,-124.50681966993757,208.02746530162062,-547.5028967754616,0.4823937004772272,0.6574074074074074
1254,102.54685944824129,50.20579748515024,-119.25540896361964,211.39543874367553,-549.4808926421791,0.461652924629741,0.6728395061728397
1255,96.15859506094006,53.53453411080463,-124.36107617857843,206.72304109817992,-549.072169112662,0.4894494085256793,0.6604938271604939
1256,96.9651340280154,54.68456275304945,-124.84997331961934,207.43536529616034,-547.9642431593962,0.4859545250998105,0.6574074074074074
1257,96.1329304135988,54.96067387247243,-125.53813918726686,207.03123534156643,-548.3279316949746,0.48953733012129863,0.6563786008230453
1258,87.91426371665031,61.464433873835816,-134.11482865189467,210.84671302169383,-550.8517628492488,0.5252161637794248,0.6388888888888888
1259,87.90431755588872,58.25149630763747,-131.49824708834683,210.1278557995227,-552.5720591017779,0.5251193666389777,0.6481481481481481
1260,88.30418649387425,58.18761281608016,-131.43279168796064,209.75271252392298,-552.4344435596913,0.5233389543276862,0.6481481481481481
1261,89.23441413404774,60.90463644578671,-133.538909339166,209.58577262844418,-550.4894104570511,0.5193156014816013,0.6399176954732511
1262,95.74209542692927,53.50192456539392,-124.57281699509035,206.5264685684852,-549.3739969307269,0.4912298208369709,0.6604938271604939
1263,101.24387588722419,48.9100659927183,-118.50419861217775,209.83891408702218,-550.1043315645235,0.467379783447198,0.675925925925926
1264,101.85441466927648,49.01524004282783,-118.44389376035637,210.45472783673964,-550.0752778114122,0.4647155089441345,0.675925925925926
1265,95.32437523376984,53.474829168772004,-124.79208031807072,206.3621957929454,-549.6905410483416,0.49301023314826253,0.6604938271604939
1266,91.31925445480371,57.09637874126395,-129.82802121813916,207.4153939021575,-551.0401207347041,0.5101306142788797,0.6502057613168725
1267,92.23468728416734,56.67764963148559,-129.08703858695353,206.9851659018875,-550.5113446496135,0.5061970627214141,0.6512345679012346
1268,91.95403473169713,57.76508304274603,-130.1032645046314,207.31641484586092,-550.1661312576075,0.5074162699757575,0.6481481481481481
1269,111.29539028756436,41.17677313764679,-110.24953240720214,217.8836965412856,-555.3831165371487,0.42531657935926376,0.703216374269001
1270,91.97015317080647,55.62125372095588,-128.3481800874566,206.82872591546732,-551.2958792012341,0.5073180630655607,0.654320987654321
1271,92.78928492034055,56.29683377657193,-128.50542884878845,206.77355407482096,-550.2470112568993,0.5038236495629418,0.6522633744855967
1272,101.15670969923279,46.75219371142316,-116.76613279681226,209.26661155945988,-551.2513436552146,0.4678733237207689,0.6820987654320988
1273,88.70433007513012,57.05352676870362,-130.47598791344268,209.14963057875946,-552.8423358395124,0.521526276302912,0.6512345679012346
1274,89.10906254020207,58.06508625529747,-131.24623008906903,209.04448411368247,-552.0789080689133,0.5197781297051027,0.6481481481481481
1275,88.70557290103574,58.124590100229995,-131.348555945818,209.39057777252967,-552.269607449485,0.5215585420163946,0.6481481481481481
1276,87.37116790806976,55.48392387489281,-129.2295239455896,210.00454114865252,-554.2404542510886,0.5273987491995814,0.6563786008230453
1277,88.29853432738474,53.90181467213179,-127.94336304653771,208.79117951015365,-554.7268683832692,0.5232098914737567,0.6604938271604939
1278,87.89116282068377,51.82440709017132,-126.26511819255977,208.6893747162593,-556.0126257013964,0.5249257723580838,0.6666666666666667
1279,88.70046043301943,51.69662100333858,-126.1131078388561,207.94450633632286,-555.7058776599154,0.5213649477355005,0.6666666666666667
1280,87.10330223571012,54.101193788208036,-128.08194944861214,209.9492022871607,-555.0552127178644,0.5285384404798832,0.6604938271604939
1281,87.09947058162979,53.38751891580472,-127.50065692322985,209.79126545230315,-555.4379431246065,0.5285211593134779,0.6625514403292182
1282,84.66660275744971,52.37877169162985,-126.38818554286772,211.91514996223802,-556.5275771194277,0.53914369499292,0.6666666666666667
1283,87.09089594208001,51.95990752437598,-126.33808404964725,209.47536005144454,-556.2034192197674,0.528486596980667,0.6666666666666667
1284,85.09791400516639,55.51858813960672,-129.00572299896172,212.20568824247343,-554.7651937223346,0.5374600798220749,0.6574074074074074
1285,89.42605988559839,48.37740005744891,-123.29682510839902,206.61093720146016,-557.0601747533036,0.5181025024273879,0.675925925925926
1286,89.45727688572447,49.444937289437064,-124.16048422803945,206.82899314552046,-556.4715793654827,0.5180030426558977,0.6728395061728397
1287,88.90999086475054,49.52252572852322,-124.31602421279062,207.27830539613953,-556.7536476555758,0.52037692573762,0.6728395061728397
1288,89.83908422230829,48.32360669771083,-123.16096577037233,206.29759869417765,-556.8218398477222,0.5163220901160963,0.675925925925926
1289,87.82889315854985,49.69202103292503,-124.5287125581956,208.26506510318745,-557.1772049200007,0.5251162332825653,0.6728395061728397
1290,98.89654316270087,38.874388849490884,-111.03054640610885,205.354836243654,-555.6002187535455,0.4780481572110919,0.7037037037037038
1291,88.20221573054789,48.5596999131067,-123.5975970642686,207.66948413205807,-557.6249015134366,0.5234310514335143,0.675925925925926
1292,92.86671282106923,43.26157835224558,-117.83913671280968,203.83099202408658,-557.1380205824194,0.503416566753115,0.6898148148148149
1293,93.15011169465885,43.25455368888785,-117.68643590718082,203.79329293315834,-556.9021091060471,0.5022296252122539,0.6898148148148149
1294,92.97413043644443,44.86503703013685,-119.09086996228463,204.17570288990407,-556.1904185242809,0.5029706417106643,0.6851851851851852
1295,92.40877436434326,44.88569109470686,-119.39036829047464,204.28792097172087,-556.6570123471495,0.5053445247923866,0.6851851851851852
1296,99.49311403646536,37.362183168070544,-109.56897403530985,205.55429570164682,-556.2842176323189,0.4755267284013898,0.7083333333333335
1297,99.69963919665494,37.395627232133876,-109.52606129379774,205.7540980105191,-556.2393080849486,0.474636522245744,0.7083333333333335
1298,99.28602626448595,37.329033011769496,-109.61677358333958,205.35703355281768,-556.3368125093596,0.4764169345570356,0.7083333333333335
1299,95.1056450914169,39.536322960609255,-113.55765708921206,203.1597378909921,-557.294482202166,0.4940585792582344,0.7006172839506174
1300,95.39020877950392,39.55216478152224,-113.4056343777951,203.25557489628807,-557.073175668787,0.4928716377173733,0.7006172839506174
1301,95.16954630237285,41.68166309134699,-115.26969509650998,203.66143182316026,-556.1007346899263,0.4937734886982462,0.6944444444444445
1302,94.82085127409297,39.52326128047329,-113.71181885005758,203.07972991367774,-557.5206487961997,0.4952455207990955,0.7006172839506174
1303,94.74392860713422,41.66267891414759,-115.50024150043589,203.54229928926804,-556.4390158156347,0.4955539010095379,0.6944444444444445
1304,94.53596019655524,39.51300263229649,-113.86754904355953,203.01597304338958,-557.750851116099,0.49643246233995675,0.7006172839506174
1305,94.31816103357562,41.64938578987349,-115.73396022592893,203.45979061888625,-556.7858412589011,0.49733431332082956,0.6944444444444445
1306,94.25105691137836,39.505570649878365,-114.02427705294578,202.96888935917218,-557.9842648270751,0.4976194038808178,0.7006172839506174
1307,93.96618661853381,39.501101613751814,-114.18143226144419,202.93890094007014,-558.220065594339,0.4988063454216789,0.7006172839506174
1308,93.89243864059674,41.642775899189076,-115.96893811607666,203.41531963333233,-557.1384470659649,0.49911472563212117,0.6944444444444445
1309,94.86031880880947,38.45371602297368,-112.81755704361912,202.8489275223881,-558.0614375904952,0.4950913306938743,0.7037037037037038
1310,94.64637976170422,38.44541495228583,-112.93427632752669,202.79783717636448,-558.2336375553508,0.4959815368495201,0.7037037037037038
1311,94.4324148878811,38.43877820238882,-113.05168132673792,202.75605910464913,-558.4078263121596,0.49687174300516607,0.7037037037037038
1312,94.21847138364521,38.4336454513689,-113.16953052014628,202.72377204028464,-558.5836549586899,0.49776194916081185,0.7037037037037038
1313,94.00455453994451,38.4303057293769,-113.28758238664523,202.70115471631357,-558.7607745927102,0.4986521553164578,0.7037037037037038
1314,93.79065340834032,38.42863173996025,-113.40559540512824,202.68838586577846,-558.9388363119889,0.4995423614721037,0.7037037037037038
1315,93.57676352513678,38.42837855307087,-113.52332832078103,202.6856375845011,-559.1174909443193,0.5004325676277495,0.7037037037037038
1316,87.1836951423544,44.978678209469194,-120.66474336703891,207.80862277620514,-559.913424038714,0.5277617478577908,0.6867283950617283
1317,93.36285899698993,38.429840219577414,-113.64054642832932,202.6929187238502,-559.2963826773806,0.5013227737833953,0.7037037037037038
1318,93.14892318362604,38.43335978607297,-113.75702181711968,202.7100687821975,-559.4751488102663,0.5022129799390411,0.7037037037037038
1319,87.75124267768618,40.06010870282242,-116.6869911727909,206.161847333412,-562.355711324464,0.5250787134268902,0.7006172839506174
1320,86.34350185653699,37.62105226449856,-114.58461296558042,206.9593839937484,-564.0499671167587,0.5310945917002179,0.7083333333333335
1321,99.43335110116585,27.17114951961861,-101.28174599660262,203.1974688503898,-561.7215377605557,0.47616000541264336,0.7376543209876546
1322,97.238033101572,28.464872596123257,-103.33346739251424,201.71173855583586,-561.8037116172634,0.4853388692225932,0.7330246913580248
1323,98.55072537290282,29.17660069747876,-103.27206837174948,202.87265396850708,-560.8667179823465,0.4798112181611171,0.7314814814814816
1324,97.77100505135557,29.871614041687735,-104.2045083752418,202.4080936064745,-560.794111885356,0.4830685128145604,0.7291666666666667
1325,97.73323733408546,24.240022984341806,-99.63429720058598,201.110997724498,-563.8140406000953,0.48336499273177236,0.7453703703703706
1326,98.8940428281032,23.870236971615157,-98.79968191775843,201.97107850571143,-563.5946854024417,0.4785291884597469,0.7469135802469139
1327,98.69106616371953,24.375309290545033,-99.29724613963948,201.90829712932347,-563.3828282633497,0.4793685809771774,0.7453703703703706
1328,99.9249560438919,21.89461019688173,-96.81185804890927,202.46739659617003,-564.4707363141503,0.47427134203804794,0.7530864197530867
1329,101.19141917011751,23.184168900164877,-97.53926500301178,203.98342836726206,-563.8070040507442,0.4688575799156959,0.7500000000000002
1330,99.07898680105174,21.756240484316493,-97.00092413144655,201.65709268132136,-564.6757147098094,0.47782370804213237,0.7530864197530867
1331,99.3031046355616,22.86339254317687,-97.81711317423367,202.10811964024268,-564.0386551012157,0.4768504034248858,0.7500000000000002
1332,99.28579143316847,21.253367215172887,-96.5107684018381,201.72887551679784,-564.8997465228741,0.4769782230992239,0.7546296296296299
1333,98.96684853044091,21.203030034254425,-96.59496069445052,201.43282354416672,-564.9976098910846,0.4783103603507557,0.7546296296296299
1334,98.00648846639527,21.06212819873798,-96.909203181131,200.60270557079926,-565.3908209665483,0.48230677210535067,0.7546296296296299
1335,101.71386133469775,17.239921485206708,-92.57313349177582,203.1479400050927,-567.0060449677218,0.4669653724111898,0.7673814165042225
1336,86.58153426326959,30.347859077235455,-108.69219117402086,205.0872193654699,-567.8869676929584,0.5297343145569298,0.7291666666666669
1337,101.65646886182279,14.211590842041176,-90.1174698914468,202.40878790034603,-568.6145399361243,0.4673514059104686,0.776072124756334
1338,93.74422078074022,18.605838173754307,-97.2783161632549,198.234001856712,-569.5577766561946,0.4997472360720489,0.7608024691358026
1339,94.36941086702006,17.543059182515947,-96.0597123381894,198.05157599757104,-569.6105383812057,0.49721592122087516,0.7638888888888891
1340,94.93210154954775,18.366308751330962,-96.40613023783007,198.35416633312707,-568.7252616072507,0.4949317826311534,0.7615740740740742
1341,94.03976953482317,17.53662725280924,-96.24147310180877,198.01050966521507,-569.8826093024883,0.49854805847240696,0.7638888888888891
1342,93.05269183314346,17.541309738794837,-96.78328451220034,198.02721546920657,-570.7077686720698,0.5025444702270019,0.7638888888888891
1343,101.12696422835445,12.314777782709314,-88.68961873730771,201.46620850866563,-569.5880037402425,0.46963105548082407,0.7812703053931117
1344,92.70419532808936,18.355349019709024,-97.62562930399108,198.26331618935976,-570.5694575352245,0.5039631007131234,0.7615740740740742
1345,93.59673070250827,19.14168387967385,-97.79635784185245,198.35292223999247,-569.3955123108428,0.5003468248718699,0.7592592592592595
1346,92.21046372210407,18.376880123771002,-97.88353824639164,198.38383296087616,-570.9736861540463,0.5059613065904209,0.7615740740740742
1347,89.88306809969978,15.368791132977208,-96.30356697526769,198.84667465046525,-574.3895770385433,0.51539150362806,0.7708333333333337
1348,90.37934115874074,16.65014709033261,-97.20586485828062,198.81457475117134,-573.3534327902624,0.5133870500699866,0.7669753086419755
1349,89.05761354400022,16.283014193692225,-97.22202837440766,199.66719952273283,-574.4263587099008,0.5188083399914789,0.7685185185185188
1350,93.43786866473604,5.2132720986040795,-86.53303997326445,195.2276496292861,-576.9633846501061,0.5009763638896113,0.7993827160493829
1351,94.00589262335319,6.285947753718517,-87.09264342720883,195.48011786291832,-575.9161744901962,0.49870969292692024,0.7962962962962965
1352,93.96864167168039,6.285356933898868,-87.11321269092895,195.47720753223746,-575.9471404278266,0.498858060619528,0.7962962962962965
1353,93.93138879148458,6.284954684652973,-87.13377927787288,195.47459355444764,-575.978132422396,0.4990064283121356,0.7962962962962965
1354,93.74289928196268,6.283712279169833,-87.23776752230107,195.46594334596057,-576.1352975435846,0.49975721702056297,0.7962962962962965
1355,93.55442624798917,6.283870369219983,-87.34149710996736,195.46501266520164,-576.2928542642472,0.5005080057289905,0.7962962962962965
1356,93.33094282983399,6.285718621861349,-87.46394291282806,195.47386833697186,-576.4798512609369,0.5013982118846363,0.7962962962962965
1357,93.38808611208793,5.213912696591933,-86.56026942568532,195.2299520507357,-577.005002833856,0.5011741874797547,0.7993827160493829
1358,93.23722247375068,5.215958649839308,-86.64253609118316,195.24014738560464,-577.1310705577312,0.5017736250804448,0.7993827160493829
1359,93.10740825325968,6.2895497834553,-87.58555970214918,195.4933533810465,-576.6666688064819,0.5022884180402821,0.7962962962962965
1360,92.98525373501684,5.22110230170739,-86.77893498208233,195.26783578736763,-577.3411882795632,0.5027746766916814,0.7993827160493829
1361,93.07018152929507,6.290385695539044,-87.6057105653109,195.49761666240028,-576.6977280661805,0.5024366351038642,0.7962962962962965
1362,92.887298820047,6.294696482836287,-87.70421380704639,195.52273052911812,-576.8499891385162,0.5031646402659132,0.7962962962962965
1363,92.70982497503033,5.229138435572736,-86.9262232578559,195.31307359848046,-577.569639965419,0.5038686732677303,0.7993827160493829
1364,92.70437391169091,6.300462552222882,-87.80183111310332,195.55470450487462,-577.0016010905281,0.5038926454279623,0.7962962962962965
1365,92.41100896722136,5.2411609580057075,-87.08340253207028,195.37945320060282,-577.8152734144123,0.5050556148085913,0.7993827160493829
1366,92.39929433541025,5.027489358021683,-86.91490932605308,195.33441315136594,-577.9392892220866,0.5051010239092315,0.8000000000000008
1367,92.4067824118982,5.027133879260589,-86.91103002808289,195.33240971440824,-577.9331896935688,0.5050713503707099,0.8000000000000008
1368,92.23678095710406,5.249619943459265,-87.17358801677909,195.4263095800253,-577.9571031043783,0.5057478969547432,0.7993827160493829
1369,92.24248912630469,5.035102444929805,-86.996076262291,195.37658389284616,-578.066935943056,0.5057240778407682,0.8000000000000008
1370,92.23500186873216,5.035476570894559,-86.99993334146345,195.37869658085435,-578.0730128084865,0.5057537513792897,0.8000000000000008
1371,76.7044523557714,7.47085382371057,-88.39872412484516,209.53116352769757,-581.6375786631246,0.5685837911737496,0.8000000000000008
1372,76.36548498270807,7.529656559622367,-88.38499802364471,209.87462501376012,-581.6516312414036,0.5699766307907411,0.8000000000000008
1373,76.87535448768227,7.441157377738364,-88.40301390735257,209.35817843710234,-581.626513935947,0.5678858895575111,0.8000000000000008
1374,86.76068689369433,13.437697271157106,-94.95633928950438,201.09473952510754,-576.8981397211913,0.528238537029118,0.7777777777777781
1375,65.95941386002471,9.332285283447732,-87.96356805168026,220.41986872596286,-582.0830858527391,0.6123153100821597,0.8000000000000008
1376,100.47432579299743,282.4581126760306,-308.9484707180339,261.4006379148725,-425.2142000545998,0.4567463836488101,0.0026397011046134858
1377,101.40867531413535,283.5325686554928,-309.59986697782017,262.5465762159174,-424.67570675045135,0.4506528397472218,8.728732452654267e-17
1378,101.07865027990093,283.47665816404935,-309.6219663408303,262.2121992471378,-424.67530357484003,0.4527777777777774,8.737285292410091e-17
1379,100.80283038940489,283.42956917349966,-309.64980879888094,261.933811015361,-424.6893203541247,0.4545539607798197,8.744434399054635e-17
1380,100.52697565149388,283.38294035314675,-309.68619039377654,261.65743417526363,-424.71651963292703,0.4563301437818621,8.751583505699177e-17
1381,100.30869419594785,282.43072352134135,-308.975412611643,261.23675747399045,-425.2384881984815,0.4578088526640879,0.0026397011046134858
1382,100.19172094620927,283.32713940066833,-309.7417321531708,261.32560254146637,-424.7672019518789,0.45848820612934343,8.760269670272296e-17
1383,99.8562862496296,283.2723918995077,-309.8093462867766,260.9994849315544,-424.8368130740456,0.46064626847682466,8.768955834845415e-17
1384,100.70833162960396,278.8345223847114,-305.93107542224226,260.8251577184987,-427.1497450233757,0.4555065748662243,0.01319850552306708
1385,98.08593801708858,280.87354310021453,-308.60807261645095,258.95907982341146,-426.64198490163193,0.4721193922637657,0.006159302577431352
1386,98.10040846686788,283.0121717464632,-310.3430014335859,259.44569747892325,-425.48993083767914,0.47191614962478257,8.814316916505036e-17
1387,97.76656930082109,282.96930213903465,-310.47522575023135,259.18996064989267,-425.6648928698395,0.4740526443983325,8.822916271956617e-17
1388,100.73566192323696,277.00783486696355,-304.43553962656637,260.4462204285663,-428.1282508088958,0.45547419657891575,0.018477907732293877
1389,100.61720328120987,276.98796657408406,-304.45162021844834,260.32782175039495,-428.1406549829817,0.4562259262214611,0.018477907732293877
1390,100.49251416891367,276.9671762013145,-304.47015427648097,260.2037330280146,-428.1562095977383,0.4570172205820352,0.018477907732293877
1391,100.36787479513481,276.94627356950673,-304.49031763041506,260.0802683402862,-428.1743039001394,0.45780851494260916,0.018477907732293877
1392,98.20685698746009,275.7008228985858,-304.3335728571087,257.9058227544957,-429.36003238499706,0.4715827427414937,0.021117608836907293
1393,94.58509259333545,280.27238009751346,-310.06169917929543,257.1074526783572,-429.2113573818499,0.49434580156126784,0.0070392029456358375
1394,93.62033842982754,280.2587183088847,-310.5938934311995,257.01537733334817,-430.0108423679842,0.5004415457476816,0.007039202945635854
1395,100.8462959105443,272.448499449086,-300.69100439091903,259.54546510274736,-430.57059451032734,0.4551024081885974,0.031676413255360886
1396,98.35449872275572,275.1105978288781,-303.78238218980164,257.8917255610953,-429.6175452879631,0.4706706151908374,0.02287740957331623
1397,100.73183679544269,271.9714545371766,-300.33260028957534,259.32902324585984,-430.8263757462238,0.45585768292050377,0.0329962638076676
1398,94.61707229153126,279.0518666883674,-309.04842385164864,256.8393762402324,-429.83742441127936,0.49415882148080376,0.010558804418453718
1399,93.67945334413531,277.81549502145197,-308.5699119813181,256.46665063416293,-431.2656030142098,0.5000675855867533,0.014078405891271618
1400,94.27551755584585,277.0070162178633,-307.57725282200386,256.32580388980676,-431.20482841949513,0.496330119551261,0.016424806873150195
1401,95.32106106198876,278.0643368704777,-307.836412585998,256.7986298903087,-429.8190014347212,0.48974068589155295,0.013491805645801939
1402,100.74497464510468,271.0581980701569,-299.58486977797804,259.13902490277826,-431.31563161426607,0.45584429633771306,0.03563596491228101
1403,98.44815183579887,273.7505148221513,-302.63022652122476,257.66538674995365,-430.31094607668314,0.47014226424846434,0.02683696123023635
1404,95.2588241448685,277.14482274906516,-307.1230417537875,256.57264779743366,-430.3568203114035,0.4901518818832019,0.01613150675041535
1405,95.47042057278085,275.42631617642184,-305.5990433189977,256.25759213189133,-431.1157844954282,0.48885518748027607,0.02111760883690734
1406,96.38640635478943,275.4948528272297,-305.1285465010959,256.6700675244864,-430.44263876416363,0.4830977059006819,0.021117608836907324
1407,92.65565483134239,280.27706679918464,-311.117142666633,257.11106349834705,-430.8158189861088,0.5065372899340954,0.0070392029456358704
1408,93.01376361924153,278.6377749736483,-309.59725652263256,256.6879636901619,-431.38727313725593,0.5042560684313386,0.01173200490939304
1409,94.55125607600908,275.38508228417925,-306.0972148791833,256.00385617833524,-431.84712747956485,0.49461266905987017,0.02111760883690736
1410,91.94855220379279,278.8850322938125,-310.3221930268185,256.97783669028183,-432.1529657917309,0.5109761050703743,0.011145404663923414
1411,95.5451322943006,273.29333093894496,-303.81632383398,255.80660768843313,-432.19882709980817,0.48842872764050316,0.027276911414338637
1412,92.01462818080662,277.96515329691175,-309.5418439275663,256.7507972015554,-432.588881609019,0.5105381359131438,0.013785105768536822
1413,92.73714307802334,276.609585795341,-308.08662582380276,256.27296157644304,-432.70472512893434,0.505976349692703,0.017598007364089514
1414,95.33387381102457,272.36454798580894,-303.18209586648186,255.52492503818627,-432.851267534335,0.4897701458009061,0.02991661251895205
1415,100.82551377052046,265.57846181473303,-295.0985117814154,257.9992156581362,-434.25122330953036,0.4557639768409687,0.0514741715399615
1416,98.75547594272939,267.99526539009,-297.80374119456087,256.6417704667807,-433.2897444504031,0.46850477318831296,0.04355506822612128
1417,89.15292859409752,280.8927927833542,-312.898995032513,258.9761943051785,-433.1651967607151,0.528787781474495,0.0061593025774314145
1418,89.47095667044226,282.9876595604165,-314.5412242989386,259.20630616003416,-431.8461805452818,0.5268617266337212,9.035471937823882e-17
1419,89.153952706828,283.02927175747357,-314.6436733435132,259.4499122051384,-432.0266489690445,0.528891302274639,9.043640945568807e-17
1420,99.10090266452987,267.2836126899824,-297.0771850077964,256.7805886192267,-433.5704414052761,0.4663768449361587,0.04575481914663245
1421,97.76018740432451,266.4843001485301,-297.04346189352685,255.51867632926016,-434.4875727147456,0.47483501161361297,0.04751461988304142
1422,92.71064628422275,275.38897348689886,-307.10509209684335,256.00353658576654,-433.37889690714843,0.5061276322190587,0.021117608836907397
1423,91.79169579321973,275.4338446792103,-307.5796043788219,256.2566993359355,-434.12580962646507,0.5118851137986528,0.021117608836907414
1424,96.38634117494364,269.99787743033386,-300.64783382622767,255.44115375922388,-433.37775263930087,0.48327108335905233,0.036955815464587795
1425,98.77631597221882,266.1663017878483,-296.3057211041579,256.2526243600395,-434.2634367729087,0.46847800002273154,0.04883447043534811
1426,100.86695222612094,262.837541316785,-292.85534873840294,257.42942720749113,-435.7190552156653,0.45572381709259646,0.05939327485380171
1427,90.876076895354,275.50554246493084,-308.01158167106064,256.6688763026476,-434.82424068173066,0.5176425953782469,0.021117608836907432
1428,91.57397650756866,273.9217275159548,-306.4423499136513,255.9988308904178,-435.11281811861767,0.5132176075705285,0.02551711067792977
1429,98.79766350799586,264.33774437792266,-294.80771417571526,255.86352026932605,-435.2371533704135,0.46845122685715007,0.054113872644574935
1430,92.01897098481177,272.6712485857889,-305.22533826018287,255.56268306326535,-435.41215561759344,0.510405583655382,0.029036712150747653
1431,91.78867932386513,272.99090972333516,-305.5898693284153,255.71040099511546,-435.4328658241449,0.5118494162445442,0.02815681178254318
1432,98.80814540299757,263.42340316491465,-294.0587156395728,255.6689839697085,-435.7240207596102,0.4684378402743593,0.05675357374918834
1433,92.24880112251145,271.7423897679964,-304.3605507992771,255.2880541885944,-435.7149018819154,0.5089528266776928,0.03167641325536105
1434,96.86272729600314,265.56540653816086,-296.769855393433,254.7157958744965,-435.4523380758261,0.48046783980623103,0.04986102086492004
1435,89.05685734329424,275.7170321378047,-308.6913358969204,257.9035586654944,-435.9828607301862,0.5291575585374353,0.021117608836907466
1436,98.81873247687643,262.50887070209984,-293.30972038473607,255.47445816177787,-436.2108942023456,0.4684244536915686,0.05939327485380175
1437,97.79796658517036,262.8246524408408,-294.0439691559461,254.72937978725193,-436.4285914369319,0.47478146528245,0.05807342430149507
1438,100.50781749151179,260.4085574668258,-290.97763592018293,256.54599336246304,-437.03133943720786,0.45810519523608983,0.06622265540394252
1439,88.91175951646426,275.1267842477926,-308.23465814120095,257.88721844099985,-436.38378916962625,0.5300518373110372,0.02287740957331641
1440,86.40687100364212,278.8793402122717,-311.36651841294156,260.9711111294705,-435.4255303287048,0.5461866426989181,0.013198505523067217
1441,86.51312784758557,278.861583695281,-311.36356383231475,260.8645188112743,-435.41020443158436,0.5455101174852788,0.013198505523067217
1442,96.87874153405284,263.7349095699815,-295.269534723507,254.3159110505799,-436.42144228517145,0.4804410666406495,0.05514042307414685
1443,96.76997613755313,263.163714999422,-294.8642828909349,254.12325019518997,-436.7912173468237,0.48113847687333144,0.05675357374918838
1444,86.8121176485819,276.9799268095114,-309.8527890300463,260.1596607928903,-436.3324186743921,0.5434642945742704,0.01847790773229406
1445,88.82383694302405,273.7659939252294,-307.137183651702,257.6558219923623,-437.15978192400354,0.5305400285050381,0.02683696123023653
1446,86.70551155219437,276.9978337692637,-309.85938576565565,260.2655479435307,-436.35320834504614,0.5441408197879096,0.01847790773229406
1447,86.59888694528016,277.0157081675205,-309.86476242442376,260.37185654906807,-436.372186548643,0.5448173450015489,0.018477907732294067
1448,86.49226191663618,277.03366218552407,-309.8689162598557,260.4785397401136,-436.3893443465601,0.5454938702151881,0.018477907732294067
1449,96.7781185863136,262.24845375421404,-294.1141222047245,253.92301131452572,-437.27573878070376,0.48112509029054074,0.05939327485380179
1450,90.90051189940672,270.0062691309402,-303.51932087631644,255.4272854493245,-437.74051471415663,0.5173085789263879,0.0369558154645879
1451,100.4045695093852,257.40381810950254,-288.562913447997,255.77891165090358,-438.64860365713366,0.4589592509896421,0.07483214208360459
1452,95.74816276208549,261.70092968793665,-294.2520859157993,253.28567536076912,-438.2431294712706,0.48746871529863145,0.060713125406108515
1453,93.65769153134448,263.7658238740716,-297.1314287929088,253.30996279307956,-438.7833928056992,0.5002005872574486,0.05455382282867726
1454,95.75487634167763,260.7850789018545,-293.50224913553194,253.08280155236216,-438.7278753385684,0.48745532871584074,0.06335282651072192
1455,94.70483714192298,262.10373820162556,-295.184749067959,253.05175878180165,-438.81434398115397,0.4938257268895129,0.05939327485380183
1456,88.5602483897589,270.75198380443027,-304.7122898147596,257.2039716668746,-438.9117336991041,0.5320481159315459,0.03563596491228124
1457,96.40637740317392,259.84186648227876,-292.36172413127935,253.17618269167684,-438.7923664375485,0.48350646843403416,0.0662226554039426
1458,100.6573802403121,254.70691845280396,-286.2923349484474,255.4188107831905,-440.07921239857984,0.45762536266390286,0.08272417153996148
1459,99.5895699176501,253.78526592193447,-285.89711525272315,254.21388187883903,-440.6973629158446,0.4641891949017769,0.084876543209877
1460,88.21788221956047,269.73508787751734,-303.9180650508588,257.2703196192877,-439.630550096453,0.5341492710181188,0.038715616200996894
1461,95.69123292307998,259.2867044431183,-292.31782760973846,252.72096226125316,-439.57357793661913,0.4878823565926169,0.06765756985055296
1462,88.54858126510774,268.9220471078755,-303.21914092822817,256.80768952490666,-439.89210402288404,0.5320213427659645,0.04091536712150806
1463,86.54901686846023,271.9881157587006,-305.75451258639026,259.3074811562288,-439.064570265519,0.5447621391133087,0.032996263807667875
1464,90.44556966680523,265.57295750971997,-300.06165230766004,254.6875310446277,-440.4524361923235,0.5199809314474777,0.04986102086492015
1465,89.54467882498238,266.4938537418466,-301.0624330606722,255.4865961515101,-440.5924641501009,0.5256375580095015,0.04751461988304158
1466,96.63925354090739,257.12525966522435,-290.016893497349,252.6954833999896,-440.09786536524143,0.48217258010829495,0.07411468486029948
1467,97.62533035080342,255.99088846579915,-288.5648369446237,253.07746530420414,-440.16531931389466,0.4761781183727889,0.07770197097682532
1468,95.64853948021297,258.2878536024365,-291.5284143221859,252.48002210965763,-440.13771432727134,0.48816704184380094,0.07052739874377364
1469,95.56282113583359,256.29029415985895,-289.9500709526902,251.99885733973966,-441.26679423506056,0.48873641234616905,0.07626705653021502
1470,92.61812805121184,262.10597546817894,-296.32581661683616,253.03886439026508,-440.5472617874125,0.506526363488485,0.05939327485380187
1471,96.59836315433874,256.12530519908887,-289.22474466601744,252.4485139427681,-440.65723129723597,0.482457265359479,0.07698451375352017
1472,94.61079799058032,258.48493226044917,-292.2900171586645,252.2197535894043,-440.8216633310579,0.49444618883049096,0.06980994152046849
1473,94.83850987297339,255.75405477550748,-289.93311035036135,251.65573187603587,-442.10033854745745,0.49311230050475174,0.07770197097682538
1474,96.67583981023783,255.21999816139777,-288.44347798380113,252.29024982290125,-441.0931198648583,0.48201263591756593,0.07961519023897248
1475,95.71665865865742,254.47430015719144,-288.3808513342583,251.6518255557522,-442.1253086225132,0.4878471534623429,0.08152840950111963
1476,88.5305977991028,266.1774021705972,-300.9794422476757,256.2131940873063,-441.36268962935475,0.5319811830175922,0.048834470435348304
1477,98.52837840399718,252.87702799585207,-285.5941898102824,253.08585865614668,-441.4636026966245,0.470753027139651,0.08702891487979254
1478,98.60321370724083,254.87906030176393,-287.19171678372066,253.59433711759306,-440.3664551242,0.4701836566372829,0.08128925709335116
1479,88.52422843764833,265.26261244084156,-300.2328826076078,256.01500966756157,-441.8528928830522,0.5319677964348015,0.05147417153996172
1480,91.5979892486948,260.2909913885745,-295.3211121595776,252.93463754789494,-442.3676284213471,0.5127114492999622,0.06478172454455826
1481,92.2224696758694,259.7529682692127,-294.60144020771503,252.605320556948,-442.1383239701122,0.5089077416319784,0.06622265540394268
1482,92.00673141734163,261.01257401290303,-295.7284155483315,252.95160059463814,-441.6452080405558,0.5102374149753712,0.0626263446682557
1483,98.80603408974892,251.17541889354476,-284.0865501278825,252.94113401709313,-442.28723970468747,0.46913445356272776,0.09205111544292874
1484,97.46816722815723,251.98758230183725,-285.38396748733214,252.0721343402744,-442.3823542844174,0.4773168593775251,0.08918128654970808
1485,96.59264956031147,253.21931645351145,-286.859228529842,251.7957087022,-442.211863781757,0.482582006419934,0.08535484802541385
1486,96.75084142603083,251.4091051636112,-285.2967009013243,251.48089943784507,-443.0838243737542,0.48169274753610786,0.09061620099631845
1487,86.49435432269908,266.50398093357666,-301.27049218094254,258.1428929057628,-442.0011958394165,0.5446818196165644,0.048834470435348325
1488,89.55078405122984,261.6270739339371,-297.08948105751136,254.39642523622894,-443.1815801094273,0.5253595894662089,0.061536621904556325
1489,90.36368287390201,261.40393636396857,-296.6871192879089,253.80416063650216,-442.73621542767086,0.5203188646359297,0.06189986282578944
1490,90.0450488426273,263.2474342936527,-298.2857311564002,254.416591680155,-441.9816883802218,0.5223623095909711,0.05669040141506096
1491,98.41689576946199,249.8728636243724,-283.19848909479356,252.32298267135266,-443.11020427590057,0.47160708289320313,0.0956384015594546
1492,99.36754219141518,247.7753889008223,-281.0888750888165,252.6777258658902,-443.9639164618498,0.4658973064088813,0.10209551656920114
1493,86.48508510392975,265.58991502000407,-300.52315850109966,257.94876565221887,-442.49063510776267,0.5446684330337737,0.05147417153996174
1494,89.75512830741576,260.35312235000686,-296.00119774892096,253.9663979083535,-443.7249881757591,0.524029916122816,0.0651329326402433
1495,101.22805523179609,245.84136543431165,-278.91900299227865,253.99936163316963,-444.8243342066726,0.4548508266161728,0.10855263157894768
1496,100.33560844377224,245.69116350648363,-279.04902714972536,253.10962428423326,-444.9315042671144,0.46018752992455936,0.10855263157894768
1497,98.65510682265716,247.16776675296163,-280.889504371819,251.92089987457626,-444.4781744989496,0.470273194567464,0.1035304310158115
1498,95.29750364384168,250.29707449458033,-285.21889879563815,250.56156710727564,-444.66052805186115,0.49044452385327336,0.09348602988953916
1499,94.56300735682251,249.76715534277798,-285.211685686303,250.25302312254973,-445.51240220917174,0.4948204120118561,0.09492094433614952
1500,95.4523640187972,248.48014827633637,-283.64779419399076,250.20710818030665,-445.51542259355,0.4895552649694472,0.09874738286044375
1501,100.28208456608631,244.18890744710137,-277.8430160087147,252.72394778532717,-445.7419711972338,0.4606145578013354,0.11285737491877872
1502,89.35347316952175,258.03523789897383,-294.2010023523513,253.74176691516172,-445.2220550286727,0.5264112942663093,0.0719623131903841
1503,90.07363356159277,257.1696033159808,-293.32007579015794,253.04051961973911,-445.2028923710132,0.5219287766472406,0.07419440232955575
1504,90.77947631388645,258.8644220856422,-294.4771058806759,252.99680852651383,-443.77755550524927,0.5176595179491439,0.06909248429716339
1505,93.03916198974548,252.58400093315709,-288.35020923493613,250.83323556871198,-445.27426376030655,0.5038920767104795,0.08678976247202426
1506,93.9356560722766,253.1858320373309,-288.3552614872684,250.94235355031904,-444.20012180053135,0.4985437689611007,0.08503597814838938
1507,93.62369260960423,254.90047729157612,-289.9252983473256,251.31817329852683,-443.5444872669375,0.500405447435723,0.08009349505450931
1508,86.52691359915258,261.7136526461896,-297.3620980251722,257.0463616930772,-444.54437255789,0.5441057792392969,0.06262634466825583
1509,87.71208638113848,260.64910945753684,-296.5251666656424,255.69947749735255,-444.6975046677266,0.5367305527217882,0.06513293264024334
1510,98.24196079897939,245.3661669388624,-279.60699665604244,251.1783739292881,-445.5832054552646,0.4728881665235315,0.10855263157894772
1511,97.2263789479107,245.98361940318517,-280.6174228954279,250.5656273009418,-445.71529191621096,0.47902497088462953,0.10640025990903222
1512,89.72066511087107,256.3273196276896,-292.72577884972543,253.09261638181678,-445.89464912059975,0.524063405996289,0.07674536134575191
1513,96.34054736410413,247.21941381688453,-282.11055380576886,250.3155758141435,-445.5746415863547,0.48429011792703835,0.10257382138473799
1514,97.06677242113807,247.7909539972499,-282.1756695787325,250.86593510894556,-444.8353508980785,0.4799142297684556,0.10113890693812765
1515,98.02710378972982,245.08731545995823,-279.48171628093206,250.9461648117059,-445.8162964768342,0.4742104052985359,0.10927008880225288
1516,97.12730649142237,242.98322108345656,-278.2258921540467,249.8294066361379,-447.37094074206254,0.4797365551555162,0.11500974658869428
1517,96.1983145917606,246.62553331314024,-281.70773256709214,250.10980387366894,-445.9847393311272,0.48516177524572757,0.10424788823911672
1518,92.49977978265727,251.27324626439184,-287.55524635738755,250.63190748937228,-446.4301266086533,0.5070940207340522,0.09061620099631852
1519,92.17585473645312,252.67206254221904,-288.85084223636096,251.02879155323305,-445.95566392439514,0.5090505942924025,0.08663032753351202
1520,96.38385147445872,245.89471405130664,-281.0073508532259,250.04120837305027,-446.2546072812672,0.48407673122768524,0.10640025990903224
1521,96.27906258606744,242.89742497912164,-278.6232496119012,249.31508215864088,-447.92257381527935,0.484788315498572,0.11500974658869431
1522,89.19202647421406,255.06946743975755,-291.81206311188686,253.20463114247858,-446.90188008704143,0.5272653500198614,0.08057179987004617
1523,89.96748820759973,255.19043833810537,-291.7350290957246,252.66889095416101,-446.3329190473468,0.5224981471496086,0.07993406011599712
1524,94.12450173787033,248.01363314057068,-284.0329686525576,249.7958359029437,-446.8041829053648,0.49743538396792353,0.09994314489928573
1525,93.82576173447546,249.25559553081044,-285.21255515971785,250.0538955407919,-446.3876830313851,0.4991963001704388,0.09635585878275987
1526,93.08701957729511,248.76344341673433,-285.2114510882586,249.9696164212319,-447.27163910075535,0.5035721883290215,0.09779077322937023
1527,91.76438137561664,250.81539844377147,-287.52372086521575,250.74598953000174,-447.28801131610055,0.5114699088926349,0.09205111544292888
1528,92.69411683684561,250.4354077933531,-286.7755140630472,250.40353405468667,-446.7121868068665,0.5059200765990419,0.09300772507400241
1529,93.88166726371097,247.2634403688057,-283.55854449461265,249.60886418410152,-447.40543459469626,0.49887622012140914,0.10209551656920124
1530,91.13043177029274,250.75345062395002,-287.73411361753153,251.00052848630824,-447.83235857723975,0.5152646921720915,0.0923699853199534
1531,90.46473537942722,252.92092122292422,-289.7366808411694,251.8458091917427,-447.186328865605,0.5193676294562481,0.08631145765648753
1532,89.8756371028629,250.66463989937793,-288.06695861520774,251.71897914518706,-448.8086818730166,0.5228542587310048,0.09300772507400247
1533,98.73899575508126,240.9566694642332,-275.79427788983327,250.60746115634333,-447.7782982117943,0.4700954869312371,0.1214668615984408
1534,97.87134049264718,240.0867755885605,-275.48392550981043,249.7081430079332,-448.5564988855405,0.4753963790833473,0.12361923326835635
1535,99.45197006459846,237.33343034270425,-272.553892803827,250.42925503398232,-449.5418586858539,0.46600444266812263,0.13222871994801838
1536,91.468673633468,249.67462937327858,-286.71996375758727,250.60645565370433,-448.13872290099454,0.5132132235300131,0.09539924915168635
1537,88.42480158958213,253.68727390968124,-290.791002066036,253.52475485519298,-448.0651864625462,0.5319259234296283,0.08487654320987723
1538,88.26136285299859,254.87393153937091,-291.77564266039843,253.93033567453057,-447.51643149690864,0.5330049724809105,0.08152840950111977
1539,97.07711628909425,241.48342487495938,-277.03053712132737,249.46138231025168,-448.19939754172697,0.4800923472909596,0.11931448992852532
1540,92.28888896378044,247.29785067687789,-284.4164949737495,249.7908923368879,-448.7278770941098,0.5082750445646407,0.10209551656920127
1541,91.97811699450111,248.06254702890334,-285.1843339606576,250.0545496960314,-448.58036136168755,0.5101360205668957,0.09994314489928577
1542,95.21558563079921,243.48563290161184,-279.7148416960337,249.006638599402,-448.35798544648463,0.491052667787836,0.11309652732654721
1543,94.14711713209198,244.11178743166244,-280.84006592694965,248.9218618527773,-448.86724863929487,0.49731702007710005,0.11118330806440009
1544,88.00028257255559,253.03358962400378,-290.2912634754081,253.7479919291172,-448.6199856566911,0.5344834991849228,0.0869491974105366
1545,88.80881965981965,252.30245652168477,-289.61421029855984,252.89407882653754,-448.59708981288543,0.5294831400758799,0.08870298173417146
1546,100.54915945144042,236.9400728324654,-271.85824434225447,251.36334934569643,-449.60450207928216,0.45952958219651263,0.13387345679012366
1547,95.48500876436825,242.339076789047,-278.62404272791986,248.84106089788156,-448.7697947987695,0.48948887572485567,0.11644466103530467
1548,88.51584578286474,251.18418309875187,-288.73743797962095,252.8901114834266,-449.3506114529296,0.5312264547132581,0.09205111544292893
1549,97.08894763772281,239.49286106319013,-275.4019264170696,249.02350326973865,-449.25647977954634,0.48009693930963093,0.1250541477149667
1550,93.07923328628073,244.11477040571052,-281.4266573606245,248.92623805991704,-449.75921268501935,0.5035829030392545,0.1111833080644001
1551,92.81453795640675,244.95216536764707,-282.2459055246348,249.1510136992323,-449.5368441594646,0.50514746043868,0.10879178398671621
1552,92.01339621232961,244.15784323051895,-281.9863699341006,249.16711699706735,-450.63436666611153,0.5098487860014088,0.11118330806440013
1553,100.07823351656155,235.36927333836945,-270.7300757010734,250.56840348062278,-450.4916728762961,0.46241125450348397,0.13817820012995471
1554,98.52057447516913,234.20303488341406,-270.38682935136694,248.91532137475775,-451.45960268613084,0.47176778728206525,0.14083820662768048
1555,97.09516238077627,238.49748986714988,-274.58762119530866,248.80456076019686,-449.7850207927232,0.4800992353189666,0.12792397660818738
1556,96.29743992376623,238.91461931850074,-275.367047452856,248.43176532012072,-450.03751900576117,0.48479749953591456,0.12648906216157707
1557,96.30712114733599,236.92335910906206,-273.7389487797412,247.99009662075608,-451.09499421332816,0.4848020915545859,0.13222871994801844
1558,95.49099238829032,240.3472131945374,-276.99704809455676,248.3963709122456,-449.82864083589715,0.4894934677435269,0.12218431882174605
1559,88.32094290149169,249.8028172802889,-287.62883477205764,252.74865243417523,-450.1849137762832,0.5323353497412674,0.09611670637499158
1560,97.89382743248208,237.1023974024345,-273.04128752555476,249.05752673880474,-450.1431753466375,0.4754032671113543,0.1322287199480184
1561,91.27813792502425,245.04025258839224,-283.02003623101996,249.65118856956357,-450.7642354563024,0.5142216128142107,0.10879178398671624
1562,95.49419516400874,239.3513074964214,-276.18355175855703,248.17402400653455,-450.35806515047904,0.4894957637528625,0.12505414771496673
1563,93.87973835472926,241.28648384958376,-278.68727576413346,248.2660446177954,-450.59584868646135,0.49888999617742297,0.11931448992852539
1564,93.07317459696645,240.7945483038473,-278.7232439871159,248.18097466048488,-451.5360679457142,0.5035905564037065,0.12074940437513575
1565,89.78158734806917,246.77539803716084,-284.91881597432933,250.91628356966882,-450.94702099765584,0.5232636850426439,0.10424788823911685
1566,95.4976135329753,238.35533621545676,-275.37005607654646,247.95167582593953,-450.8874903294173,0.4894980597621982,0.1279239766081874
1567,89.61965722814685,246.048787096017,-284.36455407660765,250.8695141549744,-451.44118489987255,0.5242109784537654,0.10640025990903235
1568,88.97137710897036,243.14969137546424,-282.12101864376865,250.71990399285545,-453.38139218131255,0.5280001520982511,0.11500974658869441
1569,89.89849722536664,243.02557124047763,-281.8305201794362,249.9953837081151,-452.8662342171702,0.5223836132714985,0.1150097465886944
1570,88.70054667985875,246.17772796893928,-284.6288014014065,251.62019251376046,-451.9191046463834,0.529827517280518,0.10640025990903236
1571,90.95109083012886,243.5752419305684,-281.9497221265033,249.4818172107173,-451.80292688087997,0.5161161996364536,0.11309652732654726
1572,99.95066853178061,232.59413134148653,-268.5138243909,249.83125917174132,-451.99604759221324,0.46333909226438347,0.14611760883690728
1573,97.19588746167103,235.52113122572877,-272.10864083043265,248.20419497757786,-451.32157113428724,0.4796191152454222,0.13653346328784946
1574,98.07647527853982,234.13884153644204,-270.5383753989627,248.5388009129308,-451.65165243441504,0.47443613893625847,0.14083820662768048
1575,96.42672091203823,234.94250165760548,-272.056729384829,247.60965995494774,-452.07643955520115,0.4841573394378553,0.13796837773445983
1576,92.26944967326878,241.32198466581264,-279.55479185926833,248.45450397029524,-451.933483046174,0.5082888206206546,0.1193144899285254
1577,93.07204967461263,240.13053180269006,-278.1825623837638,248.03192266796088,-451.8914406959949,0.503592087076597,0.12266262363728286
1578,87.72685336154382,247.57268843488507,-285.8439941057875,252.77984474908877,-451.6483697972404,0.535821979016024,0.1028129737925065
1579,97.25589537811335,234.5323014455058,-271.27057635054604,248.0238034828924,-451.8179209462378,0.4792967391870569,0.13940329218107017
1580,93.87951067328532,238.29807387677482,-276.2516529627718,247.5946329905454,-452.19107312001296,0.49889688420542977,0.12792397660818744
1581,90.68067236863018,242.43940732532374,-281.1189571884575,249.37353516735905,-452.61576800299173,0.5176853490545505,0.11644466103530475
1582,87.32351730406225,246.72502298309956,-285.15744846530987,252.9609259502148,-452.2627137310055,0.5381997132627714,0.10544365027795882
1583,95.59082205930827,235.37348464467073,-272.8854723883993,247.31768129944402,-452.41210610751307,0.48901793968865376,0.1365334632878495
1584,90.67432741593419,241.4439973820371,-280.3094245282716,249.1540266975804,-453.15150496627535,0.5176876450638861,0.1193144899285254
1585,87.6118864412851,245.59960885843208,-284.23564832710923,252.44520855546685,-452.74674622768134,0.5363913495183921,0.10855263157894789
1586,97.37822388504061,232.55485581666667,-269.5951656229164,247.66517787260125,-452.8119314650372,0.47865198707032636,0.14514294996751154
1587,95.64964187184816,234.38139949460242,-272.0426265509246,247.11834403747116,-452.89926317376194,0.4886955636302885,0.13940329218107017
1588,98.528590067741,231.04769763330617,-267.8123048978878,248.21816540385385,-453.14479425428914,0.4718759482336813,0.14993502274204046
1589,92.25970138158672,238.3342746531475,-277.12394907697467,247.78632446435302,-453.5363008506308,0.5082957086486615,0.12792397660818747
1590,95.70874322223654,233.38943321213733,-271.19982854043377,246.91979234343606,-453.3865727842887,0.4883731875719233,0.14227312107429085
1591,93.96399609202751,235.310799890053,-273.7693777250639,246.92848880707427,-453.71592923849903,0.49841676413188535,0.13653346328784952
1592,90.66189818725252,239.4533607019999,-278.6903593681294,248.71501555707914,-454.222979725856,0.5176922370825574,0.1250541477149668
1593,89.10814199993499,241.63621436032938,-280.8644665199808,250.2715693480821,-454.1086760220617,0.5270864695071178,0.11931448992852545
1594,90.65563945424947,238.4580039451519,-277.8808268676962,248.49551288671321,-454.7587175214647,0.517694533091893,0.1279239766081875
1595,89.86799083587803,239.04535929693094,-278.5918393828464,249.12578178150017,-455.00920306092974,0.522392797308841,0.12648906216157715
1596,89.85335875058178,237.05538586777064,-276.9724971148749,248.69099341599303,-456.0806859218242,0.5223973893275122,0.13222871994801855
1597,95.82752632144539,231.406186524223,-269.5144079291722,246.52506140694476,-454.3616997652813,0.48772843545519273,0.14801277886073222
1598,96.66679768782716,230.98133485089184,-268.6940493454048,246.85817959952067,-454.04295806530115,0.48286783520439425,0.14944769330734256
1599,92.3346273424811,235.34262252827898,-274.6496445006059,247.0946402367774,-455.07067479433397,0.507815588575117,0.13653346328784954
1600,91.60165005970995,233.8931688756446,-273.79925556200067,247.0115341145913,-456.45238418517596,0.5120314367091849,0.14083820662768057
1601,92.16076681965572,233.5251657231134,-273.25062908521073,246.73483108011197,-456.1865717567474,0.508791036541986,0.14179481625875415
1602,98.53767723207672,227.89111563801822,-265.23772574326944,247.5207420454538,-454.82987550525917,0.47198410918529743,0.1590318388564004
1603,97.58215432981397,226.87678464696876,-264.86275214108423,246.54049976707103,-455.7462767064013,0.4776753464981627,0.16157678145982252
1604,98.22464457189999,226.14870430133112,-263.9582494476475,246.87192159679066,-455.8674924970122,0.4739292598236374,0.1639231824417011
1605,89.09084397115419,239.6469172190341,-279.2440795884114,249.84112484032403,-455.17901273850975,0.5270910615257891,0.1250541477149668
1606,88.31975446865087,240.25905378439865,-279.8366917278344,250.622700322756,-455.2649306289152,0.5317893257427371,0.12361923326835648
1607,87.24550570365454,241.9232062686432,-281.2358716638526,251.9604290400738,-454.8448264441637,0.5383195471606231,0.11931448992852547
1608,97.12487900798553,228.92631391579354,-266.7707956719544,246.68207343626602,-454.8813038040835,0.48027159085127846,0.15551223738358255
1609,96.32173379925145,228.95599595625566,-267.23593185485294,246.2128885059945,-455.33807691087867,0.48493116384422724,0.15518735109378395
1610,97.16345519088033,227.56535472908897,-265.6407941276169,246.40311614229614,-455.58756051637835,0.48009395228018426,0.15944697133780966
1611,93.24932829130987,233.48699217071115,-272.67350886094,246.5221730014175,-455.2878298448745,0.5025251535798315,0.14179481625875412
1612,93.28625279493721,232.8223946319505,-272.11213820050995,246.37008753148547,-455.61145038561494,0.5023102362075881,0.14370803552090125
1613,94.13376056256507,232.32482033515427,-271.2396172711851,246.27237162474833,-455.1696351819089,0.49744963595678965,0.1451429499675116
1614,99.49802944910111,226.11664202731492,-263.4036001508911,247.97140357382514,-455.54120699147165,0.4663890149405353,0.16457295502129826
1615,94.04410249779721,231.82551558389804,-270.88320121256,246.15166173514308,-455.5098741750252,0.49796546811674786,0.1465778644141219
1616,93.43552905609104,230.1638924725142,-269.8658862161611,245.76457154018678,-456.90505053891394,0.501450566718614,0.15136091256948972
1617,95.56390702839565,229.8931429610173,-268.43326187640645,246.07826419138453,-455.35572727907663,0.48927593193506747,0.15231752220056327
1618,90.72063864551319,235.4637110316435,-275.41740616947357,247.7880995908253,-456.308034200231,0.5172144130183486,0.13653346328784954
1619,89.94847312154974,235.05187453495134,-275.3143450506055,248.17747039012568,-457.085180873964,0.5217526372107818,0.1379683777344599
1620,92.49486118204783,232.34731740949402,-272.1303491446911,246.38272985661538,-456.53461435610564,0.5068484604000212,0.1451429499675116
1621,91.70595358284373,231.89293881487072,-272.12505367320733,246.5223620624643,-457.434961485788,0.5113866845924544,0.14657786441412196
1622,91.99451355551645,230.87838745564648,-271.1705966167487,246.19280709997963,-457.73925145598804,0.5097102681558074,0.14944769330734264
1623,90.7703616478409,234.4627193837399,-274.584336605432,247.53630130729033,-456.80471671470775,0.5168920369599834,0.13940329218107023
1624,98.54559854266029,224.7358376215647,-262.663093948455,246.82305062701613,-456.5148495029586,0.4720922701369134,0.16812865497076035
1625,97.58476179059292,224.77240060136668,-263.146585845392,246.07131632159508,-456.86956782287274,0.47774745379924,0.16764132553606248
1626,97.21903995911214,223.31143464408564,-262.14605653393704,245.48640327138096,-457.8314814806387,0.47994046230843035,0.17172045339686673
1627,96.33997567754517,227.22244985420582,-265.81295738479474,245.83345840532283,-456.25247233743096,0.48487839820921885,0.1601869901090175
1628,94.92275482528325,228.86028995580915,-267.9654177809568,245.63899549260205,-456.3884334305836,0.49297594790917715,0.15518735109378395
1629,96.55131925746923,226.87270610743127,-265.4097307333429,245.87073332944985,-456.3070466252265,0.483669095318208,0.16125189517002392
1630,88.29082133462325,237.27599531906125,-277.4037536614954,249.98321131426175,-456.8674804354258,0.5317962137707439,0.13222871994801855
1631,87.97892832122011,234.33735579978008,-275.0253181098648,249.60449198871746,-458.5793728333668,0.5334974372498413,0.1408382066276806
1632,88.4260982948444,234.2679346831113,-274.9367907569056,249.1968368468568,-458.40338691700697,0.5308290855956481,0.1408382066276806
1633,87.9363192733245,234.34465002250812,-275.032961609151,249.64407619478925,-458.5950135083726,0.5337511342049561,0.1408382066276806
1634,100.04429767636098,222.16489802439781,-259.9910741933373,247.59371080453337,-457.57119518014764,0.46345142698780983,0.17621471373908038
1635,96.60885908886627,225.8823667356892,-264.57054383831377,245.68166830393045,-456.8008088659983,0.48336658381102793,0.16412172406324463
1636,90.87087859229041,232.46096710166412,-272.9174151585441,247.03349811431002,-457.7969734010806,0.5162472848432529,0.1451429499675116
1637,92.74920496694716,229.84617775876205,-269.9665395273437,245.76933215532978,-457.6546445817515,0.5053655000649673,0.15231752220056333
1638,93.5096723315369,228.83445414282355,-268.7423132618344,245.46355845610708,-457.5513486847584,0.501020731974127,0.15518735109378398
1639,89.1839031557034,234.65442810906083,-275.15551629993513,248.65300060666164,-457.7863286042272,0.5262908614032149,0.13940329218107025
1640,94.27311846277615,227.84349105257945,-267.5088334195076,245.2825315478209,-457.4466698203947,0.4966759638832868,0.15805717998700466
1641,96.60869868797293,224.82996237317207,-263.7130563916368,245.44540056649424,-457.36318941662097,0.4834026374615666,0.1671539961013646
1642,94.31125080704064,227.1802340860718,-266.9462783963676,245.13882089151366,-457.7693416568734,0.4964610465110433,0.1599703992491518
1643,90.92069526168927,231.4597795773782,-272.08355864332384,246.7825155212082,-458.2925428010814,0.5159249087848876,0.1480127788607323
1644,91.06282109395431,230.94850474525686,-271.6148295815368,246.5949743794558,-458.45529153313424,0.515086700566564,0.14944769330734264
1645,96.42273977710255,224.10361981312616,-263.22549855643257,245.1779025183052,-457.8659955570598,0.48449914171616176,0.16919356003176672
1646,92.09800990061382,228.88015600911103,-269.49311117546085,245.71056633740372,-458.71754290230626,0.5090655160390769,0.155187351093784
1647,89.27597326903827,232.64969071492493,-273.5040143710563,248.13312411159558,-458.8002847811714,0.5256461092864844,0.14514294996751162
1648,96.40256260223967,222.95528518346427,-262.3011118291238,244.90920951279094,-458.4921216802474,0.48465048209398787,0.17249657064471885
1649,97.24673638747406,221.46005963350257,-260.6233823115607,245.08996075801406,-458.80632936733014,0.479854131113755,0.17706302794022102
1650,91.45116293479643,227.92625137008153,-269.0000681123582,245.73629746741253,-459.7592195733778,0.5127655320131865,0.1580571799870047
1651,97.28585339358696,220.37469464736168,-259.7182187278083,244.87381499055982,-459.36578265095073,0.47966690633386233,0.18020359540827385
1652,96.47258851500345,220.39994524845127,-260.1791965578388,244.37420863912536,-459.8131433377028,0.4843264793268111,0.17987870911847528
1653,100.32456967638527,216.58907479763405,-255.35932460792202,246.61209781936395,-460.5268538327751,0.4622053087942283,0.1924139051332035
1654,98.79267352210395,218.2322654945359,-257.26168088593687,245.58211610571084,-459.9221946850607,0.4709689214575572,0.18697205977907744
1655,98.91819641508435,214.98233012950897,-254.56265189487655,244.96520497227482,-461.62877834311377,0.47040724711787907,0.19639376218323593
1656,98.46232751703263,214.9134851491942,-254.69771994308482,244.55592896980636,-461.79245463398183,0.4730755987720723,0.19639376218323593
1657,94.34546773069997,222.18182926551225,-262.852841651147,244.02079670886383,-460.41012002867325,0.4963041003419685,0.17437369143022174
1658,92.94117723202226,223.7121399167927,-264.86980715654244,244.3607974892977,-460.7656597158743,0.5042185044012792,0.1699696772796189
1659,93.58520076586984,221.79111639631986,-262.9610928843631,243.88002260246793,-461.2464500891014,0.5005793471501986,0.17547469496787246
1660,94.3094391205461,221.41633552036075,-262.25018103948656,243.84358684226518,-460.8483979372886,0.4965161301943517,0.17657569850552315
1661,93.50936934116754,220.26323637245673,-261.75695072360116,243.53799787202095,-462.1260578710208,0.501003406854965,0.1798787091184753
1662,89.87665179369228,226.92312060178972,-268.70453259530115,246.4088166537224,-461.4705131200021,0.5218500588281716,0.1614143383149233
1663,89.82358003393114,226.20938576321265,-268.1355798212936,246.2863393983018,-461.88685024014757,0.522131290132083,0.16349000072196973
1664,94.99771067114125,220.29390589420348,-260.939160064365,243.73552644761054,-460.903234575588,0.4926649430908881,0.1798787091184753
1665,85.57240939569238,232.98413429576732,-273.80175602754093,251.57332250809557,-460.06648057660993,0.5474975791387648,0.1458874810483002
1666,90.74186589699741,225.5531306251861,-267.33166480875656,245.55568875519822,-461.58057102369753,0.5167753561549904,0.16507833369431824
1667,89.71705392899145,224.78224423069642,-266.99691485448136,246.04289458385412,-462.71852375834015,0.5226937527399058,0.1676413255360626
1668,95.68634410246875,219.1879911631886,-259.6390247461498,243.7234431626625,-460.98437192914054,0.4888137559874244,0.18318171973142744
1669,92.86267332072288,222.1859435625762,-263.66551113039264,244.02954615084045,-461.6461287970305,0.5046425641060455,0.17437369143022174
1670,90.68905352418832,224.83804079700656,-266.76656907565655,245.42519957282198,-462.00195575284727,0.5170565874589017,0.16715399610136467
1671,100.28530220131876,213.36931492223084,-252.75068874113262,245.85599956977904,-462.2554405276418,0.46263924512392796,0.20167316439246277
1672,101.68459071204003,211.77208069205426,-251.05774424536207,246.8453243447143,-463.07300672112,0.4548712431299768,0.20695256660168962
1673,100.02878872801153,211.72106306345,-251.49299265044186,245.24883245388617,-463.16730059596193,0.46419038911587435,0.2063027940220924
1674,96.00721462303946,217.49182235922453,-258.0725159440061,243.48417418343445,-461.6667478599075,0.48703950281351865,0.18813623565085563
1675,97.6202488263124,214.98817457573324,-255.1562400106775,243.90660496555444,-462.0802629907584,0.4779422633049376,0.19584326041441058
1676,85.30721457779853,230.31510014458212,-271.58235773133083,251.23706952931167,-461.53511942518116,0.5488105461725874,0.15371182586094917
1677,86.19523947606228,231.65293033112806,-272.7914005979677,250.67401812639764,-460.64125495262977,0.543790742183377,0.14942061944985965
1678,97.58855048662991,214.21989149342764,-254.54603041805947,243.71133365237117,-462.5052317308879,0.4781542931573208,0.19804526748971202
1679,96.69920626238122,213.543753315393,-254.46468166846358,242.96828184580286,-463.33523705076493,0.48323298754256927,0.1996967727961881
1680,95.93796350596071,215.95842119139735,-256.86155983236046,243.1080340738221,-462.5325316623593,0.48746356251828504,0.1925402498014585
1681,91.34581989081934,221.5070714958675,-263.8088013290148,244.34123751436613,-463.2678233540272,0.5131930577225057,0.1765756985055232
1682,87.31323866098984,226.85481331427738,-268.9302269247063,248.54496860335766,-462.8405192150048,0.5369670652292208,0.16271388347411775
1683,88.7606754883459,224.74732661739318,-267.13345129708233,246.78657527686576,-463.3053243635104,0.5283309180209099,0.16812865497076052
1684,92.70611819961508,219.134027055836,-261.2570562662032,243.37112462446547,-463.407690323445,0.5054906835155784,0.18318171973142747
1685,92.02243258312754,220.3129596236884,-262.5455939625079,243.81115717109853,-463.35242891701216,0.509341870619042,0.17987870911847534
1686,93.43301014816029,218.73536823305759,-260.5529711332898,243.19725602744853,-463.0060431416667,0.5014274665597314,0.18428272326907816
1687,98.37350229749671,212.60815647987977,-252.85888346264275,243.96443057296494,-463.05430870011713,0.4737116883292218,0.20299978340914027
1688,88.78544118671192,224.03574059642378,-266.55005442868804,246.6063390115444,-463.67134190600154,0.5281446924301805,0.17016821890116263
1689,94.08641182943984,216.82640819605805,-258.6356598180501,242.7860186564573,-463.48083617442404,0.49778830930865087,0.18978774095733172
1690,94.16121104972879,218.35612214265637,-259.8402338564347,243.13743158987282,-462.60283911274627,0.4973642496038845,0.18538372680672888
1691,92.66683670472645,218.3711257444163,-260.654959419049,243.20738119651762,-463.8481939631373,0.5057027133679615,0.18538372680672888
1692,94.19280552018202,216.25485792273884,-258.10944381003236,242.6689965015771,-463.6983567811178,0.49719689158401564,0.19143924626380782
1693,97.78831210388746,212.14487965083748,-252.7553306279119,243.3951174767814,-463.5251703012902,0.4770974845860542,0.20410078694679099
1694,96.60068677510895,211.24068717595762,-252.643061558839,242.39278429320143,-464.6248836068291,0.4838690770997188,0.20630279402209245
1695,98.32753708323825,211.45545025219093,-251.93984478189154,243.6686388595635,-463.68580827723133,0.4740297331077966,0.2063027940220924
1696,94.3858346169568,214.15717747522174,-256.2899537388441,242.22419100682276,-464.6614675219822,0.49614008301274903,0.19749476572088676
1697,93.27901522558832,215.67979114837487,-258.1454468274542,242.5196950268135,-464.7670733720151,0.5022755859692641,0.1930907515702839
1698,92.42372680686577,216.27934458316065,-259.0696889622463,242.79150259049334,-465.1702191807084,0.5070362355759379,0.19143924626380787
1699,92.06106936434543,214.96025843000393,-258.16655860855684,242.59792008253504,-466.1793449501504,0.5090471784829288,0.19529275864558535
1700,97.4834011440839,209.62122123274196,-250.85194529277996,242.60404883112014,-465.01169252024897,0.4789394641700685,0.21125730994152064
1701,96.61459709356485,208.94923783083067,-250.76748916231097,241.88719255546803,-465.8396380061488,0.4838558225214666,0.21290881524799676
1702,90.73503331388608,217.55041447415675,-260.8098304247429,243.76461734478923,-465.8555081210148,0.5165575347892852,0.18813623565085572
1703,99.37504094489972,206.4580917575302,-247.44040472046754,243.46937142332615,-466.08974441227804,0.46822870221832447,0.2211663417803771
1704,100.00436845024655,209.88530509089696,-250.00622093386758,244.81628878680826,-464.15367703759614,0.4644405471851975,0.21158219623131924
1705,98.35847100929793,208.02040257158615,-249.12723988158277,242.92598378624737,-465.51068462403623,0.4740098512404182,0.21621182586094886
1706,97.49221560865375,208.475843648853,-249.91404732898985,242.35382303310925,-465.6191611109343,0.4789328368809424,0.21456032055447283
1707,94.27352950690246,211.8616076172554,-254.4830284710846,241.69213868789936,-465.97786407956704,0.4967761725698986,0.20410078694679107
1708,95.05335083287335,211.6340801541226,-253.84877015114986,241.80668275481688,-465.48295423566867,0.492473807413172,0.20483478930522486
1709,95.49503963715895,212.6784220802836,-254.44326879403079,242.18794217551545,-464.5956026399186,0.4900045800562339,0.20189877987148963
1710,94.83119636244007,211.11441738123756,-253.55407632421782,241.63048512863233,-465.9319810162377,0.49370842109164104,0.20630279402209245
1711,95.7281526953133,209.4456753917171,-251.67436412110666,241.5543816748419,-466.1549273361469,0.48877880816199076,0.21125730994152067
1712,90.44262362314728,215.86212204919912,-259.52849284536205,243.55917754400775,-466.9747346383924,0.5181741992131861,0.19309075157028396
1713,89.94320889928096,216.49366787332536,-260.18366681773114,244.0265671128188,-466.9888241256445,0.5210448114498984,0.1914392462638079
1714,94.83477768397512,209.96822082920636,-252.6176629221231,241.3739092819694,-466.5410603861647,0.49370179380251494,0.20960580463504463
1715,94.84145575938913,207.67559926011592,-250.74482830522268,240.86076696277556,-467.7592082049365,0.4936885392242627,0.21621182586094895
1716,89.12468389955984,217.17674275545664,-260.90903134690603,244.79273029099625,-467.1399625756125,0.5258054610565722,0.1897877409573318
1717,92.2443145345822,212.84851711995873,-256.3596094666384,242.0686105456099,-467.1529256741443,0.5079903699116621,0.20134827810266426
1718,91.45324073712237,214.61974121724592,-258.15234619241124,242.74919780358053,-466.8592390635969,0.5124329747397611,0.19639376218323606
1719,95.73337371183703,208.29959412417804,-250.73710385347047,241.29941046067316,-466.7628827303473,0.48877218087286467,0.21456032055447286
1720,97.50986129280562,206.18530174732746,-248.03825203008233,241.85339241629114,-466.834101380381,0.47891958230269016,0.22116634178037714
1721,89.88022151845038,215.3552874103889,-259.2711900307526,243.8155853784452,-467.63891786038755,0.5213628562284733,0.19474225687676
1722,91.37069369597123,213.09775736603189,-256.94494260979565,242.4438299071124,-467.73761631910514,0.5128570344445275,0.20079777633383897
1723,90.54915418971524,214.13106295060803,-258.08368504322766,243.10646668463565,-467.8203783619331,0.5175116691250097,0.19804526748971216
1724,89.65487369537937,213.6645100504254,-257.9454356573365,243.59926878702575,-468.6895327475812,0.5225903635102581,0.19969677279618825
1725,93.9408514642422,209.3721417440089,-252.64229605389735,241.09963346132915,-467.5797926581997,0.4986181521539129,0.21125730994152067
1726,94.2426375048179,207.274872299754,-250.7616999808325,240.65783055993705,-468.45033789415515,0.496966111458528,0.21731282939859964
1727,95.73872395411598,207.15349187618915,-249.79984161150648,241.04444413590147,-467.37083562092755,0.4887655535837385,0.217863331167425
1728,91.32948305600169,212.3369262093757,-256.341134577525,242.29171643092394,-468.1767014689079,0.5130690642969107,0.20299978340914038
1729,90.72358782885038,212.01082856506574,-256.297779894009,242.52890415130838,-468.82103730933255,0.516454860553743,0.20410078694679112
1730,89.52707715514606,211.38885481303987,-256.1167891288605,243.18453505599143,-469.9848424795165,0.5232264530674077,0.20630279402209256
1731,91.26757078309672,211.19575222207078,-255.43528161740485,242.06426284417867,-468.8351878791726,0.5133871090754855,0.20630279402209248
1732,88.83766449698962,214.3527262226042,-258.6457776762032,244.397911670866,-468.8059429006403,0.5273510131169319,0.19804526748971218
1733,98.90569711105566,202.08501298841458,-244.05977198603517,242.0700057560396,-468.5283210539318,0.4711485098001843,0.23355263157894773
1734,98.65857864204163,202.3339779028347,-244.36306065570662,241.9082389811897,-468.45823660543005,0.4725574879740485,0.23272687892570973
1735,97.59913261978792,204.47705120505066,-246.60111968490145,241.5354786499076,-467.70511303212305,0.47848387332277925,0.2261208576998054
1736,92.149971934517,209.4141947305686,-253.60431999225017,241.32472178241505,-469.06478630972435,0.5084574961458352,0.21125730994152075
1737,91.25619447117623,207.75735318288815,-252.63717294157735,241.29813180949873,-470.67970961743316,0.5133672272081071,0.216211825860949
1738,91.84917609115249,207.33060166867068,-252.04276643025366,240.95637966414856,-470.4276894030624,0.510085236781091,0.21731282939859972
1739,95.74989551918,204.86116619089816,-247.9253112111853,240.5345261670731,-468.5867339025168,0.4887522990054862,0.22446935239332932
1740,94.84923613838376,205.38266275800672,-248.8719832771093,240.34763716778372,-468.9773414735593,0.4936752846460104,0.22281784708685323
1741,91.2636122127931,210.04957869902307,-254.50258006887586,241.8088907755922,-469.45003100282133,0.5133804817863594,0.20960580463504472
1742,93.04427495108266,207.2769632011192,-251.42053886074913,240.65496137070392,-469.451369250906,0.5035256741198095,0.2173128293985997
1743,93.04430951788643,206.51263064944857,-250.79763554240398,240.48326647816216,-469.85944230304756,0.5035212559270588,0.21951483647390113
1744,93.94613979809242,205.932494542209,-249.83608818471492,240.32723971470855,-469.4113683764178,0.4985982702865346,0.2211663417803772
1745,94.25338731890679,202.6890040196736,-247.01866447429057,239.62884107018826,-470.8903613926287,0.4969396023020236,0.2305248718504083
1746,98.59433086923532,200.60405609325068,-242.9813662794687,241.46484098570292,-469.4007486810263,0.4730141417901342,0.23768139484513792
1747,97.77821013011501,201.061340550665,-243.72856559939203,240.90402733898188,-469.45018102040024,0.47761245536295743,0.23602988953866183
1748,95.45710669224837,203.50358801480473,-246.98832690800975,240.113700543021,-469.5213074657231,0.4903844578334928,0.22832286477510685
1749,96.64347481849681,204.36605473735028,-247.01633264672003,240.8760844168959,-468.2691366467566,0.4838293133649621,0.2261208576998054
1750,90.38316346723764,209.56336845246426,-254.41156375715937,242.1836276699775,-470.37896993438414,0.5182968401377575,0.21125730994152075
1751,89.51213856771116,209.09812545733635,-254.25184672035053,242.68252400723765,-471.21611664035095,0.5232131984891555,0.21290881524799685
1752,96.81949630027746,200.9458802459573,-244.1318449499325,240.21457893908018,-469.99301247742756,0.4829578954051403,0.2360298895386619
1753,85.1581033741864,215.84408041017574,-259.7549814841547,248.15053732616076,-469.2816441030699,0.5484296996804557,0.19549130026712916
1754,90.37768869493752,208.4176871749433,-253.47919559854984,241.9302504132673,-470.9945225327619,0.5182902128486313,0.21456032055447294
1755,92.14410470130545,205.9749705277998,-250.80409194100284,240.55428973772635,-470.90564974698174,0.5084376142784568,0.22116634178037722
1756,91.24850660955269,205.46504601902768,-250.77176042637242,240.7873530917269,-471.9093780355251,0.5133539726298548,0.22281784708685332
1757,91.83823678312106,202.74539892282826,-248.3101827932613,239.93071637999319,-472.8839360842599,0.5100587276245866,0.23052487185040835
1758,97.67503146471935,199.64634303666708,-242.62666213505705,240.50877055489556,-470.25105745230115,0.4782489474489522,0.24006690251004778
1759,87.82677662901219,211.64420088371386,-256.50644898267063,244.6788921197473,-470.7289651645607,0.5330657970593299,0.20630279402209262
1760,87.5194989611141,215.13215235165467,-259.35991919899453,245.73813861814915,-468.9983796389556,0.5350337113329136,0.19639376218323618
1761,99.57223123926063,197.12725602878413,-239.76953714468326,241.56186686625244,-471.047286620003,0.46764511746804555,0.2481409284528197
1762,96.62250507542655,200.0650618540392,-243.52269490217657,239.89810425374807,-470.5788000302945,0.48407640092573057,0.238507147498376
1763,95.05168347586084,201.76147205586233,-245.8034558506981,239.58881930806595,-470.7546744812988,0.4926214688746734,0.23327738069453513
1764,88.66285605172527,209.7937323468587,-254.94581802365565,243.52581920663286,-471.32738343481077,0.5281361841296797,0.2112573099415208
1765,96.79029408433016,199.41355803314548,-242.89931142649095,239.85304319884403,-470.8274868636979,0.4831655070647728,0.24043390368926468
1766,97.62303213185076,198.93909310628277,-242.07615013365515,240.31146150169045,-470.65219644598585,0.47856719349194954,0.24208540899574077
1767,95.78328355899046,197.79350316357727,-242.1461361376336,238.9618150441206,-472.33665935610765,0.4887185587665881,0.2448379178398676
1768,98.77625619495996,197.19217856634043,-240.12608766105754,240.85871454881732,-471.17464679185036,0.4721470921972106,0.24759042668399434
1769,88.65395872574669,208.64879267572317,-254.0127727963007,243.2772671644438,-471.9423975017814,0.5281295568405535,0.21456032055447294
1770,99.6566573758304,195.61247785257206,-238.50566325218477,241.3005513920072,-471.8443166752654,0.4672597620934128,0.25254494260342253
1771,93.04413572072303,202.6909812380221,-247.6831009192401,239.62478385467918,-471.89977932946897,0.5034991649633052,0.2305248718504083
1772,99.24474617903759,195.83307867915937,-238.83601074229443,240.97326298476742,-471.79853124736667,0.4695589188798244,0.2517191899501845
1773,97.51884827133337,197.52436125991738,-240.97600617179836,239.91752954602293,-471.45588169522074,0.4792036855779442,0.24612242196712675
1774,98.36952417092684,197.41876645389638,-240.48333415243107,240.55967502686184,-471.172614856058,0.4744462489836222,0.2467646740307563
1775,93.44788099313348,201.41018950088124,-246.42481183871283,239.30427272385512,-472.2418687799788,0.5013052804216267,0.23419488364257735
1776,98.87795429643158,195.29760694746827,-238.54132557065682,240.52393408494524,-472.1626301544429,0.47166539797891965,0.2530954443722479
1777,90.36116973422725,204.98029942158598,-250.68208984643664,241.1700813112057,-472.8411745932541,0.5182703309812529,0.2244693523933294
1778,90.36671484171904,206.12611122633544,-251.61445864553673,241.4234772320064,-472.22562486557524,0.518276958270379,0.22116634178037722
1779,84.09546290370392,213.54206356673382,-257.68922631604477,248.6742094553111,-470.65503924349593,0.5541709982448368,0.20264782326185887
1780,92.74108124571677,201.7443388372789,-247.06679948512837,239.45872951802468,-472.66151786358853,0.505133532887687,0.23327738069453513
1781,93.04364147559767,200.77980174665362,-246.12582233228724,239.19553747592389,-472.91993019095645,0.5034881194814282,0.23602988953866194
1782,90.65011721694034,203.61139942501197,-249.47602709940543,240.6882874276162,-473.36059708504024,0.5166227084786188,0.22832286477510694
1783,88.63675689496446,206.35903143859315,-252.14668952058346,242.7801431844681,-473.17243452412157,0.5281163022623012,0.22116634178037722
1784,88.45347685953644,204.66846916096526,-250.78216767113423,242.56272444982253,-474.16401740644875,0.5290969078585307,0.2261208576998055
1785,89.48367739995922,204.5165665367269,-250.52197428510553,241.67842036502708,-473.6786754909412,0.523186689332651,0.2261208576998055
1786,99.36758267771863,193.56020154185268,-236.9381005043138,240.5778909105565,-472.9905400956988,0.46898088581787534,0.2583252111760888
1787,98.139467582738,194.2319317273703,-237.99155429387156,239.65679767676664,-472.95421605969,0.4758783561771103,0.2558479532163747
1788,96.54737059277767,196.23571925433168,-240.44354009606013,238.99535236634438,-472.6684082530487,0.4845976142582608,0.24951718287488311
1789,96.46459579029597,195.17676115585417,-239.6261804335314,238.71129577760806,-473.28410637162506,0.4850749833227568,0.2525449426034226
1790,97.3067667002692,194.69547526680606,-238.77923928021957,239.13268733343156,-473.0689107285294,0.4804766697499335,0.25419644790989865
1791,100.71018847899157,191.3927722997136,-234.72355131529974,241.34862928321482,-473.99137949997345,0.4616980600840077,0.2652064832864058
1792,93.04354428516686,199.6334472973345,-245.19145157006457,238.93798803857234,-473.53201505751423,0.5034814921923021,0.2393329001516141
1793,93.0437509924401,197.3405068967561,-243.32270191963684,238.42288556101505,-474.7561720742775,0.5034682376140499,0.24593892137751838
1794,93.95691676095879,199.05400239923046,-244.223595673496,238.78248073714371,-473.07440602988225,0.49855850655177797,0.24098440545809013
1795,94.24556068083237,198.1985503637761,-243.36286814880796,238.61902935904135,-473.29339390519664,0.49700429205127683,0.24346166341780423
1796,90.99700257846683,201.8571606876534,-247.92556683634896,240.10256884192745,-474.03214639639845,0.5146482048119083,0.23327738069453516
1797,94.41522260729448,197.53383081510603,-242.72391486153606,238.49466600763097,-473.5103559511609,0.49609339819031895,0.245388419608693
1798,100.75449909995469,190.636108539512,-234.09409170633714,241.22184639614025,-474.39405354927896,0.46150538239669137,0.2674084903617072
1799,95.61417457301289,195.67979769893478,-240.52057987926386,238.4171527424799,-473.5843657495443,0.48967329689558003,0.2508934372969465
1800,94.75800495555083,196.20732122738886,-241.44641385640085,238.26451994217874,-473.94678521856804,0.49427161046840334,0.24924193199047048
1801,99.49257763915381,191.28809742025413,-235.04105110019714,240.18429294054832,-474.1840376082149,0.46840285275592625,0.2649312324019931
1802,92.13211396931362,199.0963197805981,-245.20357625594124,239.01333847729538,-474.58727720492493,0.5083978505437001,0.2409844054580902
1803,93.90017713297416,196.7599712726668,-242.3861886175467,238.26360276525318,-474.34581466776865,0.4988699240412266,0.24759042668399447
1804,100.5597733530618,189.26606836964265,-233.03744344413147,240.72990764867387,-475.13952938362274,0.4626527982129997,0.2712620027434847
1805,98.5051421953363,187.40699198125827,-232.2658911624214,238.43091237752003,-476.47766811324874,0.474144256991263,0.27566601689408765
1806,97.14588258102195,192.57460778948757,-237.13474302405848,238.54702544957615,-474.2836638136027,0.4814314078789256,0.2602519673669776
1807,91.76597871625634,198.25881787839424,-244.6855299580906,238.9500180242843,-475.33726086628485,0.5103657079732848,0.24346166341780429
1808,94.45029131710419,194.92303079430621,-240.576755739715,237.91391076108445,-474.87646806246795,0.49592995001502543,0.25291194378263954
1809,89.27917291793787,200.2452184221955,-247.07753634454278,240.88020380802956,-476.0813877306701,0.5241606486917546,0.2385071474983761
1810,89.11202960450365,201.12901789355368,-247.82503979936493,241.2121506239492,-475.70744661015397,0.5251479005251098,0.23602988953866197
1811,93.43532799308201,194.84908018016574,-241.08470002726543,237.8308537884761,-475.7543667604461,0.5013574333611598,0.253095444372248
1812,94.29678511002595,194.28167896441227,-240.14269009008285,237.74594482163704,-475.34321573225986,0.4967591197883365,0.2547469496787241
1813,97.2652840356476,190.29559026418673,-235.2147883196962,238.1173554245197,-475.4386823308863,0.4808533748169765,0.2668579885928819
1814,89.33629728307343,198.70865258610223,-245.8148842606513,240.4914272722904,-476.86731791799735,0.5237752933171219,0.24291116164897894
1815,90.57044068589121,197.6961071099748,-244.67994356566786,239.4076628728633,-476.5759957714861,0.5168778229578871,0.24538841960869304
1816,97.18500006723472,189.23482793905654,-234.39278139226641,237.823983676837,-476.0463704828108,0.4813307438814725,0.2698857483214214
1817,98.38117554305818,189.68167090300548,-234.17308088657973,238.8372626557869,-475.3008784735491,0.47472229005321215,0.26905999566818334
1818,89.36481890842666,197.94048580196517,-245.18340274055427,240.29704330489093,-477.2600471484764,0.5235826156298056,0.2451131687242804
1819,90.60055262504761,196.92814435180952,-244.0443534546783,239.2170968866335,-476.9628687522799,0.5166851452705707,0.2475904266839945
1820,97.24560674108005,188.09546319436612,-233.43274450747916,237.60940931009125,-476.6238157574647,0.48104172735049794,0.27318875893437355
1821,86.50182553557286,201.16403370533368,-247.92804678346215,243.57554057669813,-476.79036228735896,0.5398693908220034,0.23713089307631274
1822,93.8869429449174,191.2179932763276,-237.8777045748696,237.01777726228397,-477.31573636383666,0.4989576125772951,0.26355497797992977
1823,94.12005156708224,192.1761087790521,-238.52738369706347,237.25143264232983,-476.6115980916413,0.4977138579173285,0.260802469135803
1824,93.29167866891055,191.98470218765127,-238.8277007748311,237.1955623430726,-477.4054079345107,0.5021194938028355,0.26135297090462833
1825,90.13876080349448,195.06954627202813,-242.66727794712347,239.0924281173053,-478.2878588904396,0.5191726545905038,0.25309544437224807
1826,91.09904879059928,195.79605967327262,-242.9486735633084,238.6907062570549,-477.1881098621251,0.5139378489316858,0.25070993670733815
1827,93.36320919246825,190.45476201595724,-237.5426924766112,236.8472556434629,-478.16147436259155,0.5017341384282027,0.26575698505523127
1828,94.28980643359418,190.58642851215046,-237.13557865686275,236.91498830482166,-477.32091027237743,0.4968175788123821,0.2653899838760143
1829,91.02331784969206,193.25517610859575,-240.90580588751698,238.1590844683463,-478.6033690099357,0.514285324486706,0.25804996029167626
1830,92.10882363536413,193.5557237613437,-240.69932462690872,237.7765806767662,-477.56455320959225,0.5084432562539162,0.25694895675402557
1831,91.63840113882492,191.67504772581174,-239.37478430944068,237.5216567001592,-478.9561470569385,0.5109307655738493,0.26245397444227914
1832,90.07674245372195,194.37637781475422,-242.11893198075657,238.97880108913577,-478.7007964242818,0.5194909006335012,0.25511395085794103
1833,89.95230023179923,192.99042997889813,-241.02124344894705,238.75361204410305,-479.5253667456626,0.5201273927194958,0.259150963829327
1834,96.08202087426115,186.5427320411752,-232.80659024478535,236.57230534800797,-478.1396806960385,0.4873611646477838,0.27731752220056377
1835,93.70643918662552,189.11475427738057,-236.2637731976783,236.5390772395401,-478.58781586774245,0.49991235070628703,0.2696104974370087
1836,93.01326933642238,189.95180282216637,-237.31735836905935,236.7670682416954,-478.72567585223305,0.5035851556621411,0.26722498977209885
1837,92.3143925455255,188.95825212324422,-236.8568430404158,236.6846598620877,-479.84703842102164,0.507287190130018,0.2701609992058341
1838,89.08591231952872,194.8277497521671,-242.69105742751617,239.82208711339024,-479.08428846021457,0.5250147228232936,0.2541964479098988
1839,87.80727157477605,194.0714250054979,-242.16687433100708,240.7721515421147,-480.09948810413397,0.5321968845597081,0.25694895675402557
1840,90.78942283000077,192.3222496185108,-240.22832788821586,238.07569975264465,-479.28053319344866,0.5155290791466726,0.26080246913580307
1841,88.87196730357388,193.52180068417158,-241.65468660203425,239.7072715033524,-479.89891827640497,0.526162138639602,0.25804996029167626
1842,97.47983244153068,182.78868679984242,-228.98748018103845,236.58358077047527,-479.3424121138537,0.4799579129066962,0.28855994152046843
1843,96.22839357507961,183.68871149645003,-230.39699123340793,236.00578650469996,-479.5657871427718,0.48663862332034746,0.28557504873294415
1844,97.00014133484231,184.9136706584418,-230.96963213997716,236.73128597565994,-478.45150299258916,0.4824738345439859,0.28227203811999196
1845,96.13947950780734,185.40084488972494,-231.8426745740303,236.34511981748352,-478.709948912254,0.4870721481168092,0.2806205328135159
1846,97.48533937214684,182.09828483244925,-228.42272435891135,236.43199028881767,-479.70874131602534,0.47995791127159804,0.29054987004548466
1847,89.4867100656165,191.1403869953832,-239.61634704388956,238.67772934931696,-480.81303310700747,0.522614902039429,0.26465598151758063
1848,97.625275578951,181.69386923265915,-228.02285300465024,236.44405672270648,-479.8600530157795,0.47921560938781543,0.291765937477439
1849,85.62347227869162,195.20093110999318,-242.97972695173777,243.09111267235272,-480.198381899655,0.5442663763999206,0.2547469496787242
1850,88.44024266285584,190.91298648791582,-239.5655088784552,239.49359699227668,-481.5048199230214,0.5284569702722188,0.2657569850552314
1851,89.25576819466843,190.21696289665607,-238.90559812066655,238.65109551556188,-481.4454000478678,0.5238586566993955,0.26740849036170744
1852,94.96851371904333,182.56631630622874,-230.2099789253315,235.2537449375796,-481.0652203339518,0.4933193288287042,0.2885599415204685
1853,95.39455977854462,181.3222686553014,-228.94845819855502,235.10997434797986,-481.40677334192344,0.4910924231773563,0.29220814381633153
1854,96.23820348835936,181.61710802056345,-228.7035862664167,235.5454571278434,-480.66552062075414,0.48663861841505296,0.2915448343079928
1855,96.23263293435839,182.99812695375977,-229.83252291077503,235.85234337617922,-479.9323649680112,0.48663862168524935,0.2875649772579603
1856,97.22092395367545,180.14694543058545,-226.96852921523637,235.8084322522397,-480.87986886606575,0.4814425084987708,0.2960774492816408
1857,89.57599125410616,188.83523171174346,-237.71974421705218,238.09405273721717,-481.9878872620726,0.5220368689774799,0.2712620027434849
1858,90.258927804579,189.7685044040707,-238.31293625032072,237.82382072734094,-481.03232373306923,0.518334834509603,0.26832599330974966
1859,94.54299479428687,182.434117637224,-230.34818525375414,235.12525778671022,-481.4688879306135,0.49554623120985586,0.28889159627463784
1860,94.82927719581278,180.21882634603952,-228.37657446062258,234.69077242627043,-482.4239944742753,0.4940616241720943,0.295303588188579
1861,95.68005343996961,180.49718291086623,-228.11063412554745,235.03460004952296,-481.64140433596407,0.48960781940979103,0.29464027868024023
1862,95.40326609918878,178.56032744406122,-226.69223994906653,234.49250597719362,-482.87522432851017,0.4910924166369637,0.30016785791639644
1863,96.52182215616678,180.7996354655136,-227.87829244001438,235.51582094012613,-480.9238448777619,0.48515401464748775,0.29397696917190147
1864,85.69827178164729,192.89541492475524,-241.1072968898793,242.50284168479558,-481.4095075129178,0.5436883433379716,0.2613529709046285
1865,96.2511770798363,178.85511358466863,-226.4457129811852,234.93168466543756,-482.1318319350201,0.4866386118746604,0.2995045484080577
1866,96.05047212380707,177.53297405480333,-225.48239841481532,234.53402423357204,-482.9696917610585,0.4877275633749667,0.3032633022886439
1867,92.83920386671085,182.43442924196216,-231.2818536742578,235.10459042928994,-482.88580419767857,0.5044538418245279,0.28889159627463784
1868,91.98632637533595,181.32294750835663,-230.78639197115174,235.06928828198565,-484.195984151143,0.5089076444067004,0.29220814381633153
1869,92.55121875026668,180.21915501441026,-229.62053777544023,234.66323563876006,-484.311807895969,0.5059384383249904,0.295303588188579
1870,96.99476803254187,177.81810061325916,-225.19075978411854,235.13408216788298,-482.24298405237664,0.4827292812274121,0.30271054436502826
1871,91.67577176777212,183.72043730657202,-232.87607664437135,235.7209767357544,-483.17246161900914,0.5105849276783577,0.285362970182659
1872,91.94266310693993,184.7756014131479,-233.61957709510983,235.8595822759835,-482.3903571634855,0.5091966663880021,0.282272038119992
1873,91.18854085797722,184.499735006368,-233.70798524730316,236.1109417522348,-483.14828281675847,0.513187716296788,0.28323165595745264
1874,92.4136675006165,182.5663859965329,-231.5999101070895,235.22297736087282,-483.174551662311,0.5066807447507122,0.2885599415204685
1875,97.0555108226457,176.90413315475234,-224.41326368504397,234.96882493565727,-482.6979521624464,0.482432543662066,0.30536378239838324
1876,91.49734181855487,183.01812460163683,-232.3782446394853,235.63648934388766,-483.6913788167424,0.5115104352052615,0.28742359155777025
1877,91.14245480998719,181.6170629798957,-231.37663876580223,235.48627985920172,-484.72209014026765,0.5133614502590691,0.29154483430799283
1878,93.69025762871829,180.19503094750831,-229.00422924845623,234.53514553915065,-483.3621030258521,0.5000000312485424,0.295303588188579
1879,94.54804012714396,178.2900094989986,-226.96700429461617,234.19546082176615,-483.67598104347013,0.495546221399267,0.30083116742473515
1880,93.69002598618192,178.04605592970222,-227.25280101525362,234.05234359152067,-484.5091523391002,0.5000000261615704,0.3014944769330739
1881,87.87703518697893,186.4658449037865,-235.9615620799087,239.00682458600474,-484.12324474661136,0.5313882929007647,0.2788276418068498
1882,88.56441379961552,187.4546231021639,-236.7371663108843,238.61007993464315,-483.2914586385953,0.5275899206792951,0.27566601689408776
1883,96.43256656735771,176.1089779477237,-224.10559064073547,234.4123718612702,-483.48274079217083,0.4857483991786221,0.30746426250812253
1884,95.5227396931025,176.72614389057625,-225.12801565662082,234.1248593473312,-483.7673547369523,0.4904989415062715,0.3054743339831063
1885,95.37467338315992,175.33530307228594,-224.08035676314296,233.75782590231535,-484.6179245967671,0.49129208228272053,0.30945419103313876
1886,90.41611472925945,182.80040318208364,-232.58766737635162,236.15997068138788,-484.6388611056316,0.5172656331867145,0.28834786297018333
1887,88.34855809563729,185.267629330768,-234.96851795491744,238.3110470122016,-484.55755490172425,0.5286891654386763,0.28205995956970686
1888,94.60647349295093,177.37096638359145,-226.18422546997115,234.0005720279917,-484.119908169923,0.4952494838339209,0.3034844054580901
1889,96.3605020789524,175.4114465558532,-223.5774915018484,234.21632226000142,-483.9002625106578,0.4861449695668466,0.30945419103313876
1890,91.70049961653851,180.49754281080206,-230.23921469310145,234.98747864675414,-484.8716946581609,0.5103922441773592,0.29464027868024023
1891,90.85834143235195,180.79949059468103,-230.81325607050448,235.4508428165748,-485.3778850866168,0.5148460500297278,0.2939769691719015
1892,91.97684703007343,178.56055945015677,-228.5386834830311,234.4516305801365,-485.67734928127993,0.5089076378663078,0.30016785791639644
1893,97.24794237806502,174.12527642382253,-222.0469384314298,234.47534164387105,-484.08055556614835,0.4814942622422064,0.3134340480831712
1894,94.5313519427888,176.67779427840185,-225.66269038296954,233.83007058972527,-484.55000318002294,0.49564605422214547,0.3054743339831063
1895,98.01697552639969,172.84405837758032,-220.61998299872084,234.76099082074376,-484.42100640779086,0.47743702568799684,0.31741390513320356
1896,92.83204047999902,178.29016169944396,-227.90742624483985,234.1746432174936,-485.10314625377356,0.5044538320139391,0.30083116742473515
1897,88.08981312826236,184.23622677666867,-234.13772092191545,238.31246651686976,-485.22121737947083,0.530077426729032,0.28515089163237384
1898,88.79436736613036,184.84086151353753,-234.5865053541446,237.82626343956088,-484.56974377253727,0.5261827156639042,0.2830902702572625
1899,92.7735594744409,177.3710678886968,-227.18807523979223,233.9783501330228,-485.64333012547837,0.5047505652190235,0.30348440545809013
1900,93.68997222874907,176.20407533896486,-225.7515768167827,233.63851336522572,-485.492337468372,0.5000000218013088,0.30680095299978377
1901,87.980821365629,183.1444765229968,-233.25024241256563,238.16738460504024,-485.8499222495526,0.5306270491087226,0.28834786297018333
1902,90.15870469527076,180.14671034772653,-230.49861507300196,235.73027240636281,-486.2370536581306,0.5185575527265709,0.29607744928164087
1903,91.12890554491256,178.85524216881123,-229.13029274208787,234.87225087441166,-486.20589485478223,0.5133614437186765,0.29950454840805774
1904,91.32959273549466,177.53309702794417,-227.9750560853476,234.478839968835,-486.75249772983483,0.5122724860413329,0.3032633022886439
1905,92.8486242746632,176.677873795386,-226.5848447436869,233.8096570895997,-485.94944584030986,0.5043539915606028,0.3054743339831063
1906,91.85725963375896,176.72625670134627,-227.09687605856675,234.08127293923877,-486.7552569214134,0.5095011042764767,0.30547433398310636
1907,92.00525407516571,175.33536693667946,-225.89709360635055,233.7176071345887,-487.37496718155177,0.5087079569596352,0.30945419103313876
1908,89.7449720646365,180.31339252835068,-230.73720715736005,236.0562226430741,-486.42612827996606,0.5207844556527552,0.2957457945274715
1909,94.5349960720207,173.9153321183869,-223.4086198456272,233.21016886185254,-486.02147096547566,0.495646047681753,0.3134340480831712
1910,93.68992753573926,172.5200503678323,-222.74912842328627,232.8108529513904,-487.4587077360919,0.5000000130807855,0.31741390513320367
1911,95.07336814530385,172.5555957521119,-221.98862466205935,233.03603877978873,-486.32576222509965,0.4928783638356186,0.31741390513320367
1912,95.86234289124789,171.6848704584373,-220.82315842525176,233.13395223549878,-486.2178338359593,0.4888211283714744,0.3200671431665586
1913,95.77336330896998,169.83599515066487,-219.36771188087837,232.67957429804267,-487.26647141233667,0.4893175326726428,0.3253736192332685
1914,97.42310742569097,170.0018911299534,-218.5965880594038,233.67233787949846,-486.1954118572659,0.480706657443186,0.32537361923326846
1915,101.22711910817098,166.22712981182895,-214.0850677309582,236.20728926019595,-487.4417050937977,0.4606185414652123,0.337962962962963
1916,99.23816501445545,165.36100313059518,-214.0122442505474,234.1356129880933,-488.08212171600115,0.4711963849635097,0.3395061728395062
1917,90.38529765495252,177.8181056679789,-228.53570763843638,235.06002164239143,-487.31920728260656,0.5172707690972753,0.3027105443650283
1918,92.84482359149902,173.91528523456765,-224.33517924855886,233.18965734914858,-487.4275985772816,0.5043539850202103,0.3134340480831712
1919,92.3064875563754,172.5555978501443,-223.49295503593706,233.00273583976534,-488.60870313690356,0.5071216623259522,0.31741390513320367
1920,90.32450660712917,176.90413667231564,-227.80869634564405,234.89364568662907,-487.85078998827896,0.5175675023023598,0.30536378239838324
1921,90.94741503938695,176.109033497476,-226.958787638691,234.34920246035216,-487.8126934915795,0.5142516433339298,0.3074642625081226
1922,101.42882424045406,164.6551987144647,-212.75000599859638,236.04874058861185,-488.28158599339525,0.45968064162421785,0.34259259259259267
1923,99.27840452401126,164.29622259615886,-213.1302551728159,233.9327431197616,-488.6444023970702,0.47103787593559754,0.3425925925925926
1924,94.73148914760284,171.15864316293937,-221.049106933854,232.63208097092786,-487.3369347844021,0.4946587728767141,0.3213937621832361
1925,91.0193991367444,175.4114913885565,-226.3641746392602,234.15462564237288,-488.1292751700429,0.5138550696755091,0.30945419103313876
1926,96.56004353404545,168.98339712998518,-218.22749316663084,232.88433628449002,-487.20777644447037,0.4852602972084986,0.3280268572666235
1927,98.54080909138791,166.32311849615905,-215.07076905502566,233.72897907183676,-487.7261873726132,0.4749157186140051,0.3364197530864198
1928,93.68993280724646,170.67802530771746,-221.24790422803122,232.3970227631375,-488.44189287411854,0.5000000087205237,0.3227203811999136
1929,92.64838125232959,171.15867056755638,-222.1877961000772,232.60687269752077,-489.0649861096377,0.5053412467444642,0.3213937621832361
1930,90.13185469039061,174.12533877982247,-225.5980803002266,234.39671195735946,-489.4696941522771,0.5185057704597568,0.3134340480831712
1931,98.13472768448634,165.19187977395418,-214.32969390260575,233.13616131453324,-488.4629938454923,0.4771247487039409,0.33950617283950624
1932,97.78151657130718,164.07139612136098,-213.58445560183623,232.6058779004407,-489.1998298495367,0.4790306994447875,0.3425925925925926
1933,98.5167342388611,164.71183385198995,-213.7683845794311,233.34698069226727,-488.59301779308925,0.4751135422041486,0.3410493827160494
1934,94.73593893656019,168.39593274847815,-218.79454525299184,232.01257991990437,-488.80769684529065,0.4946587663363214,0.3293534762833009
1935,93.68987755059479,166.9938556194565,-218.2454558399334,231.5693624221801,-490.40826315745164,0.5,0.33333333333333337
1936,95.08624009334355,167.0297523331731,-217.47779275360892,231.79884416848134,-489.2648733835,0.4928783507548335,0.33333333333333337
1937,91.51752600147475,171.68490552323487,-223.13354351418855,233.08280172643288,-489.724026531808,0.5111788934298347,0.3200671431665586
1938,91.60650710055558,169.83604474759855,-221.5897043701015,232.6303803602494,-490.6385212850768,0.5106824804081431,0.3253736192332685
1939,98.53625489674131,164.17917887773007,-213.32594729919504,233.24381041570584,-488.8717890092787,0.4750342876901925,0.3425925925925926
1940,93.68992732655926,168.8361303240385,-219.74668003361856,231.98319258685282,-489.425078014642,0.5000000043602619,0.32802685726662345
1941,98.72534378682839,162.60129531802212,-211.96057782753567,233.0532795143976,-489.66235620888654,0.47409638784919805,0.34722222222222227
1942,89.36285023572765,172.84410947354192,-224.72606214790906,234.67007304816278,-490.65230613483004,0.5225630004735738,0.31741390513320367
1943,92.64390526336402,168.3960522669534,-219.93859061723563,231.98725245292695,-490.5438765639511,0.5053412402040716,0.3293534762833009
1944,92.29356007855236,167.03004977887963,-218.99611119159619,231.76522993928825,-491.5690421296597,0.507121649245167,0.33333333333333337
1945,102.03312060528233,158.33151578707074,-207.44671678416324,235.21639614950868,-491.67713649933614,0.4570190349248731,0.36111111111111116
1946,99.65956887648018,161.1444531794234,-210.4290975273864,233.57826170223777,-490.2731973147828,0.4691620762536087,0.3518518518518519
1947,97.94623676785021,161.95136307921996,-211.7772587893488,232.25735470171145,-490.2645224423358,0.47824692385621237,0.3487654320987654
1948,96.45982873493628,163.38220369516455,-213.7181394503685,231.56908296184852,-490.2593013540568,0.4859215545014532,0.34413580246913583
1949,96.31738166835957,164.97608997116944,-215.09641577996024,231.84980489982289,-489.4975185792924,0.48661393706695555,0.33950617283950624
1950,97.0721429153612,162.37575994170754,-212.56451907128408,231.71690328163965,-490.44439740269627,0.48278934765751425,0.3472222222222222
1951,95.42710067804154,163.8348446910178,-214.6775891604083,231.19362471707566,-490.71764701706314,0.4911968502386137,0.34259259259259267
1952,90.8198123082513,168.98343128017868,-221.19646417391561,232.81859910334464,-491.7134249203255,0.5147397115120256,0.3280268572666235
1953,89.95678862516846,170.00191722470913,-222.2828059879389,233.59071396947544,-491.7895387036099,0.5192933556375998,0.32537361923326846
1954,92.67189356912112,165.94139071778665,-217.9247133982331,231.43029946528048,-491.83002941736584,0.5051763839420891,0.3364197530864198
1955,97.04226305307994,159.15848795430637,-209.9582171939233,230.97425571000161,-492.1778986672548,0.4830397991271307,0.3564814814814815
1956,96.63742071215032,157.50751352067212,-208.8322440601404,230.35051766500206,-493.28827073599626,0.4851632307392365,0.36111111111111116
1957,97.35926486942267,157.58920777057588,-208.5134871223025,230.837564548594,-492.85332423065717,0.4814572104059826,0.36111111111111116
1958,92.6148237727532,163.80114458282256,-216.2078630482577,230.960926760482,-493.0197485396231,0.5054401487289473,0.34259259259259267
1959,92.40999727538926,162.7386305164307,-215.44145981193947,230.76956470643688,-493.75886984141755,0.5064622372780221,0.34567901234567905
1960,92.87997339071549,162.72053586930292,-215.19363161437576,230.6690712746843,-493.3719976739651,0.5040883541963,0.34567901234567905
1961,91.65302262970732,164.9269102505333,-217.5689805633864,231.50880993103854,-493.220733240118,0.510352767884178,0.33950617283950624
1962,91.68064896730817,163.8535855149155,-216.68199982458884,231.25635721071885,-493.7703871960281,0.5101879148923917,0.34259259259259267
1963,91.3248102872723,162.45258325289012,-215.68612627541364,231.09373084573758,-494.80479919184484,0.5119750880938863,0.3467078189300412
1964,95.92667724528181,157.26439370892268,-209.0342335973217,229.92312209462747,-493.87237712679024,0.48877900635908195,0.36162551440329216
1965,95.47875615796463,158.30341402986326,-210.13918311996377,229.96989265722667,-493.63309041809174,0.4910210070473751,0.35853909465020584
1966,95.20951480369169,157.03779703262268,-209.26363720931607,229.59147202006434,-494.507881072048,0.4923947819789274,0.3621399176954732
1967,87.5770207342828,166.8812713872811,-219.98987991935243,234.890992905349,-494.6793958891197,0.5319206023717282,0.33539094650205764
1968,91.87795521485296,161.33982422730492,-214.54763102447657,230.61749117563627,-494.949445243697,0.5091396166351625,0.34979423868312765
1969,95.81611483905658,156.3631604349003,-208.3627029250795,229.67134074361155,-494.4289840482695,0.4893504967306077,0.3641975308641976
1970,94.4232455722202,157.7188786767013,-210.27351289997875,229.55168308173904,-494.7564247344711,0.4963292733828929,0.36008230452674894
1971,88.39845207770927,164.6049513315033,-218.12182609584895,233.62797904933018,-495.5586353881981,0.5273685451438024,0.3415637860082305
1972,91.66388563509653,160.28326546809433,-213.77960826721065,230.46110405518016,-495.68966045879336,0.5102111610817732,0.3528806584362141
1973,92.28549794448969,160.36387439063222,-213.56620857345789,230.26946977385666,-495.1321405251752,0.5070712055080403,0.3525377229080933
1974,97.63129463487158,153.60690169402505,-205.12828421385507,230.14273238495136,-494.8504213037476,0.48017135707004976,0.3726851851851852
1975,97.61665639264422,154.40845302550386,-205.78876217745903,230.31219611102816,-494.42892967092604,0.4802176409856486,0.3703703703703704
1976,90.83014350173983,160.8313583043546,-214.5483675516438,230.9811295108718,-496.0560720319953,0.5144743706297203,0.3515089163237312
1977,90.25281729372628,162.20372496326542,-215.84778525649426,231.6381011342904,-495.74695571936746,0.5174879389097504,0.3477366255144034
1978,96.31182864085294,154.79756334428072,-206.80445926156844,229.55999260119373,-494.9344644583124,0.48687770185381374,0.3688271604938272
1979,94.98587221567979,155.2398755643254,-207.92890183553766,229.1203413854987,-495.637045793571,0.4935377627219789,0.36728395061728397
1980,98.1551799130957,152.8747654670125,-204.28092627747165,230.38729138402664,-495.0299738533417,0.47749498292443054,0.37500000000000006
1981,98.3379331739457,151.29361339144293,-202.91050837321976,230.1817966203843,-495.8113471715679,0.47661687641134065,0.3796296296296297
1982,91.121065224825,160.14860349229272,-213.88724504186064,230.67435640451814,-496.19549053408844,0.5129675864897053,0.3533950617283951
1983,96.34979976735947,154.08653610303003,-206.20388571238206,229.42056672209975,-495.289772684498,0.4867018586625751,0.37088477366255146
1984,93.76519348699608,156.63741233667798,-209.76368702941647,229.24416493757212,-495.8736923603508,0.49962633321861827,0.3631687242798354
1985,99.31407311796228,150.64365588765108,-201.98980256169875,230.8992356473245,-495.92749313872025,0.47153343533735076,0.38194444444444453
1986,97.61895203571703,151.99700457548786,-203.8239125397215,229.7709835738354,-495.7152734206748,0.480296582804858,0.37731481481481494
1987,89.93990616768812,159.2653358287829,-213.53659100680153,231.19149653028202,-497.53164707973923,0.5190260009236567,0.3563100137174211
1988,97.59198776854579,150.38576990796386,-202.52519555746647,229.38820190255555,-496.58759818311586,0.4804944063950015,0.38194444444444453
1989,93.03664161122651,154.94888958725684,-208.7801064988483,228.90112883218612,-497.3892925442656,0.5032640892373685,0.3680555555555556
1990,93.04211332972002,153.60975712264525,-207.68587570393186,228.59958619726956,-498.09981562684084,0.5032311186390113,0.3719135802469136
1991,97.56396969384015,148.7755843825887,-201.22662874594045,229.00534343782357,-497.46014337322794,0.48069222998514505,0.3865740740740741
1992,89.93006726928766,156.88573375231334,-211.59975868812802,230.6640603415116,-498.80854567467503,0.5190003571249344,0.3631687242798354
1993,90.97775974161684,157.36414404711047,-211.67177412150536,230.12358584838813,-497.7945135504853,0.5136450325012216,0.3614540466392318
1994,90.31691837742264,157.91018705977189,-212.3314548963335,230.633435866684,-497.99410998052286,0.5170386065226777,0.36008230452674894
1995,95.93367952674228,149.6749422030324,-202.84591886373113,228.22147844341623,-497.918130211074,0.48888890835360616,0.38348765432098775
1996,91.089285473192,154.25904508513796,-209.0995652881118,229.36781835223508,-499.3647882741281,0.5130037290699997,0.37037037037037035
1997,91.09725836732596,152.1161067868555,-207.35041634195042,228.8830889056393,-500.50385796461455,0.5129244745560437,0.37654320987654316
1998,92.0670154807556,152.84701104568913,-207.54187740678128,228.64647081346834,-499.32826096621113,0.5080777965975275,0.3742283950617284
1999,91.98228147042005,151.6913121586485,-206.63856693536465,228.41473968534874,-500.01548428556316,0.508484433977267,0.3775720164609054
2000,91.39820676810623,154.23253473023848,-208.95858662420548,229.2147101896134,-499.13496077173915,0.5114474542885881,0.37037037037037035
2001,92.87528009754385,151.29321835547785,-205.88362602203424,228.10286597838498,-499.4775250642911,0.5040443933984902,0.3786008230452676
2002,98.7758788812814,144.93111381227587,-197.53922212490485,229.12682011333078,-499.0809225184996,0.47462437475304353,0.39814814814814825
2003,92.7017976029635,150.7631766781448,-205.53963504081585,228.01464378330647,-499.9074374262171,0.5049016289557788,0.38014403292181076
2004,101.20339904222585,141.63465441495248,-194.06454980795462,230.66730947277154,-500.5970360287172,0.46232898373237796,0.4088039672225788
2005,97.39870624872941,144.7374109683162,-198.018902698127,227.97807771247116,-499.6931821882602,0.48165873736233766,0.39814814814814825
2006,91.12686118995376,151.22055968400554,-206.60925996512694,228.666736507332,-500.9582471216298,0.5127530691372189,0.3791152263374486
2007,97.37693939707351,144.19913745476447,-197.5912269542285,227.84168066276987,-499.99101082476756,0.48178463004807554,0.39969135802469147
2008,99.8452227482316,141.70708080176996,-194.5291198261962,229.3895042566059,-500.6340184557591,0.46921200501872107,0.4079387318605125
2009,100.96357322234273,140.81979237250334,-193.46728843905473,230.25507007296972,-501.0379060920372,0.4635759419465449,0.4110353043101534
2010,97.36572342780363,143.93010449935502,-197.3774115501094,227.77349432905967,-500.1399605295679,0.48184757639094444,0.400462962962963
2011,96.63086432345999,143.04306215553703,-197.04729942600383,227.09696488596626,-501.01200724737,0.48555359672419834,0.40277777777777785
2012,98.75043237934833,142.6041707137372,-195.65195843719633,228.58274318496913,-500.3288291047386,0.4748480680908973,0.4048421594108717
2013,101.76836563852873,139.76277815087732,-192.3903136015113,230.79339122067034,-501.59992430788606,0.4596297007280769,0.4144759403653098
2014,95.25007857916711,145.87893837073995,-200.14629870925498,227.09823182709363,-500.4328026978764,0.492334335881939,0.39429012345679015
2015,94.47528949283819,146.11362922788481,-200.78541424917478,226.95353529736707,-500.9085966510558,0.49614243999220164,0.3935185185185186
2016,95.26303106270535,144.54065129054388,-199.0476221725078,226.80202893990312,-501.13711181094897,0.49228487998440307,0.39814814814814825
2017,91.04097486260116,150.06818949984196,-205.70168375496334,228.45132608329996,-501.6406462935538,0.5131597065169583,0.3824588477366256
2018,90.95455366190848,149.80858007884183,-205.52141567370376,228.43820962508607,-501.8461802445004,0.5135883242956026,0.3832304526748972
2019,93.679968958904,146.37004196127273,-201.4426578598648,226.93583175926997,-501.4248514163642,0.5000494558975361,0.39274691358024694
2020,100.6707206249851,138.89220545780643,-191.98135980938594,229.54175594936422,-502.079272349418,0.46516308051226957,0.416446691574609
2021,94.46625555748426,144.7743383740429,-199.6985505189122,226.65113979964426,-501.630229722523,0.4961918958897375,0.39737654320987664
2022,95.93281157883342,143.2473500752533,-197.60690536828992,226.77726271921406,-501.34917027638045,0.48900783168597645,0.40200617283950624
2023,95.20546086383234,142.93060716668376,-197.7686759287764,226.42136889236522,-502.0397004022166,0.4925879593334925,0.40277777777777785
2024,95.92109830233173,142.97861682270997,-197.39458953967528,226.71147769059226,-501.50064318089863,0.48907077802884535,0.40277777777777785
2025,94.38594407923296,144.50422482765705,-199.52452164320223,226.57700234529094,-501.83904323246566,0.4965875430700246,0.39814814814814825
2026,94.41672084575848,143.96937014166232,-199.07090834955903,226.4618631135154,-502.09961212835844,0.49643917537741694,0.39969135802469147
2027,94.47826756462334,142.89972869656154,-198.16362437116265,226.23222353281258,-502.6207276398278,0.49614243999220164,0.40277777777777785
2028,95.06936893557972,142.92344801895803,-197.84170392504507,226.37774630281768,-502.1462561628614,0.4932540279592583,0.40277777777777785
2029,94.6605974842729,142.90573951823353,-198.0636858554916,226.26938419522554,-502.47261559281196,0.4952522338365558,0.40277777777777785
2030,96.62935120198317,141.52281780692573,-195.8081987746589,226.75559107839766,-501.82308449311273,0.4855884510334453,0.4071569742256865
2031,97.33407285902932,141.60228319343807,-195.49618615072606,227.22894027004702,-501.3969957850546,0.48207126972879827,0.4071569742256865
2032,100.3157302622165,137.67016797649916,-191.09268106389038,228.9271956832217,-502.75192660836217,0.46703351783352,0.4197936972059707
2033,99.55180867783544,138.49747678953713,-192.01040500471615,228.39350257233897,-502.37716752621054,0.4708853261334794,0.41704118836184556
2034,95.65674765996087,141.4097752715354,-196.2674170081463,226.24500379544207,-502.5211364640622,0.4903923006889636,0.40724045195292685
2035,100.48427489136446,136.62733591115276,-190.1921366145766,228.85316792657002,-503.299103478356,0.4662422234729459,0.42288011695905703
2036,94.44891454612412,142.09531791242236,-197.5252573061614,226.04625074275205,-503.0741458799541,0.4962939796667464,0.40509259259259267
2037,95.88266410739513,140.65149105035755,-195.51962340983226,226.17196343595367,-502.7677037729119,0.48929447136669924,0.4094717890405013
2038,99.06996380486183,136.1278945994746,-190.24835919289188,227.41229013808572,-503.71259977185707,0.47349472606384835,0.42364156920077434
2039,95.50470752020775,139.46250311808308,-194.7686089965256,225.74782313193148,-503.6689411731022,0.4911649086879496,0.41281879467186317
2040,96.35811390991454,139.67864646569242,-194.4567130848426,226.18869748904729,-502.97329606027944,0.4869729200364325,0.4123912533391071
2041,91.286623233451,143.7959445538344,-200.4961772373183,226.92015320468687,-504.793209071766,0.5117904735894019,0.400462962962963
2042,95.81647224319741,138.56159290880643,-193.85442487553672,225.67293843206798,-503.9288683309003,0.4896557023017835,0.41547767309219363
2043,91.97950283747099,142.31676612857325,-198.998738612313,226.30888958062664,-505.0197221183016,0.5083555795865018,0.4045781893004116
2044,91.24461952620163,141.74566293027232,-198.84246279149602,226.47999724688657,-505.9215726347179,0.5119633930095587,0.4063786008230454
2045,95.06375721823574,138.99182379440904,-194.64051527252084,225.49333501041184,-504.2476888645794,0.49331864476472576,0.4141014186701309
2046,92.46299197180105,141.48733310852475,-198.0967257618376,225.9825591913481,-505.058175832864,0.5059816965047794,0.4068930041152264
2047,91.62114789849872,140.28686255027344,-197.50148082957915,225.9862686340931,-506.39782098903584,0.5100847737880703,0.4104938271604938
2048,99.3165534415973,134.56051605774078,-188.8814050768393,227.2852767334854,-504.50721533057873,0.4723077845229872,0.428271198830404
2049,98.65219613620216,135.6167845653143,-189.99845848923715,226.92558568243442,-504.0826160705179,0.4756484621406245,0.4249241931990423
2050,92.65409607467981,140.76491377510982,-197.4142017699665,225.7776214792531,-505.2822738477813,0.5050423868940352,0.40895061728395066
2051,93.68901095807178,141.2807889987537,-197.28959848118313,225.79263200599647,-504.1327357192742,0.5000000000000002,0.40740740740740744
2052,92.83501709590936,139.86549437400018,-196.5902062830767,225.54192785682824,-505.60879555476987,0.5041528856232643,0.411522633744856
2053,91.97893785858366,138.4769590267542,-195.87024194830667,225.44658491742112,-507.0693821872841,0.5083057712465284,0.4156378600823046
2054,99.56213629476876,132.99350906237277,-187.52146796739862,227.16284713463065,-505.31296150360873,0.4711208429821262,0.43290082846003364
2055,98.30189077119924,131.4595273711937,-186.76238427439515,225.69198514779728,-506.40765936055533,0.47758205121245456,0.43674870045483727
2056,88.83602394055472,144.29893802685595,-201.53754027658178,228.68790535225963,-506.184423286481,0.5241687226586143,0.399867338098332
2057,87.8399540118941,145.52928793670742,-202.5841644605763,229.85579925134843,-505.9704576225614,0.5294089331427927,0.3967809183452456
2058,81.58006849407957,153.49101021314246,-208.28124396370976,237.6811108896865,-503.0519196836919,0.5615302848529726,0.37692675619088595
2059,79.16526604578775,155.98361883356137,-209.8755293036171,240.5944714917043,-502.04386952326126,0.5739105213238602,0.37094568984188453
2060,90.00436461494334,141.6986778476669,-199.20427134669947,227.19939160202324,-506.8651514704238,0.5181415033347316,0.4068930041152265
2061,95.07178971203086,135.77776491449015,-192.01710951570436,224.77345752634372,-505.95750979148056,0.49331864476472576,0.42336067792939025
2062,94.6751561276194,134.86952369687498,-191.50790941917268,224.46704793364708,-506.7510605135103,0.4952522338365558,0.425925925925926
2063,94.03847786190752,136.63866616085974,-193.31216674320004,224.7671125798365,-506.3209118529285,0.49831435359199333,0.420786405313695
2064,90.413170243818,140.5782881707878,-198.17860529680877,226.67808311245858,-507.17669732965294,0.5160664702928495,0.4099794238683128
2065,90.59761827825733,139.84352989858877,-197.52255302077705,226.39997149944693,-507.43358949716816,0.5151271606821053,0.41203703703703703
2066,92.83254191592667,136.65102871958828,-193.97313825200143,224.82062501875365,-507.32810385503007,0.5041528856232643,0.42078189300411534
2067,90.77191465824572,138.9323191180208,-196.7222974869465,226.09383684851943,-507.789031346936,0.5142376594113343,0.41460905349794236
2068,91.12595576330492,137.11315324282683,-195.1131219108405,225.49751708908738,-508.48836778767674,0.5124586568697924,0.4197530864197531
2069,90.7637411485702,137.1477158097547,-195.27081645875225,225.69773450170908,-508.7483893903641,0.5142390691810841,0.4197530864197531
2070,95.20315095135484,133.10564758852772,-189.76480536142782,224.2131122249911,-507.28587076862686,0.4927251739942953,0.43107672731210633
2071,95.89675242167826,133.6880118047651,-189.83828024002867,224.6125148009092,-506.4764523931324,0.48936217296185536,0.4295335174355631
2072,95.02716313017513,133.69264448230135,-190.34523378599656,224.29139138554422,-507.106032138293,0.49356752727504877,0.4293597935167129
2073,93.97821346078439,134.31707850155524,-191.45537755252747,224.24087182181663,-507.60991770763144,0.49861523486899567,0.42746913580246926
2074,91.9116699761785,135.981047909243,-193.86694022501513,224.90934339690114,-508.45797033981916,0.5086032115166186,0.42283950617283955
2075,97.70739105424276,129.23589967663307,-185.2307596809099,224.7197456619941,-507.82355423631947,0.4806124413433195,0.4429147714966405
2076,97.90607842288128,129.97653282249135,-185.7372248728015,225.03955143436656,-507.3449594645206,0.4796023112996978,0.4408594144827061
2077,97.00433637954579,129.9540996444306,-186.17791216030756,224.38630872110596,-507.7845287338466,0.4840432594427829,0.4405965724496409
2078,95.20772044907523,131.49915888418064,-188.4529407679819,223.8533671341748,-508.1405551379728,0.4927251739942953,0.435706356941736
2079,94.56295426411637,132.24515822272068,-189.43351883001893,223.85437976064918,-508.2404587729706,0.49580952796334204,0.43347501985416154
2080,88.52325155832642,138.1583720387461,-196.5617016481772,227.57686615751277,-509.61908387076375,0.5255093747402653,0.4176954732510289
2081,95.36382252019573,130.49699678784322,-187.54546968514643,223.68101023286596,-508.5589490226446,0.49198493855390063,0.4386190527759722
2082,95.67795575841194,128.49558689138087,-185.7325010821813,223.35124057936056,-509.4002553903158,0.49050446767311134,0.44444444444444453
2083,96.39766669632819,130.51721140251829,-186.9694605464563,224.15003591599714,-507.83945124467886,0.48698828988013315,0.43879277669482236
2084,97.40630668111316,128.12661513680072,-184.47841037083597,224.24926400141948,-508.55355278286873,0.4821276364087519,0.4459978070175421
2085,98.17279322212683,128.76313984162334,-184.62391867007995,224.979449076758,-507.8907529540302,0.4783252292770104,0.44446023752797353
2086,90.56076946523214,135.20543020048189,-193.75441525514321,225.3800763209704,-509.9376166329189,0.5151973311880693,0.42541152263374493
2087,88.49036527951054,137.71714754078147,-196.20434721739107,227.50655436517434,-509.87022534477666,0.5256580948753105,0.4189814814814816
2088,97.06911180932481,127.46231634901022,-184.113127052856,223.86828099257832,-509.07951677749736,0.4837955848234147,0.447794834307991
2089,97.75652415266627,126.96632425063248,-183.3570360943877,224.24721521821368,-509.0128448145898,0.48044114339856636,0.44947002923976426
2090,94.4779405171779,129.50589105824534,-187.25087564698833,223.22290351501601,-509.7715041864548,0.49624135178727347,0.4413580246913581
2091,94.68638337275925,128.4415612409012,-186.26328826722875,223.0251790023935,-510.1738164536084,0.4952522338365558,0.44444444444444453
2092,88.23089240737579,136.50616331621148,-195.2299708865435,227.46653644361317,-510.63342818079354,0.5269350925805674,0.4225890729911194
2093,97.42052805761966,126.29895192100943,-182.9815212480582,223.84895926546088,-509.52150277876336,0.4821090918132293,0.4512670565302132
2094,93.98065330453687,129.49583389056562,-187.5249070186818,223.1579067746107,-510.18137813570974,0.49861523486899567,0.4413580246913581
2095,93.27896002202147,130.56931965672956,-188.78460189778738,223.39970235199536,-510.19710293718106,0.5019782359014355,0.4382716049382717
2096,93.69194265617242,128.4229583310951,-186.81166996767757,222.90426731270355,-510.99497230461,0.5000000000000003,0.44444444444444453
2097,88.14941576311378,135.98362523119786,-194.8062357762802,227.42338420817197,-510.94672453239826,0.5273307397608544,0.42413228286766264
2098,89.40910791912435,133.73960975848158,-192.84941211705387,225.84984532785344,-511.4977958155885,0.5208712458965605,0.43004566457295484
2099,91.04403878287087,131.76410721718926,-190.78508948786165,224.33812080213517,-511.40952049779753,0.5127596215642574,0.43518518518518534
2100,88.0205840528694,135.37841311781523,-194.3145353526358,227.40641274462996,-511.32177685645945,0.5279692386134829,0.42593607862248156
2101,88.67425668536703,134.20378431334396,-193.32796194620587,226.55769311758021,-511.6573455683932,0.524580866779961,0.4290191141433828
2102,91.48757549889953,130.65428875578064,-189.70810215568738,223.8789482021516,-511.6493830429116,0.5105835620726786,0.4382716049382717
2103,90.2101239959286,130.78101249744392,-190.25380966491838,224.60804439523017,-512.5528804954115,0.5168150051621996,0.4382716049382717
2104,98.12041689213564,123.98226026629493,-180.7498743438173,223.86480483225355,-510.45898674046424,0.4787361057928583,0.4582115009746576
2105,88.34750243890574,134.34421416495508,-193.46452222992636,226.87627228349243,-511.73699715580466,0.5262448246696898,0.4287619124972923
2106,89.1685309800122,132.8800265688463,-192.189438746302,225.8473774748521,-512.0987173304937,0.5220442453610772,0.4326199371886504
2107,95.41883386926676,125.66554389030054,-183.5762588296376,222.6151576031647,-511.0971718891644,0.49178532851507867,0.4525462962962963
2108,95.53853079309988,127.28039482292817,-184.82304528029147,223.02265907970195,-510.14843439716685,0.49119185774464813,0.4479166666666667
2109,98.01487410722697,123.14951171109882,-180.12081785415788,223.59241696347962,-510.9430786965577,0.4792859070659052,0.4605669265756977
2110,97.80269540159298,121.48491929331703,-178.86642084197067,223.05092922494097,-511.91724448185886,0.4803855096119986,0.46527777777777785
2111,92.69676383167624,127.9054459948658,-186.91522224200622,222.88091417799134,-512.1116684204782,0.5047477661634447,0.4459876543209877
2112,90.95241498313939,129.62936325796315,-189.0787494549357,223.90581742431317,-512.6189817251704,0.5131552687445444,0.4413580246913581
2113,98.8229560670331,121.67626886443622,-178.56581603021382,223.9406511757376,-511.4748965279761,0.47536311977248746,0.4651559454191022
2114,88.64835682869295,131.8858795822261,-191.44201552072087,226.05905208018046,-512.9076549366035,0.524615952032943,0.43570635694173676
2115,89.39340190314093,132.19405779089726,-191.59291067863853,225.51443278043104,-512.3322419967216,0.5208946360652152,0.43450382643852414
2116,96.80978310466215,122.30132809952838,-180.0460158438848,222.54375826051628,-511.9755183904745,0.48517456719707625,0.46257716049382724
2117,92.56832193190417,126.3034979857519,-185.67264535425508,222.54753472067458,-513.0743384633435,0.5053412369338753,0.4506172839506173
2118,90.71792648401922,127.5101669211625,-187.4325334035309,223.55839845554297,-513.9284499378414,0.5142432984903338,0.4475308641975309
2119,96.8449630312341,120.965748484452,-178.9386518170963,222.26508512739093,-512.6684059500118,0.4850393564743368,0.46643518518518523
2120,97.02353542429233,120.71736376781797,-178.64035846847247,222.32324125220902,-512.7018066499205,0.48418544924635865,0.46720679012345684
2121,92.52406957970084,124.69842897698129,-184.3862904410303,222.19695784908168,-513.9687251847292,0.5055390605240189,0.4552469135802469
2122,93.44166067175013,125.20983956376998,-184.32963273322255,222.18614286956392,-512.9198275385073,0.5011869415408614,0.4537037037037037
2123,92.70954983340906,123.88754809704238,-183.63323634388905,221.97534934355147,-514.2442161659139,0.504648854368373,0.4575617283950619
2124,98.84215009618914,117.46738675653756,-175.12795404656848,223.01211715116676,-513.7140745664477,0.47543419460027025,0.4772850335715825
2125,99.20395619975068,116.72149089633555,-174.381047267927,223.17049407983222,-514.0375351148081,0.4736800962287151,0.47959984838639724
2126,99.57030397281882,116.3044507433205,-173.91488896339916,223.4176364027223,-514.2104164964804,0.47187867182451937,0.48097384665366993
2127,86.82667503982702,129.54918151381636,-189.52199188331232,227.22037478665817,-514.841170355398,0.5337273809353431,0.44330226608187046
2128,87.4985561959108,128.49998314375355,-188.6994196844441,226.3484624525201,-515.1821588627419,0.5302989524342312,0.4459978070175432
2129,88.52431357168197,127.17342491526753,-187.6119630181952,225.10784189395818,-515.4848456112497,0.5250459795813373,0.44933804418453505
2130,88.77792079350388,125.6612169509809,-186.35733396526854,224.54701229038636,-516.1656553577623,0.5237106703478684,0.4535818713450288
2131,93.22849427634046,120.39153514315043,-180.5161607380569,221.11721359217879,-515.6705326212945,0.502176059491579,0.4675925925925926
2132,88.4485454954164,125.30975838702133,-186.0988326268219,224.75482321627644,-516.5151680631875,0.5253427149665525,0.45473927875243625
2133,98.32308446100309,114.59218082074426,-173.0060702834324,221.9174551495358,-515.397233948108,0.47808966736954683,0.48533950617283944
2134,88.64564128394434,124.07374117414793,-185.07699831075527,224.30347104643255,-517.0800708293766,0.5243041411182989,0.4582115009746584
2135,93.5960022846466,117.5745338756891,-178.02317913040278,220.46706642814135,-516.8643982247887,0.5004451030778232,0.4756944444444444
2136,88.84255513815299,122.83791405884989,-184.0501531801028,223.85484295258885,-517.6376349205224,0.5232655672700455,0.4616837231968806
2137,89.42411424073924,122.4859419364798,-183.6765599235501,223.30539279477313,-517.4948275215023,0.5203971252129646,0.4624553281351522
2138,96.4732288749339,114.63268407299833,-173.98197774048228,220.62252534320035,-516.267969569277,0.48695452901839836,0.48456790123456783
2139,92.14884249129054,117.88590209634867,-179.01308679899626,220.766387833044,-517.9184723278636,0.5072370463394175,0.47492283950617287
2140,94.14045174361874,114.76586275633025,-175.4303248070821,219.86345139378136,-517.911204424569,0.4978986530183816,0.4837962962962962
2141,93.59903495569415,115.2983238922694,-176.16596023542883,219.95555698443715,-518.0769197565385,0.5004286177786446,0.482253086419753
2142,92.83012475310537,115.04332992352107,-176.36572205398357,219.96687887186633,-518.862518739213,0.5040224129995852,0.4830246913580246
2143,90.27936967088195,117.62963230755665,-179.51786922253538,221.60420877316295,-519.5216144765164,0.5161093440501874,0.47612762616417564
2144,89.27690587647453,118.75569090082703,-180.66394730715217,222.58206244670177,-519.5744574305322,0.5209905959833951,0.47325779727095474
2145,88.86825674643728,119.84140855705343,-181.60633076551872,223.1600587627868,-519.2243483399498,0.523028935496457,0.47030336257309874
2146,89.17451627117842,117.22202790074084,-179.43087287086112,222.319051577451,-520.4532744998905,0.5214373024375524,0.4777182152913142
2147,93.61905242373945,113.69029959918444,-174.84466963495083,219.5943836893695,-518.9171330173494,0.5003297059835728,0.4868827160493826
2148,92.0607607624398,114.81029404189528,-176.54760727767,220.10302607115455,-519.6336372158833,0.5076162082205258,0.4837962962962962
2149,91.29455378971039,114.59703834458969,-176.70004688583333,220.35617968642526,-520.3718974283966,0.5112100034414665,0.48456790123456783
2150,97.49712700765528,108.58707058287757,-168.50758187817388,219.9200170776465,-518.9358212286035,0.4822584897544878,0.5023148148148148
2151,96.73442274985636,107.69550121257137,-168.18396020769828,219.21283413365066,-519.8146163090906,0.4858819272444752,0.5046296296296295
2152,90.2252027407095,115.89509088808174,-178.11966009178758,221.24941056865876,-520.4859947521301,0.5163236529395094,0.48114305826294107
2153,93.40046157314671,111.81674230567896,-173.4374982171355,219.179389733813,-520.1021951060872,0.5013517945326478,0.4922839506172839
2154,97.49074327004307,106.97926289541698,-167.19981254939827,219.5545066049048,-519.7961436347636,0.48232926709779456,0.5069444444444444
2155,96.19223720477886,106.03620789834449,-167.1347087177976,218.53957943865657,-521.0365587051183,0.48845363391634095,0.5092592592592592
2156,97.47048794269404,106.17340958204909,-166.55294993567017,219.35879122316064,-520.2356597216228,0.4824463283567002,0.5092592592592592
2157,95.86554883741584,107.88436003317995,-168.8272394620682,218.80002681386418,-520.2694841129866,0.4899406391717277,0.503858024691358
2158,87.22804261917653,117.29150502403596,-179.55369446870424,224.0801689211384,-521.2534122916645,0.5310562487403633,0.4784153671215061
2159,90.97148539783012,112.21627390195835,-174.88161494990896,219.9813237070302,-521.8976818330294,0.5126936803675428,0.49151234567901236
2160,97.52180269202935,105.37625492121703,-165.87756207548256,219.21596465057476,-520.6371985966737,0.4822303553027228,0.511574074074074
2161,97.90067592258714,104.62250737553475,-165.07600617914642,219.3322082809876,-520.8733188033738,0.48045810746733386,0.5138888888888888
2162,96.79200054929298,104.48687807775946,-165.53772712164186,218.52639995574137,-521.4931431938279,0.4856841036543316,0.5138888888888888
2163,89.47258691117048,113.04439864254891,-175.97532828457105,221.14454848214865,-522.5056006959662,0.5198515069637355,0.48963071258392865
2164,90.00965107711644,114.31361203634378,-176.8890658380558,221.03877169387275,-521.4793533182261,0.517312770890227,0.4857726878925706
2165,94.02659185548904,108.06826536231188,-170.03643030089532,218.34768665133905,-521.5804226197093,0.49845038187720936,0.5030864197530863
2166,99.40117632914514,102.88365236990535,-163.02967111083615,220.23595627961743,-521.3855143493724,0.4733293781522384,0.5195540935672502
2167,88.83956823875246,112.9266272775238,-175.97616847978676,221.6276403533309,-522.9313812548422,0.5229028906881157,0.49023310591292996
2168,97.49311580220298,103.76517626779452,-164.57913248392703,218.83297265896175,-521.5099387643792,0.4824100294290325,0.5162037037037037
2169,98.99570913630511,102.40166505484808,-162.78654314761138,219.75640441178092,-521.7138270105262,0.47530664574767284,0.5207521117608829
2170,95.84604441310043,105.20407350436531,-166.65419539167354,218.1891525170218,-521.7131705063551,0.4900725215651567,0.511574074074074
2171,95.38318715788523,104.63666880513878,-166.45876028226178,217.8776672155396,-522.346167139878,0.49221561045837814,0.5131172839506173
2172,94.56881654559498,103.25922490870781,-165.8084760762645,217.3431977248276,-523.7077357836098,0.4959775870004154,0.5169753086419753
2173,92.87412980997277,106.91794023649061,-169.72087364653007,218.1340324572945,-523.162769330836,0.5037696384121796,0.5064300411522633
2174,98.59488608598367,101.53578672126014,-162.2444277582012,219.20868904572575,-522.2767591775024,0.4772585677093715,0.5230669265756978
2175,95.68665531748744,103.85281301504355,-165.64510319794948,217.8174670472807,-522.5459595443059,0.49083084532737353,0.5154320987654321
2176,88.30904659931474,111.66955787355968,-174.99449413770753,221.8072926343385,-523.8618859422218,0.5254416267616242,0.49409113060428794
2177,98.98383287855523,100.79226250449253,-161.47961397739337,219.38272063798885,-522.5745954735642,0.4754318714824811,0.5253817413905125
2178,93.40285372984124,105.83554225700846,-168.5612346393442,217.8353834762987,-523.2933331101661,0.5013298141337428,0.5095164609053497
2179,87.7425282067529,111.58270764913038,-174.9268415970223,222.3079912585829,-524.1326348414739,0.5282218047377243,0.49460891812865426
2180,95.33767571651711,103.02647091480603,-165.17378860328748,217.4995662336701,-523.2398582314981,0.4924497329761893,0.5177469135802468
2181,99.1169663453993,99.62250575112262,-160.47447021533833,219.23984577888635,-523.170915126498,0.47483936901805135,0.5288133528265095
2182,93.16599476544613,104.76803418816328,-167.8174166810671,217.6132234278786,-524.0636494815631,0.5024178438795321,0.5126028806584362
2183,93.03086593612736,103.78901190739751,-167.09004953274507,217.4085615275836,-524.700465660699,0.5030332950488675,0.5154320987654321
2184,95.06942573466065,102.6098874770058,-164.9900395077456,217.32014479351406,-523.6636182678753,0.49368613041458626,0.5189043209876543
2185,94.0299400321264,102.44349499850418,-165.4507079476307,217.08427343320457,-524.5802009280973,0.4984503818772093,0.5192901234567902
2186,87.07280023624196,111.42581405541242,-174.7654354259709,222.9058945838549,-524.4321111766698,0.5315018655462285,0.4953855994152036
2187,93.79959342509093,103.51309888470772,-166.4512238467891,217.31068263518247,-524.2004536980379,0.49950544102464145,0.5162037037037037
2188,92.25914760409205,103.95267196519197,-167.60630341306637,217.60360161574167,-525.264488112937,0.5065776343722723,0.5150462962962963
2189,98.12274689737401,98.25236970059737,-159.77866165143533,218.07564538969578,-524.1841659425878,0.479608251505982,0.532326185834957
2190,90.96489100695476,105.1188435119171,-169.09978005296762,218.3888045925614,-525.6907604553982,0.5125782832732924,0.5119598765432098
2191,93.08838317968039,102.7606946360533,-166.22208395735214,217.17057183287588,-525.2003489585409,0.5027640351622833,0.5183899176954733
2192,98.30886316613373,97.89114339211503,-159.39910077406228,218.1466617389792,-524.3104755692425,0.4787432129414487,0.5334429824561392
2193,90.99903448331042,104.84784197123261,-168.8664321628726,218.31001407444134,-525.8089461563164,0.5124134302815062,0.5127314814814814
2194,89.97369853236341,104.5583188889768,-168.94863292546032,218.8688194410742,-526.7119477616586,0.5172106523424865,0.5138888888888888
2195,85.89731937960266,110.90890867702777,-174.25001916137813,223.91371092415648,-525.0387371044873,0.5371334865521886,0.4974516731643908
2196,86.35278644067267,109.6714825355345,-173.2828796065276,223.1975178086267,-525.5775950580337,0.5348808381498046,0.5007919103313826
2197,90.72835235735258,104.33853186428684,-168.5467192181778,218.34259135628224,-526.2880366422798,0.5136663130190817,0.5142746913580246
2198,87.74341013875528,107.56472765465608,-171.65410241906542,221.4014184861359,-526.2791335685409,0.5280239811475808,0.5061829922027283
2199,92.58849856323266,101.92821143660996,-165.79741646512232,217.06655154928723,-526.0670256028635,0.50504450154866,0.5208333333333333
2200,91.41801035357045,101.731573245818,-166.1654077643007,217.40872654799466,-527.1419370145973,0.5104187090808923,0.5216049382716049
2201,90.83479200583798,103.65834347213396,-167.95578013008665,218.13024909591115,-526.5704347530665,0.5131552687445444,0.5162037037037037
2202,99.80781411918976,94.99875669731853,-156.46978746736937,218.84280301763022,-525.5474662209747,0.47172628532735844,0.5424585769980471
2203,98.72252566993242,95.45062615734761,-157.23052037874172,217.94839283203336,-525.4865437968281,0.4768822217249538,0.5406513970110438
2204,98.71509964847526,94.6459266367215,-156.577450738497,217.76114491615502,-525.9174870032588,0.4769448345923579,0.5429662118258586
2205,92.44375293676384,101.39869426042588,-165.43678444015694,216.9810708847117,-526.4719250942092,0.505703913515805,0.5223765432098766
2206,99.80498190993046,94.59653637718228,-156.14256894622443,218.74967010631443,-525.7619486313444,0.47175759176106047,0.5436159844054544
2207,96.3005313629063,97.60791787109065,-160.20383660388097,216.7019093750946,-525.4625963603756,0.48809745764565865,0.5335648148148149
2208,86.35066129224086,108.33267858101235,-172.19122596261138,222.89844123322243,-526.2922856542544,0.53481489695309,0.5046499350227406
2209,92.89314844419954,100.44431636406938,-164.4351328774134,216.67656072988382,-526.6015850584047,0.5036432511184767,0.5250771604938271
2210,97.24377613943813,95.81589781454335,-158.22805561108095,216.87081050351725,-525.8723488714704,0.4837776745442157,0.5390134286333109
2211,88.95793901671922,103.66822479757656,-168.4185531601203,219.4450226167428,-527.8123431527804,0.5219961992332912,0.5168534762833004
2212,88.75114259540291,104.90483681722148,-169.45024974928072,219.8980631504555,-527.2626009913499,0.5230347730815448,0.513381254061078
2213,97.23468493426202,95.01137235796989,-157.57698214403865,216.6835680953547,-526.3063264814648,0.4838402874116198,0.5413282434481257
2214,97.98225775813772,95.22530190301268,-157.37710155199085,217.28257312222723,-525.8525361553193,0.48036125456828677,0.5409898202295848
2215,97.41901341501544,93.00855905779073,-155.84954473118523,216.3601502594103,-527.2838952972737,0.4830473010070906,0.5471626597357576
2216,94.3585254108429,96.82423805790751,-160.6841402669399,215.86129090353896,-527.3092350073289,0.49696337662182255,0.5354938271604939
2217,94.42092249936118,96.15635545480407,-160.10399270811914,215.72117070491595,-527.6153760016421,0.4966831265357859,0.5374228395061729
2218,98.62699400308165,92.07149993055057,-154.5157100338581,217.1050120501589,-527.3148383717895,0.47745312949562774,0.5503438379900336
2219,97.88433005478834,92.11476963063876,-154.8887624229598,216.5061257229525,-527.5509883400272,0.48091129138315936,0.5499106562703031
2220,98.58329706595778,90.78373481054581,-153.48528380804603,216.77690414005215,-528.0141848365174,0.47770727694726267,0.5540326510721212
2221,89.59141880416837,99.96286978841627,-165.29233715960936,218.11111339971356,-529.416825974363,0.5188804776885307,0.5272701429499671
2222,89.86119193783074,100.67249964345055,-165.8097882622139,218.07341531624814,-528.8623474751895,0.517631486674347,0.5251245397444224
2223,99.54839092509407,90.30934847793043,-152.72900590592988,217.53989262592046,-528.0685186966322,0.47318111024776555,0.5558398310591246
2224,93.53684896779578,95.47711204893318,-160.04607298421772,215.5035870514946,-528.7073400673252,0.5006923825655025,0.5393518518518519
2225,92.83063826390529,95.75837231691199,-160.64734841116334,215.63359920310307,-529.1535484688676,0.5038905306061561,0.5385802469135803
2226,96.52499460867514,92.65773965654142,-156.04357656990084,215.71034786189227,-527.9640548524525,0.4871665390264224,0.5478868854234344
2227,92.4444568499882,96.44376905850393,-161.39775790400742,215.86736096440734,-529.1156956030829,0.5056544576182691,0.5366512345679013
2228,91.42763231138832,96.37309302024002,-161.7951014312613,216.20010775040078,-529.9938369531883,0.5102868266874633,0.5370370370370371
2229,96.75974612846838,92.20419907147604,-155.5442650022734,215.74566207864314,-528.0650159352012,0.4860985342144568,0.5492608836907071
2230,90.68506737875632,98.12188152573873,-163.49502404432826,216.96954629901416,-529.63982550899,0.5137354609684649,0.5321975850119123
2231,89.78104136406512,98.8664471046846,-164.357250764008,217.7246504021669,-529.8797449583527,0.5179573009345276,0.5303565627030535
2232,88.73486738141963,98.11953106139214,-163.92382547954523,218.38381317894874,-530.8950497685418,0.5228582449195827,0.5329353476283292
2233,89.6214063015776,97.51770214866892,-163.29375750066708,217.53857778467238,-530.7035548413336,0.5186677721755429,0.5343025774312319
2234,97.08803375047296,90.8844221431585,-154.29151228829338,215.65600725984433,-528.5856772311539,0.4846236007223259,0.55316628763266
2235,90.51921251855765,96.93420173012794,-162.58103177737217,216.80019242096523,-530.3972958384322,0.5144772994315031,0.5356698072341345
2236,96.33138960437729,90.95667664495869,-154.76597529601733,215.2225062566565,-528.9927660153321,0.4880817626098575,0.5527331059129295
2237,96.68545703698769,90.27542112668402,-154.01333733744326,215.2675602030029,-529.1378241151219,0.48647975539190913,0.5547941033138384
2238,97.67393023162731,89.7637746231388,-153.07596003392328,215.81682662181206,-528.8951921870885,0.481953588692412,0.5566012833008417
2239,90.21376144765526,96.4020233650362,-162.23894556732236,216.87290243245428,-530.9012954812882,0.5158801532380206,0.537301007147498
2240,90.45651582093402,95.8686240045609,-161.73297168567615,216.59867813169924,-531.0112806052074,0.5147410642183611,0.5387562269872209
2241,97.21435230355816,89.26031692197867,-152.90081180495687,215.37627446589354,-529.384565536681,0.4840767445649866,0.5578855994152021
2242,92.44987403789196,93.63048074668265,-159.10283450891322,215.23402926796072,-530.6122853408971,0.5056050017207333,0.5447530864197532
2243,91.50275838341719,93.15268499743092,-159.13987428181602,215.44363471006997,-531.6515747256918,0.5098911795071763,0.5462962962962964
2244,92.5508301823059,93.09040415428206,-158.61332731659283,215.08906049133262,-530.8152693518783,0.5051434133437317,0.5462962962962964
2245,98.60304470619307,87.03822653582006,-150.42334945148494,215.95114515553607,-530.0052784567735,0.4777437490827315,0.5648300438596465
2246,97.3315016048001,87.93633567412857,-151.76156666660233,215.15800246145486,-530.0319757427305,0.4835799106673396,0.5617385477582829
2247,97.56444831371803,85.29065578228182,-149.48582252820094,214.72832071797492,-531.3316673882932,0.48258624287204543,0.5694444444444446
2248,90.49075051035592,94.25747765539165,-160.40942824497455,216.2150446020449,-531.8457867801536,0.5145432406282175,0.5433858566168506
2249,87.70333445073737,97.38949616073268,-163.36559211532048,219.14904477552045,-531.7314497512648,0.5277591889046378,0.5355141325536049
2250,98.72038838509836,85.71845203793717,-149.2979855205152,215.75516683696938,-530.6760519584162,0.4772469151850845,0.5686829922027274
2251,87.84025796469172,96.56323491035579,-162.69611402303482,218.83531003818314,-532.1245971272567,0.5270668063391355,0.5378289473684198
2252,92.8764627498341,90.66820949517401,-156.47598116870157,214.48264013967014,-531.8328191755288,0.5036597364176554,0.5532407407407409
2253,93.6904945119735,89.85212683308868,-155.3778846223016,214.2391738384706,-531.5816824187636,0.5000000000000001,0.5555555555555557
2254,93.9091908308213,91.45993802206925,-156.56640814854305,214.6082927184505,-530.5404934840302,0.49901088204928257,0.550925925925926
2255,92.63435265803344,89.8725824111635,-155.95045260772986,214.34839753247098,-532.4629912784742,0.5047477661634446,0.5555555555555557
2256,96.1598076764061,87.55033308224245,-152.08736982487224,214.36904401992663,-530.9214582658196,0.4889192383543005,0.5625000000000002
2257,89.49616445385175,94.08165473835618,-160.52057550424098,216.8589081671622,-532.6158396143611,0.5191442424753888,0.5442454515919424
2258,90.46490447383582,93.2500194500945,-159.59647446210747,216.00414787494162,-532.4025072131147,0.5146389456706209,0.5462962962962964
2259,98.67646145222065,84.90804560841119,-148.6558942953354,215.53431799764317,-531.1202648508684,0.47748070422743083,0.5709978070175422
2260,97.47099023931011,83.67214552495346,-148.21351788118025,214.29669228890086,-532.2391689838806,0.4830538209567381,0.5740740740740743
2261,89.38483419700631,93.2935704900217,-159.89961541504073,216.76702302742842,-533.1052777957212,0.5196388014507477,0.5465602664067573
2262,89.58383021044853,92.76113070108906,-159.42685648903287,216.49557567383047,-533.2660262870517,0.5186975360212316,0.5480154862464801
2263,96.79216740406086,85.2002088529452,-149.8190402430416,214.18996284620133,-531.783375894811,0.4861034241766925,0.5694444444444446
2264,96.0128958569661,85.12775379299669,-150.19638518567567,213.75341036766017,-532.312499112376,0.48962060548133957,0.5694444444444446
2265,93.44321257261515,88.24634811392804,-154.20484147168312,213.88199987061395,-532.6476131280684,0.5011143436855261,0.5601851851851855
2266,94.74694328846573,89.87255689312235,-154.79556133795728,214.37396589035626,-530.7103521157705,0.49525223383655564,0.5555555555555557
2267,94.77624169054451,87.46339302505913,-152.81555103576494,213.8391659608026,-531.974306095916,0.49514333705355273,0.5625000000000002
2268,94.24542766045855,87.44684170266075,-153.10693522516272,213.73842059758246,-532.4069194185681,0.4975172201352751,0.5625000000000002
2269,93.84714490725906,87.44143840712817,-153.32669876169948,213.70227560131573,-532.7372483587776,0.49929763244656683,0.5625000000000002
2270,96.74398491179365,84.39180215543888,-149.18621905533422,213.97922843152008,-532.2427058296355,0.48633721321903883,0.5717592592592595
2271,96.67028596592986,84.38405170946194,-149.22053042898455,213.9338822286425,-532.2902436996044,0.4866702475319218,0.5717592592592595
2272,95.8644303752277,85.11570271478081,-150.27184863243787,213.6831279484649,-532.420046289732,0.49028667410710547,0.5694444444444446
2273,98.91166357273801,82.26922311474311,-146.40788036901156,215.14632260800946,-532.4663392476061,0.47648703643213663,0.5787037037037039
2274,89.48829079920426,91.16725841361313,-158.14731694973446,216.20885068071337,-534.1772619573583,0.5190931832015186,0.5526451158761099
2275,88.66851393427606,90.98803344080696,-158.1214528420361,216.83366292991312,-534.737144196663,0.5229028906881158,0.5535047108512017
2276,96.78795147060954,81.98587442151725,-147.20074176127684,213.46507019338065,-533.5004492036251,0.48618567354449416,0.5787037037037039
2277,97.28156315082985,80.43475156692503,-145.67191039053725,213.436233130567,-534.0590188003632,0.4839889771261235,0.5833333333333335
2278,96.59000789873876,81.965632305334,-147.2930799865072,213.34407612164836,-533.6284881780404,0.48707587970014,0.5787037037037039
2279,88.01814608087642,90.64362469737583,-157.87560247480062,217.3338561731059,-535.217855436642,0.5259468334510738,0.5547941033138396
2280,98.05602669468203,80.53558366032496,-145.36845348247815,214.03422425351226,-533.6586035608804,0.4804717958214764,0.5833333333333335
2281,96.1265425308854,81.92276738670543,-147.51859382692618,213.08858399334682,-533.9452592909105,0.48915302739664696,0.5787037037037039
2282,95.69581761965352,80.28235668806255,-146.42832613901567,212.52563973788727,-535.1160774391254,0.4910979384435419,0.5833333333333335
2283,98.2176800957013,79.75500421091479,-144.65645128803894,213.98918446534896,-534.0144352041206,0.4797552139708624,0.5856481481481483
2284,94.78233046790874,82.6419247194041,-148.88199053162847,212.75784071313598,-534.5412369854744,0.49514333705355285,0.5763888888888891
2285,87.05810511476602,90.17692240841774,-157.45270381682343,218.13489486026705,-535.782736954883,0.5304851008541992,0.5566012833008438
2286,87.3095232136794,89.6887350146661,-157.07285535370207,217.78599456741694,-535.9703174652182,0.529276350157114,0.5578855994152039
2287,97.79589203287762,78.89239299929594,-144.154758866975,213.46165774892427,-534.64085564477,0.4817039639506241,0.587962962962963
2288,97.17969938598792,78.01214990498505,-143.75041948735978,212.82223939700611,-535.403862018045,0.4845045634046571,0.5902777777777779
2289,97.14601266793183,77.2047328510742,-143.1100679570337,212.61803291245744,-535.8524106973061,0.4846750157277518,0.5925925925925927
2290,86.87278271774593,88.60187401344103,-156.15477380841176,217.9563841219162,-536.6770225526762,0.5312749854450234,0.5612309129304734
2291,87.7457992637768,88.27731369441469,-155.9467630498817,217.05284246431884,-536.5853785956572,0.5271316603373102,0.5617385477582841
2292,95.5602221519591,78.66637236714081,-145.1889470578356,212.1085309082393,-536.0750962556028,0.49171772315370893,0.587962962962963
2293,95.51523319423177,78.12775350469605,-144.77606772530402,211.9702133113889,-536.3952176907584,0.49192431805709796,0.5895061728395062
2294,96.33360770565226,77.65593281758188,-143.9231957984855,212.2345976596132,-536.0875611242791,0.4882996668924249,0.5910493827160495
2295,95.42517594353382,77.05052783325797,-143.95066674182027,211.69467767202633,-537.0361159493054,0.492337507863876,0.5925925925925927
2296,97.5339322181954,76.53750876643042,-142.364976183582,212.7377525696007,-536.0144187487133,0.4829460576969719,0.5946502057613169
2297,96.2895637731648,77.11617765246493,-143.50830269514054,212.09010667368432,-536.4039944263735,0.4885062617958139,0.5925925925925927
2298,87.31700392381236,85.93939923233731,-154.01976227813566,216.9326792434463,-537.9720471418336,0.5290572683592722,0.5686829922027286
2299,96.76089247117024,76.09053067233549,-142.40985168238643,212.12341405775945,-536.6612979343269,0.48642457209531087,0.595679012345679
2300,97.33400876796553,76.15510433603473,-142.15655499924668,212.5094877964007,-536.3155756493807,0.48385776168362415,0.595679012345679
2301,92.88150594440302,79.41873758977655,-147.30329761916607,211.95376118216765,-537.8302843165815,0.5035608246225836,0.5856481481481483
2302,92.61573516143253,80.23166341656474,-148.10022922927115,212.1852241455392,-537.6224814268172,0.5047477661634447,0.5833333333333335
2303,96.36205463834425,76.05148248643565,-142.5994027714136,211.8889596059187,-536.9255503274652,0.48820075509735306,0.595679012345679
2304,87.6090032238501,84.99792212128474,-153.27125128346438,216.4413308835035,-538.3851953797064,0.5276274751460698,0.5712516244314487
2305,88.63589317413064,85.45892126052053,-153.62055642025356,215.61424741628664,-537.7058166966227,0.5228422806977026,0.5694444444444446
2306,93.38427386927103,78.60445712036284,-146.3757862533,211.7183372281277,-537.8392255443579,0.5013353092334689,0.587962962962963
2307,93.686750853256,76.99545268973591,-144.89995610879606,211.35080914517772,-538.4439190040995,0.5000000000000001,0.5925925925925927
2308,94.55637481217514,77.00958845113132,-144.420211063004,211.444135460436,-537.7242750538004,0.496168753931938,0.5925925925925927
2309,92.87959009377067,77.81098979598772,-145.99459792123562,211.59300370189,-538.6896758762081,0.5035608246225836,0.5902777777777779
2310,94.62691192607417,75.9406535299342,-143.5081860270918,211.21810793275816,-538.23855214068,0.4958632472334772,0.595679012345679
2311,90.10547414238229,79.89819107793943,-148.8205284189204,213.22835805800443,-539.7849396261836,0.5159468836370407,0.5848765432098766
2312,89.4064299472985,80.52483252999673,-149.49182806917375,213.87306109574186,-539.909048751118,0.5191362603644487,0.5833333333333335
2313,90.18614602838323,79.62078187366953,-148.57216994081628,213.1124864118046,-539.8765423760757,0.5155754357418654,0.5856481481481483
2314,91.94443068845851,77.22953986312157,-145.97084767679132,211.6946942294635,-539.7858862582533,0.5076814445323653,0.5920781893004116
2315,89.64512040869667,79.68869221709042,-148.7619505231796,213.50418368901825,-540.2047938103178,0.5180219166789228,0.5856481481481483
2316,88.34075439004943,80.68321855665968,-149.7527155867878,214.79606769550685,-540.3993798583081,0.5240292222385637,0.5833333333333335
2317,91.07861638905246,77.38493729967257,-146.45559969277215,212.0927314417802,-540.4028072007897,0.5115221667985479,0.591820987654321
2318,91.87912605995223,76.51947490824608,-145.42126299529,211.55760523078146,-540.2189264404014,0.5079613421759644,0.5941358024691359
2319,92.74134543063585,75.4053485836973,-144.10362415291112,211.07586127142972,-540.0907451804492,0.504154295393014,0.5972222222222223
2320,98.43269977821528,70.14300037280381,-136.72322069185708,212.00334425403202,-539.0657949654048,0.47907968630020337,0.613425925925926
2321,98.35922929595559,70.93560056098187,-137.40246315322776,212.12043943124104,-538.6674987528944,0.47938640667334986,0.6111111111111112
2322,95.71849040195275,72.24946377240084,-139.86688384169287,210.72992957274565,-539.3865847780445,0.4910979384435419,0.6064814814814815
2323,96.12329448387591,72.28064895767008,-139.66072216361977,210.9197961248282,-539.0925546180456,0.4893175261322502,0.6064814814814815
2324,96.51979733867749,72.85250786452096,-139.90306110393237,211.25605216599092,-538.5333618503379,0.4875546564474496,0.6049382716049383
2325,91.85032300073041,75.62866714443649,-144.7078562722635,211.3674959115286,-540.718158040288,0.5080770917126523,0.5967078189300413
2326,93.68614852253967,73.78187135308414,-142.28047396669885,210.62871792927,-540.1594781252512,0.5000000000000002,0.6018518518518519
2327,88.91396995155117,78.4520634330658,-147.88160928391426,213.79879792491582,-541.3009938121436,0.5213080905467777,0.5895061728395063
2328,89.20652711430768,78.40968293856733,-147.80392882024935,213.55209196841557,-541.1578543023071,0.5199759532952463,0.5895061728395063
2329,90.93518008501573,74.98791746683034,-144.5546684735069,211.6268057399237,-541.7939492116038,0.5121156375689784,0.5987654320987654
2330,97.60912832128952,67.88675164334558,-135.2744575200211,210.84678977327476,-540.5931068502441,0.48282533389043525,0.6195987654320989
2331,87.92645308289661,77.29590671200185,-147.00608567115842,214.40600631564791,-542.3856767765335,0.5258009112565715,0.5932829759584144
2332,97.4698931714072,67.60103682816592,-135.11251436264914,210.68162438355577,-540.8110353263174,0.4834517752592231,0.6203703703703705
2333,92.68955066751647,71.65770654340182,-141.07440542541667,210.24327344624118,-542.1340302667772,0.5043521189831577,0.6080246913580247
2334,98.77120413206652,66.17675254036035,-133.34304721322516,211.40046082558712,-541.0798827881399,0.4776828215266428,0.625
2335,98.7229770351828,64.56272578515129,-132.04652831813075,210.99568844581688,-541.9533128459406,0.4779490136628724,0.6296296296296298
2336,97.53855244646947,67.07405059236956,-134.6476836873898,210.612654310331,-541.0592489474606,0.4831583682033182,0.6219135802469136
2337,93.94241909217698,70.03331673970908,-139.08252713629463,209.79675719562908,-541.9463889442337,0.4988789996558537,0.6126543209876544
2338,94.77329473101551,70.58962500413281,-139.06169789030062,210.04835887583482,-540.9786199260485,0.49525223383655576,0.6111111111111112
2339,88.00775210378359,75.55594630206087,-145.58808265951504,213.9388711243474,-543.2832467359838,0.5253546185140439,0.5982577972709548
2340,93.91275432043233,68.96172592807056,-138.2258773009506,209.5540906758718,-542.5431355110363,0.4990108820492828,0.6157407407407408
2341,100.05756595465161,63.70749360442724,-130.876584333431,212.03101750248535,-542.2038177854038,0.4719638722291001,0.6327160493827161
2342,88.43937371188628,74.41455292531057,-144.64053059015956,213.29352737742377,-543.7009039915802,0.5233279840423852,0.6013442170240412
2343,89.16120088309358,73.89033998117216,-144.1295816865994,212.569434062031,-543.5973159932249,0.5200359907381767,0.6025422352176736
2344,88.9872610523293,74.98715044401115,-145.04917705251523,212.9576012480424,-543.1110265153822,0.520859550812233,0.5994558154645871
2345,93.76903830661738,68.69290890142574,-138.0870099102803,209.4871985640352,-542.806125008085,0.4996373234180706,0.6165123456790125
2346,92.82223243846073,68.97457093986787,-138.8210584947117,209.6165470882825,-543.4540585624497,0.5037586482127272,0.6157407407407408
2347,94.98256428336123,67.5629709216472,-136.47426287222797,209.42172885985005,-542.4320264178375,0.4943663612217417,0.6198559670781894
2348,92.31029278703704,70.06724502989809,-139.9637399450258,209.9737684388417,-543.303676243046,0.5060006489010205,0.6126543209876544
2349,88.26214817264972,73.90658298012204,-144.2376138663953,213.33627373048859,-544.0545726050091,0.5241192784029594,0.6028874269005844
2350,89.86543065370537,71.89235072498002,-142.35842023118394,211.5893955001789,-544.2223517900698,0.5168150051621994,0.6080246913580247
2351,89.46754452668338,71.94427513807452,-142.48895840297746,211.89173746664864,-544.4514815959744,0.518595417473491,0.6080246913580247
2352,89.11003051781725,70.92252736889591,-141.72057707824527,211.94269785866365,-545.2122293622855,0.5201780061946393,0.6111111111111112
2353,88.2812097452688,72.95159571565335,-143.45899617511756,213.10331626387358,-544.5557872472642,0.523992462541047,0.60562865497076
2354,91.6098913074596,69.0388234657074,-139.44115259881767,209.97725456881273,-544.433163138469,0.5090493719217539,0.6157407407407408
2355,90.40958862543641,69.1495745036419,-139.97389105483654,210.6144314561011,-545.3076059560053,0.5143400956307808,0.6157407407407408
2356,97.46573854527297,63.31504245909417,-131.62004502408632,209.71534423998327,-543.0983562471587,0.4835673287008467,0.6327160493827161
2357,91.67476781930677,67.96268904193798,-138.5366210423391,209.70980668017177,-544.9546185321644,0.5087519316516638,0.6188271604938271
2358,95.57023583570225,64.20416914019233,-133.39437988378302,208.86278197581436,-543.7850014282736,0.4918387195792678,0.6296296296296297
2359,94.34845707543758,64.14839034652687,-134.05539691912526,208.51889830425554,-544.7546780391144,0.49712944328829456,0.6296296296296297
2360,89.14522681093035,69.84641439887704,-140.83841347766085,211.67296021771503,-545.7674474834317,0.5199920861519874,0.6141975308641976
2361,91.73985577710954,66.88690558219886,-137.6317323859031,209.44308741561287,-545.4756052615531,0.5084544913815736,0.6219135802469136
2362,89.6924732300605,68.96789567552298,-140.01739028085285,211.0566244938221,-545.8995117591903,0.5175214059298182,0.6165123456790125
2363,95.58457002056502,63.13386205526237,-132.5137061357728,208.62773979547597,-544.3460107722334,0.4917896161241694,0.6327160493827161
2364,97.09278990191817,61.6627589622008,-130.4693159260079,209.08793481603948,-544.1707302545794,0.48524882921706664,0.6373456790123457
2365,96.97907475481327,61.11419651822118,-130.08307010692377,208.8914516083649,-544.5254173860494,0.485756701509667,0.638888888888889
2366,97.41864617933834,61.16558475291009,-129.89322563779962,209.19758672942785,-544.2680056656998,0.48383109348770476,0.638888888888889
2367,99.12507764303545,59.80313717160209,-128.0050142921674,210.27794988436648,-544.3931324525171,0.4763250752202497,0.6435185185185186
2368,99.52248481016767,59.86732289720351,-127.91289527252248,210.65639646979736,-544.2915974736425,0.4745488922182074,0.6435185185185186
2369,88.22558854263258,69.45022410944435,-140.6103255139682,212.36627196843986,-546.4529580458818,0.5241260193790105,0.6157407407407408
2370,93.1255756339882,64.14641970353378,-134.728418953442,208.49011823855562,-545.7746314574418,0.5024201669973214,0.6296296296296297
2371,93.54810361505108,62.71207800258941,-133.33322548955218,208.14193240647577,-546.1832824225612,0.5005911211541813,0.6337448559670782
2372,98.12297790228038,59.116315297082764,-127.87485760122144,209.26708864708016,-545.0542474609864,0.4807877745843456,0.6450617283950618
2373,95.1996344821593,61.50320478388289,-131.4081430027847,208.12503193678842,-545.4997056610376,0.49347111664038923,0.6373456790123457
2374,94.66629253632351,60.58527396322094,-130.97031974357262,207.77669454171473,-546.4016928739985,0.49577882356377195,0.6399176954732511
2375,96.02468294129511,61.02267151345487,-130.54050336455444,208.34269687292726,-545.1648555134113,0.48991099690268075,0.6388888888888888
2376,92.72435258564178,63.44337399332693,-134.36191337139624,208.39086537580366,-546.4897668858018,0.5041510059302647,0.631687242798354
2377,96.97526822455882,59.50663098529361,-128.77508396962455,208.52700514052677,-545.385518439509,0.48580932938913995,0.6435185185185185
2378,99.2973155817869,56.61610022772251,-125.34188723557128,209.7152816481567,-546.0585645648327,0.47567897657034613,0.6527777777777779
2379,90.68874766982651,64.29840492139806,-135.929965108404,209.35684108437238,-547.6888822558369,0.5130016144153748,0.6296296296296297
2380,89.48998866302674,64.44125599529042,-136.37227728752674,210.18641174706437,-548.4454499347881,0.5182923381244016,0.6296296296296297
2381,90.29460079819293,62.91210308383623,-134.92543361585123,209.28109028643286,-548.7189668193255,0.5146997177115858,0.6337448559670782
2382,91.91410828691403,62.768882370934904,-134.19811364947142,208.4544078183561,-547.5295293819008,0.5076454194328835,0.6337448559670782
2383,91.09633987479506,63.54510238170593,-135.16975519448695,208.97134177202176,-547.7765562424821,0.511205304208967,0.631687242798354
2384,98.23569024887395,56.98938633250836,-126.08877494166619,208.87826263274,-546.1469330691538,0.4803570421510765,0.6512345679012347
2385,92.74379391073253,61.300373992885284,-132.6050721628927,207.9056028956946,-547.6170914616054,0.5040527990200678,0.6378600823045268
2386,91.9366465177794,59.911518814777764,-131.8582593708268,207.80411797288087,-549.0362486548571,0.5075144768859544,0.6419753086419754
2387,93.15665101806707,60.93109944008637,-132.09178958757033,207.76462451133088,-547.4637838397209,0.502272856632026,0.638888888888889
2388,93.3021297352274,60.21417730845562,-131.4306596448202,207.59142895576426,-547.7236238577387,0.5016466502248632,0.6409465020576133
2389,93.38440725950758,58.784718056830116,-130.2207244751943,207.26522997595518,-548.4160709460023,0.5012844435661834,0.6450617283950617
2390,93.5922192395976,58.78336017948169,-130.10682923464353,207.25877742623055,-548.2423136341909,0.5003942374105375,0.6450617283950617
2391,99.10057617399006,54.977120051926875,-124.0803644987633,209.16601234642303,-546.9704942730198,0.47661687641134065,0.6574074074074074
2392,97.14070817710802,56.31111294485382,-126.08243430645483,207.91412879102342,-547.0009774028559,0.4851632307392365,0.6527777777777778
2393,97.37578728585252,54.73213398585034,-124.67140734783493,207.71876061384455,-547.7216612653579,0.48417411278851885,0.6574074074074074
2394,99.31322360662216,54.4754326952837,-123.59099187966824,209.24601796994375,-547.1965521525563,0.47569369965733754,0.6589506172839507
2395,96.93549447888073,56.288012010628535,-126.17363608560656,207.77708308830736,-547.1256574748697,0.48605343689488223,0.6527777777777778
2396,88.30634674770121,64.61633732711786,-136.6690050551777,211.20455856292057,-548.9999234208115,0.5235830618334283,0.6296296296296297
2397,94.42210423625221,58.256954595828205,-129.21188695205714,207.20722725258173,-547.8386015673169,0.496834117672829,0.6466049382716049
2398,94.42178606877516,57.72130215642346,-128.77508087733673,207.08693968876295,-548.1241912330048,0.496834822557704,0.6481481481481481
2399,99.35947895308475,53.9472786369077,-123.14339190079357,209.16921226338164,-547.4701569847496,0.4755091893844356,0.6604938271604939
2400,98.66626996504546,51.695624198239216,-121.58164499737475,208.04485152228844,-548.8290254105991,0.4786350522645005,0.6666666666666667
2401,92.65890750802666,59.33845202039009,-131.04857321823846,207.4808535197489,-548.7344908094533,0.5043994602260689,0.6435185185185186
2402,91.94793140259225,58.479668435784504,-130.68827273151916,207.47898106546748,-549.7895186762617,0.5074490056124898,0.6460905349794239
2403,93.17654338121469,58.78758415028517,-130.33392744243642,207.2810664709418,-548.5897300270666,0.5021746497218292,0.6450617283950617
2404,90.70772539093906,61.08180174353822,-133.3025244393769,208.62232990511555,-549.3910832424277,0.5128543040500796,0.638888888888889
2405,91.11034448073298,61.40158829516335,-133.41703672462637,208.48209698775577,-548.9097418662071,0.5111070972987701,0.6378600823045268
2406,88.3073549008806,63.54462386758411,-135.79596085331286,210.96093584776534,-549.5716561392359,0.5235339583783299,0.6327160493827161
2407,90.57552173911205,60.381023864344115,-132.7755597180288,208.54020394737074,-549.8640890782625,0.5134150391837778,0.6409465020576133
2408,90.31145667465495,58.98129208731629,-131.71749500961505,208.38535924010273,-550.8047721211813,0.5145365094511745,0.6450617283950617
2409,90.5160912953281,58.95888809554677,-131.63597491438316,208.2553694644144,-550.6676615835239,0.5136463032955285,0.6450617283950617
2410,93.18798897152735,57.71637435371392,-129.45496362592428,207.03931955272736,-549.1526566187781,0.5021255462667308,0.6481481481481481
2411,91.22528590315821,59.426518484532494,-131.7642261656734,207.9833644726946,-549.8732433306562,0.5105803900907415,0.6435185185185186
2412,90.72111856131303,58.93721674437714,-131.55079815539028,208.1325918034114,-550.5257266726592,0.5127560971398828,0.6450617283950617
2413,93.60621091422266,56.99686327241022,-128.64333296245857,206.85751687997077,-549.1828862038856,0.5003292360603229,0.6502057613168724
2414,93.89938407360182,55.569252277003756,-127.31742626289052,206.54468439135024,-549.7004350401752,0.4990768232459972,0.654320987654321
2415,93.32883111313132,57.17811522160284,-128.94094777233525,206.90745356704673,-549.3197235729623,0.501515942639559,0.6496913580246914
2416,88.70258456610074,61.875893092705894,-134.40427247165908,210.24036045462051,-550.2683424190757,0.5217051474968148,0.6373456790123457
2417,89.4973417249779,62.29742582315288,-134.62373987528304,209.6968743681083,-549.5849603116768,0.5181941312142048,0.6358024691358025
2418,95.2953453249277,55.258330451692956,-126.26332823578038,206.75300634331032,-548.7606873869252,0.49312013514278674,0.6553497942386832
2419,94.45580272817537,55.57964440957946,-127.01048795573176,206.6113258338567,-549.2407153360281,0.49670294016427485,0.6543209876543211
2420,97.12265672100678,53.63099676611185,-123.90662098371432,207.29970401308773,-548.440094086422,0.48529511313266543,0.6604938271604939
2421,96.44761843451035,52.84611545229785,-123.63651930270014,206.71808074545442,-549.2527126083608,0.48821850618700857,0.6625514403292182
2422,97.26631192855697,53.2905262340482,-123.55312562561384,207.31928160464878,-548.5459568614804,0.4846796619633301,0.6615226337448561
2423,97.14994575467517,52.20557463780111,-122.7301824416977,206.9970139217202,-549.1858401012113,0.48520719153704617,0.6646090534979425
2424,96.19704365646714,51.39499815866844,-122.59545813391938,206.26102712945112,-550.1885176733166,0.4893175261322502,0.6666666666666667
2425,97.02654377371671,51.4772199522165,-122.20267257932574,206.75253556287194,-549.6415137942062,0.485756701509667,0.6666666666666667
2426,92.93461445262884,55.578276936458906,-127.8452539981571,206.5890142080192,-550.5071496683119,0.503197443155779,0.654320987654321
2427,89.50577362166325,58.54580254978188,-131.56548416320203,208.8444048728389,-551.5820930881283,0.5180475257337845,0.6466049382716049
2428,89.5144249080119,58.00900536945224,-131.126504344864,208.71746411572119,-551.8637027157309,0.5179977173938111,0.6481481481481481
2429,90.41214559435707,57.54159115132944,-130.51340987031801,207.99839321868956,-551.4999331035704,0.5140641658363454,0.6491769547325104
2430,90.05960121978438,55.796610224888525,-129.19379930961927,207.83159341510532,-552.6830211335705,0.5155593028851242,0.6543209876543211
2431,92.94160239768462,54.864066307169395,-127.25943626670198,206.4275073317711,-550.8826396259374,0.5031647075190466,0.6563786008230452
2432,91.98166648914884,54.19228117392291,-127.17807394123605,206.5036087306025,-552.0489695973189,0.5072525917920961,0.6584362139917695
2433,92.9554459519261,53.43572093444621,-126.08777122251699,206.1045178859027,-551.6335770535262,0.5030992362455822,0.6604938271604939
2434,104.3773027039252,45.43329586400671,-114.982319174103,212.1027269837888,-552.1944589391736,0.454122791485647,0.6875
2435,98.23558095372015,50.02499470451352,-120.41156495906925,207.3083706640817,-549.8609018338067,0.4805646542330274,0.6712962962962964
2436,98.64478253297173,50.085097884912045,-120.27813977887884,207.662661030361,-549.6941329637086,0.47878424192173585,0.6712962962962964
2437,97.84938108675317,51.5786979614503,-121.86180440701077,207.3547306075645,-549.1846671388795,0.48219587688708376,0.6666666666666667
2438,94.13992880924522,53.42999921884035,-125.43804909705669,206.08401698033077,-550.6440259705869,0.49805473469692235,0.6604938271604939
2439,97.82479737305594,49.968449176088455,-120.56111599373888,206.97322852550386,-550.0541257357285,0.4823450665443191,0.6712962962962964
2440,91.01038015580548,55.694818699199004,-128.80480454098887,207.2481894071989,-552.0325104464912,0.5114386829753425,0.654320987654321
2441,93.73716987603308,52.354465496804664,-124.78732142736888,205.81576626052433,-551.5511384859312,0.4997692058114995,0.6635802469135803
2442,92.84390074629934,51.29638239695771,-124.40105237868,205.64050432983947,-552.8696357132351,0.5035608246225836,0.6666666666666667
2443,93.68315669161916,51.28320678009945,-123.9440987500457,205.5740787289941,-552.1683915659221,0.5,0.6666666666666667
2444,91.01494765750547,54.98025154149704,-128.2205942434757,207.0850108507509,-552.4102734988218,0.5114059473386101,0.6563786008230453
2445,91.02399816513423,53.55116152588033,-127.05214563716663,206.75864261807146,-553.165755900738,0.5113404760651457,0.6604938271604939
2446,91.98744101210534,53.477800545788426,-126.59300588190806,206.34105296774518,-552.4254923064948,0.5072198561553639,0.6604938271604939
2447,91.16930498840318,51.39541736549273,-125.24016911230215,206.20247135632138,-554.202076079174,0.5106824738677505,0.6666666666666667
2448,92.00496971582871,51.33425026044321,-124.83774165856549,205.85339779557538,-553.5549704069616,0.507121649245167,0.6666666666666667
2449,99.87250706932895,45.99590567088043,-116.48582703733636,207.85636703632488,-551.6436590820961,0.47355256730710543,0.683641975308642
2450,98.73596041117659,46.88445383951475,-117.62980816476863,207.01975709176466,-551.373895425589,0.47848915046577606,0.6805555555555556
2451,105.47427732402106,41.690135666746954,-111.72608741499975,212.32790867977417,-554.3292469553558,0.4497527663166509,0.6988304093567228
2452,98.46211912987299,46.84355019768134,-117.71504926153725,206.7780323042476,-551.4788753232606,0.47967609200663713,0.6805555555555556
2453,98.18755342584713,46.80400869882678,-117.80774168991792,206.5441488071991,-551.5959770687024,0.48086303354749826,0.6805555555555556
2454,97.91230035401041,46.76602507742007,-117.90760137705722,206.31905317522705,-551.7248651417245,0.48204997508835934,0.6805555555555556
2455,88.43639479732656,55.66624311195048,-129.37091926363743,209.06820802441686,-553.719044475428,0.5226659675832139,0.6553497942386832
2456,89.51495173956548,55.86606604052582,-129.38024444340283,208.23359074615007,-553.0072502855543,0.5179331859668465,0.654320987654321
2457,93.09903844484981,50.21862238750782,-123.3903274369087,205.36360099274495,-553.2287340510078,0.5024733428532127,0.6697530864197532
2458,90.26957512823995,52.557201998990195,-126.4950705915983,206.96494259701583,-554.2634440119497,0.5145722995890314,0.6635802469135803
2459,89.85751032010407,53.67840193949152,-127.52025130608139,207.49269007210276,-553.9518150681586,0.5163849776138054,0.6604938271604939
2460,90.33992938331261,51.47790312160487,-125.59433726249003,206.67743724219707,-554.7886331619451,0.514243298490334,0.6666666666666667
2461,97.21299337212521,46.14185864137508,-117.7539280683601,205.67420174527976,-552.3874449150874,0.48506705882625717,0.6820987654320988
2462,97.63644910944817,46.72968826157154,-118.0143442501017,206.10369198293947,-551.8652040221369,0.4832369166292204,0.6805555555555556
2463,105.56792670479601,39.29548522974582,-109.75769794385927,211.88071333103366,-555.619767897062,0.449531447724681,0.7057748538011672
2464,92.38566690514517,49.70710493427276,-123.33293005786693,205.37799302663873,-554.1046509863601,0.5054904265911107,0.6712962962962964
2465,92.80658678542395,49.690692182832294,-123.1111951097618,205.28582358956928,-553.7582822788914,0.503710014279819,0.6712962962962964
2466,103.60094101441537,40.266508875932715,-110.92890881982106,210.1817382805375,-554.8734978307791,0.4577506162411333,0.7019980506822597
2467,99.90566833123417,37.42934489537666,-109.48815802086948,205.95602771238612,-556.2022283336817,0.4737463160900982,0.7083333333333335
2468,91.96521251565031,49.72989810393176,-123.54766879342093,205.50552314945477,-554.4439811634467,0.5072708389024024,0.6712962962962964
2469,90.31110426573372,50.40988079569942,-124.73244789305234,206.45468968980356,-555.3794413525861,0.5143427582618241,0.6697530864197532
2470,89.51725178669054,51.57978764845532,-125.8876488937587,207.2655841116354,-555.2942038839049,0.5178041231129172,0.6666666666666667
2471,93.28132702464765,45.92999231034534,-119.79773495628024,204.38330324607605,-555.3624598959284,0.5016842403983129,0.6820987654320988
2472,93.53917159195578,44.8562458442122,-118.78324524916218,204.13039352764665,-555.7182754559985,0.5005967586289422,0.6851851851851852
2473,90.2681340716353,48.80767441390097,-123.43954899147109,206.12088175679153,-556.2655869391191,0.5144919479190595,0.6743827160493829
2474,90.25342698567795,48.27376144219889,-123.0085650946798,206.00969605286963,-556.5609505568857,0.5145416778048046,0.675925925925926
2475,90.66941371882274,48.228563978847745,-122.8404294237412,205.75019178546594,-556.2790335321489,0.512761265493513,0.675925925925926
2476,91.08722404400058,48.18899278056284,-122.6580466247543,205.52087036827484,-555.9785314760518,0.5109808531822213,0.675925925925926
2477,92.58897622772369,46.48475940501527,-120.60621109865842,204.60637138613356,-555.652193468071,0.5046018643647207,0.6805555555555556
2478,92.87103453564413,46.47507483878164,-120.45640872729112,204.55249084031692,-555.4190422240185,0.5034149228238595,0.6805555555555556
2479,92.30703744616605,46.497191781239906,-120.75326798863331,204.67638028026124,-555.8828115436979,0.5057888059055817,0.6805555555555556
2480,92.02519752139801,46.51244232126561,-120.8970530742332,204.7621297250337,-556.1100571086755,0.5069757474464428,0.6805555555555556
2481,91.84390986402144,44.9169090701547,-119.6775085895374,204.46392734184082,-557.1113083438568,0.5077184078741087,0.6851851851851852
2482,93.91063261432569,44.053640752064126,-117.92402854689907,203.95793743209555,-555.8374138310623,0.4990393088388757,0.6875
2483,95.23353687837295,44.899191545509694,-117.85482277863792,204.404855670104,-554.3351311614498,0.4934751093837753,0.6851851851851852
2484,94.66902457341897,44.87399332492663,-118.16077331127497,204.24724956886286,-554.7841027788509,0.4958489924654976,0.6851851851851852
2485,94.10400442166343,44.859523884176014,-118.4717438481663,204.15466344951045,-555.2473134299987,0.49822287554721995,0.6851851851851852
2486,91.04359576905318,46.585881067098256,-121.36693662631798,205.18061078925732,-556.8667400613725,0.5111300428394567,0.6805555555555556
2487,90.83397234244433,46.60527953206375,-121.45940572302634,205.29315711737456,-557.0187180385489,0.5120202489951025,0.6805555555555556
2488,90.62477723085323,46.62596378917496,-121.5484801322157,205.41341229024619,-557.1663202959793,0.5129104551507483,0.6805555555555556
2489,96.69220190902958,40.72904830252574,-113.62280312649759,204.13002852207057,-555.5687497397181,0.487387855503504,0.697530864197531
2490,96.48101053747405,40.70843038192095,-113.7232638366567,204.00643524480904,-555.7088692922221,0.48827806165914994,0.697530864197531
2491,95.59432163116307,41.70763603341268,-115.04423417106361,203.81577439924536,-555.773761835537,0.49199307638695466,0.6944444444444445
2492,95.67437815754249,39.57034562798424,-113.25632133257882,203.3668188505211,-556.8575535308515,0.49168469617651206,0.7006172839506174
2493,86.44378220303372,50.46340414018243,-125.05173778227696,209.76243517520197,-557.1626383691159,0.5312873732132172,0.6712962962962964
2494,93.9455717442292,42.446705478542356,-116.59454503583245,203.59926067963798,-556.6654290427606,0.4988917631108959,0.6921296296296298
2495,89.46769768530913,46.05060003113664,-121.39264572776621,206.0551815288916,-558.276967252962,0.5178608860530959,0.6826131687242798
2496,88.30095549833086,46.66899065121592,-122.05231181880869,207.15494739610244,-558.5899352495028,0.5229321251425894,0.6813271604938271
2497,97.89802951910639,37.65787692371333,-110.48860999031795,204.25669832943487,-556.5883148803844,0.4823449978840999,0.7067901234567903
2498,98.09301847491079,36.880636970232246,-109.760800408625,204.2350062313041,-556.9224953486287,0.4815293865570717,0.709104938271605
2499,95.66245464971021,37.42712923662978,-111.51580870428107,202.8804316162103,-558.0095804360947,0.491756790781137,0.7067901234567903
2500,92.3102869775004,40.33785381292219,-115.73095410664263,203.29105076347824,-559.1683400252797,0.5057244602452473,0.6983024691358026
2501,92.83898478429282,40.7627360525575,-115.81672744779796,203.27393130188892,-558.4955538391866,0.5035212153742052,0.69701646090535
2502,92.27563221668939,41.41040577154982,-116.62205255409677,203.541523549744,-558.6247430196511,0.5058786503504685,0.6952160493827162
2503,97.8924058693758,35.514015481877806,-108.74330421246307,203.77069866333903,-557.7330964111923,0.4824170924887248,0.7129629629629631
2504,96.88679080555156,36.463574394088624,-110.03890738955472,203.2874473409922,-557.729692468311,0.4866418385571079,0.7098765432098767
2505,88.96126108136914,42.46040097595309,-118.55672449743835,205.643405535949,-560.4965271044106,0.5199369409045899,0.6931584362139919
2506,88.45630410290184,41.28652240894081,-117.65794396895102,205.8036776966907,-561.3907648725854,0.5220707742902263,0.6967592592592593
2507,89.07637698084417,41.19375361327633,-117.50751129333987,205.26490749490162,-561.107365147504,0.5194064997871632,0.6967592592592593
2508,89.86863538633574,41.22135175474011,-117.36721306972007,204.67723472370488,-560.5939749205485,0.5160245374279895,0.6963734567901235
2509,90.07566217213628,39.455351641295465,-115.87355140178268,204.1390804034606,-561.3946448641517,0.5151046586661695,0.7013888888888891
2510,88.12069222415676,43.08066576484552,-119.13979476614655,206.50522212323276,-560.5887535218152,0.523584123822477,0.6917438271604939
2511,88.90422062984297,43.09377558047365,-119.08073332569715,205.83308116465133,-560.1902429344274,0.5202021614633033,0.691358024691358
2512,94.43576385796288,36.65348376902679,-111.59492962741152,202.35532755934236,-559.3587032598167,0.4968684093731755,0.7088477366255145
2513,91.49941624266128,38.914927418765274,-114.9353361908766,203.24799629275662,-560.5994020510312,0.5091039223804282,0.7025462962962965
2514,92.93494423827906,38.43871848467947,-113.87252689182807,202.7369193984683,-559.6534263223799,0.503103186094687,0.7037037037037038
2515,91.79557708613251,39.83140000929103,-115.55500983437794,203.3386744313772,-559.867463947484,0.5078728805817514,0.6998456790123457
2516,100.54944450144401,31.11051496712787,-104.15667933588783,205.1504612021554,-559.5576576987394,0.4712246702182617,0.726851851851852
2517,100.87668725532194,32.77429754954332,-105.43475992385001,205.8438852210772,-558.6855468782029,0.46974285428357526,0.7222222222222223
2518,91.81605458908444,38.22251242697925,-114.23506262357641,202.9696706118816,-560.7089229351647,0.5077684203622754,0.7044753086419755
2519,90.70259892468479,38.04725309434977,-114.53224783678661,203.4406614148218,-561.689315664388,0.5124336546298639,0.7052469135802472
2520,93.20635503075093,36.82513481409711,-112.41769047609678,202.34371246710256,-560.2874163445246,0.5019816947812094,0.7083333333333335
2521,94.43650003939797,35.760457601126035,-110.86655295343827,202.15496227223414,-559.8341405301915,0.49686674255718033,0.7114197530864199
2522,93.09906983476614,36.82758318233462,-112.47583768146787,202.3547235943152,-560.3769095199073,0.5024267978590322,0.7083333333333335
2523,92.99176305098737,36.830360198330595,-112.53372748338677,202.3681591608053,-560.4662579375448,0.5028719009368552,0.7083333333333335
2524,92.88444685496569,36.83339552936732,-112.59133129362546,202.3839980024778,-560.5554159967987,0.5033170040146782,0.7083333333333335
2525,92.77712298539979,36.83663768299954,-112.64862052395593,202.40221895523763,-560.6443380970301,0.5037621070925011,0.7083333333333335
2526,98.38964158489415,32.10082881719495,-105.727287771865,203.39669443979062,-559.3622190657263,0.48040953917284984,0.7229938271604939
2527,98.69464010440534,33.217861760383215,-106.50290798027653,203.9060420461023,-558.6694302035676,0.4790800523519946,0.7199074074074076
2528,97.75268500640682,32.63784021539672,-106.46801551178555,203.01726956047605,-559.327459956113,0.4830787762553712,0.7211934156378602
2529,99.72345955608984,30.968866005788783,-104.27787733458274,204.3267409043793,-559.6581243357676,0.4747770362223462,0.726851851851852
2530,99.33931335107893,31.308688243402486,-104.68931295006531,204.04660296205878,-559.5336934511122,0.47640568354906787,0.7256944444444445
2531,98.18501513207141,31.357079502658394,-105.21555845068285,203.06234320132748,-559.8327406420116,0.48129586372008676,0.7250514403292182
2532,88.90714123382693,39.74531735422468,-116.35280236595841,205.07615940638,-561.977859717973,0.5200916860465299,0.7010030864197532
2533,94.22355768056619,34.415880452894584,-109.89249807213689,201.82173996206757,-560.7240902211723,0.4977544484888333,0.7152777777777779
2534,95.11677886880489,35.07259528326688,-109.91352856672647,202.1599182154025,-559.6684602973188,0.49405024517825824,0.7134773662551442
2535,89.21501124715974,39.03109085989496,-115.72293860765556,204.66819271873908,-562.181213126657,0.518756184028377,0.7029320987654323
2536,94.55271641886009,31.34371534605347,-107.20121871787693,201.1834590816398,-562.0986273240073,0.4964095665067618,0.7241512345679013
2537,95.84279932464301,31.546565791272002,-106.61954419788476,201.63401560528885,-561.0199594146095,0.4910762240621244,0.7237654320987655
2538,94.87320317091041,32.42724964134047,-107.89906811100256,201.49803097478735,-561.2678405019716,0.49508007968590656,0.721064814814815
2539,98.33888466240424,27.80586708534321,-102.25075729660699,202.3861874530248,-561.6692685526199,0.48074943731761827,0.7353395061728397
2540,97.6155946143996,27.082462792820877,-102.01071126092691,201.66411633489201,-562.3530082208308,0.48379281889129855,0.7371399176954735
2541,95.90747267089392,27.80032997821172,-103.53140182017339,200.8192309948918,-562.9755003280171,0.4908665202840694,0.734567901234568
2542,94.56316476230387,27.192531720001455,-103.81288168428695,200.25238239161385,-564.3073681250744,0.49639417134554553,0.7361111111111113
2543,95.35805694846763,26.424131866018683,-102.72674371476806,200.29377689673169,-564.1033633484637,0.49313687669210227,0.738425925925926
2544,96.30378826733318,27.430717071491074,-103.00463491609705,200.92562346295333,-562.9069855114985,0.4892378729573478,0.7357253086419755
2545,99.94448279163012,23.773625100288314,-98.33783012521555,202.91091560324216,-563.4691306757411,0.4741130804464366,0.7476851851851855
2546,98.58894435916265,25.69940986533635,-100.42154161633745,202.11893217502478,-562.7087573463926,0.4797624990722079,0.7415123456790126
2547,100.04600180001886,23.522860285672834,-98.10235219978652,202.95096933779215,-563.5961599693375,0.4736933841877214,0.7484567901234571
2548,86.93234307125985,34.84055876718284,-112.39055603845935,205.76106025701162,-565.4020014990474,0.5284168581306696,0.7160493827160495
2549,90.67854231975903,30.638681565577457,-108.50432438349229,201.7878831320779,-565.6632407938231,0.5124073506629263,0.7265946502057615
2550,91.6423063001449,30.064870314944926,-107.66380457342885,201.20151768107647,-565.2077353254739,0.5084057382168917,0.7280092592592594
2551,91.00223636789946,31.456049672596464,-109.05459920582736,201.8000315066727,-564.9781268611972,0.5110767422531972,0.7241512345679013
2552,96.94497358872842,24.949778916670084,-100.62511822480099,200.73204693918868,-563.8388662000197,0.4866222873852156,0.7430555555555558
2553,96.40072684390111,23.55612672848298,-99.790971620348,200.10518080088153,-564.9116028723874,0.48889264379324854,0.7469135802469139
2554,97.71469791171845,23.166428122666787,-98.76792291530575,200.85595471192116,-564.3947495486917,0.4834641815651451,0.7484567901234571
2555,97.91987635727766,22.657656488341843,-98.25173084179393,200.8957030872651,-564.5759541467526,0.48262478904771455,0.7500000000000002
2556,97.80646036175821,22.106503531825297,-97.85877422520804,200.6850881537601,-564.91900547421,0.4831114413563378,0.7515432098765434
2557,93.3335233030804,25.573537349065532,-103.1798728300695,199.80640685469902,-566.185032143835,0.5014283532843165,0.7407407407407409
2558,94.00899397318605,25.841145401961512,-103.0264437873415,199.87313660588305,-565.4777852877596,0.4986645277535784,0.7399691358024693
2559,92.93636826215035,25.98377286466865,-103.7230289934997,199.938816836793,-566.3027308504874,0.5030570006110381,0.7395833333333335
2560,93.73177391101856,25.169856103452332,-102.6338100942878,199.70794628231215,-566.0663670036395,0.4997997059575948,0.7418981481481484
2561,94.12938888732995,24.77111912487453,-102.0863047899855,199.64408917688093,-565.9490269536062,0.49817105863087313,0.7430555555555557
2562,87.67601054022597,31.098794184648824,-109.39072080698202,204.21086832544427,-567.1765757866599,0.5250724450559625,0.7264660493827162
2563,88.45485999220867,30.393066639907772,-108.78746156497333,203.35096434705136,-567.2141413523397,0.5217378191981031,0.7281378600823046
2564,88.77921591110925,31.861707649963193,-109.94937917627017,203.40645145601013,-566.2609156836915,0.5204105755549954,0.7237654320987655
2565,95.72622995104416,23.234109491289246,-99.91265262519508,199.71614489307623,-565.537834698987,0.49165646932398654,0.7476851851851855
2566,96.52224693836979,22.49576756992542,-98.85747809887012,199.9337579145074,-565.3988022431698,0.4883991746705433,0.7500000000000002
2567,97.26567180686098,21.77142588045797,-97.86217733118731,200.22502491233385,-565.3582548683999,0.485352973387947,0.7523148148148151
2568,96.5779331989326,21.42999710903871,-97.95740036855736,199.72491417633404,-565.9329839872241,0.48818716337563406,0.7530864197530867
2569,100.4936704281539,19.242481745604948,-94.48760173639926,202.41651771557758,-565.8680690006504,0.4719717977552068,0.7610055230669261
2570,97.29397072704201,21.239226783912102,-97.41329145077368,200.12426673818936,-565.6274705069612,0.48524696774049236,0.7538580246913582
2571,93.51433022190753,23.963381629034757,-101.77122354655398,199.4373621726657,-566.8916749167986,0.5006881496002586,0.7453703703703706
2572,93.69511559481239,22.355738550318847,-100.36171724486209,199.07542820924402,-567.5977379943569,0.4999479459162008,0.7500000000000002
2573,94.9266895662418,23.99121618464096,-100.99310085768765,199.61673726280105,-565.7272948305203,0.49491376397742987,0.7453703703703706
2574,97.99647616073314,20.25716250037999,-96.25803656002364,200.41310710596824,-565.8244174977995,0.48237068194251975,0.7569444444444446
2575,99.23949731847662,19.23491692817538,-94.88192579118127,201.23216463470132,-565.9842393100228,0.4772355787654097,0.7604234351310373
2576,95.11163291512335,22.39269971762269,-99.5835542534898,199.30923658714414,-566.4388299663482,0.494173560293372,0.7500000000000002
2577,95.19341457224093,20.789656798146893,-98.23002458739288,198.9738344957289,-567.2326650539516,0.4938555433510081,0.7546296296296299
2578,97.83530142194385,20.235656492127305,-96.31909190455764,200.28523401055406,-565.9042125413363,0.4830367505682856,0.7569444444444446
2579,99.21749512201139,18.225715865783627,-94.06764470534146,200.98373745798182,-566.5266915212145,0.4773642565985027,0.763320337881741
2580,92.897093255015,23.170678687501265,-101.45209010287893,199.31287950543256,-567.8365246149289,0.5032052405696441,0.7476851851851855
2581,92.10113386926523,24.0083614518162,-102.52444398721894,199.6818976949345,-568.0612996404312,0.5064625352230874,0.7453703703703706
2582,94.44321148099729,21.562671484954706,-99.29361174089672,198.9665342730842,-567.4058622152065,0.4969017446336045,0.7523148148148151
2583,94.75576981216307,20.76934746995778,-98.46682293457556,198.85073773661748,-567.5800450941631,0.49563172635305036,0.7546296296296299
2584,95.94342871230495,20.034333522836903,-97.18122506580336,199.09035071109645,-567.0930447193771,0.4908093420684118,0.7569444444444446
2585,95.82212963012856,19.22187154592592,-96.58889529705505,198.8542621718306,-567.6113373980025,0.49131550678989994,0.7592592592592595
2586,96.69328674827457,19.29781982206157,-96.15757765657712,199.30902443498124,-567.0020359419626,0.4877631407858155,0.7592592592592595
2587,92.27844650217139,22.391372408558027,-101.12345776408065,199.26761941753435,-568.7749908273838,0.5057223315390296,0.7500000000000002
2588,100.05527966010571,15.550323855030513,-91.59728260217226,201.1581014837595,-567.8387490235153,0.4739710600574325,0.7714221897335929
2589,94.70966503409943,19.16087794637042,-97.1826684862243,198.47868776493618,-568.4755933411146,0.495831165830885,0.7592592592592595
2590,93.62925776155589,20.21273096251724,-98.6514350828913,198.59352228060263,-568.7961656042542,0.5002138652199802,0.756172839506173
2591,95.53516219399833,18.39871888253282,-96.08352763849044,198.55414231737723,-568.2552887102422,0.49248953100334536,0.7615740740740742
2592,91.6980804581219,21.622076867981036,-100.76074208654939,199.28249569961145,-569.6677692101551,0.5080798807984392,0.7523148148148151
2593,90.86689723055954,22.494745742324426,-101.80294141641741,199.85439550899085,-569.8673379836608,0.5114967171618583,0.7500000000000002
2594,92.53528610005131,20.7719976090537,-99.6795617194562,198.8408275794003,-569.4221943433503,0.5046630444350203,0.7546296296296299
2595,91.03306933951359,21.407625493022863,-100.85513998878396,199.52412481667858,-570.3166444027496,0.5107905257591855,0.7530864197530867
2596,91.78255038014669,21.080624602093167,-100.28228707986177,199.12932606797978,-569.8867170209986,0.5077267850971029,0.7538580246913582
2597,91.37173843934679,19.23533503032155,-98.95283831492087,198.87823189519045,-571.2065652375941,0.5093781429538399,0.7592592592592595
2598,100.02290038833905,14.036183508856425,-90.37205018668428,200.78527622173675,-568.6466168380684,0.4741640768070719,0.7757675438596486
2599,92.48351726939742,19.16743019821729,-98.39698119555236,198.49181130348188,-570.3224761337742,0.5048624839128548,0.7592592592592595
2600,96.37911174003582,15.651891933598165,-93.36083697537318,198.31671501806704,-569.1419898709553,0.4890963344622752,0.769675925925926
2601,96.95795191793817,16.111328897391218,-93.41453523719429,198.7510947257376,-568.5464919835456,0.48673313935351026,0.7685185185185186
2602,96.09772645020662,16.564955012267433,-94.26502165833699,198.3813678049771,-568.839814590514,0.4902273999759652,0.7669753086419755
2603,99.75719612084832,13.089270952263576,-89.68489983615805,200.32013219315206,-569.1746672555784,0.47530390159224967,0.7783666341780375
2604,88.89809916061617,21.931361561482163,-101.84712949556501,201.07053292488465,-571.5006527470821,0.5196286520440968,0.7523148148148151
2605,89.46838636997427,22.65604115609767,-102.33597849620529,200.7855693713592,-570.7721203558335,0.517271102784687,0.7500000000000002
2606,88.08713720541422,22.860223898686286,-102.67807687196537,201.977220606046,-571.4131867060752,0.5230454884075157,0.7500000000000002
2607,90.54066596980107,20.11575680656449,-99.97779288713205,199.49952517506398,-571.3849459113515,0.5127949793172588,0.7569444444444446
2608,89.7164234763444,21.015433829266158,-100.9454003362765,200.2364803023766,-571.4879260964385,0.5162118156806779,0.7546296296296299
2609,99.30990855475879,12.346198688542756,-89.23863411946459,199.74046471742108,-569.6396045410801,0.47717551287898086,0.7802956465237165
2610,98.99873007560937,12.856524556025079,-89.77689476695227,199.57704026348182,-569.4371890605435,0.478442591153879,0.7786847520034655
2611,90.04605801581798,18.831545117519283,-99.08127087292733,199.5172749540731,-572.428409763765,0.5147994328753323,0.7608024691358029
2612,91.29308150789038,17.501072652904156,-97.57085019502443,198.52279654461117,-572.1955339223945,0.5096741783302038,0.7642746913580248
2613,91.7123906549021,17.06724886877828,-97.04228768910995,198.25271573101153,-572.0860204288446,0.5079657601484943,0.7654320987654323
2614,99.50864352564273,10.637533202764416,-87.77148977571792,199.53609307343274,-570.5145063427163,0.4764147202518115,0.7853110786224818
2615,100.06614806798406,8.523884905667956,-85.86200487418813,199.58224918827273,-571.5777429359379,0.4741903546215351,0.791666666666667
2616,96.15252349276064,12.953347434000761,-91.28964684632432,197.59620049554428,-570.7293316618558,0.49004860361268626,0.777391975308642
2617,96.89811002013388,13.247497653651408,-91.11264219646776,198.07048251544202,-570.1078235186338,0.48702465164301595,0.7767489711934159
2618,96.61297467843497,13.665058745170995,-91.61024926594398,197.9969351614655,-570.0552184713035,0.488176992325955,0.775462962962963
2619,86.31905410385906,21.311668884739674,-101.30570198065098,203.30264249027954,-572.7774370539556,0.5304417183806169,0.7553200129954518
2620,86.00794419370087,23.50941553720571,-103.0532168098699,204.10037957492537,-571.6677019734105,0.5318541011859624,0.7491471734892788
2621,83.903807044789,24.16931392885033,-103.28843767864929,206.293078372637,-571.7166329957133,0.5406627139644091,0.7482943469785575
2622,86.90738032352519,21.82661106438104,-101.79787535618114,202.84810303514786,-572.3741536883367,0.5279763083895831,0.7535466753303014
2623,89.55138078756133,17.55416836280591,-98.1631576360538,199.57466869143957,-573.4430885611001,0.5168038864334057,0.7646604938271608
2624,88.7313643014619,18.47420908565732,-99.05298383959833,200.42833289011236,-573.4397183209646,0.5202207227968246,0.7623456790123462
2625,98.96736616835305,8.747002669514984,-86.43829433922558,198.62277227312748,-571.6348049610963,0.47869436982216695,0.7905092592592595
2626,96.74846581500104,9.258794464292123,-87.94399765146822,197.0831513608009,-572.3241783588509,0.4877024002234308,0.7881944444444446
2627,96.55243815887962,10.980344203335562,-89.45588301329369,197.35953789769502,-571.5245958290403,0.4884631928506002,0.7831790123456792
2628,95.6273503782538,9.565029451781527,-88.83085935557513,196.6041796146824,-572.9021021834069,0.4922064154240627,0.7870370370370372
2629,98.00318319331028,8.114759141283741,-86.35626988515018,197.68198345445123,-572.2960551758347,0.48264177326759744,0.7919238683127574
2630,97.86090242729144,8.988563216994635,-87.1381508574088,197.7704403223625,-571.8905595017197,0.4831983850227989,0.7893518518518521
2631,92.73656170054409,12.32660598458034,-92.69669702866014,196.90289835673943,-573.7590204744266,0.5037989595260612,0.7789351851851853
2632,93.05524848885537,13.388876582158957,-93.39834113950648,197.09411762105273,-572.9214618034401,0.5025192918594632,0.7758487654320988
2633,91.77812125934497,13.312761326357986,-93.95437787298779,197.3848858800983,-574.0365225843573,0.5076631408933941,0.7762345679012346
2634,96.96123895610549,7.941893737576777,-86.75404631236651,196.91463539965756,-572.9027450686131,0.48686748259062873,0.7920524691358026
2635,98.07440816302356,7.678023721571378,-85.96592986382377,197.63881491903342,-572.4998233591924,0.4823634673899968,0.7932098765432101
2636,87.74626552568805,15.950395175858603,-97.06022594084679,200.7275130926223,-575.2499188663305,0.5242296299129714,0.7700617283950622
2637,97.47554206052061,6.974360022832457,-85.69228911294454,197.03587066844048,-573.1446143879922,0.48480953243521674,0.7950102880658438
2638,98.18205270635268,7.023080468498563,-85.38118606690865,197.57535170878222,-572.8067712722783,0.48194600857359576,0.7951388888888891
2639,89.45944800078749,13.994604423991632,-95.28351220051465,198.8409011612013,-575.4031822626264,0.5170977271835241,0.7749485596707822
2640,90.82490676779105,14.327276314555036,-95.16317126489211,198.03816019549834,-574.2571359126806,0.5115273222607271,0.773533950617284
2641,97.85770109147566,6.041174778056984,-84.73790307147338,197.10303020098843,-573.4640319542021,0.4832849990115655,0.7978395061728397
2642,98.64697700319516,6.286282211643027,-84.56905473059508,197.7908714147055,-573.0369103278636,0.4800766672545201,0.7974537037037039
2643,87.90542872553362,14.852235096181857,-96.16441806030988,200.33233833520882,-575.7716489341266,0.5235234385102985,0.7731481481481486
2644,89.24621746425547,13.309129438354319,-94.76718254830517,198.8477589145513,-575.9013970624446,0.5179508389612562,0.7770061728395063
2645,88.31490491627025,14.38468521755533,-95.76426645979083,199.86141516271582,-575.8368819281882,0.521815020328589,0.7743055555555559
2646,94.48112777596626,7.90268132886024,-88.1392128132175,195.90429365345383,-574.6648361153287,0.49680231365434946,0.791666666666667
2647,93.1550013690642,8.967164735595645,-89.7427411048717,196.09011608323613,-575.1974393697142,0.5021071790262052,0.7885802469135805
2648,93.37871058489799,10.30293036017838,-90.71217505033958,196.3737060535542,-574.2954213622679,0.5012144458253265,0.7847222222222225
2649,92.47912353553903,9.702762826871776,-90.68574394275618,196.36582939255842,-575.3764194464818,0.5048122780930002,0.7865226337448563
2650,88.92814351209273,12.282743819323116,-93.98450651956205,198.86919506509997,-576.6374180804047,0.5192305066278542,0.7800925925925929
2651,89.87275641309208,12.60158714742363,-94.05230463744725,198.230703951993,-575.8741482721271,0.5153747180497009,0.7788065843621399
2652,95.03036232274846,6.5842063742363734,-86.7483533420476,195.73326215217722,-574.9378009295693,0.4946231365426894,0.795524691358025
2653,94.59280666710691,7.9055510684056,-88.07795282822964,195.92582968265148,-574.5739205630757,0.4963572105765266,0.791666666666667
2654,94.78116617034573,7.912300405114081,-87.97500389750233,195.9678502772326,-574.4217272243546,0.4956064218680991,0.791666666666667
2655,94.68698609022834,7.908773678274542,-88.0264110557362,195.9459516747234,-574.4976312993687,0.4959818162223128,0.791666666666667
2656,94.79977768221914,7.913033933481813,-87.96486267818423,195.97238673415427,-574.4067754409785,0.49553223802179536,0.791666666666667
2657,94.81839044795697,7.913740282570814,-87.95472764203217,195.97699187762674,-574.3918400371623,0.4954580541754915,0.791666666666667
2658,93.2134368380689,8.07309958221174,-88.9832846490612,195.88398099179759,-575.6250541404864,0.5018708566456822,0.7911522633744859
2659,95.13631257452562,5.919690744352636,-86.14538683878011,195.61474337000067,-575.2114568606445,0.49420567772628843,0.7974537037037039
2660,96.26601118705348,5.596863393298577,-85.23056884478702,195.9967093534409,-574.5811832969475,0.4897016625256565,0.7986111111111113
2661,96.05232948772223,6.9183289741646945,-86.42899078910158,196.19083657050228,-574.0180939291103,0.4905365801584585,0.7947530864197533
2662,94.85214851190261,5.3707628561282945,-85.86252154664803,195.41375272911932,-575.7228066119785,0.4953390132076339,0.798996913580247
2663,96.54800584149545,5.143365010584091,-84.7053385450902,196.0579923299028,-574.6546715679525,0.4885800577342105,0.8000000000000008
2664,96.30483009249774,5.11820461041691,-84.818652147667,195.90877944144702,-574.8117210181296,0.48955479612781166,0.8000000000000008
2665,92.00268784494892,7.405272839105976,-89.03976895243844,195.98063222629247,-577.0029764918787,0.506703077256492,0.7932098765432101
2666,94.72788430851128,5.018032310552826,-85.64695882704632,195.30777304783214,-576.009512113314,0.4958363525131658,0.8000000000000008
2667,93.72579463180242,5.002027190966601,-86.19947208132426,195.20118914626624,-576.8384036870511,0.4998301344912081,0.8000000000000008
2668,93.68928742652713,5.0024969628243525,-86.21944034643289,195.2028775886626,-576.8689236884677,0.4999752051239799,0.8000000000000008
2669,87.49786354233319,10.900263788867846,-92.94733722770495,199.817299899725,-578.0425395480926,0.525073621629804,0.7847222222222225
2670,87.41690151690918,8.502877114511648,-90.99316887116254,199.34948550722694,-579.3525781754997,0.5253098721320514,0.791666666666667
2671,87.59751477105178,8.473110219803345,-90.97306343094645,199.17414167424815,-579.3041970863692,0.5245670267365111,0.791666666666667
2672,87.48151364175766,10.90298908605638,-92.94910319507223,199.83320226481715,-578.0468400424242,0.5251411530293986,0.7847222222222225
2673,89.46053829256127,8.458265462077406,-90.77337177142012,197.59195538565638,-578.3590215326869,0.5169583244294188,0.7908950617283953
2674,90.68323683145948,8.581476094116454,-90.53181034223631,196.8223215812258,-577.4328095125163,0.5120079426283476,0.7901234567901237
2675,89.68846888582931,9.767536472398092,-91.78929628124104,197.7216448415521,-577.5120168133567,0.5160655912285401,0.7870370370370373
2676,90.24801550983605,7.377843210536469,-89.69155422842515,196.8073272061537,-578.3981780523224,0.5137397891711335,0.7937242798353913
2677,91.98727608956005,5.053009870394192,-87.11997734714741,195.47916368422804,-578.2656720660124,0.5067408759400283,0.8000000000000008
2678,92.0898438619723,5.2577653553151436,-87.24872439773793,195.47043109298673,-578.07578270914,0.5063320451051639,0.7993827160493829
2679,91.86972641345466,5.059526199878917,-87.18008645191446,195.51446089459716,-578.3606157498217,0.5072081944603647,0.8000000000000008
2680,91.84576309968992,5.272482852985036,-87.371429501695,195.55287540212163,-578.270654310846,0.5073027186545628,0.7993827160493829
2681,91.67446180362879,5.0713001980147965,-87.2782505350801,195.58041634190508,-578.5165130311865,0.5079847332998836,0.8000000000000008
2682,84.05860739945999,6.46367328022319,-88.88516086678209,202.14062572123197,-581.1397032343817,0.5389665778860152,0.7992202729044834
2683,79.33645817920745,7.0135173355593,-88.4938079658144,206.86423974038996,-581.5109889155702,0.5579757460193183,0.8000000000000008
2684,83.7052593750542,6.254161643975863,-88.65598132909197,202.43729649954818,-581.3074524349427,0.5403763023509421,0.8000000000000008
2685,99.48022135262427,279.09219180959775,-306.5438104815788,259.7304375952796,-427.1472199275037,0.4633162345936007,0.011878654970760382
2686,93.81577494971393,278.8337459552961,-309.3243588710744,256.6986596072423,-430.6080484125363,0.49920744495607117,0.01114540466392338
2687,97.64068775471291,273.72014858648146,-303.00032321710864,257.0450679959339,-430.6732900379997,0.4752517937485888,0.026616986138185247
2688,93.50663645204617,276.7980359803781,-307.83538438514165,256.23926808979786,-431.95390184425787,0.501153234621982,0.017011407118619856
2689,99.60051888517219,268.04791184250314,-297.50325385645806,257.3949493664416,-433.04670051396084,0.46321172572350866,0.04377504331817238
2690,91.87469879448994,276.95548895891403,-308.78278082835163,256.56936847824073,-433.2445619956572,0.5113982765438261,0.01671810699588506
2691,94.48674151710546,272.02346786544393,-303.3938138104264,255.23798980732357,-433.69220593042195,0.49504337505460383,0.030796512887156537
2692,97.58169370845864,267.4543112985841,-297.9249584559612,255.60684704091614,-434.0541846493864,0.47590790012821726,0.04465494368637689
2693,87.7426080425239,279.1174078127525,-311.61409795792144,259.7656630654766,-434.85677513372855,0.5376918565200977,0.011878654970760504
2694,99.84022580520475,262.6682110293209,-293.0360831597876,256.41890974798747,-435.8910185807369,0.46207413539208253,0.059393274853801734
2695,97.83262745843868,264.9410587220812,-295.7504122237405,255.22747939599563,-435.28010530466116,0.47445953333169055,0.051987446754747486
2696,97.84204541901202,264.02626647102966,-295.00057558742253,255.03031997672971,-435.76543227597995,0.4744461467488998,0.05462714785936089
2697,89.63058607166943,273.7336903813799,-306.950318724108,257.0370407684883,-436.6757952601953,0.5254327301020454,0.0266169861381854
2698,99.04659970274567,257.68427725412954,-289.28484512003337,254.59788116091258,-438.73156030071476,0.46728399943003146,0.07339722763699427
2699,99.5026419175025,256.13636086074473,-287.84380853885585,254.65854213155106,-439.4537504462043,0.46457145381346254,0.07806069958847787
2700,99.00991988335043,256.682821741867,-288.48483689591836,254.34309856147755,-439.2781870627329,0.4675686846812155,0.07626705653021496
2701,89.71986711225688,267.92154161593686,-302.1853989395752,255.67951033435142,-439.71421938360817,0.5246003670490058,0.04333509313407033
2702,94.71167541835149,260.7294839727707,-294.0612075681743,252.74451599066634,-439.54300930016745,0.4938056470153268,0.06335282651072194
2703,93.66549110086035,260.7110700163032,-294.638216190325,252.62380651545357,-440.4076937579925,0.5001559653148129,0.06335282651072197
2704,93.6615650840146,262.0859651950882,-295.76016819297354,252.93257547725838,-439.67676781367584,0.5001760451889989,0.05939327485380185
2705,99.62557901545588,254.78674100762535,-286.6989061552724,254.46969280124085,-440.1535500539793,0.4639045096505929,0.08200671431665632
2706,94.67824019603285,259.98125423501966,-293.47073559458863,252.56940322692964,-439.9690935505581,0.4940191609537149,0.06550519818063746
2707,87.7059906525808,269.1281320650246,-303.45275831477073,257.58821317488224,-440.1894225928011,0.5373143902307688,0.04069539202945696
2708,97.64451931612467,255.03884597228515,-287.77907229600066,252.87931367949616,-440.6648338253008,0.4760981462774244,0.08045222366616182
2709,92.83522412653019,260.85061014908945,-295.19325766629765,252.71826357575125,-441.0345019518118,0.505196690145092,0.06298958558948883
2710,89.48217344096767,265.40793080599406,-300.1902021571231,255.28986457200145,-441.2116758901141,0.5259743639411396,0.05066759620244093
2711,90.81174200025384,263.3839768133437,-298.151401638763,253.99187527255688,-441.3427920711805,0.5176295356265641,0.05606206230597137
2712,97.60495437769733,254.0379345923061,-286.9835672111643,252.62775628931075,-441.21863244541385,0.4763828315286085,0.0833220525593825
2713,93.60768276171706,258.2627975514329,-292.67405940047274,252.07357802396993,-441.7630668867721,0.5005030210962245,0.07040782253988949
2714,92.60408570196935,258.0756320454807,-293.0481519190146,252.13687393285505,-442.7106419757492,0.506559853361958,0.07100570355931049
2715,93.18588024123957,255.56964976080948,-290.70661588819814,251.4885505406862,-443.55700798300325,0.5030380209569274,0.0781802757923622
2716,89.28286513383517,264.24976018376105,-299.2867186482799,255.1807003767623,-441.9553837999829,0.5271650530128863,0.05408228647751134
2717,97.56585857327508,253.03719669430427,-286.1882136755131,252.3762323189779,-441.7726647917384,0.47666751677979247,0.0861918814526032
2718,91.18285204204057,261.19846229522966,-296.2303687956227,253.31690979893168,-442.21886411191684,0.5152781398056505,0.06226310374702256
2719,94.87362409589119,254.81497243156633,-289.14685071418364,251.45350762088376,-442.57384784151037,0.4929107759605378,0.08041236493153381
2720,94.02898140163751,255.17975442026025,-289.92712705276006,251.39686324050777,-443.05848716174506,0.4979743984587326,0.079296320361948
2721,90.67319122825248,260.31037075835616,-295.69353671166704,253.3793563779211,-443.0882892909332,0.5183706827113891,0.06495732859240078
2722,94.0124194925975,255.64973510198283,-290.31996975961283,251.50114750456277,-442.82161861191736,0.4980751607308396,0.07794112338459379
2723,91.68851024025861,258.4570353928583,-293.7862583368023,252.48815219266572,-443.2720124821543,0.5121096856555509,0.07004909392823694
2724,91.53659405880884,255.47955752266867,-291.4247067079991,251.8805623957875,-444.9863001828013,0.5129637414091031,0.078658580607899
2725,94.82833897007708,253.8171776180502,-288.35958086084497,251.21852197737888,-443.1418471816086,0.4931954612117218,0.0832821938247545
2726,95.26909195480061,253.173364410568,-287.5797616076979,251.19759392578547,-443.1467955781625,0.4905628876905173,0.08519541308690162
2727,96.8691743978398,250.05197340587574,-284.12565060997025,251.24801741506855,-443.7394075511842,0.4810258033732383,0.09456221572449687
2728,96.02719817010232,250.84485304947833,-285.2441162661111,250.9732594746951,-443.8465028112017,0.4860686356946906,0.09205111544292881
2729,92.35993778227373,255.51263867793904,-291.07935808643344,251.6172195007282,-444.28562586115277,0.5080008811830152,0.07841942820013059
2730,94.98033495881907,251.99634408128395,-286.78783608155715,250.84865159786779,-443.99420214060785,0.4923062023278956,0.0885435467956591
2731,88.73571884621083,260.4924509211691,-296.3101831371105,254.7777452033728,-444.27706935205885,0.5303802344223021,0.06513293264024331
2732,97.86557121810576,247.47392429190197,-281.5044793775422,251.35317955332997,-444.6099536212257,0.47509371216795976,0.10233466897696958
2733,97.70567283969137,249.27855900397222,-283.0547757008097,251.63753987343821,-443.7163082970937,0.475982971051786,0.09707331600606497
2734,96.58602176431978,248.86113710904544,-283.31107608313727,250.81607140378867,-444.54395390566486,0.4827691180106166,0.09791034943325436
2735,90.80196654780045,256.3172449662204,-292.3927590330466,252.4155605397984,-445.1209794406614,0.5174462590281719,0.07642649146872738
2736,88.53457653247415,259.3374869530157,-295.39249590157084,254.68905271104586,-445.00127102522896,0.5315709234940487,0.06854762291531372
2737,90.62439792024367,255.89217429557186,-292.10765676270177,252.41859131129848,-445.4828261791645,0.518513573702696,0.07770197097682546
2738,90.74954261072372,255.32624934777706,-291.6032337337961,252.22215248627074,-445.6897773766387,0.5177309442793558,0.07929632036194806
2739,96.26198067652648,248.12536881285095,-282.8935902524167,250.47804044495712,-445.1418697544686,0.4847347473689514,0.0999431448992857
2740,93.79809578494095,251.16499458317452,-286.78379570800723,250.48180712411013,-445.3914282436969,0.4993562443611678,0.09085535340408689
2741,93.62775894236833,250.08544921588802,-285.9982792465233,250.23643523569518,-446.11007019771654,0.500370244305449,0.09396433470507597
2742,88.82751271160146,256.78092092516,-293.2678258523427,253.87702083528347,-446.20207127927546,0.5296132382898819,0.07578875171467836
2743,91.3170461077739,252.78515135573474,-289.3178389880608,251.3697595738226,-446.6007242919338,0.5142091118743253,0.08647089259499977
2744,100.00527704089514,240.78237545381762,-275.16234036107534,251.70472093449052,-447.6000514804051,0.4624999408385153,0.12254304743339853
2745,89.43952387440942,253.29315022406004,-290.31373988519,252.6191266994878,-447.69486989930465,0.5256467764429382,0.08559400043318238
2746,92.2753771966079,249.20825810430645,-285.98015466435976,250.22350490533702,-447.7205785619779,0.5083927059295172,0.0965950111905283
2747,89.6329464984733,252.60381228150789,-289.7085602216347,252.32317892232524,-447.93728416161815,0.524425384766064,0.08750721969532949
2748,87.3792917764302,255.6783600109938,-292.47004653073657,254.9008262189638,-447.47819219870485,0.5384599096907754,0.07961519023897265
2749,93.08492379953779,247.26961620320944,-283.9949083375953,249.6342435853991,-448.07121329795797,0.5035756323430249,0.10209551656920127
2750,93.0819305148585,245.77548215368762,-282.77836739619755,249.29887190458143,-448.8707903623472,0.5035790763570284,0.1064002599090323
2751,97.91263545178326,241.21248755129488,-276.38095255399963,249.9914424237727,-447.93667272225343,0.4750939171110984,0.12039067576348306
2752,90.6681895769924,250.1600263082916,-287.4186130096622,251.1100178710226,-448.5065718103992,0.5180337411305089,0.0942034871128444
2753,93.88036082758984,245.76903233842413,-282.3407244209292,249.2731597571416,-448.2030337709423,0.49887966413541257,0.1064002599090323
2754,87.3211420180877,254.69226374733023,-291.66418880808567,254.73478565932524,-448.0249496194932,0.5387445949419595,0.08248501913219333
2755,96.28375719155959,241.90168155601793,-277.80919847097175,249.09425551962724,-448.4513094605375,0.48479061150790764,0.117879575481915
2756,96.28809107121103,240.9059307682146,-276.99514773070547,248.87342716671193,-448.9800455405122,0.48479290751724324,0.12074940437513568
2757,92.28461151695805,245.80366799621547,-283.2010669997429,249.4567915785447,-449.52927487278123,0.5082784885786442,0.10640025990903232
2758,89.09745390812611,250.2274987523508,-287.877020856329,252.19820148853006,-449.53744129415537,0.527594804236136,0.09456221572449702
2759,96.29275277977985,239.9103117944274,-276.18109739127567,248.65259710013103,-449.5087820554908,0.4847952035265789,0.12361923326835639
2760,97.10462339248426,237.00458146697514,-273.36616352606467,248.47614325968374,-450.57783218102827,0.48010267933297013,0.13222871994801844
2761,93.07403049855805,241.29257906684848,-279.12875542395784,248.29276380534546,-451.26953875443763,0.5035894083990388,0.11931448992852539
2762,88.75620118229267,247.16536760083793,-285.42806096947265,251.7943298807034,-451.3631422184564,0.5295428320293339,0.10353043101581168
2763,94.68975569951209,238.31537245980937,-275.8051940523377,247.7067827528112,-451.52393189428375,0.49419747198381403,0.12792397660818744
2764,94.69231162342624,236.82155217047722,-274.5860943166612,247.37172772407433,-452.31965221531885,0.49420091599781746,0.13222871994801846
2765,95.50249366474353,236.86175752083057,-274.1498137800903,247.6181511652599,-451.6816297190576,0.4895015037762017,0.13222871994801844
2766,93.06903303260549,238.30456071768683,-276.6956898154456,247.62203087165562,-452.868718677391,0.5035962964270456,0.12792397660818744
2767,93.06680863131669,236.81067922606016,-275.4791597219873,247.28666614848518,-453.66831293606896,0.503599740441049,0.1322287199480185
2768,96.4865988311994,233.95205783135356,-271.21582817312844,247.42061842297298,-452.5675987144554,0.48383496337949006,0.1408382066276805
2769,93.87968171761287,236.80415577802742,-275.033844452926,247.25892672092687,-452.98868968401314,0.49890032821943325,0.1322287199480185
2770,94.77881218216112,235.33071338155298,-273.3208846784678,247.0562601530075,-453.04728445389804,0.49371735191026955,0.1365334632878495
2771,89.88683743028957,241.53301870008437,-280.6160154643809,249.66927904908187,-453.66984802049006,0.5223870572855019,0.1193144899285254
2772,96.5469028343381,232.96184837391525,-270.37507601058803,247.2323592197895,-453.0590639292068,0.4835125873211248,0.1437080355209012
2773,91.45442569323691,238.38596193108157,-277.52326649892814,248.0801933661399,-454.1730680801194,0.5129951208702772,0.1279239766081875
2774,91.44758778598495,236.89263795872776,-276.30863890131724,247.74819334310303,-454.97589584096477,0.5129985648842806,0.13222871994801852
2775,96.60730222224862,231.97166086113037,-269.5344805113041,247.04488036135442,-453.55084656990243,0.4831902112627595,0.14657786441412188
2776,89.8792625637858,240.537922321778,-279.8063452653685,249.45187856737033,-454.2055902316294,0.5223893532948376,0.12218431882174613
2777,92.25513239169055,236.84063883118156,-275.90852987725384,247.45223838441987,-454.33771345682953,0.5082991526626648,0.1322287199480185
2778,93.14880616101769,235.31485085652736,-274.2168683901955,246.94181887913612,-454.397393967181,0.5031161763535011,0.13653346328784954
2779,89.87179463928052,239.5428794293179,-278.9966747549237,249.2344801852152,-454.7413321828707,0.5223916493041733,0.1250541477149668
2780,88.18276224171169,241.77400498502516,-281.08445264651385,251.07995369275025,-454.52519226778924,0.5327030083338704,0.11931448992852545
2781,90.6467064120192,236.9650810670712,-276.66652821592385,248.1662625065222,-455.56232473368334,0.5176979771058965,0.13222871994801855
2782,97.85490359472034,227.72343114586369,-265.4170324761752,246.93294385394213,-455.17198961512753,0.47603903073274084,0.15923940509710505
2783,91.52432245741562,235.3928314406155,-275.05423550541127,247.37944051132317,-455.71453511877013,0.5125150007967327,0.13653346328784954
2784,89.07785895709014,238.15482045673411,-278.02878759326586,249.51829691621666,-455.9817631002108,0.5270945055397924,0.12935889105479786
2785,93.2686880918717,232.07540853106224,-271.51274816163004,246.20357836822035,-456.0248552763269,0.5024069642583845,0.14586040719081675
2786,89.06947439559218,237.16010418292032,-277.21859207378503,249.30308089845897,-456.5169289710869,0.5270968015491281,0.13222871994801855
2787,97.42198148288598,226.00789495303536,-264.2367280976822,246.23128115544122,-456.2874725821796,0.4786479218173327,0.16402245325247286
2788,94.1786711445954,229.5019966793546,-268.9150285536997,245.6432479895554,-456.63984413817116,0.49721325731389554,0.15327413183163685
2789,89.97242640925458,234.55093340974972,-274.89965386172787,248.0491707691788,-457.3360800630599,0.5215914491815992,0.13940329218107023
2790,90.02044435484547,233.54907065269146,-274.07008526757613,247.79267579952415,-457.8376060236011,0.5212690731232339,0.1422731210742909
2791,90.06875890184341,232.54719582663233,-273.24026612380044,247.5363266862063,-458.3387660180818,0.5209466970648686,0.1451429499675116
2792,92.8389928823891,228.1832570491319,-268.5646104905876,245.3801574231951,-458.4650611335468,0.5048282066343585,0.1571005703559311
2793,96.41525698430509,222.0293081065583,-261.5395349076818,244.70815414797391,-458.97889305698885,0.48460731649665023,0.175167857916396
2794,86.7620944596664,233.65955973702825,-274.47191052226333,250.57677039766213,-459.41041067593216,0.5406243566718605,0.14336284383799042
2795,87.68949701317123,231.401483727649,-272.6392121016484,249.21304045081075,-460.2698773122512,0.5350489861896568,0.14943415637860114
2796,95.73810367797583,220.33804297525054,-260.5464607699569,244.0030953853085,-460.3335976583595,0.4884957112088496,0.1798787091184753
2797,94.25398523383234,220.26860199448984,-261.3463223951112,243.57826933263917,-461.5060663839321,0.49683417497292665,0.1798787091184753
2798,94.92596052446174,218.76208417123166,-259.73225745073825,243.37205087418877,-461.7764663945446,0.4930890027956545,0.18428272326907816
2799,92.10251167046476,221.83687243562173,-263.75114326830294,244.1281427136566,-462.47241444565736,0.5089178109142756,0.1754746949678725
2800,101.67548966595616,210.85483531889471,-250.31249773545656,246.63086236410794,-463.56355104512363,0.45499632216463837,0.20959226770630301
2801,86.37611681796577,229.65243426176298,-271.17409057205276,250.0539563207257,-461.6590314843223,0.5425938072225943,0.1550993610569638
2802,92.76489895905766,220.2783550844054,-262.16021100129524,243.61738932632537,-462.7470152778915,0.5051726387370035,0.1798787091184753
2803,95.06762793427322,216.09384047578754,-257.4748595442422,242.81229266698165,-463.0915215072109,0.49233022705115037,0.19198974803263316
2804,91.28455847274611,220.3658540764145,-262.90262883216144,244.11307107920655,-463.9257516595804,0.5135111025010805,0.17987870911847537
2805,93.3753965226359,217.5895336743526,-259.65008526712,242.9425527448901,-463.66626901454504,0.5017455113383061,0.18758573388203031
2806,95.5838381775473,214.59490902947232,-255.95412349649345,242.65207779206509,-463.50844196983076,0.489474505425276,0.196393762183236
2807,95.16502569145686,215.0479704576486,-256.5657422159051,242.60680158673213,-463.57575000890125,0.49180182276551704,0.19501750776117266
2808,93.25507980509681,216.54020812175608,-258.8593087410785,242.71478055296433,-464.3280904605283,0.5024122724422944,0.19061349361056978
2809,95.5482760962646,213.82830035599335,-255.34970139850753,242.46628229813032,-463.9431699634465,0.48968653527765915,0.19859576925853745
2810,97.47047540630678,211.33897228261696,-252.25879262468064,242.97940063797023,-464.1004915538579,0.4789494051037577,0.2063027940220924
2811,98.74289748588438,209.74148771414292,-250.36323270413678,243.64093012011122,-464.4755650333364,0.471690005677633,0.21141975308641997
2812,93.22156372878337,214.53414771614098,-257.24275697464867,242.26698133511456,-465.4277993998961,0.5025936307478389,0.19639376218323606
2813,95.83005853623709,211.42770526227076,-253.23115515168638,242.0428369503231,-465.02570145142994,0.4881714422564454,0.20556879166365868
2814,100.84398387919158,205.83924506708829,-246.4467884605853,244.70636243321073,-466.24912329522493,0.4599926876650947,0.2236435997400912
2815,95.72028433647273,211.16467997609874,-253.08025081709636,241.93684765686174,-465.2429895443905,0.48878874909567993,0.20630279402209245
2816,93.31581551576025,213.48175266295758,-256.33461126389847,242.02334378933918,-465.9096268894126,0.5020652264622056,0.19942152191177553
2817,91.24725041937864,215.4010678020607,-258.8714760289557,243.017843429771,-466.6072692899277,0.5136106888480574,0.19419175510793465
2818,93.25718463734651,212.33608749839527,-255.43204692525111,241.77019187462824,-466.5704991307443,0.5023832712407803,0.20272453252472766
2819,98.4479340805671,206.3142663767282,-247.69705783930507,242.6192424842946,-466.393395269229,0.4735741422605073,0.22116634178037714
2820,93.93832607276474,211.09174288527606,-254.0453903912931,241.4858338462886,-466.6639905699561,0.4986280930876021,0.20630279402209245
2821,93.04497180950696,211.09823627578606,-254.53503743293822,241.51342760338076,-467.41097576695984,0.5035477650835632,0.20630279402209248
2822,96.6217469419922,207.80348376092218,-249.82970149546674,241.63440610049224,-466.4470139307675,0.4838491952323405,0.21621182586094892
2823,89.1412205319289,216.31456132268505,-260.20330442038556,244.58658564545846,-467.59018509008774,0.525668774583542,0.19226499891704596
2824,96.62878299125447,206.65775911738365,-248.89191285246974,241.38162592430828,-467.0543890100587,0.48384256794321434,0.21951483647390105
2825,92.18365982950814,211.70528920133694,-255.4561674912977,241.82928157190318,-467.8138692014957,0.508308414690237,0.20465128871561644
2826,89.10954653552014,215.7460210575452,-259.74456294063054,244.48502114852738,-467.91182681976966,0.5258277969728293,0.193916504223522
2827,92.15319526765924,211.133696399962,-255.00442658733192,241.70992686568732,-468.1443421859456,0.5084674370795244,0.20630279402209248
2828,96.63631307386065,205.511891464339,-247.95412323549564,241.12885202906173,-467.66176324754684,0.4838359406540882,0.22281784708685323
2829,94.99228427842016,207.20448393677435,-250.2734140926941,240.79477239621428,-467.89367614894223,0.49286583252113325,0.21758808028301233
2830,93.0445916044282,209.37869508897967,-253.1335167911433,241.1271195009878,-468.32915865499774,0.503537824149874,0.21125730994152067
2831,90.39170025105312,211.28180626924524,-255.81011560430673,242.5636818823774,-469.4556392563558,0.5183067810714466,0.20630279402209248
2832,86.76977398140679,215.98619756852378,-260.0421822580552,246.6282331055113,-468.81541380756676,0.5393612186988206,0.19429102591870656
2833,88.74088445167834,212.64771094035405,-257.2659046094657,244.09788994328727,-469.7657976957248,0.527828080284794,0.20299978340914043
2834,97.7482929451231,201.6306017177277,-244.20716001036246,241.00886828689968,-469.15904543019775,0.47775769168959437,0.23437838423218582
2835,86.3446183048151,215.48401618565777,-259.6058735725145,246.92119310946217,-469.2112541979695,0.5417317055066846,0.1959425312251827
2836,98.54495840521207,199.89598114330943,-242.42570992359072,241.26353160142577,-469.79366248507796,0.4733323878331316,0.23969990133083086
2837,93.04429124322547,205.9393788744987,-250.33045726497048,240.35449495055096,-470.16549585708975,0.5035179422824957,0.2211663417803772
2838,88.67646722226141,211.5111695749469,-256.3453903604353,243.89863483852636,-470.40486790343687,0.5281461250633688,0.20630279402209256
2839,98.52040942876137,199.5419351908521,-242.14799684941713,241.16290869517232,-469.99029755637923,0.47349151085463026,0.24070915457367736
2840,91.1052323731663,206.71969613737156,-251.84930383102616,241.13881088465524,-471.3529081223262,0.514181097525735,0.21923958558948847
2841,89.5085511384122,208.5254751950667,-253.7856117649911,242.55701699760112,-471.5239357317708,0.5232098848445924,0.21456032055447294
2842,94.25053369411984,201.57424025224424,-246.1119740723642,239.37798879087958,-471.48802009117315,0.4969633746481501,0.23373613216855627
2843,89.50145784488905,207.38013481630543,-252.8531426281325,242.3059978817826,-472.13957457266685,0.5232032575554663,0.21786333116742504
2844,94.15613289179211,201.09471211416707,-245.77481930841722,239.25889745397697,-471.8211421072757,0.49747702795556636,0.23511238659061962
2845,93.95437146812736,200.7733075039561,-245.62672839745653,239.16866687937627,-472.1586608348701,0.49856844748546714,0.23602988953866194
2846,97.46701846197391,196.81702244545,-240.42637432991984,239.720926168357,-471.8584301157424,0.4795219316209415,0.2481409284528197
2847,96.65613915832351,197.647790339682,-241.5343090128347,239.3755610513767,-471.84907951743673,0.4839611221722661,0.2454801699034972
2848,89.49433880941416,206.2346736516584,-251.92067452093514,242.05497197094633,-472.7552142877384,0.5231966302663401,0.22116634178037722
2849,94.70149886639717,199.07129913030482,-243.8136791490236,238.89492158299123,-472.46283260392494,0.4945494265201408,0.24098440545809013
2850,98.09927120889458,194.9904347505015,-238.62847011981148,239.7942980284383,-472.5639636550306,0.47607103386442656,0.2536459461410733
2851,91.86524222606317,201.7880295693756,-247.51783101242054,239.70589469510605,-473.37213415846367,0.5098908688497976,0.23327738069453513
2852,95.01599562664833,197.9859506283081,-242.74659114400933,238.73076342471302,-472.7969387593639,0.49286142540893246,0.2441497906288359
2853,91.98482927333268,201.30268577073923,-247.068799879504,239.55564468666276,-473.53205575079954,0.5092304981805187,0.23465363511659854
2854,92.13473647989986,200.81610542880227,-246.60371263734586,239.39858715827043,-473.6668827831305,0.5084077914773893,0.23602988953866194
2855,98.26799914355752,193.05634025664082,-236.97422981823107,239.49910724449265,-473.53614095905573,0.4752061468484004,0.2592885892715332
2856,89.87765775970558,202.36341097262212,-248.67967012406027,240.90712142682804,-474.5739236329298,0.5208853045018643,0.23217637715688444
2857,98.3281996411062,191.91888858583292,-236.01985168682364,239.29451068892212,-474.12320085141766,0.4749171303174259,0.2625915998844853
2858,95.68994542097914,194.15676910380336,-239.23467195876347,238.10633686203403,-474.34287596194656,0.48928794152094734,0.2552974514475494
2859,94.90893339615997,193.15512577874233,-238.87275242923863,237.61641341392095,-475.45830942478995,0.49350089971913796,0.2580499602916762
2860,91.3160755813756,199.15341281757634,-245.60084893100915,239.3390393012284,-475.2241725798415,0.5128305144381099,0.2409844054580902
2861,98.3890026132825,190.78147266569698,-235.06581239560606,239.09048417642853,-474.7108336698592,0.47462811378645137,0.2658946104974375
2862,99.45945775278982,189.4679175742985,-233.57024160634563,239.74637372333467,-475.1631959801687,0.468687544133106,0.27016099920583403
2863,96.03449245516254,192.84514099935487,-237.9690254214197,237.96497716046417,-474.8063474108995,0.4874661537990318,0.2591509638293269
2864,92.06883558493521,196.55190568997605,-243.15937321670796,238.4618721544934,-475.99848956950694,0.5087030432728679,0.24832442904242827
2865,92.26148871223697,195.29917243548755,-242.04880391084396,238.1229046788378,-476.50603541027937,0.5076476411464228,0.2519026905397931
2866,93.2025177600074,193.8968822387926,-240.43351739127255,237.6324466329578,-476.45980303793976,0.5026011880211263,0.2558479532163748
2867,95.12836828434263,191.54142705999038,-237.43022214888825,237.31643992698193,-476.15141163738434,0.4923491587490346,0.26272922532669174
2868,95.21452416698048,190.74971435821166,-236.73506579224014,237.1657349950086,-476.5089824502947,0.4919010191965615,0.26502298269679736
2869,89.40711695487653,196.7881851789667,-244.23598362661875,240.00547826689922,-477.8488429496695,0.5232935990988311,0.24841617933723256
2870,97.30636195073352,186.95615148118537,-232.47292643007646,237.39553631499473,-477.20166487870716,0.4807527108195234,0.2764917695473257
2871,97.76034631282499,186.15401708696209,-231.59020151935636,237.54685523861343,-477.41921783924465,0.47830904576762445,0.2789690275070398
2872,92.46339595937076,191.81819610367705,-239.11510441513195,237.28851169977239,-478.1947195252369,0.5065251296883424,0.2619034726734537
2873,89.17878735450796,195.86497664072493,-243.52275673951107,239.97913050593954,-478.4774728871457,0.5245373537587976,0.25116868818135935
2874,92.49837124149659,191.0525353339301,-238.4740988732415,237.1082874814391,-478.57441324484506,0.506332452001026,0.2641054797487552
2875,95.18551040274102,187.626968112179,-234.20729724572158,236.45485650761148,-478.19822785222107,0.4921039864860943,0.2740145115876116
2876,97.85169143818133,184.44686110393263,-230.15415917326288,237.234143626618,-478.29241491917713,0.47787552097116265,0.28392354342646803
2877,95.24303983623835,186.48398674369508,-233.24197004453669,236.21668476071238,-478.76523399960143,0.4918149699551198,0.27731752220056377
2878,94.39858916869673,186.44838656763244,-233.70132100000322,236.00172870341666,-479.4415183643596,0.49626877526245583,0.27731752220056377
2879,94.8359511859064,186.17620083634085,-233.22829523779623,236.03022701318145,-479.24008415752746,0.4939696184760441,0.2781432748538018
2880,90.9465764789696,190.71432551788348,-238.86272690934155,237.6288652738157,-480.0184495920833,0.5146328000417262,0.2653899838760144
2881,93.35339553586047,187.68322601864708,-235.28990449934994,236.22537147858898,-479.6487496692619,0.501777982696237,0.27373926070319893
2882,91.27909535438158,189.34661633513863,-237.62361022396612,237.15554037816054,-480.48849661926585,0.5128110123198105,0.26924349625779187
2883,91.26591468539769,187.50092018263683,-236.1242234548318,236.7473668151574,-481.484422525053,0.5128402418318333,0.274565013356437
2884,94.92187488879085,184.46003345492286,-231.7799095729052,235.66686724872,-480.0893729521089,0.4935360936795824,0.28309779077323005
2885,93.23196076526474,186.2837730300256,-234.21424438429386,235.91976794018967,-480.4986250559989,0.5024144747822317,0.2777762736745849
2886,96.93524706463519,181.6488849353746,-228.34440446913092,235.9561633736674,-480.23026781279475,0.48292711390143417,0.2916553858927159
2887,94.96517345839794,183.6020670893416,-231.055682212308,235.48581087649612,-480.5140282541938,0.49331933128135147,0.28557504873294415
2888,93.69166605508201,183.57190521797,-231.75647361893527,235.29383435218978,-481.55959697216525,0.5000000392423555,0.28557504873294415
2889,93.17054191248997,185.58417281229268,-233.67642379115335,235.768199753036,-480.9237025310378,0.502732720825229,0.2797947801602779
2890,92.06668292415588,186.1693407518469,-234.69914461483856,236.13130695233409,-481.542976476549,0.5085601743020074,0.27823502514860604
2891,97.97943053774351,179.99565263021753,-226.46617716875525,236.33521107614445,-480.61773154146846,0.4773598530432607,0.2967960345823411
2892,90.52371061121954,187.70013593130494,-236.54795496190167,237.19302480215597,-481.9450192642432,0.5168312928306847,0.2741980121772202
2893,89.79013730505758,187.91508625886235,-236.92283035699685,237.72915904740978,-482.34056021451823,0.5208223438295362,0.2738310109980033
2894,92.81465129193904,184.1597222297122,-232.7006617193811,235.49637358704132,-481.9860159167288,0.5045983528151787,0.2839235434264681
2895,91.141017816411,186.11058234847516,-235.03901310837534,236.495797837948,-482.32527596414445,0.513476733917828,0.27860202632782294
2896,90.2263308994606,186.07789032894627,-235.31419204327963,237.0172738761115,-483.0252163512117,0.5183932935336486,0.2789690275070399
2897,92.68157617506719,183.6278504949075,-232.33426059359488,235.4014901406262,-482.3825975114194,0.5052924834603566,0.28546900945780157
2898,88.09583054052601,189.53456896545845,-238.4577924155013,239.4929605447682,-482.3941523511086,0.5303226022621685,0.26988574832142154
2899,93.69109188324768,182.42069110569778,-230.8182084920496,235.03519043330303,-482.17408767085124,0.5000000365171919,0.28889159627463784
2900,88.25172448972017,188.8408754825924,-237.8857494165385,239.19731248574422,-482.69539503514847,0.5294117084012109,0.2718125045123103
2901,89.38677957966664,186.75881784120193,-236.06393041596408,237.77289901234306,-483.21232767254673,0.5229916071064719,0.2773175222005638
2902,90.44158958699236,184.24058583764395,-233.75406164126014,236.46802888535743,-483.85261894051024,0.517178766205574,0.2841912737949132
2903,89.7014128584708,183.99760333456993,-233.74997144671264,236.91631908278643,-484.48998145602616,0.52116981611436,0.2851508916323738
2904,89.5062869903928,185.45383071480146,-234.97779597441703,237.38884908519003,-483.8358488758635,0.5222880045987763,0.2810296488821512
2905,89.27902644200245,185.6643222763974,-235.19066287298918,237.61237837053466,-483.8610613995948,0.5235412294861624,0.2805144935383734
2906,95.33078395853815,177.4432369682246,-225.82382058753072,234.2159237462294,-483.5251523564307,0.49148852360444384,0.303373853873367
2907,88.88926261565825,184.11164434381175,-233.98109549383955,237.5825468068679,-484.90897478834455,0.525623621421696,0.28515089163237384
2908,88.83538624187003,183.56513340070754,-233.54164648279934,237.50565167710306,-485.2294050487005,0.5258984326115412,0.2867493773012786
2909,89.18488290461366,182.95869614223494,-233.00050496327285,237.0810902481938,-485.35993864637555,0.5239463411477185,0.28834786297018333
2910,94.53333039637576,175.29647527396853,-224.53565511518886,233.52011972121213,-485.2857370736375,0.49564605095194925,0.30945419103313876
2911,93.6899892479127,175.2831531333899,-225.0009647179994,233.43159825698936,-485.9839300341945,0.5000000196211779,0.30945419103313876
2912,95.3781675809866,173.95412362007744,-222.9522908654518,233.44902332790653,-485.3522088358736,0.4912920790125243,0.3134340480831712
2913,88.85437267242779,181.72309117517452,-232.0380244168483,237.07609224059533,-486.20172299713175,0.5257057523807389,0.2920468287488274
2914,92.04927186374755,177.44339333022532,-227.59518054977696,234.1767103280502,-486.2133319983473,0.5085115256301782,0.303373853873367
2915,92.84660605643964,175.29656751758583,-225.46001199444683,233.49965721574304,-486.6885222058793,0.5043539882904066,0.30945419103313876
2916,93.68992526511903,173.9016411943721,-223.8750465703494,233.12122560064847,-486.7213188843373,0.5000000163509817,0.3134340480831712
2917,92.00165371568593,173.95412298076553,-224.77320153868567,233.40871168472444,-488.11558549118854,0.508707953689439,0.3134340480831712
2918,94.73384431744799,169.77731632833073,-219.92182609446218,232.32233044091,-488.0723158159678,0.49465876960651783,0.3253736192332685
2919,93.68992611992621,169.75707714593509,-220.49729213072675,232.1901076735214,-488.9334854440813,0.5000000065403929,0.3253736192332685
2920,95.6528006117673,168.67595465836075,-218.49186447210977,232.36849453862823,-487.97049615976596,0.48995953177241003,0.3286901667749622
2921,100.0618782659726,163.62073592027804,-212.31279694521047,234.511574788135,-488.9033772631741,0.46688851473670795,0.34490740740740744
2922,97.77939495811212,165.67872131224806,-214.8950568633456,232.9648779346749,-488.3431496932654,0.4789844155291887,0.337962962962963
2923,95.60712831020473,167.75175403690133,-217.76481507426195,232.1426711456332,-488.495977937289,0.4902077339229942,0.33134340480831714
2924,95.74297665152741,166.53516425514226,-216.69472498134314,231.92537136161326,-489.0492936530837,0.4895318350215723,0.3348765432098766
2925,95.00597524938036,165.9538770963813,-216.64865250121505,231.53350839483235,-489.9011254371523,0.4933069685334778,0.3364197530864198
2926,92.64602181913358,169.7773721856205,-221.06319335696264,232.29706257189306,-489.80443133388155,0.505341243474268,0.3253736192332685
2927,91.72706025255272,168.676038031874,-220.59310588568803,232.3219739557719,-491.15929669393086,0.5100404758580486,0.3286901667749622
2928,98.84911890899583,161.01370380243813,-210.6165416614793,232.8059757930352,-490.47957527200174,0.47350855615776677,0.35185185185185186
2929,98.02856345934579,160.89160309162384,-210.87450264804156,232.0846557137792,-490.79830768241754,0.47785503606192486,0.35185185185185186
2930,98.70579696869285,159.38462725270568,-209.34682840895746,232.3134688984554,-491.3848268630152,0.4743468393188145,0.3564814814814815
2931,93.8390484186369,165.92261309041444,-217.28992641739808,231.3329900276111,-490.8553693898849,0.4992416762377834,0.3364197530864198
2932,100.34231065671577,158.84709353104154,-208.33478510039333,233.70732003251598,-491.43091474498243,0.4656829371218438,0.35879629629629634
2933,91.77266962446609,167.75186718771852,-219.82040215764545,232.09716112652822,-491.6154943829895,0.5097922693472028,0.33134340480831714
2934,96.27154676087467,162.56074393196508,-213.15479039681375,231.28258889535505,-490.81651591273464,0.48691067245217073,0.34645061728395066
2935,96.35069275854846,160.6931851780809,-211.5881338298983,230.9050491404048,-491.76299504051957,0.486547995870241,0.35185185185185186
2936,93.81293883957969,164.8509705504366,-216.430975889052,231.09119173131063,-491.44870755229465,0.4993735586312125,0.33950617283950624
2937,97.15385760245222,161.31403610262856,-211.65588525433455,231.53311986576398,-490.96812280947296,0.4823974598632267,0.35030864197530864
2938,100.19539369610474,158.01911230339303,-207.7066035127214,233.3823072161377,-491.88567933136187,0.46649913565240453,0.36111111111111116
2939,97.19486731779946,160.7832134053573,-211.2017303491693,231.44168801449194,-491.23027847617783,0.48220151596608296,0.35185185185185186
2940,91.78474749518276,166.52473806856509,-218.8149553595231,231.816972558914,-492.2606640716426,0.5097098412162115,0.3348765432098766
2941,100.31166445908352,157.50293099203506,-207.2495038043614,233.3765967233185,-492.15207323806663,0.4659217977387151,0.3626543209876544
2942,94.50827684577587,163.25615391192497,-214.73782303285677,230.8107759797738,-491.73196269684166,0.4958621899061651,0.3441358024691359
2943,94.02200500317528,163.7814016394329,-215.4425171189913,230.8636656004362,-491.8466660282163,0.4983184994837805,0.34259259259259267
2944,97.88039183852125,159.26404329400418,-209.61860998102702,231.60191007017778,-491.72555647350686,0.4786933192229726,0.3564814814814815
2945,96.3489311225298,159.88962043064737,-210.9340002524921,230.72370237019086,-492.19292111307504,0.48657430980997757,0.3541666666666667
2946,96.26508867345862,158.72148693979105,-210.0292081614513,230.41662433300445,-492.87023337745427,0.4870304030872528,0.3575102880658437
2947,90.97228919501603,164.4484916242538,-217.44595502318373,231.71664638951998,-494.0165707559781,0.5138311660108681,0.34104938271604945
2948,91.30520690631897,164.9541434095758,-217.73308549119798,231.66523947501935,-493.48604635814036,0.5121331801954696,0.33950617283950624
2949,96.5928296958206,156.96730005629496,-208.41652638985627,230.2031247442762,-493.60315584601193,0.48540385356829513,0.3626543209876544
2950,90.96416601419403,163.02090873034086,-216.28520642631324,231.4001464807325,-494.78475900784264,0.5138379269010711,0.345164609053498
2951,92.70342919620643,160.94136165207937,-213.8324335202215,230.30031925777158,-494.4713506637998,0.5049654554978685,0.35082304526748975
2952,97.4871370319287,155.7306437078028,-206.93259174397681,230.51255949080405,-493.7835031009878,0.48085113120318546,0.36651234567901236
2953,94.73658517538004,158.3542998427387,-210.6108351457549,229.75661678538256,-494.1679597476997,0.4947521797614709,0.3582818930041153
2954,89.31511637978758,163.39622536595252,-217.03316245087268,232.58398488699075,-495.7213030125442,0.5224282420267764,0.34465020576131694
2955,89.1966002099906,161.98479196023482,-215.90224756239027,232.3618801036888,-496.5444289809894,0.5230007897256146,0.3487654320987654
2956,92.38183192187088,159.34747203089393,-212.69168889076624,230.01523375184684,-495.59369764479993,0.5065727721677846,0.3554526748971194
2957,93.10424852854544,158.42898771485693,-211.58026069289778,229.67471878729825,-495.4727151158844,0.502934383253796,0.3580246913580247
2958,94.48857745605875,156.82787635435457,-209.51021465243,229.3627508523154,-495.1799493592168,0.4960105575987728,0.36265432098765427
2959,93.65228889203547,155.74440313544497,-209.09910111919766,229.0417362932046,-496.4458709932093,0.5001978235901441,0.36574074074074076
2960,92.10774136863313,159.27237897806316,-212.7592638311052,230.0764842290292,-495.862907723528,0.5079509848717507,0.3557098765432099
2961,90.00759759767627,161.39986268128217,-215.25864825300692,231.62277982254565,-496.3459696479707,0.5187375801776675,0.35013717421124835
2962,92.03762211041189,157.87764817583252,-211.65518320821005,229.78586936882158,-496.66642582875613,0.5082897078775088,0.35973936899862824
2963,92.31776960002043,156.3145044666223,-210.25065110323135,229.35085229654993,-497.2657654725574,0.5068578844583091,0.36419753086419754
2964,93.04150209442528,156.4662290891796,-210.01380623664954,229.24131225462267,-496.5741037530734,0.5032421088384638,0.3636831275720165
2965,94.01187506414783,155.076272708448,-208.35448623186477,228.90703140033898,-496.5026001091474,0.4984009259796738,0.3676697530864198
2966,98.46094843902779,150.5081331986172,-202.21657259332991,230.1084145490442,-496.1917556112336,0.47601392086617605,0.38194444444444453
2967,89.05910954000709,160.69517979934025,-214.87178220475136,232.184633234814,-497.3110726060521,0.5236776698276986,0.35253772290809327
2968,88.19858588314662,162.1372999419831,-216.1180506862156,233.25457059484216,-496.9631577534421,0.5283293387317406,0.3487654320987654
2969,98.44985449456884,149.70255440769654,-201.5656461128543,229.91668630283144,-496.62550061656145,0.47611283266124793,0.3842592592592593
2970,98.31517930830464,148.47754805043033,-200.62624449098473,229.52894348489872,-497.32215314122135,0.47685417091108884,0.3877314814814815
2971,92.21559511787385,154.5793532548943,-208.88501074317372,228.99009286267756,-498.27903876185115,0.5073557717629783,0.36921296296296297
2972,91.10604044905403,155.80483899106116,-210.35338166225515,229.706774709383,-498.52662149123796,0.5129539902177478,0.3659122085048011
2973,89.91094155878437,155.34065324810004,-210.34528002370905,230.3306641492622,-499.6462710968858,0.5190500959771863,0.3676268861454046
2974,88.77547971610724,158.41676087974628,-213.04887703131865,231.91125225645257,-498.6800923313288,0.5250844153576082,0.35922496570644713
2975,87.63036983030781,157.58823331204138,-212.41234853402236,232.758905359006,-499.6153659873618,0.5311428297915596,0.3621399176954732
2976,92.21756667992753,153.90978377953738,-208.33844814648293,228.8391704212735,-498.635125104051,0.5073392864637997,0.371141975308642
2977,88.95766623811238,157.73399738414082,-212.47199719336342,231.60374395058986,-498.94747062831044,0.5240907181571186,0.36111111111111105
2978,88.76887792817146,157.22632967970796,-212.08035775673477,231.650449901326,-499.3186813050316,0.525071593458247,0.36265432098765427
2979,88.73578979894015,154.91069267503758,-210.19596268566644,231.1587166826443,-500.57205066907727,0.5251462017366249,0.3693415637860082
2980,88.48284050343395,154.94968883756198,-210.24802398051483,231.38733693682696,-500.6744149332341,0.5264783389881564,0.3693415637860082
2981,89.90107451292428,154.56811829165537,-209.71803676515424,230.16399603244577,-500.0651308881032,0.5190749654033122,0.36985596707818924
2982,100.19720792136505,142.92708803029544,-195.41189821035158,229.9960600010563,-499.9515829670572,0.4673415676974706,0.40459172622915074
2983,91.91132368682452,150.98150001851963,-206.09182900001954,228.27965638733548,-500.45305492323826,0.5088273490464988,0.3796296296296297
2984,91.86887451053818,150.4038900771116,-205.639982544139,228.16500481476362,-500.79649936675287,0.5090306677363685,0.3813014403292182
2985,84.83698242960125,159.18553342964339,-213.4971833031736,235.78828752913765,-499.5544994726097,0.5456624917558511,0.3589023355714375
2986,98.06149327804388,143.26229205540804,-196.49075347248584,228.15003022718506,-500.19516769060465,0.4783478222409209,0.4026525611869174
2987,83.417580438442,159.9934958169061,-213.9127083388535,237.35291907426293,-499.3362880327465,0.5529223227379969,0.3572835445094197
2988,97.69885674214724,142.8107098621032,-196.29713064500882,227.7660834320685,-500.5831307023475,0.48020083240754785,0.4038099685943248
2989,98.04733256212063,142.09807493968808,-195.54861911174734,227.87753349098597,-500.8213503185537,0.4784596689098478,0.4059995668182791
2990,98.03473901050788,140.17468058730222,-193.98632837118592,227.4357815578574,-501.8522960075728,0.4785889427333982,0.4115361706735952
2991,90.20641025527286,150.33477244060163,-206.1884306579074,229.00329367192262,-502.11596525593205,0.5173800473382688,0.38194444444444453
2992,98.9477505283858,140.9355913289647,-194.21316529230174,228.38381189431985,-501.1725046649133,0.4739004738760596,0.4097374512670538
2993,85.95018382349446,155.326729414499,-210.4806073478347,233.84339513204822,-501.3572399834476,0.5397171512108963,0.3694694125574558
2994,84.64539757548354,155.5289923016992,-210.48662216614343,235.151306302513,-501.5391706915882,0.546336557322266,0.3695333369431796
2995,98.79915075808854,139.33269987176877,-192.96547537109447,227.89054259853137,-502.0622927756538,0.47473713443343873,0.41428867951772036
2996,83.43680226008709,156.77586938311788,-211.29409426497404,236.60920206297817,-501.0509681412627,0.5525266755577098,0.36654280376867887
2997,85.0874226630917,154.20280445523994,-209.46740998660155,234.42333540823242,-502.16008019731146,0.5440043119205645,0.37313415998844707
2998,86.31975035880302,153.12108456233403,-208.7120038587792,232.99230774080777,-502.4295006656984,0.5376772034219962,0.37564225206362867
2999,97.20113478977662,139.9179480184081,-194.19187084589495,226.75892487746472,-502.36231365917064,0.48278093138491535,0.4119637120063512
3000,98.44088295511754,138.11654727475673,-192.1242486970972,227.30799185865112,-502.8103199777907,0.4766075717546891,0.41763568514908206
3001,93.58239120665687,142.48625512354516,-198.33064005644192,226.06339728680493,-503.5786675065655,0.5005208729150956,0.40393518518518523
3002,94.67444997212615,141.32806156485333,-196.76987767948617,225.91800273156446,-503.3035716884973,0.49519615034448194,0.4073239296801672
3003,94.78757898972958,140.94517954925752,-196.39239003277063,225.85792988059592,-503.4190036639781,0.49464723568334973,0.40843959822395437
3004,85.20242829220936,152.21850165414082,-207.8639588993759,233.86583405731236,-503.192625628938,0.543276635638916,0.3787925962024389
3005,98.19345024381599,136.93401075800205,-191.27210236234976,226.8348274979796,-503.5236965948143,0.47791227171987366,0.4209358755685465
3006,97.30539847426097,137.75460002257753,-192.37536566856986,226.34402569973085,-503.4644598393082,0.482329817375899,0.4182301819363187
3007,94.59726114478227,140.3570981297114,-196.02341814413805,225.683536139753,-503.8833848588513,0.4955824543439749,0.4101131010396352
3008,94.0359259072851,138.78163414677846,-195.05916309629714,225.24839714183824,-505.1782204040533,0.49831435359199333,0.4146135658075222
3009,85.61485867895954,150.97932407987932,-206.90107225536866,233.1880586428196,-503.7575526362943,0.5411076943963432,0.3821580270979222
3010,96.5637388287613,138.14929045181074,-193.09564424668923,225.95956566154354,-503.66243329840603,0.48599275983884127,0.41685392751425626
3011,96.43965423186047,136.76925843020098,-192.0399056467128,225.57910904527262,-504.47545726502904,0.48663728952945123,0.42079542993285446
3012,98.10521174104173,135.8952466776461,-190.4661811740997,226.52933660498684,-504.10996061918024,0.4783956689878312,0.42389200238249525
3013,97.89245502414387,135.6423779499465,-190.36112308567007,226.30335799471666,-504.3269677065826,0.4794725370262193,0.4245333143816292
3014,97.80320509954936,134.60394775842286,-189.55816857407058,226.00039043318463,-504.9179970791879,0.4799559342941768,0.42748944119557797
3015,97.12344524121254,135.6804815886492,-190.78049792631182,225.7527309336765,-504.6647876906009,0.48329661191181406,0.4241424355642162
3016,95.01591526170435,138.03646344342255,-193.889790170084,225.26465472594575,-504.794542239415,0.49356361634488666,0.4168471590498865
3017,94.21081507336513,137.5335794142801,-193.94330065953997,224.98639747944563,-505.7010113471931,0.49747153038798986,0.41821664500757955
3018,98.56549507612667,134.5774925624592,-189.1879985235329,226.6165707664758,-504.6616236974907,0.47613185940858205,0.42788032001299103
3019,95.32903068306337,137.13019020195094,-192.96979485042388,225.15994749284363,-505.0426058115245,0.4920544099587205,0.41950603747021703
3020,95.56188587744049,135.80677732238644,-191.7567332933151,224.9481531252447,-505.5795405727835,0.4909447616830035,0.42336067792939025
3021,98.68950381442417,133.79295335662886,-188.496400794532,226.54730340755233,-505.04600384994893,0.4755383886381515,0.4301951348278058
3022,96.34660108998784,135.73422910830368,-191.24899748051217,225.29538927174687,-505.08675163025566,0.4871206867974088,0.4237515567468032
3023,96.25305906611752,134.69926618184766,-190.45883704553572,225.01309725679687,-505.6993275557955,0.48760408406536637,0.42670768356075195
3024,97.03195238152571,134.64339377625197,-189.98434011921074,225.458682172855,-505.2670535213584,0.4837800091797716,0.4270985623781649
3025,93.00693242801876,138.6098075762274,-195.4786088932552,225.23407012055992,-506.13340702936057,0.5033100624192609,0.4151257129449134
3026,93.09331432955321,137.9823813312481,-194.92236263291204,225.0824771330758,-506.3952699927934,0.5028886508172592,0.41692725254494206
3027,98.34886295760977,132.76049586630452,-187.80166244448853,226.02384336360623,-505.69789447404395,0.47729647753464055,0.4330209687026169
3028,97.10736403140773,132.55393141379625,-188.24243468453443,225.03799621719426,-506.34244716962036,0.48347211208715496,0.4331411089452002
3029,96.85682882584949,134.1329699194604,-189.663047321088,225.2314866841895,-505.63614103188496,0.4846590536280161,0.42851147931557054
3030,95.46648649947022,134.77418761474564,-190.97116783377862,224.67936500859904,-506.20047279213634,0.4914281589509611,0.426316804743339
3031,89.59316904185411,141.1263716802145,-198.8327146627944,227.36823371942873,-507.43958139757746,0.520193041976377,0.40869341563786027
3032,96.16033036153316,132.8156702899885,-188.9771054926829,224.54212050294566,-506.7653800993857,0.48809864304072514,0.43210891812865326
3033,91.97597296612176,136.86984695118406,-194.56276724216465,225.0871066303881,-507.93076555996896,0.5083057712465284,0.42026748971193423
3034,98.79534464992574,130.01573608262,-185.37449074455364,225.79086197083572,-507.0338346322525,0.4751613631566127,0.4411222565157712
3035,97.35643057207461,130.97710079556612,-186.82634677339664,224.8551562621734,-507.05671277758097,0.48228517054629383,0.4377707385748298
3036,96.16383848656521,132.01250540883083,-188.32061830083913,224.36323526390413,-507.191979300602,0.48809864304072514,0.4344237329434681
3037,98.92710734220141,129.411473673493,-184.8293176266936,225.77211483319354,-507.3253280895763,0.474522822145269,0.44292266803840497
3038,94.15369480402745,133.72363827640945,-190.87278685731903,224.1237405720466,-507.78252061999075,0.4977728815882422,0.4291860695978627
3039,93.22220399716801,132.4734860679903,-190.36715095199747,223.83230582403235,-509.2283539378961,0.5022568829648286,0.4327868926431302
3040,98.43028894928693,127.39476360042133,-183.39288807953457,224.88555816521838,-508.5343315856498,0.4770959742714794,0.44851059941520194
3041,96.69993761296955,128.85069514055888,-185.4438680123766,223.9479206399665,-508.5456104239778,0.48555845450821544,0.4436796079705425
3042,94.2445981785724,131.01662781947908,-188.6156482713795,223.52642095858533,-509.1539056410708,0.4973517049478654,0.4369889809400038
3043,94.32192387910712,130.5127322986454,-188.16074147459616,223.4239340460651,-509.35966466916113,0.49698158722766805,0.43844532885712195
3044,96.54673851409831,128.29987866557374,-185.07970110203473,223.73451847966808,-508.93107939449754,0.48631605204093165,0.4452211257309933
3045,96.37608284156451,127.9713500472916,-184.90737035117542,223.56590137786097,-509.21195581846894,0.48715002624826304,0.4461196393762178
3046,96.30765446078861,127.36227402406175,-184.44955640536296,223.39245783454786,-509.58042464905435,0.48749372128403146,0.44785575048732884
3047,90.15379944630746,133.28650895099003,-192.31119464996092,225.20862009143184,-511.25433379109074,0.5171616250131601,0.43107221500252685
3048,91.90982496047701,131.16033917772788,-189.93983759455855,223.82764616672313,-511.0346782856186,0.5085558702737076,0.4367283950617285
3049,90.03270202861512,132.85448861474015,-191.9911095857926,225.19378190665032,-511.568460413636,0.5177481247454184,0.43235935131037456
3050,94.61548265242703,127.83646022523925,-185.81106820514523,222.87411091323867,-510.55306156963155,0.49559592887232423,0.4461805555555556
3051,90.14693333041427,132.51352815600555,-191.6831447339653,225.0394289539164,-511.6717111274043,0.5171733200974875,0.4333012959353115
3052,90.21385062988693,131.96981753360032,-191.22167792648307,224.87256205713132,-511.91508574192466,0.5168271288147364,0.43484450581185474
3053,94.05529391515276,126.75169517735469,-185.24623220878505,222.54746262288614,-511.58477852414813,0.49826654733926173,0.449266975308642
3054,88.31758021951478,132.91940936408642,-192.30504614499532,226.5838957493628,-512.5116805899529,0.5263403659767361,0.43288052306692604
3055,93.50400734921124,125.74495497656216,-184.73183804694443,222.30418579016822,-512.5814224273419,0.5008902061556462,0.4521604938271605
3056,94.4414211345761,125.21961778330291,-183.77815640674226,222.25357045860196,-512.0885315589509,0.4964391753774169,0.4537037037037037
3057,98.10643209742216,120.61040135427132,-178.00907667730343,223.09374504191018,-512.2635725200997,0.4789310380043303,0.46791747888239066
3058,93.57661592012334,124.53929625756811,-183.70961980544547,222.03182332342064,-513.1639365463558,0.500544014872895,0.4556327160493829
3059,95.66165884831426,122.39973550034244,-180.77443756105268,221.97539670553752,-512.6641867111196,0.4906716605645072,0.4619984567901236
3060,93.60486128691034,123.2003225776435,-182.60258667320477,221.73065644658945,-513.855040451042,0.5004088041501555,0.45949074074074087
3061,89.73954621599592,126.03875821990349,-186.50735216689029,223.86845058962717,-515.4009528018562,0.5189769844191011,0.452099577647823
3062,89.52195456522415,125.13009913840006,-185.81284403171904,223.8265585038677,-516.0241144609985,0.5200155582673546,0.45480019493177365
3063,92.51485784341426,120.41303051176561,-180.89786801953534,221.23604681749674,-516.2627425178271,0.5055390605240189,0.4675925925925926
3064,90.97403366832967,122.05149791623515,-182.8954084739808,222.19050853611006,-516.6455973699312,0.5128821171345683,0.46317955382282866
3065,90.09922425011098,122.84526939350803,-183.81748501726554,222.8964663093723,-516.8639252620121,0.5171223882615057,0.4611659356725144
3066,89.98161407745735,121.55015613295248,-182.79209969168645,222.6853878591505,-517.6355535756952,0.5176534670732521,0.4649393545592373
3067,90.88615388989638,120.98852873019683,-182.06029531253287,221.9980891564856,-517.2801837937632,0.5132777643148554,0.4662659735759149
3068,88.75556908924625,122.13559872735809,-183.48747016333823,223.7713348773161,-518.0583234923997,0.5236718621644234,0.46374472059779004
3069,90.34484123934172,120.20450486927732,-181.5969142457493,222.14112172249335,-518.1004822810189,0.5158612628743408,0.46868908382066254
3070,89.58495963512092,120.72287907358077,-182.2087208843655,222.78651181332418,-518.3367026621796,0.5195563749548546,0.46747076023391765
3071,89.24804910255821,120.36740672034395,-181.9816303017836,222.9676188004754,-518.7312398355025,0.5211884195735386,0.4686281676413251
3072,89.03007081284153,121.66299236843909,-183.0699143136313,223.43492554100138,-518.1635028672272,0.5223000330945672,0.46498673380983263
3073,88.83338707497944,121.25257022033423,-182.76018777775803,223.50643538556227,-518.4887934531013,0.5232514870353684,0.46625243664717275
3074,89.64311783666929,119.39807537792444,-181.11748970879242,222.4448664713278,-519.0065832682492,0.519229587763826,0.4712627923976605
3075,94.53611438084388,114.10531015206735,-174.6661400992152,219.77423190499874,-517.9428144737369,0.49605229951037544,0.4857253086419752
3076,91.32427352943918,117.39915607474015,-178.97170286344198,220.9722468485235,-518.8529529384523,0.5111209376723185,0.4764897390080138
3077,91.29855849350682,116.53090992151576,-178.27427430130277,220.7890749512767,-519.3371034936841,0.5112280921169794,0.47899745505739644
3078,98.26958526042132,109.09364116803997,-168.5489786652466,220.63312652068012,-518.3499609276546,0.47855746191519954,0.5011574074074073
3079,87.86704236931254,119.87122669277764,-181.68140927632942,224.0589338891086,-519.6607600314616,0.5280022887088007,0.47067393599739976
3080,91.13735135296344,115.33956226060005,-177.36570854524996,220.59876213842844,-520.1006906563402,0.5119699305800176,0.48246967727961865
3081,98.25432902450183,107.48464662019296,-167.24381401452993,220.2590633495557,-519.2133725932558,0.4786826876500078,0.505787037037037
3082,90.59852895003226,115.02008092335433,-177.29409582775563,220.81946431502712,-520.6828285748657,0.5145177109912826,0.4835424788823909
3083,89.90919088596547,115.45641156354733,-177.84518525813226,221.3655509652507,-520.9368856521962,0.5178254185410988,0.48251705653021393
3084,89.3831452349578,116.12101420596372,-178.49844651289786,221.90540066235775,-520.9174725530852,0.5203822432901202,0.4808046350444006
3085,88.19536056251965,117.25184664935836,-179.54533128913306,223.16709743819627,-520.9306617256517,0.5262467755889578,0.47806679120641016
3086,89.22662698176077,115.90447655690926,-178.34894753233428,221.98003996480827,-521.1259668125532,0.5211331260909149,0.4814916341780369
3087,98.25230295679133,106.68093120265385,-166.58933927733526,220.0768538683723,-519.6426924637444,0.4787180763216612,0.5081018518518519
3088,90.21802395518569,112.62252160844534,-175.45536769387664,220.51835778672674,-522.2379872033556,0.5162725936656392,0.4905715291314705
3089,96.68832414633087,105.27940346678488,-166.24061510766802,218.64221994239162,-521.130654529275,0.4861514384339397,0.511574074074074
3090,89.5218492175423,112.47266422543424,-175.49971913398926,220.9781199544041,-522.7802500497465,0.5195951831382996,0.49125852826510696
3091,89.25381247394688,111.84030973011392,-175.0333566777469,221.04437089200056,-523.2803033044667,0.5208645511750538,0.49318754061078596
3092,96.0902308295891,104.55398578730191,-165.9844851804347,218.15642123521985,-521.894107918892,0.48894985705635485,0.5135030864197531
3093,96.80133545897638,103.28274679515599,-164.55088698681928,218.2615390894424,-522.1301885773922,0.48566595419049785,0.5173611111111112
3094,89.26855372742563,111.03469154513101,-174.3744285327375,220.8512697129315,-523.7017475780614,0.5207656393799821,0.4955023554256007
3095,90.64217603194078,108.69978893825339,-172.12979267921716,219.37315727219817,-524.0247423969292,0.5141691146440299,0.501736111111111
3096,89.90152147335357,108.1829550880388,-171.92056868343983,219.73519530721566,-524.8254590129364,0.5176557554203095,0.5034722222222222
3097,88.43168817840117,110.53464752831707,-174.06332853828766,221.44209793468718,-524.4120120574169,0.5247933762366124,0.4973044590643271
3098,88.09478443748029,110.45376831339576,-174.01045384965576,221.72661275963802,-524.6025771052667,0.5264334066408645,0.4976927997076018
3099,87.74248825322647,109.5736255475829,-173.2904660194664,221.85478379103947,-525.2058831257151,0.5281228929426525,0.5003959551656912
3100,89.11620633545789,107.77538560633948,-171.74287102108343,220.23969706290225,-525.5303997681401,0.5213838380991807,0.504954515919428
3101,88.33906379195341,107.37926343971796,-171.49773986057934,220.81365047269506,-526.1399130520339,0.5251119207780517,0.5064368096166336
3102,89.09999612777881,106.05832949592485,-170.34595374559416,219.86645282166626,-526.4569069715492,0.5214027284628607,0.5099090318388559
3103,88.43463130220093,108.52533272627315,-172.42608583316118,220.986625048563,-525.4837121684922,0.5246944644415406,0.5030914961013642
3104,89.88755352530816,106.46529648581051,-170.52407621035343,219.35875079759234,-525.7522865266018,0.5176746457839896,0.5084267381416502
3105,98.58832813094317,97.35107792774039,-158.83626052751785,218.26035693119744,-524.5105494494541,0.47744565509464876,0.5351181773879125
3106,97.89941187571505,97.02944829188917,-158.88814910148764,217.6235089836267,-524.9232681493434,0.4806951349031473,0.535757797270954
3107,93.30956564064013,102.17607294598108,-165.62870628536723,217.01878878739888,-525.3249155017572,0.5017474417129346,0.5200617283950617
3108,90.02630947721693,105.57728178568263,-169.76558300894064,219.06181427470662,-526.132064693876,0.5169905058680766,0.5109344541910329
3109,98.86097648373372,96.8265412882283,-158.29558086695064,218.37993437921668,-524.7174850505386,0.4761746840352509,0.5367493773012757
3110,97.10345587467164,97.31001927389966,-159.5204463108355,217.11168386443086,-525.1489189768204,0.48439629627440295,0.5346613060428844
3111,97.20325754840422,96.71901564283854,-158.98572538611805,217.04612204997767,-525.4114687923017,0.483944614711646,0.5363974171539956
3112,88.32090353201966,105.66243972362736,-170.09996056019716,220.4436254530857,-527.0654373680353,0.5251308111417319,0.5113913255360616
3113,90.99760154935234,102.49660369666654,-166.95066313072837,217.7823269669333,-527.0658107119897,0.5123765679597571,0.5195067143166556
3114,90.2930782736704,102.22678533078732,-166.96246002787652,218.1313639195397,-527.7350385470536,0.5156532507729119,0.5204949101147929
3115,89.89114710238593,103.65218632130481,-168.23097033871602,218.72295721022067,-527.2513883320919,0.5175757339889178,0.516528589993502
3116,97.97812497089457,94.82310561605163,-157.05105857850933,217.1888405488668,-526.068744240666,0.4803925610019889,0.5421472276369921
3117,88.24921431697456,104.46882654400855,-169.13046733906526,220.23907078568223,-527.734977420141,0.5254275465269471,0.5148635477582839
3118,90.63676740058949,101.19268975600215,-166.01359270124925,217.68795037378936,-528.036249880302,0.5140250978776196,0.5233647390080136
3119,90.14916128102485,101.70816782709426,-166.58012721424342,218.10867739872845,-528.1133397492339,0.5163126627400569,0.522038119991336
3120,89.59300666400728,101.97139219944265,-166.9284154348229,218.56135120919024,-528.3428239662552,0.5189299335860666,0.52148310591293
3121,91.68358308908978,97.99767182409329,-163.01226312934244,216.4591411167345,-528.9196047112082,0.5091427017708829,0.5323024962096599
3122,89.10841957318638,100.49053747688066,-165.8085316416167,218.60582122051125,-529.4249279354009,0.5211680425509679,0.5259435239332894
3123,89.06775879883801,99.5888043771231,-165.07953463349642,218.43604016239925,-529.9299479337577,0.5213309496810583,0.5285595354126049
3124,97.83870894661501,90.82775426603746,-153.86240302865588,216.18052864822755,-528.2567709309596,0.4811654388347943,0.5535994693523906
3125,98.61820696061979,90.02940761356322,-152.8552556631076,216.63773514404437,-528.405948366202,0.4775673494700888,0.5562205571799832
3126,98.65382851759536,89.27532785971451,-152.22532960309405,216.4987457921407,-528.7978853089819,0.4774274219929148,0.558408463287845
3127,88.7834268619161,98.97545856509214,-164.6160066258717,218.5348027330064,-530.4123063917241,0.5226568720914089,0.5304479369720589
3128,95.55091784466583,91.40966763076756,-155.58198867268834,214.96741992625743,-529.2833104039612,0.4916150460786879,0.551250812215724
3129,94.7665323303637,91.88221558407372,-156.42191932790197,214.83011080550702,-529.622177403098,0.49514832954751836,0.5497685185185186
3130,91.65631016659279,94.98563992359712,-160.56899232032814,215.79240623799635,-530.5479691520881,0.5092168856171868,0.5409830517652154
3131,93.92058595585237,92.46410225832759,-157.37881806081705,214.83464512351756,-529.9950624041944,0.49895892990476387,0.5480324074074074
3132,98.48595566212262,88.35829110576566,-151.54996467770658,216.148798007375,-529.336576932509,0.47824058298037864,0.5609770955165656
3133,95.54212286592775,90.40452305670766,-154.76792972970895,214.73823193199874,-529.8259469912828,0.4916669982232066,0.5541443307342426
3134,95.72032645077644,90.0588770149694,-154.38331432255904,214.7319986997981,-529.882943318791,0.4908659946142324,0.555174829434697
3135,95.98739050827268,89.54232138747201,-153.80890615849424,214.7340143372722,-529.973415437752,0.4896644892007711,0.556720577485379
3136,91.46524671834842,93.92854081299595,-159.78765398470227,215.63411442580406,-531.267753335489,0.5100741211744755,0.5440694715183019
3137,88.35643646062212,96.92744963621169,-162.982507243536,218.446667372414,-531.7168435867653,0.5246163343466079,0.5365395549057819
3138,90.49178134129326,92.14504749068709,-158.68791744357014,215.73950265302196,-532.9729625876827,0.5144921813543475,0.5494707060862032
3139,91.96425335038583,90.3079361071878,-156.62265462330885,214.6286947548467,-532.7918509207789,0.5077645759131334,0.5543981481481484
3140,91.84282709763582,89.91383970974829,-156.35576047343866,214.58258768638566,-533.102796435017,0.5083085907860281,0.5555555555555557
3141,92.64104828174257,89.06878070656313,-155.29199633958285,214.16639379288873,-532.886280813503,0.5047114672357771,0.5578703703703706
3142,95.05485849443397,86.27037621364093,-151.68143797014451,213.64483135244177,-532.3946908892661,0.4939019471211903,0.5659722222222224
3143,94.85549579972258,86.26109676119728,-151.7893463083531,213.5887516507307,-532.5529925321785,0.4947921532768361,0.5659722222222224
3144,90.267619768994,90.56310800285058,-157.46601116387657,215.5235279309959,-533.9789829910632,0.515481299305065,0.5541003357158327
3145,89.50288696717521,90.15460921902022,-157.31936166238245,215.96916318887574,-534.7082559856526,0.5189910646537783,0.5555555555555557
3146,90.27594433437818,90.05705057298232,-157.05114021525023,215.40420546257442,-534.2431753231128,0.5154302400311949,0.5555555555555557
3147,91.05587976509608,89.97587899992828,-156.72673873292388,214.93749129432774,-533.7026973242073,0.5118694154086114,0.5555555555555557
3148,98.19375622071793,82.96547386682505,-147.28544330496464,214.69145805426126,-532.3113149521557,0.47977042869443737,0.5763888888888891
3149,93.97713050954516,85.8358831051026,-151.9448165779746,213.34928071820397,-533.4862040813749,0.4987162613186921,0.5671296296296299
3150,97.85637879691208,82.11504015700893,-146.75188210374418,214.23347314048965,-532.896369406604,0.4813363549883154,0.5787037037037039
3151,93.03370069305325,86.24409034933956,-152.78942628124508,213.46634596440578,-534.0605010469909,0.5029310549244854,0.5659722222222224
3152,92.9699700228397,87.04912582994558,-153.478898495321,213.65575259187972,-533.6851029998131,0.5032217404884228,0.5636574074074077
3153,92.09206892152639,86.6847469189668,-153.611091075821,213.77265619538497,-534.6191629897934,0.5071458485302788,0.564814814814815
3154,92.21765504892778,85.07078457974038,-152.23708407638645,213.37207306633331,-535.3752501611647,0.5065644774024041,0.5694444444444446
3155,95.73091145826046,83.49890460133798,-149.03072849352043,213.26231180672957,-533.3760421349465,0.4909067922927373,0.5740740740740743
3156,95.05853691276292,83.86005346079423,-149.7141268198249,213.10465902266128,-533.6773992989167,0.4939019471211903,0.5729166666666669
3157,94.24754224291829,82.62662232209863,-149.17547623077766,212.65579180152136,-534.976911735743,0.4975172201352751,0.5763888888888891
3158,88.75623774084912,90.39493258238289,-157.6292612172644,216.62475763620645,-535.0086351833163,0.5224689490524261,0.5551748294346976
3159,94.11054822813966,84.23094734308876,-150.56105858757226,213.0003707448083,-534.2327241405706,0.49812279054826153,0.5717592592592594
3160,91.15638703012718,87.15456181832462,-154.38930408876755,214.25292019502277,-535.1294685522834,0.5113606421360721,0.5636574074074077
3161,91.034081533407,88.77256858011833,-155.7537910765796,214.67750519333663,-534.3613524466264,0.5119420132639467,0.5590277777777779
3162,90.23138658808989,87.65118461741949,-155.10374515636386,214.89169221768393,-535.5589644348045,0.5155754357418654,0.5625000000000002
3163,88.3970263249634,89.91366658721475,-157.26771199555446,216.8281448559157,-535.4430867250844,0.5241337074054462,0.5567205774853798
3164,91.21733507535532,86.34576350314165,-153.7065294204858,214.04155134396322,-535.5128132020935,0.5110699565721347,0.5659722222222224
3165,88.62001283825302,89.20982845371455,-156.67769649226008,216.47440429415562,-535.7109332311478,0.5230613624955442,0.55864705165692
3166,93.23065556775654,83.82984493228915,-150.71767613791792,212.90298038565606,-535.1821222888415,0.5020408487688396,0.5729166666666669
3167,92.34979219373236,83.45717360693286,-150.8592048359643,212.973032922055,-536.1256090341144,0.5059589069894176,0.5740740740740743
3168,93.29819294058186,83.02537294415055,-150.02598849656854,212.71694342774057,-535.5544958007233,0.5017380635623463,0.5752314814814816
3169,90.34953919703531,86.0306130214789,-153.7483835927379,214.45087787313523,-536.3392998698553,0.5149940646139907,0.5671296296296299
3170,88.59457662555508,88.00847104059736,-155.7011748423929,216.2253944411622,-536.3652722607933,0.5231339603508794,0.5621192738791422
3171,89.45514662433999,87.74997107630577,-155.36972550943437,215.46375666072703,-536.0213614352438,0.5191362603644487,0.5625000000000002
3172,89.4314579401935,86.5480417437528,-154.3948664588084,215.21121505901252,-536.6778683197751,0.519208858219784,0.5659722222222224
3173,89.84246438869278,87.69891296987896,-155.2442113709576,215.16676236444107,-535.8004109124457,0.517355848053157,0.5625000000000002
3174,97.11143606567992,78.80778631915567,-144.43527091021497,212.95550339665647,-535.0157340833804,0.4847952205181355,0.587962962962963
3175,91.40589153587837,83.91967379958908,-151.65423109283637,213.40939478466353,-536.6570050798351,0.5101797504164889,0.5729166666666669
3176,93.43424421146756,81.41680181778108,-148.64209551076343,212.3478378187522,-536.2987577413605,0.5011324931493599,0.5798611111111113
3177,90.47155344376,84.40998341207555,-152.3903342592986,214.01040425663697,-537.1155849880766,0.5144005938435602,0.5717592592592594
3178,90.07322814269315,82.84892028793698,-151.23336880691633,213.9143717546353,-538.232496897313,0.5161689065122959,0.5763888888888891
3179,90.59761411273038,82.78941961405599,-151.0294982403993,213.5705559859546,-537.8876983867841,0.5137950234305737,0.5763888888888891
3180,98.300228445797,76.99838361387228,-142.3721596090114,213.43596161670598,-535.4551859699226,0.4794675432986329,0.5936213991769548
3181,91.47071124414384,83.11110762619808,-150.96878942618554,213.19943482237167,-537.0364395637015,0.5098769652099957,0.5752314814814816
3182,91.62934986507915,82.697208856158,-150.5653048490981,213.0406617192511,-537.1283380155807,0.5091603833593815,0.5763888888888891
3183,90.91161900631951,81.95409124857838,-150.24119788662935,213.2072131609184,-538.0952133240605,0.5123618597293454,0.5787037037037038
3184,98.93448203227531,76.0227542954731,-141.30588466780407,213.7594623458468,-535.790890679585,0.47661135904522667,0.5967078189300412
3185,98.37113133410804,75.93765433355443,-141.475062513557,213.25589304337993,-535.9968228559727,0.4791781694569134,0.5967078189300412
3186,97.67495075187594,74.41262331982628,-140.56207550248877,212.36311866940702,-537.0829864972316,0.4823673100135328,0.6008230452674898
3187,89.60920602774542,84.11326542173737,-152.37504105418148,214.52820398865146,-537.8662439988015,0.5183186520641381,0.5729166666666669
3188,89.55173506904666,82.91555716654699,-151.41100105783755,214.30079495543856,-538.5417488082861,0.5185427895940182,0.5763888888888891
3189,89.34980065382362,84.14858750467391,-152.45486601158274,214.73309569731535,-538.0083922273272,0.5195055936049993,0.5729166666666669
3190,91.76021207987569,81.08110828924123,-149.1918576930422,212.62672566812458,-537.883918688026,0.508554812946395,0.5810185185185186
3191,90.22881067601614,82.42860426427245,-150.8479404306073,213.71682046279696,-538.3478957805078,0.5154523246616818,0.5775462962962965
3192,88.5709250857123,83.94972684372112,-152.3969682510569,215.32976059677694,-538.5441440483894,0.5230851323700441,0.5738202566601689
3193,88.05367625229957,83.71795836394745,-152.23505082583287,215.7378091449592,-538.9026302418993,0.5254777295942277,0.5747238466536709
3194,95.49695509578206,75.9837513557066,-143.03947151408798,211.48138896272533,-537.5529491435475,0.4920320011654151,0.595679012345679
3195,95.56939391806597,74.9170809316987,-142.12835169811368,211.26916682432454,-538.0700053710476,0.4917264944669544,0.5987654320987654
3196,90.15676905986541,81.23180083518588,-149.89287557209803,213.49454338035517,-539.0375629512791,0.515749060046897,0.5810185185185186
3197,96.62758955415359,74.648439603155,-141.30777173892128,211.72059291667935,-537.5098777399907,0.4870469022402436,0.5997942386831276
3198,96.96968477088994,72.89905426703538,-139.69443102827313,211.53521089589364,-538.2446569705979,0.4855564505701521,0.6049382716049383
3199,88.65482883332277,81.83970959441791,-150.67046768794157,214.7814320138522,-539.6289207322584,0.5226181431678225,0.5798611111111113
3200,92.81503657328508,77.09889160541388,-145.44693231371681,211.44345835440845,-539.1243664981545,0.5038407222661827,0.5923353909465021
3201,92.78281780861073,76.74289072018826,-145.17308038050882,211.36901830139738,-539.341716547541,0.5039806710879823,0.5933641975308643
3202,98.1115616294334,71.97143521427643,-138.3610561005663,212.15106324028258,-538.2041335800874,0.4804732227444535,0.6080246913580247
3203,98.75280940588577,72.7808152306917,-138.73583654484855,212.87075908935827,-537.5646444736492,0.47754651521461206,0.6059670781893005
3204,98.45890750002411,72.73625983360367,-138.8257550880684,212.60926662700956,-537.6747238492371,0.4788786524661438,0.6059670781893005
3205,99.24105024035359,71.07130515652943,-137.15033485703123,212.9214896365477,-538.3657358522893,0.47538999491875483,0.6111111111111112
3206,93.68455961973501,75.65640255493884,-143.80960444225624,211.04991391746114,-539.1604035128411,0.5000087713132456,0.5964506172839507
3207,97.66592986604421,71.91143644950526,-138.52750421820951,211.79394284731342,-538.4208040164726,0.48247142862175096,0.6080246913580247
3208,99.13212629645236,70.65189465147631,-136.84946401327858,212.7277546347015,-538.6100357380324,0.4759027033579474,0.6122685185185186
3209,95.64636127620219,73.31573466275162,-140.77783706213486,210.93991847440543,-538.8690483382882,0.4914034451420026,0.6033950617283951
3210,94.76843662713898,73.8035794442959,-141.68400846301043,210.7692934295536,-539.2672419599965,0.49525223383655564,0.6018518518518519
3211,90.08691676583314,78.56141897864981,-147.735902767148,212.93949142003203,-540.5113494464531,0.5159952822072641,0.5887345679012347
3212,90.13720743864235,77.8856377327692,-147.17141327060327,212.7534323083459,-540.8366181998521,0.515749060046897,0.5906635802469137
3213,90.08860137314983,76.15055824157253,-145.77054301468476,212.39484938052408,-541.7965692891324,0.5159226843519288,0.5956790123456791
3214,94.70205467668865,72.99759515765336,-141.0654425210311,210.5729951665983,-539.7497049225381,0.49554896922177105,0.6041666666666667
3215,90.97987597174648,76.32276215173007,-145.62642224933856,211.90387648680283,-541.04677724098,0.5119420132639466,0.5949074074074074
3216,90.9649728830673,75.87780664059864,-145.26917888007407,211.81147281360654,-541.2958418019343,0.5119998880322905,0.5961934156378602
3217,94.20561217551358,71.91221031605963,-140.46513962481677,210.24371222027776,-540.7272504018639,0.4977250287133498,0.6072530864197532
3218,94.70437642854887,71.3904039647577,-139.75437354995626,210.21246109375332,-540.6055183000886,0.49554896922177105,0.6087962962962963
3219,88.9995559966882,76.71271944802643,-146.4529649192478,213.33655406125615,-542.1828879437676,0.5208617978042501,0.5944809941520468
3220,89.95649467175201,74.97541818562794,-144.84781494864157,212.22030865050516,-542.5149278465726,0.5164875941906057,0.5991106237816763
3221,89.04221624083425,75.84280033393264,-145.73826839468032,213.1055668429227,-542.6232797671066,0.5206386514329864,0.596968404808317
3222,94.82007748217475,69.78800325042232,-138.3813790400903,209.87944821209055,-541.3700130069622,0.49505441024641234,0.613425925925926
3223,89.98081395196434,74.43669892998247,-144.40260229880326,212.08224411719442,-542.7859338645129,0.5163644831104222,0.6006538336582194
3224,94.80594253895998,69.25174397538481,-137.95255712530206,209.75548198222876,-541.6673632897918,0.4951203514431269,0.6149691358024691
3225,102.63496174010687,62.81041876781208,-129.5052739854748,214.32452144248614,-542.7570215536601,0.4605037372677465,0.6365740740740742
3226,90.06951580843594,73.89008942755709,-143.93388402042535,211.89885042850352,-543.0166074776013,0.5159527030733941,0.6021970435347628
3227,89.89014224958555,73.37636081034003,-143.56173316764483,211.90642842169203,-543.4134600091552,0.5167439974339681,0.6037402534113059
3228,99.39298669040065,64.1326135308245,-131.4355560691314,211.49949126890866,-542.0376402636176,0.47495644294598627,0.6311728395061729
3229,87.20021764504759,74.70769162416141,-144.86587843473674,214.50859322098833,-544.0087371624427,0.5290572683592721,0.6010903996101358
3230,98.21896514973,62.88045625847866,-130.89817948169934,210.19258760000804,-543.0114448724128,0.480251003774134,0.6342592592592593
3231,96.52974345200346,63.211046511662005,-132.03810187541373,209.09458745468115,-543.6706297055239,0.48767847241250806,0.6327160493827161
3232,96.34055540439986,62.389446496703584,-131.47493741790973,208.80703603466972,-544.2280173355572,0.488519222670618,0.6350308641975309
3233,96.15024282271635,61.5689248180112,-130.91418672626074,208.5256766023795,-544.7897029136786,0.48935997292872796,0.6373456790123457
3234,94.56712136248953,62.90486183301087,-132.91628453757545,208.2773187709249,-545.2428028134223,0.4961903686391753,0.6332304526748971
3235,94.37374203708245,62.00666999790894,-132.29536500903092,208.04142937310817,-545.8779455295253,0.4970312363780977,0.6358024691358025
3236,99.32613533288625,58.22837804752885,-126.64553009462061,210.1058698944849,-545.1945198595289,0.47548679205920186,0.6481481481481481
3237,98.25702389485062,58.06391173376696,-126.95471826139098,209.1381714790704,-545.566063753203,0.480228919143647,0.6481481481481481
3238,95.824710499389,60.024655284769835,-129.84259403869748,208.02766320154583,-545.8352229412516,0.49079407647645595,0.6417181069958848
3239,92.7307720944759,62.72905832108455,-133.77630954980168,208.22910485314054,-546.8655561660871,0.5041182702935324,0.6337448559670782
3240,93.55929436784953,61.640778881177084,-132.45391623285568,207.90104453656593,-546.7457713288612,0.5005420176990828,0.6368312757201646
3241,97.1094376838739,58.450169918448665,-127.84252834012871,208.37530832622286,-545.8761484624883,0.48525047394844145,0.646604938271605
3242,97.17588616557886,57.92216697735117,-127.37669640029472,208.30062909562938,-546.122259978392,0.4849710462280922,0.6481481481481481
3243,93.91148209388197,60.74872264835949,-131.53204879562188,207.7086876704156,-546.9279496355242,0.49902584009789897,0.63940329218107
3244,95.7057089724635,58.85563889691838,-128.95807355577355,207.714624092832,-546.5427386401842,0.49132172353098447,0.6450617283950617
3245,91.10107707513194,62.830549313780665,-134.58552499635474,208.80826377289546,-548.1542992712182,0.5111725685722347,0.6337448559670782
3246,91.9252139644206,61.34012723080485,-133.0282063185875,208.12926039900555,-548.2829188700472,0.507579948159419,0.6378600823045268
3247,89.29557588135887,63.21811615129198,-135.41261894016216,210.05969205400078,-549.2179901693676,0.5191168380449579,0.6332304526748971
3248,96.10648774850323,56.47603381409988,-126.78875417371893,207.358853080012,-547.5371738637339,0.48963074681664415,0.6520061728395061
3249,90.30008464294633,61.84025132953204,-134.05015464602408,209.03613509142406,-549.2871676199383,0.5146506142564875,0.6368312757201646
3250,96.11887688882139,55.76294874409672,-126.2002313697583,207.2046593603161,-547.9092959761963,0.4895867860188345,0.6540637860082306
3251,94.4388892750053,56.828861322549244,-128.038400417054,206.88919562268512,-548.5872746159778,0.4967686463993645,0.6507201646090535
3252,89.96859690498442,60.9866702620692,-133.44669359197025,209.06239249841084,-549.9754922767861,0.5160849527658404,0.63940329218107
3253,99.4661249329941,51.01875214813137,-120.71661063845393,208.6069296047153,-549.0139895969769,0.4751488224705349,0.6689814814814816
3254,97.91022093649994,51.94410433596724,-122.12989225704983,207.4838481971547,-548.9641148035033,0.4819211219007733,0.6656378600823046
3255,91.18048094827714,57.643837358686625,-130.32898741603486,207.60323680044522,-550.8589107492552,0.5107402179060514,0.6486625514403292
3256,99.9460335751441,49.4917780260858,-119.31374219346388,208.7155240932873,-549.7779717527397,0.4730820126844669,0.6736111111111112
3257,99.43543948765362,48.602200633627604,-118.75726980875073,208.0341811347904,-550.3055000731877,0.47537260695638794,0.675925925925926
3258,94.53172375461054,52.90334590308518,-124.78543651628515,206.02383280516918,-550.6077361535703,0.496389719479881,0.6620370370370371
3259,97.01312573271147,50.67228672414842,-121.55371403437452,206.5627767726398,-550.078449928016,0.48583129633828465,0.6689814814814816
3260,89.5555118709475,57.28895553156201,-130.5312806763104,208.52409994583832,-552.2216588571233,0.5177952210696287,0.6502057613168725
3261,94.54890124611958,51.832813707415596,-123.90302357855859,205.7864145319194,-551.1658606878677,0.4963237782831665,0.6651234567901235
3262,94.52243369852937,51.296481057434875,-123.48102016073928,205.66087321902504,-551.4734138141195,0.4964391753774168,0.6666666666666667
3263,95.36135740613489,51.33401995595651,-123.02652364154386,205.89349785033977,-550.8063034316027,0.4928783507548335,0.6666666666666667
3264,98.30254424250239,48.427513795612214,-119.07819928534694,207.00340857273085,-550.6884770792959,0.4803181967099758,0.675925925925926
3265,97.15715004379886,48.278271003683955,-119.52519841782988,206.11733516194437,-551.2777676299762,0.48526378646356366,0.675925925925926
3266,96.26047801155488,49.79358029968955,-121.25410094150192,205.93292754496093,-551.0015951724873,0.4890710686091986,0.6712962962962964
3267,99.94896482956837,46.812397217771434,-117.12837801584246,208.1137258662316,-551.2038562893927,0.4731812370932725,0.6813271604938271
3268,94.23190479087057,50.75305858043865,-123.20481714863594,205.49334615545038,-551.9982907733582,0.49767584680402316,0.66820987654321
3269,93.81143708345584,50.74799736897569,-123.43678786805657,205.45711823246498,-552.3471641251621,0.4994562591153147,0.66820987654321
3270,94.39567051710571,49.685621571100995,-122.24104332937682,205.27706993761777,-552.4349097634846,0.4969840122149394,0.6712962962962963
3271,89.14333581388203,54.66752637092992,-128.47273578682126,208.25116777364775,-553.8737173843708,0.5195254725985097,0.6579218106995885
3272,88.7032934038086,53.83947527981971,-127.85826806275841,208.426633541807,-554.5604812643217,0.5214294791624652,0.6604938271604939
3273,89.48256187215489,53.19139595391209,-127.20813063544665,207.655226187668,-554.4556552345318,0.5180008893757483,0.6620370370370371
3274,95.32348971145183,47.04674490816137,-119.55352069293689,204.9171204333025,-553.1221835347168,0.49307836625065127,0.6790123456790124
3275,95.93872309926999,47.44574179232137,-119.5237283821756,205.25032201548265,-552.4696497949285,0.49047350632162207,0.6779835390946504
3276,95.2981556062158,48.11662114589575,-120.4404309773241,205.14888721004564,-552.5703197102619,0.4931767300693045,0.675925925925926
3277,96.50819205219044,45.531194588102665,-117.64006875787845,205.10599582562304,-553.1183264447549,0.48808414256415505,0.683641975308642
3278,89.48286867360716,52.1200720832386,-126.33500279127426,207.4132356955297,-555.0274267513706,0.5179686236622659,0.6651234567901235
3279,96.22814277657427,45.50564621891931,-117.77673875392023,204.95273116559042,-553.3104617646603,0.48927108410501624,0.683641975308642
3280,95.29367939469364,46.33082595863999,-118.98722507363581,204.74621272674634,-553.5263881584671,0.4932106139616926,0.6810699588477367
3281,91.13472189776058,50.05936305185469,-124.16429972874468,205.91829622550387,-554.9422708436924,0.5108067985821132,0.6705246913580247
3282,94.32715623304034,46.470547761309575,-119.6587868743428,204.54420023337357,-554.2059499297895,0.49728239152941034,0.6805555555555556
3283,91.11425648306883,49.257611418337035,-123.51876799339486,205.74791083204127,-555.3863845105468,0.510881393410731,0.6728395061728396
3284,92.25341002341716,48.106968766746434,-122.09143911273347,205.05311390296526,-555.0698355623435,0.5060352634286334,0.675925925925926
3285,93.42430235627458,48.07086879422934,-121.46641408766439,204.85619034170855,-554.0998859647348,0.5010896736750453,0.6759259259259259
3286,89.60900752121347,49.96041083273997,-124.54842663268646,206.83204043183935,-556.0998073987374,0.5173598419997221,0.6712962962962965
3287,94.25682052921331,45.397896232897494,-118.82406909005144,204.2934338426863,-554.8352061063993,0.49757967489104415,0.683641975308642
3288,101.23161952368184,39.5600648852531,-110.88419056873815,207.7180014969702,-555.0865465345022,0.46789938672611264,0.7028508771929818
3289,97.40658580638099,41.34444059474589,-113.74170726232653,204.7261046072844,-554.8483685744754,0.4843492290113542,0.6959876543209877
3290,97.29553697677878,39.188581903507014,-112.0417678391952,204.16450501396895,-556.0544142816714,0.484866426693802,0.7021604938271606
3291,94.77021298481463,42.065425671115605,-115.81346775896976,203.63882637992432,-556.2036125751747,0.4954424197489253,0.6932870370370372
3292,98.09838837218027,39.02459140212875,-111.50651470324864,204.72060664868107,-555.7782941089532,0.4814572919524469,0.7029320987654322
3293,90.64810552713095,45.46310906634372,-120.59292419463868,205.13848915877892,-557.7697487944731,0.5127896469636023,0.6838991769547325
3294,89.48846546817043,44.88733105207953,-120.44043193086573,205.77728425122334,-558.8851729056194,0.5177400778659498,0.6859567901234568
3295,90.66002379196735,44.8815544068251,-120.11511190816088,205.0010450594552,-558.0714126621848,0.5127292428700292,0.685570987654321
3296,96.48775733582269,39.369755118665324,-112.62886271890862,203.70855459422103,-556.4195057650448,0.48827556143515705,0.7013888888888891
3297,90.85784402161721,44.2815141904679,-119.55746899277311,204.7578716872526,-558.2409998484171,0.5118796590705069,0.6872427983539094
3298,92.85490318905204,42.32471279773134,-117.08134562989873,203.6222643544602,-557.6480435758721,0.5034606670109307,0.6925154320987655
3299,91.76447251796057,42.24384707581066,-117.53477659501479,203.892264174436,-558.605049867974,0.5080295709109655,0.6929012345679013
3300,93.11118150306152,41.916224307011674,-116.61569667127924,203.49650574346475,-557.6488187676852,0.5023852067306822,0.693672839506173
3301,91.36395725142367,43.43367128351312,-118.67332421275034,204.32157115031777,-558.2954311864809,0.50972873851001,0.6895576131687242
3302,93.08425648569963,41.515164642517476,-116.30287390130643,203.40932050925832,-557.8857848705763,0.5024966879912949,0.6948302469135803
3303,96.5890705279998,38.30813733797726,-111.70693012629998,203.52614730343907,-556.9231591825005,0.4878665056596465,0.7044753086419755
3304,98.59325224094964,36.4168944079876,-109.15526735654903,204.5402400350714,-556.9949042684159,0.4794170135228802,0.7106481481481484
3305,98.89264578593853,34.58735101771566,-107.53635203091373,204.38715610730452,-557.8847755985871,0.47819234642034153,0.7160493827160496
3306,96.89180524997546,37.535516429625744,-110.91049480703705,203.5309010921101,-557.1557285097325,0.48660579125479553,0.7067901234567903
3307,95.87608537992156,37.442675636811174,-111.40548629022835,202.9735131691027,-557.851371160619,0.4908665846254911,0.7067901234567903
3308,90.8159878007774,42.946186745891765,-118.48446600905635,204.4800373671793,-558.9861956160004,0.5120352405889352,0.6911008230452675
3309,90.66564517891885,41.26538109998202,-117.16655142380031,204.18466859680137,-559.9985104435482,0.5126425750688158,0.6959876543209877
3310,88.32851243713475,44.9234920794614,-120.62900595416507,206.73667253804064,-559.5097201617552,0.5227509128618704,0.6863425925925926
3311,100.70969312259456,33.81692144016165,-106.32570098171317,205.91673439561052,-558.1236546803918,0.4704152343478739,0.7191358024691359
3312,93.13735401411685,39.90652681550114,-114.96383476478958,203.0422381961452,-558.6984227060425,0.5022654028334631,0.6994598765432101
3313,91.46845996975819,41.327660541215494,-116.91408182498527,203.8029802848642,-559.3355777626144,0.5092606127096422,0.695601851851852
3314,91.4849328518219,40.79076485182918,-116.46957463441584,203.67525110896094,-559.6087065795219,0.5091835176570316,0.6971450617283952
3315,88.03792994392879,44.031928782276225,-119.9171382548412,206.79532889891183,-560.1167192955622,0.5239819546605471,0.6890432098765431
3316,95.66531351558123,36.53483713771902,-110.786644247235,202.68093229053136,-558.4839084378573,0.4917551239651417,0.7093621399176956
3317,95.76930202311289,37.434795009456025,-111.46040257868245,202.92592302103517,-557.9299968919368,0.491311687703314,0.7067901234567903
3318,89.80984809324275,41.85371904178979,-117.89699509812768,204.86069248230896,-560.2958329670486,0.5162897579867028,0.6945730452674899
3319,89.87809120998742,43.675026961452204,-119.36427687892633,205.22321315596182,-559.2769350164673,0.5160409102669051,0.6893004115226337
3320,99.7901749281979,32.99069375204979,-105.90357376780432,204.84617789760574,-558.5753780039382,0.47441145331778484,0.7210648148148149
3321,99.88714954422092,33.67666021243616,-106.4321624663922,205.09289093041727,-558.2017118026806,0.4739676003519584,0.7191358024691359
3322,95.66601245182494,36.08871575313873,-110.42206184152835,202.58118289907898,-558.721072197037,0.49175429055714415,0.7106481481481484
3323,96.00496638296075,35.7567034265991,-109.95653603327592,202.65303758503813,-558.6619818735286,0.4903460418676831,0.7116769547325105
3324,96.51158344223938,35.264701816974565,-109.26875639762916,202.79973931051921,-558.5932747040708,0.48823366883349156,0.7132201646090537
3325,97.1863319519184,34.62214792318201,-108.37651571264561,203.06447752230576,-558.5463830246647,0.48541717145456936,0.7152777777777779
3326,96.47490368617889,33.7433264664227,-108.04995690427927,202.43676825741375,-559.4287928992766,0.48841725042041395,0.7175925925925928
3327,97.69012355135565,34.14775582845587,-107.72986108646248,203.31111929576895,-558.5503380870321,0.48330479842037777,0.7168209876543212
3328,99.64047076378627,32.42983244970054,-105.49608507556971,204.57862329528433,-558.8905549559731,0.47507619672821255,0.7226080246913581
3329,90.93254105876167,39.63223590555933,-115.74164865506302,203.6732055029548,-560.665973414086,0.5114887696239605,0.7006172839506174
3330,97.5888881754219,33.46505512756525,-107.22463598021284,203.08324442049573,-558.9614279308203,0.48374865138620426,0.7187500000000002
3331,90.78492253618523,39.17752331243412,-115.4243316689167,203.64933200358755,-561.0227559297174,0.5121042905232989,0.7019675925925928
3332,91.73590811583202,37.42453299455127,-113.62020861360979,202.81984771276456,-561.2017517666725,0.5080978808611825,0.7067901234567904
3333,95.35102277620555,34.05869640371273,-108.95101716158702,202.00758929807054,-560.0333576993173,0.49308584945462364,0.7164351851851853
3334,93.20551388052337,35.48626586359842,-111.32640099243166,202.04285647622166,-561.0024795193181,0.5019791945572165,0.7121913580246915
3335,89.95620547986954,38.532117214612384,-115.15393875174165,204.0121325084013,-561.9710057465838,0.5155949193291205,0.7040895061728397
3336,89.90950271693268,37.19842040763055,-114.07964180042478,203.74393899102196,-562.715214920803,0.5157633868792997,0.7079475308641978
3337,99.55764860794538,30.13775234384343,-103.65669311059634,203.9836932745711,-560.1216904302997,0.4755179441896894,0.7291666666666667
3338,95.19202335401727,33.51407499850944,-108.5995452705765,201.83283634295893,-560.4431042329187,0.4937505928650513,0.7179783950617286
3339,93.90355059467075,33.33964319155095,-109.19645842719275,201.55049479632,-561.5620318477581,0.4990839353096886,0.7183641975308643
3340,95.67676869803827,33.074778077775846,-107.96112751402451,201.90787924045617,-560.3219233579629,0.4917486650531603,0.7193287037037039
3341,96.80246639953693,32.07917506786853,-106.51192682768108,202.24981618418448,-560.1175905159982,0.48707750015874784,0.7224794238683129
3342,96.80997640091412,30.695983459120157,-105.38056827126243,201.94296649172298,-560.8512869211019,0.48707236843834245,0.7264660493827162
3343,98.55860117297692,30.584653754363785,-104.41614432300403,203.19651120919525,-560.114008382219,0.47973709818181415,0.7274305555555556
3344,98.75242330737511,30.412362488430745,-104.19231633355224,203.3232099212354,-560.147340301185,0.47892277451845333,0.7280092592592593
3345,91.65442149204449,36.29230368259795,-112.73269465517394,202.59643131798114,-561.8737579753886,0.5084272449677476,0.7100694444444446
3346,90.53819275702426,35.78728738571286,-112.7468030381264,203.02724135071875,-563.0208926999491,0.5130923828429941,0.7118055555555558
3347,91.97290475862377,35.266959398390895,-111.75655958561472,202.25205713469884,-562.1583573913891,0.5070916465572527,0.7129629629629631
3348,88.47959212502249,39.5412269043255,-116.23522731671895,205.3908421108853,-562.3119982062337,0.5219174487276336,0.7017746913580248
3349,93.09782805199401,34.81894088044922,-110.8390669963036,201.9034756168435,-561.4497564959939,0.502423047523043,0.7141203703703705
3350,97.49961669512095,31.020345586965817,-105.27823957278603,202.46809610743307,-560.3083719936648,0.48418411607921463,0.7257587448559673
3351,92.93765387089144,34.28695527862851,-110.48938405241368,201.80422714782702,-561.8698971882716,0.5030877909334707,0.7156635802469138
3352,88.46666357053476,38.00318996480712,-114.98368986931538,205.05557862926042,-563.1406471817941,0.5219250197214268,0.7062114197530867
3353,95.68424729492148,30.99937774920477,-106.26533243307105,201.44444054155258,-561.4240350931681,0.49174096747255214,0.7253086419753088
3354,89.82687693014606,36.07017532712976,-113.18187736801406,203.54819851920908,-563.3744554955874,0.5160927509858647,0.7112268518518521
3355,89.95115096083194,34.47000847610346,-111.84646275146429,203.10205399640142,-564.144494726517,0.5155317804136611,0.715792181069959
3356,89.12002901894223,36.36565365470892,-113.5685044510477,204.14374887299576,-563.6619693444924,0.5190931191287353,0.7106481481481484
3357,90.95833476843558,34.85276645803492,-111.83870377104722,202.58610815507382,-563.1987074035505,0.5113117134854569,0.7143775720164611
3358,88.81065673263774,37.08043866922313,-114.19570506158202,204.55601677847744,-563.4550056362741,0.5204286211468881,0.7087191358024694
3359,87.72165108051828,36.98404431196863,-114.18280504914433,205.49597823401254,-564.0117938829815,0.5250938554144766,0.7094907407407409
3360,94.06730210639299,31.801722814066864,-107.85101189827895,201.21729506909597,-562.2481647818138,0.49841149431865284,0.722800925925926
3361,93.26065147628026,31.19928031625065,-107.80411652719539,201.07537678813557,-563.2443645822441,0.5017429089513992,0.7245370370370372
3362,92.61430319578068,33.003097161138186,-109.60640347967735,201.57183903982963,-562.8283737593486,0.5044161561654521,0.7193930041152266
3363,91.16942435921425,34.38740380884576,-111.37941501531196,202.37715821013015,-563.2808330493865,0.5104213788066884,0.7156635802469138
3364,90.37003408197555,33.52827228932043,-110.95954390382907,202.6190435931199,-564.3502431175166,0.513751111056124,0.7183641975308643
3365,91.32650780876452,32.723078292993875,-109.96109711693308,201.9309984317223,-564.0450828683988,0.5097483770212157,0.7204218106995887
3366,88.41791890395731,36.67102903389468,-113.90326739804436,204.79824062404316,-563.8766501039494,0.522093487271606,0.7100694444444446
3367,98.62216788441216,26.775963794864367,-101.28452248590408,202.39010022229056,-562.1245301425867,0.47958989956914727,0.7384259259259263
3368,97.80499530526922,26.392552955947394,-101.35353545922692,201.64843717984664,-562.6348698874616,0.4830197937256512,0.7391975308641978
3369,92.29050423012609,31.945423940542668,-108.90236358125809,201.41094344628135,-563.6653737352411,0.5057456429863074,0.722479423868313
3370,93.47649812170897,30.527109723878482,-107.1402514301956,200.91274381822572,-563.4209806677035,0.5008514526837569,0.7264660493827162
3371,88.33244408757068,35.54631054519368,-112.99342717864938,204.61946886583837,-564.5192624587585,0.522422851378171,0.7133487654320989
3372,94.28562673834978,29.59579379213369,-105.93022108689597,200.74666678181987,-563.2480124864692,0.49752314188386104,0.7291666666666669
3373,92.1291121749586,31.306418270803704,-108.45807346561487,201.31331743866514,-564.1422442556352,0.5064098256022982,0.7243441358024693
3374,92.45178766397561,30.620827395720198,-107.7458163768667,201.07283259552472,-564.2373988633651,0.5050743235841455,0.7262731481481484
3375,92.39753711318903,29.753065398575302,-107.06491846930416,200.89102238315323,-564.7468116208887,0.5052933388607519,0.7287808641975311
3376,96.88789886751188,26.37164076498192,-101.81603795864409,201.01635716910073,-563.1132607638476,0.4868362004649788,0.7389403292181072
3377,96.98223260011174,26.024809871619198,-101.48172867264583,200.99700915092563,-563.2443261966247,0.486449687882155,0.7399691358024694
3378,96.15266482008099,25.67692059847741,-101.65999645041923,200.4565053057311,-563.9411631097903,0.48987958203865895,0.7407407407407409
3379,97.76967714350339,25.316365202140446,-100.4938303673217,201.37967564034724,-563.2243203449725,0.48319239322871177,0.7422839506172842
3380,94.47841031671192,27.72566605471468,-104.29651977648959,200.3564419986519,-564.091305537351,0.4967427451709473,0.734567901234568
3381,94.15139113226232,28.72280274060097,-105.29518500355468,200.5338874575851,-563.8239793094649,0.49807992957241065,0.7316743827160496
3382,93.78337719007823,28.383961786013117,-105.22565010169355,200.43146640118957,-564.3089417925008,0.49959294306754876,0.732638888888889
3383,89.88568521097037,31.643298563715973,-109.56034653671333,202.51035231601952,-565.6987720408301,0.5157436589040962,0.7239583333333335
3384,89.57332581019881,32.6876438042552,-110.48522110717873,202.9681213966524,-565.3477923267147,0.5170808433055597,0.7210648148148149
3385,93.804169547111,27.446957799730285,-104.44994583412802,200.2216249098787,-564.7916265691895,0.49950657070168536,0.7353395061728396
3386,93.04567142498604,27.7223124761137,-105.08337501750736,200.31516715878075,-565.2829959328059,0.5026189700578252,0.734567901234568
3387,87.84923842740412,33.34692258423297,-111.22151386113794,204.5579934120645,-565.9071812965167,0.5244137168428324,0.7199074074074074
3388,87.54858841190506,34.73585729795053,-112.34915921570993,205.1498724729519,-565.2769562515037,0.5257525836276067,0.7160493827160495
3389,89.724885339401,31.239340815544864,-109.27084170068703,202.53215277572824,-566.0223265091356,0.5164089631089608,0.7251800411522635
3390,95.08188131561107,25.739692753293127,-102.32874658025608,200.052284187247,-564.6760371733795,0.4942720548961187,0.740354938271605
3391,90.83547297866664,29.529489792530683,-107.54570044154163,201.4528761039341,-566.1356877104803,0.5117371528496379,0.7297453703703705
3392,90.03269556531225,29.013849462486917,-107.379054971384,201.81824458947804,-567.0014549927014,0.5150685674823843,0.7314814814814816
3393,90.77882755514437,28.66452102910847,-106.8607616010587,201.2884616626921,-566.6407272710626,0.5119561681262446,0.7322530864197532
3394,93.5154132051776,26.956224500921508,-104.20866922835953,200.10930633749788,-565.2950571548351,0.5006900473381363,0.7367541152263376
3395,92.46716983556945,26.759953371160748,-104.59102730757967,200.20143740356153,-566.2862452102111,0.504985923330727,0.7373971193415639
3396,92.28736444340521,28.017799753400027,-105.70298080627445,200.5292655782434,-565.7656109939427,0.5057313694139649,0.7337962962962965
3397,91.53112039864615,28.33248925203327,-106.29876503895198,200.8562486320456,-566.2234964127322,0.5088437687701047,0.7330246913580248
3398,93.7500769317505,26.57600353260824,-103.76991099059401,200.02431069990075,-565.3007750081447,0.4997255859782918,0.7378472222222223
3399,89.56252187231374,30.501445333367087,-108.7066619976318,202.48358390164637,-566.5223237671847,0.5170725849305147,0.7273662551440331
3400,95.14271037353939,25.20704684874039,-101.85910293125511,199.95086682045903,-564.9136375259488,0.49402532033476604,0.7418981481481484
3401,98.5571332303615,22.480158128394578,-97.81035286018312,201.36794631580534,-564.4339837739254,0.47998092239061185,0.7507716049382719
3402,95.93997628181626,24.45462272143726,-100.78506792512749,200.08235492145292,-564.737185486078,0.4907680256813228,0.7442129629629632
3403,97.22325899767222,22.56966355621779,-98.53558470792892,200.37643601784825,-564.9545786396137,0.4855119818591289,0.7500000000000002
3404,89.24069413492174,29.69664504325516,-108.11541369000507,202.54604893307433,-567.1527496547473,0.5184031933402438,0.7298096707818931
3405,88.29222385837713,29.659366874227715,-108.20235256939127,203.3273582088948,-567.6848671850793,0.522401441019657,0.7303240740740742
3406,89.15932232994996,29.32860109990355,-107.82989863419218,202.52681197455985,-567.3980556476653,0.5187350042510206,0.7309027777777779
3407,91.01478128443921,26.976017231353637,-105.39979711063515,200.7869016407014,-567.3612434806727,0.5109622400152606,0.7370541838134432
3408,89.49791526426034,28.009943729959787,-106.69119196064968,201.97086852213437,-567.8949113106447,0.5172861458042606,0.734567901234568
3409,92.32022891605249,25.202464065420656,-103.39391402337594,199.88812599864096,-567.239911492954,0.5055740915804235,0.7418981481481484
3410,91.30738132725048,24.866523987490382,-103.5672793720479,200.17309955391056,-568.2536319142642,0.5097198298765306,0.7430555555555558
3411,92.12169725701688,25.41382001344789,-103.65965458852273,199.99130097740957,-567.2936469271783,0.5063884152437843,0.7413194444444446
3412,90.29325736546343,27.108422538804007,-105.75250348856794,201.2222673463038,-567.8346991944492,0.5139503983575273,0.7368827160493829
3413,92.91730923646526,24.57715514405055,-102.58754538975099,199.62580460089933,-567.0696017852442,0.503131120590341,0.7436342592592595
3414,89.12697136590126,28.194797811272792,-106.91194472920144,202.297259345879,-568.0231745488691,0.5188423454823304,0.7341820987654323
3415,87.43329587496572,30.000835988405868,-108.49016410285162,204.19057566120068,-567.8494073930287,0.5260678777882934,0.7297453703703705
3416,89.91966701670754,27.285893786945167,-106.00214539229876,201.5062357179027,-568.0025566308336,0.5155065980355973,0.736496913580247
3417,90.75502860844364,26.300928229446015,-104.9437320294875,200.770519956854,-567.9219742553363,0.5120214756378385,0.7390689300411524
3418,90.93864123953378,25.821796280978276,-104.48747483285526,200.56544600107085,-568.0358149224302,0.5112542603840692,0.7403978052126202
3419,100.46397789542058,17.72879624200965,-93.26007726252689,202.0447154998852,-566.6725572721821,0.47216481450484626,0.7653508771929818
3420,96.89305577751841,20.122646081378946,-96.71877110871158,199.61417404032437,-566.4434416287647,0.4869230463183487,0.7569444444444446
3421,97.97146324012712,19.2482967386386,-95.44757219363287,200.1663601485639,-566.3728412727344,0.4824993597756126,0.7598413471951483
3422,87.3973889115639,28.868192656979147,-107.56669399273224,203.96845720496827,-568.4668983073383,0.5261752190196032,0.733024691358025
3423,100.32872964765683,17.002532856463347,-92.70336686445306,201.74898226843092,-567.0575512494887,0.47276689635570834,0.7673746480398523
3424,97.95952221770831,18.74381300157944,-95.04237738738681,200.04299282631757,-566.6471105926291,0.4825636986921591,0.7612897985705003
3425,90.17893746174332,25.38005264991949,-104.37814073108042,200.905286154729,-568.8391661165252,0.5143884289107403,0.7418981481481484
3426,90.49633043929043,24.340223699552155,-103.4333077255562,200.47547244071094,-569.162654153644,0.513051244509277,0.744791666666667
3427,89.68979220329231,23.83281782187953,-103.24539313269544,200.88902841732602,-570.0009943943339,0.5163826591420232,0.746527777777778
3428,90.08014158959813,23.382317812897952,-102.77858108685442,200.51932008931763,-569.9752036519272,0.5147540118153016,0.7476851851851855
3429,91.08727021162218,23.679771414937193,-102.68660494363886,200.0092703408142,-569.0623012896068,0.5106082735191945,0.746527777777778
3430,98.37872499899153,17.39589374208174,-93.74595161932227,200.07280511407777,-567.2042259842973,0.480867100421624,0.7653407244964261
3431,93.48995629965137,21.150975746355186,-99.4922584437554,198.80617829554245,-568.412736876591,0.5007823945343124,0.7534722222222225
3432,97.95211129087143,16.43204131351007,-93.16224571903638,199.51663963974175,-567.8823507239032,0.48265077982686855,0.7679431990470004
3433,98.93822548556095,16.775160693326313,-92.99729676702114,200.4087865583727,-567.3638217501947,0.4785684203002269,0.7673678795754818
3434,97.53283083091989,16.580446628174798,-93.49246415563537,199.239698549894,-567.9933326205027,0.48436994424474533,0.7673611111111114
3435,90.16568425304192,22.568989037001472,-102.09147847083025,200.28058174970428,-570.349188364678,0.5143839099732727,0.7500000000000002
3436,96.81737824926513,16.56508797071234,-93.86120806279618,198.76766057621282,-568.385565493434,0.48729867211035527,0.7671682098765433
3437,96.53607747047363,17.474481542049546,-94.75823227300245,198.81095800727996,-568.0703366748659,0.4884297376240454,0.7644675925925928
3438,99.21924501660624,14.711053536076122,-91.20172816163192,200.19191958181474,-568.3984105050903,0.4774739038805539,0.7734425763482782
3439,90.2477421291303,22.023803855606275,-101.62295414751084,200.1051004335628,-570.5809610734808,0.5140308142719363,0.7515432098765434
3440,88.88656258641103,23.341122032293526,-102.99539324884795,201.39695112974425,-570.7545682235168,0.5197140737747694,0.7482638888888892
3441,95.23399904592287,17.041766561995644,-95.15198631259011,198.14447918479183,-569.202081328362,0.49372166059842015,0.7654320987654323
3442,99.2016593335522,13.95409658385563,-90.59113209478721,200.00542403325045,-568.8054062540517,0.47757041225537356,0.7756152534113059
3443,98.3747296577027,13.88114807792931,-90.88227787227014,199.27756683931622,-569.079005943514,0.4809767477036752,0.7754629629629632
3444,97.66653294393609,14.989981002071772,-92.12779879851942,198.9781355772691,-568.7777493257811,0.4838549435285927,0.7719907407407409
3445,86.08425682078402,25.7734127087449,-104.90628935462412,204.5371123837651,-570.4412774196229,0.5316394187233429,0.7425885315139702
3446,87.52990107722093,24.707135034676355,-104.18534071547369,202.90518672025678,-570.6475077398994,0.5254555645654562,0.7449439571150098
3447,87.11838996815459,25.447501589748697,-104.7642192325083,203.46366819432868,-570.3819657291333,0.5272351123341195,0.7430149447693308
3448,95.11700126848135,16.231883920219616,-94.56019310230846,197.92624504790774,-569.7230044395297,0.49420294492256844,0.767746913580247
3449,95.86503057363541,14.939409976904983,-93.0736208435315,197.91022042829388,-569.866259025414,0.49118996862426173,0.771604938271605
3450,100.22097638499729,12.32841904608091,-88.9204382036648,200.58967325294225,-569.546016548532,0.47340328417990246,0.7807829759584141
3451,94.95191532323494,16.223894553405955,-94.64936412512714,197.8779236592004,-569.8536172069536,0.4948690135483344,0.767746913580247
3452,97.49647166902187,13.762988506060879,-91.21457998947987,198.58006658600303,-569.5131455845377,0.4845768700148151,0.775462962962963
3453,97.37958999899581,14.752698681045615,-92.08272381047212,198.72122156419724,-569.0437599841023,0.4850365410829752,0.7725694444444446
3454,97.63844628772156,13.557478483768477,-90.97443634327554,198.63535449544068,-569.5544916942986,0.4840006996733455,0.7761059670781896
3455,97.46844562602672,12.42023472147531,-90.13453785802905,198.25797498201266,-570.24314415592,0.4847199702771377,0.7793209876543212
3456,87.04612283541121,23.182006729166744,-102.91491621095928,203.0217505826528,-571.6135922657731,0.5274497947967391,0.7495735867446396
3457,98.23549683369727,12.632428032975895,-89.92865362019843,198.88311734676466,-569.7955400423438,0.4815812807155083,0.7790028698288933
3458,87.89807183327324,21.873258856345444,-101.88027793351915,201.92505305074184,-572.0217290253004,0.52380248021684,0.7529307450725582
3459,88.30228816532878,21.406155658575244,-101.48239565543874,201.4575101266778,-572.0907546160771,0.5220940620351304,0.7540881524799656
3460,98.39165516804934,12.37501642718263,-89.64666988910496,198.95189693862815,-569.875898147847,0.4809477415780593,0.7798083170890189
3461,98.82928288149047,11.22310759486021,-88.5148966012532,199.0617369324341,-570.3518489431463,0.4791831369269202,0.7833143816330951
3462,95.72330244123162,13.590384546819962,-92.05530665525876,197.54720532764472,-570.685913570158,0.49177711463709495,0.775462962962963
3463,94.8296107416387,13.539914291873401,-92.53260997318618,197.24382394893047,-571.3804937658233,0.4953772369482348,0.775462962962963
3464,95.09965242242859,14.222240763219816,-92.93154464029047,197.46990080125224,-570.807677761635,0.49428270572489696,0.773533950617284
3465,90.41907521343069,17.516319598803022,-97.8989795805073,198.9853510719805,-572.8614658837223,0.5132390323818048,0.7644675925925928
3466,103.10546456587925,7.284568063356232,-84.15856901933537,202.25463388201604,-572.4281322793759,0.4617864364702551,0.7967497834091385
3467,102.4973450959152,6.050448946796735,-83.2830148953426,201.38321286698903,-573.0343066360947,0.4643261790886258,0.8000000000000008
3468,104.2514818510135,6.355338369519984,-83.18587543073677,203.16107554798333,-573.0673963878262,0.4572611325133809,0.8000000000000008
3469,97.69502549175964,11.086257149785354,-88.93080166442215,198.12017709649544,-570.846062125478,0.48382316488876026,0.7832466969893872
3470,87.51560500222911,19.886105945815757,-100.2617127199497,201.82961812120638,-573.230119533922,0.5253312205887208,0.758832846003899
3471,87.81182166267686,20.14570243709204,-100.47519970062167,201.6130299523538,-572.9800176553678,0.5240985155932039,0.757946177171324
3472,98.68748848586881,9.807500590492452,-87.42106323461977,198.62032500760685,-571.147879276074,0.47980655263730515,0.787331465237167
3473,97.79290267983316,10.228608031699878,-88.18230788510394,197.99948100455876,-571.2589530954731,0.48344276857517554,0.7857544130387699
3474,94.92681066861283,12.138023324860114,-91.33314450981472,196.9535738747344,-572.0524370020577,0.4949916908857073,0.7795138888888891
3475,94.33263131056813,13.524454450282235,-92.80512831309379,197.1433155228605,-571.7844582920172,0.49737544282553225,0.775462962962963
3476,93.53588602063297,12.913192374430537,-92.75437642929586,196.95465984938983,-572.7700458493894,0.5005872011757968,0.7771990740740742
3477,93.6977612895312,11.37272978639561,-91.40990436895702,196.60833427862534,-573.4563255275153,0.4999347781587284,0.7816358024691361
3478,95.12643161010129,11.142652283696805,-90.40671760375406,196.7859161991521,-572.4305481473014,0.4941989855046643,0.7824074074074077
3479,99.0743082818374,8.094038697832445,-85.8623987732393,198.56978976846398,-571.9562660759492,0.47827691100576597,0.7924382716049385
3480,91.93740651921502,13.838419117814226,-94.3112225788843,197.44755121746033,-573.6235477640827,0.5070233070600951,0.7746913580246915
3481,99.12802731683814,7.767652819042496,-85.57485686154152,198.54371863007924,-572.1176561945753,0.4780681815975654,0.793402777777778
3482,99.35927841775842,7.40231928338352,-85.18790179835253,198.6696872287634,-572.263621565947,0.4771335109380276,0.7945601851851855
3483,94.66080944492253,10.452354368828935,-90.11420640032448,196.51204903831172,-573.1602516800399,0.4960705967913956,0.7843364197530867
3484,94.50215942527728,9.91139481654784,-89.76496390410867,196.35947930698416,-573.5756415074421,0.49671043062469455,0.7858796296296299
3485,88.89172982838085,15.101384253922276,-96.28494692539044,199.53429483193392,-575.1524425824996,0.5194574710691793,0.7719907407407411
3486,89.097761641658,14.870403282633958,-96.0651254285305,199.31646286056954,-575.1568410843586,0.5186032619783245,0.7725694444444449
3487,95.78642656580806,8.571923647417691,-87.92945823894598,196.4452217318073,-573.3191326320108,0.49158022719946115,0.7899305555555558
3488,90.8225054332012,12.943726529438663,-94.03694431040672,197.7286588401889,-574.9983619300676,0.5115189294715475,0.7775205761316872
3489,91.93582634250163,11.762589599811918,-92.62043576460182,196.98157324590667,-574.7330130877639,0.5070107178763258,0.7806712962962965
3490,91.13639588252775,11.218598478090428,-92.51392471718562,197.18254788380236,-575.6734633222012,0.5102224762265903,0.7824074074074077
3491,92.41617573705227,11.267901539468426,-91.99247444439737,196.73261952118955,-574.5947889634879,0.5050786271926594,0.7820216049382719
3492,94.39173180620892,9.23874085144297,-89.28025591362655,196.18964979523608,-574.0238143667543,0.497156797225134,0.787808641975309
3493,95.89298392475439,7.910251483175784,-87.32897238633362,196.34189346460855,-573.5981028926813,0.4911627683830601,0.7918595679012348
3494,98.68064503283102,5.675745372362087,-84.0566801541641,197.68122590507838,-573.3521401666773,0.479959100458477,0.7992270413688541
3495,92.25555948223078,10.739855873859995,-91.63915898465802,196.65520796096698,-575.0116286386053,0.5057184610259584,0.7835648148148151
3496,96.7660446326299,6.938938676058285,-86.04394661523233,196.57110544006864,-573.5516884704898,0.48767305629683766,0.7948816872427986
3497,97.06478118274002,5.809854032069325,-84.961080404275,196.49905334091457,-573.9822494756969,0.486493330768611,0.7982253086419755
3498,97.11474857155673,5.199592585405128,-84.43693544768567,196.39358333809682,-574.2808583782479,0.4863056681491426,0.8000000000000008
3499,98.58814594051586,5.393911524203304,-83.86830754854364,197.5406211297494,-573.5332406256496,0.48034234032819206,0.8000000000000008
3500,98.12181483461676,5.327667469226128,-84.03007580905586,197.14897642031204,-573.7392889722933,0.4822349641268865,0.8000000000000008
3501,97.68441874618301,5.273566545419044,-84.2120849070171,196.8302391201496,-573.9835112111052,0.4840030348006365,0.8000000000000008
3502,99.13755278918174,5.479096867161104,-83.7135452236692,198.04130393477223,-573.348924167343,0.4781063316059734,0.8000000000000008
3503,90.02721872375656,11.734692611859941,-93.3047577915862,197.93119426174766,-576.2302311259473,0.5147264914272223,0.7812500000000002
3504,87.53532889475852,13.908688132478744,-95.39625599273958,200.46105259811173,-576.4204228301963,0.5250267786788535,0.776041666666667
3505,87.9968865999619,13.363486016923957,-94.95017688997643,199.91355680005202,-576.5282810148844,0.5230946879951871,0.7773919753086422
3506,89.91421884044107,11.07878189461212,-92.80070304638453,197.8592765389928,-576.6589532439515,0.5151728580276616,0.7831790123456792
3507,88.70164126132238,10.976633446387552,-92.95149011726785,198.76157207936535,-577.4606891553767,0.5201232398287328,0.7839506172839509
3508,90.4109795842596,10.48573054009961,-92.17327740845539,197.4079147852087,-576.6211788906257,0.5131440337275652,0.7847222222222225
3509,91.07722389744373,9.705628179627013,-91.30398793139335,196.87066945072243,-576.527645047275,0.5104389346607702,0.7867798353909468
3510,91.5801804944968,9.128903220453083,-90.63113509551746,196.51924065008635,-576.4309875731841,0.508410110360674,0.78832304526749
3511,87.83812169009033,12.853371873739093,-94.53897586528966,199.94284253598065,-576.8679905870429,0.5237345218284861,0.7789351851851856
3512,91.91718259875805,8.749153002321862,-90.17420978647723,196.31078723388563,-576.3564743641509,0.5070575608272764,0.7893518518518521
3513,91.89107278696571,7.411772190258375,-89.0957492560604,196.01883282475006,-577.0919402386558,0.5071481803343149,0.7932098765432101
3514,91.87249578227397,7.412940116973232,-89.10501154692484,196.0254218984031,-577.1066871447241,0.5072222888661059,0.7932098765432101
3515,91.78127065481473,7.418835744978082,-89.15025574162736,196.0587277168172,-577.1788362628683,0.5075862914471304,0.7932098765432101
3516,91.69008505692261,7.425059526440862,-89.19507223511403,196.09358936314513,-577.2504935026187,0.507950294028155,0.7932098765432101
3517,95.3215553438938,5.046449168685342,-85.32627414947576,195.48030175290805,-575.5396640307274,0.49347639043522934,0.8000000000000008
3518,95.48099572033092,5.05658561903914,-85.24245397939879,195.54115699317796,-575.4184577537922,0.49284101602963415,0.8000000000000008
3519,95.37905982500968,5.049305383182343,-85.29529525213208,195.49763739601667,-575.4943435982337,0.49324788135081027,0.8000000000000008
3520,88.21171138424961,11.588055767345963,-93.49415713797228,199.3211292789976,-577.3806432293361,0.5221520641288291,0.7824074074074077
3521,88.58815630844225,10.324132741698179,-92.43308016420036,198.71004049536842,-577.8696661132146,0.520569606429172,0.7858796296296299
3522,87.77838903834436,8.443594530037728,-90.94911466984597,199.0006816383901,-579.2501662970783,0.5238241813409709,0.791666666666667
3523,88.96571656675522,9.062915699758435,-91.35612324368653,198.1121236560183,-578.335893148146,0.518987148729515,0.7893518518518521
3524,87.99527344499452,8.407891955444939,-90.9154303228172,198.79565870407205,-579.178130607587,0.522933975185325,0.791666666666667
3525,88.21259002130734,8.372922696002433,-90.87640142598627,198.59416288223898,-579.0983306534271,0.5220437690296791,0.791666666666667
3526,88.24566238289717,8.368042699344699,-90.87001894926905,198.56392800920537,-579.0855569066828,0.52190870623049,0.791666666666667
3527,90.85815748511692,7.091194264688966,-89.25530723182814,196.3926689862545,-578.0937089594048,0.5112780032353407,0.7943672839506175
3528,90.03057964493729,6.777933603856354,-89.26559951326526,196.81184662916186,-578.8732283183281,0.5146057124425264,0.795524691358025
3529,89.24374151873963,7.862845120622012,-90.33134778557934,197.62200485355729,-578.8122444485256,0.5178242477008117,0.7926954732510291
3530,90.93350461197392,6.012639586938235,-88.34835110240435,196.11051227126552,-578.6099842172158,0.5109542155485446,0.7974537037037039
3531,89.62838910418023,5.667004600412724,-88.46286576357159,196.83915702324677,-579.7396435129702,0.5162070835126255,0.7988683127572019
3532,89.13541829001474,7.565485682815336,-90.10864404263185,197.6393891725227,-579.0365245932755,0.5182572093365082,0.793595679012346
3533,93.00579011172539,5.006422713903191,-86.59320292709073,195.21731045777778,-577.4384463737654,0.5026925393029934,0.8000000000000008
3534,92.7597404194708,5.013601660156212,-86.72478045344843,195.25772290237188,-577.6425298797965,0.5036698429109303,0.8000000000000008
3535,92.4927981191615,5.02434178019638,-86.86519393841327,195.3170220136012,-577.8619624275639,0.5047301773540993,0.8000000000000008
3536,93.36565370190885,5.0,-86.39786169670943,195.18346765305324,-577.1381207089336,0.501262768940339,0.8000000000000008
3537,93.23088218499424,5.001827718234381,-86.47135325122082,195.19257548553617,-577.2507412089287,0.5017982665302888,0.8000000000000008
3538,90.73214610968105,5.451326744379514,-87.96388774114867,196.09049132264983,-579.0654589957969,0.5117549010835941,0.7991255144032924
3539,90.751737086979,5.145953594120954,-87.70815590816561,196.01140449742275,-579.21370733704,0.5116727507961096,0.8000000000000008
3540,90.7993903968345,5.141467177823074,-87.68708770679505,195.98589915699762,-579.1790945586393,0.5114823494460351,0.8000000000000008
3541,90.74290218822009,5.146800748496844,-87.71199508863157,196.01630168620443,-579.2200400525545,0.5117080749128206,0.8000000000000008
3542,90.68473769085185,5.152600731123869,-87.73673042020171,196.0498551042823,-579.2610443568841,0.5119408980612205,0.8000000000000008
3543,90.62668426984538,5.158791391201362,-87.76043067973217,196.0855885731922,-579.3006971366715,0.5121737212096203,0.8000000000000008
3544,89.84855270845969,5.247686051504218,-88.06155368104066,196.5979705495091,-579.8104380776994,0.5153111142283892,0.8000000000000008
3545,88.91840607923581,7.01603063254629,-89.6962176301143,197.68892463297192,-579.4565709139362,0.5191254262711522,0.7952674897119344
3546,88.8089072200552,7.03199216333843,-89.72477472571818,197.78191012989566,-579.5094251031752,0.5195705293489752,0.7952674897119344
3547,88.69947936148654,7.048158781505663,-89.75208160088592,197.87620282331437,-579.56051205058,0.5200156324267982,0.7952674897119344
3548,88.60822884775817,7.061827364211183,-89.7739026657278,197.9558465983049,-579.6017723918706,0.5203870551245683,0.7952674897119344
3549,88.51704375947264,7.0756794603231015,-89.79483790871471,198.0363288083085,-579.6417716641332,0.5207584778223384,0.7952674897119344
3550,87.03321662188631,6.860621820431163,-89.63341531023671,199.3429654269156,-580.3503509122463,0.5268278445102307,0.7965850841094507
3551,86.84103226851991,6.040091770423942,-88.94699444075384,199.34242894359298,-580.8395682364952,0.5275868306993203,0.7990442928308427
3552,86.60424591734585,5.749389924176455,-88.67828723710464,199.5061970842311,-581.0433983443587,0.5285464154549679,0.8000000000000008
3553,84.53959399180107,6.109057597102662,-88.66897353541067,201.592874274681,-581.2413602604579,0.5369917939531793,0.8000000000000008
3554,87.00375213086272,5.680278689661179,-88.66807035015891,199.10478660930934,-580.9870658041161,0.5269020588030806,0.8000000000000008
3555,84.22977574148675,6.1630339720472875,-88.66678340509772,201.9061191784771,-581.2698739434562,0.5382558874511388,0.8000000000000008
3556,88.39174942306974,264.1432479891365,-299.3331959783432,255.87847477703627,-442.5180424289408,0.5327315439364939,0.0547580048371966
3557,95.79038828801643,252.59710539408778,-286.80864281115765,251.26182612952232,-443.074268290487,0.48744410437391483,0.08694919741053647
3558,97.64688453641578,249.95575712477188,-283.6366653154441,251.74527119685243,-443.3821059530676,0.47631644313322075,0.09510030864197574
3559,95.86827040943592,251.69007659015637,-286.02429911506624,251.0915686216979,-443.5042611556714,0.48699947493200174,0.08957987389598877
3560,96.0858391337546,250.1648909404796,-284.65629942773364,250.8483501255741,-444.16995058427267,0.48573516361325586,0.09402412280701804
3561,94.54779184287997,250.72114476933655,-285.9980451667492,250.46451220332568,-445.01514753440273,0.4949003841072206,0.09217069164681302
3562,87.60447435974913,259.3873111290113,-295.4972495471349,255.51727393352357,-445.4144416918793,0.5373158573205684,0.0688200536062386
3563,89.87902687732702,250.1868194294745,-287.6765616980747,251.61008567934806,-449.06121853013315,0.5228142726833225,0.09438285141867071
3564,89.97931869253503,248.8049451763788,-286.5233174430757,251.23328240108498,-449.7292338151918,0.5221473285204529,0.09832886614684916
3565,92.63713186633348,217.7989816489601,-260.20338861681074,243.08480235464532,-464.1785977299641,0.5058617357572488,0.18703523211320497
3566,87.84844765692208,217.16443617757562,-261.0108995531488,245.89178440490906,-467.78049700554345,0.5332617501566977,0.19038787813154315
3567,90.29818623821097,207.04151671534234,-252.38091238095453,241.67225911700237,-471.7862663863617,0.5186921775406006,0.21855145837845674
3568,88.64751371760596,207.79010891499968,-253.31299044705142,243.09084878096562,-472.4036599976903,0.528124586373709,0.21703757851418704
3569,89.1575601755163,203.5109905176114,-249.75988066529953,241.7080299632449,-474.4102537260652,0.5249911061801975,0.22914861742834497
3570,96.50326061565835,194.41628455933483,-238.98452392645808,238.5625603005279,-473.6660116623512,0.48488230563544044,0.254746949678724
3571,88.97312860895613,201.8181863903219,-248.40664487046752,241.4805109627984,-475.4179627683732,0.5259717117764269,0.23410313334777322
3572,92.98378786684458,196.64103030501093,-242.78410205621756,238.27361464446838,-475.1802987156859,0.5037864836570473,0.24795742786321137
3573,93.08165338868059,196.01734993401698,-242.22520625284528,238.12128249018022,-475.43032681296785,0.5032587825938247,0.2497465586118938
3574,91.3149957469249,197.11475974353385,-243.94018058225035,238.8821484648773,-476.31308402151694,0.5127904331153774,0.24685642432556065
3575,94.0555889571149,193.5127980180537,-239.65307221157795,237.5455289608927,-475.95094040421077,0.49805104387013216,0.2569489567540255
3576,91.33100543501735,196.7313383999713,-243.62123312581824,238.78864818173196,-476.5049502764854,0.5126940942717193,0.2479574278632114
3577,98.96404405129044,186.33070381419043,-231.2009601405734,238.59258164904156,-476.9339384674444,0.4716283378066204,0.2789690275070398
3578,96.95547151589234,185.76827730187276,-231.69047801733345,236.89400298604136,-478.01984415864956,0.48269059694221683,0.2797947801602778
3579,94.44505880229829,188.36038870757267,-235.23288837604977,236.43905839064368,-478.38311252935694,0.4960081685961907,0.27181250451231015
3580,91.71967324121758,190.8729608182819,-238.6866931073941,237.30980104020696,-479.3182395432562,0.5104826260213761,0.2647477318123848
3581,94.27004695847205,187.63936032967194,-234.74575423860452,236.2503108292818,-478.9100335934468,0.49694098459116565,0.2738768861454053
3582,97.04549120033425,184.05910025596822,-230.24889588322552,236.56897873122256,-478.88337008516896,0.4822570721457551,0.2847492960797061
3583,90.21236314881128,190.92047178090507,-239.26483040372977,238.11235334145428,-480.45002097538196,0.5186238510405776,0.2650229826967975
3584,94.00409295875221,185.8668295482675,-233.452255168056,235.82376993021416,-480.074065696309,0.4983511696506365,0.2789690275070399
3585,92.30630705625686,187.57336196090196,-235.73161638635577,236.3756251174657,-480.5926441110811,0.5073091122640352,0.274152137029818
3586,94.0453983882663,185.0076215340437,-232.72835341007658,235.63418302964598,-480.4983487045235,0.4981344072524057,0.281446285466754
3587,88.83068642389279,189.18068279908653,-238.11984698705643,238.7676123444625,-482.2356218642739,0.5261797356198242,0.2705738755324532
3588,89.63040337841002,182.25474394869727,-232.34484001647505,236.57743781674935,-485.4647912020249,0.5214856927837267,0.2901973458595054
3589,89.84698786618767,181.24945506071674,-231.47696094519188,236.19369612991886,-485.86071030032355,0.5202759012052334,0.2930118989603645
3590,87.55639043160016,182.0171099803786,-232.33516581562077,238.30385434731684,-486.6217182425,0.532895017241912,0.29179583152841015
3591,87.54910955209783,181.32790647811993,-231.7726695693884,238.156120535366,-486.9918736579872,0.5328950156068138,0.2937857600534264
3592,94.62027055690103,164.33117339900153,-215.54932095369247,231.0742164786579,-491.06870463994517,0.4952852044349131,0.34104938271604945
3593,93.31828235181916,163.78185587658635,-215.829800054213,230.8581483236551,-492.434709358699,0.5018793241063639,0.34259259259259267
3594,91.01685039241028,166.1404547268271,-218.80937220676697,232.07397499054318,-493.07971054465315,0.5136470801700401,0.33616255144032925
3595,95.33508880141292,159.4996550909777,-211.19733859024882,230.18690929768889,-493.099568699776,0.49172654658274567,0.35506687242798357
3596,90.13935590710611,163.91345284547498,-217.27252239448882,232.0971905618834,-494.9136357084586,0.5181297040188222,0.3428497942386832
3597,96.65591980437976,156.03644042877008,-207.6224980043585,230.03158780353235,-494.0618848561123,0.4851008139668966,0.365354938271605
3598,90.13436010770721,163.19984097501037,-216.69222780084422,231.9402310078102,-495.29798214527756,0.5181330844639238,0.34490740740740744
3599,88.4248010732849,163.70794982065115,-217.38925091321823,233.40272989204684,-496.02516211766084,0.527181183089455,0.3441358024691359
3600,91.01602675946626,159.2507605575438,-213.19465569079745,230.52670707529646,-496.757390747568,0.5134884928977037,0.3560099451303155
3601,91.20784917094022,158.5785983728234,-212.57499738137375,230.279328730779,-496.9658654408291,0.5124947956972142,0.3578960905349794
3602,91.17237063599089,157.88231013868028,-212.02146475387372,230.14060917001402,-497.36602610410256,0.5126641572000933,0.3599108367626886
3603,89.54064666810382,158.15691376653788,-212.72209289350366,231.23458505112922,-498.38178633814874,0.521061510940143,0.35965363511659804
3604,89.63354560323575,157.8168977836369,-212.42602853902946,231.0880310831357,-498.5046195626785,0.5205646623398982,0.36059670781893
3605,87.84511954677686,152.7094461147341,-208.4365923139825,231.46336013047082,-502.13622645845356,0.5297455258033748,0.37609273097008583
3606,89.43166714548781,149.22938927115965,-205.46675478429856,229.3120541661355,-503.2143255845955,0.5212981055588468,0.38541666666666674
3607,98.00504826688976,139.6187322695955,-193.54705376105724,227.2870866753889,-502.1604202484782,0.47875903290917704,0.41312619576203574
3608,87.19161911299588,150.97258259236136,-207.00762967627486,231.68306753243633,-503.2992618244812,0.5330653404106013,0.38140823165595705
3609,97.32196100447953,136.84183970469658,-191.62284621905408,226.15037141773664,-503.9434294922771,0.48227478062466245,0.4208656527507005
3610,93.71641829328163,140.09706614442987,-196.30976684679976,225.52707997779345,-504.7418739551514,0.49986766998361964,0.4108178673922456
3611,97.90385059058563,133.1673614987048,-188.33861492593158,225.75503259688918,-505.6435865674281,0.47950525036265323,0.431668121886503
3612,94.79818247921264,127.00625975927565,-185.02875927626067,222.72857653263412,-510.8519288642399,0.49472920254195496,0.4485918209876544
3613,93.31218018454399,126.51680403949908,-185.46444886397484,222.48698574548845,-512.3310216415944,0.5018038921365685,0.44994212962962965
3614,94.67739524900719,124.49044363468931,-183.04801081659429,222.13571093427967,-512.2891749528067,0.4953214251888941,0.4558256172839506
3615,99.19796299636651,120.2067470177522,-177.22308215907086,223.94883290733486,-512.1808740282712,0.47355662553610944,0.46956221572449497
3616,94.69254595896416,123.82134676033166,-182.49389986240402,221.98875900500394,-512.6341926904786,0.49525381982752437,0.4577546296296296
3617,94.89817863924665,121.78673887780761,-180.71728978433035,221.58144224458113,-513.5590788336742,0.49429725643400024,0.4636381172839507
3618,92.79045993248599,122.88057943140396,-182.7717771263824,221.73415069308908,-514.7135914793162,0.5042597856730201,0.46045524691358036
3619,92.33331259486258,116.43220312853754,-177.7419803649254,220.38720908432538,-518.5399804931579,0.506355884521528,0.47908206086203153
3620,92.06151526017757,115.77712535163164,-177.33526418001892,220.32008084821692,-519.1171275300555,0.5076252525582823,0.4810110732077105
3621,99.03548900102969,108.60750086129158,-167.83139656410358,221.18569771541755,-518.3974279852387,0.474880251768665,0.5028935185185185
3622,99.0221509756582,106.99841536422346,-166.52430222616283,220.81251205083626,-519.25799605577,0.4750054775034732,0.5075231481481481
3623,90.97452181928472,112.51322785186883,-175.12257474526024,220.04658037141803,-521.7369650419379,0.5126862394061207,0.49065613493610555
3624,91.65483426401443,108.37572756748395,-171.48229419064353,218.8028215284045,-523.403417044666,0.5094254698053802,0.5024112654320987
3625,88.4329536537721,109.52995052387203,-173.24470830904139,221.21438012796276,-524.9478657146464,0.5247439203390765,0.5001979775828456
3626,89.1638181830267,108.34904303027656,-172.20308138345212,220.33028363737728,-525.1966935172045,0.521175109930925,0.5032818591617931
3627,98.05739186511163,96.31436936660657,-158.2296995662928,217.58729341938925,-525.2422311925803,0.4799761792897333,0.5378814029672934
3628,91.39157681570907,100.75845284932748,-165.38311047258298,217.20169190397183,-527.6823737315366,0.5105239176638574,0.5244138509854883
3629,88.76766923983377,102.37864040567067,-167.39035298419358,219.31424983283307,-528.6026194482557,0.5228558398550813,0.5206505847953209
3630,94.77148841574447,92.38449531941635,-156.82852216442856,214.9441545300919,-529.350154759973,0.495122353475259,0.5483217592592593
3631,92.52572315207007,94.54915939987305,-159.8145584430353,215.42250255727546,-530.057605747291,0.5052678547757385,0.5420964641542128
3632,97.93715302503887,89.26226202658057,-152.53855291086197,215.9053934730609,-529.0506977911646,0.4807520832789507,0.5581470313515235
3633,94.73071974261754,91.42272723166883,-156.06807716973,214.7185814038471,-529.8955566905049,0.4953129640639853,0.551088369070825
3634,94.72576137770935,90.92039709399148,-155.66150067316764,214.6045702426452,-530.1676226760629,0.4953389401362445,0.5525351283300843
3635,91.67723880044107,91.38355400489039,-157.6249685804352,214.97500632921404,-532.4544414274674,0.5090759588860014,0.551355723413472
3636,91.22368739185933,91.21781018551428,-157.67517589644672,215.13435854029007,-532.9075797217123,0.5111283786337404,0.5519344271171758
3637,91.1117876915022,90.42421822058773,-157.0711550817728,215.0102471375555,-533.4194868199046,0.5116229376090993,0.5542492419319905
3638,91.83557572212084,88.90997259117012,-155.54058013498434,214.3594289733183,-533.6443415869721,0.5083267402498619,0.5584490740740742
3639,94.95482747000585,85.06042189027414,-150.75281380022034,213.34504149359347,-533.1166639964406,0.4943561249309301,0.5694444444444446
3640,94.04234284094966,85.0333073568489,-151.25373133992213,213.17420775663027,-533.8606076677603,0.49842557575475477,0.5694444444444446
3641,96.60523288875113,83.5740158087819,-148.5962254761922,213.71392058367888,-532.7615788863993,0.48698030662473774,0.5740740740740743
3642,91.99828924284961,87.89553860587918,-154.64087566022403,214.07503285980385,-534.051199460404,0.5075818768761848,0.5613425925925928
3643,90.26451020093444,89.45577488615672,-156.56429704201645,215.27603658834235,-534.5721269757912,0.5154665389588625,0.5572916666666667
3644,97.49378874008673,82.46983370487675,-147.22142168962853,214.04302539258921,-532.8693639568532,0.4829780511194658,0.5775462962962965
3645,92.06090019908191,87.08836034691376,-153.9544222972519,213.87326581993008,-534.4299291737454,0.5072911913122475,0.5636574074074077
3646,89.81836111178055,88.97326420071903,-156.2884320349679,215.47083477838305,-535.1359308463195,0.5175016878797455,0.5588374147173489
3647,93.12986908475045,85.0368478338498,-151.7548641935818,213.18385665519992,-534.6232251950146,0.5024950265785795,0.5694444444444446
3648,91.30920547597742,85.1327272137091,-152.6817154282149,213.72567899541036,-536.0869593081223,0.5106339282262287,0.5694444444444446
3649,90.40898454065893,85.22039140428134,-153.0700960746877,214.23122408101386,-536.7286220349266,0.5147033790500533,0.5694444444444446
3650,92.46298153557859,82.84924725674557,-150.30912933094308,212.80797042935748,-536.3547079494261,0.5054492234608639,0.5758101851851853
3651,101.62724748289452,74.21480205181291,-139.0349948165526,215.91317553895405,-536.6189172521825,0.4643300644233492,0.6032235939643348
3652,89.51791628795769,85.3308006053779,-153.38605644246599,214.87087286497493,-537.2738503115876,0.5187728298738778,0.5694444444444446
3653,92.52992072847894,82.04292137116445,-149.6193716145861,212.61120529808636,-536.7289240671481,0.5051464382543707,0.5781250000000002
3654,88.3659414216715,86.23645196330355,-154.2740947027357,216.02641896496706,-537.4218243982561,0.5241330632895281,0.5673276072124755
3655,92.59667035799197,81.23677781030554,-148.9293589004004,212.41531754645214,-537.1028418198896,0.5048436530478775,0.5804398148148149
3656,102.37651169258615,72.49908694618358,-137.45710459598746,216.25367784370218,-537.5678872008002,0.46106739259656343,0.6085390946502058
3657,101.51641967269617,72.05237510026018,-137.30081722645642,215.31810105772877,-537.7695239446632,0.46495350186960605,0.6093964334705076
3658,90.95481168811389,81.14659316769718,-149.56735857089237,213.00276052717786,-538.4928412444708,0.512151936496646,0.5810185185185186
3659,88.79836035538173,83.31216799258985,-151.8550039103233,214.9914592384648,-538.767960289741,0.522010259594123,0.57555636777128
3660,89.43879791910587,82.12734237651867,-150.79132117518498,214.20891080342082,-539.0331327862199,0.5190352339147521,0.5787037037037039
3661,89.40227394806342,81.52972579208082,-150.31132745156984,214.10229022710504,-539.3746848879192,0.5191836016073598,0.5804398148148149
3662,97.71702224489654,72.81090329023684,-139.23524453324626,212.03469197159257,-537.918108132414,0.48221755151814794,0.6054526748971194
3663,94.62695228170574,75.27110017755001,-142.96249257583082,211.0676433674903,-538.5960059805964,0.49586763289009994,0.597608024691358
3664,96.89740471562816,72.08752588719969,-139.07199149777372,211.30728026438527,-538.7180172099335,0.4858944773770006,0.6072530864197532
3665,94.96305837004527,72.07097562570738,-140.1590811493246,210.4294850135916,-540.040555912428,0.4944114835784458,0.6068672839506173
3666,93.44783688210103,71.77421154825555,-140.77389898777028,210.18079184747785,-541.4305381074078,0.5010385738482537,0.607638888888889
3667,100.78619785407783,62.62706693547028,-129.8021279939792,212.48994381877114,-542.7812766374224,0.46871920805758394,0.6361882716049383
3668,89.08231585357052,73.15797386070062,-143.54526162414422,212.46767053603764,-544.0338793817455,0.5203682299875076,0.604684454191033
3669,96.40971876740656,58.645246856700396,-128.38530018956547,208.00152113777258,-546.1822286252055,0.48828609873971296,0.6458333333333334
3670,94.64945543675296,58.79985485763521,-129.52375837342356,207.37197057250867,-547.3676515462945,0.49585798047076096,0.6450617283950617
3671,95.49202452041874,52.86002225604122,-124.19412385319323,206.28355158102778,-549.8957240755361,0.49230411283344483,0.6622942386831276
3672,95.50130655694397,52.32488048786112,-123.75271861991259,206.16667918853545,-550.1746709652772,0.4922711422350875,0.6638374485596709
3673,97.04560540585881,49.87247788444125,-120.88423464104933,206.40359854149258,-550.4873064711593,0.48570806757675883,0.6712962962962964
3674,90.07536271203693,54.812494002738276,-128.3875506777806,207.59915755786204,-553.1971275685365,0.5154657099685599,0.657150205761317
3675,95.32997623803186,49.72524252308469,-121.73341651843123,205.52112191787919,-551.6882120009906,0.493027540412069,0.6712962962962963
3676,95.3194376185917,49.18895770823988,-121.30240785120665,205.3970278156001,-551.9822257934933,0.4930772702978142,0.6728395061728397
3677,96.24125130631683,48.72057783695084,-120.39047450067325,205.6817762596922,-551.5868759832566,0.4891705283806889,0.6743827160493829
3678,96.23151487372671,48.18419639251661,-119.95868382709051,205.55621338926974,-551.8795519543243,0.4892202582664341,0.675925925925926
3679,96.79066197909145,47.077294651538864,-118.74401044017854,205.61620453026427,-552.1232110762754,0.4868552114754212,0.6792695473251029
3680,93.6011424119275,49.67658077461218,-122.67949372323602,205.21277885292463,-553.0947443882569,0.5003470132473792,0.6712962962962963
3681,94.37271839775568,48.61382659168933,-121.38024708667237,205.03268328096243,-553.0251796392588,0.49708347198642977,0.6743827160493828
3682,94.36123313769514,48.078027000327126,-120.9498655502683,204.91052601756144,-553.3203434495564,0.4971332018721749,0.675925925925926
3683,96.25721371616193,46.222354184922864,-118.34473071850113,205.12836189713738,-552.9093154071861,0.48913883639397493,0.6815843621399178
3684,94.37331903035036,47.542806070308814,-120.50657471525193,204.79211809575028,-553.5962684541485,0.4970840199628483,0.6774691358024691
3685,93.59901804804471,46.46296696515415,-120.06043365916912,204.4906912671597,-554.8109453652279,0.5003486571766349,0.6805555555555556
3686,90.35847119818547,49.600981980957414,-124.05889336692265,206.24292859064357,-555.7767591767505,0.5141206177052265,0.672067901234568
3687,100.06686031593581,39.212330207003504,-110.8937745133486,206.51230046087937,-555.2442789112163,0.47297377196860224,0.7032772904483429
3688,92.11420637702699,43.33853521946551,-118.26916897555513,204.0211559320944,-557.7307865303309,0.5065726526315625,0.6896862139917695
3689,97.34633518681733,38.658990911989775,-111.58339316931675,204.08019569513334,-556.3108806512023,0.4846618988060467,0.7037037037037038
3690,90.17042185392418,44.577295748990736,-120.02061604940296,205.2298279078326,-558.59217697457,0.5148098684682283,0.6865997942386831
3691,90.61826005831611,43.54633798559641,-119.04162295153624,204.72483099286686,-558.8160345373726,0.5128848243884576,0.689429012345679
3692,95.72684213807844,38.368993387593946,-112.24660883441587,203.11817145404254,-557.4614849621905,0.4914789181767603,0.7040895061728396
3693,89.09984324992044,44.29325875088139,-120.02852974503327,205.94492740876677,-559.4382329966501,0.5193959115643878,0.687821502057613
3694,99.80468417688031,34.19855644460401,-106.88411141978663,205.13220189456186,-557.9309052159698,0.47430379038410775,0.7175925925925928
3695,88.9539888693568,43.84546092535379,-119.68606996228739,205.96197098424298,-559.7609620852157,0.5200114324637262,0.6891718106995883
3696,97.20408780243866,35.38299435856882,-108.98726497800195,203.2477588856014,-558.130857518215,0.4853253806611082,0.7130915637860085
3697,97.5983088466231,32.08201161130896,-106.09292635387386,202.778250567606,-559.6947794211713,0.48374351966579887,0.7227366255144034
3698,97.49505217009964,31.71180313926058,-105.84407789902527,202.62072102274783,-559.9416842016224,0.4841866819394173,0.7237654320987655
3699,92.42907286963936,35.87916213178002,-112.04120594490355,202.25954474122196,-561.4497278440441,0.5052032197624821,0.711130401234568
3700,90.81906805641816,37.29924165969646,-113.88193314228094,203.2086756908458,-561.9996871597109,0.5119306338702411,0.7073688271604941
3701,90.777940977306,36.73416044305091,-113.43609003000574,203.10396044079894,-562.3332305513246,0.5120953159235236,0.7090084876543212
3702,89.20961750027567,38.26190811986456,-115.09731012804143,204.49941140011273,-562.59563390347,0.5187599695252736,0.7051504629629632
3703,89.18580224781238,37.595755898162764,-114.55876113740338,204.36818732680857,-562.9659019633705,0.5188442033003633,0.7070794753086422
3704,92.05206945210429,34.324873908929135,-110.95270097775523,202.0149636199225,-562.5954821082702,0.5067545848700795,0.7156635802469138
3705,93.33970644794772,32.392228789437524,-108.73345269846986,201.33794660125434,-562.539725234487,0.5014138252420525,0.7210969650205763
3706,95.55262693389699,30.12013649047111,-105.62519285366896,201.19483045821036,-561.9885015103241,0.49229775516110175,0.7278163580246915
3707,87.40208173690553,37.808026094576945,-114.84377461287463,205.9820711973602,-563.6833412471824,0.5265098057108224,0.7072723765432101
3708,93.17908048553946,31.85894999910039,-108.38480452896043,201.23045971552816,-562.960601147379,0.5020785686524801,0.7226401748971195
3709,89.0778600186278,35.802561236285925,-113.11667994837077,204.05069843092474,-563.9876078038533,0.5192578011820179,0.7122878086419755
3710,89.13869605413129,35.001603468048955,-112.45418503635268,203.82169787963576,-564.3799467460068,0.5189773158959161,0.714570473251029
3711,88.94992564538714,34.113576906011104,-111.7602466179507,203.77308732785448,-564.9632209836078,0.5197518473418654,0.7172067901234569
3712,88.74316023141546,34.590533926947046,-112.17605346080562,204.05117431134195,-564.8220382198886,0.520642182020634,0.7159207818930042
3713,89.65788847028529,33.81488794298485,-111.38467744323958,203.1603048409499,-564.6907615748654,0.5167514791989947,0.7177854938271606
3714,95.09684844672338,28.687762982602123,-104.7229124684754,200.7184033764135,-563.093190043763,0.4941948310839652,0.7318672839506175
3715,90.44659551239536,32.69439039124504,-110.25583533758183,202.38496460337993,-564.7395335894797,0.5134146101633876,0.7207433127572018
3716,95.0300762001034,28.24945646464397,-104.4043227708722,200.60054508685124,-563.3783788992736,0.49447322492824003,0.7331211419753088
3717,93.34163719332335,29.658170263799832,-106.50504725851255,200.7236516374171,-563.9990998960418,0.5014082403723065,0.7289737654320989
3718,87.63021267213875,35.19097804829889,-112.72178236363276,205.1764526267713,-565.0045048330838,0.5254198547544203,0.7146990740740742
3719,88.24622902184302,34.421080150127494,-112.08286588179944,204.44154623055994,-565.1608652144612,0.522752215484736,0.7166280864197532
3720,93.27397493234625,29.22394348716091,-106.18740072642383,200.63059742415865,-564.2882436133796,0.5016866342165813,0.7302276234567904
3721,90.28524968322836,32.06502740976828,-109.79285514762593,202.3423190602437,-565.1935873098124,0.5140787927793784,0.7226080246913581
3722,96.12511615364447,26.388778116057097,-102.25639645770028,200.60284489665563,-563.5802146099783,0.4899865385785405,0.7386831275720166
3723,88.70770240080645,33.0109076128858,-110.8938810143884,203.72527754663452,-565.6852200467727,0.5207472800741961,0.7204861111111112
3724,91.61480634473281,29.631665686322435,-107.32258538617133,201.11496980518558,-565.4617140062495,0.5085152458551949,0.7292631172839508
3725,93.03563955150736,28.191088295343377,-105.47084195490416,200.42175519868206,-565.041237597074,0.5026621562407568,0.7332175925925928
3726,94.55408781336868,26.489302203322893,-103.24436690364382,200.09277962224104,-564.6893140120725,0.49643123133519707,0.7381365740740742
3727,90.03555229457865,29.604764028511738,-107.860009306371,201.94959413922913,-566.6839118038092,0.5150701730949409,0.7297775205761318
3728,91.60976054762367,26.517811969139984,-104.7880832424939,200.41747772101093,-567.1286123098737,0.5085036994842828,0.7382330246913582
3729,91.70234018297398,26.280730806943893,-104.55494582425379,200.32839308850134,-567.1792875615232,0.508120091857398,0.7388974622770921
3730,88.25807874345986,28.526253181247455,-107.28186534700345,203.10192471990982,-568.3065545980236,0.5225087822509669,0.7336033950617287
3731,88.2240482166631,27.39333110470733,-106.36128909356997,202.87665627322704,-568.9281234759818,0.5226161234822766,0.7368827160493829
3732,89.06933701552984,27.332494811337313,-106.21904059585498,202.1489141679567,-568.5177417093902,0.5190613607589369,0.736689814814815
3733,89.06154270777131,25.927592718844153,-105.0758307007367,201.83870554115774,-569.273154991121,0.51905702794495,0.7407407407407409
3734,89.90603658860277,26.104874684071376,-105.04336457436119,201.24985219703643,-568.6430388096217,0.5155392517913943,0.7399048353909466
3735,99.70419872407209,17.249372399291985,-93.09515459399073,201.21146510826873,-566.9656720750887,0.47536661740253655,0.7663593783842316
3736,99.63586489305372,16.886509995348547,-92.82295095021117,201.06513056652793,-567.1676741212932,0.47566765832796765,0.7673712638076671
3737,97.2509183625802,18.1019468483816,-94.88025404654341,199.38774364484945,-567.3242618231934,0.48549671815810225,0.7628786955815465
3738,97.4603121259313,17.424099480787277,-94.21769899539089,199.3787920640852,-567.5785966536982,0.4846484190228347,0.7649041585445094
3739,88.08577891764497,25.68152362764829,-104.9742419638003,202.61468779082531,-569.906250729181,0.5231460701395347,0.7418778427550359
3740,87.15389130935256,26.57980770534681,-105.68869397563242,203.68482300673716,-569.7659037287268,0.5271277711028097,0.7397356237816766
3741,88.29374857928283,25.313087223044647,-104.66327677455155,202.34625187765462,-570.0074043253484,0.5222562962552031,0.7428423489278754
3742,88.60431932650494,24.260396789368258,-103.77913475970449,201.83976878841418,-570.4153386658635,0.5209191118537397,0.7457358674463939
3743,98.444425725336,14.844187548583818,-91.6361469527171,199.5520488916351,-568.5412352768507,0.4806644237045733,0.7727166585445097
3744,96.62461853468234,14.838048687068977,-92.56013952833635,198.26701794262792,-569.4226519031614,0.48811325485361845,0.7720871913580248
3745,94.00186609536226,16.86659797549936,-95.7172529952715,197.85673229287275,-570.2723622163979,0.49870674188766817,0.765817901234568
3746,89.0073920390461,21.205881126448958,-101.23993248596231,200.81804006451247,-571.8259649722327,0.5191529388579041,0.7543588910547978
3747,99.52877325146638,11.772910414518662,-88.69065701090773,199.81098993320973,-569.9063857043238,0.47629321055341134,0.7820486787957546
3748,93.33104328481895,16.599285869816526,-95.86804010181461,197.79062572153714,-570.9756571270564,0.5014173868484143,0.7665895061728396
3749,88.7614734976818,20.57211980639272,-100.75827844796532,200.8762054698671,-572.3019557047872,0.5201551656369409,0.7562879034004769
3750,87.60207182952624,21.613897287282384,-101.66947930384106,202.13936627061122,-572.2756854844694,0.5250351852123567,0.7538174139051333
3751,88.92433320628086,19.476842088962712,-99.84400531995222,200.4952541993698,-572.7970675988656,0.5194489742342681,0.7593743231535636
3752,94.07744047256458,13.787417004453118,-93.16420985354091,197.17165236464928,-571.852237578899,0.4984009987921801,0.7746913580246915
3753,94.00492041682193,14.790590148960575,-94.02327710801391,197.39070281714586,-571.3769754561104,0.49869415270389883,0.7717978395061729
3754,95.74082233344666,11.548965528233055,-90.3814109090426,197.0957219377275,-571.7624183506482,0.49172744186815376,0.7813464506172841
3755,101.2241853079367,7.338572286884869,-84.60758117401299,200.4353874200198,-572.2433720829254,0.4694599737041414,0.795654984297162
3756,101.29521707182116,6.2997482809179814,-83.7443651863362,200.27126759739969,-572.80121683532,0.4692098191878218,0.7986821799870035
3757,100.07151999798137,5.63346788847241,-83.53729080180989,198.94576162791103,-573.1729883377766,0.47427228018646206,0.8000000000000008
3758,101.0999244151475,5.808369097455454,-83.39062773087407,199.97026789533285,-573.0542296346935,0.47003511512796686,0.8000000000000008
3759,101.27994341216012,5.839453811428598,-83.37238683827893,200.15188293480017,-573.0449683087019,0.46929546675498746,0.8000000000000008
3760,90.03192983572956,13.117894077812366,-94.43047139363122,198.23947269321218,-575.4881005862073,0.5147348842164019,0.7772633744855968
3761,91.77902829336796,6.682529506198875,-88.55079956950483,195.89375907303537,-577.5733165528333,0.5075853243316515,0.795331790123457
3762,91.81768143322958,6.144334855303498,-88.09481620460502,195.75880050198109,-577.8282686467695,0.5074234304882534,0.7968750000000002
3763,87.77292533079242,6.965268086325807,-89.74589753753813,198.67134255233466,-580.0424869787188,0.5237931611662845,0.7959262869106926
3764,87.67712157852364,6.553953174063963,-89.41160943621783,198.66700221429173,-580.3002421286855,0.5241726542608294,0.7971558912713885
3765,89.61663366555885,5.2756666746727205,-88.14674924027089,196.75943479295222,-579.9563341718917,0.5162455835944733,0.8000000000000008
3766,89.36791016204862,5.310072246442758,-88.22087274953192,196.9592399353241,-580.0893001040322,0.5172519352194868,0.8000000000000008
3767,88.22906606181311,5.839752867853065,-88.81254668308499,198.0078204313844,-580.4447303552029,0.5218969571059728,0.7989563027940223
3768,88.45881525996302,5.441440725985899,-88.46714826340157,197.71993729653033,-580.5409242176466,0.5209455748065771,0.8000000000000008
3769,88.40876468637501,5.448719862709709,-88.48051209350642,197.76202324884812,-580.5655131325842,0.5211491396385497,0.8000000000000008
3770,90.72209559092664,249.23140133946572,-286.6430822609003,250.87228914409232,-448.9617293930283,0.517680276025233,0.09686405764926775
3771,89.14747246398346,249.2974393555137,-287.10936396163044,251.951336381157,-450.0036370543052,0.5272413391308601,0.09722278626092037
3772,89.89925892689945,203.55463955680085,-249.64560390099817,241.15869104594384,-473.923436722159,0.5208069073294082,0.22873574110172598
3773,90.38189409701775,181.928438486433,-231.8872652342169,235.98588511437836,-485.1290820696738,0.517423571521398,0.2908710900837491
3774,95.47279182502947,164.64112501994038,-215.30812237524782,231.39180330717207,-490.25356341448924,0.4909495707509343,0.34027777777777785
3775,88.59370759494055,152.51106806639274,-208.25234431175525,230.74135838863668,-501.9231704990011,0.5257796869940641,0.3763179704233145
3776,90.1897900370295,149.51075543387904,-205.52181056486987,228.82960092646948,-502.5677623454176,0.5174432149272248,0.38432355967078197
3777,88.30622938311828,150.0933871854698,-206.2992878120199,230.45355743577747,-503.3466953429364,0.527181722984724,0.38341244916131195
3778,88.44888596999553,148.77263363563867,-205.2156915975894,230.02878102514717,-503.98750895842005,0.5263696842319591,0.3871527777777778
3779,97.28888659405686,138.87754714260504,-193.29872521825678,226.58531879652313,-502.8731789016376,0.4823758963740091,0.414990061638146
3780,92.79228810382213,91.39986993072282,-157.11510421960807,214.66107050376417,-531.5137024933349,0.5040434204676421,0.551140824669699
3781,92.72053802890039,88.06152612372844,-154.4313195039647,213.9243456075294,-533.3567588564435,0.5043481102808555,0.5607638888888891
3782,100.27021186576656,75.11297281123794,-140.12115120919964,214.80637965169188,-536.1269503594668,0.4704707117342879,0.5999657064471879
3783,91.71835701897928,81.98789795270417,-149.94915289244688,212.84648126435036,-537.4343685707272,0.5087541489918581,0.5784143518518521
3784,100.18719883785937,73.4911747396497,-138.82192522397105,214.35926003763527,-536.9919613740909,0.4709382898189806,0.6045953360768177
3785,100.13041937526367,72.40991525413429,-137.95575990971813,214.06096669605878,-537.5685913940515,0.4712500085421091,0.6076817558299041
3786,99.72803900312678,61.977232761204675,-129.56525817040523,211.32570922358153,-543.1444039399305,0.47353616375962093,0.6375385802469136
3787,94.1063060152695,32.399233900905756,-108.31578514467436,201.3553954710309,-561.8966977504782,0.49824695246397954,0.7210808899176957
3788,96.66694919171232,29.978132857527157,-104.87473202336054,201.69703247799058,-561.3197176785889,0.48768313398783114,0.7284915123456791
3789,96.39760058183472,29.28194278667729,-104.45907882017306,201.39097767641113,-561.8589943473369,0.48881831219184746,0.7304205246913582
3790,96.17173908034158,28.55843890000932,-103.99804927450866,201.1128558139659,-562.3922516760222,0.48976685015327925,0.7324459876543212
3791,89.23340416155173,25.337465847391172,-104.56591778541933,201.56993970217567,-569.4863200381425,0.5183223625829717,0.7423702485380119
3792,89.39023637407087,24.813489357890433,-104.10933179190752,201.33117254417374,-569.6696982647177,0.51765377038224,0.7438170077972711
3793,96.39583051228986,18.23935510929732,-95.46080861460179,198.90699002644976,-567.7512328520437,0.4889931245807238,0.7622263848278104
3794,99.25291201295504,15.193130836226658,-91.581822211606,200.3313065572159,-568.1345452314422,0.4773177418810029,0.7720694241390513
3795,94.14108100815278,16.399782200307982,-95.25806667673717,197.764902034092,-570.406619467259,0.4981432001983743,0.7671682098765433
3796,89.64840047753512,20.334502806957403,-100.40645619449273,200.1314667202036,-571.8961103816017,0.5164750724770999,0.7566161739224608
3797,94.19910685963063,15.59736851727456,-94.57067091431009,197.59129083803782,-570.7867790219211,0.49790758692627457,0.7694830246913582
3798,93.44662618754143,14.990664834641962,-94.49475558513092,197.42360903919004,-571.7362544819134,0.5009461603042148,0.7712191358024693
3799,92.86807539516732,15.671581851989629,-95.3550925984077,197.63226456485455,-571.8629206206758,0.5032860269189746,0.7692901234567903
3800,89.73075762605168,19.7882599051523,-99.94201266238092,199.94938604158727,-572.1334143533282,0.5161219767757634,0.7581593837990042
3801,94.93557805949834,14.850743342615033,-93.53915977916908,197.56511240375673,-570.5988232313881,0.4949420606640803,0.771701388888889
3802,92.52114330765741,16.82185894264427,-96.46680251225872,197.95610994406312,-571.5418630402916,0.5046915734984543,0.7660108024691359
3803,96.6081613781555,11.973520037332548,-90.23441326131748,197.61374527880992,-570.9605577230699,0.48822370607264576,0.7803337191358026
3804,88.2175557107025,19.67835765505265,-100.08084638106952,201.1419961798937,-573.0540518072937,0.5223900974114944,0.7591035845787313
3805,91.61859277367176,16.136202725860926,-96.32425891120654,198.079383682694,-572.6600734355561,0.5083365384944807,0.7681327160493829
3806,92.69351882540954,14.404314610642473,-94.41153853924826,197.3776792471736,-572.6870090408452,0.503984733682155,0.7729552469135803
3807,91.84545305814413,14.982114925131953,-95.28500473522051,197.73612776503958,-573.0892782706699,0.5074066745898509,0.7714120370370372
3808,91.36914074100588,15.48528297321144,-95.89803046954118,198.03601280522744,-573.209980170141,0.5093387652735173,0.7700617283950619
3809,100.29360898347609,7.368548697876349,-84.85282074024472,199.53897054981016,-572.1838458279439,0.4732967423210845,0.7951075847411738
3810,100.32868744844066,6.8493322421783205,-84.41926334435637,199.4555934699091,-572.4596715504082,0.47317166506292463,0.7966211825860945
3811,99.62824302114399,5.557681958727812,-83.59131607956937,198.50119683473983,-573.2099061900283,0.47610047725234594,0.8000000000000008
3812,87.53277823467462,5.937557500894172,-88.90824090296474,198.66174908555362,-580.6840596998865,0.5247418939026466,0.7990002978124324
3813,87.38731707387296,5.614947756502829,-88.6397688164198,198.7254000274076,-580.9054864737342,0.5253241822477155,0.8000000000000008
3814,88.38070168927328,5.453276518691723,-88.484885452149,197.78850847416655,-580.5748521984074,0.5212638240509285,0.8000000000000008
3815,87.70443010548783,5.562042933506746,-88.60111665093778,198.4191057687642,-580.8156060035122,0.524025599220815,0.8000000000000008
3816,98.98491582934817,74.75102227090753,-140.24838987378286,213.5195164676348,-536.4566534903979,0.47641901087391036,0.6003943758573389
3817,99.51769648198993,73.94383858387599,-139.39429002915745,213.82470110313102,-536.79240363435,0.47400861347445,0.6029663923182442
3818,99.4744431710328,73.13305003835163,-138.7481150593441,213.60122726481444,-537.230143090442,0.4742424025167963,0.6052812071330591
3819,99.4447139136273,72.59241026522278,-138.31748760163293,213.45222852059584,-537.5222046230568,0.47439826187836054,0.6068244170096023
3820,92.11804981670764,15.568625957915629,-95.6389421800278,197.7797328569816,-572.5497363514088,0.5063123960962459,0.769675925925926
3821,90.62386580769407,15.418731110751025,-96.12275866753514,198.39404714017343,-573.8283461415157,0.5123651344507887,0.7704475308641978
3822,99.49117771521918,6.563540115192495,-84.45536196471977,198.6003516599029,-572.687000086588,0.4766241661587224,0.7970374431448992
3823,99.49917868126447,5.53592010433141,-83.61504251216134,198.3744611845907,-573.2330832624572,0.47663164950085246,0.8000000000000008
