vertex,flat_x_mm,flat_y_mm,source_x_mm,source_y_mm,source_z_mm,u,v
0,88.01830490052743,182.53818052588022,101.49879673437091,267.5723391910061,-570.6028248614334,0.1736742750570861,0.8000000000000006
1,72.49325128866076,188.98449746062767,88.4886549464841,271.383000765382,-580.5427598541891,0.155179200793475,0.8479532163742295
2,88.64904983266064,186.17932513328276,101.64607869781202,271.25782372728617,-570.7536571917009,0.15886306387502633,0.8000000000000006
3,39.673924781887905,151.93690978085152,65.94881656787219,229.52928192207182,-594.3410541800374,0.30787187582848013,0.9239766081871148
4,21.266123778716462,197.89370601331143,46.770008695635894,271.77990219843304,-611.5813974571889,0.1450810075229354,1.0
5,6.376360884239446,112.20703881584055,43.29978126798486,184.9404767283186,-608.0275527472342,0.4605645508634853,1.0000000000000002
6,43.13633236693282,31.01510593058805,72.71266159862945,249.16879664354275,-603.1811170109553,0.7680022606414502,0.9239766081871308
7,21.266782228489603,5.0,52.726261007243096,271.2139908222,-619.594358508705,0.8549189800391725,1.0000000000000007
8,13.539170667549186,49.473969665978586,50.92541260725145,226.14451570566,-617.7501790436742,0.6911837277893224,1.0000000000000004
9,39.400685865646416,52.5312483654732,71.84152409128605,227.36727828692008,-602.289015238306,0.6861346345165249,0.9239766081871308
10,72.49421391727594,13.908028461129362,94.44490725808271,270.817089389149,-588.5557209057109,0.844820793493578,0.8479532163742611
11,85.9337018472028,175.80279548752094,100.49772679786795,260.597306139836,-570.8542894443696,0.20079675190663648,0.8026315789473388
12,86.85725788781896,175.8606620439463,101.22836824300467,260.8053289358522,-570.3258773159369,0.20017793804954198,0.8000000000000006
13,85.32785783491614,172.3036971592403,100.35604267603392,257.05189395354756,-570.7091899513356,0.21486547712522475,0.8026315789473388
14,86.28659191495503,172.56473716698287,101.09491094114799,257.46577939263625,-570.1892029547563,0.2134297695457698,0.8000000000000006
15,86.14850298719394,171.76929513780323,101.06270099489163,256.6597751461509,-570.1562166128218,0.2166973444352116,0.8000000000000006
16,84.72369099254101,168.804150974467,100.21435861203595,253.50648172296428,-570.5640905366049,0.228934202343813,0.8026315789473388
17,85.5104394830395,168.07523450057704,100.91313886257595,252.91722342673154,-570.0030492731114,0.23158296337616033,0.8000000000000006
18,85.44171879847794,167.67752898053052,100.89703415214318,252.51422131148263,-569.9865564551276,0.23321675082088122,0.8000000000000006
19,85.57941680018207,168.4729484089177,100.9292437475128,253.32022556121206,-570.019542325398,0.22994917593143943,0.8000000000000006
20,66.63753748266745,135.72532831815627,89.02954312214598,217.97242157561706,-576.3683022923619,0.36424949451768934,0.8382066276802987
21,81.01977564491736,142.18430207707098,99.86480347899715,226.6838568631014,-568.9294495660909,0.33517523677742866,0.8000000000000006
22,78.71227723405937,128.88055272194657,99.32615805769292,213.20500154528344,-568.3778215915165,0.3893631610246936,0.8000000000000006
23,36.38353059001612,123.24117243917115,66.13547889847224,200.72824600156667,-592.1680143913638,0.4168746101741342,0.9191033138401495
24,51.33179664918257,128.45642180893623,77.54093581755163,208.3098415543832,-584.2255827650117,0.39502963982945855,0.878654970760224
25,84.72025878075449,34.0895231432805,106.17071092064933,252.94056025437106,-578.5771861219188,0.7710657933714765,0.8026315789473625
26,85.43843629349061,35.21609763390762,106.85339024542861,251.94829945835693,-577.9996571322756,0.7667832449773004,0.8000000000000006
27,85.57615806397239,34.4206549971035,106.88559640307241,252.75430394313443,-578.032638378936,0.770050819866771,0.8000000000000006
28,85.61058960094917,34.221785296555595,106.89364781350459,252.95580510443023,-578.0408835167295,0.7708677135891387,0.8000000000000006
29,85.93170857294619,27.091847292631854,106.45403789491178,260.03138833768344,-578.8673295908419,0.799203243808653,0.8026315789473625
30,86.75169714714282,27.630426108201675,107.16052354410022,259.63490768613195,-578.3141799455217,0.79737137658158,0.8000000000000006
31,86.85868919107764,27.013183879238966,107.18550501555788,260.26011778786483,-578.3397624596573,0.7999316889589545,0.8000000000000006
32,88.64904983266067,16.71340933584193,107.60232444185543,270.6919129750648,-578.766609407856,0.8411369388881121,0.8000000000000006
33,62.247510824046955,160.6455979006704,83.09285739708628,241.79999186501212,-582.464112530332,0.2684030390861466,0.8633040935672268
34,69.99553042405603,123.24190914343835,92.92974503553872,206.22623025815156,-572.6394695873669,0.4129584007368068,0.8222871994801745
35,78.42199602740386,127.20955775159744,99.25848598467559,211.51174088516535,-568.3085166909518,0.39599841705498806,0.8000000000000006
36,71.68740284785167,117.06751245947035,94.8826187515978,200.42165237944275,-570.7779039064432,0.4373128538463654,0.8143274853801122
37,78.09766874681242,125.34090198691077,99.18282053024278,209.61826144011562,-568.231028250497,0.40348434693531776,0.8000000000000006
38,76.36557279288927,115.36400446491936,98.77884492882052,199.50875409360606,-567.8173233250211,0.44374531805885004,0.8000000000000006
39,64.88824983941181,120.7949271912923,89.09918787399872,202.97983849091577,-575.2575167193302,0.42321844917406315,0.8357699805068162
40,60.36379334936988,123.31714953746967,85.24516675923824,204.72485801600175,-578.2455691953544,0.4138221793925283,0.8500649772579522
41,57.21818988284843,117.06171764887182,83.35094082522329,198.0491401025653,-579.1821278537104,0.43860852182994775,0.8559941520467788
42,49.73481827586462,114.40536447927757,77.64633021579154,194.20969702631547,-583.1514359363645,0.44953100700228554,0.8762183235867413
43,74.42598378073555,62.71043332851079,100.76350258310156,223.0680701029828,-580.4869033933209,0.6548452138218992,0.817982456140348
44,81.14293604455432,59.97811608321237,105.85080136666522,226.8569307513169,-576.9729416243748,0.6674313976040159,0.8000000000000006
45,29.802251194784567,108.2751420254484,62.4467195564604,184.90397196746972,-593.9740633014693,0.4742015095750819,0.9305555555555559
46,34.74301944281441,108.96143783942055,66.28417230411281,186.3898872860259,-591.155111343756,0.4713759773469612,0.9166666666666669
47,25.110647825403063,109.03532517285853,58.58204039200481,184.88860134752295,-596.7376162248718,0.4714741178327626,0.9444444444444448
48,15.347419436081125,108.34761559005523,50.892155243933814,182.60586155261376,-602.3465745406567,0.4744526412215542,0.9722222222222225
49,36.92862064641827,74.07553633333615,71.98082443392732,205.74348352500164,-600.6585937036709,0.6043305311017213,0.920321637426899
50,51.6613679009292,72.5273255373266,83.5748542026529,209.67743889692682,-592.3182093964492,0.6123796343944234,0.8786549707602321
51,43.08034365909989,83.9393644035048,77.85290905549373,197.03437848732693,-595.6787384463345,0.5674530310406706,0.8976608187134495
52,62.11317369161526,43.011424172393276,89.01825255507221,240.45744778955086,-590.445529927866,0.7286002139440007,0.8633040935672467
53,70.29345673808771,109.53699123414927,94.59065474458706,192.77095430723938,-570.6229216927936,0.4675242294999197,0.8145711500974636
54,72.84469191123,108.96371607416356,96.70552388574808,192.62016063979289,-569.0929431352436,0.4697462712071246,0.806936322287198
55,66.57458336728642,114.59199755285813,91.05094864624972,197.14620239662412,-573.3948267216093,0.44757290228362184,0.8278102664067539
56,67.42130912405914,111.51127744536842,92.05130473855706,194.24824619272,-572.4961380219166,0.45975012883840116,0.8238304093567229
57,74.45520480672572,100.16340769440117,102.06781431663995,188.0100669827832,-572.3850236740564,0.505101023909231,0.8000000000000006
58,72.53215764093949,100.05803571471115,100.59263996695485,187.72065158629434,-573.5890904572318,0.5055097058149925,0.8055555555555555
59,72.52860528378997,100.13291659309375,100.5489039646641,187.70381576747067,-573.5305207264779,0.5052129704297773,0.8055555555555555
60,74.45484957101075,100.17089578223944,102.06344071641087,188.00838340090084,-572.3791667009809,0.5050713503707094,0.8000000000000006
61,74.46281336056391,100.00660227576684,102.15934463013006,188.04554454927376,-572.5075947650108,0.5057240778407676,0.8000000000000006
62,74.46318731894492,99.99911500998527,102.16370323587161,188.04733882447064,-572.5134301687099,0.5057537513792891,0.8000000000000006
63,72.53589722474933,99.98316305689563,100.63622602437032,187.73859433826325,-573.6474444942222,0.5058064412002078,0.8055555555555555
64,67.91690615464134,108.36153009956831,92.8599034277057,191.22140539755253,-571.899802430114,0.47241195427675886,0.8208252111760869
65,64.01629037435865,113.34211188617928,89.13612510572992,195.49616511403624,-574.704805131464,0.4527029265022501,0.8345516569200748
66,61.74900078794374,114.57433329399805,87.20641480460553,196.33930383802516,-576.1955782548185,0.44800479161148266,0.8416991552956428
67,70.89306801597314,101.07463496646031,98.70877724129535,187.3285054539656,-573.7146363690123,0.5014742877916256,0.8101851851851852
68,69.28380437987539,101.61520887581933,97.10416582793489,187.08668579275815,-574.213598217063,0.49933012753514117,0.814814814814815
69,69.28729335633545,101.91877865975331,96.92444529359722,187.12483622362387,-573.9715502427664,0.49813125233376104,0.814814814814815
70,69.28582376642069,101.10845820175042,97.40658194137346,187.06716672817706,-574.6203215456856,0.5013322307576143,0.814814814814815
71,70.89369037796118,101.02457978925129,98.73864802678406,187.3299528776766,-573.7547668110898,0.5016721113817691,0.8101851851851852
72,60.17770798033515,111.45527147519965,86.28343052793511,193.00806955585483,-576.6962039442551,0.46039796283019235,0.8446637426900561
73,65.12967464649466,104.20035559053076,92.26039937135477,187.2964170876404,-574.7740910390368,0.48916248357659325,0.8271604938271606
74,66.18278882463981,103.99469805891796,93.2157957198072,187.35312624391864,-574.2890969894783,0.48996150449195547,0.8240740740740743
75,66.1763136641973,103.91945933819267,93.25340378658332,187.31215677218472,-574.3401694139941,0.49025823987717077,0.8240740740740743
76,66.1701930457805,103.84417023298788,93.29139984882585,187.27215290242628,-574.391750990909,0.490554975262386,0.8240740740740743
77,66.14154271237275,103.46281135328164,93.4892496151554,187.08482872925512,-574.6600737746477,0.49205655267924087,0.8240740740740743
78,65.15888875946352,104.50382263432522,92.11717608856813,187.4821169714533,-574.5792118018476,0.4879636083752132,0.8271604938271606
79,56.63230524191873,109.55349471895998,83.6875878740438,190.5519672840837,-578.5437868346844,0.46811439007831107,0.8539230019493154
80,58.80712946937967,108.3544911686908,85.58778695167214,189.72486661586345,-577.1760223879224,0.4728053946623531,0.8470597790773213
81,59.75772683342189,104.03189391724838,88.07232421610604,186.329205117581,-577.9993455643202,0.48990383107855573,0.8425925925925928
82,60.8760557068797,104.53178022270171,88.68753104979778,186.80294984202146,-577.0517742514543,0.48792515943294656,0.8395061728395063
83,60.846500981828996,104.22658220302034,88.83112123555061,186.6151348881012,-577.2471736844592,0.4891240346343268,0.8395061728395063
84,59.751264267735024,103.95599475654492,88.11011607769125,186.2875041422763,-578.0506743791306,0.49020056646377097,0.8425925925925928
85,59.7449207882197,103.88006372787703,88.14830454524954,186.2467796659004,-578.102523780272,0.49049730184898627,0.8425925925925928
86,59.71569376620454,103.49540683144987,88.34725353648652,186.05598192860688,-578.3723684361445,0.4919988792658412,0.8425925925925928
87,53.081880160461445,112.2497044890803,80.53724525920786,192.63201735359442,-580.9143718553219,0.4576951062093234,0.8654970760233895
88,66.85217181291682,94.16442600121603,97.69637257716924,190.86307100241,-580.2665017061569,0.5290314688576039,0.8240740740740743
89,64.05833634916078,91.73883688636742,95.3093301030112,192.7841217191791,-582.3387581995568,0.538624634272322,0.8333333333333335
90,63.60405129507285,94.35611373304715,95.12249692793277,190.14253271210725,-582.1214169372613,0.5281145070533428,0.8333333333333335
91,68.53058603668687,93.75213764764771,99.00846029405295,191.54046966806595,-579.3687925064124,0.5307730463520313,0.8194444444444443
92,54.07173108640906,108.85405829551681,81.73284329739188,189.4436385566948,-579.9560602972394,0.4710034902484404,0.8609486679662104
93,76.74996981542944,84.44428214361714,104.73893751723257,202.04074139315978,-576.0471318687402,0.5686684030942525,0.8004385964912272
94,76.86832971336857,84.63938377035772,104.84958410017862,201.86834604130476,-575.9467553501304,0.5678858895575106,0.8000000000000006
95,76.89802013077107,84.46848071242863,104.85934043807126,202.041119266269,-575.9576594134141,0.5685837911737491,0.8000000000000006
96,76.95680610374768,84.12950950525055,104.87306323019459,202.38458088058042,-575.971712088948,0.5699766307907407,0.8000000000000006
97,49.337983245602054,110.90330196201519,77.7037419709393,190.6936613243029,-582.9245357382644,0.4631563487954923,0.8756091617933708
98,54.82361665630752,101.10388720869341,85.87956011033859,184.72151241696622,-583.0304602509287,0.5013301042581263,0.8564814814814818
99,56.43314193462514,101.9569507471951,86.65273476341038,185.04575659580465,-581.4129206181286,0.49801590550696156,0.8518518518518521
100,56.429455062585625,101.6480424974841,86.83537060354736,185.00477583480367,-581.6589232110206,0.49921478070834163,0.8518518518518521
101,56.43015404668865,101.13251960678674,87.14287628543782,184.98173919181602,-582.0725323456653,0.5012168839308149,0.8518518518518521
102,54.82444637077782,101.05276364744715,85.91007574565488,184.72265271025344,-583.071461355008,0.5015279278482698,0.8564814814814818
103,60.43167257778724,94.11037703325614,92.58437277083084,189.8641532345312,-584.0187312711781,0.5289737954442042,0.8425925925925928
104,58.90172658641074,93.66493405167799,91.33813543779976,190.04936205322744,-584.9939187015551,0.5306865362319317,0.8472222222222223
105,73.70568857612353,79.3009068783995,101.81150643653372,206.61063479191114,-578.5458801087168,0.58888333612682,0.8117690058479518
106,78.75896703352493,73.72333363179084,105.29439231981293,212.9298285026496,-576.4031696652496,0.6123153100821589,0.8000000000000006
107,45.237239097193886,108.49167438178041,74.73029986325756,187.6409060449912,-585.0400816699927,0.4727928297762261,0.8862085769980498
108,50.000258202605494,101.55662668709903,81.7656827117719,183.9538975450643,-585.4686881300182,0.4995776557417496,0.8703703703703707
109,50.00027082273705,101.59517940931158,81.74275941841827,183.9571494026906,-585.4378356343151,0.4994292880491419,0.8703703703703707
110,51.0749795332281,101.03439835582418,82.93241146184572,184.11507000543824,-585.2664075223872,0.501596244147836,0.8672839506172842
111,50.0001734599709,101.5180735391511,81.78862266709645,183.9509638774967,-585.4995589520663,0.49972602343435724,0.8703703703703707
112,50.00062094886606,101.32299276457356,81.90491283912431,183.9410264856343,-585.6559901967765,0.5004768121427846,0.8703703703703707
113,51.10807425321882,100.0262797124194,83.52898047936705,184.2511642977696,-586.0665082260384,0.5054776714766726,0.8672839506172842
114,53.24837408380739,100.06680944179162,85.21358378346724,184.58946328525522,-584.7896261566353,0.5053366855747934,0.8611111111111114
115,53.252250889743074,99.98997818436263,85.25835468541419,184.60757798444902,-584.8495705296579,0.5056334209600086,0.8611111111111114
116,53.24473382819903,100.1436477401672,85.1686610715506,184.5725059327155,-584.7294629383446,0.505039950189578,0.8611111111111114
117,51.0942648343342,100.33460667229153,83.34824825215512,184.1878028793481,-585.8243985138942,0.5042907299358114,0.8672839506172842
118,51.117522848145065,99.84647100604127,83.63327093084962,184.29671193200573,-586.2061012902335,0.5061699536228245,0.8672839506172842
119,53.2743574135281,99.60141873360587,85.48217528488809,184.7167518210691,-585.1490089676388,0.5071349983768635,0.8611111111111114
120,50.00243253245308,101.12789575143397,82.02141462814002,183.93924622560002,-585.8126015652738,0.5012276008512121,0.8703703703703707
121,51.12670321600048,99.69481301382541,83.72049572136594,184.33999154481936,-586.3227856140054,0.5067541017732452,0.8672839506172842
122,50.00623413443706,100.89652966433508,82.15957106307846,183.9475590316832,-585.9981896102616,0.5021178070068579,0.8703703703703707
123,51.07775942135729,100.87876751340225,83.0252908821902,184.12253750889724,-585.3911501051009,0.502195681748526,0.8672839506172842
124,50.01175538658254,100.66509264976848,82.29745917348997,183.9670101610234,-586.1832745741324,0.5030080131625038,0.8703703703703707
125,51.08421997485096,100.61878267119866,83.18005420527913,184.14619863836919,-585.5988629974908,0.5031967333597626,0.8672839506172842
126,50.01271136441761,100.62654352287097,82.32036960619264,183.97131771483453,-586.2140131192741,0.5031562302260858,0.8703703703703707
127,50.01905192857653,100.43721648933719,82.43262096666491,183.99685780861697,-586.3645621852049,0.5038842353881349,0.8703703703703707
128,50.02681456714279,100.24786254919016,82.54428544769868,184.02960776261318,-586.514230238899,0.5046122405501839,0.8703703703703707
129,50.02819360628321,100.21271908722574,82.56492395272933,184.03646866249792,-586.5418824638614,0.5047473033493731,0.8703703703703707
130,43.383056279826754,109.01941279711696,73.1773891494116,187.859577964254,-586.1610890796446,0.47079839936998974,0.8918128654970745
131,50.03897125956557,99.98109762921725,82.70022671469695,184.08776724883774,-586.7230852490093,0.505637509505019,0.8703703703703707
132,51.1428350667567,99.44301223706995,83.86362121767935,184.42157466647146,-586.514115580489,0.5077247753226439,0.8672839506172842
133,51.152977567087994,99.29381358215451,83.94725367576936,184.47555078864346,-586.625834715145,0.5083001539634694,0.8672839506172842
134,40.50261991395373,109.00018050919324,70.87984599374813,187.37013355362353,-587.8260205442649,0.4709909253623135,0.9000974658869385
135,35.47322120546257,106.92217771885564,67.34853065761345,184.54226955887452,-590.8409230325237,0.4791980694722788,0.9135802469135804
136,34.402386338895,106.92338005518408,66.49291988008903,184.37031886141858,-591.4615112573535,0.4792158134499609,0.9166666666666671
137,34.426449701666996,107.07854058296654,66.45946555700242,184.51641292299593,-591.4146775647346,0.4786223426795303,0.9166666666666671
138,34.3781444010091,106.76821189180924,66.52910752501369,184.22607110554915,-591.5119951644865,0.4798092842203914,0.9166666666666671
139,34.45441496168719,107.25454301452221,66.42483931016217,184.6843209507894,-591.3659897615163,0.4779485511665558,0.9166666666666671
140,35.400144458652605,106.43888525151311,67.47006727440171,184.09985737206284,-591.0099361580467,0.4810490441290922,0.9135802469135804
141,35.909813613932876,106.2603438676789,67.94889104184362,184.02901331099153,-590.7702205152453,0.48172088454232753,0.9120370370370372
142,35.35906994011461,106.1524436239161,67.55407697953494,183.8483726575396,-591.126068375568,0.4821444730990246,0.9135802469135804
143,37.96772252817344,102.5417049799823,71.57972057119139,182.1784964321376,-591.6951246911392,0.495850014342767,0.9050925925925928
144,37.180767105088506,102.91830466536541,70.72573303627607,182.16766407318963,-591.8737331160517,0.4944265913190846,0.9074074074074078
145,37.18547704105751,103.00816375522643,70.67577767849929,182.20008031346484,-591.8061742245028,0.494086708036033,0.9074074074074076
146,37.175719747026776,102.81397395809482,70.78415065584245,182.13192819987648,-591.952708477541,0.4948211301316017,0.9074074074074078
147,37.17071420901243,102.70226412058514,70.84717939477979,182.09594476363588,-592.0378847528206,0.4952435508927368,0.9074074074074078
148,37.1664504646739,102.59763516258188,70.90663824856446,182.0644011992735,-592.1182060157996,0.49563919807302387,0.9074074074074078
149,35.346260826994786,106.06358937862241,67.58192645234591,183.77210407297474,-591.1644757770214,0.48248435638207615,0.9135802469135804
150,35.85882492267833,105.89756537860504,68.06361944086126,183.7189454364319,-590.9283904690975,0.4831091155349375,0.9120370370370372
151,35.331735166590434,105.96042183915492,67.61529942761094,183.6846821251565,-591.210449871118,0.4828788951945933,0.9135802469135806
152,35.3167303607299,105.84989890876422,67.65226492180034,183.59245469874637,-591.261314074421,0.4833013159557284,0.9135802469135806
153,35.30268587374731,105.7463876139529,67.68803441409888,183.50740852993076,-591.3104789173361,0.48369696313601535,0.9135802469135806
154,35.81097204768067,105.53449839634993,68.19204483489237,183.42451011978514,-591.1047704846236,0.48449734652754767,0.9120370370370372
155,35.80244133903682,105.46777542160427,68.21708136716326,183.37229992960255,-591.1390894049991,0.4847522589898363,0.9120370370370372
156,35.794107334162526,105.40101150482843,68.24256262194923,183.32069573701077,-591.1739983222749,0.4850071714521249,0.9120370370370373
157,35.78337082827905,105.31273571431716,68.27691674982572,183.25344541448186,-591.2210332300627,0.4853440672086121,0.9120370370370373
158,37.94715763973554,101.70384112270715,72.0691977934419,182.01329006559473,-592.3551374787033,0.499024948503042,0.9050925925925929
159,38.749129381830826,101.54296731428303,72.80536411946261,182.12842698449415,-592.0168332569766,0.49963423694784015,0.902777777777778
160,38.75706394107773,100.81163883396933,73.24222614124227,182.12881426816242,-592.6040091074993,0.5024106989330602,0.902777777777778
161,37.68620940802102,100.79551903714741,72.39773800285039,181.95631170505044,-593.239554189958,0.5024685438541394,0.9058641975308644
162,38.758713096535935,100.74437769208103,73.28229431675796,182.13446605898272,-592.6577919718677,0.5026656113953489,0.902777777777778
163,38.760492144740105,100.67710847003549,73.32232371813768,182.14104368011115,-592.7115108815013,0.5029205238576375,0.9027777777777782
164,38.76294118742643,100.58819685439602,73.37515502862125,182.151149673208,-592.7823915592563,0.5032574196141247,0.9027777777777782
165,38.765501500558344,100.50988305270677,73.4216080177964,182.16137604360168,-592.8446976754707,0.5035541549993401,0.9027777777777782
166,37.98830437956762,99.89453631263879,73.14259735033654,182.15395744840995,-593.7960816943013,0.5058832167446972,0.9050925925925929
167,38.76815183465604,100.43154323220068,73.46797342180132,182.17283629980713,-592.9068702914383,0.5038508903845553,0.9027777777777782
168,52.68919024224503,84.14111573140042,85.53229325891505,198.40620189603803,-590.0673141339086,0.5675640362929825,0.8698830409356717
169,48.39712483551376,89.84850064328332,82.66728421586309,192.0835656124676,-591.7421674343019,0.5451007346161061,0.8793859649122804
170,38.26258642123211,97.04768197733183,74.58873481282917,183.63240251832156,-595.7209116763727,0.5167423471403196,0.9050925925925931
171,38.39453831488867,98.16892896608283,74.29457667667043,182.92341814908374,-594.8925021030157,0.5124451948883982,0.9043209876543213
172,38.97572812462172,97.7685684256683,74.91481557519452,183.25578588662674,-594.8377047727015,0.5139899250544303,0.9027777777777782
173,32.34905559300643,102.69086414943794,67.01048282090086,181.30993812343164,-594.8489031080857,0.4953184809389116,0.9212962962962967
174,30.823206057791843,103.96255627582575,65.04472902709182,181.59045621875416,-594.8557786727245,0.49054960831768185,0.9259259259259264
175,32.97415810364064,104.06049366644598,66.70351491140327,181.99285429749355,-593.5433760744066,0.4901487486994049,0.9197530864197535
176,29.344000106946936,105.23220815657844,63.18353850145366,182.1447123025043,-594.9996960447445,0.485780735696452,0.9305555555555559
177,30.23889833746596,105.93510432691419,63.56496020720305,182.8324889251833,-594.1772614615713,0.48309565467212945,0.9282407407407411
178,29.83252969410757,104.81001250974738,63.78934032900621,181.93177409993206,-594.9324670364482,0.4873703599035286,0.9290123456790127
179,29.959726716719892,103.10619249541918,64.85638445945241,181.06329759775062,-595.9356719566018,0.49377494053876103,0.9282407407407411
180,29.126084970931338,102.46337906642283,64.57812828350283,180.72321570787543,-596.8923239548099,0.49618989596470536,0.9305555555555559
181,29.128948087261023,102.5355775444952,64.5367248968991,180.7428073554239,-596.8364236535632,0.49591977036632706,0.9305555555555559
182,30.188378919908736,102.1751318918654,65.59933621149655,180.82887497656378,-596.4951604882557,0.49726609534020766,0.9274691358024696
183,29.123549709410597,102.39119097601696,64.6196967450919,180.7046382565254,-596.9484331624228,0.49646002156308366,0.9305555555555559
184,29.1212354550364,102.31900639313639,64.66142173106408,180.68708202235823,-597.0047396938644,0.4967301471614619,0.9305555555555559
185,29.118932913927303,102.24683383235836,64.7032946908172,180.67055402635827,-597.0612319665969,0.49700027275984016,0.9305555555555559
186,29.911195149263968,101.28102975784614,65.91561854366265,180.68203101537637,-597.364250680838,0.5006243388514704,0.9282407407407411
187,32.54732831229229,97.75560711732595,69.7980909627898,182.2185866605856,-598.5840733025311,0.5139276675117658,0.9212962962962967
188,33.135269672854925,97.33709333566155,70.41314859263497,182.5910563775358,-598.5217990960984,0.5155333347777179,0.9197530864197535
189,33.14746507812091,97.24246786977805,70.45346386718995,182.65919782006983,-598.5751150071459,0.5158935022422223,0.9197530864197535
190,20.160918470366482,108.30110796083656,54.74509919622455,183.35133072546756,-599.5579124505159,0.4744470564532348,0.9583333333333337
191,18.32611728606014,106.91642729310597,53.672251994043634,181.7345986375776,-600.7891934170235,0.47970072013342824,0.9629629629629632
192,20.13462736180628,108.1432370293399,54.75732392924461,183.19280436651135,-599.576370691459,0.4750405272236653,0.9583333333333337
193,20.12158173080921,108.06428226209466,54.76458940359428,183.1138071642967,-599.587146288677,0.4753372626088806,0.9583333333333337
194,20.053720549037934,107.66030500898245,54.81365728931243,182.71292371346706,-599.6582240534582,0.47685674051651405,0.9583333333333337
195,20.040478190165828,107.58146037265129,54.825512792552225,182.6355705067118,-599.6751480290243,0.4771531746436781,0.9583333333333337
196,20.06813260716821,107.74540529862043,54.80168398524942,182.79680911837136,-599.6410582138716,0.47653659165917683,0.9583333333333337
197,20.147402561041673,108.22224067354325,54.75082575661138,183.27198560405537,-599.566624061601,0.47474379183845006,0.9583333333333337
198,20.094536728093345,107.89940354909756,54.78221608288579,182.94952905252973,-599.612938767914,0.47595689825494486,0.9583333333333337
199,20.080079986620447,107.81541624677051,54.792480269395156,182.86610116382664,-599.6278015534692,0.4762730946572532,0.9583333333333337
200,20.10811237315491,107.98113639074998,54.77305975710403,183.0308891716848,-599.5995914854259,0.4756495553519011,0.9583333333333337
201,20.026109684395735,107.49518396966322,54.839318062944265,182.5513596017408,-599.6947803540168,0.47747732536173204,0.9583333333333337
202,20.011547136369487,107.40633826219357,54.85443245312175,182.46515841400284,-599.7161977010201,0.47781081375479145,0.9583333333333337
203,35.69402301580206,84.82079604475223,72.05151133385836,194.95800409997753,-599.8444385751347,0.5634284793943195,0.9184941520467831
204,38.77568574285901,89.71877208582156,74.9857220366668,190.63797821481637,-597.3516076013935,0.5449897293637942,0.9071637426900584
205,16.830999869587302,103.09651600054107,54.399546425678395,178.92868424812008,-603.5710261942565,0.4939203210681913,0.9660493827160496
206,16.8370382920221,103.19421939756478,54.34592830113315,178.966887783827,-603.4984702194289,0.4935601536036869,0.9660493827160496
207,17.87970528861014,102.62602224573949,55.51752673668759,178.94322225832974,-603.3050984805097,0.49564859168160225,0.9629629629629632
208,16.82590145815601,102.9987587753376,54.453598066422494,178.892219964377,-603.6441426124119,0.4942804885326956,0.9660493827160496
209,14.679483887498733,102.91543280882121,52.79127841127755,178.51507856460913,-604.9514725477662,0.4945990359153083,0.9722222222222225
210,14.68774307231277,103.0624586854404,52.709600929537615,178.56831663173503,-604.8410100888028,0.49405878471855175,0.9722222222222225
211,16.82094993587772,102.90095529465697,54.508062344214615,178.85751212971545,-603.7177911905832,0.4946406559971999,0.9660493827160496
212,16.816306819798413,102.80314904972016,54.562918379903984,178.82457794125307,-603.7919436454584,0.49500082346170443,0.9660493827160496
213,14.672501606422017,102.76835468578439,52.87384715099824,178.46584322477,-605.0630817512704,0.49513928711206484,0.9722222222222225
214,16.811925429889584,102.70534581017901,54.61814529433968,178.79343459610757,-603.8665716937257,0.4953609909262087,0.9660493827160496
215,14.666154462478858,102.62128290460053,52.95723632295667,178.4206689780256,-605.175741756973,0.4956795383088214,0.9722222222222225
216,16.807791200778965,102.60754990390613,54.673722208370954,178.76409929139663,-603.9416470520732,0.49572115839071307,0.9660493827160496
217,17.87608422652859,102.53563446095103,55.56915394406366,178.9173963749538,-603.3748202111876,0.4959820800746618,0.9629629629629632
218,16.804040370636997,102.50975834715015,54.72962824284694,178.73658922423795,-604.0171414371889,0.4960813258552174,0.9660493827160496
219,14.660537835161705,102.47422757332173,53.041375101409855,178.37961419018373,-605.2893566225318,0.496219789505578,0.9722222222222225
220,17.873172336654505,102.45429605315502,55.61584850471548,178.89549694577988,-603.4378618239517,0.4962822196284155,0.9629629629629632
221,16.80065259627675,102.41197553121323,54.78584251861684,178.71092159174913,-604.0930265657612,0.4964414933197218,0.9660493827160496
222,14.65571774446039,102.32719660324503,53.12619266061479,178.34273722705237,-605.4038304056048,0.49676004070233454,0.9722222222222225
223,17.87079517775682,102.38110196478135,55.65804962654597,178.87688450742627,-603.4948218297066,0.49655234522679376,0.9629629629629632
224,16.79764948367702,102.3142031947042,54.84234415652979,178.68711359104793,-604.1692741544779,0.4968016607842262,0.9660493827160496
225,17.868664394384325,102.30791670221662,55.7004083901703,178.8593188802502,-603.5519803339089,0.496822470825172,0.9629629629629632
226,17.866555124802858,102.23474605441531,55.74291600961062,178.8428072989384,-603.6093254349229,0.4970925964235503,0.9629629629629632
227,16.79487905697664,102.21644807180144,54.899112277434966,178.66518241925198,-604.2458559200272,0.4971618282487305,0.9660493827160496
228,14.651597728018999,102.1801980067606,53.21161817482847,178.31009645443936,-605.5190671638495,0.497300291899091,0.9722222222222225
229,17.864611588337354,102.16158423251457,55.78556369888896,178.82735699817744,-603.6668452311127,0.49736272202192855,0.9629629629629632
230,16.792370586808318,102.11870923691076,54.95612600218157,178.645145273479,-604.3227435790973,0.49752199571323485,0.9660493827160496
231,17.862816763666004,102.08843200149926,55.82834267202743,178.81297521265395,-603.7245278208424,0.4976328476203069,0.9629629629629632
232,14.64804811017521,102.03323621244577,53.29758081830791,178.28175023815265,-605.6349709549239,0.4978405430958475,0.9722222222222225
233,16.79017173029608,102.02098592848894,55.01336445161878,178.62701935084664,-604.3999088483762,0.4978821631777393,0.9660493827160496
234,17.86126524574398,102.01528724562846,55.87124414304811,178.7996691770546,-603.7823613024761,0.4979029732186851,0.9629629629629632
235,17.859748171817515,101.94215366213152,55.91425932597306,178.78744612606602,-603.8403337743781,0.49817309881706334,0.9629629629629632
236,16.788046766078338,101.92328147226193,55.07080674659572,178.61082184847257,-604.477323444552,0.49824233064224366,0.9660493827160496
237,17.858518095157436,101.86902619129617,55.95737943482439,178.77631329437483,-603.8984333349125,0.4984432244154417,0.9629629629629632
238,14.645439736391396,101.88630697623068,53.38400976531008,178.2577569440001,-605.7514458364858,0.4983807942926041,0.9722222222222225
239,16.786818849381888,101.82566917186054,55.12843200796159,178.5965699634745,-604.5549590843128,0.49860249810674795,0.9660493827160496
240,17.857648426679475,101.79590216086827,56.000595683624184,178.7662779166677,-603.9566480824433,0.4987133500138199,0.9629629629629632
241,16.78580589950667,101.72807667019538,55.18621935656556,178.5842808929701,-604.6327874843469,0.4989626655712523,0.9660493827160496
242,17.856882869641467,101.72278564524974,56.043899286394506,178.75734722763124,-604.0149661153348,0.49898347561219825,0.9629629629629632
243,17.856274931562538,101.64967570279472,56.087281457157445,178.74952846195208,-604.0733755319511,0.4992536012105765,0.9629629629629632
244,16.784999633446176,101.63047673177074,55.24414791325684,178.57397183407704,-604.7107803613422,0.49932283303575675,0.9660493827160496
245,17.855817845005987,101.57657176305483,56.13073340993509,178.7428288543169,-604.1318644306564,0.4995237268089547,0.9629629629629632
246,17.8556344288165,101.50347110127265,56.17424635874952,178.7372556394123,-604.1904209098146,0.49979385240733304,0.9629629629629632
247,17.855678080109243,101.43037086995392,56.21781151649766,178.73281602368846,-604.249033066639,0.5000639780057113,0.9629629629629632
248,11.200214431824847,109.15148994927316,47.45626960004589,182.7216552416758,-604.8005836409592,0.47160493113978275,0.984567901234568
249,9.127596073393747,109.5561572167272,45.759899054804194,182.78362517752032,-606.0565311355874,0.47018107609889703,0.9907407407407411
250,5.849332185793827,109.19222130962753,43.17683818250023,181.883629235054,-607.9013954077362,0.4716703988043656,1.0000000000000002
251,13.051323914092109,100.47041570715315,52.94626721939259,177.9957359947323,-607.8190399178486,0.5035855752982531,0.9768518518518523
252,11.449908055886553,100.32607858266717,51.75065287161703,177.75792732435724,-608.8676783382729,0.5041081792653453,0.9814814814814818
253,11.44312586615122,100.52283426899277,51.634236193670624,177.72780541443024,-608.7115893102139,0.5033878443363365,0.9814814814814818
254,13.054803406334585,100.37211853827084,53.00435613817345,178.01083769527355,-607.8969233996576,0.5039457427627575,0.9768518518518523
255,7.467196282805659,96.9538134603564,50.080946444554755,178.67947894343294,-613.6852834321751,0.5164268696008903,0.9938271604938276
256,8.441591013848239,97.72281557536797,50.599624011771205,178.31355874875197,-612.6187054103648,0.5136173226153824,0.9907407407407411
257,8.458905720741896,97.57580291999545,50.66746400778117,178.40962947295714,-612.7086598156708,0.5141575738121389,0.9907407407407411
258,8.476862789822604,97.42887153497118,50.73350004056499,178.50915165436692,-612.7961454015341,0.5146978250088955,0.9907407407407411
259,8.49532449980775,97.28198985940827,50.79768554682835,178.61202510514252,-612.8811008639459,0.5152380762056521,0.9907407407407411
260,8.514289025647642,97.13515027649406,50.85998415731977,178.71813066937378,-612.9634788431349,0.5157783274024086,0.9907407407407411
261,8.533757731393436,96.98834742750377,50.920359529240876,178.8273491419292,-613.043232015514,0.5163185785991651,0.9907407407407411
262,8.553828211471568,96.84158705362253,50.97877531979326,178.93956131767735,-613.1203130574967,0.5168588297959217,0.9907407407407411
263,7.494230877510105,96.75782490040825,50.15791201098502,178.83082475979788,-613.7867965819563,0.5171472045298992,0.9938271604938276
264,8.574368379099226,96.69485151308585,51.03519518617851,179.05464799148675,-613.1946746454956,0.5173990809926783,0.9907407407407411
265,7.522021377336799,96.56186286867636,50.231285800628584,178.98717612110246,-613.883418061714,0.5178675394589078,0.9938271604938276
266,8.595292979443855,96.54812767123894,51.08958278559821,179.17248995822592,-613.2662694559243,0.5179393321894348,0.9907407407407411
267,7.5504994545278095,96.36592704617998,50.30098148489548,179.14824968944728,-613.9750354614017,0.5185878743879165,0.9938271604938276
268,7.579652191437717,96.1700192845906,50.36691273519578,179.3137621269328,-614.0615363709735,0.5193082093169253,0.9938271604938276
269,7.609480792729741,95.97415897680783,50.4289932229395,179.48343009565951,-614.142808380383,0.520028544245934,0.9938271604938276
270,72.19384262518537,107.83167051989885,96.38033731964586,191.39940546037823,-569.4238219626775,0.47441116019818286,0.8082494043751342
271,71.87105540231373,107.26164272059313,96.27590455741084,190.80007998563173,-569.6672928810116,0.47674360469371196,0.8089059454191022
272,73.15108783367137,106.97800972921131,97.38673014771679,190.74387489660873,-568.9738203956704,0.47785462554731445,0.8050885315139694
273,73.29621226814224,104.17034158901129,98.78952445591229,188.60482335739556,-570.0489858895442,0.48917131164454974,0.8036265432098765
274,73.51306506010522,104.97013806348927,98.53337348826197,189.14675647130042,-569.4767160311166,0.48596297988750425,0.8032407407407408
275,74.57120675385461,104.3121170812922,99.73201236386102,188.90980979535755,-569.2339960470493,0.4885800577342099,0.8000000000000006
276,74.54603900356648,104.06894198125434,99.84246204530704,188.7519245810912,-569.384469019359,0.48955479612781105,0.8000000000000006
277,73.8488843128485,102.28172369511233,100.3421304187105,187.9342384137467,-571.0391459568635,0.49667800364560294,0.8016975308641975
278,74.4458186388063,102.49199840704628,100.69062333132742,188.08594382642121,-570.5329881595037,0.4958363525131652,0.8000000000000006
279,74.4297820041999,101.4899087961464,101.2808940255258,187.9350693935664,-571.3282929302172,0.49983013449120745,0.8000000000000006
280,74.43025140428506,101.45340159401556,101.30268834866929,187.9351392559817,-571.3575855151765,0.4999752051239793,0.8000000000000006
281,66.16618674149494,108.61571185529444,91.42250231293949,191.18627048484515,-572.9311131416897,0.4714498289818656,0.8259963179553811
282,64.86329728093608,110.262844451696,90.16460325490122,192.5981051282896,-573.8439162652668,0.4648801530570294,0.8305717998700437
283,73.69424227180444,98.75339300838253,102.17754649847005,188.3623444062858,-573.9427328232598,0.5107127918811627,0.802469135802469
284,74.48071298455642,99.75138856105022,102.30224764052487,188.13778389516332,-572.6984894262412,0.5067408759400277,0.8000000000000006
285,74.48722527739561,99.63383864003372,102.37037022527015,188.16811126878935,-572.7896643377443,0.5072081944603642,0.8000000000000006
286,74.49899332935193,99.43857358209357,102.48231339849175,188.22592365281264,-572.939386496468,0.507984733299883,0.8000000000000006
287,72.55736746065772,99.60467739443101,100.85410009435401,187.84613880151565,-573.9389111113145,0.5073080186170627,0.8055555555555555
288,72.58350317514166,99.22668221021287,101.06647314154849,187.9810609447159,-574.222633784641,0.5088095960339176,0.8055555555555555
289,72.62069253064233,98.779586079657,101.30924574237638,188.17540142479825,-574.5464563172809,0.5105900083452092,0.8055555555555555
290,73.71139080442185,98.57118873319705,102.27302326495617,188.4530424200693,-574.0699021702218,0.5114407970432118,0.802469135802469
291,72.66369582246998,98.33399426740907,101.54002183679022,188.40574920621066,-574.8536940576558,0.5123704206565008,0.8055555555555555
292,73.71462885030975,98.53740814313369,102.29050108337525,188.47052066483704,-574.0931703881347,0.511575859842401,0.802469135802469
293,73.73679848173322,98.31501382633924,102.4037457605645,188.5907586923178,-574.2438436245652,0.5124660659980468,0.802469135802469
294,72.67129185531844,98.25993308582089,101.57711832506861,188.44750374314205,-574.9030210563365,0.5126668547836649,0.8055555555555555
295,65.29082819868172,108.74411744179208,90.70577026937124,191.16933902067547,-573.4494062197358,0.4709687663344191,0.8285818713450281
296,73.76046176713807,98.09304415191825,102.51339304097513,188.71962501609553,-574.3895713118785,0.5133562721536926,0.802469135802469
297,72.71132247344953,97.89695022629182,101.75321099932717,188.6663337434356,-575.1369067744179,0.5141228651077632,0.8055555555555555
298,71.72925500454282,100.04885093705202,99.95748028927775,187.59243822709064,-574.0633236698857,0.5055405725081884,0.8078703703703703
299,71.74085003192165,99.8238772068062,100.08782894741978,187.65001658017897,-574.237787404303,0.5064307786638342,0.8078703703703703
300,70.89644416239062,100.87291172878254,98.82911677157594,187.33756555401848,-573.8762673784413,0.5022715489824592,0.8101851851851852
301,66.38510180046451,105.6672066116815,92.51140141854698,188.50832951914697,-573.2965327581543,0.4833138066545468,0.8240199263591073
302,67.00426613773702,106.19504721133588,92.77512327720798,189.04428271739164,-572.7444296727206,0.48118672938435714,0.8224496426250806
303,67.70936556697012,104.81224314382148,93.98820000812027,188.09500983457602,-572.9288909752294,0.4867030213073961,0.8199047000216587
304,66.51259168148022,106.49710795423805,92.2635033402632,189.22650497605656,-572.9386401622941,0.4799899577358425,0.8239928525016238
305,63.58426991054294,109.63822220522054,89.22455798862845,191.77277262331182,-574.5222515854026,0.4674451651663435,0.8339424951267042
306,65.40544520452715,106.32149734377211,91.4490833122458,188.89256364359244,-573.6321761154718,0.480722439767374,0.8271063461121937
307,65.54630475158547,107.17425108905718,91.2570520455922,189.6864666874454,-573.3484050514008,0.4772996790535979,0.8270792722547102
308,67.72022203468892,103.00650562450973,95.01922846090193,187.15496943255835,-574.0629945381468,0.4938485548227147,0.8194444444444446
309,66.11722689147297,103.08075976611111,93.69543492681721,186.9235303554418,-574.9392674604626,0.49355813009609584,0.8240740740740743
310,67.71791120622315,102.96881631370995,95.04009143042857,187.14105315095006,-574.0912141478068,0.49399692251532235,0.8194444444444446
311,62.448056534129535,110.24017924430757,88.24107100226217,192.180691279343,-575.2427698847538,0.4650960977209598,0.8375162443144881
312,67.71597527120912,102.9311058522013,95.06101865683243,187.1274037385131,-574.1195167117901,0.49414529020792997,0.8194444444444446
313,70.12058257040422,100.09075914289524,98.65129754164126,187.3218300623892,-574.9637678991585,0.5053592582835194,0.8125000000000001
314,69.32410458959814,99.9533646768298,98.09048602626365,187.22416227799843,-575.5375409543618,0.5058941069914341,0.814814814814815
315,69.29839274304213,100.55450092831627,97.7369946178223,187.10838233802625,-575.0638980714034,0.503520223909712,0.814814814814815
316,70.13324705723628,99.84497183464723,98.79397857414145,187.38313816388958,-575.1547597308253,0.5063299318329182,0.8125000000000001
317,69.3441243255311,99.60295164844646,98.29212828658075,187.3245953389861,-575.8072815341078,0.5072786712837379,0.814814814814815
318,67.68428877291113,102.09320401775726,95.54039549662124,186.89497350280618,-574.7668133151594,0.4974451804268551,0.8194444444444446
319,69.28958207322292,102.01901883335618,96.86550853418473,187.14167826436542,-573.8921187136272,0.497735605153474,0.814814814814815
320,67.6790676359792,101.8152980059129,95.70377519882244,186.84913470482678,-574.9869960942079,0.4985391770029039,0.8194444444444446
321,68.21864091092661,100.87592633678443,96.69082681273245,186.90281334612968,-575.4287908570234,0.502243636123756,0.8179012345679014
322,67.67656855008467,101.51400991119307,95.88255493289279,186.81778719903193,-575.2276925593052,0.499726118543765,0.8194444444444446
323,67.67686725438388,101.33828393660923,95.98730458881768,186.80853745607882,-575.3686035468493,0.5004184006899168,0.8194444444444446
324,68.22385769683271,100.65969502780358,96.81947136186649,186.92169862234917,-575.6014589010522,0.5030945896548044,0.8179012345679014
325,67.67795922635266,101.18997037179442,96.0758422243214,186.80592999175823,-575.4876392226108,0.5010025488403377,0.8194444444444446
326,61.66570724823961,108.70255242032978,87.8177135545563,190.5352341130996,-575.544081299886,0.47129268333031465,0.8389985380116948
327,76.44078642375948,87.10050269080052,104.74031757100083,199.37512327654392,-575.8317732418553,0.5579757460193188,0.8000000000000006
328,60.712677594685566,108.58672837910869,87.07256731544352,190.26547236226145,-576.0855874614263,0.47179692044099414,0.8416856183669036
329,63.98621829422911,103.27208536207033,91.88370274994905,186.65256856813235,-576.0444161319409,0.4928323939302387,0.830246913580247
330,62.87023975830405,102.33784919510937,91.55421150875394,186.1665227494315,-577.3761715126187,0.49650230428388414,0.8333333333333335
331,62.9132155940586,103.24730555626869,91.04321157792864,186.4680719983496,-576.6854868584937,0.4929414796613008,0.8333333333333335
332,66.08096024897965,100.67884742018943,95.09953621119911,186.572015339242,-576.830997450296,0.5030084624448735,0.8240740740740743
333,64.4747428428716,102.26416775632417,92.87793268368627,186.4098989865134,-576.499648688813,0.49678266164125223,0.8287037037037039
334,62.86583682611223,102.18620995056597,91.64218836367263,186.1320001778746,-577.494861559323,0.4970951725382123,0.8333333333333335
335,68.4310263262069,97.85593750763955,98.3567306474295,187.99509840863772,-577.6539440401123,0.5142038958386904,0.8179012345679014
336,69.46568165253667,98.18494031904002,99.05180789023925,187.9674264831451,-576.8201373317364,0.5129060972381414,0.814814814814815
337,69.5339712026761,97.5913699516015,99.33120710157095,188.3443059674916,-577.1908550481538,0.5152799803198637,0.814814814814815
338,68.46219131896345,97.59767596466415,98.47476445109173,188.16593663642792,-577.8104072401185,0.5152345972988398,0.8179012345679014
339,69.60484269071455,97.04866010401368,99.5601751003765,188.73907602683718,-577.4935600271168,0.5174573823881118,0.814814814814815
340,69.67466555548722,96.55608592881397,99.74390058795544,189.13342530792835,-577.7354604908169,0.5194383034428859,0.814814814814815
341,64.46629063010282,101.89287335502482,93.09525492489209,186.33912718616062,-576.7926537893786,0.49823867196535043,0.8287037037037039
342,64.46538919203441,101.82398807611561,93.13590444008733,186.32913183266308,-576.8474181104344,0.4985087975637286,0.8287037037037039
343,62.85618721613025,101.44251735713829,92.0815307623496,186.03132942900845,-578.0866635163818,0.5000071931864086,0.8333333333333335
344,64.46266931744911,101.37021459210374,93.40557297906521,186.28847960602812,-577.2103960688652,0.5002892098750205,0.8287037037037039
345,70.77226065808918,94.73685526894218,100.83485671500166,190.9439970624239,-577.8523447302334,0.5268472523918859,0.8124999999999999
346,68.90743928743564,94.68280605207143,99.34960785283313,190.690920257518,-578.9539855517215,0.5269947987156495,0.8179012345679014
347,67.95426457399188,97.37586503676228,98.14492212434425,188.2345302678348,-578.2503957589571,0.516111686416347,0.8194444444444446
348,67.98624374598802,97.13323126930136,98.24585110663513,188.41325744747078,-578.3837677029154,0.5170823599657457,0.8194444444444446
349,68.00593572737647,96.98953791276384,98.30305177378617,188.52313797684639,-578.4592453282088,0.5176577386065713,0.8194444444444446
350,69.28512922167278,95.61692100411655,99.59795954340743,189.87673543385483,-578.4140006074507,0.5232165510792677,0.8163580246913582
351,68.02986618835772,96.8189706877791,98.368397020313,188.65727307997878,-578.5453598298683,0.5183412512431279,0.8194444444444446
352,59.816051617456424,106.49975917969195,86.92096841066976,188.13601780307988,-576.8242825738396,0.4801674534575063,0.8432829759584138
353,60.99060638080355,107.16200348386523,87.62585523761186,188.9305932304661,-575.9931464536085,0.47749639924639503,0.8401965562053274
354,60.94120959917328,106.32216041488093,87.88793074170077,188.16469434953842,-576.2233379042871,0.4808407702484832,0.8399664284167204
355,74.87625155296476,90.1111736731136,103.79669527712754,196.1529358366726,-576.3218800028061,0.5457949307629966,0.8029970760233912
356,75.68160437530167,91.46933084835379,104.54745214102238,194.9493695588329,-575.6291388113485,0.5403763023509418,0.8000000000000006
357,68.07245829241488,96.52303108503335,98.47496439398387,188.89892226865564,-578.6855056607005,0.519528192783989,0.8194444444444446
358,61.84408970514871,103.2825221650236,90.16992456988578,186.30904716055403,-577.2821513947335,0.49281316945910547,0.8364197530864199
359,68.11319032727584,96.25204918549107,98.56475512094876,189.12951792913907,-578.8032435547891,0.520616893818113,0.8194444444444446
360,59.78000375136457,105.68083000956054,87.2374741345601,187.4426312588,-577.1267057656016,0.4834129126645228,0.8430528481698067
361,66.29145899117968,97.82965605517073,96.66128968518701,187.66343950514062,-578.916174439204,0.5142681623697408,0.8240740740740743
362,59.23635738554298,106.2045334997181,86.57657551027845,187.78513946466305,-577.2500777761325,0.48135461287045445,0.844826185834957
363,61.261591480000334,102.2754211749119,90.30924781324389,185.8910400847494,-578.3589618393006,0.49675382493455233,0.8379629629629631
364,61.25283621369201,101.90252848585136,90.5274172446765,185.8192612884423,-578.6531185144931,0.49820983525865054,0.8379629629629631
365,61.787176568915285,101.10562979367359,91.42893814413651,185.8508834238514,-578.9802345531178,0.5013267371226675,0.8364197530864198
366,61.2516744013607,101.8333442940434,90.56822928424329,185.80909903465175,-578.7081034167426,0.4984799608570287,0.8379629629629631
367,62.866246529936916,100.69893433220383,92.52556152852982,186.0486507194398,-578.6832582461706,0.502919213834605,0.8333333333333335
368,61.24912331717034,101.37754804051448,90.83900365689092,185.76750996453697,-579.0725796921674,0.5002603731683206,0.8379629629629631
369,58.24892444771224,104.83695630243362,86.43121051778758,186.57252041010815,-578.4120169098977,0.48677649468919443,0.8471680745072554
370,57.500701074720425,105.23717625353268,85.63114313748962,186.73272950425758,-578.6453992523604,0.4852128264945138,0.8494558154645866
371,64.82952954135297,96.71767756845288,95.8448345439542,188.2145890166412,-580.4643473551761,0.5186644505534019,0.8287037037037039
372,63.186135611145666,96.97146069962342,94.46742005374514,187.74955489303952,-581.2715360760876,0.5176043798343637,0.8333333333333335
373,64.77742823405646,97.08991277304874,95.70188892826397,187.92205764496038,-580.275956629776,0.5171787597623214,0.8287037037037039
374,64.88413981872311,96.34601520182147,95.97385738130522,188.5243252563069,-580.6338046432056,0.5201501413444825,0.8287037037037039
375,63.38443016072341,95.65779860581507,94.8943500645948,188.8757981064758,-581.8309657383436,0.5228594434438533,0.8333333333333335
376,58.08049558869787,103.04908539830399,87.30855737619649,185.60612358881852,-579.6346301881243,0.4937620447026151,0.8472222222222223
377,59.69127054529739,103.11001399571343,88.55473087305822,185.89151418397483,-578.653339244354,0.49350045668269604,0.8425925925925928
378,58.078562948299506,103.01088174474422,87.32963075420591,185.59177247643098,-579.6631381655322,0.4939104123952227,0.8472222222222223
379,58.07647843476258,102.9726860938127,87.3507707782906,185.57769308252216,-579.6917322465449,0.4940587800878304,0.8472222222222223
380,58.04340165923152,102.12395730856197,87.83542815652532,185.337016321723,-580.3462318069489,0.49735867030675546,0.8472222222222223
381,56.434910237844996,102.05893147387265,86.59286265440387,185.06364251288758,-581.3322185488531,0.4976202583266745,0.8518518518518521
382,58.03815117327141,101.84243975686645,88.00075256155056,185.28903373788475,-580.5690558501504,0.4984526668828043,0.8472222222222223
383,62.05985352743416,97.38176535883565,93.44541060593437,187.26895130042615,-581.6724167682252,0.5159507806566442,0.8364197530864198
384,63.167384615463746,97.10732955827157,94.41344757543727,187.64548296937676,-581.2003231426323,0.5170641286376071,0.8333333333333335
385,63.05769278588233,97.99206228119752,94.02136479600004,187.03656846029682,-580.6811159550857,0.5135524958586895,0.8333333333333335
386,63.149088890808095,97.24327377196624,94.357722321488,187.54399544275043,-581.1267212777176,0.5165238774408505,0.8333333333333335
387,61.99334094226084,97.93165174136226,93.19649080598607,186.89994969615645,-581.3425653119758,0.5137733785883961,0.8364197530864198
388,61.50586220335925,97.52637288661217,92.95587289878074,187.08043429545717,-581.9010484747276,0.5153695107443298,0.8379629629629631
389,58.03655471381472,101.20898432668754,88.3774505279369,185.24219110778105,-581.0759698877879,0.500916038720238,0.8472222222222223
390,58.0356437684309,101.35921164261549,88.28778836205205,185.24549763462676,-580.9554138055996,0.5003318905698173,0.8472222222222223
391,59.65263467443875,100.68713691800714,89.96992561725699,185.52846390328764,-580.560127320653,0.5029507890314737,0.842592592592593
392,61.56410664908845,97.07732994875055,93.1452919961782,187.40711614185582,-582.1514669345811,0.5171499230556216,0.8379629629629631
393,53.30057769466761,106.81651396462235,81.60724638037858,187.35584833414143,-580.5236332552827,0.4791022323530636,0.8621872969460684
394,54.405518075531376,107.7355567484272,82.2082604898883,188.39948130156748,-579.7397243271291,0.4754396182614794,0.8594325319471505
395,54.57644240553543,107.17314788486338,82.5054074299573,187.89281378569387,-579.7112496127297,0.4776576822679989,0.8586744639376209
396,61.61594894140619,96.70328346652548,93.288728802765,187.70128315696334,-582.3404969480289,0.518635613846702,0.8379629629629631
397,57.50507837581992,100.89246584590451,88.13974730988082,185.16407855876577,-581.641677416092,0.5021475137680897,0.8487654320987655
398,58.03557092833675,101.53723351554986,88.18172572974962,185.25571612836495,-580.812725675118,0.49963960842366545,0.8472222222222223
399,56.442107847057265,100.56899946062649,87.4790579875893,185.02102188359774,-582.5238876638526,0.5034048770829125,0.8518518518518521
400,61.6714300929738,96.3300946459499,93.41813662000419,188.01278352234849,-582.5104491242664,0.5201213046377825,0.8379629629629631
401,57.51047542205531,100.67318172265517,88.27026844762754,185.18241199182194,-581.8168748161073,0.5029984672991382,0.8487654320987655
402,56.46700145733614,99.95738542679355,87.83888161589967,185.13687144138842,-583.00604071445,0.5057787601646347,0.8518518518518521
403,52.65560651533611,103.98888464254838,82.43576585777707,185.15113508353838,-582.1540666574225,0.4901741370796686,0.8630401234567905
404,50.89969018341621,103.80335482915712,81.14112975732307,184.7702064776743,-583.29249194875,0.4909108203891386,0.8680555555555558
405,52.595113300786835,104.75433625917135,81.96761241862862,185.59775028046755,-581.7401670854166,0.48720097445768673,0.8634259259259263
406,54.486441529221835,103.405685856669,84.23213077846943,185.16631071456302,-581.4736351774195,0.49241061639218064,0.8576388888888893
407,52.73385019487236,103.22028631030886,82.94445452927432,184.80408713285794,-582.6211759307514,0.49314729970165055,0.8626543209876547
408,55.65681302861567,100.09800125736648,87.11661925232296,184.97339394019815,-583.3636512261221,0.50522949310337,0.854166666666667
409,54.82709802808343,100.89784612404242,86.00251029941128,184.72945945946452,-583.1956144473663,0.5021273654489599,0.8564814814814818
410,57.71914166079083,97.82646185519025,89.83040539730563,186.26917752274622,-583.8999386263449,0.514107773483024,0.8487654320987655
411,56.68086998833532,97.55229892669607,89.10164147687627,186.2768988308416,-584.6887226060747,0.5151646334930642,0.8518518518518521
412,56.61109344282719,98.15697392441866,88.81750523372942,185.89227457200448,-584.311736939209,0.5127907504113419,0.8518518518518521
413,53.75936289279298,102.16039126098562,84.39858794786801,184.64897989551162,-582.8092367329806,0.4972387019798884,0.8595679012345683
414,55.669651770485494,99.84735541853863,87.26220257776306,185.03520973500824,-583.5585375015406,0.5062001666527687,0.854166666666667
415,56.48779946634741,99.6007962711748,88.04417723482973,185.23833613047285,-583.280678536236,0.5071633244569386,0.8518518518518521
416,57.75037259694822,97.56429536536662,89.95007253636723,186.4429888645449,-584.0585591539176,0.5151384749431736,0.8487654320987655
417,58.31460778319069,97.34310161759588,90.4738482850525,186.68636917481564,-583.8752448172198,0.5160251762962473,0.8472222222222223
418,58.34712859834083,97.09701008825057,90.57592185682846,186.86803900372823,-584.0101175610106,0.5169958498456461,0.8472222222222223
419,58.367034683245365,96.95125560978394,90.63374012330759,186.97975596541406,-584.0864018107956,0.5175712284864715,0.8472222222222223
420,56.75279053756116,96.99933864864039,89.3341258712273,186.6803092371998,-584.9960434414925,0.5173420355613124,0.8518518518518521
421,56.824761204492326,96.49743118394949,89.52028881928653,187.08361305211847,-585.2411055608513,0.5193229566160863,0.8518518518518521
422,58.39115307026525,96.77822234859664,90.69975878238093,187.116155789219,-584.173392478132,0.5182547411230283,0.8472222222222223
423,58.43469425785925,96.47809650675916,90.80733619539426,187.36193540034466,-584.3148430731733,0.5194416826638893,0.8472222222222223
424,49.88658476023813,105.62636173162956,79.37343561935447,185.78830025493264,-582.8929934443577,0.4838462554889188,0.8715277777777781
425,50.754334793645064,106.09713507688924,79.85670100271918,186.31114542020853,-582.2095547135896,0.4819913325231929,0.8692129629629632
426,50.787058468552274,105.33553321115467,80.23022334831774,185.71217769551743,-582.498209993972,0.48496449514517487,0.8688271604938275
427,54.052225993523386,100.05669732652537,85.86015163300172,184.72219963699965,-584.3306686886817,0.5053819706213392,0.8587962962962966
428,54.06448962077949,99.82635774469186,85.9937504326717,184.78040567057403,-584.5094928714898,0.5062721767769849,0.8587962962962966
429,49.75853090499861,104.93863053723695,79.60835468802374,185.26174563402182,-583.2891620198387,0.48652419995783286,0.8716563786008233
430,51.883964789269214,102.12726197669353,82.92300260407211,184.33822481596545,-583.9246037205406,0.49737177192474324,0.8649691358024695
431,49.20141373569051,105.50568689064039,78.88353092891063,185.58319397458024,-583.3423946788229,0.48433088974217997,0.8734567901234571
432,57.50827927340789,95.54589267847435,90.22858250777716,188.0154124397929,-585.2969964442498,0.5231108164880348,0.8503086419753088
433,58.476068832744446,96.20319540824303,90.89787026520322,187.59651738377485,-584.4335291106771,0.5205303836980135,0.8472222222222223
434,48.74471361281701,105.42535024733152,78.5578197175313,185.44745882238823,-583.6431814968121,0.4846539792443541,0.8747427983539098
435,47.83178228311467,105.26383748582538,77.90852469042481,185.1785120411485,-584.2475822696584,0.48530015824870243,0.8773148148148151
436,48.38060594487409,106.35500119579608,77.85687351195381,186.1445316627537,-583.502653789088,0.4810409244187007,0.8761574074074077
437,50.954824991064214,102.41754202760916,82.00664903095455,184.25276462054293,-584.2413916743159,0.4962535322684873,0.86766975308642
438,50.430086109539694,102.69999469464202,81.41833783044949,184.2463694740708,-584.3349343054424,0.49517005421914023,0.8692129629629632
439,49.541824679779886,103.55667213211085,80.20179179675766,184.43077447011837,-584.2447864551193,0.491880088895661,0.8719135802469138
440,48.67575987662422,104.41120087290105,79.02683872494968,184.74526628654448,-584.2088797232199,0.4885901235721816,0.8746141975308644
441,49.75511550212757,102.5754927699101,80.95555442300609,184.10018256132977,-584.8200354969772,0.49565468847240146,0.8711419753086422
442,56.32220467441686,94.62957115542574,89.33545151954664,188.68222745580562,-586.298529949671,0.5267174872117366,0.8541666666666667
443,58.20098980070887,94.60145211612857,90.83144888064066,189.0163104505606,-585.210300198504,0.5268986763599833,0.8487654320987655
444,52.31239799973511,98.29391133355358,85.3346211548572,185.11853320902762,-586.713950810381,0.5121947608958441,0.8641975308641978
445,53.30168839183687,99.21348106920043,85.70035864384882,184.8545351135869,-585.4405046221768,0.5086365757937183,0.8611111111111114
446,53.339477553426256,98.75438162725567,85.9497423580597,185.05379618975752,-585.7731501486741,0.51041698810501,0.8611111111111114
447,53.38310768133959,98.29666940084005,86.18671109713956,185.2906445029407,-586.0886282211497,0.5121974004163017,0.8611111111111114
448,51.16595902462165,99.116709320509,84.04529741070054,184.5450224671251,-586.7567257206692,0.5089836666000261,0.8672839506172842
449,52.31582021225419,98.25914822844436,85.35204309341542,185.1380350979209,-586.737118043855,0.5123298236950333,0.8641975308641978
450,53.39099055862342,98.22059105236612,86.22478937323265,185.33362901416743,-586.1392591005126,0.5124938345434658,0.8611111111111114
451,47.313860264425905,104.16494980122133,78.07699609468546,184.38058666194772,-585.1473778835887,0.48955939207870414,0.8784722222222225
452,52.34028713940428,98.03037586961099,85.46465206851012,185.27174504149636,-586.8867645711233,0.513220029850679,0.8641975308641978
453,53.43208310790105,97.84761882262698,86.40546735850617,185.55909037171125,-586.3792230806429,0.5139498448675639,0.8611111111111114
454,52.36628131430507,97.80198977085853,85.57318704184198,185.41430772061386,-587.0308220804711,0.514110236006325,0.8641975308641978
455,48.406313270324524,102.28557848553532,80.0543788144032,183.80774472633556,-585.823022615159,0.49677232467153154,0.8750000000000002
456,48.40693306422151,102.30492010780901,80.04317298554636,183.812252385193,-585.8079033592081,0.4966981408252277,0.8750000000000002
457,48.40356031795661,102.18770440415501,80.11124239648672,183.78608142622082,-585.8997292635245,0.49714771902574517,0.8750000000000002
458,52.3888339856142,97.6116362597294,85.66042499787093,185.5399017435895,-587.14647151797,0.5148530814018653,0.8641975308641978
459,53.476735611951554,97.47551852428671,86.5746681588517,185.8076845341228,-586.6034649125393,0.515405855191662,0.8611111111111114
460,48.401130339564574,102.08984184876977,80.1683545683096,183.7663465439285,-585.9767453789395,0.4975231133799589,0.8750000000000002
461,48.39868112755174,101.97382328937981,80.23636419643235,183.74547038591206,-586.0684232235259,0.4979682164577819,0.8750000000000002
462,48.39618775291521,101.85782918963623,80.30465612090832,183.72736021580755,-586.1604451295129,0.49841331953560475,0.8750000000000002
463,43.872993094134436,107.6827524266655,73.81652384021737,186.62755778683172,-585.8492033322478,0.47600499010313735,0.8897417153996093
464,44.16461378958748,106.24131311274957,74.5406369754708,185.3590929233695,-585.9855171044551,0.4815906467837074,0.8882526532380334
465,44.123603419617126,107.01068106960315,74.21903854060754,186.035742113185,-585.8044395832999,0.47860828546971124,0.8887061403508769
466,44.73066983025204,106.60251950355614,74.84897397142748,185.7660218262525,-585.5493236890657,0.48017409959396284,0.8867771280051979
467,43.192922042174686,107.27457707915657,73.39095559194266,186.1291923701834,-586.2957544208183,0.47761107026659305,0.8915082846003892
468,48.22847794950495,100.58879505265449,80.9193308602418,183.6861937610242,-587.2818824048161,0.5032941591969317,0.8755144032921813
469,45.548495834713556,103.87795102167048,76.83201045824713,183.93915484454638,-586.3533114200468,0.4906869976602027,0.8834876543209879
470,46.831508008015916,103.05755262896729,78.33507036142646,183.78389582821129,-586.1650343356841,0.4938186259087058,0.8796296296296298
471,49.00490677917028,99.35827463415737,82.20349824873306,184.10407805917043,-587.8236353565094,0.5080319258410447,0.8734567901234571
472,47.336588494269414,100.5512684960894,80.23031765957835,183.54624000878746,-587.8312489982548,0.5034372322141457,0.8780864197530867
473,46.64952053599817,99.90456124964076,80.04064132504794,183.55674061977228,-588.7551099405227,0.5059100085523346,0.880144032921811
474,45.98957333822191,100.83656800272792,78.99252999794223,183.299906364808,-588.3812104983792,0.5023370935687091,0.8819444444444446
475,48.47446015510112,96.8196699056868,82.78899493937396,185.47004791979884,-589.9194309716847,0.5178651416723057,0.8757716049382718
476,48.0518253515351,98.05427285669678,82.03765358961441,184.56065819691761,-589.3632923969636,0.5130558385195857,0.8765432098765434
477,49.35623004764097,97.58352826616935,83.2540187450502,185.06505144964737,-588.9286043805961,0.5149046499815458,0.872942386831276
478,47.09744764626399,97.09522539955475,81.6139734431598,185.0392307338988,-590.5561147457813,0.516765003026869,0.8796296296296299
479,37.984467048120315,107.9679987243118,69.04554099121984,185.94190261913485,-589.2413866063586,0.47509449741729615,0.9068388564002594
480,42.91847963299577,100.48265329630209,76.74755706687165,182.83872714749901,-590.453832612681,0.5036777145469786,0.890817901234568
481,44.00213881295096,100.17841595810862,77.7812954559053,183.06581437566848,-590.0719584428551,0.5048451596876715,0.8877314814814817
482,43.12202165231871,99.2147360236227,77.5863988337613,183.20145203144165,-591.3556204473781,0.5085206709473268,0.8904320987654323
483,53.20708619440124,89.91259841790925,86.5080844629245,192.80608048134619,-588.9374766655557,0.545156237242262,0.8654970760233915
484,51.06358379125194,92.75602831176653,85.03489369357361,189.66111908094533,-589.7200082776335,0.5339245864038238,0.8702485380116959
485,39.87576054409012,103.20818706136048,72.70063336881194,182.7128113300651,-590.100188017195,0.4933026641512678,0.8996913580246916
486,40.47171832772174,104.03859251203028,72.69395903961697,183.19909759974811,-589.2007962172885,0.49013687775298165,0.8981481481481484
487,40.835023234529906,103.54105479382312,73.26961055351026,183.01030177805848,-589.3137844842214,0.4920289890555183,0.8969907407407409
488,38.47374307120295,105.05068185633831,70.55374829582527,183.50191098807358,-589.7872984134766,0.48630224381425813,0.9041991552956464
489,38.790366533150554,106.29281653291811,70.23362904288345,184.52596875255455,-589.0879817557064,0.4815283585500037,0.903752436647173
490,39.12411268816458,105.7986099604929,70.71192238300125,184.17016920482186,-589.0722476462169,0.4834204698525403,0.9025950292397658
491,35.10376172665117,107.94329713369724,66.75205453129327,185.44734352679723,-590.9118360283417,0.47528702340962004,0.9151234567901235
492,34.475978133763775,107.38756649098661,66.40103963067695,184.81267879200462,-591.3323595541019,0.4774387262419787,0.9166666666666669
493,34.49759850975615,107.5205225251591,66.37933131711378,184.94205633738628,-591.3015272862797,0.4769289013174013,0.9166666666666669
494,34.61863016539525,108.2422858116406,66.29874503130696,185.6602483148571,-591.1840285022818,0.4741524393321812,0.9166666666666669
495,43.6693607135741,96.70060564104956,78.99159281439555,184.7778924808459,-592.7820643996705,0.518206583748023,0.8896604938271607
496,44.20776349505025,97.33764473090218,79.23532941901524,184.3939343979262,-592.0830078206995,0.5157562429082527,0.887860082304527
497,44.78399542504681,96.40755623114832,79.94953311300885,185.1952918758948,-592.2958773752049,0.5193740288887159,0.8865740740740743
498,36.53996945275457,104.9047619255699,69.0869055604808,183.0870145365428,-590.9855533920836,0.4868933381400107,0.9097222222222223
499,35.77398032942412,105.23496353991995,68.30781031025334,183.19512872056004,-591.2633025949453,0.48564080259382736,0.9120370370370373
500,35.76434924753763,105.1572062786458,68.3392936936698,183.13769061916912,-591.3063534987053,0.4859375379790426,0.9120370370370373
501,36.520085428136596,104.722565603539,69.16689622204723,182.963261342656,-591.0946503175534,0.4875874536363157,0.9097222222222223
502,36.501554368115194,104.5401132866073,69.24972451468584,182.84466006543545,-591.2074953883275,0.4882815691326208,0.9097222222222223
503,36.49823221277425,104.5065890188537,69.26523086877673,182.82345113134056,-591.2286084914757,0.48840902536376507,0.9097222222222223
504,36.494937015985435,104.47306028422439,69.28082721404976,182.8024205693581,-591.2498402697474,0.48853648159490937,0.9097222222222224
505,36.490623959173675,104.42874115783263,69.30157611498772,182.77490116999743,-591.2780805088513,0.488704929473153,0.9097222222222224
506,36.48687180408525,104.38969761479478,69.31997889760798,182.7509227126468,-591.3031220803337,0.48885329716576065,0.9097222222222224
507,36.48270781040381,104.35069295218189,69.33849945566362,182.72718937451674,-591.3283188178906,0.48900166485836827,0.9097222222222224
508,35.10516998166151,103.91890474345668,68.4824216778561,182.2644787657731,-592.3940987036696,0.49065414317274225,0.9135802469135806
509,35.192201326161204,104.83503674363963,68.04860570059803,182.82224528497727,-591.8038797044245,0.4871755531543788,0.9135802469135806
510,42.876650151676124,95.74689039684988,78.55126972626715,185.4473270846158,-593.72902590779,0.5218820950076781,0.8923611111111115
511,42.92716890721231,96.89769698897653,78.34791909273524,184.50530678730917,-593.099333027116,0.517428286987561,0.8917181069958849
512,33.17045124098526,107.59474236932304,65.29920270814249,184.79549154609742,-592.0621205779598,0.4766880876009223,0.9205246913580251
513,37.14389696920702,101.69237442317052,71.43524908889898,181.88173892508388,-592.8310410265906,0.4990683321938514,0.9074074074074078
514,37.15063735309314,100.78734668509094,71.97550265396272,181.87008101209184,-593.5573381887717,0.502497466314679,0.9074074074074078
515,33.11166156973203,107.23180534667722,65.36038778732147,184.44348556840356,-592.1488598989804,0.4780763185935323,0.9205246913580251
516,31.617417485930673,106.21427967517619,64.54409895595266,183.28979744882724,-593.2769553725171,0.4820001978548834,0.924382716049383
517,34.66725796172261,104.92994488802032,67.58020033683376,182.80075885715905,-592.0587792546804,0.4868226410131409,0.9151234567901239
518,34.04982459614904,104.10876065186783,67.53328714561134,182.19457643222242,-592.8876778879763,0.4899483188902664,0.9166666666666671
519,34.192063830380526,105.44239653662258,66.94481401015274,183.09135013065594,-592.0852511303679,0.4848788015553289,0.9166666666666671
520,32.57619163765049,105.37166723224377,65.69037315816409,182.77528693181344,-593.0558222459078,0.4851794462690367,0.9212962962962967
521,33.493693148352385,106.22726585899677,66.03542778932503,183.60803254291613,-592.1826533637835,0.4819008944742835,0.918981481481482
522,33.482770154400455,106.149408861852,66.05917755667659,183.54062554227994,-592.2154370861506,0.48219762985949877,0.918981481481482
523,36.60944865535053,101.7982504508376,70.94519053389337,181.80763304499274,-593.0575096546884,0.4986666467347618,0.9089506172839511
524,36.07480092015015,100.99888564683226,70.99506633087462,181.68357102228998,-594.0103361269087,0.5016940953964998,0.9104938271604942
525,35.54522251037725,102.1716799418869,69.87142373625552,181.697250887913,-593.384089792268,0.49725697243961303,0.9120370370370375
526,38.84511262036447,99.09536801234748,74.23506313983795,182.552454493753,-593.9330517234857,0.5089204077194929,0.9027777777777782
527,40.07053648154916,98.85271250282192,75.32819612969665,182.85354910159546,-593.4090120868126,0.5098612919255963,0.899305555555556
528,38.56217299137082,99.29863259000486,73.90927991424525,182.42964397091524,-593.9388422724804,0.5081480426364768,0.9035493827160498
529,37.990260962643326,99.86087728805427,73.16208478915321,182.1628086430704,-593.8221613349361,0.5060106729758416,0.9050925925925929
530,37.992117403155106,99.82721362229158,73.18153812200329,182.17187729585905,-593.8481923534564,0.5061381292069858,0.9050925925925931
531,37.99463573822459,99.78272855171763,73.20719400791246,182.18419522970083,-593.8825185966547,0.5063065770852294,0.9050925925925931
532,37.99704363103365,99.74355941325443,73.22973913607979,182.19535758650326,-593.9126784858629,0.506454944777837,0.9050925925925931
533,38.186780957661576,98.9546285270479,73.7785579282227,182.50354275337318,-594.425347469704,0.5094500698331177,0.9047067901234572
534,37.247482129364556,98.9767606313532,73.01938697802044,182.34177044289999,-594.9543784579278,0.5093557345563341,0.9074074074074078
535,37.18573181246757,99.88151995963777,72.50959240493617,182.02696361823655,-594.2731954612482,0.5059266004355065,0.9074074074074078
536,34.4907276893582,102.67272419209532,68.72854027377309,181.6522910303004,-593.616934504591,0.4953707483664419,0.9151234567901239
537,35.5547593931393,102.48464565350443,69.69039878102006,181.77185276629476,-593.1398224452453,0.4960765726489177,0.9120370370370373
538,35.546230088430086,102.21674093772168,69.8451929604558,181.706794770294,-593.3487112923765,0.49708703079808725,0.9120370370370373
539,33.92864961694009,101.42381425973045,69.03306794199544,181.33882224098306,-594.9144573931736,0.5000873535601414,0.9166666666666671
540,35.536665016989126,101.18464924855637,70.45672007174528,181.59320277711154,-594.1721098055606,0.5009892582489254,0.9120370370370375
541,35.56298646619985,100.19686261831227,71.04408580713078,181.69305381307493,-594.9603039469423,0.5047215440582378,0.9120370370370375
542,33.95916257846646,102.76690317199287,68.24797929567708,181.5951180590713,-593.8559521807663,0.4950178362252039,0.9166666666666671
543,30.702948499238516,107.24522669166929,63.43427084958581,184.0613981066946,-593.5437877450979,0.4781008537149827,0.9274691358024695
544,29.751493873213384,107.97563979968886,62.471903475142035,184.60355064244524,-594.0117542808247,0.47534496564136175,0.9305555555555559
545,29.764699143763323,108.05339350989323,62.464293427585766,184.681261792071,-594.0005319922353,0.47504823025614645,0.9305555555555559
546,29.738498785668703,107.89781931766409,62.48025988474286,184.5260468010397,-594.0239770944236,0.475641701026577,0.9305555555555559
547,29.779768794427852,108.14162121093896,62.45656351495336,184.76971682696356,-593.9890112088381,0.47471133449965913,0.9305555555555559
548,29.7912321519839,108.20834878897041,62.45136145573668,184.83678960900457,-593.9811615037489,0.47445642203737065,0.9305555555555559
549,30.69761840322645,107.21175023303414,63.440672013149545,184.02935050441,-593.5528012727262,0.47822830994612703,0.9274691358024695
550,30.692216362215156,107.17828736003707,63.447202958458895,183.9973763204205,-593.5619882995584,0.47835576617727127,0.9274691358024695
551,40.06263460820416,95.75148174369265,76.31002373721427,184.98368913366127,-595.3645874930442,0.5217817260359834,0.9004629629629634
552,39.358976841129,95.13860106022383,75.8161164852846,185.42628542469404,-596.021377198226,0.5241289597243053,0.9027777777777782
553,40.05738101299119,95.78648632757732,76.30044072117595,184.95194472304127,-595.3521130069212,0.5216466632367943,0.9004629629629634
554,30.685110145367958,107.13405705011725,63.45603287806048,183.95523407721745,-593.5743953714772,0.47852421405551493,0.9274691358024695
555,30.67888165814945,107.09509207659886,63.46399687036184,183.91822680335326,-593.5855728987266,0.47867258174812255,0.9274691358024695
556,30.67270344052266,107.0561156883277,63.4721351413927,183.88132634747464,-593.5969833059287,0.47882094944073017,0.9274691358024695
557,37.74222885159607,98.00870269220073,73.83983739895109,182.90948716287838,-595.3867241083956,0.5130490408483268,0.9062500000000004
558,39.15142493794506,96.45096341322962,75.4531790771245,184.24036458482405,-595.5487223140444,0.5190594423893677,0.9027777777777782
559,40.74084443287023,96.57369727103156,76.69016448452251,184.4003619580798,-594.5566852186917,0.5186241155525266,0.8981481481481485
560,40.05137251192204,95.82137455494869,76.290723228281,184.92031024852471,-595.3394563663404,0.5215116004376051,0.9004629629629634
561,29.981264881718438,106.91745003713106,62.96826880701222,183.64126016250606,-594.0280659126404,0.4793686778493532,0.9293981481481486
562,31.20355944580536,105.09198752468549,64.73581732026503,182.34786735968146,-593.988787719271,0.48627490308628263,0.9251543209876547
563,38.8036743596769,96.09086959332997,75.25106703867021,184.48308199735723,-595.9371142906303,0.5204356534323125,0.9039351851851857
564,37.09076559538285,97.84831650393808,73.38327721903693,182.90002663400136,-595.8784414965806,0.5136528868082555,0.9081790123456794
565,36.96815646313482,96.72578366890897,73.64701096446736,183.66561424465104,-596.6652342206949,0.5179500390601769,0.9089506172839511
566,36.51101537653169,98.25098320675974,72.75992333928303,182.5726518374541,-595.9289881730124,0.5121081566422234,0.9097222222222227
567,35.78955174912117,97.52685768203075,72.46426609111509,182.89432872925443,-596.8537894760422,0.5148605787281129,0.9120370370370375
568,35.117455543065205,98.81740646480745,71.39777054518964,182.06507863265165,-596.3151326050072,0.509936170338789,0.9135802469135806
569,29.525266232782812,106.56754725483486,62.73415755304243,183.25327812261833,-594.3815131068625,0.48071121836151454,0.9305555555555559
570,30.517869834169126,104.95110792118892,64.26159865536825,182.13836866916472,-594.459328512539,0.4868226314949057,0.9270833333333337
571,28.849622709877842,107.3905348530353,61.91170344536953,183.89433835622498,-594.5941692501555,0.47760668632515196,0.9328703703703707
572,38.15904036862494,95.92957781043424,74.76625505839071,184.51658774198805,-596.3903093616889,0.5210394993922411,0.9058641975308647
573,28.844195815857077,107.35698962702853,61.91758244964969,183.86191327104075,-594.6024857769937,0.4777341425562964,0.9328703703703707
574,27.907530479112147,106.49918361362855,61.47052441586239,182.92929547448892,-595.3398302550012,0.4810118630752222,0.9351851851851856
575,38.16452189779052,95.89447294708272,74.7764365024503,184.5479387536611,-596.4035932179862,0.5211745621914303,0.9058641975308647
576,28.83880676635514,107.32343559478976,61.92359310562008,183.82955563843151,-594.6109783926906,0.47786159878744067,0.9328703703703707
577,38.17002366945538,95.85937350183258,74.78648471792165,184.57940594087907,-596.4166965178218,0.5213096249906195,0.9058641975308647
578,28.831718086952677,107.2790805372644,61.93173827060945,183.78689748535163,-594.622471691575,0.4780300466656843,0.9328703703703707
579,38.17555188101356,95.82428080834825,74.79639916984624,184.61098758189019,-596.4296185641812,0.5214446877898085,0.9058641975308647
580,39.3706489194572,95.068740560231,75.82999045223944,185.4933829477055,-596.0391670259726,0.5243990853226836,0.9027777777777782
581,39.38231719138056,94.99890189070288,75.8432819357184,185.560780662266,-596.0561701062837,0.524669210921062,0.9027777777777782
582,39.39399887646581,94.92908607478394,75.85598666556344,185.62846483529458,-596.0723808753028,0.5249393365194401,0.9027777777777782
583,28.8256636899697,107.23997925814491,61.93910183751377,183.7494271964181,-594.6328481152544,0.478178414358292,0.9328703703703707
584,33.96146796767921,100.08024171026707,69.83213633639468,181.45733703561837,-595.9869597822969,0.5051568708950789,0.9166666666666671
585,34.053266227930166,98.7379187095984,70.58662530854237,181.9285415907118,-596.9950335633124,0.5102263882300164,0.9166666666666671
586,32.946179353299854,99.16681498002683,69.49979689077757,181.5676666791458,-597.3072608745207,0.5085938945988823,0.9197530864197535
587,33.41617027475317,100.29627890341744,69.27835279353882,181.32675347919547,-596.1284986467721,0.5043406240795119,0.9182098765432103
588,30.76001524567137,103.05136635752764,65.52721528062992,181.17280757121597,-595.5096230501276,0.4939743074740366,0.9259259259259264
589,29.96173540071708,103.14224191138233,64.83659863918113,181.07733089351555,-595.908898633542,0.4936398777395719,0.9282407407407411
590,29.963776691955232,103.17828937722285,64.81687414986293,181.0916007955611,-595.8822047190889,0.4935048149403828,0.9282407407407411
591,31.789530268467118,101.90007061554327,67.04200687897382,181.04000234140082,-595.7789285731053,0.4982951222736413,0.9228395061728399
592,30.723069304049368,102.13914474500339,66.04736351709619,180.90843484446074,-596.2121284393183,0.49739900663039127,0.9259259259259264
593,29.888242044443174,103.99552567424945,64.28082045402368,181.4559019530873,-595.37809383482,0.4904375874219557,0.9286265432098769
594,32.335870500312396,100.53159546618646,68.28420900777141,181.11567590662943,-596.5633867089248,0.5034445084362618,0.9212962962962967
595,30.74943364431813,100.02806825528772,67.2998705508521,180.9475329724829,-597.8951075839917,0.5053289073366138,0.9259259259259264
596,30.74489071208683,100.12410950282582,67.24375663044887,180.9260572213872,-597.8199601800206,0.5049687398721096,0.9259259259259264
597,29.460727196901097,103.67526559027893,64.1242016020033,181.22543059599204,-595.833683459676,0.4916450651349278,0.9297839506172844
598,29.209681221577647,103.8884309147286,63.80129554569327,181.28959562895332,-595.840950257147,0.4908502530313895,0.9305555555555559
599,26.50142012270279,107.76805712235992,59.93013154799605,183.8711527148971,-595.9099713781202,0.47624299045399243,0.9398148148148151
600,31.25184340053319,101.10898303240384,67.08602864515417,180.89871531868258,-596.7241069772637,0.501271763608371,0.9243827160493832
601,30.740592447606943,100.22013295517102,67.18742694418847,180.90637980613084,-597.7444997719266,0.5046085724076051,0.9259259259259264
602,30.73668240104452,100.31616159374082,67.13090284369798,180.88851335029292,-597.6687548967437,0.5042484049431007,0.9259259259259264
603,35.102662047222026,96.66192770327315,72.17710453931583,183.41182917492284,-597.7875056775237,0.5181532520107588,0.9143518518518523
604,34.3851768221459,96.07950673404466,71.73456384294025,183.77271402201148,-598.514381401857,0.5203654228998915,0.9166666666666671
605,35.09219833939837,96.73255352847579,72.15090366866067,183.35504796939108,-597.7530154938315,0.5178831264123804,0.9143518518518523
606,28.4628456877342,104.5242360172994,62.85045576361992,181.5275774676905,-595.8861991125335,0.48846581672077466,0.9328703703703707
607,34.19784330113327,97.40511795839805,71.2375126625696,182.71746495962165,-597.8597949229905,0.515295905564954,0.9166666666666671
608,33.17215300298576,97.05330307213241,70.53165895595404,182.79939528776848,-598.6784233002442,0.5166138371712309,0.9197530864197535
609,33.15977287686552,97.1478799064755,70.49297073694905,182.72865515221596,-598.6273275246546,0.5162536697067266,0.9197530864197535
610,30.714905722718925,101.22780860037253,66.58781519082679,180.81152524925824,-596.9397820186454,0.500823705786746,0.9259259259259264
611,29.91145050003363,101.23301660602577,65.94428992404868,180.68125929938262,-597.4027973943354,0.5008044225837227,0.9282407407407411
612,29.912307094084113,101.13698493992933,66.00165336708521,180.68117492609198,-597.4798999626331,0.501164590048227,0.9282407407407411
613,29.911845178084164,101.18500206353202,65.97296908994218,180.68097446345197,-597.4413483463384,0.5009845063159748,0.9282407407407411
614,33.028921837840414,98.24933990947657,69.98580066761114,182.00782015464492,-597.9548641087287,0.5120636146883001,0.9197530864197535
615,32.531099777466245,97.89799748479784,69.73098192653738,182.1284516050255,-598.4950254697532,0.5133874163150093,0.9212962962962967
616,32.52323458005473,97.96924185667416,69.6968222110616,182.0846460329072,-598.4496719780948,0.513117290716631,0.9212962962962967
617,32.53920087729304,97.82679408858377,69.76474116775022,182.17310024813213,-598.5398299083116,0.5136575419133875,0.9212962962962967
618,32.515546911619786,98.04054239994777,69.66227099323324,182.0416888334186,-598.4037814245756,0.5128471651182527,0.9212962962962967
619,31.618063921454734,99.03141022514482,68.50656740749498,181.40537411685185,-598.1848553150727,0.5090880362274333,0.9236111111111116
620,31.620667520622973,98.99548103474322,68.52615230539979,181.42058478170696,-598.2109846285833,0.5092230990266224,0.9236111111111116
621,31.62360962781839,98.9595811803612,68.54567152866011,181.43602700790876,-598.2370227085698,0.5093581618258116,0.9236111111111116
622,31.626589814765524,98.92368780304068,68.56512395354913,181.45170013125627,-598.2629680531384,0.5094932246250007,0.9236111111111116
623,31.629268767939188,98.8877741603694,68.58450845634012,181.46760348754862,-598.2888191603953,0.5096282874241898,0.9236111111111116
624,33.81835551510701,96.2831819715732,71.24252446826486,183.5086215283541,-598.7406170572324,0.5195701324290742,0.9182098765432103
625,34.40741841416617,95.93827244350514,71.77713352592941,183.89734406619812,-598.5700050965752,0.5209056740966481,0.9166666666666671
626,34.429535571884,95.79704973891225,71.81756906219059,184.02389641202925,-598.622735730141,0.5214459252934047,0.9166666666666671
627,34.451860527741935,95.65591201035417,71.85583594784069,184.1522597211111,-598.6725283500363,0.5219861764901612,0.9166666666666671
628,34.47452914017952,95.51489341815159,71.89189967899661,184.2823226550501,-598.7193380037426,0.5225264276869177,0.9166666666666671
629,24.94447793825728,106.39113979948546,59.15039440051856,182.3519343606291,-597.0918696720469,0.4814943192306269,0.9436728395061732
630,26.041492022425935,107.41733412151406,59.66227077114351,183.46178560691604,-596.2183297169613,0.47758553096615375,0.9409722222222225
631,25.630202438890493,106.1924280424089,59.77933011833069,182.29415912877263,-596.7590163127437,0.4822285275202662,0.9416152263374489
632,22.57400130062821,108.31122297196534,56.66925601274951,183.7588901955115,-598.1600243108062,0.47431364623822037,0.9513888888888893
633,22.56634757939871,108.26835139758377,56.67214794675854,183.71567127368928,-598.1644639780903,0.4744757215972474,0.9513888888888893
634,24.22405067638003,105.7023068280485,58.873878714686825,181.6670621390464,-597.7605357865255,0.484100178073609,0.9454732510288069
635,23.917466003085337,106.6888334612178,58.21465159270582,182.4464452610514,-597.6013460994092,0.4803930067961679,0.9467592592592595
636,22.559081213078926,108.22413205207724,56.6753633263602,183.67125306909728,-598.169353720197,0.47464246579377695,0.9513888888888893
637,29.079995783871446,98.94338520589453,66.52621223036229,181.02978773828696,-599.7278497405936,0.5093894261302345,0.9309413580246917
638,29.052387953600075,100.04452778438471,65.93853591526329,180.66869618116954,-598.8688951717371,0.505259708340103,0.9308127572016464
639,29.63263401552554,99.30505636791669,66.78906919408507,180.9779103543035,-599.12392972229,0.5080359198656943,0.9292695473251033
640,28.636070488154317,99.4971288376548,65.89813544474644,180.750896396025,-599.5503777909163,0.507307267486041,0.9320987654320991
641,29.532725341795548,98.39147928331639,67.13797631454372,181.36338027131188,-599.8826965090203,0.511471584774428,0.9297839506172844
642,24.238853875729646,103.02621771192372,60.34552224465266,180.10537589039822,-599.3164220254619,0.4941203794714733,0.9447016460905353
643,24.91029778910776,103.72251297670373,60.46902905355095,180.50953142903893,-598.445688203099,0.4915145206284912,0.9429012345679015
644,24.970208102877635,102.37946477321314,61.317108181195906,180.02808960073764,-599.370686501241,0.49652462132742337,0.9425154320987658
645,35.0773226972677,90.18547408846712,72.08148064328684,189.57308470654272,-599.4300376944658,0.5429774535406187,0.917580409356725
646,36.62098219895358,92.61810864923596,73.52361968432375,187.43257830689112,-598.149815864074,0.533758078525356,0.9119152046783627
647,20.080415713203266,106.09935851238046,55.39246565685246,181.31246776914057,-600.0119999640469,0.48270062374339023,0.957561728395062
648,21.387068987603968,105.86282917797601,56.53926047698309,181.33145722176974,-599.3426432450283,0.48356135475718237,0.9537037037037039
649,20.18517335939839,104.79183925033283,56.10818297620718,180.35158886523527,-600.5441724731875,0.48759043373198896,0.9567901234567904
650,24.760885607070207,98.79144900514135,63.1566386063384,180.39476586365052,-602.3542724815192,0.5099072767478047,0.9434156378600825
651,24.484032214809545,99.4949635267375,62.590509090740504,180.0780282253415,-601.9658128351945,0.5072818253842548,0.944058641975309
652,25.17879890220506,99.13852510858922,63.323691244272936,180.31753550000823,-601.8429579121073,0.5086165763490081,0.94212962962963
653,19.242331965875422,105.85328619537191,54.83370006087909,180.97365544543695,-600.5916065098637,0.4836455769327086,0.9598765432098768
654,32.02614806077254,90.78441118308281,69.7045599084211,188.48479667057273,-601.1122788059866,0.5405213708032808,0.9260680636777128
655,32.838286153492255,92.37067988746061,70.49078418935802,187.05679636298416,-600.3917415920527,0.5345230564311597,0.9229342646740308
656,20.542830747482526,102.15672760274019,57.92341759288937,179.2609183253387,-602.1137508713956,0.49737005370918647,0.9552469135802472
657,21.28467938089804,102.88023045267818,58.07805431100312,179.5750912745226,-601.1386419077518,0.4946840010593153,0.9531893004115229
658,21.87735822412668,101.92381421496631,59.127822338570134,179.43622388798698,-601.5198280694977,0.49823078472297866,0.9513888888888892
659,30.500496089122862,91.08575121182572,68.51593818421243,187.93895838492836,-601.953204149281,0.5392933294346118,0.9303118908382065
660,29.78653869817235,92.97828985860062,68.1123622160776,185.96051143055595,-602.0720671667044,0.5320669736938219,0.9314219189950185
661,18.993687977717272,103.40771951669211,55.93768762874944,179.40504389771505,-602.0955208110507,0.492746703475337,0.9598765432098768
662,19.64872565983906,102.10954603165506,57.23924459172177,179.1067342392882,-602.6698050847319,0.497547693545686,0.9578189300411525
663,19.4712601035135,100.76692337376252,57.896125876457205,179.00465976886542,-603.8487505032281,0.5025263234525346,0.9583333333333336
664,17.85960185825256,100.9916157942156,56.47978632128525,178.7298742491365,-604.6011877566067,0.5016847315959809,0.9629629629629632
665,17.85847326698982,101.06476040366576,56.436100790590324,178.72757051209044,-604.5425000375094,0.5014146059976027,0.9629629629629632
666,17.860921164102862,100.91846439236063,56.5234593909937,178.73328272642183,-604.6598446003645,0.5019548571943593,0.9629629629629632
667,17.862431722779235,100.84530582090765,56.56711070559621,178.73779042699675,-604.7184581472198,0.5022249827927374,0.9629629629629632
668,17.864125476909862,100.7721390376084,56.610730970973435,178.74339183391157,-604.7770159756096,0.5024951083911158,0.9629629629629632
669,17.857534291489998,101.13789810886749,56.39241209302831,178.72637703223333,-604.4837938646357,0.5011444803992244,0.9629629629629632
670,17.855843302403954,101.35726481039478,56.26141994033389,178.72951330529276,-604.3076888389872,0.5003341036040896,0.9629629629629632
671,17.856220270759664,101.2841507854921,56.30506237378067,178.7273429118848,-604.3663758438116,0.5006042292024678,0.9629629629629632
672,17.856783653176805,101.2110284331396,56.348729522718614,178.72629932651486,-604.4250816595487,0.5008743548008461,0.9629629629629632
673,19.47195553054098,100.73036226565677,57.9178753201631,179.00791859597408,-603.8779419879369,0.5026613862517236,0.9583333333333336
674,17.86593226860586,100.69896107752416,56.65431089300591,178.75008143021657,-604.8355056639707,0.502765233989494,0.9629629629629632
675,19.47288646454038,100.69380420359528,57.93961329894632,179.0114477545803,-603.9071146059666,0.5027964490509128,0.9583333333333336
676,19.4738550507179,100.65724433194947,57.96133865551622,179.0152465580548,-603.9362668105977,0.5029315118501019,0.9583333333333336
677,17.867947906707002,100.62577459271523,56.69784117757425,178.75785369896204,-604.8939147907402,0.5030353595878723,0.9629629629629632
678,19.47488080035039,100.62068302455762,57.98305023258222,179.01931431976826,-603.9653970551102,0.503066574649291,0.9583333333333336
679,19.47591368397886,100.5841186313938,58.00474687285371,179.02365035309128,-603.9945037927845,0.5032016374484802,0.9583333333333336
680,17.870008980080513,100.55257341332346,56.74131253055905,178.7667031231983,-604.9522309343547,0.5033054851862506,0.9629629629629632
681,19.477011029201265,100.54755333471543,58.02642741904004,179.02825397139463,-604.0235854769008,0.5033367002476693,0.9583333333333336
682,19.47819970966421,100.51098824553495,58.04809071385064,179.0331244880489,-604.0526405607394,0.5034717630468585,0.9583333333333336
683,19.479435980495765,100.47442183447654,58.06973559999489,179.03826121642481,-604.0816674975806,0.5036068258460477,0.9583333333333336
684,19.480718785974517,100.43785396604648,58.09136092018216,179.04366346989303,-604.1106647407046,0.5037418886452367,0.9583333333333336
685,19.48202724537194,100.40128387274346,58.11296551712187,179.0493305618242,-604.1396307433916,0.5038769514444259,0.9583333333333336
686,27.047216977059037,92.29816629723796,65.87266050685938,186.18203129913223,-603.7746266082216,0.5345247034941395,0.9396523716699156
687,15.887267025924771,104.67792138089598,52.74359880534214,179.57699059045387,-603.1054027350372,0.48809236647610094,0.9691358024691361
688,14.815710758183926,104.67542498641917,51.89022781962577,179.40142274998993,-603.7290476897588,0.48811602155422973,0.9722222222222225
689,14.831149253351313,104.82142521406703,51.82476984160883,179.49814101154143,-603.6398296679752,0.4875757703574732,0.9722222222222225
690,15.877965467073409,104.58768042824369,52.784791486207865,179.51895852113444,-603.1615113798466,0.48842585486916057,0.9691358024691361
691,14.80096339377178,104.52929474269057,51.957426964539465,179.30800682603046,-603.8205637641895,0.4886562727509863,0.9722222222222225
692,15.869935189435424,104.50641152420556,52.822418012140545,179.4678139570783,-603.2127387273913,0.4887259944229142,0.9691358024691361
693,15.862937572027747,104.4332295645683,52.85671951165757,179.422670695533,-603.259420207679,0.4889961200212925,0.9691358024691361
694,14.786830124437898,104.38303981087921,52.02629645060691,179.21795160547094,-603.914281948925,0.4891965239477428,0.9722222222222225
695,15.855840613019097,104.36003678345573,52.89142644652354,179.37837514882108,-603.3066357885572,0.4892662456196707,0.9691358024691361
696,16.856789774269416,103.49263765563238,54.18499921110228,179.0942176315396,-603.2805392243894,0.49245964190659025,0.9660493827160496
697,16.849771273876186,103.38955683388282,54.24007611724255,179.0484438226616,-603.3551527330046,0.49283981867467813,0.9660493827160496
698,16.84337885609841,103.29188899919252,54.29276457193759,179.00681337438004,-603.426502971241,0.4931999861391825,0.9660493827160496
699,14.77321426978277,104.23667769426322,52.096765452085094,179.13131545411926,-604.0101063016234,0.48973677514449937,0.9722222222222225
700,14.760211498968914,104.0901974816718,52.16876314323104,179.04815673778327,-604.1079408799421,0.4902770263412559,0.9722222222222225
701,14.74780799436067,103.9436107692612,52.24221869830173,178.96853382227093,-604.2076897415393,0.49081727753801246,0.9722222222222225
702,14.736056827681338,103.79692746814978,52.31706129155417,178.89250507339008,-604.3092569440724,0.491357528734769,0.9722222222222225
703,16.864737493885045,103.60716513588132,54.1244808766725,179.14725821186428,-603.1985190371418,0.4920372232753814,0.9660493827160496
704,14.725039324937441,103.65015722686023,52.39322009724536,178.82012885694866,-604.4125465451996,0.49189777993152556,0.9722222222222225
705,14.714723630977218,103.5033183948401,52.4706242896323,178.75146353875456,-604.5174626025783,0.4924380311282821,0.9722222222222225
706,14.705112854440614,103.3564220700481,52.54920304297199,178.68656748461564,-604.6239091738667,0.49297828232503865,0.9722222222222225
707,14.696278188524303,103.20946506720583,52.628885531521426,178.62549906033985,-604.7317903167221,0.4935185335217952,0.9722222222222225
708,22.00971925311704,96.42346355922402,61.80556318701036,181.46532690499205,-605.5351006832177,0.518738064579296,0.9521604938271608
709,23.12355417549655,96.7485138284467,62.61227241326261,181.39047660733823,-604.7045733171336,0.5175447695444988,0.948816872427984
710,22.732210311234596,96.07296686459505,62.4547207326957,181.8738049349209,-605.2971486456327,0.5200728155440495,0.9502314814814818
711,19.54271274172028,97.86125651359139,59.39440565505526,180.0366541267672,-606.0704238904981,0.5133006849891774,0.9587191358024694
712,20.83277613716558,98.32058453593153,60.235453472310745,179.9861411997254,-604.9910051828087,0.5116091181680866,0.9548611111111114
713,20.571354415731236,97.1267057106458,60.46988693009388,180.6920418581178,-605.9602296452298,0.5160685626497894,0.9560185185185188
714,17.262298018410092,100.10590457537123,56.50667857232693,178.742366442511,-605.6687432685783,0.5049508974572211,0.9647633744855969
715,18.184132334195922,99.57493465676801,57.52577490417087,179.02924170071825,-605.561158566543,0.506919146257408,0.9621913580246917
716,11.54461827127372,108.04568800938563,47.923446264476645,181.68977599863868,-604.5575023501299,0.4757012662370458,0.983024691358025
717,17.529919283193323,99.34382260587242,57.122481997263996,178.99869348458586,-606.1247414882981,0.5077649296679533,0.9641203703703707
718,18.528464211003026,98.60029195301541,58.27544909506824,179.4699158729136,-606.121049956205,0.5105328073285653,0.9614197530864201
719,17.234942001670476,98.13906755522515,57.4438022049706,179.49885057276984,-607.2133802610124,0.5122243741496559,0.9652777777777781
720,16.960848711222127,99.88243568186995,56.387904032730106,178.74482656367098,-606.0248532877737,0.5057736035927063,0.9656635802469138
721,19.720394912982115,96.81971451144874,59.8811955780374,180.77982314057252,-606.6415254619808,0.5171962738638498,0.9585905349794241
722,19.29542246583145,96.66660710556665,59.583705955463834,180.8285782986004,-606.9778854267568,0.51776012947088,0.9598765432098768
723,18.60244901018062,97.15556581836016,58.89204191757514,180.3494890517728,-607.0859243957647,0.5159148776971386,0.9616769547325106
724,15.548320479235954,100.56611255246467,54.88298654672999,178.3884920914977,-606.2908590861358,0.5032479251449257,0.9696502057613171
725,14.643252068556961,101.73949352371585,53.47083419009202,178.23817493778964,-605.8683958661928,0.49892104548936067,0.9722222222222225
726,14.641956878357973,101.59272246611269,53.557983266910696,178.2230625853291,-605.985725101703,0.4994612966861172,0.9722222222222225
727,16.40937426971128,99.41195565649205,56.19438324817952,178.79331800624743,-606.7220104981628,0.5075022842994387,0.9673353909465022
728,16.015155727011987,100.05248979234865,55.54167811307023,178.5514446745939,-606.4372789779677,0.50514123937433,0.9683641975308644
729,18.65905082855194,96.43546985242068,59.133408423087516,180.9074388696272,-607.4768909700794,0.5186059128814253,0.9618055555555558
730,10.291232712817092,106.92542666667632,47.25881354789416,180.42901443060393,-605.4487047967693,0.479886029169841,0.9861111111111116
731,11.900334743155284,106.9383370702305,48.53826117720278,180.70312754760985,-604.5122814089113,0.47979760133430877,0.9814814814814818
732,13.840187525321937,101.76711263815385,52.81414076872102,178.11114586317828,-606.3136706982833,0.4988221800084024,0.9745370370370374
733,10.273463835525845,106.81295008774764,47.285798194236314,180.32493701860278,-605.4863053965074,0.48030172204007565,0.9861111111111116
734,11.866938790529176,106.7248208567194,48.5902832400376,180.5060598392581,-604.5847235863438,0.4805888956948827,0.9814814814814818
735,13.83935469798233,101.69356143926079,52.85769382140496,178.10260632258365,-606.3723190119513,0.49909230560678075,0.9745370370370374
736,13.042929066264193,100.76514952130334,52.77124859919765,177.96196201293276,-607.5842314492983,0.50250507290474,0.9768518518518523
737,10.25729354312682,106.70834440684352,47.31212866700332,180.22914012572667,-605.5229208439245,0.4806881843095637,0.9861111111111116
738,13.838809875243811,101.62001913611425,52.90132255458958,178.095190621118,-606.431054675931,0.49936243120515894,0.9745370370370374
739,13.838437230363837,101.5464760152416,52.94501809824776,178.08890606976587,-606.4898656746417,0.4996325568035373,0.9745370370370374
740,10.241526020439906,106.60296467362117,47.33983891024027,180.13367391387462,-605.5613865951178,0.4810772815490709,0.9861111111111116
741,11.834578519550888,106.51124380406915,48.64727864345337,180.31301782663652,-604.663798890997,0.48138019005545685,0.9814814814814818
742,10.64722284786582,105.67350441596675,48.06217343130261,179.4288322656782,-605.6570778626522,0.4844991990560572,0.9845679012345684
743,11.74063884538485,105.84414085782716,48.85623129459132,179.7407105349962,-604.9519678317412,0.4838497941616597,0.9814814814814818
744,11.713365240218906,105.63517533084233,48.93101620321538,179.57230879626496,-605.0546387053787,0.48462271870063567,0.9814814814814818
745,10.224974060227922,106.49167952447414,47.37041020560312,180.03394396860406,-605.6037523726268,0.4814883368720718,0.9861111111111116
746,11.802449840041902,106.29200535565286,48.71085177941477,180.11950989821412,-604.7517212018674,0.48219222755977126,0.9814814814814818
747,11.771083023252842,106.06882205278748,48.780725182829954,179.9278394099702,-604.8480881277982,0.4830184084211903,0.9814814814814818
748,10.208520173763986,106.3796735777467,47.40251420681571,179.93478717271674,-605.6481709119275,0.4819020601022171,0.9861111111111116
749,10.191405384365268,106.26095254610955,47.43798276985394,179.8311082742992,-605.6971695425127,0.4823404861762928,0.9861111111111116
750,10.627198630273256,105.51683639395988,48.12046571490971,179.30568178964057,-605.7370025613812,0.4850772456040271,0.9845679012345684
751,11.686870130050693,105.42469823106558,49.01069713369542,179.40855700156337,-605.1638308006301,0.48540091317965006,0.9814814814814818
752,10.174387103474984,106.140510490136,47.475462218863456,179.72749410418098,-605.7488701521862,0.4827851373670389,0.9861111111111116
753,10.609229595644564,105.37175682357008,48.17657105309988,179.19465759060853,-605.8138327512543,0.4856123092035583,0.9845679012345684
754,11.66000755393786,105.20218664621665,49.09956340149898,179.2422864665352,-605.2854010013593,0.4862230238256518,0.9814814814814818
755,10.158538702281987,106.02605759534805,47.51246027554479,179.6305571857726,-605.7998383441771,0.4832075559982477,0.9861111111111116
756,10.14454016184186,105.92302585019209,47.54690800724638,179.54461084336583,-605.8472381359556,0.4835877327663356,0.9861111111111116
757,10.593177858440555,105.23787016491792,48.23013058276609,179.09487987553626,-605.8870973390464,0.48610587202528643,0.9845679012345684
758,10.13150609774631,105.82540008706414,47.58053854521475,179.46436218033605,-605.893466689684,0.48394790023084,0.9861111111111116
759,10.577825700334586,105.10756381135633,48.28386488352321,179.0002880162282,-605.960530521214,0.4865860953112923,0.9845679012345684
760,11.634283156994258,104.97796595368197,49.193690087527784,179.08221765982717,-605.4139623611396,0.4870504702859424,0.9814814814814818
761,10.118515714684335,105.72778405980873,47.615130026446984,179.38529359352538,-605.9409717452569,0.48430806769534435,0.9861111111111116
762,12.234205095572307,101.82199454584764,51.500693359657504,177.85756328806954,-607.2041328747007,0.49862444904648595,0.9791666666666672
763,11.431829825632363,101.8986473530975,50.814932946804966,177.7381660953093,-607.6102415341135,0.49834549983327553,0.9814814814814818
764,11.435720026293552,102.09522461072878,50.69937740318001,177.7716951296787,-607.4544960200727,0.4976251649042667,0.9814814814814818
765,11.429354263715041,101.70211390474662,50.9312048201051,177.71252257708795,-607.766849023219,0.4990658347622842,0.9814814814814818
766,12.23297337063778,101.72375030635428,51.558816809333514,177.8453022036359,-607.2824126661327,0.4989846165109904,0.9791666666666672
767,12.232070570966272,101.6255228925332,51.61708157624177,177.83504025288792,-607.3608568367059,0.49934478397549464,0.9791666666666672
768,11.428179153369072,101.50561200041547,51.04802386485851,177.69490408092207,-607.9240893400213,0.499786169691293,0.9814814814814818
769,12.231644689762888,101.52729228267674,51.67546655544662,177.82679483789957,-607.4394367970132,0.49970495143999905,0.9791666666666672
770,11.428402368168179,101.30912330767187,51.16522035497527,177.6854358625563,-608.0817327561094,0.5005065046203017,0.9814814814814818
771,13.048127436080776,100.56867094586657,52.88803813328959,177.9825473159971,-607.7409435764384,0.5032254078337488,0.9768518518518523
772,11.429902324203354,101.11262092793035,51.28261876608088,177.68409767471786,-608.2395436102664,0.5012268395493105,0.9814814814814818
773,13.045416252124284,100.66691444197427,52.82969116488456,177.97128490631493,-607.662664159048,0.5028652403692444,0.9768518518518523
774,11.432953368903213,100.91609385543566,51.400040182100206,177.69078415829463,-608.3972827708859,0.5019471744783192,0.9814814814814818
775,11.437461764888596,100.71948941579255,51.51730564423092,177.70538888197075,-608.5547110626434,0.502667509407328,0.9814814814814818
776,13.562124033437826,98.25618906589966,54.46683616212152,178.83672416616236,-609.2625952918992,0.5117313646021162,0.9758230452674899
777,14.176613809104282,99.41966470129559,54.41063772433109,178.4281968890533,-608.0133468302605,0.5074526942378303,0.9737654320987656
778,15.325923905042131,98.47208328987747,55.779706658640215,179.0116456299657,-608.0776293564045,0.5109596457129032,0.9706790123456792
779,7.022508593479728,106.57905818392912,44.782197791016195,179.58671047106753,-607.4359028962401,0.4812467026574326,0.9953703703703708
780,5.427711783384453,106.6589591698743,43.4785450224252,179.39647122089087,-608.338719934668,0.4809919892329291,1.0000000000000004
781,7.046648950664249,106.74061559209191,44.73962944491026,179.73287655760072,-607.3768182377786,0.48065323188700204,0.9953703703703708
782,13.863643535991557,97.2062084054997,55.09913968979359,179.53983384889779,-609.8087414862689,0.5156241755217956,0.975308641975309
783,15.543490488376747,97.69716447722571,56.26849099435022,179.4856322879094,-608.5074866159335,0.5138342329695997,0.9702932098765434
784,15.776457853142546,96.92511691595568,56.70875582258784,180.05565468626278,-608.8709013686147,0.5167088202262962,0.9699074074074077
785,12.680669185176683,98.1476994173028,53.809452112090696,178.75235223736712,-609.8537634894442,0.5121172240467228,0.9783950617283955
786,10.365051812417065,100.77185382020879,50.63251729672009,177.5270281012919,-609.1361640469049,0.5024756608552995,0.9845679012345684
787,10.362043886292085,100.90318043287256,50.554218129077924,177.51778742454852,-609.0310412744271,0.5019954375692937,0.9845679012345684
788,10.368520851628617,100.64046667397459,50.71068841824174,177.53976063159124,-609.2410700626882,0.5029558841413053,0.9845679012345684
789,10.372418380964533,100.50903760161572,50.788678334765365,177.55595339069984,-609.345688275988,0.5034361074273112,0.9845679012345684
790,10.376922551024165,100.37758526628822,50.86643388741351,177.57557475387117,-609.4499476410155,0.503916330713317,0.9845679012345684
791,11.49018321512608,99.53895562615241,52.207601692422145,177.95334011242178,-609.4793587488996,0.5069895189813803,0.9814814814814818
792,11.503166363253172,99.34226139215184,52.318764630866504,178.02039243994747,-609.6279140495302,0.5077098539103889,0.9814814814814818
793,11.467576115799702,99.93249640111044,51.98122877782039,177.84086155135003,-609.1765320345576,0.5055488491233628,0.9814814814814818
794,11.478291585496649,99.73570564976237,52.09503008847264,177.893461005784,-609.3288183521337,0.5062691840523715,0.9814814814814818
795,11.458118900760041,100.12929855568414,51.86637671926773,177.79564818043582,-609.0227389714956,0.504828514194354,0.9814814814814818
796,6.354149498290624,105.62142123092154,44.66368787064582,178.6884571909832,-608.1723040651885,0.48477825244976674,0.9969135802469141
797,6.999444750550566,106.41743284691414,44.827554954484334,179.44300619566278,-607.498704489385,0.4818401734278631,0.9953703703703708
798,6.97534048592658,106.2474094184819,44.87826331939645,179.29460962378351,-607.5687585677108,0.4824647589139043,0.9953703703703708
799,6.9518024981786795,106.08011489472241,44.93110571757607,179.1515961661717,-607.641612137893,0.4830794447199917,0.9953703703703708
800,6.9281044019105735,105.90798571831616,44.988470227535096,179.0077970622491,-607.7205538685223,0.4837118375246084,0.9953703703703708
801,6.908844119688766,105.76451774746916,45.03856762206776,178.8906915075451,-607.7893866204749,0.4842388315284556,0.9953703703703708
802,5.379951552373512,106.33557925958894,43.569652476628264,179.10864897809887,-608.4648568084386,0.48217893077379015,1.0000000000000004
803,5.334518893339933,106.01209206085979,43.6717330038543,178.83174499228963,-608.6056028376009,0.4833658723146512,1.0000000000000004
804,5.29148511611298,105.68849089644688,43.78450354331001,178.56709756813638,-608.7605604503186,0.4845528138555123,1.0000000000000004
805,5.250794332501229,105.36471513642742,43.90768103420211,178.3160450103124,-608.9293320747555,0.4857397553963734,1.0000000000000004
806,6.325684452009867,105.39461569053073,44.75020010701402,178.5133303248519,-608.2908234904481,0.4856096381902361,0.9969135802469141
807,6.300593763937371,105.18359020947995,44.8350773399954,178.35698683329406,-608.4069051387291,0.48638256272921204,0.9969135802469141
808,5.212846392111842,105.04057447162187,44.04090497303435,178.0798132732878,-609.1114174859625,0.48692669693723445,1.0000000000000004
809,9.843817732577463,100.30550622969358,50.482490766872104,177.50104514167165,-609.8190501214323,0.5041805739018071,0.9861111111111116
810,9.84781530332836,100.20685166185272,50.54052661584821,177.51940705345953,-609.8968205833667,0.5045407413663114,0.9861111111111116
811,9.852038186773555,100.10818630588449,50.59836158453366,177.53965859221202,-609.9742968813126,0.5049009088308158,0.9861111111111116
812,9.856599412305016,100.00951815640272,50.65597321825212,177.56178639735228,-610.0514490050654,0.5052610762953202,0.9861111111111116
813,9.861509187540037,99.91085454100896,50.71333906232728,177.58577710830343,-610.1282469444203,0.5056212437598246,0.9861111111111116
814,11.946187768191933,97.53722146072516,53.4596453174448,179.0020384688152,-610.70670363006,0.5143594470850429,0.9807098765432103
815,12.289483180072494,98.47926897358383,53.35582933884853,178.5139495356798,-609.8365717123825,0.5108882123109478,0.9794238683127577
816,9.866770615101345,99.8122038492529,50.77043666208279,177.61161736448864,-610.2046606891729,0.5059814112243289,0.9861111111111116
817,9.872381658094355,99.71357329613927,50.82724356284236,177.63929380533105,-610.2806602291184,0.5063415786888333,0.9861111111111116
818,9.878338847595742,99.61496713812149,50.88373730992965,177.6687930702538,-610.3562155540523,0.5067017461533376,0.9861111111111116
819,9.884639676321015,99.5163853858426,50.93989544866837,177.70010179868,-610.4312966537698,0.507061913617842,0.9861111111111116
820,9.89129435815903,99.41782352876704,50.99569552438218,177.73320663003287,-610.5058735180664,0.5074220810823464,0.9861111111111116
821,9.897986271095874,99.31924843677518,51.05111508239475,177.7680942037355,-610.5799161367374,0.5077822485468508,0.9861111111111116
822,9.905174444761286,99.22071322350976,51.10613166802977,177.804751159211,-610.6533944995782,0.5081424160113551,0.9861111111111116
823,11.517698777275072,99.14565017763083,52.42833994500343,178.09451155704517,-609.7742450787013,0.5084301888393977,0.9814814814814818
824,9.912915835456133,99.1222274708817,51.16072282661092,177.84316413588257,-610.7262785963842,0.5085025834758595,0.9861111111111116
825,9.979585413282095,98.3606179662797,51.56690526949535,178.19893252582403,-611.2676740300091,0.5112938813257684,0.9861111111111116
826,8.37786893134286,98.31197276485193,50.311706380758594,177.96476945629644,-612.2361789934694,0.5114563178283562,0.9907407407407411
827,6.07732099943162,100.86002667442135,47.16384056352048,176.82538409418333,-611.5565519014723,0.5021440248141172,0.9969135802469141
828,5.0090052877475415,100.73441221825013,46.384490307634856,176.66143534541766,-612.2795386201051,0.5025969204886707,1.0000000000000004
829,5.003010090781004,101.03161063318397,46.207092945079665,176.64334508146976,-612.0413323606308,0.5015164180951576,1.0000000000000004
830,6.082994451675148,100.62756909073681,47.302163761723826,176.8460897353142,-611.742205619564,0.5029888620765348,0.9969135802469141
831,6.629783150147645,100.31290367417327,47.91603656885151,176.97835198988767,-611.6814105207781,0.5041386096746173,0.9953703703703708
832,6.637600914817725,100.12943601243339,48.02381550116366,177.01368384153074,-611.8258230412374,0.5048055864607366,0.9953703703703708
833,6.64540971313852,99.96429977433462,48.12017812538796,177.05103088255578,-611.9548652752732,0.5054058655682439,0.9953703703703708
834,5.017850277022703,100.43705964222842,46.56116102419685,176.69734791808244,-612.5165403039313,0.5036774228821838,1.0000000000000004
835,5.029574654297505,100.13958529074425,46.73649194827696,176.7507174750836,-612.7515179610747,0.5047579252756969,1.0000000000000004
836,5.0443722717810004,99.84206681243347,46.9098699333865,176.8211786920407,-612.9836521405011,0.50583842766921,1.0000000000000004
837,5.062548102345403,99.54462178773291,47.0806818330368,176.90836624457316,-613.212123391176,0.506918930062723,1.0000000000000004
838,6.653109735558701,99.81568072156578,48.206297484888864,177.0890838711951,-612.0701306375743,0.5059461167650003,0.9953703703703708
839,6.661595291202815,99.66707019526083,48.29176260447297,177.13129663443888,-612.184463451723,0.5064863679617568,0.9953703703703708
840,6.670985896359184,99.5184423688231,48.37649712707441,177.17762369792197,-612.2977616686337,0.5070266191585134,0.9953703703703708
841,6.680866230982318,99.36984216713986,48.46042469562728,177.22801958727925,-612.4099232392211,0.50756687035527,0.9953703703703708
842,5.082703384582032,99.24725551281992,47.24831450073917,177.01191480830056,-613.436112262065,0.5079994324562361,1.0000000000000004
843,6.691277183032653,99.2212840325921,48.543468953065684,177.2824388281456,-612.5208461143998,0.5081071215520265,0.9953703703703708
844,5.105474113520245,98.95013704371065,47.41215479000493,177.1314590588424,-613.6547993021336,0.5090799348497492,1.0000000000000004
845,6.2733648696062545,97.9485124936802,48.78422934394492,177.82414316220692,-613.7217248151028,0.5127534022253197,0.996913580246914
846,5.158899746803812,98.35707638663892,47.726005647271904,177.4170733228475,-614.0729900856721,0.5112409396367754,1.0000000000000004
847,5.130673622550248,98.65337019132859,47.5715895543454,177.26663367181823,-613.8673650603474,0.5101604372432623,1.0000000000000004
848,5.1896851421969075,98.06126426739378,47.87478992229575,177.58241268754975,-614.2708549270731,0.5123214420302885,1.0000000000000004
849,5.222598340309489,97.76589029281692,48.017329232928255,177.7622864415445,-614.4601401335159,0.5134019444238016,1.0000000000000004
850,6.289780621452536,97.80083193019811,48.8549437672669,177.91496858355464,-613.8156097758019,0.5132936534220763,0.996913580246914
851,6.693682775151373,95.00789147413602,49.82347323916761,180.19873089463195,-615.0881949450657,0.5235584261604507,0.996913580246914
852,5.60416497396713,95.11583021725673,48.94767808443594,179.91970385180048,-615.683022820881,0.5231264659654195,1.0000000000000004
853,5.555976019227288,95.40983651054219,48.87936616177749,179.6432571512125,-615.594740632741,0.5220459635719064,1.0000000000000004
854,5.653444330126547,94.82208294960996,49.006248953040654,180.20213022038956,-615.7581357155678,0.5242069683589325,1.0000000000000004
855,6.718375792541266,94.86113712196507,49.85205480138821,180.3400966684061,-615.1248033754972,0.5240986773572073,0.996913580246914
856,5.703361085322555,94.5285585852588,49.05478617446926,180.48957474231347,-615.8196983412392,0.5252874707524456,1.0000000000000004
857,5.753880526054388,94.2352537495022,49.0929971555994,180.78107590290583,-615.8673297223327,0.5263679731459587,1.0000000000000004
858,7.640156002521962,95.77839215579466,50.48713661953671,179.65697025772792,-614.2187390795841,0.5207488791749427,0.9938271604938276
859,5.805060382972371,93.94213697581937,49.12058930330873,181.0756721875004,-615.9006488832858,0.5274484755394718,1.0000000000000004
860,9.115581350995171,94.94325664958524,51.755415215685716,180.65464210020156,-613.7001524521446,0.5238685904350799,0.9899691358024696
861,12.96941553598505,72.81257806414833,52.75659418475825,203.06409060654423,-614.7592675279711,0.6057362165600052,0.9899691358024696
862,15.347164151305819,80.19466998449124,55.37617883567936,196.1826774749589,-612.3261623803243,0.578819961577735,0.9794238683127577
863,75.78342833899254,112.01556050539249,98.6759256646354,196.11271281730953,-567.7224171386302,0.45726113251338013,0.8000000000000006
864,75.47848061227472,110.26143275814847,98.63318322433666,194.3327418873235,-567.6877286401339,0.46432617908862495,0.8000000000000006
865,72.99445595858865,107.97308148312302,96.98741476136887,191.66867775851912,-568.9546379373803,0.4738004483772195,0.8060124269005838
866,74.75067575841317,107.26494674989935,98.57215176551468,191.27338292481323,-567.9969478741751,0.47663320190538777,0.8006145765648686
867,74.62745146384682,104.87885853089777,99.46890655757679,189.26600033311317,-568.8758040820542,0.48630566814914206,0.8000000000000006
868,74.11895256424066,106.12159189965679,98.47963203153624,190.14097418908523,-568.6394215775593,0.48129809089644604,0.8019276586528047
869,74.82181597889308,106.3522512941842,98.9478220999346,190.45527177645312,-568.1602133406233,0.4803423403281914,0.8000000000000006
870,74.75555736242987,105.88592168550599,99.09062373578006,190.05182294381095,-568.3573102759966,0.4822349641268858,0.8000000000000006
871,74.90701856631486,106.9016559826644,98.82169969146148,190.96684074599324,-567.9841521787125,0.478106331605973,0.8000000000000006
872,74.70144308119883,105.44852682983743,99.26144721339064,189.71941101840648,-568.5911626472305,0.48400303480063595,0.8000000000000006
873,73.32144928643464,105.97639003014093,97.90546370669857,189.88851324539812,-569.1526233646078,0.4819088027174093,0.804164636127355
874,74.42436156972593,103.1578868804341,100.27427069015218,188.30047338691637,-570.0590507597213,0.49318983308562947,0.8001543209876543
875,74.47711168075377,103.14317328713547,100.32509162922722,188.30360429468527,-570.0388982538412,0.4932478813508097,0.8000000000000006
876,74.47425370158773,103.0856688491654,100.35724139299958,188.28382199318236,-570.0823633138396,0.49347639043522873,0.8000000000000006
877,74.48439501787067,103.24510900128251,100.27141509504878,188.35125217021985,-569.9661430034231,0.4928410160296336,0.8000000000000006
878,73.0985806978983,103.36552077344751,99.09462066233306,188.17037978652624,-570.6856679291324,0.49237964340159524,0.8040123456790124
879,72.03657583160168,106.25957448580813,96.76270198549426,189.91905364520377,-569.8034990770963,0.48079778186380684,0.807982050032488
880,71.39468561423452,106.40139801626073,96.19447590459774,189.93769058114077,-570.1331341818744,0.4802422714370056,0.8098907569850544
881,69.66824656880158,108.1095451891986,94.30544265334498,191.2584810572357,-570.8794052350316,0.4733740795716519,0.8156541043967928
882,70.75325275088066,106.54378182977152,95.62840185733398,189.95842581523675,-570.4656349766174,0.47968676101020435,0.8117994639376208
883,70.93182342169084,105.53581912553449,96.19781136810646,189.14467616644353,-570.712018754662,0.4837409381802993,0.8108755685510066
884,69.64449412184807,105.81954178500702,95.04156791268328,189.16082124661773,-571.3449579138501,0.4826299173266968,0.8146929824561393
885,72.43196288495963,104.23996110529042,98.061837979287,188.50442043646763,-570.5090246891917,0.48890613620399676,0.8061342592592594
886,72.92148300173612,102.55796001772832,99.4359245029636,187.8538814475396,-571.3695079938356,0.4955879751586407,0.8043981481481481
887,72.76679019313778,101.75002246988798,99.80067957746816,187.66580110870848,-572.083226446041,0.49879630691568627,0.8047839506172839
888,71.97246617603732,102.22175108279933,98.88270494100118,187.61637992544237,-572.1763240528395,0.4969269655966104,0.8070987654320988
889,71.13463287360526,104.52315418542823,96.87212972533035,188.46449818035006,-571.0977011812058,0.4877951153503942,0.8099516731643923
890,71.3668584725098,103.50303600961306,97.6331027743026,187.95037009010326,-571.5977317642247,0.49184929252048915,0.809027777777778
891,68.48372445580692,107.51773753873982,93.50001019223599,190.49115211532504,-571.5983193004379,0.4758179419600716,0.8187811349361044
892,70.48676444719695,104.6651830732078,96.27957703038754,188.44959106283426,-571.395068126028,0.487239604923593,0.8118603801169587
893,68.76385434574028,105.94416899666065,94.28454234841404,189.12000100591013,-571.8093984463023,0.4821488546792502,0.8172785358457865
894,69.0582407008804,106.67003538625863,94.2293712816118,189.79543329437016,-571.4163601935255,0.47922392964338417,0.8167370586961219
895,68.48032614640717,105.21570231355274,94.3969418419778,188.50444815648424,-572.2785910163733,0.48507377971511645,0.8178200129954509
896,72.63622056358273,100.94195235166748,100.17608113854081,187.61588653429325,-572.8094879364442,0.5020046386727318,0.8051697530864197
897,74.4295677873479,100.99499625975693,101.5750059291743,187.9045197107505,-571.7239957260828,0.5017982665302883,0.8000000000000006
898,74.43415596563929,100.76990405062212,101.7092005636179,187.91933125122497,-571.9041756628765,0.5026925393029928,0.8000000000000006
899,74.44132776230128,100.52385417795045,101.85524993085097,187.94898379441022,-572.1000996215133,0.5036698429109296,0.8000000000000006
900,74.45206005798707,100.25691160249373,102.01245415753732,187.9967482261513,-572.3107850850477,0.5047301773540988,0.8000000000000006
901,74.42774433340409,101.12976782865692,101.49455270107885,187.90137826957005,-571.6158997148125,0.5012627689403385,0.8000000000000006
902,74.58645284829572,98.3907929397804,103.04726863475143,188.6905123753677,-573.6927949423679,0.5121737212096198,0.8000000000000006
903,74.580263989036,98.44884654693671,103.01859165372095,188.65680887530272,-573.6546815472244,0.5119408980612199,0.8000000000000006
904,74.57361890420071,98.5158461379611,102.98440269333103,188.62079077333001,-573.6091891668576,0.5116727507961091,0.8000000000000006
905,74.56913390336227,98.56349956377886,102.95943184671158,188.59706975434048,-573.5759294914983,0.5114823494460345,0.8000000000000006
906,74.57446577774063,98.50701121440606,102.98897381507142,188.62536200657698,-573.6152747007733,0.5117080749128201,0.8000000000000006
907,74.6753229769484,97.6126583579901,103.41648507788437,189.1769142089133,-574.182834382592,0.5153111142283885,0.8000000000000006
908,67.4536015633629,107.28341576712812,92.74521855649124,190.10016278984224,-572.2253634228026,0.476799341830558,0.8216374269005837
909,71.10416751435184,102.28880824631288,98.14927521243206,187.49058716702788,-572.628968087413,0.4966617901560574,0.8096064814814817
910,67.21007762789036,107.43369426035505,92.50721830186383,190.20300491782535,-572.3462564739679,0.4762009560063007,0.8224090318388554
911,72.23519716617588,100.90049515636844,99.88062255418404,187.553062122782,-573.076321048634,0.5021684397119374,0.8063271604938271
912,71.82946838729822,101.13573714051213,99.41957645052264,187.4794962589301,-573.1207273928741,0.5012337690523994,0.8074845679012345
913,69.41238037731509,103.92946500898675,95.82867674569839,187.8421368359255,-572.4546662867407,0.4901827612400854,0.8147538986354772
914,70.06322685630106,103.78765117029701,96.4289948401612,187.87459790175242,-572.1675122504998,0.49073827166688666,0.8128451916829108
915,66.3333825761991,107.56010126051262,91.77258642321736,190.18092917438352,-572.840556388226,0.47571989335885406,0.8249945852285024
916,65.85401008742323,107.89742765705749,91.30596925979697,190.42888919419704,-573.0944139345115,0.47437475401773177,0.8265377951050457
917,68.8450727213379,103.6228126553051,95.55302833951939,187.59637705191477,-572.9831501663762,0.4914046924342952,0.816317413905133
918,69.09601938400269,104.35931950597083,95.33621486561145,188.03305194559027,-572.3759034378897,0.4884797673984291,0.8157759367554683
919,65.41606633568026,107.96104664643052,90.94197654208067,190.4192702562753,-573.3460124480347,0.4741342226940085,0.8278305717998692
920,68.08182905938607,104.11607444950958,94.66272530305295,187.727386035243,-573.1111336052713,0.4894611672689156,0.8186322287199478
921,72.19356408934145,99.07662039364257,100.82867546648646,187.97678493256316,-574.5662195289609,0.5094005996601676,0.8067129629629629
922,72.1965354579505,99.03932569294632,100.84901619380844,187.9925958687571,-574.5933570675079,0.5095488167237496,0.8067129629629629
923,67.70230419457917,103.91179486774435,94.47578712180677,187.55510014101765,-573.4592999726033,0.49027578806505545,0.8196745722330517
924,73.31588313513296,97.33854943258689,102.43010960463626,189.13435365517404,-575.1565304206699,0.5163830489032578,0.8040123456790123
925,72.88472617309043,96.58587889755749,102.29482308481418,189.63392708980862,-575.8525078938333,0.519409825652823,0.8055555555555555
926,72.82208761227407,97.02637354543485,102.13068691969086,189.28088695176868,-575.636408960664,0.5176294133415313,0.8055555555555555
927,72.75496666352744,97.53491184097294,101.91829443633581,188.90730203651682,-575.3557120240704,0.5155788754318613,0.8055555555555555
928,72.7634697989428,97.46782116115425,101.94764598766616,188.954314174838,-575.3945619187474,0.5158490010302396,0.8055555555555555
929,74.04003815317277,96.62291770547488,103.20681570554184,189.79317390467804,-575.160497149057,0.5192941453738045,0.8022119341563785
930,74.04477082921112,96.58955426397755,103.21855877703764,189.8207541183979,-575.1759281877969,0.5194292081729937,0.8022119341563785
931,74.04974105611161,96.55622720906682,103.23018680182413,189.84846568921307,-575.1912029139804,0.5195642709721828,0.8022119341563785
932,72.93994153546282,96.21908916560842,102.41649667366204,189.94620775158555,-576.0120546121004,0.5208955164439035,0.8055555555555555
933,72.99749119502793,95.85323258039261,102.5235533537795,190.27236673181397,-576.1517774586837,0.522381207234984,0.8055555555555555
934,64.01303827349028,108.1231372679609,89.78728174682325,190.34826283434336,-574.1566612636782,0.47353377844373323,0.8319525666016886
935,66.27434902519875,104.83353882116121,92.83165982248194,187.87700722214166,-573.7505733461711,0.4866376555732511,0.8240470002165907
936,65.16918076069635,104.60381536869426,92.071557064141,187.54666180991148,-574.5170704828266,0.4875679611949262,0.8271604938271606
937,64.23084232975066,107.36452825809013,90.14973731921859,189.65108361770658,-574.0826703483153,0.47657808508242805,0.8309576023391808
938,63.1936200271286,105.96991718500387,89.83137342267722,188.23274538847716,-575.0341048176572,0.48218740383043696,0.8333333333333335
939,65.27799883100126,105.4645965700632,91.72269071872856,188.17032529247095,-574.0246762527696,0.48414520048115006,0.8271334199696772
940,63.172998743619544,105.82068564814286,89.88038620072379,188.10726498225353,-575.1015868421241,0.4827808746008675,0.8333333333333335
941,63.05995977066117,104.9146899627495,90.22665889468946,187.40880909761148,-575.5759390464876,0.4863775002050078,0.8333333333333335
942,63.15298962269648,105.67134008596345,89.93175468445399,187.9844418582764,-575.1722011617065,0.48337434537129803,0.8333333333333335
943,70.59310171498724,99.00319931926401,99.58715634268846,187.74680349274692,-575.5530578222126,0.5096684379509878,0.8113425925925927
944,63.3743971289607,107.8116631989939,89.34719871896186,189.9390982625537,-574.5360255971706,0.4748162844983902,0.8336379142300188
945,62.80408694905578,108.10838886550697,88.8259598875339,190.13576533113516,-574.8567336786012,0.4736417507756984,0.8354247888239108
946,69.78915106730364,99.01318378194826,98.94113421045643,187.61192597559105,-576.0127761617939,0.5096180145355298,0.8136574074074076
947,69.4040071171944,98.81776968504096,98.72622207506029,187.6346744663414,-576.3867765036141,0.5103883146833771,0.814814814814815
948,69.36442978940188,99.3075804463516,98.45866481944061,187.4276093731583,-576.0298039390142,0.5084469675845795,0.814814814814815
949,69.43049149120841,98.52810507636013,98.87836757416707,187.77795870919908,-576.5894411506591,0.511539071965028,0.814814814814815
950,74.45056416575358,93.77672666824127,103.72079510067724,192.48465328028954,-575.9177437291072,0.5309440181588776,0.8023879142300192
951,74.65050657999655,94.97467624033028,103.91778596684833,191.35248889051496,-575.52479324727,0.5260317066101267,0.80121471373908
952,75.10782605484788,94.7678431002219,104.28299154799045,191.62664075715364,-575.3161694655546,0.5269020588030799,0.8000000000000006
953,75.17692488009159,94.36833452975094,104.32750490290948,192.02593006867184,-575.3708934656568,0.5285464154549675,0.8000000000000006
954,75.53652696354841,92.30367048866941,104.49120770164619,194.10662364765912,-575.5643178344808,0.5369917939531785,0.8000000000000006
955,62.418279352104804,107.34007861602498,88.7110254004548,189.331006826678,-575.1371923205724,0.4767400435803758,0.8361659356725142
956,66.07284965878517,101.87964134779463,94.38369242097767,186.59791188543818,-575.8685095790975,0.4982832962704847,0.8240740740740743
957,68.29696649539304,99.25303911665857,97.63478107736216,187.27435935868252,-576.6927969451789,0.5086492427467474,0.8179012345679014
958,68.89011792378713,98.57999759437398,98.42458538844627,187.66421883225192,-576.8651752080959,0.5113254317116349,0.8163580246913582
959,64.7875796066285,103.2336840016813,92.54470359293192,186.76722338386716,-575.605089085379,0.4929725726089228,0.8279320987654323
960,61.32605240336749,107.93472643042938,87.68344049613368,189.72454881621337,-575.7171832825579,0.47439454128835484,0.8395975471085111
961,60.84984199768542,107.87603543104748,87.31672125696973,189.58971688059296,-575.9958038652505,0.4746466598436946,0.8409410872861155
962,63.5131170370944,104.0952875692387,91.03094054634137,186.97385643549717,-575.778323271018,0.48960494706762325,0.8317901234567903
963,62.98258287798959,104.15400144937779,90.57501645198727,186.92058328426387,-576.0504052075045,0.48938065503871764,0.8333333333333335
964,73.9417062323978,92.93265405554486,103.2653215486117,193.22776040812016,-576.3780298163022,0.5343581945973686,0.8042763157894733
965,75.59049348725284,91.993850422834,104.5149233736957,194.41903429255524,-575.5921988745973,0.5382558874511382,0.8000000000000006
966,60.25904500908845,107.54747781557884,86.92870181755065,189.17597043716887,-576.3637650952269,0.4759821869492502,0.8424842971626587
967,70.21855283230039,95.64263834294009,100.33821927987205,190.0059171951494,-577.8599680386051,0.5231427779173858,0.8136574074074073
968,62.44204335954966,104.10183350374004,90.17366270454905,186.80334165281943,-576.3966524540047,0.48959533483205664,0.8348765432098767
969,66.15450186357492,99.24888621365528,95.92858262584976,186.92777910385746,-577.940759141222,0.5086383124073072,0.8240740740740743
970,65.57378526202874,99.95449845951761,95.09972883271458,186.61506641282955,-577.7149084541045,0.5058552782298782,0.8256172839506175
971,67.22602572711274,99.24141530792,96.78697110535994,187.10476504587,-577.323840003683,0.5086813760122726,0.8209876543209879
972,60.90505235975598,105.47899596682888,88.22858277794114,187.4687702959741,-576.5582483017429,0.48418514125057144,0.8397363006281133
973,59.30673599795901,107.42897342390025,86.20182345959677,188.90744903649295,-576.9298090275548,0.4764864240599297,0.8451713775178676
974,65.32697981241509,99.59170023148121,95.09492810417083,186.67562564554535,-578.1497827695547,0.5072786861223806,0.8263888888888891
975,59.01461314251052,107.28278309815578,86.01225803134794,188.7209548013753,-577.1195025664338,0.4770800037664038,0.8459429824561392
976,63.67514640242267,100.5117199665543,93.27723674984625,186.20154526746944,-578.3653165180416,0.5036547497644828,0.8310185185185187
977,62.87020770035079,100.56077977970162,92.60763370288433,186.0646094709284,-578.7933663637145,0.5034594650313615,0.8333333333333335
978,62.91254667164096,99.65150915652703,93.13899652565688,186.26538925980634,-579.5049970780096,0.5070202896539451,0.8333333333333335
979,68.50619398513294,95.46375668905037,98.99422827979024,189.8879327485662,-578.9286936691544,0.5238058462668813,0.8186728395061731
980,66.63221942206339,95.45780430850499,97.5029427927238,189.58939849928495,-580.0228020178307,0.5237764052481144,0.8240740740740743
981,65.12375350291872,98.75362706313051,95.34377036462828,186.96839164507205,-578.9226061621457,0.5105787106690275,0.8271604938271606
982,64.54921720579054,99.21954211015608,94.66357871021592,186.6781320487553,-578.8962832890393,0.5087339848186709,0.8287037037037039
983,57.99174585024304,107.52272340355533,85.12641814862533,188.78152735771084,-577.6809745483458,0.47615937117573304,0.8490023283517422
984,61.038475685729566,103.2517788474521,89.54565925916951,186.16589836887385,-577.7712185747093,0.49293892978443954,0.8387345679012348
985,59.75961030924506,104.85868490586228,87.6239726531174,186.83389925711043,-577.522122895064,0.48665837187153926,0.8428227203811998
986,60.8863004559762,104.63237016401395,88.64181440256523,186.86821607870414,-576.9894924940761,0.4875295122526596,0.8395061728395063
987,64.00302585900086,99.36335749802636,94.15639920414705,186.5366953918497,-579.1006008411821,0.5081627530970957,0.830246913580247
988,62.98137722258495,98.74478251941437,93.64010258944528,186.62420982509002,-580.1739391391384,0.5105811142765285,0.8333333333333335
989,66.44840239578494,96.64022229274903,97.15391922904531,188.54115934982033,-579.5670879769433,0.5190222838089276,0.8240740740740743
990,56.90098033980818,108.12135741597312,84.11084647602067,189.1833215118438,-578.2770068222836,0.473813868883712,0.8524339397877392
991,63.82151709145646,98.36328616236746,94.47873301705805,186.95137557829474,-579.9706443567159,0.5120995247081332,0.8310185185185187
992,57.33617330890968,105.96122896129182,85.16394184895667,187.2713167933445,-578.4371417027525,0.48236308709181336,0.8502003465453748
993,56.38626909717693,105.83974875379614,84.46026880927599,187.01655747930968,-579.0341996339738,0.4828673242024928,0.8528874269005837
994,57.18350057980078,106.68385673342134,84.75237322027073,187.8699925625897,-578.3028909469236,0.4795133476891129,0.850944877626163
995,55.60142761625481,108.36608866832148,83.02623973727074,189.2118202361471,-579.0332206014451,0.472886036173155,0.8562987329434681
996,63.86994455832075,97.91319870672301,94.6994533771892,187.21634625032615,-580.2639235754,0.5138799370194249,0.8310185185185187
997,58.152848149066855,103.94533937615668,86.84246000115427,186.0213315818633,-578.9873327811392,0.4902692696959048,0.8471951483647389
998,62.44181943506298,98.7896796855657,93.18920157359727,186.51579410870917,-580.4534776592986,0.5103968341211707,0.8348765432098767
999,61.85009360104081,99.5139150848568,92.36339088788563,186.13603283416566,-580.2325745476176,0.5075500578555319,0.8364197530864198
1000,59.64610588447191,101.89859733487037,89.24805326270412,185.55814219086446,-579.5894881728246,0.4982256228570849,0.842592592592593
1001,57.7731941320725,104.1467243678709,86.42607021235905,186.06936069119067,-579.08245008322,0.48948743559856445,0.8483390188434045
1002,65.87406802639671,95.1824534224386,96.92169674931195,189.72061464496716,-580.5661824630789,0.5248609306994214,0.8263888888888891
1003,56.733506252451704,104.38624760091012,85.46439989922992,186.03949699371145,-579.5431557666095,0.48856680300789374,0.8513983647390075
1004,56.929033777387325,103.65503757501796,86.0337905034563,185.676525485876,-579.886519045097,0.4914165424105942,0.8506538336582192
1005,54.84110012136325,106.32748529878404,83.02113894120053,187.17357470599757,-579.7621173504631,0.48098477827777814,0.8575373619233262
1006,53.681759582572376,107.83901966361121,81.60463583935552,188.38186069862945,-580.1521600272488,0.47505286130075197,0.8615679824561394
1007,52.45992311075245,109.62684319720569,80.348186648542,189.94372244385676,-580.9699804526284,0.4680119123204661,0.8659776369937175
1008,64.25030236246316,95.28120411900474,95.62172733861809,189.36216152502865,-581.4761012639591,0.524402449797291,0.8310185185185187
1009,64.90469726633462,96.21104150833192,96.01719145011621,188.6408078679171,-580.6905599233309,0.520690392541239,0.8287037037037039
1010,64.89444909288908,96.2785308938332,95.99576768408586,188.58232362593046,-580.6625123637679,0.5204202669428608,0.8287037037037039
1011,56.357159871813174,103.95805071859334,85.40409724473494,185.73632902207336,-580.022485144077,0.4902437912645836,0.8523696393762179
1012,55.41558619128036,104.6294335282156,84.28260401697516,185.97577242731225,-580.1699181184096,0.4876389702973367,0.8552631578947365
1013,55.11921421562154,105.47957606680258,83.61560527661652,186.52614683939322,-579.91789331083,0.4843118742875574,0.8564002599090313
1014,59.71549558380625,99.39620070448078,90.72149556048879,185.82893381642194,-581.566460912187,0.5079871682234769,0.842592592592593
1015,60.79331320485139,99.30404496113749,91.62763581504109,186.03699980630446,-581.0133269098274,0.508362083809935,0.8395061728395063
1016,52.958151773073666,107.94282659046016,81.00228288280366,188.36482884575588,-580.5662974668668,0.47466610434002454,0.8637034329651281
1017,51.85042382840514,107.02364660535602,80.37884326729065,187.3091409779263,-581.3202187017262,0.47832871843160873,0.8664581979640457
1018,55.73251638821555,103.77486703804637,85.0111479640064,185.54054369060603,-580.5031926655654,0.490966066307116,0.8541260558804418
1019,54.787131235280405,104.44701941696174,83.8802925794791,185.759766812187,-580.6383006451073,0.488361245339869,0.8570195743989604
1020,60.71753039980827,97.40625062237707,92.36809543308826,187.03418429385948,-582.4379194355696,0.515829580631091,0.8402777777777781
1021,58.64515807767774,99.38729661420217,89.87247830335126,185.65822156961013,-582.1958955691716,0.5080110073573091,0.8456790123456792
1022,59.82996711274497,98.11191885137124,91.40158703401154,186.4416142027139,-582.4727288430989,0.51302354741548,0.842592592592593
1023,62.644037469378134,95.27064831134652,94.34410328742015,189.1091839104239,-582.4147054337118,0.524388031443941,0.8356481481481484
1024,61.68128399728622,96.26220263882597,93.44010514034399,188.0711148514554,-582.5392308366606,0.5203914302361607,0.8379629629629631
1025,61.69203720211465,96.19445904188747,93.46158342898376,188.1299355030089,-582.5673473776025,0.5206615558345391,0.8379629629629631
1026,52.936023865270855,105.7877573753366,81.73165400640617,186.41225123328687,-581.0577585569035,0.4831516034053752,0.8628066114359974
1027,60.00099412288914,96.76023264843889,91.98745522030228,187.3936781952216,-583.2480126154828,0.5183711396250972,0.842592592592593
1028,60.208714259916206,95.41720461353206,92.39242916342373,188.57571281831952,-583.7772179771409,0.5237187318347145,0.8425925925925928
1029,57.58360583422571,99.24668356439692,89.09779275021636,185.5372459434378,-582.9246025449968,0.5085531203910811,0.8487654320987655
1030,56.508336429607624,99.30009248633077,88.21373798708615,185.3427648253406,-583.5072476670309,0.50833162075778,0.8518518518518521
1031,52.20840184199921,105.89047836160364,81.10565026833282,186.37717708178567,-581.4403379885251,0.48276484644464773,0.8649420619449859
1032,50.49205524542453,108.09579153393855,78.99976371994003,188.11158286577057,-581.9906803109083,0.47414886906185216,0.8708813894303655
1033,49.14105497223695,109.16559133269668,77.75658693030636,188.94827923258674,-582.8433691007502,0.46996901969209565,0.8753045808966855
1034,48.95152094967542,107.4407045169739,77.93613478515839,187.22662324636966,-582.9321988534743,0.476781690588699,0.8750000000000002
1035,54.63224626322127,102.25396977964043,85.03762050644829,184.8105408767272,-582.229257257616,0.49687036032515347,0.8570601851851856
1036,61.05706999209903,95.1496449215499,93.08881305596876,188.96260298586046,-583.3819676824068,0.5248176756393717,0.8402777777777779
1037,51.31161666049671,106.18143777065274,80.26560800235823,186.47335265286173,-581.8573723826056,0.4816466067883918,0.8676426792289366
1038,57.10601654060459,98.56097441949355,89.03989298534573,185.7581710121649,-583.7281577615126,0.511219697120402,0.8503086419753088
1039,56.54822163514515,98.80140530633749,88.48613640937023,185.55323812868878,-583.8706836015306,0.5102729678565776,0.8518518518518521
1040,56.575651459555246,98.50650083605467,88.64100628021636,185.6991413546424,-584.0769765528893,0.5114237251382285,0.8518518518518521
1041,56.12963928114984,98.99975500708956,88.0590273669136,185.39879184288645,-583.9617385720762,0.5094954585320552,0.8530092592592595
1042,52.830893578299445,102.4506370728282,83.48289710485744,184.56528883889948,-583.12689283147,0.4961204623236324,0.8622685185185188
1043,52.94761699146973,101.68141224127089,84.04032720948703,184.44340902846363,-583.6566355577852,0.49909362494561427,0.861882716049383
1044,53.886399675512685,101.10872347450304,85.12940602081314,184.56939573910142,-583.571487219492,0.5013103363006137,0.8591820987654324
1045,50.8356575739079,104.57154348505459,80.66124924515259,185.19453754834487,-582.8631151185134,0.48793765776715664,0.8684413580246917
1046,49.41148141290476,106.53416958198368,78.60912312375022,186.46940014556748,-582.8517090243312,0.4803139730388089,0.8732638888888892
1047,55.32740741026553,98.98802532595464,87.42492884284295,185.27339482143694,-584.4373620546247,0.5095314635941635,0.8553240740740744
1048,53.48837378885764,100.86902931155663,84.95248725915894,184.5141144275286,-583.9975517749562,0.5022377977834767,0.8603395061728398
1049,49.06776633247079,106.4746125731127,78.35794825532619,186.36081818199926,-583.0681231182022,0.4805562901654395,0.8742283950617287
1050,47.822500237223004,108.02937637018303,76.88450635266373,187.61035892742507,-583.538169829701,0.47450775685227997,0.878533138401559
1051,58.33581296181967,95.3999775456975,90.9025828283501,188.28298489721647,-584.8731864246288,0.5237145300289985,0.8479938271604939
1052,53.0856873067738,100.91275891656869,84.60595905101309,184.44624014709837,-584.1958074161876,0.5020667875675962,0.8614969135802473
1053,51.38042725141922,102.96530328709903,82.01679377652333,184.4881837092289,-583.5888647588512,0.4941412961569409,0.8665123456790127
1054,53.71525142231507,99.06028121791792,86.10496903137711,184.98193247136095,-585.3195553734208,0.5092347885966433,0.8599537037037039
1055,53.71841844723365,99.02204318742925,86.12584106720702,184.99812010517343,-585.3474022201582,0.5093830056602253,0.8599537037037039
1056,56.56820048701661,95.56123147651002,89.47823642393284,187.84800504494257,-585.8379608831489,0.5230202219139115,0.8530092592592593
1057,47.16610712084538,106.07202448640919,77.00531587848063,185.7058206068506,-584.3007974992141,0.48217332613058334,0.8795382553606238
1058,45.76022998211631,106.15517903872275,75.84835904614481,185.54669457843747,-585.0882032920883,0.48188278581220934,0.8836230236084036
1059,46.514258823294675,106.88010922781744,76.17106661950378,186.30652273386224,-584.4457618971005,0.47904649401246424,0.8817616959064325
1060,45.87233280931434,107.6868387923683,75.41098329853146,186.95886535624726,-584.6897514643314,0.47591966189434515,0.8839851364522411
1061,48.5238307896281,103.35997805917077,79.50517457568282,184.1788761119006,-584.9695729300342,0.4926441321987046,0.8748070987654324
1062,44.97920852632358,107.54986780807047,74.73518902297438,186.6816823511426,-585.221798471197,0.47648346468509445,0.8864928525016238
1063,46.52372184596717,105.16131269065828,76.91614332056368,184.89154615259076,-585.0561663781981,0.48572108894545674,0.881047622915313
1064,44.67798911456028,107.75326781211841,74.44043341382077,186.82765553250252,-585.3763811524844,0.4757005576229687,0.8874573586744634
1065,47.84631162160518,103.23499033455198,79.03858869541973,184.0173398114439,-585.4497595429585,0.4931287664519659,0.8767361111111114
1066,53.022001897243676,96.86495799650847,86.39901144212547,186.17487205377276,-587.2468741697513,0.5177877888027848,0.8626543209876547
1067,53.48549187810816,97.40655742809261,86.60472356648809,185.85622350562917,-586.6432413275852,0.5156759807900404,0.8611111111111114
1068,53.545526175964994,96.95259835220921,86.79191411003373,186.1936597377183,-586.8905268960364,0.5174563931013321,0.8611111111111114
1069,53.61030881234853,96.49946775839287,86.95931492715464,186.55880144627545,-587.1108590604712,0.5192368054126238,0.8611111111111114
1070,53.66721368913357,96.12195514223521,87.08300026603564,186.88197570334873,-587.2729704468597,0.5207224962037043,0.8611111111111114
1071,45.6366237403832,105.0204447131035,76.28039657577854,184.64713662851642,-585.6416216869717,0.48628489173620604,0.8835553389646957
1072,43.285116180388115,108.14905667210948,73.23655119685122,186.98509107215938,-586.1645335702602,0.4742047348182914,0.8916605750487319
1073,42.2936671132779,107.85056199259083,72.51312874672858,186.53161154892135,-586.7511609523085,0.4754043552984999,0.8943713450292389
1074,51.18048281503846,98.02422736853681,84.54231121529965,185.08637938925744,-587.565200375798,0.5132219345714724,0.8675411522633748
1075,51.22627680580791,96.93902427871392,84.94800414252447,185.8267724344524,-588.2483866355175,0.5174602025429186,0.8677983539094654
1076,45.015841533471985,105.42861824512988,75.58305294228312,184.84248249889777,-585.8070861060057,0.4847190776119544,0.8854843513103747
1077,50.57777107801308,98.23095837101368,83.97783363780034,184.87022754303183,-587.7671432628201,0.5124063611562759,0.8692129629629632
1078,50.01070964199309,97.34991188275639,83.85474537269297,185.33033011367925,-588.701071638384,0.5158290557125258,0.8711419753086422
1079,44.49702551408688,105.65169217443581,75.06380398057078,184.93019500737404,-586.0116414543236,0.4838647345028312,0.8870614035087719
1080,44.28524604491734,104.69678692937075,75.37157022349828,184.21014366280338,-586.5973931943092,0.4875553694116996,0.887345679012346
1081,49.99955877641601,98.66072669630059,83.33040813525321,184.55506798134294,-587.7851793705496,0.5107332826087724,0.8707561728395065
1082,49.02074300457627,99.14989591864415,82.31937079483374,184.1839054283802,-587.9783574234103,0.5088340395348848,0.8734567901234571
1083,49.013567352898285,99.24444711570031,82.26703462325621,184.14668552468504,-587.9084889703297,0.5084700369538603,0.8734567901234571
1084,49.02210590941955,99.13235924575368,82.32903340634323,184.1909911753812,-587.9912542113881,0.5089015709344794,0.8734567901234571
1085,49.03129056996501,99.01681536981896,82.39233740793694,184.23909876880356,-588.075725163674,0.5093466740123023,0.8734567901234571
1086,49.00669962656197,99.33904442247585,82.21428612191639,184.11111634687097,-587.8380452015671,0.5081060343728357,0.8734567901234571
1087,47.056720070879024,101.80384878153549,79.26965816115997,183.50250744110926,-586.982699059372,0.4986279290614257,0.8788580246913582
1088,44.21742596326143,105.47015801132922,74.92631766539891,184.74431411055502,-586.2519356293808,0.4845730080977035,0.8877991661251896
1089,43.041436753538115,105.5150469720875,73.96696376508784,184.58706688239258,-586.9151658334048,0.4844237411631964,0.8912037037037039
1090,43.109960719444324,106.39607486679023,73.6365212124562,185.32030721177028,-586.5489027612608,0.4810174057148947,0.8913559941520466
1091,46.38932907141484,101.94694893937611,78.65091979328936,183.41515160670482,-587.2574308381786,0.4980778597387074,0.8807870370370372
1092,49.5110694475096,98.1805643906942,83.14938909067291,184.72541953498057,-588.4238981969604,0.512587864862414,0.8722993827160497
1093,45.856706190268206,102.09904788241548,78.13413967880794,183.35550319432838,-587.4477984785001,0.497494137168361,0.8823302469135805
1094,44.91295177876552,101.14030155303254,77.95656241469439,183.11375912721763,-588.7595649226812,0.5011696484280163,0.8850308641975312
1095,48.11543119830973,99.31853376678603,81.51396321233393,183.97367399485393,-588.3721784419832,0.5081749988582587,0.8760288065843624
1096,42.389976933648086,106.38833862786835,73.06513089972266,185.196170423572,-586.9691845159317,0.4810655372129757,0.8934271442495126
1097,45.19877410959526,102.50799948285918,77.36263293359471,183.34319541192602,-587.5162365193547,0.4959283230441095,0.8842592592592595
1098,41.12533664010239,108.13178032084978,71.515670683831,186.61515727983394,-587.4163289095607,0.4743491293125342,0.8978740253411299
1099,41.75280191281446,107.26118055291047,72.24587389619629,185.8813315910394,-587.1332198116784,0.47770733326275494,0.8956505847953213
1100,47.67059988913413,99.29926100528237,81.16918952980517,183.90858878838932,-588.6464402054328,0.5082465353668657,0.8773148148148151
1101,42.94842998151363,104.71696664165579,74.2946426964016,184.00581531358932,-587.3630276621926,0.4874994137294656,0.8912037037037039
1102,43.511579296389066,103.50356166780394,75.42434783090529,183.42823510881036,-587.7835827102749,0.49214090041998626,0.889274691358025
1103,42.87330024885919,103.91528771608493,74.67740455788322,183.52408948766154,-587.8836531024843,0.4905750862957347,0.8912037037037039
1104,50.090920831943954,96.15225846226564,84.22937447729957,186.27443982314506,-589.3399004079131,0.5205124267617951,0.8713991769547328
1105,47.33828655629425,98.97658541053076,81.06229267368022,183.98111845235502,-589.0913024194043,0.5094829235359601,0.8783436213991772
1106,53.4705546555356,92.77671106736148,86.95349152712645,190.03235232584575,-588.3151128937241,0.5339523377169018,0.8633040935672515
1107,52.401866424190615,94.18620635986032,86.2011986700271,188.47463719180098,-588.685091110343,0.5283365122976826,0.8656798245614037
1108,50.122801835640495,95.94514433784045,84.29161472123955,186.45717577026576,-589.421220039029,0.52132280355693,0.8713991769547328
1109,48.965868959483444,95.36460260863096,83.44603112775302,186.78816534980342,-590.3435886156593,0.5235646509806715,0.8750000000000002
1110,48.9287233382714,95.59173302670732,83.39195544971494,186.57572461174144,-590.2736227209816,0.5226744448250256,0.8750000000000002
1111,51.12815115223313,94.84238052475716,85.19912190865261,187.63092680727019,-589.2647733480057,0.5256923944733711,0.8690234459605806
1112,52.00070737504739,95.09773400746516,85.88260684117577,187.53101244630477,-588.6735554295,0.5247110757127612,0.8663860010107575
1113,49.46234128319696,96.47019221402672,83.66248920196666,185.907608219543,-589.5405339306814,0.5192517502687757,0.8730709876543212
1114,50.105552237598765,96.05732061651034,84.25847447679645,186.35766706932043,-589.3779491002152,0.5208838494595651,0.8713991769547328
1115,50.12028135107411,95.96242035062865,84.28660506751754,186.441787802159,-589.4146833969421,0.5212552721573354,0.8713991769547328
1116,44.18750607819406,102.31973613506325,76.67082679857413,183.13172510261114,-588.2469725481449,0.49665527442400126,0.887152777777778
1117,42.771288280109296,101.9059602243546,75.79226231858348,182.8222474541983,-589.3910942229993,0.4982421186520274,0.8912037037037039
1118,42.77187397492956,101.93940589880097,75.77256684831285,182.82750964190274,-589.3645544973406,0.49811466242088304,0.8912037037037039
1119,42.77069408712879,101.87251603308596,75.81197938323963,182.81721630391928,-589.4176600190499,0.4983695748831717,0.8912037037037039
1120,42.78094753699675,102.30369006666716,75.55968733707891,182.89958921338558,-589.0775040918944,0.496726431428273,0.8912037037037039
1121,41.08626546153132,106.48378882521806,71.98724224730495,185.06642284046512,-587.6976707233695,0.480731113442757,0.8972242527615333
1122,40.45008624890406,107.35724707047774,71.17673201580651,185.75951613623081,-587.873361015692,0.47737290949253625,0.8994476933073419
1123,49.13270801634434,96.58628264720517,83.37273771455361,185.76016724495588,-589.6687527990553,0.5187895474032858,0.8739711934156381
1124,41.749160617701385,104.77906282752268,73.30592558935186,183.85155481178367,-588.0255337697765,0.48728030945808903,0.8946759259259262
1125,41.92494381038683,104.53181165595478,73.57784213081719,183.72185768667197,-588.061095907697,0.48822636510935735,0.8940972222222224
1126,41.47847302679696,103.12851554500769,74.02581532946454,182.94153434059155,-589.2258159929889,0.49359480317976984,0.895061728395062
1127,50.43032347746117,94.87916564968346,84.6425809051524,187.4820001089578,-589.6600865854451,0.5255233978392279,0.8710156306403872
1128,49.0346008710333,94.95184907495363,83.52887660702058,187.18410985876767,-590.449877117823,0.5251854045709412,0.8750000000000002
1129,49.02883761342896,94.98620943499269,83.52275923844584,187.15071649540656,-590.442081851005,0.525050341771752,0.8750000000000002
1130,48.997157529958585,95.17528502431746,83.48654069968043,186.96829170978938,-590.3957336908171,0.5243074963762118,0.8750000000000002
1131,46.845247679620414,98.49365331848385,80.89171971256762,184.12526377629266,-589.744396804328,0.5113375057896018,0.8798868312757204
1132,39.638050209401406,107.65185655926447,70.44469967034634,185.90707621092355,-588.3069364341159,0.4762596419561586,0.9019249512670557
1133,38.19807727567021,107.63937316636904,69.29870313497885,185.65946771893348,-589.1431689743545,0.4763559049523205,0.9060672514619879
1134,45.63300583677183,99.72372674401245,79.32681555967912,183.44025926105584,-589.4918767784361,0.5065963273987109,0.8831018518518521
1135,45.31572467528516,98.61258933421051,79.61972684838794,183.81753769518497,-590.5439027673456,0.5108555612287125,0.8842592592592595
1136,42.816467396563084,103.11012163371925,75.10315268994192,183.1520205829605,-588.4606536340107,0.4936507588620038,0.8912037037037039
1137,39.8954504253961,107.00279326569573,70.84771442451945,185.33893043207917,-588.2586640447417,0.47875805917835873,0.9008826077539523
1138,40.42959830660601,105.70398717886961,71.79620359280482,184.30781951408431,-588.3522525407486,0.483754893622759,0.8987979207277451
1139,45.088666115573325,99.87502800327405,78.81243417956668,183.31102481769614,-589.6863583475854,0.5060126048283644,0.8846450617283953
1140,48.00799575713118,96.34111487751258,82.53275619366705,185.77671647636046,-590.4553048035106,0.5197197239259472,0.8773148148148151
1141,48.02516243251213,96.22696225507215,82.56996449616507,185.87454913751102,-590.5040650005739,0.5201648270037702,0.8773148148148151
1142,40.441166227135206,104.87324569019451,72.21421377109112,183.7006675042842,-588.735710752878,0.4869458856878703,0.8984730344379468
1143,46.19876976451766,97.85112576162562,80.64075073082945,184.381087842475,-590.5827380297992,0.5138102821277908,0.8819444444444446
1144,43.375547215562314,100.96453361813766,76.83407670183156,182.8687731909766,-589.7960610821422,0.501839958917151,0.8894675925925928
1145,42.76934594915513,101.78937854097951,75.86107764853952,182.80571595645824,-589.4837994447626,0.49868639045402297,0.8912037037037039
1146,42.76991242895231,101.82831396999302,75.83806937651346,182.81092271742207,-589.4528077322818,0.49853802276141523,0.8912037037037039
1147,42.76909563735191,101.75043802051574,75.88411108141733,182.8008256184199,-589.5148209294251,0.4988347581466306,0.8912037037037039
1148,44.64917336945371,99.39356042459087,78.71380905518785,183.38456666160826,-590.3265344276184,0.507850360458192,0.8859953703703706
1149,39.787420986498205,104.92011569030419,71.66858116394344,183.62577554991594,-589.0910923270784,0.48677867380276096,0.9003715886939571
1150,37.90182775075244,107.12630952839169,69.21740920116983,185.12684359388888,-589.3897409999316,0.4783435156490372,0.9066764132553602
1151,37.83021676376999,106.28149810718132,69.47201889631725,184.36034079044416,-589.6486862886691,0.4815925338807783,0.9065139701104611
1152,45.72143984797929,97.3698359803378,80.4312531480788,184.61849695098394,-591.1823217203568,0.5156648643814324,0.8834876543209879
1153,46.16472840673184,96.13547412355913,81.10556715197241,185.64884922586887,-591.6333820102067,0.5204741675341524,0.8827160493827163
1154,45.03434229697686,97.50785048924551,79.83707068593313,184.41222058781474,-591.49157946278,0.5151147950587142,0.885416666666667
1155,39.1621916026533,104.13109232762214,71.5974538242171,183.03668714101642,-589.9046778053778,0.48980245398276295,0.9019452566601691
1156,41.38437571407014,101.24568598596561,75.08220093750603,182.54207054306008,-590.7244823607616,0.5007636177506656,0.8951903292181075
1157,36.94195631657575,107.11682404141798,68.45432204221996,184.96134934068903,-589.9484585891634,0.47840769097981184,0.9094379467186483
1158,43.652538465189195,98.27285105986223,78.4422966017162,183.72213843229844,-591.7625282769259,0.5121384569277898,0.8891460905349796
1159,42.27077837112674,98.25156928730311,77.34965947827578,183.50874402262798,-592.5808471537622,0.512196182206982,0.893132716049383
1160,42.57538265626918,99.36536990020707,77.07487968167499,183.05764713711932,-591.5541354187977,0.5079369483769803,0.8919753086419755
1161,41.38496378196267,100.30456965888501,75.62505508998638,182.61777286649186,-591.4899996110646,0.5043480250361134,0.8952546296296299
1162,40.695403020429765,100.99243865267407,74.68220036172099,182.43317511910567,-591.3303340912119,0.5017280475526831,0.8971836419753089
1163,39.30079366103626,102.37576232713727,72.74220315880542,182.35211731984944,-591.0448763811786,0.4964684505495539,0.9012345679012348
1164,40.09404152995277,101.97125551340366,73.61892947270286,182.39820277334186,-590.8963800728076,0.498002751056415,0.89891975308642
1165,37.83826105963454,104.29860056372625,70.44848802133595,182.91646069544495,-590.5724110847838,0.489184017775976,0.9058032813515269
1166,37.219283368585195,103.54172930877583,70.38674458836779,182.4232319080678,-591.4148349336153,0.4920657917376939,0.9074074074074076
1167,38.19717564770179,103.79962478959808,71.01667063700843,182.70512528098172,-590.6756487199411,0.49107612907851256,0.9046458739441197
1168,41.48429575892405,99.66816403852683,76.04860157353787,182.78275675396617,-591.9466481341873,0.5067695032362874,0.895061728395062
1169,39.29148531838694,102.00968008292676,72.9554000879066,182.27455445503304,-591.3324235407316,0.497856681542164,0.9012345679012348
1170,40.04917201565529,100.93195028244843,74.20216563159615,182.33096397780776,-591.754843886385,0.5019555980128089,0.8990483539094652
1171,45.24737096229494,95.17645175645158,80.50074526236531,186.35536369578227,-592.5798192282886,0.5241833320414357,0.8858024691358027
1172,47.271815221108604,93.00001112319156,82.03311153404499,188.8010216288148,-591.8857668990911,0.5327874510751293,0.8810510071474984
1173,44.33928931139395,94.21951553253928,79.78778285640078,187.12408267161175,-593.3801106952951,0.5278924965487192,0.8888888888888892
1174,44.555186504250614,95.3108120031914,79.93875278657715,186.11687101446026,-592.9327550913126,0.5236332627187175,0.8877314814814817
1175,43.99551229645276,95.45573616882096,79.47881087441417,185.89221608320383,-593.2016282450214,0.523049540148371,0.889274691358025
1176,39.39890721295561,99.8306519041278,74.300530445611,182.3991460630997,-593.0282779813891,0.5061359954293283,0.9010416666666669
1177,39.40078340867168,99.79703189714203,74.31991569305528,182.40839894408361,-593.0542151313758,0.5062634516604726,0.9010416666666669
1178,39.402653266953905,99.76341456209387,74.33926512440782,182.41786758281089,-593.0801013824333,0.5063909078916169,0.9010416666666672
1179,39.40521955269251,99.71899056059736,74.36478107471693,182.43071153858963,-593.114232813516,0.5065593557698604,0.9010416666666672
1180,39.40745183064654,99.67986058069621,74.38720048528526,182.4423347589619,-593.1442178340486,0.5067077234624682,0.9010416666666672
1181,39.409670457761614,99.64073449452151,74.40956698926972,182.45424776413094,-593.1741280379257,0.5068560911550758,0.9010416666666672
1182,42.155552241052426,96.51755490393302,77.8305142732454,184.6763022484758,-593.7648547704684,0.5188768942371577,0.8940972222222227
1183,43.60544861380068,94.98037318866288,79.20553344356468,186.2695054135863,-593.6031722143945,0.5248872957781987,0.8906250000000003
1184,42.532490697465555,95.38912197519399,78.32102187867183,185.71302304618018,-594.0793070593228,0.5232583060506228,0.8935185185185187
1185,36.005769770941775,103.41945973741936,69.49054966832188,182.1720563548893,-592.2029382456452,0.49253911875364303,0.9108796296296299
1186,41.98098276235284,96.33838786982675,77.73191898709308,184.7939814974494,-593.9624052498918,0.51956499975863,0.8946759259259262
1187,41.445529971689254,97.29186362016404,77.0488190531857,183.97531225236787,-593.7178796923004,0.5158716934666372,0.8958333333333338
1188,40.388565753194136,97.70925662977213,76.0629570646867,183.52315655037492,-594.0564566351255,0.5142427037390614,0.8987268518518524
1189,40.74966192568475,98.0695152235857,76.21186551475977,183.36317798574112,-593.5954963686854,0.5128664926961167,0.897569444444445
1190,32.835239702394986,106.30318764913474,65.47871515755223,183.5651471970788,-592.5401845030176,0.4816278824312845,0.920910493827161
1191,36.02275148230082,99.22125077612539,71.9240476714137,182.0458751400334,-595.4753861264866,0.5084148503502306,0.9108796296296301
1192,36.73177500096565,97.4868750277556,73.22885628116676,183.07404221336725,-596.3318130008257,0.5150290978512002,0.9093364197530869
1193,32.32208738730829,101.61091436621956,67.64023624105354,181.09163914226556,-595.6981382992759,0.4993814946875867,0.9212962962962967
1194,40.648781189499324,92.57468489753433,76.72590709577103,188.13530757702148,-595.8134648681455,0.5341240177072085,0.9003411306042886
1195,28.173223490827233,105.51289657361328,62.11259688150274,182.16298017552845,-595.5494790305588,0.4847388398979985,0.9340277777777781
1196,27.00441700086276,105.79464398599521,61.04907689516992,182.1924662810918,-596.1090938904024,0.48369694409954483,0.9375000000000003
1197,37.39317554460396,94.22279602593157,74.26251960792725,185.98160751219095,-597.428013608228,0.5276013831575822,0.9088897011046139
1198,26.744985523721788,106.78206312102736,60.435552169917656,182.99053122061022,-595.9374097839047,0.4799699672767686,0.9386574074074078
1199,36.78012300887072,94.66866067584739,73.78294802165087,185.44877909694983,-597.6744434787669,0.5258540587927665,0.9104329109811568
1200,37.243857187540854,95.05378866132324,74.13794750293441,185.1591396464736,-597.2827292097006,0.5243842684584471,0.9089100064977261
1201,36.21563921507413,95.3306376171974,73.29777941825313,184.73460650471523,-597.7799365197794,0.5232871231987639,0.9117392246047221
1202,25.574165518315922,108.22719851697,59.081346914513226,184.16634142605128,-596.423235743883,0.47452982439945823,0.9427083333333337
1203,26.517200694850345,106.60608430902728,60.31983524505553,182.79663828175248,-596.1159314596714,0.48064123753284926,0.9392361111111115
1204,27.506933717139788,104.98285888808883,61.845007606701024,181.67063284229556,-596.1908393673357,0.4867526506662404,0.9357638888888893
1205,28.027397696604766,104.16861259443489,62.69981749207011,181.2482247100251,-596.3504522239253,0.4898083572329359,0.9340277777777781
1206,28.56772305000183,103.35236042951867,63.601250421312926,180.93568419624899,-596.5713256191893,0.4928640637996315,0.9322916666666671
1207,35.84870948452703,94.63412096927196,73.04181765767598,185.32985982250892,-598.2271746181692,0.5259556652680574,0.9131335282651075
1208,25.018791873578593,107.71621795482275,58.76097093041739,183.5797167751623,-596.7738010246438,0.47648421853169476,0.944058641975309
1209,35.389943977003355,94.92681671572599,72.6689911220415,184.97576318878882,-598.4053772707307,0.5248125860743441,0.9143112410656271
1210,24.50787712141188,107.86562685685178,58.314193246426015,183.64060321309523,-597.0567167405683,0.47593356231446526,0.9456018518518522
1211,29.06417759663354,101.14614599356545,65.32015906932226,180.54354207680493,-597.965659390651,0.5011299905499715,0.9306841563786011
1212,25.7803224937716,105.47808897521799,60.22099743345226,181.7468994549161,-596.9543943123448,0.4849171299421421,0.9409079218106999
1213,25.943054681590063,104.76222797092551,60.71278017264167,181.26918930517635,-597.2162424762939,0.48760573236401805,0.940200617283951
1214,27.541179002699927,102.97982314014328,63.00466790968944,180.6246051628295,-597.4313242643316,0.4942678017146386,0.9351851851851856
1215,29.758695725250192,100.22122785445137,66.4040883874572,180.746901718776,-598.3147015952053,0.5046002549569606,0.9287551440329223
1216,35.54471364114685,94.06455213198764,72.78342156179116,185.83434863346554,-598.536568535754,0.5281422531061368,0.9142909356725147
1217,28.06298717161276,100.91515990857991,64.65750543511285,180.38790411263693,-598.7348649858616,0.5019934772682222,0.9335776748971197
1218,27.44831884690838,99.96068726904508,64.70637515395514,180.42790937007234,-599.8684500953575,0.5055631693983981,0.9354423868312761
1219,33.259972928271665,95.23321779023884,70.95336709337816,184.34143054840604,-599.5383493538982,0.523569008677155,0.9202990758789982
1220,32.82310821445283,95.7215753329265,70.54960250804734,183.8279662662893,-599.5916886506429,0.5216881870380522,0.9213278824633604
1221,23.235001219104404,107.45680805481337,57.41076543588462,183.04129593985806,-597.8395500912209,0.4775177362949724,0.9490740740740744
1222,22.614331386868727,106.92666816014328,57.0885813903691,182.44771555920065,-598.2982994508984,0.4795322757823757,0.9506172839506176
1223,33.702865723816764,94.72266631641274,71.3328726604897,184.89395623056714,-599.4519043217059,0.525539872182384,0.9192702692946361
1224,25.434971489513813,103.57375099706626,60.9740191585264,180.5245751110499,-598.2400441334273,0.49206517684572065,0.9413580246913584
1225,26.486315492713587,103.27640771086438,61.9873605546089,180.5665230984232,-597.8331220567484,0.49316648928017975,0.938271604938272
1226,24.554059999829718,104.71468563808014,59.63073651051516,181.0122658505904,-598.0493565129985,0.4878073493510501,0.9441872427983542
1227,32.65883519817108,95.05652823264192,70.48783362623239,184.40732032887206,-599.952407635011,0.5242253619714627,0.9221152804851638
1228,27.26011113719538,100.87505150308019,64.04147347656045,180.26002906178792,-599.2348032015146,0.5021452077973697,0.9358924897119345
1229,32.98545926973496,94.70880355110505,70.76210343222608,184.78989966414434,-599.874056789648,0.5255684468011953,0.9213436755468922
1230,33.31875681860368,94.3267632880489,71.02516283256598,185.21321345258505,-599.7801172925913,0.527046594430117,0.9205720706086206
1231,33.65304197265958,93.94587763153892,71.26935243261973,185.6410659964864,-599.660757093389,0.5285247420590387,0.919800465670349
1232,24.205762681932796,104.36880592224557,59.54213549865477,180.74204065973885,-598.449509313271,0.48911027877254115,0.9450874485596711
1233,23.350212064384223,105.50768995477667,58.26934871026214,181.37383529876712,-598.3517315950825,0.4848524512778706,0.947916666666667
1234,22.81680558005212,104.32031723149395,58.46209720067109,180.48775431717397,-599.2852850133129,0.4893118957595733,0.9490740740740744
1235,21.963236316589274,107.04604429410055,56.52776535258522,182.4503025582805,-598.6497337831437,0.47910191027547966,0.9525462962962966
1236,22.695491048148952,105.62576428088009,57.691359032057775,181.35778222651788,-598.680321407939,0.4844220857709745,0.949845679012346
1237,28.48751364312737,98.12518474798308,66.41826554407133,181.3380606388193,-600.6840712204107,0.5124607648491415,0.9328703703703707
1238,31.1345319972541,95.36519838434785,69.24854836802254,183.87235550884685,-600.7250977105726,0.5229973206027938,0.9263591076456577
1239,28.719333085472314,97.85058986274795,66.71159655891896,181.537080176279,-600.74421287548,0.5135018441712382,0.9322916666666671
1240,28.38995918138044,96.76274261585453,66.80433357746907,182.2390867661598,-601.6335600398654,0.517614262212242,0.9336419753086423
1241,28.95309807360259,97.57651172413735,66.99881744908747,181.748534099921,-600.7959829854108,0.514542923493335,0.9317129629629634
1242,31.699442696370426,94.36584766788862,69.73764796938869,184.91072600713255,-600.7151093010375,0.5268392325455825,0.925217493321782
1243,23.352564611762475,103.49898307348644,59.35908561516922,180.15250417518436,-599.5004749872661,0.49236760232626886,0.9473379629629632
1244,23.909080063513073,102.67685205358144,60.29260284676452,179.93648982584284,-599.7632381814216,0.4954233088929644,0.9456018518518522
1245,24.48789991122071,101.856082441599,61.24997332909866,179.84959273904113,-600.056411167239,0.49847901545966,0.9438657407407411
1246,25.091577758864148,101.0376553225726,62.218579272677104,179.90124581506123,-600.3629139093501,0.5015347220263555,0.94212962962963
1247,25.092135516416874,101.00138309135434,62.240223856099895,179.9024757571389,-600.3919903966894,0.5016697848255447,0.94212962962963
1248,25.092642261767324,100.9651163702334,62.26186553534026,179.9039779609613,-600.4210594990512,0.5018048476247339,0.94212962962963
1249,22.94545255152184,101.62862317710731,60.157644734394296,179.57269756438586,-601.1338491677404,0.49933209715743765,0.9483024691358027
1250,22.093583631406773,105.09187259844951,57.47381206766274,180.86548996472965,-599.278416960184,0.48643662525837783,0.9513888888888892
1251,25.86961535587252,99.8515089106855,63.50645390211632,180.19874681597338,-600.8743473233855,0.5059597954703945,0.940007716049383
1252,26.231653160275542,98.34163367563143,64.53102795464373,180.8538898157353,-601.8378274844199,0.5116158049700861,0.9393004115226341
1253,26.679801410516482,98.81425661254268,64.67436485554755,180.69599424648638,-601.2219848301546,0.509844617717677,0.9378858024691361
1254,20.69377292708512,106.6341993149868,55.66470878770989,181.87069470922236,-599.4865777191962,0.4806860842559869,0.9560185185185188
1255,27.5211484206187,97.7848449097703,65.78203112255146,181.38264346522865,-601.486226260207,0.5137294399649595,0.9357638888888893
1256,22.851731462955428,102.97461783966673,59.27084814729813,179.86195117384736,-600.1592687895218,0.4943219964585055,0.9486882716049385
1257,25.124512603870414,100.01543050014338,62.824376111829075,180.03822725961743,-601.175406268821,0.5053457747860601,0.94212962962963
1258,25.094344614778805,100.89260016575098,62.30513561475815,179.9077964491825,-600.4791694456314,0.502074973223112,0.94212962962963
1259,27.303146936482527,97.54947058734162,65.69476868181768,181.4980002249033,-601.7727223254744,0.5146150335911641,0.9364711934156382
1260,22.32431350119373,103.12354751605909,58.76119385298502,179.83096142793468,-600.358847688041,0.49377134024127606,0.9502314814814818
1261,21.304167836120754,104.3753575628602,57.2249928322149,180.27487848201216,-600.1304712871387,0.4891226779082488,0.9534465020576135
1262,19.621946157653255,106.63044897612738,54.81096349221775,181.6921741476968,-600.109757326241,0.48072819534375,0.9591049382716053
1263,23.69611907812869,100.56152750356445,61.38193117420805,179.71093250815792,-601.5618510763234,0.5033069612708463,0.9461805555555559
1264,25.093223323454055,100.928853704702,62.28350316876931,179.905751750364,-600.4501196906328,0.5019399104239229,0.94212962962963
1265,20.720535371743495,103.83673150577738,57.06485797702723,179.88543313393689,-600.8044186025057,0.4911372173956521,0.9549897119341566
1266,25.257681962922206,98.26445507554732,63.786867380534375,180.73611815340828,-602.4601546322266,0.5118873779119562,0.94212962962963
1267,23.936135309032053,98.09751768792171,62.80216524802803,180.61292120671632,-603.3487106500547,0.5124886775453975,0.945987654320988
1268,25.358429484716297,97.39521585779515,64.19772158945803,181.28431492531092,-603.0053686823679,0.5151581794749043,0.94212962962963
1269,23.75474988836588,99.73840837060608,61.88176698774809,179.88618107596204,-602.1945914308958,0.5063675333623633,0.9461162551440332
1270,23.390838609723986,99.86044537523225,61.52654815777598,179.79444585261902,-602.3077876824065,0.5059103873514176,0.9471450617283954
1271,20.336787033540702,103.47582878467095,56.96874497728776,179.65301767695777,-601.2676746987273,0.49248024372058774,0.9560185185185188
1272,19.113050024373592,104.7862069723862,55.256873992312464,180.17277701363122,-601.1706304211323,0.4876325448197521,0.9598765432098768
1273,19.014987413804562,103.71270663035217,55.77690898063957,179.54692941357607,-601.87760589493,0.4916195127067956,0.9598765432098768
1274,28.397296287550674,94.01227606809194,67.09369634648678,184.71611708417285,-602.7147228907473,0.5280686464667345,0.9349054219911922
1275,19.889133118650093,103.45310956658636,56.625015436928415,179.57027633494263,-601.5435656555698,0.49256906363883746,0.9573045267489715
1276,19.006046206876533,103.59047960472132,55.840735379619765,179.48811104432122,-601.9641462930597,0.4920713894793914,0.9598765432098768
1277,19.00870013605794,103.62701588612401,55.82156752105558,179.50542177663593,-601.9381616549579,0.49193632668020226,0.9598765432098768
1278,19.011696803026695,103.66760626563727,55.80035996711231,179.52492602477818,-601.9094074384791,0.4917862569033254,0.9598765432098768
1279,19.000860503888163,103.51739436160742,55.87929697434624,179.45418417730835,-602.016410286478,0.4923415150777696,0.9598765432098768
1280,19.003432985953495,103.55393900066437,55.85997889586515,179.4710315439479,-601.9902296648685,0.4922064522785805,0.9598765432098768
1281,18.99832878914596,103.4808459271278,55.898688519617615,179.43756984619483,-602.0426866739824,0.49247657787695875,0.9598765432098768
1282,18.995837432416508,103.44429391926289,55.91815243623384,179.42118945239963,-602.0690573434753,0.49261164067614793,0.9598765432098768
1283,27.70260717287585,94.53013620386496,66.55965598112499,184.09794910203712,-603.002790280435,0.5260694828531908,0.936647173489279
1284,17.935982066381115,106.09336559422377,53.686314048614484,180.9547705600025,-601.2601672777621,0.4827848459189165,0.9637345679012348
1285,21.480761852351037,100.72418721048565,59.52289813922345,179.33431758608134,-602.7152996019448,0.5026902292046813,0.9525462962962966
1286,22.02106832396771,100.57764165944518,60.03791551944948,179.4373736722262,-602.522007624031,0.5032408854219108,0.9510030864197534
1287,18.27907437577457,104.49129221355417,54.75115688292468,179.85089488464573,-601.821322285051,0.4887442422056002,0.9621913580246916
1288,20.808463407053296,100.83968650143358,58.92022393118768,179.21617065879246,-603.0120167539203,0.5022598636977852,0.9544753086419756
1289,21.134455981729104,99.52149024284196,59.90595994732184,179.52540173347427,-603.8908767098186,0.507149673686384,0.9537037037037039
1290,26.176106969285414,94.83771831317172,65.3392050528407,183.55224453294073,-603.8009326770502,0.5248414414845219,0.9408910006497728
1291,26.908157921566477,95.48020308712366,65.87177742801653,183.0771721144444,-603.1383563411094,0.5224323817270954,0.9384746588693961
1292,16.316344839161033,106.00416674710544,52.433525234415214,180.61693438644843,-602.2332372950251,0.48315432519076595,0.9683641975308644
1293,17.202780592045187,104.43977225014004,53.92143646398373,179.64442282692013,-602.4771508545894,0.48895309748989313,0.965277777777778
1294,17.560432602377233,105.2683404539956,53.77146137650681,180.25116652297396,-601.8257112668022,0.4858689717044048,0.9645061728395063
1295,22.102287510012147,98.12885126518785,61.32846613937,180.29769035739363,-604.3929865849286,0.5123472216154414,0.951260288065844
1296,25.070501125324455,94.51396880516987,64.46539628357553,183.68193152966097,-604.540571167821,0.5260347365193192,0.9442346220489497
1297,25.15317416767509,95.47241437096339,64.47533658638369,182.79722245188765,-604.1632170798532,0.5224092175045142,0.9435329579091766
1298,21.970152272313825,97.53180992373579,61.450710043113716,180.64034530509298,-604.8844874297343,0.5145769438562927,0.9518389917695476
1299,24.28831322071447,95.03158947848287,63.82683896090831,183.06126679670365,-604.8355576456389,0.5240474295275627,0.9462335751931271
1300,15.452766722059451,105.555172832027,51.95142056711642,180.12032393680457,-602.917900657725,0.484845715980846,0.9706790123456792
1301,14.918409460392155,105.56614913255403,51.519981601262145,180.04183443749173,-603.2232152003642,0.4848144864629397,0.9722222222222225
1302,14.941617150272577,105.74573207872038,51.45437103789644,180.1847809729764,-603.1332009541239,0.48414750967682046,0.9722222222222225
1303,14.965538569785949,105.9252594891224,51.3920048355849,180.33181325510787,-603.0474951673639,0.4834805328907014,0.9722222222222225
1304,14.989493442798278,106.09968016188058,51.33454113471135,180.47842438040348,-602.9683841572046,0.48283223145459364,0.9722222222222225
1305,15.012066779487839,106.2590884099534,51.28475356546379,180.61550604038683,-602.8997123964242,0.48223936320026545,0.9722222222222225
1306,15.44179357054388,105.46894696620205,51.98411214468647,180.0533931640162,-602.962696866162,0.4851658648381832,0.9706790123456792
1307,14.898158030777495,105.40445283523965,51.581764229296844,179.9168673802746,-603.3078544568007,0.48541476557044705,0.9722222222222225
1308,14.880532810695058,105.25884255108055,51.6395511663685,179.80752616366917,-603.3869233419292,0.4859550167672036,0.9722222222222225
1309,14.863494399973334,105.11313454823276,51.699360689237196,179.70125108418893,-603.4686715517182,0.48649526796396003,0.9722222222222225
1310,14.84704836939197,104.9673267917281,51.761123856231634,179.59810324487705,-603.5530056411809,0.48703551916071663,0.9722222222222225
1311,20.144663492041346,99.30310957203305,59.227773944843776,179.43802318600697,-604.6383325863018,0.5079456290050399,0.9565972222222225
1312,24.882314573838144,94.17874839342234,64.30812766295996,183.97671517430084,-604.7306784070098,0.5272987595190946,0.9449419265756986
1313,21.41012746740428,97.36979261098121,61.060010175392726,180.65794448031755,-605.3170137198258,0.5151735913736913,0.9535108024691361
1314,19.492328891166792,99.07349258129916,58.82164417415033,179.4189035217346,-605.197956374059,0.5087914124155853,0.9585262345679015
1315,19.48650987331034,100.29157442823106,58.17764339554942,179.0679140021023,-604.2263258416339,0.5042821398419933,0.9583333333333336
1316,18.99616933500708,99.44567151269881,58.240223753965225,179.20260896828748,-605.1929195445564,0.5074074735852794,0.9598765432098768
1317,19.483431642676962,100.36471654371267,58.13454823352339,179.05526180558903,-604.168563958922,0.5040120142436151,0.9583333333333336
1318,19.48490522275742,100.32814697614273,58.15610791209612,179.0614565145582,-604.197462840576,0.5041470770428043,0.9583333333333336
1319,17.013849922290305,100.86835817365663,55.87706383219045,178.59866947170326,-605.1927411937378,0.5021368652464889,0.9654063786008232
1320,16.85986665958636,100.75698016558907,55.81908427675518,178.58177859109304,-605.372920013211,0.5025482183142316,0.9658564814814817
1321,16.389287082261163,100.84235386355056,55.394502519979795,178.49906157733037,-605.5769799773026,0.5022320362050434,0.967206790123457
1322,21.068400797698928,95.58365156276456,61.2081894406498,182.02753310304664,-606.4933941759832,0.5218627580962454,0.9552469135802473
1323,20.13568893557064,94.74454087291295,60.534841270250865,182.6512709369941,-607.348784565981,0.5249874516131947,0.9583333333333337
1324,20.343001107238834,95.93371075988496,60.57671722647364,181.60152130366572,-606.7553410575691,0.520528007131492,0.9571759259259263
1325,18.558684447561916,97.87666526716971,58.60393109460696,179.86675357729493,-606.6311675755583,0.5132238425128519,0.9615483539094654
1326,10.73998588330251,108.04080662500272,47.282399938008936,181.55343162738728,-605.0239273654246,0.47574548015481194,0.9853395061728398
1327,8.844890126766444,107.92140324037237,45.798827917118594,181.12884565380637,-606.1300151534545,0.47624382499391454,0.9907407407407411
1328,8.867921831142667,108.05950811198865,45.78339124908621,181.26612325964658,-606.1075115055704,0.47573400006933725,0.9907407407407411
1329,8.821922013553504,107.78322136611827,45.81653414046433,180.99234883337496,-606.1555592982065,0.4767536499184918,0.9907407407407411
1330,14.265089042515001,102.63534595575523,52.62893663949406,178.3596236179516,-605.3984108075282,0.49563010556834225,0.97337962962963
1331,14.262115280958852,102.56174407495737,52.67090338856032,178.3383729794232,-605.455089531317,0.49590023116672055,0.97337962962963
1332,19.709556922614198,95.70406879254408,60.10940859949569,181.6988421966655,-607.2312461421845,0.5213737905420374,0.9591049382716053
1333,13.462936233078139,102.66359139202797,51.97233419260178,178.23765397195862,-605.8437432206779,0.49553124008738403,0.9756944444444449
1334,14.782520430497513,100.81230383424985,54.13088835805252,178.24053725523322,-606.5344855923491,0.5023358839428137,0.9718364197530867
1335,14.944543510830911,100.03143139537177,54.6996554939283,178.3823145393988,-607.0760948097819,0.5052104711995102,0.9714506172839508
1336,19.393280203289265,95.58867470987292,59.87369883645484,181.74942795369373,-607.4664113607587,0.52179668224731,0.9600694444444446
1337,14.381348399404501,100.78852542858509,53.82467081234748,178.17721104123012,-606.7868641352977,0.5024215140015238,0.9729938271604941
1338,15.660914460402964,99.26213332516691,55.67398980438354,178.72452566218766,-607.276056189103,0.5080504425436165,0.9695216049382718
1339,17.576452987992084,96.98324046824523,58.12674320308683,180.30725926478874,-607.7893993796434,0.5165362550347007,0.9646990740740744
1340,17.9464743064447,95.83125830163856,58.686812377574604,181.29925073804725,-608.1979204759836,0.5208481359197454,0.9641203703703707
1341,15.965430862953056,98.55339353409919,56.25339052952822,179.07551540031992,-607.645073734349,0.5106682586345193,0.9688143004115228
1342,15.126050932069958,99.25066583003463,55.25301393923822,178.6416134565615,-607.5954906097227,0.5080850584562067,0.971064814814815
1343,13.98814691726345,100.48320251233133,53.68601439556022,178.1459806189948,-607.2640490852226,0.5035426255206839,0.9741512345679015
1344,11.028942238405577,104.29116857780828,49.08045934205764,178.55374295448485,-606.1527307210993,0.489584457856249,0.9830246913580252
1345,11.584185764928037,104.49848956287421,49.40914553418106,178.76597520379207,-605.7075972417138,0.488816624815586,0.9814814814814818
1346,11.562348910546461,104.26869421260204,49.51864064543848,178.62741342642104,-605.856540092875,0.4896614620780036,0.9814814814814818
1347,11.608684727207375,104.74006983984843,49.29828253000173,178.92080132073463,-605.5566078451656,0.4879273224340938,0.9814814814814818
1348,11.019834654674426,104.19302601569774,49.12818729999018,178.49686386836424,-606.2176086068432,0.48994462532075334,0.9830246913580252
1349,11.54394894541089,104.06164860022642,49.620434907892836,178.50999756186727,-605.9948619292105,0.49042181561417947,0.9814814814814818
1350,11.011056855410672,104.0948215235155,49.17658836962754,178.4415509370921,-606.2833711867012,0.49030479278525774,0.9830246913580252
1351,11.527891501653784,103.86529931796547,49.7195234525592,178.40528619092925,-606.129384587358,0.49114215054318827,0.9814814814814818
1352,11.51304912823197,103.668805506822,49.821019909120125,178.30706527706442,-606.2670606942511,0.4918624854721969,0.9814814814814818
1353,11.49913108424741,103.47222911311825,49.92475511935372,178.21547432618027,-606.407661102522,0.4925828204012057,0.9814814814814818
1354,11.859831734295781,102.7448876432341,50.645203340050415,178.00192156973222,-606.7155853949885,0.49524346725934143,0.9803240740740745
1355,11.486096562610143,103.27560214357332,50.030559925038,178.1306528441843,-606.5509566648024,0.49330315533021435,0.9814814814814818
1356,11.474607039952943,103.07886243079804,50.13826516795107,178.05274033698396,-606.6967182337244,0.49402349025922315,0.9814814814814818
1357,11.464459517701954,102.88209171138014,50.24770168987095,177.9818763104867,-606.8447166619196,0.49474382518823184,0.9814814814814818
1358,11.455536487522266,102.6853280657641,50.358700332575744,177.9182002706001,-606.9947228020202,0.49546416011724065,0.9814814814814818
1359,8.093392699030389,108.23217657417345,45.125614577528445,181.30799006237004,-606.5491706265423,0.4751204186077343,0.993055555555556
1360,11.855649300973369,102.64648311525158,50.70099799078124,177.97172031347822,-606.790964483734,0.49560363472384583,0.9803240740740745
1361,11.441120036312299,102.29187292464918,50.58470734745221,177.8129701742886,-607.2998416284648,0.4969048299752581,0.9814814814814818
1362,11.447791124854376,102.48858657496413,50.471091937843454,177.86185172323158,-607.146507506658,0.4961844950462493,0.9814814814814818
1363,8.608354431938892,106.42571200082983,46.10683847009706,179.7138384409617,-606.5621024719552,0.4817668497140972,0.9907407407407411
1364,8.4301021089086,105.06569485071604,46.59317467948507,178.62094147911017,-607.2297561529523,0.48678004950970266,0.9907407407407411
1365,10.757897818594202,103.03169273557538,49.5949740136562,177.9191496470082,-607.1471324442471,0.49420167437993634,0.9835390946502063
1366,13.29141700477308,99.31239889713888,53.75926450464872,178.32135418540344,-608.6128814513271,0.5078385536824368,0.976337448559671
1367,10.897798021863892,101.99133522487028,50.33365508166442,177.66601072747775,-607.8484872362533,0.4980094639142584,0.9830246913580252
1368,10.399462431777323,103.00818411222855,49.32338423514494,177.85249904241175,-607.3724126969166,0.4942907664402931,0.9845679012345684
1369,10.896144916332872,101.89289491501279,50.391583745696174,177.65034029834652,-607.9265488151567,0.4983696313787628,0.9830246913580252
1370,10.894741587073128,101.7944724727318,50.44969028331591,177.63664450177805,-608.0048242214481,0.4987297988432672,0.9830246913580252
1371,10.893736557904518,101.69606819196441,50.5079535231849,177.62494080011973,-608.0832847756976,0.49908996630777147,0.9830246913580252
1372,12.848915657361744,99.25846975542919,53.433451948538575,178.26874201249103,-608.9124691318076,0.5080314834047401,0.9776234567901239
1373,12.658200720783825,99.42513036546454,53.19735678374305,178.17972174158473,-608.891009097095,0.5074169775368527,0.978137860082305
1374,6.43011574395031,107.9090090345482,43.87613521671413,180.71960910035745,-607.529892638834,0.47637490488504597,0.9976851851851856
1375,7.071468320229215,106.90207784533425,44.69988519856353,179.8813378425948,-607.3215000671624,0.48005976111657156,0.9953703703703708
1376,5.799499688031418,108.91593963197198,43.17181507385552,181.60268781171354,-607.8982364018432,0.4726900486535203,1.0000000000000002
1377,5.750635221298921,108.63949383719654,43.17655982340694,181.32190824014663,-607.9082041828511,0.47370969850267486,1.0000000000000004
1378,5.687933108508346,108.27373681109177,43.19751097451978,180.95251562602706,-607.9410879109574,0.47505728152862364,1.0000000000000004
1379,5.633524476718861,107.95127182833907,43.22950715170857,180.63017666842055,-607.9882154302264,0.4762442230694848,1.0000000000000004
1380,6.4068867785213826,107.77039322283318,43.89431580682421,180.58277643063542,-607.5560786686633,0.4768847298096232,0.9976851851851856
1381,5.579858684441177,107.62855295180462,43.2738917058868,180.3120644444304,-608.0519399640683,0.47743116461034585,1.0000000000000004
1382,5.527274578247614,107.3055962193317,43.330381576261175,179.9995172587299,-608.1318639406466,0.4786181061512069,1.0000000000000004
1383,5.476406030316156,106.98238917915803,43.39869370203841,179.6938734159923,-608.2275897881252,0.479805047692068,1.0000000000000004
1384,9.656554281020561,102.33106431321058,49.138626631857164,177.5323738919432,-608.307112666707,0.49676962755180565,0.9866255144032926
1385,9.330070201871095,103.04731599106441,48.44774275484485,177.69291583123436,-607.9659197564248,0.4941567225430617,0.9876543209876547
1386,8.257676468747817,103.02252895317878,47.60715717022105,177.5099889104857,-608.6068435125463,0.4942536996422668,0.9907407407407411
1387,9.016529161477806,103.72196912244281,47.80085224329203,177.92639892789865,-607.6829250578105,0.49169783153194196,0.9886831275720169
1388,7.590504686495834,103.74464320587713,46.65019434848229,177.7055558991651,-608.4970377374221,0.4916299873379152,0.9927983539094655
1389,11.722692531387253,98.33933435170349,52.965241050544705,178.49316513969893,-610.2697387985326,0.5113948179622203,0.9810956790123462
1390,9.987180589770048,98.28704406715089,51.60439793080318,178.23868577686451,-611.3175591110362,0.5115640069241466,0.9861111111111116
1391,9.994788415242937,98.21348879011197,51.641531297216616,178.2793553942452,-611.3669495503877,0.5118341325225249,0.9861111111111116
1392,10.002523516236536,98.13995780009151,51.67829589566911,178.3209357414727,-611.4158326875087,0.5121042581209032,0.9861111111111116
1393,12.545869427501785,97.04252230257583,54.099970439348425,179.4420486587814,-610.6775274824225,0.5162029646887054,0.9791666666666672
1394,7.189690532896677,103.07970074835092,46.72165764614736,177.3572144617397,-609.1870134322685,0.4940549562520215,0.9938271604938276
1395,12.185479633368175,96.7377337668408,53.900345758358085,179.61137541354734,-611.0702011560687,0.5173240762078655,0.9803240740740745
1396,12.438238166326514,95.9390328042767,54.28047223789731,180.30338558472448,-611.3512248047965,0.520288705330688,0.9799382716049387
1397,5.671013186483435,104.28084065728777,44.81452447901208,177.6766735732169,-609.2721822993768,0.4896935856484902,0.9984567901234572
1398,5.175992203774953,104.69893703023972,44.19121091255655,177.84803244873103,-609.3164056862543,0.4881758679093168,1.0000000000000004
1399,5.142988357180172,104.3620888758833,44.348389665464474,177.63748955632573,-609.5303599728879,0.4894052395214916,1.0000000000000004
1400,5.656605806400506,104.11804965280464,44.89421553047037,177.58374666764848,-609.3804823365798,0.49028645390281833,0.9984567901234572
1401,5.112055369460933,104.01498319470062,44.51877382295119,177.43981241498443,-609.7618989606985,0.490670025130725,1.0000000000000004
1402,5.088523234459586,103.72535231960366,44.66681953623389,177.29029617541596,-609.9627972743069,0.49172401313841946,1.0000000000000004
1403,5.064018728662305,103.37306444478136,44.85328293589461,177.1279263629949,-610.215496684659,0.4930046085677683,1.0000000000000004
1404,11.206310751658734,97.03722815175486,53.03513120158498,179.22795854030505,-611.4595344964589,0.5161964817257956,0.9830246913580252
1405,17.799842197765358,90.29455825307836,58.32144139756885,186.63897182480864,-609.4560766853438,0.5415518497035584,0.9672925240054876
1406,6.115113192625486,103.02376171191433,45.898018560262244,177.16279819116014,-609.8508616844515,0.4942632937716647,0.9969135802469141
1407,6.800785056406653,102.3395923415701,46.856240390645624,177.07085652119005,-609.9610345858305,0.49675131243938675,0.9948559670781897
1408,5.75829862443382,103.03173452081583,45.60921019845622,177.10755621660863,-610.0528527677872,0.4942389775399179,0.9979423868312763
1409,5.044976731545859,103.04675715799479,45.03159009860217,176.99710642023427,-610.4568299597709,0.49419034507642456,1.0000000000000004
1410,5.027090516154587,102.68995233406349,45.23186649055394,176.8763071062682,-610.7275636651782,0.49548694794864023,1.0000000000000004
1411,8.270045938696938,99.6419577784131,49.58744781043952,177.39980850621154,-611.2699364134251,0.5065918338015936,0.9907407407407411
1412,8.21810330746706,100.9747810245388,48.80298346020913,177.16667933252364,-610.2185287505644,0.5017273497748309,0.9907407407407411
1413,5.540213210283355,101.95224495321459,46.086447733673324,176.79060203866413,-610.9930889984558,0.49816718494527096,0.9984567901234572
1414,5.013229495230533,102.32279465384845,45.442662357977625,176.77713507321786,-611.0121599112897,0.4968209015208785,1.0000000000000004
1415,5.004662014922147,101.95582390752732,45.657195588547346,176.70431887156113,-611.301442479836,0.49815485509311686,1.0000000000000004
1416,5.537560138816275,101.77389529002454,46.191675892914674,176.76514615822114,-611.134850369645,0.49881548638137874,0.9984567901234572
1417,5.000587623032047,101.62571934528532,45.85256967787511,176.66206291372163,-611.5645827011929,0.4993554133081314,1.0000000000000004
1418,5.0,101.32868973119922,46.02958208301996,176.64344245061923,-611.8027409765427,0.5004359157016445,1.0000000000000004
1419,9.29072800044571,97.34475280189065,51.41076781356042,178.6984735984806,-612.3777277394892,0.515021795155169,0.9884259259259264
1420,8.408652843076766,98.01715601759835,50.458824584046766,178.13197481532148,-612.4317806275064,0.5125368202218693,0.9907407407407411
1421,8.393068275451583,98.16450022811838,50.38601729394497,178.04655217242583,-612.335013583499,0.5119965690251127,0.9907407407407411
1422,8.42485527039868,97.86993642759433,50.53005218025763,178.2209921018185,-612.5263784587191,0.5130770714186259,0.9907407407407411
1423,9.533841633119636,96.54135201207048,51.839010279307615,179.33115414033645,-612.7241821538486,0.5179864242779916,0.9880401234567906
1424,7.0621900229776315,98.08418807055534,49.35798036605385,177.87422206996024,-613.1659521246211,0.5122669955764585,0.9945987654320991
1425,16.63615137635405,88.04795740048515,57.17585177171264,188.6601484032978,-610.4571021692591,0.5498340487487402,0.9717721193415643
1426,15.232650877903453,90.6752164250242,56.31254102394095,185.8425846362229,-610.8924012373477,0.5399856009427227,0.9744941700960225
1427,8.850380725970282,95.74476847921541,51.45663505058382,179.8839072018506,-613.5294720509736,0.5209039613122574,0.9903549382716054
1428,5.847901483738198,97.04655109718342,48.762205235590095,178.3467670935825,-614.5696421305572,0.5160490549067217,0.9984567901234572
1429,5.257591987983687,97.47088693856757,48.153011011941274,177.9563281830971,-614.6400270463196,0.5144824468173147,1.0000000000000004
1430,5.2951430528482035,97.1762022221103,48.281317705549995,178.16399479702082,-614.8098269728829,0.5155629492108278,1.0000000000000004
1431,5.334478962317107,96.8816337000569,48.40193149696146,178.3843716816098,-614.9691244349301,0.5166434516043409,1.0000000000000004
1432,5.375407423835213,96.5871043004023,48.514559793053316,178.6164973221977,-615.117538456899,0.517723953997854,1.0000000000000004
1433,12.295985112539867,90.35922430095712,53.94242139239906,185.67278050232756,-612.6457222175138,0.540992419114501,0.9831104252400554
1434,13.885796588338422,88.07252137541802,54.98597768826827,188.18503442385335,-612.0513335143623,0.5495543334542115,0.9796810699588482
1435,75.0614191478129,107.83561971566597,98.705902187172,191.88261740715794,-567.8167998530791,0.4742722801864607,0.8000000000000006
1436,75.23635282079528,108.8640200849933,98.63219273167242,192.9156645858256,-567.7045179723624,0.47003511512796614,0.8000000000000006
1437,75.26744342850452,109.04403816431012,98.62753921553289,193.0981669369565,-567.6959295207121,0.46929546675498673,0.8000000000000006
1438,72.86683512458501,105.11121989901568,97.94668869216527,189.14167789180414,-569.7818442648991,0.485407469460703,0.8051494476933071
1439,72.2212809331552,105.25256923201684,97.36184267555615,189.1397074557957,-570.0894042344214,0.48485195903390177,0.8070581546458738
1440,70.20806359513671,107.32956595651015,94.9293245235394,190.5912073757428,-570.6222059938893,0.4765304202909281,0.8137267841672068
1441,71.5762619707857,105.39405767470028,96.77887158941905,189.14074180678435,-570.3994458514254,0.4842964486071006,0.8089668615984402
1442,69.36082032408332,107.39211228237079,94.23511205639477,190.51387181230172,-571.1046428534045,0.47629900460751806,0.8161955815464573
1443,72.18604632906505,103.23293086517978,98.44558938505844,187.96671110897125,-571.3080093596652,0.4929165509003036,0.806616512345679
1444,68.61903467504206,106.73266401781818,93.85632332312014,189.78054235624717,-571.6558550855241,0.4789833983196609,0.8180298353909454
1445,69.36318213121208,105.09112818564984,95.16289603383693,188.55781415925804,-571.8259909142158,0.48555484236256297,0.8152344596058039
1446,70.5742545194944,103.0380149294683,97.2762048410473,187.62982534385048,-572.3815356196955,0.493700030911472,0.8112258365821963
1447,69.66342237242499,102.90440990424226,96.6298425501149,187.434000539803,-573.0073640992996,0.49423693841018035,0.8138300032488629
1448,69.33587047670159,102.97508409640598,96.32625385562233,187.40585090114945,-573.1464837848375,0.49395918319677967,0.8147843567251462
1449,69.05648085169426,102.82101797230807,96.1959659059595,187.3074066276844,-573.420542642609,0.4945701487938846,0.8155661143599741
1450,73.89393816438438,97.35645147577145,102.88515046483792,189.21612786453113,-574.8092133365948,0.5163252087637485,0.8023405349794237
1451,74.70329634390905,97.38073840510572,103.5223201944181,189.3309747343279,-574.3231160212374,0.5162455835944726,0.8000000000000006
1452,74.73769410854251,97.13201377782566,103.61934219638526,189.524146841969,-574.4510519294773,0.5172519352194863,0.8000000000000006
1453,74.86075873656709,96.18001191344392,103.95414283145801,190.29462684670708,-574.9149864755182,0.5211193950613757,0.8000415132481409
1454,74.86903433571904,96.2229146846949,103.94976431898152,190.2624933075871,-574.8857267063901,0.5209455748065764,0.8000000000000006
1455,74.87631187155485,96.17286383865904,103.96776153073368,190.30336380950638,-574.909393909803,0.521149139638549,0.8000000000000006
1456,74.34605283326182,95.76272854199574,103.61046264689745,190.57416934752598,-575.4073617793146,0.5227979887911547,0.8017133239477292
1457,73.00822169544287,95.78682047938173,102.54139615139569,190.3329976417705,-576.1749844330374,0.5226513328333624,0.8055555555555555
1458,73.01879628531584,95.72040824827616,102.55872992460122,190.3940064482041,-576.1975024017314,0.5229214584317406,0.8055555555555555
1459,71.66647267863996,98.26572697939672,100.77327898972298,188.28049538180576,-575.4826061060279,0.5126236566914246,0.8084490740740741
1460,71.66984743442168,98.23189705551569,100.79009096567243,188.29981692577914,-575.5049558024867,0.5127587194906137,0.8084490740740741
1461,71.71262687827898,97.30895265947905,101.1615508469016,188.8936034739755,-576.1071627821908,0.5164629411330407,0.8086419753086419
1462,72.29918398215028,96.47034569589424,101.85445550471607,189.63217304202468,-576.2553656819091,0.5198601927240671,0.8072916666666665
1463,63.27719399359331,106.89328637127404,89.53941840498094,189.0544769831182,-574.7184407945155,0.47850184416441355,0.8334856237816761
1464,72.33251443426637,96.25028389126568,101.92649334949841,189.820470498958,-576.3497830294143,0.5207503988797131,0.8072916666666665
1465,71.85307873244301,95.47693816423784,101.65796984419366,190.42391364167588,-576.9758754395455,0.5238713844178947,0.8090277777777777
1466,73.73232672858488,94.74599197482466,103.19055921204566,191.42093768659393,-576.1261334633984,0.5269327382953091,0.8039717348927874
1467,70.08594958869074,98.02356947879137,99.6110375154652,188.16205884462187,-576.5745741387611,0.5135629101695498,0.8130787037037038
1468,70.65981569740855,97.16943932557152,100.3655061196407,188.82229240648888,-576.8065260807666,0.5169990682523314,0.8117283950617283
1469,73.4764747936115,94.3274953555107,102.97563635812216,191.7856738325703,-576.3735867167219,0.5286398265145547,0.8049159356725144
1470,67.43622864387002,100.21559836851863,96.44190243198257,186.86034145032335,-576.4210617174009,0.5048419624263052,0.8202160493827162
1471,70.72391904841852,96.26000383180013,100.64308663792755,189.54974737146205,-577.2808417151807,0.5206643834030033,0.8119212962962962
1472,61.654145640386574,106.41209577084551,88.4208531248556,188.3595221015651,-575.7824421090269,0.4804625924154736,0.8379511181503138
1473,67.57799370112839,98.30514726040455,97.49763324433496,187.5939776492574,-577.8306751030649,0.5123965312143097,0.8202160493827162
1474,64.88170967535947,100.481050069364,94.25674738030864,186.40156210143726,-577.6898509984203,0.5037839479987005,0.8275462962962965
1475,64.48684025038455,100.29480737862691,94.04638560104605,186.36710027391655,-578.0706989847112,0.5045115973468457,0.8287037037037039
1476,64.94111218460026,97.91988682998527,95.55083889037623,187.38729648760238,-579.6376690186138,0.5138787352156744,0.8279320987654323
1477,57.65919191481788,106.74380390491321,85.10995270610637,188.00186515786712,-578.0120235776818,0.4792612291337732,0.8496013374485585
1478,57.03944462255268,107.40419600398144,84.4001136477388,188.51269679857106,-578.247793748124,0.47666360828641247,0.8516894087069511
1479,66.15762403738825,95.90997510834237,97.06748425928188,189.10620437741065,-580.1068383499836,0.5219416072541745,0.8252314814814816
1480,56.63432743605378,106.98442759169313,84.20884777286766,188.05371865536512,-578.5530894888237,0.4783405965431024,0.8526606833441615
1481,61.807876956053434,100.30968984257782,91.9024785323331,185.92989584333822,-579.6157039332635,0.5044383974890997,0.8364197530864198
1482,61.534792911221246,100.44552990873584,91.60856280031383,185.86372991054535,-579.6636028501913,0.5039052155119262,0.8371913580246915
1483,55.866051257093616,107.22850760551005,83.51705289744397,188.1549835824181,-578.9540827444175,0.4773993235807451,0.8549856508555327
1484,61.00311521993109,100.34105656854182,91.24339423759388,185.79397062706343,-580.0578789801723,0.5043112284891278,0.8387345679012348
1485,55.2149547892749,107.35066045128376,82.96035326884156,188.16400783468282,-579.3129066164864,0.47693540722546657,0.8569180474333973
1486,61.91235987860689,98.72060925298975,92.79896503702597,186.46186168791223,-580.8138578544364,0.5106617182219639,0.8364197530864198
1487,56.55279818827212,105.11409782703613,84.9370751381006,186.48917105959947,-579.2552239693573,0.4857170636051933,0.8521428958197956
1488,61.13816929278329,98.41180262770935,92.31915296871495,186.48959476868038,-581.4948977149097,0.5118657972771323,0.8387345679012348
1489,60.74242408055552,98.35189316613413,92.02944060167727,186.4570361298924,-581.769067227684,0.5120958322205129,0.8398919753086422
1490,56.6716158815844,102.85753543520045,86.29977871507153,185.3096785034106,-580.5919317071524,0.49451840036863437,0.8512528427550357
1491,56.381522786683284,103.00908173694208,85.97791505639904,185.31562213610746,-580.6507896156185,0.49393202479562903,0.852110745614035
1492,58.32698155409774,100.29785012640303,89.13350464051433,185.36711991163202,-581.6484739922817,0.5044635230387735,0.8464506172839508
1493,56.07175607432156,102.91698658912713,85.78625112421412,185.23255082837258,-580.8974198636563,0.49429316231689524,0.852988953866147
1494,52.15037688994914,108.32655549670712,80.27817703054819,188.61029833753182,-581.0306042346272,0.47317031537603743,0.8662179174788815
1495,55.173160484318224,103.01534792750117,85.01084746194736,185.1217060351076,-581.3487187753144,0.4939182133161347,0.8555931205328137
1496,58.46458324419672,98.36189682476311,90.20940582975848,186.08113846823133,-583.0854489876758,0.5120180918267783,0.8464506172839508
1497,58.17281479710529,98.605613288027,89.87043937923777,185.9094192176743,-583.0741455404751,0.5110593904201666,0.8472222222222223
1498,60.52451958944759,95.95245033351944,92.57441687675197,188.14792963447744,-583.3641436436511,0.5215944076322344,0.8414351851851853
1499,50.61616166859691,107.09892412856095,79.36940443391748,187.1773974935302,-582.0214819705493,0.47807010079252255,0.8700471761966645
1500,49.947832058048185,107.31760835484017,78.76754135107336,187.27320782213377,-582.3718160661074,0.47723142105033056,0.8720726391596274
1501,55.99693607770318,98.2677759215157,88.28220004787367,185.73083899120036,-584.5890321748601,0.5123480485436138,0.8535879629629632
1502,56.02679126351535,97.98947418924821,88.41877773527594,185.89449611502917,-584.7705118052346,0.5134367495777379,0.8535879629629632
1503,48.09724231188019,107.19370657068457,77.32932550122018,186.85471746740743,-583.4651050210446,0.47777434063549035,0.8773452729044833
1504,55.66603021270324,97.11491471834549,88.4343176887377,186.41809827561616,-585.5583806729028,0.5168644969543988,0.8549382716049386
1505,47.48795891135148,107.05338667017372,76.88869259506764,186.62493838172165,-583.8443449690313,0.4783405414914317,0.8790356968810914
1506,54.39406796274894,98.23084859987912,87.02005039383803,185.49085335788052,-585.5482691563154,0.5124686593929128,0.858217592592593
1507,54.397759152953256,98.19622340610586,87.03725924200434,185.51068724164836,-585.5711457323181,0.5126037221921019,0.858217592592593
1508,54.42257585804385,97.96821222006447,87.14842221051856,185.64653292359554,-585.7188213897496,0.5134939283477478,0.858217592592593
1509,55.86694398510749,96.18573993472654,88.8233277026347,187.18651054392097,-585.9608929168866,0.5205310136345165,0.8547453703703705
1510,55.122734060834375,97.17265764387459,87.98386787964952,186.28761175736,-585.8388078811699,0.516625727650942,0.8564814814814818
1511,54.59689860365894,97.09941039297182,87.58700157035796,186.25548191834557,-586.1899982844604,0.5169026161344054,0.858024691358025
1512,45.81190807141003,106.92232739984746,75.59587638668133,186.23064163906693,-584.8438373178876,0.4789012238532773,0.8838040800303223
1513,54.264014153752036,96.16030952653472,87.55118992613764,186.94676702502835,-586.9067018913343,0.5205881924045263,0.8593750000000002
1514,53.72615927751453,95.7451591899014,87.19139040026657,187.2196212432159,-587.414338690033,0.5222081869947848,0.8611111111111114
1515,53.737106301599255,95.67672236789583,87.20940056312044,187.28239475823983,-587.4377432197111,0.5224783125931631,0.8611111111111114
1516,53.74833278034781,95.6083492827589,87.22687817545979,187.34556098825072,-587.4604269330973,0.5227484381915415,0.8611111111111114
1517,54.99182466578221,95.37216408618855,88.24287843231818,187.7633332342807,-586.8312221546433,0.5237199917077204,0.8576388888888891
1518,52.50573727939578,95.97992860874675,86.18314251514326,186.81471557269109,-588.0176033770224,0.521249432257773,0.8645201609992061
1519,45.6893177204416,102.98856370537773,77.46553725190932,183.5735057093753,-586.8779265917104,0.4940905674142818,0.8829089506172842
1520,53.072833436797744,94.8967302782792,86.74530556390943,187.8960669437688,-588.1149642305086,0.5255424752446121,0.8633954678362575
1521,53.60597634506469,94.19401444274224,87.15963564290253,188.66311709676702,-587.981448276575,0.5283503879542216,0.8622076023391814
1522,51.60714158321976,96.015755379595,85.46158375404575,186.63769584494364,-588.5236998630172,0.5210856391278399,0.8670921774601115
1523,42.33822373392917,107.12054966308972,72.7579712160953,185.8456872090985,-586.8185256161042,0.4782349462557378,0.8938992446393758
1524,44.858659876115894,103.09961173636921,76.73671438304142,183.47970571503546,-587.2810908836119,0.493671136042102,0.8853202160493829
1525,51.169199275265605,95.88803324636284,85.13418749647983,186.67761320681484,-588.8387197652281,0.5215762985081449,0.868410899935023
1526,40.474663360644726,108.18023538406418,70.9857956055301,186.55678203875692,-587.7926787773083,0.4741819174274249,0.8997725795971402
1527,42.06199582789987,105.5849747665951,73.1525900171789,184.48172507322434,-587.4536261085348,0.48417292333553236,0.8940515350877194
1528,41.4090605655136,105.63233165493361,72.60989892817618,184.41191485460695,-587.812896358787,0.48400571145042304,0.8959500893437298
1529,41.416015644582465,102.18642268156584,74.54255407608217,182.65256111250594,-589.9608950796724,0.49717921046521774,0.8951260288065849
1530,40.454799007116144,102.75645846295524,73.43205692165722,182.64563184570798,-590.0894164134288,0.49501587005596664,0.8979552469135804
1531,47.64051781566205,94.61171739739204,82.42599787703197,187.28221498065935,-591.362911497551,0.5264761390394497,0.8791829109811569
1532,37.82196329176329,105.29226459885719,69.91284915293194,183.56920736779597,-590.0477179483552,0.4853882758283772,0.9061586257309939
1533,39.219743143821184,103.254275303927,72.15044856717411,182.62455032055638,-590.4496219980499,0.4931354522661584,0.901589912280702
1534,46.71140219020624,94.56391246056747,81.68614532327194,187.17665899283804,-591.917189244937,0.5266308093046408,0.8818835282651074
1535,36.727588530169974,106.01261448928905,68.70614213892839,183.95444424712196,-590.3812421912537,0.4826505145599113,0.9095800844704354
1536,43.653305425456324,97.48547027870966,78.74395928526751,184.20212864417806,-592.3092186397674,0.5151725203379064,0.8894032921810702
1537,40.36475830379679,99.92238597927567,75.02137266269641,182.53251510591537,-592.3928303591449,0.5057946697391397,0.8982445987654324
1538,41.10689118691259,98.86802078754613,76.14758074324546,183.01545609882214,-592.795123821547,0.5098179979662021,0.8963155864197536
1539,40.042739344831396,99.89162842942254,74.78110466150139,182.48787450588708,-592.604665710087,0.5059084449692026,0.8991769547325105
1540,42.203732912540694,97.38322614159307,77.62342608829746,184.03554266295097,-593.2183904108315,0.5155365382220698,0.8936149691358029
1541,36.29639657807944,102.60840153927087,70.20644555343522,181.9263609173287,-592.6156801462666,0.4956028827442024,0.9099151234567905
1542,36.03580261716287,100.11002399778918,71.46899334586399,181.78738165384624,-594.7565333907972,0.5050544728733652,0.9106867283950622
1543,41.58761839690647,93.98732701759761,77.5834889855479,186.90181550902116,-595.0273499387927,0.5286911618789156,0.8969298245614037
1544,40.35094772638792,94.16244045787965,76.61221029161803,186.52559213079624,-595.7161331137626,0.527952871871596,0.9004020467836259
1545,28.492463995811022,106.37752546262125,61.98548301541127,182.91903776037304,-595.0373829256358,0.48145862712814524,0.9334490740740744
1546,37.10113990824983,95.88850270061062,73.93036415683407,184.37936268605563,-597.0253245329376,0.521167153759312,0.9089303118908385
1547,37.78142209606206,95.02248402693837,74.56767369320094,185.27645959909358,-596.9804331311881,0.5245230354736954,0.9073769493177393
1548,35.9918282898235,96.42664742960692,72.94211983396967,183.74479150187514,-597.3998737930549,0.5190738509634384,0.9118881308208799
1549,35.24057108032337,95.79274546594303,72.46419890112603,184.15958746462823,-598.1521895537259,0.5214829190425514,0.9143315464587397
1550,26.98661572437561,104.1315586964879,61.89032883352336,181.05866432594573,-596.9779951321665,0.4899595699732101,0.9370177469135806
1551,35.00798076088103,94.78811266821046,72.37017176198582,185.04523430375482,-598.6718186214922,0.5253343403965273,0.9154788011695909
1552,32.67451472706609,96.73709708461936,70.22398768374444,182.95705203469035,-599.1561216346872,0.517807927274909,0.9213120893798286
1553,30.579720342505688,96.36970555227516,68.64396572447068,182.90819770953246,-600.5789178187317,0.5191554086600053,0.9275007219695333
1554,27.783974031632468,101.94701288110677,63.820683824672585,180.39743884414526,-598.0705037509424,0.4981306394914304,0.9343814300411526
1555,27.100512023999194,101.7886173135868,63.371946034518054,180.26396245551965,-598.5927418357848,0.4987272461963413,0.936342592592593
1556,24.74077781048838,105.55412098747415,59.355649508076766,181.63554879340728,-597.5242782695954,0.4846508342908385,0.9439300411522638
1557,31.08434917305341,97.62622450687702,68.67928751393467,182.06276334672478,-599.5229021255628,0.5143918480420975,0.9255559165403224
1558,30.04359052241685,97.37804413754637,67.93608529621741,182.0588177210476,-600.2924289587023,0.5153134967172166,0.9286423362934089
1559,26.46871755708451,100.82163047977146,63.44181630391411,180.13523142786525,-599.7382903232636,0.5023435208333679,0.938175154320988
1560,27.95510686150952,99.04032416541742,65.58360649454272,180.80697450839565,-600.3058430726132,0.5090119671237698,0.9341563786008235
1561,27.46703189139903,98.86985517357941,65.276121958618,180.79951171781536,-600.7215923152878,0.5096463046816788,0.9356031378600826
1562,29.070495752827185,96.80602400992122,67.33457260765955,182.31635095366696,-601.2122135303418,0.5174635985267495,0.9316644556349725
1563,29.20077507595653,96.03708628592788,67.613650399028,182.9616890378059,-601.5512734419846,0.520384273560164,0.9316159483069817
1564,29.609733657996173,95.67628544040718,67.99760388785344,183.34344563444404,-601.482039344488,0.521769279234125,0.9306029348061514
1565,21.33808024443458,105.12042011126316,56.85663290351604,180.7627372568507,-599.7028084322809,0.48634201633271557,0.9535751028806587
1566,30.457767558344415,94.17375689961835,68.7423802579982,184.8956507764575,-601.4820807694083,0.5275321471483079,0.928890513320338
1567,28.725437797580092,95.81185427840634,67.2733821817491,183.07907991427726,-601.9352584604459,0.5212274400826371,0.9330869612302364
1568,29.074439818286827,94.86486402165087,67.64472979004941,184.00200716991495,-602.1045776829343,0.524840617953032,0.9325319471518304
1569,29.694530535914517,94.32645064647707,68.14118034844395,184.62128332535679,-601.8933024781755,0.5269181264639735,0.9310124269005849
1570,28.037646784188517,95.64504740331658,66.75026373630338,183.11422714865392,-602.4106288494684,0.5218418725327164,0.9351445743989606
1571,27.09550821339363,96.5142872344583,65.8360227566967,182.22316583425737,-602.5272633148759,0.5185237076591298,0.9374729261425172
1572,23.154905309941583,100.74477226665552,60.84549234798902,179.6039954762783,-601.7264003824085,0.5026212422544276,0.9477237654320991
1573,22.77682996390847,100.68914198581352,60.57629989823951,179.54781860399802,-601.9916106991989,0.502827789976922,0.9488168724279838
1574,22.63834858672105,99.74814418479922,60.98664427805996,179.70232341004834,-602.8359079691743,0.5063234827964064,0.9493312757201648
1575,23.835449822502497,98.91636747895306,62.35961953531775,180.18948183565095,-602.7961469052776,0.5094281054538804,0.9460519547325106
1576,26.124963858125682,96.43592747197184,65.0810481682261,182.12765364190537,-603.1347708413736,0.5187952806009999,0.940302144249513
1577,23.651893819279678,98.97701225238514,62.18427462127835,180.1340805202068,-602.8559106292103,0.5091995324484075,0.9465663580246917
1578,23.277206282268097,98.92057788956512,61.91256743414238,180.0970099017181,-603.1174966007446,0.5094060801709019,0.9476594650205764
1579,18.09901536232151,105.29315567194394,54.188470522335294,180.35732043417022,-601.5006480286926,0.48576454406225833,0.9629629629629632
1580,25.247336360158926,96.43313542624504,64.38251297817268,181.98654434773377,-603.6467926400904,0.5187836984897092,0.9428312937694031
1581,24.526845083995,96.78238246802167,63.72135593171784,181.59332399979257,-603.8684211930522,0.5174489475249558,0.9447603061150821
1582,22.361048803673725,98.93705615851205,61.174343260357595,179.94129458583015,-603.6377626619644,0.5093353522059239,0.9502957818930045
1583,15.809169461598316,107.09698834865704,51.60194798879738,181.48724572999967,-602.2096489786358,0.47910021859137536,0.9702932098765435
1584,15.161292845037593,107.23480784935455,51.03940910072199,181.50836130400472,-602.55853071818,0.478606936614568,0.9722222222222225
1585,15.186858025925957,107.39407904139915,51.00941441099681,181.6613203911311,-602.5162592903001,0.47801346584413745,0.9722222222222225
1586,15.21282704479276,107.55326982284816,50.982347891358735,181.81582709344076,-602.4779037894946,0.47741999507370697,0.9722222222222225
1587,15.239180264657321,107.71236339656352,50.95824432464944,181.97171817435867,-602.4435130543084,0.4768265243032763,0.9722222222222225
1588,15.320487240386171,108.1888351984744,50.904059170511125,182.44606532301242,-602.3646178279157,0.47504611199198477,0.9722222222222225
1589,15.29299128452314,108.03014990282111,50.91906518138396,182.28700052571946,-602.3868212349739,0.4756395827624153,0.9722222222222225
1590,15.265901063083177,107.87132938748287,50.93713849371062,182.1288303973099,-602.4131359232865,0.47623305353284584,0.9722222222222225
1591,15.136097980950098,107.07546565956352,51.0722971776926,181.35711306863652,-602.6046692345894,0.47920040738499853,0.9722222222222225
1592,15.796723900864379,107.01724986832643,51.619232703198406,181.41224211054765,-602.2338402443509,0.47939695397659066,0.9702932098765435
1593,15.10986220745221,106.90771757912388,51.10999620820999,181.199962260329,-602.6573495719191,0.4798249928710397,0.9722222222222225
1594,15.78422975033395,106.93754073021914,51.63722811191651,181.33772022919658,-602.2589805853005,0.4796936893618059,0.9702932098765435
1595,18.06652074477904,103.5599934569503,55.10983333443022,179.3212276744246,-602.5312385212789,0.4921964169436012,0.9625771604938274
1596,15.771774739735378,106.85782931524129,51.65592987228676,181.26370045535978,-602.2850639040923,0.47999042474702114,0.9702932098765435
1597,15.084303170626967,106.74260687297722,51.15014965876908,181.04751375197196,-602.7132687347786,0.4804396786771271,0.9722222222222225
1598,15.75941795349739,106.77809467917902,51.675333641644265,181.1902031584506,-602.3120841033342,0.4802871601322365,0.9702932098765435
1599,15.037225704200694,106.43115349527297,51.233988649670295,180.76658701485607,-602.82954798241,0.48159906548559106,0.9722222222222225
1600,15.058407586283764,106.57274093306091,51.19457850213921,180.89315534230772,-602.7749588224166,0.4810720714817438,0.9722222222222225
1601,16.751645056843685,105.22281716665552,53.14917646705441,180.08650850086275,-602.3177153251715,0.4860537113403296,0.9668209876543212
1602,20.466812932149296,100.07186180774869,59.08095415551522,179.2699334884655,-603.8352540592682,0.5051027463514126,0.955536265432099
1603,23.700352530272568,95.88817769711167,63.25908050492123,182.19084129233596,-604.823638242359,0.5207960995360308,0.9475252238105557
1604,20.814578307602375,96.35444138199017,60.8689167122852,181.32590372983296,-606.2674045493732,0.5189656603730174,0.9556327160493829
1605,14.124088529180455,103.67191521508052,51.901341007298676,178.732784928742,-604.7472628208135,0.4918236308208069,0.9739583333333337
1606,14.118812395230918,103.59837990669243,51.93983285542012,178.69768998885283,-604.799448005227,0.4920937564191852,0.9739583333333337
1607,14.113671355126897,103.52483078365144,51.97863005165753,178.66352912023106,-604.8520316599588,0.4923638820175634,0.9739583333333337
1608,14.108703694408604,103.45126666107652,52.01772373018607,178.6303096300466,-604.9050017751251,0.49263400761594167,0.9739583333333337
1609,12.519695289424348,103.70260204120642,50.60434387202003,178.4864746620285,-605.6597426119174,0.4917292812607389,0.9785879629629635
1610,12.510903477320923,103.58128784667262,50.66780275398603,178.42849289372091,-605.7457783371094,0.492173932451485,0.9785879629629635
1611,12.50289528568895,103.4660055513247,50.72885187253868,178.37576653987043,-605.8285079265672,0.49259635108269384,0.9785879629629635
1612,15.862297368878274,97.73794276084848,56.50743997139749,179.5120188647815,-608.2941118013567,0.5136885394304077,0.9693608539094652
1613,8.345416625214199,107.32921487484786,45.569944720934,180.4840835015624,-606.4937728481565,0.47844363416091573,0.9918981481481486
1614,10.472560543925795,104.06029290193159,48.76673643413164,178.33534833077837,-606.6180549647646,0.4904384308757927,0.9845679012345684
1615,9.553833203102329,104.72791363816395,47.666315087290634,178.57882325293096,-606.7569170639551,0.4880029496136432,0.9873971193415643
1616,17.8665813913218,93.06833678512504,58.63441511018081,183.91938455817507,-609.0027532303095,0.531199992811652,0.9657064471879291
1617,7.235470888139858,104.75646045625709,45.802618783835065,178.21986817476534,-608.0880808036939,0.4879344094331854,0.9940843621399181
1618,9.73214536072922,101.31836815188393,49.8079148765883,177.41055804455763,-609.0608852591564,0.5004751007268065,0.986368312757202
1619,16.582464962563023,93.26256357050362,57.63061143392039,183.51719578911766,-609.72183556073,0.530416868431234,0.9693072702331966
1620,16.301255522948026,94.48081605424821,57.48721016330151,182.27670195206318,-609.6595731652202,0.5258475190295882,0.9695073159579336
1621,8.219920460027211,101.99826889276031,48.194245121761654,177.23277375807865,-609.3994859594987,0.4979905247085489,0.9907407407407411
1622,15.483211194271604,93.80424232466461,56.80654182329882,182.803187471444,-610.2812240206335,0.5283472105845095,0.9722007887517151
1623,14.928707718120151,94.9332979991874,56.382464769674684,181.61942523277554,-610.3199264363295,0.5241061988969382,0.9732367398262465
1624,6.191161507983949,104.10617286522027,45.32716425499711,177.6642339727801,-609.0771714951592,0.4903229282504384,0.9969135802469141
1625,14.521945928476185,93.9389074669936,56.05268868671319,182.51247290512936,-610.8190514436338,0.5278048882322592,0.9749014060356658
1626,13.82370411445315,94.60394743614253,55.51509104621734,181.7517564075076,-611.0681803800416,0.5252994939317355,0.9765803612254236
1627,6.696660970909534,101.32668677603887,47.383267898876795,176.91848532854354,-610.8187212194917,0.5004449610570021,0.9951131687242802
1628,6.428798835068321,101.6005659892418,47.00663150855464,176.8913985393698,-610.7549366117167,0.499447668626752,0.9958847736625519
1629,13.828155983518798,93.3061927353106,55.44393960940107,183.0224039129807,-611.3206226500157,0.5301371531367054,0.9772162208504807
1630,9.7599676562362,97.34029985498933,51.78604213851392,178.77764606113277,-612.1074395957143,0.5150453411994473,0.9870756172839511
1631,12.359105174112713,93.15460665395366,54.26059933052953,182.93127613374213,-612.1996739584943,0.5306405622225945,0.9815243484224971
1632,11.276644058663322,93.7485261783746,53.45733513242887,182.1664169407791,-612.7426481246704,0.528383238293423,0.9843392775491546
1633,9.319434050321206,95.74227405168268,51.83080263991638,179.96318654509787,-613.2576949909158,0.5209275073565358,0.9890046296296301
1634,6.262433943987446,96.02614161825345,49.346135638897486,179.2192884776967,-614.9012371848372,0.5198037405335862,0.9976851851851856
1635,5.4184716488979205,96.29266175343635,48.6189100007032,178.8594102041182,-615.2546880632269,0.5188044563913671,1.0000000000000004
1636,5.463165264557844,95.99829970919046,48.71468952678876,179.11214881270507,-615.3801922783515,0.5198849587848802,1.0000000000000004
1637,5.509052404987457,95.7040097718402,48.80160577818764,179.37375163329193,-615.4936701267103,0.5209654611783933,1.0000000000000004
1638,74.9856189298962,107.39234429263928,98.72745897739824,191.435123302675,-567.8514963230363,0.47610047725234506,0.8000000000000006
1639,69.9214864405079,106.5763481868666,94.95265249172925,189.85150544644293,-570.9398177176935,0.4795801688088125,0.8142098833116732
1640,70.84597564448713,103.78248808953396,97.05593626656388,187.99931917937715,-571.7157260971476,0.4907475731309331,0.8105887548732943
1641,71.69420697010833,99.04299371608633,100.44660062557274,187.90940229284976,-574.8824790867761,0.5095272176776294,0.8081597222222221
1642,75.04250705475735,95.15141015429772,104.2207015130976,191.25076520523294,-575.2372526517186,0.5253241822477149,0.8000000000000006
1643,74.98961246205191,95.46852502930695,104.15327517408895,190.948582199052,-575.1504898642748,0.5240255992208145,0.8000000000000006
1644,74.88086765915511,96.14480070068153,103.97471001957247,190.32941023741188,-574.9184002227365,0.5212638240509279,0.8000000000000006
1645,70.87929800494092,98.1130504849066,100.20804986308212,188.23863833917974,-576.0497278343403,0.5132191745677146,0.8107638888888888
1646,71.18744819866176,97.22950885120581,100.76773017105252,188.86473783473053,-576.462405043048,0.5167699111844413,0.8101851851851851
1647,73.2457435205565,95.0216980971283,102.79818983629207,191.0768982454174,-576.3273857640655,0.5257806424731477,0.8052357456140349
1648,71.51371637985453,96.3506985660803,101.2540242859877,189.6026360623843,-576.7750151758859,0.5203206478011679,0.8096064814814814
1649,62.35070576584718,105.66399169132599,89.2949628294248,187.8482608082688,-575.6409491492057,0.4834200463102407,0.8356422257418237
1650,70.74493237693905,95.49615668567783,100.77359861141447,190.22528728710552,-577.6134108684458,0.5237558178974446,0.812210648148148
1651,62.03093441054315,105.25990094805331,89.23222286638625,187.4873379296632,-576.0033376937685,0.48502896362376513,0.8364138306800952
1652,55.48543778317168,106.35606116044215,83.52381000050171,187.3033632380668,-579.3793143670089,0.48085559893415125,0.8556929553822821
1653,60.615490735895335,96.6783284802266,92.49777554885675,187.55834558771784,-582.9370942180351,0.5187119941316627,0.8408564814814816
1654,50.2459588291442,106.36410950478357,79.34140897850884,186.45645897248434,-582.4172376879136,0.48095817814072067,0.8707874769872213
1655,55.213793182549125,98.07764126108486,87.73577695898003,185.7106246342706,-585.1811541120449,0.5130785956225528,0.8559027777777781
1656,54.22002356481022,99.02677481653845,86.52354027988238,185.07762801487692,-585.0519881359639,0.5093704180849488,0.8585069444444449
1657,56.09128976687964,95.40545621318498,89.11523025331691,187.9124595351388,-586.1781645577883,0.5236242504231265,0.8544560185185186
1658,54.788390005267686,96.23394489226199,87.95458026096365,186.9698820908525,-586.564395624433,0.520311303921063,0.8578317901234571
1659,52.440279173052396,96.79459503575578,85.95443868138398,186.13449196400373,-587.6264760367213,0.5180512568298191,0.864358845931702
1660,53.67488563349928,94.89977021016936,87.22448236469344,187.99103689466955,-587.7630774497228,0.5255494130728815,0.8616593567251464
1661,44.562784881370845,103.8996611738376,76.03321261009913,183.790553519203,-586.9118059613452,0.4906132527269008,0.8863329475308644
1662,47.8293516898031,95.41781862463178,82.53581238567934,186.5538223651494,-590.9846507456169,0.5233204830216099,0.878248862897986
1663,46.89965255912684,95.37115842520296,81.80008346205699,186.44505568562852,-591.5445120691037,0.523475153286801,0.8809494801819366
1664,46.43482973982919,95.34768104117026,81.43214502836207,186.39076539050163,-591.8243421163666,0.5235524884193966,0.8822997888239119
1665,41.26774965247784,98.07798313385457,76.62162691159588,183.44290165933342,-593.2886608253277,0.5128448457164196,0.8960744598765439
1666,41.777348866661384,95.15980636114547,77.73973964829214,185.80233517121798,-594.6057233394915,0.5241280808187728,0.895802875243665
1667,41.15542154012912,95.27562186637765,77.23532813505827,185.59298103337898,-594.9251551263724,0.5236576387157211,0.897538986354776
1668,40.82177205554586,94.86597856720914,76.99503535277714,185.92266703071428,-595.2611167443176,0.5252364439574495,0.8986963937621835
1669,40.203848776134016,94.95512554770617,76.49952214741346,185.7366252209306,-595.5922105334578,0.5248672989537897,0.9004325048732946
1670,26.98607711621017,104.96492793958336,61.43875084240677,181.57375479284977,-596.5026048023842,0.48682825703637744,0.9372588734567906
1671,30.895908089121356,98.82351242239848,68.02964701720533,181.37647305476094,-598.764505145734,0.5098603776893557,0.9257409212331243
1672,30.34850573131166,98.46268782667615,67.75731192440254,181.45937866306653,-599.3552889605055,0.5112138839538959,0.9274127319327128
1673,26.45169874938253,102.04846628052148,62.69785990754622,180.19853520593128,-598.7651696411062,0.49775500505677384,0.93822337962963
1674,25.70896061063557,101.60006732948615,62.37628063102969,180.01809559104203,-599.5510248737435,0.4994340710803956,0.9403452932098768
1675,30.031773147419777,94.9238354384491,68.40405267847692,184.10356892665158,-601.5280448250616,0.5246507131912164,0.9297467240632447
1676,26.65361491177812,97.42633863193971,65.21994502435506,181.47487712512074,-602.2323105455345,0.5150697563146079,0.9383866688325757
1677,26.16756706120495,97.38734861115262,64.84548512095054,181.42187006176658,-602.5402005329686,0.515205542785543,0.9398012778860736
1678,28.215315654938884,94.82710993575947,66.96230998772164,183.8971682922124,-602.6171130696187,0.5249552594997254,0.9350249981950763
1679,26.146148954903246,95.63579491039161,65.24515084925216,182.81242576823195,-603.5152793521679,0.5218183610427609,0.9405965724496429
1680,22.18031015497526,99.75664080830639,60.61695355332213,179.62561719462425,-603.095248535982,0.5062881188139173,0.9506494341563789
1681,23.184246134217744,97.83189511629435,62.30845748123526,180.64769696618688,-603.9741416426634,0.5134754248577004,0.9482381687242802
1682,13.707019097163695,104.63794664614154,51.026428884767796,179.19730828387407,-604.3943042664067,0.4882718838618393,0.9754050925925931
1683,13.698954248893344,104.55652349057397,51.0638640172499,179.14542617530333,-604.4452837956263,0.48857202341559297,0.9754050925925931
1684,13.691762569159508,104.48321928740485,51.098000822079264,179.09961819223622,-604.4917524118517,0.48884214901397127,0.9754050925925931
1685,12.103731134042405,104.67074785572277,49.73018529367796,178.95695316134297,-605.3077207364512,0.4881759999806873,0.9800347222222227
1686,12.092942065514393,104.5650444458483,49.77867020009489,178.88926449772248,-605.3737542529065,0.4885650972201945,0.9800347222222227
1687,12.0819091364026,104.45331089303448,49.83084458628877,178.8196535727178,-605.4447713337803,0.4889761525431954,0.9800347222222227
1688,12.357599613108064,102.64386145128066,51.10284791846565,178.05242964423545,-606.5011139609184,0.49561040006458995,0.9788773148148153
1689,18.625676589365767,94.32969621105488,59.33501358967649,182.80431096914785,-608.3437799138491,0.5264983375294809,0.9628879458161869
1690,17.901640528576053,94.44944998962251,58.76071299571299,182.569941186847,-608.7353825308857,0.5260240643656987,0.9649134087791499
1691,16.028228846997266,95.70102184266727,57.1786268326794,181.09893042395993,-609.3744895688886,0.5212781696279422,0.9697073616826706
1692,15.344510327671486,95.92916366793715,56.597169301348835,180.78798533672918,-609.6653473907999,0.5204075095616172,0.971572073616827
1693,14.38553649228679,96.06788886139852,55.807657444901906,180.5126724052118,-610.1550494266719,0.5198651872093669,0.9742726909007777
1694,13.830503970977176,95.90363329091313,55.39578759082418,180.56248335214298,-610.5587094990586,0.5204618347267655,0.9759445016003663
1695,12.392604849934955,94.54645170948416,54.37673373704779,181.57242146363964,-611.9187629989254,0.5254646337766413,0.9807313100137179
1696,11.85187850212499,94.84351262667401,53.9387641302674,181.19914327834513,-612.1412922682628,0.5243359718120555,0.9821387745770468
1697,10.39512897810448,95.14197804995582,52.75970753305498,180.68192210246679,-612.8841827165709,0.5231848312857073,0.9861897005029726
1698,10.659733689520124,95.7735022574449,52.89243707767397,180.15639407606224,-612.4648249267105,0.5208553814324034,0.9851346974546569
1699,11.225199213184538,95.38995467339197,53.39562597722928,180.59019072117627,-612.3032565329132,0.5222898600096093,0.9836819844535899
1700,10.294803784522472,94.74326669695905,52.70365212765214,181.03872194621056,-613.0805901417008,0.5246553728249794,0.9866719535893924
1701,74.9638531069495,107.26328044761794,98.74263203217586,191.3068800368783,-567.8735301265019,0.47663164950085174,0.8000000000000006
1702,62.378094517147346,106.50380618309923,88.96329687017335,188.5576935846497,-575.3361225930155,0.48008004494530826,0.8359040807071688
1703,44.780807628439206,104.66634974151397,75.78319610527126,184.27084892547106,-586.3265129506859,0.4876661651694276,0.8859086494206196
1704,44.36550220368655,103.11037025339145,76.33712058004335,183.40371911309376,-587.5600977785951,0.49363426357545104,0.8867428626543211
1705,47.45724686165336,96.25461832759268,82.11193727402679,185.75889250887045,-590.8206548471576,0.5200427430242395,0.8789392462638079
1706,46.99215853856794,96.2318664774709,81.74596471355096,185.70228514685937,-591.1031568292401,0.520120078156835,0.8802895549057832
1707,14.371225724181485,105.60745037287484,51.06401497497445,179.98432204539938,-603.522925510426,0.48467197767179154,0.9738136574074079
1708,14.362252679625044,105.53639645778166,51.090557832472825,179.92860362735811,-603.5593139246623,0.48493547467371517,0.9738136574074079
1709,14.351419167440497,105.45005986477716,51.123477081974,179.8618235236068,-603.6044142174511,0.48525562353105234,0.9738136574074079
1710,14.34154768711393,105.37009730855792,51.15460846755212,179.800908808255,-603.6470364619249,0.4855520576582165,0.9738136574074079
1711,12.760111930466834,105.57521397947654,49.79460658027148,179.69643957841248,-604.4730185817702,0.48482603695864807,0.9784432870370374
1712,12.746428294204463,105.4653432192773,49.836203900882595,179.61123076924594,-604.5300186158779,0.4852320557108053,0.9784432870370374
1713,13.564823677598582,103.57460897000938,51.511940398960775,178.5968118289108,-605.1374469898905,0.49218669455067765,0.975549768518519
1714,18.284405944009137,95.07979651339096,59.04371453643886,182.03341115345413,-608.3151732530416,0.5236732367246132,0.9635041580932787
1715,11.210590295908162,96.21302592645895,53.24945493267467,179.87171443033358,-611.9276748406587,0.5192431708677024,0.9833533379058075
1716,10.203759987825165,96.55565000267877,52.369089202615584,179.42944431568552,-612.3267332231773,0.5179503613159253,0.9861051573693039
1717,11.24858541992225,94.56849379415789,53.46710208680369,181.36217178539036,-612.5777575098821,0.5253365491515162,0.9840106310013723
1718,13.977883465698866,106.56661298459699,50.3349079401596,180.71100469475664,-603.4040364375052,0.4811230160161775,0.97533275462963
1719,13.965706046064753,106.48668581355774,50.356951001353586,180.63946508733423,-603.4345790424052,0.48141975140139276,0.97533275462963
1720,13.95395496054958,106.40670691018126,50.379677874680596,180.5685474808684,-603.466032796943,0.48171648678660806,0.97533275462963
1721,13.942230285854066,106.32673141215932,50.40308420391177,180.49827233662714,-603.4983915843205,0.4820132221718233,0.97533275462963
1722,12.62227164135112,104.58606747557745,50.18949817038262,178.98823230831016,-605.0542905306163,0.48848066848577204,0.9785156250000006
1723,14.657453336192049,107.45935679440208,50.56714367680432,181.63577210163075,-602.8132458439759,0.4777878286188659,0.9737774884259262
1724,14.644562070177173,107.37958594378483,50.58121112458863,181.55872085289352,-602.833139005419,0.47808456400408117,0.9737774884259262
1725,13.815730225477267,105.4834841880455,50.68014294020838,179.79948768707922,-603.9004418729107,0.4851425530168313,0.9753689236111115
