vertex,flat_x_mm,flat_y_mm,source_x_mm,source_y_mm,source_z_mm,u,v
0,88.01839735661308,182.53740477311862,-80.30050389126815,274.6182796099087,-575.9459672008894,0.17367427505708788,0.8000000000000008
1,72.4934437487042,188.98399145045988,-66.4742003841471,277.38884920399096,-585.0971700775,0.15517920079347727,0.84795321637423
2,88.64914057385276,186.1786392406578,-80.15324535852227,278.3037650542854,-576.0968002197932,0.1588630638750276,0.8000000000000008
3,39.67410251768786,151.93664414147054,-46.46817096008162,233.88619305136953,-597.6450270977966,0.3078718758284821,0.9239766081871152
4,21.26648758731283,197.89367979002665,-23.1016320821393,274.487896212695,-613.634948383305,0.14508100752293718,1.0000000000000002
5,6.376453870477107,112.20728743088108,-26.57152143761776,187.64845764001944,-610.0810937372955,0.4605645508634869,1.0000000000000004
6,43.13620412872781,31.01487138022378,-51.162956063242085,253.9698064295907,-606.8218629064432,0.7680022606414508,0.9239766081871316
7,21.26653368713351,5.0,-28.6036341081235,274.366068928587,-621.984671367769,0.8549189800391741,1.0000000000000009
8,13.539076211459104,49.474082899163136,-30.404675343199166,229.29660128569753,-620.140497570226,0.6911837277893238,1.0000000000000007
9,72.49417068520773,13.907562819341791,-71.9762024101224,277.267021919882,-593.44689306197,0.8448207934935779,0.8479532163742625
10,39.400541728541526,52.531010627186106,-52.03416640790586,232.16829089590195,-605.9297632745073,0.6861346345165257,0.9239766081871315
11,85.9336987086948,175.80211813660407,-79.82879559071793,267.58616653877766,-576.154146338128,0.2007967519066382,0.8026315789473394
12,86.85725513060213,175.85996503595265,-80.57088859857721,267.851267657829,-575.6690183685644,0.2001779380495436,0.8000000000000008
13,85.32788670974698,172.30301721968155,-79.97045749891005,264.0407534915618,-576.0090461922277,0.21486547712522647,0.8026315789473394
14,86.28661931223799,172.56403772065565,-80.70432497661633,264.511717303675,-575.5323433924259,0.2134297695457713,0.8000000000000008
15,86.14852198617561,171.7685960116,-80.73653012579572,263.70571287127075,-575.4993569095037,0.21669734443521352,0.8000000000000008
16,84.72383559277284,168.80344890425536,-80.11211946349866,260.4953404044785,-575.8639461279879,0.22893420234381476,0.8026315789473394
17,85.57954480502539,168.47222843706726,-80.8699665569567,260.36616247956414,-575.3626820102842,0.22994917593144126,0.8000000000000008
18,85.51056757824868,168.07451554395564,-80.88606921323077,259.963160258708,-575.3461888924963,0.23158296337616235,0.8000000000000008
19,85.44186495238706,167.67681196502696,-80.90217202795803,259.5601580699877,-575.3296960187972,0.23321675082088344,0.8000000000000008
20,66.6378882632733,135.7246654443812,-71.38759709871633,224.18966008136036,-581.0830157755206,0.36424949451769073,0.8382066276802993
21,81.02004168617471,142.18349912820122,-81.93427831960034,233.72978880099063,-574.2725854741466,0.3351752367774298,0.8000000000000008
22,78.71259699319361,128.87970501369722,-82.4728499591015,220.2509306236338,-573.7209553311004,0.3893631610246947,0.8000000000000008
23,36.38383875259382,123.2410018658177,-49.00858016730115,205.19084941629933,-595.5521368550578,0.41687461017413563,0.9191033138401496
24,51.332116550867,128.455990393587,-60.23966813559929,213.64976268165614,-588.2750008651054,0.39502963982945993,0.8786549707602244
25,84.72036765288807,34.088831367804374,-85.61421390557018,260.3735104853068,-584.2138093013363,0.7710657933714764,0.8026315789473635
26,85.43853458668053,35.21539107489605,-86.40426996797697,259.4383280485336,-583.6795644980182,0.7667832449772991,0.8000000000000008
27,85.57627830559927,34.41995434650164,-86.37206132843893,260.2443324371214,-583.7125456717349,0.7700508198667706,0.8000000000000008
28,85.61070595892105,34.2210845763191,-86.3640090472796,260.4458335646707,-583.7207907839374,0.7708677135891385,0.8000000000000008
29,85.93191330270881,27.091151991901086,-85.33085198327554,267.464337214149,-584.5039517431251,0.7992032438086532,0.8026315789473635
30,86.75190379681683,27.629722067402838,-86.09710039789235,267.12493487054877,-583.9940862452354,0.7973713765815795,0.8000000000000008
31,86.85889859311294,27.01250101868871,-86.07211596202927,267.75014485739126,-584.0196686722462,0.7999316889589547,0.8000000000000008
32,88.64914057385279,16.713040958383914,-85.65524131781314,278.18193790452665,-584.446513997572,0.8411369388881116,0.8000000000000008
33,62.24766969858338,160.6450337197708,-63.2788693872118,247.47287653720173,-586.7660266080485,0.26840303908614843,0.8633040935672273
34,69.99581830074276,123.24119321960764,-76.39639189538191,212.7887520504381,-577.6160214679218,0.41295840073680784,0.8222871994801746
35,78.4223071156031,127.2087142010113,-82.54050210259167,218.55766919111304,-573.6516498448002,0.39599841705498917,0.8000000000000008
36,71.68765883840284,117.06676018767524,-78.89808328508248,207.15681840203874,-575.8853769475226,0.43731285384636637,0.8143274853801125
37,78.09796994554422,125.34006070906793,-82.61616150337879,216.664189511444,-573.5741612264268,0.40348434693531876,0.8000000000000008
38,76.36580246040263,115.36316577843559,-83.02012600805169,206.55468173486105,-573.1604559748138,0.443745318058851,0.8000000000000008
39,64.88851272658563,120.79429349217254,-72.68143474532448,209.24992107091416,-580.0123034068808,0.42321844917406426,0.8357699805068164
40,60.364073683259235,123.31658112683034,-68.5354385459452,210.68488634853247,-582.7652326944193,0.41382217939252947,0.8500649772579525
41,57.218431548219826,117.06119809686996,-67.11146905031399,203.88056614006464,-583.6042684776614,0.43860852182994886,0.8559941520467791
42,49.73503196402352,114.4049805627721,-61.49792543655425,199.60246878938085,-587.2409322166557,0.44953100700228665,0.8762183235867416
43,74.42590846579309,62.70976624255695,-82.43059402113765,230.16806820707995,-585.8710392537778,0.6548452138218995,0.8179824561403485
44,81.14286132065047,59.97736621830006,-87.40694905243116,234.3469628375687,-582.652851641293,0.6674313976040164,0.8000000000000008
45,29.802361499675463,108.27510107885452,-46.455021783320504,189.1246437651841,-597.174721956319,0.4742015095750833,0.9305555555555558
46,25.110762206827033,109.03535881996497,-42.44771467819975,188.80418095817723,-599.7069145665195,0.471474117832764,0.9444444444444448
47,34.74314803838003,108.96131310089578,-50.3247618336947,190.909264420147,-594.5822869764804,0.47137597734696235,0.916666666666667
48,15.347505656031672,108.34780093279943,-34.64173536507159,185.92087263876186,-604.8604442354167,0.47445264122155567,0.9722222222222227
49,36.92835883433316,74.07536894985876,-53.94059780384095,210.6237819392286,-604.3594664808911,0.6043305311017224,0.9203216374268991
50,43.0801153454911,83.93910372748027,-60.750470040744304,202.40618766156427,-599.7523381834742,0.5674530310406716,0.8976608187134497
51,51.66115214060635,72.52693842312863,-65.66477878276383,215.46147414093213,-596.7044121980279,0.6123796343944242,0.8786549707602325
52,62.11311235757116,43.010937403105714,-68.81206705236474,246.57442967244796,-595.084215886735,0.7286002139440011,0.8633040935672475
53,70.29361390419984,109.53626035024284,-79.20821782210648,199.50682455956246,-575.7309287718366,0.46752422949992056,0.8145711500974638
54,72.84484086411074,108.96294385247741,-81.41448539457866,199.52350387865346,-574.3279498696742,0.4697462712071254,0.8069363222871982
55,66.5747993108025,114.59133103577857,-75.1843314616619,203.58893278738532,-578.2805372848469,0.4475729022836229,0.827810266406754
56,67.42149294919683,111.5105947449351,-76.45676636345667,200.7790624555057,-577.448646673747,0.45975012883840205,0.823830409356723
57,74.45521788692052,100.16261232041289,-86.91490932605308,195.33441315136594,-577.9392892220866,0.5051010239092315,0.8000000000000008
58,72.53216857347559,100.05727029486376,-85.39847047189988,194.9290527082344,-579.055431491154,0.5055097058149932,0.8055555555555557
59,72.5286172771335,100.1321512254013,-85.35967749219807,194.90901833865752,-578.994436205976,0.5052129704297779,0.8055555555555557
60,74.45486275728628,100.17010041346666,-86.91103002808289,195.33240971440824,-577.9331896935688,0.5050713503707099,0.8000000000000008
61,74.46282366288428,100.00580675652279,-86.996076262291,195.37658389284616,-578.066935943056,0.5057240778407682,0.8000000000000008
62,74.46319743976034,99.998319481515,-86.99993334146345,195.37869658085435,-578.0730128084865,0.5057537513792897,0.8000000000000008
63,72.53590634223627,99.98239754478605,-85.43704126362438,194.95017958831633,-579.1162001454592,0.5058064412002085,0.8055555555555557
64,67.91704423408532,108.36083879038155,-77.53058520016722,197.82517794611653,-576.9076359635495,0.4724119542767596,0.8208252111760871
65,64.01648885583103,113.34148701889964,-73.32932544213678,201.7927893625951,-579.4797191412194,0.452702926502251,0.834551656920075
66,61.74921246615569,114.5737415478964,-71.25610238731574,202.4807876111819,-580.8528447124514,0.4480047916114837,0.8416991552956432
67,70.89309278567966,101.07389504458658,-83.54646324632077,194.39211659597387,-579.0711789337298,0.5014742877916263,0.8101851851851853
68,69.28584875511395,101.10774440005706,-82.21751337289815,194.02880337379798,-579.8995338724509,0.501332230757615,0.814814814814815
69,69.2838375641768,101.61449509776637,-81.93886646176375,194.02580235476654,-579.4757329069078,0.4993301275351419,0.8148148148148152
70,69.28733050929881,101.9180648901436,-81.77123828318601,194.05049069679387,-579.2234762375933,0.49813125233376176,0.814814814814815
71,70.89371483213527,101.02383984983514,-83.5737277679154,194.39577839547258,-579.1129886016201,0.5016721113817698,0.8101851851851853
72,60.17788383866153,111.45470587035945,-70.56572328645335,199.0870246933511,-581.3060531118227,0.4603979628301933,0.8446637426900563
73,65.12974567882813,104.1997095870593,-77.0688783901309,193.8590606081458,-579.7507352296542,0.4891624835765941,0.8271604938271607
74,66.1763804099773,103.91879673398715,-78.08142409520228,193.95252879112837,-579.3757573944105,0.49025823987717154,0.8240740740740743
75,66.17025858360964,103.84350771226916,-78.11930946765693,193.91546583514648,-579.4295691521079,0.4905549752623868,0.8240740740740743
76,66.18285660430722,103.9940353789661,-78.0438203585457,193.9905833017818,-579.3224744697994,0.48996150449195625,0.8240740740740743
77,65.1589643079682,104.50317621184334,-76.92339904503189,194.03357133167114,-579.5473709255299,0.48796360837521396,0.8271604938271607
78,66.14160230010611,103.46214919373453,-78.31497616335628,193.7433930602798,-579.7094575164748,0.4920565526792417,0.8240740740740743
79,56.63245367794997,109.55299099004068,-68.06372015343392,196.43334675679083,-583.0038086070404,0.4681143900783122,0.8539230019493156
80,58.80726099944461,108.35395044874801,-70.09911759862656,195.7587768107308,-581.7517126603208,0.47280539466235405,0.8470597790773216
81,59.75779138690919,104.03133833979585,-72.78623314758221,192.5635514938033,-582.7270324451601,0.4899038310785566,0.8425925925925928
82,60.87612851355945,104.53120517632007,-73.41746837224004,193.085604195494,-581.8160944818877,0.48792515943294756,0.8395061728395063
83,60.846569466666665,104.22600747731191,-73.56344594232631,192.90901193136332,-582.0200044082281,0.48912403463432774,0.8395061728395063
84,59.75132766089047,103.95543929923682,-72.82406134370129,192.52478130216622,-582.7805837587956,0.4902005664637719,0.8425925925925928
85,59.744982831882,103.87950839976254,-72.8621782323045,192.4870141693626,-582.8346757999133,0.4904973018489872,0.8425925925925928
86,59.715749648969215,103.49485201824244,-73.05911833065616,192.31155978558112,-583.1161557687327,0.491998879265842,0.8425925925925928
87,53.08206393903906,112.24925961255717,-64.62838210861693,198.2581575960836,-585.1808382672026,0.4576951062093245,0.8654970760233897
88,66.85208475623077,94.16375436156521,-81.88129417655341,197.8229082303752,-585.5443494819762,0.5290314688576047,0.8240740740740743
89,68.53049469253112,93.75143599865238,-83.18744794407347,198.60178128805524,-584.7235912764438,0.5307730463520319,0.8194444444444448
90,64.05821236305475,91.73821092965824,-79.23544310492991,199.5489006166876,-587.468687548287,0.5386246342723228,0.8333333333333336
91,63.60396334599005,94.35549550265787,-79.26651244213517,196.90127471773926,-587.2467683346229,0.5281145070533436,0.8333333333333336
92,54.07186910980522,108.85359969298561,-66.12109220781673,195.17396874325138,-584.3015369857325,0.47100349024844146,0.8609486679662105
93,76.74980025331061,84.44346022740373,-88.27367195902107,209.5212726261543,-581.7198371112379,0.5686684030942529,0.8004385964912274
94,76.89785058862947,84.4676564376279,-88.39872412484516,209.53116352769757,-581.6375786631246,0.5685837911737496,0.8000000000000008
95,76.95663752035429,84.12868632329547,-88.38499802364471,209.87462501376012,-581.6516312414036,0.5699766307907411,0.8000000000000008
96,76.86816211088511,84.63855995392959,-88.40301390735257,209.35817843710234,-581.626513935947,0.5678858895575111,0.8000000000000008
97,49.338151035171684,110.9029247183838,-61.8402686288343,196.1019262687613,-587.0257809503594,0.4631563487954934,0.8756091617933709
98,54.82363205338836,101.10341790548837,-70.43310946287524,190.7796751972537,-587.6245419669518,0.5013301042581273,0.8564814814814818
99,56.43317202967238,101.95645323712031,-71.27241598608799,191.16641382054584,-586.0543936960269,0.49801590550696245,0.8518518518518521
100,56.42948063985257,101.64754515615782,-71.44293267274146,191.13912008503942,-586.3107755599704,0.4992147807083425,0.8518518518518521
101,56.43017069832215,101.13202256900432,-71.72651334554858,191.1389919968334,-586.7417569205653,0.5012168839308159,0.8518518518518521
102,54.82446081580473,101.05229433939468,-70.46098848346347,190.78307867452935,-587.6672593095276,0.5015279278482707,0.8564814814814818
103,60.43158085050019,94.10981227650036,-76.65063473131475,196.42314315115448,-588.9926048272973,0.5289737954442051,0.8425925925925928
104,58.9016273846581,93.66440144852751,-75.33877120634767,196.50920842986474,-589.8926088166163,0.5306865362319326,0.8472222222222225
105,73.7054715538934,79.30014408728303,-84.86013675798041,213.84541111569726,-584.0322222282738,0.5888833361268204,0.8117690058479521
106,78.75878106623733,73.72253116558534,-87.96356805168026,220.41986872596286,-582.0830858527391,0.6123153100821597,0.8000000000000008
107,45.23736598747661,108.49136970128166,-58.99287409945435,192.82357458730868,-588.9702505436228,0.4727928297762274,0.8862085769980498
108,50.00027607681286,101.55624222208898,-66.25502955114663,189.6906914478952,-589.8190664432827,0.4995776557417505,0.8703703703703707
109,50.00028924437525,101.59479492170959,-66.2337722513251,189.69223101165616,-589.7869154651479,0.4994292880491429,0.8703703703703707
110,51.07498879898477,101.03399562161565,-67.41564925471089,189.94206424722503,-589.6851873862546,0.5015962441478369,0.8672839506172844
111,50.00019068438376,101.5176890998939,-66.27627775381544,189.6894703673803,-589.8512359700951,0.4997260234343581,0.8703703703703707
112,50.00063490118175,101.32260844903611,-66.38361400166878,189.6881999969265,-590.0142396701899,0.5004768121427856,0.8703703703703707
113,51.108070222954645,100.0258769492768,-67.95195844000884,190.12206515686174,-590.5185837597467,0.5054776714766734,0.8672839506172844
114,53.244731648426146,100.14320660592317,-69.6374562181955,190.57227972255725,-589.2792665781337,0.505039950189579,0.8611111111111114
115,53.248370858794495,100.06636828668458,-69.67732746212616,190.5925234087557,-589.3419219191886,0.5053366855747943,0.8611111111111114
116,53.252246925620156,99.98953702051799,-69.71697094810092,190.61390973080918,-589.4043472593471,0.5056334209600095,0.8611111111111114
117,51.09426507526998,100.33420396786723,-67.7911769207376,190.04546779362815,-590.2664368442025,0.5042907299358124,0.8672839506172844
118,51.11751640268451,99.84606817720157,-68.04404835486463,190.17522384546334,-590.6639485086864,0.5061699536228254,0.8672839506172844
119,53.27434752101855,99.60097747550839,-69.91373287597601,190.73938395702777,-589.7161467586818,0.5071349983768645,0.8611111111111114
120,50.002443548788065,101.1275115370592,-66.49051951015474,189.6950782658411,-590.1774170539915,0.5012276008512131,0.8703703703703707
121,51.126694241569666,99.69441008353101,-68.12067196840404,190.22485368123566,-590.7854483919349,0.5067541017732461,0.8672839506172844
122,50.00624177306639,100.89614547058547,-66.61649769261503,189.71362805727216,-590.3707681038572,0.5021178070068589,0.8703703703703707
123,51.07776732534681,100.87836477133338,-67.5001976192705,189.95640826559247,-589.8151446309964,0.5021956817485269,0.8672839506172844
124,50.011759749443016,100.66470846835576,-66.74137698740407,189.7432631833313,-590.5635758897812,0.5030080131625048,0.8703703703703707
125,51.08422397090055,100.61837997871301,-67.64021995939714,189.99149431370944,-590.0315213727672,0.5031967333597636,0.8672839506172844
126,50.01271516449783,100.62615934467412,-66.76204359695205,189.7492596393674,-590.5955951787909,0.5031562302260867,0.8703703703703707
127,50.01905320201986,100.43683231123195,-66.86296155151798,189.78306147171392,-590.7524093622922,0.5038842353881358,0.8703703703703707
128,50.026813434472025,100.24747828724027,-66.96278951965095,189.82400817449164,-590.9082932499073,0.5046122405501849,0.8703703703703707
129,50.028192217076715,100.21233481452943,-66.98117846273763,189.83238164935983,-590.9370925046421,0.504747303349374,0.8703703703703707
130,43.38319073421291,109.01914042746787,-57.36464598802885,192.91895607283496,-589.9977632176706,0.4707983993699909,0.8918128654970748
131,50.038966713719546,99.98071324187634,-67.1012494940126,189.8935776804398,-591.1258008111114,0.5056375095050198,0.8703703703703707
132,51.142821564369555,99.44260909017986,-68.24559301228629,190.31682540144237,-590.9846563360177,0.5077247753226448,0.8672839506172844
133,51.15296139377169,99.29341030855477,-68.3181052537855,190.37685317643292,-591.1009646156955,0.5083001539634704,0.8672839506172844
134,40.5027522034515,108.99995834410566,-55.01816272139788,192.24952453704674,-591.5262051902129,0.47099092536231474,0.9000974658869388
135,35.473316967713544,106.92204302079679,-51.545397501179025,189.15020551403626,-594.3352554048887,0.47919806947227994,0.9135802469135805
136,34.42654757439849,107.0784230921352,-50.628882733711585,189.05437056620448,-594.8559433399938,0.47862234267953147,0.916666666666667
137,34.45451547787384,107.25442495429756,-50.58429068787641,189.21920835462765,-594.8049272846196,0.4779485511665571,0.916666666666667
138,34.37823771165342,106.76809528823172,-50.714941319944856,188.77006318796964,-594.9578370311872,0.4798092842203926,0.916666666666667
139,34.40248205986779,106.92326298564987,-50.67073023296865,188.9111949545433,-594.904990178394,0.47921581344996206,0.916666666666667
140,35.400232655483705,106.43875197180878,-51.69066106797513,188.7181336211136,-594.5121098771726,0.48104904412909333,0.9135802469135805
141,35.90989905856642,106.26020232939847,-52.18676030076389,188.68507435541275,-594.3010475479006,0.48172088454232875,0.9120370370370374
142,35.35915351285866,106.15231116402818,-51.78691140492322,188.47363519043216,-594.6335399977091,0.4821444730990258,0.9135802469135805
143,37.96774928843238,102.54152897820674,-55.88931333278338,187.11877516286796,-595.4414822936054,0.4958500143427682,0.905092592592593
144,37.166478081750675,102.59747274624598,-55.20342107696511,186.95201056396354,-595.824622900214,0.49563919807302503,0.9074074074074078
145,37.17074345418601,102.70210159272197,-55.14651381957181,186.97904416220769,-595.7408815982502,0.49524355089273797,0.9074074074074078
146,37.18080001496387,102.91814189665806,-55.02972084123587,187.04153010195728,-595.5697280275728,0.49442659131908573,0.9074074074074078
147,37.185511302089154,103.00800090150885,-54.981456323341156,187.0701396642664,-595.499282420979,0.4940867080360342,0.9074074074074078
148,37.17575088728239,102.8138113034727,-55.08599489899644,187.01023929923684,-595.6520742158751,0.49482113013160295,0.9074074074074078
149,35.34634298922395,106.06345715744348,-51.81827501115487,188.39966150923337,-594.6736876913891,0.4824843563820774,0.9135802469135805
150,35.858904444231776,105.89742474058158,-52.31564940912656,188.38444829078364,-594.4663775018948,0.4831091155349387,0.9120370370370374
151,35.33181564619103,105.96028988984979,-51.855554814738625,188.31497782976098,-594.7217382943214,0.4828788951945945,0.9135802469135805
152,35.31680897206712,105.84976725646581,-51.89649502280937,188.2257697710521,-594.7748921723085,0.48330131595572956,0.9135802469135805
153,35.302763024853824,105.74625620355019,-51.93578919877366,188.14363282208706,-594.8262631615767,0.48369696313601657,0.9135802469135805
154,35.802513933035314,105.46763569232098,-52.48283736360524,188.050230114244,-594.686500445195,0.4847522589898375,0.9120370370370374
155,35.79417886652227,105.40087191032079,-52.51014178075134,188.00067171994806,-594.7229607510495,0.48500717145212613,0.9120370370370374
156,35.811045676495404,105.53435853676478,-52.45589410900914,188.10042573957406,-594.6506538214727,0.48449734652754883,0.9120370370370374
157,35.78344098413503,105.31259628788814,-52.54677601651511,187.93617267192312,-594.7720820306225,0.4853440672086133,0.9120370370370374
158,37.947171309173505,101.70366552946987,-56.35055099641754,186.99041536514173,-596.1294369101097,0.49902494850304324,0.905092592592593
159,38.74914011407947,101.54277816307862,-57.09417741562485,187.16290416317008,-595.834624292825,0.4996342369478413,0.9027777777777781
160,38.75706382132938,100.81144952982582,-57.49451412172424,187.19573850430857,-596.4464056943817,0.5024106989330615,0.9027777777777781
161,37.68620931036077,100.79534798968905,-56.630082564364294,186.9570038582594,-597.0317250545758,0.5024685438541406,0.9058641975308644
162,38.75871227417396,100.74418836702053,-57.53080216580825,187.20434961000004,-596.5024326936198,0.50266561139535,0.9027777777777781
163,38.76049029173649,100.67691911071975,-57.56698377435664,187.21388091815243,-596.5583914703622,0.5029205238576386,0.9027777777777781
164,38.76293783721142,100.58800746433735,-57.6146276098221,187.22788099604222,-596.6322251463108,0.5032574196141258,0.9027777777777781
165,38.765497138346646,100.50969365881888,-57.656416753357846,187.24152734004073,-596.6971247283625,0.5035541549993412,0.9027777777777781
166,37.98829002970799,99.89436014406486,-57.32350586533121,187.2103926865025,-597.6305241677129,0.5058832167446983,0.905092592592593
167,38.768146780895584,100.43135383077009,-57.69803113695537,187.25639740222115,-596.7618830997567,0.5038508903845564,0.9027777777777781
168,52.68896229063072,84.14069531362273,-68.61658415557956,204.38050323914308,-594.5978012736201,0.5675640362929832,0.8698830409356718
169,48.39695932449355,89.8481503251946,-66.15581522778035,197.8514573921818,-596.1161281755693,0.545100734616107,0.8793859649122807
170,38.262526880217614,97.04750125673904,-58.53561216855913,188.79186250473694,-599.6334808244433,0.516742347140321,0.905092592592593
171,38.394496795268104,98.1687460071468,-58.34624823887827,188.06413841727456,-598.7908603756144,0.5124451948883995,0.9043209876543213
172,38.97568019207546,97.76837576815942,-58.94107052886779,188.44359791320238,-598.771774100618,0.5139899250544315,0.9027777777777781
173,32.34908180482988,102.69078520036656,-51.22386736904472,185.89231101507164,-598.3238502630193,0.49531848093891295,0.9212962962962965
174,30.82325179764156,103.96250216085305,-49.24529728602733,186.01996014481864,-598.2148008277582,0.4905496083176832,0.9259259259259262
175,32.974206281611714,104.06040347610784,-50.942096942963964,186.55240963581758,-597.0010200124583,0.4901487486994061,0.9197530864197533
176,29.3440632034321,105.23217802151036,-47.341592196814794,186.42830130978552,-598.2480666565978,0.48578073569645336,0.9305555555555558
177,30.238974188284004,105.93505898270145,-47.71625645426961,187.14538132708697,-597.4478536931359,0.4830956546721308,0.9282407407407409
178,29.83258726504574,104.80997494779157,-47.964943333082026,186.26300101626458,-598.2169628656156,0.48737035990352995,0.9290123456790125
179,29.959758686377256,103.1061530386348,-49.03528019491746,185.47736234168926,-599.2829861290529,0.49377494053876236,0.9282407407407409
180,29.126106703082932,102.46335332935361,-48.728536311260235,185.1146077817276,-600.2224447795621,0.4961898959647066,0.9305555555555558
181,29.128970182554916,102.53555179108035,-48.68909144344496,185.13106601797224,-600.1641683210378,0.4959197703663284,0.9305555555555558
182,30.188396461142197,102.1750885803858,-49.76004330181327,185.29982350065148,-599.8856112920253,0.497266095340209,0.9274691358024693
183,29.118951681278247,102.24680813143003,-48.84727911984839,185.07139921579977,-600.3985213649024,0.4970002727598415,0.9305555555555558
184,29.121255217373616,102.31898067915937,-48.80763852341381,185.08476801559678,-600.3396333814504,0.4967301471614632,0.9305555555555558
185,29.12357065347036,102.39116524404115,-48.768054795900476,185.0991729925876,-600.280937159685,0.49646002156308494,0.9305555555555558
186,29.911199095314423,101.28099117476134,-50.03522297987722,185.17590265341346,-600.7720847511998,0.5006243388514717,0.9282407407407409
187,32.54727944584899,97.75552402029321,-53.70901260580546,187.0053140575607,-602.2139884453833,0.513927667511767,0.9212962962962965
188,33.13521425557328,97.33700068487985,-54.296015440435426,187.42437166777265,-602.1870431986342,0.5155333347777191,0.9197530864197533
189,33.14740828714247,97.24237504048456,-54.32774444788512,187.49530530871877,-602.242476515261,0.5158935022422234,0.9197530864197533
190,20.161016081263398,108.30122027250134,-38.58237626263042,186.96839541860277,-602.3008382144913,0.4744470564532362,0.9583333333333336
191,18.326191182303972,106.91657160119237,-37.56741143075399,185.27074663220395,-603.4707576860008,0.4797007201334296,0.9629629629629634
192,20.1082051761838,107.98124982385552,-38.632540580793936,186.6509817270894,-602.3448133657644,0.4756495553519027,0.9583333333333336
193,20.094627158262497,107.89951745376695,-38.64716258682864,186.570543177537,-602.3588595013891,0.4759568982549463,0.9583333333333336
194,20.06822069226301,107.74551969453265,-38.676699510553675,186.4197225085775,-602.3884192155998,0.47653659165917833,0.9583333333333336
195,20.053807340664875,107.66041966042785,-38.69409655100101,186.33697540121776,-602.4064482594491,0.4768567405165155,0.9583333333333336
196,20.040563798181452,107.58157526167184,-38.71088539232868,186.26073235464716,-602.4242141018966,0.47715317464367957,0.9583333333333336
197,20.026194012373338,107.49529913071589,-38.729986282761914,186.1777967837825,-602.4448135499777,0.4774773253617335,0.9583333333333336
198,20.01163058113734,107.40645365790799,-38.7504393454835,186.0929740730415,-602.4672762363352,0.47781081375479306,0.9583333333333336
199,20.080169144793217,107.81553042534757,-38.662958253351086,186.48812528266313,-602.3744881947538,0.47627309465725465,0.9583333333333336
200,20.12167630971929,108.06439530004546,-38.618427937756074,186.73302447734557,-602.3317044471827,0.475337262608882,0.9583333333333336
201,20.134723451708226,108.14334973308098,-38.605719774058926,186.81124756732137,-602.3203418180524,0.47504052722366674,0.9583333333333336
202,20.147499864119766,108.2223531068979,-38.59370071780484,186.88971113823513,-602.310050960635,0.4747437918384515,0.9583333333333336
203,35.69378761433134,84.82065578905893,-54.89274051960569,199.87794401175748,-603.5753726573595,0.5634284793943207,0.9184941520467831
204,38.775515750117364,89.71858152077242,-58.29335397431521,195.80343498735706,-601.2687242874708,0.5449897293637953,0.9071637426900583
205,16.831022085774038,103.0966821487885,-38.345123162102105,182.52316131066902,-606.296823098469,0.4939203210681928,0.9660493827160498
206,16.83706182031547,103.19438549265827,-38.29305867232458,182.5572689373088,-606.2211610762079,0.49356015360368843,0.9660493827160498
207,17.879720760049437,102.62617299180172,-39.47229624316817,182.62471405073427,-606.0968811949343,0.4956485916816038,0.9629629629629634
208,16.825922200205966,102.99892495925373,-38.39745175903281,182.49081997357004,-606.3730660674419,0.49428048853269707,0.9660493827160498
209,14.679503448941006,102.91562694238979,-36.695479373354324,181.9832897263762,-607.5815183328396,0.4945990359153098,0.9722222222222227
210,14.687764595541239,103.06265276516865,-36.61654826525621,182.03030313504152,-607.4663355336245,0.4940587847185532,0.9722222222222227
211,16.820969369283773,102.90112149514763,-38.45002401125489,182.4602605212759,-606.4498604850824,0.4946406559972015,0.9660493827160498
212,16.81632490866167,102.80331526038083,-38.5028194669065,182.43149854905081,-606.5271768533462,0.4950008234617059,0.9660493827160498
213,14.672519348617172,102.768548846849,-36.77492075220373,181.94033336362213,-607.6978890679941,0.49513928711206634,0.9722222222222227
214,16.811942223611325,102.70551201933601,-38.55581767412582,182.40454965215892,-606.6049856741893,0.4953609909262102,0.9660493827160498
215,14.666170411743238,102.62147706959085,-36.85480302319042,181.90148697872945,-607.815347676093,0.4956795383088228,0.9722222222222227
216,16.80780666189635,102.60771610346247,-38.608998181051014,182.37942942586432,-606.6832574495671,0.49572115839071457,0.9660493827160498
217,17.876098761870765,102.5357852037982,-39.52158825030376,182.60279946278203,-606.1695689751298,0.4959820800746634,0.9629629629629634
218,16.804054742339503,102.50992451859132,-38.66234053582028,182.3561534654312,-606.7619626814359,0.49608132585521897,0.9660493827160498
219,14.660551975891408,102.47442172530603,-36.935056807700455,181.86680350364824,-607.933794094141,0.49621978950557943,0.9722222222222227
220,17.87318595436311,102.45444679179943,-39.56605899623996,182.58443329977737,-606.2352899667906,0.496282219628417,0.9629629629629634
221,16.800665837760974,102.41214166768391,-38.71582428657177,182.33473736612368,-606.8410718717512,0.49644149331972337,0.9660493827160498
222,14.655730124302579,102.32739072757803,-37.01561272711983,181.83633587032864,-608.0531282591429,0.4967600407023359,0.9722222222222227
223,17.87080805498367,102.3812526995773,-39.60615996771419,182.56901061872085,-606.2946688586349,0.49655234522679526,0.9629629629629634
224,16.797661765806055,102.31436928240954,-38.769428981443646,182.3151967232059,-606.9205555224687,0.49680166078422766,0.9660493827160498
225,17.868676681802057,102.30806743754141,-39.64632524612065,182.55464335084145,-606.3542527720741,0.49682247082517356,0.9629629629629634
226,17.86656658172106,102.2348968236739,-39.68654622542969,182.541338056769,-606.4140292943155,0.4970925964235518,0.9629629629629634
227,16.794890233153907,102.21661411169475,-38.82313416857411,182.29754713194203,-607.0003841355446,0.497161828248732,0.9660493827160498
228,14.651608304821721,102.18039208788421,-37.096401402834616,181.81013701072072,-608.1732501081035,0.49730029189909253,0.9722222222222227
229,17.86462216259241,102.16173503152598,-39.72681429961172,182.52910129713345,-606.4739860125662,0.4973627220219301,0.9629629629629634
230,16.792380521058632,102.1188752247341,-38.87691939610134,182.28180418759615,-607.0805282129343,0.49752199571323646,0.9660493827160498
231,14.648056799263927,102.03343021956148,-37.177353456230804,181.78825985677463,-608.2940595780275,0.497840543095849,0.9722222222222227
232,17.862826394457585,102.08858282602516,-39.76712086263709,182.51793963256463,-606.5341105140334,0.49763284762030835,0.9629629629629634
233,16.790180410322108,102.0211518559453,-38.93076421216348,182.2679834854325,-607.1609582565937,0.4978821631777408,0.9660493827160498
234,17.861273904658432,102.01543808897735,-39.80745730847622,182.50785962369238,-606.5943903859244,0.49790297321868665,0.9629629629629634
235,17.859755769757825,101.9423045217616,-39.847815031099465,182.49886783114664,-606.6548132154464,0.4981730988170649,0.9629629629629634
236,16.788054085058036,101.92344733563925,-38.98464816489873,182.25610062071513,-607.2416447684789,0.4982423306422451,0.9660493827160498
237,17.85852467083423,101.86917705797477,-39.88818542447723,182.4909708155572,-606.7153665898065,0.4984432244154432,0.9629629629629634
238,14.645446729751768,101.88650085847875,-37.25839950869445,181.77075734044044,-608.4154566059198,0.4983807942926056,0.9722222222222227
239,16.786824831819118,101.82583496891282,-39.038550802445236,182.24617118870825,-607.3225582505453,0.49860249810674945,0.9660493827160498
240,17.857654042034525,101.79605302469636,-39.92855988257987,182.484175137554,-606.7760380962122,0.49871335001382144,0.9629629629629634
241,16.785810686228004,101.72824239704846,-39.09245167294122,182.23821078467597,-607.4036692047489,0.498962665571254,0.9660493827160498
242,17.856887476519688,101.72293650152268,-39.96892979937779,182.47848735776685,-606.8368153218704,0.49898347561219974,0.9629629629629634
243,17.856278862912404,101.64982654405689,-40.009286568841354,182.47391403682565,-606.8976858539885,0.499253601210578,0.9629629629629634
244,16.785003851668307,101.63064237670633,-39.146330324524804,182.23223500388244,-607.4849481330455,0.49932283303575825,0.9660493827160498
245,17.85582122516128,101.57672258664171,-40.04962158494096,182.4704617353603,-606.9586372797737,0.4995237268089563,0.9629629629629634
246,17.85563717562873,101.50362193019157,-40.08992624164698,182.4681370140006,-607.0196571864332,0.49979385240733454,0.9629629629629634
247,17.855679873500847,101.43052170493803,-40.13019193406094,182.46694640514033,-607.0807331600229,0.5000639780057129,0.9629629629629634
248,11.200304310576783,109.15172482257869,-31.069206880708656,185.76504334462908,-607.1084736970065,0.4716049311397843,0.9845679012345683
249,9.127687888486804,109.55641050263385,-29.302400837522715,185.6927919945928,-608.2626372717021,0.4701810760988986,0.9907407407407411
250,5.849415658491935,109.19249476971785,-26.692944186457044,184.5915512235282,-609.9548917145943,0.47167039880436723,1.0000000000000004
251,13.05131292712123,100.47062818216396,-36.72173784763945,181.47097170251547,-610.4544126212609,0.5035855752982545,0.9768518518518523
252,11.449895273137116,100.32631021308966,-35.488663158892244,181.13903506691454,-611.4316710574071,0.5041081792653469,0.9814814814814818
253,11.44311564957043,100.52306611674366,-35.38427873749302,181.1003556356711,-611.2690926110805,0.5033878443363381,0.9814814814814818
254,13.054791033311076,100.37233085601162,-36.77381749424595,181.49034317277028,-610.5355339941077,0.5039457427627589,0.9768518518518523
255,7.46714398700999,96.95408388672357,-33.47306105649145,181.9177562997651,-616.1409636992261,0.516426869600892,0.9938271604938276
256,8.441546103228816,97.72307793886584,-34.08013312951892,181.59546644284922,-615.1074718364148,0.513617322615384,0.9907407407407411
257,8.458859068376952,97.57606505365081,-34.13494859013997,181.696290887429,-615.2010311266749,0.5141575738121404,0.9907407407407411
258,8.476814758616825,97.42913350464238,-34.187846476918416,181.80042255472864,-615.2920122202713,0.5146978250088972,0.9907407407407411
259,8.495275083860875,97.28225166870641,-34.238791788920736,181.9077580957493,-615.3803514159954,0.5152380762056537,0.9907407407407411
260,8.514238228373813,97.13541191547533,-34.28776032022677,182.01817600688722,-615.4659995737509,0.5157783274024101,0.9907407407407411
261,8.53370556598577,96.98860888368259,-34.3347278929289,182.13155473742825,-615.5489075912272,0.5163185785991666,0.9907407407407411
262,8.553773990657305,96.84184822664774,-34.37967032911956,182.2477727366583,-615.6290263661139,0.5168588297959233,0.9907407407407411
263,7.494175299509038,96.75809462842219,-33.5320067352694,182.07436958708672,-616.2464713260277,0.5171472045299007,0.9938271604938276
264,8.574311789759932,96.69511229634828,-34.42256345089109,182.36670845386317,-615.7063067961,0.5173990809926798,0.9907407407407411
265,7.5219631667066835,96.56213214312642,-33.587277368505276,182.2357067813165,-616.3468737084635,0.5178675394589094,0.9938271604938276
266,8.595234542422915,96.54838813916322,-34.463383080335916,182.48824033832875,-615.7806997788748,0.5179393321894363,0.9907407407407411
267,7.550439399291619,96.36619597878125,-33.63881553771659,182.4014789733932,-616.4420542117126,0.5185878743879181,0.9938271604938276
268,7.579590619749311,96.1702879066767,-33.68656382442084,182.57139725425563,-616.5318962009541,0.5193082093169269,0.9938271604938276
269,7.609417312458021,95.97442720608052,-33.73046481013553,182.74517271484248,-616.6162830413673,0.5200285442459357,0.9938271604938276
270,72.19397531895495,107.83090845658585,-81.16583205920605,198.28050856002014,-574.6419633501949,0.4744111601981837,0.8082494043751342
271,71.87117908664369,107.2608859342466,-81.09396077805033,197.6743501228746,-574.8802526336403,0.47674360469371274,0.8089059454191022
272,73.15120811231404,106.97723244821417,-82.24455555862096,197.7057902180765,-574.2532440504668,0.47785462554731517,0.8050885315139694
273,73.29628869297274,104.16956259146704,-83.74309188296542,195.67918467124093,-575.4136806234379,0.4891713116445504,0.8036265432098767
274,73.51315475657792,104.96935528180565,-83.47980117913177,196.20098594164708,-574.8261442002973,0.4859629798875049,0.8032407407407409
275,74.57128697020705,104.31131841936539,-84.7053385450902,196.0579923299028,-574.6546715679525,0.4885800577342105,0.8000000000000008
276,74.54611523216346,104.0681438437185,-84.818652147667,195.90877944144702,-574.8117210181296,0.48955479612781166,0.8000000000000008
277,73.8489309886642,102.28093729625286,-85.28216037848996,195.1284228179617,-576.4947060386504,0.4966780036456036,0.8016975308641977
278,74.44586940838447,102.49120273191134,-85.64695882704632,195.30777304783214,-576.009512113314,0.4958363525131658,0.8000000000000008
279,74.42981756706652,101.48911380251947,-86.19947208132426,195.20118914626624,-576.8384036870511,0.4998301344912081,0.8000000000000008
280,74.43028563680019,101.45260657538108,-86.21944034643289,195.2028775886626,-576.8689236884677,0.4999752051239799,0.8000000000000008
281,66.1663274477234,108.61504941095092,-76.04220839724913,197.67664954500734,-577.8529570821287,0.4714498289818665,0.8259963179553812
282,64.86346093877417,110.26220346407182,-74.62754101870681,198.9849043407135,-578.6872125829527,0.46488015305703023,0.8305717998700439
283,73.6942323658122,98.75261008328724,-86.90553466862094,195.6905801010387,-579.4999479125471,0.5107127918811633,0.8024691358024693
284,74.48071918919509,99.75059288513401,-87.11997734714741,195.47916368422804,-578.2656720660124,0.5067408759400283,0.8000000000000008
285,72.55737013543494,99.60391151326199,-85.6284782161943,195.07358759487053,-579.4196965506039,0.5073080186170633,0.8055555555555557
286,74.48723003799907,99.63304290533694,-87.18008645191446,195.51446089459716,-578.3606157498217,0.5072081944603647,0.8000000000000008
287,74.49899493204265,99.43777774676867,-87.2782505350801,195.58041634190508,-578.5165130311865,0.5079847332998836,0.8000000000000008
288,72.58349998835455,99.22591594822995,-85.81277710575803,195.22388343215337,-579.715077545018,0.5088095960339183,0.8055555555555557
289,72.62068268119401,98.77881939064744,-86.02038566617462,195.43567919846078,-580.0521369308428,0.51059000834521,0.8055555555555557
290,73.71137781533227,98.57040545189405,-86.98608955621417,195.7881005203112,-579.6322908887847,0.5114407970432124,0.8024691358024693
291,72.66367895578897,98.33322694291572,-86.21424245440423,195.68248434786477,-580.3718547738704,0.5123704206565015,0.8055555555555557
292,73.71461536000884,98.53662480565437,-87.00076877564283,195.80682506565293,-579.656504212811,0.5115758598424014,0.8024691358024693
293,73.73678139519359,98.31423010552854,-87.09534504341096,195.9351175465388,-579.8132853764239,0.5124660659980473,0.8024691358024693
294,72.67127356373418,98.25916561915385,-86.24504229865484,195.72687032238704,-580.423177268506,0.5126668547836656,0.8055555555555557
295,65.29097074943196,108.74346965624204,-75.29977535440018,197.60316566163218,-578.3283648095345,0.4709687663344199,0.8285818713450284
296,73.76044121690053,98.09226003949259,-87.18596368279202,196.0717455159001,-579.9648989461992,0.5133562721536933,0.8024691358024693
297,72.7112984666008,97.89618216451193,-86.38966598338,195.95813022944583,-580.6664889478027,0.5141228651077637,0.8055555555555557
298,71.72926550069582,100.04809818359159,-84.74841395967314,194.7510286145102,-579.4918917695006,0.5055405725081891,0.8078703703703706
299,71.74085610248589,99.82312420569211,-84.86346384717659,194.8181178046895,-579.6735678493712,0.5064307786638349,0.8078703703703706
300,70.89646666571291,100.8721717017126,-83.65605572846205,194.4100881013751,-579.2395677220202,0.5022715489824598,0.8101851851851855
301,66.38519576111494,105.66654076059324,-77.31162471086142,195.09010909556872,-578.2876883786871,0.48331380665454754,0.8240199263591074
302,66.51269912749953,106.4964399103505,-77.03034754350034,195.7877754677946,-577.914243145109,0.47998995773584324,0.8239928525016239
303,67.00436929779386,106.19437105326712,-77.56503254390314,195.6461045326121,-577.7507839081062,0.4811867293843579,0.8224496426250807
304,67.70944663663681,104.81155543120413,-78.83497337387607,194.7930652091824,-578.0082219284213,0.48670302130739684,0.8199047000216587
305,63.58442256956002,109.63760295928385,-73.71597774293818,198.08780960441,-579.3111285078377,0.4674451651663444,0.8339424951267043
306,65.40554922339753,106.32084740849302,-76.20492559211006,195.39027927651878,-578.5595835932434,0.4807224397673748,0.8271063461121938
307,65.54642238237918,107.17359878291117,-75.96904883537192,196.16759801874235,-578.2632361690362,0.4772996790535987,0.8270792722547103
308,67.72027476445452,103.00581754754377,-79.86732249163126,193.9329945065733,-579.2029688492697,0.4938485548227155,0.8194444444444448
309,66.11728109673265,103.08009787532905,-78.5162889785904,193.59788796792054,-580.0006277087316,0.4935581300960966,0.8240740740740743
310,67.71796391964686,102.96812822600299,-79.88750827566615,193.9206691390712,-579.2323948955463,0.4939969225153231,0.8194444444444448
311,62.448217189633894,110.23957799255928,-72.66333627077672,198.41681464661175,-579.9718043097872,0.4650960977209608,0.8375162443144882
312,67.71602742768249,102.93041778425547,-79.90773251153651,193.9086146213909,-579.2619069147895,0.49414529020793074,0.8194444444444448
313,70.12059123843909,100.09003227202169,-83.41651961065928,194.3781772949699,-580.3148020292733,0.50535925828352,0.8125000000000003
314,69.29840818763704,100.5537869339278,-82.51716690534624,194.0944382688291,-580.3616282550902,0.5035202239097127,0.8148148148148152
315,69.3241110881897,99.95265039677103,-82.83226098312771,194.2361303739453,-580.8549210894329,0.505894106991435,0.814814814814815
316,70.13325231264335,99.84424470698912,-83.54258599396401,194.4499011586486,-580.513692437508,0.5063299318329189,0.8125000000000001
317,69.34412547092123,99.60223703240277,-83.00936673420077,194.35124245687007,-581.1357932000961,0.5072786712837387,0.814814814814815
318,67.68432777623448,102.09251625914878,-80.36486162533278,193.71248026321604,-579.9367277418195,0.4974451804268558,0.8194444444444448
319,69.289620611704,102.01830504647025,-81.71593535515889,194.0629051845778,-579.1406871657754,0.4977356051534747,0.814814814814815
320,67.67910209505759,101.8146102532566,-80.5181028720266,193.67891264743378,-580.1662161166091,0.4985391770029047,0.8194444444444448
321,68.21866131768445,100.8752305063786,-81.47043634064761,193.8077554488507,-580.6650100566013,0.5022436361237568,0.8179012345679014
322,67.6765976371424,101.51332210257598,-80.68434787337756,193.66093716078566,-580.417052974247,0.4997261185437658,0.8194444444444448
323,67.67689396843414,101.33759613176099,-80.78105504468884,193.65949521905523,-580.563884845422,0.5004184006899177,0.8194444444444448
324,68.22387488717229,100.65899896727807,-81.58688761893659,193.83613982980273,-580.8448815490934,0.5030945896548052,0.8179012345679016
325,67.67798427931277,101.18928257466654,-80.86239588587662,193.6634716833917,-580.6879133065146,0.5010025488403385,0.8194444444444448
326,61.66584634300756,108.701962892689,-72.35155175882765,196.74286580614674,-580.2515096564877,0.4712926833303156,0.8389985380116949
327,76.44063681645524,87.09968358120565,-88.4938079658144,206.86423974038996,-581.5109889155702,0.5579757460193183,0.8000000000000008
328,60.712814504034114,108.58615486637403,-71.59902886917644,196.41505934659858,-580.7489988206862,0.471796920440995,0.8416856183669037
329,63.986273777010474,103.27145886874507,-76.6692547681848,193.1851244801496,-580.9982440105761,0.4928323939302396,0.8302469135802472
330,62.87027941135274,102.33724157665213,-76.30080834678336,192.67202890289724,-582.3094867695744,0.49650230428388503,0.8333333333333336
331,62.913269785439184,103.24669711706552,-75.80940477658018,192.93472830300044,-581.5893411407969,0.49294147966130175,0.8333333333333336
332,66.08097648518101,100.67818600760728,-79.83001020501486,193.35170677541765,-581.9722354124979,0.5030084624448742,0.8240740740740744
333,64.47478216945879,102.26353295098505,-77.65086139112124,193.01903179738517,-581.5115470656596,0.496782661641253,0.8287037037037039
334,62.865874789712535,102.1856023470695,-76.38407933223783,192.6441433320108,-582.4332098476672,0.4970951725382131,0.8333333333333336
335,68.430999292875,97.85523755681461,-82.91352198271095,195.0205346746524,-582.9815374817748,0.514203895838691,0.8179012345679016
336,69.46566031241036,98.18422392083902,-83.65635397612704,195.04859136181872,-582.1899914074825,0.5129060972381421,0.8148148148148152
337,69.53394037236355,97.59065264933693,-83.88355040262,195.4451048198291,-582.5755981393808,0.5152799803198643,0.814814814814815
338,68.46215997954918,97.59697528722995,-83.00861229910521,195.19963288939846,-583.1442644710559,0.5152345972988405,0.8179012345679014
339,69.60480350693413,97.04794182619881,-84.06315859326675,195.85570994277262,-582.8903113094053,0.5174573823881126,0.8148148148148152
340,69.67461820475421,96.55536648017679,-84.20133607663628,196.2625351197895,-583.1416726092435,0.5194383034428866,0.814814814814815
341,64.46632451413448,101.89223873637842,-77.85544817536129,192.96461179731577,-581.8169522138023,0.4982386719653512,0.8287037037037039
342,64.4654219566369,101.82335347905381,-77.89346726090653,192.95766537894474,-581.8740286313841,0.49850879756372946,0.8287037037037039
343,62.85621360726396,101.44190981057103,-76.79442828473225,192.57640381343117,-583.0499845181428,0.5000071931864094,0.8333333333333336
344,64.4626950989744,101.36958002791671,-78.14372073475491,192.9371636122525,-582.2522872719209,0.5002892098750211,0.8287037037037039
345,70.77218587168021,94.73611850754712,-85.14027563171469,198.1517789262875,-583.3182161626756,0.5268472523918866,0.8125000000000001
346,68.90736276940808,94.68209886184773,-83.61700619945441,197.78210188926425,-584.3314356237807,0.5269947987156501,0.8179012345679014
347,67.95422893359446,97.37517345860938,-82.64922086707098,195.24151409681713,-583.5639961788636,0.5161116864163476,0.8194444444444448
348,67.98620366376022,97.13253903245845,-82.72803116645943,195.4272073773418,-583.7026507205144,0.5170823599657464,0.8194444444444448
349,68.00589344974392,96.98884524390046,-82.77203855002422,195.54101039647838,-583.7811028843181,0.5176577386065719,0.8194444444444448
350,69.2850667511157,95.61620800311152,-83.95881255670331,196.99078964227434,-583.8087956222103,0.5232165510792683,0.8163580246913581
351,68.02982175505119,96.81827753601242,-82.82165268201173,195.67960094541735,-583.8705960806182,0.5183412512431286,0.8194444444444448
352,59.816155333287995,106.49920193379174,-71.56949874965167,194.27858482469466,-581.4823704904059,0.48016745345750733,0.843282975958414
353,60.99072138239411,107.16142577792311,-72.25835266219228,195.12717703969227,-580.6921968773446,0.4774963992463959,0.8401965562053275
354,60.94131122029511,106.32158393545338,-72.56491944477305,194.38331685560095,-580.9391009152963,0.4808407702484841,0.8399664284167204
355,74.87611114284374,90.11037625646176,-87.77507248109691,203.57762480369934,-581.9522384245979,0.545794930762997,0.8029970760233914
356,75.68148481807921,91.46852017674614,-88.65598132909197,202.43729649954818,-581.3074524349427,0.5403763023509421,0.8000000000000008
357,68.0724093609202,96.52233709705581,-82.90081173585823,195.92844827698033,-584.0162004733645,0.5195281927839897,0.8194444444444448
358,61.844143771771,103.28193142048366,-74.91754808875189,192.707292325728,-582.1341275125766,0.49281316945910636,0.83641975308642
359,68.1131364806958,96.25135432308406,-82.9654421573444,196.165028791133,-584.1384768567298,0.5206168938181138,0.8194444444444448
360,59.78009452189176,105.68027384154477,-71.92039559026658,193.61106459942013,-581.8044088670866,0.48341291266452374,0.8430528481698069
361,66.29142955527517,97.8289922578587,-81.177712184082,194.5558918249013,-584.1429222716996,0.5142681623697415,0.8240740740740744
362,59.23645590505736,106.20398647563613,-71.22889570660783,193.90115830601522,-581.8880334324804,0.48135461287045533,0.844826185834957
363,61.26162990587448,102.27484003291723,-75.02539207366519,192.2988646353111,-583.2182022847717,0.4967538249345532,0.8379629629629632
364,61.252868399832586,101.90194756904008,-75.23083238978515,192.24350355365888,-583.5248089923338,0.49820983525865137,0.8379629629629632
365,61.78719653818669,101.10504076638266,-76.10646951948479,192.34400246442058,-583.9041563006984,0.5013267371226683,0.83641975308642
366,62.86626043207562,100.69832677746713,-77.20003803915336,192.62665436412394,-583.671550467421,0.5029192138346058,0.8333333333333336
367,61.251704817967195,101.83276340992795,-75.26901320365899,192.23640280195852,-583.5821155210045,0.4984799608570296,0.8379629629629632
368,61.24914701455795,101.37696735956459,-75.52035187332001,192.21504910885233,-583.9619368736259,0.5002603731683214,0.8379629629629632
369,58.249000739720884,104.83642715570825,-71.10985093214641,192.67829160222445,-583.0422014746301,0.4867764946891954,0.8471680745072554
370,57.50078354336512,105.2366594001269,-70.28748530179055,192.77562055169025,-583.2278999674724,0.4852128264945148,0.8494558154645868
371,64.829481065695,96.71703785354013,-80.23170270051884,195.0387340288711,-585.6392957620076,0.5186644505534027,0.8287037037037039
372,63.186089929975964,96.97084844649709,-78.84941659196603,194.46674302520455,-586.365375957954,0.5176043798343645,0.8333333333333336
373,64.77738533280555,97.08927373072959,-80.12310104635648,194.7364535158579,-585.4435119780902,0.5171787597623222,0.8287037037037039
374,64.88408477704967,96.34537462116509,-80.32622713321501,195.35713422235918,-585.8153231791815,0.5201501413444832,0.8287037037037039
375,63.384362912192174,95.6571834812246,-79.15443232750154,195.62135403819318,-586.9463177508629,0.522859443443854,0.8333333333333336
376,58.08054338075186,103.04855938313466,-71.98609169447212,191.77985804510865,-584.3163532803982,0.4937620447026161,0.8472222222222223
377,59.691320123754586,103.1094596751747,-73.26185794664747,192.16299069510583,-583.4091829905811,0.493500456682697,0.8425925925925928
378,58.07861043888293,103.01035574808827,-72.00650360895412,191.7671147656344,-584.346080524448,0.4939104123952237,0.8472222222222223
379,58.076525263317265,102.97216013685411,-72.02695579351222,191.75464734835575,-584.375897014404,0.49405878008783133,0.8472222222222223
380,58.04343463955616,102.12343196836233,-72.48955583066711,191.5506831562367,-585.0582367875322,0.4973586703067564,0.8472222222222223
381,56.43494125021219,102.05843389590314,-71.21617590736751,191.1797996127448,-585.970279050662,0.4976202583266755,0.8518518518518521
382,58.03818040173354,101.84191454318432,-72.64474349113776,191.51512256142288,-585.2904807876948,0.4984526668828052,0.8472222222222223
383,62.059813380742455,97.38117220623165,-77.84588848952318,193.9076362873853,-586.7067254230312,0.5159507806566451,0.83641975308642
384,63.167339950088746,97.10671748464652,-78.80792288652734,194.35897114757944,-586.2913572413818,0.5170641286376079,0.8333333333333336
385,61.99330952963517,97.93105963892401,-77.64602191763933,193.5212412056607,-586.3636839849919,0.5137733785883968,0.83641975308642
386,63.057663108732044,97.9914520262704,-78.49522590337467,193.7227417027513,-585.7514363405451,0.5135524958586903,0.8333333333333336
387,63.1490465891967,97.24266203123636,-78.76462491855459,194.25364580793982,-586.2148450508067,0.5165238774408514,0.8333333333333336
388,61.50582390349474,97.5257892736252,-77.35983238181403,193.6813084884863,-586.9066841005377,0.5153695107443306,0.8379629629629632
389,58.03657438369402,101.20845895290773,-72.99355916865721,191.49639844382438,-585.8187179143391,0.5009160387202389,0.8472222222222223
390,58.03566601306665,101.35868627039953,-72.91113420627744,191.49303544197312,-585.6931041338102,0.5003318905698182,0.8472222222222223
391,59.65264645969209,100.68658364330504,-74.58662925716067,191.90613244873848,-585.3964995869857,0.5029507890314746,0.8425925925925928
392,61.56406076901054,97.07674552439784,-77.5084098386356,194.02108996494204,-587.1670363923323,0.5171499230556225,0.8379629629629632
393,53.300682674691934,106.81606864315047,-66.1242543436306,193.0814333529743,-584.8655115445466,0.4791022323530646,0.8621872969460684
394,54.40563837691225,107.73509220171277,-66.68769665515404,194.1701968051424,-584.1158263806445,0.47543961826148046,0.8594325319471509
395,54.57655355878752,107.17268040897724,-67.02429152399033,193.68809102856673,-584.105977550282,0.477657682268,0.8586744639376209
396,61.61589670852075,96.70269815474842,-77.6173363908781,194.3250377502952,-587.3634834494258,0.518635613846703,0.8379629629629632
397,57.50509159812974,100.89195035215977,-72.72984434350222,191.39885258761117,-586.3696885984023,0.5021475137680906,0.8487654320987655
398,58.03559588471423,101.536708225734,-72.81314955776467,191.49534573706407,-585.5444189853994,0.4996396084236663,0.8472222222222223
399,56.44211575874833,100.56850236866792,-72.03160198055835,191.20312820880199,-587.2119593887568,0.5034048770829135,0.8518518518518521
400,61.671372687281874,96.32950853862981,-77.71207854431654,194.64522542818847,-587.540023468381,0.5201213046377835,0.8379629629629632
401,57.51048554444385,100.6726660718595,-72.84805769977683,191.4268261480989,-586.552196388511,0.5029984672991391,0.8487654320987655
402,56.46699887247709,99.95688811178005,-72.35249395023233,191.3453600548034,-587.7141188987861,0.5057787601646356,0.8518518518518521
403,52.6556668872315,103.98845171845296,-67.023742413491,190.94369196738666,-586.5467316673002,0.49017413707966967,0.8630401234567905
404,50.89974572252015,103.8029533625716,-65.69791566416414,190.46120287671346,-587.608140677743,0.4909108203891395,0.8680555555555558
405,52.595184818075666,104.75390388585751,-66.5475338495849,191.3537068122545,-586.1050769797084,0.4872009744576878,0.8634259259259263
406,54.48649324178207,103.40522135066307,-68.85035573005584,191.09928226838448,-585.9727807312146,0.49241061639218164,0.8576388888888893
407,52.73389860063975,103.21985248409628,-67.52947496142477,190.63595963259252,-587.0436551200507,0.49314729970165155,0.8626543209876547
408,55.656812330942,100.09751828546199,-71.62531189911257,191.12570687553674,-588.0291297536157,0.5052294931033708,0.854166666666667
409,54.82711003607653,100.89737682780437,-70.54517974673185,190.7967308570227,-587.7966034938095,0.5021273654489607,0.8564814814814818
410,57.71910444454177,97.82594322121585,-74.19463496063342,192.62624632110237,-588.7206895030064,0.5141077734830249,0.8487654320987655
411,56.680828093908254,97.55179912212145,-73.42245831994944,192.57579613057524,-589.4653603369018,0.5151646334930651,0.8518518518518521
412,56.611061017626895,98.1564748446567,-73.19151369470599,192.1712090385638,-589.0732362707865,0.5127907504113428,0.8518518518518521
413,53.75939409495098,102.15994003501494,-68.97771029160857,190.5933386215804,-587.3170175119614,0.49723870197988934,0.8595679012345683
414,55.66964729058112,99.84687229884345,-71.75399923700877,191.19815249535645,-588.2320769356971,0.5062001666527696,0.854166666666667
415,56.48779132774736,99.60029882143895,-72.53286885397036,191.4617720594974,-588.0000917064144,0.5071633244569395,0.8518518518518521
416,57.75033203649595,97.56377626523086,-74.29099448007125,192.80843014266003,-588.8856591264309,0.5151384749431746,0.8487654320987655
417,56.75273924281007,96.99883778376828,-73.60462746215035,192.99527713843182,-589.7848679786479,0.5173420355613133,0.8518518518518521
418,58.314563766416576,97.34257359021791,-74.8042269043573,193.09200146453267,-588.7328228072848,0.5160251762962482,0.8472222222222223
419,58.34708147946954,97.09648180596247,-74.88386082394327,193.28071367564038,-588.8730359951101,0.5169958498456471,0.8472222222222223
420,58.366985307524075,96.95072706609879,-74.92829357727398,193.39639354912444,-588.9523254366164,0.5175712284864725,0.8472222222222223
421,56.82470248597673,96.49692930926615,-73.74435303614372,193.411211316073,-590.039508070827,0.5193229566160874,0.8518518518518521
422,58.3911001739059,96.77769331797037,-74.97835143101827,193.53729211517165,-589.0427276315446,0.5182547411230292,0.8472222222222223
423,58.43463636257234,96.477566815188,-75.0581198349595,193.79033263136932,-589.1896843828981,0.5194416826638903,0.8472222222222223
424,49.88666811011423,105.62597736336637,-63.88326378869662,191.3404567547879,-587.1033558241013,0.4838462554889198,0.871527777777778
425,50.75442633671027,106.09673557247848,-64.36389419976419,191.90065933735983,-586.4482463135904,0.4819913325231939,0.8692129629629632
426,50.78713711557569,105.33513319297433,-64.76504443868528,191.3317153633427,-586.7596694807102,0.48496449514517576,0.8688271604938275
427,54.0522226319959,100.05624217593392,-70.33749272887734,190.77590442001795,-588.9213697752158,0.50538197062134,0.8587962962962967
428,54.06448368290283,99.8259024705585,-70.45547317144103,190.84386083406855,-589.1075879562202,0.5062721767769859,0.8587962962962967
429,49.758603117578694,104.9382486014382,-64.13456051396204,190.8327462521052,-587.5138144446249,0.48652419995783386,0.8716563786008233
430,51.8839943034051,102.12684419354984,-67.46771411780834,190.166872263628,-588.3446372586922,0.49737177192474424,0.8649691358024695
431,49.20149497072033,105.50531437521906,-63.38517893471616,191.09705926297013,-587.5237197149266,0.484330889742181,0.873456790123457
432,57.5082057845363,95.5453794901413,-74.37396916271793,194.3948636691349,-590.1347205718258,0.5231108164880358,0.850308641975309
433,58.476007401243066,96.20266511687201,-75.12312622521351,194.03094284928974,-589.3129418066218,0.5205303836980144,0.8472222222222223
434,48.74479309651401,105.4249860823895,-63.05386300802264,190.93585990903188,-587.8051962852552,0.48465397924435516,0.8747427983539097
435,47.83185857547408,105.26348936714543,-62.392987573830666,190.61613524813504,-588.3710907093995,0.48530015824870343,0.877314814814815
436,48.38070031030424,106.35464306337823,-62.310561540536455,191.57695847986207,-587.6222216546659,0.4810409244187017,0.8761574074074077
437,50.95485816565443,102.41714064241265,-66.54371788093802,190.0100861881471,-588.6073367151228,0.49625353226848823,0.86766975308642
438,50.4301233756516,102.6996021272144,-65.9531928686056,189.95800324369822,-588.6662329551002,0.49517005421914123,0.8692129629629632
439,49.541874683031786,103.55629440822855,-64.733415960345,190.04798440955975,-588.5044807574616,0.491880088895662,0.8719135802469138
440,48.67582284227655,104.4108381507434,-63.54179519616348,190.2707556407694,-588.3990196278332,0.48859012357218273,0.8746141975308643
441,49.75515000005962,102.57511229443452,-65.47545149445362,189.7753646969255,-589.1236918082732,0.49565468847240246,0.8711419753086422
442,56.32211528985272,94.62907894741267,-73.37475731247461,194.98833772703526,-591.0806374873798,0.5267174872117375,0.854166666666667
443,58.200900112498665,94.60092696789744,-74.90167380916415,195.43957887839542,-590.0812521870247,0.5268986763599841,0.8487654320987659
444,52.31236540072351,98.2934882810857,-69.64403414442519,191.12499400223524,-591.2688254000622,0.512194760895845,0.8641975308641978
445,51.16594010911109,99.11630596360935,-68.40263818885525,190.45340092360283,-591.2372216107055,0.508983666600027,0.8672839506172844
446,53.30167264971978,99.2130395648171,-70.10313757271363,190.89296401634294,-590.0196215626993,0.5086365757937193,0.8611111111111114
447,53.33945357739502,98.75393957571488,-70.31642812898028,191.11015681904897,-590.3658652409795,0.510416988105011,0.8611111111111114
448,53.38307582042322,98.29622671398809,-70.51546241104603,191.36390316923718,-590.6941575882868,0.5121974004163027,0.8611111111111114
449,52.31578789079019,98.25872520384085,-69.65850718040991,191.1457320349944,-591.2929300375214,0.5123298236950342,0.8641975308641978
450,53.390958066296726,98.22014834703982,-70.54706783197102,191.4095883903988,-590.7468364948458,0.5124938345434666,0.8611111111111114
451,47.31391834358074,104.164611330622,-62.56960186446298,189.83158425066867,-589.2810285074897,0.48955939207870514,0.8784722222222224
452,52.34025099212746,98.02995245677958,-69.75146916597211,191.2874092300151,-591.4486183641798,0.5132200298506799,0.8641975308641978
453,53.432044030878004,97.84717566416981,-70.6953859355957,191.64780054969188,-590.9964697802267,0.5139498448675648,0.8611111111111114
454,52.366241039024885,97.801565915061,-69.84001954628148,191.4376102864774,-591.5984682780853,0.5141102360063259,0.8641975308641978
455,48.406342535469854,102.28522162907764,-64.54232720155657,189.41183545634345,-590.072768237947,0.49677232467153243,0.8750000000000002
456,48.40696235528239,102.30456324378244,-64.53171231380749,189.41549741629794,-590.0570076638262,0.4966981408252287,0.8750000000000002
457,48.4035878472967,102.18734762996834,-64.59609936122898,189.39446003215525,-590.1527265078204,0.49714771902574617,0.8750000000000002
458,52.38879086025946,97.61121207229804,-69.9103515413509,191.5693112003125,-591.7187487492254,0.5148530814018661,0.8641975308641978
459,53.476690734340664,97.47507488551425,-70.83141414038754,191.90822438018753,-591.2296823948212,0.515405855191663,0.8611111111111114
460,48.40115613364172,102.08948514994671,-64.6499516640093,189.37902576638885,-590.2330039063119,0.4975231133799599,0.8750000000000002
461,48.3987048687814,101.97346666883892,-64.71387844404302,189.36326302777368,-590.3285594061263,0.4979682164577829,0.8750000000000002
462,48.396210571926225,101.85747261891603,-64.77785211634067,189.35027903533395,-590.4244686423052,0.49841331953560575,0.8750000000000002
463,43.87310639833676,107.68247210757471,-58.11432583824305,191.74076175984268,-589.726695194821,0.4760049901031386,0.8897417153996094
464,44.16470348916066,106.24102807277531,-58.925117984014804,190.5317847553631,-589.9081203473573,0.48159064678370855,0.8882526532380332
465,44.123705600196615,107.01039641877662,-58.563330835569936,191.18194817715553,-589.7069578950072,0.47860828546971246,0.8887061403508768
466,44.73076598174372,106.60222466982057,-59.22611068382141,190.96232926467061,-589.4898353358226,0.48017409959396407,0.8867771280051978
467,43.193028141679555,107.27430896742682,-57.70311871733589,191.2099656937091,-590.1486531750113,0.4776110702665942,0.8915082846003893
468,48.22848057460496,100.58844173421429,-65.3270454086448,189.3542202612633,-591.5801123888984,0.5032941591969328,0.8755144032921813
469,45.54854823289586,103.87764300302844,-61.29391112639654,189.29245934265052,-590.4128785209953,0.49068699766020374,0.8834876543209879
470,46.831547797657926,103.05722336896457,-62.81292289719351,189.25432584265803,-590.3134211353803,0.4938186259087068,0.8796296296296299
471,49.00489018078485,99.3579084658285,-66.5410661686429,189.86892608066344,-592.1952879270492,0.5080319258410457,0.873456790123457
472,47.336589529649906,100.55093073346416,-64.6198915164741,189.1601556839734,-592.0884451638294,0.5034372322141467,0.8780864197530867
473,46.64951071735095,99.90423520828084,-64.37612155789682,189.15385734828726,-592.9995669743593,0.5059100085523357,0.880144032921811
474,45.989578101014615,100.83625315913703,-63.374745213575856,188.81759172052634,-592.5654324030722,0.5023370935687101,0.8819444444444446
475,48.47440088845423,96.819313894165,-66.89526642492717,191.27131549118613,-594.3187015502481,0.5178651416723067,0.8757716049382718
476,48.05178629719989,98.05392358708092,-66.25040838806329,190.30781369165106,-593.7215282078943,0.5130558385195867,0.8765432098765434
477,49.356183979098,97.583156874934,-67.44751758864457,190.90574523884362,-593.3577730112486,0.5149046499815468,0.872942386831276
478,47.097391992436265,97.09489305846289,-65.72177062676403,190.7494775319828,-594.886361614422,0.5167650030268701,0.8796296296296298
479,37.98458147468008,107.96782119325808,-53.21996262789996,190.68050970300575,-592.834810710819,0.47509449741729737,0.9068388564002597
480,42.91847632411519,100.48239195524626,-61.054490483077934,188.17947935775732,-594.5038809472676,0.5036777145469797,0.890817901234568
481,44.00213121242375,100.17813602474598,-62.088182112225766,188.486693344821,-594.1827692381662,0.5048451596876726,0.8877314814814816
482,43.12199797954895,99.21447146346617,-61.808440177173175,188.60393557782297,-595.4524814565119,0.5085206709473278,0.8904320987654323
483,53.20691875751198,89.91216536225906,-70.08708476450805,198.87519201515005,-593.5398611410402,0.5451562372422628,0.8654970760233915
484,51.0634596748351,92.75563003615483,-68.81816039240876,195.6239552889259,-594.2418010706333,0.5339245864038247,0.870248538011696
485,39.87579896623188,103.2079777120671,-57.057146133066276,187.74179428056613,-593.9138126194038,0.493302664151269,0.8996913580246916
486,40.47177018600604,104.03837282504689,-57.06564065076991,188.22815109474368,-593.014474315447,0.49013687775298287,0.8981481481481483
487,40.83506750726473,103.54082899604006,-57.646548570426575,188.08417969664464,-593.1614542515242,0.49202898905551945,0.8969907407407408
488,38.473810447727324,105.0504964120268,-54.87772262600656,188.3632205075772,-593.4737713574114,0.48630224381425946,0.9041991552956467
489,38.79045369914808,106.29262547932295,-54.52093296236648,189.36104351824545,-592.7545601198508,0.4815283585500049,0.9037524366471733
490,39.12419274386111,105.7984133353845,-55.025405295426516,189.04333272198278,-592.7677098226754,0.4834204698525415,0.902595029239766
491,35.10387387663564,107.94316728145853,-50.87758884397059,190.00627997961428,-594.3690106474438,0.47528702340962115,0.9151234567901237
492,34.4760796037849,107.38744824899177,-50.55264952858239,189.34541749204985,-594.7696676523834,0.47743872624197986,0.916666666666667
493,34.618746992236,108.24216390080963,-50.393993313925776,190.18287342325723,-594.613667168733,0.47415243933218243,0.916666666666667
494,34.49770198398369,107.52040385872303,-50.52284693200249,189.47279864469215,-594.7373214616584,0.4769289013174025,0.916666666666667
495,43.6692970117753,96.70033237183488,-63.001444568569845,190.2810736144173,-596.9552873292304,0.5182065837480241,0.8896604938271607
496,44.2077103412574,97.33736234105783,-63.314716270293964,189.9187033336828,-596.272601410954,0.515756242908254,0.887860082304527
497,44.78392716933024,96.40726384795701,-63.95109610168442,190.7724049681904,-596.5251650676512,0.519374028888717,0.8865740740740743
498,36.540033109752365,104.90461018554106,-53.37962037680291,187.83341258149974,-594.5848856098077,0.4868933381400119,0.9097222222222225
499,35.774049311046745,105.23482423755304,-52.579554639914335,187.8803237015406,-594.8162227423148,0.4856408025938286,0.9120370370370374
500,35.76441731053267,105.15706707313127,-52.61280652910113,187.82539452549855,-594.8611762374197,0.4859375379790438,0.9120370370370374
501,36.52014660081272,104.72241418226653,-53.46240567079937,187.71596804601035,-594.6987665751336,0.4875874536363169,0.9097222222222225
502,36.50161271729436,104.53996222389144,-53.54739700214845,187.60387090311633,-594.8165439208683,0.488281569132622,0.9097222222222225
503,36.49829001145281,104.50643802018328,-53.563232140358075,187.58387666174374,-594.8385781609732,0.48840902536376635,0.9097222222222225
504,36.49499426109886,104.4729093460191,-53.57913609200715,187.5640669472262,-594.8607357435225,0.4885364815949106,0.9097222222222225
505,36.4906804687687,104.42859029457941,-53.6002590712549,187.53817036364094,-594.8902066112101,0.48870492947315425,0.9097222222222225
506,36.48692766081025,104.38954681397232,-53.61896076066095,187.51562995307197,-594.9163386955536,0.4888532971657618,0.9097222222222225
507,36.48276304407127,104.35054221432166,-53.637751615118844,187.49334268205334,-594.9426320280218,0.48900166485836954,0.9097222222222225
508,35.105217407745805,103.91877735822905,-52.758997244583135,186.96339570929763,-595.9574246158752,0.4906541431727434,0.9135802469135805
509,35.19226320123339,104.83490773489156,-52.31870838082104,187.48728481198523,-595.3415153825691,0.48717555315438,0.9135802469135805
510,42.87657064406098,95.7466310224973,-62.455900736627434,190.91229927263086,-597.8732738783508,0.5218820950076792,0.8923611111111113
511,42.92710815751862,96.89743678527961,-62.36328328602181,189.9588082299497,-597.2348823965488,0.517428286987562,0.8917181069958849
512,33.17055516392655,107.59464798287665,-49.414548415676286,189.2414176462843,-595.4335961471077,0.4766880876009235,0.920524691358025
513,37.1439101354725,101.69221225278986,-55.701859901246,186.80915334248448,-596.5676432446605,0.4990683321938526,0.9074074074074078
514,37.15063674726478,100.78718498313924,-56.19787320080749,186.8376577104316,-597.3243966370926,0.5024974663146802,0.9074074074074078
515,33.11176136481821,107.23171159492767,-49.497578881819656,188.89500098679088,-595.5245740113106,0.4780763185935336,0.920524691358025
516,31.617498721765777,106.2142125295201,-48.708204919510734,187.6790826807498,-596.6054785175207,0.48200019785488474,0.9243827160493829
517,34.667321245616144,104.92982483410809,-51.839227914510914,187.4290614602094,-595.5685562507829,0.4868226410131421,0.9151234567901237
518,34.04987437934603,104.10865114685163,-51.790804318310705,186.8191840962846,-596.3946529039632,0.48994831889026763,0.916666666666667
519,34.192135054007785,105.44228447497605,-51.18281706585396,187.66958694192712,-595.5570617747969,0.48487880155533014,0.916666666666667
520,32.576259877182814,105.37158331916812,-49.90182304261371,187.25525866172626,-596.4531156101044,0.48517944626903786,0.9212962962962965
521,33.493775940702825,106.22716553895124,-50.23205654066905,188.11417621027687,-595.599793672287,0.48190089447428464,0.9189814814814817
522,33.48285204702522,106.14930865377366,-50.25898430763568,188.04873330348565,-595.6340668243623,0.4821976298595,0.9189814814814817
523,36.60946343599753,101.798097750615,-55.206564788844695,186.696858408815,-596.7651519984267,0.498666646734763,0.908950617283951
524,36.0748030734052,100.99874225732395,-55.20992333024297,186.5748595732378,-597.7195430456829,0.501694095396501,0.9104938271604941
525,35.545242780296476,102.17154530583986,-54.12725140262498,186.50302997531736,-597.0284523882239,0.49725697243961425,0.9120370370370374
526,38.84508567655314,99.09517766716004,-58.37196644558071,187.6918649665721,-597.8304167400122,0.508920407719494,0.9027777777777781
527,40.07050622637633,98.85250068778298,-59.46738613287311,188.07778064750877,-597.370699399581,0.5098612919255974,0.8993055555555559
528,38.562149186572846,99.29844701218173,-58.05687852805777,187.5442163949902,-597.8173718714495,0.508148042636478,0.9035493827160498
529,37.99024620395917,99.86070109531683,-57.34068748491224,187.22066505275052,-597.6576815242565,0.5060106729758427,0.905092592592593
530,37.992102083913245,99.82703740113149,-57.35782119468852,187.2311516984663,-597.6847878482145,0.5061381292069869,0.905092592592593
531,37.99461968234491,99.78255229634655,-57.38039046156272,187.2453386799449,-597.7205314448062,0.5063065770852305,0.905092592592593
532,37.99702712403603,99.74338314040097,-57.40019733959315,187.25814246062114,-597.7519360736624,0.5064549447778381,0.905092592592593
533,38.186751698234765,98.95444907079074,-57.89252939607771,187.6066791955185,-598.2952048296803,0.5094500698331188,0.9047067901234571
534,37.24745325902323,98.976597131852,-57.11842869738509,187.38548234024822,-598.7791724505704,0.5093557345563352,0.9074074074074078
535,37.18571732853569,99.88135747233177,-56.67533068581718,187.03374454635673,-598.0699836216545,0.5059266004355076,0.9074074074074078
536,34.490755466093034,102.6726075584115,-52.97958531328389,186.36929598263848,-597.1939770819944,0.495370748366443,0.9151234567901237
537,35.55478424697653,102.48451085934059,-53.95563630259379,186.56396468990818,-596.7738208318593,0.49607657264891897,0.9120370370370374
538,35.546250441264114,102.21660630894004,-54.102481082167465,186.51059722366134,-596.9915749490305,0.49708703079808847,0.9120370370370374
539,33.92865737966979,101.42370771682778,-53.230826867111745,186.07736697269203,-598.5078342141691,0.5000873535601427,0.916666666666667
540,35.536670025126384,101.18451485183236,-54.67161987219156,186.44276394113777,-597.8496736285208,0.5009892582489266,0.9120370370370374
541,35.56297635738587,100.19672759397017,-55.20227015093089,186.58594558506172,-598.6707266350394,0.5047215440582389,0.9120370370370374
542,33.95919141940362,102.76679617876444,-52.491697614036006,186.27458913940958,-597.4045317271584,0.4950178362252051,0.916666666666667
543,30.703044902404535,107.24517337318763,-47.52830005985936,188.36194085171957,-596.8050148712794,0.478100853714984,0.9274691358024694
544,29.779877715046275,108.14158071152364,-46.474324707588366,188.99151826158314,-597.1905265003347,0.4747113344996605,0.9305555555555558
545,29.791342142156807,108.20830801055928,-46.464420759208004,189.05800558466402,-597.1822328246227,0.4744564220373719,0.9305555555555558
546,29.76480665865028,108.05335336696349,-46.48818279635795,188.90389990632093,-597.2026817623242,0.47504823025614773,0.9305555555555558
547,29.751600129638064,107.9755999855938,-46.50110826081982,188.8269846453133,-597.2145075964902,0.475344965641363,0.9305555555555558
548,29.738604028101335,107.89777981904376,-46.51470186011169,188.75033151375274,-597.2273755282026,0.4756417010265783,0.9305555555555558
549,30.69771431571676,107.21169698026883,-47.53662069075573,188.33046381756293,-596.814461077378,0.4782283099461283,0.9274691358024694
550,30.692311766334612,107.1782341828215,-47.54505463895548,188.2990696234176,-596.8240879274429,0.4783557661772726,0.9274691358024694
551,40.0625544297159,95.75127045442792,-60.16517556295892,190.27301708826712,-599.3756393131389,0.5217817260359845,0.9004629629629634
552,39.35888624668523,95.1384017012512,-59.60085825672102,190.67460009068435,-600.0013274441014,0.5241289597243066,0.9027777777777781
553,40.057301189535444,95.78627510094363,-60.15882412149115,190.24065511070486,-599.3626965079726,0.5216466632367955,0.9004629629629634
554,30.685204876751108,107.13400398013647,-47.55637417979253,188.25770830674855,-596.837087198753,0.47852421405551626,0.9274691358024694
555,30.678975797186943,107.09503910739045,-47.56650689444136,188.22140240147328,-596.8487965942813,0.4786725817481239,0.9274691358024694
556,30.672797048535664,107.0560628160773,-47.57679114831146,188.18521594181124,-596.860748445661,0.4788209494407315,0.9274691358024694
557,37.74218460652714,98.00853065713169,-57.865750750371184,188.01396074304725,-599.2575954591754,0.5130490408483281,0.9062500000000004
558,39.15135606286461,96.4507677338838,-59.35905929838386,189.46524166666075,-599.5108991555509,0.5190594423893691,0.9027777777777781
559,40.05129306496847,95.82116339220772,-60.1523410184571,190.20839275459983,-599.349563726451,0.5215116004376064,0.9004629629629634
560,40.74077778334681,96.57347429778302,-60.636007722299354,189.72267081182943,-598.592747417548,0.5186241155525279,0.8981481481481485
561,29.981356168655502,106.91740770272203,-47.0685882619346,187.90592529665648,-597.2620859989796,0.47936867784935455,0.9293981481481484
562,31.20362283239048,105.0919270634689,-48.93011490754513,186.7531834603486,-597.3294675400958,0.48627490308628396,0.9251543209876545
563,38.80359967623832,96.09067983277983,-59.11635584602366,189.6907194999717,-599.88621785587,0.5204356534323138,0.9039351851851856
564,37.09071867264764,97.8481559138998,-57.38324212853585,187.96810500910834,-599.7217133007339,0.5136528868082567,0.9081790123456794
565,36.96809181274068,96.72562516664227,-57.54038862702434,188.75000454786743,-600.5208758361916,0.5179500390601782,0.908950617283951
566,36.510974707788634,98.25083242472498,-56.78518272205491,187.5933922678492,-599.7363622315681,0.5121081566422245,0.9097222222222225
567,35.78949950885927,97.52671937785497,-56.41181359774565,187.88913990721053,-600.6415006254191,0.514860578728114,0.9120370370370374
568,35.11742357990676,98.81727958844517,-55.44606668139227,186.98112680515777,-600.0431154677137,0.5099361703387902,0.9135802469135805
569,29.52535043726197,106.56751297854052,-46.844858144578225,187.50019883744167,-597.6020770819435,0.48071121836151587,0.9305555555555558
570,30.51793053118047,104.95105857580477,-48.44674203447049,186.50657168469363,-597.7718643973154,0.486822631494907,0.9270833333333335
571,28.849717394268573,107.39051211310944,-45.96424245925436,188.07525371101997,-597.7646794335735,0.47760668632515346,0.9328703703703707
572,38.15896283506816,95.92939899188227,-58.604665210867736,189.68560409462296,-600.31012538128,0.5210394993922425,0.9058641975308646
573,28.84429101169257,107.35696678475033,-45.97211346015165,188.04336153062093,-597.7734000776695,0.47773414255629776,0.9328703703703707
574,27.90761127377896,106.49917656528592,-45.55604623985315,187.07729185007716,-598.4853770153537,0.4810118630752236,0.9351851851851856
575,38.16444390924964,95.89429405415864,-58.61159521411451,189.71761828947535,-600.3239121487453,0.5211745621914314,0.9058641975308646
576,28.838901374153338,107.32341282539653,-45.98009994893911,188.01154638111066,-597.7823040741392,0.47786159878744205,0.9328703703703707
577,38.169945082413115,95.85919451154415,-58.61839422196255,189.74973841942372,-600.3375105941172,0.5213096249906206,0.9058641975308646
578,28.831811935347893,107.27905785836215,-45.990831448554395,187.96961982520227,-597.7943521645191,0.47803004666568566,0.9328703703703707
579,38.1754730186344,95.8241017707878,-58.6250618759967,189.78196272809203,-600.350919994125,0.5214446877898098,0.9058641975308646
580,39.370557291968666,95.06854100956893,-59.608434819701394,190.7425289653861,-600.0197477101078,0.5243990853226848,0.9027777777777781
581,39.38222436423311,94.99870211538288,-59.61545457130867,190.81071387633165,-600.0373477444215,0.5246692109210631,0.9027777777777781
582,39.39390537201476,94.92888615577283,-59.62191464980291,190.8791408140311,-600.0541217735769,0.5249393365194412,0.9027777777777781
583,28.825757833877994,107.23995650403133,-46.00044935558034,187.9328076821094,-597.8052276794053,0.47817841435829334,0.9328703703703707
584,33.9614550595409,100.08013472232594,-53.95406478467845,186.2548813318831,-599.6250776957008,0.5051568708950802,0.916666666666667
585,34.053232721997155,98.73781048805124,-54.60943828422485,186.78072749967927,-600.6745878069958,0.5102263882300178,0.916666666666667
586,32.94615217647063,99.16672526052129,-53.53733732866836,186.33617961643137,-600.9233634607841,0.5085938945988836,0.9197530864197533
587,33.41616032939365,100.29618148035044,-53.40469339209253,186.08154313382408,-599.7341944671191,0.5043406240795132,0.9182098765432101
588,30.760046540570123,103.05131336535969,-49.71946018252923,185.6393880585752,-598.8967614441127,0.4939743074740379,0.9259259259259262
589,29.961767953147955,103.14220242374755,-49.01607261357585,185.4898843820008,-599.2550667768588,0.4936398777395732,0.9282407407407409
590,29.963809699268623,103.17824985319383,-48.99690312012793,185.50264688173908,-599.2272297552246,0.49350481494038406,0.9282407407407409
591,30.72308661101603,102.13909237240311,-50.216400805535244,185.41443433662323,-599.6291594155596,0.4973990066303926,0.9259259259259262
592,31.789544360776354,101.90000092851875,-51.221578379442384,185.62350828773296,-599.2547349564937,0.49829512227364264,0.9228395061728397
593,29.88828753987743,103.9954870808494,-48.46477037441536,185.82554866095325,-598.691724513647,0.490437587421957,0.9286265432098767
594,32.33586404276566,100.53151645654044,-52.40606258607732,185.7932322001082,-600.1105142165353,0.5034445084362631,0.9212962962962965
595,30.749419126691116,100.02801573468157,-51.361278660096765,185.546447184483,-601.3825985051099,0.5053289073366151,0.9259259259259262
596,30.74487709615989,100.12405702767144,-51.311497147981164,185.5208672761898,-601.3043387989071,0.5049687398721107,0.9259259259259262
597,29.460767534750246,103.67523388294259,-48.29999665030978,185.58262118914976,-599.1378683030396,0.4916450651349292,0.9297839506172841
598,29.20972464138955,103.88840324882474,-47.97322684809167,185.62160693167903,-599.1260409094181,0.49085025303139085,0.9305555555555558
599,26.50151907969603,107.7680719334111,-43.91665650629303,187.89591121950562,-598.9620632627417,0.47624299045399376,0.9398148148148151
600,31.251845164917228,101.10892230907,-51.2208910387587,185.4839007642158,-600.2011869739324,0.5012717636083723,0.9243827160493829
601,30.740580243477012,100.22008055944299,-51.26138017761223,185.49706434011006,-601.2257498879202,0.5046085724076064,0.9259259259259262
602,30.736671504287145,100.3161092853302,-51.2109463501713,185.47505254826183,-601.1468614834097,0.5042484049431021,0.9259259259259262
603,35.10259662344931,96.66180104552139,-56.03123415675004,188.38076091751103,-601.5555916954609,0.5181532520107599,0.9143518518518521
604,34.38510166419361,96.07939224648536,-55.520249728666585,188.70469028021807,-602.2544429970011,0.5203654228998928,0.916666666666667
605,35.09213354785844,96.73242698591612,-56.011570455927306,188.32220215267702,-601.5197535366506,0.5178831264123817,0.9143518518518521
606,28.46289751291571,104.52422029426187,-47.005818859219666,185.7852438226839,-599.1149118202952,0.48846581672077605,0.9328703703703705
607,34.19778929268066,97.40500702384374,-55.145534006574756,187.6156544120881,-601.5742349968712,0.5152959055649553,0.916666666666667
608,33.159714713661934,97.14778684386599,-54.3586318134816,187.5674908889189,-602.2967579429255,0.5162536697067278,0.9197530864197533
609,33.17209354115997,97.0532097680873,-54.38867068097915,187.64089465934237,-602.3498736306077,0.5166138371712321,0.9197530864197533
610,30.714909052551967,101.22775668339065,-50.719124285758944,185.3579547648365,-600.3874722620751,0.5008237057867473,0.9259259259259262
611,29.911847726748363,101.18496348089776,-50.08786334608713,185.17910898596307,-600.8524150864599,0.5009845063159761,0.9282407407407409
612,29.911453841705878,101.23297802551981,-50.06155823820632,185.17726281305232,-600.8122481282336,0.5008044225837239,0.9282407407407409
613,29.912309029521403,101.1369463541671,-50.114135973782,185.1814393967149,-600.8925819045958,0.5011645900482282,0.9282407407407409
614,33.028880806828596,98.24924875545219,-53.94903292073118,186.81112495441607,-601.5973503801303,0.5120636146883013,0.9197530864197533
615,32.51550199141516,98.04045995868746,-53.59808603567107,186.81885314950586,-602.026444603978,0.512847165118254,0.9212962962962965
616,32.52318871274103,97.96915929245463,-53.626461141973984,186.86424916547548,-602.0741845832406,0.5131172907166321,0.9212962962962965
617,32.53105293524506,97.8979147453851,-53.65441248335741,186.91046195700818,-602.1213635396642,0.5133874163150105,0.9212962962962965
618,32.53915286971765,97.82671115173125,-53.68193224343124,186.9574855718034,-602.167968988596,0.5136575419133886,0.9212962962962965
619,31.61803415695588,99.03134315137373,-52.5098827861034,186.0955720155066,-601.7415693209839,0.5090880362274346,0.9236111111111114
620,31.620637463395845,98.99541392750378,-52.526666711167124,186.1121922158157,-601.7687675263833,0.5092230990266235,0.9236111111111114
621,31.623578956984574,98.95951400912482,-52.54337271497783,186.12903841216877,-601.7958702779272,0.5093581618258127,0.9236111111111114
622,31.62655852924582,98.9236205658483,-52.559999818550246,186.14610985887072,-601.8228760119222,0.5094932246250019,0.9236111111111114
623,31.629237390222237,98.88770690012915,-52.57654704289916,186.16340581022646,-601.8497831646752,0.5096282874241911,0.9236111111111114
624,33.81828409466467,96.2830775357063,-55.0376885576167,188.40282548846176,-602.4520348158931,0.5195701324290756,0.9182098765432101
625,34.407341112377644,95.93815765510922,-55.5497188811237,188.83211231172618,-602.3121839372226,0.5209056740966493,0.916666666666667
626,34.42945585014089,95.79693459204819,-55.57708496351878,188.96129242435126,-602.366907283071,0.5214459252934058,0.916666666666667
627,34.45177836819106,95.65579647401783,-55.60232488079646,189.09211704735503,-602.418566389176,0.5219861764901623,0.916666666666667
628,34.474445319477795,95.51477758232306,-55.62541553790137,189.2244726099993,-602.4671146101672,0.522526427686919,0.916666666666667
629,24.944552658551963,106.39118003107724,-43.188773195441044,186.3182624758623,-600.0996520864174,0.48149431923062835,0.9436728395061731
630,26.041584801632453,107.4173562042504,-43.663633997574784,187.46635639582536,-599.2551126673488,0.4775855309661551,0.9409722222222225
631,25.630274920767228,106.19245787091667,-43.83872692055235,186.31005277471027,-599.8043857162085,0.4822285275202675,0.9416152263374489
632,22.574102349966644,108.31129939159467,-40.54790805200288,187.52670637157826,-601.0172693257684,0.4743136462382218,0.9513888888888892
633,22.566446158674495,108.26842824622415,-40.55386812199448,187.48383052419345,-601.0219691564151,0.4744757215972487,0.9513888888888892
634,24.224114906432696,105.70235833256241,-42.92731242205317,185.61254006362768,-600.7525068925631,0.4841001780736105,0.9454732510288069
635,23.917543446662798,106.68888954227636,-42.22026238415445,186.33897079565597,-600.5531618620805,0.4803930067961694,0.9467592592592595
636,22.55917894061166,108.22420905426702,-40.56021645853634,187.43978297765065,-601.0271399793426,0.47464246579377856,0.9513888888888892
637,29.079964274394534,98.94336051135437,-50.4774361189257,185.56446269152568,-603.1666261562038,0.5093894261302359,0.9309413580246915
638,29.05237316433984,100.04450334844631,-49.970828099127914,185.1609602879501,-602.2755102042121,0.5052597083401044,0.9308127572016462
639,29.632608325034596,99.30502250195666,-50.7784789824268,185.5344402023145,-602.579279342702,0.5080359198656956,0.929269547325103
640,28.63604703895175,99.49711118329687,-49.88429830700413,185.23824110506953,-602.9532623004566,0.5073072674860424,0.9320987654320989
641,29.532685569775445,98.3914471910276,-51.05143495195159,185.94401147871022,-603.3563228939411,0.5114715847744292,0.9297839506172841
642,24.23888003552728,103.02626997415722,-44.42153465547835,184.16580097587294,-602.3955609197088,0.49412037947147486,0.9447016460905354
643,24.91033473359542,103.72255495810256,-44.56426642745158,184.58027504253639,-601.532651938415,0.4915145206284926,0.9429012345679015
644,24.970225911064198,102.37950581874384,-45.39132855358988,184.1637561563301,-602.5068831990978,0.4965246213274248,0.9425154320987658
645,35.077157832073375,90.18534644683163,-55.36328781069871,194.51242298857952,-603.175682127229,0.5429774535406199,0.917580409356725
646,36.620854052784075,92.61795564854137,-57.03922010281092,192.49276273497813,-601.987101457723,0.5337580785253572,0.9119152046783626
647,20.080480279386023,106.09947478211826,-39.357724380369355,184.98467218018322,-602.7967397860218,0.4827006237433919,0.957561728395062
648,21.38713199997055,105.86292524898532,-40.53688957310389,185.09380816038978,-602.1957438108666,0.483561354757184,0.9537037037037039
649,20.185220306055655,104.79195460251708,-40.11316066518652,184.08081033083408,-603.3721499923549,0.4875904337319906,0.9567901234567905
650,24.760851299279828,98.79149377046826,-47.01885685256152,184.6648041638809,-605.5923671965766,0.5099072767478061,0.9434156378600826
651,24.484007970502816,99.49501268372646,-46.502673280288725,184.30611964510814,-605.1720980060763,0.5072818253842564,0.944058641975309
652,25.178769573535305,99.13856320369837,-47.221077636881525,184.60188561839485,-605.0919056967336,0.5086165763490096,0.94212962962963
653,19.242391820746192,105.85341595073726,-38.79380774051553,184.6023484011782,-603.3433503248826,0.48364557693271015,0.9598765432098769
654,32.02599500565078,90.78433334745682,-52.98309544292822,193.23976496124106,-604.718110091258,0.5405213708032821,0.9260680636777125
655,32.83815384803831,92.37059053072534,-53.91828987595014,191.8784811572516,-604.04816594992,0.534523056431161,0.9229342646740306
656,20.542841851019574,102.15683808575766,-41.91212524996405,183.13021421448005,-605.047950915678,0.497370053709188,0.9552469135802472
657,21.284700789771215,102.88032961689836,-42.09891913300075,183.4576198860375,-604.0828767117648,0.494684001059317,0.9531893004115229
658,21.877367069804897,101.92390410650734,-43.132116831971196,183.39948137113842,-604.5252819339078,0.4982307847229802,0.9513888888888892
659,30.500349928555494,91.08569913497607,-51.792981130063986,192.60173472363735,-605.4891235856601,0.5392933294346132,0.9303118908382065
660,29.786421269131495,92.97825099387451,-51.53733409078095,190.59773846287547,-605.588611818087,0.5320669736938233,0.9314219189950185
661,18.99371510695603,103.40785389645075,-39.925692831833416,183.12039189275893,-604.9129776724338,0.49274670347533867,0.9598765432098769
662,19.648735838668614,102.10967034550322,-41.21049697178281,182.9223210480693,-605.5632759652372,0.4975476935456876,0.9578189300411525
663,19.4712525437526,100.76705031694294,-41.80303522529762,182.86866995218364,-606.7789422424582,0.5025263234525361,0.9583333333333336
664,17.85584432074181,101.35741564448404,-40.17041021385284,182.46689253290214,-607.1418526272688,0.5003341036040911,0.9629629629629634
665,17.856220252757353,101.28430161618863,-40.21057294798798,182.46797015098568,-607.2030026940391,0.5006042292024694,0.9629629629629634
666,17.85678260548157,101.21117925688225,-40.250672041273134,182.47017306848895,-607.2641704276929,0.5008743548008476,0.9629629629629634
667,17.857532216072357,101.13804892032266,-40.29069939851513,182.4734950945099,-607.3253428955894,0.501144480399226,0.9629629629629634
668,17.858470164847787,101.06491119629155,-40.33064692452071,182.47793003814652,-607.3865071650878,0.5014146059976041,0.9629629629629634
669,17.859597729556796,100.99176656033703,-40.370506524096726,182.4834717084968,-607.4476503035474,0.5016847315959825,0.9629629629629634
670,17.860916007764374,100.91861512407706,-40.410270102049935,182.49011391465876,-607.5087593783273,0.5019548571943607,0.9629629629629634
671,17.862425535642032,100.84545651057952,-40.44992956318713,182.49785046573032,-607.5698214567868,0.502224982792739,0.9629629629629634
672,17.86411836773543,100.77228968130233,-40.48947681231515,182.50667517080953,-607.630823606285,0.5024951083911173,0.9629629629629634
673,19.47194813018092,100.73048921566962,-41.822718147496296,182.87353456094587,-606.8093514382789,0.5026613862517252,0.9583333333333336
674,17.86592437702251,100.69911167426793,-40.52890375424073,182.5165818389943,-607.6917528941811,0.5027652339894956,0.9629629629629634
675,19.47287863199601,100.69393114958794,-41.84236986041817,182.87866784729465,-606.8397405132114,0.5027964490509144,0.9583333333333336
676,19.47384673571068,100.65737127406393,-41.86198935603565,182.88406904068012,-606.8701078568968,0.5029315118501034,0.9583333333333336
677,17.867939064011424,100.62592512906205,-40.56820229377069,182.5275642793827,-607.7525963878345,0.5030353595878738,0.9629629629629634
678,19.474871983055593,100.62080996248346,-41.88157562632123,182.88973737055233,-606.9004518589758,0.5030665746492926,0.9583333333333336
679,19.475904420763015,100.58424556715917,-41.901127663247344,182.89567206636139,-606.9307709090892,0.5032016374484818,0.9583333333333336
680,17.86999936228898,100.55272388093938,-40.60736433571184,182.53961630107264,-607.8133411546042,0.5033054851862522,0.9629629629629634
681,19.47700128578282,100.54768026531201,-41.920644458786434,182.9018723575574,-606.961063396878,0.503336700247671,0.9583333333333336
682,19.47818944766486,100.51111516689552,-41.94012500491093,182.90833747359042,-606.9913277119829,0.50347176304686,0.9583333333333336
683,19.479425163502967,100.47454874248177,-41.959568293593335,182.9150666439106,-607.0215622440448,0.5036068258460492,0.9583333333333336
684,19.4807074297526,100.43798085856726,-41.97897331680605,182.92205909796795,-607.0517653827045,0.5037418886452383,0.9583333333333336
685,19.482015364702306,100.40141074794465,-41.99833906652155,182.92931406521262,-607.0819355176029,0.5038769514444275,0.9583333333333336
686,27.047093319019027,92.2981703660058,-49.19123346771259,190.64152777971174,-607.1563929930339,0.5345247034941408,0.9396523716699156
687,15.887308800142506,104.67810048478246,-36.6741638161529,183.04252772758488,-605.7334207291557,0.48809236647610255,0.9691358024691362
688,14.815752496972308,104.67561789293612,-35.80182622935633,182.80007712277333,-606.3063465309012,0.48811602155423117,0.9722222222222227
689,14.831192812441785,104.8216179489144,-35.73442990216317,182.8916463902655,-606.2132238765877,0.4875757703574747,0.9722222222222227
690,15.878006229066784,104.58785956255231,-36.716359369946794,182.98772751081398,-605.7919801821129,0.4884258548691621,0.9691358024691362
691,14.801003395897652,104.52948779684735,-35.870565370668416,182.7119297177911,-606.4018578770969,0.4886562727509878,0.9722222222222227
692,15.869975005256691,104.50659066919143,-36.754759238003686,182.9395294786778,-605.8454419708421,0.48872599442291575,0.9691358024691362
693,15.862976719423585,104.43340868799238,-36.789652270760484,182.89706796865758,-605.8941571016103,0.488996120021294,0.9691358024691362
694,14.786868556995486,104.38323298374327,-35.940577947485444,182.62725710726897,-606.4996578521796,0.48919652394774427,0.9722222222222227
695,15.8558791482279,104.36021587430363,-36.824851950126046,182.8554817714155,-605.943427261296,0.48926624561967225,0.9691358024691362
696,16.84979734566818,103.38972278966716,-38.18980382167637,182.63072067815398,-606.0716978639974,0.49283981867467963,0.9660493827160498
697,16.84340355361917,103.29205504016034,-38.241278741562056,182.59312725822517,-606.1461094987026,0.4931999861391841,0.9660493827160498
698,16.85681727952199,103.49280349723588,-38.135822681794316,182.67226775738106,-605.9938791028803,0.4924596419065918,0.9660493827160498
699,14.705138252330315,103.3566160769135,-36.46049437576966,182.13628936230558,-607.2399339949939,0.4929782823250402,0.9722222222222227
700,14.714750871730672,103.50351233643946,-36.38351035160917,182.1951563170041,-607.1289153815688,0.49243803112828355,0.9722222222222227
701,14.696301749592166,103.2096591144264,-36.538196806523324,182.08132065766804,-607.3524407333442,0.49351853352179664,0.9722222222222227
702,14.773250975622773,104.23687100193735,-36.011794581193456,182.54611222315705,-606.5996463931539,0.48973677514450087,0.9722222222222227
703,14.760246300211037,104.09039094516946,-36.084145893178466,182.46854799740544,-606.7017234370247,0.49027702634125736,0.9722222222222227
704,14.747840918758229,103.94380437875827,-36.15756250482652,182.3946173619642,-606.8057889207969,0.49081727753801396,0.9722222222222227
705,14.736087905795955,103.79712120506538,-36.231975037523625,182.3243732487835,-606.911742781475,0.49135752873477045,0.9722222222222227
706,14.725068500285857,103.65035107461996,-36.307314112655845,182.25786858981343,-607.0194849560642,0.49189777993152706,0.9722222222222227
707,16.864766428128775,103.60733083315834,-38.07629819961153,182.72065587462882,-605.908330817044,0.49203722327538296,0.9660493827160498
708,22.009653368513526,96.4235524369167,-45.40484242783123,185.62044811639973,-608.6860504145948,0.5187380645792976,0.9521604938271608
709,23.123492556195735,96.7485842543944,-46.26223545447662,185.61009292562764,-607.9044315711179,0.5175447695445003,0.9488168724279838
710,22.732139112294107,96.07304316136964,-46.033301755454325,186.07844235643793,-608.4856479648569,0.5200728155440509,0.9502314814814818
711,19.54266636318006,97.86138209695565,-43.08415446242836,184.00838463572927,-609.082303097766,0.5133006849891788,0.9587191358024694
712,20.83273612509467,98.32069110638398,-43.98843743124776,184.0255149652217,-608.0541802464817,0.5116091181680882,0.9548611111111114
713,20.571297821260657,97.12681620008033,-44.11033942535651,184.74522600877256,-609.0338775271891,0.516068562649791,0.9560185185185188
714,17.26228213944863,100.10606339713493,-40.33370228518432,182.49557974596033,-608.5149144988756,0.5049508974572227,0.9647633744855971
715,18.184108997676688,99.57508026685117,-41.33211267753388,182.86064690108077,-608.4666249952322,0.5069191462574094,0.9621913580246916
716,11.544697912023253,108.0459192245223,-31.628228633200546,184.77293616275358,-606.895552721378,0.4757012662370473,0.9830246913580251
717,17.529892851639772,99.34397731135255,-40.900036262875496,182.79772252922464,-609.005656132818,0.5077649296679548,0.9641203703703706
718,18.528427596178048,98.60043219940903,-42.01133733298329,183.35670047298427,-609.0685122006013,0.5105328073285668,0.96141975308642
719,17.234899813200798,98.13922559216266,-41.117322406331134,183.31875422059187,-610.1101247266002,0.5122243741496575,0.965277777777778
720,16.960829751659986,99.88259860511678,-40.19441520885965,182.48803825125088,-608.8634400007406,0.5057736035927078,0.9656635802469139
721,19.720334459534584,96.81983744326475,-43.477686369837556,184.7856720160248,-609.6792776227095,0.5171962738638513,0.9585905349794241
722,19.29536012031744,96.66673590995099,-43.15810601484462,184.8105115798713,-609.9975016941561,0.5177601294708816,0.9598765432098768
723,18.60239357178196,97.15570446483694,-42.500419599866845,184.2791259663228,-610.0658828013864,0.5159148776971402,0.9616769547325105
724,15.548310413156884,100.56629425641066,-38.70855821186931,182.01579123848464,-609.0415459352814,0.5032479251449272,0.9696502057613173
725,14.643257142922565,101.7396873049561,-37.33947018161157,181.75768239366826,-608.537341128785,0.4989210454893621,0.9722222222222227
726,14.641959932981592,101.5929161546765,-37.420496096368204,181.74908794840823,-608.6596130836281,0.4994612966861187,0.9722222222222227
727,16.40934913526675,99.41212555896242,-39.95717544505825,182.51983483775226,-609.5479370143295,0.5075022842994402,0.9673353909465024
728,16.01513899086116,100.05266516361154,-39.34295283292943,182.22885957121017,-609.225970063283,0.5051412393743315,0.9683641975308647
729,18.65898559968126,96.43560748963915,-42.674573176217265,184.8531799701097,-610.4690616500862,0.5186059128814269,0.9618055555555558
730,10.291299715025815,106.92567094220327,-31.011966782410266,183.46253135201357,-607.749109247644,0.47988602916984263,0.9861111111111115
731,11.900402354638345,106.93856438201007,-32.31909106613269,183.8368914530602,-606.8887060746878,0.47979760133431026,0.9814814814814818
732,13.840193009327692,101.76731633848696,-36.66958817150908,181.57923963694054,-608.9436274646052,0.49882218000840395,0.9745370370370375
733,10.273529021623915,106.8131946683439,-31.04466742592816,183.36076714471005,-607.7884640180428,0.4803017220400773,0.9861111111111115
734,11.867002871117322,106.72504866873805,-32.381858738216714,183.64427261568952,-606.9645219608785,0.4805888956948843,0.9814814814814818
735,13.839359039562837,101.69376510559266,-36.710156744689236,181.5739603727152,-609.004748141034,0.4990923056067822,0.9745370370370375
736,13.04292221380257,100.76536240245234,-36.56392679534087,181.42429834192862,-610.209822177154,0.5025050729047416,0.9768518518518523
737,10.257357100962466,106.7085892571282,-31.07613441899449,183.26721029070774,-607.82677815234,0.4806881843095653,0.9861111111111115
738,13.83881318295407,101.6202227709421,-36.750708611749005,181.569807233271,-609.0659579010514,0.4993624312051605,0.9745370370370375
739,13.838439686375324,101.54667961870629,-36.791235083788116,181.56678684906652,-609.1272442130138,0.49963255680353874,0.9745370370370375
740,10.241588661476769,106.60320967611074,-31.108840592121446,183.17408561960173,-607.8670195622469,0.4810772815490725,0.9861111111111115
741,11.834640466558938,106.51147192957873,-32.44887598562938,183.45603692380692,-607.0472420388779,0.48138019005545835,0.9814814814814818
742,10.647275848925759,105.67374524727845,-31.876659470610935,182.52699739527517,-608.0065069373243,0.48449919905605876,0.9845679012345683
743,11.80250961597612,106.29223380948686,-32.52195713883536,183.26782526427084,-607.1391806650797,0.4821922275597728,0.9814814814814818
744,11.771140379717352,106.06905086978995,-32.600671520001264,183.0819135477798,-607.2399146357691,0.4830184084211918,0.9814814814814818
745,11.740693764845105,105.84437003454619,-32.68420025111282,182.90094833803198,-607.3484684270131,0.4838497941616613,0.9814814814814818
746,10.208580411142307,106.37991895717246,-31.18151082438729,182.98044442410273,-607.9577817294835,0.48190206010221875,0.9861111111111115
747,10.225035351163285,106.49192473669206,-31.14449532286278,183.07692237636198,-607.9113317448456,0.4814883368720734,0.9861111111111115
748,11.713417801923498,105.63540483872234,-32.765633894038736,182.73860111437736,-607.4557306162066,0.4846227187006373,0.9814814814814818
749,10.191464481714831,106.26119810116961,-31.221956115843337,182.879707695946,-608.0090114936798,0.4823404861762943,0.9861111111111115
750,10.627249738553132,105.51707746457652,-31.93951292280005,182.40854212781912,-608.0899921498063,0.4850772456040287,0.9845679012345683
751,11.686920317072463,105.42492805505657,-32.85119844752256,182.58125368883722,-607.5697793315809,0.48540091317965167,0.9814814814814818
752,10.17444501422014,106.14075621651077,-31.264239345987917,182.77918486381992,-608.0630563552103,0.4827851373670405,0.9861111111111115
753,10.609279020701834,105.37199807718619,-31.999433490855512,182.30201470968584,-608.170232379927,0.4856123092035598,0.9845679012345683
754,11.660054918739448,105.20241676011834,-32.94537387752124,182.42207724543883,-607.6967291891186,0.48622302382565336,0.9814814814814818
755,10.158595457113762,106.02630347338787,-31.305570051828145,182.6852837095312,-608.1163266557683,0.48320755599824927,0.9861111111111115
756,10.144595860832851,105.92327185255515,-31.34372182349611,182.60215108408278,-608.1658601712682,0.4835877327663372,0.9861111111111115
757,10.593225757918631,105.23811157058127,-32.05615966631141,182.2065113042762,-608.246738301533,0.486105872025288,0.9845679012345683
758,10.131560796428573,105.82564619646446,-31.38068833866466,182.5246385296543,-608.2141635960348,0.48394790023084155,0.9861111111111115
759,10.577871738460914,105.10780541798638,-32.112648876629436,182.11619134419507,-608.3234109896108,0.4865860953112939,0.9845679012345683
760,11.634327763940789,104.97819631507157,-33.04389533608478,182.2694748445087,-607.8309525423965,0.487050470285944,0.9814814814814818
761,10.118568858165645,105.72803034666539,-31.418445148543213,182.44837392364454,-608.2637949921166,0.4843080676953459,0.9861111111111115
762,12.234211581936066,101.82221753907655,-35.329732224986394,181.22282378748807,-609.7561081666722,0.49862444904648756,0.9791666666666671
763,11.431837282683361,101.89887966642591,-34.63262703960985,181.0498312916714,-610.1215739429593,0.49834549983327703,0.9814814814814818
764,11.435729935299548,102.09545695124456,-34.52415738762088,181.07467784940198,-609.9592442533817,0.4976251649042683,0.9814814814814818
765,11.429359036348202,101.70234620828182,-34.74114930146777,181.0329000516458,-610.2847882069924,0.4990658347622858,0.9814814814814818
766,12.232978399289806,101.72397327243642,-35.38393897532475,181.21491625058636,-609.8376893803078,0.49898461651099185,0.9791666666666671
767,12.232074330252459,101.62574582134496,-35.43812214239843,181.20901241035003,-609.9194384333255,0.4993447839754962,0.9791666666666671
768,11.428181391582655,101.50584426304985,-34.84955846308816,181.0240106568423,-610.4486480562207,0.49978616969129447,0.9814814814814818
769,12.231647012479996,101.52751516878779,-35.492261051727226,181.2051280496209,-610.0013255084069,0.49970495144000054,0.9791666666666671
770,11.437454389020402,100.7197213985414,-35.27883329149638,181.06932054412445,-611.1056786585187,0.5026675094073294,0.9814814814814818
771,11.43294875934707,100.91632591347683,-35.17248267883234,181.04604919998118,-610.9416782154225,0.5019471744783207,0.9814814814814818
772,11.429899963101946,101.11285305379104,-35.065382757430896,181.0306610109479,-610.7773402974923,0.5012268395493119,0.9814814814814818
773,13.045407702690568,100.66712718488454,-36.61677308934946,181.43793442393147,-610.2915257037665,0.502865240369246,0.9768518518518523
774,13.048117641570471,100.56888355881361,-36.66938324306147,181.45349716518146,-610.3730661881414,0.5032254078337502,0.9768518518518523
775,11.428402281468067,101.30935550123688,-34.9576893852221,181.02327538473116,-610.6129139204287,0.5005065046203032,0.9814814814814818
776,13.562085143938774,98.25639434721383,-38.08544196608191,182.42374477119736,-611.9827377466727,0.5117313646021177,0.97582304526749
777,14.176589213328683,99.41986329083224,-38.13435875304128,182.01493528135293,-610.7332752748771,0.5074526942378319,0.9737654320987659
778,15.325886884414999,98.47226687528432,-39.44807689075377,182.70235998807502,-610.8764058116731,0.5109596457129048,0.9706790123456793
779,7.0225716296638865,106.5793314321794,-28.49564468741384,182.42671761274465,-609.5895632312528,0.4812467026574342,0.9953703703703707
780,5.427774624607821,106.6592465775781,-27.15991426484237,182.13418458782007,-610.414807913625,0.4809919892329307,1.0000000000000004
781,7.04671440888518,106.74088806421028,-28.44543903916407,182.56928808568415,-609.5277519140222,0.4806532318870036,0.9953703703703707
782,13.863590869015226,97.20640880309132,-38.6283618069907,183.17240222999925,-612.5634241494885,0.5156241755217972,0.9753086419753091
783,15.543443081494743,97.69734470169922,-39.87269262527792,183.2117470158296,-611.3331082052117,0.5138342329696013,0.9702932098765434
784,15.77640053979762,96.92529360633137,-40.24548772327077,183.81328093143034,-611.7204190614607,0.5167088202262977,0.9699074074074076
785,12.680628977920264,98.1479149197418,-37.403018423027014,182.28744632540685,-612.5345285502854,0.5121172240467242,0.9783950617283955
786,10.365045263553938,100.77209685981931,-34.37791684892172,180.8217517438691,-611.6346491808741,0.502475660855301,0.9845679012345683
787,10.36203960432411,100.90342360600037,-34.306866486559855,180.80672277263622,-611.5251369756846,0.5019954375692952,0.9845679012345683
788,10.368512172902584,100.6407096808498,-34.44858245407366,180.84025269409457,-611.7439295579076,0.5029558841413069,0.9845679012345683
789,10.372408031977415,100.50928057857473,-34.51881700589663,180.86219014401885,-611.8529041379802,0.5034361074273127,0.9845679012345683
790,10.376910226633186,100.37782818612672,-34.58857420827157,180.88752861434813,-611.9614989522875,0.5039163307133184,0.9845679012345683
791,11.467558834909056,99.9327275750924,-35.693625496178285,181.23884931766557,-611.7533253685524,0.5055488491233643,0.9814814814814818
792,11.478271928223577,99.73593655008642,-35.79389169620508,181.29974532175996,-611.9119032019697,0.5062691840523731,0.9814814814814818
793,11.458103926621831,100.12952997320329,-35.591830697764,181.18523943014824,-611.5931649817979,0.5048285141943556,0.9814814814814818
794,11.49016115669724,99.53918623801363,-35.89247343991434,181.36780803472482,-612.0686494663495,0.5069895189813818,0.9814814814814818
795,11.50314213179314,99.34249173328648,-35.98921486937606,181.44291804885356,-612.223315145991,0.5077098539103905,0.9814814814814818
796,6.354201647216399,105.62170238710537,-28.403972537681046,181.52031836984318,-610.31978707876,0.4847782524497684,0.9969135802469141
797,6.999506014024149,106.4177066649776,-28.54821764703134,182.28680878545276,-609.655243023517,0.48184017342786467,0.9953703703703707
798,6.97539947169075,106.24768382458338,-28.606054104946022,182.1426190523885,-609.728487270543,0.48246475891390583,0.9953703703703707
799,6.951859657989999,106.08038981009635,-28.665434076054563,182.00395496314582,-609.8046390937478,0.4830794447199933,0.9953703703703707
800,6.928159643338645,105.90826116365325,-28.729018544852256,181.86484344215185,-609.8871355553748,0.48371183752461,0.9953703703703707
801,5.380009401376768,106.33586829516851,-27.26545215007494,181.85398366887557,-610.5467242597884,0.48217893077379176,1.0000000000000004
802,5.334574475249639,106.01238229041616,-27.380210286385914,181.58548363345852,-610.6938432499027,0.48336587231465283,1.0000000000000004
803,6.908896997361552,105.7647937298274,-28.78389878932869,181.75180647400035,-609.9590536353005,0.48423883152845726,0.9953703703703707
804,5.291537880083851,105.68878235629144,-27.503826771883325,181.32999778961877,-610.8557483564621,0.4845528138555139,1.0000000000000004
805,5.250842988241487,105.36500794489163,-27.63593970467521,181.0888394454062,-611.0320230519611,0.485739755396375,1.0000000000000004
806,6.325733486732176,105.39489757464571,-28.49666881597915,181.35213703382425,-610.4435735022919,0.4856096381902377,0.9969135802469141
807,6.300639922527594,105.1838727208121,-28.58642823837847,181.20256188221336,-610.5647877803694,0.4863825627292137,0.9969135802469141
808,5.2128903115866905,105.04086855446872,-27.77612481360837,180.8632041400176,-611.2221440466608,0.48692669693723606,1.0000000000000004
809,9.843805052637038,100.30575529967967,-34.190562047037076,180.7826929981834,-612.3076195050552,0.5041805739018087,0.9861111111111115
810,9.847800857371055,100.20710066444879,-34.24234338849216,180.8053110615521,-612.3886175309999,0.504540741366313,0.9861111111111115
811,9.852022618976989,100.10843525885645,-34.293795922587165,180.8297982229416,-612.4693058252586,0.5049009088308174,0.9861111111111115
812,9.856582735219064,100.00976704617104,-34.34490009368045,180.8561394935939,-612.5496531429294,0.5052610762953218,0.9861111111111115
813,9.861491423328289,99.91110335193775,-34.39563634613037,180.88431988475094,-612.6296282391103,0.5056212437598261,0.9861111111111115
814,11.946140618887526,97.53744547873255,-36.985536516160586,182.50739498109778,-613.3649178189588,0.5143594470850444,0.9807098765432103
815,12.28944736553278,98.47948959788677,-36.97098095649242,182.01471835811404,-612.4913069221227,0.5108882123109493,0.9794238683127576
816,9.866751789512193,99.8124525666362,-34.4459851242953,180.91432440765473,-612.7091998688993,0.5059814112243305,0.9861111111111115
817,9.872361793996589,99.71382190700868,-34.49592687253358,180.94613807354725,-612.7883367873945,0.5063415786888348,0.9861111111111115
818,9.878317961509708,99.6152156308006,-34.54544203520361,180.97974589367044,-612.867007749694,0.5067017461533392,0.9861111111111115
819,9.884617779588169,99.51663374964562,-34.59451105666373,181.01513287926633,-612.9451815108958,0.5070619136178436,0.9861111111111115
820,9.891271242594655,99.41807173768646,-34.6431143812723,181.05228404157683,-613.0228268260981,0.507422081082348,0.9861111111111115
821,9.897962029415666,99.31949647877565,-34.6912324533877,181.091184391844,-613.0999124503987,0.5077822485468524,0.9861111111111115
822,9.905148749269898,99.22096106629571,-34.738845717368264,181.13181894130972,-613.1764071388958,0.5081424160113567,0.9861111111111115
823,11.51767152837347,99.14588018613597,-36.08396012666023,181.52495595643967,-612.3756512251937,0.5084301888393993,0.9814814814814818
824,9.912888348805353,99.12247508044852,-34.78593461757238,181.174172701216,-613.2522796466874,0.508502583475861,0.9861111111111115
825,9.979548568044137,98.36086444253463,-35.13093944481769,181.55905462861648,-613.8157527257931,0.5112938813257699,0.9861111111111115
826,8.377831606558772,98.31223622138758,-33.84297875330542,181.22632709367826,-614.7095133773531,0.5114563178283578,0.9907407407407411
827,6.077315489608907,100.86031417418994,-30.83793649969471,179.8484753374644,-613.8490502562241,0.5021440248141188,0.9969135802469141
828,5.008997848211493,100.7347108539292,-30.03254611977717,179.62310727596835,-614.5254609167581,0.5025969204886722,1.0000000000000004
829,5.003006530310998,101.03190947791788,-29.87135397837391,179.59189440119002,-614.2773033983511,0.5015164180951592,1.0000000000000004
830,6.0829852713628725,100.62785641305356,-30.963118463615196,179.8793935683358,-614.0424484792923,0.5029888620765365,0.9969135802469141
831,6.629770804360717,100.31318489328828,-31.567430679624337,180.05886865080623,-614.01745624637,0.504138609674619,0.9953703703703707
832,6.63758561547283,100.12971697681536,-31.66349997640665,180.1021009865092,-614.1678599345619,0.5048055864607381,0.9953703703703707
833,6.645392483757689,99.9645805516404,-31.74895236446555,180.14649457688515,-614.3022457727078,0.5054058655682454,0.9953703703703707
834,5.017839117854251,100.43735798055796,-30.191707477041785,179.67203559057933,-614.7723328177216,0.5036774228821854,1.0000000000000004
835,5.029560514814065,100.13988330533692,-30.3483041029709,179.73826956307994,-615.0170659367398,0.5047579252756984,1.0000000000000004
836,5.044355284958044,99.84236445919534,-30.50180205036766,179.82139941152727,-615.2588071093103,0.5058384276692116,1.0000000000000004
837,5.062526879648303,99.54491893011563,-30.651667372035217,179.92101535397836,-615.4967031709313,0.5069189300627246,1.0000000000000004
838,6.653090864649172,99.81596134167111,-31.82496315305085,180.19083119455712,-614.4222761943671,0.5059461167650019,0.9953703703703707
839,6.661575070239564,99.66735066611918,-31.900055799333376,180.2392666464922,-614.5413278550338,0.5064863679617585,0.9953703703703707
840,6.67096424036319,99.51872264519055,-31.974163807604775,180.29174992182357,-614.6592945071316,0.507026619158515,0.9953703703703707
841,6.680842705359808,99.37012220684358,-32.047220682156755,180.3482300096844,-614.776069903084,0.5075668703552716,0.9953703703703707
842,5.0826778600556395,99.24755193031001,-30.7973661207767,180.03670760849027,-615.7299009571005,0.5079994324562378,1.0000000000000004
843,6.6912506405084,99.22156374346682,-32.11915992728096,180.40865589920787,-614.8915477953151,0.5081071215520281,0.9953703703703707
844,5.105444416610013,98.95043267565963,-30.93836434939527,180.16806639312003,-615.957547303316,0.5090799348497508,1.0000000000000004
845,6.273323154238938,97.94879500961288,-32.24647170997513,180.96462549499438,-616.1032442604859,0.5127534022253214,0.996913580246914
846,5.13063941930848,98.65366486755029,-31.074128110694055,180.3146819259247,-616.1787890450757,0.510160437243264,1.0000000000000004
847,5.158862162107837,98.35737014656922,-31.204123457476207,180.47614442496135,-616.3927730178776,0.511240939636777,1.0000000000000004
848,5.1896445059718985,98.06155709484744,-31.327816442544872,180.652044108287,-616.5986460572195,0.5123214420302902,1.0000000000000004
849,5.22255452569577,97.76618213081058,-31.44467311870319,180.84197119395873,-616.7955549985994,0.5134019444238032,1.0000000000000004
850,6.289736522159956,97.80111401216055,-32.30432315517069,181.0604337047597,-616.2009078151241,0.513293653422078,0.996913580246914
851,6.693611406125882,95.00816507277061,-33.017049412114,183.4093559347894,-617.5229056533987,0.5235584261604522,0.996913580246914
852,5.604094171124643,95.11610947231536,-32.13208394613891,183.06208762599695,-618.0659841848008,0.5231264659654211,1.0000000000000004
853,5.555909064344959,95.41011796933975,-32.0906492782267,182.7813875100456,-617.9744765076041,0.5220459635719079,1.0000000000000004
854,5.653371264799404,94.82236023088569,-32.164133405840595,183.34802613919706,-618.1437604412902,0.5242069683589341,1.0000000000000004
855,6.718301841340391,94.8614102091636,-33.03241738629671,183.5524250474316,-617.5608057754262,0.5240986773572089,0.996913580246914
856,7.640089689091184,95.77865976381645,-33.770461076378155,182.9225164460925,-616.6950980981313,0.5207488791749443,0.9938271604938276
857,5.703286388849449,94.52883393359329,-32.18660314091291,183.63822265622272,-618.207409985197,0.5252874707524473,1.0000000000000004
858,5.753806170121933,94.23552748094862,-32.199298634937044,183.93169678365066,-618.2565375246465,0.5263679731459603,1.0000000000000004
859,5.804984105922614,93.94240867763152,-32.202025371494166,184.22746812805772,-618.2907477677636,0.5274484755394735,1.0000000000000004
860,9.115507309868605,94.94351188982502,-34.98601318229953,184.01645336261862,-616.2495120869901,0.5238685904350815,0.9899691358024696
861,12.969256074203216,72.81271842896197,-34.18742493991004,206.43375361638118,-617.3145813721318,0.6057362165600066,0.9899691358024696
862,15.346956939448248,80.19484054851412,-37.46946832491847,199.78106809470734,-615.0549270492241,0.5788199615777365,0.9794238683127576
863,75.47864828932697,110.26061537514761,-83.2830148953426,201.38321286698903,-573.0343066360947,0.4643261790886258,0.8000000000000008
864,75.78361949715108,112.0147379130775,-83.18587543073677,203.16107554798333,-573.0673963878262,0.4572611325133809,0.8000000000000008
865,72.99459154270077,107.97230657034967,-81.77673465595643,198.5969857415295,-574.2085761661936,0.4738004483772203,0.8060124269005838
866,74.7508019971412,107.26414267717219,-83.44071990240093,198.32760065190095,-573.3463671380998,0.4766332019053885,0.8006145765648686
867,74.62754096896104,104.87805852723825,-84.43693544768567,196.39358333809682,-574.2808583782479,0.4863056681491426,0.8000000000000008
868,74.11906075669872,106.12079885648149,-83.39853068268881,197.1899710420644,-573.9848817002139,0.4812980908964467,0.8019276586528048
869,74.82192860369744,106.35144683460769,-83.86830754854364,197.5406211297494,-573.5332406256496,0.48034234032819206,0.8000000000000008
870,74.75566280642184,105.88511881779941,-84.03007580905586,197.14897642031204,-573.7392889722933,0.4822349641268865,0.8000000000000008
871,74.70154148937868,105.44772525225981,-84.2120849070171,196.8302391201496,-573.9835112111052,0.4840030348006365,0.8000000000000008
872,74.90713956228298,106.90084971096776,-83.7135452236692,198.04130393477223,-573.348924167343,0.4781063316059734,0.8000000000000008
873,73.32155419224505,105.9756102647568,-82.8165005367922,196.8926996645132,-574.4641024269364,0.48190880271741,0.8041646361273551
874,74.42442289963792,103.1570912036371,-85.24377454991121,195.4905400642601,-575.5114882489967,0.49318983308563,0.8001543209876545
875,74.47431394599406,103.08487244173193,-85.32627414947576,195.48030175290805,-575.5396640307274,0.49347639043522934,0.8000000000000008
876,74.48445783013582,103.24431234539067,-85.24245397939879,195.54115699317796,-575.4184577537922,0.49284101602963415,0.8000000000000008
877,74.47717284159519,103.14237678961624,-85.29529525213208,195.49763739601667,-575.4943435982337,0.49324788135081027,0.8000000000000008
878,73.09864384768423,103.36474531313631,-84.0430073074123,195.26818935286312,-576.0681441575072,0.4923796434015959,0.8040123456790126
879,72.03668412413434,106.25881537683547,-81.6386030010394,196.83329897653235,-575.0467731865529,0.4807977818638076,0.8079820500324879
880,71.39479545344135,106.40064921741156,-81.05228763454751,196.80718969935708,-575.3424759314762,0.4802422714370064,0.8098907569850543
881,69.66838136215523,108.10882421588602,-79.02627162887417,197.97624579745144,-575.9736823756183,0.47337407957165273,0.815654104396793
882,70.75336423479324,106.54304366505943,-80.46778383093297,196.78333233625,-575.6411608577935,0.4796867610102052,0.8117994639376208
883,70.93191935993696,105.5350780617212,-81.0829845975186,196.01549426910293,-575.9223607286774,0.4837409381803,0.8108755685510064
884,69.64459353866548,105.81882171933704,-79.8938339996451,195.94073962248217,-576.4863679710442,0.48262991732669763,0.8146929824561394
885,72.43203945917702,104.23919593501006,-82.99962714615154,195.52176478841372,-575.8304817961571,0.4889061362039974,0.8061342592592594
886,72.92153301361819,102.55718772561875,-84.36707325077312,194.97747854902323,-576.771539663029,0.4955879751586414,0.8043981481481483
887,72.76682727459635,101.74925324292481,-84.70279697782917,194.81654645489672,-577.5058454218392,0.4987963069156869,0.8047839506172841
888,71.97251001311531,102.22099397731232,-83.78751805108223,194.6960744186587,-577.5450630923626,0.4969269655966111,0.8070987654320989
889,71.13471288604275,104.52241003169958,-81.78410108299315,195.38862359452483,-576.3484676459527,0.4877951153503949,0.8099516731643921
890,71.36692220398008,103.50228822101869,-82.5519168917796,194.93374631089716,-576.8934298455723,0.4918492925204898,0.8090277777777779
891,68.48384955341729,107.51703656842514,-78.24182065094729,197.14729822474357,-576.6458692342163,0.47581794196007215,0.8187811349361046
892,70.48684601102943,104.66444943041601,-81.17806018175406,195.3272629481114,-576.6106075235117,0.48723960492359375,0.8118603801169585
893,68.76395489728529,105.94346304374857,-79.11630299165927,195.84044503759213,-576.9057073718349,0.482148854679251,0.8172785358457866
894,68.48041507271112,105.21500095479038,-79.24825850924148,195.23436258130678,-577.3820816175307,0.4850737797151171,0.817820012995451
895,69.05835277097195,106.66932443943159,-79.03220941000627,196.51047988826167,-576.508576084393,0.4792239296433849,0.816737058696122
896,72.63624599339079,100.9411850608346,-85.03769696653782,194.79416082246317,-578.2529829127074,0.5020046386727324,0.8051697530864199
897,74.43417952027771,100.76910907828677,-86.59320292709073,195.21731045777778,-577.4384463737654,0.5026925393029934,0.8000000000000008
898,74.4413469946235,100.52305905158612,-86.72478045344843,195.25772290237188,-577.6425298797965,0.5036698429109303,0.8000000000000008
899,74.45207466864893,100.25611625081619,-86.86519393841327,195.3170220136012,-577.8619624275639,0.5047301773540993,0.8000000000000008
900,74.42777358477645,101.12897296753374,-86.39786169670943,195.18346765305324,-577.1381207089336,0.501262768940339,0.8000000000000008
901,74.42959501937861,100.99420136554953,-86.47135325122082,195.19257548553617,-577.2507412089287,0.5017982665302888,0.8000000000000008
902,74.57360530665578,98.51504955045804,-87.70815590816561,196.01140449742275,-579.21370733704,0.5116727507961096,0.8000000000000008
903,74.56912111216592,98.56270306943783,-87.68708770679505,195.98589915699762,-579.1790945586393,0.5114823494460351,0.8000000000000008
904,74.57445204910965,98.50621461221073,-87.71199508863157,196.01630168620443,-579.2200400525545,0.5117080749128206,0.8000000000000008
905,74.58024931985025,98.44804984448547,-87.73673042020171,196.0498551042823,-579.2610443568841,0.5119408980612205,0.8000000000000008
906,74.58643727321976,98.3899961349068,-87.76043067973217,196.0855885731922,-579.3006971366715,0.5121737212096203,0.8000000000000008
907,74.67529565357161,97.61186042971381,-88.06155368104066,196.5979705495091,-579.8104380776994,0.5153111142283892,0.8000000000000008
908,67.45372225424614,107.2827322663809,-77.48405636705658,196.69768722770684,-577.2284588314691,0.4767993418305587,0.821637426900584
909,71.10421148873112,102.28806477855937,-83.04073422440176,194.5129134719088,-577.9542031547466,0.49666179015605805,0.8096064814814816
910,67.21020033135134,107.43301467168166,-77.23213738237214,196.78154170415118,-577.3349529920914,0.4762009560063014,0.8224090318388555
911,72.23522127005583,100.89973462039585,-84.73284374816171,194.7080703082757,-578.5021726599391,0.5021684397119379,0.8063271604938272
912,71.82949510058874,101.1349824204921,-84.27705885566043,194.59897110325622,-578.5196330341076,0.5012337690524,0.8074845679012347
913,69.41244939131225,103.92874902797706,-80.71412622818991,194.68435276777643,-577.6433183995365,0.49018276124008625,0.8147538986354773
914,70.06329410812508,103.78692456355532,-81.32593951254805,194.7637920422415,-577.3917893105253,0.49073827166688744,0.8128451916829108
915,66.33350673946005,107.55943616914546,-76.47369381684412,196.7015992880413,-577.7853709189366,0.4757198933588549,0.8249945852285026
916,65.85413922815226,107.89677022475735,-75.97521780228914,196.9121554839276,-578.0108640534612,0.4743747540177326,0.8265377951050458
917,68.84513610540829,103.62210595499917,-80.42779243922753,194.4168124100791,-578.1552854342195,0.4914046924342959,0.8163174139051331
918,69.09609464782623,104.35860841162695,-80.21384430908842,194.8367924067642,-577.5353784779057,0.4884797673984298,0.8157759367554686
919,65.41619628503723,107.9603965868959,-75.59893295489368,196.87384583267922,-578.2407055613883,0.4741342226940093,0.8278305717998693
920,68.0818997404451,104.11538029838366,-79.52405596979486,194.47829034777502,-578.2305414511189,0.4894611672689163,0.818632228719948
921,72.19355846250792,99.075860216944,-85.55628410782343,195.20045034613088,-580.0441359208947,0.5094005996601683,0.8067129629629631
922,72.19652933446109,99.03856547120002,-85.57371475084298,195.21772517588244,-580.0723835726676,0.5095488167237503,0.8067129629629631
923,67.70237104023923,103.91110729881392,-79.33090604098913,194.2912734938147,-578.5675369015851,0.4902757880650562,0.8196745722330517
924,73.31585064500912,97.33777222634053,-87.02602628149988,196.4770477186574,-580.7247097131054,0.5163830489032585,0.8040123456790125
925,72.76343906153909,97.4670523150017,-86.54580407754165,196.25969771560182,-580.9344475524521,0.5158490010302401,0.8055555555555557
926,72.75493694193045,97.53414310768746,-86.52250478468105,196.21064500446275,-580.8940502318287,0.515578875431862,0.8055555555555557
927,72.82205000933557,97.02560396221804,-86.68854455650538,196.59889670398388,-581.1858694191587,0.5176294133415319,0.8055555555555557
928,72.88468208399696,96.58510847368944,-86.8119326961243,196.96308033439834,-581.4104187879514,0.5194098256528237,0.8055555555555557
929,74.03999519226035,96.62212957033083,-87.7478864039093,197.19394744529322,-580.7727198047438,0.5192941453738051,0.8022119341563788
930,74.04472714361819,96.58876601943669,-87.75653634534909,197.22231802483742,-580.7887502009644,0.5194292081729942,0.8022119341563788
931,74.04969662985282,96.55543885308278,-87.76507079173467,197.2508110264396,-580.8046175089291,0.5195642709721833,0.8022119341563788
932,72.93989142615862,96.21831801096089,-86.89952698668304,197.28347152798048,-581.5761159592889,0.5208955164439042,0.8055555555555557
933,72.99743579917799,95.85246073118682,-86.97266266240788,197.61661416875566,-581.7211347195662,0.5223812072349847,0.8055555555555557
934,64.01317015062148,108.12251054767317,-74.40764201062892,196.71191575214857,-578.9824050703542,0.47353377844373395,0.8319525666016887
935,66.27442972203153,104.83287483954395,-77.65256592432826,194.4844127118269,-578.7611618449296,0.4866376555732519,0.8240470002165908
936,65.1692577574059,104.60316882157414,-76.87664817493682,194.09453621811045,-579.4825148243694,0.4875679611949269,0.8271604938271607
937,64.2309623313092,107.36389795092593,-74.82663872882605,196.0450230452001,-578.931381299561,0.4765780850824288,0.8309576023391809
938,63.19371761790062,105.96930391416922,-74.56366445942342,194.6041540687875,-579.8657300454852,0.4821874038304378,0.8333333333333336
939,65.27808893858266,105.46394860132534,-76.51007545712706,194.69047164563636,-578.9690936006065,0.48414520048115084,0.8271334199696773
940,63.173094075304256,105.82007267300774,-74.61819204765193,194.48268654517238,-579.9362551559981,0.4827808746008683,0.8333333333333336
941,63.06004030632417,104.91407888549813,-74.98902510613487,193.8120233109333,-580.4316833386221,0.4863775002050087,0.8333333333333336
942,63.15308251313804,105.6707274410412,-74.67467504863258,194.364043388515,-580.0100392668412,0.48337434537129886,0.8333333333333336
943,70.59309427712458,99.00246484227986,-84.28054013572904,194.87290810310296,-580.9569910085954,0.5096684379509885,0.8113425925925929
944,63.37452356699441,107.81104702829337,-73.97903064872534,196.26908345506263,-579.3362381847604,0.4748162844983911,0.833637914230019
945,62.8042173958668,108.10778141138813,-73.42623707408436,196.4241245750563,-579.6253800940272,0.4736417507756993,0.8354247888239109
946,69.7891431201422,99.01246220707888,-83.62103896846139,194.68743281493198,-581.3783395811166,0.5096180145355305,0.8136574074074078
947,69.36442616646393,99.30686550968386,-83.15410185429216,194.46632035219704,-581.3674639831438,0.5084469675845802,0.8148148148148152
948,69.43047565966303,98.52738919976801,-83.51191249443092,194.84680353933777,-581.9499525738936,0.5115390719650287,0.814814814814815
949,69.40399594873752,98.81705419978003,-83.38345008979206,194.69264386096376,-581.7390407665672,0.5103883146833778,0.814814814814815
950,74.45047782189445,93.77593362990673,-88.00689983308665,199.91538546962113,-581.5526849028159,0.5309440181588783,0.8023879142300195
951,75.17684826210272,94.36753025052468,-88.67828723710464,199.5061970842311,-581.0433983443587,0.5285464154549679,0.8000000000000008
952,75.53641967164728,92.30286155796357,-88.66897353541067,201.592874274681,-581.2413602604579,0.5369917939531793,0.8000000000000008
953,74.65043913455892,94.9738796434022,-88.31355493378473,198.80274073400685,-581.1745367446425,0.5260317066101273,0.8012147137390803
954,75.10775565436784,94.76703968587161,-88.66807035015891,199.10478660930934,-580.9870658041161,0.5269020588030806,0.8000000000000008
955,62.41839767239985,107.33947764445661,-73.35763083737488,195.61225263837028,-579.9004444126487,0.4767400435803767,0.8361659356725142
956,66.07288419055931,101.87898023374724,-79.17198516709986,193.32435670365024,-580.9693690762603,0.4982832962704854,0.8240740740740744
957,68.29696149659286,99.25234160667203,-82.30707902128339,194.24831151778577,-581.9813484853929,0.5086492427467482,0.8179012345679016
958,68.89010275925716,98.57929040479489,-83.05289840040295,194.69768669350472,-582.1988592429254,0.5113254317116356,0.8163580246913584
959,64.78763529736219,103.23304356741983,-77.34403198363655,193.351549641426,-580.5981759285733,0.4929725726089236,0.8279320987654324
960,61.326179610955634,107.93414294671646,-72.27045216323978,195.92383337655548,-580.4182817647189,0.4743945412883558,0.8395975471085112
961,60.849968198721925,107.87545988180216,-71.8995518150679,195.7604137420479,-580.6752234606723,0.4746466598436955,0.8409410872861156
962,63.51318527562634,104.09466908273934,-75.81127696231992,193.4401097152298,-580.6818719277587,0.48960494706762414,0.8317901234567904
963,62.98265169993752,104.15339164909597,-75.34566931961973,193.35112103763822,-580.9268697378241,0.48938065503871847,0.8333333333333336
964,73.94160666612905,92.93186904120564,-87.46911951367412,200.6199973580576,-581.9837789260358,0.5343581945973691,0.8042763157894736
965,75.59038160146821,91.99304079137427,-88.66678340509772,201.9061191784771,-581.2698739434562,0.5382558874511388,0.8000000000000008
966,60.25916568760251,107.54691212064695,-71.5237812895086,195.3170653223385,-581.0207366477448,0.4759821869492512,0.8424842971626588
967,70.21849168539592,95.64191022812139,-84.71807769598992,197.17808803490274,-583.2988345917319,0.5231427779173865,0.8136574074074076
968,62.442110933290536,104.10123263991686,-74.93497193400228,193.2024069864379,-581.2492505295254,0.4895953348320576,0.8348765432098768
969,66.15449466365638,99.24822430020531,-80.56255310459288,193.7679925840068,-583.1278927364268,0.5086383124073078,0.8240740740740744
970,67.22601952516328,99.24073533586294,-81.43938042238956,194.01222975899822,-582.561972172385,0.5086813760122734,0.820987654320988
971,65.57378897023733,99.95384578408297,-79.77503851110474,193.39263479309156,-582.8545364410204,0.505855278229879,0.8256172839506176
972,60.90514055039565,105.47842023696732,-72.93813972742751,193.715060135235,-581.2949922593175,0.4841851412505723,0.8397363006281134
973,59.306853769832074,107.42842462797397,-70.78790518697711,194.99185239017376,-581.5437897365264,0.4764864240599307,0.8451713775178678
974,65.32697745878521,99.5910517032745,-79.74007550326671,193.4516529147227,-583.2882420869395,0.5072786861223813,0.8263888888888892
975,59.01472807082679,107.28223958410476,-70.60253230314426,194.79082678448103,-581.722463712827,0.4770800037664047,0.8459429824561393
976,63.67515770028889,100.51109879533423,-77.9549862326881,192.83794065941683,-583.3978889061012,0.5036547497644834,0.8310185185185188
977,62.870219612627714,100.5601721789602,-77.27403173551795,192.6486617132844,-583.78624541318,0.5034594650313623,0.8333333333333336
978,62.912543573871204,99.65090100904597,-77.74562843007736,192.88831290033264,-584.5273534436329,0.5070202896539457,0.8333333333333336
979,68.50612854828452,95.46305575686402,-83.32688276582066,196.95409681583556,-584.2871721916347,0.523805846266882,0.8186728395061732
980,66.632151516766,95.45713568825484,-81.8015621679493,196.53864887839035,-585.2926214770561,0.5237764052481151,0.8240740740740743
981,65.12373785945407,98.7529820448651,-79.91978350504071,193.76102810693493,-584.0736607152812,0.5105787106690283,0.8271604938271607
982,64.54920833907099,99.21890633907516,-79.26679227508966,193.41909874545186,-584.0081551506509,0.5087339848186716,0.8287037037037039
983,57.99186405081424,107.52219742798951,-69.68326419366286,194.78143931721368,-582.2308829662232,0.47615937117573404,0.8490023283517423
984,61.03852853096426,103.25120130352104,-74.2786195868575,192.51518631413245,-582.58606900329,0.4929389297844405,0.8387345679012348
985,59.759688208469214,104.8581291231057,-72.32895510200552,193.03314642095071,-582.2231930183656,0.48665837187154015,0.8428227203811998
986,60.88637478616642,104.63179495742372,-73.37057278970984,193.1472810880443,-581.7510908200561,0.48752951225266056,0.8395061728395063
987,64.00301885388717,99.36273093966142,-78.76096273287634,193.23840120374948,-584.1827000275551,0.5081627530970964,0.8302469135802472
988,62.98135965114057,98.74417327748081,-78.17739317729932,193.28328845702882,-585.2237128903644,0.5105811142765293,0.8333333333333336
989,66.4483539611052,96.63955636470315,-81.56197094323434,195.46759696389068,-584.8196078503798,0.5190222838089282,0.8240740740740744
990,56.90110788026408,108.12085004246205,-68.60646320482094,195.1021400179837,-582.7654197067964,0.4738138688837131,0.8524339397877392
991,63.821493870116896,98.36266257617004,-78.99868651104589,193.6747873725846,-585.0692038232831,0.5120995247081339,0.8310185185185188
992,57.336266640636445,105.9607146521718,-69.79305290624657,193.27693809540693,-582.9913796817881,0.48236308709181447,0.8502003465453749
993,56.386359668138354,105.83925071913711,-69.07738963047892,192.96716999377708,-583.5467228432885,0.48286732420249384,0.852887426900584
994,57.18360526800776,106.68334500763127,-69.34500398234276,193.8422979275844,-582.831864478158,0.47951334768911397,0.850944877626163
995,55.601558172912256,108.36560307927591,-67.48042678244506,195.04496151499765,-583.4566619429926,0.47288603617315605,0.8562987329434684
996,63.86991431945019,97.91257435573203,-79.18067618516591,193.955365755414,-585.3743188247626,0.5138799370194258,0.8310185185185188
997,58.15291093388542,103.94481193384709,-71.52804512138165,192.15924927112172,-583.6418949732332,0.4902692696959058,0.8471951483647389
998,62.44180220666236,98.78907964206603,-77.72061183163743,193.13969397034202,-585.4765743218898,0.5103968341211713,0.8348765432098768
999,61.85008774079496,99.51332498922797,-76.94102074144055,192.69771262552032,-585.2084879142819,0.5075500578555325,0.83641975308642
1000,59.64613705570208,101.8980437656688,-73.92278967609758,191.8821051186229,-584.3851339012224,0.4982256228570858,0.8425925925925928
1001,57.77325970660923,104.14620301877041,-71.10432895885636,192.1747186486008,-583.7123212800094,0.48948743559856545,0.8483390188434046
1002,65.87399507600908,95.18179664726763,-81.18104806145729,196.6232887700117,-585.8006817889664,0.5248609306994223,0.8263888888888892
1003,56.733575209786224,104.38574412313811,-70.12249098804551,192.06953098933974,-584.1159066039517,0.48856680300789473,0.8513983647390075
1004,56.929090851524066,103.65453130384573,-70.69712700018916,191.75089817449626,-584.4928932078884,0.4914165424105952,0.8506538336582194
1005,54.84119757427347,106.32701331416669,-67.59022457640465,193.01077369467774,-584.1886357718472,0.48098477827777925,0.8575373619233262
1006,53.681881435204744,107.83856766016741,-66.06409804542794,194.10501308208947,-584.4921935780841,0.47505286130075297,0.8615679824561395
1007,52.46007269115659,109.62641108412532,-64.64484199688232,195.5631733299501,-585.2313741302454,0.4680119123204671,0.8659776369937177
1008,64.25022970790116,95.28057478385979,-79.86157520071905,196.16331471950986,-586.6336143041013,0.5244024497972917,0.8310185185185188
1009,64.89439379111958,96.27789026766342,-80.34186549109161,195.41658785404854,-585.8451344674573,0.5204202669428615,0.8287037037037039
1010,64.90464091677299,96.21040071392399,-80.35702074934458,195.47648977819787,-585.8742570967963,0.5206903925412398,0.8287037037037039
1011,56.35722130314183,103.95755390928998,-70.05780830957346,191.76151899901572,-584.5915626206192,0.49024379126458467,0.8523696393762181
1012,55.41565736522867,104.62895223370504,-68.91444716040328,191.9131841292974,-584.6724307661959,0.4876389702973377,0.8552631578947366
1013,55.11929823135523,105.47909967978198,-68.22281556566574,192.4109025170733,-584.3804753579917,0.4843118742875585,0.8564002599090315
1014,59.71548652392879,99.39564655989521,-75.25240254036632,192.2615339039208,-586.4444893706869,0.5079871682234777,0.8425925925925928
1015,60.793303276713964,99.30347267256366,-76.17061229996119,192.54030567462127,-585.944973626313,0.5083620838099356,0.8395061728395063
1016,52.958275140080914,107.94238679782136,-65.44161980496061,194.0405108175712,-584.8703328185618,0.47466610434002565,0.8637034329651281
1017,51.850531523944085,107.02322634877842,-64.85854859577356,192.93806257521683,-585.5887942961599,0.4783287184316098,0.8664581979640457
1018,55.73257448386889,103.7743814675568,-69.65366452550572,191.53484097311258,-585.0488433099451,0.490966066307117,0.8541260558804419
1019,54.78719896971846,104.44654933949352,-68.50327181928533,191.66565045353633,-585.116904643991,0.4883612453398701,0.8570195743989604
1020,60.71748958171335,97.40568028934439,-76.74692294913314,193.58852382851222,-587.4082664712638,0.5158295806310919,0.840277777777778
1021,58.645147954755345,99.38676150485699,-74.38368312551957,192.02424785729502,-587.0234391715222,0.5080110073573099,0.8456790123456792
1022,59.82993673695184,98.11136339466853,-75.82875944381567,192.92291007932258,-587.387684740248,0.5130235474154807,0.8425925925925928
1023,62.64396308792004,95.27004642667846,-78.55450358380152,195.81016283792027,-587.4962534024188,0.5243880314439417,0.8356481481481484
1024,61.681224704732344,96.26161628568317,-77.72774475800449,194.70501535528075,-587.569911278214,0.5203914302361616,0.8379629629629632
1025,61.691977097938945,96.19387260483147,-77.74292422158756,194.76525674023185,-587.5991052027723,0.52066155583454,0.8379629629629632
1026,52.936112145185774,105.78731850256985,-66.28972133394197,192.14907083480873,-585.4081563582357,0.4831516034053762,0.8628066114359974
1027,60.00094182070798,96.75967458954896,-76.29277432874906,193.91566407196345,-588.1938249277558,0.5183711396250981,0.8425925925925928
1028,60.2086404816515,95.41664314303037,-76.57339567896979,195.12427010414686,-588.7431801647268,0.5237187318347155,0.8425925925925928
1029,57.583592163367825,99.24616708930638,-73.57927685085123,191.84207184753274,-587.7057361096081,0.508553120391082,0.8487654320987655
1030,56.50832353374804,99.29959474450871,-72.680267213241,191.57848504262898,-588.2359763716631,0.5083316207577809,0.8518518518518521
1031,52.208491151672476,105.89005238428264,-65.64694979872725,192.0648231444116,-585.7534460595964,0.48276484644464873,0.8649420619449859
1032,50.49217946480423,108.09539592362731,-63.384608754143436,193.62993085491436,-586.1754047098747,0.47414886906185333,0.8708813894303655
1033,49.141196858516146,109.1652182214535,-62.03259506300376,194.36604621047078,-586.951819982222,0.4699690196920967,0.8753045808966855
1034,48.951633628886405,107.44033594920839,-62.33922261501888,192.6632327772126,-587.0549385929996,0.47678169058870007,0.8750000000000002
1035,54.63227998637614,102.25350318141983,-69.63524378120573,190.80515022033518,-586.7751445470403,0.49687036032515447,0.8570601851851856
1036,61.0569930526169,95.14907007813952,-77.25975209014474,195.5647507187428,-588.3885690706707,0.5248176756393725,0.840277777777778
1037,51.3117100478261,106.1810277933373,-64.77898001694513,192.0948018099889,-586.120281407491,0.4816466067883928,0.8676426792289366
1038,57.10599113472253,98.5604663448446,-73.45744414439328,192.05603107931788,-588.5040089285897,0.5112196971204029,0.8503086419753088
1039,56.57562490115532,98.50600226941653,-73.04454979730073,191.96553946948058,-588.8289692029339,0.5114237251382295,0.8518518518518521
1040,56.548200074790444,98.8009070835502,-72.9137911794178,191.8085662267194,-588.6142815346195,0.5102729678565785,0.8518518518518521
1041,56.12962084990756,98.99926403029501,-72.49530209868296,191.62134735062745,-588.6804840930896,0.5094954585320561,0.8530092592592595
1042,52.83092939876671,102.45020181716728,-68.05418593841104,190.43836565879246,-587.580618459785,0.4961204623236334,0.8622685185185188
1043,52.94763980068335,101.68097533939884,-68.58734453374427,190.35875346421122,-588.1424139532872,0.49909362494561527,0.861882716049383
1044,53.88641444687312,101.10827044413556,-69.66653291829701,190.56877504969103,-588.1209917141467,0.5013103363006147,0.8591820987654325
1045,50.8357243536434,104.57114290448646,-65.21266624339604,190.84812869895575,-587.1503983555048,0.48793765776715764,0.8684413580246917
1046,49.411579480411845,106.5337931526339,-63.07231053397486,191.96050454795846,-587.015773816034,0.48031397303880996,0.8732638888888891
1047,55.32738824567564,98.98754845241737,-71.8460024140553,191.4462100536043,-589.1183880724075,0.5095314635941643,0.8553240740740744
1048,53.48838352785259,100.86858399439306,-69.4697389956232,190.49900986882662,-588.5360727286426,0.5022377977834777,0.8603395061728398
1049,49.067863193890574,106.47424240988767,-62.81802710698457,191.83233269036162,-587.2173323212984,0.4805562901654406,0.8742283950617287
1050,47.82262150483022,108.02902697914239,-61.22734872003073,192.96311825398698,-587.5973235111517,0.4745077568522811,0.8785331384015589
1051,58.335738223239645,95.3994499948889,-75.04894935376286,194.71471815557837,-589.7505575412852,0.5237145300289993,0.8479938271604941
1052,53.0856972834886,100.91232016102266,-69.11846925549524,190.40409124471051,-588.7138198544453,0.5020667875675972,0.8614969135802473
1053,51.38046993893628,102.96489397744821,-66.57387511374995,190.2470672483998,-587.9559942883018,0.4941412961569419,0.8665123456790127
1054,53.715232812764285,99.0598323284946,-70.503078968879,191.05154314386155,-589.9223183603524,0.5092347885966443,0.859953703703704
1055,53.71839938150763,99.0215942702781,-70.52096768692876,191.0692330164697,-589.9513043986292,0.5093830056602262,0.859953703703704
1056,56.568126126054864,95.56073466556686,-73.60838763487898,194.16870392708336,-590.6311313904542,0.5230202219139124,0.8530092592592595
1057,47.16619596613014,106.07168750167162,-61.45014478267469,191.0718969511105,-588.3700498640011,0.4821733261305844,0.8795382553606237
1058,45.76031954740693,106.15486672206255,-60.264779745799686,190.82199026361027,-589.0886140325734,0.48188278581221056,0.8836230236084036
1059,46.514360574920225,106.87978356193678,-60.56488011075851,191.60595639762303,-588.4644771715037,0.4790464940124654,0.8817616959064324
1060,45.87244753977817,107.68652420512318,-59.74363086138652,192.1970117926382,-588.6619908448214,0.4759196618943464,0.8839851364522411
1061,48.523877222172736,103.35961825155434,-64.01706370828067,189.74132402152554,-589.1877395862837,0.49264413219870573,0.8748070987654324
1062,44.97932058915857,107.54956801267807,-59.061261145858154,191.86719083718194,-589.154120957069,0.4764834646850957,0.8864928525016238
1063,46.523795549771265,105.16098730674184,-61.3800650833827,190.25145040536287,-589.120738265804,0.48572108894545785,0.881047622915313
1064,44.67810413847747,107.75297266453492,-58.74754375646161,191.9895816148718,-589.2908204131197,0.4757005576229699,0.8874573586744633
1065,47.84635525526439,103.23464288810351,-63.53701298646454,189.54309921306222,-589.640104232395,0.4931287664519669,0.8767361111111114
1066,53.02194656988242,96.86452276319386,-70.59046109152175,192.2592654813629,-591.860847351478,0.5177877888027858,0.8626543209876547
1067,53.485446517902716,97.40611375322788,-70.85524156332006,191.95885167223463,-591.2710424443057,0.5156759807900413,0.8611111111111114
1068,53.54547265835388,96.95215380599922,-71.00095306377474,192.3091900879916,-591.5281121153363,0.517456393101333,0.8611111111111114
1069,53.61024781058747,96.49902250402403,-71.12640637971799,192.68568185546488,-591.757051360834,0.5192368054126248,0.8611111111111114
1070,53.667146182186215,96.12150918874141,-71.21501012007798,193.0170837360701,-591.9254019943681,0.5207224962037054,0.8611111111111114
1071,45.63669449154352,105.02013507192152,-60.73188749747595,189.95728021496407,-589.668458608445,0.48628489173620715,0.8835553389646957
1072,43.285237048517764,108.14878629416287,-57.490951221014164,192.0516572799412,-590.0066586537806,0.47420473481829256,0.8916605750487322
1073,42.293782293850676,107.85030944030275,-56.7716105522156,191.54226102358302,-590.5508827445072,0.47540435529850106,0.8943713450292391
1074,51.18044602623463,98.0238243820119,-68.80803191722966,191.02973218110958,-592.0722183254918,0.5132219345714734,0.8675411522633748
1075,51.22622142827728,96.93862102693144,-69.11449145798355,191.79772590376206,-592.7763349847821,0.5174602025429197,0.8677983539094654
1076,45.01591868695946,105.42831902482806,-60.01302639419834,190.09773866739653,-589.7923002959046,0.48471907761195565,0.8854843513103747
1077,50.57773700882926,98.23056578783755,-68.25109179704319,190.77011788890425,-592.2412023707575,0.512406361156277,0.8692129629629632
1078,50.01066011321699,97.34952945412704,-68.03823728256025,191.21720042701577,-593.1652572755044,0.5158290557125269,0.8711419753086422
1079,44.497106033613164,105.65140159180328,-59.477450220523856,190.14456963765608,-589.9658539801776,0.4838647345028324,0.8870614035087718
1080,44.285311103218724,104.69650014870426,-59.80509590328204,189.4491447605934,-590.5702806894915,0.4875553694117007,0.8873456790123458
1081,49.999530984908716,98.66034399337828,-67.63003627277587,190.40579619234086,-592.2219573962285,0.5107332826087734,0.8707561728395065
1082,49.006682724374,99.33867822403592,-66.55041382180687,189.87674475485866,-592.2102895619706,0.5081060343728367,0.873456790123457
1083,49.013548883301574,99.24408080825276,-66.5960317809424,189.91612629178158,-592.2836243539547,0.5084700369538613,0.873456790123457
1084,49.02072297751652,99.1495295089896,-66.64114544301404,189.95712302915743,-592.3563568902873,0.5088340395348858,0.873456790123457
1085,49.022085594858005,99.13199281811382,-66.6494582049297,189.96490544226072,-592.3697819805109,0.5089015709344804,0.873456790123457
1086,49.03126832519822,99.01644882561448,-66.70378965393391,190.01757219720463,-592.4577102780921,0.5093466740123033,0.873456790123457
1087,47.0567407208844,101.80351562322834,-63.716909351818444,189.0441945209428,-591.1851221722382,0.4986279290614267,0.8788580246913582
1088,44.21750314069001,105.46987238311235,-59.34089585751889,189.94806782929263,-590.1980940079126,0.48457300809770465,0.8877991661251894
1089,43.04151389263424,105.51478211784217,-58.3593375603359,189.7155972550843,-590.8042801523395,0.4844237411631976,0.8912037037037038
1090,43.11005238606431,106.395808379106,-57.99523146396225,190.42191917288346,-590.4176040627607,0.4810174057148959,0.8913559941520465
1091,46.38935145448172,101.94662723850858,-63.091736250167195,188.9086287865526,-591.4232949763045,0.49807785973870844,0.8807870370370372
1092,49.51103320186045,98.18019018084487,-67.39924267713755,190.5601872482387,-592.8485729112058,0.5125878648624151,0.8722993827160497
1093,45.85673060418702,102.09873530845728,-62.570844748783294,188.80876364971894,-591.5831651002657,0.4974941371683621,0.8823302469135804
1094,44.91296042741246,101.14000523495636,-62.33587541048418,188.55103063891818,-592.8828066616184,0.5011696484280174,0.8850308641975311
1095,48.115413775816975,99.31818267102253,-65.8327027146304,189.6843440880424,-592.7027463076607,0.5081749988582598,0.8760288065843623
1096,42.390068178042625,106.3880849664569,-57.411491863011896,190.253013364563,-590.8039361623552,0.48106553721297685,0.8934271442495125
1097,45.19880435559306,102.50769777560446,-61.79991838905462,188.73667625474286,-591.6062705155246,0.49592832304411055,0.8842592592592594
1098,41.12545598942297,108.13154813318155,-55.73339370705028,191.54691071878423,-591.1562215343578,0.4743491293125355,0.89787402534113
1099,41.752907119807674,107.26093765854404,-56.53349906539409,190.8723947356632,-590.9180887179488,0.47770733326275616,0.8956505847953212
1100,47.67058151250109,99.29891797079618,-65.47850639168813,189.59216911282618,-592.956465108528,0.5082465353668667,0.877314814814815
1101,42.94849463138394,104.71670351671725,-58.70415461492266,189.16040940947624,-591.2719068634068,0.4874994137294667,0.8912037037037038
1102,43.51162454103623,103.50328885678825,-59.84852925925389,188.67096502576138,-591.7592978778971,0.49214090041998737,0.8892746913580248
1103,42.873352092351254,103.91502610954389,-59.09183120823953,188.70854323333958,-591.8151757479451,0.4905750862957358,0.8912037037037038
1104,50.09085147358672,96.15187513126362,-68.30062734946493,192.18599889552922,-593.8228082518552,0.5205124267617962,0.8713991769547328
1105,47.33826243786473,98.97624824417795,-65.34041782067783,189.6552039508099,-593.3941271187377,0.5094829235359613,0.8783436213991772
1106,53.47043087387173,92.77627146702329,-70.78137948172845,196.14563493632366,-592.95099358631,0.5339523377169026,0.8633040935672515
1107,52.401765612118844,94.18578426181728,-70.13140044201545,194.53357237518733,-593.2797585621877,0.5283365122976835,0.8656798245614037
1108,50.12272867072554,95.9447604438051,-68.34367399208527,192.372815414616,-593.9072222998332,0.5213228035569308,0.8713991769547328
1109,48.96578566163119,95.36423854260744,-67.42239699842693,192.63532731364185,-594.7776622519934,0.5235646509806726,0.8750000000000002
1110,48.92864349282588,95.59136951418517,-67.38910765976746,192.41950059609462,-594.7051286702119,0.5226744448250267,0.8750000000000002
1111,51.12806002657165,94.84197984108049,-69.16530487240412,193.6135821318754,-593.801595555799,0.5256923944733722,0.8690234459605808
1112,52.00062103647947,95.09731781351458,-69.8879599423097,193.56816511299905,-593.2517045629544,0.5247110757127623,0.8663860010107575
1113,49.46227681174177,96.4698191218934,-67.75301981276786,191.7759732316429,-593.9906864575761,0.5192517502687768,0.8730709876543212
1114,50.12020880420247,95.96203654763073,-68.34026126648325,192.3571010229054,-593.9004381211969,0.5212552721573365,0.8713991769547328
1115,50.105481311945326,96.05693706123645,-68.32092273178836,192.27114054355366,-593.8623086909741,0.5208838494595662,0.8713991769547328
1116,44.18753233809736,102.31945189333608,-61.08487929979737,188.4706812712694,-592.2956588919474,0.49665527442400237,0.8871527777777779
1117,42.7809726195303,102.30343033379592,-59.94823225665106,188.1514286014423,-593.0601272374245,0.49672643142827405,0.8912037037037038
1118,42.77130702736784,101.90570065679216,-60.16730069131042,188.09159104931155,-593.3869913198095,0.4982421186520284,0.8912037037037038
1119,42.771893313736435,101.93914632302223,-60.148847608508945,188.09537472510152,-593.3593303953979,0.49811466242088404,0.8912037037037038
1120,42.770712393435524,101.87225646759158,-60.18575587151553,188.08803932916248,-593.4146790109224,0.4983695748831727,0.8912037037037038
1121,41.08635773868043,106.48355775132458,-56.30600506864247,190.03864536071072,-591.4682522340855,0.4807311134427582,0.8972242527615333
1122,40.45019250620668,107.35702638600684,-55.43542088675781,190.66658498957844,-591.5945345985126,0.4773729094925375,0.899447693307342
1123,49.132645287471036,96.58591531159635,-67.46851879345289,191.6062761266202,-594.1020278524302,0.5187895474032868,0.8739711934156381
1124,41.749225454008986,104.77882046551647,-57.6931832198707,188.92864758619308,-591.8756414561141,0.4872803094580902,0.894675925925926
1125,41.92500542204437,104.53156668877632,-57.97176026131924,188.82028577410438,-591.9273827848252,0.4882263651093586,0.8940972222222223
1126,41.478511081294656,103.12827873179565,-58.40966008078836,188.07429594021514,-593.1181389748448,0.493594803179771,0.8950617283950618
1127,50.43023228869224,94.87877682370421,-68.59972570006981,193.42116576185043,-594.1639293054142,0.5255233978392289,0.8710156306403872
1128,49.03451059421777,94.95148384977894,-67.4679998730283,193.03625005654393,-594.8877258943015,0.5251854045709421,0.8750000000000002
1129,48.99707094455203,95.17492041910413,-67.44572820318115,192.8179279312693,-594.8316836289615,0.5243074963762129,0.8750000000000002
1130,49.028747834611146,94.9858442960843,-67.46495083495127,193.0025014335372,-594.8796612237217,0.5250503417717531,0.8750000000000002
1131,46.845214954268286,98.49332486717353,-65.12120452572297,189.7842424469055,-594.0357655550357,0.5113375057896029,0.8798868312757204
1132,39.6381605546139,107.6516497396855,-54.67000757231191,190.756109016476,-591.984099587419,0.47625964195615983,0.9019249512670561
1133,38.19818686840295,107.6391922616585,-53.49953018658509,190.4187216464935,-592.7522501832087,0.4763559049523218,0.9060672514619881
1134,45.63299219245905,99.7234185617499,-63.631467588041,188.98085013231392,-593.6934686043334,0.5065963273987119,0.8831018518518521
1135,45.3156929870187,98.61228707942118,-63.83212822374736,189.37725778399184,-594.7600008374244,0.5108555612287136,0.8842592592592594
1136,42.81650538770531,103.10986122760988,-59.5105053899126,188.36920134843717,-592.4169941341132,0.49365075886200493,0.8912037037037038
1137,39.89555081314463,107.00258247531276,-55.117885612944974,190.22094103190497,-591.9608352222926,0.47875805917835995,0.9008826077539526
1138,40.42967749986582,105.70376781899492,-56.1361454147102,189.26605480792284,-592.1122271292962,0.4837548936227602,0.8987979207277452
1139,45.088654445640074,99.8747291277762,-63.11810336728327,188.81178366405314,-593.8577443860275,0.5060126048283655,0.8846450617283952
1140,48.00792781976764,96.34076725853463,-66.58509778386085,191.55603196824973,-594.8379284792575,0.5197197239259483,0.877314814814815
1141,48.02509281998576,96.2266143569469,-66.61170560681964,191.65633793164176,-594.8885642536233,0.5201648270037713,0.877314814814815
1142,40.44123171145635,104.87302626166085,-56.576646945448495,188.69217587634634,-592.5209172881141,0.48694588568787156,0.8984730344379468
1143,46.19872604244819,97.85080861112816,-64.80247532722417,190.01798689330445,-594.8573631601681,0.5138102821277919,0.8819444444444446
1144,43.37555175200539,100.96426444644158,-61.17685121394553,188.2176209142937,-593.8522484806454,0.501839958917152,0.8894675925925928
1145,42.769929899786284,101.82805441889278,-60.21014826098628,188.08370227307987,-593.4513104182923,0.49853802276141634,0.8912037037037038
1146,42.769112259219625,101.75017851203299,-60.25311686192252,188.07705491953578,-593.5159396581384,0.4988347581466316,0.8912037037037038
1147,42.769362783805455,101.78911900946454,-60.231633147926544,188.08021991999902,-593.4836097996182,0.49868639045402396,0.8912037037037038
1148,44.64915339439196,99.39326943017065,-62.97671562617622,188.87602340204867,-594.4908664075509,0.5078503604581931,0.8859953703703705
1149,39.78748692724865,104.91990773359451,-56.01854120601724,188.57450666925322,-592.8438596226089,0.48677867380276224,0.9003715886939572
1150,37.90192827582742,107.12613363809923,-53.44534860555933,189.88084693796227,-592.9948405380271,0.47834351564903843,0.9066764132553607
1151,37.83030324967599,106.28132372989616,-53.74284534315555,189.13574195627274,-593.2700124197522,0.48159253388077955,0.9065139701104614
1152,45.72138792395187,97.36952713097963,-64.54044699827709,190.23712121490078,-595.4430885462423,0.5156648643814334,0.8834876543209879
1153,46.164656599543875,96.1351579595594,-65.10544920900291,191.31550529286937,-595.9305727547513,0.5204741675341534,0.8827160493827163
1154,45.034292206878,97.50755356534096,-63.946885391936334,189.98481181469208,-595.7174380926552,0.5151147950587153,0.8854166666666669
1155,39.16224461114136,104.13089516961176,-55.945593871288516,187.9798344018428,-593.6532106979681,0.48980245398276423,0.901945256660169
1156,41.38438418748175,101.24545093783121,-59.40406495996802,187.7543140083175,-594.6770787619538,0.5007636177506667,0.8951903292181073
1157,36.942056163923546,107.11666480404598,-52.66589712476486,189.65556898200836,-593.5082223999602,0.478407690979813,0.9094379467186486
1158,43.6525001467488,98.27257769568385,-62.59617084340394,189.18832358797218,-595.9076960762773,0.5121384569277909,0.8891460905349796
1159,42.27073907361853,98.25131957547364,-61.477205684077695,188.88921477862556,-596.6610152212421,0.512196182206983,0.8931327160493828
1160,42.57536116566407,99.36511487861536,-61.29881488595904,188.42055449766366,-595.6209846507084,0.5079369483769813,0.8919753086419754
1161,41.384957266444935,100.30433502198524,-59.89361102345851,187.87002875415774,-595.4729386004088,0.5043480250361145,0.8952546296296299
1162,40.6954069216281,100.99221573920381,-58.97884523424131,187.61343577113493,-595.2586769913331,0.5017280475526842,0.8971836419753089
1163,39.30081859341478,102.37556304658241,-57.07101396674324,187.3832488495365,-594.860130313716,0.49646845054955513,0.9012345679012349
1164,40.094060494804374,101.97104271263481,-57.94874592712218,187.49733131085824,-594.7631981216856,0.49800275105641617,0.8989197530864198
1165,37.83831541614477,104.29842623006488,-54.77219184694731,187.76960064994466,-594.2526888090498,0.4891840177759773,0.9058032813515272
1166,37.21932544843339,103.54156607347659,-54.69948011706967,187.27116082455387,-595.0911609756095,0.4920657917376951,0.9074074074074078
1167,38.19722278090239,103.79944467469345,-55.34798091840243,187.60260179959735,-594.3895481552677,0.49107612907851383,0.9046458739441199
1168,41.48427928071612,99.66792788401895,-60.275621095029074,188.0662333529985,-595.9532627005094,0.5067695032362886,0.8950617283950618
1169,39.29150502539261,102.00948097410969,-57.27234013293918,187.32175153074627,-595.1598604458852,0.4978566815421653,0.9012345679012349
1170,40.049174631780566,100.93173866459024,-58.484086504326676,187.47344485501645,-595.6545372802065,0.50195559801281,0.8990483539094652
1171,45.24728294288284,95.1761517623079,-64.39334644808709,191.97098011306005,-596.8383051162476,0.5241833320414369,0.8858024691358027
1172,47.27169240878218,92.99967629897827,-65.77005582883695,194.52938420985964,-596.2297514948763,0.5327874510751303,0.8810510071474986
1173,44.33918573391373,94.21923069330342,-63.57737362376501,192.68044260935469,-597.5936606647159,0.5278924965487203,0.8888888888888892
1174,44.55510032301281,95.31052356961939,-63.831752805495775,191.6889409449344,-597.158218406905,0.5236332627187186,0.8877314814814817
1175,43.99542821862136,95.45545711277693,-63.37558750909823,191.4287807241272,-597.4001668629022,0.5230495401483721,0.8892746913580248
1176,39.398891940023134,99.83045195644749,-58.50203779513667,187.5461349683456,-596.9313899444918,0.5061359954293294,0.9010416666666671
1177,39.400768085500566,99.79683194001899,-58.51909499909422,187.5568002383784,-596.9583981503316,0.5062634516604737,0.9010416666666671
1178,39.40263743031558,99.76321456150615,-58.53610285620298,187.56767796552026,-596.985352954275,0.506390907891618,0.9010416666666671
1179,39.405202945223664,99.7187904943914,-58.55850359470477,187.58237901389106,-597.0208926728916,0.5065593557698616,0.9010416666666671
1180,39.407434652375855,99.67966046217836,-58.57815996445005,187.5956329525342,-597.052114314701,0.5067077234624693,0.9010416666666671
1181,39.409652877832244,99.64053432628523,-58.597745655568396,187.6091718862196,-597.0832575076441,0.5068560911550769,0.9010416666666671
1182,42.1554851865948,96.5173077680089,-61.79607028245797,190.08776748672938,-597.8685268587866,0.5188768942371588,0.8940972222222227
1183,43.6053564104377,94.980100847885,-63.05087684228152,191.78289401096671,-597.7841357617873,0.5248872957781998,0.8906250000000001
1184,42.53240508110829,95.38886872807045,-62.185652243465626,191.15859764914006,-598.2088452747863,0.5232583060506241,0.8935185185185189
1185,36.00580950964853,103.41931718587365,-53.78072337181819,186.94964373951655,-595.8259222502742,0.49253911875364426,0.91087962962963
1186,41.98091261093019,96.33814389542171,-61.677255493485106,190.19702063928494,-598.0596875832802,0.5195649997586311,0.8946759259259264
1187,41.44547515865249,97.291628556212,-61.07502769014527,189.3285363364763,-597.7773858129676,0.5158716934666383,0.8958333333333337
1188,40.38851746102871,97.70903953635874,-60.10893013433542,188.80072912976377,-598.0585940109725,0.5142427037390627,0.8987268518518522
1189,40.74961955990556,98.06929191369878,-60.29653846311761,188.65379284398142,-597.60752408538,0.5128664926961178,0.8975694444444449
1190,32.83532373621357,106.30309883932772,-49.66032194097133,188.02755597694843,-595.9241593694125,0.48162788243128574,0.9209104938271607
1191,36.02272637042728,99.22110810075642,-56.020588844357505,187.0045866571074,-599.2357218490175,0.5084148503502317,0.91087962962963
1192,36.73172216497573,97.48672055210645,-57.18950686522625,188.12862720405772,-600.1648523776106,0.5150290978512013,0.9093364197530868
1193,32.32209735093807,101.61083553227566,-51.817728353995285,185.72143528671467,-599.2090478914279,0.499381494687588,0.9212962962962965
1194,40.648651600799155,92.57446341242495,-60.309056634476306,193.446330152065,-599.8409683523345,0.5341240177072097,0.9003411306042886
1195,28.173289940777117,105.51288531875244,-46.24205304244617,186.3624485169788,-598.7340584854477,0.48473883989799976,0.9340277777777779
1196,27.00448668348271,105.79465154122562,-45.14845641635929,186.30833190748535,-599.2302749655214,0.4836969440995462,0.9375000000000002
1197,37.39307118789534,94.22263012719286,-57.92916407921653,191.1049205498582,-601.313171469683,0.5276013831575834,0.9088897011046134
1198,26.74506937458822,106.78207424902297,-44.48618105714506,187.0569510496291,-599.0210946672094,0.47996996727676994,0.9386574074074077
1199,36.78002553520274,94.66850508922163,-57.47860908071131,190.53604350034925,-601.5322646083472,0.5258540587927677,0.910432910981157
1200,37.24376574581382,95.05362550971385,-57.877301586225904,190.2756146618771,-601.1627015992237,0.5243842684584484,0.9089100064977261
1201,36.21555234372632,95.33049176418328,-57.044771719021114,189.7862532723354,-601.6107477562228,0.5232871231987651,0.9117392246047219
1202,25.574269986907474,108.22722648189288,-43.01895274101659,188.12341180888143,-599.4239977494748,0.47452982439945957,0.9427083333333337
1203,26.51728142437363,106.60609918832871,-44.375535353684135,186.8542850429612,-599.1929634695089,0.4806412375328506,0.9392361111111114
1204,27.50699184353592,104.98285865013247,-45.97618977144156,185.84942632503558,-599.3597404732222,0.48675265066624174,0.9357638888888891
1205,28.02744354530568,104.16860427727254,-46.85026946042787,185.49402424223751,-599.5701659734975,0.4898083572329373,0.9340277777777779
1206,28.567757610677027,103.35234356424382,-47.758663558011726,185.2516266462596,-599.8442307912854,0.4928640637996329,0.9322916666666667
1207,35.84861155051397,94.63398087990127,-56.71776013949016,190.35891246899607,-602.0408520728787,0.5259556652680586,0.9131335282651075
1208,25.018887295289005,107.7162551819348,-42.72489523445385,187.51297374533542,-599.7565046241396,0.47648421853169615,0.944058641975309
1209,35.38985091594494,94.92668456520282,-56.36362586169964,189.9766412352603,-602.1976891036364,0.5248125860743454,0.9143112410656272
1210,24.50797364774622,107.86567128506084,-42.25892750075838,187.538485185628,-600.012594446512,0.4759335623144667,0.9456018518518521
1211,29.064179451362172,101.1461212467621,-49.41801606146992,184.99041477083122,-601.3378527895447,0.5011299905499729,0.930684156378601
1212,25.780385271009777,105.47811656735075,-44.309171798816244,185.7981435568117,-600.0265709986871,0.4849171299421434,0.9409079218106999
1213,25.943108318896726,104.76225318639969,-44.82021929329187,185.3592997946342,-600.3178926791038,0.4876057323640194,0.940200617283951
1214,27.541206752282797,102.97982318182052,-47.13852115867324,184.89339137406847,-600.6684694837501,0.49426780171464,0.9351851851851856
1215,29.75868368230553,100.2211919863727,-50.46063420694021,185.27619236861943,-601.749394936346,0.5046002549569619,0.928755144032922
1216,35.54460657644379,94.06441715856859,-56.40342802425339,190.84120422618017,-602.3334133165021,0.5281422531061382,0.914290935672515
1217,28.062985292380468,100.9151512633374,-48.72541838689539,184.78225174225722,-602.0672270948457,0.5019934772682235,0.9335776748971196
1218,27.4483021076363,99.96068863023442,-48.704488169001124,184.82333984246674,-603.201633355633,0.5055631693983995,0.935442386831276
1219,33.259884970520886,95.23312231602726,-54.63871412285354,189.2089647924341,-603.2295426881819,0.5235690086771562,0.9202990758789981
1220,32.8230282280413,95.72148731030155,-54.27343403947815,188.6656948790717,-603.2602795045203,0.5216881870380534,0.9213278824633601
1221,23.235089627166595,107.45687543410843,-41.360202228264924,186.86933241130743,-600.7424619144192,0.4775177362949739,0.9490740740740744
1222,22.614411118647013,106.92674505603931,-41.05853896178268,186.2515737693712,-601.182876192638,0.4795322757823773,0.9506172839506176
1223,33.702769363624114,94.72256320082228,-54.97877045359009,189.7893783170814,-603.1642458211863,0.5255398721823853,0.9192702692946358
1224,25.43500661230957,103.57378475040704,-45.077768717731345,184.63479212576166,-601.3569417013861,0.4920651768457221,0.9413580246913584
1225,26.486346883261348,103.2764244926789,-46.10694539611296,184.7559013673735,-601.0100499150615,0.49316648928018103,0.938271604938272
1226,24.554111462049875,104.71473232785095,-43.714296091477095,185.01757797113916,-601.0867016368129,0.4878073493510515,0.9441872427983542
1227,32.65874462476592,95.0564427586225,-54.14600178027248,189.2377161303497,-603.6154378039804,0.5242253619714641,0.9221152804851636
1228,27.260108127190442,100.87505586669747,-48.09286574736127,184.60598567639437,-602.5304689909451,0.5021452077973712,0.9358924897119345
1229,32.98536298059438,94.70871248913033,-54.3939864906072,189.6405363256961,-603.5524361937826,0.5255684468011965,0.921343675546892
1230,33.31865423639997,94.32666645371414,-54.62857785032675,190.08313741388295,-603.4731228192531,0.5270465944301184,0.9205720706086203
1231,33.652933060081324,93.94577506792245,-54.84552822122407,190.5288622199377,-603.367315678257,0.52852474205904,0.9198004656703488
1232,24.205807877630683,104.36885860385047,-43.623544227858005,184.74040165522695,-601.4815831960007,0.48911027877254265,0.9450874485596711
1233,23.35027228321607,105.50775539107723,-42.3136426459921,185.27209982350536,-601.307899401533,0.48485245127787213,0.947916666666667
1234,22.816848385175795,104.32039174524937,-42.51925690959781,184.40145806648695,-602.2531608345363,0.48931189575957484,0.9490740740740744
1235,21.963316817818388,107.04613085425974,-40.47956145861175,186.2099861354806,-601.5008116109384,0.47910191027548127,0.9525462962962965
1236,22.695552120611126,105.6258401337488,-41.720353663554775,185.21065185904024,-601.6020649422311,0.4844220857709761,0.949845679012346
1237,28.487469687329103,98.12516943430018,-50.29008545078531,185.86129084195167,-604.1141687478639,0.5124607648491428,0.9328703703703705
1238,31.134446568850123,95.36513903317702,-52.90862369254056,188.60676401932213,-604.3153379142411,0.5229973206027951,0.9263591076456574
1239,28.719284869768423,97.85057070602895,-50.56311468240018,186.08226063190676,-604.1909559202801,0.5135018441712396,0.9322916666666667
1240,28.389894978443472,96.76272849180202,-50.548974415422535,186.78731337227765,-605.0826130695203,0.5176142622122434,0.9336419753086421
1241,28.953045835409718,97.57648882447138,-50.82959199967139,186.31517406923354,-604.25899940599,0.5145429234933363,0.9317129629629631
1242,31.699341308384597,94.36577805357561,-53.31570255290345,189.6798674347549,-604.331688489873,0.5268392325455838,0.9252174933217818
1243,23.352597067313553,103.49904940294907,-43.42531690545879,184.13608812551064,-602.521343005205,0.4923676023262704,0.9473379629629632
1244,23.909100351657365,102.67690988295114,-44.35572293947868,183.99231328550582,-602.8388875284624,0.495423308892966,0.9456018518518522
1245,24.487909252797728,101.85613137547777,-45.29810163947282,183.97904420224148,-603.1878947790734,0.49847901545966145,0.9438657407407411
1246,25.0915751634491,101.03769497062034,-46.24016693512873,184.10474858464977,-603.5505527888891,0.501534722026357,0.94212962962963
1247,25.092132316356654,101.00142272256679,-46.25990913028554,184.10758254156687,-603.5808456475133,0.501669784825546,0.94212962962963
1248,25.092638866129796,100.96515597241202,-46.27962781391817,184.11068773644317,-603.6111303447938,0.5018048476247352,0.94212962962963
1249,22.945457635383896,101.62869597116658,-44.1691588489029,183.61605988543334,-604.200048869542,0.4993320971574391,0.9483024691358027
1250,22.09363630522119,105.09195805113008,-41.50682934609584,184.70165269817264,-602.187491165114,0.4864366252583794,0.9513888888888892
1251,25.869596651743414,99.85153572696932,-47.46896472532737,184.49978749611307,-604.1359520483024,0.505959795470396,0.9400077160493832
1252,26.67976764145071,98.81427012203852,-48.57252396636667,185.0850696088195,-604.5503488249208,0.5098446177176785,0.9378858024691361
1253,26.231611879572156,98.34165461821091,-48.381539362542576,185.2300079807912,-605.1563656581803,0.5116158049700875,0.939300411522634
1254,20.69384598743015,106.63430525498566,-39.616326206015614,185.56347291742665,-602.2869192522504,0.4806860842559885,0.9560185185185188
1255,27.52109956457184,97.78484513391896,-49.60636689404647,185.85471665065774,-604.8775299275079,0.513729439964961,0.9357638888888891
1256,22.85175555776395,102.97469228433758,-43.321331620552996,183.83808520517752,-603.1744873163713,0.4943219964585069,0.9486882716049385
1257,25.124496202977745,100.01546964968949,-46.78486510691004,184.28631941580647,-604.396858582092,0.5053457747860616,0.94212962962963
1258,25.09434109924686,100.892639679115,-46.31899066870832,184.11770880426215,-603.6716689009886,0.5020749732231136,0.94212962962963
1259,27.303094686064625,97.54947420000997,-49.4937951111608,185.96232849586653,-605.1581527980082,0.5146150335911654,0.936471193415638
1260,22.324339281956306,103.12363027043484,-42.80477594809153,183.76732295046915,-603.3439055602356,0.49377134024127756,0.9502314814814818
1261,21.304209929868342,104.37545529633225,-41.25489081659236,184.09163349846173,-603.0248280536271,0.4891226779082505,0.9534465020576135
1262,19.622017664680513,106.63057172800433,-38.74387170050723,185.31805055315974,-602.8593652689493,0.4807281953437516,0.9591049382716051
1263,23.696109894610103,100.56158887417025,-45.35187732134625,183.84758238939648,-604.6987934587276,0.5033069612708477,0.9461805555555558
1264,25.093219646052496,100.92889325630696,-46.29932199155097,184.11406341032588,-603.6414052921467,0.5019399104239244,0.94212962962963
1265,20.72056886533761,103.83683859487722,-41.08610629905566,183.68944032190277,-603.6891083184574,0.4911372173956538,0.9549897119341567
1266,25.257639931842114,98.26449179692474,-47.61350452589211,185.05362861904356,-605.7342488763518,0.5118873779119576,0.94212962962963
1267,25.358375345064076,97.3952509025126,-47.9480545632334,185.63071479750118,-606.3013706069654,0.5151581794749056,0.94212962962963
1268,23.936091249606996,98.09757531630098,-46.59087099086268,184.8526339720001,-606.5638086265495,0.5124886775453991,0.945987654320988
1269,23.75472903345056,99.73846883787836,-45.79869645594782,184.05952017624008,-605.3593563193101,0.5063675333623648,0.9461162551440333
1270,23.390819485453406,99.86051161182249,-45.44561034279398,183.9403333927947,-605.451735251294,0.505910387351419,0.9471450617283954
1271,20.33681524650926,103.4759414914752,-40.981253566028904,183.44923609690076,-604.146457964479,0.4924802437205893,0.9560185185185188
1272,19.113095715419092,104.78633931438128,-39.24296124782625,183.83527849964736,-603.948012231764,0.4876325448197537,0.9598765432098769
1273,19.015018208234594,103.71284069308591,-39.76748003392885,183.24991435378408,-604.6856874908678,0.4916195127067972,0.9598765432098769
1274,28.397192438187517,94.01226116946833,-50.58201990342928,189.27683916943568,-606.1732516070674,0.5280686464667358,0.934905421991192
1275,19.889160506550056,103.45322978884133,-40.629366273987564,183.33953494404682,-604.4019045096188,0.4925690636388391,0.9573045267489715
1276,19.008730078496143,103.62715003150224,-39.811586457361614,183.2118469536568,-604.7488520829153,0.4919363266802038,0.9598765432098769
1277,19.01172736956778,103.66774035488501,-39.79065694601257,183.2297181083248,-604.7188594439737,0.49178625690332706,0.9598765432098769
1278,19.006075588320826,103.59061379999027,-39.83047868975208,183.19601130475704,-604.7759553198385,0.49207138947939294,0.9598765432098769
1279,18.99586456712555,103.4444282973089,-39.906553182703895,183.13503853832228,-604.8853775383083,0.4926116406761495,0.9598765432098769
1280,19.003461806246165,103.55407324480097,-39.84942255147272,183.18041182102283,-604.8031610314767,0.49220645227858206,0.9598765432098769
1281,18.998356486584,103.48098026300947,-39.88746087093982,183.1499246200546,-604.8578736883487,0.49247657787696036,0.9598765432098769
1282,19.000888762850124,103.51752865283456,-39.86841696953237,183.16504932020507,-604.8304676701925,0.49234151507777124,0.9598765432098769
1283,27.702510750500153,94.5301323281808,-50.08141089174081,188.61857159483696,-606.4309103050057,0.5260694828531921,0.936647173489279
1284,17.93604451842448,106.0935152106134,-37.61409273629893,184.4932727666349,-603.9435168144392,0.48278484591891796,0.9637345679012351
1285,21.480754195707824,100.72428321069366,-43.46310334695061,183.325714846442,-605.7420926810074,0.5026902292046829,0.9525462962962966
1286,22.021058768988098,100.57772939499306,-43.97905518949099,183.46872789442523,-605.5791012338758,0.5032408854219124,0.9510030864197534
1287,18.2791154860288,104.49143720364697,-38.72636487532346,183.47377487675047,-604.5686579600238,0.48874424220560175,0.9621913580246918
1288,20.80845694363152,100.83979340296239,-42.855010397045305,183.16064258321038,-606.0032249806619,0.5022598636977867,0.9544753086419756
1289,21.134431882284623,99.5215921298114,-43.76064214944942,183.54317682551442,-606.9376728687952,0.5071496736863855,0.953703703703704
1290,26.176016327394358,94.83773873724192,-48.86211616128214,187.9783105423569,-607.1573477595123,0.5248414414845233,0.9408910006497728
1291,26.90807573892738,95.48021282192568,-49.46776680144761,187.5473518884456,-606.5282241792427,0.5224323817270967,0.9384746588693959
1292,16.316404167866665,106.00434040754705,-36.33628012556913,184.05735884029144,-604.8422116081932,0.48315432519076745,0.9683641975308647
1293,17.20282046009484,104.43993290327617,-37.87806873836429,183.2022684397169,-605.1751690609291,0.4889530974898947,0.9652777777777782
1294,17.560483820786885,105.26849551382658,-37.720083538064706,183.79707661219282,-604.514678417132,0.4858689717044063,0.9645061728395067
1295,22.102244570757655,98.12893857468406,-45.087267177898376,184.4220126953073,-607.5205806313029,0.512347221615443,0.951260288065844
1296,25.070407057219846,94.5140070679591,-47.939029693318744,188.0383558147308,-607.844174897387,0.5260347365193205,0.9442346220489497
1297,25.153092634877254,95.47245181921892,-48.03946678668386,187.1579246002626,-607.470064838064,0.5224092175045155,0.9435329579091766
1298,21.97010148539581,97.53189881243759,-45.15361380341387,184.77197678901635,-608.0176242149323,0.5145769438562943,0.9518389917695476
1299,24.288225727452286,95.03163879060047,-47.33418443097242,187.36950090447053,-608.1026173567511,0.5240474295275641,0.9462335751931271
1300,15.45281935182436,105.5553578112285,-35.85470439443043,183.52339932138887,-605.4985520811961,0.4848457159808476,0.9706790123456794
1301,14.941672023877317,105.74592333401263,-35.342391110495065,183.5487367887941,-605.6841868664281,0.4841475096768221,0.9722222222222227
1302,14.965595645628753,105.9254504078241,-35.27397519444176,183.6907003879841,-605.5946373494036,0.4834805328907029,0.9722222222222227
1303,14.98955265170477,106.09987075078855,-35.210084474996194,183.83260821677524,-605.5119596921832,0.4828322314545951,0.9722222222222227
1304,15.012127723846191,106.25927871091028,-35.15395839140484,183.9655850134017,-605.44017509367,0.48223936320026695,0.9722222222222227
1305,14.918462115531867,105.56634072460685,-35.413467463373976,183.41108778671352,-605.7782183869203,0.48481448646294123,0.9722222222222227
1306,15.441845179816212,105.46913206937904,-35.889790498816616,183.45909538768709,-605.545340298408,0.4851658648381847,0.9706790123456794
1307,14.898208692828888,105.40464472638156,-35.47965878980262,183.2910805772803,-605.8666188407437,0.4854147655704485,0.9722222222222227
1308,14.88058169854429,105.25903468819011,-35.54099159143687,183.18635604830087,-605.9491886948921,0.485955016767205,0.9722222222222227
1309,14.86354149245922,105.11332690793625,-35.60394320458947,183.08483878497938,-606.0345448955879,0.4864952679639616,0.9722222222222227
1310,14.847093670354468,104.96751935003059,-35.668445767702885,182.98658458831758,-606.1225899771515,0.4870355191607181,0.9722222222222227
1311,20.14463640420162,99.3032262757423,-43.048582343130136,183.4019169424056,-607.644268955292,0.5079456290050415,0.9565972222222224
1312,24.88221727977593,94.17878907638422,-47.748559467078955,188.31966225022927,-608.024061975391,0.5272987595190959,0.9449419265756986
1313,21.410074244240768,97.36989047232113,-44.738033136438695,184.75832719381748,-608.4264536500436,0.5151735913736929,0.9535108024691361
1314,19.49229843602582,99.07361925291288,-42.61303085263919,183.3501764924778,-608.1791554488601,0.5087914124155868,0.9585262345679014
1315,19.486496615217817,100.29170122064365,-42.05619059440922,182.95264634057145,-607.1722317961381,0.5042821398419948,0.9583333333333336
1316,18.996144028946006,99.44580530174512,-42.05137659555286,183.089580140054,-608.140523271717,0.5074074735852807,0.9598765432098768
1317,19.483419213239273,100.36484339439762,-42.017664534712296,182.9368307750947,-607.1120710383807,0.5040120142436166,0.9583333333333336
1318,19.484892232240725,100.32827379545398,-42.03694871335071,182.94460845706428,-607.1421703346789,0.5041470770428058,0.9583333333333336
1319,17.013844174719665,100.86852051457791,-39.74608552139518,182.30470690251073,-608.0031375824204,0.5021368652464905,0.9654063786008235
1320,16.859859407219915,100.75714457418889,-39.679119808415635,182.2829735559843,-608.1796442186042,0.502548218314233,0.965856481481482
1321,16.3892808853186,100.84252451711161,-39.25097239595805,182.16720757614092,-608.3586421867884,0.5022320362050449,0.9672067901234572
1322,21.06832308251124,95.58375501673324,-44.71061679795134,186.13259618871476,-609.6063833690687,0.5218627580962469,0.9552469135802472
1323,20.135600794864246,94.74465803664125,-43.942051555380345,186.70045022133817,-610.4193954408871,0.5249874516131963,0.9583333333333336
1324,20.342928455735702,95.9338249409362,-44.09970810697632,185.65843380896774,-609.831816259714,0.5205280071314936,0.9571759259259262
1325,18.558638521046987,97.87680488081445,-42.27766679117101,183.77659110483683,-609.5961115279304,0.5132238425128535,0.9615483539094652
1326,10.74006449520671,108.0410461418171,-30.973399923077498,184.5863679552897,-607.3238915352911,0.47574548015481344,0.9853395061728398
1327,8.867999860255964,108.05976478453363,-29.440141638875474,184.18153893508597,-608.3183563334325,0.47573400006933875,0.9907407407407411
1328,8.821997274801404,107.7834786290547,-29.49148155818435,183.91103878351439,-608.3688871041724,0.47675364991849334,0.9907407407407411
1329,8.844966856032585,107.92166020076805,-29.464801517222817,184.0458153389467,-608.3420384322451,0.4762438249939161,0.9907407407407411
1330,14.265105256124187,102.63554497952649,-36.51971602569562,181.81473094203216,-608.0185195698922,0.4956301055683437,0.9733796296296301
1331,14.262130556162063,102.56194308401567,-36.55980423887871,181.7966604828174,-608.0776099165059,0.4959002311667221,0.9733796296296301
1332,19.7094814669625,95.7041918265733,-43.59917158662579,185.71824422079771,-610.2792760512675,0.5213737905420389,0.9591049382716051
1333,13.462952920990048,102.6638002992859,-35.849529936113626,181.64133935467686,-608.4248572235441,0.4955312400873855,0.9756944444444449
1334,14.78251357695899,100.81249546018483,-37.95716504561989,181.8095660432546,-609.2409843269758,0.5023358839428153,0.9718364197530869
1335,14.944526689302336,100.03162061648963,-38.48052256175102,181.9936704717028,-609.8146914537405,0.5052104711995118,0.9714506172839511
1336,19.393203329956933,95.58880216381529,-43.34687214874376,185.74991635306642,-610.5000985159668,0.5217966822473116,0.9600694444444446
1337,14.381341251496494,100.78872214224796,-37.642490102868976,181.72217608717352,-609.4751146317193,0.5024215140015252,0.9729938271604943
1338,15.660887523862513,99.26231302644595,-39.41206799264802,182.4097471982479,-610.0706672770384,0.5080504425436181,0.9695216049382721
1339,17.576395624233143,96.98339312384368,-41.70074605485701,184.17624302358013,-610.7233627263676,0.5165362550347022,0.9646990740740743
1340,17.94640194861418,95.83140503861796,-42.15750377595515,185.20764334878683,-611.1617687057573,0.520848135919747,0.9641203703703706
1341,15.96539464697257,98.55356894617782,-39.939951519069986,182.80365161667044,-610.4722282773251,0.5106682586345208,0.9688143004115229
1342,15.126023966588221,99.25085235139868,-38.9807587633351,182.2938032374125,-610.3650527532573,0.5080850584562082,0.9710648148148152
1343,13.988136081475673,100.4834037604857,-37.47892024018555,181.67923237258316,-609.9434170500592,0.5035426255206853,0.9741512345679018
1344,11.028978945156723,104.29140556696736,-32.92874348392555,181.73214878401782,-608.5630086613145,0.48958445785625054,0.9830246913580251
1345,11.6087266405939,104.7403004742499,-33.152111431706246,182.11630626145757,-607.9798525406377,0.48792732243409526,0.9814814814814818
1346,11.58422483704851,104.49872050620908,-33.26556956043736,181.97017409070594,-608.137434810419,0.48881662481558763,0.9814814814814818
1347,11.562385273699249,104.26892542436563,-33.376528538328095,181.8401563856823,-608.2928568811019,0.48966146207800515,0.9814814814814818
1348,11.019870015198805,104.19326314879834,-32.9768400585826,181.6789835402771,-608.6307028621679,0.4899446253207549,0.9830246913580251
1349,11.54398284505028,104.06188002844962,-33.478810633945855,181.73064984671413,-608.4371765899571,0.4904218156141809,0.9814814814814818
1350,11.011090990067032,104.09505877954021,-33.025433575853434,181.6274297988256,-608.6993161454237,0.4903047927852593,0.9830246913580251
1351,11.513078395251426,103.66903715253406,-33.67817933976717,181.54321844657088,-608.7211301284132,0.49186248547219846,0.9814814814814818
1352,11.499157641345576,103.47246084993876,-33.78026254897177,181.45960433781696,-608.8677796089706,0.4925828204012072,0.9814814814814818
1353,11.527923167657633,103.86553088357302,-33.57764013138971,181.63360912537564,-608.5775161256552,0.4911421505431897,0.9814814814814818
1354,11.859849508884409,102.74511516274025,-34.495766691016556,181.30170435207512,-609.2179070223535,0.495243467259343,0.9803240740740745
1355,11.474628684368994,103.07909442467916,-33.98839812943655,181.3132119405302,-609.1692290464423,0.49402349025922465,0.9814814814814818
1356,11.48612043874418,103.27583402999288,-33.88372404889705,181.38289332663103,-609.0172255780672,0.4933031553302159,0.9814814814814818
1357,11.464478900963769,102.8823237892271,-34.09411908048379,181.2506867070316,-609.3235510248356,0.4947438251882334,0.9814814814814818
1358,11.455553527246025,102.68556020472462,-34.20072119193231,181.19544415365235,-609.4799525239866,0.49546416011724215,0.9814814814814818
1359,8.09347203991598,108.23244050670854,-28.756332731912,184.17141031197124,-608.7205858048845,0.47512041860773585,0.9930555555555558
1360,11.855665777444031,102.64671065872938,-34.549213059875164,181.2757369169232,-609.2964967412554,0.4956036347238474,0.9803240740740745
1361,11.441132278139094,102.2921052079301,-34.41590605560733,181.10731319732042,-609.7980381275202,0.4969048299752596,0.9814814814814818
1362,11.447805767944487,102.48881875881779,-34.308038753675646,181.1476108079096,-609.638194554635,0.49618449504625084,0.9814814814814818
1363,8.60841506173837,106.42597192980604,-29.855442778205365,182.65788556280168,-608.794659361573,0.48176684971409883,0.9907407407407411
1364,8.43014712756569,105.0659573176677,-30.384844901625584,181.60435526380044,-609.4921659323951,0.4867800495097043,0.990740740740741
1365,10.757918936838934,103.03193275805397,-33.43158909164636,181.13698500068122,-609.5873109438387,0.49420167437993795,0.9835390946502062
1366,13.291391450926454,99.31260817495745,-37.459164717420414,181.85667921246804,-611.2938216399739,0.5078385536824384,0.9763374485596712
1367,10.897806870112603,101.99157338812452,-34.14522970280947,180.9401332724949,-610.3313499564541,0.49800946391425993,0.9830246913580251
1368,10.399483211918053,103.00842767851076,-33.15322462564213,181.04901998603674,-609.7964278570536,0.49429076644029457,0.9845679012345683
1369,10.89615232274214,101.89313306966486,-34.19951902953428,180.92881204203542,-610.4127096596936,0.49836963137876433,0.9830246913580251
1370,10.894747572236554,101.79471064615976,-34.25382015172494,180.91947279508472,-610.4942887647579,0.4987297988432687,0.9830246913580251
1371,10.893740945232338,101.69630636602764,-34.308112329429825,180.91213136964708,-610.5760573604307,0.499089966307773,0.9830246913580251
1372,12.848889551598063,99.25868372927214,-37.121390307571865,181.7783486005473,-611.5739062772549,0.5080314834047416,0.9776234567901239
1373,12.658177070244292,99.42534698768036,-36.8945520831061,181.6713865605174,-611.5388404751712,0.5074169775368541,0.978137860082305
1374,6.43019262699525,107.90928436622146,-27.500739963023186,183.48594102833033,-609.6276829082049,0.4763749048850475,0.9976851851851856
1375,7.071537054382588,106.90234960158992,-28.397645796463532,182.71435670673435,-609.4698609872822,0.4800597611165731,0.9953703703703707
1376,5.799577094480256,108.91621540945654,-26.70985536389818,184.31107054246863,-609.9520821030251,0.47269004865352193,1.0000000000000004
1377,5.750713643056869,108.63977065859486,-26.735705993400515,184.03147674673895,-609.9629490924714,0.47370969850267647,1.0000000000000004
1378,5.688011495089256,108.27401524172537,-26.783195171074563,183.66473665370845,-609.997844304765,0.47505728152862525,1.0000000000000004
1379,5.633600821293584,107.95155199788086,-26.837203272535557,183.34573093787486,-610.0474995185908,0.4762442230694864,1.0000000000000004
1380,6.406961347359882,107.77066918001722,-27.527880461456864,183.3508648543071,-609.6552009400069,0.4768847298096248,0.9976851851851856
1381,5.579932199409413,107.62883490835269,-26.902241134534805,183.03185956531937,-610.1144400138953,0.47743116461034746,1.0000000000000004
1382,5.527344979036172,107.305879975448,-26.977946855180335,182.72443584409183,-610.1982492631729,0.47861810615120853,1.0000000000000004
1383,5.476472258641223,106.98267485441379,-27.06395853258018,182.4247730822421,-610.298510738918,0.47980504769206966,1.0000000000000004
1384,9.656567017127244,102.33131561165006,-32.93928199318681,180.7134425313164,-610.71940989337,0.4967696275518072,0.9866255144032925
1385,9.330091819925329,103.04757052805154,-32.25925291981794,180.8208524127027,-610.3379253922859,0.4941567225430632,0.9876543209876547
1386,8.25769845164507,103.02279376022861,-31.39919619827131,180.57201421329728,-610.9288667013952,0.49425369964226845,0.990740740740741
1387,9.016558995975629,103.7222267641896,-31.613956110492236,181.00425459683515,-610.0169528754899,0.4916978315319436,0.9886831275720168
1388,7.590534519288241,103.74491381330708,-30.43806673591338,180.693242280401,-610.7626875515722,0.49162998733791685,0.9927983539094654
1389,11.722654961396358,98.33956120534152,-36.5584419831502,181.96280740215812,-612.900869829044,0.5113948179622219,0.9810956790123461
1390,9.987142264780758,98.28729036483622,-35.16225562522437,181.60147468308992,-613.867660121726,0.5115640069241483,0.9861111111111115
1391,9.994749282943346,98.21373498113581,-35.193172350546774,181.64478169726044,-613.9190505760671,0.5118341325225264,0.9861111111111115
1392,10.002483520132358,98.14020387839457,-35.223681370748636,181.68896934774588,-613.9699109073737,0.5121042581209048,0.9861111111111115
1393,12.545815633911829,97.04273860812049,-37.59052369710547,182.99566936272265,-613.372341817022,0.516202964688707,0.9791666666666671
1394,7.189712189029109,103.07997587049705,-30.495668575371738,180.34990298139533,-611.4564565140294,0.4940549562520231,0.9938271604938276
1395,12.185422801652223,96.73795405998716,-37.3557201053246,183.14815911252924,-613.7522474982187,0.517324076207867,0.9803240740740745
1396,12.438171140651846,95.93924940094475,-37.66405894764703,183.8668519256177,-614.0535053733588,0.5202887053306896,0.9799382716049386
1397,5.671048640100125,104.28113064913047,-28.567839799442655,180.52073163463305,-611.4289145651021,0.4896935856484918,0.9984567901234573
1398,5.176031820208522,104.69923198925522,-27.931624031521462,180.64327531330494,-611.4361199629598,0.4881758679093184,1.0000000000000004
1399,5.143024608880339,104.36238455484623,-28.09179549191376,180.44503186697642,-611.6594012786594,0.48940523952149323,1.0000000000000004
1400,5.6566394029999,104.1183399093684,-28.647989818288693,180.43399964100314,-611.5419123849005,0.49028645390281994,0.9984567901234573
1401,5.112087792529678,104.01527958113849,-28.263083904720542,180.26059682593353,-611.9009821377549,0.4906700251307266,1.0000000000000004
1402,5.088552173960224,103.72564927317887,-28.410211848259987,180.12252054236072,-612.1105557040064,0.4917240131384211,1.0000000000000004
1403,5.064043033684712,103.3733620349304,-28.59353238060521,179.97448233376772,-612.3741231879801,0.4930046085677699,1.0000000000000004
1404,11.20625803102503,97.03746014973213,-36.50140839856056,182.69809908081535,-614.0910433857645,0.5161964817257971,0.9830246913580251
1405,17.799699849518433,90.29470389953461,-41.30715386775491,190.50024710938234,-612.3841944710048,0.54155184970356,0.9672925240054872
1406,6.115133585929243,103.0240480942553,-29.65202249506081,180.0908682447276,-612.071302696717,0.4942632937716662,0.9969135802469141
1407,6.800797863824144,102.33987154433422,-30.606370102322774,180.07305144904637,-612.2376866544877,0.49675131243938836,0.9948559670781898
1408,5.758319075982314,103.03202427202058,-29.357004214902524,180.01299907788166,-612.2561349194915,0.4942389775399196,0.9979423868312763
1409,5.04499734435278,103.04705522004933,-28.766961944961203,179.8572945447805,-612.6257941233154,0.4941903450764262,1.0000000000000004
1410,5.027106569623882,102.69025088109889,-28.959758033466635,179.75172942185964,-612.9080803605839,0.4954869479486418,1.0000000000000004
1411,8.270025324832929,99.64222272108813,-33.22249011150906,180.60924818327962,-613.7037482263188,0.5065918338015951,0.9907407407407411
1412,8.218099037764276,100.97504657482408,-32.521413443475154,180.31854434638603,-612.6086800153464,0.5017273497748326,0.990740740740741
1413,5.540220427273198,101.95253782851286,-29.801361851260893,179.73176288480812,-613.2234571409432,0.49816718494527246,0.9984567901234573
1414,5.013240847237128,102.32309343610758,-29.160538566135312,179.6685087306621,-613.2047729749524,0.49682090152088015,1.0000000000000004
1415,5.004669149664892,101.9561228267596,-29.36272589639924,179.6118432415376,-613.5063031003632,0.49815485509311846,1.0000000000000004
1416,5.537565104281143,101.77418824487583,-29.89974862668169,179.71419844670342,-613.3712028232634,0.4988154863813803,0.9984567901234573
1417,5.0005909236883355,101.62601830147604,-29.545014328254176,179.5842242356201,-613.7805429497165,0.49935541330813293,1.0000000000000004
1418,5.0,101.3289886640939,-29.708665000028866,179.57880674818722,-614.0287134270029,0.500435915701646,1.0000000000000004
1419,9.290679317623116,97.34500657599331,-34.87181362449282,182.04250146827764,-614.9136017084905,0.5150217951551705,0.9884259259259263
1420,8.393028164944496,98.16476335305852,-33.90481873140766,181.31338656865492,-614.8123494876817,0.5119965690251143,0.9907407407407411
1421,8.408611310077859,98.01741893591803,-33.96500195214752,181.40396348449028,-614.9130251673482,0.512536820221871,0.9907407407407411
1422,8.424812265616197,97.87019910740199,-34.02346216751968,181.49800704221235,-615.0114345667826,0.5130770714186275,0.9907407407407411
1423,9.533783549210355,96.54160293788205,-35.22879231767004,182.70561458871,-615.2831340357221,0.5179864242779931,0.9880401234567906
1424,7.062149228792094,98.08446303402876,-32.84623325491767,181.0601858737975,-615.5819614974204,0.51226699557646,0.9945987654320991
1425,16.635993439226738,88.04811198777975,-39.95197154639122,192.4245020271128,-613.3117214297525,0.5498340487487418,0.9717721193415639
1426,15.232519949714899,90.67539437485324,-39.28509279305696,189.54763316910913,-613.7020477158632,0.5399856009427243,0.9744941700960221
1427,8.850314513721102,95.7450263740275,-34.75825372949852,183.2253115278099,-616.0633565100833,0.5209039613122589,0.9903549382716053
1428,5.847849686050523,97.04683573918817,-32.134413321239066,181.4820528316501,-616.9472208464394,0.5160490549067234,0.9984567901234573
1429,5.257544619203188,97.47117772808707,-31.554160152127526,181.04551486890196,-616.9826475049205,0.5144824468173164,1.0000000000000004
1430,5.295092449850529,97.1764919494375,-31.65584481778638,181.26209518826175,-617.1592069545687,0.5155629492108293,1.0000000000000004
1431,5.3344258562366775,96.88192242156612,-31.74950589016648,181.49077665883289,-617.3248020266348,0.5166434516043426,1.0000000000000004
1432,5.375351782623937,96.58739197690903,-31.834948852848992,181.73057888719214,-617.4790374292434,0.5177239539978555,1.0000000000000004
1433,12.29585667924627,90.35943633644413,-36.83647439839668,189.19107066535162,-615.3137443713925,0.5409924191145025,0.9831104252400553
1434,13.885639198131827,88.07271093918,-37.71568690462724,191.77784475484435,-614.7758664873703,0.549554333454213,0.9796810699588482
1435,75.06155412901187,107.83480972130847,-83.53729080180989,198.94576162791103,-573.1729883377766,0.47427228018646206,0.8000000000000008
1436,75.23650328646079,108.86320598270699,-83.39062773087407,199.97026789533285,-573.0542296346935,0.47003511512796686,0.8000000000000008
1437,75.26759639366334,109.04322353022032,-83.37238683827893,200.15188293480017,-573.0449683087019,0.46929546675498746,0.8000000000000008
1438,72.86692626166628,105.11044746069477,-82.87838529472377,196.14986050400745,-575.0963537571229,0.4854074694607037,0.8051494476933072
1439,72.2213736134497,105.25180726849919,-82.27841655391856,196.10197056138122,-575.3690916240685,0.48485195903390255,0.8070581546458737
1440,70.20818726945099,107.32883675408843,-79.71389164324891,197.35980159718403,-575.7550286141538,0.47653042029092896,0.8137267841672069
1441,71.57635627417456,105.39330611092701,-81.67993600272908,196.05721574917854,-575.6444099817217,0.48429644860710125,0.80896686159844
1442,69.36094412142783,107.3913962865988,-79.00064562485228,197.22791759160327,-576.1960997973476,0.47629900460751884,0.8161955815464574
1443,72.18610661510456,103.23217010344065,-83.37629431871339,195.0135267733918,-576.6518154233518,0.4929165509003043,0.8066165123456792
1444,68.61914732583824,106.7319606463647,-78.6480295336378,196.4662413003425,-576.7258157966899,0.4789833983196616,0.8180298353909456
1445,69.36326957811123,105.09041275889557,-80.03301148153804,195.34782887186057,-576.9750573183404,0.48555484236256374,0.815234459605804
1446,70.57430992485253,103.03728000873477,-82.17552781826241,194.58478178226954,-577.655682150298,0.49370003091147274,0.8112258365821963
1447,69.66347493182242,102.90369010142919,-81.51066015926672,194.33813803628513,-578.2429731424745,0.49423693841018107,0.8138300032488629
1448,69.33592390893695,102.97436944208685,-81.20252315602517,194.28627993008456,-578.3641140048572,0.49395918319678045,0.8147843567251462
1449,69.05653154946002,102.82030795812408,-81.06439163933942,194.17743260467896,-578.630283924605,0.4945701487938853,0.8155661143599741
1450,73.89390634819367,97.35566543385751,-87.49296279435403,196.59455472575226,-580.4044898528427,0.5163252087637492,0.802340534979424
1451,74.70326546364221,97.37994008248754,-88.14674924027089,196.75943479295222,-579.9563341718917,0.5162455835944733,0.8000000000000008
1452,74.7376594388108,97.13121497511129,-88.22087274953192,196.9592399353241,-580.0893001040322,0.5172519352194868,0.8000000000000008
1453,74.86070925905916,96.17921130709922,-88.46730535669677,197.75224662074913,-580.5703172897475,0.5211193950613764,0.8000415132481411
1454,74.86898553228012,96.22211394904787,-88.46714826340157,197.71993729653033,-580.5409242176466,0.5209455748065771,0.8000000000000008
1455,74.8762623354221,96.17206303612946,-88.48051209350642,197.76202324884812,-580.5655131325842,0.5211491396385497,0.8000000000000008
1456,74.34599651964896,95.76193605033242,-88.0747565584327,198.00325531791864,-581.0410545771374,0.5227979887911554,0.8017133239477295
1457,73.01873848856279,95.71963604243139,-86.99558532773553,197.74050561964023,-581.7685672186249,0.5229214584317412,0.8055555555555557
1458,73.00816537227306,95.78604849938475,-86.98437171497163,197.67839041081695,-581.7452102326951,0.522651332833363,0.8055555555555557
1459,71.6664541802301,98.26497531581897,-85.42392439379108,195.4968839855669,-580.9550042806248,0.5126236566914253,0.8084490740740743
1460,71.6698284319481,98.23114534067199,-85.43785223464424,195.5173969033076,-580.9782574305958,0.5127587194906142,0.8084490740740743
1461,71.71259331355301,97.30820037571556,-85.72632625542452,196.13676030981955,-581.5998600887264,0.5164629411330414,0.8086419753086421
1462,72.29913765940682,96.46958421142192,-86.35015518858937,196.92636212275463,-581.786762229726,0.5198601927240678,0.8072916666666667
1463,63.277305639710306,106.89267193103709,-74.2280539201561,195.401563295256,-579.5316216604199,0.47850184416441444,0.8334856237816763
1464,72.33246458523158,96.2495218118512,-86.40175503233313,197.11945136812653,-581.8848133303098,0.5207503988797136,0.8072916666666667
1465,71.85301649118901,95.4761837164267,-86.05111932188717,197.69889794469168,-582.4927084437013,0.5238713844178954,0.8090277777777779
1466,73.73225477622668,94.74520941349144,-87.54920418320796,198.81338091257783,-581.7320389982808,0.5269327382953097,0.8039717348927876
1467,70.08592608277628,98.02284327433041,-84.21229300758752,195.28644397708638,-581.9772033948552,0.5135629101695505,0.813078703703704
1468,70.65977886035199,97.1687039370717,-84.89854182198962,196.00251498748503,-582.2514985043641,0.5169990682523321,0.8117283950617288
1469,73.47639583893435,94.32671684077201,-87.29257954630017,199.1598414353056,-581.9656333129027,0.5286398265145551,0.8049159356725146
1470,67.43623832477788,100.21491474371211,-81.16778271849655,193.7439062114845,-581.6410698547212,0.5048419624263059,0.8202160493827164
1471,70.72386797435297,96.2592677229999,-85.09074280261339,196.74817713169293,-582.7396211743855,0.520664383403004,0.8119212962962964
1472,61.65424923346869,106.41150724484223,-73.10611499081648,194.6197738708094,-580.5297738057534,0.4804625924154745,0.8379511181503139
1473,67.5779731958759,98.3044615133345,-82.0791350104106,194.5537800543699,-583.1084964716982,0.5123965312143105,0.8202160493827164
1474,64.8817216844489,100.4804086059862,-78.95401621868524,193.114639192665,-582.7805733579141,0.5037839479987012,0.8275462962962966
1475,64.48684877850712,100.29417266132808,-78.7249787558342,193.06314770183212,-583.1485072533015,0.5045115973468464,0.8287037037037039
1476,64.94108278203936,97.91924490872084,-80.05154778540145,194.1930649898835,-584.7986819814137,0.5138787352156753,0.8279320987654324
1477,57.65929785584442,106.74328375721112,-69.70775474440562,194.0020881440582,-582.562167856178,0.4792612291337742,0.8496013374485585
1478,57.03956103416983,107.40368637236313,-68.94793768344162,194.4559607677722,-582.7547443410084,0.4766636082864136,0.8516894087069511
1479,66.15756270551316,95.9093139531274,-81.40059681199973,196.02303772922653,-585.3520750309378,0.5219416072541753,0.8252314814814818
1480,56.6344365655529,106.98392495441297,-68.7751645443175,193.9828736747852,-583.0493408531513,0.47834059654310346,0.8526606833441615
1481,61.80788428323767,100.3091004810543,-76.53439930673319,192.4579528904,-584.5661201912498,0.5044383974891005,0.83641975308642
1482,61.53480212483882,100.44494477537019,-76.24417878271814,192.36914776569398,-584.5968511479551,0.503905215511927,0.8371913580246917
1483,55.866163912881476,107.22801794889402,-68.055289460845,194.0294269369016,-583.4088446558112,0.47739932358074616,0.8549856508555327
1484,61.0031223369696,100.34048037044776,-75.86300742950478,192.27046281219123,-584.9691920978184,0.5043112284891285,0.8387345679012348
1485,55.21506905298614,107.35018176657324,-67.47947780252044,193.99455879230905,-583.7343836418202,0.4769354072254676,0.8569180474333973
1486,61.91234104366909,98.72001838542782,-77.31525466470868,193.0549269654008,-585.8135717515958,0.5106617182219646,0.83641975308642
1487,56.55287795133711,105.11359719245728,-69.579766887846,192.4777334956768,-583.79652571225,0.4857170636051943,0.8521428958197959
1488,61.138145060879395,98.41122464808736,-76.79562548337069,193.04392500443345,-586.4652376989767,0.5118657972771331,0.8387345679012348
1489,60.74239853176745,98.35132201201117,-76.49372067062684,192.98843723783702,-586.7220193846738,0.5120958322205138,0.8398919753086422
1490,56.67166045166557,102.85703360183123,-70.9488612718701,191.40411640547384,-585.2135219071403,0.4945184003686353,0.8512528427550357
1491,56.38156941550775,103.00858446085577,-70.62460583072762,191.38501859595863,-585.2533901588439,0.4939320247956301,0.8521107456140352
1492,58.32698596165238,100.2973203575395,-73.70281072320635,191.67811765550712,-586.434287843197,0.5044635230387744,0.8464506172839508
1493,56.071800750082545,102.91649511843592,-70.42580773007951,191.2868142695063,-585.4885445969505,0.49429316231689624,0.852988953866147
1494,52.15050646660654,108.32612929915541,-64.67472204212302,194.22819393393112,-585.2908184906596,0.4731703153760385,0.8662179174788817
1495,55.17320631090519,103.01487221333346,-69.63617105882821,191.1153136821585,-585.893846448993,0.4939182133161357,0.8555931205328138
1496,58.46455567779927,98.36136560217061,-74.63415067946451,192.46993024909622,-587.9302563281872,0.512018091826779,0.8464506172839508
1497,58.172790673927395,98.60508669068889,-74.31072632783618,192.27253891888927,-587.8994849934421,0.5110593904201675,0.8472222222222223
1498,60.52445486637562,95.9518835992744,-76.81182844325656,194.7127810293908,-588.3424621298948,0.5215944076322353,0.8414351851851853
1499,50.616269884650464,107.0985265097663,-63.82293924731002,192.72705977797733,-586.2299529139254,0.47807010079252366,0.8700471761966645
1500,49.94794340975032,107.31722223622454,-63.19596398377953,192.77524439106259,-586.5441710388814,0.4772314210503317,0.8720726391596274
1501,55.996905220872456,98.2672875187968,-72.65495821552297,191.9682316786811,-589.3190291624702,0.5123480485436147,0.8535879629629632
1502,56.02675596370969,97.98898535445588,-72.76759318395784,192.14154746191414,-589.507833236274,0.5134367495777388,0.8535879629629632
1503,48.09735037824088,107.19335296642791,-61.7327868129923,192.24430562600187,-587.5521870811143,0.4777743406354914,0.8773452729044833
1504,55.66598058861879,97.11443237944546,-72.69636724294655,192.66299141755155,-590.2940654741159,0.5168644969543997,0.8549382716049386
1505,47.48806441548444,107.05304333285314,-61.28976350416309,191.98027894409256,-587.90545607696,0.47834054149143274,0.8790356968810914
1506,54.394035597595405,98.2303881928147,-71.36107332412176,191.62918258882527,-590.2031434324858,0.5124686593929138,0.858217592592593
1507,54.39772654452645,98.1957629824894,-71.37532564702995,191.6502358036694,-590.2269446628443,0.5126037221921028,0.858217592592593
1508,54.42253940089544,97.96775144797789,-71.46679887002298,191.79393499510294,-590.3805758658176,0.5134939283477487,0.858217592592593
1509,55.86687928147397,96.18525478332559,-73.00051515064995,193.45826819743414,-590.7169498615903,0.5205310136345174,0.8547453703703707
1510,55.12268507629815,97.17218491470253,-72.2416896045233,192.49742514901732,-590.5478906835265,0.516625727650943,0.8564814814814818
1511,54.59684796712783,97.09894727212593,-71.8285868651272,192.43390358496006,-590.8752758251751,0.5169026161344062,0.8580246913580251
1512,45.812010170773725,106.92201402265869,-59.97492911582157,191.48491827723876,-588.8283087013402,0.4789012238532785,0.8838040800303225
1513,54.26394767967163,96.15985266271383,-71.69745800794142,193.11871862920398,-591.5870729947953,0.5205881924045273,0.8593750000000003
1514,53.72608486578085,95.74471241276133,-71.28848820529718,193.3617778874222,-592.0721154054281,0.5222081869947859,0.8611111111111114
1515,53.737030613440645,95.67627542344303,-71.30018655941949,193.42570280643844,-592.0963930783711,0.522478312593164,0.8611111111111114
1516,53.74825685218477,95.60790232923576,-71.3113667782099,193.48997971932863,-592.1199190550132,0.5227484381915424,0.8611111111111114
1517,54.99174582191656,95.3716945215206,-72.32716219744611,193.9864976548518,-591.550429432034,0.5237199917077214,0.8576388888888893
1518,52.50566673871658,95.97950291157446,-70.28093476121259,192.87874641546105,-592.616135016155,0.5212494322577741,0.8645201609992061
1519,45.68935587498392,102.98825370202204,-61.92195866923768,188.97570466184996,-590.9745717849758,0.4940905674142829,0.8829089506172841
1520,53.07274476231511,94.89629577358252,-70.75111326941065,194.00010793551778,-592.7438367337854,0.525542475244613,0.8633954678362575
1521,53.60587631540002,94.19357122785269,-71.11200077817425,194.79720296171521,-592.6331046844168,0.5283503879542225,0.8622076023391814
1522,51.60707074107456,96.01534559269187,-69.54679271331074,192.64530853245853,-593.0794479677833,0.521085639127841,0.8670921774601115
1523,42.33832676236897,107.12029666926158,-57.06438966063095,190.87717312037975,-590.6340482865514,0.4782349462557389,0.893899244639376
1524,44.858699358033576,103.09931552747206,-61.180187528322705,188.82490930098413,-591.3345148263512,0.49367113604210305,0.8853202160493829
1525,51.16912569561975,95.8876314462826,-69.19938175307362,192.6590725954198,-593.3746350598349,0.521576298508146,0.8684108999350231
1526,40.47478333345218,108.1800138967066,-55.18846424589426,191.44687960377965,-591.5009825366826,0.47418191742742605,0.8997725795971403
1527,42.06207404453175,105.58472691018274,-57.525377905984726,189.5463714876013,-591.2942953566643,0.4841729233355335,0.8940515350877193
1528,41.409139132926775,105.63209506617511,-56.96957878669854,189.43398741676495,-591.6212806117531,0.4840057114504242,0.8959500893437297
1529,41.41603912225551,102.1861871776903,-58.90319949179876,187.82447775662465,-593.8829104749758,0.49717921046521885,0.8951260288065844
1530,40.45483074382207,102.7562393088373,-57.7909436304019,187.73140192456745,-593.9461043530814,0.4950158700559678,0.8979552469135803
1531,47.64042105787844,94.61137640419278,-66.30919875766035,193.04669993783688,-595.7342887458199,0.5264761390394508,0.8791829109811569
1532,37.82203402816068,105.29209036288462,-54.219373334845194,188.38016230934366,-593.696005545627,0.4853882758283784,0.9061586257309944
1533,39.21978199292106,103.2540774813288,-56.49589230140919,187.61045758065308,-594.2305810465474,0.4931354522661597,0.9015899122807018
1534,46.71130432922997,94.56358705625536,-65.54849750973762,192.8829874409112,-596.2444647143607,0.5266308093046419,0.8818835282651074
1535,36.72767029297642,106.01245906480186,-52.96901363303761,188.67017139832453,-593.957315774748,0.4826505145599125,0.9095800844704356
1536,43.65325455840179,97.48519729214487,-62.82723267200724,189.68896044238247,-596.4700433909683,0.5151725203379075,0.8894032921810701
1537,40.3647454389428,99.92216883918084,-59.246427608549205,187.73629156508048,-596.3390059824067,0.5057946697391408,0.8982445987654324
1538,41.10686160688937,98.86779121826852,-60.30638203075129,188.3039609958164,-596.8055514930243,0.5098179979662032,0.8963155864197534
1539,40.04272578311296,99.8914170965815,-58.99832345460881,187.6727232733862,-596.536487912128,0.5059084449692037,0.8991769547325107
1540,42.20367966659004,97.38297789358971,-61.67155561927195,189.43415607007728,-597.312316580372,0.5155365382220709,0.8936149691358029
1541,36.296423985036675,102.6082539774949,-54.488035568717464,186.75910714643481,-596.2804927131326,0.49560288274420355,0.9099151234567904
1542,36.03579121241293,100.10988105195146,-55.629826965664094,186.7133121285293,-598.4920102917775,0.5050544728733664,0.910686728395062
1543,41.587509399001945,93.98709041027129,-61.30407602321487,192.28463879057725,-599.1093019950898,0.528691161878917,0.8969298245614036
1544,40.350841309882455,94.16222398480437,-60.326084270840894,191.83286812818932,-599.7407954587308,0.5279528718715971,0.9004020467836261
1545,28.492543720356878,106.37750882059896,-46.087103265772505,187.1075742466709,-598.2136724355861,0.4814586271281466,0.9334490740740742
1546,37.10106188931156,95.88834204187464,-57.746093356273555,189.4827072589818,-600.8953397245616,0.5211671537593133,0.9089303118908385
1547,37.78133002852861,95.02231194711246,-58.31365404237984,190.426500962221,-600.8858598622244,0.5245230354736966,0.907376949317739
1548,35.99175870778171,96.42650542733116,-56.78962149547789,188.77276529881598,-601.2127331246543,0.5190738509634396,0.9118881308208797
1549,35.24049141803985,95.79261616684859,-56.237763022964245,189.1476504131236,-601.9347833236749,0.5214829190425527,0.9143315464587396
1550,26.986660380658456,104.1315671467505,-46.02246051687044,185.24100761100686,-600.1495881567965,0.4899595699732114,0.9370177469135806
1551,35.00788536816719,94.78798727194331,-56.04522023479332,190.02219074839272,-602.4459900052904,0.5253343403965286,0.9154788011695909
1552,32.674450181190814,96.73701186765008,-54.04224697697689,187.773200845427,-602.8083478946095,0.5178079272749102,0.9213120893798283
1553,30.579650179109663,96.36965592064043,-52.39002604675699,187.59907546179733,-604.136147377485,0.5191554086600064,0.9275007219695329
1554,27.783987616331608,101.94700870478512,-47.930769158887365,184.72855605272784,-601.35491638552,0.49813063949143177,0.9343814300411527
1555,27.100522469882137,101.78862443919938,-47.46384640904575,184.55959168594967,-601.8502429003893,0.4987272461963427,0.936342592592593
1556,24.740840456162132,105.55416476147563,-43.42310051641281,185.6189136716531,-600.5449801587794,0.48465083429083994,0.9439300411522638
1557,31.08429787962517,97.62616673405927,-52.55248570718858,186.76130645472605,-603.0859445473759,0.5143918480420988,0.9255559165403222
1558,30.043535357958042,97.37800344774075,-51.76797041170678,186.69815154420633,-603.8105712510901,0.5153134967172178,0.9286423362934085
1559,26.46871335355067,100.8216477836045,-47.47616450256226,184.43404600777822,-602.9982069313835,0.5023435208333693,0.9381751543209881
1560,27.95507648510892,99.0403173638443,-49.52261562770445,185.26811148817143,-603.6888534958639,0.5090119671237712,0.9341563786008231
1561,27.46699902661475,98.86985603895957,-49.19277935932005,185.23594824825258,-604.0858716666279,0.5096463046816803,0.9356031378600825
1562,29.070432175645145,96.80599889338386,-51.09544410980539,186.90630723363807,-604.6929113900579,0.5174635985267508,0.9316644556349722
1563,29.609653304385994,95.67625156022407,-51.66009670853212,187.98098288658807,-604.9988192446209,0.5217692792341262,0.9306029348061513
1564,29.20070057084073,96.0370594838659,-51.303417086746165,187.57052179685408,-605.04628588692,0.5203842735601653,0.9316159483069815
1565,21.338133009308656,105.1205170727391,-40.8756224014906,184.55051666807086,-602.5751921513249,0.48634201633271723,0.9535751028806587
1566,30.45766450544901,94.17370800332841,-52.28132216745371,189.58612974766515,-605.0390079208427,0.5275321471483092,0.9288905133203381
1567,28.725359888377163,95.81183480908531,-50.93315962135713,187.6603750446935,-605.4093883175756,0.5212274400826384,0.9330869612302362
1568,29.074347989008103,94.86483858537078,-51.22145467723027,188.60886787123016,-605.5980946589127,0.5248406179530334,0.9325319471518303
1569,29.69443027570525,94.32641423363752,-51.680062390080224,189.26515893075907,-605.4148889366445,0.5269181264639747,0.9310124269005847
1570,28.037566398440802,95.6450386567167,-50.38191600912787,187.65388355427498,-605.8531828458631,0.5218418725327177,0.9351445743989607
1571,27.09544072432235,96.51429413057203,-49.53405726912287,186.69452907486723,-605.9180286102921,0.5185237076591311,0.9374729261425169
1572,23.154898701670568,100.74484199878175,-44.81659079543459,183.69910882271964,-604.831844397737,0.5026212422544291,0.9477237654320991
1573,22.776822311373714,100.68921786610129,-44.53746082703844,183.62168078459158,-605.0809393349961,0.5028277899769235,0.9488168724279838
1574,22.63832779519157,99.74822258805804,-44.884408997541655,183.80553574859582,-605.9474936866824,0.5063234827964078,0.949331275720165
1575,23.83541717386757,98.91642654341135,-46.21556250753583,184.39749727362482,-605.9872078730091,0.509428105453882,0.9460519547325106
1576,26.124895392034226,96.43594967597446,-48.75440718310803,186.53953989891525,-606.4804330035809,0.5187952806010012,0.9403021442495131
1577,23.6518621634889,98.97707429902053,-46.04182487087124,184.3285666715163,-606.0367119438505,0.5091995324484091,0.9465663580246917
1578,23.277173743551423,98.92064602550265,-45.7589270796924,184.2700013958987,-606.281997889306,0.5094060801709035,0.9476594650205764
1579,18.09906718847128,105.29330284824742,-38.14597756667462,183.93589866636628,-604.2143883856514,0.4857645440622599,0.9629629629629635
1580,25.24726824978417,96.43317161680577,-48.040055580268806,186.34367177934047,-606.950929586205,0.5187836984897105,0.9428312937694032
1581,24.526782534631103,96.7824305212557,-47.39943075384908,185.89999866572236,-607.1342983338885,0.5174489475249573,0.9447603061150822
1582,22.36101660299788,98.93713913511297,-45.00571987870015,184.05648312604228,-606.7584302828631,0.5093353522059254,0.9502957818930045
1583,15.809241545085754,107.0971682647388,-35.44271011075896,184.86080917409743,-604.7679206359779,0.47910021859137686,0.9702932098765437
1584,15.265982058659915,107.87151568599909,-34.719492009085826,185.44859847633805,-604.930612984637,0.47623305353284734,0.9722222222222227
1585,15.29307424781625,108.03033585933362,-34.69081579173372,185.60495674738846,-604.9029243119884,0.4756395827624168,0.9722222222222227
1586,15.239259280397135,107.71255004848811,-34.750866392030396,185.2935202131376,-604.9625325267233,0.4768265243032779,0.9722222222222227
1587,15.161366419757982,107.2349956982881,-34.86073475625721,184.8375671563294,-605.0831647185754,0.4786069366145695,0.9722222222222227
1588,15.186933241418004,107.39426649571438,-34.82153214343226,184.98784438456397,-605.0388595587957,0.47801346584413895,0.9722222222222227
1589,15.32057217454502,108.189020798958,-34.664882117790256,185.7624348577195,-604.8795176738805,0.4750461119919863,0.9722222222222227
1590,15.136169683932565,107.07565392440269,-34.90245802340995,184.68921061022218,-605.1314960873798,0.479200407385,0.9722222222222227
1591,15.21290408679701,107.55345686223048,-34.78489456275127,185.13988212635647,-604.9986317731439,0.4774199950737084,0.9722222222222227
1592,15.79679495452659,107.01742988433774,-35.46429467168664,184.78731199937403,-604.7932542827143,0.4793969539765921,0.9702932098765437
1593,15.109931859960383,106.90790625540698,-34.949042357181085,184.53532634673104,-605.1866535410168,0.47982499287104124,0.9722222222222227
1594,15.78429987570118,106.93772084547405,-35.48649366341983,184.71434792022447,-604.8195759505564,0.4796936893618074,0.9702932098765437
1595,18.066549497878313,103.56014166939799,-39.08267670637226,182.97181825079318,-605.2995879413628,0.49219641694360283,0.9625771604938277
1596,15.771843715105987,106.85800957735589,-35.50930154618065,184.6419369230513,-604.8468792516636,0.4799904247470227,0.9702932098765437
1597,15.084370443052137,106.74279598208534,-34.99751596280538,184.38631273034127,-605.2451774827433,0.4804396786771286,0.9722222222222227
1598,15.759485675461178,106.77827512873584,-35.53271278019123,184.57009899425705,-604.8751577981955,0.48028716013223793,0.9702932098765437
1599,15.037288644967944,106.43134344490593,-35.0958645338258,184.11244698136971,-605.3668112838437,0.48159906548559256,0.9722222222222227
1600,15.058472346910051,106.57293053810437,-35.05005405425236,184.23571243879394,-605.3097174610748,0.4810720714817453,0.9722222222222227
1601,16.751694842406437,105.22298430351198,-37.084617182830975,183.58367230534736,-604.9697167445457,0.48605371134033104,0.9668209876543215
1602,20.466796031269865,100.07197383953466,-42.96254815360154,183.22480259374774,-606.8343467718248,0.5051027463514142,0.955536265432099
1603,23.70027772011646,95.88823741703078,-46.83711548742838,186.45780620716488,-608.0594023195326,0.5207960995360322,0.9475252238105554
1604,20.814511331250415,96.35454845244986,-44.4404554092926,185.4073471620535,-609.3624822696278,0.5189656603730189,0.9556327160493829
1605,14.124118044237079,103.67211646624548,-35.80488291235308,182.1319884789103,-607.3249781192012,0.4918236308208084,0.9739583333333338
1606,14.118840839675002,103.59858120118741,-35.842846723874416,182.09985670785994,-607.3794103610605,0.4920937564191866,0.9739583333333338
1607,14.113698860833892,103.52503210492057,-35.8810188428811,182.0686789156715,-607.4342561697486,0.49236388201756487,0.9739583333333338
1608,14.108730239457103,103.45146800427665,-35.91939058461624,182.03846172931233,-607.4895030195636,0.4926340076159432,0.9739583333333338
1609,12.519725041750888,103.70282225418852,-34.479546058568516,181.7840452082093,-608.1603866360101,0.4917292812607404,0.9785879629629634
1610,12.510931557919307,103.58150812333722,-34.542143832546365,181.73094897952774,-608.2501272085433,0.4921739324514866,0.9785879629629634
1611,12.502921727308717,103.46622588603293,-34.60213069325726,181.68291358045815,-608.3364140859729,0.49259635108269534,0.9785879629629634
1612,15.862250358322058,97.73811897228971,-40.12098585039093,183.25701749112255,-611.1340536021592,0.5136885394304093,0.9693608539094651
1613,8.345487086804454,107.32947696121462,-29.265527069634356,183.38445921061182,-608.6932124303842,0.4784436341609174,0.9918981481481485
1614,10.472594389321202,104.06053568109138,-32.60610256998274,181.48909080045132,-609.0096299591037,0.49043843087579414,0.9845679012345683
1615,9.553874796712208,104.72816602521671,-31.483904683952513,181.64642434233,-609.083168534569,0.48800294961364477,0.9873971193415642
1616,17.866474116389938,93.06848279308903,-41.85554080613127,187.81404333655274,-611.9561866940174,0.5311999928116535,0.9657064471879289
1617,7.235512543224402,104.75673382072642,-29.578702247669852,181.14139919748266,-610.303563077946,0.48793440943318706,0.994084362139918
1618,9.732145961506703,101.31861867779139,-33.57062820336348,180.64203497947733,-611.5114085680995,0.500475100726808,0.986368312757202
1619,16.582361254363335,93.26272707194082,-40.84540872228753,187.33380106935562,-612.6160787778763,0.5304168684312356,0.9693072702331964
1620,16.301167223105637,94.48098391432819,-40.80226351001909,186.08607730677755,-612.5483337187503,0.5258475190295897,0.9695073159579333
1621,8.219929569243163,101.99853427780332,-31.958467841525763,180.33922817242032,-611.7552010408144,0.49799052470855054,0.990740740740741
1622,15.483115282066748,93.80441978050887,-40.0476401551109,186.55693566075507,-613.1278008704962,0.5283472105845111,0.9722007887517148
1623,14.9286263537672,94.93348368909093,-39.714836260967736,185.3438392164885,-613.1442583016185,0.5241061988969398,0.9732367398262463
1624,6.191195035995278,104.10645780084775,-29.090457388972634,180.54841519028403,-611.2643303216187,0.49032292825044005,0.9969135802469141
1625,14.52185295091283,93.93909733073481,-39.288287488350726,186.20757423554045,-613.6211546680847,0.5278048882322608,0.9749014060356656
1626,13.82361984130523,94.60414603829697,-38.797444759431635,185.40699878608368,-613.8400573975568,0.525299493931737,0.9765803612254232
1627,6.696661280567341,101.32696732029714,-31.092396267272807,179.9599428707106,-613.1251472749284,0.5004449610570036,0.9951131687242802
1628,6.428802201308315,101.60084943261313,-30.723372904431617,179.9039567723783,-613.0394474772477,0.4994476686267536,0.995884773662552
1629,13.828057325201698,93.30638997648258,-38.61356576571139,186.66776215442087,-614.0850042377546,0.530137153136707,0.9772162208504804
1630,9.759918833115591,97.340548362871,-35.25504421473606,182.1510710761417,-614.665606278236,0.5150453411994489,0.987075617283951
1631,12.359005580516367,93.15482137697408,-37.3913092229369,186.4834013879327,-614.8933542498851,0.530640562222596,0.9815243484224968
1632,11.276553575838307,93.7487548470981,-36.61914274113662,185.65748370537978,-615.390025980685,0.5283832382934245,0.9843392775491545
1633,9.319367677465834,95.74252732012816,-35.14046185635482,183.33390549554824,-615.813809585674,0.5209275073565374,0.98900462962963
1634,6.262371193137227,96.02642012459413,-32.62866939853873,182.39636116256045,-617.3105041625254,0.5198037405335878,0.9976851851851858
1635,5.418411232579757,96.29294763906819,-31.911979189415096,181.98052147991623,-617.6215178705196,0.5188044563913687,1.0000000000000004
1636,5.46310231102369,95.99858409453904,-31.980402383445963,182.239624043582,-617.7518480585885,0.5198849587848817,1.0000000000000004
1637,5.508987744424942,95.70429275426997,-32.04002391852277,182.5069061847662,-617.8696327015749,0.5209654611783949,1.0000000000000004
1638,74.98574753186233,107.39153627842026,-83.59131607956937,198.50119683473983,-573.2099061900283,0.47610047725234594,0.8000000000000008
1639,69.92159778506351,106.5756237115438,-79.77568560101525,196.62339871258104,-576.0751420998737,0.47958016880881327,0.8142098833116731
1640,70.84604333480723,103.78174861910784,-81.96677027371335,194.93764798247275,-576.9772634064085,0.49074757313093387,0.8105887548732942
1641,71.69420072345687,99.04224152219548,-85.16267753932435,195.1030048570228,-580.337597942271,0.5095272176776301,0.8081597222222223
1642,75.04244260473487,95.15060767447524,-88.6397688164198,198.7254000274076,-580.9054864737342,0.5253241822477155,0.8000000000000008
1643,74.88081768298102,96.14399982660724,-88.484885452149,197.78850847416655,-580.5748521984074,0.5212638240509285,0.8000000000000008
1644,74.98955256697553,95.46772317239677,-88.60111665093778,198.4191057687642,-580.8156060035122,0.524025599220815,0.8000000000000008
1645,70.8792767375102,98.11231142376695,-84.83134318610419,195.41015403856787,-581.4880975754002,0.5132191745677153,0.810763888888889
1646,71.18741285534404,97.22876488789657,-85.31576474156482,196.0767194737327,-581.9314612875985,0.5167699111844419,0.8101851851851853
1647,73.24567525771693,95.02092275769085,-87.17348991581956,198.43957308633222,-581.9107170634045,0.5257806424731482,0.8052357456140351
1648,71.51366756672644,96.34994958418795,-85.72436921062639,196.8493010147002,-582.2703727895681,0.5203206478011686,0.8096064814814816
1649,62.35079829192699,105.66339191694483,-74.02393187310366,194.17796173338218,-580.4409461685294,0.4834200463102416,0.8356422257418237
1650,70.74486947011485,95.49542038312595,-85.14889638794678,197.43102910124404,-583.0777352716182,0.5237558178974453,0.8122106481481483
1651,62.03101975737087,105.25930652299657,-73.96814724016524,193.8124452329169,-580.7998512355166,0.485028963623766,0.8364138306800954
1652,55.48553616367988,106.3555780949143,-68.10293443920888,193.17991503753902,-583.8356751737977,0.4808555989341523,0.8556929553822821
1653,60.61543806700351,96.67775990765521,-76.80618470330663,194.1200078851847,-587.9129943185734,0.5187119941316636,0.8408564814814816
1654,50.24605449628554,106.36371856717287,-63.827618560464856,192.00521760026965,-586.6250233620592,0.4809581781407217,0.8707874769872213
1655,55.2137587772319,98.07716656932824,-72.0779545712862,191.9044770121935,-589.8781332116739,0.5130785956225536,0.8559027777777781
1656,54.22000458598613,99.0263171768517,-70.92796479983714,191.17992829788403,-589.6795406089788,0.5093704180849499,0.8585069444444449
1657,56.09121233688964,95.40496757599993,-73.22216056901416,194.2041206117108,-590.9493148493162,0.5236242504231274,0.8544560185185189
1658,54.78832518461542,96.23347835349941,-72.11723010916694,193.17373675218803,-591.2689597476096,0.5203113039210638,0.8578317901234571
1659,52.44022216803112,96.7941702988844,-70.1288489951634,192.1837646596127,-592.2138161419693,0.5180512568298201,0.864358845931702
1660,53.67479725529762,94.89932526139424,-71.24131933058324,194.13264796432833,-592.4204404400094,0.5255494130728824,0.8616593567251464
1661,44.56283739865584,103.8993699061288,-60.47762427392876,189.0812626688495,-590.9239051819665,0.49061325272690187,0.8863329475308642
1662,47.82926896825312,95.41747415463688,-66.49700374055081,192.3298420707978,-595.3647751304304,0.523320483021611,0.878248862897986
1663,46.899568431142804,95.37082977408416,-65.74032750936657,192.16323469681083,-595.8807741665331,0.523475153286802,0.8809494801819366
1664,46.43474506095249,95.34736037137911,-65.36191447612569,192.0800182839844,-596.1386686941906,0.5235524884193976,0.8822997888239119
1665,41.26770751488584,98.07775084059001,-60.716193910998776,188.7656619749556,-597.3250653809034,0.5128448457164207,0.8960744598765434
1666,41.77725889997245,95.15956636625589,-61.56933738857664,191.20149486675186,-598.7000637754812,0.524128080818774,0.8958028752436649
1667,41.155333278716476,95.27539215728606,-61.064764340405006,190.95303581993474,-598.9898411681409,0.5236576387157224,0.897538986354776
1668,40.82167706486753,94.86575438771933,-60.78040967792621,191.26238821519348,-599.3103832219527,0.5252364439574507,0.8986963937621835
1669,40.2037552958715,94.95491173851435,-60.28220629755058,191.03783323273913,-599.6122713477907,0.5248672989537908,0.9004325048732947
1670,26.986134666735474,104.96493606088767,-45.56105986927757,185.720714041394,-599.6473650790183,0.4868282570363788,0.9372588734567904
1671,30.89587510814622,98.82345776689345,-52.00345688266866,186.02855969901108,-602.2923182746987,0.5098603776893569,0.9257409212331241
1672,30.34846706467357,98.46264218415828,-51.69135153843233,186.0888143263525,-602.865925189266,0.5112138839538972,0.9274127319327126
1673,26.45171260009007,102.0484835897011,-46.78789037712162,184.44184126139936,-601.9829925144613,0.4977550050567751,0.9382233796296299
1674,25.70896749380713,101.60009692029232,-46.43569854767134,184.23528850387274,-602.7490453886132,0.49943407108039706,0.9403452932098769
1675,30.03168153162025,94.92379404951315,-52.00314830686933,188.77015433831207,-605.0668527926728,0.5246507131912177,0.9297467240632447
1676,26.653560751593275,97.42635284201727,-48.996049875020724,185.9015118381109,-605.5891568925211,0.5150697563146094,0.9383866688325755
1677,26.167512277270774,97.38737061845131,-48.609401435239654,185.81900672927495,-605.8746776508143,0.5152055427855444,0.9398012778860735
1678,28.215223480639843,94.82709815898208,-50.52030746310783,188.4504065058177,-606.0699665475549,0.5249552594997268,0.9350249981950763
1679,26.146069287314297,95.63581657269305,-48.84246772102283,187.2340850387263,-606.8683526758424,0.5218183610427622,0.940596572449643
1680,22.180289477753526,99.7567265880149,-44.507186920755885,183.6998816599977,-606.1848822360733,0.5062881188139189,0.9506494341563789
1681,23.184198616197634,97.83196484340601,-46.060128104699665,184.84770540786772,-607.1591306713258,0.5134754248577019,0.9482381687242801
1682,13.707060235518298,104.63815301023708,-34.91887725665236,182.52826447717507,-606.920265601469,0.48827188386184084,0.975405092592593
1683,13.698994377656575,104.55672993532629,-34.95715820193335,182.47931687369228,-606.9734704515753,0.48857202341559447,0.975405092592593
1684,13.691801882106603,104.48342579060314,-34.991951203424044,182.4361803822467,-607.0219649378967,0.4888421490139727,0.975405092592593
1685,12.103772422976732,104.67097300001619,-33.5937749473105,182.18631464570822,-607.7566398374744,0.48817599998068884,0.9800347222222225
1686,12.092982009440632,104.56526970202067,-33.64339303818651,182.12242813023389,-607.8255566338798,0.48856509722019603,0.9800347222222225
1687,12.081947667464874,104.45353625969074,-33.69653959584123,182.05689909714337,-607.8996691325709,0.4889761525431969,0.9800347222222225
1688,12.357616126190464,102.64408324617335,-34.95992212961825,181.38793835058192,-609.0305275995424,0.49561040006459145,0.9788773148148152
1689,18.625584053959216,94.32983341075057,-42.677704654365016,186.75798698574604,-611.3419678724216,0.5264983375294825,0.9628879458161868
1690,17.90155024187706,94.44959646250197,-42.10127467633733,186.47901868727624,-611.6997501325077,0.5260240643657003,0.9649134087791498
1691,16.02815603808878,95.70119419188408,-40.60293231423894,184.88862068924547,-612.2483223443609,0.5212781696279437,0.9697073616826704
1692,15.344441023135559,95.9293450127541,-40.03120865503401,184.53298210796524,-612.5052877848217,0.5204075095616187,0.971572073616827
1693,14.385469564433933,96.06808232446116,-39.23799674860756,184.19632803105065,-612.9484730391663,0.5198651872093685,0.9742726909007778
1694,13.830435511456841,95.90383299986921,-38.80054785010768,184.21322218838625,-613.3271713489336,0.5204618347267671,0.9759445016003662
1695,12.392521330718594,94.54666704556585,-37.62844939849938,185.1382384737848,-614.6228261486139,0.5254646337766429,0.9807313100137176
1696,11.851799800951781,94.8437355019494,-37.20836348198212,184.73170489051867,-614.8201368787139,0.524335971812057,0.9821387745770465
1697,10.3950548089161,95.14221854159572,-36.031305124990794,184.12316848113682,-615.4937803193321,0.5231848312857088,0.9861897005029725
1698,10.65966636141708,95.77373975295427,-36.22863937331921,183.61043263716397,-615.0841232149021,0.520855381432405,0.9851346974546568
1699,11.225127559614464,95.39018537745139,-36.705381927266544,184.08220818875466,-614.9513553347533,0.5222898600096109,0.9836819844535898
1700,10.294725922157355,94.74350817640959,-35.93640513400927,184.4741177923143,-615.6857511147995,0.524655372824981,0.9866719535893921
1701,74.96397965995261,107.26247295331268,-83.61504251216134,198.3744611845907,-573.2330832624572,0.47663164950085246,0.8000000000000008
1702,62.378199979780156,106.50320578432769,-73.65684643794738,194.86031321365422,-580.1155830748094,0.48008004494530915,0.8359040807071689
1703,44.7808723898609,104.6660545339614,-60.225969248550136,189.5421149436009,-590.3238678769984,0.48766616516942873,0.8859086494206194
1704,44.36554149300873,103.11008282173569,-60.771994613624834,188.71761555394076,-591.5897805991314,0.49363426357545215,0.886742862654321
1705,47.457177542630305,96.2542799641478,-66.1462188763048,191.5048889525134,-595.1780117158054,0.5200427430242406,0.8789392462638079
1706,46.99208876668602,96.23153594719854,-65.76978492861015,191.41950836637452,-595.4386941219423,0.520120078156836,0.8802895549057832
1707,14.37127879505995,105.60764868305432,-34.946525130713056,183.3178064916911,-606.0508040935483,0.48467197767179304,0.973813657407408
1708,14.362304858665752,105.53659488655126,-34.975117533499294,183.26422493422967,-606.0888129515521,0.48493547467371667,0.973813657407408
1709,14.35147032101662,105.4502584252457,-35.01040075167704,183.20008813285648,-606.1359177377107,0.4852556235310539,0.973813657407408
1710,14.34159786572134,105.37029598520874,-35.04359629015451,183.1416665166127,-606.1804305720289,0.48555205765821796,0.973813657407408
1711,12.760163996569858,105.57543190728077,-33.6496558638664,182.93046357882017,-606.9254734048395,0.48482603695864956,0.9784432870370373
1712,12.746479160575504,105.46556121484274,-33.69430346373507,182.84859733790904,-606.985008206048,0.48523205571080685,0.9784432870370373
1713,13.564851788332263,103.57481687142185,-35.40495420683803,181.96542358198656,-607.6919636353565,0.4921866945506791,0.9755497685185189
1714,18.284322928862025,95.07993845576132,-42.44907227297216,185.96693634495182,-611.2980802525983,0.5236732367246147,0.9635041580932787
1715,11.210527637998169,96.21325722768877,-36.63748581785099,183.35543536207643,-614.5694821371417,0.519243170867704,0.9833533379058075
1716,10.203701845918786,96.55589304568511,-35.77207531191587,182.8455047267266,-614.9172315713326,0.5179503613159269,0.9861051573693038
1717,11.24850429847531,94.5687233709385,-36.70072572561187,184.85677897189706,-615.2278201711974,0.5253365491515176,0.9840106310013721
1718,13.977947917721764,106.56681598536963,-34.171637098513536,183.986199259866,-605.8877121018415,0.481123016016179,0.9753327546296299
1719,13.965769629043152,106.48688894409278,-34.19731721571909,183.91650924521124,-605.9196573069397,0.48141975140139426,0.9753327546296299
1720,13.95401747047616,106.40691019912808,-34.2235763858874,183.84749017599304,-605.9525507777038,0.4817164867866095,0.9753327546296299
1721,13.942291911360002,106.32693483354679,-34.25040904977555,183.77916212918836,-605.9863861059167,0.4820132221718248,0.9753327546296299
1722,12.62231193884007,104.58628667842966,-34.06336240788439,182.2535949016403,-607.5305103236892,0.48848066848577365,0.9785156250000004
1723,14.657528899215052,107.45955100505778,-34.36590897854645,184.92749669323075,-605.3094567100261,0.47778782861886737,0.9737774884259263
1724,14.64463728888694,107.37978020823596,-34.38470185342263,184.85171900206396,-605.3303156473587,0.47808456400408267,0.9737774884259263
1725,13.815781664531343,105.48368922664693,-34.55662022796069,183.1029830950165,-606.4055788926612,0.48514255301683284,0.9753689236111114
