vertex,flat_x_mm,flat_y_mm,source_x_mm,source_y_mm,source_z_mm,u,v
0,21.773233353242357,154.46129806402422,51.895804864813826,404.3188378939975,0.15846272755417218,16.706117267244007,0.068857830270405
1,6.97409952975295,152.3380818874421,51.30538186801972,389.649996632632,-2.629844264609437,16.374117367283922,-7.586050932221103e-17
2,7.1250737604028895,155.2482961853077,52.0022214523037,389.649996631468,0.199741449618027,16.971726121508063,-4.30859848952612e-14
3,12.796348745019527,10.136498426311224,-55.186360516001315,395.5612392183063,-4.851849085254318,-0.16824220652327304,0.027736608263567067
4,18.877581097873723,5.3183095766860475,-56.60506611047314,401.4691489618481,-0.037409537172575724,-0.2416007997378884,0.05547321652713507
5,7.053631295761651,5.0,-56.3722744130641,389.649996632629,-0.0454107253073723,-0.2699155407425064,-9.483269479351707e-16
6,10.728994996869467,12.85575149720057,-54.23143808737023,393.59119790236434,-7.471377365314996,-0.12434135018130693,0.018491072175711065
7,12.736643985502761,11.808253284758498,-54.64471155958063,395.56123921830675,-6.434414491257778,-0.13907021861763158,0.027736608263567067
8,12.678168767677573,13.480161339110186,-54.05504126982582,395.5612392183072,-7.999926902752362,-0.10989823071199009,0.02773660826356707
9,10.649730352822125,15.079911317248621,-53.39887759267103,393.59119790236474,-9.53532831199242,-0.0854453663071183,0.018491072175711068
10,12.618510600675588,15.152292172365122,-53.417864810464266,395.5612392183076,-9.546926203186521,-0.08072624280634866,0.02773660826356707
11,12.575941951382742,16.337702954819665,-52.93781338245754,395.56123921830795,-10.631281867196636,-0.060051963718690954,0.02773660826356707
12,10.569754773545261,17.304555367433174,-52.483510074134934,393.59119790236514,-11.564163899324491,-0.04654938243292969,0.01849107217571107
13,12.533039918336177,17.523238835681127,-52.43434362024726,395.56123921830823,-11.705086042092454,-0.03937768463103325,0.027736608263567074
14,10.500465007868206,19.205459888044533,-51.63679112659755,393.5911979023655,-13.267110745824107,-0.013318537770730277,0.01849107217571107
15,12.492412493129363,18.643485080484755,-51.93724194636989,395.5612392183085,-12.709599053146654,-0.019841782944483632,0.027736608263567074
16,12.451705630732231,19.76409162488253,-51.41954833711816,395.5612392183088,-13.703787972993624,-0.00030588125793423737,0.027736608263567074
17,10.442362497148245,20.79230837544634,-50.884702619682464,393.59119790236576,-14.666098754343253,0.014247167679479977,0.01849107217571107
18,12.409229839634474,20.90336463372908,-50.87224716495193,395.5612392183092,-14.703954777029388,0.01923002042861527,0.027736608263567074
19,10.38159438970369,22.399446516460962,-50.08238805557892,393.59119790236616,-16.06057049420528,0.04105395486228486,0.018491072175711075
20,12.364667037325404,22.07993312819982,-50.28545794863588,395.5612392183096,-15.72533982968761,0.038765922115164775,0.027736608263567077
21,12.31988863223497,23.291795946765824,-49.65890787944735,395.56123921831016,-16.76426187618794,0.05830182380171439,0.027736608263567077
22,10.321333680853355,24.024461618019636,-49.231106986772105,393.5911979023667,-17.446310836548776,0.0671018237776842,0.018491072175711075
23,12.273175541628644,24.53646839168668,-48.992326451524825,395.5612392183108,-17.81703529348041,0.0778377254882639,0.027736608263567077
24,10.258216017753131,25.70567298297917,-48.30854682519457,393.5911979023673,-18.853558539688848,0.09314969269308354,0.018491072175711075
25,12.224977785718858,25.811609669345145,-48.28544315900681,395.5612392183116,-18.87997445851505,0.0973736271748134,0.02773660826356708
26,10.193529268349533,27.43754315897928,-47.31408585661264,393.5911979023681,-20.273600033188607,0.11919756160848288,0.01849107217571108
27,12.176372218394665,27.115125737563073,-47.53798749603178,395.56123921831244,-19.949393748241896,0.11690952886136291,0.02773660826356708
28,12.128128282499583,28.444828709327755,-46.74974705241695,395.56123921831346,-21.021623967072568,0.13644543054791247,0.02773660826356708
29,10.128348977873317,29.21535501025539,-46.24739161326361,393.59119790236906,-21.697803929128924,0.14524543052388222,0.01849107217571108
30,12.078618196402205,29.797986008077412,-45.921269538666536,395.56123921831454,-22.093210855428733,0.15598133223446198,0.02773660826356708
31,10.06236817081537,31.03334422913949,-45.11017659800012,393.59119790237014,-23.11811986944184,0.17129329943928162,0.01849107217571108
32,12.02854927245962,31.172296806786964,-45.05363656405464,395.5612392183158,-23.160851121957673,0.17551723392101148,0.02773660826356708
33,9.995168231120832,32.885098773430485,-43.90503480289653,393.5911979023714,-24.526747950294478,0.19734116835468102,0.018491072175711082
34,11.977882657393017,32.5652436231521,-44.1479408116261,395.56123921831716,-24.221244606588506,0.195053135607561,0.02773660826356708
35,11.910683489342764,34.44768177254864,-42.88302629754091,395.5612392183192,-25.618125833885326,0.22110100452295967,0.027736608263567088
36,9.927359610122203,34.76594470397879,-42.63456367937046,393.59119790237276,-25.915889250744225,0.22338903727008036,0.018491072175711085
37,11.834948534800201,36.59313238597296,-41.38465539246414,395.56123921832176,-27.15745813792662,0.250404857052784,0.027736608263567088
38,9.86131938190454,36.6707276674289,-41.301358758838596,393.5911979023743,-27.277742510639143,0.2494369061854797,0.018491072175711085
39,9.796908233459417,38.593276194124975,-39.90791876641972,393.591197902376,-28.604087270057214,0.27548477510087915,0.018491072175711085
40,12.89482869672107,80.76366362022647,-1.4601697374821887,397.53411551784313,-43.13998295155464,1.7669409463152017,0.03699720334426545
41,8.968633035640716,77.50970606630558,-4.68204165178937,393.59119790242977,-43.24315795222083,1.0765588533539243,0.018491072175711127
42,5.015367281634074,79.7683409861874,-2.409010043551546,389.649996632632,-43.44033431674631,1.5058715576672714,-8.552416570056329e-16
43,12.902005897406067,78.9148235612205,-3.3083368853092594,397.5341155178374,-43.13737092085959,1.391236734678479,0.03699720334426543
44,5.003080650896372,82.01543071992172,-0.16847375091413497,389.649996632632,-43.403221642208685,1.96540580213239,-8.311532519955849e-16
45,16.845618132656355,79.01006966348999,-3.2383430988027238,401.47393586234733,-42.98392017847881,1.4379413961740477,0.05549580501639857
46,12.892534002955538,82.95494735959444,0.7277731323090801,397.5341155178499,-43.063434281058655,2.2119932066119015,0.03699720334426547
47,5.0,84.2622425863859,2.0686612468693073,389.649996632632,-43.275562903089515,2.4249400465975097,-8.070648469855306e-16
48,5.006675723963328,87.52596097096134,5.305152039991845,389.649996632632,-42.929336885596136,3.0925184370425587,-7.720709399183519e-16
49,16.84076855211392,80.65712846043232,-1.590245966462433,401.47393586235467,-42.985793770409,1.7717305913965729,0.05549580501639859
50,22.760357905871018,80.52090588008276,-1.7559392044883038,407.38831971241075,-42.7432650595069,1.7827278955294186,0.0832787243445313
51,16.837869452385597,85.06226432185098,2.809696561514114,401.4789068258977,-42.75015801467787,2.664377002997165,0.05551914956302064
52,22.755600094176057,82.17280723674544,-0.10059334666924746,407.38831971242087,-42.69889860085575,2.1165170907519433,0.08327872434453133
53,16.841769385137194,87.2590024823262,4.993091424422368,401.4789068259074,-42.50241870242819,3.1094292632938645,0.05551914956302066
54,22.752690782031525,83.8258275800442,1.552620825171131,407.3883197124311,-42.60505073655523,2.4503062859744675,0.08327872434453135
55,16.85439347133672,89.45734854153264,7.165174081453362,401.47890682591714,-42.16851602363363,3.554481523590565,0.05551914956302068
56,5.021302209315396,90.78914645600858,8.516015580405371,389.649996632632,-42.39394694573809,3.7600968274876085,-7.370770328511605e-16
57,5.049727849570033,94.05234244638343,11.690133717088546,389.649996632632,-41.67149018524579,4.427675217932658,-7.020831257839818e-16
58,22.756546541778352,85.47893008333482,3.2022931496046323,407.38831971244133,-42.46187000673531,2.784095481196993,0.08327872434453136
59,32.62550173106048,80.29162031673192,-2.0203092558481837,417.23666648133457,-42.3107671083989,1.7976287036212648,0.1295766424415485
60,28.678263773714754,85.34658067900128,3.061937680834186,413.30456784241244,-42.21336697758503,2.793763573646283,0.11108623931779106
61,20.81926584206682,91.57909746698958,9.24303693567585,405.42569188650754,-41.59530545639254,4.005979178853458,0.07405749287852718
62,28.684607979970785,87.0064306331758,4.713142812496319,413.3045678424251,-42.02249374305774,3.127552768868808,0.11108623931779109
63,20.844751069446247,93.78154513497128,11.389638300596381,405.4256918865198,-41.09053464462758,4.4510314391501575,0.07405749287852721
64,5.099809045061578,97.31449793456288,14.816304533545708,389.649996632632,-40.76424170105186,5.095253608377708,-6.670892187168031e-16
65,28.695605098823595,88.66639947769688,6.358032166610934,413.30456784243785,-41.78222959972157,3.4613419640913325,0.11108623931779112
66,40.072767969077844,82.34062775970435,0.02980998263611845,424.67548765075037,-41.90044879573692,2.254172003375635,0.1645763504367045
67,33.952934728195075,88.5473723078653,6.243934606785533,418.5551504368119,-41.553836026911405,3.468910430828548,0.13577828633726532
68,24.377529902174583,95.92105524519438,13.453095835234903,408.92903473746543,-40.35971443755638,4.901129343938334,0.09051885755817672
69,33.96312630267554,90.21182926227905,7.885483087713633,418.5551504368264,-41.26530250808751,3.8026996260510724,0.13577828633726535
70,24.38727741210298,127.41833137621335,39.61455872714347,408.1593899998575,-23.501415590083838,11.247419304644808,0.08690200610761127
71,24.30404206549978,125.20834575802897,38.13025204983745,408.1593899998486,-25.143941800066948,10.80236704434811,0.08690200610761127
72,5.825938039433778,126.64188214933583,39.10490403760843,389.649996632632,-24.991927960470765,11.103459122383155,-3.5214405511218815e-16
73,20.195358678667567,132.03113220587315,42.51397122802689,403.79691886512194,-20.11855206126026,12.179064216474236,0.06640617132537291
74,5.947686881320806,129.8988141487776,41.20583438822937,389.649996632632,-22.505624242943085,11.771037512828205,-3.171501480450094e-16
75,6.080514903905608,133.1552766751115,43.158217047050584,389.649996632632,-19.90109699670254,12.438615903273254,-2.821562409778307e-16
76,24.472046032660767,129.629363979561,41.03359196185069,408.15938999986594,-21.80173260445466,11.692471564941506,0.0869020061076113
77,20.287940288480502,134.23503053605415,43.7859792814325,403.7969188651277,-18.31576269801217,12.624116476770936,0.06640617132537292
78,16.12116866089949,138.84499964490755,46.21799125591313,399.4359890102241,-14.613539220879774,13.566349972850514,0.045926177141284934
79,6.2187727555395345,136.41075988753752,44.95487786516866,389.649996632632,-17.18691272010376,13.106194293718303,-2.4716233391064564e-16
80,6.36255125892461,139.66603162979013,46.58865070007224,389.649996632632,-14.371643422535842,13.773772684163353,-2.121684268434669e-16
81,20.382828351723898,136.43866532142985,44.98639404494229,403.7969188651329,-16.464288957683024,13.069168737067637,0.06640617132537295
82,16.22440990542144,141.03906891624226,47.25712223355244,399.4359890102271,-12.67754764974146,14.011402233147214,0.04592617714128496
83,6.516544696058535,142.920863038019,48.05343793160973,389.649996632632,-11.464596608670242,14.441351074608404,-1.7717451977628817e-16
84,11.543100282431388,145.66608831460212,49.181970531738756,394.5419101543788,-8.71593709255811,14.973747008671921,0.02295261009013487
85,6.671525760338085,146.17447416197535,49.34527310787974,389.649996632632,-8.476546728796912,15.108929465053453,-1.4218061270910944e-16
86,16.327452793976597,143.23374189406135,48.219358131998895,399.43598901022966,-10.701906496810476,14.456454493443912,0.045926177141284975
87,33.78118156340398,131.06772189720803,41.86419015588484,417.40173304372604,-20.168106130062082,11.986977786220685,0.13035300916141715
88,27.455477235718465,136.38535956274293,44.92874871610874,410.8631663788035,-16.136019525778806,13.050655958742302,0.09960925698805957
89,11.64972495183455,147.84853482597663,49.97211528050489,394.5419101543797,-6.6788943789320125,15.418799268968622,0.022952610090134894
90,6.82768890337274,149.42704235002492,50.46044226484116,389.649996632632,-5.418441834119768,15.776507855498501,-1.0718670564192439e-16
91,21.149854412614655,141.6977703764541,47.548774405451724,404.32553490646194,-11.835752884410773,14.130217007639143,0.06888926571192755
92,33.85228505512237,132.73551658445538,42.85392065910268,417.40173304373354,-18.821564866091585,12.32076698144321,0.13035300916141715
93,14.057957814561101,147.0376300086315,49.69700945059584,396.9870051291483,-7.317446505691055,15.23994497570368,0.034428915135202395
94,27.52789268069154,138.0480140043528,45.78602661826112,410.86316637880844,-14.70870472666003,13.384445153964826,0.09960925698805957
95,21.228083083710715,143.3521787560989,48.26404321744853,404.3255349064646,-10.34160900408525,14.464006202861668,0.06888926571192756
96,33.921088342971004,134.40390103204575,43.803577579108335,417.4017330437406,-17.446214933085088,12.654556176665736,0.13035300916141718
97,14.13978997764718,148.67907818151113,50.26222256421997,396.98700512914917,-5.773970011951105,15.573734170926205,0.03442891513520241
98,27.6041637884188,139.71060911590888,46.6005883425834,410.86316637881305,-13.256355534924825,13.71823434918735,0.09960925698805959
99,21.306329693180505,145.00663969745008,48.935184678640354,404.325534906467,-8.826958392800552,14.797795398084192,0.06888926571192758
100,33.99120028663529,136.0724512778651,44.71223596619747,417.4017330437472,-16.04319832959314,12.98834537188826,0.13035300916141718
101,27.68349028695813,141.37326172855754,47.37169113789838,410.8631663788172,-11.780209606628421,14.052023544409877,0.09960925698805961
102,21.387229013159264,146.66074948702882,49.561757739536915,404.32553490646904,-7.29321396010214,15.131584593306716,0.06888926571192759
103,21.514062917691678,149.26181920489103,50.4557645602252,404.3233042411395,-4.846527596774895,15.656428817952479,0.06887878723142006
104,36.42457793352351,153.5822569174755,51.56787708147279,418.98035305086427,0.12173436318583755,16.48939650245008,0.1377785314238554
105,30.587003912354795,145.43886797002813,49.05050732112961,413.5696075318282,-7.928605861663714,14.864481197089944,0.11233234846665822
106,39.1314951209807,141.62167458228356,47.3735631277979,422.28113880759224,-10.902875958423866,14.10323343992269,0.15330817743298464
107,14.691813954804267,12.275006466276691,-54.530147980557246,397.5309076549673,-6.8182119884013,-0.12745966875430934,0.03698214435142307
108,14.663417499237363,13.066565146561855,-54.24997721756539,397.5309076549675,-7.559124713092311,-0.11367681602920421,0.03698214435142307
109,14.635891441383016,13.8365382241391,-53.96723225107385,397.5309076549678,-8.275725157440483,-0.10027342243780174,0.03698214435142307
110,14.609115206293954,14.584780913663709,-53.68282246178774,397.530907654968,-8.968203805920783,-0.08724948798010207,0.03698214435142307
111,14.58260310371717,15.333152736671758,-53.388928237882915,397.5309076549683,-9.65677038113721,-0.07422555352240245,0.03698214435142307
112,14.555921441061399,16.08146675848515,-53.08559538312542,397.53090765496853,-10.341293383873145,-0.061201619064702784,0.03698214435142307
113,14.528860069636542,16.83002960005591,-52.7728697012813,397.5309076549688,-11.021641314911955,-0.048177684607003085,0.03698214435142307
114,14.501672223730852,17.57849151129234,-52.45079699611661,397.53090765496904,-11.697682675037008,-0.03515375014930336,0.03698214435142307
115,15.74789133999947,10.240146700338391,-55.22237787175379,398.5156020435658,-4.868009808210631,-0.16116352127211853,0.04160491239535107
116,14.47470502629923,18.32702142564929,-52.119423071397385,397.5309076549693,-12.369285965031672,-0.022129815691603688,0.03698214435142308
117,15.726644752563601,10.834462774931817,-55.03376600475868,398.51560204356605,-5.431880579910486,-0.15082638172828966,0.04160491239535107
118,14.447449239090469,19.075771481910405,-51.77879373088966,397.53090765496955,-13.03631968567932,-0.009105881233904045,0.03698214435142308
119,15.706334703039428,11.428802916891383,-54.839009341859494,398.5156020435663,-5.993695004018185,-0.14048924218446082,0.04160491239535107
120,14.420110017878311,19.825793393838534,-51.42858008762675,397.5309076549699,-13.699367115271922,0.003918053223795681,0.03698214435142308
121,15.687031659804617,11.9904496785828,-54.649350526492334,398.5156020435665,-6.5226252456776725,-0.130721291341186,0.04160491239535107
122,15.667117719397655,12.552192763749295,-54.45424473418727,398.5156020435667,-7.049604512443905,-0.12095334049791129,0.04160491239535107
123,15.646797177127034,13.113863552936875,-54.253711279040765,398.5156020435669,-7.574577006045833,-0.11118538965463656,0.04160491239535107
124,15.626715042386808,13.675566510476026,-54.04776947514928,398.5156020435671,-8.097486928212403,-0.10141743881136181,0.04160491239535107
125,15.606781596603781,14.23741913068019,-53.8364386366093,398.51560204356736,-8.618278480672561,-0.091649487968087,0.04160491239535107
126,15.586725869711916,14.79931455818074,-53.619738077517276,398.5156020435675,-9.136895865155248,-0.08188153712481225,0.04160491239535107
127,15.566906878152272,15.361276688096945,-53.39768711196969,398.51560204356775,-9.653283283389413,-0.0721135862815375,0.04160491239535108
128,15.547225295971591,15.923228633090863,-53.170305054063,398.515602043568,-10.167384937104003,-0.06234563543826274,0.04160491239535108
129,15.52635430167804,16.48525278683414,-52.93761121789367,398.5156020435682,-10.679145028027964,-0.05257768459498796,0.04160491239535108
130,9.108788649524499,65.87772097617952,-16.167704493758276,393.59119790241095,-41.52596769555753,0.6676552333343972,0.018491072175711106
131,7.788566513161659,66.24901590879331,-15.798577712505937,392.2776298699442,-41.6641501291741,0.6730377584842007,0.012327381450473773
132,9.035370394384238,71.2074962645194,-10.9505087503141,393.5911979024194,-42.61278760063467,0.7721068553373924,0.018491072175711113
133,10.223910424983476,58.86400388311557,-22.842071065389614,394.5762651702907,-39.312379356778585,0.5558308969514318,0.023113840219639102
134,11.118720622643465,63.68982067989656,-18.291575711094772,395.5612392183708,-40.86679633271747,0.6321353789646915,0.02773660826356711
135,10.640558416562985,55.40531208165379,-26.018191851242804,394.904600210732,-37.917621265859026,0.5056287660251055,0.024654762900948434
136,9.3641450544898,53.63800124847807,-27.5917638084591,393.5911979023931,-37.18322749760129,0.47952641493817244,0.018491072175711096
137,9.226870779547841,59.40989079683918,-22.325724384258503,393.59119790240123,-39.54724046294691,0.5632036113314023,0.0184910721757111
138,7.000397890312518,77.0532465511429,-5.125113354226151,391.6207837071723,-43.29365958502803,0.9778603395016126,0.00924553608785512
139,5.027293645013513,77.55162155507598,-4.62118714289504,389.649996632632,-43.38789993419116,1.0520498080827942,-8.790306177588962e-16
140,9.778863662387263,65.16352317543061,-16.86414410271247,394.24791977209605,-41.319277868071424,0.6558152818778287,0.02157291753832977
141,11.277437114175715,56.27779390295656,-25.232162173815613,395.5612392183549,-38.261212213596444,0.5186799415685721,0.0277366082635671
142,11.492025019404734,48.11653286136586,-32.40072827798744,395.5612392183392,-34.35751423960028,0.405224504172453,0.027736608263567095
143,13.777285043086396,37.518764712099944,-40.74140451276959,397.5319769426781,-27.7384757701528,0.2649388495607958,0.03698716401570385
144,11.765588041200921,38.76125176376242,-39.81007985122965,395.56123921832454,-28.651579676030693,0.27970870958260813,0.027736608263567088
145,13.745707543669445,38.4866599965258,-40.03426513197386,397.53197694267976,-28.400477818288493,0.27796278401849545,0.03698716401570385
146,13.716263997189246,39.45754127148156,-39.31340629129393,397.5319769426815,-29.051950052673163,0.2909867184761951,0.03698716401570385
147,13.681465543543073,40.59321138847486,-38.456124263661366,397.5319769426836,-29.797871597259658,0.3061813086768445,0.03698716401570385
148,11.676717739438548,41.67471765428229,-37.60538170542945,395.5612392183287,-30.559020472380745,0.31878051295570625,0.02773660826356709
149,13.640144836189133,41.974473857480135,-37.393304972485026,397.5319769426863,-30.68183205166441,0.3246318824919188,0.03698716401570385
150,13.597083049124468,43.43790386323016,-36.244230866918166,397.5319769426892,-31.589895733104584,0.34416778417846833,0.03698716401570385
151,13.546961349413417,45.143290329651755,-34.87630172822637,397.53197694269284,-32.610318712335655,0.3669596694794424,0.03698716401570386
152,13.460279786746113,48.25714046603319,-32.30222333097407,397.53197694269977,-34.36365307135337,0.40879826767605737,0.03698716401570386
153,14.639768459885474,41.51657380077742,-37.75781870150936,398.51720582325663,-30.35736242429409,0.31941760822396265,0.04161244189177224
154,14.618021521057313,42.249012580184136,-37.189273300594785,398.5172058232582,-30.819965922471834,0.3291855590672374,0.04161244189177224
155,11.023380152488802,69.96244305614142,-12.192704375686239,395.56123921838525,-42.3310808435435,0.747018940080971,0.027736608263567115
156,10.967888594090429,74.52290358369945,-7.676214660923283,395.56123921839617,-42.95953558790394,0.8619025011972508,0.02773660826356712
157,14.596474005592638,42.981631114985014,-36.61475542406308,398.51720582325987,-31.275279632495597,0.33895350991051215,0.04161244189177224
158,14.5748853135693,43.71401863156992,-36.03460029938419,398.5172058232615,-31.72304322906915,0.3487214607537869,0.04161244189177224
159,14.546245085773203,44.68965894881678,-35.25287048597593,398.5172058232638,-32.30786679195488,0.36174539521148624,0.04161244189177224
160,13.261004171439943,55.791502655083626,-25.692852418504913,397.5319769427186,-37.986259108901265,0.5132498896790523,0.036987164015703865
161,14.514701489776265,45.78500490279247,-34.363147038582596,398.51720582326647,-32.94842779667835,0.3763973214763983,0.04161244189177224
162,14.482214077362787,46.8772286053787,-33.46363111978649,398.51720582326914,-33.569755740458845,0.3910492477413104,0.04161244189177224
163,14.444507401849354,48.32725221797848,-32.250999321673234,398.51720582327283,-34.36675633980462,0.41058514942785945,0.04161244189177224
164,9.960062119491024,76.84888280360657,-5.34913756489175,394.5762651703257,-43.174068126364205,0.9692306772755874,0.023113840219639123
165,12.971403758622545,71.79256586173486,-10.401573244911571,397.532511586569,-42.55471005538208,0.7894743196269685,0.03698967384784426
166,11.92543578106447,77.64741167556916,-4.567141105075377,396.5477241299878,-43.13769414214984,1.1265696179378648,0.032366905803916275
167,14.884111012333214,77.57335088623496,-4.662407390067556,399.50421228159485,-43.0201349653785,1.132810906698721,0.046246504180331986
168,16.856948278871304,77.36271114836732,-4.885501530316104,401.47393586234,-42.93288861560648,1.1041522009515234,0.05549580501639856
169,20.8057515809936,76.68602752060565,-5.5847796018141995,405.41474801495445,-42.73765496030634,0.9953292304202106,0.07400607896184272
170,37.73576888944212,77.5758749909558,-4.740506925509809,422.3368104625732,-42.030239195248974,1.285719890189376,0.15357014718910542
171,40.292214365155424,76.21777879664907,-6.098124507070538,424.8859407312096,-41.83718590104595,1.0297654834734318,0.16556689956288392
172,11.603324898658922,102.3228831209,19.49516606190151,396.0803140314459,-38.750031499574504,6.143176170973,0.030172952519391852
173,5.14230299336678,100.57461933474669,17.883453715598897,389.649996632632,-39.67472728920363,5.762831998822758,-6.320953116496243e-16
174,5.193723669619687,103.83457625764858,20.881347013713043,389.649996632632,-38.40712320649082,6.4304103892678075,-5.971014045824456e-16
175,14.807333751415582,101.55900055997357,18.78587812664814,399.29398346940417,-38.907202085269084,5.999559061825595,0.045259428779088076
176,11.6426426321684,104.50953946288679,21.48911098354486,396.08031403145105,-37.852711867348226,6.588228431269697,0.030172952519391873
177,5.25784300768737,107.0942055388751,23.800089860803155,389.649996632632,-36.96627307804605,7.097988779712857,-5.621074975152669e-16
178,51.455199644551605,75.9788481928291,-6.326108441988538,436.033926410863,-41.259327852491815,1.0470020426599373,0.21806646155561785
179,46.20652972573405,76.0927908638101,-6.223376515096179,430.79220718052466,-41.53681789530317,1.0394335759227218,0.19337441453614362
180,14.83604499817858,103.20344411395683,20.298187279798377,399.29398346940985,-38.259123957126164,6.3333482570481205,0.0452594287790881
181,48.009372604358155,89.71802049681725,7.369515832497777,432.57352932196284,-40.65221955717515,3.7752770852279816,0.20176424278718463
182,57.59496735144832,82.87415495215826,0.5601012051171308,442.17768184575584,-40.95893214185169,2.454321237192371,0.24702367156627325
183,11.729685619589992,118.54173946635643,33.292228588881876,395.8234547593997,-30.32430697282037,9.445412185333025,0.028967335369203442
184,5.41150121637619,113.6120293680966,29.36058259191348,389.649996632632,-33.5850030078987,8.433145560602958,-4.921196833809094e-16
185,5.500316632717493,116.8700972095712,31.982612234577548,389.649996632632,-31.655877861238135,9.100723951048005,-4.571257763137307e-16
186,5.599261844503856,120.12763582321344,34.48609685658095,389.649996632632,-29.575598815969055,9.768302341493055,-4.221318692465456e-16
187,5.70803711966445,123.38480395355819,36.862600144091154,389.649996632632,-27.351441650930962,10.435880731938104,-3.871379621793669e-16
188,38.511680690112144,100.41841436641148,17.686005925593783,422.9805777687499,-38.20558285981877,5.870314422089805,0.15659957500152688
189,33.799012848426884,98.90642158935601,16.285849292965782,418.29884655645145,-38.9743905867707,5.547252729372648,0.13457266918707686
190,33.74066142275735,103.26125716730117,20.324812288657206,418.17069223857794,-37.34064591536809,6.4195292810334355,0.1339698606119826
191,55.021762105416684,89.482352527016,7.117557363040891,439.57559616774,-40.31830405677263,3.761565814816436,0.23475722101214427
192,14.844555040802256,119.38087949485188,33.932544397739925,398.9088111961462,-29.636996089465445,9.617756302475534,0.0434510030538054
193,24.281459587383875,116.5530145304514,31.721229076692563,408.41594458622586,-30.969537582023722,9.057813941026536,0.08810762325779975
194,33.71936524648224,122.35569124916957,36.071971395972426,417.6580591158488,-26.68037985916822,10.24242468289911,0.13155862631160561
195,33.709792048057516,117.99770780944523,32.8155535558673,417.7862197742218,-29.57939086893899,9.370148131238324,0.13216143488669987
196,38.426381651033715,120.89381675915385,34.97579989029892,422.4041315005353,-27.422849906811194,9.962453502174611,0.1538869364136028
197,58.42952833370206,103.67989702252422,20.58401239900556,442.80826867071954,-35.82698447770558,6.612013444285429,0.24999999999996914
198,56.55604648776562,103.68079823184823,20.600000996303468,440.9380331702904,-35.936337160736244,6.603444422192888,0.24117947762668626
199,58.3672623855361,106.0124544240961,22.67547020058194,442.70221723219674,-34.79918294224189,7.076999695499876,0.24949675025068518
200,58.473848707709095,105.98088214954144,22.64536467912394,442.8089132963827,-34.807383688083554,7.070988495541847,0.24999999999996914
201,58.47412539154169,106.01173326019679,22.67296202707926,442.80890912949036,-34.79364110953413,7.077163532168698,0.24999999999996914
202,58.47590752267619,106.15444012141757,22.79644804548717,442.80893459421765,-34.72229835299793,7.105652907115928,0.24999999999996914
203,58.6574960724802,113.77856676696945,29.25483049480312,442.8086990135107,-30.69624717247835,8.625747390627332,0.24999999999996914
204,57.16434250300073,115.16189485409313,30.40644984673373,441.2820082573695,-29.999359636146814,8.89424167890104,0.24280104176648665
205,58.6929999198522,115.13464626209148,30.3668050524324,442.8084398753972,-29.922190109138075,8.896585352867373,0.24999999999996914
206,58.70790947312838,115.65086695439673,30.771704007684853,442.80855204920107,-29.60265611259275,8.999540466136779,0.24999999999996914
207,54.75062207891909,117.40469105037039,32.194209252587825,438.807281974838,-28.762116634984032,9.329307397294635,0.23113591490038843
208,58.7585405211929,117.39532924315482,32.13927824167226,442.8079034855222,-28.522178913218205,9.347633609182434,0.24999999999996914
209,46.4482363210593,132.9012195018036,42.81358797677662,429.97035093690425,-17.950680688933215,12.381561999275542,0.18950405090979672
210,52.74043555152191,132.93563720664278,42.73878713424006,436.2489364040878,-17.53350936797477,12.41195950819171,0.21907957178398652
211,50.12283680584474,128.51000293598278,40.10263464877502,433.81281384719375,-21.21750619440774,11.520726278951969,0.20760198764820276
212,35.375504456138955,146.88802748092868,49.54348977802031,418.2776615196475,-6.307503912848626,15.152370379820903,0.13447301910783274
213,37.76924931123224,147.6078665308504,49.76769464761596,420.6308866197269,-5.494728121166613,15.296314971186387,0.14554335442842004
214,44.28847501692825,147.18009940389499,49.511548834524234,427.15824596285825,-5.5029946497837425,15.21812150795712,0.1762633457045521
215,41.666702999349845,149.32723851826236,50.280807287319114,424.43300564452073,-3.6419775578661833,15.641879839454774,0.1634350742776532
216,49.46924832344272,152.70647591946516,51.09467010889068,432.03303189433484,0.09269711669379381,16.33300957599155,0.19921851397611953
217,55.968376319858116,139.22391131937428,45.97678461716676,439.1932466552741,-11.980079029155773,13.677435806222297,0.2329550539636026
218,50.81403100233847,146.7613405092544,49.23416388488288,433.6865325534285,-5.467505516757505,15.155810921103077,0.20700709787790975
219,50.36154131416726,148.74370228465114,49.92007603161398,433.1354026075815,-3.6351914586876877,15.548210472732569,0.20441090324397967
220,60.23389433214226,151.92820051287987,50.56696128051744,442.80777224213966,0.07146364447964916,16.23008706420366,0.24999999999996914
221,60.19792338071266,151.1890339037257,50.35384243550268,442.8078972383503,-0.6370809484085809,16.082837952653456,0.24999999999996914
222,60.17830015534205,150.7656719792424,50.212166438187964,442.8079577539753,-1.0364313519542996,15.998534764512279,0.24999999999996914
223,59.566034135613805,138.66564003263238,45.621970827996094,442.8081054737663,-12.228418860779504,13.586312362278505,0.24999999999996914
224,59.63483335373805,140.13243527078507,46.28639238670439,442.80749191341687,-10.920098272090772,13.880241962831231,0.24999999999996914
225,59.83627049709209,144.3975814778781,48.066664976871586,442.8052687285921,-7.0402324534019565,14.73350022054325,0.24999999999996914
226,6.25309010708334,55.42648182541602,-25.95518371845981,390.5259480335661,-38.07817898976972,0.5022206877620439,0.004109127150157316
227,5.421751540590357,53.59087885711708,-27.592365174534006,389.649996632632,-37.29524332730534,0.47541985746061416,-9.092570828348196e-16
228,5.355623690637303,56.334089923936666,-25.122797903459677,389.649996632632,-38.489017411955075,0.5144916608337133,-9.072089712186278e-16
229,6.210966560512699,57.22975065484591,-24.313436267514355,390.5259480335667,-38.8232288475997,0.5282685566774432,0.004109127150157318
230,5.296312444211235,58.99218933297247,-22.677680851300913,389.649996632632,-39.529920871142245,0.5535634642068124,-9.051608596024486e-16
231,6.1727991644866895,58.99183861867374,-22.686888731697145,390.52594803356726,-39.500115524544746,0.5543164255928426,0.004109127150157319
232,5.245850528418783,61.544936590761296,-20.285059843324813,389.649996632632,-40.41731974187595,0.5926352675799114,-9.031127479862567e-16
233,6.639113251134126,57.6740386430503,-23.909565505324416,390.96389611334666,-38.983937402567854,0.5351570045993084,0.006163690725236429
234,6.611007899167855,58.99162831408084,-22.691211420177147,390.9638961133473,-39.48517964148715,0.5546929062858579,0.006163690725236431
235,6.5812478703509,60.28273322882181,-21.48612105442602,390.96389611334797,-39.947928251610776,0.5742288079724074,0.006163690725236432
236,6.555186004703431,61.544426272911096,-20.297963480983583,390.96389611334854,-40.372160540855106,0.5937647096589569,0.006163690725236432
237,8.885211923913289,55.15476978612964,-26.226462556246997,393.1533603053662,-37.872057657524664,0.5006170812611832,0.016436508600631988
238,9.456451533637026,50.3494650481993,-30.475967589262943,393.59119790238884,-35.599132567870456,0.43394264433622426,0.018491072175711092
239,8.83943620385265,57.114108307774984,-24.44442532636386,393.15336030536866,-38.68720145028904,0.5288356059195323,0.016436508600631988
240,8.611382538656112,57.47653250093933,-24.10920298176893,392.9344346016826,-38.83903016587365,0.5339542997236628,0.015409226813092432
241,8.583305572861843,58.798404054219475,-22.88836268314777,392.9344346016842,-39.345823907320586,0.5534902014102123,0.015409226813092432
242,6.026218641437245,75.5074392892679,-6.661537482136649,390.6354367798119,-43.227284853082246,0.8894392792023587,0.004622768043927114
243,5.069654169106554,72.60990090502189,-9.537304988047055,389.649996632632,-42.95572844815565,0.8010182189031048,-8.921894860332651e-16
244,5.0414324385769955,75.2764446909571,-6.888812969532644,389.649996632632,-43.24283916426792,0.879161825649301,-8.88093262800894e-16
245,8.550807098000785,60.30684491219263,-21.48073733467064,392.934434601686,-39.888247188178276,0.5762820867111864,0.015409226813092435
246,10.118935509075811,50.151509962186815,-30.653574507165562,394.24791977207144,-35.475603235860376,0.431799229679041,0.021572917538329763
247,13.449813009254227,28.244966747342822,-46.89131483131996,396.87474939218913,-20.81848594402522,0.13510077777750135,0.033901972210231335
248,7.358983010668759,73.4411531201169,-8.7245746289913,391.9492119674395,-42.977648371190014,0.8254490489929065,0.010786458769164444
249,14.109812342394926,28.14172136555137,-46.961020814247405,397.5314422988343,-20.717064863755326,0.1344284513922957,0.03698465418356346
250,15.362343423688358,21.15432310353438,-50.80121912416866,398.5159584390711,-14.834969171624346,0.02791728028849555,0.041606585616778
251,17.230778134510942,10.06083998420485,-55.30845184857935,399.992468839301,-4.65482253365891,-0.16174116843135034,0.04853906446124307
252,8.001554675747439,75.02842698295645,-7.149616370515861,392.60603741470857,-43.11586940371447,0.8749835974195024,0.013868304131783117
253,14.769863060381766,28.039659830714818,-47.03000663229697,398.18809375195076,-20.61574473054132,0.13375612500709017,0.04006733615689559
254,15.862184962063962,20.950913242238062,-50.90948790459666,399.0084488483782,-14.642839194583281,0.025264967555933382,0.04391880624945546
255,15.851993497460638,21.245724145579846,-50.76376884667565,399.00844884837835,-14.89942415644903,0.03014894297757076,0.04391880624945546
256,15.841756998265744,21.542815097621904,-50.61556795388249,399.0084488483785,-15.157218632412652,0.03503291839920808,0.04391880624945546
257,15.831350363090955,21.84211470945367,-50.46488077373736,399.0084488483787,-15.416164787460113,0.03991689382084551,0.04391880624945546
258,16.868496548038284,15.722895635000146,-53.27619227028615,399.8287392369369,-9.94581239956102,-0.0636902882086739,0.04777027634201533
259,14.920407003718038,32.59090737923019,-44.16698525305902,398.5166712300482,-24.14662335794595,0.19867516089873738,0.04160993205963184
260,17.512312476376163,16.182406644810598,-53.097069162513854,400.48524565332883,-10.349250709611255,-0.054594663750604705,0.05085295831534746
261,14.827946490182365,35.52514352429545,-42.17217111324337,398.5168494277866,-26.301615043390974,0.23892264334047913,0.041610768670345306
262,15.35174307464144,34.533332702439665,-42.864101970926605,399.009250700254,-25.568702278511473,0.22591454023032081,0.04392257099766604
263,15.340485250983274,34.89136098487025,-42.61764485292048,399.0092507002546,-25.8287290992449,0.23079851565195814,0.04392257099766604
264,15.329257214628907,35.250178602143826,-42.36899150635031,399.0092507002552,-26.08772071045568,0.23568249107359557,0.04392257099766604
265,15.317989946814173,35.609718202320565,-42.11815891415432,399.00925070025585,-26.345625285286847,0.240566466495233,0.04392257099766604
266,12.42107820973742,64.39583045280324,-17.624201101781154,396.87528406984194,-41.0168694182307,0.6449531960902375,0.033904482042371745
267,13.071798941708591,64.74497723673036,-17.294138879056757,397.53224426464914,-41.087058529427566,0.6513621046530103,0.03698841893177406
268,14.223309837799068,56.976862047884,-24.61765452340554,398.51738402102177,-38.43894542192069,0.5311572623227112,0.0416132785024857
269,15.443977383461991,47.79808407475987,-32.70278740320867,399.5023413827727,-34.045096260965266,0.40428554728842864,0.04623771976784063
270,13.585229103703131,63.63911582072504,-18.36075730134752,398.02500401202894,-40.760473886935564,0.6332550592604398,0.03930168532784334
271,14.132225906744491,60.999276926788454,-20.875941244717463,398.5174731198953,-39.92101712225975,0.5914433187701373,0.04161369680784244
272,13.366903836561837,66.67159669602638,-15.432113197559127,397.8608424610556,-41.56111098994875,0.6853281460492826,0.03853101483451032
273,13.980690826317964,70.13397986926951,-12.047209182300719,398.5180077130763,-42.249911265057996,0.7532602288418273,0.041616206639982826
274,14.702086217237431,57.56565944957965,-24.081863780764966,399.0100525521108,-38.65402892906992,0.5401109486445408,0.04392633574587662
275,15.897130060109294,49.341144574547606,-31.400759416255298,399.9948741671261,-34.85199442190128,0.42555562332689983,0.048550358705874826
276,15.936851966347124,42.05913168864463,-37.34827239066215,399.83034281412944,-30.655168506248547,0.3278409062968262,0.04777780583843649
277,16.61692656444255,41.23053983433594,-37.994385249033435,400.4868491292703,-30.10661546707257,0.3174006290683458,0.050860487811768613
278,15.885914062783224,49.82056534967692,-30.990561521861302,399.9948741671276,-35.100469722767194,0.43206759055574956,0.048550358705874826
279,14.065082660129388,64.3452762220015,-17.687133693698534,398.5176513176261,-40.940841368243966,0.6453822887940339,0.0416145334185559
280,15.029673564704861,65.71372196480871,-16.372571345661175,399.5028759253569,-41.2650410229257,0.6696367478612224,0.04624022959998101
281,11.437474287003647,77.01179176921835,-5.19835072115303,396.0544933646614,-43.12656616681089,0.9942360595675577,0.030051757033741695
282,15.544203775692184,56.6592977070531,-24.920218382273596,399.8308773398369,-38.26069854106879,0.5275372277296981,0.04778031567057688
283,12.426943326822236,76.61928604466839,-5.596928295463405,397.0401295107622,-43.06793545578402,0.9580219687824165,0.03467828982588027
284,16.117374370197098,60.55074760305945,-21.313277017539768,400.48765086719294,-39.69491849726025,0.5860132668806175,0.050864252559979194
285,16.395541880645574,62.70330484333131,-19.276934590516888,400.8161556918907,-40.37677528167761,0.620137988690241,0.052406848462715455
286,17.222015844326314,54.81262823083172,-26.606168437272636,401.4723325385856,-37.42049814968373,0.5023897859000128,0.05548827551997739
287,13.906343706589034,76.60642433591991,-5.620467838911024,398.518408657944,-43.01009822618057,0.9611426131628447,0.041618089014088124
288,23.960707659528918,10.24745752175245,-55.357894176950055,406.72239288525344,-4.619866569831783,-0.14783955464771015,0.08014973130663437
289,30.70849390287296,5.738277260348481,-56.65119872536008,413.28442506296136,-0.030262666345465,-0.21663564469446264,0.11099161003279792
290,20.593217498706913,12.521090893860125,-54.5522855473372,403.4398130498438,-6.8747246451065065,-0.11344150962433389,0.0647287919435526
291,17.079412740370316,61.10760073154431,-20.794168210793075,401.4727333695482,-39.84484201983632,0.5953886091047504,0.05549015789408268
292,16.98515506470838,66.68080323777743,-15.448961029574543,401.4731342004941,-41.424423796637655,0.6883874323094881,0.055492040268187964
293,14.40217064125523,76.32417551807266,-5.906387908752173,399.0111216878114,-42.973761177097195,0.9430355677702742,0.043931355410157406
294,15.939236736594921,70.91509193820579,-11.291077935508639,400.4884526050324,-42.30560529870102,0.7720109132900927,0.050868017308189774
295,16.881662318089262,74.67104173628242,-7.571048234059921,401.4739358623279,-42.745106306165916,0.8743850787189633,0.055495805016398544
296,15.875302241494685,76.90149843483532,-5.3400609284132585,400.4891207198421,-42.9488376463982,1.0035979927088423,0.05087115459836526
297,26.493022996244104,12.750744930473939,-54.54320532656744,409.34803028259665,-6.886334960608165,-0.10095893210262102,0.09248798869638403
298,25.654662278371468,17.516329211092895,-52.62936484461829,408.6920837419704,-11.28390748469441,-0.019680264534155667,0.08940530672305191
299,18.17826358839271,76.53371405059382,-5.7221291075216065,402.78743879488445,-42.83652100750461,0.9675841415991673,0.061664641415476416
300,20.158363915900544,75.54264958168093,-6.722408459007331,404.7577826461673,-42.688264345414325,0.913172656333511,0.07091977838819849
301,19.52455266417034,73.16372426787396,-9.08691488204116,404.10077572646776,-42.478546321074276,0.8310160822468113,0.06783347781455427
302,20.84704854011172,72.29496447685476,-9.95557567074989,405.4139466571163,-42.3140212154698,0.8093315840107353,0.07400231421363214
303,22.77877598041646,76.31439228358494,-5.964611016266678,407.3841930071978,-42.63388570572626,0.9628024830660966,0.08325933356045949
304,24.743869634035242,77.15343735852356,-5.135965999469204,409.3540655511463,-42.59719069938956,1.116273382121458,0.09251635290728688
305,24.136903775044935,71.45761171047442,-10.801137556009209,408.6961075090502,-42.057696722996404,0.7918079449485638,0.08942421619698714
306,23.039182399060508,71.74157388725476,-10.514815116305607,407.6021691673485,-42.14568862296622,0.7976491579692875,0.08428358220253548
307,25.783426296613268,71.02190708187291,-11.23875429690489,410.3367988798349,-41.92073118437249,0.7830461254174779,0.09713516718866463
308,25.081598446511705,65.75233876008696,-16.396114643262777,409.57062507236384,-40.86955821970981,0.6778115862035416,0.09353413795467225
309,28.76280862069477,67.54197785079701,-14.67029296359635,413.29092629741893,-41.13221722785578,0.7131347372865506,0.11102210316703114
310,28.845880866248123,62.16220821832675,-19.857824277993974,413.29027771816124,-39.69880736891553,0.6201576990884492,0.1110190538536078
311,27.805703861824608,65.45341119949569,-16.696712257604545,412.30587820147923,-40.677217301576746,0.6744538411981253,0.10639109163196009
312,30.65508727985447,78.11684552205129,-4.194637592916234,415.2646325668582,-42.37634794412436,1.348358758652009,0.12030242211771314
313,26.718046853152078,76.55162225841478,-5.748409431148091,411.3233313623198,-42.47939741634669,1.0076810979021058,0.10177227735058234
314,31.64080663864079,77.8138197306816,-4.498921452065855,416.24875124125725,-42.321755481724395,1.294062616542333,0.12493038433936085
315,34.1988592259263,76.45399624137757,-5.860901656771084,418.7993802874182,-42.13920361056272,1.0381082098263885,0.1369271367131393
316,24.31502365266429,100.80103468496736,18.070450232485076,408.8007645773408,-38.76182179357364,5.884668960673296,0.08991604898308247
317,24.273878702362538,105.68136157701304,22.529526976096868,408.6724928320918,-36.76451155331525,6.868208577408258,0.08931324040798823
318,13.742479111763071,110.45897011187631,26.72193865751313,398.05166709184584,-34.933012667183675,7.803869847484712,0.03942685859239703
319,5.330305290827779,110.35316323219722,26.629790864222628,389.649996632632,-35.35707556420847,7.765567170157906,-5.271135904480881e-16
320,36.232070149288774,95.30633968172963,12.847943927675997,420.7681004928864,-39.9668942202276,4.836507024070439,0.14618893066939612
321,40.155344391908635,93.44375447416606,11.038585983195778,424.70474044822294,-40.25865664237452,4.482763711122954,0.16471403470865897
322,20.054122761080734,108.90356684553045,25.376697604283553,404.3912451918039,-35.436160178134834,7.504750316568164,0.06919793872839328
323,17.946941681366773,110.50544717228446,26.757494330794767,402.2499594776808,-34.71598761398401,7.823021186148116,0.05914028788859581
324,43.24949169314178,95.07158031140749,12.601909506905255,427.77816581917455,-39.67709039658848,4.822795753658894,0.17918190889435576
325,24.264952490142655,111.11629041154853,27.26643026753471,408.54421950172144,-34.09127359028472,7.963011259217398,0.08871043183289398
326,45.16968296853188,96.44038343026254,13.90733631822414,429.6799459444637,-39.184388527878774,5.105151443598912,0.1881365216618636
327,48.501571403693525,94.44883144212478,11.98152349127081,433.02800308078736,-39.57031287276874,4.722569954353465,0.20390499499203196
328,49.01492664366058,99.180770910608,16.486055791317334,433.4824568485034,-38.094105359584674,5.669862823478948,0.2060457471968793
329,30.558059296657948,108.97430710956579,25.417486659384455,414.87739729416546,-34.88727214890752,7.552628663226673,0.11848151196889023
330,52.00839843363986,94.33053298024177,11.856172004223334,436.5294760033094,-39.412266910379,4.7157143191476925,0.22040148410451177
331,28.975481367937142,111.82322324505418,27.85172307619487,413.2303574069916,-33.4745205204893,8.11917835432329,0.11073733764734404
332,27.409776920616338,113.40463489747188,29.170570936362363,411.62580134364543,-32.67342470974014,8.432056883224371,0.10319409951749596
333,43.54740798637739,103.42261326053267,20.434004861414984,427.9566123454417,-36.76687374996978,6.492702154565763,0.18002206195473155
334,33.70261726761781,110.62858789996267,26.825921946411306,417.9784577896657,-33.874069235226386,7.8948387061358805,0.13306564774934124
335,40.818524491440925,105.5391564500726,22.355964485070327,425.19258226441553,-35.99374078251575,6.904121820109172,0.16701021933365767
336,58.22692981859276,82.89970618742917,0.5813423207312522,442.80870401204635,-40.92164814213307,2.4615465763232205,0.24999999999996914
337,58.22566402432647,83.58643863112458,1.261561106479908,442.8087836415245,-40.836755989617586,2.5989706744976764,0.24999999999996914
338,58.260180025285344,89.59442906982616,7.216344717325392,442.80808854227485,-40.115660148893696,3.7985692067259986,0.24999999999996914
339,53.515724996395626,97.44886970763788,14.832137599636996,437.9992043105589,-38.423191894089406,5.344957686829424,0.22732748194523658
340,55.76569973984381,96.58176158651355,13.998529944381783,440.2568371590129,-38.56695758983587,5.182505118504662,0.23796834931941527
341,36.85105682827725,110.644531062364,26.826931902274943,421.1212967528191,-33.70061232982725,7.909202210133433,0.1478507197214903
342,43.14588557757624,110.6696659070545,26.815865735553093,427.404113979882,-33.34889679886492,7.937929218128538,0.17742086366578846
343,46.06684162537176,104.92622599719786,21.781654943866005,430.4437322022262,-35.985574251499436,6.803896020803743,0.19173330543133388
344,49.56364932705119,104.5156644337239,21.392399735891395,433.943017548256,-35.97418835191642,6.737078821266792,0.20821536282978467
345,58.37895210906113,100.42330757513743,17.55742927549599,442.808754306832,-37.021400151696554,5.960960167126839,0.24999999999996914
346,58.29377926863579,93.74022365983464,11.230470892468514,442.8086101468605,-39.105970194480705,4.627000434390869,0.24999999999996914
347,58.32155130013721,96.60189421659705,14.003322371920282,442.808682226842,-38.416298630692424,5.1980373633933,0.24999999999996914
348,40.77604949014432,115.78640013719368,31.039889720642034,424.90442473739114,-30.568513174291915,8.950191360151575,0.16565390003969563
349,43.09861968160967,117.85858858257637,32.64952529519204,427.16245002084963,-29.152370683260788,9.371860082413265,0.17628313768892978
350,47.75288296552801,122.00139206567515,35.70661248152746,431.6770220597797,-26.130550369144604,10.21519752693665,0.197541612987398
351,45.436470072065426,116.33514469255407,31.44148989044253,429.54078877067707,-29.973324398146474,9.076563372532593,0.18748123832659325
352,48.542204294725835,116.69279915412325,31.700126300375572,432.63054352205086,-29.57248188993851,9.160811380786607,0.20203279718452496
353,36.09593568125659,125.98907547761453,38.59248478859699,419.9032342693137,-23.94397833952824,10.974715644197648,0.14211997278750998
354,52.42814096582945,122.95908299140052,36.33969065766121,436.31034990819853,-25.182265050792864,10.425016838123302,0.2193689512742956
355,58.840338310471864,119.918401046644,34.006624896126034,442.8072492598761,-26.828202362145362,9.850505620605414,0.24999999999996914
356,58.95635324976271,123.48383152366846,36.61059820208727,442.8066239372827,-24.39652719528163,10.563324181749477,0.24999999999996914
357,59.368321110970115,134.25515485793164,43.263075557282136,442.80862131702804,-15.956607775529637,12.70630636653035,0.24999999999996914
358,59.27105933087465,131.94360741136322,42.045310789849395,442.8083518789134,-17.921837653756285,12.24665679023381,0.24999999999996914
359,59.23999737420957,131.1103619673897,41.54314779391812,442.80812900387895,-18.586190850662373,12.081339487988275,0.24999999999996914
360,59.19080808354594,129.69627518373107,40.605705542080564,442.8083574981533,-19.64350738794016,11.799548707433216,0.24999999999996914
361,6.490884754261568,41.42985960281395,-37.72590391820062,390.3799612483494,-30.574567523188453,0.3104337403749517,0.003424272625130936
362,5.833257299887027,39.23629835229771,-39.3746522883812,389.649996632632,-29.162592793057755,0.280060840595119,-9.194976409157473e-16
363,5.73885729946649,42.13150531249432,-37.172919561430525,389.649996632632,-31.04270974416717,0.319132643968218,-9.17449529299568e-16
364,6.430781542600833,43.36604217601875,-36.21521762913152,390.37996124834973,-31.78631883297687,0.3364816092903509,0.003424272625130937
365,5.652908484002886,45.03393513881963,-34.87202067404862,389.649996632632,-32.811261132358176,0.3582044473413171,-9.154014176833762e-16
366,6.3754406928543075,45.301852353783104,-34.66460794112914,390.3799612483501,-32.94524641288906,0.36252947820575027,0.003424272625130938
367,5.977906125091883,48.877652791339116,-31.694315609970943,390.087981539994,-34.952235269380424,0.4106766658651309,0.002054563575078199
368,5.566419236468289,47.92310779652682,-32.49334795989854,389.649996632632,-34.45203716791033,0.39727625071441613,-9.133533060671907e-16
369,5.489041319654159,50.78122175479159,-30.05848392699585,389.649996632632,-35.94928188271449,0.43634805408751526,-9.113051944509988e-16
370,5.940255282303954,50.30614753011655,-30.47412112700801,390.0879815399942,-35.69485861159192,0.4302125675516804,0.0020545635750782005
371,6.777629534754199,43.98389930088619,-35.729114445634444,390.7449243751758,-32.150548102562944,0.34515609195141744,0.005136408937696864
372,6.73694990063016,45.435424363479186,-34.56023848502448,390.74492437517625,-33.01192504307916,0.36469199363796684,0.005136408937696865
373,6.695879684050521,46.88312795832843,-33.3727487215521,390.7449243751767,-33.84064103723159,0.38422789532451646,0.005136408937696866
374,6.657640584277937,48.324484620898126,-32.169320351852114,390.74492437517716,-34.63466255481465,0.40376379701106596,0.005136408937696867
375,6.5139509036217245,50.7296812062447,-30.11434970963258,390.67193277280114,-35.890154567665334,0.4365827605947253,0.004793981675183683
376,9.108961086335903,41.976228177600746,-37.33878059255064,393.00741034772255,-30.836991997780046,0.32040696450315803,0.01575165407560561
377,9.67786946221317,42.46938237994063,-36.962096717132205,393.59119790237975,-31.127109774248915,0.32758051293167784,0.01849107217571109
378,9.739626053737982,40.52787341406441,-38.45938218054565,393.5911979023778,-29.888831079274432,0.3015326440162785,0.01849107217571109
379,9.0690751724522,43.271057879583694,-36.32440577176096,393.00741034772375,-31.642763129727673,0.3377722104467576,0.01575165407560561
380,8.735981348391412,44.641969127205655,-35.22708021611016,392.71550429453526,-32.48016875919001,0.35589199366199714,0.014381945025552869
381,9.609465305538356,44.73592249073994,-35.16211903096542,393.5911979023822,-32.506552204837924,0.3579696933329766,0.018491072175711092
382,9.030368993699614,44.565476873014134,-35.29231448983649,393.00741034772494,-32.424888666237536,0.35513745639035715,0.01575165407560561
383,8.707570992489746,45.61117454130834,-34.442122449049144,392.7155042945361,-33.04912788907127,0.3689159281196968,0.014381945025552869
384,8.992412260446592,45.85776187322971,-34.24438717711915,393.0074103477262,-33.181930006526585,0.3725027023339567,0.01575165407560561
385,8.6799831822653,46.578470698474185,-33.64910294557125,392.71550429453697,-33.603340202655765,0.3819398625773965,0.014381945025552869
386,9.530327299021094,47.47710969491145,-32.913362902022556,393.5911979023853,-34.076538061014375,0.39487084096312525,0.018491072175711092
387,5.866654380173299,69.95192056815449,-12.166678567026521,390.4164581364706,-42.51409921247271,0.7418715009015906,0.0035954862563875502
388,5.147191479798935,66.98219638632978,-15.06630052365091,389.649996632632,-41.929769225785755,0.6838028087838077,-8.983338208818217e-16
389,5.098895487883677,70.01493739136409,-12.09939288999985,389.649996632632,-42.55201096775817,0.7424105138434562,-8.952616534575466e-16
390,8.590854705802414,49.619867615216386,-31.093714129376938,392.71550429453987,-35.25419733744033,0.42318232169344533,0.014381945025552872
391,7.588108840967803,54.37341199708356,-26.916452924175832,391.8397370315284,-37.57470678357145,0.4883949500539139,0.010272817875394651
392,8.952132082844935,47.253733626397604,-33.093443025705525,393.00741034772756,-33.972082790470154,0.3913150521061895,0.015751654075605612
393,8.651463522897581,47.542861723851566,-32.848814931523144,392.7155042945379,-34.14219934873051,0.39496379703509615,0.014381945025552869
394,8.623348661374333,48.50387604231389,-32.04205163275148,392.7155042945388,-34.665098976082504,0.4079877314927958,0.014381945025552869
395,7.297588378295953,60.94632132651269,-20.86931724930066,391.6937686601116,-40.14928484370377,0.5850658060656904,0.009587963350368286
396,6.250408102750912,69.91901817480826,-12.200205034160055,390.799667741301,-42.49505441920299,0.7416019944306578,0.005393229384581774
397,7.6673848988162305,60.64297059310515,-21.1565203080704,392.05868575245995,-40.034605214862864,0.5807163542690572,0.011300099662934212
398,7.961715338482751,60.530750330909264,-21.264526475091607,392.35061021944273,-39.98612339068292,0.5792382650831003,0.012669808712986954
399,9.920441897279794,45.3608136900878,-34.65989721513559,393.91956401610275,-32.86317359522504,0.36666593684765986,0.020031994857020424
400,6.931150613006581,68.27630278373277,-13.81606707289609,391.456565692871,-42.15224282230692,0.7096068793259316,0.008475074747200438
401,6.615751371295316,71.20200533567323,-10.9385585425123,391.18286324807286,-42.69834545966391,0.769551012618074,0.0071909725127759965
402,7.215701347114161,67.61714091248334,-14.462203754870682,391.7302609447829,-42.001128144151814,0.6974171723786882,0.009759176981624883
403,5.521104506057629,77.04311019413277,-5.128169726033899,390.1427283586999,-43.346414799599735,0.9707445436425763,0.0023113840219631176
404,15.381265761431878,27.00606690526346,-47.64832828903067,398.7625629460085,-19.761255549682414,0.11929602735979145,0.04276436915454365
405,16.093272378864597,27.840698499575286,-47.16581310754566,399.5012722975983,-20.413414286164414,0.13241147223667898,0.04623270010355984
406,16.502060484383783,21.444695122524106,-50.674834023110805,399.66500705636827,-15.051687026735712,0.03436059201400249,0.04700148822278759
407,18.192924439441853,10.749971245849466,-55.109183757299455,400.9771974117115,-5.281514626250208,-0.14809773174424656,0.05316308742124126
408,8.480407907249592,76.97341774762873,-5.213251707732526,393.0986293110476,-43.23555620796752,0.9757712253867132,0.016179688153747124
409,16.901864541680375,20.85777154722761,-50.970312989618094,400.047935658018,-14.531257870911345,0.025263190851540884,0.04879951022121962
410,17.70249976807807,19.708922367757616,-51.534310506957105,400.8137505540171,-13.50251321858753,0.007068388526617619,0.0523955542180837
411,18.297012168335208,12.510429780901706,-54.518160626518586,401.14144338705717,-6.935961785770447,-0.11726620560563539,0.053934385372609396
412,18.488812611607297,16.034056406713496,-53.17410193601503,401.4699275525504,-10.185136339952408,-0.05560315332841309,0.05547698127534565
413,18.687739385259594,10.672705641737966,-55.142489728098745,401.46952672150184,-5.194856848670827,-0.14860197653315074,0.05547509890124036
414,15.7842172751587,34.70640213841058,-42.74964295402385,399.4469607444455,-25.67997068564243,0.22872230625460865,0.0459776923132208
415,19.043678885255474,12.870030340441875,-54.403204009119946,401.90753401354345,-7.249555523222856,-0.10978893170739001,0.05753210259090041
416,19.322310453043542,11.288139116370564,-54.953594548996314,402.1263303351185,-5.756016695861187,-0.13688182089687845,0.05855966324867778
417,16.00031631703245,34.79341916123803,-42.69204032711471,399.6658088576199,-25.735595478903452,0.2301261892667526,0.04700525297099817
418,16.973230129209885,27.707307205347014,-47.25474320136468,400.376632542411,-20.278762424505828,0.13151503705640488,0.05034294273466935
419,15.12179187044648,41.87779922596803,-37.48274230151585,399.00960707885355,-30.569179367830287,0.32467919095029957,0.04392424421909296
420,15.372725601286382,41.690992543401926,-37.628892208920156,399.25579896412944,-30.443051484249025,0.3224260068918308,0.04508014538275333
421,19.74519601161314,11.69925479908973,-54.8233171041622,402.56417635299107,-6.129483268813455,-0.12906838380603025,0.060616039480302725
422,19.7542993166784,17.271159874219684,-52.6696017208618,402.78349322495836,-11.266108957705306,-0.03216284205586853,0.061646109970220485
423,18.295572384491457,21.470641368791426,-50.684673550862996,401.47032838358393,-15.021970792911723,0.03739566987632453,0.05547886364945094
424,17.412967777619528,27.63972157230935,-47.29872495034327,400.8142850291318,-20.2115085761485,0.1310668194662678,0.0523980640502241
425,17.098002596260546,36.54874491894841,-41.47033686708085,400.81481950422756,-26.951348315928712,0.25506525040591804,0.0524005738823645
426,16.366597180420207,35.375656080146406,-42.29128240231248,400.048826515485,-26.143493317009256,0.23843920964647441,0.048803693274786945
427,17.63268819220792,27.60509628304426,-47.32059485035461,401.0331043635707,-20.17789989897977,0.1308427106711993,0.05342562470800147
428,18.072634367215723,27.53928192416301,-47.36409248750223,401.4707292146057,-20.110719362121767,0.1303944930810622,0.05548074602355623
429,18.779753156241846,20.03346090421642,-51.39455378988734,401.90806843241756,-13.754792006157706,0.01420949923226017,0.05753461242304078
430,18.931575854182014,22.140420488909278,-50.35289967908483,402.1271319465448,-15.580770926837475,0.049115825512596856,0.05856342799688836
431,15.07083063337642,52.78313927656196,-28.402732998113493,399.25619988056116,-36.58429906023647,0.47219824796648463,0.04508202775685863
432,17.58194044945016,34.95620615111349,-42.592743217938505,401.2523644692267,-25.80125636885424,0.23395062765917257,0.054455276892562514
433,17.589602886714324,41.08813083083185,-38.11071451072161,401.47153087661826,-29.981015242559074,0.3163921394905375,0.05548451077176681
434,17.81799671488578,34.16276543994845,-43.13852196443321,401.4711300456171,-25.217758057857935,0.2233933162857999,0.05548262839766152
435,19.0145075130202,25.72708112461334,-48.423349707378,402.3462799095244,-18.599568732828153,0.10468855694954193,0.05959266187609266
436,19.485895503584526,24.838010138674253,-48.92561730024071,402.7840275987934,-17.845529749408854,0.09183558888378168,0.061648619802360874
437,18.26241554802768,33.945630783712986,-43.28961597090136,401.9089591304935,-25.04392420477985,0.22087355079834387,0.0575387954766081
438,19.153429946142534,33.516826060660044,-43.589144968786975,402.78456197261,-24.69503761689525,0.21583401982343187,0.061651129634501256
439,16.57287848029424,48.529123144874376,-32.09431562762108,400.6513700935729,-34.39960989399083,0.4151153460984193,0.05163304067920694
440,17.142984081205217,45.78992329087985,-34.377430861638636,401.143581219983,-32.858943686601066,0.3787275181529654,0.05394442470117094
441,15.977724340640055,55.34639196372419,-26.11508349386505,400.241265436609,-37.697970993035376,0.5090404287181836,0.04970730563292701
442,16.911953053098195,48.12272202493487,-32.43974985642823,400.97960251172293,-34.16883541405375,0.40989520748417935,0.053174381665873
443,19.563856722515172,28.604734126269776,-46.74325355941846,403.0031617101632,-20.909580483496605,0.14740832032072665,0.06267785368156517
444,19.7599231761293,26.242473496857965,-48.13934039966668,403.11245985452194,-18.99628895818237,0.11319547056937412,0.06319121570509713
445,17.406363455829993,48.05655442887228,-32.499537849751434,401.47193170760823,-34.11447231183352,0.40939096269527525,0.0554863931458721
446,18.152595588644235,44.257472781553446,-35.626092425887435,402.1284679654874,-31.92318522574601,0.3591119028617224,0.05856970257723932
447,14.688011129857308,72.41435917464608,-9.799194944120254,399.25700171338576,-42.57545450316316,0.8063361578157482,0.04508579250506921
448,16.006646912341054,66.20256397080075,-15.907445359003992,400.4880517361218,-41.347936595475815,0.6790120900853551,0.050866134934084484
449,23.13031220637254,15.00789786642899,-53.65475778478766,406.066280429262,-9.094381894940568,-0.06656088707924476,0.07706704933330225
450,17.52685614970062,60.61962169420744,-21.256903391764794,401.91058617559696,-39.6641130282009,0.5881604430260583,0.05754643669377531
451,23.41328197322835,19.01706448558358,-51.92982319929002,406.5042275217035,-12.700954522178847,0.0032517654814285257,0.07912468048099738
452,22.29143727569351,19.77760899458824,-51.56006090114071,405.4101265197419,-13.411754893409643,0.014717780489220622,0.07398436735997013
453,17.788149105276283,62.27580482493303,-19.69210574939985,402.2026114002614,-40.19187231488225,0.6143412733751763,0.058917916684938815
454,17.87498764956095,65.83292583883284,-16.277421767305047,402.34882133427436,-41.184203242409524,0.673931100152104,0.05960459786757321
455,18.32007990123564,65.40019847357746,-16.698826411841516,402.7866372343398,-41.05716777277003,0.6667029340734121,0.061660876667265836
456,17.75073213435642,60.37397888501799,-21.489318131109748,402.1295056619151,-39.571587944680736,0.5845463599867124,0.058574576093621614
457,18.47024700678136,57.16103655589622,-24.478304459906006,402.78603454276356,-38.35143227961644,0.5370797011466937,0.06165804596170105
458,20.492804120716738,42.32490182747264,-37.175029969901516,404.4267730550664,-30.654128573551834,0.33528923272229744,0.06936483111338745
459,19.698682483595803,36.627052586130404,-41.43662742915901,403.4414160700299,-26.912576599343275,0.2585537831946168,0.06473632143997377
460,19.799900636084036,43.49869007689873,-36.24453886712516,403.77019717698084,-31.403478236483654,0.3503500833306366,0.06628065356891683
461,21.088574254985176,34.30792690543766,-43.06964631960361,404.7545678865645,-25.203530849985526,0.22843208197793857,0.07090467652891501
462,22.801692675607008,25.896779309050213,-48.36401625368479,406.1765049785859,-18.606086517073802,0.11151511672255454,0.07758491528382594
463,20.301839301787226,45.013244873480005,-35.033436737675736,404.3175058127283,-32.2878318461365,0.37090828297041717,0.0688515493082116
464,19.951701373646994,50.3249213101248,-30.58318398371999,404.09896788029323,-35.20424092858726,0.4421463834666563,0.0678249856978599
465,23.97205777625016,18.638985421935676,-52.10873771915717,407.05123479972724,-12.348044581451962,-0.0024812420224675225,0.08169483704151101
466,23.180893291468756,26.57916211721531,-47.975066486290366,406.5777075857449,-19.151725040141955,0.12196910134929473,0.07946992444801318
467,23.312636863675753,32.68541322969199,-44.17912896957759,406.94282688631296,-23.921098043939615,0.2083124529558884,0.08118546320768173
468,23.9306060103841,27.9720158166397,-47.1616488321229,407.38006630013916,-20.2467518604468,0.1428770706027751,0.08323994277638766
469,22.883764150466586,28.870684229710953,-46.60899909705286,406.35907328687756,-21.001906931527813,0.15468679252585132,0.07844268466366021
470,23.031988962667036,35.111236141828904,-42.53034222702435,406.72420027479365,-25.71108579686637,0.241030144132445,0.08015822342332876
471,22.200206635686687,33.80444248705683,-43.42059714244943,405.84880624212803,-24.793833611363596,0.22259086895721464,0.07604531052336667
472,22.65827149298364,27.02282525565508,-47.71350296262798,406.0671841811637,-19.530355042059647,0.1278739623108328,0.07707129539164945
473,24.532625994413642,18.264196375427776,-52.284856393387244,407.59821326244634,-11.994470274206499,-0.00821424952636357,0.08426499360202465
474,19.05828867748053,60.55183503622678,-21.33080847488755,403.44299101740256,-39.58107932731941,0.5882366674984807,0.06474371907731016
475,18.98867122950236,64.7412066576318,-17.33942737008731,403.44332650090735,-40.85768411152922,0.6558606849553741,0.06474529486680476
476,19.102409419529792,58.31076287474942,-23.4231524931733,403.4428232756458,-38.773039929954955,0.5544246587700341,0.06474293118256287
477,19.436262009414506,57.925029509058874,-23.779666963562043,403.77115236224154,-38.61342387080374,0.5490035342110151,0.06628514028233233
478,19.33332467173389,61.55667347332254,-20.383731156491997,403.7349286561731,-39.903579471947374,0.6040842952692944,0.0661149899157953
479,19.14953602496733,67.97838059950222,-14.197704857949631,403.66248086516305,-41.629031777776234,0.7142458173858532,0.06577468918272127
480,19.504246369866266,59.87280935459564,-21.969159582645425,403.880726664903,-39.3288828658202,0.5781961004262548,0.06679983744029058
481,18.092626500423407,70.711827137844,-11.505706317731311,402.64096784099274,-42.18753013993748,0.7694060586082276,0.06097670531677182
482,22.158009266984152,41.563366184113214,-37.77690472240211,406.06813915521343,-30.112390404099497,0.32652741319121154,0.07707578210506495
483,17.994422152337375,72.84332040489626,-9.395539746262822,402.56813237860536,-42.50091839699172,0.8207576208756355,0.06063461964152481
484,24.797935771436713,22.47297689524579,-50.242100184150075,408.0360957478168,-15.6593275830127,0.06159840303430969,0.08632262474971979
485,18.215247761979597,72.69835011622314,-9.54107832925344,402.78703801462785,-42.47365982556162,0.8171435378362897,0.061662759041371126
486,18.523494742352817,71.28901553837342,-10.938498512592034,403.078860493217,-42.26236480422104,0.782844297686144,0.06303340242182116
487,22.152832840463653,44.17420049228743,-35.721240519329,406.1412490968925,-31.719910954722714,0.36117292793587724,0.07741927263229771
488,21.31503984870961,48.0256776814169,-32.55130998854182,405.4120365885799,-33.947930155988196,0.4120246822499782,0.07399334078680114
489,22.15497761286447,49.34671471431581,-31.437338535603836,406.28746743622594,-34.61526320237033,0.43046395742520854,0.07810625368676322
490,22.574266541983185,42.2347606995708,-37.25862344298591,406.5058361514232,-30.517798751560214,0.33574705077882677,0.079132238555046
491,20.6342660612029,58.23970381293979,-23.496393573299617,404.97500217720403,-38.68635604141053,0.5545008832424565,0.07194021356609771
492,19.92716548903269,64.6634785353974,-17.420145196269974,404.39182513911607,-40.79887929936144,0.6552412616210816,0.06920066303140443
493,23.879320963912257,33.79665624323515,-43.43699472302916,407.54458057490984,-24.72388523592784,0.22399342989599874,0.08401297695396259
494,22.995805996560403,41.43828133558109,-37.87839340797415,406.906937008353,-30.00037513225162,0.3255346302489586,0.0810168294138765
495,23.84538323214874,39.84865010566871,-39.0965585375213,407.70909224292393,-28.93996826523361,0.3051097891892223,0.08478601113153753
496,20.31798698719019,62.867468740983895,-19.14356353594647,404.7564780759949,-40.272061704348054,0.6257389837386957,0.07091364995574602
497,25.035028313433664,27.685904184601238,-47.34017055862932,408.47406218503596,-19.97538139362445,0.1398482585755853,0.08838073720755153
498,21.906887314263987,53.946996329828316,-27.412047559161643,406.1418857417451,-36.855042517760616,0.4936085618561297,0.07742226377457471
499,20.990488156113518,61.8966980744251,-20.069971708451508,405.41299162289664,-39.94600193040904,0.6106781331303568,0.07399782750021663
500,24.42771290877721,35.54494574238418,-42.23423304912518,408.1464018124608,-25.969227065048706,0.24811160981671126,0.08684097201038005
501,24.712038124727663,33.42044366785313,-43.695390062226764,408.3650496893873,-24.415252233450477,0.2196125201304558,0.08786845244980135
502,25.587279393839705,27.54376746858882,-47.428320951776065,409.0210168964326,-19.83967473989513,0.13833385256199038,0.09095113442313348
503,23.26862924157506,47.09519652342543,-33.340852062595296,407.34491693637835,-33.36064580228992,0.40097208479670016,0.08307478143499604
504,21.417385553978256,62.45621038753544,-19.541374887778137,405.85071623034094,-40.10297896198896,0.6198977707179718,0.07605428395019768
505,21.77846689125877,56.17715400689611,-25.399214097532035,406.0690941291995,-37.82146522790892,0.5251808640715903,0.07708026881848046
506,22.201913228540622,56.79621445215717,-24.837233775952313,406.50679108516255,-38.05690951381257,0.5344005016592053,0.0791367252684615
507,22.27408925001116,63.55162082923174,-18.500122348229674,406.7261101020195,-40.394071017910925,0.6383370458932023,0.08016719685015979
508,23.825981805501026,45.96041800483211,-34.280604256455526,407.87360130418085,-32.699244218386006,0.386226148482446,0.08555904530911247
509,23.830630264178332,51.957837972004924,-29.18270110852079,408.0381077586793,-35.85418628399017,0.4673425077756695,0.0863320794866874
510,22.73746823015165,55.20944409850558,-26.280571566094494,407.01725507010474,-37.3757228936145,0.5120478370313599,0.08153517667453682
511,29.020929334354893,11.068597233918554,-55.14367826782095,411.8086619110243,-5.209307647322122,-0.12675746587015319,0.10405369321869537
512,27.32941718390318,16.398246114778804,-53.12650470103437,410.33267334647127,-10.209836674214811,-0.036879287045843756,0.0971157764045928
513,24.19429924233374,45.11683981060916,-34.970583817887984,408.21997267882557,-32.196985226831096,0.37526614866517977,0.08718669728753248
514,23.031795609440685,58.01491269449398,-23.718718312356685,407.38212965387885,-38.50303568878727,0.5528397768344357,0.0832496381684236
515,26.37954064488899,32.67713946409545,-44.20346830564219,410.00579339075165,-23.794545881244748,0.2108507005993699,0.09557940344147886
516,27.265280507303427,26.53744766392297,-48.02905910313415,410.6616057073393,-18.957640190335535,0.12535343154060336,0.09866184475974267
517,26.146660167757542,27.207017169497306,-47.63115917283004,409.56790865050493,-19.545888301420746,0.13400704555486137,0.09352137120200321
518,28.135188010483127,20.874308284955667,-51.0766862415555,411.31737657687677,-14.150077857083389,0.039856162481836876,0.10174428607800647
519,27.301733076898195,21.20259597761346,-50.90779632796969,410.497140830284,-14.46862063274814,0.04423707224737977,0.09788881058216774
520,23.008530180037184,63.28397812024143,-18.760505523342893,407.45547667652164,-40.28610016533923,0.6344429038793864,0.08359428617979421
521,23.37571685605048,63.149479074047065,-18.891004902783006,407.8201407511711,-40.23142920663277,0.6324958328724783,0.08530783084461145
522,29.82851948944792,15.461729018423972,-53.53220562001813,412.79322506201333,-9.257146187572715,-0.05002201634247255,0.10868220289210903
523,28.99488444644192,15.77155227449882,-53.39955190053731,411.97310599936276,-9.5751432096736,-0.04564110657692966,0.10482672739627029
524,26.62406226011469,38.59034474552008,-40.0523377198502,410.4436937887281,-27.990243159457776,0.2905067566374125,0.0976375961176667
525,25.51364625236501,39.093137852217644,-39.67321432636609,409.34993962711343,-28.372557459190887,0.2963479696581364,0.09249696212321504
526,21.80500547753187,74.81843898053138,-7.452490260515592,406.39911655792395,-42.55888858688232,0.886067033538416,0.07863082388704583
527,24.94964825563642,55.35365365701128,-26.162960209869453,409.241658128979,-37.34573438614684,0.5155788676170945,0.09198806959952238
528,24.577647675428963,54.23337210591317,-27.168662387117926,408.8404901774643,-36.87421016215178,0.4995000810032862,0.09010273956191071
529,24.426431982036767,59.27656931639277,-22.554943242843066,408.8043946986438,-38.91579187641938,0.5725770469896054,0.08993310872067983
530,26.318430203424573,44.84191185007046,-35.20626011236438,410.33473611331743,-31.947437170750316,0.37308341918581706,0.09712547179662873
531,23.612597150613905,66.24806355178467,-15.907832990128922,408.11213788330986,-41.05315327101544,0.6855998702311734,0.08667995929540334
532,23.926564756628064,62.94723986622024,-19.087126219424295,408.36711284739334,-40.14856072094243,0.6295752263621166,0.08787814784183727
533,24.307771974085636,63.90877319900276,-18.170100198614463,408.76829909430217,-40.411130364802744,0.645654012975925,0.08976347787944892
534,31.234454421083147,22.219839028619255,-50.41092704106909,414.4899888503694,-15.182469706211869,0.06434521525303788,0.11665985557047247
535,31.60948862607824,15.51967859898528,-53.51750203966885,414.5986624409884,-9.235249540643881,-0.046947398312677746,0.1171708492882159
536,30.59609343628966,20.417975502367376,-51.31224255179534,413.77855114880106,-13.653494644835224,0.035147398845003286,0.11331473908389174
537,25.957793275726097,63.3116656199497,-18.74988633924861,410.40897905347555,-40.17032795439822,0.636892193444839,0.09747442887112644
538,29.545374282747712,35.25553629812986,-42.461845203555036,413.2876834007277,-25.55061219232109,0.24824954629604407,0.11100685659991452
539,29.668439041882635,31.81602854879045,-44.7848118188612,413.2873591110098,-23.010018595952324,0.20176102719699335,0.11100533194320286
540,29.102654224601064,33.84273848545789,-43.432318949526,412.7951708928355,-24.545711625635306,0.22890909825183142,0.10869135083237899
541,26.390168831146333,62.02603130222135,-19.97481616191758,410.82813064647627,-39.76269651853378,0.6164324970654878,0.09944457432935351
542,26.07314054009906,58.61841646491244,-23.174771961775683,410.4450689520116,-38.604876085143786,0.5638152274585195,0.09764405971235732
543,24.421966772005273,76.14028927122155,-6.1462339749410395,409.0250917436354,-42.5533285677153,0.9540406635350109,0.09097028455213702
544,33.02206900286467,16.669633788388346,-53.04228352530058,416.0575958014198,-10.217627436312489,-0.02564930335184709,0.12403141350062519
545,32.50522221421147,26.039631654245092,-48.33750766670014,415.91271781752687,-18.327781382782888,0.12274084806910712,0.12335008854363391
546,33.271500931510445,12.339063341198367,-54.732756925684534,416.1300340340164,-6.223645501203328,-0.09984437906232418,0.12437207597912082
547,26.856634434455568,63.205954377076225,-18.854545743540104,411.3207365529563,-40.10061614870515,0.6357729451097003,0.10176008009688904
548,27.43562391275718,58.44784370987869,-23.34032751035346,411.81267039963217,-38.48227981104639,0.5621363549558114,0.10407253655100124
549,26.751065793193863,72.55850959114376,-9.722854757655142,411.3220339577377,-42.100513872783445,0.8217270215059029,0.10176617872373568
550,27.902511352887373,59.71678062010001,-22.161075726691053,412.30522956062083,-38.92530522186361,0.5814768030000239,0.10638804231853678
551,27.96667982936828,56.57060031513778,-25.069834069595785,412.3049052401756,-37.72480497969016,0.5349882839009734,0.10638651766182511
552,25.243608941067126,76.04805015574428,-6.242323907932791,409.8454438480586,-42.512101403224186,0.949659753769468,0.09482576004797576
553,29.57275264839874,50.674734853278025,-30.326731232539068,413.7814696176686,-34.98316846796033,0.45354407073645914,0.11332846099429668
554,29.484801377609685,47.90775037244795,-32.689033552022245,413.61709301068987,-33.546480638603384,0.4161049086556879,0.11255560930064373
555,29.043930940201648,52.67885524883396,-28.572738223059282,413.2893048491937,-35.97496722348139,0.4806921417912973,0.11101447988347282
556,26.239512182049157,74.90855918114633,-7.384288850555258,410.8300768459784,-42.379585181459575,0.8953636116597918,0.09945372226962348
557,30.286017263428516,47.97285025822266,-32.63757420146919,414.4194846832904,-33.546547742089984,0.417471405557819,0.1163283410322468
558,32.100351357539765,34.063771688384755,-43.29455642634174,415.80405800075397,-24.57430463067315,0.2340334616348228,0.12283909482589046
559,31.470799315872203,31.941402419368796,-44.70951577949745,415.09271046673905,-23.026353084025928,0.20483564522678815,0.11949397833930973
560,31.538878780608975,35.40498539509424,-42.36496762912495,415.2936098859414,-25.56955365313585,0.2516657885513716,0.12043868592892215
561,31.70722391892824,42.466885515038406,-37.11483586912322,415.6953970449646,-30.28102949819056,0.34532607520053843,0.12232810110814701
562,30.230230442556003,52.772188894644195,-28.493183200476434,414.49290711902006,-35.96696322283054,0.4827418871444938,0.11667357748087741
563,36.35289172893438,10.31676382965918,-55.414088314255956,419.1196817518301,-4.176413269009474,-0.13144326485114,0.138433866882435
564,42.53013917164355,6.314879403158275,-56.50472216511108,425.09630823328024,-0.02390272734984898,-0.19464103642877156,0.16655744868906336
565,28.24440101880553,71.09595889284559,-11.177172915873122,412.7990625535339,-41.82599654244745,0.7867713274404393,0.10870964671291894
566,28.696977842284596,74.91797457380781,-7.383555483470293,413.29222345579024,-42.27327217656977,0.8990888136827533,0.11102820179387778
567,27.705691016793313,76.02307713122875,-6.27919685883264,412.30782412376925,-42.403533418592104,0.9533849557924297,0.10640023957223003
568,29.753624665619068,67.08915718268454,-15.114542610115981,414.27555658195286,-40.98779048516267,0.705327114275925,0.11565159004539051
569,39.166759554886696,12.64197724564892,-54.6269101177062,422.036070477524,-6.227626677947146,-0.08884707492947866,0.15215499530725354
570,33.49311329586571,60.11155630461286,-21.80086749480559,417.92137790889234,-38.81932601444193,0.5910422813149412,0.13279716443975814
571,33.349652340690646,56.9749380964984,-24.709717025617635,417.7205294188333,-37.653284359225076,0.5442121379903577,0.13185245685014574
572,32.43694195723066,62.399358001682074,-19.63781274922784,416.900665086958,-39.61486356701101,0.6263069351480388,0.12799634664582155
573,29.67267407267248,77.03025205581557,-5.278688549764978,414.27847491090114,-42.3760295121929,1.1237237861673808,0.11566531195579546
574,34.02318169437697,58.9266345563962,-22.907962081401827,418.4316966177389,-38.372443939818574,0.5734099543983924,0.13519757333672644
575,34.29440110428247,51.09011956910917,-29.972746776742902,418.5403288868253,-34.98104286935829,0.4621173408326769,0.1357085670544699
576,33.80554767524431,65.80085497285143,-16.369550480401546,418.32306320961976,-40.50097253654417,0.6847025679641079,0.134686579618983
577,34.82019688155797,57.103917777224744,-24.592243202338143,419.197127553358,-37.63878155930847,0.5469614640235692,0.13879818668217891
578,34.475200067923986,60.19220491774448,-21.72572457905399,418.9057809659016,-38.80316546943867,0.5928751653370821,0.13742765099444695
579,35.38218866368979,62.626771950496455,-19.42395839254755,419.8538845795684,-39.55147342223668,0.6318055872144617,0.1418878063098879
580,31.15185663852902,76.57482869737548,-5.735926408868318,415.7547583076193,-42.28506995486969,1.042279573002867,0.12260725528826703
581,40.44005117247568,15.98544316645265,-53.3293308206408,423.4577635533671,-9.243005717037425,-0.030451442113409444,0.15884522828041497
582,38.89857975401241,16.980634338447693,-52.90975053866126,421.96367353125385,-10.222953730170987,-0.014651999219001566,0.15181433282875792
583,38.77880553899638,32.58912587927492,-44.2886660500586,422.4754689037516,-23.173986892677586,0.21858227539284503,0.15422262749947563
584,38.37056596807278,26.49644533008118,-48.07788104458291,421.81887812001656,-18.427120322453565,0.13373815220195268,0.15113300787176664
585,37.93878505958049,34.59233070444909,-42.93376233392372,421.7102802327378,-24.691498661596473,0.2450307657676683,0.1506220141540232
586,38.36147445925365,36.03604983062149,-41.9256612423802,422.1842145317687,-25.702854749897654,0.264495976706358,0.15285209181174367
587,37.55898525210287,43.0343837501209,-36.67470407842491,421.6016812064441,-30.362915604521195,0.3563233793333839,0.15011102043627975
588,40.8651449735983,21.071761963606825,-50.9959608997128,424.11425039569923,-13.735807550688067,0.05439268107748291,0.161934847908124
589,40.02373470943774,22.825054542316,-50.10124704163472,423.34918285698444,-15.284968853752186,0.08084117145230618,0.15833423456267154
590,34.424371760775394,70.79182910980998,-11.48716042942976,418.9921291065019,-41.50181137862467,0.7848721216683192,0.13783384088067008
591,33.43950416193353,70.7458973764756,-11.530986658925771,418.007734254136,-41.53918005237688,0.7830392376461783,0.13320335432598127
592,33.97379663742008,73.67855365493841,-8.626253405197492,418.56122448586416,-41.91335238320531,0.8614053888952482,0.13580685816606114
593,33.26858407970757,72.7158633613632,-9.581376623091082,417.85006617765737,-41.831941730804644,0.8322075724872136,0.13246174167948044
594,34.745440401757996,72.76434636108067,-9.534740356041173,419.3266458517345,-41.770591775693255,0.834956898520425,0.13940747151151361
595,36.965528368610194,59.17992722421614,-22.674692589900204,421.3844797367931,-38.33019592991859,0.5789086064648152,0.14908903300079285
596,36.43035318670319,53.32335646164135,-28.011944791549883,420.7278197650541,-35.94427790901801,0.49406448327392277,0.1459994133730838
597,36.43822114024286,60.35705217452233,-21.573397885187703,420.87430648579857,-38.769706827968896,0.596540933381364,0.14668862410382452
598,41.636933889177776,24.81085750258731,-49.02560560323176,425.0437777323903,-16.87354669330576,0.11146059354677923,0.16630981140751847
599,40.83282781366285,29.34792568939534,-46.36441611063521,424.40656374239546,-20.58478131361586,0.1754491952257653,0.16331062331407387
600,37.757004016341135,58.407909427299614,-23.392573846443558,422.16194219227646,-38.00798863228142,0.5677855466033108,0.15274728798022336
601,39.34192002291387,56.8365251821568,-24.840518348713566,423.71669196811706,-37.3213594186747,0.5455394268803022,0.1600637979390844
602,38.4347906225212,50.10371500961666,-30.83234372484253,422.6592406008201,-34.29385467467663,0.45093140310684304,0.15508740918768207
603,39.246127905031,48.10723014569068,-32.53219773062345,423.42435913592055,-33.21049590279479,0.42448291273201993,0.15868802253313452
604,39.21615380343382,38.94536912724322,-39.811934681681265,423.13201804717363,-27.661093431142714,0.3034263985837374,0.15731224712718464
605,38.681625729213856,46.42584458096366,-33.93473276160522,422.81683548209116,-32.30930963485534,0.4017630682658078,0.15582902183418296
606,35.38812624543347,75.16668482591747,-7.145418418168967,419.9833946662921,-41.99288282575353,0.9198010217113175,0.1424970911392226
607,42.1829832485624,27.22787528565597,-47.64251386783231,425.6943407186136,-18.825333839589536,0.1465461182606504,0.1693720200399313
608,42.89898374314578,18.306208855847437,-52.3066882931344,426.0459103243417,-11.19816417974099,0.011038065629810634,0.1710269429969101
609,39.77516170279491,47.918431341547176,-32.69405219445103,423.9466543357099,-33.081088460892175,0.4221760163287899,0.1611460730640809
610,38.832115551963795,68.08174855294897,-14.153269251886371,423.37173883638735,-40.79264876685685,0.7305845427075706,0.15844038525158965
611,37.93897209276112,65.01808139574639,-17.1295384132029,422.4420613164025,-40.110679452153235,0.6735166302382742,0.15406542175219518
612,38.08585729928457,69.2714306234984,-12.98735096305619,422.6369692832652,-41.06521744451416,0.7542209730037959,0.15498260535616173
613,38.4362295327518,74.97874988203905,-7.333854172343657,423.0267742082205,-41.83393564584015,0.9156296585348391,0.15681697256409494
614,42.62489818386649,42.529807056423756,-37.07170313814118,426.6438066367977,-29.80161894142315,0.3522252203192327,0.173841514347778
615,42.05265112498948,39.87963538400058,-39.11112059778543,425.99330335371116,-28.137499719713894,0.3171396956053614,0.17077930571536523
616,42.02387846424317,44.20606500183188,-35.74314225351883,426.092955645618,-30.85319219258477,0.37400422138693173,0.1712484009405099
617,37.79361650854612,76.00104655016962,-6.313654139734137,422.38943602328595,-41.9424837341246,0.9796182602138253,0.1538177844706503
618,37.154092010232176,76.38427879477237,-5.930479632903726,421.75205859992917,-41.99738863720943,1.0436068618928114,0.1508185963772057
619,36.59601292477951,71.41884914364736,-10.869364100605654,421.16727371100984,-41.499555406114396,0.8014938335962465,0.14806704556530592
620,39.30218632194886,72.44704288662075,-9.852090074729896,423.87649741725227,-41.51665648248866,0.8303115229628575,0.1608158900220211
621,39.73811679091713,70.73452587969894,-11.546505693032401,424.3013328628197,-41.24454596324135,0.7876524551768669,0.16281534875098413
622,47.92639058454815,11.930509189146457,-54.815123702204914,430.7682697350182,-5.081663368499079,-0.0946342422255883,0.19326168169100386
623,54.33926976357485,7.039008197872383,-56.159686337112184,436.9052817701172,-0.01826233470972049,-0.17530485153019146,0.2221724786355828
624,44.7281668890818,14.403209624686294,-53.94154728498866,427.698382815971,-7.565670132645545,-0.05429893757328677,0.1788062832187144
625,39.36272004216004,75.8838721120364,-6.4321991444688695,423.9563992164929,-41.85977679486455,0.9726975710041355,0.16119193606348942
626,40.5970518181118,71.28614619302766,-11.00271574412487,425.16434035654737,-41.290059669653424,0.8014084459977426,0.16687728674787847
627,42.09596090175032,63.99918901119341,-18.116122719080664,426.5912027066745,-39.633974001184825,0.6583268502947834,0.17359387706623314
628,42.317836411252316,72.30220643393899,-9.99626597783699,426.8901394244885,-41.35186799555099,0.8289204276394944,0.1750011627416671
629,40.78419537007791,65.70444735625682,-16.471098572093496,425.3035373602973,-40.15035354838857,0.6872299272598983,0.16753248034037577
630,41.16844454959255,61.737527173347445,-20.274480540331794,425.6331211888013,-39.001509348755214,0.6207310424899564,0.1690838506905169
631,42.87200636700271,63.372174753613976,-18.716011965429168,427.35884206086746,-39.417351734475815,0.6482430241317079,0.1772077266843055
632,41.30040553178777,75.1731149835869,-7.14205700290646,425.88808861006623,-41.71278171910931,0.929342955556463,0.17028403115227556
633,43.35301048421576,67.83293404469474,-14.398835529740056,427.89209317447927,-40.52137544136854,0.7284978997225258,0.17971829433105868
634,50.62220746401295,14.76802318794165,-53.73886384697485,433.6030433079184,-7.555867136936523,-0.04463084512399673,0.2066137981919741
635,46.713832894306215,48.0582487165698,-32.56879262803801,430.8973720379112,-32.80738622313669,0.42723031597162003,0.19386968909923338
636,46.76441749916942,39.437488307190954,-39.43052132048767,430.6981590731731,-27.601436357580422,0.3135012644084794,0.19293149864894407
637,45.563243381884874,42.795459675225594,-36.856860589782016,429.59685963650253,-29.81527932145812,0.3570592665438776,0.18774527183440787
638,44.83012925721142,67.91135675483946,-14.321753197220872,429.3685468679319,-40.46516303478147,0.7309149228348482,0.1866701730743736
639,44.426634128641666,62.08979818041603,-19.93738685613481,428.893949860043,-38.95379239508926,0.6280753718055572,0.18443542592045026
640,44.25648730206285,75.17521159563263,-7.139161974599919,428.8413573738362,-41.567646165289254,0.934177001781108,0.18418778863890536
641,45.273466323908146,72.39010314890237,-9.908711341192463,429.84312209064507,-41.21742230050743,0.8337544738641394,0.18890492022829697
642,50.68534907014917,36.33902405764223,-41.67564728725305,434.51915823753785,-25.26570369681762,0.27420945017235515,0.21092959045916357
643,49.57896251856308,37.96574607315484,-40.509345965186334,433.47114970091695,-26.455550156160417,0.2952487853252737,0.20599248255094812
644,49.98472238504096,43.19938455628805,-36.52585680879134,434.04186191297697,-29.825430092008673,0.36411231051286447,0.20868101282387974
645,45.734395985543415,75.17622016651477,-7.137769551549044,430.3176755281771,-41.493799865785874,0.9365940248934306,0.19113966738222032
646,48.62436885348932,57.975661283363515,-23.789287797646445,433.022980361664,-37.30664115599852,0.56656871508835,0.20388133547397325
647,48.749441028632,49.924998329534226,-30.976987557760644,432.982122388728,-33.682489151586324,0.45317423010479435,0.20368887440865432
648,48.14548921448689,53.18742117821088,-28.12876829592001,432.45221185962293,-35.302830741483575,0.49770518990075924,0.20119280520104157
649,46.818172128449746,74.46624866594439,-7.843662088828239,431.39812051081566,-41.375858861994416,0.9042293477932786,0.19622803633010516
650,49.36525205297464,60.28047166391629,-21.640749290393924,433.8002696044941,-38.1083975060019,0.6018061520529197,0.20754289352487731
651,48.715354611372085,63.75119719344848,-18.346988421718827,433.20154720934124,-39.233458705943306,0.6575458079232248,0.20472248172460714
652,47.59372293413809,75.17311155070381,-7.139019400348694,432.1755319951323,-41.39939866775249,0.9394667847578482,0.19988959438100928
653,47.44919724394681,69.67444525799236,-12.589595824040602,432.0039983191157,-40.681969206605196,0.7690251196638356,0.19908165812406672
654,48.98775213500347,72.48566991403719,-9.808542806840745,433.5586716455828,-41.04166108780451,0.8394999935929748,0.20640477422587492
655,50.405122566329005,68.17972594788617,-14.04852355176661,434.9416261318789,-40.23956438862855,0.7395332024281012,0.21291995407074055
656,51.860651263342675,62.5813821121824,-19.456552240927053,436.324395454025,-38.72577907224523,0.6395664112632278,0.21943513391560618
657,50.19646905945552,61.061508280435945,-20.90286066859963,434.64171343474305,-38.329295133236045,0.6143929051230224,0.21150697365512028
658,58.63917972829612,12.634871310399472,-54.38688223224096,441.49747390589107,-5.064233624471767,-0.07803607412006436,0.24381681546178463
659,60.014036753546335,11.548733427645217,-54.675702898864486,442.80866455436023,-3.9384948290898727,-0.09634324038763444,0.24999999999996914
660,60.23389433214238,7.447232334032414,-55.89086615409926,442.8076395440602,-0.015751695117130957,-0.1667753169128546,0.24999999999996914
661,55.562014483470975,15.093114583014401,-53.53346366793104,438.5550100442851,-7.544087632923062,-0.03697015215221636,0.2299469368554114
662,50.2182147788055,75.1596235324374,-7.145090045652838,434.79637318262166,-41.26355700834707,0.943251018126456,0.21223561789074638
663,51.612813183890474,72.54183547722668,-9.745660721610284,436.1791619539185,-40.913182333005516,0.8432842269615826,0.218750797735612
664,51.716477868360556,68.23684924660985,-13.98913973687214,436.2517789593382,-40.1833215517787,0.7414253191124052,0.2190929658256091
665,52.992586311826955,64.00535001782828,-18.0917092911975,437.47269287282325,-39.08290029790691,0.6638836056157595,0.22484621812215663
666,56.810399472900485,36.87717946032228,-41.24528455588808,440.657420707556,-25.287680672926104,0.2832879908173203,0.2398566570285202
667,58.1231675734541,33.562887457442415,-43.52853566751289,441.85362110123117,-22.824488789354834,0.23969924660373382,0.24549585329506868
668,57.47636650701192,28.489636747905514,-46.76946769855681,441.0290672095025,-18.9568666786411,0.17053189691474618,0.24160862418515436
669,52.821711925993,70.8567994159831,-11.411113673739896,437.3758815351904,-40.60682082559461,0.7996954827479961,0.2243899940021605
670,53.427291296477826,69.90580356963083,-12.34712244698795,437.97418930589714,-40.414474185695376,0.7779011106412028,0.2272095921354348
671,53.56129846188737,64.69303042246935,-17.42738476788936,438.0467936857076,-39.24212442974682,0.6760422027920254,0.2275517602254319
672,59.87258774664761,14.23739827148307,-53.75660279818963,442.80888973793645,-6.468624685570446,-0.05024909199352789,0.24999999999996914
673,59.63449655167053,19.196570820144995,-51.59764809832621,442.80893083965844,-10.938527020249923,0.031984322170282464,0.24999999999996914
674,57.801817234337804,41.28933172516736,-37.963302626825346,441.78104350477525,-28.186113370816983,0.3415581544529112,0.2451536852050716
675,56.8285649941085,43.79735060973152,-36.011994397588445,440.88389990170475,-29.8067342371378,0.3742497126131011,0.24092428800516022
676,57.05730967066675,45.53792874436504,-34.61038485041329,441.1587623908965,-30.82680231097515,0.3973054958427636,0.24222003104179834
677,57.52187010060701,48.979026173737225,-31.745049265452547,441.70846539761084,-32.70977632611076,0.4434170623020886,0.24481151711507454
678,58.230294962035636,78.43086141557576,-3.8788163718877633,442.80860581387077,-40.994319532412476,1.5692726188772044,0.24999999999996914
679,58.228905207187104,81.35636160734123,-0.9588218774148731,442.80892000636527,-40.95672499690547,2.153473809787913,0.24999999999996914
680,55.02384454796018,108.56150713920103,24.932654262153356,439.3097947519887,-33.76619441581475,7.569440065222569,0.2335043849489855
681,58.55363557039515,109.62993990374561,25.81320228589615,442.8083719213315,-33.00358586615643,7.799313629308176,0.24999999999996914
682,53.35419461452066,109.83803591163085,26.039955705395066,437.61316514169545,-33.21181825305054,7.815660250083916,0.22550820229813567
683,58.57057491517393,110.3418433836357,26.422405592397176,442.8080905848787,-32.636649642037604,7.941335442037965,0.24999999999996914
684,6.879372688035698,28.834501616433727,-46.41992298310853,390.33129853194845,-21.492162531764166,0.13550657538780148,0.0031959877834554697
685,6.229666542179633,27.94726274394311,-46.937301123942916,389.649996632632,-20.801150084453212,0.12149687230050649,-9.278094329840972e-16
686,6.129425955159052,30.78139764499925,-45.200569039349425,389.649996632632,-23.041828237705772,0.1628454304758219,-9.256419757643039e-16
687,6.798427222135839,31.1341093373172,-44.98990153525097,390.33129853194873,-23.293686173500788,0.16873742005000092,0.0031959877834554715
688,6.031313961017229,33.54357855958692,-43.400817751881924,389.649996632632,-25.138073568133564,0.20191723384892107,-9.235938641481184e-16
689,6.308502378665058,36.021479236721966,-41.70658838957149,390.01498533416793,-26.929685931935495,0.23663958542538682,0.0017121363125650053
690,5.931037253767407,36.367739825110775,-41.45589370921324,389.649996632632,-27.187197138630875,0.24098903722201998,-9.215457525319328e-16
691,6.729294327541279,33.08516103846278,-43.7195681603531,390.33129853194896,-24.77514141384468,0.19630312550021123,0.0031959877834554728
692,7.153345371565366,30.71540894286636,-45.26193247223166,390.67193277279597,-22.960255888148993,0.1631857060191067,0.0047939816751836695
693,7.080397052076776,32.77436232360962,-43.931193931635946,390.6719327727963,-24.532103126229163,0.19235769392474816,0.004793981675183671
694,7.02840979092553,34.25665250195597,-42.93808313160965,390.6719327727966,-25.63299246546779,0.21303197301240584,0.004793981675183672
695,6.977967562915608,35.75460176509558,-41.90496867421053,390.67193277279694,-26.718615507367346,0.23370625210006352,0.004793981675183673
696,6.813325963625667,37.63335738529377,-40.56628467381826,390.5746098406375,-28.042973404065737,0.25928208152502624,0.00433741199183276
697,9.512648239379702,28.741083884611545,-46.524709303221236,392.9587599071757,-21.34132715814552,0.13757428412142475,0.015523369233930141
698,9.468882423871543,29.940540267958127,-45.78794465624396,392.9587599071763,-22.288952374655608,0.15493953006502437,0.015523369233930141
699,9.10652920897183,31.21895840137777,-44.97508180417816,392.6425265024933,-23.291255801303286,0.17281051429329503,0.014039517763039674
700,9.425138270908253,31.15703152768956,-45.02028824296686,392.95875990717695,-23.23354663891021,0.17230477600862387,0.015523369233930141
701,9.071896091081507,32.14110195114259,-44.37887951490244,392.64252650249375,-23.99572051660407,0.1858344487509947,0.014039517763039674
702,7.349873306105496,47.919151968025176,-32.517047729111304,391.42615466530646,-34.39283913977442,0.39890860692976166,0.008332396721153263
703,9.379683146315276,32.388188363236,-44.22251036157698,392.95875990717764,-24.17280145696313,0.18967002195222343,0.015523369233930143
704,9.039836044697983,33.0713839271527,-43.76607826056753,392.6425265024942,-24.69616771236674,0.19885838320869437,0.014039517763039674
705,9.336903458092278,33.63336569630843,-43.39538131026133,392.9587599071784,-25.104408334868168,0.207035267895823,0.015523369233930143
706,9.007967812948316,34.00878179542079,-43.137003153267514,392.6425265024948,-25.391623980803438,0.21188231766639404,0.014039517763039674
707,8.975913758364072,34.95244494665927,-42.49197930509646,392.6425265024953,-26.08111591412629,0.22490625212409365,0.014039517763039674
708,8.942854695097672,35.901881162408294,-41.83133182814842,392.64252650249585,-26.76367010454744,0.23793018658179338,0.014039517763039674
709,7.696949295212417,47.717908084774194,-32.69047053174074,391.76675310155997,-34.27081990230248,0.3964810118891096,0.009930390612881462
710,7.83147629019494,40.89459996464608,-38.15463062347482,391.6937686600982,-30.188595681601633,0.3045670737243052,0.009587963350368272
711,8.995921918208902,37.9124081129515,-40.39535465579021,392.7641558717218,-28.166707276907058,0.265422445888915,0.014610229867228321
712,8.015117790724677,47.65947673354566,-32.743368634384396,392.083013103944,-34.22800375332313,0.39597527360443846,0.01141424208377193
713,9.577531221211535,36.42966391135739,-41.46824730151347,393.2993082169998,-27.117580100991752,0.2458501319712198,0.017121363125658345
714,5.999669974822625,64.90397349050845,-17.084558191138015,390.4712032288769,-41.38383270095513,0.6480939632472165,0.003852306703272435
715,5.194234879375555,63.97142828704228,-17.974401588443214,389.649996632632,-41.1554050237876,0.6317070709530104,-9.010646363700712e-16
716,20.59984653991935,18.10083366958022,-52.315640699952084,403.6591114417429,-11.98212311058888,-0.01653596787417211,0.06575886243347037
717,20.599278698242873,23.998667647047444,-49.39579052430925,403.8784052051685,-17.104411797981005,0.08036957387598964,0.06678893292338813
718,18.19392804576267,39.06879398103381,-39.64142666358898,402.0187141274885,-28.638590789263613,0.28999272683003313,0.05805424902692371
719,18.50835351339107,37.20320477867181,-41.01108646725841,402.2740030131937,-27.35890200680142,0.26527315782783273,0.05925320922944956
720,21.164938604364878,18.654017311941296,-52.07179987878685,404.24281592782694,-12.457233206087505,-0.006118051753041198,0.06850069740897029
721,20.997350773183513,27.748624469523765,-47.2713006442937,404.42581793010106,-20.175170036757063,0.13663578184191866,0.06936034439997195
722,18.63832095797937,38.85021875798589,-39.80695857933955,402.45652014652063,-28.47662257213597,0.287472961342577,0.060110416105870285
723,19.968006647119825,29.60626684907808,-46.13210034029604,403.44100047222,-21.68540976185053,0.16211055913044436,0.06473436934830902
724,18.56923107159392,41.17990649597232,-38.04736826011593,402.4566537441905,-30.004432581563993,0.3184725690774897,0.06011104356390539
725,18.42904446953846,45.84002105669567,-34.34582512087389,402.45692093952636,-32.83948739521802,0.3804717845473146,0.06011229847997558
726,18.77345108427067,39.64124289613429,-39.218051019012634,402.6207427472738,-28.997328939194517,0.2981529021853733,0.06088171405723842
727,18.93855317421439,47.34248068752094,-33.10691347597376,403.00429875166316,-33.667217569554644,0.4010299841870953,0.06268319421927035
728,20.163513972347936,30.114320910702094,-45.81814816735693,403.6599129349488,-22.072875321051356,0.1694616785353032,0.06576262718168094
729,19.07883096172628,38.63317330483366,-39.971740973664026,402.89430772300733,-28.314059592183412,0.2849531958551211,0.062166583184816854
730,20.427784726990044,29.314749639513018,-46.31513368198082,403.9152208735818,-21.4419077905725,0.15851971297084172,0.06696186625444461
731,19.29800221339628,41.983827577056275,-37.431574160938055,403.22285970935224,-30.48631410913537,0.32979188369085594,0.06370975782962206
732,18.037062209364247,52.69509524259351,-28.500369904049453,402.2384443260903,-36.43222334909672,0.473313757198007,0.05908620665388467
733,18.61085199206014,50.206319651034654,-30.675610766852035,402.74908718014757,-35.19653958451577,0.4395271566270345,0.06148451288698233
734,18.44048633244464,51.619303387160414,-29.446974506634945,402.6214790439843,-35.90445672628122,0.4587757428470041,0.060885172220838314
735,21.690489052164523,26.66295407715531,-47.915215408530464,405.08235237478954,-19.27243126312266,0.12157493123357954,0.07244452194444258
736,21.782913622631277,33.15728892702928,-43.85351571710376,405.4110815541904,-24.33118321364613,0.2133712313695994,0.07398885407338564
737,22.034110672313197,26.123707649209596,-48.22759682156669,405.4106040369735,-18.82088076154025,0.11404450592941001,0.07398661071667789
738,18.693088589814256,52.351026637604335,-28.80760575269271,402.89516722025627,-36.24501794744821,0.4690548426668944,0.0621706200904857
739,15.271700265375758,75.53186050706941,-6.702735123072097,399.87307946713366,-42.883139267256524,0.9049670752622951,0.04797847355171723
740,22.238338564620864,26.42443024745117,-48.05855943214362,405.629468696971,-19.057034751033903,0.11865432472321763,0.0750148389416684
741,18.82965428670243,54.38107280043011,-27.00383560936014,403.0777224457899,-37.169712623727825,0.49751144803460773,0.0630280571211781
742,19.007950503599012,52.958621978096176,-28.272703323299964,403.2235633269837,-36.51816825205557,0.4777273214785647,0.06371306270091662
743,20.952325679022543,41.54038058585247,-37.78747586291046,404.864467255034,-30.143612385184397,0.32524866565007143,0.07142094947636786
744,21.382816360305988,38.460903979378564,-40.11736939185558,405.19256662691004,-28.11065534739109,0.28460933186583875,0.07296229046303393
745,21.184099670482748,41.14916097929419,-38.091188050445275,405.083307439391,-29.885178170517005,0.3202283821139584,0.07244900865785808
746,21.529268421298976,40.5608345926043,-38.54348073503118,405.4115590713929,-29.49365920616814,0.3126979568097888,0.07399109743009338
747,21.73990551499096,40.894053041294036,-38.289447526315136,405.63042371126727,-29.701279395264976,0.3173077756035964,0.07501932565508392
748,24.236128546159712,22.88108848276035,-50.02500309042787,407.489140354225,-16.028039859880128,0.06733141053820568,0.08375246818920615
749,20.974368376754008,53.25370724700876,-28.02364068372206,405.1935216813986,-36.577585099599844,0.4832627827462173,0.07296677717644942
750,25.350041535530412,22.33621935706926,-50.31681640488473,408.5830735358972,-15.522162638275178,0.060083997020714874,0.08889302196530172
751,26.107239112947166,18.8829550416302,-52.01612011240152,409.2026808925712,-12.48387306555006,0.004455949639361578,0.09180488887381305
752,25.62642824352044,22.26942979011296,-50.35388377602784,408.8565516221745,-15.453629324001628,0.05932679401391733,0.09017822057309269
753,25.427753415166183,24.020729992313708,-49.426743795757275,408.72905670912616,-16.94740810467938,0.08616728220114,0.08957905945124563
754,25.90626971659693,22.11296868249297,-50.436799769654044,409.1300054342449,-15.308187874567013,0.05716339051035285,0.09146333896252756
755,26.33450600056671,19.57947398532505,-51.691523928802724,409.45797004883326,-13.089647068300756,0.016524056726120173,0.09300467994919362
756,26.669222740765726,18.51013983396746,-52.19271823333686,409.7495460064661,-12.130697355149731,-0.00127705786453447,0.09437504543432668
757,20.700709451057968,66.16087087356185,-15.975727048723243,405.1944767358059,-41.15191292150423,0.6819162336265958,0.07297126388986493
758,20.56527667988663,68.09123887995962,-14.09534582904063,405.08521756837933,-41.595774654565204,0.7175352838747155,0.07245798208468908
759,26.74380931514374,21.51323888908375,-50.7488198296763,409.9502980432769,-14.757865119020964,0.048563879254508835,0.095318573803298
760,24.305586606161974,40.31763605131712,-38.74417791166256,408.183187310816,-29.228124737610464,0.3116888792409455,0.08701383464895626
761,24.937696661419633,43.42625947201762,-36.33267020004675,408.91268075854816,-31.158450966511758,0.35334614903064737,0.0904420012443725
762,21.06754818509386,66.03580655367092,-16.098687326435844,405.55922021540647,-41.10654805542731,0.6799691626196878,0.07468480855468214
763,20.898538502641966,67.6822814752239,-14.495979576887155,405.41346914002014,-41.494857469191956,0.7100048585705461,0.0740000708569244
764,25.747187970111195,31.168600821871173,-45.18614554391373,409.3129574923835,-22.678827019379952,0.18956295592499606,0.09232315591611724
765,24.824240758869777,38.390116406308564,-40.19029433918193,408.63886883539305,-27.92888559248521,0.2864793345805516,0.08915522684708693
766,25.540818931369493,33.20413529123691,-43.8470450396935,409.18547956474555,-24.220803824323408,0.21734091111006337,0.09172404827317426
767,21.114200356093363,67.91594093335488,-14.26898956933481,405.6323337396473,-41.536449895093085,0.7146146773643536,0.07502829908191491
768,25.820961881472705,33.02915871961804,-43.96642893806465,409.4589247110234,-24.07896386452199,0.2151775076064989,0.09300916666260911
769,28.578691051083837,15.928407347877556,-53.33225433479022,411.5630221520887,-9.733983103567114,-0.043450651694158154,0.10289898964835092
770,23.58338076974882,57.790060775833744,-23.92816545545709,407.9291248269635,-38.394273270879545,0.5499191703240738,0.08581995516564944
771,24.746198387167773,48.9091282874386,-31.82185201818436,408.8765855307652,-34.28269568586741,0.4264231150169668,0.09027237040314161
772,22.018287355665226,70.22720526801369,-12.00420061347145,406.562614617063,-41.94693908498319,0.7622020397158091,0.07939901036860281
773,26.934782029528684,32.42901590081799,-44.37021492664155,410.5526503200685,-23.586684191713232,0.20793009408900792,0.09814972043870468
774,27.724516247010175,26.961701872120116,-47.784332976942515,411.13556592741077,-19.28417173711151,0.1319325215923266,0.10088966827716139
775,30.27025081465138,10.596315125144404,-55.305175892932866,413.03883569072815,-4.714010990028898,-0.1333288305184676,0.10983690646245348
776,23.859378386369883,57.67792628159202,-24.032912682099116,408.20261160641746,-38.33946122984802,0.548458867068893,0.08710511366426234
777,24.92923982850197,49.49519988459538,-31.3236562309901,409.0771707471432,-34.58071583870516,0.43446250832387096,0.09121503542194745
778,23.695161982319995,59.56654923258035,-22.279906966134597,408.0751228869846,-39.050665986430076,0.5764711890034213,0.08650601939104537
779,24.80605801326547,51.093999415846376,-29.94326538181813,408.99827782357283,-35.393540963090466,0.45614169921700937,0.09084427013526854
780,27.212154689353937,32.304592656885504,-44.45309356643312,410.82606797763856,-23.48258263279298,0.20646979083382694,0.0994348789373176
781,27.748660846001712,34.04741996844553,-43.28827825130504,411.427698966952,-24.75195475087893,0.23058797075453957,0.10226287399373506
782,27.179105025913916,38.33898485516134,-40.24026170562946,410.990527641182,-27.79790787221455,0.2875861501270505,0.10020791311489254
783,27.951248848531844,27.178119420009274,-47.66015464945229,411.3725379185521,-19.447691210648724,0.1352220666181882,0.10200358003587076
784,27.01888808846942,34.37865714359457,-43.057965159227585,410.6986114803167,-25.02429064006776,0.23448211276835546,0.09883578466410063
785,28.96808306379368,20.547433094813826,-51.24222499090201,412.1375474809394,-13.832364122506291,0.035475252716293926,0.10559976157384522
786,29.251887122658072,18.810817530985684,-52.07125802850753,412.3561112798589,-12.295161218855899,0.006976163030038451,0.1066272420132665
787,25.298938241562716,48.66581187123508,-32.0323578702222,409.4235019635866,-34.130549048119654,0.4235025085066048,0.09284268740036744
788,25.677792775284185,53.76570291868812,-27.593141242508437,409.9342980280748,-36.61850356442532,0.49365886798256225,0.09524337355636238
789,28.27184314170371,26.723584731245975,-47.925520762761536,411.6823633169884,-19.069181128364757,0.12901191508196463,0.10345998527438723
790,28.92489939265286,25.83039001718455,-48.44295809828516,412.3019863557586,-18.311861003574155,0.11659161200951751,0.10637279575142015
791,25.17531943773747,50.93420306846574,-30.084718401774975,409.3628877060523,-35.29895666819136,0.4541946282101013,0.09255781480008575
792,30.379611629768096,13.847328070206764,-54.168809882448954,413.2854133725323,-7.750978215200279,-0.07717008739731063,0.11099618400293292
793,30.050031433249043,22.1645680678286,-50.43551044799403,413.28638624180877,-15.184540825503696,0.06229546989984136,0.11100075797306787
794,29.38440455761726,20.38466121549982,-51.32373578765001,412.547608617022,-13.673837813904907,0.033284797833522506,0.10752749932176459
795,30.65176611692914,13.038788023242413,-54.4700646614115,413.53149876878325,-6.990827113469807,-0.09074412292472966,0.11215317455834484
796,31.15516652760024,10.622219169223003,-55.301870585860456,413.9415722922386,-4.701394329919059,-0.1317915215035702,0.1140812296605069
797,30.971015231606373,13.864996487805362,-54.16492785494555,413.8872321958501,-7.743327526189685,-0.0761452147207124,0.11382573280163517
798,28.4418632086138,31.748944528028865,-44.82193387616001,412.0563582782248,-23.012780763538203,0.1998984261855125,0.10521809218107572
799,27.98009402921481,37.96126080055517,-40.52005980469091,411.81072438442095,-27.50796445715751,0.28320524036150757,0.10406338861073128
800,26.872014059661023,44.59155516333436,-35.40988286456758,410.88157570781084,-31.77754602329925,0.3701628126754551,0.09969578879385455
801,25.219130322688542,58.55905116565489,-23.22700769541425,409.58219759853995,-38.618377042581486,0.5623497739343994,0.09358852703685233
802,24.995517571513407,60.831829278130584,-21.10087082170454,409.40614290405324,-39.43334115906635,0.5966952269103181,0.09276110377709731
803,27.149785979404818,44.468584981743746,-35.511399753885954,411.1549846979692,-31.69222313379748,0.3687025094202741,0.10098094729246748
804,28.65827627717092,32.444257016764176,-44.367706921060275,412.3026349967981,-23.52662187141938,0.20956865020761883,0.10637584506484347
805,28.429109336394877,39.39524521514343,-39.45946119696668,412.3032836378058,-28.452481854876762,0.3025456884057201,0.1063788943782668
806,27.415386174820036,42.29921392693341,-37.232832837094136,411.37356919868114,-30.36137842345852,0.34020341973401863,0.10200842773188873
807,25.355326361994386,60.10452949750228,-21.786352820054173,409.75246314322834,-39.170142382392804,0.5857352270930518,0.0943887557555173
808,30.10403584564224,24.616334439701397,-49.12855948775274,413.45076809067916,-17.2560563609031,0.09973463198061266,0.11177360966672083
809,27.56495736114119,44.28076786407306,-35.663301808117836,411.56508467434617,-31.563770774032616,0.36651205453750263,0.10290868504038683
810,27.13110284707878,50.51684606583767,-30.454613278960277,411.31943914799865,-35.00912575011754,0.4498188687134977,0.1017539814700424
811,29.870465782804697,26.837224743402754,-47.86838765347729,413.28687267641817,-19.092196952553046,0.13202824854841738,0.11100304495813537
812,27.84424856769038,42.652300918663364,-36.95660737501882,411.8111568322734,-30.563702306703977,0.34518993249357516,0.10406542148634683
813,30.140835056494563,25.882502669798196,-48.418736183906596,413.5329580380404,-18.303020821962082,0.11845421302099834,0.11216003551354731
814,27.793105327574718,44.99787543912311,-35.08519942636746,411.811373056194,-31.978269840196415,0.3761822785596089,0.10406643792415458
815,30.50483340626415,24.63690458200998,-49.11831712271167,413.8519781229473,-17.25698855591395,0.10041788043167815,0.11365997553252234
816,30.459512935150077,26.87001066430752,-47.85008720219093,413.8886914150516,-19.095293267267547,0.1330531212250156,0.11383259375683766
817,26.741826402819186,56.49423726503812,-25.13313411730384,411.0737878053762,-37.7466309144241,0.5331256828894926,0.10059927789969796
818,27.979256312765738,47.34666806212381,-33.15481150593731,412.08516410164344,-33.30389090848809,0.4075885359615273,0.10535350764243506
819,28.396950045552316,45.740342380123955,-34.482738810929895,412.46800538382814,-32.38238091554917,0.38647336958554207,0.1071532707286314
820,28.404255180644896,51.96186024763785,-29.20149019579516,412.63272451403316,-35.66297231238114,0.47040105076536404,0.107927647078996
821,30.447667585065528,30.50858252357267,-45.63064022296231,414.01667527366016,-21.975605800705658,0.18434556161150017,0.11443435188288696
822,30.434049633904625,38.110993517700344,-40.419880385868154,414.2726382520765,-27.50429344521395,0.28693044238446924,0.11563786813498556
823,28.70084193679807,44.5883740693217,-35.41940300824945,412.74145479165907,-31.69767798071253,0.37139110788840984,0.10843881579020019
824,30.83430971229621,29.85811966692968,-46.04164545708056,414.38131412073136,-21.455089305795376,0.17563782881875356,0.11614886185272902
825,31.347965058939085,26.923459125444552,-47.82144717850788,414.7913540383223,-19.100412933716704,0.13459043023991302,0.1180769169548911
826,28.846401687579004,47.17021276657128,-33.30463364373872,412.9605334273542,-33.16934998331109,0.4058138176297547,0.10946877649616693
827,29.31177072777525,42.27618416317007,-37.25753290104872,413.2883319801397,-30.266412010734157,0.3412265844941454,0.11100990591333783
828,31.047383301564512,30.547699088503936,-45.607016297880364,414.618451659622,-21.980737536667334,0.1853704342880984,0.11726390068158925
829,28.91461727039438,49.027332722437144,-31.74101579091469,413.0701250593145,-34.16783141867809,0.4307732590169357,0.10998401095860222
830,29.16611620377053,47.53873580425805,-32.99735891361671,413.28881841467677,-33.35912259905998,0.41095936314272125,0.11101219289840532
831,29.94634295186858,43.0238249501153,-36.67252670006492,413.94487081165045,-30.701288351374842,0.35151767552007857,0.11409673871781464
832,30.346696245626937,43.057931657379605,-36.64860569440431,414.3460617276422,-30.70347971195271,0.35220092397114416,0.11598310458361619
833,30.733001692361984,40.49717055901528,-38.635853127422976,414.66192073585074,-29.07328955159027,0.3186892121645533,0.11746829836538485
834,29.134871845120227,55.343418386601854,-26.189835037968155,413.45368665181655,-37.162898538230515,0.5181313038720685,0.11178733157712577
835,28.93068084826188,57.5909908603862,-24.138285960468142,413.28979128368906,-38.08964104484224,0.5504249204398732,0.11101676686854031
836,30.890166617748257,41.69222382753983,-37.71729721096571,414.85655649696696,-29.831101325202372,0.33456859705459535,0.11838351348058448
837,33.2472893042453,24.398094748951536,-49.258686347524225,416.5932690712795,-16.93616183830945,0.09923107884704202,0.12655063373959166
838,29.193247193530798,56.6464713202234,-25.00511134601803,413.53587657605374,-37.70266156442958,0.536850884912454,0.11217375742395225
839,31.162524475941183,41.95028230499823,-37.517337374923336,415.1361775545882,-29.981946096347603,0.338154423103243,0.11969837602310533
840,29.53583945179676,55.3732218436403,-26.163469931606883,413.8548965711734,-37.1586076255746,0.5188145523231342,0.11367369744292728
841,32.4601235766701,33.168981284763845,-43.897729347702246,416.14434278021434,-23.9022493135774,0.22227857702379022,0.12443936742386934
842,32.80731081693864,39.73905749613912,-39.21421349773324,416.71622857160526,-28.487615283218947,0.3100614213674408,0.12712891890208364
843,32.644632995771104,32.72490996340709,-44.19425941116613,416.3144809808201,-23.563938992738386,0.21640113471827394,0.12523950372285877
844,32.920858653775,32.06089360575754,-44.63264679898212,416.56968304532325,-23.053883976115724,0.20758497125999958,0.12643970817134292
845,30.967812187158565,47.682350023705176,-32.881657701142615,415.0941695163558,-33.36007530632352,0.41403398117251605,0.11950083929451222
846,34.36172617653506,22.013545344685767,-50.52531279269793,417.61401216942033,-14.866092403966684,0.0639664250139444,0.13135145153352826
847,33.621217997341006,23.593518652922864,-49.69617976011714,416.93352794165827,-16.24298390877953,0.08747619423600955,0.12815090633757054
848,34.18281404495363,31.48566765831594,-45.010942539757494,417.8093860546701,-22.559924811906985,0.20060169182386606,0.13227039917451586
849,32.88718387278656,34.59161996393387,-42.9311649000892,416.6185317843145,-24.9263701013033,0.24174378796248003,0.12666944508158984
850,33.36087288940291,38.377395534471034,-40.230497354319844,417.2266066328056,-27.55477502549317,0.2924290944508921,0.1295293277990519
851,33.34159970456341,31.86892799955186,-44.75957882909334,416.9829338596623,-22.889482115947793,0.2052572114479551,0.12838327183906725
852,30.987445747408284,51.473169127428775,-29.63630274547383,415.22213849594624,-35.31478925816189,0.46532642155900067,0.12010259742056151
853,30.33436994361842,59.863982315699566,-22.026509580984733,414.7488583416117,-38.87328236539495,0.5853267679174627,0.117877093732976
854,31.0848699687163,58.677311981982825,-23.134491118054306,415.47807171632024,-38.41146739357318,0.5679113023319697,0.12130611367266012
855,31.36523269511299,50.81783188298608,-30.206754246099536,415.58673495015523,-34.97632356781751,0.45661868876625406,0.12181710739040356
856,32.16395980688935,45.09950802972066,-35.01573751159474,416.23656653662414,-31.84707867461894,0.3804013339140893,0.12487308129573833
857,31.8407987143409,47.7558100642947,-32.82229283863691,415.9967271947721,-33.36047526579981,0.4155712901874136,0.12374516249256565
858,31.578658821947787,51.521784588286266,-29.595618393363523,415.823844918672,-35.31183725935686,0.466351294235599,0.12293214621926381
859,32.014677267960955,52.91557686604279,-28.370979489257003,416.2980485850413,-35.954473387622876,0.4858165051742887,0.12516222387698428
860,31.529489085066682,59.95154670039665,-21.949060959048314,415.9522912007523,-38.85053124284105,0.5873765132706594,0.12353619133038059
861,35.01711879791779,24.94504567296827,-48.95888089110732,418.3921327013894,-17.311596553002747,0.10877428919684012,0.1350114705499798
862,32.38999502753711,46.41068941233791,-33.94382721247152,416.50714068737693,-32.58946699302238,0.3979389632708648,0.12614557138953397
863,32.956544688330894,43.52911051610946,-36.27896558328403,416.996123642182,-30.876522501332072,0.3601357665151394,0.12844530610131613
864,35.0192193157528,27.970644577252365,-47.20864064009005,418.51395323593806,-19.77694268065568,0.15236023069830862,0.13558449852997212
865,32.77285716180067,46.09664746767462,-34.203637842239985,416.8808802246153,-32.39405061670838,0.39398910254726277,0.12790329525244823
866,32.50692730069977,48.40009700658872,-32.282205346287405,416.68660665310745,-33.677414480266194,0.42459823675627145,0.12698960479396024
867,32.77399240747688,52.308917441251126,-28.905793167042752,417.04552926180816,-35.63726189918108,0.47791678372708474,0.12867767160281282
868,36.47490296601379,19.036995188727722,-51.984449683540824,419.63105894076904,-12.17643955242494,0.018168809251241536,0.1408395329619029
869,35.81954813205984,19.00205365329912,-52.00215080972608,418.9748465729635,-12.17373278431725,0.016946886569814246,0.13775254192544373
870,35.43722108982894,26.259704924536745,-48.215503466952036,418.86621885995334,-18.374361283622747,0.12823950013552993,0.13724154820770026
871,35.0205562106119,34.31973318551604,-43.121255405393896,418.75759000792755,-24.63133050636972,0.23953211370124555,0.1367305544899568
872,30.68026363942387,63.784635182820736,-18.309616277888615,415.1625618032248,-40.10263864704164,0.6479115332376111,0.1198224445476031
873,33.04121945852789,45.41800898437732,-34.75808072157778,417.13606834280046,-31.99300325761814,0.3851729390889885,0.12910349970093238
874,30.493789244834407,66.10699240657816,-16.06963306631401,415.0048032457891,-40.72395124261544,0.6879116486904318,0.11908060998507461
875,30.69054749258139,71.1667194845261,-11.113527779214543,415.2607418315473,-41.72899485176317,0.790496529463401,0.1202841262371732
876,36.802406589970026,19.057393038997162,-51.97529599254637,419.9591495361096,-12.177962320408305,0.01877977059195518,0.1423830284801325
877,31.08138747499462,63.81039848788008,-18.286167508345724,415.5637056042372,-40.09218410421025,0.6485947816886766,0.12170881041340464
878,30.864401530798638,65.6030786435534,-16.558162748440754,415.369407343453,-40.582507745357674,0.6792039158976853,0.12079511995491664
879,36.27052737360313,24.405111194111832,-49.25706139846241,419.63161769180437,-16.803854454504286,0.10179100976070671,0.14084216155315274
880,35.8603503583727,27.599231290257773,-47.43140240605027,419.3402833242983,-19.439896028819906,0.14770471107421962,0.13947162586542075
881,31.0917037150397,66.14193081571263,-16.037675541126763,415.6065222829225,-40.70580974842486,0.6889365213670302,0.1219101587837769
882,33.459991699036976,47.327717196023535,-33.183722354370865,417.6041763362151,-33.053870289485175,0.41082107300355125,0.1313051888187782
883,36.54892831077237,23.798198937371154,-49.58684080896728,419.8867380683815,-16.28205490061426,0.09297484630243236,0.1420423660016369
884,32.21282740305427,57.83342112293271,-23.92019403949911,416.59936121577056,-38.040613765477765,0.5560617201611637,0.1265792852614029
885,33.806428210619046,44.786577163486335,-35.271756557994586,417.8834885799736,-31.589934320819694,0.3772732176417845,0.1326189474267609
886,37.50159686673009,18.35582410672476,-52.299421660165706,420.6273673138422,-11.521978431015047,0.007635847321636247,0.14552679659634096
887,31.53871300374365,64.93994941497938,-17.201259637031665,416.0379211712309,-40.380911758978044,0.6680599926273665,0.12393888807112512
888,36.601318718106555,25.918466079885803,-48.410315336203034,420.02060949930996,-18.041599984350864,0.12419494185215457,0.1426721710613785
889,32.591808566957944,57.54846712154605,-24.18298849907173,416.97309742750116,-37.91333353646929,0.5521118594375618,0.12833700912431717
890,29.181555896149906,76.48749958745258,-5.819712290548494,413.785360908243,-42.36763678955324,1.011406299925067,0.11334675687483661
891,34.61944472716122,42.74221870761552,-36.900818169126644,418.6489600168861,-30.32175357066083,0.3508247272669612,0.13621956077221337
892,34.182548417063714,41.285370051948675,-38.03590290454336,418.1748639164117,-29.426823002760823,0.3313595163282715,0.13398948311449288
893,35.03167258526979,40.8936870105211,-38.3382176634748,419.00122105043977,-29.137695050961856,0.32670399670418254,0.13787661044994148
894,30.168744860994583,75.99216488482891,-6.315761971249264,414.769620003794,-42.29268683261272,0.9571101578153909,0.11797471909648433
895,35.04309615022092,44.20104932670518,-35.74403031949989,419.1230344231415,-31.1863617880433,0.370289938205651,0.13844963842993385
896,35.84902852871629,37.20082970929026,-41.091237076077704,419.7057071843091,-26.63670629038315,0.27846253557862505,0.1411907098053978
897,38.09101074536845,22.675124951764353,-50.182492661774084,421.3811277973524,-15.256257356758262,0.07717540340802437,0.14907326145329397
898,31.833207289904404,70.5400694061114,-11.733502254206357,416.3972376235389,-41.577335213882236,0.7770352780854446,0.125628701452717
899,38.17313463865086,23.922995626524752,-49.519241201547004,421.52704662788557,-16.306849953716245,0.09602965300600047,0.14975984359278485
900,37.247188077638775,29.043352701157968,-46.555814951697215,420.798549288306,-20.5243098163475,0.1690028060350503,0.14633219007783005
901,32.40391650446965,70.21580534126872,-12.05254942278,416.96543879319995,-41.49699740097733,0.7703046523964667,0.1283009890604889
902,32.43452940303446,75.14697966698031,-7.162707019103184,417.0302120945788,-42.126524804964454,0.9143023696448946,0.12860563147515625
903,36.68968101662951,36.81294666676302,-41.37237689965376,420.5319422116894,-26.32711410897542,0.2738070159545361,0.14507783714084643
904,36.68761060250087,30.342356469581926,-45.74474909694553,420.28834717033106,-21.56581212282588,0.18663513295159911,0.14393178118086175
905,35.752368605078146,44.974906043472366,-35.11986350761191,419.85220836223795,-31.61215003513852,0.38093898568606627,0.1418799205361385
906,35.25983341983944,47.03534367802549,-33.4283957128201,419.41493366337147,-32.81045553022592,0.4079984374016032,0.13982280270891564
907,37.14853079323104,34.0536187041909,-43.30418930935884,420.89620666536206,-24.33658668409857,0.23732043944001108,0.14679166389832385
908,32.82983181006511,68.22231459944385,-14.010384648307598,417.3753765049228,-41.098457867634224,0.7292572538176261,0.130229044162651
909,37.109717235171615,36.61867351915944,-41.511832841618435,420.9450350085444,-26.171674862050565,0.2714792561424915,0.14702140080857073
910,32.68867748155449,71.11306053612094,-11.168317849456354,417.2603229788576,-41.63151087672385,0.7909389590933822,0.12968790660015275
911,36.10575278548004,45.362782660180834,-34.805613456318035,420.21677608337,-31.821539650975467,0.3862635094262739,0.1435950615892408
912,37.38757155708463,35.94202220262691,-41.99305110570396,421.2001230336288,-25.682973396987787,0.2626630926842171,0.1482216052570549
913,35.96966513585943,47.80328113566465,-32.78760853480037,420.1440870550913,-33.19961133030316,0.4186474848820185,0.14325308481512025
914,35.71733469367523,52.583815454735735,-28.666397678843172,419.9987074680877,-35.63406042987529,0.4834154357935075,0.14256913126687917
915,37.57266012878894,35.49175235565738,-42.309900779068336,421.3701782260814,-25.354513110000696,0.2567856503787009,0.14902174155604433
916,36.58890322108333,44.587554298819285,-35.43398663419343,420.6784317031079,-31.34491075552179,0.3762834660619772,0.14576704787158712
917,31.79187018611938,76.18553650478778,-6.125949141303218,416.39250482030997,-42.23226560690795,0.9782909713238808,0.12560644338171165
918,41.479778560076625,11.145388826765695,-55.1322881809326,424.2771089742251,-4.705893003612708,-0.1125462392710905,0.16270133848473917
919,41.27565002239065,14.401124182781269,-53.9630775599204,424.2228230661401,-7.751482858210793,-0.05689993248823269,0.16244584162586745
920,34.429086611742605,66.01221363782187,-16.16627220852853,418.9489551261699,-40.52482736740419,0.6888736435027005,0.13763074593755853
921,35.53521242943133,57.80493265496908,-23.94950964211388,419.92629627694623,-37.880492635579174,0.5576105115039847,0.14222846878838352
922,41.693844559229014,13.609061174571467,-54.26285275483143,424.6053316150841,-6.998785965942378,-0.07012417767564433,0.16424614829859369
923,36.975921747825765,48.24929560166843,-32.411695766244655,421.1647597037601,-33.394317797886764,0.4251939313036533,0.14805521690468176
924,39.340496544322356,31.267553681971375,-45.15344394866571,422.9855632659945,-22.14602254754658,0.20094994847629616,0.15662303639644395
925,39.402652292043676,27.569272985458113,-47.446130478075446,422.91233509837724,-19.244251509293242,0.1497117234225756,0.15627843103107358
926,39.61659931071503,30.609359365009333,-45.573978158340196,423.2406010215861,-21.628109922992095,0.19213378501802175,0.15782324084492813
927,36.96549470113929,52.026570808279374,-29.157104651787186,421.2380002327923,-35.312445779014524,0.47643215635737396,0.14839982227005213
928,41.66777673715547,17.14629268687544,-52.82957007740269,424.7514823849905,-10.22778986478897,-0.00959592060150316,0.16493403600156864
929,42.07200521577726,15.258740951194133,-53.620028705129954,425.0700836652309,-8.4952554434395,-0.04159022144099617,0.16643363004829093
930,37.23467621229754,51.372970614924824,-29.729150271761398,421.49308104113135,-34.9840200908342,0.46761599289909966,0.14960002671853628
931,35.04482049973258,68.3529296602027,-13.88591388466841,419.5902685702099,-41.02492944955873,0.7333812428674433,0.14064763891070076
932,38.51209573668329,41.23158557539144,-38.080692505203125,422.50052983919886,-29.189313220517565,0.3331295224860829,0.15434055682296333
933,33.31531040288261,76.11469954922009,-6.198658559189274,417.9148339497726,-42.1584457832019,0.9762052897356412,0.13276638409414776
934,42.70082574746529,12.297960953099174,-54.732635777452565,425.57116082035384,-5.723101238443113,-0.09180148539948046,0.16879219584298671
935,40.02009547369092,30.18552817690588,-45.84097613767255,423.62926985644964,-21.281203861973797,0.18657225508726966,0.15965236833464333
936,33.72791028042478,75.52270502709683,-6.789609295042229,418.32473410515695,-42.09797762621411,0.935157891156801,0.13469443919630986
937,37.63453222781844,50.95107270383203,-30.097473828990257,421.8818154889547,-34.757434578003526,0.46205446296834746,0.15142915420825154
938,42.35159420949259,16.27082617910723,-53.20129779320028,425.39536944445223,-9.4020444539809,-0.024047459084060557,0.1679647343644973
939,37.40205618044151,53.78234891660431,-27.603237219333643,421.71603955912894,-36.1077384479939,0.5010058441338365,0.15064911380576532
940,37.901805747549545,50.669678804670596,-30.342716100953133,422.14096367939607,-34.60444891861087,0.458346776347846,0.1526485725347284
941,36.125112461825495,65.26109974451933,-16.89578963999882,420.631836891497,-40.257749815148166,0.6766134513973574,0.14554782532633945
942,40.020919085473544,34.08699241537499,-43.280089317007786,423.7693105139899,-24.220593417810356,0.23943779690475137,0.16031143522062924
943,43.374664424020814,13.000312655924636,-54.4784337440793,426.28028342426825,-6.339853838023457,-0.07930063612408256,0.17213022496822927
944,36.64772748182969,64.21854395701504,-17.90012610695125,421.1420220878275,-39.954995698769835,0.6589811244808086,0.14794823422330775
945,39.92289728957847,38.68613520135134,-40.0061083081819,423.8284254588688,-27.45077867107721,0.3003505367127642,0.16058964783511312
946,36.500198384639866,66.49870369592665,-15.696677538068913,421.0207911344522,-40.54737461388326,0.6990173834888052,0.14737783483456524
947,36.760504614298426,66.00343351020723,-16.177026463076203,421.2758772934215,-40.41576542108418,0.6902012200305307,0.14857803928304938
948,40.275195365582825,38.553730948264686,-40.10264027399572,424.17661159380003,-27.345303863615914,0.2988126057772776,0.1622283481890774
949,37.15310640578173,65.67820258560273,-16.491741010060274,421.6646198956757,-40.31682964116565,0.6846396900997784,0.1504071667727646
950,40.80498154459169,38.359091065622515,-40.246737946375326,424.6988688325513,-27.18670055352919,0.2965057093740477,0.16468639872002375
951,40.44844036436207,41.55940247612502,-37.83040316875609,424.4481367419596,-29.300382708109364,0.3383958116922951,0.1635062901680428
952,40.8312515587136,47.53527890521771,-33.01621103210686,424.99116566616465,-32.82018079133533,0.41756222352233,0.16606217412597363
953,41.68525029905471,32.059894955398875,-44.634377454165616,425.36475884023946,-22.62904185289388,0.21304500303059237,0.16782064968979013
954,41.424942301711646,34.54385448391817,-42.965731290316405,425.19996396404656,-24.481216137232085,0.2462944454155634,0.16704496451471956
955,42.795803614156185,25.679085773645053,-48.53540676012088,426.2452129347439,-17.53056011693856,0.1247671171929513,0.17196513344719938
956,41.21899987368084,38.86666192569925,-39.87177771851227,425.1303649995639,-27.50656984235032,0.30338370478448556,0.16671736771847093
957,43.105048868019544,24.917449387727043,-48.96191520045018,426.5206380431725,-16.88354731094395,0.11387761665910173,0.17326169015083345
958,42.11159335909551,33.43827955948793,-43.717899958066155,425.8438231160452,-23.636084690776315,0.23184290693300597,0.17007566287764825
959,42.50882105519497,33.04628052970618,-43.97910535444799,426.22767764541516,-23.326010129535646,0.22680099385146818,0.1718825876866844
960,43.30577980743149,32.26764487605709,-44.493129642841296,426.9953439768529,-22.70228106172082,0.21671716768839283,0.17549643730475684
961,36.26996269548896,76.06878871969444,-6.24560851528619,420.8677643918847,-42.018673810477466,0.9817039418020643,0.14665784375821417
962,39.070915553175126,62.87641350290386,-19.18540971482317,423.54421683930497,-39.45591086806517,0.6380619847939364,0.15925209159533704
963,43.78212873183,25.75173524936052,-48.489853606059484,427.22969556633603,-17.53857223299871,0.12637846593449964,0.17659971927607604
964,44.2561477038484,19.771237504914286,-51.61410231063123,427.4640418460431,-12.422122228956411,0.03603976418060645,0.17770300124739521
965,43.488432342984915,23.147637593314137,-49.91907982151037,426.83511553803527,-15.377488268499581,0.0879316658329366,0.17474212718302073
966,44.706999664160485,20.274667532394012,-51.36873075327107,427.936709148499,-12.838519262500629,0.04437366369753837,0.17992835399755688
967,44.932195292588794,20.529080404178178,-51.24331033404217,428.1730346988311,-13.048129593804601,0.048540613456004356,0.18104103037263777
968,40.43339952537828,55.57805179515562,-25.988872342122818,424.78035692413664,-36.748977700084694,0.5279442309641962,0.165069940918525
969,44.23276876273094,26.314774552235455,-48.16568323114166,427.7023735787923,-17.976393938336017,0.13471236545143156,0.17882507202623774
970,45.13345478972125,27.455388086186506,-47.49494614875788,428.6476647965379,-18.853550409222944,0.1513801644852954,0.18327577752656116
971,39.27933745274297,65.789443122633,-16.38485535165427,423.7965950011225,-40.24458556629111,0.6879254749215797,0.16043984398055272
972,39.50602924291821,64.56503972036094,-17.567628507306832,424.0090165437534,-39.91549643556823,0.6665959410285844,0.1614395733450343
973,42.96510979771678,37.36395436748213,-40.969957851633204,426.8195768002001,-26.39834416068081,0.28447119400381277,0.17466897582626742
974,40.982359145930616,54.94386020445976,-26.56500444598465,425.3121484061142,-36.44978375260201,0.5191466330061432,0.16757301240824526
975,39.93126511166488,64.95047912934056,-17.198036077563515,424.4405414758941,-39.99761771080585,0.6734739364390223,0.16347054234348143
976,41.32607191364377,54.190711661356865,-27.242381101546393,425.63886170394346,-36.10206790099847,0.508675512987453,0.16911087206909658
977,45.60407007612331,21.305158388921313,-50.85607191788432,428.88197894624386,-13.682166402047235,0.06104146273140221,0.18437905949788033
978,46.529796040016265,16.284884686499836,-53.16674129365396,429.5888795714615,-9.182364470499877,-0.02096333950555901,0.18770769421936126
979,46.954388604403675,22.893480515650594,-50.0319008408532,430.29972162494414,-14.97035009606379,0.08604316128219802,0.19105511774836545
980,42.30217944840417,47.662443025918165,-32.90812623902401,426.46803348664463,-32.81738433251932,0.41997924663465264,0.1730140528692886
981,42.013906131033124,52.66556421479808,-28.599434171433302,426.29225734973926,-35.37108050404746,0.48773327295007246,0.17218659139079917
982,43.18437315624322,49.433925200068224,-31.4071946453725,427.3939087747862,-33.7170087448499,0.4441752708146742,0.17737281820533543
983,43.23123827640731,40.85142255133088,-38.371885961252524,427.1946282956128,-28.708771464475003,0.33044621925153367,0.17643462775504615
984,44.411043550826754,32.925588461856044,-44.05420590952667,428.1242872765782,-23.136439926372667,0.2261252996996903,0.18081151394083628
985,43.530628558668134,40.010357157814994,-39.01013935981414,427.4700281253836,-28.147838371065728,0.31955671871768393,0.1777311844586802
986,43.77443708521295,47.79172974137737,-32.79750877980907,427.9446904887624,-32.81433522558069,0.42239626974697503,0.17996593161260355
987,43.959416623553864,39.76015552496145,-39.1982303787188,427.8899559572953,-27.96122244328644,0.3164640014535836,0.1797082319695171
988,44.81635033129923,39.259107707834296,-39.571427162755796,428.7297604694831,-27.585523028380763,0.31027856692538275,0.18366232699119087
989,44.96414568669454,33.2555666895704,-43.83120795248595,428.688712714481,-23.352770471819163,0.23082936570533913,0.183469052258876
990,41.74311460998446,59.677839397112535,-22.215055105710032,426.17220149074825,-38.28017003520678,0.5889303885782706,0.17162143971584978
991,47.4322053157618,17.227545049188045,-52.75414594044108,430.5339983348725,-9.982303353618907,-0.0042955404716951695,0.19215839971968465
992,42.02451249343704,58.61317407166835,-23.205399033777503,426.4417311080953,-37.87956459565637,0.573030061622428,0.17289023422851615
993,43.19744640879606,57.5551363157269,-24.1839244029927,427.5931854143662,-37.41762246036437,0.5579043223778148,0.17831100865562471
994,45.875654564007746,30.80540633984904,-45.42932996320297,429.51477084820925,-21.45371475421145,0.19816086410379036,0.18735872236977813
995,45.33851628961198,34.99357874768582,-42.643814985152886,429.1222731090952,-24.60365322565913,0.2542197155145865,0.1855105246804845
996,45.15471537839881,36.409194012135416,-41.64928464345142,428.9914372181687,-25.6196271999268,0.2729059993181853,0.1848944587840533
997,47.65090888013899,20.476261428016734,-51.24974427633706,430.8893929767525,-12.847240944329467,0.049207709922183374,0.19383211148418678
998,43.467604633436274,52.78853203148344,-28.488243090983133,427.7689394449413,-35.35643589191295,0.49015029606239496,0.17913847013411413
999,47.99086656377495,19.31024627388978,-51.80372972468585,431.1842160377191,-11.806344965141564,0.03078998424217605,0.19522060835209742
1000,48.066187338618555,27.697852486640176,-47.33294363919707,431.60014560101405,-18.886640029803953,0.1562142107099404,0.19717953501319097
1001,43.77839394422219,56.03839738694298,-25.5721176461963,428.1439565158695,-36.776724583857295,0.5361253213101156,0.18090412206289286
1002,46.41338272400844,34.80554830703863,-42.76996913690131,430.19825680463833,-24.40973792249407,0.2522012307448516,0.19057729607723917
1003,46.839952815203205,30.89161047728586,-45.37013305485157,430.4989422688497,-21.465542495678775,0.1997722128453387,0.19199330819865473
1004,46.2305347566224,32.521466437450954,-44.31487563082764,429.9482966042211,-22.735818821570323,0.22155121391303784,0.18940019479138664
1005,48.70500185748214,19.599494528769508,-51.66262109866437,431.9124740674847,-12.015554575880504,0.035762608371416205,0.1986505776416166
1006,50.13693404435266,20.1783483127342,-51.37114566304344,433.3688361677698,-12.439442209573794,0.04570785662989646,0.20551051622065494
1007,44.06806563254305,55.26755914515363,-26.270471025866037,428.4193310669843,-36.43703161104185,0.525235820776266,0.1822006787665269
1008,47.24561378710356,29.81567191427647,-46.046650398751616,430.86602308284426,-20.610397169467387,0.18525287880020597,0.19372205047016686
1009,43.2603872121461,63.05507880592735,-19.018748493628763,427.74264037431266,-39.3052983278812,0.6432011110501703,0.1790146514933417
1010,44.944152051476486,52.91475189047571,-28.374925793786698,429.245410721781,-35.3412935834072,0.49256731917471736,0.18609034887742906
1011,44.54788603018929,51.22893003140303,-29.855946822742514,428.8118554906578,-34.55476756728708,0.46917696936547,0.18404887645582055
1012,47.396171002829284,33.47211883009628,-43.6739879485361,431.14916217698556,-23.381561894471375,0.23485773755920986,0.1950555168310675
1013,45.529609773374965,51.314563166601914,-29.779358402100293,429.79609382618924,-34.54719481757319,0.4707883181070183,0.18868346228469715
1014,47.990343575350096,33.24499138587288,-43.82509837285009,431.73294308054875,-23.17892460135312,0.23203357841870093,0.19780499531338383
1015,49.1362261181741,26.71622939682987,-47.90472608193489,432.62315633211637,-18.028676002542802,0.14276910915917324,0.20199800117062083
1016,49.17754157494955,32.78983683102625,-44.12312422363673,432.9004059581411,-22.77244846632254,0.22638526013768284,0.2033039522780165
1017,45.54556205437265,55.39005365696285,-26.15784532250658,429.89570948118495,-36.4154400658851,0.5276528438885886,0.18915255750984183
1018,47.544287239606746,40.08900206700448,-38.93780930360438,431.4986935461325,-27.988567820761798,0.32237228017259417,0.19670171334206465
1019,49.66923047699788,26.227543282953285,-48.182225129956194,433.13462371784317,-17.599246782671415,0.13604655838378965,0.2044072342493357
1020,45.99705848462823,55.69080720882633,-25.88457129292708,430.35258005662644,-36.52025616355115,0.5321558683265117,0.1913040423757316
1021,46.89970700121496,56.28979938642765,-25.338946159607644,431.2662606313265,-36.72391001818052,0.5411619172023585,0.19560701210751116
1022,47.932455870839675,40.41736825649999,-38.68929554776935,431.8989375302282,-28.180228328417442,0.32680778805465144,0.19858682068862493
1023,45.37232982642567,62.38897055829711,-19.65201964523115,429.8429699308671,-38.99956232256636,0.6333840706142546,0.18890420370077834
1024,49.623072981632944,30.029227916611667,-45.901602565835844,433.24680026355514,-20.63874349354615,0.18911396736428432,0.20493565034987318
1025,49.841961877670634,28.670430124274834,-46.73807341439935,433.4199930609945,-19.557984588478142,0.17047832097758508,0.20575149938580153
1026,52.223814494267046,13.546074399315614,-54.18245300755648,435.13722397602237,-6.327360032405036,-0.06479849745014749,0.21384149742811887
1027,45.84545818385765,62.53696714615543,-19.509830556171124,430.317447299009,-39.02149823123933,0.6360384200186033,0.1911385925909424
1028,50.39916196366443,27.8997943190996,-47.19814664627285,433.9440132153334,-18.910795172434472,0.1599586534011258,0.20822005333990926
1029,45.63602972354536,66.36273300867951,-15.829158275063932,430.1593413144718,-40.07446655481665,0.7019437713004486,0.19039403513672726
1030,50.11845188262272,31.183428849606774,-45.166055219072746,433.7863944489109,-21.502217777664292,0.2050553640425084,0.20747752974358885
1031,48.62694225550973,43.08136588085011,-36.624204152784046,432.6763113391235,-29.82700044022039,0.36204522501922104,0.20224837873952906
1032,47.98154990632653,44.74970853413725,-35.29450286189898,432.08336559827643,-30.866934896133017,0.3837735886700207,0.19945548219276385
1033,53.023290525103604,12.934427980604127,-54.391873100846645,435.90422885546957,-5.7096707932747375,-0.07488232361322286,0.21745534704619124
1034,46.04173391918908,65.55169786542297,-16.61508896571746,430.5547158535921,-39.85402314525454,0.687458195533249,0.19225596616790408
1035,48.65838358105483,45.38501943951012,-34.778304771956954,432.77824936139695,-31.20258919772903,0.3924215600477455,0.20272854396257078
1036,48.93342993889396,41.37483131650175,-37.95223842436497,432.94126425421786,-28.742508315799405,0.3397797451212386,0.2034964133433354
1037,51.200433037673776,27.16133533932365,-47.62923935219477,434.71110671279615,-18.267609814890093,0.1498748272380504,0.21183390295798163
1038,50.85197572000643,24.74513800894737,-49.005823160449566,434.2637025781098,-16.302651654529637,0.11515250370199909,0.20972610737887276
1039,49.1432400004256,43.98934282871576,-35.900458034841165,433.22663893837154,-30.351593135798414,0.3742115077150339,0.20484067847980122
1040,49.14650641083989,40.237355367022516,-38.820258316738716,433.11789575622714,-27.99684455680823,0.32493609185591704,0.20432843641253964
1041,51.5069886689539,25.85103209277151,-48.38142996838933,434.9653056383735,-17.180291936027718,0.1313844613224791,0.21303151721523153
1042,51.7378744260319,18.88154566140838,-51.96550348301934,434.9030516207643,-11.199430411522794,0.025540204303745706,0.2127382154567997
1043,52.12480114984164,23.30083945546645,-49.77220350037219,435.47368471974767,-15.011633202088735,0.09440372949133652,0.2154267457297313
1044,49.42368242481519,43.726102490715604,-36.109670882006995,433.49838707815485,-30.17730233805889,0.37084510864764414,0.20612078992782742
1045,46.50788018017919,67.01824074646603,-15.191584294749449,431.0378325903782,-40.18403496076914,0.7146471702434445,0.1945311968199583
1046,53.950505285994176,12.993944119737947,-54.3540469088561,436.8326966167835,-5.708206568901064,-0.07344594368101404,0.22183031054558572
1047,53.21020409431213,14.943421642749906,-53.632623462026906,436.1895216853558,-7.5570911236632075,-0.04045056101942748,0.21879961218265706
1048,53.600591733555746,19.007984920944537,-51.88110477584398,436.760083697087,-11.199408848935231,0.028412964168163357,0.22148814245558862
1049,51.39646482978176,29.62975574205908,-46.13751022272069,434.99643250646113,-20.224212011598002,0.1843065898318459,0.21317816809444745
1050,47.148291700793855,63.651006697940446,-18.445380117105973,431.63513605839756,-39.28477436113492,0.655093518433097,0.19734433511578894
1051,51.406710495224786,32.42033006986252,-44.35330212125709,435.10710260818297,-22.36770882835124,0.22224490828446097,0.21369958191287733
1052,51.434535033904424,38.133454468094946,-40.37720479355044,435.3284392537606,-26.465609382157957,0.2981215451896913,0.2147424095497371
1053,47.761290274065445,62.31772322779232,-19.717894137497858,432.22810751962544,-38.85659355156991,0.6333651547822974,0.20013723166255415
1054,47.47077774564952,60.387323409777665,-21.542860370625306,431.90750183737435,-38.24291173928732,0.6026307422556509,0.1986271584775398
1055,51.76721266400573,30.492802878575386,-45.59391657714361,435.40106224210666,-20.87482827426448,0.1962626373405139,0.2150845776397342
1056,48.047914539710355,60.913994022560935,-21.046971297816597,432.4930719281356,-38.39102239479344,0.6110996748843149,0.20138526626636052
1057,54.186468508858354,15.448693313527722,-53.41479164251381,437.19125441681535,-7.959705826692771,-0.03138724294711098,0.2235199492511035
1058,54.48947049999435,13.691585955589781,-54.08944257723787,437.40683302362703,-6.3231853197968,-0.06128734650474815,0.22453585264886095
1059,49.34667531645927,51.363980555904526,-29.72823558470861,433.6080945885042,-34.37319448741249,0.4730308975568594,0.2066375935858038
1060,49.04150274509615,55.27481462626945,-26.25646125768441,433.39120409580477,-36.18608407541032,0.527490191078857,0.20561588396676583
1061,52.50279767439237,28.0807677799806,-47.071830219113764,436.04428628801526,-18.932068076788482,0.16326725467892733,0.21811527600266292
1062,52.868215304690324,24.907611162178974,-48.89459010789757,436.28289093828175,-16.319093278885457,0.11831582450867267,0.2192395648203048
1063,48.018884628632954,64.37335132517137,-17.75118727337794,432.5135019017974,-39.442724335158594,0.6677969173760927,0.20148149679902
1064,52.13724978454067,31.362845606595815,-45.036271222076785,435.8056761238396,-21.522131510190206,0.208218684849182,0.216990987185021
1065,52.88490362309681,33.11671469617268,-43.87973397993687,436.61485632556764,-22.803644977524815,0.23213077986651814,0.22080380627559448
1066,49.64005428993297,52.07969965260859,-29.102576915490324,433.9210664650339,-34.70353378624338,0.48295923128289214,0.20811195317437853
1067,54.8493874465199,14.156636991354402,-53.9080757877213,437.7895728887396,-6.731526784818994,-0.05318161505390426,0.22633954738437778
1068,54.671833418326976,20.503169442734574,-51.15555273508639,437.90833265635223,-12.449427898558326,0.052730158520695125,0.2268992266621391
1069,53.23807947821673,25.72715936696814,-48.432787296886005,436.68747026667995,-16.976000846919675,0.13027187201734075,0.22114597436559155
1070,50.42007646079211,48.37964916245667,-32.28838199168753,434.61254259431956,-32.783209941926565,0.4329758357004552,0.21136954309681136
1071,53.7191526944295,23.935525954090483,-49.414190372679805,437.0944404396734,-15.453244465627536,0.1044246341851256,0.22306372513110737
1072,50.04942327463969,52.52560496130546,-28.710696424907294,434.34179202843825,-34.89299220713452,0.4892526078179433,0.21009399323949998
1073,50.87388711138175,53.40705180553531,-27.926927538240776,435.1831917449432,-35.26006774908344,0.501839360888046,0.21405807336974297
1074,51.936993855547044,39.332784191148484,-39.487020984655466,435.86792470032555,-27.24525783015305,0.31406294186791545,0.21728428894345278
1075,51.50989350861354,46.774962684870665,-33.62572572866356,435.6604353274593,-31.843738652569066,0.4119365005475368,0.2163066510050268
1076,53.77704953403838,26.566397848775985,-47.947952028144066,437.26161475011236,-17.631985949783456,0.14243046919360663,0.2238515164688668
1077,52.18914076659115,39.93299659025197,-39.035101621591295,436.1376568543329,-27.628532569067865,0.32203364020702746,0.21855522864031063
1078,49.01002038452764,66.13795456074074,-16.043018584968767,433.52016574735774,-39.84957692093106,0.6996173178563732,0.20622338315845312
1079,54.13571226474538,27.131540637100752,-47.616051086392524,437.6443599996176,-18.069587372872427,0.15053620064445056,0.2256552112043836
1080,55.02653090725405,21.017905486548035,-50.900108889584395,438.2910539263211,-12.872661528579812,0.06083588997153905,0.2287029213976559
1081,54.85285073490734,28.273932497878917,-46.93175240051896,438.40980792394885,-18.944347163518113,0.1667476635461384,0.22926260067541726
1082,52.21030917108775,42.82327405748681,-36.81100860895278,436.24831472591944,-29.471940732690648,0.35997195865964265,0.2190766424587405
1083,52.27376055232299,48.54375800357215,-32.14252200700027,436.4696269112244,-32.77035900039278,0.43584859556487304,0.22011947009560032
1084,49.14747903482439,67.25712468558763,-14.955234566320188,433.6794713313469,-40.10384244497159,0.7206530728229472,0.2069738338753761
1085,52.566862020600404,40.83423742608937,-38.349193529515134,436.54224187375013,-28.194822978724265,0.33398968771569554,0.22046163818559739
1086,55.2048450956826,21.276733684527578,-50.76982306177063,438.4824092394706,-13.085355953846848,0.06488875569696101,0.22960476876541436
1087,49.56715083551353,67.56880866047497,-14.648609472829504,434.1002067349589,-40.15189004835346,0.7269464493579985,0.20895587394049764
1088,52.82732954855734,44.029469013284945,-35.852660300164715,436.9008097616244,-30.173408679411036,0.3760483884495987,0.22215127689111522
1089,53.11223194041566,41.74776622919046,-37.644569149059386,437.1163944337728,-28.747807298595433,0.34614828489196153,0.22316718028887267
1090,53.53289327812322,38.31977505046362,-40.22622038797063,437.4397630006814,-26.472959432832802,0.3012981295555058,0.2246910353855088
1091,53.975552929826414,34.91332132140293,-42.651490696307064,437.76312143801346,-24.05867689199158,0.25644797421905,0.22621489048214496
1092,55.74178877581024,22.060251138625524,-50.3686686361759,439.0564538915795,-13.727342746368517,0.0770473528732269,0.23231031086868956
1093,51.65343757336705,55.080194313049304,-26.424655842230592,435.9924207275505,-35.96496645017306,0.5257514559053822,0.21787089246031652
1094,53.477110448044954,42.35609877834974,-37.16989307504081,437.4991450676716,-29.110079775063603,0.35425401634280546,0.22497087502438948
1095,54.20726933839998,43.57139086041832,-36.20956961164933,438.26460376078967,-29.818557597477547,0.3704654792444933,0.22857826449542312
1096,53.38299452002442,50.31327720068468,-30.625353899746806,437.6179081768492,-33.631555859138686,0.4601657899174048,0.22553055430215083
1097,57.0009106798571,16.962337627182123,-52.73695837328898,440.0857140566578,-9.15162788894786,-0.004547226348840694,0.23716171579747866
1098,56.819810972959445,23.66079825711885,-49.51970742642364,440.20444740276895,-15.025828718134786,0.10136454722575866,0.23772139507524004
1099,52.04046183701647,55.90581375163169,-25.67700737453059,436.39701143798493,-36.29528656433443,0.5377075034140504,0.21977730200560322
1100,54.51737562128285,35.81812179351817,-42.01706842863043,438.3372060977222,-24.675375915872856,0.2686065713953159,0.2289204325854202
1101,52.48250296075487,54.07705262261876,-27.32278903721212,436.80399306070984,-35.4785836952819,0.5118602655818352,0.22169505277111912
1102,54.69839210115138,36.12030535307757,-41.80270912188082,438.5285605551785,-24.87917045132653,0.27265943712073787,0.2298222799531786
1103,55.05833131230713,36.72707330885783,-41.36980516134506,438.9112588264214,-25.28397873955262,0.2807651685715818,0.23162597468869542
1104,55.57329305668473,29.428868302882048,-46.22060967398516,439.175199082041,-19.816869350805455,0.1829591264478263,0.2328699901464509
1105,52.60207341746344,56.72921281369077,-24.92358108673114,436.9711720745959,-36.60554017884415,0.5498661005903165,0.22248284410887847
1106,55.93369332586667,30.011225207965534,-45.85515282352842,439.5578733737475,-20.25167313564011,0.19106485789867023,0.23467368488196771
1107,57.72078240772745,17.905571959812413,-52.312399034436574,440.8509809134852,-9.952550542408312,0.011664236552847151,0.24076910526851233
1108,52.72901537790469,59.280550594945666,-22.566892412488926,437.13834838124376,-37.579076855914614,0.5878719355987974,0.22327063544663786
1109,56.00051314323681,32.814947957385264,-44.05136533595764,439.7250077866648,-22.39320598842367,0.22907069290715132,0.23546147621972713
1110,57.642921181349855,21.21113490419885,-50.76449065234385,440.91034335375747,-12.87292706406114,0.06462012334014683,0.24104894490739304
1111,53.16440600092618,57.542428544109626,-24.174500630446573,437.54530078019724,-36.90050807205247,0.5620246977665821,0.22518838621215373
1112,56.476337270408706,30.889504595906775,-45.29481327505827,440.1318582021326,-20.901360976560195,0.2032234550749361,0.23737922698524297
1113,58.04476260600488,20.025649939544518,-51.33135011778603,441.26327321649944,-11.813708505280728,0.04624791139734091,0.24271271982346945
1114,54.939781594901845,44.78308256019958,-35.235879607996644,439.03000568766856,-30.504505275034965,0.38667694214618115,0.23218565396645677
1115,56.80806636046476,30.083398438004984,-45.79894192654962,440.4309365412437,-20.256020492011043,0.1923262690215395,0.23878902605188013
1116,53.44459378572713,57.94590479008654,-23.8018608530781,437.8323531588693,-37.04223703210852,0.568103996354715,0.22654115726379137
1117,56.58175273830344,32.864708699585016,-44.01203308854828,440.3070486787844,-22.395778531473283,0.2299116336557308,0.23820503699966875
1118,56.15163660590222,38.54681221663858,-40.03931968482859,440.0592684907914,-26.47467753574592,0.30508236292411356,0.2370370588952459
1119,57.030818033681236,29.54958481558167,-46.128084606341,440.6303172839912,-19.82407381610995,0.18506147831927505,0.23972889209630485
1120,53.29258540041022,60.057942992076974,-21.837708268249557,437.71246778927286,-37.82553559547544,0.6000305327750632,0.22597617754991314
1121,55.30580504186551,45.387859673290414,-34.74449508297518,439.41268536376833,-30.838614468752887,0.39478267359702507,0.23398934870197358
1122,54.896468677551425,48.759850949432554,-31.94739294611048,439.08937860589094,-32.74060348542135,0.4396328289334808,0.23246549360533744
1123,55.6152098919155,53.780799427211754,-27.573955531552407,439.9140875359834,-35.175015608390915,0.5088001786224683,0.23635272271525176
1124,55.5877970680685,43.11417443997419,-36.561918850448684,439.62821757481026,-29.460382138836902,0.3648825700393879,0.23500525209973103
1125,58.66003582140235,20.31168901918613,-51.183430163695895,441.89103398044784,-12.024608707670307,0.050931482684197504,0.2456722377761841
1126,59.56149208283738,20.731309734605983,-50.96144595718302,442.8089372793024,-12.335861542809841,0.0577803625394693,0.24999999999996914
1127,54.168622811872254,56.58497401592467,-25.050630153740173,438.526311277201,-36.46248458339726,0.5483360571106328,0.22981167908094483
1128,55.857980914301514,46.29083284814918,-34.002275567825485,439.98667826874333,-31.328228958116263,0.40694127077329095,0.2366948908052488
1129,56.17676240461766,45.46026118574703,-34.67787536733977,440.28576081638505,-30.832741334920758,0.39604408471989433,0.238104689871886
1130,58.49676227983398,27.484618165274085,-47.350878437984306,442.0097465487707,-18.089648549890835,0.15684325625879691,0.24623191705394545
1131,54.57487983461502,59.53257930712343,-22.32665675286988,438.9804828460329,-37.57060433847768,0.5924211907072467,0.2319522414703418
1132,52.129517713615506,74.73865010311543,-7.561288733123624,436.7049257769109,-41.12736331174058,0.9233487627039667,0.22122822777888917
1133,52.42958612223134,74.49666755143585,-7.801399674540555,437.00410344150356,-41.08915762314341,0.9124515766505701,0.2226380268455263
1134,56.20807077262767,48.86839638393993,-31.847114186730103,440.39900511461923,-32.72533050036055,0.4415249456177846,0.238638505360206
1135,59.011062523181295,26.9905906114057,-47.63299223033987,442.5000512530342,-17.655320532424795,0.1499989359308223,0.248543563488341
1136,59.44225268641535,24.074523435180158,-49.184585058388954,442.8089472448654,-15.167953718573566,0.10713304669476469,0.24999999999996914
1137,55.0163216940064,63.84076116544854,-18.246019429238398,439.48703975548943,-38.927816584378,0.6619193694249379,0.23433981307986995
1138,55.742313871717315,63.404214774975195,-18.660723667518937,440.20708741565244,-38.76339301170224,0.6548579527413942,0.23773383950708904
1139,55.95734508895983,70.82663056636831,-11.434058954513112,440.5000789745099,-40.43474734023933,0.8009157268603204,0.23911495629892632
1140,58.01044169085543,48.09375283255342,-32.488672274602756,442.17569320726307,-32.2084787079498,0.43166521316326417,0.24701429577738787
1141,58.19637657332784,42.97069052700522,-36.654315896606796,442.2240764768734,-29.22163431447239,0.3637592745971459,0.24724240783738594
1142,58.257166024323524,47.65070536814717,-32.85878435989468,442.4092991747115,-31.95232075649166,0.42578928859385196,0.24811568510854454
1143,58.40319860715943,43.80746225235107,-35.98969092970392,442.44558582623205,-29.72367422659066,0.37485983466926315,0.24828676915354309
1144,56.485904672702816,62.27573415467328,-19.733785163294236,440.9351496962598,-38.38349118229389,0.6364788796301641,0.24116588461097443
1145,54.82191689161913,73.08536298005596,-9.198433492542486,439.3837220165988,-40.810696135021274,0.8624373058102246,0.2338528326130992
1146,56.22449119335388,75.06063820098723,-7.232796525218159,440.7930622125391,-40.93643177674443,0.9469735009792466,0.2404960730907636
1147,57.73579388852182,54.63595472989556,-26.79858081508696,442.0497984029098,-35.43909934155669,0.5215688978548962,0.24642074596690988
1148,58.51083153792378,53.99252016030377,-27.371380390173847,442.8089438867886,-35.1069944763035,0.5126929117728495,0.24999999999996914
1149,58.55818746597856,51.56070347874949,-29.47761683793127,442.8089478707733,-33.8955950322346,0.47937402375784033,0.24999999999996914
1150,57.980179777718305,59.92547860293329,-21.946034202959375,442.3911201118193,-37.52307004137143,0.5997207334077042,0.2480299748187452
1151,58.47021356877387,55.96612544362297,-25.564432642573053,442.8089476693494,-35.89669470837489,0.5417388848778371,0.24999999999996914
1152,56.94193066984459,65.96738451036983,-16.18840322147742,441.44564288014243,-39.387546265877766,0.7003182301340123,0.2435724655588358
1153,58.40614174994779,59.601828962798464,-22.24959535727054,442.8089507598226,-37.38355587679096,0.5948353813403966,0.24999999999996914
1154,58.246249048834365,64.68692601083978,-17.422910038947762,442.7324305243361,-38.98471366342703,0.6778725689605121,0.24963920367058057
1155,58.3612017037334,62.10687517099171,-19.87185121714928,442.8089520179438,-38.16878305365181,0.6357723091283368,0.24999999999996914
1156,58.32734508786967,64.52252502965229,-17.581250648362033,442.8089492557206,-38.93296133949079,0.6750837568370168,0.24999999999996914
1157,57.2185329582566,71.26109091276699,-11.00480087261644,441.7627919515581,-40.433574900041286,0.8124230349698793,0.24506763838067208
1158,58.31708775558794,64.9249862521643,-17.192143336630835,442.8089473561988,-39.035498048846755,0.68246375439479,0.24999999999996914
1159,7.25885513811172,17.905850379480764,-52.139917900796114,390.3150775759636,-12.193220395418784,-0.041878693376144055,0.003119892836230308
1160,6.697208501942047,14.959283875710712,-53.339463816102615,389.649996632632,-9.525410278505646,-0.09488361330865766,-9.391519190695306e-16
1161,6.580366206585367,18.27946390194909,-51.957408133833596,389.649996632632,-12.545828142637564,-0.03653963749737474,-9.360935761143172e-16
1162,7.180006988989891,20.121729595070065,-51.130394801413026,390.31507757596364,-14.16650491957881,-0.0029827095019554495,0.00311989283623031
1163,6.459592620079364,21.623442645896382,-50.38450984191597,389.649996632632,-15.498899388240883,0.02180433831390821,-9.330352331591102e-16
1164,6.737122567260752,23.26314168859589,-49.55713946902676,389.9906531518937,-16.900828199658186,0.04948346894521338,0.001597993891727267
1165,6.321893794372649,25.226912281585705,-48.493680490838514,389.649996632632,-18.568717850425724,0.08014831412519108,-9.299768902038968e-16
1166,7.537973785535388,19.38132874269004,-51.484856584645286,390.64760212500397,-13.503305367592668,-0.015376233409887197,0.004679839254345931
1167,7.480889128777633,21.053582896128976,-50.690062362762745,390.647602125004,-14.975544682861852,0.013795754495754209,0.004679839254345933
1168,7.421551591755634,22.798626571042057,-49.81353380852013,390.64760212500414,-16.48553472929702,0.04296774240139567,0.004679839254345934
1169,7.236382145061082,24.73717074088685,-48.78263908064732,390.5421686611772,-18.133259910012807,0.07381402006353094,0.004185222097382446
1170,8.228242747116399,27.832070563127697,-47.045826781923004,391.6451120816246,-20.650093535334868,0.1224751223001661,0.009359678508692805
1171,9.882293096485045,18.366004514408814,-52.00242457736904,392.9425430431422,-12.53723239024149,-0.0291038647294197,0.015447274286704981
1172,7.694855980144452,34.22490224319005,-42.97084410993678,391.3369484722007,-25.58931171893734,0.2133580563456257,0.007913874511414917
1173,9.40982378162173,22.302929742255944,-50.11134477476285,392.61820045814716,-16.004999449410555,0.03796286993361819,0.013925375342201937
1174,9.827117327487759,19.848261584878646,-51.32222588653754,392.94254304314245,-13.854934354412734,-0.0031732088132939706,0.015447274286704981
1175,9.496623048382693,20.007603884346434,-51.239358710649576,392.61820045814676,-14.004862331143086,-0.0009331139405704403,0.013925375342201935
1176,9.452494575788243,21.136281528098042,-50.69487490688848,392.61820045814693,-14.994455386164125,0.018514877996523904,0.013925375342201937
1177,8.028002106218526,34.2081433166876,-42.9869816873024,391.6694403992772,-25.56753950148567,0.21352109801223568,0.00947382092953054
1178,8.354458796107924,34.14047354706207,-43.037166080267056,391.99381253727245,-25.508920521159595,0.2129748378969551,0.010995719874033584
1179,10.015397622344683,23.738547717348776,-49.37732081169991,393.27498370713255,-17.213727341572135,0.06212787317534724,0.017007220704820608
1180,6.980736132360974,52.89293441526314,-28.227363802092476,391.195027953902,-36.92154212526117,0.46703280576453504,0.007248043723194846
1181,19.404733413486134,48.282619620998446,-32.322290840398814,403.49688384670725,-34.160954999132606,0.41403870240460067,0.06499685813491672
1182,25.39790180146935,43.897982079956044,-35.9597330816753,409.386720860523,-31.424647331263742,0.3599252390823707,0.09266982476179124
1183,26.229283030283383,51.78787751209942,-29.343678670244206,410.4476180502792,-35.67255055258725,0.4666226566859573,0.09765604108422969
1184,26.636516261193446,48.74382028643393,-31.97244436895277,410.7633712654801,-34.11624697916858,0.4254573049169215,0.09914017949672708
1185,26.508533261706088,50.78719178174379,-30.21722964559568,410.7042685393351,-35.17068686241815,0.45310455103765485,0.09886237484816335
1186,26.786155778336553,50.669182255598685,-30.322801068788227,410.9776822016946,-35.099058614849554,0.45164424778247386,0.10014753334677626
1187,28.90088627338034,39.189063451136775,-39.615517150155455,412.7683128770192,-28.29563842679595,0.30015010307012063,0.10856508331128958
1188,27.694502330112652,53.04037571363873,-28.247174163807838,411.9489181453688,-36.20133829363255,0.48486244545866924,0.10471302209671815
1189,30.882643339264902,35.464749309575666,-42.319843220656736,414.64018622051464,-25.642349456310917,0.2520298232263259,0.11736609952348705
1190,33.446973625109436,17.777642767841296,-52.55924972523987,416.5317887740947,-11.193524255943508,-0.006184092413157316,0.12626149115834567
1191,33.81413545004268,17.069862818363454,-52.871531961146125,416.8720496628876,-10.543236424774136,-0.017938977024189895,0.12786176375632455
1192,33.7538625145131,19.136306132152033,-51.9373122587013,416.8925424629983,-12.387502186147504,0.01719941339587655,0.12795814461673988
1193,34.65728839579763,14.817214491090029,-53.808925644034225,417.6213145323819,-8.457543092485935,-0.05577373963317325,0.13138579813169468
1194,35.35093581863304,16.05947727623755,-53.30436494711572,418.36687431185396,-9.560102593977836,-0.0337384199185978,0.13489265920798163
1195,35.504738224419825,17.035175722413673,-52.889075150410406,418.56953569644605,-10.434288325112949,-0.016843317755793785,0.13584595344713565
1196,29.63002770022858,61.621206644844804,-20.372943278329696,414.065228709705,-39.49380378216465,0.6120708332995295,0.11466264374415891
1197,29.86225118533458,61.04159568519274,-20.919605721244164,414.29311026179596,-39.295220536969715,0.6031561448388405,0.11573412707376458
1198,34.18719116673209,36.34041275046606,-41.707403135324256,417.99212659695644,-26.11490949808158,0.26598060407606877,0.13312994114450438
1199,35.8556584663104,32.31905340060614,-44.467909585169345,419.5229968657191,-23.112018663769664,0.21308362332642233,0.14033116783540928
1200,33.39246963099687,52.253173994657764,-28.955535498421774,417.66235304083403,-35.58337453541501,0.47751660549695446,0.13157882283446198
1201,37.39035107496973,23.445688055738934,-49.7758786684109,420.71295865476645,-15.94430833211296,0.08831932667834325,0.1459294933370855
1202,35.03374612314521,52.18055199309573,-29.02033405041325,419.30603118081245,-35.47509313134205,0.47747995071258625,0.1393104946955473
1203,38.89752471290409,23.458439304294714,-49.76802929208216,422.2316402746467,-15.879697039658952,0.08959929213517559,0.1530752572438661
1204,39.14865194920692,21.992383117775535,-50.53353162439072,422.43801518110814,-14.619685874736476,0.06752986210178702,0.15404638192991577
1205,38.19624763803078,45.991823746225016,-34.292419613924345,422.3207483203098,-32.08555739628235,0.39573814941696445,0.15349456467884587
1206,43.429829768367505,17.884670165320557,-52.49388958982339,426.55770320102073,-10.794545869432708,0.004315514854426994,0.173436176075625
1207,40.16815630668881,60.493415838117436,-21.446326333538167,424.6104505948664,-38.64083205159763,0.6007090837016091,0.16427024163100323
1208,41.660974671986104,49.27862225706421,-31.542709613453038,425.8659111661485,-33.711005960798,0.44133986718719215,0.17017963650480325
1209,40.59176300746851,60.922389563608284,-21.043700384745105,425.0419504488089,-38.7643291057882,0.6075870791120472,0.16630121062945039
1210,46.6087778570519,27.574469552106727,-47.41573921675701,430.124010607957,-18.86950249408901,0.1537971875976179,0.19022765626987606
1211,44.37102409339772,46.13707302321244,-34.172033277073716,428.4954428703738,-31.861668869859216,0.400617268679276,0.1825590450198717
1212,44.6672337347387,45.30434304023706,-34.85198833779354,428.7708080615427,-31.367129662793737,0.38972776814542637,0.1838556017235057
1213,44.962800771592754,44.46889518890415,-35.52643022331887,429.0461659196205,-30.860960191927965,0.37883826761157674,0.18515215842713975
1214,45.89362538022154,37.627722112021836,-40.770518727227746,429.7725796137365,-26.425406041424985,0.28930524022845777,0.18857273331289726
1215,45.24228742922833,47.923388184925265,-32.68438783094546,429.4211366725179,-32.81101020978082,0.4248132928592974,0.18691781035591848
1216,45.14561927200208,57.836598037061925,-23.922366560884647,429.54419464367624,-37.43041833767296,0.562975694894486,0.1874972762891037
1217,50.73602685053044,19.508455787973162,-51.68483587140571,433.9333782247814,-11.814152482471506,0.03526082928900115,0.20816995278542344
1218,47.18907075283049,49.78952496307522,-31.096475757200906,431.41567797130074,-33.69540930531172,0.45072194061466647,0.19631072779983613
1219,48.897452787818246,37.90496280079079,-40.55547294556776,432.788359256192,-26.45314997310645,0.29421524257845194,0.20277616550877278
1220,47.42739555100654,50.64787231672472,-30.356268219601013,431.67482119068836,-34.1184149642294,0.46246775293618964,0.1975312471501375
1221,47.66804212602008,51.50022288557266,-29.614396558028428,431.93395791187135,-34.527352728036185,0.4742135652577128,0.19875176650043888
1222,52.45544333481392,16.44810925206078,-53.03093167188041,435.50505062170714,-8.975518351008304,-0.015092363857344637,0.21557453006801375
1223,52.17298586650305,18.218484212979014,-52.262384132287515,435.3054557181603,-10.583551989109463,0.014802616020594517,0.2146341215789251
1224,46.68929881981803,62.01039768172757,-20.01053146456543,431.15204724194183,-38.81557373508556,0.6279045437229014,0.19506910446373477
1225,52.57213367612267,17.905755191989623,-52.39698869498511,435.6889590315265,-10.280229823193842,0.009760702939056842,0.21644104638796127
1226,53.04319832301987,19.673486626290995,-51.57719973571099,436.23620641735744,-11.82158502479596,0.03893263174462258,0.21901958850148093
1227,50.534645509465676,42.38357837031787,-37.164399965715006,434.5658505214675,-29.29061026953625,0.3535926429364051,0.21114956677798746
1228,50.8302805467914,40.965918690383326,-38.258664592235384,434.8200530221588,-28.375735288016845,0.3351022770208339,0.21234718103523734
1229,50.91437014024813,43.28243555380739,-36.45581225130885,434.970497127189,-29.825784692267924,0.36554869044507327,0.21305597632327422
1230,53.652670995003696,32.33366767745339,-44.39149271902886,437.3506892596963,-22.17171455090692,0.2218642993745562,0.22427127592718782
1231,52.643465710321664,49.135718585982524,-31.638114415831776,436.8524015246591,-33.06399666395319,0.44395432701571697,0.22192316483111718
1232,53.9034606640529,50.26390165478952,-30.666589276664233,438.1362814663236,-33.57728208441473,0.45965577542417696,0.2279734992928396
1233,54.16364118290292,50.23886618485398,-30.6870901306947,438.3954583485236,-33.550119269196216,0.459400768177563,0.229194971788184
1234,55.78765181977876,37.93891548514694,-40.48792057493486,439.6766127942278,-26.08189688646465,0.29697663147326964,0.23523336415972906
1235,54.40742006000758,49.74730777027444,-31.108186085914546,438.6267702853453,-33.284917084945604,0.4528114550962023,0.23028514572723513
1236,54.72429689360707,54.316675524626035,-27.100233694899668,439.0349308696016,-35.464259511542274,0.5160270098203636,0.23220886753783962
1237,55.30385929909563,59.051123728043905,-22.77280747212869,439.70056585507774,-37.35671482526416,0.5853597740237031,0.23534626789756086
1238,59.34650322626033,26.43729993559964,-47.94414433000154,442.80894602398524,-17.179477681506736,0.14219951828949393,0.24999999999996914
1239,59.2519938428315,28.447921615897087,-46.74533003922721,442.8089448031066,-18.794802662363868,0.170203134940703,0.24999999999996914
1240,56.09096709558532,55.19086969429745,-26.306919619399586,440.41608921074965,-35.77276814991734,0.5289346679568057,0.23871903756214408
1241,55.667703483937935,58.80787462204575,-22.99653392575853,440.0605885159182,-37.24760682666045,0.5818290656819312,0.2370432811111704
1242,58.25272355318708,38.66821981379435,-39.92978849134106,442.1496077109761,-26.434138908240804,0.3072795406364985,0.24689131122430585
1243,58.72430356657936,36.01769245002136,-41.833031426497165,442.53624025801366,-24.570299015355808,0.27250006055142356,0.2487141886504837
1244,59.071987937628094,34.18063771940283,-43.05825685270241,442.8089456813861,-23.184544391611983,0.2479675003362486,0.24999999999996914
1245,56.3282707919187,55.88703754673698,-25.6761542370505,440.6670808884511,-36.05577616952014,0.5390019126239742,0.23990219498559023
1246,53.13447990753012,75.25597084763922,-7.042195554525962,437.70896010098164,-41.11822907962707,0.954719674235081,0.2259596470843585
1247,58.230017745376365,78.20335368112843,-4.105303723172105,442.80869145676706,-40.98135859691738,1.5313175177857379,0.24999999999996914
1248,58.22988026045355,77.52491299743582,-4.780950965593492,442.80884918036264,-40.947330947192356,1.4088639509858811,0.24999999999996914
1249,56.72293133333013,53.63648605818773,-27.69701080422609,441.014220739832,-35.048089101996304,0.5071402958500124,0.24153863569541834
1250,58.95897707895501,37.00694351865843,-41.12737255203237,442.80895139295654,-25.24953554581385,0.2856048660451506,0.24999999999996914
1251,58.922175181086786,38.295618988697846,-40.16236072067573,442.80895109151913,-26.103604561183776,0.3025485478441385,0.24999999999996914
1252,56.98294641961684,55.93849629570335,-25.627480825503525,441.32181479396195,-36.04059891873804,0.5399479709661263,0.2429887008630245
1253,58.86655931832307,40.6285500207115,-38.425259357196175,442.8089487680569,-27.66051961752357,0.33319953959269255,0.24999999999996914
1254,58.79226168055375,43.06671288570178,-36.56941132872273,442.80894412111815,-29.242034880890102,0.36519531951152023,0.24999999999996914
1255,57.23352844740297,55.50648703955325,-26.01725189492055,441.5644817060429,-35.844196219157524,0.533821613262383,0.24413271589765292
1256,57.32395077975815,60.66030442954241,-21.258659294063342,441.7477250651658,-37.81306785464118,0.6109435639944543,0.24499660576287285
1257,58.69914798886426,45.982702243915604,-34.21013059973209,442.8089461970025,-30.956263083033843,0.40382347317854517,0.24999999999996914
1258,58.651989553389946,47.86795828769306,-32.673916064086036,442.80894558758274,-32.0481906255742,0.4288133293073353,0.24999999999996914
1259,58.239065439172286,75.60542865433625,-6.6941978858061955,442.8089106575815,-40.86696384652016,1.0160127374428731,0.24999999999996914
1260,7.53386093264828,10.171931120605713,-55.030604186892965,390.3096705850221,-5.018625994242486,-0.17772834822469677,0.0030945278538219156
1261,6.938612111695289,8.319771248352872,-55.55102522400074,389.649996632632,-3.263972483887527,-0.21157156493122348,-9.452686049799573e-16
1262,6.820374533235182,11.639497914824473,-54.538712268919255,389.649996632632,-6.427715363604666,-0.15322758911994055,-9.42210262024744e-16
1263,7.099173668201001,13.11160479063823,-54.040105404007576,389.9825424118395,-7.800984582373269,-0.12672512915368378,0.0015599464181146813
1264,7.830677425242055,11.099658776985551,-54.747388444349106,390.63949189644376,-5.890137518408043,-0.16080673987143343,0.004641791780733346
1265,8.598844653033405,17.211194491815675,-52.4755013850875,391.6288931716156,-11.531004496919412,-0.05169793900036046,0.009283583561467641
1266,8.796432524628539,11.683029336328264,-54.58385079289284,391.6234868626661,-6.416986723171011,-0.1486516099747246,0.009258218579059252
1267,8.430624558435458,22.2397279790952,-50.1213763417635,391.6370026297771,-15.978930721985995,0.03538859164990282,0.009321631035080224
1268,7.231346030446255,39.069747483154615,-39.520878999283994,391.0409406300969,-29.0060613468087,0.2792570741485216,0.00652514172455589
1269,47.34702008659307,44.97648668676872,-35.11105658390759,431.45718584207054,-31.035524986438546,0.38654711039363027,0.1965062205709504
1270,50.883890195908094,48.421249584159135,-32.25226659480988,435.076844983627,-32.78004782568279,0.43369402566655973,0.2135570248465086
1271,57.936395494519516,74.55750060465837,-7.7362612738719365,442.49892939594827,-40.798163845595695,0.9215145334204118,0.24853827412575416
1272,58.24206766613428,75.0476063625513,-7.249426976129405,442.80894589542856,-40.820955891667296,0.9674605437927147,0.24999999999996914
1273,58.299325719788435,67.13856150072137,-15.022335752429898,442.8089516515922,-39.4679268461069,0.7315775129138476,0.24999999999996914
1274,58.25285165011723,73.39708789192301,-8.8893672494408,442.8089496729107,-40.65326858952909,0.8784929674837452,0.24999999999996914
1275,58.254840471246176,72.53021690739725,-9.749210917428007,442.80894343497494,-40.55182654311615,0.848253116936201,0.24999999999996914
