vertex,flat_x_mm,flat_y_mm,source_x_mm,source_y_mm,source_z_mm,u,v
0,18.36981021462035,80.60136071112129,0.7737256352431687,456.15199041499454,-40.13603672248152,2.561085088965116,0.3129527431341028
1,15.432079852256479,76.15155056626091,-3.678876623769791,453.22878556505555,-40.41131999049415,1.6540007532914902,0.299154019647579
2,13.125372159920447,80.67986571875693,0.8543014453125845,450.9176593621861,-40.44252980819213,2.5543958541007385,0.28824733213105763
3,26.220472436922954,75.99532175541978,-3.846263996451812,463.99237328863535,-39.74751250520622,1.6579237766458277,0.3499819373221375
4,24.048785059169234,80.45966144352957,0.6252453761280785,461.81919722454336,-39.79665787812744,2.5544098576413097,0.33971545538699505
5,21.62039476139193,84.98967762926819,5.137969897711695,459.364790821179,-39.479739521361275,3.4592597805132854,0.32812300078719137
6,29.304880577962976,80.38222916171941,0.5546495804384315,467.06244220438634,-39.46790306483985,2.5602803891322448,0.36448920864289547
7,35.558189416560644,75.90699678236415,-3.9250135543946465,473.30642698806093,-39.13821328604582,1.6676438956413044,0.39400786277715444
8,32.80605761449326,80.33144805030466,0.5100281423397299,470.55515838762653,-39.243124955197665,2.5639254337555486,0.38099893068852675
9,31.247524251279835,84.76642374695187,4.928915840903624,468.9661450499645,-38.89729876801785,3.4611533437069077,0.373487125823474
10,28.203648646640396,93.66990895435094,13.621574113252834,465.78737993686514,-37.100507554392635,5.255609163609626,0.35846351609336846
11,35.205381692879996,93.47713519028717,13.443761099674386,472.77249122076995,-36.68238619206266,5.262899252856234,0.3914829601846311
12,38.0565483497566,80.26722713150193,0.4467335875847908,475.7900645991952,-38.89754873053036,2.568990036134525,0.40575434356952045
13,12.914099620647209,101.09869477327074,20.51960012486551,450.34277088598486,-35.38644207951526,6.646534934185546,0.28553469354313354
14,5.368705712994284,101.18874965189202,20.58401239900556,442.80826867071954,-35.82698447770558,6.612013444285429,0.24999999999996914
15,5.439520797744474,103.49237307017673,22.64536467912394,442.8089132963827,-34.807383688083554,7.070988495541847,0.24999999999996914
16,16.1776410190507,100.86363484203977,20.311160455676614,453.6052287829356,-35.27270046752376,6.622896894903299,0.30093076581432465
17,16.85136842300846,94.09671159829463,14.016273819292117,454.45421937779827,-37.70707216773695,5.268959626257238,0.30493809158758406
18,13.789507184588611,103.28272270875176,22.476938427181334,451.147299502049,-34.36052514038449,7.08996801064015,0.28933094237577744
19,5.441107206971232,103.52322786926817,22.67296202707926,442.80890912949036,-34.79364110953413,7.077163532168698,0.24999999999996914
20,5.448892104354924,103.66593351192445,22.79644804548717,442.80893459421765,-34.72229835299793,7.105652907115928,0.24999999999996914
21,9.032123444608622,108.13990334620337,26.674302664869682,446.22968006712006,-32.257820168644564,8.024110242113853,0.266131295498683
22,15.555845695540627,107.64388099999307,26.260509620106667,452.75616813722803,-32.074184391465145,7.976834163549361,0.2969234400410652
23,21.927270206992972,98.39925478021782,18.06347363219448,459.41147845791966,-35.886326244703014,6.169364062760202,0.32834348624168763
24,18.79844812435126,100.78340751264419,20.24241464893317,456.22204367668286,-35.13213750830181,6.626241512335489,0.3132834713158472
25,41.8232152222818,84.5445478039952,4.723145047109662,479.5109910027199,-38.215898330195245,3.465411337417952,0.4233579695806765
26,45.167163420477976,80.12903749552594,0.32720635983346547,482.8785788747608,-38.415272300343645,2.5666673796988104,0.43929547427869914
27,49.415508632364606,92.9822646965832,12.974083591880067,486.94878844816594,-35.814099429395,5.258253939984805,0.4585652216029885
28,17.71147880041145,103.06690750377027,22.28969818159323,455.0668815570292,-34.19683349226934,7.0764390627401115,0.30783012755758654
29,20.796457459081584,107.45868430076781,26.102848793846984,457.9895641696176,-31.802963197208992,7.9835233984137375,0.32162885104411043
30,24.473175212504977,100.53577564148638,20.023888760397032,461.8892118757189,-34.85124886454841,6.619566281011682,0.34004618356873945
31,54.033528561359695,80.00783190895257,0.24249313657212102,491.71793465048154,-37.783886808733754,2.573463420758691,0.4811537345023993
32,49.70256541169963,75.76331558752516,-4.023973528223413,487.4160173723567,-38.15105293533634,1.6740025536433993,0.46077773198640276
33,27.736334134702894,100.33480188018258,19.838144934894714,465.1497894081892,-34.71190292986201,6.603273550848317,0.3554506698186049
34,25.415920215572285,102.69919385621887,21.966230963094862,462.7636021031623,-33.834110594276545,7.063356833370125,0.34417673022710676
35,27.32161188921946,107.01291021207176,25.71670308502784,464.5121592829013,-31.567258999463842,7.950937938087009,0.35243782354384134
36,12.7139467277199,112.41474776534609,30.187082224122186,449.7282540010284,-29.572355385619083,8.907209994041315,0.28263523389157885
37,5.732701644307701,111.28934947204402,29.25483049480312,442.8086990135107,-30.69624717247835,8.625747390627332,0.24999999999996914
38,5.7878253289321115,112.64538592610252,30.3668050524324,442.8084398753972,-29.922190109138075,8.896585352867373,0.24999999999996914
39,31.971381974106748,97.98249543262234,17.681038250179345,469.43836561107827,-35.36022868869536,6.158438962014601,0.37571935102591375
40,30.3624228401439,100.24643035944842,19.75851336333204,467.77089631924935,-34.564413622799066,6.606208816593785,0.36783754644655514
41,11.302895713693246,114.80673120176344,32.06504969691327,448.2139629757802,-28.197949891712703,9.37239790928729,0.2754911308168357
42,5.811284841006916,113.16149096823712,30.771704007684853,442.80855204920107,-29.60265611259275,8.999540466136779,0.24999999999996914
43,5.887560022082312,114.90556551231586,32.13927824167226,442.8079034855222,-28.522178913218205,9.347633609182434,0.24999999999996914
44,29.34323205825148,102.49796879594088,21.783793108734837,466.6847655847461,-33.64918975086409,7.054451857091526,0.36270430547898386
45,32.572077812293564,106.80523301527978,25.526912698625722,469.75402938578077,-31.28850495867672,7.956808469577943,0.3772115767997418
46,16.635095614831272,112.17699616667217,29.993430313067343,453.6483763786862,-29.431522613979176,8.893681046141277,0.30113441907338806
47,14.56287026162218,114.54349463483753,31.858230140589228,451.4770954035482,-28.124654661673183,9.348759870005043,0.2908872030880268
48,13.627854439926368,121.4516536355286,36.91882759837955,450.19786372861444,-23.502541369374445,10.72068557646073,0.2848509661349884
49,33.862483328682075,100.12692528160066,19.64796230272136,471.26337136034664,-34.365827673361615,6.609853861217088,0.3843472684921865
50,57.314051075771204,84.22685240865769,4.441248158210494,494.9608483004023,-37.14208661683683,3.4706028541867244,0.4965194469964576
51,58.04123554979286,83.43779215471696,3.65905196692057,495.6951537774787,-37.16081899693713,3.306668159395203,0.49999999999998135
52,58.019492519814776,79.96418315054385,0.2062555850605297,495.69463442518077,-37.48773550761882,2.5752819799596987,0.49999999999998135
53,58.17502443613056,92.70275926677164,12.700675182477193,495.69280867292656,-35.22774021151086,5.262252164328257,0.49999999999998135
54,58.0669156754102,85.163579800055,5.3563217672846655,495.69506454569563,-36.88159705197914,3.6738177295662386,0.49999999999998135
55,17.183126588920665,114.44224788350476,31.773684898374555,454.09445149250274,-27.994723508910333,9.352104487437234,0.3032399085895494
56,36.48584080886205,100.03528360524122,19.561768414833455,473.8809778364608,-34.215440527344136,6.612386162406576,0.39672497493268327
57,35.17473891261723,102.28496348012926,21.587634872718162,472.50551290855697,-33.32469082675436,7.0605269314636985,0.39022050888836946
58,37.815632587700826,106.58039230254226,25.3210462027666,474.9893445848965,-31.008236491685697,7.961873071956919,0.40196698968073546
59,43.18995250329556,97.53517399088267,17.264964066965085,480.634592689687,-34.72320512435591,6.154732550683985,0.42867496349706574
60,40.08737888563357,99.84105825932984,19.382912567089036,477.4760333244574,-34.03258049924955,6.602971856033577,0.4137298344441044
61,24.61866182668964,111.68575401251857,29.583190896194278,461.62929846473617,-29.13288335160851,8.868788458981191,0.33881844202879313
62,20.053897948445794,116.49903223745592,33.33004091613682,456.8587422054392,-26.44182103256088,9.792037671772434,0.3162894895591754
63,25.809216614674014,120.57495921736252,36.22942832670305,462.38509510149356,-23.15799102065073,10.671904040442831,0.3423886514984274
64,23.27611643032491,114.029956630097,31.436572672556647,460.1875646315348,-27.793320064098765,9.327713719428285,0.33200875127126894
65,39.323691290769275,102.08308435661776,21.401877299495318,476.6472041414468,-33.10930443211582,7.0559389280080245,0.40980888618964806
66,45.01139931781257,106.13126075589607,24.911120137124595,482.17741648072956,-30.6831882371858,7.94304445921092,0.43597670870357774
67,28.54286519368314,111.45272759362679,29.381841107894374,465.550895006956,-28.97424095010625,8.859883482702594,0.3573460172806702
68,26.537391950642544,113.78786252049233,31.234506218658925,463.44868225707154,-27.69493581737717,9.31142098926492,0.34741323752113434
69,47.18593623383407,99.53332435485534,19.09137684609952,484.5633806850889,-33.62901168957903,6.6006491995978624,0.44727096515328313
70,29.163261547236864,113.66964119431547,31.128918277212854,466.0702234614967,-27.565263009985,9.314356255010388,0.35980011414908464
71,58.05008412773111,84.21399116336742,4.430563739838283,495.69484041939495,-37.086943355594414,3.471166061647289,0.49999999999998135
72,51.61532696043759,99.36191315425741,18.923237370297592,488.98328581725826,-33.361148240927434,6.6040472201278035,0.4682000952651332
73,49.40756943815198,101.60530002039508,20.949811840561186,486.71516597840554,-32.55705217015771,7.050379633155509,0.4574589664112814
74,53.86504004519299,105.70480554203802,24.497804922730488,491.0173782412767,-30.195497171026005,7.949840500270801,0.4778349689272778
75,55.72024579929684,97.05332707601421,16.79667443910295,493.1384092455366,-33.95726953199786,6.157658720432799,0.48788368750494693
76,58.250646496139396,95.66158613456753,15.48067714132025,495.69455126490215,-34.229600833529624,5.882882526606026,0.49999999999998135
77,37.419150406648086,110.97246721828515,28.95319284677004,474.41834395007345,-28.567313953609506,8.854533207503051,0.3992663743617387
78,33.41793376719401,115.62928843571333,32.59781373595335,470.21841393495765,-25.95861056813157,9.75787686366502,0.37940692830096934
79,41.938528576065515,119.45534966171053,35.27446964080885,478.5097640549024,-22.5904976517576,10.644918080974287,0.41862055660473885
80,37.230436640317976,113.17130340618479,30.691497815546214,474.132831702103,-27.23545163488795,9.300863275276114,0.39791606670224033
81,41.56435739136182,110.7234275514761,28.729636833943573,478.55926223073976,-28.381367980515527,8.849945204047376,0.4188547516630174
82,39.850900897406255,113.03363789431383,30.56722183270691,476.7497055466496,-27.10653406958542,9.303395576465604,0.4102937731427372
83,58.32929227831175,98.71284700515758,18.30761960241232,495.69520421691624,-33.09654950063083,6.529351748842851,0.49999999999998135
84,58.33972624653917,99.08342287950549,18.646833388574567,495.6950950449329,-32.948873315283215,6.607115733057018,0.49999999999998135
85,8.180880907903179,149.39705516720812,50.56696128051744,442.80777224213966,0.07146364447964916,16.23008706420366,0.24999999999996914
86,10.444523894740103,149.176996167846,50.45570694693909,445.0793593227844,0.06698709287822639,16.208388402283465,0.2607060183228348
87,8.121187224275104,148.65956499280782,50.35384243550268,442.8078972383503,-0.6370809484085809,16.082837952653456,0.24999999999996914
88,8.08650929143495,148.237249618007,50.212166438187964,442.8079577539753,-1.0364313519542996,15.998534764512279,0.24999999999996914
89,43.446603198480844,112.77881590034902,30.34087825207752,480.3437545237106,-26.968825296425038,9.293981270092603,0.4272986326541583
90,58.304025702338656,97.76012391190132,17.434569597227583,495.6947547584456,-33.47391189549352,6.329707496105601,0.49999999999998135
91,58.42973812682757,102.07682582902046,21.311344865495506,495.6949984975796,-31.597215090657386,7.2365112794005615,0.49999999999998135
92,58.54824468000447,105.45092454932457,24.246640486671186,495.6946985262147,-29.941111954775906,7.949788727791374,0.49999999999998135
93,58.39373195444015,100.88110404050843,20.262077594972165,495.6948798622709,-32.16634198332953,6.986866439465114,0.49999999999998135
94,58.400479797765016,101.20472663148962,20.552486727947066,495.6947476055162,-32.02485484541076,7.054306626560259,0.49999999999998135
95,52.07519256929507,110.08775889965405,28.13871087961027,489.0598237411026,-27.889487767626743,8.84324278596616,0.46856259727464833
96,15.750940762088664,139.5123171974215,46.99992622253441,451.13701893570175,-8.477226322772145,14.347636741299558,0.2892824306218074
97,11.928669794593114,135.29995715157645,45.147805458267044,447.63892355497757,-12.560294767732149,13.464536989372096,0.2727784922289116
98,7.140887898221955,136.15353955352055,45.621970827996094,442.8081054737663,-12.228418860779504,13.586312362278505,0.24999999999996914
99,7.249812097506066,137.61794282354106,46.28639238670439,442.80749191341687,-10.920098272090772,13.880241962831231,0.24999999999996914
100,18.438912316575436,134.687584976032,44.74109393766743,454.16451876679935,-12.512738631498925,13.417260910807606,0.3035706367712938
101,7.564239380024886,141.87831809154648,48.066664976871586,442.8052687285921,-7.0402324534019565,14.73350022054325,0.24999999999996914
102,23.45936152866588,147.83435684999876,49.653742271070584,458.1297515635153,0.04447607780045296,16.11383624515448,0.3222903074075992
103,51.18914074302082,112.28846333510572,29.88809360503693,488.0809058483842,-26.620900943270268,9.289943928813837,0.4639264114483336
104,48.09978213006374,114.66303730795882,31.73648375013402,484.89152012942975,-25.359808165754792,9.741601979533987,0.448824459833802
105,57.413352263541974,118.30578635205589,34.2334564813414,493.98098753882283,-22.009457085351524,10.636843398416756,0.4918761141930894
106,24.523611050377568,134.17673101147,44.37161008960966,460.2575904010864,-12.398941068551736,13.392870142798657,0.3323394794530133
107,20.868168651792217,129.96531621805102,42.20219585190571,456.9054412235885,-16.2933115113799,12.502141954019347,0.3165099750136717
108,57.42037200326717,109.7759261975893,27.83596171783716,494.3983414509821,-27.620119005830208,8.84548164893606,0.49385380306120946
109,58.66085480194207,108.25380415994682,26.564271450322895,495.69511255951033,-28.366339165345,8.539573934757097,0.49999999999998135
110,55.612805275090444,112.02523553585061,29.63409238246137,492.49929039269506,-26.404196111184927,9.293341949343779,0.4848555415601836
111,34.63972506386353,128.82760719513226,41.32078357076287,470.690576852671,-15.987579483605517,12.455162481972716,0.38163915350340916
112,31.031089567736636,133.56219770832124,43.91959176503308,466.77874606553206,-12.322874187268974,13.360284682471928,0.36314845195274426
113,58.789201634693384,111.3237874156904,29.042576636933873,495.6952464408892,-26.558170861524268,9.189126313718756,0.49999999999998135
114,58.81155186400728,111.81863978888056,29.433091194672155,495.69520987325654,-26.25464093800307,9.293306575327815,0.49999999999998135
115,58.867159882920404,113.00934004256388,30.30854405942397,495.6952384038471,-25.44768149441426,9.543956714856568,0.49999999999998135
116,28.48378911656848,138.30780840601975,46.170074323069585,463.8965215685657,-8.36448415863552,14.278135203366114,0.34952907043769593
117,36.47453993646689,146.41712226866366,48.68995657609139,471.1706781063962,0.025129074335741443,16.048665324501023,0.38390825240706117
118,58.71860191436462,109.69901725719937,27.758445359772853,495.6948018058757,-27.553152485102828,8.846364940089433,0.49999999999998135
119,59.067042955157376,116.9383773484277,33.21470063619952,495.69492905580387,-22.80259201787047,10.373160668124685,0.49999999999998135
120,59.12821201223011,118.18145350363376,34.108431867107726,495.69431035972,-21.93846665367874,10.6387463181888,0.49999999999998135
121,39.08620782297336,132.87809884645424,43.36787606993546,474.84079758190893,-12.138835113265696,13.346791702737654,0.4012644045059
122,49.95576344253701,127.51477645767334,40.21375674258209,486.01453115395896,-15.604373602067625,12.430923192800023,0.4541414537501913
123,46.26467820905475,132.181770892935,42.805088970152724,482.0289737109074,-12.027550532724206,13.327963089991655,0.4352741235287423
124,42.97488186108896,136.90160912303926,45.091169607701715,478.4107669854441,-8.184247424604315,14.234863834828111,0.41815216648818193
125,50.82467713588943,144.76037753851196,47.438985501924755,485.5470616325422,0.007390873043520645,16.011008099009025,0.4519276904527458
126,53.995100494006834,131.45881793967357,42.18063653468029,489.76485073442353,-11.864484253582496,13.323925748712892,0.4719019023229176
127,59.628467642600754,126.64938206942462,39.42658102393349,495.69306848798624,-15.34267212896985,12.43235855070763,0.49999999999998135
128,59.757118828114365,128.53170240766684,40.42481398905211,495.69392165562437,-13.743853151632138,12.8245110022152,0.49999999999998135
129,59.25866404340071,120.44273333171257,35.53094002069277,495.69488116692776,-20.179135498621612,11.120854469568885,0.49999999999998135
130,59.91857780063576,130.878963288502,41.664451606164945,495.69490878156006,-11.746821978313799,13.323860117937135,0.49999999999998135
131,57.69137232439279,135.38588861950197,43.825058528339895,493.1462285296834,-7.994830551592119,14.219566897378149,0.4879207364568492
132,60.02045112350537,132.27930897366008,42.30189679108756,495.69511552206956,-10.496535082792585,13.618359364288073,0.49999999999998135
133,60.94961284549865,143.53393401391816,46.4162726872466,495.6931947174333,-0.002513287068479437,16.010895813010016,0.49999999999998135
134,60.512374491687154,138.26253634598007,44.641942251627576,495.6947403122994,-4.983012202392783,14.894939735647618,0.49999999999998135
135,60.23671766662502,135.11391079673066,43.57845127126703,495.69387592236865,-7.95786872499145,14.222784502875212,0.49999999999998135
136,20.584594514820427,73.09783593644605,-6.743102124031882,458.35782545150823,-39.956306831686916,1.0550450272034368,0.32336778388344606
137,10.578335174689828,87.26415511801447,7.384724942152953,448.31777950140355,-39.770259393749235,3.8616404317248043,0.2759808815769287
138,5.0107116645376735,80.40037340436794,0.5813423207312522,442.80870401204635,-40.92164814213307,2.4615465763232205,0.24999999999996914
139,5.024903148958812,81.08774611946535,1.261561106479908,442.8087836415245,-40.836755989617586,2.5989706744976764,0.24999999999996914
140,5.060297677897561,87.10333796352735,7.216344717325392,442.80808854227485,-40.115660148893696,3.7985692067259986,0.24999999999996914
141,30.792429544066565,73.00817631527177,-6.833830764265269,468.5460877777768,-39.302273623940316,1.0635064289806653,0.37150156709723814
142,14.954452418364582,87.39681162683499,7.5191491431822435,452.6860912729654,-39.485210698110315,3.911677740178988,0.29659271185932085
143,17.17589640501435,86.59008115057141,6.724802762630187,454.9128063119027,-39.496729484412555,3.760871753623753,0.3071028081686111
144,7.370166598411872,94.10746156173926,14.007421704002954,444.9914716947108,-38.28742842873375,5.211323287755519,0.2602915967421382
145,5.284999252967021,97.93130859478639,17.55742927549599,442.808754306832,-37.021400151696554,5.960960167126839,0.24999999999996914
146,5.141022863402076,91.24781752983034,11.230470892468514,442.8086101468605,-39.105970194480705,4.627000434390869,0.24999999999996914
147,5.183610269275518,94.10901975546847,14.003322371920282,442.808682226842,-38.416298630692424,5.1980373633933,0.24999999999996914
148,42.114785474690706,72.93164459220012,-6.882513978504953,479.84471156290726,-38.53170924874166,1.0722424228991734,0.42493710723932226
149,57.59388865261413,72.88029583016355,-6.86673061182636,495.28744765403445,-37.40059430052714,1.0818560061100475,0.4980672245975804
150,58.0060971448601,73.65917477860933,-6.085696610755315,495.6952060914881,-37.38325381335929,1.2476309545703537,0.49999999999998135
151,58.003538366834675,73.04991890666093,-6.693761852145409,495.69514629317865,-37.37940986061981,1.1186008473328257,0.49999999999998135
152,6.010667199098426,117.42789639069007,34.006624896126034,442.8072492598761,-26.828202362145362,9.850505620605414,0.24999999999996914
153,6.192870697438312,120.9918765442465,36.61059820208727,442.8066239372827,-24.39652719528163,10.563324181749477,0.24999999999996914
154,8.559518884389288,129.1157844888117,41.84563610164799,444.6970237136681,-18.033650161869076,12.199060691341511,0.2589030100492955
155,6.839366247519011,131.74833779517115,43.263075557282136,442.80862131702804,-15.956607775529637,12.70630636653035,0.24999999999996914
156,6.6848039394569945,129.43960367894456,42.045310789849395,442.8083518789134,-17.921837653756285,12.24665679023381,0.24999999999996914
157,6.634298918034799,128.60764281475036,41.54314779391812,442.80812900387895,-18.586190850662373,12.081339487988275,0.24999999999996914
158,6.5573506123956,127.19548974430703,40.605705542080564,442.8083574981533,-19.64350738794016,11.799548707433216,0.24999999999996914
159,12.749208999341082,128.37095036075567,41.37067071033815,448.91847311242475,-18.28664837063519,12.092611282916412,0.27881472918195
160,15.455653658733656,128.91045823843302,41.66276953542178,451.58148452348615,-17.62352527589208,12.229121506617389,0.2913798111258572
161,7.812550779691148,9.094255582183909,-54.675702898864486,442.80866455436023,-3.9384948290898727,-0.09634324038763444,0.24999999999996914
162,12.689449076969403,5.415066448241286,-55.68262476114058,447.37989744080926,-0.01380682966797339,-0.16016791805576028,0.2715565726745312
163,8.131310131244478,5.0,-55.89086615409926,442.8076395440602,-0.015751695117130957,-0.1667753169128546,0.24999999999996914
164,8.499811765671126,13.0016852797718,-53.28373058918485,443.7927900017243,-7.5222803619100835,-0.029401685415000822,0.2546389838748856
165,7.601774356101828,11.778832329415636,-53.75660279818963,442.80888973793645,-6.468624685570446,-0.05024909199352789,0.24999999999996914
166,7.248177924753185,16.73196152486252,-51.59764809832621,442.80893083965844,-10.938527020249923,0.031984322170282464,0.24999999999996914
167,7.457673196916997,18.42631642695617,-50.87982464637642,443.14644088653256,-12.45030601070889,0.06029862525791074,0.2515912736816133
168,6.05548347609432,76.3125348528466,-3.497571735401281,443.8639805351258,-40.95303594313889,1.6506330982454633,0.2549746780960913
169,5.0,75.92944278854354,-3.8788163718877633,442.80860581387077,-40.994319532412476,1.5692726188772044,0.24999999999996914
170,5.012276266585415,78.85627372436105,-0.9588218774148731,442.80892000636527,-40.95672499690547,2.153473809787913,0.24999999999996914
171,11.5951345540939,74.20599262934314,-5.613833349355551,449.39011017609687,-40.565104327108806,1.2504728562950231,0.28103985213674415
172,13.976756742286927,73.91817048170292,-5.908820821836477,451.76687167228755,-40.409517735004805,1.2004585854546774,0.29225465790431704
173,16.599036583026553,73.89411680224698,-5.939801721719176,454.38415407624393,-40.25242940505012,1.203803202886866,0.3046073634058396
174,15.241745100773993,73.15703284803182,-6.672321081669957,453.02453240774804,-40.283725666437434,1.051507607797199,0.29819000765757814
175,24.6872812561408,73.79177986637879,-6.053127073629307,462.45699455472106,-39.74958960537356,1.206745470402619,0.3427283016617585
176,27.31492425803978,73.77031560796308,-6.074030131889025,465.0787889042627,-39.58167581665041,1.2096807361480864,0.3551151782897088
177,34.31604521995793,73.71888718629116,-6.117867496634971,472.0643824724534,-39.12159930569165,1.2169708253946943,0.38813462238097146
178,36.93989691647988,73.70125023217344,-6.129857700610492,474.68178445479475,-38.9444544322562,1.2195031265841823,0.4005123288214683
179,5.567138089325489,107.14149293671287,25.81320228589615,442.8083719213315,-33.00358586615643,7.799313629308176,0.24999999999996914
180,5.592366907704152,107.85336341777516,26.422405592397176,442.8080905848787,-32.636649642037604,7.941335442037965,0.24999999999996914
181,47.54553490822724,73.62083558331545,-6.174667580766508,485.2643795714135,-38.20019735546219,1.2242721200857536,0.45058973072840447
182,49.78191797255396,72.8930910298678,-6.8900098476128475,487.49388678366023,-37.982432867783096,1.0766273225864982,0.46114648371697176
183,48.31889492281931,72.36034835991592,-7.428096218798926,486.03356277036517,-38.040988292830505,0.9759321105670349,0.4542315656347833
184,51.977048944790475,73.60146043169122,-6.172231461844645,489.6839817111713,-37.877367329749966,1.2276701406156938,0.4715188608402545
185,51.27254085904511,72.3627618203911,-7.410179977499156,488.9799548452529,-37.826145571116534,0.9781974575869947,0.4681843190426833
186,58.003005798381956,72.93259443836966,-6.81071177050915,495.69517363051426,-37.37352939292289,1.0935837165310431,0.49999999999998135
187,58.00207649069743,72.64293267014826,-7.098544655530624,495.6952402668896,-37.346487127543874,1.051164081882952,0.49999999999998135
188,7.130416658405051,18.263311923448022,-50.96144595718302,442.8089372793024,-12.335861542809841,0.0577803625394693,0.24999999999996914
189,6.906085315737387,21.600271045760845,-49.184585058388954,442.8089472448654,-15.167953718573566,0.10713304669476469,0.24999999999996914
190,10.062431644868107,11.81345736979537,-53.717675343731024,445.26337985750826,-6.295472059860265,-0.04993464639892478,0.2615739231780722
191,9.021793312377696,17.131935532795957,-51.481492073786626,444.6171229400794,-11.185974517323293,0.039765664273986756,0.25852621298479994
192,10.84411381314477,11.221135254244938,-53.92192660437903,445.9985961133163,-5.678733801530583,-0.06020112689088675,0.26504139282966555
193,5.42714084578029,51.49975338955118,-27.371380390173847,442.8089438867886,-35.1069944763035,0.5126929117728495,0.24999999999996914
194,5.661724264357875,51.3075184111321,-27.543845800920675,443.03751657327126,-35.00700033439404,0.5100204227347926,0.2510776850120175
195,5.526789427964202,49.069891011453485,-29.47761683793127,442.8089478707733,-33.8955950322346,0.47937402375784033,0.24999999999996914
196,5.392152823303338,53.47312660476746,-25.564432642573053,442.8089476693494,-35.89669470837489,0.5417388848778371,0.24999999999996914
197,8.570323093141571,26.250177708274325,-46.590930585963534,444.772608888947,-18.884897289261836,0.17429554677808162,0.2592594582583182
198,8.20103528902253,23.5459495484412,-48.174483220157526,444.2305813882585,-16.727005891697605,0.1362965729380246,0.2567033967327499
199,7.790437367890821,26.99396012313157,-46.142440001210154,444.0373051770832,-19.532641970757236,0.18456202727004362,0.25579198860672486
200,8.898076173244863,30.38682489819031,-43.97401962622322,445.3367649394784,-22.0568634961832,0.23065987139252037,0.26192001505561885
201,9.270372151367418,27.50442278554217,-45.81834934076786,445.54109508666255,-19.82110137437073,0.19157709244769233,0.2628836708175101
202,5.347375983809605,57.047195002500736,-22.304828041120203,442.88497467709965,-37.35817139779756,0.5939464958476524,0.25035844434129906
203,5.269946660453195,57.106178923762485,-22.24959535727054,442.8089507598226,-37.38355587679096,0.5948353813403966,0.24999999999996914
204,5.232061012720792,59.61135004645469,-19.87185121714928,442.8089520179438,-38.16878305365181,0.6357723091283368,0.24999999999996914
205,6.254135836045449,53.63498731543086,-25.4517271202008,443.7019779308861,-35.98244860351324,0.5433221029511448,0.254210768960489
206,6.016559906760348,60.25643574103628,-19.27904125631317,443.62941334233426,-38.37805246397472,0.6451810108003222,0.2538686008704919
207,5.163816900836728,62.02754549134825,-17.581250648362033,442.8089492557206,-38.93296133949079,0.6750837568370168,0.24999999999996914
208,7.165692314287538,45.16284963195943,-32.85958500748989,444.3150534405955,-31.83165421495502,0.42607376611666054,0.2571017362461627
209,6.881081336751453,43.9175649926161,-33.89075730811395,443.9828478698634,-31.15493671229262,0.4094229260084847,0.25553519427192695
210,6.660963130571919,47.24368064498277,-31.09933404960109,443.8892254070611,-32.97261987963984,0.45405598498937133,0.25509371916811435
211,7.886946254742929,46.44338153323485,-31.784340510060492,445.0835737507895,-32.47485608300094,0.44335531178627124,0.2607259488053546
212,7.9679023139743705,43.08958909684411,-34.57010135102922,445.03174692528864,-30.607262574139416,0.3985120176182397,0.26048153371418187
213,12.973668505304747,20.572923183300574,-49.73268502340433,448.77430800226625,-13.849762752538593,0.09254320128295529,0.27813459708779287
214,13.377778869329326,14.300132241058991,-52.66305882767255,448.74025135908573,-8.287719662385962,-0.007872322966093304,0.2779739284227927
215,12.411501321931258,18.862367548924563,-50.603832645833755,448.11117849225604,-12.419664969087865,0.06660316586264603,0.27500625354616215
216,6.416858033958316,66.56610016880569,-13.17386820327571,444.141313246382,-39.91979214780447,0.7624087641295338,0.25628244414824497
217,6.640034111211816,62.20171972766374,-17.4179415949021,444.2938365562459,-38.897577797752184,0.6784826910166741,0.2570016848189634
218,5.1538424858274485,62.43061012387368,-17.192143336630835,442.8089473561988,-39.035498048846755,0.68246375439479,0.24999999999996914
219,14.888440273008026,11.488605384190134,-53.73017445650067,450.03233432152217,-5.5748976149361615,-0.05640777637452338,0.28406994684105397
220,6.8760826448959005,65.77790235632376,-13.946559834408355,444.5897531271784,-39.73613916904724,0.7460629850494389,0.2583971427482006
221,6.956533747559054,63.12862962223056,-16.523915543019427,444.6260321056473,-39.12160363762154,0.6951335311248503,0.25856822679319913
222,14.62092189463827,15.395367526942183,-52.170005878348405,450.055035914488,-9.168921243528,0.010535906458175648,0.28417705928438736
223,14.079351946714386,24.14565175859798,-47.77691758397686,450.1004389502894,-16.751406563794884,0.1444232721235737,0.28439128417105425
224,10.714674606084012,41.04065997222582,-36.21507074405294,447.6842027133166,-29.197603587413177,0.3715535300075568,0.2729920825183929
225,10.008015124348441,43.99059009232119,-33.835592257243704,447.10504475933203,-30.98859819469464,0.41064317012080903,0.27026015656869273
226,10.459206336989919,48.95839564308019,-29.62768264947717,447.74506535284274,-33.59304408173565,0.4778978196202202,0.2732791844871652
227,13.106613984785687,29.52035352006755,-44.514028846891506,449.4714491596504,-21.085240768808497,0.21889876095231303,0.28142360929442367
228,11.283876119126862,42.10332773344504,-35.36828901339346,448.29375776447296,-29.801879094065157,0.3856360347006364,0.2758675594524792
229,9.020282907424235,61.24225901348417,-18.348202719677346,446.64759285379637,-38.49152516164537,0.662421389459388,0.26810243455653726
230,9.122280106284915,54.480499477112176,-24.69184404559936,446.58672373094817,-36.152598592720615,0.5560770998467246,0.26781533258776496
231,8.469466481580568,57.089105408819634,-22.27820223657946,446.0075040847791,-37.185888839337906,0.5951667399599767,0.2650834066380648
232,13.166455312707917,32.663426832192016,-42.41717449406203,449.70381905914445,-23.41660263893763,0.261017280842099,0.282519946696634
233,12.178484784729557,35.10360606951925,-40.7016450084326,448.8424209508474,-25.218731030999358,0.29337424978105237,0.27845593441779315
234,11.954586114812967,41.0844139745399,-36.17917731621669,448.9187241387711,-29.138854012964824,0.3721754633409811,0.27881591346867096
235,13.663451037816177,31.45291187754903,-43.237663267173765,450.13449109578175,-22.49261303099964,0.24483879637262224,0.2845519528360544
236,13.300161344077498,39.04148947152925,-37.76697658162473,450.1685431286811,-27.76349372872894,0.3452543206216708,0.28471262150105453
237,11.864990794972101,44.05491602793049,-33.784815246981914,448.9568755207579,-30.898838337537182,0.4115760701209455,0.27899590299410987
238,17.63432349012839,9.775941282829324,-54.24780989371139,452.63870982749063,-3.7304496955691517,-0.08653500035868461,0.29636909612090984
239,23.146043923768513,6.413922655940469,-55.04288977039538,457.84950990652186,-0.009836256930668346,-0.14678944832700697,0.32096739468062163
240,6.904750114621592,74.28280596249547,-5.524175227133183,444.7070264657603,-40.836569798338736,1.2487890287720096,0.25895018136100034
241,13.218264239035655,54.9401808697621,-24.280324215507093,450.6786467119715,-36.08076922489954,0.5633787260666405,0.28711952119214196
242,14.044416134561747,57.217640787237414,-22.173020575048465,451.5625895016542,-36.8885989873303,0.5979654399603862,0.2912906459143162
243,13.61679680944468,48.48759497967205,-30.041915504204667,450.8655899093527,-33.15142298602411,0.4716098802910284,0.2880016337076854
244,14.288125838485223,47.93532667390208,-30.51797316867577,451.5171929131647,-32.827685642732845,0.4640780742949882,0.2910764210276493
245,20.108651962376822,11.968888543136142,-53.40348645797505,455.26711556936317,-5.554016222079594,-0.049718541510146735,0.30877535784409915
246,9.678463540268336,73.23012623335613,-6.580353241739065,447.4702357315763,-40.6138891738605,1.0487089077967895,0.27198276838132673
247,14.81473690532339,52.188231077237084,-26.779660309315993,452.1914515580901,-34.82062047879562,0.5234899511316469,0.2942583207909467
248,14.96489121206378,55.07944654510098,-24.156053542476,452.4237600765316,-36.02426750954316,0.5656084710214329,0.29535465819315704
249,21.209359424033835,15.013485544222078,-52.169116831024304,456.59241024445265,-8.241608374920894,0.002161529330471701,0.31503204492736053
250,19.838917972667765,15.875435851499454,-51.83628011725165,455.2898056188672,-9.143521429037396,0.017225141322552318,0.3088824702874326
251,15.426827386410618,53.980362639859656,-25.16143246477151,452.8543183464585,-35.54939257324315,0.5494299865519561,0.29738666433257743
252,15.643447671973412,46.828776948297175,-31.464509255553,452.82027519635477,-32.16169550751692,0.4490144623029077,0.2972259956675773
253,15.287521748287892,60.43315294659893,-19.139633375120425,452.8883613839542,-37.87160075310456,0.6498455108010046,0.2975473329975775
254,12.061253267870672,72.94181818147074,-6.876232511527276,449.8474403098613,-40.45452330571095,0.998694636956444,0.2831975741488996
255,16.128663311444733,52.301546012928746,-26.680709241221944,453.50012197945944,-34.7839908912468,0.5251622598477412,0.300434673541708
256,15.833843333111425,55.150270957252516,-24.093078617306148,453.29620582166706,-35.99565896556656,0.566723343498829,0.2994722266936645
257,16.660259229586032,57.41688436567099,-21.993126326483743,454.17992385119436,-36.79268349870167,0.6013100573925747,0.3036433514158387
258,20.790079019061572,21.348913986796035,-49.1921727966302,456.6264409148446,-13.84719406909074,0.1025770535795203,0.3151927135923607
259,19.28428213245808,24.67321237644826,-47.39998248313265,455.33518556774527,-16.75383014293098,0.15111250698795037,0.30909669517409943
260,16.91624939868037,48.17802327787983,-30.31150734460167,454.1345388061687,-32.77174492628891,0.4674226917271767,0.30342912652917187
261,19.624075335264443,30.192910041531107,-44.015872160076505,456.0148661984767,-21.079531962260837,0.22726030453278384,0.3123053730482302
262,18.879898443894213,31.98999849235106,-42.83279043755833,455.3692203980445,-22.4822642317313,0.251528031236999,0.3092573638390997
263,19.25319698535795,33.28957525029482,-41.94008901955401,455.81099987827434,-23.39872415238865,0.26882138818387175,0.3113429262001867
264,18.529317487477584,39.56430779131225,-37.34625969454198,455.4032551157498,-27.715923816473676,0.35194355548604755,0.30941803250409977
265,20.008179199840335,35.902658339572156,-40.07866437848927,456.6945019178461,-25.17857253662069,0.3034081020776174,0.31551405092236096
266,21.534055739941074,19.747641965784513,-49.98751708569678,457.27200779899414,-12.408088817850869,0.07830932687530523,0.3182407228014913
267,13.253120131684472,72.72649350929305,-7.095112647462007,451.03583685895376,-40.368130537331,0.9736875015362711,0.28880497703268604
268,12.604840849833703,65.73994438730577,-14.00362945541995,450.3047501342581,-39.393290348380944,0.7469164176178649,0.2853552961610551
269,13.894806632324336,71.39413335401446,-8.42400441314385,451.664731093763,-40.205902344802965,0.8992120127075318,0.2917726519093166
270,17.552663603280433,48.84568223589215,-29.733631539650652,454.791607666659,-33.063816570004676,0.47662680643931116,0.3065306919599692
271,17.578019627546773,55.29196785794691,-23.96547126377039,455.0408754376486,-35.93771420655082,0.5689530884536211,0.3077073636946796
272,18.732954136100865,52.527567900693846,-26.478634931042915,456.1169636050473,-34.70931342776907,0.5285068772799295,0.31278737904323056
273,18.661764497645137,48.3373313433732,-30.170291710936745,455.87906627768945,-32.733663459089264,0.46965243668196893,0.311664263530187
274,18.03796398105944,54.19897295992223,-24.966027474825328,455.47132421336386,-35.46758256539316,0.5527746039841446,0.3097393698341
275,23.435509733484746,21.531442218105177,-49.038204649609256,459.28577201330614,-13.769606931381691,0.10451744752932401,0.3277498315203767
276,23.83295333482595,15.220616516373429,-52.003443836612774,459.2358833895076,-8.18468726719708,0.004581742335885153,0.3275142321100647
277,22.880947497332826,19.809738380139045,-49.925382642619944,458.61754358116013,-12.340435044114495,0.07879970479459741,0.32459421251081116
278,25.34007486191306,12.451074126273188,-53.04928323064363,460.52233404533445,-5.502640428005984,-0.04391847738810045,0.3335898707188839
279,21.1735602057372,39.732920400513486,-37.19981279872038,458.06129438754044,-27.625573973330518,0.35397491647734475,0.3219675568484651
280,20.43656254156819,41.60028877967762,-35.74635964021249,457.3991033438039,-28.84395441449865,0.3787679457579162,0.3188408201021974
281,20.90459561653075,47.20787881714945,-31.133053092397574,458.10365649175185,-31.992873261616143,0.454127789438215,0.3221675892820338
282,25.07703138812458,16.335325541747615,-51.48749721367459,460.55558899203004,-9.070109588243781,0.022705326074192123,0.33374693699242525
283,24.541072255816076,25.110692187141535,-47.05500921619974,460.62209856259085,-16.65651019304062,0.15595293299877727,0.33406106953950776
284,19.29239975665486,57.5663826837371,-21.855976753649045,456.8216046004252,-36.67487139050638,0.6038667209602282,0.31611414822306705
285,19.449217483052465,50.7835870134981,-28.03201614250937,456.77923721410576,-33.86913107928066,0.5037138479993579,0.31591411578949835
286,21.76745594375081,41.64624375715525,-35.70325123360628,458.74462249421373,-28.771549236959004,0.3792583236772084,0.3251943098115172
287,17.18550973761585,72.71841921556141,-7.114274349396881,454.9617896842766,-40.13339643478377,0.9787044276845538,0.30733403528496994
288,17.838041693231368,66.00399483011279,-13.760439418455967,455.53939286054475,-39.129352542304076,0.7536056524822417,0.3100607071641003
289,16.514535216849325,71.43930406249628,-8.386772148700858,454.2820394705097,-40.054327104629465,0.9025566301397203,0.30412535741083924
290,22.451783354205904,41.06251843904682,-36.158705173978376,459.4037446300951,-28.361991597997527,0.3714469969133572,0.32830696266105547
291,22.676313921472712,36.002102325991686,-39.98180801346531,459.3855485345442,-25.037872415755295,0.3043888579162018,0.3282210303410006
292,23.663731777848767,33.584711832106535,-41.689207159135805,460.24318770831826,-23.257420283894213,0.27205537810021135,0.33227145608021347
293,23.593978206666833,30.463623017023316,-43.788042270112406,460.0038421456796,-20.95790566222209,0.23017089545748953,0.3311410499402542
294,19.89526354167719,62.10653293931018,-17.546676633158356,457.5261973177859,-38.063114990674414,0.6792265646405269,0.3194409174029035
295,19.207768275420825,63.478475384014544,-16.2225154838236,456.86397181219655,-38.46725526963888,0.7040195939210985,0.31631418065663575
296,24.15718698853024,32.38340128601795,-42.50668582332618,460.6719804580385,-22.343575847048015,0.25588863819221613,0.33429666894981974
297,23.823640007060323,39.900620350221935,-37.05562779337846,460.7218621113662,-27.526494782989708,0.3558243433856549,0.3345322683601318
298,28.093365205797724,10.789026806535976,-53.527189376798056,463.12799890919854,-3.6788563883984566,-0.07429511337377909,0.34589821421006334
299,33.62679949850095,7.54253618782441,-54.239044582658416,468.3373702884385,-0.006334320166416455,-0.1350483853451364,0.3705149011924225
300,25.283260703030237,27.57888483334743,-45.58132037568115,461.5128863991456,-18.57620719472023,0.1902432566450794,0.33826856155226187
301,17.888222072528173,73.13109577213042,-6.70502138999036,455.6665098184377,-40.1231432862376,1.0540642713648525,0.3106608044648064
302,21.895033455772417,63.50893968017522,-16.194399945962484,459.5549740775414,-38.30391080501157,0.7050003497596831,0.3290211600752754
303,20.53084446312587,66.02374226928312,-13.745022214470099,458.230741757127,-38.96555441414043,0.7545864083208258,0.3227676865827399
304,21.87944502399396,71.43419915336341,-8.401213624505242,459.63968580174355,-39.72555409476016,0.9053060956814236,0.32942122494241277
305,21.233504742433965,62.12496227614426,-17.53005238461117,458.87169983643804,-37.98192175501238,0.6797169425598193,0.3257944071122233
306,23.221949735278784,66.04650942204466,-13.7252355900597,460.92138630339605,-38.79945159115338,0.7555671641594104,0.33547466600137954
307,21.981329373420365,57.61965925372111,-21.807852918524528,459.51261795360847,-36.51608148883641,0.6048474767988126,0.3288211276417066
308,19.881419351032747,72.6911608097117,-7.148241143320359,457.65328972080295,-39.9672300648036,0.9796851835231379,0.32004101470360957
309,23.78345693671389,55.53447102642231,-23.740369397753753,461.26701961457655,-35.61735866148252,0.5728409155956837,0.3371072131871327
310,24.16353570572852,49.20615775733468,-29.40715334132944,461.4398319103601,-32.77758697454508,0.48147779131382046,0.3379234867800093
311,23.36883712328012,54.386625844874345,-24.791676616271495,460.8216246916478,-35.185023812886755,0.5556957537725327,0.3350034671807557
312,24.620603289359387,57.75741381827505,-21.67657487985499,462.1577515426512,-36.38803676280981,0.6071312392419859,0.3413147051998867
313,24.834014127834593,48.66149587880141,-29.875929579903627,462.09125191172603,-32.457414122336445,0.47388363231740077,0.3410005726528041
314,30.565875331406822,12.98814963820952,-52.64876107920233,465.7662410030062,-5.474470998921498,-0.038047945897165175,0.3583636239747843
315,21.22920254253006,72.67634567941812,-7.1640213224829274,458.9987756076985,-39.883160038341984,0.9801755614424301,0.32639450441292933
316,25.368946935074838,52.83436920010158,-26.194396652021737,462.7758783709284,-34.38635496128488,0.5329132767832736,0.3442347247991403
317,25.531519978576362,55.664659597716316,-23.618863557581694,463.0151593681335,-35.54824225388558,0.5747977594259956,0.34536513093909954
318,31.665854518354777,16.015647512962854,-51.40326449842073,467.101724730502,-8.130003051199296,0.013387539572287999,0.3646748619939153
319,30.2905676691526,16.870211357292668,-51.08449293333328,465.7994789759122,-9.038056500400073,0.028575857565127427,0.3585206902483256
320,25.988879611233642,54.58757319097554,-24.605040912142993,463.4438364437073,-35.086034249653345,0.5586310195180002,0.3473903438087059
321,26.18436886842366,47.57077090361848,-30.808027678868378,463.393968004975,-31.798621443733644,0.4586953143245615,0.34715474439839394
322,25.88268649229701,60.88723290775653,-18.715005279802334,463.493704640306,-37.32237922296697,0.6585667247114391,0.34762594321901785
323,26.68535166352867,52.94161558501234,-26.096726084748376,464.0868185106091,-34.33990146481867,0.5343809096560075,0.3504281631131154
324,31.244098383213874,22.358419777772106,-48.41220057036277,467.1515751632737,-13.73713135607619,0.11332324476572692,0.36491046140422734
325,29.733398729315482,25.66260792973383,-46.62913951685414,465.86595459889327,-16.63251462510278,0.16182346448971258,0.35883482279540824
326,26.400763013924518,55.730889195045926,-23.557295362733527,463.8891176931504,-35.51332803086863,0.5757761813411513,0.3494940898150829
327,27.23652011957647,57.94230912663192,-21.501952598435594,464.77962227425377,-36.27402987982501,0.6100665049874536,0.35370158182783695
328,27.43848479159297,48.89191650657739,-29.669026177459493,464.7131396171217,-32.38105083660864,0.47681889806286853,0.3533874492807544
329,30.087749135837406,31.147989288356893,-43.24406466496988,466.5586383216643,-20.909593768121184,0.2375090598211586,0.36210824151012977
330,29.350322807350338,32.92899030037647,-42.069079905707916,465.9158110336546,-22.297038561359287,0.26175916968315144,0.35907042220572016
331,29.73041295354588,34.215152695128126,-41.17728401902386,466.36098509584787,-23.196142530319133,0.2789043315063025,0.36117416821209725
332,29.037645682958434,40.413329812594576,-36.61840104249759,465.9656672262946,-27.438129176495682,0.3616948748765903,0.35930602161603215
333,30.488248272444032,36.80038557860315,-39.32237574015303,467.2512753024529,-24.939334169626125,0.31319465515260464,0.36538166022485125
334,31.995921544265812,20.766683417544765,-49.20273920974655,467.79432506183866,-12.300425770677952,0.08907313490373409,0.3679482807086369
335,23.27991556604389,73.06527700205767,-6.777846772423356,461.0484367342651,-39.786833714474234,1.0560257830420214,0.33607476330208563
336,23.924134974502884,72.64887438748818,-7.193178022297703,461.6892191187544,-39.7130454927586,0.9811563172810147,0.3391014838315691
337,24.541948379476416,70.56887141942677,-9.263191843516498,462.2907495130981,-39.45851769069991,0.8736264530911559,0.34194297029405196
338,28.076382690567023,49.54782416028144,-29.098923665384408,465.37266187716057,-32.659487831115584,0.4858806899320219,0.3565038017219345
339,25.2170775877702,71.9676818407278,-7.87265870474609,462.9753626769619,-39.57062928856092,0.932656097557029,0.3451771224403882
340,28.14391745315387,55.862832392458714,-23.4325467851412,465.6368112396613,-35.44277745680599,0.5777330251714632,0.3577520075670497
341,33.682859187084425,22.62367937559219,-48.203869323532146,469.60951508508384,-13.72204676229533,0.11588827616731107,0.37652841395485676
342,34.169501285503834,16.28293252394231,-51.194125448768155,469.62435158498073,-8.111146901939964,0.01602007180022974,0.3765985501379824
343,33.15724050572192,20.892803845916866,-49.10459938338882,468.9586128622218,-12.293410496942979,0.09028814977816874,0.37345152139051396
344,35.7177924675825,13.545346528233157,-52.21773911561994,470.94086484976583,-5.443121702041352,-0.0326478797885669,0.38282247144979364
345,26.53001561145409,71.97854951632216,-7.8616788374669255,464.2862773559536,-39.48815102978085,0.9341237304297627,0.35137056075436335
346,31.460626054669532,40.652239769214745,-36.408438586635754,468.42432230647955,-27.391534211177685,0.36434945395728097,0.3709260119860956
347,30.81337852045464,42.46356793132881,-34.99377171216614,467.84651364480817,-28.562096559655817,0.3887118384851846,0.36819494718484075
348,31.182245203552988,48.01842171324495,-30.400110378313475,468.4417174622904,-31.653717861035496,0.46422902181776454,0.37100823414483025
349,35.39428949277342,17.418363369448784,-50.65748460814766,470.9309751216753,-9.00251856591899,0.0339309231228207,0.38277571399437654
350,34.74578258265783,26.206175042700444,-46.19731762914627,470.91119563689426,-16.596275917888732,0.16708852894559584,0.38268219908354234
351,31.953741346478736,42.57295550143319,-34.8962185679752,469.01079552367565,-28.53506811039643,0.38992685335961924,0.3736981878667178
352,33.752128048916454,31.53597961785216,-42.92625338632283,470.24554042999796,-20.87027295183754,0.24135660692353483,0.37953517033607387
353,29.656934225735647,63.87480129770945,-15.837955738074767,467.32086370309236,-37.884501665473095,0.7127129265945384,0.3657105488597897
354,28.468424173499187,66.282066627718,-13.494377074595231,466.1650895755668,-38.50681871917038,0.7614376956503457,0.36024841925728
355,29.607231668184035,71.50909533690309,-8.32840369482004,467.3556577264399,-39.24149968757152,0.9124720623155054,0.365874993177259
356,33.7821482155735,34.636284688411614,-40.82403799904364,470.4575401145954,-23.140497147192722,0.2831793838422761,0.3805374224631463
357,32.77960285560143,37.034163516614,-39.122419467575476,469.5798420209464,-24.901503383197017,0.31562468490147383,0.37638814158860545
358,27.864982616723474,72.6364740079559,-7.205646837040273,465.621953607972,-39.46159361580531,0.9855592158992159,0.3576817987734944
359,27.166877306015458,70.62475018064893,-9.207810021875982,464.9125862971152,-39.297691963975545,0.8765617188366237,0.3543298469220022
360,34.29039393512785,33.44656697689192,-41.63939669044251,470.8963609982857,-22.235511690607645,0.2669567333126773,0.3826120629004167
361,33.88820607597964,40.888571418587226,-36.202176098895265,470.88152633822847,-27.33619540372948,0.3668249376797586,0.3825419267172911
362,30.259472879304916,62.566678516011116,-17.101657234913485,467.89870196241554,-37.504739415943725,0.6883505420666349,0.36844161366104466
363,29.75021081281305,58.116786698831845,-21.333168836220906,467.3034666471691,-36.16077295600138,0.6128333587340551,0.36562832670105516
364,38.49873290420381,11.933912783466848,-52.65278535686255,473.56349725373894,-3.635672471209135,-0.06340498005477252,0.39522355661799896
365,44.08892669835291,8.799600064319552,-53.273891367562705,478.8067143147144,-0.003306471666808052,-0.12491918058718376,0.42002572695440976
366,28.45908735529835,73.02415994625774,-6.81969235899334,466.2172864435928,-39.454963762410586,1.061076399231796,0.36049508573348393
367,30.79274640968054,66.38018785154051,-13.396355580407413,468.4939027527812,-38.37179644136762,0.7638677253992148,0.37125490062103417
368,31.979447793483345,63.993877034150884,-15.719277773756627,469.6494146308725,-37.75601267333532,0.7151429563434077,0.376717030223544
369,31.93932480526903,71.53792531348496,-8.297037764095295,469.68420075886456,-39.09162481190122,0.9149020920643747,0.3768814745410133
370,33.11944401653559,66.47772602343039,-13.296144557789745,470.8221874834488,-38.23474200176705,0.7662977551480841,0.38226138198478843
371,31.411539361698765,62.63118826791865,-17.03777829554765,469.06297791976544,-37.44264340723614,0.6895655569410695,0.3739448543429218
372,32.07427770794066,58.27437621885597,-21.181048988618656,469.63202152262767,-36.051673320813805,0.6152633884829242,0.3766348080648093
373,30.197964880527657,72.62872288635603,-7.212885573142673,467.9508900145495,-39.3097537255015,0.9879892456480852,0.3686882801372486
374,33.77064087366192,56.26975885277582,-23.040671224267847,471.28571627203064,-35.197100914803826,0.5836280973400161,0.3844529160606016
375,34.58558694902968,58.43753753583374,-21.020190200535428,472.15337984461456,-35.92861240416288,0.6177615991922061,0.3885554394797254
376,34.17335925103844,50.064140284776805,-28.6190603932615,471.51747280977,-32.45145333272,0.49229326843598226,0.3855486830985082
377,34.84764987812823,49.52646593724453,-29.081776470211004,472.1731569334903,-32.135096173212844,0.4846039933694309,0.3886489543905596
378,40.93349078506818,14.136979507359934,-51.745750920495645,476.17557414145466,-5.407420674163828,-0.027583277409590573,0.40757788433078723
379,31.364505852461214,72.62476587446889,-7.216028001521199,469.1151600503831,-39.23306370044579,0.98920426052252,0.3741915208191257
380,35.35958847409132,53.621156281913244,-25.45277220401619,472.81891122195316,-33.99832132804556,0.5434935212142671,0.3917024682271938
381,35.50932623553493,56.39023162653328,-22.92308943800373,473.03085771101877,-35.11582116784798,0.5853162981330082,0.3927047203542662
382,35.9712006213127,55.33405356864194,-23.891159965741785,473.4695684810863,-34.667598729031724,0.5690936476034094,0.3947793607915367
383,36.18039850911214,48.44815841265548,-30.001940958136647,473.48439939713137,-31.48385002243132,0.46922544323632803,0.39484949697466226
384,35.83119169264711,61.47863834886741,-18.131551048121903,473.4547375435818,-36.81115679474999,0.6689618519704907,0.39470922460841096
385,41.98631055098939,17.156068177275667,-50.492299562686114,477.47642120289646,-8.046470299452519,0.02361697536869417,0.4137316694594728
386,40.59664686261089,18.00089974683798,-50.1891614344733,476.1656894625929,-8.960978277255283,0.038995525501797024,0.40753112687537013
387,36.676829988913624,53.719238624941504,-25.35727953668135,474.1275994322692,-33.94234458239302,0.5447596718090111,0.3978913214474422
388,36.37477598002905,56.45027198886428,-22.86350599320252,473.903317043857,-35.07483134302096,0.5861603985295043,0.39683062250109846
389,37.19265374446892,58.605269050562825,-20.852460321767644,474.7707591054351,-35.797322307163384,0.6202939003816941,0.4009331459202222
390,37.450632999225675,49.742550808223825,-28.87636624994748,474.79053114508713,-32.0387928913894,0.487136294558919,0.4010266608310564
391,41.47849012020114,23.495137574397333,-47.49884363131896,477.46159606376324,-13.656684747954452,0.12348517973577555,0.4136615332763472
392,39.92893600931768,26.780008641612405,-45.72702817537886,476.1459200762678,-16.544368038737147,0.17215313132457216,0.407437611964536
393,33.12540599220126,72.99314792715812,-6.845514725821107,470.87436066541363,-39.14761149149121,1.0659364587295346,0.3825080484609924
394,33.6966738324407,72.61453687043141,-7.2213619501148045,471.44330378714005,-39.07814247684874,0.9916342902713888,0.3851980021828799
395,34.37705023235995,70.76409597870958,-9.06129347142956,472.11382555239425,-38.84051168967079,0.8840768108377564,0.3883684096580569
396,40.23963974111879,32.22866266017194,-42.342077348939775,476.7889530796898,-20.778327350247977,0.24768735989725515,0.410479436437316
397,39.47837624085607,33.9895105385403,-41.17369112280521,476.1310930114989,-22.15228913730509,0.2720213356916535,0.4073674757814103
398,39.840693838176186,35.266187222031775,-40.282625869437766,476.56472893603495,-23.03537529495423,0.2890880866177484,0.4094187374909722
399,39.104258868097986,41.39492737882704,-35.752714677832145,476.1162659252796,-27.20720401906655,0.3718895400587348,0.4072973395982847
400,40.58153357113697,37.82355563714444,-38.4332231249189,477.43194572114487,-24.744330685884723,0.32322158846993826,0.41352126091009594
401,42.254802279112965,21.913176690933764,-48.28299466400447,478.11937069045865,-12.221045878478128,0.09915120394137727,0.4167734939322528
402,38.084646042643335,50.383338448294325,-28.313751427159144,475.44353460053,-32.303609963022176,0.49609172022021447,0.4041152427592534
403,35.018104075912255,72.03865369725591,-7.792118951371894,472.759583577692,-38.937949420845754,0.9429663386825924,0.3914219234946912
404,38.115622382110345,56.57196642003193,-22.74276914810943,475.6480129362217,-34.99214448944655,0.5878485993224962,0.40508242679476303
405,39.19602411078445,49.89051222365659,-28.7361133503543,476.53507599729903,-31.973762643922008,0.48882449535191125,0.40927846512472094
406,38.582075438305665,55.524888103843516,-23.704849848239604,476.08661168848045,-34.54800460745183,0.5716259487928974,0.4071570672320334
407,39.28687288287363,53.92034215402731,-25.162377059182184,476.74447461295034,-33.82897454056254,0.5472919729984993,0.41026902788793906
408,36.32917708657518,72.04679549615192,-7.781386060289651,474.06827936184555,-38.85034685346945,0.9442324892773364,0.3976107767149396
409,44.99803199999305,23.83394467070707,-47.19528288496231,480.9857185700035,-13.566060825674139,0.125686175951495,0.43033664545593103
410,45.49252036258405,17.52807414793748,-50.16776206173154,480.9987050074756,-7.98116621024357,0.02612363744201146,0.4303981040776925
411,44.018583512048096,22.06608558833986,-48.139883273254675,479.8833041800792,-12.159521861996094,0.09994603619163916,0.4251197275834089
412,40.11887552585676,58.75998358294977,-20.69502786239879,477.6914809348478,-35.63534438241311,0.6225119893415274,0.4147491059813241
413,40.19747806905286,52.26658726858033,-26.639540168884828,477.6049699276617,-33.02599171850933,0.5227485223843311,0.4143398242909147
414,37.63140441218419,72.59713380749807,-7.229232199227734,475.36939397979125,-38.81199740301049,0.9954327420556213,0.4037645618436252
415,43.052057734171925,43.51992673009463,-34.027096423467924,480.14277727134464,-28.1670510240579,0.3992364370632285,0.4263475726546371
416,42.22879620402239,41.63175647000607,-35.52855745665709,479.2392464925738,-27.082245286231604,0.3738981541987984,0.4220721354064567
417,42.032082639501,48.87214033891725,-29.594193301615192,479.32574369477817,-31.23108105333033,0.4736616211559948,0.42248141709686604
418,47.95436347836738,14.93867763343619,-51.0655765502836,483.21615844712665,-5.323416869609629,-0.021958621547760293,0.4408933984444982
419,40.99586413286728,63.075892264009674,-16.580541019165867,478.6383997028952,-36.88698350955502,0.6977320056845557,0.4192291840747091
420,40.11405104147789,64.34934697588955,-15.35148282304723,477.77799121131443,-37.27491456911561,0.7222754562987239,0.41515838767173346
421,40.22233518301363,71.605238869933,-8.20878427250424,477.9510095720797,-38.53894143127204,0.9218023902131167,0.41597695105255217
422,38.57945311225421,72.95669124145638,-6.867985575084356,476.31652741797603,-38.77787849685322,1.0706527583986496,0.4082446399370102
423,41.89709886983115,66.745959883963,-13.007010413809274,479.58523091709174,-37.678440205293604,0.7729520220275838,0.4237092621680942
424,43.652376579596186,58.88619658530598,-20.55922038182561,481.219191453022,-35.41353692308395,0.6241016538420512,0.4314415732836362
425,43.0934459110262,55.73001364049538,-23.49349665193244,480.5880811130958,-34.2847329569675,0.5739549762800324,0.4284548545547128
426,42.75559499596726,63.12272608885626,-16.52721332309141,480.4022437861913,-36.77107564867954,0.6985268379348175,0.42757541772586516
427,41.16728614975506,72.57370479564725,-7.242422389873115,478.89790434441835,-38.56688734149826,0.997022406556145,0.42045702914593713
428,44.2289405880735,61.809103292580616,-17.783267708573657,481.8502628801259,-36.296240535553835,0.6742483314040699,0.43442829201255956
429,44.58679251157625,54.15685614393418,-24.916856026703087,482.0360739175849,-33.515696415091085,0.5496764697492849,0.4353077288414071
430,45.64842679546389,55.859721929686906,-23.358123505845032,483.13825645753315,-34.13708183629422,0.5754166095091406,0.4405246467139292
431,45.06573081647445,50.21949910478394,-28.40395750364535,482.4121377164445,-31.658567449491244,0.4918814906629146,0.43708767388008885
432,52.545283966634734,13.629391234891802,-51.24487025028544,487.6409718310105,-3.5314659770460888,-0.051748113854314826,0.4618430147636022
433,60.9284317345555,11.397730589310823,-51.27106235820912,495.69496186179674,-0.3147049064514933,-0.10600577665952333,0.49999999999998135
434,60.949612845498976,11.069821574541614,-51.36304562347157,495.6946190599868,0.0005963985968908414,-0.11193468384873548,0.49999999999998135
435,48.17811767639053,45.75070707779763,-32.15688923169537,485.3682271719954,-29.014267060797337,0.4277718120098855,0.45108139970249655
436,48.51688653648693,38.49232498826773,-37.8081204057655,485.3812080479174,-24.45031498196466,0.3282092735004019,0.45114285832425804
437,47.1505393559917,43.85365263128954,-33.71021992727739,484.2662848737596,-27.99916397872377,0.4020316722500295,0.4458644818299744
438,45.649643317000276,72.91042848694421,-6.8913561433293875,483.37168023536555,-38.28098287839172,1.0738320873996972,0.4416295745416344
439,46.468757027199146,72.54457869892602,-7.252295975036346,484.1883908804722,-38.190643934586795,0.9994069033069306,0.44549573009940535
440,46.862050831043746,70.43954665145283,-9.343334539156732,484.57303017443485,-37.929922107345455,0.8752368985475714,0.44731664755259476
441,47.99603790276179,67.92982195598154,-11.818513493143929,485.6879199121025,-37.46038434955846,0.8014144997979435,0.4525950240468784
442,47.77779509421684,59.1018124211905,-20.335944852624536,485.34226537072516,-35.16931931634476,0.6268968890288524,0.4509584824589735
443,47.13851978949669,67.5696501158531,-12.176780943679123,484.8294483349211,-37.45770218489402,0.7924568953746649,0.44853059252138766
444,48.684872580783725,62.91822205394591,-16.698511737199993,486.3159037086323,-36.272817479473495,0.6940270303751614,0.4555684278470992
445,56.776340201582265,16.051964099976082,-50.10348842049628,492.0552224524969,-5.246985837470559,-0.015162580487880384,0.48275165866819836
446,60.8667611130497,12.048728347381829,-51.06501558204198,495.6951323376213,-0.9348038045868554,-0.09418268093230277,0.49999999999998135
447,49.152091981458426,64.64176600001352,-15.029078408555916,486.80268811381285,-36.681870413977556,0.727592101048316,0.457873400541162
448,51.1375857650185,63.034412790419495,-16.569926223795775,488.7712216056301,-36.11717132491612,0.6959148195584612,0.4671957223536825
449,52.197628606763196,59.36060158798602,-20.061485075756977,489.76183384468004,-34.909917891140005,0.6302949095587924,0.47188761257082357
450,51.20923994873206,54.618392135691145,-24.450444594832774,488.66685338708817,-33.173904835847615,0.5547735005441947,0.46670142400918213
451,58.719379915258585,19.159542937134724,-48.750874746594846,494.2573094319862,-7.840854828013027,0.03631769903183141,0.49318549441324266
452,60.66612821609186,14.006662582936125,-50.379343047703735,495.69521713523636,-2.7789898998244,-0.05898871748669354,0.49999999999998135
453,51.68486709846817,68.04047895993509,-11.688952468129745,489.3709018230522,-37.20665892293766,0.8042461835728936,0.47003596580675344
454,50.617001975991386,64.7035513929452,-14.959475791273317,488.27587947545186,-36.58559614797042,0.7287247745582959,0.464849777245112
455,52.54973943086671,67.73959163786108,-11.979364058156962,490.2311545661602,-37.08737355331691,0.7966100315779248,0.47411064043587103
456,59.441946282597364,23.916359027469024,-46.52515571946069,495.3516907374686,-11.958292073337603,0.11183910804642899,0.4983716829748841
457,58.21243687406165,25.406157366253353,-45.82271050009932,494.24433982742045,-13.377547947482643,0.1358802375413149,0.4931240357914812
458,52.767685533973065,70.54342091380084,-9.209371211989188,490.46580684291973,-37.51065885282414,0.879767592587491,0.4752221543683948
459,55.63803304784946,54.934584825835636,-24.120964588841932,493.0849845819196,-32.93951520440743,0.5581715210741347,0.48763055412103223
460,55.382072259513464,51.033042124230384,-27.59103035116494,492.7244466993486,-31.178020315109457,0.4998102052327745,0.4859223108077389
461,54.48331663128496,56.44724854110096,-22.749269181989156,491.9773877944815,-33.65586669602825,0.5822126505690206,0.4823829069376293
462,53.11471666675755,72.52573326170177,-7.237282020767852,490.81777515308323,-37.70534133257961,1.0045039341018407,0.4768894252671804
463,56.37298982946797,59.59936142055012,-19.802482752011137,493.91899540568437,-34.65633238170459,0.6333010907046497,0.49158236284690077
464,55.661166607916186,62.36815297042552,-17.17699058565703,493.2631866518792,-35.57887514654546,0.6826466363324288,0.48847490512930264
465,58.65397417498005,43.67192209385541,-33.665558022711615,495.6952622624127,-26.80883887975207,0.3933991532658581,0.49999999999998135
466,57.95094924204556,44.83726958440496,-32.75209049663388,495.052318812042,-27.586315796993297,0.41013488419079697,0.4969529272738267
467,58.42822628644208,48.9239641260649,-29.3401600706583,495.6952654053985,-29.79074779712663,0.46806412075792525,0.49999999999998135
468,53.95059424750435,72.88008853476975,-6.879975964599925,491.6519711380078,-37.6749247568159,1.0796335037323557,0.48084123399304896
469,55.92707418702781,71.70499223715501,-8.037416143851457,493.61958146201755,-37.41388736823805,0.9315968668490175,0.4901636071458434
470,57.13606222663972,63.73736161633177,-15.85100176687913,494.7529381061127,-35.837908733406486,0.7084306603351647,0.4955341715727693
471,57.09359871059737,56.61152913972625,-22.574421770557088,494.5747620369548,-33.50371151293269,0.5839555450768703,0.4946898205644989
472,57.926796139963095,67.23018507233337,-12.45020373191974,495.58681268320515,-36.57785770550765,0.7835602299656794,0.4994859802986378
473,58.03095765803523,67.5244483710072,-12.159794406164192,495.6952631335434,-36.61439239496425,0.7933324840453757,0.49999999999998135
474,58.04356751440762,66.85497185730969,-12.81566521137772,495.6952667687133,-36.48245660174338,0.7753977431577072,0.49999999999998135
475,7.215559914223518,23.217402257349484,-48.36621199768401,443.2279516989474,-16.534012384988586,0.1316198628195922,0.2519756085922264
476,6.747358789289871,23.959765780435813,-47.94414433000154,442.80894602398524,-17.179477681506736,0.14219951828949393,0.24999999999996914
477,6.6276387128265295,25.96910566975945,-46.74533003922721,442.8089448031066,-18.794802662363868,0.170203134940703,0.24999999999996914
478,6.980661747324017,28.335913386166332,-45.307002584556244,443.3094618670169,-20.641167696278345,0.20294110038127366,0.25235994350283947
479,8.35588389351562,17.992505969460275,-51.08140377868435,444.0116880188324,-11.996671943202916,0.05344744376151189,0.25567119030381774
480,6.296198730246984,31.698280800256914,-43.05825685270241,442.8089456813861,-23.184544391611983,0.2479675003362486,0.24999999999996914
481,5.001396304982397,75.70207679352524,-4.105303723172105,442.80869145676706,-40.98135859691738,1.5313175177857379,0.24999999999996914
482,5.00701855134132,75.02407047472892,-4.780950965593492,442.80884918036264,-40.947330947192356,1.4088639509858811,0.24999999999996914
483,6.193450502435054,34.77194230509795,-40.94991318933846,442.8775328931087,-25.420350207366752,0.2889004675252685,0.25032335632819125
484,6.138266524488655,34.52228873547408,-41.12737255203237,442.80895139295654,-25.24953554581385,0.2856048660451506,0.24999999999996914
485,6.070231193873669,35.809774927219166,-40.16236072067573,442.80895109151913,-26.103604561183776,0.3025485478441385,0.24999999999996914
486,6.245025744460419,36.392625573932776,-39.76891107275057,443.00940843679,-26.52232074836625,0.31021643375247926,0.2509451533120078
487,5.9583846574807415,38.141553645112204,-38.425259357196175,442.8089487680569,-27.66051961752357,0.33319953959269255,0.24999999999996914
488,5.85157763913344,40.57929710303866,-36.56941132872273,442.80894412111815,-29.242034880890102,0.36519531951152023,0.24999999999996914
489,6.359331449276925,39.63876964698843,-37.31003624157062,443.2731544644803,-28.626713945078045,0.3528483662069009,0.25218874727964086
490,6.652713027467071,33.93765519454059,-41.54657388340583,443.29130818172564,-24.80395869328588,0.27789473329408737,0.25227434539124016
491,7.023606561354974,31.59192457238678,-43.1719975564616,443.5399798442725,-23.09044474352119,0.24678383128607267,0.25344689312973506
492,7.052348513917298,33.241308908206584,-42.036256947220956,443.6552369002472,-24.282012382246123,0.2687051967384722,0.25399036794318286
493,9.14298347971359,22.119247708515296,-48.95822609728725,445.07911936670644,-15.466939629281452,0.11567137836083957,0.260704941901155
494,10.406052077286716,19.352944718237946,-50.389141726457915,446.15406122303096,-13.0090221395829,0.07432875561320812,0.2657746381031838
495,6.982377389984063,36.80074909430154,-39.46747886146728,443.7644417134837,-26.743499368800883,0.31561110649514307,0.2545053100527643
496,7.296126582309213,35.38336685854624,-40.508837189941126,444.0100765594222,-25.762595685445852,0.29699247663926415,0.25566359143932593
497,5.990238285502334,45.571102606570484,-32.513682821252594,443.1553361919912,-32.13128513318525,0.4314343944708468,0.2516332161458292
498,5.732164663044042,43.49455330751561,-34.21013059973209,442.8089461970025,-30.956263083033843,0.40382347317854517,0.24999999999996914
499,5.650475955967699,45.378422055887405,-32.673916064086036,442.80894558758274,-32.0481906255742,0.4288133293073353,0.24999999999996914
500,11.538377377872658,12.238514488169795,-53.52772289833504,446.7669909016206,-6.557814706071546,-0.04291958122127609,0.2686656053888575
501,11.108650872425397,20.497489563186,-49.79655169951609,446.92244441910697,-13.937685521633028,0.09161030128281877,0.26939885066237573
502,7.589010471097863,35.68146836767518,-40.291277943581626,444.31609095407947,-25.946151091752114,0.3009367941869016,0.25710662880349605
503,6.2121751330571415,46.13116948125402,-32.043493796054086,443.39997173451627,-32.41751090587504,0.4389749246436883,0.25278671715325757
504,8.367437897862644,31.201103607436963,-43.43403974236544,444.85035098389466,-22.70238578412156,0.24156048803012903,0.2596260808950773
505,8.172267598287569,36.28092365952746,-39.8526102564451,444.9280924925183,-26.310305633191984,0.30882542928217643,0.2599927035318364
506,11.89139953675324,12.74361757463953,-53.323909286429064,447.15116680942265,-6.994849066836116,-0.03427880838647074,0.27047771166845347
507,12.540011661888265,12.01999319076242,-53.58820925739643,447.74553779624785,-6.272591637426081,-0.04678237609655711,0.2732814131103467
508,12.066349726082295,14.709378186543152,-52.516454005503235,447.47118064351514,-8.769077445074727,-0.0006514836367651489,0.2719872256276897
509,9.973812519144065,28.770344186123978,-45.01641965880228,446.30952398744495,-20.7510739250291,0.20885863811730299,0.26650788337670206
510,12.815467368153378,12.781113964070386,-53.28988209344108,448.07711965652715,-6.948444773960623,-0.033812358386402536,0.274845584881162
511,9.422133789740437,33.1467112201004,-42.09899915158992,446.00305009994804,-24.041544100081634,0.2674828065345451,0.26506239973386514
512,10.322923039454121,29.409352754547683,-44.6046633112964,446.6937169514862,-21.21297340618149,0.21749941095210829,0.268319989656298
513,7.57369954092834,49.3106038408958,-29.314552380924752,444.87923453332024,-33.94956830832467,0.4824380907310993,0.2597622930434634
514,7.4251667739263585,50.71903996072501,-28.075159102967863,444.777063405511,-34.62673957374163,0.5019794802035131,0.2592804651625178
515,10.690440244044268,27.97149576247855,-45.51708096522934,446.98331155873035,-20.077749123468905,0.19795459089548223,0.2696859526311481
516,11.434965015029633,25.150114821200194,-47.22304759405566,447.5624763556095,-17.780110215393947,0.15886495078223,0.2724178785808482
517,10.501234760735315,31.915995037991184,-42.94223145547259,447.0137449937117,-23.071336778298363,0.25112673570181393,0.26982950361553426
518,7.791233225079283,51.33096777292771,-27.532531535567504,445.161313500434,-34.884568573696015,0.5106202530383188,0.26109257144211373
519,7.726926401504146,55.962603924191455,-23.323773872249927,445.2390526637486,-36.8161512158548,0.577885194290366,0.26145919407887286
520,8.157983762793329,51.93852184339076,-26.990731578265155,445.54554927112366,-35.13468320510353,0.5192610258731238,0.26290467772170967
521,8.839419411101124,46.750747281042216,-31.525071055906714,446.04511650959904,-32.575250542724014,0.4476069774181312,0.26526080334777996
522,10.569625672752313,34.94576932422271,-40.822149523650765,447.23723574804006,-25.22481217388481,0.2912690004703949,0.2708836965831538
523,9.589935652986265,38.905545303169774,-37.877913082915796,446.46498440656245,-27.937876041913114,0.34338852062139785,0.26724112865022026
524,11.057439012670892,32.975661148062144,-42.212392333018705,447.6233397142373,-23.798334241393853,0.2652092403948934,0.27270498054962056
525,12.175418258206701,26.785557537539617,-46.23814345851346,448.3930852166512,-19.031631141893385,0.1815941339487459,0.2763361366954781
526,11.795459472283017,30.052069175908326,-44.17850970145618,448.2024685328563,-21.587474012110818,0.2261196002816412,0.2754369064993207
527,9.54342981755211,45.93775511105745,-32.21373302154857,446.7189213695573,-32.097122630710544,0.4367029301963105,0.268438872602226
528,9.315766186637557,46.90412708205501,-31.39505681954828,446.5258542485343,-32.62481365169611,0.44973281023406125,0.2675282306189926
529,11.428049006676883,33.68489786365341,-41.716130024420586,448.0297161567282,-24.27698988547965,0.27459757685694647,0.2746219651723448
530,12.542592168467898,27.614151684685318,-45.72632287324623,448.80836453285315,-19.654437745656555,0.19295872553200383,0.278295265752793
531,9.54505454462755,49.36142345432164,-29.27507164902345,446.845887504326,-33.84867032284476,0.4833601349837669,0.2690377445782288
532,12.729547915839422,28.246847474006227,-45.329481768302166,449.0293974851929,-20.133477677516204,0.20160540400544025,0.2793380469333366
533,7.70992297688655,64.05115234411224,-15.632246121831876,445.39452923138,-39.30436254488376,0.7124150767944608,0.2621924393523911
534,7.783485598416323,69.95443188218775,-9.833022512370109,445.55000345366955,-40.389860856047335,0.8469449592985558,0.2629256846259093
535,5.436922566769505,73.22200771110765,-6.580350616831277,443.2350142964358,-40.85227993616716,1.0306060318709445,0.25200890987083624
536,5.011127166372173,73.1061046603931,-6.6941978858061955,442.8089106575815,-40.86696384652016,1.0160127374428731,0.24999999999996914
537,8.086681636903842,64.4994923776504,-15.198063731007316,445.778756307896,-39.38712375947449,0.7210558496292663,0.26400454563198705
538,8.395920728812262,63.457298279117765,-16.211474835655153,446.0683766290668,-39.120113094857395,0.7015110295726401,0.26537050860683714
539,14.500256454284601,21.854420506402253,-49.03659395988111,450.37997763659484,-14.811359452420037,0.11132305486635624,0.2857102507828901
540,14.822313935473037,26.617967036344876,-46.31606201923806,450.9844313808254,-18.689248159288137,0.17900998601731932,0.28856240889322854
541,14.721575133293191,20.739313459006553,-49.62099659844819,450.51974413395766,-13.846208939183859,0.09477294623774751,0.28636973408880795
542,9.904257597887245,55.73668243917891,-23.538373731668848,447.39954236247644,-36.59825309630687,0.5748537727708305,0.27164930183321334
543,10.2121185566103,62.833054972447705,-16.820741493734264,447.86678955320735,-38.8551267839037,0.690586398845547,0.27385338842470985
544,6.628822208425603,73.07205001075474,-6.731079855895179,444.4241737367118,-40.77483339186796,1.0055988964507718,0.25761631275462266
545,15.512426658287826,19.698409729364325,-50.13761654952528,451.2412471405797,-12.886247068584286,0.07896608592740284,0.2897742630617309
546,15.190633193231264,27.87731952706185,-45.54033770266539,451.4263991356496,-19.651982639132704,0.19630334296419205,0.29064797125431563
547,10.297185982163814,56.35372682775479,-22.967001479378535,447.80592763280885,-36.80711546070398,0.5842421092328836,0.2735662864559375
548,11.239207928539184,50.590103077213676,-28.19715679002741,448.5756594923082,-34.32546582706928,0.5006270027867361,0.2771974426017951
549,14.041183606238032,32.75026513733719,-42.35209423950842,450.57649533616626,-23.413674451594808,0.26213215331949496,0.28663751519714153
550,10.68901487288689,56.96441702765776,-22.39989049048339,448.21229687285364,-37.006676022612865,0.5936304456949366,0.2754832710786617
551,11.47451363411539,58.16249818866587,-21.280058632734335,449.0249872620799,-37.378574099613246,0.6124071186190427,0.27931724032411015
552,14.410058294489907,31.107781420218704,-43.46227784557163,450.8598043982514,-22.180381128352916,0.240189216534394,0.2879743338828662
553,15.28719814996025,34.142738914503795,-41.372611342872965,451.89104546182114,-24.314634168324183,0.28054038274376397,0.2928406460587362
554,7.332818155249011,73.26955456011957,-6.535649865611568,445.12852357756503,-40.74980243063794,1.0478669940352827,0.2609379329934548
555,11.6291704486802,51.39639713942865,-27.482772198054292,448.9909314477217,-34.6716090591136,0.511991594369994,0.27915657165911
556,14.227065043186666,33.40246721424154,-41.89919646369847,450.79749034124745,-23.86811838232134,0.27077883179293144,0.2876802963776851
557,11.760428734325924,51.66300104419729,-27.244948196534274,449.12935171221966,-34.784004598226325,0.5157797915644133,0.27980961467821497
558,12.02120927211655,52.19463393995023,-26.769913127993433,449.4061866602558,-35.00430601969941,0.5233561859532518,0.28111570071642494
559,12.378559378211872,45.184526218779816,-32.84861930399572,449.5105472476133,-31.497092514816714,0.42672885889862283,0.2816080750705298
560,16.13836535502778,22.590664046648733,-48.61428530900572,452.0552695118877,-15.29469434647536,0.12182785413545277,0.29361564613094615
561,9.586940352569997,68.1871652158423,-11.586562000485971,447.328218558341,-40.02725861514245,0.8005722320339079,0.2713128637875246
562,9.292293388551057,70.21429940731771,-9.579787553709362,447.05892250288963,-40.33695115084427,0.8555651486280886,0.270042601468932
563,8.722024572440635,72.46114587034502,-7.3443381183476095,446.5101643218028,-40.60879292912948,0.9478269335476726,0.26745422650361805
564,12.686408132082995,48.48733451607121,-30.0407474778322,449.9371324296048,-33.213528635749434,0.4715652918982301,0.2836207603495114
565,12.63784372860745,45.745854357063656,-32.37791392915977,449.78737194912145,-31.787486991042133,0.4343052532874612,0.28291416110873974
566,12.80735979425982,53.766852950333686,-25.35159071742996,450.23664685668547,-35.629156245365046,0.5460853691197678,0.2850339588310548
567,13.022122861677987,46.586612398403474,-31.669184008292696,450.20259504898405,-32.21212140637613,0.4456698448707194,0.28487329016605467
568,13.44704776118268,43.81452299061008,-33.980715843564,450.5170724175624,-30.654310880331078,0.40843210045634964,0.28635712760436993
569,16.18780292998483,25.54838275100466,-46.93784359829078,452.2875811038577,-17.721434594769054,0.16394637402523876,0.2947119835331565
570,16.277382687807986,31.718436494628126,-43.03992301690739,452.75218855834663,-22.486768952643622,0.24818341380481063,0.296904658337577
571,14.04139347682826,40.6004656387794,-36.55674499876825,450.97508380662987,-28.693792126976188,0.36580152788548775,0.28851830042249205
572,13.219368443008717,47.223495976020025,-31.127874874867032,450.423598079181,-32.53292279025032,0.4543165233441557,0.28591607134659824
573,16.687338289030773,24.405121009501237,-47.59364188417458,452.71814507045065,-16.751131665575127,0.1477678895557621,0.29674398967257687
574,17.11635338157297,17.685157149204564,-51.08338944142119,452.6841014699615,-10.992447803366762,0.047352365306713495,0.29658332100757673
575,9.898837771890234,70.64327143537025,-9.155670136615925,447.6685145504497,-40.354616321361654,0.8696476533211681,0.2729180784030183
576,14.414312632374116,41.3775436236664,-35.94321477259336,451.3783304537194,-29.145457033173052,0.3760751315173962,0.29042113988321083
577,17.187054974265266,23.278430729799645,-48.22007023598511,453.14869102536954,-15.78014859363095,0.13158940508628536,0.2987759958119973
578,16.878436411092924,26.02042894602798,-46.64903021630974,453.01652523368773,-18.044660379565258,0.1704540746591271,0.2981522166538572
579,17.26909431214046,29.324182833404155,-44.60317577259753,453.6132596081758,-20.60642123361782,0.21582644486585717,0.30096867061641785
580,14.365452728294454,43.58762529442609,-34.16605147122245,451.424618148322,-30.459641363679154,0.4054094457765936,0.290639566931357
581,14.752963147951235,41.09307308869153,-36.167416599822666,451.7041208846459,-28.947375468835364,0.37230922851937615,0.2919585335431928
582,12.274657098111097,59.57111129825013,-19.951868648092884,449.85547819809204,-37.791883601236265,0.6351363017855587,0.28323549843874
583,18.05798682673158,20.690283828297183,-49.58589257071367,453.86244539621765,-13.523268759743704,0.09346798383170768,0.3021448206371424
584,15.709108042801851,37.580244981420044,-38.86756893569301,452.4878450937019,-26.635554514146556,0.3259127529504941,0.29565710002129686
585,12.851975448361905,58.55342262475076,-20.916657038674323,450.406683067714,-37.42518807203648,0.618793504268091,0.285836258728084
586,12.674430327213443,60.2575586417313,-19.301269449475118,450.2706985517788,-37.98006160946658,0.6465008933688163,0.28519462749605495
587,11.09882464011261,69.82370156880927,-9.973749638076432,448.85716254142477,-40.18172744934467,0.8446405179009955,0.27852548128680477
588,15.041824747982817,43.02266650252241,-34.62508078391907,452.07618577008895,-30.083409408734028,0.3978776397805533,0.293714354251321
589,15.432216540955173,40.52611184123884,-36.61268939748209,452.3556708153904,-28.54727010982187,0.36477742252333584,0.29503332086315676
590,12.885961135622814,60.77110585367129,-18.81167242619088,450.4917001202748,-38.12136802067397,0.6551475718422526,0.2862374086765985
591,15.920255561589068,39.302377481794416,-37.56067135902548,452.78623193364905,-27.739742419942484,0.34859893805385916,0.29706532700257715
592,18.54448331318789,22.25797272891664,-48.75383760851123,454.45156676300104,-14.811170558841233,0.11652579309420474,0.30492557045192525
593,16.405227454644912,38.07581201737517,-38.49142447232501,453.21677504023353,-26.91036132360869,0.3324204535843825,0.29909733314199755
594,17.381934761585153,35.62761829330003,-40.295069938842836,454.0778072183802,-25.19135971494796,0.30006348464542903,0.3031613454208384
595,16.499819756856446,41.26700075077658,-36.02733459889736,453.4490604164507,-28.927505406338366,0.37453897347416837,0.30019367054420787
596,18.32707753158156,30.05349333394869,-44.12030784166837,454.7065156021448,-21.079812361008706,0.2255879958166897,0.3061290202974689
597,18.791634745532182,23.054487436466722,-48.316631055401864,454.7461147973066,-15.458029503182143,0.12805469772545325,0.30631594535931667
598,18.143071412810293,32.33135193252643,-42.608691932681396,454.64422483117437,-22.791190724274294,0.25617761107522713,0.30583498279228777
599,17.76249840032185,36.939646905178286,-39.33235988714281,454.5196421577994,-26.054994451550776,0.3173568415923019,0.30524690778192554
600,16.63552401124248,43.59765864599505,-34.1561073594469,453.67755828681334,-30.30531733464743,0.40550021289183785,0.30127215587252915
601,18.51085873033255,30.69695068445666,-43.698075299303824,454.9274219441853,-21.550543015292025,0.23423467429012607,0.3071718014780125
602,18.635060191471617,31.12674702728325,-43.41271413130907,455.0746902036527,-21.862636182005318,0.23999912660575046,0.3078669889317082
603,17.33528632380135,40.29130050352615,-36.78890657110419,454.24399793303127,-28.262974261004686,0.36161433932163584,0.3039457932439786
604,17.13020759928055,41.96247678347439,-35.47285526403838,454.1061730513711,-29.30492130946967,0.3837430881863029,0.30329523597500513
605,14.156421333263786,63.68616259510507,-16.00957945679589,451.8176099196933,-38.832610787796916,0.7070276426828712,0.29249409575985985
606,14.329320292604393,68.74061783253089,-11.056936491566466,452.07262402000515,-39.83534494491711,0.8160898454053562,0.29369754560540356
607,21.95423944060401,13.617618978996013,-52.71587910489785,457.237979264852,-6.9031140243211,-0.022106197373743336,0.31808005413649115
608,14.527915510020833,62.640000818614695,-17.020703803042842,452.17453945103495,-38.543513327025536,0.6879669320555823,0.29417850817243246
609,17.322328137935425,42.61452673619368,-34.95047533348383,454.3270922837432,-29.68042037999968,0.3923897666597393,0.3043380171555487
610,22.325304171139003,12.919591415087854,-52.97444942916863,457.5607485777014,-6.228642539206972,-0.03424006072585087,0.31960405874105646
611,17.396412779877487,44.71672510151138,-33.23498959475219,454.48193307500486,-30.88913798119289,0.4204687799195966,0.3050689087570222
612,17.63857684652939,42.960345375272965,-34.67009156504523,454.6556258108923,-29.862531312262707,0.3969918240158065,0.30588879987094736
613,17.93196357674329,41.83075865316659,-35.57433287121401,454.904841616191,-29.16767918195319,0.3819757345058869,0.3070652107486649
614,22.508510381987936,15.11667865212327,-52.08609243372516,457.9130256483568,-8.216241641374356,0.003439861114298559,0.3212674433309747
615,20.11978176821499,29.006236958562813,-44.771212725791734,456.4452742175055,-20.131080674173536,0.21108182006330717,0.31433737918765065
616,22.99877776701038,12.953674967377296,-52.940091438295354,458.2335195872385,-6.194925003482803,-0.03399487176620475,0.32278080359571637
617,20.738498910941907,25.424135853699116,-46.94024171491318,456.86432095546604,-17.242003890758717,0.16143149417748093,0.3163158291054043
618,18.03200855541095,44.255444351026306,-33.612858037074126,455.0974359370004,-30.58422136541354,0.41428518096267947,0.30797436223203445
619,20.372769623986002,28.418932055944424,-45.1386648682441,456.6604714726422,-19.65362061560946,0.2029925778285689,0.3153533822573608
620,15.221070147609382,65.8700545616708,-13.88332930569948,452.9224043088356,-39.26264928656639,0.7502610350500531,0.29770800166257766
621,15.200896379391247,69.9697639956701,-9.842664227502334,452.95644712109765,-39.95830424318364,0.8506765592991017,0.2978686703275778
622,16.077254196701915,68.80455995192312,-10.999039031078937,453.81750108094604,-39.74002703932804,0.8183195903601483,0.30193268260641865
623,20.74015164795575,27.538152190717184,-45.67687783245173,456.98325891237494,-18.93409232497763,0.19085871447646136,0.3168773868619261
624,23.274462488769174,13.709596383906126,-52.63774990966995,458.56765171424564,-6.862082980373971,-0.021136000398841476,0.32435861310049924
625,15.982758881845076,62.729647108722155,-16.93807875473774,453.6286098143114,-38.47730224981601,0.6898250528512424,0.30104112233994496
626,21.1222827006413,26.647410961043345,-46.21042725516452,457.3143731551283,-18.195537977483568,0.17846219983617556,0.31844075523506
627,21.89055633197674,24.89226713241737,-47.22718338721797,457.97656965551784,-16.711850264326543,0.15366917055560414,0.3215674919813277
628,19.04327401990472,41.309448231901904,-35.98309597524877,455.9922882574291,-28.768982323386496,0.3750013647485447,0.3121987823188826
629,20.935384662972293,30.301813217409165,-43.92773393583045,457.3355557677464,-21.056549389345257,0.22853863631661087,0.31854077145184434
630,19.303370047807263,42.178528080113324,-35.29140315857101,456.28679217918244,-29.277833580668894,0.38653026937979323,0.313589157226274
631,16.33111722491991,63.812021027527194,-15.892414188382787,453.9987140617565,-38.729672999782835,0.7098148238763615,0.3027880170111287
632,14.563996483588127,72.72438912981072,-7.101718869845157,452.3446542064453,-40.29054251622757,0.9753598102523653,0.2949813297834474
633,20.75377829550868,34.03728786637714,-41.401862981944106,457.3567383367319,-23.817353858875215,0.27861507279704595,0.31864078766862863
634,19.348390759649064,45.09989698444754,-32.91099174127112,456.45094314409994,-30.96525243992125,0.42559146225298145,0.3143641434140154
635,21.135429305882337,33.111558018018556,-42.04267736811709,457.68784055361624,-23.122371717505246,0.26621855815676027,0.32020415604176256
636,19.6999489129244,43.45889721303122,-34.25865468329228,456.7368696532441,-30.005612194332986,0.4035609750384877,0.31571408335592965
637,16.832384046072207,64.56963940524655,-15.15771711587538,454.5122992974389,-38.87853551986654,0.7244117667449883,0.30521224706211925
638,19.939886055809275,42.8385309988136,-34.75801946312273,456.9576189553,-29.62499159991619,0.39529663194496384,0.31675632893801886
639,17.787960341133143,58.91287694599029,-20.589864765429233,455.3505332050144,-37.23201095226878,0.6251111149733357,0.30916914689762665
640,21.507433823583735,32.18565522127483,-42.668716883275096,458.0189321087948,-22.418612018603845,0.25382204351647447,0.3217675244148964
641,21.14409315112095,35.31260378426897,-40.49377071936906,457.8123266720981,-24.682437534816923,0.29547067759695506,0.32079195631066343
642,17.684074776184104,61.093348480917605,-18.517363544163704,455.29013716894525,-37.91635717202129,0.6612793704679314,0.3088840354293899
643,18.165716298988222,58.06567275155036,-21.38732257516915,455.70923097123284,-36.922219328538375,0.6116290445821051,0.31086248534714367
644,17.908886564770846,60.615342720941996,-18.974165564781767,455.5053585932614,-37.76065490847255,0.6531901282331931,0.3099000384991002
645,22.6551424477125,27.326005748035826,-45.77590532403295,458.8826501127323,-18.606118928413895,0.18752515866704328,0.3258461179475683
646,22.27642279551964,30.356186882552734,-43.87448301240589,458.68108323403465,-20.98783196101204,0.229029014235903,0.32489426116116416
647,18.246790378792774,59.88625640702168,-19.668425864934665,455.82818228676314,-37.515656001974726,0.6410562648810856,0.31142404310366545
648,21.895429036750514,33.453798821455734,-41.79692811746248,458.47449110350345,-23.308661471754654,0.2706776483163836,0.32391869305693116
649,15.874700415839666,72.72172126214635,-7.108105217115921,453.6533051482195,-40.21229796893803,0.9770321189684597,0.30115768253420877
650,18.59344631099853,59.12650189474824,-20.388190245918224,456.15933371968987,-37.250698770420186,0.6286597502407998,0.3129874114767993
651,23.03598270476347,28.56335330058609,-45.007565059262326,459.3356603949848,-19.54554987753774,0.20445315272276293,0.32798543093068866
652,23.220038170532426,29.194709372444745,-44.608050618860325,459.55839247169814,-20.01880761132403,0.21302573363433847,0.32903730393387715
653,20.08026770073691,52.55949201320847,-26.449310677190976,457.4626505271565,-34.63245879932395,0.5289972551992215,0.31914086875255043
654,19.997939696107693,55.95500373870902,-23.355616564339442,457.48383283433657,-36.034910276991944,0.5790736916796566,0.3192408849693348
655,24.95825356553383,22.823153329416172,-48.3198840230546,460.89686725344245,-14.723402814377003,0.1229671719060163,0.335358856028065
656,25.171068026426923,21.706951263044573,-48.9072586036462,461.0342488437405,-13.759799409845208,0.10647429135963576,0.33600774927234356
657,20.34873065602837,55.12953378328396,-24.114930863308217,457.8149309587332,-35.689967828865164,0.5666771770393708,0.32080425334246865
658,21.528163847101084,49.046211995799744,-29.55070509492258,458.7869817828313,-32.887855463019676,0.4794111966380787,0.3253943422450859
659,22.25186759831425,45.00662391212698,-32.977894900035174,459.3547052682342,-30.703140291970072,0.4241816954172197,0.32807537122902924
660,25.965432495195998,20.67014418272725,-49.42021170137242,461.7543803110848,-12.798132961946827,0.09063369209002581,0.33940928176727775
661,25.65142283737371,28.833914779272252,-44.80085936470644,461.95825135853244,-19.52758703223646,0.20738841846823047,0.34037230755863895
662,20.63605123310247,57.59214219617288,-21.832645348961094,458.16719932080593,-36.595685696599155,0.6043570988795204,0.32246763793238686
663,21.022460431223344,55.14332998389119,-24.10112622947807,458.48768533651395,-35.65082709260407,0.566922365999017,0.32398099819712856
664,22.149310130476294,46.95042833349139,-31.348530036972576,459.33018549956796,-31.768534502346764,0.45054904466915097,0.3279595755130161
665,21.42411415258349,52.59231271451567,-26.41831131224223,458.80816136168755,-34.555313031322925,0.5294876331185137,0.3254943584618703
666,21.838693109195994,49.955419375414515,-28.758032730578996,459.1286273963273,-33.31045126760703,0.49205290023801057,0.32700771872661194
667,22.490974469599678,46.66667712372224,-31.588708261142976,459.6597330771024,-31.59248657967601,0.4466433812872253,0.32951590193778524
668,19.515534287647085,67.6999388833264,-12.09837859384214,457.2374555689019,-39.348150273463446,0.791775952241683,0.3180775814633383
669,19.18524256187107,71.446943199849,-8.38607589478812,456.9487057120746,-39.89300981227474,0.904325339842839,0.31671424552377314
670,21.340015948608738,55.982605636659805,-23.329167071312224,458.82934089690804,-35.95624959606292,0.5795640695989488,0.3255943746786546
671,22.076018171394534,50.6641816380515,-28.13563356658457,459.39099667735104,-33.631080683585104,0.5019818553790381,0.328246759555913
672,22.560334897810638,52.06247946477297,-26.893238801280596,459.91571514863,-34.24133331562538,0.5218397656610934,0.33072484121451506
673,22.919118976924175,44.43010209272122,-33.450278558011426,460.01378828515857,-30.327979653163926,0.41637036865336846,0.33118802407856746
674,24.52895420588331,33.67322659187062,-41.61902061608371,461.1173818672023,-23.248389049472618,0.2730338000153672,0.3364004149561968
675,24.893705991368194,32.04432027683502,-42.72655684169578,461.3976793440367,-22.030626057549902,0.25115200616632155,0.33772437915701087
676,25.779370483254674,35.05443953438183,-40.63452168779325,462.43684587032044,-24.126016275020497,0.2911573837536742,0.34263311983855727
677,18.5336236464057,72.70525693193034,-7.131659008670164,456.307627746329,-40.05064214215496,0.9791948056038458,0.3136875249942897
678,24.716008514929527,34.320006859600184,-41.16569483703219,461.34007533206153,-23.694413333355882,0.28160638092694273,0.33745228795938537
679,23.153630374132714,46.094415712798856,-32.06707770360669,460.31879653454826,-31.23554225580173,0.4388320545233742,0.33262855478732345
680,26.59123053022403,23.568857076839258,-47.8782585687408,462.5763901907791,-15.19785988259889,0.1331704560095182,0.34329232715789254
681,23.224614460425656,48.93503475893214,-29.643679481074557,460.4864086539848,-32.71119840512641,0.4777866209397604,0.3334201922518008
682,23.564119044140817,47.337689528319345,-31.014274409306566,460.7717435225709,-31.869603619847865,0.45576004857909386,0.33476786777044376
683,26.647920113230256,26.519619257733225,-46.19343393577533,462.81567583497264,-17.60894439771966,0.1750549386522402,0.3444227332978517
684,26.761038578700273,32.65160000809463,-42.29239022651335,463.29423040113056,-22.31979522892162,0.2588239039376838,0.34668354557777004
685,23.984858232635432,44.608705202918394,-33.29986432391581,461.08085328170034,-30.349727796315918,0.4186510673497377,0.3362278775700705
686,24.569165212768596,41.438896331578235,-35.85145761704501,461.53287069656244,-28.431096141320655,0.3761531728177166,0.3383629583262328
687,23.761610015918208,47.964322876594075,-30.479317034000974,460.9944444783158,-32.179884679230305,0.4643326294906694,0.33581974077363225
688,27.14533850247218,25.38161110247315,-46.84708405238781,463.24436123602595,-16.643246185494384,0.15888819874424492,0.3464479461674581
689,27.555794910177788,18.661225429114708,-50.357253166864155,463.19449182880123,-10.898269213769424,0.05895249355080606,0.3462123467571461
690,27.645080151325608,24.25997709201499,-47.471613858992036,463.6730287456348,-15.675965274419033,0.1427214588362497,0.34847315903706444
691,24.940585320046125,42.20668307782445,-35.24177939925664,461.9383509848446,-28.86959056505328,0.3863175875337473,0.3402783033092833
692,27.34209103644217,26.99166023873919,-45.89783825424788,463.54676418311385,-17.925618665118954,0.1814222738700611,0.3478766212172997
693,27.74711672795557,30.277185342935866,-43.84736508134726,464.1515433661628,-20.458110113756415,0.2264904241216934,0.3507339713169828
694,24.897730014589207,44.38421344716412,-33.481178339715456,461.98931821331945,-30.152387949086627,0.4155062691282985,0.34051905975712354
695,25.277947286145178,41.924555871060356,-35.46300656076618,462.2640503442873,-28.67325337210184,0.38252050803553733,0.34181684624568065
696,28.51678238837136,21.679273896350313,-48.83665867725368,464.38189441962896,-13.425127924503096,0.10467292507920894,0.3518223361074848
697,22.808816195034048,61.68264243337098,-17.95552198985662,460.43268051072636,-37.75667974971943,0.6720877558972087,0.33316643108580346
698,26.214711759725283,38.454748794463455,-38.13946364898038,463.0416904098922,-26.402170493471953,0.33622553400530647,0.3454904699382404
699,23.441961055847045,59.06551167100801,-20.4475001973549,461.0033453087979,-36.913605366905244,0.6280346111758754,0.33586178212308937
700,23.26843525493086,60.726772200789306,-18.870442387845422,460.8715056185913,-37.44762208424546,0.6556314589659715,0.3352390665910676
701,25.573234119862917,43.82607429487005,-33.93396618077987,462.64070337478455,-29.779988504113927,0.40791211013187895,0.3435961456299184
702,25.956595472318092,41.364581170448034,-35.9022957433399,462.9154180858021,-28.276568638569113,0.37492634903911787,0.34489393211847563
703,23.481595125312623,61.226305051942525,-18.39330796536128,461.0942044122565,-37.581426392929735,0.6642040398775471,0.33629093959425616
704,28.999422118290838,23.24942864627805,-47.99472316645716,464.97554423257077,-14.705989728263257,0.12753314084341044,0.3546273307826542
705,26.435820958694315,40.154975602055686,-36.840897938792104,463.34409932411455,-27.48244437502818,0.35875960913112265,0.34691914498808196
706,26.915940241154978,38.94343384835647,-37.762826926880486,463.77276267098256,-26.66605301912714,0.34259286922312754,0.34894435785768835
707,27.88628626781704,36.52477878297927,-39.55056664386053,464.6300356903849,-24.971831095341635,0.3102593894071372,0.35299478359690106
708,27.020929106903154,42.092666455208914,-35.31861452167854,464.0120204447932,-28.639596110277868,0.38447735186584936,0.3500747639976475
709,28.807168500789366,31.004805871328394,-43.35748319635006,465.2480137417513,-20.918569304929584,0.23604142694842484,0.35591480319615465
710,29.24338025760892,24.046422868342276,-47.55308028415046,465.2723562684236,-15.348167058932608,0.13896324872551113,0.3560298281202388
711,28.623104801925663,33.2618900736677,-41.85028493336144,465.19043132020886,-22.606432846541637,0.266495801709046,0.3556427119985292
712,28.267233401352122,37.8223176832674,-38.591968521477185,465.075265508282,-25.816625094937756,0.32740455123028817,0.3550985296032781
713,24.098662318080514,65.55516188571787,-14.205320621633119,461.78998095350073,-38.639707172654035,0.7454416188308506,0.33957744716510607
714,27.161023883377055,44.38837307024137,-33.465766882401695,464.24573215447,-29.983112543512416,0.41525786726485575,0.3511789924253498
715,28.990467916546677,31.64384966402728,-42.934759255947974,465.4706176655342,-21.381668740667422,0.24461400786000037,0.35696667619934325
716,22.57677731108045,72.66228255416068,-7.179000101579296,460.34408540701565,-39.798431900828426,0.9806659393617225,0.3327479941222492
717,29.115692689981564,32.07009583551405,-42.649200710092515,465.61901760001075,-21.68849476974987,0.2503290618010508,0.35766792486813553
718,27.860370457316783,41.13126959070012,-36.07041804793259,464.8061487580443,-27.983062896804242,0.37149427956676456,0.3538269208269778
719,27.65397807314808,42.777963185007216,-34.76752308403047,464.67158773782455,-29.003075710903744,0.39353914373500304,0.3531911164388277
720,24.536372079512226,65.30357210255093,-14.44946936502238,462.2242507431123,-38.55695533831426,0.7403788461665708,0.34162883774696934
721,32.41586627598942,14.6369941268052,-51.93879313770967,467.74447775112174,-6.801030277752616,-0.010862570289704776,0.36771268129832496
722,24.980680409381847,63.91638230468636,-15.798827351526752,462.64741947408527,-38.205428094802926,0.7131081390148601,0.3436278729043189
723,27.84707751449099,43.420549126075585,-34.24990044321419,464.89420415914816,-29.36797786981723,0.40211172464657835,0.35424298944201627
724,32.794395757904105,13.954836127305224,-52.19013427371677,468.0658391655251,-6.135715703945349,-0.022987625220701163,0.3692315909505297
725,27.917290985539303,45.48994315311082,-32.55323965688925,465.0536925425202,-30.545411935991957,0.4300347130750595,0.35499659353532237
726,28.163233805833862,43.76229289174066,-33.9716116814594,465.2239647695191,-29.54300274590977,0.406642620581155,0.3558011656626063
727,28.4447945588878,42.64748621047239,-34.86553623562544,465.4712048756823,-28.8623922387718,0.39166003867963345,0.35696945098041494
728,25.18883698826088,66.51665179292424,-13.263104742002747,462.8922446869468,-38.76860994099569,0.7660965889012974,0.3447844567565349
729,32.917118956033626,16.15041332741884,-51.29829879497041,468.3634390289752,-8.12363424977152,0.014770966445588785,0.3706382344305244
730,33.37512619432318,14.017326807102357,-52.14177311495733,468.6479841760005,-6.1317682349255,-0.02238011778348384,0.3719832112914682
731,30.586105282383684,29.974221420185884,-43.9940325359215,466.9871674826985,-19.97024764904677,0.2213423199131634,0.3641334543797361
732,30.82691350675165,29.387471918023206,-44.35884518763023,467.2014253539239,-19.49704607922483,0.21325894995916578,0.36514606081453926
733,33.64094255069494,14.767891057188228,-51.836993237604155,468.9734503034868,-6.7918178943533425,-0.009580054588912645,0.3735216575736396
734,25.51384395730701,67.79910573700967,-12.003024676453865,463.23453692849694,-38.98638471088821,0.7956114111342341,0.346401532829703
735,31.297328181379534,28.22509362076326,-45.07153823809911,467.59747615550543,-18.543841852445134,0.19703607271821522,0.3670178964325683
736,32.23709297077884,25.937193521645973,-46.412308837975225,468.38953190641155,-16.62103373465395,0.16459031823631404,0.3707615676686264
737,28.537184435116828,48.38778066576518,-30.09757336171952,465.8012405497883,-32.04421252426637,0.46971395002402666,0.3585290145915409
738,28.59995256452128,54.79243034813789,-24.413320582585346,466.0653788851978,-34.98499927464081,0.561566285263468,0.35977722043665605
739,28.77164815396781,47.805085951264694,-30.59533351187306,466.01552317681046,-31.726332393243016,0.46163058007002916,0.3595416210263441
740,26.730262532653107,64.00933487529667,-15.708647260604176,464.39532433676277,-38.11323453477152,0.7150649828451721,0.3518857906562857
741,31.334167566482307,31.281858830867648,-43.13412368749792,467.8204193864885,-20.899591242730587,0.23889248669445934,0.3680716139467388
742,29.629995575616135,43.38475522833004,-34.26450319601416,466.69151255986355,-29.207306737969542,0.40133668693692054,0.36273619117119915
743,26.17025294161111,67.8232550443667,-11.978714784908691,463.88999864404855,-38.948353963856306,0.7963452275706009,0.3494982519866906
744,29.210674971869793,46.62885149738437,-31.590354899214443,466.4116197402794,-31.07025828072174,0.44540770282907843,0.3614134566443732
745,26.4990234651085,66.5733791633373,-13.207349251063157,464.2031699745584,-38.694770127830836,0.7675642217740313,0.3509778950705101
746,28.99949961470201,49.42669890304807,-29.19758932341082,466.29620741955637,-32.5325746815659,0.48412723030720833,0.36086804457513416
747,29.457702958212764,52.59274483778286,-26.40192452229183,466.85755288057186,-33.98618569808388,0.5291205307815667,0.3635208916727142
748,31.375340456025043,34.386593105519054,-41.03277951889691,468.021724308849,-23.177366231476814,0.2807114757820666,0.36902307995985767
749,29.926628954697257,44.85837260586769,-33.06204221367918,467.054415979495,-30.035305753635868,0.4211575929670857,0.3644512759487827
750,26.499004390485688,68.87062239417858,-10.945715782696364,464.2308725097599,-39.09861088711433,0.8230840579926084,0.3511087836317945
751,27.159541012375747,65.42987253625296,-14.326371420649785,464.84610450092174,-38.413503340783905,0.7433141119120386,0.35401571437491963
752,30.215995147128503,44.0605905694739,-33.711424539765105,467.31845532752635,-29.555880241261615,0.4103423414731187,0.365699166360802
753,31.82043463582898,33.186631148426756,-41.85255632090717,468.40692712118573,-22.271941108698947,0.2644698860967975,0.370843789827361
754,28.369034802269482,59.396344604849396,-20.131594259885528,465.9557624582233,-36.68739395134669,0.6335790020284255,0.35925921575366193
755,32.88907997496123,28.395836002773827,-44.93439975707978,469.1929787406105,-18.530363996354343,0.19870109310169964,0.3745593744040295
756,30.10298487088039,47.62324410978319,-30.74436933270189,467.3520451751582,-31.529123794415398,0.45891618463337563,0.36585791942877743
757,27.594962666936844,65.71989703207413,-14.044557953800547,465.28578502092483,-38.447139145844076,0.7493553064914744,0.3560932826690397
758,28.280293687377913,61.52053225873392,-18.110562945762066,465.9009538057979,-37.34608954731368,0.6695853604109043,0.35900021341216487
759,32.50486729574849,31.405133121689044,-43.03375883809737,468.9847042261142,-20.88717281260313,0.24010750156889388,0.37357485462861595
760,32.13692812376161,34.466191000364766,-40.96584613635508,468.79791365364434,-23.166821376235994,0.2815214856983563,0.37269190708110916
761,28.501979051794905,61.05402320722606,-18.555759372997144,466.1152343514514,-37.19470284547868,0.6615019904569068,0.36001281984696804
762,28.9136682798897,60.098372245391495,-19.464038775340683,466.5113270674433,-36.87520533954271,0.6452791132159561,0.36188465546499715
763,33.21848920708413,29.642708377506306,-44.15284215672686,469.59467856373897,-19.47490671653669,0.21575648053439245,0.37645827777173113
764,33.39003386572572,30.27325388008931,-43.750773491749406,469.8116371078221,-19.942866877611973,0.22428985599743995,0.3774839086265121
765,30.457096281589784,53.244099280097984,-25.81255040530414,467.87260783678886,-34.200377952930786,0.5385311902759098,0.36831828042294273
766,30.36422505906085,56.56805943035944,-22.775098591739305,467.8813058860379,-35.55559340597213,0.5884709742061514,0.36835939150231
767,30.67330175567082,55.77562293069122,-23.506066325645566,468.17021330436256,-35.229379433397085,0.5762897819421997,0.3697249239029375
768,32.42202211371349,44.26643639550505,-33.52684187487097,469.5464013038127,-29.498972805487067,0.412667369936543,0.3762300590236533
769,32.65097542521634,45.109594577826016,-32.834853125142004,469.81419370767173,-29.961502615094705,0.42403762822500496,0.377495994602121
770,32.28072292743199,47.813762745250536,-30.569794615303945,469.5296809043687,-31.462133203737494,0.4611887124540775,0.3761510177411772
771,32.62376086192264,52.84371945181869,-26.16407685409383,470.0485400405257,-33.86412296472634,0.5324505715485359,0.3786038476156366
772,30.91269468047613,58.195474508469324,-21.257540620656922,468.46781014071667,-36.106446370401414,0.6140483736084896,0.37113156738293224
773,31.25568081481225,55.818196269873226,-23.465410144638398,468.7523523933221,-35.20431311974212,0.5768972893794169,0.372476544243876
774,31.59518547032625,53.3344080211027,-25.726692830299886,469.03688675489764,-34.15482037509616,0.5397462051503443,0.3738215211048198
775,33.05803646866024,43.70831858036088,-33.975034584852715,470.16998359201983,-29.121550082811073,0.4049667313765895,0.3791779719738444
776,34.78173088837364,32.25656999696709,-42.42909509758424,471.3351631065531,-21.31602277921021,0.25073408278307835,0.38468670333768706
777,35.429793491555294,24.71831401882458,-47.02243326748792,471.49626009596403,-15.307125571377746,0.14545832823946397,0.38544838633323625
778,36.45516137238037,22.542582572481056,-48.16023570590778,472.3737941998256,-13.376371188514392,0.11301302718026629,0.389597667207777
779,35.77292143940366,23.985693308450607,-47.41515453117487,471.78877980855026,-14.662544344578984,0.1346432278863981,0.38683147995808315
780,36.15800119970805,31.172745442312667,-43.115496507410214,472.6465127408201,-20.371726042451222,0.2353555326499755,0.39088724592178975
781,31.527915767430358,56.65107873044609,-22.69546551905931,469.04558381722705,-35.50394266460357,0.5896859890805859,0.3738626321841872
782,35.031388660666224,31.66571578116728,-42.8138953099108,471.5545571199033,-20.851309002913663,0.24262275751827894,0.3857240235563223
783,34.97072447330589,33.92632189299587,-41.2954059094259,471.62274288293185,-22.52438552297138,0.2732083838857063,0.3860464182348255
784,34.8801945862887,38.48749266907787,-38.02015439945719,471.75911304879673,-25.69851442815736,0.33437963662056086,0.3866912075918319
785,35.37787028477611,37.287299929246316,-38.900773531582665,472.19787824094664,-24.848922464426593,0.31815698609096205,0.3887658480291023
786,33.23568203894545,46.988495198165374,-31.262230995659852,470.4650416457252,-30.95098633112616,0.4496377546141473,0.38057288716646387
787,29.031647009093817,72.6337211971961,-7.209425404918749,466.78648786707913,-39.385930293159554,0.9867742307736507,0.3631850394553715
788,33.26355166912176,49.78885747489892,-28.86105262199302,470.59398170271845,-32.3883221078326,0.4886122852140719,0.3811824762279892
789,33.368274005243585,55.14777014568562,-24.07252005958606,470.85185695375714,-34.78517259778427,0.5665613464139212,0.38240165435103984
790,36.97671387179304,25.27456603722766,-46.66755864736046,473.0951276094338,-15.612532494732921,0.15255407920898906,0.39300864381447725
791,33.59306965073069,48.22679410089354,-30.207768762043038,470.8666916567202,-31.57495499924205,0.4666931420468399,0.38247179053416547
792,34.292854883755965,43.203630546846284,-34.37126851981086,471.3860440785206,-28.721741100800227,0.39783261424543387,0.3849272724692103
793,33.78823252423355,48.842067007247024,-29.67857679034828,471.08362329640045,-31.8747019915775,0.47522651750988737,0.3834974213889464
794,34.486245759965485,44.35507628317914,-33.439805812831246,471.6382936410606,-29.380164732598583,0.4133364525282715,0.38611994534517
795,36.93729050420516,28.027738983796073,-45.06631672565656,473.2347740302363,-17.84825238361432,0.1915323976400478,0.39366901898995604
796,36.87724423015154,33.712607478022065,-41.41087723075988,473.51406116485924,-22.193505626985303,0.26948903450216527,0.3949897693409135
797,37.3284522386067,26.486429431695672,-45.96701536296181,473.5288920165479,-16.569232945853653,0.16962083013508394,0.39505990552403913
798,37.82396150362943,19.773253270244066,-49.48989563433836,473.5437228467876,-10.83370402347625,0.06975262576800262,0.39513004170716476
799,34.99533741078112,41.824007030725475,-35.46034309936035,472.0433847163148,-27.82519212194367,0.37904687202698467,0.3880353366704979
800,34.82596956068358,44.077487412726065,-33.662270682897656,471.96613708105,-29.191594045185564,0.4094918149949958,0.38767008099119565
801,34.601160402567444,46.09940377412029,-32.00042886641689,471.81658450520814,-30.356516788101757,0.43709229947532463,0.3869629483602999
802,35.067401282614156,43.48200817440899,-34.140503019451984,472.18551759466726,-28.822251017761545,0.4013804897301965,0.38870740120983094
803,38.10362722757226,24.821130872841422,-46.88913257360084,474.1869191593599,-15.121760242986351,0.14528685434068567,0.3981718661799447
804,37.67941949775037,27.712882536221727,-45.23740093100235,473.962638069008,-17.52228333550478,0.18668758106117878,0.39711116723360096
805,37.60540738129383,36.27159551469994,-39.60643708301264,474.38153617028235,-23.94823329809802,0.30362253635435515,0.39909229276003727
806,38.39041924499579,30.198822612067243,-43.69333580932193,474.83007510996634,-19.40827492555016,0.22082108291336872,0.4012136906527247
807,32.80093748346693,62.2482508900918,-17.402814048874607,470.4411683083873,-37.2424751148838,0.6826673526351377,0.3804600221864574
808,33.40041333417266,59.71622123692893,-19.8175474522741,470.98658909148537,-36.441268976536755,0.6388290663006737,0.38303865079880994
809,36.11893548640972,39.856904564924655,-36.97159631386492,473.0654646294504,-26.48793031623545,0.3522904879431518,0.39286837144822595
810,33.21359897657687,61.33283589163001,-18.27925204387923,470.8370222293347,-36.95231526955308,0.6664295507810025,0.3823315181679141
811,35.43330383017965,45.15515500890852,-32.77540964489783,472.6184964804782,-29.761802952423757,0.4239954742322403,0.3907547664647747
812,35.74914180995025,42.9278066949382,-34.578909962457125,472.8411590000232,-28.434709190736786,0.39369121466364504,0.3918076725018823
813,39.10486431436548,22.099069977416782,-48.302783539429264,474.99276482278367,-12.717733798875567,0.10444886121785651,0.40198316655751
814,38.89920104406873,29.045424900998174,-44.39951431097134,475.2687088741564,-18.459646970242854,0.2045984323837699,0.4032883310899951
815,33.4192713888651,61.81843672308282,-17.815025392425152,471.0539544965913,-37.07804540245006,0.67496292624405,0.383357149022695
816,36.48979004825562,41.1393188043771,-35.98118016884062,473.4992302917211,-27.271902425943832,0.3693572388692466,0.3949196331577879
817,36.85543515315577,39.51604133979083,-37.22253130038204,473.79334069017256,-26.20151555980303,0.3474456713642829,0.39631051969187103
818,39.74690760136,23.293076698388933,-47.66340703344161,475.7172089840051,-13.668980274675128,0.12179697894278346,0.4054097289826826
819,36.86594620937798,42.416088157235556,-34.97585061395465,473.9329775993378,-28.030165422900243,0.3864239897953416,0.39697089486734977
820,39.80919647110762,24.438967688583755,-47.04759417951101,475.8601146746095,-14.627406228968267,0.1385823630700464,0.4060856899766337
821,34.00114899370965,66.00239968696783,-13.759223161188274,471.6964829408435,-38.076930275982676,0.7560453883926821,0.3863950770408569
822,37.05242593170434,44.89510373002231,-32.976373624180226,474.21883675398897,-29.480921284948423,0.41999475804986736,0.398322816855252
823,38.78434683269275,33.50408498982137,-41.518709869277906,475.40503054385397,-21.8629073763946,0.2657696851186245,0.4039331204470015
824,32.53063469228902,72.619783293368,-7.218853284334497,470.27929797457995,-39.155860015276716,0.9904192753969545,0.37969476150100284
825,37.49297787233232,43.092497670692936,-34.43080920150997,474.5860356979747,-28.38730201295409,0.3953794154566371,0.4000594767955469
826,34.44140710081641,65.75867077277908,-13.99504027977257,472.1336027175853,-37.9951917387766,0.7509192050149811,0.38846192456889117
827,38.728649611259414,35.76850513633453,-39.948305135804645,475.4731906986065,-23.493236597120507,0.2963553114860518,0.4042555151255047
828,34.90015199888967,64.41860758197498,-15.29901713987536,472.57399990965695,-37.65880940773805,0.7236000873334842,0.39054435791539777
829,38.97920092227479,35.17449656116174,-40.362786314833045,475.6924961634263,-23.050206933351838,0.2882439862212523,0.40529283534413985
830,39.146943332429984,34.779405796577215,-40.63580970736696,475.83869719894193,-22.752615658182407,0.28283643604471936,0.40598438215656335
831,38.03027250506142,42.52738903849846,-34.875634260435994,475.09613783155197,-27.999471709462203,0.3875494569906697,0.4024720977297928
832,42.763042453686396,15.786444656726275,-51.01775016390821,478.13419487749866,-6.714598705765028,-0.0007170004257041063,0.4168436301153785
833,35.08062316363444,66.92150117755892,-12.85459801521887,472.7843034712066,-38.18935038068015,0.7765193314041234,0.3915388171332339
834,43.14922041822005,15.115821380725459,-51.260337298406306,478.46306587303656,-6.056829179869217,-0.012883988322903217,0.4183996104433313
835,35.390857538359185,68.14640508208285,-11.648927203939209,473.1071664530565,-38.39104461190464,0.8059640953265415,0.39306557405155107
836,40.749627344642,31.065613164190246,-43.087386182546346,477.2275029892052,-19.846764831853214,0.23146470936765634,0.41255407687458634
837,41.41294859297011,27.539467769256554,-45.241222173049835,477.6709757400877,-17.00855871895525,0.18195265738236371,0.4146520960395654
838,41.008910736957205,30.489376158052497,-43.44981889501186,477.44677090317936,-19.37714425568391,0.22335338410285693,0.41359139709322157
839,43.43821646409628,17.310273507315586,-50.358442800352606,478.9365005305116,-8.022272211572743,0.024726019848610892,0.4206396494900238
840,44.031046272385005,15.197278294375744,-51.18338627955251,479.3450409996886,-6.028930033505881,-0.012486572197772328,0.4225727272689093
841,41.389006294329896,29.62576435164604,-43.9805163812456,477.7756639731611,-18.6686249166946,0.21118639620565777,0.4151473774211744
842,36.410440332701555,65.4461088379652,-14.29443114073527,474.09793943998767,-37.79101615210649,0.7444960805431737,0.3977510490811909
843,39.6078194050728,43.090651302395784,-34.410618625996335,476.6944439159528,-28.206145908701824,0.3946452079601948,0.4100323552110339
844,36.04632776679318,68.16846189079835,-11.626310476413995,473.7615130433796,-38.3498987521697,0.8065971706239135,0.3961600006616753
845,41.874132921113954,28.766206925384548,-44.49449538993497,478.2058773526434,-17.943402708695622,0.19891467089857368,0.4171827756226622
846,39.86559829267507,43.93296219463437,-33.731082027771315,476.98352067485325,-28.687216287602,0.4060230419109248,0.41139986301740844
847,44.51713816172012,15.964110134570285,-50.85831106880835,479.89629201617595,-6.673728432859124,0.0003834976821556202,0.42518118620517037
848,36.71347987581073,67.16275625913958,-12.613005144982516,474.4195252524498,-38.12329753354604,0.7822631948295151,0.3992719613175809
849,41.69878628485937,32.36891156146626,-42.21868347432209,478.24913040971984,-20.741932281606655,0.24879640437717182,0.417387416467867
850,42.85351718648852,27.074104451960704,-45.472476837845086,479.0662498960314,-16.484151411255613,0.1743712202844055,0.4212535720256379
851,39.96285559200427,46.77095542939041,-31.394691823254306,477.1906746151212,-30.289214727492105,0.44493153540206015,0.41237985010857714
852,41.541588633992575,36.03735720165339,-39.70853103603793,478.2923832841189,-23.422181335009153,0.29867813785576997,0.4175920573130716
853,37.26229637103248,67.00453075432364,-12.767476395477185,474.9653650296387,-38.054981590985356,0.7786295823953635,0.4018535725003147
854,38.326390194701354,60.016707526385005,-19.515512938522004,475.9305292848281,-36.18360200527243,0.643612301880818,0.4064187629641928
855,40.350928207804415,45.18621055899987,-32.70589881736428,477.5184581897597,-29.37303838935925,0.42298505542713466,0.4139305426005053
856,38.21107541264772,62.08174361876204,-17.54662820345951,475.85248719132744,-36.81400221247954,0.6796054784247783,0.4060496108302726
857,38.35994535354413,66.68272774294479,-13.080401034533793,476.05695736584454,-37.91544619692988,0.7713623575270603,0.4070167948657821
858,40.659329018514434,44.5947096713972,-33.1851080089026,477.80527632007187,-29.007389850683587,0.414803905222412,0.4152874747348305
859,41.28406574128276,43.41134847895002,-34.13361302394712,478.3788884848844,-28.256206608704424,0.3984416048129665,0.418001339003481
860,42.02023060575265,35.14648547200463,-40.3262780623736,478.72257495781764,-22.746524443344693,0.286406412548686,0.41962745551455954
861,38.7098714788714,59.210178074364286,-20.276403334223147,476.2960194707295,-35.891998154985416,0.6300934264394855,0.40814762999525156
862,38.438955838549916,61.62873374003897,-17.980054645792944,476.0717845378938,-36.66762783569174,0.6714941531599787,0.40708693104890775
863,38.78060315619478,60.93639911859573,-18.639794663009564,476.40072175676374,-36.43718416037446,0.6593271652627797,0.40864291137686054
864,42.501247068240765,34.25995352868742,-40.92987771167869,479.1527485596576,-22.061946719415772,0.274134687241602,0.4216628537160473
865,42.08266633956981,37.30737736049921,-38.78640339168093,478.89480169944954,-24.25453783875694,0.3155703264320568,0.4204423488118585
866,37.335745334862715,69.97304192748696,-9.838412905370664,475.06266660589165,-38.53772623725826,0.8577974234021983,0.4023137857903609
867,43.25536661999723,30.67007384661993,-43.279229926495866,479.6974540587226,-19.29452485194966,0.2245178978464244,0.42424029075456127
868,39.225853387813714,60.2246156001351,-19.31527678398151,476.830992887984,-36.184119245157156,0.6470554399556956,0.41067830957834844
869,42.89889691099717,35.21101416848137,-40.265230918676046,479.6045277328907,-22.707894874842438,0.286803828673817,0.42380057234013746
870,42.671088907566606,37.348687709713765,-38.74696878608513,479.4827687674513,-24.227785200248075,0.3158352705154775,0.4232244266955772
871,43.463222192239066,32.50149140431914,-42.09201587161496,480.013041547761,-20.668430678842608,0.24959123662743382,0.425733650119023
872,44.35330241007569,27.789782238876743,-45.00861319227771,480.6096023531174,-16.907823314914257,0.18348115503786538,0.4285567004172493
873,44.03594271590063,29.83158547706414,-43.783913614108656,480.4215390620654,-18.563594422022817,0.2123786445810506,0.4276667278979085
874,43.674924284162515,34.34815507057549,-40.84654568263365,480.3286193085945,-22.01139662733891,0.2746645754084432,0.4272270094834847
875,44.10563252026191,38.06579339721501,-38.19885455792361,480.95974564564665,-24.582074170396194,0.32481125297046204,0.43021372821240805
876,41.05361430931458,53.99650917577263,-25.08320061391636,478.5086449159463,-33.72518670282088,0.5480868052487611,0.41861526153909506
877,44.52911237208228,30.782013573331703,-43.17628774333501,480.9727321160605,-19.252221996593594,0.22524871446097855,0.43027518683416954
878,41.01627830920439,57.24436986921881,-22.107444853800416,478.5518966942757,-35.027032229064915,0.5979685387273592,0.4188199023842998
879,44.85700368664302,31.418799537640286,-42.762860974209104,481.34017766285814,-19.70776263971107,0.23382876104759714,0.4320141594583436
880,46.0300867387117,24.88933932065023,-46.594870508821444,482.0894570206021,-14.341519568301003,0.14036381143251936,0.43556039206420444
881,45.51804257579425,32.69583045783188,-41.9163131169867,482.07502918237554,-20.609020570498302,0.25098885422083433,0.4354921047066917
882,41.463874468912906,56.466996076023364,-22.82376150876158,478.9820774662012,-34.69955137758388,0.5856968134202751,0.4208553005857876
883,42.705550046676514,49.49652407787782,-29.0514628777235,480.0188807055411,-31.493073909555434,0.4822843448330852,0.4257612814354053
884,43.37084973230534,45.96370388303568,-32.03344190263606,480.5635401249255,-29.55676154752257,0.43266755543790764,0.4283387184739193
885,43.04203176930707,49.80771721952135,-28.78012257810775,480.36543161358,-31.621119137389496,0.4865957066716305,0.427401213604675
886,41.88539676746208,58.8219666755563,-20.628276439832852,479.4554881279938,-35.52485294903964,0.6233068215917892,0.4230953396324801
887,46.68312960564992,26.10309640146926,-45.90289128195311,482.82425473866465,-15.281662169055563,0.1575239046057566,0.4390383373125526
888,46.957217050208705,27.484383734581964,-45.10616300028304,483.190191183152,-16.384251345677406,0.17716645547120674,0.44077048120097534
889,47.6186979788482,18.77508973347401,-49.52772240764377,483.2075026997896,-8.853668810689513,0.04441640412522874,0.44085242602999064
890,43.53286758708401,47.17262423305454,-31.023367543190467,480.7739150662458,-30.20904780237101,0.4493831146252472,0.42933429138356044
891,42.34727053885398,56.50251813712393,-22.786262110040198,479.8640078896925,-34.645644000322626,0.5860942295454061,0.4250284174113656
892,39.39955580754913,72.58466394281905,-7.236488387226709,477.13380109616395,-38.690014060916646,0.996227574305883,0.4121107954947812
893,42.596887381027656,56.24709944550075,-23.021567296521305,480.10537132128314,-34.52710026955584,0.5820478117902814,0.42617056312581464
894,44.292169758962096,46.3181090934925,-31.72958287392543,481.497923930821,-29.675754881341003,0.43724386135987364,0.43276072852690756
895,44.5592161509028,44.22904602192014,-33.43804904844512,481.68596744581515,-28.45593085203998,0.40834637181668826,0.4336507010462485
896,43.86562806062272,49.55797111427031,-28.987760179407086,481.19465197794614,-31.427533007896574,0.4828142329999265,0.4313254372028427
897,48.356826245141015,21.653592952797876,-48.164298058333905,484.18422924005193,-11.308913617868544,0.08942153691387467,0.44547602888961885
898,44.545235628802594,47.633124625600274,-30.625892199340722,481.8026709338971,-30.370854648975868,0.45545640446088714,0.4342030436446347
899,44.92309857013651,41.415646917367646,-35.65787280763968,481.93668675791633,-26.703500402573805,0.3698163857591081,0.4348373310720363
900,45.337998231742915,43.082011545873065,-34.34631631801279,482.42512234399123,-27.699084370784547,0.392318952153431,0.4371491325018504
901,45.71154275471896,35.76389823374511,-39.82259106833011,482.4381069550646,-22.830827462825752,0.2927564136439475,0.4372105911236119
902,47.66328317614628,27.955024638362158,-44.810977849573845,483.9263523805638,-16.686562674617868,0.18326404436561244,0.44425525518507475
903,45.603229776588144,42.69964372275297,-34.64567237369324,482.6714954458548,-27.441509527322427,0.38697647893234527,0.43831527632038436
904,46.51711023349437,34.62103146367073,-40.598219607280555,483.1772075264568,-21.931588746115448,0.27672899398069023,0.44070902257921385
905,46.13414005498193,41.93433723530798,-35.23895158951777,483.1642238532895,-26.918725945477945,0.3762915324901737,0.44064756395745225
906,46.84978816557021,35.264815007914265,-40.14671534828787,483.5445739250986,-22.363721009513718,0.2853090405673088,0.4424479952033879
907,48.01595047396188,28.19155349278552,-44.66204745907,484.29441311445316,-16.837404492617736,0.1863128388128153,0.44599764217712434
908,48.57459636290682,25.366872867177428,-46.24354799347705,484.66823028349006,-14.45762119383808,0.1451116161446922,0.4477673441121791
909,48.73701144050782,23.147869137579253,-47.40598070750588,484.67255754012365,-12.558854040136081,0.11192410330819774,0.4477878303194329
910,47.0087394203533,35.590797567508076,-39.91881189939511,483.72825217765967,-22.578043307183,0.2895990638606181,0.44331748151547484
911,46.814157997739706,43.21419039443964,-34.222826631798505,483.89894439162896,-27.646036230724548,0.3934516256634109,0.44412550920580035
912,49.999262210502685,19.736727638880964,-48.98194617126645,485.6621247195062,-9.43179383964409,0.05736669758736018,0.4524728918008227
913,47.71758690259702,32.927202196600234,-41.712226606104096,484.2857582793991,-20.557068921933425,0.2526878644858043,0.4459566697626167
914,45.58438930312881,49.481967952849025,-29.037324621947736,482.904878613345,-31.24669752994544,0.48119654422074293,0.4394199615171568
915,48.539254092820514,29.621709888900536,-43.78753864893347,484.9058950608706,-17.92438896179748,0.20614416859659546,0.4488925155162054
916,42.40315806202227,70.73920290066312,-9.063086383941759,480.12348147003456,-38.28604343493687,0.8853846304169952,0.42625626248259374
917,42.93469187791692,72.56376609272341,-7.247034708506499,480.6617037245545,-38.44261694136479,0.9978172388064068,0.42880326279709324
918,47.508712050792575,36.558514852428516,-39.22682858566917,484.27926714830414,-23.213747009752886,0.3024691337405461,0.445925940451736
919,45.84624412972802,49.11325488114458,-29.353169998037316,483.15124016364894,-31.036393719601076,0.4758540709996571,0.44058610533569076
920,46.164690140555145,47.170035789886654,-30.99949289845428,483.4004809781691,-29.982386263913284,0.4483865892209084,0.4417659066257273
921,43.23418492041471,68.30827775343437,-11.465243369143508,480.94045138427134,-37.8710295108787,0.8109594463242289,0.4301224180403647
922,43.75643187567521,71.61261578865674,-8.19069303707794,481.47863068393053,-38.29234987491626,0.9233920547136405,0.4326694183548643
923,46.192720853501214,49.72526805599535,-28.823309232554102,483.5186074947057,-31.317689815924282,0.4844341175862757,0.4423250779598648
924,46.356522698701575,56.96688346864398,-22.33441088330981,483.8729788607015,-34.511836441445496,0.5925767026823778,0.44400259196227737
925,46.42296018444325,50.13170736161581,-28.47005329727414,483.76351172021054,-31.5009422547117,0.49015414864402157,0.4434843930426475
926,46.88942366547419,50.93632042310254,-27.76390274435912,484.25330258274107,-31.857153385141068,0.501594210759513,0.44580302320821286
927,43.96450138715487,67.83056939858898,-11.933698623523743,481.6644484689091,-37.73541939040549,0.7988201930588552,0.4335488551837119
928,45.42600021004713,66.81418369948241,-12.926785669295615,483.1122889958665,-37.43725933108636,0.7745416865281078,0.44040172947040623
929,51.01837073942246,22.322827852428237,-47.717447438636704,486.8848885174121,-11.585590691741153,0.09702935715492045,0.4582626384789849
930,51.29333273224467,21.997225347523305,-47.86393744720047,487.131154216249,-11.26982097575098,0.09168688393383467,0.45942878229751893
931,51.839317765836526,21.350181596815826,-48.14670922213911,487.62366781763006,-10.641224912559625,0.08100193749166318,0.4617610699345868
932,45.50644099297703,61.85795814727092,-17.730321552656306,483.12527273493964,-36.214920583201,0.6749791480186242,0.4404631880921677
933,45.78285704760056,60.297138571556395,-19.215726542961985,483.3745141820541,-35.7185009727345,0.6475116662398754,0.4416429893822043
934,50.700312729534105,26.75174238279195,-45.397946055198,486.87623587446757,-15.371614751203612,0.16340438282790942,0.45822166606447723
935,48.85224772366053,39.137261258684305,-37.325732554635195,485.7484952984032,-24.85148043824913,0.3367893200870206,0.4528818309484321
936,45.866872133527565,62.332653598600125,-17.273658610032175,483.4926409984105,-36.32378618498584,0.6835591946052428,0.4422021607163418
937,50.76147419422264,29.474477474782685,-43.80675406320737,487.1167334879801,-17.569302943047102,0.2023119267221497,0.4593604949400061
938,49.57533659439186,32.521755577259896,-41.92886292517307,486.12874928456307,-20.059597210278934,0.24580682816415572,0.45468226219436764
939,47.59089160712421,52.12891779009511,-26.706905873275474,484.98794490533874,-32.36564950979414,0.5187543039327502,0.44928096845656085
940,48.851974745145895,44.40713568739909,-33.2418891177527,485.984692739418,-28.175182899049027,0.4088843768177553,0.4540001736167072
941,51.35632256580998,27.98098674125918,-44.67083656462276,487.61068978837454,-16.305649430222505,0.1805644760011466,0.46169961131282533
942,50.903691283714494,35.0794933147572,-40.18306132570062,487.59771174264495,-21.819755500433395,0.2801270145106301,0.4616381526910638
943,52.543695175468486,21.791881748530358,-47.90345461468987,488.35950993231614,-10.943178903562051,0.08709952638606899,0.4652458439186862
944,46.28177962374549,64.24250875264988,-15.430054004323482,483.93826285517656,-36.79858899652992,0.71985842819505,0.4443116379846905
945,47.939598686301856,52.72007315197651,-26.18005566356014,485.35524627959853,-32.60823627135684,0.5273343505193688,0.45101994108073507
946,46.71341849879494,62.82235466617418,-16.79899834409231,484.351224777433,-36.39585640340896,0.6925167990285213,0.4462665922418325
947,52.89545976724086,22.014308018390306,-47.780424709233934,488.7274111248427,-11.094468612097387,0.09014832083327179,0.4669882309107359
948,47.067176721388606,61.62977817896956,-17.94206399784987,484.68158231168695,-36.02951935561714,0.6706434956952982,0.4478305556475462
949,44.70204234862451,72.55406795736135,-7.25032577968337,482.42519923657244,-38.317202566977585,0.9986120710566688,0.4371494964482493
950,48.285897781159214,53.30806429671934,-25.65470059436302,485.72253446249886,-32.843022949112154,0.5359143971059874,0.45275891370490906
951,51.44937320813578,32.12540162203661,-42.13306186754342,487.9714081705873,-19.56198718782286,0.238925791842507,0.4634078546261186
952,53.306645083692636,21.532701057729938,-47.98999053761734,489.0967408687817,-10.624134838375666,0.08213461100164315,0.46873744663853684
953,51.724204413471654,30.66645425100755,-43.045813148428564,488.15825126142647,-18.404696714899757,0.21832518050844546,0.464292705593646
954,49.5381505840599,45.670352938810915,-32.206425058959546,486.7192106994421,-28.846812127318692,0.4260444699909926,0.4574781188650552
955,49.86708374068596,41.06544991709271,-35.853191013762945,486.85027790170426,-26.019236043829057,0.3625294598468766,0.4580987488209542
956,49.1919310413748,43.73399888310867,-33.77769160727397,486.29291158719053,-27.742622798151444,0.3994406592216903,0.4554595605738124
957,52.55174665763878,26.3963443175407,-45.524145660777016,488.7187600414156,-14.868753392230635,0.15652334650626076,0.4669472584962282
958,45.93545216617672,70.7618960810224,-9.02717212885481,483.6503540873795,-38.03788094541938,0.8869742949175192,0.4429487297849058
959,53.298291873697906,24.79525722312628,-46.360744578065464,489.33574448148784,-13.439777736162222,0.13210465917471487,0.4698694467783144
960,50.54537885527072,42.34534399783249,-34.85253845148594,487.58473368044145,-26.766055515950118,0.3796895530201138,0.46157669406930224
961,50.209365938031794,39.066837792897175,-37.35188863046554,487.09942858721126,-24.67378626359733,0.3350619780681277,0.45927855011099067
962,50.25646342990521,49.4695284152815,-29.005546414320907,487.5717556017632,-30.83960623026512,0.4792520915295972,0.46151523544754075
963,52.255830874498834,31.023648183222466,-42.80729805555435,488.7101089506663,-18.625569315146077,0.2228983721792498,0.4669062860817205
964,53.320262185865076,31.738213942017182,-42.324717618227325,489.8137349374717,-19.064562733704854,0.2320447555208584,0.4721334470578696
965,54.46612650480476,19.60741880660467,-48.80701964272245,490.0829965883499,-8.774899558266585,0.04970221383846862,0.473408850648424
966,50.766869421979855,42.77323443981656,-34.51598394908256,487.8295405477011,-27.009044348459916,0.38540958407785936,0.46273600915208496
967,51.22148150899715,43.62095261015564,-33.83875657431152,488.3191366937411,-27.485759542057128,0.3968496461933509,0.4650546393176504
968,49.05264477612548,59.914386141270526,-19.56233031222238,486.62988114440566,-35.34208630045497,0.6403332956637704,0.4570551297472096
969,49.42801170001705,56.63893887068964,-22.617108849382635,486.94384893851844,-34.14102259220676,0.5866395609523796,0.45854183164731993
970,48.99122447808564,54.46235850670209,-24.609662339234703,486.4570712542212,-33.289118380542654,0.5530744902792248,0.45623685895325716
971,49.64890556082107,57.69326388442825,-21.638798286767113,487.18722908972387,-34.522225985568944,0.6034220962889565,0.45969431799435134
972,51.34947420012495,46.42694898596063,-31.559916419624138,488.5596003625324,-29.11162984995038,0.4357571900875911,0.46619346819317925
973,51.72042038717457,40.63977324798462,-36.14536202605294,488.6928067472019,-25.565010285348773,0.3556484235252278,0.4668243412527052
974,51.189053539169564,49.25636271137849,-29.17933681876172,488.4929965191408,-30.648723416139333,0.4758115733687727,0.46587803166341624
975,51.422351129606845,47.81281781786092,-30.402192375691563,488.67983007538294,-29.8674822083062,0.4552109620347112,0.46676288263094373
976,53.036572006517034,36.518849933397135,-39.130926432490874,489.80508477364594,-22.634054356430635,0.29841978119384743,0.4720924746433619
977,52.796299513283486,41.350598569139976,-35.582431907220844,489.796434602498,-25.921863311244078,0.36479480686683646,0.4720515022288542
978,53.40086484348333,34.54309793505652,-40.48576960339091,490.05416344028805,-21.169859579735608,0.27095229941509863,0.4732722759333984
979,54.13643650880689,30.646836789429177,-42.98191035425933,490.5523025579915,-18.126353949626914,0.21601733585760113,0.4756318785134715
980,51.8731842538882,45.67880808537759,-32.16777593096407,489.05204514087796,-28.64038582486654,0.4250722436454197,0.4685257558302472
981,49.96000316332708,60.20693349121477,-19.2782419228935,487.5501254340189,-35.36635436089169,0.6451896557120695,0.46141280441127164
982,49.83683132655682,68.30641202527843,-11.438727349983278,487.5284952205023,-37.3905159455413,0.8111272198945421,0.4613103733750024
983,55.75934337339076,21.840744850455355,-47.72152432886571,491.5513908278124,-10.597891297724079,0.08402240018494311,0.4803647411451202
984,55.74976076000771,28.501072409490455,-44.20857032603097,492.0292776323971,-16.232426463225213,0.18396249653108665,0.4826287414246754
985,56.42964342783351,19.858902151118595,-48.58765456269774,492.04657418645314,-8.757041157594744,0.051212445185108646,0.48271068625369074
986,55.42853220623216,22.865418916680436,-47.24502032656492,491.30379014582854,-11.532708582545729,0.10042737768486037,0.4791917685908349
987,50.38659611174751,57.74027633805119,-21.590508332172284,487.923823601593,-34.48050123024593,0.6039884330439464,0.4631825063463264
988,53.44183651251094,35.957402540655664,-39.51507088396995,490.1743755701511,-22.19194313329167,0.2904060713622188,0.47384169037116286
989,50.65377544143087,56.71865498309349,-22.533876597182555,488.17150619853356,-34.07326845133791,0.5875834555440291,0.46435547890061163
990,51.96391479187193,48.15245393338119,-30.108781995848663,489.23165960232717,-30.001768788846263,0.4597841537055157,0.46937646311901815
991,55.4214080817577,26.175799068573234,-45.53119352411816,491.54274213515714,-14.354882905038092,0.15039742585793214,0.4803237687306125
992,55.256957203779315,25.03504368487938,-46.14969074821536,491.2994656955941,-13.413856491026483,0.1336148905213549,0.4791712823835811
993,53.42041368469787,41.21143042286664,-35.67834295599259,490.410470760217,-25.77150822303061,0.3625011280929536,0.4749600330394379
994,50.8920169583643,60.01694239972792,-19.45122512359245,488.47136830079114,-35.232229528257925,0.6417491375512452,0.4657756006271471
995,52.02960112412828,52.09184219740157,-26.7030375150736,489.40838740615385,-31.974008718438384,0.5166210723232745,0.4702135129362866
996,49.072334207329554,70.91552324207844,-8.861072914976265,486.78105631880726,-37.83004625953708,0.8935296652307885,0.4577709695048928
997,52.43562672547524,50.796726466545124,-27.832596268103984,489.7791342382347,-31.317647832158464,0.4975448582128144,0.4719695573998389
998,53.134629525930414,46.483716090962865,-31.486667906259893,490.33955412296086,-28.98356549745263,0.43574302421062977,0.47462411030242113
999,56.214467240476814,27.217804047854305,-44.92270629649235,492.3999293614673,-15.129025163033099,0.16488628242062642,0.4843847858882276
1000,54.783320760478965,36.30570698988679,-39.24058916852004,491.5240032759497,-22.301576004655306,0.29420998148274163,0.48023499516584595
1001,54.95056108938585,42.76999453589213,-34.44536927093207,492.0033327463919,-26.611988995930165,0.3830875735500537,0.48250582418115234
1002,55.32105029755616,35.55945637797151,-39.7438803934995,492.01630519763256,-21.709667834007256,0.2835250350405701,0.48256728280291383
1003,52.798026323574845,51.01543401469713,-27.637385954366792,490.14698432640785,-31.39375601329954,0.5005936526600174,0.47371194439188863
1004,53.52245267055654,51.45209470160362,-27.247335794702924,490.88264477312106,-31.542904731051152,0.5066912415544229,0.477196718375988
1005,54.1380392437085,41.68619103721214,-35.30140778147177,491.1461122344523,-26.00623516496109,0.3685987169873593,0.4784448070235373
1006,54.51224678911734,36.678185714759934,-38.984770708926234,491.27784341696196,-22.59509132005504,0.29955245470382735,0.47906885134731186
1007,53.732535522026865,41.14237721903274,-35.72587428384165,490.717475000779,-25.696215720117806,0.361354288706012,0.4764142984447297
1008,57.03699870132102,26.188689488780298,-45.45667606849223,493.1383100167022,-14.176163686211778,0.1488588627573692,0.4878832173438296
1009,50.549346474055,70.9370460876183,-8.83167622324699,488.25425079764887,-37.724701059338365,0.8946623387407686,0.46474734620884284
1010,54.29695896746371,50.37262069426495,-28.17722512073825,491.6211351240431,-30.94676149646746,0.4906638218911657,0.4806951498315899
1011,53.7196155755662,57.437129799516796,-21.843273647289596,491.23892320009213,-34.09985457638536,0.5982400702322779,0.4788844754820274
1012,52.804780167383306,61.92559238138952,-17.62300727370306,490.4106557883554,-35.67462948685284,0.6750483371229983,0.47496090949624065
1013,55.406310541894904,43.61400256419824,-33.772781690870104,492.4927289347247,-27.08950981273284,0.3945276356655452,0.4848244543467177
1014,55.988381679854726,36.83821408307351,-38.836033938833616,492.7503897534779,-22.556230402290634,0.3006851282138074,0.4860452280512619
1015,54.68625021339569,49.83030282541633,-28.64056034978099,491.990360278675,-30.638997975396855,0.4826501120595372,0.48244436555939085
1016,59.95736348853331,17.876227545595086,-49.19387114631429,495.3646589351728,-6.515368926909641,0.012276569536945503,0.4984331415966456
1017,60.484878424358484,15.899868888416366,-49.807663667725215,495.69525924110604,-4.592280265217296,-0.024202162099440427,0.49999999999998135
1018,55.62995727181705,44.03718764464097,-33.434534630775616,492.73741823465156,-27.323563470975234,0.4002476667232909,0.4859837694295004
1019,57.336436988448895,32.794109968725095,-41.52548841582978,493.8622260729683,-19.43845832331273,0.24345648588242702,0.49131336144191873
1020,56.52284657397192,33.891256680893136,-40.833644340222506,493.1238977644925,-20.355955126359127,0.2594839055456842,0.4878149299863168
1021,53.114743471214126,63.12983521996462,-16.464703792442272,490.7350513096274,-35.99116651049377,0.6974250509051012,0.4764975579589492
1022,54.91877999233761,50.232497172887676,-28.290614338847558,492.2350616150593,-30.82209642352802,0.48837014311728294,0.4836036806421735
1023,57.74750656044965,32.25220787505241,-41.86071257075422,494.231370206377,-18.97592027099819,0.23544277605079839,0.4930625771697197
1024,57.33041143327084,39.39612248010616,-36.95929407735477,494.21840056885594,-24.187314948494347,0.3350053145602819,0.49300111854795814
1025,60.32673700914942,17.50733969332706,-49.31175979872285,495.69526780610903,-6.128967308881794,0.005098296215925627,0.49999999999998135
1026,60.14208649148159,19.880973696025563,-48.26313563506013,495.6952676644255,-8.265413386098764,0.04417669780310064,0.49999999999998135
1027,56.19236153344809,42.49153113231134,-34.63896204371188,493.2311028802623,-26.317837612936856,0.37850021600228795,0.4883228858023197
1028,58.301652461681634,29.389063501584296,-43.59274633169275,494.6048240450937,-16.659279559529363,0.1942415533826753,0.4948322791047745
1029,58.3546324920099,31.437094872455628,-42.35009324229393,494.7850613804535,-18.278157849846746,0.22342221130335543,0.4956864007614211
1030,54.14142258893251,60.75755540758748,-18.723763956121747,491.72259032140954,-35.21442080187567,0.6539301494630954,0.48117579070458766
1031,53.982913203029575,62.732876238834294,-16.839215433542797,491.59518920127306,-35.81441969735437,0.6897888989101326,0.4805722325880669
1032,54.28626117297214,67.11767545474555,-12.579694470828938,491.9514427766637,-36.837586203536056,0.7813377275879876,0.48225998969410633
1033,56.08802339133489,48.60165900586186,-29.67268322301839,493.342630457517,-29.87437488225312,0.46432901362239704,0.4888513278255764
1034,56.32132874442216,45.292333438605574,-32.412748581559185,493.47145095747356,-28.006234487557286,0.4174077598965282,0.4894617146778485
1035,54.35937722056604,62.306045881332956,-17.245396025595248,491.9644152938111,-35.66406272111282,0.681775189078504,0.4823214483158678
1036,56.4407542036592,47.367103918006855,-30.704366774370587,493.6517083026777,-29.175149992216614,0.4465884178172081,0.49031583633449516
1037,58.18637337071415,35.872891356592234,-39.45021813590005,494.8741479684652,-21.635869778928935,0.2856597689325026,0.4961085762655563
1038,58.61443489507742,34.12381317313171,-40.61716259449208,495.2020058723191,-20.304856287324487,0.2609869961186129,0.4976623051243554
1039,59.04625092522674,32.39065271557842,-41.72520335388099,495.5298532455391,-18.9434382576116,0.23631422330472335,0.49921603398315445
1040,59.27658129625019,31.535642872589364,-42.237748602106834,495.69526744529867,-18.240546891235816,0.2238650657072188,0.49999999999998135
1041,59.61530871793124,26.009953245146853,-45.38447802431456,495.69526316634165,-13.688483005164247,0.14279575747047552,0.49999999999998135
1042,56.6408128584868,50.5621074155266,-27.98514739776798,493.9594021536794,-30.834175724507674,0.49237746023709567,0.49177383107782974
1043,57.15430532553847,48.29765119021272,-29.91310624790666,494.39658285786936,-29.615956200627387,0.459480429818576,0.49384546955622854
1044,53.68800270797502,70.88227215662096,-8.8674850684147,491.38462469216483,-37.48548830393446,0.8929208308449139,0.47957470748064335
1045,58.88415132188771,36.83904558335908,-38.757898643971565,495.6189333333505,-22.2575500850344,0.2985517809338705,0.49963820948728965
1046,57.413158636986864,47.15065426460171,-30.868615034539253,494.6151661895419,-28.966176332812218,0.4430319146093164,0.4948812887954279
1047,58.889101405497684,38.15105165647311,-37.819671199828186,495.69527124619435,-23.17102316678129,0.3167054707294407,0.49999999999998135
1048,58.84873229890517,39.33584227337245,-36.95364074570523,495.69526996925686,-23.97957603705828,0.33315354170229383,0.49999999999998135
1049,59.142709031638226,33.46251389620587,-41.012695554450154,495.69526825394166,-19.73281224294728,0.2512185452329585,0.49999999999998135
1050,58.9688367863471,36.70072923288848,-38.851586141666,495.69526995795394,-22.1493906952888,0.29656468406557723,0.49999999999998135
1051,57.474856468210966,50.90686126324908,-27.67431875706371,494.81354321719704,-30.9305702122773,0.4970452146338336,0.49582137391916276
1052,57.84409586345118,50.65242407224715,-27.892464527323746,495.17109764668857,-30.77031711606436,0.493118294362993,0.49751582794600696
1053,58.38354982478008,50.27560970526485,-28.211058594407334,495.6952665161765,-30.532060319880014,0.4873611918152322,0.49999999999998135
1054,55.77315438432639,68.15607475043727,-11.548717267999837,493.4413856119114,-36.91861630558639,0.8071217515907232,0.489319256137573
1055,57.57799262877464,57.15956796447056,-22.06586092370432,495.0713062148964,-33.6758447842373,0.5925502197444488,0.4970429093789878
1056,57.81915113278053,57.43223046525375,-21.813082703408675,495.3195692462916,-33.7589671726855,0.5968475570782381,0.4982194537862322
1057,58.30934527660451,52.596009433882564,-26.132365078529524,495.6952679046479,-31.561745442843968,0.5228594782735606,0.49999999999998135
1058,58.15105786704484,59.47433853112323,-19.90615777180016,495.6952706595333,-34.462501075328575,0.6306983024016506,0.49999999999998135
1059,58.152783179616705,59.86827024069862,-19.53574413493107,495.6952695153498,-34.59410194212806,0.6375145737950854,0.49999999999998135
1060,58.11100545095763,61.773931083081926,-17.701230267967244,495.69527119918985,-35.10098949736704,0.6754867218546661,0.49999999999998135
1061,58.19562998044088,57.45514018802589,-21.7890437797007,495.69526160859346,-33.735766441400884,0.5970772836747804,0.49999999999998135
1062,9.605213195063495,16.704304575640005,-51.670986655551516,445.171250023855,-10.761240471286905,0.03286836598095738,0.2611394325396136
1063,7.36154511969532,40.443116806709085,-36.683663176867874,444.3155721973485,-29.060057115343813,0.36350528015178113,0.25710418252482936
1064,8.680795786470767,38.11765617930433,-38.4788322407865,445.5174099548083,-27.492948078563135,0.3329974120763924,0.2627719667240235
1065,11.76043026921015,19.67340184274992,-50.20936598165302,447.51682860068547,-13.176236660607511,0.0791067335727324,0.2722025521042689
1066,8.72238268480753,41.02189527440647,-36.230214457254604,445.69331514203884,-29.322787515732678,0.3712006005236386,0.26360157893194236
1067,6.7502858050425205,55.7528801395782,-23.51244780691894,444.25763533900374,-36.79641838246545,0.5745947580571109,0.25683097298065677
1068,9.10151646369085,39.984284686058636,-37.045056999085304,446.02408332623344,-28.65465656017794,0.35754489197633804,0.2651616015408226
1069,9.952020463585082,34.12486939545431,-41.40925406378583,446.5793513136873,-24.69750913565184,0.28044396578675307,0.26778055915325916
1070,9.265396408096198,39.62534400622225,-37.32411514579745,446.171052449007,-28.41762991382506,0.35282610152469146,0.2658547772439551
1071,6.999386183624851,56.784002734227464,-22.557181411854966,444.53545281239565,-37.164393010472615,0.5902310856100936,0.25814107499074057
1072,5.017474812526608,72.54812758339664,-7.249426976129405,442.80894589542856,-40.820955891667296,0.9674605437927147,0.24999999999996914
1073,5.211584113780198,70.24434041290915,-9.53943769240792,442.98372547239813,-40.57158301570438,0.8542393004157283,0.2508240567707084
1074,5.142397004288718,64.64591216516112,-15.022335752429898,442.8089516515922,-39.4679268461069,0.7315775129138476,0.24999999999996914
1075,5.033035516966192,70.89851064624682,-8.8893672494408,442.8089496729107,-40.65326858952909,0.8784929674837452,0.24999999999996914
1076,5.038681103303453,70.03209925002312,-9.749210917428007,442.80894343497494,-40.55182654311615,0.848253116936201,0.24999999999996914
1077,8.635617275739625,52.08256066345012,-26.861957140908178,446.02631031434834,-35.16926487008879,0.521386858689054,0.2651721049929224
1078,5.902590718238953,71.45950749968284,-8.335907146500674,443.6881737298006,-40.67228023370098,0.8965073980002392,0.2541456770095406
1079,7.199055788053126,72.10622690719983,-7.694098535440704,444.98710396613495,-40.66356942323847,0.9262719278746638,0.260270998690266
1080,12.483207555682808,39.654877553095346,-37.297763020901044,449.3777022309566,-28.21132554560341,0.3533072010272343,0.28098131174527824
1081,16.584041731128544,14.581325345744407,-52.473909461265286,451.94000219895435,-8.2641247423477,-0.0037844572156408574,0.29307167959132036
1082,12.741892485554015,38.937105078869756,-37.848779424308766,449.60718360677504,-27.736046065428464,0.34387306987036087,0.2820640108835819
1083,12.927877644657281,38.97243935095807,-37.82155828546516,449.794306847558,-27.745205737078294,0.34433348678746417,0.2829468810894061
1084,17.86051419297287,15.022774208755541,-52.25476167938877,453.25059580161343,-8.552562551017951,0.0034664917365115344,0.2992569583790261
1085,10.905700190520292,64.19042427138024,-15.507725939166782,448.5829924623301,-39.15004189128976,0.7158780117885284,0.2772320366785416
1086,18.610591150218113,14.003890256213431,-52.65974062432611,453.92281297015535,-7.560130667605611,-0.014261852679041231,0.3024297582007171
1087,11.253235943151427,64.84050127942143,-14.876411564077543,448.94107524358196,-39.27900678635901,0.7285238182600191,0.2789213608054575
1088,11.586781370122786,63.19139461398413,-16.478783888476976,449.24588524931266,-38.86491752033385,0.6973946461018656,0.2803594066832183
1089,11.660363942555657,65.40605561912612,-14.325847840515232,449.3563324662458,-39.379079971058964,0.739888409843277,0.28088048986277236
1090,10.379404016400121,72.41487264112604,-7.395654459825553,448.1637224780662,-40.50991281730307,0.9466747128488924,0.27525412483406575
1091,19.346503853952065,16.85382771900818,-51.415446691557875,454.8593492475966,-10.05903915637806,0.03340362579202899,0.30685046414801215
1092,22.2075579863529,19.777719546994625,-49.95680596568448,457.94479770102436,-12.374138267913017,0.07855451583495138,0.3214174676561512
1093,18.032059600765393,49.34219569546081,-29.299935497397072,455.2843817738445,-33.27717427182905,0.483529892473412,0.3088568660330672
1094,20.12605648386134,45.75057601923913,-32.36536413053222,457.273126728218,-31.26762866614644,0.43435394430070057,0.31824600593092217
1095,19.989872846988582,47.792546818437025,-30.636555932817895,457.2101378416666,-32.3610960981202,0.4621469435720927,0.31794859884528465
1096,20.2308892575811,47.188347267681245,-31.151491989582833,457.43087698456935,-32.03026824513879,0.45388260047856893,0.3189908444273739
1097,27.03308098058237,15.531572266982934,-51.77114592608784,462.4412125695418,-8.157127476891404,0.008169289358123388,0.3426537479886706
1098,23.270134726447264,39.017350801075764,-37.73546094900325,460.1284886367909,-27.003296121507788,0.3442128733767898,0.33172974007939043
1099,28.304293982890968,15.988958009629735,-51.53280190360908,463.75496580089066,-8.446140843081864,0.015188905852714929,0.34886027515877405
1100,29.05849675203894,14.979230685312485,-51.92977043065363,464.42543464212685,-7.455323433664907,-0.002556711397245115,0.35202805809744414
1101,22.655199661946405,57.11184790521312,-22.28046227630969,460.1742010802492,-36.289443034228626,0.5969637607791509,0.33194563615015926
1102,29.788217138811667,17.845671105353013,-50.665832698347806,465.37090022973604,-9.957676914665033,0.04474259747312265,0.3564954773787192
1103,32.57663511111182,20.82919820836471,-49.15392877270387,468.3764854759848,-12.296832806782021,0.08968064234095141,0.3706999010495754
1104,30.60018105253736,47.96874318739352,-30.446462646079546,467.8595607490917,-31.67185245846942,0.46362151438054716,0.36825661380389174
1105,35.74713157285039,18.488183671606052,-50.1652278243423,471.364831092866,-9.91867752781903,0.05099767404891559,0.3848269757039384
1106,36.89099397017261,15.810099087336019,-51.27946261356048,472.2927748317426,-7.392498658071736,0.005653389112308949,0.38921456509185653
1107,31.76411491028729,48.07016789659988,-30.35344627401494,469.0238411475799,-31.635517567633865,0.4648365292549818,0.3737598544857688
1108,37.48101238977475,16.96871435762124,-50.768128644812755,472.96866298501783,-8.37885906119725,0.024804023562746857,0.39241061191288795
1109,37.60068944494561,17.883236845758255,-50.36464467726092,473.16035319001406,-9.186185286491286,0.03978689096449878,0.39331708851098024
1110,38.79600144407716,16.786253899824242,-50.79012622097339,474.278155953056,-8.068097609362201,0.020521940581541998,0.39860336158775445
1111,32.698021461272646,57.79268192960408,-21.628686681210837,470.24485605313293,-35.838481804042345,0.6075589620918367,0.3795319349010469
1112,43.1368395507813,21.98801857489447,-48.212033310025895,479.0013754187836,-12.190098150417409,0.09954862006650816,0.42094661075783085
1113,40.983082138879304,47.428594980445446,-30.830957878053855,478.2309411336014,-30.561156517420965,0.45377743842804646,0.41730135842580224
1114,40.84088360180292,49.398562660776,-29.149605739441114,478.1569666564534,-31.59645824438481,0.48144535523558646,0.41695136813696276
1115,41.14886880039153,48.824707932406675,-29.64120150521736,478.4437669059288,-31.279611478297976,0.4732642050308638,0.41830830027128807
1116,38.86791107746905,70.71935648458111,-9.093314530725134,476.5953933802168,-38.5297543860222,0.8837949659164717,0.4095637951802817
1117,46.983503045172974,19.641177046833505,-49.169790437272624,482.6528232419514,-9.701159356099655,0.059202594942379505,0.4382268952543513
1118,46.548485048759815,25.41936466090513,-46.286650531505714,482.6412816084356,-14.729197193402204,0.1477026291730315,0.43817226536834114
1119,44.87281663733726,36.39662659643509,-39.391136748912835,481.6384365563754,-23.358663056460287,0.30182257340335267,0.43342574526518995
1120,46.188873539611585,30.855392200482953,-43.08706598413121,482.63118266843315,-19.13848236085817,0.22514015912485202,0.43812446421808227
1121,43.74819222993921,54.393524889283604,-24.707122694593057,481.2069217228386,-33.68341009178794,0.5534579434209888,0.43138350524323943
1122,43.41972900361591,64.11421195645042,-15.566550479832816,481.07982236751656,-36.977751911837,0.7175305500831399,0.43078199566200054
1123,49.256969498579416,24.502418793648946,-46.68118245499866,485.2840168800944,-13.655968754198819,0.13175543309197785,0.45068270365851404
1124,49.367900105832305,27.110602365212902,-45.24234659727209,485.56560210153384,-15.814992694220352,0.1697725647827038,0.45201588983713187
1125,49.77843387416006,25.879137999405245,-45.91631016601223,485.8954396636844,-14.754746079797803,0.15158676287575795,0.4535775769975951
1126,50.08243406944982,26.172615312296,-45.74500806332734,486.2223821874673,-14.960532950175773,0.15552596952647507,0.45512560668655583
1127,49.36846639152345,38.11791892323349,-38.06559047943651,486.2108307653261,-24.11348094353519,0.32262374369292296,0.45507091138409006
1128,46.96300568913359,56.56706451517344,-22.700588848943696,484.4674446887713,-34.3106518612059,0.5861188532274055,0.4468167894278795
1129,47.17092744968983,55.12206885293654,-24.02317865691488,484.6409477040674,-33.71556715600573,0.5636640034625204,0.44763818243743997
1130,49.5288897426084,39.10196148213167,-37.339199334222705,486.4239842543006,-24.762617076270626,0.3359256490775742,0.4560801905297114
1131,50.46208497122711,34.22400735406482,-40.776000311017015,487.1080810412565,-21.240568695595698,0.2686869523951388,0.4593195225254983
1132,47.3176665021493,57.11532850855943,-22.191890470244132,484.8347647556025,-34.49203315389046,0.5946988998140241,0.44855576205205355
1133,48.98238253423193,47.63784521599486,-30.57690870037193,486.24489373523187,-29.988554320417347,0.45379984210622354,0.4552321977145923
1134,48.89154825752525,49.55282116699134,-28.947259627484897,486.2208847246909,-30.999382462823483,0.4809794335484902,0.4551185162849822
1135,49.2127506447241,48.05053892302234,-30.226128337433984,486.4897326875396,-30.18955521685145,0.4595198731639693,0.45639151279737494
1136,49.05828836169679,49.22661743296591,-29.226110259377414,486.3749917501558,-30.81834809343291,0.47625757475045766,0.4558482097635348
1137,51.083950079944294,37.42886511822248,-38.52854217055679,487.9004746052668,-23.468939473598862,0.3121676879601832,0.4630719318891018
1138,48.472050874787264,58.38864217401324,-21.00031041207042,486.01922338960867,-34.86672587345938,0.6149707137405747,0.45416367077600417
1139,51.30455092766698,37.85913260278661,-38.21453217104105,488.1452739108897,-23.743291078914172,0.31788771901792906,0.4642312469718845
1140,51.8826102261723,34.07648928379042,-40.83973053406608,488.5203921966835,-20.983511320402975,0.26562399207097437,0.4660077776426905
1141,49.448740611559046,51.325232885055364,-27.401003535120427,486.83153043594865,-31.828086472131304,0.506342015471686,0.45800997525618764
1142,51.110676336487636,39.498123950921645,-37.014496576470485,488.040030540126,-24.871945891970565,0.3403950073712391,0.4637328343652847
1143,51.69941134402706,35.61981743199024,-39.79139438993049,488.4255324990669,-22.12784848016106,0.28698680201683663,0.46555852342317555
1144,51.43851904952009,38.787049060803774,-37.53508003497356,488.3277881154308,-24.362649751163673,0.330474620520362,0.4650956117321581
1145,51.966147744827616,35.80047015096587,-39.66005691626496,488.7014578525951,-22.229828751607076,0.2892733978522389,0.46686531366721284
1146,53.86615599943721,25.425094004863876,-46.002633927228324,489.94836664988094,-13.904311113751744,0.14087348467966349,0.4727711488531468
1147,54.276456824126655,24.915030225621035,-46.25591284299122,490.3176522678298,-13.426642881222008,0.13285977484803485,0.4745203645809477
1148,53.953908109616805,27.136182479808625,-45.05904652605521,490.1496825858218,-15.31982018153853,0.1659214350723094,0.47372472540658833
1149,53.9109993461942,35.85798817452323,-39.57338533389208,490.6348891131908,-22.071466480360872,0.2886858122818066,0.4760230884791006
1150,55.06521519738123,29.193167052267277,-43.83023213907223,491.3733511219806,-16.868419912243514,0.19452159036103817,0.47952130082050176
1151,54.87183946000009,30.733619386813853,-42.90497793948089,491.2886545619989,-18.11247421000634,0.21658367261259104,0.4791200668654465
1152,52.59418349026689,46.13895771338007,-31.778858894248042,489.7877844240276,-28.837995325995355,0.4311698325398255,0.47201052981434655
1153,54.951450794028815,31.334342206453346,-42.529436038162025,491.4102936347649,-18.572391066414742,0.22497494028087978,0.4796963100389622
1154,56.89566920854664,20.857248969959077,-48.11714863453327,492.59678059321874,-9.588205899122446,0.06684814113474441,0.485317438006014
1155,56.448483843039604,26.584105524450823,-45.26491734547952,492.5852501816393,-14.576451741648539,0.1553481753653964,0.4852628081200038
1156,55.087284713821845,31.15293174707381,-42.638192827314384,491.5333727098504,-18.416217623769448,0.22230370367033686,0.4802793819482292
1157,54.89904664591388,32.97898950871869,-41.48281088996756,491.4481969891405,-19.841919768474867,0.24805328734816706,0.47987587174792345
1158,53.77224589495905,44.82409352291333,-32.83397653278835,490.91541219448777,-27.968426936270692,0.4122147490825981,0.4773519412814184
1159,53.601642077552256,46.37885036762226,-31.56791193613643,490.8000602207559,-28.881219520273778,0.43402276513021737,0.47680550841035885
1160,53.80732228287785,46.643177348600595,-31.345924567959635,491.01437935317205,-29.011482170444914,0.437644979270891,0.4778207626997626
1161,56.08599921480517,31.95679309268608,-42.0996058090219,492.5751610608279,-18.932480846109694,0.23278570531721693,0.48521500696974473
1162,52.77024075392951,56.77112572663108,-22.468668073335483,490.2788209079611,-33.922119581732865,0.5878209948915079,0.4743364269440647
1163,53.01569153575653,55.045865784516515,-24.045076849929032,490.4800994950363,-33.20563907793126,0.5607777437791461,0.4752898574213724
1164,53.13450478422058,56.9694325451364,-22.28282730158422,490.64665300647164,-33.96883914055201,0.5908697893387105,0.4760788139361143
1165,56.74701326842885,37.62363586139773,-38.2591609547429,493.54666935296206,-23.03077787547803,0.31097835094235743,0.4898181236221192
1166,59.785041496040684,23.95920290456137,-46.486845427333996,495.69526190666164,-11.951918266030978,0.11204919398824781,0.49999999999998135
1167,56.48736850505956,55.25471408594364,-23.82078291070205,493.93919879967166,-33.00307355698211,0.5628392754708726,0.49167809696236525
1168,39.02059249274382,66.41559115128855,-13.340111396373064,476.71319381141194,-37.81522031602937,0.7654252029360835,0.41012105237931507
1169,48.792885806762435,31.679391721388008,-42.49404748855498,485.2842388462302,-19.500816754188705,0.23470866895990034,0.4506837545591984
1170,48.904591936074254,32.71896125165511,-41.81849860541305,485.47340549032276,-20.277005032649292,0.24899091914155286,0.45157937408069493
