vertex,flat_x_mm,flat_y_mm,source_x_mm,source_y_mm,source_z_mm,u,v
0,5.056380656835104,77.31752384509834,3.65905196692057,495.6951537774787,-37.16081899693713,3.306668159395203,0.49999999999998135
1,8.28678875934623,73.79417233533198,0.1764588393759683,498.9645217908507,-37.244221676375254,2.576777311287684,0.5154965596931922
2,5.008149998702869,73.84040248435954,0.2062555850605297,495.69463442518077,-37.48773550761882,2.5752819799596987,0.49999999999998135
3,5.259887886621275,86.58875513636139,12.700675182477193,495.69280867292656,-35.22774021151086,5.262252164328257,0.49999999999998135
4,11.021740993277097,86.36148927019565,12.520859630122516,501.44358579770386,-34.842102816990455,5.264881721042792,0.5272508719845744
5,5.088899262921805,79.04572826946021,5.3563217672846655,495.69506454569563,-36.88159705197914,3.6738177295662386,0.49999999999998135
6,14.0307244741314,73.7400688361954,0.13619202819573914,504.69075302022077,-36.80316540725943,2.5800023939649623,0.5426514179058877
7,11.271199642211945,69.57162803093732,-4.037475011984905,501.9561874887544,-37.05407973137673,1.682892563154167,0.5296816944045285
8,17.066451450509803,77.86476006301007,4.256280203834429,507.6676720177631,-36.18745007282413,3.480353065030287,0.5567745537071476
9,23.230068024605885,85.91821642622239,12.165429889407758,513.6188997298653,-33.95870807126038,5.281054407160938,0.5850208253096673
10,20.140429624791125,73.7126644539843,0.12344706777694253,510.77828926955067,-36.319205675289346,2.5880887370240355,0.5715363945684342
11,5.061632490318647,78.09493651668113,4.430563739838283,495.69484041939495,-37.086943355594414,3.471166061647289,0.49999999999998135
12,25.875498167857177,73.6639966588479,0.09496361448435414,516.4917875391918,-35.85305179082672,2.5903567016061237,0.5986623084804592
13,22.994655036971714,69.60463671835222,-3.983259363318233,513.6409529168806,-36.11373445169514,1.6919454900331272,0.5851255269293731
14,5.364823177410093,89.54720580900998,15.48067714132025,495.69455126490215,-34.229600833529624,5.882882526606026,0.49999999999998135
15,6.031148322040118,92.93941136960305,18.62473038716344,496.23181353902163,-32.91590521834597,6.607361110656797,0.5025429204559261
16,5.4800571436390975,92.59624267755376,18.30761960241232,495.69520421691624,-33.09654950063083,6.529351748842851,0.49999999999998135
17,5.493823576969396,92.96650869902096,18.646833388574567,495.6950950449329,-32.948873315283215,6.607115733057018,0.49999999999998135
18,29.016465569547552,77.68862580408592,4.131724439720713,519.5691757107189,-35.2334185224046,3.496775834426355,0.6132791091455408
19,35.376397817902564,85.52588499068362,11.842485231879667,525.7211561000986,-33.01781711175975,5.309614100066816,0.6425127104757042
20,31.954012129690494,73.66617300070847,0.12632347659247986,522.5430074493963,-35.34292577274003,2.604636548059063,0.6274082510634776
21,37.60760418379729,73.60778236714764,0.10915404395113526,528.1704225201072,-34.858245059079366,2.6058905473764744,0.654156314840126
22,34.63227694658029,69.66511187075696,-3.8678459581351903,525.2357518709623,-35.128852966776826,1.7038133636014197,0.6402054737771677
23,9.623358502010113,92.73580564608733,18.46386233467689,499.8196142080516,-32.693977295727564,6.607321384581707,0.5195505990239178
24,5.4411887729536765,91.6443060234803,17.434569597227583,495.6947547584456,-33.47391189549352,6.329707496105601,0.49999999999998135
25,6.77675376004348,95.0167460892306,20.499759875126013,496.8863790021129,-31.95422983550623,7.054827756478072,0.5056453889917044
26,5.62583253405522,95.9553065481144,21.311344865495506,495.6949984975796,-31.597215090657386,7.2365112794005615,0.49999999999998135
27,5.789666404932625,99.32474558737572,24.246640486671186,495.6946985262147,-29.941111954775906,7.949788727791374,0.49999999999998135
28,8.291358414423009,99.15298329167472,24.112357775627846,498.1953839661358,-29.805107283798744,7.949761048120621,0.5118503260632612
29,5.570126977984021,94.76138935624225,20.262077594972165,495.6948798622709,-32.16634198332953,6.986866439465114,0.49999999999998135
30,5.583793479061739,95.08444551784683,20.552486727947066,495.6947476055162,-32.02485484541076,7.054306626560259,0.49999999999998135
31,12.491187013399262,92.5813583962207,18.339709358842036,502.68289179001516,-32.5113347035215,6.608933925920345,0.5331280281302655
32,16.062974380146454,90.32568297290346,16.28531035087239,506.32953296589335,-33.09231609723896,6.166307419667209,0.5504256271900662
33,41.3701628203037,73.57729021938236,0.10050865832562661,531.9168723783063,-34.5287232169082,2.606374062376957,0.6719720609326422
34,44.6691213581796,69.69407106954101,-3.768627048722036,535.2260992177673,-34.2367929994083,1.7051027369360383,0.6877141300238767
35,11.083020852966152,94.75944007763677,20.294705543263788,501.18727528629546,-31.69431711841956,7.055876299987105,0.5260354607745974
36,14.021980672986956,98.76598431782605,23.80061210531613,503.9220471082507,-29.479964829425025,7.9529861307979,0.5390051842759567
37,39.34503647916153,77.51557545710646,4.019429405959631,529.8520542562895,-34.36808299142153,3.507454074940243,0.6621522774469962
38,42.89522005100858,85.19977728841327,11.560188981382595,533.2144810342983,-32.433988607378225,5.3105811300677805,0.6781442026607362
39,18.592056774409404,92.27036944824592,18.086799218337607,508.77162800168827,-32.107292826899915,6.617020268979418,0.562013004792812
40,47.00622710991717,73.53437367123466,0.09182189138133534,537.5288144811093,-34.02485257028665,2.6065706080609905,0.6986712354335411
41,5.94596634578053,102.12650535635251,26.564271450322895,495.69511255951033,-28.366339165345,8.539573934757097,0.49999999999998135
42,22.010651691920103,92.11927078086299,17.96004891313402,512.1821514155059,-31.867887139428333,6.6264032599383444,0.5782000837242713
43,19.3387652438585,94.30846415365762,19.92703851163678,509.4295279090151,-31.162547697228558,7.068597550224863,0.5651351172414998
44,20.855866267737238,98.36030006435448,23.466898090862788,510.7452001613489,-29.050333973783772,7.971752112715752,0.5713793421388753
45,6.5450914284785835,105.65958624274978,29.408362052962104,496.0884032996138,-26.23624119065947,9.29330222326869,0.5018632201281753
46,6.124053425230716,105.19592634847179,29.042576636933873,495.6952464408892,-26.558170861524268,9.189126313718756,0.49999999999998135
47,6.151909024596511,105.690466852697,29.433091194672155,495.69520987325654,-26.25464093800307,9.293306575327815,0.49999999999998135
48,6.232433769379783,106.88011174522502,30.30854405942397,495.6952384038471,-25.44768149441426,9.543956714856568,0.49999999999998135
49,24.874567469569236,91.95773203489097,17.822903748806223,515.0389075191953,-31.678012735894765,6.627537242229389,0.5917630406802838
50,28.3658840946952,89.77324373526261,15.827799829782522,518.6009053720853,-32.22132562650662,6.188229528175199,0.6086795972787572
51,23.525985055992678,94.077848571849,19.73288648789646,513.6078731184315,-30.886491147291455,7.075608865724844,0.5849684744998144
52,26.57628176843414,97.9450203336294,23.117056885664198,516.4587170146422,-28.718374810065683,7.9740200772978405,0.5985052560509003
53,56.975955342326486,73.02069603786423,-0.33501069931753147,547.456440081586,-33.11768851149858,2.5018312753771785,0.7459388302776891
54,57.83168367993641,72.98829042096108,-0.36385254646980303,548.3081525869177,-33.033791840232375,2.4928322093567394,0.7499999999999936
55,57.83048076450514,72.34916393205965,-1.0008946884897005,548.3086897043032,-33.0093963227429,2.3335759096003192,0.7499999999999936
56,13.414951707272646,103.01121862848565,27.316624936784823,503.08424419829436,-27.17146302944932,8.851399439655081,0.5350315133355684
57,6.023800156443478,103.57168910734894,27.758445359772853,495.6948018058757,-27.553152485102828,8.846364940089433,0.49999999999998135
58,30.941837754900458,91.65667074274735,17.57224892589047,521.090992563795,-31.247112733781382,6.641817088682328,0.6205089832633023
59,13.122046181052692,105.1390254279765,29.00060626920022,502.6653169136316,-25.90584910380691,9.300606094083674,0.5330446778653744
60,10.363716201692114,107.4749830932011,30.79169508175309,499.7713619277674,-24.688981535126455,9.746018528861368,0.5193218233079461
61,6.498323919382325,110.80740147262149,33.21470063619952,495.69492905580387,-22.80259201787047,10.373160668124685,0.49999999999998135
62,6.587639269950555,112.04945019248281,34.108431867107726,495.69431035972,-21.93846665367874,10.6387463181888,0.49999999999998135
63,18.013674732591618,110.97601695707266,33.27370647561639,507.1332903653009,-21.46449985735296,10.651451140046722,0.5542390296674876
64,17.600190697673824,102.7049034801886,27.06738701976024,507.2672273141483,-26.94136530992218,8.858729794520125,0.5548745186941065
65,15.984450698784162,104.90137034640517,28.80880559037437,505.5277952783313,-25.766458683093205,9.30221863542231,0.5466221069717221
66,34.35750101022413,91.54320038575379,17.47222920865549,524.4963011163327,-30.979713614853573,6.661475876411988,0.6366909082934933
67,31.754990532315198,93.64762563150347,19.36947215892325,521.8178131595128,-30.314454851179104,7.098990610040605,0.6239623575459623
68,33.405887765087215,97.59665654239645,22.817382277155236,523.2712982833935,-28.23091474816707,8.013337652757158,0.6308691061112824
69,39.07586854385872,89.29248816632854,15.412225889076876,529.2784473085768,-31.42437408800506,6.211595627403056,0.6594246943414571
70,21.78345602074988,102.39068253151221,26.806619388674424,511.44646023738767,-26.711503886702996,8.865741110020103,0.574707875952421
71,37.177646776121534,91.3719226788531,17.32341894506277,527.3098572219405,-30.78556713248974,6.662102876070692,0.6500649401818176
72,19.398444832922287,104.64597616321696,28.600065604286613,508.93940545927126,-25.5784889115982,9.311601626381236,0.5628091859031814
73,35.91289402400733,93.43339799980549,19.181763927880766,525.9638495066488,-30.017400671342486,7.112514468299515,0.6436663288249724
74,39.04026254709912,97.15801607891915,22.43309218411531,528.8983095414466,-27.89766261737583,8.01459165207457,0.657617169887931
75,57.84906812800314,74.62399565946278,1.2617646749208689,548.3088715282648,-32.89357309168055,2.8965904216499183,0.7499999999999936
76,57.89055031194462,77.56376870015787,4.180414509976884,548.3079118053748,-32.632390642885795,3.618026699200189,0.7499999999999936
77,57.884075375044745,78.22378406019271,4.835458215361162,548.3071703232641,-32.57035342716008,3.7732959454808532,0.7499999999999936
78,57.89754267486323,79.09383585129356,5.68329865686311,548.3074950238009,-32.386059640322145,3.974552910107124,0.7499999999999936
79,22.25622820840297,104.39990722104017,28.395299268519157,511.7970721519402,-25.440525843506375,9.31273560867228,0.5763721428591939
80,40.933656272499796,91.14283139016017,17.12000839496159,531.0566250436274,-30.524601797999388,6.662586391071174,0.6678806862743336
81,43.746759656448276,90.96889444664384,16.963738538922254,533.8632230452109,-30.327290024508258,6.662684663913192,0.6812302735247829
82,42.169438342263504,93.01258078919759,18.8093870411278,532.2085221285249,-29.60244624781015,7.113320326633651,0.6733592389791657
83,44.66114484432102,96.7003959450758,22.030591266373566,534.5119235114055,-27.563022489327196,8.014788197758604,0.6843163443888299
84,30.268799734660917,101.78070111147464,26.291952452666052,519.9213233808226,-26.20807839765735,8.893014406024855,0.6149520021288515
85,25.13668020286667,106.22698630821664,29.779635160201288,514.5430600121397,-23.961967050842173,9.772385568454709,0.5894086433142531
86,30.91096841375109,109.77694417844194,32.27926211590666,520.0328116680981,-20.869011687627868,10.691685488019566,0.6154816442243716
87,28.710934179799025,103.89727179970774,27.975310052480047,518.2459214878551,-25.078876157622737,9.332852782658701,0.606993450137636
88,46.96224854416881,90.89050436759636,16.895703367838333,537.0655963491513,-30.048329523697127,6.692092905362973,0.6964668851717343
89,57.837559873495195,73.4923570402027,0.1372855559362287,548.3085754124463,-32.99264274824486,2.6213828821470413,0.7499999999999936
90,57.977057913955136,82.48555894541646,8.999683613181265,548.3059963401791,-31.718667312745485,4.805707925636265,0.7499999999999936
91,46.18745788126631,92.8178435998072,18.635635610860742,536.2144436270046,-29.29497118021713,7.132991336161517,0.6924167049107662
92,51.08538974190128,96.40717281421925,21.76100017773035,540.9152471882658,-27.046718077193155,8.073604680658166,0.7147895676827324
93,34.421447347512384,101.47155522989175,26.02382169903451,524.0681341892871,-25.96076797839264,8.906538264283766,0.6346559734078616
94,32.123726078462155,103.66517434164582,27.772971693891094,521.6521840822193,-24.862871943960034,9.352511570388364,0.6231753751678271
95,11.911213936243655,119.98278205449743,39.0485235890261,500.3413864066836,-15.216984578799115,12.43304791105738,0.5220245161950965
96,7.275136436850539,120.50404868238493,39.42658102393349,495.69306848798624,-15.34267212896985,12.43235855070763,0.49999999999998135
97,7.450966137248193,122.3828693447019,40.42481398905211,495.69392165562437,-13.743853151632138,12.8245110022152,0.49999999999998135
98,6.7761492931626375,114.30668120427305,35.53094002069277,495.69488116692776,-20.179135498621612,11.120854469568885,0.49999999999998135
99,34.938959724828734,103.40035213141162,27.545830424523473,524.46652868399,-24.728563021519772,9.353138570047069,0.6365494070561513
100,8.915776592054739,124.57096747353563,41.55574673276341,496.94373681521034,-11.722043140283777,13.32384629656271,0.505917259458901
101,7.671470351568585,124.72485846563583,41.664451606164945,495.69490878156006,-11.746821978313799,13.323860117937135,0.49999999999998135
102,7.815428108404293,126.1219735083544,42.30189679108756,495.69511552206956,-10.496535082792585,13.618359364288073,0.49999999999998135
103,9.066489497932956,137.3439411905678,46.4162726872466,495.6931947174333,-0.002513287068479437,16.010895813010016,0.49999999999998135
104,13.254213053035969,136.72125580351837,45.99166824313394,499.9056120613569,-0.006625243365890217,16.010849194708666,0.5199584047247124
105,8.464884719787971,132.09116177640394,44.641942251627576,495.6947403122994,-4.983012202392783,14.894939735647618,0.49999999999998135
106,55.00251080188656,92.31225137550433,18.178366528392612,545.0053824202425,-28.636123993132895,7.163165742564748,0.7342644940439862
107,56.968730193952645,90.29750008581733,16.363795072723935,547.0498296145479,-29.29842780486412,6.707946273518038,0.7440019572246132
108,43.61357766396487,100.71643890470119,25.364735829982656,533.2498982718058,-25.431275530680086,8.929151691142096,0.6783126776407845
109,39.02869480495695,105.04340225711655,28.765583019445167,528.4252233036158,-23.218399440074705,9.82145078789575,0.6553677775859651
110,47.21655222865489,108.13896359044037,30.867150040055282,536.3379781873322,-20.11164957345917,10.758075223593112,0.6930045186455928
111,15.470636487489543,123.76449299914738,40.95419546910111,503.5200990016741,-11.582206105301058,13.331150167377693,0.5370987171961
112,43.09997388156195,102.73439197388424,26.963573138480914,532.6188266905167,-24.25349552759559,9.38633343783384,0.675310844266762
113,47.6269470722442,100.41361516223593,25.09336195527638,537.2554079800666,-25.1749146070339,8.94882270066996,0.697370143572385
114,25.117819364288206,118.4854376551525,37.87342200995103,513.5743107384791,-14.812448927874371,12.463839262203555,0.5848091314474696
115,45.90783188053863,102.4465487053317,26.71461812325603,535.4249920089613,-24.12133285817891,9.38643171067586,0.6886604315172113
116,22.27773095252548,122.93464684111147,40.30770621003275,510.34352128991543,-11.414153642746374,13.349916149295545,0.5694728750590187
117,49.11830741362813,102.2388807613063,26.51957159845695,538.626871468048,-23.892302757176203,9.415839952125639,0.7038970431641626
118,19.230366768839097,127.47792522758336,42.49706862948208,506.86541118268104,-7.795789643584623,14.23689383109992,0.55296805161425
119,8.102589884633218,128.95077098121948,43.57845127126703,495.69387592236865,-7.95786872499145,14.222784502875212,0.49999999999998135
120,26.841999422085298,134.62807113494623,44.42894678127001,513.5527362652384,-0.01655335857496328,16.04838115854437,0.5847067204505497
121,56.42808821710072,99.6538735305185,24.4150484503635,546.0454425339697,-24.64590878968995,8.978997107073189,0.7392179327056051
122,58.66538054108467,98.91361138420638,23.77637325916137,548.3075462834022,-24.81448169820656,8.845646304939477,0.7499999999999936
123,58.34670740916644,92.81882490492312,18.60554589863626,548.3068995648291,-28.03543886448818,7.35927786861364,0.7499999999999936
124,28.711125165767527,122.11473341181265,39.65632172463787,516.7932922010096,-11.267920741485955,13.37003332328197,0.6000941823374606
125,58.78674109153112,101.0440804505907,25.47612753577688,548.308920306707,-23.53192643173373,9.37861460338521,0.7499999999999936
126,58.802551816091416,101.25809352060116,25.64425443762148,548.3088099792307,-23.39927808421739,9.431215697153277,0.7499999999999936
127,39.37458426319229,116.81090900326139,36.48047262244302,527.8515356325418,-14.348472270556828,12.525592340358562,0.6526401944804261
128,35.511046715993984,121.2794478231748,38.9576723405681,523.6056491496876,-11.067427275450482,13.409350898741286,0.6324580323978427
129,32.58190489256618,125.67167016543121,41.063259410515265,520.2557845716583,-7.568662506770324,14.289027652008981,0.6165409284154117
130,43.64178686425328,120.15537864509363,38.024402855771726,531.7586389443989,-10.91657894697681,13.44254576652806,0.6712194696084532
131,46.79088417851565,123.64624062086297,39.36187024694002,534.5028691895322,-7.336341769123383,14.376580269439415,0.6842732687920083
132,50.04248689429335,119.35433769860336,37.302947676976665,538.1637035865353,-10.703686080788351,13.501362249427622,0.7016926929023557
133,40.423787937792994,132.4583257250016,42.67770486092061,527.1772324717446,-0.02316433825150724,16.127016309463006,0.6494344205713138
134,53.2010648344806,130.3212325029945,40.846531252400155,539.9890947865273,-0.026354340648175382,16.24464927526213,0.7103808671591184
135,58.848829301229465,118.46300562803926,36.36826558169552,546.9516415052343,-10.184340978092616,13.65856707731823,0.7435342536945462
136,60.13169006913812,117.52535834586608,35.816636722595504,548.3083644470181,-10.800712868824947,13.478272088698025,0.7499999999999936
137,60.20755255986933,118.29996346064743,36.19661664425536,548.3078650353023,-10.122273932038787,13.682859826343067,0.7499999999999936
138,60.006441108940116,116.22559866078399,35.16509252899544,548.3088113963821,-11.930952973159572,13.154215843121658,0.7499999999999936
139,60.36316770603473,119.66699636177502,36.71074515392929,548.3086888722936,-8.84743369959926,14.029711799708613,0.7499999999999936
140,60.762589892721486,123.27188797556494,38.0746675555932,548.306259016566,-5.4888125046209515,14.945959491962968,0.7499999999999936
141,61.034244717061505,125.46667832928621,38.71697064642972,548.3073279124225,-3.372602025347919,15.474327586714056,0.7499999999999936
142,61.18643977990085,126.63989459012305,39.045492257136694,548.3072566577114,-2.23608396065068,15.775767982117687,0.7499999999999936
143,61.49799090391659,128.88129348196856,39.53403081150339,548.3071324868918,-0.026499560601800618,16.35417193595812,0.7499999999999936
144,5.002280246081891,67.5308597720926,-6.085696610755315,495.6952060914881,-37.38325381335929,1.2476309545703537,0.49999999999998135
145,5.0,66.92074487438022,-6.693761852145409,495.69514629317865,-37.37940986061981,1.1186008473328257,0.49999999999998135
146,17.18779370459903,66.82392960285881,-6.772918691979845,507.8457930032715,-36.41494808256011,1.0899870400248093,0.5576197283870342
147,28.791630512085128,66.94027064847631,-6.61922344905768,519.4146256890189,-35.45476888914853,1.0984726165619525,0.6125449307859305
148,39.77874530930108,67.07012780492437,-6.430959168184888,530.3611383324593,-34.498387920422665,1.1036943650745303,0.6645731743351976
149,50.97517049892729,68.31164981333976,-5.094069340279396,541.5091848128993,-33.57269081417674,1.3698313661224724,0.717617076169304
150,54.12992673316489,67.64621711456954,-5.725514032093816,544.6492648834496,-33.21785374867652,1.2021956807156893,0.7325685492420176
151,57.4522696881608,67.55463079877902,-5.79013236225758,547.9572265552815,-32.887661123920886,1.1672825698210854,0.7483244141900668
152,57.80564559668351,67.54586285707967,-5.795598788919547,548.3088449473075,-32.851830034392655,1.1635696722183015,0.7499999999999936
153,58.07582054780886,85.93458553580395,12.306539465198794,548.3079451819845,-30.769071616798247,5.659291692333268,0.7499999999999936
154,58.157413362933724,88.22787942064814,14.438997734254945,548.3088697775809,-29.935863508628998,6.217187692442748,0.7499999999999936
155,58.211619060986536,89.66763227610217,15.776284969548927,548.308528362096,-29.40812368086845,6.5692872435292875,0.7499999999999936
156,58.091422367203506,86.52700594938389,12.858794485928364,548.3082024193014,-30.558576969048822,5.798030906892468,0.7499999999999936
157,58.30284344539449,91.86669180698195,17.770555304739016,548.3073684761918,-28.490558207863472,7.11186271035605,0.7499999999999936
158,58.23529446808125,90.32997688119316,16.387868692753532,548.3083496229672,-29.156480446338392,6.737054305801366,0.7499999999999936
159,45.5179157544547,114.78248493737603,35.113071552568975,534.1187353883475,-15.201445452058032,12.261676604459765,0.682445802009458
160,48.59148980445727,113.77643122734415,34.418353762136206,537.2508820465222,-15.611502969818986,12.129718736510366,0.6973486057739742
161,58.70243023916851,99.60384884280325,24.34200130736054,548.307826619779,-24.419358987670535,9.025268882288866,0.7499999999999936
162,59.01604152734006,104.44312586114002,27.99618891953036,548.3076704236025,-21.25067128533265,10.23126557017096,0.7499999999999936
163,59.08850271280954,105.6213634242248,28.855549709152235,548.3073671626337,-20.44468106396926,10.512121427174801,0.7499999999999936
164,53.00066262973418,113.4496747589756,34.06716603304953,541.6462020670792,-15.281037858203796,12.208321150455669,0.7182693861700695
165,59.68275215699501,112.89547690316402,33.47295153216484,548.3082542326066,-14.811782342292416,12.327537680421434,0.7499999999999936
166,59.233316252645125,107.46698954494325,30.029376557304577,548.3080705667932,-19.01652962548198,10.959443699799674,0.7499999999999936
167,59.499033720908095,110.79812212224212,32.225068381611635,548.3072862613363,-16.50375745420796,11.795723804811386,0.7499999999999936
168,36.48469259267539,129.12301678377176,42.07336189396973,523.7170969911355,-3.8065652166840627,15.20802198073599,0.6329876744933628
169,9.905958794499524,67.46616648856809,-6.138383425537125,500.588629555754,-37.048701101074684,1.2343376477487693,0.5231968326538489
170,5.000719002258693,66.80325924952808,-6.81071177050915,495.69517363051426,-37.37352939292289,1.0935837165310431,0.49999999999998135
171,6.572713746026666,65.61036497009357,-7.984841394271559,497.2543574673868,-37.13961868164965,0.9338193692267094,0.5073895977503748
172,5.007016144157663,66.51326579249053,-7.098544655530624,495.6952402668896,-37.346487127543874,1.051164081882952,0.49999999999998135
173,12.776456596020788,67.48239737846933,-6.121640288837547,503.4516911813465,-36.82362192763028,1.2359501890874085,0.5367742617601967
174,15.741550613193782,65.76538914049813,-7.828468064831745,506.39648735399686,-36.4278596779838,0.9394974275227297,0.5507432787514495
175,21.56618226515973,67.55303262206695,-6.039962464136462,512.2152358509032,-36.11599017871573,1.2427398842466286,0.5783571361538301
176,18.669955301771815,65.82457809884255,-7.76474861263835,509.317662376841,-36.19451860433097,0.9417606592424697,0.5646042368826607
177,24.433343266320215,67.57288799984444,-6.011156389889316,515.0719826627678,-35.878620726737296,1.2438738665376732,0.5919200931098426
178,27.335294267413495,65.98511309502985,-7.578261355779527,517.9588226541302,-35.48288419334954,0.9471374298020856,0.6056297950381213
179,33.15743133845211,67.66620254295302,-5.877565694202935,523.7680981734707,-35.13883318013938,1.2527747717138924,0.6332300532456885
180,30.242780754648575,66.05632768437826,-7.493364754254493,520.8575314455071,-35.239554046293925,0.9501043981941586,0.6193997817500699
181,35.98399525298045,67.69017486517839,-5.837469812689807,526.5818561854089,-34.89247488645277,1.2534017713725978,0.646604085134013
182,43.50741098159588,67.7547622374972,-5.716825764382986,534.0745451926362,-34.2214065230079,1.2543688013735623,0.6822355773190446
183,46.32612000123045,67.78094137739222,-5.666409638323622,536.8803072606446,-33.96447491823476,1.2544670742155786,0.695585164569494
184,49.48114918519669,67.1039644632906,-6.309903282666649,540.0218242764487,-33.607458880492395,1.0868313888087957,0.7105366376422076
185,57.3299044915996,31.79820661081234,-36.107359479377905,546.3470865123013,-16.04600795857717,0.23424209503367283,0.7406546516999214
186,57.20196387308186,23.924420010273977,-40.18508570180339,545.4166960414334,-9.3837928220132,0.10135903402898988,0.7362233744767542
187,56.201741993362646,29.613518808069518,-37.4420209874117,545.024961419109,-14.45909659362856,0.20128415154861945,0.7343577371763009
188,51.058846673903766,66.77402389688956,-6.623497866967795,541.5922171025969,-33.42342141924835,1.0030135461054042,0.7180123741785644
189,61.497990903916914,14.748555515857987,-42.597357467645374,548.3054703577943,0.005493393617047216,-0.09899998660002024,0.7499999999999936
190,55.032266659729736,13.390933284583124,-43.96319702858966,541.8414769078897,0.005604278131115059,-0.09743991394579993,0.7191982682063461
191,61.05212861274929,17.537244969153782,-41.95730608614646,548.3080872683527,-2.7451265118900143,-0.03753198490802541,0.7499999999999936
192,59.37342328010069,20.733587119815382,-41.20389772267776,547.1304380821225,-6.076139261163149,0.03439185999441363,0.7443859263008278
193,60.643210833169775,20.339248226779823,-41.16414731055733,548.3087866601811,-5.46152440030147,0.021187339013776493,0.7499999999999936
194,57.59411277366635,63.94163555659313,-9.361327954430784,548.082419294863,-32.38283132104683,0.833645393432062,0.7489208101681613
195,55.928286101165,64.3973972975117,-8.928095647387375,546.428594316632,-32.62652186148856,0.8511019488793643,0.7410428776941367
196,56.43137204419769,66.50379256150556,-6.839922261356622,546.9381640946277,-32.87595793209298,0.9564954891932711,0.7434700565261134
197,57.83110438358135,63.175718263998704,-10.107410906319526,548.3089461780025,-32.19613391790349,0.8117411353355565,0.7499999999999936
198,57.820159016084844,64.10402842261934,-9.199657240395787,548.3089417053094,-32.38699455157628,0.8392938546512438,0.7499999999999936
199,8.92975563649346,5.325834844541577,-51.27106235820912,495.69496186179674,-0.3147049064514933,-0.10600577665952333,0.49999999999998135
200,9.756395913334387,5.125492282966347,-51.27363114993149,496.48485716092347,0.0007790261538262906,-0.11132709846742389,0.50374224740181
201,8.97107882114224,5.0,-51.36304562347157,495.6946190599868,0.0005963985968908414,-0.11193468384873548,0.49999999999998135
202,8.849794857768178,5.97435949686927,-51.06501558204198,495.6951323376213,-0.9348038045868554,-0.09418268093230277,0.49999999999998135
203,8.618398063669078,7.928233803105922,-50.379343047703735,495.69521713523636,-2.7789898998244,-0.05898871748669354,0.49999999999998135
204,6.239040120136351,37.01876340546128,-34.07855857175049,495.98595239689865,-26.45732294238271,0.38583252843985577,0.5013776545667143
205,5.913964778808358,37.54120061996142,-33.665558022711615,495.6952622624127,-26.80883887975207,0.3933991532658581,0.49999999999998135
206,5.6584108071337305,42.79189398105926,-29.3401600706583,495.6952654053985,-29.79074779712663,0.46806412075792525,0.49999999999998135
207,5.778953314933518,44.00702314857044,-28.327090622593392,495.88616893189135,-30.445287143143084,0.4852644538213117,0.5009047359996952
208,9.513980923812973,19.773201288222086,-45.41713977093679,497.8814519318388,-13.311382027676435,0.13822841927749469,0.510362154842487
209,10.171330390831718,13.573349536622855,-48.323057038263734,497.89569619027816,-7.798654248038792,0.038728720447255116,0.5104296776874857
210,8.959928870808165,18.058518683812082,-46.321293837386285,497.1689321521291,-11.924913290133592,0.11295035923527491,0.5069846782771498
211,11.92818707874009,10.993965031769891,-49.22963666533041,499.33482672606607,-5.185229850676418,-0.010214858298545015,0.517252153663159
212,11.488163251902964,14.759256378982641,-47.740279824013555,499.3253318956777,-8.670338320810634,0.056118274254948086,0.5172071384331599
213,10.635882650038724,23.296393919318707,-43.41948844258284,499.3063422083777,-16.07901006062937,0.18878453936193418,0.5171171079731616
214,9.463877163669327,28.40121271050264,-40.27355752933555,498.5796786670813,-20.20011725794666,0.26300617814995403,0.5136721085628255
215,5.062593821679684,61.386512456843406,-12.159794406164192,495.6952631335434,-36.61439239496425,0.7933324840453757,0.49999999999998135
216,10.04093682510878,30.252490680008723,-39.00981326059496,499.29209991969435,-21.48761058770213,0.2882842381921738,0.5170495851281629
217,9.474479722116826,31.37915621663818,-38.23436882455059,498.81241029189437,-22.35873639655555,0.3045987644407738,0.5147754264696052
218,9.544575199732941,37.351197775987636,-33.780395268897266,499.2778576111189,-26.314300535361102,0.38778393702241326,0.5169820622831641
219,6.003972020764056,57.68524740778355,-15.764248189334829,496.5702861302436,-35.712750117068595,0.7095419115240107,0.504147166875035
220,5.074999941294517,60.716472294435476,-12.81566521137772,495.6952667687133,-36.48245660174338,0.7753977431577072,0.49999999999998135
221,15.001003238785707,9.62550468351667,-49.48259738826277,502.202986517549,-3.4504602756638416,-0.04176888323665218,0.5308520903845064
222,21.169384421245688,6.997540598755265,-49.727837030881695,507.9370396191526,0.0027610329130133104,-0.10487693311286655,0.558051963827201
223,8.219132138333062,49.1775991830204,-23.744210660628912,498.5369486972125,-32.61928447424214,0.5615052746406726,0.5134695400278294
224,7.397603938814326,47.49455548630951,-25.259400679100366,497.653431961759,-31.962487166895272,0.5360916677008856,0.5092812720184514
225,7.087189867756184,53.67272455248589,-19.58920016605631,497.5536648015793,-34.42205012845116,0.6355235930823415,0.5088083534514323
226,6.8644873466844345,58.94988122716587,-14.539769008152073,497.45389666578996,-35.958699102152536,0.7349555184637975,0.5083354348844131
227,8.597340025692567,61.229147696586196,-12.314377479487227,499.22088817792303,-36.31344583236131,0.7857827323433715,0.5167119709031692
228,8.878194990076988,50.79577320078319,-22.26507206426641,499.2493729342968,-33.21737124310843,0.5867833346828923,0.5168470165931667
229,8.633450146502938,45.37935268441877,-27.12237301551921,498.7839243151606,-30.855483901829334,0.5035981621012526,0.5146403807796077
230,9.801084672452198,46.03665857037182,-26.544816384289305,499.97598876395233,-31.058832162701002,0.5125616958948724,0.5202920160035027
231,9.32010221386273,51.84531541236962,-21.295156371766076,499.72429478070825,-33.578697032368005,0.6036353747110388,0.519098667636725
232,10.212821867143596,53.8668875725375,-19.40413708908323,500.6740721255835,-34.21582832281036,0.6373394547673317,0.5236019697238412
233,10.542629304772554,45.541149209485646,-26.97505517342905,500.6930592661076,-30.748328688445245,0.5046731896603456,0.5236920001838395
234,17.63736887148219,11.856056146244201,-48.4952634520075,505.0608499975514,-5.124481656145525,-0.006989775621266292,0.5444070118758546
235,11.09009717002982,49.39017305038874,-23.54508488956954,501.40058644366945,-32.44419916260625,0.5631178159793118,0.5270469691341773
236,11.235685835260476,51.97530163197016,-21.172645969614045,501.63325369692205,-33.45535847460892,0.6047104022701315,0.5281502870409567
237,11.748716171621213,50.99773757228853,-22.074442841774047,502.1128106420869,-33.036000130576234,0.5883958760215315,0.5304244456995144
238,12.026926737521716,44.546974255287076,-27.829356553677194,502.1270489912585,-30.10929878299455,0.48889617719129214,0.5304919685445132
239,11.574718272402649,56.68906617197115,-16.719959888052916,502.0985722730279,-34.97392933129749,0.6878955748517712,0.5303569228545157
240,18.735077827610937,14.836906988304028,-47.25102756330471,506.48473709629326,-7.681514193796141,0.043566344463173146,0.551161965006529
241,17.20024512119852,15.589401236683388,-47.03215499722634,505.05136049941814,-8.58648754920555,0.0593433569322267,0.5443619966458554
242,12.525011675409921,49.497839093286544,-23.443138202669182,502.83210375920356,-32.35587281963852,0.5639240866486315,0.533835683687351
243,12.190500965617431,52.0400905381201,-21.110420381059907,502.58759912938706,-33.39330047327574,0.605247916049678,0.5326760967430726
244,13.084980431356854,54.046178571444074,-19.23155525290388,503.5371097560398,-34.022908597005994,0.6389519961059711,0.537179398830189
245,9.225560003814447,66.40993675250223,-7.190529604707306,499.90478179743724,-37.01285521578105,1.0100601900460704,0.519954401778509
246,13.402444311937403,45.784168594762164,-26.74814381262489,503.5560915643183,-30.58620768230449,0.506285730998985,0.5372694292901872
247,18.073818816592848,20.952291519063586,-44.40759967378069,506.4705048354245,-13.13344037696068,0.14306604329341266,0.5510944421615304
248,16.33757244322928,24.047725626986967,-42.7697868792591,505.03238147662347,-15.93578025037875,0.1920096220392128,0.544271966185857
249,16.59676907098268,29.27046889452764,-39.50907318604834,505.7372352508651,-19.96949341807413,0.26703753149655235,0.547615681328695
250,15.749162271019788,30.925883812889587,-38.41187775760512,505.01814718631465,-21.288570337555125,0.2915093208694524,0.5442044433408584
251,16.13911156738924,32.15154681419497,-37.54786874477585,505.4928003248571,-22.11510775296652,0.30836136089759886,0.5464560943844164
252,15.257923804250616,37.943576090357304,-33.24360033794632,505.00391287611035,-26.056048768536648,0.3910090196996919,0.5441369204958596
253,14.096715469951315,46.392130678941285,-26.20926776315364,504.27053771116647,-30.81241521988408,0.5149805079028313,0.5406581596630242
254,18.93829217647542,19.45887925702548,-45.12447433442702,507.1894903736882,-11.737138584256616,0.1185942539205126,0.554505680149367
255,10.671366735768125,66.0379478518831,-7.560050930370673,501.3436288688286,-36.86319075049506,0.9611166113002703,0.5267768777541824
256,14.101537838615567,52.16906358898426,-20.98403935259694,504.496021943033,-33.26840172936051,0.6063229436087709,0.5417277161473044
257,15.31441710668848,45.94332667625607,-26.59294075777702,505.4643330109858,-30.477183494138018,0.5073607585580779,0.5463210486944191
258,14.614369540481583,51.20055257117099,-21.877804073928125,504.97544419602514,-32.8523728527331,0.590008417360171,0.5440018748058622
259,12.10693444273711,66.05738723159163,-7.541470836430869,502.77515418273595,-36.75103496257705,0.9619228819695895,0.5335655923073562
260,15.386243593100692,49.71248685566577,-23.23451574176134,505.69453527488287,-32.177631008615464,0.5655366279872709,0.5474131127936989
261,20.948970879890638,21.38179516733816,-44.03547124575919,509.3644279004554,-13.09225419731514,0.14493373283319794,0.5648261713593944
262,21.593855250000853,15.285120908059454,-46.8644591198755,509.3650407458458,-7.653433069250861,0.045236262912980996,0.5648290797377196
263,20.392751407639388,19.69375879552213,-44.92805180344195,508.6500689013341,-11.730076314726956,0.11972586978038263,0.5614361592149726
264,18.140809465033147,38.26853701304355,-32.940198700901526,507.8989304702411,-25.939421844479327,0.39298305569449826,0.5578718657271314
265,17.316819207746725,39.91397364690248,-31.64469784682116,507.1667156207921,-27.024406128260654,0.41731024720493154,0.5543976212893253
266,17.780160956608118,45.08070769914062,-27.321215159761483,507.8913394204969,-29.802398890618225,0.49255505345597134,0.5578358461071177
267,23.34361091495007,12.758375574601025,-47.712171306814355,510.7942210243381,-5.068671608958425,-0.004045480901605447,0.5716120124048885
268,22.911548963655136,16.461582073112663,-46.27486374362078,510.79381251812214,-8.510152212672105,0.062419499045205884,0.571610073486005
269,22.06714568606305,24.846203258676738,-42.06705763896211,510.7929955056256,-15.80491985669806,0.19534945893882855,0.5716061956482381
270,13.53290340766629,66.44410622730344,-7.156101276972577,504.199360738553,-36.67474090107822,1.0124790020540293,0.5403205454380308
271,14.338245079913358,61.44822246001647,-12.098530801196475,504.94697543639194,-35.884877886152694,0.7890078150206501,0.5438668291158648
272,18.770457599003116,40.0840603240531,-31.48630065092751,508.6272974152667,-26.966423478637545,0.4184418630648015,0.5613281003549309
273,15.844136221113647,59.377085823231276,-14.119368660201024,506.4116716766146,-35.310260495320755,0.7403534319997835,0.5508153179914773
274,20.91865402309415,29.844396978849673,-38.99761497307045,510.0781239661184,-19.850962875461164,0.26983906580623024,0.5682132751254911
275,16.59922282788896,58.235884585357766,-15.222224916695627,507.14394081692245,-34.96215537614112,0.7160262404893507,0.5542895624292836
276,21.500103928208432,31.65601886379891,-37.754693107170915,510.7923827461956,-21.104548802907154,0.29504692885904543,0.5716032872699129
277,20.940440768459034,32.758566516123295,-36.99957519883915,510.31601153354745,-21.96003568082626,0.31147417679724104,0.56934230971419
278,21.030018955488657,38.59359088415871,-32.63993177568476,510.79176998671795,-25.812749024360645,0.39474439877926243,0.5716003788915878
279,26.41087033647309,11.460862745942983,-47.889923742913254,513.6515711013576,-3.367919221843205,-0.036143988583966946,0.5851759388203427
280,32.57730636721605,9.000804864302626,-47.986069270565345,519.3641771572421,0.004224363899528364,-0.10034100394868994,0.612303791651251
281,17.264117695555278,61.58515270529649,-11.958374984963083,507.86856623731165,-35.66639253737711,0.7912710467403903,0.557727787247076
282,18.060033796680386,58.32611018617256,-15.131479367644637,508.6045258782217,-34.85839042369902,0.7171578563492205,0.5612200414948891
283,18.766957821974724,59.54284447992798,-13.95096718823539,509.3328423436844,-35.09808182789247,0.7426166637195237,0.5646762761226886
284,20.193480432814923,61.72625735518332,-11.814787184357437,510.7893189484168,-35.4447031814935,0.7935342784601302,0.5715887453782871
285,20.43139283054482,51.67435137532372,-21.412715553316993,510.7905444676357,-32.49218226088035,0.5941393386196963,0.5715945621349374
286,20.151442595067362,46.41622922295371,-26.139995645650707,510.31478595717965,-30.221264933039812,0.5108691166376746,0.5693364929575396
287,19.767859824493875,50.107151079478925,-22.850847610475267,510.0762855585431,-31.924676499848495,0.5689314755668811,0.5682045499905155
288,21.32125064346168,47.0502395323402,-25.574723715735487,511.5053659622586,-30.406311038890284,0.5196497317522946,0.5749874826576844
289,20.87668462558208,52.689471416963734,-20.471059559180627,511.26668922312854,-32.834144818570074,0.6109445806549065,0.5738545702312187
290,21.773453806196372,54.64347710821973,-18.637980703346084,512.2189118927489,-33.435399316592395,0.6445550647253269,0.578374586423781
291,22.05967521647456,46.56737267023028,-25.992302848864085,512.2197287908045,-30.099331568793,0.5116251048317042,0.5783784642615479
292,29.03775331105555,13.675896394960215,-46.89090078897695,516.5077103464168,-4.999249982706262,-0.001777516319517114,0.5987379263169135
293,22.61873537970648,50.30413391274875,-22.653794993053847,512.9336330393102,-31.72857365903928,0.5700654578579252,0.581767506946528
294,22.779904660314862,52.808710768084275,-20.350779452752512,513.1714538513559,-32.697535303706196,0.6117005688489359,0.582896541535227
295,23.28483779580641,51.859800447958314,-21.22498260594579,513.6476913812998,-32.290446490203834,0.5952733209107406,0.5851575190909499
296,23.13103264035103,57.36252804220273,-16.043381615414425,513.6470787937669,-34.146490820136215,0.6949707908309575,0.5851546107126248
297,23.536651461243025,45.59792899963566,-26.820984471240934,513.648303968799,-29.46743877959016,0.49557585099052365,0.5851604274692751
298,30.129946169114493,16.61405704081622,-45.67309574503377,517.9352749870689,-7.512906426346197,0.048638209786113495,0.605517950605757
299,28.59549013329545,17.33427469005691,-45.49002186356576,516.5073020696273,-8.407927176272793,0.06468746362729422,0.59873598739803
300,24.054722117795983,50.40553907905464,-22.552825742373958,514.3620058645159,-31.62977247684594,0.5706324490034473,0.5885489854245343
301,23.72708003135455,52.869062613879045,-20.289639251806555,514.1237024253904,-32.62885681353275,0.6120785629459506,0.5874175271872311
302,24.62574548201522,54.8077447918299,-18.46931789361068,515.0756576722068,-33.223520160933376,0.6456890470163712,0.5919375433797935
303,24.9015596377324,46.796970960582804,-25.764715616954028,515.0764743408472,-29.915116857874178,0.5127590871227485,0.5919414212175605
304,20.855834205100173,66.52046152992277,-7.070916700030346,511.5023023792095,-36.08459149962575,1.0181370813533794,0.5749729407660586
305,29.470825268431927,22.595229003117407,-42.93339282151239,517.9346626578838,-12.868791082561092,0.14833567970633044,0.6055150422274319
306,27.739632909413935,25.609860390153074,-41.365053752067574,516.5064855159778,-15.625705394913178,0.19761742352091688,0.5987321095602631
307,28.02019577139578,30.71374343705613,-38.18530134854378,517.2199868016811,-19.567741550229915,0.2726740215338406,0.6021206675155224
308,27.187188120293545,32.33035710035132,-37.1231236816246,516.5058731006778,-20.862054484064235,0.2973148934411339,0.5987292011819378
309,27.584867355965276,33.52515353232505,-36.27732773121605,516.981750347357,-21.664812833678727,0.31412013547634404,0.6009892092782191
310,26.719265230839067,39.16637189031582,-32.0863390433468,516.5052606853261,-25.5082572041345,0.39701236336135076,0.5987262928036127
311,25.594600504046614,47.3889575833791,-25.238804619323382,515.7904843088302,-30.126963093932137,0.5213507051888608,0.5953319180917032
312,30.337518156924006,21.1435494791949,-43.61508811682641,518.6486759677748,-11.494888020923412,0.12369480779903724,0.6089065085610164
313,22.29144515133125,66.2129724040895,-7.373400733470774,512.9311825169938,-35.93433961881829,0.9688553375387929,0.5817558734332274
314,25.629652345471087,52.98910361095955,-20.165366151475297,516.0279320933017,-32.49074865075832,0.6128345511399802,0.5964594984912394
315,26.13569927443282,52.04987099162322,-21.031061961074027,516.5040358544898,-32.08655153103302,0.5964073032017847,0.5987204760469624
316,26.80789875234422,46.94931952263854,-25.608977984613603,516.9805255739457,-29.79141805420358,0.5135150753167779,0.6009833925215687
317,23.724219695296775,66.23077051777642,-7.350953996224504,514.3595556863287,-35.81587253207637,0.9694223286843153,0.5885373519112337
318,26.896992174506348,50.605727090093225,-22.346028153923633,517.2181496845723,-31.430655551009558,0.5717664312944915,0.6021119423805469
319,32.31829326892612,23.0815156413665,-42.51119081582895,520.8051747498706,-12.848351308529207,0.150375324801871,0.6191510323661449
320,32.96411773793584,17.108761056731986,-45.240290111128104,520.7916850813687,-7.497541043997549,0.05021419323338777,0.6190869424578522
321,31.77774758628146,21.42298766328467,-43.38528743821985,520.0980353425656,-11.513175589283431,0.1251782919950737,0.6157915019169906
322,34.697422607739284,14.64707866897856,-46.02128522642962,522.1923302658066,-4.948077844156827,0.0004471272784991043,0.625741913447868
323,29.580573511925056,39.52956344640299,-31.7403881500839,519.3850144953717,-25.396554922222744,0.3991646712640778,0.612404266290701
324,28.76794815119464,41.11172053650199,-30.496708258177662,518.6613674097246,-26.444921903815402,0.4233982129266978,0.608966793344686
325,29.246193032009476,46.15736141913064,-26.266443531241155,519.3892446711508,-29.14210141044167,0.4990658063066313,0.6124243612185907
326,34.25921082304707,18.27511576898045,-44.65048193998482,522.2013221397775,-8.336378193037186,0.06722121499082123,0.6257846400533965
327,33.415073889602155,26.477272490698528,-40.58492750631654,522.2193058638011,-15.501995803485649,0.20076939041546554,0.6258700932644534
328,25.15537644704634,66.56172123695833,-7.016875110636725,515.7874220162673,-35.72824712964801,1.019838054789946,0.5953173762000774
329,25.91044447017938,61.92068785887895,-11.604520230593476,516.5028110235218,-34.985654787668075,0.7958022430422187,0.5987146592903121
330,30.205802997702307,41.31766415641661,-30.30386391458518,520.1107249739332,-26.399103522608577,0.4248816971227343,0.6158517867006603
331,27.39349150339469,59.957334247871756,-13.515823031338899,517.950361109541,-34.432944270734644,0.7473351597169784,0.6055896051823415
332,32.294265883636506,31.357691816152574,-37.60419697502917,521.5257536349413,-19.46855917048678,0.2757334891771515,0.6225746527235919
333,28.13552373196703,58.87154328813541,-14.562358426910656,518.6740588357491,-34.09877645570016,0.7231016180543584,0.609027078128356
334,32.868681145717474,33.1271470341055,-36.38729232236452,522.2327936358886,-20.687753907524,0.3009305219839487,0.6259341831727462
335,32.31852571463067,34.202566222590406,-35.65420718391135,521.765935234415,-21.526876698260303,0.31751954396891163,0.6237158595094073
336,32.43035381633959,39.89141127332448,-31.399811067471788,522.2462813900391,-25.275339411804158,0.401091653552432,0.6259982730810387
337,37.72758595803826,13.425960607576487,-46.12340160393391,525.0020304422502,-3.282947711518974,-0.032312916918956214,0.639094582033428
338,43.820379303741106,11.127026253519261,-46.07196734102546,530.6194343686196,0.005163826727544691,-0.09783300531386674,0.6657999192045482
339,28.81612016961431,62.08697964184906,-11.424484751184789,519.4019351879319,-34.7614680226189,0.7987692114342917,0.6124846460022606
340,29.587582371092655,58.981417499821,-14.447771811841054,520.1234145893716,-33.99400822213885,0.7245851022503949,0.6159120714843302
341,30.29447257440403,60.159241280402135,-13.302421927705828,520.8490723150221,-34.21735740359829,0.7503021281090514,0.61935959189429
342,31.723068612237483,62.25878040830668,-11.242121956244546,522.3002322274297,-34.53384323665921,0.8017361798263649,0.6262546327142093
343,31.89651412821964,52.598767548090784,-20.47561591338705,522.2732568445587,-31.72895073610218,0.6014139166893986,0.626126452897624
344,31.59296524295693,47.5018862429027,-25.067291948142945,521.7929119651482,-29.54988287132029,0.5178418071058781,0.6238440393259927
345,31.237022317957297,51.08382118919323,-21.87053459333088,521.566219661318,-31.191682959166645,0.5762168838826012,0.6227669224484698
346,32.74759973650312,48.11484203293738,-24.516238268242247,522.9667580151743,-29.717629583964776,0.5264498179277124,0.6294218934384856
347,32.33964595730475,53.57884945756475,-19.563505422093865,522.7445876147418,-32.051874929733614,0.6182119385605966,0.6283661398637269
348,33.2305250841912,55.46311790314039,-17.790797806238583,523.6871835103631,-32.61781717560537,0.651807982302993,0.6328455137959326
349,33.474563609078544,47.64544871927405,-24.92147209079538,523.669202386604,-29.414937342500153,0.5182598068783486,0.6327600605848757
350,40.30832247443418,15.616809946089532,-45.124162554275,527.8199397649728,-4.870871068107995,0.0017011265959106514,0.6524899772245165
351,34.045003350501915,51.26654580840163,-21.67849008396135,524.3805880923252,-30.977473732974943,0.576843883541307,0.6361409543367942
352,34.21530542426524,53.688313019255396,-19.44719157226943,524.620702156631,-31.90403892489496,0.6186299383330671,0.6372821611226097
353,34.70891563239148,52.76925989656368,-20.293514883172204,525.0874292805618,-31.509878681962945,0.6020409163481042,0.6395004847859483
354,34.92019454468971,46.69955396724801,-25.725213511419952,525.0739453012795,-28.791638962994746,0.501879784779621,0.6394363948776557
355,34.597611318749365,58.07711256432935,-15.28918488790297,525.1009132419327,-33.28258106205286,0.7022020479165874,0.639564574694241
356,41.37426293672616,18.499530628270158,-43.94646551961855,529.2330937216074,-7.33359901276688,0.0520951922095052,0.659209038122825
357,39.85826956306557,19.186796323115765,-43.80006766244762,527.8289266536005,-8.21594933788664,0.06847521430823283,0.652532703830045
358,35.4598941718521,51.3591039836622,-21.579990824546464,525.787479717454,-30.86967733828916,0.5771573833706598,0.6428279702809563
359,35.1515376545498,53.74255181388741,-19.38801639118313,525.5586293874089,-31.829772058255266,0.6188389382193022,0.6417401717520512
360,36.0459967596035,55.61153478942532,-17.6284248097652,526.5009639563581,-32.39014510478334,0.6524349819616986,0.6462195456842568
361,36.27958470808568,47.85990660164487,-24.696636720488556,526.4829878179547,-29.211334554512113,0.5188868065370542,0.6461340924731999
362,32.42372071518048,66.65824226570331,-6.885949639888459,523.0341917314952,-35.11192041340526,1.0272554757701287,0.629742342979949
363,40.715328188720235,24.325919651362113,-41.33254346707813,529.2465721730824,-12.581095584729608,0.15225632377798842,0.6592731280311176
364,39.0017897869979,27.251709636168247,-39.840898907175266,527.8469004069314,-15.288562746762507,0.20202338973287715,0.6526181570411019
365,39.292060691058474,32.22606980156222,-36.75623329998315,528.5602398032056,-19.136187980692043,0.277300988323916,0.6560097324444025
366,38.466218362016974,33.79508297004311,-35.731579317108825,527.860380700993,-20.404858235910414,0.30218452130136036,0.6526822469493946
367,38.85372743287986,34.95973406312366,-34.907083175181214,528.3314520229757,-21.183853978890404,0.3189825431725584,0.6549219339154974
368,38.04460217114922,40.44723920204472,-30.837839172049808,527.8738609771132,-24.928888698170052,0.40234565286984353,0.6527463368576872
369,39.63844026645917,37.28343900573427,-33.20531394909788,529.2735290221935,-22.68103397908143,0.35257858691495475,0.659401307847703
370,41.5765609548075,22.91985034949239,-41.97510981602099,529.9463356079464,-11.232074593089683,0.12737279080054403,0.6626006135261255
371,36.96359033777664,48.43347684420195,-24.184997699800714,527.1874356948234,-29.409463809337886,0.5273903174157712,0.649482941270972
372,33.830618290553026,66.4052605926355,-7.1309111879137035,524.4345275873452,-34.962177965739215,0.9774884098152399,0.6363973139699648
373,37.027254460592275,53.85295828637587,-19.26763360840449,527.4342237686317,-31.680538571974562,0.6192569379917727,0.650656193010934
374,35.242579712181,66.4239873995839,-7.104405497539483,525.8414117344477,-34.83910517196862,0.9778019096445925,0.643084329914127
375,43.34114985122855,24.72233770888546,-40.95018017485516,531.8828273258703,-12.48985792194715,0.15259657507462382,0.6718101345406658
376,44.066709475588176,18.956630109378878,-43.512594363538234,531.9387183483362,-7.276452086483186,0.05244439748763091,0.6720759658563088
377,42.82440309766317,23.11351157376586,-41.78901028729076,531.1950873163172,-11.193078823660315,0.12753396246737142,0.6685391955569642
378,40.67707971546936,40.70663518052313,-30.56888619381305,530.5116153371674,-24.760622197391754,0.4028033990146321,0.6652887755089854
379,39.956866189817,42.28218686876034,-29.332606974688247,529.8818421403074,-25.80016379509481,0.42775463339764325,0.662293927308788
380,40.33383371129602,47.127233609963326,-25.27134544758989,530.4901187589307,-28.399607205247694,0.5029306798803317,0.6651865467698729
381,45.84120406884758,16.603414684696062,-44.19577867082585,533.369933896061,-4.7896811010399265,0.0024174451151428022,0.678883675139355
382,45.344125865213016,20.100175325544832,-42.93073495665586,533.3326785115173,-8.087583263695809,0.06918556350647143,0.6787064542622598
383,44.4010493570572,28.009904351354276,-39.10078278279485,533.2581673313764,-15.064978428063888,0.20272180028912856,0.6783520125080693
384,41.19642576643469,42.398135059539186,-29.21197458368423,531.130601793432,-25.714986343664137,0.42791580506447074,0.6682325093396266
385,43.24065597561353,32.7191755638958,-36.26669521268737,532.5146331264552,-18.934079643750724,0.277811365268869,0.6748152422087248
386,38.65065725922371,60.50836185791012,-12.907714862467644,529.1875319339094,-33.52138271594633,0.7530877103777538,0.6589923928912528
387,37.36281741924798,62.43001935942689,-11.039599344328613,527.9277819023753,-34.05107243802502,0.8029901791437764,0.653002696490858
388,38.55930615073334,66.20099852110579,-7.304341384360941,529.1445331163429,-34.51813579004247,0.9533422721091533,0.6587879354130276
389,36.661052127864025,66.70664397155909,-6.813592352287812,527.2548413685481,-34.74229648337263,1.028195975258187,0.6498033908124354
390,39.301044351086844,59.4415948153969,-13.937576598450974,529.8173482622701,-33.19787905782439,0.7281364759947424,0.6619872410914502
391,38.76179555893094,55.75070027347923,-17.47057278987857,529.2090312743536,-32.16746204249049,0.6529604295120539,0.6590946216303655
392,43.23609058329169,35.46724481033601,-34.3958026966085,532.7252263058692,-20.936678621073717,0.31954962866695086,0.6758169447647445
393,42.12317559055274,37.55351034210242,-32.92980182277856,531.7710443560674,-22.530722694979872,0.35290093024860963,0.6712784719093803
394,43.79693891885628,34.431338606448705,-35.09395406719732,533.2022835865963,-20.115208037101,0.3028739778761214,0.6780861811924266
395,43.301925613740444,40.96133075726514,-30.304253643050107,533.1463995335289,-24.582709969529475,0.4030261554631143,0.6778203498767837
396,48.896382254323534,15.483891119988042,-44.202180587451515,536.1945136375153,-3.17143693371896,-0.030868341238504765,0.6923218728283519
397,39.86672820565044,62.50071102947025,-10.952321042623124,530.425628750717,-33.83156487111969,0.8033125224774309,0.664879860552535
398,41.06600237872393,66.2366696863331,-7.249704338224187,531.6420802292242,-34.29467482532861,0.9536646154428079,0.670665099474705
399,41.15269256767123,60.59571327473117,-12.802598154383823,531.6850684537822,-33.30317346323233,0.7534100537114083,0.6708695569529303
400,40.54711222555365,59.48952434539849,-13.880655534692078,531.0661158601438,-33.08956112510269,0.7282976476615697,0.6679258231222889
401,42.37390707357992,62.570397794717806,-10.861484206073921,532.9228602386228,-33.609908846145984,0.8036348658110857,0.6767570246142125
402,41.26438022383209,55.875878651328,-17.328176541783634,531.7065624977257,-31.957374168231123,0.6532827728457087,0.6709717856920427
403,43.09993155689204,54.189732752976916,-18.888951758044236,533.4930458002109,-31.18039983427885,0.6200389190419349,0.6794693132346326
404,43.97541202462746,56.005678912143466,-17.1773003410578,534.4098141672163,-31.72492587215499,0.6534557358516047,0.6838305652129014
405,43.546779604783765,48.910430144702254,-23.668034391879498,533.7781265471075,-28.90328985764398,0.5282409456573594,0.6808254575448426
406,44.275938796263574,48.45336803243148,-24.056978468235513,534.4843168768691,-28.601847205068736,0.5199194990689475,0.6841850069670917
407,51.442051339718866,17.632700684437033,-43.21196851659229,538.9810710259492,-4.70342155841609,0.0026139907991762357,0.7055828496402539
408,44.828721029532765,51.94943348186377,-20.92779745460431,535.1532092833563,-30.11868961231569,0.5783661708718641,0.6873673355122458
409,44.97654617742428,54.28774873776304,-18.77492726793112,535.3637476149753,-31.02047264065266,0.620104434269946,0.6883690380682655
410,45.47900141083634,53.398646022981694,-19.59082976134556,535.8406806446826,-30.63188935522414,0.6034287834791165,0.6906382744959476
411,45.733714267463306,47.535860610913446,-24.82724811609019,535.8965498340517,-27.98139352029319,0.5032766058921239,0.6909041058115903
412,45.30225669237862,58.52517625449167,-14.762656236619225,535.7848111470645,-32.36392806483057,0.7035809610661095,0.6903724431803048
413,46.24115325812914,52.03387586409277,-20.830392571182927,536.5560380715283,-30.001282146813402,0.5784153072928726,0.6940421291374705
414,45.91238028011636,54.33716170734197,-18.71682712558377,536.2989689571231,-30.94018217668163,0.6201371918839516,0.692818900485082
415,46.79031325297274,56.13791086645403,-17.018627788225462,537.2154833537397,-31.480088656965318,0.6535540086936213,0.6971801524633509
416,52.47058222098579,20.417399881302433,-42.10122433730894,540.355447263544,-7.0860752760444115,0.052739216013681034,0.7121247276076572
417,50.94361502808653,21.056528008471346,-42.00487572880741,538.9438362817389,-7.946898801520837,0.0693821091905048,0.7054056287631587
418,42.929475014274125,66.7792318565081,-6.693729702587675,533.4987190817059,-34.182861841979985,1.0290018335923241,0.6794963009666286
419,47.099573332027546,48.65413311634286,-23.832005891477582,537.2899654230736,-28.377649408408136,0.5200177719109642,0.6975345942175414
420,51.74568004211148,26.005303457533074,-39.681599390966866,540.2996026818226,-12.175488195686494,0.15289139360067389,0.7118588962920144
421,49.99970440750042,28.80508520504931,-38.3063801467112,538.8693663822571,-14.81506967948602,0.202918345973162,0.7050511870089683
422,50.257487711192454,33.59353474086917,-35.37370631864496,539.5286609655138,-18.54976369645748,0.27805704737391085,0.7081892103348487
423,49.41216846839258,35.09911712877887,-34.40681962673726,538.8135135979645,-19.78966464962747,0.3030705235601549,0.7047853556933255
424,49.79108136933226,36.2218241911883,-33.61548043052072,539.2716673392263,-20.54323174991841,0.3197789319649898,0.70696598168246
425,48.92637265871699,41.5057848350924,-29.727455298213524,538.7576605053792,-24.19207340441997,0.4032227011471478,0.7045195243776827
426,47.7780718176732,49.20576264406146,-23.33716936777591,537.9866013014441,-28.564488657987614,0.5283883549203845,0.7008498384205168
427,44.36715282381903,66.54177321160083,-6.917890428855664,534.9297142715068,-34.02530659386135,0.9789748812198358,0.6863040102496747
428,52.630102051548356,24.66684566202845,-40.26555536975737,541.0146450197119,-10.86226569644533,0.1278779174144299,0.7152627509335375
429,47.79379834844705,54.43867055052138,-18.598451698679536,538.1691525109502,-30.778947181476774,0.6202027071119627,0.7017186253187151
430,45.77600792374767,66.56030879613492,-6.88666643532182,536.3325740201653,-33.89679451108119,0.979024017640844,0.6929788038748994
431,56.10795029947375,18.480959565890434,-42.36763667202935,543.6291610119274,-4.610617997908003,0.0019595600415949765,0.7277108213415502
432,50.81731413547984,47.400382907947424,-24.84874087843823,540.9316079882229,-27.310134801112042,0.4946957374314978,0.7148674529242769
433,50.18206803877065,45.47076931545743,-26.491039230833664,540.207010727402,-26.35925531955984,0.4642047253367145,0.7114181434087454
434,50.03118701834449,48.848471112899695,-23.610382015267565,540.2165597808353,-28.130349582100976,0.5197092136177419,0.711463598282754
435,56.11994738810289,21.910953692394248,-41.132610001858794,544.0944492285435,-7.775994081216395,0.06840109054393645,0.7299264599531338
436,55.571061554563556,20.930881050024006,-41.57292456920561,543.4332609600087,-6.981812255434073,0.05192211880140979,0.7267780026913235
437,47.15665162785831,66.83159825830036,-6.6042256577694065,537.70730993787,-33.79726945468832,1.0291492428553486,0.6995206818423028
438,51.542382100310526,48.61586152268409,-23.785709731032505,541.7029257624318,-27.83815306123519,0.5139231194159799,0.7185394381909118
439,51.725173110581,44.896208030029726,-26.93131457633335,541.7167642597403,-25.844778112588106,0.45278681607980215,0.7186053211924552
440,51.28849263045458,55.4671110153246,-17.59343334701197,541.6752487110115,-30.77711208876146,0.636195726088336,0.7184076721878251
441,48.73480072845335,66.23131978074909,-7.184569831003953,539.278062000341,-33.582718207044515,0.9453314001519573,0.7069964183786595
442,48.00708704362191,62.71870344167648,-10.662325987975334,538.534245052394,-33.10020352491369,0.803831411495119,0.7034561991151114
443,49.525631270072374,65.52361652096891,-7.878794953843681,540.063346611153,-33.417447067118786,0.9034224788002616,0.7107342866468378
444,50.07967454051289,63.12831760857971,-10.237189830882071,540.6006758498626,-32.97764694290875,0.8143468945629531,0.7132920818271671
445,57.937050023735,25.291954838498988,-39.50245487749908,546.2980978247085,-10.463694434145577,0.12333099635235878,0.7404213174925012
446,51.11561945099783,63.32902194492334,-10.030605553659331,541.6337329919315,-32.913577229469574,0.8196046360968701,0.7182100231831947
447,51.69421666317631,59.97481472144331,-13.29642425262127,542.1709788195883,-32.11272404201201,0.7305290518595615,0.7207678183635239
448,55.29799960766289,39.93487536613853,-30.724438760365018,544.9623462995335,-22.31696406680608,0.36810273974313096,0.7340595391872536
449,54.43149574134938,40.39108881337358,-30.412823374477888,544.1352122972684,-22.73866346632391,0.376831017466782,0.7301205729502414
450,54.496060835612845,43.70642580154321,-27.82931398993114,544.3900582201347,-24.80008290410168,0.4295277876237356,0.7313341623662298
451,58.309080729337325,25.98174507616633,-39.14549566674451,546.7387698887505,-11.004314648545861,0.1343169775140432,0.7425202890003746
452,51.920246714046755,61.88521458637386,-11.43803580641438,542.4188347618976,-32.5447954405806,0.7776957147451744,0.7219478914513733
453,58.671644053493104,25.82542834574341,-39.18593041100455,547.0760587604949,-10.803216625078752,0.1305381741196518,0.7441268963723405
454,59.398246257358174,25.52055343611203,-39.26055085510329,547.7506027251367,-10.402980003318154,0.12298056733086898,0.7473401111162726
455,55.89393297216679,41.037217341766485,-29.873128895959347,545.6234345623078,-22.95642483882578,0.3845817114856576,0.7372079964490639
456,55.95648749100045,37.1925393565444,-32.67907356186599,545.4239474521787,-20.33588159976876,0.32348252483997825,0.7362579100248096
457,52.63813741347503,65.88337080292928,-7.492137305051368,543.1623661409316,-33.16711991169338,0.9191957034020126,0.7254881107149215
458,59.48804582299466,30.215031954841894,-36.847488232741526,548.3089522807046,-14.3880704911923,0.2027440664306944,0.7499999999999936
459,58.461098934027795,33.0793549945968,-35.26189239497894,547.5656796753153,-16.87758300924833,0.2524352539626504,0.7464592020876344
460,59.42478955840403,30.91545844288803,-36.47931477401483,548.308951715248,-14.986193788413361,0.21470523220616772,0.7499999999999936
461,59.02090120905401,33.72043825225431,-34.83035093980566,548.1749211414805,-17.28600532344985,0.2615318334271391,0.7493614772814907
462,58.03909535243235,37.052281866273525,-32.68212590549587,547.4732168809777,-19.925943218615746,0.3171625972785412,0.7460187475733152
463,59.35141206339438,31.677774958366374,-36.02834480537237,548.3089535781625,-15.604156081824097,0.22733201459319588,0.7499999999999936
464,59.114353684144795,34.12835644632495,-34.566627321270374,548.3089530727748,-17.581990038522413,0.2678769971534566,0.7499999999999936
465,58.02903060945936,40.86370596538374,-29.928201706820595,547.7180206806394,-22.547775704188393,0.37811113720004036,0.7471849004309621
466,58.11482496397984,48.30840877417012,-23.91009127622794,548.2076104833583,-26.889587096050644,0.5000082170430389,0.7495172061462557
467,58.26203046426076,46.75472918777564,-25.17320813446859,548.308952531413,-25.978632945814887,0.4741493684014586,0.7499999999999936
468,58.56492146093014,41.83689782043467,-29.165668125816403,548.3089454970957,-23.098769280745092,0.39284532045009246,0.7499999999999936
469,57.63109211880333,40.133099701185515,-30.489824959186258,547.2773913262693,-22.121118075957618,0.36712515603835577,0.7450859289230886
470,58.99712464491714,35.74228420529323,-33.4687268362597,548.308949953056,-18.768763853907895,0.29403386425010986,0.7499999999999936
471,55.23767153687324,58.44707603736529,-14.722921308181949,545.6641914650764,-31.32492414539306,0.6930116384085034,0.7374021094461717
472,54.475704306765635,56.14208609643573,-16.917227344518764,544.8579869047763,-30.67042465267686,0.6461337200673172,0.7335625425388418
473,54.399408624898534,58.810707734288094,-14.385937213847571,544.8371148965331,-31.518129047468285,0.7017399161321545,0.7334631432091593
474,60.316238308166774,22.756206929047963,-40.29161580366599,548.3088624934535,-7.737381482750466,0.06900446502835555,0.7499999999999936
475,59.97085709385512,25.501030736420464,-39.21247029580646,548.3089106389057,-10.283650525404193,0.12090452319623715,0.7499999999999936
476,54.26310090019134,64.81944869481572,-8.528184721277341,544.7744986132769,-32.85769196748752,0.8685585043266659,0.733164945220112
477,57.13111034940411,60.09033291061256,-13.121175057355147,547.5729072284466,-31.58537332803849,0.728251853118155,0.7464936313361846
478,55.02420418256937,66.93220569504558,-6.426639582555454,545.5389687583756,-33.06058806748762,1.0266488147975268,0.7368057134680772
479,57.75840408802727,57.33080447813329,-15.749848866805351,548.1450150830204,-30.712934728112725,0.6668268052375503,0.7492190081572085
480,56.91859824265078,57.70620214905435,-15.405227932064715,547.31814155832,-30.922399941928745,0.6755550829612018,0.7452800419201961
481,57.905435788444,58.03364227735877,-15.080618476968885,548.3089529903024,-30.913857231062945,0.681609594813633,0.7499999999999936
482,57.89542619868837,58.77976412221677,-14.370643018359287,548.3089495117302,-31.13891701603231,0.697772920555822,0.7499999999999936
483,57.941059039912766,56.54888187350512,-16.480185630776568,548.3089515728012,-30.422065158402923,0.6509750557204292,0.7499999999999936
484,57.85156941324172,60.45304324683978,-12.74459717385222,548.3089526095915,-31.527959610369425,0.7422469092699974,0.7499999999999936
485,57.80653658134514,66.8569729825285,-6.479908466415473,548.3089287624355,-32.780493403871766,1.00404613491065,0.7499999999999936
486,57.80570023022661,67.2616354727506,-6.077996443247975,548.3089475141514,-32.82297428340718,1.0941952113061584,0.7499999999999936
487,57.81594191401407,65.08073250394747,-8.23336917741105,548.3089498180462,-32.52359406839195,0.9030471018218968,0.7499999999999936
488,57.80576060931754,67.45960902849623,-5.881298810389968,548.308918723392,-32.843087929371315,1.1424554510398228,0.7499999999999936
489,8.379315664804869,9.814414978689394,-49.807663667725215,495.69525924110604,-4.592280265217296,-0.024202162099440427,0.49999999999998135
490,8.430297366331025,11.173730210934718,-49.391284662893035,495.9182886399001,-5.868310022866609,0.0002560047895025508,0.501056965188347
491,8.175868415061242,11.41717412087445,-49.31175979872285,495.69526780610903,-6.128967308881794,0.005098296215925627,0.49999999999998135
492,7.939555881361829,13.786619350496748,-48.26313563506013,495.6952676644255,-8.265413386098764,0.04417669780310064,0.49999999999998135
493,9.335538740668671,11.307133103178465,-49.2833066570486,496.8268993525909,-5.856747937031272,0.0008116303839255101,0.5053634628394799
494,8.606542699658515,13.351522955504668,-48.50604122261272,496.33518684147685,-7.822642938830839,0.037820789604759986,0.5030328695512812
495,6.777998259670673,25.41978299876148,-42.237748602106834,495.69526744529867,-18.240546891235816,0.2238650657072188,0.49999999999998135
496,7.490478491876023,22.894591701768714,-43.75681270050052,496.1855164000771,-16.157341470000766,0.18696867767694397,0.5023234917007525
497,7.2970702158983896,19.90453614205757,-45.38447802431456,495.69526316634165,-13.688483005164247,0.14279575747047552,0.49999999999998135
498,9.613406109012127,12.048509042385756,-48.97789296439484,497.1831774053932,-6.494564220599193,0.013450660405035397,0.5070522011221484
499,6.265820570293764,32.81893878216224,-37.254270573909345,495.7412744877033,-23.721506160434558,0.32764536343586564,0.5002180245137645
500,6.280107380867718,32.02860060371159,-37.819671199828186,495.69527124619435,-23.17102316678129,0.3167054707294407,0.49999999999998135
501,6.1898621651158745,33.21048871035555,-36.95364074570523,495.69526996925686,-23.97957603705828,0.33315354170229383,0.49999999999998135
502,6.819992920135206,29.878034311622862,-39.330801489000244,496.08573488629423,-21.596151033648475,0.2864006030583999,0.5018505731337335
503,6.624833590365169,27.34523377675541,-41.012695554450154,495.69526825394166,-19.73281224294728,0.2512185452329585,0.49999999999998135
504,6.376479419785597,30.579081515137645,-38.851586141666,495.69526995795394,-22.1493906952888,0.29656468406557723,0.49999999999998135
505,7.198433590932611,30.8205595541698,-38.6686424513295,496.5275706984118,-22.226726434653944,0.2991074065282933,0.5039447071384224
506,5.580655802668883,44.14160149380914,-28.211058594407334,495.6952665161765,-30.532060319880014,0.4873611918152322,0.49999999999998135
507,6.871006934667458,32.88592939576192,-37.19636563377735,496.34703445854575,-23.699250670922424,0.32801578049881414,0.5030890229478531
508,7.028208222892062,38.87852351817226,-32.59355603027886,496.86961353144,-27.504550185759655,0.41124613537964266,0.5055659225760925
509,7.890800672479188,28.215686851417694,-40.43293308256483,497.01927393934943,-20.249661039726462,0.26209824730745884,0.506275300426621
510,8.230748046476613,24.723730441482818,-42.6442065273933,497.06916025417945,-17.5272611474248,0.21238228461673087,0.5065117597101306
511,8.893678443761779,23.649762194444623,-43.268665021751794,497.6344544631819,-16.587286483067626,0.19613553181691445,0.5091913140907088
512,8.596872256686304,25.647895852729896,-42.06578066794314,497.5109534863607,-18.20461269766439,0.2250890880866243,0.5086058937148197
513,8.346719394991938,33.646679117928414,-36.61471695280191,497.8529633552847,-24.05082257782432,0.3372278169379737,0.5102271091524896
514,7.574855347039327,31.765082699156938,-37.9947727949295,496.96938738061607,-22.846437169375193,0.3118142099981868,0.5060388411431115
515,8.884204899159094,26.56236179686921,-41.48263136522314,497.86720765350765,-18.87718323791378,0.23772811810773425,0.5102946319974884
516,5.509914138564053,46.462350108578065,-26.132365078529524,495.6952679046479,-31.561745442843968,0.5228594782735606,0.49999999999998135
517,9.077811217236711,27.17360612920298,-41.08592282941435,498.1047035203611,-19.321713667233002,0.24615413812180748,0.5114204575192675
518,5.275221184905595,53.56317627049003,-19.69693358969391,495.73649190510974,-34.53969147906427,0.6344123418934957,0.5001953581491665
519,5.242708710210942,53.33868832750829,-19.90615777180016,495.6952706595333,-34.462501075328575,0.6306983024016506,0.49999999999998135
520,5.22819910282636,53.73178057695394,-19.53574413493107,495.6952695153498,-34.59410194212806,0.6375145737950854,0.49999999999998135
521,5.197083143701118,55.63595423110585,-17.701230267967244,495.69527119918985,-35.10098949736704,0.6754867218546661,0.49999999999998135
522,5.8267251044216,51.354438002538856,-21.754941236658325,496.2282332637196,-33.702852990413646,0.5974031826726611,0.5025259514373651
523,5.2928264066501995,51.31913232852783,-21.7890437797007,495.69526160859346,-33.735766441400884,0.5970772836747804,0.49999999999998135
524,7.555655779031234,40.108356733360395,-31.59086048113308,497.45867844354893,-28.167018856553685,0.4281885400061674,0.5083581012490112
525,6.404146522790623,49.04149736123123,-23.872353012006812,496.71995092840376,-32.72687094408024,0.5603940234518265,0.5048565447255637
526,7.821979610503039,40.71886843937033,-31.086458618469955,497.75319814632786,-28.487289613450518,0.43665974231942967,0.5097541905854706
527,6.243585592467209,52.14320225463338,-21.023206687474314,496.6700629062529,-33.958693052378976,0.6101099861425545,0.5046200854420542
528,8.783374049274215,36.877326305430884,-34.15939803010526,498.483109058727,-26.102027062344312,0.3818082478266667,0.5132143054672342
529,8.451095681814415,39.60709492369679,-31.99214857315404,498.3184544554901,-27.78586259898766,0.4204129895196132,0.5124337449660487
530,8.082189432750614,42.29473653018626,-29.77168674457726,498.09678510777564,-29.32728011639195,0.45897254891337064,0.5113829206501829
531,8.999955045498774,38.482439776917396,-32.89346647402391,498.7981673134728,-27.062373036126182,0.40409846327101323,0.5147079036246065
532,10.601688663392231,29.128632620788053,-39.76035954729575,499.77176698715783,-20.601618962127894,0.2719697119435736,0.5193237437867206
533,11.408786851401368,21.88407027636425,-44.19627152895924,499.9458923917918,-14.821959369555028,0.16703183769713403,0.5201493195179052
534,9.182672870472707,38.10637414468484,-33.190783046653536,498.9580665860588,-26.815678785221046,0.39866028785481317,0.5154659565107923
535,12.571484713959682,19.819308927718218,-45.261540478739256,500.90514246579056,-12.935209113353409,0.13440278519993404,0.5246976368350208
536,11.793898091291158,21.18715701112487,-44.56480303088147,500.26565244327435,-14.192597969012052,0.15615548686473407,0.521665425290277
537,12.122870198104998,28.132449271842372,-40.38360533215981,501.20588628667576,-19.672020654670703,0.2561926994745201,0.5261237121473942
538,10.884721549688425,28.57018938874957,-40.12583425092793,500.01159206076335,-20.153482763190222,0.26381244881927374,0.5204608231159995
539,10.796106285506799,30.73553525338385,-38.65784037307702,500.08678543676837,-21.745811172018165,0.29425992738792023,0.5208173419440928
540,10.640275212274243,35.0886996324176,-35.50506299555835,500.2371705254019,-24.74998093589372,0.3551548845252132,0.5215303796002796
541,11.197495566727891,33.95820182987009,-36.3398096295766,500.71679314203874,-23.936530574825667,0.33884035827661313,0.5238045382588374
542,9.973210600507809,39.558339737715556,-32.018588830173265,499.83034700694424,-27.598401365613757,0.418500172480833,0.5196014859623155
543,13.117817898108518,22.486377839881314,-43.791589982894514,501.6949559690055,-15.09084671319308,0.173545040672427,0.5284428860359511
544,7.933551380639696,55.14063914902225,-18.20026247345232,498.4371901772523,-34.824091039631725,0.6609372000221285,0.5129966214608103
545,10.188418423858984,40.65241037964993,-31.124637530512658,500.106580480878,-28.205574278974606,0.4338582902100428,0.5209111978018912
546,13.029814104576054,25.13873605755899,-42.243846717302084,501.8484815014743,-17.242421315616987,0.21232895362522236,0.5291709287688042
547,12.897561426490675,30.587008731292162,-38.715850184932705,502.15552562992985,-21.387758866084262,0.289896779530813,0.5306270142345106
548,10.763868321083184,38.26439213503701,-33.04767201007738,500.5490100333138,-26.742423580029424,0.3995561441540573,0.5230089726809855
549,14.76484568648349,17.274064153202772,-46.41413862068265,502.82020803002825,-10.432083574643928,0.09125572439003155,0.5337792663925854
550,14.13017130459876,17.185174823953357,-46.4916108033026,502.1840021890269,-10.442731136537386,0.09089738187033392,0.5307620599245081
551,10.5624078297031,40.3964758447673,-31.331438585191172,500.46511744360083,-28.020991039875078,0.4299140370927795,0.5226111898920596
552,13.488393575986937,23.670304478105244,-43.10025219032476,502.1697639194258,-16.006346369434702,0.19039708070057343,0.5306945370795093
553,10.299612187290602,42.30470299198227,-29.75011918265363,500.30207715730734,-29.1093011875365,0.45746325669347715,0.5218381319292072
554,8.52462755537707,54.24000094352166,-19.0530463370538,499.0024085865728,-34.48648013069703,0.6446904472223123,0.5156761758413885
555,8.358490570070979,55.84963996825024,-17.524856083888846,498.8789241702188,-35.00328233217386,0.6736440034920221,0.5150907554654993
556,10.832851482857802,39.8380041065554,-31.784093666320018,500.7049262109797,-27.670699011941323,0.4217567739684794,0.5237482692213384
557,15.082213698416727,17.318390999743517,-46.37517440944806,503.13829605879096,-10.426826662028217,0.09143489564988033,0.5352878696266241
558,14.35690124212601,22.092795738111654,-43.961716170881246,502.88905301746485,-14.598714573690078,0.16592529132767336,0.5341057750673459
559,8.899870406654758,55.04265853102639,-18.292728701152672,499.39818791119393,-34.71097758026168,0.6587338139124341,0.5175525517110203
560,8.699143654839878,56.53549533283704,-16.86867107944009,499.23513056605304,-35.17418256434012,0.6862830335131318,0.516779493748168
561,13.862274051849333,24.863900202308525,-42.38231882962059,502.6445497538636,-16.91541432474338,0.20724912072871993,0.5329461881230675
562,13.683291645325196,33.049007701819505,-36.961291722892085,503.10507650925376,-23.031206838939816,0.323600859587106,0.5351303163216269
563,14.622582063621081,27.27373456609365,-40.86867509117709,503.5940550747917,-18.705630727756215,0.24095320078501287,0.5374494902101838
564,11.999870537799518,36.42021768095907,-34.471852706939465,501.66647804368887,-25.46039371192186,0.3725444383329061,0.5283078403459537
565,11.224494013064794,41.428063925587395,-30.47532010510496,501.1789891800927,-28.534253022742874,0.4441365750427502,0.5259961689957301
566,15.787437270971436,16.72974758236512,-46.608276931085136,503.7760241147044,-9.807972914310955,0.08073771607732916,0.5383125786330345
567,11.581975456725484,39.32592388936296,-32.19071457479853,501.4219454522037,-27.291333674180486,0.41386826773395263,0.5271482534016754
568,8.926939714486096,56.98298447400693,-16.439159500856405,499.47259458536473,-35.28070156302878,0.6947090535272051,0.5179053192699471
569,12.402253209334756,37.64518690983442,-33.51633971841734,502.1412873205402,-26.18546560731435,0.38939647836105257,0.530559491389512
570,12.824863244435669,36.11448577421151,-34.69566440885179,502.462560509743,-25.172242286274237,0.36746460543640375,0.5320830997002169
571,12.805983175893656,38.863764814181465,-32.54861593355928,502.6160744814088,-26.88409152362839,0.4062485183891991,0.53281114243307
572,16.17896630539355,20.68223356309949,-44.64110806275583,504.5624518654001,-13.170778571608594,0.14199101573431977,0.5420428227572985
573,16.229689238182466,21.790568278051165,-44.0451869496862,504.7190974775912,-14.094640165173386,0.15866388450261742,0.542785870566818
574,15.192549308000077,26.186263842356805,-41.53096424924581,504.0735197690724,-17.789335591139146,0.2246386745364129,0.5397236488687417
575,12.999024334423156,41.21133695450327,-30.639878290079,502.9294231428449,-28.229201902128178,0.43959425592579443,0.534297238052109
576,9.787677267000669,61.60509981636104,-11.944112780054523,500.4129015548063,-36.28953725239331,0.7947462661369911,0.5223636061270643
577,14.99572926508878,30.445852788015504,-38.76383582015494,504.2238460514879,-21.03056993711331,0.2855336316737059,0.5404366865249283
578,13.489635125042488,39.515876399930185,-32.01686677485335,503.330586531851,-27.200240351515156,0.41494329529304547,0.536199872805907
579,9.622837892339087,64.26223920715418,-9.323167293339349,500.282313760821,-36.73356960514968,0.8734496718218208,0.5217444243286757
580,14.917390029821462,32.601494318636384,-37.2590430815268,504.2990083610069,-22.574395127154393,0.31598111024235226,0.5407932053530218
581,13.830039376817766,39.84259587516989,-31.7502479233999,503.6878237721517,-27.355321304619995,0.41929068374496864,0.5378942379923255
582,10.3825789824622,61.78971811506334,-11.7632097982676,501.00885599357514,-36.27562631774777,0.7992280330338009,0.5251894237390118
583,15.197159712376163,32.042908771645884,-37.64919841213667,504.53872694286036,-22.149770370922422,0.3078238471180524,0.5419302846823006
584,10.770131998947244,60.25808537146041,-13.263484156291069,501.3721076960165,-35.93617188634242,0.7621172136397911,0.5269119234441798
585,13.672765283931646,41.85226701904057,-30.10130139051671,503.64391322542247,-28.515640394779858,0.4482890328296409,0.5376859684249461
586,15.384837407253858,31.67165277874837,-37.90608218613477,504.69853619738257,-21.864431309502518,0.30238567170185243,0.5426883375684866
587,14.305140548993176,39.21015158941694,-32.25341133349679,504.1265390289236,-26.93022343838005,0.4098634623965431,0.5399751321601701
588,19.605408400355152,13.53967895295,-47.710538980591494,507.20372162978515,-6.371602475713509,0.01909455509027308,0.5545732029943656
589,11.083343312976666,62.735896822389186,-10.831974699709626,501.7211075595354,-36.38514346363321,0.8245060930760206,0.528566900304349
590,20.038599154233438,12.91290159176706,-47.916825759565924,507.56319486124687,-5.731601282027016,0.006858660403823047,0.5562788219882839
591,17.160493541275798,28.17510146731538,-40.20719363183206,506.21659909347795,-19.073942225617643,0.25072300524795227,0.5498898399872528
592,16.912477677665002,34.59614659269623,-35.761909014748106,506.4420402539941,-23.70802322270898,0.34206544095389174,0.5509593964715329
593,17.918473417051253,24.828022364379,-42.246465679620016,506.70068435991243,-16.3535801398399,0.20124191272260566,0.5521865062608101
594,15.53352882656091,38.75000235678415,-32.602512078308806,505.3203512012801,-26.521368436385085,0.4022437130517897,0.5456380211915651
595,17.450141046316517,27.634590962663324,-40.54575352216719,506.456272554658,-18.62187795068301,0.24256574212365217,0.5510269193165316
596,12.207123605936498,60.319215780482835,-13.204123629397596,502.80362901073545,-35.830352254009455,0.7629234843091104,0.5337006379973537
597,20.15248907180247,15.06110296147536,-47.057421633901455,507.92549909971586,-7.671140488648683,0.04448106352934289,0.5579979343971803
598,11.801042315457602,62.75983436743987,-10.808993753487753,502.4368688417679,-36.33074868028332,0.8249092284106803,0.531961257580936
599,20.765010935695827,13.039307219291535,-47.814047997927304,508.2934835125382,-5.733428984198731,0.007424468333758039,0.5597440615210868
600,15.669497737215554,39.15271131579448,-32.280112067803316,505.4785666778679,-26.749481194919376,0.4078610597278382,0.5463885715394178
601,17.872167895496492,26.821626577906812,-41.04042624588201,506.81577217127034,-17.939287807739586,0.23032984743720214,0.55273253831045
602,16.07619654415533,37.63689226087701,-33.46886424539444,505.799734662875,-25.776254194723887,0.3859291868031895,0.5479121798501229
603,18.306921234760388,26.02297274567591,-41.51554964391562,507.181898795058,-17.255653469963427,0.21816625168198556,0.5544696605293531
604,19.182480894986508,24.448629282387977,-42.41776159501544,507.91411255273067,-15.878122067726949,0.19383906017155234,0.5579439049671594
605,21.040387417150328,13.774868733278417,-47.511756996569474,508.65068178973,-6.36473132198054,0.02002839986016569,0.5614390675932978
606,12.534905371175576,61.86826476843104,-11.686292645291445,503.1561390904248,-36.11401877230117,0.8004374390377802,0.5353724955687726
607,16.083515772239,40.353703692835495,-31.306220533519365,505.95319836364285,-27.41506025442078,0.42471309975598476,0.5486402225829761
608,18.024971713539827,29.455504657721793,-39.342595440544486,507.1781030036169,-19.92918018237051,0.26795225056272204,0.5544516507193462
609,16.099748596085092,43.03254462597985,-29.086907369957775,506.1110866821204,-28.90910693929512,0.46354521199626914,0.5493892674658191
610,16.176211803177885,48.19765559310855,-24.594356032445226,506.42685597662336,-31.445038690319308,0.5412094364768376,0.5508873572315052
611,13.13591859760474,61.72970104197916,-11.822380312231095,503.7531195110563,-36.03859929443973,0.7966275643654035,0.53820394008447
612,17.7586626347081,32.93931760567975,-36.946890775183874,507.1743072107586,-22.474210381929062,0.3177382494434586,0.5544336409093392
613,14.319741254212955,55.36047635547194,-17.984678099934467,504.8061495585037,-34.33890056790701,0.6617797253298638,0.5431988066896771
614,16.501614010134126,41.552303801215885,-30.319377760822427,506.43444811814027,-28.05445663104286,0.4416374387153646,0.550923376851519
615,14.191871101069182,57.26091465955615,-16.16864987129331,504.72150118477396,-34.9087656034315,0.6976653793147105,0.5427972726315846
616,18.18644343584431,32.1151630201753,-37.520911346438155,507.54042094418975,-21.843018424228912,0.30557465368824205,0.5561707631282424
617,16.767582507805372,41.00489320495563,-30.764066516488906,506.67854313604676,-27.7173140318407,0.4335283748785536,0.5520814583307878
618,14.739575326219107,54.61799273279943,-18.686831848182177,505.2056575079698,-34.06509431344168,0.6481842867893639,0.545093938905142
619,14.441510276603879,56.84603132445727,-16.566383065884793,504.9612098261504,-34.77100281387588,0.6895081161904104,0.5439343519608635
620,18.609998785400116,31.291420134530007,-38.08181030868274,507.90652151432,-21.20307018444874,0.2934110579330253,0.5579078853471454
621,18.165278249566022,34.17000145681307,-36.04840730254768,507.6599255221046,-23.273123837530537,0.3347107876903274,0.5567377973278721
622,13.211738612051768,64.35237791083043,-9.234183071465315,503.8611226714756,-36.45765539459716,0.8754653484951198,0.5387162107116106
623,14.815906785740246,56.2110030997451,-17.17267741221902,505.3207622130576,-34.55422709349968,0.6772722215039604,0.5456399709547819
624,19.766663693582483,26.239574946120335,-41.329052585469135,508.6424784116478,-17.23423071353568,0.2192978675418556,0.5614001395949587
625,18.912318439986706,32.21254543821564,-37.4329428611288,508.27071122889714,-21.824641290118212,0.3061404616181768,0.5596360026610452
626,18.651550761197235,34.23304905031965,-35.99113855154704,508.1467858177789,-23.259075697705867,0.33508799297695074,0.5590479570164072
627,19.47148173214604,29.66040529707307,-39.16182951644631,508.63868316467824,-19.899201917317434,0.26908386642259213,0.5613821297849517
628,20.349472606575436,25.186199046228378,-41.93872281492014,509.12590523101846,-16.31555379301909,0.20299609176240413,0.5636942283923704
629,15.155845766011204,57.31623957240025,-16.112791992538963,505.68441168287717,-34.840819900746396,0.6982992916692348,0.5473650866336803
630,20.054953783498657,27.143689685143706,-40.762773611251596,509.0066418003319,-17.904070278919402,0.23202727122700723,0.5631282569088583
631,15.58288219190714,54.908608742042986,-18.409094734436483,506.0531097872843,-34.084381467491184,0.6529450299935271,0.5491142153925881
632,15.968344303892758,54.23828282021972,-19.041361819368774,506.41926382944683,-33.83003994134788,0.6407814342383107,0.5508513376114912
633,19.21621114153117,33.13395358741349,-36.77268584571288,508.63488791629123,-22.435157461998056,0.31886986530332856,0.5613641199749447
634,19.826820014596443,34.97464685213609,-35.42077445109297,509.36320220953047,-23.62061679466262,0.3443286726736318,0.564820354602744
635,20.338484399026036,28.042027005379676,-40.18826492712002,509.36381505501686,-18.560904308815502,0.24463120275341482,0.5648232629810692
636,16.355421757585855,53.555929771220185,-19.68191247539105,506.7854047083088,-33.56227142448126,0.628617838483094,0.5525884598303944
637,16.80713579734512,50.87033872478301,-22.170844206383272,507.15406295826256,-32.51769035930723,0.5832635768073864,0.5543375885893022
638,20.53426404214885,28.640707896016636,-39.797513558227585,509.6019235954979,-18.9946774101271,0.25303382377101996,0.5659532670292099
639,17.130825762548497,52.15469499808436,-20.984606300316088,507.51764697613095,-32.985019446522514,0.604290646972661,0.5560627042682007
640,19.19596094281293,41.28243299711706,-30.505014519536477,509.1128464293215,-27.615393450141205,0.43541440131167036,0.5636322567734637
641,22.581731699768135,22.6954489001475,-43.25094274024707,511.1107000707876,-13.963377351679853,0.16224296699776114,0.5731141603250146
642,22.825717132938273,27.204430527616438,-40.62430103184853,511.74526250679617,-17.581678326445992,0.22895994300924888,0.5761262118408006
643,22.848744258440306,21.643544942383,-43.79979147502204,511.2695486335847,-13.040368126798855,0.14568972102722738,0.5738681426634028
644,17.43201543225799,54.348488067506224,-18.93211242714695,507.8799528352665,-33.73513161447479,0.6419130500981807,0.5577818166770968
645,19.4047975836558,41.87950279255259,-30.01156945660138,509.3556122515602,-27.92902975260859,0.4439006704351048,0.5647843349827302
646,17.86221956151925,52.214306938733124,-20.925078261114052,508.24793889425086,-32.93996498298693,0.6048564549025959,0.5595279438010035
647,20.27135664972979,38.13057346693428,-33.01451918471993,509.99800979827796,-25.613638998322642,0.3888906553695159,0.5678330524248246
648,19.946741239668583,40.7936005675446,-30.89571683642801,509.8390052044787,-27.251520210787774,0.4275988946556533,0.5670784237801418
649,23.745835181142304,20.696632073525713,-44.23836865916336,512.063345794477,-12.102683170302116,0.12938847112137014,0.5776361154364604
650,23.20182077913173,28.3961791231471,-39.865202038546336,512.2213625866984,-18.4542036147942,0.24576518504445904,0.5783862199370817
651,19.64653966031154,43.41393408110098,-28.726357151358588,509.6753468638578,-28.743053209994724,0.46622348583596146,0.5663017209743333
652,19.097754168413267,48.47430329423631,-24.3273182865184,509.34802228792614,-31.284526657638565,0.5434726681965778,0.5647483153627163
653,20.490843323576836,39.697077619930965,-31.774986838088545,510.31539874538504,-26.544445966522414,0.4111716467174578,0.5693394013358648
654,20.669669594788715,39.329270186629664,-32.06497334282469,510.4741916368931,-26.30322330038645,0.40569589740472606,0.5700930605211059
655,18.546055206955614,53.7267761770319,-19.51247195095457,508.9762808710215,-33.42183490237685,0.6303152622728991,0.5629841784288028
656,18.891743020307928,54.45954713072398,-18.82163171941778,509.3404323186326,-33.639489593245834,0.6430446659580507,0.5647122957427024
657,18.269243379929495,50.995923873577176,-22.046813495682933,508.61464656763957,-32.4307348068893,0.5843951926672564,0.5612680676549077
658,21.888415203722545,32.86642510008902,-36.899691581871046,511.26852741567785,-21.917688844940052,0.3118521708942557,0.5738632953661942
659,22.31399247216531,31.363869893615924,-37.932205489314434,511.5861490545233,-20.789301320259007,0.2898231756109901,0.5753709368898233
660,23.235489541389416,34.180053590271534,-35.92598677867919,512.6970319563154,-22.66718143011466,0.32903540702648054,0.5806442891144795
661,22.083340679507167,33.47185756252945,-36.46487176569259,511.5065913952482,-22.31696536595727,0.3202547919118606,0.5749932994143347
662,24.157903092701893,22.914688481296768,-43.05378061112297,512.6980530308483,-13.91835495639106,0.16287295715945227,0.5806491364116881
663,24.349202561988918,23.486517351398096,-42.730633359855155,512.9360835610664,-14.369101503469437,0.17127557817705735,0.5817791404598287
664,19.23848236017728,55.17669113952266,-18.14224372624992,509.70457073906084,-33.84224017108174,0.6557740696432024,0.5664404130566021
665,21.826011339160857,40.01630886262272,-31.49899214473462,511.66475299208594,-26.58533889106274,0.41447651251934586,0.5757440502212506
666,24.338955616326338,26.269032372849807,-41.131878644335366,513.1739043158319,-16.634068421833405,0.2129106891680681,0.5829081750485277
667,24.34810132873553,31.988428602345756,-37.443950649514996,513.6495291436731,-20.98294134523572,0.29618091115008965,0.5851662442259254
668,24.909941429803695,25.223298018089345,-41.721701113199295,513.650141731038,-15.71425515285505,0.19648344122987266,0.5851691526042506
669,25.543681948700815,18.869772039402157,-45.017563857921225,513.6507543183512,-10.246263739563677,0.09678597130965566,0.5851720609825758
670,19.54242383837998,57.60018721712648,-15.827601127876413,510.066166322304,-34.53457796229285,0.7016941392488449,0.568156523830497
671,22.22755829826729,40.72158741859233,-30.92391552541943,512.1012164077323,-26.956987903163494,0.42434256938938747,0.577815885886082
672,20.093966657499458,55.008456632868295,-18.298842310054763,510.55205521876826,-33.710191000339606,0.6522016975489024,0.5704626191679133
673,19.934169768846488,56.56264306701566,-16.82124273869597,510.43280849836873,-34.20487077149789,0.6812328770135057,0.5698966476844013
674,22.1720549410987,42.701964424338726,-29.296467362482083,512.1407206888243,-28.087425792323483,0.4534367478701598,0.5780034120112373
675,25.482945034604445,24.192023344573563,-42.282007555622144,514.1263568466702,-14.790681626285025,0.1800561932916772,0.5874301301599736
676,22.59906777921192,40.46932172077958,-31.120759535546274,512.4583831729735,-26.768582185510702,0.4203302559290923,0.5795113766880138
677,25.090874809823553,26.742521957825378,-40.814499883532534,513.9674167631154,-16.907279252576256,0.2187644325778147,0.5866755015152908
678,25.47010696018216,29.821749607191528,-38.86280549950555,514.6019371327363,-19.23941693391895,0.26332641527369877,0.5896881993373714
679,20.472014495609102,55.78310368243332,-17.56319267304841,510.9488533617178,-33.92095101520041,0.6662060659115776,0.5723459592481477
680,20.276049227268096,57.22366805853801,-16.18767228480816,510.7899317080408,-34.36442474600321,0.6938368085399131,0.5715916537566123
681,26.50458511635322,21.801601806720374,-43.51421458758363,514.9200672082087,-12.64047316051299,0.14159995007021625,0.5911987492393257
682,23.662712567524615,37.3181980139841,-33.58042878168556,513.3316315877888,-24.704223042328863,0.3735973897223646,0.58365698693656
683,20.50487668883972,57.65448372610766,-15.773325764163662,511.02800688518005,-34.4636477720446,0.7022394295575183,0.5727216578047529
684,22.899994465426143,42.20415142178784,-29.699784914727157,512.8550389054783,-27.730571396916055,0.44541212094956956,0.5813943936151008
685,23.347157165662992,39.9720967862141,-31.510697113470425,513.1726790836816,-26.38767571121,0.41230562900850215,0.5829023582918773
686,23.88522090123707,38.87754943722269,-32.367528841862196,513.6489165562587,-25.660751353749003,0.39587838107030665,0.5851633358476003
687,26.992906913698857,23.310704725665737,-42.68980808029915,515.5546642385902,-13.839346804727336,0.1640069394504965,0.5942120933677006
688,24.42764848753894,37.781368390003585,-33.208480547666625,514.1251317292622,-24.91065309778552,0.37945113313211115,0.5874243134033232
689,25.52374195334993,35.59099211743881,-34.83679356233257,515.0774951765491,-23.346601758404503,0.34659663725572026,0.5919462685147692
690,24.501178707753525,40.653590617026886,-30.943502744439016,514.3629246812128,-26.662180357187605,0.42108624412312196,0.5885533479920222
691,26.616404753103748,30.534966108545152,-38.35295864694696,515.792015454805,-19.623864730438125,0.27210703038831857,0.5953391890375161
692,27.24073046515653,24.072526719368742,-42.2598364263852,515.871947900144,-14.437018669938277,0.17521043414063664,0.5957187654318882
693,24.631324221575525,42.73717151704224,-29.234269550978304,514.6007801315025,-27.838214081973593,0.45164385845633087,0.5896827057338684
694,26.37999975974318,32.61298268840855,-36.95092270318642,515.7124906897171,-21.172565764536184,0.30253864668918923,0.5949615515620276
695,25.921679974854047,36.78957593224648,-33.93380520006743,515.5534392932635,-24.091409771310765,0.36340187929093043,0.5942062766110503
696,26.807582895000476,31.132440150651206,-37.948458338985475,516.0299735735431,-20.04090690925256,0.2805096514059236,0.5964691930856567
697,21.229453899409112,64.59329301598672,-8.984427680334345,511.8603070978492,-35.828030572772406,0.8811948079994616,0.5766723094057573
698,25.18580029882826,41.286445846037005,-30.41967819759399,515.0769847587135,-26.955001375144153,0.42967786218923437,0.5919438448661649
699,25.429185825511777,39.79567008154435,-31.615178704730802,515.2358054178156,-26.04422950048066,0.4075858678897997,0.5926979887811267
700,26.934349692585446,31.531388144305385,-37.67571778270654,516.1886092248609,-20.316581623194402,0.28611139875099373,0.5972225291177504
701,21.971542154729935,62.257503540126024,-11.288334106791714,512.5750534390164,-35.391781584132055,0.8067052011320599,0.5800652299285043
702,22.350085653027755,60.79479772672783,-12.720538560479987,512.9324077782001,-35.06811252460233,0.7694603976983592,0.5817616901898778
703,25.390641174771893,41.87201446015756,-29.938835619039583,515.3149596140731,-27.267448061116028,0.4380804832068395,0.5930738489143055
704,25.445960968957703,43.74286535135679,-28.38205733600434,515.4734703170195,-28.29640866589767,0.4658372238675133,0.5938265386401046
705,25.732458547133632,42.186922245550164,-29.675831721376174,515.6719624919477,-27.407173182754978,0.44237629223989555,0.5947690973513767
706,31.00512152894647,15.354135051649022,-46.09792292774696,518.6492882539292,-6.222154967239513,0.023997337878820246,0.6089094169393414
707,26.052914137827457,41.18241801000294,-30.489665489720856,515.9497361463158,-26.795352876458892,0.42725498261371403,0.596088162502122
708,31.441005647048783,14.745757803882144,-46.28682656063692,519.0062760720938,-5.591550466494068,0.011676901925173622,0.6106051501061337
709,22.677050372483592,63.15431427660677,-10.403032168644568,513.2891369540397,-35.48779839473681,0.8319130641848751,0.5834552420729261
710,28.58185371539026,29.647921534293072,-38.86008899400473,517.6960347278829,-18.688796294411905,0.2562467735956451,0.6043816450712453
711,28.349105603123643,35.908415179113874,-34.53065153660428,517.9334379993488,-23.20971259072686,0.3477306195467644,0.6055092254707816
712,29.332428171893266,26.384031729322366,-40.83617059659245,518.1722644594826,-16.023588019463254,0.20658703568404402,0.60664359208641
713,28.86944640804806,29.121654812027508,-39.186941177741616,517.9340503286436,-18.245024828672012,0.24803314962654738,0.6055121338491067
714,26.991305419820865,39.95338597086737,-31.4599186878528,516.822514677831,-25.957512583405695,0.4082158580514909,0.6002329648678001
715,31.550741464563917,16.863466162862252,-45.45545095910537,519.3702088661555,-7.508888746322447,0.04951069861514035,0.6123339340430861
716,32.16039591070141,14.89327697435037,-46.16821147511927,519.7309560989719,-5.607041287711286,0.012418644023191872,0.6140476467841208
717,23.78334279612593,60.848581765085115,-12.662917386627482,514.3607807754684,-34.95438902203279,0.7700273888438813,0.588543168667884
718,23.39348885158958,63.17465924618216,-10.380391531231728,514.003323479559,-35.42979140319066,0.8321965597576364,0.5868459813119292
719,27.127565599348323,40.34560966751954,-31.144980414440447,516.9811379606742,-26.17759871587559,0.41381760539656104,0.6009863008998939
720,29.289343655125965,28.330339483104506,-39.66381223053744,518.2910632768594,-17.57472459308891,0.23571271367290075,0.6072078670158989
721,27.526100140055927,38.86949021606932,-32.30141643614528,517.2985812220709,-25.228829144575666,0.3917886101132955,0.6024939424235232
722,29.718846663584685,27.561483376958645,-40.115898421527056,518.6529064502038,-16.91035695247731,0.22359594284159073,0.6089266034889064
723,30.58663806766715,26.047491240065902,-40.972579423658786,519.3765541384901,-15.571428903332249,0.19936240117897064,0.612364076434921
724,32.427396663737625,15.619490776271093,-45.87273516649879,520.0845447348273,-6.229133970895638,0.025017160426590523,0.615727412008698
725,24.120211627161403,62.32651735030051,-11.213188877498752,514.7176129833118,-35.21895210774388,0.8075556878503432,0.5902374476455137
726,27.545755813628805,41.51370693261473,-30.19403368089098,517.4569929555669,-26.81927355517536,0.4306228474317711,0.603246308996175
727,29.444305788422533,30.913906888342932,-38.000673623687454,518.6550216907506,-19.52708577779863,0.2735465103628674,0.6089366509528513
728,27.572452092839857,44.12463811483787,-28.028095972109938,517.618631060627,-28.270146340196277,0.4695928614984713,0.6040140111063037
729,27.67219264310299,49.1506514184873,-23.650261144374827,517.9418995579666,-30.725025397938467,0.5475328896318714,0.6055494153265614
730,29.18466828377065,34.31356663115879,-35.66603051534207,518.6571369308524,-22.01359946028783,0.32349707788414434,0.6089466984167963
731,25.860965070201843,56.07291242667394,-17.263046679609715,516.3449287951395,-33.51417873816194,0.6683480324613278,0.5979648779428379
732,27.965259098699878,42.68786198705588,-29.22396376823093,517.9376687795419,-27.440253697137283,0.44763175458931787,0.6055293203986715
733,29.607668087447326,33.52063075496372,-36.21560090548677,519.0189670674032,-21.401636800187003,0.3113803070528343,0.6106654348898035
734,25.745901177135554,57.906035813404976,-15.510716954282795,516.2653743315306,-34.0597527672829,0.7043183970910993,0.5975870788907758
735,28.226769848060055,42.16090988613827,-29.65104016137869,518.17890738344,-27.114445586595426,0.4395539073684445,0.6066751447140097
736,26.274820418153634,55.35391596320032,-17.941366902987024,516.7416711053271,-33.248211140487626,0.6546586591794983,0.5998490259059405
737,25.991462502428593,57.504909459879805,-15.894014622836405,516.5034234390188,-33.925954836833725,0.6961047731220016,0.5987175676686373
738,30.028262050351554,32.7288759319747,-36.752312606092104,519.38078431782,-20.781153979645033,0.2992635362215242,0.6123841713628111
739,29.588318261044652,35.52841669773814,-34.777018389986296,519.1409843421959,-22.798373609801864,0.3406417617899154,0.6112450453567693
740,24.810680319388364,64.6734222941518,-8.893906579852668,515.4312398329868,-35.535087157430375,0.8826122858632668,0.5936260056007729
741,31.16099277433879,27.82116739549005,-39.894763542525304,520.1022652214684,-16.91090578224802,0.2250794270376273,0.6158115968448807
742,26.35980430944001,56.89066472402689,-16.478703342386407,516.8604866473263,-33.715388026341294,0.683784337168355,0.6004133008354295
743,30.326300683564543,33.6391479847978,-36.1100428900894,519.7436461889922,-21.3922558701792,0.31212204915085257,0.6141079315677906
744,30.070270888744837,35.605057575535255,-34.70803698914924,519.6241036979123,-22.789841450104145,0.34113625652192764,0.6135400431420942
745,30.87329975527441,31.16038145580487,-37.78483325260129,520.1043801602515,-19.516872545087733,0.27502999455890415,0.6158216443088256
746,31.738259743856794,26.80249035735695,-40.47780684184834,520.5784603955859,-16.01391479101106,0.2087504015785941,0.618073915488622
747,31.446649666470478,28.715415656448908,-39.3340143307187,520.465101320595,-17.571682531352245,0.23793793996695561,0.6175353570498603
748,26.701079173167678,57.96344429911859,-15.44815583166095,517.2237911215014,-33.988492642863804,0.7049679446845627,0.6021387356177336
749,27.11430893723791,55.64568925471338,-17.659039360270906,517.5842619916627,-33.26358605621239,0.6595507955057349,0.6038507737814442
750,27.493019387021157,55.00429083139096,-18.263025956270024,517.9461303346304,-33.019174323556825,0.647434024674425,0.6055695102544514
751,30.62895022359458,34.548414117350816,-35.45665135092899,520.1064950985896,-21.99192649546261,0.32498056208018083,0.6158316917727704
752,31.234904161270254,36.36424857343112,-34.11930436622379,520.832154033059,-23.154556058188504,0.3506975879388375,0.6192792121827302
753,31.723602446179566,29.5951003099428,-38.77093761209829,520.8186644004338,-18.212205590534047,0.2505364563703543,0.6192151222744374
754,27.872898421425685,54.3509972897941,-18.87516116341538,518.3079857914646,-32.76196626237018,0.6353172538431149,0.6072882467274587
755,28.308997170072285,51.75862866583962,-21.2790675831482,518.6684182039141,-31.7592056361135,0.5899001046642869,0.6090002848911693
756,31.91722973951742,30.180387724057987,-38.38792500642547,521.0543662823319,-18.634836520875282,0.25893546730595335,0.620334965757489
757,28.63513205592543,53.009709201911974,-20.120695769385293,519.0316580467319,-32.20780395332884,0.6110837121804948,0.6107257196734733
758,33.92138437611946,24.37663321987545,-41.72925410343575,522.5275360926938,-13.693588249702369,0.16745201318804953,0.6273347335048364
759,34.16040468803837,28.7842744085165,-39.1737167467265,523.1619505318434,-17.23609461335798,0.23436543415786187,0.6303494671966591
760,30.63027917248945,42.496371387304265,-29.33501328784549,520.594503156141,-27.031351553467854,0.4420263810285054,0.6181501336406335
761,34.180489188401296,23.348176242217804,-42.25841904608915,522.6816476980273,-12.78668421345766,0.15079332457434153,0.6280670536250278
762,28.94196482635325,55.13797917773487,-18.126118651710097,519.3955899315131,-32.925831283217995,0.6489175088704615,0.6124545036104256
763,30.836901153612487,43.083998154916344,-28.848080348007958,520.8363836061949,-27.33655654882712,0.45059872298139086,0.6192993071106201
764,29.360846722000794,53.08322316764325,-20.04660190192088,519.756336263028,-32.16424385497467,0.6118254542785131,0.6141682163514605
765,31.678414454141308,39.44079155777276,-31.76825446001191,521.46367690165,-25.08891262269708,0.395352979671209,0.6222797036727101
766,31.36869959332438,42.03471258462322,-29.701589608088938,521.3125443613166,-26.680288991604883,0.4342696975223577,0.6215616257543615
767,35.06838173108866,22.42913666841841,-42.67140395331131,523.4611613917085,-11.86176857892496,0.13427396921812373,0.6317713808315135
768,34.52942152539118,29.94955903245701,-38.43130094906038,523.6332400434911,-18.086402687978765,0.25116345602906004,0.6325891541627618
769,31.083351163114546,44.57923912503029,-27.591921577303644,521.1552364035292,-28.123824074498497,0.47301308435621997,0.6208142178490776
770,30.56745197869528,49.485881136861806,-23.320283785376823,520.8406131775615,-30.576236114479933,0.5504998580239444,0.6193194020385101
771,31.900854732931734,40.9660294417225,-30.557831926769943,521.7794236087459,-25.99008067470408,0.4176806755373948,0.6237799494177001
772,32.07625150147604,40.60775102540108,-30.84016931956106,521.9350452543032,-25.754522521069095,0.4121510015424073,0.624519390638813
773,33.24888318150025,34.30958337194673,-35.550762872960405,522.7041262845422,-21.477655912567208,0.317728543855147,0.6281738701388488
774,30.046630814824212,54.559084598082826,-18.66361750061411,520.4820202140291,-32.62449873367997,0.6375424801371696,0.6176157367614201
775,29.75884825418344,51.912357500316155,-21.125073109441075,520.1177747622412,-31.6761352702286,0.5913835888603234,0.6158852782471437
776,30.392744146518655,55.27328303925308,-17.98827203299839,520.8448427471677,-32.83162671027222,0.650400993066498,0.6193394969664
777,33.665642413425914,32.8446696348784,-36.554651909167745,523.0138403197067,-20.373464508689764,0.29554018124645137,0.6296456314801532
778,34.57666405703327,35.592243847271334,-34.59329718277366,524.1134978538513,-22.196777821132198,0.3347355656125804,0.6348715677343931
779,33.44028212929969,34.90070373541808,-35.12550496135849,522.9397844032757,-21.86523456832242,0.326127554790746,0.6292937136219003
780,35.47558705521105,24.60022604919713,-41.51871978305018,524.0910223881635,-13.639925444277917,0.16780034633177499,0.6347647512205721
781,35.66163281814723,25.160682849578613,-41.20327477174526,524.3266483106823,-14.08049254515364,0.17619935726737407,0.6358845947036234
782,30.739330028773498,55.971817982191524,-17.324841765581404,521.2076523187318,-33.02404725522599,0.6632595059958262,0.6210632571713799
783,33.216591685656624,41.276339577802815,-30.28426143147225,523.1088748719363,-26.017640992403162,0.42075901236424157,0.6300972447513059
784,35.65123433372047,27.87802303387262,-39.65217394494909,524.5667636512104,-16.298213509836426,0.21798541205913424,0.6370258014894391
785,35.669602211772485,33.45717806878029,-36.06446609195209,525.04697728894,-20.54587709485308,0.30155752164265454,0.6393082150610703
786,36.21400413111454,26.859563479550058,-40.218523980225115,525.0334932558652,-15.394173862934364,0.20139639007417137,0.6392441251527776
787,36.83989865868636,20.65590778732972,-43.39763749963951,525.0200092048476,-10.03141517879742,0.1012352585056881,0.639180035244485
788,33.612496807755136,41.962842850308995,-29.722408761827367,523.5401441285538,-26.374270651939764,0.4305926917701464,0.6321467305864394
789,31.053623728564222,58.30899727359546,-15.088855803247618,521.5718586841328,-33.68075251040187,0.7094183972726724,0.6227937156856564
790,31.585799910273984,55.82062358872899,-17.462697185426,522.0465752648396,-32.894782577761845,0.6597889934661214,0.6250493360201009
791,36.77984624865972,25.855805754988832,-40.755029493755956,525.5002013943835,-14.486285896184341,0.18480736808920845,0.6414624488161162
792,31.437152228332003,57.31859107055362,-16.037163610280288,521.9332325771356,-33.36663487049343,0.6889765318544829,0.6245107775813395
793,33.564081887123855,43.88878462434334,-28.136966267805516,523.5831637302311,-27.469727962649525,0.4598150634728804,0.6323511739192514
794,33.97812601429622,41.71700820082521,-29.913075987757704,523.8913525513111,-26.1883045169019,0.4264976862454643,0.6338158141596344
795,36.394176858573644,28.3432205074118,-39.3362028900044,525.3491289418715,-16.560130462117264,0.22372408594035714,0.6407443708977676
796,36.773914580357626,31.347828086394536,-37.4361362150629,525.9803708594832,-18.835806970724967,0.2683794776727288,0.6437448623877475
797,31.961446890064323,56.56619359685235,-16.75274232481633,522.4393611956756,-33.091980367139286,0.6737873450254535,0.6269157418251868
798,31.777435072885293,57.95336723085788,-15.427138536721191,522.2867445449456,-33.51497051609135,0.7015750482578818,0.6261905428059167
799,37.79122576465906,23.529016956421096,-41.93351708254139,526.2765025461395,-12.374082349542673,0.1460299834955499,0.6451525338207592
800,35.01355273766502,38.64900893075166,-32.3057149326773,524.7448166388008,-24.175208375510127,0.37939095734495204,0.6378720592243731
801,34.281216988601045,43.403635131179534,-28.527913108683208,524.2855654463534,-27.11752796188426,0.45162505242351664,0.6356893410656416
802,34.71392757428853,41.232102343898326,-30.29054165318326,524.5937329397794,-25.81232462473404,0.4183076751961006,0.6371539813060244
803,35.24088351288087,40.16658387576969,-31.12323048592013,525.0604613040756,-25.102281376811078,0.4017186532111377,0.6393723049693629
804,38.2700519358777,25.00502854135653,-41.13074610765373,526.9046908658994,-13.545422496977508,0.16842734599048081,0.6481387831088963
805,35.77206258881436,39.09954668883668,-31.93993555324447,525.5271682022358,-24.36902754269944,0.385129631226175,0.6415906286327017
806,36.84853387949039,36.96874694067566,-33.51941653036531,526.4605176001473,-22.83864197553739,0.35195158725624914,0.6460272759593787
807,35.85428758451762,41.89340214267741,-29.734191290791642,525.7672551372218,-26.06802776492964,0.4269156860179352,0.6427318354185172
808,37.90422589922551,32.04555339111941,-36.93100418211345,527.1537326900519,-19.202073369534272,0.27698748849456317,0.6493227165002403
809,38.513351243461074,25.749592396935686,-40.712094112704584,527.2187704380577,-14.12893220182258,0.17962602723794624,0.6496319077529648
810,35.98882103674434,43.918707375222,-28.070283479697462,526.005838307893,-27.206163146573815,0.45757272619097483,0.6438659211034113
811,37.67502208209103,34.0691284954847,-35.57025036495757,527.0797069805158,-20.71418480433052,0.3075748620388578,0.6489707986419874
812,37.243223150289566,38.13512169581395,-32.638682335971446,526.9316539407184,-23.55964659944128,0.3687496091274472,0.6482669629254816
813,38.092201924289945,32.628057874579866,-36.53642961456459,527.3892874974279,-19.607352563160067,0.2853864994301621,0.6504425599832917
814,36.76521854587035,41.05869888615052,-30.38471369384166,526.6250554404725,-25.460586086244433,0.4131960009735835,0.64680944378602
815,36.5305678459885,42.508136437059605,-29.22210942308333,526.4717527152765,-26.345683141420935,0.4354191968966517,0.6460806842162893
816,38.21409482194228,33.017724259387435,-36.270424462090546,527.5463209965699,-19.875162577943758,0.290985840053895,0.651189122305326
817,32.767944390481446,64.95097866299551,-8.580118873768598,523.3674360017928,-34.87989484810642,0.8896122948208023,0.6313259733420872
818,33.48551820882403,62.75833607638703,-10.741865503978183,524.0608624275968,-34.467653333705876,0.8146481960591163,0.6346214138829487
819,36.73472834184458,43.07687238169693,-28.753621958560807,526.7073233598605,-26.646539213491526,0.4438182078322506,0.6472005276993407
820,33.850286926979706,61.36737733461269,-12.103636170109873,524.4075578756251,-34.16103803581749,0.7771661466782733,0.6362691341533796
821,42.24316171963791,17.280080392275934,-44.332394510946145,529.9328580867372,-6.066420146650504,0.02721165923206087,0.6625365236178329
822,36.80269300669025,44.89454884647269,-27.23935615515592,526.8673633297842,-27.642192250283024,0.4716755776934242,0.6479613322232177
823,37.073001908720855,43.38184380868164,-28.496776606505474,527.0595456240171,-26.77880945122433,0.44806996327160925,0.6488749520982268
824,42.67818457999692,16.693179482159017,-44.501811565309204,530.2827221572492,-5.447613421914623,0.014769892743338675,0.6642002663653368
825,37.390917651066935,42.40671096818731,-29.28732306477242,527.3309913393567,-26.183047385918204,0.4328285264710206,0.6501654136847136
826,39.8510043452122,31.193143488453895,-37.40583672848114,529.0267857053433,-18.274474030577796,0.26071196633895305,0.658228056107741
827,42.7234758433975,18.730646823953087,-43.729039266437205,530.5868530018123,-7.308946930789286,0.05235791598468292,0.6656465760958793
828,43.30156444860992,16.8024797769573,-44.39842833364678,530.9070965217917,-5.43747047929827,0.014850478576752313,0.6671695573807561
829,40.12563206697551,30.677111378712482,-37.72004574367326,529.2600506066109,-17.839364906264176,0.2524174553464716,0.6593372179394104
830,37.4704893493425,47.43023928366565,-25.054684378992526,527.6540447550086,-28.87038065112188,0.5108012954308081,0.6517012649343107
831,37.52160750468116,52.943709806009295,-20.105116841684392,527.9008214755653,-31.288803617079587,0.6026679160068098,0.6528745166742727
832,35.25271315243961,61.41546498020999,-12.048407858625483,525.8144457617382,-34.04108744874609,0.7774796465076261,0.6429561500975417
833,40.65312236815347,29.65188589419263,-38.332334340796834,529.6915882246392,-16.961845244183763,0.23579458265872527,0.6613892229553436
834,41.71619365138168,27.63730721549966,-39.46958348576665,530.5546083568183,-15.184851096776175,0.20254883728323253,0.6654932329872104
835,34.88831632584334,63.623230753795916,-9.882404999418945,525.4711692433757,-34.489749522138496,0.8400019787805899,0.641324452304184
836,43.55896165113649,17.507982237413774,-44.11638804159879,531.2509821317731,-6.042888887518712,0.027381784880378512,0.6688050268726071
837,37.72456335282135,46.9244898827761,-25.488584852959693,527.8873412353003,-28.591198396658505,0.5025067844383266,0.65281042676598
838,38.20350512548164,45.90340698820191,-26.357694778750705,528.3189372761082,-28.01532966983584,0.4858839117505805,0.6548624317819133
839,38.665620616472324,43.07120928947817,-28.718166395705044,528.6371445100376,-26.41429496462367,0.4414488034720386,0.6563753904705099
840,40.640106818187306,32.39769944439024,-36.587222835920464,529.914088925443,-19.07108744976751,0.27756371209909364,0.6624472704174567
841,37.95981296814751,48.33370962036481,-24.2565721852435,528.1795672579834,-29.2538647368987,0.5248119131693236,0.6541997934126997
842,38.4484125237656,51.06377552127806,-21.813670504404865,528.7639940418526,-30.43144970372795,0.5694221706313174,0.6569785267061393
843,35.59758737988597,62.819213546936574,-10.669225163387527,526.171193205169,-34.28613856677611,0.8151184458031455,0.644651937799192
844,38.98143778380495,44.36474717023607,-27.642772410401246,529.0187647327089,-27.10189093040682,0.4610003787731361,0.6581899172769212
845,40.63230052937766,35.16788718719627,-34.69820547947593,530.1132683094603,-21.088027589193548,0.3193102744042731,0.6633944387812997
846,39.3023446873988,43.671462485561214,-28.210869790045642,529.3064653654454,-26.678925877121625,0.449918463647972,0.6595579206208769
847,41.131865113955705,34.11568156738926,-35.41063667165403,530.5331118697999,-20.266592237148547,0.3026761181489323,0.665391004248098
848,39.17246817821554,46.775069579825974,-25.594039277122057,529.3229334969441,-28.353139232868728,0.49858840201448024,0.6596362270074636
849,37.40940466084579,58.203341308510225,-15.1460227370349,527.91430169792,-33.04772121988242,0.702829047575293,0.6529386065825653
850,42.36485793897086,29.88081890321393,-38.10806895949462,531.4028445293902,-16.8835653844839,0.2360154475354887,0.6695272798124189
851,41.89566756901594,32.55384489492718,-36.432649356564795,531.1628446061919,-19.007250545063332,0.277724883765921,0.6683858524482953
852,39.01011751940998,49.93857619199645,-22.818374463404094,529.2849662315892,-29.881107292463373,0.5500457445136715,0.6594556918817642
853,36.295921325680176,65.02304076027877,-8.488494177786928,526.8846504590898,-34.574137413988105,0.8903960443941841,0.6480435132024924
854,41.45836638072228,35.263357822985014,-34.60134450525988,530.9457728322514,-21.041185066799763,0.3194177221821581,0.6673534934685255
855,39.293120090690266,49.36907587631672,-23.32201665532032,529.5454422885025,-29.592500014935148,0.5403575314548485,0.6606942744695766
856,39.63808671912281,48.62794155386092,-23.97239359316525,529.8603442265467,-29.209442444906493,0.5278819142633429,0.6621916985696754
857,42.6965394505257,31.01070444035988,-37.39105491606769,531.8269359951137,-17.716375124997178,0.2527487526616167,0.671544303225023
858,42.87406116825214,31.58037701454377,-37.02195940241697,532.0561735579164,-18.12607067293567,0.26110295686403423,0.6726346162195904
859,39.520679189647794,51.62272407614752,-21.292489033888376,529.8495952525694,-30.55289125838317,0.5779455546961927,0.6621405842001191
860,39.42662871509198,54.44533545476873,-18.689858195236333,529.8388462671967,-31.651853249209722,0.6280091951290425,0.6620894698305629
861,39.76059604777603,53.77482549401292,-19.310410519628938,530.1537390917664,-31.37359533655469,0.615533577937537,0.6635868939306615
862,40.88606703781102,48.71982292725979,-23.87447232195981,531.1091065279207,-29.113522866252527,0.5280430859301704,0.668130280600514
863,41.68843157152212,43.882016990878114,-27.989753880104125,531.696068326869,-26.510852028781965,0.4502268785659747,0.6709218738897654
864,40.01256475229609,55.813256417475685,-17.399959701684992,530.4578738060941,-32.062636068671715,0.6531216011788812,0.665033203661204
865,40.38708889986202,53.81079943065907,-19.270959231893805,530.7781214010627,-31.32218550549692,0.6156141637709507,0.6665561849460808
866,41.5124562661203,46.9584157452989,-25.398611780889755,531.6585801042507,-28.179001894211833,0.4988898527246573,0.6707435748799583
867,40.766055702852555,51.701816040090634,-21.205581498209426,531.0983588780683,-30.452739984095523,0.5781067263630202,0.6680791662309578
868,41.93268170475124,44.61813848146141,-27.374888675173214,531.9787897622266,-26.890688041682868,0.4613824153167269,0.672266556164835
869,41.87519507756306,51.285204330855635,-21.5704959403442,532.1865309095248,-30.158761669715958,0.5698639003848438,0.6732546404202896
870,41.168292653040055,49.501098491603685,-23.179311909150247,531.4185862371103,-29.446929177744497,0.5405992889550897,0.6696021475158347
871,42.38184704958343,43.40452510637069,-28.367221639422283,532.3680079693218,-26.154817448130903,0.4419303286988559,0.6741178207354844
872,40.678414383610246,54.51341287263141,-18.613560081503667,531.0876112168203,-31.54824474348624,0.62817036679587,0.6680280518614014
873,41.403608241099235,50.1022305886749,-22.640437224365474,531.6745742606506,-29.69378527976464,0.5503541594316743,0.6708196451506531
874,44.355633388791155,33.39990375002535,-35.766916410311424,533.6793184045405,-19.279347960171158,0.2861983270852922,0.6803554176201084
875,44.39420409437483,38.88452194778553,-31.869376813406962,534.1004519694768,-23.114858997456484,0.36967485388145566,0.6823588227321475
876,45.1774630289713,26.716680107173435,-39.77414303736308,533.894205255009,-13.873033556526535,0.18048759923468943,0.6813776610783121
877,44.634763322555,32.886332403251544,-36.09349571332008,533.9178273899691,-18.85646748395923,0.27786050168987747,0.6814900358339495
878,45.567831698796,26.080881096619724,-40.090522013102834,534.2122092416365,-13.276257121573027,0.16937049870746984,0.6828904853634334
879,45.8559957945135,32.49615831128493,-36.294476584796065,535.091663606804,-18.380041210557096,0.2695554339084683,0.6870745164646072
880,44.94422711398896,37.84689281108911,-32.62365114334644,534.5774444932771,-22.350362394552736,0.3529992030906262,0.6846280591598298
881,46.342463981476676,24.826860719006905,-40.68224716872115,534.8481872645143,-12.084173359596775,0.1471362976530307,0.6859161339336761
882,42.548727170343426,46.25343263763764,-25.98402199106388,532.6664765881285,-27.69568970248288,0.48644502792397887,0.6755374951485367
883,44.55039722560584,34.880899054670564,-34.75354760572309,533.9787026156451,-20.335465034305393,0.30846528575373683,0.6817796314666822
884,42.5777554212887,48.6697248699787,-23.89276281044684,532.789196045989,-28.90076333695435,0.5254068554950193,0.6761212258475239
885,42.66729588071702,53.2437796008623,-19.76984918240082,533.0346305025761,-30.869562227150244,0.6033305106371001,0.6772886872454982
886,42.93161726715181,47.324743858758374,-25.057093260258096,533.0905151721844,-28.201554176363054,0.5031783330501072,0.677554518561141
887,43.716224558227644,42.985318826143214,-28.68077171405199,533.6750004334294,-25.746970700137535,0.43364731833397646,0.6803348767179246
888,46.8448662830704,27.30316847238315,-39.34422215379546,535.6058566119658,-14.091544744475065,0.18611166472631036,0.6895209737693843
889,43.134309020490996,47.85791283666155,-24.59334726209033,533.3197241495143,-28.442388675042565,0.5115325372525246,0.678644831555708
890,43.92480930393367,43.98699387603983,-27.858235795883218,533.9392905403465,-26.295911491766166,0.44895789976940753,0.681592140138495
891,44.496697436381176,41.797792014632535,-29.614807609021103,534.3874065502523,-24.942106976384807,0.4141978520136765,0.6837239629530231
892,46.74615455067431,29.7478474334114,-37.95397993392278,535.7400019477197,-16.10046208497233,0.22506519339025294,0.6901592386605483
893,46.59926078940832,34.75928821434386,-34.75563743492809,536.0082872879826,-19.95185481018995,0.3029722507181381,0.691435768442876
894,44.29285868499399,43.75129966126794,-28.043786457741575,534.2923862416353,-26.11712230254978,0.4447971764752015,0.6832719148496195
895,44.03516314664386,45.498728517772705,-26.597416079203278,534.1209692443869,-27.11758824265599,0.47261176620258755,0.6824564290813605
896,48.51089242615637,22.527543682074477,-41.599852218544235,536.7434674350645,-9.704443291711396,0.10268973395348946,0.6949340060187059
897,47.887432854212584,22.427310995371748,-41.69957793358208,536.1200235087599,-9.723049134828665,0.1026678955441524,0.6919674310741617
898,47.19857371731555,28.40072470559745,-38.70939835065878,536.064155552519,-14.938755597618334,0.20282007313114525,0.6917015997585189
899,44.55951071379971,43.23910301165332,-28.45557225902302,534.5308807921125,-25.78960316154656,0.4364593510797868,0.6844065330634608
900,48.82203615408353,22.581306039743552,-41.549755488511394,537.0551750020797,-9.695213738490166,0.10270065315815802,0.696417293490978
901,42.4872780543607,58.416551228962824,-14.896615737684668,532.9787455247179,-32.612212350124565,0.7034826882240928,0.6770228559298553
902,48.06820524721944,26.963886212868715,-39.44732962508035,536.7794971908453,-13.608177151305778,0.17780659694490125,0.6951054544000419
903,47.554976638283335,29.506091421923575,-38.05029649380908,536.5224337503163,-15.77819610473773,0.2195284815359802,0.6938822257476532
904,48.273891369264994,31.734354951537235,-36.66075712946592,537.4389279176435,-17.42577475321047,0.2529452983456501,0.6982434777259222
905,47.356571202106295,37.02200570756325,-33.140265697096766,536.924827998138,-21.45120013683598,0.336389067527808,0.6957970204211449
906,45.71824314728483,40.108776246735154,-30.90050124396008,535.4941147172857,-23.73251706397003,0.3864160199002959,0.6889893111380987
907,44.94308572756502,44.69276095242643,-27.25262023419657,534.9861242688369,-26.567860121118102,0.45873176935056587,0.6865723906461706
908,45.29712062091663,42.768964376098566,-28.818915603117663,535.2370186413033,-25.42236949210769,0.42813790449137484,0.6877660824857103
909,49.5284288411873,22.0606212075425,-41.716439762833694,537.6847679199279,-9.106417766449031,0.09159447183560687,0.6994134052483716
910,46.10890733284594,41.23131618923674,-30.02048753278624,535.9524187151566,-24.387427335764936,0.403124428305131,0.6911699371272332
911,46.51599877016487,39.828284221797,-31.091238021793142,536.276565519922,-23.445814646351188,0.3808793080460234,0.6927122982252036
912,46.50780954048596,42.344242003489605,-29.130145851183855,536.4107019702717,-25.016567581278164,0.419832836709966,0.6933505631163677
913,49.877536242596626,25.711355858122396,-39.97295629873554,538.4298127960367,-12.242822433051387,0.15282587837266276,0.7029591714583814
914,49.915195985641674,26.731196132101665,-39.44379491236202,538.576332779359,-13.103215625431904,0.1695233675728292,0.7036565099752439
915,48.84537352390131,30.744870392653507,-37.23888642843067,537.9157632019644,-16.562216837031375,0.23626964755482077,0.7005127141536042
916,46.69464867478245,44.4885138569158,-27.384273534561142,536.703798272865,-26.241348804413857,0.4532278151102987,0.6947452401500922
917,47.17867701419747,42.93862652884107,-28.6353423706159,537.107398356882,-25.28742702959341,0.4282034197193861,0.6966658073193431
918,48.653984731759714,34.64731700208873,-34.74542639389742,538.0374652259313,-19.56990584562979,0.2974792156825396,0.7010919054190696
919,43.36352837073573,65.15617041423849,-8.301773342560896,533.9263369539306,-33.9460889463608,0.8913048735154607,0.6815305174319436
920,48.57257647435481,36.61979544344527,-33.383161043957344,538.0983156891538,-20.99818035155372,0.32808399974639896,0.7013815010518025
921,44.12326089671327,63.045437800733126,-10.378610115972835,534.6697675552562,-33.534052412572414,0.8162153085357202,0.685067287731288
922,47.512382538018684,43.2366884003671,-28.387599822199558,537.4557285711521,-25.42005783873718,0.43238871122409633,0.6983234294208309
923,44.50952593262249,61.703526546869256,-11.690404752565208,535.0414623938834,-33.23013177827714,0.77867052604585,0.6868356728809603
924,48.84999259218577,36.11053655304265,-33.73038843614446,538.3367206077864,-20.599123721607956,0.31974617435098435,0.7025161192656435
925,47.35630982423563,45.07153216041734,-26.88540796334248,537.4004744900619,-26.484397860820298,0.461598398119719,0.6980604843530678
926,49.03471487433166,35.771445986195374,-33.958580249901,538.4956541003771,-20.330941133710684,0.3141876240873745,0.7032725314082041
927,47.983880759599025,42.66067541521279,-28.840021236387024,537.8897244904744,-25.018353420410726,0.42266670786511346,0.7003887944064481
928,53.36634986962578,19.26485177515949,-42.43148210129027,541.0704856542967,-5.856625653117249,0.02772573982743698,0.7155285822491804
929,44.80749745332,63.85836803208806,-9.571905764740944,535.3572717346852,-33.611954545219575,0.8412779211429726,0.6883382267149898
930,53.81069517179477,18.70815091884866,-42.57326539897631,541.4279858966996,-5.256900947777195,0.015219001734314952,0.7172305095699418
931,50.82712913059581,32.60214633723565,-35.984367528329706,540.0053977987346,-17.70807539417932,0.2613813965830814,0.7104584467625306
932,50.56252304445411,38.461136223326356,-31.981667571003705,540.1879125934822,-21.991212177904636,0.3531957487746596,0.7113272336607288
933,45.917586467551246,61.744606431474104,-11.636434715726962,536.4443066622958,-33.10316880055909,0.7787196624668582,0.6935104665061851
934,51.10949195564086,32.1081167755547,-36.27898461938954,540.2437577918015,-17.283230755286432,0.2530435711876667,0.7115930649763715
935,48.29679456141042,48.238017987143195,-24.172794084632596,538.4634107858526,-28.03451418337739,0.5117127041295555,0.7031190748481989
936,48.29817557492379,53.559694827286684,-19.405083709301778,538.6459533953833,-30.3923585397152,0.6035270563211335,0.703987861746397
937,48.5545961766387,47.74915376992438,-24.589420950557656,538.7018071045137,-27.760145612985724,0.5033748787341406,0.7042536930620399
938,53.70397538238211,22.452996360412886,-41.15858984930654,541.7997948457462,-8.7067876474754,0.08596899606273412,0.719000619201716
939,49.95571745912522,40.88898278942218,-30.176912866273284,539.7393498415856,-23.667898418015533,0.3919918286508522,0.7091920625456027
940,46.23538059219606,63.09813939096597,-10.30686815251573,536.7740383116932,-33.342631648130016,0.8162890131672327,0.6950794781691252
941,51.58322953994258,32.51840975234816,-35.99764840656911,540.7486236025703,-17.525966483775264,0.2584883494822005,0.7139963667166095
942,54.238390017099555,21.39272011101696,-41.5367614798851,542.1923469036514,-7.6513310667897345,0.06501453538688623,0.7208695533358052
943,52.5647377531758,28.909563970811828,-38.082141223757326,541.3864691628637,-14.482772291163528,0.19862791174284894,0.7170328605653116
944,52.534643710551414,33.33506758028321,-35.4290992731175,541.7582796380111,-18.005273244039735,0.26937790607126805,0.7188029701970856
945,49.04703747119332,48.11706929179787,-24.262304017577698,539.2067498586532,-27.886773176961658,0.5088196570286743,0.706656994802278
946,48.781534736904774,49.98708944211408,-22.628968876897684,539.0198211572722,-28.8163519995466,0.5403887901261606,0.705767283783651
947,54.68285345753558,21.23731253241395,-41.55146562657228,542.6060018427576,-7.426670494353149,0.06065039652506077,0.7228390364543112
948,49.37499939138175,48.361801786721394,-24.044636508291166,539.5433643639874,-27.96939917120971,0.5124495092250301,0.7082591959624366
949,49.2914154338174,54.20710232254313,-18.792641390054918,539.6558192820551,-30.532528776849123,0.6144166129102009,0.7087944652268732
950,50.660754869804926,42.989814815121996,-28.50615105317706,540.5597671248496,-24.87201849320152,0.4239457431030787,0.7130973432925028
951,48.121507952605235,58.6391164638811,-14.623107642736011,538.590099378005,-32.113261504069335,0.7036792339081261,0.7037220304307542
952,48.50572139219306,57.2363727868664,-15.958231685249908,538.9453518168241,-31.65724411345435,0.6739250269088177,0.7054128420294606
953,46.88528227367658,65.21977650382085,-8.206775176008025,537.4334693940554,-33.6253849777461,0.8914277145679814,0.6982175014950054
954,51.5752017542423,38.90999448785714,-31.615853415294634,541.2210118873977,-22.152700685707295,0.3584534903085766,0.7162451750167566
955,54.550253367147704,25.669381693205445,-39.62587784769267,542.9883261395292,-11.401143473965194,0.1396955517604911,0.7246594205782938
956,48.62405162384495,58.909486851452726,-14.358308319104902,539.095047705904,-32.13804340833272,0.7091240122026599,0.7061253321709923
957,52.552504340642614,36.341465568997776,-33.418912737306876,542.006145694774,-20.22726793786115,0.31654456895688093,0.7199830432849349
958,53.563663974762655,30.84157808522902,-36.91079426244466,542.5433717398305,-15.89087947461853,0.2274689847195724,0.7225408384652641
959,54.50513751321787,27.22540723903174,-38.84968269696743,543.1157643594688,-12.744755307139153,0.16604393683896784,0.7252662152862879
960,54.44421599786465,30.426113448537482,-37.09896801088068,543.3706359808715,-15.413113053973632,0.21874070699592135,0.7264798047022762
961,52.08041106090638,39.13657471876434,-31.432646221181475,541.737521970189,-22.23222868157898,0.3610823610755351,0.7187041456947705
962,54.99374469768615,25.487525165556104,-39.676590192709625,543.401948518942,-11.164250179264705,0.13533141289866557,0.7266289036967999
963,55.3673936125794,24.261870014532803,-40.21251977312841,543.6327873592404,-10.022070669474319,0.11302130544708922,0.7277280891155778
964,52.5659870971471,37.85090161106059,-32.35198906961278,542.130076445155,-21.28821282977215,0.34012790039968727,0.7205730798288597
965,55.27051560562277,26.014767244717245,-39.39778158238418,543.7325490822544,-11.573541188933033,0.1435708987699289,0.728203132327705
966,49.65798237108619,59.186816782715994,-14.079101185435011,540.1282585960332,-32.11012283721871,0.7143817537365769,0.7110432735270201
967,54.11744710966379,33.85676406946519,-35.01332654079783,543.3497609015998,-18.159331558882737,0.27434690306075865,0.7263804053725939
968,52.6582746927535,42.35844989728282,-28.952517720968274,542.501859584299,-24.2272083758538,0.4108778947281064,0.7223431894606337
969,54.39802964965673,35.37636872814208,-33.99704255572057,543.7529313667837,-19.25156207937493,0.2977858622313517,0.7283001888262588
970,53.96095214203852,35.59759587410355,-33.86749864541354,543.3393233457967,-19.479949893338674,0.3021500010931773,0.7263307057077527
971,53.56612452695586,40.85141657227081,-30.09310448581678,543.3080106137221,-23.15624861846353,0.38555929519043314,0.7261816067132291
972,53.133326639519,41.081986727123315,-29.93027926819738,542.8943843914684,-23.36341563294445,0.38992343405225843,0.724212123594723
973,54.990189068297006,33.42393451651098,-35.24478986279978,544.1769591692888,-17.692852872640152,0.2656186253371076,0.7303193716096062
974,55.27854361472558,34.93509856592115,-34.24860808779231,544.5800966477966,-18.793251874490586,0.28905758450770064,0.7322391550632712
975,55.27975273140622,36.59959863264764,-33.12202273654415,544.7075148045341,-20.01199023892311,0.31540596958617745,0.7328459497712654
976,55.715482434110314,34.7163041761314,-34.370575174845946,544.9936539078225,-18.56339310294762,0.28469344564587523,0.7342086381817773
977,53.94593124087689,45.10276837915246,-26.706574658022667,543.923563700061,-25.68093874427861,0.4529122294918208,0.7291127146802174
978,53.674079058458844,45.797662863644966,-26.137521100029456,543.6903083675344,-26.103850024847027,0.46460445042586335,0.7280019908372116
979,55.79709609559162,35.540446339467564,-33.81905006856677,545.1370871247266,-19.16410646176087,0.29762313871057616,0.7348917287961214
980,52.174150754617884,58.02305549897031,-15.165885572102356,542.6117432462754,-31.518386384019696,0.6868675499965602,0.7228663728463597
981,52.31978762096112,55.790931885659674,-17.275463468705688,542.7081961084833,-30.78056806271982,0.641453467622253,0.7233256135438528
982,52.41558865607733,56.980730407122905,-16.153270503858842,542.8321182555864,-31.16855820753277,0.6650367990650594,0.7239156500877776
983,54.96580803803544,45.11077914731276,-26.67541833785698,544.9310385942498,-25.554823518544953,0.4515120338403867,0.7339104401927301
984,54.709208272113266,50.08955975677102,-22.43476877299021,544.8997307919808,-28.176555475240107,0.5349213279376426,0.7337613411982065
985,56.588021355050095,36.384128215530744,-33.21008890208572,545.9852670148497,-19.66095968894342,0.3094119032596652,0.7389313240744926
986,55.26633915035616,43.75995562965225,-27.763574209021154,545.1618425206989,-24.730867472813582,0.42920192638881033,0.7350096256115081
987,52.73246076694108,60.2382243676005,-13.030606769815742,543.2038755849144,-32.075102635056666,0.7357867933934785,0.7256857597195516
988,53.43080092872222,65.0175327315858,-8.341514575929953,543.9473492396778,-32.96895123861632,0.877286782050317,0.7292259789830997
989,55.273292122489224,45.64318364336406,-26.227655236141523,545.2615891546823,-25.816133787630665,0.45975151971165,0.7354846688236352
990,56.58180824223796,38.76956214596728,-31.531696374651972,546.1518140794976,-21.346749653544407,0.34729367328581623,0.7397245714990377
991,53.14246432290103,59.34644173781669,-13.886665040136103,543.5963731413163,-31.798079277951377,0.7148323327176307,0.7275546938536408
992,56.92939658089277,37.63711184726127,-32.32517438556877,546.4159934782025,-20.50725348998814,0.3286496541858955,0.7409828590240246
993,56.62244230119898,43.51092598195279,-27.92292963485381,546.484899974175,-24.40400137090008,0.42305721333811813,0.7413110663481278
994,57.45672750426583,35.94641215831039,-33.465083604697384,546.8122496263971,-19.209948826995383,0.3006836255360143,0.742870290311505
995,53.56137501160783,59.1691774316133,-14.052202848041926,544.0099706467089,-31.70606372182538,0.7104681938558053,0.7295241769721471
996,57.1592323647472,38.47151833262902,-31.722554475922802,546.7031342540232,-21.057333515578485,0.341474821470049,0.7423505489903793
997,54.94563705547875,54.504605447259344,-18.437599364748586,545.2819683562258,-30.02855580586199,0.6139664831730729,0.735581725322189
998,55.79355271341793,49.81939576166237,-22.651097734705303,545.9655946783231,-27.919775549709662,0.5288852352985918,0.7388376275197336
999,56.335488534344336,49.68367702986309,-22.757948669451658,546.498484468586,-27.790422685385874,0.5258671889790665,0.7413757706804972
1000,56.161679070530404,55.34233918047276,-17.640709783159437,546.512068944731,-30.205511414526292,0.6286771646200151,0.7414404750128663
1001,56.92763478407289,49.22554938621188,-23.144419372860707,547.068225266684,-27.496169458222415,0.5172475316670573,0.7440895825024166
1002,54.22526871924531,66.40863072761152,-6.955052478267305,544.7431903262444,-33.07913996142035,0.9519677984239219,0.7330158462255885
1003,56.015612746572785,60.532572100262946,-12.706189620096909,546.470331716856,-31.814531974990455,0.7398895567496897,0.7412416763535015
1004,57.564444928603834,54.66667005816548,-18.245457249749943,547.8902638407793,-29.799761187899563,0.6141300350805969,0.7480054187412201
1005,57.47949527213406,53.25351144444485,-19.543914865702625,547.7628858104267,-29.25244549223266,0.5877816500021202,0.747398624033226
1006,57.90310119916687,53.04496150426214,-19.72774756531653,548.1763128316726,-29.11756494487049,0.5834175111402946,0.7493681071517322
1007,58.017252406337015,53.68776128114488,-19.135063815795746,548.3089520338496,-29.357034775440333,0.5953781213525212,0.7499999999999936
1008,58.0420775957131,52.87301702221503,-19.88053379966477,548.3089504068854,-29.02844546219007,0.5801257122129517,0.7499999999999936
1009,58.19381316910932,48.912775441449234,-23.377034014092565,548.3089512518696,-27.167361388332363,0.5104430288706286,0.7499999999999936
1010,58.21136450503066,48.46988780267321,-23.76740098368856,548.308949197786,-26.958630386917097,0.50265812394235,0.7499999999999936
1011,8.053783483166928,17.934461282311936,-46.42383442851124,496.2603518951682,-11.941434922198308,0.11239473364085201,0.5026781806260169
1012,7.4905589743194785,17.85584396827911,-46.486845427333996,495.69526190666164,-11.951918266030978,0.11204919398824781,0.49999999999998135
1013,6.688374572909728,44.08377950800654,-28.255227535543753,496.7947825043126,-30.397775589807974,0.48582007941573463,0.5052112336508281
1014,11.858719420177275,15.826667005400942,-47.24399016933774,499.80025020493775,-9.56847770174657,0.07297031428309453,0.519458789476718
1015,6.971276144215883,42.770953996968984,-29.375589766209114,497.01608595047304,-29.690954165568407,0.4666095662792122,0.5062601895168891
1016,12.103700494488029,17.128588526339755,-46.62531864613622,500.1685609277153,-10.682185399122478,0.09344780458870772,0.5212050719294856
1017,13.79336454880244,14.425507268763193,-47.7470454732749,501.554085145143,-8.039714008327822,0.0463169509816409,0.5277748636097637
1018,13.907725942383848,15.328288239857848,-47.3501576657046,501.76406181813405,-8.83245727495526,0.06117709461120524,0.5287705957146784
1019,15.145714272917349,20.29487576432048,-44.893185374178735,503.50279527950227,-12.985737444690672,0.13770860417074077,0.5370166461566142
1020,14.833285040875257,22.155682558319416,-43.905939972876624,503.36617811463856,-14.58796957220091,0.1661940482174466,0.536368679918404
1021,15.185061927948022,21.83200318458175,-44.069189570432904,503.685040000936,-14.271536956025297,0.16084545843117104,0.5378810344216092
1022,15.475556887485643,21.317716195751732,-44.335799246474586,503.92477302759414,-13.802290973383382,0.152688195306871,0.539018113750888
1023,15.186983919216322,23.264920138804694,-43.26776368558022,503.81453490260543,-15.452594327771433,0.182109863799585,0.53849523923732
1024,19.66556145602643,19.575916681875853,-45.02664495305378,507.9198058278178,-11.733516551464735,0.11916006185044764,0.5579709196821698
1025,16.92998967091617,44.06079593727531,-28.204924068616386,506.99977643954594,-29.36637963648542,0.47803406629695716,0.5536055560698051
1026,16.75914843156947,46.083587741001274,-26.460217354292983,506.91630582266316,-30.40072194231786,0.5083959758429699,0.5532095234600449
1027,17.025260026860572,45.558092654955544,-26.91507797101588,507.16038929149306,-30.116728893023595,0.5002869120061588,0.5543676049393138
1028,18.486993657673104,45.70625350712573,-26.77262532745264,508.62097199341883,-30.04352398002201,0.5014185278660288,0.5612980840049193
1029,18.718851902006023,44.24948811481365,-28.025296155339557,508.7849327794712,-29.281685007482032,0.47941715234790944,0.5620761415944341
1030,18.706146886710712,46.27804539764525,-26.272600045572307,508.8637495462244,-30.30119651473961,0.5099047969894632,0.5624501622141858
1031,25.081854003152618,15.812886912245494,-46.39307063115672,512.8574894461163,-7.591454382167512,0.046622241268701625,0.5814060271284016
1032,24.77687367128463,18.075638048931612,-45.43416067969959,512.8043442520317,-9.662937066826546,0.0853724798989518,0.5811537302228303
1033,25.2901584208273,16.819285528330468,-45.95402459185961,513.1748232398121,-8.465565541176707,0.06336448428774266,0.5829125376160154
1034,25.376033303069654,17.49383820775416,-45.65387508478487,513.333469407203,-9.055261188762426,0.07450497996171368,0.5836657120715355
1035,26.45808218062679,16.34803092930369,-46.06654446681555,514.2858389341587,-7.859176606836757,0.052727980743124625,0.5881873440298342
1036,27.31929315950552,15.423484868540633,-46.37707696564056,515.026516691097,-6.883595455172056,0.034559481722244045,0.591704204792194
1037,27.77444666584012,17.53283070229928,-45.46570931633053,515.7139197701979,-8.715602097934447,0.06991121687534957,0.5949683377781196
1038,28.014971247301123,18.23478486483205,-45.13970623104156,516.0311984614267,-9.302094773991017,0.08111471156548972,0.5964750098423071
1039,26.4673504401915,36.368678933054426,-34.2369775930543,516.0691733872416,-23.748889112871154,0.3566831906823538,0.5966553458099362
1040,31.05769654909297,21.282767883625024,-43.50054890514582,519.3733815028236,-11.503966911131574,0.12443654989705549,0.6123490052390035
1041,28.39856558240612,45.14309951205684,-27.14931224570243,518.502900248847,-28.71604011941134,0.48428407498647635,0.6082140743166217
1042,28.236945262445822,47.10764391569332,-25.453069293299297,518.4236657415757,-29.717111242915713,0.5147270060163656,0.6078377148025895
1043,28.498796990317146,46.602781309651604,-25.88959276673691,518.6648928074319,-29.443270676768385,0.5066491587954922,0.6089835391179277
1044,29.94851836748098,46.78357648985068,-25.714424957962912,520.1142498686997,-29.377973648798143,0.5081326429915287,0.6158685324739019
1045,30.172663263171987,45.372665756955165,-26.929010767797873,520.2743368209848,-28.64237229682491,0.4860972223371877,0.6166290661961459
1046,30.166906991246055,47.34489123610525,-25.222137982189054,520.3561417562075,-29.627577942549472,0.5167049849444143,0.6170177059438886
1047,36.39617347700438,17.66072172441166,-44.72700366527812,524.231625159587,-7.426018120896014,0.05098052614958376,0.6354329814324707
1048,36.08973152887137,19.872756848225286,-43.81088121077688,524.1847577855441,-9.462123224043419,0.08992046621031413,0.6352102380285045
1049,36.59904153328738,18.647684112182464,-44.302256100023726,524.5465366376889,-8.284198343807624,0.06774371470640933,0.6369296666270001
1050,36.682181584927086,19.308443679879392,-44.01252993423982,524.7043632812752,-8.863027070839701,0.07890756263950227,0.637679789499495
1051,37.75061022819199,18.198997319674895,-44.38958079506657,525.6392865050612,-7.68469855075222,0.056858533288296875,0.6421235579270936
1052,38.60358375037045,17.303656848717097,-44.67053052983976,526.3662230108024,-6.724264588314609,0.03847273105750143,0.6455790310262345
1053,39.04475272659581,19.369558101072506,-43.791326367534595,527.0482505120161,-8.520646236118655,0.07386555504573028,0.6488212555226378
1054,39.27832002843785,20.05777458578813,-43.47491481312752,527.3623256390401,-9.09485217724901,0.08506423629319576,0.6503143801667064
1055,32.97052692060007,61.08588099705907,-12.383891981529715,523.5273110150993,-34.18146380029238,0.7707101385618975,0.6320857435690099
1056,37.78080007140231,37.72627049261235,-32.93069358285726,527.4386567394026,-23.221840590618122,0.3619071832624578,0.6506772679950199
1057,42.20054899396199,23.01609245449943,-41.882360883546916,530.5707306921454,-11.212492270293193,0.12745337663395773,0.6655699045415449
1058,36.13757596756648,61.19530458572816,-12.256963116674623,526.6928090217531,-33.91204206526321,0.7714155131779412,0.6471315294433746
1059,45.68566233978907,21.105430754898304,-42.475371163795316,533.7910803229623,-8.930561466108934,0.08589397191130632,0.6808870802513942
1060,45.89762032427735,22.32288642827562,-41.91720847247327,534.1434615618899,-9.976026471883664,0.10630808049188112,0.6825634314788216
1061,47.60504536789054,19.860446617090506,-42.81240619558,535.5213728254846,-7.469090684317548,0.05813397820726296,0.689119003381014
1062,47.691799079355505,20.702295172369958,-42.46169571112021,535.720926985773,-8.213692068094762,0.07297861731955946,0.6900684792787298
1063,48.858587821727006,25.329707342250078,-40.2417797070588,537.3929602619094,-12.087727111633853,0.14908014111313833,0.6980247254884239
1064,48.5353262185067,27.036922108639097,-39.378309127781634,537.2470532783304,-13.589180102742793,0.17782297575190398,0.6973303856084501
1065,48.88470182883917,26.74535159701747,-39.509138992528705,537.5618486651297,-13.287400621436223,0.17226988509062852,0.6988284414871468
1066,49.17408310959428,26.276982894480245,-39.733627726796875,537.800266219908,-12.84432481914888,0.1639320596952138,0.6999630597009878
1067,48.87306269228115,28.062566854674852,-38.79519934785542,537.679821552358,-14.38849785682799,0.19360313924535927,0.6993898657092994
1068,46.80427876985303,61.530031058409044,-11.837037396605268,537.3244769606378,-32.9705810026507,0.7724908616308013,0.6976988269791782
1069,53.6215529716722,26.528608850809547,-39.275168801741145,542.1715901267905,-12.302582048287173,0.15671899039115328,0.7207707288334899
1070,53.8859606870966,25.947761336655855,-39.544486653286356,542.3678608448089,-11.757956096503406,0.1462417600532293,0.7217051959005346
1071,51.16935930541388,43.20446234590553,-28.321318934325365,541.0763109728072,-24.933820601800427,0.4265746138700372,0.7155563139705168
1072,49.80608593426729,54.37734122233102,-18.628442844126628,540.1724092847626,-30.540687776860132,0.6170454836771593,0.7112534359048871
1073,53.30605740944605,35.93259491476219,-33.668558584577056,542.7188795887156,-19.821482727874454,0.3086962093859154,0.7233764810299934
1074,50.29995703609749,54.744677009419235,-18.280503496403202,540.6733805679709,-30.623437469419947,0.6234288978142182,0.7136381813325331
1075,52.89891150266132,44.89449554947196,-26.904304519233207,542.8805475055229,-25.695062966477686,0.45105973738843647,0.7241462405931797
1076,52.804940661462254,46.765242693505726,-25.3462537959185,542.8736290554473,-26.736085382197533,0.4816278890565256,0.7241132990924077
1077,53.03165885145306,46.14374980302425,-25.863942374075016,543.0698861480956,-26.373685423238246,0.47115065871860146,0.7250477661594525
1078,53.00894134922957,50.97718697533043,-21.67821944541181,543.2453848586059,-28.78367001092185,0.5523778833849446,0.7258834087241819
1079,53.04675917538922,55.42638258301241,-17.60795545205919,543.4208805230095,-30.573982640203614,0.6336051080512877,0.7267190512889115
1080,58.126265164135944,29.13842287650779,-37.562832720209684,546.875693796459,-13.73768313898475,0.18851292572323647,0.74317249189474
1081,57.86125381901644,30.851488296975855,-36.62825231116926,546.775509824387,-15.195127037541738,0.21750030152502875,0.7426952896559398
1082,58.04117100695103,30.76261163486755,-36.66665607415057,546.9441550544815,-15.09336875353347,0.21561089982783305,0.7434985933419227
1083,58.17935343282926,31.531560130758454,-36.2114266362089,547.151334176476,-15.693628426990959,0.2278856845394388,0.7444854629238266
1084,55.81739626561158,45.50670548781004,-26.325624468846605,545.7945160684008,-25.670931947980378,0.4567334733921247,0.7380228119843988
1085,55.48551183102937,54.376480495194585,-18.547849330762784,545.8148941953451,-29.920097297763736,0.6109484368535476,0.7381198684829526
1086,57.249677445690594,44.74891473985879,-26.90745220968097,547.1728088377778,-25.053862293019872,0.44218634385270655,0.7445877557127526
1087,57.50839386307823,43.46106435333217,-27.935875988019788,547.3545493880254,-24.256514940900743,0.4208279416351511,0.7454534706188225
1088,57.451315453714365,45.105181051817944,-26.6121133951796,547.3931281979228,-25.232271947784632,0.44767933443354885,0.7456372414666894
1089,56.89368787918474,53.68366285869209,-19.161830003305454,547.1931841852562,-29.492426806737203,0.5964013073141294,0.7446848122113062
1090,57.80569546666618,67.51598010084238,-5.825284569428271,548.3088714886186,-32.84875119118671,1.1561743104956268,0.7499999999999936
1091,52.532675298649096,51.4686916893951,-21.24551825165707,542.7909129202775,-29.057068569363288,0.5615406783393895,0.7237194563181303
1092,53.52304792015899,48.95047917691579,-23.454927269777627,543.6782529499346,-27.7689145335849,0.5170405959896571,0.7279445856021135
1093,53.32737551246056,50.81079443344234,-21.8208333875084,543.555595342754,-28.671743340725577,0.5491047792385755,0.7273605210630616
1094,53.457706443273324,50.482364801460996,-22.110491230974798,543.6722252357438,-28.506356640848725,0.5432586687715542,0.7279158829845644
1095,53.87459257413533,50.3504759084136,-22.219115858077668,544.0814103159512,-28.397009294659828,0.5404795551602504,0.7298643690557785
1096,53.68567305779066,55.03848483701209,-17.9608379691961,544.0456905444287,-30.364875564455208,0.6254738745080277,0.7296942730139628
