vertex,flat_x_mm,flat_y_mm,source_x_mm,source_y_mm,source_z_mm,u,v
0,61.97003522137731,107.70358382604626,29.3954329389583,600.65000000055,1.1181308083608801e-13,17.817774900225956,1.0000000000000058
1,61.27933833466555,104.18073170108713,28.982664824711858,600.6500000006084,-3.566114402067996,16.5441416659911,1.0000000000000058
2,49.44237982487174,110.53623879887203,32.15408351490644,588.1058459353807,-0.01132223017534585,17.276800761133444,0.9399689498768762
3,55.5978528573508,22.099322668618637,-30.20734509812965,595.5154817148697,-5.3051442893150575,0.01237787698342352,0.975417933728908
4,61.97003522137715,18.29627979067773,-29.395331790410097,600.650000009647,-1.61648472385423e-12,-0.1468306203325141,1.0000000000000058
5,51.6375141494012,15.482689881481017,-32.39543202860283,590.3780605916612,0.0018968353407371771,-0.12921804166469772,0.9508358674578102
6,36.874242351063096,62.761841762804046,-0.46563792174728036,579.9789651962607,-29.82047539126567,2.394666788576819,0.9011118958458049
7,33.3892946963401,59.799775232920155,-3.493363240978877,576.5477276151306,-30.097775721907553,1.5606066540287504,0.8847169293558661
8,24.089456318767233,62.376631126382485,-1.006386110329339,567.2824529687634,-31.16475665326857,2.2923526100095555,0.8404740199659853
9,57.02858228022936,23.861115635102973,-29.49906530721493,597.2272806988675,-6.612791712476985,0.04717194908020017,0.9836119558192739
10,55.44214623225346,22.81529657786967,-30.079012407700205,595.5154817148543,-6.026535368980267,0.03211438207192813,0.975417933728908
11,55.28583904180709,23.555310376098824,-29.922973999595328,595.5154817148351,-6.766625375660577,0.05185088716043268,0.975417933728908
12,56.83016539802925,24.832874644258027,-29.272767744110897,597.227280698837,-7.579114157682996,0.07273418659180036,0.9836119558192739
13,55.14694128940935,24.2409652404016,-29.757784062205804,595.5154817148143,-7.446529916976868,0.06961374174008683,0.975417933728908
14,55.023455290636804,24.873128700470666,-29.588253637380742,595.5154817147927,-8.068003033200926,0.08560031086177539,0.975417933728908
15,56.630301072187976,25.870324576877817,-28.986989231313263,597.227280698798,-8.597088170637651,0.09904952670980643,0.9836119558192739
16,54.90223401217971,25.518815984800085,-29.398250117743494,595.5154817147683,-8.697089048804346,0.10158687998346388,0.975417933728908
17,54.78316998145056,26.177506322123264,-29.18708743226427,595.5154817147408,-9.332396477449661,0.11757344910515244,0.975417933728908
18,56.44569075691535,26.888530357378006,-28.663089280665766,597.2272806987534,-9.580412376523629,0.12404909982191215,0.9836119558192739
19,54.666831124653186,26.848400978025015,-28.954104849819764,595.5154817147101,-9.972529926954675,0.13356001822684094,0.975417933728908
20,42.0856199799555,60.92027252770253,-2.253753570084818,585.1778228768013,-29.212543408326738,1.8454414704397575,0.9259634981879968
21,42.07798955360267,59.99447373275506,-3.179927188050248,585.1778228769035,-29.157725167169374,1.5722959495871542,0.9259634981879968
22,56.28505961055634,27.82998421617232,-28.326026565175823,597.2272806987065,-10.474458790490047,0.14654871562280736,0.9836119558192739
23,54.55383426020866,27.530549633866624,-28.69902818512189,595.5154817146764,-10.616034423701361,0.14954658734852955,0.975417933728908
24,56.13743006793078,28.74148827604267,-27.96660662388664,597.2272806986564,-11.32550806288485,0.16786414111839204,0.9836119558192739
25,54.44252862898034,28.223008874990338,-28.421884639884635,595.5154817146397,-11.26140853885555,0.165533156470218,0.975417933728908
26,54.33249631377429,28.925151893591124,-28.122709392634867,595.5154817145998,-11.9071496140524,0.18151972559190654,0.975417933728908
27,55.99275657047386,29.670039658191037,-27.568238004749823,597.2272806986005,-12.176901899017425,0.18917956661397678,0.9836119558192739
28,54.2253685801697,29.63644318704486,-27.801537621899442,595.5154817145568,-12.551754990927062,0.19750629471359504,0.975417933728908
29,55.85272792737267,30.61379302959856,-27.13098450454749,597.227280698539,-13.025102125370415,0.21049499210956146,0.9836119558192739
30,54.121056407612805,30.356151040331934,-27.45840450620522,595.5154817145107,-13.19372201111469,0.21349286383528365,0.975417933728908
31,36.8856325925438,63.717918852025555,0.4920213596423431,579.978965196167,-29.802359890227567,2.667812309429422,0.9011118958458049
32,28.20425162513812,66.75441821301192,3.441582944287701,571.2886495156083,-30.49957091476265,3.489351446116172,0.8595991341031759
33,55.7189265536909,31.570868257303015,-26.654909920061787,597.2272806984719,-13.866570568426466,0.23181041760514615,0.9836119558192739
34,54.01993826998793,31.083482844168866,-27.093345224079073,595.5154817144615,-13.831548016250434,0.22947943295697215,0.975417933728908
35,53.92243689052248,31.817620205316263,-26.70639495404785,595.5154817144092,-14.463730347969447,0.2454660020786606,0.975417933728908
36,55.592186945644215,32.53969329719573,-26.14006370482292,597.2272806983991,-14.697742944934335,0.2531258431007309,0.9836119558192739
37,53.80022629967306,32.80612431752109,-26.156462025333933,595.5154817143349,-15.295018891160861,0.2667814275742442,0.975417933728908
38,55.473295741621854,33.51853767553385,-25.586768980037014,597.2272806983208,-15.51480462692134,0.2744412685963156,0.9836119558192739
39,53.670156457711386,33.92892458150463,-25.493221944543727,595.5154817142447,-16.210904673345404,0.2907612812567763,0.975417933728908
40,55.35988553587348,34.50582650510785,-24.99709887587838,597.227280698237,-16.315222012032073,0.29575669409190036,0.9836119558192739
41,53.54697074772875,35.06068664808055,-24.786180991577872,595.5154817141483,-17.10338735228969,0.31474113493930816,0.975417933728908
42,55.25231912174096,35.49978313385627,-24.37350909918704,597.2272806981483,-17.096872161666937,0.3170721195874851,0.9836119558192739
43,55.1514689589195,36.49840374811635,-23.718455356803034,597.227280698055,-17.85763213722634,0.33838754508306973,0.9836119558192739
44,53.3955346399145,36.57841119321808,-23.781416004806065,595.5154817140109,-18.251676860345903,0.3467142731826836,0.975417933728908
45,55.05634727677383,37.49961751215517,-23.03439335556638,597.2272806979574,-18.59537900011068,0.35970297057865447,0.9836119558192739
46,53.24174106430945,38.29099378955511,-22.57586805796191,595.5154817138455,-19.478255771614442,0.38268405370648234,0.975417933728908
47,54.95322635279252,38.668682243173315,-22.20293397536267,597.2272806978386,-19.4241654331976,0.3845709669901692,0.9836119558192739
48,42.095100096759516,61.846593221337116,-1.3263153240963783,585.177822876699,-29.24415838237441,2.118586991292361,0.9259634981879968
49,54.839489305251384,40.08501086354436,-21.150334249144823,597.2272806976879,-20.379697623573307,0.41476781977557947,0.9836119558192739
50,36.90275948333077,64.67412423446784,1.4488208326249854,579.9789651960734,-29.759962791144282,2.9409578302820254,0.9011118958458049
51,47.292480309377886,60.080058833596375,-3.0170198473566425,590.3574018889886,-28.576584224518346,1.5678189764741133,0.9507357612726184
52,42.104159770745305,62.77300218728309,-0.3983219713228852,585.1778228765968,-29.25252143289351,2.391732512144964,0.9259634981879968
53,36.92186341646614,65.63003171584427,2.404087158470853,579.97896519598,-29.693197142468897,3.21410335113463,0.9011118958458049
54,36.93904012535529,66.5857547840832,3.357132183572853,579.9789651958865,-29.602071768758808,3.4872488719872323,0.9011118958458049
55,28.22233089490526,67.75674479224395,4.438417871372101,571.2886495155283,-30.374110358011123,3.7624969669687753,0.8595991341031759
56,28.250010544170493,68.75854518435055,5.431388284013743,571.2886495154485,-30.223291596119438,4.035642487821378,0.8595991341031759
57,50.75048214199026,60.19726988755699,-2.844622969681819,593.7894442467941,-28.190033467034095,1.582956780691434,0.9671571741817475
58,47.29007321694474,59.183604845103496,-3.910245685215837,590.3574018890988,-28.498819469180617,1.2946734556215098,0.9507357612726184
59,54.20684880321239,58.89917630079767,-4.071963111230103,597.2272806952327,-27.66399991451273,1.147456935217534,0.9836119558192739
60,57.65270807457198,59.8272622841582,-3.103637519063855,600.6500000055761,-27.351517408852725,1.4120654164860176,1.0000000000000058
61,47.29585315386118,62.531268209140045,-0.5679422391160872,590.3378720189605,-28.677353392279915,2.3143294850404033,0.9506423321253331
62,50.755665024403456,61.36602177998244,-1.6785758633433043,593.7894442466385,-28.257621569374628,1.9471508084949045,0.9671571741817475
63,57.67133226665709,62.11218687553069,-0.8295620389578415,600.650000005224,-27.48694761127132,2.159523430831282,1.0000000000000058
64,57.691895630703954,63.78286826882508,0.8362002575996657,600.650000004966,-27.488638943393827,2.7058144725364883,1.0000000000000058
65,47.31335557033515,63.72753110615128,0.6284359497382656,590.337872018813,-28.66468323026477,2.6785235128438747,0.9506423321253331
66,43.87027749384248,66.1893756481953,3.041163354317526,586.8740498190381,-28.894731771407635,3.40886775273872,0.9340745972305385
67,47.329282164516826,64.9241979052261,1.8235291812061791,590.3378720186656,-28.611823552260613,3.0427175406473466,0.9506423321253331
68,57.72021009461844,65.4527127115576,2.4994897982873185,600.6500000047084,-27.4070668954005,3.2521055142416952,1.0000000000000058
69,57.75480975274472,67.12116575703175,4.155280192348689,600.6500000044521,-27.24179447428983,3.7983965559469017,1.0000000000000058
70,43.89818419353842,67.41048469600298,4.256190957337848,586.8740498188989,-28.755501985211144,3.7730617805421907,0.9340745972305385
71,38.186274554590526,71.34974218195575,8.072191273580925,581.0853206942745,-28.66600326479712,4.867045580038565,0.9063994227354525
72,43.927089085052735,68.63118850115589,5.465024379047344,586.8740498187606,-28.575357591146563,4.137255808345663,0.9340745972305385
73,57.79122722212782,68.78703632646105,5.798453626265921,600.6500000041976,-26.993763462844406,4.3446875976521095,1.0000000000000058
74,43.956246606465825,69.85062479916978,6.666034970165256,586.8740498186229,-28.354623972880088,4.501449836149134,0.9340745972305385
75,57.8364213912885,70.44936605704997,7.423882611230384,600.6500000039459,-26.664061559988657,4.890978639357316,1.0000000000000058
76,38.229768013949894,72.61059621109692,9.295324932421584,581.0853206941513,-28.349495172476043,5.231239607842036,0.9063994227354525
77,35.91551978728482,99.28305157616646,30.257744149625974,576.7400297025823,-13.191798183583078,12.8371404620181,0.8856356293388313
78,29.33580016459715,98.41118054092489,30.082015716516572,570.3652869496985,-15.041360436703137,12.206687082425344,0.8551904335795621
79,29.447556731620747,99.38257765150163,30.624822614410814,570.3652869496581,-14.226885521569761,12.479832603277947,0.8551904335795621
80,29.565728928008305,100.35221981192853,31.143337464377094,570.3652869496198,-13.397899138670628,12.75297812413055,0.8551904335795621
81,39.06467860719743,93.69898157086955,26.88429025213497,580.4703550991318,-17.172940677590145,11.406990726518288,0.9034602890530433
82,43.4348823910143,94.2534986370606,27.084152085663177,584.716359127608,-16.025312859959627,11.827292979580127,0.9237570862258896
83,38.94232629415987,92.4757104127892,26.087825364535423,580.470355099209,-18.11067573603332,11.042796698714817,0.9034602890530433
84,59.29904268676607,91.41977343061097,24.69584892250282,600.6500000012721,-15.56886856712212,11.992762181525006,1.0000000000000058
85,59.13683860225349,89.85488100382756,23.74769430287705,600.6500000014187,-16.821745292838507,11.4464711398198,1.0000000000000058
86,36.033567780930085,100.21334314299435,30.721924220931445,576.7400297025424,-12.376430611341558,13.110285982870703,0.8856356293388313
87,43.563808330634224,95.43549641459624,27.774735434722526,584.7163591275347,-15.056912746968791,12.191487007383598,0.9237570862258896
88,59.47692396055089,92.97612005053716,25.55963383344558,600.6500000011384,-14.264506570406162,12.539053223230212,1.0000000000000058
89,36.15395731692496,101.14239517247279,31.16100407541803,576.7400297025049,-11.548310125724997,13.383431503723308,0.8856356293388313
90,36.27949018988042,102.07002882633839,31.5744486175136,576.74002970247,-10.707988512219346,13.65657702457591,0.8856356293388313
91,24.33998665334154,106.01366288102919,34.146693898696945,564.5046064996474,-9.381036314417525,13.972976733099443,0.8272173752789271
92,43.69976952431534,96.61428731419345,28.424907143015268,584.716359127466,-14.06371542692422,12.55568103518707,0.9237570862258896
93,36.40744861567261,102.99650911162563,31.9617508955685,576.7400297024376,-9.856079416860704,13.929722545428515,0.8856356293388313
94,43.84632914739525,97.78977515070699,29.033401264102313,584.7163591274021,-13.046987588223978,12.91987506299054,0.9237570862258896
95,32.72753644110212,107.09975122757709,33.829766911130875,572.5494327244666,-6.7956890849203955,14.825191258511818,0.8656195420908528
96,42.0667335095878,101.9327662637327,31.05207062243945,582.4230849420263,-9.729116423256562,14.031299912249109,0.9127936837974507
97,47.77090895474539,98.27577178768117,29.005756287967007,588.5024093129192,-11.90250313853773,13.351787335341074,0.941862455864969
98,59.672405503788674,94.52407882288132,26.334799324817844,600.6500000010185,-12.912627541027227,13.085344264935419,1.0000000000000058
99,59.87723928099491,96.06572600001441,27.017095687542586,600.6500000009127,-11.517199730253793,13.631635306640627,1.0000000000000058
100,42.1970710940986,102.8218224626406,31.384348778301057,582.4230849419946,-8.893938515691044,14.304445433101712,0.9127936837974507
101,42.33050385298416,103.7096120248988,31.68983010873711,582.423084941966,-8.049411751548543,14.577590953954315,0.9127936837974507
102,47.921953164309585,99.41253272890792,29.50075749472678,588.5024093128628,-10.867177303521705,13.715981363144545,0.941862455864969
103,42.467322284386334,104.59609267941175,31.968073544608274,582.4230849419404,-7.196320735034478,14.850736474806919,0.9127936837974507
104,48.08547922361036,100.54628750620486,29.95061892360294,588.502409312812,-9.81305560857791,14.080175390948016,0.941862455864969
105,40.57342365997832,107.43401255265788,33.00512238045981,580.12355396834,-4.896802634979911,15.527985546225793,0.9018028856848829
106,36.88133578618793,113.28673871265514,34.725967151506396,575.5228642418206,-0.019493817250729874,16.882483689063545,0.8798212894597472
107,48.11869891756674,103.46072029683283,30.948730692454742,588.0943309356559,-7.103449219088062,14.983913976999482,0.9399106447298764
108,52.02256423804131,100.93242636226896,29.68062751336659,592.2813040323084,-8.671354471770956,14.533154420213199,0.9599404298199197
109,60.1000511045744,97.6004339749322,27.602326336990707,600.6500000008218,-10.082570850260144,14.177926348345833,1.0000000000000058
110,60.344336175613414,99.12829700742367,28.086486889106332,600.6500000007468,-8.614461476497583,14.724217390051036,1.0000000000000058
111,48.25878923699054,104.30787175248645,31.16782707217698,588.0943309356331,-6.273005538548099,15.257059497852085,0.9399106447298764
112,52.19530666425854,102.02724024022274,30.008437009221122,592.2813040322686,-7.612375027457406,14.897348448016666,0.9599404298199197
113,60.60297062791044,100.6506285167592,28.46561641201788,600.6500000006881,-7.118902557622955,15.270508431756245,1.0000000000000058
114,48.40582249589548,105.15309345477547,31.358915349240945,588.0943309356139,-5.436314674922899,15.530205018704688,0.9399106447298764
115,48.557425427501926,105.99701036622156,31.52160358412453,588.0943309355985,-4.5941591652367215,15.80335053955729,0.9399106447298764
116,52.37658156450642,103.11947040590299,30.2880022881929,592.2813040322354,-6.540984088714876,15.261542475820137,0.9599404298199197
117,60.86852672008026,102.07513074358188,28.722653677409358,600.6500000006484,-5.693957824395231,15.7838371396839,1.0000000000000058
118,5.036736735680186,63.16840586136638,-0.36385254646980303,548.3081525869177,-33.033791840232375,2.4928322093567394,0.7499999999999936
119,11.292598784596981,57.57751412392758,-5.892936145536363,554.5699011974164,-32.21380747321118,1.0974563480318777,0.7798361440861656
120,5.0278486508113485,62.52892890994245,-1.0008946884897005,548.3086897043032,-33.0093963227429,2.3335759096003192,0.7499999999999936
121,7.102885857266785,68.4630341625094,4.9219317493455,550.2628354762786,-32.37985031406065,3.801466870038668,0.7593091113133608
122,5.076502069153809,64.8035777607179,1.2617646749208689,548.3088715282648,-32.89357309168055,2.8965904216499183,0.7499999999999936
123,5.12501222121122,67.73961945377162,4.180414509976884,548.3079118053748,-32.632390642885795,3.618026699200189,0.7499999999999936
124,5.137166146201697,68.39885999673004,4.835458215361162,548.3071703232641,-32.57035342716008,3.7732959454808532,0.7499999999999936
125,5.165134284390122,69.26786687170717,5.68329865686311,548.3074950238009,-32.386059640322145,3.974552910107124,0.7499999999999936
126,27.98050092662596,58.555654473366275,-4.793833534529085,571.1714052022255,-30.57659483480752,1.2484818829903064,0.8590393152326131
127,25.277139306555686,57.90919666574148,-5.462644116229185,568.4821654348881,-30.798894377008075,1.0924194974710844,0.8462005081709867
128,14.152151148699513,68.58071270128931,5.107657934899815,557.2763151828395,-31.676680572239974,3.879525409299571,0.7927391189099658
129,5.054229045924531,63.67217802310301,0.1372855559362287,548.3085754124463,-32.99264274824486,2.6213828821470413,0.7499999999999936
130,9.220062726133001,71.90980808827359,8.327211662577344,552.2695188780926,-31.530800685991206,4.673111808944579,0.7688716683819561
131,5.266437662301992,72.65613165235466,8.999683613181265,548.3059963401791,-31.718667312745485,4.805707925636265,0.7499999999999936
132,53.186445095755495,20.704017317725423,-31.017824981135604,592.9472340779597,-4.592711709989657,-0.005822296279772654,0.9631269005933591
133,53.6680336899592,22.64898922067382,-30.4760592403582,593.8033898450173,-6.31986595617129,0.04063847522243186,0.967223911638542
134,53.12417617305597,20.98828866742309,-30.973684260113814,592.9472340779555,-4.880279352593284,0.0021709882810715952,0.9631269005933591
135,53.05996321706276,21.27532409677395,-30.926275987327227,592.9472340779507,-5.170542965554115,0.010164272841915956,0.9631269005933591
136,52.99569520768133,21.566704503182113,-30.874492746194004,592.9472340779454,-5.4643852956625505,0.01815755740276015,0.9631269005933591
137,52.931428546824165,21.862365035932445,-30.8182497659682,592.9472340779394,-5.761629527404445,0.0261508419636044,0.9631269005933591
138,52.867238836607434,22.162240618292085,-30.75746227590388,592.9472340779329,-6.0620988452656475,0.03414412652444865,0.9631269005933591
139,52.80330331960202,22.466269007695423,-30.692045505255102,592.9472340779256,-6.365616433732012,0.04213741108529295,0.9631269005933591
140,53.583731747122435,23.056672522580445,-30.384683265733795,593.8033898450068,-6.726021379128444,0.05129618797022423,0.967223911638542
141,52.73966905910369,22.77428696171667,-30.62191468327592,592.9472340779179,-6.672005477289386,0.0501306956461372,0.9631269005933591
142,52.67639825008691,23.086183465302476,-30.5469850392204,592.9472340779093,-6.981089160423622,0.05812398020698145,0.9631269005933591
143,53.499646252196804,23.471131209974942,-30.28479001217502,593.8033898449951,-7.136910187400066,0.0619539007180166,0.967223911638542
144,53.41632461893817,23.89214230064827,-30.176177761644162,593.8033898449821,-7.552115525095857,0.07261161346580897,0.967223911638542
145,53.333431698874534,24.3194580510519,-30.058644796103508,593.8033898449681,-7.97122053632552,0.08326932621360128,0.967223911638542
146,53.25158682213009,24.7530335954629,-29.93198939751535,593.8033898449528,-8.393808365198755,0.0939270389613936,0.967223911638542
147,53.171383518201516,25.192776537130236,-29.79600984784197,593.8033898449362,-8.819462155825263,0.10458475170918602,0.967223911638542
148,53.09204921135723,25.638739598241557,-29.65050442904566,593.8033898449182,-9.247765052314747,0.11524246445697833,0.967223911638542
149,51.39218768302013,39.5269779131475,-21.742776677931776,593.798741314524,-20.62358826646074,0.4144827862734854,0.9672016658196104
150,51.45192478471115,38.75863315368956,-22.32152506402858,593.7987413146006,-20.114407292857674,0.39849621715179745,0.9672016658196104
151,50.43308301322888,40.70158862464496,-20.868742974582165,592.94026068546,-21.51751542950493,0.44170597235151604,0.9630935318649618
152,51.32469132485844,40.41978119701703,-21.053373113263323,593.7987413144327,-21.195498149239796,0.43313378358212123,0.9672016658196104
153,51.250433846511356,41.4976914809146,-20.198845475964195,593.7987413143194,-21.85725447912802,0.45578142317117926,0.9672016658196104
154,50.36081989855502,41.782431501153575,-20.002358847279694,592.9402606853472,-22.168730302476696,0.46435361194057406,0.9630935318649618
155,50.32474347218296,42.350701894915666,-19.537987361231632,592.9402606852866,-22.498606529042405,0.4763435387818398,0.9630935318649618
156,50.2796543102406,43.10331560611612,-18.914083665493507,592.9402606852052,-22.92221727652644,0.49233010790352766,0.9630935318649618
157,50.398544020613656,41.21133988764215,-20.46297455949379,592.9402606854071,-21.828523015214223,0.45236368509930786,0.9630935318649618
158,50.23137969220744,43.94170736686679,-18.20744351105576,592.940260685113,-23.376374489998273,0.5103149981654271,0.9630935318649618
159,51.00671224399491,46.027137850299184,-16.373042067469697,593.7987413138102,-24.298186540216086,0.5540178945805045,0.9672016658196104
160,52.8276940679758,44.34342750016983,-17.778658639841375,595.5154817131837,-23.189136580790343,0.5120538705585711,0.975417933728908
161,52.59995181030768,49.87941234682475,-12.83602350247572,595.5154817124993,-25.684920375451316,0.6414236874106598,0.975417933728908
162,53.38745979526851,44.67722365831644,-17.475899303832854,596.0861139173481,-23.275256986720407,0.517815324310495,0.9781492744256965
163,54.73182104174919,41.574939201668705,-19.99236972503504,597.2272806975219,-21.325263808783266,0.4467409580189556,0.9836119558192739
164,54.62305659076897,43.29348320937206,-18.59979324125504,597.2272806973222,-22.339152925870174,0.48404295263622715,0.9836119558192739
165,54.50929287916352,45.33486120086536,-16.874454030111917,597.2272806970744,-23.437357929862202,0.5293382318143431,0.9836119558192739
166,52.48603495752519,55.94602565109982,-7.020193075932583,595.5154817116924,-27.408819488063013,0.8282881909969759,0.975417933728908
167,50.77284621123707,54.113604629931466,-8.840949049035032,593.7987413128043,-27.21468368084414,0.7648407748727744,0.9672016658196104
168,54.340445784324466,49.486952911536086,-13.159092511964333,597.2272806965403,-25.30015713752285,0.6275747032236685,0.9836119558192739
169,54.25747772758372,53.08787664542973,-9.76358730134161,597.2272806960519,-26.50673570810651,0.725811174632994,0.9836119558192739
170,53.34544409191086,56.9050132514325,-6.060303828126148,596.3714178142641,-27.48102819614251,0.8704819346081429,0.979514944774091
171,52.48216903034254,58.429485741998256,-4.568902751606934,595.5154817113521,-27.81037636087782,1.015152694583292,0.975417933728908
172,55.93112690089486,58.56491161939621,-4.376210798663248,598.9387867934255,-27.41832963624059,1.021021542147598,0.9918059779096398
173,6.181150673729222,89.06260836626389,23.77637325916137,548.3075462834022,-24.81448169820656,8.845646304939477,0.7499999999999936
174,18.5194851199085,84.71305300265045,20.230586368022255,560.8662583355132,-25.75036212295632,8.105311416968297,0.8098597117884901
175,5.767725345403648,82.97372360074627,18.60554589863626,548.3068995648291,-28.03543886448818,7.35927786861364,0.7499999999999936
176,28.271558221746748,75.18611735944624,11.681270134495598,571.0834651613017,-28.676765806681075,5.790731170877236,0.8586194228757061
177,6.6640754408369745,91.36978884633369,25.617064098610484,548.6095640397947,-23.38396305487906,9.431693320280704,0.7514321152170415
178,6.348088531924928,91.1898798533238,25.47612753577688,548.308920306707,-23.53192643173373,9.37861460338521,0.7499999999999936
179,6.363720903555818,91.40380777471802,25.64425443762148,548.3088099792307,-23.39927808421739,9.431215697153277,0.7499999999999936
180,28.324541606821963,78.39285345457232,14.680833003653262,570.9808714141254,-27.52471075489622,6.668275512405167,0.8581295672619713
181,23.299267927778132,76.5579729575619,12.930599408793224,566.078802936584,-28.757506261952557,6.070476952394838,0.8347294229458331
182,38.34273595196743,79.29323404133957,15.560347712055131,580.8803363494035,-26.00270845664928,7.168425304799629,0.9054197115079828
183,48.18811762071166,75.04530975086496,11.719626382075406,590.8724375233569,-26.493667938946768,6.153691207010089,0.9531997113677291
184,57.89783321260401,72.10644126193166,9.026444811095509,600.6500000036978,-26.2537812325313,5.4372696810625225,1.0000000000000058
185,57.97211066690526,73.75781855341191,10.601190362722196,600.650000003454,-25.764174540774224,5.983560722767729,1.0000000000000058
186,58.04741142469663,75.40331223955842,12.14337855907638,600.6500000032153,-25.196687082280043,6.529851764472937,1.0000000000000058
187,48.22405374793665,75.92798333091622,12.54597046037957,590.8724375232537,-26.17930249890879,6.4268367278626926,0.9531997113677291
188,48.27119903792886,76.80885006361699,13.362654193579408,590.8724375231516,-25.84421114122358,6.699982248715296,0.9531997113677291
189,51.59239104135725,77.47989001553151,14.00396278244712,594.1326866107506,-25.17663895203942,7.007466115104648,0.9687998075784879
190,58.13453460292498,77.04149813145257,13.648281268037337,600.6500000029823,-24.552776090486375,7.076142806178144,1.0000000000000058
191,58.227637700691766,78.67242356441508,15.111153078926277,600.6500000027561,-23.833886162536636,7.62243384788335,1.0000000000000058
192,16.197763611987043,101.3552901737458,32.2500951422946,557.0802202065494,-14.785848782149168,12.312579679705967,0.7918041091680273
193,8.063269580335346,107.63014230345885,35.816636722595504,548.3083644470181,-10.800712868824947,13.478272088698025,0.7499999999999936
194,8.167906890739136,108.40155025375783,36.19661664425536,548.3078650353023,-10.122273932038787,13.682859826343067,0.7499999999999936
195,9.62119580297893,102.79141150333655,33.28360532742837,550.4311143974477,-14.662254266391896,12.365525978346277,0.7601109469622601
196,7.902900581372737,106.33396558077531,35.16509252899544,548.3088113963821,-11.930952973159572,13.154215843121658,0.7499999999999936
197,12.155329364439407,98.80395056997628,30.82610697511312,553.3659755799666,-17.43233880517167,11.482381153009229,0.7740974761125775
198,28.8964778247558,92.11980175939362,26.024309834841574,570.5704859580538,-19.88411750407155,10.451598399369486,0.8561701448070318
199,28.723679786590566,88.95100277603545,23.676063779117072,570.6730838921453,-22.021349267118453,9.574054057841558,0.8566600004207667
200,23.86184922441448,91.80390099970238,25.864936133690527,565.6168931102998,-20.810562365184655,10.15599924969682,0.8325250726840261
201,38.57768477486316,85.90688424137609,21.23746289082273,580.6753478177471,-22.56111697940678,9.105611001757222,0.9044400002805131
202,12.87888562891388,113.128458523168,37.706502594650345,552.2542965018135,-4.960383264937941,15.108813004180787,0.7687991212190228
203,8.369463872226211,109.76188784783686,36.71074515392929,548.3086888722936,-8.84743369959926,14.029711799708613,0.7499999999999936
204,8.884915430235797,113.35159448986809,38.0746675555932,548.306259016566,-5.4888125046209515,14.945959491962968,0.7499999999999936
205,9.230939263807922,115.53683815091033,38.71697064642972,548.3073279124225,-3.372602025347919,15.474327586714056,0.7499999999999936
206,51.863799925871135,84.67571176212324,20.17022204991588,593.9279689451747,-21.486637513837643,9.308845839865713,0.9678200963510183
207,58.55829851603091,83.51458925692877,19.196376291330527,600.6500000021231,-21.239044260090346,9.26130697299897,1.0000000000000058
208,58.44029121348026,81.90901946395678,17.89046217747999,600.6500000023254,-22.17595314435067,8.715015931293763,1.0000000000000058
209,48.65315500034266,86.97569102044558,21.984276991877238,590.5652594500764,-20.49739401140711,9.87890631500429,0.9517301445265245
210,48.58236255920774,86.11261100581055,21.326075992364036,590.5652594501577,-21.060858498237994,9.605760794151688,0.9517301445265245
211,13.31927547507764,114.76952266060643,38.15344625529745,552.427202455307,-3.3305524745767925,15.543533319799602,0.7696231670385676
212,9.417992096668586,116.7053523252716,39.045492257136694,548.3072566577114,-2.23608396065068,15.775767982117687,0.7499999999999936
213,9.797520768539577,118.93691274472918,39.53403081150339,548.3071324868918,-0.026499560601800618,16.35417193595812,0.7499999999999936
214,14.229660396084236,118.03602568821657,38.82935773082307,552.7730336545333,-0.026577528264826643,16.41297395103723,0.771271258677657
215,51.952542782657126,85.80004099104501,21.04728521995659,593.9279689450578,-20.777751367223566,9.673039867669184,0.9678200963510183
216,58.689045700730155,85.11179105843937,20.439509300776585,600.6500000019305,-20.231781460624372,9.807598014704176,1.0000000000000058
217,58.82987417390566,86.70097272516077,21.61527478112644,600.6500000017485,-19.157169977926227,10.353889056409384,1.0000000000000058
218,48.72734241286944,87.83700791519436,22.624701810245256,590.5652594499974,-19.916080136968837,10.152051835856891,0.9517301445265245
219,58.97980061231242,88.28193151229995,22.71941968545576,600.6500000015777,-18.01916850921874,10.90018009811459,1.0000000000000058
220,19.232577507453396,111.92762894386496,36.72376906798082,558.6405126750657,-4.900446139207951,15.192975342068337,0.7992443169782921
221,21.33517478394663,113.22774666596467,36.86654188557308,560.4816767092526,-3.2569124824704687,15.667359789605028,0.8080253338504934
222,25.56328625619938,115.70576130232438,36.86123953080482,564.1631391270838,-0.02424563073950607,16.61612868467842,0.8255873675948957
223,24.900565378485737,110.86726242807778,35.82278149955402,564.3338025597503,-4.793780019408527,15.294552708888931,0.8264023714369115
224,27.507618485783578,109.60198649339503,35.1676642786689,567.0730913903469,-5.474819148991321,15.13809889209656,0.8394747616548918
225,5.000450722191869,57.71634608812107,-5.795598788919547,548.3088449473075,-32.851830034392655,1.1635696722183015,0.7499999999999936
226,28.958160796778703,57.61146595105639,-5.722619251327082,572.143408336371,-30.368803936653862,0.987514201235494,0.8636806390492702
227,27.6099839852687,56.666298903566734,-6.673734608814007,570.7990083020718,-30.39184056825205,0.9094830084758831,0.8572612355184569
228,31.660809365084138,58.266276191985476,-5.043366401755317,574.831669124625,-30.149582622271154,1.1435765867547163,0.8765194461108966
229,37.00744942892861,49.4510791434756,-13.54942612829431,580.0294203519338,-27.56949760450406,0.6621203709035592,0.9013530199264751
230,35.21186722066482,51.7161992510489,-11.420350846896472,578.3011253262775,-28.487523531170336,0.7220695463676408,0.8930942259505485
231,36.89816394254889,54.945812935400696,-8.258835080490579,580.0244610339025,-29.058248957165944,0.8178379573429648,0.901329319402724
232,45.226759774707425,18.74505954339204,-33.08635292207526,585.0234652916932,-4.754216865509617,0.0029591519401052646,0.9252254518132489
233,41.26847296573595,12.728546000362009,-35.20737494384913,580.0537562922226,0.00342394390589637,-0.11646756129346875,0.901471522545231
234,42.03184167110774,20.705057651578635,-33.09749776034449,582.3449612904407,-7.377242984612383,0.06904774874250674,0.9124202439909681
235,37.913841756511346,48.23505347967759,-14.670724283978076,580.8934562893385,-27.02306966013536,0.6321457831715185,0.9054824169144384
236,37.124682512599314,45.98543888371983,-16.748578634209768,580.031900010084,-26.231083378641866,0.5842615776838564,0.9013648701883508
237,34.26977974403927,58.3271186652945,-4.952186063100027,577.4244647372361,-29.87074041625863,1.1413381001981957,0.8889055776532074
238,35.13644635771895,58.519701656045854,-4.75005335063551,578.286244804236,-29.795806558832304,1.1892223056858575,0.893023124379295
239,38.65723773674548,53.194468133085095,-9.94156827285419,581.7524593788598,-28.462694205482293,0.7578887818788833,0.9095881133786506
240,47.21780100230696,21.786168843987067,-31.89901119056457,587.5071664755076,-7.125886367536609,0.06267250855689227,0.9371024164472579
241,38.618760172131665,57.10905565720975,-6.103405143128066,581.7475009123505,-29.232277495013868,0.9136063683182889,0.9095644128548994
242,6.763004697654996,76.1494299321564,12.373397234896743,549.6600114990993,-30.61992903682263,5.690529041231309,0.7564368128032846
243,5.402061794460296,76.09858269967793,12.306539465198794,548.3079451819845,-30.769071616798247,5.659291692333268,0.7499999999999936
244,5.5186786430697445,78.38817356445732,14.438997734254945,548.3088697775809,-29.935863508628998,6.217187692442748,0.7499999999999936
245,5.589417151787057,79.82602664072789,15.776284969548927,548.308528362096,-29.40812368086845,6.5692872435292875,0.7499999999999936
246,12.277925722143298,76.31187204915663,12.589535598537559,555.1359129812964,-30.003131770040333,5.817178344952486,0.7825343495174674
247,5.430765671783881,76.68969162465349,12.858794485928364,548.3082024193014,-30.558576969048822,5.798030906892468,0.7499999999999936
248,43.96118756197222,48.73585091817524,-14.087980420738248,586.9213925241803,-26.416868941601322,0.6318693648867251,0.9343010025182439
249,43.43423747700218,42.90441720277142,-19.30033614933994,586.1593805279327,-23.867129154588685,0.5061005961839773,0.9306569901577311
250,42.97392935582935,44.44659048930844,-17.98332766342123,585.7766082123661,-24.712068029249505,0.5391117098687372,0.9288266417953752
251,41.96898579683141,51.16835539506542,-11.837285386196319,585.0078793987651,-27.498309757284837,0.695866066343696,0.9251509299659418
252,43.83056365543947,55.421768320738316,-7.687821892879871,586.917903730482,-28.342371139594974,0.8236603609589923,0.9342843181540452
253,44.40394884341168,46.94619768667274,-15.718843214681401,587.3047800423095,-25.644765900398358,0.5899243188415151,0.9361345020972629
254,44.39631526052252,39.74871636792021,-21.867603586500156,586.9248813168164,-21.9378984035862,0.44007836881445767,0.9343176868824425
255,45.34765761085044,43.1339914877982,-19.04652044541412,588.0715110852436,-23.698320428216938,0.5060342267510956,0.9398015012553003
256,42.08736078458731,57.275041880539675,-5.888777709007707,585.1942225234342,-28.86122496703887,0.9165175701263026,0.9260419122305602
257,50.94381514708325,22.729574086952727,-30.964317166773057,591.2323780185981,-7.083702242086959,0.06108996300737357,0.9549217555935275
258,50.077569156057535,22.556428936222385,-31.1700234719291,590.374839858383,-7.13673927863769,0.06257295440756966,0.9508191830936116
259,50.16203686112435,25.34166657398337,-30.203096964101704,590.9453776591536,-9.6872223413168,0.12551462549819464,0.9535486699721559
260,46.93218108842916,37.11470611986328,-23.769290340364407,589.2214976662823,-19.818882120475866,0.3801990886154664,0.9453019999923566
261,46.498672503451516,35.374065153371205,-25.036538685443357,588.648264969468,-18.685698263084248,0.34722115964714734,0.9425600928059277
262,46.08219144142376,37.98673559949604,-23.16319891795064,588.4560173631262,-20.547397199254103,0.4001588486817968,0.9416405622890519
263,44.49624168521426,50.140865390601974,-12.764846669977443,587.4947240055225,-26.84606229741489,0.6648472938550438,0.9370429097046729
264,51.542342236450274,22.743973676046604,-30.852680808939116,591.804029336315,-6.944699487100714,0.05743687388696145,0.9576568039268046
265,45.4140438789892,52.28927279377397,-10.704698740426673,588.4502035963343,-27.39786268740174,0.7198105088022422,0.9416127550153875
266,51.540153957557195,26.839111982258636,-29.404277701592346,592.5168041735777,-10.707723533497887,0.15076433166279102,0.9610672721613018
267,52.035317967865105,26.543421091402003,-29.4574562243144,592.9456844357056,-10.325634166107529,0.14158813744780158,0.9631194853203819
268,51.51121443567958,27.015595675824127,-29.33357346355324,592.5168041735691,-10.87200580363989,0.15476097394321314,0.9610672721613018
269,46.61767424758278,50.03218202678653,-12.824745113097505,589.5989840974462,-26.53300584380289,0.657905702690702,0.947107692297711
270,46.22153803264185,50.39600914593046,-12.489625680807588,589.2162656760134,-26.708777989565313,0.6678855827238672,0.9452769734460587
271,47.29588313071526,55.735959543099845,-7.320378953188881,590.3608894851421,-27.992657604367082,0.8297369386966391,0.950752445636817
272,47.40968797277165,49.28805922392342,-13.502689384874234,590.3643770803158,-26.16288676552587,0.6379459426243717,0.9507691300010156
273,51.74105190352267,28.395292372310312,-28.688759146511142,592.9449096144838,-12.037129591640722,0.18332021606821153,0.9631157776838932
274,50.45279937144074,31.36170682534405,-27.293563047783,592.0863557644343,-14.830351656913537,0.25139796767944483,0.9590076437292445
275,48.70055831048996,40.593416198726686,-21.025371541185635,591.2254034318236,-21.740001339549956,0.4446719551519083,0.9548883868651301
276,48.646271094030276,37.44848203745982,-23.43457365564931,590.9407278019207,-19.738569557544647,0.38123595359455115,0.9535264241532243
277,47.83414796417949,40.540782362886674,-21.101221850310537,590.3678646744459,-21.85157172866723,0.44615494655210425,0.9507858143652143
278,42.94937962118486,58.750369954946066,-4.409644452856572,586.0479010561241,-28.948342218738045,1.1979781552730733,0.9301239081710211
279,40.35179032108218,58.03705808225618,-5.1581533974031135,583.470244961655,-29.15967474269442,1.0093747792936132,0.917799506307075
280,49.26622087591188,40.80043741921161,-20.83763934756473,591.7970551476285,-21.770479820679306,0.4472358651343748,0.9576234351984073
281,51.60598771772708,31.53829196944437,-27.085988250356323,593.2295282728649,-14.730402599828448,0.25001274096517184,0.964477740395799
282,50.38018033543376,36.02626534984754,-24.35078533793874,592.51331732804,-18.427068871312574,0.3465519700154805,0.9610505877971031
283,50.35608187734475,36.285493487199304,-24.172349901454744,592.5133173280173,-18.616750355213224,0.3518808263893763,0.9610505877971031
284,45.55484622892077,57.483646315979165,-5.626442884593858,588.6378003879307,-28.492183544456918,0.9225941478639494,0.9425100397133318
285,47.28714919085298,58.28771452488534,-4.8007259285406505,590.3574018892087,-28.39868286583955,1.0215279347689066,0.9507357612726184
286,50.75573372827283,36.69749352484709,-23.85867144535449,592.9418103287613,-18.834907954130486,0.35883391026335104,0.9631009471379389
287,51.5113048743067,38.030936871618415,-22.856717731829367,593.7987413146714,-19.618169601760062,0.38339779075909214,0.9672016658196104
288,48.85681667590145,45.3880011866689,-16.997713492904012,591.6524017048623,-24.30763187396419,0.5451548138618396,0.9569313309329888
289,52.182356110235105,31.627884765041536,-26.98110364813105,593.8010655801648,-14.680807600056982,0.2493201276080353,0.9672127887290762
290,49.34811123125708,44.200693233181696,-18.012828803060255,592.0817064365814,-23.645566548308736,0.5182210798880844,0.958985397910313
291,48.84419277195118,45.6601701970441,-16.758937264590074,591.652401704832,-24.43889611309476,0.5511497772824727,0.9569313309329888
292,48.83225707983922,45.9307289050002,-16.520384558256975,591.6524017048016,-24.567396197186785,0.5571447407031056,0.9569313309329888
293,45.555899684817895,58.35986640615601,-4.757870362543361,588.637800387827,-28.60689740638106,1.059166908290251,0.9425100397133318
294,52.76222279423925,31.69074612242201,-26.890556786947176,594.3725702561899,-14.608062965265486,0.24803541909824373,0.9699478370623537
295,49.119153751071806,50.24672163613382,-12.56806573351254,592.0817064358818,-26.280638922110693,0.6582700864645434,0.958985397910313
296,18.708776567003873,72.66295170393039,9.162398785602244,561.6785204774269,-30.399255802438724,4.9750011808472046,0.8137342709278994
297,48.62913985742074,52.928863062951436,-10.027013768112356,591.6524017039741,-27.17494944731761,0.7322476306141017,0.9569313309329888
298,49.89289594376775,55.77965721512468,-7.231768932896679,592.9402606836742,-27.689811161902032,0.8265493186038317,0.9630935318649618
299,52.6878499676803,34.88091933217355,-24.966071446998523,594.6571483243432,-17.137764654999888,0.3144318964188764,0.9713097997742592
300,49.974190824001525,50.71003642248564,-12.113161142944861,592.9402606843151,-26.326987478955914,0.6684321583846293,0.9630935318649618
301,50.625586302768184,48.404703559899765,-14.24338950873365,593.5125892838339,-25.388947497475336,0.6097245558729019,0.9658322878347275
302,50.444108135597396,49.53442099057564,-13.204768636310249,593.3695102013686,-25.849510119046954,0.6375778865191006,0.9651475988422862
303,48.586958452871926,57.61119569807789,-5.449846777919279,591.6489145574695,-28.15738855268743,0.9240386266863692,0.9569146465687902
304,50.23249756096994,51.92899673201629,-10.953205901712789,593.226429073756,-26.683050453981032,0.7005683638806777,0.9644629098498448
305,50.85166801553653,50.435513375920344,-12.354911567875991,593.798741313274,-26.11731054447031,0.6594293347266393,0.9672016658196104
306,48.588061105492315,58.455654205063894,-4.612804168702255,591.648914557363,-28.268612788122503,1.0606113871126708,0.9569146465687902
307,51.18381797476455,57.6613557898112,-5.354680147474528,594.2279540194554,-27.859092718588023,0.9208510065935618,0.969255732796935
308,51.61595963633273,57.195351535023796,-5.806747364509403,594.6571483217436,-27.735978602814495,0.8899967347280331,0.9713097997742592
309,50.31806425917574,58.9716674603042,-4.070826676481575,593.3648614693061,-28.127325842385083,1.2047530496476329,0.9651253530233547
310,55.16354385075709,51.182406318554904,-11.55667876205235,598.0830703561287,-25.799867749568797,0.6697684468348357,0.9877089668644567
311,55.947395923974014,55.67664894345481,-7.222425170067383,598.9387867938506,-26.929772449106977,0.8101986618553283,0.9918059779096398
312,56.06885279091184,49.8179999454216,-12.810912337312718,598.9387867946846,-25.189004631191704,0.6319135543349788,0.9918059779096398
313,53.77549278547671,58.45143695729637,-4.523222420720245,596.7993584073533,-27.660508390599567,1.0089694349128384,0.9815634502966823
314,54.63754987604278,58.08557487967486,-4.871717065472361,597.6551846779292,-27.509770842179424,0.9457517383778704,0.9856604613418655
315,56.87844509121884,51.81358051186176,-10.92517325993543,599.7944300113203,-25.778915697798553,0.6832012155952969,0.9959029889548228
316,57.75968831325945,51.146921740954774,-11.535203055084024,600.6500000068816,-25.437039440388567,0.6627808968131863,1.0000000000000058
317,57.80510595181625,49.522846561480094,-13.041565586366392,600.6500000071146,-24.83212862282215,0.620150045822019,1.0000000000000058
318,57.71721291527963,52.83712084213929,-9.936930113502266,600.6500000066342,-25.9839304567492,0.7107406041782502,1.0000000000000058
319,56.864351131140204,52.37607279238739,-10.392394578363051,599.7944300112393,-25.957796834357747,0.6991877847169852,0.9959029889548228
320,57.68552963955614,54.35921498003498,-8.475325812281863,600.6500000064077,-26.404796283630102,0.7587003115433142,1.0000000000000058
321,57.6672791527011,56.08081448646473,-6.800813970233794,600.6500000061485,-26.797911995322064,0.8226465880300651,1.0000000000000058
322,56.7944713929547,58.28612226224534,-4.642079802214442,599.7944300103647,-27.27811874501796,0.9578038456126303,0.9959029889548228
323,57.66022021776388,57.53207967408902,-5.376241318839463,600.650000005928,-27.06109789537027,0.8945861490776625,1.0000000000000058
324,15.379007806257528,80.58253269285024,16.573284136438005,558.0014928004356,-28.063199401421656,6.9612448809603915,0.7961970306529788
325,5.7086718103896334,82.02284090302962,17.770555304739016,548.3073684761918,-28.490558207863472,7.11186271035605,0.7499999999999936
326,5.623186434400349,80.48771064084985,16.387868692753532,548.3083496229672,-29.156480446338392,6.737054305801366,0.7499999999999936
327,16.337467163321968,89.32669673057062,24.01722086866135,558.3667839682605,-23.41207874285523,9.23100132898194,0.7979389665631859
328,6.232052008284187,89.75192832048388,24.34200130736054,548.307826619779,-24.419358987670535,9.025268882288866,0.7499999999999936
329,14.212859951030183,94.02362456466247,27.565823195425764,555.8666897164121,-20.63021149707499,10.356691240995582,0.7860182213378817
330,25.16365244302521,84.03381445057555,19.67339455813908,567.5078338566349,-25.30920494042226,8.115880329071674,0.8415497598237427
331,9.388276148034288,95.14153892963604,28.40502860514421,550.9880499268056,-20.51926730879588,10.457037236644966,0.7627647956648095
332,6.636402571974855,94.58145723805289,27.99618891953036,548.3076704236025,-21.25067128533265,10.23126557017096,0.7499999999999936
333,6.739475916116518,95.75650670691815,28.855549709152235,548.3073671626337,-20.44468106396926,10.512121427174801,0.7499999999999936
334,21.173343051558795,88.31850946834531,23.211668015628565,563.2418558398322,-23.40274573752567,9.130655333332559,0.8211923922362581
335,7.495881553282238,103.01389206932042,33.47295153216484,548.3082542326066,-14.811782342292416,12.327537680421434,0.7499999999999936
336,6.929196368444684,97.59755617986846,30.029376557304577,548.3080705667932,-19.01652962548198,10.959443699799674,0.7499999999999936
337,7.26453982080773,100.92150675179764,32.225068381611635,548.3072862613363,-16.50375745420796,11.795723804811386,0.7499999999999936
338,18.844134074823394,90.1881654068687,24.682591934001202,560.7840667978278,-22.552166976365513,9.539333969220232,0.809467668603466
339,28.484622908301613,83.68640391854355,19.385881363364632,570.8269788307032,-25.087001701350655,8.121164785123362,0.857394783841369
340,33.43346014926375,82.29383863489926,18.20573657519012,575.8292790392908,-25.188570533162164,7.886943257081194,0.8812847837712422
341,31.849191798058268,84.48055904308998,20.067425193802382,574.1108412281637,-24.248302608945203,8.449313524001315,0.8730765226544172
342,19.993912766576525,96.50299801351822,29.180562350963367,561.3494608285476,-18.00364252799068,11.234289464701394,0.8121645909260266
343,45.09801226387172,82.15721351961102,18.112831165469487,587.4062758360883,-23.804466960948716,8.23863557233267,0.9366199039295005
344,26.577501361777273,95.17498472671934,28.163026366742823,567.9913701469202,-18.009884797597643,11.181343166061081,0.8438577531317941
345,51.70665350265002,81.09137184208302,17.204873504525672,594.0303283013176,-23.50271453857779,8.15815597748518,0.9683099519647531
346,58.32928181602745,80.29489408953667,16.52696612392647,600.6500000025368,-23.041255326745773,8.168724889588557,1.0000000000000058
347,11.649534176336337,9.676603591654342,-41.06739084676512,551.1770045086429,-3.9654905893575956,-0.010953780738283514,0.7636652147644197
348,20.452289597212456,7.5424119505239835,-40.281600639659935,559.2650569708227,0.005305390883847042,-0.10164506220367775,0.8022237916916038
349,9.53918287180857,5.0,-42.597357467645374,548.3054703577943,0.005493393617047216,-0.09899998660002024,0.7499999999999936
350,9.0216670309772,7.777629846939696,-41.95730608614646,548.3080872683527,-2.7451265118900143,-0.03753198490802541,0.7499999999999936
351,8.537932605474463,10.56715723848438,-41.16414731055733,548.3087866601811,-5.46152440030147,0.021187339013776493,0.7499999999999936
352,6.113633622750843,55.054639183770355,-8.418003029359344,549.4041443650883,-32.40712316110389,0.8666033369171153,0.7552177246917817
353,5.770606096099126,50.98797784847308,-12.400954450994494,549.0053154881507,-31.62220494297786,0.7444049636257566,0.753317551843273
354,5.035403399590418,53.34227722023754,-10.107410906319526,548.3089461780025,-32.19613391790349,0.8117411353355565,0.7499999999999936
355,5.018996675493099,54.272066931990224,-9.199657240395787,548.3089417053094,-32.38699455157628,0.8392938546512438,0.7499999999999936
356,15.954015757939729,12.709816275517838,-39.52725535768685,555.8416173007226,-5.875965862979195,0.03228928586547469,0.7858986880434566
357,10.331896644564733,54.85862451016268,-8.591695148402357,553.5913147895004,-31.94593371481864,0.8536621883458806,0.7751715326555781
358,9.906139585839599,50.67139275881557,-12.68375676110946,553.1019859925448,-31.100380122360207,0.731765108502882,0.7728392269402844
359,9.456224039800176,54.209092221371606,-9.234580492744852,552.7105493592693,-31.925498920200255,0.8316902260225116,0.7709735896398312
360,10.9334568649449,50.25275084010514,-13.08168129948419,554.1131813746218,-30.87721865320838,0.7204286983197077,0.7776590490561824
361,19.557652612709774,24.20248523481129,-33.888110139086834,560.9580630865584,-15.20047846430763,0.2305285837779541,0.8102976125455116
362,20.37862893020867,16.984105927069912,-37.39355075840054,560.8020077635109,-8.842878857796773,0.09736569774211595,0.8095532444381677
363,19.089457433563222,22.226952310461964,-35.0252092275164,560.2677697058846,-13.663382920088788,0.19760464682297646,0.8070050702259015
364,16.944448769154814,36.92256042774816,-25.008727811280956,559.5098997431747,-24.48148022041832,0.4529104312028927,0.8033904627287054
365,17.148401146687036,33.69505635487275,-27.564570857475957,559.485437356885,-22.498919937538233,0.3974548818622357,0.8032737956249952
366,16.14761422708035,35.54460981311816,-26.14206868621403,558.6296510637338,-23.791747177697086,0.43093846887952375,0.7991925197129583
367,21.540430348109656,18.360494095139607,-36.68506246411474,562.1304621872374,-9.833542706983096,0.11882594297345866,0.8158902063749397
368,22.130556431737403,14.00743723628566,-38.26383489491542,562.0264376800801,-5.734364405130153,0.030050685616233197,0.8153939609700438
369,14.703929872783567,53.334157346755696,-10.06582086127611,557.9205904623383,-31.204614819240387,0.7971553519407542,0.7958112464231826
370,16.46401992867458,56.06321176647748,-7.366195728445207,559.7055966961266,-31.495252581363985,0.8965548259281491,0.8043237995583865
371,15.304793146774513,50.446270795279936,-12.865790027818589,558.4666980040757,-30.445851988015175,0.7193774112552382,0.7984154299274969
372,13.87529900242486,57.24505254491479,-6.210720659642314,557.1380759171791,-31.914916941560588,0.9970055869800134,0.7920799718222761
373,12.09077301307202,55.946191795985776,-7.507845545423274,555.3526150292131,-31.93228550921675,0.8976061129926185,0.783567418687072
374,25.03377032099694,12.606572173569615,-38.238887562296945,564.5788502990905,-3.766211025516715,-0.015804081278306847,0.8275716394386919
375,30.87175000560648,10.076604554504568,-37.83486833676976,569.6813395548481,0.004565427942123786,-0.10751361506738691,0.851926996375988
376,16.46589597919912,50.951206101413966,-12.370030515174548,559.6322107839867,-30.45204740752481,0.7301881779061778,0.8039737982472562
377,17.10608695347986,47.58481100241615,-15.573372811807939,560.1782255997431,-29.361170439035853,0.6524102372206619,0.8065779817515705
378,16.649230501399757,43.09325260160722,-19.71050781372401,559.5588243376127,-27.657644431015903,0.5638215298842066,0.8036237969361256
379,19.53771007366514,37.16674327635042,-24.74499511513396,562.0864316965842,-24.25040686568828,0.45197768109904196,0.8156801597814501
380,19.473555836954404,33.94711331610773,-27.29530029549885,561.8043513922651,-22.303812997214873,0.3966154067687701,0.8143345229724653
381,18.56657352689582,39.60527594142629,-22.730248319994317,561.2701664812906,-25.724446555303693,0.4968543558496306,0.8117863487601993
382,17.35970889974427,49.60319657941496,-13.657612931515457,560.487911954679,-29.974160575509632,0.6967045908888898,0.8080550741592929
383,20.027779968011327,35.932355085196974,-25.726233043945626,562.4945395023244,-23.45319339801418,0.42953934372374764,0.8176270652920754
384,20.518449346447568,28.206035837521384,-31.34972156664977,562.3385079787037,-18.142835603853662,0.2963764576879096,0.8168826971847315
385,19.75647606525152,43.30545402434123,-19.472530465174422,562.6505686088719,-27.356326252745816,0.5627022297595858,0.8183714333994193
386,21.194931949894933,30.88616744575771,-29.485873501261164,563.25869948517,-19.970030547668934,0.3402750402945465,0.821272753610878
387,18.021927005699425,51.01275403436853,-12.298147103610019,561.1781902544368,-30.29460871880933,0.7296285278438674,0.8113476164789029
388,18.138160609317993,47.63721466011724,-15.51250609205956,561.2088490900016,-29.25746997742081,0.6520371371791218,0.8114938605726684
389,27.335846261180638,15.10646534088984,-37.15772894504284,567.2345878089927,-5.5932487479579684,0.027116409184378576,0.8402455633122359
390,18.655861279843272,55.10124780512665,-8.301086252581912,561.8770622725923,-31.11263300847957,0.8515369431968911,0.8146813795955334
391,18.248740963032155,57.357191787492475,-6.0716589200790105,561.4902868305481,-31.47637940416184,0.995954299915544,0.8128363526935906
392,20.040341927467985,57.78734789453792,-5.630675403513546,563.2746608655768,-31.33763252181214,1.0953537739029389,0.8213489058287946
393,20.997926308288022,50.68327736802482,-12.589038455844198,564.1347853843087,-29.867747378291142,0.7173253610267667,0.8254527634435351
394,21.123245116566213,56.18159958693575,-7.214605229145257,564.3427897752862,-31.020285691817563,0.8948758757412179,0.8264452542533269
395,22.303845450588685,49.807983590815155,-13.415069475693008,565.4108053873179,-29.464502605932317,0.6943979775794968,0.8315416026778591
396,28.187830036223623,18.48226481657135,-35.859498229166896,568.6141724356825,-8.516307705142507,0.09296428309433402,0.8468306479514557
397,26.738982802217212,19.323801801347493,-35.69206383289265,567.3385585195293,-9.591263622438282,0.11589166654160404,0.8407418087171318
398,20.207839138184156,55.144823987621585,-8.246405760103222,563.422697323425,-30.953712057860237,0.8509772931345809,0.8220551978271802
399,20.345210637400893,51.105726094776685,-12.186728443819396,563.4967147365019,-30.057107027581488,0.7287890527504017,0.8224083438263732
400,19.75341956082223,54.528041531504456,-8.856636771436348,562.9626195710163,-30.894005099185033,0.8290280018312624,0.819860169614107
401,28.556710729946833,22.302183900005733,-34.14644819353951,569.5424248624539,-11.82874831432957,0.1651483394651052,0.8512619251746231
402,27.59595570096604,24.42623104900505,-33.147654503660405,568.8771594786895,-13.829751607921374,0.20791295339542182,0.8480860499587233
403,20.5787708272158,57.41636636887702,-5.995109482227573,563.8087394826529,-31.23966422802425,0.9951148248220782,0.8238970800410609
404,24.292903249760077,45.27681329811793,-17.623626055157263,567.246554119598,-27.616780334870413,0.5934254593906727,0.8403026774756732
405,23.779845947634463,40.00322340128906,-22.281915749997218,566.4787077015473,-25.20670474702828,0.4939200794177759,0.8366379511023914
406,23.62469284358371,46.861901572778,-16.175872908697876,566.6346750783584,-28.318864607039202,0.6270829654536141,0.8373823192097353
407,28.82522648536415,24.962313535130644,-32.752074712396805,570.161212226493,-14.028377036402421,0.213271043712286,0.8542161099900678
408,30.027116819131614,19.305325551223092,-35.30142959932049,570.5402404422094,-8.85605850542661,0.1010014185696303,0.8560257379984729
409,30.52358104619205,20.56202832823022,-34.72451117017264,571.2121006614494,-9.878422109807174,0.12367231418340546,0.8592336274103735
410,31.158914086699117,16.214635346088762,-36.22923985272456,571.1188133211406,-5.750827245135726,0.030750245171784374,0.8587882013050814
411,21.887592455607706,57.44764499496291,-5.95221215055072,565.1107991361956,-31.105676520669174,0.994381255714115,0.8301099806266087
412,23.740380843550685,56.241263472875545,-7.134344770242502,566.9466025811416,-30.748520687609464,0.8934087375252906,0.838871055424423
413,32.352007341011785,17.16772846881082,-35.74720089931249,572.4313197407157,-6.366181537714623,0.04511801339546101,0.8650555047604521
414,31.52814168221805,23.131612627903937,-33.44552639152213,572.555686432014,-11.924044001296295,0.16901410541095568,0.8656494062341749
415,25.10588268437661,48.74043724442358,-14.395146583469897,568.1749327321996,-28.79661830848258,0.6656095157614439,0.8447339546988406
416,25.13653420355423,42.70264662999186,-19.919967370232136,567.9654584219156,-26.370296860026833,0.5415537375929809,0.8437340696415349
417,30.995498511667897,28.0499298544966,-30.80705302431983,572.648960440681,-16.106387285212033,0.26193617442257683,0.8660948323394668
418,30.468433395692156,26.701980164814582,-31.643009846832456,571.9771962330996,-15.13257688302838,0.2392652788088016,0.8628869429275662
419,30.48259253068818,28.835262862560484,-30.356867035704024,572.2322151523274,-16.816062267223447,0.27779626701726706,0.8641047147666304
420,30.578803737739182,33.150108343508734,-27.446792661225356,572.7422335838023,-19.963665954957744,0.35485824343419786,0.8665402584447589
421,24.505384417627656,57.515040011942354,-5.8640997934118175,567.7144133005328,-30.835788233323868,0.9929141174981875,0.8425357817977048
422,27.027372710242616,49.22471687169711,-13.91216425364635,570.1010848384487,-28.72347522995451,0.6736466512367405,0.8539290447458575
423,25.903905397632954,52.10534317736002,-11.165580199270769,569.0497006520839,-29.68235414721368,0.7469006799995903,0.8489097149720459
424,32.20764254709485,24.87708231895506,-32.50184252858571,573.4513105250452,-13.27365521478162,0.19924196622932255,0.8699265921167091
425,28.018179465848345,50.04004525985267,-13.124846783290558,571.1059294652898,-28.860656137682344,0.6912799406513876,0.858726684119214
426,26.44270295850844,57.6025153879716,-5.757985385459224,569.6406535769958,-30.639075420751343,1.0009512529734836,0.8517308718447218
427,30.09553413077716,43.152056417602985,-19.42154619559369,572.9287772734817,-25.909004971807928,0.5407023814574399,0.867431110655343
428,29.799768944657536,39.049065454485124,-22.923072820313713,572.4187683067489,-23.810520548176843,0.46364040504050913,0.8649955669772146
429,29.4783918164824,41.91364079183939,-20.51461303327796,572.2570317650271,-25.38862559275551,0.5180314858436648,0.8642232212434423
430,30.870052096118247,39.54649793180057,-22.48206964704422,573.5072127135826,-23.931446093697286,0.4704512080595939,0.8701935739619517
431,30.508844260929035,43.96152704840521,-18.69816585960108,573.3765826739502,-26.230157483716617,0.5558163118666233,0.8695697035966101
432,37.98468868717102,15.746929463453185,-35.18303334525193,577.5553287094322,-3.6894852901339714,-0.021307005725327288,0.8895308171082125
433,34.738838259986636,19.09452209609411,-34.74613971857457,575.0558185518804,-7.603413866214465,0.07385354984281417,0.8775901116711936
434,31.541658930361905,39.184754937251824,-22.762628131144453,574.1477881687972,-23.626070667379963,0.4621480806694956,0.8732529880054217
435,31.345264586223614,45.53474848292197,-17.270212389114636,574.2721336224847,-26.810330479309606,0.5860441726849903,0.8738468894791446
436,28.791407410690407,54.588428157795434,-8.710617493658054,571.9572296101619,-29.910925871813557,0.8180147639782824,0.862791599192192
437,38.95722407398373,17.91446353791521,-34.452385973752726,578.8980665582714,-5.5071688756921215,0.02403478550222299,0.8959465959320136
438,37.549432756390615,18.275535357514926,-34.58376056004566,577.6174805432566,-6.183014848802937,0.04064104028242005,0.8898277678450737
439,32.70039585371677,43.30637693605687,-19.229781300322927,575.5220639343265,-25.6227079842361,0.5384638949009193,0.8798172421976538
440,32.24542767346851,44.057914552279975,-18.576694278442073,575.105437773774,-26.03851326662528,0.5543239874956096,0.8778271246248174
441,32.6109050696923,47.766322045428836,-15.197220172487759,575.6153104142827,-27.5292478625101,0.6313859639125403,0.880262668302946
442,36.20175057068362,28.78590149450924,-29.985625980039675,577.8350089322245,-15.677839161810939,0.25745920130953587,0.8908670954240883
443,35.041710870590805,31.963068358509727,-28.041235684111303,577.033008865069,-18.329391187717956,0.32015340950278987,0.887035335646846
444,35.78471149820082,33.73112546966749,-26.779485624328295,577.9282339420496,-19.46437333116665,0.3503812703211568,0.8913125215293803
445,38.319579348807125,22.024582967168044,-33.1503602727101,578.9912816986613,-9.455740932459403,0.11695685451384402,0.8963920220373057
446,36.721675826100835,24.02621770613593,-32.46999548882706,577.7417830568467,-11.588202935497412,0.16453713229791478,0.8904216693187962
447,33.113576033969636,44.10799885790897,-18.514425982015368,575.9697537853443,-25.94260068112949,0.5535778253101027,0.8819558351389208
448,36.97124542952839,27.66956033993525,-30.56725920810638,578.4597718891827,-14.623181291875929,0.23366906241750035,0.893852271783343
449,36.56148783052622,29.662548029891067,-29.42895867384166,578.2825956998767,-16.30065241550155,0.27257313171871916,0.8930056883653554
450,39.1247472918095,21.08113501917147,-33.402553188816086,579.6159727106007,-8.413036165805103,0.09316671562180862,0.8993771983965604
451,30.799668916966723,57.16462818622244,-6.1477012745114195,573.9735299544151,-30.11181446055505,0.9350615531176991,0.8724207044884118
452,31.36316660147636,55.13847578476462,-8.142425927463297,574.5208199141248,-29.72590125949339,0.8338363567159794,0.8750346924265898
453,30.002341919850604,51.57145274123178,-11.632067640620818,573.115317501253,-29.067171003201338,0.7265465194806819,0.8683219628659271
454,40.53598855984913,18.345194393425828,-34.0595476086129,580.4812840121602,-5.529589493403666,0.02426273127991646,0.9035125205154615
455,34.78585335417831,39.85545774340475,-22.11629922569716,577.3966678572966,-23.515198213247483,0.4670934782248131,0.8887727712754177
456,34.151695723163456,39.394516513402706,-22.513169360372313,576.7407602701611,-23.349901811642184,0.4599095941129749,0.8856391195477323
457,33.94823278789555,45.666940148692284,-17.10169981177137,576.8650736349772,-26.520872323862527,0.5838056861284695,0.8862330210214551
458,39.364089802277114,22.282511858548272,-32.908466921446234,580.0467779457549,-9.448910600533276,0.11710881836563963,0.9014359717596042
459,39.86812207642142,24.752117205896813,-31.778624837165307,580.9083329480599,-11.533505035107051,0.16499302385330172,0.905553518485692
460,41.0336890671751,19.121717490800023,-33.75314816158179,581.1025482303247,-6.139278906793137,0.03919107043411324,0.9064817616739637
461,32.060756676157155,56.41352623164419,-6.877140118735908,575.2234974093712,-29.86390289597688,0.8874812753336283,0.8783910572069213
462,34.85084232355866,44.21114403569404,-18.386808510056603,577.698162731801,-25.75060584416554,0.552085500939089,0.890213256167128
463,38.54430431778419,28.000265965479485,-30.247342241981645,580.0430584640552,-14.57159569427555,0.23389700819519382,0.9014181963667909
464,38.30323107869464,30.006231260879503,-29.09041871925496,580.0418186364867,-16.228570972585334,0.27282640480504533,0.901412271235853
465,37.2657654933516,31.413437809343808,-28.269081879260135,579.1777093827731,-17.509302096485346,0.302800992537086,0.8972828742478898
466,37.87512442607948,34.090552632266586,-26.4153263780385,580.0393389808514,-19.34455405507107,0.3506851980247481,0.9014004209739774
467,38.824729666810505,29.313973356816504,-29.468072965767895,580.4738453694829,-15.578177926682644,0.25783911093902484,0.9034769697298347
468,35.90336829114162,44.32638322541084,-18.260871034213526,578.7537949280352,-25.657741182808234,0.5522374647908845,0.8952572058894265
469,36.368466829530185,40.06671395963261,-21.892753683697848,578.9801220757845,-23.39367936077679,0.4673214240025066,0.8963386958588655
470,37.335455152002616,37.310766566046375,-24.05827323681462,579.7496576050769,-21.591427360554267,0.41258258941523024,0.9000160551367392
471,36.629882484290206,37.20270870888726,-24.168645571627657,579.0459849435489,-21.63932805541053,0.4124812801806998,0.8966534219885403
472,37.07240236560407,38.91037157324717,-22.807876987158377,579.604813782186,-22.614444010622694,0.4435312851104713,0.8993238722181203
473,38.89073834272625,32.660928686038446,-27.343840126917296,580.9033740644131,-18.132595238322118,0.3207106102927075,0.9055298179619408
474,37.41070575372142,40.20994784950275,-21.742303091791424,580.0356194961763,-23.312483641437062,0.4674733878543024,0.9013826455811641
475,38.009780968794644,39.92049718207316,-21.957617361880217,580.6112381110888,-23.056742995692616,0.4604667949028923,0.904133601862827
476,41.248774696954634,27.06268836805685,-30.499315932003153,582.5648815705028,-13.224953854191213,0.20480192826449306,0.9134714949083645
477,40.90020461567161,26.484769023272158,-30.829709936030046,582.1507700540511,-12.806083183842953,0.19484970216169523,0.9114920008026964
478,39.942729975306484,32.84318153431495,-27.15803750223236,581.9565750588962,-18.07094900515565,0.32065165558088365,0.9105637576144249
479,39.890746565115364,30.09487928546827,-28.917837037669393,581.6071731888363,-15.986533588410762,0.26876544500502303,0.9088936779048472
480,39.40146274884911,31.954349000765774,-27.779403161868707,581.3353637123338,-17.5125185076098,0.3057233164266869,0.9075945164559225
481,41.41925474597373,27.35451525584044,-30.331509112813762,582.7719309189389,-13.433181403293597,0.20977804131589206,0.9144612419611986
482,34.710757913572834,57.24433100936585,-6.021448243689676,577.8628045982423,-29.690284993287776,0.9317038232829182,0.8909999018018779
483,33.969123878662835,55.18899267225101,-8.05964624401117,577.1136957488776,-29.440565952593865,0.8315978701594589,0.8874208239689005
484,40.923241129639024,30.500732677777222,-28.592093536136197,582.6748399026744,-16.099787671062614,0.27267901802548616,0.9139971203670627
485,42.46880277207022,25.187649277733072,-31.278114737164305,583.4901373901929,-11.337234071771022,0.16180540376049452,0.9178946047138368
486,40.303967127970296,33.43469524489756,-26.737568729402142,582.3706945906388,-18.434884686156515,0.33060388168368154,0.9125432517200928
487,39.21269294408663,39.352859103147104,-22.376564572822076,581.7623763050066,-22.537377925420458,0.4464536090000722,0.909635514426153
488,41.039088734808985,34.60668352995868,-25.882973906553087,583.198882375806,-19.141782885213242,0.3505083338892772,0.9165022399314291
489,43.37451216734387,22.86620085473105,-32.13011115390315,584.0012727384482,-9.051207177041194,0.10885665315369808,0.9203382204136408
490,38.05305371870594,44.64544896478999,-17.927994054200777,580.895935734039,-25.50801782616476,0.5542869899518157,0.905494267176314
491,41.93983620645497,28.227263383342656,-29.817730721213593,583.3930533250882,-14.052478004966716,0.22470638047008873,0.9174304831197008
492,38.519156593588384,43.963706138355235,-18.516438420715073,581.3279257021592,-25.120834479814956,0.5392996960857952,0.9075589656702957
493,44.04807368178805,23.967156815795732,-31.6044822132234,584.8293259058167,-9.891447313198748,0.12876110535929375,0.9242972086249771
494,40.17246179453908,39.95987767454773,-21.853478864253002,582.7502230728978,-22.74181428459369,0.4556974750822462,0.9143574721380754
495,38.826773504466054,46.972753879681925,-15.81578863496309,581.7574178431262,-26.413607461691626,0.6021711954394777,0.9096118139024018
496,39.54220599744657,52.20004513947837,-10.887877056060903,582.616346975919,-28.097304014431923,0.7279141941468426,0.913717510366614
497,36.01027077908175,57.8880822519757,-5.3659777433432785,579.1553905389139,-29.627768340240923,1.0035301315144112,0.8971762218910095
498,39.28537273203963,46.32571111896801,-16.39397841036024,582.1893707261636,-26.084156527660866,0.5871839015734572,0.9116765123963835
499,40.65330518994248,40.26019332913428,-21.592458163569965,583.2441099831689,-22.840558561442364,0.4603194081233332,0.9167184509940368
500,40.4240097288408,45.64270582647637,-16.985377304483457,583.2893373865712,-25.631293012603177,0.5701304823573892,0.9169346620566445
501,44.2741645651213,26.2568548967647,-30.571782809006674,585.4017884847725,-11.868904465715309,0.1751399328682876,0.9270343889864114
502,43.84294682622304,27.46941782323257,-30.027827074988668,585.1462597555111,-13.008815577187795,0.20161430817168585,0.9258125811365093
503,39.66442683387676,46.0982658253896,-16.59164151653586,582.556039680331,-25.935472001650318,0.5814994285014348,0.9134292289498038
504,45.622912160933765,22.831124200551287,-31.80967973234043,586.1683356009216,-8.483119430879494,0.09571680695809298,0.9306998125361174
505,46.08785330719811,27.325796008559056,-29.856810998598057,587.3130751813791,-12.389474096825397,0.18847446197608075,0.936174173258986
506,41.54045254554105,37.91530797860509,-23.418973775821225,583.962282648376,-21.275997761732903,0.4123467705679356,0.9201518137466748
507,40.93702415493232,41.86304646164945,-20.25624299923626,583.6258156610901,-23.69056961552867,0.4912386264626623,0.9185432379016596
508,40.75074429228945,43.147306321336295,-19.16862224604576,583.5136574903864,-24.39149704020582,0.5175359117609046,0.9180070459533213
509,41.07750004902397,48.49442509271218,-14.370489609262927,584.052730774892,-26.706020014111637,0.6319689190360476,0.9205842358718901
510,44.878576528702105,26.61361910824028,-30.33439501692884,586.0389245389719,-12.043713250760602,0.17958477590421867,0.9300809837439363
511,36.87692982030643,58.08140067467229,-5.162790721709945,580.0170220527401,-29.554506961757344,1.051414337002073,0.9012937686170972
512,41.808721157725344,39.5463882850723,-22.128313938181222,584.343960996537,-22.236932107741218,0.4432659889072648,0.9219766006542978
513,44.81855032649051,31.01920785933004,-27.975460790044917,586.5466155961003,-15.728169941115093,0.2678975878862753,0.93250874970928
514,43.24182121990234,39.74485111972362,-21.916178843389275,585.7783528080408,-22.123386622152832,0.4432162118326037,0.9288349839774744
515,42.178673824399816,41.21763151017692,-20.75618594321876,584.8215328114928,-23.14424352763635,0.475214562561089,0.9242599477013235
516,43.08884021786043,36.49975005716654,-24.413095216858,585.3973106069557,-20.081023027693433,0.3803318274812298,0.927012977797218
517,42.83173560870386,37.31282775014268,-23.821517263134467,585.2059117284634,-20.665280534147115,0.39683738432360977,0.9260978036160403
518,43.48532593322732,38.93998406927505,-22.541687016099484,585.9697407592785,-21.593582652596016,0.4267106549902236,0.9297501581586526
519,44.629278260467075,33.92238593885857,-26.143365362353023,586.6727057557185,-17.984129465530113,0.32529118152900277,0.9331117287670008
520,43.62508061618385,34.88100438890932,-25.54580334089335,585.7800974033737,-18.864329602954594,0.34732071379646995,0.9288433261595739
521,48.81723525347089,20.835690837974425,-31.879564685375126,588.8458185295747,-5.8328155569845865,0.02962821015569156,0.9435050203583981
522,39.92580831077974,56.32052416621532,-6.863626651125258,583.0433050543838,-28.959830308889174,0.8686444867202279,0.9157585083368445
523,40.27993946425872,54.29722140067296,-8.843940212764668,583.3797915817181,-28.527649762782872,0.7897526308255012,0.9173670841818595
524,43.301116915561956,40.810073656155716,-21.05286829701153,585.9053636570258,-22.738485472683575,0.46417767328306153,0.9294423193708935
525,45.13197157610358,33.44794917662436,-26.425425141080304,587.118980128472,-17.53757143835182,0.3142764153952691,0.9352459300707142
526,40.655874467117414,55.19537957928909,-7.959310677653951,583.761492096516,-28.670960681412293,0.8206718491648304,0.9191918710894826
527,49.617468943649456,20.39702612403869,-31.831312300005735,589.5150774989137,-5.214310409687595,0.013106060955091148,0.9467063223139682
528,46.00568271648643,32.59478987844178,-26.915086391794503,587.8845625658372,-16.721073477867197,0.29431665532893875,0.938907367774019
529,46.245915875480804,31.303342477163564,-27.68903140434444,587.9806923116779,-15.66263640549318,0.2678478108116141,0.9393671330324569
530,45.43105477880628,34.96816764499958,-25.381052860982013,587.5646790261978,-18.592720868248097,0.3429038931574451,0.9373774741434935
531,49.77059456067473,21.10180679144894,-31.62907627349433,589.801673150859,-5.844347096216592,0.02959502543925069,0.9480772759071826
532,41.67977088730483,53.03999073995917,-10.044928601863704,584.7516233638513,-28.06023913919303,0.7481175185020152,0.923925692689464
533,41.5397072849286,53.886838260599326,-9.225572192608883,584.6234928907011,-28.284758555985164,0.7742432445811751,0.9233130740512253
534,46.161795561131704,33.52184764129149,-26.308269529543296,588.1391365006081,-17.39305438461871,0.31195149010167494,0.9401249427846552
535,46.69138343676875,29.521724510773243,-28.663346758878134,588.2043842545265,-14.119644664182793,0.23037526173270267,0.94043701441168
536,47.00345068400148,30.63225898095736,-28.016173891870064,588.6500090652868,-14.964362375121116,0.2513256616110136,0.942568434988027
537,47.651183663127526,26.104821613276087,-30.231058864913685,588.6517531607059,-10.964534276548466,0.15543016357488004,0.9425767771701263
538,47.32196526914758,29.657898598544136,-28.528386913597053,588.8416715956514,-14.096119786366856,0.23035313858840883,0.9434851847775364
539,47.98782289546806,27.759360884032578,-29.431422604374433,589.2249856580321,-12.337525369856937,0.18840809254319896,0.9453186843565552
540,47.194061909329996,31.49520147062608,-27.496441084002896,588.9366294632156,-15.619215168646535,0.2678146260951731,0.9439393885812415
541,47.09185892862218,33.35787648069038,-26.350273228958436,589.031586430841,-17.088968585780034,0.30527611360193757,0.9443935923849465
542,47.39279469593198,32.35955905558218,-26.956575440442723,589.2232416623546,-16.26184232519015,0.2843035905793327,0.945310342174456
543,49.347741400737924,26.658688915500516,-29.772450055751833,590.3730960629988,-11.061368046031886,0.15846845244370328,0.9508108409115122
544,48.89341467192827,27.018889686789194,-29.66967748565249,589.9904072146771,-11.484989434229497,0.16844833247686863,0.9489801220598598
545,48.718974497685586,31.139215471733113,-27.575436803446557,590.3713522672085,-15.017928811533647,0.254363950479837,0.9508024987294129
546,47.83445807185168,31.949011200756967,-27.173352716602626,589.6059598173064,-15.849217079748826,0.2743237105461675,0.9471410610261083
547,49.619258414641216,26.213599600234833,-29.92769555124585,590.5638602281253,-10.60117457135211,0.1474838434618671,0.9517234505983935
548,45.04740240212186,48.76081474524912,-14.041759584710766,588.0054872625668,-26.28151486205322,0.6302306764694605,0.9394857219917868
549,47.787826252985,36.252937980612515,-24.34462434200527,589.9869194894383,-19.071043372726017,0.36023932854913593,0.9489634376956614
550,47.001278327385414,41.40437380788788,-20.434622691590317,589.6024719580431,-22.49207928242691,0.46611470661843474,0.9471243766619096
551,45.32734724668404,48.046120841371184,-14.694710858574894,588.2608591296155,-25.968382140523694,0.6129223677766689,0.9407071281353439
552,50.682007348664385,26.351908008150875,-29.724974665148405,591.6119326741365,-10.474330505431082,0.14478315568820027,0.9567377058760683
553,46.150992922324505,45.15323442668599,-17.276535389304303,588.9634373280658,-24.591386799570273,0.5466781720311324,0.9440676171210894
554,48.21503447690092,35.82365404823619,-24.62009991741474,590.3696084710162,-18.690575854659084,0.35025944851597063,0.9507941565473136
555,45.623637756604204,48.853265917169686,-13.943537654776007,588.5793381003725,-26.23975660847658,0.6312434394257349,0.9422304099055823
556,50.94298887315951,26.860667538495424,-29.47585494393522,591.9451935454256,-10.86695505112666,0.15441742078320309,0.9583322238280245
557,48.35479322617432,36.3671679622874,-24.229999221239698,590.5599851996475,-19.046950684051808,0.3605849502088308,0.9517049124159506
558,51.13238389733679,26.912228306418587,-29.42847489465508,592.135734047171,-10.868634022337972,0.1545319385032065,0.9592439066057837
559,46.757534593983216,45.925564858531104,-16.578131315588656,589.6007280278911,-24.864253877942836,0.5620102046545683,0.9471160344798103
560,46.55596145060493,46.13178949923946,-16.400250661064618,589.4093706779815,-24.986561297808084,0.567000144671151,0.9462006750539842
561,43.386013072457935,58.13287372532781,-5.017105451642784,586.4829118313212,-28.827455186951106,1.0108192581160327,0.9322041131625332
562,46.56639988004765,47.485028168977834,-15.180727524634488,589.4725755498762,-25.57102067360865,0.5973019973443345,0.9465030141352265
563,47.373179409334895,43.89117043251674,-18.338300945223853,590.1115777059066,-23.785885316773484,0.5167385319316369,0.9495597736760465
564,47.16324345166663,45.51329193563607,-16.933001758262492,589.983431762711,-24.61441237133521,0.5520303246214031,0.9489467533314626
565,46.967906143929774,47.085051312930446,-15.533887298106778,589.8552841802343,-25.347242255496216,0.5873221173111693,0.9483337329868787
566,49.408960262963156,36.51847705240817,-24.062937023869495,591.6080580511326,-18.958421285069367,0.35995659546945696,0.9567191676936252
567,47.56997940557341,45.09913636492411,-17.286347256224484,590.3661208775318,-24.357689594986322,0.5420504445882379,0.9507774721831148
568,47.935253824291344,43.62141951205464,-18.551825269934877,590.6525565866589,-23.561149015994477,0.5095909481094614,0.95214777707712
569,49.79413350719853,36.058741515225606,-24.364027124399858,591.9417065008319,-18.560568204186136,0.3493169164069098,0.9583155394638259
570,44.689238829140656,57.69599246188656,-5.430855165652868,587.7778889536027,-28.62186498560649,0.9414136346246216,0.9383971789336885
571,49.98951436246545,36.04869933542372,-24.359813685757068,592.132247068932,-18.516039461783105,0.34839526760976675,0.959227222241585
572,48.00281412015395,45.11391499595066,-17.261278570189972,590.7948995084109,-24.301337390630344,0.54130894888814,0.9528287584330728
573,49.23719480116409,57.87446128968381,-5.178242001400429,592.2946084381957,-28.1183354399363,0.9435803528582511,0.9600040892168759
574,55.21598939165323,43.05400552513311,-18.774561414390956,597.7978152729561,-22.109188466544456,0.47708411370024245,0.9863432965160625
575,55.38686144267359,45.17433315421493,-16.984015122049033,598.0830703569235,-23.22228651806454,0.5233406870552793,0.9877089668644567
576,55.42252066910803,44.501407265286105,-17.55708441683703,598.0830703570074,-22.867910789125986,0.5082422606625738,0.9877089668644567
577,55.3494724342372,45.878480148563504,-16.37596201100162,598.0830703568345,-23.579471935563426,0.5393272561769671,0.9877089668644567
578,56.384090003753926,42.936051762241355,-18.82588924529144,598.938786795582,-21.851038449769476,0.4709408664811759,0.9918059779096398
579,57.49947808042974,43.74997679507431,-18.109428042133537,600.0796281466247,-22.132050968920446,0.4855209496050384,0.9972686593032171
580,58.14505736733205,42.69918550988955,-18.942797688590634,600.6500000080284,-21.424166737520938,0.46028435460513367,1.0000000000000058
581,58.24114161964515,41.251004247520086,-20.08352642473794,600.6500000082052,-20.527429981188583,0.4283112163617567,1.0000000000000058
582,58.05521722236844,44.12919597111799,-17.773246456905586,600.6500000078473,-22.25128385599429,0.4922574928485108,1.0000000000000058
583,57.104634974480895,45.68329449547618,-16.487765517362494,599.7944300121658,-23.217554991718277,0.5301123853483676,0.9959029889548228
584,57.140198355910115,44.98216290175132,-17.087234741599634,599.7944300122568,-22.853448684945167,0.5141258162266791,0.9959029889548228
585,57.069600635464994,46.37575008648887,-15.887501541961194,599.7944300120745,-23.563227567852742,0.5460989544700561,0.9959029889548228
586,57.85494279019198,48.239777910371174,-14.208377595714753,600.6500000072951,-24.297982423926605,0.588176907578642,1.0000000000000058
587,57.91131018868622,46.907390489052084,-15.394341127370193,600.6500000074789,-23.689873014214403,0.556203769335265,1.0000000000000058
588,57.4451365692657,44.698404938041264,-17.31788255688278,600.0796281465036,-22.655873149880446,0.5068363751006228,0.9972686593032171
589,57.978351853436884,45.53460264145628,-16.586538884794777,600.6500000076635,-23.00708479532124,0.5242306310918878,1.0000000000000058
590,7.118420699820804,20.93086720453593,-36.58050169916783,548.3707292984172,-14.828989630826428,0.21156927466732434,0.7502942959317174
591,7.1277084228792065,20.411984188289168,-36.847488232741526,548.3089522807046,-14.3880704911923,0.2027440664306944,0.7499999999999936
592,7.0343759960414625,21.108902174706394,-36.47931477401483,548.308951715248,-14.986193788413361,0.21470523220616772,0.7499999999999936
593,6.957548898894725,21.870831217491386,-36.02834480537237,548.3089535781625,-15.604156081824097,0.22733201459319588,0.7499999999999936
594,6.776343269051005,24.735326802465785,-34.29521225717599,548.4468940180151,-17.886607087456266,0.27440721628601933,0.7506571451033813
595,6.240958435783687,32.49365794240086,-28.791093607390074,548.5992217341878,-23.369430348973626,0.4000830995234093,0.751382843446709
596,7.166044162572184,26.39324838302677,-33.18687108997271,548.9908178019615,-19.060361999904625,0.3001579820037797,0.7532484807471623
597,6.679088331870853,24.315787205532473,-34.566627321270374,548.3089530727748,-17.581990038522413,0.2678769971534566,0.7499999999999936
598,5.663735371567759,36.928199188942415,-25.17320813446859,548.308952531413,-25.978632945814887,0.4741493684014586,0.7499999999999936
599,5.987267608964265,32.01051663831539,-29.165668125816403,548.3089454970957,-23.098769280745092,0.39284532045009246,0.7499999999999936
600,6.5285598490413985,25.926476839603907,-33.4687268362597,548.308949953056,-18.768763853907895,0.29403386425010986,0.7499999999999936
601,9.341134990916846,15.694882129867423,-39.07740311833097,549.8773007570295,-9.948431967068387,0.11507253152059627,0.7574721194839761
602,8.147991036512684,12.97472367163258,-40.29161580366599,548.3088624934535,-7.737381482750466,0.06900446502835555,0.7499999999999936
603,7.731744227682004,15.710542125803528,-39.21247029580646,548.3089106389057,-10.283650525404193,0.12090452319623715,0.7499999999999936
604,7.844904541884485,21.490624578204244,-36.216752664219136,549.1485306432304,-15.151879401832787,0.21877645243461735,0.753999874811557
605,10.431952932663943,15.686990855931914,-38.97840258647822,550.940481843704,-9.724578158526406,0.11111851361545994,0.7625381236678278
606,9.304153384917509,22.60495233532783,-35.47907769395391,550.7039536372572,-15.788621490382909,0.23319080796920338,0.7614110325712359
607,6.919298566576393,31.192219937718857,-29.767900233119846,549.1703214489781,-22.434583099148508,0.3777607081785505,0.7541036940547337
608,6.749711212849642,35.93817384513712,-26.025472455924376,549.3498219055165,-25.350092447350697,0.45536343435332133,0.754958907362305
609,7.07985237362786,32.35428407395159,-28.87843076503069,549.4205135564572,-23.158188601337216,0.3961874864551879,0.7552957153599323
610,7.4126274616069665,34.65654219656021,-27.057059955185466,549.9208791765319,-24.51809319413735,0.43304104300846263,0.7576797579703295
611,7.261368589013854,30.542401185105174,-30.243999018372055,549.4558591963571,-21.95397443761863,0.36659951250612116,0.7554641193587459
612,10.782084791766671,16.782711757899474,-38.450733242862654,551.432611497427,-10.620905412563433,0.12948688705518235,0.764883277243655
613,11.492945195288375,19.0154940139315,-37.30607324539193,552.416798832151,-12.414283180607807,0.1662236339346272,0.7695735843953094
614,11.566244262996157,14.095484619429389,-39.53587299979102,551.796920705264,-8.067331498836973,0.07763492659817184,0.7666193995798646
615,9.344588447278873,26.680466517267195,-32.901709205010214,551.1689161404021,-18.911864205405173,0.29963233847154475,0.7636266711828195
616,8.68004487925035,29.336523336860296,-31.08172381783993,550.7529209604568,-20.91483824696011,0.3441019066505175,0.7616443667786562
617,5.240246482714598,48.729177888476144,-14.579170831293645,548.4317900265338,-31.064406455362494,0.6926861913669524,0.7505851893858967
618,5.132163075451906,48.20239180897011,-15.080618476968885,548.3089529903024,-30.913857231062945,0.681609594813633,0.7499999999999936
619,5.111763532236265,48.947385584513654,-14.370643018359287,548.3089495117302,-31.13891701603231,0.697772920555822,0.7499999999999936
620,5.534601479343753,45.30299791629316,-17.8056335185166,548.6064708609198,-29.894182028593914,0.6222065903343976,0.7514173789947642
621,5.190637611947636,46.71917578654837,-16.480185630776568,548.3089515728012,-30.422065158402923,0.6509750557204292,0.7499999999999936
622,5.097083748781697,50.62030287936939,-12.74459717385222,548.3089526095915,-31.527959610369425,0.7422469092699974,0.7499999999999936
623,10.04037002696526,24.060263886477422,-34.558223273938474,551.5848941790003,-16.80749379586737,0.25516277029257234,0.7656089755869827
624,9.43820521521253,30.79458952652219,-29.991710092513646,551.6338572293212,-21.787364716686525,0.3660738689738862,0.7658423097944032
625,6.149317170075593,44.173564800151375,-18.842384998940204,549.1775701658103,-29.391503320483796,0.5998841989895389,0.754138229602789
626,5.900325803577976,42.34221272225634,-20.508680794394596,548.8542606216017,-28.662050312415076,0.5665922050073722,0.7525978884506112
627,13.029220171143319,13.60605903686559,-39.56372163541553,553.1453330576024,-7.318735167430912,0.0625197130206061,0.7730458290677286
628,10.409259840197443,24.789817771963367,-34.08389231413493,552.025335622276,-17.3074360136199,0.2661487514542567,0.7677079470948562
629,8.209905031099147,36.0732811932817,-25.887940063835785,550.8018880461092,-25.22616419083674,0.4550130053318316,0.7618777009860764
630,7.94290575268537,35.60365282319607,-26.278449498898063,550.5082269644266,-24.995290640422493,0.44768901789070853,0.7604783866474941
631,7.9042568493683785,42.46527237221102,-20.37635851754351,550.8508548942394,-28.472570384906447,0.5659241040131455,0.7621110351934968
632,8.606576450537148,34.32419097167711,-27.297027869445103,551.0792187255545,-24.151676719199955,0.42536662654584984,0.7631992372555189
633,8.610233404045356,36.77397320229862,-25.301141423321944,551.2423636533022,-25.56279989003363,0.46599898649351595,0.7639766724939501
634,6.808254776292866,47.04030397225416,-16.168664136560643,549.9281273546136,-30.36209385912201,0.655164533819451,0.7577142935183849
635,6.731924045220584,43.6086016880481,-19.35259047538012,549.7353625513991,-29.096341381122812,0.5885641673307411,0.7567958314663584
636,10.355425249606697,29.086099566708334,-31.19971959900506,552.3950875163614,-20.474660621051292,0.3363106805140747,0.7694701106051025
637,13.722632121402748,15.69564990218975,-38.65174349856182,554.12935338664,-9.067325427657273,0.09925645990005094,0.777736136219383
638,6.5386027648749465,50.2462467209267,-13.112519660387393,549.7534693790677,-31.35093399727758,0.7256441348520057,0.7568821039095172
639,9.229522609328775,37.05107991334117,-25.060206372650644,551.8731320729523,-25.630498556710936,0.4695441705402475,0.7669825942044981
640,6.925210991980367,49.8653681743151,-13.478171595799997,550.1275255397559,-31.206791461259368,0.7162637204651303,0.7586643799426392
641,11.122474765119824,30.540978507957735,-30.125161184902048,553.2758804786145,-21.354850742945604,0.35828264283744377,0.7736680536208494
642,11.516312705577864,26.97231080384395,-32.609586749754584,553.346544641719,-18.764468573125356,0.29910669493931025,0.7740048616184767
643,10.817801031940391,28.236969471427347,-31.777758141123375,552.7756811309636,-19.799098127046403,0.32142908628416894,0.7712840110104522
644,5.374683108863555,57.11613356707212,-6.382264523082085,548.68071137029,-32.754601248862805,1.0169429533691003,0.7517710694409243
645,5.0,57.02653677375795,-6.479908466415473,548.3089287624355,-32.780493403871766,1.00404613491065,0.7499999999999936
646,5.005120272253052,57.43162702626192,-6.077996443247975,548.3089475141514,-32.82297428340718,1.0941952113061584,0.7499999999999936
647,5.006663147532638,55.25012510594747,-8.23336917741105,548.3089498180462,-32.52359406839195,0.9030471018218968,0.7499999999999936
648,7.757467983688917,51.48987803155204,-11.90275727344931,550.9886069177667,-31.534366806786604,0.7547392223175908,0.7627674498417033
649,9.367201412073065,43.963636467040814,-19.00447848477698,552.3625204549115,-28.92676536755942,0.591441250383246,0.769314899919792
650,10.46956941775258,37.599947642589626,-24.579242220068927,553.1345506678351,-25.761090460558822,0.4766345386337107,0.7729944376255949
651,13.444551975990011,26.342525233648992,-32.9345623153995,555.1785389429482,-17.967550286790082,0.28387467168791464,0.7827375556475978
652,14.3936846817182,22.081172947442845,-35.45605007770731,555.6296757509618,-14.434794375048021,0.20981712955987525,0.7848882640505748
653,13.674624092671454,23.275477601633032,-34.82116658992531,555.0589414137183,-15.537976009978095,0.23213952090473394,0.7821674134425503
654,9.042529737777876,49.69581323789498,-13.628564060327331,552.2211778526672,-30.930673335582107,0.7097931461795128,0.7686412839245375
655,8.875195151675266,46.86326457918157,-16.32106658897079,551.9764832011037,-30.068264123443818,0.6488446062580138,0.7674751310668906
656,8.611327213201129,49.18875224437037,-14.117853168972443,551.7807449551341,-30.832875241203883,0.6988071650178285,0.7665423124166639
657,10.099294308038289,44.69112392506196,-18.33120915251869,553.1182683433129,-29.1293390946517,0.6041998235682964,0.7729168322829396
658,7.037652334107289,57.077240835046645,-6.406288475137449,550.334167674218,-32.58640943697989,0.9994863979217985,0.759649001914949
659,5.002593198290997,57.629953180154594,-5.881298810389968,548.308918723392,-32.843087929371315,1.1424554510398228,0.7499999999999936
660,10.971597932712607,41.45767158651731,-21.242623701497063,553.8413248746475,-27.637034511210015,0.5430176642991373,0.776363208507807
661,11.780128028664159,35.092205185175004,-26.61150808565548,554.2762047943809,-24.15483218526079,0.4319897559439932,0.778436138841644
662,14.390983738560532,24.70610828130655,-33.91753526005654,555.9395018603956,-16.54298030096438,0.2541114832281029,0.7863653564582973
663,14.88284368232912,20.446681565888277,-36.30252293663058,555.9068737794254,-12.978613048271043,0.1801707507738935,0.7862098003200172
664,10.619071510810958,44.435064398806,-18.562385633781336,553.6238778856,-28.965855808600214,0.5985316184767091,0.7753267433408887
665,10.361974154881931,46.67266966237391,-16.489260499815796,553.4499169203592,-29.831611640686813,0.6429427818187667,0.774497571207354
666,11.243301401262734,43.29983568002913,-19.59112242583502,554.1946934137643,-28.422689939719454,0.5762092271318504,0.7780475939489132
667,15.849353839359416,22.32085676429265,-35.22107888701072,557.0808385919727,-14.358492412532822,0.20946670053838545,0.7918070576743463
668,14.886100932663684,25.663355455057314,-33.294816234669035,556.5264994506307,-17.198962936524143,0.2687594581103489,0.789163985135462
669,15.888147216352456,27.57520626948757,-32.00441538849529,557.7003921329814,-18.47303637470085,0.2980554078748408,0.7947612424897912
670,16.575233403701297,20.317829585330863,-36.23124386010817,557.5482017367626,-12.54128454788167,0.17237952463745082,0.7940355441464634
671,15.873369573900836,17.30482343110887,-37.73399706965935,556.4612469812187,-10.063658298623537,0.1208779932019301,0.7888528728589015
672,18.062301674206882,16.535070185831465,-37.83605480361273,558.482863036502,-8.926407443491863,0.09820517283558156,0.7984925170906976
673,19.238952176748356,11.847304880264137,-39.344937460814165,558.8740757136268,-4.352149189110882,-0.0017199446840480692,0.8003581543911507
674,11.808524981466892,45.4637847337642,-17.604223067681804,554.8415931331338,-29.223483243423313,0.6167247774056868,0.7811312937286017
675,16.93335930456945,21.859884048030818,-35.39336339159888,558.0916351762875,-13.771034435073341,0.19813029035521118,0.7966268797902443
676,12.914974918247964,41.60646044492305,-21.086459846766854,555.7765053192056,-27.458523582205874,0.5425504256038174,0.7855882666728358
677,12.517083595686216,39.49366801477617,-22.93481924450702,555.2764299374392,-26.480519142314932,0.5056968690505426,0.7832042240624385
678,12.283009962100136,42.773954635904914,-20.053215981737107,555.2057792901747,-28.0666933319164,0.5648728169486761,0.7828674160648114
679,19.17674700938911,15.040897493239592,-38.292611245273385,559.3386617919429,-7.333792639976508,0.0647215858182934,0.8025737930027343
680,13.33702303704673,40.81577561979528,-21.775068371911374,556.1569713977958,-27.029212651027123,0.5276688313739117,0.7874021670781853
681,14.185643432864076,39.21246804700848,-23.145285991585183,556.917860497143,-26.1144436412446,0.49790564291410006,0.7910299678888848
682,14.349299542102791,33.156338089709074,-28.063874824737837,556.678705268342,-22.580297413609692,0.3944353413477389,0.7898896834787896
683,17.296944975948335,22.561050035847305,-34.98274052748561,558.531792616484,-14.283045681537798,0.20911627151689566,0.7987258512981179
684,20.399227138849625,12.102069256583427,-39.099212621917815,560.0336697781659,-4.3339158075752175,-0.002139682230780926,0.8058885180648858
685,19.73590266149838,14.32837191090524,-38.4788657432233,559.7665339221248,-6.557321790828673,0.04797979230964938,0.8046144309587527
686,14.967514577384426,33.442132933152095,-27.82235305391739,557.3091339065934,-22.6724216565659,0.3979805253944703,0.792895605189338
687,19.949579987849724,15.19799465182103,-38.139177518794746,560.1117036916866,-7.311197618436101,0.0644417607871382,0.8062607021185576
688,14.95532017766713,35.85323673648688,-25.92224668982966,557.4721781245579,-24.14879706989365,0.43861288534213655,0.7936730404277693
689,15.0031313440708,40.536290014150424,-21.991051297119725,557.7982586508873,-26.675317494212944,0.5198776052374687,0.7952279109046317
690,15.358919116019367,34.14742725518544,-27.26558753007655,557.7493255107041,-23.056720323557364,0.4089665065561547,0.7949945766972115
691,13.537787320664071,44.62456294617673,-18.36026859859368,556.5265719046552,-28.68957541117201,0.5978307604337296,0.7891643305884318
692,12.991825010018156,49.39117963946085,-13.89542498014789,556.1352681291557,-30.40621516938959,0.6977558779533592,0.7872986932879785
693,16.64483782502313,29.006601989517588,-31.001153044450213,558.58072195889,-19.39234660732731,0.32002737019820976,0.7989591855055379
694,10.803893170699942,57.02860518581205,-6.441252507271069,554.0806198577957,-32.20297589766556,0.9755592681888792,0.7775038383708719
695,10.362209110746658,56.91699815268496,-6.553968788614318,553.640268106697,-32.234894180721355,0.9645732870271948,0.7754048668629985
696,15.621673601152146,34.614789744180584,-26.89244599999684,558.0427759032239,-23.306749099797713,0.41629049399727786,0.7963938910357937
697,14.01439686483457,43.29318865645351,-19.5628872616202,556.9504853072281,-28.077627674112193,0.5718463753683092,0.7911855240271649
698,13.96065759423144,45.219958941885096,-17.807251835187458,556.9667976726886,-28.874073848889026,0.608816741595414,0.7912633020963051
699,17.02567615475899,29.720267532737708,-30.48929196250065,559.020858044248,-19.839426137384116,0.3310133513598941,0.8010581570134115
700,18.03372484196335,23.965777027484382,-34.13354390390416,559.412049841685,-15.294181090784138,0.2310882338402645,0.8029237943138647
701,17.545396858180176,28.799946912182932,-31.102415181169757,559.4487436661,-19.090919435389164,0.3142715578512501,0.8030987949694299
702,18.0374496438083,26.568902107137138,-32.54639662192958,559.7217597418721,-17.33990992049385,0.27538258750849226,0.8044008867215872
703,17.056081336096042,31.048474124026846,-29.542206303350653,559.1757201944854,-20.760511053996826,0.35316052819400806,0.8017967032172727
704,18.06535780814106,27.884401782829435,-31.691344142867337,559.876611122927,-18.329026128542015,0.2975297643426061,0.8051394329254484
705,14.179990154925951,48.28611723757849,-14.938998637668288,557.2847386277303,-29.93280397840881,0.6715962783771938,0.7927792835385975
706,18.5543748580747,26.641198493862436,-32.47072748607087,560.2371080067902,-17.304927045024083,0.2751960374877221,0.8068588261321361
707,18.314875314811115,28.90140747561369,-30.996920290506576,560.2217771222429,-19.033957774157756,0.313991732820095,0.8067857040852534
708,14.7742603967897,47.71439784043354,-15.472912256664806,557.859424742129,-29.67790655085896,0.6585164785891113,0.7955195786639071
709,15.093978678197418,45.849361840150145,-17.211469776731825,558.1324838675986,-28.977300141652698,0.6196275082463534,0.7968216704160643
710,13.3936833665669,54.79883706209207,-8.634518415059496,556.6366844883731,-31.617741347958756,0.8473807324666862,0.7896893325551273
711,15.612279374947281,44.95111442716012,-18.037070373919587,558.6079531168907,-28.56680989550265,0.6010255154589712,0.7990890459227514
712,14.942243445543177,48.66322276873302,-14.574297366768086,558.0618532273417,-29.963953760292682,0.6788034561444869,0.7964848624184371
713,18.34014222026562,32.52242114798659,-28.41253014254269,560.5712523622469,-21.55010179518916,0.37494594049660684,0.8084525856435687
714,20.510221084324108,23.49600729251535,-34.22158018532537,561.8090294115366,-14.44357486151742,0.21524366147977414,0.8143568387017275
715,19.464711309727946,29.052640821345584,-30.836978036564364,561.381216125555,-18.948794971797124,0.31357199527336205,0.8123160677589885
716,20.985811650762994,23.146494372086728,-34.377662178453285,562.2344856201125,-14.06496865919528,0.20760120033068413,0.8163864517798356
717,19.815149811310473,28.768387360369882,-31.011384822097096,561.7003235176553,-18.681265031476823,0.30784014941154464,0.8138382775675695
718,19.108493533653988,32.61055574843398,-28.318035211048777,561.3441997134855,-21.48708087144348,0.37466611546545164,0.8121394947593922
719,18.935242667099374,31.937160461502202,-28.82123300088565,561.1141159924737,-21.064514599624836,0.36369146981379236,0.8110419806528555
720,21.377753334921564,23.62803518365522,-34.08272643898528,562.6772602615263,-14.385730459219598,0.2147546154077984,0.8184987724254261
721,22.16839224519516,24.58710799268833,-33.482232976101464,563.5627511534749,-15.020372575560922,0.22906144556202684,0.8227234137166075
722,22.892563292204645,18.218350195100996,-36.59781398290366,563.4240712945484,-9.422552811979829,0.11069443575239285,0.8220617531767465
723,17.79559255253861,43.76194275943793,-19.091680714108335,560.7242108321819,-27.805074346048798,0.5746322965351462,0.8091821652558848
724,23.568451575080417,18.1506754570455,-36.54921787745657,564.0708135431352,-9.219426818906813,0.10662868214186,0.8251475265776498
725,24.43074863793878,16.624974793796554,-37.04233332349855,564.6828484450762,-7.650569790684295,0.07297117607891862,0.8280678848435878
726,23.665764956582898,19.135829024118777,-36.117769488871595,564.3094965255277,-10.078417475673753,0.12500126590662136,0.8262863944679277
727,23.858705581101944,21.1536923005429,-35.16417777825149,564.7868455167813,-11.803780296392919,0.1617464334361441,0.8285641302484836
728,18.313460471015745,43.79615780082162,-19.053320303537497,561.2395078322905,-27.754586724907725,0.5744457465143762,0.8116401046664339
729,21.81870976696091,28.374469667511903,-31.16966302894667,563.6407577348356,-18.03968500651259,0.29564288857994586,0.8230955977702795
730,21.539336508075138,32.22276062586831,-28.511793138097925,563.7187637119142,-20.835325931904457,0.3622243315978649,0.8234677818239515
731,22.478273923612058,25.902491036782738,-32.68856105160319,564.0228014899936,-16.015284728693246,0.2510107368653453,0.824918441929681
732,22.637906705027714,26.562184366236867,-32.27699647519477,564.2528187766305,-16.504891090777768,0.2619853825170045,0.8260159560362176
733,20.40193906740371,37.23920262247077,-24.662242551904587,562.9546386369577,-24.166746563003866,0.4514886350270661,0.8198220935051488
734,20.586747271187562,37.88781919607799,-24.12647225067809,563.1846803226525,-24.507557859978245,0.4624632806787253,0.8209196076116854
735,22.590697508450763,29.763412664645983,-30.201735612343647,564.5348305119456,-18.929114854041607,0.31734765684727645,0.8273615928452022
736,20.9411456245478,38.127520684459526,-23.920606283488116,563.5507365869231,-24.590592099748637,0.46595848053861993,0.8226660902217638
737,21.651440658608983,38.60271256208192,-23.509449511275626,564.2828091988357,-24.752641568292315,0.4729488802584089,0.8261590554419206
738,18.761458007400908,50.440735957387616,-12.840033083207919,561.9019583276507,-30.056198613382254,0.7146225669334481,0.8148001431579518
739,23.128400014466756,28.547240668387584,-30.986789861972067,564.9428391100519,-17.937126482782404,0.29490931947198223,0.8293084983558275
740,19.131777657334446,50.148475644370926,-13.116078149303318,562.2638228653899,-29.931693630218216,0.7071195864782385,0.8165264064974764
741,23.660758276654498,27.33967920821166,-31.727598087679127,565.3508311735513,-16.923365053492915,0.272470982096688,0.8312554038664528
742,23.286164288639913,30.278448903384533,-29.815364485527894,565.266831578684,-19.182555674084277,0.32433805656706555,0.8308545580653591
743,22.629584331938986,36.17685222707421,-25.458224646602446,565.0988302861937,-23.20712233132462,0.4280722055078204,0.8300528664631714
744,23.63524728732891,33.73553822805309,-27.311034496793052,565.9147852351317,-21.508723086827093,0.38319553075723195,0.8339466774844221
745,20.530444110547297,44.690349692069034,-18.210995916710253,563.476719570789,-27.85320450760392,0.5881467209227988,0.8223129442225711
746,19.688791460849984,49.703699641698016,-13.535992239523912,562.8065952984138,-29.73814555600073,0.6958651157954241,0.8191158015067632
747,19.330912408660815,51.78743811866537,-11.535846609124068,562.4967604873914,-30.3475905252856,0.7477557249292464,0.8176376608696866
748,19.90748555851153,50.182673646713276,-13.076213300658333,563.0366403655233,-29.852671334453824,0.7068397614470832,0.8202133156132998
749,20.91747016290468,45.365948827603155,-17.59001787886741,563.8897696384638,-28.07888364747015,0.6008689665044054,0.824283699634147
750,21.24883824664158,45.10565209140362,-17.823593799924698,564.2087975635674,-27.9325754064602,0.5951371206425877,0.8258059094427279
751,20.92915754382347,47.25543088835236,-15.840801750457,563.9714422161677,-28.790744323944956,0.6396877646785257,0.8246733875706097
752,18.99358292986259,56.44323890381509,-6.972573453457505,562.2264801012534,-31.283378282609668,0.912491150873403,0.8163482611538488
753,22.121798852323572,41.88681727290502,-20.691078672273882,564.9308261900525,-26.3867395173745,0.5318063544485754,0.8292511748609838
754,26.184413539485703,23.973543995966196,-33.509769586976994,567.4425281557784,-13.731909437464376,0.2046669238988295,0.8412380541220276
755,25.286833521841444,27.14992856197121,-31.74402162315629,566.9333062835783,-16.47484654245487,0.264176459518297,0.8388075952428258
756,25.725840046841142,28.894799680561047,-30.612577510939804,567.5464967177377,-17.733813585246562,0.293442181256055,0.8417342995269236
757,21.91447818605963,44.583731658878605,-18.291131558544933,564.8468230906232,-27.632144908327934,0.5836734289189529,0.8288503290598899
758,21.589170491067836,46.75968557663977,-16.295710590045253,564.6094827834743,-28.530911952740155,0.6282240729548907,0.8277178071877715
759,29.5124990806082,14.109690519293956,-37.097791942775174,569.1479678077935,-4.154154795978187,-0.00727466598652643,0.8493788221637218
760,22.37159065745428,43.46829039991325,-19.288175145961944,565.2548190452588,-27.089029220387552,0.5612350915436586,0.8307972345705152
761,26.655314239910723,24.123186180470178,-33.38927233130246,567.9207613261777,-13.764674202398462,0.20574893373102693,0.8435207194009262
762,24.336837773412977,34.23560430083524,-26.9091502632424,566.6466859651952,-21.723139068498647,0.39018593047702094,0.837439642704579
763,22.83801943854415,42.33160011853827,-20.288824433870957,565.6627984652916,-26.50322232058591,0.5387967541683643,0.8327441400811407
764,29.1802256230863,16.631050862484432,-36.39363929856077,569.2794552114418,-6.594490540584155,0.05019966916401741,0.8500065231673556
765,24.69021882848732,34.4813048093996,-26.7079682953173,567.0126163719127,-21.82842356396315,0.3936811303369155,0.8391861253146575
766,29.682012954943783,15.759019103850088,-36.59839199223578,569.6120801001439,-5.666741509336986,0.028817362198859164,0.8515944607753055
767,30.43058103896142,14.519617006207437,-36.83238043785523,570.1109968092248,-4.3269006343720395,-0.003256098248878292,0.8539763671872305
768,22.992095929238822,45.20468642647341,-17.710599459400306,565.9447707066715,-27.75231083132031,0.5941590284986362,0.8340897768901252
769,29.79842491984125,16.906711005118808,-36.21223135422904,569.9214763982601,-6.7095622704448,0.05287871432244956,0.8530715531830281
770,23.20333238473568,45.76564331680266,-17.193567913557914,566.1747440849812,-27.951590950370168,0.6051336741502955,0.8351872909966619
771,24.806477271712982,37.29275968364494,-24.500888439711566,567.3302404137604,-23.54546271896079,0.44297199942227056,0.8407021067569499
772,26.894263256037632,28.710210195081913,-30.66195526833811,568.6760055789854,-17.384901737098573,0.2867695955111241,0.8471258133544071
773,26.277370953851193,33.10822489275062,-27.67133077337843,568.4748476570678,-20.65896111966234,0.36562623762682617,0.8461655767500909
774,25.33180333651766,35.92374733702938,-25.573563856586432,567.7559797504481,-22.639467806577656,0.4174979594245179,0.8427341845842292
775,25.640869237614382,34.985043143295215,-26.28991506928797,567.9956080929151,-22.000294161178992,0.40020738549195406,0.8438779819728497
776,26.855357364484988,31.570266618980305,-28.744289997917846,568.9183805387609,-19.493549340618035,0.33711649500661506,0.8482828268940241
777,27.14845166447965,30.80486697898293,-29.258503675555847,569.1401396466401,-18.893947922406145,0.32286162369650967,0.8493414519659906
778,26.877629498720786,37.2635377285692,-24.459359644493983,569.4031129395526,-23.21437980842575,0.43781029399759736,0.8505968539732581
779,25.63658550004354,37.992569243177485,-23.910172468295467,568.2201562632793,-23.824864109504805,0.4535899876099035,0.8449498231958128
780,27.690448696703466,28.823305097558173,-30.540532886282506,569.4805086905446,-17.32431485829387,0.28633143036843506,0.8509663379740163
781,26.04882096162167,37.74691543312945,-24.095314055832155,568.6144906115392,-23.623065731993925,0.44833008973913485,0.8468321667882946
782,27.77731962829941,31.057674512072776,-29.052990211701196,569.7821697256002,-18.96733974854874,0.32554066885494165,0.852406481981663
783,23.633151752527795,52.47489756463508,-10.833096942030362,566.7906400382003,-30.031428697623674,0.7602458514894523,0.8381266873170792
784,25.672281267528874,43.106932170025445,-19.551854035022664,568.5145213509105,-26.488706034161062,0.5483245157840073,0.8463549594378779
785,24.11521408460569,51.31481447217859,-11.949136795301891,567.2520920956888,-29.68234655317986,0.7287004062467828,0.8403291097776663
786,29.57329840057302,25.22745178368374,-32.54393950484671,570.9240099645239,-14.10099689265044,0.21548660336744635,0.8578580723404663
787,28.344394323109967,30.845030622258975,-29.167369480811207,570.3210329371415,-18.715089116901122,0.32019926330551035,0.8549791478614278
788,29.481029932406955,30.431258127510247,-29.384511363128478,571.3986727454285,-18.2091491650607,0.30951645220664753,0.8601244796209575
789,25.94140877731231,43.306267326900915,-19.368510709158947,568.7890415788614,-26.546144446631082,0.5517099048795207,0.8476654043360494
790,29.9475395874072,25.359488189245905,-32.43968365980518,571.3053871362125,-14.137080704529529,0.2165943831950265,0.8596790535156654
791,30.118535970496914,25.80696007384839,-32.17851882345424,571.5293284895421,-14.471025336249907,0.22415134839961826,0.860748349986299
792,25.881148574805138,46.54731208700131,-16.43434359461658,568.8759286870345,-27.91934284746852,0.6167734965862104,0.8480801745480483
793,26.276712428616513,45.39471925601302,-17.485598758069912,569.2264083478811,-27.411024969137696,0.5923554869985939,0.8497532844726521
794,28.277850941438153,36.05713279258927,-25.366713915571758,570.7025757691107,-22.26089544218937,0.41287261158862903,0.8568008108047546
795,32.254951427844574,20.87468141509146,-34.3854731474465,572.9413280708688,-9.779926361823474,0.12217998981239175,0.8674910484385806
796,26.52218945231685,46.72572837583748,-16.259581108369538,569.5179756295471,-27.90752140697336,0.6194525417446426,0.8511452045637204
797,26.87760742163174,43.605615768644995,-19.085427056031374,569.7521049434365,-26.55551082660171,0.555728472617169,0.8522629493595578
798,27.445530697382384,42.54860749688278,-20.00552664099847,570.2700351293024,-25.983189024357966,0.53424934459866,0.8547356658463879
799,28.602177436024952,40.39752306748679,-21.829982845484096,571.3058154855676,-24.728738495118485,0.4912910885616422,0.8596810988200478
800,28.97832724404878,35.45538995316296,-25.803425753567602,571.35224422271,-21.769427327048085,0.4004037703841448,0.8599027892205027
801,29.886510061646753,32.78692593386407,-27.739330599227713,572.0165618499947,-19.831437151516624,0.3503177080881413,0.8630749204549342
802,25.186963507762616,55.78853734181537,-7.566761549520677,568.3820791290564,-30.52187998079941,0.8699073987488888,0.8457227483848754
803,29.598491548450607,34.77394263512363,-26.29777731712662,571.9087334640691,-21.225113089670813,0.38657842862357833,0.8625600232990861
804,29.242898532025404,36.66604361768228,-24.85680359521093,571.7077648217595,-22.486921327376074,0.421482648602933,0.8616003818060733
805,27.768922228790434,45.03635268212901,-17.78455675435461,570.7034682029727,-27.06787947721248,0.5824688698991913,0.8568050717829527
806,28.32825496733699,45.0709516217094,-17.74252035867405,571.2593865340252,-27.010241422311207,0.5821784067391396,0.8594594084195926
807,30.090767791885824,33.96253083339971,-26.88121779016835,572.3254921623006,-20.6017060858746,0.3707183360288881,0.8645501408719225
808,30.251895420287937,33.69060949828386,-27.071783297181934,572.4644078891045,-20.39059657748578,0.3654316384973247,0.8652135133962013
809,31.35077121145055,28.9501834807931,-30.22856158708069,573.0967783072322,-16.741282798676274,0.27705010483176024,0.8682334252807341
810,31.74425836449206,27.871041633176958,-30.86167435120772,573.3642235363067,-15.820340534426519,0.25615203543400883,0.8695106785398147
811,32.551228889731334,25.756953125294988,-32.00327780877753,573.8990926453572,-13.94015541739616,0.21435589663850602,0.8720651850579763
812,31.529972525465556,29.40040788506596,-29.933322067733364,573.3206797589567,-17.054109360320794,0.28460707003635194,0.8693027217513676
813,32.58108726710367,29.960380912966198,-29.50812906444782,574.4090265025079,-17.287433600202192,0.2914178730554368,0.8745007287361047
814,33.62351627580095,22.294340680392068,-33.609667424385975,574.4774722429987,-10.743775413621336,0.1441047232406601,0.8748276483645849
815,28.71068222495055,46.1987494204063,-16.708636677294876,571.6814970888938,-27.42507527226322,0.6046557132475261,0.8614749526813282
816,33.59936764199208,24.286371009071303,-32.67037029908815,574.732427731487,-12.481917508551684,0.1826357114491255,0.8760454202036493
817,33.601534034522786,28.410426522948516,-30.40280245365468,575.2423193014778,-15.890255565316407,0.25969768786605624,0.8784809638817777
818,31.30774157726605,34.22983845828701,-26.631179550845086,573.5528473540851,-20.578129078363844,0.37224244151640956,0.8704115203809385
819,34.12732749498013,23.57147356105814,-32.964564838485245,575.1490693594554,-11.753525831120825,0.16677561885443526,0.8780355377764857
820,34.65789425365715,22.871926816650266,-33.232431123288336,575.5656937106928,-11.027787018884121,0.15091552625974497,0.8800256553493222
821,31.6745277324782,34.76598808582702,-26.219334897231867,573.958129723743,-20.876089254164057,0.38093454055751536,0.8723471513490282
822,29.1289650602307,48.121677441026456,-14.920514832163839,572.1594599492288,-28.094920653788066,0.6452859819919115,0.8637572894095279
823,34.290373486917645,24.669875531667376,-32.40973120291799,575.4579033974641,-12.665208334890039,0.18717624679518208,0.879510758193474
824,34.635015865606476,26.899980312640835,-31.195964228864067,576.0755429935247,-14.465928826088408,0.22797750267667577,0.8824611990274507
825,31.62749517141286,36.25086195821078,-25.09752283650685,574.0213496031364,-21.849160935856247,0.40800572059484214,0.8726490969011595
826,32.01330561047803,34.585637225999584,-26.33729707608106,574.2784081845842,-20.700080127574463,0.37678297686246626,0.8738768583707633
827,29.81842179263748,45.83438645791996,-17.023415212566118,572.7670489373837,-27.135153000663557,0.5950934622605955,0.8666587649215707
828,35.61399315310585,21.247883154594252,-33.81428730492333,576.2496692243204,-9.368750853582739,0.11415736426730333,0.8832930261812394
829,29.69238170746347,47.11290771565212,-15.850849235137764,572.6861837935419,-27.655546121433918,0.6222890026621732,0.8662725920546848
830,32.97532490385909,32.27686677943163,-27.941116524507446,575.0267305794551,-18.92952565108544,0.33221912893693045,0.8774511695700813
831,30.168501990792542,46.46870916288552,-16.43839394497255,573.1402274942172,-27.344529648227713,0.6076884042682482,0.8684409257059601
832,32.29530961430352,35.890281959201175,-25.347506634841668,574.6618922876074,-21.509685411313576,0.3997025932047436,0.8757085109446292
833,30.010476048318406,47.66250284667676,-15.33721482691995,573.0220478200916,-27.819283671539246,0.6336244504690609,0.867876536760635
834,32.69399064655161,34.232268137148466,-26.567902394133476,574.9189344836828,-20.345927541741574,0.3684798494723676,0.8769362724142332
835,36.055424554051896,22.348850666098304,-33.30076452239521,576.8465413584008,-10.257204978073041,0.1343092714795479,0.8861444834362622
836,33.18291579421745,33.43389636421679,-27.119115867162996,575.3355683779511,-19.712891855481406,0.35261975687767727,0.8789263899870696
837,32.88407278765969,38.461225589424316,-23.308634696584164,575.4288165888926,-23.003126504301733,0.4455418258892983,0.8793718160923617
838,33.67765696524491,32.641295847395675,-27.65116392756553,575.7521849954894,-19.066756808393308,0.33675966428298704,0.8809165075599061
839,34.67757830528085,31.074685712125675,-28.65336539426965,576.5853664003749,-17.739582007751498,0.30503947909360646,0.8848967427055789
840,36.27770203388124,22.904475838356475,-33.03185469653304,577.144964124906,-10.70149525959073,0.1443852250856702,0.8875702120637735
841,33.74735210804329,34.766841178906674,-26.127982328411658,576.0071081390055,-20.528822047761363,0.3752906524914524,0.8821342793989704
842,35.67932507890353,27.46940024523161,-30.788975312861623,577.163591372991,-14.723001191512127,0.23478830569576065,0.8876592060121876
843,35.45315398009322,28.950780498471907,-29.941166446876284,577.1200640590044,-15.957821655585409,0.26324334029810365,0.8874512492237404
844,35.85231328435306,27.907941883098175,-30.5254783596918,577.3874022137696,-15.043797229834109,0.24234527090035235,0.8887285024828211
845,34.59069503013244,34.15507452309542,-26.535081121440303,576.7863802262506,-19.9681533091191,0.36170082756979044,0.8858570659667191
846,34.37271669579943,35.25382164902122,-25.740512327758548,576.6630636357979,-20.749118641175126,0.38247453660329084,0.8852679311266556
847,33.87011151752331,36.32386649754551,-24.954568168420998,576.2516648032466,-21.530759585230776,0.40349696636529325,0.8833025594485576
848,31.304514630480636,51.00760093543128,-12.157616558494128,574.3964775375721,-28.755077982658555,0.7099402647004849,0.8744407909528672
849,31.732309705650913,49.974392022423295,-13.135499941446227,574.8027715912494,-28.392745976288623,0.68375549777117,0.8763814167362267
850,34.561282554234225,35.69449376591267,-25.403971946183226,576.8868856305936,-21.007625588396273,0.39003150180788243,0.8863372275972892
851,34.87511600115678,35.935294339019805,-25.209307673205803,577.2148400072044,-21.113426945341,0.3936234438638015,0.8879040534611318
852,37.490584063638025,26.94106538687327,-30.92264579480157,578.876258931241,-13.914803749954432,0.21780896982281012,0.8958423893561794
853,37.748950547993424,26.579585453927418,-31.090612052510608,579.084495973496,-13.559660674174513,0.209878923525465,0.8968374481425978
854,32.29324785284798,52.897325190182464,-10.320072589996165,575.4194058218145,-29.140388785615077,0.7594336196230842,0.8793268627549337
855,38.01246539292121,27.053109181135174,-30.814077849308205,579.4040269739979,-13.89943392755922,0.21788495174870798,0.8983643642173288
856,36.56058239004852,33.43310051031144,-26.948887150439568,578.6642975771136,-19.116508078531325,0.3425272059497095,0.8948295551769477
857,35.48970973308852,38.68634155970417,-23.042343143111914,578.0214580863399,-22.730260941128265,0.4433033393327776,0.8917579476346725
858,35.30142150991071,43.46744916831209,-19.028562531162404,578.1146813651205,-25.336065571666854,0.5362254083443987,0.8922033737399644
859,33.46708729078166,50.03225935821707,-13.054915487967536,576.5313813304512,-28.19895991538204,0.6822631734001563,0.884638837764434
860,32.94554382985407,52.91419050073589,-10.296134094888934,576.067629543694,-29.06822633537895,0.758873997983954,0.8824233956405113
861,33.36488666070506,56.438238122265474,-6.8368191498844775,576.5199283073085,-29.722412680243906,0.886362032055368,0.8845841229780766
862,35.78240045856246,39.14875865504543,-22.659760405768164,578.3410229198034,-22.957108345539325,0.45130936755602075,0.8932848637094034
863,33.25768035001542,51.95006230373373,-11.223485211762254,576.3645310209026,-28.784415394550123,0.7314919170359995,0.8838417461359233
864,33.904036382276615,51.08323021046304,-12.046510218191447,576.989385461193,-28.464854621643426,0.7077017781439641,0.8868269224951777
865,40.940698406429576,22.657364839063487,-32.54854220892949,581.6266728299335,-9.425896369122475,0.11702038629790423,0.90898688123833
866,35.22282874479378,47.87978793132921,-15.049220146373067,578.2079037784226,-27.237924402777647,0.6291474773560197,0.8926487998452565
867,39.6110468309021,28.29250418714286,-29.99102585577288,581.1218506016503,-14.592816950660776,0.23535817013999433,0.9065740174708073
868,32.51064685314536,57.82800194022878,-5.470246978007998,575.6758341799468,-30.007004896595358,1.0149693094050423,0.8805517845444865
869,38.41437823136308,36.30498067185678,-24.777029303226097,580.7573071507304,-20.759333155995048,0.39058870259779993,0.9048317099123839
870,33.81444154079769,57.86155558525541,-5.421172026580091,576.9722067051882,-29.867605498281,1.013850066126782,0.8867448503156421
871,39.27171455223048,35.668800492009915,-25.2095365760702,581.5488722801159,-20.188025860979703,0.37608846271337953,0.9086150154410378
872,35.58564784892221,56.02074986801277,-7.219231510245638,578.7282670182024,-29.404714531468084,0.8627998389410256,0.895135223920779
873,43.15326824363316,26.326101662496036,-30.6669542674836,584.3182327583974,-12.177874194021234,0.18170985596609018,0.921853592925173
874,42.989962926743935,29.970001401543488,-28.74411914811172,584.6351827611711,-15.262666269568406,0.25456305877848223,0.9233689654367053
875,41.459048365473116,33.55832792798409,-26.582915128730914,583.5180780145059,-18.31372927800489,0.32918716164243383,0.9180281789326016
876,44.724706952269464,22.29508336891153,-32.135205302894,585.2126286725409,-8.208381996355863,0.08904954240419649,0.9261299203998301
877,41.671085837413244,33.03685585864926,-26.92010731048543,583.6776720248663,-17.891507553458833,0.31852657551901215,0.9187911484331878
878,42.10533034212217,32.00281926801486,-27.5673238969305,583.9968524276077,-17.032204286064452,0.2972054032721689,0.9203170874343604
879,42.21777832811655,33.913986648268306,-26.29500909653291,584.2987383484086,-18.431803590634974,0.3334549146732089,0.92176038959169
880,42.05602431880588,35.797853524475784,-24.976870692669667,584.3138125871178,-19.787805151449255,0.3700586060845609,0.9218324599458927
881,42.329425726778005,34.741209046747876,-25.716108078726567,584.4895729359962,-19.00266401502047,0.3489145238428734,0.9226727830455015
882,43.269480569527964,31.274086315361565,-27.94137047284008,585.0595893889126,-16.240340095531376,0.2788363981437993,0.9253981747901442
883,43.877474213258964,29.477797351675477,-28.94942166661373,585.4427185953921,-14.679635923641813,0.24135831827881443,0.9272300987608316
884,42.874087048631864,33.62726155045635,-26.450051934677944,584.9205513052468,-18.09924490644449,0.3257002215510459,0.9247333845263728
885,42.495533256865166,35.60129967320832,-25.096918837445756,584.7283582192396,-19.574208699737955,0.3648888106697857,0.9238144565690144
886,43.41294841038106,31.92778593653061,-27.523885023181105,585.2717859669831,-16.71872595979408,0.29097306782645777,0.9264127794668637
887,44.22184112395206,29.177800882936843,-29.085606898450035,585.740273556006,-14.36092905726619,0.2340151408563254,0.928652899629974
888,43.69810915271241,31.133195217592963,-27.994993616230122,585.4631835880292,-16.044218337859565,0.2744675109840779,0.9273279536480417
889,43.90207868389535,30.495507765712265,-28.36063509692883,585.5909447283825,-15.497525117262628,0.2612303233323788,0.9279388575729927
890,43.480041864809365,32.91101782895143,-26.8877942627497,585.4412259757673,-17.452655830880317,0.3097556164831286,0.9272229616977671
891,44.207343973713755,30.670630865547018,-28.23242523236466,585.9095118064544,-15.574878535183245,0.26345274485034437,0.9294621549517551
892,37.747459775788876,57.84361369415375,-5.38754824187169,580.8822987811384,-29.42852142264631,0.9825103526601808,0.9054290907359983
893,41.38770128464156,44.200232292658775,-18.240126072588517,584.1983469428235,-24.820746719094892,0.5376174539716561,0.9212804182630939
894,41.63982719576373,43.216166306752925,-19.084661365753615,584.4060798685701,-24.29451059057928,0.5168164901681338,0.9222735947425039
895,40.301424383594394,50.42488835181067,-12.571713239762596,583.3345645860696,-27.475151175445166,0.6799415565914451,0.9171508731192521
896,41.5959459694701,44.98593264658074,-17.543360486416976,584.4371391602954,-25.165357260164676,0.5535917407985682,0.9224220917866068
897,41.700608333548566,47.188002472928005,-15.561084941119828,584.6273895156964,-26.113415980858296,0.6010165159802774,0.9233317045130519
898,46.92317700698423,25.507273164306,-30.58196511461136,587.8557814282436,-10.60253233760885,0.14652388514479742,0.9387697154294691
899,42.01544045055893,46.51720063843172,-16.16385996451947,584.9147065379816,-25.790575798310787,0.5855403144523925,0.9247054388336327
900,42.332640419934336,45.83596911104189,-16.769656452911878,585.2020153281884,-25.44939046781859,0.5700641129245074,0.9260791731542137
901,48.78700424046383,22.82971032555773,-31.306579086116177,589.195297642959,-7.711806607153847,0.07704745455132722,0.9451766756763071
902,48.375849104169596,24.139856197966505,-30.919447508167565,589.0354038874459,-9.02079673861495,0.10901815134944526,0.9444118523574767
903,49.104439246251374,22.914346424043188,-31.22639906917048,589.5139148689569,-7.711961488213099,0.0770363929791803,0.9467007608592354
904,48.7744984939342,23.872657117249123,-30.955662557121762,589.3700326284576,-8.678548406549375,0.10075707674914508,0.9460125033352618
905,48.853150413263975,24.262939009685038,-30.802822506672648,589.5133335539127,-9.017240140693835,0.10900155899122482,0.9466979801318689
906,45.34941703035526,39.10147774889353,-22.340155892583837,587.8180982597135,-21.383213138859826,0.42446905995427026,0.9385894876993969
907,46.49700226049139,41.20488986891494,-20.61619007465783,589.0924683280186,-22.457589585020234,0.4634386303232994,0.944684808556723
908,49.553330887007135,31.2489233492965,-27.43805261623469,591.197131351628,-14.931225336140464,0.2530345672124981,0.9547531240997021
909,49.97046800565569,31.30469185610789,-27.368710211608175,591.6099953628849,-14.888104739651203,0.2523698755788287,0.9567284367848468
910,50.13125870844281,31.32350863713032,-27.343734822806358,591.7687846812468,-14.868826937087567,0.25204590627903406,0.9574881724329792
911,55.81709838104365,35.68197852076777,-24.212271460256833,597.7978152737445,-17.122304242589863,0.31862570906235105,0.9863432965160625
912,55.74966670288175,36.34477584233406,-23.779814652213027,597.797815273682,-17.6290725128394,0.33283599272607417,0.9863432965160625
913,55.685016046965146,37.00919585571496,-23.33419224993614,597.7978152736176,-18.125898490452514,0.3470462763897973,0.9863432965160625
914,55.952753519953845,37.26287277267255,-23.141258190770564,598.0830703578232,-18.25777899925868,0.351375642043161,0.9877089668644567
915,55.90706858147505,37.760983970722094,-22.79698804635503,598.0830703577731,-18.62036162321724,0.3620333547909534,0.9877089668644567
916,55.86185380083424,38.2591752653136,-22.446153033100952,598.0830703577219,-18.976640091611078,0.37269106753874576,0.9877089668644567
917,55.81849845777102,38.75732296200137,-22.08905889604027,598.0830703576698,-19.326350529285712,0.3833487802865381,0.9877089668644567
918,55.77726745075674,39.255275330572154,-21.726011380204916,598.083070357617,-19.66922906108665,0.3940064930343306,0.9877089668644567
919,58.081857001713054,36.376541669750566,-23.58844588073806,600.0796281474621,-17.19334903431011,0.32410206920387014,0.9972686593032171
920,58.770535010586265,35.41029224634089,-24.15145604273594,600.650000008835,-16.31836103677116,0.30041866338824846,1.0000000000000058
921,58.936789872945425,33.96873128385862,-25.002265162679407,600.6500000089668,-15.143081102309482,0.26844552514487136,1.0000000000000058
922,58.61531055907456,36.865204424174486,-23.22601736750395,600.6500000086917,-17.45143083842171,0.33239180163162546,1.0000000000000058
923,57.528978716121514,39.15944996196844,-21.697586128045575,599.7944300129574,-19.285322755748396,0.3856797649347122,0.9959029889548228
924,57.97883358586858,37.40933221870607,-22.904830603512824,600.0796281473578,-17.97374523568789,0.3466016850047651,0.9972686593032171
925,57.669117083236706,37.60195485161267,-22.79360950633277,599.7944300131237,-18.172252368254668,0.35193034123336947,0.9959029889548228
926,58.47454888906684,38.328034053090306,-22.23410463979566,600.6500000085382,-18.535288399312606,0.36436493987500257,1.0000000000000058
927,57.8869538365636,38.39040397201707,-22.228417449825216,600.0796281472545,-18.68910689711301,0.36791711050035,0.9972686593032171
928,57.5932581577407,38.421526405896664,-22.224694083590265,599.7944300130374,-18.766079863228914,0.36969319581302357,0.9959029889548228
929,58.35099249677582,39.792054611074725,-21.183873362423277,600.6500000083756,-19.562931611495316,0.39633807811837957,1.0000000000000058
930,7.520764597651632,25.98023744500406,-33.44727260024898,549.3021960888788,-18.69746118698369,0.29268798247036926,0.7547319970851514
931,8.11032314804544,24.842178093220397,-34.16354987049773,549.7694702266671,-17.742589048696633,0.27285559096998063,0.7569583422471795
932,8.261544984843315,26.535272032069404,-33.04515951905682,550.0799257008223,-18.98597615326626,0.29989516023766233,0.7584375759649908
933,5.293610296300298,43.85829765346026,-19.135063815795746,548.3089520338496,-29.357034775440333,0.5953781213525212,0.7499999999999936
934,5.32180992735802,43.043252615949264,-19.88053379966477,548.3089504068854,-29.02844546219007,0.5801257122129517,0.7499999999999936
935,5.512858843756947,39.08266202634664,-23.377034014092565,548.3089512518696,-27.167361388332363,0.5104430288706286,0.7499999999999936
936,6.4150704310129685,40.179007133317526,-22.423066207290603,549.2636964029116,-27.609111196346465,0.52762381667143,0.754548568482547
937,5.536119106938635,38.63987118428451,-23.76740098368856,548.308949197786,-26.958630386917097,0.50265812394235,0.7499999999999936
938,7.031980147953857,39.260435210767334,-23.214478188051675,549.8281212900032,-27.0803167955752,0.5108026051696017,0.7572377947183438
939,11.9763416855602,19.666896996467425,-36.933360781824526,552.9695667472679,-12.876634393442252,0.17595001396484783,0.7722080916938382
940,11.117593618388574,23.547129913790112,-34.81012881327837,552.596241576803,-16.214424362567453,0.243826360109398,0.7704287977028809
941,12.215522045921922,19.995379662514523,-36.74427667725431,553.2459393512116,-13.106925438637544,0.1808132039799582,0.7735253453431026
942,11.479900151836357,22.936378889507523,-35.153830953489866,552.8816824440496,-15.662449280585754,0.23266516443696866,0.771789223006893
943,12.967935640120011,17.59020766277074,-37.87987392923216,553.6618317941868,-10.89590886080088,0.13634363580098557,0.7755076497472659
944,12.942909114098184,21.84695432672856,-35.68765704521819,554.1783040934517,-14.511947481741766,0.210167558581365,0.7779694704268033
945,11.241013933253171,24.68477759234914,-34.104425292092145,552.8463487967367,-17.081247582536157,0.2622531383860354,0.7716208190080794
946,12.452601783571236,20.612036673594915,-36.39995711872893,553.556737171318,-13.577672069921977,0.19059798884709378,0.7750067203710028
947,9.762427639619116,33.096611142227815,-28.23732402989841,552.1341131686698,-23.229261802191022,0.40292742552716115,0.7682263524048003
948,10.514289454011292,31.67509829982868,-29.302525394154756,552.7684442882079,-22.20483180928192,0.3781247684773182,0.7712495197470498
949,7.796188735848537,47.35319657422271,-15.867530568956129,550.9197311409386,-30.354588324137115,0.6603316631653682,0.7624392425176001
950,10.378828763199383,33.38758727940674,-27.995333859292135,552.7648258648794,-23.32034847024738,0.4064726095738927,0.7712322741153488
951,10.604068438089266,32.96296543829905,-28.319176693171222,552.9551174946384,-23.020348933274423,0.39903181245893987,0.7721392243180236
952,14.433351878308352,17.035728523386446,-37.99737930436209,555.0099949797868,-10.117219505609508,0.12122842222341984,0.7819340792351299
953,8.999441006264226,42.185400680963696,-20.616987913446746,551.9248077693055,-28.214277948440863,0.5591943883991306,0.7672288626356943
954,12.0227289277207,27.94035083294272,-31.931792138029483,553.9336931305457,-19.389698321605106,0.31375466982155614,0.7768034902956414
955,14.790003713110655,17.713687579244883,-37.65508429158607,555.4502869487644,-10.642835807757203,0.13221440338510426,0.7840330507430036
956,11.623823491506835,31.050972935280843,-29.73294629277781,553.8113854251612,-21.621301122921007,0.3655482254416517,0.7762205002300604
957,12.274437581552538,28.424943301495436,-31.588155378777145,554.2272545626943,-19.696786198260128,0.3210786572626791,0.7782028046342236
958,15.158315854974012,17.170385753669404,-37.86613659328389,555.7356470825652,-10.09028834685003,0.12105320771267497,0.7853934760470157
959,15.400996226974254,16.411599078362247,-38.171395342334755,555.8742455928673,-9.366869165937848,0.1062300183196841,0.786054244181737
960,14.647535663900804,19.139764569655448,-36.98525264949344,555.5100835706629,-11.90934156254295,0.15808197877669472,0.7843181218455273
961,12.661146558957455,27.725906400959662,-32.050665468303016,554.5443593232042,-19.127539625285014,0.3086773287377576,0.7797143883053484
962,15.056792455770822,18.24249510951259,-37.381877724046205,555.792722971176,-11.05147177470971,0.1407590553997478,0.7856655841380161
963,12.569499929497013,30.714397216414117,-29.947521237238004,554.7273819574186,-21.245679508217457,0.3579322138159539,0.7805868472446208
964,13.118915898943259,32.570201969935574,-28.546676759895067,555.417729747422,-22.391321243445855,0.3873449732542758,0.783877840057693
965,11.477546754644475,39.29905919737587,-23.117920525177453,554.2354491863929,-26.519403929869195,0.5040994915379218,0.7782418663952786
966,15.364171980725049,21.382035410819604,-35.77026916422542,556.4938732687189,-13.671585322095234,0.1948187256561395,0.7890084289971817
967,13.7341027984427,28.617841885335153,-31.395522532492922,555.6786191779257,-19.59488775440548,0.32072822824118935,0.7851215982579952
968,8.239687220430596,56.171795486938976,-7.300369301800575,551.5224284459657,-32.356271387206945,0.9155883119721551,0.7653112957773901
969,14.345616306845551,28.923099785483036,-31.159031541739427,556.3091103371542,-19.71220038918208,0.3242734122879209,0.7881275199685435
970,13.09145215120906,38.410047312702055,-23.849408132930087,555.7837400046252,-25.839827174149782,0.4858547434106683,0.7856227579362379
971,12.97792299933794,37.18007623974089,-24.88187321852726,555.5971191285489,-25.186425356447337,0.4649476994290465,0.7847330533652643
972,13.195990014526059,36.767081925674084,-25.21870998381548,555.7873573453877,-24.924573563765264,0.4575069023140937,0.7856400035679392
973,18.204149539762504,18.654206610081705,-36.89113283795174,558.9352352779001,-10.777721273070252,0.13691892866759453,0.8006498221504261
974,18.14119260364442,20.38636960891338,-36.06253752652682,559.094175972128,-12.29250530315089,0.1683086970584845,0.8014078128715724
975,18.565309264482554,19.32903364948394,-36.5396653101844,559.3753558836327,-11.296672698567821,0.14790490982927895,0.8027487936582995
976,11.890933593050129,51.77787006167501,-11.600742332888139,555.097107317159,-31.16143307809425,0.7571654451991525,0.7823493562078367
977,12.256675091970566,51.020067099203956,-12.333920177547236,555.4431727940228,-30.934616443771148,0.7373622561172213,0.7839991352345508
978,18.734806656035193,20.28598270656051,-36.05877008461186,559.6728359382587,-12.088454307741094,0.16447148882717816,0.8041675525141667
979,19.399731599151977,18.12840843752314,-37.01159697303445,560.017154930344,-10.070416354607914,0.12279221956631298,0.8058097505923271
980,15.838067864772302,40.39992705343844,-22.095902894032942,558.6188020961525,-26.497088742034407,0.5159819921692474,0.7991407828178548
981,16.102629139857907,41.313080238171544,-21.296848145708825,558.9321525842665,-26.90744379031011,0.5319285047409004,0.8006351208572785
982,18.919741200891643,28.326941960445396,-31.3535184718136,560.7646595805943,-18.510201181119317,0.3027372621372804,0.8093750990945401
983,19.22038657046449,28.03929737813685,-31.52697101959656,561.0360898416562,-18.24657130110255,0.2971100267958732,0.8106697965991836
984,17.6539650862018,37.84365679092006,-24.23307534707739,560.2684687807431,-24.900435624188347,0.46749622274488195,0.8070084045427196
985,18.01220168003949,38.29810395302853,-23.845110937519692,560.6477318874653,-25.102164731857158,0.47478911851587663,0.8088173754497268
986,18.198519795072436,38.73541647987477,-23.47363985820042,560.8552143578293,-25.314561975620958,0.48214419762712796,0.8098070332198842
987,23.003703075374595,21.918452676576663,-34.86195837828137,564.0468075451987,-12.63543118789366,0.17881970950360265,0.8250329842536656
988,23.12781498362881,22.760933227162884,-34.414804966843526,564.2811576909754,-13.321880783560738,0.19349332421181292,0.8261511752520727
989,24.525550381860377,20.46895743325357,-35.42224293620294,565.3481714936736,-11.073865137151849,0.1466245264952893,0.8312427118301335
990,24.652059648572244,24.548910814316848,-33.3155250768024,566.0134505734726,-14.511123537633747,0.22027787691166,0.8344175388166792
991,25.45435041123283,18.570695636530473,-36.1550402714568,565.9770162166678,-9.192959725805107,0.10678848739165242,0.8342436623241677
992,22.075827887319253,34.21197828267614,-27.006725924037134,564.4088206439201,-22.065609943744583,0.39514826855284274,0.8267603241435613
993,25.96726958910857,19.561721168420604,-35.677797368233136,566.6240377119401,-9.968343597368087,0.12369714304801932,0.8373315510644576
994,26.223903916170165,19.479784615802817,-35.68354582029628,566.8622169513128,-9.84225532516481,0.12109531754588088,0.838468303615349
995,24.10472461381016,29.09999652308409,-30.567646681291322,565.9641180252157,-18.17838431885295,0.3017367038344459,0.8341821081505508
996,24.424305390590373,28.151767668897033,-31.167281934467375,566.1849825481553,-17.40759629975371,0.28433900210610324,0.8352361531339595
997,25.076107734352544,26.279029241606526,-32.28520204589981,566.6266970547252,-15.829240922854316,0.24954359864941794,0.8373442431007769
998,24.328928354490852,29.981228311499912,-29.965670573865907,566.2707474392748,-18.787488807899138,0.31636956470332495,0.8356454602925995
999,24.676745374578,30.237826596976493,-29.77348797951739,566.6366915149378,-18.914059995709824,0.3198647645632194,0.8373919429026779
1000,23.196930589096056,38.110219018318205,-23.87849181747407,565.7887926387357,-24.25457892093129,0.460996142462798,0.8333454087827815
1001,24.521928124795192,41.39945304808498,-21.068985850042903,567.2883973536758,-25.821336860147643,0.5181987294064716,0.8405023921163116
1002,26.558605220568943,41.44338884284911,-20.985150055719767,569.3147610317403,-25.563094604245748,0.5150828904980955,0.850175069222955
1003,37.00475314906556,18.849809828734507,-34.488585938531536,577.2009412867254,-6.849925983253388,0.05650113287711028,0.8878376502722374
1004,32.23287513202353,40.062850033296804,-22.016390796952535,574.8836674781701,-24.01561787356737,0.47701329035017653,0.8767678177847233
1005,33.45658287338352,40.2919367678824,-21.791177333693657,576.1107102832445,-23.959638434248525,0.478537395837698,0.8826291972937392
1006,40.380984750086846,26.27104998004097,-30.9898557404299,581.6169230141496,-12.736501176984616,0.19289291565146366,0.9089402795715886
1007,56.75384848367205,28.595509635772586,-27.94305296933366,597.7978152742796,-11.051430053827334,0.16122469333074502,0.9863432965160625
1008,56.636482115804064,29.332825471693234,-27.63877672717987,597.7978152742363,-11.732409208891118,0.17832966440744896,0.9863432965160625
1009,56.530109401911524,30.024352169046526,-27.334828995224754,597.797815274193,-12.362010422352782,0.19416272737844925,0.9863432965160625
1010,56.82752549005432,30.01057415932094,-27.303794829327206,598.0830703584264,-12.28188972935831,0.19231227664121436,0.9877089668644567
1011,56.74199317790272,30.589183168402606,-27.03801859457844,598.0830703583881,-12.80280308915398,0.20546994670021734,0.9877089668644567
1012,56.66237190711827,31.143716662728878,-26.771855453371156,598.0830703583498,-13.295623975041687,0.21796973325627034,0.9877089668644567
1013,56.59239395076022,31.64665509439441,-26.520924856303253,598.0830703583135,-13.736859228379448,0.2292195411567179,0.9877089668644567
1014,56.5282579605523,32.12643704249587,-26.27326044785409,598.0830703582778,-14.152371022608511,0.23987725390451026,0.9877089668644567
1015,56.9972207936545,35.59307987236869,-24.179812067058222,598.9387867963787,-16.81919634027839,0.31189036669062836,0.9918059779096398
1016,57.95048606139933,28.55021506540628,-27.79152742015172,598.9387867969125,-10.723118091000753,0.15334536279362004,0.9918059779096398
1017,58.99290383172556,29.454002070369448,-27.26543432865416,600.0796281480224,-11.284139542966148,0.16802066502093777,0.9972686593032171
1018,59.66150608718914,29.010167891420235,-27.352945631330034,600.6500000093303,-10.726436256895717,0.15397379563154479,1.0000000000000058
1019,59.93129244871559,27.496649941231244,-27.8779444045092,600.6500000094114,-9.281632773439664,0.11676009327375347,1.0000000000000058
1020,59.390602545488804,30.675258271114625,-26.667712167396886,600.6500000092242,-12.267814560901808,0.193446805808554,1.0000000000000058
1021,58.282962289364896,32.199346107855135,-26.04645812328331,599.7944300136162,-13.825123263142276,0.2329320811610866,0.9959029889548228
1022,58.81484084376179,30.571636606527438,-26.790334744439484,600.0796281479501,-12.310524270495389,0.19420808519864224,0.9972686593032171
1023,58.53353444748076,30.47819459057229,-26.86947446535578,599.7944300137406,-12.295244992208367,0.19365095089452994,0.9959029889548228
1024,58.40006172371546,31.378761956503347,-26.452630090450832,599.7944300136776,-13.103429692699553,0.2143252299821909,0.9959029889548228
1025,59.142761454357355,32.390827097807495,-25.85047436341122,600.6500000090979,-13.796573881758643,0.23291981598556305,1.0000000000000058
1026,56.64668661307234,39.27738665869909,-21.6604410246726,598.9387867960044,-19.527221351618902,0.3914156165859021,0.9918059779096398
1027,8.691502781728031,20.143354907435995,-36.9166189541753,549.8233856357984,-13.891572778526477,0.19396406124528848,0.7572152308655777
1028,7.807432555103326,30.605561593347606,-30.181533156311406,550.0004027518286,-21.91227147599495,0.3664681016230625,0.7580586669676602
1029,12.50843426971314,35.16647878107033,-26.53492971676318,555.0019096829185,-24.09430343965399,0.4318145414332482,0.7818955356535296
1030,13.426565986001393,32.716856258171376,-28.42601268666072,555.7329884082042,-22.439152897722224,0.3891175652776417,0.7853808009129671
1031,13.733461631800996,32.86495856619585,-28.305322680557033,556.0482372152849,-22.4865937117693,0.39089015730100735,0.7868837617682413
1032,12.23817700022693,47.19547649275449,-15.984051807388111,555.3244767404683,-29.795900072880105,0.6511175365329487,0.7834332756496811
1033,9.763171140676647,57.175795618032716,-6.298859885567945,553.046279858607,-32.32455128515846,1.0065223300020163,0.7725737199317779
1034,5.000924394956527,57.68640921789898,-5.825284569428271,548.3088714886186,-32.84875119118671,1.1561743104956268,0.7499999999999936
1035,25.725616949961676,23.217758128823945,-33.94879874385964,566.897761680236,-13.190719079709625,0.1926358885320889,0.8386379494290875
1036,58.97144853979673,23.308049318183254,-29.220373499319642,598.9387867971202,-5.578460563838638,0.017895563847102114,0.9918059779096398
1037,59.93977921551074,23.053571882056612,-29.049068638048094,599.7944300140682,-5.087881555029365,0.0032573712305529745,0.9959029889548228
1038,60.29075190969947,22.854694811124364,-29.001952597443093,600.0796281482856,-4.806555145013291,-0.005187224289176784,0.9972686593032171
1039,60.9914105110304,22.460139569687936,-28.903635867296313,600.6500000095706,-4.24833982977013,-0.022076415328636356,1.0000000000000058
1040,60.555821158251696,24.371379938974215,-28.644544871151307,600.6500000095303,-6.191107969830113,0.03406297692310961,1.0000000000000058
1041,59.45869543906468,25.28486871501739,-28.64688246973387,599.7944300140084,-7.334087461251747,0.06563447373249182,0.9959029889548228
1042,60.23924078089692,25.88925330654665,-28.32667333409049,600.650000009481,-7.708235953503969,0.07541153509843151,1.0000000000000058
1043,57.42860103128876,31.990209536202556,-26.248820266308133,598.938786796685,-13.841211487469788,0.23261786474212426,0.9918059779096398
