ISO-10303-21;
HEADER;
FILE_DESCRIPTION(('Open CASCADE Model'),'2;1');
FILE_NAME('Open CASCADE Shape Model','2026-09-24T01:43:31',('Author'),(
    'Open CASCADE'),'Open CASCADE STEP processor 7.9','Open CASCADE 7.9'
  ,'Unknown');
FILE_SCHEMA(('AUTOMOTIVE_DESIGN { 1 0 10303 214 1 1 1 1 }'));
ENDSEC;
DATA;
#1 = APPLICATION_PROTOCOL_DEFINITION('international standard',
  'automotive_design',2000,#2);
#2 = APPLICATION_CONTEXT(
  'core data for automotive mechanical design processes');
#3 = SHAPE_DEFINITION_REPRESENTATION(#4,#10);
#4 = PRODUCT_DEFINITION_SHAPE('','',#5);
#5 = PRODUCT_DEFINITION('design','',#6,#9);
#6 = PRODUCT_DEFINITION_FORMATION('','',#7);
#7 = PRODUCT('Open CASCADE STEP translator 7.9 3',
  'Open CASCADE STEP translator 7.9 3','',(#8));
#8 = PRODUCT_CONTEXT('',#2,'mechanical');
#9 = PRODUCT_DEFINITION_CONTEXT('part definition',#2,'design');
#10 = ADVANCED_BREP_SHAPE_REPRESENTATION('',(#11,#15),#2625);
#11 = AXIS2_PLACEMENT_3D('',#12,#13,#14);
#12 = CARTESIAN_POINT('',(0.,0.,0.));
#13 = DIRECTION('',(0.,0.,1.));
#14 = DIRECTION('',(1.,0.,-0.));
#15 = MANIFOLD_SOLID_BREP('',#16);
#16 = CLOSED_SHELL('',(#17,#136,#227,#931,#1208,#1859,#2017,#2067,#2139,
    #2211,#2283,#2290,#2345,#2422,#2472,#2522,#2550,#2555,#2610,#2614,
    #2621));
#17 = ADVANCED_FACE('',(#18),#32,.T.);
#18 = FACE_BOUND('',#19,.T.);
#19 = EDGE_LOOP('',(#20,#55,#81,#112));
#20 = ORIENTED_EDGE('',*,*,#21,.F.);
#21 = EDGE_CURVE('',#22,#24,#26,.T.);
#22 = VERTEX_POINT('',#23);
#23 = CARTESIAN_POINT('',(769.71481141811,193.51724389637,8.304770052403
    ));
#24 = VERTEX_POINT('',#25);
#25 = CARTESIAN_POINT('',(499.51083745301,208.35958361715,6.289547708353
    ));
#26 = SURFACE_CURVE('',#27,(#31,#43),.PCURVE_S1.);
#27 = LINE('',#28,#29);
#28 = CARTESIAN_POINT('',(769.96341156328,193.5035882578,8.306624150105)
  );
#29 = VECTOR('',#30,1.);
#30 = DIRECTION('',(-0.998467060405,5.484592655342E-02,
    -7.446719233617E-03));
#31 = PCURVE('',#32,#37);
#32 = PLANE('',#33);
#33 = AXIS2_PLACEMENT_3D('',#34,#35,#36);
#34 = CARTESIAN_POINT('',(632.98628406746,188.25906886728,7.262057240315
    ));
#35 = DIRECTION('',(7.556742488531E-03,1.798928454994E-03,
    -0.999969829295));
#36 = DIRECTION('',(-0.999121114921,-4.121729071697E-02,
    -7.624477973302E-03));
#37 = DEFINITIONAL_REPRESENTATION('',(#38),#42);
#38 = LINE('',#39,#40);
#39 = CARTESIAN_POINT('',(-137.0808695001,-0.405928272031));
#40 = VECTOR('',#41,1.);
#41 = DIRECTION('',(0.995385699451,9.595472540872E-02));
#42 = ( GEOMETRIC_REPRESENTATION_CONTEXT(2) 
PARAMETRIC_REPRESENTATION_CONTEXT() REPRESENTATION_CONTEXT('2D SPACE',''
  ) );
#43 = PCURVE('',#44,#49);
#44 = PLANE('',#45);
#45 = AXIS2_PLACEMENT_3D('',#46,#47,#48);
#46 = CARTESIAN_POINT('',(769.9625539397,193.50905339039,8.461866897529)
  );
#47 = DIRECTION('',(5.507312373106E-02,0.99787483656,-3.482472689754E-02
    ));
#48 = DIRECTION('',(-2.447440664271E-02,3.621629020808E-02,
    0.999044235128));
#49 = DEFINITIONAL_REPRESENTATION('',(#50),#54);
#50 = LINE('',#51,#52);
#51 = CARTESIAN_POINT('',(-0.155313288516,-2.948937208901E-03));
#52 = VECTOR('',#53,1.);
#53 = DIRECTION('',(1.898360292752E-02,-0.999819795173));
#54 = ( GEOMETRIC_REPRESENTATION_CONTEXT(2) 
PARAMETRIC_REPRESENTATION_CONTEXT() REPRESENTATION_CONTEXT('2D SPACE',''
  ) );
#55 = ORIENTED_EDGE('',*,*,#56,.F.);
#56 = EDGE_CURVE('',#57,#22,#59,.T.);
#57 = VERTEX_POINT('',#58);
#58 = CARTESIAN_POINT('',(769.71481141811,171.52758076014,8.265211028148
    ));
#59 = SURFACE_CURVE('',#60,(#64,#70),.PCURVE_S1.);
#60 = LINE('',#61,#62);
#61 = CARTESIAN_POINT('',(769.71481141811,94.121448131989,8.125958732231
    ));
#62 = VECTOR('',#63,1.);
#63 = DIRECTION('',(-0.,0.999998381834,1.79897982052E-03));
#64 = PCURVE('',#32,#65);
#65 = DEFINITIONAL_REPRESENTATION('',(#66),#69);
#66 = B_SPLINE_CURVE_WITH_KNOTS('',1,(#67,#68),.UNSPECIFIED.,.F.,.F.,(2,
    2),(77.39678021288,99.955541440795),.PIECEWISE_BEZIER_KNOTS.);
#67 = CARTESIAN_POINT('',(-135.9259898293,-22.36250653191));
#68 = CARTESIAN_POINT('',(-136.8561087668,0.177071700614));
#69 = ( GEOMETRIC_REPRESENTATION_CONTEXT(2) 
PARAMETRIC_REPRESENTATION_CONTEXT() REPRESENTATION_CONTEXT('2D SPACE',''
  ) );
#70 = PCURVE('',#71,#76);
#71 = PLANE('',#72);
#72 = AXIS2_PLACEMENT_3D('',#73,#74,#75);
#73 = CARTESIAN_POINT('',(769.71481141811,0.,0.));
#74 = DIRECTION('',(-1.,-0.,-0.));
#75 = DIRECTION('',(0.,0.,-1.));
#76 = DEFINITIONAL_REPRESENTATION('',(#77),#80);
#77 = B_SPLINE_CURVE_WITH_KNOTS('',1,(#78,#79),.UNSPECIFIED.,.F.,.F.,(2,
    2),(77.39678021288,99.955541440795),.PIECEWISE_BEZIER_KNOTS.);
#78 = CARTESIAN_POINT('',(-8.265193978007,-171.518103104));
#79 = CARTESIAN_POINT('',(-8.305776734232,-194.0768278281));
#80 = ( GEOMETRIC_REPRESENTATION_CONTEXT(2) 
PARAMETRIC_REPRESENTATION_CONTEXT() REPRESENTATION_CONTEXT('2D SPACE',''
  ) );
#81 = ORIENTED_EDGE('',*,*,#82,.T.);
#82 = EDGE_CURVE('',#57,#83,#85,.T.);
#83 = VERTEX_POINT('',#84);
#84 = CARTESIAN_POINT('',(499.51083745301,179.35545668972,6.237369784865
    ));
#85 = SURFACE_CURVE('',#86,(#91,#99),.PCURVE_S1.);
#86 = B_SPLINE_CURVE_WITH_KNOTS('',3,(#87,#88,#89,#90),.UNSPECIFIED.,.F.
  ,.F.,(4,4),(0.,0.999999999363),.PIECEWISE_BEZIER_KNOTS.);
#87 = CARTESIAN_POINT('',(770.08595826729,171.51682854416,8.267996430883
    ));
#88 = CARTESIAN_POINT('',(678.7308059052,174.16340989426,7.582389394732)
  );
#89 = CARTESIAN_POINT('',(587.37565354312,176.80999124436,6.896782358583
    ));
#90 = CARTESIAN_POINT('',(496.02050118103,179.45657259446,6.211175322432
    ));
#91 = PCURVE('',#32,#92);
#92 = DEFINITIONAL_REPRESENTATION('',(#93),#98);
#93 = B_SPLINE_CURVE_WITH_KNOTS('',3,(#94,#95,#96,#97),.UNSPECIFIED.,.F.
  ,.F.,(4,4),(0.,0.999999999363),.PIECEWISE_BEZIER_KNOTS.);
#94 = CARTESIAN_POINT('',(-136.2967793164,-22.37907813918));
#95 = CARTESIAN_POINT('',(-45.12577515178,-15.96921756652));
#96 = CARTESIAN_POINT('',(46.045229012857,-9.55935699387));
#97 = CARTESIAN_POINT('',(137.2162331775,-3.149496421212));
#98 = ( GEOMETRIC_REPRESENTATION_CONTEXT(2) 
PARAMETRIC_REPRESENTATION_CONTEXT() REPRESENTATION_CONTEXT('2D SPACE',''
  ) );
#99 = PCURVE('',#100,#105);
#100 = PLANE('',#101);
#101 = AXIS2_PLACEMENT_3D('',#102,#103,#104);
#102 = CARTESIAN_POINT('',(633.12871542299,161.08477587237,
    7.214291111643));
#103 = DIRECTION('',(7.556496566387E-03,1.795899506917E-03,
    -0.999969836597));
#104 = DIRECTION('',(-0.999121117743,-4.121729085999E-02,
    -7.624107376985E-03));
#105 = DEFINITIONAL_REPRESENTATION('',(#106),#111);
#106 = B_SPLINE_CURVE_WITH_KNOTS('',3,(#107,#108,#109,#110),
  .UNSPECIFIED.,.F.,.F.,(4,4),(0.,0.999999999363),
  .PIECEWISE_BEZIER_KNOTS.);
#107 = CARTESIAN_POINT('',(-137.2748880653,4.778021765648));
#108 = CARTESIAN_POINT('',(-46.10388389738,11.187882290595));
#109 = CARTESIAN_POINT('',(45.067120270603,17.597742815541));
#110 = CARTESIAN_POINT('',(136.2381244386,24.007603340487));
#111 = ( GEOMETRIC_REPRESENTATION_CONTEXT(2) 
PARAMETRIC_REPRESENTATION_CONTEXT() REPRESENTATION_CONTEXT('2D SPACE',''
  ) );
#112 = ORIENTED_EDGE('',*,*,#113,.F.);
#113 = EDGE_CURVE('',#24,#83,#114,.T.);
#114 = SURFACE_CURVE('',#115,(#119,#125),.PCURVE_S1.);
#115 = LINE('',#116,#117);
#116 = CARTESIAN_POINT('',(499.51083745301,94.125121505139,
    6.084041883663));
#117 = VECTOR('',#118,1.);
#118 = DIRECTION('',(0.,-0.999998381834,-1.79897982052E-03));
#119 = PCURVE('',#32,#120);
#120 = DEFINITIONAL_REPRESENTATION('',(#121),#124);
#121 = B_SPLINE_CURVE_WITH_KNOTS('',1,(#122,#123),.UNSPECIFIED.,.F.,.F.,
  (2,2),(-114.2718765761,-79.43288525828),.PIECEWISE_BEZIER_KNOTS.);
#122 = CARTESIAN_POINT('',(132.53552814157,25.622314870198));
#123 = CARTESIAN_POINT('',(133.9719725128,-9.187050875437));
#124 = ( GEOMETRIC_REPRESENTATION_CONTEXT(2) 
PARAMETRIC_REPRESENTATION_CONTEXT() REPRESENTATION_CONTEXT('2D SPACE',''
  ) );
#125 = PCURVE('',#126,#131);
#126 = PLANE('',#127);
#127 = AXIS2_PLACEMENT_3D('',#128,#129,#130);
#128 = CARTESIAN_POINT('',(499.51083745301,0.,0.));
#129 = DIRECTION('',(1.,0.,0.));
#130 = DIRECTION('',(-0.,0.,1.));
#131 = DEFINITIONAL_REPRESENTATION('',(#132),#135);
#132 = B_SPLINE_CURVE_WITH_KNOTS('',1,(#133,#134),.UNSPECIFIED.,.F.,.F.,
  (2,2),(-114.2718765761,-79.43288525828),.PIECEWISE_BEZIER_KNOTS.);
#133 = CARTESIAN_POINT('',(6.289614683676,-208.3968131704));
#134 = CARTESIAN_POINT('',(6.226940041328,-173.5578782278));
#135 = ( GEOMETRIC_REPRESENTATION_CONTEXT(2) 
PARAMETRIC_REPRESENTATION_CONTEXT() REPRESENTATION_CONTEXT('2D SPACE',''
  ) );
#136 = ADVANCED_FACE('',(#137),#44,.T.);
#137 = FACE_BOUND('',#138,.T.);
#138 = EDGE_LOOP('',(#139,#188,#207,#208));
#139 = ORIENTED_EDGE('',*,*,#140,.F.);
#140 = EDGE_CURVE('',#141,#143,#145,.T.);
#141 = VERTEX_POINT('',#142);
#142 = CARTESIAN_POINT('',(769.71481141811,193.52266335922,
    8.460060447676));
#143 = VERTEX_POINT('',#144);
#144 = CARTESIAN_POINT('',(499.51083745301,208.36657323756,
    6.489829718163));
#145 = SURFACE_CURVE('',#146,(#150,#157),.PCURVE_S1.);
#146 = LINE('',#147,#148);
#147 = CARTESIAN_POINT('',(769.9625539397,193.50905339039,8.461866897529
    ));
#148 = VECTOR('',#149,1.);
#149 = DIRECTION('',(-0.998467965009,5.485177834925E-02,
    -7.280471261131E-03));
#150 = PCURVE('',#44,#151);
#151 = DEFINITIONAL_REPRESENTATION('',(#152),#156);
#152 = LINE('',#153,#154);
#153 = CARTESIAN_POINT('',(0.,0.));
#154 = VECTOR('',#155,1.);
#155 = DIRECTION('',(1.914992607603E-02,-0.999816623352));
#156 = ( GEOMETRIC_REPRESENTATION_CONTEXT(2) 
PARAMETRIC_REPRESENTATION_CONTEXT() REPRESENTATION_CONTEXT('2D SPACE',''
  ) );
#157 = PCURVE('',#158,#183);
#158 = B_SPLINE_SURFACE_WITH_KNOTS('',3,3,(
    (#159,#160,#161,#162)
    ,(#163,#164,#165,#166)
    ,(#167,#168,#169,#170)
    ,(#171,#172,#173,#174)
    ,(#175,#176,#177,#178)
    ,(#179,#180,#181,#182
    )),.UNSPECIFIED.,.F.,.F.,.F.,(4,2,4),(4,4),(4.034381095125E-02,
    0.676536383594,1.),(0.,1.),.UNSPECIFIED.);
#159 = CARTESIAN_POINT('',(769.9680318431,147.07314889002,
    19.159673311961));
#160 = CARTESIAN_POINT('',(678.59731710116,146.70043622546,
    19.685529548238));
#161 = CARTESIAN_POINT('',(587.22660235921,146.3277235609,
    20.211385784515));
#162 = CARTESIAN_POINT('',(495.85588761727,145.95501089634,
    20.737242020792));
#163 = CARTESIAN_POINT('',(769.94926748953,160.41605174392,
    16.834280070779));
#164 = CARTESIAN_POINT('',(678.57999923676,159.72907372223,
    17.436796802142));
#165 = CARTESIAN_POINT('',(587.21073098399,159.04209570054,
    18.039313533505));
#166 = CARTESIAN_POINT('',(495.84146273122,158.35511767885,
    18.641830264869));
#167 = CARTESIAN_POINT('',(769.94978178923,172.89341547813,
    13.873285531398));
#168 = CARTESIAN_POINT('',(678.57876246215,172.93048530106,
    14.459058719932));
#169 = CARTESIAN_POINT('',(587.20774313508,172.967555124,15.044831908466
    ));
#170 = CARTESIAN_POINT('',(495.836723808,173.00462494693,15.630605097001
    ));
#171 = CARTESIAN_POINT('',(769.95671358877,186.8771496889,
    10.278082349495));
#172 = CARTESIAN_POINT('',(678.58928653884,190.63974490069,9.96317843543
    ));
#173 = CARTESIAN_POINT('',(587.22185948891,194.40234011247,
    9.648274521367));
#174 = CARTESIAN_POINT('',(495.85443243898,198.16493532426,
    9.333370607302));
#175 = CARTESIAN_POINT('',(769.96010501918,190.76149647099,
    9.215589555598));
#176 = CARTESIAN_POINT('',(678.59478652933,195.70691570332,
    8.569636389789));
#177 = CARTESIAN_POINT('',(587.22946803948,200.65233493564,
    7.923683223981));
#178 = CARTESIAN_POINT('',(495.86414954963,205.59775416797,
    7.277730058172));
#179 = CARTESIAN_POINT('',(769.9625539397,193.50905339039,8.461866897529
    ));
#180 = CARTESIAN_POINT('',(678.59766212972,198.52826980001,7.79566678655
    ));
#181 = CARTESIAN_POINT('',(587.23277031973,203.54748620963,
    7.129466675571));
#182 = CARTESIAN_POINT('',(495.86787850975,208.56670261925,
    6.463266564592));
#183 = DEFINITIONAL_REPRESENTATION('',(#184),#187);
#184 = B_SPLINE_CURVE_WITH_KNOTS('',1,(#185,#186),.UNSPECIFIED.,.F.,.F.,
  (2,2),(0.,274.51524238672),.PIECEWISE_BEZIER_KNOTS.);
#185 = CARTESIAN_POINT('',(1.,-1.259565974393E-16));
#186 = CARTESIAN_POINT('',(1.,1.));
#187 = ( GEOMETRIC_REPRESENTATION_CONTEXT(2) 
PARAMETRIC_REPRESENTATION_CONTEXT() REPRESENTATION_CONTEXT('2D SPACE',''
  ) );
#188 = ORIENTED_EDGE('',*,*,#189,.F.);
#189 = EDGE_CURVE('',#22,#141,#190,.T.);
#190 = SURFACE_CURVE('',#191,(#195,#201),.PCURVE_S1.);
#191 = LINE('',#192,#193);
#192 = CARTESIAN_POINT('',(769.71481141811,193.2575373359,0.863085230506
    ));
#193 = VECTOR('',#194,1.);
#194 = DIRECTION('',(-0.,3.487765989009E-02,0.999391589339));
#195 = PCURVE('',#44,#196);
#196 = DEFINITIONAL_REPRESENTATION('',(#197),#200);
#197 = B_SPLINE_CURVE_WITH_KNOTS('',1,(#198,#199),.UNSPECIFIED.,.F.,.F.,
  (2,2),(7.445775022294,8.40024532279),.PIECEWISE_BEZIER_KNOTS.);
#198 = CARTESIAN_POINT('',(-0.151026740581,-0.251896677673));
#199 = CARTESIAN_POINT('',(0.803156784938,-0.228501076464));
#200 = ( GEOMETRIC_REPRESENTATION_CONTEXT(2) 
PARAMETRIC_REPRESENTATION_CONTEXT() REPRESENTATION_CONTEXT('2D SPACE',''
  ) );
#201 = PCURVE('',#71,#202);
#202 = DEFINITIONAL_REPRESENTATION('',(#203),#206);
#203 = B_SPLINE_CURVE_WITH_KNOTS('',1,(#204,#205),.UNSPECIFIED.,.F.,.F.,
  (2,2),(7.445775022294,8.40024532279),.PIECEWISE_BEZIER_KNOTS.);
#204 = CARTESIAN_POINT('',(-8.304330163893,-193.5172285447));
#205 = CARTESIAN_POINT('',(-9.258219754482,-193.5505182352));
#206 = ( GEOMETRIC_REPRESENTATION_CONTEXT(2) 
PARAMETRIC_REPRESENTATION_CONTEXT() REPRESENTATION_CONTEXT('2D SPACE',''
  ) );
#207 = ORIENTED_EDGE('',*,*,#21,.T.);
#208 = ORIENTED_EDGE('',*,*,#209,.F.);
#209 = EDGE_CURVE('',#143,#24,#210,.T.);
#210 = SURFACE_CURVE('',#211,(#215,#221),.PCURVE_S1.);
#211 = LINE('',#212,#213);
#212 = CARTESIAN_POINT('',(499.51083745301,208.15206555194,
    0.343282687754));
#213 = VECTOR('',#214,1.);
#214 = DIRECTION('',(0.,-3.487765989009E-02,-0.999391589339));
#215 = PCURVE('',#44,#216);
#216 = DEFINITIONAL_REPRESENTATION('',(#217),#220);
#217 = B_SPLINE_CURVE_WITH_KNOTS('',1,(#218,#219),.UNSPECIFIED.,.F.,.F.,
  (2,2),(-6.157803803653,-0.810580689804),.PIECEWISE_BEZIER_KNOTS.);
#218 = CARTESIAN_POINT('',(5.194589775575,-270.8168389113));
#219 = CARTESIAN_POINT('',(-0.151026740581,-270.9479079446));
#220 = ( GEOMETRIC_REPRESENTATION_CONTEXT(2) 
PARAMETRIC_REPRESENTATION_CONTEXT() REPRESENTATION_CONTEXT('2D SPACE',''
  ) );
#221 = PCURVE('',#126,#222);
#222 = DEFINITIONAL_REPRESENTATION('',(#223),#226);
#223 = B_SPLINE_CURVE_WITH_KNOTS('',1,(#224,#225),.UNSPECIFIED.,.F.,.F.,
  (2,2),(-6.157803803653,-0.810580689804),.PIECEWISE_BEZIER_KNOTS.);
#224 = CARTESIAN_POINT('',(6.497340017922,-208.3668353386));
#225 = CARTESIAN_POINT('',(1.153370211625,-208.1803367095));
#226 = ( GEOMETRIC_REPRESENTATION_CONTEXT(2) 
PARAMETRIC_REPRESENTATION_CONTEXT() REPRESENTATION_CONTEXT('2D SPACE',''
  ) );
#227 = ADVANCED_FACE('',(#228,#889),#126,.F.);
#228 = FACE_BOUND('',#229,.F.);
#229 = EDGE_LOOP('',(#230,#231,#232,#378,#410,#471,#700,#785,#870));
#230 = ORIENTED_EDGE('',*,*,#113,.F.);
#231 = ORIENTED_EDGE('',*,*,#209,.F.);
#232 = ORIENTED_EDGE('',*,*,#233,.T.);
#233 = EDGE_CURVE('',#143,#234,#236,.T.);
#234 = VERTEX_POINT('',#235);
#235 = CARTESIAN_POINT('',(499.51083745301,146.13149174739,
    20.688277401356));
#236 = SURFACE_CURVE('',#237,(#282,#330),.PCURVE_S1.);
#237 = B_SPLINE_CURVE_WITH_KNOTS('',7,(#238,#239,#240,#241,#242,#243,
    #244,#245,#246,#247,#248,#249,#250,#251,#252,#253,#254,#255,#256,
    #257,#258,#259,#260,#261,#262,#263,#264,#265,#266,#267,#268,#269,
    #270,#271,#272,#273,#274,#275,#276,#277,#278,#279,#280,#281),
  .UNSPECIFIED.,.F.,.F.,(8,6,6,6,6,6,6,8),(0.,2.588015912183E-02,
    7.753515211656E-02,0.143259554404,0.301537586342,0.313589479676,
    0.677156000334,1.),.UNSPECIFIED.);
#238 = CARTESIAN_POINT('',(499.51083745301,208.36657323754,
    6.489829718165));
#239 = CARTESIAN_POINT('',(499.51083745301,208.13792105267,6.55255301244
    ));
#240 = CARTESIAN_POINT('',(499.51083745301,207.90926360991,
    6.615353210407));
#241 = CARTESIAN_POINT('',(499.51083745301,207.68059466525,
    6.678169558109));
#242 = CARTESIAN_POINT('',(499.51083745301,207.45191343728,
    6.740983780572));
#243 = CARTESIAN_POINT('',(499.51083745301,207.22321821479,
    6.803777221097));
#244 = CARTESIAN_POINT('',(499.51083745301,206.99450785443,
    6.866541128224));
#245 = CARTESIAN_POINT('',(499.51083745301,206.30925677946,
    7.054465535163));
#246 = CARTESIAN_POINT('',(499.51083745301,205.85266885513,
    7.179513874946));
#247 = CARTESIAN_POINT('',(499.51083745301,205.39600921416,
    7.304353456978));
#248 = CARTESIAN_POINT('',(499.51083745301,204.9392765024,7.428965182286
    ));
#249 = CARTESIAN_POINT('',(499.51083745301,204.48246857493,
    7.553329934337));
#250 = CARTESIAN_POINT('',(499.51083745301,204.02558409372,
    7.677437433774));
#251 = CARTESIAN_POINT('',(499.51083745301,202.98719401482,7.95884956836
    ));
#252 = CARTESIAN_POINT('',(499.51083745301,202.40564075486,
    8.115988874285));
#253 = CARTESIAN_POINT('',(499.51083745301,201.82395884784,
    8.272677018369));
#254 = CARTESIAN_POINT('',(499.51083745301,201.24214648874,
    8.428900455476));
#255 = CARTESIAN_POINT('',(499.51083745301,200.66020195341,
    8.584647348511));
#256 = CARTESIAN_POINT('',(499.51083745301,200.07812331271,
    8.739905893032));
#257 = CARTESIAN_POINT('',(499.51083745301,198.09381416593,
    9.267356122146));
#258 = CARTESIAN_POINT('',(499.51083745301,196.69093148672,
    9.637148804779));
#259 = CARTESIAN_POINT('',(499.51083745301,195.28723127443,
    10.003882559107));
#260 = CARTESIAN_POINT('',(499.51083745301,193.88268246605,
    10.367394061597));
#261 = CARTESIAN_POINT('',(499.51083745301,192.4772469563,
    10.727486446805));
#262 = CARTESIAN_POINT('',(499.51083745301,191.07087919851,
    11.083929161102));
#263 = CARTESIAN_POINT('',(499.51083745301,189.5563597699,
    11.463278421286));
#264 = CARTESIAN_POINT('',(499.51083745301,189.44918501968,
    11.490097639154));
#265 = CARTESIAN_POINT('',(499.51083745301,189.34205565235,
    11.516887559127));
#266 = CARTESIAN_POINT('',(499.51083745301,189.23500358399,
    11.54363679471));
#267 = CARTESIAN_POINT('',(499.51083745301,189.12803728579,
    11.570341929423));
#268 = CARTESIAN_POINT('',(499.51083745301,189.02114230022,
    11.597009490153));
#269 = CARTESIAN_POINT('',(499.51083745301,185.69056295669,
    12.427237686097));
#270 = CARTESIAN_POINT('',(499.51083745301,182.46236522972,
    13.21278534051));
#271 = CARTESIAN_POINT('',(499.51083745301,179.22966898755,
    13.979736676048));
#272 = CARTESIAN_POINT('',(499.51083745301,175.99246110222,
    14.727462449278));
#273 = CARTESIAN_POINT('',(499.51083745301,172.75072950071,
    15.45524631133));
#274 = CARTESIAN_POINT('',(499.51083745301,169.50445573045,
    16.162251878851));
#275 = CARTESIAN_POINT('',(499.51083745301,163.36687292181,
    17.455935595402));
#276 = CARTESIAN_POINT('',(499.51083745301,160.47654626102,
    18.047217848036));
#277 = CARTESIAN_POINT('',(499.51083745301,157.58258786701,
    18.62061214884));
#278 = CARTESIAN_POINT('',(499.51083745301,154.6849718982,
    19.175292030446));
#279 = CARTESIAN_POINT('',(499.51083745301,151.78367857711,
    19.710292450272));
#280 = CARTESIAN_POINT('',(499.51083745301,148.87868072297,
    20.224436893569));
#281 = CARTESIAN_POINT('',(499.51083745301,145.9699198975,
    20.716207073546));
#282 = PCURVE('',#126,#283);
#283 = DEFINITIONAL_REPRESENTATION('',(#284),#329);
#284 = B_SPLINE_CURVE_WITH_KNOTS('',7,(#285,#286,#287,#288,#289,#290,
    #291,#292,#293,#294,#295,#296,#297,#298,#299,#300,#301,#302,#303,
    #304,#305,#306,#307,#308,#309,#310,#311,#312,#313,#314,#315,#316,
    #317,#318,#319,#320,#321,#322,#323,#324,#325,#326,#327,#328),
  .UNSPECIFIED.,.F.,.F.,(8,6,6,6,6,6,6,8),(0.,2.588015912183E-02,
    7.753515211656E-02,0.143259554404,0.301537586342,0.313589479676,
    0.677156000334,1.),.UNSPECIFIED.);
#285 = CARTESIAN_POINT('',(6.489829718165,-208.3665732375));
#286 = CARTESIAN_POINT('',(6.55255301244,-208.1379210526));
#287 = CARTESIAN_POINT('',(6.615353210407,-207.9092636099));
#288 = CARTESIAN_POINT('',(6.678169558109,-207.6805946652));
#289 = CARTESIAN_POINT('',(6.740983780572,-207.4519134372));
#290 = CARTESIAN_POINT('',(6.803777221097,-207.2232182147));
#291 = CARTESIAN_POINT('',(6.866541128224,-206.9945078544));
#292 = CARTESIAN_POINT('',(7.054465535163,-206.3092567794));
#293 = CARTESIAN_POINT('',(7.179513874946,-205.8526688551));
#294 = CARTESIAN_POINT('',(7.304353456978,-205.3960092141));
#295 = CARTESIAN_POINT('',(7.428965182286,-204.9392765024));
#296 = CARTESIAN_POINT('',(7.553329934337,-204.4824685749));
#297 = CARTESIAN_POINT('',(7.677437433774,-204.0255840937));
#298 = CARTESIAN_POINT('',(7.95884956836,-202.9871940148));
#299 = CARTESIAN_POINT('',(8.115988874285,-202.4056407548));
#300 = CARTESIAN_POINT('',(8.272677018369,-201.8239588478));
#301 = CARTESIAN_POINT('',(8.428900455476,-201.2421464887));
#302 = CARTESIAN_POINT('',(8.584647348511,-200.6602019534));
#303 = CARTESIAN_POINT('',(8.739905893032,-200.0781233127));
#304 = CARTESIAN_POINT('',(9.267356122146,-198.0938141659));
#305 = CARTESIAN_POINT('',(9.637148804779,-196.6909314867));
#306 = CARTESIAN_POINT('',(10.003882559107,-195.2872312744));
#307 = CARTESIAN_POINT('',(10.367394061597,-193.882682466));
#308 = CARTESIAN_POINT('',(10.727486446805,-192.4772469563));
#309 = CARTESIAN_POINT('',(11.083929161102,-191.0708791985));
#310 = CARTESIAN_POINT('',(11.463278421286,-189.5563597699));
#311 = CARTESIAN_POINT('',(11.490097639154,-189.4491850196));
#312 = CARTESIAN_POINT('',(11.516887559127,-189.3420556523));
#313 = CARTESIAN_POINT('',(11.54363679471,-189.2350035839));
#314 = CARTESIAN_POINT('',(11.570341929423,-189.1280372857));
#315 = CARTESIAN_POINT('',(11.597009490153,-189.0211423002));
#316 = CARTESIAN_POINT('',(12.427237686097,-185.6905629566));
#317 = CARTESIAN_POINT('',(13.21278534051,-182.4623652297));
#318 = CARTESIAN_POINT('',(13.979736676048,-179.2296689875));
#319 = CARTESIAN_POINT('',(14.727462449278,-175.9924611022));
#320 = CARTESIAN_POINT('',(15.45524631133,-172.7507295007));
#321 = CARTESIAN_POINT('',(16.162251878851,-169.5044557304));
#322 = CARTESIAN_POINT('',(17.455935595402,-163.3668729218));
#323 = CARTESIAN_POINT('',(18.047217848036,-160.476546261));
#324 = CARTESIAN_POINT('',(18.62061214884,-157.582587867));
#325 = CARTESIAN_POINT('',(19.175292030446,-154.6849718982));
#326 = CARTESIAN_POINT('',(19.710292450272,-151.7836785771));
#327 = CARTESIAN_POINT('',(20.224436893569,-148.8786807229));
#328 = CARTESIAN_POINT('',(20.716207073546,-145.9699198975));
#329 = ( GEOMETRIC_REPRESENTATION_CONTEXT(2) 
PARAMETRIC_REPRESENTATION_CONTEXT() REPRESENTATION_CONTEXT('2D SPACE',''
  ) );
#330 = PCURVE('',#158,#331);
#331 = DEFINITIONAL_REPRESENTATION('',(#332),#377);
#332 = B_SPLINE_CURVE_WITH_KNOTS('',7,(#333,#334,#335,#336,#337,#338,
    #339,#340,#341,#342,#343,#344,#345,#346,#347,#348,#349,#350,#351,
    #352,#353,#354,#355,#356,#357,#358,#359,#360,#361,#362,#363,#364,
    #365,#366,#367,#368,#369,#370,#371,#372,#373,#374,#375,#376),
  .UNSPECIFIED.,.F.,.F.,(8,6,6,6,6,6,6,8),(0.,2.588015912183E-02,
    7.753515211656E-02,0.143259554404,0.301537586342,0.313589479676,
    0.677156000334,1.),.UNSPECIFIED.);
#333 = CARTESIAN_POINT('',(1.,0.986709121811));
#334 = CARTESIAN_POINT('',(0.991688533455,0.986708077874));
#335 = CARTESIAN_POINT('',(0.984119025855,0.986707027347));
#336 = CARTESIAN_POINT('',(0.977035353014,0.986705975524));
#337 = CARTESIAN_POINT('',(0.970351374479,0.986704923977));
#338 = CARTESIAN_POINT('',(0.963982613803,0.98670387433));
#339 = CARTESIAN_POINT('',(0.957884478225,0.986702827351));
#340 = CARTESIAN_POINT('',(0.940306493479,0.986699700771));
#341 = CARTESIAN_POINT('',(0.929516198341,0.986697631224));
#342 = CARTESIAN_POINT('',(0.919347770458,0.986695580302));
#343 = CARTESIAN_POINT('',(0.909688435511,0.986693549668));
#344 = CARTESIAN_POINT('',(0.900435550617,0.986691540997));
#345 = CARTESIAN_POINT('',(0.891530271225,0.986689555194));
#346 = CARTESIAN_POINT('',(0.871968945696,0.986685096619));
#347 = CARTESIAN_POINT('',(0.861496954156,0.986682638527));
#348 = CARTESIAN_POINT('',(0.851406208058,0.986680220511));
#349 = CARTESIAN_POINT('',(0.841634655679,0.986677843759));
#350 = CARTESIAN_POINT('',(0.832137493726,0.986675509309));
#351 = CARTESIAN_POINT('',(0.822877576927,0.986673218199));
#352 = CARTESIAN_POINT('',(0.792030303437,0.986665560741));
#353 = CARTESIAN_POINT('',(0.771445196326,0.986660407229));
#354 = CARTESIAN_POINT('',(0.751671480159,0.986655524987));
#355 = CARTESIAN_POINT('',(0.732529155896,0.986650928339));
#356 = CARTESIAN_POINT('',(0.713863026252,0.986646634539));
#357 = CARTESIAN_POINT('',(0.695569133249,0.98664266379));
#358 = CARTESIAN_POINT('',(0.676183895271,0.986638765239));
#359 = CARTESIAN_POINT('',(0.674814661477,0.986638491485));
#360 = CARTESIAN_POINT('',(0.673442679877,0.986638219354));
#361 = CARTESIAN_POINT('',(0.672071074894,0.986637949212));
#362 = CARTESIAN_POINT('',(0.670701023489,0.986637681188));
#363 = CARTESIAN_POINT('',(0.66933006881,0.986637415002));
#364 = CARTESIAN_POINT('',(0.626597011815,0.986629177201));
#365 = CARTESIAN_POINT('',(0.584431596885,0.986622800385));
#366 = CARTESIAN_POINT('',(0.541402115703,0.98661806702));
#367 = CARTESIAN_POINT('',(0.49743799602,0.98661503012));
#368 = CARTESIAN_POINT('',(0.452456843868,0.986613749977));
#369 = CARTESIAN_POINT('',(0.406358981715,0.986614297069));
#370 = CARTESIAN_POINT('',(0.316980311018,0.986618941014));
#371 = CARTESIAN_POINT('',(0.27396240485,0.986622633441));
#372 = CARTESIAN_POINT('',(0.22987661772,0.986627893702));
#373 = CARTESIAN_POINT('',(0.184617025019,0.986634791573));
#374 = CARTESIAN_POINT('',(0.138057376166,0.986643408334));
#375 = CARTESIAN_POINT('',(9.003825113389E-02,0.986653843132));
#376 = CARTESIAN_POINT('',(4.034381095125E-02,0.986666224344));
#377 = ( GEOMETRIC_REPRESENTATION_CONTEXT(2) 
PARAMETRIC_REPRESENTATION_CONTEXT() REPRESENTATION_CONTEXT('2D SPACE',''
  ) );
#378 = ORIENTED_EDGE('',*,*,#379,.T.);
#379 = EDGE_CURVE('',#234,#380,#382,.T.);
#380 = VERTEX_POINT('',#381);
#381 = CARTESIAN_POINT('',(499.51083745301,144.302144066,20.621239435972
    ));
#382 = SURFACE_CURVE('',#383,(#388,#395),.PCURVE_S1.);
#383 = ELLIPSE('',#384,4.512250098098,4.512152023476);
#384 = AXIS2_PLACEMENT_3D('',#385,#386,#387);
#385 = CARTESIAN_POINT('',(499.51083745301,145.37870744792,
    16.239306844024));
#386 = DIRECTION('',(1.,0.,0.));
#387 = DIRECTION('',(0.,-0.517806223265,0.855497934041));
#388 = PCURVE('',#126,#389);
#389 = DEFINITIONAL_REPRESENTATION('',(#390),#394);
#390 = ELLIPSE('',#391,4.512250098098,4.512152023476);
#391 = AXIS2_PLACEMENT_2D('',#392,#393);
#392 = CARTESIAN_POINT('',(16.239306844024,-145.3787074479));
#393 = DIRECTION('',(0.855497934041,0.517806223265));
#394 = ( GEOMETRIC_REPRESENTATION_CONTEXT(2) 
PARAMETRIC_REPRESENTATION_CONTEXT() REPRESENTATION_CONTEXT('2D SPACE',''
  ) );
#395 = PCURVE('',#396,#401);
#396 = CYLINDRICAL_SURFACE('',#397,4.512152023476);
#397 = AXIS2_PLACEMENT_3D('',#398,#399,#400);
#398 = CARTESIAN_POINT('',(549.33959030248,145.54882577433,
    15.958244411308));
#399 = DIRECTION('',(-0.999978264808,-3.413985282142E-03,
    5.640444676969E-03));
#400 = DIRECTION('',(3.408732545852E-03,-0.999993747874,
    -9.406139736871E-04));
#401 = DEFINITIONAL_REPRESENTATION('',(#402),#409);
#402 = B_SPLINE_CURVE_WITH_KNOTS('',5,(#403,#404,#405,#406,#407,#408),
  .UNSPECIFIED.,.F.,.F.,(6,6),(5.567164672418,5.996528818094),
  .PIECEWISE_BEZIER_KNOTS.);
#403 = CARTESIAN_POINT('',(1.743463334783,49.852280045211));
#404 = CARTESIAN_POINT('',(1.657590505648,49.853956932142));
#405 = CARTESIAN_POINT('',(1.571717676513,49.855426941148));
#406 = CARTESIAN_POINT('',(1.485844847378,49.856664278654));
#407 = CARTESIAN_POINT('',(1.399972018243,49.857649648758));
#408 = CARTESIAN_POINT('',(1.314099189108,49.858371987503));
#409 = ( GEOMETRIC_REPRESENTATION_CONTEXT(2) 
PARAMETRIC_REPRESENTATION_CONTEXT() REPRESENTATION_CONTEXT('2D SPACE',''
  ) );
#410 = ORIENTED_EDGE('',*,*,#411,.T.);
#411 = EDGE_CURVE('',#380,#412,#414,.T.);
#412 = VERTEX_POINT('',#413);
#413 = CARTESIAN_POINT('',(499.51083745301,142.22197413318,
    20.554189095911));
#414 = SURFACE_CURVE('',#415,(#426,#440),.PCURVE_S1.);
#415 = B_SPLINE_CURVE_WITH_KNOTS('',5,(#416,#417,#418,#419,#420,#421,
    #422,#423,#424,#425),.UNSPECIFIED.,.F.,.F.,(6,4,6),(0.,
    0.499998987982,1.),.UNSPECIFIED.);
#416 = CARTESIAN_POINT('',(499.51083745301,144.30219655465,
    20.621141440129));
#417 = CARTESIAN_POINT('',(499.51083745301,144.09863941624,
    20.570930884981));
#418 = CARTESIAN_POINT('',(499.51083745301,143.89242047974,
    20.53154538517));
#419 = CARTESIAN_POINT('',(499.51083745301,143.68432809739,
    20.503019441497));
#420 = CARTESIAN_POINT('',(499.51083745301,143.4751326633,
    20.485372210225));
#421 = CARTESIAN_POINT('',(499.51083745301,143.05603344097,
    20.47188452362));
#422 = CARTESIAN_POINT('',(499.51083745301,142.84613525726,
    20.476044337014));
#423 = CARTESIAN_POINT('',(499.51083745301,142.63663827188,
    20.491131305163));
#424 = CARTESIAN_POINT('',(499.51083745301,142.42831250929,
    20.517175789662));
#425 = CARTESIAN_POINT('',(499.51083745301,142.22194688426,
    20.554193999203));
#426 = PCURVE('',#126,#427);
#427 = DEFINITIONAL_REPRESENTATION('',(#428),#439);
#428 = B_SPLINE_CURVE_WITH_KNOTS('',5,(#429,#430,#431,#432,#433,#434,
    #435,#436,#437,#438),.UNSPECIFIED.,.F.,.F.,(6,4,6),(0.,
    0.499998987982,1.),.UNSPECIFIED.);
#429 = CARTESIAN_POINT('',(20.621141440129,-144.3021965546));
#430 = CARTESIAN_POINT('',(20.570930884981,-144.0986394162));
#431 = CARTESIAN_POINT('',(20.53154538517,-143.8924204797));
#432 = CARTESIAN_POINT('',(20.503019441497,-143.6843280973));
#433 = CARTESIAN_POINT('',(20.485372210225,-143.4751326633));
#434 = CARTESIAN_POINT('',(20.47188452362,-143.0560334409));
#435 = CARTESIAN_POINT('',(20.476044337014,-142.8461352572));
#436 = CARTESIAN_POINT('',(20.491131305163,-142.6366382718));
#437 = CARTESIAN_POINT('',(20.517175789662,-142.4283125092));
#438 = CARTESIAN_POINT('',(20.554193999203,-142.2219468842));
#439 = ( GEOMETRIC_REPRESENTATION_CONTEXT(2) 
PARAMETRIC_REPRESENTATION_CONTEXT() REPRESENTATION_CONTEXT('2D SPACE',''
  ) );
#440 = PCURVE('',#441,#458);
#441 = B_SPLINE_SURFACE_WITH_KNOTS('',3,3,(
    (#442,#443,#444,#445)
    ,(#446,#447,#448,#449)
    ,(#450,#451,#452,#453)
    ,(#454,#455,#456,#457
    )),.UNSPECIFIED.,.F.,.F.,.F.,(4,4),(4,4),(-1.312478890292E-05,
    1.000013124789),(-5.731825175938E-05,27.412824506074),
  .PIECEWISE_BEZIER_KNOTS.);
#442 = CARTESIAN_POINT('',(769.99421311832,143.18996608871,
    18.959166813856));
#443 = CARTESIAN_POINT('',(678.62027076254,142.85509818841,
    19.50089811564));
#444 = CARTESIAN_POINT('',(587.24623900832,142.52960677666,
    20.039294322093));
#445 = CARTESIAN_POINT('',(495.87216224448,142.20918441707,
    20.575549761218));
#446 = CARTESIAN_POINT('',(769.9918753815,143.84330726426,
    18.868632683726));
#447 = CARTESIAN_POINT('',(678.61777300922,143.52368721642,
    19.397265942095));
#448 = CARTESIAN_POINT('',(587.24361990321,143.20911558842,
    19.92491182564));
#449 = CARTESIAN_POINT('',(495.86944118223,142.89743251355,
    20.451793535385));
#450 = CARTESIAN_POINT('',(769.99024839843,144.51453039983,
    18.909075792271));
#451 = CARTESIAN_POINT('',(678.61601157713,144.21322551481,
    19.43115284233));
#452 = CARTESIAN_POINT('',(587.24175493954,143.91224392722,
    19.952953438109));
#453 = CARTESIAN_POINT('',(495.86748872468,143.61166757187,
    20.474566259325));
#454 = CARTESIAN_POINT('',(769.98945665432,145.15227826584,
    19.077401719916));
#455 = CARTESIAN_POINT('',(678.61512750095,144.86837459084,
    19.599811342481));
#456 = CARTESIAN_POINT('',(587.24079923987,144.58045098482,
    20.121069725827));
#457 = CARTESIAN_POINT('',(495.86647230933,144.29063871556,
    20.641915005522));
#458 = DEFINITIONAL_REPRESENTATION('',(#459),#470);
#459 = B_SPLINE_CURVE_WITH_KNOTS('',5,(#460,#461,#462,#463,#464,#465,
    #466,#467,#468,#469),.UNSPECIFIED.,.F.,.F.,(6,4,6),(0.,
    0.499998987982,1.),.UNSPECIFIED.);
#460 = CARTESIAN_POINT('',(1.000013124789,27.048380231097));
#461 = CARTESIAN_POINT('',(0.900013451754,27.048410650486));
#462 = CARTESIAN_POINT('',(0.8000049885,27.048448084601));
#463 = CARTESIAN_POINT('',(0.699999893894,27.048492323449));
#464 = CARTESIAN_POINT('',(0.600000552941,27.048543153431));
#465 = CARTESIAN_POINT('',(0.399999042366,27.048657587373));
#466 = CARTESIAN_POINT('',(0.299999500828,27.048721189853));
#467 = CARTESIAN_POINT('',(0.199994409747,27.048790972759));
#468 = CARTESIAN_POINT('',(9.998615076466E-02,27.048866729055));
#469 = CARTESIAN_POINT('',(-1.312478890292E-05,27.04894823804));
#470 = ( GEOMETRIC_REPRESENTATION_CONTEXT(2) 
PARAMETRIC_REPRESENTATION_CONTEXT() REPRESENTATION_CONTEXT('2D SPACE',''
  ) );
#471 = ORIENTED_EDGE('',*,*,#472,.T.);
#472 = EDGE_CURVE('',#412,#473,#475,.T.);
#473 = VERTEX_POINT('',#474);
#474 = CARTESIAN_POINT('',(499.51083745301,141.71550608387,
    7.242368249587));
#475 = SURFACE_CURVE('',#476,(#535,#597),.PCURVE_S1.);
#476 = B_SPLINE_CURVE_WITH_KNOTS('',5,(#477,#478,#479,#480,#481,#482,
    #483,#484,#485,#486,#487,#488,#489,#490,#491,#492,#493,#494,#495,
    #496,#497,#498,#499,#500,#501,#502,#503,#504,#505,#506,#507,#508,
    #509,#510,#511,#512,#513,#514,#515,#516,#517,#518,#519,#520,#521,
    #522,#523,#524,#525,#526,#527,#528,#529,#530,#531,#532,#533,#534),
  .UNSPECIFIED.,.F.,.F.,(6,4,4,4,4,4,4,4,4,4,4,4,4,4,6),(0.,
    7.20006006268E-02,0.142991550066,0.212982562649,0.285974284534,
    0.355970239665,0.428959755666,0.502943388651,0.570938749256,
    0.638940111285,0.713938236859,0.788946173923,0.856964297266,
    0.927819134845,1.),.UNSPECIFIED.);
#477 = CARTESIAN_POINT('',(499.51083745301,142.22279074208,
    20.554042561167));
#478 = CARTESIAN_POINT('',(499.51083745301,141.89661264085,
    20.612589463244));
#479 = CARTESIAN_POINT('',(499.51083745301,141.56676867847,
    20.650640009566));
#480 = CARTESIAN_POINT('',(499.51083745301,141.23501418083,
    20.668295007655));
#481 = CARTESIAN_POINT('',(499.51083745301,140.90303072,20.665706099073)
  );
#482 = CARTESIAN_POINT('',(499.51083745301,140.24644709145,
    20.620578245784));
#483 = CARTESIAN_POINT('',(499.51083745301,139.92182833633,
    20.578601353064));
#484 = CARTESIAN_POINT('',(499.51083745301,139.60010078346,
    20.517161979971));
#485 = CARTESIAN_POINT('',(499.51083745301,139.28287831633,
    20.436340582691));
#486 = CARTESIAN_POINT('',(499.51083745301,138.66517502242,
    20.237609298659));
#487 = CARTESIAN_POINT('',(499.51083745301,138.36454123989,
    20.120251178846));
#488 = CARTESIAN_POINT('',(499.51083745301,138.07131239521,
    19.98502936407));
#489 = CARTESIAN_POINT('',(499.51083745301,137.78679058349,
    19.832781154398));
#490 = CARTESIAN_POINT('',(499.51083745301,137.22590786114,
    19.488548834142));
#491 = CARTESIAN_POINT('',(499.51083745301,136.95043796007,
    19.29515203185));
#492 = CARTESIAN_POINT('',(499.51083745301,136.68724761336,
    19.084963775801));
#493 = CARTESIAN_POINT('',(499.51083745301,136.43785763372,
    18.858871021267));
#494 = CARTESIAN_POINT('',(499.51083745301,135.97939145696,
    18.386719919096));
#495 = CARTESIAN_POINT('',(499.51083745301,135.76909032486,
    18.141886864021));
#496 = CARTESIAN_POINT('',(499.51083745301,135.57374329256,
    17.884740597612));
#497 = CARTESIAN_POINT('',(499.51083745301,135.39410818916,
    17.616637297303));
#498 = CARTESIAN_POINT('',(499.51083745301,135.06078964594,
    17.049185588448));
#499 = CARTESIAN_POINT('',(499.51083745301,134.90855586548,
    16.749010071489));
#500 = CARTESIAN_POINT('',(499.51083745301,134.77508412587,
    16.439770383233));
#501 = CARTESIAN_POINT('',(499.51083745301,134.66130964105,
    16.122967712584));
#502 = CARTESIAN_POINT('',(499.51083745301,134.47373445391,
    15.473033044854));
#503 = CARTESIAN_POINT('',(499.51083745301,134.4004919101,
    15.139770700215));
#504 = CARTESIAN_POINT('',(499.51083745301,134.34850376794,
    14.802327803264));
#505 = CARTESIAN_POINT('',(499.51083745301,134.3177786477,
    14.462541889689));
#506 = CARTESIAN_POINT('',(499.51083745301,134.29971480019,
    13.809318782748));
#507 = CARTESIAN_POINT('',(499.51083745301,134.30906613439,
    13.495992945958));
#508 = CARTESIAN_POINT('',(499.51083745301,134.33645411259,
    13.183533687011));
#509 = CARTESIAN_POINT('',(499.51083745301,134.38194364963,
    12.873357817303));
#510 = CARTESIAN_POINT('',(499.51083745301,134.50919287477,
    12.260488694993));
#511 = CARTESIAN_POINT('',(499.51083745301,134.59096305186,
    11.957817761559));
#512 = CARTESIAN_POINT('',(499.51083745301,134.69025774439,
    11.660262320721));
#513 = CARTESIAN_POINT('',(499.51083745301,134.80644750854,
    11.36909608665));
#514 = CARTESIAN_POINT('',(499.51083745301,135.0851042724,
    10.772826097166));
#515 = CARTESIAN_POINT('',(499.51083745301,135.25109304321,
    10.469391268948));
#516 = CARTESIAN_POINT('',(499.51083745301,135.43615262714,
    10.176884917968));
#517 = CARTESIAN_POINT('',(499.51083745301,135.63951157726,9.8970597114)
  );
#518 = CARTESIAN_POINT('',(499.51083745301,136.08111994905,
    9.366340627421));
#519 = CARTESIAN_POINT('',(499.51083745301,136.31936142998,
    9.115482684042));
#520 = CARTESIAN_POINT('',(499.51083745301,136.5734050635,8.880321905411
    ));
#521 = CARTESIAN_POINT('',(499.51083745301,136.84166279468,
    8.661932515392));
#522 = CARTESIAN_POINT('',(499.51083745301,137.37747427449,
    8.279499820701));
#523 = CARTESIAN_POINT('',(499.51083745301,137.64274861925,8.11229959092
    ));
#524 = CARTESIAN_POINT('',(499.51083745301,137.91737897783,
    7.960558111564));
#525 = CARTESIAN_POINT('',(499.51083745301,138.20022713331,
    7.825126386842));
#526 = CARTESIAN_POINT('',(499.51083745301,138.79204148272,
    7.583662680359));
#527 = CARTESIAN_POINT('',(499.51083745301,139.10158601942,7.47910582244
    ));
#528 = CARTESIAN_POINT('',(499.51083745301,139.41707598252,
    7.393452983178));
#529 = CARTESIAN_POINT('',(499.51083745301,139.73691920406,
    7.326909528695));
#530 = CARTESIAN_POINT('',(499.51083745301,140.38832142564,
    7.231611133536));
#531 = CARTESIAN_POINT('',(499.51083745301,140.71996775735,
    7.203589602939));
#532 = CARTESIAN_POINT('',(499.51083745301,141.05293841684,
    7.195872026012));
#533 = CARTESIAN_POINT('',(499.51083745301,141.38555580371,
    7.208739419185));
#534 = CARTESIAN_POINT('',(499.51083745301,141.71606434909,
    7.242425134613));
#535 = PCURVE('',#126,#536);
#536 = DEFINITIONAL_REPRESENTATION('',(#537),#596);
#537 = B_SPLINE_CURVE_WITH_KNOTS('',5,(#538,#539,#540,#541,#542,#543,
    #544,#545,#546,#547,#548,#549,#550,#551,#552,#553,#554,#555,#556,
    #557,#558,#559,#560,#561,#562,#563,#564,#565,#566,#567,#568,#569,
    #570,#571,#572,#573,#574,#575,#576,#577,#578,#579,#580,#581,#582,
    #583,#584,#585,#586,#587,#588,#589,#590,#591,#592,#593,#594,#595),
  .UNSPECIFIED.,.F.,.F.,(6,4,4,4,4,4,4,4,4,4,4,4,4,4,6),(0.,
    7.20006006268E-02,0.142991550066,0.212982562649,0.285974284534,
    0.355970239665,0.428959755666,0.502943388651,0.570938749256,
    0.638940111285,0.713938236859,0.788946173923,0.856964297266,
    0.927819134845,1.),.UNSPECIFIED.);
#538 = CARTESIAN_POINT('',(20.554042561167,-142.222790742));
#539 = CARTESIAN_POINT('',(20.612589463244,-141.8966126408));
#540 = CARTESIAN_POINT('',(20.650640009566,-141.5667686784));
#541 = CARTESIAN_POINT('',(20.668295007655,-141.2350141808));
#542 = CARTESIAN_POINT('',(20.665706099073,-140.90303072));
#543 = CARTESIAN_POINT('',(20.620578245784,-140.2464470914));
#544 = CARTESIAN_POINT('',(20.578601353064,-139.9218283363));
#545 = CARTESIAN_POINT('',(20.517161979971,-139.6001007834));
#546 = CARTESIAN_POINT('',(20.436340582691,-139.2828783163));
#547 = CARTESIAN_POINT('',(20.237609298659,-138.6651750224));
#548 = CARTESIAN_POINT('',(20.120251178846,-138.3645412398));
#549 = CARTESIAN_POINT('',(19.98502936407,-138.0713123952));
#550 = CARTESIAN_POINT('',(19.832781154398,-137.7867905834));
#551 = CARTESIAN_POINT('',(19.488548834142,-137.2259078611));
#552 = CARTESIAN_POINT('',(19.29515203185,-136.95043796));
#553 = CARTESIAN_POINT('',(19.084963775801,-136.6872476133));
#554 = CARTESIAN_POINT('',(18.858871021267,-136.4378576337));
#555 = CARTESIAN_POINT('',(18.386719919096,-135.9793914569));
#556 = CARTESIAN_POINT('',(18.141886864021,-135.7690903248));
#557 = CARTESIAN_POINT('',(17.884740597612,-135.5737432925));
#558 = CARTESIAN_POINT('',(17.616637297303,-135.3941081891));
#559 = CARTESIAN_POINT('',(17.049185588448,-135.0607896459));
#560 = CARTESIAN_POINT('',(16.749010071489,-134.9085558654));
#561 = CARTESIAN_POINT('',(16.439770383233,-134.7750841258));
#562 = CARTESIAN_POINT('',(16.122967712584,-134.661309641));
#563 = CARTESIAN_POINT('',(15.473033044854,-134.4737344539));
#564 = CARTESIAN_POINT('',(15.139770700215,-134.4004919101));
#565 = CARTESIAN_POINT('',(14.802327803264,-134.3485037679));
#566 = CARTESIAN_POINT('',(14.462541889689,-134.3177786477));
#567 = CARTESIAN_POINT('',(13.809318782748,-134.2997148001));
#568 = CARTESIAN_POINT('',(13.495992945958,-134.3090661343));
#569 = CARTESIAN_POINT('',(13.183533687011,-134.3364541125));
#570 = CARTESIAN_POINT('',(12.873357817303,-134.3819436496));
#571 = CARTESIAN_POINT('',(12.260488694993,-134.5091928747));
#572 = CARTESIAN_POINT('',(11.957817761559,-134.5909630518));
#573 = CARTESIAN_POINT('',(11.660262320721,-134.6902577443));
#574 = CARTESIAN_POINT('',(11.36909608665,-134.8064475085));
#575 = CARTESIAN_POINT('',(10.772826097166,-135.0851042724));
#576 = CARTESIAN_POINT('',(10.469391268948,-135.2510930432));
#577 = CARTESIAN_POINT('',(10.176884917968,-135.4361526271));
#578 = CARTESIAN_POINT('',(9.8970597114,-135.6395115772));
#579 = CARTESIAN_POINT('',(9.366340627421,-136.081119949));
#580 = CARTESIAN_POINT('',(9.115482684042,-136.3193614299));
#581 = CARTESIAN_POINT('',(8.880321905411,-136.5734050635));
#582 = CARTESIAN_POINT('',(8.661932515392,-136.8416627946));
#583 = CARTESIAN_POINT('',(8.279499820701,-137.3774742744));
#584 = CARTESIAN_POINT('',(8.11229959092,-137.6427486192));
#585 = CARTESIAN_POINT('',(7.960558111564,-137.9173789778));
#586 = CARTESIAN_POINT('',(7.825126386842,-138.2002271333));
#587 = CARTESIAN_POINT('',(7.583662680359,-138.7920414827));
#588 = CARTESIAN_POINT('',(7.47910582244,-139.1015860194));
#589 = CARTESIAN_POINT('',(7.393452983178,-139.4170759825));
#590 = CARTESIAN_POINT('',(7.326909528695,-139.736919204));
#591 = CARTESIAN_POINT('',(7.231611133536,-140.3883214256));
#592 = CARTESIAN_POINT('',(7.203589602939,-140.7199677573));
#593 = CARTESIAN_POINT('',(7.195872026012,-141.0529384168));
#594 = CARTESIAN_POINT('',(7.208739419185,-141.3855558037));
#595 = CARTESIAN_POINT('',(7.242425134613,-141.716064349));
#596 = ( GEOMETRIC_REPRESENTATION_CONTEXT(2) 
PARAMETRIC_REPRESENTATION_CONTEXT() REPRESENTATION_CONTEXT('2D SPACE',''
  ) );
#597 = PCURVE('',#598,#639);
#598 = B_SPLINE_SURFACE_WITH_KNOTS('',3,3,(
    (#599,#600,#601,#602)
    ,(#603,#604,#605,#606)
    ,(#607,#608,#609,#610)
    ,(#611,#612,#613,#614)
    ,(#615,#616,#617,#618)
    ,(#619,#620,#621,#622)
    ,(#623,#624,#625,#626)
    ,(#627,#628,#629,#630)
    ,(#631,#632,#633,#634)
    ,(#635,#636,#637,#638
  )),.UNSPECIFIED.,.F.,.F.,.F.,(4,1,1,1,1,1,1,4),(4,4),(
    6.471271043709E-02,0.192000794455,0.319288878474,0.446576962492,
    0.57386504651,0.701153130528,0.828441214546,0.955729298565),(0.,1.),
  .UNSPECIFIED.);
#599 = CARTESIAN_POINT('',(770.22248641215,143.0164769265,9.035390425972
    ));
#600 = CARTESIAN_POINT('',(678.8775785485,142.57801846105,8.430432920628
    ));
#601 = CARTESIAN_POINT('',(587.53267068484,142.13955999561,
    7.825475415285));
#602 = CARTESIAN_POINT('',(496.18776282118,141.70110153016,
    7.220517909942));
#603 = CARTESIAN_POINT('',(770.22878325917,142.2061915145,8.952041477236
    ));
#604 = CARTESIAN_POINT('',(678.88447310136,141.67320167108,
    8.337531958229));
#605 = CARTESIAN_POINT('',(587.54015434642,141.1401098521,7.7234145197)
  );
#606 = CARTESIAN_POINT('',(496.19584418861,140.60712000867,
    7.108905000692));
#607 = CARTESIAN_POINT('',(770.23231361714,140.54486547124,
    9.189585898689));
#608 = CARTESIAN_POINT('',(678.88812586031,139.81807038822,
    8.603516753139));
#609 = CARTESIAN_POINT('',(587.54393596019,139.09139026181,
    8.017520894109));
#610 = CARTESIAN_POINT('',(496.19974820337,138.36459517879,
    7.431451748558));
#611 = CARTESIAN_POINT('',(770.20925837938,138.50965191408,
    10.67280001173));
#612 = CARTESIAN_POINT('',(678.8620252302,137.54614962288,
    10.260569941193));
#613 = CARTESIAN_POINT('',(587.5147946272,136.58223452199,9.848300942009
    ));
#614 = CARTESIAN_POINT('',(496.16756147802,135.61873223079,
    9.436070871472));
#615 = CARTESIAN_POINT('',(770.16315274337,137.41247192792,
    12.938774614419));
#616 = CARTESIAN_POINT('',(678.81034914418,136.32162612722,
    12.791266562963));
#617 = CARTESIAN_POINT('',(587.45754224136,135.23094906845,
    12.643872946629));
#618 = CARTESIAN_POINT('',(496.10473864218,134.14010326776,
    12.496364895174));
#619 = CARTESIAN_POINT('',(770.10488788647,137.5042914074,
    15.454170222443));
#620 = CARTESIAN_POINT('',(678.74529764714,136.4253199312,
    15.600078128831));
#621 = CARTESIAN_POINT('',(587.38570582223,135.34588021771,
    15.746136658157));
#622 = CARTESIAN_POINT('',(496.02611558291,134.26690874151,
    15.892044564544));
#623 = CARTESIAN_POINT('',(770.04804795429,138.76933909938,
    17.631208196253));
#624 = CARTESIAN_POINT('',(678.68204119471,137.83865640933,
    18.030647776134));
#625 = CARTESIAN_POINT('',(587.31603254035,136.90787438907,
    18.430187161273));
#626 = CARTESIAN_POINT('',(495.95002578077,135.97719169902,
    18.829626741154));
#627 = CARTESIAN_POINT('',(770.00599202134,140.90824237071,
    18.958702387785));
#628 = CARTESIAN_POINT('',(678.63544429685,140.22755364586,
    19.512291799032));
#629 = CARTESIAN_POINT('',(587.26489926274,139.54690816415,
    20.065756537657));
#630 = CARTESIAN_POINT('',(495.89435153825,138.86621943931,
    20.619345948904));
#631 = CARTESIAN_POINT('',(769.9943379693,142.58272593131,
    19.071788321819));
#632 = CARTESIAN_POINT('',(678.62271757303,142.09749163546,
    19.638024042894));
#633 = CARTESIAN_POINT('',(587.25110592722,141.61213837156,
    20.203899505221));
#634 = CARTESIAN_POINT('',(495.87948553094,141.12690407571,
    20.770135226295));
#635 = CARTESIAN_POINT('',(769.99329662435,143.38457066443,
    18.928285408969));
#636 = CARTESIAN_POINT('',(678.62169638199,142.99279168507,
    19.47735951168));
#637 = CARTESIAN_POINT('',(587.25009613964,142.60101270571,
    20.026433614391));
#638 = CARTESIAN_POINT('',(495.87849589728,142.20923372635,
    20.575507717102));
#639 = DEFINITIONAL_REPRESENTATION('',(#640),#699);
#640 = B_SPLINE_CURVE_WITH_KNOTS('',5,(#641,#642,#643,#644,#645,#646,
    #647,#648,#649,#650,#651,#652,#653,#654,#655,#656,#657,#658,#659,
    #660,#661,#662,#663,#664,#665,#666,#667,#668,#669,#670,#671,#672,
    #673,#674,#675,#676,#677,#678,#679,#680,#681,#682,#683,#684,#685,
    #686,#687,#688,#689,#690,#691,#692,#693,#694,#695,#696,#697,#698),
  .UNSPECIFIED.,.F.,.F.,(6,4,4,4,4,4,4,4,4,4,4,4,4,4,6),(0.,
    7.20006006268E-02,0.142991550066,0.212982562649,0.285974284534,
    0.355970239665,0.428959755666,0.502943388651,0.570938749256,
    0.638940111285,0.713938236859,0.788946173923,0.856964297266,
    0.927819134845,1.),.UNSPECIFIED.);
#641 = CARTESIAN_POINT('',(0.955649935991,0.986748837764));
#642 = CARTESIAN_POINT('',(0.942819856387,0.986749939179));
#643 = CARTESIAN_POINT('',(0.929988834424,0.986752825503));
#644 = CARTESIAN_POINT('',(0.917159847012,0.986757455958));
#645 = CARTESIAN_POINT('',(0.904332937774,0.986763786866));
#646 = CARTESIAN_POINT('',(0.878857389921,0.986779660116));
#647 = CARTESIAN_POINT('',(0.866209517676,0.986789155705));
#648 = CARTESIAN_POINT('',(0.853558855385,0.986800228805));
#649 = CARTESIAN_POINT('',(0.840905312281,0.986812842948));
#650 = CARTESIAN_POINT('',(0.815775742995,0.986840870536));
#651 = CARTESIAN_POINT('',(0.803300634366,0.986856240566));
#652 = CARTESIAN_POINT('',(0.790828318416,0.98687297101));
#653 = CARTESIAN_POINT('',(0.778358543468,0.98689096773));
#654 = CARTESIAN_POINT('',(0.75288382123,0.986930140318));
#655 = CARTESIAN_POINT('',(0.7398796521,0.986951418145));
#656 = CARTESIAN_POINT('',(0.726872698869,0.986973876767));
#657 = CARTESIAN_POINT('',(0.713862813255,0.986997413859));
#658 = CARTESIAN_POINT('',(0.688376915636,0.9870454185));
#659 = CARTESIAN_POINT('',(0.675901869965,0.987069805943));
#660 = CARTESIAN_POINT('',(0.66342977146,0.987094949697));
#661 = CARTESIAN_POINT('',(0.650960163212,0.987120722174));
#662 = CARTESIAN_POINT('',(0.625486454753,0.9871744072));
#663 = CARTESIAN_POINT('',(0.61248312824,0.987202362354));
#664 = CARTESIAN_POINT('',(0.599476397208,0.987230731461));
#665 = CARTESIAN_POINT('',(0.586465911323,0.987259371515));
#666 = CARTESIAN_POINT('',(0.560265587413,0.987317283689));
#667 = CARTESIAN_POINT('',(0.547076913113,0.987346556451));
#668 = CARTESIAN_POINT('',(0.533891631672,0.987375788077));
#669 = CARTESIAN_POINT('',(0.520709723716,0.987404824446));
#670 = CARTESIAN_POINT('',(0.495412919638,0.98745989044));
#671 = CARTESIAN_POINT('',(0.483298697541,0.98748597169));
#672 = CARTESIAN_POINT('',(0.471182729632,0.987511648172));
#673 = CARTESIAN_POINT('',(0.459064773993,0.987536799981));
#674 = CARTESIAN_POINT('',(0.434827617007,0.987585808701));
#675 = CARTESIAN_POINT('',(0.422709194555,0.98760966355));
#676 = CARTESIAN_POINT('',(0.410593302515,0.987632767054));
#677 = CARTESIAN_POINT('',(0.398479638211,0.987655024082));
#678 = CARTESIAN_POINT('',(0.37300515655,0.987699853755));
#679 = CARTESIAN_POINT('',(0.359645116059,0.987722221706));
#680 = CARTESIAN_POINT('',(0.346281797357,0.987743322775));
#681 = CARTESIAN_POINT('',(0.332915047566,0.987763024314));
#682 = CARTESIAN_POINT('',(0.306179610608,0.987799360741));
#683 = CARTESIAN_POINT('',(0.292812218955,0.987815992764));
#684 = CARTESIAN_POINT('',(0.279449130396,0.987831018532));
#685 = CARTESIAN_POINT('',(0.266089983527,0.98784437728));
#686 = CARTESIAN_POINT('',(0.240616516518,0.987866554104));
#687 = CARTESIAN_POINT('',(0.22850291959,0.987875678673));
#688 = CARTESIAN_POINT('',(0.216387214344,0.987883335667));
#689 = CARTESIAN_POINT('',(0.204268909752,0.987889474737));
#690 = CARTESIAN_POINT('',(0.179525007761,0.987898808506));
#691 = CARTESIAN_POINT('',(0.166900217952,0.987901868955));
#692 = CARTESIAN_POINT('',(0.15427790631,0.987903235949));
#693 = CARTESIAN_POINT('',(0.141658080439,0.9879029216));
#694 = CARTESIAN_POINT('',(0.116182039302,0.987898910844));
#695 = CARTESIAN_POINT('',(0.103326578957,0.987895151376));
#696 = CARTESIAN_POINT('',(9.046900571088E-02,0.987889666245));
#697 = CARTESIAN_POINT('',(7.760948301876E-02,0.987882462796));
#698 = CARTESIAN_POINT('',(6.475115031444E-02,0.987873553803));
#699 = ( GEOMETRIC_REPRESENTATION_CONTEXT(2) 
PARAMETRIC_REPRESENTATION_CONTEXT() REPRESENTATION_CONTEXT('2D SPACE',''
  ) );
#700 = ORIENTED_EDGE('',*,*,#701,.T.);
#701 = EDGE_CURVE('',#473,#702,#704,.T.);
#702 = VERTEX_POINT('',#703);
#703 = CARTESIAN_POINT('',(499.51083745301,144.54700799467,
    6.694692745621));
#704 = SURFACE_CURVE('',#705,(#724,#746),.PCURVE_S1.);
#705 = B_SPLINE_CURVE_WITH_KNOTS('',5,(#706,#707,#708,#709,#710,#711,
    #712,#713,#714,#715,#716,#717,#718,#719,#720,#721,#722,#723),
  .UNSPECIFIED.,.F.,.F.,(6,4,4,4,6),(0.,0.250992170997,0.500001821427,
    0.750010508782,1.),.UNSPECIFIED.);
#706 = CARTESIAN_POINT('',(499.51083745301,141.71544664974,
    7.242362200631));
#707 = CARTESIAN_POINT('',(499.51083745301,141.86153036593,
    7.257240099846));
#708 = CARTESIAN_POINT('',(499.51083745301,142.00817104833,
    7.266607218757));
#709 = CARTESIAN_POINT('',(499.51083745301,142.15508869332,
    7.270506187274));
#710 = CARTESIAN_POINT('',(499.51083745301,142.30201392561,7.26898787096
    ));
#711 = CARTESIAN_POINT('',(499.51083745301,142.59420431347,
    7.255272273161));
#712 = CARTESIAN_POINT('',(499.51083745301,142.73947238879,
    7.243159365131));
#713 = CARTESIAN_POINT('',(499.51083745301,142.88424078707,
    7.225814239343));
#714 = CARTESIAN_POINT('',(499.51083745301,143.0282611927,7.203285827839
    ));
#715 = CARTESIAN_POINT('',(499.51083745301,143.31489024838,
    7.147847007336));
#716 = CARTESIAN_POINT('',(499.51083745301,143.4574899148,7.114895503773
    ));
#717 = CARTESIAN_POINT('',(499.51083745301,143.59883988668,
    7.076814888786));
#718 = CARTESIAN_POINT('',(499.51083745301,143.73868848162,
    7.033652907037));
#719 = CARTESIAN_POINT('',(499.51083745301,144.01486141875,
    6.937265914187));
#720 = CARTESIAN_POINT('',(499.51083745301,144.15118509631,
    6.884042132087));
#721 = CARTESIAN_POINT('',(499.51083745301,144.28549569981,
    6.825835010874));
#722 = CARTESIAN_POINT('',(499.51083745301,144.41752748062,
    6.762697190662));
#723 = CARTESIAN_POINT('',(499.51083745301,144.54700799467,6.69469274562
    ));
#724 = PCURVE('',#126,#725);
#725 = DEFINITIONAL_REPRESENTATION('',(#726),#745);
#726 = B_SPLINE_CURVE_WITH_KNOTS('',5,(#727,#728,#729,#730,#731,#732,
    #733,#734,#735,#736,#737,#738,#739,#740,#741,#742,#743,#744),
  .UNSPECIFIED.,.F.,.F.,(6,4,4,4,6),(0.,0.250992170997,0.500001821427,
    0.750010508782,1.),.UNSPECIFIED.);
#727 = CARTESIAN_POINT('',(7.242362200631,-141.7154466497));
#728 = CARTESIAN_POINT('',(7.257240099846,-141.8615303659));
#729 = CARTESIAN_POINT('',(7.266607218757,-142.0081710483));
#730 = CARTESIAN_POINT('',(7.270506187274,-142.1550886933));
#731 = CARTESIAN_POINT('',(7.26898787096,-142.3020139256));
#732 = CARTESIAN_POINT('',(7.255272273161,-142.5942043134));
#733 = CARTESIAN_POINT('',(7.243159365131,-142.7394723887));
#734 = CARTESIAN_POINT('',(7.225814239343,-142.884240787));
#735 = CARTESIAN_POINT('',(7.203285827839,-143.0282611927));
#736 = CARTESIAN_POINT('',(7.147847007336,-143.3148902483));
#737 = CARTESIAN_POINT('',(7.114895503773,-143.4574899148));
#738 = CARTESIAN_POINT('',(7.076814888786,-143.5988398866));
#739 = CARTESIAN_POINT('',(7.033652907037,-143.7386884816));
#740 = CARTESIAN_POINT('',(6.937265914187,-144.0148614187));
#741 = CARTESIAN_POINT('',(6.884042132087,-144.1511850963));
#742 = CARTESIAN_POINT('',(6.825835010874,-144.2854956998));
#743 = CARTESIAN_POINT('',(6.762697190662,-144.4175274806));
#744 = CARTESIAN_POINT('',(6.69469274562,-144.5470079946));
#745 = ( GEOMETRIC_REPRESENTATION_CONTEXT(2) 
PARAMETRIC_REPRESENTATION_CONTEXT() REPRESENTATION_CONTEXT('2D SPACE',''
  ) );
#746 = PCURVE('',#747,#764);
#747 = B_SPLINE_SURFACE_WITH_KNOTS('',3,3,(
    (#748,#749,#750,#751)
    ,(#752,#753,#754,#755)
    ,(#756,#757,#758,#759)
    ,(#760,#761,#762,#763
    )),.UNSPECIFIED.,.F.,.F.,.F.,(4,4),(4,4),(0.,1.000023730066),(
    -3.391418552021E-04,27.404569095209),.PIECEWISE_BEZIER_KNOTS.);
#748 = CARTESIAN_POINT('',(770.219679074,145.33404190849,8.611809825576)
  );
#749 = CARTESIAN_POINT('',(678.87261211787,145.07582882867,
    7.964473541743));
#750 = CARTESIAN_POINT('',(587.52556750709,144.80934239838,7.31763036266
    ));
#751 = CARTESIAN_POINT('',(496.17853762831,144.53707849344,
    6.671107739748));
#752 = CARTESIAN_POINT('',(770.22051496023,144.57563561032,
    8.948247453322));
#753 = CARTESIAN_POINT('',(678.87334947251,144.27666003481,
    8.340756589579));
#754 = CARTESIAN_POINT('',(587.52618797949,143.97529530513,
    7.732921111169));
#755 = CARTESIAN_POINT('',(496.17902011118,143.67260759484,
    7.126001091046));
#756 = CARTESIAN_POINT('',(770.22295611491,143.73257278396,
    9.091776720618));
#757 = CARTESIAN_POINT('',(678.87590750907,143.37722513494,
    8.500550732454));
#758 = CARTESIAN_POINT('',(587.52884040123,143.02420895238,
    7.909426340164));
#759 = CARTESIAN_POINT('',(496.18175253527,142.6728189641,7.319678181678
    ));
#760 = CARTESIAN_POINT('',(770.22671090507,142.90557141722,
    9.025250062613));
#761 = CARTESIAN_POINT('',(678.87994427362,142.4975370965,8.422625160884
    ));
#762 = CARTESIAN_POINT('',(587.53313114141,142.09693175415,
    7.821127629662));
#763 = CARTESIAN_POINT('',(496.18628857218,141.70102595874,
    7.220501154535));
#764 = DEFINITIONAL_REPRESENTATION('',(#765),#784);
#765 = B_SPLINE_CURVE_WITH_KNOTS('',5,(#766,#767,#768,#769,#770,#771,
    #772,#773,#774,#775,#776,#777,#778,#779,#780,#781,#782,#783),
  .UNSPECIFIED.,.F.,.F.,(6,4,4,4,6),(0.,0.250992170997,0.500001821427,
    0.750010508782,1.),.UNSPECIFIED.);
#766 = CARTESIAN_POINT('',(1.000020395939,27.072103823124));
#767 = CARTESIAN_POINT('',(0.94982851429,27.07203565561));
#768 = CARTESIAN_POINT('',(0.899625918455,27.071970869978));
#769 = CARTESIAN_POINT('',(0.849420701906,27.07190955035));
#770 = CARTESIAN_POINT('',(0.799216980808,27.071851771207));
#771 = CARTESIAN_POINT('',(0.699210101913,27.071743862235));
#772 = CARTESIAN_POINT('',(0.649407251035,27.071693676048));
#773 = CARTESIAN_POINT('',(0.599607081558,27.071647112205));
#774 = CARTESIAN_POINT('',(0.549808747213,27.07160423803));
#775 = CARTESIAN_POINT('',(0.45001185429,27.071525845412));
#776 = CARTESIAN_POINT('',(0.400013637243,27.071490357444));
#777 = CARTESIAN_POINT('',(0.350013467513,27.071458724395));
#778 = CARTESIAN_POINT('',(0.300010495013,27.071431015712));
#779 = CARTESIAN_POINT('',(0.200003541655,27.071383590468));
#780 = CARTESIAN_POINT('',(0.149999903485,27.071363873369));
#781 = CARTESIAN_POINT('',(9.999472426082E-02,27.071348221202));
#782 = CARTESIAN_POINT('',(4.999208822094E-02,27.071336705837));
#783 = CARTESIAN_POINT('',(0.,27.071329394345));
#784 = ( GEOMETRIC_REPRESENTATION_CONTEXT(2) 
PARAMETRIC_REPRESENTATION_CONTEXT() REPRESENTATION_CONTEXT('2D SPACE',''
  ) );
#785 = ORIENTED_EDGE('',*,*,#786,.F.);
#786 = EDGE_CURVE('',#787,#702,#789,.T.);
#787 = VERTEX_POINT('',#788);
#788 = CARTESIAN_POINT('',(499.51083745301,146.64748623404,
    6.178648915721));
#789 = SURFACE_CURVE('',#790,(#805,#823),.PCURVE_S1.);
#790 = B_SPLINE_CURVE_WITH_KNOTS('',4,(#791,#792,#793,#794,#795,#796,
    #797,#798,#799,#800,#801,#802,#803,#804),.UNSPECIFIED.,.F.,.F.,(5,3,
    3,3,5),(0.,0.25099547311,0.500000178168,0.750243311728,1.),
  .UNSPECIFIED.);
#791 = CARTESIAN_POINT('',(499.51083745301,146.64749801181,6.17863736978
    ));
#792 = CARTESIAN_POINT('',(499.51083745301,146.51044280202,
    6.178391592904));
#793 = CARTESIAN_POINT('',(499.51083745301,146.37337923008,6.1838184534)
  );
#794 = CARTESIAN_POINT('',(499.51083745301,146.23665636942,
    6.194839853243));
#795 = CARTESIAN_POINT('',(499.51083745301,145.96562838028,
    6.227775529848));
#796 = CARTESIAN_POINT('',(499.51083745301,145.83131328943,
    6.249602916352));
#797 = CARTESIAN_POINT('',(499.51083745301,145.69797801444,
    6.276775613312));
#798 = CARTESIAN_POINT('',(499.51083745301,145.43323853644,
    6.341817950583));
#799 = CARTESIAN_POINT('',(499.51083745301,145.30184786082,
    6.379739965168));
#800 = CARTESIAN_POINT('',(499.51083745301,145.17208353974,
    6.422904153229));
#801 = CARTESIAN_POINT('',(499.51083745301,144.91670770795,
    6.519464997249));
#802 = CARTESIAN_POINT('',(499.51083745301,144.79108907075,
    6.572841135686));
#803 = CARTESIAN_POINT('',(499.51083745301,144.6677401377,6.631281949604
    ));
#804 = CARTESIAN_POINT('',(499.51083745301,144.54700134805,6.69469623224
    ));
#805 = PCURVE('',#126,#806);
#806 = DEFINITIONAL_REPRESENTATION('',(#807),#822);
#807 = B_SPLINE_CURVE_WITH_KNOTS('',4,(#808,#809,#810,#811,#812,#813,
    #814,#815,#816,#817,#818,#819,#820,#821),.UNSPECIFIED.,.F.,.F.,(5,3,
    3,3,5),(0.,0.25099547311,0.500000178168,0.750243311728,1.),
  .UNSPECIFIED.);
#808 = CARTESIAN_POINT('',(6.17863736978,-146.6474980118));
#809 = CARTESIAN_POINT('',(6.178391592904,-146.510442802));
#810 = CARTESIAN_POINT('',(6.1838184534,-146.37337923));
#811 = CARTESIAN_POINT('',(6.194839853243,-146.2366563694));
#812 = CARTESIAN_POINT('',(6.227775529848,-145.9656283802));
#813 = CARTESIAN_POINT('',(6.249602916352,-145.8313132894));
#814 = CARTESIAN_POINT('',(6.276775613312,-145.6979780144));
#815 = CARTESIAN_POINT('',(6.341817950583,-145.4332385364));
#816 = CARTESIAN_POINT('',(6.379739965168,-145.3018478608));
#817 = CARTESIAN_POINT('',(6.422904153229,-145.1720835397));
#818 = CARTESIAN_POINT('',(6.519464997249,-144.9167077079));
#819 = CARTESIAN_POINT('',(6.572841135686,-144.7910890707));
#820 = CARTESIAN_POINT('',(6.631281949604,-144.6677401377));
#821 = CARTESIAN_POINT('',(6.69469623224,-144.547001348));
#822 = ( GEOMETRIC_REPRESENTATION_CONTEXT(2) 
PARAMETRIC_REPRESENTATION_CONTEXT() REPRESENTATION_CONTEXT('2D SPACE',''
  ) );
#823 = PCURVE('',#824,#853);
#824 = B_SPLINE_SURFACE_WITH_KNOTS('',3,3,(
    (#825,#826,#827,#828,#829,#830,#831)
    ,(#832,#833,#834,#835,#836,#837,#838)
    ,(#839,#840,#841,#842,#843,#844,#845)
    ,(#846,#847,#848,#849,#850,#851,#852
    )),.UNSPECIFIED.,.F.,.F.,.F.,(4,4),(4,3,4),(0.410958398686,
    1.000003145019),(-0.274291948122,-2.481343424481E-04,27.404133243574
    ),.UNSPECIFIED.);
#825 = CARTESIAN_POINT('',(772.96177938109,145.34079240478,
    8.631685078372));
#826 = CARTESIAN_POINT('',(772.04832818914,145.33821389085,
    8.625210553758));
#827 = CARTESIAN_POINT('',(771.13487699719,145.33563537692,
    8.618736029146));
#828 = CARTESIAN_POINT('',(770.22142580524,145.33305686299,
    8.612261504532));
#829 = CARTESIAN_POINT('',(678.87630661022,145.07520547008,
    7.964809043227));
#830 = CARTESIAN_POINT('',(587.53118795972,144.80917954441,
    7.317764498162));
#831 = CARTESIAN_POINT('',(496.18607408175,144.53710095616,
    6.671161080155));
#832 = CARTESIAN_POINT('',(772.96269460798,145.91520231109,
    8.377208922617));
#833 = CARTESIAN_POINT('',(772.04924437684,145.91288699501,
    8.370453961819));
#834 = CARTESIAN_POINT('',(771.1357941457,145.91057167892,8.363699001021
    ));
#835 = CARTESIAN_POINT('',(770.22234391456,145.90825636284,
    8.356944040223));
#836 = CARTESIAN_POINT('',(678.87732080053,145.6767247543,7.681447960427
    ));
#837 = CARTESIAN_POINT('',(587.53230739791,145.4338453713,7.00652633549)
  );
#838 = CARTESIAN_POINT('',(496.18731018489,145.18247157269,
    6.331575751411));
#839 = CARTESIAN_POINT('',(772.96259204045,146.54337664179,
    8.244875094344));
#840 = CARTESIAN_POINT('',(772.04914157592,146.5414150013,8.237967887125
    ));
#841 = CARTESIAN_POINT('',(771.13569111139,146.53945336082,
    8.231060679905));
#842 = CARTESIAN_POINT('',(770.22224064686,146.53749172034,
    8.224153472686));
#843 = CARTESIAN_POINT('',(678.87719419414,146.34132767215,7.53343275077
    ));
#844 = CARTESIAN_POINT('',(587.53216700034,146.13135634503,
    6.842993900694));
#845 = CARTESIAN_POINT('',(496.18716270765,145.91138440803,
    6.152196500865));
#846 = CARTESIAN_POINT('',(772.96148044344,147.17163028981,
    8.245993088336));
#847 = CARTESIAN_POINT('',(772.04802858111,147.17002308084,
    8.239087423289));
#848 = CARTESIAN_POINT('',(771.13457671878,147.16841587187,
    8.232181758243));
#849 = CARTESIAN_POINT('',(770.22112485645,147.1668086629,8.225276093196
    ));
#850 = CARTESIAN_POINT('',(678.87593862341,147.00608776585,
    7.534709588505));
#851 = CARTESIAN_POINT('',(587.53078137914,146.82907743367,
    6.844113673014));
#852 = CARTESIAN_POINT('',(496.18564848179,146.64064360873,
    6.153497230758));
#853 = DEFINITIONAL_REPRESENTATION('',(#854),#869);
#854 = B_SPLINE_CURVE_WITH_KNOTS('',4,(#855,#856,#857,#858,#859,#860,
    #861,#862,#863,#864,#865,#866,#867,#868),.UNSPECIFIED.,.F.,.F.,(5,3,
    3,3,5),(0.,0.25099547311,0.500000178168,0.750243311728,1.),
  .UNSPECIFIED.);
#855 = CARTESIAN_POINT('',(1.000003145019,27.071604136528));
#856 = CARTESIAN_POINT('',(0.963043871223,27.071632552036));
#857 = CARTESIAN_POINT('',(0.926079437456,27.071656680603));
#858 = CARTESIAN_POINT('',(0.889115672366,27.071676509374));
#859 = CARTESIAN_POINT('',(0.815483324637,27.071707433615));
#860 = CARTESIAN_POINT('',(0.778814890877,27.071718596829));
#861 = CARTESIAN_POINT('',(0.742147875722,27.071725517025));
#862 = CARTESIAN_POINT('',(0.668631303439,27.071730872476));
#863 = CARTESIAN_POINT('',(0.631781917241,27.071729265348));
#864 = CARTESIAN_POINT('',(0.594931079667,27.07172336));
#865 = CARTESIAN_POINT('',(0.521298700232,27.07170295789));
#866 = CARTESIAN_POINT('',(0.48451732924,27.071688478107));
#867 = CARTESIAN_POINT('',(0.447735313061,27.071669701778));
#868 = CARTESIAN_POINT('',(0.410958398686,27.071646627736));
#869 = ( GEOMETRIC_REPRESENTATION_CONTEXT(2) 
PARAMETRIC_REPRESENTATION_CONTEXT() REPRESENTATION_CONTEXT('2D SPACE',''
  ) );
#870 = ORIENTED_EDGE('',*,*,#871,.F.);
#871 = EDGE_CURVE('',#83,#787,#872,.T.);
#872 = SURFACE_CURVE('',#873,(#877,#883),.PCURVE_S1.);
#873 = LINE('',#874,#875);
#874 = CARTESIAN_POINT('',(499.51083745301,80.537982868138,
    6.059919309933));
#875 = VECTOR('',#876,1.);
#876 = DIRECTION('',(0.,-0.999998387279,-1.795950782619E-03));
#877 = PCURVE('',#126,#878);
#878 = DEFINITIONAL_REPRESENTATION('',(#879),#882);
#879 = B_SPLINE_CURVE_WITH_KNOTS('',1,(#880,#881),.UNSPECIFIED.,.F.,.F.,
  (2,2),(-98.83445339535,-64.33589727968),.PIECEWISE_BEZIER_KNOTS.);
#880 = CARTESIAN_POINT('',(6.237421123859,-179.3722768711));
#881 = CARTESIAN_POINT('',(6.175463415003,-144.8737763919));
#882 = ( GEOMETRIC_REPRESENTATION_CONTEXT(2) 
PARAMETRIC_REPRESENTATION_CONTEXT() REPRESENTATION_CONTEXT('2D SPACE',''
  ) );
#883 = PCURVE('',#100,#884);
#884 = DEFINITIONAL_REPRESENTATION('',(#885),#888);
#885 = B_SPLINE_CURVE_WITH_KNOTS('',1,(#886,#887),.UNSPECIFIED.,.F.,.F.,
  (2,2),(-98.83445339535,-64.33589727968),.PIECEWISE_BEZIER_KNOTS.);
#886 = CARTESIAN_POINT('',(132.75413010178,23.779512649986));
#887 = CARTESIAN_POINT('',(134.17653720249,-10.68970741816));
#888 = ( GEOMETRIC_REPRESENTATION_CONTEXT(2) 
PARAMETRIC_REPRESENTATION_CONTEXT() REPRESENTATION_CONTEXT('2D SPACE',''
  ) );
#889 = FACE_BOUND('',#890,.F.);
#890 = EDGE_LOOP('',(#891));
#891 = ORIENTED_EDGE('',*,*,#892,.F.);
#892 = EDGE_CURVE('',#893,#893,#895,.T.);
#893 = VERTEX_POINT('',#894);
#894 = CARTESIAN_POINT('',(499.51083745301,142.03394969996,
    13.934811573436));
#895 = SURFACE_CURVE('',#896,(#901,#908),.PCURVE_S1.);
#896 = ELLIPSE('',#897,1.000014795484,1.);
#897 = AXIS2_PLACEMENT_3D('',#898,#899,#900);
#898 = CARTESIAN_POINT('',(499.51083745301,141.03393494088,
    13.934810107517));
#899 = DIRECTION('',(1.,0.,0.));
#900 = DIRECTION('',(-0.,0.998769122154,4.960081280824E-02));
#901 = PCURVE('',#126,#902);
#902 = DEFINITIONAL_REPRESENTATION('',(#903),#907);
#903 = ELLIPSE('',#904,1.000014795484,1.);
#904 = AXIS2_PLACEMENT_2D('',#905,#906);
#905 = CARTESIAN_POINT('',(13.934810107517,-141.0339349408));
#906 = DIRECTION('',(4.960081280824E-02,-0.998769122154));
#907 = ( GEOMETRIC_REPRESENTATION_CONTEXT(2) 
PARAMETRIC_REPRESENTATION_CONTEXT() REPRESENTATION_CONTEXT('2D SPACE',''
  ) );
#908 = PCURVE('',#909,#914);
#909 = CYLINDRICAL_SURFACE('',#910,1.);
#910 = AXIS2_PLACEMENT_3D('',#911,#912,#913);
#911 = CARTESIAN_POINT('',(495.03706257541,141.00962855292,
    13.933603005122));
#912 = DIRECTION('',(0.999985204735,5.433002108489E-03,
    2.698134279409E-04));
#913 = DIRECTION('',(-5.433002306248E-03,0.999985241134,
    3.947173534205E-19));
#914 = DEFINITIONAL_REPRESENTATION('',(#915),#930);
#915 = B_SPLINE_CURVE_WITH_KNOTS('',7,(#916,#917,#918,#919,#920,#921,
    #922,#923,#924,#925,#926,#927,#928,#929),.UNSPECIFIED.,.F.,.F.,(8,6,
    8),(6.233564866453,9.375157520043,12.516750173633),.UNSPECIFIED.);
#916 = CARTESIAN_POINT('',(4.138911435802E-13,4.479274151955));
#917 = CARTESIAN_POINT('',(0.448798950513,4.479395243942));
#918 = CARTESIAN_POINT('',(0.897597901026,4.47823930967));
#919 = CARTESIAN_POINT('',(1.346396851538,4.475769565116));
#920 = CARTESIAN_POINT('',(1.795195802052,4.472560345787));
#921 = CARTESIAN_POINT('',(2.243994752564,4.469927020461));
#922 = CARTESIAN_POINT('',(2.692793703077,4.468529078562));
#923 = CARTESIAN_POINT('',(3.590391604103,4.468286894587));
#924 = CARTESIAN_POINT('',(4.039190554616,4.469442828859));
#925 = CARTESIAN_POINT('',(4.487989505127,4.471912573413));
#926 = CARTESIAN_POINT('',(4.936788455641,4.475121792744));
#927 = CARTESIAN_POINT('',(5.385587406154,4.477755118067));
#928 = CARTESIAN_POINT('',(5.834386356667,4.479153059967));
#929 = CARTESIAN_POINT('',(6.28318530718,4.479274151955));
#930 = ( GEOMETRIC_REPRESENTATION_CONTEXT(2) 
PARAMETRIC_REPRESENTATION_CONTEXT() REPRESENTATION_CONTEXT('2D SPACE',''
  ) );
#931 = ADVANCED_FACE('',(#932,#1002),#100,.T.);
#932 = FACE_BOUND('',#933,.T.);
#933 = EDGE_LOOP('',(#934,#935,#956,#1001));
#934 = ORIENTED_EDGE('',*,*,#82,.F.);
#935 = ORIENTED_EDGE('',*,*,#936,.F.);
#936 = EDGE_CURVE('',#937,#57,#939,.T.);
#937 = VERTEX_POINT('',#938);
#938 = CARTESIAN_POINT('',(769.71481141811,147.16590757733,
    8.221436967284));
#939 = SURFACE_CURVE('',#940,(#944,#950),.PCURVE_S1.);
#940 = LINE('',#941,#942);
#941 = CARTESIAN_POINT('',(769.71481141811,80.534315799391,
    8.101769714894));
#942 = VECTOR('',#943,1.);
#943 = DIRECTION('',(-0.,0.999998387279,1.795950782619E-03));
#944 = PCURVE('',#100,#945);
#945 = DEFINITIONAL_REPRESENTATION('',(#946),#949);
#946 = B_SPLINE_CURVE_WITH_KNOTS('',1,(#947,#948),.UNSPECIFIED.,.F.,.F.,
  (2,2),(66.621478001637,94.260184674886),.PIECEWISE_BEZIER_KNOTS.);
#947 = CARTESIAN_POINT('',(-135.8996120131,-19.54714593806));
#948 = CARTESIAN_POINT('',(-137.0391812315,8.068058000465));
#949 = ( GEOMETRIC_REPRESENTATION_CONTEXT(2) 
PARAMETRIC_REPRESENTATION_CONTEXT() REPRESENTATION_CONTEXT('2D SPACE',''
  ) );
#950 = PCURVE('',#71,#951);
#951 = DEFINITIONAL_REPRESENTATION('',(#952),#955);
#952 = B_SPLINE_CURVE_WITH_KNOTS('',1,(#953,#954),.UNSPECIFIED.,.F.,.F.,
  (2,2),(66.621478001637,94.260184674886),.PIECEWISE_BEZIER_KNOTS.);
#953 = CARTESIAN_POINT('',(-8.22141861045,-147.1556863591));
#954 = CARTESIAN_POINT('',(-8.27105636733,-174.7943484589));
#955 = ( GEOMETRIC_REPRESENTATION_CONTEXT(2) 
PARAMETRIC_REPRESENTATION_CONTEXT() REPRESENTATION_CONTEXT('2D SPACE',''
  ) );
#956 = ORIENTED_EDGE('',*,*,#957,.T.);
#957 = EDGE_CURVE('',#937,#787,#958,.T.);
#958 = SURFACE_CURVE('',#959,(#964,#972),.PCURVE_S1.);
#959 = B_SPLINE_CURVE_WITH_KNOTS('',3,(#960,#961,#962,#963),
  .UNSPECIFIED.,.F.,.F.,(4,4),(0.,1.),.PIECEWISE_BEZIER_KNOTS.);
#960 = CARTESIAN_POINT('',(770.21864369206,147.16679423754,
    8.225245881374));
#961 = CARTESIAN_POINT('',(684.22092076313,147.01548132137,
    7.575113030335));
#962 = CARTESIAN_POINT('',(592.87715677215,146.84009504892,
    6.884538385176));
#963 = CARTESIAN_POINT('',(496.18735171913,146.6406354202,6.153521945896
    ));
#964 = PCURVE('',#100,#965);
#965 = DEFINITIONAL_REPRESENTATION('',(#966),#971);
#966 = B_SPLINE_CURVE_WITH_KNOTS('',3,(#967,#968,#969,#970),
  .UNSPECIFIED.,.F.,.F.,(4,4),(0.,1.),.PIECEWISE_BEZIER_KNOTS.);
#967 = CARTESIAN_POINT('',(-136.403488494,-19.55681471524));
#968 = CARTESIAN_POINT('',(-50.47015404676,-16.16329912593));
#969 = CARTESIAN_POINT('',(40.805823493044,-12.57348048469));
#970 = CARTESIAN_POINT('',(137.42444412537,-8.787358791511));
#971 = ( GEOMETRIC_REPRESENTATION_CONTEXT(2) 
PARAMETRIC_REPRESENTATION_CONTEXT() REPRESENTATION_CONTEXT('2D SPACE',''
  ) );
#972 = PCURVE('',#824,#973);
#973 = DEFINITIONAL_REPRESENTATION('',(#974),#1000);
#974 = B_SPLINE_CURVE_WITH_KNOTS('',3,(#975,#976,#977,#978,#979,#980,
    #981,#982,#983,#984,#985,#986,#987,#988,#989,#990,#991,#992,#993,
    #994,#995,#996,#997,#998,#999),.UNSPECIFIED.,.F.,.F.,(4,1,1,1,1,1,1,
    1,1,1,1,1,1,1,1,1,1,1,1,1,1,1,4),(0.,4.545454545455E-02,
    9.090909090909E-02,0.136363636364,0.181818181818,0.227272727273,
    0.272727272727,0.318181818182,0.363636363636,0.409090909091,
    0.454545454545,0.5,0.545454545455,0.590909090909,0.636363636364,
    0.681818181818,0.727272727273,0.772727272727,0.818181818182,
    0.863636363636,0.909090909091,0.954545454545,1.),.UNSPECIFIED.);
#975 = CARTESIAN_POINT('',(1.000000000003,2.282656062091E-13));
#976 = CARTESIAN_POINT('',(0.99999999786,0.390910515838));
#977 = CARTESIAN_POINT('',(0.999999706442,1.17494073272));
#978 = CARTESIAN_POINT('',(0.999998619081,2.357613613869));
#979 = CARTESIAN_POINT('',(0.999997102498,3.546914051048));
#980 = CARTESIAN_POINT('',(0.999995343221,4.742842044468));
#981 = CARTESIAN_POINT('',(0.999993505869,5.945397594338));
#982 = CARTESIAN_POINT('',(0.999991730438,7.154580700875));
#983 = CARTESIAN_POINT('',(0.999990133664,8.3703913643));
#984 = CARTESIAN_POINT('',(0.999988809252,9.59282958484));
#985 = CARTESIAN_POINT('',(0.999987828393,10.821895362725));
#986 = CARTESIAN_POINT('',(0.999987240168,12.057588698197));
#987 = CARTESIAN_POINT('',(0.999987071958,13.299909591501));
#988 = CARTESIAN_POINT('',(0.999987329836,14.548858042891));
#989 = CARTESIAN_POINT('',(0.999987998932,15.804434052631));
#990 = CARTESIAN_POINT('',(0.999989043789,17.066637620993));
#991 = CARTESIAN_POINT('',(0.999990408701,18.335468748259));
#992 = CARTESIAN_POINT('',(0.999992018035,19.610927434722));
#993 = CARTESIAN_POINT('',(0.999993776549,20.893013680686));
#994 = CARTESIAN_POINT('',(0.999995569649,22.181727486465));
#995 = CARTESIAN_POINT('',(0.999997263838,23.477068852386));
#996 = CARTESIAN_POINT('',(0.999998706374,24.779037778791));
#997 = CARTESIAN_POINT('',(0.999999727828,26.087634266031));
#998 = CARTESIAN_POINT('',(0.999999998472,26.96445029833));
#999 = CARTESIAN_POINT('',(1.000000000002,27.403962908074));
#1000 = ( GEOMETRIC_REPRESENTATION_CONTEXT(2) 
PARAMETRIC_REPRESENTATION_CONTEXT() REPRESENTATION_CONTEXT('2D SPACE',''
  ) );
#1001 = ORIENTED_EDGE('',*,*,#871,.F.);
#1002 = FACE_BOUND('',#1003,.T.);
#1003 = EDGE_LOOP('',(#1004,#1034,#1057,#1085,#1108,#1136,#1159,#1187));
#1004 = ORIENTED_EDGE('',*,*,#1005,.T.);
#1005 = EDGE_CURVE('',#1006,#1008,#1010,.T.);
#1006 = VERTEX_POINT('',#1007);
#1007 = CARTESIAN_POINT('',(507.35002208871,169.28156177463,
    6.278541504616));
#1008 = VERTEX_POINT('',#1009);
#1009 = CARTESIAN_POINT('',(507.35002208881,168.28156338855,
    6.276744883637));
#1010 = SURFACE_CURVE('',#1011,(#1015,#1022),.PCURVE_S1.);
#1011 = LINE('',#1012,#1013);
#1012 = CARTESIAN_POINT('',(507.35002208876,168.78156258159,
    6.277643194126));
#1013 = VECTOR('',#1014,1.);
#1014 = DIRECTION('',(9.723501520561E-11,-0.999998386075,
    -1.796620979507E-03));
#1015 = PCURVE('',#100,#1016);
#1016 = DEFINITIONAL_REPRESENTATION('',(#1017),#1021);
#1017 = LINE('',#1018,#1019);
#1018 = CARTESIAN_POINT('',(125.35804908022,12.874667476722));
#1019 = VECTOR('',#1020,1.);
#1020 = DIRECTION('',(4.12309218725E-02,-0.999149643988));
#1021 = ( GEOMETRIC_REPRESENTATION_CONTEXT(2) 
PARAMETRIC_REPRESENTATION_CONTEXT() REPRESENTATION_CONTEXT('2D SPACE',''
  ) );
#1022 = PCURVE('',#1023,#1028);
#1023 = PLANE('',#1024);
#1024 = AXIS2_PLACEMENT_3D('',#1025,#1026,#1027);
#1025 = CARTESIAN_POINT('',(507.35002279168,160.00694089416,
    -0.735428990138));
#1026 = DIRECTION('',(1.,-8.313557044591E-11,1.003338230589E-07));
#1027 = DIRECTION('',(8.313557044591E-11,1.,-1.734723063624E-18));
#1028 = DEFINITIONAL_REPRESENTATION('',(#1029),#1033);
#1029 = LINE('',#1030,#1031);
#1030 = CARTESIAN_POINT('',(8.77462168743,7.013072184264));
#1031 = VECTOR('',#1032,1.);
#1032 = DIRECTION('',(-0.999998386075,-1.796620979507E-03));
#1033 = ( GEOMETRIC_REPRESENTATION_CONTEXT(2) 
PARAMETRIC_REPRESENTATION_CONTEXT() REPRESENTATION_CONTEXT('2D SPACE',''
  ) );
#1034 = ORIENTED_EDGE('',*,*,#1035,.T.);
#1035 = EDGE_CURVE('',#1008,#1036,#1038,.T.);
#1036 = VERTEX_POINT('',#1037);
#1037 = CARTESIAN_POINT('',(507.35002209042,151.74309812564,
    6.247031485326));
#1038 = SURFACE_CURVE('',#1039,(#1043,#1050),.PCURVE_S1.);
#1039 = LINE('',#1040,#1041);
#1040 = CARTESIAN_POINT('',(507.35002208961,160.01233075709,
    6.261888184481));
#1041 = VECTOR('',#1042,1.);
#1042 = DIRECTION('',(9.711425214604E-11,-0.999998386076,
    -1.796620779692E-03));
#1043 = PCURVE('',#100,#1044);
#1044 = DEFINITIONAL_REPRESENTATION('',(#1045),#1049);
#1045 = LINE('',#1046,#1047);
#1046 = CARTESIAN_POINT('',(125.71961317598,4.112878480359));
#1047 = VECTOR('',#1048,1.);
#1048 = DIRECTION('',(4.123092187112E-02,-0.999149643988));
#1049 = ( GEOMETRIC_REPRESENTATION_CONTEXT(2) 
PARAMETRIC_REPRESENTATION_CONTEXT() REPRESENTATION_CONTEXT('2D SPACE',''
  ) );
#1050 = PCURVE('',#1023,#1051);
#1051 = DEFINITIONAL_REPRESENTATION('',(#1052),#1056);
#1052 = LINE('',#1053,#1054);
#1053 = CARTESIAN_POINT('',(5.389862930002E-03,6.997317174619));
#1054 = VECTOR('',#1055,1.);
#1055 = DIRECTION('',(-0.999998386076,-1.796620779692E-03));
#1056 = ( GEOMETRIC_REPRESENTATION_CONTEXT(2) 
PARAMETRIC_REPRESENTATION_CONTEXT() REPRESENTATION_CONTEXT('2D SPACE',''
  ) );
#1057 = ORIENTED_EDGE('',*,*,#1058,.T.);
#1058 = EDGE_CURVE('',#1036,#1059,#1061,.T.);
#1059 = VERTEX_POINT('',#1060);
#1060 = CARTESIAN_POINT('',(510.35002208814,151.74305739595,
    6.26970177223));
#1061 = SURFACE_CURVE('',#1062,(#1066,#1073),.PCURVE_S1.);
#1062 = LINE('',#1063,#1064);
#1063 = CARTESIAN_POINT('',(508.85002208928,151.74307776079,
    6.258366628777));
#1064 = VECTOR('',#1065,1.);
#1065 = DIRECTION('',(0.999971448802,-1.3576174875E-05,
    7.556546552513E-03));
#1066 = PCURVE('',#100,#1067);
#1067 = DEFINITIONAL_REPRESENTATION('',(#1068),#1072);
#1068 = LINE('',#1069,#1070);
#1069 = CARTESIAN_POINT('',(124.56179455436,-4.211183842604));
#1070 = VECTOR('',#1071,1.);
#1071 = DIRECTION('',(-0.999149643988,-4.123092187267E-02));
#1072 = ( GEOMETRIC_REPRESENTATION_CONTEXT(2) 
PARAMETRIC_REPRESENTATION_CONTEXT() REPRESENTATION_CONTEXT('2D SPACE',''
  ) );
#1073 = PCURVE('',#1074,#1079);
#1074 = PLANE('',#1075);
#1075 = AXIS2_PLACEMENT_3D('',#1076,#1077,#1078);
#1076 = CARTESIAN_POINT('',(507.35002148841,151.73231839977,
    12.247021798473));
#1077 = DIRECTION('',(9.712849501879E-11,-0.999998386075,
    -1.796620979455E-03));
#1078 = DIRECTION('',(1.003338105168E-07,1.796620979455E-03,
    -0.999998386075));
#1079 = DEFINITIONAL_REPRESENTATION('',(#1080),#1084);
#1080 = LINE('',#1081,#1082);
#1081 = CARTESIAN_POINT('',(5.988664985452,1.500000000004));
#1082 = VECTOR('',#1083,1.);
#1083 = DIRECTION('',(-7.55645841711E-03,0.999971449561));
#1084 = ( GEOMETRIC_REPRESENTATION_CONTEXT(2) 
PARAMETRIC_REPRESENTATION_CONTEXT() REPRESENTATION_CONTEXT('2D SPACE',''
  ) );
#1085 = ORIENTED_EDGE('',*,*,#1086,.T.);
#1086 = EDGE_CURVE('',#1059,#1087,#1089,.T.);
#1087 = VERTEX_POINT('',#1088);
#1088 = CARTESIAN_POINT('',(510.55002208799,151.74305468064,
    6.271213124677));
#1089 = SURFACE_CURVE('',#1090,(#1094,#1101),.PCURVE_S1.);
#1090 = LINE('',#1091,#1092);
#1091 = CARTESIAN_POINT('',(510.45002208807,151.74305603829,
    6.270457448453));
#1092 = VECTOR('',#1093,1.);
#1093 = DIRECTION('',(0.999971448803,-1.357617461602E-05,
    7.556546487037E-03));
#1094 = PCURVE('',#100,#1095);
#1095 = DEFINITIONAL_REPRESENTATION('',(#1096),#1100);
#1096 = LINE('',#1097,#1098);
#1097 = CARTESIAN_POINT('',(122.96310948081,-4.277155201111));
#1098 = VECTOR('',#1099,1.);
#1099 = DIRECTION('',(-0.999149643988,-4.123092187253E-02));
#1100 = ( GEOMETRIC_REPRESENTATION_CONTEXT(2) 
PARAMETRIC_REPRESENTATION_CONTEXT() REPRESENTATION_CONTEXT('2D SPACE',''
  ) );
#1101 = PCURVE('',#1074,#1102);
#1102 = DEFINITIONAL_REPRESENTATION('',(#1103),#1107);
#1103 = LINE('',#1104,#1105);
#1104 = CARTESIAN_POINT('',(5.976574306796,3.100000000008));
#1105 = VECTOR('',#1106,1.);
#1106 = DIRECTION('',(-7.556458351634E-03,0.999971449561));
#1107 = ( GEOMETRIC_REPRESENTATION_CONTEXT(2) 
PARAMETRIC_REPRESENTATION_CONTEXT() REPRESENTATION_CONTEXT('2D SPACE',''
  ) );
#1108 = ORIENTED_EDGE('',*,*,#1109,.T.);
#1109 = EDGE_CURVE('',#1087,#1110,#1112,.T.);
#1110 = VERTEX_POINT('',#1111);
#1111 = CARTESIAN_POINT('',(510.55002208638,168.28151994399,
    6.300926277843));
#1112 = SURFACE_CURVE('',#1113,(#1117,#1124),.PCURVE_S1.);
#1113 = LINE('',#1114,#1115);
#1114 = CARTESIAN_POINT('',(510.55002208719,160.01228731231,
    6.28606970126));
#1115 = VECTOR('',#1116,1.);
#1116 = DIRECTION('',(-9.714182728011E-11,0.999998386102,
    1.796605956987E-03));
#1117 = PCURVE('',#100,#1118);
#1118 = DEFINITIONAL_REPRESENTATION('',(#1119),#1123);
#1119 = LINE('',#1120,#1121);
#1120 = CARTESIAN_POINT('',(122.52224302981,3.980935763382));
#1121 = VECTOR('',#1122,1.);
#1122 = DIRECTION('',(-4.123092175918E-02,0.999149643993));
#1123 = ( GEOMETRIC_REPRESENTATION_CONTEXT(2) 
PARAMETRIC_REPRESENTATION_CONTEXT() REPRESENTATION_CONTEXT('2D SPACE',''
  ) );
#1124 = PCURVE('',#1125,#1130);
#1125 = PLANE('',#1126);
#1126 = AXIS2_PLACEMENT_3D('',#1127,#1128,#1129);
#1127 = CARTESIAN_POINT('',(510.55002279168,160.00694089389,
    -0.735428669069));
#1128 = DIRECTION('',(1.,-8.313557044591E-11,1.003338230589E-07));
#1129 = DIRECTION('',(8.313557044591E-11,1.,-1.734723063624E-18));
#1130 = DEFINITIONAL_REPRESENTATION('',(#1131),#1135);
#1131 = LINE('',#1132,#1133);
#1132 = CARTESIAN_POINT('',(5.346418420004E-03,7.021498370329));
#1133 = VECTOR('',#1134,1.);
#1134 = DIRECTION('',(0.999998386102,1.796605956987E-03));
#1135 = ( GEOMETRIC_REPRESENTATION_CONTEXT(2) 
PARAMETRIC_REPRESENTATION_CONTEXT() REPRESENTATION_CONTEXT('2D SPACE',''
  ) );
#1136 = ORIENTED_EDGE('',*,*,#1137,.T.);
#1137 = EDGE_CURVE('',#1110,#1138,#1140,.T.);
#1138 = VERTEX_POINT('',#1139);
#1139 = CARTESIAN_POINT('',(510.55002208628,169.28151833007,
    6.302722898822));
#1140 = SURFACE_CURVE('',#1141,(#1145,#1152),.PCURVE_S1.);
#1141 = LINE('',#1142,#1143);
#1142 = CARTESIAN_POINT('',(510.55002208633,168.78151913703,
    6.301824588332));
#1143 = VECTOR('',#1144,1.);
#1144 = DIRECTION('',(-9.723756363298E-11,0.999998386075,
    1.796620979618E-03));
#1145 = PCURVE('',#100,#1146);
#1146 = DEFINITIONAL_REPRESENTATION('',(#1147),#1151);
#1147 = LINE('',#1148,#1149);
#1148 = CARTESIAN_POINT('',(122.16067893499,12.742724759783));
#1149 = VECTOR('',#1150,1.);
#1150 = DIRECTION('',(-4.12309218725E-02,0.999149643988));
#1151 = ( GEOMETRIC_REPRESENTATION_CONTEXT(2) 
PARAMETRIC_REPRESENTATION_CONTEXT() REPRESENTATION_CONTEXT('2D SPACE',''
  ) );
#1152 = PCURVE('',#1125,#1153);
#1153 = DEFINITIONAL_REPRESENTATION('',(#1154),#1158);
#1154 = LINE('',#1155,#1156);
#1155 = CARTESIAN_POINT('',(8.77457824314,7.037253257401));
#1156 = VECTOR('',#1157,1.);
#1157 = DIRECTION('',(0.999998386075,1.796620979618E-03));
#1158 = ( GEOMETRIC_REPRESENTATION_CONTEXT(2) 
PARAMETRIC_REPRESENTATION_CONTEXT() REPRESENTATION_CONTEXT('2D SPACE',''
  ) );
#1159 = ORIENTED_EDGE('',*,*,#1160,.T.);
#1160 = EDGE_CURVE('',#1138,#1161,#1163,.T.);
#1161 = VERTEX_POINT('',#1162);
#1162 = CARTESIAN_POINT('',(510.35002208644,169.28152104535,
    6.301211562091));
#1163 = SURFACE_CURVE('',#1164,(#1168,#1175),.PCURVE_S1.);
#1164 = LINE('',#1165,#1166);
#1165 = CARTESIAN_POINT('',(510.45002208636,169.28151968771,
    6.301967230457));
#1166 = VECTOR('',#1167,1.);
#1167 = DIRECTION('',(-0.999971449397,1.357603391637E-05,
    -7.556467912668E-03));
#1168 = PCURVE('',#100,#1169);
#1169 = DEFINITIONAL_REPRESENTATION('',(#1170),#1174);
#1170 = LINE('',#1171,#1172);
#1171 = CARTESIAN_POINT('',(122.23998129108,13.246422791681));
#1172 = VECTOR('',#1173,1.);
#1173 = DIRECTION('',(0.999149643988,4.123092187295E-02));
#1174 = ( GEOMETRIC_REPRESENTATION_CONTEXT(2) 
PARAMETRIC_REPRESENTATION_CONTEXT() REPRESENTATION_CONTEXT('2D SPACE',''
  ) );
#1175 = PCURVE('',#1176,#1181);
#1176 = PLANE('',#1177);
#1177 = AXIS2_PLACEMENT_3D('',#1178,#1179,#1180);
#1178 = CARTESIAN_POINT('',(507.35002208871,169.28156177463,
    6.278541504616));
#1179 = DIRECTION('',(-9.712850018569E-11,0.999998386075,
    1.796620979455E-03));
#1180 = DIRECTION('',(-1.00333810503E-07,-1.796620979455E-03,
    0.999998386075));
#1181 = DEFINITIONAL_REPRESENTATION('',(#1182),#1186);
#1182 = LINE('',#1183,#1184);
#1183 = CARTESIAN_POINT('',(2.342545261307E-02,3.1));
#1184 = VECTOR('',#1185,1.);
#1185 = DIRECTION('',(-7.556379777139E-03,-0.999971450155));
#1186 = ( GEOMETRIC_REPRESENTATION_CONTEXT(2) 
PARAMETRIC_REPRESENTATION_CONTEXT() REPRESENTATION_CONTEXT('2D SPACE',''
  ) );
#1187 = ORIENTED_EDGE('',*,*,#1188,.T.);
#1188 = EDGE_CURVE('',#1161,#1006,#1189,.T.);
#1189 = SURFACE_CURVE('',#1190,(#1194,#1201),.PCURVE_S1.);
#1190 = LINE('',#1191,#1192);
#1191 = CARTESIAN_POINT('',(508.85002208757,169.28154140999,
    6.289876533354));
#1192 = VECTOR('',#1193,1.);
#1193 = DIRECTION('',(-0.99997144938,1.35760374652E-05,
    -7.556470082759E-03));
#1194 = PCURVE('',#100,#1195);
#1195 = DEFINITIONAL_REPRESENTATION('',(#1196),#1200);
#1196 = LINE('',#1197,#1198);
#1197 = CARTESIAN_POINT('',(123.8386663637,13.312394150151));
#1198 = VECTOR('',#1199,1.);
#1199 = DIRECTION('',(0.999149643988,4.12309218726E-02));
#1200 = ( GEOMETRIC_REPRESENTATION_CONTEXT(2) 
PARAMETRIC_REPRESENTATION_CONTEXT() REPRESENTATION_CONTEXT('2D SPACE',''
  ) );
#1201 = PCURVE('',#1176,#1202);
#1202 = DEFINITIONAL_REPRESENTATION('',(#1203),#1207);
#1203 = LINE('',#1204,#1205);
#1204 = CARTESIAN_POINT('',(1.133489653094E-02,1.499999999997));
#1205 = VECTOR('',#1206,1.);
#1206 = DIRECTION('',(-7.556381947232E-03,-0.999971450138));
#1207 = ( GEOMETRIC_REPRESENTATION_CONTEXT(2) 
PARAMETRIC_REPRESENTATION_CONTEXT() REPRESENTATION_CONTEXT('2D SPACE',''
  ) );
#1208 = ADVANCED_FACE('',(#1209,#1817),#71,.F.);
#1209 = FACE_BOUND('',#1210,.F.);
#1210 = EDGE_LOOP('',(#1211,#1212,#1213,#1257,#1313,#1501,#1545,#1572,
    #1682,#1708,#1816));
#1211 = ORIENTED_EDGE('',*,*,#56,.F.);
#1212 = ORIENTED_EDGE('',*,*,#936,.F.);
#1213 = ORIENTED_EDGE('',*,*,#1214,.T.);
#1214 = EDGE_CURVE('',#937,#1215,#1217,.T.);
#1215 = VERTEX_POINT('',#1216);
#1216 = CARTESIAN_POINT('',(769.71481141811,145.332614702,8.608232056692
    ));
#1217 = SURFACE_CURVE('',#1218,(#1229,#1243),.PCURVE_S1.);
#1218 = B_SPLINE_CURVE_WITH_KNOTS('',5,(#1219,#1220,#1221,#1222,#1223,
    #1224,#1225,#1226,#1227,#1228),.UNSPECIFIED.,.F.,.F.,(6,4,6),(0.,
    0.500000241009,1.),.UNSPECIFIED.);
#1219 = CARTESIAN_POINT('',(769.71481141811,147.16591764292,8.2214483805
    ));
#1220 = CARTESIAN_POINT('',(769.71481141811,146.97706972866,
    8.221108818526));
#1221 = CARTESIAN_POINT('',(769.71481141811,146.7882091449,
    8.230818981783));
#1222 = CARTESIAN_POINT('',(769.71481141811,146.6000369538,
    8.250440356604));
#1223 = CARTESIAN_POINT('',(769.71481141811,146.41323290212,
    8.279823676555));
#1224 = CARTESIAN_POINT('',(769.71481141811,146.04368219265,
    8.357836557571));
#1225 = CARTESIAN_POINT('',(769.71481141811,145.8609410068,
    8.406464944121));
#1226 = CARTESIAN_POINT('',(769.71481141811,145.6808941176,
    8.464575304452));
#1227 = CARTESIAN_POINT('',(769.71481141811,145.50422360361,
    8.532029423216));
#1228 = CARTESIAN_POINT('',(769.71481141811,145.33162669483,
    8.608670635609));
#1229 = PCURVE('',#71,#1230);
#1230 = DEFINITIONAL_REPRESENTATION('',(#1231),#1242);
#1231 = B_SPLINE_CURVE_WITH_KNOTS('',5,(#1232,#1233,#1234,#1235,#1236,
    #1237,#1238,#1239,#1240,#1241),.UNSPECIFIED.,.F.,.F.,(6,4,6),(0.,
    0.500000241009,1.),.UNSPECIFIED.);
#1232 = CARTESIAN_POINT('',(-8.2214483805,-147.1659176429));
#1233 = CARTESIAN_POINT('',(-8.221108818526,-146.9770697286));
#1234 = CARTESIAN_POINT('',(-8.230818981783,-146.7882091449));
#1235 = CARTESIAN_POINT('',(-8.250440356604,-146.6000369538));
#1236 = CARTESIAN_POINT('',(-8.279823676555,-146.4132329021));
#1237 = CARTESIAN_POINT('',(-8.357836557571,-146.0436821926));
#1238 = CARTESIAN_POINT('',(-8.406464944121,-145.8609410068));
#1239 = CARTESIAN_POINT('',(-8.464575304452,-145.6808941176));
#1240 = CARTESIAN_POINT('',(-8.532029423216,-145.5042236036));
#1241 = CARTESIAN_POINT('',(-8.608670635609,-145.3316266948));
#1242 = ( GEOMETRIC_REPRESENTATION_CONTEXT(2) 
PARAMETRIC_REPRESENTATION_CONTEXT() REPRESENTATION_CONTEXT('2D SPACE',''
  ) );
#1243 = PCURVE('',#824,#1244);
#1244 = DEFINITIONAL_REPRESENTATION('',(#1245),#1256);
#1245 = B_SPLINE_CURVE_WITH_KNOTS('',5,(#1246,#1247,#1248,#1249,#1250,
    #1251,#1252,#1253,#1254,#1255),.UNSPECIFIED.,.F.,.F.,(6,4,6),(0.,
    0.500000241009,1.),.UNSPECIFIED.);
#1246 = CARTESIAN_POINT('',(1.000003145019,5.038473474511E-02));
#1247 = CARTESIAN_POINT('',(0.941100756207,5.041823152084E-02));
#1248 = CARTESIAN_POINT('',(0.882192501554,5.044413321678E-02));
#1249 = CARTESIAN_POINT('',(0.823286403954,5.046242113859E-02));
#1250 = CARTESIAN_POINT('',(0.764384023486,5.047308847222E-02));
#1251 = CARTESIAN_POINT('',(0.64657757691,5.047915930346E-02));
#1252 = CARTESIAN_POINT('',(0.587675224771,5.047456272585E-02));
#1253 = CARTESIAN_POINT('',(0.528769127233,5.046232376833E-02));
#1254 = CARTESIAN_POINT('',(0.469860844296,5.044242685295E-02));
#1255 = CARTESIAN_POINT('',(0.410958398686,5.041486768303E-02));
#1256 = ( GEOMETRIC_REPRESENTATION_CONTEXT(2) 
PARAMETRIC_REPRESENTATION_CONTEXT() REPRESENTATION_CONTEXT('2D SPACE',''
  ) );
#1257 = ORIENTED_EDGE('',*,*,#1258,.F.);
#1258 = EDGE_CURVE('',#1259,#1215,#1261,.T.);
#1259 = VERTEX_POINT('',#1260);
#1260 = CARTESIAN_POINT('',(769.71481141811,142.90334193775,
    9.021901048528));
#1261 = SURFACE_CURVE('',#1262,(#1277,#1295),.PCURVE_S1.);
#1262 = B_SPLINE_CURVE_WITH_KNOTS('',4,(#1263,#1264,#1265,#1266,#1267,
    #1268,#1269,#1270,#1271,#1272,#1273,#1274,#1275,#1276),
  .UNSPECIFIED.,.F.,.F.,(5,3,3,3,5),(0.,0.250996984384,0.500001991961,
    0.750005975716,1.),.UNSPECIFIED.);
#1263 = CARTESIAN_POINT('',(769.71481141811,142.90329318035,
    9.021873682168));
#1264 = CARTESIAN_POINT('',(769.71481141811,143.05901972906,
    9.034412525249));
#1265 = CARTESIAN_POINT('',(769.71481141811,143.21527504401,
    9.040332162034));
#1266 = CARTESIAN_POINT('',(769.71481141811,143.37163553113,
    9.039695675755));
#1267 = CARTESIAN_POINT('',(769.71481141811,143.68252786022,
    9.025507477319));
#1268 = CARTESIAN_POINT('',(769.71481141811,143.83706367117,
    9.012058009313));
#1269 = CARTESIAN_POINT('',(769.71481141811,143.99091817517,
    8.992292600742));
#1270 = CARTESIAN_POINT('',(769.71481141811,144.29711232055,
    8.940156609685));
#1271 = CARTESIAN_POINT('',(769.71481141811,144.44944266882,8.9077359022
    ));
#1272 = CARTESIAN_POINT('',(769.71481141811,144.60031244343,
    8.869080190422));
#1273 = CARTESIAN_POINT('',(769.71481141811,144.89833403114,
    8.779432634434));
#1274 = CARTESIAN_POINT('',(769.71481141811,145.04548542653,
    8.728441793611));
#1275 = CARTESIAN_POINT('',(769.71481141811,145.19038418941,
    8.671348371423));
#1276 = CARTESIAN_POINT('',(769.71481141811,145.332614702,8.608232056692
    ));
#1277 = PCURVE('',#71,#1278);
#1278 = DEFINITIONAL_REPRESENTATION('',(#1279),#1294);
#1279 = B_SPLINE_CURVE_WITH_KNOTS('',4,(#1280,#1281,#1282,#1283,#1284,
    #1285,#1286,#1287,#1288,#1289,#1290,#1291,#1292,#1293),
  .UNSPECIFIED.,.F.,.F.,(5,3,3,3,5),(0.,0.250996984384,0.500001991961,
    0.750005975716,1.),.UNSPECIFIED.);
#1280 = CARTESIAN_POINT('',(-9.021873682168,-142.9032931803));
#1281 = CARTESIAN_POINT('',(-9.034412525249,-143.059019729));
#1282 = CARTESIAN_POINT('',(-9.040332162034,-143.215275044));
#1283 = CARTESIAN_POINT('',(-9.039695675755,-143.3716355311));
#1284 = CARTESIAN_POINT('',(-9.025507477319,-143.6825278602));
#1285 = CARTESIAN_POINT('',(-9.012058009313,-143.8370636711));
#1286 = CARTESIAN_POINT('',(-8.992292600742,-143.9909181751));
#1287 = CARTESIAN_POINT('',(-8.940156609685,-144.2971123205));
#1288 = CARTESIAN_POINT('',(-8.9077359022,-144.4494426688));
#1289 = CARTESIAN_POINT('',(-8.869080190422,-144.6003124434));
#1290 = CARTESIAN_POINT('',(-8.779432634434,-144.8983340311));
#1291 = CARTESIAN_POINT('',(-8.728441793611,-145.0454854265));
#1292 = CARTESIAN_POINT('',(-8.671348371423,-145.1903841894));
#1293 = CARTESIAN_POINT('',(-8.608232056692,-145.332614702));
#1294 = ( GEOMETRIC_REPRESENTATION_CONTEXT(2) 
PARAMETRIC_REPRESENTATION_CONTEXT() REPRESENTATION_CONTEXT('2D SPACE',''
  ) );
#1295 = PCURVE('',#747,#1296);
#1296 = DEFINITIONAL_REPRESENTATION('',(#1297),#1312);
#1297 = B_SPLINE_CURVE_WITH_KNOTS('',4,(#1298,#1299,#1300,#1301,#1302,
    #1303,#1304,#1305,#1306,#1307,#1308,#1309,#1310,#1311),
  .UNSPECIFIED.,.F.,.F.,(5,3,3,3,5),(0.,0.250996984384,0.500001991961,
    0.750005975716,1.),.UNSPECIFIED.);
#1298 = CARTESIAN_POINT('',(1.000020395939,5.085244357562E-02));
#1299 = CARTESIAN_POINT('',(0.93727503461,5.078173471422E-02));
#1300 = CARTESIAN_POINT('',(0.874520556967,5.071515609737E-02));
#1301 = CARTESIAN_POINT('',(0.811767102916,5.065283630183E-02));
#1302 = CARTESIAN_POINT('',(0.686761464672,5.053740321732E-02));
#1303 = CARTESIAN_POINT('',(0.624509541548,5.048422126051E-02));
#1304 = CARTESIAN_POINT('',(0.562259984799,5.043545612178E-02));
#1305 = CARTESIAN_POINT('',(0.43751067259,5.034680304779E-02));
#1306 = CARTESIAN_POINT('',(0.375011213264,5.030695172483E-02));
#1307 = CARTESIAN_POINT('',(0.31250918667,5.027177679314E-02));
#1308 = CARTESIAN_POINT('',(0.187503500774,5.021101159577E-02));
#1309 = CARTESIAN_POINT('',(0.125000131507,5.018542083943E-02));
#1310 = CARTESIAN_POINT('',(6.24956207327E-02,5.016473740322E-02));
#1311 = CARTESIAN_POINT('',(0.,5.014907576937E-02));
#1312 = ( GEOMETRIC_REPRESENTATION_CONTEXT(2) 
PARAMETRIC_REPRESENTATION_CONTEXT() REPRESENTATION_CONTEXT('2D SPACE',''
  ) );
#1313 = ORIENTED_EDGE('',*,*,#1314,.F.);
#1314 = EDGE_CURVE('',#1315,#1259,#1317,.T.);
#1315 = VERTEX_POINT('',#1316);
#1316 = CARTESIAN_POINT('',(769.71481141811,143.18895851641,
    18.96075174737));
#1317 = SURFACE_CURVE('',#1318,(#1377,#1439),.PCURVE_S1.);
#1318 = B_SPLINE_CURVE_WITH_KNOTS('',5,(#1319,#1320,#1321,#1322,#1323,
    #1324,#1325,#1326,#1327,#1328,#1329,#1330,#1331,#1332,#1333,#1334,
    #1335,#1336,#1337,#1338,#1339,#1340,#1341,#1342,#1343,#1344,#1345,
    #1346,#1347,#1348,#1349,#1350,#1351,#1352,#1353,#1354,#1355,#1356,
    #1357,#1358,#1359,#1360,#1361,#1362,#1363,#1364,#1365,#1366,#1367,
    #1368,#1369,#1370,#1371,#1372,#1373,#1374,#1375,#1376),
  .UNSPECIFIED.,.F.,.F.,(6,4,4,4,4,4,4,4,4,4,4,4,4,4,6),(0.,
    7.200051486622E-02,0.142991338282,0.212982140702,0.285973566106,
    0.355969255074,0.428958610335,0.502942248122,0.570937704776,
    0.63893928652,0.713937763552,0.788946000236,0.856964306454,
    0.926964204306,1.),.UNSPECIFIED.);
#1319 = CARTESIAN_POINT('',(769.71481141811,143.3816545909,
    18.930266770496));
#1320 = CARTESIAN_POINT('',(769.71481141811,143.1390881548,18.9735906294
    ));
#1321 = CARTESIAN_POINT('',(769.71481141811,142.89380910878,
    19.001672159642));
#1322 = CARTESIAN_POINT('',(769.71481141811,142.6471224833,
    19.01458745289));
#1323 = CARTESIAN_POINT('',(769.71481141811,142.40027850282,
    19.01245030583));
#1324 = CARTESIAN_POINT('',(769.71481141811,141.91210607707,
    18.978476019319));
#1325 = CARTESIAN_POINT('',(769.71481141811,141.67076343759,
    18.94705679386));
#1326 = CARTESIAN_POINT('',(769.71481141811,141.43158303262,
    18.901168174053));
#1327 = CARTESIAN_POINT('',(769.71481141811,141.19576482116,
    18.840871012705));
#1328 = CARTESIAN_POINT('',(769.71481141811,140.736600565,18.69271047673
    ));
#1329 = CARTESIAN_POINT('',(769.71481141811,140.5131403317,
    18.605257532068));
#1330 = CARTESIAN_POINT('',(769.71481141811,140.29519725492,
    18.504526996562));
#1331 = CARTESIAN_POINT('',(769.71481141811,140.08373899375,
    18.391142167274));
#1332 = CARTESIAN_POINT('',(769.71481141811,139.66691594577,
    18.134832468108));
#1333 = CARTESIAN_POINT('',(769.71481141811,139.46221453356,
    17.990857785429));
#1334 = CARTESIAN_POINT('',(769.71481141811,139.26665424616,
    17.834405752574));
#1335 = CARTESIAN_POINT('',(769.71481141811,139.08136536319,
    17.666136798318));
#1336 = CARTESIAN_POINT('',(769.71481141811,138.74077544963,
    17.314779121551));
#1337 = CARTESIAN_POINT('',(769.71481141811,138.5845626871,
    17.132600801464));
#1338 = CARTESIAN_POINT('',(769.71481141811,138.4394766598,
    16.941276591017));
#1339 = CARTESIAN_POINT('',(769.71481141811,138.30608001206,
    16.741815319407));
#1340 = CARTESIAN_POINT('',(769.71481141811,138.05860241155,
    16.319676879324));
#1341 = CARTESIAN_POINT('',(769.71481141811,137.94559990037,
    16.096385603195));
#1342 = CARTESIAN_POINT('',(769.71481141811,137.84655352719,
    15.866366711273));
#1343 = CARTESIAN_POINT('',(769.71481141811,137.76215768962,
    15.630737015542));
#1344 = CARTESIAN_POINT('',(769.71481141811,137.62309817365,
    15.147360927968));
#1345 = CARTESIAN_POINT('',(769.71481141811,137.56884948832,
    14.899517972959));
#1346 = CARTESIAN_POINT('',(769.71481141811,137.53040679618,
    14.64857998207));
#1347 = CARTESIAN_POINT('',(769.71481141811,137.50777544594,
    14.395913197821));
#1348 = CARTESIAN_POINT('',(769.71481141811,137.49475569359,
    13.910198218141));
#1349 = CARTESIAN_POINT('',(769.71481141811,137.50190618278,
    13.677230720337));
#1350 = CARTESIAN_POINT('',(769.71481141811,137.52246719135,
    13.444918956464));
#1351 = CARTESIAN_POINT('',(769.71481141811,137.5564861138,
    13.214316433544));
#1352 = CARTESIAN_POINT('',(769.71481141811,137.65148793442,
    12.758697485994));
#1353 = CARTESIAN_POINT('',(769.71481141811,137.71247857975,
    12.533697632217));
#1354 = CARTESIAN_POINT('',(769.71481141811,137.78649622773,
    12.312512329863));
#1355 = CARTESIAN_POINT('',(769.71481141811,137.87307205156,
    12.096088222382));
#1356 = CARTESIAN_POINT('',(769.71481141811,138.08064161909,
    11.65290521349));
#1357 = CARTESIAN_POINT('',(769.71481141811,138.20425293507,
    11.427389435155));
#1358 = CARTESIAN_POINT('',(769.71481141811,138.34203721656,
    11.210011381108));
#1359 = CARTESIAN_POINT('',(769.71481141811,138.49341970041,
    11.00207365808));
#1360 = CARTESIAN_POINT('',(769.71481141811,138.82210869302,
    10.607731408818));
#1361 = CARTESIAN_POINT('',(769.71481141811,138.99940922287,
    10.421353505774));
#1362 = CARTESIAN_POINT('',(769.71481141811,139.18844944462,
    10.246656624806));
#1363 = CARTESIAN_POINT('',(769.71481141811,139.38804803079,
    10.08443856345));
#1364 = CARTESIAN_POINT('',(769.71481141811,139.78668754295,
    9.800410733556));
#1365 = CARTESIAN_POINT('',(769.71481141811,139.9840355939,
    9.676252234978));
#1366 = CARTESIAN_POINT('',(769.71481141811,140.18833061482,
    9.563593653956));
#1367 = CARTESIAN_POINT('',(769.71481141811,140.39872578641,
    9.463067036017));
#1368 = CARTESIAN_POINT('',(769.71481141811,140.83620739661,
    9.284992849905));
#1369 = CARTESIAN_POINT('',(769.71481141811,141.06358804706,
    9.208209669891));
#1370 = CARTESIAN_POINT('',(769.71481141811,141.29528628544,
    9.145146523101));
#1371 = CARTESIAN_POINT('',(769.71481141811,141.53016004227,
    9.09595011087));
#1372 = CARTESIAN_POINT('',(769.71481141811,142.01436199678,
    9.024088189121));
#1373 = CARTESIAN_POINT('',(769.71481141811,142.26386015461,
    9.002668100441));
#1374 = CARTESIAN_POINT('',(769.71481141811,142.51438375408,
    8.996700717381));
#1375 = CARTESIAN_POINT('',(769.71481141811,142.76464104247,
    9.006401728029));
#1376 = CARTESIAN_POINT('',(769.71481141811,143.01328025613,
    9.031950071876));
#1377 = PCURVE('',#71,#1378);
#1378 = DEFINITIONAL_REPRESENTATION('',(#1379),#1438);
#1379 = B_SPLINE_CURVE_WITH_KNOTS('',5,(#1380,#1381,#1382,#1383,#1384,
    #1385,#1386,#1387,#1388,#1389,#1390,#1391,#1392,#1393,#1394,#1395,
    #1396,#1397,#1398,#1399,#1400,#1401,#1402,#1403,#1404,#1405,#1406,
    #1407,#1408,#1409,#1410,#1411,#1412,#1413,#1414,#1415,#1416,#1417,
    #1418,#1419,#1420,#1421,#1422,#1423,#1424,#1425,#1426,#1427,#1428,
    #1429,#1430,#1431,#1432,#1433,#1434,#1435,#1436,#1437),
  .UNSPECIFIED.,.F.,.F.,(6,4,4,4,4,4,4,4,4,4,4,4,4,4,6),(0.,
    7.200051486622E-02,0.142991338282,0.212982140702,0.285973566106,
    0.355969255074,0.428958610335,0.502942248122,0.570937704776,
    0.63893928652,0.713937763552,0.788946000236,0.856964306454,
    0.926964204306,1.),.UNSPECIFIED.);
#1380 = CARTESIAN_POINT('',(-18.93026677049,-143.3816545909));
#1381 = CARTESIAN_POINT('',(-18.9735906294,-143.1390881548));
#1382 = CARTESIAN_POINT('',(-19.00167215964,-142.8938091087));
#1383 = CARTESIAN_POINT('',(-19.01458745289,-142.6471224833));
#1384 = CARTESIAN_POINT('',(-19.01245030583,-142.4002785028));
#1385 = CARTESIAN_POINT('',(-18.97847601931,-141.912106077));
#1386 = CARTESIAN_POINT('',(-18.94705679386,-141.6707634375));
#1387 = CARTESIAN_POINT('',(-18.90116817405,-141.4315830326));
#1388 = CARTESIAN_POINT('',(-18.8408710127,-141.1957648211));
#1389 = CARTESIAN_POINT('',(-18.69271047673,-140.736600565));
#1390 = CARTESIAN_POINT('',(-18.60525753206,-140.5131403317));
#1391 = CARTESIAN_POINT('',(-18.50452699656,-140.2951972549));
#1392 = CARTESIAN_POINT('',(-18.39114216727,-140.0837389937));
#1393 = CARTESIAN_POINT('',(-18.1348324681,-139.6669159457));
#1394 = CARTESIAN_POINT('',(-17.99085778542,-139.4622145335));
#1395 = CARTESIAN_POINT('',(-17.83440575257,-139.2666542461));
#1396 = CARTESIAN_POINT('',(-17.66613679831,-139.0813653631));
#1397 = CARTESIAN_POINT('',(-17.31477912155,-138.7407754496));
#1398 = CARTESIAN_POINT('',(-17.13260080146,-138.5845626871));
#1399 = CARTESIAN_POINT('',(-16.94127659101,-138.4394766598));
#1400 = CARTESIAN_POINT('',(-16.7418153194,-138.306080012));
#1401 = CARTESIAN_POINT('',(-16.31967687932,-138.0586024115));
#1402 = CARTESIAN_POINT('',(-16.09638560319,-137.9455999003));
#1403 = CARTESIAN_POINT('',(-15.86636671127,-137.8465535271));
#1404 = CARTESIAN_POINT('',(-15.63073701554,-137.7621576896));
#1405 = CARTESIAN_POINT('',(-15.14736092796,-137.6230981736));
#1406 = CARTESIAN_POINT('',(-14.89951797295,-137.5688494883));
#1407 = CARTESIAN_POINT('',(-14.64857998207,-137.5304067961));
#1408 = CARTESIAN_POINT('',(-14.39591319782,-137.5077754459));
#1409 = CARTESIAN_POINT('',(-13.91019821814,-137.4947556935));
#1410 = CARTESIAN_POINT('',(-13.67723072033,-137.5019061827));
#1411 = CARTESIAN_POINT('',(-13.44491895646,-137.5224671913));
#1412 = CARTESIAN_POINT('',(-13.21431643354,-137.5564861138));
#1413 = CARTESIAN_POINT('',(-12.75869748599,-137.6514879344));
#1414 = CARTESIAN_POINT('',(-12.53369763221,-137.7124785797));
#1415 = CARTESIAN_POINT('',(-12.31251232986,-137.7864962277));
#1416 = CARTESIAN_POINT('',(-12.09608822238,-137.8730720515));
#1417 = CARTESIAN_POINT('',(-11.65290521349,-138.080641619));
#1418 = CARTESIAN_POINT('',(-11.42738943515,-138.204252935));
#1419 = CARTESIAN_POINT('',(-11.2100113811,-138.3420372165));
#1420 = CARTESIAN_POINT('',(-11.00207365808,-138.4934197004));
#1421 = CARTESIAN_POINT('',(-10.60773140881,-138.822108693));
#1422 = CARTESIAN_POINT('',(-10.42135350577,-138.9994092228));
#1423 = CARTESIAN_POINT('',(-10.2466566248,-139.1884494446));
#1424 = CARTESIAN_POINT('',(-10.08443856345,-139.3880480307));
#1425 = CARTESIAN_POINT('',(-9.800410733556,-139.7866875429));
#1426 = CARTESIAN_POINT('',(-9.676252234978,-139.9840355939));
#1427 = CARTESIAN_POINT('',(-9.563593653956,-140.1883306148));
#1428 = CARTESIAN_POINT('',(-9.463067036017,-140.3987257864));
#1429 = CARTESIAN_POINT('',(-9.284992849905,-140.8362073966));
#1430 = CARTESIAN_POINT('',(-9.208209669891,-141.063588047));
#1431 = CARTESIAN_POINT('',(-9.145146523101,-141.2952862854));
#1432 = CARTESIAN_POINT('',(-9.09595011087,-141.5301600422));
#1433 = CARTESIAN_POINT('',(-9.024088189121,-142.0143619967));
#1434 = CARTESIAN_POINT('',(-9.002668100441,-142.2638601546));
#1435 = CARTESIAN_POINT('',(-8.996700717381,-142.514383754));
#1436 = CARTESIAN_POINT('',(-9.006401728029,-142.7646410424));
#1437 = CARTESIAN_POINT('',(-9.031950071876,-143.0132802561));
#1438 = ( GEOMETRIC_REPRESENTATION_CONTEXT(2) 
PARAMETRIC_REPRESENTATION_CONTEXT() REPRESENTATION_CONTEXT('2D SPACE',''
  ) );
#1439 = PCURVE('',#598,#1440);
#1440 = DEFINITIONAL_REPRESENTATION('',(#1441),#1500);
#1441 = B_SPLINE_CURVE_WITH_KNOTS('',5,(#1442,#1443,#1444,#1445,#1446,
    #1447,#1448,#1449,#1450,#1451,#1452,#1453,#1454,#1455,#1456,#1457,
    #1458,#1459,#1460,#1461,#1462,#1463,#1464,#1465,#1466,#1467,#1468,
    #1469,#1470,#1471,#1472,#1473,#1474,#1475,#1476,#1477,#1478,#1479,
    #1480,#1481,#1482,#1483,#1484,#1485,#1486,#1487,#1488,#1489,#1490,
    #1491,#1492,#1493,#1494,#1495,#1496,#1497,#1498,#1499),
  .UNSPECIFIED.,.F.,.F.,(6,4,4,4,4,4,4,4,4,4,4,4,4,4,6),(0.,
    7.200051486622E-02,0.142991338282,0.212982140702,0.285973566106,
    0.355969255074,0.428958610335,0.502942248122,0.570937704776,
    0.63893928652,0.713937763552,0.788946000236,0.856964306454,
    0.926964204306,1.),.UNSPECIFIED.);
#1442 = CARTESIAN_POINT('',(0.955638215358,1.015951886483E-03));
#1443 = CARTESIAN_POINT('',(0.942808328385,1.017108107606E-03));
#1444 = CARTESIAN_POINT('',(0.929977498602,1.019595031345E-03));
#1445 = CARTESIAN_POINT('',(0.917148699267,1.023380527709E-03));
#1446 = CARTESIAN_POINT('',(0.904321973714,1.028430388835E-03));
#1447 = CARTESIAN_POINT('',(0.878846795196,1.040909865521E-03));
#1448 = CARTESIAN_POINT('',(0.866199107949,1.048304743784E-03));
#1449 = CARTESIAN_POINT('',(0.853548631093,1.056869356969E-03));
#1450 = CARTESIAN_POINT('',(0.840895273944,1.066574926046E-03));
#1451 = CARTESIAN_POINT('',(0.815766081934,1.088049744696E-03));
#1452 = CARTESIAN_POINT('',(0.803291163579,1.099786857363E-03));
#1453 = CARTESIAN_POINT('',(0.790819029726,1.112527636998E-03));
#1454 = CARTESIAN_POINT('',(0.778349429093,1.126200761772E-03));
#1455 = CARTESIAN_POINT('',(0.752875069902,1.155901937999E-03));
#1456 = CARTESIAN_POINT('',(0.73987108835,1.172004863473E-03));
#1457 = CARTESIAN_POINT('',(0.726864323108,1.188972891162E-03));
#1458 = CARTESIAN_POINT('',(0.713854628604,1.206728380609E-03));
#1459 = CARTESIAN_POINT('',(0.688369105882,1.242889378458E-03));
#1460 = CARTESIAN_POINT('',(0.675894242455,1.261236594702E-03));
#1461 = CARTESIAN_POINT('',(0.663422324967,1.280130590203E-03));
#1462 = CARTESIAN_POINT('',(0.650952897902,1.299475733758E-03));
#1463 = CARTESIAN_POINT('',(0.625479549351,1.33973014755E-03));
#1464 = CARTESIAN_POINT('',(0.612476401092,1.360669594037E-03));
#1465 = CARTESIAN_POINT('',(0.599469858485,1.381897366208E-03));
#1466 = CARTESIAN_POINT('',(0.586459573474,1.403306186663E-03));
#1467 = CARTESIAN_POINT('',(0.560259644058,1.446552424026E-03));
#1468 = CARTESIAN_POINT('',(0.54707116228,1.468389743461E-03));
#1469 = CARTESIAN_POINT('',(0.533886075222,1.490174520331E-03));
#1470 = CARTESIAN_POINT('',(0.520704362187,1.511792173994E-03));
#1471 = CARTESIAN_POINT('',(0.495407924422,1.552747435165E-03));
#1472 = CARTESIAN_POINT('',(0.48329387228,1.572126841606E-03));
#1473 = CARTESIAN_POINT('',(0.471178080471,1.591186700393E-03));
#1474 = CARTESIAN_POINT('',(0.459060308243,1.60983780468E-03));
#1475 = CARTESIAN_POINT('',(0.434823509975,1.646139932303E-03));
#1476 = CARTESIAN_POINT('',(0.422705261621,1.663789414302E-03));
#1477 = CARTESIAN_POINT('',(0.410589547386,1.680862242749E-03));
#1478 = CARTESIAN_POINT('',(0.398476063869,1.697288349694E-03));
#1479 = CARTESIAN_POINT('',(0.373001953392,1.730327442208E-03));
#1480 = CARTESIAN_POINT('',(0.359642103459,1.746784620187E-03));
#1481 = CARTESIAN_POINT('',(0.34627898289,1.76228029764E-03));
#1482 = CARTESIAN_POINT('',(0.332912436436,1.776716669372E-03));
#1483 = CARTESIAN_POINT('',(0.306177410041,1.803273647925E-03));
#1484 = CARTESIAN_POINT('',(0.292810223609,1.815392141936E-03));
#1485 = CARTESIAN_POINT('',(0.27944733061,1.82630025036E-03));
#1486 = CARTESIAN_POINT('',(0.266088369515,1.835954432463E-03));
#1487 = CARTESIAN_POINT('',(0.240615264627,1.851887966135E-03));
#1488 = CARTESIAN_POINT('',(0.228501843899,1.858397520204E-03));
#1489 = CARTESIAN_POINT('',(0.216386314554,1.863806422026E-03));
#1490 = CARTESIAN_POINT('',(0.204268186902,1.86807841845E-03));
#1491 = CARTESIAN_POINT('',(0.17967700823,1.874367647792E-03));
#1492 = CARTESIAN_POINT('',(0.167204751701,1.876315026975E-03));
#1493 = CARTESIAN_POINT('',(0.154734888451,1.877027601499E-03));
#1494 = CARTESIAN_POINT('',(0.142267447663,1.87651561026E-03));
#1495 = CARTESIAN_POINT('',(0.116791755587,1.872983369699E-03));
#1496 = CARTESIAN_POINT('',(0.103784276716,1.86985541138E-03));
#1497 = CARTESIAN_POINT('',(9.07746308595E-02,1.86541241344E-03));
#1498 = CARTESIAN_POINT('',(7.776295718421E-02,1.859661787229E-03));
#1499 = CARTESIAN_POINT('',(6.475246937637E-02,1.852615207666E-03));
#1500 = ( GEOMETRIC_REPRESENTATION_CONTEXT(2) 
PARAMETRIC_REPRESENTATION_CONTEXT() REPRESENTATION_CONTEXT('2D SPACE',''
  ) );
#1501 = ORIENTED_EDGE('',*,*,#1502,.F.);
#1502 = EDGE_CURVE('',#1503,#1315,#1505,.T.);
#1503 = VERTEX_POINT('',#1504);
#1504 = CARTESIAN_POINT('',(769.71481141811,145.15151641702,
    19.07852277052));
#1505 = SURFACE_CURVE('',#1506,(#1517,#1531),.PCURVE_S1.);
#1506 = B_SPLINE_CURVE_WITH_KNOTS('',5,(#1507,#1508,#1509,#1510,#1511,
    #1512,#1513,#1514,#1515,#1516),.UNSPECIFIED.,.F.,.F.,(6,4,6),(0.,
    0.499999028061,1.),.UNSPECIFIED.);
#1507 = CARTESIAN_POINT('',(769.71481141811,145.15142492006,
    19.078971931143));
#1508 = CARTESIAN_POINT('',(769.71481141811,144.9600885115,
    19.02847636721));
#1509 = CARTESIAN_POINT('',(769.71481141811,144.76622801979,
    18.987570032843));
#1510 = CARTESIAN_POINT('',(769.71481141811,144.57050313053,
    18.956298989947));
#1511 = CARTESIAN_POINT('',(769.71481141811,144.37356049103,
    18.934698256863));
#1512 = CARTESIAN_POINT('',(769.71481141811,143.9785011744,
    18.910914162105));
#1513 = CARTESIAN_POINT('',(769.71481141811,143.7803886476,
    18.908731126059));
#1514 = CARTESIAN_POINT('',(769.71481141811,143.58232480966,
    18.916294684167));
#1515 = CARTESIAN_POINT('',(769.71481141811,143.384955837,18.93364761507
    ));
#1516 = CARTESIAN_POINT('',(769.71481141811,143.18894216451,
    18.960823300301));
#1517 = PCURVE('',#71,#1518);
#1518 = DEFINITIONAL_REPRESENTATION('',(#1519),#1530);
#1519 = B_SPLINE_CURVE_WITH_KNOTS('',5,(#1520,#1521,#1522,#1523,#1524,
    #1525,#1526,#1527,#1528,#1529),.UNSPECIFIED.,.F.,.F.,(6,4,6),(0.,
    0.499999028061,1.),.UNSPECIFIED.);
#1520 = CARTESIAN_POINT('',(-19.07897193114,-145.15142492));
#1521 = CARTESIAN_POINT('',(-19.02847636721,-144.9600885115));
#1522 = CARTESIAN_POINT('',(-18.98757003284,-144.7662280197));
#1523 = CARTESIAN_POINT('',(-18.95629898994,-144.5705031305));
#1524 = CARTESIAN_POINT('',(-18.93469825686,-144.373560491));
#1525 = CARTESIAN_POINT('',(-18.9109141621,-143.9785011744));
#1526 = CARTESIAN_POINT('',(-18.90873112605,-143.7803886476));
#1527 = CARTESIAN_POINT('',(-18.91629468416,-143.5823248096));
#1528 = CARTESIAN_POINT('',(-18.93364761507,-143.384955837));
#1529 = CARTESIAN_POINT('',(-18.9608233003,-143.1889421645));
#1530 = ( GEOMETRIC_REPRESENTATION_CONTEXT(2) 
PARAMETRIC_REPRESENTATION_CONTEXT() REPRESENTATION_CONTEXT('2D SPACE',''
  ) );
#1531 = PCURVE('',#441,#1532);
#1532 = DEFINITIONAL_REPRESENTATION('',(#1533),#1544);
#1533 = B_SPLINE_CURVE_WITH_KNOTS('',5,(#1534,#1535,#1536,#1537,#1538,
    #1539,#1540,#1541,#1542,#1543),.UNSPECIFIED.,.F.,.F.,(6,4,6),(0.,
    0.499999028061,1.),.UNSPECIFIED.);
#1534 = CARTESIAN_POINT('',(1.000013124789,2.740778955787E-02));
#1535 = CARTESIAN_POINT('',(0.900012787182,2.743155016694E-02));
#1536 = CARTESIAN_POINT('',(0.800005610696,2.74615775163E-02));
#1537 = CARTESIAN_POINT('',(0.700001057034,2.749771536396E-02));
#1538 = CARTESIAN_POINT('',(0.600000997143,2.753980467338E-02));
#1539 = CARTESIAN_POINT('',(0.399998614164,2.763558086893E-02));
#1540 = CARTESIAN_POINT('',(0.299998361339,2.768926679288E-02));
#1541 = CARTESIAN_POINT('',(0.199993810507,2.774859718011E-02));
#1542 = CARTESIAN_POINT('',(9.99868298934E-02,2.781341762829E-02));
#1543 = CARTESIAN_POINT('',(-1.312478890292E-05,2.788356432391E-02));
#1544 = ( GEOMETRIC_REPRESENTATION_CONTEXT(2) 
PARAMETRIC_REPRESENTATION_CONTEXT() REPRESENTATION_CONTEXT('2D SPACE',''
  ) );
#1545 = ORIENTED_EDGE('',*,*,#1546,.T.);
#1546 = EDGE_CURVE('',#1503,#1547,#1549,.T.);
#1547 = VERTEX_POINT('',#1548);
#1548 = CARTESIAN_POINT('',(769.71481141811,147.07225656646,
    19.161042916361));
#1549 = SURFACE_CURVE('',#1550,(#1555,#1562),.PCURVE_S1.);
#1550 = ELLIPSE('',#1551,4.512250098098,4.512152023476);
#1551 = AXIS2_PLACEMENT_3D('',#1552,#1553,#1554);
#1552 = CARTESIAN_POINT('',(769.71481141811,146.30119988876,
    14.71520315069));
#1553 = DIRECTION('',(-1.,-0.,0.));
#1554 = DIRECTION('',(0.,-0.517806223265,0.855497934041));
#1555 = PCURVE('',#71,#1556);
#1556 = DEFINITIONAL_REPRESENTATION('',(#1557),#1561);
#1557 = ELLIPSE('',#1558,4.512250098098,4.512152023476);
#1558 = AXIS2_PLACEMENT_2D('',#1559,#1560);
#1559 = CARTESIAN_POINT('',(-14.71520315069,-146.3011998887));
#1560 = DIRECTION('',(-0.855497934041,0.517806223265));
#1561 = ( GEOMETRIC_REPRESENTATION_CONTEXT(2) 
PARAMETRIC_REPRESENTATION_CONTEXT() REPRESENTATION_CONTEXT('2D SPACE',''
  ) );
#1562 = PCURVE('',#396,#1563);
#1563 = DEFINITIONAL_REPRESENTATION('',(#1564),#1571);
#1564 = B_SPLINE_CURVE_WITH_KNOTS('',5,(#1565,#1566,#1567,#1568,#1569,
    #1570),.UNSPECIFIED.,.F.,.F.,(6,6),(0.286656489086,0.716020634762),
  .PIECEWISE_BEZIER_KNOTS.);
#1565 = CARTESIAN_POINT('',(1.314099189108,-220.3514750405));
#1566 = CARTESIAN_POINT('',(1.399972018243,-220.3521973792));
#1567 = CARTESIAN_POINT('',(1.485844847378,-220.3531827493));
#1568 = CARTESIAN_POINT('',(1.571717676513,-220.3544200868));
#1569 = CARTESIAN_POINT('',(1.657590505648,-220.3558900958));
#1570 = CARTESIAN_POINT('',(1.743463334783,-220.3575669828));
#1571 = ( GEOMETRIC_REPRESENTATION_CONTEXT(2) 
PARAMETRIC_REPRESENTATION_CONTEXT() REPRESENTATION_CONTEXT('2D SPACE',''
  ) );
#1572 = ORIENTED_EDGE('',*,*,#1573,.F.);
#1573 = EDGE_CURVE('',#1574,#1547,#1576,.T.);
#1574 = VERTEX_POINT('',#1575);
#1575 = CARTESIAN_POINT('',(769.71481141811,159.71832153064,
    16.735916908038));
#1576 = SURFACE_CURVE('',#1577,(#1610,#1646),.PCURVE_S1.);
#1577 = B_SPLINE_CURVE_WITH_KNOTS('',7,(#1578,#1579,#1580,#1581,#1582,
    #1583,#1584,#1585,#1586,#1587,#1588,#1589,#1590,#1591,#1592,#1593,
    #1594,#1595,#1596,#1597,#1598,#1599,#1600,#1601,#1602,#1603,#1604,
    #1605,#1606,#1607,#1608,#1609),.UNSPECIFIED.,.F.,.F.,(8,6,6,6,6,8),(
    0.,9.603934446678E-02,0.181745075727,0.245478070184,0.592513200049,
    1.),.UNSPECIFIED.);
#1578 = CARTESIAN_POINT('',(769.71481141811,193.52266335922,
    8.460060447676));
#1579 = CARTESIAN_POINT('',(769.71481141811,192.89204160482,
    8.633051183147));
#1580 = CARTESIAN_POINT('',(769.71481141811,192.26132236412,
    8.805942903313));
#1581 = CARTESIAN_POINT('',(769.71481141811,191.63045309158,
    8.978456507424));
#1582 = CARTESIAN_POINT('',(769.71481141811,190.99941688835,
    9.150487233963));
#1583 = CARTESIAN_POINT('',(769.71481141811,190.36819801488,
    9.32194373281));
#1584 = CARTESIAN_POINT('',(769.71481141811,189.7367874474,
    9.492773657089));
#1585 = CARTESIAN_POINT('',(769.71481141811,188.54152539582,
    9.814783991218));
#1586 = CARTESIAN_POINT('',(769.71481141811,187.97771560007,
    9.966100651633));
#1587 = CARTESIAN_POINT('',(769.71481141811,187.41374220147,
    10.116853422895));
#1588 = CARTESIAN_POINT('',(769.71481141811,186.8496017988,
    10.267019914915));
#1589 = CARTESIAN_POINT('',(769.71481141811,186.285292027,
    10.416583004276));
#1590 = CARTESIAN_POINT('',(769.71481141811,185.72081110756,
    10.56552871951));
#1591 = CARTESIAN_POINT('',(769.71481141811,184.7362663234,
    10.824135292003));
#1592 = CARTESIAN_POINT('',(769.71481141811,184.31627971877,
    10.93407790929));
#1593 = CARTESIAN_POINT('',(769.71481141811,183.89619700112,
    11.043667010205));
#1594 = CARTESIAN_POINT('',(769.71481141811,183.47601765911,
    11.15289799513));
#1595 = CARTESIAN_POINT('',(769.71481141811,183.05574125402,
    11.261766632843));
#1596 = CARTESIAN_POINT('',(769.71481141811,182.63536741975,
    11.370269060519));
#1597 = CARTESIAN_POINT('',(769.71481141811,179.92536902324,
    12.067199689147));
#1598 = CARTESIAN_POINT('',(769.71481141811,177.63294882072,
    12.64503794598));
#1599 = CARTESIAN_POINT('',(769.71481141811,175.33758159844,
    13.211344119647));
#1600 = CARTESIAN_POINT('',(769.71481141811,173.03925149661,
    13.765708242574));
#1601 = CARTESIAN_POINT('',(769.71481141811,170.73793575084,
    14.307652397517));
#1602 = CARTESIAN_POINT('',(769.71481141811,168.43361398702,
    14.836677080838));
#1603 = CARTESIAN_POINT('',(769.71481141811,163.41697211116,
    15.957542565911));
#1604 = CARTESIAN_POINT('',(769.71481141811,160.70351740748,
    16.544269906329));
#1605 = CARTESIAN_POINT('',(769.71481141811,157.98583528976,
    17.111469407307));
#1606 = CARTESIAN_POINT('',(769.71481141811,155.26388401574,
    17.658085208327));
#1607 = CARTESIAN_POINT('',(769.71481141811,152.53763341242,
    18.182898104451));
#1608 = CARTESIAN_POINT('',(769.71481141811,149.80705625795,
    18.684479901903));
#1609 = CARTESIAN_POINT('',(769.71481141811,147.07211597198,
    19.161130644762));
#1610 = PCURVE('',#71,#1611);
#1611 = DEFINITIONAL_REPRESENTATION('',(#1612),#1645);
#1612 = B_SPLINE_CURVE_WITH_KNOTS('',7,(#1613,#1614,#1615,#1616,#1617,
    #1618,#1619,#1620,#1621,#1622,#1623,#1624,#1625,#1626,#1627,#1628,
    #1629,#1630,#1631,#1632,#1633,#1634,#1635,#1636,#1637,#1638,#1639,
    #1640,#1641,#1642,#1643,#1644),.UNSPECIFIED.,.F.,.F.,(8,6,6,6,6,8),(
    0.,9.603934446678E-02,0.181745075727,0.245478070184,0.592513200049,
    1.),.UNSPECIFIED.);
#1613 = CARTESIAN_POINT('',(-8.460060447676,-193.5226633592));
#1614 = CARTESIAN_POINT('',(-8.633051183147,-192.8920416048));
#1615 = CARTESIAN_POINT('',(-8.805942903313,-192.2613223641));
#1616 = CARTESIAN_POINT('',(-8.978456507424,-191.6304530915));
#1617 = CARTESIAN_POINT('',(-9.150487233963,-190.9994168883));
#1618 = CARTESIAN_POINT('',(-9.32194373281,-190.3681980148));
#1619 = CARTESIAN_POINT('',(-9.492773657089,-189.7367874474));
#1620 = CARTESIAN_POINT('',(-9.814783991218,-188.5415253958));
#1621 = CARTESIAN_POINT('',(-9.966100651633,-187.9777156));
#1622 = CARTESIAN_POINT('',(-10.11685342289,-187.4137422014));
#1623 = CARTESIAN_POINT('',(-10.26701991491,-186.8496017988));
#1624 = CARTESIAN_POINT('',(-10.41658300427,-186.285292027));
#1625 = CARTESIAN_POINT('',(-10.56552871951,-185.7208111075));
#1626 = CARTESIAN_POINT('',(-10.824135292,-184.7362663234));
#1627 = CARTESIAN_POINT('',(-10.93407790929,-184.3162797187));
#1628 = CARTESIAN_POINT('',(-11.0436670102,-183.8961970011));
#1629 = CARTESIAN_POINT('',(-11.15289799513,-183.4760176591));
#1630 = CARTESIAN_POINT('',(-11.26176663284,-183.055741254));
#1631 = CARTESIAN_POINT('',(-11.37026906051,-182.6353674197));
#1632 = CARTESIAN_POINT('',(-12.06719968914,-179.9253690232));
#1633 = CARTESIAN_POINT('',(-12.64503794598,-177.6329488207));
#1634 = CARTESIAN_POINT('',(-13.21134411964,-175.3375815984));
#1635 = CARTESIAN_POINT('',(-13.76570824257,-173.0392514966));
#1636 = CARTESIAN_POINT('',(-14.30765239751,-170.7379357508));
#1637 = CARTESIAN_POINT('',(-14.83667708083,-168.433613987));
#1638 = CARTESIAN_POINT('',(-15.95754256591,-163.4169721111));
#1639 = CARTESIAN_POINT('',(-16.54426990632,-160.7035174074));
#1640 = CARTESIAN_POINT('',(-17.1114694073,-157.9858352897));
#1641 = CARTESIAN_POINT('',(-17.65808520832,-155.2638840157));
#1642 = CARTESIAN_POINT('',(-18.18289810445,-152.5376334124));
#1643 = CARTESIAN_POINT('',(-18.6844799019,-149.8070562579));
#1644 = CARTESIAN_POINT('',(-19.16113064476,-147.0721159719));
#1645 = ( GEOMETRIC_REPRESENTATION_CONTEXT(2) 
PARAMETRIC_REPRESENTATION_CONTEXT() REPRESENTATION_CONTEXT('2D SPACE',''
  ) );
#1646 = PCURVE('',#158,#1647);
#1647 = DEFINITIONAL_REPRESENTATION('',(#1648),#1681);
#1648 = B_SPLINE_CURVE_WITH_KNOTS('',7,(#1649,#1650,#1651,#1652,#1653,
    #1654,#1655,#1656,#1657,#1658,#1659,#1660,#1661,#1662,#1663,#1664,
    #1665,#1666,#1667,#1668,#1669,#1670,#1671,#1672,#1673,#1674,#1675,
    #1676,#1677,#1678,#1679,#1680),.UNSPECIFIED.,.F.,.F.,(8,6,6,6,6,8),(
    0.,9.603934446678E-02,0.181745075727,0.245478070184,0.592513200049,
    1.),.UNSPECIFIED.);
#1649 = CARTESIAN_POINT('',(1.,9.038574762292E-04));
#1650 = CARTESIAN_POINT('',(0.975255793503,9.01806084642E-04));
#1651 = CARTESIAN_POINT('',(0.952339276112,8.997647594599E-04));
#1652 = CARTESIAN_POINT('',(0.93071197306,8.977579855634E-04));
#1653 = CARTESIAN_POINT('',(0.910144735859,8.957948999691E-04));
#1654 = CARTESIAN_POINT('',(0.890443228383,8.938834890906E-04));
#1655 = CARTESIAN_POINT('',(0.871486092488,8.920283302065E-04));
#1656 = CARTESIAN_POINT('',(0.836829603125,8.886313643168E-04));
#1657 = CARTESIAN_POINT('',(0.82099916454,8.870773224599E-04));
#1658 = CARTESIAN_POINT('',(0.805612506021,8.855737480698E-04));
#1659 = CARTESIAN_POINT('',(0.790617175749,8.841225897371E-04));
#1660 = CARTESIAN_POINT('',(0.775972805852,8.827253329336E-04));
#1661 = CARTESIAN_POINT('',(0.761646866881,8.81383186575E-04));
#1662 = CARTESIAN_POINT('',(0.737172559692,8.791410285076E-04));
#1663 = CARTESIAN_POINT('',(0.726894767591,8.782158807926E-04));
#1664 = CARTESIAN_POINT('',(0.716765870677,8.773222552835E-04));
#1665 = CARTESIAN_POINT('',(0.706775830554,8.764605484033E-04));
#1666 = CARTESIAN_POINT('',(0.696915745726,8.756311241516E-04));
#1667 = CARTESIAN_POINT('',(0.687177851599,8.748343141047E-04));
#1668 = CARTESIAN_POINT('',(0.625160572493,8.699108923686E-04));
#1669 = CARTESIAN_POINT('',(0.57618179988,8.667273044174E-04));
#1670 = CARTESIAN_POINT('',(0.529515201961,8.64568604622E-04));
#1671 = CARTESIAN_POINT('',(0.484707356032,8.634692654948E-04));
#1672 = CARTESIAN_POINT('',(0.441358023269,8.63469832846E-04));
#1673 = CARTESIAN_POINT('',(0.399223258375,8.646124504921E-04));
#1674 = CARTESIAN_POINT('',(0.309798195214,8.696855073023E-04));
#1675 = CARTESIAN_POINT('',(0.262889403436,8.740668617496E-04));
#1676 = CARTESIAN_POINT('',(0.217038133962,8.801680812393E-04));
#1677 = CARTESIAN_POINT('',(0.17202060589,8.880784156124E-04));
#1678 = CARTESIAN_POINT('',(0.127663014506,8.979005801152E-04));
#1679 = CARTESIAN_POINT('',(8.381391925326E-02,9.097547461353E-04));
#1680 = CARTESIAN_POINT('',(4.034381095125E-02,9.237840435606E-04));
#1681 = ( GEOMETRIC_REPRESENTATION_CONTEXT(2) 
PARAMETRIC_REPRESENTATION_CONTEXT() REPRESENTATION_CONTEXT('2D SPACE',''
  ) );
#1682 = ORIENTED_EDGE('',*,*,#1683,.T.);
#1683 = EDGE_CURVE('',#1574,#1684,#1686,.T.);
#1684 = VERTEX_POINT('',#1685);
#1685 = CARTESIAN_POINT('',(769.71481141811,169.32907126636,
    14.625039945532));
#1686 = SURFACE_CURVE('',#1687,(#1691,#1697),.PCURVE_S1.);
#1687 = LINE('',#1688,#1689);
#1688 = CARTESIAN_POINT('',(769.71481141811,81.77272041783,
    33.855660761745));
#1689 = VECTOR('',#1690,1.);
#1690 = DIRECTION('',(0.,0.976718792577,-0.214523658899));
#1691 = PCURVE('',#71,#1692);
#1692 = DEFINITIONAL_REPRESENTATION('',(#1693),#1696);
#1693 = B_SPLINE_CURVE_WITH_KNOTS('',1,(#1694,#1695),.UNSPECIFIED.,.F.,
  .F.,(2,2),(68.190767632379,114.41253082369),.PIECEWISE_BEZIER_KNOTS.);
#1694 = CARTESIAN_POINT('',(-19.22712778608,-148.3759246446));
#1695 = CARTESIAN_POINT('',(-9.311466025495,-193.5215893795));
#1696 = ( GEOMETRIC_REPRESENTATION_CONTEXT(2) 
PARAMETRIC_REPRESENTATION_CONTEXT() REPRESENTATION_CONTEXT('2D SPACE',''
  ) );
#1697 = PCURVE('',#1698,#1703);
#1698 = PLANE('',#1699);
#1699 = AXIS2_PLACEMENT_3D('',#1700,#1701,#1702);
#1700 = CARTESIAN_POINT('',(769.83978872542,151.54822464416,
    13.088411523933));
#1701 = DIRECTION('',(-0.999723686394,-5.042679038665E-03,
    -2.295914309528E-02));
#1702 = DIRECTION('',(2.295943501042E-02,-4.252783021574E-17,
    -0.999736397429));
#1703 = DEFINITIONAL_REPRESENTATION('',(#1704),#1707);
#1704 = B_SPLINE_CURVE_WITH_KNOTS('',1,(#1705,#1706),.UNSPECIFIED.,.F.,
  .F.,(2,2),(68.190767632379,114.41253082369),.PIECEWISE_BEZIER_KNOTS.);
#1705 = CARTESIAN_POINT('',(-6.139967489124,3.172340333921));
#1706 = CARTESIAN_POINT('',(3.773080477528,-41.9738984078));
#1707 = ( GEOMETRIC_REPRESENTATION_CONTEXT(2) 
PARAMETRIC_REPRESENTATION_CONTEXT() REPRESENTATION_CONTEXT('2D SPACE',''
  ) );
#1708 = ORIENTED_EDGE('',*,*,#1709,.F.);
#1709 = EDGE_CURVE('',#141,#1684,#1710,.T.);
#1710 = SURFACE_CURVE('',#1711,(#1744,#1780),.PCURVE_S1.);
#1711 = B_SPLINE_CURVE_WITH_KNOTS('',7,(#1712,#1713,#1714,#1715,#1716,
    #1717,#1718,#1719,#1720,#1721,#1722,#1723,#1724,#1725,#1726,#1727,
    #1728,#1729,#1730,#1731,#1732,#1733,#1734,#1735,#1736,#1737,#1738,
    #1739,#1740,#1741,#1742,#1743),.UNSPECIFIED.,.F.,.F.,(8,6,6,6,6,8),(
    0.,9.603934446678E-02,0.181745075727,0.245478070184,0.592513200049,
    1.),.UNSPECIFIED.);
#1712 = CARTESIAN_POINT('',(769.71481141811,193.52266335922,
    8.460060447676));
#1713 = CARTESIAN_POINT('',(769.71481141811,192.89204160482,
    8.633051183147));
#1714 = CARTESIAN_POINT('',(769.71481141811,192.26132236412,
    8.805942903313));
#1715 = CARTESIAN_POINT('',(769.71481141811,191.63045309158,
    8.978456507424));
#1716 = CARTESIAN_POINT('',(769.71481141811,190.99941688835,
    9.150487233963));
#1717 = CARTESIAN_POINT('',(769.71481141811,190.36819801488,
    9.32194373281));
#1718 = CARTESIAN_POINT('',(769.71481141811,189.7367874474,
    9.492773657089));
#1719 = CARTESIAN_POINT('',(769.71481141811,188.54152539582,
    9.814783991218));
#1720 = CARTESIAN_POINT('',(769.71481141811,187.97771560007,
    9.966100651633));
#1721 = CARTESIAN_POINT('',(769.71481141811,187.41374220147,
    10.116853422895));
#1722 = CARTESIAN_POINT('',(769.71481141811,186.8496017988,
    10.267019914915));
#1723 = CARTESIAN_POINT('',(769.71481141811,186.285292027,
    10.416583004276));
#1724 = CARTESIAN_POINT('',(769.71481141811,185.72081110756,
    10.56552871951));
#1725 = CARTESIAN_POINT('',(769.71481141811,184.7362663234,
    10.824135292003));
#1726 = CARTESIAN_POINT('',(769.71481141811,184.31627971877,
    10.93407790929));
#1727 = CARTESIAN_POINT('',(769.71481141811,183.89619700112,
    11.043667010205));
#1728 = CARTESIAN_POINT('',(769.71481141811,183.47601765911,
    11.15289799513));
#1729 = CARTESIAN_POINT('',(769.71481141811,183.05574125402,
    11.261766632843));
#1730 = CARTESIAN_POINT('',(769.71481141811,182.63536741975,
    11.370269060519));
#1731 = CARTESIAN_POINT('',(769.71481141811,179.92536902324,
    12.067199689147));
#1732 = CARTESIAN_POINT('',(769.71481141811,177.63294882072,
    12.64503794598));
#1733 = CARTESIAN_POINT('',(769.71481141811,175.33758159844,
    13.211344119647));
#1734 = CARTESIAN_POINT('',(769.71481141811,173.03925149661,
    13.765708242574));
#1735 = CARTESIAN_POINT('',(769.71481141811,170.73793575084,
    14.307652397517));
#1736 = CARTESIAN_POINT('',(769.71481141811,168.43361398702,
    14.836677080838));
#1737 = CARTESIAN_POINT('',(769.71481141811,163.41697211116,
    15.957542565911));
#1738 = CARTESIAN_POINT('',(769.71481141811,160.70351740748,
    16.544269906329));
#1739 = CARTESIAN_POINT('',(769.71481141811,157.98583528976,
    17.111469407307));
#1740 = CARTESIAN_POINT('',(769.71481141811,155.26388401574,
    17.658085208327));
#1741 = CARTESIAN_POINT('',(769.71481141811,152.53763341242,
    18.182898104451));
#1742 = CARTESIAN_POINT('',(769.71481141811,149.80705625795,
    18.684479901903));
#1743 = CARTESIAN_POINT('',(769.71481141811,147.07211597198,
    19.161130644762));
#1744 = PCURVE('',#71,#1745);
#1745 = DEFINITIONAL_REPRESENTATION('',(#1746),#1779);
#1746 = B_SPLINE_CURVE_WITH_KNOTS('',7,(#1747,#1748,#1749,#1750,#1751,
    #1752,#1753,#1754,#1755,#1756,#1757,#1758,#1759,#1760,#1761,#1762,
    #1763,#1764,#1765,#1766,#1767,#1768,#1769,#1770,#1771,#1772,#1773,
    #1774,#1775,#1776,#1777,#1778),.UNSPECIFIED.,.F.,.F.,(8,6,6,6,6,8),(
    0.,9.603934446678E-02,0.181745075727,0.245478070184,0.592513200049,
    1.),.UNSPECIFIED.);
#1747 = CARTESIAN_POINT('',(-8.460060447676,-193.5226633592));
#1748 = CARTESIAN_POINT('',(-8.633051183147,-192.8920416048));
#1749 = CARTESIAN_POINT('',(-8.805942903313,-192.2613223641));
#1750 = CARTESIAN_POINT('',(-8.978456507424,-191.6304530915));
#1751 = CARTESIAN_POINT('',(-9.150487233963,-190.9994168883));
#1752 = CARTESIAN_POINT('',(-9.32194373281,-190.3681980148));
#1753 = CARTESIAN_POINT('',(-9.492773657089,-189.7367874474));
#1754 = CARTESIAN_POINT('',(-9.814783991218,-188.5415253958));
#1755 = CARTESIAN_POINT('',(-9.966100651633,-187.9777156));
#1756 = CARTESIAN_POINT('',(-10.11685342289,-187.4137422014));
#1757 = CARTESIAN_POINT('',(-10.26701991491,-186.8496017988));
#1758 = CARTESIAN_POINT('',(-10.41658300427,-186.285292027));
#1759 = CARTESIAN_POINT('',(-10.56552871951,-185.7208111075));
#1760 = CARTESIAN_POINT('',(-10.824135292,-184.7362663234));
#1761 = CARTESIAN_POINT('',(-10.93407790929,-184.3162797187));
#1762 = CARTESIAN_POINT('',(-11.0436670102,-183.8961970011));
#1763 = CARTESIAN_POINT('',(-11.15289799513,-183.4760176591));
#1764 = CARTESIAN_POINT('',(-11.26176663284,-183.055741254));
#1765 = CARTESIAN_POINT('',(-11.37026906051,-182.6353674197));
#1766 = CARTESIAN_POINT('',(-12.06719968914,-179.9253690232));
#1767 = CARTESIAN_POINT('',(-12.64503794598,-177.6329488207));
#1768 = CARTESIAN_POINT('',(-13.21134411964,-175.3375815984));
#1769 = CARTESIAN_POINT('',(-13.76570824257,-173.0392514966));
#1770 = CARTESIAN_POINT('',(-14.30765239751,-170.7379357508));
#1771 = CARTESIAN_POINT('',(-14.83667708083,-168.433613987));
#1772 = CARTESIAN_POINT('',(-15.95754256591,-163.4169721111));
#1773 = CARTESIAN_POINT('',(-16.54426990632,-160.7035174074));
#1774 = CARTESIAN_POINT('',(-17.1114694073,-157.9858352897));
#1775 = CARTESIAN_POINT('',(-17.65808520832,-155.2638840157));
#1776 = CARTESIAN_POINT('',(-18.18289810445,-152.5376334124));
#1777 = CARTESIAN_POINT('',(-18.6844799019,-149.8070562579));
#1778 = CARTESIAN_POINT('',(-19.16113064476,-147.0721159719));
#1779 = ( GEOMETRIC_REPRESENTATION_CONTEXT(2) 
PARAMETRIC_REPRESENTATION_CONTEXT() REPRESENTATION_CONTEXT('2D SPACE',''
  ) );
#1780 = PCURVE('',#158,#1781);
#1781 = DEFINITIONAL_REPRESENTATION('',(#1782),#1815);
#1782 = B_SPLINE_CURVE_WITH_KNOTS('',7,(#1783,#1784,#1785,#1786,#1787,
    #1788,#1789,#1790,#1791,#1792,#1793,#1794,#1795,#1796,#1797,#1798,
    #1799,#1800,#1801,#1802,#1803,#1804,#1805,#1806,#1807,#1808,#1809,
    #1810,#1811,#1812,#1813,#1814),.UNSPECIFIED.,.F.,.F.,(8,6,6,6,6,8),(
    0.,9.603934446678E-02,0.181745075727,0.245478070184,0.592513200049,
    1.),.UNSPECIFIED.);
#1783 = CARTESIAN_POINT('',(1.,9.038574762292E-04));
#1784 = CARTESIAN_POINT('',(0.975255793503,9.01806084642E-04));
#1785 = CARTESIAN_POINT('',(0.952339276112,8.997647594599E-04));
#1786 = CARTESIAN_POINT('',(0.93071197306,8.977579855634E-04));
#1787 = CARTESIAN_POINT('',(0.910144735859,8.957948999691E-04));
#1788 = CARTESIAN_POINT('',(0.890443228383,8.938834890906E-04));
#1789 = CARTESIAN_POINT('',(0.871486092488,8.920283302065E-04));
#1790 = CARTESIAN_POINT('',(0.836829603125,8.886313643168E-04));
#1791 = CARTESIAN_POINT('',(0.82099916454,8.870773224599E-04));
#1792 = CARTESIAN_POINT('',(0.805612506021,8.855737480698E-04));
#1793 = CARTESIAN_POINT('',(0.790617175749,8.841225897371E-04));
#1794 = CARTESIAN_POINT('',(0.775972805852,8.827253329336E-04));
#1795 = CARTESIAN_POINT('',(0.761646866881,8.81383186575E-04));
#1796 = CARTESIAN_POINT('',(0.737172559692,8.791410285076E-04));
#1797 = CARTESIAN_POINT('',(0.726894767591,8.782158807926E-04));
#1798 = CARTESIAN_POINT('',(0.716765870677,8.773222552835E-04));
#1799 = CARTESIAN_POINT('',(0.706775830554,8.764605484033E-04));
#1800 = CARTESIAN_POINT('',(0.696915745726,8.756311241516E-04));
#1801 = CARTESIAN_POINT('',(0.687177851599,8.748343141047E-04));
#1802 = CARTESIAN_POINT('',(0.625160572493,8.699108923686E-04));
#1803 = CARTESIAN_POINT('',(0.57618179988,8.667273044174E-04));
#1804 = CARTESIAN_POINT('',(0.529515201961,8.64568604622E-04));
#1805 = CARTESIAN_POINT('',(0.484707356032,8.634692654948E-04));
#1806 = CARTESIAN_POINT('',(0.441358023269,8.63469832846E-04));
#1807 = CARTESIAN_POINT('',(0.399223258375,8.646124504921E-04));
#1808 = CARTESIAN_POINT('',(0.309798195214,8.696855073023E-04));
#1809 = CARTESIAN_POINT('',(0.262889403436,8.740668617496E-04));
#1810 = CARTESIAN_POINT('',(0.217038133962,8.801680812393E-04));
#1811 = CARTESIAN_POINT('',(0.17202060589,8.880784156124E-04));
#1812 = CARTESIAN_POINT('',(0.127663014506,8.979005801152E-04));
#1813 = CARTESIAN_POINT('',(8.381391925326E-02,9.097547461353E-04));
#1814 = CARTESIAN_POINT('',(4.034381095125E-02,9.237840435606E-04));
#1815 = ( GEOMETRIC_REPRESENTATION_CONTEXT(2) 
PARAMETRIC_REPRESENTATION_CONTEXT() REPRESENTATION_CONTEXT('2D SPACE',''
  ) );
#1816 = ORIENTED_EDGE('',*,*,#189,.F.);
#1817 = FACE_BOUND('',#1818,.F.);
#1818 = EDGE_LOOP('',(#1819));
#1819 = ORIENTED_EDGE('',*,*,#1820,.F.);
#1820 = EDGE_CURVE('',#1821,#1821,#1823,.T.);
#1821 = VERTEX_POINT('',#1822);
#1822 = CARTESIAN_POINT('',(769.71481141811,143.50199018028,
    14.007717312554));
#1823 = SURFACE_CURVE('',#1824,(#1829,#1836),.PCURVE_S1.);
#1824 = ELLIPSE('',#1825,1.000014795484,1.);
#1825 = AXIS2_PLACEMENT_3D('',#1826,#1827,#1828);
#1826 = CARTESIAN_POINT('',(769.71481141811,142.5019754212,
    14.007715846636));
#1827 = DIRECTION('',(-1.,0.,-0.));
#1828 = DIRECTION('',(-0.,0.998769122154,4.960081280824E-02));
#1829 = PCURVE('',#71,#1830);
#1830 = DEFINITIONAL_REPRESENTATION('',(#1831),#1835);
#1831 = ELLIPSE('',#1832,1.000014795484,1.);
#1832 = AXIS2_PLACEMENT_2D('',#1833,#1834);
#1833 = CARTESIAN_POINT('',(-14.00771584663,-142.5019754212));
#1834 = DIRECTION('',(-4.960081280824E-02,-0.998769122154));
#1835 = ( GEOMETRIC_REPRESENTATION_CONTEXT(2) 
PARAMETRIC_REPRESENTATION_CONTEXT() REPRESENTATION_CONTEXT('2D SPACE',''
  ) );
#1836 = PCURVE('',#1837,#1842);
#1837 = CYLINDRICAL_SURFACE('',#1838,1.);
#1838 = AXIS2_PLACEMENT_3D('',#1839,#1840,#1841);
#1839 = CARTESIAN_POINT('',(757.11125375212,142.43349925271,
    14.004315187224));
#1840 = DIRECTION('',(0.999985204735,5.433002108489E-03,
    2.698134279409E-04));
#1841 = DIRECTION('',(-5.433002306248E-03,0.999985241134,
    3.947173534205E-19));
#1842 = DEFINITIONAL_REPRESENTATION('',(#1843),#1858);
#1843 = B_SPLINE_CURVE_WITH_KNOTS('',7,(#1844,#1845,#1846,#1847,#1848,
    #1849,#1850,#1851,#1852,#1853,#1854,#1855,#1856,#1857),
  .UNSPECIFIED.,.F.,.F.,(8,6,8),(4.962044072618E-02,3.191213094316,
    6.332805747906),.UNSPECIFIED.);
#1844 = CARTESIAN_POINT('',(6.28318530718,12.609177224423));
#1845 = CARTESIAN_POINT('',(5.834386356667,12.609056132436));
#1846 = CARTESIAN_POINT('',(5.385587406154,12.607658190537));
#1847 = CARTESIAN_POINT('',(4.936788455642,12.60502486521));
#1848 = CARTESIAN_POINT('',(4.487989505128,12.601815645885));
#1849 = CARTESIAN_POINT('',(4.039190554616,12.599345901326));
#1850 = CARTESIAN_POINT('',(3.590391604103,12.598189967055));
#1851 = CARTESIAN_POINT('',(2.692793703077,12.598432151031));
#1852 = CARTESIAN_POINT('',(2.243994752565,12.599830092933));
#1853 = CARTESIAN_POINT('',(1.795195802051,12.602463418249));
#1854 = CARTESIAN_POINT('',(1.34639685154,12.605672637595));
#1855 = CARTESIAN_POINT('',(0.897597901026,12.608142382135));
#1856 = CARTESIAN_POINT('',(0.448798950513,12.609298316411));
#1857 = CARTESIAN_POINT('',(4.298783551349E-13,12.609177224423));
#1858 = ( GEOMETRIC_REPRESENTATION_CONTEXT(2) 
PARAMETRIC_REPRESENTATION_CONTEXT() REPRESENTATION_CONTEXT('2D SPACE',''
  ) );
#1859 = ADVANCED_FACE('',(#1860),#158,.T.);
#1860 = FACE_BOUND('',#1861,.T.);
#1861 = EDGE_LOOP('',(#1862,#1905,#1906,#2014,#2015,#2016));
#1862 = ORIENTED_EDGE('',*,*,#1863,.F.);
#1863 = EDGE_CURVE('',#1547,#234,#1864,.T.);
#1864 = SURFACE_CURVE('',#1865,(#1870,#1899),.PCURVE_S1.);
#1865 = B_SPLINE_CURVE_WITH_KNOTS('',3,(#1866,#1867,#1868,#1869),
  .UNSPECIFIED.,.F.,.F.,(4,4),(0.,1.),.PIECEWISE_BEZIER_KNOTS.);
#1866 = CARTESIAN_POINT('',(769.96803153177,147.07313819279,
    19.159611642064));
#1867 = CARTESIAN_POINT('',(678.59725267185,146.75501621281,
    19.676066075173));
#1868 = CARTESIAN_POINT('',(587.22647374695,146.43689200005,
    20.192507636295));
#1869 = CARTESIAN_POINT('',(495.85569475684,146.1187656082,
    20.708936316233));
#1870 = PCURVE('',#158,#1871);
#1871 = DEFINITIONAL_REPRESENTATION('',(#1872),#1898);
#1872 = B_SPLINE_CURVE_WITH_KNOTS('',3,(#1873,#1874,#1875,#1876,#1877,
    #1878,#1879,#1880,#1881,#1882,#1883,#1884,#1885,#1886,#1887,#1888,
    #1889,#1890,#1891,#1892,#1893,#1894,#1895,#1896,#1897),
  .UNSPECIFIED.,.F.,.F.,(4,1,1,1,1,1,1,1,1,1,1,1,1,1,1,1,1,1,1,1,1,1,4),
  (8.942528459259E-04,4.576900847798E-02,9.064376411004E-02,
    0.135518519742,0.180393275374,0.225268031006,0.270142786638,
    0.31501754227,0.359892297902,0.404767053534,0.449641809167,
    0.494516564799,0.539391320431,0.584266076063,0.629140831695,
    0.674015587327,0.718890342959,0.763765098591,0.808639854223,
    0.853514609855,0.898389365487,0.943264121119,0.988138876751),
  .QUASI_UNIFORM_KNOTS.);
#1873 = CARTESIAN_POINT('',(4.034613871864E-02,8.942527286402E-04));
#1874 = CARTESIAN_POINT('',(4.038506484485E-02,1.585250263207E-02));
#1875 = CARTESIAN_POINT('',(4.046316767231E-02,4.576900260525E-02));
#1876 = CARTESIAN_POINT('',(4.058107963164E-02,9.064375306829E-02));
#1877 = CARTESIAN_POINT('',(4.069975528594E-02,0.135518504039));
#1878 = CARTESIAN_POINT('',(4.081920066877E-02,0.180393255522));
#1879 = CARTESIAN_POINT('',(4.093942185075E-02,0.225268007521));
#1880 = CARTESIAN_POINT('',(4.106042494466E-02,0.270142760041));
#1881 = CARTESIAN_POINT('',(4.118221610385E-02,0.315017513086));
#1882 = CARTESIAN_POINT('',(4.130480152249E-02,0.359892266661));
#1883 = CARTESIAN_POINT('',(4.142818743521E-02,0.404767020771));
#1884 = CARTESIAN_POINT('',(4.155238011696E-02,0.44964177542));
#1885 = CARTESIAN_POINT('',(4.167738588275E-02,0.494516530613));
#1886 = CARTESIAN_POINT('',(4.180321108738E-02,0.539391286354));
#1887 = CARTESIAN_POINT('',(4.192986212517E-02,0.584266042648));
#1888 = CARTESIAN_POINT('',(4.205734542968E-02,0.629140799501));
#1889 = CARTESIAN_POINT('',(4.218566747333E-02,0.674015556916));
#1890 = CARTESIAN_POINT('',(4.23148347671E-02,0.718890314899));
#1891 = CARTESIAN_POINT('',(4.244485386012E-02,0.763765073454));
#1892 = CARTESIAN_POINT('',(4.257573133934E-02,0.808639832586));
#1893 = CARTESIAN_POINT('',(4.27074738288E-02,0.853514592301));
#1894 = CARTESIAN_POINT('',(4.284008799037E-02,0.898389352604));
#1895 = CARTESIAN_POINT('',(4.297358051878E-02,0.943264113499));
#1896 = CARTESIAN_POINT('',(4.306316561152E-02,0.97318062116));
#1897 = CARTESIAN_POINT('',(4.310810679796E-02,0.988138875091));
#1898 = ( GEOMETRIC_REPRESENTATION_CONTEXT(2) 
PARAMETRIC_REPRESENTATION_CONTEXT() REPRESENTATION_CONTEXT('2D SPACE',''
  ) );
#1899 = PCURVE('',#396,#1900);
#1900 = DEFINITIONAL_REPRESENTATION('',(#1901),#1904);
#1901 = B_SPLINE_CURVE_WITH_KNOTS('',1,(#1902,#1903),.UNSPECIFIED.,.F.,
  .F.,(2,2),(0.,1.),.PIECEWISE_BEZIER_KNOTS.);
#1902 = CARTESIAN_POINT('',(1.743467062028,-220.6107926731));
#1903 = CARTESIAN_POINT('',(1.739299063427,53.507583311571));
#1904 = ( GEOMETRIC_REPRESENTATION_CONTEXT(2) 
PARAMETRIC_REPRESENTATION_CONTEXT() REPRESENTATION_CONTEXT('2D SPACE',''
  ) );
#1905 = ORIENTED_EDGE('',*,*,#1573,.F.);
#1906 = ORIENTED_EDGE('',*,*,#1907,.F.);
#1907 = EDGE_CURVE('',#1684,#1574,#1908,.T.);
#1908 = SURFACE_CURVE('',#1909,(#1942,#1978),.PCURVE_S1.);
#1909 = B_SPLINE_CURVE_WITH_KNOTS('',7,(#1910,#1911,#1912,#1913,#1914,
    #1915,#1916,#1917,#1918,#1919,#1920,#1921,#1922,#1923,#1924,#1925,
    #1926,#1927,#1928,#1929,#1930,#1931,#1932,#1933,#1934,#1935,#1936,
    #1937,#1938,#1939,#1940,#1941),.UNSPECIFIED.,.F.,.F.,(8,6,6,6,6,8),(
    0.,9.603315649682E-02,0.181734342463,0.24637391774,0.592628792096,1.
    ),.UNSPECIFIED.);
#1910 = CARTESIAN_POINT('',(769.73436108964,193.52158937959,
    8.460202996888));
#1911 = CARTESIAN_POINT('',(769.7335691054,192.89102495615,
    8.633184165733));
#1912 = CARTESIAN_POINT('',(769.73277988851,192.26036303249,
    8.806066248529));
#1913 = CARTESIAN_POINT('',(769.73200011304,191.6295510499,8.97857017648
    ));
#1914 = CARTESIAN_POINT('',(769.73123227073,190.99857209781,
    9.150591164589));
#1915 = CARTESIAN_POINT('',(769.73047853879,190.36741043296,
    9.322037866896));
#1916 = CARTESIAN_POINT('',(769.72974016507,189.73605702929,
    9.492857930139));
#1917 = CARTESIAN_POINT('',(769.72837390789,188.540896647,9.814851213761
    ));
#1918 = CARTESIAN_POINT('',(769.72774268505,187.97713136128,
    9.966160685515));
#1919 = CARTESIAN_POINT('',(769.72712523909,187.41320243266,
    10.116906204441));
#1920 = CARTESIAN_POINT('',(769.72652210134,186.84910646025,
    10.267065381151));
#1921 = CARTESIAN_POINT('',(769.72593367694,186.28484107984,
    10.416621094038));
#1922 = CARTESIAN_POINT('',(769.72536029567,185.72040451408,
    10.565559373999));
#1923 = CARTESIAN_POINT('',(769.72438137,184.72994207471,10.825727592371
    ));
#1924 = CARTESIAN_POINT('',(769.72396920866,184.30399072895,
    10.937229288039));
#1925 = CARTESIAN_POINT('',(769.72356590072,183.8779404774,
    11.04836719752));
#1926 = CARTESIAN_POINT('',(769.72317155892,183.45179078841,
    11.15913652946));
#1927 = CARTESIAN_POINT('',(769.72278628669,183.02554120674,
    11.269532879807));
#1928 = CARTESIAN_POINT('',(769.72241017819,182.5991913535,
    11.379552231812));
#1929 = CARTESIAN_POINT('',(769.72007815954,179.88837351658,
    12.076492814294));
#1930 = CARTESIAN_POINT('',(769.71837831179,177.60112432725,
    12.65287502303));
#1931 = CARTESIAN_POINT('',(769.71695708364,175.31094018467,
    13.217769755993));
#1932 = CARTESIAN_POINT('',(769.71582387123,173.01780592714,
    13.770771202862));
#1933 = CARTESIAN_POINT('',(769.71498972428,170.72169857385,
    14.311403265064));
#1934 = CARTESIAN_POINT('',(769.71446611733,168.42259830093,
    14.839170654932));
#1935 = CARTESIAN_POINT('',(769.71403119316,163.41201507581,
    15.958618662568));
#1936 = CARTESIAN_POINT('',(769.71424425693,160.69938615706,
    16.545134981474));
#1937 = CARTESIAN_POINT('',(769.7149269072,157.98253193059,
    17.112131848864));
#1938 = CARTESIAN_POINT('',(769.71610358256,155.26141084278,
    17.658554247492));
#1939 = CARTESIAN_POINT('',(769.71780241408,152.53599290118,
    18.183183837036));
#1940 = CARTESIAN_POINT('',(769.72005631539,149.80625107023,
    18.684593377433));
#1941 = CARTESIAN_POINT('',(769.72290448371,147.07214898461,
    19.161084067595));
#1942 = PCURVE('',#158,#1943);
#1943 = DEFINITIONAL_REPRESENTATION('',(#1944),#1977);
#1944 = B_SPLINE_CURVE_WITH_KNOTS('',7,(#1945,#1946,#1947,#1948,#1949,
    #1950,#1951,#1952,#1953,#1954,#1955,#1956,#1957,#1958,#1959,#1960,
    #1961,#1962,#1963,#1964,#1965,#1966,#1967,#1968,#1969,#1970,#1971,
    #1972,#1973,#1974,#1975,#1976),.UNSPECIFIED.,.F.,.F.,(8,6,6,6,6,8),(
    0.,9.603315649682E-02,0.181734342463,0.24637391774,0.592628792096,1.
    ),.UNSPECIFIED.);
#1945 = CARTESIAN_POINT('',(1.,8.325329548881E-04));
#1946 = CARTESIAN_POINT('',(0.975256193635,8.333711279627E-04));
#1947 = CARTESIAN_POINT('',(0.952339665949,8.34209282432E-04));
#1948 = CARTESIAN_POINT('',(0.930712268582,8.350475414406E-04));
#1949 = CARTESIAN_POINT('',(0.91014489771,8.358859496933E-04));
#1950 = CARTESIAN_POINT('',(0.890443287557,8.367245470097E-04));
#1951 = CARTESIAN_POINT('',(0.871486092471,8.37563357102E-04));
#1952 = CARTESIAN_POINT('',(0.836829416852,8.39151174741E-04));
#1953 = CARTESIAN_POINT('',(0.820998850613,8.399001334657E-04));
#1954 = CARTESIAN_POINT('',(0.805612128799,8.406492905771E-04));
#1955 = CARTESIAN_POINT('',(0.790616800689,8.413986556608E-04));
#1956 = CARTESIAN_POINT('',(0.775972496514,8.421482357677E-04));
#1957 = CARTESIAN_POINT('',(0.761646683561,8.428980364287E-04));
#1958 = CARTESIAN_POINT('',(0.737023661346,8.442137651985E-04));
#1959 = CARTESIAN_POINT('',(0.726601601524,8.447795960312E-04));
#1960 = CARTESIAN_POINT('',(0.716332589561,8.453455571222E-04));
#1961 = CARTESIAN_POINT('',(0.706206169607,8.459116502151E-04));
#1962 = CARTESIAN_POINT('',(0.696213083211,8.464778768426E-04));
#1963 = CARTESIAN_POINT('',(0.686345269322,8.470442383261E-04));
#1964 = CARTESIAN_POINT('',(0.62437121709,8.506452932059E-04));
#1965 = CARTESIAN_POINT('',(0.575533767236,8.536840686451E-04));
#1966 = CARTESIAN_POINT('',(0.528994464249,8.567270239793E-04));
#1967 = CARTESIAN_POINT('',(0.484301035055,8.597741266395E-04));
#1968 = CARTESIAN_POINT('',(0.441058932926,8.628253742328E-04));
#1969 = CARTESIAN_POINT('',(0.399024609415,8.658807657473E-04));
#1970 = CARTESIAN_POINT('',(0.309712524472,8.725399084501E-04));
#1971 = CARTESIAN_POINT('',(0.262819762041,8.761452393994E-04));
#1972 = CARTESIAN_POINT('',(0.216983527733,8.797563605834E-04));
#1973 = CARTESIAN_POINT('',(0.171980279179,8.833733083727E-04));
#1974 = CARTESIAN_POINT('',(0.127636412616,8.869961095783E-04));
#1975 = CARTESIAN_POINT('',(8.380069059543E-02,8.906247901588E-04));
#1976 = CARTESIAN_POINT('',(4.034381095125E-02,8.942593918037E-04));
#1977 = ( GEOMETRIC_REPRESENTATION_CONTEXT(2) 
PARAMETRIC_REPRESENTATION_CONTEXT() REPRESENTATION_CONTEXT('2D SPACE',''
  ) );
#1978 = PCURVE('',#1698,#1979);
#1979 = DEFINITIONAL_REPRESENTATION('',(#1980),#2013);
#1980 = B_SPLINE_CURVE_WITH_KNOTS('',7,(#1981,#1982,#1983,#1984,#1985,
    #1986,#1987,#1988,#1989,#1990,#1991,#1992,#1993,#1994,#1995,#1996,
    #1997,#1998,#1999,#2000,#2001,#2002,#2003,#2004,#2005,#2006,#2007,
    #2008,#2009,#2010,#2011,#2012),.UNSPECIFIED.,.F.,.F.,(8,6,6,6,6,8),(
    0.,9.603315649682E-02,0.181734342463,0.24637391774,0.592628792096,1.
    ),.UNSPECIFIED.);
#1981 = CARTESIAN_POINT('',(4.624567960425,-41.9738984078));
#1982 = CARTESIAN_POINT('',(4.451614206351,-41.34332596702));
#1983 = CARTESIAN_POINT('',(4.278759575742,-40.71265602478));
#1984 = CARTESIAN_POINT('',(4.106283217066,-40.0818360217));
#1985 = CARTESIAN_POINT('',(3.934289944906,-39.450849047));
#1986 = CARTESIAN_POINT('',(3.762871131131,-38.81967935721));
#1987 = CARTESIAN_POINT('',(3.592079143853,-38.18831792617));
#1988 = CARTESIAN_POINT('',(3.270139369995,-36.99314234796));
#1989 = CARTESIAN_POINT('',(3.118855291287,-36.42936989421));
#1990 = CARTESIAN_POINT('',(2.968135333057,-35.86543379549));
#1991 = CARTESIAN_POINT('',(2.81800189099,-35.30133065086));
#1992 = CARTESIAN_POINT('',(2.668472091482,-34.73705809607));
#1993 = CARTESIAN_POINT('',(2.519559907524,-34.17261435375));
#1994 = CARTESIAN_POINT('',(2.259437794583,-33.1821393211));
#1995 = CARTESIAN_POINT('',(2.147956028058,-32.75618255956));
#1996 = CARTESIAN_POINT('',(2.036838155093,-32.33012689097));
#1997 = CARTESIAN_POINT('',(1.926088968369,-31.90397178368));
#1998 = CARTESIAN_POINT('',(1.815712873151,-31.47771678244));
#1999 = CARTESIAN_POINT('',(1.705713887291,-31.05136150836));
#2000 = CARTESIAN_POINT('',(1.008903478308,-28.34050920461));
#2001 = CARTESIAN_POINT('',(0.43263417786,-26.05323093394));
#2002 = CARTESIAN_POINT('',(-0.132144277994,-23.7630176727));
#2003 = CARTESIAN_POINT('',(-0.685025970177,-21.46985425901));
#2004 = CARTESIAN_POINT('',(-1.22553467192,-19.17371771175));
#2005 = CARTESIAN_POINT('',(-1.753174962666,-16.87458820681));
#2006 = CARTESIAN_POINT('',(-2.872337866542,-11.86394127438));
#2007 = CARTESIAN_POINT('',(-3.458694686415,-9.151277865786));
#2008 = CARTESIAN_POINT('',(-4.025526418708,-6.434389095742));
#2009 = CARTESIAN_POINT('',(-4.571777763186,-3.713233410106));
#2010 = CARTESIAN_POINT('',(-5.096230054809,-0.987780816047));
#2011 = CARTESIAN_POINT('',(-5.597455674061,1.741995722337));
#2012 = CARTESIAN_POINT('',(-6.073755367717,4.476132570831));
#2013 = ( GEOMETRIC_REPRESENTATION_CONTEXT(2) 
PARAMETRIC_REPRESENTATION_CONTEXT() REPRESENTATION_CONTEXT('2D SPACE',''
  ) );
#2014 = ORIENTED_EDGE('',*,*,#1709,.F.);
#2015 = ORIENTED_EDGE('',*,*,#140,.T.);
#2016 = ORIENTED_EDGE('',*,*,#233,.T.);
#2017 = ADVANCED_FACE('',(#2018),#824,.F.);
#2018 = FACE_BOUND('',#2019,.F.);
#2019 = EDGE_LOOP('',(#2020,#2021,#2022,#2023));
#2020 = ORIENTED_EDGE('',*,*,#1214,.F.);
#2021 = ORIENTED_EDGE('',*,*,#957,.T.);
#2022 = ORIENTED_EDGE('',*,*,#786,.T.);
#2023 = ORIENTED_EDGE('',*,*,#2024,.T.);
#2024 = EDGE_CURVE('',#702,#1215,#2025,.T.);
#2025 = SURFACE_CURVE('',#2026,(#2031,#2060),.PCURVE_S1.);
#2026 = B_SPLINE_CURVE_WITH_KNOTS('',3,(#2027,#2028,#2029,#2030),
  .UNSPECIFIED.,.F.,.F.,(4,4),(-27.40381542788,3.391418552021E-04),
  .PIECEWISE_BEZIER_KNOTS.);
#2027 = CARTESIAN_POINT('',(496.18607408175,144.53710095616,
    6.671161080155));
#2028 = CARTESIAN_POINT('',(587.53059181019,144.80935705576,
    7.317665940562));
#2029 = CARTESIAN_POINT('',(678.87512427004,145.07583592984,
    7.964491344255));
#2030 = CARTESIAN_POINT('',(770.219679074,145.33404190849,8.611809825576
    ));
#2031 = PCURVE('',#824,#2032);
#2032 = DEFINITIONAL_REPRESENTATION('',(#2033),#2059);
#2033 = B_SPLINE_CURVE_WITH_KNOTS('',3,(#2034,#2035,#2036,#2037,#2038,
    #2039,#2040,#2041,#2042,#2043,#2044,#2045,#2046,#2047,#2048,#2049,
    #2050,#2051,#2052,#2053,#2054,#2055,#2056,#2057,#2058),
  .UNSPECIFIED.,.F.,.F.,(4,1,1,1,1,1,1,1,1,1,1,1,1,1,1,1,1,1,1,1,1,1,4),
  (-27.07877382874,-25.84902188367,-24.61926993859,-23.38951799352,
    -22.15976604844,-20.93001410337,-19.7002621583,-18.47051021322,
    -17.24075826815,-16.01100632307,-14.781254378,-13.55150243292,
    -12.32175048785,-11.09199854278,-9.862246597707,-8.632494652633,
    -7.402742707559,-6.172990762485,-4.943238817411,-3.713486872336,
    -2.483734927262,-1.253982982188,-2.423103711414E-02),.UNSPECIFIED.);
#2034 = CARTESIAN_POINT('',(0.410960376538,27.079091076426));
#2035 = CARTESIAN_POINT('',(0.410962917179,26.669173044552));
#2036 = CARTESIAN_POINT('',(0.410968348581,25.849336976892));
#2037 = CARTESIAN_POINT('',(0.410977501596,24.61958286299));
#2038 = CARTESIAN_POINT('',(0.410987616431,23.389828736003));
#2039 = CARTESIAN_POINT('',(0.410998647753,22.160074595257));
#2040 = CARTESIAN_POINT('',(0.411010549379,20.930320440079));
#2041 = CARTESIAN_POINT('',(0.411023274139,19.700566269793));
#2042 = CARTESIAN_POINT('',(0.411036773866,18.470812083723));
#2043 = CARTESIAN_POINT('',(0.411050999362,17.241057881193));
#2044 = CARTESIAN_POINT('',(0.411065900356,16.011303661527));
#2045 = CARTESIAN_POINT('',(0.411081425466,14.781549424046));
#2046 = CARTESIAN_POINT('',(0.411097522159,13.551795168073));
#2047 = CARTESIAN_POINT('',(0.411114136702,12.322040892927));
#2048 = CARTESIAN_POINT('',(0.411131214113,11.092286597929));
#2049 = CARTESIAN_POINT('',(0.411148698114,9.862532282397));
#2050 = CARTESIAN_POINT('',(0.411166531065,8.63277794565));
#2051 = CARTESIAN_POINT('',(0.411184653917,7.403023587005));
#2052 = CARTESIAN_POINT('',(0.411203006138,6.173269205778));
#2053 = CARTESIAN_POINT('',(0.411221525646,4.943514801285));
#2054 = CARTESIAN_POINT('',(0.411240148753,3.713760372839));
#2055 = CARTESIAN_POINT('',(0.411258810023,2.484005919754));
#2056 = CARTESIAN_POINT('',(0.411277442431,1.254251441342));
#2057 = CARTESIAN_POINT('',(0.411289798384,0.434415105056));
#2058 = CARTESIAN_POINT('',(0.411295948469,2.449693246223E-02));
#2059 = ( GEOMETRIC_REPRESENTATION_CONTEXT(2) 
PARAMETRIC_REPRESENTATION_CONTEXT() REPRESENTATION_CONTEXT('2D SPACE',''
  ) );
#2060 = PCURVE('',#747,#2061);
#2061 = DEFINITIONAL_REPRESENTATION('',(#2062),#2066);
#2062 = LINE('',#2063,#2064);
#2063 = CARTESIAN_POINT('',(1.117865479456E-14,-1.314504061156E-13));
#2064 = VECTOR('',#2065,1.);
#2065 = DIRECTION('',(-3.060716118717E-15,-1.));
#2066 = ( GEOMETRIC_REPRESENTATION_CONTEXT(2) 
PARAMETRIC_REPRESENTATION_CONTEXT() REPRESENTATION_CONTEXT('2D SPACE',''
  ) );
#2067 = ADVANCED_FACE('',(#2068),#747,.T.);
#2068 = FACE_BOUND('',#2069,.T.);
#2069 = EDGE_LOOP('',(#2070,#2136,#2137,#2138));
#2070 = ORIENTED_EDGE('',*,*,#2071,.F.);
#2071 = EDGE_CURVE('',#473,#1259,#2072,.T.);
#2072 = SURFACE_CURVE('',#2073,(#2078,#2107),.PCURVE_S1.);
#2073 = B_SPLINE_CURVE_WITH_KNOTS('',3,(#2074,#2075,#2076,#2077),
  .UNSPECIFIED.,.F.,.F.,(4,4),(0.,1.),.PIECEWISE_BEZIER_KNOTS.);
#2074 = CARTESIAN_POINT('',(496.18776282118,141.70110153016,
    7.220517909942));
#2075 = CARTESIAN_POINT('',(595.12790583809,142.12991402517,
    7.871071251122));
#2076 = CARTESIAN_POINT('',(686.47308921697,142.53151745128,
    8.47271784867));
#2077 = CARTESIAN_POINT('',(770.22331879922,142.90561326142,
    9.025255888813));
#2078 = PCURVE('',#747,#2079);
#2079 = DEFINITIONAL_REPRESENTATION('',(#2080),#2106);
#2080 = B_SPLINE_CURVE_WITH_KNOTS('',3,(#2081,#2082,#2083,#2084,#2085,
    #2086,#2087,#2088,#2089,#2090,#2091,#2092,#2093,#2094,#2095,#2096,
    #2097,#2098,#2099,#2100,#2101,#2102,#2103,#2104,#2105),
  .UNSPECIFIED.,.F.,.F.,(4,1,1,1,1,1,1,1,1,1,1,1,1,1,1,1,1,1,1,1,1,1,4),
  (0.,4.545454545455E-02,9.090909090909E-02,0.136363636364,
    0.181818181818,0.227272727273,0.272727272727,0.318181818182,
    0.363636363636,0.409090909091,0.454545454545,0.5,0.545454545455,
    0.590909090909,0.636363636364,0.681818181818,0.727272727273,
    0.772727272727,0.818181818182,0.863636363636,0.909090909091,
    0.954545454545,1.),.UNSPECIFIED.);
#2081 = CARTESIAN_POINT('',(1.,27.404421633415));
#2082 = CARTESIAN_POINT('',(0.999999998441,26.954679671638));
#2083 = CARTESIAN_POINT('',(0.999999726737,26.058334244507));
#2084 = CARTESIAN_POINT('',(0.999998702436,24.723231592738));
#2085 = CARTESIAN_POINT('',(0.99999725778,23.397544429554));
#2086 = CARTESIAN_POINT('',(0.999995563329,22.081272754629));
#2087 = CARTESIAN_POINT('',(0.99999377248,20.774416567647));
#2088 = CARTESIAN_POINT('',(0.999992018911,19.476975868305));
#2089 = CARTESIAN_POINT('',(0.999990417012,18.188950656311));
#2090 = CARTESIAN_POINT('',(0.99998906151,16.910340931383));
#2091 = CARTESIAN_POINT('',(0.999988027291,15.64114669325));
#2092 = CARTESIAN_POINT('',(0.999987369159,14.381367941652));
#2093 = CARTESIAN_POINT('',(0.999987121589,13.13100467634));
#2094 = CARTESIAN_POINT('',(0.999987298466,11.890056897073));
#2095 = CARTESIAN_POINT('',(0.999987892812,10.658524603622));
#2096 = CARTESIAN_POINT('',(0.999988876491,9.436407795766));
#2097 = CARTESIAN_POINT('',(0.999990199903,8.223706473295));
#2098 = CARTESIAN_POINT('',(0.999991791649,7.020420636006));
#2099 = CARTESIAN_POINT('',(0.999993558206,5.826550283706));
#2100 = CARTESIAN_POINT('',(0.999995383497,4.642095416212));
#2101 = CARTESIAN_POINT('',(0.999997128733,3.467056033348));
#2102 = CARTESIAN_POINT('',(0.999998631169,2.301432134945));
#2103 = CARTESIAN_POINT('',(0.999999706791,1.145223720844));
#2104 = CARTESIAN_POINT('',(0.999999994432,0.380695100878));
#2105 = CARTESIAN_POINT('',(0.999999996255,3.82287261843E-08));
#2106 = ( GEOMETRIC_REPRESENTATION_CONTEXT(2) 
PARAMETRIC_REPRESENTATION_CONTEXT() REPRESENTATION_CONTEXT('2D SPACE',''
  ) );
#2107 = PCURVE('',#598,#2108);
#2108 = DEFINITIONAL_REPRESENTATION('',(#2109),#2135);
#2109 = B_SPLINE_CURVE_WITH_KNOTS('',3,(#2110,#2111,#2112,#2113,#2114,
    #2115,#2116,#2117,#2118,#2119,#2120,#2121,#2122,#2123,#2124,#2125,
    #2126,#2127,#2128,#2129,#2130,#2131,#2132,#2133,#2134),
  .UNSPECIFIED.,.F.,.F.,(4,1,1,1,1,1,1,1,1,1,1,1,1,1,1,1,1,1,1,1,1,1,4),
  (0.,4.545454545455E-02,9.090909090909E-02,0.136363636364,
    0.181818181818,0.227272727273,0.272727272727,0.318181818182,
    0.363636363636,0.409090909091,0.454545454545,0.5,0.545454545455,
    0.590909090909,0.636363636364,0.681818181818,0.727272727273,
    0.772727272727,0.818181818182,0.863636363636,0.909090909091,
    0.954545454545,1.),.UNSPECIFIED.);
#2110 = CARTESIAN_POINT('',(6.471271043709E-02,1.));
#2111 = CARTESIAN_POINT('',(6.479398423796E-02,0.983588708434));
#2112 = CARTESIAN_POINT('',(6.495711736831E-02,0.950880650422));
#2113 = CARTESIAN_POINT('',(6.520358249898E-02,0.902162138773));
#2114 = CARTESIAN_POINT('',(6.545182214984E-02,0.853787202498));
#2115 = CARTESIAN_POINT('',(6.570184458103E-02,0.805755841603));
#2116 = CARTESIAN_POINT('',(6.595365745368E-02,0.758068056092));
#2117 = CARTESIAN_POINT('',(6.62072677076E-02,0.71072384597));
#2118 = CARTESIAN_POINT('',(6.646268152875E-02,0.663723211239));
#2119 = CARTESIAN_POINT('',(6.671990428866E-02,0.617066151901));
#2120 = CARTESIAN_POINT('',(6.697894048735E-02,0.570752667958));
#2121 = CARTESIAN_POINT('',(6.723979369096E-02,0.524782759412));
#2122 = CARTESIAN_POINT('',(6.750246646609E-02,0.479156426263));
#2123 = CARTESIAN_POINT('',(6.776696031024E-02,0.43387366851));
#2124 = CARTESIAN_POINT('',(6.803327557799E-02,0.388934486153));
#2125 = CARTESIAN_POINT('',(6.830141140282E-02,0.344338879192));
#2126 = CARTESIAN_POINT('',(6.857136561441E-02,0.300086847624));
#2127 = CARTESIAN_POINT('',(6.884313465037E-02,0.256178391447));
#2128 = CARTESIAN_POINT('',(6.911671346471E-02,0.212613510659));
#2129 = CARTESIAN_POINT('',(6.93920954239E-02,0.169392205257));
#2130 = CARTESIAN_POINT('',(6.966927222188E-02,0.126514475238));
#2131 = CARTESIAN_POINT('',(6.994823369649E-02,8.398032059757E-02));
#2132 = CARTESIAN_POINT('',(7.022896798367E-02,4.178974133276E-02));
#2133 = CARTESIAN_POINT('',(7.041729624737E-02,1.389173873684E-02));
#2134 = CARTESIAN_POINT('',(7.051175108183E-02,0.));
#2135 = ( GEOMETRIC_REPRESENTATION_CONTEXT(2) 
PARAMETRIC_REPRESENTATION_CONTEXT() REPRESENTATION_CONTEXT('2D SPACE',''
  ) );
#2136 = ORIENTED_EDGE('',*,*,#701,.T.);
#2137 = ORIENTED_EDGE('',*,*,#2024,.T.);
#2138 = ORIENTED_EDGE('',*,*,#1258,.F.);
#2139 = ADVANCED_FACE('',(#2140),#598,.T.);
#2140 = FACE_BOUND('',#2141,.T.);
#2141 = EDGE_LOOP('',(#2142,#2208,#2209,#2210));
#2142 = ORIENTED_EDGE('',*,*,#2143,.T.);
#2143 = EDGE_CURVE('',#1315,#412,#2144,.T.);
#2144 = SURFACE_CURVE('',#2145,(#2150,#2179),.PCURVE_S1.);
#2145 = B_SPLINE_CURVE_WITH_KNOTS('',3,(#2146,#2147,#2148,#2149),
  .UNSPECIFIED.,.F.,.F.,(4,4),(0.,1.),.PIECEWISE_BEZIER_KNOTS.);
#2146 = CARTESIAN_POINT('',(769.99363948849,143.18998030593,
    18.95909845134));
#2147 = CARTESIAN_POINT('',(687.95835073176,142.88934597427,
    19.445525495593));
#2148 = CARTESIAN_POINT('',(596.58663308929,142.5623878049,
    19.984472917626));
#2149 = CARTESIAN_POINT('',(495.87849589728,142.20923372635,
    20.575507717102));
#2150 = PCURVE('',#598,#2151);
#2151 = DEFINITIONAL_REPRESENTATION('',(#2152),#2178);
#2152 = B_SPLINE_CURVE_WITH_KNOTS('',3,(#2153,#2154,#2155,#2156,#2157,
    #2158,#2159,#2160,#2161,#2162,#2163,#2164,#2165,#2166,#2167,#2168,
    #2169,#2170,#2171,#2172,#2173,#2174,#2175,#2176,#2177),
  .UNSPECIFIED.,.F.,.F.,(4,1,1,1,1,1,1,1,1,1,1,1,1,1,1,1,1,1,1,1,1,1,4),
  (0.,4.545454545455E-02,9.090909090909E-02,0.136363636364,
    0.181818181818,0.227272727273,0.272727272727,0.318181818182,
    0.363636363636,0.409090909091,0.454545454545,0.5,0.545454545455,
    0.590909090909,0.636363636364,0.681818181818,0.727272727273,
    0.772727272727,0.818181818182,0.863636363636,0.909090909091,
    0.954545454545,1.),.UNSPECIFIED.);
#2153 = CARTESIAN_POINT('',(0.945466434523,7.249457241186E-09));
#2154 = CARTESIAN_POINT('',(0.945637271029,1.360332130724E-02));
#2155 = CARTESIAN_POINT('',(0.945977598934,4.095069496477E-02));
#2156 = CARTESIAN_POINT('',(0.946484016873,8.239399208076E-02));
#2157 = CARTESIAN_POINT('',(0.946986320059,0.124259525831));
#2158 = CARTESIAN_POINT('',(0.947484475497,0.166547296217));
#2159 = CARTESIAN_POINT('',(0.947978454907,0.209257303242));
#2160 = CARTESIAN_POINT('',(0.948468235165,0.252389546904));
#2161 = CARTESIAN_POINT('',(0.948953797797,0.295944027204));
#2162 = CARTESIAN_POINT('',(0.949435128754,0.33992074414));
#2163 = CARTESIAN_POINT('',(0.949912218122,0.384319697711));
#2164 = CARTESIAN_POINT('',(0.950385059873,0.429140887913));
#2165 = CARTESIAN_POINT('',(0.950853651617,0.474384314746));
#2166 = CARTESIAN_POINT('',(0.951317994369,0.520049978207));
#2167 = CARTESIAN_POINT('',(0.951778092331,0.566137878293));
#2168 = CARTESIAN_POINT('',(0.952233952681,0.612648015003));
#2169 = CARTESIAN_POINT('',(0.952685585375,0.659580388337));
#2170 = CARTESIAN_POINT('',(0.953133002958,0.706934998293));
#2171 = CARTESIAN_POINT('',(0.953576220383,0.754711844872));
#2172 = CARTESIAN_POINT('',(0.954015254848,0.802910928076));
#2173 = CARTESIAN_POINT('',(0.954450125622,0.851532247909));
#2174 = CARTESIAN_POINT('',(0.95488085394,0.900575804373));
#2175 = CARTESIAN_POINT('',(0.95530746267,0.950041597475));
#2176 = CARTESIAN_POINT('',(0.955589138826,0.983300283975));
#2177 = CARTESIAN_POINT('',(0.955729298565,1.));
#2178 = ( GEOMETRIC_REPRESENTATION_CONTEXT(2) 
PARAMETRIC_REPRESENTATION_CONTEXT() REPRESENTATION_CONTEXT('2D SPACE',''
  ) );
#2179 = PCURVE('',#441,#2180);
#2180 = DEFINITIONAL_REPRESENTATION('',(#2181),#2207);
#2181 = B_SPLINE_CURVE_WITH_KNOTS('',3,(#2182,#2183,#2184,#2185,#2186,
    #2187,#2188,#2189,#2190,#2191,#2192,#2193,#2194,#2195,#2196,#2197,
    #2198,#2199,#2200,#2201,#2202,#2203,#2204,#2205,#2206),
  .UNSPECIFIED.,.F.,.F.,(4,1,1,1,1,1,1,1,1,1,1,1,1,1,1,1,1,1,1,1,1,1,4),
  (1.001663558174E-03,4.592103570429E-02,9.08404078504E-02,
    0.135759779997,0.180679152143,0.225598524289,0.270517896435,
    0.315437268581,0.360356640727,0.405276012873,0.450195385019,
    0.495114757165,0.540034129312,0.584953501458,0.629872873604,
    0.67479224575,0.719711617896,0.764630990042,0.809550362188,
    0.854469734334,0.89938910648,0.944308478627,0.989227850773),
  .QUASI_UNIFORM_KNOTS.);
#2182 = CARTESIAN_POINT('',(2.429187877805E-08,2.465496689354E-02));
#2183 = CARTESIAN_POINT('',(6.613960948609E-08,0.393245751319));
#2184 = CARTESIAN_POINT('',(8.407815168137E-07,1.134195102309));
#2185 = CARTESIAN_POINT('',(3.592476673171E-06,2.25692247431));
#2186 = CARTESIAN_POINT('',(7.432477122997E-06,3.390953190906));
#2187 = CARTESIAN_POINT('',(1.192347572274E-05,4.536287251248));
#2188 = CARTESIAN_POINT('',(1.667098640437E-05,5.692924654537));
#2189 = CARTESIAN_POINT('',(2.132986566889E-05,6.860865400033));
#2190 = CARTESIAN_POINT('',(2.560340540386E-05,8.040109487052));
#2191 = CARTESIAN_POINT('',(2.924444385226E-05,9.23065691497));
#2192 = CARTESIAN_POINT('',(3.205596651064E-05,10.43250768322));
#2193 = CARTESIAN_POINT('',(3.389187517625E-05,11.645661791301));
#2194 = CARTESIAN_POINT('',(3.465774595874E-05,12.870119238771));
#2195 = CARTESIAN_POINT('',(3.43116244748E-05,14.105880025254));
#2196 = CARTESIAN_POINT('',(3.286484727965E-05,15.352944150439));
#2197 = CARTESIAN_POINT('',(3.038289303278E-05,16.611311614082));
#2198 = CARTESIAN_POINT('',(2.698625884514E-05,17.880982416008));
#2199 = CARTESIAN_POINT('',(2.285137950068E-05,19.161956556111));
#2200 = CARTESIAN_POINT('',(1.821152243519E-05,20.454234034358));
#2201 = CARTESIAN_POINT('',(1.335790422938E-05,21.757814850786));
#2202 = CARTESIAN_POINT('',(8.640109331282E-06,23.072699005509));
#2203 = CARTESIAN_POINT('',(4.469234903054E-06,24.398886498719));
#2204 = CARTESIAN_POINT('',(1.310972940428E-06,25.736377330675));
#2205 = CARTESIAN_POINT('',(2.478929972414E-07,26.635573444724));
#2206 = CARTESIAN_POINT('',(6.473460273462E-08,27.087055391657));
#2207 = ( GEOMETRIC_REPRESENTATION_CONTEXT(2) 
PARAMETRIC_REPRESENTATION_CONTEXT() REPRESENTATION_CONTEXT('2D SPACE',''
  ) );
#2208 = ORIENTED_EDGE('',*,*,#472,.T.);
#2209 = ORIENTED_EDGE('',*,*,#2071,.T.);
#2210 = ORIENTED_EDGE('',*,*,#1314,.F.);
#2211 = ADVANCED_FACE('',(#2212),#441,.T.);
#2212 = FACE_BOUND('',#2213,.T.);
#2213 = EDGE_LOOP('',(#2214,#2215,#2216,#2282));
#2214 = ORIENTED_EDGE('',*,*,#2143,.F.);
#2215 = ORIENTED_EDGE('',*,*,#1502,.F.);
#2216 = ORIENTED_EDGE('',*,*,#2217,.F.);
#2217 = EDGE_CURVE('',#380,#1503,#2218,.T.);
#2218 = SURFACE_CURVE('',#2219,(#2224,#2253),.PCURVE_S1.);
#2219 = B_SPLINE_CURVE_WITH_KNOTS('',3,(#2220,#2221,#2222,#2223),
  .UNSPECIFIED.,.F.,.F.,(4,4),(0.,1.),.PIECEWISE_BEZIER_KNOTS.);
#2220 = CARTESIAN_POINT('',(495.86647305687,144.29058634347,
    20.642012882503));
#2221 = CARTESIAN_POINT('',(598.44256889041,144.61592604196,
    20.057323203752));
#2222 = CARTESIAN_POINT('',(689.81384693262,144.90317710472,
    19.535651300615));
#2223 = CARTESIAN_POINT('',(769.98030721389,145.15234161356,
    19.077003822819));
#2224 = PCURVE('',#441,#2225);
#2225 = DEFINITIONAL_REPRESENTATION('',(#2226),#2252);
#2226 = B_SPLINE_CURVE_WITH_KNOTS('',3,(#2227,#2228,#2229,#2230,#2231,
    #2232,#2233,#2234,#2235,#2236,#2237,#2238,#2239,#2240,#2241,#2242,
    #2243,#2244,#2245,#2246,#2247,#2248,#2249,#2250,#2251),
  .UNSPECIFIED.,.F.,.F.,(4,1,1,1,1,1,1,1,1,1,1,1,1,1,1,1,1,1,1,1,1,1,4),
  (1.057761052934E-02,5.550490264049E-02,0.100432194752,0.145359486863,
    0.190286778974,0.235214071085,0.280141363196,0.325068655307,
    0.369995947419,0.41492323953,0.459850531641,0.504777823752,
    0.549705115863,0.594632407974,0.639559700085,0.684486992197,
    0.729414284308,0.774341576419,0.81926886853,0.864196160641,
    0.909123452752,0.954050744864,0.998978036975),
  .QUASI_UNIFORM_KNOTS.);
#2227 = CARTESIAN_POINT('',(1.000000020721,27.087690680316));
#2228 = CARTESIAN_POINT('',(0.999999923248,26.627899225686));
#2229 = CARTESIAN_POINT('',(0.999999301855,25.712839711683));
#2230 = CARTESIAN_POINT('',(0.999997415007,24.35382062636));
#2231 = CARTESIAN_POINT('',(0.999994913387,23.008371726627));
#2232 = CARTESIAN_POINT('',(0.999992083033,21.676493012406));
#2233 = CARTESIAN_POINT('',(0.999989175621,20.358184483628));
#2234 = CARTESIAN_POINT('',(0.999986404204,19.053446140236));
#2235 = CARTESIAN_POINT('',(0.999983945321,17.762277982181));
#2236 = CARTESIAN_POINT('',(0.999981939379,16.484680009424));
#2237 = CARTESIAN_POINT('',(0.999980491474,15.220652221933));
#2238 = CARTESIAN_POINT('',(0.999979672076,13.970194619685));
#2239 = CARTESIAN_POINT('',(0.999979517725,12.733307202666));
#2240 = CARTESIAN_POINT('',(0.9999800317,11.509989970867));
#2241 = CARTESIAN_POINT('',(0.999981184675,10.300242924288));
#2242 = CARTESIAN_POINT('',(0.999982915353,9.104066062934));
#2243 = CARTESIAN_POINT('',(0.999985131092,7.921459386815));
#2244 = CARTESIAN_POINT('',(0.999987708501,6.75242289595));
#2245 = CARTESIAN_POINT('',(0.999990494045,5.596956590359));
#2246 = CARTESIAN_POINT('',(0.99999330456,4.455060470068));
#2247 = CARTESIAN_POINT('',(0.999995928055,3.32673453511));
#2248 = CARTESIAN_POINT('',(0.999998123352,2.211978785516));
#2249 = CARTESIAN_POINT('',(0.999999624043,1.110793221325));
#2250 = CARTESIAN_POINT('',(0.999999958856,0.385716302159));
#2251 = CARTESIAN_POINT('',(0.999999910991,2.543954015722E-02));
#2252 = ( GEOMETRIC_REPRESENTATION_CONTEXT(2) 
PARAMETRIC_REPRESENTATION_CONTEXT() REPRESENTATION_CONTEXT('2D SPACE',''
  ) );
#2253 = PCURVE('',#396,#2254);
#2254 = DEFINITIONAL_REPRESENTATION('',(#2255),#2281);
#2255 = B_SPLINE_CURVE_WITH_KNOTS('',3,(#2256,#2257,#2258,#2259,#2260,
    #2261,#2262,#2263,#2264,#2265,#2266,#2267,#2268,#2269,#2270,#2271,
    #2272,#2273,#2274,#2275,#2276,#2277,#2278,#2279,#2280),
  .UNSPECIFIED.,.F.,.F.,(4,1,1,1,1,1,1,1,1,1,1,1,1,1,1,1,1,1,1,1,1,1,4),
  (0.,4.545454545455E-02,9.090909090909E-02,0.136363636364,
    0.181818181818,0.227272727273,0.272727272727,0.318181818182,
    0.363636363636,0.409090909091,0.454545454545,0.5,0.545454545455,
    0.590909090909,0.636363636364,0.681818181818,0.727272727273,
    0.772727272727,0.818181818182,0.863636363636,0.909090909091,
    0.954545454545,1.),.UNSPECIFIED.);
#2256 = CARTESIAN_POINT('',(1.331024482828,53.502669144983));
#2257 = CARTESIAN_POINT('',(1.330766602313,48.840020284204));
#2258 = CARTESIAN_POINT('',(1.330250948165,39.561024462378));
#2259 = CARTESIAN_POINT('',(1.329477787575,25.781436428829));
#2260 = CARTESIAN_POINT('',(1.328704947607,12.140754094473));
#2261 = CARTESIAN_POINT('',(1.32793242825,-1.361022540692));
#2262 = CARTESIAN_POINT('',(1.327160229497,-14.72389347666));
#2263 = CARTESIAN_POINT('',(1.32638835134,-27.94785871344));
#2264 = CARTESIAN_POINT('',(1.325616793772,-41.03291825103));
#2265 = CARTESIAN_POINT('',(1.324845556789,-53.97907208943));
#2266 = CARTESIAN_POINT('',(1.324074640386,-66.78632022864));
#2267 = CARTESIAN_POINT('',(1.323304044561,-79.45466266866));
#2268 = CARTESIAN_POINT('',(1.322533769312,-91.98409940948));
#2269 = CARTESIAN_POINT('',(1.321763814638,-104.3746304511));
#2270 = CARTESIAN_POINT('',(1.32099418054,-116.6262557935));
#2271 = CARTESIAN_POINT('',(1.32022486702,-128.7389754368));
#2272 = CARTESIAN_POINT('',(1.31945587408,-140.7127893808));
#2273 = CARTESIAN_POINT('',(1.318687201725,-152.5476976257));
#2274 = CARTESIAN_POINT('',(1.317918849959,-164.2437001714));
#2275 = CARTESIAN_POINT('',(1.31715081879,-175.8007970178));
#2276 = CARTESIAN_POINT('',(1.316383108224,-187.2189881651));
#2277 = CARTESIAN_POINT('',(1.315615718269,-198.4982736132));
#2278 = CARTESIAN_POINT('',(1.314848648937,-209.6386533621));
#2279 = CARTESIAN_POINT('',(1.314337483136,-216.9729693953));
#2280 = CARTESIAN_POINT('',(1.314081953677,-220.616976462));
#2281 = ( GEOMETRIC_REPRESENTATION_CONTEXT(2) 
PARAMETRIC_REPRESENTATION_CONTEXT() REPRESENTATION_CONTEXT('2D SPACE',''
  ) );
#2282 = ORIENTED_EDGE('',*,*,#411,.T.);
#2283 = ADVANCED_FACE('',(#2284),#396,.T.);
#2284 = FACE_BOUND('',#2285,.T.);
#2285 = EDGE_LOOP('',(#2286,#2287,#2288,#2289));
#2286 = ORIENTED_EDGE('',*,*,#2217,.T.);
#2287 = ORIENTED_EDGE('',*,*,#1546,.T.);
#2288 = ORIENTED_EDGE('',*,*,#1863,.T.);
#2289 = ORIENTED_EDGE('',*,*,#379,.T.);
#2290 = ADVANCED_FACE('',(#2291),#909,.F.);
#2291 = FACE_BOUND('',#2292,.F.);
#2292 = EDGE_LOOP('',(#2293,#2294,#2317,#2344));
#2293 = ORIENTED_EDGE('',*,*,#892,.T.);
#2294 = ORIENTED_EDGE('',*,*,#2295,.T.);
#2295 = EDGE_CURVE('',#893,#2296,#2298,.T.);
#2296 = VERTEX_POINT('',#2297);
#2297 = CARTESIAN_POINT('',(509.03142243939,142.08567582357,
    13.937380393113));
#2298 = SEAM_CURVE('',#2299,(#2303,#2310),.PCURVE_S1.);
#2299 = LINE('',#2300,#2301);
#2300 = CARTESIAN_POINT('',(495.0316295731,142.00961379405,
    13.933603005122));
#2301 = VECTOR('',#2302,1.);
#2302 = DIRECTION('',(0.999985204735,5.433002108489E-03,
    2.698134279409E-04));
#2303 = PCURVE('',#909,#2304);
#2304 = DEFINITIONAL_REPRESENTATION('',(#2305),#2309);
#2305 = LINE('',#2306,#2307);
#2306 = CARTESIAN_POINT('',(4.138911435803E-13,0.));
#2307 = VECTOR('',#2308,1.);
#2308 = DIRECTION('',(0.,1.));
#2309 = ( GEOMETRIC_REPRESENTATION_CONTEXT(2) 
PARAMETRIC_REPRESENTATION_CONTEXT() REPRESENTATION_CONTEXT('2D SPACE',''
  ) );
#2310 = PCURVE('',#909,#2311);
#2311 = DEFINITIONAL_REPRESENTATION('',(#2312),#2316);
#2312 = LINE('',#2313,#2314);
#2313 = CARTESIAN_POINT('',(6.28318530718,0.));
#2314 = VECTOR('',#2315,1.);
#2315 = DIRECTION('',(0.,1.));
#2316 = ( GEOMETRIC_REPRESENTATION_CONTEXT(2) 
PARAMETRIC_REPRESENTATION_CONTEXT() REPRESENTATION_CONTEXT('2D SPACE',''
  ) );
#2317 = ORIENTED_EDGE('',*,*,#2318,.F.);
#2318 = EDGE_CURVE('',#2296,#2296,#2319,.T.);
#2319 = SURFACE_CURVE('',#2320,(#2325,#2332),.PCURVE_S1.);
#2320 = CIRCLE('',#2321,1.);
#2321 = AXIS2_PLACEMENT_3D('',#2322,#2323,#2324);
#2322 = CARTESIAN_POINT('',(509.0368554417,141.08569058244,
    13.937380393113));
#2323 = DIRECTION('',(0.999985204735,5.433002108489E-03,
    2.698134279409E-04));
#2324 = DIRECTION('',(-5.433002306248E-03,0.999985241134,
    3.947173534205E-19));
#2325 = PCURVE('',#909,#2326);
#2326 = DEFINITIONAL_REPRESENTATION('',(#2327),#2331);
#2327 = LINE('',#2328,#2329);
#2328 = CARTESIAN_POINT('',(0.,14.));
#2329 = VECTOR('',#2330,1.);
#2330 = DIRECTION('',(1.,0.));
#2331 = ( GEOMETRIC_REPRESENTATION_CONTEXT(2) 
PARAMETRIC_REPRESENTATION_CONTEXT() REPRESENTATION_CONTEXT('2D SPACE',''
  ) );
#2332 = PCURVE('',#2333,#2338);
#2333 = PLANE('',#2334);
#2334 = AXIS2_PLACEMENT_3D('',#2335,#2336,#2337);
#2335 = CARTESIAN_POINT('',(509.0368554417,141.08569058244,
    13.937380393113));
#2336 = DIRECTION('',(0.999985204735,5.433002108489E-03,
    2.698134279409E-04));
#2337 = DIRECTION('',(-5.433002306248E-03,0.999985241134,
    3.947173534205E-19));
#2338 = DEFINITIONAL_REPRESENTATION('',(#2339),#2343);
#2339 = CIRCLE('',#2340,1.);
#2340 = AXIS2_PLACEMENT_2D('',#2341,#2342);
#2341 = CARTESIAN_POINT('',(0.,0.));
#2342 = DIRECTION('',(1.,2.117438615346E-22));
#2343 = ( GEOMETRIC_REPRESENTATION_CONTEXT(2) 
PARAMETRIC_REPRESENTATION_CONTEXT() REPRESENTATION_CONTEXT('2D SPACE',''
  ) );
#2344 = ORIENTED_EDGE('',*,*,#2295,.F.);
#2345 = ADVANCED_FACE('',(#2346),#1023,.T.);
#2346 = FACE_BOUND('',#2347,.T.);
#2347 = EDGE_LOOP('',(#2348,#2349,#2350,#2373,#2401));
#2348 = ORIENTED_EDGE('',*,*,#1035,.F.);
#2349 = ORIENTED_EDGE('',*,*,#1005,.F.);
#2350 = ORIENTED_EDGE('',*,*,#2351,.T.);
#2351 = EDGE_CURVE('',#1006,#2352,#2354,.T.);
#2352 = VERTEX_POINT('',#2353);
#2353 = CARTESIAN_POINT('',(507.35002148671,169.27078204875,
    12.278531821067));
#2354 = SURFACE_CURVE('',#2355,(#2359,#2366),.PCURVE_S1.);
#2355 = LINE('',#2356,#2357);
#2356 = CARTESIAN_POINT('',(507.35002208871,169.28156177463,
    6.278541504616));
#2357 = VECTOR('',#2358,1.);
#2358 = DIRECTION('',(-1.003338104995E-07,-1.796620979455E-03,
    0.999998386075));
#2359 = PCURVE('',#1023,#2360);
#2360 = DEFINITIONAL_REPRESENTATION('',(#2361),#2365);
#2361 = LINE('',#2362,#2363);
#2362 = CARTESIAN_POINT('',(9.27462088047,7.013970494754));
#2363 = VECTOR('',#2364,1.);
#2364 = DIRECTION('',(-1.796620979455E-03,0.999998386075));
#2365 = ( GEOMETRIC_REPRESENTATION_CONTEXT(2) 
PARAMETRIC_REPRESENTATION_CONTEXT() REPRESENTATION_CONTEXT('2D SPACE',''
  ) );
#2366 = PCURVE('',#1176,#2367);
#2367 = DEFINITIONAL_REPRESENTATION('',(#2368),#2372);
#2368 = LINE('',#2369,#2370);
#2369 = CARTESIAN_POINT('',(0.,0.));
#2370 = VECTOR('',#2371,1.);
#2371 = DIRECTION('',(1.,3.499953372945E-18));
#2372 = ( GEOMETRIC_REPRESENTATION_CONTEXT(2) 
PARAMETRIC_REPRESENTATION_CONTEXT() REPRESENTATION_CONTEXT('2D SPACE',''
  ) );
#2373 = ORIENTED_EDGE('',*,*,#2374,.F.);
#2374 = EDGE_CURVE('',#2375,#2352,#2377,.T.);
#2375 = VERTEX_POINT('',#2376);
#2376 = CARTESIAN_POINT('',(507.35002148841,151.73231839977,
    12.247021798473));
#2377 = SURFACE_CURVE('',#2378,(#2382,#2389),.PCURVE_S1.);
#2378 = LINE('',#2379,#2380);
#2379 = CARTESIAN_POINT('',(507.35002148841,151.73231839977,
    12.247021798473));
#2380 = VECTOR('',#2381,1.);
#2381 = DIRECTION('',(-9.712641252052E-11,0.999998386075,
    1.796620979455E-03));
#2382 = PCURVE('',#1023,#2383);
#2383 = DEFINITIONAL_REPRESENTATION('',(#2384),#2388);
#2384 = LINE('',#2385,#2386);
#2385 = CARTESIAN_POINT('',(-8.27462249439,12.982450788611));
#2386 = VECTOR('',#2387,1.);
#2387 = DIRECTION('',(0.999998386075,1.796620979455E-03));
#2388 = ( GEOMETRIC_REPRESENTATION_CONTEXT(2) 
PARAMETRIC_REPRESENTATION_CONTEXT() REPRESENTATION_CONTEXT('2D SPACE',''
  ) );
#2389 = PCURVE('',#2390,#2395);
#2390 = PLANE('',#2391);
#2391 = AXIS2_PLACEMENT_3D('',#2392,#2393,#2394);
#2392 = CARTESIAN_POINT('',(507.35002148681,168.27078366267,
    12.276735200088));
#2393 = DIRECTION('',(-1.00333810496E-07,-1.796620979455E-03,
    0.999998386075));
#2394 = DIRECTION('',(9.712640558163E-11,-0.999998386075,
    -1.796620979455E-03));
#2395 = DEFINITIONAL_REPRESENTATION('',(#2396),#2400);
#2396 = LINE('',#2397,#2398);
#2397 = CARTESIAN_POINT('',(16.538491954782,-6.352566633489E-12));
#2398 = VECTOR('',#2399,1.);
#2399 = DIRECTION('',(-1.,-6.938890000649E-18));
#2400 = ( GEOMETRIC_REPRESENTATION_CONTEXT(2) 
PARAMETRIC_REPRESENTATION_CONTEXT() REPRESENTATION_CONTEXT('2D SPACE',''
  ) );
#2401 = ORIENTED_EDGE('',*,*,#2402,.T.);
#2402 = EDGE_CURVE('',#2375,#1036,#2403,.T.);
#2403 = SURFACE_CURVE('',#2404,(#2408,#2415),.PCURVE_S1.);
#2404 = LINE('',#2405,#2406);
#2405 = CARTESIAN_POINT('',(507.35002148841,151.73231839977,
    12.247021798473));
#2406 = VECTOR('',#2407,1.);
#2407 = DIRECTION('',(1.003338105064E-07,1.796620979455E-03,
    -0.999998386075));
#2408 = PCURVE('',#1023,#2409);
#2409 = DEFINITIONAL_REPRESENTATION('',(#2410),#2414);
#2410 = LINE('',#2411,#2412);
#2411 = CARTESIAN_POINT('',(-8.27462249439,12.982450788611));
#2412 = VECTOR('',#2413,1.);
#2413 = DIRECTION('',(1.796620979455E-03,-0.999998386075));
#2414 = ( GEOMETRIC_REPRESENTATION_CONTEXT(2) 
PARAMETRIC_REPRESENTATION_CONTEXT() REPRESENTATION_CONTEXT('2D SPACE',''
  ) );
#2415 = PCURVE('',#1074,#2416);
#2416 = DEFINITIONAL_REPRESENTATION('',(#2417),#2421);
#2417 = LINE('',#2418,#2419);
#2418 = CARTESIAN_POINT('',(0.,0.));
#2419 = VECTOR('',#2420,1.);
#2420 = DIRECTION('',(1.,-1.039996317062E-17));
#2421 = ( GEOMETRIC_REPRESENTATION_CONTEXT(2) 
PARAMETRIC_REPRESENTATION_CONTEXT() REPRESENTATION_CONTEXT('2D SPACE',''
  ) );
#2422 = ADVANCED_FACE('',(#2423),#1176,.F.);
#2423 = FACE_BOUND('',#2424,.T.);
#2424 = EDGE_LOOP('',(#2425,#2426,#2427,#2450,#2471));
#2425 = ORIENTED_EDGE('',*,*,#1188,.F.);
#2426 = ORIENTED_EDGE('',*,*,#1160,.F.);
#2427 = ORIENTED_EDGE('',*,*,#2428,.F.);
#2428 = EDGE_CURVE('',#2429,#1138,#2431,.T.);
#2429 = VERTEX_POINT('',#2430);
#2430 = CARTESIAN_POINT('',(510.55002148671,169.27078204848,
    12.278532142135));
#2431 = SURFACE_CURVE('',#2432,(#2436,#2443),.PCURVE_S1.);
#2432 = LINE('',#2433,#2434);
#2433 = CARTESIAN_POINT('',(510.55002208871,169.28156177436,
    6.278541825684));
#2434 = VECTOR('',#2435,1.);
#2435 = DIRECTION('',(1.003338104995E-07,1.796620979455E-03,
    -0.999998386075));
#2436 = PCURVE('',#1176,#2437);
#2437 = DEFINITIONAL_REPRESENTATION('',(#2438),#2442);
#2438 = LINE('',#2439,#2440);
#2439 = CARTESIAN_POINT('',(-2.269915137651E-13,3.2));
#2440 = VECTOR('',#2441,1.);
#2441 = DIRECTION('',(-1.,-3.499953372945E-18));
#2442 = ( GEOMETRIC_REPRESENTATION_CONTEXT(2) 
PARAMETRIC_REPRESENTATION_CONTEXT() REPRESENTATION_CONTEXT('2D SPACE',''
  ) );
#2443 = PCURVE('',#1125,#2444);
#2444 = DEFINITIONAL_REPRESENTATION('',(#2445),#2449);
#2445 = LINE('',#2446,#2447);
#2446 = CARTESIAN_POINT('',(9.27462088047,7.013970494753));
#2447 = VECTOR('',#2448,1.);
#2448 = DIRECTION('',(1.796620979455E-03,-0.999998386075));
#2449 = ( GEOMETRIC_REPRESENTATION_CONTEXT(2) 
PARAMETRIC_REPRESENTATION_CONTEXT() REPRESENTATION_CONTEXT('2D SPACE',''
  ) );
#2450 = ORIENTED_EDGE('',*,*,#2451,.F.);
#2451 = EDGE_CURVE('',#2352,#2429,#2452,.T.);
#2452 = SURFACE_CURVE('',#2453,(#2457,#2464),.PCURVE_S1.);
#2453 = LINE('',#2454,#2455);
#2454 = CARTESIAN_POINT('',(507.35002148671,169.27078204875,
    12.278531821067));
#2455 = VECTOR('',#2456,1.);
#2456 = DIRECTION('',(1.,-8.313342634802E-11,1.003338230832E-07));
#2457 = PCURVE('',#1176,#2458);
#2458 = DEFINITIONAL_REPRESENTATION('',(#2459),#2463);
#2459 = LINE('',#2460,#2461);
#2460 = CARTESIAN_POINT('',(6.,2.862946388859E-12));
#2461 = VECTOR('',#2462,1.);
#2462 = DIRECTION('',(8.192489430954E-18,1.));
#2463 = ( GEOMETRIC_REPRESENTATION_CONTEXT(2) 
PARAMETRIC_REPRESENTATION_CONTEXT() REPRESENTATION_CONTEXT('2D SPACE',''
  ) );
#2464 = PCURVE('',#2390,#2465);
#2465 = DEFINITIONAL_REPRESENTATION('',(#2466),#2470);
#2466 = LINE('',#2467,#2468);
#2467 = CARTESIAN_POINT('',(-1.000000000005,-2.918011612926E-12));
#2468 = VECTOR('',#2469,1.);
#2469 = DIRECTION('',(-2.153741688597E-15,1.));
#2470 = ( GEOMETRIC_REPRESENTATION_CONTEXT(2) 
PARAMETRIC_REPRESENTATION_CONTEXT() REPRESENTATION_CONTEXT('2D SPACE',''
  ) );
#2471 = ORIENTED_EDGE('',*,*,#2351,.F.);
#2472 = ADVANCED_FACE('',(#2473),#1074,.F.);
#2473 = FACE_BOUND('',#2474,.T.);
#2474 = EDGE_LOOP('',(#2475,#2476,#2477,#2500,#2521));
#2475 = ORIENTED_EDGE('',*,*,#1058,.F.);
#2476 = ORIENTED_EDGE('',*,*,#2402,.F.);
#2477 = ORIENTED_EDGE('',*,*,#2478,.T.);
#2478 = EDGE_CURVE('',#2375,#2479,#2481,.T.);
#2479 = VERTEX_POINT('',#2480);
#2480 = CARTESIAN_POINT('',(510.55002148841,151.7323183995,
    12.247022119541));
#2481 = SURFACE_CURVE('',#2482,(#2486,#2493),.PCURVE_S1.);
#2482 = LINE('',#2483,#2484);
#2483 = CARTESIAN_POINT('',(507.35002148841,151.73231839977,
    12.247021798473));
#2484 = VECTOR('',#2485,1.);
#2485 = DIRECTION('',(1.,-8.313342634802E-11,1.003338230832E-07));
#2486 = PCURVE('',#1074,#2487);
#2487 = DEFINITIONAL_REPRESENTATION('',(#2488),#2492);
#2488 = LINE('',#2489,#2490);
#2489 = CARTESIAN_POINT('',(0.,0.));
#2490 = VECTOR('',#2491,1.);
#2491 = DIRECTION('',(5.607503694611E-18,1.));
#2492 = ( GEOMETRIC_REPRESENTATION_CONTEXT(2) 
PARAMETRIC_REPRESENTATION_CONTEXT() REPRESENTATION_CONTEXT('2D SPACE',''
  ) );
#2493 = PCURVE('',#2390,#2494);
#2494 = DEFINITIONAL_REPRESENTATION('',(#2495),#2499);
#2495 = LINE('',#2496,#2497);
#2496 = CARTESIAN_POINT('',(16.538491954782,-6.352566633489E-12));
#2497 = VECTOR('',#2498,1.);
#2498 = DIRECTION('',(-2.153741688597E-15,1.));
#2499 = ( GEOMETRIC_REPRESENTATION_CONTEXT(2) 
PARAMETRIC_REPRESENTATION_CONTEXT() REPRESENTATION_CONTEXT('2D SPACE',''
  ) );
#2500 = ORIENTED_EDGE('',*,*,#2501,.T.);
#2501 = EDGE_CURVE('',#2479,#1087,#2502,.T.);
#2502 = SURFACE_CURVE('',#2503,(#2507,#2514),.PCURVE_S1.);
#2503 = LINE('',#2504,#2505);
#2504 = CARTESIAN_POINT('',(510.55002148841,151.7323183995,
    12.247022119542));
#2505 = VECTOR('',#2506,1.);
#2506 = DIRECTION('',(1.003338105064E-07,1.796620979455E-03,
    -0.999998386075));
#2507 = PCURVE('',#1074,#2508);
#2508 = DEFINITIONAL_REPRESENTATION('',(#2509),#2513);
#2509 = LINE('',#2510,#2511);
#2510 = CARTESIAN_POINT('',(-7.739397954411E-13,3.2));
#2511 = VECTOR('',#2512,1.);
#2512 = DIRECTION('',(1.,-1.039996317062E-17));
#2513 = ( GEOMETRIC_REPRESENTATION_CONTEXT(2) 
PARAMETRIC_REPRESENTATION_CONTEXT() REPRESENTATION_CONTEXT('2D SPACE',''
  ) );
#2514 = PCURVE('',#1125,#2515);
#2515 = DEFINITIONAL_REPRESENTATION('',(#2516),#2520);
#2516 = LINE('',#2517,#2518);
#2517 = CARTESIAN_POINT('',(-8.27462249439,12.982450788611));
#2518 = VECTOR('',#2519,1.);
#2519 = DIRECTION('',(1.796620979455E-03,-0.999998386075));
#2520 = ( GEOMETRIC_REPRESENTATION_CONTEXT(2) 
PARAMETRIC_REPRESENTATION_CONTEXT() REPRESENTATION_CONTEXT('2D SPACE',''
  ) );
#2521 = ORIENTED_EDGE('',*,*,#1086,.F.);
#2522 = ADVANCED_FACE('',(#2523),#1125,.F.);
#2523 = FACE_BOUND('',#2524,.T.);
#2524 = EDGE_LOOP('',(#2525,#2526,#2527,#2548,#2549));
#2525 = ORIENTED_EDGE('',*,*,#1109,.F.);
#2526 = ORIENTED_EDGE('',*,*,#2501,.F.);
#2527 = ORIENTED_EDGE('',*,*,#2528,.F.);
#2528 = EDGE_CURVE('',#2429,#2479,#2529,.T.);
#2529 = SURFACE_CURVE('',#2530,(#2534,#2541),.PCURVE_S1.);
#2530 = LINE('',#2531,#2532);
#2531 = CARTESIAN_POINT('',(510.55002148841,151.7323183995,
    12.247022119542));
#2532 = VECTOR('',#2533,1.);
#2533 = DIRECTION('',(9.712641252052E-11,-0.999998386075,
    -1.796620979455E-03));
#2534 = PCURVE('',#1125,#2535);
#2535 = DEFINITIONAL_REPRESENTATION('',(#2536),#2540);
#2536 = LINE('',#2537,#2538);
#2537 = CARTESIAN_POINT('',(-8.27462249439,12.982450788611));
#2538 = VECTOR('',#2539,1.);
#2539 = DIRECTION('',(-0.999998386075,-1.796620979455E-03));
#2540 = ( GEOMETRIC_REPRESENTATION_CONTEXT(2) 
PARAMETRIC_REPRESENTATION_CONTEXT() REPRESENTATION_CONTEXT('2D SPACE',''
  ) );
#2541 = PCURVE('',#2390,#2542);
#2542 = DEFINITIONAL_REPRESENTATION('',(#2543),#2547);
#2543 = LINE('',#2544,#2545);
#2544 = CARTESIAN_POINT('',(16.538491954786,3.199999999994));
#2545 = VECTOR('',#2546,1.);
#2546 = DIRECTION('',(1.,6.938890000649E-18));
#2547 = ( GEOMETRIC_REPRESENTATION_CONTEXT(2) 
PARAMETRIC_REPRESENTATION_CONTEXT() REPRESENTATION_CONTEXT('2D SPACE',''
  ) );
#2548 = ORIENTED_EDGE('',*,*,#2428,.T.);
#2549 = ORIENTED_EDGE('',*,*,#1137,.F.);
#2550 = ADVANCED_FACE('',(#2551),#1698,.F.);
#2551 = FACE_BOUND('',#2552,.F.);
#2552 = EDGE_LOOP('',(#2553,#2554));
#2553 = ORIENTED_EDGE('',*,*,#1907,.F.);
#2554 = ORIENTED_EDGE('',*,*,#1683,.F.);
#2555 = ADVANCED_FACE('',(#2556),#1837,.F.);
#2556 = FACE_BOUND('',#2557,.F.);
#2557 = EDGE_LOOP('',(#2558,#2559,#2582,#2609));
#2558 = ORIENTED_EDGE('',*,*,#1820,.T.);
#2559 = ORIENTED_EDGE('',*,*,#2560,.F.);
#2560 = EDGE_CURVE('',#2561,#1821,#2563,.T.);
#2561 = VERTEX_POINT('',#2562);
#2562 = CARTESIAN_POINT('',(757.10582074981,143.43348449384,
    14.004315187224));
#2563 = SEAM_CURVE('',#2564,(#2568,#2575),.PCURVE_S1.);
#2564 = LINE('',#2565,#2566);
#2565 = CARTESIAN_POINT('',(757.10582074981,143.43348449384,
    14.004315187224));
#2566 = VECTOR('',#2567,1.);
#2567 = DIRECTION('',(0.999985204735,5.433002108489E-03,
    2.698134279409E-04));
#2568 = PCURVE('',#1837,#2569);
#2569 = DEFINITIONAL_REPRESENTATION('',(#2570),#2574);
#2570 = LINE('',#2571,#2572);
#2571 = CARTESIAN_POINT('',(6.28318530718,-0.));
#2572 = VECTOR('',#2573,1.);
#2573 = DIRECTION('',(0.,1.));
#2574 = ( GEOMETRIC_REPRESENTATION_CONTEXT(2) 
PARAMETRIC_REPRESENTATION_CONTEXT() REPRESENTATION_CONTEXT('2D SPACE',''
  ) );
#2575 = PCURVE('',#1837,#2576);
#2576 = DEFINITIONAL_REPRESENTATION('',(#2577),#2581);
#2577 = LINE('',#2578,#2579);
#2578 = CARTESIAN_POINT('',(0.,-0.));
#2579 = VECTOR('',#2580,1.);
#2580 = DIRECTION('',(0.,1.));
#2581 = ( GEOMETRIC_REPRESENTATION_CONTEXT(2) 
PARAMETRIC_REPRESENTATION_CONTEXT() REPRESENTATION_CONTEXT('2D SPACE',''
  ) );
#2582 = ORIENTED_EDGE('',*,*,#2583,.T.);
#2583 = EDGE_CURVE('',#2561,#2561,#2584,.T.);
#2584 = SURFACE_CURVE('',#2585,(#2590,#2597),.PCURVE_S1.);
#2585 = CIRCLE('',#2586,1.);
#2586 = AXIS2_PLACEMENT_3D('',#2587,#2588,#2589);
#2587 = CARTESIAN_POINT('',(757.11125375212,142.43349925271,
    14.004315187224));
#2588 = DIRECTION('',(0.999985204735,5.433002108489E-03,
    2.698134279409E-04));
#2589 = DIRECTION('',(-5.433002306248E-03,0.999985241134,
    3.947173534205E-19));
#2590 = PCURVE('',#1837,#2591);
#2591 = DEFINITIONAL_REPRESENTATION('',(#2592),#2596);
#2592 = LINE('',#2593,#2594);
#2593 = CARTESIAN_POINT('',(0.,0.));
#2594 = VECTOR('',#2595,1.);
#2595 = DIRECTION('',(1.,0.));
#2596 = ( GEOMETRIC_REPRESENTATION_CONTEXT(2) 
PARAMETRIC_REPRESENTATION_CONTEXT() REPRESENTATION_CONTEXT('2D SPACE',''
  ) );
#2597 = PCURVE('',#2598,#2603);
#2598 = PLANE('',#2599);
#2599 = AXIS2_PLACEMENT_3D('',#2600,#2601,#2602);
#2600 = CARTESIAN_POINT('',(757.11125375212,142.43349925271,
    14.004315187224));
#2601 = DIRECTION('',(0.999985204735,5.433002108489E-03,
    2.698134279409E-04));
#2602 = DIRECTION('',(-5.433002306248E-03,0.999985241134,
    3.947173534205E-19));
#2603 = DEFINITIONAL_REPRESENTATION('',(#2604),#2608);
#2604 = CIRCLE('',#2605,1.);
#2605 = AXIS2_PLACEMENT_2D('',#2606,#2607);
#2606 = CARTESIAN_POINT('',(0.,0.));
#2607 = DIRECTION('',(1.,2.117438615346E-22));
#2608 = ( GEOMETRIC_REPRESENTATION_CONTEXT(2) 
PARAMETRIC_REPRESENTATION_CONTEXT() REPRESENTATION_CONTEXT('2D SPACE',''
  ) );
#2609 = ORIENTED_EDGE('',*,*,#2560,.T.);
#2610 = ADVANCED_FACE('',(#2611),#2333,.F.);
#2611 = FACE_BOUND('',#2612,.F.);
#2612 = EDGE_LOOP('',(#2613));
#2613 = ORIENTED_EDGE('',*,*,#2318,.T.);
#2614 = ADVANCED_FACE('',(#2615),#2390,.F.);
#2615 = FACE_BOUND('',#2616,.T.);
#2616 = EDGE_LOOP('',(#2617,#2618,#2619,#2620));
#2617 = ORIENTED_EDGE('',*,*,#2374,.T.);
#2618 = ORIENTED_EDGE('',*,*,#2451,.T.);
#2619 = ORIENTED_EDGE('',*,*,#2528,.T.);
#2620 = ORIENTED_EDGE('',*,*,#2478,.F.);
#2621 = ADVANCED_FACE('',(#2622),#2598,.T.);
#2622 = FACE_BOUND('',#2623,.F.);
#2623 = EDGE_LOOP('',(#2624));
#2624 = ORIENTED_EDGE('',*,*,#2583,.F.);
#2625 = ( GEOMETRIC_REPRESENTATION_CONTEXT(3) 
GLOBAL_UNCERTAINTY_ASSIGNED_CONTEXT((#2629)) 
GLOBAL_UNIT_ASSIGNED_CONTEXT((#2626,#2627,#2628)) REPRESENTATION_CONTEXT
('Context #1','3D Context with UNIT and UNCERTAINTY') );
#2626 = ( LENGTH_UNIT() NAMED_UNIT(*) SI_UNIT(.MILLI.,.METRE.) );
#2627 = ( NAMED_UNIT(*) PLANE_ANGLE_UNIT() SI_UNIT($,.RADIAN.) );
#2628 = ( NAMED_UNIT(*) SI_UNIT($,.STERADIAN.) SOLID_ANGLE_UNIT() );
#2629 = UNCERTAINTY_MEASURE_WITH_UNIT(LENGTH_MEASURE(5.E-05),#2626,
  'distance_accuracy_value','confusion accuracy');
#2630 = PRODUCT_RELATED_PRODUCT_CATEGORY('part',$,(#7));
ENDSEC;
END-ISO-10303-21;
