ISO-10303-21;
HEADER;
FILE_DESCRIPTION(('Open CASCADE Model'),'2;1');
FILE_NAME('Open CASCADE Shape Model','2026-09-24T01:47:23',('Author'),(
    'Open CASCADE'),'Open CASCADE STEP processor 7.9','Open CASCADE 7.9'
  ,'Unknown');
FILE_SCHEMA(('AUTOMOTIVE_DESIGN { 1 0 10303 214 1 1 1 1 }'));
ENDSEC;
DATA;
#1 = APPLICATION_PROTOCOL_DEFINITION('international standard',
  'automotive_design',2000,#2);
#2 = APPLICATION_CONTEXT(
  'core data for automotive mechanical design processes');
#3 = SHAPE_DEFINITION_REPRESENTATION(#4,#10);
#4 = PRODUCT_DEFINITION_SHAPE('','',#5);
#5 = PRODUCT_DEFINITION('design','',#6,#9);
#6 = PRODUCT_DEFINITION_FORMATION('','',#7);
#7 = PRODUCT('Open CASCADE STEP translator 7.9 7',
  'Open CASCADE STEP translator 7.9 7','',(#8));
#8 = PRODUCT_CONTEXT('',#2,'mechanical');
#9 = PRODUCT_DEFINITION_CONTEXT('part definition',#2,'design');
#10 = ADVANCED_BREP_SHAPE_REPRESENTATION('',(#11,#15),#3479);
#11 = AXIS2_PLACEMENT_3D('',#12,#13,#14);
#12 = CARTESIAN_POINT('',(0.,0.,0.));
#13 = DIRECTION('',(0.,0.,1.));
#14 = DIRECTION('',(1.,0.,-0.));
#15 = MANIFOLD_SOLID_BREP('',#16);
#16 = CLOSED_SHELL('',(#17,#93,#1269,#1304,#1378,#1634,#1748,#1797,#1845
    ,#2108,#2276,#2303,#2338,#2414,#2462,#2510,#2600,#2742,#2769,#2824,
    #3051,#3122,#3149,#3198,#3247,#3274,#3301,#3336,#3366,#3373,#3380,
    #3415,#3422,#3472));
#17 = ADVANCED_FACE('',(#18,#54),#31,.T.);
#18 = FACE_BOUND('',#19,.T.);
#19 = EDGE_LOOP('',(#20));
#20 = ORIENTED_EDGE('',*,*,#21,.T.);
#21 = EDGE_CURVE('',#22,#22,#24,.T.);
#22 = VERTEX_POINT('',#23);
#23 = CARTESIAN_POINT('',(53.000021613965,60.454326154274,
    19.632508214492));
#24 = SURFACE_CURVE('',#25,(#30,#42),.PCURVE_S1.);
#25 = CIRCLE('',#26,4.00001);
#26 = AXIS2_PLACEMENT_3D('',#27,#28,#29);
#27 = CARTESIAN_POINT('',(53.000021613965,60.454326154274,
    15.632498214492));
#28 = DIRECTION('',(1.,0.,0.));
#29 = DIRECTION('',(-0.,0.,1.));
#30 = PCURVE('',#31,#36);
#31 = PLANE('',#32);
#32 = AXIS2_PLACEMENT_3D('',#33,#34,#35);
#33 = CARTESIAN_POINT('',(53.000021613966,60.454326154274,
    15.632498214492));
#34 = DIRECTION('',(1.,1.594183769368E-15,-4.888450755303E-15));
#35 = DIRECTION('',(-1.594183769368E-15,1.,1.401298464325E-45));
#36 = DEFINITIONAL_REPRESENTATION('',(#37),#41);
#37 = CIRCLE('',#38,4.00001);
#38 = AXIS2_PLACEMENT_2D('',#39,#40);
#39 = CARTESIAN_POINT('',(0.,0.));
#40 = DIRECTION('',(1.401298464325E-45,1.));
#41 = ( GEOMETRIC_REPRESENTATION_CONTEXT(2) 
PARAMETRIC_REPRESENTATION_CONTEXT() REPRESENTATION_CONTEXT('2D SPACE',''
  ) );
#42 = PCURVE('',#43,#48);
#43 = PLANE('',#44);
#44 = AXIS2_PLACEMENT_3D('',#45,#46,#47);
#45 = CARTESIAN_POINT('',(53.000021613966,60.454326154274,
    15.632498214492));
#46 = DIRECTION('',(1.,1.594183769368E-15,-4.888450755303E-15));
#47 = DIRECTION('',(-1.594183769368E-15,1.,1.401298464325E-45));
#48 = DEFINITIONAL_REPRESENTATION('',(#49),#53);
#49 = CIRCLE('',#50,4.00001);
#50 = AXIS2_PLACEMENT_2D('',#51,#52);
#51 = CARTESIAN_POINT('',(0.,0.));
#52 = DIRECTION('',(1.401298464325E-45,1.));
#53 = ( GEOMETRIC_REPRESENTATION_CONTEXT(2) 
PARAMETRIC_REPRESENTATION_CONTEXT() REPRESENTATION_CONTEXT('2D SPACE',''
  ) );
#54 = FACE_BOUND('',#55,.T.);
#55 = EDGE_LOOP('',(#56));
#56 = ORIENTED_EDGE('',*,*,#57,.T.);
#57 = EDGE_CURVE('',#58,#58,#60,.T.);
#58 = VERTEX_POINT('',#59);
#59 = CARTESIAN_POINT('',(53.000021613966,64.454326154274,
    15.632498214492));
#60 = SURFACE_CURVE('',#61,(#66,#77),.PCURVE_S1.);
#61 = CIRCLE('',#62,4.);
#62 = AXIS2_PLACEMENT_3D('',#63,#64,#65);
#63 = CARTESIAN_POINT('',(53.000021613966,60.454326154274,
    15.632498214492));
#64 = DIRECTION('',(-1.,-1.594183769368E-15,4.888450755303E-15));
#65 = DIRECTION('',(-1.594183769368E-15,1.,0.));
#66 = PCURVE('',#31,#67);
#67 = DEFINITIONAL_REPRESENTATION('',(#68),#76);
#68 = ( BOUNDED_CURVE() B_SPLINE_CURVE(2,(#69,#70,#71,#72,#73,#74,#75),
.UNSPECIFIED.,.T.,.F.) B_SPLINE_CURVE_WITH_KNOTS((1,2,2,2,2,1),(
    -2.094395102393,0.,2.094395102393,4.188790204786,6.28318530718,
8.377580409573),.UNSPECIFIED.) CURVE() GEOMETRIC_REPRESENTATION_ITEM() 
RATIONAL_B_SPLINE_CURVE((1.,0.5,1.,0.5,1.,0.5,1.)) REPRESENTATION_ITEM(
  '') );
#69 = CARTESIAN_POINT('',(4.,-5.605193857299E-45));
#70 = CARTESIAN_POINT('',(4.,-6.928203230276));
#71 = CARTESIAN_POINT('',(-2.,-3.464101615138));
#72 = CARTESIAN_POINT('',(-8.,-9.797174393179E-16));
#73 = CARTESIAN_POINT('',(-2.,3.464101615138));
#74 = CARTESIAN_POINT('',(4.,6.928203230276));
#75 = CARTESIAN_POINT('',(4.,-5.605193857299E-45));
#76 = ( GEOMETRIC_REPRESENTATION_CONTEXT(2) 
PARAMETRIC_REPRESENTATION_CONTEXT() REPRESENTATION_CONTEXT('2D SPACE',''
  ) );
#77 = PCURVE('',#78,#83);
#78 = PLANE('',#79);
#79 = AXIS2_PLACEMENT_3D('',#80,#81,#82);
#80 = CARTESIAN_POINT('',(53.000021613965,60.454326154274,
    15.632498214492));
#81 = DIRECTION('',(1.,0.,0.));
#82 = DIRECTION('',(-0.,0.,1.));
#83 = DEFINITIONAL_REPRESENTATION('',(#84),#92);
#84 = ( BOUNDED_CURVE() B_SPLINE_CURVE(2,(#85,#86,#87,#88,#89,#90,#91),
.UNSPECIFIED.,.T.,.F.) B_SPLINE_CURVE_WITH_KNOTS((1,2,2,2,2,1),(
    -2.094395102393,0.,2.094395102393,4.188790204786,6.28318530718,
8.377580409573),.UNSPECIFIED.) CURVE() GEOMETRIC_REPRESENTATION_ITEM() 
RATIONAL_B_SPLINE_CURVE((1.,0.5,1.,0.5,1.,0.5,1.)) REPRESENTATION_ITEM(
  '') );
#85 = CARTESIAN_POINT('',(0.,-4.));
#86 = CARTESIAN_POINT('',(-6.928203230276,-4.));
#87 = CARTESIAN_POINT('',(-3.464101615138,2.));
#88 = CARTESIAN_POINT('',(-9.797174393179E-16,8.));
#89 = CARTESIAN_POINT('',(3.464101615138,2.));
#90 = CARTESIAN_POINT('',(6.928203230276,-4.));
#91 = CARTESIAN_POINT('',(0.,-4.));
#92 = ( GEOMETRIC_REPRESENTATION_CONTEXT(2) 
PARAMETRIC_REPRESENTATION_CONTEXT() REPRESENTATION_CONTEXT('2D SPACE',''
  ) );
#93 = ADVANCED_FACE('',(#94,#874,#905,#1266),#43,.T.);
#94 = FACE_BOUND('',#95,.T.);
#95 = EDGE_LOOP('',(#96,#126,#460,#488,#516,#544,#734,#762));
#96 = ORIENTED_EDGE('',*,*,#97,.F.);
#97 = EDGE_CURVE('',#98,#100,#102,.T.);
#98 = VERTEX_POINT('',#99);
#99 = CARTESIAN_POINT('',(53.000021613966,79.29796307321,24.05213415028)
  );
#100 = VERTEX_POINT('',#101);
#101 = CARTESIAN_POINT('',(53.000021613966,84.298053084547,
    23.945832119128));
#102 = SURFACE_CURVE('',#103,(#107,#114),.PCURVE_S1.);
#103 = LINE('',#104,#105);
#104 = CARTESIAN_POINT('',(53.000021613966,69.96986163818,
    24.250449806016));
#105 = VECTOR('',#106,1.);
#106 = DIRECTION('',(-1.697728713644E-15,0.999774082282,
    -2.125522048576E-02));
#107 = PCURVE('',#43,#108);
#108 = DEFINITIONAL_REPRESENTATION('',(#109),#113);
#109 = LINE('',#110,#111);
#110 = CARTESIAN_POINT('',(9.515535483906,8.617951591524));
#111 = VECTOR('',#112,1.);
#112 = DIRECTION('',(0.999774082282,-2.125522048576E-02));
#113 = ( GEOMETRIC_REPRESENTATION_CONTEXT(2) 
PARAMETRIC_REPRESENTATION_CONTEXT() REPRESENTATION_CONTEXT('2D SPACE',''
  ) );
#114 = PCURVE('',#115,#120);
#115 = PLANE('',#116);
#116 = AXIS2_PLACEMENT_3D('',#117,#118,#119);
#117 = CARTESIAN_POINT('',(48.000021613966,79.297963073211,
    24.05213415028));
#118 = DIRECTION('',(7.576949333287E-16,2.125522048576E-02,
    0.999774082282));
#119 = DIRECTION('',(-6.162975822039E-33,0.999774082282,
    -2.125522048576E-02));
#120 = DEFINITIONAL_REPRESENTATION('',(#121),#125);
#121 = LINE('',#122,#123);
#122 = CARTESIAN_POINT('',(-9.330209294627,-5.));
#123 = VECTOR('',#124,1.);
#124 = DIRECTION('',(1.,1.697728713644E-15));
#125 = ( GEOMETRIC_REPRESENTATION_CONTEXT(2) 
PARAMETRIC_REPRESENTATION_CONTEXT() REPRESENTATION_CONTEXT('2D SPACE',''
  ) );
#126 = ORIENTED_EDGE('',*,*,#127,.T.);
#127 = EDGE_CURVE('',#98,#128,#130,.T.);
#128 = VERTEX_POINT('',#129);
#129 = CARTESIAN_POINT('',(53.000021613966,10.59434190052,
    10.838546794692));
#130 = SURFACE_CURVE('',#131,(#184,#240),.PCURVE_S1.);
#131 = B_SPLINE_CURVE_WITH_KNOTS('',3,(#132,#133,#134,#135,#136,#137,
    #138,#139,#140,#141,#142,#143,#144,#145,#146,#147,#148,#149,#150,
    #151,#152,#153,#154,#155,#156,#157,#158,#159,#160,#161,#162,#163,
    #164,#165,#166,#167,#168,#169,#170,#171,#172,#173,#174,#175,#176,
    #177,#178,#179,#180,#181,#182,#183),.UNSPECIFIED.,.F.,.F.,(4,2,2,2,2
    ,2,2,2,2,2,2,2,2,2,2,2,2,2,2,2,2,2,2,2,2,4),(0.620567546244,
    0.65194049367,0.663025299247,0.67384258425,0.722699014914,
    0.74682885461,0.770376345024,0.785768506454,0.793370584273,
    0.797125195829,0.79897957147,0.800789193631,0.817986718005,
    0.865238272152,0.877465458288,0.912973775319,0.923668439189,
    0.928950456751,0.931559207233,0.932847650332,0.933484003111,
    0.93410499816,0.96960160016,0.990204805639,0.998384906986,1.),
  .UNSPECIFIED.);
#132 = CARTESIAN_POINT('',(53.000021613966,79.29796307321,24.05213415028
    ));
#133 = CARTESIAN_POINT('',(53.000021613966,77.34856493846,
    24.082568790044));
#134 = CARTESIAN_POINT('',(53.000021613966,75.375553885555,
    24.101567861289));
#135 = CARTESIAN_POINT('',(53.000021613966,72.772027240453,
    24.11514755676));
#136 = CARTESIAN_POINT('',(53.000021613966,72.018166405747,
    24.117833760186));
#137 = CARTESIAN_POINT('',(53.000021613966,70.571428067882,
    24.11951999886));
#138 = CARTESIAN_POINT('',(53.000021613966,69.888959101478,
    24.118772692429));
#139 = CARTESIAN_POINT('',(53.000021613966,66.067480616991,
    24.104594340764));
#140 = CARTESIAN_POINT('',(53.000021613966,62.949554439302,
    24.053470262102));
#141 = CARTESIAN_POINT('',(53.000021613966,58.520813748508,
    23.882618198307));
#142 = CARTESIAN_POINT('',(53.000021613966,57.10643476803,
    23.812648364812));
#143 = CARTESIAN_POINT('',(53.000021613966,54.187319271195,
    23.628509015614));
#144 = CARTESIAN_POINT('',(53.000021613966,52.713321567043,
    23.516049757694));
#145 = CARTESIAN_POINT('',(53.000021613966,50.258550892868,
    23.289929850794));
#146 = CARTESIAN_POINT('',(53.000021613966,49.2836310188,23.190224494701
    ));
#147 = CARTESIAN_POINT('',(53.000021613966,47.828863954972,
    23.025980710023));
#148 = CARTESIAN_POINT('',(53.000021613966,47.348178694831,
    22.96919513912));
#149 = CARTESIAN_POINT('',(53.000021613966,46.631574168946,
    22.880781636552));
#150 = CARTESIAN_POINT('',(53.000021613966,46.394902556065,
    22.850967388513));
#151 = CARTESIAN_POINT('',(53.000021613966,46.041841011329,
    22.805578878628));
#152 = CARTESIAN_POINT('',(53.000021613966,45.925197835454,
    22.79043446508));
#153 = CARTESIAN_POINT('',(53.000021613966,45.694910518591,
    22.760241576229));
#154 = CARTESIAN_POINT('',(53.000021613966,45.578415289937,
    22.744829937593));
#155 = CARTESIAN_POINT('',(53.000021613966,44.284665533227,
    22.571873121409));
#156 = CARTESIAN_POINT('',(53.000021613966,43.142316306519,
    22.405372217084));
#157 = CARTESIAN_POINT('',(53.000021613966,38.971293251671,
    21.74903412335));
#158 = CARTESIAN_POINT('',(53.000021613966,36.135490201998,
    21.202500204853));
#159 = CARTESIAN_POINT('',(53.000021613966,32.868149798255,
    20.470497692889));
#160 = CARTESIAN_POINT('',(53.000021613966,32.163308869287,
    20.306835079963));
#161 = CARTESIAN_POINT('',(53.000021613966,29.21008813236,
    19.588123823778));
#162 = CARTESIAN_POINT('',(53.000021613966,26.740421272453,
    18.906689832464));
#163 = CARTESIAN_POINT('',(53.000021613966,23.962895162863,
    18.024913513852));
#164 = CARTESIAN_POINT('',(53.000021613966,23.347686829668,
    17.821498713788));
#165 = CARTESIAN_POINT('',(53.000021613966,22.48383948817,
    17.525357811046));
#166 = CARTESIAN_POINT('',(53.000021613966,22.207204267192,
    17.428712137017));
#167 = CARTESIAN_POINT('',(53.000021613966,21.808523851124,
    17.286983254736));
#168 = CARTESIAN_POINT('',(53.000021613966,21.679095042154,
    17.240558786552));
#169 = CARTESIAN_POINT('',(53.000021613966,21.489413149251,
    17.171939805989));
#170 = CARTESIAN_POINT('',(53.000021613966,21.427302036415,
    17.149373682629));
#171 = CARTESIAN_POINT('',(53.000021613966,21.335422629116,
    17.115851773474));
#172 = CARTESIAN_POINT('',(53.000021613966,21.318983714259,
    17.109858675041));
#173 = CARTESIAN_POINT('',(53.000021613966,21.215906772403,
    17.072079883572));
#174 = CARTESIAN_POINT('',(53.000021613966,21.128670206674,
    17.039976801964));
#175 = CARTESIAN_POINT('',(53.000021613966,17.582573444716,
    15.728247866322));
#176 = CARTESIAN_POINT('',(53.000021613966,15.471373194901,
    14.598321947726));
#177 = CARTESIAN_POINT('',(53.000021613966,13.188569993625,
    13.093709900452));
#178 = CARTESIAN_POINT('',(53.000021613966,12.566713675988,
    12.598134748805));
#179 = CARTESIAN_POINT('',(53.000021613966,11.738278148956,
    11.881673646822));
#180 = CARTESIAN_POINT('',(53.000021613966,11.319617719528,
    11.51904571746));
#181 = CARTESIAN_POINT('',(53.000021613966,10.774493270643,
    11.010245482007));
#182 = CARTESIAN_POINT('',(53.000021613966,10.684762291818,
    10.925414378419));
#183 = CARTESIAN_POINT('',(53.000021613966,10.59434190052,
    10.838546794692));
#184 = PCURVE('',#43,#185);
#185 = DEFINITIONAL_REPRESENTATION('',(#186),#239);
#186 = B_SPLINE_CURVE_WITH_KNOTS('',3,(#187,#188,#189,#190,#191,#192,
    #193,#194,#195,#196,#197,#198,#199,#200,#201,#202,#203,#204,#205,
    #206,#207,#208,#209,#210,#211,#212,#213,#214,#215,#216,#217,#218,
    #219,#220,#221,#222,#223,#224,#225,#226,#227,#228,#229,#230,#231,
    #232,#233,#234,#235,#236,#237,#238),.UNSPECIFIED.,.F.,.F.,(4,2,2,2,2
    ,2,2,2,2,2,2,2,2,2,2,2,2,2,2,2,2,2,2,2,2,4),(0.620567546244,
    0.65194049367,0.663025299247,0.67384258425,0.722699014914,
    0.74682885461,0.770376345024,0.785768506454,0.793370584273,
    0.797125195829,0.79897957147,0.800789193631,0.817986718005,
    0.865238272152,0.877465458288,0.912973775319,0.923668439189,
    0.928950456751,0.931559207233,0.932847650332,0.933484003111,
    0.93410499816,0.96960160016,0.990204805639,0.998384906986,1.),
  .UNSPECIFIED.);
#187 = CARTESIAN_POINT('',(18.843636918936,8.419635935788));
#188 = CARTESIAN_POINT('',(16.894238784186,8.450070575552));
#189 = CARTESIAN_POINT('',(14.921227731281,8.469069646797));
#190 = CARTESIAN_POINT('',(12.317701086179,8.482649342268));
#191 = CARTESIAN_POINT('',(11.563840251473,8.485335545694));
#192 = CARTESIAN_POINT('',(10.117101913608,8.487021784368));
#193 = CARTESIAN_POINT('',(9.434632947204,8.486274477937));
#194 = CARTESIAN_POINT('',(5.613154462717,8.472096126272));
#195 = CARTESIAN_POINT('',(2.495228285028,8.42097204761));
#196 = CARTESIAN_POINT('',(-1.933512405766,8.250119983815));
#197 = CARTESIAN_POINT('',(-3.347891386244,8.18015015032));
#198 = CARTESIAN_POINT('',(-6.267006883079,7.996010801122));
#199 = CARTESIAN_POINT('',(-7.741004587231,7.883551543202));
#200 = CARTESIAN_POINT('',(-10.1957752614,7.657431636302));
#201 = CARTESIAN_POINT('',(-11.17069513547,7.557726280209));
#202 = CARTESIAN_POINT('',(-12.6254621993,7.393482495531));
#203 = CARTESIAN_POINT('',(-13.10614745944,7.336696924628));
#204 = CARTESIAN_POINT('',(-13.82275198532,7.24828342206));
#205 = CARTESIAN_POINT('',(-14.0594235982,7.218469174021));
#206 = CARTESIAN_POINT('',(-14.41248514294,7.173080664136));
#207 = CARTESIAN_POINT('',(-14.52912831882,7.157936250588));
#208 = CARTESIAN_POINT('',(-14.75941563568,7.127743361737));
#209 = CARTESIAN_POINT('',(-14.87591086433,7.112331723101));
#210 = CARTESIAN_POINT('',(-16.16966062104,6.939374906917));
#211 = CARTESIAN_POINT('',(-17.31200984775,6.772874002592));
#212 = CARTESIAN_POINT('',(-21.4830329026,6.116535908858));
#213 = CARTESIAN_POINT('',(-24.31883595227,5.570001990361));
#214 = CARTESIAN_POINT('',(-27.58617635601,4.837999478397));
#215 = CARTESIAN_POINT('',(-28.29101728498,4.674336865471));
#216 = CARTESIAN_POINT('',(-31.24423802191,3.955625609286));
#217 = CARTESIAN_POINT('',(-33.71390488182,3.274191617972));
#218 = CARTESIAN_POINT('',(-36.49143099141,2.39241529936));
#219 = CARTESIAN_POINT('',(-37.1066393246,2.189000499296));
#220 = CARTESIAN_POINT('',(-37.9704866661,1.892859596554));
#221 = CARTESIAN_POINT('',(-38.24712188708,1.796213922525));
#222 = CARTESIAN_POINT('',(-38.64580230315,1.654485040244));
#223 = CARTESIAN_POINT('',(-38.77523111212,1.60806057206));
#224 = CARTESIAN_POINT('',(-38.96491300502,1.539441591497));
#225 = CARTESIAN_POINT('',(-39.02702411785,1.516875468137));
#226 = CARTESIAN_POINT('',(-39.11890352515,1.483353558982));
#227 = CARTESIAN_POINT('',(-39.13534244001,1.477360460549));
#228 = CARTESIAN_POINT('',(-39.23841938187,1.43958166908));
#229 = CARTESIAN_POINT('',(-39.3256559476,1.407478587472));
#230 = CARTESIAN_POINT('',(-42.87175270955,9.574965183E-02));
#231 = CARTESIAN_POINT('',(-44.98295295937,-1.034176266766));
#232 = CARTESIAN_POINT('',(-47.26575616064,-2.53878831404));
#233 = CARTESIAN_POINT('',(-47.88761247828,-3.034363465687));
#234 = CARTESIAN_POINT('',(-48.71604800531,-3.75082456767));
#235 = CARTESIAN_POINT('',(-49.13470843474,-4.113452497032));
#236 = CARTESIAN_POINT('',(-49.67983288363,-4.622252732485));
#237 = CARTESIAN_POINT('',(-49.76956386245,-4.707083836073));
#238 = CARTESIAN_POINT('',(-49.85998425375,-4.7939514198));
#239 = ( GEOMETRIC_REPRESENTATION_CONTEXT(2) 
PARAMETRIC_REPRESENTATION_CONTEXT() REPRESENTATION_CONTEXT('2D SPACE',''
  ) );
#240 = PCURVE('',#241,#344);
#241 = B_SPLINE_SURFACE_WITH_KNOTS('',3,1,(
    (#242,#243)
    ,(#244,#245)
    ,(#246,#247)
    ,(#248,#249)
    ,(#250,#251)
    ,(#252,#253)
    ,(#254,#255)
    ,(#256,#257)
    ,(#258,#259)
    ,(#260,#261)
    ,(#262,#263)
    ,(#264,#265)
    ,(#266,#267)
    ,(#268,#269)
    ,(#270,#271)
    ,(#272,#273)
    ,(#274,#275)
    ,(#276,#277)
    ,(#278,#279)
    ,(#280,#281)
    ,(#282,#283)
    ,(#284,#285)
    ,(#286,#287)
    ,(#288,#289)
    ,(#290,#291)
    ,(#292,#293)
    ,(#294,#295)
    ,(#296,#297)
    ,(#298,#299)
    ,(#300,#301)
    ,(#302,#303)
    ,(#304,#305)
    ,(#306,#307)
    ,(#308,#309)
    ,(#310,#311)
    ,(#312,#313)
    ,(#314,#315)
    ,(#316,#317)
    ,(#318,#319)
    ,(#320,#321)
    ,(#322,#323)
    ,(#324,#325)
    ,(#326,#327)
    ,(#328,#329)
    ,(#330,#331)
    ,(#332,#333)
    ,(#334,#335)
    ,(#336,#337)
    ,(#338,#339)
    ,(#340,#341)
    ,(#342,#343
    )),.UNSPECIFIED.,.F.,.F.,.F.,(4,1,1,1,1,1,1,1,1,1,1,1,1,1,1,1,1,1,1,
    1,1,1,1,1,1,1,1,1,1,1,1,1,1,1,1,1,1,1,1,1,1,1,1,1,1,1,1,1,4),(2,2),(
    -1.000000000112,-0.99407136802,-0.991107051974,-0.988142735929,
    -0.982214103837,-0.976285471746,-0.964428207563,-0.95257094338,
    -0.946642311288,-0.943677995242,-0.940713679197,-0.937749363151,
    -0.936267205128,-0.934785047105,-0.934043968094,-0.933302889082,
    -0.932932349577,-0.932561810071,-0.931820731059,-0.930338573037,
    -0.928856415014,-0.925892098968,-0.922927782922,-0.916999150831,
    -0.911070518739,-0.905141886648,-0.893284622465,-0.881427358282,
    -0.869570094099,-0.857712829916,-0.83399830155,-0.822141037367,
    -0.810283773184,-0.798426509001,-0.792497876909,-0.786569244818,
    -0.774711980635,-0.762854716452,-0.739140188086,-0.727282923903,
    -0.71542565972,-0.691711131354,-0.679853867171,-0.667996602988,
    -0.662067970896,-0.656139338805,-0.644282074622,-0.632424810439,
    -0.620567546256),(0.,1.),.UNSPECIFIED.);
#242 = CARTESIAN_POINT('',(53.000021613966,10.594341881761,
    10.838546776669));
#243 = CARTESIAN_POINT('',(43.000021613966,10.594341881761,
    10.838546776669));
#244 = CARTESIAN_POINT('',(53.000021613966,10.926254180047,
    11.157417542551));
#245 = CARTESIAN_POINT('',(43.000021613966,10.926254180047,
    11.157417542551));
#246 = CARTESIAN_POINT('',(53.000021613966,11.427515881737,
    11.610702430155));
#247 = CARTESIAN_POINT('',(43.000021613966,11.427515881737,
    11.610702430155));
#248 = CARTESIAN_POINT('',(53.000021613966,11.909655412286,
    12.030255565741));
#249 = CARTESIAN_POINT('',(43.000021613966,11.909655412286,
    12.030255565741));
#250 = CARTESIAN_POINT('',(53.000021613966,12.229120820302,
    12.305687993648));
#251 = CARTESIAN_POINT('',(43.000021613966,12.229120820302,
    12.305687993648));
#252 = CARTESIAN_POINT('',(53.000021613966,12.681963740908,
    12.679962895532));
#253 = CARTESIAN_POINT('',(43.000021613966,12.681963740908,
    12.679962895532));
#254 = CARTESIAN_POINT('',(53.000021613966,13.451982201701,
    13.267353553346));
#255 = CARTESIAN_POINT('',(43.000021613966,13.451982201701,
    13.267353553346));
#256 = CARTESIAN_POINT('',(53.000021613966,14.616897570376,
    14.053503541563));
#257 = CARTESIAN_POINT('',(43.000021613965,14.616897570376,
    14.053503541563));
#258 = CARTESIAN_POINT('',(53.000021613966,16.213198571812,
    14.941272443136));
#259 = CARTESIAN_POINT('',(43.000021613966,16.213198571812,
    14.941272443136));
#260 = CARTESIAN_POINT('',(53.000021613966,17.624812635708,
    15.611429722181));
#261 = CARTESIAN_POINT('',(43.000021613966,17.624812635708,
    15.611429722181));
#262 = CARTESIAN_POINT('',(53.000021613966,18.52577475401,
    16.008404899147));
#263 = CARTESIAN_POINT('',(43.000021613966,18.525774754011,
    16.008404899147));
#264 = CARTESIAN_POINT('',(53.000021613966,19.2503977871,16.312779773378
    ));
#265 = CARTESIAN_POINT('',(43.000021613966,19.2503977871,16.312779773378
    ));
#266 = CARTESIAN_POINT('',(53.000021613966,19.89949219033,
    16.572805328635));
#267 = CARTESIAN_POINT('',(43.000021613966,19.89949219033,
    16.572805328635));
#268 = CARTESIAN_POINT('',(53.000021613966,20.441678904866,
    16.782618876284));
#269 = CARTESIAN_POINT('',(43.000021613966,20.441678904866,
    16.782618876284));
#270 = CARTESIAN_POINT('',(53.000021613966,20.801971643558,
    16.91874437692));
#271 = CARTESIAN_POINT('',(43.000021613966,20.801971643558,
    16.91874437692));
#272 = CARTESIAN_POINT('',(53.000021613966,21.074821023394,
    17.020248922681));
#273 = CARTESIAN_POINT('',(43.000021613966,21.074821023394,
    17.020248922681));
#274 = CARTESIAN_POINT('',(53.000021613966,21.303134300826,
    17.104083306695));
#275 = CARTESIAN_POINT('',(43.000021613966,21.303134300826,
    17.104083306695));
#276 = CARTESIAN_POINT('',(53.000021613966,21.350857499816,
    17.121482203993));
#277 = CARTESIAN_POINT('',(43.000021613966,21.350857499816,
    17.121482203993));
#278 = CARTESIAN_POINT('',(53.000021613966,21.426065051716,
    17.148916283177));
#279 = CARTESIAN_POINT('',(43.000021613966,21.426065051716,
    17.148916283177));
#280 = CARTESIAN_POINT('',(53.000021613966,21.548408915201,
    17.193349641325));
#281 = CARTESIAN_POINT('',(43.000021613966,21.548408915201,
    17.193349641325));
#282 = CARTESIAN_POINT('',(53.000021613966,21.731554344419,
    17.259407232878));
#283 = CARTESIAN_POINT('',(43.000021613966,21.731554344419,
    17.259407232878));
#284 = CARTESIAN_POINT('',(53.000021613966,22.027826117732,
    17.365190743266));
#285 = CARTESIAN_POINT('',(43.000021613966,22.027826117732,
    17.365190743266));
#286 = CARTESIAN_POINT('',(53.000021613966,22.410709064724,
    17.499881869545));
#287 = CARTESIAN_POINT('',(43.000021613966,22.410709064724,
    17.499881869545));
#288 = CARTESIAN_POINT('',(53.000021613966,23.046152527969,17.7188998905
    ));
#289 = CARTESIAN_POINT('',(43.000021613966,23.046152527969,17.7188998905
    ));
#290 = CARTESIAN_POINT('',(53.000021613966,23.882629176762,
    17.99834271539));
#291 = CARTESIAN_POINT('',(43.000021613966,23.882629176762,
    17.99834271539));
#292 = CARTESIAN_POINT('',(53.000021613966,24.943329873797,
    18.338107646828));
#293 = CARTESIAN_POINT('',(43.000021613966,24.943329873797,
    18.338107646828));
#294 = CARTESIAN_POINT('',(53.000021613966,26.425790232173,
    18.790255906614));
#295 = CARTESIAN_POINT('',(43.000021613966,26.425790232173,
    18.790255906614));
#296 = CARTESIAN_POINT('',(53.000021613966,28.360974535372,
    19.342616758793));
#297 = CARTESIAN_POINT('',(43.000021613966,28.360974535372,
    19.342616758793));
#298 = CARTESIAN_POINT('',(53.000021613966,30.689965060716,
    19.954419625512));
#299 = CARTESIAN_POINT('',(43.000021613966,30.689965060716,
    19.954419625512));
#300 = CARTESIAN_POINT('',(53.000021613966,32.852276559889,
    20.470791885855));
#301 = CARTESIAN_POINT('',(43.000021613966,32.852276559889,
    20.470791885855));
#302 = CARTESIAN_POINT('',(53.000021613966,35.418246338487,
    21.039003167849));
#303 = CARTESIAN_POINT('',(43.000021613966,35.418246338487,
    21.039003167849));
#304 = CARTESIAN_POINT('',(53.000021613966,38.241676210809,
    21.596267472581));
#305 = CARTESIAN_POINT('',(43.000021613966,38.241676210809,
    21.596267472581));
#306 = CARTESIAN_POINT('',(53.000021613966,41.21607082503,
    22.105981498319));
#307 = CARTESIAN_POINT('',(43.000021613966,41.21607082503,
    22.105981498319));
#308 = CARTESIAN_POINT('',(53.000021613966,43.517909153439,
    22.463302101116));
#309 = CARTESIAN_POINT('',(43.000021613966,43.517909153439,
    22.463302101116));
#310 = CARTESIAN_POINT('',(53.000021613966,45.558827266475,
    22.745812931647));
#311 = CARTESIAN_POINT('',(43.000021613966,45.558827266475,
    22.745812931647));
#312 = CARTESIAN_POINT('',(53.000021613966,47.029392683565,
    22.931245007064));
#313 = CARTESIAN_POINT('',(43.000021613966,47.029392683565,
    22.931245007064));
#314 = CARTESIAN_POINT('',(53.000021613966,48.534660600499,
    23.109112058921));
#315 = CARTESIAN_POINT('',(43.000021613966,48.534660600499,
    23.109112058921));
#316 = CARTESIAN_POINT('',(53.000021613966,50.408862721229,
    23.307363313802));
#317 = CARTESIAN_POINT('',(43.000021613966,50.408862721229,
    23.307363313802));
#318 = CARTESIAN_POINT('',(53.000021613966,53.400305658693,
    23.576261659264));
#319 = CARTESIAN_POINT('',(43.000021613966,53.400305658693,
    23.576261659264));
#320 = CARTESIAN_POINT('',(53.000021613966,56.332041769976,
    23.772741083987));
#321 = CARTESIAN_POINT('',(43.000021613966,56.332041769976,
    23.772741083987));
#322 = CARTESIAN_POINT('',(53.000021613966,59.146124073608,
    23.908980044604));
#323 = CARTESIAN_POINT('',(43.000021613966,59.146124073608,
    23.908980044604));
#324 = CARTESIAN_POINT('',(53.000021613966,62.032543317135,
    24.016462015163));
#325 = CARTESIAN_POINT('',(43.000021613966,62.032543317135,
    24.016462015163));
#326 = CARTESIAN_POINT('',(53.000021613966,65.012566798745,
    24.081502582908));
#327 = CARTESIAN_POINT('',(43.000021613966,65.012566798745,
    24.081502582908));
#328 = CARTESIAN_POINT('',(53.000021613966,68.043846165862,
    24.11259871067));
#329 = CARTESIAN_POINT('',(43.000021613966,68.043846165862,
    24.11259871067));
#330 = CARTESIAN_POINT('',(53.000021613966,69.929675080083,
    24.119434536088));
#331 = CARTESIAN_POINT('',(43.000021613966,69.929675080083,
    24.119434536088));
#332 = CARTESIAN_POINT('',(53.000021613966,71.468918203121,
    24.118930027915));
#333 = CARTESIAN_POINT('',(43.000021613966,71.468918203121,
    24.118930027915));
#334 = CARTESIAN_POINT('',(53.000021613966,73.065559850739,
    24.114390739175));
#335 = CARTESIAN_POINT('',(43.000021613966,73.065559850739,
    24.114390739175));
#336 = CARTESIAN_POINT('',(53.000021613966,74.854695976323,
    24.103958055349));
#337 = CARTESIAN_POINT('',(43.000021613966,74.854695976323,
    24.103958055349));
#338 = CARTESIAN_POINT('',(53.000021613966,77.083534442748,
    24.083381901732));
#339 = CARTESIAN_POINT('',(43.000021613966,77.083534442748,
    24.083381901732));
#340 = CARTESIAN_POINT('',(53.000021613966,78.561196825706,
    24.063636785338));
#341 = CARTESIAN_POINT('',(43.000021613966,78.561196825706,
    24.063636785338));
#342 = CARTESIAN_POINT('',(53.000021613966,79.297963071099,
    24.052134150313));
#343 = CARTESIAN_POINT('',(43.000021613966,79.297963071099,
    24.052134150313));
#344 = DEFINITIONAL_REPRESENTATION('',(#345),#459);
#345 = B_SPLINE_CURVE_WITH_KNOTS('',3,(#346,#347,#348,#349,#350,#351,
    #352,#353,#354,#355,#356,#357,#358,#359,#360,#361,#362,#363,#364,
    #365,#366,#367,#368,#369,#370,#371,#372,#373,#374,#375,#376,#377,
    #378,#379,#380,#381,#382,#383,#384,#385,#386,#387,#388,#389,#390,
    #391,#392,#393,#394,#395,#396,#397,#398,#399,#400,#401,#402,#403,
    #404,#405,#406,#407,#408,#409,#410,#411,#412,#413,#414,#415,#416,
    #417,#418,#419,#420,#421,#422,#423,#424,#425,#426,#427,#428,#429,
    #430,#431,#432,#433,#434,#435,#436,#437,#438,#439,#440,#441,#442,
    #443,#444,#445,#446,#447,#448,#449,#450,#451,#452,#453,#454,#455,
    #456,#457,#458),.UNSPECIFIED.,.F.,.F.,(4,1,1,1,1,1,1,1,1,1,1,1,1,1,1
    ,1,1,1,1,1,1,1,1,1,1,1,1,1,1,1,1,1,1,1,1,1,1,1,1,1,1,1,1,1,1,1,1,1,1
    ,1,1,1,1,1,1,1,1,1,1,1,1,1,1,1,1,1,1,1,1,1,1,1,1,1,1,1,1,1,1,1,1,1,1
    ,1,1,1,1,1,1,1,1,1,1,1,1,1,1,1,1,1,1,1,1,1,1,1,1,1,1,1,4),(
    0.620567546244,0.624016932187,0.62746631813,0.630915704074,
    0.634365090017,0.63781447596,0.641263861903,0.644713247847,
    0.64816263379,0.651612019733,0.655061405676,0.65851079162,
    0.661960177563,0.665409563506,0.668858949449,0.672308335393,
    0.675757721336,0.679207107279,0.682656493222,0.686105879165,
    0.689555265109,0.693004651052,0.696454036995,0.699903422938,
    0.703352808882,0.706802194825,0.710251580768,0.713700966711,
    0.717150352655,0.720599738598,0.724049124541,0.727498510484,
    0.730947896428,0.734397282371,0.737846668314,0.741296054257,
    0.744745440201,0.748194826144,0.751644212087,0.75509359803,
    0.758542983973,0.761992369917,0.76544175586,0.768891141803,
    0.772340527746,0.77578991369,0.779239299633,0.782688685576,
    0.786138071519,0.789587457463,0.793036843406,0.796486229349,
    0.799935615292,0.803385001236,0.806834387179,0.810283773122,
    0.813733159065,0.817182545008,0.820631930952,0.824081316895,
    0.827530702838,0.830980088781,0.834429474725,0.837878860668,
    0.841328246611,0.844777632554,0.848227018498,0.851676404441,
    0.855125790384,0.858575176327,0.862024562271,0.865473948214,
    0.868923334157,0.8723727201,0.875822106043,0.879271491987,
    0.88272087793,0.886170263873,0.889619649816,0.89306903576,
    0.896518421703,0.899967807646,0.903417193589,0.906866579533,
    0.910315965476,0.913765351419,0.917214737362,0.920664123306,
    0.924113509249,0.927562895192,0.931012281135,0.934461667079,
    0.937911053022,0.941360438965,0.944809824908,0.948259210851,
    0.951708596795,0.955157982738,0.958607368681,0.962056754624,
    0.965506140568,0.968955526511,0.972404912454,0.975854298397,
    0.979303684341,0.982753070284,0.986202456227,0.98965184217,
    0.993101228114,0.996550614057,1.),.UNSPECIFIED.);
#346 = CARTESIAN_POINT('',(-0.620567546256,0.));
#347 = CARTESIAN_POINT('',(-0.621717343204,0.));
#348 = CARTESIAN_POINT('',(-0.624018131187,-4.44410944851E-20));
#349 = CARTESIAN_POINT('',(-0.627469684257,1.555438306978E-19));
#350 = CARTESIAN_POINT('',(-0.630918858132,-5.777342283063E-19));
#351 = CARTESIAN_POINT('',(-0.634361289486,2.155393082527E-18));
#352 = CARTESIAN_POINT('',(-0.637800908482,-8.043838101803E-18));
#353 = CARTESIAN_POINT('',(-0.641248200258,3.001995932468E-17));
#354 = CARTESIAN_POINT('',(-0.644711745303,-1.120359991969E-16));
#355 = CARTESIAN_POINT('',(-0.648203955177,4.181240374631E-16));
#356 = CARTESIAN_POINT('',(-0.651628453517,-1.560460150655E-15));
#357 = CARTESIAN_POINT('',(-0.655051542402,1.560460150597E-15));
#358 = CARTESIAN_POINT('',(-0.658514582954,-4.181240371735E-16));
#359 = CARTESIAN_POINT('',(-0.661955132777,1.120359980967E-16));
#360 = CARTESIAN_POINT('',(-0.665423993455,-3.001995521339E-17));
#361 = CARTESIAN_POINT('',(-0.668855050587,8.043822756845E-18));
#362 = CARTESIAN_POINT('',(-0.672281805902,-2.155335813982E-18));
#363 = CARTESIAN_POINT('',(-0.67574248075,5.775204990906E-19));
#364 = CARTESIAN_POINT('',(-0.679206467936,-1.547461823719E-19));
#365 = CARTESIAN_POINT('',(-0.682662685147,4.146423040646E-20));
#366 = CARTESIAN_POINT('',(-0.686111877812,-1.111073924331E-20));
#367 = CARTESIAN_POINT('',(-0.689557654565,2.978726578592E-21));
#368 = CARTESIAN_POINT('',(-0.693003162861,-8.041670580481E-22));
#369 = CARTESIAN_POINT('',(-0.696450361025,2.379416677994E-22));
#370 = CARTESIAN_POINT('',(-0.699898683696,-1.475995977669E-22));
#371 = CARTESIAN_POINT('',(-0.70334802763,3.524567398341E-22));
#372 = CARTESIAN_POINT('',(-0.706798162761,-1.26222734382E-21));
#373 = CARTESIAN_POINT('',(-0.710248897118,4.69645265438E-21));
#374 = CARTESIAN_POINT('',(-0.713700001039,-1.752358325358E-20));
#375 = CARTESIAN_POINT('',(-0.71715134015,6.539788038125E-20));
#376 = CARTESIAN_POINT('',(-0.720602362272,-2.440679382489E-19));
#377 = CARTESIAN_POINT('',(-0.724052871907,9.108738726382E-19));
#378 = CARTESIAN_POINT('',(-0.727497300259,-3.399427552279E-18));
#379 = CARTESIAN_POINT('',(-0.730948386497,1.26868363365E-17));
#380 = CARTESIAN_POINT('',(-0.73440063302,-4.734791779371E-17));
#381 = CARTESIAN_POINT('',(-0.737850148513,1.767048348383E-16));
#382 = CARTESIAN_POINT('',(-0.741290934371,-6.594714215597E-16));
#383 = CARTESIAN_POINT('',(-0.744728716376,2.4611808514E-15));
#384 = CARTESIAN_POINT('',(-0.74818219843,-6.587391549206E-16));
#385 = CARTESIAN_POINT('',(-0.751636082855,1.737757682821E-16));
#386 = CARTESIAN_POINT('',(-0.755089159584,-3.636391820762E-17));
#387 = CARTESIAN_POINT('',(-0.758541384202,-2.832009545153E-17));
#388 = CARTESIAN_POINT('',(-0.761992444986,1.496443000138E-16));
#389 = CARTESIAN_POINT('',(-0.765441944545,-5.702571046036E-16));
#390 = CARTESIAN_POINT('',(-0.768890653131,2.131384118401E-15));
#391 = CARTESIAN_POINT('',(-0.772339568642,5.712334601224E-16));
#392 = CARTESIAN_POINT('',(-0.775790243067,-1.530615443294E-16));
#393 = CARTESIAN_POINT('',(-0.779242665297,4.101271719536E-17));
#394 = CARTESIAN_POINT('',(-0.782693490474,-1.098932445198E-17));
#395 = CARTESIAN_POINT('',(-0.786140233239,2.944580612575E-18));
#396 = CARTESIAN_POINT('',(-0.789579119901,-7.889979982963E-19));
#397 = CARTESIAN_POINT('',(-0.793031149122,2.114113806362E-19));
#398 = CARTESIAN_POINT('',(-0.796539857091,-5.664752422354E-20));
#399 = CARTESIAN_POINT('',(-0.799860278535,1.517871628165E-20));
#400 = CARTESIAN_POINT('',(-0.803446777856,-4.067340880599E-21));
#401 = CARTESIAN_POINT('',(-0.806867662036,1.09064726204E-21));
#402 = CARTESIAN_POINT('',(-0.810280336029,-2.952481474437E-22));
#403 = CARTESIAN_POINT('',(-0.813713632584,9.034534666776E-23));
#404 = CARTESIAN_POINT('',(-0.817166425322,-6.613322147799E-23));
#405 = CARTESIAN_POINT('',(-0.820627682586,1.741875558103E-22));
#406 = CARTESIAN_POINT('',(-0.824086864909,-6.306169863803E-22));
#407 = CARTESIAN_POINT('',(-0.827539603919,2.34828040391E-21));
#408 = CARTESIAN_POINT('',(-0.830987073068,-8.762504616245E-21));
#409 = CARTESIAN_POINT('',(-0.834429101659,3.27017380729E-20));
#410 = CARTESIAN_POINT('',(-0.837866206178,-1.220444476647E-19));
#411 = CARTESIAN_POINT('',(-0.84130179669,4.554760525954E-19));
#412 = CARTESIAN_POINT('',(-0.844739210724,-1.699859762709E-18));
#413 = CARTESIAN_POINT('',(-0.848181990048,6.343962998246E-18));
#414 = CARTESIAN_POINT('',(-0.851633987998,-2.367599223027E-17));
#415 = CARTESIAN_POINT('',(-0.855098963324,8.836000592285E-17));
#416 = CARTESIAN_POINT('',(-0.858582451223,-3.297640314611E-16));
#417 = CARTESIAN_POINT('',(-0.862084166202,1.230696119922E-15));
#418 = CARTESIAN_POINT('',(-0.865511844008,-3.297640336646E-16));
#419 = CARTESIAN_POINT('',(-0.868925650672,8.836001473704E-17));
#420 = CARTESIAN_POINT('',(-0.872352460912,-2.36760252835E-17));
#421 = CARTESIAN_POINT('',(-0.875786213344,6.344086396959E-18));
#422 = CARTESIAN_POINT('',(-0.879263097401,-1.700320304347E-18));
#423 = CARTESIAN_POINT('',(-0.882726858286,4.571948204143E-19));
#424 = CARTESIAN_POINT('',(-0.886178716165,-1.284589773299E-19));
#425 = CARTESIAN_POINT('',(-0.889624436986,5.664108888176E-20));
#426 = CARTESIAN_POINT('',(-0.893068678304,-9.810537822433E-20));
#427 = CARTESIAN_POINT('',(-0.8965163328,3.357804239848E-19));
#428 = CARTESIAN_POINT('',(-0.899966207752,-1.245016317749E-18));
#429 = CARTESIAN_POINT('',(-0.903416948443,4.644284846974E-18));
#430 = CARTESIAN_POINT('',(-0.906866807732,-1.733212307019E-17));
#431 = CARTESIAN_POINT('',(-0.91031598265,6.468420743373E-17));
#432 = CARTESIAN_POINT('',(-0.913764981367,-2.414047066648E-16));
#433 = CARTESIAN_POINT('',(-0.917214902229,9.009346192254E-16));
#434 = CARTESIAN_POINT('',(-0.920663933176,9.009226443238E-16));
#435 = CARTESIAN_POINT('',(-0.924113973928,-2.413687819602E-16));
#436 = CARTESIAN_POINT('',(-0.92756187064,6.455248351671E-17));
#437 = CARTESIAN_POINT('',(-0.931012810388,-1.684115210673E-17));
#438 = CARTESIAN_POINT('',(-0.934445351376,2.812124910136E-18));
#439 = CARTESIAN_POINT('',(-0.937916334002,5.592652466113E-18));
#440 = CARTESIAN_POINT('',(-0.941358350911,-2.518477445761E-17));
#441 = CARTESIAN_POINT('',(-0.944810631754,9.480738690691E-17));
#442 = CARTESIAN_POINT('',(-0.94825887349,-3.548641955871E-16));
#443 = CARTESIAN_POINT('',(-0.951708758564,1.323426915972E-15));
#444 = CARTESIAN_POINT('',(-0.955157758097,-6.771974014418E-16));
#445 = CARTESIAN_POINT('',(-0.958606483126,1.383321893835E-15));
#446 = CARTESIAN_POINT('',(-0.962055539898,-5.953394609692E-16));
#447 = CARTESIAN_POINT('',(-0.965506721701,9.951034427322E-16));
#448 = CARTESIAN_POINT('',(-0.968958774822,8.747642095434E-16));
#449 = CARTESIAN_POINT('',(-0.972402426567,-2.347548852861E-16));
#450 = CARTESIAN_POINT('',(-0.975850759647,6.056741670234E-17));
#451 = CARTESIAN_POINT('',(-0.979315044363,-1.139873453747E-17));
#452 = CARTESIAN_POINT('',(-0.982760671894,-1.919639949438E-17));
#453 = CARTESIAN_POINT('',(-0.98612821417,8.362044364535E-17));
#454 = CARTESIAN_POINT('',(-0.989736532585,-3.201892318844E-16));
#455 = CARTESIAN_POINT('',(-0.993076039942,1.191892659167E-15));
#456 = CARTESIAN_POINT('',(-0.996554156585,-1.89708782876E-16));
#457 = CARTESIAN_POINT('',(-0.998854663173,-3.55890453121E-16));
#458 = CARTESIAN_POINT('',(-1.000000000112,0.));
#459 = ( GEOMETRIC_REPRESENTATION_CONTEXT(2) 
PARAMETRIC_REPRESENTATION_CONTEXT() REPRESENTATION_CONTEXT('2D SPACE',''
  ) );
#460 = ORIENTED_EDGE('',*,*,#461,.T.);
#461 = EDGE_CURVE('',#128,#462,#464,.T.);
#462 = VERTEX_POINT('',#463);
#463 = CARTESIAN_POINT('',(53.000021613966,10.594341900521,
    -2.131078813417E-08));
#464 = SURFACE_CURVE('',#465,(#469,#476),.PCURVE_S1.);
#465 = LINE('',#466,#467);
#466 = CARTESIAN_POINT('',(53.000021613966,10.59434190052,
    10.838546794692));
#467 = VECTOR('',#468,1.);
#468 = DIRECTION('',(-7.578661487847E-16,7.621002560062E-14,-1.));
#469 = PCURVE('',#43,#470);
#470 = DEFINITIONAL_REPRESENTATION('',(#471),#475);
#471 = LINE('',#472,#473);
#472 = CARTESIAN_POINT('',(-49.85998425375,-4.7939514198));
#473 = VECTOR('',#474,1.);
#474 = DIRECTION('',(7.621002560062E-14,-1.));
#475 = ( GEOMETRIC_REPRESENTATION_CONTEXT(2) 
PARAMETRIC_REPRESENTATION_CONTEXT() REPRESENTATION_CONTEXT('2D SPACE',''
  ) );
#476 = PCURVE('',#477,#482);
#477 = PLANE('',#478);
#478 = AXIS2_PLACEMENT_3D('',#479,#480,#481);
#479 = CARTESIAN_POINT('',(48.000021613966,10.594341900521,
    -2.131079535062E-08));
#480 = DIRECTION('',(-1.270708604636E-30,-1.,-1.676692654476E-15));
#481 = DIRECTION('',(0.,-1.676692654476E-15,1.));
#482 = DEFINITIONAL_REPRESENTATION('',(#483),#487);
#483 = LINE('',#484,#485);
#484 = CARTESIAN_POINT('',(10.838546816003,-5.));
#485 = VECTOR('',#486,1.);
#486 = DIRECTION('',(-1.,7.578661487847E-16));
#487 = ( GEOMETRIC_REPRESENTATION_CONTEXT(2) 
PARAMETRIC_REPRESENTATION_CONTEXT() REPRESENTATION_CONTEXT('2D SPACE',''
  ) );
#488 = ORIENTED_EDGE('',*,*,#489,.T.);
#489 = EDGE_CURVE('',#462,#490,#492,.T.);
#490 = VERTEX_POINT('',#491);
#491 = CARTESIAN_POINT('',(53.000021613966,194.25752781042,
    -1.627031842588E-12));
#492 = SURFACE_CURVE('',#493,(#497,#504),.PCURVE_S1.);
#493 = LINE('',#494,#495);
#494 = CARTESIAN_POINT('',(53.000021613966,194.25752781042,
    -1.627031842588E-12));
#495 = VECTOR('',#496,1.);
#496 = DIRECTION('',(-1.418142915116E-16,1.,1.160230382424E-10));
#497 = PCURVE('',#43,#498);
#498 = DEFINITIONAL_REPRESENTATION('',(#499),#503);
#499 = LINE('',#500,#501);
#500 = CARTESIAN_POINT('',(133.80320165614,-15.63249821449));
#501 = VECTOR('',#502,1.);
#502 = DIRECTION('',(1.,1.160230382424E-10));
#503 = ( GEOMETRIC_REPRESENTATION_CONTEXT(2) 
PARAMETRIC_REPRESENTATION_CONTEXT() REPRESENTATION_CONTEXT('2D SPACE',''
  ) );
#504 = PCURVE('',#505,#510);
#505 = PLANE('',#506);
#506 = AXIS2_PLACEMENT_3D('',#507,#508,#509);
#507 = CARTESIAN_POINT('',(48.000021613966,10.594341900521,
    -2.131079509085E-08));
#508 = DIRECTION('',(1.443289932013E-15,1.160230382424E-10,-1.));
#509 = DIRECTION('',(-1.418142915116E-16,1.,1.160230382424E-10));
#510 = DEFINITIONAL_REPRESENTATION('',(#511),#515);
#511 = LINE('',#512,#513);
#512 = CARTESIAN_POINT('',(183.66318590989,5.));
#513 = VECTOR('',#514,1.);
#514 = DIRECTION('',(1.,1.316709540717E-33));
#515 = ( GEOMETRIC_REPRESENTATION_CONTEXT(2) 
PARAMETRIC_REPRESENTATION_CONTEXT() REPRESENTATION_CONTEXT('2D SPACE',''
  ) );
#516 = ORIENTED_EDGE('',*,*,#517,.T.);
#517 = EDGE_CURVE('',#490,#518,#520,.T.);
#518 = VERTEX_POINT('',#519);
#519 = CARTESIAN_POINT('',(53.000021614357,194.25752781121,
    7.697199955414));
#520 = SURFACE_CURVE('',#521,(#525,#532),.PCURVE_S1.);
#521 = LINE('',#522,#523);
#522 = CARTESIAN_POINT('',(53.000021613966,194.25752781042,
    -1.627031842588E-12));
#523 = VECTOR('',#524,1.);
#524 = DIRECTION('',(7.578661487841E-16,4.175491728668E-12,1.));
#525 = PCURVE('',#43,#526);
#526 = DEFINITIONAL_REPRESENTATION('',(#527),#531);
#527 = LINE('',#528,#529);
#528 = CARTESIAN_POINT('',(133.80320165614,-15.63249821449));
#529 = VECTOR('',#530,1.);
#530 = DIRECTION('',(4.175491728668E-12,1.));
#531 = ( GEOMETRIC_REPRESENTATION_CONTEXT(2) 
PARAMETRIC_REPRESENTATION_CONTEXT() REPRESENTATION_CONTEXT('2D SPACE',''
  ) );
#532 = PCURVE('',#533,#538);
#533 = PLANE('',#534);
#534 = AXIS2_PLACEMENT_3D('',#535,#536,#537);
#535 = CARTESIAN_POINT('',(48.000021613966,194.25752781042,
    7.697199955412));
#536 = DIRECTION('',(0.,1.,0.));
#537 = DIRECTION('',(0.,0.,-1.));
#538 = DEFINITIONAL_REPRESENTATION('',(#539),#543);
#539 = LINE('',#540,#541);
#540 = CARTESIAN_POINT('',(7.697199955414,-5.));
#541 = VECTOR('',#542,1.);
#542 = DIRECTION('',(-1.,-7.578661487841E-16));
#543 = ( GEOMETRIC_REPRESENTATION_CONTEXT(2) 
PARAMETRIC_REPRESENTATION_CONTEXT() REPRESENTATION_CONTEXT('2D SPACE',''
  ) );
#544 = ORIENTED_EDGE('',*,*,#545,.T.);
#545 = EDGE_CURVE('',#518,#546,#548,.T.);
#546 = VERTEX_POINT('',#547);
#547 = CARTESIAN_POINT('',(53.000021613966,122.70053261988,
    20.976277477926));
#548 = SURFACE_CURVE('',#549,(#580,#614),.PCURVE_S1.);
#549 = B_SPLINE_CURVE_WITH_KNOTS('',3,(#550,#551,#552,#553,#554,#555,
    #556,#557,#558,#559,#560,#561,#562,#563,#564,#565,#566,#567,#568,
    #569,#570,#571,#572,#573,#574,#575,#576,#577,#578,#579),
  .UNSPECIFIED.,.F.,.F.,(4,2,2,2,2,2,2,2,2,2,2,2,2,2,4),(0.,
    6.648528014399E-02,7.909669625515E-02,9.478940306267E-02,
    0.118511799199,0.139158905291,0.174666177978,0.188033623072,
    0.211021906076,0.244809137743,0.261496408443,0.277780948738,
    0.3271012045,0.343581456277,0.388380050794),.UNSPECIFIED.);
#550 = CARTESIAN_POINT('',(53.000021613965,194.25752781042,
    7.697199955412));
#551 = CARTESIAN_POINT('',(53.000021613965,190.38212903,8.615912277803)
  );
#552 = CARTESIAN_POINT('',(53.000021613966,186.11818993506,
    9.595560626892));
#553 = CARTESIAN_POINT('',(53.000021613966,181.33746997158,
    10.654619270236));
#554 = CARTESIAN_POINT('',(53.000021613965,180.57090879122,
    10.823290665515));
#555 = CARTESIAN_POINT('',(53.000021613965,178.83842030059,
    11.201824863818));
#556 = CARTESIAN_POINT('',(53.000021613966,177.87017382628,
    11.411543098283));
#557 = CARTESIAN_POINT('',(53.000021613966,175.41968202845,
    11.937451844217));
#558 = CARTESIAN_POINT('',(53.000021613966,173.95430437565,
    12.247983870902));
#559 = CARTESIAN_POINT('',(53.000021613966,171.25532201886,
    12.812506025125));
#560 = CARTESIAN_POINT('',(53.000021613966,170.036802088,13.06445053961)
  );
#561 = CARTESIAN_POINT('',(53.000021613966,166.63494670643,
    13.759291191668));
#562 = CARTESIAN_POINT('',(53.000021613966,164.37977433186,
    14.210091832403));
#563 = CARTESIAN_POINT('',(53.000021613966,161.34121488445,
    14.802254954704));
#564 = CARTESIAN_POINT('',(53.000021613966,160.5166053353,
    14.961412090213));
#565 = CARTESIAN_POINT('',(53.000021613966,158.31051483153,
    15.383134852643));
#566 = CARTESIAN_POINT('',(53.000021613966,156.98851752318,
    15.631712431347));
#567 = CARTESIAN_POINT('',(53.000021613966,153.51762843304,
    16.272665522279));
#568 = CARTESIAN_POINT('',(53.000021613966,151.34783296193,
    16.662432473644));
#569 = CARTESIAN_POINT('',(53.000021613966,148.19457594896,
    17.210998596571));
#570 = CARTESIAN_POINT('',(53.000021613966,147.16595579661,
    17.387058575413));
#571 = CARTESIAN_POINT('',(53.000021613966,145.19413135084,
    17.719305464182));
#572 = CARTESIAN_POINT('',(53.000021613966,144.24596918224,
    17.876624584752));
#573 = CARTESIAN_POINT('',(53.000021613966,140.22301621542,
    18.532845443994));
#574 = CARTESIAN_POINT('',(53.000021613966,136.9775468609,
    19.033614621901));
#575 = CARTESIAN_POINT('',(53.000021613966,133.01066631632,
    19.609405788821));
#576 = CARTESIAN_POINT('',(53.000021613966,132.05116660344,
    19.745869990134));
#577 = CARTESIAN_POINT('',(53.000021613966,128.30015016902,
    20.267888241971));
#578 = CARTESIAN_POINT('',(53.000021613966,125.38729359978,
    20.647651012066));
#579 = CARTESIAN_POINT('',(53.000021613966,122.70053261988,
    20.976277477926));
#580 = PCURVE('',#43,#581);
#581 = DEFINITIONAL_REPRESENTATION('',(#582),#613);
#582 = B_SPLINE_CURVE_WITH_KNOTS('',3,(#583,#584,#585,#586,#587,#588,
    #589,#590,#591,#592,#593,#594,#595,#596,#597,#598,#599,#600,#601,
    #602,#603,#604,#605,#606,#607,#608,#609,#610,#611,#612),
  .UNSPECIFIED.,.F.,.F.,(4,2,2,2,2,2,2,2,2,2,2,2,2,2,4),(0.,
    6.648528014399E-02,7.909669625515E-02,9.478940306267E-02,
    0.118511799199,0.139158905291,0.174666177978,0.188033623072,
    0.211021906076,0.244809137743,0.261496408443,0.277780948738,
    0.3271012045,0.343581456277,0.388380050794),.UNSPECIFIED.);
#583 = CARTESIAN_POINT('',(133.80320165614,-7.93529825908));
#584 = CARTESIAN_POINT('',(129.92780287572,-7.016585936689));
#585 = CARTESIAN_POINT('',(125.66386378078,-6.0369375876));
#586 = CARTESIAN_POINT('',(120.8831438173,-4.977878944256));
#587 = CARTESIAN_POINT('',(120.11658263694,-4.809207548977));
#588 = CARTESIAN_POINT('',(118.38409414631,-4.430673350674));
#589 = CARTESIAN_POINT('',(117.415847672,-4.220955116209));
#590 = CARTESIAN_POINT('',(114.96535587417,-3.695046370275));
#591 = CARTESIAN_POINT('',(113.49997822137,-3.38451434359));
#592 = CARTESIAN_POINT('',(110.80099586458,-2.819992189367));
#593 = CARTESIAN_POINT('',(109.58247593372,-2.568047674882));
#594 = CARTESIAN_POINT('',(106.18062055215,-1.873207022824));
#595 = CARTESIAN_POINT('',(103.92544817758,-1.422406382089));
#596 = CARTESIAN_POINT('',(100.88688873017,-0.830243259788));
#597 = CARTESIAN_POINT('',(100.06227918102,-0.671086124279));
#598 = CARTESIAN_POINT('',(97.856188677256,-0.249363361849));
#599 = CARTESIAN_POINT('',(96.534191368906,-7.85783145E-04));
#600 = CARTESIAN_POINT('',(93.063302278766,0.640167307787));
#601 = CARTESIAN_POINT('',(90.893506807656,1.029934259152));
#602 = CARTESIAN_POINT('',(87.740249794686,1.578500382079));
#603 = CARTESIAN_POINT('',(86.711629642336,1.754560360921));
#604 = CARTESIAN_POINT('',(84.739805196566,2.08680724969));
#605 = CARTESIAN_POINT('',(83.791643027966,2.24412637026));
#606 = CARTESIAN_POINT('',(79.768690061146,2.900347229502));
#607 = CARTESIAN_POINT('',(76.523220706626,3.401116407409));
#608 = CARTESIAN_POINT('',(72.556340162046,3.976907574329));
#609 = CARTESIAN_POINT('',(71.596840449166,4.113371775642));
#610 = CARTESIAN_POINT('',(67.845824014746,4.635390027479));
#611 = CARTESIAN_POINT('',(64.932967445506,5.015152797574));
#612 = CARTESIAN_POINT('',(62.246206465606,5.343779263434));
#613 = ( GEOMETRIC_REPRESENTATION_CONTEXT(2) 
PARAMETRIC_REPRESENTATION_CONTEXT() REPRESENTATION_CONTEXT('2D SPACE',''
  ) );
#614 = PCURVE('',#615,#662);
#615 = B_SPLINE_SURFACE_WITH_KNOTS('',3,1,(
    (#616,#617)
    ,(#618,#619)
    ,(#620,#621)
    ,(#622,#623)
    ,(#624,#625)
    ,(#626,#627)
    ,(#628,#629)
    ,(#630,#631)
    ,(#632,#633)
    ,(#634,#635)
    ,(#636,#637)
    ,(#638,#639)
    ,(#640,#641)
    ,(#642,#643)
    ,(#644,#645)
    ,(#646,#647)
    ,(#648,#649)
    ,(#650,#651)
    ,(#652,#653)
    ,(#654,#655)
    ,(#656,#657)
    ,(#658,#659)
    ,(#660,#661
    )),.UNSPECIFIED.,.F.,.F.,.F.,(4,1,1,1,1,1,1,1,1,1,1,1,1,1,1,1,1,1,1,
    1,4),(2,2),(-0.388380050794,-0.364106297624,-0.339832544454,
    -0.327695667869,-0.315558791284,-0.291285038114,-0.279148161529,
    -0.267011284944,-0.254874408359,-0.242737531774,-0.218463778604,
    -0.206326902019,-0.194190025434,-0.169916272264,-0.145642519094,
    -0.121368765924,-9.709501275443E-02,-7.282125958449E-02,
    -6.068438299952E-02,-4.854750641455E-02,-7.467844117356E-11),(0.,1.)
  ,.UNSPECIFIED.);
#616 = CARTESIAN_POINT('',(53.000021614161,122.70053261988,
    20.976277477926));
#617 = CARTESIAN_POINT('',(43.000021613966,122.70053261988,
    20.976277477926));
#618 = CARTESIAN_POINT('',(53.000021614161,124.15633215011,
    20.798213906883));
#619 = CARTESIAN_POINT('',(43.000021613966,124.15633215011,
    20.798213906883));
#620 = CARTESIAN_POINT('',(53.000021614161,127.19807663336,
    20.412658000516));
#621 = CARTESIAN_POINT('',(43.000021613966,127.19807663336,
    20.412658000516));
#622 = CARTESIAN_POINT('',(53.000021614161,131.02967013098,
    19.891849252129));
#623 = CARTESIAN_POINT('',(43.000021613966,131.02967013098,
    19.891849252129));
#624 = CARTESIAN_POINT('',(53.000021614161,133.8793978663,
    19.484915023862));
#625 = CARTESIAN_POINT('',(43.000021613966,133.8793978663,
    19.484915023862));
#626 = CARTESIAN_POINT('',(53.000021614161,136.86848045824,
    19.044823434338));
#627 = CARTESIAN_POINT('',(43.000021613966,136.86848045824,
    19.044823434338));
#628 = CARTESIAN_POINT('',(53.000021614161,139.96481548068,
    18.568180465321));
#629 = CARTESIAN_POINT('',(43.000021613966,139.96481548068,
    18.568180465321));
#630 = CARTESIAN_POINT('',(53.000021614161,143.01503786316,
    18.079004378191));
#631 = CARTESIAN_POINT('',(43.000021613966,143.01503786316,
    18.079004378191));
#632 = CARTESIAN_POINT('',(53.000021614161,145.18468973739,
    17.721429705441));
#633 = CARTESIAN_POINT('',(43.000021613966,145.18468973739,
    17.721429705441));
#634 = CARTESIAN_POINT('',(53.000021614161,147.35299559608,
    17.355724623351));
#635 = CARTESIAN_POINT('',(43.000021613966,147.35299559608,
    17.355724623351));
#636 = CARTESIAN_POINT('',(53.000021614161,150.37604177393,
    16.833958995119));
#637 = CARTESIAN_POINT('',(43.000021613966,150.37604177393,
    16.833958995119));
#638 = CARTESIAN_POINT('',(53.000021614161,153.46712085367,
    16.281554783022));
#639 = CARTESIAN_POINT('',(43.000021613966,153.46712085367,
    16.281554783022));
#640 = CARTESIAN_POINT('',(53.000021614161,156.4531929157,
    15.731255352188));
#641 = CARTESIAN_POINT('',(43.000021613966,156.4531929157,
    15.731255352188));
#642 = CARTESIAN_POINT('',(53.000021614161,159.29475708846,
    15.197679234923));
#643 = CARTESIAN_POINT('',(43.000021613966,159.29475708846,
    15.197679234923));
#644 = CARTESIAN_POINT('',(53.000021614161,163.04265183245,
    14.475318512741));
#645 = CARTESIAN_POINT('',(43.000021613966,163.04265183245,
    14.475318512741));
#646 = CARTESIAN_POINT('',(53.000021614161,167.64649495757,
    13.556282836417));
#647 = CARTESIAN_POINT('',(43.000021613966,167.64649495757,
    13.556282836417));
#648 = CARTESIAN_POINT('',(53.000021614161,171.96033140737,
    12.66892387977));
#649 = CARTESIAN_POINT('',(43.000021613966,171.96033140737,
    12.66892387977));
#650 = CARTESIAN_POINT('',(53.000021614161,176.46345534042,
    11.717691058379));
#651 = CARTESIAN_POINT('',(43.000021613966,176.46345534042,
    11.717691058379));
#652 = CARTESIAN_POINT('',(53.000021614161,180.22272138773,
    10.90177098498));
#653 = CARTESIAN_POINT('',(43.000021613966,180.22272138773,
    10.90177098498));
#654 = CARTESIAN_POINT('',(53.000021614161,183.14877915276,
    10.253709895256));
#655 = CARTESIAN_POINT('',(43.000021613966,183.14877915276,
    10.253709895256));
#656 = CARTESIAN_POINT('',(53.000021614161,187.63353402131,
    9.246758389759));
#657 = CARTESIAN_POINT('',(43.000021613966,187.63353402131,
    9.246758389759));
#658 = CARTESIAN_POINT('',(53.000021614161,191.42771424319,
    8.368043071537));
#659 = CARTESIAN_POINT('',(43.000021613966,191.42771424319,
    8.368043071537));
#660 = CARTESIAN_POINT('',(53.000021614161,194.25752779736,
    7.697199958508));
#661 = CARTESIAN_POINT('',(43.000021613966,194.25752779736,
    7.697199958508));
#662 = DEFINITIONAL_REPRESENTATION('',(#663),#733);
#663 = B_SPLINE_CURVE_WITH_KNOTS('',3,(#664,#665,#666,#667,#668,#669,
    #670,#671,#672,#673,#674,#675,#676,#677,#678,#679,#680,#681,#682,
    #683,#684,#685,#686,#687,#688,#689,#690,#691,#692,#693,#694,#695,
    #696,#697,#698,#699,#700,#701,#702,#703,#704,#705,#706,#707,#708,
    #709,#710,#711,#712,#713,#714,#715,#716,#717,#718,#719,#720,#721,
    #722,#723,#724,#725,#726,#727,#728,#729,#730,#731,#732),
  .UNSPECIFIED.,.F.,.F.,(4,1,1,1,1,1,1,1,1,1,1,1,1,1,1,1,1,1,1,1,1,1,1,1
    ,1,1,1,1,1,1,1,1,1,1,1,1,1,1,1,1,1,1,1,1,1,1,1,1,1,1,1,1,1,1,1,1,1,1
    ,1,1,1,1,1,1,1,1,4),(0.,5.884546224152E-03,1.17690924483E-02,
    1.765363867245E-02,2.353818489661E-02,2.942273112076E-02,
    3.530727734491E-02,4.119182356906E-02,4.707636979321E-02,
    5.296091601736E-02,5.884546224152E-02,6.473000846567E-02,
    7.061455468982E-02,7.649910091397E-02,8.238364713812E-02,
    8.826819336227E-02,9.415273958642E-02,0.100037285811,0.105921832035,
    0.111806378259,0.117690924483,0.123575470707,0.129460016931,
    0.135344563155,0.14122910938,0.147113655604,0.152998201828,
    0.158882748052,0.164767294276,0.1706518405,0.176536386725,
    0.182420932949,0.188305479173,0.194190025397,0.200074571621,
    0.205959117845,0.211843664069,0.217728210294,0.223612756518,
    0.229497302742,0.235381848966,0.24126639519,0.247150941414,
    0.253035487639,0.258920033863,0.264804580087,0.270689126311,
    0.276573672535,0.282458218759,0.288342764983,0.294227311208,
    0.300111857432,0.305996403656,0.31188094988,0.317765496104,
    0.323650042328,0.329534588552,0.335419134777,0.341303681001,
    0.347188227225,0.353072773449,0.358957319673,0.364841865897,
    0.370726412122,0.376610958346,0.38249550457,0.388380050794),
  .UNSPECIFIED.);
#664 = CARTESIAN_POINT('',(-7.467844117356E-11,0.));
#665 = CARTESIAN_POINT('',(-1.961517414591E-03,1.197821101542E-11));
#666 = CARTESIAN_POINT('',(-5.884818217153E-03,2.313645981112E-11));
#667 = CARTESIAN_POINT('',(-1.177026923068E-02,1.864421256208E-11));
#668 = CARTESIAN_POINT('',(-1.765591404562E-02,1.983745905697E-11));
#669 = CARTESIAN_POINT('',(-2.354147272782E-02,1.950556124946E-11));
#670 = CARTESIAN_POINT('',(-2.942667019358E-02,1.957595713838E-11));
#671 = CARTESIAN_POINT('',(-3.53112413924E-02,1.954100626193E-11));
#672 = CARTESIAN_POINT('',(-4.119489055567E-02,1.953367526334E-11));
#673 = CARTESIAN_POINT('',(-4.707740998286E-02,1.952121151871E-11));
#674 = CARTESIAN_POINT('',(-5.29582068026E-02,1.951018539319E-11));
#675 = CARTESIAN_POINT('',(-5.884102172705E-02,1.950280479368E-11));
#676 = CARTESIAN_POINT('',(-6.473875732194E-02,1.949645749669E-11));
#677 = CARTESIAN_POINT('',(-7.06129401404E-02,1.95121742585E-11));
#678 = CARTESIAN_POINT('',(-7.649730449092E-02,1.960486848275E-11));
#679 = CARTESIAN_POINT('',(-8.236729749707E-02,1.95978046448E-11));
#680 = CARTESIAN_POINT('',(-8.824278299106E-02,1.953336577235E-11));
#681 = CARTESIAN_POINT('',(-9.413916888187E-02,1.949123063829E-11));
#682 = CARTESIAN_POINT('',(-0.100048304363,1.950252071343E-11));
#683 = CARTESIAN_POINT('',(-0.10593388459,1.949949554691E-11));
#684 = CARTESIAN_POINT('',(-0.111813313875,1.950030613784E-11));
#685 = CARTESIAN_POINT('',(-0.117696224409,1.950008894065E-11));
#686 = CARTESIAN_POINT('',(-0.123571691695,1.950014713848E-11));
#687 = CARTESIAN_POINT('',(-0.129432959007,1.950013154436E-11));
#688 = CARTESIAN_POINT('',(-0.135303423729,1.950013572299E-11));
#689 = CARTESIAN_POINT('',(-0.141202189329,1.950013460259E-11));
#690 = CARTESIAN_POINT('',(-0.147124572935,1.950013490556E-11));
#691 = CARTESIAN_POINT('',(-0.153017158258,1.950013481407E-11));
#692 = CARTESIAN_POINT('',(-0.158897960166,1.950013487707E-11));
#693 = CARTESIAN_POINT('',(-0.164772611953,1.950013471656E-11));
#694 = CARTESIAN_POINT('',(-0.170649900767,1.950013529562E-11));
#695 = CARTESIAN_POINT('',(-0.176536592028,1.950013313987E-11));
#696 = CARTESIAN_POINT('',(-0.18242501339,1.950014118381E-11));
#697 = CARTESIAN_POINT('',(-0.188325775265,1.950011116382E-11));
#698 = CARTESIAN_POINT('',(-0.194185454047,1.950022319983E-11));
#699 = CARTESIAN_POINT('',(-0.200072560929,1.949980507579E-11));
#700 = CARTESIAN_POINT('',(-0.205962197979,1.950136553594E-11));
#701 = CARTESIAN_POINT('',(-0.211836108825,1.949980507579E-11));
#702 = CARTESIAN_POINT('',(-0.217729040768,1.950022319982E-11));
#703 = CARTESIAN_POINT('',(-0.223614944232,1.950011116383E-11));
#704 = CARTESIAN_POINT('',(-0.229502204093,1.950014118377E-11));
#705 = CARTESIAN_POINT('',(-0.235386924361,1.950013314002E-11));
#706 = CARTESIAN_POINT('',(-0.241268744673,1.950013529508E-11));
#707 = CARTESIAN_POINT('',(-0.247145190589,1.950013471857E-11));
#708 = CARTESIAN_POINT('',(-0.25302491326,1.950013486955E-11));
#709 = CARTESIAN_POINT('',(-0.25894145552,1.950013484216E-11));
#710 = CARTESIAN_POINT('',(-0.26482076036,1.950013480072E-11));
#711 = CARTESIAN_POINT('',(-0.270665942061,1.950013499389E-11));
#712 = CARTESIAN_POINT('',(-0.276548970382,1.950013426265E-11));
#713 = CARTESIAN_POINT('',(-0.282479915881,1.950013699445E-11));
#714 = CARTESIAN_POINT('',(-0.28834823193,1.950012679849E-11));
#715 = CARTESIAN_POINT('',(-0.29422136145,1.950016485051E-11));
#716 = CARTESIAN_POINT('',(-0.300103784611,1.950002283839E-11));
#717 = CARTESIAN_POINT('',(-0.305990908713,1.950055283485E-11));
#718 = CARTESIAN_POINT('',(-0.311879798326,1.949857486112E-11));
#719 = CARTESIAN_POINT('',(-0.317766303814,1.950169350315E-11));
#720 = CARTESIAN_POINT('',(-0.323649659507,1.949972342159E-11));
#721 = CARTESIAN_POINT('',(-0.329534114568,1.95002218494E-11));
#722 = CARTESIAN_POINT('',(-0.335424031407,1.950019821971E-11));
#723 = CARTESIAN_POINT('',(-0.341297218422,1.949979431067E-11));
#724 = CARTESIAN_POINT('',(-0.347199960826,1.950143357651E-11));
#725 = CARTESIAN_POINT('',(-0.353084871406,1.949528042221E-11));
#726 = CARTESIAN_POINT('',(-0.358963081003,1.951825377358E-11));
#727 = CARTESIAN_POINT('',(-0.364840404521,1.94325135224E-11));
#728 = CARTESIAN_POINT('',(-0.370722897262,1.975250117575E-11));
#729 = CARTESIAN_POINT('',(-0.376608171367,1.855829081352E-11));
#730 = CARTESIAN_POINT('',(-0.382494652278,2.301940786551E-11));
#731 = CARTESIAN_POINT('',(-0.386418525015,1.191639379741E-11));
#732 = CARTESIAN_POINT('',(-0.388380050794,0.));
#733 = ( GEOMETRIC_REPRESENTATION_CONTEXT(2) 
PARAMETRIC_REPRESENTATION_CONTEXT() REPRESENTATION_CONTEXT('2D SPACE',''
  ) );
#734 = ORIENTED_EDGE('',*,*,#735,.T.);
#735 = EDGE_CURVE('',#546,#736,#738,.T.);
#736 = VERTEX_POINT('',#737);
#737 = CARTESIAN_POINT('',(53.000021613966,117.70004396053,
    21.562572539369));
#738 = SURFACE_CURVE('',#739,(#743,#750),.PCURVE_S1.);
#739 = LINE('',#740,#741);
#740 = CARTESIAN_POINT('',(53.000021613966,89.808256500293,
    24.832816380879));
#741 = VECTOR('',#742,1.);
#742 = DIRECTION('',(2.152597298305E-15,-0.993196570793,0.116449868036)
  );
#743 = PCURVE('',#43,#744);
#744 = DEFINITIONAL_REPRESENTATION('',(#745),#749);
#745 = LINE('',#746,#747);
#746 = CARTESIAN_POINT('',(29.353930346019,9.200318166387));
#747 = VECTOR('',#748,1.);
#748 = DIRECTION('',(-0.993196570793,0.116449868036));
#749 = ( GEOMETRIC_REPRESENTATION_CONTEXT(2) 
PARAMETRIC_REPRESENTATION_CONTEXT() REPRESENTATION_CONTEXT('2D SPACE',''
  ) );
#750 = PCURVE('',#751,#756);
#751 = PLANE('',#752);
#752 = AXIS2_PLACEMENT_3D('',#753,#754,#755);
#753 = CARTESIAN_POINT('',(48.000021613966,117.70004396053,
    21.562572539369));
#754 = DIRECTION('',(7.527100600286E-16,0.116449868036,0.993196570793));
#755 = DIRECTION('',(-3.451266460342E-31,0.993196570793,-0.116449868036)
  );
#756 = DEFINITIONAL_REPRESENTATION('',(#757),#761);
#757 = LINE('',#758,#759);
#758 = CARTESIAN_POINT('',(-28.08284712257,-5.));
#759 = VECTOR('',#760,1.);
#760 = DIRECTION('',(-1.,-2.152597298305E-15));
#761 = ( GEOMETRIC_REPRESENTATION_CONTEXT(2) 
PARAMETRIC_REPRESENTATION_CONTEXT() REPRESENTATION_CONTEXT('2D SPACE',''
  ) );
#762 = ORIENTED_EDGE('',*,*,#763,.T.);
#763 = EDGE_CURVE('',#736,#100,#764,.T.);
#764 = SURFACE_CURVE('',#765,(#780,#798),.PCURVE_S1.);
#765 = B_SPLINE_CURVE_WITH_KNOTS('',3,(#766,#767,#768,#769,#770,#771,
    #772,#773,#774,#775,#776,#777,#778,#779),.UNSPECIFIED.,.F.,.F.,(4,2,
    2,2,2,2,4),(0.414491212076,0.463408499707,0.479205990006,
    0.525082636324,0.550318167277,0.574944664206,0.59332926045),
  .UNSPECIFIED.);
#766 = CARTESIAN_POINT('',(53.000021613966,117.70004396053,
    21.562572539369));
#767 = CARTESIAN_POINT('',(53.000021613966,114.57438652635,
    21.913097325089));
#768 = CARTESIAN_POINT('',(53.000021613966,111.50191235812,
    22.227402640772));
#769 = CARTESIAN_POINT('',(53.000021613966,107.69225030748,22.5773386528
    ));
#770 = CARTESIAN_POINT('',(53.000021613966,106.75854224371,
    22.660056771844));
#771 = CARTESIAN_POINT('',(53.000021613966,102.92917973626,
    22.984756213237));
#772 = CARTESIAN_POINT('',(53.000021613966,99.863791957716,
    23.210007111038));
#773 = CARTESIAN_POINT('',(53.000021613966,95.520888706724,
    23.477565989602));
#774 = CARTESIAN_POINT('',(53.000021613966,94.051037766723,
    23.559063861327));
#775 = CARTESIAN_POINT('',(53.000021613966,90.924023855941,
    23.711993237066));
#776 = CARTESIAN_POINT('',(53.000021613966,89.335621051742,
    23.77949188038));
#777 = CARTESIAN_POINT('',(53.000021613966,86.592235775969,
    23.878593299129));
#778 = CARTESIAN_POINT('',(53.000021613966,85.429143551566,
    23.915053924549));
#779 = CARTESIAN_POINT('',(53.000021613966,84.298053084547,
    23.945832119128));
#780 = PCURVE('',#43,#781);
#781 = DEFINITIONAL_REPRESENTATION('',(#782),#797);
#782 = B_SPLINE_CURVE_WITH_KNOTS('',3,(#783,#784,#785,#786,#787,#788,
    #789,#790,#791,#792,#793,#794,#795,#796),.UNSPECIFIED.,.F.,.F.,(4,2,
    2,2,2,2,4),(0.414491212076,0.463408499707,0.479205990006,
    0.525082636324,0.550318167277,0.574944664206,0.59332926045),
  .UNSPECIFIED.);
#783 = CARTESIAN_POINT('',(57.245717806256,5.930074324877));
#784 = CARTESIAN_POINT('',(54.120060372076,6.280599110597));
#785 = CARTESIAN_POINT('',(51.047586203846,6.59490442628));
#786 = CARTESIAN_POINT('',(47.237924153206,6.944840438308));
#787 = CARTESIAN_POINT('',(46.304216089436,7.027558557352));
#788 = CARTESIAN_POINT('',(42.474853581986,7.352257998745));
#789 = CARTESIAN_POINT('',(39.409465803442,7.577508896546));
#790 = CARTESIAN_POINT('',(35.06656255245,7.84506777511));
#791 = CARTESIAN_POINT('',(33.596711612449,7.926565646835));
#792 = CARTESIAN_POINT('',(30.469697701667,8.079495022574));
#793 = CARTESIAN_POINT('',(28.881294897468,8.146993665888));
#794 = CARTESIAN_POINT('',(26.137909621695,8.246095084637));
#795 = CARTESIAN_POINT('',(24.974817397292,8.282555710057));
#796 = CARTESIAN_POINT('',(23.843726930273,8.313333904636));
#797 = ( GEOMETRIC_REPRESENTATION_CONTEXT(2) 
PARAMETRIC_REPRESENTATION_CONTEXT() REPRESENTATION_CONTEXT('2D SPACE',''
  ) );
#798 = PCURVE('',#799,#824);
#799 = B_SPLINE_SURFACE_WITH_KNOTS('',3,1,(
    (#800,#801)
    ,(#802,#803)
    ,(#804,#805)
    ,(#806,#807)
    ,(#808,#809)
    ,(#810,#811)
    ,(#812,#813)
    ,(#814,#815)
    ,(#816,#817)
    ,(#818,#819)
    ,(#820,#821)
    ,(#822,#823
  )),.UNSPECIFIED.,.F.,.F.,.F.,(4,1,1,1,1,1,1,1,1,4),(2,2),(
    -0.59332926045,-0.570974504403,-0.548619748357,-0.52626499231,
    -0.503910236264,-0.481555480218,-0.470378102194,-0.459200724171,
    -0.436845968125,-0.414491212078),(0.,1.),.UNSPECIFIED.);
#800 = CARTESIAN_POINT('',(53.000021613966,84.298053084547,
    23.945832119128));
#801 = CARTESIAN_POINT('',(43.000021613966,84.298053084548,
    23.945832119128));
#802 = CARTESIAN_POINT('',(53.000021613966,85.67340292208,
    23.908407362976));
#803 = CARTESIAN_POINT('',(43.000021613966,85.673402922081,
    23.908407362976));
#804 = CARTESIAN_POINT('',(53.000021613966,88.511579651579,
    23.817141964495));
#805 = CARTESIAN_POINT('',(43.000021613966,88.51157965158,
    23.817141964495));
#806 = CARTESIAN_POINT('',(53.000021613966,92.853388807822,
    23.625172556522));
#807 = CARTESIAN_POINT('',(43.000021613966,92.853388807823,
    23.625172556522));
#808 = CARTESIAN_POINT('',(53.000021613966,96.793852987875,
    23.406827120464));
#809 = CARTESIAN_POINT('',(43.000021613966,96.793852987876,
    23.406827120464));
#810 = CARTESIAN_POINT('',(53.000021613966,101.0464734165,
    23.122773400285));
#811 = CARTESIAN_POINT('',(43.000021613966,101.0464734165,
    23.122773400285));
#812 = CARTESIAN_POINT('',(53.000021613966,104.66969533792,
    22.840062111425));
#813 = CARTESIAN_POINT('',(43.000021613966,104.66969533792,
    22.840062111425));
#814 = CARTESIAN_POINT('',(53.000021613966,107.40042001929,
    22.603940332666));
#815 = CARTESIAN_POINT('',(43.000021613966,107.40042001929,
    22.603940332666));
#816 = CARTESIAN_POINT('',(53.000021613966,110.01134667562,
    22.365649072626));
#817 = CARTESIAN_POINT('',(43.000021613966,110.01134667562,
    22.365649072626));
#818 = CARTESIAN_POINT('',(53.000021613966,113.43875590806,
    22.027864036656));
#819 = CARTESIAN_POINT('',(43.000021613966,113.43875590807,
    22.027864036656));
#820 = CARTESIAN_POINT('',(53.000021613966,116.27164690884,
    21.722759182023));
#821 = CARTESIAN_POINT('',(43.000021613966,116.27164690884,
    21.722759182023));
#822 = CARTESIAN_POINT('',(53.000021613966,117.70004396053,
    21.562572539369));
#823 = CARTESIAN_POINT('',(43.000021613966,117.70004396054,
    21.562572539369));
#824 = DEFINITIONAL_REPRESENTATION('',(#825),#873);
#825 = B_SPLINE_CURVE_WITH_KNOTS('',3,(#826,#827,#828,#829,#830,#831,
    #832,#833,#834,#835,#836,#837,#838,#839,#840,#841,#842,#843,#844,
    #845,#846,#847,#848,#849,#850,#851,#852,#853,#854,#855,#856,#857,
    #858,#859,#860,#861,#862,#863,#864,#865,#866,#867,#868,#869,#870,
    #871,#872),.UNSPECIFIED.,.F.,.F.,(4,1,1,1,1,1,1,1,1,1,1,1,1,1,1,1,1,
    1,1,1,1,1,1,1,1,1,1,1,1,1,1,1,1,1,1,1,1,1,1,1,1,1,1,1,4),(
    0.414491212076,0.418555713175,0.422620214275,0.426684715374,
    0.430749216474,0.434813717573,0.438878218672,0.442942719772,
    0.447007220871,0.451071721971,0.45513622307,0.459200724169,
    0.463265225269,0.467329726368,0.471394227468,0.475458728567,
    0.479523229667,0.483587730766,0.487652231865,0.491716732965,
    0.495781234064,0.499845735164,0.503910236263,0.507974737362,
    0.512039238462,0.516103739561,0.520168240661,0.52423274176,
    0.528297242859,0.532361743959,0.536426245058,0.540490746158,
    0.544555247257,0.548619748356,0.552684249456,0.556748750555,
    0.560813251655,0.564877752754,0.568942253854,0.573006754953,
    0.577071256052,0.581135757152,0.585200258251,0.589264759351,
    0.59332926045),.UNSPECIFIED.);
#826 = CARTESIAN_POINT('',(-0.414491212078,0.));
#827 = CARTESIAN_POINT('',(-0.415846045243,2.350058215049E-17));
#828 = CARTESIAN_POINT('',(-0.418556004094,7.192800464001E-17));
#829 = CARTESIAN_POINT('',(-0.422621342893,1.359041123365E-16));
#830 = CARTESIAN_POINT('',(-0.426686613463,2.299689500554E-16));
#831 = CARTESIAN_POINT('',(-0.430751318013,2.119348255342E-16));
#832 = CARTESIAN_POINT('',(-0.434815015976,6.117415901635E-16));
#833 = CARTESIAN_POINT('',(-0.438877000483,-5.481084761416E-16));
#834 = CARTESIAN_POINT('',(-0.442937733512,-1.499078197722E-16));
#835 = CARTESIAN_POINT('',(-0.446998822314,-1.595305128522E-16));
#836 = CARTESIAN_POINT('',(-0.451061867952,-9.477389313114E-17));
#837 = CARTESIAN_POINT('',(-0.455127879989,8.149909594803E-17));
#838 = CARTESIAN_POINT('',(-0.459200631048,-2.621880591472E-16));
#839 = CARTESIAN_POINT('',(-0.463273940837,1.36249779026E-15));
#840 = CARTESIAN_POINT('',(-0.467332343324,-1.031334435018E-16));
#841 = CARTESIAN_POINT('',(-0.471394384103,2.976260220726E-16));
#842 = CARTESIAN_POINT('',(-0.475440267945,5.863961880323E-16));
#843 = CARTESIAN_POINT('',(-0.479513212784,-5.432671468855E-16));
#844 = CARTESIAN_POINT('',(-0.48359606301,-1.504635932389E-16));
#845 = CARTESIAN_POINT('',(-0.487663650009,-1.658378219384E-16));
#846 = CARTESIAN_POINT('',(-0.491726699657,-7.096930809256E-17));
#847 = CARTESIAN_POINT('',(-0.495786395565,-8.898076548313E-18));
#848 = CARTESIAN_POINT('',(-0.49984628387,7.410463173018E-17));
#849 = CARTESIAN_POINT('',(-0.503909211688,1.061571517136E-16));
#850 = CARTESIAN_POINT('',(-0.507978286956,3.210764890198E-16));
#851 = CARTESIAN_POINT('',(-0.512049933494,-1.442932164258E-16));
#852 = CARTESIAN_POINT('',(-0.516120486402,1.929384872523E-15));
#853 = CARTESIAN_POINT('',(-0.520186290237,-1.208175503042E-15));
#854 = CARTESIAN_POINT('',(-0.524243005715,1.172096516139E-15));
#855 = CARTESIAN_POINT('',(-0.52828786294,-5.170508225873E-16));
#856 = CARTESIAN_POINT('',(-0.532338848158,2.629830017564E-17));
#857 = CARTESIAN_POINT('',(-0.536395073788,-2.956698888057E-17));
#858 = CARTESIAN_POINT('',(-0.540459247568,7.668534895551E-17));
#859 = CARTESIAN_POINT('',(-0.544533271264,1.317421900143E-16));
#860 = CARTESIAN_POINT('',(-0.548617035625,2.283208199707E-16));
#861 = CARTESIAN_POINT('',(-0.552717076374,2.100129775229E-16));
#862 = CARTESIAN_POINT('',(-0.556789433979,6.109517396568E-16));
#863 = CARTESIAN_POINT('',(-0.560848302958,-5.485524895737E-16));
#864 = CARTESIAN_POINT('',(-0.564898710364,-1.473681886359E-16));
#865 = CARTESIAN_POINT('',(-0.568947325811,-1.644136350428E-16));
#866 = CARTESIAN_POINT('',(-0.573001385245,-6.90201390264E-17));
#867 = CARTESIAN_POINT('',(-0.577062476286,-5.256622960284E-18));
#868 = CARTESIAN_POINT('',(-0.581127701687,7.239956846668E-17));
#869 = CARTESIAN_POINT('',(-0.585195396677,1.259322719236E-16));
#870 = CARTESIAN_POINT('',(-0.589263483298,2.619498125452E-16));
#871 = CARTESIAN_POINT('',(-0.591974419025,1.487340828676E-16));
#872 = CARTESIAN_POINT('',(-0.59332926045,0.));
#873 = ( GEOMETRIC_REPRESENTATION_CONTEXT(2) 
PARAMETRIC_REPRESENTATION_CONTEXT() REPRESENTATION_CONTEXT('2D SPACE',''
  ) );
#874 = FACE_BOUND('',#875,.T.);
#875 = EDGE_LOOP('',(#876));
#876 = ORIENTED_EDGE('',*,*,#877,.F.);
#877 = EDGE_CURVE('',#878,#878,#880,.T.);
#878 = VERTEX_POINT('',#879);
#879 = CARTESIAN_POINT('',(53.000021613965,100.5003516283,
    19.070508451741));
#880 = SURFACE_CURVE('',#881,(#886,#893),.PCURVE_S1.);
#881 = CIRCLE('',#882,4.00001);
#882 = AXIS2_PLACEMENT_3D('',#883,#884,#885);
#883 = CARTESIAN_POINT('',(53.000021613965,100.5003516283,
    15.070498451741));
#884 = DIRECTION('',(1.,0.,0.));
#885 = DIRECTION('',(-0.,0.,1.));
#886 = PCURVE('',#43,#887);
#887 = DEFINITIONAL_REPRESENTATION('',(#888),#892);
#888 = CIRCLE('',#889,4.00001);
#889 = AXIS2_PLACEMENT_2D('',#890,#891);
#890 = CARTESIAN_POINT('',(40.046025474026,-0.561999762751));
#891 = DIRECTION('',(1.401298464325E-45,1.));
#892 = ( GEOMETRIC_REPRESENTATION_CONTEXT(2) 
PARAMETRIC_REPRESENTATION_CONTEXT() REPRESENTATION_CONTEXT('2D SPACE',''
  ) );
#893 = PCURVE('',#894,#899);
#894 = PLANE('',#895);
#895 = AXIS2_PLACEMENT_3D('',#896,#897,#898);
#896 = CARTESIAN_POINT('',(53.000021613966,60.454326154274,
    15.632498214492));
#897 = DIRECTION('',(1.,1.594183769368E-15,-4.888450755303E-15));
#898 = DIRECTION('',(-1.594183769368E-15,1.,1.401298464325E-45));
#899 = DEFINITIONAL_REPRESENTATION('',(#900),#904);
#900 = CIRCLE('',#901,4.00001);
#901 = AXIS2_PLACEMENT_2D('',#902,#903);
#902 = CARTESIAN_POINT('',(40.046025474026,-0.561999762751));
#903 = DIRECTION('',(1.401298464325E-45,1.));
#904 = ( GEOMETRIC_REPRESENTATION_CONTEXT(2) 
PARAMETRIC_REPRESENTATION_CONTEXT() REPRESENTATION_CONTEXT('2D SPACE',''
  ) );
#905 = FACE_BOUND('',#906,.T.);
#906 = EDGE_LOOP('',(#907,#942,#974,#1072,#1104,#1236));
#907 = ORIENTED_EDGE('',*,*,#908,.F.);
#908 = EDGE_CURVE('',#909,#911,#913,.T.);
#909 = VERTEX_POINT('',#910);
#910 = CARTESIAN_POINT('',(53.000021613966,50.865016585294,
    12.796102263594));
#911 = VERTEX_POINT('',#912);
#912 = CARTESIAN_POINT('',(53.000021613966,50.732578792093,
    17.975066938337));
#913 = SURFACE_CURVE('',#914,(#919,#930),.PCURVE_S1.);
#914 = CIRCLE('',#915,10.);
#915 = AXIS2_PLACEMENT_3D('',#916,#917,#918);
#916 = CARTESIAN_POINT('',(53.000021613966,60.454326154274,
    15.632498214492));
#917 = DIRECTION('',(-1.,-1.594183769368E-15,4.888450755303E-15));
#918 = DIRECTION('',(-1.594183769368E-15,1.,8.676395026622E-30));
#919 = PCURVE('',#43,#920);
#920 = DEFINITIONAL_REPRESENTATION('',(#921),#929);
#921 = ( BOUNDED_CURVE() B_SPLINE_CURVE(2,(#922,#923,#924,#925,#926,#927
,#928),.UNSPECIFIED.,.T.,.F.) B_SPLINE_CURVE_WITH_KNOTS((1,2,2,2,2,1),(
    -2.094395102393,0.,2.094395102393,4.188790204786,6.28318530718,
8.377580409573),.UNSPECIFIED.) CURVE() GEOMETRIC_REPRESENTATION_ITEM() 
RATIONAL_B_SPLINE_CURVE((1.,0.5,1.,0.5,1.,0.5,1.)) REPRESENTATION_ITEM(
  '') );
#922 = CARTESIAN_POINT('',(10.,8.676395026622E-29));
#923 = CARTESIAN_POINT('',(10.,-17.32050807568));
#924 = CARTESIAN_POINT('',(-5.,-8.660254037844));
#925 = CARTESIAN_POINT('',(-20.,-2.449293598295E-15));
#926 = CARTESIAN_POINT('',(-5.,8.660254037844));
#927 = CARTESIAN_POINT('',(10.,17.320508075689));
#928 = CARTESIAN_POINT('',(10.,8.676395026622E-29));
#929 = ( GEOMETRIC_REPRESENTATION_CONTEXT(2) 
PARAMETRIC_REPRESENTATION_CONTEXT() REPRESENTATION_CONTEXT('2D SPACE',''
  ) );
#930 = PCURVE('',#931,#936);
#931 = CYLINDRICAL_SURFACE('',#932,10.);
#932 = AXIS2_PLACEMENT_3D('',#933,#934,#935);
#933 = CARTESIAN_POINT('',(53.000021613966,60.454326154274,
    15.632498214492));
#934 = DIRECTION('',(-1.,-1.7763568394E-15,4.884981308351E-15));
#935 = DIRECTION('',(1.650897157412E-15,-0.999673190224,
    -2.556389540181E-02));
#936 = DEFINITIONAL_REPRESENTATION('',(#937),#941);
#937 = LINE('',#938,#939);
#938 = CARTESIAN_POINT('',(-3.11602597298,3.869717220164E-14));
#939 = VECTOR('',#940,1.);
#940 = DIRECTION('',(1.,-1.355890042214E-14));
#941 = ( GEOMETRIC_REPRESENTATION_CONTEXT(2) 
PARAMETRIC_REPRESENTATION_CONTEXT() REPRESENTATION_CONTEXT('2D SPACE',''
  ) );
#942 = ORIENTED_EDGE('',*,*,#943,.T.);
#943 = EDGE_CURVE('',#909,#944,#946,.T.);
#944 = VERTEX_POINT('',#945);
#945 = CARTESIAN_POINT('',(53.000021613966,49.894210319834,
    11.512533182467));
#946 = SURFACE_CURVE('',#947,(#952,#963),.PCURVE_S1.);
#947 = CIRCLE('',#948,1.000000443018);
#948 = AXIS2_PLACEMENT_3D('',#949,#950,#951);
#949 = CARTESIAN_POINT('',(53.000021613966,49.906085033266,
    12.512463118621));
#950 = DIRECTION('',(-1.,-1.380367182948E-14,1.044017910329E-14));
#951 = DIRECTION('',(-1.027552842466E-14,0.958931127204,0.283639019316)
  );
#952 = PCURVE('',#43,#953);
#953 = DEFINITIONAL_REPRESENTATION('',(#954),#962);
#954 = ( BOUNDED_CURVE() B_SPLINE_CURVE(2,(#955,#956,#957,#958,#959,#960
,#961),.UNSPECIFIED.,.T.,.F.) B_SPLINE_CURVE_WITH_KNOTS((1,2,2,2,2,1),(
    -2.094395102393,0.,2.094395102393,4.188790204786,6.28318530718,
8.377580409573),.UNSPECIFIED.) CURVE() GEOMETRIC_REPRESENTATION_ITEM() 
RATIONAL_B_SPLINE_CURVE((1.,0.5,1.,0.5,1.,0.5,1.)) REPRESENTATION_ITEM(
  '') );
#955 = CARTESIAN_POINT('',(-9.58930956898,-2.836395950898));
#956 = CARTESIAN_POINT('',(-9.098032158871,-4.497314119991));
#957 = CARTESIAN_POINT('',(-10.78206819196,-4.092313752904));
#958 = CARTESIAN_POINT('',(-12.46610422506,-3.687313385818));
#959 = CARTESIAN_POINT('',(-11.27334560207,-2.431395583811));
#960 = CARTESIAN_POINT('',(-10.08058697908,-1.175477781804));
#961 = CARTESIAN_POINT('',(-9.58930956898,-2.836395950898));
#962 = ( GEOMETRIC_REPRESENTATION_CONTEXT(2) 
PARAMETRIC_REPRESENTATION_CONTEXT() REPRESENTATION_CONTEXT('2D SPACE',''
  ) );
#963 = PCURVE('',#964,#969);
#964 = CYLINDRICAL_SURFACE('',#965,0.999997494905);
#965 = AXIS2_PLACEMENT_3D('',#966,#967,#968);
#966 = CARTESIAN_POINT('',(43.999978951043,49.906086128615,
    12.512460182754));
#967 = DIRECTION('',(1.,2.302032787319E-15,-4.518328829016E-15));
#968 = DIRECTION('',(-4.518328829016E-15,0.,-1.));
#969 = DEFINITIONAL_REPRESENTATION('',(#970),#973);
#970 = B_SPLINE_CURVE_WITH_KNOTS('',1,(#971,#972),.UNSPECIFIED.,.F.,.F.,
  (2,2),(0.,1.870258175285),.PIECEWISE_BEZIER_KNOTS.);
#971 = CARTESIAN_POINT('',(1.858386314,9.000042662923));
#972 = CARTESIAN_POINT('',(-1.18761173987E-02,9.000042662923));
#973 = ( GEOMETRIC_REPRESENTATION_CONTEXT(2) 
PARAMETRIC_REPRESENTATION_CONTEXT() REPRESENTATION_CONTEXT('2D SPACE',''
  ) );
#974 = ORIENTED_EDGE('',*,*,#975,.F.);
#975 = EDGE_CURVE('',#976,#944,#978,.T.);
#976 = VERTEX_POINT('',#977);
#977 = CARTESIAN_POINT('',(53.000021613966,26.07869547089,
    12.478599820107));
#978 = SURFACE_CURVE('',#979,(#993,#1010),.PCURVE_S1.);
#979 = B_SPLINE_CURVE_WITH_KNOTS('',3,(#980,#981,#982,#983,#984,#985,
    #986,#987,#988,#989,#990,#991,#992),.UNSPECIFIED.,.F.,.F.,(4,3,3,3,4
    ),(-2.795148133755,-2.77201973053,-2.738882086379,-1.968437605259,
    -1.73920180048),.UNSPECIFIED.);
#980 = CARTESIAN_POINT('',(53.000021613966,26.07869547089,
    12.478599820107));
#981 = CARTESIAN_POINT('',(53.000021613966,26.361974764126,
    12.456360424915));
#982 = CARTESIAN_POINT('',(53.000021613966,26.626558481958,
    12.435995479756));
#983 = CARTESIAN_POINT('',(53.000021613966,26.867198949729,
    12.417746535271));
#984 = CARTESIAN_POINT('',(53.000021613966,27.211980995939,
    12.391600025173));
#985 = CARTESIAN_POINT('',(53.000021613966,27.508217710932,
    12.369722753112));
#986 = CARTESIAN_POINT('',(53.000021613966,27.741369942147,
    12.352728086003));
#987 = CARTESIAN_POINT('',(53.000021613966,33.132471941327,
    11.959766014177));
#988 = CARTESIAN_POINT('',(53.000021613966,39.498168149694,
    11.710679099372));
#989 = CARTESIAN_POINT('',(53.000021613966,44.95725790648,
    11.593821907804));
#990 = CARTESIAN_POINT('',(53.000021613966,46.584026741056,
    11.558999319093));
#991 = CARTESIAN_POINT('',(53.000021613966,48.21671551009,
    11.532455355735));
#992 = CARTESIAN_POINT('',(53.000021613966,49.894210319833,
    11.512533182467));
#993 = PCURVE('',#43,#994);
#994 = DEFINITIONAL_REPRESENTATION('',(#995),#1009);
#995 = B_SPLINE_CURVE_WITH_KNOTS('',3,(#996,#997,#998,#999,#1000,#1001,
    #1002,#1003,#1004,#1005,#1006,#1007,#1008),.UNSPECIFIED.,.F.,.F.,(4,
    3,3,3,4),(-2.795148133755,-2.77201973053,-2.738882086379,
    -1.968437605259,-1.73920180048),.UNSPECIFIED.);
#996 = CARTESIAN_POINT('',(-34.37563068338,-3.153898394385));
#997 = CARTESIAN_POINT('',(-34.09235139014,-3.176137789577));
#998 = CARTESIAN_POINT('',(-33.82776767231,-3.196502734736));
#999 = CARTESIAN_POINT('',(-33.58712720454,-3.214751679221));
#1000 = CARTESIAN_POINT('',(-33.24234515833,-3.240898189319));
#1001 = CARTESIAN_POINT('',(-32.94610844334,-3.26277546138));
#1002 = CARTESIAN_POINT('',(-32.71295621212,-3.279770128489));
#1003 = CARTESIAN_POINT('',(-27.32185421294,-3.672732200315));
#1004 = CARTESIAN_POINT('',(-20.95615800458,-3.92181911512));
#1005 = CARTESIAN_POINT('',(-15.49706824779,-4.038676306688));
#1006 = CARTESIAN_POINT('',(-13.87029941321,-4.073498895399));
#1007 = CARTESIAN_POINT('',(-12.23761064418,-4.100042858757));
#1008 = CARTESIAN_POINT('',(-10.56011583444,-4.119965032025));
#1009 = ( GEOMETRIC_REPRESENTATION_CONTEXT(2) 
PARAMETRIC_REPRESENTATION_CONTEXT() REPRESENTATION_CONTEXT('2D SPACE',''
  ) );
#1010 = PCURVE('',#1011,#1044);
#1011 = B_SPLINE_SURFACE_WITH_KNOTS('',3,1,(
    (#1012,#1013)
    ,(#1014,#1015)
    ,(#1016,#1017)
    ,(#1018,#1019)
    ,(#1020,#1021)
    ,(#1022,#1023)
    ,(#1024,#1025)
    ,(#1026,#1027)
    ,(#1028,#1029)
    ,(#1030,#1031)
    ,(#1032,#1033)
    ,(#1034,#1035)
    ,(#1036,#1037)
    ,(#1038,#1039)
    ,(#1040,#1041)
    ,(#1042,#1043
    )),.UNSPECIFIED.,.F.,.F.,.F.,(4,1,1,1,1,1,1,1,1,1,1,1,1,4),(2,2),(
    -2.795148133665,-2.66315484202,-2.531161550375,-2.39916825873,
    -2.267174967085,-2.13518167544,-2.003188383795,-1.937191737973,
    -1.871195092151,-1.838196769239,-1.805198446328,-1.788699284872,
    -1.772200123417,-1.739201800506),(0.,1.),.UNSPECIFIED.);
#1012 = CARTESIAN_POINT('',(43.000021613965,49.894210317859,
    11.512533182491));
#1013 = CARTESIAN_POINT('',(53.000021613966,49.894210317858,
    11.51253318249));
#1014 = CARTESIAN_POINT('',(43.000021613965,48.92831381725,
    11.524004310352));
#1015 = CARTESIAN_POINT('',(53.000021613966,48.92831381725,
    11.524004310352));
#1016 = CARTESIAN_POINT('',(43.000021613965,47.021438384073,
    11.551546170509));
#1017 = CARTESIAN_POINT('',(53.000021613966,47.021438384073,
    11.551546170509));
#1018 = CARTESIAN_POINT('',(43.000021613965,44.234471124236,
    11.606676334664));
#1019 = CARTESIAN_POINT('',(53.000021613966,44.234471124236,
    11.606676334664));
#1020 = CARTESIAN_POINT('',(43.000021613965,41.319895226887,
    11.684403466377));
#1021 = CARTESIAN_POINT('',(53.000021613966,41.319895226887,
    11.684403466377));
#1022 = CARTESIAN_POINT('',(43.000021613965,38.312755767886,
    11.78607183021));
#1023 = CARTESIAN_POINT('',(53.000021613966,38.312755767886,
    11.78607183021));
#1024 = CARTESIAN_POINT('',(43.000021613965,35.275727641339,
    11.911759483515));
#1025 = CARTESIAN_POINT('',(53.000021613966,35.275727641339,
    11.911759483515));
#1026 = CARTESIAN_POINT('',(43.000021613966,32.765627105332,
    12.036891601435));
#1027 = CARTESIAN_POINT('',(53.000021613966,32.765627105332,
    12.036891601435));
#1028 = CARTESIAN_POINT('',(43.000021613965,30.799341070959,
    12.149344560089));
#1029 = CARTESIAN_POINT('',(53.000021613966,30.799341070959,
    12.149344560089));
#1030 = CARTESIAN_POINT('',(43.000021613966,29.592146338247,
    12.224923955918));
#1031 = CARTESIAN_POINT('',(53.000021613966,29.592146338247,
    12.224923955918));
#1032 = CARTESIAN_POINT('',(43.000021613965,28.646797917848,
    12.288309483238));
#1033 = CARTESIAN_POINT('',(53.000021613966,28.646797917847,
    12.288309483238));
#1034 = CARTESIAN_POINT('',(43.000021613966,28.057041069785,
    12.329740847359));
#1035 = CARTESIAN_POINT('',(53.000021613966,28.057041069785,
    12.329740847359));
#1036 = CARTESIAN_POINT('',(43.000021613965,27.606263394074,
    12.362527846189));
#1037 = CARTESIAN_POINT('',(53.000021613966,27.606263394074,
    12.362527846189));
#1038 = CARTESIAN_POINT('',(43.000021613965,27.031217400938,
    12.405074173202));
#1039 = CARTESIAN_POINT('',(53.000021613966,27.031217400938,
    12.405074173202));
#1040 = CARTESIAN_POINT('',(43.000021613965,26.482862655371,
    12.44686988448));
#1041 = CARTESIAN_POINT('',(53.000021613966,26.48286265537,
    12.44686988448));
#1042 = CARTESIAN_POINT('',(43.000021613965,26.078695471843,
    12.478599820032));
#1043 = CARTESIAN_POINT('',(53.000021613966,26.078695471843,
    12.478599820032));
#1044 = DEFINITIONAL_REPRESENTATION('',(#1045),#1071);
#1045 = B_SPLINE_CURVE_WITH_KNOTS('',3,(#1046,#1047,#1048,#1049,#1050,
    #1051,#1052,#1053,#1054,#1055,#1056,#1057,#1058,#1059,#1060,#1061,
    #1062,#1063,#1064,#1065,#1066,#1067,#1068,#1069,#1070),
  .UNSPECIFIED.,.F.,.F.,(4,1,1,1,1,1,1,1,1,1,1,1,1,1,1,1,1,1,1,1,1,1,4),
  (-2.795148133755,-2.747150573152,-2.699153012548,-2.651155451945,
    -2.603157891341,-2.555160330738,-2.507162770135,-2.459165209531,
    -2.411167648928,-2.363170088324,-2.315172527721,-2.267174967118,
    -2.219177406514,-2.171179845911,-2.123182285307,-2.075184724704,
    -2.0271871641,-1.979189603497,-1.931192042894,-1.88319448229,
    -1.835196921687,-1.787199361083,-1.73920180048),
  .QUASI_UNIFORM_KNOTS.);
#1046 = CARTESIAN_POINT('',(-1.739201800506,1.));
#1047 = CARTESIAN_POINT('',(-1.755192353973,1.));
#1048 = CARTESIAN_POINT('',(-1.787191634525,1.));
#1049 = CARTESIAN_POINT('',(-1.83521413411,1.));
#1050 = CARTESIAN_POINT('',(-1.883205259284,1.));
#1051 = CARTESIAN_POINT('',(-1.931194095624,1.));
#1052 = CARTESIAN_POINT('',(-1.979183926857,1.));
#1053 = CARTESIAN_POINT('',(-2.027190763145,1.));
#1054 = CARTESIAN_POINT('',(-2.075186257952,1.));
#1055 = CARTESIAN_POINT('',(-2.123181892066,1.));
#1056 = CARTESIAN_POINT('',(-2.17118045493,1.));
#1057 = CARTESIAN_POINT('',(-2.219180137249,1.));
#1058 = CARTESIAN_POINT('',(-2.267176197005,1.));
#1059 = CARTESIAN_POINT('',(-2.31516487743,1.));
#1060 = CARTESIAN_POINT('',(-2.36315748727,1.));
#1061 = CARTESIAN_POINT('',(-2.41117055307,1.));
#1062 = CARTESIAN_POINT('',(-2.459202682488,1.));
#1063 = CARTESIAN_POINT('',(-2.507209513945,1.));
#1064 = CARTESIAN_POINT('',(-2.555111328641,1.));
#1065 = CARTESIAN_POINT('',(-2.602904639305,1.));
#1066 = CARTESIAN_POINT('',(-2.651149194739,1.));
#1067 = CARTESIAN_POINT('',(-2.699219623645,1.));
#1068 = CARTESIAN_POINT('',(-2.747179317368,1.));
#1069 = CARTESIAN_POINT('',(-2.779148776016,1.));
#1070 = CARTESIAN_POINT('',(-2.795148133665,1.));
#1071 = ( GEOMETRIC_REPRESENTATION_CONTEXT(2) 
PARAMETRIC_REPRESENTATION_CONTEXT() REPRESENTATION_CONTEXT('2D SPACE',''
  ) );
#1072 = ORIENTED_EDGE('',*,*,#1073,.T.);
#1073 = EDGE_CURVE('',#976,#1074,#1076,.T.);
#1074 = VERTEX_POINT('',#1075);
#1075 = CARTESIAN_POINT('',(53.000021613966,25.854826125306,
    14.428797316096));
#1076 = SURFACE_CURVE('',#1077,(#1082,#1093),.PCURVE_S1.);
#1077 = CIRCLE('',#1078,1.00000000175);
#1078 = AXIS2_PLACEMENT_3D('',#1079,#1080,#1081);
#1079 = CARTESIAN_POINT('',(53.000021613966,26.156961616613,
    13.475532322302));
#1080 = DIRECTION('',(-1.,-8.650134997352E-15,-9.929763857515E-16));
#1081 = DIRECTION('',(1.666943156178E-15,-7.82661455861E-02,
    -0.996932500451));
#1082 = PCURVE('',#43,#1083);
#1083 = DEFINITIONAL_REPRESENTATION('',(#1084),#1092);
#1084 = ( BOUNDED_CURVE() B_SPLINE_CURVE(2,(#1085,#1086,#1087,#1088,
#1089,#1090,#1091),.UNSPECIFIED.,.T.,.F.) B_SPLINE_CURVE_WITH_KNOTS((1,2
    ,2,2,2,1),(-2.094395102393,0.,2.094395102393,4.188790204786,
6.28318530718,8.377580409573),.UNSPECIFIED.) CURVE() 
GEOMETRIC_REPRESENTATION_ITEM() RATIONAL_B_SPLINE_CURVE((1.,0.5,1.,0.5,
1.,0.5,1.)) REPRESENTATION_ITEM('') );
#1085 = CARTESIAN_POINT('',(-34.37563068338,-3.153898394385));
#1086 = CARTESIAN_POINT('',(-36.1023684289,-3.01833745348));
#1087 = CARTESIAN_POINT('',(-35.12160033755,-1.59071917064));
#1088 = CARTESIAN_POINT('',(-34.14083224621,-0.163100887799));
#1089 = CARTESIAN_POINT('',(-33.39486259204,-1.726280111545));
#1090 = CARTESIAN_POINT('',(-32.64889293786,-3.28945933529));
#1091 = CARTESIAN_POINT('',(-34.37563068338,-3.153898394385));
#1092 = ( GEOMETRIC_REPRESENTATION_CONTEXT(2) 
PARAMETRIC_REPRESENTATION_CONTEXT() REPRESENTATION_CONTEXT('2D SPACE',''
  ) );
#1093 = PCURVE('',#1094,#1099);
#1094 = CYLINDRICAL_SURFACE('',#1095,0.99999818282);
#1095 = AXIS2_PLACEMENT_3D('',#1096,#1097,#1098);
#1096 = CARTESIAN_POINT('',(43.999978951043,26.156962690979,
    13.475535886831));
#1097 = DIRECTION('',(1.,1.808184241846E-15,-4.496770498703E-15));
#1098 = DIRECTION('',(-4.496770498703E-15,0.,-1.));
#1099 = DEFINITIONAL_REPRESENTATION('',(#1100),#1103);
#1100 = B_SPLINE_CURVE_WITH_KNOTS('',1,(#1101,#1102),.UNSPECIFIED.,.F.,
  .F.,(2,2),(0.,2.756314335517),.PIECEWISE_BEZIER_KNOTS.);
#1101 = CARTESIAN_POINT('',(6.204838244063,9.000042662923));
#1102 = CARTESIAN_POINT('',(3.448526801764,9.000042662923));
#1103 = ( GEOMETRIC_REPRESENTATION_CONTEXT(2) 
PARAMETRIC_REPRESENTATION_CONTEXT() REPRESENTATION_CONTEXT('2D SPACE',''
  ) );
#1104 = ORIENTED_EDGE('',*,*,#1105,.F.);
#1105 = EDGE_CURVE('',#1106,#1074,#1108,.T.);
#1106 = VERTEX_POINT('',#1107);
#1107 = CARTESIAN_POINT('',(53.000021613966,49.65474914383,
    19.20372666649));
#1108 = SURFACE_CURVE('',#1109,(#1138,#1170),.PCURVE_S1.);
#1109 = B_SPLINE_CURVE_WITH_KNOTS('',3,(#1110,#1111,#1112,#1113,#1114,
    #1115,#1116,#1117,#1118,#1119,#1120,#1121,#1122,#1123,#1124,#1125,
    #1126,#1127,#1128,#1129,#1130,#1131,#1132,#1133,#1134,#1135,#1136,
    #1137),.UNSPECIFIED.,.F.,.F.,(4,3,3,3,3,3,3,3,3,4),(13.101812132887,
    13.21856665054,13.399757964013,13.488394864241,13.53192831857,
    13.575789019941,13.994988129838,15.003031654644,15.256977037785,
    16.079464684086),.UNSPECIFIED.);
#1110 = CARTESIAN_POINT('',(53.000021613966,49.65474914383,
    19.20372666649));
#1111 = CARTESIAN_POINT('',(53.000021613966,49.356749314062,
    19.172064301865));
#1112 = CARTESIAN_POINT('',(53.000021613966,49.058049587269,
    19.139343982605));
#1113 = CARTESIAN_POINT('',(53.000021613966,48.758572140615,
    19.105532858826));
#1114 = CARTESIAN_POINT('',(53.000021613966,48.293805858868,
    19.053060559306));
#1115 = CARTESIAN_POINT('',(53.000021613966,47.827141818683,
    18.997959368717));
#1116 = CARTESIAN_POINT('',(53.000021613966,47.358288970689,
    18.940113065795));
#1117 = CARTESIAN_POINT('',(53.000021613966,47.128929937821,
    18.91181512082));
#1118 = CARTESIAN_POINT('',(53.000021613966,46.899043755828,
    18.882859916859));
#1119 = CARTESIAN_POINT('',(53.000021613966,46.668596359665,
    18.853234306042));
#1120 = CARTESIAN_POINT('',(53.000021613966,46.555413433854,
    18.838683856061));
#1121 = CARTESIAN_POINT('',(53.000021613966,46.442094714613,
    18.823971640586));
#1122 = CARTESIAN_POINT('',(53.000021613966,46.328636166859,
    18.809096130427));
#1123 = CARTESIAN_POINT('',(53.000021613966,46.214324736724,
    18.794108799159));
#1124 = CARTESIAN_POINT('',(53.000021613966,46.099871082656,
    18.7789556715));
#1125 = CARTESIAN_POINT('',(53.000021613966,45.985271078384,
    18.763635203403));
#1126 = CARTESIAN_POINT('',(53.000021613966,44.887291466125,
    18.616850203454));
#1127 = CARTESIAN_POINT('',(53.000021613966,43.777101030646,
    18.45604040258));
#1128 = CARTESIAN_POINT('',(53.000021613966,42.651100527312,
    18.278856768209));
#1129 = CARTESIAN_POINT('',(53.000021613966,39.945341518131,
    17.853087673472));
#1130 = CARTESIAN_POINT('',(53.000021613966,37.150881464689,
    17.330829142049));
#1131 = CARTESIAN_POINT('',(53.000021613966,34.414292456293,
    16.717734153212));
#1132 = CARTESIAN_POINT('',(53.000021613966,33.724486746462,
    16.563192706663));
#1133 = CARTESIAN_POINT('',(53.000021613966,33.036895698897,
    16.402686273745));
#1134 = CARTESIAN_POINT('',(53.000021613966,32.352711598296,
    16.23617964989));
#1135 = CARTESIAN_POINT('',(53.000021613966,30.136295549737,
    15.696781039225));
#1136 = CARTESIAN_POINT('',(53.000021613966,27.956485848919,
    15.094914269419));
#1137 = CARTESIAN_POINT('',(53.000021613966,25.854826125306,
    14.428797316095));
#1138 = PCURVE('',#43,#1139);
#1139 = DEFINITIONAL_REPRESENTATION('',(#1140),#1169);
#1140 = B_SPLINE_CURVE_WITH_KNOTS('',3,(#1141,#1142,#1143,#1144,#1145,
    #1146,#1147,#1148,#1149,#1150,#1151,#1152,#1153,#1154,#1155,#1156,
    #1157,#1158,#1159,#1160,#1161,#1162,#1163,#1164,#1165,#1166,#1167,
    #1168),.UNSPECIFIED.,.F.,.F.,(4,3,3,3,3,3,3,3,3,4),(13.101812132887,
    13.21856665054,13.399757964013,13.488394864241,13.53192831857,
    13.575789019941,13.994988129838,15.003031654644,15.256977037785,
    16.079464684086),.UNSPECIFIED.);
#1141 = CARTESIAN_POINT('',(-10.79957701044,3.571228451998));
#1142 = CARTESIAN_POINT('',(-11.09757684021,3.539566087373));
#1143 = CARTESIAN_POINT('',(-11.396276567,3.506845768113));
#1144 = CARTESIAN_POINT('',(-11.69575401365,3.473034644334));
#1145 = CARTESIAN_POINT('',(-12.1605202954,3.420562344814));
#1146 = CARTESIAN_POINT('',(-12.62718433559,3.365461154225));
#1147 = CARTESIAN_POINT('',(-13.09603718358,3.307614851303));
#1148 = CARTESIAN_POINT('',(-13.32539621645,3.279316906328));
#1149 = CARTESIAN_POINT('',(-13.55528239844,3.250361702367));
#1150 = CARTESIAN_POINT('',(-13.7857297946,3.22073609155));
#1151 = CARTESIAN_POINT('',(-13.89891272042,3.206185641569));
#1152 = CARTESIAN_POINT('',(-14.01223143966,3.191473426094));
#1153 = CARTESIAN_POINT('',(-14.12568998741,3.176597915935));
#1154 = CARTESIAN_POINT('',(-14.24000141755,3.161610584667));
#1155 = CARTESIAN_POINT('',(-14.35445507161,3.146457457008));
#1156 = CARTESIAN_POINT('',(-14.46905507589,3.131136988911));
#1157 = CARTESIAN_POINT('',(-15.56703468814,2.984351988962));
#1158 = CARTESIAN_POINT('',(-16.67722512362,2.823542188088));
#1159 = CARTESIAN_POINT('',(-17.80322562696,2.646358553717));
#1160 = CARTESIAN_POINT('',(-20.50898463614,2.22058945898));
#1161 = CARTESIAN_POINT('',(-23.30344468958,1.698330927557));
#1162 = CARTESIAN_POINT('',(-26.04003369798,1.08523593872));
#1163 = CARTESIAN_POINT('',(-26.72983940781,0.930694492171));
#1164 = CARTESIAN_POINT('',(-27.41743045537,0.770188059253));
#1165 = CARTESIAN_POINT('',(-28.10161455597,0.603681435398));
#1166 = CARTESIAN_POINT('',(-30.31803060453,6.4282824733E-02));
#1167 = CARTESIAN_POINT('',(-32.49784030535,-0.537583945073));
#1168 = CARTESIAN_POINT('',(-34.59950002896,-1.203700898397));
#1169 = ( GEOMETRIC_REPRESENTATION_CONTEXT(2) 
PARAMETRIC_REPRESENTATION_CONTEXT() REPRESENTATION_CONTEXT('2D SPACE',''
  ) );
#1170 = PCURVE('',#1171,#1186);
#1171 = B_SPLINE_SURFACE_WITH_KNOTS('',3,1,(
    (#1172,#1173)
    ,(#1174,#1175)
    ,(#1176,#1177)
    ,(#1178,#1179)
    ,(#1180,#1181)
    ,(#1182,#1183)
    ,(#1184,#1185
    )),.UNSPECIFIED.,.F.,.F.,.F.,(4,1,1,1,4),(2,2),(13.101812132731,
    13.846225270285,14.590638407839,15.335051545393,16.079464682947),(0.
    ,1.),.UNSPECIFIED.);
#1172 = CARTESIAN_POINT('',(43.000021613966,25.854826124108,
    14.428797315716));
#1173 = CARTESIAN_POINT('',(53.000021613966,25.854826124108,
    14.428797315716));
#1174 = CARTESIAN_POINT('',(43.000021613966,27.756986133366,
    15.031683223424));
#1175 = CARTESIAN_POINT('',(53.000021613966,27.756986133366,
    15.031683223424));
#1176 = CARTESIAN_POINT('',(43.000021613966,31.688084092202,
    16.132109469832));
#1177 = CARTESIAN_POINT('',(53.000021613966,31.688084092202,
    16.132109469832));
#1178 = CARTESIAN_POINT('',(43.000021613965,37.791573635539,
    17.475386982002));
#1179 = CARTESIAN_POINT('',(53.000021613966,37.791573635539,
    17.475386982002));
#1180 = CARTESIAN_POINT('',(43.000021613966,43.897325495736,
    18.511511850004));
#1181 = CARTESIAN_POINT('',(53.000021613966,43.897325495736,
    18.511511850004));
#1182 = CARTESIAN_POINT('',(43.000021613966,47.754737103559,
    19.001851134902));
#1183 = CARTESIAN_POINT('',(53.000021613966,47.754737103559,
    19.001851134902));
#1184 = CARTESIAN_POINT('',(43.000021613966,49.654749135105,
    19.203726665563));
#1185 = CARTESIAN_POINT('',(53.000021613966,49.654749135105,
    19.203726665563));
#1186 = DEFINITIONAL_REPRESENTATION('',(#1187),#1235);
#1187 = B_SPLINE_CURVE_WITH_KNOTS('',3,(#1188,#1189,#1190,#1191,#1192,
    #1193,#1194,#1195,#1196,#1197,#1198,#1199,#1200,#1201,#1202,#1203,
    #1204,#1205,#1206,#1207,#1208,#1209,#1210,#1211,#1212,#1213,#1214,
    #1215,#1216,#1217,#1218,#1219,#1220,#1221,#1222,#1223,#1224,#1225,
    #1226,#1227,#1228,#1229,#1230,#1231,#1232,#1233,#1234),
  .UNSPECIFIED.,.F.,.F.,(4,1,1,1,1,1,1,1,1,1,1,1,1,1,1,1,1,1,1,1,1,1,1,1
    ,1,1,1,1,1,1,1,1,1,1,1,1,1,1,1,1,1,1,1,1,4),(13.101812132887,
    13.169486054505,13.237159976123,13.304833897741,13.37250781936,
    13.440181740978,13.507855662596,13.575529584214,13.643203505832,
    13.71087742745,13.778551349069,13.846225270687,13.913899192305,
    13.981573113923,14.049247035541,14.116920957159,14.184594878778,
    14.252268800396,14.319942722014,14.387616643632,14.45529056525,
    14.522964486868,14.590638408486,14.658312330105,14.725986251723,
    14.793660173341,14.861334094959,14.929008016577,14.996681938195,
    15.064355859814,15.132029781432,15.19970370305,15.267377624668,
    15.335051546286,15.402725467904,15.470399389523,15.538073311141,
    15.605747232759,15.673421154377,15.741095075995,15.808768997613,
    15.876442919232,15.94411684085,16.011790762468,16.079464684086),
  .QUASI_UNIFORM_KNOTS.);
#1188 = CARTESIAN_POINT('',(16.079464682947,1.));
#1189 = CARTESIAN_POINT('',(16.056906511887,1.));
#1190 = CARTESIAN_POINT('',(16.011791395514,1.));
#1191 = CARTESIAN_POINT('',(15.944122598624,1.));
#1192 = CARTESIAN_POINT('',(15.876457292353,1.));
#1193 = CARTESIAN_POINT('',(15.808797145806,1.));
#1194 = CARTESIAN_POINT('',(15.741150495359,1.));
#1195 = CARTESIAN_POINT('',(15.673493423989,1.));
#1196 = CARTESIAN_POINT('',(15.605920258739,1.));
#1197 = CARTESIAN_POINT('',(15.538086934704,1.));
#1198 = CARTESIAN_POINT('',(15.470374611335,1.));
#1199 = CARTESIAN_POINT('',(15.402684496035,1.));
#1200 = CARTESIAN_POINT('',(15.335043458599,1.));
#1201 = CARTESIAN_POINT('',(15.267450947287,1.));
#1202 = CARTESIAN_POINT('',(15.19984626846,1.));
#1203 = CARTESIAN_POINT('',(15.132264869248,1.));
#1204 = CARTESIAN_POINT('',(15.064647185231,1.));
#1205 = CARTESIAN_POINT('',(14.996998614428,1.));
#1206 = CARTESIAN_POINT('',(14.929322159663,1.));
#1207 = CARTESIAN_POINT('',(14.861621345954,1.));
#1208 = CARTESIAN_POINT('',(14.793899458442,1.));
#1209 = CARTESIAN_POINT('',(14.726159766732,1.));
#1210 = CARTESIAN_POINT('',(14.658405479247,1.));
#1211 = CARTESIAN_POINT('',(14.590639788055,1.));
#1212 = CARTESIAN_POINT('',(14.522865819462,1.));
#1213 = CARTESIAN_POINT('',(14.455097141738,1.));
#1214 = CARTESIAN_POINT('',(14.387346555726,1.));
#1215 = CARTESIAN_POINT('',(14.319629511543,1.));
#1216 = CARTESIAN_POINT('',(14.251951519586,1.));
#1217 = CARTESIAN_POINT('',(14.184355263475,1.));
#1218 = CARTESIAN_POINT('',(14.116744907438,1.));
#1219 = CARTESIAN_POINT('',(14.049129143111,1.));
#1220 = CARTESIAN_POINT('',(13.981508032599,1.));
#1221 = CARTESIAN_POINT('',(13.913879818138,1.));
#1222 = CARTESIAN_POINT('',(13.846225579002,1.));
#1223 = CARTESIAN_POINT('',(13.77856948998,1.));
#1224 = CARTESIAN_POINT('',(13.710905559363,1.));
#1225 = CARTESIAN_POINT('',(13.643236654323,1.));
#1226 = CARTESIAN_POINT('',(13.57556326785,1.));
#1227 = CARTESIAN_POINT('',(13.507886530713,1.));
#1228 = CARTESIAN_POINT('',(13.44020740644,1.));
#1229 = CARTESIAN_POINT('',(13.372526909037,1.));
#1230 = CARTESIAN_POINT('',(13.304846046507,1.));
#1231 = CARTESIAN_POINT('',(13.237165838234,1.));
#1232 = CARTESIAN_POINT('',(13.169487310876,1.));
#1233 = CARTESIAN_POINT('',(13.124370107677,1.));
#1234 = CARTESIAN_POINT('',(13.101812132731,1.));
#1235 = ( GEOMETRIC_REPRESENTATION_CONTEXT(2) 
PARAMETRIC_REPRESENTATION_CONTEXT() REPRESENTATION_CONTEXT('2D SPACE',''
  ) );
#1236 = ORIENTED_EDGE('',*,*,#1237,.T.);
#1237 = EDGE_CURVE('',#1106,#911,#1238,.T.);
#1238 = SURFACE_CURVE('',#1239,(#1244,#1255),.PCURVE_S1.);
#1239 = CIRCLE('',#1240,1.000000290949);
#1240 = AXIS2_PLACEMENT_3D('',#1241,#1242,#1243);
#1241 = CARTESIAN_POINT('',(53.000021613966,49.760403676381,
    18.209323477814));
#1242 = DIRECTION('',(-1.,0.,0.));
#1243 = DIRECTION('',(0.,-0.105654501811,0.994402899356));
#1244 = PCURVE('',#43,#1245);
#1245 = DEFINITIONAL_REPRESENTATION('',(#1246),#1254);
#1246 = ( BOUNDED_CURVE() B_SPLINE_CURVE(2,(#1247,#1248,#1249,#1250,
#1251,#1252,#1253),.UNSPECIFIED.,.T.,.F.) B_SPLINE_CURVE_WITH_KNOTS((1,2
    ,2,2,2,1),(-2.094395102393,0.,2.094395102393,4.188790204786,
6.28318530718,8.377580409573),.UNSPECIFIED.) CURVE() 
GEOMETRIC_REPRESENTATION_ITEM() RATIONAL_B_SPLINE_CURVE((1.,0.5,1.,0.5,
1.,0.5,1.)) REPRESENTATION_ITEM('') );
#1247 = CARTESIAN_POINT('',(-10.79957701044,3.571228451998));
#1248 = CARTESIAN_POINT('',(-9.077220164448,3.754227470427));
#1249 = CARTESIAN_POINT('',(-9.77991678862,2.171123178198));
#1250 = CARTESIAN_POINT('',(-10.48261341279,0.588018885969));
#1251 = CARTESIAN_POINT('',(-11.50227363461,1.98812415977));
#1252 = CARTESIAN_POINT('',(-12.52193385644,3.38822943357));
#1253 = CARTESIAN_POINT('',(-10.79957701044,3.571228451998));
#1254 = ( GEOMETRIC_REPRESENTATION_CONTEXT(2) 
PARAMETRIC_REPRESENTATION_CONTEXT() REPRESENTATION_CONTEXT('2D SPACE',''
  ) );
#1255 = PCURVE('',#1256,#1261);
#1256 = CYLINDRICAL_SURFACE('',#1257,0.999995614324);
#1257 = AXIS2_PLACEMENT_3D('',#1258,#1259,#1260);
#1258 = CARTESIAN_POINT('',(43.999978951043,49.760408499566,
    18.209323686609));
#1259 = DIRECTION('',(1.,1.91452565753E-15,-5.497295027054E-15));
#1260 = DIRECTION('',(-5.497295027054E-15,0.,-1.));
#1261 = DEFINITIONAL_REPRESENTATION('',(#1262),#1265);
#1262 = B_SPLINE_CURVE_WITH_KNOTS('',1,(#1263,#1264),.UNSPECIFIED.,.F.,
  .F.,(2,2),(0.,1.913102078511),.PIECEWISE_BEZIER_KNOTS.);
#1263 = CARTESIAN_POINT('',(3.247449535654,9.000042662923));
#1264 = CARTESIAN_POINT('',(1.334341306044,9.000042662923));
#1265 = ( GEOMETRIC_REPRESENTATION_CONTEXT(2) 
PARAMETRIC_REPRESENTATION_CONTEXT() REPRESENTATION_CONTEXT('2D SPACE',''
  ) );
#1266 = FACE_BOUND('',#1267,.T.);
#1267 = EDGE_LOOP('',(#1268));
#1268 = ORIENTED_EDGE('',*,*,#21,.F.);
#1269 = ADVANCED_FACE('',(#1270,#1273),#78,.T.);
#1270 = FACE_BOUND('',#1271,.T.);
#1271 = EDGE_LOOP('',(#1272));
#1272 = ORIENTED_EDGE('',*,*,#57,.F.);
#1273 = FACE_BOUND('',#1274,.T.);
#1274 = EDGE_LOOP('',(#1275));
#1275 = ORIENTED_EDGE('',*,*,#1276,.F.);
#1276 = EDGE_CURVE('',#1277,#1277,#1279,.T.);
#1277 = VERTEX_POINT('',#1278);
#1278 = CARTESIAN_POINT('',(53.000021613965,60.454326154274,
    18.232498214492));
#1279 = SURFACE_CURVE('',#1280,(#1285,#1292),.PCURVE_S1.);
#1280 = CIRCLE('',#1281,2.6);
#1281 = AXIS2_PLACEMENT_3D('',#1282,#1283,#1284);
#1282 = CARTESIAN_POINT('',(53.000021613965,60.454326154274,
    15.632498214492));
#1283 = DIRECTION('',(1.,0.,0.));
#1284 = DIRECTION('',(-0.,0.,1.));
#1285 = PCURVE('',#78,#1286);
#1286 = DEFINITIONAL_REPRESENTATION('',(#1287),#1291);
#1287 = CIRCLE('',#1288,2.6);
#1288 = AXIS2_PLACEMENT_2D('',#1289,#1290);
#1289 = CARTESIAN_POINT('',(0.,0.));
#1290 = DIRECTION('',(1.,0.));
#1291 = ( GEOMETRIC_REPRESENTATION_CONTEXT(2) 
PARAMETRIC_REPRESENTATION_CONTEXT() REPRESENTATION_CONTEXT('2D SPACE',''
  ) );
#1292 = PCURVE('',#1293,#1298);
#1293 = CYLINDRICAL_SURFACE('',#1294,2.6);
#1294 = AXIS2_PLACEMENT_3D('',#1295,#1296,#1297);
#1295 = CARTESIAN_POINT('',(42.000021613965,60.454326154274,
    15.632498214492));
#1296 = DIRECTION('',(1.,0.,0.));
#1297 = DIRECTION('',(-0.,0.,1.));
#1298 = DEFINITIONAL_REPRESENTATION('',(#1299),#1303);
#1299 = LINE('',#1300,#1301);
#1300 = CARTESIAN_POINT('',(0.,11.));
#1301 = VECTOR('',#1302,1.);
#1302 = DIRECTION('',(1.,0.));
#1303 = ( GEOMETRIC_REPRESENTATION_CONTEXT(2) 
PARAMETRIC_REPRESENTATION_CONTEXT() REPRESENTATION_CONTEXT('2D SPACE',''
  ) );
#1304 = ADVANCED_FACE('',(#1305),#115,.T.);
#1305 = FACE_BOUND('',#1306,.T.);
#1306 = EDGE_LOOP('',(#1307,#1308,#1330,#1358));
#1307 = ORIENTED_EDGE('',*,*,#97,.T.);
#1308 = ORIENTED_EDGE('',*,*,#1309,.T.);
#1309 = EDGE_CURVE('',#100,#1310,#1312,.T.);
#1310 = VERTEX_POINT('',#1311);
#1311 = CARTESIAN_POINT('',(43.000021613966,84.298053084547,
    23.945832119128));
#1312 = SURFACE_CURVE('',#1313,(#1317,#1324),.PCURVE_S1.);
#1313 = LINE('',#1314,#1315);
#1314 = CARTESIAN_POINT('',(48.000021613966,84.298053084547,
    23.945832119128));
#1315 = VECTOR('',#1316,1.);
#1316 = DIRECTION('',(-1.,0.,7.578661487204E-16));
#1317 = PCURVE('',#115,#1318);
#1318 = DEFINITIONAL_REPRESENTATION('',(#1319),#1323);
#1319 = LINE('',#1320,#1321);
#1320 = CARTESIAN_POINT('',(5.001219875519,-8.997944700177E-31));
#1321 = VECTOR('',#1322,1.);
#1322 = DIRECTION('',(-1.610861208975E-17,1.));
#1323 = ( GEOMETRIC_REPRESENTATION_CONTEXT(2) 
PARAMETRIC_REPRESENTATION_CONTEXT() REPRESENTATION_CONTEXT('2D SPACE',''
  ) );
#1324 = PCURVE('',#799,#1325);
#1325 = DEFINITIONAL_REPRESENTATION('',(#1326),#1329);
#1326 = B_SPLINE_CURVE_WITH_KNOTS('',1,(#1327,#1328),.UNSPECIFIED.,.F.,
  .F.,(2,2),(-5.,5.),.PIECEWISE_BEZIER_KNOTS.);
#1327 = CARTESIAN_POINT('',(-0.59332926045,3.197529029934E-16));
#1328 = CARTESIAN_POINT('',(-0.59332926045,1.));
#1329 = ( GEOMETRIC_REPRESENTATION_CONTEXT(2) 
PARAMETRIC_REPRESENTATION_CONTEXT() REPRESENTATION_CONTEXT('2D SPACE',''
  ) );
#1330 = ORIENTED_EDGE('',*,*,#1331,.F.);
#1331 = EDGE_CURVE('',#1332,#1310,#1334,.T.);
#1332 = VERTEX_POINT('',#1333);
#1333 = CARTESIAN_POINT('',(43.000021613966,79.297963073211,
    24.05213415028));
#1334 = SURFACE_CURVE('',#1335,(#1339,#1346),.PCURVE_S1.);
#1335 = LINE('',#1336,#1337);
#1336 = CARTESIAN_POINT('',(43.000021613966,79.297963073211,
    24.05213415028));
#1337 = VECTOR('',#1338,1.);
#1338 = DIRECTION('',(0.,0.999774082282,-2.125522048576E-02));
#1339 = PCURVE('',#115,#1340);
#1340 = DEFINITIONAL_REPRESENTATION('',(#1341),#1345);
#1341 = LINE('',#1342,#1343);
#1342 = CARTESIAN_POINT('',(-7.551371256569E-17,5.));
#1343 = VECTOR('',#1344,1.);
#1344 = DIRECTION('',(1.,-6.162975822039E-33));
#1345 = ( GEOMETRIC_REPRESENTATION_CONTEXT(2) 
PARAMETRIC_REPRESENTATION_CONTEXT() REPRESENTATION_CONTEXT('2D SPACE',''
  ) );
#1346 = PCURVE('',#1347,#1352);
#1347 = PLANE('',#1348);
#1348 = AXIS2_PLACEMENT_3D('',#1349,#1350,#1351);
#1349 = CARTESIAN_POINT('',(43.000021613966,102.42593485547,
    9.55975999943));
#1350 = DIRECTION('',(1.,1.418142915995E-16,-7.578661487847E-16));
#1351 = DIRECTION('',(-1.418142915995E-16,1.,0.));
#1352 = DEFINITIONAL_REPRESENTATION('',(#1353),#1357);
#1353 = LINE('',#1354,#1355);
#1354 = CARTESIAN_POINT('',(-23.12797178225,14.49237415085));
#1355 = VECTOR('',#1356,1.);
#1356 = DIRECTION('',(0.999774082282,-2.125522048576E-02));
#1357 = ( GEOMETRIC_REPRESENTATION_CONTEXT(2) 
PARAMETRIC_REPRESENTATION_CONTEXT() REPRESENTATION_CONTEXT('2D SPACE',''
  ) );
#1358 = ORIENTED_EDGE('',*,*,#1359,.F.);
#1359 = EDGE_CURVE('',#98,#1332,#1360,.T.);
#1360 = SURFACE_CURVE('',#1361,(#1365,#1372),.PCURVE_S1.);
#1361 = LINE('',#1362,#1363);
#1362 = CARTESIAN_POINT('',(53.000021613966,79.29796307321,
    24.05213415028));
#1363 = VECTOR('',#1364,1.);
#1364 = DIRECTION('',(-1.,-1.7763568394E-15,4.884981308351E-15));
#1365 = PCURVE('',#115,#1366);
#1366 = DEFINITIONAL_REPRESENTATION('',(#1367),#1371);
#1367 = LINE('',#1368,#1369);
#1368 = CARTESIAN_POINT('',(-9.949126647558E-13,-5.));
#1369 = VECTOR('',#1370,1.);
#1370 = DIRECTION('',(-1.879786883694E-15,1.));
#1371 = ( GEOMETRIC_REPRESENTATION_CONTEXT(2) 
PARAMETRIC_REPRESENTATION_CONTEXT() REPRESENTATION_CONTEXT('2D SPACE',''
  ) );
#1372 = PCURVE('',#241,#1373);
#1373 = DEFINITIONAL_REPRESENTATION('',(#1374),#1377);
#1374 = B_SPLINE_CURVE_WITH_KNOTS('',1,(#1375,#1376),.UNSPECIFIED.,.F.,
  .F.,(2,2),(0.,10.),.PIECEWISE_BEZIER_KNOTS.);
#1375 = CARTESIAN_POINT('',(-0.620567546244,9.825040087064E-15));
#1376 = CARTESIAN_POINT('',(-0.620567546244,1.));
#1377 = ( GEOMETRIC_REPRESENTATION_CONTEXT(2) 
PARAMETRIC_REPRESENTATION_CONTEXT() REPRESENTATION_CONTEXT('2D SPACE',''
  ) );
#1378 = ADVANCED_FACE('',(#1379),#241,.T.);
#1379 = FACE_BOUND('',#1380,.T.);
#1380 = EDGE_LOOP('',(#1381,#1382,#1613,#1633));
#1381 = ORIENTED_EDGE('',*,*,#1359,.T.);
#1382 = ORIENTED_EDGE('',*,*,#1383,.F.);
#1383 = EDGE_CURVE('',#1384,#1332,#1386,.T.);
#1384 = VERTEX_POINT('',#1385);
#1385 = CARTESIAN_POINT('',(43.000021613966,10.594341900521,
    10.838546794692));
#1386 = SURFACE_CURVE('',#1387,(#1440,#1557),.PCURVE_S1.);
#1387 = B_SPLINE_CURVE_WITH_KNOTS('',3,(#1388,#1389,#1390,#1391,#1392,
    #1393,#1394,#1395,#1396,#1397,#1398,#1399,#1400,#1401,#1402,#1403,
    #1404,#1405,#1406,#1407,#1408,#1409,#1410,#1411,#1412,#1413,#1414,
    #1415,#1416,#1417,#1418,#1419,#1420,#1421,#1422,#1423,#1424,#1425,
    #1426,#1427,#1428,#1429,#1430,#1431,#1432,#1433,#1434,#1435,#1436,
    #1437,#1438,#1439),.UNSPECIFIED.,.F.,.F.,(4,2,2,2,2,2,2,2,2,2,2,2,2,
    2,2,2,2,2,2,2,2,2,2,2,2,4),(-1.,-0.998384906986,-0.990204805639,
    -0.96960160016,-0.93410499816,-0.933484003111,-0.932847650332,
    -0.931559207233,-0.928950456751,-0.923668439189,-0.912973775319,
    -0.877465458288,-0.865238272152,-0.817986718005,-0.800789193631,
    -0.79897957147,-0.797125195829,-0.793370584273,-0.785768506454,
    -0.770376345024,-0.74682885461,-0.722699014914,-0.67384258425,
    -0.663025299247,-0.65194049367,-0.620567546244),.UNSPECIFIED.);
#1388 = CARTESIAN_POINT('',(43.000021613966,10.594341900521,
    10.838546794692));
#1389 = CARTESIAN_POINT('',(43.000021613966,10.684762291818,
    10.925414378419));
#1390 = CARTESIAN_POINT('',(43.000021613966,10.774493270644,
    11.010245482007));
#1391 = CARTESIAN_POINT('',(43.000021613966,11.319617719529,
    11.51904571746));
#1392 = CARTESIAN_POINT('',(43.000021613966,11.738278148957,
    11.881673646822));
#1393 = CARTESIAN_POINT('',(43.000021613966,12.566713675989,
    12.598134748805));
#1394 = CARTESIAN_POINT('',(43.000021613966,13.188569993626,
    13.093709900452));
#1395 = CARTESIAN_POINT('',(43.000021613966,15.471373194902,
    14.598321947726));
#1396 = CARTESIAN_POINT('',(43.000021613966,17.582573444717,
    15.728247866322));
#1397 = CARTESIAN_POINT('',(43.000021613966,21.128670206675,
    17.039976801964));
#1398 = CARTESIAN_POINT('',(43.000021613966,21.215906772403,
    17.072079883573));
#1399 = CARTESIAN_POINT('',(43.000021613966,21.31898371426,
    17.109858675041));
#1400 = CARTESIAN_POINT('',(43.000021613966,21.335422629117,
    17.115851773474));
#1401 = CARTESIAN_POINT('',(43.000021613966,21.427302036416,
    17.149373682629));
#1402 = CARTESIAN_POINT('',(43.000021613966,21.489413149252,
    17.171939805989));
#1403 = CARTESIAN_POINT('',(43.000021613966,21.679095042155,
    17.240558786552));
#1404 = CARTESIAN_POINT('',(43.000021613966,21.808523851125,
    17.286983254736));
#1405 = CARTESIAN_POINT('',(43.000021613966,22.207204267193,
    17.428712137017));
#1406 = CARTESIAN_POINT('',(43.000021613966,22.483839488171,
    17.525357811046));
#1407 = CARTESIAN_POINT('',(43.000021613966,23.347686829669,
    17.821498713788));
#1408 = CARTESIAN_POINT('',(43.000021613966,23.962895162864,
    18.024913513852));
#1409 = CARTESIAN_POINT('',(43.000021613966,26.740421272454,
    18.906689832464));
#1410 = CARTESIAN_POINT('',(43.000021613966,29.210088132361,
    19.588123823778));
#1411 = CARTESIAN_POINT('',(43.000021613966,32.163308869288,
    20.306835079963));
#1412 = CARTESIAN_POINT('',(43.000021613966,32.868149798256,
    20.470497692889));
#1413 = CARTESIAN_POINT('',(43.000021613966,36.135490201998,
    21.202500204853));
#1414 = CARTESIAN_POINT('',(43.000021613966,38.971293251672,
    21.74903412335));
#1415 = CARTESIAN_POINT('',(43.000021613966,43.14231630652,
    22.405372217084));
#1416 = CARTESIAN_POINT('',(43.000021613966,44.284665533228,
    22.571873121409));
#1417 = CARTESIAN_POINT('',(43.000021613966,45.578415289938,
    22.744829937594));
#1418 = CARTESIAN_POINT('',(43.000021613966,45.694910518592,
    22.760241576229));
#1419 = CARTESIAN_POINT('',(43.000021613966,45.925197835455,
    22.79043446508));
#1420 = CARTESIAN_POINT('',(43.000021613966,46.041841011329,
    22.805578878628));
#1421 = CARTESIAN_POINT('',(43.000021613966,46.394902556066,
    22.850967388513));
#1422 = CARTESIAN_POINT('',(43.000021613966,46.631574168946,
    22.880781636552));
#1423 = CARTESIAN_POINT('',(43.000021613966,47.348178694831,
    22.969195139121));
#1424 = CARTESIAN_POINT('',(43.000021613966,47.828863954973,
    23.025980710023));
#1425 = CARTESIAN_POINT('',(43.000021613966,49.283631018801,
    23.190224494701));
#1426 = CARTESIAN_POINT('',(43.000021613966,50.258550892869,
    23.289929850794));
#1427 = CARTESIAN_POINT('',(43.000021613966,52.713321567044,
    23.516049757694));
#1428 = CARTESIAN_POINT('',(43.000021613966,54.187319271195,
    23.628509015614));
#1429 = CARTESIAN_POINT('',(43.000021613966,57.10643476803,
    23.812648364812));
#1430 = CARTESIAN_POINT('',(43.000021613966,58.520813748508,
    23.882618198308));
#1431 = CARTESIAN_POINT('',(43.000021613966,62.949554439303,
    24.053470262102));
#1432 = CARTESIAN_POINT('',(43.000021613966,66.067480616991,
    24.104594340764));
#1433 = CARTESIAN_POINT('',(43.000021613966,69.888959101478,
    24.118772692429));
#1434 = CARTESIAN_POINT('',(43.000021613966,70.571428067882,
    24.119519998861));
#1435 = CARTESIAN_POINT('',(43.000021613966,72.018166405748,
    24.117833760186));
#1436 = CARTESIAN_POINT('',(43.000021613966,72.772027240454,
    24.11514755676));
#1437 = CARTESIAN_POINT('',(43.000021613966,75.375553885555,
    24.101567861289));
#1438 = CARTESIAN_POINT('',(43.000021613966,77.348564938461,
    24.082568790044));
#1439 = CARTESIAN_POINT('',(43.000021613966,79.297963073211,
    24.05213415028));
#1440 = PCURVE('',#241,#1441);
#1441 = DEFINITIONAL_REPRESENTATION('',(#1442),#1556);
#1442 = B_SPLINE_CURVE_WITH_KNOTS('',3,(#1443,#1444,#1445,#1446,#1447,
    #1448,#1449,#1450,#1451,#1452,#1453,#1454,#1455,#1456,#1457,#1458,
    #1459,#1460,#1461,#1462,#1463,#1464,#1465,#1466,#1467,#1468,#1469,
    #1470,#1471,#1472,#1473,#1474,#1475,#1476,#1477,#1478,#1479,#1480,
    #1481,#1482,#1483,#1484,#1485,#1486,#1487,#1488,#1489,#1490,#1491,
    #1492,#1493,#1494,#1495,#1496,#1497,#1498,#1499,#1500,#1501,#1502,
    #1503,#1504,#1505,#1506,#1507,#1508,#1509,#1510,#1511,#1512,#1513,
    #1514,#1515,#1516,#1517,#1518,#1519,#1520,#1521,#1522,#1523,#1524,
    #1525,#1526,#1527,#1528,#1529,#1530,#1531,#1532,#1533,#1534,#1535,
    #1536,#1537,#1538,#1539,#1540,#1541,#1542,#1543,#1544,#1545,#1546,
    #1547,#1548,#1549,#1550,#1551,#1552,#1553,#1554,#1555),
  .UNSPECIFIED.,.F.,.F.,(4,1,1,1,1,1,1,1,1,1,1,1,1,1,1,1,1,1,1,1,1,1,1,1
    ,1,1,1,1,1,1,1,1,1,1,1,1,1,1,1,1,1,1,1,1,1,1,1,1,1,1,1,1,1,1,1,1,1,1
    ,1,1,1,1,1,1,1,1,1,1,1,1,1,1,1,1,1,1,1,1,1,1,1,1,1,1,1,1,1,1,1,1,1,1
    ,1,1,1,1,1,1,1,1,1,1,1,1,1,1,1,1,1,1,4),(-1.,-0.996550614057,
    -0.993101228114,-0.98965184217,-0.986202456227,-0.982753070284,
    -0.979303684341,-0.975854298397,-0.972404912454,-0.968955526511,
    -0.965506140568,-0.962056754624,-0.958607368681,-0.955157982738,
    -0.951708596795,-0.948259210851,-0.944809824908,-0.941360438965,
    -0.937911053022,-0.934461667079,-0.931012281135,-0.927562895192,
    -0.924113509249,-0.920664123306,-0.917214737362,-0.913765351419,
    -0.910315965476,-0.906866579533,-0.903417193589,-0.899967807646,
    -0.896518421703,-0.89306903576,-0.889619649816,-0.886170263873,
    -0.88272087793,-0.879271491987,-0.875822106043,-0.8723727201,
    -0.868923334157,-0.865473948214,-0.862024562271,-0.858575176327,
    -0.855125790384,-0.851676404441,-0.848227018498,-0.844777632554,
    -0.841328246611,-0.837878860668,-0.834429474725,-0.830980088781,
    -0.827530702838,-0.824081316895,-0.820631930952,-0.817182545008,
    -0.813733159065,-0.810283773122,-0.806834387179,-0.803385001236,
    -0.799935615292,-0.796486229349,-0.793036843406,-0.789587457463,
    -0.786138071519,-0.782688685576,-0.779239299633,-0.77578991369,
    -0.772340527746,-0.768891141803,-0.76544175586,-0.761992369917,
    -0.758542983973,-0.75509359803,-0.751644212087,-0.748194826144,
    -0.744745440201,-0.741296054257,-0.737846668314,-0.734397282371,
    -0.730947896428,-0.727498510484,-0.724049124541,-0.720599738598,
    -0.717150352655,-0.713700966711,-0.710251580768,-0.706802194825,
    -0.703352808882,-0.699903422938,-0.696454036995,-0.693004651052,
    -0.689555265109,-0.686105879165,-0.682656493222,-0.679207107279,
    -0.675757721336,-0.672308335393,-0.668858949449,-0.665409563506,
    -0.661960177563,-0.65851079162,-0.655061405676,-0.651612019733,
    -0.64816263379,-0.644713247847,-0.641263861903,-0.63781447596,
    -0.634365090017,-0.630915704074,-0.62746631813,-0.624016932187,
    -0.620567546244),.UNSPECIFIED.);
#1443 = CARTESIAN_POINT('',(-1.000000000112,1.));
#1444 = CARTESIAN_POINT('',(-0.998854663173,1.));
#1445 = CARTESIAN_POINT('',(-0.996554156585,1.));
#1446 = CARTESIAN_POINT('',(-0.993076039942,1.));
#1447 = CARTESIAN_POINT('',(-0.989736532585,1.));
#1448 = CARTESIAN_POINT('',(-0.98612821417,1.));
#1449 = CARTESIAN_POINT('',(-0.982760671894,1.));
#1450 = CARTESIAN_POINT('',(-0.979315044363,1.));
#1451 = CARTESIAN_POINT('',(-0.975850759647,1.));
#1452 = CARTESIAN_POINT('',(-0.972402426567,1.));
#1453 = CARTESIAN_POINT('',(-0.968958774822,1.));
#1454 = CARTESIAN_POINT('',(-0.965506721701,1.));
#1455 = CARTESIAN_POINT('',(-0.962055539898,1.));
#1456 = CARTESIAN_POINT('',(-0.958606483126,1.));
#1457 = CARTESIAN_POINT('',(-0.955157758097,1.));
#1458 = CARTESIAN_POINT('',(-0.951708758564,1.));
#1459 = CARTESIAN_POINT('',(-0.94825887349,1.));
#1460 = CARTESIAN_POINT('',(-0.944810631754,1.));
#1461 = CARTESIAN_POINT('',(-0.941358350911,1.));
#1462 = CARTESIAN_POINT('',(-0.937916334002,1.));
#1463 = CARTESIAN_POINT('',(-0.934445351376,1.));
#1464 = CARTESIAN_POINT('',(-0.931012810388,1.));
#1465 = CARTESIAN_POINT('',(-0.92756187064,1.));
#1466 = CARTESIAN_POINT('',(-0.924113973928,1.));
#1467 = CARTESIAN_POINT('',(-0.920663933176,1.));
#1468 = CARTESIAN_POINT('',(-0.917214902229,1.));
#1469 = CARTESIAN_POINT('',(-0.913764981367,1.));
#1470 = CARTESIAN_POINT('',(-0.91031598265,1.));
#1471 = CARTESIAN_POINT('',(-0.906866807732,1.));
#1472 = CARTESIAN_POINT('',(-0.903416948443,1.));
#1473 = CARTESIAN_POINT('',(-0.899966207752,1.));
#1474 = CARTESIAN_POINT('',(-0.8965163328,1.));
#1475 = CARTESIAN_POINT('',(-0.893068678304,1.));
#1476 = CARTESIAN_POINT('',(-0.889624436986,1.));
#1477 = CARTESIAN_POINT('',(-0.886178716165,1.));
#1478 = CARTESIAN_POINT('',(-0.882726858286,1.));
#1479 = CARTESIAN_POINT('',(-0.879263097401,1.));
#1480 = CARTESIAN_POINT('',(-0.875786213344,1.));
#1481 = CARTESIAN_POINT('',(-0.872352460912,1.));
#1482 = CARTESIAN_POINT('',(-0.868925650672,1.));
#1483 = CARTESIAN_POINT('',(-0.865511844008,1.));
#1484 = CARTESIAN_POINT('',(-0.862084166202,1.));
#1485 = CARTESIAN_POINT('',(-0.858582451223,1.));
#1486 = CARTESIAN_POINT('',(-0.855098963324,1.));
#1487 = CARTESIAN_POINT('',(-0.851633987998,1.));
#1488 = CARTESIAN_POINT('',(-0.848181990048,1.));
#1489 = CARTESIAN_POINT('',(-0.844739210724,1.));
#1490 = CARTESIAN_POINT('',(-0.84130179669,1.));
#1491 = CARTESIAN_POINT('',(-0.837866206178,1.));
#1492 = CARTESIAN_POINT('',(-0.834429101659,1.));
#1493 = CARTESIAN_POINT('',(-0.830987073068,1.));
#1494 = CARTESIAN_POINT('',(-0.827539603919,1.));
#1495 = CARTESIAN_POINT('',(-0.824086864909,1.));
#1496 = CARTESIAN_POINT('',(-0.820627682586,1.));
#1497 = CARTESIAN_POINT('',(-0.817166425322,1.));
#1498 = CARTESIAN_POINT('',(-0.813713632584,1.));
#1499 = CARTESIAN_POINT('',(-0.810280336029,1.));
#1500 = CARTESIAN_POINT('',(-0.806867662036,1.));
#1501 = CARTESIAN_POINT('',(-0.803446777856,1.));
#1502 = CARTESIAN_POINT('',(-0.799860278535,1.));
#1503 = CARTESIAN_POINT('',(-0.796539857091,1.));
#1504 = CARTESIAN_POINT('',(-0.793031149122,1.));
#1505 = CARTESIAN_POINT('',(-0.789579119901,1.));
#1506 = CARTESIAN_POINT('',(-0.786140233239,1.));
#1507 = CARTESIAN_POINT('',(-0.782693490474,1.));
#1508 = CARTESIAN_POINT('',(-0.779242665297,1.));
#1509 = CARTESIAN_POINT('',(-0.775790243067,1.));
#1510 = CARTESIAN_POINT('',(-0.772339568642,1.));
#1511 = CARTESIAN_POINT('',(-0.768890653131,1.));
#1512 = CARTESIAN_POINT('',(-0.765441944545,1.));
#1513 = CARTESIAN_POINT('',(-0.761992444986,1.));
#1514 = CARTESIAN_POINT('',(-0.758541384202,1.));
#1515 = CARTESIAN_POINT('',(-0.755089159584,1.));
#1516 = CARTESIAN_POINT('',(-0.751636082855,1.));
#1517 = CARTESIAN_POINT('',(-0.74818219843,1.));
#1518 = CARTESIAN_POINT('',(-0.744728716376,1.));
#1519 = CARTESIAN_POINT('',(-0.741290934371,1.));
#1520 = CARTESIAN_POINT('',(-0.737850148513,1.));
#1521 = CARTESIAN_POINT('',(-0.73440063302,1.));
#1522 = CARTESIAN_POINT('',(-0.730948386497,1.));
#1523 = CARTESIAN_POINT('',(-0.727497300259,1.));
#1524 = CARTESIAN_POINT('',(-0.724052871907,1.));
#1525 = CARTESIAN_POINT('',(-0.720602362272,1.));
#1526 = CARTESIAN_POINT('',(-0.71715134015,1.));
#1527 = CARTESIAN_POINT('',(-0.713700001039,1.));
#1528 = CARTESIAN_POINT('',(-0.710248897118,1.));
#1529 = CARTESIAN_POINT('',(-0.706798162761,1.));
#1530 = CARTESIAN_POINT('',(-0.70334802763,1.));
#1531 = CARTESIAN_POINT('',(-0.699898683696,1.));
#1532 = CARTESIAN_POINT('',(-0.696450361025,1.));
#1533 = CARTESIAN_POINT('',(-0.693003162861,1.));
#1534 = CARTESIAN_POINT('',(-0.689557654565,1.));
#1535 = CARTESIAN_POINT('',(-0.686111877812,1.));
#1536 = CARTESIAN_POINT('',(-0.682662685147,1.));
#1537 = CARTESIAN_POINT('',(-0.679206467936,1.));
#1538 = CARTESIAN_POINT('',(-0.67574248075,1.));
#1539 = CARTESIAN_POINT('',(-0.672281805902,1.));
#1540 = CARTESIAN_POINT('',(-0.668855050587,1.));
#1541 = CARTESIAN_POINT('',(-0.665423993455,1.));
#1542 = CARTESIAN_POINT('',(-0.661955132777,1.));
#1543 = CARTESIAN_POINT('',(-0.658514582954,1.));
#1544 = CARTESIAN_POINT('',(-0.655051542402,1.));
#1545 = CARTESIAN_POINT('',(-0.651628453517,1.));
#1546 = CARTESIAN_POINT('',(-0.648203955177,1.));
#1547 = CARTESIAN_POINT('',(-0.644711745303,1.));
#1548 = CARTESIAN_POINT('',(-0.641248200258,1.));
#1549 = CARTESIAN_POINT('',(-0.637800908482,1.));
#1550 = CARTESIAN_POINT('',(-0.634361289486,1.));
#1551 = CARTESIAN_POINT('',(-0.630918858132,1.));
#1552 = CARTESIAN_POINT('',(-0.627469684257,1.));
#1553 = CARTESIAN_POINT('',(-0.624018131187,1.));
#1554 = CARTESIAN_POINT('',(-0.621717343204,1.));
#1555 = CARTESIAN_POINT('',(-0.620567546256,1.));
#1556 = ( GEOMETRIC_REPRESENTATION_CONTEXT(2) 
PARAMETRIC_REPRESENTATION_CONTEXT() REPRESENTATION_CONTEXT('2D SPACE',''
  ) );
#1557 = PCURVE('',#1347,#1558);
#1558 = DEFINITIONAL_REPRESENTATION('',(#1559),#1612);
#1559 = B_SPLINE_CURVE_WITH_KNOTS('',3,(#1560,#1561,#1562,#1563,#1564,
    #1565,#1566,#1567,#1568,#1569,#1570,#1571,#1572,#1573,#1574,#1575,
    #1576,#1577,#1578,#1579,#1580,#1581,#1582,#1583,#1584,#1585,#1586,
    #1587,#1588,#1589,#1590,#1591,#1592,#1593,#1594,#1595,#1596,#1597,
    #1598,#1599,#1600,#1601,#1602,#1603,#1604,#1605,#1606,#1607,#1608,
    #1609,#1610,#1611),.UNSPECIFIED.,.F.,.F.,(4,2,2,2,2,2,2,2,2,2,2,2,2,
    2,2,2,2,2,2,2,2,2,2,2,2,4),(-1.,-0.998384906986,-0.990204805639,
    -0.96960160016,-0.93410499816,-0.933484003111,-0.932847650332,
    -0.931559207233,-0.928950456751,-0.923668439189,-0.912973775319,
    -0.877465458288,-0.865238272152,-0.817986718005,-0.800789193631,
    -0.79897957147,-0.797125195829,-0.793370584273,-0.785768506454,
    -0.770376345024,-0.74682885461,-0.722699014914,-0.67384258425,
    -0.663025299247,-0.65194049367,-0.620567546244),.UNSPECIFIED.);
#1560 = CARTESIAN_POINT('',(-91.83159295494,1.278786795262));
#1561 = CARTESIAN_POINT('',(-91.74117256365,1.365654378989));
#1562 = CARTESIAN_POINT('',(-91.65144158482,1.450485482577));
#1563 = CARTESIAN_POINT('',(-91.10631713594,1.95928571803));
#1564 = CARTESIAN_POINT('',(-90.68765670651,2.321913647392));
#1565 = CARTESIAN_POINT('',(-89.85922117948,3.038374749375));
#1566 = CARTESIAN_POINT('',(-89.23736486184,3.533949901022));
#1567 = CARTESIAN_POINT('',(-86.95456166056,5.038561948296));
#1568 = CARTESIAN_POINT('',(-84.84336141075,6.168487866892));
#1569 = CARTESIAN_POINT('',(-81.29726464879,7.480216802534));
#1570 = CARTESIAN_POINT('',(-81.21002808306,7.512319884143));
#1571 = CARTESIAN_POINT('',(-81.10695114121,7.550098675611));
#1572 = CARTESIAN_POINT('',(-81.09051222635,7.556091774044));
#1573 = CARTESIAN_POINT('',(-80.99863281905,7.589613683199));
#1574 = CARTESIAN_POINT('',(-80.93652170621,7.612179806559));
#1575 = CARTESIAN_POINT('',(-80.74683981331,7.680798787122));
#1576 = CARTESIAN_POINT('',(-80.61741100434,7.727223255306));
#1577 = CARTESIAN_POINT('',(-80.21873058827,7.868952137587));
#1578 = CARTESIAN_POINT('',(-79.94209536729,7.965597811616));
#1579 = CARTESIAN_POINT('',(-79.0782480258,8.261738714358));
#1580 = CARTESIAN_POINT('',(-78.4630396926,8.465153514422));
#1581 = CARTESIAN_POINT('',(-75.68551358301,9.346929833034));
#1582 = CARTESIAN_POINT('',(-73.2158467231,10.028363824348));
#1583 = CARTESIAN_POINT('',(-70.26262598618,10.747075080533));
#1584 = CARTESIAN_POINT('',(-69.55778505721,10.910737693459));
#1585 = CARTESIAN_POINT('',(-66.29044465347,11.642740205423));
#1586 = CARTESIAN_POINT('',(-63.45464160379,12.18927412392));
#1587 = CARTESIAN_POINT('',(-59.28361854895,12.845612217654));
#1588 = CARTESIAN_POINT('',(-58.14126932224,13.012113121979));
#1589 = CARTESIAN_POINT('',(-56.84751956553,13.185069938164));
#1590 = CARTESIAN_POINT('',(-56.73102433687,13.200481576799));
#1591 = CARTESIAN_POINT('',(-56.50073702001,13.23067446565));
#1592 = CARTESIAN_POINT('',(-56.38409384414,13.245818879198));
#1593 = CARTESIAN_POINT('',(-56.0310322994,13.291207389083));
#1594 = CARTESIAN_POINT('',(-55.79436068652,13.321021637122));
#1595 = CARTESIAN_POINT('',(-55.07775616063,13.409435139691));
#1596 = CARTESIAN_POINT('',(-54.59707090049,13.466220710593));
#1597 = CARTESIAN_POINT('',(-53.14230383666,13.630464495271));
#1598 = CARTESIAN_POINT('',(-52.1673839626,13.730169851364));
#1599 = CARTESIAN_POINT('',(-49.71261328842,13.956289758264));
#1600 = CARTESIAN_POINT('',(-48.23861558427,14.068749016184));
#1601 = CARTESIAN_POINT('',(-45.31950008744,14.252888365382));
#1602 = CARTESIAN_POINT('',(-43.90512110696,14.322858198878));
#1603 = CARTESIAN_POINT('',(-39.47638041616,14.493710262672));
#1604 = CARTESIAN_POINT('',(-36.35845423847,14.544834341334));
#1605 = CARTESIAN_POINT('',(-32.53697575399,14.559012692999));
#1606 = CARTESIAN_POINT('',(-31.85450678758,14.559759999431));
#1607 = CARTESIAN_POINT('',(-30.40776844972,14.558073760756));
#1608 = CARTESIAN_POINT('',(-29.65390761501,14.55538755733));
#1609 = CARTESIAN_POINT('',(-27.05038096991,14.541807861859));
#1610 = CARTESIAN_POINT('',(-25.077369917,14.522808790614));
#1611 = CARTESIAN_POINT('',(-23.12797178225,14.49237415085));
#1612 = ( GEOMETRIC_REPRESENTATION_CONTEXT(2) 
PARAMETRIC_REPRESENTATION_CONTEXT() REPRESENTATION_CONTEXT('2D SPACE',''
  ) );
#1613 = ORIENTED_EDGE('',*,*,#1614,.F.);
#1614 = EDGE_CURVE('',#128,#1384,#1615,.T.);
#1615 = SURFACE_CURVE('',#1616,(#1620,#1626),.PCURVE_S1.);
#1616 = LINE('',#1617,#1618);
#1617 = CARTESIAN_POINT('',(53.000021613966,10.59434190052,
    10.838546794692));
#1618 = VECTOR('',#1619,1.);
#1619 = DIRECTION('',(-1.,-1.7763568394E-15,4.884981308351E-15));
#1620 = PCURVE('',#241,#1621);
#1621 = DEFINITIONAL_REPRESENTATION('',(#1622),#1625);
#1622 = B_SPLINE_CURVE_WITH_KNOTS('',1,(#1623,#1624),.UNSPECIFIED.,.F.,
  .F.,(2,2),(0.,10.),.PIECEWISE_BEZIER_KNOTS.);
#1623 = CARTESIAN_POINT('',(-1.,-3.621235254829E-16));
#1624 = CARTESIAN_POINT('',(-1.,1.));
#1625 = ( GEOMETRIC_REPRESENTATION_CONTEXT(2) 
PARAMETRIC_REPRESENTATION_CONTEXT() REPRESENTATION_CONTEXT('2D SPACE',''
  ) );
#1626 = PCURVE('',#477,#1627);
#1627 = DEFINITIONAL_REPRESENTATION('',(#1628),#1632);
#1628 = LINE('',#1629,#1630);
#1629 = CARTESIAN_POINT('',(10.838546816003,-5.));
#1630 = VECTOR('',#1631,1.);
#1631 = DIRECTION('',(4.884981308351E-15,1.));
#1632 = ( GEOMETRIC_REPRESENTATION_CONTEXT(2) 
PARAMETRIC_REPRESENTATION_CONTEXT() REPRESENTATION_CONTEXT('2D SPACE',''
  ) );
#1633 = ORIENTED_EDGE('',*,*,#127,.F.);
#1634 = ADVANCED_FACE('',(#1635),#799,.T.);
#1635 = FACE_BOUND('',#1636,.T.);
#1636 = EDGE_LOOP('',(#1637,#1659,#1746,#1747));
#1637 = ORIENTED_EDGE('',*,*,#1638,.T.);
#1638 = EDGE_CURVE('',#736,#1639,#1641,.T.);
#1639 = VERTEX_POINT('',#1640);
#1640 = CARTESIAN_POINT('',(43.000021613966,117.70004396053,
    21.562572539369));
#1641 = SURFACE_CURVE('',#1642,(#1646,#1652),.PCURVE_S1.);
#1642 = LINE('',#1643,#1644);
#1643 = CARTESIAN_POINT('',(53.000021613966,117.70004396053,
    21.562572539369));
#1644 = VECTOR('',#1645,1.);
#1645 = DIRECTION('',(-1.,-1.7763568394E-15,4.884981308351E-15));
#1646 = PCURVE('',#799,#1647);
#1647 = DEFINITIONAL_REPRESENTATION('',(#1648),#1651);
#1648 = B_SPLINE_CURVE_WITH_KNOTS('',1,(#1649,#1650),.UNSPECIFIED.,.F.,
  .F.,(2,2),(0.,10.),.PIECEWISE_BEZIER_KNOTS.);
#1649 = CARTESIAN_POINT('',(-0.414491212078,-2.522071093737E-16));
#1650 = CARTESIAN_POINT('',(-0.414491212078,1.));
#1651 = ( GEOMETRIC_REPRESENTATION_CONTEXT(2) 
PARAMETRIC_REPRESENTATION_CONTEXT() REPRESENTATION_CONTEXT('2D SPACE',''
  ) );
#1652 = PCURVE('',#751,#1653);
#1653 = DEFINITIONAL_REPRESENTATION('',(#1654),#1658);
#1654 = LINE('',#1655,#1656);
#1655 = CARTESIAN_POINT('',(4.137130390659E-16,-5.));
#1656 = VECTOR('',#1657,1.);
#1657 = DIRECTION('',(-2.333126950112E-15,1.));
#1658 = ( GEOMETRIC_REPRESENTATION_CONTEXT(2) 
PARAMETRIC_REPRESENTATION_CONTEXT() REPRESENTATION_CONTEXT('2D SPACE',''
  ) );
#1659 = ORIENTED_EDGE('',*,*,#1660,.F.);
#1660 = EDGE_CURVE('',#1310,#1639,#1661,.T.);
#1661 = SURFACE_CURVE('',#1662,(#1677,#1728),.PCURVE_S1.);
#1662 = B_SPLINE_CURVE_WITH_KNOTS('',3,(#1663,#1664,#1665,#1666,#1667,
    #1668,#1669,#1670,#1671,#1672,#1673,#1674,#1675,#1676),
  .UNSPECIFIED.,.F.,.F.,(4,2,2,2,2,2,4),(-0.59332926045,-0.574944664206,
    -0.550318167277,-0.525082636324,-0.479205990006,-0.463408499707,
    -0.414491212076),.UNSPECIFIED.);
#1663 = CARTESIAN_POINT('',(43.000021613966,84.298053084547,
    23.945832119128));
#1664 = CARTESIAN_POINT('',(43.000021613966,85.429143551566,
    23.915053924549));
#1665 = CARTESIAN_POINT('',(43.000021613966,86.59223577597,
    23.878593299129));
#1666 = CARTESIAN_POINT('',(43.000021613966,89.335621051743,
    23.779491880381));
#1667 = CARTESIAN_POINT('',(43.000021613966,90.924023855941,
    23.711993237066));
#1668 = CARTESIAN_POINT('',(43.000021613966,94.051037766724,
    23.559063861327));
#1669 = CARTESIAN_POINT('',(43.000021613966,95.520888706725,
    23.477565989602));
#1670 = CARTESIAN_POINT('',(43.000021613966,99.863791957716,
    23.210007111038));
#1671 = CARTESIAN_POINT('',(43.000021613966,102.92917973626,
    22.984756213237));
#1672 = CARTESIAN_POINT('',(43.000021613966,106.75854224371,
    22.660056771844));
#1673 = CARTESIAN_POINT('',(43.000021613966,107.69225030749,
    22.5773386528));
#1674 = CARTESIAN_POINT('',(43.000021613966,111.50191235812,
    22.227402640772));
#1675 = CARTESIAN_POINT('',(43.000021613966,114.57438652635,
    21.913097325089));
#1676 = CARTESIAN_POINT('',(43.000021613966,117.70004396053,
    21.562572539369));
#1677 = PCURVE('',#799,#1678);
#1678 = DEFINITIONAL_REPRESENTATION('',(#1679),#1727);
#1679 = B_SPLINE_CURVE_WITH_KNOTS('',3,(#1680,#1681,#1682,#1683,#1684,
    #1685,#1686,#1687,#1688,#1689,#1690,#1691,#1692,#1693,#1694,#1695,
    #1696,#1697,#1698,#1699,#1700,#1701,#1702,#1703,#1704,#1705,#1706,
    #1707,#1708,#1709,#1710,#1711,#1712,#1713,#1714,#1715,#1716,#1717,
    #1718,#1719,#1720,#1721,#1722,#1723,#1724,#1725,#1726),
  .UNSPECIFIED.,.F.,.F.,(4,1,1,1,1,1,1,1,1,1,1,1,1,1,1,1,1,1,1,1,1,1,1,1
    ,1,1,1,1,1,1,1,1,1,1,1,1,1,1,1,1,1,1,1,1,4),(-0.59332926045,
    -0.589264759351,-0.585200258251,-0.581135757152,-0.577071256052,
    -0.573006754953,-0.568942253854,-0.564877752754,-0.560813251655,
    -0.556748750555,-0.552684249456,-0.548619748356,-0.544555247257,
    -0.540490746158,-0.536426245058,-0.532361743959,-0.528297242859,
    -0.52423274176,-0.520168240661,-0.516103739561,-0.512039238462,
    -0.507974737362,-0.503910236263,-0.499845735164,-0.495781234064,
    -0.491716732965,-0.487652231865,-0.483587730766,-0.479523229667,
    -0.475458728567,-0.471394227468,-0.467329726368,-0.463265225269,
    -0.459200724169,-0.45513622307,-0.451071721971,-0.447007220871,
    -0.442942719772,-0.438878218672,-0.434813717573,-0.430749216474,
    -0.426684715374,-0.422620214275,-0.418555713175,-0.414491212076),
  .UNSPECIFIED.);
#1680 = CARTESIAN_POINT('',(-0.59332926045,1.));
#1681 = CARTESIAN_POINT('',(-0.591974419025,1.));
#1682 = CARTESIAN_POINT('',(-0.589263483298,1.));
#1683 = CARTESIAN_POINT('',(-0.585195396677,1.));
#1684 = CARTESIAN_POINT('',(-0.581127701687,1.));
#1685 = CARTESIAN_POINT('',(-0.577062476286,1.));
#1686 = CARTESIAN_POINT('',(-0.573001385245,1.));
#1687 = CARTESIAN_POINT('',(-0.568947325811,1.));
#1688 = CARTESIAN_POINT('',(-0.564898710364,1.));
#1689 = CARTESIAN_POINT('',(-0.560848302958,1.));
#1690 = CARTESIAN_POINT('',(-0.556789433979,1.));
#1691 = CARTESIAN_POINT('',(-0.552717076374,1.));
#1692 = CARTESIAN_POINT('',(-0.548617035625,1.));
#1693 = CARTESIAN_POINT('',(-0.544533271264,1.));
#1694 = CARTESIAN_POINT('',(-0.540459247568,1.));
#1695 = CARTESIAN_POINT('',(-0.536395073788,1.));
#1696 = CARTESIAN_POINT('',(-0.532338848158,1.));
#1697 = CARTESIAN_POINT('',(-0.52828786294,1.));
#1698 = CARTESIAN_POINT('',(-0.524243005715,1.));
#1699 = CARTESIAN_POINT('',(-0.520186290237,1.));
#1700 = CARTESIAN_POINT('',(-0.516120486402,1.));
#1701 = CARTESIAN_POINT('',(-0.512049933494,1.));
#1702 = CARTESIAN_POINT('',(-0.507978286956,1.));
#1703 = CARTESIAN_POINT('',(-0.503909211688,1.));
#1704 = CARTESIAN_POINT('',(-0.49984628387,1.));
#1705 = CARTESIAN_POINT('',(-0.495786395565,1.));
#1706 = CARTESIAN_POINT('',(-0.491726699657,1.));
#1707 = CARTESIAN_POINT('',(-0.487663650009,1.));
#1708 = CARTESIAN_POINT('',(-0.48359606301,1.));
#1709 = CARTESIAN_POINT('',(-0.479513212784,1.));
#1710 = CARTESIAN_POINT('',(-0.475440267945,1.));
#1711 = CARTESIAN_POINT('',(-0.471394384103,1.));
#1712 = CARTESIAN_POINT('',(-0.467332343324,1.));
#1713 = CARTESIAN_POINT('',(-0.463273940837,1.));
#1714 = CARTESIAN_POINT('',(-0.459200631048,1.));
#1715 = CARTESIAN_POINT('',(-0.455127879989,1.));
#1716 = CARTESIAN_POINT('',(-0.451061867952,1.));
#1717 = CARTESIAN_POINT('',(-0.446998822314,1.));
#1718 = CARTESIAN_POINT('',(-0.442937733512,1.));
#1719 = CARTESIAN_POINT('',(-0.438877000483,1.));
#1720 = CARTESIAN_POINT('',(-0.434815015976,1.));
#1721 = CARTESIAN_POINT('',(-0.430751318013,1.));
#1722 = CARTESIAN_POINT('',(-0.426686613463,1.));
#1723 = CARTESIAN_POINT('',(-0.422621342893,1.));
#1724 = CARTESIAN_POINT('',(-0.418556004094,1.));
#1725 = CARTESIAN_POINT('',(-0.415846045243,1.));
#1726 = CARTESIAN_POINT('',(-0.414491212078,1.));
#1727 = ( GEOMETRIC_REPRESENTATION_CONTEXT(2) 
PARAMETRIC_REPRESENTATION_CONTEXT() REPRESENTATION_CONTEXT('2D SPACE',''
  ) );
#1728 = PCURVE('',#1347,#1729);
#1729 = DEFINITIONAL_REPRESENTATION('',(#1730),#1745);
#1730 = B_SPLINE_CURVE_WITH_KNOTS('',3,(#1731,#1732,#1733,#1734,#1735,
    #1736,#1737,#1738,#1739,#1740,#1741,#1742,#1743,#1744),
  .UNSPECIFIED.,.F.,.F.,(4,2,2,2,2,2,4),(-0.59332926045,-0.574944664206,
    -0.550318167277,-0.525082636324,-0.479205990006,-0.463408499707,
    -0.414491212076),.UNSPECIFIED.);
#1731 = CARTESIAN_POINT('',(-18.12788177092,14.386072119698));
#1732 = CARTESIAN_POINT('',(-16.9967913039,14.355293925119));
#1733 = CARTESIAN_POINT('',(-15.8336990795,14.318833299699));
#1734 = CARTESIAN_POINT('',(-13.09031380372,14.219731880951));
#1735 = CARTESIAN_POINT('',(-11.50191099952,14.152233237636));
#1736 = CARTESIAN_POINT('',(-8.374897088746,13.999303861897));
#1737 = CARTESIAN_POINT('',(-6.905046148745,13.917805990172));
#1738 = CARTESIAN_POINT('',(-2.562142897754,13.650247111608));
#1739 = CARTESIAN_POINT('',(0.50324488079,13.424996213807));
#1740 = CARTESIAN_POINT('',(4.33260738824,13.100296772414));
#1741 = CARTESIAN_POINT('',(5.26631545202,13.01757865337));
#1742 = CARTESIAN_POINT('',(9.07597750265,12.667642641342));
#1743 = CARTESIAN_POINT('',(12.14845167088,12.353337325659));
#1744 = CARTESIAN_POINT('',(15.27410910506,12.002812539939));
#1745 = ( GEOMETRIC_REPRESENTATION_CONTEXT(2) 
PARAMETRIC_REPRESENTATION_CONTEXT() REPRESENTATION_CONTEXT('2D SPACE',''
  ) );
#1746 = ORIENTED_EDGE('',*,*,#1309,.F.);
#1747 = ORIENTED_EDGE('',*,*,#763,.F.);
#1748 = ADVANCED_FACE('',(#1749),#477,.T.);
#1749 = FACE_BOUND('',#1750,.T.);
#1750 = EDGE_LOOP('',(#1751,#1752,#1775,#1796));
#1751 = ORIENTED_EDGE('',*,*,#1614,.T.);
#1752 = ORIENTED_EDGE('',*,*,#1753,.F.);
#1753 = EDGE_CURVE('',#1754,#1384,#1756,.T.);
#1754 = VERTEX_POINT('',#1755);
#1755 = CARTESIAN_POINT('',(43.000021613966,10.594341900521,
    -2.131079147234E-08));
#1756 = SURFACE_CURVE('',#1757,(#1761,#1768),.PCURVE_S1.);
#1757 = LINE('',#1758,#1759);
#1758 = CARTESIAN_POINT('',(43.000021613966,10.594341900521,
    10.838546794692));
#1759 = VECTOR('',#1760,1.);
#1760 = DIRECTION('',(0.,-1.676692654476E-15,1.));
#1761 = PCURVE('',#477,#1762);
#1762 = DEFINITIONAL_REPRESENTATION('',(#1763),#1767);
#1763 = LINE('',#1764,#1765);
#1764 = CARTESIAN_POINT('',(10.838546816003,5.));
#1765 = VECTOR('',#1766,1.);
#1766 = DIRECTION('',(1.,0.));
#1767 = ( GEOMETRIC_REPRESENTATION_CONTEXT(2) 
PARAMETRIC_REPRESENTATION_CONTEXT() REPRESENTATION_CONTEXT('2D SPACE',''
  ) );
#1768 = PCURVE('',#1347,#1769);
#1769 = DEFINITIONAL_REPRESENTATION('',(#1770),#1774);
#1770 = LINE('',#1771,#1772);
#1771 = CARTESIAN_POINT('',(-91.83159295494,1.278786795262));
#1772 = VECTOR('',#1773,1.);
#1773 = DIRECTION('',(-1.676692654476E-15,1.));
#1774 = ( GEOMETRIC_REPRESENTATION_CONTEXT(2) 
PARAMETRIC_REPRESENTATION_CONTEXT() REPRESENTATION_CONTEXT('2D SPACE',''
  ) );
#1775 = ORIENTED_EDGE('',*,*,#1776,.T.);
#1776 = EDGE_CURVE('',#1754,#462,#1777,.T.);
#1777 = SURFACE_CURVE('',#1778,(#1782,#1789),.PCURVE_S1.);
#1778 = LINE('',#1779,#1780);
#1779 = CARTESIAN_POINT('',(48.000021613966,10.594341900521,
    -2.131079509085E-08));
#1780 = VECTOR('',#1781,1.);
#1781 = DIRECTION('',(1.,0.,1.443289932013E-15));
#1782 = PCURVE('',#477,#1783);
#1783 = DEFINITIONAL_REPRESENTATION('',(#1784),#1788);
#1784 = LINE('',#1785,#1786);
#1785 = CARTESIAN_POINT('',(2.597699998666E-16,5.534627882024E-61));
#1786 = VECTOR('',#1787,1.);
#1787 = DIRECTION('',(1.443289932013E-15,-1.));
#1788 = ( GEOMETRIC_REPRESENTATION_CONTEXT(2) 
PARAMETRIC_REPRESENTATION_CONTEXT() REPRESENTATION_CONTEXT('2D SPACE',''
  ) );
#1789 = PCURVE('',#505,#1790);
#1790 = DEFINITIONAL_REPRESENTATION('',(#1791),#1795);
#1791 = LINE('',#1792,#1793);
#1792 = CARTESIAN_POINT('',(0.,0.));
#1793 = VECTOR('',#1794,1.);
#1794 = DIRECTION('',(-1.418142913441E-16,1.));
#1795 = ( GEOMETRIC_REPRESENTATION_CONTEXT(2) 
PARAMETRIC_REPRESENTATION_CONTEXT() REPRESENTATION_CONTEXT('2D SPACE',''
  ) );
#1796 = ORIENTED_EDGE('',*,*,#461,.F.);
#1797 = ADVANCED_FACE('',(#1798),#751,.T.);
#1798 = FACE_BOUND('',#1799,.T.);
#1799 = EDGE_LOOP('',(#1800,#1801,#1823,#1844));
#1800 = ORIENTED_EDGE('',*,*,#735,.F.);
#1801 = ORIENTED_EDGE('',*,*,#1802,.T.);
#1802 = EDGE_CURVE('',#546,#1803,#1805,.T.);
#1803 = VERTEX_POINT('',#1804);
#1804 = CARTESIAN_POINT('',(43.000021613966,122.70053261988,
    20.976277477926));
#1805 = SURFACE_CURVE('',#1806,(#1810,#1817),.PCURVE_S1.);
#1806 = LINE('',#1807,#1808);
#1807 = CARTESIAN_POINT('',(48.000021613966,122.70053261988,
    20.976277477926));
#1808 = VECTOR('',#1809,1.);
#1809 = DIRECTION('',(-1.,0.,7.578661487204E-16));
#1810 = PCURVE('',#751,#1811);
#1811 = DEFINITIONAL_REPRESENTATION('',(#1812),#1816);
#1812 = LINE('',#1813,#1814);
#1813 = CARTESIAN_POINT('',(5.034742171289,-1.33120277756E-30));
#1814 = VECTOR('',#1815,1.);
#1815 = DIRECTION('',(-8.825341300742E-17,1.));
#1816 = ( GEOMETRIC_REPRESENTATION_CONTEXT(2) 
PARAMETRIC_REPRESENTATION_CONTEXT() REPRESENTATION_CONTEXT('2D SPACE',''
  ) );
#1817 = PCURVE('',#615,#1818);
#1818 = DEFINITIONAL_REPRESENTATION('',(#1819),#1822);
#1819 = B_SPLINE_CURVE_WITH_KNOTS('',1,(#1820,#1821),.UNSPECIFIED.,.F.,
  .F.,(2,2),(-5.,5.),.PIECEWISE_BEZIER_KNOTS.);
#1820 = CARTESIAN_POINT('',(-0.388380050794,1.95711042858E-11));
#1821 = CARTESIAN_POINT('',(-0.388380050794,1.));
#1822 = ( GEOMETRIC_REPRESENTATION_CONTEXT(2) 
PARAMETRIC_REPRESENTATION_CONTEXT() REPRESENTATION_CONTEXT('2D SPACE',''
  ) );
#1823 = ORIENTED_EDGE('',*,*,#1824,.F.);
#1824 = EDGE_CURVE('',#1639,#1803,#1825,.T.);
#1825 = SURFACE_CURVE('',#1826,(#1830,#1837),.PCURVE_S1.);
#1826 = LINE('',#1827,#1828);
#1827 = CARTESIAN_POINT('',(43.000021613966,122.70053261988,
    20.976277477926));
#1828 = VECTOR('',#1829,1.);
#1829 = DIRECTION('',(-3.917086905266E-31,0.993196570793,-0.116449868036
    ));
#1830 = PCURVE('',#751,#1831);
#1831 = DEFINITIONAL_REPRESENTATION('',(#1832),#1836);
#1832 = LINE('',#1833,#1834);
#1833 = CARTESIAN_POINT('',(5.034742171289,5.));
#1834 = VECTOR('',#1835,1.);
#1835 = DIRECTION('',(1.,6.162975822039E-32));
#1836 = ( GEOMETRIC_REPRESENTATION_CONTEXT(2) 
PARAMETRIC_REPRESENTATION_CONTEXT() REPRESENTATION_CONTEXT('2D SPACE',''
  ) );
#1837 = PCURVE('',#1347,#1838);
#1838 = DEFINITIONAL_REPRESENTATION('',(#1839),#1843);
#1839 = LINE('',#1840,#1841);
#1840 = CARTESIAN_POINT('',(20.27459776441,11.416517478496));
#1841 = VECTOR('',#1842,1.);
#1842 = DIRECTION('',(0.993196570793,-0.116449868036));
#1843 = ( GEOMETRIC_REPRESENTATION_CONTEXT(2) 
PARAMETRIC_REPRESENTATION_CONTEXT() REPRESENTATION_CONTEXT('2D SPACE',''
  ) );
#1844 = ORIENTED_EDGE('',*,*,#1638,.F.);
#1845 = ADVANCED_FACE('',(#1846),#505,.T.);
#1846 = FACE_BOUND('',#1847,.T.);
#1847 = EDGE_LOOP('',(#1848,#1878,#1906,#1929,#1950,#1951,#1952,#1975,
    #2003,#2031,#2059,#2082));
#1848 = ORIENTED_EDGE('',*,*,#1849,.F.);
#1849 = EDGE_CURVE('',#1850,#1852,#1854,.T.);
#1850 = VERTEX_POINT('',#1851);
#1851 = CARTESIAN_POINT('',(48.000021613966,174.25752781042,
    -5.817494047151E-10));
#1852 = VERTEX_POINT('',#1853);
#1853 = CARTESIAN_POINT('',(48.000021613966,145.65000001249,
    -2.821430840012E-09));
#1854 = SURFACE_CURVE('',#1855,(#1859,#1866),.PCURVE_S1.);
#1855 = LINE('',#1856,#1857);
#1856 = CARTESIAN_POINT('',(48.000021613966,56.510138378552,
    -1.598350507503E-08));
#1857 = VECTOR('',#1858,1.);
#1858 = DIRECTION('',(1.418142915116E-16,-1.,-1.160230382424E-10));
#1859 = PCURVE('',#505,#1860);
#1860 = DEFINITIONAL_REPRESENTATION('',(#1861),#1865);
#1861 = LINE('',#1862,#1863);
#1862 = CARTESIAN_POINT('',(45.915796478031,6.511516146723E-15));
#1863 = VECTOR('',#1864,1.);
#1864 = DIRECTION('',(-1.,-1.316709540717E-33));
#1865 = ( GEOMETRIC_REPRESENTATION_CONTEXT(2) 
PARAMETRIC_REPRESENTATION_CONTEXT() REPRESENTATION_CONTEXT('2D SPACE',''
  ) );
#1866 = PCURVE('',#1867,#1872);
#1867 = PLANE('',#1868);
#1868 = AXIS2_PLACEMENT_3D('',#1869,#1870,#1871);
#1869 = CARTESIAN_POINT('',(48.000021613966,102.42593485547,
    9.55975999943));
#1870 = DIRECTION('',(1.,1.418142915995E-16,-7.578661487847E-16));
#1871 = DIRECTION('',(-1.418142915995E-16,1.,0.));
#1872 = DEFINITIONAL_REPRESENTATION('',(#1873),#1877);
#1873 = LINE('',#1874,#1875);
#1874 = CARTESIAN_POINT('',(-45.91579647691,-9.559760015414));
#1875 = VECTOR('',#1876,1.);
#1876 = DIRECTION('',(-1.,-1.160230382424E-10));
#1877 = ( GEOMETRIC_REPRESENTATION_CONTEXT(2) 
PARAMETRIC_REPRESENTATION_CONTEXT() REPRESENTATION_CONTEXT('2D SPACE',''
  ) );
#1878 = ORIENTED_EDGE('',*,*,#1879,.T.);
#1879 = EDGE_CURVE('',#1850,#1880,#1882,.T.);
#1880 = VERTEX_POINT('',#1881);
#1881 = CARTESIAN_POINT('',(43.000021613966,174.25752781042,
    -1.630309679781E-12));
#1882 = SURFACE_CURVE('',#1883,(#1887,#1894),.PCURVE_S1.);
#1883 = LINE('',#1884,#1885);
#1884 = CARTESIAN_POINT('',(48.000021613966,174.25752781042,
    -2.322095013141E-09));
#1885 = VECTOR('',#1886,1.);
#1886 = DIRECTION('',(-1.,1.621576396572E-30,-1.443289932013E-15));
#1887 = PCURVE('',#505,#1888);
#1888 = DEFINITIONAL_REPRESENTATION('',(#1889),#1893);
#1889 = LINE('',#1890,#1891);
#1890 = CARTESIAN_POINT('',(163.66318590989,2.320977875634E-14));
#1891 = VECTOR('',#1892,1.);
#1892 = DIRECTION('',(1.418142913441E-16,-1.));
#1893 = ( GEOMETRIC_REPRESENTATION_CONTEXT(2) 
PARAMETRIC_REPRESENTATION_CONTEXT() REPRESENTATION_CONTEXT('2D SPACE',''
  ) );
#1894 = PCURVE('',#1895,#1900);
#1895 = PLANE('',#1896);
#1896 = AXIS2_PLACEMENT_3D('',#1897,#1898,#1899);
#1897 = CARTESIAN_POINT('',(48.000021613966,174.25752781042,
    -1.634248292248E-12));
#1898 = DIRECTION('',(5.583147280118E-31,1.,7.366930545116E-16));
#1899 = DIRECTION('',(0.,7.366930545116E-16,-1.));
#1900 = DEFINITIONAL_REPRESENTATION('',(#1901),#1905);
#1901 = LINE('',#1902,#1903);
#1902 = CARTESIAN_POINT('',(2.320460764849E-09,-9.544207866854E-55));
#1903 = VECTOR('',#1904,1.);
#1904 = DIRECTION('',(1.443289932013E-15,1.));
#1905 = ( GEOMETRIC_REPRESENTATION_CONTEXT(2) 
PARAMETRIC_REPRESENTATION_CONTEXT() REPRESENTATION_CONTEXT('2D SPACE',''
  ) );
#1906 = ORIENTED_EDGE('',*,*,#1907,.F.);
#1907 = EDGE_CURVE('',#1908,#1880,#1910,.T.);
#1908 = VERTEX_POINT('',#1909);
#1909 = CARTESIAN_POINT('',(43.000021613966,194.25752781042,
    -1.629860923378E-12));
#1910 = SURFACE_CURVE('',#1911,(#1915,#1922),.PCURVE_S1.);
#1911 = LINE('',#1912,#1913);
#1912 = CARTESIAN_POINT('',(43.000021613966,102.42593485658,
    -1.065622243224E-08));
#1913 = VECTOR('',#1914,1.);
#1914 = DIRECTION('',(1.418142915116E-16,-1.,-1.160230382424E-10));
#1915 = PCURVE('',#505,#1916);
#1916 = DEFINITIONAL_REPRESENTATION('',(#1917),#1921);
#1917 = LINE('',#1918,#1919);
#1918 = CARTESIAN_POINT('',(91.831592956059,-5.));
#1919 = VECTOR('',#1920,1.);
#1920 = DIRECTION('',(-1.,-1.316709540717E-33));
#1921 = ( GEOMETRIC_REPRESENTATION_CONTEXT(2) 
PARAMETRIC_REPRESENTATION_CONTEXT() REPRESENTATION_CONTEXT('2D SPACE',''
  ) );
#1922 = PCURVE('',#1347,#1923);
#1923 = DEFINITIONAL_REPRESENTATION('',(#1924),#1928);
#1924 = LINE('',#1925,#1926);
#1925 = CARTESIAN_POINT('',(1.10999565095E-09,-9.559760010086));
#1926 = VECTOR('',#1927,1.);
#1927 = DIRECTION('',(-1.,-1.160230382424E-10));
#1928 = ( GEOMETRIC_REPRESENTATION_CONTEXT(2) 
PARAMETRIC_REPRESENTATION_CONTEXT() REPRESENTATION_CONTEXT('2D SPACE',''
  ) );
#1929 = ORIENTED_EDGE('',*,*,#1930,.T.);
#1930 = EDGE_CURVE('',#1908,#490,#1931,.T.);
#1931 = SURFACE_CURVE('',#1932,(#1936,#1943),.PCURVE_S1.);
#1932 = LINE('',#1933,#1934);
#1933 = CARTESIAN_POINT('',(48.000021613966,194.25752781042,
    -1.634248292248E-12));
#1934 = VECTOR('',#1935,1.);
#1935 = DIRECTION('',(1.,0.,1.443289932013E-15));
#1936 = PCURVE('',#505,#1937);
#1937 = DEFINITIONAL_REPRESENTATION('',(#1938),#1942);
#1938 = LINE('',#1939,#1940);
#1939 = CARTESIAN_POINT('',(183.66318590989,2.604606458658E-14));
#1940 = VECTOR('',#1941,1.);
#1941 = DIRECTION('',(-1.418142913441E-16,1.));
#1942 = ( GEOMETRIC_REPRESENTATION_CONTEXT(2) 
PARAMETRIC_REPRESENTATION_CONTEXT() REPRESENTATION_CONTEXT('2D SPACE',''
  ) );
#1943 = PCURVE('',#533,#1944);
#1944 = DEFINITIONAL_REPRESENTATION('',(#1945),#1949);
#1945 = LINE('',#1946,#1947);
#1946 = CARTESIAN_POINT('',(7.697199955414,0.));
#1947 = VECTOR('',#1948,1.);
#1948 = DIRECTION('',(-1.443289932013E-15,-1.));
#1949 = ( GEOMETRIC_REPRESENTATION_CONTEXT(2) 
PARAMETRIC_REPRESENTATION_CONTEXT() REPRESENTATION_CONTEXT('2D SPACE',''
  ) );
#1950 = ORIENTED_EDGE('',*,*,#489,.F.);
#1951 = ORIENTED_EDGE('',*,*,#1776,.F.);
#1952 = ORIENTED_EDGE('',*,*,#1953,.F.);
#1953 = EDGE_CURVE('',#1954,#1754,#1956,.T.);
#1954 = VERTEX_POINT('',#1955);
#1955 = CARTESIAN_POINT('',(43.000021613966,40.594341900521,
    -2.326229063595E-08));
#1956 = SURFACE_CURVE('',#1957,(#1961,#1968),.PCURVE_S1.);
#1957 = LINE('',#1958,#1959);
#1958 = CARTESIAN_POINT('',(43.000021613966,102.42593485658,
    -1.065622243224E-08));
#1959 = VECTOR('',#1960,1.);
#1960 = DIRECTION('',(1.418142915116E-16,-1.,-1.160230382424E-10));
#1961 = PCURVE('',#505,#1962);
#1962 = DEFINITIONAL_REPRESENTATION('',(#1963),#1967);
#1963 = LINE('',#1964,#1965);
#1964 = CARTESIAN_POINT('',(91.831592956059,-5.));
#1965 = VECTOR('',#1966,1.);
#1966 = DIRECTION('',(-1.,-1.316709540717E-33));
#1967 = ( GEOMETRIC_REPRESENTATION_CONTEXT(2) 
PARAMETRIC_REPRESENTATION_CONTEXT() REPRESENTATION_CONTEXT('2D SPACE',''
  ) );
#1968 = PCURVE('',#1347,#1969);
#1969 = DEFINITIONAL_REPRESENTATION('',(#1970),#1974);
#1970 = LINE('',#1971,#1972);
#1971 = CARTESIAN_POINT('',(1.10999565095E-09,-9.559760010086));
#1972 = VECTOR('',#1973,1.);
#1973 = DIRECTION('',(-1.,-1.160230382424E-10));
#1974 = ( GEOMETRIC_REPRESENTATION_CONTEXT(2) 
PARAMETRIC_REPRESENTATION_CONTEXT() REPRESENTATION_CONTEXT('2D SPACE',''
  ) );
#1975 = ORIENTED_EDGE('',*,*,#1976,.F.);
#1976 = EDGE_CURVE('',#1977,#1954,#1979,.T.);
#1977 = VERTEX_POINT('',#1978);
#1978 = CARTESIAN_POINT('',(48.000021613966,40.594341900521,
    -2.190424688203E-08));
#1979 = SURFACE_CURVE('',#1980,(#1984,#1991),.PCURVE_S1.);
#1980 = LINE('',#1981,#1982);
#1981 = CARTESIAN_POINT('',(48.000021613966,40.594341900521,
    -1.783010371292E-08));
#1982 = VECTOR('',#1983,1.);
#1983 = DIRECTION('',(-1.,3.278377124863E-30,-1.443289932013E-15));
#1984 = PCURVE('',#505,#1985);
#1985 = DEFINITIONAL_REPRESENTATION('',(#1986),#1990);
#1986 = LINE('',#1987,#1988);
#1987 = CARTESIAN_POINT('',(30.,4.254428745348E-15));
#1988 = VECTOR('',#1989,1.);
#1989 = DIRECTION('',(1.418142913441E-16,-1.));
#1990 = ( GEOMETRIC_REPRESENTATION_CONTEXT(2) 
PARAMETRIC_REPRESENTATION_CONTEXT() REPRESENTATION_CONTEXT('2D SPACE',''
  ) );
#1991 = PCURVE('',#1992,#1997);
#1992 = PLANE('',#1993);
#1993 = AXIS2_PLACEMENT_3D('',#1994,#1995,#1996);
#1994 = CARTESIAN_POINT('',(48.000021613966,40.594341900521,
    -5.000000000001));
#1995 = DIRECTION('',(-1.128757323218E-30,-1.,-1.489388759643E-15));
#1996 = DIRECTION('',(0.,-1.489388759643E-15,1.));
#1997 = DEFINITIONAL_REPRESENTATION('',(#1998),#2002);
#1998 = LINE('',#1999,#2000);
#1999 = CARTESIAN_POINT('',(4.999999982171,3.854891533688E-46));
#2000 = VECTOR('',#2001,1.);
#2001 = DIRECTION('',(-1.443289932013E-15,1.));
#2002 = ( GEOMETRIC_REPRESENTATION_CONTEXT(2) 
PARAMETRIC_REPRESENTATION_CONTEXT() REPRESENTATION_CONTEXT('2D SPACE',''
  ) );
#2003 = ORIENTED_EDGE('',*,*,#2004,.F.);
#2004 = EDGE_CURVE('',#2005,#1977,#2007,.T.);
#2005 = VERTEX_POINT('',#2006);
#2006 = CARTESIAN_POINT('',(48.000021613966,85.6500000125,
    -1.624764454307E-08));
#2007 = SURFACE_CURVE('',#2008,(#2012,#2019),.PCURVE_S1.);
#2008 = LINE('',#2009,#2010);
#2009 = CARTESIAN_POINT('',(48.000021613966,56.510138378552,
    -1.598350507503E-08));
#2010 = VECTOR('',#2011,1.);
#2011 = DIRECTION('',(1.418142915116E-16,-1.,-1.160230382424E-10));
#2012 = PCURVE('',#505,#2013);
#2013 = DEFINITIONAL_REPRESENTATION('',(#2014),#2018);
#2014 = LINE('',#2015,#2016);
#2015 = CARTESIAN_POINT('',(45.915796478031,6.511516146723E-15));
#2016 = VECTOR('',#2017,1.);
#2017 = DIRECTION('',(-1.,-1.316709540717E-33));
#2018 = ( GEOMETRIC_REPRESENTATION_CONTEXT(2) 
PARAMETRIC_REPRESENTATION_CONTEXT() REPRESENTATION_CONTEXT('2D SPACE',''
  ) );
#2019 = PCURVE('',#2020,#2025);
#2020 = PLANE('',#2021);
#2021 = AXIS2_PLACEMENT_3D('',#2022,#2023,#2024);
#2022 = CARTESIAN_POINT('',(48.000021613966,102.42593485547,
    9.55975999943));
#2023 = DIRECTION('',(1.,1.418142915995E-16,-7.578661487847E-16));
#2024 = DIRECTION('',(-1.418142915995E-16,1.,0.));
#2025 = DEFINITIONAL_REPRESENTATION('',(#2026),#2030);
#2026 = LINE('',#2027,#2028);
#2027 = CARTESIAN_POINT('',(-45.91579647691,-9.559760015414));
#2028 = VECTOR('',#2029,1.);
#2029 = DIRECTION('',(-1.,-1.160230382424E-10));
#2030 = ( GEOMETRIC_REPRESENTATION_CONTEXT(2) 
PARAMETRIC_REPRESENTATION_CONTEXT() REPRESENTATION_CONTEXT('2D SPACE',''
  ) );
#2031 = ORIENTED_EDGE('',*,*,#2032,.T.);
#2032 = EDGE_CURVE('',#2005,#2033,#2035,.T.);
#2033 = VERTEX_POINT('',#2034);
#2034 = CARTESIAN_POINT('',(43.000021613966,85.6500000125,
    -1.746265244329E-08));
#2035 = SURFACE_CURVE('',#2036,(#2040,#2047),.PCURVE_S1.);
#2036 = LINE('',#2037,#2038);
#2037 = CARTESIAN_POINT('',(48.000021613966,85.6500000125,
    -1.260260959941E-08));
#2038 = VECTOR('',#2039,1.);
#2039 = DIRECTION('',(-1.,3.168345122392E-30,-1.443289932013E-15));
#2040 = PCURVE('',#505,#2041);
#2041 = DEFINITIONAL_REPRESENTATION('',(#2042),#2046);
#2042 = LINE('',#2043,#2044);
#2043 = CARTESIAN_POINT('',(75.055658111979,1.064396497909E-14));
#2044 = VECTOR('',#2045,1.);
#2045 = DIRECTION('',(1.418142913441E-16,-1.));
#2046 = ( GEOMETRIC_REPRESENTATION_CONTEXT(2) 
PARAMETRIC_REPRESENTATION_CONTEXT() REPRESENTATION_CONTEXT('2D SPACE',''
  ) );
#2047 = PCURVE('',#2048,#2053);
#2048 = PLANE('',#2049);
#2049 = AXIS2_PLACEMENT_3D('',#2050,#2051,#2052);
#2050 = CARTESIAN_POINT('',(48.000021613966,85.6500000125,
    -2.619316541441E-08));
#2051 = DIRECTION('',(1.090872899356E-30,1.,1.439400481468E-15));
#2052 = DIRECTION('',(0.,1.439400481468E-15,-1.));
#2053 = DEFINITIONAL_REPRESENTATION('',(#2054),#2058);
#2054 = LINE('',#2055,#2056);
#2055 = CARTESIAN_POINT('',(-1.3590555815E-08,2.133993119373E-53));
#2056 = VECTOR('',#2057,1.);
#2057 = DIRECTION('',(1.443289932013E-15,1.));
#2058 = ( GEOMETRIC_REPRESENTATION_CONTEXT(2) 
PARAMETRIC_REPRESENTATION_CONTEXT() REPRESENTATION_CONTEXT('2D SPACE',''
  ) );
#2059 = ORIENTED_EDGE('',*,*,#2060,.F.);
#2060 = EDGE_CURVE('',#2061,#2033,#2063,.T.);
#2061 = VERTEX_POINT('',#2062);
#2062 = CARTESIAN_POINT('',(43.000021613966,145.65000001249,
    -1.631136414084E-12));
#2063 = SURFACE_CURVE('',#2064,(#2068,#2075),.PCURVE_S1.);
#2064 = LINE('',#2065,#2066);
#2065 = CARTESIAN_POINT('',(43.000021613966,102.42593485658,
    -1.065622243224E-08));
#2066 = VECTOR('',#2067,1.);
#2067 = DIRECTION('',(1.418142915116E-16,-1.,-1.160230382424E-10));
#2068 = PCURVE('',#505,#2069);
#2069 = DEFINITIONAL_REPRESENTATION('',(#2070),#2074);
#2070 = LINE('',#2071,#2072);
#2071 = CARTESIAN_POINT('',(91.831592956059,-5.));
#2072 = VECTOR('',#2073,1.);
#2073 = DIRECTION('',(-1.,-1.316709540717E-33));
#2074 = ( GEOMETRIC_REPRESENTATION_CONTEXT(2) 
PARAMETRIC_REPRESENTATION_CONTEXT() REPRESENTATION_CONTEXT('2D SPACE',''
  ) );
#2075 = PCURVE('',#1347,#2076);
#2076 = DEFINITIONAL_REPRESENTATION('',(#2077),#2081);
#2077 = LINE('',#2078,#2079);
#2078 = CARTESIAN_POINT('',(1.10999565095E-09,-9.559760010086));
#2079 = VECTOR('',#2080,1.);
#2080 = DIRECTION('',(-1.,-1.160230382424E-10));
#2081 = ( GEOMETRIC_REPRESENTATION_CONTEXT(2) 
PARAMETRIC_REPRESENTATION_CONTEXT() REPRESENTATION_CONTEXT('2D SPACE',''
  ) );
#2082 = ORIENTED_EDGE('',*,*,#2083,.F.);
#2083 = EDGE_CURVE('',#1852,#2061,#2084,.T.);
#2084 = SURFACE_CURVE('',#2085,(#2089,#2096),.PCURVE_S1.);
#2085 = LINE('',#2086,#2087);
#2086 = CARTESIAN_POINT('',(48.000021613966,145.65000001249,
    -5.641227068809E-09));
#2087 = VECTOR('',#2088,1.);
#2088 = DIRECTION('',(-1.,1.687185834514E-30,-1.443289932013E-15));
#2089 = PCURVE('',#505,#2090);
#2090 = DEFINITIONAL_REPRESENTATION('',(#2091),#2095);
#2091 = LINE('',#2092,#2093);
#2092 = CARTESIAN_POINT('',(135.05565811196,1.915282246978E-14));
#2093 = VECTOR('',#2094,1.);
#2094 = DIRECTION('',(1.418142913441E-16,-1.));
#2095 = ( GEOMETRIC_REPRESENTATION_CONTEXT(2) 
PARAMETRIC_REPRESENTATION_CONTEXT() REPRESENTATION_CONTEXT('2D SPACE',''
  ) );
#2096 = PCURVE('',#2097,#2102);
#2097 = PLANE('',#2098);
#2098 = AXIS2_PLACEMENT_3D('',#2099,#2100,#2101);
#2099 = CARTESIAN_POINT('',(48.000021613966,145.65000001249,
    -5.000000000001));
#2100 = DIRECTION('',(-5.809042992323E-31,-1.,-7.664998630867E-16));
#2101 = DIRECTION('',(0.,-7.664998630867E-16,1.));
#2102 = DEFINITIONAL_REPRESENTATION('',(#2103),#2107);
#2103 = LINE('',#2104,#2105);
#2104 = CARTESIAN_POINT('',(4.99999999436,2.226315326629E-45));
#2105 = VECTOR('',#2106,1.);
#2106 = DIRECTION('',(-1.443289932013E-15,1.));
#2107 = ( GEOMETRIC_REPRESENTATION_CONTEXT(2) 
PARAMETRIC_REPRESENTATION_CONTEXT() REPRESENTATION_CONTEXT('2D SPACE',''
  ) );
#2108 = ADVANCED_FACE('',(#2109),#615,.T.);
#2109 = FACE_BOUND('',#2110,.T.);
#2110 = EDGE_LOOP('',(#2111,#2133,#2274,#2275));
#2111 = ORIENTED_EDGE('',*,*,#2112,.T.);
#2112 = EDGE_CURVE('',#518,#2113,#2115,.T.);
#2113 = VERTEX_POINT('',#2114);
#2114 = CARTESIAN_POINT('',(43.000021613966,194.25752781042,
    7.697199955412));
#2115 = SURFACE_CURVE('',#2116,(#2120,#2126),.PCURVE_S1.);
#2116 = LINE('',#2117,#2118);
#2117 = CARTESIAN_POINT('',(53.000021614357,194.25752781121,
    7.697199955414));
#2118 = VECTOR('',#2119,1.);
#2119 = DIRECTION('',(-1.,-1.7763568394E-15,4.884981308351E-15));
#2120 = PCURVE('',#615,#2121);
#2121 = DEFINITIONAL_REPRESENTATION('',(#2122),#2125);
#2122 = B_SPLINE_CURVE_WITH_KNOTS('',1,(#2123,#2124),.UNSPECIFIED.,.F.,
  .F.,(2,2),(0.,10.000000000391),.PIECEWISE_BEZIER_KNOTS.);
#2123 = CARTESIAN_POINT('',(4.296713299177E-12,-1.957837949922E-11));
#2124 = CARTESIAN_POINT('',(4.296494435441E-12,1.));
#2125 = ( GEOMETRIC_REPRESENTATION_CONTEXT(2) 
PARAMETRIC_REPRESENTATION_CONTEXT() REPRESENTATION_CONTEXT('2D SPACE',''
  ) );
#2126 = PCURVE('',#533,#2127);
#2127 = DEFINITIONAL_REPRESENTATION('',(#2128),#2132);
#2128 = LINE('',#2129,#2130);
#2129 = CARTESIAN_POINT('',(-2.000177801165E-12,-5.000000000391));
#2130 = VECTOR('',#2131,1.);
#2131 = DIRECTION('',(-4.884981308351E-15,1.));
#2132 = ( GEOMETRIC_REPRESENTATION_CONTEXT(2) 
PARAMETRIC_REPRESENTATION_CONTEXT() REPRESENTATION_CONTEXT('2D SPACE',''
  ) );
#2133 = ORIENTED_EDGE('',*,*,#2134,.F.);
#2134 = EDGE_CURVE('',#1803,#2113,#2135,.T.);
#2135 = SURFACE_CURVE('',#2136,(#2167,#2240),.PCURVE_S1.);
#2136 = B_SPLINE_CURVE_WITH_KNOTS('',3,(#2137,#2138,#2139,#2140,#2141,
    #2142,#2143,#2144,#2145,#2146,#2147,#2148,#2149,#2150,#2151,#2152,
    #2153,#2154,#2155,#2156,#2157,#2158,#2159,#2160,#2161,#2162,#2163,
    #2164,#2165,#2166),.UNSPECIFIED.,.F.,.F.,(4,2,2,2,2,2,2,2,2,2,2,2,2,
    2,4),(-0.388380050794,-0.343581456277,-0.3271012045,-0.277780948738,
    -0.261496408443,-0.244809137743,-0.211021906076,-0.188033623072,
    -0.174666177978,-0.139158905291,-0.118511799199,-9.478940306267E-02,
    -7.909669625515E-02,-6.648528014399E-02,0.),.UNSPECIFIED.);
#2137 = CARTESIAN_POINT('',(43.000021613966,122.70053261988,
    20.976277477926));
#2138 = CARTESIAN_POINT('',(43.000021613966,125.38729359978,
    20.647651012066));
#2139 = CARTESIAN_POINT('',(43.000021613966,128.30015016902,
    20.267888241971));
#2140 = CARTESIAN_POINT('',(43.000021613966,132.05116660344,
    19.745869990134));
#2141 = CARTESIAN_POINT('',(43.000021613966,133.01066631632,
    19.609405788821));
#2142 = CARTESIAN_POINT('',(43.000021613966,136.9775468609,
    19.033614621901));
#2143 = CARTESIAN_POINT('',(43.000021613966,140.22301621542,
    18.532845443994));
#2144 = CARTESIAN_POINT('',(43.000021613966,144.24596918224,
    17.876624584752));
#2145 = CARTESIAN_POINT('',(43.000021613966,145.19413135084,
    17.719305464182));
#2146 = CARTESIAN_POINT('',(43.000021613966,147.16595579661,
    17.387058575413));
#2147 = CARTESIAN_POINT('',(43.000021613966,148.19457594896,
    17.210998596571));
#2148 = CARTESIAN_POINT('',(43.000021613966,151.34783296193,
    16.662432473644));
#2149 = CARTESIAN_POINT('',(43.000021613966,153.51762843304,
    16.272665522279));
#2150 = CARTESIAN_POINT('',(43.000021613966,156.98851752318,
    15.631712431347));
#2151 = CARTESIAN_POINT('',(43.000021613966,158.31051483153,
    15.383134852643));
#2152 = CARTESIAN_POINT('',(43.000021613966,160.5166053353,
    14.961412090213));
#2153 = CARTESIAN_POINT('',(43.000021613966,161.34121488446,
    14.802254954705));
#2154 = CARTESIAN_POINT('',(43.000021613966,164.37977433186,
    14.210091832403));
#2155 = CARTESIAN_POINT('',(43.000021613966,166.63494670643,
    13.759291191668));
#2156 = CARTESIAN_POINT('',(43.000021613966,170.036802088,13.06445053961
    ));
#2157 = CARTESIAN_POINT('',(43.000021613966,171.25532201886,
    12.812506025125));
#2158 = CARTESIAN_POINT('',(43.000021613966,173.95430437565,
    12.247983870902));
#2159 = CARTESIAN_POINT('',(43.000021613966,175.41968202845,
    11.937451844217));
#2160 = CARTESIAN_POINT('',(43.000021613966,177.87017382628,
    11.411543098283));
#2161 = CARTESIAN_POINT('',(43.000021613966,178.8384203006,
    11.201824863818));
#2162 = CARTESIAN_POINT('',(43.000021613966,180.57090879122,
    10.823290665515));
#2163 = CARTESIAN_POINT('',(43.000021613966,181.33746997158,
    10.654619270236));
#2164 = CARTESIAN_POINT('',(43.000021613966,186.11818993506,
    9.595560626892));
#2165 = CARTESIAN_POINT('',(43.000021613966,190.38212903,8.615912277803)
  );
#2166 = CARTESIAN_POINT('',(43.000021613966,194.25752781042,
    7.697199955412));
#2167 = PCURVE('',#615,#2168);
#2168 = DEFINITIONAL_REPRESENTATION('',(#2169),#2239);
#2169 = B_SPLINE_CURVE_WITH_KNOTS('',3,(#2170,#2171,#2172,#2173,#2174,
    #2175,#2176,#2177,#2178,#2179,#2180,#2181,#2182,#2183,#2184,#2185,
    #2186,#2187,#2188,#2189,#2190,#2191,#2192,#2193,#2194,#2195,#2196,
    #2197,#2198,#2199,#2200,#2201,#2202,#2203,#2204,#2205,#2206,#2207,
    #2208,#2209,#2210,#2211,#2212,#2213,#2214,#2215,#2216,#2217,#2218,
    #2219,#2220,#2221,#2222,#2223,#2224,#2225,#2226,#2227,#2228,#2229,
    #2230,#2231,#2232,#2233,#2234,#2235,#2236,#2237,#2238),
  .UNSPECIFIED.,.F.,.F.,(4,1,1,1,1,1,1,1,1,1,1,1,1,1,1,1,1,1,1,1,1,1,1,1
    ,1,1,1,1,1,1,1,1,1,1,1,1,1,1,1,1,1,1,1,1,1,1,1,1,1,1,1,1,1,1,1,1,1,1
    ,1,1,1,1,1,1,1,1,4),(-0.388380050794,-0.38249550457,-0.376610958346,
    -0.370726412122,-0.364841865897,-0.358957319673,-0.353072773449,
    -0.347188227225,-0.341303681001,-0.335419134777,-0.329534588552,
    -0.323650042328,-0.317765496104,-0.31188094988,-0.305996403656,
    -0.300111857432,-0.294227311208,-0.288342764983,-0.282458218759,
    -0.276573672535,-0.270689126311,-0.264804580087,-0.258920033863,
    -0.253035487639,-0.247150941414,-0.24126639519,-0.235381848966,
    -0.229497302742,-0.223612756518,-0.217728210294,-0.211843664069,
    -0.205959117845,-0.200074571621,-0.194190025397,-0.188305479173,
    -0.182420932949,-0.176536386725,-0.1706518405,-0.164767294276,
    -0.158882748052,-0.152998201828,-0.147113655604,-0.14122910938,
    -0.135344563155,-0.129460016931,-0.123575470707,-0.117690924483,
    -0.111806378259,-0.105921832035,-0.100037285811,-9.415273958642E-02,
    -8.826819336227E-02,-8.238364713812E-02,-7.649910091397E-02,
    -7.061455468982E-02,-6.473000846567E-02,-5.884546224152E-02,
    -5.296091601736E-02,-4.707636979321E-02,-4.119182356906E-02,
    -3.530727734491E-02,-2.942273112076E-02,-2.353818489661E-02,
    -1.765363867245E-02,-1.17690924483E-02,-5.884546224152E-03,0.),
  .UNSPECIFIED.);
#2170 = CARTESIAN_POINT('',(-0.388380050794,1.));
#2171 = CARTESIAN_POINT('',(-0.386418525015,1.));
#2172 = CARTESIAN_POINT('',(-0.382494652278,1.));
#2173 = CARTESIAN_POINT('',(-0.376608171367,1.));
#2174 = CARTESIAN_POINT('',(-0.370722897262,1.));
#2175 = CARTESIAN_POINT('',(-0.364840404521,1.));
#2176 = CARTESIAN_POINT('',(-0.358963081003,1.));
#2177 = CARTESIAN_POINT('',(-0.353084871406,1.));
#2178 = CARTESIAN_POINT('',(-0.347199960826,1.));
#2179 = CARTESIAN_POINT('',(-0.341297218422,1.));
#2180 = CARTESIAN_POINT('',(-0.335424031407,1.));
#2181 = CARTESIAN_POINT('',(-0.329534114568,1.));
#2182 = CARTESIAN_POINT('',(-0.323649659507,1.));
#2183 = CARTESIAN_POINT('',(-0.317766303814,1.));
#2184 = CARTESIAN_POINT('',(-0.311879798326,1.));
#2185 = CARTESIAN_POINT('',(-0.305990908713,1.));
#2186 = CARTESIAN_POINT('',(-0.300103784611,1.));
#2187 = CARTESIAN_POINT('',(-0.29422136145,1.));
#2188 = CARTESIAN_POINT('',(-0.28834823193,1.));
#2189 = CARTESIAN_POINT('',(-0.282479915881,1.));
#2190 = CARTESIAN_POINT('',(-0.276548970382,1.));
#2191 = CARTESIAN_POINT('',(-0.270665942061,1.));
#2192 = CARTESIAN_POINT('',(-0.26482076036,1.));
#2193 = CARTESIAN_POINT('',(-0.25894145552,1.));
#2194 = CARTESIAN_POINT('',(-0.25302491326,1.));
#2195 = CARTESIAN_POINT('',(-0.247145190589,1.));
#2196 = CARTESIAN_POINT('',(-0.241268744673,1.));
#2197 = CARTESIAN_POINT('',(-0.235386924361,1.));
#2198 = CARTESIAN_POINT('',(-0.229502204093,1.));
#2199 = CARTESIAN_POINT('',(-0.223614944232,1.));
#2200 = CARTESIAN_POINT('',(-0.217729040768,1.));
#2201 = CARTESIAN_POINT('',(-0.211836108825,1.));
#2202 = CARTESIAN_POINT('',(-0.205962197979,1.));
#2203 = CARTESIAN_POINT('',(-0.200072560929,1.));
#2204 = CARTESIAN_POINT('',(-0.194185454047,1.));
#2205 = CARTESIAN_POINT('',(-0.188325775265,1.));
#2206 = CARTESIAN_POINT('',(-0.18242501339,1.));
#2207 = CARTESIAN_POINT('',(-0.176536592028,1.));
#2208 = CARTESIAN_POINT('',(-0.170649900767,1.));
#2209 = CARTESIAN_POINT('',(-0.164772611953,1.));
#2210 = CARTESIAN_POINT('',(-0.158897960166,1.));
#2211 = CARTESIAN_POINT('',(-0.153017158258,1.));
#2212 = CARTESIAN_POINT('',(-0.147124572935,1.));
#2213 = CARTESIAN_POINT('',(-0.141202189329,1.));
#2214 = CARTESIAN_POINT('',(-0.135303423729,1.));
#2215 = CARTESIAN_POINT('',(-0.129432959007,1.));
#2216 = CARTESIAN_POINT('',(-0.123571691695,1.));
#2217 = CARTESIAN_POINT('',(-0.117696224409,1.));
#2218 = CARTESIAN_POINT('',(-0.111813313875,1.));
#2219 = CARTESIAN_POINT('',(-0.10593388459,1.));
#2220 = CARTESIAN_POINT('',(-0.100048304363,1.));
#2221 = CARTESIAN_POINT('',(-9.413916888187E-02,1.));
#2222 = CARTESIAN_POINT('',(-8.824278299104E-02,1.));
#2223 = CARTESIAN_POINT('',(-8.236729749702E-02,1.));
#2224 = CARTESIAN_POINT('',(-7.649730449091E-02,1.));
#2225 = CARTESIAN_POINT('',(-7.06129401404E-02,1.));
#2226 = CARTESIAN_POINT('',(-6.473875732194E-02,1.));
#2227 = CARTESIAN_POINT('',(-5.884102172705E-02,1.));
#2228 = CARTESIAN_POINT('',(-5.29582068026E-02,1.));
#2229 = CARTESIAN_POINT('',(-4.707740998286E-02,1.));
#2230 = CARTESIAN_POINT('',(-4.119489055567E-02,1.));
#2231 = CARTESIAN_POINT('',(-3.53112413924E-02,1.));
#2232 = CARTESIAN_POINT('',(-2.942667019358E-02,1.));
#2233 = CARTESIAN_POINT('',(-2.354147272782E-02,1.));
#2234 = CARTESIAN_POINT('',(-1.765591404562E-02,1.));
#2235 = CARTESIAN_POINT('',(-1.177026923068E-02,1.));
#2236 = CARTESIAN_POINT('',(-5.884818217153E-03,1.));
#2237 = CARTESIAN_POINT('',(-1.961517414591E-03,1.));
#2238 = CARTESIAN_POINT('',(-7.467844117356E-11,1.));
#2239 = ( GEOMETRIC_REPRESENTATION_CONTEXT(2) 
PARAMETRIC_REPRESENTATION_CONTEXT() REPRESENTATION_CONTEXT('2D SPACE',''
  ) );
#2240 = PCURVE('',#1347,#2241);
#2241 = DEFINITIONAL_REPRESENTATION('',(#2242),#2273);
#2242 = B_SPLINE_CURVE_WITH_KNOTS('',3,(#2243,#2244,#2245,#2246,#2247,
    #2248,#2249,#2250,#2251,#2252,#2253,#2254,#2255,#2256,#2257,#2258,
    #2259,#2260,#2261,#2262,#2263,#2264,#2265,#2266,#2267,#2268,#2269,
    #2270,#2271,#2272),.UNSPECIFIED.,.F.,.F.,(4,2,2,2,2,2,2,2,2,2,2,2,2,
    2,4),(-0.388380050794,-0.343581456277,-0.3271012045,-0.277780948738,
    -0.261496408443,-0.244809137743,-0.211021906076,-0.188033623072,
    -0.174666177978,-0.139158905291,-0.118511799199,-9.478940306267E-02,
    -7.909669625515E-02,-6.648528014399E-02,0.),.UNSPECIFIED.);
#2243 = CARTESIAN_POINT('',(20.27459776441,11.416517478496));
#2244 = CARTESIAN_POINT('',(22.96135874431,11.087891012636));
#2245 = CARTESIAN_POINT('',(25.87421531355,10.708128242541));
#2246 = CARTESIAN_POINT('',(29.62523174797,10.186109990704));
#2247 = CARTESIAN_POINT('',(30.58473146085,10.049645789391));
#2248 = CARTESIAN_POINT('',(34.55161200543,9.473854622471));
#2249 = CARTESIAN_POINT('',(37.79708135995,8.973085444564));
#2250 = CARTESIAN_POINT('',(41.82003432677,8.316864585322));
#2251 = CARTESIAN_POINT('',(42.76819649537,8.159545464752));
#2252 = CARTESIAN_POINT('',(44.74002094114,7.827298575983));
#2253 = CARTESIAN_POINT('',(45.76864109349,7.651238597141));
#2254 = CARTESIAN_POINT('',(48.92189810646,7.102672474214));
#2255 = CARTESIAN_POINT('',(51.09169357757,6.712905522849));
#2256 = CARTESIAN_POINT('',(54.56258266771,6.071952431917));
#2257 = CARTESIAN_POINT('',(55.88457997606,5.823374853213));
#2258 = CARTESIAN_POINT('',(58.09067047983,5.401652090783));
#2259 = CARTESIAN_POINT('',(58.91528002899,5.242494955275));
#2260 = CARTESIAN_POINT('',(61.95383947639,4.650331832973));
#2261 = CARTESIAN_POINT('',(64.20901185096,4.199531192238));
#2262 = CARTESIAN_POINT('',(67.61086723253,3.50469054018));
#2263 = CARTESIAN_POINT('',(68.82938716339,3.252746025695));
#2264 = CARTESIAN_POINT('',(71.52836952018,2.688223871472));
#2265 = CARTESIAN_POINT('',(72.99374717298,2.377691844787));
#2266 = CARTESIAN_POINT('',(75.44423897081,1.851783098853));
#2267 = CARTESIAN_POINT('',(76.41248544513,1.642064864388));
#2268 = CARTESIAN_POINT('',(78.14497393575,1.263530666085));
#2269 = CARTESIAN_POINT('',(78.91153511611,1.094859270806));
#2270 = CARTESIAN_POINT('',(83.69225507959,3.5800627462E-02));
#2271 = CARTESIAN_POINT('',(87.95619417453,-0.943847721627));
#2272 = CARTESIAN_POINT('',(91.83159295495,-1.862560044018));
#2273 = ( GEOMETRIC_REPRESENTATION_CONTEXT(2) 
PARAMETRIC_REPRESENTATION_CONTEXT() REPRESENTATION_CONTEXT('2D SPACE',''
  ) );
#2274 = ORIENTED_EDGE('',*,*,#1802,.F.);
#2275 = ORIENTED_EDGE('',*,*,#545,.F.);
#2276 = ADVANCED_FACE('',(#2277),#533,.T.);
#2277 = FACE_BOUND('',#2278,.T.);
#2278 = EDGE_LOOP('',(#2279,#2280,#2301,#2302));
#2279 = ORIENTED_EDGE('',*,*,#1930,.F.);
#2280 = ORIENTED_EDGE('',*,*,#2281,.F.);
#2281 = EDGE_CURVE('',#2113,#1908,#2282,.T.);
#2282 = SURFACE_CURVE('',#2283,(#2287,#2294),.PCURVE_S1.);
#2283 = LINE('',#2284,#2285);
#2284 = CARTESIAN_POINT('',(43.000021613966,194.25752781042,
    7.697199955412));
#2285 = VECTOR('',#2286,1.);
#2286 = DIRECTION('',(0.,0.,-1.));
#2287 = PCURVE('',#533,#2288);
#2288 = DEFINITIONAL_REPRESENTATION('',(#2289),#2293);
#2289 = LINE('',#2290,#2291);
#2290 = CARTESIAN_POINT('',(0.,5.));
#2291 = VECTOR('',#2292,1.);
#2292 = DIRECTION('',(1.,0.));
#2293 = ( GEOMETRIC_REPRESENTATION_CONTEXT(2) 
PARAMETRIC_REPRESENTATION_CONTEXT() REPRESENTATION_CONTEXT('2D SPACE',''
  ) );
#2294 = PCURVE('',#1347,#2295);
#2295 = DEFINITIONAL_REPRESENTATION('',(#2296),#2300);
#2296 = LINE('',#2297,#2298);
#2297 = CARTESIAN_POINT('',(91.83159295495,-1.862560044018));
#2298 = VECTOR('',#2299,1.);
#2299 = DIRECTION('',(0.,-1.));
#2300 = ( GEOMETRIC_REPRESENTATION_CONTEXT(2) 
PARAMETRIC_REPRESENTATION_CONTEXT() REPRESENTATION_CONTEXT('2D SPACE',''
  ) );
#2301 = ORIENTED_EDGE('',*,*,#2112,.F.);
#2302 = ORIENTED_EDGE('',*,*,#517,.F.);
#2303 = ADVANCED_FACE('',(#2304,#2307),#894,.T.);
#2304 = FACE_BOUND('',#2305,.T.);
#2305 = EDGE_LOOP('',(#2306));
#2306 = ORIENTED_EDGE('',*,*,#877,.T.);
#2307 = FACE_BOUND('',#2308,.T.);
#2308 = EDGE_LOOP('',(#2309));
#2309 = ORIENTED_EDGE('',*,*,#2310,.F.);
#2310 = EDGE_CURVE('',#2311,#2311,#2313,.T.);
#2311 = VERTEX_POINT('',#2312);
#2312 = CARTESIAN_POINT('',(53.000021613966,104.5003516283,
    15.070498451741));
#2313 = SURFACE_CURVE('',#2314,(#2319,#2326),.PCURVE_S1.);
#2314 = CIRCLE('',#2315,4.);
#2315 = AXIS2_PLACEMENT_3D('',#2316,#2317,#2318);
#2316 = CARTESIAN_POINT('',(53.000021613966,100.5003516283,
    15.070498451741));
#2317 = DIRECTION('',(1.,1.608058169044E-15,-4.884981308351E-15));
#2318 = DIRECTION('',(-1.608058169044E-15,1.,1.355252715607E-19));
#2319 = PCURVE('',#894,#2320);
#2320 = DEFINITIONAL_REPRESENTATION('',(#2321),#2325);
#2321 = CIRCLE('',#2322,4.);
#2322 = AXIS2_PLACEMENT_2D('',#2323,#2324);
#2323 = CARTESIAN_POINT('',(40.046025474026,-0.561999762751));
#2324 = DIRECTION('',(1.,1.355252715606E-19));
#2325 = ( GEOMETRIC_REPRESENTATION_CONTEXT(2) 
PARAMETRIC_REPRESENTATION_CONTEXT() REPRESENTATION_CONTEXT('2D SPACE',''
  ) );
#2326 = PCURVE('',#2327,#2332);
#2327 = PLANE('',#2328);
#2328 = AXIS2_PLACEMENT_3D('',#2329,#2330,#2331);
#2329 = CARTESIAN_POINT('',(53.000021613965,100.5003516283,
    15.070498451741));
#2330 = DIRECTION('',(1.,0.,0.));
#2331 = DIRECTION('',(-0.,0.,1.));
#2332 = DEFINITIONAL_REPRESENTATION('',(#2333),#2337);
#2333 = CIRCLE('',#2334,4.);
#2334 = AXIS2_PLACEMENT_2D('',#2335,#2336);
#2335 = CARTESIAN_POINT('',(0.,0.));
#2336 = DIRECTION('',(1.355252715607E-19,-1.));
#2337 = ( GEOMETRIC_REPRESENTATION_CONTEXT(2) 
PARAMETRIC_REPRESENTATION_CONTEXT() REPRESENTATION_CONTEXT('2D SPACE',''
  ) );
#2338 = ADVANCED_FACE('',(#2339),#931,.T.);
#2339 = FACE_BOUND('',#2340,.T.);
#2340 = EDGE_LOOP('',(#2341,#2342,#2365,#2393));
#2341 = ORIENTED_EDGE('',*,*,#908,.T.);
#2342 = ORIENTED_EDGE('',*,*,#2343,.T.);
#2343 = EDGE_CURVE('',#911,#2344,#2346,.T.);
#2344 = VERTEX_POINT('',#2345);
#2345 = CARTESIAN_POINT('',(43.000021613966,50.732578792093,
    17.975066938337));
#2346 = SURFACE_CURVE('',#2347,(#2351,#2358),.PCURVE_S1.);
#2347 = LINE('',#2348,#2349);
#2348 = CARTESIAN_POINT('',(53.000021613966,50.732578792093,
    17.975066938337));
#2349 = VECTOR('',#2350,1.);
#2350 = DIRECTION('',(-1.,-1.7763568394E-15,4.884981308351E-15));
#2351 = PCURVE('',#931,#2352);
#2352 = DEFINITIONAL_REPRESENTATION('',(#2353),#2357);
#2353 = LINE('',#2354,#2355);
#2354 = CARTESIAN_POINT('',(0.262020781051,-7.815970093361E-14));
#2355 = VECTOR('',#2356,1.);
#2356 = DIRECTION('',(-8.881784197001E-17,1.));
#2357 = ( GEOMETRIC_REPRESENTATION_CONTEXT(2) 
PARAMETRIC_REPRESENTATION_CONTEXT() REPRESENTATION_CONTEXT('2D SPACE',''
  ) );
#2358 = PCURVE('',#1256,#2359);
#2359 = DEFINITIONAL_REPRESENTATION('',(#2360),#2364);
#2360 = LINE('',#2361,#2362);
#2361 = CARTESIAN_POINT('',(1.334341306044,9.000042662923));
#2362 = VECTOR('',#2363,1.);
#2363 = DIRECTION('',(-5.107025913276E-16,-1.));
#2364 = ( GEOMETRIC_REPRESENTATION_CONTEXT(2) 
PARAMETRIC_REPRESENTATION_CONTEXT() REPRESENTATION_CONTEXT('2D SPACE',''
  ) );
#2365 = ORIENTED_EDGE('',*,*,#2366,.F.);
#2366 = EDGE_CURVE('',#2367,#2344,#2369,.T.);
#2367 = VERTEX_POINT('',#2368);
#2368 = CARTESIAN_POINT('',(43.000021613966,50.865016585294,
    12.796102263594));
#2369 = SURFACE_CURVE('',#2370,(#2375,#2382),.PCURVE_S1.);
#2370 = CIRCLE('',#2371,10.);
#2371 = AXIS2_PLACEMENT_3D('',#2372,#2373,#2374);
#2372 = CARTESIAN_POINT('',(43.000021613966,60.454326154274,
    15.632498214492));
#2373 = DIRECTION('',(-1.,-1.418142915995E-16,7.578661487847E-16));
#2374 = DIRECTION('',(-1.418142915995E-16,1.,8.5633721567E-30));
#2375 = PCURVE('',#931,#2376);
#2376 = DEFINITIONAL_REPRESENTATION('',(#2377),#2381);
#2377 = LINE('',#2378,#2379);
#2378 = CARTESIAN_POINT('',(-3.11602597298,10.));
#2379 = VECTOR('',#2380,1.);
#2380 = DIRECTION('',(1.,4.067670126642E-14));
#2381 = ( GEOMETRIC_REPRESENTATION_CONTEXT(2) 
PARAMETRIC_REPRESENTATION_CONTEXT() REPRESENTATION_CONTEXT('2D SPACE',''
  ) );
#2382 = PCURVE('',#1347,#2383);
#2383 = DEFINITIONAL_REPRESENTATION('',(#2384),#2392);
#2384 = ( BOUNDED_CURVE() B_SPLINE_CURVE(2,(#2385,#2386,#2387,#2388,
#2389,#2390,#2391),.UNSPECIFIED.,.T.,.F.) B_SPLINE_CURVE_WITH_KNOTS((1,2
    ,2,2,2,1),(-2.094395102393,0.,2.094395102393,4.188790204786,
6.28318530718,8.377580409573),.UNSPECIFIED.) CURVE() 
GEOMETRIC_REPRESENTATION_ITEM() RATIONAL_B_SPLINE_CURVE((1.,0.5,1.,0.5,
1.,0.5,1.)) REPRESENTATION_ITEM('') );
#2385 = CARTESIAN_POINT('',(-31.97160870119,6.072738215062));
#2386 = CARTESIAN_POINT('',(-31.97160870119,-11.24776986062));
#2387 = CARTESIAN_POINT('',(-46.97160870119,-2.587515822782));
#2388 = CARTESIAN_POINT('',(-61.97160870119,6.072738215062));
#2389 = CARTESIAN_POINT('',(-46.97160870119,14.732992252906));
#2390 = CARTESIAN_POINT('',(-31.97160870119,23.393246290751));
#2391 = CARTESIAN_POINT('',(-31.97160870119,6.072738215062));
#2392 = ( GEOMETRIC_REPRESENTATION_CONTEXT(2) 
PARAMETRIC_REPRESENTATION_CONTEXT() REPRESENTATION_CONTEXT('2D SPACE',''
  ) );
#2393 = ORIENTED_EDGE('',*,*,#2394,.T.);
#2394 = EDGE_CURVE('',#2367,#909,#2395,.T.);
#2395 = SURFACE_CURVE('',#2396,(#2400,#2407),.PCURVE_S1.);
#2396 = LINE('',#2397,#2398);
#2397 = CARTESIAN_POINT('',(-48.00002161396,50.865016585294,
    12.796102263594));
#2398 = VECTOR('',#2399,1.);
#2399 = DIRECTION('',(1.,-1.544658121218E-16,7.530208340936E-16));
#2400 = PCURVE('',#931,#2401);
#2401 = DEFINITIONAL_REPRESENTATION('',(#2402),#2406);
#2402 = LINE('',#2403,#2404);
#2403 = CARTESIAN_POINT('',(-0.262020781051,101.00004322793));
#2404 = VECTOR('',#2405,1.);
#2405 = DIRECTION('',(6.217248937901E-16,-1.));
#2406 = ( GEOMETRIC_REPRESENTATION_CONTEXT(2) 
PARAMETRIC_REPRESENTATION_CONTEXT() REPRESENTATION_CONTEXT('2D SPACE',''
  ) );
#2407 = PCURVE('',#964,#2408);
#2408 = DEFINITIONAL_REPRESENTATION('',(#2409),#2413);
#2409 = LINE('',#2410,#2411);
#2410 = CARTESIAN_POINT('',(1.858386313999,-92.000000565));
#2411 = VECTOR('',#2412,1.);
#2412 = DIRECTION('',(5.861977570021E-15,1.));
#2413 = ( GEOMETRIC_REPRESENTATION_CONTEXT(2) 
PARAMETRIC_REPRESENTATION_CONTEXT() REPRESENTATION_CONTEXT('2D SPACE',''
  ) );
#2414 = ADVANCED_FACE('',(#2415),#964,.F.);
#2415 = FACE_BOUND('',#2416,.F.);
#2416 = EDGE_LOOP('',(#2417,#2439,#2460,#2461));
#2417 = ORIENTED_EDGE('',*,*,#2418,.T.);
#2418 = EDGE_CURVE('',#944,#2419,#2421,.T.);
#2419 = VERTEX_POINT('',#2420);
#2420 = CARTESIAN_POINT('',(43.000021613966,49.894210319834,
    11.512533182467));
#2421 = SURFACE_CURVE('',#2422,(#2426,#2433),.PCURVE_S1.);
#2422 = LINE('',#2423,#2424);
#2423 = CARTESIAN_POINT('',(53.000021613966,49.894210319834,
    11.512533182467));
#2424 = VECTOR('',#2425,1.);
#2425 = DIRECTION('',(-1.,-1.7763568394E-15,4.884981308351E-15));
#2426 = PCURVE('',#964,#2427);
#2427 = DEFINITIONAL_REPRESENTATION('',(#2428),#2432);
#2428 = LINE('',#2429,#2430);
#2429 = CARTESIAN_POINT('',(-1.18761173987E-02,9.000042662923));
#2430 = VECTOR('',#2431,1.);
#2431 = DIRECTION('',(0.,-1.));
#2432 = ( GEOMETRIC_REPRESENTATION_CONTEXT(2) 
PARAMETRIC_REPRESENTATION_CONTEXT() REPRESENTATION_CONTEXT('2D SPACE',''
  ) );
#2433 = PCURVE('',#1011,#2434);
#2434 = DEFINITIONAL_REPRESENTATION('',(#2435),#2438);
#2435 = B_SPLINE_CURVE_WITH_KNOTS('',1,(#2436,#2437),.UNSPECIFIED.,.F.,
  .F.,(2,2),(0.,10.),.PIECEWISE_BEZIER_KNOTS.);
#2436 = CARTESIAN_POINT('',(-2.795148133755,1.));
#2437 = CARTESIAN_POINT('',(-2.795148133755,2.014367405586E-14));
#2438 = ( GEOMETRIC_REPRESENTATION_CONTEXT(2) 
PARAMETRIC_REPRESENTATION_CONTEXT() REPRESENTATION_CONTEXT('2D SPACE',''
  ) );
#2439 = ORIENTED_EDGE('',*,*,#2440,.T.);
#2440 = EDGE_CURVE('',#2419,#2367,#2441,.T.);
#2441 = SURFACE_CURVE('',#2442,(#2447,#2453),.PCURVE_S1.);
#2442 = CIRCLE('',#2443,1.000000443018);
#2443 = AXIS2_PLACEMENT_3D('',#2444,#2445,#2446);
#2444 = CARTESIAN_POINT('',(43.000021613966,49.906085033266,
    12.512463118621));
#2445 = DIRECTION('',(1.,0.,0.));
#2446 = DIRECTION('',(0.,-1.18747081716E-02,-0.999929493167));
#2447 = PCURVE('',#964,#2448);
#2448 = DEFINITIONAL_REPRESENTATION('',(#2449),#2452);
#2449 = B_SPLINE_CURVE_WITH_KNOTS('',1,(#2450,#2451),.UNSPECIFIED.,.F.,
  .F.,(2,2),(0.,1.870258175285),.PIECEWISE_BEZIER_KNOTS.);
#2450 = CARTESIAN_POINT('',(-1.187611739879E-02,-0.999957337077));
#2451 = CARTESIAN_POINT('',(1.858386314,-0.999957337077));
#2452 = ( GEOMETRIC_REPRESENTATION_CONTEXT(2) 
PARAMETRIC_REPRESENTATION_CONTEXT() REPRESENTATION_CONTEXT('2D SPACE',''
  ) );
#2453 = PCURVE('',#1347,#2454);
#2454 = DEFINITIONAL_REPRESENTATION('',(#2455),#2459);
#2455 = CIRCLE('',#2456,1.000000443018);
#2456 = AXIS2_PLACEMENT_2D('',#2457,#2458);
#2457 = CARTESIAN_POINT('',(-52.5198498222,2.952703119191));
#2458 = DIRECTION('',(-1.18747081716E-02,-0.999929493167));
#2459 = ( GEOMETRIC_REPRESENTATION_CONTEXT(2) 
PARAMETRIC_REPRESENTATION_CONTEXT() REPRESENTATION_CONTEXT('2D SPACE',''
  ) );
#2460 = ORIENTED_EDGE('',*,*,#2394,.T.);
#2461 = ORIENTED_EDGE('',*,*,#943,.T.);
#2462 = ADVANCED_FACE('',(#2463),#1256,.F.);
#2463 = FACE_BOUND('',#2464,.F.);
#2464 = EDGE_LOOP('',(#2465,#2466,#2489,#2509));
#2465 = ORIENTED_EDGE('',*,*,#2343,.T.);
#2466 = ORIENTED_EDGE('',*,*,#2467,.T.);
#2467 = EDGE_CURVE('',#2344,#2468,#2470,.T.);
#2468 = VERTEX_POINT('',#2469);
#2469 = CARTESIAN_POINT('',(43.000021613966,49.65474914383,
    19.20372666649));
#2470 = SURFACE_CURVE('',#2471,(#2476,#2482),.PCURVE_S1.);
#2471 = CIRCLE('',#2472,1.000000290949);
#2472 = AXIS2_PLACEMENT_3D('',#2473,#2474,#2475);
#2473 = CARTESIAN_POINT('',(43.000021613966,49.760403676381,
    18.209323477814));
#2474 = DIRECTION('',(1.,-0.,0.));
#2475 = DIRECTION('',(0.,0.972174832859,-0.23425647132));
#2476 = PCURVE('',#1256,#2477);
#2477 = DEFINITIONAL_REPRESENTATION('',(#2478),#2481);
#2478 = B_SPLINE_CURVE_WITH_KNOTS('',1,(#2479,#2480),.UNSPECIFIED.,.F.,
  .F.,(2,2),(0.,1.913102078511),.PIECEWISE_BEZIER_KNOTS.);
#2479 = CARTESIAN_POINT('',(1.334341306044,-0.999957337077));
#2480 = CARTESIAN_POINT('',(3.247449535654,-0.999957337077));
#2481 = ( GEOMETRIC_REPRESENTATION_CONTEXT(2) 
PARAMETRIC_REPRESENTATION_CONTEXT() REPRESENTATION_CONTEXT('2D SPACE',''
  ) );
#2482 = PCURVE('',#1347,#2483);
#2483 = DEFINITIONAL_REPRESENTATION('',(#2484),#2488);
#2484 = CIRCLE('',#2485,1.000000290949);
#2485 = AXIS2_PLACEMENT_2D('',#2486,#2487);
#2486 = CARTESIAN_POINT('',(-52.66553117908,8.649563478384));
#2487 = DIRECTION('',(0.972174832859,-0.23425647132));
#2488 = ( GEOMETRIC_REPRESENTATION_CONTEXT(2) 
PARAMETRIC_REPRESENTATION_CONTEXT() REPRESENTATION_CONTEXT('2D SPACE',''
  ) );
#2489 = ORIENTED_EDGE('',*,*,#2490,.F.);
#2490 = EDGE_CURVE('',#1106,#2468,#2491,.T.);
#2491 = SURFACE_CURVE('',#2492,(#2496,#2503),.PCURVE_S1.);
#2492 = LINE('',#2493,#2494);
#2493 = CARTESIAN_POINT('',(53.000021613966,49.65474914383,
    19.20372666649));
#2494 = VECTOR('',#2495,1.);
#2495 = DIRECTION('',(-1.,-1.7763568394E-15,4.884981308351E-15));
#2496 = PCURVE('',#1256,#2497);
#2497 = DEFINITIONAL_REPRESENTATION('',(#2498),#2502);
#2498 = LINE('',#2499,#2500);
#2499 = CARTESIAN_POINT('',(3.247449535654,9.000042662923));
#2500 = VECTOR('',#2501,1.);
#2501 = DIRECTION('',(7.549516567451E-16,-1.));
#2502 = ( GEOMETRIC_REPRESENTATION_CONTEXT(2) 
PARAMETRIC_REPRESENTATION_CONTEXT() REPRESENTATION_CONTEXT('2D SPACE',''
  ) );
#2503 = PCURVE('',#1171,#2504);
#2504 = DEFINITIONAL_REPRESENTATION('',(#2505),#2508);
#2505 = B_SPLINE_CURVE_WITH_KNOTS('',1,(#2506,#2507),.UNSPECIFIED.,.F.,
  .F.,(2,2),(0.,10.),.PIECEWISE_BEZIER_KNOTS.);
#2506 = CARTESIAN_POINT('',(16.079464684086,1.));
#2507 = CARTESIAN_POINT('',(16.079464684086,-1.50704102066E-16));
#2508 = ( GEOMETRIC_REPRESENTATION_CONTEXT(2) 
PARAMETRIC_REPRESENTATION_CONTEXT() REPRESENTATION_CONTEXT('2D SPACE',''
  ) );
#2509 = ORIENTED_EDGE('',*,*,#1237,.T.);
#2510 = ADVANCED_FACE('',(#2511),#1011,.T.);
#2511 = FACE_BOUND('',#2512,.T.);
#2512 = EDGE_LOOP('',(#2513,#2514,#2515,#2580));
#2513 = ORIENTED_EDGE('',*,*,#975,.T.);
#2514 = ORIENTED_EDGE('',*,*,#2418,.T.);
#2515 = ORIENTED_EDGE('',*,*,#2516,.F.);
#2516 = EDGE_CURVE('',#2517,#2419,#2519,.T.);
#2517 = VERTEX_POINT('',#2518);
#2518 = CARTESIAN_POINT('',(43.000021613966,26.07869547089,
    12.478599820107));
#2519 = SURFACE_CURVE('',#2520,(#2534,#2563),.PCURVE_S1.);
#2520 = B_SPLINE_CURVE_WITH_KNOTS('',3,(#2521,#2522,#2523,#2524,#2525,
    #2526,#2527,#2528,#2529,#2530,#2531,#2532,#2533),.UNSPECIFIED.,.F.,
  .F.,(4,3,3,3,4),(0.,6.085220571173E-02,0.148039320148,2.175124614308,
    2.778257663023),.UNSPECIFIED.);
#2521 = CARTESIAN_POINT('',(43.000021613966,26.07869547089,
    12.478599820107));
#2522 = CARTESIAN_POINT('',(43.000021613966,26.361974764126,
    12.456360424915));
#2523 = CARTESIAN_POINT('',(43.000021613966,26.626558481958,
    12.435995479756));
#2524 = CARTESIAN_POINT('',(43.000021613966,26.867198949729,
    12.417746535271));
#2525 = CARTESIAN_POINT('',(43.000021613966,27.211980995939,
    12.391600025173));
#2526 = CARTESIAN_POINT('',(43.000021613966,27.508217710932,
    12.369722753112));
#2527 = CARTESIAN_POINT('',(43.000021613966,27.741369942147,
    12.352728086003));
#2528 = CARTESIAN_POINT('',(43.000021613966,33.132471941327,
    11.959766014177));
#2529 = CARTESIAN_POINT('',(43.000021613966,39.498168149694,
    11.710679099372));
#2530 = CARTESIAN_POINT('',(43.000021613965,44.95725790648,
    11.593821907804));
#2531 = CARTESIAN_POINT('',(43.000021613965,46.584026741056,
    11.558999319093));
#2532 = CARTESIAN_POINT('',(43.000021613965,48.21671551009,
    11.532455355735));
#2533 = CARTESIAN_POINT('',(43.000021613965,49.894210319833,
    11.512533182467));
#2534 = PCURVE('',#1011,#2535);
#2535 = DEFINITIONAL_REPRESENTATION('',(#2536),#2562);
#2536 = B_SPLINE_CURVE_WITH_KNOTS('',3,(#2537,#2538,#2539,#2540,#2541,
    #2542,#2543,#2544,#2545,#2546,#2547,#2548,#2549,#2550,#2551,#2552,
    #2553,#2554,#2555,#2556,#2557,#2558,#2559,#2560,#2561),
  .UNSPECIFIED.,.F.,.F.,(4,1,1,1,1,1,1,1,1,1,1,1,1,1,1,1,1,1,1,1,1,1,4),
  (0.,0.126284439228,0.252568878457,0.378853317685,0.505137756913,
    0.631422196142,0.75770663537,0.883991074598,1.010275513827,
    1.136559953055,1.262844392283,1.389128831512,1.51541327074,
    1.641697709968,1.767982149196,1.894266588425,2.020551027653,
    2.146835466881,2.27311990611,2.399404345338,2.525688784566,
    2.651973223795,2.778257663023),.QUASI_UNIFORM_KNOTS.);
#2537 = CARTESIAN_POINT('',(-1.739201800506,0.));
#2538 = CARTESIAN_POINT('',(-1.755192353973,6.209088661002E-14));
#2539 = CARTESIAN_POINT('',(-1.787191634525,1.099938557776E-13));
#2540 = CARTESIAN_POINT('',(-1.83521413411,6.55131393037E-14));
#2541 = CARTESIAN_POINT('',(-1.883205259284,1.617038648478E-14));
#2542 = CARTESIAN_POINT('',(-1.931194095624,7.703710938335E-14));
#2543 = CARTESIAN_POINT('',(-1.979183926857,5.575557401742E-14));
#2544 = CARTESIAN_POINT('',(-2.027190763145,2.262933921319E-14));
#2545 = CARTESIAN_POINT('',(-2.075186257952,4.229045633744E-14));
#2546 = CARTESIAN_POINT('',(-2.123181892066,6.726930667404E-14));
#2547 = CARTESIAN_POINT('',(-2.17118045493,8.21346233548E-14));
#2548 = CARTESIAN_POINT('',(-2.219180137249,8.524363503151E-14));
#2549 = CARTESIAN_POINT('',(-2.267176197006,7.727952479936E-14));
#2550 = CARTESIAN_POINT('',(-2.31516487743,6.994187381742E-14));
#2551 = CARTESIAN_POINT('',(-2.36315748727,5.83817384998E-14));
#2552 = CARTESIAN_POINT('',(-2.41117055307,5.029531203102E-14));
#2553 = CARTESIAN_POINT('',(-2.459202682489,3.679979091711E-14));
#2554 = CARTESIAN_POINT('',(-2.507209513945,2.01506574621E-14));
#2555 = CARTESIAN_POINT('',(-2.555111328642,2.087859438312E-16));
#2556 = CARTESIAN_POINT('',(-2.602904639305,8.547354342324E-16));
#2557 = CARTESIAN_POINT('',(-2.651149194739,-8.192455847017E-16));
#2558 = CARTESIAN_POINT('',(-2.699219623645,-1.011556331281E-15));
#2559 = CARTESIAN_POINT('',(-2.747179317368,-5.472610099793E-16));
#2560 = CARTESIAN_POINT('',(-2.779148776016,-1.33808355373E-16));
#2561 = CARTESIAN_POINT('',(-2.795148133665,0.));
#2562 = ( GEOMETRIC_REPRESENTATION_CONTEXT(2) 
PARAMETRIC_REPRESENTATION_CONTEXT() REPRESENTATION_CONTEXT('2D SPACE',''
  ) );
#2563 = PCURVE('',#1347,#2564);
#2564 = DEFINITIONAL_REPRESENTATION('',(#2565),#2579);
#2565 = B_SPLINE_CURVE_WITH_KNOTS('',3,(#2566,#2567,#2568,#2569,#2570,
    #2571,#2572,#2573,#2574,#2575,#2576,#2577,#2578),.UNSPECIFIED.,.F.,
  .F.,(4,3,3,3,4),(0.,6.085220571173E-02,0.148039320148,2.175124614308,
    2.778257663023),.UNSPECIFIED.);
#2566 = CARTESIAN_POINT('',(-76.34723938458,2.918839820677));
#2567 = CARTESIAN_POINT('',(-76.06396009134,2.896600425485));
#2568 = CARTESIAN_POINT('',(-75.79937637351,2.876235480326));
#2569 = CARTESIAN_POINT('',(-75.55873590574,2.857986535841));
#2570 = CARTESIAN_POINT('',(-75.21395385953,2.831840025743));
#2571 = CARTESIAN_POINT('',(-74.91771714453,2.809962753682));
#2572 = CARTESIAN_POINT('',(-74.68456491332,2.792968086573));
#2573 = CARTESIAN_POINT('',(-69.29346291414,2.400006014747));
#2574 = CARTESIAN_POINT('',(-62.92776670577,2.150919099942));
#2575 = CARTESIAN_POINT('',(-57.46867694899,2.034061908374));
#2576 = CARTESIAN_POINT('',(-55.84190811441,1.999239319663));
#2577 = CARTESIAN_POINT('',(-54.20921934538,1.972695356305));
#2578 = CARTESIAN_POINT('',(-52.53172453563,1.952773183037));
#2579 = ( GEOMETRIC_REPRESENTATION_CONTEXT(2) 
PARAMETRIC_REPRESENTATION_CONTEXT() REPRESENTATION_CONTEXT('2D SPACE',''
  ) );
#2580 = ORIENTED_EDGE('',*,*,#2581,.F.);
#2581 = EDGE_CURVE('',#976,#2517,#2582,.T.);
#2582 = SURFACE_CURVE('',#2583,(#2587,#2593),.PCURVE_S1.);
#2583 = LINE('',#2584,#2585);
#2584 = CARTESIAN_POINT('',(53.000021613966,26.07869547089,
    12.478599820107));
#2585 = VECTOR('',#2586,1.);
#2586 = DIRECTION('',(-1.,-1.7763568394E-15,4.884981308351E-15));
#2587 = PCURVE('',#1011,#2588);
#2588 = DEFINITIONAL_REPRESENTATION('',(#2589),#2592);
#2589 = B_SPLINE_CURVE_WITH_KNOTS('',1,(#2590,#2591),.UNSPECIFIED.,.F.,
  .F.,(2,2),(0.,10.),.PIECEWISE_BEZIER_KNOTS.);
#2590 = CARTESIAN_POINT('',(-1.73920180048,1.));
#2591 = CARTESIAN_POINT('',(-1.73920180048,1.043668186187E-14));
#2592 = ( GEOMETRIC_REPRESENTATION_CONTEXT(2) 
PARAMETRIC_REPRESENTATION_CONTEXT() REPRESENTATION_CONTEXT('2D SPACE',''
  ) );
#2593 = PCURVE('',#1094,#2594);
#2594 = DEFINITIONAL_REPRESENTATION('',(#2595),#2599);
#2595 = LINE('',#2596,#2597);
#2596 = CARTESIAN_POINT('',(6.204838244064,9.000042662923));
#2597 = VECTOR('',#2598,1.);
#2598 = DIRECTION('',(-8.881784197001E-17,-1.));
#2599 = ( GEOMETRIC_REPRESENTATION_CONTEXT(2) 
PARAMETRIC_REPRESENTATION_CONTEXT() REPRESENTATION_CONTEXT('2D SPACE',''
  ) );
#2600 = ADVANCED_FACE('',(#2601),#1171,.T.);
#2601 = FACE_BOUND('',#2602,.T.);
#2602 = EDGE_LOOP('',(#2603,#2604,#2626,#2741));
#2603 = ORIENTED_EDGE('',*,*,#1105,.T.);
#2604 = ORIENTED_EDGE('',*,*,#2605,.T.);
#2605 = EDGE_CURVE('',#1074,#2606,#2608,.T.);
#2606 = VERTEX_POINT('',#2607);
#2607 = CARTESIAN_POINT('',(43.000021613966,25.854826125306,
    14.428797316096));
#2608 = SURFACE_CURVE('',#2609,(#2613,#2619),.PCURVE_S1.);
#2609 = LINE('',#2610,#2611);
#2610 = CARTESIAN_POINT('',(53.000021613966,25.854826125306,
    14.428797316096));
#2611 = VECTOR('',#2612,1.);
#2612 = DIRECTION('',(-1.,-1.7763568394E-15,4.884981308351E-15));
#2613 = PCURVE('',#1171,#2614);
#2614 = DEFINITIONAL_REPRESENTATION('',(#2615),#2618);
#2615 = B_SPLINE_CURVE_WITH_KNOTS('',1,(#2616,#2617),.UNSPECIFIED.,.F.,
  .F.,(2,2),(0.,10.),.PIECEWISE_BEZIER_KNOTS.);
#2616 = CARTESIAN_POINT('',(13.101812132887,1.));
#2617 = CARTESIAN_POINT('',(13.101812132887,-9.381489933863E-15));
#2618 = ( GEOMETRIC_REPRESENTATION_CONTEXT(2) 
PARAMETRIC_REPRESENTATION_CONTEXT() REPRESENTATION_CONTEXT('2D SPACE',''
  ) );
#2619 = PCURVE('',#1094,#2620);
#2620 = DEFINITIONAL_REPRESENTATION('',(#2621),#2625);
#2621 = LINE('',#2622,#2623);
#2622 = CARTESIAN_POINT('',(3.448526801764,9.000042662923));
#2623 = VECTOR('',#2624,1.);
#2624 = DIRECTION('',(-1.7763568394E-16,-1.));
#2625 = ( GEOMETRIC_REPRESENTATION_CONTEXT(2) 
PARAMETRIC_REPRESENTATION_CONTEXT() REPRESENTATION_CONTEXT('2D SPACE',''
  ) );
#2626 = ORIENTED_EDGE('',*,*,#2627,.F.);
#2627 = EDGE_CURVE('',#2468,#2606,#2628,.T.);
#2628 = SURFACE_CURVE('',#2629,(#2658,#2709),.PCURVE_S1.);
#2629 = B_SPLINE_CURVE_WITH_KNOTS('',3,(#2630,#2631,#2632,#2633,#2634,
    #2635,#2636,#2637,#2638,#2639,#2640,#2641,#2642,#2643,#2644,#2645,
    #2646,#2647,#2648,#2649,#2650,#2651,#2652,#2653,#2654,#2655,#2656,
    #2657),.UNSPECIFIED.,.F.,.F.,(4,3,3,3,3,3,3,3,3,4),(0.,
    9.59547995337E-02,0.24486703446,0.317713346224,0.353491352652,
    0.38953830734,0.734057451982,1.562518879329,1.771224108227,
    2.447186279168),.UNSPECIFIED.);
#2630 = CARTESIAN_POINT('',(43.000021613966,49.65474914383,
    19.20372666649));
#2631 = CARTESIAN_POINT('',(43.000021613966,49.356749314062,
    19.172064301865));
#2632 = CARTESIAN_POINT('',(43.000021613966,49.058049587269,
    19.139343982605));
#2633 = CARTESIAN_POINT('',(43.000021613966,48.758572140615,
    19.105532858826));
#2634 = CARTESIAN_POINT('',(43.000021613966,48.293805858868,
    19.053060559306));
#2635 = CARTESIAN_POINT('',(43.000021613966,47.827141818683,
    18.997959368717));
#2636 = CARTESIAN_POINT('',(43.000021613966,47.358288970689,
    18.940113065795));
#2637 = CARTESIAN_POINT('',(43.000021613966,47.128929937821,
    18.91181512082));
#2638 = CARTESIAN_POINT('',(43.000021613966,46.899043755828,
    18.882859916859));
#2639 = CARTESIAN_POINT('',(43.000021613966,46.668596359665,
    18.853234306042));
#2640 = CARTESIAN_POINT('',(43.000021613966,46.555413433854,
    18.838683856061));
#2641 = CARTESIAN_POINT('',(43.000021613966,46.442094714613,
    18.823971640586));
#2642 = CARTESIAN_POINT('',(43.000021613966,46.328636166859,
    18.809096130427));
#2643 = CARTESIAN_POINT('',(43.000021613966,46.214324736724,
    18.794108799159));
#2644 = CARTESIAN_POINT('',(43.000021613966,46.099871082656,
    18.7789556715));
#2645 = CARTESIAN_POINT('',(43.000021613966,45.985271078384,
    18.763635203403));
#2646 = CARTESIAN_POINT('',(43.000021613966,44.887291466125,
    18.616850203454));
#2647 = CARTESIAN_POINT('',(43.000021613966,43.777101030646,
    18.45604040258));
#2648 = CARTESIAN_POINT('',(43.000021613966,42.651100527312,
    18.278856768209));
#2649 = CARTESIAN_POINT('',(43.000021613966,39.945341518131,
    17.853087673472));
#2650 = CARTESIAN_POINT('',(43.000021613966,37.150881464689,
    17.330829142049));
#2651 = CARTESIAN_POINT('',(43.000021613966,34.414292456293,
    16.717734153212));
#2652 = CARTESIAN_POINT('',(43.000021613966,33.724486746462,
    16.563192706663));
#2653 = CARTESIAN_POINT('',(43.000021613966,33.036895698897,
    16.402686273745));
#2654 = CARTESIAN_POINT('',(43.000021613966,32.352711598296,
    16.23617964989));
#2655 = CARTESIAN_POINT('',(43.000021613966,30.136295549737,
    15.696781039225));
#2656 = CARTESIAN_POINT('',(43.000021613966,27.956485848919,
    15.094914269419));
#2657 = CARTESIAN_POINT('',(43.000021613966,25.854826125306,
    14.428797316095));
#2658 = PCURVE('',#1171,#2659);
#2659 = DEFINITIONAL_REPRESENTATION('',(#2660),#2708);
#2660 = B_SPLINE_CURVE_WITH_KNOTS('',3,(#2661,#2662,#2663,#2664,#2665,
    #2666,#2667,#2668,#2669,#2670,#2671,#2672,#2673,#2674,#2675,#2676,
    #2677,#2678,#2679,#2680,#2681,#2682,#2683,#2684,#2685,#2686,#2687,
    #2688,#2689,#2690,#2691,#2692,#2693,#2694,#2695,#2696,#2697,#2698,
    #2699,#2700,#2701,#2702,#2703,#2704,#2705,#2706,#2707),
  .UNSPECIFIED.,.F.,.F.,(4,1,1,1,1,1,1,1,1,1,1,1,1,1,1,1,1,1,1,1,1,1,1,1
    ,1,1,1,1,1,1,1,1,1,1,1,1,1,1,1,1,1,1,1,1,4),(0.,5.561786998109E-02,
    0.111235739962,0.166853609943,0.222471479924,0.278089349905,
    0.333707219887,0.389325089868,0.444942959849,0.50056082983,
    0.556178699811,0.611796569792,0.667414439773,0.723032309754,
    0.778650179735,0.834268049716,0.889885919697,0.945503789679,
    1.00112165966,1.056739529641,1.112357399622,1.167975269603,
    1.223593139584,1.279211009565,1.334828879546,1.390446749527,
    1.446064619508,1.501682489489,1.557300359471,1.612918229452,
    1.668536099433,1.724153969414,1.779771839395,1.835389709376,
    1.891007579357,1.946625449338,2.002243319319,2.0578611893,
    2.113479059281,2.169096929263,2.224714799244,2.280332669225,
    2.335950539206,2.391568409187,2.447186279168),
  .QUASI_UNIFORM_KNOTS.);
#2661 = CARTESIAN_POINT('',(16.079464682947,0.));
#2662 = CARTESIAN_POINT('',(16.056906511887,4.341603223836E-16));
#2663 = CARTESIAN_POINT('',(16.011791395514,8.234169662855E-16));
#2664 = CARTESIAN_POINT('',(15.944122598624,7.289686008332E-16));
#2665 = CARTESIAN_POINT('',(15.876457292353,5.217388801638E-16));
#2666 = CARTESIAN_POINT('',(15.808797145805,1.443853213572E-15));
#2667 = CARTESIAN_POINT('',(15.741150495359,2.224295548631E-15));
#2668 = CARTESIAN_POINT('',(15.673493423989,2.441406990439E-15));
#2669 = CARTESIAN_POINT('',(15.605920258738,5.052402848722E-15));
#2670 = CARTESIAN_POINT('',(15.538086934703,7.175939426282E-15));
#2671 = CARTESIAN_POINT('',(15.470374611335,8.885050037413E-15));
#2672 = CARTESIAN_POINT('',(15.402684496035,1.272827696939E-14));
#2673 = CARTESIAN_POINT('',(15.335043458599,1.696162632719E-14));
#2674 = CARTESIAN_POINT('',(15.267450947287,2.174571754585E-14));
#2675 = CARTESIAN_POINT('',(15.19984626846,2.538328569678E-14));
#2676 = CARTESIAN_POINT('',(15.132264869248,3.305424292643E-14));
#2677 = CARTESIAN_POINT('',(15.064647185231,3.852397610991E-14));
#2678 = CARTESIAN_POINT('',(14.996998614428,4.451558881664E-14));
#2679 = CARTESIAN_POINT('',(14.929322159663,5.063713960884E-14));
#2680 = CARTESIAN_POINT('',(14.861621345954,5.573046648309E-14));
#2681 = CARTESIAN_POINT('',(14.793899458442,6.055388601563E-14));
#2682 = CARTESIAN_POINT('',(14.726159766732,6.322926758561E-14));
#2683 = CARTESIAN_POINT('',(14.658405479247,6.624470247157E-14));
#2684 = CARTESIAN_POINT('',(14.590639788055,6.578669865183E-14));
#2685 = CARTESIAN_POINT('',(14.522865819462,6.609262737692E-14));
#2686 = CARTESIAN_POINT('',(14.455097141738,6.255211594045E-14));
#2687 = CARTESIAN_POINT('',(14.387346555726,6.084496962014E-14));
#2688 = CARTESIAN_POINT('',(14.319629511543,5.565728006909E-14));
#2689 = CARTESIAN_POINT('',(14.251951519587,4.978220992484E-14));
#2690 = CARTESIAN_POINT('',(14.184355263475,4.1632518316E-14));
#2691 = CARTESIAN_POINT('',(14.116744907438,3.903586481541E-14));
#2692 = CARTESIAN_POINT('',(14.04912914311,3.355648402915E-14));
#2693 = CARTESIAN_POINT('',(13.981508032598,2.552481926447E-14));
#2694 = CARTESIAN_POINT('',(13.913879818136,2.205563101998E-14));
#2695 = CARTESIAN_POINT('',(13.846225579001,1.567395161122E-14));
#2696 = CARTESIAN_POINT('',(13.778569489979,1.210892295478E-14));
#2697 = CARTESIAN_POINT('',(13.710905559362,8.714008325609E-15));
#2698 = CARTESIAN_POINT('',(13.643236654322,6.083528788262E-15));
#2699 = CARTESIAN_POINT('',(13.575563267849,4.487308358643E-15));
#2700 = CARTESIAN_POINT('',(13.507886530713,2.252159894168E-15));
#2701 = CARTESIAN_POINT('',(13.440207406439,1.538059986072E-15));
#2702 = CARTESIAN_POINT('',(13.372526909036,-3.582474605185E-16));
#2703 = CARTESIAN_POINT('',(13.304846046507,9.53153576286E-16));
#2704 = CARTESIAN_POINT('',(13.237165838234,-8.575698237919E-16));
#2705 = CARTESIAN_POINT('',(13.169487310876,2.349248344079E-15));
#2706 = CARTESIAN_POINT('',(13.124370107677,1.714949126712E-15));
#2707 = CARTESIAN_POINT('',(13.101812132731,0.));
#2708 = ( GEOMETRIC_REPRESENTATION_CONTEXT(2) 
PARAMETRIC_REPRESENTATION_CONTEXT() REPRESENTATION_CONTEXT('2D SPACE',''
  ) );
#2709 = PCURVE('',#1347,#2710);
#2710 = DEFINITIONAL_REPRESENTATION('',(#2711),#2740);
#2711 = B_SPLINE_CURVE_WITH_KNOTS('',3,(#2712,#2713,#2714,#2715,#2716,
    #2717,#2718,#2719,#2720,#2721,#2722,#2723,#2724,#2725,#2726,#2727,
    #2728,#2729,#2730,#2731,#2732,#2733,#2734,#2735,#2736,#2737,#2738,
    #2739),.UNSPECIFIED.,.F.,.F.,(4,3,3,3,3,3,3,3,3,4),(0.,
    9.59547995337E-02,0.24486703446,0.317713346224,0.353491352652,
    0.38953830734,0.734057451982,1.562518879329,1.771224108227,
    2.447186279168),.UNSPECIFIED.);
#2712 = CARTESIAN_POINT('',(-52.77118571164,9.64396666706));
#2713 = CARTESIAN_POINT('',(-53.0691855414,9.612304302435));
#2714 = CARTESIAN_POINT('',(-53.3678852682,9.579583983175));
#2715 = CARTESIAN_POINT('',(-53.66736271485,9.545772859396));
#2716 = CARTESIAN_POINT('',(-54.1321289966,9.493300559876));
#2717 = CARTESIAN_POINT('',(-54.59879303678,9.438199369287));
#2718 = CARTESIAN_POINT('',(-55.06764588478,9.380353066365));
#2719 = CARTESIAN_POINT('',(-55.29700491764,9.35205512139));
#2720 = CARTESIAN_POINT('',(-55.52689109964,9.323099917429));
#2721 = CARTESIAN_POINT('',(-55.7573384958,9.293474306612));
#2722 = CARTESIAN_POINT('',(-55.87052142161,9.278923856631));
#2723 = CARTESIAN_POINT('',(-55.98384014085,9.264211641156));
#2724 = CARTESIAN_POINT('',(-56.09729868861,9.249336130997));
#2725 = CARTESIAN_POINT('',(-56.21161011874,9.234348799729));
#2726 = CARTESIAN_POINT('',(-56.32606377281,9.21919567207));
#2727 = CARTESIAN_POINT('',(-56.44066377708,9.203875203973));
#2728 = CARTESIAN_POINT('',(-57.53864338934,9.057090204024));
#2729 = CARTESIAN_POINT('',(-58.64883382482,8.89628040315));
#2730 = CARTESIAN_POINT('',(-59.77483432815,8.719096768779));
#2731 = CARTESIAN_POINT('',(-62.48059333733,8.293327674042));
#2732 = CARTESIAN_POINT('',(-65.27505339078,7.771069142619));
#2733 = CARTESIAN_POINT('',(-68.01164239917,7.157974153782));
#2734 = CARTESIAN_POINT('',(-68.701448109,7.003432707233));
#2735 = CARTESIAN_POINT('',(-69.38903915657,6.842926274315));
#2736 = CARTESIAN_POINT('',(-70.07322325717,6.67641965046));
#2737 = CARTESIAN_POINT('',(-72.28963930573,6.137021039795));
#2738 = CARTESIAN_POINT('',(-74.46944900655,5.535154269989));
#2739 = CARTESIAN_POINT('',(-76.57110873016,4.869037316665));
#2740 = ( GEOMETRIC_REPRESENTATION_CONTEXT(2) 
PARAMETRIC_REPRESENTATION_CONTEXT() REPRESENTATION_CONTEXT('2D SPACE',''
  ) );
#2741 = ORIENTED_EDGE('',*,*,#2490,.F.);
#2742 = ADVANCED_FACE('',(#2743),#1094,.F.);
#2743 = FACE_BOUND('',#2744,.F.);
#2744 = EDGE_LOOP('',(#2745,#2746,#2767,#2768));
#2745 = ORIENTED_EDGE('',*,*,#2605,.T.);
#2746 = ORIENTED_EDGE('',*,*,#2747,.T.);
#2747 = EDGE_CURVE('',#2606,#2517,#2748,.T.);
#2748 = SURFACE_CURVE('',#2749,(#2754,#2760),.PCURVE_S1.);
#2749 = CIRCLE('',#2750,1.00000000175);
#2750 = AXIS2_PLACEMENT_3D('',#2751,#2752,#2753);
#2751 = CARTESIAN_POINT('',(43.000021613966,26.156961616613,
    13.475532322302));
#2752 = DIRECTION('',(1.,0.,0.));
#2753 = DIRECTION('',(0.,-0.302135490778,0.953264992126));
#2754 = PCURVE('',#1094,#2755);
#2755 = DEFINITIONAL_REPRESENTATION('',(#2756),#2759);
#2756 = B_SPLINE_CURVE_WITH_KNOTS('',1,(#2757,#2758),.UNSPECIFIED.,.F.,
  .F.,(2,2),(0.,2.756314335517),.PIECEWISE_BEZIER_KNOTS.);
#2757 = CARTESIAN_POINT('',(3.448526801764,-0.999957337077));
#2758 = CARTESIAN_POINT('',(6.204838244064,-0.999957337077));
#2759 = ( GEOMETRIC_REPRESENTATION_CONTEXT(2) 
PARAMETRIC_REPRESENTATION_CONTEXT() REPRESENTATION_CONTEXT('2D SPACE',''
  ) );
#2760 = PCURVE('',#1347,#2761);
#2761 = DEFINITIONAL_REPRESENTATION('',(#2762),#2766);
#2762 = CIRCLE('',#2763,1.00000000175);
#2763 = AXIS2_PLACEMENT_2D('',#2764,#2765);
#2764 = CARTESIAN_POINT('',(-76.26897323885,3.915772322872));
#2765 = DIRECTION('',(-0.302135490778,0.953264992126));
#2766 = ( GEOMETRIC_REPRESENTATION_CONTEXT(2) 
PARAMETRIC_REPRESENTATION_CONTEXT() REPRESENTATION_CONTEXT('2D SPACE',''
  ) );
#2767 = ORIENTED_EDGE('',*,*,#2581,.F.);
#2768 = ORIENTED_EDGE('',*,*,#1073,.T.);
#2769 = ADVANCED_FACE('',(#2770),#1293,.F.);
#2770 = FACE_BOUND('',#2771,.F.);
#2771 = EDGE_LOOP('',(#2772,#2773,#2796,#2823));
#2772 = ORIENTED_EDGE('',*,*,#1276,.F.);
#2773 = ORIENTED_EDGE('',*,*,#2774,.F.);
#2774 = EDGE_CURVE('',#2775,#1277,#2777,.T.);
#2775 = VERTEX_POINT('',#2776);
#2776 = CARTESIAN_POINT('',(43.000021613965,60.454326154274,
    18.232498214492));
#2777 = SEAM_CURVE('',#2778,(#2782,#2789),.PCURVE_S1.);
#2778 = LINE('',#2779,#2780);
#2779 = CARTESIAN_POINT('',(42.000021613965,60.454326154274,
    18.232498214492));
#2780 = VECTOR('',#2781,1.);
#2781 = DIRECTION('',(1.,0.,0.));
#2782 = PCURVE('',#1293,#2783);
#2783 = DEFINITIONAL_REPRESENTATION('',(#2784),#2788);
#2784 = LINE('',#2785,#2786);
#2785 = CARTESIAN_POINT('',(0.,-0.));
#2786 = VECTOR('',#2787,1.);
#2787 = DIRECTION('',(0.,1.));
#2788 = ( GEOMETRIC_REPRESENTATION_CONTEXT(2) 
PARAMETRIC_REPRESENTATION_CONTEXT() REPRESENTATION_CONTEXT('2D SPACE',''
  ) );
#2789 = PCURVE('',#1293,#2790);
#2790 = DEFINITIONAL_REPRESENTATION('',(#2791),#2795);
#2791 = LINE('',#2792,#2793);
#2792 = CARTESIAN_POINT('',(6.28318530718,-0.));
#2793 = VECTOR('',#2794,1.);
#2794 = DIRECTION('',(0.,1.));
#2795 = ( GEOMETRIC_REPRESENTATION_CONTEXT(2) 
PARAMETRIC_REPRESENTATION_CONTEXT() REPRESENTATION_CONTEXT('2D SPACE',''
  ) );
#2796 = ORIENTED_EDGE('',*,*,#2797,.T.);
#2797 = EDGE_CURVE('',#2775,#2775,#2798,.T.);
#2798 = SURFACE_CURVE('',#2799,(#2804,#2811),.PCURVE_S1.);
#2799 = CIRCLE('',#2800,2.6);
#2800 = AXIS2_PLACEMENT_3D('',#2801,#2802,#2803);
#2801 = CARTESIAN_POINT('',(43.000021613965,60.454326154274,
    15.632498214492));
#2802 = DIRECTION('',(1.,0.,0.));
#2803 = DIRECTION('',(-0.,0.,1.));
#2804 = PCURVE('',#1293,#2805);
#2805 = DEFINITIONAL_REPRESENTATION('',(#2806),#2810);
#2806 = LINE('',#2807,#2808);
#2807 = CARTESIAN_POINT('',(0.,1.));
#2808 = VECTOR('',#2809,1.);
#2809 = DIRECTION('',(1.,0.));
#2810 = ( GEOMETRIC_REPRESENTATION_CONTEXT(2) 
PARAMETRIC_REPRESENTATION_CONTEXT() REPRESENTATION_CONTEXT('2D SPACE',''
  ) );
#2811 = PCURVE('',#2812,#2817);
#2812 = PLANE('',#2813);
#2813 = AXIS2_PLACEMENT_3D('',#2814,#2815,#2816);
#2814 = CARTESIAN_POINT('',(43.000021613965,60.454326154274,
    15.632498214492));
#2815 = DIRECTION('',(1.,0.,0.));
#2816 = DIRECTION('',(-0.,0.,1.));
#2817 = DEFINITIONAL_REPRESENTATION('',(#2818),#2822);
#2818 = CIRCLE('',#2819,2.6);
#2819 = AXIS2_PLACEMENT_2D('',#2820,#2821);
#2820 = CARTESIAN_POINT('',(0.,0.));
#2821 = DIRECTION('',(1.,0.));
#2822 = ( GEOMETRIC_REPRESENTATION_CONTEXT(2) 
PARAMETRIC_REPRESENTATION_CONTEXT() REPRESENTATION_CONTEXT('2D SPACE',''
  ) );
#2823 = ORIENTED_EDGE('',*,*,#2774,.T.);
#2824 = ADVANCED_FACE('',(#2825,#2981,#3012,#3020),#1347,.F.);
#2825 = FACE_BOUND('',#2826,.F.);
#2826 = EDGE_LOOP('',(#2827,#2828,#2851,#2879,#2900,#2901,#2902,#2903,
    #2904,#2905,#2906,#2907,#2908,#2909,#2932,#2960));
#2827 = ORIENTED_EDGE('',*,*,#2060,.F.);
#2828 = ORIENTED_EDGE('',*,*,#2829,.F.);
#2829 = EDGE_CURVE('',#2830,#2061,#2832,.T.);
#2830 = VERTEX_POINT('',#2831);
#2831 = CARTESIAN_POINT('',(43.000021613966,145.65000001249,
    -5.000000000001));
#2832 = SURFACE_CURVE('',#2833,(#2837,#2844),.PCURVE_S1.);
#2833 = LINE('',#2834,#2835);
#2834 = CARTESIAN_POINT('',(43.000021613966,145.65000001249,
    2.347557704407));
#2835 = VECTOR('',#2836,1.);
#2836 = DIRECTION('',(0.,-7.664998630867E-16,1.));
#2837 = PCURVE('',#1347,#2838);
#2838 = DEFINITIONAL_REPRESENTATION('',(#2839),#2843);
#2839 = LINE('',#2840,#2841);
#2840 = CARTESIAN_POINT('',(43.22406515702,-7.212202295023));
#2841 = VECTOR('',#2842,1.);
#2842 = DIRECTION('',(-7.664998630867E-16,1.));
#2843 = ( GEOMETRIC_REPRESENTATION_CONTEXT(2) 
PARAMETRIC_REPRESENTATION_CONTEXT() REPRESENTATION_CONTEXT('2D SPACE',''
  ) );
#2844 = PCURVE('',#2097,#2845);
#2845 = DEFINITIONAL_REPRESENTATION('',(#2846),#2850);
#2846 = LINE('',#2847,#2848);
#2847 = CARTESIAN_POINT('',(7.347557704408,5.));
#2848 = VECTOR('',#2849,1.);
#2849 = DIRECTION('',(1.,0.));
#2850 = ( GEOMETRIC_REPRESENTATION_CONTEXT(2) 
PARAMETRIC_REPRESENTATION_CONTEXT() REPRESENTATION_CONTEXT('2D SPACE',''
  ) );
#2851 = ORIENTED_EDGE('',*,*,#2852,.F.);
#2852 = EDGE_CURVE('',#2853,#2830,#2855,.T.);
#2853 = VERTEX_POINT('',#2854);
#2854 = CARTESIAN_POINT('',(43.000021613966,174.25752781042,
    -5.000000000001));
#2855 = SURFACE_CURVE('',#2856,(#2860,#2867),.PCURVE_S1.);
#2856 = LINE('',#2857,#2858);
#2857 = CARTESIAN_POINT('',(43.000021613966,102.42593485716,
    -5.000000000582));
#2858 = VECTOR('',#2859,1.);
#2859 = DIRECTION('',(1.418142915116E-16,-1.,-1.160230382424E-10));
#2860 = PCURVE('',#1347,#2861);
#2861 = DEFINITIONAL_REPRESENTATION('',(#2862),#2866);
#2862 = LINE('',#2863,#2864);
#2863 = CARTESIAN_POINT('',(1.689997475296E-09,-14.55976000001));
#2864 = VECTOR('',#2865,1.);
#2865 = DIRECTION('',(-1.,-1.160230382424E-10));
#2866 = ( GEOMETRIC_REPRESENTATION_CONTEXT(2) 
PARAMETRIC_REPRESENTATION_CONTEXT() REPRESENTATION_CONTEXT('2D SPACE',''
  ) );
#2867 = PCURVE('',#2868,#2873);
#2868 = PLANE('',#2869);
#2869 = AXIS2_PLACEMENT_3D('',#2870,#2871,#2872);
#2870 = CARTESIAN_POINT('',(45.500021613966,107.42593485547,
    -5.000000000001));
#2871 = DIRECTION('',(1.443289932013E-15,1.160230382424E-10,-1.));
#2872 = DIRECTION('',(-5.350182836791E-18,-1.,-1.160230382424E-10));
#2873 = DEFINITIONAL_REPRESENTATION('',(#2874),#2878);
#2874 = LINE('',#2875,#2876);
#2875 = CARTESIAN_POINT('',(4.99999999831,2.5));
#2876 = VECTOR('',#2877,1.);
#2877 = DIRECTION('',(1.,-1.471644743484E-16));
#2878 = ( GEOMETRIC_REPRESENTATION_CONTEXT(2) 
PARAMETRIC_REPRESENTATION_CONTEXT() REPRESENTATION_CONTEXT('2D SPACE',''
  ) );
#2879 = ORIENTED_EDGE('',*,*,#2880,.F.);
#2880 = EDGE_CURVE('',#1880,#2853,#2881,.T.);
#2881 = SURFACE_CURVE('',#2882,(#2886,#2893),.PCURVE_S1.);
#2882 = LINE('',#2883,#2884);
#2883 = CARTESIAN_POINT('',(43.000021613966,174.25752781042,
    2.816389479436));
#2884 = VECTOR('',#2885,1.);
#2885 = DIRECTION('',(0.,7.366930545116E-16,-1.));
#2886 = PCURVE('',#1347,#2887);
#2887 = DEFINITIONAL_REPRESENTATION('',(#2888),#2892);
#2888 = LINE('',#2889,#2890);
#2889 = CARTESIAN_POINT('',(71.83159295495,-6.743370519994));
#2890 = VECTOR('',#2891,1.);
#2891 = DIRECTION('',(7.366930545116E-16,-1.));
#2892 = ( GEOMETRIC_REPRESENTATION_CONTEXT(2) 
PARAMETRIC_REPRESENTATION_CONTEXT() REPRESENTATION_CONTEXT('2D SPACE',''
  ) );
#2893 = PCURVE('',#1895,#2894);
#2894 = DEFINITIONAL_REPRESENTATION('',(#2895),#2899);
#2895 = LINE('',#2896,#2897);
#2896 = CARTESIAN_POINT('',(-2.816389479438,5.));
#2897 = VECTOR('',#2898,1.);
#2898 = DIRECTION('',(1.,0.));
#2899 = ( GEOMETRIC_REPRESENTATION_CONTEXT(2) 
PARAMETRIC_REPRESENTATION_CONTEXT() REPRESENTATION_CONTEXT('2D SPACE',''
  ) );
#2900 = ORIENTED_EDGE('',*,*,#1907,.F.);
#2901 = ORIENTED_EDGE('',*,*,#2281,.F.);
#2902 = ORIENTED_EDGE('',*,*,#2134,.F.);
#2903 = ORIENTED_EDGE('',*,*,#1824,.F.);
#2904 = ORIENTED_EDGE('',*,*,#1660,.F.);
#2905 = ORIENTED_EDGE('',*,*,#1331,.F.);
#2906 = ORIENTED_EDGE('',*,*,#1383,.F.);
#2907 = ORIENTED_EDGE('',*,*,#1753,.F.);
#2908 = ORIENTED_EDGE('',*,*,#1953,.F.);
#2909 = ORIENTED_EDGE('',*,*,#2910,.F.);
#2910 = EDGE_CURVE('',#2911,#1954,#2913,.T.);
#2911 = VERTEX_POINT('',#2912);
#2912 = CARTESIAN_POINT('',(43.000021613966,40.594341900521,
    -5.000000000001));
#2913 = SURFACE_CURVE('',#2914,(#2918,#2925),.PCURVE_S1.);
#2914 = LINE('',#2915,#2916);
#2915 = CARTESIAN_POINT('',(43.000021613966,40.594341900521,
    2.686851388296));
#2916 = VECTOR('',#2917,1.);
#2917 = DIRECTION('',(0.,-1.489388759643E-15,1.));
#2918 = PCURVE('',#1347,#2919);
#2919 = DEFINITIONAL_REPRESENTATION('',(#2920),#2924);
#2920 = LINE('',#2921,#2922);
#2921 = CARTESIAN_POINT('',(-61.83159295494,-6.872908611134));
#2922 = VECTOR('',#2923,1.);
#2923 = DIRECTION('',(-1.489388759643E-15,1.));
#2924 = ( GEOMETRIC_REPRESENTATION_CONTEXT(2) 
PARAMETRIC_REPRESENTATION_CONTEXT() REPRESENTATION_CONTEXT('2D SPACE',''
  ) );
#2925 = PCURVE('',#1992,#2926);
#2926 = DEFINITIONAL_REPRESENTATION('',(#2927),#2931);
#2927 = LINE('',#2928,#2929);
#2928 = CARTESIAN_POINT('',(7.686851388297,5.));
#2929 = VECTOR('',#2930,1.);
#2930 = DIRECTION('',(1.,0.));
#2931 = ( GEOMETRIC_REPRESENTATION_CONTEXT(2) 
PARAMETRIC_REPRESENTATION_CONTEXT() REPRESENTATION_CONTEXT('2D SPACE',''
  ) );
#2932 = ORIENTED_EDGE('',*,*,#2933,.F.);
#2933 = EDGE_CURVE('',#2934,#2911,#2936,.T.);
#2934 = VERTEX_POINT('',#2935);
#2935 = CARTESIAN_POINT('',(43.000021613966,85.6500000125,
    -5.000000000001));
#2936 = SURFACE_CURVE('',#2937,(#2941,#2948),.PCURVE_S1.);
#2937 = LINE('',#2938,#2939);
#2938 = CARTESIAN_POINT('',(43.000021613966,102.42593485716,
    -5.000000000582));
#2939 = VECTOR('',#2940,1.);
#2940 = DIRECTION('',(1.418142915116E-16,-1.,-1.160230382424E-10));
#2941 = PCURVE('',#1347,#2942);
#2942 = DEFINITIONAL_REPRESENTATION('',(#2943),#2947);
#2943 = LINE('',#2944,#2945);
#2944 = CARTESIAN_POINT('',(1.689997475296E-09,-14.55976000001));
#2945 = VECTOR('',#2946,1.);
#2946 = DIRECTION('',(-1.,-1.160230382424E-10));
#2947 = ( GEOMETRIC_REPRESENTATION_CONTEXT(2) 
PARAMETRIC_REPRESENTATION_CONTEXT() REPRESENTATION_CONTEXT('2D SPACE',''
  ) );
#2948 = PCURVE('',#2949,#2954);
#2949 = PLANE('',#2950);
#2950 = AXIS2_PLACEMENT_3D('',#2951,#2952,#2953);
#2951 = CARTESIAN_POINT('',(45.500021613966,107.42593485547,
    -5.000000000001));
#2952 = DIRECTION('',(1.443289932013E-15,1.160230382424E-10,-1.));
#2953 = DIRECTION('',(-5.350182836791E-18,-1.,-1.160230382424E-10));
#2954 = DEFINITIONAL_REPRESENTATION('',(#2955),#2959);
#2955 = LINE('',#2956,#2957);
#2956 = CARTESIAN_POINT('',(4.99999999831,2.5));
#2957 = VECTOR('',#2958,1.);
#2958 = DIRECTION('',(1.,-1.471644743484E-16));
#2959 = ( GEOMETRIC_REPRESENTATION_CONTEXT(2) 
PARAMETRIC_REPRESENTATION_CONTEXT() REPRESENTATION_CONTEXT('2D SPACE',''
  ) );
#2960 = ORIENTED_EDGE('',*,*,#2961,.F.);
#2961 = EDGE_CURVE('',#2033,#2934,#2962,.T.);
#2962 = SURFACE_CURVE('',#2963,(#2967,#2974),.PCURVE_S1.);
#2963 = LINE('',#2964,#2965);
#2964 = CARTESIAN_POINT('',(43.000021613966,85.6500000125,3.101050034282
    ));
#2965 = VECTOR('',#2966,1.);
#2966 = DIRECTION('',(0.,1.439400481468E-15,-1.));
#2967 = PCURVE('',#1347,#2968);
#2968 = DEFINITIONAL_REPRESENTATION('',(#2969),#2973);
#2969 = LINE('',#2970,#2971);
#2970 = CARTESIAN_POINT('',(-16.77593484297,-6.458709965148));
#2971 = VECTOR('',#2972,1.);
#2972 = DIRECTION('',(1.439400481468E-15,-1.));
#2973 = ( GEOMETRIC_REPRESENTATION_CONTEXT(2) 
PARAMETRIC_REPRESENTATION_CONTEXT() REPRESENTATION_CONTEXT('2D SPACE',''
  ) );
#2974 = PCURVE('',#2048,#2975);
#2975 = DEFINITIONAL_REPRESENTATION('',(#2976),#2980);
#2976 = LINE('',#2977,#2978);
#2977 = CARTESIAN_POINT('',(-3.101050060475,5.));
#2978 = VECTOR('',#2979,1.);
#2979 = DIRECTION('',(1.,0.));
#2980 = ( GEOMETRIC_REPRESENTATION_CONTEXT(2) 
PARAMETRIC_REPRESENTATION_CONTEXT() REPRESENTATION_CONTEXT('2D SPACE',''
  ) );
#2981 = FACE_BOUND('',#2982,.F.);
#2982 = EDGE_LOOP('',(#2983));
#2983 = ORIENTED_EDGE('',*,*,#2984,.F.);
#2984 = EDGE_CURVE('',#2985,#2985,#2987,.T.);
#2985 = VERTEX_POINT('',#2986);
#2986 = CARTESIAN_POINT('',(43.000021613965,100.5003516283,
    19.070508451741));
#2987 = SURFACE_CURVE('',#2988,(#2993,#3000),.PCURVE_S1.);
#2988 = CIRCLE('',#2989,4.00001);
#2989 = AXIS2_PLACEMENT_3D('',#2990,#2991,#2992);
#2990 = CARTESIAN_POINT('',(43.000021613965,100.5003516283,
    15.070498451741));
#2991 = DIRECTION('',(1.,0.,0.));
#2992 = DIRECTION('',(-0.,0.,1.));
#2993 = PCURVE('',#1347,#2994);
#2994 = DEFINITIONAL_REPRESENTATION('',(#2995),#2999);
#2995 = CIRCLE('',#2996,4.00001);
#2996 = AXIS2_PLACEMENT_2D('',#2997,#2998);
#2997 = CARTESIAN_POINT('',(-1.92558322717,5.510738452311));
#2998 = DIRECTION('',(0.,1.));
#2999 = ( GEOMETRIC_REPRESENTATION_CONTEXT(2) 
PARAMETRIC_REPRESENTATION_CONTEXT() REPRESENTATION_CONTEXT('2D SPACE',''
  ) );
#3000 = PCURVE('',#3001,#3006);
#3001 = PLANE('',#3002);
#3002 = AXIS2_PLACEMENT_3D('',#3003,#3004,#3005);
#3003 = CARTESIAN_POINT('',(43.000021613966,102.42593485547,
    9.55975999943));
#3004 = DIRECTION('',(1.,1.418142915995E-16,-7.578661487847E-16));
#3005 = DIRECTION('',(-1.418142915995E-16,1.,0.));
#3006 = DEFINITIONAL_REPRESENTATION('',(#3007),#3011);
#3007 = CIRCLE('',#3008,4.00001);
#3008 = AXIS2_PLACEMENT_2D('',#3009,#3010);
#3009 = CARTESIAN_POINT('',(-1.92558322717,5.510738452311));
#3010 = DIRECTION('',(0.,1.));
#3011 = ( GEOMETRIC_REPRESENTATION_CONTEXT(2) 
PARAMETRIC_REPRESENTATION_CONTEXT() REPRESENTATION_CONTEXT('2D SPACE',''
  ) );
#3012 = FACE_BOUND('',#3013,.F.);
#3013 = EDGE_LOOP('',(#3014,#3015,#3016,#3017,#3018,#3019));
#3014 = ORIENTED_EDGE('',*,*,#2516,.F.);
#3015 = ORIENTED_EDGE('',*,*,#2747,.F.);
#3016 = ORIENTED_EDGE('',*,*,#2627,.F.);
#3017 = ORIENTED_EDGE('',*,*,#2467,.F.);
#3018 = ORIENTED_EDGE('',*,*,#2366,.F.);
#3019 = ORIENTED_EDGE('',*,*,#2440,.F.);
#3020 = FACE_BOUND('',#3021,.F.);
#3021 = EDGE_LOOP('',(#3022));
#3022 = ORIENTED_EDGE('',*,*,#3023,.F.);
#3023 = EDGE_CURVE('',#3024,#3024,#3026,.T.);
#3024 = VERTEX_POINT('',#3025);
#3025 = CARTESIAN_POINT('',(43.000021613965,60.454326154274,
    19.632508214492));
#3026 = SURFACE_CURVE('',#3027,(#3032,#3039),.PCURVE_S1.);
#3027 = CIRCLE('',#3028,4.00001);
#3028 = AXIS2_PLACEMENT_3D('',#3029,#3030,#3031);
#3029 = CARTESIAN_POINT('',(43.000021613965,60.454326154274,
    15.632498214492));
#3030 = DIRECTION('',(1.,0.,0.));
#3031 = DIRECTION('',(-0.,0.,1.));
#3032 = PCURVE('',#1347,#3033);
#3033 = DEFINITIONAL_REPRESENTATION('',(#3034),#3038);
#3034 = CIRCLE('',#3035,4.00001);
#3035 = AXIS2_PLACEMENT_2D('',#3036,#3037);
#3036 = CARTESIAN_POINT('',(-41.97160870119,6.072738215062));
#3037 = DIRECTION('',(0.,1.));
#3038 = ( GEOMETRIC_REPRESENTATION_CONTEXT(2) 
PARAMETRIC_REPRESENTATION_CONTEXT() REPRESENTATION_CONTEXT('2D SPACE',''
  ) );
#3039 = PCURVE('',#3040,#3045);
#3040 = PLANE('',#3041);
#3041 = AXIS2_PLACEMENT_3D('',#3042,#3043,#3044);
#3042 = CARTESIAN_POINT('',(43.000021613966,102.42593485547,
    9.55975999943));
#3043 = DIRECTION('',(1.,1.418142915995E-16,-7.578661487847E-16));
#3044 = DIRECTION('',(-1.418142915995E-16,1.,0.));
#3045 = DEFINITIONAL_REPRESENTATION('',(#3046),#3050);
#3046 = CIRCLE('',#3047,4.00001);
#3047 = AXIS2_PLACEMENT_2D('',#3048,#3049);
#3048 = CARTESIAN_POINT('',(-41.97160870119,6.072738215062));
#3049 = DIRECTION('',(0.,1.));
#3050 = ( GEOMETRIC_REPRESENTATION_CONTEXT(2) 
PARAMETRIC_REPRESENTATION_CONTEXT() REPRESENTATION_CONTEXT('2D SPACE',''
  ) );
#3051 = ADVANCED_FACE('',(#3052),#1867,.T.);
#3052 = FACE_BOUND('',#3053,.T.);
#3053 = EDGE_LOOP('',(#3054,#3055,#3078,#3101));
#3054 = ORIENTED_EDGE('',*,*,#1849,.T.);
#3055 = ORIENTED_EDGE('',*,*,#3056,.T.);
#3056 = EDGE_CURVE('',#1852,#3057,#3059,.T.);
#3057 = VERTEX_POINT('',#3058);
#3058 = CARTESIAN_POINT('',(48.000021613966,145.65000001249,
    -5.000000000001));
#3059 = SURFACE_CURVE('',#3060,(#3064,#3071),.PCURVE_S1.);
#3060 = LINE('',#3061,#3062);
#3061 = CARTESIAN_POINT('',(48.000021613966,145.65000001249,
    2.347557704407));
#3062 = VECTOR('',#3063,1.);
#3063 = DIRECTION('',(0.,7.664998630867E-16,-1.));
#3064 = PCURVE('',#1867,#3065);
#3065 = DEFINITIONAL_REPRESENTATION('',(#3066),#3070);
#3066 = LINE('',#3067,#3068);
#3067 = CARTESIAN_POINT('',(43.22406515702,-7.212202295023));
#3068 = VECTOR('',#3069,1.);
#3069 = DIRECTION('',(7.664998630867E-16,-1.));
#3070 = ( GEOMETRIC_REPRESENTATION_CONTEXT(2) 
PARAMETRIC_REPRESENTATION_CONTEXT() REPRESENTATION_CONTEXT('2D SPACE',''
  ) );
#3071 = PCURVE('',#2097,#3072);
#3072 = DEFINITIONAL_REPRESENTATION('',(#3073),#3077);
#3073 = LINE('',#3074,#3075);
#3074 = CARTESIAN_POINT('',(7.347557704408,3.271596069813E-45));
#3075 = VECTOR('',#3076,1.);
#3076 = DIRECTION('',(-1.,0.));
#3077 = ( GEOMETRIC_REPRESENTATION_CONTEXT(2) 
PARAMETRIC_REPRESENTATION_CONTEXT() REPRESENTATION_CONTEXT('2D SPACE',''
  ) );
#3078 = ORIENTED_EDGE('',*,*,#3079,.T.);
#3079 = EDGE_CURVE('',#3057,#3080,#3082,.T.);
#3080 = VERTEX_POINT('',#3081);
#3081 = CARTESIAN_POINT('',(48.000021613966,174.25752781042,
    -5.000000000001));
#3082 = SURFACE_CURVE('',#3083,(#3087,#3094),.PCURVE_S1.);
#3083 = LINE('',#3084,#3085);
#3084 = CARTESIAN_POINT('',(48.000021613966,102.42593485716,
    -5.000000000582));
#3085 = VECTOR('',#3086,1.);
#3086 = DIRECTION('',(-1.418142915116E-16,1.,1.160230382424E-10));
#3087 = PCURVE('',#1867,#3088);
#3088 = DEFINITIONAL_REPRESENTATION('',(#3089),#3093);
#3089 = LINE('',#3090,#3091);
#3090 = CARTESIAN_POINT('',(1.689997475296E-09,-14.55976000001));
#3091 = VECTOR('',#3092,1.);
#3092 = DIRECTION('',(1.,1.160230382424E-10));
#3093 = ( GEOMETRIC_REPRESENTATION_CONTEXT(2) 
PARAMETRIC_REPRESENTATION_CONTEXT() REPRESENTATION_CONTEXT('2D SPACE',''
  ) );
#3094 = PCURVE('',#2868,#3095);
#3095 = DEFINITIONAL_REPRESENTATION('',(#3096),#3100);
#3096 = LINE('',#3097,#3098);
#3097 = CARTESIAN_POINT('',(4.99999999831,-2.5));
#3098 = VECTOR('',#3099,1.);
#3099 = DIRECTION('',(-1.,1.471644743484E-16));
#3100 = ( GEOMETRIC_REPRESENTATION_CONTEXT(2) 
PARAMETRIC_REPRESENTATION_CONTEXT() REPRESENTATION_CONTEXT('2D SPACE',''
  ) );
#3101 = ORIENTED_EDGE('',*,*,#3102,.F.);
#3102 = EDGE_CURVE('',#1850,#3080,#3103,.T.);
#3103 = SURFACE_CURVE('',#3104,(#3108,#3115),.PCURVE_S1.);
#3104 = LINE('',#3105,#3106);
#3105 = CARTESIAN_POINT('',(48.000021613966,174.25752781042,
    2.816389479436));
#3106 = VECTOR('',#3107,1.);
#3107 = DIRECTION('',(0.,7.366930545116E-16,-1.));
#3108 = PCURVE('',#1867,#3109);
#3109 = DEFINITIONAL_REPRESENTATION('',(#3110),#3114);
#3110 = LINE('',#3111,#3112);
#3111 = CARTESIAN_POINT('',(71.83159295495,-6.743370519994));
#3112 = VECTOR('',#3113,1.);
#3113 = DIRECTION('',(7.366930545116E-16,-1.));
#3114 = ( GEOMETRIC_REPRESENTATION_CONTEXT(2) 
PARAMETRIC_REPRESENTATION_CONTEXT() REPRESENTATION_CONTEXT('2D SPACE',''
  ) );
#3115 = PCURVE('',#1895,#3116);
#3116 = DEFINITIONAL_REPRESENTATION('',(#3117),#3121);
#3117 = LINE('',#3118,#3119);
#3118 = CARTESIAN_POINT('',(-2.816389479438,1.158399531376E-45));
#3119 = VECTOR('',#3120,1.);
#3120 = DIRECTION('',(1.,0.));
#3121 = ( GEOMETRIC_REPRESENTATION_CONTEXT(2) 
PARAMETRIC_REPRESENTATION_CONTEXT() REPRESENTATION_CONTEXT('2D SPACE',''
  ) );
#3122 = ADVANCED_FACE('',(#3123),#1895,.T.);
#3123 = FACE_BOUND('',#3124,.T.);
#3124 = EDGE_LOOP('',(#3125,#3126,#3147,#3148));
#3125 = ORIENTED_EDGE('',*,*,#3102,.T.);
#3126 = ORIENTED_EDGE('',*,*,#3127,.T.);
#3127 = EDGE_CURVE('',#3080,#2853,#3128,.T.);
#3128 = SURFACE_CURVE('',#3129,(#3133,#3140),.PCURVE_S1.);
#3129 = LINE('',#3130,#3131);
#3130 = CARTESIAN_POINT('',(48.000021613966,174.25752781042,
    -4.999999992247));
#3131 = VECTOR('',#3132,1.);
#3132 = DIRECTION('',(-1.,1.621576396572E-30,-1.443289932013E-15));
#3133 = PCURVE('',#1895,#3134);
#3134 = DEFINITIONAL_REPRESENTATION('',(#3135),#3139);
#3135 = LINE('',#3136,#3137);
#3136 = CARTESIAN_POINT('',(4.999999992245,-2.0565329086E-45));
#3137 = VECTOR('',#3138,1.);
#3138 = DIRECTION('',(1.443289932013E-15,1.));
#3139 = ( GEOMETRIC_REPRESENTATION_CONTEXT(2) 
PARAMETRIC_REPRESENTATION_CONTEXT() REPRESENTATION_CONTEXT('2D SPACE',''
  ) );
#3140 = PCURVE('',#2868,#3141);
#3141 = DEFINITIONAL_REPRESENTATION('',(#3142),#3146);
#3142 = LINE('',#3143,#3144);
#3143 = CARTESIAN_POINT('',(-66.83159295495,-2.5));
#3144 = VECTOR('',#3145,1.);
#3145 = DIRECTION('',(5.350183004244E-18,1.));
#3146 = ( GEOMETRIC_REPRESENTATION_CONTEXT(2) 
PARAMETRIC_REPRESENTATION_CONTEXT() REPRESENTATION_CONTEXT('2D SPACE',''
  ) );
#3147 = ORIENTED_EDGE('',*,*,#2880,.F.);
#3148 = ORIENTED_EDGE('',*,*,#1879,.F.);
#3149 = ADVANCED_FACE('',(#3150),#1992,.T.);
#3150 = FACE_BOUND('',#3151,.T.);
#3151 = EDGE_LOOP('',(#3152,#3175,#3176,#3177));
#3152 = ORIENTED_EDGE('',*,*,#3153,.F.);
#3153 = EDGE_CURVE('',#1977,#3154,#3156,.T.);
#3154 = VERTEX_POINT('',#3155);
#3155 = CARTESIAN_POINT('',(48.000021613966,40.594341900521,
    -5.000000000001));
#3156 = SURFACE_CURVE('',#3157,(#3161,#3168),.PCURVE_S1.);
#3157 = LINE('',#3158,#3159);
#3158 = CARTESIAN_POINT('',(48.000021613966,40.594341900521,
    2.686851388296));
#3159 = VECTOR('',#3160,1.);
#3160 = DIRECTION('',(0.,1.489388759643E-15,-1.));
#3161 = PCURVE('',#1992,#3162);
#3162 = DEFINITIONAL_REPRESENTATION('',(#3163),#3167);
#3163 = LINE('',#3164,#3165);
#3164 = CARTESIAN_POINT('',(7.686851388297,-3.117791013244E-45));
#3165 = VECTOR('',#3166,1.);
#3166 = DIRECTION('',(-1.,0.));
#3167 = ( GEOMETRIC_REPRESENTATION_CONTEXT(2) 
PARAMETRIC_REPRESENTATION_CONTEXT() REPRESENTATION_CONTEXT('2D SPACE',''
  ) );
#3168 = PCURVE('',#2020,#3169);
#3169 = DEFINITIONAL_REPRESENTATION('',(#3170),#3174);
#3170 = LINE('',#3171,#3172);
#3171 = CARTESIAN_POINT('',(-61.83159295494,-6.872908611134));
#3172 = VECTOR('',#3173,1.);
#3173 = DIRECTION('',(1.489388759643E-15,-1.));
#3174 = ( GEOMETRIC_REPRESENTATION_CONTEXT(2) 
PARAMETRIC_REPRESENTATION_CONTEXT() REPRESENTATION_CONTEXT('2D SPACE',''
  ) );
#3175 = ORIENTED_EDGE('',*,*,#1976,.T.);
#3176 = ORIENTED_EDGE('',*,*,#2910,.F.);
#3177 = ORIENTED_EDGE('',*,*,#3178,.F.);
#3178 = EDGE_CURVE('',#3154,#2911,#3179,.T.);
#3179 = SURFACE_CURVE('',#3180,(#3184,#3191),.PCURVE_S1.);
#3180 = LINE('',#3181,#3182);
#3181 = CARTESIAN_POINT('',(45.500021613966,40.594341900521,
    -5.000000007755));
#3182 = VECTOR('',#3183,1.);
#3183 = DIRECTION('',(-1.,3.278377124863E-30,-1.443289932013E-15));
#3184 = PCURVE('',#1992,#3185);
#3185 = DEFINITIONAL_REPRESENTATION('',(#3186),#3190);
#3186 = LINE('',#3187,#3188);
#3187 = CARTESIAN_POINT('',(-7.754000108662E-09,2.5));
#3188 = VECTOR('',#3189,1.);
#3189 = DIRECTION('',(-1.443289932013E-15,1.));
#3190 = ( GEOMETRIC_REPRESENTATION_CONTEXT(2) 
PARAMETRIC_REPRESENTATION_CONTEXT() REPRESENTATION_CONTEXT('2D SPACE',''
  ) );
#3191 = PCURVE('',#2949,#3192);
#3192 = DEFINITIONAL_REPRESENTATION('',(#3193),#3197);
#3193 = LINE('',#3194,#3195);
#3194 = CARTESIAN_POINT('',(66.831592954949,-3.57561241583E-16));
#3195 = VECTOR('',#3196,1.);
#3196 = DIRECTION('',(5.350183004243E-18,1.));
#3197 = ( GEOMETRIC_REPRESENTATION_CONTEXT(2) 
PARAMETRIC_REPRESENTATION_CONTEXT() REPRESENTATION_CONTEXT('2D SPACE',''
  ) );
#3198 = ADVANCED_FACE('',(#3199),#2020,.T.);
#3199 = FACE_BOUND('',#3200,.T.);
#3200 = EDGE_LOOP('',(#3201,#3202,#3203,#3226));
#3201 = ORIENTED_EDGE('',*,*,#2004,.T.);
#3202 = ORIENTED_EDGE('',*,*,#3153,.T.);
#3203 = ORIENTED_EDGE('',*,*,#3204,.T.);
#3204 = EDGE_CURVE('',#3154,#3205,#3207,.T.);
#3205 = VERTEX_POINT('',#3206);
#3206 = CARTESIAN_POINT('',(48.000021613966,85.6500000125,
    -5.000000000001));
#3207 = SURFACE_CURVE('',#3208,(#3212,#3219),.PCURVE_S1.);
#3208 = LINE('',#3209,#3210);
#3209 = CARTESIAN_POINT('',(48.000021613966,102.42593485716,
    -5.000000000582));
#3210 = VECTOR('',#3211,1.);
#3211 = DIRECTION('',(-1.418142915116E-16,1.,1.160230382424E-10));
#3212 = PCURVE('',#2020,#3213);
#3213 = DEFINITIONAL_REPRESENTATION('',(#3214),#3218);
#3214 = LINE('',#3215,#3216);
#3215 = CARTESIAN_POINT('',(1.689997475296E-09,-14.55976000001));
#3216 = VECTOR('',#3217,1.);
#3217 = DIRECTION('',(1.,1.160230382424E-10));
#3218 = ( GEOMETRIC_REPRESENTATION_CONTEXT(2) 
PARAMETRIC_REPRESENTATION_CONTEXT() REPRESENTATION_CONTEXT('2D SPACE',''
  ) );
#3219 = PCURVE('',#2949,#3220);
#3220 = DEFINITIONAL_REPRESENTATION('',(#3221),#3225);
#3221 = LINE('',#3222,#3223);
#3222 = CARTESIAN_POINT('',(4.99999999831,-2.5));
#3223 = VECTOR('',#3224,1.);
#3224 = DIRECTION('',(-1.,1.471644743484E-16));
#3225 = ( GEOMETRIC_REPRESENTATION_CONTEXT(2) 
PARAMETRIC_REPRESENTATION_CONTEXT() REPRESENTATION_CONTEXT('2D SPACE',''
  ) );
#3226 = ORIENTED_EDGE('',*,*,#3227,.F.);
#3227 = EDGE_CURVE('',#2005,#3205,#3228,.T.);
#3228 = SURFACE_CURVE('',#3229,(#3233,#3240),.PCURVE_S1.);
#3229 = LINE('',#3230,#3231);
#3230 = CARTESIAN_POINT('',(48.000021613966,85.6500000125,3.101050034282
    ));
#3231 = VECTOR('',#3232,1.);
#3232 = DIRECTION('',(0.,1.439400481468E-15,-1.));
#3233 = PCURVE('',#2020,#3234);
#3234 = DEFINITIONAL_REPRESENTATION('',(#3235),#3239);
#3235 = LINE('',#3236,#3237);
#3236 = CARTESIAN_POINT('',(-16.77593484297,-6.458709965148));
#3237 = VECTOR('',#3238,1.);
#3238 = DIRECTION('',(1.439400481468E-15,-1.));
#3239 = ( GEOMETRIC_REPRESENTATION_CONTEXT(2) 
PARAMETRIC_REPRESENTATION_CONTEXT() REPRESENTATION_CONTEXT('2D SPACE',''
  ) );
#3240 = PCURVE('',#2048,#3241);
#3241 = DEFINITIONAL_REPRESENTATION('',(#3242),#3246);
#3242 = LINE('',#3243,#3244);
#3243 = CARTESIAN_POINT('',(-3.101050060475,4.869278035399E-45));
#3244 = VECTOR('',#3245,1.);
#3245 = DIRECTION('',(1.,0.));
#3246 = ( GEOMETRIC_REPRESENTATION_CONTEXT(2) 
PARAMETRIC_REPRESENTATION_CONTEXT() REPRESENTATION_CONTEXT('2D SPACE',''
  ) );
#3247 = ADVANCED_FACE('',(#3248),#2048,.T.);
#3248 = FACE_BOUND('',#3249,.T.);
#3249 = EDGE_LOOP('',(#3250,#3251,#3272,#3273));
#3250 = ORIENTED_EDGE('',*,*,#3227,.T.);
#3251 = ORIENTED_EDGE('',*,*,#3252,.T.);
#3252 = EDGE_CURVE('',#3205,#2934,#3253,.T.);
#3253 = SURFACE_CURVE('',#3254,(#3258,#3265),.PCURVE_S1.);
#3254 = LINE('',#3255,#3256);
#3255 = CARTESIAN_POINT('',(48.000021613966,85.6500000125,
    -5.000000002528));
#3256 = VECTOR('',#3257,1.);
#3257 = DIRECTION('',(-1.,3.168345122392E-30,-1.443289932013E-15));
#3258 = PCURVE('',#2048,#3259);
#3259 = DEFINITIONAL_REPRESENTATION('',(#3260),#3264);
#3260 = LINE('',#3261,#3262);
#3261 = CARTESIAN_POINT('',(4.999999976335,7.651221439891E-45));
#3262 = VECTOR('',#3263,1.);
#3263 = DIRECTION('',(1.443289932013E-15,1.));
#3264 = ( GEOMETRIC_REPRESENTATION_CONTEXT(2) 
PARAMETRIC_REPRESENTATION_CONTEXT() REPRESENTATION_CONTEXT('2D SPACE',''
  ) );
#3265 = PCURVE('',#2949,#3266);
#3266 = DEFINITIONAL_REPRESENTATION('',(#3267),#3271);
#3267 = LINE('',#3268,#3269);
#3268 = CARTESIAN_POINT('',(21.77593484297,-2.5));
#3269 = VECTOR('',#3270,1.);
#3270 = DIRECTION('',(5.350183004243E-18,1.));
#3271 = ( GEOMETRIC_REPRESENTATION_CONTEXT(2) 
PARAMETRIC_REPRESENTATION_CONTEXT() REPRESENTATION_CONTEXT('2D SPACE',''
  ) );
#3272 = ORIENTED_EDGE('',*,*,#2961,.F.);
#3273 = ORIENTED_EDGE('',*,*,#2032,.F.);
#3274 = ADVANCED_FACE('',(#3275),#2097,.T.);
#3275 = FACE_BOUND('',#3276,.T.);
#3276 = EDGE_LOOP('',(#3277,#3278,#3279,#3280));
#3277 = ORIENTED_EDGE('',*,*,#3056,.F.);
#3278 = ORIENTED_EDGE('',*,*,#2083,.T.);
#3279 = ORIENTED_EDGE('',*,*,#2829,.F.);
#3280 = ORIENTED_EDGE('',*,*,#3281,.F.);
#3281 = EDGE_CURVE('',#3057,#2830,#3282,.T.);
#3282 = SURFACE_CURVE('',#3283,(#3287,#3294),.PCURVE_S1.);
#3283 = LINE('',#3284,#3285);
#3284 = CARTESIAN_POINT('',(45.500021613966,145.65000001249,
    -4.999999995567));
#3285 = VECTOR('',#3286,1.);
#3286 = DIRECTION('',(-1.,1.687185834514E-30,-1.443289932013E-15));
#3287 = PCURVE('',#2097,#3288);
#3288 = DEFINITIONAL_REPRESENTATION('',(#3289),#3293);
#3289 = LINE('',#3290,#3291);
#3290 = CARTESIAN_POINT('',(4.433999833964E-09,2.5));
#3291 = VECTOR('',#3292,1.);
#3292 = DIRECTION('',(-1.443289932013E-15,1.));
#3293 = ( GEOMETRIC_REPRESENTATION_CONTEXT(2) 
PARAMETRIC_REPRESENTATION_CONTEXT() REPRESENTATION_CONTEXT('2D SPACE',''
  ) );
#3294 = PCURVE('',#2868,#3295);
#3295 = DEFINITIONAL_REPRESENTATION('',(#3296),#3300);
#3296 = LINE('',#3297,#3298);
#3297 = CARTESIAN_POINT('',(-38.22406515702,2.045057373555E-16));
#3298 = VECTOR('',#3299,1.);
#3299 = DIRECTION('',(5.350183004244E-18,1.));
#3300 = ( GEOMETRIC_REPRESENTATION_CONTEXT(2) 
PARAMETRIC_REPRESENTATION_CONTEXT() REPRESENTATION_CONTEXT('2D SPACE',''
  ) );
#3301 = ADVANCED_FACE('',(#3302,#3305),#2327,.T.);
#3302 = FACE_BOUND('',#3303,.T.);
#3303 = EDGE_LOOP('',(#3304));
#3304 = ORIENTED_EDGE('',*,*,#2310,.T.);
#3305 = FACE_BOUND('',#3306,.T.);
#3306 = EDGE_LOOP('',(#3307));
#3307 = ORIENTED_EDGE('',*,*,#3308,.F.);
#3308 = EDGE_CURVE('',#3309,#3309,#3311,.T.);
#3309 = VERTEX_POINT('',#3310);
#3310 = CARTESIAN_POINT('',(53.000021613965,100.5003516283,
    17.670498451741));
#3311 = SURFACE_CURVE('',#3312,(#3317,#3324),.PCURVE_S1.);
#3312 = CIRCLE('',#3313,2.6);
#3313 = AXIS2_PLACEMENT_3D('',#3314,#3315,#3316);
#3314 = CARTESIAN_POINT('',(53.000021613965,100.5003516283,
    15.070498451741));
#3315 = DIRECTION('',(1.,0.,0.));
#3316 = DIRECTION('',(-0.,0.,1.));
#3317 = PCURVE('',#2327,#3318);
#3318 = DEFINITIONAL_REPRESENTATION('',(#3319),#3323);
#3319 = CIRCLE('',#3320,2.6);
#3320 = AXIS2_PLACEMENT_2D('',#3321,#3322);
#3321 = CARTESIAN_POINT('',(0.,0.));
#3322 = DIRECTION('',(1.,0.));
#3323 = ( GEOMETRIC_REPRESENTATION_CONTEXT(2) 
PARAMETRIC_REPRESENTATION_CONTEXT() REPRESENTATION_CONTEXT('2D SPACE',''
  ) );
#3324 = PCURVE('',#3325,#3330);
#3325 = CYLINDRICAL_SURFACE('',#3326,2.6);
#3326 = AXIS2_PLACEMENT_3D('',#3327,#3328,#3329);
#3327 = CARTESIAN_POINT('',(42.000021613965,100.5003516283,
    15.070498451741));
#3328 = DIRECTION('',(1.,0.,0.));
#3329 = DIRECTION('',(-0.,0.,1.));
#3330 = DEFINITIONAL_REPRESENTATION('',(#3331),#3335);
#3331 = LINE('',#3332,#3333);
#3332 = CARTESIAN_POINT('',(0.,11.));
#3333 = VECTOR('',#3334,1.);
#3334 = DIRECTION('',(1.,0.));
#3335 = ( GEOMETRIC_REPRESENTATION_CONTEXT(2) 
PARAMETRIC_REPRESENTATION_CONTEXT() REPRESENTATION_CONTEXT('2D SPACE',''
  ) );
#3336 = ADVANCED_FACE('',(#3337,#3363),#2812,.F.);
#3337 = FACE_BOUND('',#3338,.F.);
#3338 = EDGE_LOOP('',(#3339));
#3339 = ORIENTED_EDGE('',*,*,#3340,.T.);
#3340 = EDGE_CURVE('',#3341,#3341,#3343,.T.);
#3341 = VERTEX_POINT('',#3342);
#3342 = CARTESIAN_POINT('',(43.000021613966,64.454326154274,
    15.632498214492));
#3343 = SURFACE_CURVE('',#3344,(#3349,#3356),.PCURVE_S1.);
#3344 = CIRCLE('',#3345,4.);
#3345 = AXIS2_PLACEMENT_3D('',#3346,#3347,#3348);
#3346 = CARTESIAN_POINT('',(43.000021613966,60.454326154274,
    15.632498214492));
#3347 = DIRECTION('',(1.,1.418142915995E-16,-7.578661487847E-16));
#3348 = DIRECTION('',(-1.418142915995E-16,1.,-8.691071812968E-31));
#3349 = PCURVE('',#2812,#3350);
#3350 = DEFINITIONAL_REPRESENTATION('',(#3351),#3355);
#3351 = CIRCLE('',#3352,4.);
#3352 = AXIS2_PLACEMENT_2D('',#3353,#3354);
#3353 = CARTESIAN_POINT('',(0.,0.));
#3354 = DIRECTION('',(-8.691071812968E-31,-1.));
#3355 = ( GEOMETRIC_REPRESENTATION_CONTEXT(2) 
PARAMETRIC_REPRESENTATION_CONTEXT() REPRESENTATION_CONTEXT('2D SPACE',''
  ) );
#3356 = PCURVE('',#3040,#3357);
#3357 = DEFINITIONAL_REPRESENTATION('',(#3358),#3362);
#3358 = CIRCLE('',#3359,4.);
#3359 = AXIS2_PLACEMENT_2D('',#3360,#3361);
#3360 = CARTESIAN_POINT('',(-41.97160870119,6.072738215062));
#3361 = DIRECTION('',(1.,-8.691071812968E-31));
#3362 = ( GEOMETRIC_REPRESENTATION_CONTEXT(2) 
PARAMETRIC_REPRESENTATION_CONTEXT() REPRESENTATION_CONTEXT('2D SPACE',''
  ) );
#3363 = FACE_BOUND('',#3364,.F.);
#3364 = EDGE_LOOP('',(#3365));
#3365 = ORIENTED_EDGE('',*,*,#2797,.F.);
#3366 = ADVANCED_FACE('',(#3367),#2868,.T.);
#3367 = FACE_BOUND('',#3368,.T.);
#3368 = EDGE_LOOP('',(#3369,#3370,#3371,#3372));
#3369 = ORIENTED_EDGE('',*,*,#3079,.F.);
#3370 = ORIENTED_EDGE('',*,*,#3281,.T.);
#3371 = ORIENTED_EDGE('',*,*,#2852,.F.);
#3372 = ORIENTED_EDGE('',*,*,#3127,.F.);
#3373 = ADVANCED_FACE('',(#3374),#2949,.T.);
#3374 = FACE_BOUND('',#3375,.T.);
#3375 = EDGE_LOOP('',(#3376,#3377,#3378,#3379));
#3376 = ORIENTED_EDGE('',*,*,#3204,.F.);
#3377 = ORIENTED_EDGE('',*,*,#3178,.T.);
#3378 = ORIENTED_EDGE('',*,*,#2933,.F.);
#3379 = ORIENTED_EDGE('',*,*,#3252,.F.);
#3380 = ADVANCED_FACE('',(#3381,#3384),#3001,.F.);
#3381 = FACE_BOUND('',#3382,.F.);
#3382 = EDGE_LOOP('',(#3383));
#3383 = ORIENTED_EDGE('',*,*,#2984,.T.);
#3384 = FACE_BOUND('',#3385,.F.);
#3385 = EDGE_LOOP('',(#3386));
#3386 = ORIENTED_EDGE('',*,*,#3387,.F.);
#3387 = EDGE_CURVE('',#3388,#3388,#3390,.T.);
#3388 = VERTEX_POINT('',#3389);
#3389 = CARTESIAN_POINT('',(43.000021613966,104.5003516283,
    15.070498451741));
#3390 = SURFACE_CURVE('',#3391,(#3396,#3403),.PCURVE_S1.);
#3391 = CIRCLE('',#3392,4.);
#3392 = AXIS2_PLACEMENT_3D('',#3393,#3394,#3395);
#3393 = CARTESIAN_POINT('',(43.000021613966,100.5003516283,
    15.070498451741));
#3394 = DIRECTION('',(1.,1.418142915995E-16,-7.578661487847E-16));
#3395 = DIRECTION('',(-1.418142915995E-16,1.,1.355252715606E-19));
#3396 = PCURVE('',#3001,#3397);
#3397 = DEFINITIONAL_REPRESENTATION('',(#3398),#3402);
#3398 = CIRCLE('',#3399,4.);
#3399 = AXIS2_PLACEMENT_2D('',#3400,#3401);
#3400 = CARTESIAN_POINT('',(-1.92558322717,5.510738452311));
#3401 = DIRECTION('',(1.,1.355252715606E-19));
#3402 = ( GEOMETRIC_REPRESENTATION_CONTEXT(2) 
PARAMETRIC_REPRESENTATION_CONTEXT() REPRESENTATION_CONTEXT('2D SPACE',''
  ) );
#3403 = PCURVE('',#3404,#3409);
#3404 = PLANE('',#3405);
#3405 = AXIS2_PLACEMENT_3D('',#3406,#3407,#3408);
#3406 = CARTESIAN_POINT('',(43.000021613965,100.5003516283,
    15.070498451741));
#3407 = DIRECTION('',(1.,0.,0.));
#3408 = DIRECTION('',(-0.,0.,1.));
#3409 = DEFINITIONAL_REPRESENTATION('',(#3410),#3414);
#3410 = CIRCLE('',#3411,4.);
#3411 = AXIS2_PLACEMENT_2D('',#3412,#3413);
#3412 = CARTESIAN_POINT('',(0.,0.));
#3413 = DIRECTION('',(1.355252715606E-19,-1.));
#3414 = ( GEOMETRIC_REPRESENTATION_CONTEXT(2) 
PARAMETRIC_REPRESENTATION_CONTEXT() REPRESENTATION_CONTEXT('2D SPACE',''
  ) );
#3415 = ADVANCED_FACE('',(#3416,#3419),#3040,.F.);
#3416 = FACE_BOUND('',#3417,.F.);
#3417 = EDGE_LOOP('',(#3418));
#3418 = ORIENTED_EDGE('',*,*,#3023,.T.);
#3419 = FACE_BOUND('',#3420,.F.);
#3420 = EDGE_LOOP('',(#3421));
#3421 = ORIENTED_EDGE('',*,*,#3340,.F.);
#3422 = ADVANCED_FACE('',(#3423),#3325,.F.);
#3423 = FACE_BOUND('',#3424,.F.);
#3424 = EDGE_LOOP('',(#3425,#3426,#3449,#3471));
#3425 = ORIENTED_EDGE('',*,*,#3308,.F.);
#3426 = ORIENTED_EDGE('',*,*,#3427,.F.);
#3427 = EDGE_CURVE('',#3428,#3309,#3430,.T.);
#3428 = VERTEX_POINT('',#3429);
#3429 = CARTESIAN_POINT('',(43.000021613965,100.5003516283,
    17.670498451741));
#3430 = SEAM_CURVE('',#3431,(#3435,#3442),.PCURVE_S1.);
#3431 = LINE('',#3432,#3433);
#3432 = CARTESIAN_POINT('',(42.000021613965,100.5003516283,
    17.670498451741));
#3433 = VECTOR('',#3434,1.);
#3434 = DIRECTION('',(1.,0.,0.));
#3435 = PCURVE('',#3325,#3436);
#3436 = DEFINITIONAL_REPRESENTATION('',(#3437),#3441);
#3437 = LINE('',#3438,#3439);
#3438 = CARTESIAN_POINT('',(0.,-0.));
#3439 = VECTOR('',#3440,1.);
#3440 = DIRECTION('',(0.,1.));
#3441 = ( GEOMETRIC_REPRESENTATION_CONTEXT(2) 
PARAMETRIC_REPRESENTATION_CONTEXT() REPRESENTATION_CONTEXT('2D SPACE',''
  ) );
#3442 = PCURVE('',#3325,#3443);
#3443 = DEFINITIONAL_REPRESENTATION('',(#3444),#3448);
#3444 = LINE('',#3445,#3446);
#3445 = CARTESIAN_POINT('',(6.28318530718,-0.));
#3446 = VECTOR('',#3447,1.);
#3447 = DIRECTION('',(0.,1.));
#3448 = ( GEOMETRIC_REPRESENTATION_CONTEXT(2) 
PARAMETRIC_REPRESENTATION_CONTEXT() REPRESENTATION_CONTEXT('2D SPACE',''
  ) );
#3449 = ORIENTED_EDGE('',*,*,#3450,.T.);
#3450 = EDGE_CURVE('',#3428,#3428,#3451,.T.);
#3451 = SURFACE_CURVE('',#3452,(#3457,#3464),.PCURVE_S1.);
#3452 = CIRCLE('',#3453,2.6);
#3453 = AXIS2_PLACEMENT_3D('',#3454,#3455,#3456);
#3454 = CARTESIAN_POINT('',(43.000021613965,100.5003516283,
    15.070498451741));
#3455 = DIRECTION('',(1.,0.,0.));
#3456 = DIRECTION('',(-0.,0.,1.));
#3457 = PCURVE('',#3325,#3458);
#3458 = DEFINITIONAL_REPRESENTATION('',(#3459),#3463);
#3459 = LINE('',#3460,#3461);
#3460 = CARTESIAN_POINT('',(0.,1.));
#3461 = VECTOR('',#3462,1.);
#3462 = DIRECTION('',(1.,0.));
#3463 = ( GEOMETRIC_REPRESENTATION_CONTEXT(2) 
PARAMETRIC_REPRESENTATION_CONTEXT() REPRESENTATION_CONTEXT('2D SPACE',''
  ) );
#3464 = PCURVE('',#3404,#3465);
#3465 = DEFINITIONAL_REPRESENTATION('',(#3466),#3470);
#3466 = CIRCLE('',#3467,2.6);
#3467 = AXIS2_PLACEMENT_2D('',#3468,#3469);
#3468 = CARTESIAN_POINT('',(0.,0.));
#3469 = DIRECTION('',(1.,0.));
#3470 = ( GEOMETRIC_REPRESENTATION_CONTEXT(2) 
PARAMETRIC_REPRESENTATION_CONTEXT() REPRESENTATION_CONTEXT('2D SPACE',''
  ) );
#3471 = ORIENTED_EDGE('',*,*,#3427,.T.);
#3472 = ADVANCED_FACE('',(#3473,#3476),#3404,.F.);
#3473 = FACE_BOUND('',#3474,.F.);
#3474 = EDGE_LOOP('',(#3475));
#3475 = ORIENTED_EDGE('',*,*,#3387,.T.);
#3476 = FACE_BOUND('',#3477,.F.);
#3477 = EDGE_LOOP('',(#3478));
#3478 = ORIENTED_EDGE('',*,*,#3450,.F.);
#3479 = ( GEOMETRIC_REPRESENTATION_CONTEXT(3) 
GLOBAL_UNCERTAINTY_ASSIGNED_CONTEXT((#3483)) 
GLOBAL_UNIT_ASSIGNED_CONTEXT((#3480,#3481,#3482)) REPRESENTATION_CONTEXT
('Context #1','3D Context with UNIT and UNCERTAINTY') );
#3480 = ( LENGTH_UNIT() NAMED_UNIT(*) SI_UNIT(.MILLI.,.METRE.) );
#3481 = ( NAMED_UNIT(*) PLANE_ANGLE_UNIT() SI_UNIT($,.RADIAN.) );
#3482 = ( NAMED_UNIT(*) SI_UNIT($,.STERADIAN.) SOLID_ANGLE_UNIT() );
#3483 = UNCERTAINTY_MEASURE_WITH_UNIT(LENGTH_MEASURE(5.E-05),#3480,
  'distance_accuracy_value','confusion accuracy');
#3484 = PRODUCT_RELATED_PRODUCT_CATEGORY('part',$,(#7));
ENDSEC;
END-ISO-10303-21;
