ISO-10303-21;
HEADER;
FILE_DESCRIPTION(('Open CASCADE Model'),'2;1');
FILE_NAME('Open CASCADE Shape Model','2026-09-24T01:49:22',('Author'),(
    'Open CASCADE'),'Open CASCADE STEP processor 7.9','Open CASCADE 7.9'
  ,'Unknown');
FILE_SCHEMA(('AUTOMOTIVE_DESIGN { 1 0 10303 214 1 1 1 1 }'));
ENDSEC;
DATA;
#1 = APPLICATION_PROTOCOL_DEFINITION('international standard',
  'automotive_design',2000,#2);
#2 = APPLICATION_CONTEXT(
  'core data for automotive mechanical design processes');
#3 = SHAPE_DEFINITION_REPRESENTATION(#4,#10);
#4 = PRODUCT_DEFINITION_SHAPE('','',#5);
#5 = PRODUCT_DEFINITION('design','',#6,#9);
#6 = PRODUCT_DEFINITION_FORMATION('','',#7);
#7 = PRODUCT('Open CASCADE STEP translator 7.9 10',
  'Open CASCADE STEP translator 7.9 10','',(#8));
#8 = PRODUCT_CONTEXT('',#2,'mechanical');
#9 = PRODUCT_DEFINITION_CONTEXT('part definition',#2,'design');
#10 = ADVANCED_BREP_SHAPE_REPRESENTATION('',(#11,#15),#3503);
#11 = AXIS2_PLACEMENT_3D('',#12,#13,#14);
#12 = CARTESIAN_POINT('',(0.,0.,0.));
#13 = DIRECTION('',(0.,0.,1.));
#14 = DIRECTION('',(1.,0.,-0.));
#15 = MANIFOLD_SOLID_BREP('',#16);
#16 = CLOSED_SHELL('',(#17,#93,#1269,#1304,#1378,#1546,#1660,#1709,#1757
    ,#2020,#2276,#2303,#2338,#2410,#2462,#2514,#2604,#2746,#2777,#2832,
    #3059,#3108,#3157,#3184,#3233,#3282,#3309,#3344,#3382,#3389,#3396,
    #3439,#3446,#3496));
#17 = ADVANCED_FACE('',(#18,#54),#31,.F.);
#18 = FACE_BOUND('',#19,.F.);
#19 = EDGE_LOOP('',(#20));
#20 = ORIENTED_EDGE('',*,*,#21,.T.);
#21 = EDGE_CURVE('',#22,#22,#24,.T.);
#22 = VERTEX_POINT('',#23);
#23 = CARTESIAN_POINT('',(-53.00002161396,60.454326154274,
    19.632508214492));
#24 = SURFACE_CURVE('',#25,(#30,#42),.PCURVE_S1.);
#25 = CIRCLE('',#26,4.00001);
#26 = AXIS2_PLACEMENT_3D('',#27,#28,#29);
#27 = CARTESIAN_POINT('',(-53.00002161396,60.454326154274,
    15.632498214492));
#28 = DIRECTION('',(1.,0.,0.));
#29 = DIRECTION('',(-0.,0.,1.));
#30 = PCURVE('',#31,#36);
#31 = PLANE('',#32);
#32 = AXIS2_PLACEMENT_3D('',#33,#34,#35);
#33 = CARTESIAN_POINT('',(-53.00002161396,60.454326154274,
    15.632498214492));
#34 = DIRECTION('',(1.,-1.594183769368E-15,4.888450755303E-15));
#35 = DIRECTION('',(1.594183769368E-15,1.,1.401298464325E-45));
#36 = DEFINITIONAL_REPRESENTATION('',(#37),#41);
#37 = CIRCLE('',#38,4.00001);
#38 = AXIS2_PLACEMENT_2D('',#39,#40);
#39 = CARTESIAN_POINT('',(0.,0.));
#40 = DIRECTION('',(1.401298464325E-45,1.));
#41 = ( GEOMETRIC_REPRESENTATION_CONTEXT(2) 
PARAMETRIC_REPRESENTATION_CONTEXT() REPRESENTATION_CONTEXT('2D SPACE',''
  ) );
#42 = PCURVE('',#43,#48);
#43 = PLANE('',#44);
#44 = AXIS2_PLACEMENT_3D('',#45,#46,#47);
#45 = CARTESIAN_POINT('',(-53.00002161396,60.454326154274,
    15.632498214492));
#46 = DIRECTION('',(1.,-1.594183769368E-15,4.888450755303E-15));
#47 = DIRECTION('',(1.594183769368E-15,1.,1.401298464325E-45));
#48 = DEFINITIONAL_REPRESENTATION('',(#49),#53);
#49 = CIRCLE('',#50,4.00001);
#50 = AXIS2_PLACEMENT_2D('',#51,#52);
#51 = CARTESIAN_POINT('',(0.,0.));
#52 = DIRECTION('',(1.401298464325E-45,1.));
#53 = ( GEOMETRIC_REPRESENTATION_CONTEXT(2) 
PARAMETRIC_REPRESENTATION_CONTEXT() REPRESENTATION_CONTEXT('2D SPACE',''
  ) );
#54 = FACE_BOUND('',#55,.F.);
#55 = EDGE_LOOP('',(#56));
#56 = ORIENTED_EDGE('',*,*,#57,.T.);
#57 = EDGE_CURVE('',#58,#58,#60,.T.);
#58 = VERTEX_POINT('',#59);
#59 = CARTESIAN_POINT('',(-53.00002161396,64.454326154274,
    15.632498214492));
#60 = SURFACE_CURVE('',#61,(#66,#77),.PCURVE_S1.);
#61 = CIRCLE('',#62,4.);
#62 = AXIS2_PLACEMENT_3D('',#63,#64,#65);
#63 = CARTESIAN_POINT('',(-53.00002161396,60.454326154274,
    15.632498214492));
#64 = DIRECTION('',(-1.,1.594183769368E-15,-4.888450755303E-15));
#65 = DIRECTION('',(1.594183769368E-15,1.,0.));
#66 = PCURVE('',#31,#67);
#67 = DEFINITIONAL_REPRESENTATION('',(#68),#76);
#68 = ( BOUNDED_CURVE() B_SPLINE_CURVE(2,(#69,#70,#71,#72,#73,#74,#75),
.UNSPECIFIED.,.T.,.F.) B_SPLINE_CURVE_WITH_KNOTS((1,2,2,2,2,1),(
    -2.094395102393,0.,2.094395102393,4.188790204786,6.28318530718,
8.377580409573),.UNSPECIFIED.) CURVE() GEOMETRIC_REPRESENTATION_ITEM() 
RATIONAL_B_SPLINE_CURVE((1.,0.5,1.,0.5,1.,0.5,1.)) REPRESENTATION_ITEM(
  '') );
#69 = CARTESIAN_POINT('',(4.,-5.605193857299E-45));
#70 = CARTESIAN_POINT('',(4.,-6.928203230276));
#71 = CARTESIAN_POINT('',(-2.,-3.464101615138));
#72 = CARTESIAN_POINT('',(-8.,-9.797174393179E-16));
#73 = CARTESIAN_POINT('',(-2.,3.464101615138));
#74 = CARTESIAN_POINT('',(4.,6.928203230276));
#75 = CARTESIAN_POINT('',(4.,-5.605193857299E-45));
#76 = ( GEOMETRIC_REPRESENTATION_CONTEXT(2) 
PARAMETRIC_REPRESENTATION_CONTEXT() REPRESENTATION_CONTEXT('2D SPACE',''
  ) );
#77 = PCURVE('',#78,#83);
#78 = PLANE('',#79);
#79 = AXIS2_PLACEMENT_3D('',#80,#81,#82);
#80 = CARTESIAN_POINT('',(-53.00002161396,60.454326154274,
    15.632498214492));
#81 = DIRECTION('',(1.,0.,0.));
#82 = DIRECTION('',(-0.,0.,1.));
#83 = DEFINITIONAL_REPRESENTATION('',(#84),#92);
#84 = ( BOUNDED_CURVE() B_SPLINE_CURVE(2,(#85,#86,#87,#88,#89,#90,#91),
.UNSPECIFIED.,.T.,.F.) B_SPLINE_CURVE_WITH_KNOTS((1,2,2,2,2,1),(
    -2.094395102393,0.,2.094395102393,4.188790204786,6.28318530718,
8.377580409573),.UNSPECIFIED.) CURVE() GEOMETRIC_REPRESENTATION_ITEM() 
RATIONAL_B_SPLINE_CURVE((1.,0.5,1.,0.5,1.,0.5,1.)) REPRESENTATION_ITEM(
  '') );
#85 = CARTESIAN_POINT('',(0.,-4.));
#86 = CARTESIAN_POINT('',(-6.928203230276,-4.));
#87 = CARTESIAN_POINT('',(-3.464101615138,2.));
#88 = CARTESIAN_POINT('',(-9.797174393179E-16,8.));
#89 = CARTESIAN_POINT('',(3.464101615138,2.));
#90 = CARTESIAN_POINT('',(6.928203230276,-4.));
#91 = CARTESIAN_POINT('',(0.,-4.));
#92 = ( GEOMETRIC_REPRESENTATION_CONTEXT(2) 
PARAMETRIC_REPRESENTATION_CONTEXT() REPRESENTATION_CONTEXT('2D SPACE',''
  ) );
#93 = ADVANCED_FACE('',(#94,#874,#905,#1266),#43,.F.);
#94 = FACE_BOUND('',#95,.F.);
#95 = EDGE_LOOP('',(#96,#126,#240,#268,#602,#630,#658,#686));
#96 = ORIENTED_EDGE('',*,*,#97,.T.);
#97 = EDGE_CURVE('',#98,#100,#102,.T.);
#98 = VERTEX_POINT('',#99);
#99 = CARTESIAN_POINT('',(-53.00002161396,122.70053261988,
    20.976277477926));
#100 = VERTEX_POINT('',#101);
#101 = CARTESIAN_POINT('',(-53.00002161396,117.70004396053,
    21.562572539369));
#102 = SURFACE_CURVE('',#103,(#107,#114),.PCURVE_S1.);
#103 = LINE('',#104,#105);
#104 = CARTESIAN_POINT('',(-53.00002161396,89.808256500293,
    24.832816380879));
#105 = VECTOR('',#106,1.);
#106 = DIRECTION('',(-2.152597298305E-15,-0.993196570793,0.116449868036)
  );
#107 = PCURVE('',#43,#108);
#108 = DEFINITIONAL_REPRESENTATION('',(#109),#113);
#109 = LINE('',#110,#111);
#110 = CARTESIAN_POINT('',(29.353930346019,9.200318166387));
#111 = VECTOR('',#112,1.);
#112 = DIRECTION('',(-0.993196570793,0.116449868036));
#113 = ( GEOMETRIC_REPRESENTATION_CONTEXT(2) 
PARAMETRIC_REPRESENTATION_CONTEXT() REPRESENTATION_CONTEXT('2D SPACE',''
  ) );
#114 = PCURVE('',#115,#120);
#115 = PLANE('',#116);
#116 = AXIS2_PLACEMENT_3D('',#117,#118,#119);
#117 = CARTESIAN_POINT('',(-48.00002161396,117.70004396053,
    21.562572539369));
#118 = DIRECTION('',(7.527100600286E-16,-0.116449868036,-0.993196570793)
  );
#119 = DIRECTION('',(3.451266460342E-31,0.993196570793,-0.116449868036)
  );
#120 = DEFINITIONAL_REPRESENTATION('',(#121),#125);
#121 = LINE('',#122,#123);
#122 = CARTESIAN_POINT('',(-28.08284712257,-5.));
#123 = VECTOR('',#124,1.);
#124 = DIRECTION('',(-1.,-2.152597298305E-15));
#125 = ( GEOMETRIC_REPRESENTATION_CONTEXT(2) 
PARAMETRIC_REPRESENTATION_CONTEXT() REPRESENTATION_CONTEXT('2D SPACE',''
  ) );
#126 = ORIENTED_EDGE('',*,*,#127,.T.);
#127 = EDGE_CURVE('',#100,#128,#130,.T.);
#128 = VERTEX_POINT('',#129);
#129 = CARTESIAN_POINT('',(-53.00002161396,84.298053084547,
    23.945832119128));
#130 = SURFACE_CURVE('',#131,(#146,#164),.PCURVE_S1.);
#131 = B_SPLINE_CURVE_WITH_KNOTS('',3,(#132,#133,#134,#135,#136,#137,
    #138,#139,#140,#141,#142,#143,#144,#145),.UNSPECIFIED.,.F.,.F.,(4,2,
    2,2,2,2,4),(0.414491212076,0.463408499707,0.479205990006,
    0.525082636324,0.550318167277,0.574944664206,0.59332926045),
  .UNSPECIFIED.);
#132 = CARTESIAN_POINT('',(-53.00002161396,117.70004396053,
    21.562572539369));
#133 = CARTESIAN_POINT('',(-53.00002161396,114.57438652635,
    21.913097325089));
#134 = CARTESIAN_POINT('',(-53.00002161396,111.50191235812,
    22.227402640772));
#135 = CARTESIAN_POINT('',(-53.00002161396,107.69225030748,22.5773386528
    ));
#136 = CARTESIAN_POINT('',(-53.00002161396,106.75854224371,
    22.660056771844));
#137 = CARTESIAN_POINT('',(-53.00002161396,102.92917973626,
    22.984756213237));
#138 = CARTESIAN_POINT('',(-53.00002161396,99.863791957716,
    23.210007111038));
#139 = CARTESIAN_POINT('',(-53.00002161396,95.520888706724,
    23.477565989602));
#140 = CARTESIAN_POINT('',(-53.00002161396,94.051037766723,
    23.559063861327));
#141 = CARTESIAN_POINT('',(-53.00002161396,90.924023855941,
    23.711993237066));
#142 = CARTESIAN_POINT('',(-53.00002161396,89.335621051742,
    23.77949188038));
#143 = CARTESIAN_POINT('',(-53.00002161396,86.592235775969,
    23.878593299129));
#144 = CARTESIAN_POINT('',(-53.00002161396,85.429143551566,
    23.915053924549));
#145 = CARTESIAN_POINT('',(-53.00002161396,84.298053084547,
    23.945832119128));
#146 = PCURVE('',#43,#147);
#147 = DEFINITIONAL_REPRESENTATION('',(#148),#163);
#148 = B_SPLINE_CURVE_WITH_KNOTS('',3,(#149,#150,#151,#152,#153,#154,
    #155,#156,#157,#158,#159,#160,#161,#162),.UNSPECIFIED.,.F.,.F.,(4,2,
    2,2,2,2,4),(0.414491212076,0.463408499707,0.479205990006,
    0.525082636324,0.550318167277,0.574944664206,0.59332926045),
  .UNSPECIFIED.);
#149 = CARTESIAN_POINT('',(57.245717806256,5.930074324877));
#150 = CARTESIAN_POINT('',(54.120060372076,6.280599110597));
#151 = CARTESIAN_POINT('',(51.047586203846,6.59490442628));
#152 = CARTESIAN_POINT('',(47.237924153206,6.944840438308));
#153 = CARTESIAN_POINT('',(46.304216089436,7.027558557352));
#154 = CARTESIAN_POINT('',(42.474853581986,7.352257998745));
#155 = CARTESIAN_POINT('',(39.409465803442,7.577508896546));
#156 = CARTESIAN_POINT('',(35.06656255245,7.84506777511));
#157 = CARTESIAN_POINT('',(33.596711612449,7.926565646835));
#158 = CARTESIAN_POINT('',(30.469697701667,8.079495022574));
#159 = CARTESIAN_POINT('',(28.881294897468,8.146993665888));
#160 = CARTESIAN_POINT('',(26.137909621695,8.246095084637));
#161 = CARTESIAN_POINT('',(24.974817397292,8.282555710057));
#162 = CARTESIAN_POINT('',(23.843726930273,8.313333904636));
#163 = ( GEOMETRIC_REPRESENTATION_CONTEXT(2) 
PARAMETRIC_REPRESENTATION_CONTEXT() REPRESENTATION_CONTEXT('2D SPACE',''
  ) );
#164 = PCURVE('',#165,#190);
#165 = B_SPLINE_SURFACE_WITH_KNOTS('',3,1,(
    (#166,#167)
    ,(#168,#169)
    ,(#170,#171)
    ,(#172,#173)
    ,(#174,#175)
    ,(#176,#177)
    ,(#178,#179)
    ,(#180,#181)
    ,(#182,#183)
    ,(#184,#185)
    ,(#186,#187)
    ,(#188,#189
  )),.UNSPECIFIED.,.F.,.F.,.F.,(4,1,1,1,1,1,1,1,1,4),(2,2),(
    -0.609089391015,-0.586734634968,-0.564379878922,-0.553202500899,
    -0.542025122875,-0.519670366829,-0.497315610783,-0.474960854736,
    -0.45260609869,-0.430251342643),(0.,1.),.UNSPECIFIED.);
#166 = CARTESIAN_POINT('',(-43.00002161396,117.70004396054,
    21.562572539369));
#167 = CARTESIAN_POINT('',(-53.00002161396,117.70004396053,
    21.562572539369));
#168 = CARTESIAN_POINT('',(-43.00002161396,116.27164690884,
    21.722759182023));
#169 = CARTESIAN_POINT('',(-53.00002161396,116.27164690884,
    21.722759182023));
#170 = CARTESIAN_POINT('',(-43.00002161396,113.43875590807,
    22.027864036656));
#171 = CARTESIAN_POINT('',(-53.00002161396,113.43875590806,
    22.027864036656));
#172 = CARTESIAN_POINT('',(-43.00002161396,110.01134667562,
    22.365649072625));
#173 = CARTESIAN_POINT('',(-53.00002161396,110.01134667562,
    22.365649072625));
#174 = CARTESIAN_POINT('',(-43.00002161396,107.40042001929,
    22.603940332666));
#175 = CARTESIAN_POINT('',(-53.00002161396,107.40042001929,
    22.603940332666));
#176 = CARTESIAN_POINT('',(-43.00002161396,104.66969533792,
    22.840062111425));
#177 = CARTESIAN_POINT('',(-53.00002161396,104.66969533792,
    22.840062111425));
#178 = CARTESIAN_POINT('',(-43.00002161396,101.0464734165,
    23.122773400285));
#179 = CARTESIAN_POINT('',(-53.00002161396,101.0464734165,
    23.122773400285));
#180 = CARTESIAN_POINT('',(-43.00002161396,96.793852987876,
    23.406827120464));
#181 = CARTESIAN_POINT('',(-53.00002161396,96.793852987875,
    23.406827120464));
#182 = CARTESIAN_POINT('',(-43.00002161396,92.853388807823,
    23.625172556522));
#183 = CARTESIAN_POINT('',(-53.00002161396,92.853388807822,
    23.625172556522));
#184 = CARTESIAN_POINT('',(-43.00002161396,88.51157965158,
    23.817141964495));
#185 = CARTESIAN_POINT('',(-53.00002161396,88.511579651579,
    23.817141964495));
#186 = CARTESIAN_POINT('',(-43.00002161396,85.673402922081,
    23.908407362976));
#187 = CARTESIAN_POINT('',(-53.00002161396,85.67340292208,
    23.908407362976));
#188 = CARTESIAN_POINT('',(-43.00002161396,84.298053084548,
    23.945832119128));
#189 = CARTESIAN_POINT('',(-53.00002161396,84.298053084547,
    23.945832119128));
#190 = DEFINITIONAL_REPRESENTATION('',(#191),#239);
#191 = B_SPLINE_CURVE_WITH_KNOTS('',3,(#192,#193,#194,#195,#196,#197,
    #198,#199,#200,#201,#202,#203,#204,#205,#206,#207,#208,#209,#210,
    #211,#212,#213,#214,#215,#216,#217,#218,#219,#220,#221,#222,#223,
    #224,#225,#226,#227,#228,#229,#230,#231,#232,#233,#234,#235,#236,
    #237,#238),.UNSPECIFIED.,.F.,.F.,(4,1,1,1,1,1,1,1,1,1,1,1,1,1,1,1,1,
    1,1,1,1,1,1,1,1,1,1,1,1,1,1,1,1,1,1,1,1,1,1,1,1,1,1,1,4),(
    0.414491212076,0.418555713175,0.422620214275,0.426684715374,
    0.430749216474,0.434813717573,0.438878218672,0.442942719772,
    0.447007220871,0.451071721971,0.45513622307,0.459200724169,
    0.463265225269,0.467329726368,0.471394227468,0.475458728567,
    0.479523229667,0.483587730766,0.487652231865,0.491716732965,
    0.495781234064,0.499845735164,0.503910236263,0.507974737362,
    0.512039238462,0.516103739561,0.520168240661,0.52423274176,
    0.528297242859,0.532361743959,0.536426245058,0.540490746158,
    0.544555247257,0.548619748356,0.552684249456,0.556748750555,
    0.560813251655,0.564877752754,0.568942253854,0.573006754953,
    0.577071256052,0.581135757152,0.585200258251,0.589264759351,
    0.59332926045),.UNSPECIFIED.);
#192 = CARTESIAN_POINT('',(-0.609089391015,1.));
#193 = CARTESIAN_POINT('',(-0.60773455785,1.));
#194 = CARTESIAN_POINT('',(-0.605024598999,1.));
#195 = CARTESIAN_POINT('',(-0.6009592602,1.));
#196 = CARTESIAN_POINT('',(-0.59689398963,1.));
#197 = CARTESIAN_POINT('',(-0.59282928508,1.));
#198 = CARTESIAN_POINT('',(-0.588765587117,1.));
#199 = CARTESIAN_POINT('',(-0.58470360261,1.));
#200 = CARTESIAN_POINT('',(-0.580642869581,1.));
#201 = CARTESIAN_POINT('',(-0.576581780779,1.));
#202 = CARTESIAN_POINT('',(-0.572518735141,1.));
#203 = CARTESIAN_POINT('',(-0.568452723104,1.));
#204 = CARTESIAN_POINT('',(-0.564379972045,1.));
#205 = CARTESIAN_POINT('',(-0.560306662256,1.));
#206 = CARTESIAN_POINT('',(-0.556248259769,1.));
#207 = CARTESIAN_POINT('',(-0.55218621899,1.));
#208 = CARTESIAN_POINT('',(-0.548140335148,1.));
#209 = CARTESIAN_POINT('',(-0.544067390309,1.));
#210 = CARTESIAN_POINT('',(-0.539984540083,1.));
#211 = CARTESIAN_POINT('',(-0.535916953084,1.));
#212 = CARTESIAN_POINT('',(-0.531853903436,1.));
#213 = CARTESIAN_POINT('',(-0.527794207528,1.));
#214 = CARTESIAN_POINT('',(-0.523734319223,1.));
#215 = CARTESIAN_POINT('',(-0.519671391405,1.));
#216 = CARTESIAN_POINT('',(-0.515602316137,1.));
#217 = CARTESIAN_POINT('',(-0.511530669599,1.));
#218 = CARTESIAN_POINT('',(-0.507460116691,1.));
#219 = CARTESIAN_POINT('',(-0.503394312856,1.));
#220 = CARTESIAN_POINT('',(-0.499337597378,1.));
#221 = CARTESIAN_POINT('',(-0.495292740153,1.));
#222 = CARTESIAN_POINT('',(-0.491241754935,1.));
#223 = CARTESIAN_POINT('',(-0.487185529305,1.));
#224 = CARTESIAN_POINT('',(-0.483121355525,1.));
#225 = CARTESIAN_POINT('',(-0.479047331829,1.));
#226 = CARTESIAN_POINT('',(-0.474963567468,1.));
#227 = CARTESIAN_POINT('',(-0.470863526719,1.));
#228 = CARTESIAN_POINT('',(-0.466791169114,1.));
#229 = CARTESIAN_POINT('',(-0.462732300135,1.));
#230 = CARTESIAN_POINT('',(-0.458681892729,1.));
#231 = CARTESIAN_POINT('',(-0.454633277282,1.));
#232 = CARTESIAN_POINT('',(-0.450579217848,1.));
#233 = CARTESIAN_POINT('',(-0.446518126807,1.));
#234 = CARTESIAN_POINT('',(-0.442452901406,1.));
#235 = CARTESIAN_POINT('',(-0.438385206416,1.));
#236 = CARTESIAN_POINT('',(-0.434317119795,1.));
#237 = CARTESIAN_POINT('',(-0.431606184068,1.));
#238 = CARTESIAN_POINT('',(-0.430251342643,1.));
#239 = ( GEOMETRIC_REPRESENTATION_CONTEXT(2) 
PARAMETRIC_REPRESENTATION_CONTEXT() REPRESENTATION_CONTEXT('2D SPACE',''
  ) );
#240 = ORIENTED_EDGE('',*,*,#241,.F.);
#241 = EDGE_CURVE('',#242,#128,#244,.T.);
#242 = VERTEX_POINT('',#243);
#243 = CARTESIAN_POINT('',(-53.00002161396,79.29796307321,24.05213415028
    ));
#244 = SURFACE_CURVE('',#245,(#249,#256),.PCURVE_S1.);
#245 = LINE('',#246,#247);
#246 = CARTESIAN_POINT('',(-53.00002161396,69.96986163818,
    24.250449806016));
#247 = VECTOR('',#248,1.);
#248 = DIRECTION('',(1.697728713644E-15,0.999774082282,
    -2.125522048576E-02));
#249 = PCURVE('',#43,#250);
#250 = DEFINITIONAL_REPRESENTATION('',(#251),#255);
#251 = LINE('',#252,#253);
#252 = CARTESIAN_POINT('',(9.515535483906,8.617951591524));
#253 = VECTOR('',#254,1.);
#254 = DIRECTION('',(0.999774082282,-2.125522048576E-02));
#255 = ( GEOMETRIC_REPRESENTATION_CONTEXT(2) 
PARAMETRIC_REPRESENTATION_CONTEXT() REPRESENTATION_CONTEXT('2D SPACE',''
  ) );
#256 = PCURVE('',#257,#262);
#257 = PLANE('',#258);
#258 = AXIS2_PLACEMENT_3D('',#259,#260,#261);
#259 = CARTESIAN_POINT('',(-48.00002161396,79.297963073211,
    24.05213415028));
#260 = DIRECTION('',(7.576949333287E-16,-2.125522048576E-02,
    -0.999774082282));
#261 = DIRECTION('',(6.162975822039E-33,0.999774082282,
    -2.125522048576E-02));
#262 = DEFINITIONAL_REPRESENTATION('',(#263),#267);
#263 = LINE('',#264,#265);
#264 = CARTESIAN_POINT('',(-9.330209294627,-5.));
#265 = VECTOR('',#266,1.);
#266 = DIRECTION('',(1.,1.697728713644E-15));
#267 = ( GEOMETRIC_REPRESENTATION_CONTEXT(2) 
PARAMETRIC_REPRESENTATION_CONTEXT() REPRESENTATION_CONTEXT('2D SPACE',''
  ) );
#268 = ORIENTED_EDGE('',*,*,#269,.T.);
#269 = EDGE_CURVE('',#242,#270,#272,.T.);
#270 = VERTEX_POINT('',#271);
#271 = CARTESIAN_POINT('',(-53.00002161396,10.59434190052,
    10.838546794692));
#272 = SURFACE_CURVE('',#273,(#326,#382),.PCURVE_S1.);
#273 = B_SPLINE_CURVE_WITH_KNOTS('',3,(#274,#275,#276,#277,#278,#279,
    #280,#281,#282,#283,#284,#285,#286,#287,#288,#289,#290,#291,#292,
    #293,#294,#295,#296,#297,#298,#299,#300,#301,#302,#303,#304,#305,
    #306,#307,#308,#309,#310,#311,#312,#313,#314,#315,#316,#317,#318,
    #319,#320,#321,#322,#323,#324,#325),.UNSPECIFIED.,.F.,.F.,(4,2,2,2,2
    ,2,2,2,2,2,2,2,2,2,2,2,2,2,2,2,2,2,2,2,2,4),(0.620567546244,
    0.65194049367,0.663025299247,0.67384258425,0.722699014914,
    0.74682885461,0.770376345024,0.785768506454,0.793370584273,
    0.797125195829,0.79897957147,0.800789193631,0.817986718005,
    0.865238272152,0.877465458288,0.912973775319,0.923668439189,
    0.928950456751,0.931559207233,0.932847650332,0.933484003111,
    0.93410499816,0.96960160016,0.990204805639,0.998384906986,1.),
  .UNSPECIFIED.);
#274 = CARTESIAN_POINT('',(-53.00002161396,79.29796307321,24.05213415028
    ));
#275 = CARTESIAN_POINT('',(-53.00002161396,77.34856493846,
    24.082568790044));
#276 = CARTESIAN_POINT('',(-53.00002161396,75.375553885555,
    24.101567861289));
#277 = CARTESIAN_POINT('',(-53.00002161396,72.772027240453,
    24.11514755676));
#278 = CARTESIAN_POINT('',(-53.00002161396,72.018166405747,
    24.117833760186));
#279 = CARTESIAN_POINT('',(-53.00002161396,70.571428067882,
    24.11951999886));
#280 = CARTESIAN_POINT('',(-53.00002161396,69.888959101478,
    24.118772692429));
#281 = CARTESIAN_POINT('',(-53.00002161396,66.067480616991,
    24.104594340764));
#282 = CARTESIAN_POINT('',(-53.00002161396,62.949554439302,
    24.053470262102));
#283 = CARTESIAN_POINT('',(-53.00002161396,58.520813748508,
    23.882618198307));
#284 = CARTESIAN_POINT('',(-53.00002161396,57.10643476803,
    23.812648364812));
#285 = CARTESIAN_POINT('',(-53.00002161396,54.187319271195,
    23.628509015614));
#286 = CARTESIAN_POINT('',(-53.00002161396,52.713321567043,
    23.516049757694));
#287 = CARTESIAN_POINT('',(-53.00002161396,50.258550892868,
    23.289929850794));
#288 = CARTESIAN_POINT('',(-53.00002161396,49.2836310188,23.190224494701
    ));
#289 = CARTESIAN_POINT('',(-53.00002161396,47.828863954972,
    23.025980710023));
#290 = CARTESIAN_POINT('',(-53.00002161396,47.348178694831,
    22.96919513912));
#291 = CARTESIAN_POINT('',(-53.00002161396,46.631574168946,
    22.880781636552));
#292 = CARTESIAN_POINT('',(-53.00002161396,46.394902556065,
    22.850967388513));
#293 = CARTESIAN_POINT('',(-53.00002161396,46.041841011329,
    22.805578878628));
#294 = CARTESIAN_POINT('',(-53.00002161396,45.925197835454,
    22.79043446508));
#295 = CARTESIAN_POINT('',(-53.00002161396,45.694910518591,
    22.760241576229));
#296 = CARTESIAN_POINT('',(-53.00002161396,45.578415289937,
    22.744829937593));
#297 = CARTESIAN_POINT('',(-53.00002161396,44.284665533227,
    22.571873121409));
#298 = CARTESIAN_POINT('',(-53.00002161396,43.142316306519,
    22.405372217084));
#299 = CARTESIAN_POINT('',(-53.00002161396,38.971293251671,
    21.74903412335));
#300 = CARTESIAN_POINT('',(-53.00002161396,36.135490201998,
    21.202500204853));
#301 = CARTESIAN_POINT('',(-53.00002161396,32.868149798255,
    20.470497692889));
#302 = CARTESIAN_POINT('',(-53.00002161396,32.163308869287,
    20.306835079963));
#303 = CARTESIAN_POINT('',(-53.00002161396,29.21008813236,
    19.588123823778));
#304 = CARTESIAN_POINT('',(-53.00002161396,26.740421272453,
    18.906689832464));
#305 = CARTESIAN_POINT('',(-53.00002161396,23.962895162863,
    18.024913513852));
#306 = CARTESIAN_POINT('',(-53.00002161396,23.347686829668,
    17.821498713788));
#307 = CARTESIAN_POINT('',(-53.00002161396,22.48383948817,
    17.525357811046));
#308 = CARTESIAN_POINT('',(-53.00002161396,22.207204267192,
    17.428712137017));
#309 = CARTESIAN_POINT('',(-53.00002161396,21.808523851124,
    17.286983254736));
#310 = CARTESIAN_POINT('',(-53.00002161396,21.679095042154,
    17.240558786552));
#311 = CARTESIAN_POINT('',(-53.00002161396,21.489413149251,
    17.171939805989));
#312 = CARTESIAN_POINT('',(-53.00002161396,21.427302036415,
    17.149373682629));
#313 = CARTESIAN_POINT('',(-53.00002161396,21.335422629116,
    17.115851773474));
#314 = CARTESIAN_POINT('',(-53.00002161396,21.318983714259,
    17.109858675041));
#315 = CARTESIAN_POINT('',(-53.00002161396,21.215906772403,
    17.072079883572));
#316 = CARTESIAN_POINT('',(-53.00002161396,21.128670206674,
    17.039976801964));
#317 = CARTESIAN_POINT('',(-53.00002161396,17.582573444716,
    15.728247866322));
#318 = CARTESIAN_POINT('',(-53.00002161396,15.471373194901,
    14.598321947726));
#319 = CARTESIAN_POINT('',(-53.00002161396,13.188569993625,
    13.093709900452));
#320 = CARTESIAN_POINT('',(-53.00002161396,12.566713675988,
    12.598134748805));
#321 = CARTESIAN_POINT('',(-53.00002161396,11.738278148956,
    11.881673646822));
#322 = CARTESIAN_POINT('',(-53.00002161396,11.319617719528,
    11.51904571746));
#323 = CARTESIAN_POINT('',(-53.00002161396,10.774493270643,
    11.010245482007));
#324 = CARTESIAN_POINT('',(-53.00002161396,10.684762291818,
    10.925414378419));
#325 = CARTESIAN_POINT('',(-53.00002161396,10.59434190052,
    10.838546794692));
#326 = PCURVE('',#43,#327);
#327 = DEFINITIONAL_REPRESENTATION('',(#328),#381);
#328 = B_SPLINE_CURVE_WITH_KNOTS('',3,(#329,#330,#331,#332,#333,#334,
    #335,#336,#337,#338,#339,#340,#341,#342,#343,#344,#345,#346,#347,
    #348,#349,#350,#351,#352,#353,#354,#355,#356,#357,#358,#359,#360,
    #361,#362,#363,#364,#365,#366,#367,#368,#369,#370,#371,#372,#373,
    #374,#375,#376,#377,#378,#379,#380),.UNSPECIFIED.,.F.,.F.,(4,2,2,2,2
    ,2,2,2,2,2,2,2,2,2,2,2,2,2,2,2,2,2,2,2,2,4),(0.620567546244,
    0.65194049367,0.663025299247,0.67384258425,0.722699014914,
    0.74682885461,0.770376345024,0.785768506454,0.793370584273,
    0.797125195829,0.79897957147,0.800789193631,0.817986718005,
    0.865238272152,0.877465458288,0.912973775319,0.923668439189,
    0.928950456751,0.931559207233,0.932847650332,0.933484003111,
    0.93410499816,0.96960160016,0.990204805639,0.998384906986,1.),
  .UNSPECIFIED.);
#329 = CARTESIAN_POINT('',(18.843636918936,8.419635935788));
#330 = CARTESIAN_POINT('',(16.894238784186,8.450070575552));
#331 = CARTESIAN_POINT('',(14.921227731281,8.469069646797));
#332 = CARTESIAN_POINT('',(12.317701086179,8.482649342268));
#333 = CARTESIAN_POINT('',(11.563840251473,8.485335545694));
#334 = CARTESIAN_POINT('',(10.117101913608,8.487021784368));
#335 = CARTESIAN_POINT('',(9.434632947204,8.486274477937));
#336 = CARTESIAN_POINT('',(5.613154462717,8.472096126272));
#337 = CARTESIAN_POINT('',(2.495228285028,8.42097204761));
#338 = CARTESIAN_POINT('',(-1.933512405766,8.250119983815));
#339 = CARTESIAN_POINT('',(-3.347891386244,8.18015015032));
#340 = CARTESIAN_POINT('',(-6.267006883079,7.996010801122));
#341 = CARTESIAN_POINT('',(-7.741004587231,7.883551543202));
#342 = CARTESIAN_POINT('',(-10.1957752614,7.657431636302));
#343 = CARTESIAN_POINT('',(-11.17069513547,7.557726280209));
#344 = CARTESIAN_POINT('',(-12.6254621993,7.393482495531));
#345 = CARTESIAN_POINT('',(-13.10614745944,7.336696924628));
#346 = CARTESIAN_POINT('',(-13.82275198532,7.24828342206));
#347 = CARTESIAN_POINT('',(-14.0594235982,7.218469174021));
#348 = CARTESIAN_POINT('',(-14.41248514294,7.173080664136));
#349 = CARTESIAN_POINT('',(-14.52912831882,7.157936250588));
#350 = CARTESIAN_POINT('',(-14.75941563568,7.127743361737));
#351 = CARTESIAN_POINT('',(-14.87591086433,7.112331723101));
#352 = CARTESIAN_POINT('',(-16.16966062104,6.939374906917));
#353 = CARTESIAN_POINT('',(-17.31200984775,6.772874002592));
#354 = CARTESIAN_POINT('',(-21.4830329026,6.116535908858));
#355 = CARTESIAN_POINT('',(-24.31883595227,5.570001990361));
#356 = CARTESIAN_POINT('',(-27.58617635601,4.837999478397));
#357 = CARTESIAN_POINT('',(-28.29101728498,4.674336865471));
#358 = CARTESIAN_POINT('',(-31.24423802191,3.955625609286));
#359 = CARTESIAN_POINT('',(-33.71390488182,3.274191617972));
#360 = CARTESIAN_POINT('',(-36.49143099141,2.39241529936));
#361 = CARTESIAN_POINT('',(-37.1066393246,2.189000499296));
#362 = CARTESIAN_POINT('',(-37.9704866661,1.892859596554));
#363 = CARTESIAN_POINT('',(-38.24712188708,1.796213922525));
#364 = CARTESIAN_POINT('',(-38.64580230315,1.654485040244));
#365 = CARTESIAN_POINT('',(-38.77523111212,1.60806057206));
#366 = CARTESIAN_POINT('',(-38.96491300502,1.539441591497));
#367 = CARTESIAN_POINT('',(-39.02702411785,1.516875468137));
#368 = CARTESIAN_POINT('',(-39.11890352515,1.483353558982));
#369 = CARTESIAN_POINT('',(-39.13534244001,1.477360460549));
#370 = CARTESIAN_POINT('',(-39.23841938187,1.43958166908));
#371 = CARTESIAN_POINT('',(-39.3256559476,1.407478587472));
#372 = CARTESIAN_POINT('',(-42.87175270955,9.574965183E-02));
#373 = CARTESIAN_POINT('',(-44.98295295937,-1.034176266766));
#374 = CARTESIAN_POINT('',(-47.26575616064,-2.53878831404));
#375 = CARTESIAN_POINT('',(-47.88761247828,-3.034363465687));
#376 = CARTESIAN_POINT('',(-48.71604800531,-3.75082456767));
#377 = CARTESIAN_POINT('',(-49.13470843474,-4.113452497032));
#378 = CARTESIAN_POINT('',(-49.67983288363,-4.622252732485));
#379 = CARTESIAN_POINT('',(-49.76956386245,-4.707083836073));
#380 = CARTESIAN_POINT('',(-49.85998425375,-4.7939514198));
#381 = ( GEOMETRIC_REPRESENTATION_CONTEXT(2) 
PARAMETRIC_REPRESENTATION_CONTEXT() REPRESENTATION_CONTEXT('2D SPACE',''
  ) );
#382 = PCURVE('',#383,#486);
#383 = B_SPLINE_SURFACE_WITH_KNOTS('',3,1,(
    (#384,#385)
    ,(#386,#387)
    ,(#388,#389)
    ,(#390,#391)
    ,(#392,#393)
    ,(#394,#395)
    ,(#396,#397)
    ,(#398,#399)
    ,(#400,#401)
    ,(#402,#403)
    ,(#404,#405)
    ,(#406,#407)
    ,(#408,#409)
    ,(#410,#411)
    ,(#412,#413)
    ,(#414,#415)
    ,(#416,#417)
    ,(#418,#419)
    ,(#420,#421)
    ,(#422,#423)
    ,(#424,#425)
    ,(#426,#427)
    ,(#428,#429)
    ,(#430,#431)
    ,(#432,#433)
    ,(#434,#435)
    ,(#436,#437)
    ,(#438,#439)
    ,(#440,#441)
    ,(#442,#443)
    ,(#444,#445)
    ,(#446,#447)
    ,(#448,#449)
    ,(#450,#451)
    ,(#452,#453)
    ,(#454,#455)
    ,(#456,#457)
    ,(#458,#459)
    ,(#460,#461)
    ,(#462,#463)
    ,(#464,#465)
    ,(#466,#467)
    ,(#468,#469)
    ,(#470,#471)
    ,(#472,#473)
    ,(#474,#475)
    ,(#476,#477)
    ,(#478,#479)
    ,(#480,#481)
    ,(#482,#483)
    ,(#484,#485
    )),.UNSPECIFIED.,.F.,.F.,.F.,(4,1,1,1,1,1,1,1,1,1,1,1,1,1,1,1,1,1,1,
    1,1,1,1,1,1,1,1,1,1,1,1,1,1,1,1,1,1,1,1,1,1,1,1,1,1,1,1,1,4),(2,2),(
    -0.570783380351,-0.558926116168,-0.547068851985,-0.535211587802,
    -0.529282955711,-0.523354323619,-0.511497059436,-0.499639795253,
    -0.475925266887,-0.464068002704,-0.452210738521,-0.428496210155,
    -0.416638945972,-0.404781681789,-0.398853049698,-0.392924417606,
    -0.381067153423,-0.36920988924,-0.357352625057,-0.333638096691,
    -0.321780832508,-0.309923568325,-0.298066304142,-0.286209039959,
    -0.280280407868,-0.274351775776,-0.268423143685,-0.265458827639,
    -0.262494511593,-0.26101235357,-0.259530195547,-0.258789116536,
    -0.25841857703,-0.258048037524,-0.257306958513,-0.256565879502,
    -0.255083721479,-0.253601563456,-0.25063724741,-0.247672931364,
    -0.244708615319,-0.238779983227,-0.226922719044,-0.215065454861,
    -0.20913682277,-0.203208190678,-0.200243874632,-0.197279558587,
    -0.191350926495),(0.,1.),.UNSPECIFIED.);
#384 = CARTESIAN_POINT('',(-43.00002161396,79.297963071099,
    24.052134150313));
#385 = CARTESIAN_POINT('',(-53.00002161396,79.297963071099,
    24.052134150313));
#386 = CARTESIAN_POINT('',(-43.00002161396,78.561196825706,
    24.063636785338));
#387 = CARTESIAN_POINT('',(-53.00002161396,78.561196825706,
    24.063636785338));
#388 = CARTESIAN_POINT('',(-43.00002161396,77.083534442748,
    24.083381901732));
#389 = CARTESIAN_POINT('',(-53.00002161396,77.083534442748,
    24.083381901732));
#390 = CARTESIAN_POINT('',(-43.00002161396,74.854695976324,
    24.103958055349));
#391 = CARTESIAN_POINT('',(-53.00002161396,74.854695976324,
    24.103958055349));
#392 = CARTESIAN_POINT('',(-43.00002161396,73.065559850738,
    24.114390739175));
#393 = CARTESIAN_POINT('',(-53.00002161396,73.065559850738,
    24.114390739175));
#394 = CARTESIAN_POINT('',(-43.00002161396,71.468918203121,
    24.118930027915));
#395 = CARTESIAN_POINT('',(-53.00002161396,71.468918203121,
    24.118930027915));
#396 = CARTESIAN_POINT('',(-43.00002161396,69.929675080083,
    24.119434536088));
#397 = CARTESIAN_POINT('',(-53.00002161396,69.929675080083,
    24.119434536088));
#398 = CARTESIAN_POINT('',(-43.00002161396,68.043846165861,
    24.11259871067));
#399 = CARTESIAN_POINT('',(-53.00002161396,68.043846165861,
    24.11259871067));
#400 = CARTESIAN_POINT('',(-43.00002161396,65.012566798745,
    24.081502582908));
#401 = CARTESIAN_POINT('',(-53.00002161396,65.012566798745,
    24.081502582908));
#402 = CARTESIAN_POINT('',(-43.00002161396,62.032543317136,
    24.016462015163));
#403 = CARTESIAN_POINT('',(-53.00002161396,62.032543317135,
    24.016462015163));
#404 = CARTESIAN_POINT('',(-43.00002161396,59.146124073608,
    23.908980044604));
#405 = CARTESIAN_POINT('',(-53.00002161396,59.146124073608,
    23.908980044604));
#406 = CARTESIAN_POINT('',(-43.00002161396,56.332041769976,
    23.772741083987));
#407 = CARTESIAN_POINT('',(-53.00002161396,56.332041769976,
    23.772741083987));
#408 = CARTESIAN_POINT('',(-43.00002161396,53.400305658694,
    23.576261659264));
#409 = CARTESIAN_POINT('',(-53.00002161396,53.400305658693,
    23.576261659264));
#410 = CARTESIAN_POINT('',(-43.00002161396,50.408862721229,
    23.307363313802));
#411 = CARTESIAN_POINT('',(-53.00002161396,50.408862721229,
    23.307363313802));
#412 = CARTESIAN_POINT('',(-43.00002161396,48.534660600499,
    23.109112058921));
#413 = CARTESIAN_POINT('',(-53.00002161396,48.534660600499,
    23.109112058921));
#414 = CARTESIAN_POINT('',(-43.00002161396,47.029392683564,
    22.931245007064));
#415 = CARTESIAN_POINT('',(-53.00002161396,47.029392683564,
    22.931245007064));
#416 = CARTESIAN_POINT('',(-43.00002161396,45.558827266475,
    22.745812931647));
#417 = CARTESIAN_POINT('',(-53.00002161396,45.558827266475,
    22.745812931647));
#418 = CARTESIAN_POINT('',(-43.00002161396,43.517909153439,
    22.463302101116));
#419 = CARTESIAN_POINT('',(-53.00002161396,43.517909153439,
    22.463302101116));
#420 = CARTESIAN_POINT('',(-43.00002161396,41.21607082503,
    22.105981498319));
#421 = CARTESIAN_POINT('',(-53.00002161396,41.21607082503,
    22.105981498319));
#422 = CARTESIAN_POINT('',(-43.00002161396,38.241676210809,
    21.596267472581));
#423 = CARTESIAN_POINT('',(-53.00002161396,38.241676210809,
    21.596267472581));
#424 = CARTESIAN_POINT('',(-43.00002161396,35.418246338488,
    21.039003167849));
#425 = CARTESIAN_POINT('',(-53.00002161396,35.418246338487,
    21.039003167849));
#426 = CARTESIAN_POINT('',(-43.00002161396,32.852276559889,
    20.470791885855));
#427 = CARTESIAN_POINT('',(-53.00002161396,32.852276559889,
    20.470791885855));
#428 = CARTESIAN_POINT('',(-43.00002161396,30.689965060716,
    19.954419625512));
#429 = CARTESIAN_POINT('',(-53.00002161396,30.689965060716,
    19.954419625512));
#430 = CARTESIAN_POINT('',(-43.00002161396,28.360974535372,
    19.342616758793));
#431 = CARTESIAN_POINT('',(-53.00002161396,28.360974535372,
    19.342616758793));
#432 = CARTESIAN_POINT('',(-43.00002161396,26.425790232174,
    18.790255906614));
#433 = CARTESIAN_POINT('',(-53.00002161396,26.425790232173,
    18.790255906614));
#434 = CARTESIAN_POINT('',(-43.00002161396,24.943329873797,
    18.338107646828));
#435 = CARTESIAN_POINT('',(-53.00002161396,24.943329873797,
    18.338107646828));
#436 = CARTESIAN_POINT('',(-43.00002161396,23.882629176762,
    17.99834271539));
#437 = CARTESIAN_POINT('',(-53.00002161396,23.882629176761,
    17.99834271539));
#438 = CARTESIAN_POINT('',(-43.00002161396,23.046152527969,17.7188998905
    ));
#439 = CARTESIAN_POINT('',(-53.00002161396,23.046152527969,
    17.718899890499));
#440 = CARTESIAN_POINT('',(-43.00002161396,22.410709064724,
    17.499881869545));
#441 = CARTESIAN_POINT('',(-53.00002161396,22.410709064724,
    17.499881869545));
#442 = CARTESIAN_POINT('',(-43.00002161396,22.027826117732,
    17.365190743266));
#443 = CARTESIAN_POINT('',(-53.00002161396,22.027826117732,
    17.365190743266));
#444 = CARTESIAN_POINT('',(-43.00002161396,21.731554344419,
    17.259407232878));
#445 = CARTESIAN_POINT('',(-53.00002161396,21.731554344419,
    17.259407232878));
#446 = CARTESIAN_POINT('',(-43.00002161396,21.548408915201,
    17.193349641325));
#447 = CARTESIAN_POINT('',(-53.00002161396,21.548408915201,
    17.193349641325));
#448 = CARTESIAN_POINT('',(-43.00002161396,21.426065051716,
    17.148916283177));
#449 = CARTESIAN_POINT('',(-53.00002161396,21.426065051716,
    17.148916283177));
#450 = CARTESIAN_POINT('',(-43.00002161396,21.350857499816,
    17.121482203993));
#451 = CARTESIAN_POINT('',(-53.00002161396,21.350857499816,
    17.121482203993));
#452 = CARTESIAN_POINT('',(-43.00002161396,21.303134300826,
    17.104083306695));
#453 = CARTESIAN_POINT('',(-53.00002161396,21.303134300826,
    17.104083306695));
#454 = CARTESIAN_POINT('',(-43.00002161396,21.074821023394,
    17.020248922681));
#455 = CARTESIAN_POINT('',(-53.00002161396,21.074821023394,
    17.020248922681));
#456 = CARTESIAN_POINT('',(-43.00002161396,20.801971643558,
    16.91874437692));
#457 = CARTESIAN_POINT('',(-53.00002161396,20.801971643558,
    16.91874437692));
#458 = CARTESIAN_POINT('',(-43.00002161396,20.441678904866,
    16.782618876284));
#459 = CARTESIAN_POINT('',(-53.00002161396,20.441678904866,
    16.782618876284));
#460 = CARTESIAN_POINT('',(-43.00002161396,19.89949219033,
    16.572805328635));
#461 = CARTESIAN_POINT('',(-53.00002161396,19.89949219033,
    16.572805328635));
#462 = CARTESIAN_POINT('',(-43.00002161396,19.2503977871,16.312779773378
    ));
#463 = CARTESIAN_POINT('',(-53.00002161396,19.2503977871,16.312779773378
    ));
#464 = CARTESIAN_POINT('',(-43.00002161396,18.525774754011,
    16.008404899147));
#465 = CARTESIAN_POINT('',(-53.00002161396,18.525774754011,
    16.008404899147));
#466 = CARTESIAN_POINT('',(-43.00002161396,17.624812635708,
    15.611429722181));
#467 = CARTESIAN_POINT('',(-53.00002161396,17.624812635708,
    15.611429722181));
#468 = CARTESIAN_POINT('',(-43.00002161396,16.213198571812,
    14.941272443136));
#469 = CARTESIAN_POINT('',(-53.00002161396,16.213198571812,
    14.941272443136));
#470 = CARTESIAN_POINT('',(-43.00002161396,14.616897570376,
    14.053503541563));
#471 = CARTESIAN_POINT('',(-53.00002161396,14.616897570376,
    14.053503541563));
#472 = CARTESIAN_POINT('',(-43.00002161396,13.451982201701,
    13.267353553346));
#473 = CARTESIAN_POINT('',(-53.00002161396,13.451982201701,
    13.267353553346));
#474 = CARTESIAN_POINT('',(-43.00002161396,12.681963740908,
    12.679962895532));
#475 = CARTESIAN_POINT('',(-53.00002161396,12.681963740908,
    12.679962895532));
#476 = CARTESIAN_POINT('',(-43.00002161396,12.229120820302,
    12.305687993648));
#477 = CARTESIAN_POINT('',(-53.00002161396,12.229120820302,
    12.305687993648));
#478 = CARTESIAN_POINT('',(-43.00002161396,11.909655412286,
    12.030255565741));
#479 = CARTESIAN_POINT('',(-53.00002161396,11.909655412286,
    12.030255565741));
#480 = CARTESIAN_POINT('',(-43.00002161396,11.427515881737,
    11.610702430154));
#481 = CARTESIAN_POINT('',(-53.00002161396,11.427515881737,
    11.610702430154));
#482 = CARTESIAN_POINT('',(-43.00002161396,10.926254180047,
    11.157417542551));
#483 = CARTESIAN_POINT('',(-53.00002161396,10.926254180046,
    11.157417542551));
#484 = CARTESIAN_POINT('',(-43.00002161396,10.594341881761,
    10.838546776669));
#485 = CARTESIAN_POINT('',(-53.00002161396,10.594341881761,
    10.838546776669));
#486 = DEFINITIONAL_REPRESENTATION('',(#487),#601);
#487 = B_SPLINE_CURVE_WITH_KNOTS('',3,(#488,#489,#490,#491,#492,#493,
    #494,#495,#496,#497,#498,#499,#500,#501,#502,#503,#504,#505,#506,
    #507,#508,#509,#510,#511,#512,#513,#514,#515,#516,#517,#518,#519,
    #520,#521,#522,#523,#524,#525,#526,#527,#528,#529,#530,#531,#532,
    #533,#534,#535,#536,#537,#538,#539,#540,#541,#542,#543,#544,#545,
    #546,#547,#548,#549,#550,#551,#552,#553,#554,#555,#556,#557,#558,
    #559,#560,#561,#562,#563,#564,#565,#566,#567,#568,#569,#570,#571,
    #572,#573,#574,#575,#576,#577,#578,#579,#580,#581,#582,#583,#584,
    #585,#586,#587,#588,#589,#590,#591,#592,#593,#594,#595,#596,#597,
    #598,#599,#600),.UNSPECIFIED.,.F.,.F.,(4,1,1,1,1,1,1,1,1,1,1,1,1,1,1
    ,1,1,1,1,1,1,1,1,1,1,1,1,1,1,1,1,1,1,1,1,1,1,1,1,1,1,1,1,1,1,1,1,1,1
    ,1,1,1,1,1,1,1,1,1,1,1,1,1,1,1,1,1,1,1,1,1,1,1,1,1,1,1,1,1,1,1,1,1,1
    ,1,1,1,1,1,1,1,1,1,1,1,1,1,1,1,1,1,1,1,1,1,1,1,1,1,1,1,4),(
    0.620567546244,0.624016932187,0.62746631813,0.630915704074,
    0.634365090017,0.63781447596,0.641263861903,0.644713247847,
    0.64816263379,0.651612019733,0.655061405676,0.65851079162,
    0.661960177563,0.665409563506,0.668858949449,0.672308335393,
    0.675757721336,0.679207107279,0.682656493222,0.686105879165,
    0.689555265109,0.693004651052,0.696454036995,0.699903422938,
    0.703352808882,0.706802194825,0.710251580768,0.713700966711,
    0.717150352655,0.720599738598,0.724049124541,0.727498510484,
    0.730947896428,0.734397282371,0.737846668314,0.741296054257,
    0.744745440201,0.748194826144,0.751644212087,0.75509359803,
    0.758542983973,0.761992369917,0.76544175586,0.768891141803,
    0.772340527746,0.77578991369,0.779239299633,0.782688685576,
    0.786138071519,0.789587457463,0.793036843406,0.796486229349,
    0.799935615292,0.803385001236,0.806834387179,0.810283773122,
    0.813733159065,0.817182545008,0.820631930952,0.824081316895,
    0.827530702838,0.830980088781,0.834429474725,0.837878860668,
    0.841328246611,0.844777632554,0.848227018498,0.851676404441,
    0.855125790384,0.858575176327,0.862024562271,0.865473948214,
    0.868923334157,0.8723727201,0.875822106043,0.879271491987,
    0.88272087793,0.886170263873,0.889619649816,0.89306903576,
    0.896518421703,0.899967807646,0.903417193589,0.906866579533,
    0.910315965476,0.913765351419,0.917214737362,0.920664123306,
    0.924113509249,0.927562895192,0.931012281135,0.934461667079,
    0.937911053022,0.941360438965,0.944809824908,0.948259210851,
    0.951708596795,0.955157982738,0.958607368681,0.962056754624,
    0.965506140568,0.968955526511,0.972404912454,0.975854298397,
    0.979303684341,0.982753070284,0.986202456227,0.98965184217,
    0.993101228114,0.996550614057,1.),.UNSPECIFIED.);
#488 = CARTESIAN_POINT('',(-0.570783380351,1.));
#489 = CARTESIAN_POINT('',(-0.569633583403,1.));
#490 = CARTESIAN_POINT('',(-0.56733279542,1.));
#491 = CARTESIAN_POINT('',(-0.56388124235,1.));
#492 = CARTESIAN_POINT('',(-0.560432068475,1.));
#493 = CARTESIAN_POINT('',(-0.556989637121,1.));
#494 = CARTESIAN_POINT('',(-0.553550018125,1.));
#495 = CARTESIAN_POINT('',(-0.550102726349,1.));
#496 = CARTESIAN_POINT('',(-0.546639181304,1.));
#497 = CARTESIAN_POINT('',(-0.54314697143,1.));
#498 = CARTESIAN_POINT('',(-0.53972247309,1.));
#499 = CARTESIAN_POINT('',(-0.536299384205,1.));
#500 = CARTESIAN_POINT('',(-0.532836343653,1.));
#501 = CARTESIAN_POINT('',(-0.52939579383,1.));
#502 = CARTESIAN_POINT('',(-0.525926933152,1.));
#503 = CARTESIAN_POINT('',(-0.52249587602,1.));
#504 = CARTESIAN_POINT('',(-0.519069120705,1.));
#505 = CARTESIAN_POINT('',(-0.515608445857,1.));
#506 = CARTESIAN_POINT('',(-0.512144458671,1.));
#507 = CARTESIAN_POINT('',(-0.50868824146,1.));
#508 = CARTESIAN_POINT('',(-0.505239048795,1.));
#509 = CARTESIAN_POINT('',(-0.501793272042,1.));
#510 = CARTESIAN_POINT('',(-0.498347763746,1.));
#511 = CARTESIAN_POINT('',(-0.494900565582,1.));
#512 = CARTESIAN_POINT('',(-0.491452242911,1.));
#513 = CARTESIAN_POINT('',(-0.488002898977,1.));
#514 = CARTESIAN_POINT('',(-0.484552763846,1.));
#515 = CARTESIAN_POINT('',(-0.481102029489,1.));
#516 = CARTESIAN_POINT('',(-0.477650925568,1.));
#517 = CARTESIAN_POINT('',(-0.474199586457,1.));
#518 = CARTESIAN_POINT('',(-0.470748564335,1.));
#519 = CARTESIAN_POINT('',(-0.4672980547,1.));
#520 = CARTESIAN_POINT('',(-0.463853626348,1.));
#521 = CARTESIAN_POINT('',(-0.46040254011,1.));
#522 = CARTESIAN_POINT('',(-0.456950293587,1.));
#523 = CARTESIAN_POINT('',(-0.453500778094,1.));
#524 = CARTESIAN_POINT('',(-0.450059992236,1.));
#525 = CARTESIAN_POINT('',(-0.446622210231,1.));
#526 = CARTESIAN_POINT('',(-0.443168728177,1.));
#527 = CARTESIAN_POINT('',(-0.439714843752,1.));
#528 = CARTESIAN_POINT('',(-0.436261767023,1.));
#529 = CARTESIAN_POINT('',(-0.432809542405,1.));
#530 = CARTESIAN_POINT('',(-0.429358481621,1.));
#531 = CARTESIAN_POINT('',(-0.425908982062,1.));
#532 = CARTESIAN_POINT('',(-0.422460273476,1.));
#533 = CARTESIAN_POINT('',(-0.419011357965,1.));
#534 = CARTESIAN_POINT('',(-0.41556068354,1.));
#535 = CARTESIAN_POINT('',(-0.41210826131,1.));
#536 = CARTESIAN_POINT('',(-0.408657436133,1.));
#537 = CARTESIAN_POINT('',(-0.405210693368,1.));
#538 = CARTESIAN_POINT('',(-0.401771806706,1.));
#539 = CARTESIAN_POINT('',(-0.398319777485,1.));
#540 = CARTESIAN_POINT('',(-0.394811069516,1.));
#541 = CARTESIAN_POINT('',(-0.391490648072,1.));
#542 = CARTESIAN_POINT('',(-0.387904148751,1.));
#543 = CARTESIAN_POINT('',(-0.384483264571,1.));
#544 = CARTESIAN_POINT('',(-0.381070590578,1.));
#545 = CARTESIAN_POINT('',(-0.377637294023,1.));
#546 = CARTESIAN_POINT('',(-0.374184501285,1.));
#547 = CARTESIAN_POINT('',(-0.370723244021,1.));
#548 = CARTESIAN_POINT('',(-0.367264061698,1.));
#549 = CARTESIAN_POINT('',(-0.363811322688,1.));
#550 = CARTESIAN_POINT('',(-0.360363853539,1.));
#551 = CARTESIAN_POINT('',(-0.356921824948,1.));
#552 = CARTESIAN_POINT('',(-0.353484720429,1.));
#553 = CARTESIAN_POINT('',(-0.350049129917,1.));
#554 = CARTESIAN_POINT('',(-0.346611715883,1.));
#555 = CARTESIAN_POINT('',(-0.343168936559,1.));
#556 = CARTESIAN_POINT('',(-0.339716938609,1.));
#557 = CARTESIAN_POINT('',(-0.336251963283,1.));
#558 = CARTESIAN_POINT('',(-0.332768475384,1.));
#559 = CARTESIAN_POINT('',(-0.329266760405,1.));
#560 = CARTESIAN_POINT('',(-0.325839082599,1.));
#561 = CARTESIAN_POINT('',(-0.322425275935,1.));
#562 = CARTESIAN_POINT('',(-0.318998465695,1.));
#563 = CARTESIAN_POINT('',(-0.315564713263,1.));
#564 = CARTESIAN_POINT('',(-0.312087829206,1.));
#565 = CARTESIAN_POINT('',(-0.308624068321,1.));
#566 = CARTESIAN_POINT('',(-0.305172210442,1.));
#567 = CARTESIAN_POINT('',(-0.301726489621,1.));
#568 = CARTESIAN_POINT('',(-0.298282248303,1.));
#569 = CARTESIAN_POINT('',(-0.294834593807,1.));
#570 = CARTESIAN_POINT('',(-0.291384718855,1.));
#571 = CARTESIAN_POINT('',(-0.287933978164,1.));
#572 = CARTESIAN_POINT('',(-0.284484118875,1.));
#573 = CARTESIAN_POINT('',(-0.281034943957,1.));
#574 = CARTESIAN_POINT('',(-0.27758594524,1.));
#575 = CARTESIAN_POINT('',(-0.274136024378,1.));
#576 = CARTESIAN_POINT('',(-0.270686993431,1.));
#577 = CARTESIAN_POINT('',(-0.267236952679,1.));
#578 = CARTESIAN_POINT('',(-0.263789055967,1.));
#579 = CARTESIAN_POINT('',(-0.260338116219,1.));
#580 = CARTESIAN_POINT('',(-0.25690557523,1.));
#581 = CARTESIAN_POINT('',(-0.253434592605,1.));
#582 = CARTESIAN_POINT('',(-0.249992575695,1.));
#583 = CARTESIAN_POINT('',(-0.246540294853,1.));
#584 = CARTESIAN_POINT('',(-0.243092053117,1.));
#585 = CARTESIAN_POINT('',(-0.239642168043,1.));
#586 = CARTESIAN_POINT('',(-0.23619316851,1.));
#587 = CARTESIAN_POINT('',(-0.232744443481,1.));
#588 = CARTESIAN_POINT('',(-0.229295386709,1.));
#589 = CARTESIAN_POINT('',(-0.225844204906,1.));
#590 = CARTESIAN_POINT('',(-0.222392151785,1.));
#591 = CARTESIAN_POINT('',(-0.21894850004,1.));
#592 = CARTESIAN_POINT('',(-0.21550016696,1.));
#593 = CARTESIAN_POINT('',(-0.212035882244,1.));
#594 = CARTESIAN_POINT('',(-0.208590254713,1.));
#595 = CARTESIAN_POINT('',(-0.205222712437,1.));
#596 = CARTESIAN_POINT('',(-0.201614394022,1.));
#597 = CARTESIAN_POINT('',(-0.198274886664,1.));
#598 = CARTESIAN_POINT('',(-0.194796770022,1.));
#599 = CARTESIAN_POINT('',(-0.192496263434,1.));
#600 = CARTESIAN_POINT('',(-0.191350926495,1.));
#601 = ( GEOMETRIC_REPRESENTATION_CONTEXT(2) 
PARAMETRIC_REPRESENTATION_CONTEXT() REPRESENTATION_CONTEXT('2D SPACE',''
  ) );
#602 = ORIENTED_EDGE('',*,*,#603,.T.);
#603 = EDGE_CURVE('',#270,#604,#606,.T.);
#604 = VERTEX_POINT('',#605);
#605 = CARTESIAN_POINT('',(-53.00002161396,10.594341900521,
    -2.131078813417E-08));
#606 = SURFACE_CURVE('',#607,(#611,#618),.PCURVE_S1.);
#607 = LINE('',#608,#609);
#608 = CARTESIAN_POINT('',(-53.00002161396,10.59434190052,
    10.838546794692));
#609 = VECTOR('',#610,1.);
#610 = DIRECTION('',(7.578661487847E-16,7.621002560062E-14,-1.));
#611 = PCURVE('',#43,#612);
#612 = DEFINITIONAL_REPRESENTATION('',(#613),#617);
#613 = LINE('',#614,#615);
#614 = CARTESIAN_POINT('',(-49.85998425375,-4.7939514198));
#615 = VECTOR('',#616,1.);
#616 = DIRECTION('',(7.621002560062E-14,-1.));
#617 = ( GEOMETRIC_REPRESENTATION_CONTEXT(2) 
PARAMETRIC_REPRESENTATION_CONTEXT() REPRESENTATION_CONTEXT('2D SPACE',''
  ) );
#618 = PCURVE('',#619,#624);
#619 = PLANE('',#620);
#620 = AXIS2_PLACEMENT_3D('',#621,#622,#623);
#621 = CARTESIAN_POINT('',(-48.00002161396,10.594341900521,
    -2.131079535062E-08));
#622 = DIRECTION('',(-1.270708604636E-30,1.,1.676692654476E-15));
#623 = DIRECTION('',(0.,-1.676692654476E-15,1.));
#624 = DEFINITIONAL_REPRESENTATION('',(#625),#629);
#625 = LINE('',#626,#627);
#626 = CARTESIAN_POINT('',(10.838546816003,-5.));
#627 = VECTOR('',#628,1.);
#628 = DIRECTION('',(-1.,7.578661487847E-16));
#629 = ( GEOMETRIC_REPRESENTATION_CONTEXT(2) 
PARAMETRIC_REPRESENTATION_CONTEXT() REPRESENTATION_CONTEXT('2D SPACE',''
  ) );
#630 = ORIENTED_EDGE('',*,*,#631,.T.);
#631 = EDGE_CURVE('',#604,#632,#634,.T.);
#632 = VERTEX_POINT('',#633);
#633 = CARTESIAN_POINT('',(-53.00002161396,194.25752781042,
    -1.627031842588E-12));
#634 = SURFACE_CURVE('',#635,(#639,#646),.PCURVE_S1.);
#635 = LINE('',#636,#637);
#636 = CARTESIAN_POINT('',(-53.00002161396,194.25752781042,
    -1.627031842588E-12));
#637 = VECTOR('',#638,1.);
#638 = DIRECTION('',(1.418142915116E-16,1.,1.160230382424E-10));
#639 = PCURVE('',#43,#640);
#640 = DEFINITIONAL_REPRESENTATION('',(#641),#645);
#641 = LINE('',#642,#643);
#642 = CARTESIAN_POINT('',(133.80320165614,-15.63249821449));
#643 = VECTOR('',#644,1.);
#644 = DIRECTION('',(1.,1.160230382424E-10));
#645 = ( GEOMETRIC_REPRESENTATION_CONTEXT(2) 
PARAMETRIC_REPRESENTATION_CONTEXT() REPRESENTATION_CONTEXT('2D SPACE',''
  ) );
#646 = PCURVE('',#647,#652);
#647 = PLANE('',#648);
#648 = AXIS2_PLACEMENT_3D('',#649,#650,#651);
#649 = CARTESIAN_POINT('',(-48.00002161396,10.594341900521,
    -2.131079509085E-08));
#650 = DIRECTION('',(1.443289932013E-15,-1.160230382424E-10,1.));
#651 = DIRECTION('',(1.418142915116E-16,1.,1.160230382424E-10));
#652 = DEFINITIONAL_REPRESENTATION('',(#653),#657);
#653 = LINE('',#654,#655);
#654 = CARTESIAN_POINT('',(183.66318590989,5.));
#655 = VECTOR('',#656,1.);
#656 = DIRECTION('',(1.,1.316709540717E-33));
#657 = ( GEOMETRIC_REPRESENTATION_CONTEXT(2) 
PARAMETRIC_REPRESENTATION_CONTEXT() REPRESENTATION_CONTEXT('2D SPACE',''
  ) );
#658 = ORIENTED_EDGE('',*,*,#659,.T.);
#659 = EDGE_CURVE('',#632,#660,#662,.T.);
#660 = VERTEX_POINT('',#661);
#661 = CARTESIAN_POINT('',(-53.00002161435,194.25752781121,
    7.697199955414));
#662 = SURFACE_CURVE('',#663,(#667,#674),.PCURVE_S1.);
#663 = LINE('',#664,#665);
#664 = CARTESIAN_POINT('',(-53.00002161396,194.25752781042,
    -1.627031842588E-12));
#665 = VECTOR('',#666,1.);
#666 = DIRECTION('',(-7.578661487841E-16,4.175491728668E-12,1.));
#667 = PCURVE('',#43,#668);
#668 = DEFINITIONAL_REPRESENTATION('',(#669),#673);
#669 = LINE('',#670,#671);
#670 = CARTESIAN_POINT('',(133.80320165614,-15.63249821449));
#671 = VECTOR('',#672,1.);
#672 = DIRECTION('',(4.175491728668E-12,1.));
#673 = ( GEOMETRIC_REPRESENTATION_CONTEXT(2) 
PARAMETRIC_REPRESENTATION_CONTEXT() REPRESENTATION_CONTEXT('2D SPACE',''
  ) );
#674 = PCURVE('',#675,#680);
#675 = PLANE('',#676);
#676 = AXIS2_PLACEMENT_3D('',#677,#678,#679);
#677 = CARTESIAN_POINT('',(-48.00002161396,194.25752781042,
    7.697199955412));
#678 = DIRECTION('',(0.,-1.,0.));
#679 = DIRECTION('',(0.,0.,-1.));
#680 = DEFINITIONAL_REPRESENTATION('',(#681),#685);
#681 = LINE('',#682,#683);
#682 = CARTESIAN_POINT('',(7.697199955414,-5.));
#683 = VECTOR('',#684,1.);
#684 = DIRECTION('',(-1.,-7.578661487841E-16));
#685 = ( GEOMETRIC_REPRESENTATION_CONTEXT(2) 
PARAMETRIC_REPRESENTATION_CONTEXT() REPRESENTATION_CONTEXT('2D SPACE',''
  ) );
#686 = ORIENTED_EDGE('',*,*,#687,.T.);
#687 = EDGE_CURVE('',#660,#98,#688,.T.);
#688 = SURFACE_CURVE('',#689,(#720,#754),.PCURVE_S1.);
#689 = B_SPLINE_CURVE_WITH_KNOTS('',3,(#690,#691,#692,#693,#694,#695,
    #696,#697,#698,#699,#700,#701,#702,#703,#704,#705,#706,#707,#708,
    #709,#710,#711,#712,#713,#714,#715,#716,#717,#718,#719),
  .UNSPECIFIED.,.F.,.F.,(4,2,2,2,2,2,2,2,2,2,2,2,2,2,4),(0.,
    6.648528014399E-02,7.909669625515E-02,9.478940306267E-02,
    0.118511799199,0.139158905291,0.174666177978,0.188033623072,
    0.211021906076,0.244809137743,0.261496408443,0.277780948738,
    0.3271012045,0.343581456277,0.388380050794),.UNSPECIFIED.);
#690 = CARTESIAN_POINT('',(-53.00002161396,194.25752781042,
    7.697199955412));
#691 = CARTESIAN_POINT('',(-53.00002161396,190.38212903,8.615912277803)
  );
#692 = CARTESIAN_POINT('',(-53.00002161396,186.11818993506,
    9.595560626892));
#693 = CARTESIAN_POINT('',(-53.00002161396,181.33746997158,
    10.654619270236));
#694 = CARTESIAN_POINT('',(-53.00002161396,180.57090879122,
    10.823290665515));
#695 = CARTESIAN_POINT('',(-53.00002161396,178.83842030059,
    11.201824863818));
#696 = CARTESIAN_POINT('',(-53.00002161396,177.87017382628,
    11.411543098283));
#697 = CARTESIAN_POINT('',(-53.00002161396,175.41968202845,
    11.937451844217));
#698 = CARTESIAN_POINT('',(-53.00002161396,173.95430437565,
    12.247983870902));
#699 = CARTESIAN_POINT('',(-53.00002161396,171.25532201886,
    12.812506025125));
#700 = CARTESIAN_POINT('',(-53.00002161396,170.036802088,13.06445053961)
  );
#701 = CARTESIAN_POINT('',(-53.00002161396,166.63494670643,
    13.759291191668));
#702 = CARTESIAN_POINT('',(-53.00002161396,164.37977433186,
    14.210091832403));
#703 = CARTESIAN_POINT('',(-53.00002161396,161.34121488445,
    14.802254954704));
#704 = CARTESIAN_POINT('',(-53.00002161396,160.5166053353,
    14.961412090213));
#705 = CARTESIAN_POINT('',(-53.00002161396,158.31051483153,
    15.383134852643));
#706 = CARTESIAN_POINT('',(-53.00002161396,156.98851752318,
    15.631712431347));
#707 = CARTESIAN_POINT('',(-53.00002161396,153.51762843304,
    16.272665522279));
#708 = CARTESIAN_POINT('',(-53.00002161396,151.34783296193,
    16.662432473644));
#709 = CARTESIAN_POINT('',(-53.00002161396,148.19457594896,
    17.210998596571));
#710 = CARTESIAN_POINT('',(-53.00002161396,147.16595579661,
    17.387058575413));
#711 = CARTESIAN_POINT('',(-53.00002161396,145.19413135084,
    17.719305464182));
#712 = CARTESIAN_POINT('',(-53.00002161396,144.24596918224,
    17.876624584752));
#713 = CARTESIAN_POINT('',(-53.00002161396,140.22301621542,
    18.532845443994));
#714 = CARTESIAN_POINT('',(-53.00002161396,136.9775468609,
    19.033614621901));
#715 = CARTESIAN_POINT('',(-53.00002161396,133.01066631632,
    19.609405788821));
#716 = CARTESIAN_POINT('',(-53.00002161396,132.05116660344,
    19.745869990134));
#717 = CARTESIAN_POINT('',(-53.00002161396,128.30015016902,
    20.267888241971));
#718 = CARTESIAN_POINT('',(-53.00002161396,125.38729359978,
    20.647651012066));
#719 = CARTESIAN_POINT('',(-53.00002161396,122.70053261988,
    20.976277477926));
#720 = PCURVE('',#43,#721);
#721 = DEFINITIONAL_REPRESENTATION('',(#722),#753);
#722 = B_SPLINE_CURVE_WITH_KNOTS('',3,(#723,#724,#725,#726,#727,#728,
    #729,#730,#731,#732,#733,#734,#735,#736,#737,#738,#739,#740,#741,
    #742,#743,#744,#745,#746,#747,#748,#749,#750,#751,#752),
  .UNSPECIFIED.,.F.,.F.,(4,2,2,2,2,2,2,2,2,2,2,2,2,2,4),(0.,
    6.648528014399E-02,7.909669625515E-02,9.478940306267E-02,
    0.118511799199,0.139158905291,0.174666177978,0.188033623072,
    0.211021906076,0.244809137743,0.261496408443,0.277780948738,
    0.3271012045,0.343581456277,0.388380050794),.UNSPECIFIED.);
#723 = CARTESIAN_POINT('',(133.80320165614,-7.93529825908));
#724 = CARTESIAN_POINT('',(129.92780287572,-7.016585936689));
#725 = CARTESIAN_POINT('',(125.66386378078,-6.0369375876));
#726 = CARTESIAN_POINT('',(120.8831438173,-4.977878944256));
#727 = CARTESIAN_POINT('',(120.11658263694,-4.809207548977));
#728 = CARTESIAN_POINT('',(118.38409414631,-4.430673350674));
#729 = CARTESIAN_POINT('',(117.415847672,-4.220955116209));
#730 = CARTESIAN_POINT('',(114.96535587417,-3.695046370275));
#731 = CARTESIAN_POINT('',(113.49997822137,-3.38451434359));
#732 = CARTESIAN_POINT('',(110.80099586458,-2.819992189367));
#733 = CARTESIAN_POINT('',(109.58247593372,-2.568047674882));
#734 = CARTESIAN_POINT('',(106.18062055215,-1.873207022824));
#735 = CARTESIAN_POINT('',(103.92544817758,-1.422406382089));
#736 = CARTESIAN_POINT('',(100.88688873017,-0.830243259788));
#737 = CARTESIAN_POINT('',(100.06227918102,-0.671086124279));
#738 = CARTESIAN_POINT('',(97.856188677256,-0.249363361849));
#739 = CARTESIAN_POINT('',(96.534191368906,-7.85783145E-04));
#740 = CARTESIAN_POINT('',(93.063302278766,0.640167307787));
#741 = CARTESIAN_POINT('',(90.893506807656,1.029934259152));
#742 = CARTESIAN_POINT('',(87.740249794686,1.578500382079));
#743 = CARTESIAN_POINT('',(86.711629642336,1.754560360921));
#744 = CARTESIAN_POINT('',(84.739805196566,2.08680724969));
#745 = CARTESIAN_POINT('',(83.791643027966,2.24412637026));
#746 = CARTESIAN_POINT('',(79.768690061146,2.900347229502));
#747 = CARTESIAN_POINT('',(76.523220706626,3.401116407409));
#748 = CARTESIAN_POINT('',(72.556340162046,3.976907574329));
#749 = CARTESIAN_POINT('',(71.596840449166,4.113371775642));
#750 = CARTESIAN_POINT('',(67.845824014746,4.635390027479));
#751 = CARTESIAN_POINT('',(64.932967445506,5.015152797574));
#752 = CARTESIAN_POINT('',(62.246206465606,5.343779263434));
#753 = ( GEOMETRIC_REPRESENTATION_CONTEXT(2) 
PARAMETRIC_REPRESENTATION_CONTEXT() REPRESENTATION_CONTEXT('2D SPACE',''
  ) );
#754 = PCURVE('',#755,#802);
#755 = B_SPLINE_SURFACE_WITH_KNOTS('',3,1,(
    (#756,#757)
    ,(#758,#759)
    ,(#760,#761)
    ,(#762,#763)
    ,(#764,#765)
    ,(#766,#767)
    ,(#768,#769)
    ,(#770,#771)
    ,(#772,#773)
    ,(#774,#775)
    ,(#776,#777)
    ,(#778,#779)
    ,(#780,#781)
    ,(#782,#783)
    ,(#784,#785)
    ,(#786,#787)
    ,(#788,#789)
    ,(#790,#791)
    ,(#792,#793)
    ,(#794,#795)
    ,(#796,#797)
    ,(#798,#799)
    ,(#800,#801
    )),.UNSPECIFIED.,.F.,.F.,.F.,(4,1,1,1,1,1,1,1,1,1,1,1,1,1,1,1,1,1,1,
    1,4),(2,2),(-0.832793038716,-0.784245532377,-0.772108655792,
    -0.759971779207,-0.735698026037,-0.711424272867,-0.687150519697,
    -0.662876766527,-0.638603013357,-0.626466136772,-0.614329260187,
    -0.590055507017,-0.577918630432,-0.565781753847,-0.553644877262,
    -0.541508000677,-0.517234247507,-0.505097370922,-0.492960494337,
    -0.468686741167,-0.444412987997),(0.,1.),.UNSPECIFIED.);
#756 = CARTESIAN_POINT('',(-43.00002161396,194.25752779736,
    7.697199958508));
#757 = CARTESIAN_POINT('',(-53.00002161416,194.25752779736,
    7.697199958508));
#758 = CARTESIAN_POINT('',(-43.00002161396,191.42771424319,
    8.368043071537));
#759 = CARTESIAN_POINT('',(-53.00002161416,191.42771424319,
    8.368043071537));
#760 = CARTESIAN_POINT('',(-43.00002161396,187.63353402131,
    9.246758389759));
#761 = CARTESIAN_POINT('',(-53.00002161416,187.63353402131,
    9.246758389759));
#762 = CARTESIAN_POINT('',(-43.00002161396,183.14877915276,
    10.253709895256));
#763 = CARTESIAN_POINT('',(-53.00002161416,183.14877915276,
    10.253709895256));
#764 = CARTESIAN_POINT('',(-43.00002161396,180.22272138773,
    10.90177098498));
#765 = CARTESIAN_POINT('',(-53.00002161416,180.22272138773,
    10.90177098498));
#766 = CARTESIAN_POINT('',(-43.00002161396,176.46345534042,
    11.717691058379));
#767 = CARTESIAN_POINT('',(-53.00002161416,176.46345534042,
    11.717691058379));
#768 = CARTESIAN_POINT('',(-43.00002161396,171.96033140737,
    12.66892387977));
#769 = CARTESIAN_POINT('',(-53.00002161416,171.96033140737,
    12.66892387977));
#770 = CARTESIAN_POINT('',(-43.00002161396,167.64649495757,
    13.556282836417));
#771 = CARTESIAN_POINT('',(-53.00002161416,167.64649495757,
    13.556282836417));
#772 = CARTESIAN_POINT('',(-43.00002161396,163.04265183245,
    14.475318512741));
#773 = CARTESIAN_POINT('',(-53.00002161416,163.04265183245,
    14.475318512741));
#774 = CARTESIAN_POINT('',(-43.00002161396,159.29475708846,
    15.197679234923));
#775 = CARTESIAN_POINT('',(-53.00002161416,159.29475708846,
    15.197679234923));
#776 = CARTESIAN_POINT('',(-43.00002161396,156.4531929157,
    15.731255352188));
#777 = CARTESIAN_POINT('',(-53.00002161416,156.4531929157,
    15.731255352188));
#778 = CARTESIAN_POINT('',(-43.00002161396,153.46712085367,
    16.281554783022));
#779 = CARTESIAN_POINT('',(-53.00002161416,153.46712085367,
    16.281554783022));
#780 = CARTESIAN_POINT('',(-43.00002161396,150.37604177393,
    16.833958995119));
#781 = CARTESIAN_POINT('',(-53.00002161416,150.37604177393,
    16.833958995119));
#782 = CARTESIAN_POINT('',(-43.00002161396,147.35299559608,
    17.355724623352));
#783 = CARTESIAN_POINT('',(-53.00002161416,147.35299559608,
    17.355724623352));
#784 = CARTESIAN_POINT('',(-43.00002161396,145.18468973739,
    17.721429705441));
#785 = CARTESIAN_POINT('',(-53.00002161416,145.18468973739,
    17.721429705441));
#786 = CARTESIAN_POINT('',(-43.00002161396,143.01503786316,
    18.079004378191));
#787 = CARTESIAN_POINT('',(-53.00002161416,143.01503786316,
    18.079004378191));
#788 = CARTESIAN_POINT('',(-43.00002161396,139.96481548068,
    18.568180465321));
#789 = CARTESIAN_POINT('',(-53.00002161416,139.96481548068,
    18.568180465321));
#790 = CARTESIAN_POINT('',(-43.00002161396,136.86848045824,
    19.044823434338));
#791 = CARTESIAN_POINT('',(-53.00002161416,136.86848045824,
    19.044823434338));
#792 = CARTESIAN_POINT('',(-43.00002161396,133.8793978663,
    19.484915023862));
#793 = CARTESIAN_POINT('',(-53.00002161416,133.8793978663,
    19.484915023862));
#794 = CARTESIAN_POINT('',(-43.00002161396,131.02967013098,
    19.891849252129));
#795 = CARTESIAN_POINT('',(-53.00002161416,131.02967013098,
    19.891849252129));
#796 = CARTESIAN_POINT('',(-43.00002161396,127.19807663336,
    20.412658000516));
#797 = CARTESIAN_POINT('',(-53.00002161416,127.19807663336,
    20.412658000516));
#798 = CARTESIAN_POINT('',(-43.00002161396,124.15633215011,
    20.798213906883));
#799 = CARTESIAN_POINT('',(-53.00002161416,124.15633215011,
    20.798213906883));
#800 = CARTESIAN_POINT('',(-43.00002161396,122.70053261988,
    20.976277477926));
#801 = CARTESIAN_POINT('',(-53.00002161416,122.70053261988,
    20.976277477926));
#802 = DEFINITIONAL_REPRESENTATION('',(#803),#873);
#803 = B_SPLINE_CURVE_WITH_KNOTS('',3,(#804,#805,#806,#807,#808,#809,
    #810,#811,#812,#813,#814,#815,#816,#817,#818,#819,#820,#821,#822,
    #823,#824,#825,#826,#827,#828,#829,#830,#831,#832,#833,#834,#835,
    #836,#837,#838,#839,#840,#841,#842,#843,#844,#845,#846,#847,#848,
    #849,#850,#851,#852,#853,#854,#855,#856,#857,#858,#859,#860,#861,
    #862,#863,#864,#865,#866,#867,#868,#869,#870,#871,#872),
  .UNSPECIFIED.,.F.,.F.,(4,1,1,1,1,1,1,1,1,1,1,1,1,1,1,1,1,1,1,1,1,1,1,1
    ,1,1,1,1,1,1,1,1,1,1,1,1,1,1,1,1,1,1,1,1,1,1,1,1,1,1,1,1,1,1,1,1,1,1
    ,1,1,1,1,1,1,1,1,4),(0.,5.884546224152E-03,1.17690924483E-02,
    1.765363867245E-02,2.353818489661E-02,2.942273112076E-02,
    3.530727734491E-02,4.119182356906E-02,4.707636979321E-02,
    5.296091601736E-02,5.884546224152E-02,6.473000846567E-02,
    7.061455468982E-02,7.649910091397E-02,8.238364713812E-02,
    8.826819336227E-02,9.415273958642E-02,0.100037285811,0.105921832035,
    0.111806378259,0.117690924483,0.123575470707,0.129460016931,
    0.135344563155,0.14122910938,0.147113655604,0.152998201828,
    0.158882748052,0.164767294276,0.1706518405,0.176536386725,
    0.182420932949,0.188305479173,0.194190025397,0.200074571621,
    0.205959117845,0.211843664069,0.217728210294,0.223612756518,
    0.229497302742,0.235381848966,0.24126639519,0.247150941414,
    0.253035487639,0.258920033863,0.264804580087,0.270689126311,
    0.276573672535,0.282458218759,0.288342764983,0.294227311208,
    0.300111857432,0.305996403656,0.31188094988,0.317765496104,
    0.323650042328,0.329534588552,0.335419134777,0.341303681001,
    0.347188227225,0.353072773449,0.358957319673,0.364841865897,
    0.370726412122,0.376610958346,0.38249550457,0.388380050794),
  .UNSPECIFIED.);
#804 = CARTESIAN_POINT('',(-0.832793038716,1.));
#805 = CARTESIAN_POINT('',(-0.830831521376,0.999999999988));
#806 = CARTESIAN_POINT('',(-0.826908220574,0.999999999976));
#807 = CARTESIAN_POINT('',(-0.82102276956,0.999999999981));
#808 = CARTESIAN_POINT('',(-0.815137124745,0.99999999998));
#809 = CARTESIAN_POINT('',(-0.809251566063,0.99999999998));
#810 = CARTESIAN_POINT('',(-0.803366368598,0.99999999998));
#811 = CARTESIAN_POINT('',(-0.797481797399,0.99999999998));
#812 = CARTESIAN_POINT('',(-0.791598148236,0.99999999998));
#813 = CARTESIAN_POINT('',(-0.785715628809,0.99999999998));
#814 = CARTESIAN_POINT('',(-0.779834831989,0.99999999998));
#815 = CARTESIAN_POINT('',(-0.773952017064,0.99999999998));
#816 = CARTESIAN_POINT('',(-0.76805428147,0.99999999998));
#817 = CARTESIAN_POINT('',(-0.762180098651,0.99999999998));
#818 = CARTESIAN_POINT('',(-0.756295734301,0.99999999998));
#819 = CARTESIAN_POINT('',(-0.750425741294,0.99999999998));
#820 = CARTESIAN_POINT('',(-0.7445502558,0.99999999998));
#821 = CARTESIAN_POINT('',(-0.738653869909,0.99999999998));
#822 = CARTESIAN_POINT('',(-0.732744734428,0.99999999998));
#823 = CARTESIAN_POINT('',(-0.726859154202,0.99999999998));
#824 = CARTESIAN_POINT('',(-0.720979724916,0.99999999998));
#825 = CARTESIAN_POINT('',(-0.715096814382,0.99999999998));
#826 = CARTESIAN_POINT('',(-0.709221347096,0.99999999998));
#827 = CARTESIAN_POINT('',(-0.703360079784,0.99999999998));
#828 = CARTESIAN_POINT('',(-0.697489615062,0.99999999998));
#829 = CARTESIAN_POINT('',(-0.691590849462,0.99999999998));
#830 = CARTESIAN_POINT('',(-0.685668465856,0.99999999998));
#831 = CARTESIAN_POINT('',(-0.679775880533,0.99999999998));
#832 = CARTESIAN_POINT('',(-0.673895078625,0.99999999998));
#833 = CARTESIAN_POINT('',(-0.668020426838,0.99999999998));
#834 = CARTESIAN_POINT('',(-0.662143138024,0.99999999998));
#835 = CARTESIAN_POINT('',(-0.656256446763,0.99999999998));
#836 = CARTESIAN_POINT('',(-0.650368025401,0.99999999998));
#837 = CARTESIAN_POINT('',(-0.644467263526,0.99999999998));
#838 = CARTESIAN_POINT('',(-0.638607584744,0.99999999998));
#839 = CARTESIAN_POINT('',(-0.632720477862,0.99999999998));
#840 = CARTESIAN_POINT('',(-0.626830840812,0.99999999998));
#841 = CARTESIAN_POINT('',(-0.620956929966,0.99999999998));
#842 = CARTESIAN_POINT('',(-0.615063998023,0.99999999998));
#843 = CARTESIAN_POINT('',(-0.609178094559,0.99999999998));
#844 = CARTESIAN_POINT('',(-0.603290834698,0.99999999998));
#845 = CARTESIAN_POINT('',(-0.59740611443,0.99999999998));
#846 = CARTESIAN_POINT('',(-0.591524294118,0.99999999998));
#847 = CARTESIAN_POINT('',(-0.585647848202,0.99999999998));
#848 = CARTESIAN_POINT('',(-0.579768125531,0.99999999998));
#849 = CARTESIAN_POINT('',(-0.573851583271,0.99999999998));
#850 = CARTESIAN_POINT('',(-0.567972278431,0.99999999998));
#851 = CARTESIAN_POINT('',(-0.56212709673,0.99999999998));
#852 = CARTESIAN_POINT('',(-0.556244068409,0.99999999998));
#853 = CARTESIAN_POINT('',(-0.55031312291,0.99999999998));
#854 = CARTESIAN_POINT('',(-0.544444806861,0.99999999998));
#855 = CARTESIAN_POINT('',(-0.538571677341,0.99999999998));
#856 = CARTESIAN_POINT('',(-0.53268925418,0.99999999998));
#857 = CARTESIAN_POINT('',(-0.526802130078,0.99999999998));
#858 = CARTESIAN_POINT('',(-0.520913240465,0.99999999998));
#859 = CARTESIAN_POINT('',(-0.515026734977,0.99999999998));
#860 = CARTESIAN_POINT('',(-0.509143379284,0.99999999998));
#861 = CARTESIAN_POINT('',(-0.503258924223,0.99999999998));
#862 = CARTESIAN_POINT('',(-0.497369007384,0.99999999998));
#863 = CARTESIAN_POINT('',(-0.491495820369,0.99999999998));
#864 = CARTESIAN_POINT('',(-0.485593077965,0.99999999998));
#865 = CARTESIAN_POINT('',(-0.479708167385,0.99999999998));
#866 = CARTESIAN_POINT('',(-0.473829957788,0.99999999998));
#867 = CARTESIAN_POINT('',(-0.46795263427,0.99999999998));
#868 = CARTESIAN_POINT('',(-0.462070141529,0.99999999998));
#869 = CARTESIAN_POINT('',(-0.456184867424,0.999999999981));
#870 = CARTESIAN_POINT('',(-0.450298386513,0.999999999976));
#871 = CARTESIAN_POINT('',(-0.446374513776,0.999999999988));
#872 = CARTESIAN_POINT('',(-0.444412987997,1.));
#873 = ( GEOMETRIC_REPRESENTATION_CONTEXT(2) 
PARAMETRIC_REPRESENTATION_CONTEXT() REPRESENTATION_CONTEXT('2D SPACE',''
  ) );
#874 = FACE_BOUND('',#875,.F.);
#875 = EDGE_LOOP('',(#876));
#876 = ORIENTED_EDGE('',*,*,#877,.F.);
#877 = EDGE_CURVE('',#878,#878,#880,.T.);
#878 = VERTEX_POINT('',#879);
#879 = CARTESIAN_POINT('',(-53.00002161396,100.5003516283,
    19.070508451741));
#880 = SURFACE_CURVE('',#881,(#886,#893),.PCURVE_S1.);
#881 = CIRCLE('',#882,4.00001);
#882 = AXIS2_PLACEMENT_3D('',#883,#884,#885);
#883 = CARTESIAN_POINT('',(-53.00002161396,100.5003516283,
    15.070498451741));
#884 = DIRECTION('',(1.,0.,0.));
#885 = DIRECTION('',(-0.,0.,1.));
#886 = PCURVE('',#43,#887);
#887 = DEFINITIONAL_REPRESENTATION('',(#888),#892);
#888 = CIRCLE('',#889,4.00001);
#889 = AXIS2_PLACEMENT_2D('',#890,#891);
#890 = CARTESIAN_POINT('',(40.046025474026,-0.561999762751));
#891 = DIRECTION('',(1.401298464325E-45,1.));
#892 = ( GEOMETRIC_REPRESENTATION_CONTEXT(2) 
PARAMETRIC_REPRESENTATION_CONTEXT() REPRESENTATION_CONTEXT('2D SPACE',''
  ) );
#893 = PCURVE('',#894,#899);
#894 = PLANE('',#895);
#895 = AXIS2_PLACEMENT_3D('',#896,#897,#898);
#896 = CARTESIAN_POINT('',(-53.00002161396,60.454326154274,
    15.632498214492));
#897 = DIRECTION('',(1.,-1.594183769368E-15,4.888450755303E-15));
#898 = DIRECTION('',(1.594183769368E-15,1.,1.401298464325E-45));
#899 = DEFINITIONAL_REPRESENTATION('',(#900),#904);
#900 = CIRCLE('',#901,4.00001);
#901 = AXIS2_PLACEMENT_2D('',#902,#903);
#902 = CARTESIAN_POINT('',(40.046025474026,-0.561999762751));
#903 = DIRECTION('',(1.401298464325E-45,1.));
#904 = ( GEOMETRIC_REPRESENTATION_CONTEXT(2) 
PARAMETRIC_REPRESENTATION_CONTEXT() REPRESENTATION_CONTEXT('2D SPACE',''
  ) );
#905 = FACE_BOUND('',#906,.F.);
#906 = EDGE_LOOP('',(#907,#942,#974,#1072,#1104,#1236));
#907 = ORIENTED_EDGE('',*,*,#908,.F.);
#908 = EDGE_CURVE('',#909,#911,#913,.T.);
#909 = VERTEX_POINT('',#910);
#910 = CARTESIAN_POINT('',(-53.00002161396,50.865016585294,
    12.796102263594));
#911 = VERTEX_POINT('',#912);
#912 = CARTESIAN_POINT('',(-53.00002161396,50.732578792093,
    17.975066938337));
#913 = SURFACE_CURVE('',#914,(#919,#930),.PCURVE_S1.);
#914 = CIRCLE('',#915,10.);
#915 = AXIS2_PLACEMENT_3D('',#916,#917,#918);
#916 = CARTESIAN_POINT('',(-53.00002161396,60.454326154274,
    15.632498214492));
#917 = DIRECTION('',(-1.,1.594183769368E-15,-4.888450755303E-15));
#918 = DIRECTION('',(1.594183769368E-15,1.,8.676395026622E-30));
#919 = PCURVE('',#43,#920);
#920 = DEFINITIONAL_REPRESENTATION('',(#921),#929);
#921 = ( BOUNDED_CURVE() B_SPLINE_CURVE(2,(#922,#923,#924,#925,#926,#927
,#928),.UNSPECIFIED.,.T.,.F.) B_SPLINE_CURVE_WITH_KNOTS((1,2,2,2,2,1),(
    -2.094395102393,0.,2.094395102393,4.188790204786,6.28318530718,
8.377580409573),.UNSPECIFIED.) CURVE() GEOMETRIC_REPRESENTATION_ITEM() 
RATIONAL_B_SPLINE_CURVE((1.,0.5,1.,0.5,1.,0.5,1.)) REPRESENTATION_ITEM(
  '') );
#922 = CARTESIAN_POINT('',(10.,8.676395026622E-29));
#923 = CARTESIAN_POINT('',(10.,-17.32050807568));
#924 = CARTESIAN_POINT('',(-5.,-8.660254037844));
#925 = CARTESIAN_POINT('',(-20.,-2.449293598295E-15));
#926 = CARTESIAN_POINT('',(-5.,8.660254037844));
#927 = CARTESIAN_POINT('',(10.,17.320508075689));
#928 = CARTESIAN_POINT('',(10.,8.676395026622E-29));
#929 = ( GEOMETRIC_REPRESENTATION_CONTEXT(2) 
PARAMETRIC_REPRESENTATION_CONTEXT() REPRESENTATION_CONTEXT('2D SPACE',''
  ) );
#930 = PCURVE('',#931,#936);
#931 = CYLINDRICAL_SURFACE('',#932,10.);
#932 = AXIS2_PLACEMENT_3D('',#933,#934,#935);
#933 = CARTESIAN_POINT('',(-53.00002161396,60.454326154274,
    15.632498214492));
#934 = DIRECTION('',(-1.,1.7763568394E-15,-4.884981308351E-15));
#935 = DIRECTION('',(-1.650897157412E-15,-0.999673190224,
    -2.556389540182E-02));
#936 = DEFINITIONAL_REPRESENTATION('',(#937),#941);
#937 = LINE('',#938,#939);
#938 = CARTESIAN_POINT('',(-3.11602597298,-3.869717220164E-14));
#939 = VECTOR('',#940,1.);
#940 = DIRECTION('',(1.,1.355890042214E-14));
#941 = ( GEOMETRIC_REPRESENTATION_CONTEXT(2) 
PARAMETRIC_REPRESENTATION_CONTEXT() REPRESENTATION_CONTEXT('2D SPACE',''
  ) );
#942 = ORIENTED_EDGE('',*,*,#943,.T.);
#943 = EDGE_CURVE('',#909,#944,#946,.T.);
#944 = VERTEX_POINT('',#945);
#945 = CARTESIAN_POINT('',(-53.00002161396,49.894210319834,
    11.512533182467));
#946 = SURFACE_CURVE('',#947,(#952,#963),.PCURVE_S1.);
#947 = CIRCLE('',#948,1.000000443018);
#948 = AXIS2_PLACEMENT_3D('',#949,#950,#951);
#949 = CARTESIAN_POINT('',(-53.00002161396,49.906085033266,
    12.512463118621));
#950 = DIRECTION('',(-1.,1.380367182948E-14,-1.044017910329E-14));
#951 = DIRECTION('',(1.027552842466E-14,0.958931127204,0.283639019316));
#952 = PCURVE('',#43,#953);
#953 = DEFINITIONAL_REPRESENTATION('',(#954),#962);
#954 = ( BOUNDED_CURVE() B_SPLINE_CURVE(2,(#955,#956,#957,#958,#959,#960
,#961),.UNSPECIFIED.,.T.,.F.) B_SPLINE_CURVE_WITH_KNOTS((1,2,2,2,2,1),(
    -2.094395102393,0.,2.094395102393,4.188790204786,6.28318530718,
8.377580409573),.UNSPECIFIED.) CURVE() GEOMETRIC_REPRESENTATION_ITEM() 
RATIONAL_B_SPLINE_CURVE((1.,0.5,1.,0.5,1.,0.5,1.)) REPRESENTATION_ITEM(
  '') );
#955 = CARTESIAN_POINT('',(-9.58930956898,-2.836395950898));
#956 = CARTESIAN_POINT('',(-9.098032158871,-4.497314119991));
#957 = CARTESIAN_POINT('',(-10.78206819196,-4.092313752904));
#958 = CARTESIAN_POINT('',(-12.46610422506,-3.687313385818));
#959 = CARTESIAN_POINT('',(-11.27334560207,-2.431395583811));
#960 = CARTESIAN_POINT('',(-10.08058697908,-1.175477781804));
#961 = CARTESIAN_POINT('',(-9.58930956898,-2.836395950898));
#962 = ( GEOMETRIC_REPRESENTATION_CONTEXT(2) 
PARAMETRIC_REPRESENTATION_CONTEXT() REPRESENTATION_CONTEXT('2D SPACE',''
  ) );
#963 = PCURVE('',#964,#969);
#964 = CYLINDRICAL_SURFACE('',#965,0.999997494905);
#965 = AXIS2_PLACEMENT_3D('',#966,#967,#968);
#966 = CARTESIAN_POINT('',(-29.00002142563,49.906086128615,
    12.512460182754));
#967 = DIRECTION('',(1.,-1.666009823052E-15,4.995309385676E-15));
#968 = DIRECTION('',(4.995309385676E-15,0.,-1.));
#969 = DEFINITIONAL_REPRESENTATION('',(#970),#973);
#970 = B_SPLINE_CURVE_WITH_KNOTS('',1,(#971,#972),.UNSPECIFIED.,.F.,.F.,
  (2,2),(0.,1.870258175285),.PIECEWISE_BEZIER_KNOTS.);
#971 = CARTESIAN_POINT('',(1.858386314,-24.00000018833));
#972 = CARTESIAN_POINT('',(-1.187611739923E-02,-24.00000018833));
#973 = ( GEOMETRIC_REPRESENTATION_CONTEXT(2) 
PARAMETRIC_REPRESENTATION_CONTEXT() REPRESENTATION_CONTEXT('2D SPACE',''
  ) );
#974 = ORIENTED_EDGE('',*,*,#975,.F.);
#975 = EDGE_CURVE('',#976,#944,#978,.T.);
#976 = VERTEX_POINT('',#977);
#977 = CARTESIAN_POINT('',(-53.00002161396,26.07869547089,
    12.478599820107));
#978 = SURFACE_CURVE('',#979,(#993,#1010),.PCURVE_S1.);
#979 = B_SPLINE_CURVE_WITH_KNOTS('',3,(#980,#981,#982,#983,#984,#985,
    #986,#987,#988,#989,#990,#991,#992),.UNSPECIFIED.,.F.,.F.,(4,3,3,3,4
    ),(-2.795148133755,-2.77201973053,-2.738882086379,-1.968437605259,
    -1.73920180048),.UNSPECIFIED.);
#980 = CARTESIAN_POINT('',(-53.00002161396,26.07869547089,
    12.478599820107));
#981 = CARTESIAN_POINT('',(-53.00002161396,26.361974764126,
    12.456360424915));
#982 = CARTESIAN_POINT('',(-53.00002161396,26.626558481958,
    12.435995479756));
#983 = CARTESIAN_POINT('',(-53.00002161396,26.867198949729,
    12.417746535271));
#984 = CARTESIAN_POINT('',(-53.00002161396,27.211980995939,
    12.391600025173));
#985 = CARTESIAN_POINT('',(-53.00002161396,27.508217710932,
    12.369722753112));
#986 = CARTESIAN_POINT('',(-53.00002161396,27.741369942147,
    12.352728086003));
#987 = CARTESIAN_POINT('',(-53.00002161396,33.132471941327,
    11.959766014177));
#988 = CARTESIAN_POINT('',(-53.00002161396,39.498168149694,
    11.710679099372));
#989 = CARTESIAN_POINT('',(-53.00002161396,44.95725790648,
    11.593821907804));
#990 = CARTESIAN_POINT('',(-53.00002161396,46.584026741056,
    11.558999319093));
#991 = CARTESIAN_POINT('',(-53.00002161396,48.21671551009,
    11.532455355735));
#992 = CARTESIAN_POINT('',(-53.00002161396,49.894210319833,
    11.512533182467));
#993 = PCURVE('',#43,#994);
#994 = DEFINITIONAL_REPRESENTATION('',(#995),#1009);
#995 = B_SPLINE_CURVE_WITH_KNOTS('',3,(#996,#997,#998,#999,#1000,#1001,
    #1002,#1003,#1004,#1005,#1006,#1007,#1008),.UNSPECIFIED.,.F.,.F.,(4,
    3,3,3,4),(-2.795148133755,-2.77201973053,-2.738882086379,
    -1.968437605259,-1.73920180048),.UNSPECIFIED.);
#996 = CARTESIAN_POINT('',(-34.37563068338,-3.153898394385));
#997 = CARTESIAN_POINT('',(-34.09235139014,-3.176137789577));
#998 = CARTESIAN_POINT('',(-33.82776767231,-3.196502734736));
#999 = CARTESIAN_POINT('',(-33.58712720454,-3.214751679221));
#1000 = CARTESIAN_POINT('',(-33.24234515833,-3.240898189319));
#1001 = CARTESIAN_POINT('',(-32.94610844334,-3.26277546138));
#1002 = CARTESIAN_POINT('',(-32.71295621212,-3.279770128489));
#1003 = CARTESIAN_POINT('',(-27.32185421294,-3.672732200315));
#1004 = CARTESIAN_POINT('',(-20.95615800458,-3.92181911512));
#1005 = CARTESIAN_POINT('',(-15.49706824779,-4.038676306688));
#1006 = CARTESIAN_POINT('',(-13.87029941321,-4.073498895399));
#1007 = CARTESIAN_POINT('',(-12.23761064418,-4.100042858757));
#1008 = CARTESIAN_POINT('',(-10.56011583444,-4.119965032025));
#1009 = ( GEOMETRIC_REPRESENTATION_CONTEXT(2) 
PARAMETRIC_REPRESENTATION_CONTEXT() REPRESENTATION_CONTEXT('2D SPACE',''
  ) );
#1010 = PCURVE('',#1011,#1044);
#1011 = B_SPLINE_SURFACE_WITH_KNOTS('',3,1,(
    (#1012,#1013)
    ,(#1014,#1015)
    ,(#1016,#1017)
    ,(#1018,#1019)
    ,(#1020,#1021)
    ,(#1022,#1023)
    ,(#1024,#1025)
    ,(#1026,#1027)
    ,(#1028,#1029)
    ,(#1030,#1031)
    ,(#1032,#1033)
    ,(#1034,#1035)
    ,(#1036,#1037)
    ,(#1038,#1039)
    ,(#1040,#1041)
    ,(#1042,#1043
    )),.UNSPECIFIED.,.F.,.F.,.F.,(4,1,1,1,1,1,1,1,1,1,1,1,1,4),(2,2),(
    -2.795148133729,-2.762149810818,-2.745650649362,-2.729151487907,
    -2.696153164996,-2.663154842084,-2.597158196262,-2.531161550439,
    -2.399168258794,-2.267174967149,-2.135181675504,-2.003188383859,
    -1.871195092215,-1.73920180057),(0.,1.),.UNSPECIFIED.);
#1012 = CARTESIAN_POINT('',(-53.00002161396,26.078695471843,
    12.478599820032));
#1013 = CARTESIAN_POINT('',(-43.00002161396,26.078695471843,
    12.478599820032));
#1014 = CARTESIAN_POINT('',(-53.00002161396,26.482862655371,
    12.44686988448));
#1015 = CARTESIAN_POINT('',(-43.00002161396,26.482862655371,
    12.44686988448));
#1016 = CARTESIAN_POINT('',(-53.00002161396,27.031217400938,
    12.405074173202));
#1017 = CARTESIAN_POINT('',(-43.00002161396,27.031217400938,
    12.405074173202));
#1018 = CARTESIAN_POINT('',(-53.00002161396,27.606263394074,
    12.362527846189));
#1019 = CARTESIAN_POINT('',(-43.00002161396,27.606263394074,
    12.362527846189));
#1020 = CARTESIAN_POINT('',(-53.00002161396,28.057041069784,
    12.329740847359));
#1021 = CARTESIAN_POINT('',(-43.00002161396,28.057041069784,
    12.329740847359));
#1022 = CARTESIAN_POINT('',(-53.00002161396,28.646797917847,
    12.288309483238));
#1023 = CARTESIAN_POINT('',(-43.00002161396,28.646797917847,
    12.288309483238));
#1024 = CARTESIAN_POINT('',(-53.00002161396,29.592146338247,
    12.224923955918));
#1025 = CARTESIAN_POINT('',(-43.00002161396,29.592146338247,
    12.224923955918));
#1026 = CARTESIAN_POINT('',(-53.00002161396,30.799341070959,
    12.149344560089));
#1027 = CARTESIAN_POINT('',(-43.00002161396,30.799341070959,
    12.149344560089));
#1028 = CARTESIAN_POINT('',(-53.00002161396,32.765627105332,
    12.036891601435));
#1029 = CARTESIAN_POINT('',(-43.00002161396,32.765627105332,
    12.036891601435));
#1030 = CARTESIAN_POINT('',(-53.00002161396,35.275727641339,
    11.911759483515));
#1031 = CARTESIAN_POINT('',(-43.00002161396,35.275727641339,
    11.911759483515));
#1032 = CARTESIAN_POINT('',(-53.00002161396,38.312755767886,
    11.78607183021));
#1033 = CARTESIAN_POINT('',(-43.00002161396,38.312755767886,
    11.78607183021));
#1034 = CARTESIAN_POINT('',(-53.00002161396,41.319895226887,
    11.684403466377));
#1035 = CARTESIAN_POINT('',(-43.00002161396,41.319895226887,
    11.684403466377));
#1036 = CARTESIAN_POINT('',(-53.00002161396,44.234471124236,
    11.606676334664));
#1037 = CARTESIAN_POINT('',(-43.00002161396,44.234471124236,
    11.606676334664));
#1038 = CARTESIAN_POINT('',(-53.00002161396,47.021438384073,
    11.551546170509));
#1039 = CARTESIAN_POINT('',(-43.00002161396,47.021438384073,
    11.551546170509));
#1040 = CARTESIAN_POINT('',(-53.00002161396,48.92831381725,
    11.524004310352));
#1041 = CARTESIAN_POINT('',(-43.00002161396,48.92831381725,
    11.524004310352));
#1042 = CARTESIAN_POINT('',(-53.00002161396,49.894210317858,
    11.512533182491));
#1043 = CARTESIAN_POINT('',(-43.00002161396,49.894210317859,
    11.512533182491));
#1044 = DEFINITIONAL_REPRESENTATION('',(#1045),#1071);
#1045 = B_SPLINE_CURVE_WITH_KNOTS('',3,(#1046,#1047,#1048,#1049,#1050,
    #1051,#1052,#1053,#1054,#1055,#1056,#1057,#1058,#1059,#1060,#1061,
    #1062,#1063,#1064,#1065,#1066,#1067,#1068,#1069,#1070),
  .UNSPECIFIED.,.F.,.F.,(4,1,1,1,1,1,1,1,1,1,1,1,1,1,1,1,1,1,1,1,1,1,4),
  (-2.795148133755,-2.747150573152,-2.699153012548,-2.651155451945,
    -2.603157891341,-2.555160330738,-2.507162770135,-2.459165209531,
    -2.411167648928,-2.363170088324,-2.315172527721,-2.267174967118,
    -2.219177406514,-2.171179845911,-2.123182285307,-2.075184724704,
    -2.0271871641,-1.979189603497,-1.931192042894,-1.88319448229,
    -1.835196921687,-1.787199361083,-1.73920180048),.UNSPECIFIED.);
#1046 = CARTESIAN_POINT('',(-2.795148133729,0.));
#1047 = CARTESIAN_POINT('',(-2.779157580262,0.));
#1048 = CARTESIAN_POINT('',(-2.74715829971,9.281412082972E-32));
#1049 = CARTESIAN_POINT('',(-2.699135800125,-3.24849422904E-31));
#1050 = CARTESIAN_POINT('',(-2.651144674951,1.206583570786E-30));
#1051 = CARTESIAN_POINT('',(-2.603155838611,-4.501484860242E-30));
#1052 = CARTESIAN_POINT('',(-2.555166007378,1.679935587018E-29));
#1053 = CARTESIAN_POINT('',(-2.507159171089,-6.269593862048E-29));
#1054 = CARTESIAN_POINT('',(-2.459163676282,2.339843986117E-28));
#1055 = CARTESIAN_POINT('',(-2.411168042168,-8.732416558264E-28));
#1056 = CARTESIAN_POINT('',(-2.363169479304,3.258982224694E-27));
#1057 = CARTESIAN_POINT('',(-2.315169796985,-1.216268724295E-26));
#1058 = CARTESIAN_POINT('',(-2.267173737229,4.539176674711E-26));
#1059 = CARTESIAN_POINT('',(-2.219185056804,-1.694043797455E-25));
#1060 = CARTESIAN_POINT('',(-2.171192446964,6.322257522348E-25));
#1061 = CARTESIAN_POINT('',(-2.123179381164,-2.359498629194E-24));
#1062 = CARTESIAN_POINT('',(-2.075147251746,8.80576876454E-24));
#1063 = CARTESIAN_POINT('',(-2.027140420289,-3.286357642897E-23));
#1064 = CARTESIAN_POINT('',(-1.979238605593,1.226485369513E-22));
#1065 = CARTESIAN_POINT('',(-1.93144529493,-4.577305713763E-22));
#1066 = CARTESIAN_POINT('',(-1.883200739496,1.708273748554E-21));
#1067 = CARTESIAN_POINT('',(-1.83513031059,-6.37536442284E-21));
#1068 = CARTESIAN_POINT('',(-1.787170616867,2.986570903032E-20));
#1069 = CARTESIAN_POINT('',(-1.755201158219,2.113741214212E-20));
#1070 = CARTESIAN_POINT('',(-1.73920180057,0.));
#1071 = ( GEOMETRIC_REPRESENTATION_CONTEXT(2) 
PARAMETRIC_REPRESENTATION_CONTEXT() REPRESENTATION_CONTEXT('2D SPACE',''
  ) );
#1072 = ORIENTED_EDGE('',*,*,#1073,.T.);
#1073 = EDGE_CURVE('',#976,#1074,#1076,.T.);
#1074 = VERTEX_POINT('',#1075);
#1075 = CARTESIAN_POINT('',(-53.00002161396,25.854826125306,
    14.428797316096));
#1076 = SURFACE_CURVE('',#1077,(#1082,#1093),.PCURVE_S1.);
#1077 = CIRCLE('',#1078,1.00000000175);
#1078 = AXIS2_PLACEMENT_3D('',#1079,#1080,#1081);
#1079 = CARTESIAN_POINT('',(-53.00002161396,26.156961616613,
    13.475532322302));
#1080 = DIRECTION('',(-1.,8.650134997352E-15,9.929763857515E-16));
#1081 = DIRECTION('',(-1.666943156178E-15,-7.82661455861E-02,
    -0.996932500451));
#1082 = PCURVE('',#43,#1083);
#1083 = DEFINITIONAL_REPRESENTATION('',(#1084),#1092);
#1084 = ( BOUNDED_CURVE() B_SPLINE_CURVE(2,(#1085,#1086,#1087,#1088,
#1089,#1090,#1091),.UNSPECIFIED.,.T.,.F.) B_SPLINE_CURVE_WITH_KNOTS((1,2
    ,2,2,2,1),(-2.094395102393,0.,2.094395102393,4.188790204786,
6.28318530718,8.377580409573),.UNSPECIFIED.) CURVE() 
GEOMETRIC_REPRESENTATION_ITEM() RATIONAL_B_SPLINE_CURVE((1.,0.5,1.,0.5,
1.,0.5,1.)) REPRESENTATION_ITEM('') );
#1085 = CARTESIAN_POINT('',(-34.37563068338,-3.153898394385));
#1086 = CARTESIAN_POINT('',(-36.1023684289,-3.01833745348));
#1087 = CARTESIAN_POINT('',(-35.12160033755,-1.59071917064));
#1088 = CARTESIAN_POINT('',(-34.14083224621,-0.163100887799));
#1089 = CARTESIAN_POINT('',(-33.39486259204,-1.726280111545));
#1090 = CARTESIAN_POINT('',(-32.64889293786,-3.28945933529));
#1091 = CARTESIAN_POINT('',(-34.37563068338,-3.153898394385));
#1092 = ( GEOMETRIC_REPRESENTATION_CONTEXT(2) 
PARAMETRIC_REPRESENTATION_CONTEXT() REPRESENTATION_CONTEXT('2D SPACE',''
  ) );
#1093 = PCURVE('',#1094,#1099);
#1094 = CYLINDRICAL_SURFACE('',#1095,0.99999818282);
#1095 = AXIS2_PLACEMENT_3D('',#1096,#1097,#1098);
#1096 = CARTESIAN_POINT('',(-29.00002142563,26.156962690978,
    13.475535886831));
#1097 = DIRECTION('',(1.,-2.219046018984E-15,4.317441277811E-15));
#1098 = DIRECTION('',(4.317441277811E-15,0.,-1.));
#1099 = DEFINITIONAL_REPRESENTATION('',(#1100),#1103);
#1100 = B_SPLINE_CURVE_WITH_KNOTS('',1,(#1101,#1102),.UNSPECIFIED.,.F.,
  .F.,(2,2),(0.,2.756314335517),.PIECEWISE_BEZIER_KNOTS.);
#1101 = CARTESIAN_POINT('',(6.204838244064,-24.00000018833));
#1102 = CARTESIAN_POINT('',(3.448526801764,-24.00000018833));
#1103 = ( GEOMETRIC_REPRESENTATION_CONTEXT(2) 
PARAMETRIC_REPRESENTATION_CONTEXT() REPRESENTATION_CONTEXT('2D SPACE',''
  ) );
#1104 = ORIENTED_EDGE('',*,*,#1105,.F.);
#1105 = EDGE_CURVE('',#1106,#1074,#1108,.T.);
#1106 = VERTEX_POINT('',#1107);
#1107 = CARTESIAN_POINT('',(-53.00002161396,49.65474914383,
    19.20372666649));
#1108 = SURFACE_CURVE('',#1109,(#1138,#1170),.PCURVE_S1.);
#1109 = B_SPLINE_CURVE_WITH_KNOTS('',3,(#1110,#1111,#1112,#1113,#1114,
    #1115,#1116,#1117,#1118,#1119,#1120,#1121,#1122,#1123,#1124,#1125,
    #1126,#1127,#1128,#1129,#1130,#1131,#1132,#1133,#1134,#1135,#1136,
    #1137),.UNSPECIFIED.,.F.,.F.,(4,3,3,3,3,3,3,3,3,4),(13.101812132887,
    13.21856665054,13.399757964013,13.488394864241,13.53192831857,
    13.575789019941,13.994988129838,15.003031654644,15.256977037785,
    16.079464684086),.UNSPECIFIED.);
#1110 = CARTESIAN_POINT('',(-53.00002161396,49.65474914383,
    19.20372666649));
#1111 = CARTESIAN_POINT('',(-53.00002161396,49.356749314062,
    19.172064301865));
#1112 = CARTESIAN_POINT('',(-53.00002161396,49.058049587269,
    19.139343982605));
#1113 = CARTESIAN_POINT('',(-53.00002161396,48.758572140615,
    19.105532858826));
#1114 = CARTESIAN_POINT('',(-53.00002161396,48.293805858868,
    19.053060559306));
#1115 = CARTESIAN_POINT('',(-53.00002161396,47.827141818683,
    18.997959368717));
#1116 = CARTESIAN_POINT('',(-53.00002161396,47.358288970689,
    18.940113065795));
#1117 = CARTESIAN_POINT('',(-53.00002161396,47.128929937821,
    18.91181512082));
#1118 = CARTESIAN_POINT('',(-53.00002161396,46.899043755828,
    18.882859916859));
#1119 = CARTESIAN_POINT('',(-53.00002161396,46.668596359665,
    18.853234306042));
#1120 = CARTESIAN_POINT('',(-53.00002161396,46.555413433854,
    18.838683856061));
#1121 = CARTESIAN_POINT('',(-53.00002161396,46.442094714613,
    18.823971640586));
#1122 = CARTESIAN_POINT('',(-53.00002161396,46.328636166859,
    18.809096130427));
#1123 = CARTESIAN_POINT('',(-53.00002161396,46.214324736724,
    18.794108799159));
#1124 = CARTESIAN_POINT('',(-53.00002161396,46.099871082656,
    18.7789556715));
#1125 = CARTESIAN_POINT('',(-53.00002161396,45.985271078384,
    18.763635203403));
#1126 = CARTESIAN_POINT('',(-53.00002161396,44.887291466125,
    18.616850203454));
#1127 = CARTESIAN_POINT('',(-53.00002161396,43.777101030646,
    18.45604040258));
#1128 = CARTESIAN_POINT('',(-53.00002161396,42.651100527312,
    18.278856768209));
#1129 = CARTESIAN_POINT('',(-53.00002161396,39.945341518131,
    17.853087673472));
#1130 = CARTESIAN_POINT('',(-53.00002161396,37.150881464689,
    17.330829142049));
#1131 = CARTESIAN_POINT('',(-53.00002161396,34.414292456293,
    16.717734153212));
#1132 = CARTESIAN_POINT('',(-53.00002161396,33.724486746462,
    16.563192706663));
#1133 = CARTESIAN_POINT('',(-53.00002161396,33.036895698897,
    16.402686273745));
#1134 = CARTESIAN_POINT('',(-53.00002161396,32.352711598296,
    16.23617964989));
#1135 = CARTESIAN_POINT('',(-53.00002161396,30.136295549737,
    15.696781039225));
#1136 = CARTESIAN_POINT('',(-53.00002161396,27.956485848919,
    15.094914269419));
#1137 = CARTESIAN_POINT('',(-53.00002161396,25.854826125306,
    14.428797316095));
#1138 = PCURVE('',#43,#1139);
#1139 = DEFINITIONAL_REPRESENTATION('',(#1140),#1169);
#1140 = B_SPLINE_CURVE_WITH_KNOTS('',3,(#1141,#1142,#1143,#1144,#1145,
    #1146,#1147,#1148,#1149,#1150,#1151,#1152,#1153,#1154,#1155,#1156,
    #1157,#1158,#1159,#1160,#1161,#1162,#1163,#1164,#1165,#1166,#1167,
    #1168),.UNSPECIFIED.,.F.,.F.,(4,3,3,3,3,3,3,3,3,4),(13.101812132887,
    13.21856665054,13.399757964013,13.488394864241,13.53192831857,
    13.575789019941,13.994988129838,15.003031654644,15.256977037785,
    16.079464684086),.UNSPECIFIED.);
#1141 = CARTESIAN_POINT('',(-10.79957701044,3.571228451998));
#1142 = CARTESIAN_POINT('',(-11.09757684021,3.539566087373));
#1143 = CARTESIAN_POINT('',(-11.396276567,3.506845768113));
#1144 = CARTESIAN_POINT('',(-11.69575401365,3.473034644334));
#1145 = CARTESIAN_POINT('',(-12.1605202954,3.420562344814));
#1146 = CARTESIAN_POINT('',(-12.62718433559,3.365461154225));
#1147 = CARTESIAN_POINT('',(-13.09603718358,3.307614851303));
#1148 = CARTESIAN_POINT('',(-13.32539621645,3.279316906328));
#1149 = CARTESIAN_POINT('',(-13.55528239844,3.250361702367));
#1150 = CARTESIAN_POINT('',(-13.7857297946,3.22073609155));
#1151 = CARTESIAN_POINT('',(-13.89891272042,3.206185641569));
#1152 = CARTESIAN_POINT('',(-14.01223143966,3.191473426094));
#1153 = CARTESIAN_POINT('',(-14.12568998741,3.176597915935));
#1154 = CARTESIAN_POINT('',(-14.24000141755,3.161610584667));
#1155 = CARTESIAN_POINT('',(-14.35445507161,3.146457457008));
#1156 = CARTESIAN_POINT('',(-14.46905507589,3.131136988911));
#1157 = CARTESIAN_POINT('',(-15.56703468814,2.984351988962));
#1158 = CARTESIAN_POINT('',(-16.67722512362,2.823542188088));
#1159 = CARTESIAN_POINT('',(-17.80322562696,2.646358553717));
#1160 = CARTESIAN_POINT('',(-20.50898463614,2.22058945898));
#1161 = CARTESIAN_POINT('',(-23.30344468958,1.698330927557));
#1162 = CARTESIAN_POINT('',(-26.04003369798,1.08523593872));
#1163 = CARTESIAN_POINT('',(-26.72983940781,0.930694492171));
#1164 = CARTESIAN_POINT('',(-27.41743045537,0.770188059253));
#1165 = CARTESIAN_POINT('',(-28.10161455597,0.603681435398));
#1166 = CARTESIAN_POINT('',(-30.31803060453,6.4282824733E-02));
#1167 = CARTESIAN_POINT('',(-32.49784030535,-0.537583945073));
#1168 = CARTESIAN_POINT('',(-34.59950002896,-1.203700898397));
#1169 = ( GEOMETRIC_REPRESENTATION_CONTEXT(2) 
PARAMETRIC_REPRESENTATION_CONTEXT() REPRESENTATION_CONTEXT('2D SPACE',''
  ) );
#1170 = PCURVE('',#1171,#1186);
#1171 = B_SPLINE_SURFACE_WITH_KNOTS('',3,1,(
    (#1172,#1173)
    ,(#1174,#1175)
    ,(#1176,#1177)
    ,(#1178,#1179)
    ,(#1180,#1181)
    ,(#1182,#1183)
    ,(#1184,#1185
    )),.UNSPECIFIED.,.F.,.F.,.F.,(4,1,1,1,4),(2,2),(13.101812134027,
    13.846225271581,14.590638409135,15.335051546689,16.079464684243),(0.
    ,1.),.UNSPECIFIED.);
#1172 = CARTESIAN_POINT('',(-53.00002161396,49.654749135105,
    19.203726665563));
#1173 = CARTESIAN_POINT('',(-43.00002161396,49.654749135105,
    19.203726665563));
#1174 = CARTESIAN_POINT('',(-53.00002161396,47.754737103559,
    19.001851134901));
#1175 = CARTESIAN_POINT('',(-43.00002161396,47.754737103559,
    19.001851134902));
#1176 = CARTESIAN_POINT('',(-53.00002161396,43.897325495737,
    18.511511850004));
#1177 = CARTESIAN_POINT('',(-43.00002161396,43.897325495737,
    18.511511850004));
#1178 = CARTESIAN_POINT('',(-53.00002161396,37.791573635539,
    17.475386982002));
#1179 = CARTESIAN_POINT('',(-43.00002161396,37.791573635539,
    17.475386982002));
#1180 = CARTESIAN_POINT('',(-53.00002161396,31.688084092203,
    16.132109469832));
#1181 = CARTESIAN_POINT('',(-43.00002161396,31.688084092203,
    16.132109469832));
#1182 = CARTESIAN_POINT('',(-53.00002161396,27.756986133366,
    15.031683223424));
#1183 = CARTESIAN_POINT('',(-43.00002161396,27.756986133366,
    15.031683223424));
#1184 = CARTESIAN_POINT('',(-53.00002161396,25.854826124108,
    14.428797315716));
#1185 = CARTESIAN_POINT('',(-43.00002161396,25.854826124108,
    14.428797315716));
#1186 = DEFINITIONAL_REPRESENTATION('',(#1187),#1235);
#1187 = B_SPLINE_CURVE_WITH_KNOTS('',3,(#1188,#1189,#1190,#1191,#1192,
    #1193,#1194,#1195,#1196,#1197,#1198,#1199,#1200,#1201,#1202,#1203,
    #1204,#1205,#1206,#1207,#1208,#1209,#1210,#1211,#1212,#1213,#1214,
    #1215,#1216,#1217,#1218,#1219,#1220,#1221,#1222,#1223,#1224,#1225,
    #1226,#1227,#1228,#1229,#1230,#1231,#1232,#1233,#1234),
  .UNSPECIFIED.,.F.,.F.,(4,1,1,1,1,1,1,1,1,1,1,1,1,1,1,1,1,1,1,1,1,1,1,1
    ,1,1,1,1,1,1,1,1,1,1,1,1,1,1,1,1,1,1,1,1,4),(13.101812132887,
    13.169486054505,13.237159976123,13.304833897741,13.37250781936,
    13.440181740978,13.507855662596,13.575529584214,13.643203505832,
    13.71087742745,13.778551349069,13.846225270687,13.913899192305,
    13.981573113923,14.049247035541,14.116920957159,14.184594878778,
    14.252268800396,14.319942722014,14.387616643632,14.45529056525,
    14.522964486868,14.590638408486,14.658312330105,14.725986251723,
    14.793660173341,14.861334094959,14.929008016577,14.996681938195,
    15.064355859814,15.132029781432,15.19970370305,15.267377624668,
    15.335051546286,15.402725467904,15.470399389523,15.538073311141,
    15.605747232759,15.673421154377,15.741095075995,15.808768997613,
    15.876442919232,15.94411684085,16.011790762468,16.079464684086),
  .UNSPECIFIED.);
#1188 = CARTESIAN_POINT('',(13.101812134027,0.));
#1189 = CARTESIAN_POINT('',(13.124370305087,2.757555090792E-17));
#1190 = CARTESIAN_POINT('',(13.16948542146,-1.161432223924E-16));
#1191 = CARTESIAN_POINT('',(13.23715421835,-5.592643749398E-16));
#1192 = CARTESIAN_POINT('',(13.304819524621,5.052969169002E-16));
#1193 = CARTESIAN_POINT('',(13.372479671168,3.121027529778E-17));
#1194 = CARTESIAN_POINT('',(13.440126321615,-5.913445263083E-17));
#1195 = CARTESIAN_POINT('',(13.507783392985,-1.495465271404E-16));
#1196 = CARTESIAN_POINT('',(13.575356558235,-6.340128156764E-16));
#1197 = CARTESIAN_POINT('',(13.643189882271,4.37915945867E-16));
#1198 = CARTESIAN_POINT('',(13.710902205639,-8.152664405075E-17));
#1199 = CARTESIAN_POINT('',(13.778592320939,-7.204166750591E-17));
#1200 = CARTESIAN_POINT('',(13.846233358375,-5.946120115463E-16));
#1201 = CARTESIAN_POINT('',(13.913825869687,4.821114991671E-16));
#1202 = CARTESIAN_POINT('',(13.981430548514,-3.85240890183E-17));
#1203 = CARTESIAN_POINT('',(14.049011947726,-2.595293081122E-17));
#1204 = CARTESIAN_POINT('',(14.116629631743,-5.428043700498E-16));
#1205 = CARTESIAN_POINT('',(14.184278202546,5.292471741091E-16));
#1206 = CARTESIAN_POINT('',(14.251954657311,4.103006712312E-17));
#1207 = CARTESIAN_POINT('',(14.31965547102,-5.694415262999E-17));
#1208 = CARTESIAN_POINT('',(14.387377358532,-1.5509664797E-16));
#1209 = CARTESIAN_POINT('',(14.455117050242,-6.426303705514E-16));
#1210 = CARTESIAN_POINT('',(14.522871337727,4.275628016288E-16));
#1211 = CARTESIAN_POINT('',(14.590637028919,-8.051296700665E-17));
#1212 = CARTESIAN_POINT('',(14.658410997512,-9.649628170204E-17));
#1213 = CARTESIAN_POINT('',(14.726179675236,-5.025804713419E-16));
#1214 = CARTESIAN_POINT('',(14.793930261248,1.596463848561E-16));
#1215 = CARTESIAN_POINT('',(14.861647305431,1.201986347208E-15));
#1216 = CARTESIAN_POINT('',(14.929325297388,-3.444371608929E-16));
#1217 = CARTESIAN_POINT('',(14.996921553499,-4.424327224597E-16));
#1218 = CARTESIAN_POINT('',(15.064531909536,5.178798148513E-16));
#1219 = CARTESIAN_POINT('',(15.132147673863,5.978842467786E-17));
#1220 = CARTESIAN_POINT('',(15.199768784375,-4.625176899624E-17));
#1221 = CARTESIAN_POINT('',(15.267396998836,-1.420928211833E-16));
#1222 = CARTESIAN_POINT('',(15.335051237972,-6.307816358178E-16));
#1223 = CARTESIAN_POINT('',(15.402707326994,4.417214578505E-16));
#1224 = CARTESIAN_POINT('',(15.470371257611,-7.443890468452E-17));
#1225 = CARTESIAN_POINT('',(15.538040162651,-6.03937652696E-17));
#1226 = CARTESIAN_POINT('',(15.605713549124,-5.785071774511E-16));
#1227 = CARTESIAN_POINT('',(15.673390286261,5.018081148032E-16));
#1228 = CARTESIAN_POINT('',(15.741069410534,-1.617644452889E-17));
#1229 = CARTESIAN_POINT('',(15.808749907937,-2.646716511684E-18));
#1230 = CARTESIAN_POINT('',(15.876430770467,-5.168742863053E-16));
#1231 = CARTESIAN_POINT('',(15.94411097874,5.48413047795E-16));
#1232 = CARTESIAN_POINT('',(16.011789506098,8.665447869138E-17));
#1233 = CARTESIAN_POINT('',(16.056906709297,-4.424303780375E-17));
#1234 = CARTESIAN_POINT('',(16.079464684243,0.));
#1235 = ( GEOMETRIC_REPRESENTATION_CONTEXT(2) 
PARAMETRIC_REPRESENTATION_CONTEXT() REPRESENTATION_CONTEXT('2D SPACE',''
  ) );
#1236 = ORIENTED_EDGE('',*,*,#1237,.T.);
#1237 = EDGE_CURVE('',#1106,#911,#1238,.T.);
#1238 = SURFACE_CURVE('',#1239,(#1244,#1255),.PCURVE_S1.);
#1239 = CIRCLE('',#1240,1.000000290949);
#1240 = AXIS2_PLACEMENT_3D('',#1241,#1242,#1243);
#1241 = CARTESIAN_POINT('',(-53.00002161396,49.760403676381,
    18.209323477814));
#1242 = DIRECTION('',(-1.,0.,0.));
#1243 = DIRECTION('',(0.,-0.105654501811,0.994402899356));
#1244 = PCURVE('',#43,#1245);
#1245 = DEFINITIONAL_REPRESENTATION('',(#1246),#1254);
#1246 = ( BOUNDED_CURVE() B_SPLINE_CURVE(2,(#1247,#1248,#1249,#1250,
#1251,#1252,#1253),.UNSPECIFIED.,.T.,.F.) B_SPLINE_CURVE_WITH_KNOTS((1,2
    ,2,2,2,1),(-2.094395102393,0.,2.094395102393,4.188790204786,
6.28318530718,8.377580409573),.UNSPECIFIED.) CURVE() 
GEOMETRIC_REPRESENTATION_ITEM() RATIONAL_B_SPLINE_CURVE((1.,0.5,1.,0.5,
1.,0.5,1.)) REPRESENTATION_ITEM('') );
#1247 = CARTESIAN_POINT('',(-10.79957701044,3.571228451998));
#1248 = CARTESIAN_POINT('',(-9.077220164448,3.754227470427));
#1249 = CARTESIAN_POINT('',(-9.77991678862,2.171123178198));
#1250 = CARTESIAN_POINT('',(-10.48261341279,0.588018885969));
#1251 = CARTESIAN_POINT('',(-11.50227363461,1.98812415977));
#1252 = CARTESIAN_POINT('',(-12.52193385644,3.38822943357));
#1253 = CARTESIAN_POINT('',(-10.79957701044,3.571228451998));
#1254 = ( GEOMETRIC_REPRESENTATION_CONTEXT(2) 
PARAMETRIC_REPRESENTATION_CONTEXT() REPRESENTATION_CONTEXT('2D SPACE',''
  ) );
#1255 = PCURVE('',#1256,#1261);
#1256 = CYLINDRICAL_SURFACE('',#1257,0.999995614324);
#1257 = AXIS2_PLACEMENT_3D('',#1258,#1259,#1260);
#1258 = CARTESIAN_POINT('',(-29.00002142563,49.760408499566,
    18.209323686609));
#1259 = DIRECTION('',(1.,-1.704582862593E-15,4.276941415795E-15));
#1260 = DIRECTION('',(4.276941415795E-15,0.,-1.));
#1261 = DEFINITIONAL_REPRESENTATION('',(#1262),#1265);
#1262 = B_SPLINE_CURVE_WITH_KNOTS('',1,(#1263,#1264),.UNSPECIFIED.,.F.,
  .F.,(2,2),(0.,1.913102078511),.PIECEWISE_BEZIER_KNOTS.);
#1263 = CARTESIAN_POINT('',(3.247449535654,-24.00000018833));
#1264 = CARTESIAN_POINT('',(1.334341306044,-24.00000018833));
#1265 = ( GEOMETRIC_REPRESENTATION_CONTEXT(2) 
PARAMETRIC_REPRESENTATION_CONTEXT() REPRESENTATION_CONTEXT('2D SPACE',''
  ) );
#1266 = FACE_BOUND('',#1267,.F.);
#1267 = EDGE_LOOP('',(#1268));
#1268 = ORIENTED_EDGE('',*,*,#21,.F.);
#1269 = ADVANCED_FACE('',(#1270,#1273),#78,.F.);
#1270 = FACE_BOUND('',#1271,.F.);
#1271 = EDGE_LOOP('',(#1272));
#1272 = ORIENTED_EDGE('',*,*,#57,.F.);
#1273 = FACE_BOUND('',#1274,.F.);
#1274 = EDGE_LOOP('',(#1275));
#1275 = ORIENTED_EDGE('',*,*,#1276,.F.);
#1276 = EDGE_CURVE('',#1277,#1277,#1279,.T.);
#1277 = VERTEX_POINT('',#1278);
#1278 = CARTESIAN_POINT('',(-53.00002161396,60.454326154274,
    18.232498214492));
#1279 = SURFACE_CURVE('',#1280,(#1285,#1292),.PCURVE_S1.);
#1280 = CIRCLE('',#1281,2.6);
#1281 = AXIS2_PLACEMENT_3D('',#1282,#1283,#1284);
#1282 = CARTESIAN_POINT('',(-53.00002161396,60.454326154274,
    15.632498214492));
#1283 = DIRECTION('',(1.,0.,0.));
#1284 = DIRECTION('',(-0.,0.,1.));
#1285 = PCURVE('',#78,#1286);
#1286 = DEFINITIONAL_REPRESENTATION('',(#1287),#1291);
#1287 = CIRCLE('',#1288,2.6);
#1288 = AXIS2_PLACEMENT_2D('',#1289,#1290);
#1289 = CARTESIAN_POINT('',(0.,0.));
#1290 = DIRECTION('',(1.,0.));
#1291 = ( GEOMETRIC_REPRESENTATION_CONTEXT(2) 
PARAMETRIC_REPRESENTATION_CONTEXT() REPRESENTATION_CONTEXT('2D SPACE',''
  ) );
#1292 = PCURVE('',#1293,#1298);
#1293 = CYLINDRICAL_SURFACE('',#1294,2.6);
#1294 = AXIS2_PLACEMENT_3D('',#1295,#1296,#1297);
#1295 = CARTESIAN_POINT('',(-54.00002161396,60.454326154274,
    15.632498214492));
#1296 = DIRECTION('',(1.,0.,0.));
#1297 = DIRECTION('',(-0.,0.,1.));
#1298 = DEFINITIONAL_REPRESENTATION('',(#1299),#1303);
#1299 = LINE('',#1300,#1301);
#1300 = CARTESIAN_POINT('',(0.,1.));
#1301 = VECTOR('',#1302,1.);
#1302 = DIRECTION('',(1.,0.));
#1303 = ( GEOMETRIC_REPRESENTATION_CONTEXT(2) 
PARAMETRIC_REPRESENTATION_CONTEXT() REPRESENTATION_CONTEXT('2D SPACE',''
  ) );
#1304 = ADVANCED_FACE('',(#1305),#115,.F.);
#1305 = FACE_BOUND('',#1306,.T.);
#1306 = EDGE_LOOP('',(#1307,#1308,#1330,#1358));
#1307 = ORIENTED_EDGE('',*,*,#97,.T.);
#1308 = ORIENTED_EDGE('',*,*,#1309,.T.);
#1309 = EDGE_CURVE('',#100,#1310,#1312,.T.);
#1310 = VERTEX_POINT('',#1311);
#1311 = CARTESIAN_POINT('',(-43.00002161396,117.70004396053,
    21.562572539369));
#1312 = SURFACE_CURVE('',#1313,(#1317,#1324),.PCURVE_S1.);
#1313 = LINE('',#1314,#1315);
#1314 = CARTESIAN_POINT('',(-48.00002161396,117.70004396053,
    21.562572539369));
#1315 = VECTOR('',#1316,1.);
#1316 = DIRECTION('',(1.,0.,7.578661487204E-16));
#1317 = PCURVE('',#115,#1318);
#1318 = DEFINITIONAL_REPRESENTATION('',(#1319),#1323);
#1319 = LINE('',#1320,#1321);
#1320 = CARTESIAN_POINT('',(0.,0.));
#1321 = VECTOR('',#1322,1.);
#1322 = DIRECTION('',(-8.825341300742E-17,1.));
#1323 = ( GEOMETRIC_REPRESENTATION_CONTEXT(2) 
PARAMETRIC_REPRESENTATION_CONTEXT() REPRESENTATION_CONTEXT('2D SPACE',''
  ) );
#1324 = PCURVE('',#165,#1325);
#1325 = DEFINITIONAL_REPRESENTATION('',(#1326),#1329);
#1326 = B_SPLINE_CURVE_WITH_KNOTS('',1,(#1327,#1328),.UNSPECIFIED.,.F.,
  .F.,(2,2),(-5.,5.),.PIECEWISE_BEZIER_KNOTS.);
#1327 = CARTESIAN_POINT('',(-0.609089391015,1.));
#1328 = CARTESIAN_POINT('',(-0.609089391015,2.029843307426E-16));
#1329 = ( GEOMETRIC_REPRESENTATION_CONTEXT(2) 
PARAMETRIC_REPRESENTATION_CONTEXT() REPRESENTATION_CONTEXT('2D SPACE',''
  ) );
#1330 = ORIENTED_EDGE('',*,*,#1331,.T.);
#1331 = EDGE_CURVE('',#1310,#1332,#1334,.T.);
#1332 = VERTEX_POINT('',#1333);
#1333 = CARTESIAN_POINT('',(-43.00002161396,122.70053261988,
    20.976277477926));
#1334 = SURFACE_CURVE('',#1335,(#1339,#1346),.PCURVE_S1.);
#1335 = LINE('',#1336,#1337);
#1336 = CARTESIAN_POINT('',(-43.00002161396,122.70053261988,
    20.976277477926));
#1337 = VECTOR('',#1338,1.);
#1338 = DIRECTION('',(3.917086905266E-31,0.993196570793,-0.116449868036)
  );
#1339 = PCURVE('',#115,#1340);
#1340 = DEFINITIONAL_REPRESENTATION('',(#1341),#1345);
#1341 = LINE('',#1342,#1343);
#1342 = CARTESIAN_POINT('',(5.034742171289,5.));
#1343 = VECTOR('',#1344,1.);
#1344 = DIRECTION('',(1.,6.162975822039E-32));
#1345 = ( GEOMETRIC_REPRESENTATION_CONTEXT(2) 
PARAMETRIC_REPRESENTATION_CONTEXT() REPRESENTATION_CONTEXT('2D SPACE',''
  ) );
#1346 = PCURVE('',#1347,#1352);
#1347 = PLANE('',#1348);
#1348 = AXIS2_PLACEMENT_3D('',#1349,#1350,#1351);
#1349 = CARTESIAN_POINT('',(-43.00002161396,102.42593485547,
    9.55975999943));
#1350 = DIRECTION('',(1.,-1.418142915995E-16,7.578661487847E-16));
#1351 = DIRECTION('',(1.418142915995E-16,1.,0.));
#1352 = DEFINITIONAL_REPRESENTATION('',(#1353),#1357);
#1353 = LINE('',#1354,#1355);
#1354 = CARTESIAN_POINT('',(20.27459776441,11.416517478496));
#1355 = VECTOR('',#1356,1.);
#1356 = DIRECTION('',(0.993196570793,-0.116449868036));
#1357 = ( GEOMETRIC_REPRESENTATION_CONTEXT(2) 
PARAMETRIC_REPRESENTATION_CONTEXT() REPRESENTATION_CONTEXT('2D SPACE',''
  ) );
#1358 = ORIENTED_EDGE('',*,*,#1359,.F.);
#1359 = EDGE_CURVE('',#98,#1332,#1360,.T.);
#1360 = SURFACE_CURVE('',#1361,(#1365,#1372),.PCURVE_S1.);
#1361 = LINE('',#1362,#1363);
#1362 = CARTESIAN_POINT('',(-48.00002161396,122.70053261988,
    20.976277477926));
#1363 = VECTOR('',#1364,1.);
#1364 = DIRECTION('',(1.,0.,7.578661487204E-16));
#1365 = PCURVE('',#115,#1366);
#1366 = DEFINITIONAL_REPRESENTATION('',(#1367),#1371);
#1367 = LINE('',#1368,#1369);
#1368 = CARTESIAN_POINT('',(5.034742171289,-1.33120277756E-30));
#1369 = VECTOR('',#1370,1.);
#1370 = DIRECTION('',(-8.825341300742E-17,1.));
#1371 = ( GEOMETRIC_REPRESENTATION_CONTEXT(2) 
PARAMETRIC_REPRESENTATION_CONTEXT() REPRESENTATION_CONTEXT('2D SPACE',''
  ) );
#1372 = PCURVE('',#755,#1373);
#1373 = DEFINITIONAL_REPRESENTATION('',(#1374),#1377);
#1374 = B_SPLINE_CURVE_WITH_KNOTS('',1,(#1375,#1376),.UNSPECIFIED.,.F.,
  .F.,(2,2),(-5.,5.),.PIECEWISE_BEZIER_KNOTS.);
#1375 = CARTESIAN_POINT('',(-0.444412987997,0.99999999998));
#1376 = CARTESIAN_POINT('',(-0.444412987997,-7.177418381854E-17));
#1377 = ( GEOMETRIC_REPRESENTATION_CONTEXT(2) 
PARAMETRIC_REPRESENTATION_CONTEXT() REPRESENTATION_CONTEXT('2D SPACE',''
  ) );
#1378 = ADVANCED_FACE('',(#1379),#755,.F.);
#1379 = FACE_BOUND('',#1380,.F.);
#1380 = EDGE_LOOP('',(#1381,#1524,#1525,#1526));
#1381 = ORIENTED_EDGE('',*,*,#1382,.F.);
#1382 = EDGE_CURVE('',#1332,#1383,#1385,.T.);
#1383 = VERTEX_POINT('',#1384);
#1384 = CARTESIAN_POINT('',(-43.00002161396,194.25752781042,
    7.697199955412));
#1385 = SURFACE_CURVE('',#1386,(#1417,#1490),.PCURVE_S1.);
#1386 = B_SPLINE_CURVE_WITH_KNOTS('',3,(#1387,#1388,#1389,#1390,#1391,
    #1392,#1393,#1394,#1395,#1396,#1397,#1398,#1399,#1400,#1401,#1402,
    #1403,#1404,#1405,#1406,#1407,#1408,#1409,#1410,#1411,#1412,#1413,
    #1414,#1415,#1416),.UNSPECIFIED.,.F.,.F.,(4,2,2,2,2,2,2,2,2,2,2,2,2,
    2,4),(-0.388380050794,-0.343581456277,-0.3271012045,-0.277780948738,
    -0.261496408443,-0.244809137743,-0.211021906076,-0.188033623072,
    -0.174666177978,-0.139158905291,-0.118511799199,-9.478940306267E-02,
    -7.909669625515E-02,-6.648528014399E-02,0.),.UNSPECIFIED.);
#1387 = CARTESIAN_POINT('',(-43.00002161396,122.70053261988,
    20.976277477926));
#1388 = CARTESIAN_POINT('',(-43.00002161396,125.38729359978,
    20.647651012066));
#1389 = CARTESIAN_POINT('',(-43.00002161396,128.30015016902,
    20.267888241971));
#1390 = CARTESIAN_POINT('',(-43.00002161396,132.05116660344,
    19.745869990134));
#1391 = CARTESIAN_POINT('',(-43.00002161396,133.01066631632,
    19.609405788821));
#1392 = CARTESIAN_POINT('',(-43.00002161396,136.9775468609,
    19.033614621901));
#1393 = CARTESIAN_POINT('',(-43.00002161396,140.22301621542,
    18.532845443994));
#1394 = CARTESIAN_POINT('',(-43.00002161396,144.24596918224,
    17.876624584752));
#1395 = CARTESIAN_POINT('',(-43.00002161396,145.19413135084,
    17.719305464182));
#1396 = CARTESIAN_POINT('',(-43.00002161396,147.16595579661,
    17.387058575413));
#1397 = CARTESIAN_POINT('',(-43.00002161396,148.19457594896,
    17.210998596571));
#1398 = CARTESIAN_POINT('',(-43.00002161396,151.34783296193,
    16.662432473644));
#1399 = CARTESIAN_POINT('',(-43.00002161396,153.51762843304,
    16.272665522279));
#1400 = CARTESIAN_POINT('',(-43.00002161396,156.98851752318,
    15.631712431347));
#1401 = CARTESIAN_POINT('',(-43.00002161396,158.31051483153,
    15.383134852643));
#1402 = CARTESIAN_POINT('',(-43.00002161396,160.5166053353,
    14.961412090213));
#1403 = CARTESIAN_POINT('',(-43.00002161396,161.34121488446,
    14.802254954705));
#1404 = CARTESIAN_POINT('',(-43.00002161396,164.37977433186,
    14.210091832403));
#1405 = CARTESIAN_POINT('',(-43.00002161396,166.63494670643,
    13.759291191668));
#1406 = CARTESIAN_POINT('',(-43.00002161396,170.036802088,13.06445053961
    ));
#1407 = CARTESIAN_POINT('',(-43.00002161396,171.25532201886,
    12.812506025125));
#1408 = CARTESIAN_POINT('',(-43.00002161396,173.95430437565,
    12.247983870902));
#1409 = CARTESIAN_POINT('',(-43.00002161396,175.41968202845,
    11.937451844217));
#1410 = CARTESIAN_POINT('',(-43.00002161396,177.87017382628,
    11.411543098283));
#1411 = CARTESIAN_POINT('',(-43.00002161396,178.8384203006,
    11.201824863818));
#1412 = CARTESIAN_POINT('',(-43.00002161396,180.57090879122,
    10.823290665515));
#1413 = CARTESIAN_POINT('',(-43.00002161396,181.33746997158,
    10.654619270236));
#1414 = CARTESIAN_POINT('',(-43.00002161396,186.11818993506,
    9.595560626892));
#1415 = CARTESIAN_POINT('',(-43.00002161396,190.38212903,8.615912277803)
  );
#1416 = CARTESIAN_POINT('',(-43.00002161396,194.25752781042,
    7.697199955412));
#1417 = PCURVE('',#755,#1418);
#1418 = DEFINITIONAL_REPRESENTATION('',(#1419),#1489);
#1419 = B_SPLINE_CURVE_WITH_KNOTS('',3,(#1420,#1421,#1422,#1423,#1424,
    #1425,#1426,#1427,#1428,#1429,#1430,#1431,#1432,#1433,#1434,#1435,
    #1436,#1437,#1438,#1439,#1440,#1441,#1442,#1443,#1444,#1445,#1446,
    #1447,#1448,#1449,#1450,#1451,#1452,#1453,#1454,#1455,#1456,#1457,
    #1458,#1459,#1460,#1461,#1462,#1463,#1464,#1465,#1466,#1467,#1468,
    #1469,#1470,#1471,#1472,#1473,#1474,#1475,#1476,#1477,#1478,#1479,
    #1480,#1481,#1482,#1483,#1484,#1485,#1486,#1487,#1488),
  .UNSPECIFIED.,.F.,.F.,(4,1,1,1,1,1,1,1,1,1,1,1,1,1,1,1,1,1,1,1,1,1,1,1
    ,1,1,1,1,1,1,1,1,1,1,1,1,1,1,1,1,1,1,1,1,1,1,1,1,1,1,1,1,1,1,1,1,1,1
    ,1,1,1,1,1,1,1,1,4),(-0.388380050794,-0.38249550457,-0.376610958346,
    -0.370726412122,-0.364841865897,-0.358957319673,-0.353072773449,
    -0.347188227225,-0.341303681001,-0.335419134777,-0.329534588552,
    -0.323650042328,-0.317765496104,-0.31188094988,-0.305996403656,
    -0.300111857432,-0.294227311208,-0.288342764983,-0.282458218759,
    -0.276573672535,-0.270689126311,-0.264804580087,-0.258920033863,
    -0.253035487639,-0.247150941414,-0.24126639519,-0.235381848966,
    -0.229497302742,-0.223612756518,-0.217728210294,-0.211843664069,
    -0.205959117845,-0.200074571621,-0.194190025397,-0.188305479173,
    -0.182420932949,-0.176536386725,-0.1706518405,-0.164767294276,
    -0.158882748052,-0.152998201828,-0.147113655604,-0.14122910938,
    -0.135344563155,-0.129460016931,-0.123575470707,-0.117690924483,
    -0.111806378259,-0.105921832035,-0.100037285811,-9.415273958642E-02,
    -8.826819336227E-02,-8.238364713812E-02,-7.649910091397E-02,
    -7.061455468982E-02,-6.473000846567E-02,-5.884546224152E-02,
    -5.296091601736E-02,-4.707636979321E-02,-4.119182356906E-02,
    -3.530727734491E-02,-2.942273112076E-02,-2.353818489661E-02,
    -1.765363867245E-02,-1.17690924483E-02,-5.884546224152E-03,0.),
  .UNSPECIFIED.);
#1420 = CARTESIAN_POINT('',(-0.444412987997,0.));
#1421 = CARTESIAN_POINT('',(-0.446374513776,0.));
#1422 = CARTESIAN_POINT('',(-0.450298386513,-3.523998718414E-34));
#1423 = CARTESIAN_POINT('',(-0.456184867424,1.233399551445E-33));
#1424 = CARTESIAN_POINT('',(-0.462070141529,-4.581198333938E-33));
#1425 = CARTESIAN_POINT('',(-0.46795263427,1.709139378431E-32));
#1426 = CARTESIAN_POINT('',(-0.473829957788,-6.37843768033E-32));
#1427 = CARTESIAN_POINT('',(-0.479708167385,2.380461134289E-31));
#1428 = CARTESIAN_POINT('',(-0.485593077965,-8.884000769122E-31));
#1429 = CARTESIAN_POINT('',(-0.491495820369,3.31555419422E-30));
#1430 = CARTESIAN_POINT('',(-0.497369007384,-1.237381669997E-29));
#1431 = CARTESIAN_POINT('',(-0.503258924223,4.617971260565E-29));
#1432 = CARTESIAN_POINT('',(-0.509143379284,-1.723450337226E-28));
#1433 = CARTESIAN_POINT('',(-0.515026734977,6.432004222849E-28));
#1434 = CARTESIAN_POINT('',(-0.520913240465,-2.400456655417E-27));
#1435 = CARTESIAN_POINT('',(-0.526802130078,8.958626199383E-27));
#1436 = CARTESIAN_POINT('',(-0.53268925418,-3.343404814211E-26));
#1437 = CARTESIAN_POINT('',(-0.538571677341,1.247775663691E-25));
#1438 = CARTESIAN_POINT('',(-0.544444806861,-4.656762173342E-25));
#1439 = CARTESIAN_POINT('',(-0.55031312291,1.737927302968E-24));
#1440 = CARTESIAN_POINT('',(-0.556244068409,-6.486032994537E-24));
#1441 = CARTESIAN_POINT('',(-0.56212709673,2.420620467518E-23));
#1442 = CARTESIAN_POINT('',(-0.567972278431,-9.033878570618E-23));
#1443 = CARTESIAN_POINT('',(-0.573851583271,3.371489381495E-22));
#1444 = CARTESIAN_POINT('',(-0.579768125531,-1.258256966892E-21));
#1445 = CARTESIAN_POINT('',(-0.585647848202,4.695878929418E-21));
#1446 = CARTESIAN_POINT('',(-0.591524294118,-1.752525875078E-20));
#1447 = CARTESIAN_POINT('',(-0.59740611443,6.540515607371E-20));
#1448 = CARTESIAN_POINT('',(-0.603290834698,-2.44095365544E-19));
#1449 = CARTESIAN_POINT('',(-0.609178094559,9.109763061025E-19));
#1450 = CARTESIAN_POINT('',(-0.615063998023,-3.399809858866E-18));
#1451 = CARTESIAN_POINT('',(-0.620956929966,1.268826312936E-17));
#1452 = CARTESIAN_POINT('',(-0.626830840812,-4.735324265858E-17));
#1453 = CARTESIAN_POINT('',(-0.632720477862,1.767247075049E-16));
#1454 = CARTESIAN_POINT('',(-0.638607584744,-6.595455873612E-16));
#1455 = CARTESIAN_POINT('',(-0.644467263526,2.46145764194E-15));
#1456 = CARTESIAN_POINT('',(-0.650368025401,-6.597721514478E-16));
#1457 = CARTESIAN_POINT('',(-0.656256446763,1.776309638513E-16));
#1458 = CARTESIAN_POINT('',(-0.662143138024,-5.075170395753E-17));
#1459 = CARTESIAN_POINT('',(-0.668020426838,2.537585197876E-17));
#1460 = CARTESIAN_POINT('',(-0.673895078625,-5.075170395753E-17));
#1461 = CARTESIAN_POINT('',(-0.679775880533,1.776309638513E-16));
#1462 = CARTESIAN_POINT('',(-0.685668465856,-6.597721514478E-16));
#1463 = CARTESIAN_POINT('',(-0.691590849462,2.46145764194E-15));
#1464 = CARTESIAN_POINT('',(-0.697489615062,-6.595455873612E-16));
#1465 = CARTESIAN_POINT('',(-0.703360079784,1.767247075049E-16));
#1466 = CARTESIAN_POINT('',(-0.709221347096,-4.735324265858E-17));
#1467 = CARTESIAN_POINT('',(-0.715096814382,1.268826312935E-17));
#1468 = CARTESIAN_POINT('',(-0.720979724916,-3.399809858874E-18));
#1469 = CARTESIAN_POINT('',(-0.726859154202,9.109763060936E-19));
#1470 = CARTESIAN_POINT('',(-0.732744734428,-2.440953655539E-19));
#1471 = CARTESIAN_POINT('',(-0.738653869909,6.540515606286E-20));
#1472 = CARTESIAN_POINT('',(-0.7445502558,-1.752525876261E-20));
#1473 = CARTESIAN_POINT('',(-0.750425741294,4.695878916599E-21));
#1474 = CARTESIAN_POINT('',(-0.756295734301,-1.258256980697E-21));
#1475 = CARTESIAN_POINT('',(-0.762180098651,3.371489233584E-22));
#1476 = CARTESIAN_POINT('',(-0.76805428147,-9.033880148343E-23));
#1477 = CARTESIAN_POINT('',(-0.773952017064,2.420618791201E-23));
#1478 = CARTESIAN_POINT('',(-0.779834831989,-6.486050744391E-24));
#1479 = CARTESIAN_POINT('',(-0.785715628809,1.737908569327E-24));
#1480 = CARTESIAN_POINT('',(-0.791598148236,-4.656959455958E-25));
#1481 = CARTESIAN_POINT('',(-0.797481797399,1.247568839205E-25));
#1482 = CARTESIAN_POINT('',(-0.803366368598,-3.345583567889E-26));
#1483 = CARTESIAN_POINT('',(-0.809251566063,8.936296745658E-27));
#1484 = CARTESIAN_POINT('',(-0.815137124745,-2.425429809897E-27));
#1485 = CARTESIAN_POINT('',(-0.82102276956,6.234275309892E-28));
#1486 = CARTESIAN_POINT('',(-0.826908220574,-2.144167967523E-28));
#1487 = CARTESIAN_POINT('',(-0.830831521376,-1.549782986715E-29));
#1488 = CARTESIAN_POINT('',(-0.832793038716,0.));
#1489 = ( GEOMETRIC_REPRESENTATION_CONTEXT(2) 
PARAMETRIC_REPRESENTATION_CONTEXT() REPRESENTATION_CONTEXT('2D SPACE',''
  ) );
#1490 = PCURVE('',#1347,#1491);
#1491 = DEFINITIONAL_REPRESENTATION('',(#1492),#1523);
#1492 = B_SPLINE_CURVE_WITH_KNOTS('',3,(#1493,#1494,#1495,#1496,#1497,
    #1498,#1499,#1500,#1501,#1502,#1503,#1504,#1505,#1506,#1507,#1508,
    #1509,#1510,#1511,#1512,#1513,#1514,#1515,#1516,#1517,#1518,#1519,
    #1520,#1521,#1522),.UNSPECIFIED.,.F.,.F.,(4,2,2,2,2,2,2,2,2,2,2,2,2,
    2,4),(-0.388380050794,-0.343581456277,-0.3271012045,-0.277780948738,
    -0.261496408443,-0.244809137743,-0.211021906076,-0.188033623072,
    -0.174666177978,-0.139158905291,-0.118511799199,-9.478940306267E-02,
    -7.909669625515E-02,-6.648528014399E-02,0.),.UNSPECIFIED.);
#1493 = CARTESIAN_POINT('',(20.27459776441,11.416517478496));
#1494 = CARTESIAN_POINT('',(22.96135874431,11.087891012636));
#1495 = CARTESIAN_POINT('',(25.87421531355,10.708128242541));
#1496 = CARTESIAN_POINT('',(29.62523174797,10.186109990704));
#1497 = CARTESIAN_POINT('',(30.58473146085,10.049645789391));
#1498 = CARTESIAN_POINT('',(34.55161200543,9.473854622471));
#1499 = CARTESIAN_POINT('',(37.79708135995,8.973085444564));
#1500 = CARTESIAN_POINT('',(41.82003432677,8.316864585322));
#1501 = CARTESIAN_POINT('',(42.76819649537,8.159545464752));
#1502 = CARTESIAN_POINT('',(44.74002094114,7.827298575983));
#1503 = CARTESIAN_POINT('',(45.76864109349,7.651238597141));
#1504 = CARTESIAN_POINT('',(48.92189810646,7.102672474214));
#1505 = CARTESIAN_POINT('',(51.09169357757,6.712905522849));
#1506 = CARTESIAN_POINT('',(54.56258266771,6.071952431917));
#1507 = CARTESIAN_POINT('',(55.88457997606,5.823374853213));
#1508 = CARTESIAN_POINT('',(58.09067047983,5.401652090783));
#1509 = CARTESIAN_POINT('',(58.91528002899,5.242494955275));
#1510 = CARTESIAN_POINT('',(61.95383947639,4.650331832973));
#1511 = CARTESIAN_POINT('',(64.20901185096,4.199531192238));
#1512 = CARTESIAN_POINT('',(67.61086723253,3.50469054018));
#1513 = CARTESIAN_POINT('',(68.82938716339,3.252746025695));
#1514 = CARTESIAN_POINT('',(71.52836952018,2.688223871472));
#1515 = CARTESIAN_POINT('',(72.99374717298,2.377691844787));
#1516 = CARTESIAN_POINT('',(75.44423897081,1.851783098853));
#1517 = CARTESIAN_POINT('',(76.41248544513,1.642064864388));
#1518 = CARTESIAN_POINT('',(78.14497393575,1.263530666085));
#1519 = CARTESIAN_POINT('',(78.91153511611,1.094859270806));
#1520 = CARTESIAN_POINT('',(83.69225507959,3.5800627462E-02));
#1521 = CARTESIAN_POINT('',(87.95619417453,-0.943847721627));
#1522 = CARTESIAN_POINT('',(91.83159295495,-1.862560044018));
#1523 = ( GEOMETRIC_REPRESENTATION_CONTEXT(2) 
PARAMETRIC_REPRESENTATION_CONTEXT() REPRESENTATION_CONTEXT('2D SPACE',''
  ) );
#1524 = ORIENTED_EDGE('',*,*,#1359,.F.);
#1525 = ORIENTED_EDGE('',*,*,#687,.F.);
#1526 = ORIENTED_EDGE('',*,*,#1527,.T.);
#1527 = EDGE_CURVE('',#660,#1383,#1528,.T.);
#1528 = SURFACE_CURVE('',#1529,(#1533,#1539),.PCURVE_S1.);
#1529 = LINE('',#1530,#1531);
#1530 = CARTESIAN_POINT('',(-53.00002161435,194.25752781121,
    7.697199955414));
#1531 = VECTOR('',#1532,1.);
#1532 = DIRECTION('',(1.,-1.7763568394E-15,4.884981308351E-15));
#1533 = PCURVE('',#755,#1534);
#1534 = DEFINITIONAL_REPRESENTATION('',(#1535),#1538);
#1535 = B_SPLINE_CURVE_WITH_KNOTS('',1,(#1536,#1537),.UNSPECIFIED.,.F.,
  .F.,(2,2),(0.,10.000000000391),.PIECEWISE_BEZIER_KNOTS.);
#1536 = CARTESIAN_POINT('',(-0.832793038795,1.00000000002));
#1537 = CARTESIAN_POINT('',(-0.832793038795,-7.177418381854E-17));
#1538 = ( GEOMETRIC_REPRESENTATION_CONTEXT(2) 
PARAMETRIC_REPRESENTATION_CONTEXT() REPRESENTATION_CONTEXT('2D SPACE',''
  ) );
#1539 = PCURVE('',#675,#1540);
#1540 = DEFINITIONAL_REPRESENTATION('',(#1541),#1545);
#1541 = LINE('',#1542,#1543);
#1542 = CARTESIAN_POINT('',(-2.000177801165E-12,-5.00000000039));
#1543 = VECTOR('',#1544,1.);
#1544 = DIRECTION('',(-4.884981308351E-15,1.));
#1545 = ( GEOMETRIC_REPRESENTATION_CONTEXT(2) 
PARAMETRIC_REPRESENTATION_CONTEXT() REPRESENTATION_CONTEXT('2D SPACE',''
  ) );
#1546 = ADVANCED_FACE('',(#1547),#165,.F.);
#1547 = FACE_BOUND('',#1548,.F.);
#1548 = EDGE_LOOP('',(#1549,#1638,#1658,#1659));
#1549 = ORIENTED_EDGE('',*,*,#1550,.F.);
#1550 = EDGE_CURVE('',#1551,#1310,#1553,.T.);
#1551 = VERTEX_POINT('',#1552);
#1552 = CARTESIAN_POINT('',(-43.00002161396,84.298053084547,
    23.945832119128));
#1553 = SURFACE_CURVE('',#1554,(#1569,#1620),.PCURVE_S1.);
#1554 = B_SPLINE_CURVE_WITH_KNOTS('',3,(#1555,#1556,#1557,#1558,#1559,
    #1560,#1561,#1562,#1563,#1564,#1565,#1566,#1567,#1568),
  .UNSPECIFIED.,.F.,.F.,(4,2,2,2,2,2,4),(-0.59332926045,-0.574944664206,
    -0.550318167277,-0.525082636324,-0.479205990006,-0.463408499707,
    -0.414491212076),.UNSPECIFIED.);
#1555 = CARTESIAN_POINT('',(-43.00002161396,84.298053084547,
    23.945832119128));
#1556 = CARTESIAN_POINT('',(-43.00002161396,85.429143551566,
    23.915053924549));
#1557 = CARTESIAN_POINT('',(-43.00002161396,86.59223577597,
    23.878593299129));
#1558 = CARTESIAN_POINT('',(-43.00002161396,89.335621051743,
    23.779491880381));
#1559 = CARTESIAN_POINT('',(-43.00002161396,90.924023855941,
    23.711993237066));
#1560 = CARTESIAN_POINT('',(-43.00002161396,94.051037766724,
    23.559063861327));
#1561 = CARTESIAN_POINT('',(-43.00002161396,95.520888706725,
    23.477565989602));
#1562 = CARTESIAN_POINT('',(-43.00002161396,99.863791957716,
    23.210007111038));
#1563 = CARTESIAN_POINT('',(-43.00002161396,102.92917973626,
    22.984756213237));
#1564 = CARTESIAN_POINT('',(-43.00002161396,106.75854224371,
    22.660056771844));
#1565 = CARTESIAN_POINT('',(-43.00002161396,107.69225030749,
    22.5773386528));
#1566 = CARTESIAN_POINT('',(-43.00002161396,111.50191235812,
    22.227402640772));
#1567 = CARTESIAN_POINT('',(-43.00002161396,114.57438652635,
    21.913097325089));
#1568 = CARTESIAN_POINT('',(-43.00002161396,117.70004396053,
    21.562572539369));
#1569 = PCURVE('',#165,#1570);
#1570 = DEFINITIONAL_REPRESENTATION('',(#1571),#1619);
#1571 = B_SPLINE_CURVE_WITH_KNOTS('',3,(#1572,#1573,#1574,#1575,#1576,
    #1577,#1578,#1579,#1580,#1581,#1582,#1583,#1584,#1585,#1586,#1587,
    #1588,#1589,#1590,#1591,#1592,#1593,#1594,#1595,#1596,#1597,#1598,
    #1599,#1600,#1601,#1602,#1603,#1604,#1605,#1606,#1607,#1608,#1609,
    #1610,#1611,#1612,#1613,#1614,#1615,#1616,#1617,#1618),
  .UNSPECIFIED.,.F.,.F.,(4,1,1,1,1,1,1,1,1,1,1,1,1,1,1,1,1,1,1,1,1,1,1,1
    ,1,1,1,1,1,1,1,1,1,1,1,1,1,1,1,1,1,1,1,1,4),(-0.59332926045,
    -0.589264759351,-0.585200258251,-0.581135757152,-0.577071256052,
    -0.573006754953,-0.568942253854,-0.564877752754,-0.560813251655,
    -0.556748750555,-0.552684249456,-0.548619748356,-0.544555247257,
    -0.540490746158,-0.536426245058,-0.532361743959,-0.528297242859,
    -0.52423274176,-0.520168240661,-0.516103739561,-0.512039238462,
    -0.507974737362,-0.503910236263,-0.499845735164,-0.495781234064,
    -0.491716732965,-0.487652231865,-0.483587730766,-0.479523229667,
    -0.475458728567,-0.471394227468,-0.467329726368,-0.463265225269,
    -0.459200724169,-0.45513622307,-0.451071721971,-0.447007220871,
    -0.442942719772,-0.438878218672,-0.434813717573,-0.430749216474,
    -0.426684715374,-0.422620214275,-0.418555713175,-0.414491212076),
  .UNSPECIFIED.);
#1572 = CARTESIAN_POINT('',(-0.430251342643,0.));
#1573 = CARTESIAN_POINT('',(-0.431606184068,2.965764275553E-17));
#1574 = CARTESIAN_POINT('',(-0.434317119795,8.361620111911E-17));
#1575 = CARTESIAN_POINT('',(-0.438385206416,1.967508325806E-16));
#1576 = CARTESIAN_POINT('',(-0.442452901406,1.97284854427E-16));
#1577 = CARTESIAN_POINT('',(-0.446518126807,6.161461892411E-16));
#1578 = CARTESIAN_POINT('',(-0.450579217848,-5.255131869084E-16));
#1579 = CARTESIAN_POINT('',(-0.454633277282,-1.065695022822E-16));
#1580 = CARTESIAN_POINT('',(-0.458681892729,-1.064692372814E-16));
#1581 = CARTESIAN_POINT('',(-0.462732300135,7.576823967558E-18));
#1582 = CARTESIAN_POINT('',(-0.466791169114,8.326622229158E-17));
#1583 = CARTESIAN_POINT('',(-0.470863526719,1.967851300459E-16));
#1584 = CARTESIAN_POINT('',(-0.474963567468,1.96114837391E-16));
#1585 = CARTESIAN_POINT('',(-0.479047331829,6.143575806522E-16));
#1586 = CARTESIAN_POINT('',(-0.483121355525,-5.277194335955E-16));
#1587 = CARTESIAN_POINT('',(-0.487185529305,-1.087464784603E-16));
#1588 = CARTESIAN_POINT('',(-0.491241754935,-1.081496082096E-16));
#1589 = CARTESIAN_POINT('',(-0.495292740153,6.813377100593E-18));
#1590 = CARTESIAN_POINT('',(-0.499337597378,8.351546320333E-17));
#1591 = CARTESIAN_POINT('',(-0.503394312856,1.979708140329E-16));
#1592 = CARTESIAN_POINT('',(-0.507460116691,1.979957042685E-16));
#1593 = CARTESIAN_POINT('',(-0.511530669599,6.166118763187E-16));
#1594 = CARTESIAN_POINT('',(-0.515602316137,-5.254585554984E-16));
#1595 = CARTESIAN_POINT('',(-0.519671391405,-1.06866420789E-16));
#1596 = CARTESIAN_POINT('',(-0.523734319223,-1.069798427521E-16));
#1597 = CARTESIAN_POINT('',(-0.527794207528,7.103109287417E-18));
#1598 = CARTESIAN_POINT('',(-0.531853903436,8.312110835605E-17));
#1599 = CARTESIAN_POINT('',(-0.535916953084,1.972039530755E-16));
#1600 = CARTESIAN_POINT('',(-0.539984540083,1.97092400703E-16));
#1601 = CARTESIAN_POINT('',(-0.544067390309,6.156936614964E-16));
#1602 = CARTESIAN_POINT('',(-0.548140335148,-5.263619332817E-16));
#1603 = CARTESIAN_POINT('',(-0.55218621899,-1.077593335005E-16));
#1604 = CARTESIAN_POINT('',(-0.556248259769,-1.078762418243E-16));
#1605 = CARTESIAN_POINT('',(-0.560306662256,6.225990807655E-18));
#1606 = CARTESIAN_POINT('',(-0.564379972045,8.222892946556E-17));
#1607 = CARTESIAN_POINT('',(-0.568452723104,1.962489218573E-16));
#1608 = CARTESIAN_POINT('',(-0.572518735141,1.958470931037E-16));
#1609 = CARTESIAN_POINT('',(-0.576581780779,6.13830807264E-16));
#1610 = CARTESIAN_POINT('',(-0.580642869581,-5.290456684136E-16));
#1611 = CARTESIAN_POINT('',(-0.58470360261,-1.115943121313E-16));
#1612 = CARTESIAN_POINT('',(-0.588765587117,-1.116844097853E-16));
#1613 = CARTESIAN_POINT('',(-0.59282928508,-1.544249824599E-18));
#1614 = CARTESIAN_POINT('',(-0.59689398963,8.592000235668E-17));
#1615 = CARTESIAN_POINT('',(-0.6009592602,1.544722241373E-16));
#1616 = CARTESIAN_POINT('',(-0.605024598999,3.21640702755E-16));
#1617 = CARTESIAN_POINT('',(-0.60773455785,1.828152328465E-16));
#1618 = CARTESIAN_POINT('',(-0.609089391015,0.));
#1619 = ( GEOMETRIC_REPRESENTATION_CONTEXT(2) 
PARAMETRIC_REPRESENTATION_CONTEXT() REPRESENTATION_CONTEXT('2D SPACE',''
  ) );
#1620 = PCURVE('',#1347,#1621);
#1621 = DEFINITIONAL_REPRESENTATION('',(#1622),#1637);
#1622 = B_SPLINE_CURVE_WITH_KNOTS('',3,(#1623,#1624,#1625,#1626,#1627,
    #1628,#1629,#1630,#1631,#1632,#1633,#1634,#1635,#1636),
  .UNSPECIFIED.,.F.,.F.,(4,2,2,2,2,2,4),(-0.59332926045,-0.574944664206,
    -0.550318167277,-0.525082636324,-0.479205990006,-0.463408499707,
    -0.414491212076),.UNSPECIFIED.);
#1623 = CARTESIAN_POINT('',(-18.12788177092,14.386072119698));
#1624 = CARTESIAN_POINT('',(-16.9967913039,14.355293925119));
#1625 = CARTESIAN_POINT('',(-15.8336990795,14.318833299699));
#1626 = CARTESIAN_POINT('',(-13.09031380372,14.219731880951));
#1627 = CARTESIAN_POINT('',(-11.50191099952,14.152233237636));
#1628 = CARTESIAN_POINT('',(-8.374897088746,13.999303861897));
#1629 = CARTESIAN_POINT('',(-6.905046148745,13.917805990172));
#1630 = CARTESIAN_POINT('',(-2.562142897754,13.650247111608));
#1631 = CARTESIAN_POINT('',(0.50324488079,13.424996213807));
#1632 = CARTESIAN_POINT('',(4.33260738824,13.100296772414));
#1633 = CARTESIAN_POINT('',(5.26631545202,13.01757865337));
#1634 = CARTESIAN_POINT('',(9.07597750265,12.667642641342));
#1635 = CARTESIAN_POINT('',(12.14845167088,12.353337325659));
#1636 = CARTESIAN_POINT('',(15.27410910506,12.002812539939));
#1637 = ( GEOMETRIC_REPRESENTATION_CONTEXT(2) 
PARAMETRIC_REPRESENTATION_CONTEXT() REPRESENTATION_CONTEXT('2D SPACE',''
  ) );
#1638 = ORIENTED_EDGE('',*,*,#1639,.F.);
#1639 = EDGE_CURVE('',#128,#1551,#1640,.T.);
#1640 = SURFACE_CURVE('',#1641,(#1645,#1651),.PCURVE_S1.);
#1641 = LINE('',#1642,#1643);
#1642 = CARTESIAN_POINT('',(-48.00002161396,84.298053084547,
    23.945832119128));
#1643 = VECTOR('',#1644,1.);
#1644 = DIRECTION('',(1.,0.,7.578661487204E-16));
#1645 = PCURVE('',#165,#1646);
#1646 = DEFINITIONAL_REPRESENTATION('',(#1647),#1650);
#1647 = B_SPLINE_CURVE_WITH_KNOTS('',1,(#1648,#1649),.UNSPECIFIED.,.F.,
  .F.,(2,2),(-5.,5.),.PIECEWISE_BEZIER_KNOTS.);
#1648 = CARTESIAN_POINT('',(-0.430251342643,1.));
#1649 = CARTESIAN_POINT('',(-0.430251342643,3.415670541359E-16));
#1650 = ( GEOMETRIC_REPRESENTATION_CONTEXT(2) 
PARAMETRIC_REPRESENTATION_CONTEXT() REPRESENTATION_CONTEXT('2D SPACE',''
  ) );
#1651 = PCURVE('',#257,#1652);
#1652 = DEFINITIONAL_REPRESENTATION('',(#1653),#1657);
#1653 = LINE('',#1654,#1655);
#1654 = CARTESIAN_POINT('',(5.001219875519,-8.997944700177E-31));
#1655 = VECTOR('',#1656,1.);
#1656 = DIRECTION('',(-1.610861208975E-17,1.));
#1657 = ( GEOMETRIC_REPRESENTATION_CONTEXT(2) 
PARAMETRIC_REPRESENTATION_CONTEXT() REPRESENTATION_CONTEXT('2D SPACE',''
  ) );
#1658 = ORIENTED_EDGE('',*,*,#127,.F.);
#1659 = ORIENTED_EDGE('',*,*,#1309,.T.);
#1660 = ADVANCED_FACE('',(#1661),#675,.F.);
#1661 = FACE_BOUND('',#1662,.T.);
#1662 = EDGE_LOOP('',(#1663,#1686,#1707,#1708));
#1663 = ORIENTED_EDGE('',*,*,#1664,.T.);
#1664 = EDGE_CURVE('',#1383,#1665,#1667,.T.);
#1665 = VERTEX_POINT('',#1666);
#1666 = CARTESIAN_POINT('',(-43.00002161396,194.25752781042,
    -1.630179449856E-12));
#1667 = SURFACE_CURVE('',#1668,(#1672,#1679),.PCURVE_S1.);
#1668 = LINE('',#1669,#1670);
#1669 = CARTESIAN_POINT('',(-43.00002161396,194.25752781042,
    7.697199955412));
#1670 = VECTOR('',#1671,1.);
#1671 = DIRECTION('',(0.,0.,-1.));
#1672 = PCURVE('',#675,#1673);
#1673 = DEFINITIONAL_REPRESENTATION('',(#1674),#1678);
#1674 = LINE('',#1675,#1676);
#1675 = CARTESIAN_POINT('',(0.,5.));
#1676 = VECTOR('',#1677,1.);
#1677 = DIRECTION('',(1.,0.));
#1678 = ( GEOMETRIC_REPRESENTATION_CONTEXT(2) 
PARAMETRIC_REPRESENTATION_CONTEXT() REPRESENTATION_CONTEXT('2D SPACE',''
  ) );
#1679 = PCURVE('',#1347,#1680);
#1680 = DEFINITIONAL_REPRESENTATION('',(#1681),#1685);
#1681 = LINE('',#1682,#1683);
#1682 = CARTESIAN_POINT('',(91.83159295495,-1.862560044018));
#1683 = VECTOR('',#1684,1.);
#1684 = DIRECTION('',(0.,-1.));
#1685 = ( GEOMETRIC_REPRESENTATION_CONTEXT(2) 
PARAMETRIC_REPRESENTATION_CONTEXT() REPRESENTATION_CONTEXT('2D SPACE',''
  ) );
#1686 = ORIENTED_EDGE('',*,*,#1687,.T.);
#1687 = EDGE_CURVE('',#1665,#632,#1688,.T.);
#1688 = SURFACE_CURVE('',#1689,(#1693,#1700),.PCURVE_S1.);
#1689 = LINE('',#1690,#1691);
#1690 = CARTESIAN_POINT('',(-48.00002161396,194.25752781042,
    -1.634248292248E-12));
#1691 = VECTOR('',#1692,1.);
#1692 = DIRECTION('',(-1.,0.,1.443289932013E-15));
#1693 = PCURVE('',#675,#1694);
#1694 = DEFINITIONAL_REPRESENTATION('',(#1695),#1699);
#1695 = LINE('',#1696,#1697);
#1696 = CARTESIAN_POINT('',(7.697199955414,0.));
#1697 = VECTOR('',#1698,1.);
#1698 = DIRECTION('',(-1.443289932013E-15,-1.));
#1699 = ( GEOMETRIC_REPRESENTATION_CONTEXT(2) 
PARAMETRIC_REPRESENTATION_CONTEXT() REPRESENTATION_CONTEXT('2D SPACE',''
  ) );
#1700 = PCURVE('',#647,#1701);
#1701 = DEFINITIONAL_REPRESENTATION('',(#1702),#1706);
#1702 = LINE('',#1703,#1704);
#1703 = CARTESIAN_POINT('',(183.66318590989,2.604606458658E-14));
#1704 = VECTOR('',#1705,1.);
#1705 = DIRECTION('',(-1.418142913441E-16,1.));
#1706 = ( GEOMETRIC_REPRESENTATION_CONTEXT(2) 
PARAMETRIC_REPRESENTATION_CONTEXT() REPRESENTATION_CONTEXT('2D SPACE',''
  ) );
#1707 = ORIENTED_EDGE('',*,*,#659,.T.);
#1708 = ORIENTED_EDGE('',*,*,#1527,.T.);
#1709 = ADVANCED_FACE('',(#1710),#257,.F.);
#1710 = FACE_BOUND('',#1711,.T.);
#1711 = EDGE_LOOP('',(#1712,#1713,#1735,#1756));
#1712 = ORIENTED_EDGE('',*,*,#241,.F.);
#1713 = ORIENTED_EDGE('',*,*,#1714,.T.);
#1714 = EDGE_CURVE('',#242,#1715,#1717,.T.);
#1715 = VERTEX_POINT('',#1716);
#1716 = CARTESIAN_POINT('',(-43.00002161396,79.297963073211,
    24.05213415028));
#1717 = SURFACE_CURVE('',#1718,(#1722,#1729),.PCURVE_S1.);
#1718 = LINE('',#1719,#1720);
#1719 = CARTESIAN_POINT('',(-48.00002161396,79.297963073211,
    24.05213415028));
#1720 = VECTOR('',#1721,1.);
#1721 = DIRECTION('',(1.,0.,7.578661487204E-16));
#1722 = PCURVE('',#257,#1723);
#1723 = DEFINITIONAL_REPRESENTATION('',(#1724),#1728);
#1724 = LINE('',#1725,#1726);
#1725 = CARTESIAN_POINT('',(0.,0.));
#1726 = VECTOR('',#1727,1.);
#1727 = DIRECTION('',(-1.610861208975E-17,1.));
#1728 = ( GEOMETRIC_REPRESENTATION_CONTEXT(2) 
PARAMETRIC_REPRESENTATION_CONTEXT() REPRESENTATION_CONTEXT('2D SPACE',''
  ) );
#1729 = PCURVE('',#383,#1730);
#1730 = DEFINITIONAL_REPRESENTATION('',(#1731),#1734);
#1731 = B_SPLINE_CURVE_WITH_KNOTS('',1,(#1732,#1733),.UNSPECIFIED.,.F.,
  .F.,(2,2),(-5.,5.),.PIECEWISE_BEZIER_KNOTS.);
#1732 = CARTESIAN_POINT('',(-0.570783380362,1.));
#1733 = CARTESIAN_POINT('',(-0.570783380362,-1.193706591863E-16));
#1734 = ( GEOMETRIC_REPRESENTATION_CONTEXT(2) 
PARAMETRIC_REPRESENTATION_CONTEXT() REPRESENTATION_CONTEXT('2D SPACE',''
  ) );
#1735 = ORIENTED_EDGE('',*,*,#1736,.T.);
#1736 = EDGE_CURVE('',#1715,#1551,#1737,.T.);
#1737 = SURFACE_CURVE('',#1738,(#1742,#1749),.PCURVE_S1.);
#1738 = LINE('',#1739,#1740);
#1739 = CARTESIAN_POINT('',(-43.00002161396,79.297963073211,
    24.05213415028));
#1740 = VECTOR('',#1741,1.);
#1741 = DIRECTION('',(0.,0.999774082282,-2.125522048576E-02));
#1742 = PCURVE('',#257,#1743);
#1743 = DEFINITIONAL_REPRESENTATION('',(#1744),#1748);
#1744 = LINE('',#1745,#1746);
#1745 = CARTESIAN_POINT('',(-7.551371256569E-17,5.));
#1746 = VECTOR('',#1747,1.);
#1747 = DIRECTION('',(1.,-6.162975822039E-33));
#1748 = ( GEOMETRIC_REPRESENTATION_CONTEXT(2) 
PARAMETRIC_REPRESENTATION_CONTEXT() REPRESENTATION_CONTEXT('2D SPACE',''
  ) );
#1749 = PCURVE('',#1347,#1750);
#1750 = DEFINITIONAL_REPRESENTATION('',(#1751),#1755);
#1751 = LINE('',#1752,#1753);
#1752 = CARTESIAN_POINT('',(-23.12797178225,14.49237415085));
#1753 = VECTOR('',#1754,1.);
#1754 = DIRECTION('',(0.999774082282,-2.125522048576E-02));
#1755 = ( GEOMETRIC_REPRESENTATION_CONTEXT(2) 
PARAMETRIC_REPRESENTATION_CONTEXT() REPRESENTATION_CONTEXT('2D SPACE',''
  ) );
#1756 = ORIENTED_EDGE('',*,*,#1639,.F.);
#1757 = ADVANCED_FACE('',(#1758),#647,.F.);
#1758 = FACE_BOUND('',#1759,.T.);
#1759 = EDGE_LOOP('',(#1760,#1761,#1784,#1812,#1840,#1868,#1891,#1919,
    #1947,#1975,#1998,#2019));
#1760 = ORIENTED_EDGE('',*,*,#1687,.F.);
#1761 = ORIENTED_EDGE('',*,*,#1762,.T.);
#1762 = EDGE_CURVE('',#1665,#1763,#1765,.T.);
#1763 = VERTEX_POINT('',#1764);
#1764 = CARTESIAN_POINT('',(-43.00002161396,174.25752781042,
    -1.63039227669E-12));
#1765 = SURFACE_CURVE('',#1766,(#1770,#1777),.PCURVE_S1.);
#1766 = LINE('',#1767,#1768);
#1767 = CARTESIAN_POINT('',(-43.00002161396,10.594341900521,
    -2.13108023073E-08));
#1768 = VECTOR('',#1769,1.);
#1769 = DIRECTION('',(-1.418142915116E-16,-1.,-1.160230382424E-10));
#1770 = PCURVE('',#647,#1771);
#1771 = DEFINITIONAL_REPRESENTATION('',(#1772),#1776);
#1772 = LINE('',#1773,#1774);
#1773 = CARTESIAN_POINT('',(7.090714567207E-16,-5.));
#1774 = VECTOR('',#1775,1.);
#1775 = DIRECTION('',(-1.,-1.316709540717E-33));
#1776 = ( GEOMETRIC_REPRESENTATION_CONTEXT(2) 
PARAMETRIC_REPRESENTATION_CONTEXT() REPRESENTATION_CONTEXT('2D SPACE',''
  ) );
#1777 = PCURVE('',#1347,#1778);
#1778 = DEFINITIONAL_REPRESENTATION('',(#1779),#1783);
#1779 = LINE('',#1780,#1781);
#1780 = CARTESIAN_POINT('',(-91.83159295494,-9.559760020741));
#1781 = VECTOR('',#1782,1.);
#1782 = DIRECTION('',(-1.,-1.160230382424E-10));
#1783 = ( GEOMETRIC_REPRESENTATION_CONTEXT(2) 
PARAMETRIC_REPRESENTATION_CONTEXT() REPRESENTATION_CONTEXT('2D SPACE',''
  ) );
#1784 = ORIENTED_EDGE('',*,*,#1785,.F.);
#1785 = EDGE_CURVE('',#1786,#1763,#1788,.T.);
#1786 = VERTEX_POINT('',#1787);
#1787 = CARTESIAN_POINT('',(-48.00002161396,174.25752781042,
    -5.817494047151E-10));
#1788 = SURFACE_CURVE('',#1789,(#1793,#1800),.PCURVE_S1.);
#1789 = LINE('',#1790,#1791);
#1790 = CARTESIAN_POINT('',(-48.00002161396,174.25752781042,
    -2.322095013141E-09));
#1791 = VECTOR('',#1792,1.);
#1792 = DIRECTION('',(1.,1.621576396572E-30,-1.443289932013E-15));
#1793 = PCURVE('',#647,#1794);
#1794 = DEFINITIONAL_REPRESENTATION('',(#1795),#1799);
#1795 = LINE('',#1796,#1797);
#1796 = CARTESIAN_POINT('',(163.66318590989,2.320977875634E-14));
#1797 = VECTOR('',#1798,1.);
#1798 = DIRECTION('',(1.418142913441E-16,-1.));
#1799 = ( GEOMETRIC_REPRESENTATION_CONTEXT(2) 
PARAMETRIC_REPRESENTATION_CONTEXT() REPRESENTATION_CONTEXT('2D SPACE',''
  ) );
#1800 = PCURVE('',#1801,#1806);
#1801 = PLANE('',#1802);
#1802 = AXIS2_PLACEMENT_3D('',#1803,#1804,#1805);
#1803 = CARTESIAN_POINT('',(-48.00002161396,174.25752781042,
    -1.634248292248E-12));
#1804 = DIRECTION('',(5.583147280118E-31,-1.,-7.366930545116E-16));
#1805 = DIRECTION('',(0.,7.366930545116E-16,-1.));
#1806 = DEFINITIONAL_REPRESENTATION('',(#1807),#1811);
#1807 = LINE('',#1808,#1809);
#1808 = CARTESIAN_POINT('',(2.320460764849E-09,-9.544207866854E-55));
#1809 = VECTOR('',#1810,1.);
#1810 = DIRECTION('',(1.443289932013E-15,1.));
#1811 = ( GEOMETRIC_REPRESENTATION_CONTEXT(2) 
PARAMETRIC_REPRESENTATION_CONTEXT() REPRESENTATION_CONTEXT('2D SPACE',''
  ) );
#1812 = ORIENTED_EDGE('',*,*,#1813,.T.);
#1813 = EDGE_CURVE('',#1786,#1814,#1816,.T.);
#1814 = VERTEX_POINT('',#1815);
#1815 = CARTESIAN_POINT('',(-48.00002161396,145.65000001249,
    -1.411532772435E-09));
#1816 = SURFACE_CURVE('',#1817,(#1821,#1828),.PCURVE_S1.);
#1817 = LINE('',#1818,#1819);
#1818 = CARTESIAN_POINT('',(-48.00002161396,56.510138378552,
    -1.598350507503E-08));
#1819 = VECTOR('',#1820,1.);
#1820 = DIRECTION('',(-1.418142915116E-16,-1.,-1.160230382424E-10));
#1821 = PCURVE('',#647,#1822);
#1822 = DEFINITIONAL_REPRESENTATION('',(#1823),#1827);
#1823 = LINE('',#1824,#1825);
#1824 = CARTESIAN_POINT('',(45.915796478031,6.511516146723E-15));
#1825 = VECTOR('',#1826,1.);
#1826 = DIRECTION('',(-1.,-1.316709540717E-33));
#1827 = ( GEOMETRIC_REPRESENTATION_CONTEXT(2) 
PARAMETRIC_REPRESENTATION_CONTEXT() REPRESENTATION_CONTEXT('2D SPACE',''
  ) );
#1828 = PCURVE('',#1829,#1834);
#1829 = PLANE('',#1830);
#1830 = AXIS2_PLACEMENT_3D('',#1831,#1832,#1833);
#1831 = CARTESIAN_POINT('',(-48.00002161396,102.42593485547,
    9.55975999943));
#1832 = DIRECTION('',(1.,-1.418142915995E-16,7.578661487847E-16));
#1833 = DIRECTION('',(1.418142915995E-16,1.,0.));
#1834 = DEFINITIONAL_REPRESENTATION('',(#1835),#1839);
#1835 = LINE('',#1836,#1837);
#1836 = CARTESIAN_POINT('',(-45.91579647691,-9.559760015414));
#1837 = VECTOR('',#1838,1.);
#1838 = DIRECTION('',(-1.,-1.160230382424E-10));
#1839 = ( GEOMETRIC_REPRESENTATION_CONTEXT(2) 
PARAMETRIC_REPRESENTATION_CONTEXT() REPRESENTATION_CONTEXT('2D SPACE',''
  ) );
#1840 = ORIENTED_EDGE('',*,*,#1841,.T.);
#1841 = EDGE_CURVE('',#1814,#1842,#1844,.T.);
#1842 = VERTEX_POINT('',#1843);
#1843 = CARTESIAN_POINT('',(-43.00002161396,145.65000001249,
    -1.6309039072E-12));
#1844 = SURFACE_CURVE('',#1845,(#1849,#1856),.PCURVE_S1.);
#1845 = LINE('',#1846,#1847);
#1846 = CARTESIAN_POINT('',(-48.00002161396,145.65000001249,
    -5.641227304862E-09));
#1847 = VECTOR('',#1848,1.);
#1848 = DIRECTION('',(1.,1.687185834514E-30,-1.443289932013E-15));
#1849 = PCURVE('',#647,#1850);
#1850 = DEFINITIONAL_REPRESENTATION('',(#1851),#1855);
#1851 = LINE('',#1852,#1853);
#1852 = CARTESIAN_POINT('',(135.05565811196,1.915282246978E-14));
#1853 = VECTOR('',#1854,1.);
#1854 = DIRECTION('',(1.418142913441E-16,-1.));
#1855 = ( GEOMETRIC_REPRESENTATION_CONTEXT(2) 
PARAMETRIC_REPRESENTATION_CONTEXT() REPRESENTATION_CONTEXT('2D SPACE',''
  ) );
#1856 = PCURVE('',#1857,#1862);
#1857 = PLANE('',#1858);
#1858 = AXIS2_PLACEMENT_3D('',#1859,#1860,#1861);
#1859 = CARTESIAN_POINT('',(-48.00002161396,145.65000001249,
    -5.000000000001));
#1860 = DIRECTION('',(-5.809042992323E-31,1.,7.664998630867E-16));
#1861 = DIRECTION('',(0.,-7.664998630867E-16,1.));
#1862 = DEFINITIONAL_REPRESENTATION('',(#1863),#1867);
#1863 = LINE('',#1864,#1865);
#1864 = CARTESIAN_POINT('',(4.99999999436,2.226315326629E-45));
#1865 = VECTOR('',#1866,1.);
#1866 = DIRECTION('',(-1.443289932013E-15,1.));
#1867 = ( GEOMETRIC_REPRESENTATION_CONTEXT(2) 
PARAMETRIC_REPRESENTATION_CONTEXT() REPRESENTATION_CONTEXT('2D SPACE',''
  ) );
#1868 = ORIENTED_EDGE('',*,*,#1869,.T.);
#1869 = EDGE_CURVE('',#1842,#1870,#1872,.T.);
#1870 = VERTEX_POINT('',#1871);
#1871 = CARTESIAN_POINT('',(-43.00002161396,85.6500000125,
    -1.746265244329E-08));
#1872 = SURFACE_CURVE('',#1873,(#1877,#1884),.PCURVE_S1.);
#1873 = LINE('',#1874,#1875);
#1874 = CARTESIAN_POINT('',(-43.00002161396,10.594341900521,
    -2.13108023073E-08));
#1875 = VECTOR('',#1876,1.);
#1876 = DIRECTION('',(-1.418142915116E-16,-1.,-1.160230382424E-10));
#1877 = PCURVE('',#647,#1878);
#1878 = DEFINITIONAL_REPRESENTATION('',(#1879),#1883);
#1879 = LINE('',#1880,#1881);
#1880 = CARTESIAN_POINT('',(7.090714567207E-16,-5.));
#1881 = VECTOR('',#1882,1.);
#1882 = DIRECTION('',(-1.,-1.316709540717E-33));
#1883 = ( GEOMETRIC_REPRESENTATION_CONTEXT(2) 
PARAMETRIC_REPRESENTATION_CONTEXT() REPRESENTATION_CONTEXT('2D SPACE',''
  ) );
#1884 = PCURVE('',#1347,#1885);
#1885 = DEFINITIONAL_REPRESENTATION('',(#1886),#1890);
#1886 = LINE('',#1887,#1888);
#1887 = CARTESIAN_POINT('',(-91.83159295494,-9.559760020741));
#1888 = VECTOR('',#1889,1.);
#1889 = DIRECTION('',(-1.,-1.160230382424E-10));
#1890 = ( GEOMETRIC_REPRESENTATION_CONTEXT(2) 
PARAMETRIC_REPRESENTATION_CONTEXT() REPRESENTATION_CONTEXT('2D SPACE',''
  ) );
#1891 = ORIENTED_EDGE('',*,*,#1892,.F.);
#1892 = EDGE_CURVE('',#1893,#1870,#1895,.T.);
#1893 = VERTEX_POINT('',#1894);
#1894 = CARTESIAN_POINT('',(-48.00002161396,85.6500000125,
    -1.624764454307E-08));
#1895 = SURFACE_CURVE('',#1896,(#1900,#1907),.PCURVE_S1.);
#1896 = LINE('',#1897,#1898);
#1897 = CARTESIAN_POINT('',(-48.00002161396,85.6500000125,
    -1.260260959941E-08));
#1898 = VECTOR('',#1899,1.);
#1899 = DIRECTION('',(1.,3.168345122392E-30,-1.443289932013E-15));
#1900 = PCURVE('',#647,#1901);
#1901 = DEFINITIONAL_REPRESENTATION('',(#1902),#1906);
#1902 = LINE('',#1903,#1904);
#1903 = CARTESIAN_POINT('',(75.055658111979,1.064396497909E-14));
#1904 = VECTOR('',#1905,1.);
#1905 = DIRECTION('',(1.418142913441E-16,-1.));
#1906 = ( GEOMETRIC_REPRESENTATION_CONTEXT(2) 
PARAMETRIC_REPRESENTATION_CONTEXT() REPRESENTATION_CONTEXT('2D SPACE',''
  ) );
#1907 = PCURVE('',#1908,#1913);
#1908 = PLANE('',#1909);
#1909 = AXIS2_PLACEMENT_3D('',#1910,#1911,#1912);
#1910 = CARTESIAN_POINT('',(-48.00002161396,85.6500000125,
    -2.619316541441E-08));
#1911 = DIRECTION('',(1.090872899356E-30,-1.,-1.439400481468E-15));
#1912 = DIRECTION('',(0.,1.439400481468E-15,-1.));
#1913 = DEFINITIONAL_REPRESENTATION('',(#1914),#1918);
#1914 = LINE('',#1915,#1916);
#1915 = CARTESIAN_POINT('',(-1.3590555815E-08,2.133993119373E-53));
#1916 = VECTOR('',#1917,1.);
#1917 = DIRECTION('',(1.443289932013E-15,1.));
#1918 = ( GEOMETRIC_REPRESENTATION_CONTEXT(2) 
PARAMETRIC_REPRESENTATION_CONTEXT() REPRESENTATION_CONTEXT('2D SPACE',''
  ) );
#1919 = ORIENTED_EDGE('',*,*,#1920,.T.);
#1920 = EDGE_CURVE('',#1893,#1921,#1923,.T.);
#1921 = VERTEX_POINT('',#1922);
#1922 = CARTESIAN_POINT('',(-48.00002161396,40.594341900521,
    -2.190424688203E-08));
#1923 = SURFACE_CURVE('',#1924,(#1928,#1935),.PCURVE_S1.);
#1924 = LINE('',#1925,#1926);
#1925 = CARTESIAN_POINT('',(-48.00002161396,56.510138378552,
    -1.598350507503E-08));
#1926 = VECTOR('',#1927,1.);
#1927 = DIRECTION('',(-1.418142915116E-16,-1.,-1.160230382424E-10));
#1928 = PCURVE('',#647,#1929);
#1929 = DEFINITIONAL_REPRESENTATION('',(#1930),#1934);
#1930 = LINE('',#1931,#1932);
#1931 = CARTESIAN_POINT('',(45.915796478031,6.511516146723E-15));
#1932 = VECTOR('',#1933,1.);
#1933 = DIRECTION('',(-1.,-1.316709540717E-33));
#1934 = ( GEOMETRIC_REPRESENTATION_CONTEXT(2) 
PARAMETRIC_REPRESENTATION_CONTEXT() REPRESENTATION_CONTEXT('2D SPACE',''
  ) );
#1935 = PCURVE('',#1936,#1941);
#1936 = PLANE('',#1937);
#1937 = AXIS2_PLACEMENT_3D('',#1938,#1939,#1940);
#1938 = CARTESIAN_POINT('',(-48.00002161396,102.42593485547,
    9.55975999943));
#1939 = DIRECTION('',(1.,-1.418142915995E-16,7.578661487847E-16));
#1940 = DIRECTION('',(1.418142915995E-16,1.,0.));
#1941 = DEFINITIONAL_REPRESENTATION('',(#1942),#1946);
#1942 = LINE('',#1943,#1944);
#1943 = CARTESIAN_POINT('',(-45.91579647691,-9.559760015414));
#1944 = VECTOR('',#1945,1.);
#1945 = DIRECTION('',(-1.,-1.160230382424E-10));
#1946 = ( GEOMETRIC_REPRESENTATION_CONTEXT(2) 
PARAMETRIC_REPRESENTATION_CONTEXT() REPRESENTATION_CONTEXT('2D SPACE',''
  ) );
#1947 = ORIENTED_EDGE('',*,*,#1948,.T.);
#1948 = EDGE_CURVE('',#1921,#1949,#1951,.T.);
#1949 = VERTEX_POINT('',#1950);
#1950 = CARTESIAN_POINT('',(-43.00002161396,40.594341900521,
    -2.326229063595E-08));
#1951 = SURFACE_CURVE('',#1952,(#1956,#1963),.PCURVE_S1.);
#1952 = LINE('',#1953,#1954);
#1953 = CARTESIAN_POINT('',(-48.00002161396,40.594341900521,
    -1.783010394357E-08));
#1954 = VECTOR('',#1955,1.);
#1955 = DIRECTION('',(1.,3.278377124863E-30,-1.443289932013E-15));
#1956 = PCURVE('',#647,#1957);
#1957 = DEFINITIONAL_REPRESENTATION('',(#1958),#1962);
#1958 = LINE('',#1959,#1960);
#1959 = CARTESIAN_POINT('',(30.,4.254428745348E-15));
#1960 = VECTOR('',#1961,1.);
#1961 = DIRECTION('',(1.418142913441E-16,-1.));
#1962 = ( GEOMETRIC_REPRESENTATION_CONTEXT(2) 
PARAMETRIC_REPRESENTATION_CONTEXT() REPRESENTATION_CONTEXT('2D SPACE',''
  ) );
#1963 = PCURVE('',#1964,#1969);
#1964 = PLANE('',#1965);
#1965 = AXIS2_PLACEMENT_3D('',#1966,#1967,#1968);
#1966 = CARTESIAN_POINT('',(-48.00002161396,40.594341900521,
    -5.000000000001));
#1967 = DIRECTION('',(-1.128757323218E-30,1.,1.489388759643E-15));
#1968 = DIRECTION('',(0.,-1.489388759643E-15,1.));
#1969 = DEFINITIONAL_REPRESENTATION('',(#1970),#1974);
#1970 = LINE('',#1971,#1972);
#1971 = CARTESIAN_POINT('',(4.999999982171,3.854891533688E-46));
#1972 = VECTOR('',#1973,1.);
#1973 = DIRECTION('',(-1.443289932013E-15,1.));
#1974 = ( GEOMETRIC_REPRESENTATION_CONTEXT(2) 
PARAMETRIC_REPRESENTATION_CONTEXT() REPRESENTATION_CONTEXT('2D SPACE',''
  ) );
#1975 = ORIENTED_EDGE('',*,*,#1976,.T.);
#1976 = EDGE_CURVE('',#1949,#1977,#1979,.T.);
#1977 = VERTEX_POINT('',#1978);
#1978 = CARTESIAN_POINT('',(-43.00002161396,10.594341900521,
    -2.131079147234E-08));
#1979 = SURFACE_CURVE('',#1980,(#1984,#1991),.PCURVE_S1.);
#1980 = LINE('',#1981,#1982);
#1981 = CARTESIAN_POINT('',(-43.00002161396,10.594341900521,
    -2.13108023073E-08));
#1982 = VECTOR('',#1983,1.);
#1983 = DIRECTION('',(-1.418142915116E-16,-1.,-1.160230382424E-10));
#1984 = PCURVE('',#647,#1985);
#1985 = DEFINITIONAL_REPRESENTATION('',(#1986),#1990);
#1986 = LINE('',#1987,#1988);
#1987 = CARTESIAN_POINT('',(7.090714567207E-16,-5.));
#1988 = VECTOR('',#1989,1.);
#1989 = DIRECTION('',(-1.,-1.316709540717E-33));
#1990 = ( GEOMETRIC_REPRESENTATION_CONTEXT(2) 
PARAMETRIC_REPRESENTATION_CONTEXT() REPRESENTATION_CONTEXT('2D SPACE',''
  ) );
#1991 = PCURVE('',#1347,#1992);
#1992 = DEFINITIONAL_REPRESENTATION('',(#1993),#1997);
#1993 = LINE('',#1994,#1995);
#1994 = CARTESIAN_POINT('',(-91.83159295494,-9.559760020741));
#1995 = VECTOR('',#1996,1.);
#1996 = DIRECTION('',(-1.,-1.160230382424E-10));
#1997 = ( GEOMETRIC_REPRESENTATION_CONTEXT(2) 
PARAMETRIC_REPRESENTATION_CONTEXT() REPRESENTATION_CONTEXT('2D SPACE',''
  ) );
#1998 = ORIENTED_EDGE('',*,*,#1999,.T.);
#1999 = EDGE_CURVE('',#1977,#604,#2000,.T.);
#2000 = SURFACE_CURVE('',#2001,(#2005,#2012),.PCURVE_S1.);
#2001 = LINE('',#2002,#2003);
#2002 = CARTESIAN_POINT('',(-48.00002161396,10.594341900521,
    -2.131079509085E-08));
#2003 = VECTOR('',#2004,1.);
#2004 = DIRECTION('',(-1.,0.,1.443289932013E-15));
#2005 = PCURVE('',#647,#2006);
#2006 = DEFINITIONAL_REPRESENTATION('',(#2007),#2011);
#2007 = LINE('',#2008,#2009);
#2008 = CARTESIAN_POINT('',(0.,0.));
#2009 = VECTOR('',#2010,1.);
#2010 = DIRECTION('',(-1.418142913441E-16,1.));
#2011 = ( GEOMETRIC_REPRESENTATION_CONTEXT(2) 
PARAMETRIC_REPRESENTATION_CONTEXT() REPRESENTATION_CONTEXT('2D SPACE',''
  ) );
#2012 = PCURVE('',#619,#2013);
#2013 = DEFINITIONAL_REPRESENTATION('',(#2014),#2018);
#2014 = LINE('',#2015,#2016);
#2015 = CARTESIAN_POINT('',(2.597699998666E-16,5.534627882024E-61));
#2016 = VECTOR('',#2017,1.);
#2017 = DIRECTION('',(1.443289932013E-15,-1.));
#2018 = ( GEOMETRIC_REPRESENTATION_CONTEXT(2) 
PARAMETRIC_REPRESENTATION_CONTEXT() REPRESENTATION_CONTEXT('2D SPACE',''
  ) );
#2019 = ORIENTED_EDGE('',*,*,#631,.T.);
#2020 = ADVANCED_FACE('',(#2021),#383,.F.);
#2021 = FACE_BOUND('',#2022,.F.);
#2022 = EDGE_LOOP('',(#2023,#2254,#2274,#2275));
#2023 = ORIENTED_EDGE('',*,*,#2024,.F.);
#2024 = EDGE_CURVE('',#2025,#1715,#2027,.T.);
#2025 = VERTEX_POINT('',#2026);
#2026 = CARTESIAN_POINT('',(-43.00002161396,10.594341900521,
    10.838546794692));
#2027 = SURFACE_CURVE('',#2028,(#2081,#2198),.PCURVE_S1.);
#2028 = B_SPLINE_CURVE_WITH_KNOTS('',3,(#2029,#2030,#2031,#2032,#2033,
    #2034,#2035,#2036,#2037,#2038,#2039,#2040,#2041,#2042,#2043,#2044,
    #2045,#2046,#2047,#2048,#2049,#2050,#2051,#2052,#2053,#2054,#2055,
    #2056,#2057,#2058,#2059,#2060,#2061,#2062,#2063,#2064,#2065,#2066,
    #2067,#2068,#2069,#2070,#2071,#2072,#2073,#2074,#2075,#2076,#2077,
    #2078,#2079,#2080),.UNSPECIFIED.,.F.,.F.,(4,2,2,2,2,2,2,2,2,2,2,2,2,
    2,2,2,2,2,2,2,2,2,2,2,2,4),(-1.,-0.998384906986,-0.990204805639,
    -0.96960160016,-0.93410499816,-0.933484003111,-0.932847650332,
    -0.931559207233,-0.928950456751,-0.923668439189,-0.912973775319,
    -0.877465458288,-0.865238272152,-0.817986718005,-0.800789193631,
    -0.79897957147,-0.797125195829,-0.793370584273,-0.785768506454,
    -0.770376345024,-0.74682885461,-0.722699014914,-0.67384258425,
    -0.663025299247,-0.65194049367,-0.620567546244),.UNSPECIFIED.);
#2029 = CARTESIAN_POINT('',(-43.00002161396,10.594341900521,
    10.838546794692));
#2030 = CARTESIAN_POINT('',(-43.00002161396,10.684762291818,
    10.925414378419));
#2031 = CARTESIAN_POINT('',(-43.00002161396,10.774493270644,
    11.010245482007));
#2032 = CARTESIAN_POINT('',(-43.00002161396,11.319617719529,
    11.51904571746));
#2033 = CARTESIAN_POINT('',(-43.00002161396,11.738278148957,
    11.881673646822));
#2034 = CARTESIAN_POINT('',(-43.00002161396,12.566713675989,
    12.598134748805));
#2035 = CARTESIAN_POINT('',(-43.00002161396,13.188569993626,
    13.093709900452));
#2036 = CARTESIAN_POINT('',(-43.00002161396,15.471373194902,
    14.598321947726));
#2037 = CARTESIAN_POINT('',(-43.00002161396,17.582573444717,
    15.728247866322));
#2038 = CARTESIAN_POINT('',(-43.00002161396,21.128670206675,
    17.039976801964));
#2039 = CARTESIAN_POINT('',(-43.00002161396,21.215906772403,
    17.072079883573));
#2040 = CARTESIAN_POINT('',(-43.00002161396,21.31898371426,
    17.109858675041));
#2041 = CARTESIAN_POINT('',(-43.00002161396,21.335422629117,
    17.115851773474));
#2042 = CARTESIAN_POINT('',(-43.00002161396,21.427302036416,
    17.149373682629));
#2043 = CARTESIAN_POINT('',(-43.00002161396,21.489413149252,
    17.171939805989));
#2044 = CARTESIAN_POINT('',(-43.00002161396,21.679095042155,
    17.240558786552));
#2045 = CARTESIAN_POINT('',(-43.00002161396,21.808523851125,
    17.286983254736));
#2046 = CARTESIAN_POINT('',(-43.00002161396,22.207204267193,
    17.428712137017));
#2047 = CARTESIAN_POINT('',(-43.00002161396,22.483839488171,
    17.525357811046));
#2048 = CARTESIAN_POINT('',(-43.00002161396,23.347686829669,
    17.821498713788));
#2049 = CARTESIAN_POINT('',(-43.00002161396,23.962895162864,
    18.024913513852));
#2050 = CARTESIAN_POINT('',(-43.00002161396,26.740421272454,
    18.906689832464));
#2051 = CARTESIAN_POINT('',(-43.00002161396,29.210088132361,
    19.588123823778));
#2052 = CARTESIAN_POINT('',(-43.00002161396,32.163308869288,
    20.306835079963));
#2053 = CARTESIAN_POINT('',(-43.00002161396,32.868149798256,
    20.470497692889));
#2054 = CARTESIAN_POINT('',(-43.00002161396,36.135490201998,
    21.202500204853));
#2055 = CARTESIAN_POINT('',(-43.00002161396,38.971293251672,
    21.74903412335));
#2056 = CARTESIAN_POINT('',(-43.00002161396,43.14231630652,
    22.405372217084));
#2057 = CARTESIAN_POINT('',(-43.00002161396,44.284665533228,
    22.571873121409));
#2058 = CARTESIAN_POINT('',(-43.00002161396,45.578415289938,
    22.744829937594));
#2059 = CARTESIAN_POINT('',(-43.00002161396,45.694910518592,
    22.760241576229));
#2060 = CARTESIAN_POINT('',(-43.00002161396,45.925197835455,
    22.79043446508));
#2061 = CARTESIAN_POINT('',(-43.00002161396,46.041841011329,
    22.805578878628));
#2062 = CARTESIAN_POINT('',(-43.00002161396,46.394902556066,
    22.850967388513));
#2063 = CARTESIAN_POINT('',(-43.00002161396,46.631574168946,
    22.880781636552));
#2064 = CARTESIAN_POINT('',(-43.00002161396,47.348178694831,
    22.969195139121));
#2065 = CARTESIAN_POINT('',(-43.00002161396,47.828863954973,
    23.025980710023));
#2066 = CARTESIAN_POINT('',(-43.00002161396,49.283631018801,
    23.190224494701));
#2067 = CARTESIAN_POINT('',(-43.00002161396,50.258550892869,
    23.289929850794));
#2068 = CARTESIAN_POINT('',(-43.00002161396,52.713321567044,
    23.516049757694));
#2069 = CARTESIAN_POINT('',(-43.00002161396,54.187319271195,
    23.628509015614));
#2070 = CARTESIAN_POINT('',(-43.00002161396,57.10643476803,
    23.812648364812));
#2071 = CARTESIAN_POINT('',(-43.00002161396,58.520813748508,
    23.882618198308));
#2072 = CARTESIAN_POINT('',(-43.00002161396,62.949554439303,
    24.053470262102));
#2073 = CARTESIAN_POINT('',(-43.00002161396,66.067480616991,
    24.104594340764));
#2074 = CARTESIAN_POINT('',(-43.00002161396,69.888959101478,
    24.118772692429));
#2075 = CARTESIAN_POINT('',(-43.00002161396,70.571428067882,
    24.119519998861));
#2076 = CARTESIAN_POINT('',(-43.00002161396,72.018166405748,
    24.117833760186));
#2077 = CARTESIAN_POINT('',(-43.00002161396,72.772027240454,
    24.11514755676));
#2078 = CARTESIAN_POINT('',(-43.00002161396,75.375553885555,
    24.101567861289));
#2079 = CARTESIAN_POINT('',(-43.00002161396,77.348564938461,
    24.082568790044));
#2080 = CARTESIAN_POINT('',(-43.00002161396,79.297963073211,
    24.05213415028));
#2081 = PCURVE('',#383,#2082);
#2082 = DEFINITIONAL_REPRESENTATION('',(#2083),#2197);
#2083 = B_SPLINE_CURVE_WITH_KNOTS('',3,(#2084,#2085,#2086,#2087,#2088,
    #2089,#2090,#2091,#2092,#2093,#2094,#2095,#2096,#2097,#2098,#2099,
    #2100,#2101,#2102,#2103,#2104,#2105,#2106,#2107,#2108,#2109,#2110,
    #2111,#2112,#2113,#2114,#2115,#2116,#2117,#2118,#2119,#2120,#2121,
    #2122,#2123,#2124,#2125,#2126,#2127,#2128,#2129,#2130,#2131,#2132,
    #2133,#2134,#2135,#2136,#2137,#2138,#2139,#2140,#2141,#2142,#2143,
    #2144,#2145,#2146,#2147,#2148,#2149,#2150,#2151,#2152,#2153,#2154,
    #2155,#2156,#2157,#2158,#2159,#2160,#2161,#2162,#2163,#2164,#2165,
    #2166,#2167,#2168,#2169,#2170,#2171,#2172,#2173,#2174,#2175,#2176,
    #2177,#2178,#2179,#2180,#2181,#2182,#2183,#2184,#2185,#2186,#2187,
    #2188,#2189,#2190,#2191,#2192,#2193,#2194,#2195,#2196),
  .UNSPECIFIED.,.F.,.F.,(4,1,1,1,1,1,1,1,1,1,1,1,1,1,1,1,1,1,1,1,1,1,1,1
    ,1,1,1,1,1,1,1,1,1,1,1,1,1,1,1,1,1,1,1,1,1,1,1,1,1,1,1,1,1,1,1,1,1,1
    ,1,1,1,1,1,1,1,1,1,1,1,1,1,1,1,1,1,1,1,1,1,1,1,1,1,1,1,1,1,1,1,1,1,1
    ,1,1,1,1,1,1,1,1,1,1,1,1,1,1,1,1,1,1,4),(-1.,-0.996550614057,
    -0.993101228114,-0.98965184217,-0.986202456227,-0.982753070284,
    -0.979303684341,-0.975854298397,-0.972404912454,-0.968955526511,
    -0.965506140568,-0.962056754624,-0.958607368681,-0.955157982738,
    -0.951708596795,-0.948259210851,-0.944809824908,-0.941360438965,
    -0.937911053022,-0.934461667079,-0.931012281135,-0.927562895192,
    -0.924113509249,-0.920664123306,-0.917214737362,-0.913765351419,
    -0.910315965476,-0.906866579533,-0.903417193589,-0.899967807646,
    -0.896518421703,-0.89306903576,-0.889619649816,-0.886170263873,
    -0.88272087793,-0.879271491987,-0.875822106043,-0.8723727201,
    -0.868923334157,-0.865473948214,-0.862024562271,-0.858575176327,
    -0.855125790384,-0.851676404441,-0.848227018498,-0.844777632554,
    -0.841328246611,-0.837878860668,-0.834429474725,-0.830980088781,
    -0.827530702838,-0.824081316895,-0.820631930952,-0.817182545008,
    -0.813733159065,-0.810283773122,-0.806834387179,-0.803385001236,
    -0.799935615292,-0.796486229349,-0.793036843406,-0.789587457463,
    -0.786138071519,-0.782688685576,-0.779239299633,-0.77578991369,
    -0.772340527746,-0.768891141803,-0.76544175586,-0.761992369917,
    -0.758542983973,-0.75509359803,-0.751644212087,-0.748194826144,
    -0.744745440201,-0.741296054257,-0.737846668314,-0.734397282371,
    -0.730947896428,-0.727498510484,-0.724049124541,-0.720599738598,
    -0.717150352655,-0.713700966711,-0.710251580768,-0.706802194825,
    -0.703352808882,-0.699903422938,-0.696454036995,-0.693004651052,
    -0.689555265109,-0.686105879165,-0.682656493222,-0.679207107279,
    -0.675757721336,-0.672308335393,-0.668858949449,-0.665409563506,
    -0.661960177563,-0.65851079162,-0.655061405676,-0.651612019733,
    -0.64816263379,-0.644713247847,-0.641263861903,-0.63781447596,
    -0.634365090017,-0.630915704074,-0.62746631813,-0.624016932187,
    -0.620567546244),.UNSPECIFIED.);
#2084 = CARTESIAN_POINT('',(-0.191350926495,0.));
#2085 = CARTESIAN_POINT('',(-0.192496263434,2.619558574009E-17));
#2086 = CARTESIAN_POINT('',(-0.194796770022,-1.19955901624E-16));
#2087 = CARTESIAN_POINT('',(-0.198274886664,-5.690047623379E-16));
#2088 = CARTESIAN_POINT('',(-0.201614394022,4.968703386969E-16));
#2089 = CARTESIAN_POINT('',(-0.205222712437,-3.872363035067E-18));
#2090 = CARTESIAN_POINT('',(-0.208590254713,-1.632423000928E-17));
#2091 = CARTESIAN_POINT('',(-0.212035882244,-4.153216332477E-16));
#2092 = CARTESIAN_POINT('',(-0.21550016696,2.43572273813E-16));
#2093 = CARTESIAN_POINT('',(-0.21894850004,1.320702890502E-15));
#2094 = CARTESIAN_POINT('',(-0.222392151785,-3.330046416216E-16));
#2095 = CARTESIAN_POINT('',(-0.225844204906,-8.109117243894E-18));
#2096 = CARTESIAN_POINT('',(-0.229295386709,-6.035312554982E-16));
#2097 = CARTESIAN_POINT('',(-0.232744443481,5.037142002741E-16));
#2098 = CARTESIAN_POINT('',(-0.23619316851,-1.613664286733E-17));
#2099 = CARTESIAN_POINT('',(-0.239642168043,6.473701058895E-18));
#2100 = CARTESIAN_POINT('',(-0.243092053117,-5.136644043717E-16));
#2101 = CARTESIAN_POINT('',(-0.246540294853,5.947301005574E-16));
#2102 = CARTESIAN_POINT('',(-0.249992575695,-5.000972035157E-18));
#2103 = CARTESIAN_POINT('',(-0.253434592605,3.359812405387E-16));
#2104 = CARTESIAN_POINT('',(-0.25690557523,-1.377764110032E-15));
#2105 = CARTESIAN_POINT('',(-0.260338116219,-7.656890775214E-17));
#2106 = CARTESIAN_POINT('',(-0.263789055967,-2.538955246061E-16));
#2107 = CARTESIAN_POINT('',(-0.267236952679,2.467919726213E-15));
#2108 = CARTESIAN_POINT('',(-0.270686993431,-6.649427298232E-16));
#2109 = CARTESIAN_POINT('',(-0.274136024378,-3.319173805383E-16));
#2110 = CARTESIAN_POINT('',(-0.27758594524,5.187430488678E-16));
#2111 = CARTESIAN_POINT('',(-0.281034943957,9.589068414102E-17));
#2112 = CARTESIAN_POINT('',(-0.284484118875,-1.384462233261E-17));
#2113 = CARTESIAN_POINT('',(-0.287933978164,-1.02579697556E-16));
#2114 = CARTESIAN_POINT('',(-0.291384718855,-5.883834653845E-16));
#2115 = CARTESIAN_POINT('',(-0.294834593807,4.931725299671E-16));
#2116 = CARTESIAN_POINT('',(-0.298282248303,-3.43374973814E-17));
#2117 = CARTESIAN_POINT('',(-0.301726489621,4.379771959655E-17));
#2118 = CARTESIAN_POINT('',(-0.305172210442,-6.916339489092E-16));
#2119 = CARTESIAN_POINT('',(-0.308624068321,1.221535444338E-15));
#2120 = CARTESIAN_POINT('',(-0.312087829206,-2.382876111236E-15));
#2121 = CARTESIAN_POINT('',(-0.315564713263,6.446661975964E-16));
#2122 = CARTESIAN_POINT('',(-0.318998465695,-2.849905792716E-16));
#2123 = CARTESIAN_POINT('',(-0.322425275935,-5.443938288005E-16));
#2124 = CARTESIAN_POINT('',(-0.325839082599,4.721791363658E-16));
#2125 = CARTESIAN_POINT('',(-0.329266760405,-2.40019043314E-17));
#2126 = CARTESIAN_POINT('',(-0.332768475384,-1.152040246287E-17));
#2127 = CARTESIAN_POINT('',(-0.336251963283,-5.224492684902E-16));
#2128 = CARTESIAN_POINT('',(-0.339716938609,5.542281776404E-16));
#2129 = CARTESIAN_POINT('',(-0.343168936559,7.194959308554E-17));
#2130 = CARTESIAN_POINT('',(-0.346611715883,-2.046813054932E-17));
#2131 = CARTESIAN_POINT('',(-0.350049129917,-1.098477029935E-16));
#2132 = CARTESIAN_POINT('',(-0.353484720429,-5.994772703094E-16));
#2133 = CARTESIAN_POINT('',(-0.356921824948,5.093569400691E-16));
#2134 = CARTESIAN_POINT('',(-0.360363853539,-1.121389115794E-16));
#2135 = CARTESIAN_POINT('',(-0.363811322688,3.259499762277E-16));
#2136 = CARTESIAN_POINT('',(-0.367264061698,-1.743969435642E-15));
#2137 = CARTESIAN_POINT('',(-0.370723244021,8.953034813399E-16));
#2138 = CARTESIAN_POINT('',(-0.374184501285,-4.415373728679E-18));
#2139 = CARTESIAN_POINT('',(-0.377637294023,1.612770143272E-17));
#2140 = CARTESIAN_POINT('',(-0.381070590578,-1.053851722748E-16));
#2141 = CARTESIAN_POINT('',(-0.384483264571,-5.789361807366E-16));
#2142 = CARTESIAN_POINT('',(-0.387904148751,4.977212986874E-16));
#2143 = CARTESIAN_POINT('',(-0.391490648072,-1.116062411682E-17));
#2144 = CARTESIAN_POINT('',(-0.394811069516,8.650159545594E-18));
#2145 = CARTESIAN_POINT('',(-0.398319777485,-5.007704804304E-16));
#2146 = CARTESIAN_POINT('',(-0.401771806706,5.780418676805E-16));
#2147 = CARTESIAN_POINT('',(-0.405210693368,9.641010164305E-17));
#2148 = CARTESIAN_POINT('',(-0.408657436133,5.065242284419E-18));
#2149 = CARTESIAN_POINT('',(-0.41210826131,-8.698555262909E-17));
#2150 = CARTESIAN_POINT('',(-0.41556068354,-5.665156206635E-16));
#2151 = CARTESIAN_POINT('',(-0.419011357965,5.045630713617E-16));
#2152 = CARTESIAN_POINT('',(-0.422460273476,2.401070255118E-17));
#2153 = CARTESIAN_POINT('',(-0.425908982062,-6.369666407661E-17));
#2154 = CARTESIAN_POINT('',(-0.429358481621,-1.710778292011E-16));
#2155 = CARTESIAN_POINT('',(-0.432809542405,-5.926270489106E-16));
#2156 = CARTESIAN_POINT('',(-0.436261767023,2.621989707777E-16));
#2157 = CARTESIAN_POINT('',(-0.439714843752,5.890924373529E-16));
#2158 = CARTESIAN_POINT('',(-0.443168728177,-2.511742804799E-15));
#2159 = CARTESIAN_POINT('',(-0.446622210231,9.982249269223E-17));
#2160 = CARTESIAN_POINT('',(-0.450059992236,3.425010806828E-16));
#2161 = CARTESIAN_POINT('',(-0.453500778094,8.508968517513E-17));
#2162 = CARTESIAN_POINT('',(-0.456950293587,-6.633051718742E-17));
#2163 = CARTESIAN_POINT('',(-0.46040254011,-1.416241876285E-16));
#2164 = CARTESIAN_POINT('',(-0.463853626348,-6.274166432484E-16));
#2165 = CARTESIAN_POINT('',(-0.4672980547,4.526589499522E-16));
#2166 = CARTESIAN_POINT('',(-0.470748564335,-5.698360300894E-17));
#2167 = CARTESIAN_POINT('',(-0.474199586457,-3.680087968128E-17));
#2168 = CARTESIAN_POINT('',(-0.477650925568,-5.461539541977E-16));
#2169 = CARTESIAN_POINT('',(-0.481102029489,5.327827045413E-16));
#2170 = CARTESIAN_POINT('',(-0.484552763846,5.129378980512E-17));
#2171 = CARTESIAN_POINT('',(-0.488002898977,-4.009725754199E-17));
#2172 = CARTESIAN_POINT('',(-0.491452242911,-1.314947478552E-16));
#2173 = CARTESIAN_POINT('',(-0.494900565582,-6.129949410806E-16));
#2174 = CARTESIAN_POINT('',(-0.498347763746,4.659124143583E-16));
#2175 = CARTESIAN_POINT('',(-0.501793272042,-4.345202142301E-17));
#2176 = CARTESIAN_POINT('',(-0.505239048795,-2.339249127834E-17));
#2177 = CARTESIAN_POINT('',(-0.50868824146,-5.327569050025E-16));
#2178 = CARTESIAN_POINT('',(-0.512144458671,5.461506639126E-16));
#2179 = CARTESIAN_POINT('',(-0.515608445857,6.465066069995E-17));
#2180 = CARTESIAN_POINT('',(-0.519069120705,-2.674745120135E-17));
#2181 = CARTESIAN_POINT('',(-0.52249587602,-1.181455562203E-16));
#2182 = CARTESIAN_POINT('',(-0.525926933152,-5.996455800801E-16));
#2183 = CARTESIAN_POINT('',(-0.52939579383,4.792620645411E-16));
#2184 = CARTESIAN_POINT('',(-0.532836343653,-3.010263135993E-17));
#2185 = CARTESIAN_POINT('',(-0.536299384205,-1.004204821395E-17));
#2186 = CARTESIAN_POINT('',(-0.53972247309,-5.194102407337E-16));
#2187 = CARTESIAN_POINT('',(-0.54314697143,5.595113903625E-16));
#2188 = CARTESIAN_POINT('',(-0.546639181304,7.795891722098E-17));
#2189 = CARTESIAN_POINT('',(-0.550102726349,-1.324337714592E-17));
#2190 = CARTESIAN_POINT('',(-0.553550018125,-1.053722823736E-16));
#2191 = CARTESIAN_POINT('',(-0.556989637121,-5.841449229328E-16));
#2192 = CARTESIAN_POINT('',(-0.560432068475,4.845839886947E-16));
#2193 = CARTESIAN_POINT('',(-0.56388124235,1.320684146783E-17));
#2194 = CARTESIAN_POINT('',(-0.56733279542,-1.085040370891E-16));
#2195 = CARTESIAN_POINT('',(-0.569633583403,-9.535063334393E-17));
#2196 = CARTESIAN_POINT('',(-0.570783380351,0.));
#2197 = ( GEOMETRIC_REPRESENTATION_CONTEXT(2) 
PARAMETRIC_REPRESENTATION_CONTEXT() REPRESENTATION_CONTEXT('2D SPACE',''
  ) );
#2198 = PCURVE('',#1347,#2199);
#2199 = DEFINITIONAL_REPRESENTATION('',(#2200),#2253);
#2200 = B_SPLINE_CURVE_WITH_KNOTS('',3,(#2201,#2202,#2203,#2204,#2205,
    #2206,#2207,#2208,#2209,#2210,#2211,#2212,#2213,#2214,#2215,#2216,
    #2217,#2218,#2219,#2220,#2221,#2222,#2223,#2224,#2225,#2226,#2227,
    #2228,#2229,#2230,#2231,#2232,#2233,#2234,#2235,#2236,#2237,#2238,
    #2239,#2240,#2241,#2242,#2243,#2244,#2245,#2246,#2247,#2248,#2249,
    #2250,#2251,#2252),.UNSPECIFIED.,.F.,.F.,(4,2,2,2,2,2,2,2,2,2,2,2,2,
    2,2,2,2,2,2,2,2,2,2,2,2,4),(-1.,-0.998384906986,-0.990204805639,
    -0.96960160016,-0.93410499816,-0.933484003111,-0.932847650332,
    -0.931559207233,-0.928950456751,-0.923668439189,-0.912973775319,
    -0.877465458288,-0.865238272152,-0.817986718005,-0.800789193631,
    -0.79897957147,-0.797125195829,-0.793370584273,-0.785768506454,
    -0.770376345024,-0.74682885461,-0.722699014914,-0.67384258425,
    -0.663025299247,-0.65194049367,-0.620567546244),.UNSPECIFIED.);
#2201 = CARTESIAN_POINT('',(-91.83159295494,1.278786795262));
#2202 = CARTESIAN_POINT('',(-91.74117256365,1.365654378989));
#2203 = CARTESIAN_POINT('',(-91.65144158482,1.450485482577));
#2204 = CARTESIAN_POINT('',(-91.10631713594,1.95928571803));
#2205 = CARTESIAN_POINT('',(-90.68765670651,2.321913647392));
#2206 = CARTESIAN_POINT('',(-89.85922117948,3.038374749375));
#2207 = CARTESIAN_POINT('',(-89.23736486184,3.533949901022));
#2208 = CARTESIAN_POINT('',(-86.95456166056,5.038561948296));
#2209 = CARTESIAN_POINT('',(-84.84336141075,6.168487866892));
#2210 = CARTESIAN_POINT('',(-81.29726464879,7.480216802534));
#2211 = CARTESIAN_POINT('',(-81.21002808306,7.512319884143));
#2212 = CARTESIAN_POINT('',(-81.10695114121,7.550098675611));
#2213 = CARTESIAN_POINT('',(-81.09051222635,7.556091774044));
#2214 = CARTESIAN_POINT('',(-80.99863281905,7.589613683199));
#2215 = CARTESIAN_POINT('',(-80.93652170621,7.612179806559));
#2216 = CARTESIAN_POINT('',(-80.74683981331,7.680798787122));
#2217 = CARTESIAN_POINT('',(-80.61741100434,7.727223255306));
#2218 = CARTESIAN_POINT('',(-80.21873058827,7.868952137587));
#2219 = CARTESIAN_POINT('',(-79.94209536729,7.965597811616));
#2220 = CARTESIAN_POINT('',(-79.0782480258,8.261738714358));
#2221 = CARTESIAN_POINT('',(-78.4630396926,8.465153514422));
#2222 = CARTESIAN_POINT('',(-75.68551358301,9.346929833034));
#2223 = CARTESIAN_POINT('',(-73.2158467231,10.028363824348));
#2224 = CARTESIAN_POINT('',(-70.26262598618,10.747075080533));
#2225 = CARTESIAN_POINT('',(-69.55778505721,10.910737693459));
#2226 = CARTESIAN_POINT('',(-66.29044465347,11.642740205423));
#2227 = CARTESIAN_POINT('',(-63.45464160379,12.18927412392));
#2228 = CARTESIAN_POINT('',(-59.28361854895,12.845612217654));
#2229 = CARTESIAN_POINT('',(-58.14126932224,13.012113121979));
#2230 = CARTESIAN_POINT('',(-56.84751956553,13.185069938164));
#2231 = CARTESIAN_POINT('',(-56.73102433687,13.200481576799));
#2232 = CARTESIAN_POINT('',(-56.50073702001,13.23067446565));
#2233 = CARTESIAN_POINT('',(-56.38409384414,13.245818879198));
#2234 = CARTESIAN_POINT('',(-56.0310322994,13.291207389083));
#2235 = CARTESIAN_POINT('',(-55.79436068652,13.321021637122));
#2236 = CARTESIAN_POINT('',(-55.07775616063,13.409435139691));
#2237 = CARTESIAN_POINT('',(-54.59707090049,13.466220710593));
#2238 = CARTESIAN_POINT('',(-53.14230383666,13.630464495271));
#2239 = CARTESIAN_POINT('',(-52.1673839626,13.730169851364));
#2240 = CARTESIAN_POINT('',(-49.71261328842,13.956289758264));
#2241 = CARTESIAN_POINT('',(-48.23861558427,14.068749016184));
#2242 = CARTESIAN_POINT('',(-45.31950008744,14.252888365382));
#2243 = CARTESIAN_POINT('',(-43.90512110696,14.322858198878));
#2244 = CARTESIAN_POINT('',(-39.47638041616,14.493710262672));
#2245 = CARTESIAN_POINT('',(-36.35845423847,14.544834341334));
#2246 = CARTESIAN_POINT('',(-32.53697575399,14.559012692999));
#2247 = CARTESIAN_POINT('',(-31.85450678758,14.559759999431));
#2248 = CARTESIAN_POINT('',(-30.40776844972,14.558073760756));
#2249 = CARTESIAN_POINT('',(-29.65390761501,14.55538755733));
#2250 = CARTESIAN_POINT('',(-27.05038096991,14.541807861859));
#2251 = CARTESIAN_POINT('',(-25.077369917,14.522808790614));
#2252 = CARTESIAN_POINT('',(-23.12797178225,14.49237415085));
#2253 = ( GEOMETRIC_REPRESENTATION_CONTEXT(2) 
PARAMETRIC_REPRESENTATION_CONTEXT() REPRESENTATION_CONTEXT('2D SPACE',''
  ) );
#2254 = ORIENTED_EDGE('',*,*,#2255,.F.);
#2255 = EDGE_CURVE('',#270,#2025,#2256,.T.);
#2256 = SURFACE_CURVE('',#2257,(#2261,#2267),.PCURVE_S1.);
#2257 = LINE('',#2258,#2259);
#2258 = CARTESIAN_POINT('',(-53.00002161396,10.59434190052,
    10.838546794692));
#2259 = VECTOR('',#2260,1.);
#2260 = DIRECTION('',(1.,-1.7763568394E-15,4.884981308351E-15));
#2261 = PCURVE('',#383,#2262);
#2262 = DEFINITIONAL_REPRESENTATION('',(#2263),#2266);
#2263 = B_SPLINE_CURVE_WITH_KNOTS('',1,(#2264,#2265),.UNSPECIFIED.,.F.,
  .F.,(2,2),(0.,10.),.PIECEWISE_BEZIER_KNOTS.);
#2264 = CARTESIAN_POINT('',(-0.191350926607,1.));
#2265 = CARTESIAN_POINT('',(-0.191350926607,1.092875789863E-16));
#2266 = ( GEOMETRIC_REPRESENTATION_CONTEXT(2) 
PARAMETRIC_REPRESENTATION_CONTEXT() REPRESENTATION_CONTEXT('2D SPACE',''
  ) );
#2267 = PCURVE('',#619,#2268);
#2268 = DEFINITIONAL_REPRESENTATION('',(#2269),#2273);
#2269 = LINE('',#2270,#2271);
#2270 = CARTESIAN_POINT('',(10.838546816003,-5.));
#2271 = VECTOR('',#2272,1.);
#2272 = DIRECTION('',(4.884981308351E-15,1.));
#2273 = ( GEOMETRIC_REPRESENTATION_CONTEXT(2) 
PARAMETRIC_REPRESENTATION_CONTEXT() REPRESENTATION_CONTEXT('2D SPACE',''
  ) );
#2274 = ORIENTED_EDGE('',*,*,#269,.F.);
#2275 = ORIENTED_EDGE('',*,*,#1714,.T.);
#2276 = ADVANCED_FACE('',(#2277),#619,.F.);
#2277 = FACE_BOUND('',#2278,.T.);
#2278 = EDGE_LOOP('',(#2279,#2280,#2281,#2282));
#2279 = ORIENTED_EDGE('',*,*,#2255,.F.);
#2280 = ORIENTED_EDGE('',*,*,#603,.T.);
#2281 = ORIENTED_EDGE('',*,*,#1999,.F.);
#2282 = ORIENTED_EDGE('',*,*,#2283,.T.);
#2283 = EDGE_CURVE('',#1977,#2025,#2284,.T.);
#2284 = SURFACE_CURVE('',#2285,(#2289,#2296),.PCURVE_S1.);
#2285 = LINE('',#2286,#2287);
#2286 = CARTESIAN_POINT('',(-43.00002161396,10.594341900521,
    10.838546794692));
#2287 = VECTOR('',#2288,1.);
#2288 = DIRECTION('',(0.,-1.676692654476E-15,1.));
#2289 = PCURVE('',#619,#2290);
#2290 = DEFINITIONAL_REPRESENTATION('',(#2291),#2295);
#2291 = LINE('',#2292,#2293);
#2292 = CARTESIAN_POINT('',(10.838546816003,5.));
#2293 = VECTOR('',#2294,1.);
#2294 = DIRECTION('',(1.,0.));
#2295 = ( GEOMETRIC_REPRESENTATION_CONTEXT(2) 
PARAMETRIC_REPRESENTATION_CONTEXT() REPRESENTATION_CONTEXT('2D SPACE',''
  ) );
#2296 = PCURVE('',#1347,#2297);
#2297 = DEFINITIONAL_REPRESENTATION('',(#2298),#2302);
#2298 = LINE('',#2299,#2300);
#2299 = CARTESIAN_POINT('',(-91.83159295494,1.278786795262));
#2300 = VECTOR('',#2301,1.);
#2301 = DIRECTION('',(-1.676692654476E-15,1.));
#2302 = ( GEOMETRIC_REPRESENTATION_CONTEXT(2) 
PARAMETRIC_REPRESENTATION_CONTEXT() REPRESENTATION_CONTEXT('2D SPACE',''
  ) );
#2303 = ADVANCED_FACE('',(#2304,#2307),#894,.F.);
#2304 = FACE_BOUND('',#2305,.F.);
#2305 = EDGE_LOOP('',(#2306));
#2306 = ORIENTED_EDGE('',*,*,#877,.T.);
#2307 = FACE_BOUND('',#2308,.F.);
#2308 = EDGE_LOOP('',(#2309));
#2309 = ORIENTED_EDGE('',*,*,#2310,.F.);
#2310 = EDGE_CURVE('',#2311,#2311,#2313,.T.);
#2311 = VERTEX_POINT('',#2312);
#2312 = CARTESIAN_POINT('',(-53.00002161396,104.5003516283,
    15.070498451741));
#2313 = SURFACE_CURVE('',#2314,(#2319,#2326),.PCURVE_S1.);
#2314 = CIRCLE('',#2315,4.);
#2315 = AXIS2_PLACEMENT_3D('',#2316,#2317,#2318);
#2316 = CARTESIAN_POINT('',(-53.00002161396,100.5003516283,
    15.070498451741));
#2317 = DIRECTION('',(1.,-1.608058169044E-15,4.884981308351E-15));
#2318 = DIRECTION('',(1.608058169044E-15,1.,1.355252715607E-19));
#2319 = PCURVE('',#894,#2320);
#2320 = DEFINITIONAL_REPRESENTATION('',(#2321),#2325);
#2321 = CIRCLE('',#2322,4.);
#2322 = AXIS2_PLACEMENT_2D('',#2323,#2324);
#2323 = CARTESIAN_POINT('',(40.046025474026,-0.561999762751));
#2324 = DIRECTION('',(1.,1.355252715606E-19));
#2325 = ( GEOMETRIC_REPRESENTATION_CONTEXT(2) 
PARAMETRIC_REPRESENTATION_CONTEXT() REPRESENTATION_CONTEXT('2D SPACE',''
  ) );
#2326 = PCURVE('',#2327,#2332);
#2327 = PLANE('',#2328);
#2328 = AXIS2_PLACEMENT_3D('',#2329,#2330,#2331);
#2329 = CARTESIAN_POINT('',(-53.00002161396,100.5003516283,
    15.070498451741));
#2330 = DIRECTION('',(1.,0.,0.));
#2331 = DIRECTION('',(-0.,0.,1.));
#2332 = DEFINITIONAL_REPRESENTATION('',(#2333),#2337);
#2333 = CIRCLE('',#2334,4.);
#2334 = AXIS2_PLACEMENT_2D('',#2335,#2336);
#2335 = CARTESIAN_POINT('',(0.,0.));
#2336 = DIRECTION('',(1.355252715607E-19,-1.));
#2337 = ( GEOMETRIC_REPRESENTATION_CONTEXT(2) 
PARAMETRIC_REPRESENTATION_CONTEXT() REPRESENTATION_CONTEXT('2D SPACE',''
  ) );
#2338 = ADVANCED_FACE('',(#2339),#931,.T.);
#2339 = FACE_BOUND('',#2340,.T.);
#2340 = EDGE_LOOP('',(#2341,#2342,#2365,#2389));
#2341 = ORIENTED_EDGE('',*,*,#908,.F.);
#2342 = ORIENTED_EDGE('',*,*,#2343,.T.);
#2343 = EDGE_CURVE('',#909,#2344,#2346,.T.);
#2344 = VERTEX_POINT('',#2345);
#2345 = CARTESIAN_POINT('',(-43.00002161396,50.865016585294,
    12.796102263594));
#2346 = SURFACE_CURVE('',#2347,(#2351,#2358),.PCURVE_S1.);
#2347 = LINE('',#2348,#2349);
#2348 = CARTESIAN_POINT('',(-48.00002161396,50.865016585294,
    12.796102263594));
#2349 = VECTOR('',#2350,1.);
#2350 = DIRECTION('',(1.,-1.544658121218E-16,7.530208340936E-16));
#2351 = PCURVE('',#931,#2352);
#2352 = DEFINITIONAL_REPRESENTATION('',(#2353),#2357);
#2353 = LINE('',#2354,#2355);
#2354 = CARTESIAN_POINT('',(-0.262020781051,-5.));
#2355 = VECTOR('',#2356,1.);
#2356 = DIRECTION('',(-4.440892098501E-16,-1.));
#2357 = ( GEOMETRIC_REPRESENTATION_CONTEXT(2) 
PARAMETRIC_REPRESENTATION_CONTEXT() REPRESENTATION_CONTEXT('2D SPACE',''
  ) );
#2358 = PCURVE('',#964,#2359);
#2359 = DEFINITIONAL_REPRESENTATION('',(#2360),#2364);
#2360 = LINE('',#2361,#2362);
#2361 = CARTESIAN_POINT('',(1.858386314,-19.00000018833));
#2362 = VECTOR('',#2363,1.);
#2363 = DIRECTION('',(-4.485301019486E-15,1.));
#2364 = ( GEOMETRIC_REPRESENTATION_CONTEXT(2) 
PARAMETRIC_REPRESENTATION_CONTEXT() REPRESENTATION_CONTEXT('2D SPACE',''
  ) );
#2365 = ORIENTED_EDGE('',*,*,#2366,.F.);
#2366 = EDGE_CURVE('',#2367,#2344,#2369,.T.);
#2367 = VERTEX_POINT('',#2368);
#2368 = CARTESIAN_POINT('',(-43.00002161396,50.732578792093,
    17.975066938337));
#2369 = SURFACE_CURVE('',#2370,(#2375,#2382),.PCURVE_S1.);
#2370 = CIRCLE('',#2371,10.);
#2371 = AXIS2_PLACEMENT_3D('',#2372,#2373,#2374);
#2372 = CARTESIAN_POINT('',(-43.00002161396,60.454326154274,
    15.632498214492));
#2373 = DIRECTION('',(1.,-1.418142915995E-16,7.578661487847E-16));
#2374 = DIRECTION('',(1.418142915995E-16,1.,8.329243336396E-30));
#2375 = PCURVE('',#931,#2376);
#2376 = DEFINITIONAL_REPRESENTATION('',(#2377),#2381);
#2377 = LINE('',#2378,#2379);
#2378 = CARTESIAN_POINT('',(3.167159334199,-10.));
#2379 = VECTOR('',#2380,1.);
#2380 = DIRECTION('',(-1.,4.067670126642E-14));
#2381 = ( GEOMETRIC_REPRESENTATION_CONTEXT(2) 
PARAMETRIC_REPRESENTATION_CONTEXT() REPRESENTATION_CONTEXT('2D SPACE',''
  ) );
#2382 = PCURVE('',#1347,#2383);
#2383 = DEFINITIONAL_REPRESENTATION('',(#2384),#2388);
#2384 = CIRCLE('',#2385,10.);
#2385 = AXIS2_PLACEMENT_2D('',#2386,#2387);
#2386 = CARTESIAN_POINT('',(-41.97160870119,6.072738215062));
#2387 = DIRECTION('',(1.,8.329243336396E-30));
#2388 = ( GEOMETRIC_REPRESENTATION_CONTEXT(2) 
PARAMETRIC_REPRESENTATION_CONTEXT() REPRESENTATION_CONTEXT('2D SPACE',''
  ) );
#2389 = ORIENTED_EDGE('',*,*,#2390,.F.);
#2390 = EDGE_CURVE('',#911,#2367,#2391,.T.);
#2391 = SURFACE_CURVE('',#2392,(#2396,#2403),.PCURVE_S1.);
#2392 = LINE('',#2393,#2394);
#2393 = CARTESIAN_POINT('',(-53.00002161396,50.732578792093,
    17.975066938337));
#2394 = VECTOR('',#2395,1.);
#2395 = DIRECTION('',(1.,-1.7763568394E-15,4.884981308351E-15));
#2396 = PCURVE('',#931,#2397);
#2397 = DEFINITIONAL_REPRESENTATION('',(#2398),#2402);
#2398 = LINE('',#2399,#2400);
#2399 = CARTESIAN_POINT('',(0.262020781051,7.815970093361E-14));
#2400 = VECTOR('',#2401,1.);
#2401 = DIRECTION('',(0.,-1.));
#2402 = ( GEOMETRIC_REPRESENTATION_CONTEXT(2) 
PARAMETRIC_REPRESENTATION_CONTEXT() REPRESENTATION_CONTEXT('2D SPACE',''
  ) );
#2403 = PCURVE('',#1256,#2404);
#2404 = DEFINITIONAL_REPRESENTATION('',(#2405),#2409);
#2405 = LINE('',#2406,#2407);
#2406 = CARTESIAN_POINT('',(1.334341306044,-24.00000018833));
#2407 = VECTOR('',#2408,1.);
#2408 = DIRECTION('',(6.883382752676E-16,1.));
#2409 = ( GEOMETRIC_REPRESENTATION_CONTEXT(2) 
PARAMETRIC_REPRESENTATION_CONTEXT() REPRESENTATION_CONTEXT('2D SPACE',''
  ) );
#2410 = ADVANCED_FACE('',(#2411),#964,.F.);
#2411 = FACE_BOUND('',#2412,.F.);
#2412 = EDGE_LOOP('',(#2413,#2414,#2441,#2461));
#2413 = ORIENTED_EDGE('',*,*,#2343,.T.);
#2414 = ORIENTED_EDGE('',*,*,#2415,.T.);
#2415 = EDGE_CURVE('',#2344,#2416,#2418,.T.);
#2416 = VERTEX_POINT('',#2417);
#2417 = CARTESIAN_POINT('',(-43.00002161396,49.894210319834,
    11.512533182467));
#2418 = SURFACE_CURVE('',#2419,(#2424,#2430),.PCURVE_S1.);
#2419 = CIRCLE('',#2420,1.000000443018);
#2420 = AXIS2_PLACEMENT_3D('',#2421,#2422,#2423);
#2421 = CARTESIAN_POINT('',(-43.00002161396,49.906085033266,
    12.512463118621));
#2422 = DIRECTION('',(-1.,0.,0.));
#2423 = DIRECTION('',(0.,0.958931127204,0.283639019316));
#2424 = PCURVE('',#964,#2425);
#2425 = DEFINITIONAL_REPRESENTATION('',(#2426),#2429);
#2426 = B_SPLINE_CURVE_WITH_KNOTS('',1,(#2427,#2428),.UNSPECIFIED.,.F.,
  .F.,(2,2),(0.,1.870258175285),.PIECEWISE_BEZIER_KNOTS.);
#2427 = CARTESIAN_POINT('',(1.858386314,-14.00000018833));
#2428 = CARTESIAN_POINT('',(-1.187611739921E-02,-14.00000018833));
#2429 = ( GEOMETRIC_REPRESENTATION_CONTEXT(2) 
PARAMETRIC_REPRESENTATION_CONTEXT() REPRESENTATION_CONTEXT('2D SPACE',''
  ) );
#2430 = PCURVE('',#1347,#2431);
#2431 = DEFINITIONAL_REPRESENTATION('',(#2432),#2440);
#2432 = ( BOUNDED_CURVE() B_SPLINE_CURVE(2,(#2433,#2434,#2435,#2436,
#2437,#2438,#2439),.UNSPECIFIED.,.T.,.F.) B_SPLINE_CURVE_WITH_KNOTS((1,2
    ,2,2,2,1),(-2.094395102393,0.,2.094395102393,4.188790204786,
6.28318530718,8.377580409573),.UNSPECIFIED.) CURVE() 
GEOMETRIC_REPRESENTATION_ITEM() RATIONAL_B_SPLINE_CURVE((1.,0.5,1.,0.5,
1.,0.5,1.)) REPRESENTATION_ITEM('') );
#2433 = CARTESIAN_POINT('',(-51.56091827017,3.236342264164));
#2434 = CARTESIAN_POINT('',(-51.06964086006,1.575424095071));
#2435 = CARTESIAN_POINT('',(-52.75367689316,1.980424462158));
#2436 = CARTESIAN_POINT('',(-54.43771292626,2.385424829244));
#2437 = CARTESIAN_POINT('',(-53.24495430327,3.641342631251));
#2438 = CARTESIAN_POINT('',(-52.05219568028,4.897260433258));
#2439 = CARTESIAN_POINT('',(-51.56091827017,3.236342264164));
#2440 = ( GEOMETRIC_REPRESENTATION_CONTEXT(2) 
PARAMETRIC_REPRESENTATION_CONTEXT() REPRESENTATION_CONTEXT('2D SPACE',''
  ) );
#2441 = ORIENTED_EDGE('',*,*,#2442,.F.);
#2442 = EDGE_CURVE('',#944,#2416,#2443,.T.);
#2443 = SURFACE_CURVE('',#2444,(#2448,#2455),.PCURVE_S1.);
#2444 = LINE('',#2445,#2446);
#2445 = CARTESIAN_POINT('',(-48.00002161396,49.894210319834,
    11.512533182467));
#2446 = VECTOR('',#2447,1.);
#2447 = DIRECTION('',(1.,-1.544658121218E-16,7.530208340936E-16));
#2448 = PCURVE('',#964,#2449);
#2449 = DEFINITIONAL_REPRESENTATION('',(#2450),#2454);
#2450 = LINE('',#2451,#2452);
#2451 = CARTESIAN_POINT('',(-1.187611739922E-02,-19.00000018833));
#2452 = VECTOR('',#2453,1.);
#2453 = DIRECTION('',(1.50990331349E-15,1.));
#2454 = ( GEOMETRIC_REPRESENTATION_CONTEXT(2) 
PARAMETRIC_REPRESENTATION_CONTEXT() REPRESENTATION_CONTEXT('2D SPACE',''
  ) );
#2455 = PCURVE('',#1011,#2456);
#2456 = DEFINITIONAL_REPRESENTATION('',(#2457),#2460);
#2457 = B_SPLINE_CURVE_WITH_KNOTS('',1,(#2458,#2459),.UNSPECIFIED.,.F.,
  .F.,(2,2),(-5.,5.),.PIECEWISE_BEZIER_KNOTS.);
#2458 = CARTESIAN_POINT('',(-1.73920180048,-1.200211804825E-16));
#2459 = CARTESIAN_POINT('',(-1.73920180048,1.));
#2460 = ( GEOMETRIC_REPRESENTATION_CONTEXT(2) 
PARAMETRIC_REPRESENTATION_CONTEXT() REPRESENTATION_CONTEXT('2D SPACE',''
  ) );
#2461 = ORIENTED_EDGE('',*,*,#943,.F.);
#2462 = ADVANCED_FACE('',(#2463),#1256,.F.);
#2463 = FACE_BOUND('',#2464,.F.);
#2464 = EDGE_LOOP('',(#2465,#2487,#2512,#2513));
#2465 = ORIENTED_EDGE('',*,*,#2466,.T.);
#2466 = EDGE_CURVE('',#1106,#2467,#2469,.T.);
#2467 = VERTEX_POINT('',#2468);
#2468 = CARTESIAN_POINT('',(-43.00002161396,49.65474914383,
    19.20372666649));
#2469 = SURFACE_CURVE('',#2470,(#2474,#2481),.PCURVE_S1.);
#2470 = LINE('',#2471,#2472);
#2471 = CARTESIAN_POINT('',(-48.00002161396,49.65474914383,
    19.20372666649));
#2472 = VECTOR('',#2473,1.);
#2473 = DIRECTION('',(1.,-1.544658121218E-16,7.530208340936E-16));
#2474 = PCURVE('',#1256,#2475);
#2475 = DEFINITIONAL_REPRESENTATION('',(#2476),#2480);
#2476 = LINE('',#2477,#2478);
#2477 = CARTESIAN_POINT('',(3.247449535654,-19.00000018833));
#2478 = VECTOR('',#2479,1.);
#2479 = DIRECTION('',(-1.7763568394E-15,1.));
#2480 = ( GEOMETRIC_REPRESENTATION_CONTEXT(2) 
PARAMETRIC_REPRESENTATION_CONTEXT() REPRESENTATION_CONTEXT('2D SPACE',''
  ) );
#2481 = PCURVE('',#1171,#2482);
#2482 = DEFINITIONAL_REPRESENTATION('',(#2483),#2486);
#2483 = B_SPLINE_CURVE_WITH_KNOTS('',1,(#2484,#2485),.UNSPECIFIED.,.F.,
  .F.,(2,2),(-5.,5.),.PIECEWISE_BEZIER_KNOTS.);
#2484 = CARTESIAN_POINT('',(13.101812132887,-2.108122705259E-16));
#2485 = CARTESIAN_POINT('',(13.101812132887,1.));
#2486 = ( GEOMETRIC_REPRESENTATION_CONTEXT(2) 
PARAMETRIC_REPRESENTATION_CONTEXT() REPRESENTATION_CONTEXT('2D SPACE',''
  ) );
#2487 = ORIENTED_EDGE('',*,*,#2488,.T.);
#2488 = EDGE_CURVE('',#2467,#2367,#2489,.T.);
#2489 = SURFACE_CURVE('',#2490,(#2495,#2501),.PCURVE_S1.);
#2490 = CIRCLE('',#2491,1.000000290949);
#2491 = AXIS2_PLACEMENT_3D('',#2492,#2493,#2494);
#2492 = CARTESIAN_POINT('',(-43.00002161396,49.760403676381,
    18.209323477814));
#2493 = DIRECTION('',(-1.,0.,0.));
#2494 = DIRECTION('',(0.,-0.105654501811,0.994402899356));
#2495 = PCURVE('',#1256,#2496);
#2496 = DEFINITIONAL_REPRESENTATION('',(#2497),#2500);
#2497 = B_SPLINE_CURVE_WITH_KNOTS('',1,(#2498,#2499),.UNSPECIFIED.,.F.,
  .F.,(2,2),(0.,1.913102078511),.PIECEWISE_BEZIER_KNOTS.);
#2498 = CARTESIAN_POINT('',(3.247449535654,-14.00000018833));
#2499 = CARTESIAN_POINT('',(1.334341306044,-14.00000018833));
#2500 = ( GEOMETRIC_REPRESENTATION_CONTEXT(2) 
PARAMETRIC_REPRESENTATION_CONTEXT() REPRESENTATION_CONTEXT('2D SPACE',''
  ) );
#2501 = PCURVE('',#1347,#2502);
#2502 = DEFINITIONAL_REPRESENTATION('',(#2503),#2511);
#2503 = ( BOUNDED_CURVE() B_SPLINE_CURVE(2,(#2504,#2505,#2506,#2507,
#2508,#2509,#2510),.UNSPECIFIED.,.T.,.F.) B_SPLINE_CURVE_WITH_KNOTS((1,2
    ,2,2,2,1),(-2.094395102393,0.,2.094395102393,4.188790204786,
6.28318530718,8.377580409573),.UNSPECIFIED.) CURVE() 
GEOMETRIC_REPRESENTATION_ITEM() RATIONAL_B_SPLINE_CURVE((1.,0.5,1.,0.5,
1.,0.5,1.)) REPRESENTATION_ITEM('') );
#2504 = CARTESIAN_POINT('',(-52.77118571164,9.64396666706));
#2505 = CARTESIAN_POINT('',(-51.04882886564,9.826965685489));
#2506 = CARTESIAN_POINT('',(-51.75152548981,8.24386139326));
#2507 = CARTESIAN_POINT('',(-52.45422211398,6.660757101031));
#2508 = CARTESIAN_POINT('',(-53.47388233581,8.060862374832));
#2509 = CARTESIAN_POINT('',(-54.49354255763,9.460967648632));
#2510 = CARTESIAN_POINT('',(-52.77118571164,9.64396666706));
#2511 = ( GEOMETRIC_REPRESENTATION_CONTEXT(2) 
PARAMETRIC_REPRESENTATION_CONTEXT() REPRESENTATION_CONTEXT('2D SPACE',''
  ) );
#2512 = ORIENTED_EDGE('',*,*,#2390,.F.);
#2513 = ORIENTED_EDGE('',*,*,#1237,.F.);
#2514 = ADVANCED_FACE('',(#2515),#1011,.F.);
#2515 = FACE_BOUND('',#2516,.F.);
#2516 = EDGE_LOOP('',(#2517,#2518,#2583,#2603));
#2517 = ORIENTED_EDGE('',*,*,#2442,.T.);
#2518 = ORIENTED_EDGE('',*,*,#2519,.T.);
#2519 = EDGE_CURVE('',#2416,#2520,#2522,.T.);
#2520 = VERTEX_POINT('',#2521);
#2521 = CARTESIAN_POINT('',(-43.00002161396,26.07869547089,
    12.478599820107));
#2522 = SURFACE_CURVE('',#2523,(#2537,#2566),.PCURVE_S1.);
#2523 = B_SPLINE_CURVE_WITH_KNOTS('',3,(#2524,#2525,#2526,#2527,#2528,
    #2529,#2530,#2531,#2532,#2533,#2534,#2535,#2536),.UNSPECIFIED.,.F.,
  .F.,(4,3,3,3,4),(0.,0.490652789669,2.139700303474,2.21062760718,
    2.260131285603),.UNSPECIFIED.);
#2524 = CARTESIAN_POINT('',(-43.00002161396,49.894210319833,
    11.512533182467));
#2525 = CARTESIAN_POINT('',(-43.00002161396,48.21671551009,
    11.532455355735));
#2526 = CARTESIAN_POINT('',(-43.00002161396,46.584026741056,
    11.558999319093));
#2527 = CARTESIAN_POINT('',(-43.00002161396,44.95725790648,
    11.593821907804));
#2528 = CARTESIAN_POINT('',(-43.00002161396,39.498168149694,
    11.710679099372));
#2529 = CARTESIAN_POINT('',(-43.00002161396,33.132471941327,
    11.959766014177));
#2530 = CARTESIAN_POINT('',(-43.00002161396,27.741369942147,
    12.352728086003));
#2531 = CARTESIAN_POINT('',(-43.00002161396,27.508217710932,
    12.369722753112));
#2532 = CARTESIAN_POINT('',(-43.00002161396,27.211980995939,
    12.391600025173));
#2533 = CARTESIAN_POINT('',(-43.00002161396,26.867198949729,
    12.417746535271));
#2534 = CARTESIAN_POINT('',(-43.00002161396,26.626558481958,
    12.435995479756));
#2535 = CARTESIAN_POINT('',(-43.00002161396,26.361974764126,
    12.456360424915));
#2536 = CARTESIAN_POINT('',(-43.00002161396,26.07869547089,
    12.478599820107));
#2537 = PCURVE('',#1011,#2538);
#2538 = DEFINITIONAL_REPRESENTATION('',(#2539),#2565);
#2539 = B_SPLINE_CURVE_WITH_KNOTS('',3,(#2540,#2541,#2542,#2543,#2544,
    #2545,#2546,#2547,#2548,#2549,#2550,#2551,#2552,#2553,#2554,#2555,
    #2556,#2557,#2558,#2559,#2560,#2561,#2562,#2563,#2564),
  .UNSPECIFIED.,.F.,.F.,(4,1,1,1,1,1,1,1,1,1,1,1,1,1,1,1,1,1,1,1,1,1,4),
  (0.,0.102733240255,0.205466480509,0.308199720764,0.410932961019,
    0.513666201273,0.616399441528,0.719132681783,0.821865922037,
    0.924599162292,1.027332402547,1.130065642801,1.232798883056,
    1.335532123311,1.438265363566,1.54099860382,1.643731844075,
    1.74646508433,1.849198324584,1.951931564839,2.054664805094,
    2.157398045348,2.260131285603),.QUASI_UNIFORM_KNOTS.);
#2540 = CARTESIAN_POINT('',(-1.73920180057,1.));
#2541 = CARTESIAN_POINT('',(-1.755201158219,1.));
#2542 = CARTESIAN_POINT('',(-1.787170616867,1.));
#2543 = CARTESIAN_POINT('',(-1.83513031059,1.));
#2544 = CARTESIAN_POINT('',(-1.883200739496,1.));
#2545 = CARTESIAN_POINT('',(-1.93144529493,1.));
#2546 = CARTESIAN_POINT('',(-1.979238605593,1.));
#2547 = CARTESIAN_POINT('',(-2.027140420289,1.));
#2548 = CARTESIAN_POINT('',(-2.075147251745,1.));
#2549 = CARTESIAN_POINT('',(-2.123179381164,1.));
#2550 = CARTESIAN_POINT('',(-2.171192446964,1.));
#2551 = CARTESIAN_POINT('',(-2.219185056804,1.));
#2552 = CARTESIAN_POINT('',(-2.267173737228,1.));
#2553 = CARTESIAN_POINT('',(-2.315169796985,1.));
#2554 = CARTESIAN_POINT('',(-2.363169479304,1.));
#2555 = CARTESIAN_POINT('',(-2.411168042168,1.));
#2556 = CARTESIAN_POINT('',(-2.459163676282,1.));
#2557 = CARTESIAN_POINT('',(-2.507159171089,1.));
#2558 = CARTESIAN_POINT('',(-2.555166007378,1.));
#2559 = CARTESIAN_POINT('',(-2.603155838611,1.));
#2560 = CARTESIAN_POINT('',(-2.651144674951,1.));
#2561 = CARTESIAN_POINT('',(-2.699135800125,1.));
#2562 = CARTESIAN_POINT('',(-2.74715829971,1.));
#2563 = CARTESIAN_POINT('',(-2.779157580262,1.));
#2564 = CARTESIAN_POINT('',(-2.795148133729,1.));
#2565 = ( GEOMETRIC_REPRESENTATION_CONTEXT(2) 
PARAMETRIC_REPRESENTATION_CONTEXT() REPRESENTATION_CONTEXT('2D SPACE',''
  ) );
#2566 = PCURVE('',#1347,#2567);
#2567 = DEFINITIONAL_REPRESENTATION('',(#2568),#2582);
#2568 = B_SPLINE_CURVE_WITH_KNOTS('',3,(#2569,#2570,#2571,#2572,#2573,
    #2574,#2575,#2576,#2577,#2578,#2579,#2580,#2581),.UNSPECIFIED.,.F.,
  .F.,(4,3,3,3,4),(0.,0.490652789669,2.139700303474,2.21062760718,
    2.260131285603),.UNSPECIFIED.);
#2569 = CARTESIAN_POINT('',(-52.53172453563,1.952773183037));
#2570 = CARTESIAN_POINT('',(-54.20921934538,1.972695356305));
#2571 = CARTESIAN_POINT('',(-55.84190811441,1.999239319663));
#2572 = CARTESIAN_POINT('',(-57.46867694899,2.034061908374));
#2573 = CARTESIAN_POINT('',(-62.92776670577,2.150919099942));
#2574 = CARTESIAN_POINT('',(-69.29346291414,2.400006014747));
#2575 = CARTESIAN_POINT('',(-74.68456491332,2.792968086573));
#2576 = CARTESIAN_POINT('',(-74.91771714453,2.809962753682));
#2577 = CARTESIAN_POINT('',(-75.21395385953,2.831840025743));
#2578 = CARTESIAN_POINT('',(-75.55873590574,2.857986535841));
#2579 = CARTESIAN_POINT('',(-75.79937637351,2.876235480326));
#2580 = CARTESIAN_POINT('',(-76.06396009134,2.896600425485));
#2581 = CARTESIAN_POINT('',(-76.34723938458,2.918839820677));
#2582 = ( GEOMETRIC_REPRESENTATION_CONTEXT(2) 
PARAMETRIC_REPRESENTATION_CONTEXT() REPRESENTATION_CONTEXT('2D SPACE',''
  ) );
#2583 = ORIENTED_EDGE('',*,*,#2584,.F.);
#2584 = EDGE_CURVE('',#976,#2520,#2585,.T.);
#2585 = SURFACE_CURVE('',#2586,(#2590,#2596),.PCURVE_S1.);
#2586 = LINE('',#2587,#2588);
#2587 = CARTESIAN_POINT('',(-48.00002161396,26.07869547089,
    12.478599820107));
#2588 = VECTOR('',#2589,1.);
#2589 = DIRECTION('',(1.,-1.544658121218E-16,7.530208340936E-16));
#2590 = PCURVE('',#1011,#2591);
#2591 = DEFINITIONAL_REPRESENTATION('',(#2592),#2595);
#2592 = B_SPLINE_CURVE_WITH_KNOTS('',1,(#2593,#2594),.UNSPECIFIED.,.F.,
  .F.,(2,2),(-5.,5.),.PIECEWISE_BEZIER_KNOTS.);
#2593 = CARTESIAN_POINT('',(-2.795148133755,-1.031074996101E-16));
#2594 = CARTESIAN_POINT('',(-2.795148133755,1.));
#2595 = ( GEOMETRIC_REPRESENTATION_CONTEXT(2) 
PARAMETRIC_REPRESENTATION_CONTEXT() REPRESENTATION_CONTEXT('2D SPACE',''
  ) );
#2596 = PCURVE('',#1094,#2597);
#2597 = DEFINITIONAL_REPRESENTATION('',(#2598),#2602);
#2598 = LINE('',#2599,#2600);
#2599 = CARTESIAN_POINT('',(6.204838244064,-19.00000018833));
#2600 = VECTOR('',#2601,1.);
#2601 = DIRECTION('',(2.39808173319E-15,1.));
#2602 = ( GEOMETRIC_REPRESENTATION_CONTEXT(2) 
PARAMETRIC_REPRESENTATION_CONTEXT() REPRESENTATION_CONTEXT('2D SPACE',''
  ) );
#2603 = ORIENTED_EDGE('',*,*,#975,.T.);
#2604 = ADVANCED_FACE('',(#2605),#1171,.F.);
#2605 = FACE_BOUND('',#2606,.F.);
#2606 = EDGE_LOOP('',(#2607,#2629,#2744,#2745));
#2607 = ORIENTED_EDGE('',*,*,#2608,.T.);
#2608 = EDGE_CURVE('',#1074,#2609,#2611,.T.);
#2609 = VERTEX_POINT('',#2610);
#2610 = CARTESIAN_POINT('',(-43.00002161396,25.854826125306,
    14.428797316096));
#2611 = SURFACE_CURVE('',#2612,(#2616,#2622),.PCURVE_S1.);
#2612 = LINE('',#2613,#2614);
#2613 = CARTESIAN_POINT('',(-48.00002161396,25.854826125306,
    14.428797316096));
#2614 = VECTOR('',#2615,1.);
#2615 = DIRECTION('',(1.,-1.544658121218E-16,7.530208340936E-16));
#2616 = PCURVE('',#1171,#2617);
#2617 = DEFINITIONAL_REPRESENTATION('',(#2618),#2621);
#2618 = B_SPLINE_CURVE_WITH_KNOTS('',1,(#2619,#2620),.UNSPECIFIED.,.F.,
  .F.,(2,2),(-5.,5.),.PIECEWISE_BEZIER_KNOTS.);
#2619 = CARTESIAN_POINT('',(16.079464684086,2.006858220321E-16));
#2620 = CARTESIAN_POINT('',(16.079464684086,1.));
#2621 = ( GEOMETRIC_REPRESENTATION_CONTEXT(2) 
PARAMETRIC_REPRESENTATION_CONTEXT() REPRESENTATION_CONTEXT('2D SPACE',''
  ) );
#2622 = PCURVE('',#1094,#2623);
#2623 = DEFINITIONAL_REPRESENTATION('',(#2624),#2628);
#2624 = LINE('',#2625,#2626);
#2625 = CARTESIAN_POINT('',(3.448526801764,-19.00000018833));
#2626 = VECTOR('',#2627,1.);
#2627 = DIRECTION('',(-9.769962616701E-16,1.));
#2628 = ( GEOMETRIC_REPRESENTATION_CONTEXT(2) 
PARAMETRIC_REPRESENTATION_CONTEXT() REPRESENTATION_CONTEXT('2D SPACE',''
  ) );
#2629 = ORIENTED_EDGE('',*,*,#2630,.T.);
#2630 = EDGE_CURVE('',#2609,#2467,#2631,.T.);
#2631 = SURFACE_CURVE('',#2632,(#2661,#2712),.PCURVE_S1.);
#2632 = B_SPLINE_CURVE_WITH_KNOTS('',3,(#2633,#2634,#2635,#2636,#2637,
    #2638,#2639,#2640,#2641,#2642,#2643,#2644,#2645,#2646,#2647,#2648,
    #2649,#2650,#2651,#2652,#2653,#2654,#2655,#2656,#2657,#2658,#2659,
    #2660),.UNSPECIFIED.,.F.,.F.,(4,3,3,3,3,3,3,3,3,4),(0.,
    0.659858307752,0.863591423422,1.672315903856,2.008627356693,
    2.043815542575,2.078741187517,2.149852036722,2.295216643747,
    2.388885452984),.UNSPECIFIED.);
#2633 = CARTESIAN_POINT('',(-43.00002161396,25.854826125306,
    14.428797316095));
#2634 = CARTESIAN_POINT('',(-43.00002161396,27.956485848919,
    15.094914269419));
#2635 = CARTESIAN_POINT('',(-43.00002161396,30.136295549737,
    15.696781039225));
#2636 = CARTESIAN_POINT('',(-43.00002161396,32.352711598296,
    16.23617964989));
#2637 = CARTESIAN_POINT('',(-43.00002161396,33.036895698897,
    16.402686273745));
#2638 = CARTESIAN_POINT('',(-43.00002161396,33.724486746462,
    16.563192706663));
#2639 = CARTESIAN_POINT('',(-43.00002161396,34.414292456293,
    16.717734153212));
#2640 = CARTESIAN_POINT('',(-43.00002161396,37.150881464689,
    17.330829142049));
#2641 = CARTESIAN_POINT('',(-43.00002161396,39.945341518131,
    17.853087673472));
#2642 = CARTESIAN_POINT('',(-43.00002161396,42.651100527312,
    18.278856768209));
#2643 = CARTESIAN_POINT('',(-43.00002161396,43.777101030646,
    18.45604040258));
#2644 = CARTESIAN_POINT('',(-43.00002161396,44.887291466125,
    18.616850203454));
#2645 = CARTESIAN_POINT('',(-43.00002161396,45.985271078384,
    18.763635203403));
#2646 = CARTESIAN_POINT('',(-43.00002161396,46.099871082656,
    18.7789556715));
#2647 = CARTESIAN_POINT('',(-43.00002161396,46.214324736724,
    18.794108799159));
#2648 = CARTESIAN_POINT('',(-43.00002161396,46.328636166859,
    18.809096130427));
#2649 = CARTESIAN_POINT('',(-43.00002161396,46.442094714613,
    18.823971640586));
#2650 = CARTESIAN_POINT('',(-43.00002161396,46.555413433854,
    18.838683856061));
#2651 = CARTESIAN_POINT('',(-43.00002161396,46.668596359665,
    18.853234306042));
#2652 = CARTESIAN_POINT('',(-43.00002161396,46.899043755828,
    18.882859916859));
#2653 = CARTESIAN_POINT('',(-43.00002161396,47.128929937821,
    18.91181512082));
#2654 = CARTESIAN_POINT('',(-43.00002161396,47.358288970689,
    18.940113065795));
#2655 = CARTESIAN_POINT('',(-43.00002161396,47.827141818683,
    18.997959368717));
#2656 = CARTESIAN_POINT('',(-43.00002161396,48.293805858868,
    19.053060559306));
#2657 = CARTESIAN_POINT('',(-43.00002161396,48.758572140615,
    19.105532858826));
#2658 = CARTESIAN_POINT('',(-43.00002161396,49.058049587269,
    19.139343982605));
#2659 = CARTESIAN_POINT('',(-43.00002161396,49.356749314062,
    19.172064301865));
#2660 = CARTESIAN_POINT('',(-43.00002161396,49.65474914383,
    19.20372666649));
#2661 = PCURVE('',#1171,#2662);
#2662 = DEFINITIONAL_REPRESENTATION('',(#2663),#2711);
#2663 = B_SPLINE_CURVE_WITH_KNOTS('',3,(#2664,#2665,#2666,#2667,#2668,
    #2669,#2670,#2671,#2672,#2673,#2674,#2675,#2676,#2677,#2678,#2679,
    #2680,#2681,#2682,#2683,#2684,#2685,#2686,#2687,#2688,#2689,#2690,
    #2691,#2692,#2693,#2694,#2695,#2696,#2697,#2698,#2699,#2700,#2701,
    #2702,#2703,#2704,#2705,#2706,#2707,#2708,#2709,#2710),
  .UNSPECIFIED.,.F.,.F.,(4,1,1,1,1,1,1,1,1,1,1,1,1,1,1,1,1,1,1,1,1,1,1,1
    ,1,1,1,1,1,1,1,1,1,1,1,1,1,1,1,1,1,1,1,1,4),(0.,5.429285120418E-02,
    0.108585702408,0.162878553613,0.217171404817,0.271464256021,
    0.325757107225,0.380049958429,0.434342809633,0.488635660838,
    0.542928512042,0.597221363246,0.65151421445,0.705807065654,
    0.760099916859,0.814392768063,0.868685619267,0.922978470471,
    0.977271321675,1.031564172879,1.085857024084,1.140149875288,
    1.194442726492,1.248735577696,1.3030284289,1.357321280105,
    1.411614131309,1.465906982513,1.520199833717,1.574492684921,
    1.628785536125,1.68307838733,1.737371238534,1.791664089738,
    1.845956940942,1.900249792146,1.954542643351,2.008835494555,
    2.063128345759,2.117421196963,2.171714048167,2.226006899371,
    2.280299750576,2.33459260178,2.388885452984),.QUASI_UNIFORM_KNOTS.);
#2664 = CARTESIAN_POINT('',(16.079464684243,1.));
#2665 = CARTESIAN_POINT('',(16.056906709297,1.));
#2666 = CARTESIAN_POINT('',(16.011789506098,1.));
#2667 = CARTESIAN_POINT('',(15.94411097874,1.));
#2668 = CARTESIAN_POINT('',(15.876430770467,1.));
#2669 = CARTESIAN_POINT('',(15.808749907937,1.));
#2670 = CARTESIAN_POINT('',(15.741069410534,1.));
#2671 = CARTESIAN_POINT('',(15.673390286261,1.));
#2672 = CARTESIAN_POINT('',(15.605713549124,1.));
#2673 = CARTESIAN_POINT('',(15.538040162651,1.));
#2674 = CARTESIAN_POINT('',(15.470371257612,1.));
#2675 = CARTESIAN_POINT('',(15.402707326994,1.));
#2676 = CARTESIAN_POINT('',(15.335051237972,1.));
#2677 = CARTESIAN_POINT('',(15.267396998836,1.));
#2678 = CARTESIAN_POINT('',(15.199768784375,1.));
#2679 = CARTESIAN_POINT('',(15.132147673864,1.));
#2680 = CARTESIAN_POINT('',(15.064531909537,1.));
#2681 = CARTESIAN_POINT('',(14.996921553499,1.));
#2682 = CARTESIAN_POINT('',(14.929325297388,1.));
#2683 = CARTESIAN_POINT('',(14.861647305431,1.));
#2684 = CARTESIAN_POINT('',(14.793930261249,1.));
#2685 = CARTESIAN_POINT('',(14.726179675236,1.));
#2686 = CARTESIAN_POINT('',(14.658410997512,1.));
#2687 = CARTESIAN_POINT('',(14.590637028919,1.));
#2688 = CARTESIAN_POINT('',(14.522871337727,1.));
#2689 = CARTESIAN_POINT('',(14.455117050242,1.));
#2690 = CARTESIAN_POINT('',(14.387377358531,1.));
#2691 = CARTESIAN_POINT('',(14.31965547102,1.));
#2692 = CARTESIAN_POINT('',(14.251954657311,1.));
#2693 = CARTESIAN_POINT('',(14.184278202546,1.));
#2694 = CARTESIAN_POINT('',(14.116629631743,1.));
#2695 = CARTESIAN_POINT('',(14.049011947726,1.));
#2696 = CARTESIAN_POINT('',(13.981430548513,1.));
#2697 = CARTESIAN_POINT('',(13.913825869686,1.));
#2698 = CARTESIAN_POINT('',(13.846233358375,1.));
#2699 = CARTESIAN_POINT('',(13.778592320938,1.));
#2700 = CARTESIAN_POINT('',(13.710902205639,1.));
#2701 = CARTESIAN_POINT('',(13.64318988227,1.));
#2702 = CARTESIAN_POINT('',(13.575356558235,1.));
#2703 = CARTESIAN_POINT('',(13.507783392985,1.));
#2704 = CARTESIAN_POINT('',(13.440126321615,1.));
#2705 = CARTESIAN_POINT('',(13.372479671168,1.));
#2706 = CARTESIAN_POINT('',(13.304819524621,1.));
#2707 = CARTESIAN_POINT('',(13.23715421835,1.));
#2708 = CARTESIAN_POINT('',(13.169485421459,1.));
#2709 = CARTESIAN_POINT('',(13.124370305087,1.));
#2710 = CARTESIAN_POINT('',(13.101812134027,1.));
#2711 = ( GEOMETRIC_REPRESENTATION_CONTEXT(2) 
PARAMETRIC_REPRESENTATION_CONTEXT() REPRESENTATION_CONTEXT('2D SPACE',''
  ) );
#2712 = PCURVE('',#1347,#2713);
#2713 = DEFINITIONAL_REPRESENTATION('',(#2714),#2743);
#2714 = B_SPLINE_CURVE_WITH_KNOTS('',3,(#2715,#2716,#2717,#2718,#2719,
    #2720,#2721,#2722,#2723,#2724,#2725,#2726,#2727,#2728,#2729,#2730,
    #2731,#2732,#2733,#2734,#2735,#2736,#2737,#2738,#2739,#2740,#2741,
    #2742),.UNSPECIFIED.,.F.,.F.,(4,3,3,3,3,3,3,3,3,4),(0.,
    0.659858307752,0.863591423422,1.672315903856,2.008627356693,
    2.043815542575,2.078741187517,2.149852036722,2.295216643747,
    2.388885452984),.UNSPECIFIED.);
#2715 = CARTESIAN_POINT('',(-76.57110873016,4.869037316665));
#2716 = CARTESIAN_POINT('',(-74.46944900655,5.535154269989));
#2717 = CARTESIAN_POINT('',(-72.28963930573,6.137021039795));
#2718 = CARTESIAN_POINT('',(-70.07322325717,6.67641965046));
#2719 = CARTESIAN_POINT('',(-69.38903915657,6.842926274315));
#2720 = CARTESIAN_POINT('',(-68.701448109,7.003432707233));
#2721 = CARTESIAN_POINT('',(-68.01164239917,7.157974153782));
#2722 = CARTESIAN_POINT('',(-65.27505339078,7.771069142619));
#2723 = CARTESIAN_POINT('',(-62.48059333733,8.293327674042));
#2724 = CARTESIAN_POINT('',(-59.77483432815,8.719096768779));
#2725 = CARTESIAN_POINT('',(-58.64883382482,8.89628040315));
#2726 = CARTESIAN_POINT('',(-57.53864338934,9.057090204024));
#2727 = CARTESIAN_POINT('',(-56.44066377708,9.203875203973));
#2728 = CARTESIAN_POINT('',(-56.32606377281,9.21919567207));
#2729 = CARTESIAN_POINT('',(-56.21161011874,9.234348799729));
#2730 = CARTESIAN_POINT('',(-56.09729868861,9.249336130997));
#2731 = CARTESIAN_POINT('',(-55.98384014085,9.264211641156));
#2732 = CARTESIAN_POINT('',(-55.87052142161,9.278923856631));
#2733 = CARTESIAN_POINT('',(-55.7573384958,9.293474306612));
#2734 = CARTESIAN_POINT('',(-55.52689109964,9.323099917429));
#2735 = CARTESIAN_POINT('',(-55.29700491764,9.35205512139));
#2736 = CARTESIAN_POINT('',(-55.06764588478,9.380353066365));
#2737 = CARTESIAN_POINT('',(-54.59879303678,9.438199369287));
#2738 = CARTESIAN_POINT('',(-54.1321289966,9.493300559876));
#2739 = CARTESIAN_POINT('',(-53.66736271485,9.545772859396));
#2740 = CARTESIAN_POINT('',(-53.3678852682,9.579583983175));
#2741 = CARTESIAN_POINT('',(-53.0691855414,9.612304302435));
#2742 = CARTESIAN_POINT('',(-52.77118571164,9.64396666706));
#2743 = ( GEOMETRIC_REPRESENTATION_CONTEXT(2) 
PARAMETRIC_REPRESENTATION_CONTEXT() REPRESENTATION_CONTEXT('2D SPACE',''
  ) );
#2744 = ORIENTED_EDGE('',*,*,#2466,.F.);
#2745 = ORIENTED_EDGE('',*,*,#1105,.T.);
#2746 = ADVANCED_FACE('',(#2747),#1094,.F.);
#2747 = FACE_BOUND('',#2748,.F.);
#2748 = EDGE_LOOP('',(#2749,#2750,#2775,#2776));
#2749 = ORIENTED_EDGE('',*,*,#2584,.T.);
#2750 = ORIENTED_EDGE('',*,*,#2751,.T.);
#2751 = EDGE_CURVE('',#2520,#2609,#2752,.T.);
#2752 = SURFACE_CURVE('',#2753,(#2758,#2764),.PCURVE_S1.);
#2753 = CIRCLE('',#2754,1.00000000175);
#2754 = AXIS2_PLACEMENT_3D('',#2755,#2756,#2757);
#2755 = CARTESIAN_POINT('',(-43.00002161396,26.156961616613,
    13.475532322302));
#2756 = DIRECTION('',(-1.,0.,0.));
#2757 = DIRECTION('',(-0.,-7.826614558603E-02,-0.996932500451));
#2758 = PCURVE('',#1094,#2759);
#2759 = DEFINITIONAL_REPRESENTATION('',(#2760),#2763);
#2760 = B_SPLINE_CURVE_WITH_KNOTS('',1,(#2761,#2762),.UNSPECIFIED.,.F.,
  .F.,(2,2),(0.,2.756314335517),.PIECEWISE_BEZIER_KNOTS.);
#2761 = CARTESIAN_POINT('',(6.204838244064,-14.00000018833));
#2762 = CARTESIAN_POINT('',(3.448526801764,-14.00000018833));
#2763 = ( GEOMETRIC_REPRESENTATION_CONTEXT(2) 
PARAMETRIC_REPRESENTATION_CONTEXT() REPRESENTATION_CONTEXT('2D SPACE',''
  ) );
#2764 = PCURVE('',#1347,#2765);
#2765 = DEFINITIONAL_REPRESENTATION('',(#2766),#2774);
#2766 = ( BOUNDED_CURVE() B_SPLINE_CURVE(2,(#2767,#2768,#2769,#2770,
#2771,#2772,#2773),.UNSPECIFIED.,.T.,.F.) B_SPLINE_CURVE_WITH_KNOTS((1,2
    ,2,2,2,1),(-2.094395102393,0.,2.094395102393,4.188790204786,
6.28318530718,8.377580409573),.UNSPECIFIED.) CURVE() 
GEOMETRIC_REPRESENTATION_ITEM() RATIONAL_B_SPLINE_CURVE((1.,0.5,1.,0.5,
1.,0.5,1.)) REPRESENTATION_ITEM('') );
#2767 = CARTESIAN_POINT('',(-76.34723938458,2.918839820677));
#2768 = CARTESIAN_POINT('',(-78.07397713009,3.054400761581));
#2769 = CARTESIAN_POINT('',(-77.09320903875,4.482019044422));
#2770 = CARTESIAN_POINT('',(-76.11244094741,5.909637327263));
#2771 = CARTESIAN_POINT('',(-75.36647129323,4.346458103517));
#2772 = CARTESIAN_POINT('',(-74.62050163906,2.783278879772));
#2773 = CARTESIAN_POINT('',(-76.34723938458,2.918839820677));
#2774 = ( GEOMETRIC_REPRESENTATION_CONTEXT(2) 
PARAMETRIC_REPRESENTATION_CONTEXT() REPRESENTATION_CONTEXT('2D SPACE',''
  ) );
#2775 = ORIENTED_EDGE('',*,*,#2608,.F.);
#2776 = ORIENTED_EDGE('',*,*,#1073,.F.);
#2777 = ADVANCED_FACE('',(#2778),#1293,.F.);
#2778 = FACE_BOUND('',#2779,.F.);
#2779 = EDGE_LOOP('',(#2780,#2809,#2830,#2831));
#2780 = ORIENTED_EDGE('',*,*,#2781,.F.);
#2781 = EDGE_CURVE('',#2782,#2782,#2784,.T.);
#2782 = VERTEX_POINT('',#2783);
#2783 = CARTESIAN_POINT('',(-43.00002161396,60.454326154274,
    18.232498214492));
#2784 = SURFACE_CURVE('',#2785,(#2790,#2797),.PCURVE_S1.);
#2785 = CIRCLE('',#2786,2.6);
#2786 = AXIS2_PLACEMENT_3D('',#2787,#2788,#2789);
#2787 = CARTESIAN_POINT('',(-43.00002161396,60.454326154274,
    15.632498214492));
#2788 = DIRECTION('',(1.,0.,0.));
#2789 = DIRECTION('',(-0.,0.,1.));
#2790 = PCURVE('',#1293,#2791);
#2791 = DEFINITIONAL_REPRESENTATION('',(#2792),#2796);
#2792 = LINE('',#2793,#2794);
#2793 = CARTESIAN_POINT('',(0.,11.));
#2794 = VECTOR('',#2795,1.);
#2795 = DIRECTION('',(1.,0.));
#2796 = ( GEOMETRIC_REPRESENTATION_CONTEXT(2) 
PARAMETRIC_REPRESENTATION_CONTEXT() REPRESENTATION_CONTEXT('2D SPACE',''
  ) );
#2797 = PCURVE('',#2798,#2803);
#2798 = PLANE('',#2799);
#2799 = AXIS2_PLACEMENT_3D('',#2800,#2801,#2802);
#2800 = CARTESIAN_POINT('',(-43.00002161396,60.454326154274,
    15.632498214492));
#2801 = DIRECTION('',(1.,0.,0.));
#2802 = DIRECTION('',(-0.,0.,1.));
#2803 = DEFINITIONAL_REPRESENTATION('',(#2804),#2808);
#2804 = CIRCLE('',#2805,2.6);
#2805 = AXIS2_PLACEMENT_2D('',#2806,#2807);
#2806 = CARTESIAN_POINT('',(0.,0.));
#2807 = DIRECTION('',(1.,0.));
#2808 = ( GEOMETRIC_REPRESENTATION_CONTEXT(2) 
PARAMETRIC_REPRESENTATION_CONTEXT() REPRESENTATION_CONTEXT('2D SPACE',''
  ) );
#2809 = ORIENTED_EDGE('',*,*,#2810,.F.);
#2810 = EDGE_CURVE('',#1277,#2782,#2811,.T.);
#2811 = SEAM_CURVE('',#2812,(#2816,#2823),.PCURVE_S1.);
#2812 = LINE('',#2813,#2814);
#2813 = CARTESIAN_POINT('',(-54.00002161396,60.454326154274,
    18.232498214492));
#2814 = VECTOR('',#2815,1.);
#2815 = DIRECTION('',(1.,0.,0.));
#2816 = PCURVE('',#1293,#2817);
#2817 = DEFINITIONAL_REPRESENTATION('',(#2818),#2822);
#2818 = LINE('',#2819,#2820);
#2819 = CARTESIAN_POINT('',(0.,-0.));
#2820 = VECTOR('',#2821,1.);
#2821 = DIRECTION('',(0.,1.));
#2822 = ( GEOMETRIC_REPRESENTATION_CONTEXT(2) 
PARAMETRIC_REPRESENTATION_CONTEXT() REPRESENTATION_CONTEXT('2D SPACE',''
  ) );
#2823 = PCURVE('',#1293,#2824);
#2824 = DEFINITIONAL_REPRESENTATION('',(#2825),#2829);
#2825 = LINE('',#2826,#2827);
#2826 = CARTESIAN_POINT('',(6.28318530718,-0.));
#2827 = VECTOR('',#2828,1.);
#2828 = DIRECTION('',(0.,1.));
#2829 = ( GEOMETRIC_REPRESENTATION_CONTEXT(2) 
PARAMETRIC_REPRESENTATION_CONTEXT() REPRESENTATION_CONTEXT('2D SPACE',''
  ) );
#2830 = ORIENTED_EDGE('',*,*,#1276,.T.);
#2831 = ORIENTED_EDGE('',*,*,#2810,.T.);
#2832 = ADVANCED_FACE('',(#2833,#2989,#3020,#3028),#1347,.T.);
#2833 = FACE_BOUND('',#2834,.T.);
#2834 = EDGE_LOOP('',(#2835,#2836,#2859,#2887,#2908,#2909,#2910,#2911,
    #2912,#2913,#2914,#2915,#2916,#2917,#2940,#2968));
#2835 = ORIENTED_EDGE('',*,*,#1869,.F.);
#2836 = ORIENTED_EDGE('',*,*,#2837,.F.);
#2837 = EDGE_CURVE('',#2838,#1842,#2840,.T.);
#2838 = VERTEX_POINT('',#2839);
#2839 = CARTESIAN_POINT('',(-43.00002161396,145.65000001249,
    -5.000000000001));
#2840 = SURFACE_CURVE('',#2841,(#2845,#2852),.PCURVE_S1.);
#2841 = LINE('',#2842,#2843);
#2842 = CARTESIAN_POINT('',(-43.00002161396,145.65000001249,
    2.347557704407));
#2843 = VECTOR('',#2844,1.);
#2844 = DIRECTION('',(0.,-7.664998630867E-16,1.));
#2845 = PCURVE('',#1347,#2846);
#2846 = DEFINITIONAL_REPRESENTATION('',(#2847),#2851);
#2847 = LINE('',#2848,#2849);
#2848 = CARTESIAN_POINT('',(43.22406515702,-7.212202295023));
#2849 = VECTOR('',#2850,1.);
#2850 = DIRECTION('',(-7.664998630867E-16,1.));
#2851 = ( GEOMETRIC_REPRESENTATION_CONTEXT(2) 
PARAMETRIC_REPRESENTATION_CONTEXT() REPRESENTATION_CONTEXT('2D SPACE',''
  ) );
#2852 = PCURVE('',#1857,#2853);
#2853 = DEFINITIONAL_REPRESENTATION('',(#2854),#2858);
#2854 = LINE('',#2855,#2856);
#2855 = CARTESIAN_POINT('',(7.347557704408,5.));
#2856 = VECTOR('',#2857,1.);
#2857 = DIRECTION('',(1.,0.));
#2858 = ( GEOMETRIC_REPRESENTATION_CONTEXT(2) 
PARAMETRIC_REPRESENTATION_CONTEXT() REPRESENTATION_CONTEXT('2D SPACE',''
  ) );
#2859 = ORIENTED_EDGE('',*,*,#2860,.F.);
#2860 = EDGE_CURVE('',#2861,#2838,#2863,.T.);
#2861 = VERTEX_POINT('',#2862);
#2862 = CARTESIAN_POINT('',(-43.00002161396,174.25752781042,
    -5.000000000001));
#2863 = SURFACE_CURVE('',#2864,(#2868,#2875),.PCURVE_S1.);
#2864 = LINE('',#2865,#2866);
#2865 = CARTESIAN_POINT('',(-43.00002161396,107.42593485547,
    -5.000000000001));
#2866 = VECTOR('',#2867,1.);
#2867 = DIRECTION('',(-1.418142915116E-16,-1.,-1.160230382424E-10));
#2868 = PCURVE('',#1347,#2869);
#2869 = DEFINITIONAL_REPRESENTATION('',(#2870),#2874);
#2870 = LINE('',#2871,#2872);
#2871 = CARTESIAN_POINT('',(5.,-14.55975999943));
#2872 = VECTOR('',#2873,1.);
#2873 = DIRECTION('',(-1.,-1.160230382424E-10));
#2874 = ( GEOMETRIC_REPRESENTATION_CONTEXT(2) 
PARAMETRIC_REPRESENTATION_CONTEXT() REPRESENTATION_CONTEXT('2D SPACE',''
  ) );
#2875 = PCURVE('',#2876,#2881);
#2876 = PLANE('',#2877);
#2877 = AXIS2_PLACEMENT_3D('',#2878,#2879,#2880);
#2878 = CARTESIAN_POINT('',(-45.50002161396,107.42593485547,
    -5.000000000001));
#2879 = DIRECTION('',(1.443289932013E-15,-1.160230382424E-10,1.));
#2880 = DIRECTION('',(5.350182836791E-18,-1.,-1.160230382424E-10));
#2881 = DEFINITIONAL_REPRESENTATION('',(#2882),#2886);
#2882 = LINE('',#2883,#2884);
#2883 = CARTESIAN_POINT('',(1.337545750417E-17,2.5));
#2884 = VECTOR('',#2885,1.);
#2885 = DIRECTION('',(1.,-1.471644743484E-16));
#2886 = ( GEOMETRIC_REPRESENTATION_CONTEXT(2) 
PARAMETRIC_REPRESENTATION_CONTEXT() REPRESENTATION_CONTEXT('2D SPACE',''
  ) );
#2887 = ORIENTED_EDGE('',*,*,#2888,.F.);
#2888 = EDGE_CURVE('',#1763,#2861,#2889,.T.);
#2889 = SURFACE_CURVE('',#2890,(#2894,#2901),.PCURVE_S1.);
#2890 = LINE('',#2891,#2892);
#2891 = CARTESIAN_POINT('',(-43.00002161396,174.25752781042,
    2.816389479436));
#2892 = VECTOR('',#2893,1.);
#2893 = DIRECTION('',(0.,7.366930545116E-16,-1.));
#2894 = PCURVE('',#1347,#2895);
#2895 = DEFINITIONAL_REPRESENTATION('',(#2896),#2900);
#2896 = LINE('',#2897,#2898);
#2897 = CARTESIAN_POINT('',(71.83159295495,-6.743370519994));
#2898 = VECTOR('',#2899,1.);
#2899 = DIRECTION('',(7.366930545116E-16,-1.));
#2900 = ( GEOMETRIC_REPRESENTATION_CONTEXT(2) 
PARAMETRIC_REPRESENTATION_CONTEXT() REPRESENTATION_CONTEXT('2D SPACE',''
  ) );
#2901 = PCURVE('',#1801,#2902);
#2902 = DEFINITIONAL_REPRESENTATION('',(#2903),#2907);
#2903 = LINE('',#2904,#2905);
#2904 = CARTESIAN_POINT('',(-2.816389479438,5.));
#2905 = VECTOR('',#2906,1.);
#2906 = DIRECTION('',(1.,0.));
#2907 = ( GEOMETRIC_REPRESENTATION_CONTEXT(2) 
PARAMETRIC_REPRESENTATION_CONTEXT() REPRESENTATION_CONTEXT('2D SPACE',''
  ) );
#2908 = ORIENTED_EDGE('',*,*,#1762,.F.);
#2909 = ORIENTED_EDGE('',*,*,#1664,.F.);
#2910 = ORIENTED_EDGE('',*,*,#1382,.F.);
#2911 = ORIENTED_EDGE('',*,*,#1331,.F.);
#2912 = ORIENTED_EDGE('',*,*,#1550,.F.);
#2913 = ORIENTED_EDGE('',*,*,#1736,.F.);
#2914 = ORIENTED_EDGE('',*,*,#2024,.F.);
#2915 = ORIENTED_EDGE('',*,*,#2283,.F.);
#2916 = ORIENTED_EDGE('',*,*,#1976,.F.);
#2917 = ORIENTED_EDGE('',*,*,#2918,.F.);
#2918 = EDGE_CURVE('',#2919,#1949,#2921,.T.);
#2919 = VERTEX_POINT('',#2920);
#2920 = CARTESIAN_POINT('',(-43.00002161396,40.594341900521,
    -5.000000000001));
#2921 = SURFACE_CURVE('',#2922,(#2926,#2933),.PCURVE_S1.);
#2922 = LINE('',#2923,#2924);
#2923 = CARTESIAN_POINT('',(-43.00002161396,40.594341900521,
    2.686851388296));
#2924 = VECTOR('',#2925,1.);
#2925 = DIRECTION('',(0.,-1.489388759643E-15,1.));
#2926 = PCURVE('',#1347,#2927);
#2927 = DEFINITIONAL_REPRESENTATION('',(#2928),#2932);
#2928 = LINE('',#2929,#2930);
#2929 = CARTESIAN_POINT('',(-61.83159295494,-6.872908611134));
#2930 = VECTOR('',#2931,1.);
#2931 = DIRECTION('',(-1.489388759643E-15,1.));
#2932 = ( GEOMETRIC_REPRESENTATION_CONTEXT(2) 
PARAMETRIC_REPRESENTATION_CONTEXT() REPRESENTATION_CONTEXT('2D SPACE',''
  ) );
#2933 = PCURVE('',#1964,#2934);
#2934 = DEFINITIONAL_REPRESENTATION('',(#2935),#2939);
#2935 = LINE('',#2936,#2937);
#2936 = CARTESIAN_POINT('',(7.686851388297,5.));
#2937 = VECTOR('',#2938,1.);
#2938 = DIRECTION('',(1.,0.));
#2939 = ( GEOMETRIC_REPRESENTATION_CONTEXT(2) 
PARAMETRIC_REPRESENTATION_CONTEXT() REPRESENTATION_CONTEXT('2D SPACE',''
  ) );
#2940 = ORIENTED_EDGE('',*,*,#2941,.F.);
#2941 = EDGE_CURVE('',#2942,#2919,#2944,.T.);
#2942 = VERTEX_POINT('',#2943);
#2943 = CARTESIAN_POINT('',(-43.00002161396,85.6500000125,
    -5.000000000001));
#2944 = SURFACE_CURVE('',#2945,(#2949,#2956),.PCURVE_S1.);
#2945 = LINE('',#2946,#2947);
#2946 = CARTESIAN_POINT('',(-43.00002161396,107.42593485547,
    -5.000000000001));
#2947 = VECTOR('',#2948,1.);
#2948 = DIRECTION('',(-1.418142915116E-16,-1.,-1.160230382424E-10));
#2949 = PCURVE('',#1347,#2950);
#2950 = DEFINITIONAL_REPRESENTATION('',(#2951),#2955);
#2951 = LINE('',#2952,#2953);
#2952 = CARTESIAN_POINT('',(5.,-14.55975999943));
#2953 = VECTOR('',#2954,1.);
#2954 = DIRECTION('',(-1.,-1.160230382424E-10));
#2955 = ( GEOMETRIC_REPRESENTATION_CONTEXT(2) 
PARAMETRIC_REPRESENTATION_CONTEXT() REPRESENTATION_CONTEXT('2D SPACE',''
  ) );
#2956 = PCURVE('',#2957,#2962);
#2957 = PLANE('',#2958);
#2958 = AXIS2_PLACEMENT_3D('',#2959,#2960,#2961);
#2959 = CARTESIAN_POINT('',(-45.50002161396,107.42593485547,
    -5.000000000001));
#2960 = DIRECTION('',(1.443289932013E-15,-1.160230382424E-10,1.));
#2961 = DIRECTION('',(5.350182836791E-18,-1.,-1.160230382424E-10));
#2962 = DEFINITIONAL_REPRESENTATION('',(#2963),#2967);
#2963 = LINE('',#2964,#2965);
#2964 = CARTESIAN_POINT('',(1.337545750417E-17,2.5));
#2965 = VECTOR('',#2966,1.);
#2966 = DIRECTION('',(1.,-1.471644743484E-16));
#2967 = ( GEOMETRIC_REPRESENTATION_CONTEXT(2) 
PARAMETRIC_REPRESENTATION_CONTEXT() REPRESENTATION_CONTEXT('2D SPACE',''
  ) );
#2968 = ORIENTED_EDGE('',*,*,#2969,.F.);
#2969 = EDGE_CURVE('',#1870,#2942,#2970,.T.);
#2970 = SURFACE_CURVE('',#2971,(#2975,#2982),.PCURVE_S1.);
#2971 = LINE('',#2972,#2973);
#2972 = CARTESIAN_POINT('',(-43.00002161396,85.6500000125,3.101050034282
    ));
#2973 = VECTOR('',#2974,1.);
#2974 = DIRECTION('',(0.,1.439400481468E-15,-1.));
#2975 = PCURVE('',#1347,#2976);
#2976 = DEFINITIONAL_REPRESENTATION('',(#2977),#2981);
#2977 = LINE('',#2978,#2979);
#2978 = CARTESIAN_POINT('',(-16.77593484297,-6.458709965148));
#2979 = VECTOR('',#2980,1.);
#2980 = DIRECTION('',(1.439400481468E-15,-1.));
#2981 = ( GEOMETRIC_REPRESENTATION_CONTEXT(2) 
PARAMETRIC_REPRESENTATION_CONTEXT() REPRESENTATION_CONTEXT('2D SPACE',''
  ) );
#2982 = PCURVE('',#1908,#2983);
#2983 = DEFINITIONAL_REPRESENTATION('',(#2984),#2988);
#2984 = LINE('',#2985,#2986);
#2985 = CARTESIAN_POINT('',(-3.101050060475,5.));
#2986 = VECTOR('',#2987,1.);
#2987 = DIRECTION('',(1.,0.));
#2988 = ( GEOMETRIC_REPRESENTATION_CONTEXT(2) 
PARAMETRIC_REPRESENTATION_CONTEXT() REPRESENTATION_CONTEXT('2D SPACE',''
  ) );
#2989 = FACE_BOUND('',#2990,.T.);
#2990 = EDGE_LOOP('',(#2991));
#2991 = ORIENTED_EDGE('',*,*,#2992,.F.);
#2992 = EDGE_CURVE('',#2993,#2993,#2995,.T.);
#2993 = VERTEX_POINT('',#2994);
#2994 = CARTESIAN_POINT('',(-43.00002161396,100.5003516283,
    19.070508451741));
#2995 = SURFACE_CURVE('',#2996,(#3001,#3008),.PCURVE_S1.);
#2996 = CIRCLE('',#2997,4.00001);
#2997 = AXIS2_PLACEMENT_3D('',#2998,#2999,#3000);
#2998 = CARTESIAN_POINT('',(-43.00002161396,100.5003516283,
    15.070498451741));
#2999 = DIRECTION('',(1.,0.,0.));
#3000 = DIRECTION('',(-0.,0.,1.));
#3001 = PCURVE('',#1347,#3002);
#3002 = DEFINITIONAL_REPRESENTATION('',(#3003),#3007);
#3003 = CIRCLE('',#3004,4.00001);
#3004 = AXIS2_PLACEMENT_2D('',#3005,#3006);
#3005 = CARTESIAN_POINT('',(-1.92558322717,5.510738452311));
#3006 = DIRECTION('',(0.,1.));
#3007 = ( GEOMETRIC_REPRESENTATION_CONTEXT(2) 
PARAMETRIC_REPRESENTATION_CONTEXT() REPRESENTATION_CONTEXT('2D SPACE',''
  ) );
#3008 = PCURVE('',#3009,#3014);
#3009 = PLANE('',#3010);
#3010 = AXIS2_PLACEMENT_3D('',#3011,#3012,#3013);
#3011 = CARTESIAN_POINT('',(-43.00002161396,102.42593485547,
    9.55975999943));
#3012 = DIRECTION('',(1.,-1.418142915995E-16,7.578661487847E-16));
#3013 = DIRECTION('',(1.418142915995E-16,1.,0.));
#3014 = DEFINITIONAL_REPRESENTATION('',(#3015),#3019);
#3015 = CIRCLE('',#3016,4.00001);
#3016 = AXIS2_PLACEMENT_2D('',#3017,#3018);
#3017 = CARTESIAN_POINT('',(-1.92558322717,5.510738452311));
#3018 = DIRECTION('',(0.,1.));
#3019 = ( GEOMETRIC_REPRESENTATION_CONTEXT(2) 
PARAMETRIC_REPRESENTATION_CONTEXT() REPRESENTATION_CONTEXT('2D SPACE',''
  ) );
#3020 = FACE_BOUND('',#3021,.T.);
#3021 = EDGE_LOOP('',(#3022,#3023,#3024,#3025,#3026,#3027));
#3022 = ORIENTED_EDGE('',*,*,#2519,.T.);
#3023 = ORIENTED_EDGE('',*,*,#2751,.T.);
#3024 = ORIENTED_EDGE('',*,*,#2630,.T.);
#3025 = ORIENTED_EDGE('',*,*,#2488,.T.);
#3026 = ORIENTED_EDGE('',*,*,#2366,.T.);
#3027 = ORIENTED_EDGE('',*,*,#2415,.T.);
#3028 = FACE_BOUND('',#3029,.T.);
#3029 = EDGE_LOOP('',(#3030));
#3030 = ORIENTED_EDGE('',*,*,#3031,.F.);
#3031 = EDGE_CURVE('',#3032,#3032,#3034,.T.);
#3032 = VERTEX_POINT('',#3033);
#3033 = CARTESIAN_POINT('',(-43.00002161396,60.454326154274,
    19.632508214492));
#3034 = SURFACE_CURVE('',#3035,(#3040,#3047),.PCURVE_S1.);
#3035 = CIRCLE('',#3036,4.00001);
#3036 = AXIS2_PLACEMENT_3D('',#3037,#3038,#3039);
#3037 = CARTESIAN_POINT('',(-43.00002161396,60.454326154274,
    15.632498214492));
#3038 = DIRECTION('',(1.,0.,0.));
#3039 = DIRECTION('',(-0.,0.,1.));
#3040 = PCURVE('',#1347,#3041);
#3041 = DEFINITIONAL_REPRESENTATION('',(#3042),#3046);
#3042 = CIRCLE('',#3043,4.00001);
#3043 = AXIS2_PLACEMENT_2D('',#3044,#3045);
#3044 = CARTESIAN_POINT('',(-41.97160870119,6.072738215062));
#3045 = DIRECTION('',(0.,1.));
#3046 = ( GEOMETRIC_REPRESENTATION_CONTEXT(2) 
PARAMETRIC_REPRESENTATION_CONTEXT() REPRESENTATION_CONTEXT('2D SPACE',''
  ) );
#3047 = PCURVE('',#3048,#3053);
#3048 = PLANE('',#3049);
#3049 = AXIS2_PLACEMENT_3D('',#3050,#3051,#3052);
#3050 = CARTESIAN_POINT('',(-43.00002161396,102.42593485547,
    9.55975999943));
#3051 = DIRECTION('',(1.,-1.418142915995E-16,7.578661487847E-16));
#3052 = DIRECTION('',(1.418142915995E-16,1.,0.));
#3053 = DEFINITIONAL_REPRESENTATION('',(#3054),#3058);
#3054 = CIRCLE('',#3055,4.00001);
#3055 = AXIS2_PLACEMENT_2D('',#3056,#3057);
#3056 = CARTESIAN_POINT('',(-41.97160870119,6.072738215062));
#3057 = DIRECTION('',(0.,1.));
#3058 = ( GEOMETRIC_REPRESENTATION_CONTEXT(2) 
PARAMETRIC_REPRESENTATION_CONTEXT() REPRESENTATION_CONTEXT('2D SPACE',''
  ) );
#3059 = ADVANCED_FACE('',(#3060),#1801,.F.);
#3060 = FACE_BOUND('',#3061,.T.);
#3061 = EDGE_LOOP('',(#3062,#3085,#3086,#3087));
#3062 = ORIENTED_EDGE('',*,*,#3063,.F.);
#3063 = EDGE_CURVE('',#1786,#3064,#3066,.T.);
#3064 = VERTEX_POINT('',#3065);
#3065 = CARTESIAN_POINT('',(-48.00002161396,174.25752781042,
    -5.000000000001));
#3066 = SURFACE_CURVE('',#3067,(#3071,#3078),.PCURVE_S1.);
#3067 = LINE('',#3068,#3069);
#3068 = CARTESIAN_POINT('',(-48.00002161396,174.25752781042,
    2.816389479436));
#3069 = VECTOR('',#3070,1.);
#3070 = DIRECTION('',(0.,7.366930545116E-16,-1.));
#3071 = PCURVE('',#1801,#3072);
#3072 = DEFINITIONAL_REPRESENTATION('',(#3073),#3077);
#3073 = LINE('',#3074,#3075);
#3074 = CARTESIAN_POINT('',(-2.816389479438,1.158399531376E-45));
#3075 = VECTOR('',#3076,1.);
#3076 = DIRECTION('',(1.,0.));
#3077 = ( GEOMETRIC_REPRESENTATION_CONTEXT(2) 
PARAMETRIC_REPRESENTATION_CONTEXT() REPRESENTATION_CONTEXT('2D SPACE',''
  ) );
#3078 = PCURVE('',#1829,#3079);
#3079 = DEFINITIONAL_REPRESENTATION('',(#3080),#3084);
#3080 = LINE('',#3081,#3082);
#3081 = CARTESIAN_POINT('',(71.83159295495,-6.743370519994));
#3082 = VECTOR('',#3083,1.);
#3083 = DIRECTION('',(7.366930545116E-16,-1.));
#3084 = ( GEOMETRIC_REPRESENTATION_CONTEXT(2) 
PARAMETRIC_REPRESENTATION_CONTEXT() REPRESENTATION_CONTEXT('2D SPACE',''
  ) );
#3085 = ORIENTED_EDGE('',*,*,#1785,.T.);
#3086 = ORIENTED_EDGE('',*,*,#2888,.T.);
#3087 = ORIENTED_EDGE('',*,*,#3088,.F.);
#3088 = EDGE_CURVE('',#3064,#2861,#3089,.T.);
#3089 = SURFACE_CURVE('',#3090,(#3094,#3101),.PCURVE_S1.);
#3090 = LINE('',#3091,#3092);
#3091 = CARTESIAN_POINT('',(-45.50002161396,174.25752781042,
    -4.999999992247));
#3092 = VECTOR('',#3093,1.);
#3093 = DIRECTION('',(1.,1.621576396572E-30,-1.443289932013E-15));
#3094 = PCURVE('',#1801,#3095);
#3095 = DEFINITIONAL_REPRESENTATION('',(#3096),#3100);
#3096 = LINE('',#3097,#3098);
#3097 = CARTESIAN_POINT('',(4.999999992245,2.5));
#3098 = VECTOR('',#3099,1.);
#3099 = DIRECTION('',(1.443289932013E-15,1.));
#3100 = ( GEOMETRIC_REPRESENTATION_CONTEXT(2) 
PARAMETRIC_REPRESENTATION_CONTEXT() REPRESENTATION_CONTEXT('2D SPACE',''
  ) );
#3101 = PCURVE('',#2876,#3102);
#3102 = DEFINITIONAL_REPRESENTATION('',(#3103),#3107);
#3103 = LINE('',#3104,#3105);
#3104 = CARTESIAN_POINT('',(-66.83159295495,3.57561241583E-16));
#3105 = VECTOR('',#3106,1.);
#3106 = DIRECTION('',(5.350183004244E-18,1.));
#3107 = ( GEOMETRIC_REPRESENTATION_CONTEXT(2) 
PARAMETRIC_REPRESENTATION_CONTEXT() REPRESENTATION_CONTEXT('2D SPACE',''
  ) );
#3108 = ADVANCED_FACE('',(#3109),#1829,.F.);
#3109 = FACE_BOUND('',#3110,.T.);
#3110 = EDGE_LOOP('',(#3111,#3112,#3113,#3136));
#3111 = ORIENTED_EDGE('',*,*,#1813,.F.);
#3112 = ORIENTED_EDGE('',*,*,#3063,.T.);
#3113 = ORIENTED_EDGE('',*,*,#3114,.F.);
#3114 = EDGE_CURVE('',#3115,#3064,#3117,.T.);
#3115 = VERTEX_POINT('',#3116);
#3116 = CARTESIAN_POINT('',(-48.00002161396,145.65000001249,
    -5.000000000001));
#3117 = SURFACE_CURVE('',#3118,(#3122,#3129),.PCURVE_S1.);
#3118 = LINE('',#3119,#3120);
#3119 = CARTESIAN_POINT('',(-48.00002161396,107.42593485547,
    -5.000000000001));
#3120 = VECTOR('',#3121,1.);
#3121 = DIRECTION('',(1.418142915116E-16,1.,1.160230382424E-10));
#3122 = PCURVE('',#1829,#3123);
#3123 = DEFINITIONAL_REPRESENTATION('',(#3124),#3128);
#3124 = LINE('',#3125,#3126);
#3125 = CARTESIAN_POINT('',(5.,-14.55975999943));
#3126 = VECTOR('',#3127,1.);
#3127 = DIRECTION('',(1.,1.160230382424E-10));
#3128 = ( GEOMETRIC_REPRESENTATION_CONTEXT(2) 
PARAMETRIC_REPRESENTATION_CONTEXT() REPRESENTATION_CONTEXT('2D SPACE',''
  ) );
#3129 = PCURVE('',#2876,#3130);
#3130 = DEFINITIONAL_REPRESENTATION('',(#3131),#3135);
#3131 = LINE('',#3132,#3133);
#3132 = CARTESIAN_POINT('',(-1.337545750417E-17,-2.5));
#3133 = VECTOR('',#3134,1.);
#3134 = DIRECTION('',(-1.,1.471644743484E-16));
#3135 = ( GEOMETRIC_REPRESENTATION_CONTEXT(2) 
PARAMETRIC_REPRESENTATION_CONTEXT() REPRESENTATION_CONTEXT('2D SPACE',''
  ) );
#3136 = ORIENTED_EDGE('',*,*,#3137,.F.);
#3137 = EDGE_CURVE('',#1814,#3115,#3138,.T.);
#3138 = SURFACE_CURVE('',#3139,(#3143,#3150),.PCURVE_S1.);
#3139 = LINE('',#3140,#3141);
#3140 = CARTESIAN_POINT('',(-48.00002161396,145.65000001249,
    2.347557704407));
#3141 = VECTOR('',#3142,1.);
#3142 = DIRECTION('',(0.,7.664998630867E-16,-1.));
#3143 = PCURVE('',#1829,#3144);
#3144 = DEFINITIONAL_REPRESENTATION('',(#3145),#3149);
#3145 = LINE('',#3146,#3147);
#3146 = CARTESIAN_POINT('',(43.22406515702,-7.212202295023));
#3147 = VECTOR('',#3148,1.);
#3148 = DIRECTION('',(7.664998630867E-16,-1.));
#3149 = ( GEOMETRIC_REPRESENTATION_CONTEXT(2) 
PARAMETRIC_REPRESENTATION_CONTEXT() REPRESENTATION_CONTEXT('2D SPACE',''
  ) );
#3150 = PCURVE('',#1857,#3151);
#3151 = DEFINITIONAL_REPRESENTATION('',(#3152),#3156);
#3152 = LINE('',#3153,#3154);
#3153 = CARTESIAN_POINT('',(7.347557704408,3.271596069813E-45));
#3154 = VECTOR('',#3155,1.);
#3155 = DIRECTION('',(-1.,0.));
#3156 = ( GEOMETRIC_REPRESENTATION_CONTEXT(2) 
PARAMETRIC_REPRESENTATION_CONTEXT() REPRESENTATION_CONTEXT('2D SPACE',''
  ) );
#3157 = ADVANCED_FACE('',(#3158),#1857,.F.);
#3158 = FACE_BOUND('',#3159,.T.);
#3159 = EDGE_LOOP('',(#3160,#3161,#3182,#3183));
#3160 = ORIENTED_EDGE('',*,*,#3137,.T.);
#3161 = ORIENTED_EDGE('',*,*,#3162,.T.);
#3162 = EDGE_CURVE('',#3115,#2838,#3163,.T.);
#3163 = SURFACE_CURVE('',#3164,(#3168,#3175),.PCURVE_S1.);
#3164 = LINE('',#3165,#3166);
#3165 = CARTESIAN_POINT('',(-48.00002161396,145.65000001249,
    -4.999999995567));
#3166 = VECTOR('',#3167,1.);
#3167 = DIRECTION('',(1.,1.687185834514E-30,-1.443289932013E-15));
#3168 = PCURVE('',#1857,#3169);
#3169 = DEFINITIONAL_REPRESENTATION('',(#3170),#3174);
#3170 = LINE('',#3171,#3172);
#3171 = CARTESIAN_POINT('',(4.433999833964E-09,1.974296359952E-54));
#3172 = VECTOR('',#3173,1.);
#3173 = DIRECTION('',(-1.443289932013E-15,1.));
#3174 = ( GEOMETRIC_REPRESENTATION_CONTEXT(2) 
PARAMETRIC_REPRESENTATION_CONTEXT() REPRESENTATION_CONTEXT('2D SPACE',''
  ) );
#3175 = PCURVE('',#2876,#3176);
#3176 = DEFINITIONAL_REPRESENTATION('',(#3177),#3181);
#3177 = LINE('',#3178,#3179);
#3178 = CARTESIAN_POINT('',(-38.22406515702,-2.5));
#3179 = VECTOR('',#3180,1.);
#3180 = DIRECTION('',(5.350183004244E-18,1.));
#3181 = ( GEOMETRIC_REPRESENTATION_CONTEXT(2) 
PARAMETRIC_REPRESENTATION_CONTEXT() REPRESENTATION_CONTEXT('2D SPACE',''
  ) );
#3182 = ORIENTED_EDGE('',*,*,#2837,.T.);
#3183 = ORIENTED_EDGE('',*,*,#1841,.F.);
#3184 = ADVANCED_FACE('',(#3185),#1908,.F.);
#3185 = FACE_BOUND('',#3186,.T.);
#3186 = EDGE_LOOP('',(#3187,#3210,#3211,#3212));
#3187 = ORIENTED_EDGE('',*,*,#3188,.F.);
#3188 = EDGE_CURVE('',#1893,#3189,#3191,.T.);
#3189 = VERTEX_POINT('',#3190);
#3190 = CARTESIAN_POINT('',(-48.00002161396,85.6500000125,
    -5.000000000001));
#3191 = SURFACE_CURVE('',#3192,(#3196,#3203),.PCURVE_S1.);
#3192 = LINE('',#3193,#3194);
#3193 = CARTESIAN_POINT('',(-48.00002161396,85.6500000125,3.101050034282
    ));
#3194 = VECTOR('',#3195,1.);
#3195 = DIRECTION('',(0.,1.439400481468E-15,-1.));
#3196 = PCURVE('',#1908,#3197);
#3197 = DEFINITIONAL_REPRESENTATION('',(#3198),#3202);
#3198 = LINE('',#3199,#3200);
#3199 = CARTESIAN_POINT('',(-3.101050060475,4.869278035399E-45));
#3200 = VECTOR('',#3201,1.);
#3201 = DIRECTION('',(1.,0.));
#3202 = ( GEOMETRIC_REPRESENTATION_CONTEXT(2) 
PARAMETRIC_REPRESENTATION_CONTEXT() REPRESENTATION_CONTEXT('2D SPACE',''
  ) );
#3203 = PCURVE('',#1936,#3204);
#3204 = DEFINITIONAL_REPRESENTATION('',(#3205),#3209);
#3205 = LINE('',#3206,#3207);
#3206 = CARTESIAN_POINT('',(-16.77593484297,-6.458709965148));
#3207 = VECTOR('',#3208,1.);
#3208 = DIRECTION('',(1.439400481468E-15,-1.));
#3209 = ( GEOMETRIC_REPRESENTATION_CONTEXT(2) 
PARAMETRIC_REPRESENTATION_CONTEXT() REPRESENTATION_CONTEXT('2D SPACE',''
  ) );
#3210 = ORIENTED_EDGE('',*,*,#1892,.T.);
#3211 = ORIENTED_EDGE('',*,*,#2969,.T.);
#3212 = ORIENTED_EDGE('',*,*,#3213,.F.);
#3213 = EDGE_CURVE('',#3189,#2942,#3214,.T.);
#3214 = SURFACE_CURVE('',#3215,(#3219,#3226),.PCURVE_S1.);
#3215 = LINE('',#3216,#3217);
#3216 = CARTESIAN_POINT('',(-45.50002161396,85.6500000125,
    -5.000000002528));
#3217 = VECTOR('',#3218,1.);
#3218 = DIRECTION('',(1.,3.168345122392E-30,-1.443289932013E-15));
#3219 = PCURVE('',#1908,#3220);
#3220 = DEFINITIONAL_REPRESENTATION('',(#3221),#3225);
#3221 = LINE('',#3222,#3223);
#3222 = CARTESIAN_POINT('',(4.999999976335,2.5));
#3223 = VECTOR('',#3224,1.);
#3224 = DIRECTION('',(1.443289932013E-15,1.));
#3225 = ( GEOMETRIC_REPRESENTATION_CONTEXT(2) 
PARAMETRIC_REPRESENTATION_CONTEXT() REPRESENTATION_CONTEXT('2D SPACE',''
  ) );
#3226 = PCURVE('',#2957,#3227);
#3227 = DEFINITIONAL_REPRESENTATION('',(#3228),#3232);
#3228 = LINE('',#3229,#3230);
#3229 = CARTESIAN_POINT('',(21.77593484297,-1.165052328519E-16));
#3230 = VECTOR('',#3231,1.);
#3231 = DIRECTION('',(5.350183004243E-18,1.));
#3232 = ( GEOMETRIC_REPRESENTATION_CONTEXT(2) 
PARAMETRIC_REPRESENTATION_CONTEXT() REPRESENTATION_CONTEXT('2D SPACE',''
  ) );
#3233 = ADVANCED_FACE('',(#3234),#1936,.F.);
#3234 = FACE_BOUND('',#3235,.T.);
#3235 = EDGE_LOOP('',(#3236,#3237,#3238,#3261));
#3236 = ORIENTED_EDGE('',*,*,#1920,.F.);
#3237 = ORIENTED_EDGE('',*,*,#3188,.T.);
#3238 = ORIENTED_EDGE('',*,*,#3239,.F.);
#3239 = EDGE_CURVE('',#3240,#3189,#3242,.T.);
#3240 = VERTEX_POINT('',#3241);
#3241 = CARTESIAN_POINT('',(-48.00002161396,40.594341900521,
    -5.000000000001));
#3242 = SURFACE_CURVE('',#3243,(#3247,#3254),.PCURVE_S1.);
#3243 = LINE('',#3244,#3245);
#3244 = CARTESIAN_POINT('',(-48.00002161396,107.42593485547,
    -5.000000000001));
#3245 = VECTOR('',#3246,1.);
#3246 = DIRECTION('',(1.418142915116E-16,1.,1.160230382424E-10));
#3247 = PCURVE('',#1936,#3248);
#3248 = DEFINITIONAL_REPRESENTATION('',(#3249),#3253);
#3249 = LINE('',#3250,#3251);
#3250 = CARTESIAN_POINT('',(5.,-14.55975999943));
#3251 = VECTOR('',#3252,1.);
#3252 = DIRECTION('',(1.,1.160230382424E-10));
#3253 = ( GEOMETRIC_REPRESENTATION_CONTEXT(2) 
PARAMETRIC_REPRESENTATION_CONTEXT() REPRESENTATION_CONTEXT('2D SPACE',''
  ) );
#3254 = PCURVE('',#2957,#3255);
#3255 = DEFINITIONAL_REPRESENTATION('',(#3256),#3260);
#3256 = LINE('',#3257,#3258);
#3257 = CARTESIAN_POINT('',(-1.337545750417E-17,-2.5));
#3258 = VECTOR('',#3259,1.);
#3259 = DIRECTION('',(-1.,1.471644743484E-16));
#3260 = ( GEOMETRIC_REPRESENTATION_CONTEXT(2) 
PARAMETRIC_REPRESENTATION_CONTEXT() REPRESENTATION_CONTEXT('2D SPACE',''
  ) );
#3261 = ORIENTED_EDGE('',*,*,#3262,.F.);
#3262 = EDGE_CURVE('',#1921,#3240,#3263,.T.);
#3263 = SURFACE_CURVE('',#3264,(#3268,#3275),.PCURVE_S1.);
#3264 = LINE('',#3265,#3266);
#3265 = CARTESIAN_POINT('',(-48.00002161396,40.594341900521,
    2.686851388296));
#3266 = VECTOR('',#3267,1.);
#3267 = DIRECTION('',(0.,1.489388759643E-15,-1.));
#3268 = PCURVE('',#1936,#3269);
#3269 = DEFINITIONAL_REPRESENTATION('',(#3270),#3274);
#3270 = LINE('',#3271,#3272);
#3271 = CARTESIAN_POINT('',(-61.83159295494,-6.872908611134));
#3272 = VECTOR('',#3273,1.);
#3273 = DIRECTION('',(1.489388759643E-15,-1.));
#3274 = ( GEOMETRIC_REPRESENTATION_CONTEXT(2) 
PARAMETRIC_REPRESENTATION_CONTEXT() REPRESENTATION_CONTEXT('2D SPACE',''
  ) );
#3275 = PCURVE('',#1964,#3276);
#3276 = DEFINITIONAL_REPRESENTATION('',(#3277),#3281);
#3277 = LINE('',#3278,#3279);
#3278 = CARTESIAN_POINT('',(7.686851388297,-3.117791013244E-45));
#3279 = VECTOR('',#3280,1.);
#3280 = DIRECTION('',(-1.,0.));
#3281 = ( GEOMETRIC_REPRESENTATION_CONTEXT(2) 
PARAMETRIC_REPRESENTATION_CONTEXT() REPRESENTATION_CONTEXT('2D SPACE',''
  ) );
#3282 = ADVANCED_FACE('',(#3283),#1964,.F.);
#3283 = FACE_BOUND('',#3284,.T.);
#3284 = EDGE_LOOP('',(#3285,#3286,#3307,#3308));
#3285 = ORIENTED_EDGE('',*,*,#3262,.T.);
#3286 = ORIENTED_EDGE('',*,*,#3287,.T.);
#3287 = EDGE_CURVE('',#3240,#2919,#3288,.T.);
#3288 = SURFACE_CURVE('',#3289,(#3293,#3300),.PCURVE_S1.);
#3289 = LINE('',#3290,#3291);
#3290 = CARTESIAN_POINT('',(-48.00002161396,40.594341900521,
    -5.000000007755));
#3291 = VECTOR('',#3292,1.);
#3292 = DIRECTION('',(1.,3.278377124863E-30,-1.443289932013E-15));
#3293 = PCURVE('',#1964,#3294);
#3294 = DEFINITIONAL_REPRESENTATION('',(#3295),#3299);
#3295 = LINE('',#3296,#3297);
#3296 = CARTESIAN_POINT('',(-7.754000108662E-09,-1.303570295569E-53));
#3297 = VECTOR('',#3298,1.);
#3298 = DIRECTION('',(-1.443289932013E-15,1.));
#3299 = ( GEOMETRIC_REPRESENTATION_CONTEXT(2) 
PARAMETRIC_REPRESENTATION_CONTEXT() REPRESENTATION_CONTEXT('2D SPACE',''
  ) );
#3300 = PCURVE('',#2957,#3301);
#3301 = DEFINITIONAL_REPRESENTATION('',(#3302),#3306);
#3302 = LINE('',#3303,#3304);
#3303 = CARTESIAN_POINT('',(66.831592954949,-2.5));
#3304 = VECTOR('',#3305,1.);
#3305 = DIRECTION('',(5.350183004243E-18,1.));
#3306 = ( GEOMETRIC_REPRESENTATION_CONTEXT(2) 
PARAMETRIC_REPRESENTATION_CONTEXT() REPRESENTATION_CONTEXT('2D SPACE',''
  ) );
#3307 = ORIENTED_EDGE('',*,*,#2918,.T.);
#3308 = ORIENTED_EDGE('',*,*,#1948,.F.);
#3309 = ADVANCED_FACE('',(#3310,#3313),#2327,.F.);
#3310 = FACE_BOUND('',#3311,.F.);
#3311 = EDGE_LOOP('',(#3312));
#3312 = ORIENTED_EDGE('',*,*,#2310,.T.);
#3313 = FACE_BOUND('',#3314,.F.);
#3314 = EDGE_LOOP('',(#3315));
#3315 = ORIENTED_EDGE('',*,*,#3316,.F.);
#3316 = EDGE_CURVE('',#3317,#3317,#3319,.T.);
#3317 = VERTEX_POINT('',#3318);
#3318 = CARTESIAN_POINT('',(-53.00002161396,100.5003516283,
    17.670498451741));
#3319 = SURFACE_CURVE('',#3320,(#3325,#3332),.PCURVE_S1.);
#3320 = CIRCLE('',#3321,2.6);
#3321 = AXIS2_PLACEMENT_3D('',#3322,#3323,#3324);
#3322 = CARTESIAN_POINT('',(-53.00002161396,100.5003516283,
    15.070498451741));
#3323 = DIRECTION('',(1.,0.,0.));
#3324 = DIRECTION('',(-0.,0.,1.));
#3325 = PCURVE('',#2327,#3326);
#3326 = DEFINITIONAL_REPRESENTATION('',(#3327),#3331);
#3327 = CIRCLE('',#3328,2.6);
#3328 = AXIS2_PLACEMENT_2D('',#3329,#3330);
#3329 = CARTESIAN_POINT('',(0.,0.));
#3330 = DIRECTION('',(1.,0.));
#3331 = ( GEOMETRIC_REPRESENTATION_CONTEXT(2) 
PARAMETRIC_REPRESENTATION_CONTEXT() REPRESENTATION_CONTEXT('2D SPACE',''
  ) );
#3332 = PCURVE('',#3333,#3338);
#3333 = CYLINDRICAL_SURFACE('',#3334,2.6);
#3334 = AXIS2_PLACEMENT_3D('',#3335,#3336,#3337);
#3335 = CARTESIAN_POINT('',(-54.00002161396,100.5003516283,
    15.070498451741));
#3336 = DIRECTION('',(1.,0.,0.));
#3337 = DIRECTION('',(-0.,0.,1.));
#3338 = DEFINITIONAL_REPRESENTATION('',(#3339),#3343);
#3339 = LINE('',#3340,#3341);
#3340 = CARTESIAN_POINT('',(0.,1.));
#3341 = VECTOR('',#3342,1.);
#3342 = DIRECTION('',(1.,0.));
#3343 = ( GEOMETRIC_REPRESENTATION_CONTEXT(2) 
PARAMETRIC_REPRESENTATION_CONTEXT() REPRESENTATION_CONTEXT('2D SPACE',''
  ) );
#3344 = ADVANCED_FACE('',(#3345,#3379),#2798,.T.);
#3345 = FACE_BOUND('',#3346,.T.);
#3346 = EDGE_LOOP('',(#3347));
#3347 = ORIENTED_EDGE('',*,*,#3348,.F.);
#3348 = EDGE_CURVE('',#3349,#3349,#3351,.T.);
#3349 = VERTEX_POINT('',#3350);
#3350 = CARTESIAN_POINT('',(-43.00002161396,64.454326154274,
    15.632498214492));
#3351 = SURFACE_CURVE('',#3352,(#3357,#3368),.PCURVE_S1.);
#3352 = CIRCLE('',#3353,4.);
#3353 = AXIS2_PLACEMENT_3D('',#3354,#3355,#3356);
#3354 = CARTESIAN_POINT('',(-43.00002161396,60.454326154274,
    15.632498214492));
#3355 = DIRECTION('',(-1.,1.418142915995E-16,-7.578661487847E-16));
#3356 = DIRECTION('',(1.418142915995E-16,1.,-1.113878220705E-30));
#3357 = PCURVE('',#2798,#3358);
#3358 = DEFINITIONAL_REPRESENTATION('',(#3359),#3367);
#3359 = ( BOUNDED_CURVE() B_SPLINE_CURVE(2,(#3360,#3361,#3362,#3363,
#3364,#3365,#3366),.UNSPECIFIED.,.T.,.F.) B_SPLINE_CURVE_WITH_KNOTS((1,2
    ,2,2,2,1),(-2.094395102393,0.,2.094395102393,4.188790204786,
6.28318530718,8.377580409573),.UNSPECIFIED.) CURVE() 
GEOMETRIC_REPRESENTATION_ITEM() RATIONAL_B_SPLINE_CURVE((1.,0.5,1.,0.5,
1.,0.5,1.)) REPRESENTATION_ITEM('') );
#3360 = CARTESIAN_POINT('',(-4.45551288282E-30,-4.));
#3361 = CARTESIAN_POINT('',(-6.928203230276,-4.));
#3362 = CARTESIAN_POINT('',(-3.464101615138,2.));
#3363 = CARTESIAN_POINT('',(-9.797174393179E-16,8.));
#3364 = CARTESIAN_POINT('',(3.464101615138,2.));
#3365 = CARTESIAN_POINT('',(6.928203230276,-4.));
#3366 = CARTESIAN_POINT('',(-4.45551288282E-30,-4.));
#3367 = ( GEOMETRIC_REPRESENTATION_CONTEXT(2) 
PARAMETRIC_REPRESENTATION_CONTEXT() REPRESENTATION_CONTEXT('2D SPACE',''
  ) );
#3368 = PCURVE('',#3048,#3369);
#3369 = DEFINITIONAL_REPRESENTATION('',(#3370),#3378);
#3370 = ( BOUNDED_CURVE() B_SPLINE_CURVE(2,(#3371,#3372,#3373,#3374,
#3375,#3376,#3377),.UNSPECIFIED.,.T.,.F.) B_SPLINE_CURVE_WITH_KNOTS((1,2
    ,2,2,2,1),(-2.094395102393,0.,2.094395102393,4.188790204786,
6.28318530718,8.377580409573),.UNSPECIFIED.) CURVE() 
GEOMETRIC_REPRESENTATION_ITEM() RATIONAL_B_SPLINE_CURVE((1.,0.5,1.,0.5,
1.,0.5,1.)) REPRESENTATION_ITEM('') );
#3371 = CARTESIAN_POINT('',(-37.97160870119,6.072738215062));
#3372 = CARTESIAN_POINT('',(-37.97160870119,-0.855465015214));
#3373 = CARTESIAN_POINT('',(-43.97160870119,2.608636599924));
#3374 = CARTESIAN_POINT('',(-49.97160870119,6.072738215062));
#3375 = CARTESIAN_POINT('',(-43.97160870119,9.5368398302));
#3376 = CARTESIAN_POINT('',(-37.97160870119,13.000941445338));
#3377 = CARTESIAN_POINT('',(-37.97160870119,6.072738215062));
#3378 = ( GEOMETRIC_REPRESENTATION_CONTEXT(2) 
PARAMETRIC_REPRESENTATION_CONTEXT() REPRESENTATION_CONTEXT('2D SPACE',''
  ) );
#3379 = FACE_BOUND('',#3380,.T.);
#3380 = EDGE_LOOP('',(#3381));
#3381 = ORIENTED_EDGE('',*,*,#2781,.F.);
#3382 = ADVANCED_FACE('',(#3383),#2876,.F.);
#3383 = FACE_BOUND('',#3384,.T.);
#3384 = EDGE_LOOP('',(#3385,#3386,#3387,#3388));
#3385 = ORIENTED_EDGE('',*,*,#3114,.T.);
#3386 = ORIENTED_EDGE('',*,*,#3088,.T.);
#3387 = ORIENTED_EDGE('',*,*,#2860,.T.);
#3388 = ORIENTED_EDGE('',*,*,#3162,.F.);
#3389 = ADVANCED_FACE('',(#3390),#2957,.F.);
#3390 = FACE_BOUND('',#3391,.T.);
#3391 = EDGE_LOOP('',(#3392,#3393,#3394,#3395));
#3392 = ORIENTED_EDGE('',*,*,#3239,.T.);
#3393 = ORIENTED_EDGE('',*,*,#3213,.T.);
#3394 = ORIENTED_EDGE('',*,*,#2941,.T.);
#3395 = ORIENTED_EDGE('',*,*,#3287,.F.);
#3396 = ADVANCED_FACE('',(#3397,#3400),#3009,.T.);
#3397 = FACE_BOUND('',#3398,.T.);
#3398 = EDGE_LOOP('',(#3399));
#3399 = ORIENTED_EDGE('',*,*,#2992,.T.);
#3400 = FACE_BOUND('',#3401,.T.);
#3401 = EDGE_LOOP('',(#3402));
#3402 = ORIENTED_EDGE('',*,*,#3403,.T.);
#3403 = EDGE_CURVE('',#3404,#3404,#3406,.T.);
#3404 = VERTEX_POINT('',#3405);
#3405 = CARTESIAN_POINT('',(-43.00002161396,104.5003516283,
    15.070498451741));
#3406 = SURFACE_CURVE('',#3407,(#3412,#3423),.PCURVE_S1.);
#3407 = CIRCLE('',#3408,4.);
#3408 = AXIS2_PLACEMENT_3D('',#3409,#3410,#3411);
#3409 = CARTESIAN_POINT('',(-43.00002161396,100.5003516283,
    15.070498451741));
#3410 = DIRECTION('',(-1.,1.418142915995E-16,-7.578661487847E-16));
#3411 = DIRECTION('',(1.418142915995E-16,1.,1.355252715603E-19));
#3412 = PCURVE('',#3009,#3413);
#3413 = DEFINITIONAL_REPRESENTATION('',(#3414),#3422);
#3414 = ( BOUNDED_CURVE() B_SPLINE_CURVE(2,(#3415,#3416,#3417,#3418,
#3419,#3420,#3421),.UNSPECIFIED.,.T.,.F.) B_SPLINE_CURVE_WITH_KNOTS((1,2
    ,2,2,2,1),(-2.094395102393,0.,2.094395102393,4.188790204786,
6.28318530718,8.377580409573),.UNSPECIFIED.) CURVE() 
GEOMETRIC_REPRESENTATION_ITEM() RATIONAL_B_SPLINE_CURVE((1.,0.5,1.,0.5,
1.,0.5,1.)) REPRESENTATION_ITEM('') );
#3415 = CARTESIAN_POINT('',(2.07441677283,5.510738452311));
#3416 = CARTESIAN_POINT('',(2.07441677283,-1.417464777965));
#3417 = CARTESIAN_POINT('',(-3.92558322717,2.046636837173));
#3418 = CARTESIAN_POINT('',(-9.92558322717,5.510738452311));
#3419 = CARTESIAN_POINT('',(-3.92558322717,8.974840067449));
#3420 = CARTESIAN_POINT('',(2.07441677283,12.438941682587));
#3421 = CARTESIAN_POINT('',(2.07441677283,5.510738452311));
#3422 = ( GEOMETRIC_REPRESENTATION_CONTEXT(2) 
PARAMETRIC_REPRESENTATION_CONTEXT() REPRESENTATION_CONTEXT('2D SPACE',''
  ) );
#3423 = PCURVE('',#3424,#3429);
#3424 = PLANE('',#3425);
#3425 = AXIS2_PLACEMENT_3D('',#3426,#3427,#3428);
#3426 = CARTESIAN_POINT('',(-43.00002161396,100.5003516283,
    15.070498451741));
#3427 = DIRECTION('',(1.,0.,0.));
#3428 = DIRECTION('',(-0.,0.,1.));
#3429 = DEFINITIONAL_REPRESENTATION('',(#3430),#3438);
#3430 = ( BOUNDED_CURVE() B_SPLINE_CURVE(2,(#3431,#3432,#3433,#3434,
#3435,#3436,#3437),.UNSPECIFIED.,.T.,.F.) B_SPLINE_CURVE_WITH_KNOTS((1,2
    ,2,2,2,1),(-2.094395102393,0.,2.094395102393,4.188790204786,
6.28318530718,8.377580409573),.UNSPECIFIED.) CURVE() 
GEOMETRIC_REPRESENTATION_ITEM() RATIONAL_B_SPLINE_CURVE((1.,0.5,1.,0.5,
1.,0.5,1.)) REPRESENTATION_ITEM('') );
#3431 = CARTESIAN_POINT('',(5.421010862412E-19,-4.));
#3432 = CARTESIAN_POINT('',(-6.928203230276,-4.));
#3433 = CARTESIAN_POINT('',(-3.464101615138,2.));
#3434 = CARTESIAN_POINT('',(-9.808016414904E-16,8.));
#3435 = CARTESIAN_POINT('',(3.464101615138,2.));
#3436 = CARTESIAN_POINT('',(6.928203230276,-4.));
#3437 = CARTESIAN_POINT('',(5.421010862412E-19,-4.));
#3438 = ( GEOMETRIC_REPRESENTATION_CONTEXT(2) 
PARAMETRIC_REPRESENTATION_CONTEXT() REPRESENTATION_CONTEXT('2D SPACE',''
  ) );
#3439 = ADVANCED_FACE('',(#3440,#3443),#3048,.T.);
#3440 = FACE_BOUND('',#3441,.T.);
#3441 = EDGE_LOOP('',(#3442));
#3442 = ORIENTED_EDGE('',*,*,#3031,.T.);
#3443 = FACE_BOUND('',#3444,.T.);
#3444 = EDGE_LOOP('',(#3445));
#3445 = ORIENTED_EDGE('',*,*,#3348,.T.);
#3446 = ADVANCED_FACE('',(#3447),#3333,.F.);
#3447 = FACE_BOUND('',#3448,.F.);
#3448 = EDGE_LOOP('',(#3449,#3473,#3494,#3495));
#3449 = ORIENTED_EDGE('',*,*,#3450,.F.);
#3450 = EDGE_CURVE('',#3451,#3451,#3453,.T.);
#3451 = VERTEX_POINT('',#3452);
#3452 = CARTESIAN_POINT('',(-43.00002161396,100.5003516283,
    17.670498451741));
#3453 = SURFACE_CURVE('',#3454,(#3459,#3466),.PCURVE_S1.);
#3454 = CIRCLE('',#3455,2.6);
#3455 = AXIS2_PLACEMENT_3D('',#3456,#3457,#3458);
#3456 = CARTESIAN_POINT('',(-43.00002161396,100.5003516283,
    15.070498451741));
#3457 = DIRECTION('',(1.,0.,0.));
#3458 = DIRECTION('',(-0.,0.,1.));
#3459 = PCURVE('',#3333,#3460);
#3460 = DEFINITIONAL_REPRESENTATION('',(#3461),#3465);
#3461 = LINE('',#3462,#3463);
#3462 = CARTESIAN_POINT('',(0.,11.));
#3463 = VECTOR('',#3464,1.);
#3464 = DIRECTION('',(1.,0.));
#3465 = ( GEOMETRIC_REPRESENTATION_CONTEXT(2) 
PARAMETRIC_REPRESENTATION_CONTEXT() REPRESENTATION_CONTEXT('2D SPACE',''
  ) );
#3466 = PCURVE('',#3424,#3467);
#3467 = DEFINITIONAL_REPRESENTATION('',(#3468),#3472);
#3468 = CIRCLE('',#3469,2.6);
#3469 = AXIS2_PLACEMENT_2D('',#3470,#3471);
#3470 = CARTESIAN_POINT('',(0.,0.));
#3471 = DIRECTION('',(1.,0.));
#3472 = ( GEOMETRIC_REPRESENTATION_CONTEXT(2) 
PARAMETRIC_REPRESENTATION_CONTEXT() REPRESENTATION_CONTEXT('2D SPACE',''
  ) );
#3473 = ORIENTED_EDGE('',*,*,#3474,.F.);
#3474 = EDGE_CURVE('',#3317,#3451,#3475,.T.);
#3475 = SEAM_CURVE('',#3476,(#3480,#3487),.PCURVE_S1.);
#3476 = LINE('',#3477,#3478);
#3477 = CARTESIAN_POINT('',(-54.00002161396,100.5003516283,
    17.670498451741));
#3478 = VECTOR('',#3479,1.);
#3479 = DIRECTION('',(1.,0.,0.));
#3480 = PCURVE('',#3333,#3481);
#3481 = DEFINITIONAL_REPRESENTATION('',(#3482),#3486);
#3482 = LINE('',#3483,#3484);
#3483 = CARTESIAN_POINT('',(0.,-0.));
#3484 = VECTOR('',#3485,1.);
#3485 = DIRECTION('',(0.,1.));
#3486 = ( GEOMETRIC_REPRESENTATION_CONTEXT(2) 
PARAMETRIC_REPRESENTATION_CONTEXT() REPRESENTATION_CONTEXT('2D SPACE',''
  ) );
#3487 = PCURVE('',#3333,#3488);
#3488 = DEFINITIONAL_REPRESENTATION('',(#3489),#3493);
#3489 = LINE('',#3490,#3491);
#3490 = CARTESIAN_POINT('',(6.28318530718,-0.));
#3491 = VECTOR('',#3492,1.);
#3492 = DIRECTION('',(0.,1.));
#3493 = ( GEOMETRIC_REPRESENTATION_CONTEXT(2) 
PARAMETRIC_REPRESENTATION_CONTEXT() REPRESENTATION_CONTEXT('2D SPACE',''
  ) );
#3494 = ORIENTED_EDGE('',*,*,#3316,.T.);
#3495 = ORIENTED_EDGE('',*,*,#3474,.T.);
#3496 = ADVANCED_FACE('',(#3497,#3500),#3424,.T.);
#3497 = FACE_BOUND('',#3498,.T.);
#3498 = EDGE_LOOP('',(#3499));
#3499 = ORIENTED_EDGE('',*,*,#3403,.F.);
#3500 = FACE_BOUND('',#3501,.T.);
#3501 = EDGE_LOOP('',(#3502));
#3502 = ORIENTED_EDGE('',*,*,#3450,.F.);
#3503 = ( GEOMETRIC_REPRESENTATION_CONTEXT(3) 
GLOBAL_UNCERTAINTY_ASSIGNED_CONTEXT((#3507)) 
GLOBAL_UNIT_ASSIGNED_CONTEXT((#3504,#3505,#3506)) REPRESENTATION_CONTEXT
('Context #1','3D Context with UNIT and UNCERTAINTY') );
#3504 = ( LENGTH_UNIT() NAMED_UNIT(*) SI_UNIT(.MILLI.,.METRE.) );
#3505 = ( NAMED_UNIT(*) PLANE_ANGLE_UNIT() SI_UNIT($,.RADIAN.) );
#3506 = ( NAMED_UNIT(*) SI_UNIT($,.STERADIAN.) SOLID_ANGLE_UNIT() );
#3507 = UNCERTAINTY_MEASURE_WITH_UNIT(LENGTH_MEASURE(5.E-05),#3504,
  'distance_accuracy_value','confusion accuracy');
#3508 = PRODUCT_RELATED_PRODUCT_CATEGORY('part',$,(#7));
ENDSEC;
END-ISO-10303-21;
