ISO-10303-21;
HEADER;
FILE_DESCRIPTION(('Open CASCADE Model'),'2;1');
FILE_NAME('Open CASCADE Shape Model','2026-09-24T01:31:37',('Author'),(
    'Open CASCADE'),'Open CASCADE STEP processor 7.9','Open CASCADE 7.9'
  ,'Unknown');
FILE_SCHEMA(('AUTOMOTIVE_DESIGN { 1 0 10303 214 1 1 1 1 }'));
ENDSEC;
DATA;
#1 = APPLICATION_PROTOCOL_DEFINITION('international standard',
  'automotive_design',2000,#2);
#2 = APPLICATION_CONTEXT(
  'core data for automotive mechanical design processes');
#3 = SHAPE_DEFINITION_REPRESENTATION(#4,#10);
#4 = PRODUCT_DEFINITION_SHAPE('','',#5);
#5 = PRODUCT_DEFINITION('design','',#6,#9);
#6 = PRODUCT_DEFINITION_FORMATION('','',#7);
#7 = PRODUCT('Open CASCADE STEP translator 7.9 37',
  'Open CASCADE STEP translator 7.9 37','',(#8));
#8 = PRODUCT_CONTEXT('',#2,'mechanical');
#9 = PRODUCT_DEFINITION_CONTEXT('part definition',#2,'design');
#10 = ADVANCED_BREP_SHAPE_REPRESENTATION('',(#11,#15),#11171);
#11 = AXIS2_PLACEMENT_3D('',#12,#13,#14);
#12 = CARTESIAN_POINT('',(0.,0.,0.));
#13 = DIRECTION('',(0.,0.,1.));
#14 = DIRECTION('',(1.,0.,-0.));
#15 = MANIFOLD_SOLID_BREP('',#16);
#16 = CLOSED_SHELL('',(#17,#135,#3957,#4144,#7271,#7298,#7325,#7352,
    #7379,#7406,#7433,#7460,#7487,#7514,#7541,#7568,#7595,#7622,#7649,
    #7676,#7703,#7730,#7757,#7784,#7811,#7838,#7865,#7892,#7919,#7946,
    #7973,#8000,#8027,#8054,#8081,#8108,#8135,#8162,#8189,#8216,#8243,
    #8270,#8297,#8324,#8351,#8378,#8405,#8432,#8459,#8486,#8513,#8540,
    #8567,#8594,#8621,#8648,#8675,#8702,#8729,#8756,#8783,#8810,#8837,
    #8864,#8891,#8918,#8945,#8972,#8999,#9026,#9053,#9080,#9107,#9134,
    #9161,#9188,#9215,#9242,#9269,#9296,#9323,#9350,#9377,#9404,#9431,
    #9458,#9485,#9512,#9539,#9566,#9593,#9620,#9647,#9674,#9701,#9728,
    #9755,#9782,#9809,#9836,#9863,#9890,#9917,#9944,#9971,#9998,#10025,
    #10052,#10079,#10106,#10133,#10160,#10187,#10214,#10241,#10268,
    #10295,#10322,#10349,#10376,#10403,#10430,#10457,#10484,#10511,
    #10538,#10565,#10592,#10619,#10646,#10673,#10700,#10727,#10754,
    #10781,#10808,#10835,#10862,#10887,#11029,#11056,#11083,#11110,
    #11137,#11164));
#17 = ADVANCED_FACE('',(#18),#32,.F.);
#18 = FACE_BOUND('',#19,.F.);
#19 = EDGE_LOOP('',(#20,#55,#83,#111));
#20 = ORIENTED_EDGE('',*,*,#21,.F.);
#21 = EDGE_CURVE('',#22,#24,#26,.T.);
#22 = VERTEX_POINT('',#23);
#23 = CARTESIAN_POINT('',(-2.999984384467,100.,-34.2139235314));
#24 = VERTEX_POINT('',#25);
#25 = CARTESIAN_POINT('',(-2.999984384471,1.0000001,-34.21392353122));
#26 = SURFACE_CURVE('',#27,(#31,#43),.PCURVE_S1.);
#27 = LINE('',#28,#29);
#28 = CARTESIAN_POINT('',(-2.999984384467,100.,-34.2139235314));
#29 = VECTOR('',#30,1.);
#30 = DIRECTION('',(-4.27321074577E-14,-1.,1.761366823173E-12));
#31 = PCURVE('',#32,#37);
#32 = PLANE('',#33);
#33 = AXIS2_PLACEMENT_3D('',#34,#35,#36);
#34 = CARTESIAN_POINT('',(-2.999984384467,100.,-34.2139235314));
#35 = DIRECTION('',(7.418371472659E-14,-1.761366823173E-12,-1.));
#36 = DIRECTION('',(-4.27321074577E-14,-1.,1.761366823173E-12));
#37 = DEFINITIONAL_REPRESENTATION('',(#38),#42);
#38 = LINE('',#39,#40);
#39 = CARTESIAN_POINT('',(0.,0.));
#40 = VECTOR('',#41,1.);
#41 = DIRECTION('',(1.,2.186401530149E-30));
#42 = ( GEOMETRIC_REPRESENTATION_CONTEXT(2) 
PARAMETRIC_REPRESENTATION_CONTEXT() REPRESENTATION_CONTEXT('2D SPACE',''
  ) );
#43 = PCURVE('',#44,#49);
#44 = PLANE('',#45);
#45 = AXIS2_PLACEMENT_3D('',#46,#47,#48);
#46 = CARTESIAN_POINT('',(-2.999984384478,-169.1737255877,
    -35.55554773425));
#47 = DIRECTION('',(1.,-4.273210745757E-14,7.418371472667E-14));
#48 = DIRECTION('',(-4.273210745757E-14,-1.,-3.170026469302E-27));
#49 = DEFINITIONAL_REPRESENTATION('',(#50),#54);
#50 = LINE('',#51,#52);
#51 = CARTESIAN_POINT('',(-269.1737255877,-1.34162420285));
#52 = VECTOR('',#53,1.);
#53 = DIRECTION('',(1.,-1.761366823173E-12));
#54 = ( GEOMETRIC_REPRESENTATION_CONTEXT(2) 
PARAMETRIC_REPRESENTATION_CONTEXT() REPRESENTATION_CONTEXT('2D SPACE',''
  ) );
#55 = ORIENTED_EDGE('',*,*,#56,.T.);
#56 = EDGE_CURVE('',#22,#57,#59,.T.);
#57 = VERTEX_POINT('',#58);
#58 = CARTESIAN_POINT('',(3.000015615533,100.,-34.2139235314));
#59 = SURFACE_CURVE('',#60,(#64,#71),.PCURVE_S1.);
#60 = LINE('',#61,#62);
#61 = CARTESIAN_POINT('',(-2.999984384467,100.,-34.2139235314));
#62 = VECTOR('',#63,1.);
#63 = DIRECTION('',(1.,-4.273210745757E-14,7.418371472667E-14));
#64 = PCURVE('',#32,#65);
#65 = DEFINITIONAL_REPRESENTATION('',(#66),#70);
#66 = LINE('',#67,#68);
#67 = CARTESIAN_POINT('',(0.,0.));
#68 = VECTOR('',#69,1.);
#69 = DIRECTION('',(6.667676460973E-28,-1.));
#70 = ( GEOMETRIC_REPRESENTATION_CONTEXT(2) 
PARAMETRIC_REPRESENTATION_CONTEXT() REPRESENTATION_CONTEXT('2D SPACE',''
  ) );
#71 = PCURVE('',#72,#77);
#72 = PLANE('',#73);
#73 = AXIS2_PLACEMENT_3D('',#74,#75,#76);
#74 = CARTESIAN_POINT('',(-2.999984384466,100.,-41.7139235314));
#75 = DIRECTION('',(-4.273210745757E-14,-1.,-3.170026469302E-27));
#76 = DIRECTION('',(-7.418371472667E-14,-2.195442330027E-40,1.));
#77 = DEFINITIONAL_REPRESENTATION('',(#78),#82);
#78 = LINE('',#79,#80);
#79 = CARTESIAN_POINT('',(7.5,4.437110401323E-13));
#80 = VECTOR('',#81,1.);
#81 = DIRECTION('',(0.,-1.));
#82 = ( GEOMETRIC_REPRESENTATION_CONTEXT(2) 
PARAMETRIC_REPRESENTATION_CONTEXT() REPRESENTATION_CONTEXT('2D SPACE',''
  ) );
#83 = ORIENTED_EDGE('',*,*,#84,.T.);
#84 = EDGE_CURVE('',#57,#85,#87,.T.);
#85 = VERTEX_POINT('',#86);
#86 = CARTESIAN_POINT('',(3.000015615529,1.0000001,-34.21392353122));
#87 = SURFACE_CURVE('',#88,(#92,#99),.PCURVE_S1.);
#88 = LINE('',#89,#90);
#89 = CARTESIAN_POINT('',(3.000015615533,100.,-34.2139235314));
#90 = VECTOR('',#91,1.);
#91 = DIRECTION('',(-4.27321074577E-14,-1.,1.761366823173E-12));
#92 = PCURVE('',#32,#93);
#93 = DEFINITIONAL_REPRESENTATION('',(#94),#98);
#94 = LINE('',#95,#96);
#95 = CARTESIAN_POINT('',(-2.563926447454E-13,-6.));
#96 = VECTOR('',#97,1.);
#97 = DIRECTION('',(1.,2.186401530149E-30));
#98 = ( GEOMETRIC_REPRESENTATION_CONTEXT(2) 
PARAMETRIC_REPRESENTATION_CONTEXT() REPRESENTATION_CONTEXT('2D SPACE',''
  ) );
#99 = PCURVE('',#100,#105);
#100 = PLANE('',#101);
#101 = AXIS2_PLACEMENT_3D('',#102,#103,#104);
#102 = CARTESIAN_POINT('',(3.000015615522,-169.1737255877,
    -35.55554773425));
#103 = DIRECTION('',(1.,-4.273210745757E-14,7.418371472667E-14));
#104 = DIRECTION('',(-4.273210745757E-14,-1.,-3.170026469302E-27));
#105 = DEFINITIONAL_REPRESENTATION('',(#106),#110);
#106 = LINE('',#107,#108);
#107 = CARTESIAN_POINT('',(-269.1737255877,-1.34162420285));
#108 = VECTOR('',#109,1.);
#109 = DIRECTION('',(1.,-1.761366823173E-12));
#110 = ( GEOMETRIC_REPRESENTATION_CONTEXT(2) 
PARAMETRIC_REPRESENTATION_CONTEXT() REPRESENTATION_CONTEXT('2D SPACE',''
  ) );
#111 = ORIENTED_EDGE('',*,*,#112,.F.);
#112 = EDGE_CURVE('',#24,#85,#113,.T.);
#113 = SURFACE_CURVE('',#114,(#118,#124),.PCURVE_S1.);
#114 = LINE('',#115,#116);
#115 = CARTESIAN_POINT('',(-1.359260455144,1.0000001,-34.21392353122));
#116 = VECTOR('',#117,1.);
#117 = DIRECTION('',(1.,1.58689589789E-15,7.418371472659E-14));
#118 = PCURVE('',#32,#119);
#119 = DEFINITIONAL_REPRESENTATION('',(#120),#123);
#120 = B_SPLINE_CURVE_WITH_KNOTS('',1,(#121,#122),.UNSPECIFIED.,.F.,.F.,
  (2,2),(-1.640723929327,4.359276070673),.PIECEWISE_BEZIER_KNOTS.);
#121 = CARTESIAN_POINT('',(98.9999999,0.));
#122 = CARTESIAN_POINT('',(98.9999999,-6.));
#123 = ( GEOMETRIC_REPRESENTATION_CONTEXT(2) 
PARAMETRIC_REPRESENTATION_CONTEXT() REPRESENTATION_CONTEXT('2D SPACE',''
  ) );
#124 = PCURVE('',#125,#130);
#125 = PLANE('',#126);
#126 = AXIS2_PLACEMENT_3D('',#127,#128,#129);
#127 = CARTESIAN_POINT('',(0.281463474176,1.0000001,-1.679641738661));
#128 = DIRECTION('',(-1.58689589789E-15,1.,3.361026734705E-17));
#129 = DIRECTION('',(-1.,-1.58689589789E-15,-5.333599538002E-32));
#130 = DEFINITIONAL_REPRESENTATION('',(#131),#134);
#131 = B_SPLINE_CURVE_WITH_KNOTS('',1,(#132,#133),.UNSPECIFIED.,.F.,.F.,
  (2,2),(-1.640723929327,4.359276070673),.PIECEWISE_BEZIER_KNOTS.);
#132 = CARTESIAN_POINT('',(3.281447858647,-32.53428179256));
#133 = CARTESIAN_POINT('',(-2.718552141353,-32.53428179256));
#134 = ( GEOMETRIC_REPRESENTATION_CONTEXT(2) 
PARAMETRIC_REPRESENTATION_CONTEXT() REPRESENTATION_CONTEXT('2D SPACE',''
  ) );
#135 = ADVANCED_FACE('',(#136),#44,.F.);
#136 = FACE_BOUND('',#137,.F.);
#137 = EDGE_LOOP('',(#138,#161,#162,#183,#209,#235,#263,#291,#319,#347,
    #375,#403,#431,#459,#487,#515,#543,#571,#599,#627,#655,#683,#711,
    #739,#767,#795,#823,#851,#879,#907,#935,#963,#991,#1019,#1047,#1075,
    #1103,#1131,#1159,#1187,#1215,#1243,#1271,#1299,#1327,#1355,#1383,
    #1411,#1439,#1467,#1495,#1523,#1551,#1579,#1607,#1635,#1663,#1691,
    #1719,#1747,#1775,#1803,#1831,#1859,#1887,#1915,#1943,#1971,#1999,
    #2027,#2055,#2083,#2111,#2139,#2167,#2195,#2223,#2251,#2279,#2307,
    #2335,#2363,#2391,#2419,#2447,#2475,#2503,#2531,#2559,#2587,#2615,
    #2643,#2671,#2699,#2727,#2755,#2783,#2811,#2839,#2867,#2895,#2923,
    #2951,#2979,#3007,#3035,#3063,#3091,#3119,#3147,#3175,#3203,#3231,
    #3259,#3287,#3315,#3343,#3371,#3399,#3427,#3455,#3483,#3511,#3539,
    #3567,#3595,#3623,#3651,#3679,#3707,#3735,#3763,#3791,#3819,#3847,
    #3875,#3903,#3931));
#138 = ORIENTED_EDGE('',*,*,#139,.T.);
#139 = EDGE_CURVE('',#140,#22,#142,.T.);
#140 = VERTEX_POINT('',#141);
#141 = CARTESIAN_POINT('',(-2.999984384466,100.,-41.7139235314));
#142 = SURFACE_CURVE('',#143,(#147,#154),.PCURVE_S1.);
#143 = LINE('',#144,#145);
#144 = CARTESIAN_POINT('',(-2.999984384466,100.,-41.7139235314));
#145 = VECTOR('',#146,1.);
#146 = DIRECTION('',(-7.418371472667E-14,0.,1.));
#147 = PCURVE('',#44,#148);
#148 = DEFINITIONAL_REPRESENTATION('',(#149),#153);
#149 = LINE('',#150,#151);
#150 = CARTESIAN_POINT('',(-269.1737255877,6.15837579715));
#151 = VECTOR('',#152,1.);
#152 = DIRECTION('',(-2.195442330027E-40,-1.));
#153 = ( GEOMETRIC_REPRESENTATION_CONTEXT(2) 
PARAMETRIC_REPRESENTATION_CONTEXT() REPRESENTATION_CONTEXT('2D SPACE',''
  ) );
#154 = PCURVE('',#72,#155);
#155 = DEFINITIONAL_REPRESENTATION('',(#156),#160);
#156 = LINE('',#157,#158);
#157 = CARTESIAN_POINT('',(0.,0.));
#158 = VECTOR('',#159,1.);
#159 = DIRECTION('',(1.,0.));
#160 = ( GEOMETRIC_REPRESENTATION_CONTEXT(2) 
PARAMETRIC_REPRESENTATION_CONTEXT() REPRESENTATION_CONTEXT('2D SPACE',''
  ) );
#161 = ORIENTED_EDGE('',*,*,#21,.T.);
#162 = ORIENTED_EDGE('',*,*,#163,.F.);
#163 = EDGE_CURVE('',#164,#24,#166,.T.);
#164 = VERTEX_POINT('',#165);
#165 = CARTESIAN_POINT('',(-2.99998438447,1.0000001,-41.68858761582));
#166 = SURFACE_CURVE('',#167,(#171,#177),.PCURVE_S1.);
#167 = LINE('',#168,#169);
#168 = CARTESIAN_POINT('',(-2.999984384472,1.0000001,-18.61759473645));
#169 = VECTOR('',#170,1.);
#170 = DIRECTION('',(-7.418371472667E-14,-3.361026734717E-17,1.));
#171 = PCURVE('',#44,#172);
#172 = DEFINITIONAL_REPRESENTATION('',(#173),#176);
#173 = B_SPLINE_CURVE_WITH_KNOTS('',1,(#174,#175),.UNSPECIFIED.,.F.,.F.,
  (2,2),(-23.0892868516,18.617594632659),.PIECEWISE_BEZIER_KNOTS.);
#174 = CARTESIAN_POINT('',(-170.1737256877,6.15133385381));
#175 = CARTESIAN_POINT('',(-170.1737256877,-35.55554763045));
#176 = ( GEOMETRIC_REPRESENTATION_CONTEXT(2) 
PARAMETRIC_REPRESENTATION_CONTEXT() REPRESENTATION_CONTEXT('2D SPACE',''
  ) );
#177 = PCURVE('',#125,#178);
#178 = DEFINITIONAL_REPRESENTATION('',(#179),#182);
#179 = B_SPLINE_CURVE_WITH_KNOTS('',1,(#180,#181),.UNSPECIFIED.,.F.,.F.,
  (2,2),(-23.0892868516,18.617594632659),.PIECEWISE_BEZIER_KNOTS.);
#180 = CARTESIAN_POINT('',(3.281447858646,-40.02723984939));
#181 = CARTESIAN_POINT('',(3.281447858649,1.679641634864));
#182 = ( GEOMETRIC_REPRESENTATION_CONTEXT(2) 
PARAMETRIC_REPRESENTATION_CONTEXT() REPRESENTATION_CONTEXT('2D SPACE',''
  ) );
#183 = ORIENTED_EDGE('',*,*,#184,.T.);
#184 = EDGE_CURVE('',#164,#185,#187,.T.);
#185 = VERTEX_POINT('',#186);
#186 = CARTESIAN_POINT('',(-2.999984384471,-4.9999999,-41.68858761582));
#187 = SURFACE_CURVE('',#188,(#192,#198),.PCURVE_S1.);
#188 = LINE('',#189,#190);
#189 = CARTESIAN_POINT('',(-2.999984384474,-87.08686274385,
    -41.68858761582));
#190 = VECTOR('',#191,1.);
#191 = DIRECTION('',(-4.273210745757E-14,-1.,1.587911513072E-15));
#192 = PCURVE('',#44,#193);
#193 = DEFINITIONAL_REPRESENTATION('',(#194),#197);
#194 = B_SPLINE_CURVE_WITH_KNOTS('',1,(#195,#196),.UNSPECIFIED.,.F.,.F.,
  (2,2),(-88.08686284385,-82.08686284385),.PIECEWISE_BEZIER_KNOTS.);
#195 = CARTESIAN_POINT('',(-170.1737256877,6.133039881576));
#196 = CARTESIAN_POINT('',(-164.1737256877,6.133039881576));
#197 = ( GEOMETRIC_REPRESENTATION_CONTEXT(2) 
PARAMETRIC_REPRESENTATION_CONTEXT() REPRESENTATION_CONTEXT('2D SPACE',''
  ) );
#198 = PCURVE('',#199,#204);
#199 = PLANE('',#200);
#200 = AXIS2_PLACEMENT_3D('',#201,#202,#203);
#201 = CARTESIAN_POINT('',(-2.499978386034,-4.9999999,-41.70688158806));
#202 = DIRECTION('',(3.656304123959E-02,2.443394636746E-17,0.99933134846
    ));
#203 = DIRECTION('',(-0.99933134846,-1.587063711095E-15,
    3.656304123959E-02));
#204 = DEFINITIONAL_REPRESENTATION('',(#205),#208);
#205 = B_SPLINE_CURVE_WITH_KNOTS('',1,(#206,#207),.UNSPECIFIED.,.F.,.F.,
  (2,2),(-88.08686284385,-82.08686284385),.PIECEWISE_BEZIER_KNOTS.);
#206 = CARTESIAN_POINT('',(0.500340551917,-6.));
#207 = CARTESIAN_POINT('',(0.500340551917,0.));
#208 = ( GEOMETRIC_REPRESENTATION_CONTEXT(2) 
PARAMETRIC_REPRESENTATION_CONTEXT() REPRESENTATION_CONTEXT('2D SPACE',''
  ) );
#209 = ORIENTED_EDGE('',*,*,#210,.T.);
#210 = EDGE_CURVE('',#185,#211,#213,.T.);
#211 = VERTEX_POINT('',#212);
#212 = CARTESIAN_POINT('',(-2.999984384471,-4.9999999,-34.21392353121));
#213 = SURFACE_CURVE('',#214,(#218,#224),.PCURVE_S1.);
#214 = LINE('',#215,#216);
#215 = CARTESIAN_POINT('',(-2.999984384472,-4.9999999,-18.61759473645));
#216 = VECTOR('',#217,1.);
#217 = DIRECTION('',(-7.418371472667E-14,-3.361026734717E-17,1.));
#218 = PCURVE('',#44,#219);
#219 = DEFINITIONAL_REPRESENTATION('',(#220),#223);
#220 = B_SPLINE_CURVE_WITH_KNOTS('',1,(#221,#222),.UNSPECIFIED.,.F.,.F.,
  (2,2),(-23.0892868516,18.617594632659),.PIECEWISE_BEZIER_KNOTS.);
#221 = CARTESIAN_POINT('',(-164.1737256877,6.15133385381));
#222 = CARTESIAN_POINT('',(-164.1737256877,-35.55554763045));
#223 = ( GEOMETRIC_REPRESENTATION_CONTEXT(2) 
PARAMETRIC_REPRESENTATION_CONTEXT() REPRESENTATION_CONTEXT('2D SPACE',''
  ) );
#224 = PCURVE('',#225,#230);
#225 = PLANE('',#226);
#226 = AXIS2_PLACEMENT_3D('',#227,#228,#229);
#227 = CARTESIAN_POINT('',(0.281463474176,-4.9999999,-1.679641738661));
#228 = DIRECTION('',(-1.58689589789E-15,1.,3.361026734705E-17));
#229 = DIRECTION('',(-1.,-1.58689589789E-15,-5.333599538002E-32));
#230 = DEFINITIONAL_REPRESENTATION('',(#231),#234);
#231 = B_SPLINE_CURVE_WITH_KNOTS('',1,(#232,#233),.UNSPECIFIED.,.F.,.F.,
  (2,2),(-23.0892868516,18.617594632659),.PIECEWISE_BEZIER_KNOTS.);
#232 = CARTESIAN_POINT('',(3.281447858647,-40.02723984939));
#233 = CARTESIAN_POINT('',(3.28144785865,1.679641634864));
#234 = ( GEOMETRIC_REPRESENTATION_CONTEXT(2) 
PARAMETRIC_REPRESENTATION_CONTEXT() REPRESENTATION_CONTEXT('2D SPACE',''
  ) );
#235 = ORIENTED_EDGE('',*,*,#236,.T.);
#236 = EDGE_CURVE('',#211,#237,#239,.T.);
#237 = VERTEX_POINT('',#238);
#238 = CARTESIAN_POINT('',(-2.999984384486,-347.6535824749,
    -34.21392353061));
#239 = SURFACE_CURVE('',#240,(#244,#251),.PCURVE_S1.);
#240 = LINE('',#241,#242);
#241 = CARTESIAN_POINT('',(-2.999984384467,100.,-34.2139235314));
#242 = VECTOR('',#243,1.);
#243 = DIRECTION('',(-4.27321074577E-14,-1.,1.761366823173E-12));
#244 = PCURVE('',#44,#245);
#245 = DEFINITIONAL_REPRESENTATION('',(#246),#250);
#246 = LINE('',#247,#248);
#247 = CARTESIAN_POINT('',(-269.1737255877,-1.34162420285));
#248 = VECTOR('',#249,1.);
#249 = DIRECTION('',(1.,-1.761366823173E-12));
#250 = ( GEOMETRIC_REPRESENTATION_CONTEXT(2) 
PARAMETRIC_REPRESENTATION_CONTEXT() REPRESENTATION_CONTEXT('2D SPACE',''
  ) );
#251 = PCURVE('',#252,#257);
#252 = PLANE('',#253);
#253 = AXIS2_PLACEMENT_3D('',#254,#255,#256);
#254 = CARTESIAN_POINT('',(-2.999984384467,100.,-34.2139235314));
#255 = DIRECTION('',(7.418371472659E-14,-1.761366823173E-12,-1.));
#256 = DIRECTION('',(-4.27321074577E-14,-1.,1.761366823173E-12));
#257 = DEFINITIONAL_REPRESENTATION('',(#258),#262);
#258 = LINE('',#259,#260);
#259 = CARTESIAN_POINT('',(0.,0.));
#260 = VECTOR('',#261,1.);
#261 = DIRECTION('',(1.,2.186401530149E-30));
#262 = ( GEOMETRIC_REPRESENTATION_CONTEXT(2) 
PARAMETRIC_REPRESENTATION_CONTEXT() REPRESENTATION_CONTEXT('2D SPACE',''
  ) );
#263 = ORIENTED_EDGE('',*,*,#264,.T.);
#264 = EDGE_CURVE('',#237,#265,#267,.T.);
#265 = VERTEX_POINT('',#266);
#266 = CARTESIAN_POINT('',(-2.999984384486,-348.885610703,
    -34.20641867057));
#267 = SURFACE_CURVE('',#268,(#272,#279),.PCURVE_S1.);
#268 = LINE('',#269,#270);
#269 = CARTESIAN_POINT('',(-2.999984384486,-347.6535824749,
    -34.21392353061));
#270 = VECTOR('',#271,1.);
#271 = DIRECTION('',(-4.318319398318E-14,-0.999981447527,
    6.091354598561E-03));
#272 = PCURVE('',#44,#273);
#273 = DEFINITIONAL_REPRESENTATION('',(#274),#278);
#274 = LINE('',#275,#276);
#275 = CARTESIAN_POINT('',(178.4798568872,-1.34162420364));
#276 = VECTOR('',#277,1.);
#277 = DIRECTION('',(0.999981447527,-6.091354598561E-03));
#278 = ( GEOMETRIC_REPRESENTATION_CONTEXT(2) 
PARAMETRIC_REPRESENTATION_CONTEXT() REPRESENTATION_CONTEXT('2D SPACE',''
  ) );
#279 = PCURVE('',#280,#285);
#280 = PLANE('',#281);
#281 = AXIS2_PLACEMENT_3D('',#282,#283,#284);
#282 = CARTESIAN_POINT('',(-2.999984384486,-347.6535824749,
    -34.21392353061));
#283 = DIRECTION('',(7.392204201611E-14,-6.091354598561E-03,
    -0.999981447527));
#284 = DIRECTION('',(-4.318319398318E-14,-0.999981447527,
    6.091354598561E-03));
#285 = DEFINITIONAL_REPRESENTATION('',(#286),#290);
#286 = LINE('',#287,#288);
#287 = CARTESIAN_POINT('',(0.,0.));
#288 = VECTOR('',#289,1.);
#289 = DIRECTION('',(1.,-1.627025617018E-29));
#290 = ( GEOMETRIC_REPRESENTATION_CONTEXT(2) 
PARAMETRIC_REPRESENTATION_CONTEXT() REPRESENTATION_CONTEXT('2D SPACE',''
  ) );
#291 = ORIENTED_EDGE('',*,*,#292,.T.);
#292 = EDGE_CURVE('',#265,#293,#295,.T.);
#293 = VERTEX_POINT('',#294);
#294 = CARTESIAN_POINT('',(-2.999984384486,-350.117456078,
    -34.18390533921));
#295 = SURFACE_CURVE('',#296,(#300,#307),.PCURVE_S1.);
#296 = LINE('',#297,#298);
#297 = CARTESIAN_POINT('',(-2.999984384486,-348.885610703,
    -34.20641867057));
#298 = VECTOR('',#299,1.);
#299 = DIRECTION('',(-4.408053538767E-14,-0.999833033879,
    1.82730502148E-02));
#300 = PCURVE('',#44,#301);
#301 = DEFINITIONAL_REPRESENTATION('',(#302),#306);
#302 = LINE('',#303,#304);
#303 = CARTESIAN_POINT('',(179.7118851153,-1.34912906368));
#304 = VECTOR('',#305,1.);
#305 = DIRECTION('',(0.999833033879,-1.82730502148E-02));
#306 = ( GEOMETRIC_REPRESENTATION_CONTEXT(2) 
PARAMETRIC_REPRESENTATION_CONTEXT() REPRESENTATION_CONTEXT('2D SPACE',''
  ) );
#307 = PCURVE('',#308,#313);
#308 = PLANE('',#309);
#309 = AXIS2_PLACEMENT_3D('',#310,#311,#312);
#310 = CARTESIAN_POINT('',(-2.999984384486,-348.885610703,
    -34.20641867057));
#311 = DIRECTION('',(7.339048261424E-14,-1.82730502148E-02,
    -0.999833033879));
#312 = DIRECTION('',(-4.408053538767E-14,-0.999833033879,
    1.82730502148E-02));
#313 = DEFINITIONAL_REPRESENTATION('',(#314),#318);
#314 = LINE('',#315,#316);
#315 = CARTESIAN_POINT('',(0.,0.));
#316 = VECTOR('',#317,1.);
#317 = DIRECTION('',(1.,-2.051038353575E-29));
#318 = ( GEOMETRIC_REPRESENTATION_CONTEXT(2) 
PARAMETRIC_REPRESENTATION_CONTEXT() REPRESENTATION_CONTEXT('2D SPACE',''
  ) );
#319 = ORIENTED_EDGE('',*,*,#320,.T.);
#320 = EDGE_CURVE('',#293,#321,#323,.T.);
#321 = VERTEX_POINT('',#322);
#322 = CARTESIAN_POINT('',(-2.999984384486,-351.3489357745,
    -34.14638687787));
#323 = SURFACE_CURVE('',#324,(#328,#335),.PCURVE_S1.);
#324 = LINE('',#325,#326);
#325 = CARTESIAN_POINT('',(-2.999984384486,-350.117456078,
    -34.18390533921));
#326 = VECTOR('',#327,1.);
#327 = DIRECTION('',(-4.497133454725E-14,-0.999536229276,
    3.045203382418E-02));
#328 = PCURVE('',#44,#329);
#329 = DEFINITIONAL_REPRESENTATION('',(#330),#334);
#330 = LINE('',#331,#332);
#331 = CARTESIAN_POINT('',(180.9437304903,-1.37164239504));
#332 = VECTOR('',#333,1.);
#333 = DIRECTION('',(0.999536229276,-3.045203382418E-02));
#334 = ( GEOMETRIC_REPRESENTATION_CONTEXT(2) 
PARAMETRIC_REPRESENTATION_CONTEXT() REPRESENTATION_CONTEXT('2D SPACE',''
  ) );
#335 = PCURVE('',#336,#341);
#336 = PLANE('',#337);
#337 = AXIS2_PLACEMENT_3D('',#338,#339,#340);
#338 = CARTESIAN_POINT('',(-2.999984384486,-350.117456078,
    -34.18390533921));
#339 = DIRECTION('',(7.284803090996E-14,-3.045203382418E-02,
    -0.999536229276));
#340 = DIRECTION('',(-4.497133454725E-14,-0.999536229276,
    3.045203382418E-02));
#341 = DEFINITIONAL_REPRESENTATION('',(#342),#346);
#342 = LINE('',#343,#344);
#343 = CARTESIAN_POINT('',(0.,0.));
#344 = VECTOR('',#345,1.);
#345 = DIRECTION('',(1.,-7.88860905221E-31));
#346 = ( GEOMETRIC_REPRESENTATION_CONTEXT(2) 
PARAMETRIC_REPRESENTATION_CONTEXT() REPRESENTATION_CONTEXT('2D SPACE',''
  ) );
#347 = ORIENTED_EDGE('',*,*,#348,.T.);
#348 = EDGE_CURVE('',#321,#349,#351,.T.);
#349 = VERTEX_POINT('',#350);
#350 = CARTESIAN_POINT('',(-2.999984384486,-352.5798670217,
    -34.09386885489));
#351 = SURFACE_CURVE('',#352,(#356,#363),.PCURVE_S1.);
#352 = LINE('',#353,#354);
#353 = CARTESIAN_POINT('',(-2.999984384486,-351.3489357745,
    -34.14638687787));
#354 = VECTOR('',#355,1.);
#355 = DIRECTION('',(-4.585545925312E-14,-0.99909107777,
    4.262649787257E-02));
#356 = PCURVE('',#44,#357);
#357 = DEFINITIONAL_REPRESENTATION('',(#358),#362);
#358 = LINE('',#359,#360);
#359 = CARTESIAN_POINT('',(182.1752101868,-1.40916085638));
#360 = VECTOR('',#361,1.);
#361 = DIRECTION('',(0.99909107777,-4.262649787257E-02));
#362 = ( GEOMETRIC_REPRESENTATION_CONTEXT(2) 
PARAMETRIC_REPRESENTATION_CONTEXT() REPRESENTATION_CONTEXT('2D SPACE',''
  ) );
#363 = PCURVE('',#364,#369);
#364 = PLANE('',#365);
#365 = AXIS2_PLACEMENT_3D('',#366,#367,#368);
#366 = CARTESIAN_POINT('',(-2.999984384486,-351.3489357745,
    -34.14638687787));
#367 = DIRECTION('',(7.229476741158E-14,-4.262649787257E-02,
    -0.99909107777));
#368 = DIRECTION('',(-4.585545925312E-14,-0.99909107777,
    4.262649787257E-02));
#369 = DEFINITIONAL_REPRESENTATION('',(#370),#374);
#370 = LINE('',#371,#372);
#371 = CARTESIAN_POINT('',(0.,0.));
#372 = VECTOR('',#373,1.);
#373 = DIRECTION('',(1.,3.944304526105E-30));
#374 = ( GEOMETRIC_REPRESENTATION_CONTEXT(2) 
PARAMETRIC_REPRESENTATION_CONTEXT() REPRESENTATION_CONTEXT('2D SPACE',''
  ) );
#375 = ORIENTED_EDGE('',*,*,#376,.T.);
#376 = EDGE_CURVE('',#349,#377,#379,.T.);
#377 = VERTEX_POINT('',#378);
#378 = CARTESIAN_POINT('',(-2.999984384486,-353.8100671298,
    -34.02635906475));
#379 = SURFACE_CURVE('',#380,(#384,#391),.PCURVE_S1.);
#380 = LINE('',#381,#382);
#381 = CARTESIAN_POINT('',(-2.999984384486,-352.5798670217,
    -34.09386885489));
#382 = VECTOR('',#383,1.);
#383 = DIRECTION('',(-4.673277828735E-14,-0.998497645427,
    5.479463547796E-02));
#384 = PCURVE('',#44,#385);
#385 = DEFINITIONAL_REPRESENTATION('',(#386),#390);
#386 = LINE('',#387,#388);
#387 = CARTESIAN_POINT('',(183.406141434,-1.46167887936));
#388 = VECTOR('',#389,1.);
#389 = DIRECTION('',(0.998497645427,-5.479463547796E-02));
#390 = ( GEOMETRIC_REPRESENTATION_CONTEXT(2) 
PARAMETRIC_REPRESENTATION_CONTEXT() REPRESENTATION_CONTEXT('2D SPACE',''
  ) );
#391 = PCURVE('',#392,#397);
#392 = PLANE('',#393);
#393 = AXIS2_PLACEMENT_3D('',#394,#395,#396);
#394 = CARTESIAN_POINT('',(-2.999984384486,-352.5798670217,
    -34.09386885489));
#395 = DIRECTION('',(7.173077423223E-14,-5.479463547796E-02,
    -0.998497645427));
#396 = DIRECTION('',(-4.673277828735E-14,-0.998497645427,
    5.479463547796E-02));
#397 = DEFINITIONAL_REPRESENTATION('',(#398),#402);
#398 = LINE('',#399,#400);
#399 = CARTESIAN_POINT('',(0.,0.));
#400 = VECTOR('',#401,1.);
#401 = DIRECTION('',(1.,3.155443620884E-30));
#402 = ( GEOMETRIC_REPRESENTATION_CONTEXT(2) 
PARAMETRIC_REPRESENTATION_CONTEXT() REPRESENTATION_CONTEXT('2D SPACE',''
  ) );
#403 = ORIENTED_EDGE('',*,*,#404,.T.);
#404 = EDGE_CURVE('',#377,#405,#407,.T.);
#405 = VERTEX_POINT('',#406);
#406 = CARTESIAN_POINT('',(-2.999984384486,-355.039353518,
    -33.94386752698));
#407 = SURFACE_CURVE('',#408,(#412,#419),.PCURVE_S1.);
#408 = LINE('',#409,#410);
#409 = CARTESIAN_POINT('',(-2.999984384486,-353.8100671298,
    -34.02635906475));
#410 = VECTOR('',#411,1.);
#411 = DIRECTION('',(-4.760316144197E-14,-0.997756020322,
    6.69546406973E-02));
#412 = PCURVE('',#44,#413);
#413 = DEFINITIONAL_REPRESENTATION('',(#414),#418);
#414 = LINE('',#415,#416);
#415 = CARTESIAN_POINT('',(184.6363415421,-1.5291886695));
#416 = VECTOR('',#417,1.);
#417 = DIRECTION('',(0.997756020322,-6.69546406973E-02));
#418 = ( GEOMETRIC_REPRESENTATION_CONTEXT(2) 
PARAMETRIC_REPRESENTATION_CONTEXT() REPRESENTATION_CONTEXT('2D SPACE',''
  ) );
#419 = PCURVE('',#420,#425);
#420 = PLANE('',#421);
#421 = AXIS2_PLACEMENT_3D('',#422,#423,#424);
#422 = CARTESIAN_POINT('',(-2.999984384486,-353.8100671298,
    -34.02635906475));
#423 = DIRECTION('',(7.115613507735E-14,-6.69546406973E-02,
    -0.997756020322));
#424 = DIRECTION('',(-4.760316144197E-14,-0.997756020322,
    6.69546406973E-02));
#425 = DEFINITIONAL_REPRESENTATION('',(#426),#430);
#426 = LINE('',#427,#428);
#427 = CARTESIAN_POINT('',(0.,0.));
#428 = VECTOR('',#429,1.);
#429 = DIRECTION('',(1.,2.051038353575E-29));
#430 = ( GEOMETRIC_REPRESENTATION_CONTEXT(2) 
PARAMETRIC_REPRESENTATION_CONTEXT() REPRESENTATION_CONTEXT('2D SPACE',''
  ) );
#431 = ORIENTED_EDGE('',*,*,#432,.T.);
#432 = EDGE_CURVE('',#405,#433,#435,.T.);
#433 = VERTEX_POINT('',#434);
#434 = CARTESIAN_POINT('',(-2.999984384486,-356.2675437407,
    -33.84640648463));
#435 = SURFACE_CURVE('',#436,(#440,#447),.PCURVE_S1.);
#436 = LINE('',#437,#438);
#437 = CARTESIAN_POINT('',(-2.999984384486,-355.039353518,
    -33.94386752698));
#438 = VECTOR('',#439,1.);
#439 = DIRECTION('',(-4.846647953836E-14,-0.996866312525,
    7.910470879438E-02));
#440 = PCURVE('',#44,#441);
#441 = DEFINITIONAL_REPRESENTATION('',(#442),#446);
#442 = LINE('',#443,#444);
#443 = CARTESIAN_POINT('',(185.8656279303,-1.61168020727));
#444 = VECTOR('',#445,1.);
#445 = DIRECTION('',(0.996866312525,-7.910470879438E-02));
#446 = ( GEOMETRIC_REPRESENTATION_CONTEXT(2) 
PARAMETRIC_REPRESENTATION_CONTEXT() REPRESENTATION_CONTEXT('2D SPACE',''
  ) );
#447 = PCURVE('',#448,#453);
#448 = PLANE('',#449);
#449 = AXIS2_PLACEMENT_3D('',#450,#451,#452);
#450 = CARTESIAN_POINT('',(-2.999984384486,-355.039353518,
    -33.94386752698));
#451 = DIRECTION('',(7.057093523234E-14,-7.910470879438E-02,
    -0.996866312525));
#452 = DIRECTION('',(-4.846647953836E-14,-0.996866312525,
    7.910470879438E-02));
#453 = DEFINITIONAL_REPRESENTATION('',(#454),#458);
#454 = LINE('',#455,#456);
#455 = CARTESIAN_POINT('',(0.,0.));
#456 = VECTOR('',#457,1.);
#457 = DIRECTION('',(1.,2.051038353575E-29));
#458 = ( GEOMETRIC_REPRESENTATION_CONTEXT(2) 
PARAMETRIC_REPRESENTATION_CONTEXT() REPRESENTATION_CONTEXT('2D SPACE',''
  ) );
#459 = ORIENTED_EDGE('',*,*,#460,.T.);
#460 = EDGE_CURVE('',#433,#461,#463,.T.);
#461 = VERTEX_POINT('',#462);
#462 = CARTESIAN_POINT('',(-2.999984384486,-357.4944555152,
    -33.73399040243));
#463 = SURFACE_CURVE('',#464,(#468,#475),.PCURVE_S1.);
#464 = LINE('',#465,#466);
#465 = CARTESIAN_POINT('',(-2.999984384486,-356.2675437407,
    -33.84640648463));
#466 = VECTOR('',#467,1.);
#467 = DIRECTION('',(-4.932260444663E-14,-0.995828654081,
    9.124303650806E-02));
#468 = PCURVE('',#44,#469);
#469 = DEFINITIONAL_REPRESENTATION('',(#470),#474);
#470 = LINE('',#471,#472);
#471 = CARTESIAN_POINT('',(187.093818153,-1.70914124962));
#472 = VECTOR('',#473,1.);
#473 = DIRECTION('',(0.995828654081,-9.124303650806E-02));
#474 = ( GEOMETRIC_REPRESENTATION_CONTEXT(2) 
PARAMETRIC_REPRESENTATION_CONTEXT() REPRESENTATION_CONTEXT('2D SPACE',''
  ) );
#475 = PCURVE('',#476,#481);
#476 = PLANE('',#477);
#477 = AXIS2_PLACEMENT_3D('',#478,#479,#480);
#478 = CARTESIAN_POINT('',(-2.999984384486,-356.2675437407,
    -33.84640648463));
#479 = DIRECTION('',(6.997526155017E-14,-9.124303650806E-02,
    -0.995828654081));
#480 = DIRECTION('',(-4.932260444663E-14,-0.995828654081,
    9.124303650806E-02));
#481 = DEFINITIONAL_REPRESENTATION('',(#482),#486);
#482 = LINE('',#483,#484);
#483 = CARTESIAN_POINT('',(0.,0.));
#484 = VECTOR('',#485,1.);
#485 = DIRECTION('',(1.,-1.577721810442E-30));
#486 = ( GEOMETRIC_REPRESENTATION_CONTEXT(2) 
PARAMETRIC_REPRESENTATION_CONTEXT() REPRESENTATION_CONTEXT('2D SPACE',''
  ) );
#487 = ORIENTED_EDGE('',*,*,#488,.T.);
#488 = EDGE_CURVE('',#461,#489,#491,.T.);
#489 = VERTEX_POINT('',#490);
#490 = CARTESIAN_POINT('',(-2.999984384486,-358.7199067484,
    -33.60663596471));
#491 = SURFACE_CURVE('',#492,(#496,#503),.PCURVE_S1.);
#492 = LINE('',#493,#494);
#493 = CARTESIAN_POINT('',(-2.999984384486,-357.4944555152,
    -33.73399040243));
#494 = VECTOR('',#495,1.);
#495 = DIRECTION('',(-5.01714091043E-14,-0.994643198996,0.103367822319)
  );
#496 = PCURVE('',#44,#497);
#497 = DEFINITIONAL_REPRESENTATION('',(#498),#502);
#498 = LINE('',#499,#500);
#499 = CARTESIAN_POINT('',(188.3207299275,-1.82155733182));
#500 = VECTOR('',#501,1.);
#501 = DIRECTION('',(0.994643198996,-0.103367822319));
#502 = ( GEOMETRIC_REPRESENTATION_CONTEXT(2) 
PARAMETRIC_REPRESENTATION_CONTEXT() REPRESENTATION_CONTEXT('2D SPACE',''
  ) );
#503 = PCURVE('',#504,#509);
#504 = PLANE('',#505);
#505 = AXIS2_PLACEMENT_3D('',#506,#507,#508);
#506 = CARTESIAN_POINT('',(-2.999984384486,-357.4944555152,
    -33.73399040243));
#507 = DIRECTION('',(6.936920243813E-14,-0.103367822319,-0.994643198996)
  );
#508 = DIRECTION('',(-5.01714091043E-14,-0.994643198996,0.103367822319)
  );
#509 = DEFINITIONAL_REPRESENTATION('',(#510),#514);
#510 = LINE('',#511,#512);
#511 = CARTESIAN_POINT('',(0.,0.));
#512 = VECTOR('',#513,1.);
#513 = DIRECTION('',(1.,1.577721810442E-30));
#514 = ( GEOMETRIC_REPRESENTATION_CONTEXT(2) 
PARAMETRIC_REPRESENTATION_CONTEXT() REPRESENTATION_CONTEXT('2D SPACE',''
  ) );
#515 = ORIENTED_EDGE('',*,*,#516,.T.);
#516 = EDGE_CURVE('',#489,#517,#519,.T.);
#517 = VERTEX_POINT('',#518);
#518 = CARTESIAN_POINT('',(-2.999984384486,-359.9437155642,
    -33.46436207287));
#519 = SURFACE_CURVE('',#520,(#524,#531),.PCURVE_S1.);
#520 = LINE('',#521,#522);
#521 = CARTESIAN_POINT('',(-2.999984384486,-358.7199067484,
    -33.60663596471));
#522 = VECTOR('',#523,1.);
#523 = DIRECTION('',(-5.101276753541E-14,-0.99331012321,0.115477266719)
  );
#524 = PCURVE('',#44,#525);
#525 = DEFINITIONAL_REPRESENTATION('',(#526),#530);
#526 = LINE('',#527,#528);
#527 = CARTESIAN_POINT('',(189.5461811607,-1.94891176954));
#528 = VECTOR('',#529,1.);
#529 = DIRECTION('',(0.99331012321,-0.115477266719));
#530 = ( GEOMETRIC_REPRESENTATION_CONTEXT(2) 
PARAMETRIC_REPRESENTATION_CONTEXT() REPRESENTATION_CONTEXT('2D SPACE',''
  ) );
#531 = PCURVE('',#532,#537);
#532 = PLANE('',#533);
#533 = AXIS2_PLACEMENT_3D('',#534,#535,#536);
#534 = CARTESIAN_POINT('',(-2.999984384486,-358.7199067484,
    -33.60663596471));
#535 = DIRECTION('',(6.875284784494E-14,-0.115477266719,-0.99331012321)
  );
#536 = DIRECTION('',(-5.101276753541E-14,-0.99331012321,0.115477266719)
  );
#537 = DEFINITIONAL_REPRESENTATION('',(#538),#542);
#538 = LINE('',#539,#540);
#539 = CARTESIAN_POINT('',(0.,0.));
#540 = VECTOR('',#541,1.);
#541 = DIRECTION('',(1.,2.051038353575E-29));
#542 = ( GEOMETRIC_REPRESENTATION_CONTEXT(2) 
PARAMETRIC_REPRESENTATION_CONTEXT() REPRESENTATION_CONTEXT('2D SPACE',''
  ) );
#543 = ORIENTED_EDGE('',*,*,#544,.T.);
#544 = EDGE_CURVE('',#517,#545,#547,.T.);
#545 = VERTEX_POINT('',#546);
#546 = CARTESIAN_POINT('',(-2.999984384486,-361.1657003301,
    -33.30718984259));
#547 = SURFACE_CURVE('',#548,(#552,#559),.PCURVE_S1.);
#548 = LINE('',#549,#550);
#549 = CARTESIAN_POINT('',(-2.999984384486,-359.9437155642,
    -33.46436207287));
#550 = VECTOR('',#551,1.);
#551 = DIRECTION('',(-5.184655486916E-14,-0.991829624572,0.127569572476)
  );
#552 = PCURVE('',#44,#553);
#553 = DEFINITIONAL_REPRESENTATION('',(#554),#558);
#554 = LINE('',#555,#556);
#555 = CARTESIAN_POINT('',(190.7699899765,-2.09118566138));
#556 = VECTOR('',#557,1.);
#557 = DIRECTION('',(0.991829624572,-0.127569572476));
#558 = ( GEOMETRIC_REPRESENTATION_CONTEXT(2) 
PARAMETRIC_REPRESENTATION_CONTEXT() REPRESENTATION_CONTEXT('2D SPACE',''
  ) );
#559 = PCURVE('',#560,#565);
#560 = PLANE('',#561);
#561 = AXIS2_PLACEMENT_3D('',#562,#563,#564);
#562 = CARTESIAN_POINT('',(-2.999984384486,-359.9437155642,
    -33.46436207287));
#563 = DIRECTION('',(6.812628924732E-14,-0.127569572476,-0.991829624572)
  );
#564 = DIRECTION('',(-5.184655486916E-14,-0.991829624572,0.127569572476)
  );
#565 = DEFINITIONAL_REPRESENTATION('',(#566),#570);
#566 = LINE('',#567,#568);
#567 = CARTESIAN_POINT('',(0.,0.));
#568 = VECTOR('',#569,1.);
#569 = DIRECTION('',(1.,2.051038353575E-29));
#570 = ( GEOMETRIC_REPRESENTATION_CONTEXT(2) 
PARAMETRIC_REPRESENTATION_CONTEXT() REPRESENTATION_CONTEXT('2D SPACE',''
  ) );
#571 = ORIENTED_EDGE('',*,*,#572,.T.);
#572 = EDGE_CURVE('',#545,#573,#575,.T.);
#573 = VERTEX_POINT('',#574);
#574 = CARTESIAN_POINT('',(-2.999984384487,-362.3856796842,
    -33.1351426007));
#575 = SURFACE_CURVE('',#576,(#580,#587),.PCURVE_S1.);
#576 = LINE('',#577,#578);
#577 = CARTESIAN_POINT('',(-2.999984384486,-361.1657003301,
    -33.30718984259));
#578 = VECTOR('',#579,1.);
#579 = DIRECTION('',(-5.267264735841E-14,-0.990201922811,0.139642944901)
  );
#580 = PCURVE('',#44,#581);
#581 = DEFINITIONAL_REPRESENTATION('',(#582),#586);
#582 = LINE('',#583,#584);
#583 = CARTESIAN_POINT('',(191.9919747424,-2.24835789166));
#584 = VECTOR('',#585,1.);
#585 = DIRECTION('',(0.990201922811,-0.139642944901));
#586 = ( GEOMETRIC_REPRESENTATION_CONTEXT(2) 
PARAMETRIC_REPRESENTATION_CONTEXT() REPRESENTATION_CONTEXT('2D SPACE',''
  ) );
#587 = PCURVE('',#588,#593);
#588 = PLANE('',#589);
#589 = AXIS2_PLACEMENT_3D('',#590,#591,#592);
#590 = CARTESIAN_POINT('',(-2.999984384486,-361.1657003301,
    -33.30718984259));
#591 = DIRECTION('',(6.748961963647E-14,-0.139642944901,-0.990201922811)
  );
#592 = DIRECTION('',(-5.267264735841E-14,-0.990201922811,0.139642944901)
  );
#593 = DEFINITIONAL_REPRESENTATION('',(#594),#598);
#594 = LINE('',#595,#596);
#595 = CARTESIAN_POINT('',(0.,0.));
#596 = VECTOR('',#597,1.);
#597 = DIRECTION('',(1.,3.155443620884E-29));
#598 = ( GEOMETRIC_REPRESENTATION_CONTEXT(2) 
PARAMETRIC_REPRESENTATION_CONTEXT() REPRESENTATION_CONTEXT('2D SPACE',''
  ) );
#599 = ORIENTED_EDGE('',*,*,#600,.T.);
#600 = EDGE_CURVE('',#573,#601,#603,.T.);
#601 = VERTEX_POINT('',#602);
#602 = CARTESIAN_POINT('',(-2.999984384487,-363.6034725625,
    -32.94824588173));
#603 = SURFACE_CURVE('',#604,(#608,#615),.PCURVE_S1.);
#604 = LINE('',#605,#606);
#605 = CARTESIAN_POINT('',(-2.999984384487,-362.3856796842,
    -33.1351426007));
#606 = VECTOR('',#607,1.);
#607 = DIRECTION('',(-5.349092239795E-14,-0.988427259505,0.151695592116)
  );
#608 = PCURVE('',#44,#609);
#609 = DEFINITIONAL_REPRESENTATION('',(#610),#614);
#610 = LINE('',#611,#612);
#611 = CARTESIAN_POINT('',(193.2119540965,-2.42040513355));
#612 = VECTOR('',#613,1.);
#613 = DIRECTION('',(0.988427259505,-0.151695592116));
#614 = ( GEOMETRIC_REPRESENTATION_CONTEXT(2) 
PARAMETRIC_REPRESENTATION_CONTEXT() REPRESENTATION_CONTEXT('2D SPACE',''
  ) );
#615 = PCURVE('',#616,#621);
#616 = PLANE('',#617);
#617 = AXIS2_PLACEMENT_3D('',#618,#619,#620);
#618 = CARTESIAN_POINT('',(-2.999984384487,-362.3856796842,
    -33.1351426007));
#619 = DIRECTION('',(6.684293350407E-14,-0.151695592116,-0.988427259505)
  );
#620 = DIRECTION('',(-5.349092239795E-14,-0.988427259505,0.151695592116)
  );
#621 = DEFINITIONAL_REPRESENTATION('',(#622),#626);
#622 = LINE('',#623,#624);
#623 = CARTESIAN_POINT('',(0.,0.));
#624 = VECTOR('',#625,1.);
#625 = DIRECTION('',(1.,1.735493991486E-29));
#626 = ( GEOMETRIC_REPRESENTATION_CONTEXT(2) 
PARAMETRIC_REPRESENTATION_CONTEXT() REPRESENTATION_CONTEXT('2D SPACE',''
  ) );
#627 = ORIENTED_EDGE('',*,*,#628,.T.);
#628 = EDGE_CURVE('',#601,#629,#631,.T.);
#629 = VERTEX_POINT('',#630);
#630 = CARTESIAN_POINT('',(-2.999984384487,-364.8188982252,
    -32.74652742409));
#631 = SURFACE_CURVE('',#632,(#636,#643),.PCURVE_S1.);
#632 = LINE('',#633,#634);
#633 = CARTESIAN_POINT('',(-2.999984384487,-363.6034725625,
    -32.94824588173));
#634 = VECTOR('',#635,1.);
#635 = DIRECTION('',(-5.430125854295E-14,-0.986505898041,0.163725725317)
  );
#636 = PCURVE('',#44,#637);
#637 = DEFINITIONAL_REPRESENTATION('',(#638),#642);
#638 = LINE('',#639,#640);
#639 = CARTESIAN_POINT('',(194.4297469748,-2.60730185252));
#640 = VECTOR('',#641,1.);
#641 = DIRECTION('',(0.986505898041,-0.163725725317));
#642 = ( GEOMETRIC_REPRESENTATION_CONTEXT(2) 
PARAMETRIC_REPRESENTATION_CONTEXT() REPRESENTATION_CONTEXT('2D SPACE',''
  ) );
#643 = PCURVE('',#644,#649);
#644 = PLANE('',#645);
#645 = AXIS2_PLACEMENT_3D('',#646,#647,#648);
#646 = CARTESIAN_POINT('',(-2.999984384487,-363.6034725625,
    -32.94824588173));
#647 = DIRECTION('',(6.61863268286E-14,-0.163725725317,-0.986505898041)
  );
#648 = DIRECTION('',(-5.430125854295E-14,-0.986505898041,0.163725725317)
  );
#649 = DEFINITIONAL_REPRESENTATION('',(#650),#654);
#650 = LINE('',#651,#652);
#651 = CARTESIAN_POINT('',(0.,0.));
#652 = VECTOR('',#653,1.);
#653 = DIRECTION('',(1.,-2.051038353575E-29));
#654 = ( GEOMETRIC_REPRESENTATION_CONTEXT(2) 
PARAMETRIC_REPRESENTATION_CONTEXT() REPRESENTATION_CONTEXT('2D SPACE',''
  ) );
#655 = ORIENTED_EDGE('',*,*,#656,.T.);
#656 = EDGE_CURVE('',#629,#657,#659,.T.);
#657 = VERTEX_POINT('',#658);
#658 = CARTESIAN_POINT('',(-2.999984384487,-366.0317762843,
    -32.53001716597));
#659 = SURFACE_CURVE('',#660,(#664,#671),.PCURVE_S1.);
#660 = LINE('',#661,#662);
#661 = CARTESIAN_POINT('',(-2.999984384487,-364.8188982252,
    -32.74652742409));
#662 = VECTOR('',#663,1.);
#663 = DIRECTION('',(-5.510353552679E-14,-0.984438123579,0.175731559045)
  );
#664 = PCURVE('',#44,#665);
#665 = DEFINITIONAL_REPRESENTATION('',(#666),#670);
#666 = LINE('',#667,#668);
#667 = CARTESIAN_POINT('',(195.6451726375,-2.80902031016));
#668 = VECTOR('',#669,1.);
#669 = DIRECTION('',(0.984438123579,-0.175731559045));
#670 = ( GEOMETRIC_REPRESENTATION_CONTEXT(2) 
PARAMETRIC_REPRESENTATION_CONTEXT() REPRESENTATION_CONTEXT('2D SPACE',''
  ) );
#671 = PCURVE('',#672,#677);
#672 = PLANE('',#673);
#673 = AXIS2_PLACEMENT_3D('',#674,#675,#676);
#674 = CARTESIAN_POINT('',(-2.999984384487,-364.8188982252,
    -32.74652742409));
#675 = DIRECTION('',(6.551989706082E-14,-0.175731559045,-0.984438123579)
  );
#676 = DIRECTION('',(-5.510353552679E-14,-0.984438123579,0.175731559045)
  );
#677 = DEFINITIONAL_REPRESENTATION('',(#678),#682);
#678 = LINE('',#679,#680);
#679 = CARTESIAN_POINT('',(0.,0.));
#680 = VECTOR('',#681,1.);
#681 = DIRECTION('',(1.,4.733165431326E-30));
#682 = ( GEOMETRIC_REPRESENTATION_CONTEXT(2) 
PARAMETRIC_REPRESENTATION_CONTEXT() REPRESENTATION_CONTEXT('2D SPACE',''
  ) );
#683 = ORIENTED_EDGE('',*,*,#684,.T.);
#684 = EDGE_CURVE('',#657,#685,#687,.T.);
#685 = VERTEX_POINT('',#686);
#686 = CARTESIAN_POINT('',(-2.999984384487,-367.2419267293,
    -32.29874724089));
#687 = SURFACE_CURVE('',#688,(#692,#699),.PCURVE_S1.);
#688 = LINE('',#689,#690);
#689 = CARTESIAN_POINT('',(-2.999984384487,-366.0317762843,
    -32.53001716597));
#690 = VECTOR('',#691,1.);
#691 = DIRECTION('',(-5.589763427888E-14,-0.98222424301,0.187711311445)
  );
#692 = PCURVE('',#44,#693);
#693 = DEFINITIONAL_REPRESENTATION('',(#694),#698);
#694 = LINE('',#695,#696);
#695 = CARTESIAN_POINT('',(196.8580506966,-3.02553056828));
#696 = VECTOR('',#697,1.);
#697 = DIRECTION('',(0.98222424301,-0.187711311445));
#698 = ( GEOMETRIC_REPRESENTATION_CONTEXT(2) 
PARAMETRIC_REPRESENTATION_CONTEXT() REPRESENTATION_CONTEXT('2D SPACE',''
  ) );
#699 = PCURVE('',#700,#705);
#700 = PLANE('',#701);
#701 = AXIS2_PLACEMENT_3D('',#702,#703,#704);
#702 = CARTESIAN_POINT('',(-2.999984384487,-366.0317762843,
    -32.53001716597));
#703 = DIRECTION('',(6.484374310935E-14,-0.187711311445,-0.98222424301)
  );
#704 = DIRECTION('',(-5.589763427888E-14,-0.98222424301,0.187711311445)
  );
#705 = DEFINITIONAL_REPRESENTATION('',(#706),#710);
#706 = LINE('',#707,#708);
#707 = CARTESIAN_POINT('',(0.,0.));
#708 = VECTOR('',#709,1.);
#709 = DIRECTION('',(1.,-7.88860905221E-30));
#710 = ( GEOMETRIC_REPRESENTATION_CONTEXT(2) 
PARAMETRIC_REPRESENTATION_CONTEXT() REPRESENTATION_CONTEXT('2D SPACE',''
  ) );
#711 = ORIENTED_EDGE('',*,*,#712,.T.);
#712 = EDGE_CURVE('',#685,#713,#715,.T.);
#713 = VERTEX_POINT('',#714);
#714 = CARTESIAN_POINT('',(-2.999984384487,-368.449169955,
    -32.05275197296));
#715 = SURFACE_CURVE('',#716,(#720,#727),.PCURVE_S1.);
#716 = LINE('',#717,#718);
#717 = CARTESIAN_POINT('',(-2.999984384487,-367.2419267293,
    -32.29874724089));
#718 = VECTOR('',#719,1.);
#719 = DIRECTION('',(-5.668343694259E-14,-0.979864584908,0.199663204532)
  );
#720 = PCURVE('',#44,#721);
#721 = DEFINITIONAL_REPRESENTATION('',(#722),#726);
#722 = LINE('',#723,#724);
#723 = CARTESIAN_POINT('',(198.0682011416,-3.25680049336));
#724 = VECTOR('',#725,1.);
#725 = DIRECTION('',(0.979864584908,-0.199663204532));
#726 = ( GEOMETRIC_REPRESENTATION_CONTEXT(2) 
PARAMETRIC_REPRESENTATION_CONTEXT() REPRESENTATION_CONTEXT('2D SPACE',''
  ) );
#727 = PCURVE('',#728,#733);
#728 = PLANE('',#729);
#729 = AXIS2_PLACEMENT_3D('',#730,#731,#732);
#730 = CARTESIAN_POINT('',(-2.999984384487,-367.2419267293,
    -32.29874724089));
#731 = DIRECTION('',(6.415796532618E-14,-0.199663204532,-0.979864584908)
  );
#732 = DIRECTION('',(-5.668343694259E-14,-0.979864584908,0.199663204532)
  );
#733 = DEFINITIONAL_REPRESENTATION('',(#734),#738);
#734 = LINE('',#735,#736);
#735 = CARTESIAN_POINT('',(0.,0.));
#736 = VECTOR('',#737,1.);
#737 = DIRECTION('',(1.,-1.89326617253E-29));
#738 = ( GEOMETRIC_REPRESENTATION_CONTEXT(2) 
PARAMETRIC_REPRESENTATION_CONTEXT() REPRESENTATION_CONTEXT('2D SPACE',''
  ) );
#739 = ORIENTED_EDGE('',*,*,#740,.T.);
#740 = EDGE_CURVE('',#713,#741,#743,.T.);
#741 = VERTEX_POINT('',#742);
#742 = CARTESIAN_POINT('',(-2.999984384487,-369.6533267876,
    -31.79206787174));
#743 = SURFACE_CURVE('',#744,(#748,#755),.PCURVE_S1.);
#744 = LINE('',#745,#746);
#745 = CARTESIAN_POINT('',(-2.999984384487,-368.449169955,
    -32.05275197296));
#746 = VECTOR('',#747,1.);
#747 = DIRECTION('',(-5.746082689229E-14,-0.977359499483,0.211585464458)
  );
#748 = PCURVE('',#44,#749);
#749 = DEFINITIONAL_REPRESENTATION('',(#750),#754);
#750 = LINE('',#751,#752);
#751 = CARTESIAN_POINT('',(199.2754443673,-3.50279576129));
#752 = VECTOR('',#753,1.);
#753 = DIRECTION('',(0.977359499483,-0.211585464458));
#754 = ( GEOMETRIC_REPRESENTATION_CONTEXT(2) 
PARAMETRIC_REPRESENTATION_CONTEXT() REPRESENTATION_CONTEXT('2D SPACE',''
  ) );
#755 = PCURVE('',#756,#761);
#756 = PLANE('',#757);
#757 = AXIS2_PLACEMENT_3D('',#758,#759,#760);
#758 = CARTESIAN_POINT('',(-2.999984384487,-368.449169955,
    -32.05275197296));
#759 = DIRECTION('',(6.346266549138E-14,-0.211585464458,-0.977359499483)
  );
#760 = DIRECTION('',(-5.746082689229E-14,-0.977359499483,0.211585464458)
  );
#761 = DEFINITIONAL_REPRESENTATION('',(#762),#766);
#762 = LINE('',#763,#764);
#763 = CARTESIAN_POINT('',(0.,0.));
#764 = VECTOR('',#765,1.);
#765 = DIRECTION('',(1.,-3.155443620884E-30));
#766 = ( GEOMETRIC_REPRESENTATION_CONTEXT(2) 
PARAMETRIC_REPRESENTATION_CONTEXT() REPRESENTATION_CONTEXT('2D SPACE',''
  ) );
#767 = ORIENTED_EDGE('',*,*,#768,.T.);
#768 = EDGE_CURVE('',#741,#769,#771,.T.);
#769 = VERTEX_POINT('',#770);
#770 = CARTESIAN_POINT('',(-2.999984384487,-370.854218511,
    -31.51673362686));
#771 = SURFACE_CURVE('',#772,(#776,#783),.PCURVE_S1.);
#772 = LINE('',#773,#774);
#773 = CARTESIAN_POINT('',(-2.999984384487,-369.6533267876,
    -31.79206787174));
#774 = VECTOR('',#775,1.);
#775 = DIRECTION('',(-5.822968875113E-14,-0.974709358531,0.223476321772)
  );
#776 = PCURVE('',#44,#777);
#777 = DEFINITIONAL_REPRESENTATION('',(#778),#782);
#778 = LINE('',#779,#780);
#779 = CARTESIAN_POINT('',(200.4796011999,-3.76347986251));
#780 = VECTOR('',#781,1.);
#781 = DIRECTION('',(0.974709358531,-0.223476321772));
#782 = ( GEOMETRIC_REPRESENTATION_CONTEXT(2) 
PARAMETRIC_REPRESENTATION_CONTEXT() REPRESENTATION_CONTEXT('2D SPACE',''
  ) );
#783 = PCURVE('',#784,#789);
#784 = PLANE('',#785);
#785 = AXIS2_PLACEMENT_3D('',#786,#787,#788);
#786 = CARTESIAN_POINT('',(-2.999984384487,-369.6533267876,
    -31.79206787174));
#787 = DIRECTION('',(6.275794679843E-14,-0.223476321772,-0.974709358531)
  );
#788 = DIRECTION('',(-5.822968875113E-14,-0.974709358531,0.223476321772)
  );
#789 = DEFINITIONAL_REPRESENTATION('',(#790),#794);
#790 = LINE('',#791,#792);
#791 = CARTESIAN_POINT('',(0.,0.));
#792 = VECTOR('',#793,1.);
#793 = DIRECTION('',(1.,0.));
#794 = ( GEOMETRIC_REPRESENTATION_CONTEXT(2) 
PARAMETRIC_REPRESENTATION_CONTEXT() REPRESENTATION_CONTEXT('2D SPACE',''
  ) );
#795 = ORIENTED_EDGE('',*,*,#796,.T.);
#796 = EDGE_CURVE('',#769,#797,#799,.T.);
#797 = VERTEX_POINT('',#798);
#798 = CARTESIAN_POINT('',(-2.999984384487,-372.0516668942,
    -31.22679010225));
#799 = SURFACE_CURVE('',#800,(#804,#811),.PCURVE_S1.);
#800 = LINE('',#801,#802);
#801 = CARTESIAN_POINT('',(-2.999984384487,-370.854218511,
    -31.51673362686));
#802 = VECTOR('',#803,1.);
#803 = DIRECTION('',(-5.8989908408E-14,-0.971914555372,0.235334011684));
#804 = PCURVE('',#44,#805);
#805 = DEFINITIONAL_REPRESENTATION('',(#806),#810);
#806 = LINE('',#807,#808);
#807 = CARTESIAN_POINT('',(201.6804929233,-4.03881410739));
#808 = VECTOR('',#809,1.);
#809 = DIRECTION('',(0.971914555372,-0.235334011684));
#810 = ( GEOMETRIC_REPRESENTATION_CONTEXT(2) 
PARAMETRIC_REPRESENTATION_CONTEXT() REPRESENTATION_CONTEXT('2D SPACE',''
  ) );
#811 = PCURVE('',#812,#817);
#812 = PLANE('',#813);
#813 = AXIS2_PLACEMENT_3D('',#814,#815,#816);
#814 = CARTESIAN_POINT('',(-2.999984384487,-370.854218511,
    -31.51673362686));
#815 = DIRECTION('',(6.204391383878E-14,-0.235334011684,-0.971914555372)
  );
#816 = DIRECTION('',(-5.8989908408E-14,-0.971914555372,0.235334011684));
#817 = DEFINITIONAL_REPRESENTATION('',(#818),#822);
#818 = LINE('',#819,#820);
#819 = CARTESIAN_POINT('',(0.,0.));
#820 = VECTOR('',#821,1.);
#821 = DIRECTION('',(1.,3.155443620884E-30));
#822 = ( GEOMETRIC_REPRESENTATION_CONTEXT(2) 
PARAMETRIC_REPRESENTATION_CONTEXT() REPRESENTATION_CONTEXT('2D SPACE',''
  ) );
#823 = ORIENTED_EDGE('',*,*,#824,.T.);
#824 = EDGE_CURVE('',#797,#825,#827,.T.);
#825 = VERTEX_POINT('',#826);
#826 = CARTESIAN_POINT('',(-2.999984384487,-373.245494217,
    -30.92228033009));
#827 = SURFACE_CURVE('',#828,(#832,#839),.PCURVE_S1.);
#828 = LINE('',#829,#830);
#829 = CARTESIAN_POINT('',(-2.999984384487,-372.0516668942,
    -31.22679010225));
#830 = VECTOR('',#831,1.);
#831 = DIRECTION('',(-5.974137303425E-14,-0.968975504801,0.247156774325)
  );
#832 = PCURVE('',#44,#833);
#833 = DEFINITIONAL_REPRESENTATION('',(#834),#838);
#834 = LINE('',#835,#836);
#835 = CARTESIAN_POINT('',(202.8779413065,-4.328757632));
#836 = VECTOR('',#837,1.);
#837 = DIRECTION('',(0.968975504801,-0.247156774325));
#838 = ( GEOMETRIC_REPRESENTATION_CONTEXT(2) 
PARAMETRIC_REPRESENTATION_CONTEXT() REPRESENTATION_CONTEXT('2D SPACE',''
  ) );
#839 = PCURVE('',#840,#845);
#840 = PLANE('',#841);
#841 = AXIS2_PLACEMENT_3D('',#842,#843,#844);
#842 = CARTESIAN_POINT('',(-2.999984384487,-372.0516668942,
    -31.22679010225));
#843 = DIRECTION('',(6.132067258603E-14,-0.247156774325,-0.968975504801)
  );
#844 = DIRECTION('',(-5.974137303425E-14,-0.968975504801,0.247156774325)
  );
#845 = DEFINITIONAL_REPRESENTATION('',(#846),#850);
#846 = LINE('',#847,#848);
#847 = CARTESIAN_POINT('',(0.,0.));
#848 = VECTOR('',#849,1.);
#849 = DIRECTION('',(1.,0.));
#850 = ( GEOMETRIC_REPRESENTATION_CONTEXT(2) 
PARAMETRIC_REPRESENTATION_CONTEXT() REPRESENTATION_CONTEXT('2D SPACE',''
  ) );
#851 = ORIENTED_EDGE('',*,*,#852,.T.);
#852 = EDGE_CURVE('',#825,#853,#855,.T.);
#853 = VERTEX_POINT('',#854);
#854 = CARTESIAN_POINT('',(-2.999984384487,-374.4355232966,
    -30.60324950443));
#855 = SURFACE_CURVE('',#856,(#860,#867),.PCURVE_S1.);
#856 = LINE('',#857,#858);
#857 = CARTESIAN_POINT('',(-2.999984384487,-373.245494217,
    -30.92228033009));
#858 = VECTOR('',#859,1.);
#859 = DIRECTION('',(-6.048397110068E-14,-0.965892643019,0.258942855012)
  );
#860 = PCURVE('',#44,#861);
#861 = DEFINITIONAL_REPRESENTATION('',(#862),#866);
#862 = LINE('',#863,#864);
#863 = CARTESIAN_POINT('',(204.0717686293,-4.63326740416));
#864 = VECTOR('',#865,1.);
#865 = DIRECTION('',(0.965892643019,-0.258942855012));
#866 = ( GEOMETRIC_REPRESENTATION_CONTEXT(2) 
PARAMETRIC_REPRESENTATION_CONTEXT() REPRESENTATION_CONTEXT('2D SPACE',''
  ) );
#867 = PCURVE('',#868,#873);
#868 = PLANE('',#869);
#869 = AXIS2_PLACEMENT_3D('',#870,#871,#872);
#870 = CARTESIAN_POINT('',(-2.999984384487,-373.245494217,
    -30.92228033009));
#871 = DIRECTION('',(6.058833038057E-14,-0.258942855012,-0.965892643019)
  );
#872 = DIRECTION('',(-6.048397110068E-14,-0.965892643019,0.258942855012)
  );
#873 = DEFINITIONAL_REPRESENTATION('',(#874),#878);
#874 = LINE('',#875,#876);
#875 = CARTESIAN_POINT('',(0.,0.));
#876 = VECTOR('',#877,1.);
#877 = DIRECTION('',(1.,4.102076707149E-29));
#878 = ( GEOMETRIC_REPRESENTATION_CONTEXT(2) 
PARAMETRIC_REPRESENTATION_CONTEXT() REPRESENTATION_CONTEXT('2D SPACE',''
  ) );
#879 = ORIENTED_EDGE('',*,*,#880,.T.);
#880 = EDGE_CURVE('',#853,#881,#883,.T.);
#881 = VERTEX_POINT('',#882);
#882 = CARTESIAN_POINT('',(-2.999984384487,-375.6215775139,
    -30.26974497445));
#883 = SURFACE_CURVE('',#884,(#888,#895),.PCURVE_S1.);
#884 = LINE('',#885,#886);
#885 = CARTESIAN_POINT('',(-2.999984384487,-374.4355232966,
    -30.60324950443));
#886 = VECTOR('',#887,1.);
#887 = DIRECTION('',(-6.121759239414E-14,-0.96266642757,0.270690504505)
  );
#888 = PCURVE('',#44,#889);
#889 = DEFINITIONAL_REPRESENTATION('',(#890),#894);
#890 = LINE('',#891,#892);
#891 = CARTESIAN_POINT('',(205.2617977089,-4.95229822982));
#892 = VECTOR('',#893,1.);
#893 = DIRECTION('',(0.96266642757,-0.270690504505));
#894 = ( GEOMETRIC_REPRESENTATION_CONTEXT(2) 
PARAMETRIC_REPRESENTATION_CONTEXT() REPRESENTATION_CONTEXT('2D SPACE',''
  ) );
#895 = PCURVE('',#896,#901);
#896 = PLANE('',#897);
#897 = AXIS2_PLACEMENT_3D('',#898,#899,#900);
#898 = CARTESIAN_POINT('',(-2.999984384487,-374.4355232966,
    -30.60324950443));
#899 = DIRECTION('',(5.984699591358E-14,-0.270690504505,-0.96266642757)
  );
#900 = DIRECTION('',(-6.121759239414E-14,-0.96266642757,0.270690504505)
  );
#901 = DEFINITIONAL_REPRESENTATION('',(#902),#906);
#902 = LINE('',#903,#904);
#903 = CARTESIAN_POINT('',(0.,0.));
#904 = VECTOR('',#905,1.);
#905 = DIRECTION('',(1.,-2.839899258796E-29));
#906 = ( GEOMETRIC_REPRESENTATION_CONTEXT(2) 
PARAMETRIC_REPRESENTATION_CONTEXT() REPRESENTATION_CONTEXT('2D SPACE',''
  ) );
#907 = ORIENTED_EDGE('',*,*,#908,.T.);
#908 = EDGE_CURVE('',#881,#909,#911,.T.);
#909 = VERTEX_POINT('',#910);
#910 = CARTESIAN_POINT('',(-2.999984384487,-376.8034808398,
    -29.92181623748));
#911 = SURFACE_CURVE('',#912,(#916,#923),.PCURVE_S1.);
#912 = LINE('',#913,#914);
#913 = CARTESIAN_POINT('',(-2.999984384487,-375.6215775139,
    -30.26974497445));
#914 = VECTOR('',#915,1.);
#915 = DIRECTION('',(-6.194212803365E-14,-0.959297337276,0.282397979268)
  );
#916 = PCURVE('',#44,#917);
#917 = DEFINITIONAL_REPRESENTATION('',(#918),#922);
#918 = LINE('',#919,#920);
#919 = CARTESIAN_POINT('',(206.4478519262,-5.2858027598));
#920 = VECTOR('',#921,1.);
#921 = DIRECTION('',(0.959297337276,-0.282397979268));
#922 = ( GEOMETRIC_REPRESENTATION_CONTEXT(2) 
PARAMETRIC_REPRESENTATION_CONTEXT() REPRESENTATION_CONTEXT('2D SPACE',''
  ) );
#923 = PCURVE('',#924,#929);
#924 = PLANE('',#925);
#925 = AXIS2_PLACEMENT_3D('',#926,#927,#928);
#926 = CARTESIAN_POINT('',(-2.999984384487,-375.6215775139,
    -30.26974497445));
#927 = DIRECTION('',(5.909677921072E-14,-0.282397979268,-0.959297337276)
  );
#928 = DIRECTION('',(-6.194212803365E-14,-0.959297337276,0.282397979268)
  );
#929 = DEFINITIONAL_REPRESENTATION('',(#930),#934);
#930 = LINE('',#931,#932);
#931 = CARTESIAN_POINT('',(0.,0.));
#932 = VECTOR('',#933,1.);
#933 = DIRECTION('',(1.,1.89326617253E-29));
#934 = ( GEOMETRIC_REPRESENTATION_CONTEXT(2) 
PARAMETRIC_REPRESENTATION_CONTEXT() REPRESENTATION_CONTEXT('2D SPACE',''
  ) );
#935 = ORIENTED_EDGE('',*,*,#936,.T.);
#936 = EDGE_CURVE('',#909,#937,#939,.T.);
#937 = VERTEX_POINT('',#938);
#938 = CARTESIAN_POINT('',(-2.999984384487,-377.9810578614,
    -29.55951493161));
#939 = SURFACE_CURVE('',#940,(#944,#951),.PCURVE_S1.);
#940 = LINE('',#941,#942);
#941 = CARTESIAN_POINT('',(-2.999984384487,-376.8034808398,
    -29.92181623748));
#942 = VECTOR('',#943,1.);
#943 = DIRECTION('',(-6.265747048671E-14,-0.955785872163,0.294063541727)
  );
#944 = PCURVE('',#44,#945);
#945 = DEFINITIONAL_REPRESENTATION('',(#946),#950);
#946 = LINE('',#947,#948);
#947 = CARTESIAN_POINT('',(207.6297552521,-5.63373149677));
#948 = VECTOR('',#949,1.);
#949 = DIRECTION('',(0.955785872163,-0.294063541727));
#950 = ( GEOMETRIC_REPRESENTATION_CONTEXT(2) 
PARAMETRIC_REPRESENTATION_CONTEXT() REPRESENTATION_CONTEXT('2D SPACE',''
  ) );
#951 = PCURVE('',#952,#957);
#952 = PLANE('',#953);
#953 = AXIS2_PLACEMENT_3D('',#954,#955,#956);
#954 = CARTESIAN_POINT('',(-2.999984384487,-376.8034808398,
    -29.92181623748));
#955 = DIRECTION('',(5.833779161594E-14,-0.294063541727,-0.955785872163)
  );
#956 = DIRECTION('',(-6.265747048671E-14,-0.955785872163,0.294063541727)
  );
#957 = DEFINITIONAL_REPRESENTATION('',(#958),#962);
#958 = LINE('',#959,#960);
#959 = CARTESIAN_POINT('',(0.,0.));
#960 = VECTOR('',#961,1.);
#961 = DIRECTION('',(1.,0.));
#962 = ( GEOMETRIC_REPRESENTATION_CONTEXT(2) 
PARAMETRIC_REPRESENTATION_CONTEXT() REPRESENTATION_CONTEXT('2D SPACE',''
  ) );
#963 = ORIENTED_EDGE('',*,*,#964,.T.);
#964 = EDGE_CURVE('',#937,#965,#967,.T.);
#965 = VERTEX_POINT('',#966);
#966 = CARTESIAN_POINT('',(-2.999984384488,-379.1541338076,
    -29.18289482806));
#967 = SURFACE_CURVE('',#968,(#972,#979),.PCURVE_S1.);
#968 = LINE('',#969,#970);
#969 = CARTESIAN_POINT('',(-2.999984384487,-377.9810578614,
    -29.55951493161));
#970 = VECTOR('',#971,1.);
#971 = DIRECTION('',(-6.336351358523E-14,-0.952132553388,0.305685460529)
  );
#972 = PCURVE('',#44,#973);
#973 = DEFINITIONAL_REPRESENTATION('',(#974),#978);
#974 = LINE('',#975,#976);
#975 = CARTESIAN_POINT('',(208.8073322737,-5.99603280264));
#976 = VECTOR('',#977,1.);
#977 = DIRECTION('',(0.952132553388,-0.305685460529));
#978 = ( GEOMETRIC_REPRESENTATION_CONTEXT(2) 
PARAMETRIC_REPRESENTATION_CONTEXT() REPRESENTATION_CONTEXT('2D SPACE',''
  ) );
#979 = PCURVE('',#980,#985);
#980 = PLANE('',#981);
#981 = AXIS2_PLACEMENT_3D('',#982,#983,#984);
#982 = CARTESIAN_POINT('',(-2.999984384487,-377.9810578614,
    -29.55951493161));
#983 = DIRECTION('',(5.757014577494E-14,-0.305685460529,-0.952132553388)
  );
#984 = DIRECTION('',(-6.336351358523E-14,-0.952132553388,0.305685460529)
  );
#985 = DEFINITIONAL_REPRESENTATION('',(#986),#990);
#986 = LINE('',#987,#988);
#987 = CARTESIAN_POINT('',(0.,0.));
#988 = VECTOR('',#989,1.);
#989 = DIRECTION('',(1.,-4.102076707149E-29));
#990 = ( GEOMETRIC_REPRESENTATION_CONTEXT(2) 
PARAMETRIC_REPRESENTATION_CONTEXT() REPRESENTATION_CONTEXT('2D SPACE',''
  ) );
#991 = ORIENTED_EDGE('',*,*,#992,.T.);
#992 = EDGE_CURVE('',#965,#993,#995,.T.);
#993 = VERTEX_POINT('',#994);
#994 = CARTESIAN_POINT('',(-2.999984384488,-380.3225345755,
    -28.79201182319));
#995 = SURFACE_CURVE('',#996,(#1000,#1007),.PCURVE_S1.);
#996 = LINE('',#997,#998);
#997 = CARTESIAN_POINT('',(-2.999984384488,-379.1541338076,
    -29.18289482806));
#998 = VECTOR('',#999,1.);
#999 = DIRECTION('',(-6.406015254133E-14,-0.94833792316,0.3172620108));
#1000 = PCURVE('',#44,#1001);
#1001 = DEFINITIONAL_REPRESENTATION('',(#1002),#1006);
#1002 = LINE('',#1003,#1004);
#1003 = CARTESIAN_POINT('',(209.9804082199,-6.37265290619));
#1004 = VECTOR('',#1005,1.);
#1005 = DIRECTION('',(0.94833792316,-0.3172620108));
#1006 = ( GEOMETRIC_REPRESENTATION_CONTEXT(2) 
PARAMETRIC_REPRESENTATION_CONTEXT() REPRESENTATION_CONTEXT('2D SPACE',''
  ) );
#1007 = PCURVE('',#1008,#1013);
#1008 = PLANE('',#1009);
#1009 = AXIS2_PLACEMENT_3D('',#1010,#1011,#1012);
#1010 = CARTESIAN_POINT('',(-2.999984384488,-379.1541338076,
    -29.18289482806));
#1011 = DIRECTION('',(5.679395561846E-14,-0.3172620108,-0.94833792316));
#1012 = DIRECTION('',(-6.406015254133E-14,-0.94833792316,0.3172620108));
#1013 = DEFINITIONAL_REPRESENTATION('',(#1014),#1018);
#1014 = LINE('',#1015,#1016);
#1015 = CARTESIAN_POINT('',(0.,0.));
#1016 = VECTOR('',#1017,1.);
#1017 = DIRECTION('',(1.,2.208810534619E-29));
#1018 = ( GEOMETRIC_REPRESENTATION_CONTEXT(2) 
PARAMETRIC_REPRESENTATION_CONTEXT() REPRESENTATION_CONTEXT('2D SPACE',''
  ) );
#1019 = ORIENTED_EDGE('',*,*,#1020,.T.);
#1020 = EDGE_CURVE('',#993,#1021,#1023,.T.);
#1021 = VERTEX_POINT('',#1022);
#1022 = CARTESIAN_POINT('',(-2.999984384488,-381.486086756,
    -28.38692393017));
#1023 = SURFACE_CURVE('',#1024,(#1028,#1035),.PCURVE_S1.);
#1024 = LINE('',#1025,#1026);
#1025 = CARTESIAN_POINT('',(-2.999984384488,-380.3225345755,
    -28.79201182319));
#1026 = VECTOR('',#1027,1.);
#1027 = DIRECTION('',(-6.474728396286E-14,-0.944402544662,0.328791474396
    ));
#1028 = PCURVE('',#44,#1029);
#1029 = DEFINITIONAL_REPRESENTATION('',(#1030),#1034);
#1030 = LINE('',#1031,#1032);
#1031 = CARTESIAN_POINT('',(211.1488089878,-6.76353591106));
#1032 = VECTOR('',#1033,1.);
#1033 = DIRECTION('',(0.944402544662,-0.328791474396));
#1034 = ( GEOMETRIC_REPRESENTATION_CONTEXT(2) 
PARAMETRIC_REPRESENTATION_CONTEXT() REPRESENTATION_CONTEXT('2D SPACE',''
  ) );
#1035 = PCURVE('',#1036,#1041);
#1036 = PLANE('',#1037);
#1037 = AXIS2_PLACEMENT_3D('',#1038,#1039,#1040);
#1038 = CARTESIAN_POINT('',(-2.999984384488,-380.3225345755,
    -28.79201182319));
#1039 = DIRECTION('',(5.600933634537E-14,-0.328791474396,-0.944402544662
    ));
#1040 = DIRECTION('',(-6.474728396286E-14,-0.944402544662,0.328791474396
    ));
#1041 = DEFINITIONAL_REPRESENTATION('',(#1042),#1046);
#1042 = LINE('',#1043,#1044);
#1043 = CARTESIAN_POINT('',(0.,0.));
#1044 = VECTOR('',#1045,1.);
#1045 = DIRECTION('',(1.,9.466330862652E-30));
#1046 = ( GEOMETRIC_REPRESENTATION_CONTEXT(2) 
PARAMETRIC_REPRESENTATION_CONTEXT() REPRESENTATION_CONTEXT('2D SPACE',''
  ) );
#1047 = ORIENTED_EDGE('',*,*,#1048,.T.);
#1048 = EDGE_CURVE('',#1021,#1049,#1051,.T.);
#1049 = VERTEX_POINT('',#1050);
#1050 = CARTESIAN_POINT('',(-2.999984384488,-382.6446176597,
    -27.96769127043));
#1051 = SURFACE_CURVE('',#1052,(#1056,#1063),.PCURVE_S1.);
#1052 = LINE('',#1053,#1054);
#1053 = CARTESIAN_POINT('',(-2.999984384488,-381.486086756,
    -28.38692393017));
#1054 = VECTOR('',#1055,1.);
#1055 = DIRECTION('',(-6.542480586866E-14,-0.940327001967,0.340272140163
    ));
#1056 = PCURVE('',#44,#1057);
#1057 = DEFINITIONAL_REPRESENTATION('',(#1058),#1062);
#1058 = LINE('',#1059,#1060);
#1059 = CARTESIAN_POINT('',(212.3123611683,-7.16862380408));
#1060 = VECTOR('',#1061,1.);
#1061 = DIRECTION('',(0.940327001967,-0.340272140163));
#1062 = ( GEOMETRIC_REPRESENTATION_CONTEXT(2) 
PARAMETRIC_REPRESENTATION_CONTEXT() REPRESENTATION_CONTEXT('2D SPACE',''
  ) );
#1063 = PCURVE('',#1064,#1069);
#1064 = PLANE('',#1065);
#1065 = AXIS2_PLACEMENT_3D('',#1066,#1067,#1068);
#1066 = CARTESIAN_POINT('',(-2.999984384488,-381.486086756,
    -28.38692393017));
#1067 = DIRECTION('',(5.521640440545E-14,-0.340272140163,-0.940327001967
    ));
#1068 = DIRECTION('',(-6.542480586866E-14,-0.940327001967,0.340272140163
    ));
#1069 = DEFINITIONAL_REPRESENTATION('',(#1070),#1074);
#1070 = LINE('',#1071,#1072);
#1071 = CARTESIAN_POINT('',(0.,0.));
#1072 = VECTOR('',#1073,1.);
#1073 = DIRECTION('',(1.,3.155443620884E-30));
#1074 = ( GEOMETRIC_REPRESENTATION_CONTEXT(2) 
PARAMETRIC_REPRESENTATION_CONTEXT() REPRESENTATION_CONTEXT('2D SPACE',''
  ) );
#1075 = ORIENTED_EDGE('',*,*,#1076,.T.);
#1076 = EDGE_CURVE('',#1049,#1077,#1079,.T.);
#1077 = VERTEX_POINT('',#1078);
#1078 = CARTESIAN_POINT('',(-2.999984384488,-383.7979553425,
    -27.53437606469));
#1079 = SURFACE_CURVE('',#1080,(#1084,#1091),.PCURVE_S1.);
#1080 = LINE('',#1081,#1082);
#1081 = CARTESIAN_POINT('',(-2.999984384488,-382.6446176597,
    -27.96769127043));
#1082 = VECTOR('',#1083,1.);
#1083 = DIRECTION('',(-6.609261770381E-14,-0.936111899949,0.351702304191
    ));
#1084 = PCURVE('',#44,#1085);
#1085 = DEFINITIONAL_REPRESENTATION('',(#1086),#1090);
#1086 = LINE('',#1087,#1088);
#1087 = CARTESIAN_POINT('',(213.470892072,-7.58785646382));
#1088 = VECTOR('',#1089,1.);
#1089 = DIRECTION('',(0.936111899949,-0.351702304191));
#1090 = ( GEOMETRIC_REPRESENTATION_CONTEXT(2) 
PARAMETRIC_REPRESENTATION_CONTEXT() REPRESENTATION_CONTEXT('2D SPACE',''
  ) );
#1091 = PCURVE('',#1092,#1097);
#1092 = PLANE('',#1093);
#1093 = AXIS2_PLACEMENT_3D('',#1094,#1095,#1096);
#1094 = CARTESIAN_POINT('',(-2.999984384488,-382.6446176597,
    -27.96769127043));
#1095 = DIRECTION('',(5.44152774823E-14,-0.351702304191,-0.936111899949)
  );
#1096 = DIRECTION('',(-6.609261770381E-14,-0.936111899949,0.351702304191
    ));
#1097 = DEFINITIONAL_REPRESENTATION('',(#1098),#1102);
#1098 = LINE('',#1099,#1100);
#1099 = CARTESIAN_POINT('',(0.,0.));
#1100 = VECTOR('',#1101,1.);
#1101 = DIRECTION('',(1.,9.466330862652E-30));
#1102 = ( GEOMETRIC_REPRESENTATION_CONTEXT(2) 
PARAMETRIC_REPRESENTATION_CONTEXT() REPRESENTATION_CONTEXT('2D SPACE',''
  ) );
#1103 = ORIENTED_EDGE('',*,*,#1104,.T.);
#1104 = EDGE_CURVE('',#1077,#1105,#1107,.T.);
#1105 = VERTEX_POINT('',#1106);
#1106 = CARTESIAN_POINT('',(-2.999984384488,-384.9459286307,
    -27.08704262374));
#1107 = SURFACE_CURVE('',#1108,(#1112,#1119),.PCURVE_S1.);
#1108 = LINE('',#1109,#1110);
#1109 = CARTESIAN_POINT('',(-2.999984384488,-383.7979553425,
    -27.53437606469));
#1110 = VECTOR('',#1111,1.);
#1111 = DIRECTION('',(-6.67506203545E-14,-0.931757864196,0.363080270064)
  );
#1112 = PCURVE('',#44,#1113);
#1113 = DEFINITIONAL_REPRESENTATION('',(#1114),#1118);
#1114 = LINE('',#1115,#1116);
#1115 = CARTESIAN_POINT('',(214.6242297548,-8.02117166956));
#1116 = VECTOR('',#1117,1.);
#1117 = DIRECTION('',(0.931757864196,-0.363080270064));
#1118 = ( GEOMETRIC_REPRESENTATION_CONTEXT(2) 
PARAMETRIC_REPRESENTATION_CONTEXT() REPRESENTATION_CONTEXT('2D SPACE',''
  ) );
#1119 = PCURVE('',#1120,#1125);
#1120 = PLANE('',#1121);
#1121 = AXIS2_PLACEMENT_3D('',#1122,#1123,#1124);
#1122 = CARTESIAN_POINT('',(-2.999984384488,-383.7979553425,
    -27.53437606469));
#1123 = DIRECTION('',(5.360607447572E-14,-0.363080270064,-0.931757864196
    ));
#1124 = DIRECTION('',(-6.67506203545E-14,-0.931757864196,0.363080270064)
  );
#1125 = DEFINITIONAL_REPRESENTATION('',(#1126),#1130);
#1126 = LINE('',#1127,#1128);
#1127 = CARTESIAN_POINT('',(0.,0.));
#1128 = VECTOR('',#1129,1.);
#1129 = DIRECTION('',(1.,-6.310887241768E-30));
#1130 = ( GEOMETRIC_REPRESENTATION_CONTEXT(2) 
PARAMETRIC_REPRESENTATION_CONTEXT() REPRESENTATION_CONTEXT('2D SPACE',''
  ) );
#1131 = ORIENTED_EDGE('',*,*,#1132,.T.);
#1132 = EDGE_CURVE('',#1105,#1133,#1135,.T.);
#1133 = VERTEX_POINT('',#1134);
#1134 = CARTESIAN_POINT('',(-2.999984384488,-386.0883671472,
    -26.6257573389));
#1135 = SURFACE_CURVE('',#1136,(#1140,#1147),.PCURVE_S1.);
#1136 = LINE('',#1137,#1138);
#1137 = CARTESIAN_POINT('',(-2.999984384488,-384.9459286307,
    -27.08704262374));
#1138 = VECTOR('',#1139,1.);
#1139 = DIRECTION('',(-6.739871616291E-14,-0.927265540914,0.374404349111
    ));
#1140 = PCURVE('',#44,#1141);
#1141 = DEFINITIONAL_REPRESENTATION('',(#1142),#1146);
#1142 = LINE('',#1143,#1144);
#1143 = CARTESIAN_POINT('',(215.772203043,-8.46850511051));
#1144 = VECTOR('',#1145,1.);
#1145 = DIRECTION('',(0.927265540914,-0.374404349111));
#1146 = ( GEOMETRIC_REPRESENTATION_CONTEXT(2) 
PARAMETRIC_REPRESENTATION_CONTEXT() REPRESENTATION_CONTEXT('2D SPACE',''
  ) );
#1147 = PCURVE('',#1148,#1153);
#1148 = PLANE('',#1149);
#1149 = AXIS2_PLACEMENT_3D('',#1150,#1151,#1152);
#1150 = CARTESIAN_POINT('',(-2.999984384488,-384.9459286307,
    -27.08704262374));
#1151 = DIRECTION('',(5.278891548428E-14,-0.374404349111,-0.927265540914
    ));
#1152 = DIRECTION('',(-6.739871616291E-14,-0.927265540914,0.374404349111
    ));
#1153 = DEFINITIONAL_REPRESENTATION('',(#1154),#1158);
#1154 = LINE('',#1155,#1156);
#1155 = CARTESIAN_POINT('',(0.,0.));
#1156 = VECTOR('',#1157,1.);
#1157 = DIRECTION('',(1.,3.155443620884E-30));
#1158 = ( GEOMETRIC_REPRESENTATION_CONTEXT(2) 
PARAMETRIC_REPRESENTATION_CONTEXT() REPRESENTATION_CONTEXT('2D SPACE',''
  ) );
#1159 = ORIENTED_EDGE('',*,*,#1160,.T.);
#1160 = EDGE_CURVE('',#1133,#1161,#1163,.T.);
#1161 = VERTEX_POINT('',#1162);
#1162 = CARTESIAN_POINT('',(-2.999984384488,-387.225101336,
    -26.15058867218));
#1163 = SURFACE_CURVE('',#1164,(#1168,#1175),.PCURVE_S1.);
#1164 = LINE('',#1165,#1166);
#1165 = CARTESIAN_POINT('',(-2.999984384488,-386.0883671472,
    -26.6257573389));
#1166 = VECTOR('',#1167,1.);
#1167 = DIRECTION('',(-6.803680894132E-14,-0.922635596836,0.385672860661
    ));
#1168 = PCURVE('',#44,#1169);
#1169 = DEFINITIONAL_REPRESENTATION('',(#1170),#1174);
#1170 = LINE('',#1171,#1172);
#1171 = CARTESIAN_POINT('',(216.9146415595,-8.92979039535));
#1172 = VECTOR('',#1173,1.);
#1173 = DIRECTION('',(0.922635596836,-0.385672860661));
#1174 = ( GEOMETRIC_REPRESENTATION_CONTEXT(2) 
PARAMETRIC_REPRESENTATION_CONTEXT() REPRESENTATION_CONTEXT('2D SPACE',''
  ) );
#1175 = PCURVE('',#1176,#1181);
#1176 = PLANE('',#1177);
#1177 = AXIS2_PLACEMENT_3D('',#1178,#1179,#1180);
#1178 = CARTESIAN_POINT('',(-2.999984384488,-386.0883671472,
    -26.6257573389));
#1179 = DIRECTION('',(5.196392178715E-14,-0.385672860661,-0.922635596836
    ));
#1180 = DIRECTION('',(-6.803680894132E-14,-0.922635596836,0.385672860661
    ));
#1181 = DEFINITIONAL_REPRESENTATION('',(#1182),#1186);
#1182 = LINE('',#1183,#1184);
#1183 = CARTESIAN_POINT('',(0.,0.));
#1184 = VECTOR('',#1185,1.);
#1185 = DIRECTION('',(1.,-3.786532345061E-29));
#1186 = ( GEOMETRIC_REPRESENTATION_CONTEXT(2) 
PARAMETRIC_REPRESENTATION_CONTEXT() REPRESENTATION_CONTEXT('2D SPACE',''
  ) );
#1187 = ORIENTED_EDGE('',*,*,#1188,.T.);
#1188 = EDGE_CURVE('',#1161,#1189,#1191,.T.);
#1189 = VERTEX_POINT('',#1190);
#1190 = CARTESIAN_POINT('',(-2.999984384488,-388.355962488,
    -25.66160714607));
#1191 = SURFACE_CURVE('',#1192,(#1196,#1203),.PCURVE_S1.);
#1192 = LINE('',#1193,#1194);
#1193 = CARTESIAN_POINT('',(-2.999984384488,-387.225101336,
    -26.15058867218));
#1194 = VECTOR('',#1195,1.);
#1195 = DIRECTION('',(-6.866480398671E-14,-0.917868719118,0.396884132291
    ));
#1196 = PCURVE('',#44,#1197);
#1197 = DEFINITIONAL_REPRESENTATION('',(#1198),#1202);
#1198 = LINE('',#1199,#1200);
#1199 = CARTESIAN_POINT('',(218.0513757483,-9.40495906207));
#1200 = VECTOR('',#1201,1.);
#1201 = DIRECTION('',(0.917868719118,-0.396884132291));
#1202 = ( GEOMETRIC_REPRESENTATION_CONTEXT(2) 
PARAMETRIC_REPRESENTATION_CONTEXT() REPRESENTATION_CONTEXT('2D SPACE',''
  ) );
#1203 = PCURVE('',#1204,#1209);
#1204 = PLANE('',#1205);
#1205 = AXIS2_PLACEMENT_3D('',#1206,#1207,#1208);
#1206 = CARTESIAN_POINT('',(-2.999984384488,-387.225101336,
    -26.15058867218));
#1207 = DIRECTION('',(5.113121582636E-14,-0.396884132291,-0.917868719118
    ));
#1208 = DIRECTION('',(-6.866480398671E-14,-0.917868719118,0.396884132291
    ));
#1209 = DEFINITIONAL_REPRESENTATION('',(#1210),#1214);
#1210 = LINE('',#1211,#1212);
#1211 = CARTESIAN_POINT('',(0.,0.));
#1212 = VECTOR('',#1213,1.);
#1213 = DIRECTION('',(1.,0.));
#1214 = ( GEOMETRIC_REPRESENTATION_CONTEXT(2) 
PARAMETRIC_REPRESENTATION_CONTEXT() REPRESENTATION_CONTEXT('2D SPACE',''
  ) );
#1215 = ORIENTED_EDGE('',*,*,#1216,.T.);
#1216 = EDGE_CURVE('',#1189,#1217,#1219,.T.);
#1217 = VERTEX_POINT('',#1218);
#1218 = CARTESIAN_POINT('',(-2.999984384488,-389.4807827655,
    -25.15888533313));
#1219 = SURFACE_CURVE('',#1220,(#1224,#1231),.PCURVE_S1.);
#1220 = LINE('',#1221,#1222);
#1221 = CARTESIAN_POINT('',(-2.999984384488,-388.355962488,
    -25.66160714607));
#1222 = VECTOR('',#1223,1.);
#1223 = DIRECTION('',(-6.928260809478E-14,-0.91296561524,0.40803650007)
  );
#1224 = PCURVE('',#44,#1225);
#1225 = DEFINITIONAL_REPRESENTATION('',(#1226),#1230);
#1226 = LINE('',#1227,#1228);
#1227 = CARTESIAN_POINT('',(219.1822369003,-9.89394058818));
#1228 = VECTOR('',#1229,1.);
#1229 = DIRECTION('',(0.91296561524,-0.40803650007));
#1230 = ( GEOMETRIC_REPRESENTATION_CONTEXT(2) 
PARAMETRIC_REPRESENTATION_CONTEXT() REPRESENTATION_CONTEXT('2D SPACE',''
  ) );
#1231 = PCURVE('',#1232,#1237);
#1232 = PLANE('',#1233);
#1233 = AXIS2_PLACEMENT_3D('',#1234,#1235,#1236);
#1234 = CARTESIAN_POINT('',(-2.999984384488,-388.355962488,
    -25.66160714607));
#1235 = DIRECTION('',(5.029092118861E-14,-0.40803650007,-0.91296561524)
  );
#1236 = DIRECTION('',(-6.928260809478E-14,-0.91296561524,0.40803650007)
  );
#1237 = DEFINITIONAL_REPRESENTATION('',(#1238),#1242);
#1238 = LINE('',#1239,#1240);
#1239 = CARTESIAN_POINT('',(0.,0.));
#1240 = VECTOR('',#1241,1.);
#1241 = DIRECTION('',(1.,6.310887241768E-30));
#1242 = ( GEOMETRIC_REPRESENTATION_CONTEXT(2) 
PARAMETRIC_REPRESENTATION_CONTEXT() REPRESENTATION_CONTEXT('2D SPACE',''
  ) );
#1243 = ORIENTED_EDGE('',*,*,#1244,.T.);
#1244 = EDGE_CURVE('',#1217,#1245,#1247,.T.);
#1245 = VERTEX_POINT('',#1246);
#1246 = CARTESIAN_POINT('',(-2.999984384488,-390.5993952275,
    -24.64249784519));
#1247 = SURFACE_CURVE('',#1248,(#1252,#1259),.PCURVE_S1.);
#1248 = LINE('',#1249,#1250);
#1249 = CARTESIAN_POINT('',(-2.999984384488,-389.4807827655,
    -25.15888533313));
#1250 = VECTOR('',#1251,1.);
#1251 = DIRECTION('',(-6.989012957366E-14,-0.907927012899,0.419128308813
    ));
#1252 = PCURVE('',#44,#1253);
#1253 = DEFINITIONAL_REPRESENTATION('',(#1254),#1258);
#1254 = LINE('',#1255,#1256);
#1255 = CARTESIAN_POINT('',(220.3070571778,-10.39666240112));
#1256 = VECTOR('',#1257,1.);
#1257 = DIRECTION('',(0.907927012899,-0.419128308813));
#1258 = ( GEOMETRIC_REPRESENTATION_CONTEXT(2) 
PARAMETRIC_REPRESENTATION_CONTEXT() REPRESENTATION_CONTEXT('2D SPACE',''
  ) );
#1259 = PCURVE('',#1260,#1265);
#1260 = PLANE('',#1261);
#1261 = AXIS2_PLACEMENT_3D('',#1262,#1263,#1264);
#1262 = CARTESIAN_POINT('',(-2.999984384488,-389.4807827655,
    -25.15888533313));
#1263 = DIRECTION('',(4.944316258685E-14,-0.419128308813,-0.907927012899
    ));
#1264 = DIRECTION('',(-6.989012957366E-14,-0.907927012899,0.419128308813
    ));
#1265 = DEFINITIONAL_REPRESENTATION('',(#1266),#1270);
#1266 = LINE('',#1267,#1268);
#1267 = CARTESIAN_POINT('',(0.,0.));
#1268 = VECTOR('',#1269,1.);
#1269 = DIRECTION('',(1.,6.310887241768E-30));
#1270 = ( GEOMETRIC_REPRESENTATION_CONTEXT(2) 
PARAMETRIC_REPRESENTATION_CONTEXT() REPRESENTATION_CONTEXT('2D SPACE',''
  ) );
#1271 = ORIENTED_EDGE('',*,*,#1272,.T.);
#1272 = EDGE_CURVE('',#1245,#1273,#1275,.T.);
#1273 = VERTEX_POINT('',#1274);
#1274 = CARTESIAN_POINT('',(-2.999984384488,-391.7116338544,
    -24.11252132227));
#1275 = SURFACE_CURVE('',#1276,(#1280,#1287),.PCURVE_S1.);
#1276 = LINE('',#1277,#1278);
#1277 = CARTESIAN_POINT('',(-2.999984384488,-390.5993952275,
    -24.64249784519));
#1278 = VECTOR('',#1279,1.);
#1279 = DIRECTION('',(-7.048727825766E-14,-0.902753659903,0.430157912319
    ));
#1280 = PCURVE('',#44,#1281);
#1281 = DEFINITIONAL_REPRESENTATION('',(#1282),#1286);
#1282 = LINE('',#1283,#1284);
#1283 = CARTESIAN_POINT('',(221.4256696398,-10.91304988906));
#1284 = VECTOR('',#1285,1.);
#1285 = DIRECTION('',(0.902753659903,-0.430157912319));
#1286 = ( GEOMETRIC_REPRESENTATION_CONTEXT(2) 
PARAMETRIC_REPRESENTATION_CONTEXT() REPRESENTATION_CONTEXT('2D SPACE',''
  ) );
#1287 = PCURVE('',#1288,#1293);
#1288 = PLANE('',#1289);
#1289 = AXIS2_PLACEMENT_3D('',#1290,#1291,#1292);
#1290 = CARTESIAN_POINT('',(-2.999984384488,-390.5993952275,
    -24.64249784519));
#1291 = DIRECTION('',(4.858806584181E-14,-0.430157912319,-0.902753659903
    ));
#1292 = DIRECTION('',(-7.048727825766E-14,-0.902753659903,0.430157912319
    ));
#1293 = DEFINITIONAL_REPRESENTATION('',(#1294),#1298);
#1294 = LINE('',#1295,#1296);
#1295 = CARTESIAN_POINT('',(0.,0.));
#1296 = VECTOR('',#1297,1.);
#1297 = DIRECTION('',(1.,-1.262177448354E-29));
#1298 = ( GEOMETRIC_REPRESENTATION_CONTEXT(2) 
PARAMETRIC_REPRESENTATION_CONTEXT() REPRESENTATION_CONTEXT('2D SPACE',''
  ) );
#1299 = ORIENTED_EDGE('',*,*,#1300,.T.);
#1300 = EDGE_CURVE('',#1273,#1301,#1303,.T.);
#1301 = VERTEX_POINT('',#1302);
#1302 = CARTESIAN_POINT('',(-2.999984384489,-392.8173335724,
    -23.56903442123));
#1303 = SURFACE_CURVE('',#1304,(#1308,#1315),.PCURVE_S1.);
#1304 = LINE('',#1305,#1306);
#1305 = CARTESIAN_POINT('',(-2.999984384488,-391.7116338544,
    -24.11252132227));
#1306 = VECTOR('',#1307,1.);
#1307 = DIRECTION('',(-7.107396552041E-14,-0.89744632406,0.441123673623)
  );
#1308 = PCURVE('',#44,#1309);
#1309 = DEFINITIONAL_REPRESENTATION('',(#1310),#1314);
#1310 = LINE('',#1311,#1312);
#1311 = CARTESIAN_POINT('',(222.5379082667,-11.44302641198));
#1312 = VECTOR('',#1313,1.);
#1313 = DIRECTION('',(0.89744632406,-0.441123673623));
#1314 = ( GEOMETRIC_REPRESENTATION_CONTEXT(2) 
PARAMETRIC_REPRESENTATION_CONTEXT() REPRESENTATION_CONTEXT('2D SPACE',''
  ) );
#1315 = PCURVE('',#1316,#1321);
#1316 = PLANE('',#1317);
#1317 = AXIS2_PLACEMENT_3D('',#1318,#1319,#1320);
#1318 = CARTESIAN_POINT('',(-2.999984384488,-391.7116338544,
    -24.11252132227));
#1319 = DIRECTION('',(4.772575786324E-14,-0.441123673623,-0.89744632406)
  );
#1320 = DIRECTION('',(-7.107396552041E-14,-0.89744632406,0.441123673623)
  );
#1321 = DEFINITIONAL_REPRESENTATION('',(#1322),#1326);
#1322 = LINE('',#1323,#1324);
#1323 = CARTESIAN_POINT('',(0.,0.));
#1324 = VECTOR('',#1325,1.);
#1325 = DIRECTION('',(1.,0.));
#1326 = ( GEOMETRIC_REPRESENTATION_CONTEXT(2) 
PARAMETRIC_REPRESENTATION_CONTEXT() REPRESENTATION_CONTEXT('2D SPACE',''
  ) );
#1327 = ORIENTED_EDGE('',*,*,#1328,.T.);
#1328 = EDGE_CURVE('',#1301,#1329,#1331,.T.);
#1329 = VERTEX_POINT('',#1330);
#1330 = CARTESIAN_POINT('',(-2.999984384489,-393.9163302782,
    -23.01211780407));
#1331 = SURFACE_CURVE('',#1332,(#1336,#1343),.PCURVE_S1.);
#1332 = LINE('',#1333,#1334);
#1333 = CARTESIAN_POINT('',(-2.999984384489,-392.8173335724,
    -23.56903442123));
#1334 = VECTOR('',#1335,1.);
#1335 = DIRECTION('',(-7.165010428836E-14,-0.892005793061,0.452023965233
    ));
#1336 = PCURVE('',#44,#1337);
#1337 = DEFINITIONAL_REPRESENTATION('',(#1338),#1342);
#1338 = LINE('',#1339,#1340);
#1339 = CARTESIAN_POINT('',(223.6436079847,-11.98651331302));
#1340 = VECTOR('',#1341,1.);
#1341 = DIRECTION('',(0.892005793061,-0.452023965233));
#1342 = ( GEOMETRIC_REPRESENTATION_CONTEXT(2) 
PARAMETRIC_REPRESENTATION_CONTEXT() REPRESENTATION_CONTEXT('2D SPACE',''
  ) );
#1343 = PCURVE('',#1344,#1349);
#1344 = PLANE('',#1345);
#1345 = AXIS2_PLACEMENT_3D('',#1346,#1347,#1348);
#1346 = CARTESIAN_POINT('',(-2.999984384489,-392.8173335724,
    -23.56903442123));
#1347 = DIRECTION('',(4.685636663128E-14,-0.452023965233,-0.892005793061
    ));
#1348 = DIRECTION('',(-7.165010428836E-14,-0.892005793061,0.452023965233
    ));
#1349 = DEFINITIONAL_REPRESENTATION('',(#1350),#1354);
#1350 = LINE('',#1351,#1352);
#1351 = CARTESIAN_POINT('',(0.,0.));
#1352 = VECTOR('',#1353,1.);
#1353 = DIRECTION('',(1.,6.310887241768E-30));
#1354 = ( GEOMETRIC_REPRESENTATION_CONTEXT(2) 
PARAMETRIC_REPRESENTATION_CONTEXT() REPRESENTATION_CONTEXT('2D SPACE',''
  ) );
#1355 = ORIENTED_EDGE('',*,*,#1356,.T.);
#1356 = EDGE_CURVE('',#1329,#1357,#1359,.T.);
#1357 = VERTEX_POINT('',#1358);
#1358 = CARTESIAN_POINT('',(-2.999984384489,-395.0084608635,
    -22.44185412599));
#1359 = SURFACE_CURVE('',#1360,(#1364,#1371),.PCURVE_S1.);
#1360 = LINE('',#1361,#1362);
#1361 = CARTESIAN_POINT('',(-2.999984384489,-393.9163302782,
    -23.01211780407));
#1362 = VECTOR('',#1363,1.);
#1363 = DIRECTION('',(-7.221560905344E-14,-0.886432874367,0.462857169374
    ));
#1364 = PCURVE('',#44,#1365);
#1365 = DEFINITIONAL_REPRESENTATION('',(#1366),#1370);
#1366 = LINE('',#1367,#1368);
#1367 = CARTESIAN_POINT('',(224.7426046905,-12.54342993018));
#1368 = VECTOR('',#1369,1.);
#1369 = DIRECTION('',(0.886432874367,-0.462857169374));
#1370 = ( GEOMETRIC_REPRESENTATION_CONTEXT(2) 
PARAMETRIC_REPRESENTATION_CONTEXT() REPRESENTATION_CONTEXT('2D SPACE',''
  ) );
#1371 = PCURVE('',#1372,#1377);
#1372 = PLANE('',#1373);
#1373 = AXIS2_PLACEMENT_3D('',#1374,#1375,#1376);
#1374 = CARTESIAN_POINT('',(-2.999984384489,-393.9163302782,
    -23.01211780407));
#1375 = DIRECTION('',(4.598002117721E-14,-0.462857169374,-0.886432874367
    ));
#1376 = DIRECTION('',(-7.221560905344E-14,-0.886432874367,0.462857169374
    ));
#1377 = DEFINITIONAL_REPRESENTATION('',(#1378),#1382);
#1378 = LINE('',#1379,#1380);
#1379 = CARTESIAN_POINT('',(0.,0.));
#1380 = VECTOR('',#1381,1.);
#1381 = DIRECTION('',(1.,6.310887241768E-30));
#1382 = ( GEOMETRIC_REPRESENTATION_CONTEXT(2) 
PARAMETRIC_REPRESENTATION_CONTEXT() REPRESENTATION_CONTEXT('2D SPACE',''
  ) );
#1383 = ORIENTED_EDGE('',*,*,#1384,.T.);
#1384 = EDGE_CURVE('',#1357,#1385,#1387,.T.);
#1385 = VERTEX_POINT('',#1386);
#1386 = CARTESIAN_POINT('',(-2.999984384489,-396.0935632389,
    -21.8583280231));
#1387 = SURFACE_CURVE('',#1388,(#1392,#1399),.PCURVE_S1.);
#1388 = LINE('',#1389,#1390);
#1389 = CARTESIAN_POINT('',(-2.999984384489,-395.0084608635,
    -22.44185412599));
#1390 = VECTOR('',#1391,1.);
#1391 = DIRECTION('',(-7.277039588583E-14,-0.880728395087,0.473621678228
    ));
#1392 = PCURVE('',#44,#1393);
#1393 = DEFINITIONAL_REPRESENTATION('',(#1394),#1398);
#1394 = LINE('',#1395,#1396);
#1395 = CARTESIAN_POINT('',(225.8347352758,-13.11369360826));
#1396 = VECTOR('',#1397,1.);
#1397 = DIRECTION('',(0.880728395087,-0.473621678228));
#1398 = ( GEOMETRIC_REPRESENTATION_CONTEXT(2) 
PARAMETRIC_REPRESENTATION_CONTEXT() REPRESENTATION_CONTEXT('2D SPACE',''
  ) );
#1399 = PCURVE('',#1400,#1405);
#1400 = PLANE('',#1401);
#1401 = AXIS2_PLACEMENT_3D('',#1402,#1403,#1404);
#1402 = CARTESIAN_POINT('',(-2.999984384489,-395.0084608635,
    -22.44185412599));
#1403 = DIRECTION('',(4.509685156452E-14,-0.473621678228,-0.880728395087
    ));
#1404 = DIRECTION('',(-7.277039588583E-14,-0.880728395087,0.473621678228
    ));
#1405 = DEFINITIONAL_REPRESENTATION('',(#1406),#1410);
#1406 = LINE('',#1407,#1408);
#1407 = CARTESIAN_POINT('',(0.,0.));
#1408 = VECTOR('',#1409,1.);
#1409 = DIRECTION('',(1.,6.310887241768E-30));
#1410 = ( GEOMETRIC_REPRESENTATION_CONTEXT(2) 
PARAMETRIC_REPRESENTATION_CONTEXT() REPRESENTATION_CONTEXT('2D SPACE',''
  ) );
#1411 = ORIENTED_EDGE('',*,*,#1412,.T.);
#1412 = EDGE_CURVE('',#1385,#1413,#1415,.T.);
#1413 = VERTEX_POINT('',#1414);
#1414 = CARTESIAN_POINT('',(-2.999984384489,-397.1714763582,
    -21.26162609983));
#1415 = SURFACE_CURVE('',#1416,(#1420,#1427),.PCURVE_S1.);
#1416 = LINE('',#1417,#1418);
#1417 = CARTESIAN_POINT('',(-2.999984384489,-396.0935632389,
    -21.8583280231));
#1418 = VECTOR('',#1419,1.);
#1419 = DIRECTION('',(-7.331438244643E-14,-0.874893201855,0.484315894173
    ));
#1420 = PCURVE('',#44,#1421);
#1421 = DEFINITIONAL_REPRESENTATION('',(#1422),#1426);
#1422 = LINE('',#1423,#1424);
#1423 = CARTESIAN_POINT('',(226.9198376512,-13.69721971115));
#1424 = VECTOR('',#1425,1.);
#1425 = DIRECTION('',(0.874893201855,-0.484315894173));
#1426 = ( GEOMETRIC_REPRESENTATION_CONTEXT(2) 
PARAMETRIC_REPRESENTATION_CONTEXT() REPRESENTATION_CONTEXT('2D SPACE',''
  ) );
#1427 = PCURVE('',#1428,#1433);
#1428 = PLANE('',#1429);
#1429 = AXIS2_PLACEMENT_3D('',#1430,#1431,#1432);
#1430 = CARTESIAN_POINT('',(-2.999984384489,-396.0935632389,
    -21.8583280231));
#1431 = DIRECTION('',(4.420698886947E-14,-0.484315894173,-0.874893201855
    ));
#1432 = DIRECTION('',(-7.331438244643E-14,-0.874893201855,0.484315894173
    ));
#1433 = DEFINITIONAL_REPRESENTATION('',(#1434),#1438);
#1434 = LINE('',#1435,#1436);
#1435 = CARTESIAN_POINT('',(0.,0.));
#1436 = VECTOR('',#1437,1.);
#1437 = DIRECTION('',(1.,-6.310887241768E-30));
#1438 = ( GEOMETRIC_REPRESENTATION_CONTEXT(2) 
PARAMETRIC_REPRESENTATION_CONTEXT() REPRESENTATION_CONTEXT('2D SPACE',''
  ) );
#1439 = ORIENTED_EDGE('',*,*,#1440,.T.);
#1440 = EDGE_CURVE('',#1413,#1441,#1443,.T.);
#1441 = VERTEX_POINT('',#1442);
#1442 = CARTESIAN_POINT('',(-2.999984384489,-398.2420402421,
    -20.65183691615));
#1443 = SURFACE_CURVE('',#1444,(#1448,#1455),.PCURVE_S1.);
#1444 = LINE('',#1445,#1446);
#1445 = CARTESIAN_POINT('',(-2.999984384489,-397.1714763582,
    -21.26162609983));
#1446 = VECTOR('',#1447,1.);
#1447 = DIRECTION('',(-7.384748799918E-14,-0.868928160705,0.494938230018
    ));
#1448 = PCURVE('',#44,#1449);
#1449 = DEFINITIONAL_REPRESENTATION('',(#1450),#1454);
#1450 = LINE('',#1451,#1452);
#1451 = CARTESIAN_POINT('',(227.9977507705,-14.29392163442));
#1452 = VECTOR('',#1453,1.);
#1453 = DIRECTION('',(0.868928160705,-0.494938230018));
#1454 = ( GEOMETRIC_REPRESENTATION_CONTEXT(2) 
PARAMETRIC_REPRESENTATION_CONTEXT() REPRESENTATION_CONTEXT('2D SPACE',''
  ) );
#1455 = PCURVE('',#1456,#1461);
#1456 = PLANE('',#1457);
#1457 = AXIS2_PLACEMENT_3D('',#1458,#1459,#1460);
#1458 = CARTESIAN_POINT('',(-2.999984384489,-397.1714763582,
    -21.26162609983));
#1459 = DIRECTION('',(4.331056516173E-14,-0.494938230018,-0.868928160705
    ));
#1460 = DIRECTION('',(-7.384748799918E-14,-0.868928160705,0.494938230018
    ));
#1461 = DEFINITIONAL_REPRESENTATION('',(#1462),#1466);
#1462 = LINE('',#1463,#1464);
#1463 = CARTESIAN_POINT('',(0.,0.));
#1464 = VECTOR('',#1465,1.);
#1465 = DIRECTION('',(1.,-1.262177448354E-29));
#1466 = ( GEOMETRIC_REPRESENTATION_CONTEXT(2) 
PARAMETRIC_REPRESENTATION_CONTEXT() REPRESENTATION_CONTEXT('2D SPACE',''
  ) );
#1467 = ORIENTED_EDGE('',*,*,#1468,.T.);
#1468 = EDGE_CURVE('',#1441,#1469,#1471,.T.);
#1469 = VERTEX_POINT('',#1470);
#1470 = CARTESIAN_POINT('',(-2.999984384489,-399.3050960019,
    -20.02905097437));
#1471 = SURFACE_CURVE('',#1472,(#1476,#1483),.PCURVE_S1.);
#1472 = LINE('',#1473,#1474);
#1473 = CARTESIAN_POINT('',(-2.999984384489,-398.2420402421,
    -20.65183691615));
#1474 = VECTOR('',#1475,1.);
#1475 = DIRECTION('',(-7.436963342267E-14,-0.862834156944,0.505487109243
    ));
#1476 = PCURVE('',#44,#1477);
#1477 = DEFINITIONAL_REPRESENTATION('',(#1478),#1482);
#1478 = LINE('',#1479,#1480);
#1479 = CARTESIAN_POINT('',(229.0683146544,-14.9037108181));
#1480 = VECTOR('',#1481,1.);
#1481 = DIRECTION('',(0.862834156944,-0.505487109243));
#1482 = ( GEOMETRIC_REPRESENTATION_CONTEXT(2) 
PARAMETRIC_REPRESENTATION_CONTEXT() REPRESENTATION_CONTEXT('2D SPACE',''
  ) );
#1483 = PCURVE('',#1484,#1489);
#1484 = PLANE('',#1485);
#1485 = AXIS2_PLACEMENT_3D('',#1486,#1487,#1488);
#1486 = CARTESIAN_POINT('',(-2.999984384489,-398.2420402421,
    -20.65183691615));
#1487 = DIRECTION('',(4.240771348459E-14,-0.505487109243,-0.862834156944
    ));
#1488 = DIRECTION('',(-7.436963342267E-14,-0.862834156944,0.505487109243
    ));
#1489 = DEFINITIONAL_REPRESENTATION('',(#1490),#1494);
#1490 = LINE('',#1491,#1492);
#1491 = CARTESIAN_POINT('',(0.,0.));
#1492 = VECTOR('',#1493,1.);
#1493 = DIRECTION('',(1.,0.));
#1494 = ( GEOMETRIC_REPRESENTATION_CONTEXT(2) 
PARAMETRIC_REPRESENTATION_CONTEXT() REPRESENTATION_CONTEXT('2D SPACE',''
  ) );
#1495 = ORIENTED_EDGE('',*,*,#1496,.T.);
#1496 = EDGE_CURVE('',#1469,#1497,#1499,.T.);
#1497 = VERTEX_POINT('',#1498);
#1498 = CARTESIAN_POINT('',(-2.999984384489,-400.3604858637,
    -19.39336070573));
#1499 = SURFACE_CURVE('',#1500,(#1504,#1511),.PCURVE_S1.);
#1500 = LINE('',#1501,#1502);
#1501 = CARTESIAN_POINT('',(-2.999984384489,-399.3050960019,
    -20.02905097437));
#1502 = VECTOR('',#1503,1.);
#1503 = DIRECTION('',(-7.488074122239E-14,-0.856612095018,0.515960966226
    ));
#1504 = PCURVE('',#44,#1505);
#1505 = DEFINITIONAL_REPRESENTATION('',(#1506),#1510);
#1506 = LINE('',#1507,#1508);
#1507 = CARTESIAN_POINT('',(230.1313704142,-15.52649675988));
#1508 = VECTOR('',#1509,1.);
#1509 = DIRECTION('',(0.856612095018,-0.515960966226));
#1510 = ( GEOMETRIC_REPRESENTATION_CONTEXT(2) 
PARAMETRIC_REPRESENTATION_CONTEXT() REPRESENTATION_CONTEXT('2D SPACE',''
  ) );
#1511 = PCURVE('',#1512,#1517);
#1512 = PLANE('',#1513);
#1513 = AXIS2_PLACEMENT_3D('',#1514,#1515,#1516);
#1514 = CARTESIAN_POINT('',(-2.999984384489,-399.3050960019,
    -20.02905097437));
#1515 = DIRECTION('',(4.149856783552E-14,-0.515960966226,-0.856612095018
    ));
#1516 = DIRECTION('',(-7.488074122239E-14,-0.856612095018,0.515960966226
    ));
#1517 = DEFINITIONAL_REPRESENTATION('',(#1518),#1522);
#1518 = LINE('',#1519,#1520);
#1519 = CARTESIAN_POINT('',(0.,0.));
#1520 = VECTOR('',#1521,1.);
#1521 = DIRECTION('',(1.,0.));
#1522 = ( GEOMETRIC_REPRESENTATION_CONTEXT(2) 
PARAMETRIC_REPRESENTATION_CONTEXT() REPRESENTATION_CONTEXT('2D SPACE',''
  ) );
#1523 = ORIENTED_EDGE('',*,*,#1524,.T.);
#1524 = EDGE_CURVE('',#1497,#1525,#1527,.T.);
#1525 = VERTEX_POINT('',#1526);
#1526 = CARTESIAN_POINT('',(-2.999984384489,-401.4080531908,
    -18.74486045665));
#1527 = SURFACE_CURVE('',#1528,(#1532,#1539),.PCURVE_S1.);
#1528 = LINE('',#1529,#1530);
#1529 = CARTESIAN_POINT('',(-2.999984384489,-400.3604858637,
    -19.39336070573));
#1530 = VECTOR('',#1531,1.);
#1531 = DIRECTION('',(-7.538073554188E-14,-0.850262898378,0.526358246484
    ));
#1532 = PCURVE('',#44,#1533);
#1533 = DEFINITIONAL_REPRESENTATION('',(#1534),#1538);
#1534 = LINE('',#1535,#1536);
#1535 = CARTESIAN_POINT('',(231.186760276,-16.16218702852));
#1536 = VECTOR('',#1537,1.);
#1537 = DIRECTION('',(0.850262898378,-0.526358246484));
#1538 = ( GEOMETRIC_REPRESENTATION_CONTEXT(2) 
PARAMETRIC_REPRESENTATION_CONTEXT() REPRESENTATION_CONTEXT('2D SPACE',''
  ) );
#1539 = PCURVE('',#1540,#1545);
#1540 = PLANE('',#1541);
#1541 = AXIS2_PLACEMENT_3D('',#1542,#1543,#1544);
#1542 = CARTESIAN_POINT('',(-2.999984384489,-400.3604858637,
    -19.39336070573));
#1543 = DIRECTION('',(4.058326314601E-14,-0.526358246484,-0.850262898378
    ));
#1544 = DIRECTION('',(-7.538073554188E-14,-0.850262898378,0.526358246484
    ));
#1545 = DEFINITIONAL_REPRESENTATION('',(#1546),#1550);
#1546 = LINE('',#1547,#1548);
#1547 = CARTESIAN_POINT('',(0.,0.));
#1548 = VECTOR('',#1549,1.);
#1549 = DIRECTION('',(1.,1.89326617253E-29));
#1550 = ( GEOMETRIC_REPRESENTATION_CONTEXT(2) 
PARAMETRIC_REPRESENTATION_CONTEXT() REPRESENTATION_CONTEXT('2D SPACE',''
  ) );
#1551 = ORIENTED_EDGE('',*,*,#1552,.T.);
#1552 = EDGE_CURVE('',#1525,#1553,#1555,.T.);
#1553 = VERTEX_POINT('',#1554);
#1554 = CARTESIAN_POINT('',(-2.999984384489,-402.4476425078,
    -18.08364647478));
#1555 = SURFACE_CURVE('',#1556,(#1560,#1567),.PCURVE_S1.);
#1556 = LINE('',#1557,#1558);
#1557 = CARTESIAN_POINT('',(-2.999984384489,-401.4080531908,
    -18.74486045665));
#1558 = VECTOR('',#1559,1.);
#1559 = DIRECTION('',(-7.586954217416E-14,-0.843787509345,0.536677406896
    ));
#1560 = PCURVE('',#44,#1561);
#1561 = DEFINITIONAL_REPRESENTATION('',(#1562),#1566);
#1562 = LINE('',#1563,#1564);
#1563 = CARTESIAN_POINT('',(232.2343276031,-16.8106872776));
#1564 = VECTOR('',#1565,1.);
#1565 = DIRECTION('',(0.843787509345,-0.536677406896));
#1566 = ( GEOMETRIC_REPRESENTATION_CONTEXT(2) 
PARAMETRIC_REPRESENTATION_CONTEXT() REPRESENTATION_CONTEXT('2D SPACE',''
  ) );
#1567 = PCURVE('',#1568,#1573);
#1568 = PLANE('',#1569);
#1569 = AXIS2_PLACEMENT_3D('',#1570,#1571,#1572);
#1570 = CARTESIAN_POINT('',(-2.999984384489,-401.4080531908,
    -18.74486045665));
#1571 = DIRECTION('',(3.966193526169E-14,-0.536677406896,-0.843787509345
    ));
#1572 = DIRECTION('',(-7.586954217416E-14,-0.843787509345,0.536677406896
    ));
#1573 = DEFINITIONAL_REPRESENTATION('',(#1574),#1578);
#1574 = LINE('',#1575,#1576);
#1575 = CARTESIAN_POINT('',(0.,0.));
#1576 = VECTOR('',#1577,1.);
#1577 = DIRECTION('',(1.,0.));
#1578 = ( GEOMETRIC_REPRESENTATION_CONTEXT(2) 
PARAMETRIC_REPRESENTATION_CONTEXT() REPRESENTATION_CONTEXT('2D SPACE',''
  ) );
#1579 = ORIENTED_EDGE('',*,*,#1580,.T.);
#1580 = EDGE_CURVE('',#1553,#1581,#1583,.T.);
#1581 = VERTEX_POINT('',#1582);
#1582 = CARTESIAN_POINT('',(-2.999984384489,-403.4790995234,
    -17.40981689468));
#1583 = SURFACE_CURVE('',#1584,(#1588,#1595),.PCURVE_S1.);
#1584 = LINE('',#1585,#1586);
#1585 = CARTESIAN_POINT('',(-2.999984384489,-402.4476425078,
    -18.08364647478));
#1586 = VECTOR('',#1587,1.);
#1587 = DIRECTION('',(-7.634708857252E-14,-0.83718688897,0.546916915936)
  );
#1588 = PCURVE('',#44,#1589);
#1589 = DEFINITIONAL_REPRESENTATION('',(#1590),#1594);
#1590 = LINE('',#1591,#1592);
#1591 = CARTESIAN_POINT('',(233.2739169201,-17.47190125947));
#1592 = VECTOR('',#1593,1.);
#1593 = DIRECTION('',(0.83718688897,-0.546916915936));
#1594 = ( GEOMETRIC_REPRESENTATION_CONTEXT(2) 
PARAMETRIC_REPRESENTATION_CONTEXT() REPRESENTATION_CONTEXT('2D SPACE',''
  ) );
#1595 = PCURVE('',#1596,#1601);
#1596 = PLANE('',#1597);
#1597 = AXIS2_PLACEMENT_3D('',#1598,#1599,#1600);
#1598 = CARTESIAN_POINT('',(-2.999984384489,-402.4476425078,
    -18.08364647478));
#1599 = DIRECTION('',(3.873472092208E-14,-0.546916915936,-0.83718688897)
  );
#1600 = DIRECTION('',(-7.634708857252E-14,-0.83718688897,0.546916915936)
  );
#1601 = DEFINITIONAL_REPRESENTATION('',(#1602),#1606);
#1602 = LINE('',#1603,#1604);
#1603 = CARTESIAN_POINT('',(0.,0.));
#1604 = VECTOR('',#1605,1.);
#1605 = DIRECTION('',(1.,-3.155443620884E-29));
#1606 = ( GEOMETRIC_REPRESENTATION_CONTEXT(2) 
PARAMETRIC_REPRESENTATION_CONTEXT() REPRESENTATION_CONTEXT('2D SPACE',''
  ) );
#1607 = ORIENTED_EDGE('',*,*,#1608,.T.);
#1608 = EDGE_CURVE('',#1581,#1609,#1611,.T.);
#1609 = VERTEX_POINT('',#1610);
#1610 = CARTESIAN_POINT('',(-2.99998438449,-404.502271153,
    -16.72347172327));
#1611 = SURFACE_CURVE('',#1612,(#1616,#1623),.PCURVE_S1.);
#1612 = LINE('',#1613,#1614);
#1613 = CARTESIAN_POINT('',(-2.999984384489,-403.4790995234,
    -17.40981689468));
#1614 = VECTOR('',#1615,1.);
#1615 = DIRECTION('',(-7.681330386165E-14,-0.830462016887,0.557075253901
    ));
#1616 = PCURVE('',#44,#1617);
#1617 = DEFINITIONAL_REPRESENTATION('',(#1618),#1622);
#1618 = LINE('',#1619,#1620);
#1619 = CARTESIAN_POINT('',(234.3053739357,-18.14573083957));
#1620 = VECTOR('',#1621,1.);
#1621 = DIRECTION('',(0.830462016887,-0.557075253901));
#1622 = ( GEOMETRIC_REPRESENTATION_CONTEXT(2) 
PARAMETRIC_REPRESENTATION_CONTEXT() REPRESENTATION_CONTEXT('2D SPACE',''
  ) );
#1623 = PCURVE('',#1624,#1629);
#1624 = PLANE('',#1625);
#1625 = AXIS2_PLACEMENT_3D('',#1626,#1627,#1628);
#1626 = CARTESIAN_POINT('',(-2.999984384489,-403.4790995234,
    -17.40981689468));
#1627 = DIRECTION('',(3.780175774041E-14,-0.557075253901,-0.830462016887
    ));
#1628 = DIRECTION('',(-7.681330386165E-14,-0.830462016887,0.557075253901
    ));
#1629 = DEFINITIONAL_REPRESENTATION('',(#1630),#1634);
#1630 = LINE('',#1631,#1632);
#1631 = CARTESIAN_POINT('',(0.,0.));
#1632 = VECTOR('',#1633,1.);
#1633 = DIRECTION('',(1.,6.310887241768E-30));
#1634 = ( GEOMETRIC_REPRESENTATION_CONTEXT(2) 
PARAMETRIC_REPRESENTATION_CONTEXT() REPRESENTATION_CONTEXT('2D SPACE',''
  ) );
#1635 = ORIENTED_EDGE('',*,*,#1636,.T.);
#1636 = EDGE_CURVE('',#1609,#1637,#1639,.T.);
#1637 = VERTEX_POINT('',#1638);
#1638 = CARTESIAN_POINT('',(-2.99998438449,-405.5170055418,
    -16.02471282495));
#1639 = SURFACE_CURVE('',#1640,(#1644,#1651),.PCURVE_S1.);
#1640 = LINE('',#1641,#1642);
#1641 = CARTESIAN_POINT('',(-2.99998438449,-404.502271153,
    -16.72347172327));
#1642 = VECTOR('',#1643,1.);
#1643 = DIRECTION('',(-7.726811884793E-14,-0.823613891173,0.567150913132
    ));
#1644 = PCURVE('',#44,#1645);
#1645 = DEFINITIONAL_REPRESENTATION('',(#1646),#1650);
#1646 = LINE('',#1647,#1648);
#1647 = CARTESIAN_POINT('',(235.3285455653,-18.83207601098));
#1648 = VECTOR('',#1649,1.);
#1649 = DIRECTION('',(0.823613891173,-0.567150913132));
#1650 = ( GEOMETRIC_REPRESENTATION_CONTEXT(2) 
PARAMETRIC_REPRESENTATION_CONTEXT() REPRESENTATION_CONTEXT('2D SPACE',''
  ) );
#1651 = PCURVE('',#1652,#1657);
#1652 = PLANE('',#1653);
#1653 = AXIS2_PLACEMENT_3D('',#1654,#1655,#1656);
#1654 = CARTESIAN_POINT('',(-2.99998438449,-404.502271153,
    -16.72347172327));
#1655 = DIRECTION('',(3.686318418313E-14,-0.567150913132,-0.823613891173
    ));
#1656 = DIRECTION('',(-7.726811884793E-14,-0.823613891173,0.567150913132
    ));
#1657 = DEFINITIONAL_REPRESENTATION('',(#1658),#1662);
#1658 = LINE('',#1659,#1660);
#1659 = CARTESIAN_POINT('',(0.,0.));
#1660 = VECTOR('',#1661,1.);
#1661 = DIRECTION('',(1.,-1.89326617253E-29));
#1662 = ( GEOMETRIC_REPRESENTATION_CONTEXT(2) 
PARAMETRIC_REPRESENTATION_CONTEXT() REPRESENTATION_CONTEXT('2D SPACE',''
  ) );
#1663 = ORIENTED_EDGE('',*,*,#1664,.T.);
#1664 = EDGE_CURVE('',#1637,#1665,#1667,.T.);
#1665 = VERTEX_POINT('',#1666);
#1666 = CARTESIAN_POINT('',(-2.99998438449,-406.5231520874,
    -15.31364390656));
#1667 = SURFACE_CURVE('',#1668,(#1672,#1679),.PCURVE_S1.);
#1668 = LINE('',#1669,#1670);
#1669 = CARTESIAN_POINT('',(-2.99998438449,-405.5170055418,
    -16.02471282495));
#1670 = VECTOR('',#1671,1.);
#1671 = DIRECTION('',(-7.771146602949E-14,-0.816643528199,0.577142398244
    ));
#1672 = PCURVE('',#44,#1673);
#1673 = DEFINITIONAL_REPRESENTATION('',(#1674),#1678);
#1674 = LINE('',#1675,#1676);
#1675 = CARTESIAN_POINT('',(236.3432799541,-19.5308349093));
#1676 = VECTOR('',#1677,1.);
#1677 = DIRECTION('',(0.816643528199,-0.577142398244));
#1678 = ( GEOMETRIC_REPRESENTATION_CONTEXT(2) 
PARAMETRIC_REPRESENTATION_CONTEXT() REPRESENTATION_CONTEXT('2D SPACE',''
  ) );
#1679 = PCURVE('',#1680,#1685);
#1680 = PLANE('',#1681);
#1681 = AXIS2_PLACEMENT_3D('',#1682,#1683,#1684);
#1682 = CARTESIAN_POINT('',(-2.99998438449,-405.5170055418,
    -16.02471282495));
#1683 = DIRECTION('',(3.591913954925E-14,-0.577142398244,-0.816643528199
    ));
#1684 = DIRECTION('',(-7.771146602949E-14,-0.816643528199,0.577142398244
    ));
#1685 = DEFINITIONAL_REPRESENTATION('',(#1686),#1690);
#1686 = LINE('',#1687,#1688);
#1687 = CARTESIAN_POINT('',(0.,0.));
#1688 = VECTOR('',#1689,1.);
#1689 = DIRECTION('',(1.,-1.89326617253E-29));
#1690 = ( GEOMETRIC_REPRESENTATION_CONTEXT(2) 
PARAMETRIC_REPRESENTATION_CONTEXT() REPRESENTATION_CONTEXT('2D SPACE',''
  ) );
#1691 = ORIENTED_EDGE('',*,*,#1692,.T.);
#1692 = EDGE_CURVE('',#1665,#1693,#1695,.T.);
#1693 = VERTEX_POINT('',#1694);
#1694 = CARTESIAN_POINT('',(-2.99998438449,-407.5205614618,
    -14.5903705019));
#1695 = SURFACE_CURVE('',#1696,(#1700,#1707),.PCURVE_S1.);
#1696 = LINE('',#1697,#1698);
#1697 = CARTESIAN_POINT('',(-2.99998438449,-406.5231520874,
    -15.31364390656));
#1698 = VECTOR('',#1699,1.);
#1699 = DIRECTION('',(-7.814327960677E-14,-0.809551962476,0.587048226342
    ));
#1700 = PCURVE('',#44,#1701);
#1701 = DEFINITIONAL_REPRESENTATION('',(#1702),#1706);
#1702 = LINE('',#1703,#1704);
#1703 = CARTESIAN_POINT('',(237.3494264997,-20.24190382769));
#1704 = VECTOR('',#1705,1.);
#1705 = DIRECTION('',(0.809551962476,-0.587048226342));
#1706 = ( GEOMETRIC_REPRESENTATION_CONTEXT(2) 
PARAMETRIC_REPRESENTATION_CONTEXT() REPRESENTATION_CONTEXT('2D SPACE',''
  ) );
#1707 = PCURVE('',#1708,#1713);
#1708 = PLANE('',#1709);
#1709 = AXIS2_PLACEMENT_3D('',#1710,#1711,#1712);
#1710 = CARTESIAN_POINT('',(-2.99998438449,-406.5231520874,
    -15.31364390656));
#1711 = DIRECTION('',(3.496976394989E-14,-0.587048226342,-0.809551962476
    ));
#1712 = DIRECTION('',(-7.814327960677E-14,-0.809551962476,0.587048226342
    ));
#1713 = DEFINITIONAL_REPRESENTATION('',(#1714),#1718);
#1714 = LINE('',#1715,#1716);
#1715 = CARTESIAN_POINT('',(0.,0.));
#1716 = VECTOR('',#1717,1.);
#1717 = DIRECTION('',(1.,0.));
#1718 = ( GEOMETRIC_REPRESENTATION_CONTEXT(2) 
PARAMETRIC_REPRESENTATION_CONTEXT() REPRESENTATION_CONTEXT('2D SPACE',''
  ) );
#1719 = ORIENTED_EDGE('',*,*,#1720,.T.);
#1720 = EDGE_CURVE('',#1693,#1721,#1723,.T.);
#1721 = VERTEX_POINT('',#1722);
#1722 = CARTESIAN_POINT('',(-2.99998438449,-408.5090856336,
    -13.85499995614));
#1723 = SURFACE_CURVE('',#1724,(#1728,#1735),.PCURVE_S1.);
#1724 = LINE('',#1725,#1726);
#1725 = CARTESIAN_POINT('',(-2.99998438449,-407.5205614618,
    -14.5903705019));
#1726 = VECTOR('',#1727,1.);
#1727 = DIRECTION('',(-7.856349549179E-14,-0.802340246503,0.596866927247
    ));
#1728 = PCURVE('',#44,#1729);
#1729 = DEFINITIONAL_REPRESENTATION('',(#1730),#1734);
#1730 = LINE('',#1731,#1732);
#1731 = CARTESIAN_POINT('',(238.3468358741,-20.96517723235));
#1732 = VECTOR('',#1733,1.);
#1733 = DIRECTION('',(0.802340246503,-0.596866927247));
#1734 = ( GEOMETRIC_REPRESENTATION_CONTEXT(2) 
PARAMETRIC_REPRESENTATION_CONTEXT() REPRESENTATION_CONTEXT('2D SPACE',''
  ) );
#1735 = PCURVE('',#1736,#1741);
#1736 = PLANE('',#1737);
#1737 = AXIS2_PLACEMENT_3D('',#1738,#1739,#1740);
#1738 = CARTESIAN_POINT('',(-2.99998438449,-407.5205614618,
    -14.5903705019));
#1739 = DIRECTION('',(3.401519828732E-14,-0.596866927247,-0.802340246503
    ));
#1740 = DIRECTION('',(-7.856349549179E-14,-0.802340246503,0.596866927247
    ));
#1741 = DEFINITIONAL_REPRESENTATION('',(#1742),#1746);
#1742 = LINE('',#1743,#1744);
#1743 = CARTESIAN_POINT('',(0.,0.));
#1744 = VECTOR('',#1745,1.);
#1745 = DIRECTION('',(1.,0.));
#1746 = ( GEOMETRIC_REPRESENTATION_CONTEXT(2) 
PARAMETRIC_REPRESENTATION_CONTEXT() REPRESENTATION_CONTEXT('2D SPACE',''
  ) );
#1747 = ORIENTED_EDGE('',*,*,#1748,.T.);
#1748 = EDGE_CURVE('',#1721,#1749,#1751,.T.);
#1749 = VERTEX_POINT('',#1750);
#1750 = CARTESIAN_POINT('',(-2.99998438449,-409.4885778904,
    -13.10764140982));
#1751 = SURFACE_CURVE('',#1752,(#1756,#1763),.PCURVE_S1.);
#1752 = LINE('',#1753,#1754);
#1753 = CARTESIAN_POINT('',(-2.99998438449,-408.5090856336,
    -13.85499995614));
#1754 = VECTOR('',#1755,1.);
#1755 = DIRECTION('',(-7.897205131792E-14,-0.795009450613,0.606597043708
    ));
#1756 = PCURVE('',#44,#1757);
#1757 = DEFINITIONAL_REPRESENTATION('',(#1758),#1762);
#1758 = LINE('',#1759,#1760);
#1759 = CARTESIAN_POINT('',(239.3353600459,-21.70054777811));
#1760 = VECTOR('',#1761,1.);
#1761 = DIRECTION('',(0.795009450613,-0.606597043708));
#1762 = ( GEOMETRIC_REPRESENTATION_CONTEXT(2) 
PARAMETRIC_REPRESENTATION_CONTEXT() REPRESENTATION_CONTEXT('2D SPACE',''
  ) );
#1763 = PCURVE('',#1764,#1769);
#1764 = PLANE('',#1765);
#1765 = AXIS2_PLACEMENT_3D('',#1766,#1767,#1768);
#1766 = CARTESIAN_POINT('',(-2.99998438449,-408.5090856336,
    -13.85499995614));
#1767 = DIRECTION('',(3.305558423412E-14,-0.606597043708,-0.795009450613
    ));
#1768 = DIRECTION('',(-7.897205131792E-14,-0.795009450613,0.606597043708
    ));
#1769 = DEFINITIONAL_REPRESENTATION('',(#1770),#1774);
#1770 = LINE('',#1771,#1772);
#1771 = CARTESIAN_POINT('',(0.,0.));
#1772 = VECTOR('',#1773,1.);
#1773 = DIRECTION('',(1.,-6.310887241768E-30));
#1774 = ( GEOMETRIC_REPRESENTATION_CONTEXT(2) 
PARAMETRIC_REPRESENTATION_CONTEXT() REPRESENTATION_CONTEXT('2D SPACE',''
  ) );
#1775 = ORIENTED_EDGE('',*,*,#1776,.T.);
#1776 = EDGE_CURVE('',#1749,#1777,#1779,.T.);
#1777 = VERTEX_POINT('',#1778);
#1778 = CARTESIAN_POINT('',(-2.99998438449,-410.4588928602,
    -12.34840578272));
#1779 = SURFACE_CURVE('',#1780,(#1784,#1791),.PCURVE_S1.);
#1780 = LINE('',#1781,#1782);
#1781 = CARTESIAN_POINT('',(-2.99998438449,-409.4885778904,
    -13.10764140982));
#1782 = VECTOR('',#1783,1.);
#1783 = DIRECTION('',(-7.936888644893E-14,-0.787560662812,0.616237131624
    ));
#1784 = PCURVE('',#44,#1785);
#1785 = DEFINITIONAL_REPRESENTATION('',(#1786),#1790);
#1786 = LINE('',#1787,#1788);
#1787 = CARTESIAN_POINT('',(240.3148523027,-22.44790632443));
#1788 = VECTOR('',#1789,1.);
#1789 = DIRECTION('',(0.787560662812,-0.616237131624));
#1790 = ( GEOMETRIC_REPRESENTATION_CONTEXT(2) 
PARAMETRIC_REPRESENTATION_CONTEXT() REPRESENTATION_CONTEXT('2D SPACE',''
  ) );
#1791 = PCURVE('',#1792,#1797);
#1792 = PLANE('',#1793);
#1793 = AXIS2_PLACEMENT_3D('',#1794,#1795,#1796);
#1794 = CARTESIAN_POINT('',(-2.99998438449,-409.4885778904,
    -13.10764140982));
#1795 = DIRECTION('',(3.209106421205E-14,-0.616237131624,-0.787560662812
    ));
#1796 = DIRECTION('',(-7.936888644893E-14,-0.787560662812,0.616237131624
    ));
#1797 = DEFINITIONAL_REPRESENTATION('',(#1798),#1802);
#1798 = LINE('',#1799,#1800);
#1799 = CARTESIAN_POINT('',(0.,0.));
#1800 = VECTOR('',#1801,1.);
#1801 = DIRECTION('',(1.,-6.310887241768E-30));
#1802 = ( GEOMETRIC_REPRESENTATION_CONTEXT(2) 
PARAMETRIC_REPRESENTATION_CONTEXT() REPRESENTATION_CONTEXT('2D SPACE',''
  ) );
#1803 = ORIENTED_EDGE('',*,*,#1804,.T.);
#1804 = EDGE_CURVE('',#1777,#1805,#1807,.T.);
#1805 = VERTEX_POINT('',#1806);
#1806 = CARTESIAN_POINT('',(-2.99998438449,-411.4198865328,
    -11.57740575735));
#1807 = SURFACE_CURVE('',#1808,(#1812,#1819),.PCURVE_S1.);
#1808 = LINE('',#1809,#1810);
#1809 = CARTESIAN_POINT('',(-2.99998438449,-410.4588928602,
    -12.34840578272));
#1810 = VECTOR('',#1811,1.);
#1811 = DIRECTION('',(-7.975394198845E-14,-0.779994988616,0.625785760252
    ));
#1812 = PCURVE('',#44,#1813);
#1813 = DEFINITIONAL_REPRESENTATION('',(#1814),#1818);
#1814 = LINE('',#1815,#1816);
#1815 = CARTESIAN_POINT('',(241.2851672725,-23.20714195153));
#1816 = VECTOR('',#1817,1.);
#1817 = DIRECTION('',(0.779994988616,-0.625785760252));
#1818 = ( GEOMETRIC_REPRESENTATION_CONTEXT(2) 
PARAMETRIC_REPRESENTATION_CONTEXT() REPRESENTATION_CONTEXT('2D SPACE',''
  ) );
#1819 = PCURVE('',#1820,#1825);
#1820 = PLANE('',#1821);
#1821 = AXIS2_PLACEMENT_3D('',#1822,#1823,#1824);
#1822 = CARTESIAN_POINT('',(-2.99998438449,-410.4588928602,
    -12.34840578272));
#1823 = DIRECTION('',(3.112178137116E-14,-0.625785760252,-0.779994988616
    ));
#1824 = DIRECTION('',(-7.975394198845E-14,-0.779994988616,0.625785760252
    ));
#1825 = DEFINITIONAL_REPRESENTATION('',(#1826),#1830);
#1826 = LINE('',#1827,#1828);
#1827 = CARTESIAN_POINT('',(0.,0.));
#1828 = VECTOR('',#1829,1.);
#1829 = DIRECTION('',(1.,-1.262177448354E-29));
#1830 = ( GEOMETRIC_REPRESENTATION_CONTEXT(2) 
PARAMETRIC_REPRESENTATION_CONTEXT() REPRESENTATION_CONTEXT('2D SPACE',''
  ) );
#1831 = ORIENTED_EDGE('',*,*,#1832,.T.);
#1832 = EDGE_CURVE('',#1805,#1833,#1835,.T.);
#1833 = VERTEX_POINT('',#1834);
#1834 = CARTESIAN_POINT('',(-2.99998438449,-412.3714162817,
    -10.79475576224));
#1835 = SURFACE_CURVE('',#1836,(#1840,#1847),.PCURVE_S1.);
#1836 = LINE('',#1837,#1838);
#1837 = CARTESIAN_POINT('',(-2.99998438449,-411.4198865328,
    -11.57740575735));
#1838 = VECTOR('',#1839,1.);
#1839 = DIRECTION('',(-8.012716078804E-14,-0.77231355089,0.635241512428)
  );
#1840 = PCURVE('',#44,#1841);
#1841 = DEFINITIONAL_REPRESENTATION('',(#1842),#1846);
#1842 = LINE('',#1843,#1844);
#1843 = CARTESIAN_POINT('',(242.2461609451,-23.9781419769));
#1844 = VECTOR('',#1845,1.);
#1845 = DIRECTION('',(0.77231355089,-0.635241512428));
#1846 = ( GEOMETRIC_REPRESENTATION_CONTEXT(2) 
PARAMETRIC_REPRESENTATION_CONTEXT() REPRESENTATION_CONTEXT('2D SPACE',''
  ) );
#1847 = PCURVE('',#1848,#1853);
#1848 = PLANE('',#1849);
#1849 = AXIS2_PLACEMENT_3D('',#1850,#1851,#1852);
#1850 = CARTESIAN_POINT('',(-2.99998438449,-411.4198865328,
    -11.57740575735));
#1851 = DIRECTION('',(3.014787956821E-14,-0.635241512428,-0.77231355089)
  );
#1852 = DIRECTION('',(-8.012716078804E-14,-0.77231355089,0.635241512428)
  );
#1853 = DEFINITIONAL_REPRESENTATION('',(#1854),#1858);
#1854 = LINE('',#1855,#1856);
#1855 = CARTESIAN_POINT('',(0.,0.));
#1856 = VECTOR('',#1857,1.);
#1857 = DIRECTION('',(1.,-2.524354896707E-29));
#1858 = ( GEOMETRIC_REPRESENTATION_CONTEXT(2) 
PARAMETRIC_REPRESENTATION_CONTEXT() REPRESENTATION_CONTEXT('2D SPACE',''
  ) );
#1859 = ORIENTED_EDGE('',*,*,#1860,.T.);
#1860 = EDGE_CURVE('',#1833,#1861,#1863,.T.);
#1861 = VERTEX_POINT('',#1862);
#1862 = CARTESIAN_POINT('',(-2.99998438449,-413.3133408849,
    -10.00057195498));
#1863 = SURFACE_CURVE('',#1864,(#1868,#1875),.PCURVE_S1.);
#1864 = LINE('',#1865,#1866);
#1865 = CARTESIAN_POINT('',(-2.99998438449,-412.3714162817,
    -10.79475576224));
#1866 = VECTOR('',#1867,1.);
#1867 = DIRECTION('',(-8.048848745619E-14,-0.764517489682,0.644602984767
    ));
#1868 = PCURVE('',#44,#1869);
#1869 = DEFINITIONAL_REPRESENTATION('',(#1870),#1874);
#1870 = LINE('',#1871,#1872);
#1871 = CARTESIAN_POINT('',(243.197690694,-24.76079197201));
#1872 = VECTOR('',#1873,1.);
#1873 = DIRECTION('',(0.764517489682,-0.644602984767));
#1874 = ( GEOMETRIC_REPRESENTATION_CONTEXT(2) 
PARAMETRIC_REPRESENTATION_CONTEXT() REPRESENTATION_CONTEXT('2D SPACE',''
  ) );
#1875 = PCURVE('',#1876,#1881);
#1876 = PLANE('',#1877);
#1877 = AXIS2_PLACEMENT_3D('',#1878,#1879,#1880);
#1878 = CARTESIAN_POINT('',(-2.99998438449,-412.3714162817,
    -10.79475576224));
#1879 = DIRECTION('',(2.916950334555E-14,-0.644602984767,-0.764517489682
    ));
#1880 = DIRECTION('',(-8.048848745619E-14,-0.764517489682,0.644602984767
    ));
#1881 = DEFINITIONAL_REPRESENTATION('',(#1882),#1886);
#1882 = LINE('',#1883,#1884);
#1883 = CARTESIAN_POINT('',(0.,0.));
#1884 = VECTOR('',#1885,1.);
#1885 = DIRECTION('',(1.,-3.786532345061E-29));
#1886 = ( GEOMETRIC_REPRESENTATION_CONTEXT(2) 
PARAMETRIC_REPRESENTATION_CONTEXT() REPRESENTATION_CONTEXT('2D SPACE',''
  ) );
#1887 = ORIENTED_EDGE('',*,*,#1888,.T.);
#1888 = EDGE_CURVE('',#1861,#1889,#1891,.T.);
#1889 = VERTEX_POINT('',#1890);
#1890 = CARTESIAN_POINT('',(-2.99998438449,-414.2455205461,
    -9.194972204931));
#1891 = SURFACE_CURVE('',#1892,(#1896,#1903),.PCURVE_S1.);
#1892 = LINE('',#1893,#1894);
#1893 = CARTESIAN_POINT('',(-2.99998438449,-413.3133408849,
    -10.00057195498));
#1894 = VECTOR('',#1895,1.);
#1895 = DIRECTION('',(-8.083786836637E-14,-0.756607962048,0.653868787881
    ));
#1896 = PCURVE('',#44,#1897);
#1897 = DEFINITIONAL_REPRESENTATION('',(#1898),#1902);
#1898 = LINE('',#1899,#1900);
#1899 = CARTESIAN_POINT('',(244.1396152972,-25.55497577927));
#1900 = VECTOR('',#1901,1.);
#1901 = DIRECTION('',(0.756607962048,-0.653868787881));
#1902 = ( GEOMETRIC_REPRESENTATION_CONTEXT(2) 
PARAMETRIC_REPRESENTATION_CONTEXT() REPRESENTATION_CONTEXT('2D SPACE',''
  ) );
#1903 = PCURVE('',#1904,#1909);
#1904 = PLANE('',#1905);
#1905 = AXIS2_PLACEMENT_3D('',#1906,#1907,#1908);
#1906 = CARTESIAN_POINT('',(-2.99998438449,-413.3133408849,
    -10.00057195498));
#1907 = DIRECTION('',(2.818679790964E-14,-0.653868787881,-0.756607962048
    ));
#1908 = DIRECTION('',(-8.083786836637E-14,-0.756607962048,0.653868787881
    ));
#1909 = DEFINITIONAL_REPRESENTATION('',(#1910),#1914);
#1910 = LINE('',#1911,#1912);
#1911 = CARTESIAN_POINT('',(0.,0.));
#1912 = VECTOR('',#1913,1.);
#1913 = DIRECTION('',(1.,6.310887241768E-30));
#1914 = ( GEOMETRIC_REPRESENTATION_CONTEXT(2) 
PARAMETRIC_REPRESENTATION_CONTEXT() REPRESENTATION_CONTEXT('2D SPACE',''
  ) );
#1915 = ORIENTED_EDGE('',*,*,#1916,.T.);
#1916 = EDGE_CURVE('',#1889,#1917,#1919,.T.);
#1917 = VERTEX_POINT('',#1918);
#1918 = CARTESIAN_POINT('',(-2.999984384491,-415.167816915,
    -8.378076075771));
#1919 = SURFACE_CURVE('',#1920,(#1924,#1931),.PCURVE_S1.);
#1920 = LINE('',#1921,#1922);
#1921 = CARTESIAN_POINT('',(-2.99998438449,-414.2455205461,
    -9.194972204931));
#1922 = VECTOR('',#1923,1.);
#1923 = DIRECTION('',(-8.117525166486E-14,-0.748586141888,0.663037546579
    ));
#1924 = PCURVE('',#44,#1925);
#1925 = DEFINITIONAL_REPRESENTATION('',(#1926),#1930);
#1926 = LINE('',#1927,#1928);
#1927 = CARTESIAN_POINT('',(245.0717949584,-26.36057552931));
#1928 = VECTOR('',#1929,1.);
#1929 = DIRECTION('',(0.748586141888,-0.663037546579));
#1930 = ( GEOMETRIC_REPRESENTATION_CONTEXT(2) 
PARAMETRIC_REPRESENTATION_CONTEXT() REPRESENTATION_CONTEXT('2D SPACE',''
  ) );
#1931 = PCURVE('',#1932,#1937);
#1932 = PLANE('',#1933);
#1933 = AXIS2_PLACEMENT_3D('',#1934,#1935,#1936);
#1934 = CARTESIAN_POINT('',(-2.99998438449,-414.2455205461,
    -9.194972204931));
#1935 = DIRECTION('',(2.719990910938E-14,-0.663037546579,-0.748586141888
    ));
#1936 = DIRECTION('',(-8.117525166486E-14,-0.748586141888,0.663037546579
    ));
#1937 = DEFINITIONAL_REPRESENTATION('',(#1938),#1942);
#1938 = LINE('',#1939,#1940);
#1939 = CARTESIAN_POINT('',(0.,0.));
#1940 = VECTOR('',#1941,1.);
#1941 = DIRECTION('',(1.,-1.89326617253E-29));
#1942 = ( GEOMETRIC_REPRESENTATION_CONTEXT(2) 
PARAMETRIC_REPRESENTATION_CONTEXT() REPRESENTATION_CONTEXT('2D SPACE',''
  ) );
#1943 = ORIENTED_EDGE('',*,*,#1944,.T.);
#1944 = EDGE_CURVE('',#1917,#1945,#1947,.T.);
#1945 = VERTEX_POINT('',#1946);
#1946 = CARTESIAN_POINT('',(-2.999984384491,-416.0800931083,
    -7.550004807743));
#1947 = SURFACE_CURVE('',#1948,(#1952,#1959),.PCURVE_S1.);
#1948 = LINE('',#1949,#1950);
#1949 = CARTESIAN_POINT('',(-2.999984384491,-415.167816915,
    -8.378076075771));
#1950 = VECTOR('',#1951,1.);
#1951 = DIRECTION('',(-8.150058727878E-14,-0.740453219766,0.672107900071
    ));
#1952 = PCURVE('',#44,#1953);
#1953 = DEFINITIONAL_REPRESENTATION('',(#1954),#1958);
#1954 = LINE('',#1955,#1956);
#1955 = CARTESIAN_POINT('',(245.9940913273,-27.17747165847));
#1956 = VECTOR('',#1957,1.);
#1957 = DIRECTION('',(0.740453219766,-0.672107900071));
#1958 = ( GEOMETRIC_REPRESENTATION_CONTEXT(2) 
PARAMETRIC_REPRESENTATION_CONTEXT() REPRESENTATION_CONTEXT('2D SPACE',''
  ) );
#1959 = PCURVE('',#1960,#1965);
#1960 = PLANE('',#1961);
#1961 = AXIS2_PLACEMENT_3D('',#1962,#1963,#1964);
#1962 = CARTESIAN_POINT('',(-2.999984384491,-415.167816915,
    -8.378076075771));
#1963 = DIRECTION('',(2.620898341464E-14,-0.672107900071,-0.740453219766
    ));
#1964 = DIRECTION('',(-8.150058727878E-14,-0.740453219766,0.672107900071
    ));
#1965 = DEFINITIONAL_REPRESENTATION('',(#1966),#1970);
#1966 = LINE('',#1967,#1968);
#1967 = CARTESIAN_POINT('',(0.,0.));
#1968 = VECTOR('',#1969,1.);
#1969 = DIRECTION('',(1.,1.89326617253E-29));
#1970 = ( GEOMETRIC_REPRESENTATION_CONTEXT(2) 
PARAMETRIC_REPRESENTATION_CONTEXT() REPRESENTATION_CONTEXT('2D SPACE',''
  ) );
#1971 = ORIENTED_EDGE('',*,*,#1972,.T.);
#1972 = EDGE_CURVE('',#1945,#1973,#1975,.T.);
#1973 = VERTEX_POINT('',#1974);
#1974 = CARTESIAN_POINT('',(-2.999984384491,-416.98221373,
    -6.710881299651));
#1975 = SURFACE_CURVE('',#1976,(#1980,#1987),.PCURVE_S1.);
#1976 = LINE('',#1977,#1978);
#1977 = CARTESIAN_POINT('',(-2.999984384491,-416.0800931083,
    -7.550004807743));
#1978 = VECTOR('',#1979,1.);
#1979 = DIRECTION('',(-8.181382692314E-14,-0.732210402735,0.681078502176
    ));
#1980 = PCURVE('',#44,#1981);
#1981 = DEFINITIONAL_REPRESENTATION('',(#1982),#1986);
#1982 = LINE('',#1983,#1984);
#1983 = CARTESIAN_POINT('',(246.9063675206,-28.0055429265));
#1984 = VECTOR('',#1985,1.);
#1985 = DIRECTION('',(0.732210402735,-0.681078502176));
#1986 = ( GEOMETRIC_REPRESENTATION_CONTEXT(2) 
PARAMETRIC_REPRESENTATION_CONTEXT() REPRESENTATION_CONTEXT('2D SPACE',''
  ) );
#1987 = PCURVE('',#1988,#1993);
#1988 = PLANE('',#1989);
#1989 = AXIS2_PLACEMENT_3D('',#1990,#1991,#1992);
#1990 = CARTESIAN_POINT('',(-2.999984384491,-416.0800931083,
    -7.550004807743));
#1991 = DIRECTION('',(2.521416789437E-14,-0.681078502176,-0.732210402735
    ));
#1992 = DIRECTION('',(-8.181382692314E-14,-0.732210402735,0.681078502176
    ));
#1993 = DEFINITIONAL_REPRESENTATION('',(#1994),#1998);
#1994 = LINE('',#1995,#1996);
#1995 = CARTESIAN_POINT('',(0.,0.));
#1996 = VECTOR('',#1997,1.);
#1997 = DIRECTION('',(1.,0.));
#1998 = ( GEOMETRIC_REPRESENTATION_CONTEXT(2) 
PARAMETRIC_REPRESENTATION_CONTEXT() REPRESENTATION_CONTEXT('2D SPACE',''
  ) );
#1999 = ORIENTED_EDGE('',*,*,#2000,.T.);
#2000 = EDGE_CURVE('',#1973,#2001,#2003,.T.);
#2001 = VERTEX_POINT('',#2002);
#2002 = CARTESIAN_POINT('',(-2.999984384491,-417.8740448911,
    -5.860830090627));
#2003 = SURFACE_CURVE('',#2004,(#2008,#2015),.PCURVE_S1.);
#2004 = LINE('',#2005,#2006);
#2005 = CARTESIAN_POINT('',(-2.999984384491,-416.98221373,
    -6.710881299651));
#2006 = VECTOR('',#2007,1.);
#2007 = DIRECTION('',(-8.211492410826E-14,-0.723858914159,0.689948021515
    ));
#2008 = PCURVE('',#44,#2009);
#2009 = DEFINITIONAL_REPRESENTATION('',(#2010),#2014);
#2010 = LINE('',#2011,#2012);
#2011 = CARTESIAN_POINT('',(247.8084881423,-28.84466643459));
#2012 = VECTOR('',#2013,1.);
#2013 = DIRECTION('',(0.723858914159,-0.689948021515));
#2014 = ( GEOMETRIC_REPRESENTATION_CONTEXT(2) 
PARAMETRIC_REPRESENTATION_CONTEXT() REPRESENTATION_CONTEXT('2D SPACE',''
  ) );
#2015 = PCURVE('',#2016,#2021);
#2016 = PLANE('',#2017);
#2017 = AXIS2_PLACEMENT_3D('',#2018,#2019,#2020);
#2018 = CARTESIAN_POINT('',(-2.999984384491,-416.98221373,
    -6.710881299651));
#2019 = DIRECTION('',(2.421561019485E-14,-0.689948021515,-0.723858914159
    ));
#2020 = DIRECTION('',(-8.211492410826E-14,-0.723858914159,0.689948021515
    ));
#2021 = DEFINITIONAL_REPRESENTATION('',(#2022),#2026);
#2022 = LINE('',#2023,#2024);
#2023 = CARTESIAN_POINT('',(0.,0.));
#2024 = VECTOR('',#2025,1.);
#2025 = DIRECTION('',(1.,0.));
#2026 = ( GEOMETRIC_REPRESENTATION_CONTEXT(2) 
PARAMETRIC_REPRESENTATION_CONTEXT() REPRESENTATION_CONTEXT('2D SPACE',''
  ) );
#2027 = ORIENTED_EDGE('',*,*,#2028,.T.);
#2028 = EDGE_CURVE('',#2001,#2029,#2031,.T.);
#2029 = VERTEX_POINT('',#2030);
#2030 = CARTESIAN_POINT('',(-2.999984384491,-418.7554542299,
    -4.999977341648));
#2031 = SURFACE_CURVE('',#2032,(#2036,#2043),.PCURVE_S1.);
#2032 = LINE('',#2033,#2034);
#2033 = CARTESIAN_POINT('',(-2.999984384491,-417.8740448911,
    -5.860830090627));
#2034 = VECTOR('',#2035,1.);
#2035 = DIRECTION('',(-8.240383414657E-14,-0.715399993531,0.698715141711
    ));
#2036 = PCURVE('',#44,#2037);
#2037 = DEFINITIONAL_REPRESENTATION('',(#2038),#2042);
#2038 = LINE('',#2039,#2040);
#2039 = CARTESIAN_POINT('',(248.7003193034,-29.69471764362));
#2040 = VECTOR('',#2041,1.);
#2041 = DIRECTION('',(0.715399993531,-0.698715141711));
#2042 = ( GEOMETRIC_REPRESENTATION_CONTEXT(2) 
PARAMETRIC_REPRESENTATION_CONTEXT() REPRESENTATION_CONTEXT('2D SPACE',''
  ) );
#2043 = PCURVE('',#2044,#2049);
#2044 = PLANE('',#2045);
#2045 = AXIS2_PLACEMENT_3D('',#2046,#2047,#2048);
#2046 = CARTESIAN_POINT('',(-2.999984384491,-417.8740448911,
    -5.860830090627));
#2047 = DIRECTION('',(2.321345851774E-14,-0.698715141711,-0.715399993531
    ));
#2048 = DIRECTION('',(-8.240383414657E-14,-0.715399993531,0.698715141711
    ));
#2049 = DEFINITIONAL_REPRESENTATION('',(#2050),#2054);
#2050 = LINE('',#2051,#2052);
#2051 = CARTESIAN_POINT('',(0.,0.));
#2052 = VECTOR('',#2053,1.);
#2053 = DIRECTION('',(1.,-6.310887241768E-30));
#2054 = ( GEOMETRIC_REPRESENTATION_CONTEXT(2) 
PARAMETRIC_REPRESENTATION_CONTEXT() REPRESENTATION_CONTEXT('2D SPACE',''
  ) );
#2055 = ORIENTED_EDGE('',*,*,#2056,.T.);
#2056 = EDGE_CURVE('',#2029,#2057,#2059,.T.);
#2057 = VERTEX_POINT('',#2058);
#2058 = CARTESIAN_POINT('',(-2.999984384491,-418.7554542296,
    -1.037968020527E-07));
#2059 = SURFACE_CURVE('',#2060,(#2064,#2071),.PCURVE_S1.);
#2060 = LINE('',#2061,#2062);
#2061 = CARTESIAN_POINT('',(-2.999984384491,-418.7554542299,
    -4.999977341648));
#2062 = VECTOR('',#2063,1.);
#2063 = DIRECTION('',(-7.418371472351E-14,7.39944809999E-11,1.));
#2064 = PCURVE('',#44,#2065);
#2065 = DEFINITIONAL_REPRESENTATION('',(#2066),#2070);
#2066 = LINE('',#2067,#2068);
#2067 = CARTESIAN_POINT('',(249.5817286422,-30.5555703926));
#2068 = VECTOR('',#2069,1.);
#2069 = DIRECTION('',(-7.39944809999E-11,-1.));
#2070 = ( GEOMETRIC_REPRESENTATION_CONTEXT(2) 
PARAMETRIC_REPRESENTATION_CONTEXT() REPRESENTATION_CONTEXT('2D SPACE',''
  ) );
#2071 = PCURVE('',#2072,#2077);
#2072 = PLANE('',#2073);
#2073 = AXIS2_PLACEMENT_3D('',#2074,#2075,#2076);
#2074 = CARTESIAN_POINT('',(-2.999984384491,-418.7554542299,
    -4.999977341648));
#2075 = DIRECTION('',(-4.273210746306E-14,-1.,7.39944809999E-11));
#2076 = DIRECTION('',(-7.418371472351E-14,7.39944809999E-11,1.));
#2077 = DEFINITIONAL_REPRESENTATION('',(#2078),#2082);
#2078 = LINE('',#2079,#2080);
#2079 = CARTESIAN_POINT('',(0.,0.));
#2080 = VECTOR('',#2081,1.);
#2081 = DIRECTION('',(1.,0.));
#2082 = ( GEOMETRIC_REPRESENTATION_CONTEXT(2) 
PARAMETRIC_REPRESENTATION_CONTEXT() REPRESENTATION_CONTEXT('2D SPACE',''
  ) );
#2083 = ORIENTED_EDGE('',*,*,#2084,.T.);
#2084 = EDGE_CURVE('',#2057,#2085,#2087,.T.);
#2085 = VERTEX_POINT('',#2086);
#2086 = CARTESIAN_POINT('',(-2.999984384492,-429.0704517017,
    -1.040609698217E-07));
#2087 = SURFACE_CURVE('',#2088,(#2092,#2099),.PCURVE_S1.);
#2088 = LINE('',#2089,#2090);
#2089 = CARTESIAN_POINT('',(-2.999984384491,-418.7554542296,
    -1.037968020527E-07));
#2090 = VECTOR('',#2091,1.);
#2091 = DIRECTION('',(-4.273210745567E-14,-1.,-2.561006628721E-11));
#2092 = PCURVE('',#44,#2093);
#2093 = DEFINITIONAL_REPRESENTATION('',(#2094),#2098);
#2094 = LINE('',#2095,#2096);
#2095 = CARTESIAN_POINT('',(249.5817286419,-35.55554763045));
#2096 = VECTOR('',#2097,1.);
#2097 = DIRECTION('',(1.,2.561006628721E-11));
#2098 = ( GEOMETRIC_REPRESENTATION_CONTEXT(2) 
PARAMETRIC_REPRESENTATION_CONTEXT() REPRESENTATION_CONTEXT('2D SPACE',''
  ) );
#2099 = PCURVE('',#2100,#2105);
#2100 = PLANE('',#2101);
#2101 = AXIS2_PLACEMENT_3D('',#2102,#2103,#2104);
#2102 = CARTESIAN_POINT('',(-2.999984384491,-418.7554542296,
    -1.037968020527E-07));
#2103 = DIRECTION('',(7.418371472776E-14,2.561006628721E-11,-1.));
#2104 = DIRECTION('',(-4.273210745567E-14,-1.,-2.561006628721E-11));
#2105 = DEFINITIONAL_REPRESENTATION('',(#2106),#2110);
#2106 = LINE('',#2107,#2108);
#2107 = CARTESIAN_POINT('',(-0.,0.));
#2108 = VECTOR('',#2109,1.);
#2109 = DIRECTION('',(1.,1.4236577912E-30));
#2110 = ( GEOMETRIC_REPRESENTATION_CONTEXT(2) 
PARAMETRIC_REPRESENTATION_CONTEXT() REPRESENTATION_CONTEXT('2D SPACE',''
  ) );
#2111 = ORIENTED_EDGE('',*,*,#2112,.T.);
#2112 = EDGE_CURVE('',#2085,#2113,#2115,.T.);
#2113 = VERTEX_POINT('',#2114);
#2114 = CARTESIAN_POINT('',(-2.999984384491,-429.0704517014,
    -4.999977134394));
#2115 = SURFACE_CURVE('',#2116,(#2120,#2127),.PCURVE_S1.);
#2116 = LINE('',#2117,#2118);
#2117 = CARTESIAN_POINT('',(-2.999984384492,-429.0704517017,
    -1.040609698217E-07));
#2118 = VECTOR('',#2119,1.);
#2119 = DIRECTION('',(7.418371472923E-14,6.000819893403E-11,-1.));
#2120 = PCURVE('',#44,#2121);
#2121 = DEFINITIONAL_REPRESENTATION('',(#2122),#2126);
#2122 = LINE('',#2123,#2124);
#2123 = CARTESIAN_POINT('',(259.896726114,-35.55554763018));
#2124 = VECTOR('',#2125,1.);
#2125 = DIRECTION('',(-6.000819893403E-11,1.));
#2126 = ( GEOMETRIC_REPRESENTATION_CONTEXT(2) 
PARAMETRIC_REPRESENTATION_CONTEXT() REPRESENTATION_CONTEXT('2D SPACE',''
  ) );
#2127 = PCURVE('',#2128,#2133);
#2128 = PLANE('',#2129);
#2129 = AXIS2_PLACEMENT_3D('',#2130,#2131,#2132);
#2130 = CARTESIAN_POINT('',(-2.999984384492,-429.0704517017,
    -1.040609698217E-07));
#2131 = DIRECTION('',(4.273210745312E-14,1.,6.000819893403E-11));
#2132 = DIRECTION('',(7.418371472923E-14,6.000819893403E-11,-1.));
#2133 = DEFINITIONAL_REPRESENTATION('',(#2134),#2138);
#2134 = LINE('',#2135,#2136);
#2135 = CARTESIAN_POINT('',(0.,0.));
#2136 = VECTOR('',#2137,1.);
#2137 = DIRECTION('',(1.,0.));
#2138 = ( GEOMETRIC_REPRESENTATION_CONTEXT(2) 
PARAMETRIC_REPRESENTATION_CONTEXT() REPRESENTATION_CONTEXT('2D SPACE',''
  ) );
#2139 = ORIENTED_EDGE('',*,*,#2140,.T.);
#2140 = EDGE_CURVE('',#2113,#2141,#2143,.T.);
#2141 = VERTEX_POINT('',#2142);
#2142 = CARTESIAN_POINT('',(-2.999984384491,-428.1112540521,
    -6.071484775267));
#2143 = SURFACE_CURVE('',#2144,(#2148,#2155),.PCURVE_S1.);
#2144 = LINE('',#2145,#2146);
#2145 = CARTESIAN_POINT('',(-2.999984384491,-429.0704517014,
    -4.999977134394));
#2146 = VECTOR('',#2147,1.);
#2147 = DIRECTION('',(8.377393071231E-14,0.666980319636,-0.745075333921)
  );
#2148 = PCURVE('',#44,#2149);
#2149 = DEFINITIONAL_REPRESENTATION('',(#2150),#2154);
#2150 = LINE('',#2151,#2152);
#2151 = CARTESIAN_POINT('',(259.8967261137,-30.55557059985));
#2152 = VECTOR('',#2153,1.);
#2153 = DIRECTION('',(-0.666980319636,0.745075333921));
#2154 = ( GEOMETRIC_REPRESENTATION_CONTEXT(2) 
PARAMETRIC_REPRESENTATION_CONTEXT() REPRESENTATION_CONTEXT('2D SPACE',''
  ) );
#2155 = PCURVE('',#2156,#2161);
#2156 = PLANE('',#2157);
#2157 = AXIS2_PLACEMENT_3D('',#2158,#2159,#2160);
#2158 = CARTESIAN_POINT('',(-2.999984384491,-429.0704517014,
    -4.999977134394));
#2159 = DIRECTION('',(-1.764043852707E-14,0.745075333921,0.666980319636)
  );
#2160 = DIRECTION('',(8.377393071231E-14,0.666980319636,-0.745075333921)
  );
#2161 = DEFINITIONAL_REPRESENTATION('',(#2162),#2166);
#2162 = LINE('',#2163,#2164);
#2163 = CARTESIAN_POINT('',(0.,0.));
#2164 = VECTOR('',#2165,1.);
#2165 = DIRECTION('',(1.,-6.310887241768E-30));
#2166 = ( GEOMETRIC_REPRESENTATION_CONTEXT(2) 
PARAMETRIC_REPRESENTATION_CONTEXT() REPRESENTATION_CONTEXT('2D SPACE',''
  ) );
#2167 = ORIENTED_EDGE('',*,*,#2168,.T.);
#2168 = EDGE_CURVE('',#2141,#2169,#2171,.T.);
#2169 = VERTEX_POINT('',#2170);
#2170 = CARTESIAN_POINT('',(-2.999984384491,-427.1379556647,
    -7.130200508806));
#2171 = SURFACE_CURVE('',#2172,(#2176,#2183),.PCURVE_S1.);
#2172 = LINE('',#2173,#2174);
#2173 = CARTESIAN_POINT('',(-2.999984384491,-428.1112540521,
    -6.071484775267));
#2174 = VECTOR('',#2175,1.);
#2175 = DIRECTION('',(8.35330627763E-14,0.676785300679,-0.736180451238)
  );
#2176 = PCURVE('',#44,#2177);
#2177 = DEFINITIONAL_REPRESENTATION('',(#2178),#2182);
#2178 = LINE('',#2179,#2180);
#2179 = CARTESIAN_POINT('',(258.9375284644,-29.48406295898));
#2180 = VECTOR('',#2181,1.);
#2181 = DIRECTION('',(-0.676785300679,0.736180451238));
#2182 = ( GEOMETRIC_REPRESENTATION_CONTEXT(2) 
PARAMETRIC_REPRESENTATION_CONTEXT() REPRESENTATION_CONTEXT('2D SPACE',''
  ) );
#2183 = PCURVE('',#2184,#2189);
#2184 = PLANE('',#2185);
#2185 = AXIS2_PLACEMENT_3D('',#2186,#2187,#2188);
#2186 = CARTESIAN_POINT('',(-2.999984384491,-428.1112540521,
    -6.071484775267));
#2187 = DIRECTION('',(-1.874790552628E-14,0.736180451238,0.676785300679)
  );
#2188 = DIRECTION('',(8.35330627763E-14,0.676785300679,-0.736180451238)
  );
#2189 = DEFINITIONAL_REPRESENTATION('',(#2190),#2194);
#2190 = LINE('',#2191,#2192);
#2191 = CARTESIAN_POINT('',(0.,0.));
#2192 = VECTOR('',#2193,1.);
#2193 = DIRECTION('',(1.,-6.310887241768E-30));
#2194 = ( GEOMETRIC_REPRESENTATION_CONTEXT(2) 
PARAMETRIC_REPRESENTATION_CONTEXT() REPRESENTATION_CONTEXT('2D SPACE',''
  ) );
#2195 = ORIENTED_EDGE('',*,*,#2196,.T.);
#2196 = EDGE_CURVE('',#2169,#2197,#2199,.T.);
#2197 = VERTEX_POINT('',#2198);
#2198 = CARTESIAN_POINT('',(-2.999984384491,-426.1507271163,
    -8.175938788093));
#2199 = SURFACE_CURVE('',#2200,(#2204,#2211),.PCURVE_S1.);
#2200 = LINE('',#2201,#2202);
#2201 = CARTESIAN_POINT('',(-2.999984384491,-427.1379556647,
    -7.130200508806));
#2202 = VECTOR('',#2203,1.);
#2203 = DIRECTION('',(8.327755512392E-14,0.686471670512,-0.727156548196)
  );
#2204 = PCURVE('',#44,#2205);
#2205 = DEFINITIONAL_REPRESENTATION('',(#2206),#2210);
#2206 = LINE('',#2207,#2208);
#2207 = CARTESIAN_POINT('',(257.964230077,-28.42534722544));
#2208 = VECTOR('',#2209,1.);
#2209 = DIRECTION('',(-0.686471670512,0.727156548196));
#2210 = ( GEOMETRIC_REPRESENTATION_CONTEXT(2) 
PARAMETRIC_REPRESENTATION_CONTEXT() REPRESENTATION_CONTEXT('2D SPACE',''
  ) );
#2211 = PCURVE('',#2212,#2217);
#2212 = PLANE('',#2213);
#2213 = AXIS2_PLACEMENT_3D('',#2214,#2215,#2216);
#2214 = CARTESIAN_POINT('',(-2.999984384491,-427.1379556647,
    -7.130200508806));
#2215 = DIRECTION('',(-1.985208681719E-14,0.727156548196,0.686471670512)
  );
#2216 = DIRECTION('',(8.327755512392E-14,0.686471670512,-0.727156548196)
  );
#2217 = DEFINITIONAL_REPRESENTATION('',(#2218),#2222);
#2218 = LINE('',#2219,#2220);
#2219 = CARTESIAN_POINT('',(0.,0.));
#2220 = VECTOR('',#2221,1.);
#2221 = DIRECTION('',(1.,0.));
#2222 = ( GEOMETRIC_REPRESENTATION_CONTEXT(2) 
PARAMETRIC_REPRESENTATION_CONTEXT() REPRESENTATION_CONTEXT('2D SPACE',''
  ) );
#2223 = ORIENTED_EDGE('',*,*,#2224,.T.);
#2224 = EDGE_CURVE('',#2197,#2225,#2227,.T.);
#2225 = VERTEX_POINT('',#2226);
#2226 = CARTESIAN_POINT('',(-2.999984384491,-425.1497414254,
    -9.208516340604));
#2227 = SURFACE_CURVE('',#2228,(#2232,#2239),.PCURVE_S1.);
#2228 = LINE('',#2229,#2230);
#2229 = CARTESIAN_POINT('',(-2.999984384491,-426.1507271163,
    -8.175938788093));
#2230 = VECTOR('',#2231,1.);
#2231 = DIRECTION('',(8.300745253144E-14,0.696037731663,-0.71800520618)
  );
#2232 = PCURVE('',#44,#2233);
#2233 = DEFINITIONAL_REPRESENTATION('',(#2234),#2238);
#2234 = LINE('',#2235,#2236);
#2235 = CARTESIAN_POINT('',(256.9770015286,-27.37960894615));
#2236 = VECTOR('',#2237,1.);
#2237 = DIRECTION('',(-0.696037731663,0.71800520618));
#2238 = ( GEOMETRIC_REPRESENTATION_CONTEXT(2) 
PARAMETRIC_REPRESENTATION_CONTEXT() REPRESENTATION_CONTEXT('2D SPACE',''
  ) );
#2239 = PCURVE('',#2240,#2245);
#2240 = PLANE('',#2241);
#2241 = AXIS2_PLACEMENT_3D('',#2242,#2243,#2244);
#2242 = CARTESIAN_POINT('',(-2.999984384491,-426.1507271163,
    -8.175938788093));
#2243 = DIRECTION('',(-2.095278889913E-14,0.71800520618,0.696037731663)
  );
#2244 = DIRECTION('',(8.300745253144E-14,0.696037731663,-0.71800520618)
  );
#2245 = DEFINITIONAL_REPRESENTATION('',(#2246),#2250);
#2246 = LINE('',#2247,#2248);
#2247 = CARTESIAN_POINT('',(0.,0.));
#2248 = VECTOR('',#2249,1.);
#2249 = DIRECTION('',(1.,0.));
#2250 = ( GEOMETRIC_REPRESENTATION_CONTEXT(2) 
PARAMETRIC_REPRESENTATION_CONTEXT() REPRESENTATION_CONTEXT('2D SPACE',''
  ) );
#2251 = ORIENTED_EDGE('',*,*,#2252,.T.);
#2252 = EDGE_CURVE('',#2225,#2253,#2255,.T.);
#2253 = VERTEX_POINT('',#2254);
#2254 = CARTESIAN_POINT('',(-2.999984384491,-424.1351740211,
    -10.22775220032));
#2255 = SURFACE_CURVE('',#2256,(#2260,#2267),.PCURVE_S1.);
#2256 = LINE('',#2257,#2258);
#2257 = CARTESIAN_POINT('',(-2.999984384491,-425.1497414254,
    -9.208516340604));
#2258 = VECTOR('',#2259,1.);
#2259 = DIRECTION('',(8.27228023362E-14,0.705481807617,-0.708728029022)
  );
#2260 = PCURVE('',#44,#2261);
#2261 = DEFINITIONAL_REPRESENTATION('',(#2262),#2266);
#2262 = LINE('',#2263,#2264);
#2263 = CARTESIAN_POINT('',(255.9760158377,-26.34703139364));
#2264 = VECTOR('',#2265,1.);
#2265 = DIRECTION('',(-0.705481807617,0.708728029022));
#2266 = ( GEOMETRIC_REPRESENTATION_CONTEXT(2) 
PARAMETRIC_REPRESENTATION_CONTEXT() REPRESENTATION_CONTEXT('2D SPACE',''
  ) );
#2267 = PCURVE('',#2268,#2273);
#2268 = PLANE('',#2269);
#2269 = AXIS2_PLACEMENT_3D('',#2270,#2271,#2272);
#2270 = CARTESIAN_POINT('',(-2.999984384491,-425.1497414254,
    -9.208516340604));
#2271 = DIRECTION('',(-2.204981886681E-14,0.708728029022,0.705481807617)
  );
#2272 = DIRECTION('',(8.27228023362E-14,0.705481807617,-0.708728029022)
  );
#2273 = DEFINITIONAL_REPRESENTATION('',(#2274),#2278);
#2274 = LINE('',#2275,#2276);
#2275 = CARTESIAN_POINT('',(0.,0.));
#2276 = VECTOR('',#2277,1.);
#2277 = DIRECTION('',(1.,0.));
#2278 = ( GEOMETRIC_REPRESENTATION_CONTEXT(2) 
PARAMETRIC_REPRESENTATION_CONTEXT() REPRESENTATION_CONTEXT('2D SPACE',''
  ) );
#2279 = ORIENTED_EDGE('',*,*,#2280,.T.);
#2280 = EDGE_CURVE('',#2253,#2281,#2283,.T.);
#2281 = VERTEX_POINT('',#2282);
#2282 = CARTESIAN_POINT('',(-2.999984384491,-423.1072027133,
    -11.23346773945));
#2283 = SURFACE_CURVE('',#2284,(#2288,#2295),.PCURVE_S1.);
#2284 = LINE('',#2285,#2286);
#2285 = CARTESIAN_POINT('',(-2.999984384491,-424.1351740211,
    -10.22775220032));
#2286 = VECTOR('',#2287,1.);
#2287 = DIRECTION('',(8.242365442499E-14,0.714802243238,-0.699326642608)
  );
#2288 = PCURVE('',#44,#2289);
#2289 = DEFINITIONAL_REPRESENTATION('',(#2290),#2294);
#2290 = LINE('',#2291,#2292);
#2291 = CARTESIAN_POINT('',(254.9614484334,-25.32779553393));
#2292 = VECTOR('',#2293,1.);
#2293 = DIRECTION('',(-0.714802243238,0.699326642608));
#2294 = ( GEOMETRIC_REPRESENTATION_CONTEXT(2) 
PARAMETRIC_REPRESENTATION_CONTEXT() REPRESENTATION_CONTEXT('2D SPACE',''
  ) );
#2295 = PCURVE('',#2296,#2301);
#2296 = PLANE('',#2297);
#2297 = AXIS2_PLACEMENT_3D('',#2298,#2299,#2300);
#2298 = CARTESIAN_POINT('',(-2.999984384491,-424.1351740211,
    -10.22775220032));
#2299 = DIRECTION('',(-2.31429844585E-14,0.699326642608,0.714802243238)
  );
#2300 = DIRECTION('',(8.242365442499E-14,0.714802243238,-0.699326642608)
  );
#2301 = DEFINITIONAL_REPRESENTATION('',(#2302),#2306);
#2302 = LINE('',#2303,#2304);
#2303 = CARTESIAN_POINT('',(0.,0.));
#2304 = VECTOR('',#2305,1.);
#2305 = DIRECTION('',(1.,6.310887241768E-29));
#2306 = ( GEOMETRIC_REPRESENTATION_CONTEXT(2) 
PARAMETRIC_REPRESENTATION_CONTEXT() REPRESENTATION_CONTEXT('2D SPACE',''
  ) );
#2307 = ORIENTED_EDGE('',*,*,#2308,.T.);
#2308 = EDGE_CURVE('',#2281,#2309,#2311,.T.);
#2309 = VERTEX_POINT('',#2310);
#2310 = CARTESIAN_POINT('',(-2.999984384491,-422.0660076605,
    -12.22548669971));
#2311 = SURFACE_CURVE('',#2312,(#2316,#2323),.PCURVE_S1.);
#2312 = LINE('',#2313,#2314);
#2313 = CARTESIAN_POINT('',(-2.999984384491,-423.1072027133,
    -11.23346773945));
#2314 = VECTOR('',#2315,1.);
#2315 = DIRECTION('',(8.211006122542E-14,0.723997405058,-0.689802694594)
  );
#2316 = PCURVE('',#44,#2317);
#2317 = DEFINITIONAL_REPRESENTATION('',(#2318),#2322);
#2318 = LINE('',#2319,#2320);
#2319 = CARTESIAN_POINT('',(253.9334771256,-24.3220799948));
#2320 = VECTOR('',#2321,1.);
#2321 = DIRECTION('',(-0.723997405058,0.689802694594));
#2322 = ( GEOMETRIC_REPRESENTATION_CONTEXT(2) 
PARAMETRIC_REPRESENTATION_CONTEXT() REPRESENTATION_CONTEXT('2D SPACE',''
  ) );
#2323 = PCURVE('',#2324,#2329);
#2324 = PLANE('',#2325);
#2325 = AXIS2_PLACEMENT_3D('',#2326,#2327,#2328);
#2326 = CARTESIAN_POINT('',(-2.999984384491,-423.1072027133,
    -11.23346773945));
#2327 = DIRECTION('',(-2.423209408971E-14,0.689802694594,0.723997405058)
  );
#2328 = DIRECTION('',(8.211006122542E-14,0.723997405058,-0.689802694594)
  );
#2329 = DEFINITIONAL_REPRESENTATION('',(#2330),#2334);
#2330 = LINE('',#2331,#2332);
#2331 = CARTESIAN_POINT('',(0.,0.));
#2332 = VECTOR('',#2333,1.);
#2333 = DIRECTION('',(1.,0.));
#2334 = ( GEOMETRIC_REPRESENTATION_CONTEXT(2) 
PARAMETRIC_REPRESENTATION_CONTEXT() REPRESENTATION_CONTEXT('2D SPACE',''
  ) );
#2335 = ORIENTED_EDGE('',*,*,#2336,.T.);
#2336 = EDGE_CURVE('',#2309,#2337,#2339,.T.);
#2337 = VERTEX_POINT('',#2338);
#2338 = CARTESIAN_POINT('',(-2.99998438449,-421.0117713391,
    -13.20363522326));
#2339 = SURFACE_CURVE('',#2340,(#2344,#2351),.PCURVE_S1.);
#2340 = LINE('',#2341,#2342);
#2341 = CARTESIAN_POINT('',(-2.999984384491,-422.0660076605,
    -12.22548669971));
#2342 = VECTOR('',#2343,1.);
#2343 = DIRECTION('',(8.17820776968E-14,0.733065681563,-0.680157854115)
  );
#2344 = PCURVE('',#44,#2345);
#2345 = DEFINITIONAL_REPRESENTATION('',(#2346),#2350);
#2346 = LINE('',#2347,#2348);
#2347 = CARTESIAN_POINT('',(252.8922820728,-23.33006103454));
#2348 = VECTOR('',#2349,1.);
#2349 = DIRECTION('',(-0.733065681563,0.680157854115));
#2350 = ( GEOMETRIC_REPRESENTATION_CONTEXT(2) 
PARAMETRIC_REPRESENTATION_CONTEXT() REPRESENTATION_CONTEXT('2D SPACE',''
  ) );
#2351 = PCURVE('',#2352,#2357);
#2352 = PLANE('',#2353);
#2353 = AXIS2_PLACEMENT_3D('',#2354,#2355,#2356);
#2354 = CARTESIAN_POINT('',(-2.999984384491,-422.0660076605,
    -12.22548669971));
#2355 = DIRECTION('',(-2.531695688684E-14,0.680157854115,0.733065681563)
  );
#2356 = DIRECTION('',(8.17820776968E-14,0.733065681563,-0.680157854115)
  );
#2357 = DEFINITIONAL_REPRESENTATION('',(#2358),#2362);
#2358 = LINE('',#2359,#2360);
#2359 = CARTESIAN_POINT('',(0.,0.));
#2360 = VECTOR('',#2361,1.);
#2361 = DIRECTION('',(1.,0.));
#2362 = ( GEOMETRIC_REPRESENTATION_CONTEXT(2) 
PARAMETRIC_REPRESENTATION_CONTEXT() REPRESENTATION_CONTEXT('2D SPACE',''
  ) );
#2363 = ORIENTED_EDGE('',*,*,#2364,.T.);
#2364 = EDGE_CURVE('',#2337,#2365,#2367,.T.);
#2365 = VERTEX_POINT('',#2366);
#2366 = CARTESIAN_POINT('',(-2.99998438449,-419.944678511,
    -14.16774188311));
#2367 = SURFACE_CURVE('',#2368,(#2372,#2379),.PCURVE_S1.);
#2368 = LINE('',#2369,#2370);
#2369 = CARTESIAN_POINT('',(-2.99998438449,-421.0117713391,
    -13.20363522326));
#2370 = VECTOR('',#2371,1.);
#2371 = DIRECTION('',(8.143976132039E-14,0.742005483479,-0.670393811492)
  );
#2372 = PCURVE('',#44,#2373);
#2373 = DEFINITIONAL_REPRESENTATION('',(#2374),#2378);
#2374 = LINE('',#2375,#2376);
#2375 = CARTESIAN_POINT('',(251.8380457514,-22.35191251099));
#2376 = VECTOR('',#2377,1.);
#2377 = DIRECTION('',(-0.742005483479,0.670393811492));
#2378 = ( GEOMETRIC_REPRESENTATION_CONTEXT(2) 
PARAMETRIC_REPRESENTATION_CONTEXT() REPRESENTATION_CONTEXT('2D SPACE',''
  ) );
#2379 = PCURVE('',#2380,#2385);
#2380 = PLANE('',#2381);
#2381 = AXIS2_PLACEMENT_3D('',#2382,#2383,#2384);
#2382 = CARTESIAN_POINT('',(-2.99998438449,-421.0117713391,
    -13.20363522326));
#2383 = DIRECTION('',(-2.639738272051E-14,0.670393811492,0.742005483479)
  );
#2384 = DIRECTION('',(8.143976132039E-14,0.742005483479,-0.670393811492)
  );
#2385 = DEFINITIONAL_REPRESENTATION('',(#2386),#2390);
#2386 = LINE('',#2387,#2388);
#2387 = CARTESIAN_POINT('',(0.,0.));
#2388 = VECTOR('',#2389,1.);
#2389 = DIRECTION('',(1.,0.));
#2390 = ( GEOMETRIC_REPRESENTATION_CONTEXT(2) 
PARAMETRIC_REPRESENTATION_CONTEXT() REPRESENTATION_CONTEXT('2D SPACE',''
  ) );
#2391 = ORIENTED_EDGE('',*,*,#2392,.T.);
#2392 = EDGE_CURVE('',#2365,#2393,#2395,.T.);
#2393 = VERTEX_POINT('',#2394);
#2394 = CARTESIAN_POINT('',(-2.99998438449,-418.8649161911,
    -15.11763771324));
#2395 = SURFACE_CURVE('',#2396,(#2400,#2407),.PCURVE_S1.);
#2396 = LINE('',#2397,#2398);
#2397 = CARTESIAN_POINT('',(-2.99998438449,-419.944678511,
    -14.16774188311));
#2398 = VECTOR('',#2399,1.);
#2399 = DIRECTION('',(8.108317208936E-14,0.750815244048,-0.660512277937)
  );
#2400 = PCURVE('',#44,#2401);
#2401 = DEFINITIONAL_REPRESENTATION('',(#2402),#2406);
#2402 = LINE('',#2403,#2404);
#2403 = CARTESIAN_POINT('',(250.7709529233,-21.38780585114));
#2404 = VECTOR('',#2405,1.);
#2405 = DIRECTION('',(-0.750815244048,0.660512277937));
#2406 = ( GEOMETRIC_REPRESENTATION_CONTEXT(2) 
PARAMETRIC_REPRESENTATION_CONTEXT() REPRESENTATION_CONTEXT('2D SPACE',''
  ) );
#2407 = PCURVE('',#2408,#2413);
#2408 = PLANE('',#2409);
#2409 = AXIS2_PLACEMENT_3D('',#2410,#2411,#2412);
#2410 = CARTESIAN_POINT('',(-2.99998438449,-419.944678511,
    -14.16774188311));
#2411 = DIRECTION('',(-2.747318223899E-14,0.660512277937,0.750815244048)
  );
#2412 = DIRECTION('',(8.108317208936E-14,0.750815244048,-0.660512277937)
  );
#2413 = DEFINITIONAL_REPRESENTATION('',(#2414),#2418);
#2414 = LINE('',#2415,#2416);
#2415 = CARTESIAN_POINT('',(0.,0.));
#2416 = VECTOR('',#2417,1.);
#2417 = DIRECTION('',(1.,0.));
#2418 = ( GEOMETRIC_REPRESENTATION_CONTEXT(2) 
PARAMETRIC_REPRESENTATION_CONTEXT() REPRESENTATION_CONTEXT('2D SPACE',''
  ) );
#2419 = ORIENTED_EDGE('',*,*,#2420,.T.);
#2420 = EDGE_CURVE('',#2393,#2421,#2423,.T.);
#2421 = VERTEX_POINT('',#2422);
#2422 = CARTESIAN_POINT('',(-2.99998438449,-417.772673615,
    -16.05315623812));
#2423 = SURFACE_CURVE('',#2424,(#2428,#2435),.PCURVE_S1.);
#2424 = LINE('',#2425,#2426);
#2425 = CARTESIAN_POINT('',(-2.99998438449,-418.8649161911,
    -15.11763771324));
#2426 = VECTOR('',#2427,1.);
#2427 = DIRECTION('',(8.071237249837E-14,0.759493419299,-0.650514985256)
  );
#2428 = PCURVE('',#44,#2429);
#2429 = DEFINITIONAL_REPRESENTATION('',(#2430),#2434);
#2430 = LINE('',#2431,#2432);
#2431 = CARTESIAN_POINT('',(249.6911906034,-20.43791002101));
#2432 = VECTOR('',#2433,1.);
#2433 = DIRECTION('',(-0.759493419299,0.650514985256));
#2434 = ( GEOMETRIC_REPRESENTATION_CONTEXT(2) 
PARAMETRIC_REPRESENTATION_CONTEXT() REPRESENTATION_CONTEXT('2D SPACE',''
  ) );
#2435 = PCURVE('',#2436,#2441);
#2436 = PLANE('',#2437);
#2437 = AXIS2_PLACEMENT_3D('',#2438,#2439,#2440);
#2438 = CARTESIAN_POINT('',(-2.99998438449,-418.8649161911,
    -15.11763771324));
#2439 = DIRECTION('',(-2.854416690132E-14,0.650514985256,0.759493419299)
  );
#2440 = DIRECTION('',(8.071237249837E-14,0.759493419299,-0.650514985256)
  );
#2441 = DEFINITIONAL_REPRESENTATION('',(#2442),#2446);
#2442 = LINE('',#2443,#2444);
#2443 = CARTESIAN_POINT('',(0.,0.));
#2444 = VECTOR('',#2445,1.);
#2445 = DIRECTION('',(1.,-6.310887241768E-30));
#2446 = ( GEOMETRIC_REPRESENTATION_CONTEXT(2) 
PARAMETRIC_REPRESENTATION_CONTEXT() REPRESENTATION_CONTEXT('2D SPACE',''
  ) );
#2447 = ORIENTED_EDGE('',*,*,#2448,.T.);
#2448 = EDGE_CURVE('',#2421,#2449,#2451,.T.);
#2449 = VERTEX_POINT('',#2450);
#2450 = CARTESIAN_POINT('',(-2.99998438449,-416.6681422054,
    -16.97413350199));
#2451 = SURFACE_CURVE('',#2452,(#2456,#2463),.PCURVE_S1.);
#2452 = LINE('',#2453,#2454);
#2453 = CARTESIAN_POINT('',(-2.99998438449,-417.772673615,
    -16.05315623812));
#2454 = VECTOR('',#2455,1.);
#2455 = DIRECTION('',(8.03274275325E-14,0.768038488326,-0.640403685538)
  );
#2456 = PCURVE('',#44,#2457);
#2457 = DEFINITIONAL_REPRESENTATION('',(#2458),#2462);
#2458 = LINE('',#2459,#2460);
#2459 = CARTESIAN_POINT('',(248.5989480273,-19.50239149613));
#2460 = VECTOR('',#2461,1.);
#2461 = DIRECTION('',(-0.768038488326,0.640403685538));
#2462 = ( GEOMETRIC_REPRESENTATION_CONTEXT(2) 
PARAMETRIC_REPRESENTATION_CONTEXT() REPRESENTATION_CONTEXT('2D SPACE',''
  ) );
#2463 = PCURVE('',#2464,#2469);
#2464 = PLANE('',#2465);
#2465 = AXIS2_PLACEMENT_3D('',#2466,#2467,#2468);
#2466 = CARTESIAN_POINT('',(-2.99998438449,-417.772673615,
    -16.05315623812));
#2467 = DIRECTION('',(-2.961014901041E-14,0.640403685538,0.768038488326)
  );
#2468 = DIRECTION('',(8.03274275325E-14,0.768038488326,-0.640403685538)
  );
#2469 = DEFINITIONAL_REPRESENTATION('',(#2470),#2474);
#2470 = LINE('',#2471,#2472);
#2471 = CARTESIAN_POINT('',(0.,0.));
#2472 = VECTOR('',#2473,1.);
#2473 = DIRECTION('',(1.,0.));
#2474 = ( GEOMETRIC_REPRESENTATION_CONTEXT(2) 
PARAMETRIC_REPRESENTATION_CONTEXT() REPRESENTATION_CONTEXT('2D SPACE',''
  ) );
#2475 = ORIENTED_EDGE('',*,*,#2476,.T.);
#2476 = EDGE_CURVE('',#2449,#2477,#2479,.T.);
#2477 = VERTEX_POINT('',#2478);
#2478 = CARTESIAN_POINT('',(-2.99998438449,-415.5515155386,
    -17.88040809751));
#2479 = SURFACE_CURVE('',#2480,(#2484,#2491),.PCURVE_S1.);
#2480 = LINE('',#2481,#2482);
#2481 = CARTESIAN_POINT('',(-2.99998438449,-416.6681422054,
    -16.97413350199));
#2482 = VECTOR('',#2483,1.);
#2483 = DIRECTION('',(7.992840465588E-14,0.776448953549,-0.630180150856)
  );
#2484 = PCURVE('',#44,#2485);
#2485 = DEFINITIONAL_REPRESENTATION('',(#2486),#2490);
#2486 = LINE('',#2487,#2488);
#2487 = CARTESIAN_POINT('',(247.4944166177,-18.58141423226));
#2488 = VECTOR('',#2489,1.);
#2489 = DIRECTION('',(-0.776448953549,0.630180150856));
#2490 = ( GEOMETRIC_REPRESENTATION_CONTEXT(2) 
PARAMETRIC_REPRESENTATION_CONTEXT() REPRESENTATION_CONTEXT('2D SPACE',''
  ) );
#2491 = PCURVE('',#2492,#2497);
#2492 = PLANE('',#2493);
#2493 = AXIS2_PLACEMENT_3D('',#2494,#2495,#2496);
#2494 = CARTESIAN_POINT('',(-2.99998438449,-416.6681422054,
    -16.97413350199));
#2495 = DIRECTION('',(-3.067094174585E-14,0.630180150856,0.776448953549)
  );
#2496 = DIRECTION('',(7.992840465588E-14,0.776448953549,-0.630180150856)
  );
#2497 = DEFINITIONAL_REPRESENTATION('',(#2498),#2502);
#2498 = LINE('',#2499,#2500);
#2499 = CARTESIAN_POINT('',(0.,0.));
#2500 = VECTOR('',#2501,1.);
#2501 = DIRECTION('',(1.,-1.89326617253E-29));
#2502 = ( GEOMETRIC_REPRESENTATION_CONTEXT(2) 
PARAMETRIC_REPRESENTATION_CONTEXT() REPRESENTATION_CONTEXT('2D SPACE',''
  ) );
#2503 = ORIENTED_EDGE('',*,*,#2504,.T.);
#2504 = EDGE_CURVE('',#2477,#2505,#2507,.T.);
#2505 = VERTEX_POINT('',#2506);
#2506 = CARTESIAN_POINT('',(-2.99998438449,-414.4229893109,
    -18.77182119409));
#2507 = SURFACE_CURVE('',#2508,(#2512,#2519),.PCURVE_S1.);
#2508 = LINE('',#2509,#2510);
#2509 = CARTESIAN_POINT('',(-2.99998438449,-415.5515155386,
    -17.88040809751));
#2510 = VECTOR('',#2511,1.);
#2511 = DIRECTION('',(7.951537379991E-14,0.784723340978,-0.619846172952)
  );
#2512 = PCURVE('',#44,#2513);
#2513 = DEFINITIONAL_REPRESENTATION('',(#2514),#2518);
#2514 = LINE('',#2515,#2516);
#2515 = CARTESIAN_POINT('',(246.3777899509,-17.67513963674));
#2516 = VECTOR('',#2517,1.);
#2517 = DIRECTION('',(-0.784723340978,0.619846172952));
#2518 = ( GEOMETRIC_REPRESENTATION_CONTEXT(2) 
PARAMETRIC_REPRESENTATION_CONTEXT() REPRESENTATION_CONTEXT('2D SPACE',''
  ) );
#2519 = PCURVE('',#2520,#2525);
#2520 = PLANE('',#2521);
#2521 = AXIS2_PLACEMENT_3D('',#2522,#2523,#2524);
#2522 = CARTESIAN_POINT('',(-2.99998438449,-415.5515155386,
    -17.88040809751));
#2523 = DIRECTION('',(-3.172635919675E-14,0.619846172952,0.784723340978)
  );
#2524 = DIRECTION('',(7.951537379991E-14,0.784723340978,-0.619846172952)
  );
#2525 = DEFINITIONAL_REPRESENTATION('',(#2526),#2530);
#2526 = LINE('',#2527,#2528);
#2527 = CARTESIAN_POINT('',(0.,0.));
#2528 = VECTOR('',#2529,1.);
#2529 = DIRECTION('',(1.,6.310887241768E-30));
#2530 = ( GEOMETRIC_REPRESENTATION_CONTEXT(2) 
PARAMETRIC_REPRESENTATION_CONTEXT() REPRESENTATION_CONTEXT('2D SPACE',''
  ) );
#2531 = ORIENTED_EDGE('',*,*,#2532,.T.);
#2532 = EDGE_CURVE('',#2505,#2533,#2535,.T.);
#2533 = VERTEX_POINT('',#2534);
#2534 = CARTESIAN_POINT('',(-2.99998438449,-413.2827613038,
    -19.64821656571));
#2535 = SURFACE_CURVE('',#2536,(#2540,#2547),.PCURVE_S1.);
#2536 = LINE('',#2537,#2538);
#2537 = CARTESIAN_POINT('',(-2.99998438449,-414.4229893109,
    -18.77182119409));
#2538 = VECTOR('',#2539,1.);
#2539 = DIRECTION('',(7.908840735085E-14,0.792860200474,-0.609403562924)
  );
#2540 = PCURVE('',#44,#2541);
#2541 = DEFINITIONAL_REPRESENTATION('',(#2542),#2546);
#2542 = LINE('',#2543,#2544);
#2543 = CARTESIAN_POINT('',(245.2492637232,-16.78372654016));
#2544 = VECTOR('',#2545,1.);
#2545 = DIRECTION('',(-0.792860200474,0.609403562924));
#2546 = ( GEOMETRIC_REPRESENTATION_CONTEXT(2) 
PARAMETRIC_REPRESENTATION_CONTEXT() REPRESENTATION_CONTEXT('2D SPACE',''
  ) );
#2547 = PCURVE('',#2548,#2553);
#2548 = PLANE('',#2549);
#2549 = AXIS2_PLACEMENT_3D('',#2550,#2551,#2552);
#2550 = CARTESIAN_POINT('',(-2.99998438449,-414.4229893109,
    -18.77182119409));
#2551 = DIRECTION('',(-3.277621639418E-14,0.609403562924,0.792860200474)
  );
#2552 = DIRECTION('',(7.908840735085E-14,0.792860200474,-0.609403562924)
  );
#2553 = DEFINITIONAL_REPRESENTATION('',(#2554),#2558);
#2554 = LINE('',#2555,#2556);
#2555 = CARTESIAN_POINT('',(0.,0.));
#2556 = VECTOR('',#2557,1.);
#2557 = DIRECTION('',(1.,1.262177448354E-29));
#2558 = ( GEOMETRIC_REPRESENTATION_CONTEXT(2) 
PARAMETRIC_REPRESENTATION_CONTEXT() REPRESENTATION_CONTEXT('2D SPACE',''
  ) );
#2559 = ORIENTED_EDGE('',*,*,#2560,.T.);
#2560 = EDGE_CURVE('',#2533,#2561,#2563,.T.);
#2561 = VERTEX_POINT('',#2562);
#2562 = CARTESIAN_POINT('',(-2.99998438449,-412.13103135,-20.50944061832
    ));
#2563 = SURFACE_CURVE('',#2564,(#2568,#2575),.PCURVE_S1.);
#2564 = LINE('',#2565,#2566);
#2565 = CARTESIAN_POINT('',(-2.99998438449,-413.2827613038,
    -19.64821656571));
#2566 = VECTOR('',#2567,1.);
#2567 = DIRECTION('',(7.864758013754E-14,0.800858105997,-0.598854150907)
  );
#2568 = PCURVE('',#44,#2569);
#2569 = DEFINITIONAL_REPRESENTATION('',(#2570),#2574);
#2570 = LINE('',#2571,#2572);
#2571 = CARTESIAN_POINT('',(244.1090357161,-15.90733116854));
#2572 = VECTOR('',#2573,1.);
#2573 = DIRECTION('',(-0.800858105997,0.598854150907));
#2574 = ( GEOMETRIC_REPRESENTATION_CONTEXT(2) 
PARAMETRIC_REPRESENTATION_CONTEXT() REPRESENTATION_CONTEXT('2D SPACE',''
  ) );
#2575 = PCURVE('',#2576,#2581);
#2576 = PLANE('',#2577);
#2577 = AXIS2_PLACEMENT_3D('',#2578,#2579,#2580);
#2578 = CARTESIAN_POINT('',(-2.99998438449,-413.2827613038,
    -19.64821656571));
#2579 = DIRECTION('',(-3.382032934384E-14,0.598854150907,0.800858105997)
  );
#2580 = DIRECTION('',(7.864758013754E-14,0.800858105997,-0.598854150907)
  );
#2581 = DEFINITIONAL_REPRESENTATION('',(#2582),#2586);
#2582 = LINE('',#2583,#2584);
#2583 = CARTESIAN_POINT('',(0.,0.));
#2584 = VECTOR('',#2585,1.);
#2585 = DIRECTION('',(1.,6.310887241768E-30));
#2586 = ( GEOMETRIC_REPRESENTATION_CONTEXT(2) 
PARAMETRIC_REPRESENTATION_CONTEXT() REPRESENTATION_CONTEXT('2D SPACE',''
  ) );
#2587 = ORIENTED_EDGE('',*,*,#2588,.T.);
#2588 = EDGE_CURVE('',#2561,#2589,#2591,.T.);
#2589 = VERTEX_POINT('',#2590);
#2590 = CARTESIAN_POINT('',(-2.999984384489,-410.9680012975,
    -21.35534241671));
#2591 = SURFACE_CURVE('',#2592,(#2596,#2603),.PCURVE_S1.);
#2592 = LINE('',#2593,#2594);
#2593 = CARTESIAN_POINT('',(-2.99998438449,-412.13103135,-20.50944061832
    ));
#2594 = VECTOR('',#2595,1.);
#2595 = DIRECTION('',(7.819296941776E-14,0.808715655862,-0.588199785756)
  );
#2596 = PCURVE('',#44,#2597);
#2597 = DEFINITIONAL_REPRESENTATION('',(#2598),#2602);
#2598 = LINE('',#2599,#2600);
#2599 = CARTESIAN_POINT('',(242.9573057623,-15.04610711593));
#2600 = VECTOR('',#2601,1.);
#2601 = DIRECTION('',(-0.808715655862,0.588199785756));
#2602 = ( GEOMETRIC_REPRESENTATION_CONTEXT(2) 
PARAMETRIC_REPRESENTATION_CONTEXT() REPRESENTATION_CONTEXT('2D SPACE',''
  ) );
#2603 = PCURVE('',#2604,#2609);
#2604 = PLANE('',#2605);
#2605 = AXIS2_PLACEMENT_3D('',#2606,#2607,#2608);
#2606 = CARTESIAN_POINT('',(-2.99998438449,-412.13103135,-20.50944061832
    ));
#2607 = DIRECTION('',(-3.4858515058E-14,0.588199785756,0.808715655862));
#2608 = DIRECTION('',(7.819296941776E-14,0.808715655862,-0.588199785756)
  );
#2609 = DEFINITIONAL_REPRESENTATION('',(#2610),#2614);
#2610 = LINE('',#2611,#2612);
#2611 = CARTESIAN_POINT('',(0.,0.));
#2612 = VECTOR('',#2613,1.);
#2613 = DIRECTION('',(1.,-1.262177448354E-29));
#2614 = ( GEOMETRIC_REPRESENTATION_CONTEXT(2) 
PARAMETRIC_REPRESENTATION_CONTEXT() REPRESENTATION_CONTEXT('2D SPACE',''
  ) );
#2615 = ORIENTED_EDGE('',*,*,#2616,.T.);
#2616 = EDGE_CURVE('',#2589,#2617,#2619,.T.);
#2617 = VERTEX_POINT('',#2618);
#2618 = CARTESIAN_POINT('',(-2.999984384489,-409.7938749752,
    -22.18577371104));
#2619 = SURFACE_CURVE('',#2620,(#2624,#2631),.PCURVE_S1.);
#2620 = LINE('',#2621,#2622);
#2621 = CARTESIAN_POINT('',(-2.999984384489,-410.9680012975,
    -21.35534241671));
#2622 = VECTOR('',#2623,1.);
#2623 = DIRECTION('',(7.7724654865E-14,0.816431472981,-0.577442334719));
#2624 = PCURVE('',#44,#2625);
#2625 = DEFINITIONAL_REPRESENTATION('',(#2626),#2630);
#2626 = LINE('',#2627,#2628);
#2627 = CARTESIAN_POINT('',(241.7942757098,-14.20020531754));
#2628 = VECTOR('',#2629,1.);
#2629 = DIRECTION('',(-0.816431472981,0.577442334719));
#2630 = ( GEOMETRIC_REPRESENTATION_CONTEXT(2) 
PARAMETRIC_REPRESENTATION_CONTEXT() REPRESENTATION_CONTEXT('2D SPACE',''
  ) );
#2631 = PCURVE('',#2632,#2637);
#2632 = PLANE('',#2633);
#2633 = AXIS2_PLACEMENT_3D('',#2634,#2635,#2636);
#2634 = CARTESIAN_POINT('',(-2.999984384489,-410.9680012975,
    -21.35534241671));
#2635 = DIRECTION('',(-3.589059158777E-14,0.577442334719,0.816431472981)
  );
#2636 = DIRECTION('',(7.7724654865E-14,0.816431472981,-0.577442334719));
#2637 = DEFINITIONAL_REPRESENTATION('',(#2638),#2642);
#2638 = LINE('',#2639,#2640);
#2639 = CARTESIAN_POINT('',(0.,0.));
#2640 = VECTOR('',#2641,1.);
#2641 = DIRECTION('',(1.,1.262177448354E-29));
#2642 = ( GEOMETRIC_REPRESENTATION_CONTEXT(2) 
PARAMETRIC_REPRESENTATION_CONTEXT() REPRESENTATION_CONTEXT('2D SPACE',''
  ) );
#2643 = ORIENTED_EDGE('',*,*,#2644,.T.);
#2644 = EDGE_CURVE('',#2617,#2645,#2647,.T.);
#2645 = VERTEX_POINT('',#2646);
#2646 = CARTESIAN_POINT('',(-2.999984384489,-408.6088581563,
    -23.00058896274));
#2647 = SURFACE_CURVE('',#2648,(#2652,#2659),.PCURVE_S1.);
#2648 = LINE('',#2649,#2650);
#2649 = CARTESIAN_POINT('',(-2.999984384489,-409.7938749752,
    -22.18577371104));
#2650 = VECTOR('',#2651,1.);
#2651 = DIRECTION('',(7.724271855465E-14,0.824004205108,-0.566583683108)
  );
#2652 = PCURVE('',#44,#2653);
#2653 = DEFINITIONAL_REPRESENTATION('',(#2654),#2658);
#2654 = LINE('',#2655,#2656);
#2655 = CARTESIAN_POINT('',(240.6201493875,-13.36977402321));
#2656 = VECTOR('',#2657,1.);
#2657 = DIRECTION('',(-0.824004205108,0.566583683108));
#2658 = ( GEOMETRIC_REPRESENTATION_CONTEXT(2) 
PARAMETRIC_REPRESENTATION_CONTEXT() REPRESENTATION_CONTEXT('2D SPACE',''
  ) );
#2659 = PCURVE('',#2660,#2665);
#2660 = PLANE('',#2661);
#2661 = AXIS2_PLACEMENT_3D('',#2662,#2663,#2664);
#2662 = CARTESIAN_POINT('',(-2.999984384489,-409.7938749752,
    -22.18577371104));
#2663 = DIRECTION('',(-3.691637805502E-14,0.566583683108,0.824004205108)
  );
#2664 = DIRECTION('',(7.724271855465E-14,0.824004205108,-0.566583683108)
  );
#2665 = DEFINITIONAL_REPRESENTATION('',(#2666),#2670);
#2666 = LINE('',#2667,#2668);
#2667 = CARTESIAN_POINT('',(0.,0.));
#2668 = VECTOR('',#2669,1.);
#2669 = DIRECTION('',(1.,-6.310887241768E-30));
#2670 = ( GEOMETRIC_REPRESENTATION_CONTEXT(2) 
PARAMETRIC_REPRESENTATION_CONTEXT() REPRESENTATION_CONTEXT('2D SPACE',''
  ) );
#2671 = ORIENTED_EDGE('',*,*,#2672,.T.);
#2672 = EDGE_CURVE('',#2645,#2673,#2675,.T.);
#2673 = VERTEX_POINT('',#2674);
#2674 = CARTESIAN_POINT('',(-2.999984384489,-407.4131585229,
    -23.79964537008));
#2675 = SURFACE_CURVE('',#2676,(#2680,#2687),.PCURVE_S1.);
#2676 = LINE('',#2677,#2678);
#2677 = CARTESIAN_POINT('',(-2.999984384489,-408.6088581563,
    -23.00058896274));
#2678 = VECTOR('',#2679,1.);
#2679 = DIRECTION('',(7.674724494906E-14,0.83143252507,-0.555625733975)
  );
#2680 = PCURVE('',#44,#2681);
#2681 = DEFINITIONAL_REPRESENTATION('',(#2682),#2686);
#2682 = LINE('',#2683,#2684);
#2683 = CARTESIAN_POINT('',(239.4351325686,-12.55495877151));
#2684 = VECTOR('',#2685,1.);
#2685 = DIRECTION('',(-0.83143252507,0.555625733975));
#2686 = ( GEOMETRIC_REPRESENTATION_CONTEXT(2) 
PARAMETRIC_REPRESENTATION_CONTEXT() REPRESENTATION_CONTEXT('2D SPACE',''
  ) );
#2687 = PCURVE('',#2688,#2693);
#2688 = PLANE('',#2689);
#2689 = AXIS2_PLACEMENT_3D('',#2690,#2691,#2692);
#2690 = CARTESIAN_POINT('',(-2.999984384489,-408.6088581563,
    -23.00058896274));
#2691 = DIRECTION('',(-3.793569468385E-14,0.555625733975,0.83143252507)
  );
#2692 = DIRECTION('',(7.674724494906E-14,0.83143252507,-0.555625733975)
  );
#2693 = DEFINITIONAL_REPRESENTATION('',(#2694),#2698);
#2694 = LINE('',#2695,#2696);
#2695 = CARTESIAN_POINT('',(0.,0.));
#2696 = VECTOR('',#2697,1.);
#2697 = DIRECTION('',(1.,-6.310887241768E-30));
#2698 = ( GEOMETRIC_REPRESENTATION_CONTEXT(2) 
PARAMETRIC_REPRESENTATION_CONTEXT() REPRESENTATION_CONTEXT('2D SPACE',''
  ) );
#2699 = ORIENTED_EDGE('',*,*,#2700,.T.);
#2700 = EDGE_CURVE('',#2673,#2701,#2703,.T.);
#2701 = VERTEX_POINT('',#2702);
#2702 = CARTESIAN_POINT('',(-2.999984384489,-406.2069856292,
    -24.58280289315));
#2703 = SURFACE_CURVE('',#2704,(#2708,#2715),.PCURVE_S1.);
#2704 = LINE('',#2705,#2706);
#2705 = CARTESIAN_POINT('',(-2.999984384489,-407.4131585229,
    -23.79964537008));
#2706 = VECTOR('',#2707,1.);
#2707 = DIRECTION('',(7.623832088323E-14,0.838715131006,-0.544570407773)
  );
#2708 = PCURVE('',#44,#2709);
#2709 = DEFINITIONAL_REPRESENTATION('',(#2710),#2714);
#2710 = LINE('',#2711,#2712);
#2711 = CARTESIAN_POINT('',(238.2394329352,-11.75590236417));
#2712 = VECTOR('',#2713,1.);
#2713 = DIRECTION('',(-0.838715131006,0.544570407773));
#2714 = ( GEOMETRIC_REPRESENTATION_CONTEXT(2) 
PARAMETRIC_REPRESENTATION_CONTEXT() REPRESENTATION_CONTEXT('2D SPACE',''
  ) );
#2715 = PCURVE('',#2716,#2721);
#2716 = PLANE('',#2717);
#2717 = AXIS2_PLACEMENT_3D('',#2718,#2719,#2720);
#2718 = CARTESIAN_POINT('',(-2.999984384489,-407.4131585229,
    -23.79964537008));
#2719 = DIRECTION('',(-3.894836283228E-14,0.544570407773,0.838715131006)
  );
#2720 = DIRECTION('',(7.623832088323E-14,0.838715131006,-0.544570407773)
  );
#2721 = DEFINITIONAL_REPRESENTATION('',(#2722),#2726);
#2722 = LINE('',#2723,#2724);
#2723 = CARTESIAN_POINT('',(0.,0.));
#2724 = VECTOR('',#2725,1.);
#2725 = DIRECTION('',(1.,-1.262177448354E-29));
#2726 = ( GEOMETRIC_REPRESENTATION_CONTEXT(2) 
PARAMETRIC_REPRESENTATION_CONTEXT() REPRESENTATION_CONTEXT('2D SPACE',''
  ) );
#2727 = ORIENTED_EDGE('',*,*,#2728,.T.);
#2728 = EDGE_CURVE('',#2701,#2729,#2731,.T.);
#2729 = VERTEX_POINT('',#2730);
#2730 = CARTESIAN_POINT('',(-2.999984384489,-404.9905508649,
    -25.34992427845));
#2731 = SURFACE_CURVE('',#2732,(#2736,#2743),.PCURVE_S1.);
#2732 = LINE('',#2733,#2734);
#2733 = CARTESIAN_POINT('',(-2.999984384489,-406.2069856292,
    -24.58280289315));
#2734 = VECTOR('',#2735,1.);
#2735 = DIRECTION('',(7.571603554958E-14,0.84585074659,-0.53341964202));
#2736 = PCURVE('',#44,#2737);
#2737 = DEFINITIONAL_REPRESENTATION('',(#2738),#2742);
#2738 = LINE('',#2739,#2740);
#2739 = CARTESIAN_POINT('',(237.0332600415,-10.9727448411));
#2740 = VECTOR('',#2741,1.);
#2741 = DIRECTION('',(-0.84585074659,0.53341964202));
#2742 = ( GEOMETRIC_REPRESENTATION_CONTEXT(2) 
PARAMETRIC_REPRESENTATION_CONTEXT() REPRESENTATION_CONTEXT('2D SPACE',''
  ) );
#2743 = PCURVE('',#2744,#2749);
#2744 = PLANE('',#2745);
#2745 = AXIS2_PLACEMENT_3D('',#2746,#2747,#2748);
#2746 = CARTESIAN_POINT('',(-2.999984384489,-406.2069856292,
    -24.58280289315));
#2747 = DIRECTION('',(-3.995420502363E-14,0.53341964202,0.84585074659));
#2748 = DIRECTION('',(7.571603554958E-14,0.84585074659,-0.53341964202));
#2749 = DEFINITIONAL_REPRESENTATION('',(#2750),#2754);
#2750 = LINE('',#2751,#2752);
#2751 = CARTESIAN_POINT('',(0.,0.));
#2752 = VECTOR('',#2753,1.);
#2753 = DIRECTION('',(1.,0.));
#2754 = ( GEOMETRIC_REPRESENTATION_CONTEXT(2) 
PARAMETRIC_REPRESENTATION_CONTEXT() REPRESENTATION_CONTEXT('2D SPACE',''
  ) );
#2755 = ORIENTED_EDGE('',*,*,#2756,.T.);
#2756 = EDGE_CURVE('',#2729,#2757,#2759,.T.);
#2757 = VERTEX_POINT('',#2758);
#2758 = CARTESIAN_POINT('',(-2.999984384489,-403.7640674183,
    -26.1008750829));
#2759 = SURFACE_CURVE('',#2760,(#2764,#2771),.PCURVE_S1.);
#2760 = LINE('',#2761,#2762);
#2761 = CARTESIAN_POINT('',(-2.999984384489,-404.9905508649,
    -25.34992427845));
#2762 = VECTOR('',#2763,1.);
#2763 = DIRECTION('',(7.518048048197E-14,0.85283812126,-0.522175390961)
  );
#2764 = PCURVE('',#44,#2765);
#2765 = DEFINITIONAL_REPRESENTATION('',(#2766),#2770);
#2766 = LINE('',#2767,#2768);
#2767 = CARTESIAN_POINT('',(235.8168252772,-10.2056234558));
#2768 = VECTOR('',#2769,1.);
#2769 = DIRECTION('',(-0.85283812126,0.522175390961));
#2770 = ( GEOMETRIC_REPRESENTATION_CONTEXT(2) 
PARAMETRIC_REPRESENTATION_CONTEXT() REPRESENTATION_CONTEXT('2D SPACE',''
  ) );
#2771 = PCURVE('',#2772,#2777);
#2772 = PLANE('',#2773);
#2773 = AXIS2_PLACEMENT_3D('',#2774,#2775,#2776);
#2774 = CARTESIAN_POINT('',(-2.999984384489,-404.9905508649,
    -25.34992427845));
#2775 = DIRECTION('',(-4.095304497736E-14,0.522175390961,0.85283812126)
  );
#2776 = DIRECTION('',(7.518048048197E-14,0.85283812126,-0.522175390961)
  );
#2777 = DEFINITIONAL_REPRESENTATION('',(#2778),#2782);
#2778 = LINE('',#2779,#2780);
#2779 = CARTESIAN_POINT('',(0.,0.));
#2780 = VECTOR('',#2781,1.);
#2781 = DIRECTION('',(1.,-6.310887241768E-30));
#2782 = ( GEOMETRIC_REPRESENTATION_CONTEXT(2) 
PARAMETRIC_REPRESENTATION_CONTEXT() REPRESENTATION_CONTEXT('2D SPACE',''
  ) );
#2783 = ORIENTED_EDGE('',*,*,#2784,.T.);
#2784 = EDGE_CURVE('',#2757,#2785,#2787,.T.);
#2785 = VERTEX_POINT('',#2786);
#2786 = CARTESIAN_POINT('',(-2.999984384489,-402.5277502387,
    -26.83552369743));
#2787 = SURFACE_CURVE('',#2788,(#2792,#2799),.PCURVE_S1.);
#2788 = LINE('',#2789,#2790);
#2789 = CARTESIAN_POINT('',(-2.999984384489,-403.7640674183,
    -26.1008750829));
#2790 = VECTOR('',#2791,1.);
#2791 = DIRECTION('',(7.463174953992E-14,0.859676030432,-0.510839625226)
  );
#2792 = PCURVE('',#44,#2793);
#2793 = DEFINITIONAL_REPRESENTATION('',(#2794),#2798);
#2794 = LINE('',#2795,#2796);
#2795 = CARTESIAN_POINT('',(234.5903418306,-9.45467265135));
#2796 = VECTOR('',#2797,1.);
#2797 = DIRECTION('',(-0.859676030432,0.510839625226));
#2798 = ( GEOMETRIC_REPRESENTATION_CONTEXT(2) 
PARAMETRIC_REPRESENTATION_CONTEXT() REPRESENTATION_CONTEXT('2D SPACE',''
  ) );
#2799 = PCURVE('',#2800,#2805);
#2800 = PLANE('',#2801);
#2801 = AXIS2_PLACEMENT_3D('',#2802,#2803,#2804);
#2802 = CARTESIAN_POINT('',(-2.999984384489,-403.7640674183,
    -26.1008750829));
#2803 = DIRECTION('',(-4.19447076402E-14,0.510839625226,0.859676030432)
  );
#2804 = DIRECTION('',(7.463174953992E-14,0.859676030432,-0.510839625226)
  );
#2805 = DEFINITIONAL_REPRESENTATION('',(#2806),#2810);
#2806 = LINE('',#2807,#2808);
#2807 = CARTESIAN_POINT('',(0.,0.));
#2808 = VECTOR('',#2809,1.);
#2809 = DIRECTION('',(1.,6.310887241768E-30));
#2810 = ( GEOMETRIC_REPRESENTATION_CONTEXT(2) 
PARAMETRIC_REPRESENTATION_CONTEXT() REPRESENTATION_CONTEXT('2D SPACE',''
  ) );
#2811 = ORIENTED_EDGE('',*,*,#2812,.T.);
#2812 = EDGE_CURVE('',#2785,#2813,#2815,.T.);
#2813 = VERTEX_POINT('',#2814);
#2814 = CARTESIAN_POINT('',(-2.999984384489,-401.2818159988,
    -27.55374137002));
#2815 = SURFACE_CURVE('',#2816,(#2820,#2827),.PCURVE_S1.);
#2816 = LINE('',#2817,#2818);
#2817 = CARTESIAN_POINT('',(-2.999984384489,-402.5277502387,
    -26.83552369743));
#2818 = VECTOR('',#2819,1.);
#2819 = DIRECTION('',(7.406993889224E-14,0.866363275717,-0.499414331481)
  );
#2820 = PCURVE('',#44,#2821);
#2821 = DEFINITIONAL_REPRESENTATION('',(#2822),#2826);
#2822 = LINE('',#2823,#2824);
#2823 = CARTESIAN_POINT('',(233.354024651,-8.72002403682));
#2824 = VECTOR('',#2825,1.);
#2825 = DIRECTION('',(-0.866363275717,0.499414331481));
#2826 = ( GEOMETRIC_REPRESENTATION_CONTEXT(2) 
PARAMETRIC_REPRESENTATION_CONTEXT() REPRESENTATION_CONTEXT('2D SPACE',''
  ) );
#2827 = PCURVE('',#2828,#2833);
#2828 = PLANE('',#2829);
#2829 = AXIS2_PLACEMENT_3D('',#2830,#2831,#2832);
#2830 = CARTESIAN_POINT('',(-2.999984384489,-402.5277502387,
    -26.83552369743));
#2831 = DIRECTION('',(-4.292901921679E-14,0.499414331481,0.866363275717)
  );
#2832 = DIRECTION('',(7.406993889224E-14,0.866363275717,-0.499414331481)
  );
#2833 = DEFINITIONAL_REPRESENTATION('',(#2834),#2838);
#2834 = LINE('',#2835,#2836);
#2835 = CARTESIAN_POINT('',(0.,0.));
#2836 = VECTOR('',#2837,1.);
#2837 = DIRECTION('',(1.,-6.310887241768E-30));
#2838 = ( GEOMETRIC_REPRESENTATION_CONTEXT(2) 
PARAMETRIC_REPRESENTATION_CONTEXT() REPRESENTATION_CONTEXT('2D SPACE',''
  ) );
#2839 = ORIENTED_EDGE('',*,*,#2840,.T.);
#2840 = EDGE_CURVE('',#2813,#2841,#2843,.T.);
#2841 = VERTEX_POINT('',#2842);
#2842 = CARTESIAN_POINT('',(-2.999984384488,-400.0264830567,
    -28.2554022283));
#2843 = SURFACE_CURVE('',#2844,(#2848,#2855),.PCURVE_S1.);
#2844 = LINE('',#2845,#2846);
#2845 = CARTESIAN_POINT('',(-2.999984384489,-401.2818159988,
    -27.55374137002));
#2846 = VECTOR('',#2847,1.);
#2847 = DIRECTION('',(7.349514699987E-14,0.872898685132,-0.487901512085)
  );
#2848 = PCURVE('',#44,#2849);
#2849 = DEFINITIONAL_REPRESENTATION('',(#2850),#2854);
#2850 = LINE('',#2851,#2852);
#2851 = CARTESIAN_POINT('',(232.1080904111,-8.00180636423));
#2852 = VECTOR('',#2853,1.);
#2853 = DIRECTION('',(-0.872898685132,0.487901512085));
#2854 = ( GEOMETRIC_REPRESENTATION_CONTEXT(2) 
PARAMETRIC_REPRESENTATION_CONTEXT() REPRESENTATION_CONTEXT('2D SPACE',''
  ) );
#2855 = PCURVE('',#2856,#2861);
#2856 = PLANE('',#2857);
#2857 = AXIS2_PLACEMENT_3D('',#2858,#2859,#2860);
#2858 = CARTESIAN_POINT('',(-2.999984384489,-401.2818159988,
    -27.55374137002));
#2859 = DIRECTION('',(-4.390580719997E-14,0.487901512085,0.872898685132)
  );
#2860 = DIRECTION('',(7.349514699987E-14,0.872898685132,-0.487901512085)
  );
#2861 = DEFINITIONAL_REPRESENTATION('',(#2862),#2866);
#2862 = LINE('',#2863,#2864);
#2863 = CARTESIAN_POINT('',(0.,0.));
#2864 = VECTOR('',#2865,1.);
#2865 = DIRECTION('',(1.,0.));
#2866 = ( GEOMETRIC_REPRESENTATION_CONTEXT(2) 
PARAMETRIC_REPRESENTATION_CONTEXT() REPRESENTATION_CONTEXT('2D SPACE',''
  ) );
#2867 = ORIENTED_EDGE('',*,*,#2868,.T.);
#2868 = EDGE_CURVE('',#2841,#2869,#2871,.T.);
#2869 = VERTEX_POINT('',#2870);
#2870 = CARTESIAN_POINT('',(-2.999984384488,-398.7619714179,
    -28.94038330157));
#2871 = SURFACE_CURVE('',#2872,(#2876,#2883),.PCURVE_S1.);
#2872 = LINE('',#2873,#2874);
#2873 = CARTESIAN_POINT('',(-2.999984384488,-400.0264830567,
    -28.2554022283));
#2874 = VECTOR('',#2875,1.);
#2875 = DIRECTION('',(7.290747459894E-14,0.879281113302,-0.476303184736)
  );
#2876 = PCURVE('',#44,#2877);
#2877 = DEFINITIONAL_REPRESENTATION('',(#2878),#2882);
#2878 = LINE('',#2879,#2880);
#2879 = CARTESIAN_POINT('',(230.852757469,-7.30014550595));
#2880 = VECTOR('',#2881,1.);
#2881 = DIRECTION('',(-0.879281113302,0.476303184736));
#2882 = ( GEOMETRIC_REPRESENTATION_CONTEXT(2) 
PARAMETRIC_REPRESENTATION_CONTEXT() REPRESENTATION_CONTEXT('2D SPACE',''
  ) );
#2883 = PCURVE('',#2884,#2889);
#2884 = PLANE('',#2885);
#2885 = AXIS2_PLACEMENT_3D('',#2886,#2887,#2888);
#2886 = CARTESIAN_POINT('',(-2.999984384488,-400.0264830567,
    -28.2554022283));
#2887 = DIRECTION('',(-4.487490040127E-14,0.476303184736,0.879281113302)
  );
#2888 = DIRECTION('',(7.290747459894E-14,0.879281113302,-0.476303184736)
  );
#2889 = DEFINITIONAL_REPRESENTATION('',(#2890),#2894);
#2890 = LINE('',#2891,#2892);
#2891 = CARTESIAN_POINT('',(0.,0.));
#2892 = VECTOR('',#2893,1.);
#2893 = DIRECTION('',(1.,-6.310887241768E-30));
#2894 = ( GEOMETRIC_REPRESENTATION_CONTEXT(2) 
PARAMETRIC_REPRESENTATION_CONTEXT() REPRESENTATION_CONTEXT('2D SPACE',''
  ) );
#2895 = ORIENTED_EDGE('',*,*,#2896,.T.);
#2896 = EDGE_CURVE('',#2869,#2897,#2899,.T.);
#2897 = VERTEX_POINT('',#2898);
#2898 = CARTESIAN_POINT('',(-2.999984384488,-397.4885026963,
    -29.60856454241));
#2899 = SURFACE_CURVE('',#2900,(#2904,#2911),.PCURVE_S1.);
#2900 = LINE('',#2901,#2902);
#2901 = CARTESIAN_POINT('',(-2.999984384488,-398.7619714179,
    -28.94038330157));
#2902 = VECTOR('',#2903,1.);
#2903 = DIRECTION('',(7.230702468285E-14,0.885509441666,-0.464621382116)
  );
#2904 = PCURVE('',#44,#2905);
#2905 = DEFINITIONAL_REPRESENTATION('',(#2906),#2910);
#2906 = LINE('',#2907,#2908);
#2907 = CARTESIAN_POINT('',(229.5882458302,-6.61516443268));
#2908 = VECTOR('',#2909,1.);
#2909 = DIRECTION('',(-0.885509441666,0.464621382116));
#2910 = ( GEOMETRIC_REPRESENTATION_CONTEXT(2) 
PARAMETRIC_REPRESENTATION_CONTEXT() REPRESENTATION_CONTEXT('2D SPACE',''
  ) );
#2911 = PCURVE('',#2912,#2917);
#2912 = PLANE('',#2913);
#2913 = AXIS2_PLACEMENT_3D('',#2914,#2915,#2916);
#2914 = CARTESIAN_POINT('',(-2.999984384488,-398.7619714179,
    -28.94038330157));
#2915 = DIRECTION('',(-4.583612898069E-14,0.464621382116,0.885509441666)
  );
#2916 = DIRECTION('',(7.230702468285E-14,0.885509441666,-0.464621382116)
  );
#2917 = DEFINITIONAL_REPRESENTATION('',(#2918),#2922);
#2918 = LINE('',#2919,#2920);
#2919 = CARTESIAN_POINT('',(0.,0.));
#2920 = VECTOR('',#2921,1.);
#2921 = DIRECTION('',(1.,0.));
#2922 = ( GEOMETRIC_REPRESENTATION_CONTEXT(2) 
PARAMETRIC_REPRESENTATION_CONTEXT() REPRESENTATION_CONTEXT('2D SPACE',''
  ) );
#2923 = ORIENTED_EDGE('',*,*,#2924,.T.);
#2924 = EDGE_CURVE('',#2897,#2925,#2927,.T.);
#2925 = VERTEX_POINT('',#2926);
#2926 = CARTESIAN_POINT('',(-2.999984384488,-396.2063000758,
    -30.25982884763));
#2927 = SURFACE_CURVE('',#2928,(#2932,#2939),.PCURVE_S1.);
#2928 = LINE('',#2929,#2930);
#2929 = CARTESIAN_POINT('',(-2.999984384488,-397.4885026963,
    -29.60856454241));
#2930 = VECTOR('',#2931,1.);
#2931 = DIRECTION('',(7.169390248438E-14,0.891582578668,-0.452858151539)
  );
#2932 = PCURVE('',#44,#2933);
#2933 = DEFINITIONAL_REPRESENTATION('',(#2934),#2938);
#2934 = LINE('',#2935,#2936);
#2935 = CARTESIAN_POINT('',(228.3147771086,-5.94698319184));
#2936 = VECTOR('',#2937,1.);
#2937 = DIRECTION('',(-0.891582578668,0.452858151539));
#2938 = ( GEOMETRIC_REPRESENTATION_CONTEXT(2) 
PARAMETRIC_REPRESENTATION_CONTEXT() REPRESENTATION_CONTEXT('2D SPACE',''
  ) );
#2939 = PCURVE('',#2940,#2945);
#2940 = PLANE('',#2941);
#2941 = AXIS2_PLACEMENT_3D('',#2942,#2943,#2944);
#2942 = CARTESIAN_POINT('',(-2.999984384488,-397.4885026963,
    -29.60856454241));
#2943 = DIRECTION('',(-4.678932447659E-14,0.452858151539,0.891582578668)
  );
#2944 = DIRECTION('',(7.169390248438E-14,0.891582578668,-0.452858151539)
  );
#2945 = DEFINITIONAL_REPRESENTATION('',(#2946),#2950);
#2946 = LINE('',#2947,#2948);
#2947 = CARTESIAN_POINT('',(0.,0.));
#2948 = VECTOR('',#2949,1.);
#2949 = DIRECTION('',(1.,0.));
#2950 = ( GEOMETRIC_REPRESENTATION_CONTEXT(2) 
PARAMETRIC_REPRESENTATION_CONTEXT() REPRESENTATION_CONTEXT('2D SPACE',''
  ) );
#2951 = ORIENTED_EDGE('',*,*,#2952,.T.);
#2952 = EDGE_CURVE('',#2925,#2953,#2955,.T.);
#2953 = VERTEX_POINT('',#2954);
#2954 = CARTESIAN_POINT('',(-2.999984384488,-394.9155882707,
    -30.89406207889));
#2955 = SURFACE_CURVE('',#2956,(#2960,#2967),.PCURVE_S1.);
#2956 = LINE('',#2957,#2958);
#2957 = CARTESIAN_POINT('',(-2.999984384488,-396.2063000758,
    -30.25982884763));
#2958 = VECTOR('',#2959,1.);
#2959 = DIRECTION('',(7.106821545733E-14,0.89749945995,-0.441015554588)
  );
#2960 = PCURVE('',#44,#2961);
#2961 = DEFINITIONAL_REPRESENTATION('',(#2962),#2966);
#2962 = LINE('',#2963,#2964);
#2963 = CARTESIAN_POINT('',(227.0325744881,-5.29571888662));
#2964 = VECTOR('',#2965,1.);
#2965 = DIRECTION('',(-0.89749945995,0.441015554588));
#2966 = ( GEOMETRIC_REPRESENTATION_CONTEXT(2) 
PARAMETRIC_REPRESENTATION_CONTEXT() REPRESENTATION_CONTEXT('2D SPACE',''
  ) );
#2967 = PCURVE('',#2968,#2973);
#2968 = PLANE('',#2969);
#2969 = AXIS2_PLACEMENT_3D('',#2970,#2971,#2972);
#2970 = CARTESIAN_POINT('',(-2.999984384488,-396.2063000758,
    -30.25982884763));
#2971 = DIRECTION('',(-4.773431983521E-14,0.441015554588,0.89749945995)
  );
#2972 = DIRECTION('',(7.106821545733E-14,0.89749945995,-0.441015554588)
  );
#2973 = DEFINITIONAL_REPRESENTATION('',(#2974),#2978);
#2974 = LINE('',#2975,#2976);
#2975 = CARTESIAN_POINT('',(0.,0.));
#2976 = VECTOR('',#2977,1.);
#2977 = DIRECTION('',(1.,-6.310887241768E-30));
#2978 = ( GEOMETRIC_REPRESENTATION_CONTEXT(2) 
PARAMETRIC_REPRESENTATION_CONTEXT() REPRESENTATION_CONTEXT('2D SPACE',''
  ) );
#2979 = ORIENTED_EDGE('',*,*,#2980,.T.);
#2980 = EDGE_CURVE('',#2953,#2981,#2983,.T.);
#2981 = VERTEX_POINT('',#2982);
#2982 = CARTESIAN_POINT('',(-2.999984384488,-393.6165934868,
    -31.51115308263));
#2983 = SURFACE_CURVE('',#2984,(#2988,#2995),.PCURVE_S1.);
#2984 = LINE('',#2985,#2986);
#2985 = CARTESIAN_POINT('',(-2.999984384488,-394.9155882707,
    -30.89406207889));
#2986 = VECTOR('',#2987,1.);
#2987 = DIRECTION('',(7.043007325737E-14,0.903259048541,-0.429095666756)
  );
#2988 = PCURVE('',#44,#2989);
#2989 = DEFINITIONAL_REPRESENTATION('',(#2990),#2994);
#2990 = LINE('',#2991,#2992);
#2991 = CARTESIAN_POINT('',(225.741862683,-4.66148565536));
#2992 = VECTOR('',#2993,1.);
#2993 = DIRECTION('',(-0.903259048541,0.429095666756));
#2994 = ( GEOMETRIC_REPRESENTATION_CONTEXT(2) 
PARAMETRIC_REPRESENTATION_CONTEXT() REPRESENTATION_CONTEXT('2D SPACE',''
  ) );
#2995 = PCURVE('',#2996,#3001);
#2996 = PLANE('',#2997);
#2997 = AXIS2_PLACEMENT_3D('',#2998,#2999,#3000);
#2998 = CARTESIAN_POINT('',(-2.999984384488,-394.9155882707,
    -30.89406207889));
#2999 = DIRECTION('',(-4.867094943983E-14,0.429095666756,0.903259048541)
  );
#3000 = DIRECTION('',(7.043007325737E-14,0.903259048541,-0.429095666756)
  );
#3001 = DEFINITIONAL_REPRESENTATION('',(#3002),#3006);
#3002 = LINE('',#3003,#3004);
#3003 = CARTESIAN_POINT('',(0.,0.));
#3004 = VECTOR('',#3005,1.);
#3005 = DIRECTION('',(1.,1.89326617253E-29));
#3006 = ( GEOMETRIC_REPRESENTATION_CONTEXT(2) 
PARAMETRIC_REPRESENTATION_CONTEXT() REPRESENTATION_CONTEXT('2D SPACE',''
  ) );
#3007 = ORIENTED_EDGE('',*,*,#3008,.T.);
#3008 = EDGE_CURVE('',#2981,#3009,#3011,.T.);
#3009 = VERTEX_POINT('',#3010);
#3010 = CARTESIAN_POINT('',(-2.999984384488,-392.3095433815,
    -32.11099370959));
#3011 = SURFACE_CURVE('',#3012,(#3016,#3023),.PCURVE_S1.);
#3012 = LINE('',#3013,#3014);
#3013 = CARTESIAN_POINT('',(-2.999984384488,-393.6165934868,
    -31.51115308263));
#3014 = VECTOR('',#3015,1.);
#3015 = DIRECTION('',(6.977958772316E-14,0.908860335034,-0.417100577083)
  );
#3016 = PCURVE('',#44,#3017);
#3017 = DEFINITIONAL_REPRESENTATION('',(#3018),#3022);
#3018 = LINE('',#3019,#3020);
#3019 = CARTESIAN_POINT('',(224.4428678991,-4.04439465162));
#3020 = VECTOR('',#3021,1.);
#3021 = DIRECTION('',(-0.908860335034,0.417100577083));
#3022 = ( GEOMETRIC_REPRESENTATION_CONTEXT(2) 
PARAMETRIC_REPRESENTATION_CONTEXT() REPRESENTATION_CONTEXT('2D SPACE',''
  ) );
#3023 = PCURVE('',#3024,#3029);
#3024 = PLANE('',#3025);
#3025 = AXIS2_PLACEMENT_3D('',#3026,#3027,#3028);
#3026 = CARTESIAN_POINT('',(-2.999984384488,-393.6165934868,
    -31.51115308263));
#3027 = DIRECTION('',(-4.959904913998E-14,0.417100577083,0.908860335034)
  );
#3028 = DIRECTION('',(6.977958772316E-14,0.908860335034,-0.417100577083)
  );
#3029 = DEFINITIONAL_REPRESENTATION('',(#3030),#3034);
#3030 = LINE('',#3031,#3032);
#3031 = CARTESIAN_POINT('',(0.,0.));
#3032 = VECTOR('',#3033,1.);
#3033 = DIRECTION('',(1.,-3.155443620884E-29));
#3034 = ( GEOMETRIC_REPRESENTATION_CONTEXT(2) 
PARAMETRIC_REPRESENTATION_CONTEXT() REPRESENTATION_CONTEXT('2D SPACE',''
  ) );
#3035 = ORIENTED_EDGE('',*,*,#3036,.T.);
#3036 = EDGE_CURVE('',#3009,#3037,#3039,.T.);
#3037 = VERTEX_POINT('',#3038);
#3038 = CARTESIAN_POINT('',(-2.999984384488,-390.994667024,
    -32.69347883375));
#3039 = SURFACE_CURVE('',#3040,(#3044,#3051),.PCURVE_S1.);
#3040 = LINE('',#3041,#3042);
#3041 = CARTESIAN_POINT('',(-2.999984384488,-392.3095433815,
    -32.11099370959));
#3042 = VECTOR('',#3043,1.);
#3043 = DIRECTION('',(6.91168728567E-14,0.914302337766,-0.405032387785)
  );
#3044 = PCURVE('',#44,#3045);
#3045 = DEFINITIONAL_REPRESENTATION('',(#3046),#3050);
#3046 = LINE('',#3047,#3048);
#3047 = CARTESIAN_POINT('',(223.1358177938,-3.44455402466));
#3048 = VECTOR('',#3049,1.);
#3049 = DIRECTION('',(-0.914302337766,0.405032387785));
#3050 = ( GEOMETRIC_REPRESENTATION_CONTEXT(2) 
PARAMETRIC_REPRESENTATION_CONTEXT() REPRESENTATION_CONTEXT('2D SPACE',''
  ) );
#3051 = PCURVE('',#3052,#3057);
#3052 = PLANE('',#3053);
#3053 = AXIS2_PLACEMENT_3D('',#3054,#3055,#3056);
#3054 = CARTESIAN_POINT('',(-2.999984384488,-392.3095433815,
    -32.11099370959));
#3055 = DIRECTION('',(-5.051845628015E-14,0.405032387785,0.914302337766)
  );
#3056 = DIRECTION('',(6.91168728567E-14,0.914302337766,-0.405032387785)
  );
#3057 = DEFINITIONAL_REPRESENTATION('',(#3058),#3062);
#3058 = LINE('',#3059,#3060);
#3059 = CARTESIAN_POINT('',(0.,0.));
#3060 = VECTOR('',#3061,1.);
#3061 = DIRECTION('',(1.,0.));
#3062 = ( GEOMETRIC_REPRESENTATION_CONTEXT(2) 
PARAMETRIC_REPRESENTATION_CONTEXT() REPRESENTATION_CONTEXT('2D SPACE',''
  ) );
#3063 = ORIENTED_EDGE('',*,*,#3064,.T.);
#3064 = EDGE_CURVE('',#3037,#3065,#3067,.T.);
#3065 = VERTEX_POINT('',#3066);
#3066 = CARTESIAN_POINT('',(-2.999984384488,-389.672194855,
    -33.25850637075));
#3067 = SURFACE_CURVE('',#3068,(#3072,#3079),.PCURVE_S1.);
#3068 = LINE('',#3069,#3070);
#3069 = CARTESIAN_POINT('',(-2.999984384488,-390.994667024,
    -32.69347883375));
#3070 = VECTOR('',#3071,1.);
#3071 = DIRECTION('',(6.844204480292E-14,0.919584102992,-0.392893213895)
  );
#3072 = PCURVE('',#44,#3073);
#3073 = DEFINITIONAL_REPRESENTATION('',(#3074),#3078);
#3074 = LINE('',#3075,#3076);
#3075 = CARTESIAN_POINT('',(221.8209414363,-2.8620689005));
#3076 = VECTOR('',#3077,1.);
#3077 = DIRECTION('',(-0.919584102992,0.392893213895));
#3078 = ( GEOMETRIC_REPRESENTATION_CONTEXT(2) 
PARAMETRIC_REPRESENTATION_CONTEXT() REPRESENTATION_CONTEXT('2D SPACE',''
  ) );
#3079 = PCURVE('',#3080,#3085);
#3080 = PLANE('',#3081);
#3081 = AXIS2_PLACEMENT_3D('',#3082,#3083,#3084);
#3082 = CARTESIAN_POINT('',(-2.999984384488,-390.994667024,
    -32.69347883375));
#3083 = DIRECTION('',(-5.142900972804E-14,0.392893213895,0.919584102992)
  );
#3084 = DIRECTION('',(6.844204480292E-14,0.919584102992,-0.392893213895)
  );
#3085 = DEFINITIONAL_REPRESENTATION('',(#3086),#3090);
#3086 = LINE('',#3087,#3088);
#3087 = CARTESIAN_POINT('',(0.,0.));
#3088 = VECTOR('',#3089,1.);
#3089 = DIRECTION('',(1.,6.310887241768E-30));
#3090 = ( GEOMETRIC_REPRESENTATION_CONTEXT(2) 
PARAMETRIC_REPRESENTATION_CONTEXT() REPRESENTATION_CONTEXT('2D SPACE',''
  ) );
#3091 = ORIENTED_EDGE('',*,*,#3092,.T.);
#3092 = EDGE_CURVE('',#3065,#3093,#3095,.T.);
#3093 = VERTEX_POINT('',#3094);
#3094 = CARTESIAN_POINT('',(-2.999984384488,-388.3423586464,
    -33.80597729579));
#3095 = SURFACE_CURVE('',#3096,(#3100,#3107),.PCURVE_S1.);
#3096 = LINE('',#3097,#3098);
#3097 = CARTESIAN_POINT('',(-2.999984384488,-389.672194855,
    -33.25850637075));
#3098 = VECTOR('',#3099,1.);
#3099 = DIRECTION('',(6.775522183001E-14,0.924704705047,-0.38068518288)
  );
#3100 = PCURVE('',#44,#3101);
#3101 = DEFINITIONAL_REPRESENTATION('',(#3102),#3106);
#3102 = LINE('',#3103,#3104);
#3103 = CARTESIAN_POINT('',(220.4984692673,-2.2970413635));
#3104 = VECTOR('',#3105,1.);
#3105 = DIRECTION('',(-0.924704705047,0.38068518288));
#3106 = ( GEOMETRIC_REPRESENTATION_CONTEXT(2) 
PARAMETRIC_REPRESENTATION_CONTEXT() REPRESENTATION_CONTEXT('2D SPACE',''
  ) );
#3107 = PCURVE('',#3108,#3113);
#3108 = PLANE('',#3109);
#3109 = AXIS2_PLACEMENT_3D('',#3110,#3111,#3112);
#3110 = CARTESIAN_POINT('',(-2.999984384488,-389.672194855,
    -33.25850637075));
#3111 = DIRECTION('',(-5.233054990325E-14,0.38068518288,0.924704705047)
  );
#3112 = DIRECTION('',(6.775522183001E-14,0.924704705047,-0.38068518288)
  );
#3113 = DEFINITIONAL_REPRESENTATION('',(#3114),#3118);
#3114 = LINE('',#3115,#3116);
#3115 = CARTESIAN_POINT('',(0.,0.));
#3116 = VECTOR('',#3117,1.);
#3117 = DIRECTION('',(1.,-3.155443620884E-30));
#3118 = ( GEOMETRIC_REPRESENTATION_CONTEXT(2) 
PARAMETRIC_REPRESENTATION_CONTEXT() REPRESENTATION_CONTEXT('2D SPACE',''
  ) );
#3119 = ORIENTED_EDGE('',*,*,#3120,.T.);
#3120 = EDGE_CURVE('',#3093,#3121,#3123,.T.);
#3121 = VERTEX_POINT('',#3122);
#3122 = CARTESIAN_POINT('',(-2.999984384487,-387.0053914608,
    -34.335795661));
#3123 = SURFACE_CURVE('',#3124,(#3128,#3135),.PCURVE_S1.);
#3124 = LINE('',#3125,#3126);
#3125 = CARTESIAN_POINT('',(-2.999984384488,-388.3423586464,
    -33.80597729579));
#3126 = VECTOR('',#3127,1.);
#3127 = DIRECTION('',(6.705652430822E-14,0.929663246511,-0.36841043428)
  );
#3128 = PCURVE('',#44,#3129);
#3129 = DEFINITIONAL_REPRESENTATION('',(#3130),#3134);
#3130 = LINE('',#3131,#3132);
#3131 = CARTESIAN_POINT('',(219.1686330587,-1.74957043846));
#3132 = VECTOR('',#3133,1.);
#3133 = DIRECTION('',(-0.929663246511,0.36841043428));
#3134 = ( GEOMETRIC_REPRESENTATION_CONTEXT(2) 
PARAMETRIC_REPRESENTATION_CONTEXT() REPRESENTATION_CONTEXT('2D SPACE',''
  ) );
#3135 = PCURVE('',#3136,#3141);
#3136 = PLANE('',#3137);
#3137 = AXIS2_PLACEMENT_3D('',#3138,#3139,#3140);
#3138 = CARTESIAN_POINT('',(-2.999984384488,-388.3423586464,
    -33.80597729579));
#3139 = DIRECTION('',(-5.322291880493E-14,0.36841043428,0.929663246511)
  );
#3140 = DIRECTION('',(6.705652430822E-14,0.929663246511,-0.36841043428)
  );
#3141 = DEFINITIONAL_REPRESENTATION('',(#3142),#3146);
#3142 = LINE('',#3143,#3144);
#3143 = CARTESIAN_POINT('',(0.,0.));
#3144 = VECTOR('',#3145,1.);
#3145 = DIRECTION('',(1.,0.));
#3146 = ( GEOMETRIC_REPRESENTATION_CONTEXT(2) 
PARAMETRIC_REPRESENTATION_CONTEXT() REPRESENTATION_CONTEXT('2D SPACE',''
  ) );
#3147 = ORIENTED_EDGE('',*,*,#3148,.T.);
#3148 = EDGE_CURVE('',#3121,#3149,#3151,.T.);
#3149 = VERTEX_POINT('',#3150);
#3150 = CARTESIAN_POINT('',(-2.999984384487,-385.6615276105,
    -34.84786861221));
#3151 = SURFACE_CURVE('',#3152,(#3156,#3163),.PCURVE_S1.);
#3152 = LINE('',#3153,#3154);
#3153 = CARTESIAN_POINT('',(-2.999984384487,-387.0053914608,
    -34.335795661));
#3154 = VECTOR('',#3155,1.);
#3155 = DIRECTION('',(6.634607468887E-14,0.934458858368,-0.356071119324)
  );
#3156 = PCURVE('',#44,#3157);
#3157 = DEFINITIONAL_REPRESENTATION('',(#3158),#3162);
#3158 = LINE('',#3159,#3160);
#3159 = CARTESIAN_POINT('',(217.8316658731,-1.21975207325));
#3160 = VECTOR('',#3161,1.);
#3161 = DIRECTION('',(-0.934458858368,0.356071119324));
#3162 = ( GEOMETRIC_REPRESENTATION_CONTEXT(2) 
PARAMETRIC_REPRESENTATION_CONTEXT() REPRESENTATION_CONTEXT('2D SPACE',''
  ) );
#3163 = PCURVE('',#3164,#3169);
#3164 = PLANE('',#3165);
#3165 = AXIS2_PLACEMENT_3D('',#3166,#3167,#3168);
#3166 = CARTESIAN_POINT('',(-2.999984384487,-387.0053914608,
    -34.335795661));
#3167 = DIRECTION('',(-5.410596003953E-14,0.356071119324,0.934458858368)
  );
#3168 = DIRECTION('',(6.634607468887E-14,0.934458858368,-0.356071119324)
  );
#3169 = DEFINITIONAL_REPRESENTATION('',(#3170),#3174);
#3170 = LINE('',#3171,#3172);
#3171 = CARTESIAN_POINT('',(0.,0.));
#3172 = VECTOR('',#3173,1.);
#3173 = DIRECTION('',(1.,0.));
#3174 = ( GEOMETRIC_REPRESENTATION_CONTEXT(2) 
PARAMETRIC_REPRESENTATION_CONTEXT() REPRESENTATION_CONTEXT('2D SPACE',''
  ) );
#3175 = ORIENTED_EDGE('',*,*,#3176,.T.);
#3176 = EDGE_CURVE('',#3149,#3177,#3179,.T.);
#3177 = VERTEX_POINT('',#3178);
#3178 = CARTESIAN_POINT('',(-2.999984384487,-384.3110026165,
    -35.34210640526));
#3179 = SURFACE_CURVE('',#3180,(#3184,#3191),.PCURVE_S1.);
#3180 = LINE('',#3181,#3182);
#3181 = CARTESIAN_POINT('',(-2.999984384487,-385.6615276105,
    -34.84786861221));
#3182 = VECTOR('',#3183,1.);
#3183 = DIRECTION('',(6.562399748286E-14,0.939090700156,-0.34366940056)
  );
#3184 = PCURVE('',#44,#3185);
#3185 = DEFINITIONAL_REPRESENTATION('',(#3186),#3190);
#3186 = LINE('',#3187,#3188);
#3187 = CARTESIAN_POINT('',(216.4878020228,-0.70767912204));
#3188 = VECTOR('',#3189,1.);
#3189 = DIRECTION('',(-0.939090700156,0.34366940056));
#3190 = ( GEOMETRIC_REPRESENTATION_CONTEXT(2) 
PARAMETRIC_REPRESENTATION_CONTEXT() REPRESENTATION_CONTEXT('2D SPACE',''
  ) );
#3191 = PCURVE('',#3192,#3197);
#3192 = PLANE('',#3193);
#3193 = AXIS2_PLACEMENT_3D('',#3194,#3195,#3196);
#3194 = CARTESIAN_POINT('',(-2.999984384487,-385.6615276105,
    -34.84786861221));
#3195 = DIRECTION('',(-5.497951884819E-14,0.34366940056,0.939090700156)
  );
#3196 = DIRECTION('',(6.562399748286E-14,0.939090700156,-0.34366940056)
  );
#3197 = DEFINITIONAL_REPRESENTATION('',(#3198),#3202);
#3198 = LINE('',#3199,#3200);
#3199 = CARTESIAN_POINT('',(0.,0.));
#3200 = VECTOR('',#3201,1.);
#3201 = DIRECTION('',(1.,0.));
#3202 = ( GEOMETRIC_REPRESENTATION_CONTEXT(2) 
PARAMETRIC_REPRESENTATION_CONTEXT() REPRESENTATION_CONTEXT('2D SPACE',''
  ) );
#3203 = ORIENTED_EDGE('',*,*,#3204,.T.);
#3204 = EDGE_CURVE('',#3177,#3205,#3207,.T.);
#3205 = VERTEX_POINT('',#3206);
#3206 = CARTESIAN_POINT('',(-2.999984384487,-382.9540531673,
    -35.81842242173));
#3207 = SURFACE_CURVE('',#3208,(#3212,#3219),.PCURVE_S1.);
#3208 = LINE('',#3209,#3210);
#3209 = CARTESIAN_POINT('',(-2.999984384487,-384.3110026165,
    -35.34210640526));
#3210 = VECTOR('',#3211,1.);
#3211 = DIRECTION('',(6.489041923914E-14,0.943557960112,-0.331207451469)
  );
#3212 = PCURVE('',#44,#3213);
#3213 = DEFINITIONAL_REPRESENTATION('',(#3214),#3218);
#3214 = LINE('',#3215,#3216);
#3215 = CARTESIAN_POINT('',(215.1372770288,-0.21344132899));
#3216 = VECTOR('',#3217,1.);
#3217 = DIRECTION('',(-0.943557960112,0.331207451469));
#3218 = ( GEOMETRIC_REPRESENTATION_CONTEXT(2) 
PARAMETRIC_REPRESENTATION_CONTEXT() REPRESENTATION_CONTEXT('2D SPACE',''
  ) );
#3219 = PCURVE('',#3220,#3225);
#3220 = PLANE('',#3221);
#3221 = AXIS2_PLACEMENT_3D('',#3222,#3223,#3224);
#3222 = CARTESIAN_POINT('',(-2.999984384487,-384.3110026165,
    -35.34210640526));
#3223 = DIRECTION('',(-5.584344213412E-14,0.331207451469,0.943557960112)
  );
#3224 = DIRECTION('',(6.489041923914E-14,0.943557960112,-0.331207451469)
  );
#3225 = DEFINITIONAL_REPRESENTATION('',(#3226),#3230);
#3226 = LINE('',#3227,#3228);
#3227 = CARTESIAN_POINT('',(0.,0.));
#3228 = VECTOR('',#3229,1.);
#3229 = DIRECTION('',(1.,6.310887241768E-30));
#3230 = ( GEOMETRIC_REPRESENTATION_CONTEXT(2) 
PARAMETRIC_REPRESENTATION_CONTEXT() REPRESENTATION_CONTEXT('2D SPACE',''
  ) );
#3231 = ORIENTED_EDGE('',*,*,#3232,.T.);
#3232 = EDGE_CURVE('',#3205,#3233,#3235,.T.);
#3233 = VERTEX_POINT('',#3234);
#3234 = CARTESIAN_POINT('',(-2.999984384487,-381.590917077,
    -36.2767331841));
#3235 = SURFACE_CURVE('',#3236,(#3240,#3247),.PCURVE_S1.);
#3236 = LINE('',#3237,#3238);
#3237 = CARTESIAN_POINT('',(-2.999984384487,-382.9540531673,
    -35.81842242173));
#3238 = VECTOR('',#3239,1.);
#3239 = DIRECTION('',(6.414546852198E-14,0.947859855321,-0.318687456092)
  );
#3240 = PCURVE('',#44,#3241);
#3241 = DEFINITIONAL_REPRESENTATION('',(#3242),#3246);
#3242 = LINE('',#3243,#3244);
#3243 = CARTESIAN_POINT('',(213.7803275796,0.26287468748));
#3244 = VECTOR('',#3245,1.);
#3245 = DIRECTION('',(-0.947859855321,0.318687456092));
#3246 = ( GEOMETRIC_REPRESENTATION_CONTEXT(2) 
PARAMETRIC_REPRESENTATION_CONTEXT() REPRESENTATION_CONTEXT('2D SPACE',''
  ) );
#3247 = PCURVE('',#3248,#3253);
#3248 = PLANE('',#3249);
#3249 = AXIS2_PLACEMENT_3D('',#3250,#3251,#3252);
#3250 = CARTESIAN_POINT('',(-2.999984384487,-382.9540531673,
    -35.81842242173));
#3251 = DIRECTION('',(-5.669757848895E-14,0.318687456092,0.947859855321)
  );
#3252 = DIRECTION('',(6.414546852198E-14,0.947859855321,-0.318687456092)
  );
#3253 = DEFINITIONAL_REPRESENTATION('',(#3254),#3258);
#3254 = LINE('',#3255,#3256);
#3255 = CARTESIAN_POINT('',(0.,0.));
#3256 = VECTOR('',#3257,1.);
#3257 = DIRECTION('',(1.,-1.577721810442E-29));
#3258 = ( GEOMETRIC_REPRESENTATION_CONTEXT(2) 
PARAMETRIC_REPRESENTATION_CONTEXT() REPRESENTATION_CONTEXT('2D SPACE',''
  ) );
#3259 = ORIENTED_EDGE('',*,*,#3260,.T.);
#3260 = EDGE_CURVE('',#3233,#3261,#3263,.T.);
#3261 = VERTEX_POINT('',#3262);
#3262 = CARTESIAN_POINT('',(-2.999984384487,-380.2218332444,
    -36.71695837038));
#3263 = SURFACE_CURVE('',#3264,(#3268,#3275),.PCURVE_S1.);
#3264 = LINE('',#3265,#3266);
#3265 = CARTESIAN_POINT('',(-2.999984384487,-381.590917077,
    -36.2767331841));
#3266 = VECTOR('',#3267,1.);
#3267 = DIRECTION('',(6.338927588895E-14,0.951995631848,-0.306111608638)
  );
#3268 = PCURVE('',#44,#3269);
#3269 = DEFINITIONAL_REPRESENTATION('',(#3270),#3274);
#3270 = LINE('',#3271,#3272);
#3271 = CARTESIAN_POINT('',(212.4171914893,0.72118544985));
#3272 = VECTOR('',#3273,1.);
#3273 = DIRECTION('',(-0.951995631848,0.306111608638));
#3274 = ( GEOMETRIC_REPRESENTATION_CONTEXT(2) 
PARAMETRIC_REPRESENTATION_CONTEXT() REPRESENTATION_CONTEXT('2D SPACE',''
  ) );
#3275 = PCURVE('',#3276,#3281);
#3276 = PLANE('',#3277);
#3277 = AXIS2_PLACEMENT_3D('',#3278,#3279,#3280);
#3278 = CARTESIAN_POINT('',(-2.999984384487,-381.590917077,
    -36.2767331841));
#3279 = DIRECTION('',(-5.754177821968E-14,0.306111608638,0.951995631848)
  );
#3280 = DIRECTION('',(6.338927588895E-14,0.951995631848,-0.306111608638)
  );
#3281 = DEFINITIONAL_REPRESENTATION('',(#3282),#3286);
#3282 = LINE('',#3283,#3284);
#3283 = CARTESIAN_POINT('',(0.,0.));
#3284 = VECTOR('',#3285,1.);
#3285 = DIRECTION('',(1.,3.155443620884E-30));
#3286 = ( GEOMETRIC_REPRESENTATION_CONTEXT(2) 
PARAMETRIC_REPRESENTATION_CONTEXT() REPRESENTATION_CONTEXT('2D SPACE',''
  ) );
#3287 = ORIENTED_EDGE('',*,*,#3288,.T.);
#3288 = EDGE_CURVE('',#3261,#3289,#3291,.T.);
#3289 = VERTEX_POINT('',#3290);
#3290 = CARTESIAN_POINT('',(-2.999984384487,-378.8470416103,
    -37.13902082822));
#3291 = SURFACE_CURVE('',#3292,(#3296,#3303),.PCURVE_S1.);
#3292 = LINE('',#3293,#3294);
#3293 = CARTESIAN_POINT('',(-2.999984384487,-380.2218332444,
    -36.71695837038));
#3294 = VECTOR('',#3295,1.);
#3295 = DIRECTION('',(6.262197386784E-14,0.955964564869,-0.293482113109)
  );
#3296 = PCURVE('',#44,#3297);
#3297 = DEFINITIONAL_REPRESENTATION('',(#3298),#3302);
#3298 = LINE('',#3299,#3300);
#3299 = CARTESIAN_POINT('',(211.0481076567,1.16141063613));
#3300 = VECTOR('',#3301,1.);
#3301 = DIRECTION('',(-0.955964564869,0.293482113109));
#3302 = ( GEOMETRIC_REPRESENTATION_CONTEXT(2) 
PARAMETRIC_REPRESENTATION_CONTEXT() REPRESENTATION_CONTEXT('2D SPACE',''
  ) );
#3303 = PCURVE('',#3304,#3309);
#3304 = PLANE('',#3305);
#3305 = AXIS2_PLACEMENT_3D('',#3306,#3307,#3308);
#3306 = CARTESIAN_POINT('',(-2.999984384487,-380.2218332444,
    -36.71695837038));
#3307 = DIRECTION('',(-5.837589337483E-14,0.293482113109,0.955964564869)
  );
#3308 = DIRECTION('',(6.262197386784E-14,0.955964564869,-0.293482113109)
  );
#3309 = DEFINITIONAL_REPRESENTATION('',(#3310),#3314);
#3310 = LINE('',#3311,#3312);
#3311 = CARTESIAN_POINT('',(0.,0.));
#3312 = VECTOR('',#3313,1.);
#3313 = DIRECTION('',(1.,-3.155443620884E-30));
#3314 = ( GEOMETRIC_REPRESENTATION_CONTEXT(2) 
PARAMETRIC_REPRESENTATION_CONTEXT() REPRESENTATION_CONTEXT('2D SPACE',''
  ) );
#3315 = ORIENTED_EDGE('',*,*,#3316,.T.);
#3316 = EDGE_CURVE('',#3289,#3317,#3319,.T.);
#3317 = VERTEX_POINT('',#3318);
#3318 = CARTESIAN_POINT('',(-2.999984384487,-377.4667831161,
    -37.54284658838));
#3319 = SURFACE_CURVE('',#3320,(#3324,#3331),.PCURVE_S1.);
#3320 = LINE('',#3321,#3322);
#3321 = CARTESIAN_POINT('',(-2.999984384487,-378.8470416103,
    -37.13902082822));
#3322 = VECTOR('',#3323,1.);
#3323 = DIRECTION('',(6.184369693331E-14,0.959765958804,-0.280801182906)
  );
#3324 = PCURVE('',#44,#3325);
#3325 = DEFINITIONAL_REPRESENTATION('',(#3326),#3330);
#3326 = LINE('',#3327,#3328);
#3327 = CARTESIAN_POINT('',(209.6733160226,1.58347309397));
#3328 = VECTOR('',#3329,1.);
#3329 = DIRECTION('',(-0.959765958804,0.280801182906));
#3330 = ( GEOMETRIC_REPRESENTATION_CONTEXT(2) 
PARAMETRIC_REPRESENTATION_CONTEXT() REPRESENTATION_CONTEXT('2D SPACE',''
  ) );
#3331 = PCURVE('',#3332,#3337);
#3332 = PLANE('',#3333);
#3333 = AXIS2_PLACEMENT_3D('',#3334,#3335,#3336);
#3334 = CARTESIAN_POINT('',(-2.999984384487,-378.8470416103,
    -37.13902082822));
#3335 = DIRECTION('',(-5.919977777012E-14,0.280801182906,0.959765958804)
  );
#3336 = DIRECTION('',(6.184369693331E-14,0.959765958804,-0.280801182906)
  );
#3337 = DEFINITIONAL_REPRESENTATION('',(#3338),#3342);
#3338 = LINE('',#3339,#3340);
#3339 = CARTESIAN_POINT('',(0.,0.));
#3340 = VECTOR('',#3341,1.);
#3341 = DIRECTION('',(1.,-3.155443620884E-30));
#3342 = ( GEOMETRIC_REPRESENTATION_CONTEXT(2) 
PARAMETRIC_REPRESENTATION_CONTEXT() REPRESENTATION_CONTEXT('2D SPACE',''
  ) );
#3343 = ORIENTED_EDGE('',*,*,#3344,.T.);
#3344 = EDGE_CURVE('',#3317,#3345,#3347,.T.);
#3345 = VERTEX_POINT('',#3346);
#3346 = CARTESIAN_POINT('',(-2.999984384487,-376.0812996611,
    -37.92836487775));
#3347 = SURFACE_CURVE('',#3348,(#3352,#3359),.PCURVE_S1.);
#3348 = LINE('',#3349,#3350);
#3349 = CARTESIAN_POINT('',(-2.999984384487,-377.4667831161,
    -37.54284658838));
#3350 = VECTOR('',#3351,1.);
#3351 = DIRECTION('',(6.105458148356E-14,0.963399147433,-0.268071040446)
  );
#3352 = PCURVE('',#44,#3353);
#3353 = DEFINITIONAL_REPRESENTATION('',(#3354),#3358);
#3354 = LINE('',#3355,#3356);
#3355 = CARTESIAN_POINT('',(208.2930575284,1.98729885413));
#3356 = VECTOR('',#3357,1.);
#3357 = DIRECTION('',(-0.963399147433,0.268071040446));
#3358 = ( GEOMETRIC_REPRESENTATION_CONTEXT(2) 
PARAMETRIC_REPRESENTATION_CONTEXT() REPRESENTATION_CONTEXT('2D SPACE',''
  ) );
#3359 = PCURVE('',#3360,#3365);
#3360 = PLANE('',#3361);
#3361 = AXIS2_PLACEMENT_3D('',#3362,#3363,#3364);
#3362 = CARTESIAN_POINT('',(-2.999984384487,-377.4667831161,
    -37.54284658838));
#3363 = DIRECTION('',(-6.001328701445E-14,0.268071040446,0.963399147433)
  );
#3364 = DIRECTION('',(6.105458148356E-14,0.963399147433,-0.268071040446)
  );
#3365 = DEFINITIONAL_REPRESENTATION('',(#3366),#3370);
#3366 = LINE('',#3367,#3368);
#3367 = CARTESIAN_POINT('',(0.,0.));
#3368 = VECTOR('',#3369,1.);
#3369 = DIRECTION('',(1.,-3.786532345061E-29));
#3370 = ( GEOMETRIC_REPRESENTATION_CONTEXT(2) 
PARAMETRIC_REPRESENTATION_CONTEXT() REPRESENTATION_CONTEXT('2D SPACE',''
  ) );
#3371 = ORIENTED_EDGE('',*,*,#3372,.T.);
#3372 = EDGE_CURVE('',#3345,#3373,#3375,.T.);
#3373 = VERTEX_POINT('',#3374);
#3374 = CARTESIAN_POINT('',(-2.999984384487,-374.6908340605,
    -38.2955081317));
#3375 = SURFACE_CURVE('',#3376,(#3380,#3387),.PCURVE_S1.);
#3376 = LINE('',#3377,#3378);
#3377 = CARTESIAN_POINT('',(-2.999984384487,-376.0812996611,
    -37.92836487775));
#3378 = VECTOR('',#3379,1.);
#3379 = DIRECTION('',(6.025476581629E-14,0.966863494015,-0.255293916771)
  );
#3380 = PCURVE('',#44,#3381);
#3381 = DEFINITIONAL_REPRESENTATION('',(#3382),#3386);
#3382 = LINE('',#3383,#3384);
#3383 = CARTESIAN_POINT('',(206.9075740734,2.3728171435));
#3384 = VECTOR('',#3385,1.);
#3385 = DIRECTION('',(-0.966863494015,0.255293916771));
#3386 = ( GEOMETRIC_REPRESENTATION_CONTEXT(2) 
PARAMETRIC_REPRESENTATION_CONTEXT() REPRESENTATION_CONTEXT('2D SPACE',''
  ) );
#3387 = PCURVE('',#3388,#3393);
#3388 = PLANE('',#3389);
#3389 = AXIS2_PLACEMENT_3D('',#3390,#3391,#3392);
#3390 = CARTESIAN_POINT('',(-2.999984384487,-376.0812996611,
    -37.92836487775));
#3391 = DIRECTION('',(-6.081627853497E-14,0.255293916771,0.966863494015)
  );
#3392 = DIRECTION('',(6.025476581629E-14,0.966863494015,-0.255293916771)
  );
#3393 = DEFINITIONAL_REPRESENTATION('',(#3394),#3398);
#3394 = LINE('',#3395,#3396);
#3395 = CARTESIAN_POINT('',(0.,0.));
#3396 = VECTOR('',#3397,1.);
#3397 = DIRECTION('',(1.,-6.310887241768E-30));
#3398 = ( GEOMETRIC_REPRESENTATION_CONTEXT(2) 
PARAMETRIC_REPRESENTATION_CONTEXT() REPRESENTATION_CONTEXT('2D SPACE',''
  ) );
#3399 = ORIENTED_EDGE('',*,*,#3400,.T.);
#3400 = EDGE_CURVE('',#3373,#3401,#3403,.T.);
#3401 = VERTEX_POINT('',#3402);
#3402 = CARTESIAN_POINT('',(-2.999984384487,-373.2956300024,
    -38.64421200596));
#3403 = SURFACE_CURVE('',#3404,(#3408,#3415),.PCURVE_S1.);
#3404 = LINE('',#3405,#3406);
#3405 = CARTESIAN_POINT('',(-2.999984384487,-374.6908340605,
    -38.2955081317));
#3406 = VECTOR('',#3407,1.);
#3407 = DIRECTION('',(5.944439010439E-14,0.970158391402,-0.242472051156)
  );
#3408 = PCURVE('',#44,#3409);
#3409 = DEFINITIONAL_REPRESENTATION('',(#3410),#3414);
#3410 = LINE('',#3411,#3412);
#3411 = CARTESIAN_POINT('',(205.5171084728,2.73996039745));
#3412 = VECTOR('',#3413,1.);
#3413 = DIRECTION('',(-0.970158391402,0.242472051156));
#3414 = ( GEOMETRIC_REPRESENTATION_CONTEXT(2) 
PARAMETRIC_REPRESENTATION_CONTEXT() REPRESENTATION_CONTEXT('2D SPACE',''
  ) );
#3415 = PCURVE('',#3416,#3421);
#3416 = PLANE('',#3417);
#3417 = AXIS2_PLACEMENT_3D('',#3418,#3419,#3420);
#3418 = CARTESIAN_POINT('',(-2.999984384487,-374.6908340605,
    -38.2955081317));
#3419 = DIRECTION('',(-6.160861160205E-14,0.242472051156,0.970158391402)
  );
#3420 = DIRECTION('',(5.944439010439E-14,0.970158391402,-0.242472051156)
  );
#3421 = DEFINITIONAL_REPRESENTATION('',(#3422),#3426);
#3422 = LINE('',#3423,#3424);
#3423 = CARTESIAN_POINT('',(0.,0.));
#3424 = VECTOR('',#3425,1.);
#3425 = DIRECTION('',(1.,0.));
#3426 = ( GEOMETRIC_REPRESENTATION_CONTEXT(2) 
PARAMETRIC_REPRESENTATION_CONTEXT() REPRESENTATION_CONTEXT('2D SPACE',''
  ) );
#3427 = ORIENTED_EDGE('',*,*,#3428,.T.);
#3428 = EDGE_CURVE('',#3401,#3429,#3431,.T.);
#3429 = VERTEX_POINT('',#3430);
#3430 = CARTESIAN_POINT('',(-2.999984384486,-371.8959320057,
    -38.97441538788));
#3431 = SURFACE_CURVE('',#3432,(#3436,#3443),.PCURVE_S1.);
#3432 = LINE('',#3433,#3434);
#3433 = CARTESIAN_POINT('',(-2.999984384487,-373.2956300024,
    -38.64421200596));
#3434 = VECTOR('',#3435,1.);
#3435 = DIRECTION('',(5.86235963716E-14,0.973283262141,-0.229607690716)
  );
#3436 = PCURVE('',#44,#3437);
#3437 = DEFINITIONAL_REPRESENTATION('',(#3438),#3442);
#3438 = LINE('',#3439,#3440);
#3439 = CARTESIAN_POINT('',(204.1219044147,3.08866427171));
#3440 = VECTOR('',#3441,1.);
#3441 = DIRECTION('',(-0.973283262141,0.229607690716));
#3442 = ( GEOMETRIC_REPRESENTATION_CONTEXT(2) 
PARAMETRIC_REPRESENTATION_CONTEXT() REPRESENTATION_CONTEXT('2D SPACE',''
  ) );
#3443 = PCURVE('',#3444,#3449);
#3444 = PLANE('',#3445);
#3445 = AXIS2_PLACEMENT_3D('',#3446,#3447,#3448);
#3446 = CARTESIAN_POINT('',(-2.999984384487,-373.2956300024,
    -38.64421200596));
#3447 = DIRECTION('',(-6.239014735417E-14,0.229607690716,0.973283262141)
  );
#3448 = DIRECTION('',(5.86235963716E-14,0.973283262141,-0.229607690716)
  );
#3449 = DEFINITIONAL_REPRESENTATION('',(#3450),#3454);
#3450 = LINE('',#3451,#3452);
#3451 = CARTESIAN_POINT('',(0.,0.));
#3452 = VECTOR('',#3453,1.);
#3453 = DIRECTION('',(1.,0.));
#3454 = ( GEOMETRIC_REPRESENTATION_CONTEXT(2) 
PARAMETRIC_REPRESENTATION_CONTEXT() REPRESENTATION_CONTEXT('2D SPACE',''
  ) );
#3455 = ORIENTED_EDGE('',*,*,#3456,.T.);
#3456 = EDGE_CURVE('',#3429,#3457,#3459,.T.);
#3457 = VERTEX_POINT('',#3458);
#3458 = CARTESIAN_POINT('',(-2.999984384486,-370.4919853766,
    -39.28606040714));
#3459 = SURFACE_CURVE('',#3460,(#3464,#3471),.PCURVE_S1.);
#3460 = LINE('',#3461,#3462);
#3461 = CARTESIAN_POINT('',(-2.999984384486,-371.8959320057,
    -38.97441538788));
#3462 = VECTOR('',#3463,1.);
#3463 = DIRECTION('',(5.779252846738E-14,0.976237558578,-0.216703090016)
  );
#3464 = PCURVE('',#44,#3465);
#3465 = DEFINITIONAL_REPRESENTATION('',(#3466),#3470);
#3466 = LINE('',#3467,#3468);
#3467 = CARTESIAN_POINT('',(202.722206418,3.41886765363));
#3468 = VECTOR('',#3469,1.);
#3469 = DIRECTION('',(-0.976237558578,0.216703090016));
#3470 = ( GEOMETRIC_REPRESENTATION_CONTEXT(2) 
PARAMETRIC_REPRESENTATION_CONTEXT() REPRESENTATION_CONTEXT('2D SPACE',''
  ) );
#3471 = PCURVE('',#3472,#3477);
#3472 = PLANE('',#3473);
#3473 = AXIS2_PLACEMENT_3D('',#3474,#3475,#3476);
#3474 = CARTESIAN_POINT('',(-2.999984384486,-371.8959320057,
    -38.97441538788));
#3475 = DIRECTION('',(-6.316074882199E-14,0.216703090016,0.976237558578)
  );
#3476 = DIRECTION('',(5.779252846738E-14,0.976237558578,-0.216703090016)
  );
#3477 = DEFINITIONAL_REPRESENTATION('',(#3478),#3482);
#3478 = LINE('',#3479,#3480);
#3479 = CARTESIAN_POINT('',(0.,0.));
#3480 = VECTOR('',#3481,1.);
#3481 = DIRECTION('',(1.,0.));
#3482 = ( GEOMETRIC_REPRESENTATION_CONTEXT(2) 
PARAMETRIC_REPRESENTATION_CONTEXT() REPRESENTATION_CONTEXT('2D SPACE',''
  ) );
#3483 = ORIENTED_EDGE('',*,*,#3484,.T.);
#3484 = EDGE_CURVE('',#3457,#3485,#3487,.T.);
#3485 = VERTEX_POINT('',#3486);
#3486 = CARTESIAN_POINT('',(-2.999984384486,-369.084036166,
    -39.57909244591));
#3487 = SURFACE_CURVE('',#3488,(#3492,#3499),.PCURVE_S1.);
#3488 = LINE('',#3489,#3490);
#3489 = CARTESIAN_POINT('',(-2.999984384486,-370.4919853766,
    -39.28606040714));
#3490 = VECTOR('',#3491,1.);
#3491 = DIRECTION('',(5.695133204192E-14,0.979020762952,-0.203760510673)
  );
#3492 = PCURVE('',#44,#3493);
#3493 = DEFINITIONAL_REPRESENTATION('',(#3494),#3498);
#3494 = LINE('',#3495,#3496);
#3495 = CARTESIAN_POINT('',(201.3182597889,3.73051267289));
#3496 = VECTOR('',#3497,1.);
#3497 = DIRECTION('',(-0.979020762952,0.203760510673));
#3498 = ( GEOMETRIC_REPRESENTATION_CONTEXT(2) 
PARAMETRIC_REPRESENTATION_CONTEXT() REPRESENTATION_CONTEXT('2D SPACE',''
  ) );
#3499 = PCURVE('',#3500,#3505);
#3500 = PLANE('',#3501);
#3501 = AXIS2_PLACEMENT_3D('',#3502,#3503,#3504);
#3502 = CARTESIAN_POINT('',(-2.999984384486,-370.4919853766,
    -39.28606040714));
#3503 = DIRECTION('',(-6.392028095259E-14,0.203760510673,0.979020762952)
  );
#3504 = DIRECTION('',(5.695133204192E-14,0.979020762952,-0.203760510673)
  );
#3505 = DEFINITIONAL_REPRESENTATION('',(#3506),#3510);
#3506 = LINE('',#3507,#3508);
#3507 = CARTESIAN_POINT('',(0.,0.));
#3508 = VECTOR('',#3509,1.);
#3509 = DIRECTION('',(1.,-1.577721810442E-29));
#3510 = ( GEOMETRIC_REPRESENTATION_CONTEXT(2) 
PARAMETRIC_REPRESENTATION_CONTEXT() REPRESENTATION_CONTEXT('2D SPACE',''
  ) );
#3511 = ORIENTED_EDGE('',*,*,#3512,.T.);
#3512 = EDGE_CURVE('',#3485,#3513,#3515,.T.);
#3513 = VERTEX_POINT('',#3514);
#3514 = CARTESIAN_POINT('',(-2.999984384486,-367.6723311262,
    -39.85346014837));
#3515 = SURFACE_CURVE('',#3516,(#3520,#3527),.PCURVE_S1.);
#3516 = LINE('',#3517,#3518);
#3517 = CARTESIAN_POINT('',(-2.999984384486,-369.084036166,
    -39.57909244591));
#3518 = VECTOR('',#3519,1.);
#3519 = DIRECTION('',(5.61001545204E-14,0.981632387489,-0.190782220957)
  );
#3520 = PCURVE('',#44,#3521);
#3521 = DEFINITIONAL_REPRESENTATION('',(#3522),#3526);
#3522 = LINE('',#3523,#3524);
#3523 = CARTESIAN_POINT('',(199.9103105783,4.02354471166));
#3524 = VECTOR('',#3525,1.);
#3525 = DIRECTION('',(-0.981632387489,0.190782220957));
#3526 = ( GEOMETRIC_REPRESENTATION_CONTEXT(2) 
PARAMETRIC_REPRESENTATION_CONTEXT() REPRESENTATION_CONTEXT('2D SPACE',''
  ) );
#3527 = PCURVE('',#3528,#3533);
#3528 = PLANE('',#3529);
#3529 = AXIS2_PLACEMENT_3D('',#3530,#3531,#3532);
#3530 = CARTESIAN_POINT('',(-2.999984384486,-369.084036166,
    -39.57909244591));
#3531 = DIRECTION('',(-6.466861063295E-14,0.190782220957,0.981632387489)
  );
#3532 = DIRECTION('',(5.61001545204E-14,0.981632387489,-0.190782220957)
  );
#3533 = DEFINITIONAL_REPRESENTATION('',(#3534),#3538);
#3534 = LINE('',#3535,#3536);
#3535 = CARTESIAN_POINT('',(0.,0.));
#3536 = VECTOR('',#3537,1.);
#3537 = DIRECTION('',(1.,6.310887241768E-30));
#3538 = ( GEOMETRIC_REPRESENTATION_CONTEXT(2) 
PARAMETRIC_REPRESENTATION_CONTEXT() REPRESENTATION_CONTEXT('2D SPACE',''
  ) );
#3539 = ORIENTED_EDGE('',*,*,#3540,.T.);
#3540 = EDGE_CURVE('',#3513,#3541,#3543,.T.);
#3541 = VERTEX_POINT('',#3542);
#3542 = CARTESIAN_POINT('',(-2.999984384486,-366.2571176679,
    -40.1091154298));
#3543 = SURFACE_CURVE('',#3544,(#3548,#3555),.PCURVE_S1.);
#3544 = LINE('',#3545,#3546);
#3545 = CARTESIAN_POINT('',(-2.999984384486,-367.6723311262,
    -39.85346014837));
#3546 = VECTOR('',#3547,1.);
#3547 = DIRECTION('',(5.52391450773E-14,0.984071974484,-0.177770495401)
  );
#3548 = PCURVE('',#44,#3549);
#3549 = DEFINITIONAL_REPRESENTATION('',(#3550),#3554);
#3550 = LINE('',#3551,#3552);
#3551 = CARTESIAN_POINT('',(198.4986055385,4.29791241412));
#3552 = VECTOR('',#3553,1.);
#3553 = DIRECTION('',(-0.984071974484,0.177770495401));
#3554 = ( GEOMETRIC_REPRESENTATION_CONTEXT(2) 
PARAMETRIC_REPRESENTATION_CONTEXT() REPRESENTATION_CONTEXT('2D SPACE',''
  ) );
#3555 = PCURVE('',#3556,#3561);
#3556 = PLANE('',#3557);
#3557 = AXIS2_PLACEMENT_3D('',#3558,#3559,#3560);
#3558 = CARTESIAN_POINT('',(-2.999984384486,-367.6723311262,
    -39.85346014837));
#3559 = DIRECTION('',(-6.540560671335E-14,0.177770495401,0.984071974484)
  );
#3560 = DIRECTION('',(5.52391450773E-14,0.984071974484,-0.177770495401)
  );
#3561 = DEFINITIONAL_REPRESENTATION('',(#3562),#3566);
#3562 = LINE('',#3563,#3564);
#3563 = CARTESIAN_POINT('',(0.,0.));
#3564 = VECTOR('',#3565,1.);
#3565 = DIRECTION('',(1.,-1.262177448354E-29));
#3566 = ( GEOMETRIC_REPRESENTATION_CONTEXT(2) 
PARAMETRIC_REPRESENTATION_CONTEXT() REPRESENTATION_CONTEXT('2D SPACE',''
  ) );
#3567 = ORIENTED_EDGE('',*,*,#3568,.T.);
#3568 = EDGE_CURVE('',#3541,#3569,#3571,.T.);
#3569 = VERTEX_POINT('',#3570);
#3570 = CARTESIAN_POINT('',(-2.999984384486,-364.8386438166,
    -40.34601348491));
#3571 = SURFACE_CURVE('',#3572,(#3576,#3583),.PCURVE_S1.);
#3572 = LINE('',#3573,#3574);
#3573 = CARTESIAN_POINT('',(-2.999984384486,-366.2571176679,
    -40.1091154298));
#3574 = VECTOR('',#3575,1.);
#3575 = DIRECTION('',(5.436845461017E-14,0.986339096384,-0.164727614395)
  );
#3576 = PCURVE('',#44,#3577);
#3577 = DEFINITIONAL_REPRESENTATION('',(#3578),#3582);
#3578 = LINE('',#3579,#3580);
#3579 = CARTESIAN_POINT('',(197.0833920802,4.55356769555));
#3580 = VECTOR('',#3581,1.);
#3581 = DIRECTION('',(-0.986339096384,0.164727614395));
#3582 = ( GEOMETRIC_REPRESENTATION_CONTEXT(2) 
PARAMETRIC_REPRESENTATION_CONTEXT() REPRESENTATION_CONTEXT('2D SPACE',''
  ) );
#3583 = PCURVE('',#3584,#3589);
#3584 = PLANE('',#3585);
#3585 = AXIS2_PLACEMENT_3D('',#3586,#3587,#3588);
#3586 = CARTESIAN_POINT('',(-2.999984384486,-366.2571176679,
    -40.1091154298));
#3587 = DIRECTION('',(-6.613114003036E-14,0.164727614395,0.986339096384)
  );
#3588 = DIRECTION('',(5.436845461017E-14,0.986339096384,-0.164727614395)
  );
#3589 = DEFINITIONAL_REPRESENTATION('',(#3590),#3594);
#3590 = LINE('',#3591,#3592);
#3591 = CARTESIAN_POINT('',(0.,0.));
#3592 = VECTOR('',#3593,1.);
#3593 = DIRECTION('',(1.,-1.735493991486E-29));
#3594 = ( GEOMETRIC_REPRESENTATION_CONTEXT(2) 
PARAMETRIC_REPRESENTATION_CONTEXT() REPRESENTATION_CONTEXT('2D SPACE',''
  ) );
#3595 = ORIENTED_EDGE('',*,*,#3596,.T.);
#3596 = EDGE_CURVE('',#3569,#3597,#3599,.T.);
#3597 = VERTEX_POINT('',#3598);
#3598 = CARTESIAN_POINT('',(-2.999984384486,-363.4171581691,
    -40.56411279576));
#3599 = SURFACE_CURVE('',#3600,(#3604,#3611),.PCURVE_S1.);
#3600 = LINE('',#3601,#3602);
#3601 = CARTESIAN_POINT('',(-2.999984384486,-364.8386438166,
    -40.34601348491));
#3602 = VECTOR('',#3603,1.);
#3603 = DIRECTION('',(5.348823571326E-14,0.988433355861,-0.151655863789)
  );
#3604 = PCURVE('',#44,#3605);
#3605 = DEFINITIONAL_REPRESENTATION('',(#3606),#3610);
#3606 = LINE('',#3607,#3608);
#3607 = CARTESIAN_POINT('',(195.6649182289,4.79046575066));
#3608 = VECTOR('',#3609,1.);
#3609 = DIRECTION('',(-0.988433355861,0.151655863789));
#3610 = ( GEOMETRIC_REPRESENTATION_CONTEXT(2) 
PARAMETRIC_REPRESENTATION_CONTEXT() REPRESENTATION_CONTEXT('2D SPACE',''
  ) );
#3611 = PCURVE('',#3612,#3617);
#3612 = PLANE('',#3613);
#3613 = AXIS2_PLACEMENT_3D('',#3614,#3615,#3616);
#3614 = CARTESIAN_POINT('',(-2.999984384486,-364.8386438166,
    -40.34601348491));
#3615 = DIRECTION('',(-6.684508342948E-14,0.151655863789,0.988433355861)
  );
#3616 = DIRECTION('',(5.348823571326E-14,0.988433355861,-0.151655863789)
  );
#3617 = DEFINITIONAL_REPRESENTATION('',(#3618),#3622);
#3618 = LINE('',#3619,#3620);
#3619 = CARTESIAN_POINT('',(0.,0.));
#3620 = VECTOR('',#3621,1.);
#3621 = DIRECTION('',(1.,1.735493991486E-29));
#3622 = ( GEOMETRIC_REPRESENTATION_CONTEXT(2) 
PARAMETRIC_REPRESENTATION_CONTEXT() REPRESENTATION_CONTEXT('2D SPACE',''
  ) );
#3623 = ORIENTED_EDGE('',*,*,#3624,.T.);
#3624 = EDGE_CURVE('',#3597,#3625,#3627,.T.);
#3625 = VERTEX_POINT('',#3626);
#3626 = CARTESIAN_POINT('',(-2.999984384486,-361.9929098502,
    -40.76337513901));
#3627 = SURFACE_CURVE('',#3628,(#3632,#3639),.PCURVE_S1.);
#3628 = LINE('',#3629,#3630);
#3629 = CARTESIAN_POINT('',(-2.999984384486,-363.4171581691,
    -40.56411279576));
#3630 = VECTOR('',#3631,1.);
#3631 = DIRECTION('',(5.259864265071E-14,0.990354385881,-0.138557534495)
  );
#3632 = PCURVE('',#44,#3633);
#3633 = DEFINITIONAL_REPRESENTATION('',(#3634),#3638);
#3634 = LINE('',#3635,#3636);
#3635 = CARTESIAN_POINT('',(194.2434325814,5.00856506151));
#3636 = VECTOR('',#3637,1.);
#3637 = DIRECTION('',(-0.990354385881,0.138557534495));
#3638 = ( GEOMETRIC_REPRESENTATION_CONTEXT(2) 
PARAMETRIC_REPRESENTATION_CONTEXT() REPRESENTATION_CONTEXT('2D SPACE',''
  ) );
#3639 = PCURVE('',#3640,#3645);
#3640 = PLANE('',#3641);
#3641 = AXIS2_PLACEMENT_3D('',#3642,#3643,#3644);
#3642 = CARTESIAN_POINT('',(-2.999984384486,-363.4171581691,
    -40.56411279576));
#3643 = DIRECTION('',(-6.754731178742E-14,0.138557534495,0.990354385881)
  );
#3644 = DIRECTION('',(5.259864265071E-14,0.990354385881,-0.138557534495)
  );
#3645 = DEFINITIONAL_REPRESENTATION('',(#3646),#3650);
#3646 = LINE('',#3647,#3648);
#3647 = CARTESIAN_POINT('',(0.,0.));
#3648 = VECTOR('',#3649,1.);
#3649 = DIRECTION('',(1.,3.155443620884E-30));
#3650 = ( GEOMETRIC_REPRESENTATION_CONTEXT(2) 
PARAMETRIC_REPRESENTATION_CONTEXT() REPRESENTATION_CONTEXT('2D SPACE',''
  ) );
#3651 = ORIENTED_EDGE('',*,*,#3652,.T.);
#3652 = EDGE_CURVE('',#3625,#3653,#3655,.T.);
#3653 = VERTEX_POINT('',#3654);
#3654 = CARTESIAN_POINT('',(-2.999984384486,-360.5661484687,
    -40.94376559263));
#3655 = SURFACE_CURVE('',#3656,(#3660,#3667),.PCURVE_S1.);
#3656 = LINE('',#3657,#3658);
#3657 = CARTESIAN_POINT('',(-2.999984384486,-361.9929098502,
    -40.76337513901));
#3658 = VECTOR('',#3659,1.);
#3659 = DIRECTION('',(5.169983132965E-14,0.992101849773,-0.125434922079)
  );
#3660 = PCURVE('',#44,#3661);
#3661 = DEFINITIONAL_REPRESENTATION('',(#3662),#3666);
#3662 = LINE('',#3663,#3664);
#3663 = CARTESIAN_POINT('',(192.8191842625,5.20782740476));
#3664 = VECTOR('',#3665,1.);
#3665 = DIRECTION('',(-0.992101849773,0.125434922079));
#3666 = ( GEOMETRIC_REPRESENTATION_CONTEXT(2) 
PARAMETRIC_REPRESENTATION_CONTEXT() REPRESENTATION_CONTEXT('2D SPACE',''
  ) );
#3667 = PCURVE('',#3668,#3673);
#3668 = PLANE('',#3669);
#3669 = AXIS2_PLACEMENT_3D('',#3670,#3671,#3672);
#3670 = CARTESIAN_POINT('',(-2.999984384486,-361.9929098502,
    -40.76337513901));
#3671 = DIRECTION('',(-6.823770203413E-14,0.125434922079,0.992101849773)
  );
#3672 = DIRECTION('',(5.169983132965E-14,0.992101849773,-0.125434922079)
  );
#3673 = DEFINITIONAL_REPRESENTATION('',(#3674),#3678);
#3674 = LINE('',#3675,#3676);
#3675 = CARTESIAN_POINT('',(0.,0.));
#3676 = VECTOR('',#3677,1.);
#3677 = DIRECTION('',(1.,1.89326617253E-29));
#3678 = ( GEOMETRIC_REPRESENTATION_CONTEXT(2) 
PARAMETRIC_REPRESENTATION_CONTEXT() REPRESENTATION_CONTEXT('2D SPACE',''
  ) );
#3679 = ORIENTED_EDGE('',*,*,#3680,.T.);
#3680 = EDGE_CURVE('',#3653,#3681,#3683,.T.);
#3681 = VERTEX_POINT('',#3682);
#3682 = CARTESIAN_POINT('',(-2.999984384486,-359.137124074,
    -41.10525254199));
#3683 = SURFACE_CURVE('',#3684,(#3688,#3695),.PCURVE_S1.);
#3684 = LINE('',#3685,#3686);
#3685 = CARTESIAN_POINT('',(-2.999984384486,-360.5661484687,
    -40.94376559263));
#3686 = VECTOR('',#3687,1.);
#3687 = DIRECTION('',(5.079195927256E-14,0.993675441281,-0.112290326368)
  );
#3688 = PCURVE('',#44,#3689);
#3689 = DEFINITIONAL_REPRESENTATION('',(#3690),#3694);
#3690 = LINE('',#3691,#3692);
#3691 = CARTESIAN_POINT('',(191.392422881,5.38821785838));
#3692 = VECTOR('',#3693,1.);
#3693 = DIRECTION('',(-0.993675441281,0.112290326368));
#3694 = ( GEOMETRIC_REPRESENTATION_CONTEXT(2) 
PARAMETRIC_REPRESENTATION_CONTEXT() REPRESENTATION_CONTEXT('2D SPACE',''
  ) );
#3695 = PCURVE('',#3696,#3701);
#3696 = PLANE('',#3697);
#3697 = AXIS2_PLACEMENT_3D('',#3698,#3699,#3700);
#3698 = CARTESIAN_POINT('',(-2.999984384486,-360.5661484687,
    -40.94376559263));
#3699 = DIRECTION('',(-6.891613317404E-14,0.112290326368,0.993675441281)
  );
#3700 = DIRECTION('',(5.079195927256E-14,0.993675441281,-0.112290326368)
  );
#3701 = DEFINITIONAL_REPRESENTATION('',(#3702),#3706);
#3702 = LINE('',#3703,#3704);
#3703 = CARTESIAN_POINT('',(0.,0.));
#3704 = VECTOR('',#3705,1.);
#3705 = DIRECTION('',(1.,0.));
#3706 = ( GEOMETRIC_REPRESENTATION_CONTEXT(2) 
PARAMETRIC_REPRESENTATION_CONTEXT() REPRESENTATION_CONTEXT('2D SPACE',''
  ) );
#3707 = ORIENTED_EDGE('',*,*,#3708,.T.);
#3708 = EDGE_CURVE('',#3681,#3709,#3711,.T.);
#3709 = VERTEX_POINT('',#3710);
#3710 = CARTESIAN_POINT('',(-2.999984384486,-357.706087112,
    -41.24780768544));
#3711 = SURFACE_CURVE('',#3712,(#3716,#3723),.PCURVE_S1.);
#3712 = LINE('',#3713,#3714);
#3713 = CARTESIAN_POINT('',(-2.999984384486,-359.137124074,
    -41.10525254199));
#3714 = VECTOR('',#3715,1.);
#3715 = DIRECTION('',(4.987518559011E-14,0.995074884622,
    -9.912605103687E-02));
#3716 = PCURVE('',#44,#3717);
#3717 = DEFINITIONAL_REPRESENTATION('',(#3718),#3722);
#3718 = LINE('',#3719,#3720);
#3719 = CARTESIAN_POINT('',(189.9633984863,5.54970480774));
#3720 = VECTOR('',#3721,1.);
#3721 = DIRECTION('',(-0.995074884622,9.912605103687E-02));
#3722 = ( GEOMETRIC_REPRESENTATION_CONTEXT(2) 
PARAMETRIC_REPRESENTATION_CONTEXT() REPRESENTATION_CONTEXT('2D SPACE',''
  ) );
#3723 = PCURVE('',#3724,#3729);
#3724 = PLANE('',#3725);
#3725 = AXIS2_PLACEMENT_3D('',#3726,#3727,#3728);
#3726 = CARTESIAN_POINT('',(-2.999984384486,-359.137124074,
    -41.10525254199));
#3727 = DIRECTION('',(-6.958248630774E-14,9.912605103687E-02,
    0.995074884622));
#3728 = DIRECTION('',(4.987518559011E-14,0.995074884622,
    -9.912605103687E-02));
#3729 = DEFINITIONAL_REPRESENTATION('',(#3730),#3734);
#3730 = LINE('',#3731,#3732);
#3731 = CARTESIAN_POINT('',(0.,0.));
#3732 = VECTOR('',#3733,1.);
#3733 = DIRECTION('',(1.,1.577721810442E-30));
#3734 = ( GEOMETRIC_REPRESENTATION_CONTEXT(2) 
PARAMETRIC_REPRESENTATION_CONTEXT() REPRESENTATION_CONTEXT('2D SPACE',''
  ) );
#3735 = ORIENTED_EDGE('',*,*,#3736,.T.);
#3736 = EDGE_CURVE('',#3709,#3737,#3739,.T.);
#3737 = VERTEX_POINT('',#3738);
#3738 = CARTESIAN_POINT('',(-2.999984384486,-356.2732883814,
    -41.37140603927));
#3739 = SURFACE_CURVE('',#3740,(#3744,#3751),.PCURVE_S1.);
#3740 = LINE('',#3741,#3742);
#3741 = CARTESIAN_POINT('',(-2.999984384486,-357.706087112,
    -41.24780768544));
#3742 = VECTOR('',#3743,1.);
#3743 = DIRECTION('',(4.894967095284E-14,0.996299934536,
    -8.594440321261E-02));
#3744 = PCURVE('',#44,#3745);
#3745 = DEFINITIONAL_REPRESENTATION('',(#3746),#3750);
#3746 = LINE('',#3747,#3748);
#3747 = CARTESIAN_POINT('',(188.5323615243,5.69225995119));
#3748 = VECTOR('',#3749,1.);
#3749 = DIRECTION('',(-0.996299934536,8.594440321261E-02));
#3750 = ( GEOMETRIC_REPRESENTATION_CONTEXT(2) 
PARAMETRIC_REPRESENTATION_CONTEXT() REPRESENTATION_CONTEXT('2D SPACE',''
  ) );
#3751 = PCURVE('',#3752,#3757);
#3752 = PLANE('',#3753);
#3753 = AXIS2_PLACEMENT_3D('',#3754,#3755,#3756);
#3754 = CARTESIAN_POINT('',(-2.999984384486,-357.706087112,
    -41.24780768544));
#3755 = DIRECTION('',(-7.023664465236E-14,8.594440321261E-02,
    0.996299934536));
#3756 = DIRECTION('',(4.894967095284E-14,0.996299934536,
    -8.594440321261E-02));
#3757 = DEFINITIONAL_REPRESENTATION('',(#3758),#3762);
#3758 = LINE('',#3759,#3760);
#3759 = CARTESIAN_POINT('',(0.,0.));
#3760 = VECTOR('',#3761,1.);
#3761 = DIRECTION('',(1.,-1.814380082008E-29));
#3762 = ( GEOMETRIC_REPRESENTATION_CONTEXT(2) 
PARAMETRIC_REPRESENTATION_CONTEXT() REPRESENTATION_CONTEXT('2D SPACE',''
  ) );
#3763 = ORIENTED_EDGE('',*,*,#3764,.T.);
#3764 = EDGE_CURVE('',#3737,#3765,#3767,.T.);
#3765 = VERTEX_POINT('',#3766);
#3766 = CARTESIAN_POINT('',(-2.999984384486,-354.8389789896,
    -41.47602594204));
#3767 = SURFACE_CURVE('',#3768,(#3772,#3779),.PCURVE_S1.);
#3768 = LINE('',#3769,#3770);
#3769 = CARTESIAN_POINT('',(-2.999984384486,-356.2732883814,
    -41.37140603927));
#3770 = VECTOR('',#3771,1.);
#3771 = DIRECTION('',(4.801557756333E-14,0.997350376324,
    -7.27476930656E-02));
#3772 = PCURVE('',#44,#3773);
#3773 = DEFINITIONAL_REPRESENTATION('',(#3774),#3778);
#3774 = LINE('',#3775,#3776);
#3775 = CARTESIAN_POINT('',(187.0995627937,5.81585830502));
#3776 = VECTOR('',#3777,1.);
#3777 = DIRECTION('',(-0.997350376324,7.27476930656E-02));
#3778 = ( GEOMETRIC_REPRESENTATION_CONTEXT(2) 
PARAMETRIC_REPRESENTATION_CONTEXT() REPRESENTATION_CONTEXT('2D SPACE',''
  ) );
#3779 = PCURVE('',#3780,#3785);
#3780 = PLANE('',#3781);
#3781 = AXIS2_PLACEMENT_3D('',#3782,#3783,#3784);
#3782 = CARTESIAN_POINT('',(-2.999984384486,-356.2732883814,
    -41.37140603927));
#3783 = DIRECTION('',(-7.087849356239E-14,7.27476930656E-02,
    0.997350376324));
#3784 = DIRECTION('',(4.801557756333E-14,0.997350376324,
    -7.27476930656E-02));
#3785 = DEFINITIONAL_REPRESENTATION('',(#3786),#3790);
#3786 = LINE('',#3787,#3788);
#3787 = CARTESIAN_POINT('',(0.,0.));
#3788 = VECTOR('',#3789,1.);
#3789 = DIRECTION('',(1.,-2.99767143984E-29));
#3790 = ( GEOMETRIC_REPRESENTATION_CONTEXT(2) 
PARAMETRIC_REPRESENTATION_CONTEXT() REPRESENTATION_CONTEXT('2D SPACE',''
  ) );
#3791 = ORIENTED_EDGE('',*,*,#3792,.T.);
#3792 = EDGE_CURVE('',#3765,#3793,#3795,.T.);
#3793 = VERTEX_POINT('',#3794);
#3794 = CARTESIAN_POINT('',(-2.999984384485,-353.4034103088,
    -41.56164905842));
#3795 = SURFACE_CURVE('',#3796,(#3800,#3807),.PCURVE_S1.);
#3796 = LINE('',#3797,#3798);
#3797 = CARTESIAN_POINT('',(-2.999984384486,-354.8389789896,
    -41.47602594204));
#3798 = VECTOR('',#3799,1.);
#3799 = DIRECTION('',(4.707306912761E-14,0.998226025889,
    -5.953823340626E-02));
#3800 = PCURVE('',#44,#3801);
#3801 = DEFINITIONAL_REPRESENTATION('',(#3802),#3806);
#3802 = LINE('',#3803,#3804);
#3803 = CARTESIAN_POINT('',(185.6652534019,5.92047820779));
#3804 = VECTOR('',#3805,1.);
#3805 = DIRECTION('',(-0.998226025889,5.953823340626E-02));
#3806 = ( GEOMETRIC_REPRESENTATION_CONTEXT(2) 
PARAMETRIC_REPRESENTATION_CONTEXT() REPRESENTATION_CONTEXT('2D SPACE',''
  ) );
#3807 = PCURVE('',#3808,#3813);
#3808 = PLANE('',#3809);
#3809 = AXIS2_PLACEMENT_3D('',#3810,#3811,#3812);
#3810 = CARTESIAN_POINT('',(-2.999984384486,-354.8389789896,
    -41.47602594204));
#3811 = DIRECTION('',(-7.150792054959E-14,5.953823340626E-02,
    0.998226025889));
#3812 = DIRECTION('',(4.707306912761E-14,0.998226025889,
    -5.953823340626E-02));
#3813 = DEFINITIONAL_REPRESENTATION('',(#3814),#3818);
#3814 = LINE('',#3815,#3816);
#3815 = CARTESIAN_POINT('',(0.,0.));
#3816 = VECTOR('',#3817,1.);
#3817 = DIRECTION('',(1.,6.310887241768E-30));
#3818 = ( GEOMETRIC_REPRESENTATION_CONTEXT(2) 
PARAMETRIC_REPRESENTATION_CONTEXT() REPRESENTATION_CONTEXT('2D SPACE',''
  ) );
#3819 = ORIENTED_EDGE('',*,*,#3820,.T.);
#3820 = EDGE_CURVE('',#3793,#3821,#3823,.T.);
#3821 = VERTEX_POINT('',#3822);
#3822 = CARTESIAN_POINT('',(-2.999984384485,-351.9668339318,
    -41.6282603824));
#3823 = SURFACE_CURVE('',#3824,(#3828,#3835),.PCURVE_S1.);
#3824 = LINE('',#3825,#3826);
#3825 = CARTESIAN_POINT('',(-2.999984384485,-353.4034103088,
    -41.56164905842));
#3826 = VECTOR('',#3827,1.);
#3827 = DIRECTION('',(4.612231082642E-14,0.998926729769,
    -4.63183392793E-02));
#3828 = PCURVE('',#44,#3829);
#3829 = DEFINITIONAL_REPRESENTATION('',(#3830),#3834);
#3830 = LINE('',#3831,#3832);
#3831 = CARTESIAN_POINT('',(184.2296847211,6.00610132417));
#3832 = VECTOR('',#3833,1.);
#3833 = DIRECTION('',(-0.998926729769,4.63183392793E-02));
#3834 = ( GEOMETRIC_REPRESENTATION_CONTEXT(2) 
PARAMETRIC_REPRESENTATION_CONTEXT() REPRESENTATION_CONTEXT('2D SPACE',''
  ) );
#3835 = PCURVE('',#3836,#3841);
#3836 = PLANE('',#3837);
#3837 = AXIS2_PLACEMENT_3D('',#3838,#3839,#3840);
#3838 = CARTESIAN_POINT('',(-2.999984384485,-353.4034103088,
    -41.56164905842));
#3839 = DIRECTION('',(-7.212481530265E-14,4.63183392793E-02,
    0.998926729769));
#3840 = DIRECTION('',(4.612231082642E-14,0.998926729769,
    -4.63183392793E-02));
#3841 = DEFINITIONAL_REPRESENTATION('',(#3842),#3846);
#3842 = LINE('',#3843,#3844);
#3843 = CARTESIAN_POINT('',(0.,0.));
#3844 = VECTOR('',#3845,1.);
#3845 = DIRECTION('',(1.,-7.88860905221E-31));
#3846 = ( GEOMETRIC_REPRESENTATION_CONTEXT(2) 
PARAMETRIC_REPRESENTATION_CONTEXT() REPRESENTATION_CONTEXT('2D SPACE',''
  ) );
#3847 = ORIENTED_EDGE('',*,*,#3848,.T.);
#3848 = EDGE_CURVE('',#3821,#3849,#3851,.T.);
#3849 = VERTEX_POINT('',#3850);
#3850 = CARTESIAN_POINT('',(-2.999984384485,-350.5295016281,
    -41.67584823991));
#3851 = SURFACE_CURVE('',#3852,(#3856,#3863),.PCURVE_S1.);
#3852 = LINE('',#3853,#3854);
#3853 = CARTESIAN_POINT('',(-2.999984384485,-351.9668339318,
    -41.6282603824));
#3854 = VECTOR('',#3855,1.);
#3855 = DIRECTION('',(4.51634692865E-14,0.999452365159,
    -3.309032755833E-02));
#3856 = PCURVE('',#44,#3857);
#3857 = DEFINITIONAL_REPRESENTATION('',(#3858),#3862);
#3858 = LINE('',#3859,#3860);
#3859 = CARTESIAN_POINT('',(182.7931083441,6.07271264815));
#3860 = VECTOR('',#3861,1.);
#3861 = DIRECTION('',(-0.999452365159,3.309032755833E-02));
#3862 = ( GEOMETRIC_REPRESENTATION_CONTEXT(2) 
PARAMETRIC_REPRESENTATION_CONTEXT() REPRESENTATION_CONTEXT('2D SPACE',''
  ) );
#3863 = PCURVE('',#3864,#3869);
#3864 = PLANE('',#3865);
#3865 = AXIS2_PLACEMENT_3D('',#3866,#3867,#3868);
#3866 = CARTESIAN_POINT('',(-2.999984384485,-351.9668339318,
    -41.6282603824));
#3867 = DIRECTION('',(-7.272906970684E-14,3.309032755833E-02,
    0.999452365159));
#3868 = DIRECTION('',(4.51634692865E-14,0.999452365159,
    -3.309032755833E-02));
#3869 = DEFINITIONAL_REPRESENTATION('',(#3870),#3874);
#3870 = LINE('',#3871,#3872);
#3871 = CARTESIAN_POINT('',(0.,0.));
#3872 = VECTOR('',#3873,1.);
#3873 = DIRECTION('',(1.,-3.155443620884E-30));
#3874 = ( GEOMETRIC_REPRESENTATION_CONTEXT(2) 
PARAMETRIC_REPRESENTATION_CONTEXT() REPRESENTATION_CONTEXT('2D SPACE',''
  ) );
#3875 = ORIENTED_EDGE('',*,*,#3876,.T.);
#3876 = EDGE_CURVE('',#3849,#3877,#3879,.T.);
#3877 = VERTEX_POINT('',#3878);
#3878 = CARTESIAN_POINT('',(-2.999984384485,-349.0916652997,
    -41.70440429086));
#3879 = SURFACE_CURVE('',#3880,(#3884,#3891),.PCURVE_S1.);
#3880 = LINE('',#3881,#3882);
#3881 = CARTESIAN_POINT('',(-2.999984384485,-350.5295016281,
    -41.67584823991));
#3882 = VECTOR('',#3883,1.);
#3883 = DIRECTION('',(4.419671255113E-14,0.999802839939,
    -1.985651653951E-02));
#3884 = PCURVE('',#44,#3885);
#3885 = DEFINITIONAL_REPRESENTATION('',(#3886),#3890);
#3886 = LINE('',#3887,#3888);
#3887 = CARTESIAN_POINT('',(181.3557760404,6.12030050566));
#3888 = VECTOR('',#3889,1.);
#3889 = DIRECTION('',(-0.999802839939,1.985651653951E-02));
#3890 = ( GEOMETRIC_REPRESENTATION_CONTEXT(2) 
PARAMETRIC_REPRESENTATION_CONTEXT() REPRESENTATION_CONTEXT('2D SPACE',''
  ) );
#3891 = PCURVE('',#3892,#3897);
#3892 = PLANE('',#3893);
#3893 = AXIS2_PLACEMENT_3D('',#3894,#3895,#3896);
#3894 = CARTESIAN_POINT('',(-2.999984384485,-350.5295016281,
    -41.67584823991));
#3895 = DIRECTION('',(-7.332057786251E-14,1.985651653951E-02,
    0.999802839939));
#3896 = DIRECTION('',(4.419671255113E-14,0.999802839939,
    -1.985651653951E-02));
#3897 = DEFINITIONAL_REPRESENTATION('',(#3898),#3902);
#3898 = LINE('',#3899,#3900);
#3899 = CARTESIAN_POINT('',(0.,0.));
#3900 = VECTOR('',#3901,1.);
#3901 = DIRECTION('',(1.,2.563797941968E-30));
#3902 = ( GEOMETRIC_REPRESENTATION_CONTEXT(2) 
PARAMETRIC_REPRESENTATION_CONTEXT() REPRESENTATION_CONTEXT('2D SPACE',''
  ) );
#3903 = ORIENTED_EDGE('',*,*,#3904,.T.);
#3904 = EDGE_CURVE('',#3877,#3905,#3907,.T.);
#3905 = VERTEX_POINT('',#3906);
#3906 = CARTESIAN_POINT('',(-2.999984384485,-347.6535769368,
    -41.71392353061));
#3907 = SURFACE_CURVE('',#3908,(#3912,#3919),.PCURVE_S1.);
#3908 = LINE('',#3909,#3910);
#3909 = CARTESIAN_POINT('',(-2.999984384485,-349.0916652997,
    -41.70440429086));
#3910 = VECTOR('',#3911,1.);
#3911 = DIRECTION('',(4.322221005072E-14,0.999978092687,
    -6.619225535343E-03));
#3912 = PCURVE('',#44,#3913);
#3913 = DEFINITIONAL_REPRESENTATION('',(#3914),#3918);
#3914 = LINE('',#3915,#3916);
#3915 = CARTESIAN_POINT('',(179.917939712,6.14885655661));
#3916 = VECTOR('',#3917,1.);
#3917 = DIRECTION('',(-0.999978092687,6.619225535343E-03));
#3918 = ( GEOMETRIC_REPRESENTATION_CONTEXT(2) 
PARAMETRIC_REPRESENTATION_CONTEXT() REPRESENTATION_CONTEXT('2D SPACE',''
  ) );
#3919 = PCURVE('',#3920,#3925);
#3920 = PLANE('',#3921);
#3921 = AXIS2_PLACEMENT_3D('',#3922,#3923,#3924);
#3922 = CARTESIAN_POINT('',(-2.999984384485,-349.0916652997,
    -41.70440429086));
#3923 = DIRECTION('',(-7.389923610391E-14,6.619225535343E-03,
    0.999978092687));
#3924 = DIRECTION('',(4.322221005072E-14,0.999978092687,
    -6.619225535343E-03));
#3925 = DEFINITIONAL_REPRESENTATION('',(#3926),#3930);
#3926 = LINE('',#3927,#3928);
#3927 = CARTESIAN_POINT('',(0.,0.));
#3928 = VECTOR('',#3929,1.);
#3929 = DIRECTION('',(1.,2.958228394579E-31));
#3930 = ( GEOMETRIC_REPRESENTATION_CONTEXT(2) 
PARAMETRIC_REPRESENTATION_CONTEXT() REPRESENTATION_CONTEXT('2D SPACE',''
  ) );
#3931 = ORIENTED_EDGE('',*,*,#3932,.T.);
#3932 = EDGE_CURVE('',#3905,#140,#3933,.T.);
#3933 = SURFACE_CURVE('',#3934,(#3938,#3945),.PCURVE_S1.);
#3934 = LINE('',#3935,#3936);
#3935 = CARTESIAN_POINT('',(-2.999984384485,-347.6535769368,
    -41.71392353061));
#3936 = VECTOR('',#3937,1.);
#3937 = DIRECTION('',(4.27321074577E-14,1.,-1.759573240862E-12));
#3938 = PCURVE('',#44,#3939);
#3939 = DEFINITIONAL_REPRESENTATION('',(#3940),#3944);
#3940 = LINE('',#3941,#3942);
#3941 = CARTESIAN_POINT('',(178.4798513491,6.15837579636));
#3942 = VECTOR('',#3943,1.);
#3943 = DIRECTION('',(-1.,1.759573240862E-12));
#3944 = ( GEOMETRIC_REPRESENTATION_CONTEXT(2) 
PARAMETRIC_REPRESENTATION_CONTEXT() REPRESENTATION_CONTEXT('2D SPACE',''
  ) );
#3945 = PCURVE('',#3946,#3951);
#3946 = PLANE('',#3947);
#3947 = AXIS2_PLACEMENT_3D('',#3948,#3949,#3950);
#3948 = CARTESIAN_POINT('',(-2.999984384485,-347.6535769368,
    -41.71392353061));
#3949 = DIRECTION('',(-7.418371472659E-14,1.759573240862E-12,1.));
#3950 = DIRECTION('',(4.27321074577E-14,1.,-1.759573240862E-12));
#3951 = DEFINITIONAL_REPRESENTATION('',(#3952),#3956);
#3952 = LINE('',#3953,#3954);
#3953 = CARTESIAN_POINT('',(0.,0.));
#3954 = VECTOR('',#3955,1.);
#3955 = DIRECTION('',(1.,-2.712367951165E-30));
#3956 = ( GEOMETRIC_REPRESENTATION_CONTEXT(2) 
PARAMETRIC_REPRESENTATION_CONTEXT() REPRESENTATION_CONTEXT('2D SPACE',''
  ) );
#3957 = ADVANCED_FACE('',(#3958),#125,.F.);
#3958 = FACE_BOUND('',#3959,.F.);
#3959 = EDGE_LOOP('',(#3960,#3981,#4009,#4037,#4065,#4093,#4121,#4142,
    #4143));
#3960 = ORIENTED_EDGE('',*,*,#3961,.F.);
#3961 = EDGE_CURVE('',#3962,#85,#3964,.T.);
#3962 = VERTEX_POINT('',#3963);
#3963 = CARTESIAN_POINT('',(3.00001561553,1.0000001,-41.69023070604));
#3964 = SURFACE_CURVE('',#3965,(#3969,#3975),.PCURVE_S1.);
#3965 = LINE('',#3966,#3967);
#3966 = CARTESIAN_POINT('',(3.000015615528,1.0000001,-18.61759473645));
#3967 = VECTOR('',#3968,1.);
#3968 = DIRECTION('',(-7.418371472667E-14,-3.361026734717E-17,1.));
#3969 = PCURVE('',#125,#3970);
#3970 = DEFINITIONAL_REPRESENTATION('',(#3971),#3974);
#3971 = B_SPLINE_CURVE_WITH_KNOTS('',1,(#3972,#3973),.UNSPECIFIED.,.F.,
  .F.,(2,2),(-23.0892868516,18.617594632659),.PIECEWISE_BEZIER_KNOTS.);
#3972 = CARTESIAN_POINT('',(-2.718552141354,-40.02723984939));
#3973 = CARTESIAN_POINT('',(-2.718552141351,1.679641634864));
#3974 = ( GEOMETRIC_REPRESENTATION_CONTEXT(2) 
PARAMETRIC_REPRESENTATION_CONTEXT() REPRESENTATION_CONTEXT('2D SPACE',''
  ) );
#3975 = PCURVE('',#100,#3976);
#3976 = DEFINITIONAL_REPRESENTATION('',(#3977),#3980);
#3977 = B_SPLINE_CURVE_WITH_KNOTS('',1,(#3978,#3979),.UNSPECIFIED.,.F.,
  .F.,(2,2),(-23.0892868516,18.617594632659),.PIECEWISE_BEZIER_KNOTS.);
#3978 = CARTESIAN_POINT('',(-170.1737256877,6.15133385381));
#3979 = CARTESIAN_POINT('',(-170.1737256877,-35.55554763045));
#3980 = ( GEOMETRIC_REPRESENTATION_CONTEXT(2) 
PARAMETRIC_REPRESENTATION_CONTEXT() REPRESENTATION_CONTEXT('2D SPACE',''
  ) );
#3981 = ORIENTED_EDGE('',*,*,#3982,.T.);
#3982 = EDGE_CURVE('',#3962,#3983,#3985,.T.);
#3983 = VERTEX_POINT('',#3984);
#3984 = CARTESIAN_POINT('',(2.937510070602,1.0000001,-41.6927915423));
#3985 = SURFACE_CURVE('',#3986,(#3990,#3997),.PCURVE_S1.);
#3986 = LINE('',#3987,#3988);
#3987 = CARTESIAN_POINT('',(3.374858470019,1.0000001,-41.67487348975));
#3988 = VECTOR('',#3989,1.);
#3989 = DIRECTION('',(-0.999161795044,-1.584189904001E-15,
    -4.093540429875E-02));
#3990 = PCURVE('',#125,#3991);
#3991 = DEFINITIONAL_REPRESENTATION('',(#3992),#3996);
#3992 = LINE('',#3993,#3994);
#3993 = CARTESIAN_POINT('',(-3.093394995843,-39.99523175108));
#3994 = VECTOR('',#3995,1.);
#3995 = DIRECTION('',(0.999161795044,-4.093540429875E-02));
#3996 = ( GEOMETRIC_REPRESENTATION_CONTEXT(2) 
PARAMETRIC_REPRESENTATION_CONTEXT() REPRESENTATION_CONTEXT('2D SPACE',''
  ) );
#3997 = PCURVE('',#3998,#4003);
#3998 = PLANE('',#3999);
#3999 = AXIS2_PLACEMENT_3D('',#4000,#4001,#4002);
#4000 = CARTESIAN_POINT('',(3.374858470019,-4.9999999,-41.67487348975));
#4001 = DIRECTION('',(-4.093540429875E-02,-9.854232021453E-17,
    0.999161795044));
#4002 = DIRECTION('',(-0.999161795044,-1.584189904001E-15,
    -4.093540429875E-02));
#4003 = DEFINITIONAL_REPRESENTATION('',(#4004),#4008);
#4004 = LINE('',#4005,#4006);
#4005 = CARTESIAN_POINT('',(-0.,-6.));
#4006 = VECTOR('',#4007,1.);
#4007 = DIRECTION('',(1.,0.));
#4008 = ( GEOMETRIC_REPRESENTATION_CONTEXT(2) 
PARAMETRIC_REPRESENTATION_CONTEXT() REPRESENTATION_CONTEXT('2D SPACE',''
  ) );
#4009 = ORIENTED_EDGE('',*,*,#4010,.T.);
#4010 = EDGE_CURVE('',#3983,#4011,#4013,.T.);
#4011 = VERTEX_POINT('',#4012);
#4012 = CARTESIAN_POINT('',(2.500021613966,1.0000001,-41.70688158806));
#4013 = SURFACE_CURVE('',#4014,(#4018,#4025),.PCURVE_S1.);
#4014 = LINE('',#4015,#4016);
#4015 = CARTESIAN_POINT('',(2.937510070602,1.0000001,-41.6927915423));
#4016 = VECTOR('',#4017,1.);
#4017 = DIRECTION('',(-0.999481768372,-1.584991604474E-15,
    -3.218997813321E-02));
#4018 = PCURVE('',#125,#4019);
#4019 = DEFINITIONAL_REPRESENTATION('',(#4020),#4024);
#4020 = LINE('',#4021,#4022);
#4021 = CARTESIAN_POINT('',(-2.656046596426,-40.01314980363));
#4022 = VECTOR('',#4023,1.);
#4023 = DIRECTION('',(0.999481768372,-3.218997813321E-02));
#4024 = ( GEOMETRIC_REPRESENTATION_CONTEXT(2) 
PARAMETRIC_REPRESENTATION_CONTEXT() REPRESENTATION_CONTEXT('2D SPACE',''
  ) );
#4025 = PCURVE('',#4026,#4031);
#4026 = PLANE('',#4027);
#4027 = AXIS2_PLACEMENT_3D('',#4028,#4029,#4030);
#4028 = CARTESIAN_POINT('',(2.937510070602,-4.9999999,-41.6927915423));
#4029 = DIRECTION('',(-3.218997813321E-02,-8.467499369624E-17,
    0.999481768372));
#4030 = DIRECTION('',(-0.999481768372,-1.584991604474E-15,
    -3.218997813321E-02));
#4031 = DEFINITIONAL_REPRESENTATION('',(#4032),#4036);
#4032 = LINE('',#4033,#4034);
#4033 = CARTESIAN_POINT('',(-0.,-6.));
#4034 = VECTOR('',#4035,1.);
#4035 = DIRECTION('',(1.,0.));
#4036 = ( GEOMETRIC_REPRESENTATION_CONTEXT(2) 
PARAMETRIC_REPRESENTATION_CONTEXT() REPRESENTATION_CONTEXT('2D SPACE',''
  ) );
#4037 = ORIENTED_EDGE('',*,*,#4038,.T.);
#4038 = EDGE_CURVE('',#4011,#4039,#4041,.T.);
#4039 = VERTEX_POINT('',#4040);
#4040 = CARTESIAN_POINT('',(2.500021613966,1.0000001,-34.21394618881));
#4041 = SURFACE_CURVE('',#4042,(#4046,#4053),.PCURVE_S1.);
#4042 = LINE('',#4043,#4044);
#4043 = CARTESIAN_POINT('',(2.500021613966,1.0000001,-41.70688158806));
#4044 = VECTOR('',#4045,1.);
#4045 = DIRECTION('',(9.482835469677E-15,-3.361026734703E-17,1.));
#4046 = PCURVE('',#125,#4047);
#4047 = DEFINITIONAL_REPRESENTATION('',(#4048),#4052);
#4048 = LINE('',#4049,#4050);
#4049 = CARTESIAN_POINT('',(-2.21855813979,-40.02723984939));
#4050 = VECTOR('',#4051,1.);
#4051 = DIRECTION('',(-9.482835469677E-15,1.));
#4052 = ( GEOMETRIC_REPRESENTATION_CONTEXT(2) 
PARAMETRIC_REPRESENTATION_CONTEXT() REPRESENTATION_CONTEXT('2D SPACE',''
  ) );
#4053 = PCURVE('',#4054,#4059);
#4054 = PLANE('',#4055);
#4055 = AXIS2_PLACEMENT_3D('',#4056,#4057,#4058);
#4056 = CARTESIAN_POINT('',(2.500021613966,-4.9999999,-41.70688158806));
#4057 = DIRECTION('',(1.,1.58689589789E-15,-9.482835469677E-15));
#4058 = DIRECTION('',(9.482835469677E-15,-3.361026734703E-17,1.));
#4059 = DEFINITIONAL_REPRESENTATION('',(#4060),#4064);
#4060 = LINE('',#4061,#4062);
#4061 = CARTESIAN_POINT('',(0.,-6.));
#4062 = VECTOR('',#4063,1.);
#4063 = DIRECTION('',(1.,0.));
#4064 = ( GEOMETRIC_REPRESENTATION_CONTEXT(2) 
PARAMETRIC_REPRESENTATION_CONTEXT() REPRESENTATION_CONTEXT('2D SPACE',''
  ) );
#4065 = ORIENTED_EDGE('',*,*,#4066,.T.);
#4066 = EDGE_CURVE('',#4039,#4067,#4069,.T.);
#4067 = VERTEX_POINT('',#4068);
#4068 = CARTESIAN_POINT('',(-2.499978386034,1.0000001,-34.21394618881));
#4069 = SURFACE_CURVE('',#4070,(#4074,#4081),.PCURVE_S1.);
#4070 = LINE('',#4071,#4072);
#4071 = CARTESIAN_POINT('',(2.500021613966,1.0000001,-34.21394618881));
#4072 = VECTOR('',#4073,1.);
#4073 = DIRECTION('',(-1.,-1.58689589789E-15,-5.333599538002E-32));
#4074 = PCURVE('',#125,#4075);
#4075 = DEFINITIONAL_REPRESENTATION('',(#4076),#4080);
#4076 = LINE('',#4077,#4078);
#4077 = CARTESIAN_POINT('',(-2.21855813979,-32.53430445014));
#4078 = VECTOR('',#4079,1.);
#4079 = DIRECTION('',(1.,0.));
#4080 = ( GEOMETRIC_REPRESENTATION_CONTEXT(2) 
PARAMETRIC_REPRESENTATION_CONTEXT() REPRESENTATION_CONTEXT('2D SPACE',''
  ) );
#4081 = PCURVE('',#4082,#4087);
#4082 = PLANE('',#4083);
#4083 = AXIS2_PLACEMENT_3D('',#4084,#4085,#4086);
#4084 = CARTESIAN_POINT('',(2.500021613966,-4.9999999,-34.21394618881));
#4085 = DIRECTION('',(0.,-3.361026734705E-17,1.));
#4086 = DIRECTION('',(-1.,-1.58689589789E-15,-5.333599538002E-32));
#4087 = DEFINITIONAL_REPRESENTATION('',(#4088),#4092);
#4088 = LINE('',#4089,#4090);
#4089 = CARTESIAN_POINT('',(0.,-6.));
#4090 = VECTOR('',#4091,1.);
#4091 = DIRECTION('',(1.,0.));
#4092 = ( GEOMETRIC_REPRESENTATION_CONTEXT(2) 
PARAMETRIC_REPRESENTATION_CONTEXT() REPRESENTATION_CONTEXT('2D SPACE',''
  ) );
#4093 = ORIENTED_EDGE('',*,*,#4094,.T.);
#4094 = EDGE_CURVE('',#4067,#4095,#4097,.T.);
#4095 = VERTEX_POINT('',#4096);
#4096 = CARTESIAN_POINT('',(-2.499978386034,1.0000001,-41.70688158806));
#4097 = SURFACE_CURVE('',#4098,(#4102,#4109),.PCURVE_S1.);
#4098 = LINE('',#4099,#4100);
#4099 = CARTESIAN_POINT('',(-2.499978386034,1.0000001,-34.21394618881));
#4100 = VECTOR('',#4101,1.);
#4101 = DIRECTION('',(0.,3.361026734705E-17,-1.));
#4102 = PCURVE('',#125,#4103);
#4103 = DEFINITIONAL_REPRESENTATION('',(#4104),#4108);
#4104 = LINE('',#4105,#4106);
#4105 = CARTESIAN_POINT('',(2.78144186021,-32.53430445014));
#4106 = VECTOR('',#4107,1.);
#4107 = DIRECTION('',(0.,-1.));
#4108 = ( GEOMETRIC_REPRESENTATION_CONTEXT(2) 
PARAMETRIC_REPRESENTATION_CONTEXT() REPRESENTATION_CONTEXT('2D SPACE',''
  ) );
#4109 = PCURVE('',#4110,#4115);
#4110 = PLANE('',#4111);
#4111 = AXIS2_PLACEMENT_3D('',#4112,#4113,#4114);
#4112 = CARTESIAN_POINT('',(-2.499978386034,-4.9999999,-34.21394618881)
  );
#4113 = DIRECTION('',(-1.,-1.58689589789E-15,-5.333599538002E-32));
#4114 = DIRECTION('',(0.,3.361026734705E-17,-1.));
#4115 = DEFINITIONAL_REPRESENTATION('',(#4116),#4120);
#4116 = LINE('',#4117,#4118);
#4117 = CARTESIAN_POINT('',(0.,-6.));
#4118 = VECTOR('',#4119,1.);
#4119 = DIRECTION('',(1.,0.));
#4120 = ( GEOMETRIC_REPRESENTATION_CONTEXT(2) 
PARAMETRIC_REPRESENTATION_CONTEXT() REPRESENTATION_CONTEXT('2D SPACE',''
  ) );
#4121 = ORIENTED_EDGE('',*,*,#4122,.T.);
#4122 = EDGE_CURVE('',#4095,#164,#4123,.T.);
#4123 = SURFACE_CURVE('',#4124,(#4128,#4135),.PCURVE_S1.);
#4124 = LINE('',#4125,#4126);
#4125 = CARTESIAN_POINT('',(-2.499978386034,1.0000001,-41.70688158806));
#4126 = VECTOR('',#4127,1.);
#4127 = DIRECTION('',(-0.99933134846,-1.587063711095E-15,
    3.656304123959E-02));
#4128 = PCURVE('',#125,#4129);
#4129 = DEFINITIONAL_REPRESENTATION('',(#4130),#4134);
#4130 = LINE('',#4131,#4132);
#4131 = CARTESIAN_POINT('',(2.78144186021,-40.02723984939));
#4132 = VECTOR('',#4133,1.);
#4133 = DIRECTION('',(0.99933134846,3.656304123959E-02));
#4134 = ( GEOMETRIC_REPRESENTATION_CONTEXT(2) 
PARAMETRIC_REPRESENTATION_CONTEXT() REPRESENTATION_CONTEXT('2D SPACE',''
  ) );
#4135 = PCURVE('',#199,#4136);
#4136 = DEFINITIONAL_REPRESENTATION('',(#4137),#4141);
#4137 = LINE('',#4138,#4139);
#4138 = CARTESIAN_POINT('',(0.,-6.));
#4139 = VECTOR('',#4140,1.);
#4140 = DIRECTION('',(1.,0.));
#4141 = ( GEOMETRIC_REPRESENTATION_CONTEXT(2) 
PARAMETRIC_REPRESENTATION_CONTEXT() REPRESENTATION_CONTEXT('2D SPACE',''
  ) );
#4142 = ORIENTED_EDGE('',*,*,#163,.T.);
#4143 = ORIENTED_EDGE('',*,*,#112,.T.);
#4144 = ADVANCED_FACE('',(#4145),#100,.T.);
#4145 = FACE_BOUND('',#4146,.T.);
#4146 = EDGE_LOOP('',(#4147,#4170,#4171,#4172,#4193,#4214,#4237,#4260,
    #4283,#4306,#4329,#4352,#4375,#4398,#4421,#4444,#4467,#4490,#4513,
    #4536,#4559,#4582,#4605,#4628,#4651,#4674,#4697,#4720,#4743,#4766,
    #4789,#4812,#4835,#4858,#4881,#4904,#4927,#4950,#4973,#4996,#5019,
    #5042,#5065,#5088,#5111,#5134,#5157,#5180,#5203,#5226,#5249,#5272,
    #5295,#5318,#5341,#5364,#5387,#5410,#5433,#5456,#5479,#5502,#5525,
    #5548,#5571,#5594,#5617,#5640,#5663,#5686,#5709,#5732,#5755,#5778,
    #5801,#5824,#5847,#5870,#5893,#5916,#5939,#5962,#5985,#6008,#6031,
    #6054,#6077,#6100,#6123,#6146,#6169,#6192,#6215,#6238,#6261,#6284,
    #6307,#6330,#6353,#6376,#6399,#6422,#6445,#6468,#6491,#6514,#6537,
    #6560,#6583,#6606,#6629,#6652,#6675,#6698,#6721,#6744,#6767,#6790,
    #6813,#6836,#6859,#6882,#6905,#6928,#6951,#6974,#6997,#7020,#7043,
    #7066,#7089,#7112,#7135,#7158,#7181,#7204,#7227,#7250));
#4147 = ORIENTED_EDGE('',*,*,#4148,.T.);
#4148 = EDGE_CURVE('',#4149,#57,#4151,.T.);
#4149 = VERTEX_POINT('',#4150);
#4150 = CARTESIAN_POINT('',(3.000015615534,100.,-41.7139235314));
#4151 = SURFACE_CURVE('',#4152,(#4156,#4163),.PCURVE_S1.);
#4152 = LINE('',#4153,#4154);
#4153 = CARTESIAN_POINT('',(3.000015615534,100.,-41.7139235314));
#4154 = VECTOR('',#4155,1.);
#4155 = DIRECTION('',(-7.418371472667E-14,0.,1.));
#4156 = PCURVE('',#100,#4157);
#4157 = DEFINITIONAL_REPRESENTATION('',(#4158),#4162);
#4158 = LINE('',#4159,#4160);
#4159 = CARTESIAN_POINT('',(-269.1737255877,6.15837579715));
#4160 = VECTOR('',#4161,1.);
#4161 = DIRECTION('',(-2.195442330027E-40,-1.));
#4162 = ( GEOMETRIC_REPRESENTATION_CONTEXT(2) 
PARAMETRIC_REPRESENTATION_CONTEXT() REPRESENTATION_CONTEXT('2D SPACE',''
  ) );
#4163 = PCURVE('',#72,#4164);
#4164 = DEFINITIONAL_REPRESENTATION('',(#4165),#4169);
#4165 = LINE('',#4166,#4167);
#4166 = CARTESIAN_POINT('',(-4.4510228836E-13,-6.));
#4167 = VECTOR('',#4168,1.);
#4168 = DIRECTION('',(1.,0.));
#4169 = ( GEOMETRIC_REPRESENTATION_CONTEXT(2) 
PARAMETRIC_REPRESENTATION_CONTEXT() REPRESENTATION_CONTEXT('2D SPACE',''
  ) );
#4170 = ORIENTED_EDGE('',*,*,#84,.T.);
#4171 = ORIENTED_EDGE('',*,*,#3961,.F.);
#4172 = ORIENTED_EDGE('',*,*,#4173,.T.);
#4173 = EDGE_CURVE('',#3962,#4174,#4176,.T.);
#4174 = VERTEX_POINT('',#4175);
#4175 = CARTESIAN_POINT('',(3.000015615529,-4.9999999,-41.69023070604));
#4176 = SURFACE_CURVE('',#4177,(#4181,#4187),.PCURVE_S1.);
#4177 = LINE('',#4178,#4179);
#4178 = CARTESIAN_POINT('',(3.000015615526,-87.08686274385,
    -41.69023070604));
#4179 = VECTOR('',#4180,1.);
#4180 = DIRECTION('',(-4.273210745757E-14,-1.,-1.849348548647E-15));
#4181 = PCURVE('',#100,#4182);
#4182 = DEFINITIONAL_REPRESENTATION('',(#4183),#4186);
#4183 = B_SPLINE_CURVE_WITH_KNOTS('',1,(#4184,#4185),.UNSPECIFIED.,.F.,
  .F.,(2,2),(-88.08686284385,-82.08686284385),.PIECEWISE_BEZIER_KNOTS.);
#4184 = CARTESIAN_POINT('',(-170.1737256877,6.134682971792));
#4185 = CARTESIAN_POINT('',(-164.1737256877,6.134682971792));
#4186 = ( GEOMETRIC_REPRESENTATION_CONTEXT(2) 
PARAMETRIC_REPRESENTATION_CONTEXT() REPRESENTATION_CONTEXT('2D SPACE',''
  ) );
#4187 = PCURVE('',#3998,#4188);
#4188 = DEFINITIONAL_REPRESENTATION('',(#4189),#4192);
#4189 = B_SPLINE_CURVE_WITH_KNOTS('',1,(#4190,#4191),.UNSPECIFIED.,.F.,
  .F.,(2,2),(-88.08686284385,-82.08686284385),.PIECEWISE_BEZIER_KNOTS.);
#4190 = CARTESIAN_POINT('',(0.375157313209,-6.));
#4191 = CARTESIAN_POINT('',(0.375157313209,0.));
#4192 = ( GEOMETRIC_REPRESENTATION_CONTEXT(2) 
PARAMETRIC_REPRESENTATION_CONTEXT() REPRESENTATION_CONTEXT('2D SPACE',''
  ) );
#4193 = ORIENTED_EDGE('',*,*,#4194,.T.);
#4194 = EDGE_CURVE('',#4174,#4195,#4197,.T.);
#4195 = VERTEX_POINT('',#4196);
#4196 = CARTESIAN_POINT('',(3.000015615529,-4.9999999,-34.21392353121));
#4197 = SURFACE_CURVE('',#4198,(#4202,#4208),.PCURVE_S1.);
#4198 = LINE('',#4199,#4200);
#4199 = CARTESIAN_POINT('',(3.000015615528,-4.9999999,-18.61759473645));
#4200 = VECTOR('',#4201,1.);
#4201 = DIRECTION('',(-7.418371472667E-14,-3.361026734717E-17,1.));
#4202 = PCURVE('',#100,#4203);
#4203 = DEFINITIONAL_REPRESENTATION('',(#4204),#4207);
#4204 = B_SPLINE_CURVE_WITH_KNOTS('',1,(#4205,#4206),.UNSPECIFIED.,.F.,
  .F.,(2,2),(-23.0892868516,18.617594632659),.PIECEWISE_BEZIER_KNOTS.);
#4205 = CARTESIAN_POINT('',(-164.1737256877,6.15133385381));
#4206 = CARTESIAN_POINT('',(-164.1737256877,-35.55554763045));
#4207 = ( GEOMETRIC_REPRESENTATION_CONTEXT(2) 
PARAMETRIC_REPRESENTATION_CONTEXT() REPRESENTATION_CONTEXT('2D SPACE',''
  ) );
#4208 = PCURVE('',#225,#4209);
#4209 = DEFINITIONAL_REPRESENTATION('',(#4210),#4213);
#4210 = B_SPLINE_CURVE_WITH_KNOTS('',1,(#4211,#4212),.UNSPECIFIED.,.F.,
  .F.,(2,2),(-23.0892868516,18.617594632659),.PIECEWISE_BEZIER_KNOTS.);
#4211 = CARTESIAN_POINT('',(-2.718552141353,-40.02723984939));
#4212 = CARTESIAN_POINT('',(-2.71855214135,1.679641634864));
#4213 = ( GEOMETRIC_REPRESENTATION_CONTEXT(2) 
PARAMETRIC_REPRESENTATION_CONTEXT() REPRESENTATION_CONTEXT('2D SPACE',''
  ) );
#4214 = ORIENTED_EDGE('',*,*,#4215,.T.);
#4215 = EDGE_CURVE('',#4195,#4216,#4218,.T.);
#4216 = VERTEX_POINT('',#4217);
#4217 = CARTESIAN_POINT('',(3.000015615514,-347.6535824749,
    -34.21392353061));
#4218 = SURFACE_CURVE('',#4219,(#4223,#4230),.PCURVE_S1.);
#4219 = LINE('',#4220,#4221);
#4220 = CARTESIAN_POINT('',(3.000015615533,100.,-34.2139235314));
#4221 = VECTOR('',#4222,1.);
#4222 = DIRECTION('',(-4.27321074577E-14,-1.,1.761366823173E-12));
#4223 = PCURVE('',#100,#4224);
#4224 = DEFINITIONAL_REPRESENTATION('',(#4225),#4229);
#4225 = LINE('',#4226,#4227);
#4226 = CARTESIAN_POINT('',(-269.1737255877,-1.34162420285));
#4227 = VECTOR('',#4228,1.);
#4228 = DIRECTION('',(1.,-1.761366823173E-12));
#4229 = ( GEOMETRIC_REPRESENTATION_CONTEXT(2) 
PARAMETRIC_REPRESENTATION_CONTEXT() REPRESENTATION_CONTEXT('2D SPACE',''
  ) );
#4230 = PCURVE('',#252,#4231);
#4231 = DEFINITIONAL_REPRESENTATION('',(#4232),#4236);
#4232 = LINE('',#4233,#4234);
#4233 = CARTESIAN_POINT('',(-2.563926447454E-13,-6.));
#4234 = VECTOR('',#4235,1.);
#4235 = DIRECTION('',(1.,2.186401530149E-30));
#4236 = ( GEOMETRIC_REPRESENTATION_CONTEXT(2) 
PARAMETRIC_REPRESENTATION_CONTEXT() REPRESENTATION_CONTEXT('2D SPACE',''
  ) );
#4237 = ORIENTED_EDGE('',*,*,#4238,.T.);
#4238 = EDGE_CURVE('',#4216,#4239,#4241,.T.);
#4239 = VERTEX_POINT('',#4240);
#4240 = CARTESIAN_POINT('',(3.000015615514,-348.885610703,
    -34.20641867057));
#4241 = SURFACE_CURVE('',#4242,(#4246,#4253),.PCURVE_S1.);
#4242 = LINE('',#4243,#4244);
#4243 = CARTESIAN_POINT('',(3.000015615514,-347.6535824749,
    -34.21392353061));
#4244 = VECTOR('',#4245,1.);
#4245 = DIRECTION('',(-4.318319398318E-14,-0.999981447527,
    6.091354598561E-03));
#4246 = PCURVE('',#100,#4247);
#4247 = DEFINITIONAL_REPRESENTATION('',(#4248),#4252);
#4248 = LINE('',#4249,#4250);
#4249 = CARTESIAN_POINT('',(178.4798568872,-1.34162420364));
#4250 = VECTOR('',#4251,1.);
#4251 = DIRECTION('',(0.999981447527,-6.091354598561E-03));
#4252 = ( GEOMETRIC_REPRESENTATION_CONTEXT(2) 
PARAMETRIC_REPRESENTATION_CONTEXT() REPRESENTATION_CONTEXT('2D SPACE',''
  ) );
#4253 = PCURVE('',#280,#4254);
#4254 = DEFINITIONAL_REPRESENTATION('',(#4255),#4259);
#4255 = LINE('',#4256,#4257);
#4256 = CARTESIAN_POINT('',(-2.564156998873E-13,-6.));
#4257 = VECTOR('',#4258,1.);
#4258 = DIRECTION('',(1.,-1.627025617018E-29));
#4259 = ( GEOMETRIC_REPRESENTATION_CONTEXT(2) 
PARAMETRIC_REPRESENTATION_CONTEXT() REPRESENTATION_CONTEXT('2D SPACE',''
  ) );
#4260 = ORIENTED_EDGE('',*,*,#4261,.T.);
#4261 = EDGE_CURVE('',#4239,#4262,#4264,.T.);
#4262 = VERTEX_POINT('',#4263);
#4263 = CARTESIAN_POINT('',(3.000015615514,-350.117456078,
    -34.18390533921));
#4264 = SURFACE_CURVE('',#4265,(#4269,#4276),.PCURVE_S1.);
#4265 = LINE('',#4266,#4267);
#4266 = CARTESIAN_POINT('',(3.000015615514,-348.885610703,
    -34.20641867057));
#4267 = VECTOR('',#4268,1.);
#4268 = DIRECTION('',(-4.408053538767E-14,-0.999833033879,
    1.82730502148E-02));
#4269 = PCURVE('',#100,#4270);
#4270 = DEFINITIONAL_REPRESENTATION('',(#4271),#4275);
#4271 = LINE('',#4272,#4273);
#4272 = CARTESIAN_POINT('',(179.7118851153,-1.34912906368));
#4273 = VECTOR('',#4274,1.);
#4274 = DIRECTION('',(0.999833033879,-1.82730502148E-02));
#4275 = ( GEOMETRIC_REPRESENTATION_CONTEXT(2) 
PARAMETRIC_REPRESENTATION_CONTEXT() REPRESENTATION_CONTEXT('2D SPACE',''
  ) );
#4276 = PCURVE('',#308,#4277);
#4277 = DEFINITIONAL_REPRESENTATION('',(#4278),#4282);
#4278 = LINE('',#4279,#4280);
#4279 = CARTESIAN_POINT('',(-2.564332668101E-13,-6.));
#4280 = VECTOR('',#4281,1.);
#4281 = DIRECTION('',(1.,-2.051038353575E-29));
#4282 = ( GEOMETRIC_REPRESENTATION_CONTEXT(2) 
PARAMETRIC_REPRESENTATION_CONTEXT() REPRESENTATION_CONTEXT('2D SPACE',''
  ) );
#4283 = ORIENTED_EDGE('',*,*,#4284,.T.);
#4284 = EDGE_CURVE('',#4262,#4285,#4287,.T.);
#4285 = VERTEX_POINT('',#4286);
#4286 = CARTESIAN_POINT('',(3.000015615514,-351.3489357745,
    -34.14638687787));
#4287 = SURFACE_CURVE('',#4288,(#4292,#4299),.PCURVE_S1.);
#4288 = LINE('',#4289,#4290);
#4289 = CARTESIAN_POINT('',(3.000015615514,-350.117456078,
    -34.18390533921));
#4290 = VECTOR('',#4291,1.);
#4291 = DIRECTION('',(-4.497133454725E-14,-0.999536229276,
    3.045203382418E-02));
#4292 = PCURVE('',#100,#4293);
#4293 = DEFINITIONAL_REPRESENTATION('',(#4294),#4298);
#4294 = LINE('',#4295,#4296);
#4295 = CARTESIAN_POINT('',(180.9437304903,-1.37164239504));
#4296 = VECTOR('',#4297,1.);
#4297 = DIRECTION('',(0.999536229276,-3.045203382418E-02));
#4298 = ( GEOMETRIC_REPRESENTATION_CONTEXT(2) 
PARAMETRIC_REPRESENTATION_CONTEXT() REPRESENTATION_CONTEXT('2D SPACE',''
  ) );
#4299 = PCURVE('',#336,#4300);
#4300 = DEFINITIONAL_REPRESENTATION('',(#4301),#4305);
#4301 = LINE('',#4302,#4303);
#4302 = CARTESIAN_POINT('',(-2.566291497155E-13,-6.));
#4303 = VECTOR('',#4304,1.);
#4304 = DIRECTION('',(1.,-7.88860905221E-31));
#4305 = ( GEOMETRIC_REPRESENTATION_CONTEXT(2) 
PARAMETRIC_REPRESENTATION_CONTEXT() REPRESENTATION_CONTEXT('2D SPACE',''
  ) );
#4306 = ORIENTED_EDGE('',*,*,#4307,.T.);
#4307 = EDGE_CURVE('',#4285,#4308,#4310,.T.);
#4308 = VERTEX_POINT('',#4309);
#4309 = CARTESIAN_POINT('',(3.000015615514,-352.5798670217,
    -34.09386885489));
#4310 = SURFACE_CURVE('',#4311,(#4315,#4322),.PCURVE_S1.);
#4311 = LINE('',#4312,#4313);
#4312 = CARTESIAN_POINT('',(3.000015615514,-351.3489357745,
    -34.14638687787));
#4313 = VECTOR('',#4314,1.);
#4314 = DIRECTION('',(-4.585545925312E-14,-0.99909107777,
    4.262649787257E-02));
#4315 = PCURVE('',#100,#4316);
#4316 = DEFINITIONAL_REPRESENTATION('',(#4317),#4321);
#4317 = LINE('',#4318,#4319);
#4318 = CARTESIAN_POINT('',(182.1752101868,-1.40916085638));
#4319 = VECTOR('',#4320,1.);
#4320 = DIRECTION('',(0.99909107777,-4.262649787257E-02));
#4321 = ( GEOMETRIC_REPRESENTATION_CONTEXT(2) 
PARAMETRIC_REPRESENTATION_CONTEXT() REPRESENTATION_CONTEXT('2D SPACE',''
  ) );
#4322 = PCURVE('',#364,#4323);
#4323 = DEFINITIONAL_REPRESENTATION('',(#4324),#4328);
#4324 = LINE('',#4325,#4326);
#4325 = CARTESIAN_POINT('',(-2.56657106986E-13,-6.));
#4326 = VECTOR('',#4327,1.);
#4327 = DIRECTION('',(1.,3.944304526105E-30));
#4328 = ( GEOMETRIC_REPRESENTATION_CONTEXT(2) 
PARAMETRIC_REPRESENTATION_CONTEXT() REPRESENTATION_CONTEXT('2D SPACE',''
  ) );
#4329 = ORIENTED_EDGE('',*,*,#4330,.T.);
#4330 = EDGE_CURVE('',#4308,#4331,#4333,.T.);
#4331 = VERTEX_POINT('',#4332);
#4332 = CARTESIAN_POINT('',(3.000015615514,-353.8100671298,
    -34.02635906475));
#4333 = SURFACE_CURVE('',#4334,(#4338,#4345),.PCURVE_S1.);
#4334 = LINE('',#4335,#4336);
#4335 = CARTESIAN_POINT('',(3.000015615514,-352.5798670217,
    -34.09386885489));
#4336 = VECTOR('',#4337,1.);
#4337 = DIRECTION('',(-4.673277828735E-14,-0.998497645427,
    5.479463547796E-02));
#4338 = PCURVE('',#100,#4339);
#4339 = DEFINITIONAL_REPRESENTATION('',(#4340),#4344);
#4340 = LINE('',#4341,#4342);
#4341 = CARTESIAN_POINT('',(183.406141434,-1.46167887936));
#4342 = VECTOR('',#4343,1.);
#4343 = DIRECTION('',(0.998497645427,-5.479463547796E-02));
#4344 = ( GEOMETRIC_REPRESENTATION_CONTEXT(2) 
PARAMETRIC_REPRESENTATION_CONTEXT() REPRESENTATION_CONTEXT('2D SPACE',''
  ) );
#4345 = PCURVE('',#392,#4346);
#4346 = DEFINITIONAL_REPRESENTATION('',(#4347),#4351);
#4347 = LINE('',#4348,#4349);
#4348 = CARTESIAN_POINT('',(-2.570363116056E-13,-6.));
#4349 = VECTOR('',#4350,1.);
#4350 = DIRECTION('',(1.,3.155443620884E-30));
#4351 = ( GEOMETRIC_REPRESENTATION_CONTEXT(2) 
PARAMETRIC_REPRESENTATION_CONTEXT() REPRESENTATION_CONTEXT('2D SPACE',''
  ) );
#4352 = ORIENTED_EDGE('',*,*,#4353,.T.);
#4353 = EDGE_CURVE('',#4331,#4354,#4356,.T.);
#4354 = VERTEX_POINT('',#4355);
#4355 = CARTESIAN_POINT('',(3.000015615514,-355.039353518,
    -33.94386752698));
#4356 = SURFACE_CURVE('',#4357,(#4361,#4368),.PCURVE_S1.);
#4357 = LINE('',#4358,#4359);
#4358 = CARTESIAN_POINT('',(3.000015615514,-353.8100671298,
    -34.02635906475));
#4359 = VECTOR('',#4360,1.);
#4360 = DIRECTION('',(-4.760316144197E-14,-0.997756020322,
    6.69546406973E-02));
#4361 = PCURVE('',#100,#4362);
#4362 = DEFINITIONAL_REPRESENTATION('',(#4363),#4367);
#4363 = LINE('',#4364,#4365);
#4364 = CARTESIAN_POINT('',(184.6363415421,-1.5291886695));
#4365 = VECTOR('',#4366,1.);
#4366 = DIRECTION('',(0.997756020322,-6.69546406973E-02));
#4367 = ( GEOMETRIC_REPRESENTATION_CONTEXT(2) 
PARAMETRIC_REPRESENTATION_CONTEXT() REPRESENTATION_CONTEXT('2D SPACE',''
  ) );
#4368 = PCURVE('',#420,#4369);
#4369 = DEFINITIONAL_REPRESENTATION('',(#4370),#4374);
#4370 = LINE('',#4371,#4372);
#4371 = CARTESIAN_POINT('',(-3.137903518921E-13,-6.));
#4372 = VECTOR('',#4373,1.);
#4373 = DIRECTION('',(1.,2.051038353575E-29));
#4374 = ( GEOMETRIC_REPRESENTATION_CONTEXT(2) 
PARAMETRIC_REPRESENTATION_CONTEXT() REPRESENTATION_CONTEXT('2D SPACE',''
  ) );
#4375 = ORIENTED_EDGE('',*,*,#4376,.T.);
#4376 = EDGE_CURVE('',#4354,#4377,#4379,.T.);
#4377 = VERTEX_POINT('',#4378);
#4378 = CARTESIAN_POINT('',(3.000015615514,-356.2675437407,
    -33.84640648463));
#4379 = SURFACE_CURVE('',#4380,(#4384,#4391),.PCURVE_S1.);
#4380 = LINE('',#4381,#4382);
#4381 = CARTESIAN_POINT('',(3.000015615514,-355.039353518,
    -33.94386752698));
#4382 = VECTOR('',#4383,1.);
#4383 = DIRECTION('',(-4.846647953836E-14,-0.996866312525,
    7.910470879438E-02));
#4384 = PCURVE('',#100,#4385);
#4385 = DEFINITIONAL_REPRESENTATION('',(#4386),#4390);
#4386 = LINE('',#4387,#4388);
#4387 = CARTESIAN_POINT('',(185.8656279303,-1.61168020727));
#4388 = VECTOR('',#4389,1.);
#4389 = DIRECTION('',(0.996866312525,-7.910470879438E-02));
#4390 = ( GEOMETRIC_REPRESENTATION_CONTEXT(2) 
PARAMETRIC_REPRESENTATION_CONTEXT() REPRESENTATION_CONTEXT('2D SPACE',''
  ) );
#4391 = PCURVE('',#448,#4392);
#4392 = DEFINITIONAL_REPRESENTATION('',(#4393),#4397);
#4393 = LINE('',#4394,#4395);
#4394 = CARTESIAN_POINT('',(-3.143018736243E-13,-6.));
#4395 = VECTOR('',#4396,1.);
#4396 = DIRECTION('',(1.,2.051038353575E-29));
#4397 = ( GEOMETRIC_REPRESENTATION_CONTEXT(2) 
PARAMETRIC_REPRESENTATION_CONTEXT() REPRESENTATION_CONTEXT('2D SPACE',''
  ) );
#4398 = ORIENTED_EDGE('',*,*,#4399,.T.);
#4399 = EDGE_CURVE('',#4377,#4400,#4402,.T.);
#4400 = VERTEX_POINT('',#4401);
#4401 = CARTESIAN_POINT('',(3.000015615514,-357.4944555152,
    -33.73399040243));
#4402 = SURFACE_CURVE('',#4403,(#4407,#4414),.PCURVE_S1.);
#4403 = LINE('',#4404,#4405);
#4404 = CARTESIAN_POINT('',(3.000015615514,-356.2675437407,
    -33.84640648463));
#4405 = VECTOR('',#4406,1.);
#4406 = DIRECTION('',(-4.932260444663E-14,-0.995828654081,
    9.124303650806E-02));
#4407 = PCURVE('',#100,#4408);
#4408 = DEFINITIONAL_REPRESENTATION('',(#4409),#4413);
#4409 = LINE('',#4410,#4411);
#4410 = CARTESIAN_POINT('',(187.093818153,-1.70914124962));
#4411 = VECTOR('',#4412,1.);
#4412 = DIRECTION('',(0.995828654081,-9.124303650806E-02));
#4413 = ( GEOMETRIC_REPRESENTATION_CONTEXT(2) 
PARAMETRIC_REPRESENTATION_CONTEXT() REPRESENTATION_CONTEXT('2D SPACE',''
  ) );
#4414 = PCURVE('',#476,#4415);
#4415 = DEFINITIONAL_REPRESENTATION('',(#4416),#4420);
#4416 = LINE('',#4417,#4418);
#4417 = CARTESIAN_POINT('',(-3.142910066774E-13,-6.));
#4418 = VECTOR('',#4419,1.);
#4419 = DIRECTION('',(1.,-1.577721810442E-30));
#4420 = ( GEOMETRIC_REPRESENTATION_CONTEXT(2) 
PARAMETRIC_REPRESENTATION_CONTEXT() REPRESENTATION_CONTEXT('2D SPACE',''
  ) );
#4421 = ORIENTED_EDGE('',*,*,#4422,.T.);
#4422 = EDGE_CURVE('',#4400,#4423,#4425,.T.);
#4423 = VERTEX_POINT('',#4424);
#4424 = CARTESIAN_POINT('',(3.000015615514,-358.7199067484,
    -33.60663596471));
#4425 = SURFACE_CURVE('',#4426,(#4430,#4437),.PCURVE_S1.);
#4426 = LINE('',#4427,#4428);
#4427 = CARTESIAN_POINT('',(3.000015615514,-357.4944555152,
    -33.73399040243));
#4428 = VECTOR('',#4429,1.);
#4429 = DIRECTION('',(-5.01714091043E-14,-0.994643198996,0.103367822319)
  );
#4430 = PCURVE('',#100,#4431);
#4431 = DEFINITIONAL_REPRESENTATION('',(#4432),#4436);
#4432 = LINE('',#4433,#4434);
#4433 = CARTESIAN_POINT('',(188.3207299275,-1.82155733182));
#4434 = VECTOR('',#4435,1.);
#4435 = DIRECTION('',(0.994643198996,-0.103367822319));
#4436 = ( GEOMETRIC_REPRESENTATION_CONTEXT(2) 
PARAMETRIC_REPRESENTATION_CONTEXT() REPRESENTATION_CONTEXT('2D SPACE',''
  ) );
#4437 = PCURVE('',#504,#4438);
#4438 = DEFINITIONAL_REPRESENTATION('',(#4439),#4443);
#4439 = LINE('',#4440,#4441);
#4440 = CARTESIAN_POINT('',(-3.149679665525E-13,-6.));
#4441 = VECTOR('',#4442,1.);
#4442 = DIRECTION('',(1.,1.577721810442E-30));
#4443 = ( GEOMETRIC_REPRESENTATION_CONTEXT(2) 
PARAMETRIC_REPRESENTATION_CONTEXT() REPRESENTATION_CONTEXT('2D SPACE',''
  ) );
#4444 = ORIENTED_EDGE('',*,*,#4445,.T.);
#4445 = EDGE_CURVE('',#4423,#4446,#4448,.T.);
#4446 = VERTEX_POINT('',#4447);
#4447 = CARTESIAN_POINT('',(3.000015615514,-359.9437155642,
    -33.46436207286));
#4448 = SURFACE_CURVE('',#4449,(#4453,#4460),.PCURVE_S1.);
#4449 = LINE('',#4450,#4451);
#4450 = CARTESIAN_POINT('',(3.000015615514,-358.7199067484,
    -33.60663596471));
#4451 = VECTOR('',#4452,1.);
#4452 = DIRECTION('',(-5.101276753541E-14,-0.99331012321,0.115477266719)
  );
#4453 = PCURVE('',#100,#4454);
#4454 = DEFINITIONAL_REPRESENTATION('',(#4455),#4459);
#4455 = LINE('',#4456,#4457);
#4456 = CARTESIAN_POINT('',(189.5461811607,-1.94891176954));
#4457 = VECTOR('',#4458,1.);
#4458 = DIRECTION('',(0.99331012321,-0.115477266719));
#4459 = ( GEOMETRIC_REPRESENTATION_CONTEXT(2) 
PARAMETRIC_REPRESENTATION_CONTEXT() REPRESENTATION_CONTEXT('2D SPACE',''
  ) );
#4460 = PCURVE('',#532,#4461);
#4461 = DEFINITIONAL_REPRESENTATION('',(#4462),#4466);
#4462 = LINE('',#4463,#4464);
#4463 = CARTESIAN_POINT('',(-3.149498594575E-13,-6.));
#4464 = VECTOR('',#4465,1.);
#4465 = DIRECTION('',(1.,2.051038353575E-29));
#4466 = ( GEOMETRIC_REPRESENTATION_CONTEXT(2) 
PARAMETRIC_REPRESENTATION_CONTEXT() REPRESENTATION_CONTEXT('2D SPACE',''
  ) );
#4467 = ORIENTED_EDGE('',*,*,#4468,.T.);
#4468 = EDGE_CURVE('',#4446,#4469,#4471,.T.);
#4469 = VERTEX_POINT('',#4470);
#4470 = CARTESIAN_POINT('',(3.000015615514,-361.1657003301,
    -33.30718984259));
#4471 = SURFACE_CURVE('',#4472,(#4476,#4483),.PCURVE_S1.);
#4472 = LINE('',#4473,#4474);
#4473 = CARTESIAN_POINT('',(3.000015615514,-359.9437155642,
    -33.46436207286));
#4474 = VECTOR('',#4475,1.);
#4475 = DIRECTION('',(-5.184655486916E-14,-0.991829624572,0.127569572476
    ));
#4476 = PCURVE('',#100,#4477);
#4477 = DEFINITIONAL_REPRESENTATION('',(#4478),#4482);
#4478 = LINE('',#4479,#4480);
#4479 = CARTESIAN_POINT('',(190.7699899765,-2.09118566139));
#4480 = VECTOR('',#4481,1.);
#4481 = DIRECTION('',(0.991829624572,-0.127569572476));
#4482 = ( GEOMETRIC_REPRESENTATION_CONTEXT(2) 
PARAMETRIC_REPRESENTATION_CONTEXT() REPRESENTATION_CONTEXT('2D SPACE',''
  ) );
#4483 = PCURVE('',#560,#4484);
#4484 = DEFINITIONAL_REPRESENTATION('',(#4485),#4489);
#4485 = LINE('',#4486,#4487);
#4486 = CARTESIAN_POINT('',(9.453942997565E-13,-6.));
#4487 = VECTOR('',#4488,1.);
#4488 = DIRECTION('',(1.,2.051038353575E-29));
#4489 = ( GEOMETRIC_REPRESENTATION_CONTEXT(2) 
PARAMETRIC_REPRESENTATION_CONTEXT() REPRESENTATION_CONTEXT('2D SPACE',''
  ) );
#4490 = ORIENTED_EDGE('',*,*,#4491,.T.);
#4491 = EDGE_CURVE('',#4469,#4492,#4494,.T.);
#4492 = VERTEX_POINT('',#4493);
#4493 = CARTESIAN_POINT('',(3.000015615513,-362.3856796842,
    -33.1351426007));
#4494 = SURFACE_CURVE('',#4495,(#4499,#4506),.PCURVE_S1.);
#4495 = LINE('',#4496,#4497);
#4496 = CARTESIAN_POINT('',(3.000015615514,-361.1657003301,
    -33.30718984259));
#4497 = VECTOR('',#4498,1.);
#4498 = DIRECTION('',(-5.267264735841E-14,-0.990201922811,0.139642944901
    ));
#4499 = PCURVE('',#100,#4500);
#4500 = DEFINITIONAL_REPRESENTATION('',(#4501),#4505);
#4501 = LINE('',#4502,#4503);
#4502 = CARTESIAN_POINT('',(191.9919747424,-2.24835789166));
#4503 = VECTOR('',#4504,1.);
#4504 = DIRECTION('',(0.990201922811,-0.139642944901));
#4505 = ( GEOMETRIC_REPRESENTATION_CONTEXT(2) 
PARAMETRIC_REPRESENTATION_CONTEXT() REPRESENTATION_CONTEXT('2D SPACE',''
  ) );
#4506 = PCURVE('',#588,#4507);
#4507 = DEFINITIONAL_REPRESENTATION('',(#4508),#4512);
#4508 = LINE('',#4509,#4510);
#4509 = CARTESIAN_POINT('',(-3.167578699498E-13,-6.));
#4510 = VECTOR('',#4511,1.);
#4511 = DIRECTION('',(1.,3.155443620884E-29));
#4512 = ( GEOMETRIC_REPRESENTATION_CONTEXT(2) 
PARAMETRIC_REPRESENTATION_CONTEXT() REPRESENTATION_CONTEXT('2D SPACE',''
  ) );
#4513 = ORIENTED_EDGE('',*,*,#4514,.T.);
#4514 = EDGE_CURVE('',#4492,#4515,#4517,.T.);
#4515 = VERTEX_POINT('',#4516);
#4516 = CARTESIAN_POINT('',(3.000015615513,-363.6034725625,
    -32.94824588173));
#4517 = SURFACE_CURVE('',#4518,(#4522,#4529),.PCURVE_S1.);
#4518 = LINE('',#4519,#4520);
#4519 = CARTESIAN_POINT('',(3.000015615513,-362.3856796842,
    -33.1351426007));
#4520 = VECTOR('',#4521,1.);
#4521 = DIRECTION('',(-5.349092239795E-14,-0.988427259505,0.151695592116
    ));
#4522 = PCURVE('',#100,#4523);
#4523 = DEFINITIONAL_REPRESENTATION('',(#4524),#4528);
#4524 = LINE('',#4525,#4526);
#4525 = CARTESIAN_POINT('',(193.2119540965,-2.42040513355));
#4526 = VECTOR('',#4527,1.);
#4527 = DIRECTION('',(0.988427259505,-0.151695592116));
#4528 = ( GEOMETRIC_REPRESENTATION_CONTEXT(2) 
PARAMETRIC_REPRESENTATION_CONTEXT() REPRESENTATION_CONTEXT('2D SPACE',''
  ) );
#4529 = PCURVE('',#616,#4530);
#4530 = DEFINITIONAL_REPRESENTATION('',(#4531),#4535);
#4531 = LINE('',#4532,#4533);
#4532 = CARTESIAN_POINT('',(-3.167708465393E-13,-6.));
#4533 = VECTOR('',#4534,1.);
#4534 = DIRECTION('',(1.,1.735493991486E-29));
#4535 = ( GEOMETRIC_REPRESENTATION_CONTEXT(2) 
PARAMETRIC_REPRESENTATION_CONTEXT() REPRESENTATION_CONTEXT('2D SPACE',''
  ) );
#4536 = ORIENTED_EDGE('',*,*,#4537,.T.);
#4537 = EDGE_CURVE('',#4515,#4538,#4540,.T.);
#4538 = VERTEX_POINT('',#4539);
#4539 = CARTESIAN_POINT('',(3.000015615513,-364.8188982252,
    -32.74652742409));
#4540 = SURFACE_CURVE('',#4541,(#4545,#4552),.PCURVE_S1.);
#4541 = LINE('',#4542,#4543);
#4542 = CARTESIAN_POINT('',(3.000015615513,-363.6034725625,
    -32.94824588173));
#4543 = VECTOR('',#4544,1.);
#4544 = DIRECTION('',(-5.430125854295E-14,-0.986505898041,0.163725725317
    ));
#4545 = PCURVE('',#100,#4546);
#4546 = DEFINITIONAL_REPRESENTATION('',(#4547),#4551);
#4547 = LINE('',#4548,#4549);
#4548 = CARTESIAN_POINT('',(194.4297469748,-2.60730185252));
#4549 = VECTOR('',#4550,1.);
#4550 = DIRECTION('',(0.986505898041,-0.163725725317));
#4551 = ( GEOMETRIC_REPRESENTATION_CONTEXT(2) 
PARAMETRIC_REPRESENTATION_CONTEXT() REPRESENTATION_CONTEXT('2D SPACE',''
  ) );
#4552 = PCURVE('',#644,#4553);
#4553 = DEFINITIONAL_REPRESENTATION('',(#4554),#4558);
#4554 = LINE('',#4555,#4556);
#4555 = CARTESIAN_POINT('',(-3.179001505991E-13,-6.));
#4556 = VECTOR('',#4557,1.);
#4557 = DIRECTION('',(1.,-2.051038353575E-29));
#4558 = ( GEOMETRIC_REPRESENTATION_CONTEXT(2) 
PARAMETRIC_REPRESENTATION_CONTEXT() REPRESENTATION_CONTEXT('2D SPACE',''
  ) );
#4559 = ORIENTED_EDGE('',*,*,#4560,.T.);
#4560 = EDGE_CURVE('',#4538,#4561,#4563,.T.);
#4561 = VERTEX_POINT('',#4562);
#4562 = CARTESIAN_POINT('',(3.000015615513,-366.0317762843,
    -32.53001716596));
#4563 = SURFACE_CURVE('',#4564,(#4568,#4575),.PCURVE_S1.);
#4564 = LINE('',#4565,#4566);
#4565 = CARTESIAN_POINT('',(3.000015615513,-364.8188982252,
    -32.74652742409));
#4566 = VECTOR('',#4567,1.);
#4567 = DIRECTION('',(-5.510353552679E-14,-0.984438123579,0.175731559045
    ));
#4568 = PCURVE('',#100,#4569);
#4569 = DEFINITIONAL_REPRESENTATION('',(#4570),#4574);
#4570 = LINE('',#4571,#4572);
#4571 = CARTESIAN_POINT('',(195.6451726375,-2.80902031016));
#4572 = VECTOR('',#4573,1.);
#4573 = DIRECTION('',(0.984438123579,-0.175731559045));
#4574 = ( GEOMETRIC_REPRESENTATION_CONTEXT(2) 
PARAMETRIC_REPRESENTATION_CONTEXT() REPRESENTATION_CONTEXT('2D SPACE',''
  ) );
#4575 = PCURVE('',#672,#4576);
#4576 = DEFINITIONAL_REPRESENTATION('',(#4577),#4581);
#4577 = LINE('',#4578,#4579);
#4578 = CARTESIAN_POINT('',(-3.191530590913E-13,-6.));
#4579 = VECTOR('',#4580,1.);
#4580 = DIRECTION('',(1.,4.733165431326E-30));
#4581 = ( GEOMETRIC_REPRESENTATION_CONTEXT(2) 
PARAMETRIC_REPRESENTATION_CONTEXT() REPRESENTATION_CONTEXT('2D SPACE',''
  ) );
#4582 = ORIENTED_EDGE('',*,*,#4583,.T.);
#4583 = EDGE_CURVE('',#4561,#4584,#4586,.T.);
#4584 = VERTEX_POINT('',#4585);
#4585 = CARTESIAN_POINT('',(3.000015615513,-367.2419267293,
    -32.29874724089));
#4586 = SURFACE_CURVE('',#4587,(#4591,#4598),.PCURVE_S1.);
#4587 = LINE('',#4588,#4589);
#4588 = CARTESIAN_POINT('',(3.000015615513,-366.0317762843,
    -32.53001716596));
#4589 = VECTOR('',#4590,1.);
#4590 = DIRECTION('',(-5.589763427888E-14,-0.98222424301,0.187711311445)
  );
#4591 = PCURVE('',#100,#4592);
#4592 = DEFINITIONAL_REPRESENTATION('',(#4593),#4597);
#4593 = LINE('',#4594,#4595);
#4594 = CARTESIAN_POINT('',(196.8580506966,-3.02553056829));
#4595 = VECTOR('',#4596,1.);
#4596 = DIRECTION('',(0.98222424301,-0.187711311445));
#4597 = ( GEOMETRIC_REPRESENTATION_CONTEXT(2) 
PARAMETRIC_REPRESENTATION_CONTEXT() REPRESENTATION_CONTEXT('2D SPACE',''
  ) );
#4598 = PCURVE('',#700,#4599);
#4599 = DEFINITIONAL_REPRESENTATION('',(#4600),#4604);
#4600 = LINE('',#4601,#4602);
#4601 = CARTESIAN_POINT('',(1.532814916236E-12,-6.));
#4602 = VECTOR('',#4603,1.);
#4603 = DIRECTION('',(1.,-7.88860905221E-30));
#4604 = ( GEOMETRIC_REPRESENTATION_CONTEXT(2) 
PARAMETRIC_REPRESENTATION_CONTEXT() REPRESENTATION_CONTEXT('2D SPACE',''
  ) );
#4605 = ORIENTED_EDGE('',*,*,#4606,.T.);
#4606 = EDGE_CURVE('',#4584,#4607,#4609,.T.);
#4607 = VERTEX_POINT('',#4608);
#4608 = CARTESIAN_POINT('',(3.000015615513,-368.449169955,
    -32.05275197296));
#4609 = SURFACE_CURVE('',#4610,(#4614,#4621),.PCURVE_S1.);
#4610 = LINE('',#4611,#4612);
#4611 = CARTESIAN_POINT('',(3.000015615513,-367.2419267293,
    -32.29874724089));
#4612 = VECTOR('',#4613,1.);
#4613 = DIRECTION('',(-5.668343694259E-14,-0.979864584908,0.199663204532
    ));
#4614 = PCURVE('',#100,#4615);
#4615 = DEFINITIONAL_REPRESENTATION('',(#4616),#4620);
#4616 = LINE('',#4617,#4618);
#4617 = CARTESIAN_POINT('',(198.0682011416,-3.25680049336));
#4618 = VECTOR('',#4619,1.);
#4619 = DIRECTION('',(0.979864584908,-0.199663204532));
#4620 = ( GEOMETRIC_REPRESENTATION_CONTEXT(2) 
PARAMETRIC_REPRESENTATION_CONTEXT() REPRESENTATION_CONTEXT('2D SPACE',''
  ) );
#4621 = PCURVE('',#728,#4622);
#4622 = DEFINITIONAL_REPRESENTATION('',(#4623),#4627);
#4623 = LINE('',#4624,#4625);
#4624 = CARTESIAN_POINT('',(-3.206087777055E-13,-6.));
#4625 = VECTOR('',#4626,1.);
#4626 = DIRECTION('',(1.,-1.89326617253E-29));
#4627 = ( GEOMETRIC_REPRESENTATION_CONTEXT(2) 
PARAMETRIC_REPRESENTATION_CONTEXT() REPRESENTATION_CONTEXT('2D SPACE',''
  ) );
#4628 = ORIENTED_EDGE('',*,*,#4629,.T.);
#4629 = EDGE_CURVE('',#4607,#4630,#4632,.T.);
#4630 = VERTEX_POINT('',#4631);
#4631 = CARTESIAN_POINT('',(3.000015615513,-369.6533267876,
    -31.79206787174));
#4632 = SURFACE_CURVE('',#4633,(#4637,#4644),.PCURVE_S1.);
#4633 = LINE('',#4634,#4635);
#4634 = CARTESIAN_POINT('',(3.000015615513,-368.449169955,
    -32.05275197296));
#4635 = VECTOR('',#4636,1.);
#4636 = DIRECTION('',(-5.746082689229E-14,-0.977359499483,0.211585464458
    ));
#4637 = PCURVE('',#100,#4638);
#4638 = DEFINITIONAL_REPRESENTATION('',(#4639),#4643);
#4639 = LINE('',#4640,#4641);
#4640 = CARTESIAN_POINT('',(199.2754443673,-3.50279576129));
#4641 = VECTOR('',#4642,1.);
#4642 = DIRECTION('',(0.977359499483,-0.211585464458));
#4643 = ( GEOMETRIC_REPRESENTATION_CONTEXT(2) 
PARAMETRIC_REPRESENTATION_CONTEXT() REPRESENTATION_CONTEXT('2D SPACE',''
  ) );
#4644 = PCURVE('',#756,#4645);
#4645 = DEFINITIONAL_REPRESENTATION('',(#4646),#4650);
#4646 = LINE('',#4647,#4648);
#4647 = CARTESIAN_POINT('',(-3.221443490837E-13,-6.));
#4648 = VECTOR('',#4649,1.);
#4649 = DIRECTION('',(1.,-3.155443620884E-30));
#4650 = ( GEOMETRIC_REPRESENTATION_CONTEXT(2) 
PARAMETRIC_REPRESENTATION_CONTEXT() REPRESENTATION_CONTEXT('2D SPACE',''
  ) );
#4651 = ORIENTED_EDGE('',*,*,#4652,.T.);
#4652 = EDGE_CURVE('',#4630,#4653,#4655,.T.);
#4653 = VERTEX_POINT('',#4654);
#4654 = CARTESIAN_POINT('',(3.000015615513,-370.854218511,
    -31.51673362686));
#4655 = SURFACE_CURVE('',#4656,(#4660,#4667),.PCURVE_S1.);
#4656 = LINE('',#4657,#4658);
#4657 = CARTESIAN_POINT('',(3.000015615513,-369.6533267876,
    -31.79206787174));
#4658 = VECTOR('',#4659,1.);
#4659 = DIRECTION('',(-5.822968875113E-14,-0.974709358531,0.223476321772
    ));
#4660 = PCURVE('',#100,#4661);
#4661 = DEFINITIONAL_REPRESENTATION('',(#4662),#4666);
#4662 = LINE('',#4663,#4664);
#4663 = CARTESIAN_POINT('',(200.4796011999,-3.76347986251));
#4664 = VECTOR('',#4665,1.);
#4665 = DIRECTION('',(0.974709358531,-0.223476321772));
#4666 = ( GEOMETRIC_REPRESENTATION_CONTEXT(2) 
PARAMETRIC_REPRESENTATION_CONTEXT() REPRESENTATION_CONTEXT('2D SPACE',''
  ) );
#4667 = PCURVE('',#784,#4668);
#4668 = DEFINITIONAL_REPRESENTATION('',(#4669),#4673);
#4669 = LINE('',#4670,#4671);
#4670 = CARTESIAN_POINT('',(-3.230073641608E-13,-6.));
#4671 = VECTOR('',#4672,1.);
#4672 = DIRECTION('',(1.,0.));
#4673 = ( GEOMETRIC_REPRESENTATION_CONTEXT(2) 
PARAMETRIC_REPRESENTATION_CONTEXT() REPRESENTATION_CONTEXT('2D SPACE',''
  ) );
#4674 = ORIENTED_EDGE('',*,*,#4675,.T.);
#4675 = EDGE_CURVE('',#4653,#4676,#4678,.T.);
#4676 = VERTEX_POINT('',#4677);
#4677 = CARTESIAN_POINT('',(3.000015615513,-372.0516668942,
    -31.22679010225));
#4678 = SURFACE_CURVE('',#4679,(#4683,#4690),.PCURVE_S1.);
#4679 = LINE('',#4680,#4681);
#4680 = CARTESIAN_POINT('',(3.000015615513,-370.854218511,
    -31.51673362686));
#4681 = VECTOR('',#4682,1.);
#4682 = DIRECTION('',(-5.8989908408E-14,-0.971914555372,0.235334011684)
  );
#4683 = PCURVE('',#100,#4684);
#4684 = DEFINITIONAL_REPRESENTATION('',(#4685),#4689);
#4685 = LINE('',#4686,#4687);
#4686 = CARTESIAN_POINT('',(201.6804929233,-4.03881410739));
#4687 = VECTOR('',#4688,1.);
#4688 = DIRECTION('',(0.971914555372,-0.235334011684));
#4689 = ( GEOMETRIC_REPRESENTATION_CONTEXT(2) 
PARAMETRIC_REPRESENTATION_CONTEXT() REPRESENTATION_CONTEXT('2D SPACE',''
  ) );
#4690 = PCURVE('',#812,#4691);
#4691 = DEFINITIONAL_REPRESENTATION('',(#4692),#4696);
#4692 = LINE('',#4693,#4694);
#4693 = CARTESIAN_POINT('',(-3.791537578194E-13,-6.));
#4694 = VECTOR('',#4695,1.);
#4695 = DIRECTION('',(1.,3.155443620884E-30));
#4696 = ( GEOMETRIC_REPRESENTATION_CONTEXT(2) 
PARAMETRIC_REPRESENTATION_CONTEXT() REPRESENTATION_CONTEXT('2D SPACE',''
  ) );
#4697 = ORIENTED_EDGE('',*,*,#4698,.T.);
#4698 = EDGE_CURVE('',#4676,#4699,#4701,.T.);
#4699 = VERTEX_POINT('',#4700);
#4700 = CARTESIAN_POINT('',(3.000015615513,-373.245494217,
    -30.92228033009));
#4701 = SURFACE_CURVE('',#4702,(#4706,#4713),.PCURVE_S1.);
#4702 = LINE('',#4703,#4704);
#4703 = CARTESIAN_POINT('',(3.000015615513,-372.0516668942,
    -31.22679010225));
#4704 = VECTOR('',#4705,1.);
#4705 = DIRECTION('',(-5.974137303425E-14,-0.968975504801,0.247156774325
    ));
#4706 = PCURVE('',#100,#4707);
#4707 = DEFINITIONAL_REPRESENTATION('',(#4708),#4712);
#4708 = LINE('',#4709,#4710);
#4709 = CARTESIAN_POINT('',(202.8779413065,-4.328757632));
#4710 = VECTOR('',#4711,1.);
#4711 = DIRECTION('',(0.968975504801,-0.247156774325));
#4712 = ( GEOMETRIC_REPRESENTATION_CONTEXT(2) 
PARAMETRIC_REPRESENTATION_CONTEXT() REPRESENTATION_CONTEXT('2D SPACE',''
  ) );
#4713 = PCURVE('',#840,#4714);
#4714 = DEFINITIONAL_REPRESENTATION('',(#4715),#4719);
#4715 = LINE('',#4716,#4717);
#4716 = CARTESIAN_POINT('',(-3.808002738808E-13,-6.));
#4717 = VECTOR('',#4718,1.);
#4718 = DIRECTION('',(1.,0.));
#4719 = ( GEOMETRIC_REPRESENTATION_CONTEXT(2) 
PARAMETRIC_REPRESENTATION_CONTEXT() REPRESENTATION_CONTEXT('2D SPACE',''
  ) );
#4720 = ORIENTED_EDGE('',*,*,#4721,.T.);
#4721 = EDGE_CURVE('',#4699,#4722,#4724,.T.);
#4722 = VERTEX_POINT('',#4723);
#4723 = CARTESIAN_POINT('',(3.000015615513,-374.4355232966,
    -30.60324950443));
#4724 = SURFACE_CURVE('',#4725,(#4729,#4736),.PCURVE_S1.);
#4725 = LINE('',#4726,#4727);
#4726 = CARTESIAN_POINT('',(3.000015615513,-373.245494217,
    -30.92228033009));
#4727 = VECTOR('',#4728,1.);
#4728 = DIRECTION('',(-6.048397110068E-14,-0.965892643019,0.258942855012
    ));
#4729 = PCURVE('',#100,#4730);
#4730 = DEFINITIONAL_REPRESENTATION('',(#4731),#4735);
#4731 = LINE('',#4732,#4733);
#4732 = CARTESIAN_POINT('',(204.0717686293,-4.63326740416));
#4733 = VECTOR('',#4734,1.);
#4734 = DIRECTION('',(0.965892643019,-0.258942855012));
#4735 = ( GEOMETRIC_REPRESENTATION_CONTEXT(2) 
PARAMETRIC_REPRESENTATION_CONTEXT() REPRESENTATION_CONTEXT('2D SPACE',''
  ) );
#4736 = PCURVE('',#868,#4737);
#4737 = DEFINITIONAL_REPRESENTATION('',(#4738),#4742);
#4738 = LINE('',#4739,#4740);
#4739 = CARTESIAN_POINT('',(-3.816380742876E-13,-6.));
#4740 = VECTOR('',#4741,1.);
#4741 = DIRECTION('',(1.,4.102076707149E-29));
#4742 = ( GEOMETRIC_REPRESENTATION_CONTEXT(2) 
PARAMETRIC_REPRESENTATION_CONTEXT() REPRESENTATION_CONTEXT('2D SPACE',''
  ) );
#4743 = ORIENTED_EDGE('',*,*,#4744,.T.);
#4744 = EDGE_CURVE('',#4722,#4745,#4747,.T.);
#4745 = VERTEX_POINT('',#4746);
#4746 = CARTESIAN_POINT('',(3.000015615513,-375.6215775139,
    -30.26974497445));
#4747 = SURFACE_CURVE('',#4748,(#4752,#4759),.PCURVE_S1.);
#4748 = LINE('',#4749,#4750);
#4749 = CARTESIAN_POINT('',(3.000015615513,-374.4355232966,
    -30.60324950443));
#4750 = VECTOR('',#4751,1.);
#4751 = DIRECTION('',(-6.121759239414E-14,-0.96266642757,0.270690504505)
  );
#4752 = PCURVE('',#100,#4753);
#4753 = DEFINITIONAL_REPRESENTATION('',(#4754),#4758);
#4754 = LINE('',#4755,#4756);
#4755 = CARTESIAN_POINT('',(205.2617977089,-4.95229822982));
#4756 = VECTOR('',#4757,1.);
#4757 = DIRECTION('',(0.96266642757,-0.270690504505));
#4758 = ( GEOMETRIC_REPRESENTATION_CONTEXT(2) 
PARAMETRIC_REPRESENTATION_CONTEXT() REPRESENTATION_CONTEXT('2D SPACE',''
  ) );
#4759 = PCURVE('',#896,#4760);
#4760 = DEFINITIONAL_REPRESENTATION('',(#4761),#4765);
#4761 = LINE('',#4762,#4763);
#4762 = CARTESIAN_POINT('',(-3.834645280627E-13,-6.));
#4763 = VECTOR('',#4764,1.);
#4764 = DIRECTION('',(1.,-2.839899258796E-29));
#4765 = ( GEOMETRIC_REPRESENTATION_CONTEXT(2) 
PARAMETRIC_REPRESENTATION_CONTEXT() REPRESENTATION_CONTEXT('2D SPACE',''
  ) );
#4766 = ORIENTED_EDGE('',*,*,#4767,.T.);
#4767 = EDGE_CURVE('',#4745,#4768,#4770,.T.);
#4768 = VERTEX_POINT('',#4769);
#4769 = CARTESIAN_POINT('',(3.000015615513,-376.8034808398,
    -29.92181623748));
#4770 = SURFACE_CURVE('',#4771,(#4775,#4782),.PCURVE_S1.);
#4771 = LINE('',#4772,#4773);
#4772 = CARTESIAN_POINT('',(3.000015615513,-375.6215775139,
    -30.26974497445));
#4773 = VECTOR('',#4774,1.);
#4774 = DIRECTION('',(-6.194212803365E-14,-0.959297337276,0.282397979268
    ));
#4775 = PCURVE('',#100,#4776);
#4776 = DEFINITIONAL_REPRESENTATION('',(#4777),#4781);
#4777 = LINE('',#4778,#4779);
#4778 = CARTESIAN_POINT('',(206.4478519262,-5.2858027598));
#4779 = VECTOR('',#4780,1.);
#4780 = DIRECTION('',(0.959297337276,-0.282397979268));
#4781 = ( GEOMETRIC_REPRESENTATION_CONTEXT(2) 
PARAMETRIC_REPRESENTATION_CONTEXT() REPRESENTATION_CONTEXT('2D SPACE',''
  ) );
#4782 = PCURVE('',#924,#4783);
#4783 = DEFINITIONAL_REPRESENTATION('',(#4784),#4788);
#4784 = LINE('',#4785,#4786);
#4785 = CARTESIAN_POINT('',(-3.843974491857E-13,-6.));
#4786 = VECTOR('',#4787,1.);
#4787 = DIRECTION('',(1.,1.89326617253E-29));
#4788 = ( GEOMETRIC_REPRESENTATION_CONTEXT(2) 
PARAMETRIC_REPRESENTATION_CONTEXT() REPRESENTATION_CONTEXT('2D SPACE',''
  ) );
#4789 = ORIENTED_EDGE('',*,*,#4790,.T.);
#4790 = EDGE_CURVE('',#4768,#4791,#4793,.T.);
#4791 = VERTEX_POINT('',#4792);
#4792 = CARTESIAN_POINT('',(3.000015615513,-377.9810578614,
    -29.55951493161));
#4793 = SURFACE_CURVE('',#4794,(#4798,#4805),.PCURVE_S1.);
#4794 = LINE('',#4795,#4796);
#4795 = CARTESIAN_POINT('',(3.000015615513,-376.8034808398,
    -29.92181623748));
#4796 = VECTOR('',#4797,1.);
#4797 = DIRECTION('',(-6.265747048671E-14,-0.955785872163,0.294063541727
    ));
#4798 = PCURVE('',#100,#4799);
#4799 = DEFINITIONAL_REPRESENTATION('',(#4800),#4804);
#4800 = LINE('',#4801,#4802);
#4801 = CARTESIAN_POINT('',(207.6297552521,-5.63373149677));
#4802 = VECTOR('',#4803,1.);
#4803 = DIRECTION('',(0.955785872163,-0.294063541727));
#4804 = ( GEOMETRIC_REPRESENTATION_CONTEXT(2) 
PARAMETRIC_REPRESENTATION_CONTEXT() REPRESENTATION_CONTEXT('2D SPACE',''
  ) );
#4805 = PCURVE('',#952,#4806);
#4806 = DEFINITIONAL_REPRESENTATION('',(#4807),#4811);
#4807 = LINE('',#4808,#4809);
#4808 = CARTESIAN_POINT('',(-3.864010809552E-13,-6.));
#4809 = VECTOR('',#4810,1.);
#4810 = DIRECTION('',(1.,0.));
#4811 = ( GEOMETRIC_REPRESENTATION_CONTEXT(2) 
PARAMETRIC_REPRESENTATION_CONTEXT() REPRESENTATION_CONTEXT('2D SPACE',''
  ) );
#4812 = ORIENTED_EDGE('',*,*,#4813,.T.);
#4813 = EDGE_CURVE('',#4791,#4814,#4816,.T.);
#4814 = VERTEX_POINT('',#4815);
#4815 = CARTESIAN_POINT('',(3.000015615512,-379.1541338076,
    -29.18289482806));
#4816 = SURFACE_CURVE('',#4817,(#4821,#4828),.PCURVE_S1.);
#4817 = LINE('',#4818,#4819);
#4818 = CARTESIAN_POINT('',(3.000015615513,-377.9810578614,
    -29.55951493161));
#4819 = VECTOR('',#4820,1.);
#4820 = DIRECTION('',(-6.336351358523E-14,-0.952132553388,0.305685460529
    ));
#4821 = PCURVE('',#100,#4822);
#4822 = DEFINITIONAL_REPRESENTATION('',(#4823),#4827);
#4823 = LINE('',#4824,#4825);
#4824 = CARTESIAN_POINT('',(208.8073322737,-5.99603280264));
#4825 = VECTOR('',#4826,1.);
#4826 = DIRECTION('',(0.952132553388,-0.305685460529));
#4827 = ( GEOMETRIC_REPRESENTATION_CONTEXT(2) 
PARAMETRIC_REPRESENTATION_CONTEXT() REPRESENTATION_CONTEXT('2D SPACE',''
  ) );
#4828 = PCURVE('',#980,#4829);
#4829 = DEFINITIONAL_REPRESENTATION('',(#4830),#4834);
#4830 = LINE('',#4831,#4832);
#4831 = CARTESIAN_POINT('',(-3.874268193139E-13,-6.));
#4832 = VECTOR('',#4833,1.);
#4833 = DIRECTION('',(1.,-4.102076707149E-29));
#4834 = ( GEOMETRIC_REPRESENTATION_CONTEXT(2) 
PARAMETRIC_REPRESENTATION_CONTEXT() REPRESENTATION_CONTEXT('2D SPACE',''
  ) );
#4835 = ORIENTED_EDGE('',*,*,#4836,.T.);
#4836 = EDGE_CURVE('',#4814,#4837,#4839,.T.);
#4837 = VERTEX_POINT('',#4838);
#4838 = CARTESIAN_POINT('',(3.000015615512,-380.3225345755,
    -28.79201182319));
#4839 = SURFACE_CURVE('',#4840,(#4844,#4851),.PCURVE_S1.);
#4840 = LINE('',#4841,#4842);
#4841 = CARTESIAN_POINT('',(3.000015615512,-379.1541338076,
    -29.18289482806));
#4842 = VECTOR('',#4843,1.);
#4843 = DIRECTION('',(-6.406015254133E-14,-0.94833792316,0.3172620108));
#4844 = PCURVE('',#100,#4845);
#4845 = DEFINITIONAL_REPRESENTATION('',(#4846),#4850);
#4846 = LINE('',#4847,#4848);
#4847 = CARTESIAN_POINT('',(209.9804082199,-6.37265290619));
#4848 = VECTOR('',#4849,1.);
#4849 = DIRECTION('',(0.94833792316,-0.3172620108));
#4850 = ( GEOMETRIC_REPRESENTATION_CONTEXT(2) 
PARAMETRIC_REPRESENTATION_CONTEXT() REPRESENTATION_CONTEXT('2D SPACE',''
  ) );
#4851 = PCURVE('',#1008,#4852);
#4852 = DEFINITIONAL_REPRESENTATION('',(#4853),#4857);
#4853 = LINE('',#4854,#4855);
#4854 = CARTESIAN_POINT('',(-3.8960461604E-13,-6.));
#4855 = VECTOR('',#4856,1.);
#4856 = DIRECTION('',(1.,2.208810534619E-29));
#4857 = ( GEOMETRIC_REPRESENTATION_CONTEXT(2) 
PARAMETRIC_REPRESENTATION_CONTEXT() REPRESENTATION_CONTEXT('2D SPACE',''
  ) );
#4858 = ORIENTED_EDGE('',*,*,#4859,.T.);
#4859 = EDGE_CURVE('',#4837,#4860,#4862,.T.);
#4860 = VERTEX_POINT('',#4861);
#4861 = CARTESIAN_POINT('',(3.000015615512,-381.486086756,
    -28.38692393017));
#4862 = SURFACE_CURVE('',#4863,(#4867,#4874),.PCURVE_S1.);
#4863 = LINE('',#4864,#4865);
#4864 = CARTESIAN_POINT('',(3.000015615512,-380.3225345755,
    -28.79201182319));
#4865 = VECTOR('',#4866,1.);
#4866 = DIRECTION('',(-6.474728396286E-14,-0.944402544662,0.328791474396
    ));
#4867 = PCURVE('',#100,#4868);
#4868 = DEFINITIONAL_REPRESENTATION('',(#4869),#4873);
#4869 = LINE('',#4870,#4871);
#4870 = CARTESIAN_POINT('',(211.1488089878,-6.76353591106));
#4871 = VECTOR('',#4872,1.);
#4872 = DIRECTION('',(0.944402544662,-0.328791474396));
#4873 = ( GEOMETRIC_REPRESENTATION_CONTEXT(2) 
PARAMETRIC_REPRESENTATION_CONTEXT() REPRESENTATION_CONTEXT('2D SPACE',''
  ) );
#4874 = PCURVE('',#1036,#4875);
#4875 = DEFINITIONAL_REPRESENTATION('',(#4876),#4880);
#4876 = LINE('',#4877,#4878);
#4877 = CARTESIAN_POINT('',(-3.918887674142E-13,-6.));
#4878 = VECTOR('',#4879,1.);
#4879 = DIRECTION('',(1.,9.466330862652E-30));
#4880 = ( GEOMETRIC_REPRESENTATION_CONTEXT(2) 
PARAMETRIC_REPRESENTATION_CONTEXT() REPRESENTATION_CONTEXT('2D SPACE',''
  ) );
#4881 = ORIENTED_EDGE('',*,*,#4882,.T.);
#4882 = EDGE_CURVE('',#4860,#4883,#4885,.T.);
#4883 = VERTEX_POINT('',#4884);
#4884 = CARTESIAN_POINT('',(3.000015615512,-382.6446176597,
    -27.96769127043));
#4885 = SURFACE_CURVE('',#4886,(#4890,#4897),.PCURVE_S1.);
#4886 = LINE('',#4887,#4888);
#4887 = CARTESIAN_POINT('',(3.000015615512,-381.486086756,
    -28.38692393017));
#4888 = VECTOR('',#4889,1.);
#4889 = DIRECTION('',(-6.542480586866E-14,-0.940327001967,0.340272140163
    ));
#4890 = PCURVE('',#100,#4891);
#4891 = DEFINITIONAL_REPRESENTATION('',(#4892),#4896);
#4892 = LINE('',#4893,#4894);
#4893 = CARTESIAN_POINT('',(212.3123611683,-7.16862380408));
#4894 = VECTOR('',#4895,1.);
#4895 = DIRECTION('',(0.940327001967,-0.340272140163));
#4896 = ( GEOMETRIC_REPRESENTATION_CONTEXT(2) 
PARAMETRIC_REPRESENTATION_CONTEXT() REPRESENTATION_CONTEXT('2D SPACE',''
  ) );
#4897 = PCURVE('',#1064,#4898);
#4898 = DEFINITIONAL_REPRESENTATION('',(#4899),#4903);
#4899 = LINE('',#4900,#4901);
#4900 = CARTESIAN_POINT('',(-3.930693636451E-13,-6.));
#4901 = VECTOR('',#4902,1.);
#4902 = DIRECTION('',(1.,3.155443620884E-30));
#4903 = ( GEOMETRIC_REPRESENTATION_CONTEXT(2) 
PARAMETRIC_REPRESENTATION_CONTEXT() REPRESENTATION_CONTEXT('2D SPACE',''
  ) );
#4904 = ORIENTED_EDGE('',*,*,#4905,.T.);
#4905 = EDGE_CURVE('',#4883,#4906,#4908,.T.);
#4906 = VERTEX_POINT('',#4907);
#4907 = CARTESIAN_POINT('',(3.000015615512,-383.7979553425,
    -27.53437606469));
#4908 = SURFACE_CURVE('',#4909,(#4913,#4920),.PCURVE_S1.);
#4909 = LINE('',#4910,#4911);
#4910 = CARTESIAN_POINT('',(3.000015615512,-382.6446176597,
    -27.96769127043));
#4911 = VECTOR('',#4912,1.);
#4912 = DIRECTION('',(-6.609261770381E-14,-0.936111899949,0.351702304191
    ));
#4913 = PCURVE('',#100,#4914);
#4914 = DEFINITIONAL_REPRESENTATION('',(#4915),#4919);
#4915 = LINE('',#4916,#4917);
#4916 = CARTESIAN_POINT('',(213.470892072,-7.58785646382));
#4917 = VECTOR('',#4918,1.);
#4918 = DIRECTION('',(0.936111899949,-0.351702304191));
#4919 = ( GEOMETRIC_REPRESENTATION_CONTEXT(2) 
PARAMETRIC_REPRESENTATION_CONTEXT() REPRESENTATION_CONTEXT('2D SPACE',''
  ) );
#4920 = PCURVE('',#1092,#4921);
#4921 = DEFINITIONAL_REPRESENTATION('',(#4922),#4926);
#4922 = LINE('',#4923,#4924);
#4923 = CARTESIAN_POINT('',(-3.955225154026E-13,-6.));
#4924 = VECTOR('',#4925,1.);
#4925 = DIRECTION('',(1.,9.466330862652E-30));
#4926 = ( GEOMETRIC_REPRESENTATION_CONTEXT(2) 
PARAMETRIC_REPRESENTATION_CONTEXT() REPRESENTATION_CONTEXT('2D SPACE',''
  ) );
#4927 = ORIENTED_EDGE('',*,*,#4928,.T.);
#4928 = EDGE_CURVE('',#4906,#4929,#4931,.T.);
#4929 = VERTEX_POINT('',#4930);
#4930 = CARTESIAN_POINT('',(3.000015615512,-384.9459286307,
    -27.08704262374));
#4931 = SURFACE_CURVE('',#4932,(#4936,#4943),.PCURVE_S1.);
#4932 = LINE('',#4933,#4934);
#4933 = CARTESIAN_POINT('',(3.000015615512,-383.7979553425,
    -27.53437606469));
#4934 = VECTOR('',#4935,1.);
#4935 = DIRECTION('',(-6.67506203545E-14,-0.931757864196,0.363080270064)
  );
#4936 = PCURVE('',#100,#4937);
#4937 = DEFINITIONAL_REPRESENTATION('',(#4938),#4942);
#4938 = LINE('',#4939,#4940);
#4939 = CARTESIAN_POINT('',(214.6242297548,-8.02117166956));
#4940 = VECTOR('',#4941,1.);
#4941 = DIRECTION('',(0.931757864196,-0.363080270064));
#4942 = ( GEOMETRIC_REPRESENTATION_CONTEXT(2) 
PARAMETRIC_REPRESENTATION_CONTEXT() REPRESENTATION_CONTEXT('2D SPACE',''
  ) );
#4943 = PCURVE('',#1120,#4944);
#4944 = DEFINITIONAL_REPRESENTATION('',(#4945),#4949);
#4945 = LINE('',#4946,#4947);
#4946 = CARTESIAN_POINT('',(-3.980790269052E-13,-6.));
#4947 = VECTOR('',#4948,1.);
#4948 = DIRECTION('',(1.,-6.310887241768E-30));
#4949 = ( GEOMETRIC_REPRESENTATION_CONTEXT(2) 
PARAMETRIC_REPRESENTATION_CONTEXT() REPRESENTATION_CONTEXT('2D SPACE',''
  ) );
#4950 = ORIENTED_EDGE('',*,*,#4951,.T.);
#4951 = EDGE_CURVE('',#4929,#4952,#4954,.T.);
#4952 = VERTEX_POINT('',#4953);
#4953 = CARTESIAN_POINT('',(3.000015615512,-386.0883671472,
    -26.6257573389));
#4954 = SURFACE_CURVE('',#4955,(#4959,#4966),.PCURVE_S1.);
#4955 = LINE('',#4956,#4957);
#4956 = CARTESIAN_POINT('',(3.000015615512,-384.9459286307,
    -27.08704262374));
#4957 = VECTOR('',#4958,1.);
#4958 = DIRECTION('',(-6.739871616291E-14,-0.927265540914,0.374404349111
    ));
#4959 = PCURVE('',#100,#4960);
#4960 = DEFINITIONAL_REPRESENTATION('',(#4961),#4965);
#4961 = LINE('',#4962,#4963);
#4962 = CARTESIAN_POINT('',(215.772203043,-8.46850511051));
#4963 = VECTOR('',#4964,1.);
#4964 = DIRECTION('',(0.927265540914,-0.374404349111));
#4965 = ( GEOMETRIC_REPRESENTATION_CONTEXT(2) 
PARAMETRIC_REPRESENTATION_CONTEXT() REPRESENTATION_CONTEXT('2D SPACE',''
  ) );
#4966 = PCURVE('',#1148,#4967);
#4967 = DEFINITIONAL_REPRESENTATION('',(#4968),#4972);
#4968 = LINE('',#4969,#4970);
#4969 = CARTESIAN_POINT('',(-3.994076134956E-13,-6.));
#4970 = VECTOR('',#4971,1.);
#4971 = DIRECTION('',(1.,3.155443620884E-30));
#4972 = ( GEOMETRIC_REPRESENTATION_CONTEXT(2) 
PARAMETRIC_REPRESENTATION_CONTEXT() REPRESENTATION_CONTEXT('2D SPACE',''
  ) );
#4973 = ORIENTED_EDGE('',*,*,#4974,.T.);
#4974 = EDGE_CURVE('',#4952,#4975,#4977,.T.);
#4975 = VERTEX_POINT('',#4976);
#4976 = CARTESIAN_POINT('',(3.000015615512,-387.225101336,
    -26.15058867218));
#4977 = SURFACE_CURVE('',#4978,(#4982,#4989),.PCURVE_S1.);
#4978 = LINE('',#4979,#4980);
#4979 = CARTESIAN_POINT('',(3.000015615512,-386.0883671472,
    -26.6257573389));
#4980 = VECTOR('',#4981,1.);
#4981 = DIRECTION('',(-6.803680894132E-14,-0.922635596836,0.385672860661
    ));
#4982 = PCURVE('',#100,#4983);
#4983 = DEFINITIONAL_REPRESENTATION('',(#4984),#4988);
#4984 = LINE('',#4985,#4986);
#4985 = CARTESIAN_POINT('',(216.9146415595,-8.92979039535));
#4986 = VECTOR('',#4987,1.);
#4987 = DIRECTION('',(0.922635596836,-0.385672860661));
#4988 = ( GEOMETRIC_REPRESENTATION_CONTEXT(2) 
PARAMETRIC_REPRESENTATION_CONTEXT() REPRESENTATION_CONTEXT('2D SPACE',''
  ) );
#4989 = PCURVE('',#1176,#4990);
#4990 = DEFINITIONAL_REPRESENTATION('',(#4991),#4995);
#4991 = LINE('',#4992,#4993);
#4992 = CARTESIAN_POINT('',(-4.02127371965E-13,-6.));
#4993 = VECTOR('',#4994,1.);
#4994 = DIRECTION('',(1.,-3.786532345061E-29));
#4995 = ( GEOMETRIC_REPRESENTATION_CONTEXT(2) 
PARAMETRIC_REPRESENTATION_CONTEXT() REPRESENTATION_CONTEXT('2D SPACE',''
  ) );
#4996 = ORIENTED_EDGE('',*,*,#4997,.T.);
#4997 = EDGE_CURVE('',#4975,#4998,#5000,.T.);
#4998 = VERTEX_POINT('',#4999);
#4999 = CARTESIAN_POINT('',(3.000015615512,-388.355962488,
    -25.66160714607));
#5000 = SURFACE_CURVE('',#5001,(#5005,#5012),.PCURVE_S1.);
#5001 = LINE('',#5002,#5003);
#5002 = CARTESIAN_POINT('',(3.000015615512,-387.225101336,
    -26.15058867218));
#5003 = VECTOR('',#5004,1.);
#5004 = DIRECTION('',(-6.866480398671E-14,-0.917868719118,0.396884132291
    ));
#5005 = PCURVE('',#100,#5006);
#5006 = DEFINITIONAL_REPRESENTATION('',(#5007),#5011);
#5007 = LINE('',#5008,#5009);
#5008 = CARTESIAN_POINT('',(218.0513757483,-9.40495906207));
#5009 = VECTOR('',#5010,1.);
#5010 = DIRECTION('',(0.917868719118,-0.396884132291));
#5011 = ( GEOMETRIC_REPRESENTATION_CONTEXT(2) 
PARAMETRIC_REPRESENTATION_CONTEXT() REPRESENTATION_CONTEXT('2D SPACE',''
  ) );
#5012 = PCURVE('',#1204,#5013);
#5013 = DEFINITIONAL_REPRESENTATION('',(#5014),#5018);
#5014 = LINE('',#5015,#5016);
#5015 = CARTESIAN_POINT('',(-4.049471768709E-13,-6.));
#5016 = VECTOR('',#5017,1.);
#5017 = DIRECTION('',(1.,0.));
#5018 = ( GEOMETRIC_REPRESENTATION_CONTEXT(2) 
PARAMETRIC_REPRESENTATION_CONTEXT() REPRESENTATION_CONTEXT('2D SPACE',''
  ) );
#5019 = ORIENTED_EDGE('',*,*,#5020,.T.);
#5020 = EDGE_CURVE('',#4998,#5021,#5023,.T.);
#5021 = VERTEX_POINT('',#5022);
#5022 = CARTESIAN_POINT('',(3.000015615512,-389.4807827655,
    -25.15888533313));
#5023 = SURFACE_CURVE('',#5024,(#5028,#5035),.PCURVE_S1.);
#5024 = LINE('',#5025,#5026);
#5025 = CARTESIAN_POINT('',(3.000015615512,-388.355962488,
    -25.66160714607));
#5026 = VECTOR('',#5027,1.);
#5027 = DIRECTION('',(-6.928260809478E-14,-0.91296561524,0.40803650007)
  );
#5028 = PCURVE('',#100,#5029);
#5029 = DEFINITIONAL_REPRESENTATION('',(#5030),#5034);
#5030 = LINE('',#5031,#5032);
#5031 = CARTESIAN_POINT('',(219.1822369003,-9.89394058818));
#5032 = VECTOR('',#5033,1.);
#5033 = DIRECTION('',(0.91296561524,-0.40803650007));
#5034 = ( GEOMETRIC_REPRESENTATION_CONTEXT(2) 
PARAMETRIC_REPRESENTATION_CONTEXT() REPRESENTATION_CONTEXT('2D SPACE',''
  ) );
#5035 = PCURVE('',#1232,#5036);
#5036 = DEFINITIONAL_REPRESENTATION('',(#5037),#5041);
#5037 = LINE('',#5038,#5039);
#5038 = CARTESIAN_POINT('',(-4.064161476045E-13,-6.));
#5039 = VECTOR('',#5040,1.);
#5040 = DIRECTION('',(1.,6.310887241768E-30));
#5041 = ( GEOMETRIC_REPRESENTATION_CONTEXT(2) 
PARAMETRIC_REPRESENTATION_CONTEXT() REPRESENTATION_CONTEXT('2D SPACE',''
  ) );
#5042 = ORIENTED_EDGE('',*,*,#5043,.T.);
#5043 = EDGE_CURVE('',#5021,#5044,#5046,.T.);
#5044 = VERTEX_POINT('',#5045);
#5045 = CARTESIAN_POINT('',(3.000015615512,-390.5993952275,
    -24.64249784519));
#5046 = SURFACE_CURVE('',#5047,(#5051,#5058),.PCURVE_S1.);
#5047 = LINE('',#5048,#5049);
#5048 = CARTESIAN_POINT('',(3.000015615512,-389.4807827655,
    -25.15888533313));
#5049 = VECTOR('',#5050,1.);
#5050 = DIRECTION('',(-6.989012957366E-14,-0.907927012899,0.419128308813
    ));
#5051 = PCURVE('',#100,#5052);
#5052 = DEFINITIONAL_REPRESENTATION('',(#5053),#5057);
#5053 = LINE('',#5054,#5055);
#5054 = CARTESIAN_POINT('',(220.3070571778,-10.39666240112));
#5055 = VECTOR('',#5056,1.);
#5056 = DIRECTION('',(0.907927012899,-0.419128308813));
#5057 = ( GEOMETRIC_REPRESENTATION_CONTEXT(2) 
PARAMETRIC_REPRESENTATION_CONTEXT() REPRESENTATION_CONTEXT('2D SPACE',''
  ) );
#5058 = PCURVE('',#1260,#5059);
#5059 = DEFINITIONAL_REPRESENTATION('',(#5060),#5064);
#5060 = LINE('',#5061,#5062);
#5061 = CARTESIAN_POINT('',(-4.093928698527E-13,-6.));
#5062 = VECTOR('',#5063,1.);
#5063 = DIRECTION('',(1.,6.310887241768E-30));
#5064 = ( GEOMETRIC_REPRESENTATION_CONTEXT(2) 
PARAMETRIC_REPRESENTATION_CONTEXT() REPRESENTATION_CONTEXT('2D SPACE',''
  ) );
#5065 = ORIENTED_EDGE('',*,*,#5066,.T.);
#5066 = EDGE_CURVE('',#5044,#5067,#5069,.T.);
#5067 = VERTEX_POINT('',#5068);
#5068 = CARTESIAN_POINT('',(3.000015615512,-391.7116338544,
    -24.11252132227));
#5069 = SURFACE_CURVE('',#5070,(#5074,#5081),.PCURVE_S1.);
#5070 = LINE('',#5071,#5072);
#5071 = CARTESIAN_POINT('',(3.000015615512,-390.5993952275,
    -24.64249784519));
#5072 = VECTOR('',#5073,1.);
#5073 = DIRECTION('',(-7.048727825766E-14,-0.902753659903,0.430157912319
    ));
#5074 = PCURVE('',#100,#5075);
#5075 = DEFINITIONAL_REPRESENTATION('',(#5076),#5080);
#5076 = LINE('',#5077,#5078);
#5077 = CARTESIAN_POINT('',(221.4256696398,-10.91304988906));
#5078 = VECTOR('',#5079,1.);
#5079 = DIRECTION('',(0.902753659903,-0.430157912319));
#5080 = ( GEOMETRIC_REPRESENTATION_CONTEXT(2) 
PARAMETRIC_REPRESENTATION_CONTEXT() REPRESENTATION_CONTEXT('2D SPACE',''
  ) );
#5081 = PCURVE('',#1288,#5082);
#5082 = DEFINITIONAL_REPRESENTATION('',(#5083),#5087);
#5083 = LINE('',#5084,#5085);
#5084 = CARTESIAN_POINT('',(-4.124660138456E-13,-6.));
#5085 = VECTOR('',#5086,1.);
#5086 = DIRECTION('',(1.,-1.262177448354E-29));
#5087 = ( GEOMETRIC_REPRESENTATION_CONTEXT(2) 
PARAMETRIC_REPRESENTATION_CONTEXT() REPRESENTATION_CONTEXT('2D SPACE',''
  ) );
#5088 = ORIENTED_EDGE('',*,*,#5089,.T.);
#5089 = EDGE_CURVE('',#5067,#5090,#5092,.T.);
#5090 = VERTEX_POINT('',#5091);
#5091 = CARTESIAN_POINT('',(3.000015615511,-392.8173335724,
    -23.56903442123));
#5092 = SURFACE_CURVE('',#5093,(#5097,#5104),.PCURVE_S1.);
#5093 = LINE('',#5094,#5095);
#5094 = CARTESIAN_POINT('',(3.000015615512,-391.7116338544,
    -24.11252132227));
#5095 = VECTOR('',#5096,1.);
#5096 = DIRECTION('',(-7.107396552041E-14,-0.89744632406,0.441123673623)
  );
#5097 = PCURVE('',#100,#5098);
#5098 = DEFINITIONAL_REPRESENTATION('',(#5099),#5103);
#5099 = LINE('',#5100,#5101);
#5100 = CARTESIAN_POINT('',(222.5379082667,-11.44302641198));
#5101 = VECTOR('',#5102,1.);
#5102 = DIRECTION('',(0.89744632406,-0.441123673623));
#5103 = ( GEOMETRIC_REPRESENTATION_CONTEXT(2) 
PARAMETRIC_REPRESENTATION_CONTEXT() REPRESENTATION_CONTEXT('2D SPACE',''
  ) );
#5104 = PCURVE('',#1316,#5105);
#5105 = DEFINITIONAL_REPRESENTATION('',(#5106),#5110);
#5106 = LINE('',#5107,#5108);
#5107 = CARTESIAN_POINT('',(-4.156342278585E-13,-6.));
#5108 = VECTOR('',#5109,1.);
#5109 = DIRECTION('',(1.,0.));
#5110 = ( GEOMETRIC_REPRESENTATION_CONTEXT(2) 
PARAMETRIC_REPRESENTATION_CONTEXT() REPRESENTATION_CONTEXT('2D SPACE',''
  ) );
#5111 = ORIENTED_EDGE('',*,*,#5112,.T.);
#5112 = EDGE_CURVE('',#5090,#5113,#5115,.T.);
#5113 = VERTEX_POINT('',#5114);
#5114 = CARTESIAN_POINT('',(3.000015615511,-393.9163302782,
    -23.01211780407));
#5115 = SURFACE_CURVE('',#5116,(#5120,#5127),.PCURVE_S1.);
#5116 = LINE('',#5117,#5118);
#5117 = CARTESIAN_POINT('',(3.000015615511,-392.8173335724,
    -23.56903442123));
#5118 = VECTOR('',#5119,1.);
#5119 = DIRECTION('',(-7.165010428836E-14,-0.892005793061,0.452023965233
    ));
#5120 = PCURVE('',#100,#5121);
#5121 = DEFINITIONAL_REPRESENTATION('',(#5122),#5126);
#5122 = LINE('',#5123,#5124);
#5123 = CARTESIAN_POINT('',(223.6436079847,-11.98651331302));
#5124 = VECTOR('',#5125,1.);
#5125 = DIRECTION('',(0.892005793061,-0.452023965233));
#5126 = ( GEOMETRIC_REPRESENTATION_CONTEXT(2) 
PARAMETRIC_REPRESENTATION_CONTEXT() REPRESENTATION_CONTEXT('2D SPACE',''
  ) );
#5127 = PCURVE('',#1344,#5128);
#5128 = DEFINITIONAL_REPRESENTATION('',(#5129),#5133);
#5129 = LINE('',#5130,#5131);
#5130 = CARTESIAN_POINT('',(-4.172902111382E-13,-6.));
#5131 = VECTOR('',#5132,1.);
#5132 = DIRECTION('',(1.,6.310887241768E-30));
#5133 = ( GEOMETRIC_REPRESENTATION_CONTEXT(2) 
PARAMETRIC_REPRESENTATION_CONTEXT() REPRESENTATION_CONTEXT('2D SPACE',''
  ) );
#5134 = ORIENTED_EDGE('',*,*,#5135,.T.);
#5135 = EDGE_CURVE('',#5113,#5136,#5138,.T.);
#5136 = VERTEX_POINT('',#5137);
#5137 = CARTESIAN_POINT('',(3.000015615511,-395.0084608635,
    -22.44185412599));
#5138 = SURFACE_CURVE('',#5139,(#5143,#5150),.PCURVE_S1.);
#5139 = LINE('',#5140,#5141);
#5140 = CARTESIAN_POINT('',(3.000015615511,-393.9163302782,
    -23.01211780407));
#5141 = VECTOR('',#5142,1.);
#5142 = DIRECTION('',(-7.221560905344E-14,-0.886432874367,0.462857169374
    ));
#5143 = PCURVE('',#100,#5144);
#5144 = DEFINITIONAL_REPRESENTATION('',(#5145),#5149);
#5145 = LINE('',#5146,#5147);
#5146 = CARTESIAN_POINT('',(224.7426046905,-12.54342993018));
#5147 = VECTOR('',#5148,1.);
#5148 = DIRECTION('',(0.886432874367,-0.462857169374));
#5149 = ( GEOMETRIC_REPRESENTATION_CONTEXT(2) 
PARAMETRIC_REPRESENTATION_CONTEXT() REPRESENTATION_CONTEXT('2D SPACE',''
  ) );
#5150 = PCURVE('',#1372,#5151);
#5151 = DEFINITIONAL_REPRESENTATION('',(#5152),#5156);
#5152 = LINE('',#5153,#5154);
#5153 = CARTESIAN_POINT('',(-4.206058738693E-13,-6.));
#5154 = VECTOR('',#5155,1.);
#5155 = DIRECTION('',(1.,6.310887241768E-30));
#5156 = ( GEOMETRIC_REPRESENTATION_CONTEXT(2) 
PARAMETRIC_REPRESENTATION_CONTEXT() REPRESENTATION_CONTEXT('2D SPACE',''
  ) );
#5157 = ORIENTED_EDGE('',*,*,#5158,.T.);
#5158 = EDGE_CURVE('',#5136,#5159,#5161,.T.);
#5159 = VERTEX_POINT('',#5160);
#5160 = CARTESIAN_POINT('',(3.000015615511,-396.0935632389,
    -21.85832802309));
#5161 = SURFACE_CURVE('',#5162,(#5166,#5173),.PCURVE_S1.);
#5162 = LINE('',#5163,#5164);
#5163 = CARTESIAN_POINT('',(3.000015615511,-395.0084608635,
    -22.44185412599));
#5164 = VECTOR('',#5165,1.);
#5165 = DIRECTION('',(-7.277039588583E-14,-0.880728395087,0.473621678228
    ));
#5166 = PCURVE('',#100,#5167);
#5167 = DEFINITIONAL_REPRESENTATION('',(#5168),#5172);
#5168 = LINE('',#5169,#5170);
#5169 = CARTESIAN_POINT('',(225.8347352758,-13.11369360826));
#5170 = VECTOR('',#5171,1.);
#5171 = DIRECTION('',(0.880728395087,-0.473621678228));
#5172 = ( GEOMETRIC_REPRESENTATION_CONTEXT(2) 
PARAMETRIC_REPRESENTATION_CONTEXT() REPRESENTATION_CONTEXT('2D SPACE',''
  ) );
#5173 = PCURVE('',#1400,#5174);
#5174 = DEFINITIONAL_REPRESENTATION('',(#5175),#5179);
#5175 = LINE('',#5176,#5177);
#5176 = CARTESIAN_POINT('',(-4.240125730513E-13,-6.));
#5177 = VECTOR('',#5178,1.);
#5178 = DIRECTION('',(1.,6.310887241768E-30));
#5179 = ( GEOMETRIC_REPRESENTATION_CONTEXT(2) 
PARAMETRIC_REPRESENTATION_CONTEXT() REPRESENTATION_CONTEXT('2D SPACE',''
  ) );
#5180 = ORIENTED_EDGE('',*,*,#5181,.T.);
#5181 = EDGE_CURVE('',#5159,#5182,#5184,.T.);
#5182 = VERTEX_POINT('',#5183);
#5183 = CARTESIAN_POINT('',(3.000015615511,-397.1714763582,
    -21.26162609983));
#5184 = SURFACE_CURVE('',#5185,(#5189,#5196),.PCURVE_S1.);
#5185 = LINE('',#5186,#5187);
#5186 = CARTESIAN_POINT('',(3.000015615511,-396.0935632389,
    -21.85832802309));
#5187 = VECTOR('',#5188,1.);
#5188 = DIRECTION('',(-7.331438244643E-14,-0.874893201855,0.484315894173
    ));
#5189 = PCURVE('',#100,#5190);
#5190 = DEFINITIONAL_REPRESENTATION('',(#5191),#5195);
#5191 = LINE('',#5192,#5193);
#5192 = CARTESIAN_POINT('',(226.9198376512,-13.69721971116));
#5193 = VECTOR('',#5194,1.);
#5194 = DIRECTION('',(0.874893201855,-0.484315894173));
#5195 = ( GEOMETRIC_REPRESENTATION_CONTEXT(2) 
PARAMETRIC_REPRESENTATION_CONTEXT() REPRESENTATION_CONTEXT('2D SPACE',''
  ) );
#5196 = PCURVE('',#1428,#5197);
#5197 = DEFINITIONAL_REPRESENTATION('',(#5198),#5202);
#5198 = LINE('',#5199,#5200);
#5199 = CARTESIAN_POINT('',(4.389993517706E-12,-6.));
#5200 = VECTOR('',#5201,1.);
#5201 = DIRECTION('',(1.,-6.310887241768E-30));
#5202 = ( GEOMETRIC_REPRESENTATION_CONTEXT(2) 
PARAMETRIC_REPRESENTATION_CONTEXT() REPRESENTATION_CONTEXT('2D SPACE',''
  ) );
#5203 = ORIENTED_EDGE('',*,*,#5204,.T.);
#5204 = EDGE_CURVE('',#5182,#5205,#5207,.T.);
#5205 = VERTEX_POINT('',#5206);
#5206 = CARTESIAN_POINT('',(3.000015615511,-398.2420402421,
    -20.65183691615));
#5207 = SURFACE_CURVE('',#5208,(#5212,#5219),.PCURVE_S1.);
#5208 = LINE('',#5209,#5210);
#5209 = CARTESIAN_POINT('',(3.000015615511,-397.1714763582,
    -21.26162609983));
#5210 = VECTOR('',#5211,1.);
#5211 = DIRECTION('',(-7.384748799918E-14,-0.868928160705,0.494938230018
    ));
#5212 = PCURVE('',#100,#5213);
#5213 = DEFINITIONAL_REPRESENTATION('',(#5214),#5218);
#5214 = LINE('',#5215,#5216);
#5215 = CARTESIAN_POINT('',(227.9977507705,-14.29392163442));
#5216 = VECTOR('',#5217,1.);
#5217 = DIRECTION('',(0.868928160705,-0.494938230018));
#5218 = ( GEOMETRIC_REPRESENTATION_CONTEXT(2) 
PARAMETRIC_REPRESENTATION_CONTEXT() REPRESENTATION_CONTEXT('2D SPACE',''
  ) );
#5219 = PCURVE('',#1456,#5220);
#5220 = DEFINITIONAL_REPRESENTATION('',(#5221),#5225);
#5221 = LINE('',#5222,#5223);
#5222 = CARTESIAN_POINT('',(-4.293346983163E-13,-6.));
#5223 = VECTOR('',#5224,1.);
#5224 = DIRECTION('',(1.,-1.262177448354E-29));
#5225 = ( GEOMETRIC_REPRESENTATION_CONTEXT(2) 
PARAMETRIC_REPRESENTATION_CONTEXT() REPRESENTATION_CONTEXT('2D SPACE',''
  ) );
#5226 = ORIENTED_EDGE('',*,*,#5227,.T.);
#5227 = EDGE_CURVE('',#5205,#5228,#5230,.T.);
#5228 = VERTEX_POINT('',#5229);
#5229 = CARTESIAN_POINT('',(3.000015615511,-399.3050960019,
    -20.02905097437));
#5230 = SURFACE_CURVE('',#5231,(#5235,#5242),.PCURVE_S1.);
#5231 = LINE('',#5232,#5233);
#5232 = CARTESIAN_POINT('',(3.000015615511,-398.2420402421,
    -20.65183691615));
#5233 = VECTOR('',#5234,1.);
#5234 = DIRECTION('',(-7.436963342267E-14,-0.862834156944,0.505487109243
    ));
#5235 = PCURVE('',#100,#5236);
#5236 = DEFINITIONAL_REPRESENTATION('',(#5237),#5241);
#5237 = LINE('',#5238,#5239);
#5238 = CARTESIAN_POINT('',(229.0683146544,-14.9037108181));
#5239 = VECTOR('',#5240,1.);
#5240 = DIRECTION('',(0.862834156944,-0.505487109243));
#5241 = ( GEOMETRIC_REPRESENTATION_CONTEXT(2) 
PARAMETRIC_REPRESENTATION_CONTEXT() REPRESENTATION_CONTEXT('2D SPACE',''
  ) );
#5242 = PCURVE('',#1484,#5243);
#5243 = DEFINITIONAL_REPRESENTATION('',(#5244),#5248);
#5244 = LINE('',#5245,#5246);
#5245 = CARTESIAN_POINT('',(-4.329679273343E-13,-6.));
#5246 = VECTOR('',#5247,1.);
#5247 = DIRECTION('',(1.,0.));
#5248 = ( GEOMETRIC_REPRESENTATION_CONTEXT(2) 
PARAMETRIC_REPRESENTATION_CONTEXT() REPRESENTATION_CONTEXT('2D SPACE',''
  ) );
#5249 = ORIENTED_EDGE('',*,*,#5250,.T.);
#5250 = EDGE_CURVE('',#5228,#5251,#5253,.T.);
#5251 = VERTEX_POINT('',#5252);
#5252 = CARTESIAN_POINT('',(3.000015615511,-400.3604858637,
    -19.39336070573));
#5253 = SURFACE_CURVE('',#5254,(#5258,#5265),.PCURVE_S1.);
#5254 = LINE('',#5255,#5256);
#5255 = CARTESIAN_POINT('',(3.000015615511,-399.3050960019,
    -20.02905097437));
#5256 = VECTOR('',#5257,1.);
#5257 = DIRECTION('',(-7.488074122239E-14,-0.856612095018,0.515960966226
    ));
#5258 = PCURVE('',#100,#5259);
#5259 = DEFINITIONAL_REPRESENTATION('',(#5260),#5264);
#5260 = LINE('',#5261,#5262);
#5261 = CARTESIAN_POINT('',(230.1313704142,-15.52649675988));
#5262 = VECTOR('',#5263,1.);
#5263 = DIRECTION('',(0.856612095018,-0.515960966226));
#5264 = ( GEOMETRIC_REPRESENTATION_CONTEXT(2) 
PARAMETRIC_REPRESENTATION_CONTEXT() REPRESENTATION_CONTEXT('2D SPACE',''
  ) );
#5265 = PCURVE('',#1512,#5266);
#5266 = DEFINITIONAL_REPRESENTATION('',(#5267),#5271);
#5267 = LINE('',#5268,#5269);
#5268 = CARTESIAN_POINT('',(-4.366862726247E-13,-6.));
#5269 = VECTOR('',#5270,1.);
#5270 = DIRECTION('',(1.,0.));
#5271 = ( GEOMETRIC_REPRESENTATION_CONTEXT(2) 
PARAMETRIC_REPRESENTATION_CONTEXT() REPRESENTATION_CONTEXT('2D SPACE',''
  ) );
#5272 = ORIENTED_EDGE('',*,*,#5273,.T.);
#5273 = EDGE_CURVE('',#5251,#5274,#5276,.T.);
#5274 = VERTEX_POINT('',#5275);
#5275 = CARTESIAN_POINT('',(3.000015615511,-401.4080531908,
    -18.74486045665));
#5276 = SURFACE_CURVE('',#5277,(#5281,#5288),.PCURVE_S1.);
#5277 = LINE('',#5278,#5279);
#5278 = CARTESIAN_POINT('',(3.000015615511,-400.3604858637,
    -19.39336070573));
#5279 = VECTOR('',#5280,1.);
#5280 = DIRECTION('',(-7.538073554188E-14,-0.850262898378,0.526358246484
    ));
#5281 = PCURVE('',#100,#5282);
#5282 = DEFINITIONAL_REPRESENTATION('',(#5283),#5287);
#5283 = LINE('',#5284,#5285);
#5284 = CARTESIAN_POINT('',(231.186760276,-16.16218702852));
#5285 = VECTOR('',#5286,1.);
#5286 = DIRECTION('',(0.850262898378,-0.526358246484));
#5287 = ( GEOMETRIC_REPRESENTATION_CONTEXT(2) 
PARAMETRIC_REPRESENTATION_CONTEXT() REPRESENTATION_CONTEXT('2D SPACE',''
  ) );
#5288 = PCURVE('',#1540,#5289);
#5289 = DEFINITIONAL_REPRESENTATION('',(#5290),#5294);
#5290 = LINE('',#5291,#5292);
#5291 = CARTESIAN_POINT('',(-4.404881051504E-13,-6.));
#5292 = VECTOR('',#5293,1.);
#5293 = DIRECTION('',(1.,1.89326617253E-29));
#5294 = ( GEOMETRIC_REPRESENTATION_CONTEXT(2) 
PARAMETRIC_REPRESENTATION_CONTEXT() REPRESENTATION_CONTEXT('2D SPACE',''
  ) );
#5295 = ORIENTED_EDGE('',*,*,#5296,.T.);
#5296 = EDGE_CURVE('',#5274,#5297,#5299,.T.);
#5297 = VERTEX_POINT('',#5298);
#5298 = CARTESIAN_POINT('',(3.000015615511,-402.4476425078,
    -18.08364647478));
#5299 = SURFACE_CURVE('',#5300,(#5304,#5311),.PCURVE_S1.);
#5300 = LINE('',#5301,#5302);
#5301 = CARTESIAN_POINT('',(3.000015615511,-401.4080531908,
    -18.74486045665));
#5302 = VECTOR('',#5303,1.);
#5303 = DIRECTION('',(-7.586954217416E-14,-0.843787509345,0.536677406896
    ));
#5304 = PCURVE('',#100,#5305);
#5305 = DEFINITIONAL_REPRESENTATION('',(#5306),#5310);
#5306 = LINE('',#5307,#5308);
#5307 = CARTESIAN_POINT('',(232.2343276031,-16.8106872776));
#5308 = VECTOR('',#5309,1.);
#5309 = DIRECTION('',(0.843787509345,-0.536677406896));
#5310 = ( GEOMETRIC_REPRESENTATION_CONTEXT(2) 
PARAMETRIC_REPRESENTATION_CONTEXT() REPRESENTATION_CONTEXT('2D SPACE',''
  ) );
#5311 = PCURVE('',#1568,#5312);
#5312 = DEFINITIONAL_REPRESENTATION('',(#5313),#5317);
#5313 = LINE('',#5314,#5315);
#5314 = CARTESIAN_POINT('',(-4.424651003102E-13,-6.));
#5315 = VECTOR('',#5316,1.);
#5316 = DIRECTION('',(1.,0.));
#5317 = ( GEOMETRIC_REPRESENTATION_CONTEXT(2) 
PARAMETRIC_REPRESENTATION_CONTEXT() REPRESENTATION_CONTEXT('2D SPACE',''
  ) );
#5318 = ORIENTED_EDGE('',*,*,#5319,.T.);
#5319 = EDGE_CURVE('',#5297,#5320,#5322,.T.);
#5320 = VERTEX_POINT('',#5321);
#5321 = CARTESIAN_POINT('',(3.000015615511,-403.4790995234,
    -17.40981689468));
#5322 = SURFACE_CURVE('',#5323,(#5327,#5334),.PCURVE_S1.);
#5323 = LINE('',#5324,#5325);
#5324 = CARTESIAN_POINT('',(3.000015615511,-402.4476425078,
    -18.08364647478));
#5325 = VECTOR('',#5326,1.);
#5326 = DIRECTION('',(-7.634708857252E-14,-0.83718688897,0.546916915936)
  );
#5327 = PCURVE('',#100,#5328);
#5328 = DEFINITIONAL_REPRESENTATION('',(#5329),#5333);
#5329 = LINE('',#5330,#5331);
#5330 = CARTESIAN_POINT('',(233.2739169201,-17.47190125947));
#5331 = VECTOR('',#5332,1.);
#5332 = DIRECTION('',(0.83718688897,-0.546916915936));
#5333 = ( GEOMETRIC_REPRESENTATION_CONTEXT(2) 
PARAMETRIC_REPRESENTATION_CONTEXT() REPRESENTATION_CONTEXT('2D SPACE',''
  ) );
#5334 = PCURVE('',#1596,#5335);
#5335 = DEFINITIONAL_REPRESENTATION('',(#5336),#5340);
#5336 = LINE('',#5337,#5338);
#5337 = CARTESIAN_POINT('',(-4.463925049614E-13,-6.));
#5338 = VECTOR('',#5339,1.);
#5339 = DIRECTION('',(1.,-3.155443620884E-29));
#5340 = ( GEOMETRIC_REPRESENTATION_CONTEXT(2) 
PARAMETRIC_REPRESENTATION_CONTEXT() REPRESENTATION_CONTEXT('2D SPACE',''
  ) );
#5341 = ORIENTED_EDGE('',*,*,#5342,.T.);
#5342 = EDGE_CURVE('',#5320,#5343,#5345,.T.);
#5343 = VERTEX_POINT('',#5344);
#5344 = CARTESIAN_POINT('',(3.00001561551,-404.502271153,-16.72347172327
    ));
#5345 = SURFACE_CURVE('',#5346,(#5350,#5357),.PCURVE_S1.);
#5346 = LINE('',#5347,#5348);
#5347 = CARTESIAN_POINT('',(3.000015615511,-403.4790995234,
    -17.40981689468));
#5348 = VECTOR('',#5349,1.);
#5349 = DIRECTION('',(-7.681330386165E-14,-0.830462016887,0.557075253901
    ));
#5350 = PCURVE('',#100,#5351);
#5351 = DEFINITIONAL_REPRESENTATION('',(#5352),#5356);
#5352 = LINE('',#5353,#5354);
#5353 = CARTESIAN_POINT('',(234.3053739357,-18.14573083957));
#5354 = VECTOR('',#5355,1.);
#5355 = DIRECTION('',(0.830462016887,-0.557075253901));
#5356 = ( GEOMETRIC_REPRESENTATION_CONTEXT(2) 
PARAMETRIC_REPRESENTATION_CONTEXT() REPRESENTATION_CONTEXT('2D SPACE',''
  ) );
#5357 = PCURVE('',#1624,#5358);
#5358 = DEFINITIONAL_REPRESENTATION('',(#5359),#5363);
#5359 = LINE('',#5360,#5361);
#5360 = CARTESIAN_POINT('',(-4.503985933609E-13,-6.));
#5361 = VECTOR('',#5362,1.);
#5362 = DIRECTION('',(1.,6.310887241768E-30));
#5363 = ( GEOMETRIC_REPRESENTATION_CONTEXT(2) 
PARAMETRIC_REPRESENTATION_CONTEXT() REPRESENTATION_CONTEXT('2D SPACE',''
  ) );
#5364 = ORIENTED_EDGE('',*,*,#5365,.T.);
#5365 = EDGE_CURVE('',#5343,#5366,#5368,.T.);
#5366 = VERTEX_POINT('',#5367);
#5367 = CARTESIAN_POINT('',(3.00001561551,-405.5170055418,
    -16.02471282495));
#5368 = SURFACE_CURVE('',#5369,(#5373,#5380),.PCURVE_S1.);
#5369 = LINE('',#5370,#5371);
#5370 = CARTESIAN_POINT('',(3.00001561551,-404.502271153,-16.72347172327
    ));
#5371 = VECTOR('',#5372,1.);
#5372 = DIRECTION('',(-7.726811884793E-14,-0.823613891173,0.567150913132
    ));
#5373 = PCURVE('',#100,#5374);
#5374 = DEFINITIONAL_REPRESENTATION('',(#5375),#5379);
#5375 = LINE('',#5376,#5377);
#5376 = CARTESIAN_POINT('',(235.3285455653,-18.83207601098));
#5377 = VECTOR('',#5378,1.);
#5378 = DIRECTION('',(0.823613891173,-0.567150913132));
#5379 = ( GEOMETRIC_REPRESENTATION_CONTEXT(2) 
PARAMETRIC_REPRESENTATION_CONTEXT() REPRESENTATION_CONTEXT('2D SPACE',''
  ) );
#5380 = PCURVE('',#1652,#5381);
#5381 = DEFINITIONAL_REPRESENTATION('',(#5382),#5386);
#5382 = LINE('',#5383,#5384);
#5383 = CARTESIAN_POINT('',(-4.544816067202E-13,-6.));
#5384 = VECTOR('',#5385,1.);
#5385 = DIRECTION('',(1.,-1.89326617253E-29));
#5386 = ( GEOMETRIC_REPRESENTATION_CONTEXT(2) 
PARAMETRIC_REPRESENTATION_CONTEXT() REPRESENTATION_CONTEXT('2D SPACE',''
  ) );
#5387 = ORIENTED_EDGE('',*,*,#5388,.T.);
#5388 = EDGE_CURVE('',#5366,#5389,#5391,.T.);
#5389 = VERTEX_POINT('',#5390);
#5390 = CARTESIAN_POINT('',(3.00001561551,-406.5231520874,
    -15.31364390656));
#5391 = SURFACE_CURVE('',#5392,(#5396,#5403),.PCURVE_S1.);
#5392 = LINE('',#5393,#5394);
#5393 = CARTESIAN_POINT('',(3.00001561551,-405.5170055418,
    -16.02471282495));
#5394 = VECTOR('',#5395,1.);
#5395 = DIRECTION('',(-7.771146602949E-14,-0.816643528199,0.577142398244
    ));
#5396 = PCURVE('',#100,#5397);
#5397 = DEFINITIONAL_REPRESENTATION('',(#5398),#5402);
#5398 = LINE('',#5399,#5400);
#5399 = CARTESIAN_POINT('',(236.3432799541,-19.5308349093));
#5400 = VECTOR('',#5401,1.);
#5401 = DIRECTION('',(0.816643528199,-0.577142398244));
#5402 = ( GEOMETRIC_REPRESENTATION_CONTEXT(2) 
PARAMETRIC_REPRESENTATION_CONTEXT() REPRESENTATION_CONTEXT('2D SPACE',''
  ) );
#5403 = PCURVE('',#1680,#5404);
#5404 = DEFINITIONAL_REPRESENTATION('',(#5405),#5409);
#5405 = LINE('',#5406,#5407);
#5406 = CARTESIAN_POINT('',(-4.565893318009E-13,-6.));
#5407 = VECTOR('',#5408,1.);
#5408 = DIRECTION('',(1.,-1.89326617253E-29));
#5409 = ( GEOMETRIC_REPRESENTATION_CONTEXT(2) 
PARAMETRIC_REPRESENTATION_CONTEXT() REPRESENTATION_CONTEXT('2D SPACE',''
  ) );
#5410 = ORIENTED_EDGE('',*,*,#5411,.T.);
#5411 = EDGE_CURVE('',#5389,#5412,#5414,.T.);
#5412 = VERTEX_POINT('',#5413);
#5413 = CARTESIAN_POINT('',(3.00001561551,-407.5205614618,-14.5903705019
    ));
#5414 = SURFACE_CURVE('',#5415,(#5419,#5426),.PCURVE_S1.);
#5415 = LINE('',#5416,#5417);
#5416 = CARTESIAN_POINT('',(3.00001561551,-406.5231520874,
    -15.31364390656));
#5417 = VECTOR('',#5418,1.);
#5418 = DIRECTION('',(-7.814327960677E-14,-0.809551962476,0.587048226342
    ));
#5419 = PCURVE('',#100,#5420);
#5420 = DEFINITIONAL_REPRESENTATION('',(#5421),#5425);
#5421 = LINE('',#5422,#5423);
#5422 = CARTESIAN_POINT('',(237.3494264997,-20.24190382769));
#5423 = VECTOR('',#5424,1.);
#5424 = DIRECTION('',(0.809551962476,-0.587048226342));
#5425 = ( GEOMETRIC_REPRESENTATION_CONTEXT(2) 
PARAMETRIC_REPRESENTATION_CONTEXT() REPRESENTATION_CONTEXT('2D SPACE',''
  ) );
#5426 = PCURVE('',#1708,#5427);
#5427 = DEFINITIONAL_REPRESENTATION('',(#5428),#5432);
#5428 = LINE('',#5429,#5430);
#5429 = CARTESIAN_POINT('',(-4.607855955615E-13,-6.));
#5430 = VECTOR('',#5431,1.);
#5431 = DIRECTION('',(1.,0.));
#5432 = ( GEOMETRIC_REPRESENTATION_CONTEXT(2) 
PARAMETRIC_REPRESENTATION_CONTEXT() REPRESENTATION_CONTEXT('2D SPACE',''
  ) );
#5433 = ORIENTED_EDGE('',*,*,#5434,.T.);
#5434 = EDGE_CURVE('',#5412,#5435,#5437,.T.);
#5435 = VERTEX_POINT('',#5436);
#5436 = CARTESIAN_POINT('',(3.00001561551,-408.5090856336,
    -13.85499995614));
#5437 = SURFACE_CURVE('',#5438,(#5442,#5449),.PCURVE_S1.);
#5438 = LINE('',#5439,#5440);
#5439 = CARTESIAN_POINT('',(3.00001561551,-407.5205614618,-14.5903705019
    ));
#5440 = VECTOR('',#5441,1.);
#5441 = DIRECTION('',(-7.856349549179E-14,-0.802340246503,0.596866927247
    ));
#5442 = PCURVE('',#100,#5443);
#5443 = DEFINITIONAL_REPRESENTATION('',(#5444),#5448);
#5444 = LINE('',#5445,#5446);
#5445 = CARTESIAN_POINT('',(238.3468358741,-20.96517723235));
#5446 = VECTOR('',#5447,1.);
#5447 = DIRECTION('',(0.802340246503,-0.596866927247));
#5448 = ( GEOMETRIC_REPRESENTATION_CONTEXT(2) 
PARAMETRIC_REPRESENTATION_CONTEXT() REPRESENTATION_CONTEXT('2D SPACE',''
  ) );
#5449 = PCURVE('',#1736,#5450);
#5450 = DEFINITIONAL_REPRESENTATION('',(#5451),#5455);
#5451 = LINE('',#5452,#5453);
#5452 = CARTESIAN_POINT('',(-4.650536226972E-13,-6.));
#5453 = VECTOR('',#5454,1.);
#5454 = DIRECTION('',(1.,0.));
#5455 = ( GEOMETRIC_REPRESENTATION_CONTEXT(2) 
PARAMETRIC_REPRESENTATION_CONTEXT() REPRESENTATION_CONTEXT('2D SPACE',''
  ) );
#5456 = ORIENTED_EDGE('',*,*,#5457,.T.);
#5457 = EDGE_CURVE('',#5435,#5458,#5460,.T.);
#5458 = VERTEX_POINT('',#5459);
#5459 = CARTESIAN_POINT('',(3.00001561551,-409.4885778904,
    -13.10764140982));
#5460 = SURFACE_CURVE('',#5461,(#5465,#5472),.PCURVE_S1.);
#5461 = LINE('',#5462,#5463);
#5462 = CARTESIAN_POINT('',(3.00001561551,-408.5090856336,
    -13.85499995614));
#5463 = VECTOR('',#5464,1.);
#5464 = DIRECTION('',(-7.897205131792E-14,-0.795009450613,0.606597043708
    ));
#5465 = PCURVE('',#100,#5466);
#5466 = DEFINITIONAL_REPRESENTATION('',(#5467),#5471);
#5467 = LINE('',#5468,#5469);
#5468 = CARTESIAN_POINT('',(239.3353600459,-21.70054777811));
#5469 = VECTOR('',#5470,1.);
#5470 = DIRECTION('',(0.795009450613,-0.606597043708));
#5471 = ( GEOMETRIC_REPRESENTATION_CONTEXT(2) 
PARAMETRIC_REPRESENTATION_CONTEXT() REPRESENTATION_CONTEXT('2D SPACE',''
  ) );
#5472 = PCURVE('',#1764,#5473);
#5473 = DEFINITIONAL_REPRESENTATION('',(#5474),#5478);
#5474 = LINE('',#5475,#5476);
#5475 = CARTESIAN_POINT('',(-4.683139984523E-13,-6.));
#5476 = VECTOR('',#5477,1.);
#5477 = DIRECTION('',(1.,-6.310887241768E-30));
#5478 = ( GEOMETRIC_REPRESENTATION_CONTEXT(2) 
PARAMETRIC_REPRESENTATION_CONTEXT() REPRESENTATION_CONTEXT('2D SPACE',''
  ) );
#5479 = ORIENTED_EDGE('',*,*,#5480,.T.);
#5480 = EDGE_CURVE('',#5458,#5481,#5483,.T.);
#5481 = VERTEX_POINT('',#5482);
#5482 = CARTESIAN_POINT('',(3.00001561551,-410.4588928602,
    -12.34840578272));
#5483 = SURFACE_CURVE('',#5484,(#5488,#5495),.PCURVE_S1.);
#5484 = LINE('',#5485,#5486);
#5485 = CARTESIAN_POINT('',(3.00001561551,-409.4885778904,
    -13.10764140982));
#5486 = VECTOR('',#5487,1.);
#5487 = DIRECTION('',(-7.936888644893E-14,-0.787560662812,0.616237131624
    ));
#5488 = PCURVE('',#100,#5489);
#5489 = DEFINITIONAL_REPRESENTATION('',(#5490),#5494);
#5490 = LINE('',#5491,#5492);
#5491 = CARTESIAN_POINT('',(240.3148523027,-22.44790632443));
#5492 = VECTOR('',#5493,1.);
#5493 = DIRECTION('',(0.787560662812,-0.616237131624));
#5494 = ( GEOMETRIC_REPRESENTATION_CONTEXT(2) 
PARAMETRIC_REPRESENTATION_CONTEXT() REPRESENTATION_CONTEXT('2D SPACE',''
  ) );
#5495 = PCURVE('',#1792,#5496);
#5496 = DEFINITIONAL_REPRESENTATION('',(#5497),#5501);
#5497 = LINE('',#5498,#5499);
#5498 = CARTESIAN_POINT('',(-4.727027512691E-13,-6.));
#5499 = VECTOR('',#5500,1.);
#5500 = DIRECTION('',(1.,-6.310887241768E-30));
#5501 = ( GEOMETRIC_REPRESENTATION_CONTEXT(2) 
PARAMETRIC_REPRESENTATION_CONTEXT() REPRESENTATION_CONTEXT('2D SPACE',''
  ) );
#5502 = ORIENTED_EDGE('',*,*,#5503,.T.);
#5503 = EDGE_CURVE('',#5481,#5504,#5506,.T.);
#5504 = VERTEX_POINT('',#5505);
#5505 = CARTESIAN_POINT('',(3.00001561551,-411.4198865328,
    -11.57740575735));
#5506 = SURFACE_CURVE('',#5507,(#5511,#5518),.PCURVE_S1.);
#5507 = LINE('',#5508,#5509);
#5508 = CARTESIAN_POINT('',(3.00001561551,-410.4588928602,
    -12.34840578272));
#5509 = VECTOR('',#5510,1.);
#5510 = DIRECTION('',(-7.975394198845E-14,-0.779994988616,0.625785760252
    ));
#5511 = PCURVE('',#100,#5512);
#5512 = DEFINITIONAL_REPRESENTATION('',(#5513),#5517);
#5513 = LINE('',#5514,#5515);
#5514 = CARTESIAN_POINT('',(241.2851672725,-23.20714195153));
#5515 = VECTOR('',#5516,1.);
#5516 = DIRECTION('',(0.779994988616,-0.625785760252));
#5517 = ( GEOMETRIC_REPRESENTATION_CONTEXT(2) 
PARAMETRIC_REPRESENTATION_CONTEXT() REPRESENTATION_CONTEXT('2D SPACE',''
  ) );
#5518 = PCURVE('',#1820,#5519);
#5519 = DEFINITIONAL_REPRESENTATION('',(#5520),#5524);
#5520 = LINE('',#5521,#5522);
#5521 = CARTESIAN_POINT('',(-4.760460727769E-13,-6.));
#5522 = VECTOR('',#5523,1.);
#5523 = DIRECTION('',(1.,-1.262177448354E-29));
#5524 = ( GEOMETRIC_REPRESENTATION_CONTEXT(2) 
PARAMETRIC_REPRESENTATION_CONTEXT() REPRESENTATION_CONTEXT('2D SPACE',''
  ) );
#5525 = ORIENTED_EDGE('',*,*,#5526,.T.);
#5526 = EDGE_CURVE('',#5504,#5527,#5529,.T.);
#5527 = VERTEX_POINT('',#5528);
#5528 = CARTESIAN_POINT('',(3.00001561551,-412.3714162817,
    -10.79475576224));
#5529 = SURFACE_CURVE('',#5530,(#5534,#5541),.PCURVE_S1.);
#5530 = LINE('',#5531,#5532);
#5531 = CARTESIAN_POINT('',(3.00001561551,-411.4198865328,
    -11.57740575735));
#5532 = VECTOR('',#5533,1.);
#5533 = DIRECTION('',(-8.012716078804E-14,-0.77231355089,0.635241512428)
  );
#5534 = PCURVE('',#100,#5535);
#5535 = DEFINITIONAL_REPRESENTATION('',(#5536),#5540);
#5536 = LINE('',#5537,#5538);
#5537 = CARTESIAN_POINT('',(242.2461609451,-23.9781419769));
#5538 = VECTOR('',#5539,1.);
#5539 = DIRECTION('',(0.77231355089,-0.635241512428));
#5540 = ( GEOMETRIC_REPRESENTATION_CONTEXT(2) 
PARAMETRIC_REPRESENTATION_CONTEXT() REPRESENTATION_CONTEXT('2D SPACE',''
  ) );
#5541 = PCURVE('',#1848,#5542);
#5542 = DEFINITIONAL_REPRESENTATION('',(#5543),#5547);
#5543 = LINE('',#5544,#5545);
#5544 = CARTESIAN_POINT('',(-4.79420017242E-13,-6.));
#5545 = VECTOR('',#5546,1.);
#5546 = DIRECTION('',(1.,-2.524354896707E-29));
#5547 = ( GEOMETRIC_REPRESENTATION_CONTEXT(2) 
PARAMETRIC_REPRESENTATION_CONTEXT() REPRESENTATION_CONTEXT('2D SPACE',''
  ) );
#5548 = ORIENTED_EDGE('',*,*,#5549,.T.);
#5549 = EDGE_CURVE('',#5527,#5550,#5552,.T.);
#5550 = VERTEX_POINT('',#5551);
#5551 = CARTESIAN_POINT('',(3.00001561551,-413.3133408849,
    -10.00057195498));
#5552 = SURFACE_CURVE('',#5553,(#5557,#5564),.PCURVE_S1.);
#5553 = LINE('',#5554,#5555);
#5554 = CARTESIAN_POINT('',(3.00001561551,-412.3714162817,
    -10.79475576224));
#5555 = VECTOR('',#5556,1.);
#5556 = DIRECTION('',(-8.048848745619E-14,-0.764517489682,0.644602984767
    ));
#5557 = PCURVE('',#100,#5558);
#5558 = DEFINITIONAL_REPRESENTATION('',(#5559),#5563);
#5559 = LINE('',#5560,#5561);
#5560 = CARTESIAN_POINT('',(243.197690694,-24.76079197201));
#5561 = VECTOR('',#5562,1.);
#5562 = DIRECTION('',(0.764517489682,-0.644602984767));
#5563 = ( GEOMETRIC_REPRESENTATION_CONTEXT(2) 
PARAMETRIC_REPRESENTATION_CONTEXT() REPRESENTATION_CONTEXT('2D SPACE',''
  ) );
#5564 = PCURVE('',#1876,#5565);
#5565 = DEFINITIONAL_REPRESENTATION('',(#5566),#5570);
#5566 = LINE('',#5567,#5568);
#5567 = CARTESIAN_POINT('',(-4.839681314703E-13,-6.));
#5568 = VECTOR('',#5569,1.);
#5569 = DIRECTION('',(1.,-3.786532345061E-29));
#5570 = ( GEOMETRIC_REPRESENTATION_CONTEXT(2) 
PARAMETRIC_REPRESENTATION_CONTEXT() REPRESENTATION_CONTEXT('2D SPACE',''
  ) );
#5571 = ORIENTED_EDGE('',*,*,#5572,.T.);
#5572 = EDGE_CURVE('',#5550,#5573,#5575,.T.);
#5573 = VERTEX_POINT('',#5574);
#5574 = CARTESIAN_POINT('',(3.00001561551,-414.2455205461,
    -9.194972204931));
#5575 = SURFACE_CURVE('',#5576,(#5580,#5587),.PCURVE_S1.);
#5576 = LINE('',#5577,#5578);
#5577 = CARTESIAN_POINT('',(3.00001561551,-413.3133408849,
    -10.00057195498));
#5578 = VECTOR('',#5579,1.);
#5579 = DIRECTION('',(-8.083786836637E-14,-0.756607962048,0.653868787881
    ));
#5580 = PCURVE('',#100,#5581);
#5581 = DEFINITIONAL_REPRESENTATION('',(#5582),#5586);
#5582 = LINE('',#5583,#5584);
#5583 = CARTESIAN_POINT('',(244.1396152972,-25.55497577927));
#5584 = VECTOR('',#5585,1.);
#5585 = DIRECTION('',(0.756607962048,-0.653868787881));
#5586 = ( GEOMETRIC_REPRESENTATION_CONTEXT(2) 
PARAMETRIC_REPRESENTATION_CONTEXT() REPRESENTATION_CONTEXT('2D SPACE',''
  ) );
#5587 = PCURVE('',#1904,#5588);
#5588 = DEFINITIONAL_REPRESENTATION('',(#5589),#5593);
#5589 = LINE('',#5590,#5591);
#5590 = CARTESIAN_POINT('',(-4.87415267672E-13,-6.));
#5591 = VECTOR('',#5592,1.);
#5592 = DIRECTION('',(1.,6.310887241768E-30));
#5593 = ( GEOMETRIC_REPRESENTATION_CONTEXT(2) 
PARAMETRIC_REPRESENTATION_CONTEXT() REPRESENTATION_CONTEXT('2D SPACE',''
  ) );
#5594 = ORIENTED_EDGE('',*,*,#5595,.T.);
#5595 = EDGE_CURVE('',#5573,#5596,#5598,.T.);
#5596 = VERTEX_POINT('',#5597);
#5597 = CARTESIAN_POINT('',(3.000015615509,-415.167816915,
    -8.378076075771));
#5598 = SURFACE_CURVE('',#5599,(#5603,#5610),.PCURVE_S1.);
#5599 = LINE('',#5600,#5601);
#5600 = CARTESIAN_POINT('',(3.00001561551,-414.2455205461,
    -9.194972204931));
#5601 = VECTOR('',#5602,1.);
#5602 = DIRECTION('',(-8.117525166486E-14,-0.748586141888,0.663037546579
    ));
#5603 = PCURVE('',#100,#5604);
#5604 = DEFINITIONAL_REPRESENTATION('',(#5605),#5609);
#5605 = LINE('',#5606,#5607);
#5606 = CARTESIAN_POINT('',(245.0717949584,-26.36057552931));
#5607 = VECTOR('',#5608,1.);
#5608 = DIRECTION('',(0.748586141888,-0.663037546579));
#5609 = ( GEOMETRIC_REPRESENTATION_CONTEXT(2) 
PARAMETRIC_REPRESENTATION_CONTEXT() REPRESENTATION_CONTEXT('2D SPACE',''
  ) );
#5610 = PCURVE('',#1932,#5611);
#5611 = DEFINITIONAL_REPRESENTATION('',(#5612),#5616);
#5612 = LINE('',#5613,#5614);
#5613 = CARTESIAN_POINT('',(-4.908883028581E-13,-6.));
#5614 = VECTOR('',#5615,1.);
#5615 = DIRECTION('',(1.,-1.89326617253E-29));
#5616 = ( GEOMETRIC_REPRESENTATION_CONTEXT(2) 
PARAMETRIC_REPRESENTATION_CONTEXT() REPRESENTATION_CONTEXT('2D SPACE',''
  ) );
#5617 = ORIENTED_EDGE('',*,*,#5618,.T.);
#5618 = EDGE_CURVE('',#5596,#5619,#5621,.T.);
#5619 = VERTEX_POINT('',#5620);
#5620 = CARTESIAN_POINT('',(3.000015615509,-416.0800931083,
    -7.550004807742));
#5621 = SURFACE_CURVE('',#5622,(#5626,#5633),.PCURVE_S1.);
#5622 = LINE('',#5623,#5624);
#5623 = CARTESIAN_POINT('',(3.000015615509,-415.167816915,
    -8.378076075771));
#5624 = VECTOR('',#5625,1.);
#5625 = DIRECTION('',(-8.150058727878E-14,-0.740453219766,0.672107900071
    ));
#5626 = PCURVE('',#100,#5627);
#5627 = DEFINITIONAL_REPRESENTATION('',(#5628),#5632);
#5628 = LINE('',#5629,#5630);
#5629 = CARTESIAN_POINT('',(245.9940913273,-27.17747165847));
#5630 = VECTOR('',#5631,1.);
#5631 = DIRECTION('',(0.740453219766,-0.672107900071));
#5632 = ( GEOMETRIC_REPRESENTATION_CONTEXT(2) 
PARAMETRIC_REPRESENTATION_CONTEXT() REPRESENTATION_CONTEXT('2D SPACE',''
  ) );
#5633 = PCURVE('',#1960,#5634);
#5634 = DEFINITIONAL_REPRESENTATION('',(#5635),#5639);
#5635 = LINE('',#5636,#5637);
#5636 = CARTESIAN_POINT('',(-4.943856800117E-13,-6.));
#5637 = VECTOR('',#5638,1.);
#5638 = DIRECTION('',(1.,1.89326617253E-29));
#5639 = ( GEOMETRIC_REPRESENTATION_CONTEXT(2) 
PARAMETRIC_REPRESENTATION_CONTEXT() REPRESENTATION_CONTEXT('2D SPACE',''
  ) );
#5640 = ORIENTED_EDGE('',*,*,#5641,.T.);
#5641 = EDGE_CURVE('',#5619,#5642,#5644,.T.);
#5642 = VERTEX_POINT('',#5643);
#5643 = CARTESIAN_POINT('',(3.000015615509,-416.98221373,-6.71088129965)
  );
#5644 = SURFACE_CURVE('',#5645,(#5649,#5656),.PCURVE_S1.);
#5645 = LINE('',#5646,#5647);
#5646 = CARTESIAN_POINT('',(3.000015615509,-416.0800931083,
    -7.550004807742));
#5647 = VECTOR('',#5648,1.);
#5648 = DIRECTION('',(-8.181382692314E-14,-0.732210402735,0.681078502176
    ));
#5649 = PCURVE('',#100,#5650);
#5650 = DEFINITIONAL_REPRESENTATION('',(#5651),#5655);
#5651 = LINE('',#5652,#5653);
#5652 = CARTESIAN_POINT('',(246.9063675206,-28.0055429265));
#5653 = VECTOR('',#5654,1.);
#5654 = DIRECTION('',(0.732210402735,-0.681078502176));
#5655 = ( GEOMETRIC_REPRESENTATION_CONTEXT(2) 
PARAMETRIC_REPRESENTATION_CONTEXT() REPRESENTATION_CONTEXT('2D SPACE',''
  ) );
#5656 = PCURVE('',#1988,#5657);
#5657 = DEFINITIONAL_REPRESENTATION('',(#5658),#5662);
#5658 = LINE('',#5659,#5660);
#5659 = CARTESIAN_POINT('',(1.918491771367E-13,-6.));
#5660 = VECTOR('',#5661,1.);
#5661 = DIRECTION('',(1.,0.));
#5662 = ( GEOMETRIC_REPRESENTATION_CONTEXT(2) 
PARAMETRIC_REPRESENTATION_CONTEXT() REPRESENTATION_CONTEXT('2D SPACE',''
  ) );
#5663 = ORIENTED_EDGE('',*,*,#5664,.T.);
#5664 = EDGE_CURVE('',#5642,#5665,#5667,.T.);
#5665 = VERTEX_POINT('',#5666);
#5666 = CARTESIAN_POINT('',(3.000015615509,-417.8740448911,
    -5.860830090627));
#5667 = SURFACE_CURVE('',#5668,(#5672,#5679),.PCURVE_S1.);
#5668 = LINE('',#5669,#5670);
#5669 = CARTESIAN_POINT('',(3.000015615509,-416.98221373,-6.71088129965)
  );
#5670 = VECTOR('',#5671,1.);
#5671 = DIRECTION('',(-8.211492410826E-14,-0.723858914159,0.689948021515
    ));
#5672 = PCURVE('',#100,#5673);
#5673 = DEFINITIONAL_REPRESENTATION('',(#5674),#5678);
#5674 = LINE('',#5675,#5676);
#5675 = CARTESIAN_POINT('',(247.8084881423,-28.8446664346));
#5676 = VECTOR('',#5677,1.);
#5677 = DIRECTION('',(0.723858914159,-0.689948021515));
#5678 = ( GEOMETRIC_REPRESENTATION_CONTEXT(2) 
PARAMETRIC_REPRESENTATION_CONTEXT() REPRESENTATION_CONTEXT('2D SPACE',''
  ) );
#5679 = PCURVE('',#2016,#5680);
#5680 = DEFINITIONAL_REPRESENTATION('',(#5681),#5685);
#5681 = LINE('',#5682,#5683);
#5682 = CARTESIAN_POINT('',(1.961059645257E-13,-6.));
#5683 = VECTOR('',#5684,1.);
#5684 = DIRECTION('',(1.,0.));
#5685 = ( GEOMETRIC_REPRESENTATION_CONTEXT(2) 
PARAMETRIC_REPRESENTATION_CONTEXT() REPRESENTATION_CONTEXT('2D SPACE',''
  ) );
#5686 = ORIENTED_EDGE('',*,*,#5687,.T.);
#5687 = EDGE_CURVE('',#5665,#5688,#5690,.T.);
#5688 = VERTEX_POINT('',#5689);
#5689 = CARTESIAN_POINT('',(3.000015615509,-418.7554542299,
    -4.999977341647));
#5690 = SURFACE_CURVE('',#5691,(#5695,#5702),.PCURVE_S1.);
#5691 = LINE('',#5692,#5693);
#5692 = CARTESIAN_POINT('',(3.000015615509,-417.8740448911,
    -5.860830090627));
#5693 = VECTOR('',#5694,1.);
#5694 = DIRECTION('',(-8.240383414657E-14,-0.715399993531,0.698715141711
    ));
#5695 = PCURVE('',#100,#5696);
#5696 = DEFINITIONAL_REPRESENTATION('',(#5697),#5701);
#5697 = LINE('',#5698,#5699);
#5698 = CARTESIAN_POINT('',(248.7003193034,-29.69471764362));
#5699 = VECTOR('',#5700,1.);
#5700 = DIRECTION('',(0.715399993531,-0.698715141711));
#5701 = ( GEOMETRIC_REPRESENTATION_CONTEXT(2) 
PARAMETRIC_REPRESENTATION_CONTEXT() REPRESENTATION_CONTEXT('2D SPACE',''
  ) );
#5702 = PCURVE('',#2044,#5703);
#5703 = DEFINITIONAL_REPRESENTATION('',(#5704),#5708);
#5704 = LINE('',#5705,#5706);
#5705 = CARTESIAN_POINT('',(-5.062491922869E-13,-6.));
#5706 = VECTOR('',#5707,1.);
#5707 = DIRECTION('',(1.,-6.310887241768E-30));
#5708 = ( GEOMETRIC_REPRESENTATION_CONTEXT(2) 
PARAMETRIC_REPRESENTATION_CONTEXT() REPRESENTATION_CONTEXT('2D SPACE',''
  ) );
#5709 = ORIENTED_EDGE('',*,*,#5710,.T.);
#5710 = EDGE_CURVE('',#5688,#5711,#5713,.T.);
#5711 = VERTEX_POINT('',#5712);
#5712 = CARTESIAN_POINT('',(3.000015615509,-418.7554542296,
    -1.037963569504E-07));
#5713 = SURFACE_CURVE('',#5714,(#5718,#5725),.PCURVE_S1.);
#5714 = LINE('',#5715,#5716);
#5715 = CARTESIAN_POINT('',(3.000015615509,-418.7554542299,
    -4.999977341647));
#5716 = VECTOR('',#5717,1.);
#5717 = DIRECTION('',(-7.418371472351E-14,7.39944809999E-11,1.));
#5718 = PCURVE('',#100,#5719);
#5719 = DEFINITIONAL_REPRESENTATION('',(#5720),#5724);
#5720 = LINE('',#5721,#5722);
#5721 = CARTESIAN_POINT('',(249.5817286422,-30.5555703926));
#5722 = VECTOR('',#5723,1.);
#5723 = DIRECTION('',(-7.39944809999E-11,-1.));
#5724 = ( GEOMETRIC_REPRESENTATION_CONTEXT(2) 
PARAMETRIC_REPRESENTATION_CONTEXT() REPRESENTATION_CONTEXT('2D SPACE',''
  ) );
#5725 = PCURVE('',#2072,#5726);
#5726 = DEFINITIONAL_REPRESENTATION('',(#5727),#5731);
#5727 = LINE('',#5728,#5729);
#5728 = CARTESIAN_POINT('',(5.549866122203E-13,-6.));
#5729 = VECTOR('',#5730,1.);
#5730 = DIRECTION('',(1.,0.));
#5731 = ( GEOMETRIC_REPRESENTATION_CONTEXT(2) 
PARAMETRIC_REPRESENTATION_CONTEXT() REPRESENTATION_CONTEXT('2D SPACE',''
  ) );
#5732 = ORIENTED_EDGE('',*,*,#5733,.T.);
#5733 = EDGE_CURVE('',#5711,#5734,#5736,.T.);
#5734 = VERTEX_POINT('',#5735);
#5735 = CARTESIAN_POINT('',(3.000015615508,-429.0704517017,
    -1.040605247194E-07));
#5736 = SURFACE_CURVE('',#5737,(#5741,#5748),.PCURVE_S1.);
#5737 = LINE('',#5738,#5739);
#5738 = CARTESIAN_POINT('',(3.000015615509,-418.7554542296,
    -1.037963569504E-07));
#5739 = VECTOR('',#5740,1.);
#5740 = DIRECTION('',(-4.273210745567E-14,-1.,-2.561006628721E-11));
#5741 = PCURVE('',#100,#5742);
#5742 = DEFINITIONAL_REPRESENTATION('',(#5743),#5747);
#5743 = LINE('',#5744,#5745);
#5744 = CARTESIAN_POINT('',(249.5817286419,-35.55554763045));
#5745 = VECTOR('',#5746,1.);
#5746 = DIRECTION('',(1.,2.561006628721E-11));
#5747 = ( GEOMETRIC_REPRESENTATION_CONTEXT(2) 
PARAMETRIC_REPRESENTATION_CONTEXT() REPRESENTATION_CONTEXT('2D SPACE',''
  ) );
#5748 = PCURVE('',#2100,#5749);
#5749 = DEFINITIONAL_REPRESENTATION('',(#5750),#5754);
#5750 = LINE('',#5751,#5752);
#5751 = CARTESIAN_POINT('',(-2.563926447454E-13,-6.));
#5752 = VECTOR('',#5753,1.);
#5753 = DIRECTION('',(1.,1.4236577912E-30));
#5754 = ( GEOMETRIC_REPRESENTATION_CONTEXT(2) 
PARAMETRIC_REPRESENTATION_CONTEXT() REPRESENTATION_CONTEXT('2D SPACE',''
  ) );
#5755 = ORIENTED_EDGE('',*,*,#5756,.T.);
#5756 = EDGE_CURVE('',#5734,#5757,#5759,.T.);
#5757 = VERTEX_POINT('',#5758);
#5758 = CARTESIAN_POINT('',(3.000015615509,-429.0704517014,
    -4.999977134394));
#5759 = SURFACE_CURVE('',#5760,(#5764,#5771),.PCURVE_S1.);
#5760 = LINE('',#5761,#5762);
#5761 = CARTESIAN_POINT('',(3.000015615508,-429.0704517017,
    -1.040605247194E-07));
#5762 = VECTOR('',#5763,1.);
#5763 = DIRECTION('',(7.418371472923E-14,6.000819893403E-11,-1.));
#5764 = PCURVE('',#100,#5765);
#5765 = DEFINITIONAL_REPRESENTATION('',(#5766),#5770);
#5766 = LINE('',#5767,#5768);
#5767 = CARTESIAN_POINT('',(259.896726114,-35.55554763018));
#5768 = VECTOR('',#5769,1.);
#5769 = DIRECTION('',(-6.000819893403E-11,1.));
#5770 = ( GEOMETRIC_REPRESENTATION_CONTEXT(2) 
PARAMETRIC_REPRESENTATION_CONTEXT() REPRESENTATION_CONTEXT('2D SPACE',''
  ) );
#5771 = PCURVE('',#2128,#5772);
#5772 = DEFINITIONAL_REPRESENTATION('',(#5773),#5777);
#5773 = LINE('',#5774,#5775);
#5774 = CARTESIAN_POINT('',(-1.163517661834E-20,-6.));
#5775 = VECTOR('',#5776,1.);
#5776 = DIRECTION('',(1.,0.));
#5777 = ( GEOMETRIC_REPRESENTATION_CONTEXT(2) 
PARAMETRIC_REPRESENTATION_CONTEXT() REPRESENTATION_CONTEXT('2D SPACE',''
  ) );
#5778 = ORIENTED_EDGE('',*,*,#5779,.T.);
#5779 = EDGE_CURVE('',#5757,#5780,#5782,.T.);
#5780 = VERTEX_POINT('',#5781);
#5781 = CARTESIAN_POINT('',(3.000015615509,-428.1112540521,
    -6.071484775266));
#5782 = SURFACE_CURVE('',#5783,(#5787,#5794),.PCURVE_S1.);
#5783 = LINE('',#5784,#5785);
#5784 = CARTESIAN_POINT('',(3.000015615509,-429.0704517014,
    -4.999977134394));
#5785 = VECTOR('',#5786,1.);
#5786 = DIRECTION('',(8.377393071231E-14,0.666980319636,-0.745075333921)
  );
#5787 = PCURVE('',#100,#5788);
#5788 = DEFINITIONAL_REPRESENTATION('',(#5789),#5793);
#5789 = LINE('',#5790,#5791);
#5790 = CARTESIAN_POINT('',(259.8967261137,-30.55557059985));
#5791 = VECTOR('',#5792,1.);
#5792 = DIRECTION('',(-0.666980319636,0.745075333921));
#5793 = ( GEOMETRIC_REPRESENTATION_CONTEXT(2) 
PARAMETRIC_REPRESENTATION_CONTEXT() REPRESENTATION_CONTEXT('2D SPACE',''
  ) );
#5794 = PCURVE('',#2156,#5795);
#5795 = DEFINITIONAL_REPRESENTATION('',(#5796),#5800);
#5796 = LINE('',#5797,#5798);
#5797 = CARTESIAN_POINT('',(4.882779991763E-13,-6.));
#5798 = VECTOR('',#5799,1.);
#5799 = DIRECTION('',(1.,-6.310887241768E-30));
#5800 = ( GEOMETRIC_REPRESENTATION_CONTEXT(2) 
PARAMETRIC_REPRESENTATION_CONTEXT() REPRESENTATION_CONTEXT('2D SPACE',''
  ) );
#5801 = ORIENTED_EDGE('',*,*,#5802,.T.);
#5802 = EDGE_CURVE('',#5780,#5803,#5805,.T.);
#5803 = VERTEX_POINT('',#5804);
#5804 = CARTESIAN_POINT('',(3.000015615509,-427.1379556647,
    -7.130200508806));
#5805 = SURFACE_CURVE('',#5806,(#5810,#5817),.PCURVE_S1.);
#5806 = LINE('',#5807,#5808);
#5807 = CARTESIAN_POINT('',(3.000015615509,-428.1112540521,
    -6.071484775266));
#5808 = VECTOR('',#5809,1.);
#5809 = DIRECTION('',(8.35330627763E-14,0.676785300679,-0.736180451238)
  );
#5810 = PCURVE('',#100,#5811);
#5811 = DEFINITIONAL_REPRESENTATION('',(#5812),#5816);
#5812 = LINE('',#5813,#5814);
#5813 = CARTESIAN_POINT('',(258.9375284644,-29.48406295898));
#5814 = VECTOR('',#5815,1.);
#5815 = DIRECTION('',(-0.676785300679,0.736180451238));
#5816 = ( GEOMETRIC_REPRESENTATION_CONTEXT(2) 
PARAMETRIC_REPRESENTATION_CONTEXT() REPRESENTATION_CONTEXT('2D SPACE',''
  ) );
#5817 = PCURVE('',#2184,#5818);
#5818 = DEFINITIONAL_REPRESENTATION('',(#5819),#5823);
#5819 = LINE('',#5820,#5821);
#5820 = CARTESIAN_POINT('',(-2.231834301166E-13,-6.));
#5821 = VECTOR('',#5822,1.);
#5822 = DIRECTION('',(1.,-6.310887241768E-30));
#5823 = ( GEOMETRIC_REPRESENTATION_CONTEXT(2) 
PARAMETRIC_REPRESENTATION_CONTEXT() REPRESENTATION_CONTEXT('2D SPACE',''
  ) );
#5824 = ORIENTED_EDGE('',*,*,#5825,.T.);
#5825 = EDGE_CURVE('',#5803,#5826,#5828,.T.);
#5826 = VERTEX_POINT('',#5827);
#5827 = CARTESIAN_POINT('',(3.000015615509,-426.1507271163,
    -8.175938788092));
#5828 = SURFACE_CURVE('',#5829,(#5833,#5840),.PCURVE_S1.);
#5829 = LINE('',#5830,#5831);
#5830 = CARTESIAN_POINT('',(3.000015615509,-427.1379556647,
    -7.130200508806));
#5831 = VECTOR('',#5832,1.);
#5832 = DIRECTION('',(8.327755512392E-14,0.686471670512,-0.727156548196)
  );
#5833 = PCURVE('',#100,#5834);
#5834 = DEFINITIONAL_REPRESENTATION('',(#5835),#5839);
#5835 = LINE('',#5836,#5837);
#5836 = CARTESIAN_POINT('',(257.964230077,-28.42534722544));
#5837 = VECTOR('',#5838,1.);
#5838 = DIRECTION('',(-0.686471670512,0.727156548196));
#5839 = ( GEOMETRIC_REPRESENTATION_CONTEXT(2) 
PARAMETRIC_REPRESENTATION_CONTEXT() REPRESENTATION_CONTEXT('2D SPACE',''
  ) );
#5840 = PCURVE('',#2212,#5841);
#5841 = DEFINITIONAL_REPRESENTATION('',(#5842),#5846);
#5842 = LINE('',#5843,#5844);
#5843 = CARTESIAN_POINT('',(5.182904067952E-13,-6.));
#5844 = VECTOR('',#5845,1.);
#5845 = DIRECTION('',(1.,0.));
#5846 = ( GEOMETRIC_REPRESENTATION_CONTEXT(2) 
PARAMETRIC_REPRESENTATION_CONTEXT() REPRESENTATION_CONTEXT('2D SPACE',''
  ) );
#5847 = ORIENTED_EDGE('',*,*,#5848,.T.);
#5848 = EDGE_CURVE('',#5826,#5849,#5851,.T.);
#5849 = VERTEX_POINT('',#5850);
#5850 = CARTESIAN_POINT('',(3.000015615509,-425.1497414254,
    -9.208516340603));
#5851 = SURFACE_CURVE('',#5852,(#5856,#5863),.PCURVE_S1.);
#5852 = LINE('',#5853,#5854);
#5853 = CARTESIAN_POINT('',(3.000015615509,-426.1507271163,
    -8.175938788092));
#5854 = VECTOR('',#5855,1.);
#5855 = DIRECTION('',(8.300745253144E-14,0.696037731663,-0.71800520618)
  );
#5856 = PCURVE('',#100,#5857);
#5857 = DEFINITIONAL_REPRESENTATION('',(#5858),#5862);
#5858 = LINE('',#5859,#5860);
#5859 = CARTESIAN_POINT('',(256.9770015286,-27.37960894615));
#5860 = VECTOR('',#5861,1.);
#5861 = DIRECTION('',(-0.696037731663,0.71800520618));
#5862 = ( GEOMETRIC_REPRESENTATION_CONTEXT(2) 
PARAMETRIC_REPRESENTATION_CONTEXT() REPRESENTATION_CONTEXT('2D SPACE',''
  ) );
#5863 = PCURVE('',#2240,#5864);
#5864 = DEFINITIONAL_REPRESENTATION('',(#5865),#5869);
#5865 = LINE('',#5866,#5867);
#5866 = CARTESIAN_POINT('',(-2.12558811044E-13,-6.));
#5867 = VECTOR('',#5868,1.);
#5868 = DIRECTION('',(1.,0.));
#5869 = ( GEOMETRIC_REPRESENTATION_CONTEXT(2) 
PARAMETRIC_REPRESENTATION_CONTEXT() REPRESENTATION_CONTEXT('2D SPACE',''
  ) );
#5870 = ORIENTED_EDGE('',*,*,#5871,.T.);
#5871 = EDGE_CURVE('',#5849,#5872,#5874,.T.);
#5872 = VERTEX_POINT('',#5873);
#5873 = CARTESIAN_POINT('',(3.000015615509,-424.1351740211,
    -10.22775220032));
#5874 = SURFACE_CURVE('',#5875,(#5879,#5886),.PCURVE_S1.);
#5875 = LINE('',#5876,#5877);
#5876 = CARTESIAN_POINT('',(3.000015615509,-425.1497414254,
    -9.208516340603));
#5877 = VECTOR('',#5878,1.);
#5878 = DIRECTION('',(8.27228023362E-14,0.705481807617,-0.708728029022)
  );
#5879 = PCURVE('',#100,#5880);
#5880 = DEFINITIONAL_REPRESENTATION('',(#5881),#5885);
#5881 = LINE('',#5882,#5883);
#5882 = CARTESIAN_POINT('',(255.9760158377,-26.34703139364));
#5883 = VECTOR('',#5884,1.);
#5884 = DIRECTION('',(-0.705481807617,0.708728029022));
#5885 = ( GEOMETRIC_REPRESENTATION_CONTEXT(2) 
PARAMETRIC_REPRESENTATION_CONTEXT() REPRESENTATION_CONTEXT('2D SPACE',''
  ) );
#5886 = PCURVE('',#2268,#5887);
#5887 = DEFINITIONAL_REPRESENTATION('',(#5888),#5892);
#5888 = LINE('',#5889,#5890);
#5889 = CARTESIAN_POINT('',(-2.061267215515E-13,-6.));
#5890 = VECTOR('',#5891,1.);
#5891 = DIRECTION('',(1.,0.));
#5892 = ( GEOMETRIC_REPRESENTATION_CONTEXT(2) 
PARAMETRIC_REPRESENTATION_CONTEXT() REPRESENTATION_CONTEXT('2D SPACE',''
  ) );
#5893 = ORIENTED_EDGE('',*,*,#5894,.T.);
#5894 = EDGE_CURVE('',#5872,#5895,#5897,.T.);
#5895 = VERTEX_POINT('',#5896);
#5896 = CARTESIAN_POINT('',(3.000015615509,-423.1072027133,
    -11.23346773945));
#5897 = SURFACE_CURVE('',#5898,(#5902,#5909),.PCURVE_S1.);
#5898 = LINE('',#5899,#5900);
#5899 = CARTESIAN_POINT('',(3.000015615509,-424.1351740211,
    -10.22775220032));
#5900 = VECTOR('',#5901,1.);
#5901 = DIRECTION('',(8.242365442499E-14,0.714802243238,-0.699326642608)
  );
#5902 = PCURVE('',#100,#5903);
#5903 = DEFINITIONAL_REPRESENTATION('',(#5904),#5908);
#5904 = LINE('',#5905,#5906);
#5905 = CARTESIAN_POINT('',(254.9614484334,-25.32779553393));
#5906 = VECTOR('',#5907,1.);
#5907 = DIRECTION('',(-0.714802243238,0.699326642608));
#5908 = ( GEOMETRIC_REPRESENTATION_CONTEXT(2) 
PARAMETRIC_REPRESENTATION_CONTEXT() REPRESENTATION_CONTEXT('2D SPACE',''
  ) );
#5909 = PCURVE('',#2296,#5910);
#5910 = DEFINITIONAL_REPRESENTATION('',(#5911),#5915);
#5911 = LINE('',#5912,#5913);
#5912 = CARTESIAN_POINT('',(5.06239327964E-13,-6.));
#5913 = VECTOR('',#5914,1.);
#5914 = DIRECTION('',(1.,6.310887241768E-29));
#5915 = ( GEOMETRIC_REPRESENTATION_CONTEXT(2) 
PARAMETRIC_REPRESENTATION_CONTEXT() REPRESENTATION_CONTEXT('2D SPACE',''
  ) );
#5916 = ORIENTED_EDGE('',*,*,#5917,.T.);
#5917 = EDGE_CURVE('',#5895,#5918,#5920,.T.);
#5918 = VERTEX_POINT('',#5919);
#5919 = CARTESIAN_POINT('',(3.000015615509,-422.0660076605,
    -12.22548669971));
#5920 = SURFACE_CURVE('',#5921,(#5925,#5932),.PCURVE_S1.);
#5921 = LINE('',#5922,#5923);
#5922 = CARTESIAN_POINT('',(3.000015615509,-423.1072027133,
    -11.23346773945));
#5923 = VECTOR('',#5924,1.);
#5924 = DIRECTION('',(8.211006122542E-14,0.723997405058,-0.689802694594)
  );
#5925 = PCURVE('',#100,#5926);
#5926 = DEFINITIONAL_REPRESENTATION('',(#5927),#5931);
#5927 = LINE('',#5928,#5929);
#5928 = CARTESIAN_POINT('',(253.9334771256,-24.3220799948));
#5929 = VECTOR('',#5930,1.);
#5930 = DIRECTION('',(-0.723997405058,0.689802694594));
#5931 = ( GEOMETRIC_REPRESENTATION_CONTEXT(2) 
PARAMETRIC_REPRESENTATION_CONTEXT() REPRESENTATION_CONTEXT('2D SPACE',''
  ) );
#5932 = PCURVE('',#2324,#5933);
#5933 = DEFINITIONAL_REPRESENTATION('',(#5934),#5938);
#5934 = LINE('',#5935,#5936);
#5935 = CARTESIAN_POINT('',(5.026745345238E-13,-6.));
#5936 = VECTOR('',#5937,1.);
#5937 = DIRECTION('',(1.,0.));
#5938 = ( GEOMETRIC_REPRESENTATION_CONTEXT(2) 
PARAMETRIC_REPRESENTATION_CONTEXT() REPRESENTATION_CONTEXT('2D SPACE',''
  ) );
#5939 = ORIENTED_EDGE('',*,*,#5940,.T.);
#5940 = EDGE_CURVE('',#5918,#5941,#5943,.T.);
#5941 = VERTEX_POINT('',#5942);
#5942 = CARTESIAN_POINT('',(3.00001561551,-421.0117713391,
    -13.20363522326));
#5943 = SURFACE_CURVE('',#5944,(#5948,#5955),.PCURVE_S1.);
#5944 = LINE('',#5945,#5946);
#5945 = CARTESIAN_POINT('',(3.000015615509,-422.0660076605,
    -12.22548669971));
#5946 = VECTOR('',#5947,1.);
#5947 = DIRECTION('',(8.17820776968E-14,0.733065681563,-0.680157854115)
  );
#5948 = PCURVE('',#100,#5949);
#5949 = DEFINITIONAL_REPRESENTATION('',(#5950),#5954);
#5950 = LINE('',#5951,#5952);
#5951 = CARTESIAN_POINT('',(252.8922820728,-23.33006103454));
#5952 = VECTOR('',#5953,1.);
#5953 = DIRECTION('',(-0.733065681563,0.680157854115));
#5954 = ( GEOMETRIC_REPRESENTATION_CONTEXT(2) 
PARAMETRIC_REPRESENTATION_CONTEXT() REPRESENTATION_CONTEXT('2D SPACE',''
  ) );
#5955 = PCURVE('',#2352,#5956);
#5956 = DEFINITIONAL_REPRESENTATION('',(#5957),#5961);
#5957 = LINE('',#5958,#5959);
#5958 = CARTESIAN_POINT('',(4.979155928301E-13,-6.));
#5959 = VECTOR('',#5960,1.);
#5960 = DIRECTION('',(1.,0.));
#5961 = ( GEOMETRIC_REPRESENTATION_CONTEXT(2) 
PARAMETRIC_REPRESENTATION_CONTEXT() REPRESENTATION_CONTEXT('2D SPACE',''
  ) );
#5962 = ORIENTED_EDGE('',*,*,#5963,.T.);
#5963 = EDGE_CURVE('',#5941,#5964,#5966,.T.);
#5964 = VERTEX_POINT('',#5965);
#5965 = CARTESIAN_POINT('',(3.00001561551,-419.944678511,-14.16774188311
    ));
#5966 = SURFACE_CURVE('',#5967,(#5971,#5978),.PCURVE_S1.);
#5967 = LINE('',#5968,#5969);
#5968 = CARTESIAN_POINT('',(3.00001561551,-421.0117713391,
    -13.20363522326));
#5969 = VECTOR('',#5970,1.);
#5970 = DIRECTION('',(8.143976132039E-14,0.742005483479,-0.670393811492)
  );
#5971 = PCURVE('',#100,#5972);
#5972 = DEFINITIONAL_REPRESENTATION('',(#5973),#5977);
#5973 = LINE('',#5974,#5975);
#5974 = CARTESIAN_POINT('',(251.8380457514,-22.35191251099));
#5975 = VECTOR('',#5976,1.);
#5976 = DIRECTION('',(-0.742005483479,0.670393811492));
#5977 = ( GEOMETRIC_REPRESENTATION_CONTEXT(2) 
PARAMETRIC_REPRESENTATION_CONTEXT() REPRESENTATION_CONTEXT('2D SPACE',''
  ) );
#5978 = PCURVE('',#2380,#5979);
#5979 = DEFINITIONAL_REPRESENTATION('',(#5980),#5984);
#5980 = LINE('',#5981,#5982);
#5981 = CARTESIAN_POINT('',(4.943981551902E-13,-6.));
#5982 = VECTOR('',#5983,1.);
#5983 = DIRECTION('',(1.,0.));
#5984 = ( GEOMETRIC_REPRESENTATION_CONTEXT(2) 
PARAMETRIC_REPRESENTATION_CONTEXT() REPRESENTATION_CONTEXT('2D SPACE',''
  ) );
#5985 = ORIENTED_EDGE('',*,*,#5986,.T.);
#5986 = EDGE_CURVE('',#5964,#5987,#5989,.T.);
#5987 = VERTEX_POINT('',#5988);
#5988 = CARTESIAN_POINT('',(3.00001561551,-418.8649161911,
    -15.11763771324));
#5989 = SURFACE_CURVE('',#5990,(#5994,#6001),.PCURVE_S1.);
#5990 = LINE('',#5991,#5992);
#5991 = CARTESIAN_POINT('',(3.00001561551,-419.944678511,-14.16774188311
    ));
#5992 = VECTOR('',#5993,1.);
#5993 = DIRECTION('',(8.108317208936E-14,0.750815244048,-0.660512277937)
  );
#5994 = PCURVE('',#100,#5995);
#5995 = DEFINITIONAL_REPRESENTATION('',(#5996),#6000);
#5996 = LINE('',#5997,#5998);
#5997 = CARTESIAN_POINT('',(250.7709529233,-21.38780585114));
#5998 = VECTOR('',#5999,1.);
#5999 = DIRECTION('',(-0.750815244048,0.660512277937));
#6000 = ( GEOMETRIC_REPRESENTATION_CONTEXT(2) 
PARAMETRIC_REPRESENTATION_CONTEXT() REPRESENTATION_CONTEXT('2D SPACE',''
  ) );
#6001 = PCURVE('',#2408,#6002);
#6002 = DEFINITIONAL_REPRESENTATION('',(#6003),#6007);
#6003 = LINE('',#6004,#6005);
#6004 = CARTESIAN_POINT('',(4.897254581757E-13,-6.));
#6005 = VECTOR('',#6006,1.);
#6006 = DIRECTION('',(1.,0.));
#6007 = ( GEOMETRIC_REPRESENTATION_CONTEXT(2) 
PARAMETRIC_REPRESENTATION_CONTEXT() REPRESENTATION_CONTEXT('2D SPACE',''
  ) );
#6008 = ORIENTED_EDGE('',*,*,#6009,.T.);
#6009 = EDGE_CURVE('',#5987,#6010,#6012,.T.);
#6010 = VERTEX_POINT('',#6011);
#6011 = CARTESIAN_POINT('',(3.00001561551,-417.772673615,-16.05315623812
    ));
#6012 = SURFACE_CURVE('',#6013,(#6017,#6024),.PCURVE_S1.);
#6013 = LINE('',#6014,#6015);
#6014 = CARTESIAN_POINT('',(3.00001561551,-418.8649161911,
    -15.11763771324));
#6015 = VECTOR('',#6016,1.);
#6016 = DIRECTION('',(8.071237249837E-14,0.759493419299,-0.650514985256)
  );
#6017 = PCURVE('',#100,#6018);
#6018 = DEFINITIONAL_REPRESENTATION('',(#6019),#6023);
#6019 = LINE('',#6020,#6021);
#6020 = CARTESIAN_POINT('',(249.6911906034,-20.43791002101));
#6021 = VECTOR('',#6022,1.);
#6022 = DIRECTION('',(-0.759493419299,0.650514985256));
#6023 = ( GEOMETRIC_REPRESENTATION_CONTEXT(2) 
PARAMETRIC_REPRESENTATION_CONTEXT() REPRESENTATION_CONTEXT('2D SPACE',''
  ) );
#6024 = PCURVE('',#2436,#6025);
#6025 = DEFINITIONAL_REPRESENTATION('',(#6026),#6030);
#6026 = LINE('',#6027,#6028);
#6027 = CARTESIAN_POINT('',(4.862637278477E-13,-6.));
#6028 = VECTOR('',#6029,1.);
#6029 = DIRECTION('',(1.,-6.310887241768E-30));
#6030 = ( GEOMETRIC_REPRESENTATION_CONTEXT(2) 
PARAMETRIC_REPRESENTATION_CONTEXT() REPRESENTATION_CONTEXT('2D SPACE',''
  ) );
#6031 = ORIENTED_EDGE('',*,*,#6032,.T.);
#6032 = EDGE_CURVE('',#6010,#6033,#6035,.T.);
#6033 = VERTEX_POINT('',#6034);
#6034 = CARTESIAN_POINT('',(3.00001561551,-416.6681422054,
    -16.97413350199));
#6035 = SURFACE_CURVE('',#6036,(#6040,#6047),.PCURVE_S1.);
#6036 = LINE('',#6037,#6038);
#6037 = CARTESIAN_POINT('',(3.00001561551,-417.772673615,-16.05315623812
    ));
#6038 = VECTOR('',#6039,1.);
#6039 = DIRECTION('',(8.03274275325E-14,0.768038488326,-0.640403685538)
  );
#6040 = PCURVE('',#100,#6041);
#6041 = DEFINITIONAL_REPRESENTATION('',(#6042),#6046);
#6042 = LINE('',#6043,#6044);
#6043 = CARTESIAN_POINT('',(248.5989480273,-19.50239149613));
#6044 = VECTOR('',#6045,1.);
#6045 = DIRECTION('',(-0.768038488326,0.640403685538));
#6046 = ( GEOMETRIC_REPRESENTATION_CONTEXT(2) 
PARAMETRIC_REPRESENTATION_CONTEXT() REPRESENTATION_CONTEXT('2D SPACE',''
  ) );
#6047 = PCURVE('',#2464,#6048);
#6048 = DEFINITIONAL_REPRESENTATION('',(#6049),#6053);
#6049 = LINE('',#6050,#6051);
#6050 = CARTESIAN_POINT('',(4.828239367058E-13,-6.));
#6051 = VECTOR('',#6052,1.);
#6052 = DIRECTION('',(1.,0.));
#6053 = ( GEOMETRIC_REPRESENTATION_CONTEXT(2) 
PARAMETRIC_REPRESENTATION_CONTEXT() REPRESENTATION_CONTEXT('2D SPACE',''
  ) );
#6054 = ORIENTED_EDGE('',*,*,#6055,.T.);
#6055 = EDGE_CURVE('',#6033,#6056,#6058,.T.);
#6056 = VERTEX_POINT('',#6057);
#6057 = CARTESIAN_POINT('',(3.00001561551,-415.5515155386,
    -17.88040809751));
#6058 = SURFACE_CURVE('',#6059,(#6063,#6070),.PCURVE_S1.);
#6059 = LINE('',#6060,#6061);
#6060 = CARTESIAN_POINT('',(3.00001561551,-416.6681422054,
    -16.97413350199));
#6061 = VECTOR('',#6062,1.);
#6062 = DIRECTION('',(7.992840465588E-14,0.776448953549,-0.630180150856)
  );
#6063 = PCURVE('',#100,#6064);
#6064 = DEFINITIONAL_REPRESENTATION('',(#6065),#6069);
#6065 = LINE('',#6066,#6067);
#6066 = CARTESIAN_POINT('',(247.4944166177,-18.58141423226));
#6067 = VECTOR('',#6068,1.);
#6068 = DIRECTION('',(-0.776448953549,0.630180150856));
#6069 = ( GEOMETRIC_REPRESENTATION_CONTEXT(2) 
PARAMETRIC_REPRESENTATION_CONTEXT() REPRESENTATION_CONTEXT('2D SPACE',''
  ) );
#6070 = PCURVE('',#2492,#6071);
#6071 = DEFINITIONAL_REPRESENTATION('',(#6072),#6076);
#6072 = LINE('',#6073,#6074);
#6073 = CARTESIAN_POINT('',(4.782884684343E-13,-6.));
#6074 = VECTOR('',#6075,1.);
#6075 = DIRECTION('',(1.,-1.89326617253E-29));
#6076 = ( GEOMETRIC_REPRESENTATION_CONTEXT(2) 
PARAMETRIC_REPRESENTATION_CONTEXT() REPRESENTATION_CONTEXT('2D SPACE',''
  ) );
#6077 = ORIENTED_EDGE('',*,*,#6078,.T.);
#6078 = EDGE_CURVE('',#6056,#6079,#6081,.T.);
#6079 = VERTEX_POINT('',#6080);
#6080 = CARTESIAN_POINT('',(3.00001561551,-414.4229893109,
    -18.77182119409));
#6081 = SURFACE_CURVE('',#6082,(#6086,#6093),.PCURVE_S1.);
#6082 = LINE('',#6083,#6084);
#6083 = CARTESIAN_POINT('',(3.00001561551,-415.5515155386,
    -17.88040809751));
#6084 = VECTOR('',#6085,1.);
#6085 = DIRECTION('',(7.951537379991E-14,0.784723340978,-0.619846172952)
  );
#6086 = PCURVE('',#100,#6087);
#6087 = DEFINITIONAL_REPRESENTATION('',(#6088),#6092);
#6088 = LINE('',#6089,#6090);
#6089 = CARTESIAN_POINT('',(246.3777899509,-17.67513963674));
#6090 = VECTOR('',#6091,1.);
#6091 = DIRECTION('',(-0.784723340978,0.619846172952));
#6092 = ( GEOMETRIC_REPRESENTATION_CONTEXT(2) 
PARAMETRIC_REPRESENTATION_CONTEXT() REPRESENTATION_CONTEXT('2D SPACE',''
  ) );
#6093 = PCURVE('',#2520,#6094);
#6094 = DEFINITIONAL_REPRESENTATION('',(#6095),#6099);
#6095 = LINE('',#6096,#6097);
#6096 = CARTESIAN_POINT('',(4.738152468709E-13,-6.));
#6097 = VECTOR('',#6098,1.);
#6098 = DIRECTION('',(1.,6.310887241768E-30));
#6099 = ( GEOMETRIC_REPRESENTATION_CONTEXT(2) 
PARAMETRIC_REPRESENTATION_CONTEXT() REPRESENTATION_CONTEXT('2D SPACE',''
  ) );
#6100 = ORIENTED_EDGE('',*,*,#6101,.T.);
#6101 = EDGE_CURVE('',#6079,#6102,#6104,.T.);
#6102 = VERTEX_POINT('',#6103);
#6103 = CARTESIAN_POINT('',(3.00001561551,-413.2827613038,
    -19.64821656571));
#6104 = SURFACE_CURVE('',#6105,(#6109,#6116),.PCURVE_S1.);
#6105 = LINE('',#6106,#6107);
#6106 = CARTESIAN_POINT('',(3.00001561551,-414.4229893109,
    -18.77182119409));
#6107 = VECTOR('',#6108,1.);
#6108 = DIRECTION('',(7.908840735085E-14,0.792860200474,-0.609403562924)
  );
#6109 = PCURVE('',#100,#6110);
#6110 = DEFINITIONAL_REPRESENTATION('',(#6111),#6115);
#6111 = LINE('',#6112,#6113);
#6112 = CARTESIAN_POINT('',(245.2492637232,-16.78372654016));
#6113 = VECTOR('',#6114,1.);
#6114 = DIRECTION('',(-0.792860200474,0.609403562924));
#6115 = ( GEOMETRIC_REPRESENTATION_CONTEXT(2) 
PARAMETRIC_REPRESENTATION_CONTEXT() REPRESENTATION_CONTEXT('2D SPACE',''
  ) );
#6116 = PCURVE('',#2548,#6117);
#6117 = DEFINITIONAL_REPRESENTATION('',(#6118),#6122);
#6118 = LINE('',#6119,#6120);
#6119 = CARTESIAN_POINT('',(4.694066126003E-13,-6.));
#6120 = VECTOR('',#6121,1.);
#6121 = DIRECTION('',(1.,1.262177448354E-29));
#6122 = ( GEOMETRIC_REPRESENTATION_CONTEXT(2) 
PARAMETRIC_REPRESENTATION_CONTEXT() REPRESENTATION_CONTEXT('2D SPACE',''
  ) );
#6123 = ORIENTED_EDGE('',*,*,#6124,.T.);
#6124 = EDGE_CURVE('',#6102,#6125,#6127,.T.);
#6125 = VERTEX_POINT('',#6126);
#6126 = CARTESIAN_POINT('',(3.00001561551,-412.13103135,-20.50944061832)
  );
#6127 = SURFACE_CURVE('',#6128,(#6132,#6139),.PCURVE_S1.);
#6128 = LINE('',#6129,#6130);
#6129 = CARTESIAN_POINT('',(3.00001561551,-413.2827613038,
    -19.64821656571));
#6130 = VECTOR('',#6131,1.);
#6131 = DIRECTION('',(7.864758013754E-14,0.800858105997,-0.598854150907)
  );
#6132 = PCURVE('',#100,#6133);
#6133 = DEFINITIONAL_REPRESENTATION('',(#6134),#6138);
#6134 = LINE('',#6135,#6136);
#6135 = CARTESIAN_POINT('',(244.1090357161,-15.90733116854));
#6136 = VECTOR('',#6137,1.);
#6137 = DIRECTION('',(-0.800858105997,0.598854150907));
#6138 = ( GEOMETRIC_REPRESENTATION_CONTEXT(2) 
PARAMETRIC_REPRESENTATION_CONTEXT() REPRESENTATION_CONTEXT('2D SPACE',''
  ) );
#6139 = PCURVE('',#2576,#6140);
#6140 = DEFINITIONAL_REPRESENTATION('',(#6141),#6145);
#6141 = LINE('',#6142,#6143);
#6142 = CARTESIAN_POINT('',(4.650648690172E-13,-6.));
#6143 = VECTOR('',#6144,1.);
#6144 = DIRECTION('',(1.,6.310887241768E-30));
#6145 = ( GEOMETRIC_REPRESENTATION_CONTEXT(2) 
PARAMETRIC_REPRESENTATION_CONTEXT() REPRESENTATION_CONTEXT('2D SPACE',''
  ) );
#6146 = ORIENTED_EDGE('',*,*,#6147,.T.);
#6147 = EDGE_CURVE('',#6125,#6148,#6150,.T.);
#6148 = VERTEX_POINT('',#6149);
#6149 = CARTESIAN_POINT('',(3.000015615511,-410.9680012975,
    -21.35534241671));
#6150 = SURFACE_CURVE('',#6151,(#6155,#6162),.PCURVE_S1.);
#6151 = LINE('',#6152,#6153);
#6152 = CARTESIAN_POINT('',(3.00001561551,-412.13103135,-20.50944061832)
  );
#6153 = VECTOR('',#6154,1.);
#6154 = DIRECTION('',(7.819296941776E-14,0.808715655862,-0.588199785756)
  );
#6155 = PCURVE('',#100,#6156);
#6156 = DEFINITIONAL_REPRESENTATION('',(#6157),#6161);
#6157 = LINE('',#6158,#6159);
#6158 = CARTESIAN_POINT('',(242.9573057623,-15.04610711593));
#6159 = VECTOR('',#6160,1.);
#6160 = DIRECTION('',(-0.808715655862,0.588199785756));
#6161 = ( GEOMETRIC_REPRESENTATION_CONTEXT(2) 
PARAMETRIC_REPRESENTATION_CONTEXT() REPRESENTATION_CONTEXT('2D SPACE',''
  ) );
#6162 = PCURVE('',#2604,#6163);
#6163 = DEFINITIONAL_REPRESENTATION('',(#6164),#6168);
#6164 = LINE('',#6165,#6166);
#6165 = CARTESIAN_POINT('',(4.607922816508E-13,-6.));
#6166 = VECTOR('',#6167,1.);
#6167 = DIRECTION('',(1.,-1.262177448354E-29));
#6168 = ( GEOMETRIC_REPRESENTATION_CONTEXT(2) 
PARAMETRIC_REPRESENTATION_CONTEXT() REPRESENTATION_CONTEXT('2D SPACE',''
  ) );
#6169 = ORIENTED_EDGE('',*,*,#6170,.T.);
#6170 = EDGE_CURVE('',#6148,#6171,#6173,.T.);
#6171 = VERTEX_POINT('',#6172);
#6172 = CARTESIAN_POINT('',(3.000015615511,-409.7938749752,
    -22.18577371103));
#6173 = SURFACE_CURVE('',#6174,(#6178,#6185),.PCURVE_S1.);
#6174 = LINE('',#6175,#6176);
#6175 = CARTESIAN_POINT('',(3.000015615511,-410.9680012975,
    -21.35534241671));
#6176 = VECTOR('',#6177,1.);
#6177 = DIRECTION('',(7.7724654865E-14,0.816431472981,-0.577442334719));
#6178 = PCURVE('',#100,#6179);
#6179 = DEFINITIONAL_REPRESENTATION('',(#6180),#6184);
#6180 = LINE('',#6181,#6182);
#6181 = CARTESIAN_POINT('',(241.7942757098,-14.20020531754));
#6182 = VECTOR('',#6183,1.);
#6183 = DIRECTION('',(-0.816431472981,0.577442334719));
#6184 = ( GEOMETRIC_REPRESENTATION_CONTEXT(2) 
PARAMETRIC_REPRESENTATION_CONTEXT() REPRESENTATION_CONTEXT('2D SPACE',''
  ) );
#6185 = PCURVE('',#2632,#6186);
#6186 = DEFINITIONAL_REPRESENTATION('',(#6187),#6191);
#6187 = LINE('',#6188,#6189);
#6188 = CARTESIAN_POINT('',(4.586425647873E-13,-6.));
#6189 = VECTOR('',#6190,1.);
#6190 = DIRECTION('',(1.,1.262177448354E-29));
#6191 = ( GEOMETRIC_REPRESENTATION_CONTEXT(2) 
PARAMETRIC_REPRESENTATION_CONTEXT() REPRESENTATION_CONTEXT('2D SPACE',''
  ) );
#6192 = ORIENTED_EDGE('',*,*,#6193,.T.);
#6193 = EDGE_CURVE('',#6171,#6194,#6196,.T.);
#6194 = VERTEX_POINT('',#6195);
#6195 = CARTESIAN_POINT('',(3.000015615511,-408.6088581563,
    -23.00058896274));
#6196 = SURFACE_CURVE('',#6197,(#6201,#6208),.PCURVE_S1.);
#6197 = LINE('',#6198,#6199);
#6198 = CARTESIAN_POINT('',(3.000015615511,-409.7938749752,
    -22.18577371103));
#6199 = VECTOR('',#6200,1.);
#6200 = DIRECTION('',(7.724271855465E-14,0.824004205108,-0.566583683108)
  );
#6201 = PCURVE('',#100,#6202);
#6202 = DEFINITIONAL_REPRESENTATION('',(#6203),#6207);
#6203 = LINE('',#6204,#6205);
#6204 = CARTESIAN_POINT('',(240.6201493875,-13.36977402322));
#6205 = VECTOR('',#6206,1.);
#6206 = DIRECTION('',(-0.824004205108,0.566583683108));
#6207 = ( GEOMETRIC_REPRESENTATION_CONTEXT(2) 
PARAMETRIC_REPRESENTATION_CONTEXT() REPRESENTATION_CONTEXT('2D SPACE',''
  ) );
#6208 = PCURVE('',#2660,#6209);
#6209 = DEFINITIONAL_REPRESENTATION('',(#6210),#6214);
#6210 = LINE('',#6211,#6212);
#6211 = CARTESIAN_POINT('',(-5.206009651705E-12,-6.));
#6212 = VECTOR('',#6213,1.);
#6213 = DIRECTION('',(1.,-6.310887241768E-30));
#6214 = ( GEOMETRIC_REPRESENTATION_CONTEXT(2) 
PARAMETRIC_REPRESENTATION_CONTEXT() REPRESENTATION_CONTEXT('2D SPACE',''
  ) );
#6215 = ORIENTED_EDGE('',*,*,#6216,.T.);
#6216 = EDGE_CURVE('',#6194,#6217,#6219,.T.);
#6217 = VERTEX_POINT('',#6218);
#6218 = CARTESIAN_POINT('',(3.000015615511,-407.4131585229,
    -23.79964537008));
#6219 = SURFACE_CURVE('',#6220,(#6224,#6231),.PCURVE_S1.);
#6220 = LINE('',#6221,#6222);
#6221 = CARTESIAN_POINT('',(3.000015615511,-408.6088581563,
    -23.00058896274));
#6222 = VECTOR('',#6223,1.);
#6223 = DIRECTION('',(7.674724494906E-14,0.83143252507,-0.555625733975)
  );
#6224 = PCURVE('',#100,#6225);
#6225 = DEFINITIONAL_REPRESENTATION('',(#6226),#6230);
#6226 = LINE('',#6227,#6228);
#6227 = CARTESIAN_POINT('',(239.4351325686,-12.55495877151));
#6228 = VECTOR('',#6229,1.);
#6229 = DIRECTION('',(-0.83143252507,0.555625733975));
#6230 = ( GEOMETRIC_REPRESENTATION_CONTEXT(2) 
PARAMETRIC_REPRESENTATION_CONTEXT() REPRESENTATION_CONTEXT('2D SPACE',''
  ) );
#6231 = PCURVE('',#2688,#6232);
#6232 = DEFINITIONAL_REPRESENTATION('',(#6233),#6237);
#6233 = LINE('',#6234,#6235);
#6234 = CARTESIAN_POINT('',(4.50385509543E-13,-6.));
#6235 = VECTOR('',#6236,1.);
#6236 = DIRECTION('',(1.,-6.310887241768E-30));
#6237 = ( GEOMETRIC_REPRESENTATION_CONTEXT(2) 
PARAMETRIC_REPRESENTATION_CONTEXT() REPRESENTATION_CONTEXT('2D SPACE',''
  ) );
#6238 = ORIENTED_EDGE('',*,*,#6239,.T.);
#6239 = EDGE_CURVE('',#6217,#6240,#6242,.T.);
#6240 = VERTEX_POINT('',#6241);
#6241 = CARTESIAN_POINT('',(3.000015615511,-406.2069856292,
    -24.58280289315));
#6242 = SURFACE_CURVE('',#6243,(#6247,#6254),.PCURVE_S1.);
#6243 = LINE('',#6244,#6245);
#6244 = CARTESIAN_POINT('',(3.000015615511,-407.4131585229,
    -23.79964537008));
#6245 = VECTOR('',#6246,1.);
#6246 = DIRECTION('',(7.623832088323E-14,0.838715131006,-0.544570407773)
  );
#6247 = PCURVE('',#100,#6248);
#6248 = DEFINITIONAL_REPRESENTATION('',(#6249),#6253);
#6249 = LINE('',#6250,#6251);
#6250 = CARTESIAN_POINT('',(238.2394329352,-11.75590236417));
#6251 = VECTOR('',#6252,1.);
#6252 = DIRECTION('',(-0.838715131006,0.544570407773));
#6253 = ( GEOMETRIC_REPRESENTATION_CONTEXT(2) 
PARAMETRIC_REPRESENTATION_CONTEXT() REPRESENTATION_CONTEXT('2D SPACE',''
  ) );
#6254 = PCURVE('',#2716,#6255);
#6255 = DEFINITIONAL_REPRESENTATION('',(#6256),#6260);
#6256 = LINE('',#6257,#6258);
#6257 = CARTESIAN_POINT('',(4.463721457707E-13,-6.));
#6258 = VECTOR('',#6259,1.);
#6259 = DIRECTION('',(1.,-1.262177448354E-29));
#6260 = ( GEOMETRIC_REPRESENTATION_CONTEXT(2) 
PARAMETRIC_REPRESENTATION_CONTEXT() REPRESENTATION_CONTEXT('2D SPACE',''
  ) );
#6261 = ORIENTED_EDGE('',*,*,#6262,.T.);
#6262 = EDGE_CURVE('',#6240,#6263,#6265,.T.);
#6263 = VERTEX_POINT('',#6264);
#6264 = CARTESIAN_POINT('',(3.000015615511,-404.9905508649,
    -25.34992427845));
#6265 = SURFACE_CURVE('',#6266,(#6270,#6277),.PCURVE_S1.);
#6266 = LINE('',#6267,#6268);
#6267 = CARTESIAN_POINT('',(3.000015615511,-406.2069856292,
    -24.58280289315));
#6268 = VECTOR('',#6269,1.);
#6269 = DIRECTION('',(7.571603554958E-14,0.84585074659,-0.53341964202));
#6270 = PCURVE('',#100,#6271);
#6271 = DEFINITIONAL_REPRESENTATION('',(#6272),#6276);
#6272 = LINE('',#6273,#6274);
#6273 = CARTESIAN_POINT('',(237.0332600415,-10.9727448411));
#6274 = VECTOR('',#6275,1.);
#6275 = DIRECTION('',(-0.84585074659,0.53341964202));
#6276 = ( GEOMETRIC_REPRESENTATION_CONTEXT(2) 
PARAMETRIC_REPRESENTATION_CONTEXT() REPRESENTATION_CONTEXT('2D SPACE',''
  ) );
#6277 = PCURVE('',#2744,#6278);
#6278 = DEFINITIONAL_REPRESENTATION('',(#6279),#6283);
#6279 = LINE('',#6280,#6281);
#6280 = CARTESIAN_POINT('',(4.424383361133E-13,-6.));
#6281 = VECTOR('',#6282,1.);
#6282 = DIRECTION('',(1.,0.));
#6283 = ( GEOMETRIC_REPRESENTATION_CONTEXT(2) 
PARAMETRIC_REPRESENTATION_CONTEXT() REPRESENTATION_CONTEXT('2D SPACE',''
  ) );
#6284 = ORIENTED_EDGE('',*,*,#6285,.T.);
#6285 = EDGE_CURVE('',#6263,#6286,#6288,.T.);
#6286 = VERTEX_POINT('',#6287);
#6287 = CARTESIAN_POINT('',(3.000015615511,-403.7640674183,
    -26.1008750829));
#6288 = SURFACE_CURVE('',#6289,(#6293,#6300),.PCURVE_S1.);
#6289 = LINE('',#6290,#6291);
#6290 = CARTESIAN_POINT('',(3.000015615511,-404.9905508649,
    -25.34992427845));
#6291 = VECTOR('',#6292,1.);
#6292 = DIRECTION('',(7.518048048197E-14,0.85283812126,-0.522175390961)
  );
#6293 = PCURVE('',#100,#6294);
#6294 = DEFINITIONAL_REPRESENTATION('',(#6295),#6299);
#6295 = LINE('',#6296,#6297);
#6296 = CARTESIAN_POINT('',(235.8168252772,-10.2056234558));
#6297 = VECTOR('',#6298,1.);
#6298 = DIRECTION('',(-0.85283812126,0.522175390961));
#6299 = ( GEOMETRIC_REPRESENTATION_CONTEXT(2) 
PARAMETRIC_REPRESENTATION_CONTEXT() REPRESENTATION_CONTEXT('2D SPACE',''
  ) );
#6300 = PCURVE('',#2772,#6301);
#6301 = DEFINITIONAL_REPRESENTATION('',(#6302),#6306);
#6302 = LINE('',#6303,#6304);
#6303 = CARTESIAN_POINT('',(4.385861123885E-13,-6.));
#6304 = VECTOR('',#6305,1.);
#6305 = DIRECTION('',(1.,-6.310887241768E-30));
#6306 = ( GEOMETRIC_REPRESENTATION_CONTEXT(2) 
PARAMETRIC_REPRESENTATION_CONTEXT() REPRESENTATION_CONTEXT('2D SPACE',''
  ) );
#6307 = ORIENTED_EDGE('',*,*,#6308,.T.);
#6308 = EDGE_CURVE('',#6286,#6309,#6311,.T.);
#6309 = VERTEX_POINT('',#6310);
#6310 = CARTESIAN_POINT('',(3.000015615511,-402.5277502387,
    -26.83552369743));
#6311 = SURFACE_CURVE('',#6312,(#6316,#6323),.PCURVE_S1.);
#6312 = LINE('',#6313,#6314);
#6313 = CARTESIAN_POINT('',(3.000015615511,-403.7640674183,
    -26.1008750829));
#6314 = VECTOR('',#6315,1.);
#6315 = DIRECTION('',(7.463174953992E-14,0.859676030432,-0.510839625226)
  );
#6316 = PCURVE('',#100,#6317);
#6317 = DEFINITIONAL_REPRESENTATION('',(#6318),#6322);
#6318 = LINE('',#6319,#6320);
#6319 = CARTESIAN_POINT('',(234.5903418306,-9.45467265135));
#6320 = VECTOR('',#6321,1.);
#6321 = DIRECTION('',(-0.859676030432,0.510839625226));
#6322 = ( GEOMETRIC_REPRESENTATION_CONTEXT(2) 
PARAMETRIC_REPRESENTATION_CONTEXT() REPRESENTATION_CONTEXT('2D SPACE',''
  ) );
#6323 = PCURVE('',#2800,#6324);
#6324 = DEFINITIONAL_REPRESENTATION('',(#6325),#6329);
#6325 = LINE('',#6326,#6327);
#6326 = CARTESIAN_POINT('',(4.348174642273E-13,-6.));
#6327 = VECTOR('',#6328,1.);
#6328 = DIRECTION('',(1.,6.310887241768E-30));
#6329 = ( GEOMETRIC_REPRESENTATION_CONTEXT(2) 
PARAMETRIC_REPRESENTATION_CONTEXT() REPRESENTATION_CONTEXT('2D SPACE',''
  ) );
#6330 = ORIENTED_EDGE('',*,*,#6331,.T.);
#6331 = EDGE_CURVE('',#6309,#6332,#6334,.T.);
#6332 = VERTEX_POINT('',#6333);
#6333 = CARTESIAN_POINT('',(3.000015615511,-401.2818159988,
    -27.55374137002));
#6334 = SURFACE_CURVE('',#6335,(#6339,#6346),.PCURVE_S1.);
#6335 = LINE('',#6336,#6337);
#6336 = CARTESIAN_POINT('',(3.000015615511,-402.5277502387,
    -26.83552369743));
#6337 = VECTOR('',#6338,1.);
#6338 = DIRECTION('',(7.406993889224E-14,0.866363275717,-0.499414331481)
  );
#6339 = PCURVE('',#100,#6340);
#6340 = DEFINITIONAL_REPRESENTATION('',(#6341),#6345);
#6341 = LINE('',#6342,#6343);
#6342 = CARTESIAN_POINT('',(233.354024651,-8.72002403682));
#6343 = VECTOR('',#6344,1.);
#6344 = DIRECTION('',(-0.866363275717,0.499414331481));
#6345 = ( GEOMETRIC_REPRESENTATION_CONTEXT(2) 
PARAMETRIC_REPRESENTATION_CONTEXT() REPRESENTATION_CONTEXT('2D SPACE',''
  ) );
#6346 = PCURVE('',#2828,#6347);
#6347 = DEFINITIONAL_REPRESENTATION('',(#6348),#6352);
#6348 = LINE('',#6349,#6350);
#6349 = CARTESIAN_POINT('',(4.311343384968E-13,-6.));
#6350 = VECTOR('',#6351,1.);
#6351 = DIRECTION('',(1.,-6.310887241768E-30));
#6352 = ( GEOMETRIC_REPRESENTATION_CONTEXT(2) 
PARAMETRIC_REPRESENTATION_CONTEXT() REPRESENTATION_CONTEXT('2D SPACE',''
  ) );
#6353 = ORIENTED_EDGE('',*,*,#6354,.T.);
#6354 = EDGE_CURVE('',#6332,#6355,#6357,.T.);
#6355 = VERTEX_POINT('',#6356);
#6356 = CARTESIAN_POINT('',(3.000015615512,-400.0264830567,
    -28.25540222829));
#6357 = SURFACE_CURVE('',#6358,(#6362,#6369),.PCURVE_S1.);
#6358 = LINE('',#6359,#6360);
#6359 = CARTESIAN_POINT('',(3.000015615511,-401.2818159988,
    -27.55374137002));
#6360 = VECTOR('',#6361,1.);
#6361 = DIRECTION('',(7.349514699987E-14,0.872898685132,-0.487901512085)
  );
#6362 = PCURVE('',#100,#6363);
#6363 = DEFINITIONAL_REPRESENTATION('',(#6364),#6368);
#6364 = LINE('',#6365,#6366);
#6365 = CARTESIAN_POINT('',(232.1080904111,-8.00180636423));
#6366 = VECTOR('',#6367,1.);
#6367 = DIRECTION('',(-0.872898685132,0.487901512085));
#6368 = ( GEOMETRIC_REPRESENTATION_CONTEXT(2) 
PARAMETRIC_REPRESENTATION_CONTEXT() REPRESENTATION_CONTEXT('2D SPACE',''
  ) );
#6369 = PCURVE('',#2856,#6370);
#6370 = DEFINITIONAL_REPRESENTATION('',(#6371),#6375);
#6371 = LINE('',#6372,#6373);
#6372 = CARTESIAN_POINT('',(4.275386387303E-13,-6.));
#6373 = VECTOR('',#6374,1.);
#6374 = DIRECTION('',(1.,0.));
#6375 = ( GEOMETRIC_REPRESENTATION_CONTEXT(2) 
PARAMETRIC_REPRESENTATION_CONTEXT() REPRESENTATION_CONTEXT('2D SPACE',''
  ) );
#6376 = ORIENTED_EDGE('',*,*,#6377,.T.);
#6377 = EDGE_CURVE('',#6355,#6378,#6380,.T.);
#6378 = VERTEX_POINT('',#6379);
#6379 = CARTESIAN_POINT('',(3.000015615512,-398.7619714179,
    -28.94038330157));
#6380 = SURFACE_CURVE('',#6381,(#6385,#6392),.PCURVE_S1.);
#6381 = LINE('',#6382,#6383);
#6382 = CARTESIAN_POINT('',(3.000015615512,-400.0264830567,
    -28.25540222829));
#6383 = VECTOR('',#6384,1.);
#6384 = DIRECTION('',(7.290747459894E-14,0.879281113302,-0.476303184736)
  );
#6385 = PCURVE('',#100,#6386);
#6386 = DEFINITIONAL_REPRESENTATION('',(#6387),#6391);
#6387 = LINE('',#6388,#6389);
#6388 = CARTESIAN_POINT('',(230.852757469,-7.30014550596));
#6389 = VECTOR('',#6390,1.);
#6390 = DIRECTION('',(-0.879281113302,0.476303184736));
#6391 = ( GEOMETRIC_REPRESENTATION_CONTEXT(2) 
PARAMETRIC_REPRESENTATION_CONTEXT() REPRESENTATION_CONTEXT('2D SPACE',''
  ) );
#6392 = PCURVE('',#2884,#6393);
#6393 = DEFINITIONAL_REPRESENTATION('',(#6394),#6398);
#6394 = LINE('',#6395,#6396);
#6395 = CARTESIAN_POINT('',(-4.304209652381E-12,-6.));
#6396 = VECTOR('',#6397,1.);
#6397 = DIRECTION('',(1.,-6.310887241768E-30));
#6398 = ( GEOMETRIC_REPRESENTATION_CONTEXT(2) 
PARAMETRIC_REPRESENTATION_CONTEXT() REPRESENTATION_CONTEXT('2D SPACE',''
  ) );
#6399 = ORIENTED_EDGE('',*,*,#6400,.T.);
#6400 = EDGE_CURVE('',#6378,#6401,#6403,.T.);
#6401 = VERTEX_POINT('',#6402);
#6402 = CARTESIAN_POINT('',(3.000015615512,-397.4885026963,
    -29.60856454241));
#6403 = SURFACE_CURVE('',#6404,(#6408,#6415),.PCURVE_S1.);
#6404 = LINE('',#6405,#6406);
#6405 = CARTESIAN_POINT('',(3.000015615512,-398.7619714179,
    -28.94038330157));
#6406 = VECTOR('',#6407,1.);
#6407 = DIRECTION('',(7.230702468285E-14,0.885509441666,-0.464621382116)
  );
#6408 = PCURVE('',#100,#6409);
#6409 = DEFINITIONAL_REPRESENTATION('',(#6410),#6414);
#6410 = LINE('',#6411,#6412);
#6411 = CARTESIAN_POINT('',(229.5882458302,-6.61516443268));
#6412 = VECTOR('',#6413,1.);
#6413 = DIRECTION('',(-0.885509441666,0.464621382116));
#6414 = ( GEOMETRIC_REPRESENTATION_CONTEXT(2) 
PARAMETRIC_REPRESENTATION_CONTEXT() REPRESENTATION_CONTEXT('2D SPACE',''
  ) );
#6415 = PCURVE('',#2912,#6416);
#6416 = DEFINITIONAL_REPRESENTATION('',(#6417),#6421);
#6417 = LINE('',#6418,#6419);
#6418 = CARTESIAN_POINT('',(4.206169112529E-13,-6.));
#6419 = VECTOR('',#6420,1.);
#6420 = DIRECTION('',(1.,0.));
#6421 = ( GEOMETRIC_REPRESENTATION_CONTEXT(2) 
PARAMETRIC_REPRESENTATION_CONTEXT() REPRESENTATION_CONTEXT('2D SPACE',''
  ) );
#6422 = ORIENTED_EDGE('',*,*,#6423,.T.);
#6423 = EDGE_CURVE('',#6401,#6424,#6426,.T.);
#6424 = VERTEX_POINT('',#6425);
#6425 = CARTESIAN_POINT('',(3.000015615512,-396.2063000758,
    -30.25982884763));
#6426 = SURFACE_CURVE('',#6427,(#6431,#6438),.PCURVE_S1.);
#6427 = LINE('',#6428,#6429);
#6428 = CARTESIAN_POINT('',(3.000015615512,-397.4885026963,
    -29.60856454241));
#6429 = VECTOR('',#6430,1.);
#6430 = DIRECTION('',(7.169390248438E-14,0.891582578668,-0.452858151539)
  );
#6431 = PCURVE('',#100,#6432);
#6432 = DEFINITIONAL_REPRESENTATION('',(#6433),#6437);
#6433 = LINE('',#6434,#6435);
#6434 = CARTESIAN_POINT('',(228.3147771086,-5.94698319184));
#6435 = VECTOR('',#6436,1.);
#6436 = DIRECTION('',(-0.891582578668,0.452858151539));
#6437 = ( GEOMETRIC_REPRESENTATION_CONTEXT(2) 
PARAMETRIC_REPRESENTATION_CONTEXT() REPRESENTATION_CONTEXT('2D SPACE',''
  ) );
#6438 = PCURVE('',#2940,#6439);
#6439 = DEFINITIONAL_REPRESENTATION('',(#6440),#6444);
#6440 = LINE('',#6441,#6442);
#6441 = CARTESIAN_POINT('',(4.189033443757E-13,-6.));
#6442 = VECTOR('',#6443,1.);
#6443 = DIRECTION('',(1.,0.));
#6444 = ( GEOMETRIC_REPRESENTATION_CONTEXT(2) 
PARAMETRIC_REPRESENTATION_CONTEXT() REPRESENTATION_CONTEXT('2D SPACE',''
  ) );
#6445 = ORIENTED_EDGE('',*,*,#6446,.T.);
#6446 = EDGE_CURVE('',#6424,#6447,#6449,.T.);
#6447 = VERTEX_POINT('',#6448);
#6448 = CARTESIAN_POINT('',(3.000015615512,-394.9155882707,
    -30.89406207889));
#6449 = SURFACE_CURVE('',#6450,(#6454,#6461),.PCURVE_S1.);
#6450 = LINE('',#6451,#6452);
#6451 = CARTESIAN_POINT('',(3.000015615512,-396.2063000758,
    -30.25982884763));
#6452 = VECTOR('',#6453,1.);
#6453 = DIRECTION('',(7.106821545733E-14,0.89749945995,-0.441015554588)
  );
#6454 = PCURVE('',#100,#6455);
#6455 = DEFINITIONAL_REPRESENTATION('',(#6456),#6460);
#6456 = LINE('',#6457,#6458);
#6457 = CARTESIAN_POINT('',(227.0325744881,-5.29571888662));
#6458 = VECTOR('',#6459,1.);
#6459 = DIRECTION('',(-0.89749945995,0.441015554588));
#6460 = ( GEOMETRIC_REPRESENTATION_CONTEXT(2) 
PARAMETRIC_REPRESENTATION_CONTEXT() REPRESENTATION_CONTEXT('2D SPACE',''
  ) );
#6461 = PCURVE('',#2968,#6462);
#6462 = DEFINITIONAL_REPRESENTATION('',(#6463),#6467);
#6463 = LINE('',#6464,#6465);
#6464 = CARTESIAN_POINT('',(4.156334246815E-13,-6.));
#6465 = VECTOR('',#6466,1.);
#6466 = DIRECTION('',(1.,-6.310887241768E-30));
#6467 = ( GEOMETRIC_REPRESENTATION_CONTEXT(2) 
PARAMETRIC_REPRESENTATION_CONTEXT() REPRESENTATION_CONTEXT('2D SPACE',''
  ) );
#6468 = ORIENTED_EDGE('',*,*,#6469,.T.);
#6469 = EDGE_CURVE('',#6447,#6470,#6472,.T.);
#6470 = VERTEX_POINT('',#6471);
#6471 = CARTESIAN_POINT('',(3.000015615512,-393.6165934868,
    -31.51115308263));
#6472 = SURFACE_CURVE('',#6473,(#6477,#6484),.PCURVE_S1.);
#6473 = LINE('',#6474,#6475);
#6474 = CARTESIAN_POINT('',(3.000015615512,-394.9155882707,
    -30.89406207889));
#6475 = VECTOR('',#6476,1.);
#6476 = DIRECTION('',(7.043007325737E-14,0.903259048541,-0.429095666756)
  );
#6477 = PCURVE('',#100,#6478);
#6478 = DEFINITIONAL_REPRESENTATION('',(#6479),#6483);
#6479 = LINE('',#6480,#6481);
#6480 = CARTESIAN_POINT('',(225.741862683,-4.66148565536));
#6481 = VECTOR('',#6482,1.);
#6482 = DIRECTION('',(-0.903259048541,0.429095666756));
#6483 = ( GEOMETRIC_REPRESENTATION_CONTEXT(2) 
PARAMETRIC_REPRESENTATION_CONTEXT() REPRESENTATION_CONTEXT('2D SPACE',''
  ) );
#6484 = PCURVE('',#2996,#6485);
#6485 = DEFINITIONAL_REPRESENTATION('',(#6486),#6490);
#6486 = LINE('',#6487,#6488);
#6487 = CARTESIAN_POINT('',(4.124595051012E-13,-6.));
#6488 = VECTOR('',#6489,1.);
#6489 = DIRECTION('',(1.,1.89326617253E-29));
#6490 = ( GEOMETRIC_REPRESENTATION_CONTEXT(2) 
PARAMETRIC_REPRESENTATION_CONTEXT() REPRESENTATION_CONTEXT('2D SPACE',''
  ) );
#6491 = ORIENTED_EDGE('',*,*,#6492,.T.);
#6492 = EDGE_CURVE('',#6470,#6493,#6495,.T.);
#6493 = VERTEX_POINT('',#6494);
#6494 = CARTESIAN_POINT('',(3.000015615512,-392.3095433815,
    -32.11099370959));
#6495 = SURFACE_CURVE('',#6496,(#6500,#6507),.PCURVE_S1.);
#6496 = LINE('',#6497,#6498);
#6497 = CARTESIAN_POINT('',(3.000015615512,-393.6165934868,
    -31.51115308263));
#6498 = VECTOR('',#6499,1.);
#6499 = DIRECTION('',(6.977958772316E-14,0.908860335034,-0.417100577083)
  );
#6500 = PCURVE('',#100,#6501);
#6501 = DEFINITIONAL_REPRESENTATION('',(#6502),#6506);
#6502 = LINE('',#6503,#6504);
#6503 = CARTESIAN_POINT('',(224.4428678991,-4.04439465162));
#6504 = VECTOR('',#6505,1.);
#6505 = DIRECTION('',(-0.908860335034,0.417100577083));
#6506 = ( GEOMETRIC_REPRESENTATION_CONTEXT(2) 
PARAMETRIC_REPRESENTATION_CONTEXT() REPRESENTATION_CONTEXT('2D SPACE',''
  ) );
#6507 = PCURVE('',#3024,#6508);
#6508 = DEFINITIONAL_REPRESENTATION('',(#6509),#6513);
#6509 = LINE('',#6510,#6511);
#6510 = CARTESIAN_POINT('',(4.093832254111E-13,-6.));
#6511 = VECTOR('',#6512,1.);
#6512 = DIRECTION('',(1.,-3.155443620884E-29));
#6513 = ( GEOMETRIC_REPRESENTATION_CONTEXT(2) 
PARAMETRIC_REPRESENTATION_CONTEXT() REPRESENTATION_CONTEXT('2D SPACE',''
  ) );
#6514 = ORIENTED_EDGE('',*,*,#6515,.T.);
#6515 = EDGE_CURVE('',#6493,#6516,#6518,.T.);
#6516 = VERTEX_POINT('',#6517);
#6517 = CARTESIAN_POINT('',(3.000015615512,-390.994667024,
    -32.69347883375));
#6518 = SURFACE_CURVE('',#6519,(#6523,#6530),.PCURVE_S1.);
#6519 = LINE('',#6520,#6521);
#6520 = CARTESIAN_POINT('',(3.000015615512,-392.3095433815,
    -32.11099370959));
#6521 = VECTOR('',#6522,1.);
#6522 = DIRECTION('',(6.91168728567E-14,0.914302337766,-0.405032387785)
  );
#6523 = PCURVE('',#100,#6524);
#6524 = DEFINITIONAL_REPRESENTATION('',(#6525),#6529);
#6525 = LINE('',#6526,#6527);
#6526 = CARTESIAN_POINT('',(223.1358177938,-3.44455402466));
#6527 = VECTOR('',#6528,1.);
#6528 = DIRECTION('',(-0.914302337766,0.405032387785));
#6529 = ( GEOMETRIC_REPRESENTATION_CONTEXT(2) 
PARAMETRIC_REPRESENTATION_CONTEXT() REPRESENTATION_CONTEXT('2D SPACE',''
  ) );
#6530 = PCURVE('',#3052,#6531);
#6531 = DEFINITIONAL_REPRESENTATION('',(#6532),#6536);
#6532 = LINE('',#6533,#6534);
#6533 = CARTESIAN_POINT('',(4.064061784959E-13,-6.));
#6534 = VECTOR('',#6535,1.);
#6535 = DIRECTION('',(1.,0.));
#6536 = ( GEOMETRIC_REPRESENTATION_CONTEXT(2) 
PARAMETRIC_REPRESENTATION_CONTEXT() REPRESENTATION_CONTEXT('2D SPACE',''
  ) );
#6537 = ORIENTED_EDGE('',*,*,#6538,.T.);
#6538 = EDGE_CURVE('',#6516,#6539,#6541,.T.);
#6539 = VERTEX_POINT('',#6540);
#6540 = CARTESIAN_POINT('',(3.000015615512,-389.672194855,
    -33.25850637075));
#6541 = SURFACE_CURVE('',#6542,(#6546,#6553),.PCURVE_S1.);
#6542 = LINE('',#6543,#6544);
#6543 = CARTESIAN_POINT('',(3.000015615512,-390.994667024,
    -32.69347883375));
#6544 = VECTOR('',#6545,1.);
#6545 = DIRECTION('',(6.844204480292E-14,0.919584102992,-0.392893213895)
  );
#6546 = PCURVE('',#100,#6547);
#6547 = DEFINITIONAL_REPRESENTATION('',(#6548),#6552);
#6548 = LINE('',#6549,#6550);
#6549 = CARTESIAN_POINT('',(221.8209414363,-2.8620689005));
#6550 = VECTOR('',#6551,1.);
#6551 = DIRECTION('',(-0.919584102992,0.392893213895));
#6552 = ( GEOMETRIC_REPRESENTATION_CONTEXT(2) 
PARAMETRIC_REPRESENTATION_CONTEXT() REPRESENTATION_CONTEXT('2D SPACE',''
  ) );
#6553 = PCURVE('',#3080,#6554);
#6554 = DEFINITIONAL_REPRESENTATION('',(#6555),#6559);
#6555 = LINE('',#6556,#6557);
#6556 = CARTESIAN_POINT('',(4.035299098807E-13,-6.));
#6557 = VECTOR('',#6558,1.);
#6558 = DIRECTION('',(1.,6.310887241768E-30));
#6559 = ( GEOMETRIC_REPRESENTATION_CONTEXT(2) 
PARAMETRIC_REPRESENTATION_CONTEXT() REPRESENTATION_CONTEXT('2D SPACE',''
  ) );
#6560 = ORIENTED_EDGE('',*,*,#6561,.T.);
#6561 = EDGE_CURVE('',#6539,#6562,#6564,.T.);
#6562 = VERTEX_POINT('',#6563);
#6563 = CARTESIAN_POINT('',(3.000015615512,-388.3423586464,
    -33.80597729579));
#6564 = SURFACE_CURVE('',#6565,(#6569,#6576),.PCURVE_S1.);
#6565 = LINE('',#6566,#6567);
#6566 = CARTESIAN_POINT('',(3.000015615512,-389.672194855,
    -33.25850637075));
#6567 = VECTOR('',#6568,1.);
#6568 = DIRECTION('',(6.775522183001E-14,0.924704705047,-0.38068518288)
  );
#6569 = PCURVE('',#100,#6570);
#6570 = DEFINITIONAL_REPRESENTATION('',(#6571),#6575);
#6571 = LINE('',#6572,#6573);
#6572 = CARTESIAN_POINT('',(220.4984692673,-2.2970413635));
#6573 = VECTOR('',#6574,1.);
#6574 = DIRECTION('',(-0.924704705047,0.38068518288));
#6575 = ( GEOMETRIC_REPRESENTATION_CONTEXT(2) 
PARAMETRIC_REPRESENTATION_CONTEXT() REPRESENTATION_CONTEXT('2D SPACE',''
  ) );
#6576 = PCURVE('',#3108,#6577);
#6577 = DEFINITIONAL_REPRESENTATION('',(#6578),#6582);
#6578 = LINE('',#6579,#6580);
#6579 = CARTESIAN_POINT('',(4.007559172873E-13,-6.));
#6580 = VECTOR('',#6581,1.);
#6581 = DIRECTION('',(1.,-3.155443620884E-30));
#6582 = ( GEOMETRIC_REPRESENTATION_CONTEXT(2) 
PARAMETRIC_REPRESENTATION_CONTEXT() REPRESENTATION_CONTEXT('2D SPACE',''
  ) );
#6583 = ORIENTED_EDGE('',*,*,#6584,.T.);
#6584 = EDGE_CURVE('',#6562,#6585,#6587,.T.);
#6585 = VERTEX_POINT('',#6586);
#6586 = CARTESIAN_POINT('',(3.000015615513,-387.0053914608,-34.335795661
    ));
#6587 = SURFACE_CURVE('',#6588,(#6592,#6599),.PCURVE_S1.);
#6588 = LINE('',#6589,#6590);
#6589 = CARTESIAN_POINT('',(3.000015615512,-388.3423586464,
    -33.80597729579));
#6590 = VECTOR('',#6591,1.);
#6591 = DIRECTION('',(6.705652430822E-14,0.929663246511,-0.36841043428)
  );
#6592 = PCURVE('',#100,#6593);
#6593 = DEFINITIONAL_REPRESENTATION('',(#6594),#6598);
#6594 = LINE('',#6595,#6596);
#6595 = CARTESIAN_POINT('',(219.1686330587,-1.74957043846));
#6596 = VECTOR('',#6597,1.);
#6597 = DIRECTION('',(-0.929663246511,0.36841043428));
#6598 = ( GEOMETRIC_REPRESENTATION_CONTEXT(2) 
PARAMETRIC_REPRESENTATION_CONTEXT() REPRESENTATION_CONTEXT('2D SPACE',''
  ) );
#6599 = PCURVE('',#3136,#6600);
#6600 = DEFINITIONAL_REPRESENTATION('',(#6601),#6605);
#6601 = LINE('',#6602,#6603);
#6602 = CARTESIAN_POINT('',(3.980856501917E-13,-6.));
#6603 = VECTOR('',#6604,1.);
#6604 = DIRECTION('',(1.,0.));
#6605 = ( GEOMETRIC_REPRESENTATION_CONTEXT(2) 
PARAMETRIC_REPRESENTATION_CONTEXT() REPRESENTATION_CONTEXT('2D SPACE',''
  ) );
#6606 = ORIENTED_EDGE('',*,*,#6607,.T.);
#6607 = EDGE_CURVE('',#6585,#6608,#6610,.T.);
#6608 = VERTEX_POINT('',#6609);
#6609 = CARTESIAN_POINT('',(3.000015615513,-385.6615276105,
    -34.84786861221));
#6610 = SURFACE_CURVE('',#6611,(#6615,#6622),.PCURVE_S1.);
#6611 = LINE('',#6612,#6613);
#6612 = CARTESIAN_POINT('',(3.000015615513,-387.0053914608,-34.335795661
    ));
#6613 = VECTOR('',#6614,1.);
#6614 = DIRECTION('',(6.634607468887E-14,0.934458858368,-0.356071119324)
  );
#6615 = PCURVE('',#100,#6616);
#6616 = DEFINITIONAL_REPRESENTATION('',(#6617),#6621);
#6617 = LINE('',#6618,#6619);
#6618 = CARTESIAN_POINT('',(217.8316658731,-1.21975207325));
#6619 = VECTOR('',#6620,1.);
#6620 = DIRECTION('',(-0.934458858368,0.356071119324));
#6621 = ( GEOMETRIC_REPRESENTATION_CONTEXT(2) 
PARAMETRIC_REPRESENTATION_CONTEXT() REPRESENTATION_CONTEXT('2D SPACE',''
  ) );
#6622 = PCURVE('',#3164,#6623);
#6623 = DEFINITIONAL_REPRESENTATION('',(#6624),#6628);
#6624 = LINE('',#6625,#6626);
#6625 = CARTESIAN_POINT('',(3.955205094047E-13,-6.));
#6626 = VECTOR('',#6627,1.);
#6627 = DIRECTION('',(1.,0.));
#6628 = ( GEOMETRIC_REPRESENTATION_CONTEXT(2) 
PARAMETRIC_REPRESENTATION_CONTEXT() REPRESENTATION_CONTEXT('2D SPACE',''
  ) );
#6629 = ORIENTED_EDGE('',*,*,#6630,.T.);
#6630 = EDGE_CURVE('',#6608,#6631,#6633,.T.);
#6631 = VERTEX_POINT('',#6632);
#6632 = CARTESIAN_POINT('',(3.000015615513,-384.3110026165,
    -35.34210640526));
#6633 = SURFACE_CURVE('',#6634,(#6638,#6645),.PCURVE_S1.);
#6634 = LINE('',#6635,#6636);
#6635 = CARTESIAN_POINT('',(3.000015615513,-385.6615276105,
    -34.84786861221));
#6636 = VECTOR('',#6637,1.);
#6637 = DIRECTION('',(6.562399748286E-14,0.939090700156,-0.34366940056)
  );
#6638 = PCURVE('',#100,#6639);
#6639 = DEFINITIONAL_REPRESENTATION('',(#6640),#6644);
#6640 = LINE('',#6641,#6642);
#6641 = CARTESIAN_POINT('',(216.4878020228,-0.70767912204));
#6642 = VECTOR('',#6643,1.);
#6643 = DIRECTION('',(-0.939090700156,0.34366940056));
#6644 = ( GEOMETRIC_REPRESENTATION_CONTEXT(2) 
PARAMETRIC_REPRESENTATION_CONTEXT() REPRESENTATION_CONTEXT('2D SPACE',''
  ) );
#6645 = PCURVE('',#3192,#6646);
#6646 = DEFINITIONAL_REPRESENTATION('',(#6647),#6651);
#6647 = LINE('',#6648,#6649);
#6648 = CARTESIAN_POINT('',(3.930618466604E-13,-6.));
#6649 = VECTOR('',#6650,1.);
#6650 = DIRECTION('',(1.,0.));
#6651 = ( GEOMETRIC_REPRESENTATION_CONTEXT(2) 
PARAMETRIC_REPRESENTATION_CONTEXT() REPRESENTATION_CONTEXT('2D SPACE',''
  ) );
#6652 = ORIENTED_EDGE('',*,*,#6653,.T.);
#6653 = EDGE_CURVE('',#6631,#6654,#6656,.T.);
#6654 = VERTEX_POINT('',#6655);
#6655 = CARTESIAN_POINT('',(3.000015615513,-382.9540531673,
    -35.81842242173));
#6656 = SURFACE_CURVE('',#6657,(#6661,#6668),.PCURVE_S1.);
#6657 = LINE('',#6658,#6659);
#6658 = CARTESIAN_POINT('',(3.000015615513,-384.3110026165,
    -35.34210640526));
#6659 = VECTOR('',#6660,1.);
#6660 = DIRECTION('',(6.489041923914E-14,0.943557960112,-0.331207451469)
  );
#6661 = PCURVE('',#100,#6662);
#6662 = DEFINITIONAL_REPRESENTATION('',(#6663),#6667);
#6663 = LINE('',#6664,#6665);
#6664 = CARTESIAN_POINT('',(215.1372770288,-0.21344132899));
#6665 = VECTOR('',#6666,1.);
#6666 = DIRECTION('',(-0.943557960112,0.331207451469));
#6667 = ( GEOMETRIC_REPRESENTATION_CONTEXT(2) 
PARAMETRIC_REPRESENTATION_CONTEXT() REPRESENTATION_CONTEXT('2D SPACE',''
  ) );
#6668 = PCURVE('',#3220,#6669);
#6669 = DEFINITIONAL_REPRESENTATION('',(#6670),#6674);
#6670 = LINE('',#6671,#6672);
#6671 = CARTESIAN_POINT('',(3.930643347118E-13,-6.));
#6672 = VECTOR('',#6673,1.);
#6673 = DIRECTION('',(1.,6.310887241768E-30));
#6674 = ( GEOMETRIC_REPRESENTATION_CONTEXT(2) 
PARAMETRIC_REPRESENTATION_CONTEXT() REPRESENTATION_CONTEXT('2D SPACE',''
  ) );
#6675 = ORIENTED_EDGE('',*,*,#6676,.T.);
#6676 = EDGE_CURVE('',#6654,#6677,#6679,.T.);
#6677 = VERTEX_POINT('',#6678);
#6678 = CARTESIAN_POINT('',(3.000015615513,-381.590917077,-36.2767331841
    ));
#6679 = SURFACE_CURVE('',#6680,(#6684,#6691),.PCURVE_S1.);
#6680 = LINE('',#6681,#6682);
#6681 = CARTESIAN_POINT('',(3.000015615513,-382.9540531673,
    -35.81842242173));
#6682 = VECTOR('',#6683,1.);
#6683 = DIRECTION('',(6.414546852198E-14,0.947859855321,-0.318687456092)
  );
#6684 = PCURVE('',#100,#6685);
#6685 = DEFINITIONAL_REPRESENTATION('',(#6686),#6690);
#6686 = LINE('',#6687,#6688);
#6687 = CARTESIAN_POINT('',(213.7803275796,0.26287468748));
#6688 = VECTOR('',#6689,1.);
#6689 = DIRECTION('',(-0.947859855321,0.318687456092));
#6690 = ( GEOMETRIC_REPRESENTATION_CONTEXT(2) 
PARAMETRIC_REPRESENTATION_CONTEXT() REPRESENTATION_CONTEXT('2D SPACE',''
  ) );
#6691 = PCURVE('',#3248,#6692);
#6692 = DEFINITIONAL_REPRESENTATION('',(#6693),#6697);
#6693 = LINE('',#6694,#6695);
#6694 = CARTESIAN_POINT('',(3.907335250798E-13,-6.));
#6695 = VECTOR('',#6696,1.);
#6696 = DIRECTION('',(1.,-1.577721810442E-29));
#6697 = ( GEOMETRIC_REPRESENTATION_CONTEXT(2) 
PARAMETRIC_REPRESENTATION_CONTEXT() REPRESENTATION_CONTEXT('2D SPACE',''
  ) );
#6698 = ORIENTED_EDGE('',*,*,#6699,.T.);
#6699 = EDGE_CURVE('',#6677,#6700,#6702,.T.);
#6700 = VERTEX_POINT('',#6701);
#6701 = CARTESIAN_POINT('',(3.000015615513,-380.2218332444,
    -36.71695837038));
#6702 = SURFACE_CURVE('',#6703,(#6707,#6714),.PCURVE_S1.);
#6703 = LINE('',#6704,#6705);
#6704 = CARTESIAN_POINT('',(3.000015615513,-381.590917077,-36.2767331841
    ));
#6705 = VECTOR('',#6706,1.);
#6706 = DIRECTION('',(6.338927588895E-14,0.951995631848,-0.306111608638)
  );
#6707 = PCURVE('',#100,#6708);
#6708 = DEFINITIONAL_REPRESENTATION('',(#6709),#6713);
#6709 = LINE('',#6710,#6711);
#6710 = CARTESIAN_POINT('',(212.4171914893,0.72118544985));
#6711 = VECTOR('',#6712,1.);
#6712 = DIRECTION('',(-0.951995631848,0.306111608638));
#6713 = ( GEOMETRIC_REPRESENTATION_CONTEXT(2) 
PARAMETRIC_REPRESENTATION_CONTEXT() REPRESENTATION_CONTEXT('2D SPACE',''
  ) );
#6714 = PCURVE('',#3276,#6715);
#6715 = DEFINITIONAL_REPRESENTATION('',(#6716),#6720);
#6716 = LINE('',#6717,#6718);
#6717 = CARTESIAN_POINT('',(3.885125535125E-13,-6.));
#6718 = VECTOR('',#6719,1.);
#6719 = DIRECTION('',(1.,3.155443620884E-30));
#6720 = ( GEOMETRIC_REPRESENTATION_CONTEXT(2) 
PARAMETRIC_REPRESENTATION_CONTEXT() REPRESENTATION_CONTEXT('2D SPACE',''
  ) );
#6721 = ORIENTED_EDGE('',*,*,#6722,.T.);
#6722 = EDGE_CURVE('',#6700,#6723,#6725,.T.);
#6723 = VERTEX_POINT('',#6724);
#6724 = CARTESIAN_POINT('',(3.000015615513,-378.8470416103,
    -37.13902082822));
#6725 = SURFACE_CURVE('',#6726,(#6730,#6737),.PCURVE_S1.);
#6726 = LINE('',#6727,#6728);
#6727 = CARTESIAN_POINT('',(3.000015615513,-380.2218332444,
    -36.71695837038));
#6728 = VECTOR('',#6729,1.);
#6729 = DIRECTION('',(6.262197386784E-14,0.955964564869,-0.293482113109)
  );
#6730 = PCURVE('',#100,#6731);
#6731 = DEFINITIONAL_REPRESENTATION('',(#6732),#6736);
#6732 = LINE('',#6733,#6734);
#6733 = CARTESIAN_POINT('',(211.0481076567,1.16141063613));
#6734 = VECTOR('',#6735,1.);
#6735 = DIRECTION('',(-0.955964564869,0.293482113109));
#6736 = ( GEOMETRIC_REPRESENTATION_CONTEXT(2) 
PARAMETRIC_REPRESENTATION_CONTEXT() REPRESENTATION_CONTEXT('2D SPACE',''
  ) );
#6737 = PCURVE('',#3304,#6738);
#6738 = DEFINITIONAL_REPRESENTATION('',(#6739),#6743);
#6739 = LINE('',#6740,#6741);
#6740 = CARTESIAN_POINT('',(3.864025872947E-13,-6.));
#6741 = VECTOR('',#6742,1.);
#6742 = DIRECTION('',(1.,-3.155443620884E-30));
#6743 = ( GEOMETRIC_REPRESENTATION_CONTEXT(2) 
PARAMETRIC_REPRESENTATION_CONTEXT() REPRESENTATION_CONTEXT('2D SPACE',''
  ) );
#6744 = ORIENTED_EDGE('',*,*,#6745,.T.);
#6745 = EDGE_CURVE('',#6723,#6746,#6748,.T.);
#6746 = VERTEX_POINT('',#6747);
#6747 = CARTESIAN_POINT('',(3.000015615513,-377.4667831161,
    -37.54284658838));
#6748 = SURFACE_CURVE('',#6749,(#6753,#6760),.PCURVE_S1.);
#6749 = LINE('',#6750,#6751);
#6750 = CARTESIAN_POINT('',(3.000015615513,-378.8470416103,
    -37.13902082822));
#6751 = VECTOR('',#6752,1.);
#6752 = DIRECTION('',(6.184369693331E-14,0.959765958804,-0.280801182906)
  );
#6753 = PCURVE('',#100,#6754);
#6754 = DEFINITIONAL_REPRESENTATION('',(#6755),#6759);
#6755 = LINE('',#6756,#6757);
#6756 = CARTESIAN_POINT('',(209.6733160226,1.58347309397));
#6757 = VECTOR('',#6758,1.);
#6758 = DIRECTION('',(-0.959765958804,0.280801182906));
#6759 = ( GEOMETRIC_REPRESENTATION_CONTEXT(2) 
PARAMETRIC_REPRESENTATION_CONTEXT() REPRESENTATION_CONTEXT('2D SPACE',''
  ) );
#6760 = PCURVE('',#3332,#6761);
#6761 = DEFINITIONAL_REPRESENTATION('',(#6762),#6766);
#6762 = LINE('',#6763,#6764);
#6763 = CARTESIAN_POINT('',(3.844047428699E-13,-6.));
#6764 = VECTOR('',#6765,1.);
#6765 = DIRECTION('',(1.,-3.155443620884E-30));
#6766 = ( GEOMETRIC_REPRESENTATION_CONTEXT(2) 
PARAMETRIC_REPRESENTATION_CONTEXT() REPRESENTATION_CONTEXT('2D SPACE',''
  ) );
#6767 = ORIENTED_EDGE('',*,*,#6768,.T.);
#6768 = EDGE_CURVE('',#6746,#6769,#6771,.T.);
#6769 = VERTEX_POINT('',#6770);
#6770 = CARTESIAN_POINT('',(3.000015615513,-376.0812996611,
    -37.92836487775));
#6771 = SURFACE_CURVE('',#6772,(#6776,#6783),.PCURVE_S1.);
#6772 = LINE('',#6773,#6774);
#6773 = CARTESIAN_POINT('',(3.000015615513,-377.4667831161,
    -37.54284658838));
#6774 = VECTOR('',#6775,1.);
#6775 = DIRECTION('',(6.105458148356E-14,0.963399147433,-0.268071040446)
  );
#6776 = PCURVE('',#100,#6777);
#6777 = DEFINITIONAL_REPRESENTATION('',(#6778),#6782);
#6778 = LINE('',#6779,#6780);
#6779 = CARTESIAN_POINT('',(208.2930575284,1.98729885413));
#6780 = VECTOR('',#6781,1.);
#6781 = DIRECTION('',(-0.963399147433,0.268071040446));
#6782 = ( GEOMETRIC_REPRESENTATION_CONTEXT(2) 
PARAMETRIC_REPRESENTATION_CONTEXT() REPRESENTATION_CONTEXT('2D SPACE',''
  ) );
#6783 = PCURVE('',#3360,#6784);
#6784 = DEFINITIONAL_REPRESENTATION('',(#6785),#6789);
#6785 = LINE('',#6786,#6787);
#6786 = CARTESIAN_POINT('',(3.82520085513E-13,-6.));
#6787 = VECTOR('',#6788,1.);
#6788 = DIRECTION('',(1.,-3.786532345061E-29));
#6789 = ( GEOMETRIC_REPRESENTATION_CONTEXT(2) 
PARAMETRIC_REPRESENTATION_CONTEXT() REPRESENTATION_CONTEXT('2D SPACE',''
  ) );
#6790 = ORIENTED_EDGE('',*,*,#6791,.T.);
#6791 = EDGE_CURVE('',#6769,#6792,#6794,.T.);
#6792 = VERTEX_POINT('',#6793);
#6793 = CARTESIAN_POINT('',(3.000015615513,-374.6908340605,
    -38.2955081317));
#6794 = SURFACE_CURVE('',#6795,(#6799,#6806),.PCURVE_S1.);
#6795 = LINE('',#6796,#6797);
#6796 = CARTESIAN_POINT('',(3.000015615513,-376.0812996611,
    -37.92836487775));
#6797 = VECTOR('',#6798,1.);
#6798 = DIRECTION('',(6.025476581629E-14,0.966863494015,-0.255293916771)
  );
#6799 = PCURVE('',#100,#6800);
#6800 = DEFINITIONAL_REPRESENTATION('',(#6801),#6805);
#6801 = LINE('',#6802,#6803);
#6802 = CARTESIAN_POINT('',(206.9075740734,2.3728171435));
#6803 = VECTOR('',#6804,1.);
#6804 = DIRECTION('',(-0.966863494015,0.255293916771));
#6805 = ( GEOMETRIC_REPRESENTATION_CONTEXT(2) 
PARAMETRIC_REPRESENTATION_CONTEXT() REPRESENTATION_CONTEXT('2D SPACE',''
  ) );
#6806 = PCURVE('',#3388,#6807);
#6807 = DEFINITIONAL_REPRESENTATION('',(#6808),#6812);
#6808 = LINE('',#6809,#6810);
#6809 = CARTESIAN_POINT('',(3.807496290181E-13,-6.));
#6810 = VECTOR('',#6811,1.);
#6811 = DIRECTION('',(1.,-6.310887241768E-30));
#6812 = ( GEOMETRIC_REPRESENTATION_CONTEXT(2) 
PARAMETRIC_REPRESENTATION_CONTEXT() REPRESENTATION_CONTEXT('2D SPACE',''
  ) );
#6813 = ORIENTED_EDGE('',*,*,#6814,.T.);
#6814 = EDGE_CURVE('',#6792,#6815,#6817,.T.);
#6815 = VERTEX_POINT('',#6816);
#6816 = CARTESIAN_POINT('',(3.000015615513,-373.2956300024,
    -38.64421200596));
#6817 = SURFACE_CURVE('',#6818,(#6822,#6829),.PCURVE_S1.);
#6818 = LINE('',#6819,#6820);
#6819 = CARTESIAN_POINT('',(3.000015615513,-374.6908340605,
    -38.2955081317));
#6820 = VECTOR('',#6821,1.);
#6821 = DIRECTION('',(5.944439010439E-14,0.970158391402,-0.242472051156)
  );
#6822 = PCURVE('',#100,#6823);
#6823 = DEFINITIONAL_REPRESENTATION('',(#6824),#6828);
#6824 = LINE('',#6825,#6826);
#6825 = CARTESIAN_POINT('',(205.5171084728,2.73996039745));
#6826 = VECTOR('',#6827,1.);
#6827 = DIRECTION('',(-0.970158391402,0.242472051156));
#6828 = ( GEOMETRIC_REPRESENTATION_CONTEXT(2) 
PARAMETRIC_REPRESENTATION_CONTEXT() REPRESENTATION_CONTEXT('2D SPACE',''
  ) );
#6829 = PCURVE('',#3416,#6830);
#6830 = DEFINITIONAL_REPRESENTATION('',(#6831),#6835);
#6831 = LINE('',#6832,#6833);
#6832 = CARTESIAN_POINT('',(3.808172029471E-13,-6.));
#6833 = VECTOR('',#6834,1.);
#6834 = DIRECTION('',(1.,0.));
#6835 = ( GEOMETRIC_REPRESENTATION_CONTEXT(2) 
PARAMETRIC_REPRESENTATION_CONTEXT() REPRESENTATION_CONTEXT('2D SPACE',''
  ) );
#6836 = ORIENTED_EDGE('',*,*,#6837,.T.);
#6837 = EDGE_CURVE('',#6815,#6838,#6840,.T.);
#6838 = VERTEX_POINT('',#6839);
#6839 = CARTESIAN_POINT('',(3.000015615514,-371.8959320057,
    -38.97441538788));
#6840 = SURFACE_CURVE('',#6841,(#6845,#6852),.PCURVE_S1.);
#6841 = LINE('',#6842,#6843);
#6842 = CARTESIAN_POINT('',(3.000015615513,-373.2956300024,
    -38.64421200596));
#6843 = VECTOR('',#6844,1.);
#6844 = DIRECTION('',(5.86235963716E-14,0.973283262141,-0.229607690716)
  );
#6845 = PCURVE('',#100,#6846);
#6846 = DEFINITIONAL_REPRESENTATION('',(#6847),#6851);
#6847 = LINE('',#6848,#6849);
#6848 = CARTESIAN_POINT('',(204.1219044147,3.08866427171));
#6849 = VECTOR('',#6850,1.);
#6850 = DIRECTION('',(-0.973283262141,0.229607690716));
#6851 = ( GEOMETRIC_REPRESENTATION_CONTEXT(2) 
PARAMETRIC_REPRESENTATION_CONTEXT() REPRESENTATION_CONTEXT('2D SPACE',''
  ) );
#6852 = PCURVE('',#3444,#6853);
#6853 = DEFINITIONAL_REPRESENTATION('',(#6854),#6858);
#6854 = LINE('',#6855,#6856);
#6855 = CARTESIAN_POINT('',(3.791865753862E-13,-6.));
#6856 = VECTOR('',#6857,1.);
#6857 = DIRECTION('',(1.,0.));
#6858 = ( GEOMETRIC_REPRESENTATION_CONTEXT(2) 
PARAMETRIC_REPRESENTATION_CONTEXT() REPRESENTATION_CONTEXT('2D SPACE',''
  ) );
#6859 = ORIENTED_EDGE('',*,*,#6860,.T.);
#6860 = EDGE_CURVE('',#6838,#6861,#6863,.T.);
#6861 = VERTEX_POINT('',#6862);
#6862 = CARTESIAN_POINT('',(3.000015615514,-370.4919853766,
    -39.28606040714));
#6863 = SURFACE_CURVE('',#6864,(#6868,#6875),.PCURVE_S1.);
#6864 = LINE('',#6865,#6866);
#6865 = CARTESIAN_POINT('',(3.000015615514,-371.8959320057,
    -38.97441538788));
#6866 = VECTOR('',#6867,1.);
#6867 = DIRECTION('',(5.779252846738E-14,0.976237558578,-0.216703090016)
  );
#6868 = PCURVE('',#100,#6869);
#6869 = DEFINITIONAL_REPRESENTATION('',(#6870),#6874);
#6870 = LINE('',#6871,#6872);
#6871 = CARTESIAN_POINT('',(202.722206418,3.41886765363));
#6872 = VECTOR('',#6873,1.);
#6873 = DIRECTION('',(-0.976237558578,0.216703090016));
#6874 = ( GEOMETRIC_REPRESENTATION_CONTEXT(2) 
PARAMETRIC_REPRESENTATION_CONTEXT() REPRESENTATION_CONTEXT('2D SPACE',''
  ) );
#6875 = PCURVE('',#3472,#6876);
#6876 = DEFINITIONAL_REPRESENTATION('',(#6877),#6881);
#6877 = LINE('',#6878,#6879);
#6878 = CARTESIAN_POINT('',(3.221799119118E-13,-6.));
#6879 = VECTOR('',#6880,1.);
#6880 = DIRECTION('',(1.,0.));
#6881 = ( GEOMETRIC_REPRESENTATION_CONTEXT(2) 
PARAMETRIC_REPRESENTATION_CONTEXT() REPRESENTATION_CONTEXT('2D SPACE',''
  ) );
#6882 = ORIENTED_EDGE('',*,*,#6883,.T.);
#6883 = EDGE_CURVE('',#6861,#6884,#6886,.T.);
#6884 = VERTEX_POINT('',#6885);
#6885 = CARTESIAN_POINT('',(3.000015615514,-369.084036166,
    -39.57909244591));
#6886 = SURFACE_CURVE('',#6887,(#6891,#6898),.PCURVE_S1.);
#6887 = LINE('',#6888,#6889);
#6888 = CARTESIAN_POINT('',(3.000015615514,-370.4919853766,
    -39.28606040714));
#6889 = VECTOR('',#6890,1.);
#6890 = DIRECTION('',(5.695133204192E-14,0.979020762952,-0.203760510673)
  );
#6891 = PCURVE('',#100,#6892);
#6892 = DEFINITIONAL_REPRESENTATION('',(#6893),#6897);
#6893 = LINE('',#6894,#6895);
#6894 = CARTESIAN_POINT('',(201.3182597889,3.73051267289));
#6895 = VECTOR('',#6896,1.);
#6896 = DIRECTION('',(-0.979020762952,0.203760510673));
#6897 = ( GEOMETRIC_REPRESENTATION_CONTEXT(2) 
PARAMETRIC_REPRESENTATION_CONTEXT() REPRESENTATION_CONTEXT('2D SPACE',''
  ) );
#6898 = PCURVE('',#3500,#6899);
#6899 = DEFINITIONAL_REPRESENTATION('',(#6900),#6904);
#6900 = LINE('',#6901,#6902);
#6901 = CARTESIAN_POINT('',(3.206251876859E-13,-6.));
#6902 = VECTOR('',#6903,1.);
#6903 = DIRECTION('',(1.,-1.577721810442E-29));
#6904 = ( GEOMETRIC_REPRESENTATION_CONTEXT(2) 
PARAMETRIC_REPRESENTATION_CONTEXT() REPRESENTATION_CONTEXT('2D SPACE',''
  ) );
#6905 = ORIENTED_EDGE('',*,*,#6906,.T.);
#6906 = EDGE_CURVE('',#6884,#6907,#6909,.T.);
#6907 = VERTEX_POINT('',#6908);
#6908 = CARTESIAN_POINT('',(3.000015615514,-367.6723311262,
    -39.85346014837));
#6909 = SURFACE_CURVE('',#6910,(#6914,#6921),.PCURVE_S1.);
#6910 = LINE('',#6911,#6912);
#6911 = CARTESIAN_POINT('',(3.000015615514,-369.084036166,
    -39.57909244591));
#6912 = VECTOR('',#6913,1.);
#6913 = DIRECTION('',(5.61001545204E-14,0.981632387489,-0.190782220957)
  );
#6914 = PCURVE('',#100,#6915);
#6915 = DEFINITIONAL_REPRESENTATION('',(#6916),#6920);
#6916 = LINE('',#6917,#6918);
#6917 = CARTESIAN_POINT('',(199.9103105783,4.02354471166));
#6918 = VECTOR('',#6919,1.);
#6919 = DIRECTION('',(-0.981632387489,0.190782220957));
#6920 = ( GEOMETRIC_REPRESENTATION_CONTEXT(2) 
PARAMETRIC_REPRESENTATION_CONTEXT() REPRESENTATION_CONTEXT('2D SPACE',''
  ) );
#6921 = PCURVE('',#3528,#6922);
#6922 = DEFINITIONAL_REPRESENTATION('',(#6923),#6927);
#6923 = LINE('',#6924,#6925);
#6924 = CARTESIAN_POINT('',(3.191984506367E-13,-6.));
#6925 = VECTOR('',#6926,1.);
#6926 = DIRECTION('',(1.,6.310887241768E-30));
#6927 = ( GEOMETRIC_REPRESENTATION_CONTEXT(2) 
PARAMETRIC_REPRESENTATION_CONTEXT() REPRESENTATION_CONTEXT('2D SPACE',''
  ) );
#6928 = ORIENTED_EDGE('',*,*,#6929,.T.);
#6929 = EDGE_CURVE('',#6907,#6930,#6932,.T.);
#6930 = VERTEX_POINT('',#6931);
#6931 = CARTESIAN_POINT('',(3.000015615514,-366.2571176679,
    -40.1091154298));
#6932 = SURFACE_CURVE('',#6933,(#6937,#6944),.PCURVE_S1.);
#6933 = LINE('',#6934,#6935);
#6934 = CARTESIAN_POINT('',(3.000015615514,-367.6723311262,
    -39.85346014837));
#6935 = VECTOR('',#6936,1.);
#6936 = DIRECTION('',(5.52391450773E-14,0.984071974484,-0.177770495401)
  );
#6937 = PCURVE('',#100,#6938);
#6938 = DEFINITIONAL_REPRESENTATION('',(#6939),#6943);
#6939 = LINE('',#6940,#6941);
#6940 = CARTESIAN_POINT('',(198.4986055385,4.29791241412));
#6941 = VECTOR('',#6942,1.);
#6942 = DIRECTION('',(-0.984071974484,0.177770495401));
#6943 = ( GEOMETRIC_REPRESENTATION_CONTEXT(2) 
PARAMETRIC_REPRESENTATION_CONTEXT() REPRESENTATION_CONTEXT('2D SPACE',''
  ) );
#6944 = PCURVE('',#3556,#6945);
#6945 = DEFINITIONAL_REPRESENTATION('',(#6946),#6950);
#6946 = LINE('',#6947,#6948);
#6947 = CARTESIAN_POINT('',(3.191635774632E-13,-6.));
#6948 = VECTOR('',#6949,1.);
#6949 = DIRECTION('',(1.,-1.262177448354E-29));
#6950 = ( GEOMETRIC_REPRESENTATION_CONTEXT(2) 
PARAMETRIC_REPRESENTATION_CONTEXT() REPRESENTATION_CONTEXT('2D SPACE',''
  ) );
#6951 = ORIENTED_EDGE('',*,*,#6952,.T.);
#6952 = EDGE_CURVE('',#6930,#6953,#6955,.T.);
#6953 = VERTEX_POINT('',#6954);
#6954 = CARTESIAN_POINT('',(3.000015615514,-364.8386438166,
    -40.34601348491));
#6955 = SURFACE_CURVE('',#6956,(#6960,#6967),.PCURVE_S1.);
#6956 = LINE('',#6957,#6958);
#6957 = CARTESIAN_POINT('',(3.000015615514,-366.2571176679,
    -40.1091154298));
#6958 = VECTOR('',#6959,1.);
#6959 = DIRECTION('',(5.436845461017E-14,0.986339096384,-0.164727614395)
  );
#6960 = PCURVE('',#100,#6961);
#6961 = DEFINITIONAL_REPRESENTATION('',(#6962),#6966);
#6962 = LINE('',#6963,#6964);
#6963 = CARTESIAN_POINT('',(197.0833920802,4.55356769555));
#6964 = VECTOR('',#6965,1.);
#6965 = DIRECTION('',(-0.986339096384,0.164727614395));
#6966 = ( GEOMETRIC_REPRESENTATION_CONTEXT(2) 
PARAMETRIC_REPRESENTATION_CONTEXT() REPRESENTATION_CONTEXT('2D SPACE',''
  ) );
#6967 = PCURVE('',#3584,#6968);
#6968 = DEFINITIONAL_REPRESENTATION('',(#6969),#6973);
#6969 = LINE('',#6970,#6971);
#6970 = CARTESIAN_POINT('',(3.179023086725E-13,-6.));
#6971 = VECTOR('',#6972,1.);
#6972 = DIRECTION('',(1.,-1.735493991486E-29));
#6973 = ( GEOMETRIC_REPRESENTATION_CONTEXT(2) 
PARAMETRIC_REPRESENTATION_CONTEXT() REPRESENTATION_CONTEXT('2D SPACE',''
  ) );
#6974 = ORIENTED_EDGE('',*,*,#6975,.T.);
#6975 = EDGE_CURVE('',#6953,#6976,#6978,.T.);
#6976 = VERTEX_POINT('',#6977);
#6977 = CARTESIAN_POINT('',(3.000015615514,-363.4171581691,
    -40.56411279576));
#6978 = SURFACE_CURVE('',#6979,(#6983,#6990),.PCURVE_S1.);
#6979 = LINE('',#6980,#6981);
#6980 = CARTESIAN_POINT('',(3.000015615514,-364.8386438166,
    -40.34601348491));
#6981 = VECTOR('',#6982,1.);
#6982 = DIRECTION('',(5.348823571326E-14,0.988433355861,-0.151655863789)
  );
#6983 = PCURVE('',#100,#6984);
#6984 = DEFINITIONAL_REPRESENTATION('',(#6985),#6989);
#6985 = LINE('',#6986,#6987);
#6986 = CARTESIAN_POINT('',(195.6649182289,4.79046575066));
#6987 = VECTOR('',#6988,1.);
#6988 = DIRECTION('',(-0.988433355861,0.151655863789));
#6989 = ( GEOMETRIC_REPRESENTATION_CONTEXT(2) 
PARAMETRIC_REPRESENTATION_CONTEXT() REPRESENTATION_CONTEXT('2D SPACE',''
  ) );
#6990 = PCURVE('',#3612,#6991);
#6991 = DEFINITIONAL_REPRESENTATION('',(#6992),#6996);
#6992 = LINE('',#6993,#6994);
#6993 = CARTESIAN_POINT('',(3.167708810264E-13,-6.));
#6994 = VECTOR('',#6995,1.);
#6995 = DIRECTION('',(1.,1.735493991486E-29));
#6996 = ( GEOMETRIC_REPRESENTATION_CONTEXT(2) 
PARAMETRIC_REPRESENTATION_CONTEXT() REPRESENTATION_CONTEXT('2D SPACE',''
  ) );
#6997 = ORIENTED_EDGE('',*,*,#6998,.T.);
#6998 = EDGE_CURVE('',#6976,#6999,#7001,.T.);
#6999 = VERTEX_POINT('',#7000);
#7000 = CARTESIAN_POINT('',(3.000015615514,-361.9929098502,
    -40.76337513901));
#7001 = SURFACE_CURVE('',#7002,(#7006,#7013),.PCURVE_S1.);
#7002 = LINE('',#7003,#7004);
#7003 = CARTESIAN_POINT('',(3.000015615514,-363.4171581691,
    -40.56411279576));
#7004 = VECTOR('',#7005,1.);
#7005 = DIRECTION('',(5.259864265071E-14,0.990354385881,-0.138557534495)
  );
#7006 = PCURVE('',#100,#7007);
#7007 = DEFINITIONAL_REPRESENTATION('',(#7008),#7012);
#7008 = LINE('',#7009,#7010);
#7009 = CARTESIAN_POINT('',(194.2434325814,5.00856506151));
#7010 = VECTOR('',#7011,1.);
#7011 = DIRECTION('',(-0.990354385881,0.138557534495));
#7012 = ( GEOMETRIC_REPRESENTATION_CONTEXT(2) 
PARAMETRIC_REPRESENTATION_CONTEXT() REPRESENTATION_CONTEXT('2D SPACE',''
  ) );
#7013 = PCURVE('',#3640,#7014);
#7014 = DEFINITIONAL_REPRESENTATION('',(#7015),#7019);
#7015 = LINE('',#7016,#7017);
#7016 = CARTESIAN_POINT('',(3.167543972943E-13,-6.));
#7017 = VECTOR('',#7018,1.);
#7018 = DIRECTION('',(1.,3.155443620884E-30));
#7019 = ( GEOMETRIC_REPRESENTATION_CONTEXT(2) 
PARAMETRIC_REPRESENTATION_CONTEXT() REPRESENTATION_CONTEXT('2D SPACE',''
  ) );
#7020 = ORIENTED_EDGE('',*,*,#7021,.T.);
#7021 = EDGE_CURVE('',#6999,#7022,#7024,.T.);
#7022 = VERTEX_POINT('',#7023);
#7023 = CARTESIAN_POINT('',(3.000015615514,-360.5661484687,
    -40.94376559263));
#7024 = SURFACE_CURVE('',#7025,(#7029,#7036),.PCURVE_S1.);
#7025 = LINE('',#7026,#7027);
#7026 = CARTESIAN_POINT('',(3.000015615514,-361.9929098502,
    -40.76337513901));
#7027 = VECTOR('',#7028,1.);
#7028 = DIRECTION('',(5.169983132965E-14,0.992101849773,-0.125434922079)
  );
#7029 = PCURVE('',#100,#7030);
#7030 = DEFINITIONAL_REPRESENTATION('',(#7031),#7035);
#7031 = LINE('',#7032,#7033);
#7032 = CARTESIAN_POINT('',(192.8191842625,5.20782740476));
#7033 = VECTOR('',#7034,1.);
#7034 = DIRECTION('',(-0.992101849773,0.125434922079));
#7035 = ( GEOMETRIC_REPRESENTATION_CONTEXT(2) 
PARAMETRIC_REPRESENTATION_CONTEXT() REPRESENTATION_CONTEXT('2D SPACE',''
  ) );
#7036 = PCURVE('',#3668,#7037);
#7037 = DEFINITIONAL_REPRESENTATION('',(#7038),#7042);
#7038 = LINE('',#7039,#7040);
#7039 = CARTESIAN_POINT('',(3.157911315416E-13,-6.));
#7040 = VECTOR('',#7041,1.);
#7041 = DIRECTION('',(1.,1.89326617253E-29));
#7042 = ( GEOMETRIC_REPRESENTATION_CONTEXT(2) 
PARAMETRIC_REPRESENTATION_CONTEXT() REPRESENTATION_CONTEXT('2D SPACE',''
  ) );
#7043 = ORIENTED_EDGE('',*,*,#7044,.T.);
#7044 = EDGE_CURVE('',#7022,#7045,#7047,.T.);
#7045 = VERTEX_POINT('',#7046);
#7046 = CARTESIAN_POINT('',(3.000015615514,-359.137124074,
    -41.10525254199));
#7047 = SURFACE_CURVE('',#7048,(#7052,#7059),.PCURVE_S1.);
#7048 = LINE('',#7049,#7050);
#7049 = CARTESIAN_POINT('',(3.000015615514,-360.5661484687,
    -40.94376559263));
#7050 = VECTOR('',#7051,1.);
#7051 = DIRECTION('',(5.079195927256E-14,0.993675441281,-0.112290326368)
  );
#7052 = PCURVE('',#100,#7053);
#7053 = DEFINITIONAL_REPRESENTATION('',(#7054),#7058);
#7054 = LINE('',#7055,#7056);
#7055 = CARTESIAN_POINT('',(191.392422881,5.38821785838));
#7056 = VECTOR('',#7057,1.);
#7057 = DIRECTION('',(-0.993675441281,0.112290326368));
#7058 = ( GEOMETRIC_REPRESENTATION_CONTEXT(2) 
PARAMETRIC_REPRESENTATION_CONTEXT() REPRESENTATION_CONTEXT('2D SPACE',''
  ) );
#7059 = PCURVE('',#3696,#7060);
#7060 = DEFINITIONAL_REPRESENTATION('',(#7061),#7065);
#7061 = LINE('',#7062,#7063);
#7062 = CARTESIAN_POINT('',(3.149591610516E-13,-6.));
#7063 = VECTOR('',#7064,1.);
#7064 = DIRECTION('',(1.,0.));
#7065 = ( GEOMETRIC_REPRESENTATION_CONTEXT(2) 
PARAMETRIC_REPRESENTATION_CONTEXT() REPRESENTATION_CONTEXT('2D SPACE',''
  ) );
#7066 = ORIENTED_EDGE('',*,*,#7067,.T.);
#7067 = EDGE_CURVE('',#7045,#7068,#7070,.T.);
#7068 = VERTEX_POINT('',#7069);
#7069 = CARTESIAN_POINT('',(3.000015615514,-357.706087112,
    -41.24780768544));
#7070 = SURFACE_CURVE('',#7071,(#7075,#7082),.PCURVE_S1.);
#7071 = LINE('',#7072,#7073);
#7072 = CARTESIAN_POINT('',(3.000015615514,-359.137124074,
    -41.10525254199));
#7073 = VECTOR('',#7074,1.);
#7074 = DIRECTION('',(4.987518559011E-14,0.995074884622,
    -9.912605103687E-02));
#7075 = PCURVE('',#100,#7076);
#7076 = DEFINITIONAL_REPRESENTATION('',(#7077),#7081);
#7077 = LINE('',#7078,#7079);
#7078 = CARTESIAN_POINT('',(189.9633984863,5.54970480774));
#7079 = VECTOR('',#7080,1.);
#7080 = DIRECTION('',(-0.995074884622,9.912605103687E-02));
#7081 = ( GEOMETRIC_REPRESENTATION_CONTEXT(2) 
PARAMETRIC_REPRESENTATION_CONTEXT() REPRESENTATION_CONTEXT('2D SPACE',''
  ) );
#7082 = PCURVE('',#3724,#7083);
#7083 = DEFINITIONAL_REPRESENTATION('',(#7084),#7088);
#7084 = LINE('',#7085,#7086);
#7085 = CARTESIAN_POINT('',(3.149632606216E-13,-6.));
#7086 = VECTOR('',#7087,1.);
#7087 = DIRECTION('',(1.,1.577721810442E-30));
#7088 = ( GEOMETRIC_REPRESENTATION_CONTEXT(2) 
PARAMETRIC_REPRESENTATION_CONTEXT() REPRESENTATION_CONTEXT('2D SPACE',''
  ) );
#7089 = ORIENTED_EDGE('',*,*,#7090,.T.);
#7090 = EDGE_CURVE('',#7068,#7091,#7093,.T.);
#7091 = VERTEX_POINT('',#7092);
#7092 = CARTESIAN_POINT('',(3.000015615514,-356.2732883814,
    -41.37140603927));
#7093 = SURFACE_CURVE('',#7094,(#7098,#7105),.PCURVE_S1.);
#7094 = LINE('',#7095,#7096);
#7095 = CARTESIAN_POINT('',(3.000015615514,-357.706087112,
    -41.24780768544));
#7096 = VECTOR('',#7097,1.);
#7097 = DIRECTION('',(4.894967095284E-14,0.996299934536,
    -8.594440321261E-02));
#7098 = PCURVE('',#100,#7099);
#7099 = DEFINITIONAL_REPRESENTATION('',(#7100),#7104);
#7100 = LINE('',#7101,#7102);
#7101 = CARTESIAN_POINT('',(188.5323615243,5.69225995119));
#7102 = VECTOR('',#7103,1.);
#7103 = DIRECTION('',(-0.996299934536,8.594440321261E-02));
#7104 = ( GEOMETRIC_REPRESENTATION_CONTEXT(2) 
PARAMETRIC_REPRESENTATION_CONTEXT() REPRESENTATION_CONTEXT('2D SPACE',''
  ) );
#7105 = PCURVE('',#3752,#7106);
#7106 = DEFINITIONAL_REPRESENTATION('',(#7107),#7111);
#7107 = LINE('',#7108,#7109);
#7108 = CARTESIAN_POINT('',(3.143014890915E-13,-6.));
#7109 = VECTOR('',#7110,1.);
#7110 = DIRECTION('',(1.,-1.814380082008E-29));
#7111 = ( GEOMETRIC_REPRESENTATION_CONTEXT(2) 
PARAMETRIC_REPRESENTATION_CONTEXT() REPRESENTATION_CONTEXT('2D SPACE',''
  ) );
#7112 = ORIENTED_EDGE('',*,*,#7113,.T.);
#7113 = EDGE_CURVE('',#7091,#7114,#7116,.T.);
#7114 = VERTEX_POINT('',#7115);
#7115 = CARTESIAN_POINT('',(3.000015615514,-354.8389789896,
    -41.47602594203));
#7116 = SURFACE_CURVE('',#7117,(#7121,#7128),.PCURVE_S1.);
#7117 = LINE('',#7118,#7119);
#7118 = CARTESIAN_POINT('',(3.000015615514,-356.2732883814,
    -41.37140603927));
#7119 = VECTOR('',#7120,1.);
#7120 = DIRECTION('',(4.801557756333E-14,0.997350376324,
    -7.27476930656E-02));
#7121 = PCURVE('',#100,#7122);
#7122 = DEFINITIONAL_REPRESENTATION('',(#7123),#7127);
#7123 = LINE('',#7124,#7125);
#7124 = CARTESIAN_POINT('',(187.0995627937,5.81585830502));
#7125 = VECTOR('',#7126,1.);
#7126 = DIRECTION('',(-0.997350376324,7.27476930656E-02));
#7127 = ( GEOMETRIC_REPRESENTATION_CONTEXT(2) 
PARAMETRIC_REPRESENTATION_CONTEXT() REPRESENTATION_CONTEXT('2D SPACE',''
  ) );
#7128 = PCURVE('',#3780,#7129);
#7129 = DEFINITIONAL_REPRESENTATION('',(#7130),#7134);
#7130 = LINE('',#7131,#7132);
#7131 = CARTESIAN_POINT('',(3.137720636617E-13,-6.));
#7132 = VECTOR('',#7133,1.);
#7133 = DIRECTION('',(1.,-2.99767143984E-29));
#7134 = ( GEOMETRIC_REPRESENTATION_CONTEXT(2) 
PARAMETRIC_REPRESENTATION_CONTEXT() REPRESENTATION_CONTEXT('2D SPACE',''
  ) );
#7135 = ORIENTED_EDGE('',*,*,#7136,.T.);
#7136 = EDGE_CURVE('',#7114,#7137,#7139,.T.);
#7137 = VERTEX_POINT('',#7138);
#7138 = CARTESIAN_POINT('',(3.000015615515,-353.4034103088,
    -41.56164905842));
#7139 = SURFACE_CURVE('',#7140,(#7144,#7151),.PCURVE_S1.);
#7140 = LINE('',#7141,#7142);
#7141 = CARTESIAN_POINT('',(3.000015615514,-354.8389789896,
    -41.47602594203));
#7142 = VECTOR('',#7143,1.);
#7143 = DIRECTION('',(4.707306912761E-14,0.998226025889,
    -5.953823340626E-02));
#7144 = PCURVE('',#100,#7145);
#7145 = DEFINITIONAL_REPRESENTATION('',(#7146),#7150);
#7146 = LINE('',#7147,#7148);
#7147 = CARTESIAN_POINT('',(185.6652534019,5.92047820778));
#7148 = VECTOR('',#7149,1.);
#7149 = DIRECTION('',(-0.998226025889,5.953823340626E-02));
#7150 = ( GEOMETRIC_REPRESENTATION_CONTEXT(2) 
PARAMETRIC_REPRESENTATION_CONTEXT() REPRESENTATION_CONTEXT('2D SPACE',''
  ) );
#7151 = PCURVE('',#3808,#7152);
#7152 = DEFINITIONAL_REPRESENTATION('',(#7153),#7157);
#7153 = LINE('',#7154,#7155);
#7154 = CARTESIAN_POINT('',(-3.124852848187E-13,-6.));
#7155 = VECTOR('',#7156,1.);
#7156 = DIRECTION('',(1.,6.310887241768E-30));
#7157 = ( GEOMETRIC_REPRESENTATION_CONTEXT(2) 
PARAMETRIC_REPRESENTATION_CONTEXT() REPRESENTATION_CONTEXT('2D SPACE',''
  ) );
#7158 = ORIENTED_EDGE('',*,*,#7159,.T.);
#7159 = EDGE_CURVE('',#7137,#7160,#7162,.T.);
#7160 = VERTEX_POINT('',#7161);
#7161 = CARTESIAN_POINT('',(3.000015615515,-351.9668339318,
    -41.6282603824));
#7162 = SURFACE_CURVE('',#7163,(#7167,#7174),.PCURVE_S1.);
#7163 = LINE('',#7164,#7165);
#7164 = CARTESIAN_POINT('',(3.000015615515,-353.4034103088,
    -41.56164905842));
#7165 = VECTOR('',#7166,1.);
#7166 = DIRECTION('',(4.612231082642E-14,0.998926729769,
    -4.63183392793E-02));
#7167 = PCURVE('',#100,#7168);
#7168 = DEFINITIONAL_REPRESENTATION('',(#7169),#7173);
#7169 = LINE('',#7170,#7171);
#7170 = CARTESIAN_POINT('',(184.2296847211,6.00610132417));
#7171 = VECTOR('',#7172,1.);
#7172 = DIRECTION('',(-0.998926729769,4.63183392793E-02));
#7173 = ( GEOMETRIC_REPRESENTATION_CONTEXT(2) 
PARAMETRIC_REPRESENTATION_CONTEXT() REPRESENTATION_CONTEXT('2D SPACE',''
  ) );
#7174 = PCURVE('',#3836,#7175);
#7175 = DEFINITIONAL_REPRESENTATION('',(#7176),#7180);
#7176 = LINE('',#7177,#7178);
#7177 = CARTESIAN_POINT('',(2.56658057659E-13,-6.));
#7178 = VECTOR('',#7179,1.);
#7179 = DIRECTION('',(1.,-7.88860905221E-31));
#7180 = ( GEOMETRIC_REPRESENTATION_CONTEXT(2) 
PARAMETRIC_REPRESENTATION_CONTEXT() REPRESENTATION_CONTEXT('2D SPACE',''
  ) );
#7181 = ORIENTED_EDGE('',*,*,#7182,.T.);
#7182 = EDGE_CURVE('',#7160,#7183,#7185,.T.);
#7183 = VERTEX_POINT('',#7184);
#7184 = CARTESIAN_POINT('',(3.000015615515,-350.5295016281,
    -41.67584823991));
#7185 = SURFACE_CURVE('',#7186,(#7190,#7197),.PCURVE_S1.);
#7186 = LINE('',#7187,#7188);
#7187 = CARTESIAN_POINT('',(3.000015615515,-351.9668339318,
    -41.6282603824));
#7188 = VECTOR('',#7189,1.);
#7189 = DIRECTION('',(4.51634692865E-14,0.999452365159,
    -3.309032755833E-02));
#7190 = PCURVE('',#100,#7191);
#7191 = DEFINITIONAL_REPRESENTATION('',(#7192),#7196);
#7192 = LINE('',#7193,#7194);
#7193 = CARTESIAN_POINT('',(182.7931083441,6.07271264815));
#7194 = VECTOR('',#7195,1.);
#7195 = DIRECTION('',(-0.999452365159,3.309032755833E-02));
#7196 = ( GEOMETRIC_REPRESENTATION_CONTEXT(2) 
PARAMETRIC_REPRESENTATION_CONTEXT() REPRESENTATION_CONTEXT('2D SPACE',''
  ) );
#7197 = PCURVE('',#3864,#7198);
#7198 = DEFINITIONAL_REPRESENTATION('',(#7199),#7203);
#7199 = LINE('',#7200,#7201);
#7200 = CARTESIAN_POINT('',(2.56638439678E-13,-6.));
#7201 = VECTOR('',#7202,1.);
#7202 = DIRECTION('',(1.,-3.155443620884E-30));
#7203 = ( GEOMETRIC_REPRESENTATION_CONTEXT(2) 
PARAMETRIC_REPRESENTATION_CONTEXT() REPRESENTATION_CONTEXT('2D SPACE',''
  ) );
#7204 = ORIENTED_EDGE('',*,*,#7205,.T.);
#7205 = EDGE_CURVE('',#7183,#7206,#7208,.T.);
#7206 = VERTEX_POINT('',#7207);
#7207 = CARTESIAN_POINT('',(3.000015615515,-349.0916652997,
    -41.70440429086));
#7208 = SURFACE_CURVE('',#7209,(#7213,#7220),.PCURVE_S1.);
#7209 = LINE('',#7210,#7211);
#7210 = CARTESIAN_POINT('',(3.000015615515,-350.5295016281,
    -41.67584823991));
#7211 = VECTOR('',#7212,1.);
#7212 = DIRECTION('',(4.419671255113E-14,0.999802839939,
    -1.985651653951E-02));
#7213 = PCURVE('',#100,#7214);
#7214 = DEFINITIONAL_REPRESENTATION('',(#7215),#7219);
#7215 = LINE('',#7216,#7217);
#7216 = CARTESIAN_POINT('',(181.3557760404,6.12030050566));
#7217 = VECTOR('',#7218,1.);
#7218 = DIRECTION('',(-0.999802839939,1.985651653951E-02));
#7219 = ( GEOMETRIC_REPRESENTATION_CONTEXT(2) 
PARAMETRIC_REPRESENTATION_CONTEXT() REPRESENTATION_CONTEXT('2D SPACE',''
  ) );
#7220 = PCURVE('',#3892,#7221);
#7221 = DEFINITIONAL_REPRESENTATION('',(#7222),#7226);
#7222 = LINE('',#7223,#7224);
#7223 = CARTESIAN_POINT('',(2.564327550843E-13,-6.));
#7224 = VECTOR('',#7225,1.);
#7225 = DIRECTION('',(1.,2.563797941968E-30));
#7226 = ( GEOMETRIC_REPRESENTATION_CONTEXT(2) 
PARAMETRIC_REPRESENTATION_CONTEXT() REPRESENTATION_CONTEXT('2D SPACE',''
  ) );
#7227 = ORIENTED_EDGE('',*,*,#7228,.T.);
#7228 = EDGE_CURVE('',#7206,#7229,#7231,.T.);
#7229 = VERTEX_POINT('',#7230);
#7230 = CARTESIAN_POINT('',(3.000015615515,-347.6535769368,
    -41.71392353061));
#7231 = SURFACE_CURVE('',#7232,(#7236,#7243),.PCURVE_S1.);
#7232 = LINE('',#7233,#7234);
#7233 = CARTESIAN_POINT('',(3.000015615515,-349.0916652997,
    -41.70440429086));
#7234 = VECTOR('',#7235,1.);
#7235 = DIRECTION('',(4.322221005072E-14,0.999978092687,
    -6.619225535343E-03));
#7236 = PCURVE('',#100,#7237);
#7237 = DEFINITIONAL_REPRESENTATION('',(#7238),#7242);
#7238 = LINE('',#7239,#7240);
#7239 = CARTESIAN_POINT('',(179.917939712,6.14885655661));
#7240 = VECTOR('',#7241,1.);
#7241 = DIRECTION('',(-0.999978092687,6.619225535343E-03));
#7242 = ( GEOMETRIC_REPRESENTATION_CONTEXT(2) 
PARAMETRIC_REPRESENTATION_CONTEXT() REPRESENTATION_CONTEXT('2D SPACE',''
  ) );
#7243 = PCURVE('',#3920,#7244);
#7244 = DEFINITIONAL_REPRESENTATION('',(#7245),#7249);
#7245 = LINE('',#7246,#7247);
#7246 = CARTESIAN_POINT('',(2.564172498796E-13,-6.));
#7247 = VECTOR('',#7248,1.);
#7248 = DIRECTION('',(1.,2.958228394579E-31));
#7249 = ( GEOMETRIC_REPRESENTATION_CONTEXT(2) 
PARAMETRIC_REPRESENTATION_CONTEXT() REPRESENTATION_CONTEXT('2D SPACE',''
  ) );
#7250 = ORIENTED_EDGE('',*,*,#7251,.T.);
#7251 = EDGE_CURVE('',#7229,#4149,#7252,.T.);
#7252 = SURFACE_CURVE('',#7253,(#7257,#7264),.PCURVE_S1.);
#7253 = LINE('',#7254,#7255);
#7254 = CARTESIAN_POINT('',(3.000015615515,-347.6535769368,
    -41.71392353061));
#7255 = VECTOR('',#7256,1.);
#7256 = DIRECTION('',(4.27321074577E-14,1.,-1.759573240862E-12));
#7257 = PCURVE('',#100,#7258);
#7258 = DEFINITIONAL_REPRESENTATION('',(#7259),#7263);
#7259 = LINE('',#7260,#7261);
#7260 = CARTESIAN_POINT('',(178.4798513491,6.15837579636));
#7261 = VECTOR('',#7262,1.);
#7262 = DIRECTION('',(-1.,1.759573240862E-12));
#7263 = ( GEOMETRIC_REPRESENTATION_CONTEXT(2) 
PARAMETRIC_REPRESENTATION_CONTEXT() REPRESENTATION_CONTEXT('2D SPACE',''
  ) );
#7264 = PCURVE('',#3946,#7265);
#7265 = DEFINITIONAL_REPRESENTATION('',(#7266),#7270);
#7266 = LINE('',#7267,#7268);
#7267 = CARTESIAN_POINT('',(2.563926447454E-13,-6.));
#7268 = VECTOR('',#7269,1.);
#7269 = DIRECTION('',(1.,-2.712367951165E-30));
#7270 = ( GEOMETRIC_REPRESENTATION_CONTEXT(2) 
PARAMETRIC_REPRESENTATION_CONTEXT() REPRESENTATION_CONTEXT('2D SPACE',''
  ) );
#7271 = ADVANCED_FACE('',(#7272),#72,.F.);
#7272 = FACE_BOUND('',#7273,.F.);
#7273 = EDGE_LOOP('',(#7274,#7295,#7296,#7297));
#7274 = ORIENTED_EDGE('',*,*,#7275,.T.);
#7275 = EDGE_CURVE('',#140,#4149,#7276,.T.);
#7276 = SURFACE_CURVE('',#7277,(#7281,#7288),.PCURVE_S1.);
#7277 = LINE('',#7278,#7279);
#7278 = CARTESIAN_POINT('',(-2.999984384466,100.,-41.7139235314));
#7279 = VECTOR('',#7280,1.);
#7280 = DIRECTION('',(1.,-4.273210745757E-14,7.418371472667E-14));
#7281 = PCURVE('',#72,#7282);
#7282 = DEFINITIONAL_REPRESENTATION('',(#7283),#7287);
#7283 = LINE('',#7284,#7285);
#7284 = CARTESIAN_POINT('',(0.,0.));
#7285 = VECTOR('',#7286,1.);
#7286 = DIRECTION('',(0.,-1.));
#7287 = ( GEOMETRIC_REPRESENTATION_CONTEXT(2) 
PARAMETRIC_REPRESENTATION_CONTEXT() REPRESENTATION_CONTEXT('2D SPACE',''
  ) );
#7288 = PCURVE('',#3946,#7289);
#7289 = DEFINITIONAL_REPRESENTATION('',(#7290),#7294);
#7290 = LINE('',#7291,#7292);
#7291 = CARTESIAN_POINT('',(447.6535769368,1.29267999262E-13));
#7292 = VECTOR('',#7293,1.);
#7293 = DIRECTION('',(-5.337130475991E-28,-1.));
#7294 = ( GEOMETRIC_REPRESENTATION_CONTEXT(2) 
PARAMETRIC_REPRESENTATION_CONTEXT() REPRESENTATION_CONTEXT('2D SPACE',''
  ) );
#7295 = ORIENTED_EDGE('',*,*,#4148,.T.);
#7296 = ORIENTED_EDGE('',*,*,#56,.F.);
#7297 = ORIENTED_EDGE('',*,*,#139,.F.);
#7298 = ADVANCED_FACE('',(#7299),#3946,.F.);
#7299 = FACE_BOUND('',#7300,.F.);
#7300 = EDGE_LOOP('',(#7301,#7322,#7323,#7324));
#7301 = ORIENTED_EDGE('',*,*,#7302,.T.);
#7302 = EDGE_CURVE('',#3905,#7229,#7303,.T.);
#7303 = SURFACE_CURVE('',#7304,(#7308,#7315),.PCURVE_S1.);
#7304 = LINE('',#7305,#7306);
#7305 = CARTESIAN_POINT('',(-2.999984384485,-347.6535769368,
    -41.71392353061));
#7306 = VECTOR('',#7307,1.);
#7307 = DIRECTION('',(1.,-4.273210745757E-14,7.418371472667E-14));
#7308 = PCURVE('',#3946,#7309);
#7309 = DEFINITIONAL_REPRESENTATION('',(#7310),#7314);
#7310 = LINE('',#7311,#7312);
#7311 = CARTESIAN_POINT('',(0.,0.));
#7312 = VECTOR('',#7313,1.);
#7313 = DIRECTION('',(-5.337130475991E-28,-1.));
#7314 = ( GEOMETRIC_REPRESENTATION_CONTEXT(2) 
PARAMETRIC_REPRESENTATION_CONTEXT() REPRESENTATION_CONTEXT('2D SPACE',''
  ) );
#7315 = PCURVE('',#3920,#7316);
#7316 = DEFINITIONAL_REPRESENTATION('',(#7317),#7321);
#7317 = LINE('',#7318,#7319);
#7318 = CARTESIAN_POINT('',(1.438119868243,6.215871902329E-14));
#7319 = VECTOR('',#7320,1.);
#7320 = DIRECTION('',(-1.230070809511E-26,-1.));
#7321 = ( GEOMETRIC_REPRESENTATION_CONTEXT(2) 
PARAMETRIC_REPRESENTATION_CONTEXT() REPRESENTATION_CONTEXT('2D SPACE',''
  ) );
#7322 = ORIENTED_EDGE('',*,*,#7251,.T.);
#7323 = ORIENTED_EDGE('',*,*,#7275,.F.);
#7324 = ORIENTED_EDGE('',*,*,#3932,.F.);
#7325 = ADVANCED_FACE('',(#7326),#3920,.F.);
#7326 = FACE_BOUND('',#7327,.F.);
#7327 = EDGE_LOOP('',(#7328,#7349,#7350,#7351));
#7328 = ORIENTED_EDGE('',*,*,#7329,.T.);
#7329 = EDGE_CURVE('',#3877,#7206,#7330,.T.);
#7330 = SURFACE_CURVE('',#7331,(#7335,#7342),.PCURVE_S1.);
#7331 = LINE('',#7332,#7333);
#7332 = CARTESIAN_POINT('',(-2.999984384485,-349.0916652997,
    -41.70440429086));
#7333 = VECTOR('',#7334,1.);
#7334 = DIRECTION('',(1.,-4.273210745757E-14,7.418371472667E-14));
#7335 = PCURVE('',#3920,#7336);
#7336 = DEFINITIONAL_REPRESENTATION('',(#7337),#7341);
#7337 = LINE('',#7338,#7339);
#7338 = CARTESIAN_POINT('',(0.,0.));
#7339 = VECTOR('',#7340,1.);
#7340 = DIRECTION('',(-1.230070809511E-26,-1.));
#7341 = ( GEOMETRIC_REPRESENTATION_CONTEXT(2) 
PARAMETRIC_REPRESENTATION_CONTEXT() REPRESENTATION_CONTEXT('2D SPACE',''
  ) );
#7342 = PCURVE('',#3892,#7343);
#7343 = DEFINITIONAL_REPRESENTATION('',(#7344),#7348);
#7344 = LINE('',#7345,#7346);
#7345 = CARTESIAN_POINT('',(1.4381198682,6.356017042892E-14));
#7346 = VECTOR('',#7347,1.);
#7347 = DIRECTION('',(2.131778267224E-26,-1.));
#7348 = ( GEOMETRIC_REPRESENTATION_CONTEXT(2) 
PARAMETRIC_REPRESENTATION_CONTEXT() REPRESENTATION_CONTEXT('2D SPACE',''
  ) );
#7349 = ORIENTED_EDGE('',*,*,#7228,.T.);
#7350 = ORIENTED_EDGE('',*,*,#7302,.F.);
#7351 = ORIENTED_EDGE('',*,*,#3904,.F.);
#7352 = ADVANCED_FACE('',(#7353),#3892,.F.);
#7353 = FACE_BOUND('',#7354,.F.);
#7354 = EDGE_LOOP('',(#7355,#7376,#7377,#7378));
#7355 = ORIENTED_EDGE('',*,*,#7356,.T.);
#7356 = EDGE_CURVE('',#3849,#7183,#7357,.T.);
#7357 = SURFACE_CURVE('',#7358,(#7362,#7369),.PCURVE_S1.);
#7358 = LINE('',#7359,#7360);
#7359 = CARTESIAN_POINT('',(-2.999984384485,-350.5295016281,
    -41.67584823991));
#7360 = VECTOR('',#7361,1.);
#7361 = DIRECTION('',(1.,-4.273210745757E-14,7.418371472667E-14));
#7362 = PCURVE('',#3892,#7363);
#7363 = DEFINITIONAL_REPRESENTATION('',(#7364),#7368);
#7364 = LINE('',#7365,#7366);
#7365 = CARTESIAN_POINT('',(0.,0.));
#7366 = VECTOR('',#7367,1.);
#7367 = DIRECTION('',(2.131778267224E-26,-1.));
#7368 = ( GEOMETRIC_REPRESENTATION_CONTEXT(2) 
PARAMETRIC_REPRESENTATION_CONTEXT() REPRESENTATION_CONTEXT('2D SPACE',''
  ) );
#7369 = PCURVE('',#3864,#7370);
#7370 = DEFINITIONAL_REPRESENTATION('',(#7371),#7375);
#7371 = LINE('',#7372,#7373);
#7372 = CARTESIAN_POINT('',(1.438119868245,6.495048249981E-14));
#7373 = VECTOR('',#7374,1.);
#7374 = DIRECTION('',(3.894606289076E-27,-1.));
#7375 = ( GEOMETRIC_REPRESENTATION_CONTEXT(2) 
PARAMETRIC_REPRESENTATION_CONTEXT() REPRESENTATION_CONTEXT('2D SPACE',''
  ) );
#7376 = ORIENTED_EDGE('',*,*,#7205,.T.);
#7377 = ORIENTED_EDGE('',*,*,#7329,.F.);
#7378 = ORIENTED_EDGE('',*,*,#3876,.F.);
#7379 = ADVANCED_FACE('',(#7380),#3864,.F.);
#7380 = FACE_BOUND('',#7381,.F.);
#7381 = EDGE_LOOP('',(#7382,#7403,#7404,#7405));
#7382 = ORIENTED_EDGE('',*,*,#7383,.T.);
#7383 = EDGE_CURVE('',#3821,#7160,#7384,.T.);
#7384 = SURFACE_CURVE('',#7385,(#7389,#7396),.PCURVE_S1.);
#7385 = LINE('',#7386,#7387);
#7386 = CARTESIAN_POINT('',(-2.999984384485,-351.9668339318,
    -41.6282603824));
#7387 = VECTOR('',#7388,1.);
#7388 = DIRECTION('',(1.,-4.273210745757E-14,7.418371472667E-14));
#7389 = PCURVE('',#3864,#7390);
#7390 = DEFINITIONAL_REPRESENTATION('',(#7391),#7395);
#7391 = LINE('',#7392,#7393);
#7392 = CARTESIAN_POINT('',(0.,0.));
#7393 = VECTOR('',#7394,1.);
#7394 = DIRECTION('',(3.894606289076E-27,-1.));
#7395 = ( GEOMETRIC_REPRESENTATION_CONTEXT(2) 
PARAMETRIC_REPRESENTATION_CONTEXT() REPRESENTATION_CONTEXT('2D SPACE',''
  ) );
#7396 = PCURVE('',#3836,#7397);
#7397 = DEFINITIONAL_REPRESENTATION('',(#7398),#7402);
#7398 = LINE('',#7399,#7400);
#7399 = CARTESIAN_POINT('',(1.438119868244,6.632941156877E-14));
#7400 = VECTOR('',#7401,1.);
#7401 = DIRECTION('',(-7.348239332134E-27,-1.));
#7402 = ( GEOMETRIC_REPRESENTATION_CONTEXT(2) 
PARAMETRIC_REPRESENTATION_CONTEXT() REPRESENTATION_CONTEXT('2D SPACE',''
  ) );
#7403 = ORIENTED_EDGE('',*,*,#7182,.T.);
#7404 = ORIENTED_EDGE('',*,*,#7356,.F.);
#7405 = ORIENTED_EDGE('',*,*,#3848,.F.);
#7406 = ADVANCED_FACE('',(#7407),#3836,.F.);
#7407 = FACE_BOUND('',#7408,.F.);
#7408 = EDGE_LOOP('',(#7409,#7430,#7431,#7432));
#7409 = ORIENTED_EDGE('',*,*,#7410,.T.);
#7410 = EDGE_CURVE('',#3793,#7137,#7411,.T.);
#7411 = SURFACE_CURVE('',#7412,(#7416,#7423),.PCURVE_S1.);
#7412 = LINE('',#7413,#7414);
#7413 = CARTESIAN_POINT('',(-2.999984384485,-353.4034103088,
    -41.56164905842));
#7414 = VECTOR('',#7415,1.);
#7415 = DIRECTION('',(1.,-4.273210745757E-14,7.418371472667E-14));
#7416 = PCURVE('',#3836,#7417);
#7417 = DEFINITIONAL_REPRESENTATION('',(#7418),#7422);
#7418 = LINE('',#7419,#7420);
#7419 = CARTESIAN_POINT('',(0.,0.));
#7420 = VECTOR('',#7421,1.);
#7421 = DIRECTION('',(-7.348239332134E-27,-1.));
#7422 = ( GEOMETRIC_REPRESENTATION_CONTEXT(2) 
PARAMETRIC_REPRESENTATION_CONTEXT() REPRESENTATION_CONTEXT('2D SPACE',''
  ) );
#7423 = PCURVE('',#3808,#7424);
#7424 = DEFINITIONAL_REPRESENTATION('',(#7425),#7429);
#7425 = LINE('',#7426,#7427);
#7426 = CARTESIAN_POINT('',(1.438119868214,-9.323921846121E-13));
#7427 = VECTOR('',#7428,1.);
#7428 = DIRECTION('',(1.980435302557E-26,-1.));
#7429 = ( GEOMETRIC_REPRESENTATION_CONTEXT(2) 
PARAMETRIC_REPRESENTATION_CONTEXT() REPRESENTATION_CONTEXT('2D SPACE',''
  ) );
#7430 = ORIENTED_EDGE('',*,*,#7159,.T.);
#7431 = ORIENTED_EDGE('',*,*,#7383,.F.);
#7432 = ORIENTED_EDGE('',*,*,#3820,.F.);
#7433 = ADVANCED_FACE('',(#7434),#3808,.F.);
#7434 = FACE_BOUND('',#7435,.F.);
#7435 = EDGE_LOOP('',(#7436,#7457,#7458,#7459));
#7436 = ORIENTED_EDGE('',*,*,#7437,.T.);
#7437 = EDGE_CURVE('',#3765,#7114,#7438,.T.);
#7438 = SURFACE_CURVE('',#7439,(#7443,#7450),.PCURVE_S1.);
#7439 = LINE('',#7440,#7441);
#7440 = CARTESIAN_POINT('',(-2.999984384486,-354.8389789896,
    -41.47602594204));
#7441 = VECTOR('',#7442,1.);
#7442 = DIRECTION('',(1.,-4.273210745757E-14,7.418371472667E-14));
#7443 = PCURVE('',#3808,#7444);
#7444 = DEFINITIONAL_REPRESENTATION('',(#7445),#7449);
#7445 = LINE('',#7446,#7447);
#7446 = CARTESIAN_POINT('',(0.,0.));
#7447 = VECTOR('',#7448,1.);
#7448 = DIRECTION('',(1.980435302557E-26,-1.));
#7449 = ( GEOMETRIC_REPRESENTATION_CONTEXT(2) 
PARAMETRIC_REPRESENTATION_CONTEXT() REPRESENTATION_CONTEXT('2D SPACE',''
  ) );
#7450 = PCURVE('',#3780,#7451);
#7451 = DEFINITIONAL_REPRESENTATION('',(#7452),#7456);
#7452 = LINE('',#7453,#7454);
#7453 = CARTESIAN_POINT('',(1.438119868252,6.905215607942E-14));
#7454 = VECTOR('',#7455,1.);
#7455 = DIRECTION('',(3.115211714718E-27,-1.));
#7456 = ( GEOMETRIC_REPRESENTATION_CONTEXT(2) 
PARAMETRIC_REPRESENTATION_CONTEXT() REPRESENTATION_CONTEXT('2D SPACE',''
  ) );
#7457 = ORIENTED_EDGE('',*,*,#7136,.T.);
#7458 = ORIENTED_EDGE('',*,*,#7410,.F.);
#7459 = ORIENTED_EDGE('',*,*,#3792,.F.);
#7460 = ADVANCED_FACE('',(#7461),#3780,.F.);
#7461 = FACE_BOUND('',#7462,.F.);
#7462 = EDGE_LOOP('',(#7463,#7484,#7485,#7486));
#7463 = ORIENTED_EDGE('',*,*,#7464,.T.);
#7464 = EDGE_CURVE('',#3737,#7091,#7465,.T.);
#7465 = SURFACE_CURVE('',#7466,(#7470,#7477),.PCURVE_S1.);
#7466 = LINE('',#7467,#7468);
#7467 = CARTESIAN_POINT('',(-2.999984384486,-356.2732883814,
    -41.37140603927));
#7468 = VECTOR('',#7469,1.);
#7469 = DIRECTION('',(1.,-4.273210745757E-14,7.418371472667E-14));
#7470 = PCURVE('',#3780,#7471);
#7471 = DEFINITIONAL_REPRESENTATION('',(#7472),#7476);
#7472 = LINE('',#7473,#7474);
#7473 = CARTESIAN_POINT('',(0.,0.));
#7474 = VECTOR('',#7475,1.);
#7475 = DIRECTION('',(3.115211714718E-27,-1.));
#7476 = ( GEOMETRIC_REPRESENTATION_CONTEXT(2) 
PARAMETRIC_REPRESENTATION_CONTEXT() REPRESENTATION_CONTEXT('2D SPACE',''
  ) );
#7477 = PCURVE('',#3752,#7478);
#7478 = DEFINITIONAL_REPRESENTATION('',(#7479),#7483);
#7479 = LINE('',#7480,#7481);
#7480 = CARTESIAN_POINT('',(1.438119868258,7.039549434197E-14));
#7481 = VECTOR('',#7482,1.);
#7482 = DIRECTION('',(-4.772608476587E-28,-1.));
#7483 = ( GEOMETRIC_REPRESENTATION_CONTEXT(2) 
PARAMETRIC_REPRESENTATION_CONTEXT() REPRESENTATION_CONTEXT('2D SPACE',''
  ) );
#7484 = ORIENTED_EDGE('',*,*,#7113,.T.);
#7485 = ORIENTED_EDGE('',*,*,#7437,.F.);
#7486 = ORIENTED_EDGE('',*,*,#3764,.F.);
#7487 = ADVANCED_FACE('',(#7488),#3752,.F.);
#7488 = FACE_BOUND('',#7489,.F.);
#7489 = EDGE_LOOP('',(#7490,#7511,#7512,#7513));
#7490 = ORIENTED_EDGE('',*,*,#7491,.T.);
#7491 = EDGE_CURVE('',#3709,#7068,#7492,.T.);
#7492 = SURFACE_CURVE('',#7493,(#7497,#7504),.PCURVE_S1.);
#7493 = LINE('',#7494,#7495);
#7494 = CARTESIAN_POINT('',(-2.999984384486,-357.706087112,
    -41.24780768544));
#7495 = VECTOR('',#7496,1.);
#7496 = DIRECTION('',(1.,-4.273210745757E-14,7.418371472667E-14));
#7497 = PCURVE('',#3752,#7498);
#7498 = DEFINITIONAL_REPRESENTATION('',(#7499),#7503);
#7499 = LINE('',#7500,#7501);
#7500 = CARTESIAN_POINT('',(0.,0.));
#7501 = VECTOR('',#7502,1.);
#7502 = DIRECTION('',(-4.772608476587E-28,-1.));
#7503 = ( GEOMETRIC_REPRESENTATION_CONTEXT(2) 
PARAMETRIC_REPRESENTATION_CONTEXT() REPRESENTATION_CONTEXT('2D SPACE',''
  ) );
#7504 = PCURVE('',#3724,#7505);
#7505 = DEFINITIONAL_REPRESENTATION('',(#7506),#7510);
#7506 = LINE('',#7507,#7508);
#7507 = CARTESIAN_POINT('',(1.438119868277,7.172649533116E-14));
#7508 = VECTOR('',#7509,1.);
#7509 = DIRECTION('',(4.611680851922E-27,-1.));
#7510 = ( GEOMETRIC_REPRESENTATION_CONTEXT(2) 
PARAMETRIC_REPRESENTATION_CONTEXT() REPRESENTATION_CONTEXT('2D SPACE',''
  ) );
#7511 = ORIENTED_EDGE('',*,*,#7090,.T.);
#7512 = ORIENTED_EDGE('',*,*,#7464,.F.);
#7513 = ORIENTED_EDGE('',*,*,#3736,.F.);
#7514 = ADVANCED_FACE('',(#7515),#3724,.F.);
#7515 = FACE_BOUND('',#7516,.F.);
#7516 = EDGE_LOOP('',(#7517,#7538,#7539,#7540));
#7517 = ORIENTED_EDGE('',*,*,#7518,.T.);
#7518 = EDGE_CURVE('',#3681,#7045,#7519,.T.);
#7519 = SURFACE_CURVE('',#7520,(#7524,#7531),.PCURVE_S1.);
#7520 = LINE('',#7521,#7522);
#7521 = CARTESIAN_POINT('',(-2.999984384486,-359.137124074,
    -41.10525254199));
#7522 = VECTOR('',#7523,1.);
#7523 = DIRECTION('',(1.,-4.273210745757E-14,7.418371472667E-14));
#7524 = PCURVE('',#3724,#7525);
#7525 = DEFINITIONAL_REPRESENTATION('',(#7526),#7530);
#7526 = LINE('',#7527,#7528);
#7527 = CARTESIAN_POINT('',(0.,0.));
#7528 = VECTOR('',#7529,1.);
#7529 = DIRECTION('',(4.611680851922E-27,-1.));
#7530 = ( GEOMETRIC_REPRESENTATION_CONTEXT(2) 
PARAMETRIC_REPRESENTATION_CONTEXT() REPRESENTATION_CONTEXT('2D SPACE',''
  ) );
#7531 = PCURVE('',#3696,#7532);
#7532 = DEFINITIONAL_REPRESENTATION('',(#7533),#7537);
#7533 = LINE('',#7534,#7535);
#7534 = CARTESIAN_POINT('',(1.438119868252,7.304492577732E-14));
#7535 = VECTOR('',#7536,1.);
#7536 = DIRECTION('',(-3.636648773069E-26,-1.));
#7537 = ( GEOMETRIC_REPRESENTATION_CONTEXT(2) 
PARAMETRIC_REPRESENTATION_CONTEXT() REPRESENTATION_CONTEXT('2D SPACE',''
  ) );
#7538 = ORIENTED_EDGE('',*,*,#7067,.T.);
#7539 = ORIENTED_EDGE('',*,*,#7491,.F.);
#7540 = ORIENTED_EDGE('',*,*,#3708,.F.);
#7541 = ADVANCED_FACE('',(#7542),#3696,.F.);
#7542 = FACE_BOUND('',#7543,.F.);
#7543 = EDGE_LOOP('',(#7544,#7565,#7566,#7567));
#7544 = ORIENTED_EDGE('',*,*,#7545,.T.);
#7545 = EDGE_CURVE('',#3653,#7022,#7546,.T.);
#7546 = SURFACE_CURVE('',#7547,(#7551,#7558),.PCURVE_S1.);
#7547 = LINE('',#7548,#7549);
#7548 = CARTESIAN_POINT('',(-2.999984384486,-360.5661484687,
    -40.94376559263));
#7549 = VECTOR('',#7550,1.);
#7550 = DIRECTION('',(1.,-4.273210745757E-14,7.418371472667E-14));
#7551 = PCURVE('',#3696,#7552);
#7552 = DEFINITIONAL_REPRESENTATION('',(#7553),#7557);
#7553 = LINE('',#7554,#7555);
#7554 = CARTESIAN_POINT('',(0.,0.));
#7555 = VECTOR('',#7556,1.);
#7556 = DIRECTION('',(-3.636648773069E-26,-1.));
#7557 = ( GEOMETRIC_REPRESENTATION_CONTEXT(2) 
PARAMETRIC_REPRESENTATION_CONTEXT() REPRESENTATION_CONTEXT('2D SPACE',''
  ) );
#7558 = PCURVE('',#3668,#7559);
#7559 = DEFINITIONAL_REPRESENTATION('',(#7560),#7564);
#7560 = LINE('',#7561,#7562);
#7561 = CARTESIAN_POINT('',(1.438119868264,7.435055462109E-14));
#7562 = VECTOR('',#7563,1.);
#7563 = DIRECTION('',(2.55953809308E-26,-1.));
#7564 = ( GEOMETRIC_REPRESENTATION_CONTEXT(2) 
PARAMETRIC_REPRESENTATION_CONTEXT() REPRESENTATION_CONTEXT('2D SPACE',''
  ) );
#7565 = ORIENTED_EDGE('',*,*,#7044,.T.);
#7566 = ORIENTED_EDGE('',*,*,#7518,.F.);
#7567 = ORIENTED_EDGE('',*,*,#3680,.F.);
#7568 = ADVANCED_FACE('',(#7569),#3668,.F.);
#7569 = FACE_BOUND('',#7570,.F.);
#7570 = EDGE_LOOP('',(#7571,#7592,#7593,#7594));
#7571 = ORIENTED_EDGE('',*,*,#7572,.T.);
#7572 = EDGE_CURVE('',#3625,#6999,#7573,.T.);
#7573 = SURFACE_CURVE('',#7574,(#7578,#7585),.PCURVE_S1.);
#7574 = LINE('',#7575,#7576);
#7575 = CARTESIAN_POINT('',(-2.999984384486,-361.9929098502,
    -40.76337513901));
#7576 = VECTOR('',#7577,1.);
#7577 = DIRECTION('',(1.,-4.273210745757E-14,7.418371472667E-14));
#7578 = PCURVE('',#3668,#7579);
#7579 = DEFINITIONAL_REPRESENTATION('',(#7580),#7584);
#7580 = LINE('',#7581,#7582);
#7581 = CARTESIAN_POINT('',(0.,0.));
#7582 = VECTOR('',#7583,1.);
#7583 = DIRECTION('',(2.55953809308E-26,-1.));
#7584 = ( GEOMETRIC_REPRESENTATION_CONTEXT(2) 
PARAMETRIC_REPRESENTATION_CONTEXT() REPRESENTATION_CONTEXT('2D SPACE',''
  ) );
#7585 = PCURVE('',#3640,#7586);
#7586 = DEFINITIONAL_REPRESENTATION('',(#7587),#7591);
#7587 = LINE('',#7588,#7589);
#7588 = CARTESIAN_POINT('',(1.438119868205,7.564315303662E-14));
#7589 = VECTOR('',#7590,1.);
#7590 = DIRECTION('',(-5.317238045552E-26,-1.));
#7591 = ( GEOMETRIC_REPRESENTATION_CONTEXT(2) 
PARAMETRIC_REPRESENTATION_CONTEXT() REPRESENTATION_CONTEXT('2D SPACE',''
  ) );
#7592 = ORIENTED_EDGE('',*,*,#7021,.T.);
#7593 = ORIENTED_EDGE('',*,*,#7545,.F.);
#7594 = ORIENTED_EDGE('',*,*,#3652,.F.);
#7595 = ADVANCED_FACE('',(#7596),#3640,.F.);
#7596 = FACE_BOUND('',#7597,.F.);
#7597 = EDGE_LOOP('',(#7598,#7619,#7620,#7621));
#7598 = ORIENTED_EDGE('',*,*,#7599,.T.);
#7599 = EDGE_CURVE('',#3597,#6976,#7600,.T.);
#7600 = SURFACE_CURVE('',#7601,(#7605,#7612),.PCURVE_S1.);
#7601 = LINE('',#7602,#7603);
#7602 = CARTESIAN_POINT('',(-2.999984384486,-363.4171581691,
    -40.56411279576));
#7603 = VECTOR('',#7604,1.);
#7604 = DIRECTION('',(1.,-4.273210745757E-14,7.418371472667E-14));
#7605 = PCURVE('',#3640,#7606);
#7606 = DEFINITIONAL_REPRESENTATION('',(#7607),#7611);
#7607 = LINE('',#7608,#7609);
#7608 = CARTESIAN_POINT('',(0.,0.));
#7609 = VECTOR('',#7610,1.);
#7610 = DIRECTION('',(-5.317238045552E-26,-1.));
#7611 = ( GEOMETRIC_REPRESENTATION_CONTEXT(2) 
PARAMETRIC_REPRESENTATION_CONTEXT() REPRESENTATION_CONTEXT('2D SPACE',''
  ) );
#7612 = PCURVE('',#3612,#7613);
#7613 = DEFINITIONAL_REPRESENTATION('',(#7614),#7618);
#7614 = LINE('',#7615,#7616);
#7615 = CARTESIAN_POINT('',(1.438119868245,7.692249449663E-14));
#7616 = VECTOR('',#7617,1.);
#7617 = DIRECTION('',(2.133079887718E-26,-1.));
#7618 = ( GEOMETRIC_REPRESENTATION_CONTEXT(2) 
PARAMETRIC_REPRESENTATION_CONTEXT() REPRESENTATION_CONTEXT('2D SPACE',''
  ) );
#7619 = ORIENTED_EDGE('',*,*,#6998,.T.);
#7620 = ORIENTED_EDGE('',*,*,#7572,.F.);
#7621 = ORIENTED_EDGE('',*,*,#3624,.F.);
#7622 = ADVANCED_FACE('',(#7623),#3612,.F.);
#7623 = FACE_BOUND('',#7624,.F.);
#7624 = EDGE_LOOP('',(#7625,#7646,#7647,#7648));
#7625 = ORIENTED_EDGE('',*,*,#7626,.T.);
#7626 = EDGE_CURVE('',#3569,#6953,#7627,.T.);
#7627 = SURFACE_CURVE('',#7628,(#7632,#7639),.PCURVE_S1.);
#7628 = LINE('',#7629,#7630);
#7629 = CARTESIAN_POINT('',(-2.999984384486,-364.8386438166,
    -40.34601348491));
#7630 = VECTOR('',#7631,1.);
#7631 = DIRECTION('',(1.,-4.273210745757E-14,7.418371472667E-14));
#7632 = PCURVE('',#3612,#7633);
#7633 = DEFINITIONAL_REPRESENTATION('',(#7634),#7638);
#7634 = LINE('',#7635,#7636);
#7635 = CARTESIAN_POINT('',(0.,0.));
#7636 = VECTOR('',#7637,1.);
#7637 = DIRECTION('',(2.133079887718E-26,-1.));
#7638 = ( GEOMETRIC_REPRESENTATION_CONTEXT(2) 
PARAMETRIC_REPRESENTATION_CONTEXT() REPRESENTATION_CONTEXT('2D SPACE',''
  ) );
#7639 = PCURVE('',#3584,#7640);
#7640 = DEFINITIONAL_REPRESENTATION('',(#7641),#7645);
#7641 = LINE('',#7642,#7643);
#7642 = CARTESIAN_POINT('',(1.438119868209,7.81883547787E-14));
#7643 = VECTOR('',#7644,1.);
#7644 = DIRECTION('',(2.827277484312E-27,-1.));
#7645 = ( GEOMETRIC_REPRESENTATION_CONTEXT(2) 
PARAMETRIC_REPRESENTATION_CONTEXT() REPRESENTATION_CONTEXT('2D SPACE',''
  ) );
#7646 = ORIENTED_EDGE('',*,*,#6975,.T.);
#7647 = ORIENTED_EDGE('',*,*,#7599,.F.);
#7648 = ORIENTED_EDGE('',*,*,#3596,.F.);
#7649 = ADVANCED_FACE('',(#7650),#3584,.F.);
#7650 = FACE_BOUND('',#7651,.F.);
#7651 = EDGE_LOOP('',(#7652,#7673,#7674,#7675));
#7652 = ORIENTED_EDGE('',*,*,#7653,.T.);
#7653 = EDGE_CURVE('',#3541,#6930,#7654,.T.);
#7654 = SURFACE_CURVE('',#7655,(#7659,#7666),.PCURVE_S1.);
#7655 = LINE('',#7656,#7657);
#7656 = CARTESIAN_POINT('',(-2.999984384486,-366.2571176679,
    -40.1091154298));
#7657 = VECTOR('',#7658,1.);
#7658 = DIRECTION('',(1.,-4.273210745757E-14,7.418371472667E-14));
#7659 = PCURVE('',#3584,#7660);
#7660 = DEFINITIONAL_REPRESENTATION('',(#7661),#7665);
#7661 = LINE('',#7662,#7663);
#7662 = CARTESIAN_POINT('',(0.,0.));
#7663 = VECTOR('',#7664,1.);
#7664 = DIRECTION('',(2.827277484312E-27,-1.));
#7665 = ( GEOMETRIC_REPRESENTATION_CONTEXT(2) 
PARAMETRIC_REPRESENTATION_CONTEXT() REPRESENTATION_CONTEXT('2D SPACE',''
  ) );
#7666 = PCURVE('',#3556,#7667);
#7667 = DEFINITIONAL_REPRESENTATION('',(#7668),#7672);
#7668 = LINE('',#7669,#7670);
#7669 = CARTESIAN_POINT('',(1.438119868257,7.944051204122E-14));
#7670 = VECTOR('',#7671,1.);
#7671 = DIRECTION('',(2.004022243623E-26,-1.));
#7672 = ( GEOMETRIC_REPRESENTATION_CONTEXT(2) 
PARAMETRIC_REPRESENTATION_CONTEXT() REPRESENTATION_CONTEXT('2D SPACE',''
  ) );
#7673 = ORIENTED_EDGE('',*,*,#6952,.T.);
#7674 = ORIENTED_EDGE('',*,*,#7626,.F.);
#7675 = ORIENTED_EDGE('',*,*,#3568,.F.);
#7676 = ADVANCED_FACE('',(#7677),#3556,.F.);
#7677 = FACE_BOUND('',#7678,.F.);
#7678 = EDGE_LOOP('',(#7679,#7700,#7701,#7702));
#7679 = ORIENTED_EDGE('',*,*,#7680,.T.);
#7680 = EDGE_CURVE('',#3513,#6907,#7681,.T.);
#7681 = SURFACE_CURVE('',#7682,(#7686,#7693),.PCURVE_S1.);
#7682 = LINE('',#7683,#7684);
#7683 = CARTESIAN_POINT('',(-2.999984384486,-367.6723311262,
    -39.85346014837));
#7684 = VECTOR('',#7685,1.);
#7685 = DIRECTION('',(1.,-4.273210745757E-14,7.418371472667E-14));
#7686 = PCURVE('',#3556,#7687);
#7687 = DEFINITIONAL_REPRESENTATION('',(#7688),#7692);
#7688 = LINE('',#7689,#7690);
#7689 = CARTESIAN_POINT('',(0.,0.));
#7690 = VECTOR('',#7691,1.);
#7691 = DIRECTION('',(2.004022243623E-26,-1.));
#7692 = ( GEOMETRIC_REPRESENTATION_CONTEXT(2) 
PARAMETRIC_REPRESENTATION_CONTEXT() REPRESENTATION_CONTEXT('2D SPACE',''
  ) );
#7693 = PCURVE('',#3528,#7694);
#7694 = DEFINITIONAL_REPRESENTATION('',(#7695),#7699);
#7695 = LINE('',#7696,#7697);
#7696 = CARTESIAN_POINT('',(1.438119868283,8.067874682953E-14));
#7697 = VECTOR('',#7698,1.);
#7698 = DIRECTION('',(1.445666494908E-26,-1.));
#7699 = ( GEOMETRIC_REPRESENTATION_CONTEXT(2) 
PARAMETRIC_REPRESENTATION_CONTEXT() REPRESENTATION_CONTEXT('2D SPACE',''
  ) );
#7700 = ORIENTED_EDGE('',*,*,#6929,.T.);
#7701 = ORIENTED_EDGE('',*,*,#7653,.F.);
#7702 = ORIENTED_EDGE('',*,*,#3540,.F.);
#7703 = ADVANCED_FACE('',(#7704),#3528,.F.);
#7704 = FACE_BOUND('',#7705,.F.);
#7705 = EDGE_LOOP('',(#7706,#7727,#7728,#7729));
#7706 = ORIENTED_EDGE('',*,*,#7707,.T.);
#7707 = EDGE_CURVE('',#3485,#6884,#7708,.T.);
#7708 = SURFACE_CURVE('',#7709,(#7713,#7720),.PCURVE_S1.);
#7709 = LINE('',#7710,#7711);
#7710 = CARTESIAN_POINT('',(-2.999984384486,-369.084036166,
    -39.57909244591));
#7711 = VECTOR('',#7712,1.);
#7712 = DIRECTION('',(1.,-4.273210745757E-14,7.418371472667E-14));
#7713 = PCURVE('',#3528,#7714);
#7714 = DEFINITIONAL_REPRESENTATION('',(#7715),#7719);
#7715 = LINE('',#7716,#7717);
#7716 = CARTESIAN_POINT('',(0.,0.));
#7717 = VECTOR('',#7718,1.);
#7718 = DIRECTION('',(1.445666494908E-26,-1.));
#7719 = ( GEOMETRIC_REPRESENTATION_CONTEXT(2) 
PARAMETRIC_REPRESENTATION_CONTEXT() REPRESENTATION_CONTEXT('2D SPACE',''
  ) );
#7720 = PCURVE('',#3500,#7721);
#7721 = DEFINITIONAL_REPRESENTATION('',(#7722),#7726);
#7722 = LINE('',#7723,#7724);
#7723 = CARTESIAN_POINT('',(1.438119868222,8.190284213119E-14));
#7724 = VECTOR('',#7725,1.);
#7725 = DIRECTION('',(-4.347254676492E-26,-1.));
#7726 = ( GEOMETRIC_REPRESENTATION_CONTEXT(2) 
PARAMETRIC_REPRESENTATION_CONTEXT() REPRESENTATION_CONTEXT('2D SPACE',''
  ) );
#7727 = ORIENTED_EDGE('',*,*,#6906,.T.);
#7728 = ORIENTED_EDGE('',*,*,#7680,.F.);
#7729 = ORIENTED_EDGE('',*,*,#3512,.F.);
#7730 = ADVANCED_FACE('',(#7731),#3500,.F.);
#7731 = FACE_BOUND('',#7732,.F.);
#7732 = EDGE_LOOP('',(#7733,#7754,#7755,#7756));
#7733 = ORIENTED_EDGE('',*,*,#7734,.T.);
#7734 = EDGE_CURVE('',#3457,#6861,#7735,.T.);
#7735 = SURFACE_CURVE('',#7736,(#7740,#7747),.PCURVE_S1.);
#7736 = LINE('',#7737,#7738);
#7737 = CARTESIAN_POINT('',(-2.999984384486,-370.4919853766,
    -39.28606040714));
#7738 = VECTOR('',#7739,1.);
#7739 = DIRECTION('',(1.,-4.273210745757E-14,7.418371472667E-14));
#7740 = PCURVE('',#3500,#7741);
#7741 = DEFINITIONAL_REPRESENTATION('',(#7742),#7746);
#7742 = LINE('',#7743,#7744);
#7743 = CARTESIAN_POINT('',(0.,0.));
#7744 = VECTOR('',#7745,1.);
#7745 = DIRECTION('',(-4.347254676492E-26,-1.));
#7746 = ( GEOMETRIC_REPRESENTATION_CONTEXT(2) 
PARAMETRIC_REPRESENTATION_CONTEXT() REPRESENTATION_CONTEXT('2D SPACE',''
  ) );
#7747 = PCURVE('',#3472,#7748);
#7748 = DEFINITIONAL_REPRESENTATION('',(#7749),#7753);
#7749 = LINE('',#7750,#7751);
#7750 = CARTESIAN_POINT('',(1.438119868228,8.311258342404E-14));
#7751 = VECTOR('',#7752,1.);
#7752 = DIRECTION('',(-5.720819284663E-27,-1.));
#7753 = ( GEOMETRIC_REPRESENTATION_CONTEXT(2) 
PARAMETRIC_REPRESENTATION_CONTEXT() REPRESENTATION_CONTEXT('2D SPACE',''
  ) );
#7754 = ORIENTED_EDGE('',*,*,#6883,.T.);
#7755 = ORIENTED_EDGE('',*,*,#7707,.F.);
#7756 = ORIENTED_EDGE('',*,*,#3484,.F.);
#7757 = ADVANCED_FACE('',(#7758),#3472,.F.);
#7758 = FACE_BOUND('',#7759,.F.);
#7759 = EDGE_LOOP('',(#7760,#7781,#7782,#7783));
#7760 = ORIENTED_EDGE('',*,*,#7761,.T.);
#7761 = EDGE_CURVE('',#3429,#6838,#7762,.T.);
#7762 = SURFACE_CURVE('',#7763,(#7767,#7774),.PCURVE_S1.);
#7763 = LINE('',#7764,#7765);
#7764 = CARTESIAN_POINT('',(-2.999984384486,-371.8959320057,
    -38.97441538788));
#7765 = VECTOR('',#7766,1.);
#7766 = DIRECTION('',(1.,-4.273210745757E-14,7.418371472667E-14));
#7767 = PCURVE('',#3472,#7768);
#7768 = DEFINITIONAL_REPRESENTATION('',(#7769),#7773);
#7769 = LINE('',#7770,#7771);
#7770 = CARTESIAN_POINT('',(0.,0.));
#7771 = VECTOR('',#7772,1.);
#7772 = DIRECTION('',(-5.720819284663E-27,-1.));
#7773 = ( GEOMETRIC_REPRESENTATION_CONTEXT(2) 
PARAMETRIC_REPRESENTATION_CONTEXT() REPRESENTATION_CONTEXT('2D SPACE',''
  ) );
#7774 = PCURVE('',#3444,#7775);
#7775 = DEFINITIONAL_REPRESENTATION('',(#7776),#7780);
#7776 = LINE('',#7777,#7778);
#7777 = CARTESIAN_POINT('',(1.43811986823,-9.157811418933E-13));
#7778 = VECTOR('',#7779,1.);
#7779 = DIRECTION('',(1.293731884562E-27,-1.));
#7780 = ( GEOMETRIC_REPRESENTATION_CONTEXT(2) 
PARAMETRIC_REPRESENTATION_CONTEXT() REPRESENTATION_CONTEXT('2D SPACE',''
  ) );
#7781 = ORIENTED_EDGE('',*,*,#6860,.T.);
#7782 = ORIENTED_EDGE('',*,*,#7734,.F.);
#7783 = ORIENTED_EDGE('',*,*,#3456,.F.);
#7784 = ADVANCED_FACE('',(#7785),#3444,.F.);
#7785 = FACE_BOUND('',#7786,.F.);
#7786 = EDGE_LOOP('',(#7787,#7808,#7809,#7810));
#7787 = ORIENTED_EDGE('',*,*,#7788,.T.);
#7788 = EDGE_CURVE('',#3401,#6815,#7789,.T.);
#7789 = SURFACE_CURVE('',#7790,(#7794,#7801),.PCURVE_S1.);
#7790 = LINE('',#7791,#7792);
#7791 = CARTESIAN_POINT('',(-2.999984384487,-373.2956300024,
    -38.64421200596));
#7792 = VECTOR('',#7793,1.);
#7793 = DIRECTION('',(1.,-4.273210745757E-14,7.418371472667E-14));
#7794 = PCURVE('',#3444,#7795);
#7795 = DEFINITIONAL_REPRESENTATION('',(#7796),#7800);
#7796 = LINE('',#7797,#7798);
#7797 = CARTESIAN_POINT('',(0.,0.));
#7798 = VECTOR('',#7799,1.);
#7799 = DIRECTION('',(1.293731884562E-27,-1.));
#7800 = ( GEOMETRIC_REPRESENTATION_CONTEXT(2) 
PARAMETRIC_REPRESENTATION_CONTEXT() REPRESENTATION_CONTEXT('2D SPACE',''
  ) );
#7801 = PCURVE('',#3416,#7802);
#7802 = DEFINITIONAL_REPRESENTATION('',(#7803),#7807);
#7803 = LINE('',#7804,#7805);
#7804 = CARTESIAN_POINT('',(1.438119868322,8.548815846942E-14));
#7805 = VECTOR('',#7806,1.);
#7806 = DIRECTION('',(-2.076597446904E-26,-1.));
#7807 = ( GEOMETRIC_REPRESENTATION_CONTEXT(2) 
PARAMETRIC_REPRESENTATION_CONTEXT() REPRESENTATION_CONTEXT('2D SPACE',''
  ) );
#7808 = ORIENTED_EDGE('',*,*,#6837,.T.);
#7809 = ORIENTED_EDGE('',*,*,#7761,.F.);
#7810 = ORIENTED_EDGE('',*,*,#3428,.F.);
#7811 = ADVANCED_FACE('',(#7812),#3416,.F.);
#7812 = FACE_BOUND('',#7813,.F.);
#7813 = EDGE_LOOP('',(#7814,#7835,#7836,#7837));
#7814 = ORIENTED_EDGE('',*,*,#7815,.T.);
#7815 = EDGE_CURVE('',#3373,#6792,#7816,.T.);
#7816 = SURFACE_CURVE('',#7817,(#7821,#7828),.PCURVE_S1.);
#7817 = LINE('',#7818,#7819);
#7818 = CARTESIAN_POINT('',(-2.999984384487,-374.6908340605,
    -38.2955081317));
#7819 = VECTOR('',#7820,1.);
#7820 = DIRECTION('',(1.,-4.273210745757E-14,7.418371472667E-14));
#7821 = PCURVE('',#3416,#7822);
#7822 = DEFINITIONAL_REPRESENTATION('',(#7823),#7827);
#7823 = LINE('',#7824,#7825);
#7824 = CARTESIAN_POINT('',(0.,0.));
#7825 = VECTOR('',#7826,1.);
#7826 = DIRECTION('',(-2.076597446904E-26,-1.));
#7827 = ( GEOMETRIC_REPRESENTATION_CONTEXT(2) 
PARAMETRIC_REPRESENTATION_CONTEXT() REPRESENTATION_CONTEXT('2D SPACE',''
  ) );
#7828 = PCURVE('',#3388,#7829);
#7829 = DEFINITIONAL_REPRESENTATION('',(#7830),#7834);
#7830 = LINE('',#7831,#7832);
#7831 = CARTESIAN_POINT('',(1.438119868221,8.665357587544E-14));
#7832 = VECTOR('',#7833,1.);
#7833 = DIRECTION('',(2.534452316294E-26,-1.));
#7834 = ( GEOMETRIC_REPRESENTATION_CONTEXT(2) 
PARAMETRIC_REPRESENTATION_CONTEXT() REPRESENTATION_CONTEXT('2D SPACE',''
  ) );
#7835 = ORIENTED_EDGE('',*,*,#6814,.T.);
#7836 = ORIENTED_EDGE('',*,*,#7788,.F.);
#7837 = ORIENTED_EDGE('',*,*,#3400,.F.);
#7838 = ADVANCED_FACE('',(#7839),#3388,.F.);
#7839 = FACE_BOUND('',#7840,.F.);
#7840 = EDGE_LOOP('',(#7841,#7862,#7863,#7864));
#7841 = ORIENTED_EDGE('',*,*,#7842,.T.);
#7842 = EDGE_CURVE('',#3345,#6769,#7843,.T.);
#7843 = SURFACE_CURVE('',#7844,(#7848,#7855),.PCURVE_S1.);
#7844 = LINE('',#7845,#7846);
#7845 = CARTESIAN_POINT('',(-2.999984384487,-376.0812996611,
    -37.92836487775));
#7846 = VECTOR('',#7847,1.);
#7847 = DIRECTION('',(1.,-4.273210745757E-14,7.418371472667E-14));
#7848 = PCURVE('',#3388,#7849);
#7849 = DEFINITIONAL_REPRESENTATION('',(#7850),#7854);
#7850 = LINE('',#7851,#7852);
#7851 = CARTESIAN_POINT('',(0.,0.));
#7852 = VECTOR('',#7853,1.);
#7853 = DIRECTION('',(2.534452316294E-26,-1.));
#7854 = ( GEOMETRIC_REPRESENTATION_CONTEXT(2) 
PARAMETRIC_REPRESENTATION_CONTEXT() REPRESENTATION_CONTEXT('2D SPACE',''
  ) );
#7855 = PCURVE('',#3360,#7856);
#7856 = DEFINITIONAL_REPRESENTATION('',(#7857),#7861);
#7857 = LINE('',#7858,#7859);
#7858 = CARTESIAN_POINT('',(1.438119868272,8.780380668051E-14));
#7859 = VECTOR('',#7860,1.);
#7860 = DIRECTION('',(4.013724285765E-27,-1.));
#7861 = ( GEOMETRIC_REPRESENTATION_CONTEXT(2) 
PARAMETRIC_REPRESENTATION_CONTEXT() REPRESENTATION_CONTEXT('2D SPACE',''
  ) );
#7862 = ORIENTED_EDGE('',*,*,#6791,.T.);
#7863 = ORIENTED_EDGE('',*,*,#7815,.F.);
#7864 = ORIENTED_EDGE('',*,*,#3372,.F.);
#7865 = ADVANCED_FACE('',(#7866),#3360,.F.);
#7866 = FACE_BOUND('',#7867,.F.);
#7867 = EDGE_LOOP('',(#7868,#7889,#7890,#7891));
#7868 = ORIENTED_EDGE('',*,*,#7869,.T.);
#7869 = EDGE_CURVE('',#3317,#6746,#7870,.T.);
#7870 = SURFACE_CURVE('',#7871,(#7875,#7882),.PCURVE_S1.);
#7871 = LINE('',#7872,#7873);
#7872 = CARTESIAN_POINT('',(-2.999984384487,-377.4667831161,
    -37.54284658838));
#7873 = VECTOR('',#7874,1.);
#7874 = DIRECTION('',(1.,-4.273210745757E-14,7.418371472667E-14));
#7875 = PCURVE('',#3360,#7876);
#7876 = DEFINITIONAL_REPRESENTATION('',(#7877),#7881);
#7877 = LINE('',#7878,#7879);
#7878 = CARTESIAN_POINT('',(0.,0.));
#7879 = VECTOR('',#7880,1.);
#7880 = DIRECTION('',(4.013724285765E-27,-1.));
#7881 = ( GEOMETRIC_REPRESENTATION_CONTEXT(2) 
PARAMETRIC_REPRESENTATION_CONTEXT() REPRESENTATION_CONTEXT('2D SPACE',''
  ) );
#7882 = PCURVE('',#3332,#7883);
#7883 = DEFINITIONAL_REPRESENTATION('',(#7884),#7888);
#7884 = LINE('',#7885,#7886);
#7885 = CARTESIAN_POINT('',(1.438119868224,8.89386492842E-14));
#7886 = VECTOR('',#7887,1.);
#7887 = DIRECTION('',(-2.040625389626E-26,-1.));
#7888 = ( GEOMETRIC_REPRESENTATION_CONTEXT(2) 
PARAMETRIC_REPRESENTATION_CONTEXT() REPRESENTATION_CONTEXT('2D SPACE',''
  ) );
#7889 = ORIENTED_EDGE('',*,*,#6768,.T.);
#7890 = ORIENTED_EDGE('',*,*,#7842,.F.);
#7891 = ORIENTED_EDGE('',*,*,#3344,.F.);
#7892 = ADVANCED_FACE('',(#7893),#3332,.F.);
#7893 = FACE_BOUND('',#7894,.F.);
#7894 = EDGE_LOOP('',(#7895,#7916,#7917,#7918));
#7895 = ORIENTED_EDGE('',*,*,#7896,.T.);
#7896 = EDGE_CURVE('',#3289,#6723,#7897,.T.);
#7897 = SURFACE_CURVE('',#7898,(#7902,#7909),.PCURVE_S1.);
#7898 = LINE('',#7899,#7900);
#7899 = CARTESIAN_POINT('',(-2.999984384487,-378.8470416103,
    -37.13902082822));
#7900 = VECTOR('',#7901,1.);
#7901 = DIRECTION('',(1.,-4.273210745757E-14,7.418371472667E-14));
#7902 = PCURVE('',#3332,#7903);
#7903 = DEFINITIONAL_REPRESENTATION('',(#7904),#7908);
#7904 = LINE('',#7905,#7906);
#7905 = CARTESIAN_POINT('',(0.,0.));
#7906 = VECTOR('',#7907,1.);
#7907 = DIRECTION('',(-2.040625389626E-26,-1.));
#7908 = ( GEOMETRIC_REPRESENTATION_CONTEXT(2) 
PARAMETRIC_REPRESENTATION_CONTEXT() REPRESENTATION_CONTEXT('2D SPACE',''
  ) );
#7909 = PCURVE('',#3304,#7910);
#7910 = DEFINITIONAL_REPRESENTATION('',(#7911),#7915);
#7911 = LINE('',#7912,#7913);
#7912 = CARTESIAN_POINT('',(1.438119868269,9.005790480954E-14));
#7913 = VECTOR('',#7914,1.);
#7914 = DIRECTION('',(-2.960752749476E-26,-1.));
#7915 = ( GEOMETRIC_REPRESENTATION_CONTEXT(2) 
PARAMETRIC_REPRESENTATION_CONTEXT() REPRESENTATION_CONTEXT('2D SPACE',''
  ) );
#7916 = ORIENTED_EDGE('',*,*,#6745,.T.);
#7917 = ORIENTED_EDGE('',*,*,#7869,.F.);
#7918 = ORIENTED_EDGE('',*,*,#3316,.F.);
#7919 = ADVANCED_FACE('',(#7920),#3304,.F.);
#7920 = FACE_BOUND('',#7921,.F.);
#7921 = EDGE_LOOP('',(#7922,#7943,#7944,#7945));
#7922 = ORIENTED_EDGE('',*,*,#7923,.T.);
#7923 = EDGE_CURVE('',#3261,#6700,#7924,.T.);
#7924 = SURFACE_CURVE('',#7925,(#7929,#7936),.PCURVE_S1.);
#7925 = LINE('',#7926,#7927);
#7926 = CARTESIAN_POINT('',(-2.999984384487,-380.2218332444,
    -36.71695837038));
#7927 = VECTOR('',#7928,1.);
#7928 = DIRECTION('',(1.,-4.273210745757E-14,7.418371472667E-14));
#7929 = PCURVE('',#3304,#7930);
#7930 = DEFINITIONAL_REPRESENTATION('',(#7931),#7935);
#7931 = LINE('',#7932,#7933);
#7932 = CARTESIAN_POINT('',(0.,0.));
#7933 = VECTOR('',#7934,1.);
#7934 = DIRECTION('',(-2.960752749476E-26,-1.));
#7935 = ( GEOMETRIC_REPRESENTATION_CONTEXT(2) 
PARAMETRIC_REPRESENTATION_CONTEXT() REPRESENTATION_CONTEXT('2D SPACE',''
  ) );
#7936 = PCURVE('',#3276,#7937);
#7937 = DEFINITIONAL_REPRESENTATION('',(#7938),#7942);
#7938 = LINE('',#7939,#7940);
#7939 = CARTESIAN_POINT('',(1.438119868204,9.116137708694E-14));
#7940 = VECTOR('',#7941,1.);
#7941 = DIRECTION('',(-1.942175548654E-26,-1.));
#7942 = ( GEOMETRIC_REPRESENTATION_CONTEXT(2) 
PARAMETRIC_REPRESENTATION_CONTEXT() REPRESENTATION_CONTEXT('2D SPACE',''
  ) );
#7943 = ORIENTED_EDGE('',*,*,#6722,.T.);
#7944 = ORIENTED_EDGE('',*,*,#7896,.F.);
#7945 = ORIENTED_EDGE('',*,*,#3288,.F.);
#7946 = ADVANCED_FACE('',(#7947),#3276,.F.);
#7947 = FACE_BOUND('',#7948,.F.);
#7948 = EDGE_LOOP('',(#7949,#7970,#7971,#7972));
#7949 = ORIENTED_EDGE('',*,*,#7950,.T.);
#7950 = EDGE_CURVE('',#3233,#6677,#7951,.T.);
#7951 = SURFACE_CURVE('',#7952,(#7956,#7963),.PCURVE_S1.);
#7952 = LINE('',#7953,#7954);
#7953 = CARTESIAN_POINT('',(-2.999984384487,-381.590917077,
    -36.2767331841));
#7954 = VECTOR('',#7955,1.);
#7955 = DIRECTION('',(1.,-4.273210745757E-14,7.418371472667E-14));
#7956 = PCURVE('',#3276,#7957);
#7957 = DEFINITIONAL_REPRESENTATION('',(#7958),#7962);
#7958 = LINE('',#7959,#7960);
#7959 = CARTESIAN_POINT('',(0.,0.));
#7960 = VECTOR('',#7961,1.);
#7961 = DIRECTION('',(-1.942175548654E-26,-1.));
#7962 = ( GEOMETRIC_REPRESENTATION_CONTEXT(2) 
PARAMETRIC_REPRESENTATION_CONTEXT() REPRESENTATION_CONTEXT('2D SPACE',''
  ) );
#7963 = PCURVE('',#3248,#7964);
#7964 = DEFINITIONAL_REPRESENTATION('',(#7965),#7969);
#7965 = LINE('',#7966,#7967);
#7966 = CARTESIAN_POINT('',(1.438119868294,9.224887274251E-14));
#7967 = VECTOR('',#7968,1.);
#7968 = DIRECTION('',(-2.083223878508E-26,-1.));
#7969 = ( GEOMETRIC_REPRESENTATION_CONTEXT(2) 
PARAMETRIC_REPRESENTATION_CONTEXT() REPRESENTATION_CONTEXT('2D SPACE',''
  ) );
#7970 = ORIENTED_EDGE('',*,*,#6699,.T.);
#7971 = ORIENTED_EDGE('',*,*,#7923,.F.);
#7972 = ORIENTED_EDGE('',*,*,#3260,.F.);
#7973 = ADVANCED_FACE('',(#7974),#3248,.F.);
#7974 = FACE_BOUND('',#7975,.F.);
#7975 = EDGE_LOOP('',(#7976,#7997,#7998,#7999));
#7976 = ORIENTED_EDGE('',*,*,#7977,.T.);
#7977 = EDGE_CURVE('',#3205,#6654,#7978,.T.);
#7978 = SURFACE_CURVE('',#7979,(#7983,#7990),.PCURVE_S1.);
#7979 = LINE('',#7980,#7981);
#7980 = CARTESIAN_POINT('',(-2.999984384487,-382.9540531673,
    -35.81842242173));
#7981 = VECTOR('',#7982,1.);
#7982 = DIRECTION('',(1.,-4.273210745757E-14,7.418371472667E-14));
#7983 = PCURVE('',#3248,#7984);
#7984 = DEFINITIONAL_REPRESENTATION('',(#7985),#7989);
#7985 = LINE('',#7986,#7987);
#7986 = CARTESIAN_POINT('',(0.,0.));
#7987 = VECTOR('',#7988,1.);
#7988 = DIRECTION('',(-2.083223878508E-26,-1.));
#7989 = ( GEOMETRIC_REPRESENTATION_CONTEXT(2) 
PARAMETRIC_REPRESENTATION_CONTEXT() REPRESENTATION_CONTEXT('2D SPACE',''
  ) );
#7990 = PCURVE('',#3220,#7991);
#7991 = DEFINITIONAL_REPRESENTATION('',(#7992),#7996);
#7992 = LINE('',#7993,#7994);
#7993 = CARTESIAN_POINT('',(1.438119868172,9.33202011618E-14));
#7994 = VECTOR('',#7995,1.);
#7995 = DIRECTION('',(4.477890042397E-26,-1.));
#7996 = ( GEOMETRIC_REPRESENTATION_CONTEXT(2) 
PARAMETRIC_REPRESENTATION_CONTEXT() REPRESENTATION_CONTEXT('2D SPACE',''
  ) );
#7997 = ORIENTED_EDGE('',*,*,#6676,.T.);
#7998 = ORIENTED_EDGE('',*,*,#7950,.F.);
#7999 = ORIENTED_EDGE('',*,*,#3232,.F.);
#8000 = ADVANCED_FACE('',(#8001),#3220,.F.);
#8001 = FACE_BOUND('',#8002,.F.);
#8002 = EDGE_LOOP('',(#8003,#8024,#8025,#8026));
#8003 = ORIENTED_EDGE('',*,*,#8004,.T.);
#8004 = EDGE_CURVE('',#3177,#6631,#8005,.T.);
#8005 = SURFACE_CURVE('',#8006,(#8010,#8017),.PCURVE_S1.);
#8006 = LINE('',#8007,#8008);
#8007 = CARTESIAN_POINT('',(-2.999984384487,-384.3110026165,
    -35.34210640526));
#8008 = VECTOR('',#8009,1.);
#8009 = DIRECTION('',(1.,-4.273210745757E-14,7.418371472667E-14));
#8010 = PCURVE('',#3220,#8011);
#8011 = DEFINITIONAL_REPRESENTATION('',(#8012),#8016);
#8012 = LINE('',#8013,#8014);
#8013 = CARTESIAN_POINT('',(0.,0.));
#8014 = VECTOR('',#8015,1.);
#8015 = DIRECTION('',(4.477890042397E-26,-1.));
#8016 = ( GEOMETRIC_REPRESENTATION_CONTEXT(2) 
PARAMETRIC_REPRESENTATION_CONTEXT() REPRESENTATION_CONTEXT('2D SPACE',''
  ) );
#8017 = PCURVE('',#3192,#8018);
#8018 = DEFINITIONAL_REPRESENTATION('',(#8019),#8023);
#8019 = LINE('',#8020,#8021);
#8020 = CARTESIAN_POINT('',(1.438119868265,9.437517461505E-14));
#8021 = VECTOR('',#8022,1.);
#8022 = DIRECTION('',(-1.95669058931E-26,-1.));
#8023 = ( GEOMETRIC_REPRESENTATION_CONTEXT(2) 
PARAMETRIC_REPRESENTATION_CONTEXT() REPRESENTATION_CONTEXT('2D SPACE',''
  ) );
#8024 = ORIENTED_EDGE('',*,*,#6653,.T.);
#8025 = ORIENTED_EDGE('',*,*,#7977,.F.);
#8026 = ORIENTED_EDGE('',*,*,#3204,.F.);
#8027 = ADVANCED_FACE('',(#8028),#3192,.F.);
#8028 = FACE_BOUND('',#8029,.F.);
#8029 = EDGE_LOOP('',(#8030,#8051,#8052,#8053));
#8030 = ORIENTED_EDGE('',*,*,#8031,.T.);
#8031 = EDGE_CURVE('',#3149,#6608,#8032,.T.);
#8032 = SURFACE_CURVE('',#8033,(#8037,#8044),.PCURVE_S1.);
#8033 = LINE('',#8034,#8035);
#8034 = CARTESIAN_POINT('',(-2.999984384487,-385.6615276105,
    -34.84786861221));
#8035 = VECTOR('',#8036,1.);
#8036 = DIRECTION('',(1.,-4.273210745757E-14,7.418371472667E-14));
#8037 = PCURVE('',#3192,#8038);
#8038 = DEFINITIONAL_REPRESENTATION('',(#8039),#8043);
#8039 = LINE('',#8040,#8041);
#8040 = CARTESIAN_POINT('',(0.,0.));
#8041 = VECTOR('',#8042,1.);
#8042 = DIRECTION('',(-1.95669058931E-26,-1.));
#8043 = ( GEOMETRIC_REPRESENTATION_CONTEXT(2) 
PARAMETRIC_REPRESENTATION_CONTEXT() REPRESENTATION_CONTEXT('2D SPACE',''
  ) );
#8044 = PCURVE('',#3164,#8045);
#8045 = DEFINITIONAL_REPRESENTATION('',(#8046),#8050);
#8046 = LINE('',#8047,#8048);
#8047 = CARTESIAN_POINT('',(1.438119868267,9.541360819159E-14));
#8048 = VECTOR('',#8049,1.);
#8049 = DIRECTION('',(4.274995017574E-26,-1.));
#8050 = ( GEOMETRIC_REPRESENTATION_CONTEXT(2) 
PARAMETRIC_REPRESENTATION_CONTEXT() REPRESENTATION_CONTEXT('2D SPACE',''
  ) );
#8051 = ORIENTED_EDGE('',*,*,#6630,.T.);
#8052 = ORIENTED_EDGE('',*,*,#8004,.F.);
#8053 = ORIENTED_EDGE('',*,*,#3176,.F.);
#8054 = ADVANCED_FACE('',(#8055),#3164,.F.);
#8055 = FACE_BOUND('',#8056,.F.);
#8056 = EDGE_LOOP('',(#8057,#8078,#8079,#8080));
#8057 = ORIENTED_EDGE('',*,*,#8058,.T.);
#8058 = EDGE_CURVE('',#3121,#6585,#8059,.T.);
#8059 = SURFACE_CURVE('',#8060,(#8064,#8071),.PCURVE_S1.);
#8060 = LINE('',#8061,#8062);
#8061 = CARTESIAN_POINT('',(-2.999984384487,-387.0053914608,
    -34.335795661));
#8062 = VECTOR('',#8063,1.);
#8063 = DIRECTION('',(1.,-4.273210745757E-14,7.418371472667E-14));
#8064 = PCURVE('',#3164,#8065);
#8065 = DEFINITIONAL_REPRESENTATION('',(#8066),#8070);
#8066 = LINE('',#8067,#8068);
#8067 = CARTESIAN_POINT('',(0.,0.));
#8068 = VECTOR('',#8069,1.);
#8069 = DIRECTION('',(4.274995017574E-26,-1.));
#8070 = ( GEOMETRIC_REPRESENTATION_CONTEXT(2) 
PARAMETRIC_REPRESENTATION_CONTEXT() REPRESENTATION_CONTEXT('2D SPACE',''
  ) );
#8071 = PCURVE('',#3136,#8072);
#8072 = DEFINITIONAL_REPRESENTATION('',(#8073),#8077);
#8073 = LINE('',#8074,#8075);
#8074 = CARTESIAN_POINT('',(1.43811986826,-9.036535806782E-13));
#8075 = VECTOR('',#8076,1.);
#8076 = DIRECTION('',(-7.560442915638E-27,-1.));
#8077 = ( GEOMETRIC_REPRESENTATION_CONTEXT(2) 
PARAMETRIC_REPRESENTATION_CONTEXT() REPRESENTATION_CONTEXT('2D SPACE',''
  ) );
#8078 = ORIENTED_EDGE('',*,*,#6607,.T.);
#8079 = ORIENTED_EDGE('',*,*,#8031,.F.);
#8080 = ORIENTED_EDGE('',*,*,#3148,.F.);
#8081 = ADVANCED_FACE('',(#8082),#3136,.F.);
#8082 = FACE_BOUND('',#8083,.F.);
#8083 = EDGE_LOOP('',(#8084,#8105,#8106,#8107));
#8084 = ORIENTED_EDGE('',*,*,#8085,.T.);
#8085 = EDGE_CURVE('',#3093,#6562,#8086,.T.);
#8086 = SURFACE_CURVE('',#8087,(#8091,#8098),.PCURVE_S1.);
#8087 = LINE('',#8088,#8089);
#8088 = CARTESIAN_POINT('',(-2.999984384488,-388.3423586464,
    -33.80597729579));
#8089 = VECTOR('',#8090,1.);
#8090 = DIRECTION('',(1.,-4.273210745757E-14,7.418371472667E-14));
#8091 = PCURVE('',#3136,#8092);
#8092 = DEFINITIONAL_REPRESENTATION('',(#8093),#8097);
#8093 = LINE('',#8094,#8095);
#8094 = CARTESIAN_POINT('',(0.,0.));
#8095 = VECTOR('',#8096,1.);
#8096 = DIRECTION('',(-7.560442915638E-27,-1.));
#8097 = ( GEOMETRIC_REPRESENTATION_CONTEXT(2) 
PARAMETRIC_REPRESENTATION_CONTEXT() REPRESENTATION_CONTEXT('2D SPACE',''
  ) );
#8098 = PCURVE('',#3108,#8099);
#8099 = DEFINITIONAL_REPRESENTATION('',(#8100),#8104);
#8100 = LINE('',#8101,#8102);
#8101 = CARTESIAN_POINT('',(1.438119868254,9.744013069171E-14));
#8102 = VECTOR('',#8103,1.);
#8103 = DIRECTION('',(-9.090833071767E-27,-1.));
#8104 = ( GEOMETRIC_REPRESENTATION_CONTEXT(2) 
PARAMETRIC_REPRESENTATION_CONTEXT() REPRESENTATION_CONTEXT('2D SPACE',''
  ) );
#8105 = ORIENTED_EDGE('',*,*,#6584,.T.);
#8106 = ORIENTED_EDGE('',*,*,#8058,.F.);
#8107 = ORIENTED_EDGE('',*,*,#3120,.F.);
#8108 = ADVANCED_FACE('',(#8109),#3108,.F.);
#8109 = FACE_BOUND('',#8110,.F.);
#8110 = EDGE_LOOP('',(#8111,#8132,#8133,#8134));
#8111 = ORIENTED_EDGE('',*,*,#8112,.T.);
#8112 = EDGE_CURVE('',#3065,#6539,#8113,.T.);
#8113 = SURFACE_CURVE('',#8114,(#8118,#8125),.PCURVE_S1.);
#8114 = LINE('',#8115,#8116);
#8115 = CARTESIAN_POINT('',(-2.999984384488,-389.672194855,
    -33.25850637075));
#8116 = VECTOR('',#8117,1.);
#8117 = DIRECTION('',(1.,-4.273210745757E-14,7.418371472667E-14));
#8118 = PCURVE('',#3108,#8119);
#8119 = DEFINITIONAL_REPRESENTATION('',(#8120),#8124);
#8120 = LINE('',#8121,#8122);
#8121 = CARTESIAN_POINT('',(0.,0.));
#8122 = VECTOR('',#8123,1.);
#8123 = DIRECTION('',(-9.090833071767E-27,-1.));
#8124 = ( GEOMETRIC_REPRESENTATION_CONTEXT(2) 
PARAMETRIC_REPRESENTATION_CONTEXT() REPRESENTATION_CONTEXT('2D SPACE',''
  ) );
#8125 = PCURVE('',#3080,#8126);
#8126 = DEFINITIONAL_REPRESENTATION('',(#8127),#8131);
#8127 = LINE('',#8128,#8129);
#8128 = CARTESIAN_POINT('',(1.438119868213,9.842786445218E-14));
#8129 = VECTOR('',#8130,1.);
#8130 = DIRECTION('',(-2.847472323486E-26,-1.));
#8131 = ( GEOMETRIC_REPRESENTATION_CONTEXT(2) 
PARAMETRIC_REPRESENTATION_CONTEXT() REPRESENTATION_CONTEXT('2D SPACE',''
  ) );
#8132 = ORIENTED_EDGE('',*,*,#6561,.T.);
#8133 = ORIENTED_EDGE('',*,*,#8085,.F.);
#8134 = ORIENTED_EDGE('',*,*,#3092,.F.);
#8135 = ADVANCED_FACE('',(#8136),#3080,.F.);
#8136 = FACE_BOUND('',#8137,.F.);
#8137 = EDGE_LOOP('',(#8138,#8159,#8160,#8161));
#8138 = ORIENTED_EDGE('',*,*,#8139,.T.);
#8139 = EDGE_CURVE('',#3037,#6516,#8140,.T.);
#8140 = SURFACE_CURVE('',#8141,(#8145,#8152),.PCURVE_S1.);
#8141 = LINE('',#8142,#8143);
#8142 = CARTESIAN_POINT('',(-2.999984384488,-390.994667024,
    -32.69347883375));
#8143 = VECTOR('',#8144,1.);
#8144 = DIRECTION('',(1.,-4.273210745757E-14,7.418371472667E-14));
#8145 = PCURVE('',#3080,#8146);
#8146 = DEFINITIONAL_REPRESENTATION('',(#8147),#8151);
#8147 = LINE('',#8148,#8149);
#8148 = CARTESIAN_POINT('',(0.,0.));
#8149 = VECTOR('',#8150,1.);
#8150 = DIRECTION('',(-2.847472323486E-26,-1.));
#8151 = ( GEOMETRIC_REPRESENTATION_CONTEXT(2) 
PARAMETRIC_REPRESENTATION_CONTEXT() REPRESENTATION_CONTEXT('2D SPACE',''
  ) );
#8152 = PCURVE('',#3052,#8153);
#8153 = DEFINITIONAL_REPRESENTATION('',(#8154),#8158);
#8154 = LINE('',#8155,#8156);
#8155 = CARTESIAN_POINT('',(1.438119868224,9.939834808472E-14));
#8156 = VECTOR('',#8157,1.);
#8157 = DIRECTION('',(4.140573119324E-26,-1.));
#8158 = ( GEOMETRIC_REPRESENTATION_CONTEXT(2) 
PARAMETRIC_REPRESENTATION_CONTEXT() REPRESENTATION_CONTEXT('2D SPACE',''
  ) );
#8159 = ORIENTED_EDGE('',*,*,#6538,.T.);
#8160 = ORIENTED_EDGE('',*,*,#8112,.F.);
#8161 = ORIENTED_EDGE('',*,*,#3064,.F.);
#8162 = ADVANCED_FACE('',(#8163),#3052,.F.);
#8163 = FACE_BOUND('',#8164,.F.);
#8164 = EDGE_LOOP('',(#8165,#8186,#8187,#8188));
#8165 = ORIENTED_EDGE('',*,*,#8166,.T.);
#8166 = EDGE_CURVE('',#3009,#6493,#8167,.T.);
#8167 = SURFACE_CURVE('',#8168,(#8172,#8179),.PCURVE_S1.);
#8168 = LINE('',#8169,#8170);
#8169 = CARTESIAN_POINT('',(-2.999984384488,-392.3095433815,
    -32.11099370959));
#8170 = VECTOR('',#8171,1.);
#8171 = DIRECTION('',(1.,-4.273210745757E-14,7.418371472667E-14));
#8172 = PCURVE('',#3052,#8173);
#8173 = DEFINITIONAL_REPRESENTATION('',(#8174),#8178);
#8174 = LINE('',#8175,#8176);
#8175 = CARTESIAN_POINT('',(0.,0.));
#8176 = VECTOR('',#8177,1.);
#8177 = DIRECTION('',(4.140573119324E-26,-1.));
#8178 = ( GEOMETRIC_REPRESENTATION_CONTEXT(2) 
PARAMETRIC_REPRESENTATION_CONTEXT() REPRESENTATION_CONTEXT('2D SPACE',''
  ) );
#8179 = PCURVE('',#3024,#8180);
#8180 = DEFINITIONAL_REPRESENTATION('',(#8181),#8185);
#8181 = LINE('',#8182,#8183);
#8182 = CARTESIAN_POINT('',(1.438119868271,1.003514115045E-13));
#8183 = VECTOR('',#8184,1.);
#8184 = DIRECTION('',(-5.069535721312E-26,-1.));
#8185 = ( GEOMETRIC_REPRESENTATION_CONTEXT(2) 
PARAMETRIC_REPRESENTATION_CONTEXT() REPRESENTATION_CONTEXT('2D SPACE',''
  ) );
#8186 = ORIENTED_EDGE('',*,*,#6515,.T.);
#8187 = ORIENTED_EDGE('',*,*,#8139,.F.);
#8188 = ORIENTED_EDGE('',*,*,#3036,.F.);
#8189 = ADVANCED_FACE('',(#8190),#3024,.F.);
#8190 = FACE_BOUND('',#8191,.F.);
#8191 = EDGE_LOOP('',(#8192,#8213,#8214,#8215));
#8192 = ORIENTED_EDGE('',*,*,#8193,.T.);
#8193 = EDGE_CURVE('',#2981,#6470,#8194,.T.);
#8194 = SURFACE_CURVE('',#8195,(#8199,#8206),.PCURVE_S1.);
#8195 = LINE('',#8196,#8197);
#8196 = CARTESIAN_POINT('',(-2.999984384488,-393.6165934868,
    -31.51115308263));
#8197 = VECTOR('',#8198,1.);
#8198 = DIRECTION('',(1.,-4.273210745757E-14,7.418371472667E-14));
#8199 = PCURVE('',#3024,#8200);
#8200 = DEFINITIONAL_REPRESENTATION('',(#8201),#8205);
#8201 = LINE('',#8202,#8203);
#8202 = CARTESIAN_POINT('',(0.,0.));
#8203 = VECTOR('',#8204,1.);
#8204 = DIRECTION('',(-5.069535721312E-26,-1.));
#8205 = ( GEOMETRIC_REPRESENTATION_CONTEXT(2) 
PARAMETRIC_REPRESENTATION_CONTEXT() REPRESENTATION_CONTEXT('2D SPACE',''
  ) );
#8206 = PCURVE('',#2996,#8207);
#8207 = DEFINITIONAL_REPRESENTATION('',(#8208),#8212);
#8208 = LINE('',#8209,#8210);
#8209 = CARTESIAN_POINT('',(1.438119868264,1.012868876747E-13));
#8210 = VECTOR('',#8211,1.);
#8211 = DIRECTION('',(1.62126693241E-26,-1.));
#8212 = ( GEOMETRIC_REPRESENTATION_CONTEXT(2) 
PARAMETRIC_REPRESENTATION_CONTEXT() REPRESENTATION_CONTEXT('2D SPACE',''
  ) );
#8213 = ORIENTED_EDGE('',*,*,#6492,.T.);
#8214 = ORIENTED_EDGE('',*,*,#8166,.F.);
#8215 = ORIENTED_EDGE('',*,*,#3008,.F.);
#8216 = ADVANCED_FACE('',(#8217),#2996,.F.);
#8217 = FACE_BOUND('',#8218,.F.);
#8218 = EDGE_LOOP('',(#8219,#8240,#8241,#8242));
#8219 = ORIENTED_EDGE('',*,*,#8220,.T.);
#8220 = EDGE_CURVE('',#2953,#6447,#8221,.T.);
#8221 = SURFACE_CURVE('',#8222,(#8226,#8233),.PCURVE_S1.);
#8222 = LINE('',#8223,#8224);
#8223 = CARTESIAN_POINT('',(-2.999984384488,-394.9155882707,
    -30.89406207889));
#8224 = VECTOR('',#8225,1.);
#8225 = DIRECTION('',(1.,-4.273210745757E-14,7.418371472667E-14));
#8226 = PCURVE('',#2996,#8227);
#8227 = DEFINITIONAL_REPRESENTATION('',(#8228),#8232);
#8228 = LINE('',#8229,#8230);
#8229 = CARTESIAN_POINT('',(0.,0.));
#8230 = VECTOR('',#8231,1.);
#8231 = DIRECTION('',(1.62126693241E-26,-1.));
#8232 = ( GEOMETRIC_REPRESENTATION_CONTEXT(2) 
PARAMETRIC_REPRESENTATION_CONTEXT() REPRESENTATION_CONTEXT('2D SPACE',''
  ) );
#8233 = PCURVE('',#2968,#8234);
#8234 = DEFINITIONAL_REPRESENTATION('',(#8235),#8239);
#8235 = LINE('',#8236,#8237);
#8236 = CARTESIAN_POINT('',(1.438119868251,1.022046126503E-13));
#8237 = VECTOR('',#8238,1.);
#8238 = DIRECTION('',(2.519937275638E-26,-1.));
#8239 = ( GEOMETRIC_REPRESENTATION_CONTEXT(2) 
PARAMETRIC_REPRESENTATION_CONTEXT() REPRESENTATION_CONTEXT('2D SPACE',''
  ) );
#8240 = ORIENTED_EDGE('',*,*,#6469,.T.);
#8241 = ORIENTED_EDGE('',*,*,#8193,.F.);
#8242 = ORIENTED_EDGE('',*,*,#2980,.F.);
#8243 = ADVANCED_FACE('',(#8244),#2968,.F.);
#8244 = FACE_BOUND('',#8245,.F.);
#8245 = EDGE_LOOP('',(#8246,#8267,#8268,#8269));
#8246 = ORIENTED_EDGE('',*,*,#8247,.T.);
#8247 = EDGE_CURVE('',#2925,#6424,#8248,.T.);
#8248 = SURFACE_CURVE('',#8249,(#8253,#8260),.PCURVE_S1.);
#8249 = LINE('',#8250,#8251);
#8250 = CARTESIAN_POINT('',(-2.999984384488,-396.2063000758,
    -30.25982884763));
#8251 = VECTOR('',#8252,1.);
#8252 = DIRECTION('',(1.,-4.273210745757E-14,7.418371472667E-14));
#8253 = PCURVE('',#2968,#8254);
#8254 = DEFINITIONAL_REPRESENTATION('',(#8255),#8259);
#8255 = LINE('',#8256,#8257);
#8256 = CARTESIAN_POINT('',(0.,0.));
#8257 = VECTOR('',#8258,1.);
#8258 = DIRECTION('',(2.519937275638E-26,-1.));
#8259 = ( GEOMETRIC_REPRESENTATION_CONTEXT(2) 
PARAMETRIC_REPRESENTATION_CONTEXT() REPRESENTATION_CONTEXT('2D SPACE',''
  ) );
#8260 = PCURVE('',#2940,#8261);
#8261 = DEFINITIONAL_REPRESENTATION('',(#8262),#8266);
#8262 = LINE('',#8263,#8264);
#8263 = CARTESIAN_POINT('',(1.438119868186,1.031044255906E-13));
#8264 = VECTOR('',#8265,1.);
#8265 = DIRECTION('',(1.539856486991E-26,-1.));
#8266 = ( GEOMETRIC_REPRESENTATION_CONTEXT(2) 
PARAMETRIC_REPRESENTATION_CONTEXT() REPRESENTATION_CONTEXT('2D SPACE',''
  ) );
#8267 = ORIENTED_EDGE('',*,*,#6446,.T.);
#8268 = ORIENTED_EDGE('',*,*,#8220,.F.);
#8269 = ORIENTED_EDGE('',*,*,#2952,.F.);
#8270 = ADVANCED_FACE('',(#8271),#2940,.F.);
#8271 = FACE_BOUND('',#8272,.F.);
#8272 = EDGE_LOOP('',(#8273,#8294,#8295,#8296));
#8273 = ORIENTED_EDGE('',*,*,#8274,.T.);
#8274 = EDGE_CURVE('',#2897,#6401,#8275,.T.);
#8275 = SURFACE_CURVE('',#8276,(#8280,#8287),.PCURVE_S1.);
#8276 = LINE('',#8277,#8278);
#8277 = CARTESIAN_POINT('',(-2.999984384488,-397.4885026963,
    -29.60856454241));
#8278 = VECTOR('',#8279,1.);
#8279 = DIRECTION('',(1.,-4.273210745757E-14,7.418371472667E-14));
#8280 = PCURVE('',#2940,#8281);
#8281 = DEFINITIONAL_REPRESENTATION('',(#8282),#8286);
#8282 = LINE('',#8283,#8284);
#8283 = CARTESIAN_POINT('',(0.,0.));
#8284 = VECTOR('',#8285,1.);
#8285 = DIRECTION('',(1.539856486991E-26,-1.));
#8286 = ( GEOMETRIC_REPRESENTATION_CONTEXT(2) 
PARAMETRIC_REPRESENTATION_CONTEXT() REPRESENTATION_CONTEXT('2D SPACE',''
  ) );
#8287 = PCURVE('',#2912,#8288);
#8288 = DEFINITIONAL_REPRESENTATION('',(#8289),#8293);
#8289 = LINE('',#8290,#8291);
#8290 = CARTESIAN_POINT('',(1.438119868267,1.039861688117E-13));
#8291 = VECTOR('',#8292,1.);
#8292 = DIRECTION('',(4.119116102702E-26,-1.));
#8293 = ( GEOMETRIC_REPRESENTATION_CONTEXT(2) 
PARAMETRIC_REPRESENTATION_CONTEXT() REPRESENTATION_CONTEXT('2D SPACE',''
  ) );
#8294 = ORIENTED_EDGE('',*,*,#6423,.T.);
#8295 = ORIENTED_EDGE('',*,*,#8247,.F.);
#8296 = ORIENTED_EDGE('',*,*,#2924,.F.);
#8297 = ADVANCED_FACE('',(#8298),#2912,.F.);
#8298 = FACE_BOUND('',#8299,.F.);
#8299 = EDGE_LOOP('',(#8300,#8321,#8322,#8323));
#8300 = ORIENTED_EDGE('',*,*,#8301,.T.);
#8301 = EDGE_CURVE('',#2869,#6378,#8302,.T.);
#8302 = SURFACE_CURVE('',#8303,(#8307,#8314),.PCURVE_S1.);
#8303 = LINE('',#8304,#8305);
#8304 = CARTESIAN_POINT('',(-2.999984384488,-398.7619714179,
    -28.94038330157));
#8305 = VECTOR('',#8306,1.);
#8306 = DIRECTION('',(1.,-4.273210745757E-14,7.418371472667E-14));
#8307 = PCURVE('',#2912,#8308);
#8308 = DEFINITIONAL_REPRESENTATION('',(#8309),#8313);
#8309 = LINE('',#8310,#8311);
#8310 = CARTESIAN_POINT('',(0.,0.));
#8311 = VECTOR('',#8312,1.);
#8312 = DIRECTION('',(4.119116102702E-26,-1.));
#8313 = ( GEOMETRIC_REPRESENTATION_CONTEXT(2) 
PARAMETRIC_REPRESENTATION_CONTEXT() REPRESENTATION_CONTEXT('2D SPACE',''
  ) );
#8314 = PCURVE('',#2884,#8315);
#8315 = DEFINITIONAL_REPRESENTATION('',(#8316),#8320);
#8316 = LINE('',#8317,#8318);
#8317 = CARTESIAN_POINT('',(1.43811986823,1.048496877632E-13));
#8318 = VECTOR('',#8319,1.);
#8319 = DIRECTION('',(1.73296963659E-26,-1.));
#8320 = ( GEOMETRIC_REPRESENTATION_CONTEXT(2) 
PARAMETRIC_REPRESENTATION_CONTEXT() REPRESENTATION_CONTEXT('2D SPACE',''
  ) );
#8321 = ORIENTED_EDGE('',*,*,#6400,.T.);
#8322 = ORIENTED_EDGE('',*,*,#8274,.F.);
#8323 = ORIENTED_EDGE('',*,*,#2896,.F.);
#8324 = ADVANCED_FACE('',(#8325),#2884,.F.);
#8325 = FACE_BOUND('',#8326,.F.);
#8326 = EDGE_LOOP('',(#8327,#8348,#8349,#8350));
#8327 = ORIENTED_EDGE('',*,*,#8328,.T.);
#8328 = EDGE_CURVE('',#2841,#6355,#8329,.T.);
#8329 = SURFACE_CURVE('',#8330,(#8334,#8341),.PCURVE_S1.);
#8330 = LINE('',#8331,#8332);
#8331 = CARTESIAN_POINT('',(-2.999984384488,-400.0264830567,
    -28.2554022283));
#8332 = VECTOR('',#8333,1.);
#8333 = DIRECTION('',(1.,-4.273210745757E-14,7.418371472667E-14));
#8334 = PCURVE('',#2884,#8335);
#8335 = DEFINITIONAL_REPRESENTATION('',(#8336),#8340);
#8336 = LINE('',#8337,#8338);
#8337 = CARTESIAN_POINT('',(0.,0.));
#8338 = VECTOR('',#8339,1.);
#8339 = DIRECTION('',(1.73296963659E-26,-1.));
#8340 = ( GEOMETRIC_REPRESENTATION_CONTEXT(2) 
PARAMETRIC_REPRESENTATION_CONTEXT() REPRESENTATION_CONTEXT('2D SPACE',''
  ) );
#8341 = PCURVE('',#2856,#8342);
#8342 = DEFINITIONAL_REPRESENTATION('',(#8343),#8347);
#8343 = LINE('',#8344,#8345);
#8344 = CARTESIAN_POINT('',(1.438119868288,-8.943940694591E-13));
#8345 = VECTOR('',#8346,1.);
#8346 = DIRECTION('',(1.324655232047E-26,-1.));
#8347 = ( GEOMETRIC_REPRESENTATION_CONTEXT(2) 
PARAMETRIC_REPRESENTATION_CONTEXT() REPRESENTATION_CONTEXT('2D SPACE',''
  ) );
#8348 = ORIENTED_EDGE('',*,*,#6377,.T.);
#8349 = ORIENTED_EDGE('',*,*,#8301,.F.);
#8350 = ORIENTED_EDGE('',*,*,#2868,.F.);
#8351 = ADVANCED_FACE('',(#8352),#2856,.F.);
#8352 = FACE_BOUND('',#8353,.F.);
#8353 = EDGE_LOOP('',(#8354,#8375,#8376,#8377));
#8354 = ORIENTED_EDGE('',*,*,#8355,.T.);
#8355 = EDGE_CURVE('',#2813,#6332,#8356,.T.);
#8356 = SURFACE_CURVE('',#8357,(#8361,#8368),.PCURVE_S1.);
#8357 = LINE('',#8358,#8359);
#8358 = CARTESIAN_POINT('',(-2.999984384489,-401.2818159988,
    -27.55374137002));
#8359 = VECTOR('',#8360,1.);
#8360 = DIRECTION('',(1.,-4.273210745757E-14,7.418371472667E-14));
#8361 = PCURVE('',#2856,#8362);
#8362 = DEFINITIONAL_REPRESENTATION('',(#8363),#8367);
#8363 = LINE('',#8364,#8365);
#8364 = CARTESIAN_POINT('',(0.,0.));
#8365 = VECTOR('',#8366,1.);
#8366 = DIRECTION('',(1.324655232047E-26,-1.));
#8367 = ( GEOMETRIC_REPRESENTATION_CONTEXT(2) 
PARAMETRIC_REPRESENTATION_CONTEXT() REPRESENTATION_CONTEXT('2D SPACE',''
  ) );
#8368 = PCURVE('',#2828,#8369);
#8369 = DEFINITIONAL_REPRESENTATION('',(#8370),#8374);
#8370 = LINE('',#8371,#8372);
#8371 = CARTESIAN_POINT('',(1.438119868222,1.065214507589E-13));
#8372 = VECTOR('',#8373,1.);
#8373 = DIRECTION('',(1.716561329761E-27,-1.));
#8374 = ( GEOMETRIC_REPRESENTATION_CONTEXT(2) 
PARAMETRIC_REPRESENTATION_CONTEXT() REPRESENTATION_CONTEXT('2D SPACE',''
  ) );
#8375 = ORIENTED_EDGE('',*,*,#6354,.T.);
#8376 = ORIENTED_EDGE('',*,*,#8328,.F.);
#8377 = ORIENTED_EDGE('',*,*,#2840,.F.);
#8378 = ADVANCED_FACE('',(#8379),#2828,.F.);
#8379 = FACE_BOUND('',#8380,.F.);
#8380 = EDGE_LOOP('',(#8381,#8402,#8403,#8404));
#8381 = ORIENTED_EDGE('',*,*,#8382,.T.);
#8382 = EDGE_CURVE('',#2785,#6309,#8383,.T.);
#8383 = SURFACE_CURVE('',#8384,(#8388,#8395),.PCURVE_S1.);
#8384 = LINE('',#8385,#8386);
#8385 = CARTESIAN_POINT('',(-2.999984384489,-402.5277502387,
    -26.83552369743));
#8386 = VECTOR('',#8387,1.);
#8387 = DIRECTION('',(1.,-4.273210745757E-14,7.418371472667E-14));
#8388 = PCURVE('',#2828,#8389);
#8389 = DEFINITIONAL_REPRESENTATION('',(#8390),#8394);
#8390 = LINE('',#8391,#8392);
#8391 = CARTESIAN_POINT('',(0.,0.));
#8392 = VECTOR('',#8393,1.);
#8393 = DIRECTION('',(1.716561329761E-27,-1.));
#8394 = ( GEOMETRIC_REPRESENTATION_CONTEXT(2) 
PARAMETRIC_REPRESENTATION_CONTEXT() REPRESENTATION_CONTEXT('2D SPACE',''
  ) );
#8395 = PCURVE('',#2800,#8396);
#8396 = DEFINITIONAL_REPRESENTATION('',(#8397),#8401);
#8397 = LINE('',#8398,#8399);
#8398 = CARTESIAN_POINT('',(1.438119868232,1.073294018143E-13));
#8399 = VECTOR('',#8400,1.);
#8400 = DIRECTION('',(-3.202775275197E-26,-1.));
#8401 = ( GEOMETRIC_REPRESENTATION_CONTEXT(2) 
PARAMETRIC_REPRESENTATION_CONTEXT() REPRESENTATION_CONTEXT('2D SPACE',''
  ) );
#8402 = ORIENTED_EDGE('',*,*,#6331,.T.);
#8403 = ORIENTED_EDGE('',*,*,#8355,.F.);
#8404 = ORIENTED_EDGE('',*,*,#2812,.F.);
#8405 = ADVANCED_FACE('',(#8406),#2800,.F.);
#8406 = FACE_BOUND('',#8407,.F.);
#8407 = EDGE_LOOP('',(#8408,#8429,#8430,#8431));
#8408 = ORIENTED_EDGE('',*,*,#8409,.T.);
#8409 = EDGE_CURVE('',#2757,#6286,#8410,.T.);
#8410 = SURFACE_CURVE('',#8411,(#8415,#8422),.PCURVE_S1.);
#8411 = LINE('',#8412,#8413);
#8412 = CARTESIAN_POINT('',(-2.999984384489,-403.7640674183,
    -26.1008750829));
#8413 = VECTOR('',#8414,1.);
#8414 = DIRECTION('',(1.,-4.273210745757E-14,7.418371472667E-14));
#8415 = PCURVE('',#2800,#8416);
#8416 = DEFINITIONAL_REPRESENTATION('',(#8417),#8421);
#8417 = LINE('',#8418,#8419);
#8418 = CARTESIAN_POINT('',(0.,0.));
#8419 = VECTOR('',#8420,1.);
#8420 = DIRECTION('',(-3.202775275197E-26,-1.));
#8421 = ( GEOMETRIC_REPRESENTATION_CONTEXT(2) 
PARAMETRIC_REPRESENTATION_CONTEXT() REPRESENTATION_CONTEXT('2D SPACE',''
  ) );
#8422 = PCURVE('',#2772,#8423);
#8423 = DEFINITIONAL_REPRESENTATION('',(#8424),#8428);
#8424 = LINE('',#8425,#8426);
#8425 = CARTESIAN_POINT('',(1.438119868261,1.081185426865E-13));
#8426 = VECTOR('',#8427,1.);
#8427 = DIRECTION('',(1.737387257659E-26,-1.));
#8428 = ( GEOMETRIC_REPRESENTATION_CONTEXT(2) 
PARAMETRIC_REPRESENTATION_CONTEXT() REPRESENTATION_CONTEXT('2D SPACE',''
  ) );
#8429 = ORIENTED_EDGE('',*,*,#6308,.T.);
#8430 = ORIENTED_EDGE('',*,*,#8382,.F.);
#8431 = ORIENTED_EDGE('',*,*,#2784,.F.);
#8432 = ADVANCED_FACE('',(#8433),#2772,.F.);
#8433 = FACE_BOUND('',#8434,.F.);
#8434 = EDGE_LOOP('',(#8435,#8456,#8457,#8458));
#8435 = ORIENTED_EDGE('',*,*,#8436,.T.);
#8436 = EDGE_CURVE('',#2729,#6263,#8437,.T.);
#8437 = SURFACE_CURVE('',#8438,(#8442,#8449),.PCURVE_S1.);
#8438 = LINE('',#8439,#8440);
#8439 = CARTESIAN_POINT('',(-2.999984384489,-404.9905508649,
    -25.34992427845));
#8440 = VECTOR('',#8441,1.);
#8441 = DIRECTION('',(1.,-4.273210745757E-14,7.418371472667E-14));
#8442 = PCURVE('',#2772,#8443);
#8443 = DEFINITIONAL_REPRESENTATION('',(#8444),#8448);
#8444 = LINE('',#8445,#8446);
#8445 = CARTESIAN_POINT('',(0.,0.));
#8446 = VECTOR('',#8447,1.);
#8447 = DIRECTION('',(1.737387257659E-26,-1.));
#8448 = ( GEOMETRIC_REPRESENTATION_CONTEXT(2) 
PARAMETRIC_REPRESENTATION_CONTEXT() REPRESENTATION_CONTEXT('2D SPACE',''
  ) );
#8449 = PCURVE('',#2744,#8450);
#8450 = DEFINITIONAL_REPRESENTATION('',(#8451),#8455);
#8451 = LINE('',#8452,#8453);
#8452 = CARTESIAN_POINT('',(1.438119868294,1.088887350723E-13));
#8453 = VECTOR('',#8454,1.);
#8454 = DIRECTION('',(6.184669496933E-27,-1.));
#8455 = ( GEOMETRIC_REPRESENTATION_CONTEXT(2) 
PARAMETRIC_REPRESENTATION_CONTEXT() REPRESENTATION_CONTEXT('2D SPACE',''
  ) );
#8456 = ORIENTED_EDGE('',*,*,#6285,.T.);
#8457 = ORIENTED_EDGE('',*,*,#8409,.F.);
#8458 = ORIENTED_EDGE('',*,*,#2756,.F.);
#8459 = ADVANCED_FACE('',(#8460),#2744,.F.);
#8460 = FACE_BOUND('',#8461,.F.);
#8461 = EDGE_LOOP('',(#8462,#8483,#8484,#8485));
#8462 = ORIENTED_EDGE('',*,*,#8463,.T.);
#8463 = EDGE_CURVE('',#2701,#6240,#8464,.T.);
#8464 = SURFACE_CURVE('',#8465,(#8469,#8476),.PCURVE_S1.);
#8465 = LINE('',#8466,#8467);
#8466 = CARTESIAN_POINT('',(-2.999984384489,-406.2069856292,
    -24.58280289315));
#8467 = VECTOR('',#8468,1.);
#8468 = DIRECTION('',(1.,-4.273210745757E-14,7.418371472667E-14));
#8469 = PCURVE('',#2744,#8470);
#8470 = DEFINITIONAL_REPRESENTATION('',(#8471),#8475);
#8471 = LINE('',#8472,#8473);
#8472 = CARTESIAN_POINT('',(0.,0.));
#8473 = VECTOR('',#8474,1.);
#8474 = DIRECTION('',(6.184669496933E-27,-1.));
#8475 = ( GEOMETRIC_REPRESENTATION_CONTEXT(2) 
PARAMETRIC_REPRESENTATION_CONTEXT() REPRESENTATION_CONTEXT('2D SPACE',''
  ) );
#8476 = PCURVE('',#2716,#8477);
#8477 = DEFINITIONAL_REPRESENTATION('',(#8478),#8482);
#8478 = LINE('',#8479,#8480);
#8479 = CARTESIAN_POINT('',(1.438119868244,1.096398439837E-13));
#8480 = VECTOR('',#8481,1.);
#8481 = DIRECTION('',(-6.885177980769E-27,-1.));
#8482 = ( GEOMETRIC_REPRESENTATION_CONTEXT(2) 
PARAMETRIC_REPRESENTATION_CONTEXT() REPRESENTATION_CONTEXT('2D SPACE',''
  ) );
#8483 = ORIENTED_EDGE('',*,*,#6262,.T.);
#8484 = ORIENTED_EDGE('',*,*,#8436,.F.);
#8485 = ORIENTED_EDGE('',*,*,#2728,.F.);
#8486 = ADVANCED_FACE('',(#8487),#2716,.F.);
#8487 = FACE_BOUND('',#8488,.F.);
#8488 = EDGE_LOOP('',(#8489,#8510,#8511,#8512));
#8489 = ORIENTED_EDGE('',*,*,#8490,.T.);
#8490 = EDGE_CURVE('',#2673,#6217,#8491,.T.);
#8491 = SURFACE_CURVE('',#8492,(#8496,#8503),.PCURVE_S1.);
#8492 = LINE('',#8493,#8494);
#8493 = CARTESIAN_POINT('',(-2.999984384489,-407.4131585229,
    -23.79964537008));
#8494 = VECTOR('',#8495,1.);
#8495 = DIRECTION('',(1.,-4.273210745757E-14,7.418371472667E-14));
#8496 = PCURVE('',#2716,#8497);
#8497 = DEFINITIONAL_REPRESENTATION('',(#8498),#8502);
#8498 = LINE('',#8499,#8500);
#8499 = CARTESIAN_POINT('',(0.,0.));
#8500 = VECTOR('',#8501,1.);
#8501 = DIRECTION('',(-6.885177980769E-27,-1.));
#8502 = ( GEOMETRIC_REPRESENTATION_CONTEXT(2) 
PARAMETRIC_REPRESENTATION_CONTEXT() REPRESENTATION_CONTEXT('2D SPACE',''
  ) );
#8503 = PCURVE('',#2688,#8504);
#8504 = DEFINITIONAL_REPRESENTATION('',(#8505),#8509);
#8505 = LINE('',#8506,#8507);
#8506 = CARTESIAN_POINT('',(1.438119868239,1.103717377939E-13));
#8507 = VECTOR('',#8508,1.);
#8508 = DIRECTION('',(3.195202210507E-26,-1.));
#8509 = ( GEOMETRIC_REPRESENTATION_CONTEXT(2) 
PARAMETRIC_REPRESENTATION_CONTEXT() REPRESENTATION_CONTEXT('2D SPACE',''
  ) );
#8510 = ORIENTED_EDGE('',*,*,#6239,.T.);
#8511 = ORIENTED_EDGE('',*,*,#8463,.F.);
#8512 = ORIENTED_EDGE('',*,*,#2700,.F.);
#8513 = ADVANCED_FACE('',(#8514),#2688,.F.);
#8514 = FACE_BOUND('',#8515,.F.);
#8515 = EDGE_LOOP('',(#8516,#8537,#8538,#8539));
#8516 = ORIENTED_EDGE('',*,*,#8517,.T.);
#8517 = EDGE_CURVE('',#2645,#6194,#8518,.T.);
#8518 = SURFACE_CURVE('',#8519,(#8523,#8530),.PCURVE_S1.);
#8519 = LINE('',#8520,#8521);
#8520 = CARTESIAN_POINT('',(-2.999984384489,-408.6088581563,
    -23.00058896274));
#8521 = VECTOR('',#8522,1.);
#8522 = DIRECTION('',(1.,-4.273210745757E-14,7.418371472667E-14));
#8523 = PCURVE('',#2688,#8524);
#8524 = DEFINITIONAL_REPRESENTATION('',(#8525),#8529);
#8525 = LINE('',#8526,#8527);
#8526 = CARTESIAN_POINT('',(0.,0.));
#8527 = VECTOR('',#8528,1.);
#8528 = DIRECTION('',(3.195202210507E-26,-1.));
#8529 = ( GEOMETRIC_REPRESENTATION_CONTEXT(2) 
PARAMETRIC_REPRESENTATION_CONTEXT() REPRESENTATION_CONTEXT('2D SPACE',''
  ) );
#8530 = PCURVE('',#2660,#8531);
#8531 = DEFINITIONAL_REPRESENTATION('',(#8532),#8536);
#8532 = LINE('',#8533,#8534);
#8533 = CARTESIAN_POINT('',(1.438119868258,1.110842882317E-13));
#8534 = VECTOR('',#8535,1.);
#8535 = DIRECTION('',(1.553740438923E-26,-1.));
#8536 = ( GEOMETRIC_REPRESENTATION_CONTEXT(2) 
PARAMETRIC_REPRESENTATION_CONTEXT() REPRESENTATION_CONTEXT('2D SPACE',''
  ) );
#8537 = ORIENTED_EDGE('',*,*,#6216,.T.);
#8538 = ORIENTED_EDGE('',*,*,#8490,.F.);
#8539 = ORIENTED_EDGE('',*,*,#2672,.F.);
#8540 = ADVANCED_FACE('',(#8541),#2660,.F.);
#8541 = FACE_BOUND('',#8542,.F.);
#8542 = EDGE_LOOP('',(#8543,#8564,#8565,#8566));
#8543 = ORIENTED_EDGE('',*,*,#8544,.T.);
#8544 = EDGE_CURVE('',#2617,#6171,#8545,.T.);
#8545 = SURFACE_CURVE('',#8546,(#8550,#8557),.PCURVE_S1.);
#8546 = LINE('',#8547,#8548);
#8547 = CARTESIAN_POINT('',(-2.999984384489,-409.7938749752,
    -22.18577371104));
#8548 = VECTOR('',#8549,1.);
#8549 = DIRECTION('',(1.,-4.273210745757E-14,7.418371472667E-14));
#8550 = PCURVE('',#2660,#8551);
#8551 = DEFINITIONAL_REPRESENTATION('',(#8552),#8556);
#8552 = LINE('',#8553,#8554);
#8553 = CARTESIAN_POINT('',(0.,0.));
#8554 = VECTOR('',#8555,1.);
#8555 = DIRECTION('',(1.553740438923E-26,-1.));
#8556 = ( GEOMETRIC_REPRESENTATION_CONTEXT(2) 
PARAMETRIC_REPRESENTATION_CONTEXT() REPRESENTATION_CONTEXT('2D SPACE',''
  ) );
#8557 = PCURVE('',#2632,#8558);
#8558 = DEFINITIONAL_REPRESENTATION('',(#8559),#8563);
#8559 = LINE('',#8560,#8561);
#8560 = CARTESIAN_POINT('',(1.438119868203,1.117773704106E-13));
#8561 = VECTOR('',#8562,1.);
#8562 = DIRECTION('',(-5.554842950204E-26,-1.));
#8563 = ( GEOMETRIC_REPRESENTATION_CONTEXT(2) 
PARAMETRIC_REPRESENTATION_CONTEXT() REPRESENTATION_CONTEXT('2D SPACE',''
  ) );
#8564 = ORIENTED_EDGE('',*,*,#6193,.T.);
#8565 = ORIENTED_EDGE('',*,*,#8517,.F.);
#8566 = ORIENTED_EDGE('',*,*,#2644,.F.);
#8567 = ADVANCED_FACE('',(#8568),#2632,.F.);
#8568 = FACE_BOUND('',#8569,.F.);
#8569 = EDGE_LOOP('',(#8570,#8591,#8592,#8593));
#8570 = ORIENTED_EDGE('',*,*,#8571,.T.);
#8571 = EDGE_CURVE('',#2589,#6148,#8572,.T.);
#8572 = SURFACE_CURVE('',#8573,(#8577,#8584),.PCURVE_S1.);
#8573 = LINE('',#8574,#8575);
#8574 = CARTESIAN_POINT('',(-2.999984384489,-410.9680012975,
    -21.35534241671));
#8575 = VECTOR('',#8576,1.);
#8576 = DIRECTION('',(1.,-4.273210745757E-14,7.418371472667E-14));
#8577 = PCURVE('',#2632,#8578);
#8578 = DEFINITIONAL_REPRESENTATION('',(#8579),#8583);
#8579 = LINE('',#8580,#8581);
#8580 = CARTESIAN_POINT('',(0.,0.));
#8581 = VECTOR('',#8582,1.);
#8582 = DIRECTION('',(-5.554842950204E-26,-1.));
#8583 = ( GEOMETRIC_REPRESENTATION_CONTEXT(2) 
PARAMETRIC_REPRESENTATION_CONTEXT() REPRESENTATION_CONTEXT('2D SPACE',''
  ) );
#8584 = PCURVE('',#2604,#8585);
#8585 = DEFINITIONAL_REPRESENTATION('',(#8586),#8590);
#8586 = LINE('',#8587,#8588);
#8587 = CARTESIAN_POINT('',(1.438119868279,-8.871939484931E-13));
#8588 = VECTOR('',#8589,1.);
#8589 = DIRECTION('',(2.429060499357E-26,-1.));
#8590 = ( GEOMETRIC_REPRESENTATION_CONTEXT(2) 
PARAMETRIC_REPRESENTATION_CONTEXT() REPRESENTATION_CONTEXT('2D SPACE',''
  ) );
#8591 = ORIENTED_EDGE('',*,*,#6170,.T.);
#8592 = ORIENTED_EDGE('',*,*,#8544,.F.);
#8593 = ORIENTED_EDGE('',*,*,#2616,.F.);
#8594 = ADVANCED_FACE('',(#8595),#2604,.F.);
#8595 = FACE_BOUND('',#8596,.F.);
#8596 = EDGE_LOOP('',(#8597,#8618,#8619,#8620));
#8597 = ORIENTED_EDGE('',*,*,#8598,.T.);
#8598 = EDGE_CURVE('',#2561,#6125,#8599,.T.);
#8599 = SURFACE_CURVE('',#8600,(#8604,#8611),.PCURVE_S1.);
#8600 = LINE('',#8601,#8602);
#8601 = CARTESIAN_POINT('',(-2.99998438449,-412.13103135,-20.50944061832
    ));
#8602 = VECTOR('',#8603,1.);
#8603 = DIRECTION('',(1.,-4.273210745757E-14,7.418371472667E-14));
#8604 = PCURVE('',#2604,#8605);
#8605 = DEFINITIONAL_REPRESENTATION('',(#8606),#8610);
#8606 = LINE('',#8607,#8608);
#8607 = CARTESIAN_POINT('',(0.,0.));
#8608 = VECTOR('',#8609,1.);
#8609 = DIRECTION('',(2.429060499357E-26,-1.));
#8610 = ( GEOMETRIC_REPRESENTATION_CONTEXT(2) 
PARAMETRIC_REPRESENTATION_CONTEXT() REPRESENTATION_CONTEXT('2D SPACE',''
  ) );
#8611 = PCURVE('',#2576,#8612);
#8612 = DEFINITIONAL_REPRESENTATION('',(#8613),#8617);
#8613 = LINE('',#8614,#8615);
#8614 = CARTESIAN_POINT('',(1.438119868187,1.131046475806E-13));
#8615 = VECTOR('',#8616,1.);
#8616 = DIRECTION('',(3.315109068101E-26,-1.));
#8617 = ( GEOMETRIC_REPRESENTATION_CONTEXT(2) 
PARAMETRIC_REPRESENTATION_CONTEXT() REPRESENTATION_CONTEXT('2D SPACE',''
  ) );
#8618 = ORIENTED_EDGE('',*,*,#6147,.T.);
#8619 = ORIENTED_EDGE('',*,*,#8571,.F.);
#8620 = ORIENTED_EDGE('',*,*,#2588,.F.);
#8621 = ADVANCED_FACE('',(#8622),#2576,.F.);
#8622 = FACE_BOUND('',#8623,.F.);
#8623 = EDGE_LOOP('',(#8624,#8645,#8646,#8647));
#8624 = ORIENTED_EDGE('',*,*,#8625,.T.);
#8625 = EDGE_CURVE('',#2533,#6102,#8626,.T.);
#8626 = SURFACE_CURVE('',#8627,(#8631,#8638),.PCURVE_S1.);
#8627 = LINE('',#8628,#8629);
#8628 = CARTESIAN_POINT('',(-2.99998438449,-413.2827613038,
    -19.64821656571));
#8629 = VECTOR('',#8630,1.);
#8630 = DIRECTION('',(1.,-4.273210745757E-14,7.418371472667E-14));
#8631 = PCURVE('',#2576,#8632);
#8632 = DEFINITIONAL_REPRESENTATION('',(#8633),#8637);
#8633 = LINE('',#8634,#8635);
#8634 = CARTESIAN_POINT('',(0.,0.));
#8635 = VECTOR('',#8636,1.);
#8636 = DIRECTION('',(3.315109068101E-26,-1.));
#8637 = ( GEOMETRIC_REPRESENTATION_CONTEXT(2) 
PARAMETRIC_REPRESENTATION_CONTEXT() REPRESENTATION_CONTEXT('2D SPACE',''
  ) );
#8638 = PCURVE('',#2548,#8639);
#8639 = DEFINITIONAL_REPRESENTATION('',(#8640),#8644);
#8640 = LINE('',#8641,#8642);
#8641 = CARTESIAN_POINT('',(1.438119868291,1.137386099627E-13));
#8642 = VECTOR('',#8643,1.);
#8643 = DIRECTION('',(4.240916226468E-27,-1.));
#8644 = ( GEOMETRIC_REPRESENTATION_CONTEXT(2) 
PARAMETRIC_REPRESENTATION_CONTEXT() REPRESENTATION_CONTEXT('2D SPACE',''
  ) );
#8645 = ORIENTED_EDGE('',*,*,#6124,.T.);
#8646 = ORIENTED_EDGE('',*,*,#8598,.F.);
#8647 = ORIENTED_EDGE('',*,*,#2560,.F.);
#8648 = ADVANCED_FACE('',(#8649),#2548,.F.);
#8649 = FACE_BOUND('',#8650,.F.);
#8650 = EDGE_LOOP('',(#8651,#8672,#8673,#8674));
#8651 = ORIENTED_EDGE('',*,*,#8652,.T.);
#8652 = EDGE_CURVE('',#2505,#6079,#8653,.T.);
#8653 = SURFACE_CURVE('',#8654,(#8658,#8665),.PCURVE_S1.);
#8654 = LINE('',#8655,#8656);
#8655 = CARTESIAN_POINT('',(-2.99998438449,-414.4229893109,
    -18.77182119409));
#8656 = VECTOR('',#8657,1.);
#8657 = DIRECTION('',(1.,-4.273210745757E-14,7.418371472667E-14));
#8658 = PCURVE('',#2548,#8659);
#8659 = DEFINITIONAL_REPRESENTATION('',(#8660),#8664);
#8660 = LINE('',#8661,#8662);
#8661 = CARTESIAN_POINT('',(0.,0.));
#8662 = VECTOR('',#8663,1.);
#8663 = DIRECTION('',(4.240916226468E-27,-1.));
#8664 = ( GEOMETRIC_REPRESENTATION_CONTEXT(2) 
PARAMETRIC_REPRESENTATION_CONTEXT() REPRESENTATION_CONTEXT('2D SPACE',''
  ) );
#8665 = PCURVE('',#2520,#8666);
#8666 = DEFINITIONAL_REPRESENTATION('',(#8667),#8671);
#8667 = LINE('',#8668,#8669);
#8668 = CARTESIAN_POINT('',(1.438119868217,1.143526388904E-13));
#8669 = VECTOR('',#8670,1.);
#8670 = DIRECTION('',(4.543838814073E-26,-1.));
#8671 = ( GEOMETRIC_REPRESENTATION_CONTEXT(2) 
PARAMETRIC_REPRESENTATION_CONTEXT() REPRESENTATION_CONTEXT('2D SPACE',''
  ) );
#8672 = ORIENTED_EDGE('',*,*,#6101,.T.);
#8673 = ORIENTED_EDGE('',*,*,#8625,.F.);
#8674 = ORIENTED_EDGE('',*,*,#2532,.F.);
#8675 = ADVANCED_FACE('',(#8676),#2520,.F.);
#8676 = FACE_BOUND('',#8677,.F.);
#8677 = EDGE_LOOP('',(#8678,#8699,#8700,#8701));
#8678 = ORIENTED_EDGE('',*,*,#8679,.T.);
#8679 = EDGE_CURVE('',#2477,#6056,#8680,.T.);
#8680 = SURFACE_CURVE('',#8681,(#8685,#8692),.PCURVE_S1.);
#8681 = LINE('',#8682,#8683);
#8682 = CARTESIAN_POINT('',(-2.99998438449,-415.5515155386,
    -17.88040809751));
#8683 = VECTOR('',#8684,1.);
#8684 = DIRECTION('',(1.,-4.273210745757E-14,7.418371472667E-14));
#8685 = PCURVE('',#2520,#8686);
#8686 = DEFINITIONAL_REPRESENTATION('',(#8687),#8691);
#8687 = LINE('',#8688,#8689);
#8688 = CARTESIAN_POINT('',(0.,0.));
#8689 = VECTOR('',#8690,1.);
#8690 = DIRECTION('',(4.543838814073E-26,-1.));
#8691 = ( GEOMETRIC_REPRESENTATION_CONTEXT(2) 
PARAMETRIC_REPRESENTATION_CONTEXT() REPRESENTATION_CONTEXT('2D SPACE',''
  ) );
#8692 = PCURVE('',#2492,#8693);
#8693 = DEFINITIONAL_REPRESENTATION('',(#8694),#8698);
#8694 = LINE('',#8695,#8696);
#8695 = CARTESIAN_POINT('',(1.438119868263,1.149466267742E-13));
#8696 = VECTOR('',#8697,1.);
#8697 = DIRECTION('',(4.985600920997E-27,-1.));
#8698 = ( GEOMETRIC_REPRESENTATION_CONTEXT(2) 
PARAMETRIC_REPRESENTATION_CONTEXT() REPRESENTATION_CONTEXT('2D SPACE',''
  ) );
#8699 = ORIENTED_EDGE('',*,*,#6078,.T.);
#8700 = ORIENTED_EDGE('',*,*,#8652,.F.);
#8701 = ORIENTED_EDGE('',*,*,#2504,.F.);
#8702 = ADVANCED_FACE('',(#8703),#2492,.F.);
#8703 = FACE_BOUND('',#8704,.F.);
#8704 = EDGE_LOOP('',(#8705,#8726,#8727,#8728));
#8705 = ORIENTED_EDGE('',*,*,#8706,.T.);
#8706 = EDGE_CURVE('',#2449,#6033,#8707,.T.);
#8707 = SURFACE_CURVE('',#8708,(#8712,#8719),.PCURVE_S1.);
#8708 = LINE('',#8709,#8710);
#8709 = CARTESIAN_POINT('',(-2.99998438449,-416.6681422054,
    -16.97413350199));
#8710 = VECTOR('',#8711,1.);
#8711 = DIRECTION('',(1.,-4.273210745757E-14,7.418371472667E-14));
#8712 = PCURVE('',#2492,#8713);
#8713 = DEFINITIONAL_REPRESENTATION('',(#8714),#8718);
#8714 = LINE('',#8715,#8716);
#8715 = CARTESIAN_POINT('',(0.,0.));
#8716 = VECTOR('',#8717,1.);
#8717 = DIRECTION('',(4.985600920997E-27,-1.));
#8718 = ( GEOMETRIC_REPRESENTATION_CONTEXT(2) 
PARAMETRIC_REPRESENTATION_CONTEXT() REPRESENTATION_CONTEXT('2D SPACE',''
  ) );
#8719 = PCURVE('',#2464,#8720);
#8720 = DEFINITIONAL_REPRESENTATION('',(#8721),#8725);
#8721 = LINE('',#8722,#8723);
#8722 = CARTESIAN_POINT('',(1.438119868216,1.155204694972E-13));
#8723 = VECTOR('',#8724,1.);
#8724 = DIRECTION('',(-2.533190138846E-26,-1.));
#8725 = ( GEOMETRIC_REPRESENTATION_CONTEXT(2) 
PARAMETRIC_REPRESENTATION_CONTEXT() REPRESENTATION_CONTEXT('2D SPACE',''
  ) );
#8726 = ORIENTED_EDGE('',*,*,#6055,.T.);
#8727 = ORIENTED_EDGE('',*,*,#8679,.F.);
#8728 = ORIENTED_EDGE('',*,*,#2476,.F.);
#8729 = ADVANCED_FACE('',(#8730),#2464,.F.);
#8730 = FACE_BOUND('',#8731,.F.);
#8731 = EDGE_LOOP('',(#8732,#8753,#8754,#8755));
#8732 = ORIENTED_EDGE('',*,*,#8733,.T.);
#8733 = EDGE_CURVE('',#2421,#6010,#8734,.T.);
#8734 = SURFACE_CURVE('',#8735,(#8739,#8746),.PCURVE_S1.);
#8735 = LINE('',#8736,#8737);
#8736 = CARTESIAN_POINT('',(-2.99998438449,-417.772673615,
    -16.05315623812));
#8737 = VECTOR('',#8738,1.);
#8738 = DIRECTION('',(1.,-4.273210745757E-14,7.418371472667E-14));
#8739 = PCURVE('',#2464,#8740);
#8740 = DEFINITIONAL_REPRESENTATION('',(#8741),#8745);
#8741 = LINE('',#8742,#8743);
#8742 = CARTESIAN_POINT('',(0.,0.));
#8743 = VECTOR('',#8744,1.);
#8744 = DIRECTION('',(-2.533190138846E-26,-1.));
#8745 = ( GEOMETRIC_REPRESENTATION_CONTEXT(2) 
PARAMETRIC_REPRESENTATION_CONTEXT() REPRESENTATION_CONTEXT('2D SPACE',''
  ) );
#8746 = PCURVE('',#2436,#8747);
#8747 = DEFINITIONAL_REPRESENTATION('',(#8748),#8752);
#8748 = LINE('',#8749,#8750);
#8749 = CARTESIAN_POINT('',(1.438119868244,1.16074066503E-13));
#8750 = VECTOR('',#8751,1.);
#8751 = DIRECTION('',(-4.71865039067E-26,-1.));
#8752 = ( GEOMETRIC_REPRESENTATION_CONTEXT(2) 
PARAMETRIC_REPRESENTATION_CONTEXT() REPRESENTATION_CONTEXT('2D SPACE',''
  ) );
#8753 = ORIENTED_EDGE('',*,*,#6032,.T.);
#8754 = ORIENTED_EDGE('',*,*,#8706,.F.);
#8755 = ORIENTED_EDGE('',*,*,#2448,.F.);
#8756 = ADVANCED_FACE('',(#8757),#2436,.F.);
#8757 = FACE_BOUND('',#8758,.F.);
#8758 = EDGE_LOOP('',(#8759,#8780,#8781,#8782));
#8759 = ORIENTED_EDGE('',*,*,#8760,.T.);
#8760 = EDGE_CURVE('',#2393,#5987,#8761,.T.);
#8761 = SURFACE_CURVE('',#8762,(#8766,#8773),.PCURVE_S1.);
#8762 = LINE('',#8763,#8764);
#8763 = CARTESIAN_POINT('',(-2.99998438449,-418.8649161911,
    -15.11763771324));
#8764 = VECTOR('',#8765,1.);
#8765 = DIRECTION('',(1.,-4.273210745757E-14,7.418371472667E-14));
#8766 = PCURVE('',#2436,#8767);
#8767 = DEFINITIONAL_REPRESENTATION('',(#8768),#8772);
#8768 = LINE('',#8769,#8770);
#8769 = CARTESIAN_POINT('',(0.,0.));
#8770 = VECTOR('',#8771,1.);
#8771 = DIRECTION('',(-4.71865039067E-26,-1.));
#8772 = ( GEOMETRIC_REPRESENTATION_CONTEXT(2) 
PARAMETRIC_REPRESENTATION_CONTEXT() REPRESENTATION_CONTEXT('2D SPACE',''
  ) );
#8773 = PCURVE('',#2408,#8774);
#8774 = DEFINITIONAL_REPRESENTATION('',(#8775),#8779);
#8775 = LINE('',#8776,#8777);
#8776 = CARTESIAN_POINT('',(1.438119868291,1.166073207658E-13));
#8777 = VECTOR('',#8778,1.);
#8778 = DIRECTION('',(-2.152012549443E-27,-1.));
#8779 = ( GEOMETRIC_REPRESENTATION_CONTEXT(2) 
PARAMETRIC_REPRESENTATION_CONTEXT() REPRESENTATION_CONTEXT('2D SPACE',''
  ) );
#8780 = ORIENTED_EDGE('',*,*,#6009,.T.);
#8781 = ORIENTED_EDGE('',*,*,#8733,.F.);
#8782 = ORIENTED_EDGE('',*,*,#2420,.F.);
#8783 = ADVANCED_FACE('',(#8784),#2408,.F.);
#8784 = FACE_BOUND('',#8785,.F.);
#8785 = EDGE_LOOP('',(#8786,#8807,#8808,#8809));
#8786 = ORIENTED_EDGE('',*,*,#8787,.T.);
#8787 = EDGE_CURVE('',#2365,#5964,#8788,.T.);
#8788 = SURFACE_CURVE('',#8789,(#8793,#8800),.PCURVE_S1.);
#8789 = LINE('',#8790,#8791);
#8790 = CARTESIAN_POINT('',(-2.99998438449,-419.944678511,
    -14.16774188311));
#8791 = VECTOR('',#8792,1.);
#8792 = DIRECTION('',(1.,-4.273210745757E-14,7.418371472667E-14));
#8793 = PCURVE('',#2408,#8794);
#8794 = DEFINITIONAL_REPRESENTATION('',(#8795),#8799);
#8795 = LINE('',#8796,#8797);
#8796 = CARTESIAN_POINT('',(0.,0.));
#8797 = VECTOR('',#8798,1.);
#8798 = DIRECTION('',(-2.152012549443E-27,-1.));
#8799 = ( GEOMETRIC_REPRESENTATION_CONTEXT(2) 
PARAMETRIC_REPRESENTATION_CONTEXT() REPRESENTATION_CONTEXT('2D SPACE',''
  ) );
#8800 = PCURVE('',#2380,#8801);
#8801 = DEFINITIONAL_REPRESENTATION('',(#8802),#8806);
#8802 = LINE('',#8803,#8804);
#8803 = CARTESIAN_POINT('',(1.438119868213,1.171201388174E-13));
#8804 = VECTOR('',#8805,1.);
#8805 = DIRECTION('',(1.691317780794E-27,-1.));
#8806 = ( GEOMETRIC_REPRESENTATION_CONTEXT(2) 
PARAMETRIC_REPRESENTATION_CONTEXT() REPRESENTATION_CONTEXT('2D SPACE',''
  ) );
#8807 = ORIENTED_EDGE('',*,*,#5986,.T.);
#8808 = ORIENTED_EDGE('',*,*,#8760,.F.);
#8809 = ORIENTED_EDGE('',*,*,#2392,.F.);
#8810 = ADVANCED_FACE('',(#8811),#2380,.F.);
#8811 = FACE_BOUND('',#8812,.F.);
#8812 = EDGE_LOOP('',(#8813,#8834,#8835,#8836));
#8813 = ORIENTED_EDGE('',*,*,#8814,.T.);
#8814 = EDGE_CURVE('',#2337,#5941,#8815,.T.);
#8815 = SURFACE_CURVE('',#8816,(#8820,#8827),.PCURVE_S1.);
#8816 = LINE('',#8817,#8818);
#8817 = CARTESIAN_POINT('',(-2.99998438449,-421.0117713391,
    -13.20363522326));
#8818 = VECTOR('',#8819,1.);
#8819 = DIRECTION('',(1.,-4.273210745757E-14,7.418371472667E-14));
#8820 = PCURVE('',#2380,#8821);
#8821 = DEFINITIONAL_REPRESENTATION('',(#8822),#8826);
#8822 = LINE('',#8823,#8824);
#8823 = CARTESIAN_POINT('',(0.,0.));
#8824 = VECTOR('',#8825,1.);
#8825 = DIRECTION('',(1.691317780794E-27,-1.));
#8826 = ( GEOMETRIC_REPRESENTATION_CONTEXT(2) 
PARAMETRIC_REPRESENTATION_CONTEXT() REPRESENTATION_CONTEXT('2D SPACE',''
  ) );
#8827 = PCURVE('',#2352,#8828);
#8828 = DEFINITIONAL_REPRESENTATION('',(#8829),#8833);
#8829 = LINE('',#8830,#8831);
#8830 = CARTESIAN_POINT('',(1.438119868259,-8.82476469779E-13));
#8831 = VECTOR('',#8832,1.);
#8832 = DIRECTION('',(1.191495511246E-26,-1.));
#8833 = ( GEOMETRIC_REPRESENTATION_CONTEXT(2) 
PARAMETRIC_REPRESENTATION_CONTEXT() REPRESENTATION_CONTEXT('2D SPACE',''
  ) );
#8834 = ORIENTED_EDGE('',*,*,#5963,.T.);
#8835 = ORIENTED_EDGE('',*,*,#8787,.F.);
#8836 = ORIENTED_EDGE('',*,*,#2364,.F.);
#8837 = ADVANCED_FACE('',(#8838),#2352,.F.);
#8838 = FACE_BOUND('',#8839,.F.);
#8839 = EDGE_LOOP('',(#8840,#8861,#8862,#8863));
#8840 = ORIENTED_EDGE('',*,*,#8841,.T.);
#8841 = EDGE_CURVE('',#2309,#5918,#8842,.T.);
#8842 = SURFACE_CURVE('',#8843,(#8847,#8854),.PCURVE_S1.);
#8843 = LINE('',#8844,#8845);
#8844 = CARTESIAN_POINT('',(-2.999984384491,-422.0660076605,
    -12.22548669971));
#8845 = VECTOR('',#8846,1.);
#8846 = DIRECTION('',(1.,-4.273210745757E-14,7.418371472667E-14));
#8847 = PCURVE('',#2352,#8848);
#8848 = DEFINITIONAL_REPRESENTATION('',(#8849),#8853);
#8849 = LINE('',#8850,#8851);
#8850 = CARTESIAN_POINT('',(0.,0.));
#8851 = VECTOR('',#8852,1.);
#8852 = DIRECTION('',(1.191495511246E-26,-1.));
#8853 = ( GEOMETRIC_REPRESENTATION_CONTEXT(2) 
PARAMETRIC_REPRESENTATION_CONTEXT() REPRESENTATION_CONTEXT('2D SPACE',''
  ) );
#8854 = PCURVE('',#2324,#8855);
#8855 = DEFINITIONAL_REPRESENTATION('',(#8856),#8860);
#8856 = LINE('',#8857,#8858);
#8857 = CARTESIAN_POINT('',(1.438119868262,1.180841104325E-13));
#8858 = VECTOR('',#8859,1.);
#8859 = DIRECTION('',(2.014435207572E-26,-1.));
#8860 = ( GEOMETRIC_REPRESENTATION_CONTEXT(2) 
PARAMETRIC_REPRESENTATION_CONTEXT() REPRESENTATION_CONTEXT('2D SPACE',''
  ) );
#8861 = ORIENTED_EDGE('',*,*,#5940,.T.);
#8862 = ORIENTED_EDGE('',*,*,#8814,.F.);
#8863 = ORIENTED_EDGE('',*,*,#2336,.F.);
#8864 = ADVANCED_FACE('',(#8865),#2324,.F.);
#8865 = FACE_BOUND('',#8866,.F.);
#8866 = EDGE_LOOP('',(#8867,#8888,#8889,#8890));
#8867 = ORIENTED_EDGE('',*,*,#8868,.T.);
#8868 = EDGE_CURVE('',#2281,#5895,#8869,.T.);
#8869 = SURFACE_CURVE('',#8870,(#8874,#8881),.PCURVE_S1.);
#8870 = LINE('',#8871,#8872);
#8871 = CARTESIAN_POINT('',(-2.999984384491,-423.1072027133,
    -11.23346773945));
#8872 = VECTOR('',#8873,1.);
#8873 = DIRECTION('',(1.,-4.273210745757E-14,7.418371472667E-14));
#8874 = PCURVE('',#2324,#8875);
#8875 = DEFINITIONAL_REPRESENTATION('',(#8876),#8880);
#8876 = LINE('',#8877,#8878);
#8877 = CARTESIAN_POINT('',(0.,0.));
#8878 = VECTOR('',#8879,1.);
#8879 = DIRECTION('',(2.014435207572E-26,-1.));
#8880 = ( GEOMETRIC_REPRESENTATION_CONTEXT(2) 
PARAMETRIC_REPRESENTATION_CONTEXT() REPRESENTATION_CONTEXT('2D SPACE',''
  ) );
#8881 = PCURVE('',#2296,#8882);
#8882 = DEFINITIONAL_REPRESENTATION('',(#8883),#8887);
#8883 = LINE('',#8884,#8885);
#8884 = CARTESIAN_POINT('',(1.438119868199,1.185350950381E-13));
#8885 = VECTOR('',#8886,1.);
#8886 = DIRECTION('',(1.996764723295E-26,-1.));
#8887 = ( GEOMETRIC_REPRESENTATION_CONTEXT(2) 
PARAMETRIC_REPRESENTATION_CONTEXT() REPRESENTATION_CONTEXT('2D SPACE',''
  ) );
#8888 = ORIENTED_EDGE('',*,*,#5917,.T.);
#8889 = ORIENTED_EDGE('',*,*,#8841,.F.);
#8890 = ORIENTED_EDGE('',*,*,#2308,.F.);
#8891 = ADVANCED_FACE('',(#8892),#2296,.F.);
#8892 = FACE_BOUND('',#8893,.F.);
#8893 = EDGE_LOOP('',(#8894,#8915,#8916,#8917));
#8894 = ORIENTED_EDGE('',*,*,#8895,.T.);
#8895 = EDGE_CURVE('',#2253,#5872,#8896,.T.);
#8896 = SURFACE_CURVE('',#8897,(#8901,#8908),.PCURVE_S1.);
#8897 = LINE('',#8898,#8899);
#8898 = CARTESIAN_POINT('',(-2.999984384491,-424.1351740211,
    -10.22775220032));
#8899 = VECTOR('',#8900,1.);
#8900 = DIRECTION('',(1.,-4.273210745757E-14,7.418371472667E-14));
#8901 = PCURVE('',#2296,#8902);
#8902 = DEFINITIONAL_REPRESENTATION('',(#8903),#8907);
#8903 = LINE('',#8904,#8905);
#8904 = CARTESIAN_POINT('',(0.,0.));
#8905 = VECTOR('',#8906,1.);
#8906 = DIRECTION('',(1.996764723295E-26,-1.));
#8907 = ( GEOMETRIC_REPRESENTATION_CONTEXT(2) 
PARAMETRIC_REPRESENTATION_CONTEXT() REPRESENTATION_CONTEXT('2D SPACE',''
  ) );
#8908 = PCURVE('',#2268,#8909);
#8909 = DEFINITIONAL_REPRESENTATION('',(#8910),#8914);
#8910 = LINE('',#8911,#8912);
#8911 = CARTESIAN_POINT('',(1.4381198683,1.189653056011E-13));
#8912 = VECTOR('',#8913,1.);
#8913 = DIRECTION('',(-1.352423135911E-26,-1.));
#8914 = ( GEOMETRIC_REPRESENTATION_CONTEXT(2) 
PARAMETRIC_REPRESENTATION_CONTEXT() REPRESENTATION_CONTEXT('2D SPACE',''
  ) );
#8915 = ORIENTED_EDGE('',*,*,#5894,.T.);
#8916 = ORIENTED_EDGE('',*,*,#8868,.F.);
#8917 = ORIENTED_EDGE('',*,*,#2280,.F.);
#8918 = ADVANCED_FACE('',(#8919),#2268,.F.);
#8919 = FACE_BOUND('',#8920,.F.);
#8920 = EDGE_LOOP('',(#8921,#8942,#8943,#8944));
#8921 = ORIENTED_EDGE('',*,*,#8922,.T.);
#8922 = EDGE_CURVE('',#2225,#5849,#8923,.T.);
#8923 = SURFACE_CURVE('',#8924,(#8928,#8935),.PCURVE_S1.);
#8924 = LINE('',#8925,#8926);
#8925 = CARTESIAN_POINT('',(-2.999984384491,-425.1497414254,
    -9.208516340604));
#8926 = VECTOR('',#8927,1.);
#8927 = DIRECTION('',(1.,-4.273210745757E-14,7.418371472667E-14));
#8928 = PCURVE('',#2268,#8929);
#8929 = DEFINITIONAL_REPRESENTATION('',(#8930),#8934);
#8930 = LINE('',#8931,#8932);
#8931 = CARTESIAN_POINT('',(0.,0.));
#8932 = VECTOR('',#8933,1.);
#8933 = DIRECTION('',(-1.352423135911E-26,-1.));
#8934 = ( GEOMETRIC_REPRESENTATION_CONTEXT(2) 
PARAMETRIC_REPRESENTATION_CONTEXT() REPRESENTATION_CONTEXT('2D SPACE',''
  ) );
#8935 = PCURVE('',#2240,#8936);
#8936 = DEFINITIONAL_REPRESENTATION('',(#8937),#8941);
#8937 = LINE('',#8938,#8939);
#8938 = CARTESIAN_POINT('',(1.438119868209,1.193746666948E-13));
#8939 = VECTOR('',#8940,1.);
#8940 = DIRECTION('',(-1.757582096832E-26,-1.));
#8941 = ( GEOMETRIC_REPRESENTATION_CONTEXT(2) 
PARAMETRIC_REPRESENTATION_CONTEXT() REPRESENTATION_CONTEXT('2D SPACE',''
  ) );
#8942 = ORIENTED_EDGE('',*,*,#5871,.T.);
#8943 = ORIENTED_EDGE('',*,*,#8895,.F.);
#8944 = ORIENTED_EDGE('',*,*,#2252,.F.);
#8945 = ADVANCED_FACE('',(#8946),#2240,.F.);
#8946 = FACE_BOUND('',#8947,.F.);
#8947 = EDGE_LOOP('',(#8948,#8969,#8970,#8971));
#8948 = ORIENTED_EDGE('',*,*,#8949,.T.);
#8949 = EDGE_CURVE('',#2197,#5826,#8950,.T.);
#8950 = SURFACE_CURVE('',#8951,(#8955,#8962),.PCURVE_S1.);
#8951 = LINE('',#8952,#8953);
#8952 = CARTESIAN_POINT('',(-2.999984384491,-426.1507271163,
    -8.175938788093));
#8953 = VECTOR('',#8954,1.);
#8954 = DIRECTION('',(1.,-4.273210745757E-14,7.418371472667E-14));
#8955 = PCURVE('',#2240,#8956);
#8956 = DEFINITIONAL_REPRESENTATION('',(#8957),#8961);
#8957 = LINE('',#8958,#8959);
#8958 = CARTESIAN_POINT('',(0.,0.));
#8959 = VECTOR('',#8960,1.);
#8960 = DIRECTION('',(-1.757582096832E-26,-1.));
#8961 = ( GEOMETRIC_REPRESENTATION_CONTEXT(2) 
PARAMETRIC_REPRESENTATION_CONTEXT() REPRESENTATION_CONTEXT('2D SPACE',''
  ) );
#8962 = PCURVE('',#2212,#8963);
#8963 = DEFINITIONAL_REPRESENTATION('',(#8964),#8968);
#8964 = LINE('',#8965,#8966);
#8965 = CARTESIAN_POINT('',(1.43811986828,1.197631066055E-13));
#8966 = VECTOR('',#8967,1.);
#8967 = DIRECTION('',(1.14984365545E-26,-1.));
#8968 = ( GEOMETRIC_REPRESENTATION_CONTEXT(2) 
PARAMETRIC_REPRESENTATION_CONTEXT() REPRESENTATION_CONTEXT('2D SPACE',''
  ) );
#8969 = ORIENTED_EDGE('',*,*,#5848,.T.);
#8970 = ORIENTED_EDGE('',*,*,#8922,.F.);
#8971 = ORIENTED_EDGE('',*,*,#2224,.F.);
#8972 = ADVANCED_FACE('',(#8973),#2212,.F.);
#8973 = FACE_BOUND('',#8974,.F.);
#8974 = EDGE_LOOP('',(#8975,#8996,#8997,#8998));
#8975 = ORIENTED_EDGE('',*,*,#8976,.T.);
#8976 = EDGE_CURVE('',#2169,#5803,#8977,.T.);
#8977 = SURFACE_CURVE('',#8978,(#8982,#8989),.PCURVE_S1.);
#8978 = LINE('',#8979,#8980);
#8979 = CARTESIAN_POINT('',(-2.999984384491,-427.1379556647,
    -7.130200508806));
#8980 = VECTOR('',#8981,1.);
#8981 = DIRECTION('',(1.,-4.273210745757E-14,7.418371472667E-14));
#8982 = PCURVE('',#2212,#8983);
#8983 = DEFINITIONAL_REPRESENTATION('',(#8984),#8988);
#8984 = LINE('',#8985,#8986);
#8985 = CARTESIAN_POINT('',(0.,0.));
#8986 = VECTOR('',#8987,1.);
#8987 = DIRECTION('',(1.14984365545E-26,-1.));
#8988 = ( GEOMETRIC_REPRESENTATION_CONTEXT(2) 
PARAMETRIC_REPRESENTATION_CONTEXT() REPRESENTATION_CONTEXT('2D SPACE',''
  ) );
#8989 = PCURVE('',#2184,#8990);
#8990 = DEFINITIONAL_REPRESENTATION('',(#8991),#8995);
#8991 = LINE('',#8992,#8993);
#8992 = CARTESIAN_POINT('',(1.438119868216,1.201305572316E-13));
#8993 = VECTOR('',#8994,1.);
#8994 = DIRECTION('',(1.703939555277E-28,-1.));
#8995 = ( GEOMETRIC_REPRESENTATION_CONTEXT(2) 
PARAMETRIC_REPRESENTATION_CONTEXT() REPRESENTATION_CONTEXT('2D SPACE',''
  ) );
#8996 = ORIENTED_EDGE('',*,*,#5825,.T.);
#8997 = ORIENTED_EDGE('',*,*,#8949,.F.);
#8998 = ORIENTED_EDGE('',*,*,#2196,.F.);
#8999 = ADVANCED_FACE('',(#9000),#2184,.F.);
#9000 = FACE_BOUND('',#9001,.F.);
#9001 = EDGE_LOOP('',(#9002,#9023,#9024,#9025));
#9002 = ORIENTED_EDGE('',*,*,#9003,.T.);
#9003 = EDGE_CURVE('',#2141,#5780,#9004,.T.);
#9004 = SURFACE_CURVE('',#9005,(#9009,#9016),.PCURVE_S1.);
#9005 = LINE('',#9006,#9007);
#9006 = CARTESIAN_POINT('',(-2.999984384491,-428.1112540521,
    -6.071484775267));
#9007 = VECTOR('',#9008,1.);
#9008 = DIRECTION('',(1.,-4.273210745757E-14,7.418371472667E-14));
#9009 = PCURVE('',#2184,#9010);
#9010 = DEFINITIONAL_REPRESENTATION('',(#9011),#9015);
#9011 = LINE('',#9012,#9013);
#9012 = CARTESIAN_POINT('',(0.,0.));
#9013 = VECTOR('',#9014,1.);
#9014 = DIRECTION('',(1.703939555277E-28,-1.));
#9015 = ( GEOMETRIC_REPRESENTATION_CONTEXT(2) 
PARAMETRIC_REPRESENTATION_CONTEXT() REPRESENTATION_CONTEXT('2D SPACE',''
  ) );
#9016 = PCURVE('',#2156,#9017);
#9017 = DEFINITIONAL_REPRESENTATION('',(#9018),#9022);
#9018 = LINE('',#9019,#9020);
#9019 = CARTESIAN_POINT('',(1.438119868047,1.204769541818E-13));
#9020 = VECTOR('',#9021,1.);
#9021 = DIRECTION('',(3.620556010602E-26,-1.));
#9022 = ( GEOMETRIC_REPRESENTATION_CONTEXT(2) 
PARAMETRIC_REPRESENTATION_CONTEXT() REPRESENTATION_CONTEXT('2D SPACE',''
  ) );
#9023 = ORIENTED_EDGE('',*,*,#5802,.T.);
#9024 = ORIENTED_EDGE('',*,*,#8976,.F.);
#9025 = ORIENTED_EDGE('',*,*,#2168,.F.);
#9026 = ADVANCED_FACE('',(#9027),#2156,.F.);
#9027 = FACE_BOUND('',#9028,.F.);
#9028 = EDGE_LOOP('',(#9029,#9050,#9051,#9052));
#9029 = ORIENTED_EDGE('',*,*,#9030,.T.);
#9030 = EDGE_CURVE('',#2113,#5757,#9031,.T.);
#9031 = SURFACE_CURVE('',#9032,(#9036,#9043),.PCURVE_S1.);
#9032 = LINE('',#9033,#9034);
#9033 = CARTESIAN_POINT('',(-2.999984384491,-429.0704517014,
    -4.999977134394));
#9034 = VECTOR('',#9035,1.);
#9035 = DIRECTION('',(1.,-4.273210745757E-14,7.418371472667E-14));
#9036 = PCURVE('',#2156,#9037);
#9037 = DEFINITIONAL_REPRESENTATION('',(#9038),#9042);
#9038 = LINE('',#9039,#9040);
#9039 = CARTESIAN_POINT('',(0.,0.));
#9040 = VECTOR('',#9041,1.);
#9041 = DIRECTION('',(3.620556010602E-26,-1.));
#9042 = ( GEOMETRIC_REPRESENTATION_CONTEXT(2) 
PARAMETRIC_REPRESENTATION_CONTEXT() REPRESENTATION_CONTEXT('2D SPACE',''
  ) );
#9043 = PCURVE('',#2128,#9044);
#9044 = DEFINITIONAL_REPRESENTATION('',(#9045),#9049);
#9045 = LINE('',#9046,#9047);
#9046 = CARTESIAN_POINT('',(4.999977030333,-6.291720309114E-13));
#9047 = VECTOR('',#9048,1.);
#9048 = DIRECTION('',(-4.278781549919E-27,-1.));
#9049 = ( GEOMETRIC_REPRESENTATION_CONTEXT(2) 
PARAMETRIC_REPRESENTATION_CONTEXT() REPRESENTATION_CONTEXT('2D SPACE',''
  ) );
#9050 = ORIENTED_EDGE('',*,*,#5779,.T.);
#9051 = ORIENTED_EDGE('',*,*,#9003,.F.);
#9052 = ORIENTED_EDGE('',*,*,#2140,.F.);
#9053 = ADVANCED_FACE('',(#9054),#2128,.F.);
#9054 = FACE_BOUND('',#9055,.F.);
#9055 = EDGE_LOOP('',(#9056,#9077,#9078,#9079));
#9056 = ORIENTED_EDGE('',*,*,#9057,.T.);
#9057 = EDGE_CURVE('',#2085,#5734,#9058,.T.);
#9058 = SURFACE_CURVE('',#9059,(#9063,#9070),.PCURVE_S1.);
#9059 = LINE('',#9060,#9061);
#9060 = CARTESIAN_POINT('',(-2.999984384492,-429.0704517017,
    -1.040609698217E-07));
#9061 = VECTOR('',#9062,1.);
#9062 = DIRECTION('',(1.,-4.273210745757E-14,7.418371472667E-14));
#9063 = PCURVE('',#2128,#9064);
#9064 = DEFINITIONAL_REPRESENTATION('',(#9065),#9069);
#9065 = LINE('',#9066,#9067);
#9066 = CARTESIAN_POINT('',(0.,0.));
#9067 = VECTOR('',#9068,1.);
#9068 = DIRECTION('',(-4.278781549919E-27,-1.));
#9069 = ( GEOMETRIC_REPRESENTATION_CONTEXT(2) 
PARAMETRIC_REPRESENTATION_CONTEXT() REPRESENTATION_CONTEXT('2D SPACE',''
  ) );
#9070 = PCURVE('',#2100,#9071);
#9071 = DEFINITIONAL_REPRESENTATION('',(#9072),#9076);
#9072 = LINE('',#9073,#9074);
#9073 = CARTESIAN_POINT('',(10.3149974721,5.593073201996E-13));
#9074 = VECTOR('',#9075,1.);
#9075 = DIRECTION('',(1.500376360112E-28,-1.));
#9076 = ( GEOMETRIC_REPRESENTATION_CONTEXT(2) 
PARAMETRIC_REPRESENTATION_CONTEXT() REPRESENTATION_CONTEXT('2D SPACE',''
  ) );
#9077 = ORIENTED_EDGE('',*,*,#5756,.T.);
#9078 = ORIENTED_EDGE('',*,*,#9030,.F.);
#9079 = ORIENTED_EDGE('',*,*,#2112,.F.);
#9080 = ADVANCED_FACE('',(#9081),#2100,.F.);
#9081 = FACE_BOUND('',#9082,.F.);
#9082 = EDGE_LOOP('',(#9083,#9104,#9105,#9106));
#9083 = ORIENTED_EDGE('',*,*,#9084,.T.);
#9084 = EDGE_CURVE('',#2057,#5711,#9085,.T.);
#9085 = SURFACE_CURVE('',#9086,(#9090,#9097),.PCURVE_S1.);
#9086 = LINE('',#9087,#9088);
#9087 = CARTESIAN_POINT('',(-2.999984384491,-418.7554542296,
    -1.037968020527E-07));
#9088 = VECTOR('',#9089,1.);
#9089 = DIRECTION('',(1.,-4.273210745757E-14,7.418371472667E-14));
#9090 = PCURVE('',#2100,#9091);
#9091 = DEFINITIONAL_REPRESENTATION('',(#9092),#9096);
#9092 = LINE('',#9093,#9094);
#9093 = CARTESIAN_POINT('',(-0.,0.));
#9094 = VECTOR('',#9095,1.);
#9095 = DIRECTION('',(1.500376360112E-28,-1.));
#9096 = ( GEOMETRIC_REPRESENTATION_CONTEXT(2) 
PARAMETRIC_REPRESENTATION_CONTEXT() REPRESENTATION_CONTEXT('2D SPACE',''
  ) );
#9097 = PCURVE('',#2072,#9098);
#9098 = DEFINITIONAL_REPRESENTATION('',(#9099),#9103);
#9099 = LINE('',#9100,#9101);
#9100 = CARTESIAN_POINT('',(4.999977237851,-3.709168850368E-13));
#9101 = VECTOR('',#9102,1.);
#9102 = DIRECTION('',(-1.943753270465E-27,-1.));
#9103 = ( GEOMETRIC_REPRESENTATION_CONTEXT(2) 
PARAMETRIC_REPRESENTATION_CONTEXT() REPRESENTATION_CONTEXT('2D SPACE',''
  ) );
#9104 = ORIENTED_EDGE('',*,*,#5733,.T.);
#9105 = ORIENTED_EDGE('',*,*,#9057,.F.);
#9106 = ORIENTED_EDGE('',*,*,#2084,.F.);
#9107 = ADVANCED_FACE('',(#9108),#2072,.F.);
#9108 = FACE_BOUND('',#9109,.F.);
#9109 = EDGE_LOOP('',(#9110,#9131,#9132,#9133));
#9110 = ORIENTED_EDGE('',*,*,#9111,.T.);
#9111 = EDGE_CURVE('',#2029,#5688,#9112,.T.);
#9112 = SURFACE_CURVE('',#9113,(#9117,#9124),.PCURVE_S1.);
#9113 = LINE('',#9114,#9115);
#9114 = CARTESIAN_POINT('',(-2.999984384491,-418.7554542299,
    -4.999977341648));
#9115 = VECTOR('',#9116,1.);
#9116 = DIRECTION('',(1.,-4.273210745757E-14,7.418371472667E-14));
#9117 = PCURVE('',#2072,#9118);
#9118 = DEFINITIONAL_REPRESENTATION('',(#9119),#9123);
#9119 = LINE('',#9120,#9121);
#9120 = CARTESIAN_POINT('',(0.,0.));
#9121 = VECTOR('',#9122,1.);
#9122 = DIRECTION('',(-1.943753270465E-27,-1.));
#9123 = ( GEOMETRIC_REPRESENTATION_CONTEXT(2) 
PARAMETRIC_REPRESENTATION_CONTEXT() REPRESENTATION_CONTEXT('2D SPACE',''
  ) );
#9124 = PCURVE('',#2044,#9125);
#9125 = DEFINITIONAL_REPRESENTATION('',(#9126),#9130);
#9126 = LINE('',#9127,#9128);
#9127 = CARTESIAN_POINT('',(1.232051085771,-1.015257333319E-13));
#9128 = VECTOR('',#9129,1.);
#9129 = DIRECTION('',(1.520923825266E-26,-1.));
#9130 = ( GEOMETRIC_REPRESENTATION_CONTEXT(2) 
PARAMETRIC_REPRESENTATION_CONTEXT() REPRESENTATION_CONTEXT('2D SPACE',''
  ) );
#9131 = ORIENTED_EDGE('',*,*,#5710,.T.);
#9132 = ORIENTED_EDGE('',*,*,#9084,.F.);
#9133 = ORIENTED_EDGE('',*,*,#2056,.F.);
#9134 = ADVANCED_FACE('',(#9135),#2044,.F.);
#9135 = FACE_BOUND('',#9136,.F.);
#9136 = EDGE_LOOP('',(#9137,#9158,#9159,#9160));
#9137 = ORIENTED_EDGE('',*,*,#9138,.T.);
#9138 = EDGE_CURVE('',#2001,#5665,#9139,.T.);
#9139 = SURFACE_CURVE('',#9140,(#9144,#9151),.PCURVE_S1.);
#9140 = LINE('',#9141,#9142);
#9141 = CARTESIAN_POINT('',(-2.999984384491,-417.8740448911,
    -5.860830090627));
#9142 = VECTOR('',#9143,1.);
#9143 = DIRECTION('',(1.,-4.273210745757E-14,7.418371472667E-14));
#9144 = PCURVE('',#2044,#9145);
#9145 = DEFINITIONAL_REPRESENTATION('',(#9146),#9150);
#9146 = LINE('',#9147,#9148);
#9147 = CARTESIAN_POINT('',(0.,0.));
#9148 = VECTOR('',#9149,1.);
#9149 = DIRECTION('',(1.520923825266E-26,-1.));
#9150 = ( GEOMETRIC_REPRESENTATION_CONTEXT(2) 
PARAMETRIC_REPRESENTATION_CONTEXT() REPRESENTATION_CONTEXT('2D SPACE',''
  ) );
#9151 = PCURVE('',#2016,#9152);
#9152 = DEFINITIONAL_REPRESENTATION('',(#9153),#9157);
#9153 = LINE('',#9154,#9155);
#9154 = CARTESIAN_POINT('',(1.23205108574,-1.01169781403E-13));
#9155 = VECTOR('',#9156,1.);
#9156 = DIRECTION('',(1.457814952848E-27,-1.));
#9157 = ( GEOMETRIC_REPRESENTATION_CONTEXT(2) 
PARAMETRIC_REPRESENTATION_CONTEXT() REPRESENTATION_CONTEXT('2D SPACE',''
  ) );
#9158 = ORIENTED_EDGE('',*,*,#5687,.T.);
#9159 = ORIENTED_EDGE('',*,*,#9111,.F.);
#9160 = ORIENTED_EDGE('',*,*,#2028,.F.);
#9161 = ADVANCED_FACE('',(#9162),#2016,.F.);
#9162 = FACE_BOUND('',#9163,.F.);
#9163 = EDGE_LOOP('',(#9164,#9185,#9186,#9187));
#9164 = ORIENTED_EDGE('',*,*,#9165,.T.);
#9165 = EDGE_CURVE('',#1973,#5642,#9166,.T.);
#9166 = SURFACE_CURVE('',#9167,(#9171,#9178),.PCURVE_S1.);
#9167 = LINE('',#9168,#9169);
#9168 = CARTESIAN_POINT('',(-2.999984384491,-416.98221373,
    -6.710881299651));
#9169 = VECTOR('',#9170,1.);
#9170 = DIRECTION('',(1.,-4.273210745757E-14,7.418371472667E-14));
#9171 = PCURVE('',#2016,#9172);
#9172 = DEFINITIONAL_REPRESENTATION('',(#9173),#9177);
#9173 = LINE('',#9174,#9175);
#9174 = CARTESIAN_POINT('',(0.,0.));
#9175 = VECTOR('',#9176,1.);
#9176 = DIRECTION('',(1.457814952848E-27,-1.));
#9177 = ( GEOMETRIC_REPRESENTATION_CONTEXT(2) 
PARAMETRIC_REPRESENTATION_CONTEXT() REPRESENTATION_CONTEXT('2D SPACE',''
  ) );
#9178 = PCURVE('',#1988,#9179);
#9179 = DEFINITIONAL_REPRESENTATION('',(#9180),#9184);
#9180 = LINE('',#9181,#9182);
#9181 = CARTESIAN_POINT('',(1.232051085763,-1.007988142911E-13));
#9182 = VECTOR('',#9183,1.);
#9183 = DIRECTION('',(-1.531021244853E-26,-1.));
#9184 = ( GEOMETRIC_REPRESENTATION_CONTEXT(2) 
PARAMETRIC_REPRESENTATION_CONTEXT() REPRESENTATION_CONTEXT('2D SPACE',''
  ) );
#9185 = ORIENTED_EDGE('',*,*,#5664,.T.);
#9186 = ORIENTED_EDGE('',*,*,#9138,.F.);
#9187 = ORIENTED_EDGE('',*,*,#2000,.F.);
#9188 = ADVANCED_FACE('',(#9189),#1988,.F.);
#9189 = FACE_BOUND('',#9190,.F.);
#9190 = EDGE_LOOP('',(#9191,#9212,#9213,#9214));
#9191 = ORIENTED_EDGE('',*,*,#9192,.T.);
#9192 = EDGE_CURVE('',#1945,#5619,#9193,.T.);
#9193 = SURFACE_CURVE('',#9194,(#9198,#9205),.PCURVE_S1.);
#9194 = LINE('',#9195,#9196);
#9195 = CARTESIAN_POINT('',(-2.999984384491,-416.0800931083,
    -7.550004807743));
#9196 = VECTOR('',#9197,1.);
#9197 = DIRECTION('',(1.,-4.273210745757E-14,7.418371472667E-14));
#9198 = PCURVE('',#1988,#9199);
#9199 = DEFINITIONAL_REPRESENTATION('',(#9200),#9204);
#9200 = LINE('',#9201,#9202);
#9201 = CARTESIAN_POINT('',(0.,0.));
#9202 = VECTOR('',#9203,1.);
#9203 = DIRECTION('',(-1.531021244853E-26,-1.));
#9204 = ( GEOMETRIC_REPRESENTATION_CONTEXT(2) 
PARAMETRIC_REPRESENTATION_CONTEXT() REPRESENTATION_CONTEXT('2D SPACE',''
  ) );
#9205 = PCURVE('',#1960,#9206);
#9206 = DEFINITIONAL_REPRESENTATION('',(#9207),#9211);
#9207 = LINE('',#9208,#9209);
#9208 = CARTESIAN_POINT('',(1.232051085708,-1.004128870427E-13));
#9209 = VECTOR('',#9210,1.);
#9210 = DIRECTION('',(-1.72855201552E-26,-1.));
#9211 = ( GEOMETRIC_REPRESENTATION_CONTEXT(2) 
PARAMETRIC_REPRESENTATION_CONTEXT() REPRESENTATION_CONTEXT('2D SPACE',''
  ) );
#9212 = ORIENTED_EDGE('',*,*,#5641,.T.);
#9213 = ORIENTED_EDGE('',*,*,#9165,.F.);
#9214 = ORIENTED_EDGE('',*,*,#1972,.F.);
#9215 = ADVANCED_FACE('',(#9216),#1960,.F.);
#9216 = FACE_BOUND('',#9217,.F.);
#9217 = EDGE_LOOP('',(#9218,#9239,#9240,#9241));
#9218 = ORIENTED_EDGE('',*,*,#9219,.T.);
#9219 = EDGE_CURVE('',#1917,#5596,#9220,.T.);
#9220 = SURFACE_CURVE('',#9221,(#9225,#9232),.PCURVE_S1.);
#9221 = LINE('',#9222,#9223);
#9222 = CARTESIAN_POINT('',(-2.999984384491,-415.167816915,
    -8.378076075771));
#9223 = VECTOR('',#9224,1.);
#9224 = DIRECTION('',(1.,-4.273210745757E-14,7.418371472667E-14));
#9225 = PCURVE('',#1960,#9226);
#9226 = DEFINITIONAL_REPRESENTATION('',(#9227),#9231);
#9227 = LINE('',#9228,#9229);
#9228 = CARTESIAN_POINT('',(0.,0.));
#9229 = VECTOR('',#9230,1.);
#9230 = DIRECTION('',(-1.72855201552E-26,-1.));
#9231 = ( GEOMETRIC_REPRESENTATION_CONTEXT(2) 
PARAMETRIC_REPRESENTATION_CONTEXT() REPRESENTATION_CONTEXT('2D SPACE',''
  ) );
#9232 = PCURVE('',#1932,#9233);
#9233 = DEFINITIONAL_REPRESENTATION('',(#9234),#9238);
#9234 = LINE('',#9235,#9236);
#9235 = CARTESIAN_POINT('',(1.23205108576,9.000768436318E-13));
#9236 = VECTOR('',#9237,1.);
#9237 = DIRECTION('',(2.345756787765E-26,-1.));
#9238 = ( GEOMETRIC_REPRESENTATION_CONTEXT(2) 
PARAMETRIC_REPRESENTATION_CONTEXT() REPRESENTATION_CONTEXT('2D SPACE',''
  ) );
#9239 = ORIENTED_EDGE('',*,*,#5618,.T.);
#9240 = ORIENTED_EDGE('',*,*,#9192,.F.);
#9241 = ORIENTED_EDGE('',*,*,#1944,.F.);
#9242 = ADVANCED_FACE('',(#9243),#1932,.F.);
#9243 = FACE_BOUND('',#9244,.F.);
#9244 = EDGE_LOOP('',(#9245,#9266,#9267,#9268));
#9245 = ORIENTED_EDGE('',*,*,#9246,.T.);
#9246 = EDGE_CURVE('',#1889,#5573,#9247,.T.);
#9247 = SURFACE_CURVE('',#9248,(#9252,#9259),.PCURVE_S1.);
#9248 = LINE('',#9249,#9250);
#9249 = CARTESIAN_POINT('',(-2.99998438449,-414.2455205461,
    -9.194972204931));
#9250 = VECTOR('',#9251,1.);
#9251 = DIRECTION('',(1.,-4.273210745757E-14,7.418371472667E-14));
#9252 = PCURVE('',#1932,#9253);
#9253 = DEFINITIONAL_REPRESENTATION('',(#9254),#9258);
#9254 = LINE('',#9255,#9256);
#9255 = CARTESIAN_POINT('',(0.,0.));
#9256 = VECTOR('',#9257,1.);
#9257 = DIRECTION('',(2.345756787765E-26,-1.));
#9258 = ( GEOMETRIC_REPRESENTATION_CONTEXT(2) 
PARAMETRIC_REPRESENTATION_CONTEXT() REPRESENTATION_CONTEXT('2D SPACE',''
  ) );
#9259 = PCURVE('',#1904,#9260);
#9260 = DEFINITIONAL_REPRESENTATION('',(#9261),#9265);
#9261 = LINE('',#9262,#9263);
#9262 = CARTESIAN_POINT('',(1.232051085805,-9.959638349498E-14));
#9263 = VECTOR('',#9264,1.);
#9264 = DIRECTION('',(-2.422118523391E-26,-1.));
#9265 = ( GEOMETRIC_REPRESENTATION_CONTEXT(2) 
PARAMETRIC_REPRESENTATION_CONTEXT() REPRESENTATION_CONTEXT('2D SPACE',''
  ) );
#9266 = ORIENTED_EDGE('',*,*,#5595,.T.);
#9267 = ORIENTED_EDGE('',*,*,#9219,.F.);
#9268 = ORIENTED_EDGE('',*,*,#1916,.F.);
#9269 = ADVANCED_FACE('',(#9270),#1904,.F.);
#9270 = FACE_BOUND('',#9271,.F.);
#9271 = EDGE_LOOP('',(#9272,#9293,#9294,#9295));
#9272 = ORIENTED_EDGE('',*,*,#9273,.T.);
#9273 = EDGE_CURVE('',#1861,#5550,#9274,.T.);
#9274 = SURFACE_CURVE('',#9275,(#9279,#9286),.PCURVE_S1.);
#9275 = LINE('',#9276,#9277);
#9276 = CARTESIAN_POINT('',(-2.99998438449,-413.3133408849,
    -10.00057195498));
#9277 = VECTOR('',#9278,1.);
#9278 = DIRECTION('',(1.,-4.273210745757E-14,7.418371472667E-14));
#9279 = PCURVE('',#1904,#9280);
#9280 = DEFINITIONAL_REPRESENTATION('',(#9281),#9285);
#9281 = LINE('',#9282,#9283);
#9282 = CARTESIAN_POINT('',(0.,0.));
#9283 = VECTOR('',#9284,1.);
#9284 = DIRECTION('',(-2.422118523391E-26,-1.));
#9285 = ( GEOMETRIC_REPRESENTATION_CONTEXT(2) 
PARAMETRIC_REPRESENTATION_CONTEXT() REPRESENTATION_CONTEXT('2D SPACE',''
  ) );
#9286 = PCURVE('',#1876,#9287);
#9287 = DEFINITIONAL_REPRESENTATION('',(#9288),#9292);
#9288 = LINE('',#9289,#9290);
#9289 = CARTESIAN_POINT('',(1.232051085721,-9.916592835848E-14));
#9290 = VECTOR('',#9291,1.);
#9291 = DIRECTION('',(-2.013173030124E-27,-1.));
#9292 = ( GEOMETRIC_REPRESENTATION_CONTEXT(2) 
PARAMETRIC_REPRESENTATION_CONTEXT() REPRESENTATION_CONTEXT('2D SPACE',''
  ) );
#9293 = ORIENTED_EDGE('',*,*,#5572,.T.);
#9294 = ORIENTED_EDGE('',*,*,#9246,.F.);
#9295 = ORIENTED_EDGE('',*,*,#1888,.F.);
#9296 = ADVANCED_FACE('',(#9297),#1876,.F.);
#9297 = FACE_BOUND('',#9298,.F.);
#9298 = EDGE_LOOP('',(#9299,#9320,#9321,#9322));
#9299 = ORIENTED_EDGE('',*,*,#9300,.T.);
#9300 = EDGE_CURVE('',#1833,#5527,#9301,.T.);
#9301 = SURFACE_CURVE('',#9302,(#9306,#9313),.PCURVE_S1.);
#9302 = LINE('',#9303,#9304);
#9303 = CARTESIAN_POINT('',(-2.99998438449,-412.3714162817,
    -10.79475576224));
#9304 = VECTOR('',#9305,1.);
#9305 = DIRECTION('',(1.,-4.273210745757E-14,7.418371472667E-14));
#9306 = PCURVE('',#1876,#9307);
#9307 = DEFINITIONAL_REPRESENTATION('',(#9308),#9312);
#9308 = LINE('',#9309,#9310);
#9309 = CARTESIAN_POINT('',(0.,0.));
#9310 = VECTOR('',#9311,1.);
#9311 = DIRECTION('',(-2.013173030124E-27,-1.));
#9312 = ( GEOMETRIC_REPRESENTATION_CONTEXT(2) 
PARAMETRIC_REPRESENTATION_CONTEXT() REPRESENTATION_CONTEXT('2D SPACE',''
  ) );
#9313 = PCURVE('',#1848,#9314);
#9314 = DEFINITIONAL_REPRESENTATION('',(#9315),#9319);
#9315 = LINE('',#9316,#9317);
#9316 = CARTESIAN_POINT('',(1.232051085746,-9.872075544664E-14));
#9317 = VECTOR('',#9318,1.);
#9318 = DIRECTION('',(1.607382980478E-26,-1.));
#9319 = ( GEOMETRIC_REPRESENTATION_CONTEXT(2) 
PARAMETRIC_REPRESENTATION_CONTEXT() REPRESENTATION_CONTEXT('2D SPACE',''
  ) );
#9320 = ORIENTED_EDGE('',*,*,#5549,.T.);
#9321 = ORIENTED_EDGE('',*,*,#9273,.F.);
#9322 = ORIENTED_EDGE('',*,*,#1860,.F.);
#9323 = ADVANCED_FACE('',(#9324),#1848,.F.);
#9324 = FACE_BOUND('',#9325,.F.);
#9325 = EDGE_LOOP('',(#9326,#9347,#9348,#9349));
#9326 = ORIENTED_EDGE('',*,*,#9327,.T.);
#9327 = EDGE_CURVE('',#1805,#5504,#9328,.T.);
#9328 = SURFACE_CURVE('',#9329,(#9333,#9340),.PCURVE_S1.);
#9329 = LINE('',#9330,#9331);
#9330 = CARTESIAN_POINT('',(-2.99998438449,-411.4198865328,
    -11.57740575735));
#9331 = VECTOR('',#9332,1.);
#9332 = DIRECTION('',(1.,-4.273210745757E-14,7.418371472667E-14));
#9333 = PCURVE('',#1848,#9334);
#9334 = DEFINITIONAL_REPRESENTATION('',(#9335),#9339);
#9335 = LINE('',#9336,#9337);
#9336 = CARTESIAN_POINT('',(0.,0.));
#9337 = VECTOR('',#9338,1.);
#9338 = DIRECTION('',(1.607382980478E-26,-1.));
#9339 = ( GEOMETRIC_REPRESENTATION_CONTEXT(2) 
PARAMETRIC_REPRESENTATION_CONTEXT() REPRESENTATION_CONTEXT('2D SPACE',''
  ) );
#9340 = PCURVE('',#1820,#9341);
#9341 = DEFINITIONAL_REPRESENTATION('',(#9342),#9346);
#9342 = LINE('',#9343,#9344);
#9343 = CARTESIAN_POINT('',(1.23205108575,-9.826093081971E-14));
#9344 = VECTOR('',#9345,1.);
#9345 = DIRECTION('',(-8.349303820859E-27,-1.));
#9346 = ( GEOMETRIC_REPRESENTATION_CONTEXT(2) 
PARAMETRIC_REPRESENTATION_CONTEXT() REPRESENTATION_CONTEXT('2D SPACE',''
  ) );
#9347 = ORIENTED_EDGE('',*,*,#5526,.T.);
#9348 = ORIENTED_EDGE('',*,*,#9300,.F.);
#9349 = ORIENTED_EDGE('',*,*,#1832,.F.);
#9350 = ADVANCED_FACE('',(#9351),#1820,.F.);
#9351 = FACE_BOUND('',#9352,.F.);
#9352 = EDGE_LOOP('',(#9353,#9374,#9375,#9376));
#9353 = ORIENTED_EDGE('',*,*,#9354,.T.);
#9354 = EDGE_CURVE('',#1777,#5481,#9355,.T.);
#9355 = SURFACE_CURVE('',#9356,(#9360,#9367),.PCURVE_S1.);
#9356 = LINE('',#9357,#9358);
#9357 = CARTESIAN_POINT('',(-2.99998438449,-410.4588928602,
    -12.34840578272));
#9358 = VECTOR('',#9359,1.);
#9359 = DIRECTION('',(1.,-4.273210745757E-14,7.418371472667E-14));
#9360 = PCURVE('',#1820,#9361);
#9361 = DEFINITIONAL_REPRESENTATION('',(#9362),#9366);
#9362 = LINE('',#9363,#9364);
#9363 = CARTESIAN_POINT('',(0.,0.));
#9364 = VECTOR('',#9365,1.);
#9365 = DIRECTION('',(-8.349303820859E-27,-1.));
#9366 = ( GEOMETRIC_REPRESENTATION_CONTEXT(2) 
PARAMETRIC_REPRESENTATION_CONTEXT() REPRESENTATION_CONTEXT('2D SPACE',''
  ) );
#9367 = PCURVE('',#1792,#9368);
#9368 = DEFINITIONAL_REPRESENTATION('',(#9369),#9373);
#9369 = LINE('',#9370,#9371);
#9370 = CARTESIAN_POINT('',(1.232051085822,-9.778652272991E-14));
#9371 = VECTOR('',#9372,1.);
#9372 = DIRECTION('',(4.36208526151E-26,-1.));
#9373 = ( GEOMETRIC_REPRESENTATION_CONTEXT(2) 
PARAMETRIC_REPRESENTATION_CONTEXT() REPRESENTATION_CONTEXT('2D SPACE',''
  ) );
#9374 = ORIENTED_EDGE('',*,*,#5503,.T.);
#9375 = ORIENTED_EDGE('',*,*,#9327,.F.);
#9376 = ORIENTED_EDGE('',*,*,#1804,.F.);
#9377 = ADVANCED_FACE('',(#9378),#1792,.F.);
#9378 = FACE_BOUND('',#9379,.F.);
#9379 = EDGE_LOOP('',(#9380,#9401,#9402,#9403));
#9380 = ORIENTED_EDGE('',*,*,#9381,.T.);
#9381 = EDGE_CURVE('',#1749,#5458,#9382,.T.);
#9382 = SURFACE_CURVE('',#9383,(#9387,#9394),.PCURVE_S1.);
#9383 = LINE('',#9384,#9385);
#9384 = CARTESIAN_POINT('',(-2.99998438449,-409.4885778904,
    -13.10764140982));
#9385 = VECTOR('',#9386,1.);
#9386 = DIRECTION('',(1.,-4.273210745757E-14,7.418371472667E-14));
#9387 = PCURVE('',#1792,#9388);
#9388 = DEFINITIONAL_REPRESENTATION('',(#9389),#9393);
#9389 = LINE('',#9390,#9391);
#9390 = CARTESIAN_POINT('',(0.,0.));
#9391 = VECTOR('',#9392,1.);
#9392 = DIRECTION('',(4.36208526151E-26,-1.));
#9393 = ( GEOMETRIC_REPRESENTATION_CONTEXT(2) 
PARAMETRIC_REPRESENTATION_CONTEXT() REPRESENTATION_CONTEXT('2D SPACE',''
  ) );
#9394 = PCURVE('',#1764,#9395);
#9395 = DEFINITIONAL_REPRESENTATION('',(#9396),#9400);
#9396 = LINE('',#9397,#9398);
#9397 = CARTESIAN_POINT('',(1.232051085746,-9.729760156985E-14));
#9398 = VECTOR('',#9399,1.);
#9399 = DIRECTION('',(-3.595312461635E-26,-1.));
#9400 = ( GEOMETRIC_REPRESENTATION_CONTEXT(2) 
PARAMETRIC_REPRESENTATION_CONTEXT() REPRESENTATION_CONTEXT('2D SPACE',''
  ) );
#9401 = ORIENTED_EDGE('',*,*,#5480,.T.);
#9402 = ORIENTED_EDGE('',*,*,#9354,.F.);
#9403 = ORIENTED_EDGE('',*,*,#1776,.F.);
#9404 = ADVANCED_FACE('',(#9405),#1764,.F.);
#9405 = FACE_BOUND('',#9406,.F.);
#9406 = EDGE_LOOP('',(#9407,#9428,#9429,#9430));
#9407 = ORIENTED_EDGE('',*,*,#9408,.T.);
#9408 = EDGE_CURVE('',#1721,#5435,#9409,.T.);
#9409 = SURFACE_CURVE('',#9410,(#9414,#9421),.PCURVE_S1.);
#9410 = LINE('',#9411,#9412);
#9411 = CARTESIAN_POINT('',(-2.99998438449,-408.5090856336,
    -13.85499995614));
#9412 = VECTOR('',#9413,1.);
#9413 = DIRECTION('',(1.,-4.273210745757E-14,7.418371472667E-14));
#9414 = PCURVE('',#1764,#9415);
#9415 = DEFINITIONAL_REPRESENTATION('',(#9416),#9420);
#9416 = LINE('',#9417,#9418);
#9417 = CARTESIAN_POINT('',(0.,0.));
#9418 = VECTOR('',#9419,1.);
#9419 = DIRECTION('',(-3.595312461635E-26,-1.));
#9420 = ( GEOMETRIC_REPRESENTATION_CONTEXT(2) 
PARAMETRIC_REPRESENTATION_CONTEXT() REPRESENTATION_CONTEXT('2D SPACE',''
  ) );
#9421 = PCURVE('',#1736,#9422);
#9422 = DEFINITIONAL_REPRESENTATION('',(#9423),#9427);
#9423 = LINE('',#9424,#9425);
#9424 = CARTESIAN_POINT('',(1.232051085712,-9.679423991799E-14));
#9425 = VECTOR('',#9426,1.);
#9426 = DIRECTION('',(-5.055020680656E-27,-1.));
#9427 = ( GEOMETRIC_REPRESENTATION_CONTEXT(2) 
PARAMETRIC_REPRESENTATION_CONTEXT() REPRESENTATION_CONTEXT('2D SPACE',''
  ) );
#9428 = ORIENTED_EDGE('',*,*,#5457,.T.);
#9429 = ORIENTED_EDGE('',*,*,#9381,.F.);
#9430 = ORIENTED_EDGE('',*,*,#1748,.F.);
#9431 = ADVANCED_FACE('',(#9432),#1736,.F.);
#9432 = FACE_BOUND('',#9433,.F.);
#9433 = EDGE_LOOP('',(#9434,#9455,#9456,#9457));
#9434 = ORIENTED_EDGE('',*,*,#9435,.T.);
#9435 = EDGE_CURVE('',#1693,#5412,#9436,.T.);
#9436 = SURFACE_CURVE('',#9437,(#9441,#9448),.PCURVE_S1.);
#9437 = LINE('',#9438,#9439);
#9438 = CARTESIAN_POINT('',(-2.99998438449,-407.5205614618,
    -14.5903705019));
#9439 = VECTOR('',#9440,1.);
#9440 = DIRECTION('',(1.,-4.273210745757E-14,7.418371472667E-14));
#9441 = PCURVE('',#1736,#9442);
#9442 = DEFINITIONAL_REPRESENTATION('',(#9443),#9447);
#9443 = LINE('',#9444,#9445);
#9444 = CARTESIAN_POINT('',(0.,0.));
#9445 = VECTOR('',#9446,1.);
#9446 = DIRECTION('',(-5.055020680656E-27,-1.));
#9447 = ( GEOMETRIC_REPRESENTATION_CONTEXT(2) 
PARAMETRIC_REPRESENTATION_CONTEXT() REPRESENTATION_CONTEXT('2D SPACE',''
  ) );
#9448 = PCURVE('',#1708,#9449);
#9449 = DEFINITIONAL_REPRESENTATION('',(#9450),#9454);
#9450 = LINE('',#9451,#9452);
#9451 = CARTESIAN_POINT('',(1.232051085803,-9.627651248776E-14));
#9452 = VECTOR('',#9453,1.);
#9453 = DIRECTION('',(-6.367685226944E-27,-1.));
#9454 = ( GEOMETRIC_REPRESENTATION_CONTEXT(2) 
PARAMETRIC_REPRESENTATION_CONTEXT() REPRESENTATION_CONTEXT('2D SPACE',''
  ) );
#9455 = ORIENTED_EDGE('',*,*,#5434,.T.);
#9456 = ORIENTED_EDGE('',*,*,#9408,.F.);
#9457 = ORIENTED_EDGE('',*,*,#1720,.F.);
#9458 = ADVANCED_FACE('',(#9459),#1708,.F.);
#9459 = FACE_BOUND('',#9460,.F.);
#9460 = EDGE_LOOP('',(#9461,#9482,#9483,#9484));
#9461 = ORIENTED_EDGE('',*,*,#9462,.T.);
#9462 = EDGE_CURVE('',#1665,#5389,#9463,.T.);
#9463 = SURFACE_CURVE('',#9464,(#9468,#9475),.PCURVE_S1.);
#9464 = LINE('',#9465,#9466);
#9465 = CARTESIAN_POINT('',(-2.99998438449,-406.5231520874,
    -15.31364390656));
#9466 = VECTOR('',#9467,1.);
#9467 = DIRECTION('',(1.,-4.273210745757E-14,7.418371472667E-14));
#9468 = PCURVE('',#1708,#9469);
#9469 = DEFINITIONAL_REPRESENTATION('',(#9470),#9474);
#9470 = LINE('',#9471,#9472);
#9471 = CARTESIAN_POINT('',(0.,0.));
#9472 = VECTOR('',#9473,1.);
#9473 = DIRECTION('',(-6.367685226944E-27,-1.));
#9474 = ( GEOMETRIC_REPRESENTATION_CONTEXT(2) 
PARAMETRIC_REPRESENTATION_CONTEXT() REPRESENTATION_CONTEXT('2D SPACE',''
  ) );
#9475 = PCURVE('',#1680,#9476);
#9476 = DEFINITIONAL_REPRESENTATION('',(#9477),#9481);
#9477 = LINE('',#9478,#9479);
#9478 = CARTESIAN_POINT('',(1.23205108576,-9.574449609766E-14));
#9479 = VECTOR('',#9480,1.);
#9480 = DIRECTION('',(2.781839096171E-26,-1.));
#9481 = ( GEOMETRIC_REPRESENTATION_CONTEXT(2) 
PARAMETRIC_REPRESENTATION_CONTEXT() REPRESENTATION_CONTEXT('2D SPACE',''
  ) );
#9482 = ORIENTED_EDGE('',*,*,#5411,.T.);
#9483 = ORIENTED_EDGE('',*,*,#9435,.F.);
#9484 = ORIENTED_EDGE('',*,*,#1692,.F.);
#9485 = ADVANCED_FACE('',(#9486),#1680,.F.);
#9486 = FACE_BOUND('',#9487,.F.);
#9487 = EDGE_LOOP('',(#9488,#9509,#9510,#9511));
#9488 = ORIENTED_EDGE('',*,*,#9489,.T.);
#9489 = EDGE_CURVE('',#1637,#5366,#9490,.T.);
#9490 = SURFACE_CURVE('',#9491,(#9495,#9502),.PCURVE_S1.);
#9491 = LINE('',#9492,#9493);
#9492 = CARTESIAN_POINT('',(-2.99998438449,-405.5170055418,
    -16.02471282495));
#9493 = VECTOR('',#9494,1.);
#9494 = DIRECTION('',(1.,-4.273210745757E-14,7.418371472667E-14));
#9495 = PCURVE('',#1680,#9496);
#9496 = DEFINITIONAL_REPRESENTATION('',(#9497),#9501);
#9497 = LINE('',#9498,#9499);
#9498 = CARTESIAN_POINT('',(0.,0.));
#9499 = VECTOR('',#9500,1.);
#9500 = DIRECTION('',(2.781839096171E-26,-1.));
#9501 = ( GEOMETRIC_REPRESENTATION_CONTEXT(2) 
PARAMETRIC_REPRESENTATION_CONTEXT() REPRESENTATION_CONTEXT('2D SPACE',''
  ) );
#9502 = PCURVE('',#1652,#9503);
#9503 = DEFINITIONAL_REPRESENTATION('',(#9504),#9508);
#9504 = LINE('',#9505,#9506);
#9505 = CARTESIAN_POINT('',(1.232051085708,-9.519826971722E-14));
#9506 = VECTOR('',#9507,1.);
#9507 = DIRECTION('',(-3.344770238137E-27,-1.));
#9508 = ( GEOMETRIC_REPRESENTATION_CONTEXT(2) 
PARAMETRIC_REPRESENTATION_CONTEXT() REPRESENTATION_CONTEXT('2D SPACE',''
  ) );
#9509 = ORIENTED_EDGE('',*,*,#5388,.T.);
#9510 = ORIENTED_EDGE('',*,*,#9462,.F.);
#9511 = ORIENTED_EDGE('',*,*,#1664,.F.);
#9512 = ADVANCED_FACE('',(#9513),#1652,.F.);
#9513 = FACE_BOUND('',#9514,.F.);
#9514 = EDGE_LOOP('',(#9515,#9536,#9537,#9538));
#9515 = ORIENTED_EDGE('',*,*,#9516,.T.);
#9516 = EDGE_CURVE('',#1609,#5343,#9517,.T.);
#9517 = SURFACE_CURVE('',#9518,(#9522,#9529),.PCURVE_S1.);
#9518 = LINE('',#9519,#9520);
#9519 = CARTESIAN_POINT('',(-2.99998438449,-404.502271153,
    -16.72347172327));
#9520 = VECTOR('',#9521,1.);
#9521 = DIRECTION('',(1.,-4.273210745757E-14,7.418371472667E-14));
#9522 = PCURVE('',#1652,#9523);
#9523 = DEFINITIONAL_REPRESENTATION('',(#9524),#9528);
#9524 = LINE('',#9525,#9526);
#9525 = CARTESIAN_POINT('',(0.,0.));
#9526 = VECTOR('',#9527,1.);
#9527 = DIRECTION('',(-3.344770238137E-27,-1.));
#9528 = ( GEOMETRIC_REPRESENTATION_CONTEXT(2) 
PARAMETRIC_REPRESENTATION_CONTEXT() REPRESENTATION_CONTEXT('2D SPACE',''
  ) );
#9529 = PCURVE('',#1624,#9530);
#9530 = DEFINITIONAL_REPRESENTATION('',(#9531),#9535);
#9531 = LINE('',#9532,#9533);
#9532 = CARTESIAN_POINT('',(1.232051085766,9.050068969485E-13));
#9533 = VECTOR('',#9534,1.);
#9534 = DIRECTION('',(4.464321634827E-26,-1.));
#9535 = ( GEOMETRIC_REPRESENTATION_CONTEXT(2) 
PARAMETRIC_REPRESENTATION_CONTEXT() REPRESENTATION_CONTEXT('2D SPACE',''
  ) );
#9536 = ORIENTED_EDGE('',*,*,#5365,.T.);
#9537 = ORIENTED_EDGE('',*,*,#9489,.F.);
#9538 = ORIENTED_EDGE('',*,*,#1636,.F.);
#9539 = ADVANCED_FACE('',(#9540),#1624,.F.);
#9540 = FACE_BOUND('',#9541,.F.);
#9541 = EDGE_LOOP('',(#9542,#9563,#9564,#9565));
#9542 = ORIENTED_EDGE('',*,*,#9543,.T.);
#9543 = EDGE_CURVE('',#1581,#5320,#9544,.T.);
#9544 = SURFACE_CURVE('',#9545,(#9549,#9556),.PCURVE_S1.);
#9545 = LINE('',#9546,#9547);
#9546 = CARTESIAN_POINT('',(-2.999984384489,-403.4790995234,
    -17.40981689468));
#9547 = VECTOR('',#9548,1.);
#9548 = DIRECTION('',(1.,-4.273210745757E-14,7.418371472667E-14));
#9549 = PCURVE('',#1624,#9550);
#9550 = DEFINITIONAL_REPRESENTATION('',(#9551),#9555);
#9551 = LINE('',#9552,#9553);
#9552 = CARTESIAN_POINT('',(0.,0.));
#9553 = VECTOR('',#9554,1.);
#9554 = DIRECTION('',(4.464321634827E-26,-1.));
#9555 = ( GEOMETRIC_REPRESENTATION_CONTEXT(2) 
PARAMETRIC_REPRESENTATION_CONTEXT() REPRESENTATION_CONTEXT('2D SPACE',''
  ) );
#9556 = PCURVE('',#1596,#9557);
#9557 = DEFINITIONAL_REPRESENTATION('',(#9558),#9562);
#9558 = LINE('',#9559,#9560);
#9559 = CARTESIAN_POINT('',(1.232051085811,-9.406351337429E-14));
#9560 = VECTOR('',#9561,1.);
#9561 = DIRECTION('',(-8.885729236409E-27,-1.));
#9562 = ( GEOMETRIC_REPRESENTATION_CONTEXT(2) 
PARAMETRIC_REPRESENTATION_CONTEXT() REPRESENTATION_CONTEXT('2D SPACE',''
  ) );
#9563 = ORIENTED_EDGE('',*,*,#5342,.T.);
#9564 = ORIENTED_EDGE('',*,*,#9516,.F.);
#9565 = ORIENTED_EDGE('',*,*,#1608,.F.);
#9566 = ADVANCED_FACE('',(#9567),#1596,.F.);
#9567 = FACE_BOUND('',#9568,.F.);
#9568 = EDGE_LOOP('',(#9569,#9590,#9591,#9592));
#9569 = ORIENTED_EDGE('',*,*,#9570,.T.);
#9570 = EDGE_CURVE('',#1553,#5297,#9571,.T.);
#9571 = SURFACE_CURVE('',#9572,(#9576,#9583),.PCURVE_S1.);
#9572 = LINE('',#9573,#9574);
#9573 = CARTESIAN_POINT('',(-2.999984384489,-402.4476425078,
    -18.08364647478));
#9574 = VECTOR('',#9575,1.);
#9575 = DIRECTION('',(1.,-4.273210745757E-14,7.418371472667E-14));
#9576 = PCURVE('',#1596,#9577);
#9577 = DEFINITIONAL_REPRESENTATION('',(#9578),#9582);
#9578 = LINE('',#9579,#9580);
#9579 = CARTESIAN_POINT('',(0.,0.));
#9580 = VECTOR('',#9581,1.);
#9581 = DIRECTION('',(-8.885729236409E-27,-1.));
#9582 = ( GEOMETRIC_REPRESENTATION_CONTEXT(2) 
PARAMETRIC_REPRESENTATION_CONTEXT() REPRESENTATION_CONTEXT('2D SPACE',''
  ) );
#9583 = PCURVE('',#1568,#9584);
#9584 = DEFINITIONAL_REPRESENTATION('',(#9585),#9589);
#9585 = LINE('',#9586,#9587);
#9586 = CARTESIAN_POINT('',(1.232051085727,-9.347515180928E-14));
#9587 = VECTOR('',#9588,1.);
#9588 = DIRECTION('',(-2.225218841447E-26,-1.));
#9589 = ( GEOMETRIC_REPRESENTATION_CONTEXT(2) 
PARAMETRIC_REPRESENTATION_CONTEXT() REPRESENTATION_CONTEXT('2D SPACE',''
  ) );
#9590 = ORIENTED_EDGE('',*,*,#5319,.T.);
#9591 = ORIENTED_EDGE('',*,*,#9543,.F.);
#9592 = ORIENTED_EDGE('',*,*,#1580,.F.);
#9593 = ADVANCED_FACE('',(#9594),#1568,.F.);
#9594 = FACE_BOUND('',#9595,.F.);
#9595 = EDGE_LOOP('',(#9596,#9617,#9618,#9619));
#9596 = ORIENTED_EDGE('',*,*,#9597,.T.);
#9597 = EDGE_CURVE('',#1525,#5274,#9598,.T.);
#9598 = SURFACE_CURVE('',#9599,(#9603,#9610),.PCURVE_S1.);
#9599 = LINE('',#9600,#9601);
#9600 = CARTESIAN_POINT('',(-2.999984384489,-401.4080531908,
    -18.74486045665));
#9601 = VECTOR('',#9602,1.);
#9602 = DIRECTION('',(1.,-4.273210745757E-14,7.418371472667E-14));
#9603 = PCURVE('',#1568,#9604);
#9604 = DEFINITIONAL_REPRESENTATION('',(#9605),#9609);
#9605 = LINE('',#9606,#9607);
#9606 = CARTESIAN_POINT('',(0.,0.));
#9607 = VECTOR('',#9608,1.);
#9608 = DIRECTION('',(-2.225218841447E-26,-1.));
#9609 = ( GEOMETRIC_REPRESENTATION_CONTEXT(2) 
PARAMETRIC_REPRESENTATION_CONTEXT() REPRESENTATION_CONTEXT('2D SPACE',''
  ) );
#9610 = PCURVE('',#1540,#9611);
#9611 = DEFINITIONAL_REPRESENTATION('',(#9612),#9616);
#9612 = LINE('',#9613,#9614);
#9613 = CARTESIAN_POINT('',(1.232051085736,-9.287291706799E-14));
#9614 = VECTOR('',#9615,1.);
#9615 = DIRECTION('',(-7.061882823538E-27,-1.));
#9616 = ( GEOMETRIC_REPRESENTATION_CONTEXT(2) 
PARAMETRIC_REPRESENTATION_CONTEXT() REPRESENTATION_CONTEXT('2D SPACE',''
  ) );
#9617 = ORIENTED_EDGE('',*,*,#5296,.T.);
#9618 = ORIENTED_EDGE('',*,*,#9570,.F.);
#9619 = ORIENTED_EDGE('',*,*,#1552,.F.);
#9620 = ADVANCED_FACE('',(#9621),#1540,.F.);
#9621 = FACE_BOUND('',#9622,.F.);
#9622 = EDGE_LOOP('',(#9623,#9644,#9645,#9646));
#9623 = ORIENTED_EDGE('',*,*,#9624,.T.);
#9624 = EDGE_CURVE('',#1497,#5251,#9625,.T.);
#9625 = SURFACE_CURVE('',#9626,(#9630,#9637),.PCURVE_S1.);
#9626 = LINE('',#9627,#9628);
#9627 = CARTESIAN_POINT('',(-2.999984384489,-400.3604858637,
    -19.39336070573));
#9628 = VECTOR('',#9629,1.);
#9629 = DIRECTION('',(1.,-4.273210745757E-14,7.418371472667E-14));
#9630 = PCURVE('',#1540,#9631);
#9631 = DEFINITIONAL_REPRESENTATION('',(#9632),#9636);
#9632 = LINE('',#9633,#9634);
#9633 = CARTESIAN_POINT('',(0.,0.));
#9634 = VECTOR('',#9635,1.);
#9635 = DIRECTION('',(-7.061882823538E-27,-1.));
#9636 = ( GEOMETRIC_REPRESENTATION_CONTEXT(2) 
PARAMETRIC_REPRESENTATION_CONTEXT() REPRESENTATION_CONTEXT('2D SPACE',''
  ) );
#9637 = PCURVE('',#1512,#9638);
#9638 = DEFINITIONAL_REPRESENTATION('',(#9639),#9643);
#9639 = LINE('',#9640,#9641);
#9640 = CARTESIAN_POINT('',(1.232051085805,-9.225689852894E-14));
#9641 = VECTOR('',#9642,1.);
#9642 = DIRECTION('',(-2.006231054158E-26,-1.));
#9643 = ( GEOMETRIC_REPRESENTATION_CONTEXT(2) 
PARAMETRIC_REPRESENTATION_CONTEXT() REPRESENTATION_CONTEXT('2D SPACE',''
  ) );
#9644 = ORIENTED_EDGE('',*,*,#5273,.T.);
#9645 = ORIENTED_EDGE('',*,*,#9597,.F.);
#9646 = ORIENTED_EDGE('',*,*,#1524,.F.);
#9647 = ADVANCED_FACE('',(#9648),#1512,.F.);
#9648 = FACE_BOUND('',#9649,.F.);
#9649 = EDGE_LOOP('',(#9650,#9671,#9672,#9673));
#9650 = ORIENTED_EDGE('',*,*,#9651,.T.);
#9651 = EDGE_CURVE('',#1469,#5228,#9652,.T.);
#9652 = SURFACE_CURVE('',#9653,(#9657,#9664),.PCURVE_S1.);
#9653 = LINE('',#9654,#9655);
#9654 = CARTESIAN_POINT('',(-2.999984384489,-399.3050960019,
    -20.02905097437));
#9655 = VECTOR('',#9656,1.);
#9656 = DIRECTION('',(1.,-4.273210745757E-14,7.418371472667E-14));
#9657 = PCURVE('',#1512,#9658);
#9658 = DEFINITIONAL_REPRESENTATION('',(#9659),#9663);
#9659 = LINE('',#9660,#9661);
#9660 = CARTESIAN_POINT('',(0.,0.));
#9661 = VECTOR('',#9662,1.);
#9662 = DIRECTION('',(-2.006231054158E-26,-1.));
#9663 = ( GEOMETRIC_REPRESENTATION_CONTEXT(2) 
PARAMETRIC_REPRESENTATION_CONTEXT() REPRESENTATION_CONTEXT('2D SPACE',''
  ) );
#9664 = PCURVE('',#1484,#9665);
#9665 = DEFINITIONAL_REPRESENTATION('',(#9666),#9670);
#9666 = LINE('',#9667,#9668);
#9667 = CARTESIAN_POINT('',(1.232051085679,-9.162718759994E-14));
#9668 = VECTOR('',#9669,1.);
#9669 = DIRECTION('',(1.460970396469E-26,-1.));
#9670 = ( GEOMETRIC_REPRESENTATION_CONTEXT(2) 
PARAMETRIC_REPRESENTATION_CONTEXT() REPRESENTATION_CONTEXT('2D SPACE',''
  ) );
#9671 = ORIENTED_EDGE('',*,*,#5250,.T.);
#9672 = ORIENTED_EDGE('',*,*,#9624,.F.);
#9673 = ORIENTED_EDGE('',*,*,#1496,.F.);
#9674 = ADVANCED_FACE('',(#9675),#1484,.F.);
#9675 = FACE_BOUND('',#9676,.F.);
#9676 = EDGE_LOOP('',(#9677,#9698,#9699,#9700));
#9677 = ORIENTED_EDGE('',*,*,#9678,.T.);
#9678 = EDGE_CURVE('',#1441,#5205,#9679,.T.);
#9679 = SURFACE_CURVE('',#9680,(#9684,#9691),.PCURVE_S1.);
#9680 = LINE('',#9681,#9682);
#9681 = CARTESIAN_POINT('',(-2.999984384489,-398.2420402421,
    -20.65183691615));
#9682 = VECTOR('',#9683,1.);
#9683 = DIRECTION('',(1.,-4.273210745757E-14,7.418371472667E-14));
#9684 = PCURVE('',#1484,#9685);
#9685 = DEFINITIONAL_REPRESENTATION('',(#9686),#9690);
#9686 = LINE('',#9687,#9688);
#9687 = CARTESIAN_POINT('',(0.,0.));
#9688 = VECTOR('',#9689,1.);
#9689 = DIRECTION('',(1.460970396469E-26,-1.));
#9690 = ( GEOMETRIC_REPRESENTATION_CONTEXT(2) 
PARAMETRIC_REPRESENTATION_CONTEXT() REPRESENTATION_CONTEXT('2D SPACE',''
  ) );
#9691 = PCURVE('',#1456,#9692);
#9692 = DEFINITIONAL_REPRESENTATION('',(#9693),#9697);
#9693 = LINE('',#9694,#9695);
#9694 = CARTESIAN_POINT('',(1.232051085809,-9.098387777369E-14));
#9695 = VECTOR('',#9696,1.);
#9696 = DIRECTION('',(-2.699797562028E-26,-1.));
#9697 = ( GEOMETRIC_REPRESENTATION_CONTEXT(2) 
PARAMETRIC_REPRESENTATION_CONTEXT() REPRESENTATION_CONTEXT('2D SPACE',''
  ) );
#9698 = ORIENTED_EDGE('',*,*,#5227,.T.);
#9699 = ORIENTED_EDGE('',*,*,#9651,.F.);
#9700 = ORIENTED_EDGE('',*,*,#1468,.F.);
#9701 = ADVANCED_FACE('',(#9702),#1456,.F.);
#9702 = FACE_BOUND('',#9703,.F.);
#9703 = EDGE_LOOP('',(#9704,#9725,#9726,#9727));
#9704 = ORIENTED_EDGE('',*,*,#9705,.T.);
#9705 = EDGE_CURVE('',#1413,#5182,#9706,.T.);
#9706 = SURFACE_CURVE('',#9707,(#9711,#9718),.PCURVE_S1.);
#9707 = LINE('',#9708,#9709);
#9708 = CARTESIAN_POINT('',(-2.999984384489,-397.1714763582,
    -21.26162609983));
#9709 = VECTOR('',#9710,1.);
#9710 = DIRECTION('',(1.,-4.273210745757E-14,7.418371472667E-14));
#9711 = PCURVE('',#1456,#9712);
#9712 = DEFINITIONAL_REPRESENTATION('',(#9713),#9717);
#9713 = LINE('',#9714,#9715);
#9714 = CARTESIAN_POINT('',(0.,0.));
#9715 = VECTOR('',#9716,1.);
#9716 = DIRECTION('',(-2.699797562028E-26,-1.));
#9717 = ( GEOMETRIC_REPRESENTATION_CONTEXT(2) 
PARAMETRIC_REPRESENTATION_CONTEXT() REPRESENTATION_CONTEXT('2D SPACE',''
  ) );
#9718 = PCURVE('',#1428,#9719);
#9719 = DEFINITIONAL_REPRESENTATION('',(#9720),#9724);
#9720 = LINE('',#9721,#9722);
#9721 = CARTESIAN_POINT('',(1.232051085789,-9.032706449706E-14));
#9722 = VECTOR('',#9723,1.);
#9723 = DIRECTION('',(2.726934377168E-26,-1.));
#9724 = ( GEOMETRIC_REPRESENTATION_CONTEXT(2) 
PARAMETRIC_REPRESENTATION_CONTEXT() REPRESENTATION_CONTEXT('2D SPACE',''
  ) );
#9725 = ORIENTED_EDGE('',*,*,#5204,.T.);
#9726 = ORIENTED_EDGE('',*,*,#9678,.F.);
#9727 = ORIENTED_EDGE('',*,*,#1440,.F.);
#9728 = ADVANCED_FACE('',(#9729),#1428,.F.);
#9729 = FACE_BOUND('',#9730,.F.);
#9730 = EDGE_LOOP('',(#9731,#9752,#9753,#9754));
#9731 = ORIENTED_EDGE('',*,*,#9732,.T.);
#9732 = EDGE_CURVE('',#1385,#5159,#9733,.T.);
#9733 = SURFACE_CURVE('',#9734,(#9738,#9745),.PCURVE_S1.);
#9734 = LINE('',#9735,#9736);
#9735 = CARTESIAN_POINT('',(-2.999984384489,-396.0935632389,
    -21.8583280231));
#9736 = VECTOR('',#9737,1.);
#9737 = DIRECTION('',(1.,-4.273210745757E-14,7.418371472667E-14));
#9738 = PCURVE('',#1428,#9739);
#9739 = DEFINITIONAL_REPRESENTATION('',(#9740),#9744);
#9740 = LINE('',#9741,#9742);
#9741 = CARTESIAN_POINT('',(0.,0.));
#9742 = VECTOR('',#9743,1.);
#9743 = DIRECTION('',(2.726934377168E-26,-1.));
#9744 = ( GEOMETRIC_REPRESENTATION_CONTEXT(2) 
PARAMETRIC_REPRESENTATION_CONTEXT() REPRESENTATION_CONTEXT('2D SPACE',''
  ) );
#9745 = PCURVE('',#1400,#9746);
#9746 = DEFINITIONAL_REPRESENTATION('',(#9747),#9751);
#9747 = LINE('',#9748,#9749);
#9748 = CARTESIAN_POINT('',(1.232051085732,-8.965684526026E-14));
#9749 = VECTOR('',#9750,1.);
#9750 = DIRECTION('',(-6.506524746263E-27,-1.));
#9751 = ( GEOMETRIC_REPRESENTATION_CONTEXT(2) 
PARAMETRIC_REPRESENTATION_CONTEXT() REPRESENTATION_CONTEXT('2D SPACE',''
  ) );
#9752 = ORIENTED_EDGE('',*,*,#5181,.T.);
#9753 = ORIENTED_EDGE('',*,*,#9705,.F.);
#9754 = ORIENTED_EDGE('',*,*,#1412,.F.);
#9755 = ADVANCED_FACE('',(#9756),#1400,.F.);
#9756 = FACE_BOUND('',#9757,.F.);
#9757 = EDGE_LOOP('',(#9758,#9779,#9780,#9781));
#9758 = ORIENTED_EDGE('',*,*,#9759,.T.);
#9759 = EDGE_CURVE('',#1357,#5136,#9760,.T.);
#9760 = SURFACE_CURVE('',#9761,(#9765,#9772),.PCURVE_S1.);
#9761 = LINE('',#9762,#9763);
#9762 = CARTESIAN_POINT('',(-2.999984384489,-395.0084608635,
    -22.44185412599));
#9763 = VECTOR('',#9764,1.);
#9764 = DIRECTION('',(1.,-4.273210745757E-14,7.418371472667E-14));
#9765 = PCURVE('',#1400,#9766);
#9766 = DEFINITIONAL_REPRESENTATION('',(#9767),#9771);
#9767 = LINE('',#9768,#9769);
#9768 = CARTESIAN_POINT('',(0.,0.));
#9769 = VECTOR('',#9770,1.);
#9770 = DIRECTION('',(-6.506524746263E-27,-1.));
#9771 = ( GEOMETRIC_REPRESENTATION_CONTEXT(2) 
PARAMETRIC_REPRESENTATION_CONTEXT() REPRESENTATION_CONTEXT('2D SPACE',''
  ) );
#9772 = PCURVE('',#1372,#9773);
#9773 = DEFINITIONAL_REPRESENTATION('',(#9774),#9778);
#9774 = LINE('',#9775,#9776);
#9775 = CARTESIAN_POINT('',(1.232051085745,-8.897331954201E-14));
#9776 = VECTOR('',#9777,1.);
#9777 = DIRECTION('',(-1.19212659997E-26,-1.));
#9778 = ( GEOMETRIC_REPRESENTATION_CONTEXT(2) 
PARAMETRIC_REPRESENTATION_CONTEXT() REPRESENTATION_CONTEXT('2D SPACE',''
  ) );
#9779 = ORIENTED_EDGE('',*,*,#5158,.T.);
#9780 = ORIENTED_EDGE('',*,*,#9732,.F.);
#9781 = ORIENTED_EDGE('',*,*,#1384,.F.);
#9782 = ADVANCED_FACE('',(#9783),#1372,.F.);
#9783 = FACE_BOUND('',#9784,.F.);
#9784 = EDGE_LOOP('',(#9785,#9806,#9807,#9808));
#9785 = ORIENTED_EDGE('',*,*,#9786,.T.);
#9786 = EDGE_CURVE('',#1329,#5113,#9787,.T.);
#9787 = SURFACE_CURVE('',#9788,(#9792,#9799),.PCURVE_S1.);
#9788 = LINE('',#9789,#9790);
#9789 = CARTESIAN_POINT('',(-2.999984384489,-393.9163302782,
    -23.01211780407));
#9790 = VECTOR('',#9791,1.);
#9791 = DIRECTION('',(1.,-4.273210745757E-14,7.418371472667E-14));
#9792 = PCURVE('',#1372,#9793);
#9793 = DEFINITIONAL_REPRESENTATION('',(#9794),#9798);
#9794 = LINE('',#9795,#9796);
#9795 = CARTESIAN_POINT('',(0.,0.));
#9796 = VECTOR('',#9797,1.);
#9797 = DIRECTION('',(-1.19212659997E-26,-1.));
#9798 = ( GEOMETRIC_REPRESENTATION_CONTEXT(2) 
PARAMETRIC_REPRESENTATION_CONTEXT() REPRESENTATION_CONTEXT('2D SPACE',''
  ) );
#9799 = PCURVE('',#1344,#9800);
#9800 = DEFINITIONAL_REPRESENTATION('',(#9801),#9805);
#9801 = LINE('',#9802,#9803);
#9802 = CARTESIAN_POINT('',(1.232051085722,-8.827658878056E-14));
#9803 = VECTOR('',#9804,1.);
#9804 = DIRECTION('',(-1.933655850878E-26,-1.));
#9805 = ( GEOMETRIC_REPRESENTATION_CONTEXT(2) 
PARAMETRIC_REPRESENTATION_CONTEXT() REPRESENTATION_CONTEXT('2D SPACE',''
  ) );
#9806 = ORIENTED_EDGE('',*,*,#5135,.T.);
#9807 = ORIENTED_EDGE('',*,*,#9759,.F.);
#9808 = ORIENTED_EDGE('',*,*,#1356,.F.);
#9809 = ADVANCED_FACE('',(#9810),#1344,.F.);
#9810 = FACE_BOUND('',#9811,.F.);
#9811 = EDGE_LOOP('',(#9812,#9833,#9834,#9835));
#9812 = ORIENTED_EDGE('',*,*,#9813,.T.);
#9813 = EDGE_CURVE('',#1301,#5090,#9814,.T.);
#9814 = SURFACE_CURVE('',#9815,(#9819,#9826),.PCURVE_S1.);
#9815 = LINE('',#9816,#9817);
#9816 = CARTESIAN_POINT('',(-2.999984384489,-392.8173335724,
    -23.56903442123));
#9817 = VECTOR('',#9818,1.);
#9818 = DIRECTION('',(1.,-4.273210745757E-14,7.418371472667E-14));
#9819 = PCURVE('',#1344,#9820);
#9820 = DEFINITIONAL_REPRESENTATION('',(#9821),#9825);
#9821 = LINE('',#9822,#9823);
#9822 = CARTESIAN_POINT('',(0.,0.));
#9823 = VECTOR('',#9824,1.);
#9824 = DIRECTION('',(-1.933655850878E-26,-1.));
#9825 = ( GEOMETRIC_REPRESENTATION_CONTEXT(2) 
PARAMETRIC_REPRESENTATION_CONTEXT() REPRESENTATION_CONTEXT('2D SPACE',''
  ) );
#9826 = PCURVE('',#1316,#9827);
#9827 = DEFINITIONAL_REPRESENTATION('',(#9828),#9832);
#9828 = LINE('',#9829,#9830);
#9829 = CARTESIAN_POINT('',(1.232051085786,9.125221441918E-13));
#9830 = VECTOR('',#9831,1.);
#9831 = DIRECTION('',(-2.757857724653E-26,-1.));
#9832 = ( GEOMETRIC_REPRESENTATION_CONTEXT(2) 
PARAMETRIC_REPRESENTATION_CONTEXT() REPRESENTATION_CONTEXT('2D SPACE',''
  ) );
#9833 = ORIENTED_EDGE('',*,*,#5112,.T.);
#9834 = ORIENTED_EDGE('',*,*,#9786,.F.);
#9835 = ORIENTED_EDGE('',*,*,#1328,.F.);
#9836 = ADVANCED_FACE('',(#9837),#1316,.F.);
#9837 = FACE_BOUND('',#9838,.F.);
#9838 = EDGE_LOOP('',(#9839,#9860,#9861,#9862));
#9839 = ORIENTED_EDGE('',*,*,#9840,.T.);
#9840 = EDGE_CURVE('',#1273,#5067,#9841,.T.);
#9841 = SURFACE_CURVE('',#9842,(#9846,#9853),.PCURVE_S1.);
#9842 = LINE('',#9843,#9844);
#9843 = CARTESIAN_POINT('',(-2.999984384488,-391.7116338544,
    -24.11252132227));
#9844 = VECTOR('',#9845,1.);
#9845 = DIRECTION('',(1.,-4.273210745757E-14,7.418371472667E-14));
#9846 = PCURVE('',#1316,#9847);
#9847 = DEFINITIONAL_REPRESENTATION('',(#9848),#9852);
#9848 = LINE('',#9849,#9850);
#9849 = CARTESIAN_POINT('',(0.,0.));
#9850 = VECTOR('',#9851,1.);
#9851 = DIRECTION('',(-2.757857724653E-26,-1.));
#9852 = ( GEOMETRIC_REPRESENTATION_CONTEXT(2) 
PARAMETRIC_REPRESENTATION_CONTEXT() REPRESENTATION_CONTEXT('2D SPACE',''
  ) );
#9853 = PCURVE('',#1288,#9854);
#9854 = DEFINITIONAL_REPRESENTATION('',(#9855),#9859);
#9855 = LINE('',#9856,#9857);
#9856 = CARTESIAN_POINT('',(1.232051085798,-8.684392771226E-14));
#9857 = VECTOR('',#9858,1.);
#9858 = DIRECTION('',(-3.779590369095E-26,-1.));
#9859 = ( GEOMETRIC_REPRESENTATION_CONTEXT(2) 
PARAMETRIC_REPRESENTATION_CONTEXT() REPRESENTATION_CONTEXT('2D SPACE',''
  ) );
#9860 = ORIENTED_EDGE('',*,*,#5089,.T.);
#9861 = ORIENTED_EDGE('',*,*,#9813,.F.);
#9862 = ORIENTED_EDGE('',*,*,#1300,.F.);
#9863 = ADVANCED_FACE('',(#9864),#1288,.F.);
#9864 = FACE_BOUND('',#9865,.F.);
#9865 = EDGE_LOOP('',(#9866,#9887,#9888,#9889));
#9866 = ORIENTED_EDGE('',*,*,#9867,.T.);
#9867 = EDGE_CURVE('',#1245,#5044,#9868,.T.);
#9868 = SURFACE_CURVE('',#9869,(#9873,#9880),.PCURVE_S1.);
#9869 = LINE('',#9870,#9871);
#9870 = CARTESIAN_POINT('',(-2.999984384488,-390.5993952275,
    -24.64249784519));
#9871 = VECTOR('',#9872,1.);
#9872 = DIRECTION('',(1.,-4.273210745757E-14,7.418371472667E-14));
#9873 = PCURVE('',#1288,#9874);
#9874 = DEFINITIONAL_REPRESENTATION('',(#9875),#9879);
#9875 = LINE('',#9876,#9877);
#9876 = CARTESIAN_POINT('',(0.,0.));
#9877 = VECTOR('',#9878,1.);
#9878 = DIRECTION('',(-3.779590369095E-26,-1.));
#9879 = ( GEOMETRIC_REPRESENTATION_CONTEXT(2) 
PARAMETRIC_REPRESENTATION_CONTEXT() REPRESENTATION_CONTEXT('2D SPACE',''
  ) );
#9880 = PCURVE('',#1260,#9881);
#9881 = DEFINITIONAL_REPRESENTATION('',(#9882),#9886);
#9882 = LINE('',#9883,#9884);
#9883 = CARTESIAN_POINT('',(1.232051085728,-8.610821002288E-14));
#9884 = VECTOR('',#9885,1.);
#9885 = DIRECTION('',(1.585294875132E-26,-1.));
#9886 = ( GEOMETRIC_REPRESENTATION_CONTEXT(2) 
PARAMETRIC_REPRESENTATION_CONTEXT() REPRESENTATION_CONTEXT('2D SPACE',''
  ) );
#9887 = ORIENTED_EDGE('',*,*,#5066,.T.);
#9888 = ORIENTED_EDGE('',*,*,#9840,.F.);
#9889 = ORIENTED_EDGE('',*,*,#1272,.F.);
#9890 = ADVANCED_FACE('',(#9891),#1260,.F.);
#9891 = FACE_BOUND('',#9892,.F.);
#9892 = EDGE_LOOP('',(#9893,#9914,#9915,#9916));
#9893 = ORIENTED_EDGE('',*,*,#9894,.T.);
#9894 = EDGE_CURVE('',#1217,#5021,#9895,.T.);
#9895 = SURFACE_CURVE('',#9896,(#9900,#9907),.PCURVE_S1.);
#9896 = LINE('',#9897,#9898);
#9897 = CARTESIAN_POINT('',(-2.999984384488,-389.4807827655,
    -25.15888533313));
#9898 = VECTOR('',#9899,1.);
#9899 = DIRECTION('',(1.,-4.273210745757E-14,7.418371472667E-14));
#9900 = PCURVE('',#1260,#9901);
#9901 = DEFINITIONAL_REPRESENTATION('',(#9902),#9906);
#9902 = LINE('',#9903,#9904);
#9903 = CARTESIAN_POINT('',(0.,0.));
#9904 = VECTOR('',#9905,1.);
#9905 = DIRECTION('',(1.585294875132E-26,-1.));
#9906 = ( GEOMETRIC_REPRESENTATION_CONTEXT(2) 
PARAMETRIC_REPRESENTATION_CONTEXT() REPRESENTATION_CONTEXT('2D SPACE',''
  ) );
#9907 = PCURVE('',#1232,#9908);
#9908 = DEFINITIONAL_REPRESENTATION('',(#9909),#9913);
#9909 = LINE('',#9910,#9911);
#9910 = CARTESIAN_POINT('',(1.232051085743,-8.535971252629E-14));
#9911 = VECTOR('',#9912,1.);
#9912 = DIRECTION('',(-1.606751891754E-26,-1.));
#9913 = ( GEOMETRIC_REPRESENTATION_CONTEXT(2) 
PARAMETRIC_REPRESENTATION_CONTEXT() REPRESENTATION_CONTEXT('2D SPACE',''
  ) );
#9914 = ORIENTED_EDGE('',*,*,#5043,.T.);
#9915 = ORIENTED_EDGE('',*,*,#9867,.F.);
#9916 = ORIENTED_EDGE('',*,*,#1244,.F.);
#9917 = ADVANCED_FACE('',(#9918),#1232,.F.);
#9918 = FACE_BOUND('',#9919,.F.);
#9919 = EDGE_LOOP('',(#9920,#9941,#9942,#9943));
#9920 = ORIENTED_EDGE('',*,*,#9921,.T.);
#9921 = EDGE_CURVE('',#1189,#4998,#9922,.T.);
#9922 = SURFACE_CURVE('',#9923,(#9927,#9934),.PCURVE_S1.);
#9923 = LINE('',#9924,#9925);
#9924 = CARTESIAN_POINT('',(-2.999984384488,-388.355962488,
    -25.66160714607));
#9925 = VECTOR('',#9926,1.);
#9926 = DIRECTION('',(1.,-4.273210745757E-14,7.418371472667E-14));
#9927 = PCURVE('',#1232,#9928);
#9928 = DEFINITIONAL_REPRESENTATION('',(#9929),#9933);
#9929 = LINE('',#9930,#9931);
#9930 = CARTESIAN_POINT('',(0.,0.));
#9931 = VECTOR('',#9932,1.);
#9932 = DIRECTION('',(-1.606751891754E-26,-1.));
#9933 = ( GEOMETRIC_REPRESENTATION_CONTEXT(2) 
PARAMETRIC_REPRESENTATION_CONTEXT() REPRESENTATION_CONTEXT('2D SPACE',''
  ) );
#9934 = PCURVE('',#1204,#9935);
#9935 = DEFINITIONAL_REPRESENTATION('',(#9936),#9940);
#9936 = LINE('',#9937,#9938);
#9937 = CARTESIAN_POINT('',(1.232051085783,-8.459854630692E-14));
#9938 = VECTOR('',#9939,1.);
#9939 = DIRECTION('',(1.002168893993E-26,-1.));
#9940 = ( GEOMETRIC_REPRESENTATION_CONTEXT(2) 
PARAMETRIC_REPRESENTATION_CONTEXT() REPRESENTATION_CONTEXT('2D SPACE',''
  ) );
#9941 = ORIENTED_EDGE('',*,*,#5020,.T.);
#9942 = ORIENTED_EDGE('',*,*,#9894,.F.);
#9943 = ORIENTED_EDGE('',*,*,#1216,.F.);
#9944 = ADVANCED_FACE('',(#9945),#1204,.F.);
#9945 = FACE_BOUND('',#9946,.F.);
#9946 = EDGE_LOOP('',(#9947,#9968,#9969,#9970));
#9947 = ORIENTED_EDGE('',*,*,#9948,.T.);
#9948 = EDGE_CURVE('',#1161,#4975,#9949,.T.);
#9949 = SURFACE_CURVE('',#9950,(#9954,#9961),.PCURVE_S1.);
#9950 = LINE('',#9951,#9952);
#9951 = CARTESIAN_POINT('',(-2.999984384488,-387.225101336,
    -26.15058867218));
#9952 = VECTOR('',#9953,1.);
#9953 = DIRECTION('',(1.,-4.273210745757E-14,7.418371472667E-14));
#9954 = PCURVE('',#1204,#9955);
#9955 = DEFINITIONAL_REPRESENTATION('',(#9956),#9960);
#9956 = LINE('',#9957,#9958);
#9957 = CARTESIAN_POINT('',(0.,0.));
#9958 = VECTOR('',#9959,1.);
#9959 = DIRECTION('',(1.002168893993E-26,-1.));
#9960 = ( GEOMETRIC_REPRESENTATION_CONTEXT(2) 
PARAMETRIC_REPRESENTATION_CONTEXT() REPRESENTATION_CONTEXT('2D SPACE',''
  ) );
#9961 = PCURVE('',#1176,#9962);
#9962 = DEFINITIONAL_REPRESENTATION('',(#9963),#9967);
#9963 = LINE('',#9964,#9965);
#9964 = CARTESIAN_POINT('',(1.232051085718,-8.382482432495E-14));
#9965 = VECTOR('',#9966,1.);
#9966 = DIRECTION('',(-3.04752744905E-26,-1.));
#9967 = ( GEOMETRIC_REPRESENTATION_CONTEXT(2) 
PARAMETRIC_REPRESENTATION_CONTEXT() REPRESENTATION_CONTEXT('2D SPACE',''
  ) );
#9968 = ORIENTED_EDGE('',*,*,#4997,.T.);
#9969 = ORIENTED_EDGE('',*,*,#9921,.F.);
#9970 = ORIENTED_EDGE('',*,*,#1188,.F.);
#9971 = ADVANCED_FACE('',(#9972),#1176,.F.);
#9972 = FACE_BOUND('',#9973,.F.);
#9973 = EDGE_LOOP('',(#9974,#9995,#9996,#9997));
#9974 = ORIENTED_EDGE('',*,*,#9975,.T.);
#9975 = EDGE_CURVE('',#1133,#4952,#9976,.T.);
#9976 = SURFACE_CURVE('',#9977,(#9981,#9988),.PCURVE_S1.);
#9977 = LINE('',#9978,#9979);
#9978 = CARTESIAN_POINT('',(-2.999984384488,-386.0883671472,
    -26.6257573389));
#9979 = VECTOR('',#9980,1.);
#9980 = DIRECTION('',(1.,-4.273210745757E-14,7.418371472667E-14));
#9981 = PCURVE('',#1176,#9982);
#9982 = DEFINITIONAL_REPRESENTATION('',(#9983),#9987);
#9983 = LINE('',#9984,#9985);
#9984 = CARTESIAN_POINT('',(0.,0.));
#9985 = VECTOR('',#9986,1.);
#9986 = DIRECTION('',(-3.04752744905E-26,-1.));
#9987 = ( GEOMETRIC_REPRESENTATION_CONTEXT(2) 
PARAMETRIC_REPRESENTATION_CONTEXT() REPRESENTATION_CONTEXT('2D SPACE',''
  ) );
#9988 = PCURVE('',#1148,#9989);
#9989 = DEFINITIONAL_REPRESENTATION('',(#9990),#9994);
#9990 = LINE('',#9991,#9992);
#9991 = CARTESIAN_POINT('',(1.232051085789,-8.303866142926E-14));
#9992 = VECTOR('',#9993,1.);
#9993 = DIRECTION('',(1.381137672861E-26,-1.));
#9994 = ( GEOMETRIC_REPRESENTATION_CONTEXT(2) 
PARAMETRIC_REPRESENTATION_CONTEXT() REPRESENTATION_CONTEXT('2D SPACE',''
  ) );
#9995 = ORIENTED_EDGE('',*,*,#4974,.T.);
#9996 = ORIENTED_EDGE('',*,*,#9948,.F.);
#9997 = ORIENTED_EDGE('',*,*,#1160,.F.);
#9998 = ADVANCED_FACE('',(#9999),#1148,.F.);
#9999 = FACE_BOUND('',#10000,.F.);
#10000 = EDGE_LOOP('',(#10001,#10022,#10023,#10024));
#10001 = ORIENTED_EDGE('',*,*,#10002,.T.);
#10002 = EDGE_CURVE('',#1105,#4929,#10003,.T.);
#10003 = SURFACE_CURVE('',#10004,(#10008,#10015),.PCURVE_S1.);
#10004 = LINE('',#10005,#10006);
#10005 = CARTESIAN_POINT('',(-2.999984384488,-384.9459286307,
    -27.08704262374));
#10006 = VECTOR('',#10007,1.);
#10007 = DIRECTION('',(1.,-4.273210745757E-14,7.418371472667E-14));
#10008 = PCURVE('',#1148,#10009);
#10009 = DEFINITIONAL_REPRESENTATION('',(#10010),#10014);
#10010 = LINE('',#10011,#10012);
#10011 = CARTESIAN_POINT('',(0.,0.));
#10012 = VECTOR('',#10013,1.);
#10013 = DIRECTION('',(1.381137672861E-26,-1.));
#10014 = ( GEOMETRIC_REPRESENTATION_CONTEXT(2) 
PARAMETRIC_REPRESENTATION_CONTEXT() REPRESENTATION_CONTEXT('2D SPACE',''
  ) );
#10015 = PCURVE('',#1120,#10016);
#10016 = DEFINITIONAL_REPRESENTATION('',(#10017),#10021);
#10017 = LINE('',#10018,#10019);
#10018 = CARTESIAN_POINT('',(1.232051085716,-8.224017427995E-14));
#10019 = VECTOR('',#10020,1.);
#10020 = DIRECTION('',(3.946197792278E-26,-1.));
#10021 = ( GEOMETRIC_REPRESENTATION_CONTEXT(2) 
PARAMETRIC_REPRESENTATION_CONTEXT() REPRESENTATION_CONTEXT('2D SPACE',''
  ) );
#10022 = ORIENTED_EDGE('',*,*,#4951,.T.);
#10023 = ORIENTED_EDGE('',*,*,#9975,.F.);
#10024 = ORIENTED_EDGE('',*,*,#1132,.F.);
#10025 = ADVANCED_FACE('',(#10026),#1120,.F.);
#10026 = FACE_BOUND('',#10027,.F.);
#10027 = EDGE_LOOP('',(#10028,#10049,#10050,#10051));
#10028 = ORIENTED_EDGE('',*,*,#10029,.T.);
#10029 = EDGE_CURVE('',#1077,#4906,#10030,.T.);
#10030 = SURFACE_CURVE('',#10031,(#10035,#10042),.PCURVE_S1.);
#10031 = LINE('',#10032,#10033);
#10032 = CARTESIAN_POINT('',(-2.999984384488,-383.7979553425,
    -27.53437606469));
#10033 = VECTOR('',#10034,1.);
#10034 = DIRECTION('',(1.,-4.273210745757E-14,7.418371472667E-14));
#10035 = PCURVE('',#1120,#10036);
#10036 = DEFINITIONAL_REPRESENTATION('',(#10037),#10041);
#10037 = LINE('',#10038,#10039);
#10038 = CARTESIAN_POINT('',(0.,0.));
#10039 = VECTOR('',#10040,1.);
#10040 = DIRECTION('',(3.946197792278E-26,-1.));
#10041 = ( GEOMETRIC_REPRESENTATION_CONTEXT(2) 
PARAMETRIC_REPRESENTATION_CONTEXT() REPRESENTATION_CONTEXT('2D SPACE',''
  ) );
#10042 = PCURVE('',#1092,#10043);
#10043 = DEFINITIONAL_REPRESENTATION('',(#10044),#10048);
#10044 = LINE('',#10045,#10046);
#10045 = CARTESIAN_POINT('',(1.232051085829,-8.142948140725E-14));
#10046 = VECTOR('',#10047,1.);
#10047 = DIRECTION('',(-4.165816668291E-26,-1.));
#10048 = ( GEOMETRIC_REPRESENTATION_CONTEXT(2) 
PARAMETRIC_REPRESENTATION_CONTEXT() REPRESENTATION_CONTEXT('2D SPACE',''
  ) );
#10049 = ORIENTED_EDGE('',*,*,#4928,.T.);
#10050 = ORIENTED_EDGE('',*,*,#10002,.F.);
#10051 = ORIENTED_EDGE('',*,*,#1104,.F.);
#10052 = ADVANCED_FACE('',(#10053),#1092,.F.);
#10053 = FACE_BOUND('',#10054,.F.);
#10054 = EDGE_LOOP('',(#10055,#10076,#10077,#10078));
#10055 = ORIENTED_EDGE('',*,*,#10056,.T.);
#10056 = EDGE_CURVE('',#1049,#4883,#10057,.T.);
#10057 = SURFACE_CURVE('',#10058,(#10062,#10069),.PCURVE_S1.);
#10058 = LINE('',#10059,#10060);
#10059 = CARTESIAN_POINT('',(-2.999984384488,-382.6446176597,
    -27.96769127043));
#10060 = VECTOR('',#10061,1.);
#10061 = DIRECTION('',(1.,-4.273210745757E-14,7.418371472667E-14));
#10062 = PCURVE('',#1092,#10063);
#10063 = DEFINITIONAL_REPRESENTATION('',(#10064),#10068);
#10064 = LINE('',#10065,#10066);
#10065 = CARTESIAN_POINT('',(0.,0.));
#10066 = VECTOR('',#10067,1.);
#10067 = DIRECTION('',(-4.165816668291E-26,-1.));
#10068 = ( GEOMETRIC_REPRESENTATION_CONTEXT(2) 
PARAMETRIC_REPRESENTATION_CONTEXT() REPRESENTATION_CONTEXT('2D SPACE',''
  ) );
#10069 = PCURVE('',#1064,#10070);
#10070 = DEFINITIONAL_REPRESENTATION('',(#10071),#10075);
#10071 = LINE('',#10072,#10073);
#10072 = CARTESIAN_POINT('',(1.232051085719,-8.060670310342E-14));
#10073 = VECTOR('',#10074,1.);
#10074 = DIRECTION('',(-4.605054420318E-26,-1.));
#10075 = ( GEOMETRIC_REPRESENTATION_CONTEXT(2) 
PARAMETRIC_REPRESENTATION_CONTEXT() REPRESENTATION_CONTEXT('2D SPACE',''
  ) );
#10076 = ORIENTED_EDGE('',*,*,#4905,.T.);
#10077 = ORIENTED_EDGE('',*,*,#10029,.F.);
#10078 = ORIENTED_EDGE('',*,*,#1076,.F.);
#10079 = ADVANCED_FACE('',(#10080),#1064,.F.);
#10080 = FACE_BOUND('',#10081,.F.);
#10081 = EDGE_LOOP('',(#10082,#10103,#10104,#10105));
#10082 = ORIENTED_EDGE('',*,*,#10083,.T.);
#10083 = EDGE_CURVE('',#1021,#4860,#10084,.T.);
#10084 = SURFACE_CURVE('',#10085,(#10089,#10096),.PCURVE_S1.);
#10085 = LINE('',#10086,#10087);
#10086 = CARTESIAN_POINT('',(-2.999984384488,-381.486086756,
    -28.38692393017));
#10087 = VECTOR('',#10088,1.);
#10088 = DIRECTION('',(1.,-4.273210745757E-14,7.418371472667E-14));
#10089 = PCURVE('',#1064,#10090);
#10090 = DEFINITIONAL_REPRESENTATION('',(#10091),#10095);
#10091 = LINE('',#10092,#10093);
#10092 = CARTESIAN_POINT('',(0.,0.));
#10093 = VECTOR('',#10094,1.);
#10094 = DIRECTION('',(-4.605054420318E-26,-1.));
#10095 = ( GEOMETRIC_REPRESENTATION_CONTEXT(2) 
PARAMETRIC_REPRESENTATION_CONTEXT() REPRESENTATION_CONTEXT('2D SPACE',''
  ) );
#10096 = PCURVE('',#1036,#10097);
#10097 = DEFINITIONAL_REPRESENTATION('',(#10098),#10102);
#10098 = LINE('',#10099,#10100);
#10099 = CARTESIAN_POINT('',(1.232051085718,-7.977196150371E-14));
#10100 = VECTOR('',#10101,1.);
#10101 = DIRECTION('',(3.218552493302E-27,-1.));
#10102 = ( GEOMETRIC_REPRESENTATION_CONTEXT(2) 
PARAMETRIC_REPRESENTATION_CONTEXT() REPRESENTATION_CONTEXT('2D SPACE',''
  ) );
#10103 = ORIENTED_EDGE('',*,*,#4882,.T.);
#10104 = ORIENTED_EDGE('',*,*,#10056,.F.);
#10105 = ORIENTED_EDGE('',*,*,#1048,.F.);
#10106 = ADVANCED_FACE('',(#10107),#1036,.F.);
#10107 = FACE_BOUND('',#10108,.F.);
#10108 = EDGE_LOOP('',(#10109,#10130,#10131,#10132));
#10109 = ORIENTED_EDGE('',*,*,#10110,.T.);
#10110 = EDGE_CURVE('',#993,#4837,#10111,.T.);
#10111 = SURFACE_CURVE('',#10112,(#10116,#10123),.PCURVE_S1.);
#10112 = LINE('',#10113,#10114);
#10113 = CARTESIAN_POINT('',(-2.999984384488,-380.3225345755,
    -28.79201182319));
#10114 = VECTOR('',#10115,1.);
#10115 = DIRECTION('',(1.,-4.273210745757E-14,7.418371472667E-14));
#10116 = PCURVE('',#1036,#10117);
#10117 = DEFINITIONAL_REPRESENTATION('',(#10118),#10122);
#10118 = LINE('',#10119,#10120);
#10119 = CARTESIAN_POINT('',(0.,0.));
#10120 = VECTOR('',#10121,1.);
#10121 = DIRECTION('',(3.218552493302E-27,-1.));
#10122 = ( GEOMETRIC_REPRESENTATION_CONTEXT(2) 
PARAMETRIC_REPRESENTATION_CONTEXT() REPRESENTATION_CONTEXT('2D SPACE',''
  ) );
#10123 = PCURVE('',#1008,#10124);
#10124 = DEFINITIONAL_REPRESENTATION('',(#10125),#10129);
#10125 = LINE('',#10126,#10127);
#10126 = CARTESIAN_POINT('',(1.232051085761,-7.892538049258E-14));
#10127 = VECTOR('',#10128,1.);
#10128 = DIRECTION('',(1.87812004315E-26,-1.));
#10129 = ( GEOMETRIC_REPRESENTATION_CONTEXT(2) 
PARAMETRIC_REPRESENTATION_CONTEXT() REPRESENTATION_CONTEXT('2D SPACE',''
  ) );
#10130 = ORIENTED_EDGE('',*,*,#4859,.T.);
#10131 = ORIENTED_EDGE('',*,*,#10083,.F.);
#10132 = ORIENTED_EDGE('',*,*,#1020,.F.);
#10133 = ADVANCED_FACE('',(#10134),#1008,.F.);
#10134 = FACE_BOUND('',#10135,.F.);
#10135 = EDGE_LOOP('',(#10136,#10157,#10158,#10159));
#10136 = ORIENTED_EDGE('',*,*,#10137,.T.);
#10137 = EDGE_CURVE('',#965,#4814,#10138,.T.);
#10138 = SURFACE_CURVE('',#10139,(#10143,#10150),.PCURVE_S1.);
#10139 = LINE('',#10140,#10141);
#10140 = CARTESIAN_POINT('',(-2.999984384488,-379.1541338076,
    -29.18289482806));
#10141 = VECTOR('',#10142,1.);
#10142 = DIRECTION('',(1.,-4.273210745757E-14,7.418371472667E-14));
#10143 = PCURVE('',#1008,#10144);
#10144 = DEFINITIONAL_REPRESENTATION('',(#10145),#10149);
#10145 = LINE('',#10146,#10147);
#10146 = CARTESIAN_POINT('',(0.,0.));
#10147 = VECTOR('',#10148,1.);
#10148 = DIRECTION('',(1.87812004315E-26,-1.));
#10149 = ( GEOMETRIC_REPRESENTATION_CONTEXT(2) 
PARAMETRIC_REPRESENTATION_CONTEXT() REPRESENTATION_CONTEXT('2D SPACE',''
  ) );
#10150 = PCURVE('',#980,#10151);
#10151 = DEFINITIONAL_REPRESENTATION('',(#10152),#10156);
#10152 = LINE('',#10153,#10154);
#10153 = CARTESIAN_POINT('',(1.232051085772,9.220218148714E-13));
#10154 = VECTOR('',#10155,1.);
#10155 = DIRECTION('',(-2.944028898285E-26,-1.));
#10156 = ( GEOMETRIC_REPRESENTATION_CONTEXT(2) 
PARAMETRIC_REPRESENTATION_CONTEXT() REPRESENTATION_CONTEXT('2D SPACE',''
  ) );
#10157 = ORIENTED_EDGE('',*,*,#4836,.T.);
#10158 = ORIENTED_EDGE('',*,*,#10110,.F.);
#10159 = ORIENTED_EDGE('',*,*,#992,.F.);
#10160 = ADVANCED_FACE('',(#10161),#980,.F.);
#10161 = FACE_BOUND('',#10162,.F.);
#10162 = EDGE_LOOP('',(#10163,#10184,#10185,#10186));
#10163 = ORIENTED_EDGE('',*,*,#10164,.T.);
#10164 = EDGE_CURVE('',#937,#4791,#10165,.T.);
#10165 = SURFACE_CURVE('',#10166,(#10170,#10177),.PCURVE_S1.);
#10166 = LINE('',#10167,#10168);
#10167 = CARTESIAN_POINT('',(-2.999984384487,-377.9810578614,
    -29.55951493161));
#10168 = VECTOR('',#10169,1.);
#10169 = DIRECTION('',(1.,-4.273210745757E-14,7.418371472667E-14));
#10170 = PCURVE('',#980,#10171);
#10171 = DEFINITIONAL_REPRESENTATION('',(#10172),#10176);
#10172 = LINE('',#10173,#10174);
#10173 = CARTESIAN_POINT('',(0.,0.));
#10174 = VECTOR('',#10175,1.);
#10175 = DIRECTION('',(-2.944028898285E-26,-1.));
#10176 = ( GEOMETRIC_REPRESENTATION_CONTEXT(2) 
PARAMETRIC_REPRESENTATION_CONTEXT() REPRESENTATION_CONTEXT('2D SPACE',''
  ) );
#10177 = PCURVE('',#952,#10178);
#10178 = DEFINITIONAL_REPRESENTATION('',(#10179),#10183);
#10179 = LINE('',#10180,#10181);
#10180 = CARTESIAN_POINT('',(1.232051085806,-7.7197204547E-14));
#10181 = VECTOR('',#10182,1.);
#10182 = DIRECTION('',(-3.445744434005E-27,-1.));
#10183 = ( GEOMETRIC_REPRESENTATION_CONTEXT(2) 
PARAMETRIC_REPRESENTATION_CONTEXT() REPRESENTATION_CONTEXT('2D SPACE',''
  ) );
#10184 = ORIENTED_EDGE('',*,*,#4813,.T.);
#10185 = ORIENTED_EDGE('',*,*,#10137,.F.);
#10186 = ORIENTED_EDGE('',*,*,#964,.F.);
#10187 = ADVANCED_FACE('',(#10188),#952,.F.);
#10188 = FACE_BOUND('',#10189,.F.);
#10189 = EDGE_LOOP('',(#10190,#10211,#10212,#10213));
#10190 = ORIENTED_EDGE('',*,*,#10191,.T.);
#10191 = EDGE_CURVE('',#909,#4768,#10192,.T.);
#10192 = SURFACE_CURVE('',#10193,(#10197,#10204),.PCURVE_S1.);
#10193 = LINE('',#10194,#10195);
#10194 = CARTESIAN_POINT('',(-2.999984384487,-376.8034808398,
    -29.92181623748));
#10195 = VECTOR('',#10196,1.);
#10196 = DIRECTION('',(1.,-4.273210745757E-14,7.418371472667E-14));
#10197 = PCURVE('',#952,#10198);
#10198 = DEFINITIONAL_REPRESENTATION('',(#10199),#10203);
#10199 = LINE('',#10200,#10201);
#10200 = CARTESIAN_POINT('',(0.,0.));
#10201 = VECTOR('',#10202,1.);
#10202 = DIRECTION('',(-3.445744434005E-27,-1.));
#10203 = ( GEOMETRIC_REPRESENTATION_CONTEXT(2) 
PARAMETRIC_REPRESENTATION_CONTEXT() REPRESENTATION_CONTEXT('2D SPACE',''
  ) );
#10204 = PCURVE('',#924,#10205);
#10205 = DEFINITIONAL_REPRESENTATION('',(#10206),#10210);
#10206 = LINE('',#10207,#10208);
#10207 = CARTESIAN_POINT('',(1.232051085703,-7.631586609464E-14));
#10208 = VECTOR('',#10209,1.);
#10209 = DIRECTION('',(1.419002996312E-26,-1.));
#10210 = ( GEOMETRIC_REPRESENTATION_CONTEXT(2) 
PARAMETRIC_REPRESENTATION_CONTEXT() REPRESENTATION_CONTEXT('2D SPACE',''
  ) );
#10211 = ORIENTED_EDGE('',*,*,#4790,.T.);
#10212 = ORIENTED_EDGE('',*,*,#10164,.F.);
#10213 = ORIENTED_EDGE('',*,*,#936,.F.);
#10214 = ADVANCED_FACE('',(#10215),#924,.F.);
#10215 = FACE_BOUND('',#10216,.F.);
#10216 = EDGE_LOOP('',(#10217,#10238,#10239,#10240));
#10217 = ORIENTED_EDGE('',*,*,#10218,.T.);
#10218 = EDGE_CURVE('',#881,#4745,#10219,.T.);
#10219 = SURFACE_CURVE('',#10220,(#10224,#10231),.PCURVE_S1.);
#10220 = LINE('',#10221,#10222);
#10221 = CARTESIAN_POINT('',(-2.999984384487,-375.6215775139,
    -30.26974497445));
#10222 = VECTOR('',#10223,1.);
#10223 = DIRECTION('',(1.,-4.273210745757E-14,7.418371472667E-14));
#10224 = PCURVE('',#924,#10225);
#10225 = DEFINITIONAL_REPRESENTATION('',(#10226),#10230);
#10226 = LINE('',#10227,#10228);
#10227 = CARTESIAN_POINT('',(0.,0.));
#10228 = VECTOR('',#10229,1.);
#10229 = DIRECTION('',(1.419002996312E-26,-1.));
#10230 = ( GEOMETRIC_REPRESENTATION_CONTEXT(2) 
PARAMETRIC_REPRESENTATION_CONTEXT() REPRESENTATION_CONTEXT('2D SPACE',''
  ) );
#10231 = PCURVE('',#896,#10232);
#10232 = DEFINITIONAL_REPRESENTATION('',(#10233),#10237);
#10233 = LINE('',#10234,#10235);
#10234 = CARTESIAN_POINT('',(1.232051085748,-7.542320117607E-14));
#10235 = VECTOR('',#10236,1.);
#10236 = DIRECTION('',(3.546718629874E-27,-1.));
#10237 = ( GEOMETRIC_REPRESENTATION_CONTEXT(2) 
PARAMETRIC_REPRESENTATION_CONTEXT() REPRESENTATION_CONTEXT('2D SPACE',''
  ) );
#10238 = ORIENTED_EDGE('',*,*,#4767,.T.);
#10239 = ORIENTED_EDGE('',*,*,#10191,.F.);
#10240 = ORIENTED_EDGE('',*,*,#908,.F.);
#10241 = ADVANCED_FACE('',(#10242),#896,.F.);
#10242 = FACE_BOUND('',#10243,.F.);
#10243 = EDGE_LOOP('',(#10244,#10265,#10266,#10267));
#10244 = ORIENTED_EDGE('',*,*,#10245,.T.);
#10245 = EDGE_CURVE('',#853,#4722,#10246,.T.);
#10246 = SURFACE_CURVE('',#10247,(#10251,#10258),.PCURVE_S1.);
#10247 = LINE('',#10248,#10249);
#10248 = CARTESIAN_POINT('',(-2.999984384487,-374.4355232966,
    -30.60324950443));
#10249 = VECTOR('',#10250,1.);
#10250 = DIRECTION('',(1.,-4.273210745757E-14,7.418371472667E-14));
#10251 = PCURVE('',#896,#10252);
#10252 = DEFINITIONAL_REPRESENTATION('',(#10253),#10257);
#10253 = LINE('',#10254,#10255);
#10254 = CARTESIAN_POINT('',(0.,0.));
#10255 = VECTOR('',#10256,1.);
#10256 = DIRECTION('',(3.546718629874E-27,-1.));
#10257 = ( GEOMETRIC_REPRESENTATION_CONTEXT(2) 
PARAMETRIC_REPRESENTATION_CONTEXT() REPRESENTATION_CONTEXT('2D SPACE',''
  ) );
#10258 = PCURVE('',#868,#10259);
#10259 = DEFINITIONAL_REPRESENTATION('',(#10260),#10264);
#10260 = LINE('',#10261,#10262);
#10261 = CARTESIAN_POINT('',(1.232051085798,-7.451934226794E-14));
#10262 = VECTOR('',#10263,1.);
#10263 = DIRECTION('',(3.912750089896E-27,-1.));
#10264 = ( GEOMETRIC_REPRESENTATION_CONTEXT(2) 
PARAMETRIC_REPRESENTATION_CONTEXT() REPRESENTATION_CONTEXT('2D SPACE',''
  ) );
#10265 = ORIENTED_EDGE('',*,*,#4744,.T.);
#10266 = ORIENTED_EDGE('',*,*,#10218,.F.);
#10267 = ORIENTED_EDGE('',*,*,#880,.F.);
#10268 = ADVANCED_FACE('',(#10269),#868,.F.);
#10269 = FACE_BOUND('',#10270,.F.);
#10270 = EDGE_LOOP('',(#10271,#10292,#10293,#10294));
#10271 = ORIENTED_EDGE('',*,*,#10272,.T.);
#10272 = EDGE_CURVE('',#825,#4699,#10273,.T.);
#10273 = SURFACE_CURVE('',#10274,(#10278,#10285),.PCURVE_S1.);
#10274 = LINE('',#10275,#10276);
#10275 = CARTESIAN_POINT('',(-2.999984384487,-373.245494217,
    -30.92228033009));
#10276 = VECTOR('',#10277,1.);
#10277 = DIRECTION('',(1.,-4.273210745757E-14,7.418371472667E-14));
#10278 = PCURVE('',#868,#10279);
#10279 = DEFINITIONAL_REPRESENTATION('',(#10280),#10284);
#10280 = LINE('',#10281,#10282);
#10281 = CARTESIAN_POINT('',(0.,0.));
#10282 = VECTOR('',#10283,1.);
#10283 = DIRECTION('',(3.912750089896E-27,-1.));
#10284 = ( GEOMETRIC_REPRESENTATION_CONTEXT(2) 
PARAMETRIC_REPRESENTATION_CONTEXT() REPRESENTATION_CONTEXT('2D SPACE',''
  ) );
#10285 = PCURVE('',#840,#10286);
#10286 = DEFINITIONAL_REPRESENTATION('',(#10287),#10291);
#10287 = LINE('',#10288,#10289);
#10288 = CARTESIAN_POINT('',(1.232051085793,-7.360442351363E-14));
#10289 = VECTOR('',#10290,1.);
#10290 = DIRECTION('',(-2.077228535628E-26,-1.));
#10291 = ( GEOMETRIC_REPRESENTATION_CONTEXT(2) 
PARAMETRIC_REPRESENTATION_CONTEXT() REPRESENTATION_CONTEXT('2D SPACE',''
  ) );
#10292 = ORIENTED_EDGE('',*,*,#4721,.T.);
#10293 = ORIENTED_EDGE('',*,*,#10245,.F.);
#10294 = ORIENTED_EDGE('',*,*,#852,.F.);
#10295 = ADVANCED_FACE('',(#10296),#840,.F.);
#10296 = FACE_BOUND('',#10297,.F.);
#10297 = EDGE_LOOP('',(#10298,#10319,#10320,#10321));
#10298 = ORIENTED_EDGE('',*,*,#10299,.T.);
#10299 = EDGE_CURVE('',#797,#4676,#10300,.T.);
#10300 = SURFACE_CURVE('',#10301,(#10305,#10312),.PCURVE_S1.);
#10301 = LINE('',#10302,#10303);
#10302 = CARTESIAN_POINT('',(-2.999984384487,-372.0516668942,
    -31.22679010225));
#10303 = VECTOR('',#10304,1.);
#10304 = DIRECTION('',(1.,-4.273210745757E-14,7.418371472667E-14));
#10305 = PCURVE('',#840,#10306);
#10306 = DEFINITIONAL_REPRESENTATION('',(#10307),#10311);
#10307 = LINE('',#10308,#10309);
#10308 = CARTESIAN_POINT('',(0.,0.));
#10309 = VECTOR('',#10310,1.);
#10310 = DIRECTION('',(-2.077228535628E-26,-1.));
#10311 = ( GEOMETRIC_REPRESENTATION_CONTEXT(2) 
PARAMETRIC_REPRESENTATION_CONTEXT() REPRESENTATION_CONTEXT('2D SPACE',''
  ) );
#10312 = PCURVE('',#812,#10313);
#10313 = DEFINITIONAL_REPRESENTATION('',(#10314),#10318);
#10314 = LINE('',#10315,#10316);
#10315 = CARTESIAN_POINT('',(1.232051085748,-7.267858070223E-14));
#10316 = VECTOR('',#10317,1.);
#10317 = DIRECTION('',(1.350529869738E-27,-1.));
#10318 = ( GEOMETRIC_REPRESENTATION_CONTEXT(2) 
PARAMETRIC_REPRESENTATION_CONTEXT() REPRESENTATION_CONTEXT('2D SPACE',''
  ) );
#10319 = ORIENTED_EDGE('',*,*,#4698,.T.);
#10320 = ORIENTED_EDGE('',*,*,#10272,.F.);
#10321 = ORIENTED_EDGE('',*,*,#824,.F.);
#10322 = ADVANCED_FACE('',(#10323),#812,.F.);
#10323 = FACE_BOUND('',#10324,.F.);
#10324 = EDGE_LOOP('',(#10325,#10346,#10347,#10348));
#10325 = ORIENTED_EDGE('',*,*,#10326,.T.);
#10326 = EDGE_CURVE('',#769,#4653,#10327,.T.);
#10327 = SURFACE_CURVE('',#10328,(#10332,#10339),.PCURVE_S1.);
#10328 = LINE('',#10329,#10330);
#10329 = CARTESIAN_POINT('',(-2.999984384487,-370.854218511,
    -31.51673362686));
#10330 = VECTOR('',#10331,1.);
#10331 = DIRECTION('',(1.,-4.273210745757E-14,7.418371472667E-14));
#10332 = PCURVE('',#812,#10333);
#10333 = DEFINITIONAL_REPRESENTATION('',(#10334),#10338);
#10334 = LINE('',#10335,#10336);
#10335 = CARTESIAN_POINT('',(0.,0.));
#10336 = VECTOR('',#10337,1.);
#10337 = DIRECTION('',(1.350529869738E-27,-1.));
#10338 = ( GEOMETRIC_REPRESENTATION_CONTEXT(2) 
PARAMETRIC_REPRESENTATION_CONTEXT() REPRESENTATION_CONTEXT('2D SPACE',''
  ) );
#10339 = PCURVE('',#784,#10340);
#10340 = DEFINITIONAL_REPRESENTATION('',(#10341),#10345);
#10341 = LINE('',#10342,#10343);
#10342 = CARTESIAN_POINT('',(1.232051085684,-7.174195124485E-14));
#10343 = VECTOR('',#10344,1.);
#10344 = DIRECTION('',(-4.622724904595E-27,-1.));
#10345 = ( GEOMETRIC_REPRESENTATION_CONTEXT(2) 
PARAMETRIC_REPRESENTATION_CONTEXT() REPRESENTATION_CONTEXT('2D SPACE',''
  ) );
#10346 = ORIENTED_EDGE('',*,*,#4675,.T.);
#10347 = ORIENTED_EDGE('',*,*,#10299,.F.);
#10348 = ORIENTED_EDGE('',*,*,#796,.F.);
#10349 = ADVANCED_FACE('',(#10350),#784,.F.);
#10350 = FACE_BOUND('',#10351,.F.);
#10351 = EDGE_LOOP('',(#10352,#10373,#10374,#10375));
#10352 = ORIENTED_EDGE('',*,*,#10353,.T.);
#10353 = EDGE_CURVE('',#741,#4630,#10354,.T.);
#10354 = SURFACE_CURVE('',#10355,(#10359,#10366),.PCURVE_S1.);
#10355 = LINE('',#10356,#10357);
#10356 = CARTESIAN_POINT('',(-2.999984384487,-369.6533267876,
    -31.79206787174));
#10357 = VECTOR('',#10358,1.);
#10358 = DIRECTION('',(1.,-4.273210745757E-14,7.418371472667E-14));
#10359 = PCURVE('',#784,#10360);
#10360 = DEFINITIONAL_REPRESENTATION('',(#10361),#10365);
#10361 = LINE('',#10362,#10363);
#10362 = CARTESIAN_POINT('',(0.,0.));
#10363 = VECTOR('',#10364,1.);
#10364 = DIRECTION('',(-4.622724904595E-27,-1.));
#10365 = ( GEOMETRIC_REPRESENTATION_CONTEXT(2) 
PARAMETRIC_REPRESENTATION_CONTEXT() REPRESENTATION_CONTEXT('2D SPACE',''
  ) );
#10366 = PCURVE('',#756,#10367);
#10367 = DEFINITIONAL_REPRESENTATION('',(#10368),#10372);
#10368 = LINE('',#10369,#10370);
#10369 = CARTESIAN_POINT('',(1.232051085843,-7.079467416607E-14));
#10370 = VECTOR('',#10371,1.);
#10371 = DIRECTION('',(-3.336250540361E-26,-1.));
#10372 = ( GEOMETRIC_REPRESENTATION_CONTEXT(2) 
PARAMETRIC_REPRESENTATION_CONTEXT() REPRESENTATION_CONTEXT('2D SPACE',''
  ) );
#10373 = ORIENTED_EDGE('',*,*,#4652,.T.);
#10374 = ORIENTED_EDGE('',*,*,#10326,.F.);
#10375 = ORIENTED_EDGE('',*,*,#768,.F.);
#10376 = ADVANCED_FACE('',(#10377),#756,.F.);
#10377 = FACE_BOUND('',#10378,.F.);
#10378 = EDGE_LOOP('',(#10379,#10400,#10401,#10402));
#10379 = ORIENTED_EDGE('',*,*,#10380,.T.);
#10380 = EDGE_CURVE('',#713,#4607,#10381,.T.);
#10381 = SURFACE_CURVE('',#10382,(#10386,#10393),.PCURVE_S1.);
#10382 = LINE('',#10383,#10384);
#10383 = CARTESIAN_POINT('',(-2.999984384487,-368.449169955,
    -32.05275197296));
#10384 = VECTOR('',#10385,1.);
#10385 = DIRECTION('',(1.,-4.273210745757E-14,7.418371472667E-14));
#10386 = PCURVE('',#756,#10387);
#10387 = DEFINITIONAL_REPRESENTATION('',(#10388),#10392);
#10388 = LINE('',#10389,#10390);
#10389 = CARTESIAN_POINT('',(0.,0.));
#10390 = VECTOR('',#10391,1.);
#10391 = DIRECTION('',(-3.336250540361E-26,-1.));
#10392 = ( GEOMETRIC_REPRESENTATION_CONTEXT(2) 
PARAMETRIC_REPRESENTATION_CONTEXT() REPRESENTATION_CONTEXT('2D SPACE',''
  ) );
#10393 = PCURVE('',#728,#10394);
#10394 = DEFINITIONAL_REPRESENTATION('',(#10395),#10399);
#10395 = LINE('',#10396,#10397);
#10396 = CARTESIAN_POINT('',(1.232051085728,-6.983689002789E-14));
#10397 = VECTOR('',#10398,1.);
#10398 = DIRECTION('',(-3.221392392561E-26,-1.));
#10399 = ( GEOMETRIC_REPRESENTATION_CONTEXT(2) 
PARAMETRIC_REPRESENTATION_CONTEXT() REPRESENTATION_CONTEXT('2D SPACE',''
  ) );
#10400 = ORIENTED_EDGE('',*,*,#4629,.T.);
#10401 = ORIENTED_EDGE('',*,*,#10353,.F.);
#10402 = ORIENTED_EDGE('',*,*,#740,.F.);
#10403 = ADVANCED_FACE('',(#10404),#728,.F.);
#10404 = FACE_BOUND('',#10405,.F.);
#10405 = EDGE_LOOP('',(#10406,#10427,#10428,#10429));
#10406 = ORIENTED_EDGE('',*,*,#10407,.T.);
#10407 = EDGE_CURVE('',#685,#4584,#10408,.T.);
#10408 = SURFACE_CURVE('',#10409,(#10413,#10420),.PCURVE_S1.);
#10409 = LINE('',#10410,#10411);
#10410 = CARTESIAN_POINT('',(-2.999984384487,-367.2419267293,
    -32.29874724089));
#10411 = VECTOR('',#10412,1.);
#10412 = DIRECTION('',(1.,-4.273210745757E-14,7.418371472667E-14));
#10413 = PCURVE('',#728,#10414);
#10414 = DEFINITIONAL_REPRESENTATION('',(#10415),#10419);
#10415 = LINE('',#10416,#10417);
#10416 = CARTESIAN_POINT('',(0.,0.));
#10417 = VECTOR('',#10418,1.);
#10418 = DIRECTION('',(-3.221392392561E-26,-1.));
#10419 = ( GEOMETRIC_REPRESENTATION_CONTEXT(2) 
PARAMETRIC_REPRESENTATION_CONTEXT() REPRESENTATION_CONTEXT('2D SPACE',''
  ) );
#10420 = PCURVE('',#700,#10421);
#10421 = DEFINITIONAL_REPRESENTATION('',(#10422),#10426);
#10422 = LINE('',#10423,#10424);
#10423 = CARTESIAN_POINT('',(1.232051085702,-6.886874100149E-14));
#10424 = VECTOR('',#10425,1.);
#10425 = DIRECTION('',(2.86466949122E-26,-1.));
#10426 = ( GEOMETRIC_REPRESENTATION_CONTEXT(2) 
PARAMETRIC_REPRESENTATION_CONTEXT() REPRESENTATION_CONTEXT('2D SPACE',''
  ) );
#10427 = ORIENTED_EDGE('',*,*,#4606,.T.);
#10428 = ORIENTED_EDGE('',*,*,#10380,.F.);
#10429 = ORIENTED_EDGE('',*,*,#712,.F.);
#10430 = ADVANCED_FACE('',(#10431),#700,.F.);
#10431 = FACE_BOUND('',#10432,.F.);
#10432 = EDGE_LOOP('',(#10433,#10454,#10455,#10456));
#10433 = ORIENTED_EDGE('',*,*,#10434,.T.);
#10434 = EDGE_CURVE('',#657,#4561,#10435,.T.);
#10435 = SURFACE_CURVE('',#10436,(#10440,#10447),.PCURVE_S1.);
#10436 = LINE('',#10437,#10438);
#10437 = CARTESIAN_POINT('',(-2.999984384487,-366.0317762843,
    -32.53001716597));
#10438 = VECTOR('',#10439,1.);
#10439 = DIRECTION('',(1.,-4.273210745757E-14,7.418371472667E-14));
#10440 = PCURVE('',#700,#10441);
#10441 = DEFINITIONAL_REPRESENTATION('',(#10442),#10446);
#10442 = LINE('',#10443,#10444);
#10443 = CARTESIAN_POINT('',(0.,0.));
#10444 = VECTOR('',#10445,1.);
#10445 = DIRECTION('',(2.86466949122E-26,-1.));
#10446 = ( GEOMETRIC_REPRESENTATION_CONTEXT(2) 
PARAMETRIC_REPRESENTATION_CONTEXT() REPRESENTATION_CONTEXT('2D SPACE',''
  ) );
#10447 = PCURVE('',#672,#10448);
#10448 = DEFINITIONAL_REPRESENTATION('',(#10449),#10453);
#10449 = LINE('',#10450,#10451);
#10450 = CARTESIAN_POINT('',(1.232051085839,-6.789037077935E-14));
#10451 = VECTOR('',#10452,1.);
#10452 = DIRECTION('',(-1.635624200885E-26,-1.));
#10453 = ( GEOMETRIC_REPRESENTATION_CONTEXT(2) 
PARAMETRIC_REPRESENTATION_CONTEXT() REPRESENTATION_CONTEXT('2D SPACE',''
  ) );
#10454 = ORIENTED_EDGE('',*,*,#4583,.T.);
#10455 = ORIENTED_EDGE('',*,*,#10407,.F.);
#10456 = ORIENTED_EDGE('',*,*,#684,.F.);
#10457 = ADVANCED_FACE('',(#10458),#672,.F.);
#10458 = FACE_BOUND('',#10459,.F.);
#10459 = EDGE_LOOP('',(#10460,#10481,#10482,#10483));
#10460 = ORIENTED_EDGE('',*,*,#10461,.T.);
#10461 = EDGE_CURVE('',#629,#4538,#10462,.T.);
#10462 = SURFACE_CURVE('',#10463,(#10467,#10474),.PCURVE_S1.);
#10463 = LINE('',#10464,#10465);
#10464 = CARTESIAN_POINT('',(-2.999984384487,-364.8188982252,
    -32.74652742409));
#10465 = VECTOR('',#10466,1.);
#10466 = DIRECTION('',(1.,-4.273210745757E-14,7.418371472667E-14));
#10467 = PCURVE('',#672,#10468);
#10468 = DEFINITIONAL_REPRESENTATION('',(#10469),#10473);
#10469 = LINE('',#10470,#10471);
#10470 = CARTESIAN_POINT('',(0.,0.));
#10471 = VECTOR('',#10472,1.);
#10472 = DIRECTION('',(-1.635624200885E-26,-1.));
#10473 = ( GEOMETRIC_REPRESENTATION_CONTEXT(2) 
PARAMETRIC_REPRESENTATION_CONTEXT() REPRESENTATION_CONTEXT('2D SPACE',''
  ) );
#10474 = PCURVE('',#644,#10475);
#10475 = DEFINITIONAL_REPRESENTATION('',(#10476),#10480);
#10476 = LINE('',#10477,#10478);
#10477 = CARTESIAN_POINT('',(1.232051085671,-6.690192454113E-14));
#10478 = VECTOR('',#10479,1.);
#10479 = DIRECTION('',(-1.195282043591E-26,-1.));
#10480 = ( GEOMETRIC_REPRESENTATION_CONTEXT(2) 
PARAMETRIC_REPRESENTATION_CONTEXT() REPRESENTATION_CONTEXT('2D SPACE',''
  ) );
#10481 = ORIENTED_EDGE('',*,*,#4560,.T.);
#10482 = ORIENTED_EDGE('',*,*,#10434,.F.);
#10483 = ORIENTED_EDGE('',*,*,#656,.F.);
#10484 = ADVANCED_FACE('',(#10485),#644,.F.);
#10485 = FACE_BOUND('',#10486,.F.);
#10486 = EDGE_LOOP('',(#10487,#10508,#10509,#10510));
#10487 = ORIENTED_EDGE('',*,*,#10488,.T.);
#10488 = EDGE_CURVE('',#601,#4515,#10489,.T.);
#10489 = SURFACE_CURVE('',#10490,(#10494,#10501),.PCURVE_S1.);
#10490 = LINE('',#10491,#10492);
#10491 = CARTESIAN_POINT('',(-2.999984384487,-363.6034725625,
    -32.94824588173));
#10492 = VECTOR('',#10493,1.);
#10493 = DIRECTION('',(1.,-4.273210745757E-14,7.418371472667E-14));
#10494 = PCURVE('',#644,#10495);
#10495 = DEFINITIONAL_REPRESENTATION('',(#10496),#10500);
#10496 = LINE('',#10497,#10498);
#10497 = CARTESIAN_POINT('',(0.,0.));
#10498 = VECTOR('',#10499,1.);
#10499 = DIRECTION('',(-1.195282043591E-26,-1.));
#10500 = ( GEOMETRIC_REPRESENTATION_CONTEXT(2) 
PARAMETRIC_REPRESENTATION_CONTEXT() REPRESENTATION_CONTEXT('2D SPACE',''
  ) );
#10501 = PCURVE('',#616,#10502);
#10502 = DEFINITIONAL_REPRESENTATION('',(#10503),#10507);
#10503 = LINE('',#10504,#10505);
#10504 = CARTESIAN_POINT('',(1.232051085791,-6.590354902038E-14));
#10505 = VECTOR('',#10506,1.);
#10506 = DIRECTION('',(3.572908811927E-26,-1.));
#10507 = ( GEOMETRIC_REPRESENTATION_CONTEXT(2) 
PARAMETRIC_REPRESENTATION_CONTEXT() REPRESENTATION_CONTEXT('2D SPACE',''
  ) );
#10508 = ORIENTED_EDGE('',*,*,#4537,.T.);
#10509 = ORIENTED_EDGE('',*,*,#10461,.F.);
#10510 = ORIENTED_EDGE('',*,*,#628,.F.);
#10511 = ADVANCED_FACE('',(#10512),#616,.F.);
#10512 = FACE_BOUND('',#10513,.F.);
#10513 = EDGE_LOOP('',(#10514,#10535,#10536,#10537));
#10514 = ORIENTED_EDGE('',*,*,#10515,.T.);
#10515 = EDGE_CURVE('',#573,#4492,#10516,.T.);
#10516 = SURFACE_CURVE('',#10517,(#10521,#10528),.PCURVE_S1.);
#10517 = LINE('',#10518,#10519);
#10518 = CARTESIAN_POINT('',(-2.999984384487,-362.3856796842,
    -33.1351426007));
#10519 = VECTOR('',#10520,1.);
#10520 = DIRECTION('',(1.,-4.273210745757E-14,7.418371472667E-14));
#10521 = PCURVE('',#616,#10522);
#10522 = DEFINITIONAL_REPRESENTATION('',(#10523),#10527);
#10523 = LINE('',#10524,#10525);
#10524 = CARTESIAN_POINT('',(0.,0.));
#10525 = VECTOR('',#10526,1.);
#10526 = DIRECTION('',(3.572908811927E-26,-1.));
#10527 = ( GEOMETRIC_REPRESENTATION_CONTEXT(2) 
PARAMETRIC_REPRESENTATION_CONTEXT() REPRESENTATION_CONTEXT('2D SPACE',''
  ) );
#10528 = PCURVE('',#588,#10529);
#10529 = DEFINITIONAL_REPRESENTATION('',(#10530),#10534);
#10530 = LINE('',#10531,#10532);
#10531 = CARTESIAN_POINT('',(1.23205108574,9.351935082156E-13));
#10532 = VECTOR('',#10533,1.);
#10533 = DIRECTION('',(-1.001537805269E-26,-1.));
#10534 = ( GEOMETRIC_REPRESENTATION_CONTEXT(2) 
PARAMETRIC_REPRESENTATION_CONTEXT() REPRESENTATION_CONTEXT('2D SPACE',''
  ) );
#10535 = ORIENTED_EDGE('',*,*,#4514,.T.);
#10536 = ORIENTED_EDGE('',*,*,#10488,.F.);
#10537 = ORIENTED_EDGE('',*,*,#600,.F.);
#10538 = ADVANCED_FACE('',(#10539),#588,.F.);
#10539 = FACE_BOUND('',#10540,.F.);
#10540 = EDGE_LOOP('',(#10541,#10562,#10563,#10564));
#10541 = ORIENTED_EDGE('',*,*,#10542,.T.);
#10542 = EDGE_CURVE('',#545,#4469,#10543,.T.);
#10543 = SURFACE_CURVE('',#10544,(#10548,#10555),.PCURVE_S1.);
#10544 = LINE('',#10545,#10546);
#10545 = CARTESIAN_POINT('',(-2.999984384486,-361.1657003301,
    -33.30718984259));
#10546 = VECTOR('',#10547,1.);
#10547 = DIRECTION('',(1.,-4.273210745757E-14,7.418371472667E-14));
#10548 = PCURVE('',#588,#10549);
#10549 = DEFINITIONAL_REPRESENTATION('',(#10550),#10554);
#10550 = LINE('',#10551,#10552);
#10551 = CARTESIAN_POINT('',(0.,0.));
#10552 = VECTOR('',#10553,1.);
#10553 = DIRECTION('',(-1.001537805269E-26,-1.));
#10554 = ( GEOMETRIC_REPRESENTATION_CONTEXT(2) 
PARAMETRIC_REPRESENTATION_CONTEXT() REPRESENTATION_CONTEXT('2D SPACE',''
  ) );
#10555 = PCURVE('',#560,#10556);
#10556 = DEFINITIONAL_REPRESENTATION('',(#10557),#10561);
#10557 = LINE('',#10558,#10559);
#10558 = CARTESIAN_POINT('',(1.232051085817,-6.387760422242E-14));
#10559 = VECTOR('',#10560,1.);
#10560 = DIRECTION('',(4.862538619782E-27,-1.));
#10561 = ( GEOMETRIC_REPRESENTATION_CONTEXT(2) 
PARAMETRIC_REPRESENTATION_CONTEXT() REPRESENTATION_CONTEXT('2D SPACE',''
  ) );
#10562 = ORIENTED_EDGE('',*,*,#4491,.T.);
#10563 = ORIENTED_EDGE('',*,*,#10515,.F.);
#10564 = ORIENTED_EDGE('',*,*,#572,.F.);
#10565 = ADVANCED_FACE('',(#10566),#560,.F.);
#10566 = FACE_BOUND('',#10567,.F.);
#10567 = EDGE_LOOP('',(#10568,#10589,#10590,#10591));
#10568 = ORIENTED_EDGE('',*,*,#10569,.T.);
#10569 = EDGE_CURVE('',#517,#4446,#10570,.T.);
#10570 = SURFACE_CURVE('',#10571,(#10575,#10582),.PCURVE_S1.);
#10571 = LINE('',#10572,#10573);
#10572 = CARTESIAN_POINT('',(-2.999984384486,-359.9437155642,
    -33.46436207287));
#10573 = VECTOR('',#10574,1.);
#10574 = DIRECTION('',(1.,-4.273210745757E-14,7.418371472667E-14));
#10575 = PCURVE('',#560,#10576);
#10576 = DEFINITIONAL_REPRESENTATION('',(#10577),#10581);
#10577 = LINE('',#10578,#10579);
#10578 = CARTESIAN_POINT('',(0.,0.));
#10579 = VECTOR('',#10580,1.);
#10580 = DIRECTION('',(4.862538619782E-27,-1.));
#10581 = ( GEOMETRIC_REPRESENTATION_CONTEXT(2) 
PARAMETRIC_REPRESENTATION_CONTEXT() REPRESENTATION_CONTEXT('2D SPACE',''
  ) );
#10582 = PCURVE('',#532,#10583);
#10583 = DEFINITIONAL_REPRESENTATION('',(#10584),#10588);
#10584 = LINE('',#10585,#10586);
#10585 = CARTESIAN_POINT('',(1.232051085763,-6.285033562976E-14));
#10586 = VECTOR('',#10587,1.);
#10587 = DIRECTION('',(-2.028950248228E-26,-1.));
#10588 = ( GEOMETRIC_REPRESENTATION_CONTEXT(2) 
PARAMETRIC_REPRESENTATION_CONTEXT() REPRESENTATION_CONTEXT('2D SPACE',''
  ) );
#10589 = ORIENTED_EDGE('',*,*,#4468,.T.);
#10590 = ORIENTED_EDGE('',*,*,#10542,.F.);
#10591 = ORIENTED_EDGE('',*,*,#544,.F.);
#10592 = ADVANCED_FACE('',(#10593),#532,.F.);
#10593 = FACE_BOUND('',#10594,.F.);
#10594 = EDGE_LOOP('',(#10595,#10616,#10617,#10618));
#10595 = ORIENTED_EDGE('',*,*,#10596,.T.);
#10596 = EDGE_CURVE('',#489,#4423,#10597,.T.);
#10597 = SURFACE_CURVE('',#10598,(#10602,#10609),.PCURVE_S1.);
#10598 = LINE('',#10599,#10600);
#10599 = CARTESIAN_POINT('',(-2.999984384486,-358.7199067484,
    -33.60663596471));
#10600 = VECTOR('',#10601,1.);
#10601 = DIRECTION('',(1.,-4.273210745757E-14,7.418371472667E-14));
#10602 = PCURVE('',#532,#10603);
#10603 = DEFINITIONAL_REPRESENTATION('',(#10604),#10608);
#10604 = LINE('',#10605,#10606);
#10605 = CARTESIAN_POINT('',(0.,0.));
#10606 = VECTOR('',#10607,1.);
#10607 = DIRECTION('',(-2.028950248228E-26,-1.));
#10608 = ( GEOMETRIC_REPRESENTATION_CONTEXT(2) 
PARAMETRIC_REPRESENTATION_CONTEXT() REPRESENTATION_CONTEXT('2D SPACE',''
  ) );
#10609 = PCURVE('',#504,#10610);
#10610 = DEFINITIONAL_REPRESENTATION('',(#10611),#10615);
#10611 = LINE('',#10612,#10613);
#10612 = CARTESIAN_POINT('',(1.232051085693,-6.181373905772E-14));
#10613 = VECTOR('',#10614,1.);
#10614 = DIRECTION('',(-3.19409780524E-26,-1.));
#10615 = ( GEOMETRIC_REPRESENTATION_CONTEXT(2) 
PARAMETRIC_REPRESENTATION_CONTEXT() REPRESENTATION_CONTEXT('2D SPACE',''
  ) );
#10616 = ORIENTED_EDGE('',*,*,#4445,.T.);
#10617 = ORIENTED_EDGE('',*,*,#10569,.F.);
#10618 = ORIENTED_EDGE('',*,*,#516,.F.);
#10619 = ADVANCED_FACE('',(#10620),#504,.F.);
#10620 = FACE_BOUND('',#10621,.F.);
#10621 = EDGE_LOOP('',(#10622,#10643,#10644,#10645));
#10622 = ORIENTED_EDGE('',*,*,#10623,.T.);
#10623 = EDGE_CURVE('',#461,#4400,#10624,.T.);
#10624 = SURFACE_CURVE('',#10625,(#10629,#10636),.PCURVE_S1.);
#10625 = LINE('',#10626,#10627);
#10626 = CARTESIAN_POINT('',(-2.999984384486,-357.4944555152,
    -33.73399040243));
#10627 = VECTOR('',#10628,1.);
#10628 = DIRECTION('',(1.,-4.273210745757E-14,7.418371472667E-14));
#10629 = PCURVE('',#504,#10630);
#10630 = DEFINITIONAL_REPRESENTATION('',(#10631),#10635);
#10631 = LINE('',#10632,#10633);
#10632 = CARTESIAN_POINT('',(0.,0.));
#10633 = VECTOR('',#10634,1.);
#10634 = DIRECTION('',(-3.19409780524E-26,-1.));
#10635 = ( GEOMETRIC_REPRESENTATION_CONTEXT(2) 
PARAMETRIC_REPRESENTATION_CONTEXT() REPRESENTATION_CONTEXT('2D SPACE',''
  ) );
#10636 = PCURVE('',#476,#10637);
#10637 = DEFINITIONAL_REPRESENTATION('',(#10638),#10642);
#10638 = LINE('',#10639,#10640);
#10639 = CARTESIAN_POINT('',(1.232051085769,-6.076796836141E-14));
#10640 = VECTOR('',#10641,1.);
#10641 = DIRECTION('',(-4.345834726863E-27,-1.));
#10642 = ( GEOMETRIC_REPRESENTATION_CONTEXT(2) 
PARAMETRIC_REPRESENTATION_CONTEXT() REPRESENTATION_CONTEXT('2D SPACE',''
  ) );
#10643 = ORIENTED_EDGE('',*,*,#4422,.T.);
#10644 = ORIENTED_EDGE('',*,*,#10596,.F.);
#10645 = ORIENTED_EDGE('',*,*,#488,.F.);
#10646 = ADVANCED_FACE('',(#10647),#476,.F.);
#10647 = FACE_BOUND('',#10648,.F.);
#10648 = EDGE_LOOP('',(#10649,#10670,#10671,#10672));
#10649 = ORIENTED_EDGE('',*,*,#10650,.T.);
#10650 = EDGE_CURVE('',#433,#4377,#10651,.T.);
#10651 = SURFACE_CURVE('',#10652,(#10656,#10663),.PCURVE_S1.);
#10652 = LINE('',#10653,#10654);
#10653 = CARTESIAN_POINT('',(-2.999984384486,-356.2675437407,
    -33.84640648463));
#10654 = VECTOR('',#10655,1.);
#10655 = DIRECTION('',(1.,-4.273210745757E-14,7.418371472667E-14));
#10656 = PCURVE('',#476,#10657);
#10657 = DEFINITIONAL_REPRESENTATION('',(#10658),#10662);
#10658 = LINE('',#10659,#10660);
#10659 = CARTESIAN_POINT('',(0.,0.));
#10660 = VECTOR('',#10661,1.);
#10661 = DIRECTION('',(-4.345834726863E-27,-1.));
#10662 = ( GEOMETRIC_REPRESENTATION_CONTEXT(2) 
PARAMETRIC_REPRESENTATION_CONTEXT() REPRESENTATION_CONTEXT('2D SPACE',''
  ) );
#10663 = PCURVE('',#448,#10664);
#10664 = DEFINITIONAL_REPRESENTATION('',(#10665),#10669);
#10665 = LINE('',#10666,#10667);
#10666 = CARTESIAN_POINT('',(1.232051085756,-5.9713178738E-14));
#10667 = VECTOR('',#10668,1.);
#10668 = DIRECTION('',(1.068748754393E-26,-1.));
#10669 = ( GEOMETRIC_REPRESENTATION_CONTEXT(2) 
PARAMETRIC_REPRESENTATION_CONTEXT() REPRESENTATION_CONTEXT('2D SPACE',''
  ) );
#10670 = ORIENTED_EDGE('',*,*,#4399,.T.);
#10671 = ORIENTED_EDGE('',*,*,#10623,.F.);
#10672 = ORIENTED_EDGE('',*,*,#460,.F.);
#10673 = ADVANCED_FACE('',(#10674),#448,.F.);
#10674 = FACE_BOUND('',#10675,.F.);
#10675 = EDGE_LOOP('',(#10676,#10697,#10698,#10699));
#10676 = ORIENTED_EDGE('',*,*,#10677,.T.);
#10677 = EDGE_CURVE('',#405,#4354,#10678,.T.);
#10678 = SURFACE_CURVE('',#10679,(#10683,#10690),.PCURVE_S1.);
#10679 = LINE('',#10680,#10681);
#10680 = CARTESIAN_POINT('',(-2.999984384486,-355.039353518,
    -33.94386752698));
#10681 = VECTOR('',#10682,1.);
#10682 = DIRECTION('',(1.,-4.273210745757E-14,7.418371472667E-14));
#10683 = PCURVE('',#448,#10684);
#10684 = DEFINITIONAL_REPRESENTATION('',(#10685),#10689);
#10685 = LINE('',#10686,#10687);
#10686 = CARTESIAN_POINT('',(0.,0.));
#10687 = VECTOR('',#10688,1.);
#10688 = DIRECTION('',(1.068748754393E-26,-1.));
#10689 = ( GEOMETRIC_REPRESENTATION_CONTEXT(2) 
PARAMETRIC_REPRESENTATION_CONTEXT() REPRESENTATION_CONTEXT('2D SPACE',''
  ) );
#10690 = PCURVE('',#420,#10691);
#10691 = DEFINITIONAL_REPRESENTATION('',(#10692),#10696);
#10692 = LINE('',#10693,#10694);
#10693 = CARTESIAN_POINT('',(1.232051085799,-5.864952674202E-14));
#10694 = VECTOR('',#10695,1.);
#10695 = DIRECTION('',(-8.44002282496E-27,-1.));
#10696 = ( GEOMETRIC_REPRESENTATION_CONTEXT(2) 
PARAMETRIC_REPRESENTATION_CONTEXT() REPRESENTATION_CONTEXT('2D SPACE',''
  ) );
#10697 = ORIENTED_EDGE('',*,*,#4376,.T.);
#10698 = ORIENTED_EDGE('',*,*,#10650,.F.);
#10699 = ORIENTED_EDGE('',*,*,#432,.F.);
#10700 = ADVANCED_FACE('',(#10701),#420,.F.);
#10701 = FACE_BOUND('',#10702,.F.);
#10702 = EDGE_LOOP('',(#10703,#10724,#10725,#10726));
#10703 = ORIENTED_EDGE('',*,*,#10704,.T.);
#10704 = EDGE_CURVE('',#377,#4331,#10705,.T.);
#10705 = SURFACE_CURVE('',#10706,(#10710,#10717),.PCURVE_S1.);
#10706 = LINE('',#10707,#10708);
#10707 = CARTESIAN_POINT('',(-2.999984384486,-353.8100671298,
    -34.02635906475));
#10708 = VECTOR('',#10709,1.);
#10709 = DIRECTION('',(1.,-4.273210745757E-14,7.418371472667E-14));
#10710 = PCURVE('',#420,#10711);
#10711 = DEFINITIONAL_REPRESENTATION('',(#10712),#10716);
#10712 = LINE('',#10713,#10714);
#10713 = CARTESIAN_POINT('',(0.,0.));
#10714 = VECTOR('',#10715,1.);
#10715 = DIRECTION('',(-8.44002282496E-27,-1.));
#10716 = ( GEOMETRIC_REPRESENTATION_CONTEXT(2) 
PARAMETRIC_REPRESENTATION_CONTEXT() REPRESENTATION_CONTEXT('2D SPACE',''
  ) );
#10717 = PCURVE('',#392,#10718);
#10718 = DEFINITIONAL_REPRESENTATION('',(#10719),#10723);
#10719 = LINE('',#10720,#10721);
#10720 = CARTESIAN_POINT('',(1.232051085684,-5.757717022594E-14));
#10721 = VECTOR('',#10722,1.);
#10722 = DIRECTION('',(6.78262606309E-27,-1.));
#10723 = ( GEOMETRIC_REPRESENTATION_CONTEXT(2) 
PARAMETRIC_REPRESENTATION_CONTEXT() REPRESENTATION_CONTEXT('2D SPACE',''
  ) );
#10724 = ORIENTED_EDGE('',*,*,#4353,.T.);
#10725 = ORIENTED_EDGE('',*,*,#10677,.F.);
#10726 = ORIENTED_EDGE('',*,*,#404,.F.);
#10727 = ADVANCED_FACE('',(#10728),#392,.F.);
#10728 = FACE_BOUND('',#10729,.F.);
#10729 = EDGE_LOOP('',(#10730,#10751,#10752,#10753));
#10730 = ORIENTED_EDGE('',*,*,#10731,.T.);
#10731 = EDGE_CURVE('',#349,#4308,#10732,.T.);
#10732 = SURFACE_CURVE('',#10733,(#10737,#10744),.PCURVE_S1.);
#10733 = LINE('',#10734,#10735);
#10734 = CARTESIAN_POINT('',(-2.999984384486,-352.5798670217,
    -34.09386885489));
#10735 = VECTOR('',#10736,1.);
#10736 = DIRECTION('',(1.,-4.273210745757E-14,7.418371472667E-14));
#10737 = PCURVE('',#392,#10738);
#10738 = DEFINITIONAL_REPRESENTATION('',(#10739),#10743);
#10739 = LINE('',#10740,#10741);
#10740 = CARTESIAN_POINT('',(0.,0.));
#10741 = VECTOR('',#10742,1.);
#10742 = DIRECTION('',(6.78262606309E-27,-1.));
#10743 = ( GEOMETRIC_REPRESENTATION_CONTEXT(2) 
PARAMETRIC_REPRESENTATION_CONTEXT() REPRESENTATION_CONTEXT('2D SPACE',''
  ) );
#10744 = PCURVE('',#364,#10745);
#10745 = DEFINITIONAL_REPRESENTATION('',(#10746),#10750);
#10746 = LINE('',#10747,#10748);
#10747 = CARTESIAN_POINT('',(1.23205108582,-5.64962683636E-14));
#10748 = VECTOR('',#10749,1.);
#10749 = DIRECTION('',(1.354474174264E-26,-1.));
#10750 = ( GEOMETRIC_REPRESENTATION_CONTEXT(2) 
PARAMETRIC_REPRESENTATION_CONTEXT() REPRESENTATION_CONTEXT('2D SPACE',''
  ) );
#10751 = ORIENTED_EDGE('',*,*,#4330,.T.);
#10752 = ORIENTED_EDGE('',*,*,#10704,.F.);
#10753 = ORIENTED_EDGE('',*,*,#376,.F.);
#10754 = ADVANCED_FACE('',(#10755),#364,.F.);
#10755 = FACE_BOUND('',#10756,.F.);
#10756 = EDGE_LOOP('',(#10757,#10778,#10779,#10780));
#10757 = ORIENTED_EDGE('',*,*,#10758,.T.);
#10758 = EDGE_CURVE('',#321,#4285,#10759,.T.);
#10759 = SURFACE_CURVE('',#10760,(#10764,#10771),.PCURVE_S1.);
#10760 = LINE('',#10761,#10762);
#10761 = CARTESIAN_POINT('',(-2.999984384486,-351.3489357745,
    -34.14638687787));
#10762 = VECTOR('',#10763,1.);
#10763 = DIRECTION('',(1.,-4.273210745757E-14,7.418371472667E-14));
#10764 = PCURVE('',#364,#10765);
#10765 = DEFINITIONAL_REPRESENTATION('',(#10766),#10770);
#10766 = LINE('',#10767,#10768);
#10767 = CARTESIAN_POINT('',(0.,0.));
#10768 = VECTOR('',#10769,1.);
#10769 = DIRECTION('',(1.354474174264E-26,-1.));
#10770 = ( GEOMETRIC_REPRESENTATION_CONTEXT(2) 
PARAMETRIC_REPRESENTATION_CONTEXT() REPRESENTATION_CONTEXT('2D SPACE',''
  ) );
#10771 = PCURVE('',#336,#10772);
#10772 = DEFINITIONAL_REPRESENTATION('',(#10773),#10777);
#10773 = LINE('',#10774,#10775);
#10774 = CARTESIAN_POINT('',(1.232051085724,-5.540698155538E-14));
#10775 = VECTOR('',#10776,1.);
#10776 = DIRECTION('',(-1.450872976882E-26,-1.));
#10777 = ( GEOMETRIC_REPRESENTATION_CONTEXT(2) 
PARAMETRIC_REPRESENTATION_CONTEXT() REPRESENTATION_CONTEXT('2D SPACE',''
  ) );
#10778 = ORIENTED_EDGE('',*,*,#4307,.T.);
#10779 = ORIENTED_EDGE('',*,*,#10731,.F.);
#10780 = ORIENTED_EDGE('',*,*,#348,.F.);
#10781 = ADVANCED_FACE('',(#10782),#336,.F.);
#10782 = FACE_BOUND('',#10783,.F.);
#10783 = EDGE_LOOP('',(#10784,#10805,#10806,#10807));
#10784 = ORIENTED_EDGE('',*,*,#10785,.T.);
#10785 = EDGE_CURVE('',#293,#4262,#10786,.T.);
#10786 = SURFACE_CURVE('',#10787,(#10791,#10798),.PCURVE_S1.);
#10787 = LINE('',#10788,#10789);
#10788 = CARTESIAN_POINT('',(-2.999984384486,-350.117456078,
    -34.18390533921));
#10789 = VECTOR('',#10790,1.);
#10790 = DIRECTION('',(1.,-4.273210745757E-14,7.418371472667E-14));
#10791 = PCURVE('',#336,#10792);
#10792 = DEFINITIONAL_REPRESENTATION('',(#10793),#10797);
#10793 = LINE('',#10794,#10795);
#10794 = CARTESIAN_POINT('',(0.,0.));
#10795 = VECTOR('',#10796,1.);
#10796 = DIRECTION('',(-1.450872976882E-26,-1.));
#10797 = ( GEOMETRIC_REPRESENTATION_CONTEXT(2) 
PARAMETRIC_REPRESENTATION_CONTEXT() REPRESENTATION_CONTEXT('2D SPACE',''
  ) );
#10798 = PCURVE('',#308,#10799);
#10799 = DEFINITIONAL_REPRESENTATION('',(#10800),#10804);
#10800 = LINE('',#10801,#10802);
#10801 = CARTESIAN_POINT('',(1.232051085791,-5.430947148661E-14));
#10802 = VECTOR('',#10803,1.);
#10803 = DIRECTION('',(-3.520883435228E-27,-1.));
#10804 = ( GEOMETRIC_REPRESENTATION_CONTEXT(2) 
PARAMETRIC_REPRESENTATION_CONTEXT() REPRESENTATION_CONTEXT('2D SPACE',''
  ) );
#10805 = ORIENTED_EDGE('',*,*,#4284,.T.);
#10806 = ORIENTED_EDGE('',*,*,#10758,.F.);
#10807 = ORIENTED_EDGE('',*,*,#320,.F.);
#10808 = ADVANCED_FACE('',(#10809),#308,.F.);
#10809 = FACE_BOUND('',#10810,.F.);
#10810 = EDGE_LOOP('',(#10811,#10832,#10833,#10834));
#10811 = ORIENTED_EDGE('',*,*,#10812,.T.);
#10812 = EDGE_CURVE('',#265,#4239,#10813,.T.);
#10813 = SURFACE_CURVE('',#10814,(#10818,#10825),.PCURVE_S1.);
#10814 = LINE('',#10815,#10816);
#10815 = CARTESIAN_POINT('',(-2.999984384486,-348.885610703,
    -34.20641867057));
#10816 = VECTOR('',#10817,1.);
#10817 = DIRECTION('',(1.,-4.273210745757E-14,7.418371472667E-14));
#10818 = PCURVE('',#308,#10819);
#10819 = DEFINITIONAL_REPRESENTATION('',(#10820),#10824);
#10820 = LINE('',#10821,#10822);
#10821 = CARTESIAN_POINT('',(0.,0.));
#10822 = VECTOR('',#10823,1.);
#10823 = DIRECTION('',(-3.520883435228E-27,-1.));
#10824 = ( GEOMETRIC_REPRESENTATION_CONTEXT(2) 
PARAMETRIC_REPRESENTATION_CONTEXT() REPRESENTATION_CONTEXT('2D SPACE',''
  ) );
#10825 = PCURVE('',#280,#10826);
#10826 = DEFINITIONAL_REPRESENTATION('',(#10827),#10831);
#10827 = LINE('',#10828,#10829);
#10828 = CARTESIAN_POINT('',(1.232051085694,-5.320390103071E-14));
#10829 = VECTOR('',#10830,1.);
#10830 = DIRECTION('',(-2.14352243395E-26,-1.));
#10831 = ( GEOMETRIC_REPRESENTATION_CONTEXT(2) 
PARAMETRIC_REPRESENTATION_CONTEXT() REPRESENTATION_CONTEXT('2D SPACE',''
  ) );
#10832 = ORIENTED_EDGE('',*,*,#4261,.T.);
#10833 = ORIENTED_EDGE('',*,*,#10785,.F.);
#10834 = ORIENTED_EDGE('',*,*,#292,.F.);
#10835 = ADVANCED_FACE('',(#10836),#280,.F.);
#10836 = FACE_BOUND('',#10837,.F.);
#10837 = EDGE_LOOP('',(#10838,#10859,#10860,#10861));
#10838 = ORIENTED_EDGE('',*,*,#10839,.T.);
#10839 = EDGE_CURVE('',#237,#4216,#10840,.T.);
#10840 = SURFACE_CURVE('',#10841,(#10845,#10852),.PCURVE_S1.);
#10841 = LINE('',#10842,#10843);
#10842 = CARTESIAN_POINT('',(-2.999984384486,-347.6535824749,
    -34.21392353061));
#10843 = VECTOR('',#10844,1.);
#10844 = DIRECTION('',(1.,-4.273210745757E-14,7.418371472667E-14));
#10845 = PCURVE('',#280,#10846);
#10846 = DEFINITIONAL_REPRESENTATION('',(#10847),#10851);
#10847 = LINE('',#10848,#10849);
#10848 = CARTESIAN_POINT('',(0.,0.));
#10849 = VECTOR('',#10850,1.);
#10850 = DIRECTION('',(-2.14352243395E-26,-1.));
#10851 = ( GEOMETRIC_REPRESENTATION_CONTEXT(2) 
PARAMETRIC_REPRESENTATION_CONTEXT() REPRESENTATION_CONTEXT('2D SPACE',''
  ) );
#10852 = PCURVE('',#252,#10853);
#10853 = DEFINITIONAL_REPRESENTATION('',(#10854),#10858);
#10854 = LINE('',#10855,#10856);
#10855 = CARTESIAN_POINT('',(447.6535824749,-1.292682359167E-13));
#10856 = VECTOR('',#10857,1.);
#10857 = DIRECTION('',(6.667676460973E-28,-1.));
#10858 = ( GEOMETRIC_REPRESENTATION_CONTEXT(2) 
PARAMETRIC_REPRESENTATION_CONTEXT() REPRESENTATION_CONTEXT('2D SPACE',''
  ) );
#10859 = ORIENTED_EDGE('',*,*,#4238,.T.);
#10860 = ORIENTED_EDGE('',*,*,#10812,.F.);
#10861 = ORIENTED_EDGE('',*,*,#264,.F.);
#10862 = ADVANCED_FACE('',(#10863),#252,.F.);
#10863 = FACE_BOUND('',#10864,.F.);
#10864 = EDGE_LOOP('',(#10865,#10866,#10885,#10886));
#10865 = ORIENTED_EDGE('',*,*,#236,.F.);
#10866 = ORIENTED_EDGE('',*,*,#10867,.T.);
#10867 = EDGE_CURVE('',#211,#4195,#10868,.T.);
#10868 = SURFACE_CURVE('',#10869,(#10873,#10879),.PCURVE_S1.);
#10869 = LINE('',#10870,#10871);
#10870 = CARTESIAN_POINT('',(-1.359260455144,-4.9999999,-34.21392353121)
  );
#10871 = VECTOR('',#10872,1.);
#10872 = DIRECTION('',(1.,1.58689589789E-15,7.418371472659E-14));
#10873 = PCURVE('',#252,#10874);
#10874 = DEFINITIONAL_REPRESENTATION('',(#10875),#10878);
#10875 = B_SPLINE_CURVE_WITH_KNOTS('',1,(#10876,#10877),.UNSPECIFIED.,
  .F.,.F.,(2,2),(-1.640723929327,4.359276070673),
  .PIECEWISE_BEZIER_KNOTS.);
#10876 = CARTESIAN_POINT('',(104.9999999,0.));
#10877 = CARTESIAN_POINT('',(104.9999999,-6.));
#10878 = ( GEOMETRIC_REPRESENTATION_CONTEXT(2) 
PARAMETRIC_REPRESENTATION_CONTEXT() REPRESENTATION_CONTEXT('2D SPACE',''
  ) );
#10879 = PCURVE('',#225,#10880);
#10880 = DEFINITIONAL_REPRESENTATION('',(#10881),#10884);
#10881 = B_SPLINE_CURVE_WITH_KNOTS('',1,(#10882,#10883),.UNSPECIFIED.,
  .F.,.F.,(2,2),(-1.640723929327,4.359276070673),
  .PIECEWISE_BEZIER_KNOTS.);
#10882 = CARTESIAN_POINT('',(3.281447858647,-32.53428179255));
#10883 = CARTESIAN_POINT('',(-2.718552141353,-32.53428179255));
#10884 = ( GEOMETRIC_REPRESENTATION_CONTEXT(2) 
PARAMETRIC_REPRESENTATION_CONTEXT() REPRESENTATION_CONTEXT('2D SPACE',''
  ) );
#10885 = ORIENTED_EDGE('',*,*,#4215,.T.);
#10886 = ORIENTED_EDGE('',*,*,#10839,.F.);
#10887 = ADVANCED_FACE('',(#10888),#225,.T.);
#10888 = FACE_BOUND('',#10889,.T.);
#10889 = EDGE_LOOP('',(#10890,#10891,#10914,#10937,#10960,#10983,#11006,
    #11027,#11028));
#10890 = ORIENTED_EDGE('',*,*,#4194,.F.);
#10891 = ORIENTED_EDGE('',*,*,#10892,.T.);
#10892 = EDGE_CURVE('',#4174,#10893,#10895,.T.);
#10893 = VERTEX_POINT('',#10894);
#10894 = CARTESIAN_POINT('',(2.937510070602,-4.9999999,-41.6927915423));
#10895 = SURFACE_CURVE('',#10896,(#10900,#10907),.PCURVE_S1.);
#10896 = LINE('',#10897,#10898);
#10897 = CARTESIAN_POINT('',(3.374858470019,-4.9999999,-41.67487348975)
  );
#10898 = VECTOR('',#10899,1.);
#10899 = DIRECTION('',(-0.999161795044,-1.584189904001E-15,
    -4.093540429875E-02));
#10900 = PCURVE('',#225,#10901);
#10901 = DEFINITIONAL_REPRESENTATION('',(#10902),#10906);
#10902 = LINE('',#10903,#10904);
#10903 = CARTESIAN_POINT('',(-3.093394995843,-39.99523175108));
#10904 = VECTOR('',#10905,1.);
#10905 = DIRECTION('',(0.999161795044,-4.093540429875E-02));
#10906 = ( GEOMETRIC_REPRESENTATION_CONTEXT(2) 
PARAMETRIC_REPRESENTATION_CONTEXT() REPRESENTATION_CONTEXT('2D SPACE',''
  ) );
#10907 = PCURVE('',#3998,#10908);
#10908 = DEFINITIONAL_REPRESENTATION('',(#10909),#10913);
#10909 = LINE('',#10910,#10911);
#10910 = CARTESIAN_POINT('',(0.,0.));
#10911 = VECTOR('',#10912,1.);
#10912 = DIRECTION('',(1.,0.));
#10913 = ( GEOMETRIC_REPRESENTATION_CONTEXT(2) 
PARAMETRIC_REPRESENTATION_CONTEXT() REPRESENTATION_CONTEXT('2D SPACE',''
  ) );
#10914 = ORIENTED_EDGE('',*,*,#10915,.T.);
#10915 = EDGE_CURVE('',#10893,#10916,#10918,.T.);
#10916 = VERTEX_POINT('',#10917);
#10917 = CARTESIAN_POINT('',(2.500021613966,-4.9999999,-41.70688158806)
  );
#10918 = SURFACE_CURVE('',#10919,(#10923,#10930),.PCURVE_S1.);
#10919 = LINE('',#10920,#10921);
#10920 = CARTESIAN_POINT('',(2.937510070602,-4.9999999,-41.6927915423));
#10921 = VECTOR('',#10922,1.);
#10922 = DIRECTION('',(-0.999481768372,-1.584991604474E-15,
    -3.218997813321E-02));
#10923 = PCURVE('',#225,#10924);
#10924 = DEFINITIONAL_REPRESENTATION('',(#10925),#10929);
#10925 = LINE('',#10926,#10927);
#10926 = CARTESIAN_POINT('',(-2.656046596426,-40.01314980363));
#10927 = VECTOR('',#10928,1.);
#10928 = DIRECTION('',(0.999481768372,-3.218997813321E-02));
#10929 = ( GEOMETRIC_REPRESENTATION_CONTEXT(2) 
PARAMETRIC_REPRESENTATION_CONTEXT() REPRESENTATION_CONTEXT('2D SPACE',''
  ) );
#10930 = PCURVE('',#4026,#10931);
#10931 = DEFINITIONAL_REPRESENTATION('',(#10932),#10936);
#10932 = LINE('',#10933,#10934);
#10933 = CARTESIAN_POINT('',(0.,0.));
#10934 = VECTOR('',#10935,1.);
#10935 = DIRECTION('',(1.,0.));
#10936 = ( GEOMETRIC_REPRESENTATION_CONTEXT(2) 
PARAMETRIC_REPRESENTATION_CONTEXT() REPRESENTATION_CONTEXT('2D SPACE',''
  ) );
#10937 = ORIENTED_EDGE('',*,*,#10938,.T.);
#10938 = EDGE_CURVE('',#10916,#10939,#10941,.T.);
#10939 = VERTEX_POINT('',#10940);
#10940 = CARTESIAN_POINT('',(2.500021613966,-4.9999999,-34.21394618881)
  );
#10941 = SURFACE_CURVE('',#10942,(#10946,#10953),.PCURVE_S1.);
#10942 = LINE('',#10943,#10944);
#10943 = CARTESIAN_POINT('',(2.500021613966,-4.9999999,-41.70688158806)
  );
#10944 = VECTOR('',#10945,1.);
#10945 = DIRECTION('',(9.482835469677E-15,-3.361026734703E-17,1.));
#10946 = PCURVE('',#225,#10947);
#10947 = DEFINITIONAL_REPRESENTATION('',(#10948),#10952);
#10948 = LINE('',#10949,#10950);
#10949 = CARTESIAN_POINT('',(-2.21855813979,-40.02723984939));
#10950 = VECTOR('',#10951,1.);
#10951 = DIRECTION('',(-9.482835469677E-15,1.));
#10952 = ( GEOMETRIC_REPRESENTATION_CONTEXT(2) 
PARAMETRIC_REPRESENTATION_CONTEXT() REPRESENTATION_CONTEXT('2D SPACE',''
  ) );
#10953 = PCURVE('',#4054,#10954);
#10954 = DEFINITIONAL_REPRESENTATION('',(#10955),#10959);
#10955 = LINE('',#10956,#10957);
#10956 = CARTESIAN_POINT('',(0.,0.));
#10957 = VECTOR('',#10958,1.);
#10958 = DIRECTION('',(1.,0.));
#10959 = ( GEOMETRIC_REPRESENTATION_CONTEXT(2) 
PARAMETRIC_REPRESENTATION_CONTEXT() REPRESENTATION_CONTEXT('2D SPACE',''
  ) );
#10960 = ORIENTED_EDGE('',*,*,#10961,.T.);
#10961 = EDGE_CURVE('',#10939,#10962,#10964,.T.);
#10962 = VERTEX_POINT('',#10963);
#10963 = CARTESIAN_POINT('',(-2.499978386034,-4.9999999,-34.21394618881)
  );
#10964 = SURFACE_CURVE('',#10965,(#10969,#10976),.PCURVE_S1.);
#10965 = LINE('',#10966,#10967);
#10966 = CARTESIAN_POINT('',(2.500021613966,-4.9999999,-34.21394618881)
  );
#10967 = VECTOR('',#10968,1.);
#10968 = DIRECTION('',(-1.,-1.58689589789E-15,-5.333599538002E-32));
#10969 = PCURVE('',#225,#10970);
#10970 = DEFINITIONAL_REPRESENTATION('',(#10971),#10975);
#10971 = LINE('',#10972,#10973);
#10972 = CARTESIAN_POINT('',(-2.21855813979,-32.53430445014));
#10973 = VECTOR('',#10974,1.);
#10974 = DIRECTION('',(1.,0.));
#10975 = ( GEOMETRIC_REPRESENTATION_CONTEXT(2) 
PARAMETRIC_REPRESENTATION_CONTEXT() REPRESENTATION_CONTEXT('2D SPACE',''
  ) );
#10976 = PCURVE('',#4082,#10977);
#10977 = DEFINITIONAL_REPRESENTATION('',(#10978),#10982);
#10978 = LINE('',#10979,#10980);
#10979 = CARTESIAN_POINT('',(0.,0.));
#10980 = VECTOR('',#10981,1.);
#10981 = DIRECTION('',(1.,0.));
#10982 = ( GEOMETRIC_REPRESENTATION_CONTEXT(2) 
PARAMETRIC_REPRESENTATION_CONTEXT() REPRESENTATION_CONTEXT('2D SPACE',''
  ) );
#10983 = ORIENTED_EDGE('',*,*,#10984,.T.);
#10984 = EDGE_CURVE('',#10962,#10985,#10987,.T.);
#10985 = VERTEX_POINT('',#10986);
#10986 = CARTESIAN_POINT('',(-2.499978386034,-4.9999999,-41.70688158806)
  );
#10987 = SURFACE_CURVE('',#10988,(#10992,#10999),.PCURVE_S1.);
#10988 = LINE('',#10989,#10990);
#10989 = CARTESIAN_POINT('',(-2.499978386034,-4.9999999,-34.21394618881)
  );
#10990 = VECTOR('',#10991,1.);
#10991 = DIRECTION('',(0.,3.361026734705E-17,-1.));
#10992 = PCURVE('',#225,#10993);
#10993 = DEFINITIONAL_REPRESENTATION('',(#10994),#10998);
#10994 = LINE('',#10995,#10996);
#10995 = CARTESIAN_POINT('',(2.78144186021,-32.53430445014));
#10996 = VECTOR('',#10997,1.);
#10997 = DIRECTION('',(0.,-1.));
#10998 = ( GEOMETRIC_REPRESENTATION_CONTEXT(2) 
PARAMETRIC_REPRESENTATION_CONTEXT() REPRESENTATION_CONTEXT('2D SPACE',''
  ) );
#10999 = PCURVE('',#4110,#11000);
#11000 = DEFINITIONAL_REPRESENTATION('',(#11001),#11005);
#11001 = LINE('',#11002,#11003);
#11002 = CARTESIAN_POINT('',(0.,0.));
#11003 = VECTOR('',#11004,1.);
#11004 = DIRECTION('',(1.,0.));
#11005 = ( GEOMETRIC_REPRESENTATION_CONTEXT(2) 
PARAMETRIC_REPRESENTATION_CONTEXT() REPRESENTATION_CONTEXT('2D SPACE',''
  ) );
#11006 = ORIENTED_EDGE('',*,*,#11007,.T.);
#11007 = EDGE_CURVE('',#10985,#185,#11008,.T.);
#11008 = SURFACE_CURVE('',#11009,(#11013,#11020),.PCURVE_S1.);
#11009 = LINE('',#11010,#11011);
#11010 = CARTESIAN_POINT('',(-2.499978386034,-4.9999999,-41.70688158806)
  );
#11011 = VECTOR('',#11012,1.);
#11012 = DIRECTION('',(-0.99933134846,-1.587063711095E-15,
    3.656304123959E-02));
#11013 = PCURVE('',#225,#11014);
#11014 = DEFINITIONAL_REPRESENTATION('',(#11015),#11019);
#11015 = LINE('',#11016,#11017);
#11016 = CARTESIAN_POINT('',(2.78144186021,-40.02723984939));
#11017 = VECTOR('',#11018,1.);
#11018 = DIRECTION('',(0.99933134846,3.656304123959E-02));
#11019 = ( GEOMETRIC_REPRESENTATION_CONTEXT(2) 
PARAMETRIC_REPRESENTATION_CONTEXT() REPRESENTATION_CONTEXT('2D SPACE',''
  ) );
#11020 = PCURVE('',#199,#11021);
#11021 = DEFINITIONAL_REPRESENTATION('',(#11022),#11026);
#11022 = LINE('',#11023,#11024);
#11023 = CARTESIAN_POINT('',(0.,0.));
#11024 = VECTOR('',#11025,1.);
#11025 = DIRECTION('',(1.,0.));
#11026 = ( GEOMETRIC_REPRESENTATION_CONTEXT(2) 
PARAMETRIC_REPRESENTATION_CONTEXT() REPRESENTATION_CONTEXT('2D SPACE',''
  ) );
#11027 = ORIENTED_EDGE('',*,*,#210,.T.);
#11028 = ORIENTED_EDGE('',*,*,#10867,.T.);
#11029 = ADVANCED_FACE('',(#11030),#199,.T.);
#11030 = FACE_BOUND('',#11031,.T.);
#11031 = EDGE_LOOP('',(#11032,#11033,#11054,#11055));
#11032 = ORIENTED_EDGE('',*,*,#11007,.F.);
#11033 = ORIENTED_EDGE('',*,*,#11034,.T.);
#11034 = EDGE_CURVE('',#10985,#4095,#11035,.T.);
#11035 = SURFACE_CURVE('',#11036,(#11040,#11047),.PCURVE_S1.);
#11036 = LINE('',#11037,#11038);
#11037 = CARTESIAN_POINT('',(-2.499978386034,-4.9999999,-41.70688158806)
  );
#11038 = VECTOR('',#11039,1.);
#11039 = DIRECTION('',(-1.58689589789E-15,1.,3.361026734705E-17));
#11040 = PCURVE('',#199,#11041);
#11041 = DEFINITIONAL_REPRESENTATION('',(#11042),#11046);
#11042 = LINE('',#11043,#11044);
#11043 = CARTESIAN_POINT('',(0.,0.));
#11044 = VECTOR('',#11045,1.);
#11045 = DIRECTION('',(0.,-1.));
#11046 = ( GEOMETRIC_REPRESENTATION_CONTEXT(2) 
PARAMETRIC_REPRESENTATION_CONTEXT() REPRESENTATION_CONTEXT('2D SPACE',''
  ) );
#11047 = PCURVE('',#4110,#11048);
#11048 = DEFINITIONAL_REPRESENTATION('',(#11049),#11053);
#11049 = LINE('',#11050,#11051);
#11050 = CARTESIAN_POINT('',(7.49293539925,0.));
#11051 = VECTOR('',#11052,1.);
#11052 = DIRECTION('',(0.,-1.));
#11053 = ( GEOMETRIC_REPRESENTATION_CONTEXT(2) 
PARAMETRIC_REPRESENTATION_CONTEXT() REPRESENTATION_CONTEXT('2D SPACE',''
  ) );
#11054 = ORIENTED_EDGE('',*,*,#4122,.T.);
#11055 = ORIENTED_EDGE('',*,*,#184,.T.);
#11056 = ADVANCED_FACE('',(#11057),#4110,.T.);
#11057 = FACE_BOUND('',#11058,.T.);
#11058 = EDGE_LOOP('',(#11059,#11080,#11081,#11082));
#11059 = ORIENTED_EDGE('',*,*,#11060,.T.);
#11060 = EDGE_CURVE('',#10962,#4067,#11061,.T.);
#11061 = SURFACE_CURVE('',#11062,(#11066,#11073),.PCURVE_S1.);
#11062 = LINE('',#11063,#11064);
#11063 = CARTESIAN_POINT('',(-2.499978386034,-4.9999999,-34.21394618881)
  );
#11064 = VECTOR('',#11065,1.);
#11065 = DIRECTION('',(-1.58689589789E-15,1.,3.361026734705E-17));
#11066 = PCURVE('',#4110,#11067);
#11067 = DEFINITIONAL_REPRESENTATION('',(#11068),#11072);
#11068 = LINE('',#11069,#11070);
#11069 = CARTESIAN_POINT('',(0.,0.));
#11070 = VECTOR('',#11071,1.);
#11071 = DIRECTION('',(0.,-1.));
#11072 = ( GEOMETRIC_REPRESENTATION_CONTEXT(2) 
PARAMETRIC_REPRESENTATION_CONTEXT() REPRESENTATION_CONTEXT('2D SPACE',''
  ) );
#11073 = PCURVE('',#4082,#11074);
#11074 = DEFINITIONAL_REPRESENTATION('',(#11075),#11079);
#11075 = LINE('',#11076,#11077);
#11076 = CARTESIAN_POINT('',(5.,0.));
#11077 = VECTOR('',#11078,1.);
#11078 = DIRECTION('',(0.,-1.));
#11079 = ( GEOMETRIC_REPRESENTATION_CONTEXT(2) 
PARAMETRIC_REPRESENTATION_CONTEXT() REPRESENTATION_CONTEXT('2D SPACE',''
  ) );
#11080 = ORIENTED_EDGE('',*,*,#4094,.T.);
#11081 = ORIENTED_EDGE('',*,*,#11034,.F.);
#11082 = ORIENTED_EDGE('',*,*,#10984,.F.);
#11083 = ADVANCED_FACE('',(#11084),#4082,.T.);
#11084 = FACE_BOUND('',#11085,.T.);
#11085 = EDGE_LOOP('',(#11086,#11107,#11108,#11109));
#11086 = ORIENTED_EDGE('',*,*,#11087,.T.);
#11087 = EDGE_CURVE('',#10939,#4039,#11088,.T.);
#11088 = SURFACE_CURVE('',#11089,(#11093,#11100),.PCURVE_S1.);
#11089 = LINE('',#11090,#11091);
#11090 = CARTESIAN_POINT('',(2.500021613966,-4.9999999,-34.21394618881)
  );
#11091 = VECTOR('',#11092,1.);
#11092 = DIRECTION('',(-1.58689589789E-15,1.,3.361026734705E-17));
#11093 = PCURVE('',#4082,#11094);
#11094 = DEFINITIONAL_REPRESENTATION('',(#11095),#11099);
#11095 = LINE('',#11096,#11097);
#11096 = CARTESIAN_POINT('',(0.,0.));
#11097 = VECTOR('',#11098,1.);
#11098 = DIRECTION('',(0.,-1.));
#11099 = ( GEOMETRIC_REPRESENTATION_CONTEXT(2) 
PARAMETRIC_REPRESENTATION_CONTEXT() REPRESENTATION_CONTEXT('2D SPACE',''
  ) );
#11100 = PCURVE('',#4054,#11101);
#11101 = DEFINITIONAL_REPRESENTATION('',(#11102),#11106);
#11102 = LINE('',#11103,#11104);
#11103 = CARTESIAN_POINT('',(7.49293539925,0.));
#11104 = VECTOR('',#11105,1.);
#11105 = DIRECTION('',(0.,-1.));
#11106 = ( GEOMETRIC_REPRESENTATION_CONTEXT(2) 
PARAMETRIC_REPRESENTATION_CONTEXT() REPRESENTATION_CONTEXT('2D SPACE',''
  ) );
#11107 = ORIENTED_EDGE('',*,*,#4066,.T.);
#11108 = ORIENTED_EDGE('',*,*,#11060,.F.);
#11109 = ORIENTED_EDGE('',*,*,#10961,.F.);
#11110 = ADVANCED_FACE('',(#11111),#4054,.T.);
#11111 = FACE_BOUND('',#11112,.T.);
#11112 = EDGE_LOOP('',(#11113,#11134,#11135,#11136));
#11113 = ORIENTED_EDGE('',*,*,#11114,.T.);
#11114 = EDGE_CURVE('',#10916,#4011,#11115,.T.);
#11115 = SURFACE_CURVE('',#11116,(#11120,#11127),.PCURVE_S1.);
#11116 = LINE('',#11117,#11118);
#11117 = CARTESIAN_POINT('',(2.500021613966,-4.9999999,-41.70688158806)
  );
#11118 = VECTOR('',#11119,1.);
#11119 = DIRECTION('',(-1.58689589789E-15,1.,3.361026734705E-17));
#11120 = PCURVE('',#4054,#11121);
#11121 = DEFINITIONAL_REPRESENTATION('',(#11122),#11126);
#11122 = LINE('',#11123,#11124);
#11123 = CARTESIAN_POINT('',(0.,0.));
#11124 = VECTOR('',#11125,1.);
#11125 = DIRECTION('',(0.,-1.));
#11126 = ( GEOMETRIC_REPRESENTATION_CONTEXT(2) 
PARAMETRIC_REPRESENTATION_CONTEXT() REPRESENTATION_CONTEXT('2D SPACE',''
  ) );
#11127 = PCURVE('',#4026,#11128);
#11128 = DEFINITIONAL_REPRESENTATION('',(#11129),#11133);
#11129 = LINE('',#11130,#11131);
#11130 = CARTESIAN_POINT('',(0.437715294546,0.));
#11131 = VECTOR('',#11132,1.);
#11132 = DIRECTION('',(-0.,-1.));
#11133 = ( GEOMETRIC_REPRESENTATION_CONTEXT(2) 
PARAMETRIC_REPRESENTATION_CONTEXT() REPRESENTATION_CONTEXT('2D SPACE',''
  ) );
#11134 = ORIENTED_EDGE('',*,*,#4038,.T.);
#11135 = ORIENTED_EDGE('',*,*,#11087,.F.);
#11136 = ORIENTED_EDGE('',*,*,#10938,.F.);
#11137 = ADVANCED_FACE('',(#11138),#4026,.T.);
#11138 = FACE_BOUND('',#11139,.T.);
#11139 = EDGE_LOOP('',(#11140,#11161,#11162,#11163));
#11140 = ORIENTED_EDGE('',*,*,#11141,.T.);
#11141 = EDGE_CURVE('',#10893,#3983,#11142,.T.);
#11142 = SURFACE_CURVE('',#11143,(#11147,#11154),.PCURVE_S1.);
#11143 = LINE('',#11144,#11145);
#11144 = CARTESIAN_POINT('',(2.937510070602,-4.9999999,-41.6927915423));
#11145 = VECTOR('',#11146,1.);
#11146 = DIRECTION('',(-1.58689589789E-15,1.,3.361026734705E-17));
#11147 = PCURVE('',#4026,#11148);
#11148 = DEFINITIONAL_REPRESENTATION('',(#11149),#11153);
#11149 = LINE('',#11150,#11151);
#11150 = CARTESIAN_POINT('',(0.,0.));
#11151 = VECTOR('',#11152,1.);
#11152 = DIRECTION('',(-0.,-1.));
#11153 = ( GEOMETRIC_REPRESENTATION_CONTEXT(2) 
PARAMETRIC_REPRESENTATION_CONTEXT() REPRESENTATION_CONTEXT('2D SPACE',''
  ) );
#11154 = PCURVE('',#3998,#11155);
#11155 = DEFINITIONAL_REPRESENTATION('',(#11156),#11160);
#11156 = LINE('',#11157,#11158);
#11157 = CARTESIAN_POINT('',(0.437715294546,0.));
#11158 = VECTOR('',#11159,1.);
#11159 = DIRECTION('',(-0.,-1.));
#11160 = ( GEOMETRIC_REPRESENTATION_CONTEXT(2) 
PARAMETRIC_REPRESENTATION_CONTEXT() REPRESENTATION_CONTEXT('2D SPACE',''
  ) );
#11161 = ORIENTED_EDGE('',*,*,#4010,.T.);
#11162 = ORIENTED_EDGE('',*,*,#11114,.F.);
#11163 = ORIENTED_EDGE('',*,*,#10915,.F.);
#11164 = ADVANCED_FACE('',(#11165),#3998,.T.);
#11165 = FACE_BOUND('',#11166,.T.);
#11166 = EDGE_LOOP('',(#11167,#11168,#11169,#11170));
#11167 = ORIENTED_EDGE('',*,*,#10892,.F.);
#11168 = ORIENTED_EDGE('',*,*,#4173,.F.);
#11169 = ORIENTED_EDGE('',*,*,#3982,.T.);
#11170 = ORIENTED_EDGE('',*,*,#11141,.F.);
#11171 = ( GEOMETRIC_REPRESENTATION_CONTEXT(3) 
GLOBAL_UNCERTAINTY_ASSIGNED_CONTEXT((#11175)) 
GLOBAL_UNIT_ASSIGNED_CONTEXT((#11172,#11173,#11174)) 
REPRESENTATION_CONTEXT('Context #1',
  '3D Context with UNIT and UNCERTAINTY') );
#11172 = ( LENGTH_UNIT() NAMED_UNIT(*) SI_UNIT(.MILLI.,.METRE.) );
#11173 = ( NAMED_UNIT(*) PLANE_ANGLE_UNIT() SI_UNIT($,.RADIAN.) );
#11174 = ( NAMED_UNIT(*) SI_UNIT($,.STERADIAN.) SOLID_ANGLE_UNIT() );
#11175 = UNCERTAINTY_MEASURE_WITH_UNIT(LENGTH_MEASURE(1.E-07),#11172,
  'distance_accuracy_value','confusion accuracy');
#11176 = PRODUCT_RELATED_PRODUCT_CATEGORY('part',$,(#7));
ENDSEC;
END-ISO-10303-21;
