ISO-10303-21;
HEADER;
FILE_DESCRIPTION(('Open CASCADE Model'),'2;1');
FILE_NAME('Open CASCADE Shape Model','2026-09-23T08:16:27',('Author'),(
    'Open CASCADE'),'Open CASCADE STEP processor 7.9','Open CASCADE 7.9'
  ,'Unknown');
FILE_SCHEMA(('AUTOMOTIVE_DESIGN { 1 0 10303 214 1 1 1 1 }'));
ENDSEC;
DATA;
#1 = APPLICATION_PROTOCOL_DEFINITION('international standard',
  'automotive_design',2000,#2);
#2 = APPLICATION_CONTEXT(
  'core data for automotive mechanical design processes');
#3 = SHAPE_DEFINITION_REPRESENTATION(#4,#10);
#4 = PRODUCT_DEFINITION_SHAPE('','',#5);
#5 = PRODUCT_DEFINITION('design','',#6,#9);
#6 = PRODUCT_DEFINITION_FORMATION('','',#7);
#7 = PRODUCT('Open CASCADE STEP translator 7.9 151',
  'Open CASCADE STEP translator 7.9 151','',(#8));
#8 = PRODUCT_CONTEXT('',#2,'mechanical');
#9 = PRODUCT_DEFINITION_CONTEXT('part definition',#2,'design');
#10 = ADVANCED_BREP_SHAPE_REPRESENTATION('',(#11,#15),#3690);
#11 = AXIS2_PLACEMENT_3D('',#12,#13,#14);
#12 = CARTESIAN_POINT('',(0.,0.,0.));
#13 = DIRECTION('',(0.,0.,1.));
#14 = DIRECTION('',(1.,0.,-0.));
#15 = MANIFOLD_SOLID_BREP('',#16);
#16 = CLOSED_SHELL('',(#17,#184,#576,#647,#854,#1113,#1140,#1191,#1291,
    #1410,#2110,#2640,#2867,#2893,#2899,#3003,#3080,#3130,#3180,#3206,
    #3599,#3607,#3656,#3683));
#17 = ADVANCED_FACE('',(#18),#32,.T.);
#18 = FACE_BOUND('',#19,.T.);
#19 = EDGE_LOOP('',(#20,#55,#96,#124));
#20 = ORIENTED_EDGE('',*,*,#21,.T.);
#21 = EDGE_CURVE('',#22,#24,#26,.T.);
#22 = VERTEX_POINT('',#23);
#23 = CARTESIAN_POINT('',(495.88097918079,140.99331939153,
    20.923065134833));
#24 = VERTEX_POINT('',#25);
#25 = CARTESIAN_POINT('',(495.86693604657,140.99248753256,
    21.534733112753));
#26 = SURFACE_CURVE('',#27,(#31,#43),.PCURVE_S1.);
#27 = LINE('',#28,#29);
#28 = CARTESIAN_POINT('',(495.9650840185,140.99759403707,17.259899336447
    ));
#29 = VECTOR('',#30,1.);
#30 = DIRECTION('',(-2.295346450043E-02,-1.181490554723E-03,
    0.999735836383));
#31 = PCURVE('',#32,#37);
#32 = PLANE('',#33);
#33 = AXIS2_PLACEMENT_3D('',#34,#35,#36);
#34 = CARTESIAN_POINT('',(632.93098978577,141.68686718946,
    20.405386685282));
#35 = DIRECTION('',(-5.056850022895E-03,0.999986646203,
    1.065684064814E-03));
#36 = DIRECTION('',(-0.999723745209,-5.031053045749E-03,
    -2.295913260509E-02));
#37 = DEFINITIONAL_REPRESENTATION('',(#38),#42);
#38 = LINE('',#39,#40);
#39 = CARTESIAN_POINT('',(137.00375371057,7.935874180021E-13));
#40 = VECTOR('',#41,1.);
#41 = DIRECTION('',(-1.229571999772E-14,1.));
#42 = ( GEOMETRIC_REPRESENTATION_CONTEXT(2) 
PARAMETRIC_REPRESENTATION_CONTEXT() REPRESENTATION_CONTEXT('2D SPACE',''
  ) );
#43 = PCURVE('',#44,#49);
#44 = PLANE('',#45);
#45 = AXIS2_PLACEMENT_3D('',#46,#47,#48);
#46 = CARTESIAN_POINT('',(496.06234640938,135.48529918233,
    14.147865347183));
#47 = DIRECTION('',(0.999725466618,4.678068494008E-03,2.295881247819E-02
    ));
#48 = DIRECTION('',(2.295428783379E-02,1.018617046352E-03,
    -0.999735996696));
#49 = DEFINITIONAL_REPRESENTATION('',(#50),#54);
#50 = LINE('',#51,#52);
#51 = CARTESIAN_POINT('',(-3.10783007342,5.515523757845));
#52 = VECTOR('',#53,1.);
#53 = DIRECTION('',(-0.999999986736,-1.628756575613E-04));
#54 = ( GEOMETRIC_REPRESENTATION_CONTEXT(2) 
PARAMETRIC_REPRESENTATION_CONTEXT() REPRESENTATION_CONTEXT('2D SPACE',''
  ) );
#55 = ORIENTED_EDGE('',*,*,#56,.T.);
#56 = EDGE_CURVE('',#24,#57,#59,.T.);
#57 = VERTEX_POINT('',#58);
#58 = CARTESIAN_POINT('',(769.98034197273,142.38049011066,
    19.916363282016));
#59 = SURFACE_CURVE('',#60,(#65,#73),.PCURVE_S1.);
#60 = B_SPLINE_CURVE_WITH_KNOTS('',3,(#61,#62,#63,#64),.UNSPECIFIED.,.F.
  ,.F.,(4,4),(0.,1.),.PIECEWISE_BEZIER_KNOTS.);
#61 = CARTESIAN_POINT('',(495.866935771,140.99254202634,21.534733170827)
  );
#62 = CARTESIAN_POINT('',(587.23807126343,141.45517322319,
    20.995276521865));
#63 = CARTESIAN_POINT('',(678.60920675586,141.91780442003,
    20.455819872904));
#64 = CARTESIAN_POINT('',(769.9803422483,142.38043561688,19.916363223943
    ));
#65 = PCURVE('',#32,#66);
#66 = DEFINITIONAL_REPRESENTATION('',(#67),#72);
#67 = B_SPLINE_CURVE_WITH_KNOTS('',3,(#68,#69,#70,#71),.UNSPECIFIED.,.F.
  ,.F.,(4,4),(0.,1.),.PIECEWISE_BEZIER_KNOTS.);
#68 = CARTESIAN_POINT('',(137.00375378422,4.275963390029));
#69 = CARTESIAN_POINT('',(45.66791794035,1.638818536607));
#70 = CARTESIAN_POINT('',(-45.66791790352,-0.998326316814));
#71 = CARTESIAN_POINT('',(-137.0037537474,-3.635471170236));
#72 = ( GEOMETRIC_REPRESENTATION_CONTEXT(2) 
PARAMETRIC_REPRESENTATION_CONTEXT() REPRESENTATION_CONTEXT('2D SPACE',''
  ) );
#73 = PCURVE('',#74,#91);
#74 = B_SPLINE_SURFACE_WITH_KNOTS('',3,3,(
    (#75,#76,#77,#78)
    ,(#79,#80,#81,#82)
    ,(#83,#84,#85,#86)
    ,(#87,#88,#89,#90
    )),.UNSPECIFIED.,.F.,.F.,.F.,(4,4),(4,4),(0.,1.),(0.,1.),
  .PIECEWISE_BEZIER_KNOTS.);
#75 = CARTESIAN_POINT('',(495.86693604657,140.99248753256,
    21.534733112753));
#76 = CARTESIAN_POINT('',(587.23807135529,141.45515505859,
    20.995276502508));
#77 = CARTESIAN_POINT('',(678.60920666401,141.91782258463,
    20.455819892261));
#78 = CARTESIAN_POINT('',(769.98034197273,142.38049011066,
    19.916363282016));
#79 = CARTESIAN_POINT('',(495.87033529614,137.82498005589,22.03212384561
    ));
#80 = CARTESIAN_POINT('',(587.24169136493,138.35028049527,
    21.486063300968));
#81 = CARTESIAN_POINT('',(678.61304743372,138.87558093464,
    20.940002756328));
#82 = CARTESIAN_POINT('',(769.98440350251,139.40088137401,
    20.393942211686));
#83 = CARTESIAN_POINT('',(495.87442762146,134.82218800518,
    22.465772801201));
#84 = CARTESIAN_POINT('',(587.24611047127,135.34549205732,
    21.921815162918));
#85 = CARTESIAN_POINT('',(678.61779332109,135.86879610947,
    21.377857524635));
#86 = CARTESIAN_POINT('',(769.9894761709,136.39210016161,20.833899886353
    ));
#87 = CARTESIAN_POINT('',(495.87908261528,131.98836941457,22.84049085768
    ));
#88 = CARTESIAN_POINT('',(587.25129914137,132.45200274141,
    22.301400402404));
#89 = CARTESIAN_POINT('',(678.62351566746,132.91563606825,
    21.762309947127));
#90 = CARTESIAN_POINT('',(769.99573219354,133.3792693951,21.223219491851
    ));
#91 = DEFINITIONAL_REPRESENTATION('',(#92),#95);
#92 = B_SPLINE_CURVE_WITH_KNOTS('',1,(#93,#94),.UNSPECIFIED.,.F.,.F.,(2,
    2),(0.,1.),.PIECEWISE_BEZIER_KNOTS.);
#93 = CARTESIAN_POINT('',(-5.595879672402E-06,-9.53812162132E-10));
#94 = CARTESIAN_POINT('',(5.942747938812E-06,1.0000000009));
#95 = ( GEOMETRIC_REPRESENTATION_CONTEXT(2) 
PARAMETRIC_REPRESENTATION_CONTEXT() REPRESENTATION_CONTEXT('2D SPACE',''
  ) );
#96 = ORIENTED_EDGE('',*,*,#97,.F.);
#97 = EDGE_CURVE('',#98,#57,#100,.T.);
#98 = VERTEX_POINT('',#99);
#99 = CARTESIAN_POINT('',(769.99570194299,142.38117172307,
    19.247385211523));
#100 = SURFACE_CURVE('',#101,(#105,#112),.PCURVE_S1.);
#101 = LINE('',#102,#103);
#102 = CARTESIAN_POINT('',(770.10782044464,142.38699734073,
    14.364062780231));
#103 = VECTOR('',#104,1.);
#104 = DIRECTION('',(-2.295346260735E-02,-1.181490545197E-03,
    0.999735836426));
#105 = PCURVE('',#32,#106);
#106 = DEFINITIONAL_REPRESENTATION('',(#107),#111);
#107 = LINE('',#108,#109);
#108 = CARTESIAN_POINT('',(-137.0037537375,-9.189238717046));
#109 = VECTOR('',#110,1.);
#110 = DIRECTION('',(-1.893614483967E-09,1.));
#111 = ( GEOMETRIC_REPRESENTATION_CONTEXT(2) 
PARAMETRIC_REPRESENTATION_CONTEXT() REPRESENTATION_CONTEXT('2D SPACE',''
  ) );
#112 = PCURVE('',#113,#118);
#113 = PLANE('',#114);
#114 = AXIS2_PLACEMENT_3D('',#115,#116,#117);
#115 = CARTESIAN_POINT('',(770.13358949584,137.30288112023,
    14.358646003024));
#116 = DIRECTION('',(0.999723686394,5.042679038664E-03,
    2.295914310021E-02));
#117 = DIRECTION('',(2.29542878338E-02,1.018617046352E-03,
    -0.999735996696));
#118 = DEFINITIONAL_REPRESENTATION('',(#119),#123);
#119 = LINE('',#120,#121);
#120 = CARTESIAN_POINT('',(-8.280899305357E-04,5.084184343953));
#121 = VECTOR('',#122,1.);
#122 = DIRECTION('',(-0.999999986736,-1.6287566772E-04));
#123 = ( GEOMETRIC_REPRESENTATION_CONTEXT(2) 
PARAMETRIC_REPRESENTATION_CONTEXT() REPRESENTATION_CONTEXT('2D SPACE',''
  ) );
#124 = ORIENTED_EDGE('',*,*,#125,.T.);
#125 = EDGE_CURVE('',#98,#22,#126,.T.);
#126 = SURFACE_CURVE('',#127,(#132,#140),.PCURVE_S1.);
#127 = B_SPLINE_CURVE_WITH_KNOTS('',3,(#128,#129,#130,#131),
  .UNSPECIFIED.,.F.,.F.,(4,4),(0.,1.),.PIECEWISE_BEZIER_KNOTS.);
#128 = CARTESIAN_POINT('',(769.99570166742,142.38122621686,
    19.247385269597));
#129 = CARTESIAN_POINT('',(678.62412759707,141.91857244382,
    19.805945205318));
#130 = CARTESIAN_POINT('',(587.25255352671,141.45591867079,
    20.364505141039));
#131 = CARTESIAN_POINT('',(495.88097945636,140.99326489775,
    20.923065076759));
#132 = PCURVE('',#32,#133);
#133 = DEFINITIONAL_REPRESENTATION('',(#134),#139);
#134 = B_SPLINE_CURVE_WITH_KNOTS('',3,(#135,#136,#137,#138),
  .UNSPECIFIED.,.F.,.F.,(4,4),(0.,1.),.PIECEWISE_BEZIER_KNOTS.);
#135 = CARTESIAN_POINT('',(-137.0037537473,-4.304625890913));
#136 = CARTESIAN_POINT('',(-45.66791792807,-1.648372703569));
#137 = CARTESIAN_POINT('',(45.667917891254,1.007880483775));
#138 = CARTESIAN_POINT('',(137.00375371057,3.664133671118));
#139 = ( GEOMETRIC_REPRESENTATION_CONTEXT(2) 
PARAMETRIC_REPRESENTATION_CONTEXT() REPRESENTATION_CONTEXT('2D SPACE',''
  ) );
#140 = PCURVE('',#141,#178);
#141 = B_SPLINE_SURFACE_WITH_KNOTS('',3,3,(
    (#142,#143,#144,#145)
    ,(#146,#147,#148,#149)
    ,(#150,#151,#152,#153)
    ,(#154,#155,#156,#157)
    ,(#158,#159,#160,#161)
    ,(#162,#163,#164,#165)
    ,(#166,#167,#168,#169)
    ,(#170,#171,#172,#173)
    ,(#174,#175,#176,#177
    )),.UNSPECIFIED.,.F.,.F.,.F.,(4,1,1,1,1,1,4),(4,4),(0.,
    0.142857142857,0.285714285714,0.428571428571,0.571428571429,
    0.857142857143,1.),(0.,1.),.UNSPECIFIED.);
#142 = CARTESIAN_POINT('',(496.20232550564,141.01047992356,
    6.926767068269));
#143 = CARTESIAN_POINT('',(587.54710569744,141.47460293951,
    7.534570925941));
#144 = CARTESIAN_POINT('',(678.89188588925,141.93872595545,
    8.142374783613));
#145 = CARTESIAN_POINT('',(770.23666608106,142.4028489714,8.750178641286
    ));
#146 = CARTESIAN_POINT('',(496.20727017684,139.96286318751,
    6.924916324656));
#147 = CARTESIAN_POINT('',(587.55174241047,140.51440007855,
    7.532487574319));
#148 = CARTESIAN_POINT('',(678.89621205689,141.06540476195,
    8.140254480746));
#149 = CARTESIAN_POINT('',(770.24068429052,141.616941653,8.74782573041)
  );
#150 = CARTESIAN_POINT('',(496.20618247195,137.86808985746,
    7.399108942701));
#151 = CARTESIAN_POINT('',(587.550945351,138.59346330598,7.966901396179)
  );
#152 = CARTESIAN_POINT('',(678.89572279124,139.31965598192,
    8.533932119039));
#153 = CARTESIAN_POINT('',(770.24048567029,140.04502943044,
    9.101724572516));
#154 = CARTESIAN_POINT('',(496.17190583707,135.3394003278,9.406904758035
    ));
#155 = CARTESIAN_POINT('',(587.51977959453,136.27515374255,
    9.806429357357));
#156 = CARTESIAN_POINT('',(678.86764302435,137.21065224642,
    10.206443374899));
#157 = CARTESIAN_POINT('',(770.21551678182,138.14640566118,
    10.605967974222));
#158 = CARTESIAN_POINT('',(496.11192696675,133.94607327146,
    12.302545966969));
#159 = CARTESIAN_POINT('',(587.46492507108,134.99683316062,
    12.461017999172));
#160 = CARTESIAN_POINT('',(678.81793619234,136.04831015741,
    12.618811462524));
#161 = CARTESIAN_POINT('',(770.17093429667,137.09907004657,
    12.777283494728));
#162 = CARTESIAN_POINT('',(496.01300544509,133.91834850353,
    16.615663766721));
#163 = CARTESIAN_POINT('',(587.37425236958,134.97067612637,
    16.414742354334));
#164 = CARTESIAN_POINT('',(678.73549680111,136.02321831818,
    16.213896038808));
#165 = CARTESIAN_POINT('',(770.0967437256,137.07554594102,
    16.012974626421));
#166 = CARTESIAN_POINT('',(495.91677045492,136.78025838542,
    20.223008880384));
#167 = CARTESIAN_POINT('',(587.28576633076,137.59423609093,
    19.721885225976));
#168 = CARTESIAN_POINT('',(678.65474262038,138.40682163413,
    19.221831423244));
#169 = CARTESIAN_POINT('',(770.02373849622,139.22079933964,
    18.720707768836));
#170 = CARTESIAN_POINT('',(495.88589265236,139.94570098935,
    20.922573296745));
#171 = CARTESIAN_POINT('',(587.25714462799,140.4946793783,
    20.364568443732));
#172 = CARTESIAN_POINT('',(678.62843044901,141.04628262172,
    19.804680704334));
#173 = CARTESIAN_POINT('',(769.99968242463,141.59526101066,
    19.246675851322));
#174 = CARTESIAN_POINT('',(495.88097918079,140.99331939153,
    20.923065134833));
#175 = CARTESIAN_POINT('',(587.25255343486,141.45593683538,
    20.364505160397));
#176 = CARTESIAN_POINT('',(678.62412768892,141.91855427923,
    19.80594518596));
#177 = CARTESIAN_POINT('',(769.99570194299,142.38117172307,
    19.247385211523));
#178 = DEFINITIONAL_REPRESENTATION('',(#179),#183);
#179 = LINE('',#180,#181);
#180 = CARTESIAN_POINT('',(1.000003301829,1.000000000001));
#181 = VECTOR('',#182,1.);
#182 = DIRECTION('',(-5.778825917001E-06,-0.999999999983));
#183 = ( GEOMETRIC_REPRESENTATION_CONTEXT(2) 
PARAMETRIC_REPRESENTATION_CONTEXT() REPRESENTATION_CONTEXT('2D SPACE',''
  ) );
#184 = ADVANCED_FACE('',(#185),#44,.F.);
#185 = FACE_BOUND('',#186,.F.);
#186 = EDGE_LOOP('',(#187,#233,#261,#289,#338,#361,#389,#417,#445,#468,
    #496,#575));
#187 = ORIENTED_EDGE('',*,*,#188,.T.);
#188 = EDGE_CURVE('',#24,#189,#191,.T.);
#189 = VERTEX_POINT('',#190);
#190 = CARTESIAN_POINT('',(495.87908261528,131.98836941457,
    22.84049085768));
#191 = SURFACE_CURVE('',#192,(#197,#204),.PCURVE_S1.);
#192 = ELLIPSE('',#193,90.098826846493,14.077634409611);
#193 = AXIS2_PLACEMENT_3D('',#194,#195,#196);
#194 = CARTESIAN_POINT('',(496.1933885117,177.82944702577,
    -0.186279809377));
#195 = DIRECTION('',(0.999725466618,4.678068495127E-03,
    2.295881248617E-02));
#196 = DIRECTION('',(7.995921539333E-04,0.972483564162,-0.232970122734)
  );
#197 = PCURVE('',#44,#198);
#198 = DEFINITIONAL_REPRESENTATION('',(#199),#203);
#199 = ELLIPSE('',#200,90.098826846493,14.077634409611);
#200 = AXIS2_PLACEMENT_2D('',#201,#202);
#201 = CARTESIAN_POINT('',(14.376501343817,42.329988838886));
#202 = DIRECTION('',(0.233917560256,0.972256434797));
#203 = ( GEOMETRIC_REPRESENTATION_CONTEXT(2) 
PARAMETRIC_REPRESENTATION_CONTEXT() REPRESENTATION_CONTEXT('2D SPACE',''
  ) );
#204 = PCURVE('',#74,#205);
#205 = DEFINITIONAL_REPRESENTATION('',(#206),#232);
#206 = B_SPLINE_CURVE_WITH_KNOTS('',3,(#207,#208,#209,#210,#211,#212,
    #213,#214,#215,#216,#217,#218,#219,#220,#221,#222,#223,#224,#225,
    #226,#227,#228,#229,#230,#231),.UNSPECIFIED.,.F.,.F.,(4,1,1,1,1,1,1,
    1,1,1,1,1,1,1,1,1,1,1,1,1,1,1,4),(2.041785290207,2.047083879104,
    2.052382468002,2.0576810569,2.062979645797,2.068278234695,
    2.073576823593,2.07887541249,2.084174001388,2.089472590285,
    2.094771179183,2.100069768081,2.105368356978,2.110666945876,
    2.115965534774,2.121264123671,2.126562712569,2.131861301467,
    2.137159890364,2.142458479262,2.14775706816,2.153055657057,
    2.158354245955),.UNSPECIFIED.);
#207 = CARTESIAN_POINT('',(0.,0.));
#208 = CARTESIAN_POINT('',(1.478890177322E-02,0.));
#209 = CARTESIAN_POINT('',(4.439866210316E-02,0.));
#210 = CARTESIAN_POINT('',(8.890951413527E-02,0.));
#211 = CARTESIAN_POINT('',(0.133516912792,0.));
#212 = CARTESIAN_POINT('',(0.178221214508,0.));
#213 = CARTESIAN_POINT('',(0.22302279033,0.));
#214 = CARTESIAN_POINT('',(0.267922028363,0.));
#215 = CARTESIAN_POINT('',(0.312919333779,0.));
#216 = CARTESIAN_POINT('',(0.358015129506,0.));
#217 = CARTESIAN_POINT('',(0.403209856757,0.));
#218 = CARTESIAN_POINT('',(0.448503975638,0.));
#219 = CARTESIAN_POINT('',(0.493897965754,0.));
#220 = CARTESIAN_POINT('',(0.539392326851,0.));
#221 = CARTESIAN_POINT('',(0.584987579479,0.));
#222 = CARTESIAN_POINT('',(0.630684265683,0.));
#223 = CARTESIAN_POINT('',(0.676482949717,0.));
#224 = CARTESIAN_POINT('',(0.722384218798,0.));
#225 = CARTESIAN_POINT('',(0.768388683866,0.));
#226 = CARTESIAN_POINT('',(0.814496980457,0.));
#227 = CARTESIAN_POINT('',(0.860709769289,0.));
#228 = CARTESIAN_POINT('',(0.907027738118,0.));
#229 = CARTESIAN_POINT('',(0.953451598988,0.));
#230 = CARTESIAN_POINT('',(0.984471934903,-0.));
#231 = CARTESIAN_POINT('',(1.,0.));
#232 = ( GEOMETRIC_REPRESENTATION_CONTEXT(2) 
PARAMETRIC_REPRESENTATION_CONTEXT() REPRESENTATION_CONTEXT('2D SPACE',''
  ) );
#233 = ORIENTED_EDGE('',*,*,#234,.T.);
#234 = EDGE_CURVE('',#189,#235,#237,.T.);
#235 = VERTEX_POINT('',#236);
#236 = CARTESIAN_POINT('',(495.88743245136,131.98873994601,
    22.476827573737));
#237 = SURFACE_CURVE('',#238,(#242,#249),.PCURVE_S1.);
#238 = LINE('',#239,#240);
#239 = CARTESIAN_POINT('',(495.87908261528,131.98836941457,
    22.84049085768));
#240 = VECTOR('',#241,1.);
#241 = DIRECTION('',(2.295428783379E-02,1.018617046352E-03,
    -0.999735996696));
#242 = PCURVE('',#44,#243);
#243 = DEFINITIONAL_REPRESENTATION('',(#244),#248);
#244 = LINE('',#245,#246);
#245 = CARTESIAN_POINT('',(-8.698099350791,-3.48810971278));
#246 = VECTOR('',#247,1.);
#247 = DIRECTION('',(1.,-2.168404344971E-19));
#248 = ( GEOMETRIC_REPRESENTATION_CONTEXT(2) 
PARAMETRIC_REPRESENTATION_CONTEXT() REPRESENTATION_CONTEXT('2D SPACE',''
  ) );
#249 = PCURVE('',#250,#255);
#250 = PLANE('',#251);
#251 = AXIS2_PLACEMENT_3D('',#252,#253,#254);
#252 = CARTESIAN_POINT('',(495.87908261528,131.98836941457,
    22.84049085768));
#253 = DIRECTION('',(5.068725204412E-03,-0.999986746678,
    -9.024928300885E-04));
#254 = DIRECTION('',(2.29542878338E-02,1.018617046352E-03,
    -0.999735996696));
#255 = DEFINITIONAL_REPRESENTATION('',(#256),#260);
#256 = LINE('',#257,#258);
#257 = CARTESIAN_POINT('',(0.,0.));
#258 = VECTOR('',#259,1.);
#259 = DIRECTION('',(1.,-1.000588500943E-14));
#260 = ( GEOMETRIC_REPRESENTATION_CONTEXT(2) 
PARAMETRIC_REPRESENTATION_CONTEXT() REPRESENTATION_CONTEXT('2D SPACE',''
  ) );
#261 = ORIENTED_EDGE('',*,*,#262,.T.);
#262 = EDGE_CURVE('',#235,#263,#265,.T.);
#263 = VERTEX_POINT('',#264);
#264 = CARTESIAN_POINT('',(496.00764075438,131.99407429693,
    17.241353987726));
#265 = SURFACE_CURVE('',#266,(#270,#277),.PCURVE_S1.);
#266 = LINE('',#267,#268);
#267 = CARTESIAN_POINT('',(495.87908261528,131.98836941457,
    22.84049085768));
#268 = VECTOR('',#269,1.);
#269 = DIRECTION('',(2.295428783379E-02,1.018617046352E-03,
    -0.999735996696));
#270 = PCURVE('',#44,#271);
#271 = DEFINITIONAL_REPRESENTATION('',(#272),#276);
#272 = LINE('',#273,#274);
#273 = CARTESIAN_POINT('',(-8.698099350791,-3.48810971278));
#274 = VECTOR('',#275,1.);
#275 = DIRECTION('',(1.,-2.168404344971E-19));
#276 = ( GEOMETRIC_REPRESENTATION_CONTEXT(2) 
PARAMETRIC_REPRESENTATION_CONTEXT() REPRESENTATION_CONTEXT('2D SPACE',''
  ) );
#277 = PCURVE('',#278,#283);
#278 = PLANE('',#279);
#279 = AXIS2_PLACEMENT_3D('',#280,#281,#282);
#280 = CARTESIAN_POINT('',(496.00225124228,131.99383513252,
    17.476085263283));
#281 = DIRECTION('',(-0.999736515614,1.90641894608E-05,
    -2.29542803241E-02));
#282 = DIRECTION('',(-2.295428032827E-02,-6.965924842836E-17,
    0.999736515795));
#283 = DEFINITIONAL_REPRESENTATION('',(#284),#288);
#284 = LINE('',#285,#286);
#285 = CARTESIAN_POINT('',(5.365819405447,-5.465717950981E-03));
#286 = VECTOR('',#287,1.);
#287 = DIRECTION('',(-0.99999948121,1.018617046537E-03));
#288 = ( GEOMETRIC_REPRESENTATION_CONTEXT(2) 
PARAMETRIC_REPRESENTATION_CONTEXT() REPRESENTATION_CONTEXT('2D SPACE',''
  ) );
#289 = ORIENTED_EDGE('',*,*,#290,.F.);
#290 = EDGE_CURVE('',#291,#263,#293,.T.);
#291 = VERTEX_POINT('',#292);
#292 = CARTESIAN_POINT('',(496.11047189053,131.99863752054,
    12.762714130589));
#293 = SURFACE_CURVE('',#294,(#299,#306),.PCURVE_S1.);
#294 = ELLIPSE('',#295,3.000823826314,3.);
#295 = AXIS2_PLACEMENT_3D('',#296,#297,#298);
#296 = CARTESIAN_POINT('',(496.06844468914,130.,15.));
#297 = DIRECTION('',(0.999725466618,4.678068494008E-03,
    2.295881247819E-02));
#298 = DIRECTION('',(2.343056540597E-02,-0.199601850276,-0.979596911985)
  );
#299 = PCURVE('',#44,#300);
#300 = DEFINITIONAL_REPRESENTATION('',(#301),#305);
#301 = ELLIPSE('',#302,3.000823826314,3.);
#302 = AXIS2_PLACEMENT_2D('',#303,#304);
#303 = CARTESIAN_POINT('',(-0.857357124035,-5.484488721575));
#304 = DIRECTION('',(0.979672809259,-0.200602060803));
#305 = ( GEOMETRIC_REPRESENTATION_CONTEXT(2) 
PARAMETRIC_REPRESENTATION_CONTEXT() REPRESENTATION_CONTEXT('2D SPACE',''
  ) );
#306 = PCURVE('',#307,#312);
#307 = CYLINDRICAL_SURFACE('',#308,3.);
#308 = AXIS2_PLACEMENT_3D('',#309,#310,#311);
#309 = CARTESIAN_POINT('',(450.,130.,15.));
#310 = DIRECTION('',(1.,0.,0.));
#311 = DIRECTION('',(-0.,0.,1.));
#312 = DEFINITIONAL_REPRESENTATION('',(#313),#337);
#313 = B_SPLINE_CURVE_WITH_KNOTS('',8,(#314,#315,#316,#317,#318,#319,
    #320,#321,#322,#323,#324,#325,#326,#327,#328,#329,#330,#331,#332,
    #333,#334,#335,#336),.UNSPECIFIED.,.F.,.F.,(9,7,7,9),(3.342600169735
    ,4.91339649653,7.269590986722,9.625785476914),.UNSPECIFIED.);
#314 = CARTESIAN_POINT('',(0.,45.999549337638));
#315 = CARTESIAN_POINT('',(0.196349540849,46.002305704155));
#316 = CARTESIAN_POINT('',(0.392699081699,46.008097693919));
#317 = CARTESIAN_POINT('',(0.589048622548,46.016763073524));
#318 = CARTESIAN_POINT('',(0.785398163398,46.027891180043));
#319 = CARTESIAN_POINT('',(0.981747704247,46.04083903933));
#320 = CARTESIAN_POINT('',(1.178097245096,46.054809116336));
#321 = CARTESIAN_POINT('',(1.374446785946,46.068955177909));
#322 = CARTESIAN_POINT('',(1.865320638069,46.102774104497));
#323 = CARTESIAN_POINT('',(2.159844949336,46.121673818277));
#324 = CARTESIAN_POINT('',(2.454369260637,46.13649930188));
#325 = CARTESIAN_POINT('',(2.748893571861,46.144828026823));
#326 = CARTESIAN_POINT('',(3.043417883177,46.145230367314));
#327 = CARTESIAN_POINT('',(3.337942194432,46.137932573576));
#328 = CARTESIAN_POINT('',(3.632466505713,46.124506375973));
#329 = CARTESIAN_POINT('',(4.221515128261,46.089962928818));
#330 = CARTESIAN_POINT('',(4.516039439535,46.068846569838));
#331 = CARTESIAN_POINT('',(4.810563750811,46.046163012323));
#332 = CARTESIAN_POINT('',(5.105088062083,46.024921384405));
#333 = CARTESIAN_POINT('',(5.399612373355,46.008177760023));
#334 = CARTESIAN_POINT('',(5.694136684632,45.998111433249));
#335 = CARTESIAN_POINT('',(5.988660995906,45.995414787862));
#336 = CARTESIAN_POINT('',(6.28318530718,45.999549337638));
#337 = ( GEOMETRIC_REPRESENTATION_CONTEXT(2) 
PARAMETRIC_REPRESENTATION_CONTEXT() REPRESENTATION_CONTEXT('2D SPACE',''
  ) );
#338 = ORIENTED_EDGE('',*,*,#339,.T.);
#339 = EDGE_CURVE('',#291,#340,#342,.T.);
#340 = VERTEX_POINT('',#341);
#341 = CARTESIAN_POINT('',(496.14907028054,132.00035035171,
    11.08162777263));
#342 = SURFACE_CURVE('',#343,(#347,#354),.PCURVE_S1.);
#343 = LINE('',#344,#345);
#344 = CARTESIAN_POINT('',(495.87908261528,131.98836941457,
    22.84049085768));
#345 = VECTOR('',#346,1.);
#346 = DIRECTION('',(2.295428783379E-02,1.018617046352E-03,
    -0.999735996696));
#347 = PCURVE('',#44,#348);
#348 = DEFINITIONAL_REPRESENTATION('',(#349),#353);
#349 = LINE('',#350,#351);
#350 = CARTESIAN_POINT('',(-8.698099350791,-3.48810971278));
#351 = VECTOR('',#352,1.);
#352 = DIRECTION('',(1.,-2.168404344971E-19));
#353 = ( GEOMETRIC_REPRESENTATION_CONTEXT(2) 
PARAMETRIC_REPRESENTATION_CONTEXT() REPRESENTATION_CONTEXT('2D SPACE',''
  ) );
#354 = PCURVE('',#278,#355);
#355 = DEFINITIONAL_REPRESENTATION('',(#356),#360);
#356 = LINE('',#357,#358);
#357 = CARTESIAN_POINT('',(5.365819405447,-5.465717950981E-03));
#358 = VECTOR('',#359,1.);
#359 = DIRECTION('',(-0.99999948121,1.018617046537E-03));
#360 = ( GEOMETRIC_REPRESENTATION_CONTEXT(2) 
PARAMETRIC_REPRESENTATION_CONTEXT() REPRESENTATION_CONTEXT('2D SPACE',''
  ) );
#361 = ORIENTED_EDGE('',*,*,#362,.T.);
#362 = EDGE_CURVE('',#340,#363,#365,.T.);
#363 = VERTEX_POINT('',#364);
#364 = CARTESIAN_POINT('',(496.17264525093,127.00041101156,
    11.073864751066));
#365 = SURFACE_CURVE('',#366,(#370,#377),.PCURVE_S1.);
#366 = LINE('',#367,#368);
#367 = CARTESIAN_POINT('',(496.14907045987,132.0003503469,
    11.081627774937));
#368 = VECTOR('',#369,1.);
#369 = DIRECTION('',(4.715010297408E-03,-0.999987679037,
    -1.552562920266E-03));
#370 = PCURVE('',#44,#371);
#371 = DEFINITIONAL_REPRESENTATION('',(#372),#376);
#372 = LINE('',#373,#374);
#373 = CARTESIAN_POINT('',(3.063868935923,-3.488109722964));
#374 = VECTOR('',#375,1.);
#375 = DIRECTION('',(6.417782460223E-04,-0.99999979406));
#376 = ( GEOMETRIC_REPRESENTATION_CONTEXT(2) 
PARAMETRIC_REPRESENTATION_CONTEXT() REPRESENTATION_CONTEXT('2D SPACE',''
  ) );
#377 = PCURVE('',#378,#383);
#378 = PLANE('',#379);
#379 = AXIS2_PLACEMENT_3D('',#380,#381,#382);
#380 = CARTESIAN_POINT('',(633.16407963443,127.70086976303,
    12.155387150759));
#381 = DIRECTION('',(7.886432224647E-03,1.58971687216E-03,-0.99996763797
    ));
#382 = DIRECTION('',(-0.999133585083,-4.085289826841E-02,
    -7.944800953668E-03));
#383 = DEFINITIONAL_REPRESENTATION('',(#384),#388);
#384 = LINE('',#385,#386);
#385 = CARTESIAN_POINT('',(136.72918188837,9.893535855716));
#386 = VECTOR('',#387,1.);
#387 = DIRECTION('',(3.615380458259E-02,-0.999346237504));
#388 = ( GEOMETRIC_REPRESENTATION_CONTEXT(2) 
PARAMETRIC_REPRESENTATION_CONTEXT() REPRESENTATION_CONTEXT('2D SPACE',''
  ) );
#389 = ORIENTED_EDGE('',*,*,#390,.T.);
#390 = EDGE_CURVE('',#363,#391,#393,.T.);
#391 = VERTEX_POINT('',#392);
#392 = CARTESIAN_POINT('',(496.26319090143,131.96901954554,
    6.118705984996));
#393 = SURFACE_CURVE('',#394,(#398,#405),.PCURVE_S1.);
#394 = LINE('',#395,#396);
#395 = CARTESIAN_POINT('',(496.17264556862,127.00042913854,
    11.073846673006));
#396 = VECTOR('',#397,1.);
#397 = DIRECTION('',(1.290238608332E-02,0.708005737218,-0.706088807799)
  );
#398 = PCURVE('',#44,#399);
#399 = DEFINITIONAL_REPRESENTATION('',(#400),#404);
#400 = LINE('',#401,#402);
#401 = CARTESIAN_POINT('',(3.067096128476,-8.488091523565));
#402 = VECTOR('',#403,1.);
#403 = DIRECTION('',(0.706919749818,0.707293763098));
#404 = ( GEOMETRIC_REPRESENTATION_CONTEXT(2) 
PARAMETRIC_REPRESENTATION_CONTEXT() REPRESENTATION_CONTEXT('2D SPACE',''
  ) );
#405 = PCURVE('',#406,#411);
#406 = PLANE('',#407);
#407 = AXIS2_PLACEMENT_3D('',#408,#409,#410);
#408 = CARTESIAN_POINT('',(633.23316915034,130.19645177215,
    9.659819489493));
#409 = DIRECTION('',(9.163644336247E-03,-0.706201656481,-0.707951444667)
  );
#410 = DIRECTION('',(-1.269629368328E-02,0.707841932357,-0.70625675425)
  );
#411 = DEFINITIONAL_REPRESENTATION('',(#412),#416);
#412 = LINE('',#413,#414);
#413 = CARTESIAN_POINT('',(-1.520784426103,-137.0966388091));
#414 = VECTOR('',#415,1.);
#415 = DIRECTION('',(0.999672326278,2.559765758362E-02));
#416 = ( GEOMETRIC_REPRESENTATION_CONTEXT(2) 
PARAMETRIC_REPRESENTATION_CONTEXT() REPRESENTATION_CONTEXT('2D SPACE',''
  ) );
#417 = ORIENTED_EDGE('',*,*,#418,.F.);
#418 = EDGE_CURVE('',#419,#391,#421,.T.);
#419 = VERTEX_POINT('',#420);
#420 = CARTESIAN_POINT('',(496.26301913158,132.00540694077,
    6.118771649121));
#421 = SURFACE_CURVE('',#422,(#426,#433),.PCURVE_S1.);
#422 = LINE('',#423,#424);
#423 = CARTESIAN_POINT('',(496.26310504477,131.98720470058,
    6.118739492628));
#424 = VECTOR('',#425,1.);
#425 = DIRECTION('',(4.719863902539E-03,-0.999987300923,
    -1.76660036603E-03));
#426 = PCURVE('',#44,#427);
#427 = DEFINITIONAL_REPRESENTATION('',(#428),#432);
#428 = LINE('',#429,#430);
#429 = CARTESIAN_POINT('',(8.028051191633,-3.506312177451));
#430 = VECTOR('',#431,1.);
#431 = DIRECTION('',(8.558709813951E-04,-0.999999633742));
#432 = ( GEOMETRIC_REPRESENTATION_CONTEXT(2) 
PARAMETRIC_REPRESENTATION_CONTEXT() REPRESENTATION_CONTEXT('2D SPACE',''
  ) );
#433 = PCURVE('',#434,#439);
#434 = PLANE('',#435);
#435 = AXIS2_PLACEMENT_3D('',#436,#437,#438);
#436 = CARTESIAN_POINT('',(604.93364275046,129.55547235996,
    6.935601230718));
#437 = DIRECTION('',(7.556970184774E-03,1.801571744066E-03,
    -0.999969822815));
#438 = DIRECTION('',(-0.999136077203,-4.085302583057E-02,
    -7.624271281992E-03));
#439 = DEFINITIONAL_REPRESENTATION('',(#440),#444);
#440 = LINE('',#441,#442);
#441 = CARTESIAN_POINT('',(108.48353910213,6.869359096407));
#442 = VECTOR('',#443,1.);
#443 = DIRECTION('',(3.615018977079E-02,-0.999346368273));
#444 = ( GEOMETRIC_REPRESENTATION_CONTEXT(2) 
PARAMETRIC_REPRESENTATION_CONTEXT() REPRESENTATION_CONTEXT('2D SPACE',''
  ) );
#445 = ORIENTED_EDGE('',*,*,#446,.T.);
#446 = EDGE_CURVE('',#419,#447,#449,.T.);
#447 = VERTEX_POINT('',#448);
#448 = CARTESIAN_POINT('',(496.22050886326,141.01196506168,
    6.134682840059));
#449 = SURFACE_CURVE('',#450,(#454,#461),.PCURVE_S1.);
#450 = LINE('',#451,#452);
#451 = CARTESIAN_POINT('',(496.26301913158,132.00540694077,
    6.118771649121));
#452 = VECTOR('',#453,1.);
#453 = DIRECTION('',(-4.719863893609E-03,0.999987300923,
    1.766600366921E-03));
#454 = PCURVE('',#44,#455);
#455 = DEFINITIONAL_REPRESENTATION('',(#456),#460);
#456 = LINE('',#457,#458);
#457 = CARTESIAN_POINT('',(8.028035612665,-3.488109712774));
#458 = VECTOR('',#459,1.);
#459 = DIRECTION('',(-8.558709820809E-04,0.999999633742));
#460 = ( GEOMETRIC_REPRESENTATION_CONTEXT(2) 
PARAMETRIC_REPRESENTATION_CONTEXT() REPRESENTATION_CONTEXT('2D SPACE',''
  ) );
#461 = PCURVE('',#434,#462);
#462 = DEFINITIONAL_REPRESENTATION('',(#463),#467);
#463 = LINE('',#464,#465);
#464 = CARTESIAN_POINT('',(108.48288107934,6.887549670039));
#465 = VECTOR('',#466,1.);
#466 = DIRECTION('',(-3.615018977972E-02,0.999346368272));
#467 = ( GEOMETRIC_REPRESENTATION_CONTEXT(2) 
PARAMETRIC_REPRESENTATION_CONTEXT() REPRESENTATION_CONTEXT('2D SPACE',''
  ) );
#468 = ORIENTED_EDGE('',*,*,#469,.T.);
#469 = EDGE_CURVE('',#447,#470,#472,.T.);
#470 = VERTEX_POINT('',#471);
#471 = CARTESIAN_POINT('',(496.20232550564,141.01047992356,
    6.926767068269));
#472 = SURFACE_CURVE('',#473,(#477,#484),.PCURVE_S1.);
#473 = LINE('',#474,#475);
#474 = CARTESIAN_POINT('',(496.04167370912,140.99735857864,
    13.924911024389));
#475 = VECTOR('',#476,1.);
#476 = DIRECTION('',(-2.295025664497E-02,-1.874477846204E-03,
    0.999734850874));
#477 = PCURVE('',#44,#478);
#478 = DEFINITIONAL_REPRESENTATION('',(#479),#483);
#479 = LINE('',#480,#481);
#480 = CARTESIAN_POINT('',(0.228035612666,5.511890287224));
#481 = VECTOR('',#482,1.);
#482 = DIRECTION('',(-0.999999633742,-8.558709820811E-04));
#483 = ( GEOMETRIC_REPRESENTATION_CONTEXT(2) 
PARAMETRIC_REPRESENTATION_CONTEXT() REPRESENTATION_CONTEXT('2D SPACE',''
  ) );
#484 = PCURVE('',#485,#490);
#485 = PLANE('',#486);
#486 = AXIS2_PLACEMENT_3D('',#487,#488,#489);
#487 = CARTESIAN_POINT('',(496.22050886326,141.01196506168,
    6.134682840059));
#488 = DIRECTION('',(-5.092634013142E-03,0.999985487083,
    1.75803952709E-03));
#489 = DIRECTION('',(-2.291929053873E-02,-1.87432139428E-03,
    0.999735561556));
#490 = DEFINITIONAL_REPRESENTATION('',(#491),#495);
#491 = LINE('',#492,#493);
#492 = CARTESIAN_POINT('',(7.792294300614,-2.413636334304E-04));
#493 = VECTOR('',#494,1.);
#494 = DIRECTION('',(0.99999999952,-3.097465547099E-05));
#495 = ( GEOMETRIC_REPRESENTATION_CONTEXT(2) 
PARAMETRIC_REPRESENTATION_CONTEXT() REPRESENTATION_CONTEXT('2D SPACE',''
  ) );
#496 = ORIENTED_EDGE('',*,*,#497,.T.);
#497 = EDGE_CURVE('',#470,#22,#498,.T.);
#498 = SURFACE_CURVE('',#499,(#510,#524),.PCURVE_S1.);
#499 = B_SPLINE_CURVE_WITH_KNOTS('',3,(#500,#501,#502,#503,#504,#505,
    #506,#507,#508,#509),.UNSPECIFIED.,.F.,.F.,(4,1,1,1,1,1,1,4),(0.,
    2.736907983559E-03,5.473815967119E-03,1.094763193424E-02,
    1.36845399178E-02,1.642144790136E-02,1.915835588492E-02,
    2.189526386847E-02),.UNSPECIFIED.);
#500 = CARTESIAN_POINT('',(496.20232550564,141.01047992356,
    6.926767068269));
#501 = CARTESIAN_POINT('',(496.20669375424,140.08498858894,
    6.925132074175));
#502 = CARTESIAN_POINT('',(496.20687263221,138.26268401349,
    7.288654219299));
#503 = CARTESIAN_POINT('',(496.17403766101,135.13936748482,
    9.354834497547));
#504 = CARTESIAN_POINT('',(496.09751193738,133.62470533765,
    12.995720023022));
#505 = CARTESIAN_POINT('',(496.00994180353,134.35511140675,
    16.660073455438));
#506 = CARTESIAN_POINT('',(495.94912736943,135.92126414763,
    18.989077569261));
#507 = CARTESIAN_POINT('',(495.90200829153,138.23538970081,
    20.569320638486));
#508 = CARTESIAN_POINT('',(495.88531837174,140.06814536235,
    20.922630782186));
#509 = CARTESIAN_POINT('',(495.88097918079,140.99331939153,
    20.923065134833));
#510 = PCURVE('',#44,#511);
#511 = DEFINITIONAL_REPRESENTATION('',(#512),#523);
#512 = B_SPLINE_CURVE_WITH_KNOTS('',3,(#513,#514,#515,#516,#517,#518,
    #519,#520,#521,#522),.UNSPECIFIED.,.F.,.F.,(4,1,1,1,1,1,1,4),(0.,
    2.736907983559E-03,5.473815967119E-03,1.094763193424E-02,
    1.36845399178E-02,1.642144790136E-02,1.915835588492E-02,
    2.189526386847E-02),.UNSPECIFIED.);
#513 = CARTESIAN_POINT('',(7.228033048862,5.517881384095));
#514 = CARTESIAN_POINT('',(7.228825160098,4.592378635413));
#515 = CARTESIAN_POINT('',(6.863546861534,2.770425257223));
#516 = CARTESIAN_POINT('',(4.793976894869,-0.350818944837));
#517 = CARTESIAN_POINT('',(1.150753121034,-1.861787359404));
#518 = CARTESIAN_POINT('',(-2.513899015954,-1.127639999092));
#519 = CARTESIAN_POINT('',(-4.842088907141,0.44090225279));
#520 = CARTESIAN_POINT('',(-6.420639164115,2.756662285138));
#521 = CARTESIAN_POINT('',(-6.772372261834,4.589797237601));
#522 = CARTESIAN_POINT('',(-6.771963704811,5.514981454171));
#523 = ( GEOMETRIC_REPRESENTATION_CONTEXT(2) 
PARAMETRIC_REPRESENTATION_CONTEXT() REPRESENTATION_CONTEXT('2D SPACE',''
  ) );
#524 = PCURVE('',#141,#525);
#525 = DEFINITIONAL_REPRESENTATION('',(#526),#574);
#526 = B_SPLINE_CURVE_WITH_KNOTS('',3,(#527,#528,#529,#530,#531,#532,
    #533,#534,#535,#536,#537,#538,#539,#540,#541,#542,#543,#544,#545,
    #546,#547,#548,#549,#550,#551,#552,#553,#554,#555,#556,#557,#558,
    #559,#560,#561,#562,#563,#564,#565,#566,#567,#568,#569,#570,#571,
    #572,#573),.UNSPECIFIED.,.F.,.F.,(4,1,1,1,1,1,1,1,1,1,1,1,1,1,1,1,1,
    1,1,1,1,1,1,1,1,1,1,1,1,1,1,1,1,1,1,1,1,1,1,1,1,1,1,1,4),(0.,
    4.976196333743E-04,9.952392667486E-04,1.492858900123E-03,
    1.990478533497E-03,2.488098166872E-03,2.985717800246E-03,
    3.48333743362E-03,3.980957066995E-03,4.478576700369E-03,
    4.976196333743E-03,5.473815967118E-03,5.971435600492E-03,
    6.469055233866E-03,6.96667486724E-03,7.464294500615E-03,
    7.961914133989E-03,8.459533767363E-03,8.957153400738E-03,
    9.454773034112E-03,9.952392667486E-03,1.045001230086E-02,
    1.094763193424E-02,1.144525156761E-02,1.194287120098E-02,
    1.244049083436E-02,1.293811046773E-02,1.343573010111E-02,
    1.393334973448E-02,1.443096936786E-02,1.492858900123E-02,
    1.54262086346E-02,1.592382826798E-02,1.642144790135E-02,
    1.691906753473E-02,1.74166871681E-02,1.791430680148E-02,
    1.841192643485E-02,1.890954606822E-02,1.94071657016E-02,
    1.990478533497E-02,2.040240496835E-02,2.090002460172E-02,
    2.13976442351E-02,2.189526386847E-02),.QUASI_UNIFORM_KNOTS.);
#527 = CARTESIAN_POINT('',(0.,0.));
#528 = CARTESIAN_POINT('',(7.648869997125E-03,1.029405879641E-09));
#529 = CARTESIAN_POINT('',(2.290339217932E-02,1.145326350816E-08));
#530 = CARTESIAN_POINT('',(4.568545744877E-02,3.501208402875E-08));
#531 = CARTESIAN_POINT('',(6.839726186431E-02,4.455899160946E-08));
#532 = CARTESIAN_POINT('',(9.106993656421E-02,3.482899143982E-08));
#533 = CARTESIAN_POINT('',(0.113732035933,1.170896049364E-08));
#534 = CARTESIAN_POINT('',(0.136415570251,-1.386188744041E-08));
#535 = CARTESIAN_POINT('',(0.159122957438,-5.891589215226E-09));
#536 = CARTESIAN_POINT('',(0.181832503975,2.545885253108E-08));
#537 = CARTESIAN_POINT('',(0.204536213329,5.016499841314E-08));
#538 = CARTESIAN_POINT('',(0.227230592787,4.841018496461E-08));
#539 = CARTESIAN_POINT('',(0.249918964502,6.826357809275E-09));
#540 = CARTESIAN_POINT('',(0.272612570402,-7.571570144368E-08));
#541 = CARTESIAN_POINT('',(0.295336009938,-1.35512211581E-07));
#542 = CARTESIAN_POINT('',(0.318088054873,-1.512315271687E-07));
#543 = CARTESIAN_POINT('',(0.340855625244,-1.332514040709E-07));
#544 = CARTESIAN_POINT('',(0.363626891835,-9.086224385934E-08));
#545 = CARTESIAN_POINT('',(0.386388874004,-3.760948181447E-08));
#546 = CARTESIAN_POINT('',(0.40912859906,1.183251009688E-08));
#547 = CARTESIAN_POINT('',(0.431832636739,4.308039447427E-08));
#548 = CARTESIAN_POINT('',(0.454489634617,4.271613375409E-08));
#549 = CARTESIAN_POINT('',(0.477113857124,1.763083571768E-08));
#550 = CARTESIAN_POINT('',(0.499727786619,-7.034498921679E-09));
#551 = CARTESIAN_POINT('',(0.522364373062,1.05071685048E-08));
#552 = CARTESIAN_POINT('',(0.545043211683,6.490707585896E-08));
#553 = CARTESIAN_POINT('',(0.567769924202,1.237280120281E-07));
#554 = CARTESIAN_POINT('',(0.590536332004,1.159704891728E-07));
#555 = CARTESIAN_POINT('',(0.613312663521,4.178281021836E-08));
#556 = CARTESIAN_POINT('',(0.636081783562,-4.132672764636E-08));
#557 = CARTESIAN_POINT('',(0.658844449229,-9.493199050192E-08));
#558 = CARTESIAN_POINT('',(0.681606075348,-1.199420367579E-07));
#559 = CARTESIAN_POINT('',(0.704369719893,-1.124903460056E-07));
#560 = CARTESIAN_POINT('',(0.727137784474,-7.32183280559E-08));
#561 = CARTESIAN_POINT('',(0.749911616666,-4.296622743176E-09));
#562 = CARTESIAN_POINT('',(0.7726920276,9.040475356015E-08));
#563 = CARTESIAN_POINT('',(0.795474460398,1.800604591854E-07));
#564 = CARTESIAN_POINT('',(0.818249560046,2.302246932884E-07));
#565 = CARTESIAN_POINT('',(0.841004045634,2.146410293441E-07));
#566 = CARTESIAN_POINT('',(0.863719443263,8.961504907182E-08));
#567 = CARTESIAN_POINT('',(0.886379012793,-8.57155104824E-08));
#568 = CARTESIAN_POINT('',(0.909011549921,-1.700591991881E-07));
#569 = CARTESIAN_POINT('',(0.931654210282,-1.790752916852E-07));
#570 = CARTESIAN_POINT('',(0.954341362689,-1.217624770664E-07));
#571 = CARTESIAN_POINT('',(0.977106187741,-3.559192498955E-08));
#572 = CARTESIAN_POINT('',(0.992353595365,-1.664289173639E-09));
#573 = CARTESIAN_POINT('',(1.,0.));
#574 = ( GEOMETRIC_REPRESENTATION_CONTEXT(2) 
PARAMETRIC_REPRESENTATION_CONTEXT() REPRESENTATION_CONTEXT('2D SPACE',''
  ) );
#575 = ORIENTED_EDGE('',*,*,#21,.T.);
#576 = ADVANCED_FACE('',(#577),#74,.T.);
#577 = FACE_BOUND('',#578,.T.);
#578 = EDGE_LOOP('',(#579,#580,#602,#646));
#579 = ORIENTED_EDGE('',*,*,#188,.T.);
#580 = ORIENTED_EDGE('',*,*,#581,.T.);
#581 = EDGE_CURVE('',#189,#582,#584,.T.);
#582 = VERTEX_POINT('',#583);
#583 = CARTESIAN_POINT('',(769.99573219354,133.3792693951,
    21.223219491851));
#584 = SURFACE_CURVE('',#585,(#589,#595),.PCURVE_S1.);
#585 = LINE('',#586,#587);
#586 = CARTESIAN_POINT('',(495.87908261528,131.98836941457,
    22.84049085768));
#587 = VECTOR('',#588,1.);
#588 = DIRECTION('',(0.999969723406,5.073963478501E-03,
    -5.899759838917E-03));
#589 = PCURVE('',#74,#590);
#590 = DEFINITIONAL_REPRESENTATION('',(#591),#594);
#591 = B_SPLINE_CURVE_WITH_KNOTS('',1,(#592,#593),.UNSPECIFIED.,.F.,.F.,
  (2,2),(0.,274.12494914807),.PIECEWISE_BEZIER_KNOTS.);
#592 = CARTESIAN_POINT('',(1.,1.953771859957E-16));
#593 = CARTESIAN_POINT('',(1.,1.));
#594 = ( GEOMETRIC_REPRESENTATION_CONTEXT(2) 
PARAMETRIC_REPRESENTATION_CONTEXT() REPRESENTATION_CONTEXT('2D SPACE',''
  ) );
#595 = PCURVE('',#250,#596);
#596 = DEFINITIONAL_REPRESENTATION('',(#597),#601);
#597 = LINE('',#598,#599);
#598 = CARTESIAN_POINT('',(0.,0.));
#599 = VECTOR('',#600,1.);
#600 = DIRECTION('',(2.885696356466E-02,0.999583551112));
#601 = ( GEOMETRIC_REPRESENTATION_CONTEXT(2) 
PARAMETRIC_REPRESENTATION_CONTEXT() REPRESENTATION_CONTEXT('2D SPACE',''
  ) );
#602 = ORIENTED_EDGE('',*,*,#603,.F.);
#603 = EDGE_CURVE('',#57,#582,#604,.T.);
#604 = SURFACE_CURVE('',#605,(#610,#639),.PCURVE_S1.);
#605 = ELLIPSE('',#606,271.94413867282,62.430518768283);
#606 = AXIS2_PLACEMENT_3D('',#607,#608,#609);
#607 = CARTESIAN_POINT('',(771.97056834933,317.92533725148,
    -105.3014097454));
#608 = DIRECTION('',(0.999723686393,5.042679040663E-03,
    2.295914311398E-02));
#609 = DIRECTION('',(5.158486276434E-03,0.905845716737,-0.423576353789)
  );
#610 = PCURVE('',#74,#611);
#611 = DEFINITIONAL_REPRESENTATION('',(#612),#638);
#612 = B_SPLINE_CURVE_WITH_KNOTS('',3,(#613,#614,#615,#616,#617,#618,
    #619,#620,#621,#622,#623,#624,#625,#626,#627,#628,#629,#630,#631,
    #632,#633,#634,#635,#636,#637),.UNSPECIFIED.,.F.,.F.,(4,1,1,1,1,1,1,
    1,1,1,1,1,1,1,1,1,1,1,1,1,1,1,4),(2.465166471224,2.467571692621,
    2.469976914018,2.472382135415,2.474787356812,2.477192578209,
    2.479597799606,2.482003021003,2.4844082424,2.486813463797,
    2.489218685194,2.491623906591,2.494029127988,2.496434349385,
    2.498839570782,2.501244792179,2.503650013576,2.506055234973,
    2.50846045637,2.510865677767,2.513270899164,2.515676120561,
    2.518081341958),.QUASI_UNIFORM_KNOTS.);
#613 = CARTESIAN_POINT('',(0.,1.));
#614 = CARTESIAN_POINT('',(1.568106237816E-02,1.));
#615 = CARTESIAN_POINT('',(4.69908853192E-02,1.));
#616 = CARTESIAN_POINT('',(9.380056446189E-02,1.));
#617 = CARTESIAN_POINT('',(0.140457054515,1.));
#618 = CARTESIAN_POINT('',(0.18696216565,1.));
#619 = CARTESIAN_POINT('',(0.23331767279,1.));
#620 = CARTESIAN_POINT('',(0.279525311466,1.));
#621 = CARTESIAN_POINT('',(0.325586780287,1.));
#622 = CARTESIAN_POINT('',(0.37150374159,1.));
#623 = CARTESIAN_POINT('',(0.417277822532,1.));
#624 = CARTESIAN_POINT('',(0.462910616014,1.));
#625 = CARTESIAN_POINT('',(0.508403681608,1.));
#626 = CARTESIAN_POINT('',(0.553758546446,1.));
#627 = CARTESIAN_POINT('',(0.598976706071,1.));
#628 = CARTESIAN_POINT('',(0.644059625267,1.));
#629 = CARTESIAN_POINT('',(0.689008738855,1.));
#630 = CARTESIAN_POINT('',(0.733825452456,1.));
#631 = CARTESIAN_POINT('',(0.778511143256,1.));
#632 = CARTESIAN_POINT('',(0.82306716066,1.));
#633 = CARTESIAN_POINT('',(0.86749482721,1.));
#634 = CARTESIAN_POINT('',(0.911795438419,1.));
#635 = CARTESIAN_POINT('',(0.955970266543,1.));
#636 = CARTESIAN_POINT('',(0.985337121886,1.));
#637 = CARTESIAN_POINT('',(1.,1.));
#638 = ( GEOMETRIC_REPRESENTATION_CONTEXT(2) 
PARAMETRIC_REPRESENTATION_CONTEXT() REPRESENTATION_CONTEXT('2D SPACE',''
  ) );
#639 = PCURVE('',#113,#640);
#640 = DEFINITIONAL_REPRESENTATION('',(#641),#645);
#641 = ELLIPSE('',#642,271.94413867282,62.430518768283);
#642 = AXIS2_PLACEMENT_2D('',#643,#644);
#643 = CARTESIAN_POINT('',(119.85461675244,180.50275880172));
#644 = DIRECTION('',(0.424505647499,0.905425289707));
#645 = ( GEOMETRIC_REPRESENTATION_CONTEXT(2) 
PARAMETRIC_REPRESENTATION_CONTEXT() REPRESENTATION_CONTEXT('2D SPACE',''
  ) );
#646 = ORIENTED_EDGE('',*,*,#56,.F.);
#647 = ADVANCED_FACE('',(#648),#113,.T.);
#648 = FACE_BOUND('',#649,.T.);
#649 = EDGE_LOOP('',(#650,#651,#674,#702,#730,#753,#776,#853));
#650 = ORIENTED_EDGE('',*,*,#603,.T.);
#651 = ORIENTED_EDGE('',*,*,#652,.T.);
#652 = EDGE_CURVE('',#582,#653,#655,.T.);
#653 = VERTEX_POINT('',#654);
#654 = CARTESIAN_POINT('',(770.00190244251,133.37954320541,
    20.954484516019));
#655 = SURFACE_CURVE('',#656,(#660,#667),.PCURVE_S1.);
#656 = LINE('',#657,#658);
#657 = CARTESIAN_POINT('',(770.29492943252,133.39254654009,
    8.192179187691));
#658 = VECTOR('',#659,1.);
#659 = DIRECTION('',(2.29542878338E-02,1.018617046352E-03,
    -0.999735996696));
#660 = PCURVE('',#113,#661);
#661 = DEFINITIONAL_REPRESENTATION('',(#662),#666);
#662 = LINE('',#663,#664);
#663 = CARTESIAN_POINT('',(6.164559157604,-3.916665735139));
#664 = VECTOR('',#665,1.);
#665 = DIRECTION('',(1.,5.084908188957E-17));
#666 = ( GEOMETRIC_REPRESENTATION_CONTEXT(2) 
PARAMETRIC_REPRESENTATION_CONTEXT() REPRESENTATION_CONTEXT('2D SPACE',''
  ) );
#667 = PCURVE('',#250,#668);
#668 = DEFINITIONAL_REPRESENTATION('',(#669),#673);
#669 = LINE('',#670,#671);
#670 = CARTESIAN_POINT('',(20.944895120061,274.01079011785));
#671 = VECTOR('',#672,1.);
#672 = DIRECTION('',(1.,3.469446951954E-18));
#673 = ( GEOMETRIC_REPRESENTATION_CONTEXT(2) 
PARAMETRIC_REPRESENTATION_CONTEXT() REPRESENTATION_CONTEXT('2D SPACE',''
  ) );
#674 = ORIENTED_EDGE('',*,*,#675,.T.);
#675 = EDGE_CURVE('',#653,#676,#678,.T.);
#676 = VERTEX_POINT('',#677);
#677 = CARTESIAN_POINT('',(770.29369844945,133.39249192779,
    8.245777464166));
#678 = SURFACE_CURVE('',#679,(#683,#690),.PCURVE_S1.);
#679 = LINE('',#680,#681);
#680 = CARTESIAN_POINT('',(770.29492943252,133.39254654009,
    8.192179187691));
#681 = VECTOR('',#682,1.);
#682 = DIRECTION('',(2.29542878338E-02,1.018617046352E-03,
    -0.999735996696));
#683 = PCURVE('',#113,#684);
#684 = DEFINITIONAL_REPRESENTATION('',(#685),#689);
#685 = LINE('',#686,#687);
#686 = CARTESIAN_POINT('',(6.164559157604,-3.916665735139));
#687 = VECTOR('',#688,1.);
#688 = DIRECTION('',(1.,5.084908188957E-17));
#689 = ( GEOMETRIC_REPRESENTATION_CONTEXT(2) 
PARAMETRIC_REPRESENTATION_CONTEXT() REPRESENTATION_CONTEXT('2D SPACE',''
  ) );
#690 = PCURVE('',#691,#696);
#691 = PLANE('',#692);
#692 = AXIS2_PLACEMENT_3D('',#693,#694,#695);
#693 = CARTESIAN_POINT('',(770.17891321291,133.38739821661,
    13.245073522227));
#694 = DIRECTION('',(0.999736515614,-1.906418945672E-05,
    2.295428032406E-02));
#695 = DIRECTION('',(2.295428032823E-02,6.011816343137E-17,
    -0.999736515795));
#696 = DEFINITIONAL_REPRESENTATION('',(#697),#701);
#697 = LINE('',#698,#699);
#698 = CARTESIAN_POINT('',(5.054226045519,5.148323480936E-03));
#699 = VECTOR('',#700,1.);
#700 = DIRECTION('',(0.99999948121,1.018617046537E-03));
#701 = ( GEOMETRIC_REPRESENTATION_CONTEXT(2) 
PARAMETRIC_REPRESENTATION_CONTEXT() REPRESENTATION_CONTEXT('2D SPACE',''
  ) );
#702 = ORIENTED_EDGE('',*,*,#703,.T.);
#703 = EDGE_CURVE('',#676,#704,#706,.T.);
#704 = VERTEX_POINT('',#705);
#705 = CARTESIAN_POINT('',(770.29492939762,133.39254653854,
    8.192180707774));
#706 = SURFACE_CURVE('',#707,(#711,#718),.PCURVE_S1.);
#707 = LINE('',#708,#709);
#708 = CARTESIAN_POINT('',(770.29492943252,133.39254654009,
    8.192179187691));
#709 = VECTOR('',#710,1.);
#710 = DIRECTION('',(2.29542878338E-02,1.018617046352E-03,
    -0.999735996696));
#711 = PCURVE('',#113,#712);
#712 = DEFINITIONAL_REPRESENTATION('',(#713),#717);
#713 = LINE('',#714,#715);
#714 = CARTESIAN_POINT('',(6.164559157604,-3.916665735139));
#715 = VECTOR('',#716,1.);
#716 = DIRECTION('',(1.,5.084908188957E-17));
#717 = ( GEOMETRIC_REPRESENTATION_CONTEXT(2) 
PARAMETRIC_REPRESENTATION_CONTEXT() REPRESENTATION_CONTEXT('2D SPACE',''
  ) );
#718 = PCURVE('',#719,#724);
#719 = PLANE('',#720);
#720 = AXIS2_PLACEMENT_3D('',#721,#722,#723);
#721 = CARTESIAN_POINT('',(495.87908261528,131.98836941457,
    22.84049085768));
#722 = DIRECTION('',(5.068725204412E-03,-0.999986746678,
    -9.024928300885E-04));
#723 = DIRECTION('',(2.29542878338E-02,1.018617046352E-03,
    -0.999735996696));
#724 = DEFINITIONAL_REPRESENTATION('',(#725),#729);
#725 = LINE('',#726,#727);
#726 = CARTESIAN_POINT('',(20.944895120061,274.01079011785));
#727 = VECTOR('',#728,1.);
#728 = DIRECTION('',(1.,3.469446951954E-18));
#729 = ( GEOMETRIC_REPRESENTATION_CONTEXT(2) 
PARAMETRIC_REPRESENTATION_CONTEXT() REPRESENTATION_CONTEXT('2D SPACE',''
  ) );
#730 = ORIENTED_EDGE('',*,*,#731,.T.);
#731 = EDGE_CURVE('',#704,#732,#734,.T.);
#732 = VERTEX_POINT('',#733);
#733 = CARTESIAN_POINT('',(770.2491107103,142.4038675422,8.208070998445)
  );
#734 = SURFACE_CURVE('',#735,(#739,#746),.PCURVE_S1.);
#735 = LINE('',#736,#737);
#736 = CARTESIAN_POINT('',(770.27498813358,137.31446059348,
    8.199097350808));
#737 = VECTOR('',#738,1.);
#738 = DIRECTION('',(-5.084491931164E-03,0.999985519472,
    1.763175510101E-03));
#739 = PCURVE('',#113,#740);
#740 = DEFINITIONAL_REPRESENTATION('',(#741),#745);
#741 = LINE('',#742,#743);
#742 = CARTESIAN_POINT('',(6.161180011098,5.303660449348E-03));
#743 = VECTOR('',#744,1.);
#744 = DIRECTION('',(-8.60818620978E-04,0.999999629496));
#745 = ( GEOMETRIC_REPRESENTATION_CONTEXT(2) 
PARAMETRIC_REPRESENTATION_CONTEXT() REPRESENTATION_CONTEXT('2D SPACE',''
  ) );
#746 = PCURVE('',#434,#747);
#747 = DEFINITIONAL_REPRESENTATION('',(#748),#752);
#748 = LINE('',#749,#750);
#749 = CARTESIAN_POINT('',(-165.5251146094,0.997620918295));
#750 = VECTOR('',#751,1.);
#751 = DIRECTION('',(-3.578577786292E-02,0.999359483921));
#752 = ( GEOMETRIC_REPRESENTATION_CONTEXT(2) 
PARAMETRIC_REPRESENTATION_CONTEXT() REPRESENTATION_CONTEXT('2D SPACE',''
  ) );
#753 = ORIENTED_EDGE('',*,*,#754,.T.);
#754 = EDGE_CURVE('',#732,#755,#757,.T.);
#755 = VERTEX_POINT('',#756);
#756 = CARTESIAN_POINT('',(770.23666608106,142.4028489714,8.750178641286
    ));
#757 = SURFACE_CURVE('',#758,(#762,#769),.PCURVE_S1.);
#758 = LINE('',#759,#760);
#759 = CARTESIAN_POINT('',(769.94353647728,142.37885683389,
    21.519365690019));
#760 = VECTOR('',#761,1.);
#761 = DIRECTION('',(-2.29499246638E-02,-1.878410577605E-03,
    0.999734851114));
#762 = PCURVE('',#113,#763);
#763 = DEFINITIONAL_REPRESENTATION('',(#764),#768);
#764 = LINE('',#765,#766);
#765 = CARTESIAN_POINT('',(-7.15802128964,5.083334264861));
#766 = VECTOR('',#767,1.);
#767 = DIRECTION('',(-0.999999630367,-8.598052857285E-04));
#768 = ( GEOMETRIC_REPRESENTATION_CONTEXT(2) 
PARAMETRIC_REPRESENTATION_CONTEXT() REPRESENTATION_CONTEXT('2D SPACE',''
  ) );
#769 = PCURVE('',#485,#770);
#770 = DEFINITIONAL_REPRESENTATION('',(#771),#775);
#771 = LINE('',#772,#773);
#772 = CARTESIAN_POINT('',(9.104514956853,274.00722711836));
#773 = VECTOR('',#774,1.);
#774 = DIRECTION('',(0.99999999953,-3.066262452369E-05));
#775 = ( GEOMETRIC_REPRESENTATION_CONTEXT(2) 
PARAMETRIC_REPRESENTATION_CONTEXT() REPRESENTATION_CONTEXT('2D SPACE',''
  ) );
#776 = ORIENTED_EDGE('',*,*,#777,.T.);
#777 = EDGE_CURVE('',#755,#98,#778,.T.);
#778 = SURFACE_CURVE('',#779,(#789,#802),.PCURVE_S1.);
#779 = B_SPLINE_CURVE_WITH_KNOTS('',3,(#780,#781,#782,#783,#784,#785,
    #786,#787,#788),.UNSPECIFIED.,.F.,.F.,(4,1,1,1,1,1,4),(0.,
    4.106608930126E-03,8.213217860253E-03,1.026652232532E-02,
    1.231982679038E-02,1.437313125544E-02,1.642643572051E-02),
  .UNSPECIFIED.);
#780 = CARTESIAN_POINT('',(770.23666608106,142.4028489714,8.750178641286
    ));
#781 = CARTESIAN_POINT('',(770.24376555252,141.01428856056,
    8.746021460386));
#782 = CARTESIAN_POINT('',(770.23154656472,138.28744113665,9.87699693976
    ));
#783 = CARTESIAN_POINT('',(770.16019741433,136.85669737109,
    13.298040003336));
#784 = CARTESIAN_POINT('',(770.09432323942,137.40339819669,
    16.046362791763));
#785 = CARTESIAN_POINT('',(770.04825184341,138.57705385118,
    17.79469882147));
#786 = CARTESIAN_POINT('',(770.01225412241,140.31236058805,
    18.98103139975));
#787 = CARTESIAN_POINT('',(769.9992170991,141.68713540075,
    19.246758776818));
#788 = CARTESIAN_POINT('',(769.99570194299,142.38117172307,
    19.247385211523));
#789 = PCURVE('',#113,#790);
#790 = DEFINITIONAL_REPRESENTATION('',(#791),#801);
#791 = B_SPLINE_CURVE_WITH_KNOTS('',3,(#792,#793,#794,#795,#796,#797,
    #798,#799,#800),.UNSPECIFIED.,.F.,.F.,(4,1,1,1,1,1,4),(0.,
    4.106608930126E-03,8.213217860253E-03,1.026652232532E-02,
    1.231982679038E-02,1.437313125544E-02,1.642643572051E-02),
  .UNSPECIFIED.);
#792 = CARTESIAN_POINT('',(5.614547671618,5.094316191227));
#793 = CARTESIAN_POINT('',(5.617452307016,3.705734446318));
#794 = CARTESIAN_POINT('',(4.483717317473,0.980005794126));
#795 = CARTESIAN_POINT('',(1.060482271647,-0.447269893264));
#796 = CARTESIAN_POINT('',(-1.688070166475,0.10223792644));
#797 = CARTESIAN_POINT('',(-3.435806660122,1.277689410081));
#798 = CARTESIAN_POINT('',(-4.620884731708,3.014226267587));
#799 = CARTESIAN_POINT('',(-4.885440842396,4.389288758106));
#800 = CARTESIAN_POINT('',(-4.885440842397,5.083334264858));
#801 = ( GEOMETRIC_REPRESENTATION_CONTEXT(2) 
PARAMETRIC_REPRESENTATION_CONTEXT() REPRESENTATION_CONTEXT('2D SPACE',''
  ) );
#802 = PCURVE('',#141,#803);
#803 = DEFINITIONAL_REPRESENTATION('',(#804),#852);
#804 = B_SPLINE_CURVE_WITH_KNOTS('',3,(#805,#806,#807,#808,#809,#810,
    #811,#812,#813,#814,#815,#816,#817,#818,#819,#820,#821,#822,#823,
    #824,#825,#826,#827,#828,#829,#830,#831,#832,#833,#834,#835,#836,
    #837,#838,#839,#840,#841,#842,#843,#844,#845,#846,#847,#848,#849,
    #850,#851),.UNSPECIFIED.,.F.,.F.,(4,1,1,1,1,1,1,1,1,1,1,1,1,1,1,1,1,
    1,1,1,1,1,1,1,1,1,1,1,1,1,1,1,1,1,1,1,1,1,1,1,1,1,1,1,4),(0.,
    3.73328084557E-04,7.466561691141E-04,1.119984253671E-03,
    1.493312338228E-03,1.866640422785E-03,2.239968507342E-03,
    2.613296591899E-03,2.986624676456E-03,3.359952761013E-03,
    3.73328084557E-03,4.106608930127E-03,4.479937014685E-03,
    4.853265099242E-03,5.226593183799E-03,5.599921268356E-03,
    5.973249352913E-03,6.34657743747E-03,6.719905522027E-03,
    7.093233606584E-03,7.466561691141E-03,7.839889775698E-03,
    8.213217860255E-03,8.586545944812E-03,8.959874029369E-03,
    9.333202113926E-03,9.706530198483E-03,1.007985828304E-02,
    1.04531863676E-02,1.082651445215E-02,1.119984253671E-02,
    1.157317062127E-02,1.194649870583E-02,1.231982679038E-02,
    1.269315487494E-02,1.30664829595E-02,1.343981104405E-02,
    1.381313912861E-02,1.418646721317E-02,1.455979529772E-02,
    1.493312338228E-02,1.530645146684E-02,1.56797795514E-02,
    1.605310763595E-02,1.642643572051E-02),.QUASI_UNIFORM_KNOTS.);
#805 = CARTESIAN_POINT('',(0.,1.));
#806 = CARTESIAN_POINT('',(7.648222823047E-03,1.000000000385));
#807 = CARTESIAN_POINT('',(2.292069208124E-02,0.999999989954));
#808 = CARTESIAN_POINT('',(4.577146598639E-02,0.999999952413));
#809 = CARTESIAN_POINT('',(6.858016254051E-02,0.999999903387));
#810 = CARTESIAN_POINT('',(9.135614730132E-02,0.999999857834));
#811 = CARTESIAN_POINT('',(0.114103857536,0.999999831304));
#812 = CARTESIAN_POINT('',(0.136822490333,0.999999836544));
#813 = CARTESIAN_POINT('',(0.159503791825,0.99999988736));
#814 = CARTESIAN_POINT('',(0.182142988483,0.999999956291));
#815 = CARTESIAN_POINT('',(0.204747344754,1.000000010828));
#816 = CARTESIAN_POINT('',(0.227331702707,1.000000031024));
#817 = CARTESIAN_POINT('',(0.24991846162,1.000000006885));
#818 = CARTESIAN_POINT('',(0.272538423738,0.999999941435));
#819 = CARTESIAN_POINT('',(0.295214021099,0.999999889246));
#820 = CARTESIAN_POINT('',(0.317941210754,0.999999871169));
#821 = CARTESIAN_POINT('',(0.340703270313,0.999999881589));
#822 = CARTESIAN_POINT('',(0.363484277139,0.999999914176));
#823 = CARTESIAN_POINT('',(0.386266940556,0.99999995814));
#824 = CARTESIAN_POINT('',(0.409033953069,1.000000001044));
#825 = CARTESIAN_POINT('',(0.431767736706,1.000000030393));
#826 = CARTESIAN_POINT('',(0.454452986796,1.00000003434));
#827 = CARTESIAN_POINT('',(0.477100725685,1.000000016378));
#828 = CARTESIAN_POINT('',(0.499730873746,0.99999999508));
#829 = CARTESIAN_POINT('',(0.52237461618,1.000000003303));
#830 = CARTESIAN_POINT('',(0.545054516019,1.000000039712));
#831 = CARTESIAN_POINT('',(0.567778800032,1.000000082098));
#832 = CARTESIAN_POINT('',(0.590541595159,1.000000078819));
#833 = CARTESIAN_POINT('',(0.613314900913,1.000000028725));
#834 = CARTESIAN_POINT('',(0.636082906173,0.999999971655));
#835 = CARTESIAN_POINT('',(0.658846239845,0.999999934385));
#836 = CARTESIAN_POINT('',(0.681609346722,0.999999916452));
#837 = CARTESIAN_POINT('',(0.704374662176,0.999999920911));
#838 = CARTESIAN_POINT('',(0.727144065867,0.99999994789));
#839 = CARTESIAN_POINT('',(0.749918558943,0.999999996651));
#840 = CARTESIAN_POINT('',(0.77269879552,1.000000065506));
#841 = CARTESIAN_POINT('',(0.79548053846,1.000000131661));
#842 = CARTESIAN_POINT('',(0.818254692198,1.000000169352));
#843 = CARTESIAN_POINT('',(0.841008188661,1.000000158689));
#844 = CARTESIAN_POINT('',(0.863722695837,1.00000006656));
#845 = CARTESIAN_POINT('',(0.886381570796,0.999999936382));
#846 = CARTESIAN_POINT('',(0.909013577602,0.999999873516));
#847 = CARTESIAN_POINT('',(0.931655768649,0.999999866602));
#848 = CARTESIAN_POINT('',(0.95434245302,0.999999909159));
#849 = CARTESIAN_POINT('',(0.977106766575,0.999999973407));
#850 = CARTESIAN_POINT('',(0.992353796707,0.999999998739));
#851 = CARTESIAN_POINT('',(1.,1.));
#852 = ( GEOMETRIC_REPRESENTATION_CONTEXT(2) 
PARAMETRIC_REPRESENTATION_CONTEXT() REPRESENTATION_CONTEXT('2D SPACE',''
  ) );
#853 = ORIENTED_EDGE('',*,*,#97,.T.);
#854 = ADVANCED_FACE('',(#855,#880),#141,.T.);
#855 = FACE_BOUND('',#856,.T.);
#856 = EDGE_LOOP('',(#857,#858,#859,#860));
#857 = ORIENTED_EDGE('',*,*,#497,.T.);
#858 = ORIENTED_EDGE('',*,*,#125,.F.);
#859 = ORIENTED_EDGE('',*,*,#777,.F.);
#860 = ORIENTED_EDGE('',*,*,#861,.F.);
#861 = EDGE_CURVE('',#470,#755,#862,.T.);
#862 = SURFACE_CURVE('',#863,(#867,#873),.PCURVE_S1.);
#863 = LINE('',#864,#865);
#864 = CARTESIAN_POINT('',(496.20232550564,141.01047992356,
    6.926767068269));
#865 = VECTOR('',#866,1.);
#866 = DIRECTION('',(0.999964956007,5.080823997257E-03,
    6.653719638081E-03));
#867 = PCURVE('',#141,#868);
#868 = DEFINITIONAL_REPRESENTATION('',(#869),#872);
#869 = B_SPLINE_CURVE_WITH_KNOTS('',1,(#870,#871),.UNSPECIFIED.,.F.,.F.,
  (2,2),(1.022390390884E-12,274.04394416942),.PIECEWISE_BEZIER_KNOTS.);
#870 = CARTESIAN_POINT('',(4.370174878068E-16,3.894676696815E-15));
#871 = CARTESIAN_POINT('',(8.255486616048E-16,1.));
#872 = ( GEOMETRIC_REPRESENTATION_CONTEXT(2) 
PARAMETRIC_REPRESENTATION_CONTEXT() REPRESENTATION_CONTEXT('2D SPACE',''
  ) );
#873 = PCURVE('',#485,#874);
#874 = DEFINITIONAL_REPRESENTATION('',(#875),#879);
#875 = LINE('',#876,#877);
#876 = CARTESIAN_POINT('',(0.792294303972,-2.454103992968E-05));
#877 = VECTOR('',#878,1.);
#878 = DIRECTION('',(-1.627605031358E-02,0.99986753632));
#879 = ( GEOMETRIC_REPRESENTATION_CONTEXT(2) 
PARAMETRIC_REPRESENTATION_CONTEXT() REPRESENTATION_CONTEXT('2D SPACE',''
  ) );
#880 = FACE_BOUND('',#881,.T.);
#881 = EDGE_LOOP('',(#882,#993,#1030));
#882 = ORIENTED_EDGE('',*,*,#883,.F.);
#883 = EDGE_CURVE('',#884,#886,#888,.T.);
#884 = VERTEX_POINT('',#885);
#885 = CARTESIAN_POINT('',(770.,140.77322611327,18.9981));
#886 = VERTEX_POINT('',#887);
#887 = CARTESIAN_POINT('',(770.,140.,18.680494096502));
#888 = SURFACE_CURVE('',#889,(#920,#954),.PCURVE_S1.);
#889 = B_SPLINE_CURVE_WITH_KNOTS('',8,(#890,#891,#892,#893,#894,#895,
    #896,#897,#898,#899,#900,#901,#902,#903,#904,#905,#906,#907,#908,
    #909,#910,#911,#912,#913,#914,#915,#916,#917,#918,#919),
  .UNSPECIFIED.,.F.,.F.,(9,7,7,7,9),(0.,0.102104636632,0.537485711075,
    0.74555405644,1.),.UNSPECIFIED.);
#890 = CARTESIAN_POINT('',(770.,140.77322611327,18.9981));
#891 = CARTESIAN_POINT('',(770.,140.76261220971,18.994726177463));
#892 = CARTESIAN_POINT('',(770.,140.75200660742,18.991326342785));
#893 = CARTESIAN_POINT('',(770.,140.74140935312,18.987900520533));
#894 = CARTESIAN_POINT('',(770.,140.73082050602,18.984448727905));
#895 = CARTESIAN_POINT('',(770.,140.72024013786,18.980970974734));
#896 = CARTESIAN_POINT('',(770.,140.70966833285,18.977467263484));
#897 = CARTESIAN_POINT('',(770.,140.69910518776,18.973937589255));
#898 = CARTESIAN_POINT('',(770.,140.6435462393,18.955220409985));
#899 = CARTESIAN_POINT('',(770.,140.59870075876,18.939586771563));
#900 = CARTESIAN_POINT('',(770.,140.55402076852,18.923481093082));
#901 = CARTESIAN_POINT('',(770.,140.50951276665,18.906903460518));
#902 = CARTESIAN_POINT('',(770.,140.46518335101,18.889853977251));
#903 = CARTESIAN_POINT('',(770.,140.42103921927,18.872332764066));
#904 = CARTESIAN_POINT('',(770.,140.37708716889,18.854339959152));
#905 = CARTESIAN_POINT('',(770.,140.31242453123,18.827051668761));
#906 = CARTESIAN_POINT('',(770.,140.29156263089,18.8181208885));
#907 = CARTESIAN_POINT('',(770.,140.27074913486,18.809083437443));
#908 = CARTESIAN_POINT('',(770.,140.24998478193,18.799939375714));
#909 = CARTESIAN_POINT('',(770.,140.2292703109,18.790688763431));
#910 = CARTESIAN_POINT('',(770.,140.20860646055,18.781331660709));
#911 = CARTESIAN_POINT('',(770.,140.18799396971,18.771868127663));
#912 = CARTESIAN_POINT('',(770.,140.14229035575,18.750595228154));
#913 = CARTESIAN_POINT('',(770.,140.12261803564,18.741242846649));
#914 = CARTESIAN_POINT('',(770.,140.10309679957,18.731914874652));
#915 = CARTESIAN_POINT('',(770.,140.08079331916,18.721105923597));
#916 = CARTESIAN_POINT('',(770.,140.05528499767,18.708624285568));
#917 = CARTESIAN_POINT('',(770.,140.02912636271,18.695391307751));
#918 = CARTESIAN_POINT('',(770.,140.00773090993,18.68445322257));
#919 = CARTESIAN_POINT('',(770.,140.,18.680494096502));
#920 = PCURVE('',#141,#921);
#921 = DEFINITIONAL_REPRESENTATION('',(#922),#953);
#922 = B_SPLINE_CURVE_WITH_KNOTS('',8,(#923,#924,#925,#926,#927,#928,
    #929,#930,#931,#932,#933,#934,#935,#936,#937,#938,#939,#940,#941,
    #942,#943,#944,#945,#946,#947,#948,#949,#950,#951,#952),
  .UNSPECIFIED.,.F.,.F.,(9,7,7,7,9),(0.,0.102104636632,0.537485711075,
    0.74555405644,1.),.UNSPECIFIED.);
#923 = CARTESIAN_POINT('',(0.901248713891,0.999965202677));
#924 = CARTESIAN_POINT('',(0.900575161313,0.999964724653));
#925 = CARTESIAN_POINT('',(0.899901013461,0.99996424442));
#926 = CARTESIAN_POINT('',(0.899226753228,0.999963762136));
#927 = CARTESIAN_POINT('',(0.898552687051,0.999963277902));
#928 = CARTESIAN_POINT('',(0.897878944904,0.999962791763));
#929 = CARTESIAN_POINT('',(0.897205480304,0.999962303705));
#930 = CARTESIAN_POINT('',(0.896532070305,0.999961813659));
#931 = CARTESIAN_POINT('',(0.892985379484,0.999959222879));
#932 = CARTESIAN_POINT('',(0.890111898649,0.999957087632));
#933 = CARTESIAN_POINT('',(0.887237843923,0.999954915879));
#934 = CARTESIAN_POINT('',(0.884363191535,0.999952707747));
#935 = CARTESIAN_POINT('',(0.881487923015,0.999950463365));
#936 = CARTESIAN_POINT('',(0.8786120252,0.999948182868));
#937 = CARTESIAN_POINT('',(0.875735490227,0.999945866391));
#938 = CARTESIAN_POINT('',(0.871483315542,0.999942389904));
#939 = CARTESIAN_POINT('',(0.870108315544,0.999941257668));
#940 = CARTESIAN_POINT('',(0.868733315546,0.999940117385));
#941 = CARTESIAN_POINT('',(0.867358315548,0.999938969073));
#942 = CARTESIAN_POINT('',(0.86598331555,0.999937812752));
#943 = CARTESIAN_POINT('',(0.864608315552,0.999936648439));
#944 = CARTESIAN_POINT('',(0.863233315555,0.999935476154));
#945 = CARTESIAN_POINT('',(0.860176833584,0.999932852606));
#946 = CARTESIAN_POINT('',(0.858856397709,0.999931708122));
#947 = CARTESIAN_POINT('',(0.857542435059,0.999930561496));
#948 = CARTESIAN_POINT('',(0.856043602955,0.999929258109));
#949 = CARTESIAN_POINT('',(0.85431581209,0.999927726685));
#950 = CARTESIAN_POINT('',(0.852541525446,0.99992614864));
#951 = CARTESIAN_POINT('',(0.851082061522,0.999924833705));
#952 = CARTESIAN_POINT('',(0.850555090691,0.999924359696));
#953 = ( GEOMETRIC_REPRESENTATION_CONTEXT(2) 
PARAMETRIC_REPRESENTATION_CONTEXT() REPRESENTATION_CONTEXT('2D SPACE',''
  ) );
#954 = PCURVE('',#955,#960);
#955 = PLANE('',#956);
#956 = AXIS2_PLACEMENT_3D('',#957,#958,#959);
#957 = CARTESIAN_POINT('',(770.,147.3,18.1981));
#958 = DIRECTION('',(-1.,0.,0.));
#959 = DIRECTION('',(0.,0.,1.));
#960 = DEFINITIONAL_REPRESENTATION('',(#961),#992);
#961 = B_SPLINE_CURVE_WITH_KNOTS('',8,(#962,#963,#964,#965,#966,#967,
    #968,#969,#970,#971,#972,#973,#974,#975,#976,#977,#978,#979,#980,
    #981,#982,#983,#984,#985,#986,#987,#988,#989,#990,#991),
  .UNSPECIFIED.,.F.,.F.,(9,7,7,7,9),(0.,0.102104636632,0.537485711075,
    0.74555405644,1.),.UNSPECIFIED.);
#962 = CARTESIAN_POINT('',(0.8,-6.526773886725));
#963 = CARTESIAN_POINT('',(0.796626177463,-6.537387790289));
#964 = CARTESIAN_POINT('',(0.793226342785,-6.547993392574));
#965 = CARTESIAN_POINT('',(0.789800520533,-6.558590646873));
#966 = CARTESIAN_POINT('',(0.786348727905,-6.569179493971));
#967 = CARTESIAN_POINT('',(0.782870974734,-6.57975986214));
#968 = CARTESIAN_POINT('',(0.779367263484,-6.590331667143));
#969 = CARTESIAN_POINT('',(0.775837589255,-6.600894812232));
#970 = CARTESIAN_POINT('',(0.757120409985,-6.656453760694));
#971 = CARTESIAN_POINT('',(0.741486771563,-6.701299241231));
#972 = CARTESIAN_POINT('',(0.725381093082,-6.745979231474));
#973 = CARTESIAN_POINT('',(0.708803460518,-6.790487233349));
#974 = CARTESIAN_POINT('',(0.691753977251,-6.834816648985));
#975 = CARTESIAN_POINT('',(0.674232764066,-6.878960780723));
#976 = CARTESIAN_POINT('',(0.656239959152,-6.922912831109));
#977 = CARTESIAN_POINT('',(0.628951668761,-6.987575468761));
#978 = CARTESIAN_POINT('',(0.6200208885,-7.008437369102));
#979 = CARTESIAN_POINT('',(0.610983437443,-7.029250865133));
#980 = CARTESIAN_POINT('',(0.601839375714,-7.050015218064));
#981 = CARTESIAN_POINT('',(0.592588763431,-7.0707296891));
#982 = CARTESIAN_POINT('',(0.583231660709,-7.091393539442));
#983 = CARTESIAN_POINT('',(0.573768127663,-7.112006030285));
#984 = CARTESIAN_POINT('',(0.552495228154,-7.157709644247));
#985 = CARTESIAN_POINT('',(0.543142846649,-7.17738196436));
#986 = CARTESIAN_POINT('',(0.533814874652,-7.196903200426));
#987 = CARTESIAN_POINT('',(0.523005923597,-7.219206680838));
#988 = CARTESIAN_POINT('',(0.510524285568,-7.244715002327));
#989 = CARTESIAN_POINT('',(0.497291307751,-7.270873637287));
#990 = CARTESIAN_POINT('',(0.48635322257,-7.292269090063));
#991 = CARTESIAN_POINT('',(0.482394096502,-7.3));
#992 = ( GEOMETRIC_REPRESENTATION_CONTEXT(2) 
PARAMETRIC_REPRESENTATION_CONTEXT() REPRESENTATION_CONTEXT('2D SPACE',''
  ) );
#993 = ORIENTED_EDGE('',*,*,#994,.F.);
#994 = EDGE_CURVE('',#995,#884,#997,.T.);
#995 = VERTEX_POINT('',#996);
#996 = CARTESIAN_POINT('',(686.17115301575,140.,19.42311225421));
#997 = SURFACE_CURVE('',#998,(#1005,#1015),.PCURVE_S1.);
#998 = B_SPLINE_CURVE_WITH_KNOTS('',5,(#999,#1000,#1001,#1002,#1003,
    #1004),.UNSPECIFIED.,.F.,.F.,(6,6),(0.,1.),
  .PIECEWISE_BEZIER_KNOTS.);
#999 = CARTESIAN_POINT('',(686.17115301575,140.,19.42311225421));
#1000 = CARTESIAN_POINT('',(702.93693789347,140.15296528588,
    19.33810972488));
#1001 = CARTESIAN_POINT('',(719.70271624503,140.30664368997,
    19.253107228638));
#1002 = CARTESIAN_POINT('',(736.46848707949,140.461140789,
    19.168104770507));
#1003 = CARTESIAN_POINT('',(753.23424909824,140.61658970996,
    19.083102357072));
#1004 = CARTESIAN_POINT('',(770.,140.77322611327,18.9981));
#1005 = PCURVE('',#141,#1006);
#1006 = DEFINITIONAL_REPRESENTATION('',(#1007),#1014);
#1007 = B_SPLINE_CURVE_WITH_KNOTS('',5,(#1008,#1009,#1010,#1011,#1012,
    #1013),.UNSPECIFIED.,.F.,.F.,(6,6),(0.,1.),
  .PIECEWISE_BEZIER_KNOTS.);
#1008 = CARTESIAN_POINT('',(0.890524448149,0.694135763529));
#1009 = CARTESIAN_POINT('',(0.892382640859,0.755301660218));
#1010 = CARTESIAN_POINT('',(0.894363731663,0.816467565766));
#1011 = CARTESIAN_POINT('',(0.896485074214,0.877633439702));
#1012 = CARTESIAN_POINT('',(0.898768260816,0.93879932754));
#1013 = CARTESIAN_POINT('',(0.901247530874,0.999965202297));
#1014 = ( GEOMETRIC_REPRESENTATION_CONTEXT(2) 
PARAMETRIC_REPRESENTATION_CONTEXT() REPRESENTATION_CONTEXT('2D SPACE',''
  ) );
#1015 = PCURVE('',#1016,#1021);
#1016 = PLANE('',#1017);
#1017 = AXIS2_PLACEMENT_3D('',#1018,#1019,#1020);
#1018 = CARTESIAN_POINT('',(770.,147.3,18.9981));
#1019 = DIRECTION('',(-5.069934839335E-03,-0.,-0.999987147798));
#1020 = DIRECTION('',(-0.999987147798,0.,5.069934839335E-03));
#1021 = DEFINITIONAL_REPRESENTATION('',(#1022),#1029);
#1022 = B_SPLINE_CURVE_WITH_KNOTS('',5,(#1023,#1024,#1025,#1026,#1027,
    #1028),.UNSPECIFIED.,.F.,.F.,(6,6),(0.,1.),
  .PIECEWISE_BEZIER_KNOTS.);
#1023 = CARTESIAN_POINT('',(83.829924383389,-7.3));
#1024 = CARTESIAN_POINT('',(67.063924025637,-7.14703471412));
#1025 = CARTESIAN_POINT('',(50.297930194139,-6.99335631003));
#1026 = CARTESIAN_POINT('',(33.53194387983,-6.838859210997));
#1027 = CARTESIAN_POINT('',(16.765966381349,-6.683410290035));
#1028 = CARTESIAN_POINT('',(0.,-6.526773886725));
#1029 = ( GEOMETRIC_REPRESENTATION_CONTEXT(2) 
PARAMETRIC_REPRESENTATION_CONTEXT() REPRESENTATION_CONTEXT('2D SPACE',''
  ) );
#1030 = ORIENTED_EDGE('',*,*,#1031,.T.);
#1031 = EDGE_CURVE('',#995,#886,#1032,.T.);
#1032 = SURFACE_CURVE('',#1033,(#1056,#1082),.PCURVE_S1.);
#1033 = B_SPLINE_CURVE_WITH_KNOTS('',6,(#1034,#1035,#1036,#1037,#1038,
    #1039,#1040,#1041,#1042,#1043,#1044,#1045,#1046,#1047,#1048,#1049,
    #1050,#1051,#1052,#1053,#1054,#1055),.UNSPECIFIED.,.F.,.F.,(7,5,5,5,
    7),(0.,0.501233372397,0.750003128656,0.875047934152,1.),
  .UNSPECIFIED.);
#1034 = CARTESIAN_POINT('',(561.72854529079,140.,20.38728));
#1035 = CARTESIAN_POINT('',(579.1274409299,140.,20.260766528246));
#1036 = CARTESIAN_POINT('',(596.52631928481,140.,20.131894487823));
#1037 = CARTESIAN_POINT('',(613.92517849128,140.,20.000448809581));
#1038 = CARTESIAN_POINT('',(631.32401607653,140.,19.866170449981));
#1039 = CARTESIAN_POINT('',(648.72282883383,140.,19.728739109573));
#1040 = CARTESIAN_POINT('',(674.75689344596,140.,19.517701657044));
#1041 = CARTESIAN_POINT('',(683.39216738996,140.,19.446813871337));
#1042 = CARTESIAN_POINT('',(692.02743353198,140.,19.37498194131));
#1043 = CARTESIAN_POINT('',(700.66269120652,140.,19.302142388227));
#1044 = CARTESIAN_POINT('',(709.29793961024,140.,19.228220414092));
#1045 = CARTESIAN_POINT('',(722.27370409854,140.,19.115380106674));
#1046 = CARTESIAN_POINT('',(726.61422783521,140.,19.077337676728));
#1047 = CARTESIAN_POINT('',(730.95474885841,140.,19.038987757645));
#1048 = CARTESIAN_POINT('',(735.29526702934,140.,19.000317878372));
#1049 = CARTESIAN_POINT('',(739.63578219385,140.,18.961314396338));
#1050 = CARTESIAN_POINT('',(748.31358702444,140.,18.882639783961));
#1051 = CARTESIAN_POINT('',(752.65087669109,140.,18.842968752135));
#1052 = CARTESIAN_POINT('',(756.98816303433,140.,18.802936929756));
#1053 = CARTESIAN_POINT('',(761.32544579985,140.,18.762521255978));
#1054 = CARTESIAN_POINT('',(765.66272486027,140.,18.721712764724));
#1055 = CARTESIAN_POINT('',(770.,140.,18.680494096502));
#1056 = PCURVE('',#141,#1057);
#1057 = DEFINITIONAL_REPRESENTATION('',(#1058),#1081);
#1058 = B_SPLINE_CURVE_WITH_KNOTS('',6,(#1059,#1060,#1061,#1062,#1063,
    #1064,#1065,#1066,#1067,#1068,#1069,#1070,#1071,#1072,#1073,#1074,
    #1075,#1076,#1077,#1078,#1079,#1080),.UNSPECIFIED.,.F.,.F.,(7,5,5,5,
    7),(0.,0.501233372397,0.750003128656,0.875047934152,1.),
  .UNSPECIFIED.);
#1059 = CARTESIAN_POINT('',(0.935559698488,0.240184833396));
#1060 = CARTESIAN_POINT('',(0.930125273876,0.303654566396));
#1061 = CARTESIAN_POINT('',(0.924446947305,0.367124111377));
#1062 = CARTESIAN_POINT('',(0.918501227117,0.430593108896));
#1063 = CARTESIAN_POINT('',(0.912260154455,0.494062024206));
#1064 = CARTESIAN_POINT('',(0.905689579304,0.557530424109));
#1065 = CARTESIAN_POINT('',(0.89529597471,0.652498551219));
#1066 = CARTESIAN_POINT('',(0.891755992928,0.683998576287));
#1067 = CARTESIAN_POINT('',(0.888117849021,0.71549848708));
#1068 = CARTESIAN_POINT('',(0.884375191263,0.74699827556));
#1069 = CARTESIAN_POINT('',(0.880520680693,0.778497932216));
#1070 = CARTESIAN_POINT('',(0.874547670468,0.825830763124));
#1071 = CARTESIAN_POINT('',(0.872519196323,0.841664044403));
#1072 = CARTESIAN_POINT('',(0.870459194447,0.857497288042));
#1073 = CARTESIAN_POINT('',(0.868366478854,0.873330492442));
#1074 = CARTESIAN_POINT('',(0.866239764341,0.889163655851));
#1075 = CARTESIAN_POINT('',(0.861917172174,0.920818154212));
#1076 = CARTESIAN_POINT('',(0.859721336743,0.936639489185));
#1077 = CARTESIAN_POINT('',(0.857488820408,0.952460779605));
#1078 = CARTESIAN_POINT('',(0.855217954833,0.968282022648));
#1079 = CARTESIAN_POINT('',(0.852907312565,0.984103216933));
#1080 = CARTESIAN_POINT('',(0.850555270832,0.999924360236));
#1081 = ( GEOMETRIC_REPRESENTATION_CONTEXT(2) 
PARAMETRIC_REPRESENTATION_CONTEXT() REPRESENTATION_CONTEXT('2D SPACE',''
  ) );
#1082 = PCURVE('',#1083,#1088);
#1083 = PLANE('',#1084);
#1084 = AXIS2_PLACEMENT_3D('',#1085,#1086,#1087);
#1085 = CARTESIAN_POINT('',(633.,140.,19.29269));
#1086 = DIRECTION('',(-0.,-1.,-0.));
#1087 = DIRECTION('',(0.,0.,-1.));
#1088 = DEFINITIONAL_REPRESENTATION('',(#1089),#1112);
#1089 = B_SPLINE_CURVE_WITH_KNOTS('',6,(#1090,#1091,#1092,#1093,#1094,
    #1095,#1096,#1097,#1098,#1099,#1100,#1101,#1102,#1103,#1104,#1105,
    #1106,#1107,#1108,#1109,#1110,#1111),.UNSPECIFIED.,.F.,.F.,(7,5,5,5,
    7),(0.,0.501233372397,0.750003128656,0.875047934152,1.),
  .UNSPECIFIED.);
#1090 = CARTESIAN_POINT('',(-1.09459,-71.2714547092));
#1091 = CARTESIAN_POINT('',(-0.968076528246,-53.87255907009));
#1092 = CARTESIAN_POINT('',(-0.839204487823,-36.47368071518));
#1093 = CARTESIAN_POINT('',(-0.707758809581,-19.07482150871));
#1094 = CARTESIAN_POINT('',(-0.573480449981,-1.675983923461));
#1095 = CARTESIAN_POINT('',(-0.436049109573,15.722828833832));
#1096 = CARTESIAN_POINT('',(-0.225011657044,41.756893445965));
#1097 = CARTESIAN_POINT('',(-0.154123871337,50.392167389968));
#1098 = CARTESIAN_POINT('',(-8.229194131023E-02,59.027433531985));
#1099 = CARTESIAN_POINT('',(-9.452388227334E-03,67.662691206522));
#1100 = CARTESIAN_POINT('',(6.446958590754E-02,76.297939610241));
#1101 = CARTESIAN_POINT('',(0.177309893326,89.273704098542));
#1102 = CARTESIAN_POINT('',(0.215352323272,93.614227835212));
#1103 = CARTESIAN_POINT('',(0.253702242355,97.95474885841));
#1104 = CARTESIAN_POINT('',(0.292372121628,102.29526702934));
#1105 = CARTESIAN_POINT('',(0.331375603662,106.63578219385));
#1106 = CARTESIAN_POINT('',(0.410050216039,115.31358702444));
#1107 = CARTESIAN_POINT('',(0.449721247865,119.65087669109));
#1108 = CARTESIAN_POINT('',(0.489753070244,123.98816303433));
#1109 = CARTESIAN_POINT('',(0.530168744022,128.32544579985));
#1110 = CARTESIAN_POINT('',(0.570977235276,132.66272486027));
#1111 = CARTESIAN_POINT('',(0.612195903498,137.));
#1112 = ( GEOMETRIC_REPRESENTATION_CONTEXT(2) 
PARAMETRIC_REPRESENTATION_CONTEXT() REPRESENTATION_CONTEXT('2D SPACE',''
  ) );
#1113 = ADVANCED_FACE('',(#1114),#485,.T.);
#1114 = FACE_BOUND('',#1115,.T.);
#1115 = EDGE_LOOP('',(#1116,#1117,#1118,#1119));
#1116 = ORIENTED_EDGE('',*,*,#469,.T.);
#1117 = ORIENTED_EDGE('',*,*,#861,.T.);
#1118 = ORIENTED_EDGE('',*,*,#754,.F.);
#1119 = ORIENTED_EDGE('',*,*,#1120,.F.);
#1120 = EDGE_CURVE('',#447,#732,#1121,.T.);
#1121 = SURFACE_CURVE('',#1122,(#1126,#1133),.PCURVE_S1.);
#1122 = LINE('',#1123,#1124);
#1123 = CARTESIAN_POINT('',(496.22050892369,141.01196507609,
    6.134674843555));
#1124 = VECTOR('',#1125,1.);
#1125 = DIRECTION('',(0.999958477583,5.079194879187E-03,
    7.566035256726E-03));
#1126 = PCURVE('',#485,#1127);
#1127 = DEFINITIONAL_REPRESENTATION('',(#1128),#1132);
#1128 = LINE('',#1129,#1130);
#1129 = CARTESIAN_POINT('',(-7.995801438099E-06,-1.228617816719E-07));
#1130 = VECTOR('',#1131,1.);
#1131 = DIRECTION('',(-1.536382441188E-02,0.999881969484));
#1132 = ( GEOMETRIC_REPRESENTATION_CONTEXT(2) 
PARAMETRIC_REPRESENTATION_CONTEXT() REPRESENTATION_CONTEXT('2D SPACE',''
  ) );
#1133 = PCURVE('',#434,#1134);
#1134 = DEFINITIONAL_REPRESENTATION('',(#1135),#1139);
#1135 = LINE('',#1136,#1137);
#1136 = CARTESIAN_POINT('',(108.15728815927,15.888335120468));
#1137 = VECTOR('',#1138,1.);
#1138 = DIRECTION('',(-0.999359776643,-3.577760233457E-02));
#1139 = ( GEOMETRIC_REPRESENTATION_CONTEXT(2) 
PARAMETRIC_REPRESENTATION_CONTEXT() REPRESENTATION_CONTEXT('2D SPACE',''
  ) );
#1140 = ADVANCED_FACE('',(#1141),#434,.T.);
#1141 = FACE_BOUND('',#1142,.T.);
#1142 = EDGE_LOOP('',(#1143,#1144,#1145,#1146,#1169,#1190));
#1143 = ORIENTED_EDGE('',*,*,#446,.T.);
#1144 = ORIENTED_EDGE('',*,*,#1120,.T.);
#1145 = ORIENTED_EDGE('',*,*,#731,.F.);
#1146 = ORIENTED_EDGE('',*,*,#1147,.F.);
#1147 = EDGE_CURVE('',#1148,#704,#1150,.T.);
#1148 = VERTEX_POINT('',#1149);
#1149 = CARTESIAN_POINT('',(607.04975283177,132.56620537197,
    6.957017270134));
#1150 = SURFACE_CURVE('',#1151,(#1155,#1162),.PCURVE_S1.);
#1151 = LINE('',#1152,#1153);
#1152 = CARTESIAN_POINT('',(496.26301913158,132.00540694077,
    6.118771649121));
#1153 = VECTOR('',#1154,1.);
#1154 = DIRECTION('',(0.999958566392,5.061754025667E-03,
    7.56598612015E-03));
#1155 = PCURVE('',#434,#1156);
#1156 = DEFINITIONAL_REPRESENTATION('',(#1157),#1161);
#1157 = LINE('',#1158,#1159);
#1158 = CARTESIAN_POINT('',(108.48288107934,6.887549670039));
#1159 = VECTOR('',#1160,1.);
#1160 = DIRECTION('',(-0.999359152488,-3.579503230205E-02));
#1161 = ( GEOMETRIC_REPRESENTATION_CONTEXT(2) 
PARAMETRIC_REPRESENTATION_CONTEXT() REPRESENTATION_CONTEXT('2D SPACE',''
  ) );
#1162 = PCURVE('',#719,#1163);
#1163 = DEFINITIONAL_REPRESENTATION('',(#1164),#1168);
#1164 = LINE('',#1165,#1166);
#1165 = CARTESIAN_POINT('',(16.726134963456,1.950051231603E-12));
#1166 = VECTOR('',#1167,1.);
#1167 = DIRECTION('',(1.539450406895E-02,0.999881497601));
#1168 = ( GEOMETRIC_REPRESENTATION_CONTEXT(2) 
PARAMETRIC_REPRESENTATION_CONTEXT() REPRESENTATION_CONTEXT('2D SPACE',''
  ) );
#1169 = ORIENTED_EDGE('',*,*,#1170,.F.);
#1170 = EDGE_CURVE('',#391,#1148,#1171,.T.);
#1171 = SURFACE_CURVE('',#1172,(#1176,#1183),.PCURVE_S1.);
#1172 = LINE('',#1173,#1174);
#1173 = CARTESIAN_POINT('',(633.238586926,132.70736157707,7.155185830933
    ));
#1174 = VECTOR('',#1175,1.);
#1175 = DIRECTION('',(0.999956846059,5.390068805375E-03,
    7.566583005558E-03));
#1176 = PCURVE('',#434,#1177);
#1177 = DEFINITIONAL_REPRESENTATION('',(#1178),#1182);
#1178 = LINE('',#1179,#1180);
#1179 = CARTESIAN_POINT('',(-28.41092927315,1.992883752246));
#1180 = VECTOR('',#1181,1.);
#1181 = DIRECTION('',(-0.999370850845,-3.546692095127E-02));
#1182 = ( GEOMETRIC_REPRESENTATION_CONTEXT(2) 
PARAMETRIC_REPRESENTATION_CONTEXT() REPRESENTATION_CONTEXT('2D SPACE',''
  ) );
#1183 = PCURVE('',#406,#1184);
#1184 = DEFINITIONAL_REPRESENTATION('',(#1185),#1189);
#1185 = LINE('',#1186,#1187);
#1186 = CARTESIAN_POINT('',(3.546172900898,5.044721266804E-02));
#1187 = VECTOR('',#1188,1.);
#1188 = DIRECTION('',(-1.42243794237E-02,0.999898828397));
#1189 = ( GEOMETRIC_REPRESENTATION_CONTEXT(2) 
PARAMETRIC_REPRESENTATION_CONTEXT() REPRESENTATION_CONTEXT('2D SPACE',''
  ) );
#1190 = ORIENTED_EDGE('',*,*,#418,.F.);
#1191 = ADVANCED_FACE('',(#1192),#406,.T.);
#1192 = FACE_BOUND('',#1193,.T.);
#1193 = EDGE_LOOP('',(#1194,#1195,#1196,#1217,#1240,#1270));
#1194 = ORIENTED_EDGE('',*,*,#390,.T.);
#1195 = ORIENTED_EDGE('',*,*,#1170,.T.);
#1196 = ORIENTED_EDGE('',*,*,#1197,.T.);
#1197 = EDGE_CURVE('',#1148,#676,#1198,.T.);
#1198 = SURFACE_CURVE('',#1199,(#1203,#1210),.PCURVE_S1.);
#1199 = LINE('',#1200,#1201);
#1200 = CARTESIAN_POINT('',(496.01131915952,132.00416576621,
    6.08038919859));
#1201 = VECTOR('',#1202,1.);
#1202 = DIRECTION('',(0.999956029271,5.061444784667E-03,
    7.894384219569E-03));
#1203 = PCURVE('',#406,#1204);
#1204 = DEFINITIONAL_REPRESENTATION('',(#1205),#1209);
#1205 = LINE('',#1206,#1207);
#1206 = CARTESIAN_POINT('',(5.549781493268,-137.1682040101));
#1207 = VECTOR('',#1208,1.);
#1208 = DIRECTION('',(-1.46884947368E-02,0.999892118242));
#1209 = ( GEOMETRIC_REPRESENTATION_CONTEXT(2) 
PARAMETRIC_REPRESENTATION_CONTEXT() REPRESENTATION_CONTEXT('2D SPACE',''
  ) );
#1210 = PCURVE('',#719,#1211);
#1211 = DEFINITIONAL_REPRESENTATION('',(#1212),#1216);
#1212 = LINE('',#1213,#1214);
#1213 = CARTESIAN_POINT('',(16.758728423005,-0.252517910952));
#1214 = VECTOR('',#1215,1.);
#1215 = DIRECTION('',(1.50661341149E-02,0.99988649936));
#1216 = ( GEOMETRIC_REPRESENTATION_CONTEXT(2) 
PARAMETRIC_REPRESENTATION_CONTEXT() REPRESENTATION_CONTEXT('2D SPACE',''
  ) );
#1217 = ORIENTED_EDGE('',*,*,#1218,.T.);
#1218 = EDGE_CURVE('',#676,#1219,#1221,.T.);
#1219 = VERTEX_POINT('',#1220);
#1220 = CARTESIAN_POINT('',(770.20681673109,129.60113808926,
    12.026633359949));
#1221 = SURFACE_CURVE('',#1222,(#1226,#1233),.PCURVE_S1.);
#1222 = LINE('',#1223,#1224);
#1223 = CARTESIAN_POINT('',(770.29369801097,133.39246625309,
    8.245800506829));
#1224 = VECTOR('',#1225,1.);
#1225 = DIRECTION('',(-1.622421840965E-02,-0.707992979411,0.706033084099
    ));
#1226 = PCURVE('',#406,#1227);
#1227 = DEFINITIONAL_REPRESENTATION('',(#1228),#1232);
#1228 = LINE('',#1229,#1230);
#1229 = CARTESIAN_POINT('',(1.520772796374,137.09664394106));
#1230 = VECTOR('',#1231,1.);
#1231 = DIRECTION('',(-0.999581765568,-2.891874726239E-02));
#1232 = ( GEOMETRIC_REPRESENTATION_CONTEXT(2) 
PARAMETRIC_REPRESENTATION_CONTEXT() REPRESENTATION_CONTEXT('2D SPACE',''
  ) );
#1233 = PCURVE('',#691,#1234);
#1234 = DEFINITIONAL_REPRESENTATION('',(#1235),#1239);
#1235 = LINE('',#1236,#1237);
#1236 = CARTESIAN_POINT('',(5.000590588356,5.068036476029E-03));
#1237 = VECTOR('',#1238,1.);
#1238 = DIRECTION('',(-0.706219470791,-0.707992979539));
#1239 = ( GEOMETRIC_REPRESENTATION_CONTEXT(2) 
PARAMETRIC_REPRESENTATION_CONTEXT() REPRESENTATION_CONTEXT('2D SPACE',''
  ) );
#1240 = ORIENTED_EDGE('',*,*,#1241,.F.);
#1241 = EDGE_CURVE('',#1242,#1219,#1244,.T.);
#1242 = VERTEX_POINT('',#1243);
#1243 = CARTESIAN_POINT('',(704.2924626328,128.05384420906,
    12.716914886077));
#1244 = SURFACE_CURVE('',#1245,(#1250,#1257),.PCURVE_S1.);
#1245 = ELLIPSE('',#1246,327.38066755093,3.);
#1246 = AXIS2_PLACEMENT_3D('',#1247,#1248,#1249);
#1247 = CARTESIAN_POINT('',(1.030657360515E+03,130.,15.));
#1248 = DIRECTION('',(9.163644336247E-03,-0.706201656481,-0.707951444667
    ));
#1249 = DIRECTION('',(0.99995801293,6.47165253539E-03,6.487687645257E-03
    ));
#1250 = PCURVE('',#406,#1251);
#1251 = DEFINITIONAL_REPRESENTATION('',(#1252),#1256);
#1252 = ELLIPSE('',#1253,327.38066755093,3.);
#1253 = AXIS2_PLACEMENT_2D('',#1254,#1255);
#1254 = CARTESIAN_POINT('',(-8.956409606877,397.35919107256));
#1255 = DIRECTION('',(-1.269682678584E-02,0.999919392046));
#1256 = ( GEOMETRIC_REPRESENTATION_CONTEXT(2) 
PARAMETRIC_REPRESENTATION_CONTEXT() REPRESENTATION_CONTEXT('2D SPACE',''
  ) );
#1257 = PCURVE('',#307,#1258);
#1258 = DEFINITIONAL_REPRESENTATION('',(#1259),#1269);
#1259 = B_SPLINE_CURVE_WITH_KNOTS('',8,(#1260,#1261,#1262,#1263,#1264,
    #1265,#1266,#1267,#1268),.UNSPECIFIED.,.F.,.F.,(9,9),(2.662663015058
    ,3.920943498812),.PIECEWISE_BEZIER_KNOTS.);
#1260 = CARTESIAN_POINT('',(1.87850219102,290.12292150638));
#1261 = CARTESIAN_POINT('',(2.03578725149,266.39484430165));
#1262 = CARTESIAN_POINT('',(2.193072311958,250.88095304704));
#1263 = CARTESIAN_POINT('',(2.350357372421,244.47572022664));
#1264 = CARTESIAN_POINT('',(2.507642432905,247.64012012421));
#1265 = CARTESIAN_POINT('',(2.664927493366,260.33078678825));
#1266 = CARTESIAN_POINT('',(2.822212553835,281.98641803883));
#1267 = CARTESIAN_POINT('',(2.979497614305,311.59034233244));
#1268 = CARTESIAN_POINT('',(3.136782674775,347.77837778338));
#1269 = ( GEOMETRIC_REPRESENTATION_CONTEXT(2) 
PARAMETRIC_REPRESENTATION_CONTEXT() REPRESENTATION_CONTEXT('2D SPACE',''
  ) );
#1270 = ORIENTED_EDGE('',*,*,#1271,.T.);
#1271 = EDGE_CURVE('',#1242,#363,#1272,.T.);
#1272 = SURFACE_CURVE('',#1273,(#1277,#1284),.PCURVE_S1.);
#1273 = LINE('',#1274,#1275);
#1274 = CARTESIAN_POINT('',(770.17900158484,128.38733985935,
    13.237071503621));
#1275 = VECTOR('',#1276,1.);
#1276 = DIRECTION('',(-0.999956029267,-5.061443377345E-03,
    -7.894385623362E-03));
#1277 = PCURVE('',#406,#1278);
#1278 = DEFINITIONAL_REPRESENTATION('',(#1279),#1283);
#1279 = LINE('',#1280,#1281);
#1280 = CARTESIAN_POINT('',(-5.545728176129,136.89220408065));
#1281 = VECTOR('',#1282,1.);
#1282 = DIRECTION('',(1.468849672435E-02,-0.999892118213));
#1283 = ( GEOMETRIC_REPRESENTATION_CONTEXT(2) 
PARAMETRIC_REPRESENTATION_CONTEXT() REPRESENTATION_CONTEXT('2D SPACE',''
  ) );
#1284 = PCURVE('',#378,#1285);
#1285 = DEFINITIONAL_REPRESENTATION('',(#1286),#1290);
#1286 = LINE('',#1287,#1288);
#1287 = CARTESIAN_POINT('',(-136.932848238,-4.911740294259));
#1288 = VECTOR('',#1289,1.);
#1289 = DIRECTION('',(0.9993591464,3.579520227661E-02));
#1290 = ( GEOMETRIC_REPRESENTATION_CONTEXT(2) 
PARAMETRIC_REPRESENTATION_CONTEXT() REPRESENTATION_CONTEXT('2D SPACE',''
  ) );
#1291 = ADVANCED_FACE('',(#1292),#378,.T.);
#1292 = FACE_BOUND('',#1293,.T.);
#1293 = EDGE_LOOP('',(#1294,#1317,#1318,#1319,#1356,#1384));
#1294 = ORIENTED_EDGE('',*,*,#1295,.F.);
#1295 = EDGE_CURVE('',#340,#1296,#1298,.T.);
#1296 = VERTEX_POINT('',#1297);
#1297 = CARTESIAN_POINT('',(496.14923216601,122.70876267763,
    11.066857578541));
#1298 = SURFACE_CURVE('',#1299,(#1303,#1310),.PCURVE_S1.);
#1299 = LINE('',#1300,#1301);
#1300 = CARTESIAN_POINT('',(496.14907015709,132.0040025092,
    11.081633578641));
#1301 = VECTOR('',#1302,1.);
#1302 = DIRECTION('',(1.742921325028E-05,-0.999998736387,
    -1.589628852682E-03));
#1303 = PCURVE('',#378,#1304);
#1304 = DEFINITIONAL_REPRESENTATION('',(#1305),#1309);
#1305 = LINE('',#1306,#1307);
#1306 = CARTESIAN_POINT('',(136.72903294337,9.897184984191));
#1307 = VECTOR('',#1308,1.);
#1308 = DIRECTION('',(4.084806181868E-02,-0.999165369619));
#1309 = ( GEOMETRIC_REPRESENTATION_CONTEXT(2) 
PARAMETRIC_REPRESENTATION_CONTEXT() REPRESENTATION_CONTEXT('2D SPACE',''
  ) );
#1310 = PCURVE('',#278,#1311);
#1311 = DEFINITIONAL_REPRESENTATION('',(#1312),#1316);
#1312 = LINE('',#1313,#1314);
#1313 = CARTESIAN_POINT('',(-6.396136970154,1.016737668186E-02));
#1314 = VECTOR('',#1315,1.);
#1315 = DIRECTION('',(-1.589610085634E-03,-0.999998736569));
#1316 = ( GEOMETRIC_REPRESENTATION_CONTEXT(2) 
PARAMETRIC_REPRESENTATION_CONTEXT() REPRESENTATION_CONTEXT('2D SPACE',''
  ) );
#1317 = ORIENTED_EDGE('',*,*,#362,.T.);
#1318 = ORIENTED_EDGE('',*,*,#1271,.F.);
#1319 = ORIENTED_EDGE('',*,*,#1320,.F.);
#1320 = EDGE_CURVE('',#1321,#1242,#1323,.T.);
#1321 = VERTEX_POINT('',#1322);
#1322 = CARTESIAN_POINT('',(770.17901588679,127.57357805924,
    13.235778765175));
#1323 = SURFACE_CURVE('',#1324,(#1329,#1336),.PCURVE_S1.);
#1324 = ELLIPSE('',#1325,380.40014984523,3.);
#1325 = AXIS2_PLACEMENT_3D('',#1326,#1327,#1328);
#1326 = CARTESIAN_POINT('',(993.38600822552,130.,15.));
#1327 = DIRECTION('',(7.886432224647E-03,1.58971687216E-03,
    -0.99996763797));
#1328 = DIRECTION('',(0.99996890161,-1.253758426735E-05,
    7.886422258726E-03));
#1329 = PCURVE('',#378,#1330);
#1330 = DEFINITIONAL_REPRESENTATION('',(#1331),#1335);
#1331 = ELLIPSE('',#1332,380.40014984523,3.);
#1332 = AXIS2_PLACEMENT_2D('',#1333,#1334);
#1333 = CARTESIAN_POINT('',(-360.0263529552,-12.41937348268));
#1334 = DIRECTION('',(-0.999164657495,-4.086547702036E-02));
#1335 = ( GEOMETRIC_REPRESENTATION_CONTEXT(2) 
PARAMETRIC_REPRESENTATION_CONTEXT() REPRESENTATION_CONTEXT('2D SPACE',''
  ) );
#1336 = PCURVE('',#307,#1337);
#1337 = DEFINITIONAL_REPRESENTATION('',(#1338),#1355);
#1338 = B_SPLINE_CURVE_WITH_KNOTS('',8,(#1339,#1340,#1341,#1342,#1343,
    #1344,#1345,#1346,#1347,#1348,#1349,#1350,#1351,#1352,#1353,#1354),
  .UNSPECIFIED.,.F.,.F.,(9,7,9),(2.111318476274,3.141270101345,
    4.171221726415),.UNSPECIFIED.);
#1339 = CARTESIAN_POINT('',(2.112908243255,347.64435104697));
#1340 = CARTESIAN_POINT('',(2.241652196388,305.65319723156));
#1341 = CARTESIAN_POINT('',(2.370396149518,267.36995060631));
#1342 = CARTESIAN_POINT('',(2.499140102652,233.85519068851));
#1343 = CARTESIAN_POINT('',(2.627884055781,206.03837125643));
#1344 = CARTESIAN_POINT('',(2.756628008929,184.66162713652));
#1345 = CARTESIAN_POINT('',(2.885371962054,170.23494436402));
#1346 = CARTESIAN_POINT('',(3.014115915192,163.01350425314));
#1347 = CARTESIAN_POINT('',(3.271603821459,162.98191174756));
#1348 = CARTESIAN_POINT('',(3.400347774593,170.17175935235));
#1349 = CARTESIAN_POINT('',(3.529091727722,184.56764756073));
#1350 = CARTESIAN_POINT('',(3.657835680857,205.91519297217));
#1351 = CARTESIAN_POINT('',(3.786579633994,233.70516521867));
#1352 = CARTESIAN_POINT('',(3.915323587127,267.19610034153));
#1353 = CARTESIAN_POINT('',(4.044067540263,305.45909629225));
#1354 = CARTESIAN_POINT('',(4.172811493396,347.43398438024));
#1355 = ( GEOMETRIC_REPRESENTATION_CONTEXT(2) 
PARAMETRIC_REPRESENTATION_CONTEXT() REPRESENTATION_CONTEXT('2D SPACE',''
  ) );
#1356 = ORIENTED_EDGE('',*,*,#1357,.T.);
#1357 = EDGE_CURVE('',#1321,#1358,#1360,.T.);
#1358 = VERTEX_POINT('',#1359);
#1359 = CARTESIAN_POINT('',(770.17910103156,122.70696775132,
    13.228042653791));
#1360 = SURFACE_CURVE('',#1361,(#1365,#1372),.PCURVE_S1.);
#1361 = LINE('',#1362,#1363);
#1362 = CARTESIAN_POINT('',(770.17900157393,128.38734070001,
    13.23707234636));
#1363 = VECTOR('',#1364,1.);
#1364 = DIRECTION('',(1.758848125958E-05,-0.999998736387,
    -1.589627596576E-03));
#1365 = PCURVE('',#378,#1366);
#1366 = DEFINITIONAL_REPRESENTATION('',(#1367),#1371);
#1367 = LINE('',#1368,#1369);
#1368 = CARTESIAN_POINT('',(-136.9328482682,-4.911739452789));
#1369 = VECTOR('',#1370,1.);
#1370 = DIRECTION('',(4.084790267865E-02,-0.999165376125));
#1371 = ( GEOMETRIC_REPRESENTATION_CONTEXT(2) 
PARAMETRIC_REPRESENTATION_CONTEXT() REPRESENTATION_CONTEXT('2D SPACE',''
  ) );
#1372 = PCURVE('',#1373,#1378);
#1373 = PLANE('',#1374);
#1374 = AXIS2_PLACEMENT_3D('',#1375,#1376,#1377);
#1375 = CARTESIAN_POINT('',(770.17891321291,133.38739821661,
    13.245073522227));
#1376 = DIRECTION('',(0.999736515614,-1.906418945672E-05,
    2.295428032406E-02));
#1377 = DIRECTION('',(2.295428032823E-02,6.011816343137E-17,
    -0.999736515795));
#1378 = DEFINITIONAL_REPRESENTATION('',(#1379),#1383);
#1379 = LINE('',#1380,#1381);
#1380 = CARTESIAN_POINT('',(8.001095947166E-03,-5.000057517509));
#1381 = VECTOR('',#1382,1.);
#1382 = DIRECTION('',(1.589612485743E-03,-0.999998736565));
#1383 = ( GEOMETRIC_REPRESENTATION_CONTEXT(2) 
PARAMETRIC_REPRESENTATION_CONTEXT() REPRESENTATION_CONTEXT('2D SPACE',''
  ) );
#1384 = ORIENTED_EDGE('',*,*,#1385,.F.);
#1385 = EDGE_CURVE('',#1296,#1358,#1386,.T.);
#1386 = SURFACE_CURVE('',#1387,(#1391,#1398),.PCURVE_S1.);
#1387 = LINE('',#1388,#1389);
#1388 = CARTESIAN_POINT('',(633.16410953007,122.70786521485,
    12.147449666083));
#1389 = VECTOR('',#1390,1.);
#1390 = DIRECTION('',(0.999968901592,-6.549908219788E-06,
    7.886431777602E-03));
#1391 = PCURVE('',#378,#1392);
#1392 = DEFINITIONAL_REPRESENTATION('',(#1393),#1397);
#1393 = LINE('',#1394,#1395);
#1394 = CARTESIAN_POINT('',(0.204011898858,-4.988841204912));
#1395 = VECTOR('',#1396,1.);
#1396 = DIRECTION('',(-0.999164902167,-4.085949433778E-02));
#1397 = ( GEOMETRIC_REPRESENTATION_CONTEXT(2) 
PARAMETRIC_REPRESENTATION_CONTEXT() REPRESENTATION_CONTEXT('2D SPACE',''
  ) );
#1398 = PCURVE('',#1399,#1404);
#1399 = PLANE('',#1400);
#1400 = AXIS2_PLACEMENT_3D('',#1401,#1402,#1403);
#1401 = CARTESIAN_POINT('',(634.9912391295,122.70552707217,
    14.962695630597));
#1402 = DIRECTION('',(-1.056585086757E-14,0.999999655111,
    8.305284514115E-04));
#1403 = DIRECTION('',(-2.775557561564E-17,-8.305284514115E-04,
    0.999999655111));
#1404 = DEFINITIONAL_REPRESENTATION('',(#1405),#1409);
#1405 = LINE('',#1406,#1407);
#1406 = CARTESIAN_POINT('',(-2.815246935461,-1.82712959943));
#1407 = VECTOR('',#1408,1.);
#1408 = DIRECTION('',(7.886434497545E-03,0.999968901592));
#1409 = ( GEOMETRIC_REPRESENTATION_CONTEXT(2) 
PARAMETRIC_REPRESENTATION_CONTEXT() REPRESENTATION_CONTEXT('2D SPACE',''
  ) );
#1410 = ADVANCED_FACE('',(#1411),#278,.T.);
#1411 = FACE_BOUND('',#1412,.T.);
#1412 = EDGE_LOOP('',(#1413,#1848,#1849,#1877,#1912,#1913,#1914,#1937));
#1413 = ORIENTED_EDGE('',*,*,#1414,.F.);
#1414 = EDGE_CURVE('',#235,#1415,#1417,.T.);
#1415 = VERTEX_POINT('',#1416);
#1416 = CARTESIAN_POINT('',(495.98956179613,127.02386244098,
    18.024625840351));
#1417 = SURFACE_CURVE('',#1418,(#1422,#1429),.PCURVE_S1.);
#1418 = LINE('',#1419,#1420);
#1419 = CARTESIAN_POINT('',(495.93849712375,129.5063011935,
    20.250726707037));
#1420 = VECTOR('',#1421,1.);
#1421 = DIRECTION('',(1.531284053799E-02,-0.744412663144,-0.66754423364)
  );
#1422 = PCURVE('',#278,#1423);
#1423 = DEFINITIONAL_REPRESENTATION('',(#1424),#1428);
#1424 = LINE('',#1425,#1426);
#1425 = CARTESIAN_POINT('',(2.775373799469,-2.487533939472));
#1426 = VECTOR('',#1427,1.);
#1427 = DIRECTION('',(-0.667719841513,-0.744412663279));
#1428 = ( GEOMETRIC_REPRESENTATION_CONTEXT(2) 
PARAMETRIC_REPRESENTATION_CONTEXT() REPRESENTATION_CONTEXT('2D SPACE',''
  ) );
#1429 = PCURVE('',#1430,#1843);
#1430 = B_SPLINE_SURFACE_WITH_KNOTS('',3,3,(
    (#1431,#1432,#1433,#1434,#1435,#1436,#1437,#1438,#1439,#1440,#1441
      ,#1442,#1443,#1444,#1445,#1446,#1447,#1448,#1449,#1450,#1451,#1452
      ,#1453,#1454,#1455,#1456,#1457,#1458,#1459,#1460,#1461,#1462,#1463
      ,#1464,#1465,#1466,#1467,#1468,#1469,#1470,#1471,#1472,#1473,#1474
      ,#1475,#1476,#1477,#1478,#1479,#1480,#1481,#1482,#1483,#1484,#1485
      ,#1486,#1487,#1488,#1489,#1490,#1491,#1492,#1493,#1494,#1495,#1496
      ,#1497,#1498,#1499,#1500,#1501,#1502,#1503,#1504,#1505,#1506,#1507
      ,#1508,#1509,#1510,#1511,#1512,#1513,#1514,#1515,#1516,#1517,#1518
      ,#1519,#1520,#1521,#1522,#1523,#1524,#1525,#1526,#1527,#1528,#1529
      ,#1530,#1531,#1532,#1533)
    ,(#1534,#1535,#1536,#1537,#1538,#1539,#1540,#1541,#1542,#1543,#1544
      ,#1545,#1546,#1547,#1548,#1549,#1550,#1551,#1552,#1553,#1554,#1555
      ,#1556,#1557,#1558,#1559,#1560,#1561,#1562,#1563,#1564,#1565,#1566
      ,#1567,#1568,#1569,#1570,#1571,#1572,#1573,#1574,#1575,#1576,#1577
      ,#1578,#1579,#1580,#1581,#1582,#1583,#1584,#1585,#1586,#1587,#1588
      ,#1589,#1590,#1591,#1592,#1593,#1594,#1595,#1596,#1597,#1598,#1599
      ,#1600,#1601,#1602,#1603,#1604,#1605,#1606,#1607,#1608,#1609,#1610
      ,#1611,#1612,#1613,#1614,#1615,#1616,#1617,#1618,#1619,#1620,#1621
      ,#1622,#1623,#1624,#1625,#1626,#1627,#1628,#1629,#1630,#1631,#1632
      ,#1633,#1634,#1635,#1636)
    ,(#1637,#1638,#1639,#1640,#1641,#1642,#1643,#1644,#1645,#1646,#1647
      ,#1648,#1649,#1650,#1651,#1652,#1653,#1654,#1655,#1656,#1657,#1658
      ,#1659,#1660,#1661,#1662,#1663,#1664,#1665,#1666,#1667,#1668,#1669
      ,#1670,#1671,#1672,#1673,#1674,#1675,#1676,#1677,#1678,#1679,#1680
      ,#1681,#1682,#1683,#1684,#1685,#1686,#1687,#1688,#1689,#1690,#1691
      ,#1692,#1693,#1694,#1695,#1696,#1697,#1698,#1699,#1700,#1701,#1702
      ,#1703,#1704,#1705,#1706,#1707,#1708,#1709,#1710,#1711,#1712,#1713
      ,#1714,#1715,#1716,#1717,#1718,#1719,#1720,#1721,#1722,#1723,#1724
      ,#1725,#1726,#1727,#1728,#1729,#1730,#1731,#1732,#1733,#1734,#1735
      ,#1736,#1737,#1738,#1739)
    ,(#1740,#1741,#1742,#1743,#1744,#1745,#1746,#1747,#1748,#1749,#1750
      ,#1751,#1752,#1753,#1754,#1755,#1756,#1757,#1758,#1759,#1760,#1761
      ,#1762,#1763,#1764,#1765,#1766,#1767,#1768,#1769,#1770,#1771,#1772
      ,#1773,#1774,#1775,#1776,#1777,#1778,#1779,#1780,#1781,#1782,#1783
      ,#1784,#1785,#1786,#1787,#1788,#1789,#1790,#1791,#1792,#1793,#1794
      ,#1795,#1796,#1797,#1798,#1799,#1800,#1801,#1802,#1803,#1804,#1805
      ,#1806,#1807,#1808,#1809,#1810,#1811,#1812,#1813,#1814,#1815,#1816
      ,#1817,#1818,#1819,#1820,#1821,#1822,#1823,#1824,#1825,#1826,#1827
      ,#1828,#1829,#1830,#1831,#1832,#1833,#1834,#1835,#1836,#1837,#1838
      ,#1839,#1840,#1841,#1842
    )),.UNSPECIFIED.,.F.,.F.,.F.,(4,4),(4,2,2,1,2,2,1,2,1,2,1,2,2,2,2,1,
    3,1,1,1,2,2,2,1,2,1,2,1,2,1,2,1,2,1,2,1,2,1,2,1,2,1,1,2,1,2,1,2,1,2,
    1,2,1,2,1,2,1,2,1,2,1,2,1,2,1,4),(0.,1.),(-1.000839123355,
    -0.99427127817,-0.909890304898,-0.884156940485,-0.838772741153,
    -0.806680940013,-0.802165786635,-0.776428048757,-0.734430067002,
    -0.72050261394,-0.675974998433,-0.669573852626,-0.645676789889,
    -0.639849593794,-0.634079018356,-0.624180533237,-0.622701252542,
    -0.600265239174,-0.594467094286,-0.588737618224,-0.582264691748,
    -0.577475752269,-0.544364347053,-0.537798747295,-0.508664082665,
    -0.501050763251,-0.474947311136,-0.466775714744,-0.442620114241,
    -0.434672772305,-0.411307889174,-0.404111657811,-0.38096536962,
    -0.374694760668,-0.351518757454,-0.346347088909,-0.322923209374,
    -0.318973338342,-0.295128058242,-0.292510308027,-0.268093144449,
    -0.266893322041,-0.242070574373,-0.241779257512,-0.217993655467,
    -0.216151995868,-0.194620621344,-0.191179008362,-0.171913081811,
    -0.166830767175,-0.149836607847,-0.143079630733,-0.128359638838,
    -0.119899931355,-0.107453370574,-9.726750222849E-02,
    -8.709117185649E-02,-7.515975308085E-02,-6.724852608032E-02,
    -5.355514009655E-02,-4.790245068516E-02,-3.243366328926E-02,
    -2.903185745912E-02,-1.177562627375E-02,-1.061637193795E-02,
    -1.373199909234E-04),.UNSPECIFIED.);
#1431 = CARTESIAN_POINT('',(495.88743245136,131.98873994601,
    22.476827573737));
#1432 = CARTESIAN_POINT('',(496.2618457705,131.99063971558,
    22.474671148304));
#1433 = CARTESIAN_POINT('',(496.63890538615,131.99255291229,
    22.472499635442));
#1434 = CARTESIAN_POINT('',(501.89659867069,132.01923039324,
    22.442222472102));
#1435 = CARTESIAN_POINT('',(507.20761761288,132.04617842447,
    22.411664328475));
#1436 = CARTESIAN_POINT('',(514.63983142512,132.08388931585,
    22.368958050065));
#1437 = CARTESIAN_POINT('',(519.53872091391,132.10874616517,
    22.340819034423));
#1438 = CARTESIAN_POINT('',(524.70005101895,132.13493460184,
    22.311205950459));
#1439 = CARTESIAN_POINT('',(530.49235977723,132.16432457957,
    22.278001458536));
#1440 = CARTESIAN_POINT('',(532.94127821453,132.17675030106,
    22.263971207391));
#1441 = CARTESIAN_POINT('',(535.7883281786,132.19119611725,
    22.247670996343));
#1442 = CARTESIAN_POINT('',(538.14743065919,132.20316610654,
    22.234165688466));
#1443 = CARTESIAN_POINT('',(540.54794159984,132.21534619289,
    22.220431929657));
#1444 = CARTESIAN_POINT('',(545.99788437217,132.24299894479,
    22.189270338571));
#1445 = CARTESIAN_POINT('',(550.59895010981,132.26634451259,
    22.162987003075));
#1446 = CARTESIAN_POINT('',(555.32434956915,132.29032090719,
    22.136033331981));
#1447 = CARTESIAN_POINT('',(560.29493458653,132.31554134885,
    22.107692006608));
#1448 = CARTESIAN_POINT('',(564.71312753553,132.33795896015,
    22.082530322748));
#1449 = CARTESIAN_POINT('',(569.22213980722,132.3608373445,
    22.056893570553));
#1450 = CARTESIAN_POINT('',(571.9113024203,132.3744819476,22.04160707912
    ));
#1451 = CARTESIAN_POINT('',(574.05202144006,132.38534378187,
    22.0294475733));
#1452 = CARTESIAN_POINT('',(576.7378730001,132.3989715627,22.01420455612
    ));
#1453 = CARTESIAN_POINT('',(577.2655175421,132.40164878537,
    22.011210625765));
#1454 = CARTESIAN_POINT('',(578.3178479706,132.40698821756,
    22.005240872288));
#1455 = CARTESIAN_POINT('',(578.84251321209,132.40965032234,
    22.002265153939));
#1456 = CARTESIAN_POINT('',(580.27001630827,132.41689334473,
    21.994170389717));
#1457 = CARTESIAN_POINT('',(581.31012804668,132.42217077647,
    21.988274259888));
#1458 = CARTESIAN_POINT('',(582.35422757769,132.42746843911,
    21.982358625003));
#1459 = CARTESIAN_POINT('',(582.49004336819,132.42815755558,
    21.981589177836));
#1460 = CARTESIAN_POINT('',(584.54994536727,132.43860930348,
    21.969919063827));
#1461 = CARTESIAN_POINT('',(587.16163269353,132.45186074763,
    21.955134290778));
#1462 = CARTESIAN_POINT('',(590.33099291367,132.46794175031,
    21.937213342265));
#1463 = CARTESIAN_POINT('',(592.01663160478,132.47649450072,
    21.927686694432));
#1464 = CARTESIAN_POINT('',(593.16347082608,132.48231343708,
    21.921208665685));
#1465 = CARTESIAN_POINT('',(594.22391264132,132.48769400085,
    21.915220464548));
#1466 = CARTESIAN_POINT('',(594.67547845785,132.48998519505,
    21.912671087322));
#1467 = CARTESIAN_POINT('',(598.25414058405,132.50814292036,
    21.892471766775));
#1468 = CARTESIAN_POINT('',(601.41025377406,132.52415665575,
    21.874684720569));
#1469 = CARTESIAN_POINT('',(605.22417452352,132.54350799618,
    21.853224464696));
#1470 = CARTESIAN_POINT('',(608.66154034487,132.56094874017,
    21.833889050345));
#1471 = CARTESIAN_POINT('',(612.12925467023,132.57854343711,
    21.814417711687));
#1472 = CARTESIAN_POINT('',(615.72170337952,132.59677098439,
    21.794284157306));
#1473 = CARTESIAN_POINT('',(619.02333230974,132.6135229474,
    21.775789589669));
#1474 = CARTESIAN_POINT('',(622.34865646247,132.63039510216,
    21.757200183795));
#1475 = CARTESIAN_POINT('',(625.74579695083,132.64763162177,
    21.738230997399));
#1476 = CARTESIAN_POINT('',(628.95482447812,132.66391368214,
    21.720318538218));
#1477 = CARTESIAN_POINT('',(632.18272885362,132.68029149937,
    21.702324046205));
#1478 = CARTESIAN_POINT('',(635.40073022427,132.69661905848,
    21.684398070604));
#1479 = CARTESIAN_POINT('',(638.54347610932,132.71256478098,
    21.666895560109));
#1480 = CARTESIAN_POINT('',(641.7013742548,132.72858736684,
    21.649326906588));
#1481 = CARTESIAN_POINT('',(644.79320441132,132.74427472116,
    21.632142321359));
#1482 = CARTESIAN_POINT('',(647.86588119901,132.75986489041,
    21.615069225289));
#1483 = CARTESIAN_POINT('',(650.95050844061,132.77551567471,
    21.59795104124));
#1484 = CARTESIAN_POINT('',(653.94859736437,132.79072736641,
    21.581329078077));
#1485 = CARTESIAN_POINT('',(656.95176478758,132.80596482149,
    21.564683280507));
#1486 = CARTESIAN_POINT('',(659.96411836255,132.8212488663,
    21.548007512662));
#1487 = CARTESIAN_POINT('',(662.86977761506,132.8359915507,
    21.531940102951));
#1488 = CARTESIAN_POINT('',(665.80213342149,132.85086968403,
    21.515729051267));
#1489 = CARTESIAN_POINT('',(668.74127384952,132.86578222089,
    21.499502819269));
#1490 = CARTESIAN_POINT('',(671.55893680063,132.88007839157,
    21.48396586668));
#1491 = CARTESIAN_POINT('',(674.42067819615,132.89459820322,
    21.46818904631));
#1492 = CARTESIAN_POINT('',(677.28711508514,132.90914181816,
    21.452409104094));
#1493 = CARTESIAN_POINT('',(680.0187895862,132.92300166265,
    21.437391355947));
#1494 = CARTESIAN_POINT('',(682.80979072136,132.93716251384,
    21.422049728566));
#1495 = CARTESIAN_POINT('',(685.6036663864,132.95133792828,
    21.406716014178));
#1496 = CARTESIAN_POINT('',(688.25223086386,132.96477605092,
    21.392201748421));
#1497 = CARTESIAN_POINT('',(690.94279005839,132.97842724277,
    21.377458444061));
#1498 = CARTESIAN_POINT('',(693.66474054078,132.99223768404,
    21.362567229199));
#1499 = CARTESIAN_POINT('',(696.26248121238,133.00541789646,
    21.348379725312));
#1500 = CARTESIAN_POINT('',(698.75294068431,133.01805379371,
    21.334778404709));
#1501 = CARTESIAN_POINT('',(701.40365455523,133.03150275601,
    21.320325273576));
#1502 = CARTESIAN_POINT('',(704.05298435231,133.0449446713,
    21.305906962231));
#1503 = CARTESIAN_POINT('',(706.46917641976,133.05720371313,
    21.292759243598));
#1504 = CARTESIAN_POINT('',(709.04955045018,133.07029574525,
    21.278740601909));
#1505 = CARTESIAN_POINT('',(711.62742852422,133.08337508835,
    21.264763550314));
#1506 = CARTESIAN_POINT('',(713.97111739826,133.09526622585,
    21.252059809622));
#1507 = CARTESIAN_POINT('',(716.4821379528,133.10800633221,
    21.238470407236));
#1508 = CARTESIAN_POINT('',(718.98969461784,133.12072883796,
    21.224928507465));
#1509 = CARTESIAN_POINT('',(721.26258659228,133.13226072838,
    21.212659438023));
#1510 = CARTESIAN_POINT('',(723.70536937076,133.14465456969,
    21.199493228658));
#1511 = CARTESIAN_POINT('',(726.14384649742,133.15702653899,
    21.186379708509));
#1512 = CARTESIAN_POINT('',(728.34765272192,133.16820786424,
    21.174535952253));
#1513 = CARTESIAN_POINT('',(730.72338923467,133.18026148585,
    21.161786464305));
#1514 = CARTESIAN_POINT('',(733.09408933639,133.19228952731,
    21.149094188647));
#1515 = CARTESIAN_POINT('',(735.2304955286,133.20312884029,
    21.137666499997));
#1516 = CARTESIAN_POINT('',(737.54046393002,133.21484872724,
    21.125326717772));
#1517 = CARTESIAN_POINT('',(739.84476277936,133.2265398212,
    21.113048105166));
#1518 = CARTESIAN_POINT('',(741.91545340161,133.23704566844,
    21.102027230622));
#1519 = CARTESIAN_POINT('',(744.16097816937,133.24843854079,
    21.090089886784));
#1520 = CARTESIAN_POINT('',(746.40028645149,133.25979984477,
    21.078217140255));
#1521 = CARTESIAN_POINT('',(748.40692070807,133.26998064472,
    21.067593909792));
#1522 = CARTESIAN_POINT('',(750.58939874718,133.28105359009,
    21.056051239291));
#1523 = CARTESIAN_POINT('',(752.7651891124,133.29209257605,
    21.04457615086));
#1524 = CARTESIAN_POINT('',(754.70943352134,133.30195678423,
    21.034341369798));
#1525 = CARTESIAN_POINT('',(756.83025929117,133.3127168778,
    21.023185681896));
#1526 = CARTESIAN_POINT('',(758.94399360338,133.32344096293,
    21.012100153604));
#1527 = CARTESIAN_POINT('',(760.82746433044,133.33299677953,
    21.002244778212));
#1528 = CARTESIAN_POINT('',(762.8881342599,133.34345161399,
    20.991467635285));
#1529 = CARTESIAN_POINT('',(764.94136735866,133.35386868744,
    20.980762811508));
#1530 = CARTESIAN_POINT('',(766.76572756711,133.36312455095,
    20.971277670009));
#1531 = CARTESIAN_POINT('',(767.91844145159,133.36897282613,
    20.965285650853));
#1532 = CARTESIAN_POINT('',(769.0685928572,133.37480809039,
    20.959318284122));
#1533 = CARTESIAN_POINT('',(770.10201067274,133.3800511012,
    20.953966005837));
#1534 = CARTESIAN_POINT('',(495.88728425097,130.33360711331,
    20.992955639116));
#1535 = CARTESIAN_POINT('',(496.26169800883,130.33550753489,
    20.990805100884));
#1536 = CARTESIAN_POINT('',(496.63875806769,130.33742138565,
    20.988639493088));
#1537 = CARTESIAN_POINT('',(501.89645755693,130.36410794561,
    20.958444292764));
#1538 = CARTESIAN_POINT('',(507.20748305011,130.39106469082,
    20.92796473602));
#1539 = CARTESIAN_POINT('',(514.63970663346,130.42878683857,
    20.885359838539));
#1540 = CARTESIAN_POINT('',(519.53860268499,130.45365093376,
    20.857286056452));
#1541 = CARTESIAN_POINT('',(524.69994008744,130.4798464615,
    20.827736732396));
#1542 = CARTESIAN_POINT('',(530.49225736233,130.50924394133,
    20.79459963342));
#1543 = CARTESIAN_POINT('',(532.94117949974,130.52167270489,
    20.780596690666));
#1544 = CARTESIAN_POINT('',(535.78823389707,130.53612188689,
    20.764326670202));
#1545 = CARTESIAN_POINT('',(538.14734006662,130.54809464551,
    20.750846199778));
#1546 = CARTESIAN_POINT('',(540.5478548659,130.56027741655,
    20.737136499531));
#1547 = CARTESIAN_POINT('',(545.99780662342,130.58793598028,
    20.706026949982));
#1548 = CARTESIAN_POINT('',(550.59888025931,130.61128607915,
    20.679784129907));
#1549 = CARTESIAN_POINT('',(555.32428833196,130.63526652901,
    20.652866629458));
#1550 = CARTESIAN_POINT('',(560.29488254624,130.6604910744,
    20.624561879873));
#1551 = CARTESIAN_POINT('',(564.71308407859,130.68291188736,
    20.599428651814));
#1552 = CARTESIAN_POINT('',(569.22210567577,130.70579292164,
    20.57381533342));
#1553 = CARTESIAN_POINT('',(571.91127389356,130.71943905838,
    20.558542393276));
#1554 = CARTESIAN_POINT('',(574.05199749126,130.73030197673,
    20.546392433692));
#1555 = CARTESIAN_POINT('',(576.73785495532,130.74393093277,
    20.531159716348));
#1556 = CARTESIAN_POINT('',(577.26550069826,130.74660837774,
    20.528167729912));
#1557 = CARTESIAN_POINT('',(578.31783360596,130.75194823319,
    20.522201667689));
#1558 = CARTESIAN_POINT('',(578.84249999929,130.75461053849,
    20.519227699233));
#1559 = CARTESIAN_POINT('',(580.27000599596,130.76185408709,
    20.51113753335));
#1560 = CARTESIAN_POINT('',(581.31012024885,130.76713188201,
    20.505244550755));
#1561 = CARTESIAN_POINT('',(582.35422278706,130.77242985532,
    20.499331563907));
#1562 = CARTESIAN_POINT('',(582.49003897703,130.7731190112,
    20.498562451688));
#1563 = CARTESIAN_POINT('',(584.54994535795,130.78357134816,
    20.486897426654));
#1564 = CARTESIAN_POINT('',(587.16163865983,130.79682340364,
    20.472117861215));
#1565 = CARTESIAN_POINT('',(590.33100682893,130.81290485783,
    20.454200576955));
#1566 = CARTESIAN_POINT('',(592.01664990187,130.82145778484,
    20.444675296969));
#1567 = CARTESIAN_POINT('',(593.16349221717,130.82727678414,
    20.438197676835));
#1568 = CARTESIAN_POINT('',(594.22393695044,130.83265738146,
    20.432209628296));
#1569 = CARTESIAN_POINT('',(594.67550400913,130.83494858197,
    20.429660244105));
#1570 = CARTESIAN_POINT('',(598.25417597629,130.85310630888,
    20.409460432042));
#1571 = CARTESIAN_POINT('',(601.41029782011,130.86911959629,
    20.391668899882));
#1572 = CARTESIAN_POINT('',(605.22422898596,130.88846998406,
    20.370199514203));
#1573 = CARTESIAN_POINT('',(608.66160446564,130.90590979778,
    20.350855210731));
#1574 = CARTESIAN_POINT('',(612.12933003444,130.92350313403,
    20.331371018117));
#1575 = CARTESIAN_POINT('',(615.72179184332,130.94172863968,
    20.311218368152));
#1576 = CARTESIAN_POINT('',(619.02343238032,130.95847857065,
    20.29270486776));
#1577 = CARTESIAN_POINT('',(622.34876616648,130.9753480909,
    20.274091190187));
#1578 = CARTESIAN_POINT('',(625.74591472057,130.99258190424,
    20.255097160589));
#1579 = CARTESIAN_POINT('',(628.95494957706,131.00886140904,
    20.237161255399));
#1580 = CARTESIAN_POINT('',(632.18286013846,131.0252367821,
    20.21914437729));
#1581 = CARTESIAN_POINT('',(635.40086680769,131.04156203422,
    20.201197297152));
#1582 = CARTESIAN_POINT('',(638.54361808836,131.05750554471,
    20.183674533914));
#1583 = CARTESIAN_POINT('',(641.70152251535,131.07352596768,
    20.1660860226));
#1584 = CARTESIAN_POINT('',(644.79335944647,131.08921106463,
    20.148880698241));
#1585 = CARTESIAN_POINT('',(647.86604296331,131.10479894667,
    20.131786594971));
#1586 = CARTESIAN_POINT('',(650.95067694695,131.12044721948,
    20.114645373086));
#1587 = CARTESIAN_POINT('',(653.94877242804,131.13565638055,
    20.098000204983));
#1588 = CARTESIAN_POINT('',(656.95194651492,131.15089127714,
    20.081330944488));
#1589 = CARTESIAN_POINT('',(659.96430722444,131.16617264863,
    20.064630647039));
#1590 = CARTESIAN_POINT('',(662.86997370901,131.18091262135,
    20.048538351822));
#1591 = CARTESIAN_POINT('',(665.80233685725,131.19578798797,
    20.032301910532));
#1592 = CARTESIAN_POINT('',(668.74148488651,131.21069757819,
    20.016048643531));
#1593 = CARTESIAN_POINT('',(671.55915532831,131.22499080002,
    20.000484636243));
#1594 = CARTESIAN_POINT('',(674.42090438572,131.23950759566,
    19.984680144139));
#1595 = CARTESIAN_POINT('',(677.28734933174,131.25404803987,
    19.968871104146));
#1596 = CARTESIAN_POINT('',(680.01903183744,131.26790471582,
    19.953824274194));
#1597 = CARTESIAN_POINT('',(682.8100411841,131.2820623132,
    19.938452782197));
#1598 = CARTESIAN_POINT('',(685.60392541164,131.29623429788,
    19.923087585587));
#1599 = CARTESIAN_POINT('',(688.25249831629,131.30966901613,
    19.908542066154));
#1600 = CARTESIAN_POINT('',(690.94306608956,131.32331674203,
    19.893766942684));
#1601 = CARTESIAN_POINT('',(693.66502564398,131.33712350903,
    19.878841989036));
#1602 = CARTESIAN_POINT('',(696.26277535518,131.35030004233,
    19.864620694307));
#1603 = CARTESIAN_POINT('',(698.75324349768,131.36293241053,
    19.850986960954));
#1604 = CARTESIAN_POINT('',(701.40396697201,131.37637744981,
    19.836497791595));
#1605 = CARTESIAN_POINT('',(704.05330679339,131.38981525234,
    19.822041689067));
#1606 = CARTESIAN_POINT('',(706.4695080311,131.40207053073,
    19.808859388523));
#1607 = CARTESIAN_POINT('',(709.04989223303,131.41515838604,
    19.794802357066));
#1608 = CARTESIAN_POINT('',(711.62778092866,131.42823335942,
    19.780785130056));
#1609 = CARTESIAN_POINT('',(713.97147951753,131.4401204993,
    19.768044633551));
#1610 = CARTESIAN_POINT('',(716.48251084379,131.45285617318,
    19.754414466922));
#1611 = CARTESIAN_POINT('',(718.99007874519,131.46557405293,
    19.740830008365));
#1612 = CARTESIAN_POINT('',(721.26298099641,131.47710171205,
    19.728522008493));
#1613 = CARTESIAN_POINT('',(723.70577517053,131.48949086822,
    19.715312681959));
#1614 = CARTESIAN_POINT('',(726.14426418218,131.50185795803,
    19.702154238586));
#1615 = CARTESIAN_POINT('',(728.3480812812,131.51303482046,
    19.690269390473));
#1616 = CARTESIAN_POINT('',(730.72382984269,131.52508350657,
    19.677474446956));
#1617 = CARTESIAN_POINT('',(733.09454249844,131.53710641897,
    19.664734913201));
#1618 = CARTESIAN_POINT('',(735.23096018243,131.54794104142,
    19.653264000022));
#1619 = CARTESIAN_POINT('',(737.54094131077,131.55965574783,
    19.640876466066));
#1620 = CARTESIAN_POINT('',(739.8452534202,131.5713414684,
    19.628548301016));
#1621 = CARTESIAN_POINT('',(741.91595619262,131.58184240196,
    19.617482103543));
#1622 = CARTESIAN_POINT('',(744.16149439647,131.59322985342,
    19.60549474766));
#1623 = CARTESIAN_POINT('',(746.40081665614,131.60458554633,
    19.593570209267));
#1624 = CARTESIAN_POINT('',(748.40746372663,131.61476121661,
    19.582899617242));
#1625 = CARTESIAN_POINT('',(750.58995592852,131.62582850944,
    19.571304747247));
#1626 = CARTESIAN_POINT('',(752.76576104184,131.63686165447,
    19.559775690729));
#1627 = CARTESIAN_POINT('',(754.71001899855,131.64672052346,
    19.549491559329));
#1628 = CARTESIAN_POINT('',(756.83085970834,131.65747473879,
    19.538281531067));
#1629 = CARTESIAN_POINT('',(758.94460952315,131.66819276185,
    19.527139933155));
#1630 = CARTESIAN_POINT('',(760.82809448025,131.67774304071,
    19.517233316215));
#1631 = CARTESIAN_POINT('',(762.8887800964,131.68819178375,
    19.506399802329));
#1632 = CARTESIAN_POINT('',(764.94202954661,131.69860258548,
    19.495636902207));
#1633 = CARTESIAN_POINT('',(766.76640484486,131.70785272059,
    19.486098685108));
#1634 = CARTESIAN_POINT('',(767.91912828338,131.71369736966,
    19.480073067842));
#1635 = CARTESIAN_POINT('',(769.06928941898,131.71952894929,
    19.474071550246));
#1636 = CARTESIAN_POINT('',(770.10271614079,131.72476859516,
    19.468688074983));
#1637 = CARTESIAN_POINT('',(495.88713605058,128.6784742806,
    19.509083704495));
#1638 = CARTESIAN_POINT('',(496.26155024702,128.68037535433,
    19.506939054518));
#1639 = CARTESIAN_POINT('',(496.63861074938,128.68228985888,
    19.504779349523));
#1640 = CARTESIAN_POINT('',(501.89631644124,128.70898549985,
    19.474666129568));
#1641 = CARTESIAN_POINT('',(507.20734848605,128.73595095835,
    19.444265153704));
#1642 = CARTESIAN_POINT('',(514.63958184207,128.77368436104,
    19.40176162491));
#1643 = CARTESIAN_POINT('',(519.5384844558,128.79855570261,
    19.373753080749));
#1644 = CARTESIAN_POINT('',(524.69982915585,128.82475832122,
    19.344267514831));
#1645 = CARTESIAN_POINT('',(530.49215494752,128.85416330302,
    19.311197807799));
#1646 = CARTESIAN_POINT('',(532.9410807848,128.86659510883,
    19.297222174973));
#1647 = CARTESIAN_POINT('',(535.78813961559,128.88104765649,
    19.280982343731));
#1648 = CARTESIAN_POINT('',(538.1472494739,128.89302318459,
    19.267526712022));
#1649 = CARTESIAN_POINT('',(540.54776813209,128.90520864011,
    19.253841068596));
#1650 = CARTESIAN_POINT('',(545.99772887444,128.93287301593,
    19.222783562823));
#1651 = CARTESIAN_POINT('',(550.59881040858,128.95622764587,
    19.196581258181));
#1652 = CARTESIAN_POINT('',(555.32422709486,128.98021215074,
    19.169699926177));
#1653 = CARTESIAN_POINT('',(560.29483050547,129.00544080032,
    19.141431756467));
#1654 = CARTESIAN_POINT('',(564.71304062124,129.02786481487,
    19.11632698365));
#1655 = CARTESIAN_POINT('',(569.22207154437,129.05074849873,
    19.090737095847));
#1656 = CARTESIAN_POINT('',(571.91124536667,129.06439616925,
    19.075477708194));
#1657 = CARTESIAN_POINT('',(574.0519735425,129.07526017154,
    19.06333729368));
#1658 = CARTESIAN_POINT('',(576.73783691051,129.08889030286,
    19.048114876724));
#1659 = CARTESIAN_POINT('',(577.26548385446,129.09156797011,
    19.045124834011));
#1660 = CARTESIAN_POINT('',(578.3178192412,129.09690824884,
    19.039162463247));
#1661 = CARTESIAN_POINT('',(578.84248678659,129.09957075462,
    19.036190244301));
#1662 = CARTESIAN_POINT('',(580.26999568333,129.10681482952,
    19.028104677564));
#1663 = CARTESIAN_POINT('',(581.31011245053,129.11209298765,
    19.022214842421));
#1664 = CARTESIAN_POINT('',(582.35421799654,129.11739127151,
    19.016304502618));
#1665 = CARTESIAN_POINT('',(582.49003458588,129.11808046681,
    19.015535725539));
#1666 = CARTESIAN_POINT('',(584.54994534805,129.12853339337,
    19.003875794306));
#1667 = CARTESIAN_POINT('',(587.16164462608,129.14178605972,
    18.9891014322));
#1668 = CARTESIAN_POINT('',(590.33102074421,129.15786796539,
    18.971187811927));
#1669 = CARTESIAN_POINT('',(592.01666819892,129.16642106904,
    18.961663900117));
#1670 = CARTESIAN_POINT('',(593.16351360827,129.17224013127,
    18.955186688662));
#1671 = CARTESIAN_POINT('',(594.22396125955,129.17762076204,
    18.949198791773));
#1672 = CARTESIAN_POINT('',(594.67552956039,129.17991196922,
    18.946649403902));
#1673 = CARTESIAN_POINT('',(598.2542113687,129.19806969529,
    18.926449078243));
#1674 = CARTESIAN_POINT('',(601.41034186577,129.21408253604,
    18.908653072068));
#1675 = CARTESIAN_POINT('',(605.22428344861,129.23343197188,
    18.887174563148));
#1676 = CARTESIAN_POINT('',(608.66166858589,129.25087085679,18.867821384
    ));
#1677 = CARTESIAN_POINT('',(612.12940539424,129.2684628332,
    18.848324345263));
#1678 = CARTESIAN_POINT('',(615.72188030835,129.28668629495,
    18.828152578855));
#1679 = CARTESIAN_POINT('',(619.02353244792,129.30343419349,
    18.809620142188));
#1680 = CARTESIAN_POINT('',(622.34887586239,129.32030107623,
    18.790982165936));
#1681 = CARTESIAN_POINT('',(625.74603249225,129.33753218737,
    18.771963329615));
#1682 = CARTESIAN_POINT('',(628.95507467337,129.35380913508,
    18.754003964827));
#1683 = CARTESIAN_POINT('',(632.18299142235,129.3701820668,
    18.735964726211));
#1684 = CARTESIAN_POINT('',(635.40100339163,129.38650500953,
    18.717996519757));
#1685 = CARTESIAN_POINT('',(638.54376006723,129.40244630916,
    18.700453514288));
#1686 = CARTESIAN_POINT('',(641.70167077587,129.41846456864,
    18.68284513969));
#1687 = CARTESIAN_POINT('',(644.79351448189,129.43414740808,
    18.66561907489));
#1688 = CARTESIAN_POINT('',(647.86620472774,129.44973300292,
    18.648503964533));
#1689 = CARTESIAN_POINT('',(650.95084545339,129.46537876406,
    18.631339703178));
#1690 = CARTESIAN_POINT('',(653.94894749192,129.4805853947,
    18.614671332084));
#1691 = CARTESIAN_POINT('',(656.95212824241,129.49581773277,
    18.597978608147));
#1692 = CARTESIAN_POINT('',(659.96449608642,129.51109643104,
    18.581253782167));
#1693 = CARTESIAN_POINT('',(662.8701698031,129.525833692,18.565136600609
    ));
#1694 = CARTESIAN_POINT('',(665.80254029313,129.5407062919,
    18.548874769743));
#1695 = CARTESIAN_POINT('',(668.74169592359,129.55561293541,
    18.532594467032));
#1696 = CARTESIAN_POINT('',(671.55937385612,129.56990320848,
    18.517003405865));
#1697 = CARTESIAN_POINT('',(674.42113057538,129.58441698808,
    18.501171241797));
#1698 = CARTESIAN_POINT('',(677.28758357839,129.59895426158,
    18.485333104162));
#1699 = CARTESIAN_POINT('',(680.01927408877,129.612807769,
    18.470257192464));
#1700 = CARTESIAN_POINT('',(682.8102916469,129.62696211253,
    18.45485583549));
#1701 = CARTESIAN_POINT('',(685.60418443692,129.64113066744,
    18.439459156506));
#1702 = CARTESIAN_POINT('',(688.25276576879,129.65456198134,
    18.424882383893));
#1703 = CARTESIAN_POINT('',(690.94334212076,129.66820624126,
    18.410075440959));
#1704 = CARTESIAN_POINT('',(693.66531074719,129.68200933399,
    18.39511674851));
#1705 = CARTESIAN_POINT('',(696.26306949804,129.69518218821,
    18.380861663295));
#1706 = CARTESIAN_POINT('',(698.75354631106,129.70781102729,
    18.367195516782));
#1707 = CARTESIAN_POINT('',(701.40427938879,129.72125214356,
    18.352670309235));
#1708 = CARTESIAN_POINT('',(704.05362923451,129.73468583338,
    18.338176415946));
#1709 = CARTESIAN_POINT('',(706.46983964244,129.7469373483,
    18.324959533147));
#1710 = CARTESIAN_POINT('',(709.05023401589,129.76002102681,
    18.310864112036));
#1711 = CARTESIAN_POINT('',(711.62813333314,129.77309163049,
    18.296806709866));
#1712 = CARTESIAN_POINT('',(713.97184163681,129.78497477272,
    18.284029457233));
#1713 = CARTESIAN_POINT('',(716.48288373479,129.79770601414,
    18.270358526523));
#1714 = CARTESIAN_POINT('',(718.99046287257,129.8104192679,
    18.256731509329));
#1715 = CARTESIAN_POINT('',(721.26337540054,129.8219426957,
    18.244384578797));
#1716 = CARTESIAN_POINT('',(723.70618097031,129.83432716674,
    18.231132135234));
#1717 = CARTESIAN_POINT('',(726.14468186696,129.84668937708,
    18.217928768703));
#1718 = CARTESIAN_POINT('',(728.34850984049,129.85786177667,
    18.206002828581));
#1719 = CARTESIAN_POINT('',(730.72427045072,129.86990552728,
    18.193162429598));
#1720 = CARTESIAN_POINT('',(733.0949956605,129.88192331064,
    18.180375637756));
#1721 = CARTESIAN_POINT('',(735.23142483627,129.89275324254,
    18.168861499978));
#1722 = CARTESIAN_POINT('',(737.54141869153,129.90446276843,
    18.156426214351));
#1723 = CARTESIAN_POINT('',(739.84574406105,129.91614311559,
    18.144048496829));
#1724 = CARTESIAN_POINT('',(741.91645898365,129.92663913547,
    18.132936976432));
#1725 = CARTESIAN_POINT('',(744.16201062359,129.93802116605,
    18.12089960853));
#1726 = CARTESIAN_POINT('',(746.4013468608,129.94937124788,18.1089232782
    ));
#1727 = CARTESIAN_POINT('',(748.4080067452,129.95954178851,
    18.098205324699));
#1728 = CARTESIAN_POINT('',(750.59051310986,129.97060342878,
    18.086558255197));
#1729 = CARTESIAN_POINT('',(752.76633297126,129.98163073288,
    18.074975230452));
#1730 = CARTESIAN_POINT('',(754.71060447577,129.99148426269,
    18.064641748905));
#1731 = CARTESIAN_POINT('',(756.83146012553,130.00223259978,
    18.053377380203));
#1732 = CARTESIAN_POINT('',(758.94522544291,130.01294456074,
    18.042179712455));
#1733 = CARTESIAN_POINT('',(760.82872463008,130.02248930191,
    18.032221854285));
#1734 = CARTESIAN_POINT('',(762.88942593288,130.03293195349,
    18.021331969155));
#1735 = CARTESIAN_POINT('',(764.94269173449,130.04333648348,
    18.010510992482));
#1736 = CARTESIAN_POINT('',(766.76708212262,130.05258089022,
    18.000919700224));
#1737 = CARTESIAN_POINT('',(767.91981511516,130.05842191318,
    17.994860484768));
#1738 = CARTESIAN_POINT('',(769.06998598076,130.06424980818,
    17.988824816336));
#1739 = CARTESIAN_POINT('',(770.10342160884,130.06948608912,
    17.983410144129));
#1740 = CARTESIAN_POINT('',(495.88698785019,127.02334144789,
    18.025211769873));
#1741 = CARTESIAN_POINT('',(496.26140248535,127.02524317364,
    18.023073007099));
#1742 = CARTESIAN_POINT('',(496.63846343092,127.02715833225,
    18.020919207169));
#1743 = CARTESIAN_POINT('',(501.89617532749,127.05386305222,
    17.990887950228));
#1744 = CARTESIAN_POINT('',(507.20721392328,127.0808372247,
    17.960565561247));
#1745 = CARTESIAN_POINT('',(514.6394570504,127.11858188376,
    17.918163413383));
#1746 = CARTESIAN_POINT('',(519.53836622689,127.1434604712,
    17.890220102779));
#1747 = CARTESIAN_POINT('',(524.69971822434,127.16967018088,
    17.860798296768));
#1748 = CARTESIAN_POINT('',(530.49205253261,127.19908266478,
    17.827795982683));
#1749 = CARTESIAN_POINT('',(532.94098207001,127.21151751266,
    17.813847658248));
#1750 = CARTESIAN_POINT('',(535.78804533406,127.22597342613,
    17.797638017592));
#1751 = CARTESIAN_POINT('',(538.14715888133,127.23795172356,
    17.784207223333));
#1752 = CARTESIAN_POINT('',(540.54768139815,127.25013986376,
    17.770545638469));
#1753 = CARTESIAN_POINT('',(545.9976511257,127.27781005142,
    17.739540174234));
#1754 = CARTESIAN_POINT('',(550.59874055807,127.30116921243,
    17.713378385013));
#1755 = CARTESIAN_POINT('',(555.32416585767,127.32515777256,
    17.686533223654));
#1756 = CARTESIAN_POINT('',(560.29477846517,127.35039052588,
    17.658301629731));
#1757 = CARTESIAN_POINT('',(564.7129971643,127.37281774208,
    17.633225312718));
#1758 = CARTESIAN_POINT('',(569.22203741292,127.39570407586,
    17.607658858713));
#1759 = CARTESIAN_POINT('',(571.91121683994,127.40935328003,
    17.592413022352));
#1760 = CARTESIAN_POINT('',(574.0519495937,127.42021836639,
    17.580282154073));
#1761 = CARTESIAN_POINT('',(576.73781886573,127.43384967293,
    17.565070036951));
#1762 = CARTESIAN_POINT('',(577.26546701062,127.43652756248,
    17.562081938158));
#1763 = CARTESIAN_POINT('',(578.31780487655,127.44186826447,
    17.556123258649));
#1764 = CARTESIAN_POINT('',(578.84247357379,127.44453097077,
    17.553152789594));
#1765 = CARTESIAN_POINT('',(580.26998537101,127.45177557188,
    17.545071821197));
#1766 = CARTESIAN_POINT('',(581.31010465271,127.45705409319,
    17.539185133287));
#1767 = CARTESIAN_POINT('',(582.3542132059,127.46235268772,
    17.533277441521));
#1768 = CARTESIAN_POINT('',(582.49003019473,127.46304192243,
    17.532508999391));
#1769 = CARTESIAN_POINT('',(584.54994533873,127.47349543806,
    17.520854157134));
#1770 = CARTESIAN_POINT('',(587.16165059238,127.48674871574,
    17.506085002636));
#1771 = CARTESIAN_POINT('',(590.33103465948,127.5028310729,
    17.488175046617));
#1772 = CARTESIAN_POINT('',(592.01668649601,127.51138435317,
    17.478652502653));
#1773 = CARTESIAN_POINT('',(593.16353499936,127.51720347833,
    17.472175699812));
#1774 = CARTESIAN_POINT('',(594.22398556867,127.52258414265,
    17.46618795552));
#1775 = CARTESIAN_POINT('',(594.67555511167,127.52487535613,
    17.463638560685));
#1776 = CARTESIAN_POINT('',(598.25424676094,127.54303308381,
    17.443437743511));
#1777 = CARTESIAN_POINT('',(601.41038591182,127.55904547658,
    17.425637251381));
#1778 = CARTESIAN_POINT('',(605.22433791105,127.57839395976,
    17.404149612656));
#1779 = CARTESIAN_POINT('',(608.66173270666,127.5958319144,
    17.384787544388));
#1780 = CARTESIAN_POINT('',(612.12948075845,127.61342253012,
    17.365277651693));
#1781 = CARTESIAN_POINT('',(615.72196877215,127.63164395024,
    17.345086789701));
#1782 = CARTESIAN_POINT('',(619.02363251849,127.64838981675,
    17.326535420278));
#1783 = CARTESIAN_POINT('',(622.3489855664,127.66525406497,
    17.307873172329));
#1784 = CARTESIAN_POINT('',(625.746150262,127.68248246984,
    17.288829492806));
#1785 = CARTESIAN_POINT('',(628.9551997723,127.69875686198,
    17.270846682009));
#1786 = CARTESIAN_POINT('',(632.18312270719,127.71512734953,
    17.252785057296));
#1787 = CARTESIAN_POINT('',(635.40113997505,127.73144798526,
    17.234795746305));
#1788 = CARTESIAN_POINT('',(638.54390204627,127.74738707289,
    17.217232488095));
#1789 = CARTESIAN_POINT('',(641.70181903641,127.76340316948,
    17.199604255702));
#1790 = CARTESIAN_POINT('',(644.79366951704,127.77908375156,
    17.18235745177));
#1791 = CARTESIAN_POINT('',(647.86636649205,127.79466705919,
    17.165221334215));
#1792 = CARTESIAN_POINT('',(650.95101395973,127.81031030883,
    17.148034035024));
#1793 = CARTESIAN_POINT('',(653.9491225556,127.82551440884,
    17.131342458991));
#1794 = CARTESIAN_POINT('',(656.95230996976,127.84074418842,
    17.114626272129));
#1795 = CARTESIAN_POINT('',(659.9646849483,127.85602021337,
    17.097876916544));
#1796 = CARTESIAN_POINT('',(662.87036589705,127.87075476265,
    17.08173484948));
#1797 = CARTESIAN_POINT('',(665.80274372889,127.88562459584,
    17.065447629008));
#1798 = CARTESIAN_POINT('',(668.74190696057,127.90052829271,
    17.049140291294));
#1799 = CARTESIAN_POINT('',(671.5595923838,127.91481561693,
    17.033522175427));
#1800 = CARTESIAN_POINT('',(674.42135676495,127.92932638053,
    17.017662339627));
#1801 = CARTESIAN_POINT('',(677.287817825,127.9438604833,17.001795104215
    ));
#1802 = CARTESIAN_POINT('',(680.01951634001,127.95771082217,
    16.986690110712));
#1803 = CARTESIAN_POINT('',(682.81054210964,127.9718619119,
    16.971258889119));
#1804 = CARTESIAN_POINT('',(685.60444346216,127.98602703705,
    16.955830727915));
#1805 = CARTESIAN_POINT('',(688.25303322123,127.99945494656,
    16.941222701626));
#1806 = CARTESIAN_POINT('',(690.94361815193,128.01309574052,
    16.926383939583));
#1807 = CARTESIAN_POINT('',(693.66559585039,128.02689515899,
    16.911391508347));
#1808 = CARTESIAN_POINT('',(696.26336364084,128.04006433409,
    16.897102632291));
#1809 = CARTESIAN_POINT('',(698.75384912443,128.0526896441,
    16.883404073026));
#1810 = CARTESIAN_POINT('',(701.40459180556,128.06612683736,
    16.868842827255));
#1811 = CARTESIAN_POINT('',(704.05395167558,128.07955641441,
    16.854311142782));
#1812 = CARTESIAN_POINT('',(706.47017125377,128.09180416591,
    16.84105967807));
#1813 = CARTESIAN_POINT('',(709.05057579874,128.1048836676,
    16.826925867192));
#1814 = CARTESIAN_POINT('',(711.62848573758,128.11794990156,
    16.812828289609));
#1815 = CARTESIAN_POINT('',(713.97220375608,128.12982904617,
    16.800014281161));
#1816 = CARTESIAN_POINT('',(716.48325662577,128.1425558551,
    16.786302586209));
#1817 = CARTESIAN_POINT('',(718.99084699992,128.15526448287,
    16.772633010229));
#1818 = CARTESIAN_POINT('',(721.26376980467,128.16678367936,
    16.760247149266));
#1819 = CARTESIAN_POINT('',(723.70658677007,128.17916346526,
    16.746951588535));
#1820 = CARTESIAN_POINT('',(726.14509955172,128.19152079612,
    16.73370329878));
#1821 = CARTESIAN_POINT('',(728.34893839977,128.2026887329,
    16.721736266802));
#1822 = CARTESIAN_POINT('',(730.72471105874,128.214727548,
    16.708850412249));
#1823 = CARTESIAN_POINT('',(733.09544882254,128.2267402023,
    16.696016362309));
#1824 = CARTESIAN_POINT('',(735.2318894901,128.23756544367,
    16.684459000002));
#1825 = CARTESIAN_POINT('',(737.54189607229,128.24926978902,
    16.671975962646));
#1826 = CARTESIAN_POINT('',(739.84623470189,128.26094476279,
    16.65954869268));
#1827 = CARTESIAN_POINT('',(741.91696177466,128.27143586898,
    16.648391849354));
#1828 = CARTESIAN_POINT('',(744.16252685069,128.28281247868,
    16.636304469406));
#1829 = CARTESIAN_POINT('',(746.40187706545,128.29415694945,
    16.624276347213));
#1830 = CARTESIAN_POINT('',(748.40854976377,128.3043223604,
    16.613511032149));
#1831 = CARTESIAN_POINT('',(750.5910702912,128.31537834812,
    16.601811763152));
#1832 = CARTESIAN_POINT('',(752.76690490069,128.32639981131,
    16.590174770321));
#1833 = CARTESIAN_POINT('',(754.71118995298,128.33624800192,
    16.579791938435));
#1834 = CARTESIAN_POINT('',(756.8320605427,128.34699046076,
    16.568473229375));
#1835 = CARTESIAN_POINT('',(758.94584136268,128.35769635965,
    16.557219492007));
#1836 = CARTESIAN_POINT('',(760.82935477989,128.36723556309,
    16.547210392287));
#1837 = CARTESIAN_POINT('',(762.89007176937,128.37767212326,
    16.536264136198));
#1838 = CARTESIAN_POINT('',(764.94335392243,128.38807038153,
    16.525385083181));
#1839 = CARTESIAN_POINT('',(766.76775940037,128.39730905986,
    16.515740715325));
#1840 = CARTESIAN_POINT('',(767.92050194695,128.40314645671,
    16.509647901757));
#1841 = CARTESIAN_POINT('',(769.07068254255,128.40897066707,
    16.503578082461));
#1842 = CARTESIAN_POINT('',(770.1041270769,128.41420358308,
    16.498132213276));
#1843 = DEFINITIONAL_REPRESENTATION('',(#1844),#1847);
#1844 = B_SPLINE_CURVE_WITH_KNOTS('',1,(#1845,#1846),.UNSPECIFIED.,.F.,
  .F.,(2,2),(-3.334761585104,3.334761585095),.PIECEWISE_BEZIER_KNOTS.);
#1845 = CARTESIAN_POINT('',(-4.149646072054E-16,-1.000839123355));
#1846 = CARTESIAN_POINT('',(0.999999999999,-1.000239738265));
#1847 = ( GEOMETRIC_REPRESENTATION_CONTEXT(2) 
PARAMETRIC_REPRESENTATION_CONTEXT() REPRESENTATION_CONTEXT('2D SPACE',''
  ) );
#1848 = ORIENTED_EDGE('',*,*,#262,.T.);
#1849 = ORIENTED_EDGE('',*,*,#1850,.F.);
#1850 = EDGE_CURVE('',#1851,#263,#1853,.T.);
#1851 = VERTEX_POINT('',#1852);
#1852 = CARTESIAN_POINT('',(495.99018396615,130.,18.));
#1853 = SURFACE_CURVE('',#1854,(#1859,#1866),.PCURVE_S1.);
#1854 = ELLIPSE('',#1855,3.000790661486,3.);
#1855 = AXIS2_PLACEMENT_3D('',#1856,#1857,#1858);
#1856 = CARTESIAN_POINT('',(496.05906495619,130.,15.));
#1857 = DIRECTION('',(-0.999736515614,1.90641894608E-05,
    -2.29542803241E-02));
#1858 = DIRECTION('',(2.295428824078E-02,8.303096199116E-04,
    -0.999736170816));
#1859 = PCURVE('',#278,#1860);
#1860 = DEFINITIONAL_REPRESENTATION('',(#1861),#1865);
#1861 = ELLIPSE('',#1862,3.000790661486,3.);
#1862 = AXIS2_PLACEMENT_2D('',#1863,#1864);
#1863 = CARTESIAN_POINT('',(-2.476736971842,-1.993835132882));
#1864 = DIRECTION('',(-0.999999655293,8.303096200624E-04));
#1865 = ( GEOMETRIC_REPRESENTATION_CONTEXT(2) 
PARAMETRIC_REPRESENTATION_CONTEXT() REPRESENTATION_CONTEXT('2D SPACE',''
  ) );
#1866 = PCURVE('',#307,#1867);
#1867 = DEFINITIONAL_REPRESENTATION('',(#1868),#1876);
#1868 = B_SPLINE_CURVE_WITH_KNOTS('',6,(#1869,#1870,#1871,#1872,#1873,
    #1874,#1875),.UNSPECIFIED.,.F.,.F.,(7,7),(3.142423182136,
    4.496969132612),.PIECEWISE_BEZIER_KNOTS.);
#1869 = CARTESIAN_POINT('',(6.28318530718,45.990183966158));
#1870 = CARTESIAN_POINT('',(6.057427648767,45.990196881221));
#1871 = CARTESIAN_POINT('',(5.831669990354,45.994422169543));
#1872 = CARTESIAN_POINT('',(5.605912331942,46.002861295935));
#1873 = CARTESIAN_POINT('',(5.380154673529,46.014860071552));
#1874 = CARTESIAN_POINT('',(5.154397015116,46.029150121149));
#1875 = CARTESIAN_POINT('',(4.928639356704,46.044341116632));
#1876 = ( GEOMETRIC_REPRESENTATION_CONTEXT(2) 
PARAMETRIC_REPRESENTATION_CONTEXT() REPRESENTATION_CONTEXT('2D SPACE',''
  ) );
#1877 = ORIENTED_EDGE('',*,*,#1878,.F.);
#1878 = EDGE_CURVE('',#291,#1851,#1879,.T.);
#1879 = SURFACE_CURVE('',#1880,(#1885,#1892),.PCURVE_S1.);
#1880 = ELLIPSE('',#1881,3.000790661486,3.);
#1881 = AXIS2_PLACEMENT_3D('',#1882,#1883,#1884);
#1882 = CARTESIAN_POINT('',(496.05906495619,130.,15.));
#1883 = DIRECTION('',(-0.999736515614,1.90641894608E-05,
    -2.29542803241E-02));
#1884 = DIRECTION('',(2.295428824078E-02,8.303096199116E-04,
    -0.999736170816));
#1885 = PCURVE('',#278,#1886);
#1886 = DEFINITIONAL_REPRESENTATION('',(#1887),#1891);
#1887 = ELLIPSE('',#1888,3.000790661486,3.);
#1888 = AXIS2_PLACEMENT_2D('',#1889,#1890);
#1889 = CARTESIAN_POINT('',(-2.476736971842,-1.993835132882));
#1890 = DIRECTION('',(-0.999999655293,8.303096200624E-04));
#1891 = ( GEOMETRIC_REPRESENTATION_CONTEXT(2) 
PARAMETRIC_REPRESENTATION_CONTEXT() REPRESENTATION_CONTEXT('2D SPACE',''
  ) );
#1892 = PCURVE('',#307,#1893);
#1893 = DEFINITIONAL_REPRESENTATION('',(#1894),#1911);
#1894 = B_SPLINE_CURVE_WITH_KNOTS('',8,(#1895,#1896,#1897,#1898,#1899,
    #1900,#1901,#1902,#1903,#1904,#1905,#1906,#1907,#1908,#1909,#1910),
  .UNSPECIFIED.,.F.,.F.,(9,7,9),(4.92946988525,7.177539187283,
    9.425608489316),.UNSPECIFIED.);
#1895 = CARTESIAN_POINT('',(4.496138604066,46.073900546181));
#1896 = CARTESIAN_POINT('',(4.215129941312,46.092802424908));
#1897 = CARTESIAN_POINT('',(3.93412127856,46.110365472334));
#1898 = CARTESIAN_POINT('',(3.653112615793,46.124314936547));
#1899 = CARTESIAN_POINT('',(3.372103953056,46.132603389968));
#1900 = CARTESIAN_POINT('',(3.091095290285,46.1339773449));
#1901 = CARTESIAN_POINT('',(2.810086627545,46.128482542197));
#1902 = CARTESIAN_POINT('',(2.529077964787,46.117280067829));
#1903 = CARTESIAN_POINT('',(1.967060639279,46.087092014035));
#1904 = CARTESIAN_POINT('',(1.686051976525,46.068106883136));
#1905 = CARTESIAN_POINT('',(1.405043313771,46.047044196351));
#1906 = CARTESIAN_POINT('',(1.124034651016,46.026382419715));
#1907 = CARTESIAN_POINT('',(0.843025988262,46.008783963833));
#1908 = CARTESIAN_POINT('',(0.562017325508,45.996368717505));
#1909 = CARTESIAN_POINT('',(0.281008662754,45.990167890315));
#1910 = CARTESIAN_POINT('',(0.,45.990183966158));
#1911 = ( GEOMETRIC_REPRESENTATION_CONTEXT(2) 
PARAMETRIC_REPRESENTATION_CONTEXT() REPRESENTATION_CONTEXT('2D SPACE',''
  ) );
#1912 = ORIENTED_EDGE('',*,*,#339,.T.);
#1913 = ORIENTED_EDGE('',*,*,#1295,.T.);
#1914 = ORIENTED_EDGE('',*,*,#1915,.F.);
#1915 = EDGE_CURVE('',#1916,#1296,#1918,.T.);
#1916 = VERTEX_POINT('',#1917);
#1917 = CARTESIAN_POINT('',(495.9785286208,122.70258793615,
    18.501568986252));
#1918 = SURFACE_CURVE('',#1919,(#1923,#1930),.PCURVE_S1.);
#1919 = LINE('',#1920,#1921);
#1920 = CARTESIAN_POINT('',(495.87908261528,122.69899074445,
    22.832775761739));
#1921 = VECTOR('',#1922,1.);
#1922 = DIRECTION('',(2.295428824077E-02,8.303096200692E-04,
    -0.999736170816));
#1923 = PCURVE('',#278,#1924);
#1924 = DEFINITIONAL_REPRESENTATION('',(#1925),#1929);
#1925 = LINE('',#1926,#1927);
#1926 = CARTESIAN_POINT('',(5.358106342312,-9.294844389759));
#1927 = VECTOR('',#1928,1.);
#1928 = DIRECTION('',(-0.999999655293,8.3030962022E-04));
#1929 = ( GEOMETRIC_REPRESENTATION_CONTEXT(2) 
PARAMETRIC_REPRESENTATION_CONTEXT() REPRESENTATION_CONTEXT('2D SPACE',''
  ) );
#1930 = PCURVE('',#1399,#1931);
#1931 = DEFINITIONAL_REPRESENTATION('',(#1932),#1936);
#1932 = LINE('',#1933,#1934);
#1933 = CARTESIAN_POINT('',(7.870082845446,-139.1121565142));
#1934 = VECTOR('',#1935,1.);
#1935 = DIRECTION('',(-0.999736515614,2.295428824077E-02));
#1936 = ( GEOMETRIC_REPRESENTATION_CONTEXT(2) 
PARAMETRIC_REPRESENTATION_CONTEXT() REPRESENTATION_CONTEXT('2D SPACE',''
  ) );
#1937 = ORIENTED_EDGE('',*,*,#1938,.F.);
#1938 = EDGE_CURVE('',#1415,#1916,#1939,.T.);
#1939 = SURFACE_CURVE('',#1940,(#1944,#1951),.PCURVE_S1.);
#1940 = LINE('',#1941,#1942);
#1941 = CARTESIAN_POINT('',(496.00225124228,131.99383513252,
    17.476085263283));
#1942 = VECTOR('',#1943,1.);
#1943 = DIRECTION('',(-2.537803638794E-03,-0.993961015721,0.109704415494
    ));
#1944 = PCURVE('',#278,#1945);
#1945 = DEFINITIONAL_REPRESENTATION('',(#1946),#1950);
#1946 = LINE('',#1947,#1948);
#1947 = CARTESIAN_POINT('',(0.,0.));
#1948 = VECTOR('',#1949,1.);
#1949 = DIRECTION('',(0.10973376357,-0.993961015902));
#1950 = ( GEOMETRIC_REPRESENTATION_CONTEXT(2) 
PARAMETRIC_REPRESENTATION_CONTEXT() REPRESENTATION_CONTEXT('2D SPACE',''
  ) );
#1951 = PCURVE('',#1952,#2105);
#1952 = B_SPLINE_SURFACE_WITH_KNOTS('',3,3,(
    (#1953,#1954,#1955,#1956)
    ,(#1957,#1958,#1959,#1960)
    ,(#1961,#1962,#1963,#1964)
    ,(#1965,#1966,#1967,#1968)
    ,(#1969,#1970,#1971,#1972)
    ,(#1973,#1974,#1975,#1976)
    ,(#1977,#1978,#1979,#1980)
    ,(#1981,#1982,#1983,#1984)
    ,(#1985,#1986,#1987,#1988)
    ,(#1989,#1990,#1991,#1992)
    ,(#1993,#1994,#1995,#1996)
    ,(#1997,#1998,#1999,#2000)
    ,(#2001,#2002,#2003,#2004)
    ,(#2005,#2006,#2007,#2008)
    ,(#2009,#2010,#2011,#2012)
    ,(#2013,#2014,#2015,#2016)
    ,(#2017,#2018,#2019,#2020)
    ,(#2021,#2022,#2023,#2024)
    ,(#2025,#2026,#2027,#2028)
    ,(#2029,#2030,#2031,#2032)
    ,(#2033,#2034,#2035,#2036)
    ,(#2037,#2038,#2039,#2040)
    ,(#2041,#2042,#2043,#2044)
    ,(#2045,#2046,#2047,#2048)
    ,(#2049,#2050,#2051,#2052)
    ,(#2053,#2054,#2055,#2056)
    ,(#2057,#2058,#2059,#2060)
    ,(#2061,#2062,#2063,#2064)
    ,(#2065,#2066,#2067,#2068)
    ,(#2069,#2070,#2071,#2072)
    ,(#2073,#2074,#2075,#2076)
    ,(#2077,#2078,#2079,#2080)
    ,(#2081,#2082,#2083,#2084)
    ,(#2085,#2086,#2087,#2088)
    ,(#2089,#2090,#2091,#2092)
    ,(#2093,#2094,#2095,#2096)
    ,(#2097,#2098,#2099,#2100)
    ,(#2101,#2102,#2103,#2104
    )),.UNSPECIFIED.,.F.,.F.,.F.,(4,1,1,1,1,1,1,1,1,1,1,1,1,1,1,1,1,1,1,
    1,1,1,1,2,1,1,1,1,1,1,1,1,1,1,4),(4,4),(0.,1.177562627375E-02,
    3.243366328926E-02,5.355514009655E-02,7.515975308085E-02,
    9.726750222849E-02,0.119899931355,0.143079630733,0.166830767175,
    0.191179008362,0.216151995868,0.241779257512,0.268093144449,
    0.295128058242,0.322923209374,0.351518757454,0.38096536962,
    0.411307889174,0.442620114241,0.474947311136,0.508664082665,
    0.544364347053,0.582264691748,0.622701252542,0.634079018356,
    0.639849593794,0.645676789889,0.669573852626,0.72050261394,
    0.776428048757,0.806680940013,0.838772741153,0.909890304898,
    0.99427127817,1.),(0.465357040322,1.),.UNSPECIFIED.);
#1953 = CARTESIAN_POINT('',(770.10412707689,128.41420358308,
    16.498132213276));
#1954 = CARTESIAN_POINT('',(770.09930471186,126.51071321482,
    16.70658161117));
#1955 = CARTESIAN_POINT('',(770.09448234683,124.60722284657,
    16.915031009064));
#1956 = CARTESIAN_POINT('',(770.0896599818,122.70373247832,
    17.123480406957));
#1957 = CARTESIAN_POINT('',(769.0713447056,128.41105203156,
    16.503347056883));
#1958 = CARTESIAN_POINT('',(769.11572180348,126.50861099099,
    16.711490375631));
#1959 = CARTESIAN_POINT('',(769.16009890137,124.60616995043,
    16.919633694226));
#1960 = CARTESIAN_POINT('',(769.20447599926,122.70372890986,
    17.127777012973));
#1961 = CARTESIAN_POINT('',(766.21852063125,128.40235117687,
    16.517772724796));
#1962 = CARTESIAN_POINT('',(766.39814979006,126.50280713078,
    16.725069325942));
#1963 = CARTESIAN_POINT('',(766.57777894886,124.60326308469,
    16.93236592725));
#1964 = CARTESIAN_POINT('',(766.75740810766,122.7037190386,
    17.139662528394));
#1965 = CARTESIAN_POINT('',(761.47156021239,128.38789531383,
    16.541868565448));
#1966 = CARTESIAN_POINT('',(761.87313099217,126.49316439156,
    16.747752123079));
#1967 = CARTESIAN_POINT('',(762.27470177195,124.5984334693,
    16.953635680851));
#1968 = CARTESIAN_POINT('',(762.67627255173,122.70370254703,
    17.159519238481));
#1969 = CARTESIAN_POINT('',(755.80095341336,128.37066297161,
    16.570784218604));
#1970 = CARTESIAN_POINT('',(756.46250589436,126.48166956161,
    16.77497815307));
#1971 = CARTESIAN_POINT('',(757.12405837537,124.5926761516,
    16.979172088014));
#1972 = CARTESIAN_POINT('',(757.78561085638,122.70368274159,
    17.183366022481));
#1973 = CARTESIAN_POINT('',(749.94893654351,128.35292029301,
    16.600753817633));
#1974 = CARTESIAN_POINT('',(750.87298544016,126.4698342582,
    16.803206844876));
#1975 = CARTESIAN_POINT('',(751.79703433681,124.5867482234,
    17.005659872767));
#1976 = CARTESIAN_POINT('',(752.72108323346,122.7036621886,
    17.20811290001));
#1977 = CARTESIAN_POINT('',(743.90975863679,128.3346562525,
    16.631807674444));
#1978 = CARTESIAN_POINT('',(745.09817065388,126.45765111982,
    16.832471885302));
#1979 = CARTESIAN_POINT('',(746.28658267098,124.58064598714,
    17.033136097054));
#1980 = CARTESIAN_POINT('',(747.47499468807,122.70364085447,
    17.233800307913));
#1981 = CARTESIAN_POINT('',(737.67759970689,128.31586036031,
    16.663976730453));
#1982 = CARTESIAN_POINT('',(739.13149132927,126.44511314152,
    16.862808053984));
#1983 = CARTESIAN_POINT('',(740.58538295165,124.57436592273,
    17.061639378701));
#1984 = CARTESIAN_POINT('',(742.03927457403,122.70361870394,
    17.260470702232));
#1985 = CARTESIAN_POINT('',(731.24649228965,128.29652251644,
    16.697292440623));
#1986 = CARTESIAN_POINT('',(732.96611816862,126.4322135775,
    16.894251324397));
#1987 = CARTESIAN_POINT('',(734.68574404759,124.56790463856,
    17.091210209578));
#1988 = CARTESIAN_POINT('',(736.40536992656,122.70359569963,
    17.288169093351));
#1989 = CARTESIAN_POINT('',(724.61036827118,128.27663325573,
    16.731786819948));
#1990 = CARTESIAN_POINT('',(726.59499290685,126.41894610449,
    16.926838904887));
#1991 = CARTESIAN_POINT('',(728.57961754252,124.56125895325,
    17.121890991652));
#1992 = CARTESIAN_POINT('',(730.56424217818,122.70357180201,
    17.316943076591));
#1993 = CARTESIAN_POINT('',(717.7630229596,128.25618375961,
    16.767492442455));
#1994 = CARTESIAN_POINT('',(720.01077696976,126.40530482943,
    16.960609378382));
#1995 = CARTESIAN_POINT('',(722.25853097993,124.55442589924,
    17.153726316289));
#1996 = CARTESIAN_POINT('',(724.50628499009,122.70354696905,
    17.346843252216));
#1997 = CARTESIAN_POINT('',(710.69814409232,128.23516608102,
    16.804442425854));
#1998 = CARTESIAN_POINT('',(713.20585980336,126.39128443938,
    16.99560275171));
#1999 = CARTESIAN_POINT('',(715.71357551442,124.54740279773,
    17.186763080281));
#2000 = CARTESIAN_POINT('',(718.22129122546,122.70352115609,
    17.377923406138));
#2001 = CARTESIAN_POINT('',(703.40925534967,128.2135731367,
    16.842670555812));
#2002 = CARTESIAN_POINT('',(706.17228183187,126.37688019624,
    17.031860740925));
#2003 = CARTESIAN_POINT('',(708.93530831408,124.54018725577,
    17.22105092852));
#2004 = CARTESIAN_POINT('',(711.69833479628,122.70349431531,
    17.410241113633));
#2005 = CARTESIAN_POINT('',(695.8897883461,128.19139910885,
    16.882211152794));
#2006 = CARTESIAN_POINT('',(698.90177728049,126.36208820445,
    17.069426713547));
#2007 = CARTESIAN_POINT('',(701.91376621491,124.53277730005,
    17.256642278494));
#2008 = CARTESIAN_POINT('',(704.9257551493,122.70346639565,
    17.443857839247));
#2009 = CARTESIAN_POINT('',(688.13289880496,128.16863912356,
    16.923099561062));
#2010 = CARTESIAN_POINT('',(691.38556533628,126.34690519629,
    17.108346455482));
#2011 = CARTESIAN_POINT('',(694.63823186762,124.52517126902,
    17.293593352381));
#2012 = CARTESIAN_POINT('',(697.89089839895,122.70343734176,
    17.478840246801));
#2013 = CARTESIAN_POINT('',(680.13175601082,128.14529036552,
    16.96537150035));
#2014 = CARTESIAN_POINT('',(683.6145929996,126.33132927519,
    17.148667493611));
#2015 = CARTESIAN_POINT('',(687.09742998841,124.51736818486,
    17.331963494052));
#2016 = CARTESIAN_POINT('',(690.58026697719,122.70340709453,
    17.515259487314));
#2017 = CARTESIAN_POINT('',(671.87886668517,128.12135041623,
    17.009064872558));
#2018 = CARTESIAN_POINT('',(675.57883466135,126.31535880683,
    17.190441568966));
#2019 = CARTESIAN_POINT('',(679.27880263753,124.50936719743,
    17.371818266161));
#2020 = CARTESIAN_POINT('',(682.9787706137,122.70337558803,
    17.553194962569));
#2021 = CARTESIAN_POINT('',(663.36725511605,128.0968210708,
    17.054216921928));
#2022 = CARTESIAN_POINT('',(667.26838513884,126.29899496494,
    17.233721206533));
#2023 = CARTESIAN_POINT('',(671.16951516169,124.50116885907,
    17.413225504453));
#2024 = CARTESIAN_POINT('',(675.07064518448,122.70334275322,
    17.592729789058));
#2025 = CARTESIAN_POINT('',(654.58796678228,128.07170158977,
    17.100870669056));
#2026 = CARTESIAN_POINT('',(658.67096014563,126.28223722903,
    17.278568234644));
#2027 = CARTESIAN_POINT('',(662.75395350896,124.49277286829,
    17.456265797127));
#2028 = CARTESIAN_POINT('',(666.83694687231,122.70330850755,
    17.633963362716));
#2029 = CARTESIAN_POINT('',(645.53406697368,128.04600078432,
    17.149067113449));
#2030 = CARTESIAN_POINT('',(649.77571932294,126.26509144599,
    17.325042757813));
#2031 = CARTESIAN_POINT('',(654.01737167231,124.48418210764,
    17.501018420813));
#2032 = CARTESIAN_POINT('',(658.25902402157,122.70327276931,
    17.676994065176));
#2033 = CARTESIAN_POINT('',(636.16869846905,128.01964760917,
    17.198987851123));
#2034 = CARTESIAN_POINT('',(640.54170830329,126.24751018251,
    17.373349881908));
#2035 = CARTESIAN_POINT('',(644.91471813756,124.47537275584,
    17.547711919933));
#2036 = CARTESIAN_POINT('',(649.2877279718,122.70323532917,
    17.722073950718));
#2037 = CARTESIAN_POINT('',(626.40760716227,127.99244762746,
    17.251112492561));
#2038 = CARTESIAN_POINT('',(630.87982485409,126.22936367463,
    17.423977165979));
#2039 = CARTESIAN_POINT('',(635.35204254591,124.46627972179,
    17.59684183936));
#2040 = CARTESIAN_POINT('',(639.82426023774,122.70319576896,
    17.769706512778));
#2041 = CARTESIAN_POINT('',(616.15457156869,127.96419097025,
    17.306009713567));
#2042 = CARTESIAN_POINT('',(620.68658620282,126.21051184259,
    17.477504963624));
#2043 = CARTESIAN_POINT('',(625.21860083716,124.4568327149,
    17.649000253944));
#2044 = CARTESIAN_POINT('',(629.75061547129,122.70315358724,
    17.820495504001));
#2045 = CARTESIAN_POINT('',(605.32374052641,127.9347190358,
    17.364114448028));
#2046 = CARTESIAN_POINT('',(609.86562358719,126.19084878452,
    17.534424782861));
#2047 = CARTESIAN_POINT('',(614.40750664769,124.44697853328,
    17.704735063191));
#2048 = CARTESIAN_POINT('',(618.94938970847,122.70310828199,
    17.875045398026));
#2049 = CARTESIAN_POINT('',(597.94300720983,127.91492977112,
    17.403786786396));
#2050 = CARTESIAN_POINT('',(602.44998329013,126.17764545759,
    17.573496054501));
#2051 = CARTESIAN_POINT('',(606.95695937097,124.44036114398,
    17.743205423471));
#2052 = CARTESIAN_POINT('',(611.46393545126,122.70307683045,
    17.912914691577));
#2053 = CARTESIAN_POINT('',(593.08600330084,127.90201498139,
    17.429910683523));
#2054 = CARTESIAN_POINT('',(597.55476835728,126.16902862872,
    17.59930307977));
#2055 = CARTESIAN_POINT('',(602.02353341352,124.4360422761,
    17.768695436012));
#2056 = CARTESIAN_POINT('',(606.49229846996,122.70305592343,
    17.938087832259));
#2057 = CARTESIAN_POINT('',(591.48085350872,127.89775697544,
    17.438546475847));
#2058 = CARTESIAN_POINT('',(595.93556408921,126.16618764843,
    17.607841230628));
#2059 = CARTESIAN_POINT('',(600.3902746697,124.43461832142,
    17.777135984133));
#2060 = CARTESIAN_POINT('',(604.84498525019,122.70304899441,
    17.946430738913));
#2061 = CARTESIAN_POINT('',(589.33516552717,127.89208583515,
    17.450093309401));
#2062 = CARTESIAN_POINT('',(593.76815494602,126.16240378733,
    17.619272770552));
#2063 = CARTESIAN_POINT('',(598.20114436478,124.43272173953,
    17.788452217174));
#2064 = CARTESIAN_POINT('',(602.63413378362,122.70303969171,
    17.957631678324));
#2065 = CARTESIAN_POINT('',(586.02555603772,127.88336032877,
    17.467907264782));
#2066 = CARTESIAN_POINT('',(590.42194308849,126.15658198593,
    17.636924763083));
#2067 = CARTESIAN_POINT('',(594.81833013916,124.4298036431,
    17.805942243845));
#2068 = CARTESIAN_POINT('',(599.21471718993,122.70302530025,
    17.974959742145));
#2069 = CARTESIAN_POINT('',(578.53667068932,127.86374550216,
    17.508234841521));
#2070 = CARTESIAN_POINT('',(582.83200608282,126.14349449669,
    17.676979936183));
#2071 = CARTESIAN_POINT('',(587.12734147629,124.42324349122,
    17.845725025534));
#2072 = CARTESIAN_POINT('',(591.42267686979,122.70299248575,
    18.014470120195));
#2073 = CARTESIAN_POINT('',(566.53653973997,127.83286205321,
    17.572918816085));
#2074 = CARTESIAN_POINT('',(570.59262190244,126.12288765149,
    17.741630108584));
#2075 = CARTESIAN_POINT('',(574.64870406485,124.41291324979,
    17.910341388752));
#2076 = CARTESIAN_POINT('',(578.70478622732,122.70293884808,
    18.079052681252));
#2077 = CARTESIAN_POINT('',(554.20353229105,127.80201206287,
    17.639453330785));
#2078 = CARTESIAN_POINT('',(557.88793596775,126.10230204798,
    17.808795154657));
#2079 = CARTESIAN_POINT('',(561.5723396445,124.40259203309,
    17.978136984821));
#2080 = CARTESIAN_POINT('',(565.2567433212,122.70288201821,
    18.147478808693));
#2081 = CARTESIAN_POINT('',(543.76974407841,127.77659358124,
    17.695755190547));
#2082 = CARTESIAN_POINT('',(547.04350855077,126.08533993616,
    17.86614530908));
#2083 = CARTESIAN_POINT('',(550.31727302303,124.39408629109,
    18.036535410436));
#2084 = CARTESIAN_POINT('',(553.59103749538,122.702832646,18.20692552897
    ));
#2085 = CARTESIAN_POINT('',(532.17639942328,127.7489393726,
    17.758314574332));
#2086 = CARTESIAN_POINT('',(534.91063909782,126.06688513875,
    17.930317148764));
#2087 = CARTESIAN_POINT('',(537.64487877249,124.38483090488,
    18.102319742968));
#2088 = CARTESIAN_POINT('',(540.37911844703,122.70277667103,
    18.2743223174));
#2089 = CARTESIAN_POINT('',(516.33492545824,127.71260130714,
    17.843772819881));
#2090 = CARTESIAN_POINT('',(518.12713626908,126.04263335458,
    18.019084951109));
#2091 = CARTESIAN_POINT('',(519.91934707975,124.37266540205,
    18.194397054107));
#2092 = CARTESIAN_POINT('',(521.71155789059,122.7026974495,
    18.369709185336));
#2093 = CARTESIAN_POINT('',(503.40292553614,127.68504062381,
    17.913436064594));
#2094 = CARTESIAN_POINT('',(504.12890622574,126.02423669369,
    18.093066213373));
#2095 = CARTESIAN_POINT('',(504.85488691575,124.3634327635,
    18.27269643103));
#2096 = CARTESIAN_POINT('',(505.58086760535,122.70262883338,
    18.452326579809));
#2097 = CARTESIAN_POINT('',(496.433255481,127.67097650688,
    17.950923948523));
#2098 = CARTESIAN_POINT('',(496.47302084467,126.0148477983,
    18.133490995378));
#2099 = CARTESIAN_POINT('',(496.5127862083,124.35871908972,
    18.316058035502));
#2100 = CARTESIAN_POINT('',(496.55255157198,122.70259038114,
    18.498625082357));
#2101 = CARTESIAN_POINT('',(495.99121175336,127.67008783632,
    17.953301333502));
#2102 = CARTESIAN_POINT('',(495.98698404251,126.01425453626,
    18.136057217752));
#2103 = CARTESIAN_POINT('',(495.98275633165,124.3584212362,
    18.318813102002));
#2104 = CARTESIAN_POINT('',(495.9785286208,122.70258793615,
    18.501568986252));
#2105 = DEFINITIONAL_REPRESENTATION('',(#2106),#2109);
#2106 = B_SPLINE_CURVE_WITH_KNOTS('',1,(#2107,#2108),.UNSPECIFIED.,.F.,
  .F.,(2,2),(5.000168631297,9.34769779641),.PIECEWISE_BEZIER_KNOTS.);
#2107 = CARTESIAN_POINT('',(1.,0.534909101706));
#2108 = CARTESIAN_POINT('',(1.,1.));
#2109 = ( GEOMETRIC_REPRESENTATION_CONTEXT(2) 
PARAMETRIC_REPRESENTATION_CONTEXT() REPRESENTATION_CONTEXT('2D SPACE',''
  ) );
#2110 = ADVANCED_FACE('',(#2111),#307,.F.);
#2111 = FACE_BOUND('',#2112,.F.);
#2112 = EDGE_LOOP('',(#2113,#2408,#2429,#2430,#2431,#2432,#2433,#2462,
    #2504,#2505,#2506,#2550));
#2113 = ORIENTED_EDGE('',*,*,#2114,.T.);
#2114 = EDGE_CURVE('',#2115,#2117,#2119,.T.);
#2115 = VERTEX_POINT('',#2116);
#2116 = CARTESIAN_POINT('',(659.91483656509,127.85576732065,
    17.098157815045));
#2117 = VERTEX_POINT('',#2118);
#2118 = CARTESIAN_POINT('',(762.05424885218,130.,18.));
#2119 = SURFACE_CURVE('',#2120,(#2214,#2311),.PCURVE_S1.);
#2120 = B_SPLINE_CURVE_WITH_KNOTS('',8,(#2121,#2122,#2123,#2124,#2125,
    #2126,#2127,#2128,#2129,#2130,#2131,#2132,#2133,#2134,#2135,#2136,
    #2137,#2138,#2139,#2140,#2141,#2142,#2143,#2144,#2145,#2146,#2147,
    #2148,#2149,#2150,#2151,#2152,#2153,#2154,#2155,#2156,#2157,#2158,
    #2159,#2160,#2161,#2162,#2163,#2164,#2165,#2166,#2167,#2168,#2169,
    #2170,#2171,#2172,#2173,#2174,#2175,#2176,#2177,#2178,#2179,#2180,
    #2181,#2182,#2183,#2184,#2185,#2186,#2187,#2188,#2189,#2190,#2191,
    #2192,#2193,#2194,#2195,#2196,#2197,#2198,#2199,#2200,#2201,#2202,
    #2203,#2204,#2205,#2206,#2207,#2208,#2209,#2210,#2211,#2212,#2213),
  .UNSPECIFIED.,.F.,.F.,(9,7,7,7,7,7,7,7,7,7,7,7,7,9),(0.,
    1.719612582906E-03,4.421860936662E-03,7.12410936733E-03,
    8.56266403371E-03,1.330659485674E-02,1.852491872593E-02,
    2.702281506296E-02,4.027730112508E-02,7.055401698139E-02,
    0.13533677841,0.273631329868,0.580140562075,1.),.UNSPECIFIED.);
#2121 = CARTESIAN_POINT('',(659.91483656509,127.85576732065,
    17.098157815045));
#2122 = CARTESIAN_POINT('',(659.86396261416,127.85985642917,
    17.102336719063));
#2123 = CARTESIAN_POINT('',(659.81482332628,127.86395425186,
    17.106505908707));
#2124 = CARTESIAN_POINT('',(659.7674177945,127.86806078358,17.1106653882
    ));
#2125 = CARTESIAN_POINT('',(659.72174515509,127.87217601946,
    17.114815161565));
#2126 = CARTESIAN_POINT('',(659.67780458756,127.87629995485,
    17.118955232631));
#2127 = CARTESIAN_POINT('',(659.63559531463,127.88043258535,
    17.123085605026));
#2128 = CARTESIAN_POINT('',(659.59511660227,127.88457390679,
    17.127206282179));
#2129 = CARTESIAN_POINT('',(659.49547672108,127.89524535715,
    17.13777738686));
#2130 = CARTESIAN_POINT('',(659.438857402,127.90178825068,17.14421357307
    ));
#2131 = CARTESIAN_POINT('',(659.38650712101,127.90835258062,
    17.150625838492));
#2132 = CARTESIAN_POINT('',(659.33842346035,127.91493833322,
    17.157014194481));
#2133 = CARTESIAN_POINT('',(659.29460426591,127.92154549625,
    17.163378651208));
#2134 = CARTESIAN_POINT('',(659.25504764726,127.92817405897,
    17.169719217661));
#2135 = CARTESIAN_POINT('',(659.21975197762,127.93482401212,
    17.176035901648));
#2136 = CARTESIAN_POINT('',(659.15767980926,127.948166684,
    17.188621518112));
#2137 = CARTESIAN_POINT('',(659.1309033135,127.95485940231,
    17.194890450185));
#2138 = CARTESIAN_POINT('',(659.10838504153,127.96157349545,
    17.201135512925));
#2139 = CARTESIAN_POINT('',(659.09012389515,127.96830895737,
    17.207356711935));
#2140 = CARTESIAN_POINT('',(659.07611904294,127.9750657834,
    17.213554051503));
#2141 = CARTESIAN_POINT('',(659.06636992035,127.98184397025,
    17.219727534599));
#2142 = CARTESIAN_POINT('',(659.06087622964,127.98864351603,
    17.225877162883));
#2143 = CARTESIAN_POINT('',(659.05897873056,127.99909556066,
    17.235264021209));
#2144 = CARTESIAN_POINT('',(659.05965936844,128.00258729473,
    17.238386624267));
#2145 = CARTESIAN_POINT('',(659.06128755013,128.00582315491,
    17.241270325344));
#2146 = CARTESIAN_POINT('',(659.06354164143,128.00873488543,
    17.243857199782));
#2147 = CARTESIAN_POINT('',(659.0661706773,128.0113024422,
    17.246131818787));
#2148 = CARTESIAN_POINT('',(659.06899436188,128.01355399284,
    17.248121249434));
#2149 = CARTESIAN_POINT('',(659.0719030685,128.01556591671,
    17.249895054662));
#2150 = CARTESIAN_POINT('',(659.08460180728,128.02371818489,
    17.257073249728));
#2151 = CARTESIAN_POINT('',(659.09786311757,128.02999121982,
    17.262561491091));
#2152 = CARTESIAN_POINT('',(659.11464215397,128.03628191181,
    17.268030016011));
#2153 = CARTESIAN_POINT('',(659.13493948735,128.04259026409,
    17.273478822292));
#2154 = CARTESIAN_POINT('',(659.15875587607,128.04891628096,
    17.278907906892));
#2155 = CARTESIAN_POINT('',(659.18609226592,128.05525996779,
    17.284317265927));
#2156 = CARTESIAN_POINT('',(659.2169497902,128.06162133098,
    17.289706894669));
#2157 = CARTESIAN_POINT('',(659.28914774676,128.07501732974,
    17.300983669672));
#2158 = CARTESIAN_POINT('',(659.33122790082,128.08205567936,
    17.306866671731));
#2159 = CARTESIAN_POINT('',(659.37757198882,128.0891154368,
    17.31272578628));
#2160 = CARTESIAN_POINT('',(659.42818205075,128.09619661361,
    17.318561004599));
#2161 = CARTESIAN_POINT('',(659.4830604096,128.10329922291,
    17.324372316699));
#2162 = CARTESIAN_POINT('',(659.54220967136,128.11042327945,
    17.330159711312));
#2163 = CARTESIAN_POINT('',(659.60563272503,128.11756879958,
    17.3359231759));
#2164 = CARTESIAN_POINT('',(659.78358035195,128.13640706556,
    17.351009347713));
#2165 = CARTESIAN_POINT('',(659.89394099615,128.14694688834,
    17.359340826692));
#2166 = CARTESIAN_POINT('',(660.00436955785,128.15675370545,
    17.367014688108));
#2167 = CARTESIAN_POINT('',(660.11484750155,128.16595804566,
    17.37414810554));
#2168 = CARTESIAN_POINT('',(660.22535880239,128.17469242048,
    17.380860004349));
#2169 = CARTESIAN_POINT('',(660.33589719168,128.18301972226,
    17.387206814997));
#2170 = CARTESIAN_POINT('',(660.44645899939,128.19100318489,
    17.393245247867));
#2171 = CARTESIAN_POINT('',(660.72953206995,128.21066811523,
    17.408010784029));
#2172 = CARTESIAN_POINT('',(660.90206582958,128.22191800764,
    17.41635089585));
#2173 = CARTESIAN_POINT('',(661.07463416138,128.23260182818,
    17.424183375926));
#2174 = CARTESIAN_POINT('',(661.24722921213,128.24281367113,
    17.431592635234));
#2175 = CARTESIAN_POINT('',(661.41984544624,128.25262169689,
    17.438639818169));
#2176 = CARTESIAN_POINT('',(661.59247899103,128.26207996181,
    17.44537341162));
#2177 = CARTESIAN_POINT('',(661.76512769351,128.27122777639,
    17.451828669134));
#2178 = CARTESIAN_POINT('',(662.33219769238,128.30036262744,
    17.472214484784));
#2179 = CARTESIAN_POINT('',(662.7266717788,128.31918199849,
    17.485098234733));
#2180 = CARTESIAN_POINT('',(663.12119165606,128.33694619854,
    17.497036125792));
#2181 = CARTESIAN_POINT('',(663.5157456752,128.35384745494,
    17.508200559031));
#2182 = CARTESIAN_POINT('',(663.91032584231,128.37002247573,
    17.51871413694));
#2183 = CARTESIAN_POINT('',(664.3049267362,128.38558056488,
    17.528674876334));
#2184 = CARTESIAN_POINT('',(664.69954593632,128.4005942261,
    17.538147785687));
#2185 = CARTESIAN_POINT('',(665.93858274743,128.44622620119,
    17.566540174662));
#2186 = CARTESIAN_POINT('',(666.78305261169,128.4751257826,
    17.583919779751));
#2187 = CARTESIAN_POINT('',(667.62756974415,128.50243421317,
    17.599874208823));
#2188 = CARTESIAN_POINT('',(668.47212227353,128.52842998982,
    17.614653194394));
#2189 = CARTESIAN_POINT('',(669.31670122567,128.55334252895,
    17.628462449479));
#2190 = CARTESIAN_POINT('',(670.16130162172,128.57731588683,
    17.641431150092));
#2191 = CARTESIAN_POINT('',(671.00592057895,128.60047294111,
    17.653669462069));
#2192 = CARTESIAN_POINT('',(673.65364078152,128.67079560776,
    17.690003962765));
#2193 = CARTESIAN_POINT('',(675.45679476441,128.71538755534,
    17.711798056161));
#2194 = CARTESIAN_POINT('',(677.25999662191,128.75759108627,
    17.731457661293));
#2195 = CARTESIAN_POINT('',(679.063234262,128.79782020127,17.74935408324
    ));
#2196 = CARTESIAN_POINT('',(680.86649854116,128.83641715456,
    17.765794271277));
#2197 = CARTESIAN_POINT('',(682.66978440416,128.87359597501,
    17.780970200106));
#2198 = CARTESIAN_POINT('',(684.47308896137,128.90953930436,
    17.795045841123));
#2199 = CARTESIAN_POINT('',(690.27320779658,129.02161441958,
    17.837176221636));
#2200 = CARTESIAN_POINT('',(694.27008047818,129.09345264396,
    17.861411028446));
#2201 = CARTESIAN_POINT('',(698.26700428281,129.16140992209,
    17.882205272524));
#2202 = CARTESIAN_POINT('',(702.2639659727,129.22614655497,
    17.900152254041));
#2203 = CARTESIAN_POINT('',(706.2609554862,129.28821615156,
    17.915751588065));
#2204 = CARTESIAN_POINT('',(710.25796742754,129.34795698501,
    17.929308269574));
#2205 = CARTESIAN_POINT('',(714.25499882521,129.40565943082,
    17.941085827347));
#2206 = CARTESIAN_POINT('',(723.72725003731,129.53808519247,
    17.965246862349));
#2207 = CARTESIAN_POINT('',(729.20248136355,129.61121256328,
    17.976244674693));
#2208 = CARTESIAN_POINT('',(734.67773674859,129.68148442846,
    17.984786756857));
#2209 = CARTESIAN_POINT('',(740.15301150064,129.74926045492,
    17.991205459794));
#2210 = CARTESIAN_POINT('',(745.62830215721,129.81480983552,
    17.995752223159));
#2211 = CARTESIAN_POINT('',(751.10360621143,129.87834568469,
    17.998630126032));
#2212 = CARTESIAN_POINT('',(756.57892206997,129.94003027781,18.));
#2213 = CARTESIAN_POINT('',(762.05424885218,130.,18.));
#2214 = PCURVE('',#307,#2215);
#2215 = DEFINITIONAL_REPRESENTATION('',(#2216),#2310);
#2216 = B_SPLINE_CURVE_WITH_KNOTS('',8,(#2217,#2218,#2219,#2220,#2221,
    #2222,#2223,#2224,#2225,#2226,#2227,#2228,#2229,#2230,#2231,#2232,
    #2233,#2234,#2235,#2236,#2237,#2238,#2239,#2240,#2241,#2242,#2243,
    #2244,#2245,#2246,#2247,#2248,#2249,#2250,#2251,#2252,#2253,#2254,
    #2255,#2256,#2257,#2258,#2259,#2260,#2261,#2262,#2263,#2264,#2265,
    #2266,#2267,#2268,#2269,#2270,#2271,#2272,#2273,#2274,#2275,#2276,
    #2277,#2278,#2279,#2280,#2281,#2282,#2283,#2284,#2285,#2286,#2287,
    #2288,#2289,#2290,#2291,#2292,#2293,#2294,#2295,#2296,#2297,#2298,
    #2299,#2300,#2301,#2302,#2303,#2304,#2305,#2306,#2307,#2308,#2309),
  .UNSPECIFIED.,.F.,.F.,(9,7,7,7,7,7,7,7,7,7,7,7,7,9),(0.,
    1.719612582906E-03,4.421860936662E-03,7.12410936733E-03,
    8.56266403371E-03,1.330659485674E-02,1.852491872593E-02,
    2.702281506296E-02,4.027730112508E-02,7.055401698139E-02,
    0.13533677841,0.273631329868,0.580140562075,1.),.UNSPECIFIED.);
#2217 = CARTESIAN_POINT('',(0.796258326539,209.91483656509));
#2218 = CARTESIAN_POINT('',(0.794309422365,209.86396261416));
#2219 = CARTESIAN_POINT('',(0.7923608011,209.81482332628));
#2220 = CARTESIAN_POINT('',(0.790412451656,209.7674177945));
#2221 = CARTESIAN_POINT('',(0.788464362945,209.72174515509));
#2222 = CARTESIAN_POINT('',(0.786516523883,209.67780458756));
#2223 = CARTESIAN_POINT('',(0.78456892339,209.63559531463));
#2224 = CARTESIAN_POINT('',(0.782621550386,209.59511660227));
#2225 = CARTESIAN_POINT('',(0.777614576283,209.49547672108));
#2226 = CARTESIAN_POINT('',(0.774555293161,209.438857402));
#2227 = CARTESIAN_POINT('',(0.771496501466,209.38650712101));
#2228 = CARTESIAN_POINT('',(0.768438158198,209.33842346035));
#2229 = CARTESIAN_POINT('',(0.765380220319,209.29460426591));
#2230 = CARTESIAN_POINT('',(0.762322644758,209.25504764726));
#2231 = CARTESIAN_POINT('',(0.759265388407,209.21975197762));
#2232 = CARTESIAN_POINT('',(0.753151427745,209.15767980926));
#2233 = CARTESIAN_POINT('',(0.750094723606,209.1309033135));
#2234 = CARTESIAN_POINT('',(0.747038252415,209.10838504153));
#2235 = CARTESIAN_POINT('',(0.743981970862,209.09012389515));
#2236 = CARTESIAN_POINT('',(0.740925835607,209.07611904294));
#2237 = CARTESIAN_POINT('',(0.737869803288,209.06636992035));
#2238 = CARTESIAN_POINT('',(0.734813830516,209.06087622964));
#2239 = CARTESIAN_POINT('',(0.730131020981,209.05897873056));
#2240 = CARTESIAN_POINT('',(0.728569582657,209.05965936844));
#2241 = CARTESIAN_POINT('',(0.727124805408,209.06128755013));
#2242 = CARTESIAN_POINT('',(0.72582651571,209.06354164143));
#2243 = CARTESIAN_POINT('',(0.724683120012,209.0661706773));
#2244 = CARTESIAN_POINT('',(0.723681604732,209.06899436188));
#2245 = CARTESIAN_POINT('',(0.722787536262,209.0719030685));
#2246 = CARTESIAN_POINT('',(0.71916682484,209.08460180728));
#2247 = CARTESIAN_POINT('',(0.716388514792,209.09786311757));
#2248 = CARTESIAN_POINT('',(0.713610097914,209.11464215397));
#2249 = CARTESIAN_POINT('',(0.710831541197,209.13493948735));
#2250 = CARTESIAN_POINT('',(0.708052811531,209.15875587607));
#2251 = CARTESIAN_POINT('',(0.705273875702,209.18609226592));
#2252 = CARTESIAN_POINT('',(0.702494700396,209.2169497902));
#2253 = CARTESIAN_POINT('',(0.696657859189,209.28914774676));
#2254 = CARTESIAN_POINT('',(0.69360013578,209.33122790082));
#2255 = CARTESIAN_POINT('',(0.690542037504,209.37757198882));
#2256 = CARTESIAN_POINT('',(0.687483519706,209.42818205075));
#2257 = CARTESIAN_POINT('',(0.684424537526,209.4830604096));
#2258 = CARTESIAN_POINT('',(0.681365045907,209.54220967136));
#2259 = CARTESIAN_POINT('',(0.678304999591,209.60563272503));
#2260 = CARTESIAN_POINT('',(0.670260174855,209.78358035195));
#2261 = CARTESIAN_POINT('',(0.66578190418,209.89394099615));
#2262 = CARTESIAN_POINT('',(0.66163118644,210.00436955785));
#2263 = CARTESIAN_POINT('',(0.6577496084,210.11484750155));
#2264 = CARTESIAN_POINT('',(0.654077865911,210.22535880239));
#2265 = CARTESIAN_POINT('',(0.650587827651,210.33589719168));
#2266 = CARTESIAN_POINT('',(0.647251210422,210.44645899939));
#2267 = CARTESIAN_POINT('',(0.639054120535,210.72953206995));
#2268 = CARTESIAN_POINT('',(0.634386141544,210.90206582958));
#2269 = CARTESIAN_POINT('',(0.629970464963,211.07463416138));
#2270 = CARTESIAN_POINT('',(0.625765024175,211.24722921213));
#2271 = CARTESIAN_POINT('',(0.621739353324,211.41984544624));
#2272 = CARTESIAN_POINT('',(0.617869294959,211.59247899103));
#2273 = CARTESIAN_POINT('',(0.614137288561,211.76512769351));
#2274 = CARTESIAN_POINT('',(0.602284389124,212.33219769238));
#2275 = CARTESIAN_POINT('',(0.594682446875,212.7266717788));
#2276 = CARTESIAN_POINT('',(0.587548598121,213.12119165606));
#2277 = CARTESIAN_POINT('',(0.580797061571,213.5157456752));
#2278 = CARTESIAN_POINT('',(0.574366857082,213.91032584231));
#2279 = CARTESIAN_POINT('',(0.568209239639,214.3049267362));
#2280 = CARTESIAN_POINT('',(0.562291908112,214.69954593632));
#2281 = CARTESIAN_POINT('',(0.544377280622,215.93858274743));
#2282 = CARTESIAN_POINT('',(0.533137590715,216.78305261169));
#2283 = CARTESIAN_POINT('',(0.522596437473,217.62756974415));
#2284 = CARTESIAN_POINT('',(0.512630041923,218.47212227353));
#2285 = CARTESIAN_POINT('',(0.503136437956,219.31670122567));
#2286 = CARTESIAN_POINT('',(0.494051724203,220.16130162172));
#2287 = CARTESIAN_POINT('',(0.485321401772,221.00592057895));
#2288 = CARTESIAN_POINT('',(0.458936487344,223.65364078152));
#2289 = CARTESIAN_POINT('',(0.442396298157,225.45679476441));
#2290 = CARTESIAN_POINT('',(0.426881210638,227.25999662191));
#2291 = CARTESIAN_POINT('',(0.412208683134,229.063234262));
#2292 = CARTESIAN_POINT('',(0.398227790008,230.86649854116));
#2293 = CARTESIAN_POINT('',(0.384844535143,232.66978440416));
#2294 = CARTESIAN_POINT('',(0.371978691382,234.47308896137));
#2295 = CARTESIAN_POINT('',(0.332067957078,240.27320779658));
#2296 = CARTESIAN_POINT('',(0.306810741818,244.27008047818));
#2297 = CARTESIAN_POINT('',(0.283136444631,248.26700428281));
#2298 = CARTESIAN_POINT('',(0.260758712457,252.2639659727));
#2299 = CARTESIAN_POINT('',(0.239436912806,256.2609554862));
#2300 = CARTESIAN_POINT('',(0.219025421639,260.25796742754));
#2301 = CARTESIAN_POINT('',(0.19939896182,264.25499882521));
#2302 = CARTESIAN_POINT('',(0.154528360255,273.72725003731));
#2303 = CARTESIAN_POINT('',(0.12989042064,279.20248136355));
#2304 = CARTESIAN_POINT('',(0.106309282985,284.67773674859));
#2305 = CARTESIAN_POINT('',(8.363139649157E-02,290.15301150064));
#2306 = CARTESIAN_POINT('',(6.174228510907E-02,295.62830215721));
#2307 = CARTESIAN_POINT('',(4.055141860221E-02,301.10360621143));
#2308 = CARTESIAN_POINT('',(1.998990739653E-02,306.57892206997));
#2309 = CARTESIAN_POINT('',(0.,312.05424885218));
#2310 = ( GEOMETRIC_REPRESENTATION_CONTEXT(2) 
PARAMETRIC_REPRESENTATION_CONTEXT() REPRESENTATION_CONTEXT('2D SPACE',''
  ) );
#2311 = PCURVE('',#1430,#2312);
#2312 = DEFINITIONAL_REPRESENTATION('',(#2313),#2407);
#2313 = B_SPLINE_CURVE_WITH_KNOTS('',8,(#2314,#2315,#2316,#2317,#2318,
    #2319,#2320,#2321,#2322,#2323,#2324,#2325,#2326,#2327,#2328,#2329,
    #2330,#2331,#2332,#2333,#2334,#2335,#2336,#2337,#2338,#2339,#2340,
    #2341,#2342,#2343,#2344,#2345,#2346,#2347,#2348,#2349,#2350,#2351,
    #2352,#2353,#2354,#2355,#2356,#2357,#2358,#2359,#2360,#2361,#2362,
    #2363,#2364,#2365,#2366,#2367,#2368,#2369,#2370,#2371,#2372,#2373,
    #2374,#2375,#2376,#2377,#2378,#2379,#2380,#2381,#2382,#2383,#2384,
    #2385,#2386,#2387,#2388,#2389,#2390,#2391,#2392,#2393,#2394,#2395,
    #2396,#2397,#2398,#2399,#2400,#2401,#2402,#2403,#2404,#2405,#2406),
  .UNSPECIFIED.,.F.,.F.,(9,7,7,7,7,7,7,7,7,7,7,7,7,9),(0.,
    1.719612582906E-03,4.421860936662E-03,7.12410936733E-03,
    8.56266403371E-03,1.330659485674E-02,1.852491872593E-02,
    2.702281506296E-02,4.027730112508E-02,7.055401698139E-02,
    0.13533677841,0.273631329868,0.580140562075,1.),.UNSPECIFIED.);
#2314 = CARTESIAN_POINT('',(1.,-0.359411625588));
#2315 = CARTESIAN_POINT('',(0.999124493542,-0.359577295751));
#2316 = CARTESIAN_POINT('',(0.998249003598,-0.359737322695));
#2317 = CARTESIAN_POINT('',(0.99737353028,-0.359891708701));
#2318 = CARTESIAN_POINT('',(0.996498073694,-0.360040455938));
#2319 = CARTESIAN_POINT('',(0.995622633944,-0.360183566466));
#2320 = CARTESIAN_POINT('',(0.994747211128,-0.360321042234));
#2321 = CARTESIAN_POINT('',(0.993871805341,-0.360452885082));
#2322 = CARTESIAN_POINT('',(0.9916208059,-0.360777429342));
#2323 = CARTESIAN_POINT('',(0.990245237399,-0.360961856352));
#2324 = CARTESIAN_POINT('',(0.988869711517,-0.361132384479));
#2325 = CARTESIAN_POINT('',(0.987494228572,-0.36128901977));
#2326 = CARTESIAN_POINT('',(0.986118788847,-0.361431767608));
#2327 = CARTESIAN_POINT('',(0.984743392593,-0.36156063271));
#2328 = CARTESIAN_POINT('',(0.983368040028,-0.361675619134));
#2329 = CARTESIAN_POINT('',(0.980617422606,-0.361877841409));
#2330 = CARTESIAN_POINT('',(0.979242157836,-0.361965077253));
#2331 = CARTESIAN_POINT('',(0.977866937148,-0.362038441204));
#2332 = CARTESIAN_POINT('',(0.976491760655,-0.362097935991));
#2333 = CARTESIAN_POINT('',(0.975116628464,-0.362143563678));
#2334 = CARTESIAN_POINT('',(0.973741540673,-0.36217532566));
#2335 = CARTESIAN_POINT('',(0.972366497375,-0.362193222661));
#2336 = CARTESIAN_POINT('',(0.970259511615,-0.362199401236));
#2337 = CARTESIAN_POINT('',(0.969556969528,-0.362197182298));
#2338 = CARTESIAN_POINT('',(0.968906928345,-0.362191876177));
#2339 = CARTESIAN_POINT('',(0.968322806327,-0.362184530851));
#2340 = CARTESIAN_POINT('',(0.967808384045,-0.362175964026));
#2341 = CARTESIAN_POINT('',(0.967357804379,-0.362166763133));
#2342 = CARTESIAN_POINT('',(0.966955572521,-0.362157285332));
#2343 = CARTESIAN_POINT('',(0.965326670702,-0.362115907774));
#2344 = CARTESIAN_POINT('',(0.964076822122,-0.362072698172));
#2345 = CARTESIAN_POINT('',(0.962827010196,-0.362018027727));
#2346 = CARTESIAN_POINT('',(0.961577234865,-0.361951894988));
#2347 = CARTESIAN_POINT('',(0.960327496046,-0.36187429803));
#2348 = CARTESIAN_POINT('',(0.959077793633,-0.361785234456));
#2349 = CARTESIAN_POINT('',(0.957828127496,-0.361684701391));
#2350 = CARTESIAN_POINT('',(0.95520390448,-0.361449488995));
#2351 = CARTESIAN_POINT('',(0.953829355105,-0.361312400346));
#2352 = CARTESIAN_POINT('',(0.952454849163,-0.36116142509));
#2353 = CARTESIAN_POINT('',(0.951080386424,-0.360996558048));
#2354 = CARTESIAN_POINT('',(0.949705966622,-0.360817793314));
#2355 = CARTESIAN_POINT('',(0.948331589456,-0.360625124252));
#2356 = CARTESIAN_POINT('',(0.946957254589,-0.360418543498));
#2357 = CARTESIAN_POINT('',(0.943344963551,-0.359838963919));
#2358 = CARTESIAN_POINT('',(0.941334954015,-0.35947954426));
#2359 = CARTESIAN_POINT('',(0.939472641721,-0.359119930762));
#2360 = CARTESIAN_POINT('',(0.937731719154,-0.358760183664));
#2361 = CARTESIAN_POINT('',(0.936085482035,-0.358400355016));
#2362 = CARTESIAN_POINT('',(0.934521257401,-0.358040465105));
#2363 = CARTESIAN_POINT('',(0.933026306151,-0.357680525756));
#2364 = CARTESIAN_POINT('',(0.929354895745,-0.356759035904));
#2365 = CARTESIAN_POINT('',(0.927265379162,-0.356197450397));
#2366 = CARTESIAN_POINT('',(0.925289905189,-0.355635816807));
#2367 = CARTESIAN_POINT('',(0.923409515147,-0.355074160247));
#2368 = CARTESIAN_POINT('',(0.921610475819,-0.354512498283));
#2369 = CARTESIAN_POINT('',(0.91988189625,-0.353950843067));
#2370 = CARTESIAN_POINT('',(0.918215857075,-0.353389201156));
#2371 = CARTESIAN_POINT('',(0.912927262233,-0.351544675122));
#2372 = CARTESIAN_POINT('',(0.909539929061,-0.350261881482));
#2373 = CARTESIAN_POINT('',(0.906365154637,-0.348979257944));
#2374 = CARTESIAN_POINT('',(0.903364212336,-0.347696837062));
#2375 = CARTESIAN_POINT('',(0.900509560795,-0.346414639502));
#2376 = CARTESIAN_POINT('',(0.897779180501,-0.34513267757));
#2377 = CARTESIAN_POINT('',(0.895158466734,-0.343850953836));
#2378 = CARTESIAN_POINT('',(0.88723365596,-0.339827478466));
#2379 = CARTESIAN_POINT('',(0.882275764895,-0.337086603328));
#2380 = CARTESIAN_POINT('',(0.877638379139,-0.334346861524));
#2381 = CARTESIAN_POINT('',(0.873265396911,-0.331608240128));
#2382 = CARTESIAN_POINT('',(0.869110604579,-0.328870717053));
#2383 = CARTESIAN_POINT('',(0.865144983711,-0.326134257521));
#2384 = CARTESIAN_POINT('',(0.861343783998,-0.32339882028));
#2385 = CARTESIAN_POINT('',(0.849884978487,-0.314826978413));
#2386 = CARTESIAN_POINT('',(0.842745757156,-0.308994073873));
#2387 = CARTESIAN_POINT('',(0.836087601381,-0.303165226966));
#2388 = CARTESIAN_POINT('',(0.829827118875,-0.297339991948));
#2389 = CARTESIAN_POINT('',(0.823895365138,-0.291517917573));
#2390 = CARTESIAN_POINT('',(0.818249229557,-0.285698543753));
#2391 = CARTESIAN_POINT('',(0.812851925914,-0.279881405487));
#2392 = CARTESIAN_POINT('',(0.796203503916,-0.261177125125));
#2393 = CARTESIAN_POINT('',(0.785817105173,-0.248296930444));
#2394 = CARTESIAN_POINT('',(0.776212304702,-0.235420391004));
#2395 = CARTESIAN_POINT('',(0.767256056335,-0.222542461008));
#2396 = CARTESIAN_POINT('',(0.758836900136,-0.20965808897));
#2397 = CARTESIAN_POINT('',(0.750886653975,-0.196762173808));
#2398 = CARTESIAN_POINT('',(0.74334684242,-0.183849529382));
#2399 = CARTESIAN_POINT('',(0.726348324914,-0.153196759693));
#2400 = CARTESIAN_POINT('',(0.717210943234,-0.135437328053));
#2401 = CARTESIAN_POINT('',(0.708648424596,-0.117622882991));
#2402 = CARTESIAN_POINT('',(0.700588306396,-9.973932643332E-02));
#2403 = CARTESIAN_POINT('',(0.692976349964,-8.177187721524E-02));
#2404 = CARTESIAN_POINT('',(0.685769608027,-6.370482252018E-02));
#2405 = CARTESIAN_POINT('',(0.678935368941,-4.552118428525E-02));
#2406 = CARTESIAN_POINT('',(0.672446145777,-2.720222221688E-02));
#2407 = ( GEOMETRIC_REPRESENTATION_CONTEXT(2) 
PARAMETRIC_REPRESENTATION_CONTEXT() REPRESENTATION_CONTEXT('2D SPACE',''
  ) );
#2408 = ORIENTED_EDGE('',*,*,#2409,.F.);
#2409 = EDGE_CURVE('',#1851,#2117,#2410,.T.);
#2410 = SEAM_CURVE('',#2411,(#2415,#2422),.PCURVE_S1.);
#2411 = LINE('',#2412,#2413);
#2412 = CARTESIAN_POINT('',(450.,130.,18.));
#2413 = VECTOR('',#2414,1.);
#2414 = DIRECTION('',(1.,0.,0.));
#2415 = PCURVE('',#307,#2416);
#2416 = DEFINITIONAL_REPRESENTATION('',(#2417),#2421);
#2417 = LINE('',#2418,#2419);
#2418 = CARTESIAN_POINT('',(6.28318530718,-0.));
#2419 = VECTOR('',#2420,1.);
#2420 = DIRECTION('',(0.,1.));
#2421 = ( GEOMETRIC_REPRESENTATION_CONTEXT(2) 
PARAMETRIC_REPRESENTATION_CONTEXT() REPRESENTATION_CONTEXT('2D SPACE',''
  ) );
#2422 = PCURVE('',#307,#2423);
#2423 = DEFINITIONAL_REPRESENTATION('',(#2424),#2428);
#2424 = LINE('',#2425,#2426);
#2425 = CARTESIAN_POINT('',(0.,-0.));
#2426 = VECTOR('',#2427,1.);
#2427 = DIRECTION('',(0.,1.));
#2428 = ( GEOMETRIC_REPRESENTATION_CONTEXT(2) 
PARAMETRIC_REPRESENTATION_CONTEXT() REPRESENTATION_CONTEXT('2D SPACE',''
  ) );
#2429 = ORIENTED_EDGE('',*,*,#1878,.F.);
#2430 = ORIENTED_EDGE('',*,*,#290,.T.);
#2431 = ORIENTED_EDGE('',*,*,#1850,.F.);
#2432 = ORIENTED_EDGE('',*,*,#2409,.T.);
#2433 = ORIENTED_EDGE('',*,*,#2434,.T.);
#2434 = EDGE_CURVE('',#2117,#2435,#2437,.T.);
#2435 = VERTEX_POINT('',#2436);
#2436 = CARTESIAN_POINT('',(770.06970403956,130.08622786776,
    17.998760536425));
#2437 = SURFACE_CURVE('',#2438,(#2444,#2453),.PCURVE_S1.);
#2438 = B_SPLINE_CURVE_WITH_KNOTS('',4,(#2439,#2440,#2441,#2442,#2443),
  .UNSPECIFIED.,.F.,.F.,(5,5),(0.,1.),.PIECEWISE_BEZIER_KNOTS.);
#2439 = CARTESIAN_POINT('',(762.05424885218,130.,18.));
#2440 = CARTESIAN_POINT('',(764.06653787602,130.02204003861,18.));
#2441 = CARTESIAN_POINT('',(766.07882854086,130.04380981209,
    17.999784112508));
#2442 = CARTESIAN_POINT('',(768.09112072338,130.06532062486,
    17.999364206545));
#2443 = CARTESIAN_POINT('',(770.10341432265,130.08658210859,
    17.998750329466));
#2444 = PCURVE('',#307,#2445);
#2445 = DEFINITIONAL_REPRESENTATION('',(#2446),#2452);
#2446 = B_SPLINE_CURVE_WITH_KNOTS('',4,(#2447,#2448,#2449,#2450,#2451),
  .UNSPECIFIED.,.F.,.F.,(5,5),(0.,1.),.PIECEWISE_BEZIER_KNOTS.);
#2447 = CARTESIAN_POINT('',(6.28318530718,312.05424885218));
#2448 = CARTESIAN_POINT('',(6.27583862764,314.06653787602));
#2449 = CARTESIAN_POINT('',(6.268582035573,316.07882854086));
#2450 = CARTESIAN_POINT('',(6.261410710951,318.09112072338));
#2451 = CARTESIAN_POINT('',(6.254320596273,320.10341432265));
#2452 = ( GEOMETRIC_REPRESENTATION_CONTEXT(2) 
PARAMETRIC_REPRESENTATION_CONTEXT() REPRESENTATION_CONTEXT('2D SPACE',''
  ) );
#2453 = PCURVE('',#1430,#2454);
#2454 = DEFINITIONAL_REPRESENTATION('',(#2455),#2461);
#2455 = B_SPLINE_CURVE_WITH_KNOTS('',4,(#2456,#2457,#2458,#2459,#2460),
  .UNSPECIFIED.,.F.,.F.,(5,5),(0.,1.),.PIECEWISE_BEZIER_KNOTS.);
#2456 = CARTESIAN_POINT('',(0.672446145777,-2.720222221688E-02));
#2457 = CARTESIAN_POINT('',(0.670061230124,-2.046964756616E-02));
#2458 = CARTESIAN_POINT('',(0.667730688568,-1.371574779089E-02));
#2459 = CARTESIAN_POINT('',(0.665452241063,-6.938898429014E-03));
#2460 = CARTESIAN_POINT('',(0.66322394729,-1.373199909234E-04));
#2461 = ( GEOMETRIC_REPRESENTATION_CONTEXT(2) 
PARAMETRIC_REPRESENTATION_CONTEXT() REPRESENTATION_CONTEXT('2D SPACE',''
  ) );
#2462 = ORIENTED_EDGE('',*,*,#2463,.F.);
#2463 = EDGE_CURVE('',#1219,#2435,#2464,.T.);
#2464 = SURFACE_CURVE('',#2465,(#2470,#2497),.PCURVE_S1.);
#2465 = ELLIPSE('',#2466,3.000790661486,3.);
#2466 = AXIS2_PLACEMENT_3D('',#2467,#2468,#2469);
#2467 = CARTESIAN_POINT('',(770.13855492681,130.,15.));
#2468 = DIRECTION('',(0.999736515614,-1.906418945672E-05,
    2.295428032406E-02));
#2469 = DIRECTION('',(2.295428824074E-02,8.303096197353E-04,
    -0.999736170816));
#2470 = PCURVE('',#307,#2471);
#2471 = DEFINITIONAL_REPRESENTATION('',(#2472),#2496);
#2472 = B_SPLINE_CURVE_WITH_KNOTS('',8,(#2473,#2474,#2475,#2476,#2477,
    #2478,#2479,#2480,#2481,#2482,#2483,#2484,#2485,#2486,#2487,#2488,
    #2489,#2490,#2491,#2492,#2493,#2494,#2495),.UNSPECIFIED.,.F.,.F.,(9,
    7,7,9),(3.140762125043,4.711558451838,7.067752942031,9.423947432223)
  ,.UNSPECIFIED.);
#2473 = CARTESIAN_POINT('',(0.,320.06967393677));
#2474 = CARTESIAN_POINT('',(0.196349540849,320.06966270408));
#2475 = CARTESIAN_POINT('',(0.392699081699,320.0726857798));
#2476 = CARTESIAN_POINT('',(0.589048622548,320.07874682782));
#2477 = CARTESIAN_POINT('',(0.785398163397,320.08759204342));
#2478 = CARTESIAN_POINT('',(0.981747704247,320.0987241091));
#2479 = CARTESIAN_POINT('',(1.178097245096,320.11145147562));
#2480 = CARTESIAN_POINT('',(1.374446785946,320.1249729684));
#2481 = CARTESIAN_POINT('',(1.865320638069,320.15878484532));
#2482 = CARTESIAN_POINT('',(2.159844949339,320.17907771671));
#2483 = CARTESIAN_POINT('',(2.454369260624,320.19669403729));
#2484 = CARTESIAN_POINT('',(2.748893571874,320.20895437197));
#2485 = CARTESIAN_POINT('',(3.043417883167,320.2139092714));
#2486 = CARTESIAN_POINT('',(3.337942194435,320.21113546303));
#2487 = CARTESIAN_POINT('',(3.632466505713,320.20163484427));
#2488 = CARTESIAN_POINT('',(4.221515128261,320.17296834347));
#2489 = CARTESIAN_POINT('',(4.516039439535,320.15380303768));
#2490 = CARTESIAN_POINT('',(4.81056375081,320.13169706586));
#2491 = CARTESIAN_POINT('',(5.105088062084,320.10944677291));
#2492 = CARTESIAN_POINT('',(5.399612373357,320.09020472071));
#2493 = CARTESIAN_POINT('',(5.694136684632,320.07653708546));
#2494 = CARTESIAN_POINT('',(5.988660995906,320.06969078581));
#2495 = CARTESIAN_POINT('',(6.28318530718,320.06967393677));
#2496 = ( GEOMETRIC_REPRESENTATION_CONTEXT(2) 
PARAMETRIC_REPRESENTATION_CONTEXT() REPRESENTATION_CONTEXT('2D SPACE',''
  ) );
#2497 = PCURVE('',#691,#2498);
#2498 = DEFINITIONAL_REPRESENTATION('',(#2499),#2503);
#2499 = ELLIPSE('',#2500,3.000790661486,3.);
#2500 = AXIS2_PLACEMENT_2D('',#2501,#2502);
#2501 = CARTESIAN_POINT('',(-1.755390477778,-3.387398217226));
#2502 = DIRECTION('',(0.999999655293,8.303096198862E-04));
#2503 = ( GEOMETRIC_REPRESENTATION_CONTEXT(2) 
PARAMETRIC_REPRESENTATION_CONTEXT() REPRESENTATION_CONTEXT('2D SPACE',''
  ) );
#2504 = ORIENTED_EDGE('',*,*,#1241,.F.);
#2505 = ORIENTED_EDGE('',*,*,#1320,.F.);
#2506 = ORIENTED_EDGE('',*,*,#2507,.F.);
#2507 = EDGE_CURVE('',#2508,#1321,#2510,.T.);
#2508 = VERTEX_POINT('',#2509);
#2509 = CARTESIAN_POINT('',(770.10171900702,127.46368702851,
    16.60222236618));
#2510 = SURFACE_CURVE('',#2511,(#2516,#2543),.PCURVE_S1.);
#2511 = ELLIPSE('',#2512,3.000790661486,3.);
#2512 = AXIS2_PLACEMENT_3D('',#2513,#2514,#2515);
#2513 = CARTESIAN_POINT('',(770.13855492681,130.,15.));
#2514 = DIRECTION('',(0.999736515614,-1.906418945672E-05,
    2.295428032406E-02));
#2515 = DIRECTION('',(2.295428824074E-02,8.303096197353E-04,
    -0.999736170816));
#2516 = PCURVE('',#307,#2517);
#2517 = DEFINITIONAL_REPRESENTATION('',(#2518),#2542);
#2518 = B_SPLINE_CURVE_WITH_KNOTS('',8,(#2519,#2520,#2521,#2522,#2523,
    #2524,#2525,#2526,#2527,#2528,#2529,#2530,#2531,#2532,#2533,#2534,
    #2535,#2536,#2537,#2538,#2539,#2540,#2541),.UNSPECIFIED.,.F.,.F.,(9,
    7,7,9),(3.140762125043,4.711558451838,7.067752942031,9.423947432223)
  ,.UNSPECIFIED.);
#2519 = CARTESIAN_POINT('',(0.,320.06967393677));
#2520 = CARTESIAN_POINT('',(0.196349540849,320.06966270408));
#2521 = CARTESIAN_POINT('',(0.392699081699,320.0726857798));
#2522 = CARTESIAN_POINT('',(0.589048622548,320.07874682782));
#2523 = CARTESIAN_POINT('',(0.785398163397,320.08759204342));
#2524 = CARTESIAN_POINT('',(0.981747704247,320.0987241091));
#2525 = CARTESIAN_POINT('',(1.178097245096,320.11145147562));
#2526 = CARTESIAN_POINT('',(1.374446785946,320.1249729684));
#2527 = CARTESIAN_POINT('',(1.865320638069,320.15878484532));
#2528 = CARTESIAN_POINT('',(2.159844949339,320.17907771671));
#2529 = CARTESIAN_POINT('',(2.454369260624,320.19669403729));
#2530 = CARTESIAN_POINT('',(2.748893571874,320.20895437197));
#2531 = CARTESIAN_POINT('',(3.043417883167,320.2139092714));
#2532 = CARTESIAN_POINT('',(3.337942194435,320.21113546303));
#2533 = CARTESIAN_POINT('',(3.632466505713,320.20163484427));
#2534 = CARTESIAN_POINT('',(4.221515128261,320.17296834347));
#2535 = CARTESIAN_POINT('',(4.516039439535,320.15380303768));
#2536 = CARTESIAN_POINT('',(4.81056375081,320.13169706586));
#2537 = CARTESIAN_POINT('',(5.105088062084,320.10944677291));
#2538 = CARTESIAN_POINT('',(5.399612373357,320.09020472071));
#2539 = CARTESIAN_POINT('',(5.694136684632,320.07653708546));
#2540 = CARTESIAN_POINT('',(5.988660995906,320.06969078581));
#2541 = CARTESIAN_POINT('',(6.28318530718,320.06967393677));
#2542 = ( GEOMETRIC_REPRESENTATION_CONTEXT(2) 
PARAMETRIC_REPRESENTATION_CONTEXT() REPRESENTATION_CONTEXT('2D SPACE',''
  ) );
#2543 = PCURVE('',#1373,#2544);
#2544 = DEFINITIONAL_REPRESENTATION('',(#2545),#2549);
#2545 = ELLIPSE('',#2546,3.000790661486,3.);
#2546 = AXIS2_PLACEMENT_2D('',#2547,#2548);
#2547 = CARTESIAN_POINT('',(-1.755390477778,-3.387398217226));
#2548 = DIRECTION('',(0.999999655293,8.303096198862E-04));
#2549 = ( GEOMETRIC_REPRESENTATION_CONTEXT(2) 
PARAMETRIC_REPRESENTATION_CONTEXT() REPRESENTATION_CONTEXT('2D SPACE',''
  ) );
#2550 = ORIENTED_EDGE('',*,*,#2551,.F.);
#2551 = EDGE_CURVE('',#2115,#2508,#2552,.T.);
#2552 = SURFACE_CURVE('',#2553,(#2580,#2610),.PCURVE_S1.);
#2553 = B_SPLINE_CURVE_WITH_KNOTS('',7,(#2554,#2555,#2556,#2557,#2558,
    #2559,#2560,#2561,#2562,#2563,#2564,#2565,#2566,#2567,#2568,#2569,
    #2570,#2571,#2572,#2573,#2574,#2575,#2576,#2577,#2578,#2579),
  .UNSPECIFIED.,.F.,.F.,(8,6,6,6,8),(0.,0.129165240028,0.324404074729,
    0.516903651107,1.),.UNSPECIFIED.);
#2554 = CARTESIAN_POINT('',(629.18975507668,128.00022003696,
    17.236264765057));
#2555 = CARTESIAN_POINT('',(631.78988084745,127.98719348679,
    17.224615771424));
#2556 = CARTESIAN_POINT('',(634.39000709663,127.97433792284,
    17.212960387674));
#2557 = CARTESIAN_POINT('',(636.99013379656,127.96164796037,
    17.201297773188));
#2558 = CARTESIAN_POINT('',(639.59026092219,127.94911871797,
    17.18962729208));
#2559 = CARTESIAN_POINT('',(642.1903884511,127.93674581758,
    17.177948513196));
#2560 = CARTESIAN_POINT('',(644.79051636349,127.92452538449,
    17.166261210115));
#2561 = CARTESIAN_POINT('',(651.32085074943,127.89420770022,
    17.136886580677));
#2562 = CARTESIAN_POINT('',(655.25105769572,127.8763024841,
    17.119188825849));
#2563 = CARTESIAN_POINT('',(659.18126543768,127.85873014643,
    17.101475438316));
#2564 = CARTESIAN_POINT('',(663.11147395178,127.84148551304,
    17.083752807687));
#2565 = CARTESIAN_POINT('',(667.04168314464,127.82455067227,
    17.066012839418));
#2566 = CARTESIAN_POINT('',(670.97189301687,127.80792559444,
    17.048265498181));
#2567 = CARTESIAN_POINT('',(678.77717201151,127.77550470177,
    17.013004274454));
#2568 = CARTESIAN_POINT('',(682.65224111724,127.75970070397,
    16.995490817409));
#2569 = CARTESIAN_POINT('',(686.52731080199,127.74418183604,
    16.977971922259));
#2570 = CARTESIAN_POINT('',(690.40238103324,127.72894176479,
    16.960449655974));
#2571 = CARTESIAN_POINT('',(694.27745178058,127.71397462043,
    16.942926190311));
#2572 = CARTESIAN_POINT('',(698.15252301561,127.69927499662,
    16.925403801812));
#2573 = CARTESIAN_POINT('',(711.75246280497,127.64860678328,
    16.863919418575));
#2574 = CARTESIAN_POINT('',(721.47733378372,127.6140292937,
    16.819975999271));
#2575 = CARTESIAN_POINT('',(731.20220725226,127.58102614842,
    16.776092062333));
#2576 = CARTESIAN_POINT('',(740.92708284608,127.54953457831,
    16.732312668399));
#2577 = CARTESIAN_POINT('',(750.65196021996,127.51950409967,
    16.688690621301));
#2578 = CARTESIAN_POINT('',(760.37683904387,127.49089606289,
    16.645294182105));
#2579 = CARTESIAN_POINT('',(770.10171900702,127.46368702851,
    16.602222366182));
#2580 = PCURVE('',#307,#2581);
#2581 = DEFINITIONAL_REPRESENTATION('',(#2582),#2609);
#2582 = B_SPLINE_CURVE_WITH_KNOTS('',7,(#2583,#2584,#2585,#2586,#2587,
    #2588,#2589,#2590,#2591,#2592,#2593,#2594,#2595,#2596,#2597,#2598,
    #2599,#2600,#2601,#2602,#2603,#2604,#2605,#2606,#2607,#2608),
  .UNSPECIFIED.,.F.,.F.,(8,6,6,6,8),(0.,0.129165240028,0.324404074729,
    0.516903651107,1.),.UNSPECIFIED.);
#2583 = CARTESIAN_POINT('',(0.729629257036,179.18975507668));
#2584 = CARTESIAN_POINT('',(0.735454394725,181.78988084745));
#2585 = CARTESIAN_POINT('',(0.741238467858,184.39000709663));
#2586 = CARTESIAN_POINT('',(0.746983321091,186.99013379656));
#2587 = CARTESIAN_POINT('',(0.752690611997,189.59026092219));
#2588 = CARTESIAN_POINT('',(0.758361811071,192.1903884511));
#2589 = CARTESIAN_POINT('',(0.763998201726,194.79051636349));
#2590 = CARTESIAN_POINT('',(0.778069570741,201.32085074943));
#2591 = CARTESIAN_POINT('',(0.786460996715,205.25105769572));
#2592 = CARTESIAN_POINT('',(0.794777351636,209.18126543768));
#2593 = CARTESIAN_POINT('',(0.803019300122,213.11147395178));
#2594 = CARTESIAN_POINT('',(0.81119384955,217.04168314464));
#2595 = CARTESIAN_POINT('',(0.819299472774,220.97189301687));
#2596 = CARTESIAN_POINT('',(0.835266341875,228.77717201151));
#2597 = CARTESIAN_POINT('',(0.843129332135,232.65224111724));
#2598 = CARTESIAN_POINT('',(0.850930137658,236.52731080199));
#2599 = CARTESIAN_POINT('',(0.858670436714,240.40238103324));
#2600 = CARTESIAN_POINT('',(0.86635172691,244.27745178058));
#2601 = CARTESIAN_POINT('',(0.873975325195,248.15252301561));
#2602 = CARTESIAN_POINT('',(0.900532595019,261.75246280497));
#2603 = CARTESIAN_POINT('',(0.919166594926,271.47733378372));
#2604 = CARTESIAN_POINT('',(0.937462741287,281.20220725226));
#2605 = CARTESIAN_POINT('',(0.955432040888,290.92708284608));
#2606 = CARTESIAN_POINT('',(0.973079447741,300.65196021996));
#2607 = CARTESIAN_POINT('',(0.990402046521,310.37683904387));
#2608 = CARTESIAN_POINT('',(1.007384105284,320.10171900702));
#2609 = ( GEOMETRIC_REPRESENTATION_CONTEXT(2) 
PARAMETRIC_REPRESENTATION_CONTEXT() REPRESENTATION_CONTEXT('2D SPACE',''
  ) );
#2610 = PCURVE('',#1952,#2611);
#2611 = DEFINITIONAL_REPRESENTATION('',(#2612),#2639);
#2612 = B_SPLINE_CURVE_WITH_KNOTS('',7,(#2613,#2614,#2615,#2616,#2617,
    #2618,#2619,#2620,#2621,#2622,#2623,#2624,#2625,#2626,#2627,#2628,
    #2629,#2630,#2631,#2632,#2633,#2634,#2635,#2636,#2637,#2638),
  .UNSPECIFIED.,.F.,.F.,(8,6,6,6,8),(0.,0.129165240028,0.324404074729,
    0.516903651107,1.),.UNSPECIFIED.);
#2613 = CARTESIAN_POINT('',(0.499667945751,0.465357040322));
#2614 = CARTESIAN_POINT('',(0.490800891271,0.467387126475));
#2615 = CARTESIAN_POINT('',(0.481939907076,0.469396257453));
#2616 = CARTESIAN_POINT('',(0.473083258054,0.471385033209));
#2617 = CARTESIAN_POINT('',(0.464229244969,0.473354000536));
#2618 = CARTESIAN_POINT('',(0.455376204464,0.475303653072));
#2619 = CARTESIAN_POINT('',(0.44652250906,0.477234431299));
#2620 = CARTESIAN_POINT('',(0.424280428764,0.482037233284));
#2621 = CARTESIAN_POINT('',(0.410889143623,0.484885458633));
#2622 = CARTESIAN_POINT('',(0.397487149613,0.487692400526));
#2623 = CARTESIAN_POINT('',(0.384069010592,0.490458755868));
#2624 = CARTESIAN_POINT('',(0.37062945893,0.493186463536));
#2625 = CARTESIAN_POINT('',(0.357163115862,0.49587569208));
#2626 = CARTESIAN_POINT('',(0.330355555907,0.50114220831));
#2627 = CARTESIAN_POINT('',(0.317015205361,0.503720519538));
#2628 = CARTESIAN_POINT('',(0.303638519017,0.50626330934));
#2629 = CARTESIAN_POINT('',(0.290220309236,0.5087713483));
#2630 = CARTESIAN_POINT('',(0.276755272191,0.511245355319));
#2631 = CARTESIAN_POINT('',(0.263237987868,0.513685997621));
#2632 = CARTESIAN_POINT('',(0.215594971366,0.522136731983));
#2633 = CARTESIAN_POINT('',(0.181162832082,0.527973323095));
#2634 = CARTESIAN_POINT('',(0.146278401229,0.53361352006));
#2635 = CARTESIAN_POINT('',(0.110844012113,0.539065325019));
#2636 = CARTESIAN_POINT('',(7.474980212764E-02,0.544335342661));
#2637 = CARTESIAN_POINT('',(3.786169564239E-02,0.549428805754));
#2638 = CARTESIAN_POINT('',(0.,0.554349169803));
#2639 = ( GEOMETRIC_REPRESENTATION_CONTEXT(2) 
PARAMETRIC_REPRESENTATION_CONTEXT() REPRESENTATION_CONTEXT('2D SPACE',''
  ) );
#2640 = ADVANCED_FACE('',(#2641),#250,.T.);
#2641 = FACE_BOUND('',#2642,.T.);
#2642 = EDGE_LOOP('',(#2643,#2864,#2865,#2866));
#2643 = ORIENTED_EDGE('',*,*,#2644,.F.);
#2644 = EDGE_CURVE('',#653,#235,#2645,.T.);
#2645 = SURFACE_CURVE('',#2646,(#2750,#2857),.PCURVE_S1.);
#2646 = B_SPLINE_CURVE_WITH_KNOTS('',3,(#2647,#2648,#2649,#2650,#2651,
    #2652,#2653,#2654,#2655,#2656,#2657,#2658,#2659,#2660,#2661,#2662,
    #2663,#2664,#2665,#2666,#2667,#2668,#2669,#2670,#2671,#2672,#2673,
    #2674,#2675,#2676,#2677,#2678,#2679,#2680,#2681,#2682,#2683,#2684,
    #2685,#2686,#2687,#2688,#2689,#2690,#2691,#2692,#2693,#2694,#2695,
    #2696,#2697,#2698,#2699,#2700,#2701,#2702,#2703,#2704,#2705,#2706,
    #2707,#2708,#2709,#2710,#2711,#2712,#2713,#2714,#2715,#2716,#2717,
    #2718,#2719,#2720,#2721,#2722,#2723,#2724,#2725,#2726,#2727,#2728,
    #2729,#2730,#2731,#2732,#2733,#2734,#2735,#2736,#2737,#2738,#2739,
    #2740,#2741,#2742,#2743,#2744,#2745,#2746,#2747,#2748,#2749),
  .UNSPECIFIED.,.F.,.F.,(4,1,2,1,2,1,2,1,2,1,2,1,2,1,2,1,2,1,2,1,2,1,2,1
    ,1,2,1,2,1,2,1,2,1,2,1,2,1,2,1,2,1,2,1,2,2,2,1,1,1,3,1,2,2,2,2,1,2,1
    ,2,1,2,2,1,2,2,4),(4.75669178605E-04,1.061637193795E-02,
    1.177562627375E-02,2.903185745912E-02,3.243366328926E-02,
    4.790245068516E-02,5.355514009655E-02,6.724852608032E-02,
    7.515975308085E-02,8.709117185649E-02,9.726750222849E-02,
    0.107453370574,0.119899931355,0.128359638838,0.143079630733,
    0.149836607847,0.166830767175,0.171913081811,0.191179008362,
    0.194620621344,0.216151995868,0.217993655467,0.241779257512,
    0.242070574373,0.266893322041,0.268093144449,0.292510308027,
    0.295128058242,0.318973338342,0.322923209374,0.346347088909,
    0.351518757454,0.374694760668,0.38096536962,0.404111657811,
    0.411307889174,0.434672772305,0.442620114241,0.466775714744,
    0.474947311136,0.501050763251,0.508664082665,0.537798747295,
    0.544364347053,0.577475752269,0.582264691748,0.588737618224,
    0.594467094286,0.600265239174,0.622701252542,0.624180533237,
    0.634079018356,0.639849593794,0.645676789889,0.669573852626,
    0.675974998433,0.72050261394,0.734430067002,0.776428048757,
    0.802165786635,0.806680940013,0.838772741153,0.884156940485,
    0.909890304898,0.99427127817,1.000839123355),.UNSPECIFIED.);
#2647 = CARTESIAN_POINT('',(770.00190244251,133.37954320541,
    20.95448451602));
#2648 = CARTESIAN_POINT('',(769.00171621944,133.37446879344,
    20.959665271885));
#2649 = CARTESIAN_POINT('',(767.88492971913,133.3688028049,
    20.965459851012));
#2650 = CARTESIAN_POINT('',(766.76572756711,133.36312455095,
    20.971277670009));
#2651 = CARTESIAN_POINT('',(764.94136735866,133.35386868744,
    20.980762811508));
#2652 = CARTESIAN_POINT('',(762.8881342599,133.34345161399,
    20.991467635285));
#2653 = CARTESIAN_POINT('',(760.82746433044,133.33299677953,
    21.002244778212));
#2654 = CARTESIAN_POINT('',(758.94399360338,133.32344096293,
    21.012100153604));
#2655 = CARTESIAN_POINT('',(756.83025929117,133.3127168778,
    21.023185681896));
#2656 = CARTESIAN_POINT('',(754.70943352134,133.30195678423,
    21.034341369798));
#2657 = CARTESIAN_POINT('',(752.7651891124,133.29209257605,
    21.04457615086));
#2658 = CARTESIAN_POINT('',(750.58939874718,133.28105359009,
    21.056051239291));
#2659 = CARTESIAN_POINT('',(748.40692070807,133.26998064472,
    21.067593909792));
#2660 = CARTESIAN_POINT('',(746.40028645149,133.25979984477,
    21.078217140255));
#2661 = CARTESIAN_POINT('',(744.16097816937,133.24843854079,
    21.090089886784));
#2662 = CARTESIAN_POINT('',(741.91545340161,133.23704566844,
    21.102027230622));
#2663 = CARTESIAN_POINT('',(739.84476277936,133.2265398212,
    21.113048105166));
#2664 = CARTESIAN_POINT('',(737.54046393002,133.21484872724,
    21.125326717772));
#2665 = CARTESIAN_POINT('',(735.2304955286,133.20312884029,
    21.137666499997));
#2666 = CARTESIAN_POINT('',(733.09408933639,133.19228952731,
    21.149094188647));
#2667 = CARTESIAN_POINT('',(730.72338923467,133.18026148585,
    21.161786464305));
#2668 = CARTESIAN_POINT('',(728.34765272192,133.16820786424,
    21.174535952253));
#2669 = CARTESIAN_POINT('',(726.14384649742,133.15702653899,
    21.186379708509));
#2670 = CARTESIAN_POINT('',(723.70536937076,133.14465456969,
    21.199493228658));
#2671 = CARTESIAN_POINT('',(721.26258659228,133.13226072838,
    21.212659438023));
#2672 = CARTESIAN_POINT('',(718.98969461784,133.12072883796,
    21.224928507465));
#2673 = CARTESIAN_POINT('',(716.4821379528,133.10800633221,
    21.238470407236));
#2674 = CARTESIAN_POINT('',(713.97111739826,133.09526622585,
    21.252059809622));
#2675 = CARTESIAN_POINT('',(711.62742852422,133.08337508835,
    21.264763550314));
#2676 = CARTESIAN_POINT('',(709.04955045018,133.07029574525,
    21.278740601909));
#2677 = CARTESIAN_POINT('',(706.46917641976,133.05720371313,
    21.292759243598));
#2678 = CARTESIAN_POINT('',(704.05298435231,133.0449446713,
    21.305906962231));
#2679 = CARTESIAN_POINT('',(701.40365455523,133.03150275601,
    21.320325273576));
#2680 = CARTESIAN_POINT('',(698.75294068431,133.01805379371,
    21.334778404709));
#2681 = CARTESIAN_POINT('',(696.26248121238,133.00541789646,
    21.348379725312));
#2682 = CARTESIAN_POINT('',(693.66474054078,132.99223768404,
    21.362567229199));
#2683 = CARTESIAN_POINT('',(690.94279005839,132.97842724277,
    21.377458444061));
#2684 = CARTESIAN_POINT('',(688.25223086386,132.96477605092,
    21.392201748421));
#2685 = CARTESIAN_POINT('',(685.6036663864,132.95133792828,
    21.406716014178));
#2686 = CARTESIAN_POINT('',(682.80979072136,132.93716251384,
    21.422049728566));
#2687 = CARTESIAN_POINT('',(680.0187895862,132.92300166265,
    21.437391355947));
#2688 = CARTESIAN_POINT('',(677.28711508514,132.90914181816,
    21.452409104094));
#2689 = CARTESIAN_POINT('',(674.42067819615,132.89459820322,
    21.46818904631));
#2690 = CARTESIAN_POINT('',(671.55893680063,132.88007839157,
    21.48396586668));
#2691 = CARTESIAN_POINT('',(668.74127384952,132.86578222089,
    21.499502819269));
#2692 = CARTESIAN_POINT('',(665.80213342149,132.85086968403,
    21.515729051267));
#2693 = CARTESIAN_POINT('',(662.86977761506,132.8359915507,
    21.531940102951));
#2694 = CARTESIAN_POINT('',(659.96411836255,132.8212488663,
    21.548007512662));
#2695 = CARTESIAN_POINT('',(656.95176478758,132.80596482149,
    21.564683280507));
#2696 = CARTESIAN_POINT('',(653.94859736437,132.79072736641,
    21.581329078077));
#2697 = CARTESIAN_POINT('',(650.95050844061,132.77551567471,
    21.59795104124));
#2698 = CARTESIAN_POINT('',(647.86588119901,132.75986489041,
    21.615069225289));
#2699 = CARTESIAN_POINT('',(644.79320441132,132.74427472116,
    21.632142321359));
#2700 = CARTESIAN_POINT('',(641.7013742548,132.72858736684,
    21.649326906588));
#2701 = CARTESIAN_POINT('',(638.54347610932,132.71256478098,
    21.666895560109));
#2702 = CARTESIAN_POINT('',(635.40073022427,132.69661905848,
    21.684398070604));
#2703 = CARTESIAN_POINT('',(632.18272885362,132.68029149937,
    21.702324046205));
#2704 = CARTESIAN_POINT('',(628.95482447812,132.66391368214,
    21.720318538218));
#2705 = CARTESIAN_POINT('',(625.74579695083,132.64763162177,
    21.738230997399));
#2706 = CARTESIAN_POINT('',(622.34865646247,132.63039510216,
    21.757200183795));
#2707 = CARTESIAN_POINT('',(619.02333230974,132.6135229474,
    21.775789589669));
#2708 = CARTESIAN_POINT('',(615.72170337952,132.59677098439,
    21.794284157306));
#2709 = CARTESIAN_POINT('',(612.12925467023,132.57854343711,
    21.814417711687));
#2710 = CARTESIAN_POINT('',(608.66154034487,132.56094874017,
    21.833889050345));
#2711 = CARTESIAN_POINT('',(605.22417452352,132.54350799618,
    21.853224464696));
#2712 = CARTESIAN_POINT('',(601.41025377406,132.52415665575,
    21.874684720569));
#2713 = CARTESIAN_POINT('',(598.25414058405,132.50814292036,
    21.892471766775));
#2714 = CARTESIAN_POINT('',(594.67547845785,132.48998519505,
    21.912671087322));
#2715 = CARTESIAN_POINT('',(594.22391264132,132.48769400085,
    21.915220464548));
#2716 = CARTESIAN_POINT('',(593.16347082608,132.48231343708,
    21.921208665685));
#2717 = CARTESIAN_POINT('',(592.01663160478,132.47649450072,
    21.927686694432));
#2718 = CARTESIAN_POINT('',(590.33099291367,132.46794175031,
    21.937213342265));
#2719 = CARTESIAN_POINT('',(587.16163269353,132.45186074763,
    21.955134290778));
#2720 = CARTESIAN_POINT('',(584.54994536727,132.43860930348,
    21.969919063827));
#2721 = CARTESIAN_POINT('',(582.49004336819,132.42815755558,
    21.981589177836));
#2722 = CARTESIAN_POINT('',(582.35422757769,132.42746843911,
    21.982358625003));
#2723 = CARTESIAN_POINT('',(581.31012804668,132.42217077647,
    21.988274259888));
#2724 = CARTESIAN_POINT('',(580.27001630827,132.41689334473,
    21.994170389717));
#2725 = CARTESIAN_POINT('',(578.84251321209,132.40965032234,
    22.002265153939));
#2726 = CARTESIAN_POINT('',(578.3178479706,132.40698821756,
    22.005240872288));
#2727 = CARTESIAN_POINT('',(577.2655175421,132.40164878537,
    22.011210625765));
#2728 = CARTESIAN_POINT('',(576.7378730001,132.3989715627,22.01420455612
    ));
#2729 = CARTESIAN_POINT('',(574.05202144006,132.38534378187,
    22.0294475733));
#2730 = CARTESIAN_POINT('',(571.9113024203,132.3744819476,22.04160707912
    ));
#2731 = CARTESIAN_POINT('',(569.22213980722,132.3608373445,
    22.056893570553));
#2732 = CARTESIAN_POINT('',(564.71312753553,132.33795896015,
    22.082530322748));
#2733 = CARTESIAN_POINT('',(560.29493458653,132.31554134885,
    22.107692006608));
#2734 = CARTESIAN_POINT('',(555.32434956915,132.29032090719,
    22.136033331981));
#2735 = CARTESIAN_POINT('',(550.59895010981,132.26634451259,
    22.162987003075));
#2736 = CARTESIAN_POINT('',(545.99788437217,132.24299894479,
    22.189270338571));
#2737 = CARTESIAN_POINT('',(540.54794159984,132.21534619289,
    22.220431929657));
#2738 = CARTESIAN_POINT('',(538.14743065919,132.20316610654,
    22.234165688466));
#2739 = CARTESIAN_POINT('',(535.7883281786,132.19119611725,
    22.247670996343));
#2740 = CARTESIAN_POINT('',(532.94127821453,132.17675030106,
    22.263971207391));
#2741 = CARTESIAN_POINT('',(530.49235977723,132.16432457957,
    22.278001458536));
#2742 = CARTESIAN_POINT('',(524.70005101895,132.13493460184,
    22.311205950459));
#2743 = CARTESIAN_POINT('',(519.53872091391,132.10874616517,
    22.340819034423));
#2744 = CARTESIAN_POINT('',(514.63983142512,132.08388931585,
    22.368958050065));
#2745 = CARTESIAN_POINT('',(507.20761761288,132.04617842447,
    22.411664328475));
#2746 = CARTESIAN_POINT('',(501.89659867069,132.01923039324,
    22.442222472102));
#2747 = CARTESIAN_POINT('',(496.63890538615,131.99255291229,
    22.472499635442));
#2748 = CARTESIAN_POINT('',(496.2618457705,131.99063971558,
    22.474671148304));
#2749 = CARTESIAN_POINT('',(495.88743245136,131.98873994601,
    22.476827573737));
#2750 = PCURVE('',#250,#2751);
#2751 = DEFINITIONAL_REPRESENTATION('',(#2752),#2856);
#2752 = B_SPLINE_CURVE_WITH_KNOTS('',3,(#2753,#2754,#2755,#2756,#2757,
    #2758,#2759,#2760,#2761,#2762,#2763,#2764,#2765,#2766,#2767,#2768,
    #2769,#2770,#2771,#2772,#2773,#2774,#2775,#2776,#2777,#2778,#2779,
    #2780,#2781,#2782,#2783,#2784,#2785,#2786,#2787,#2788,#2789,#2790,
    #2791,#2792,#2793,#2794,#2795,#2796,#2797,#2798,#2799,#2800,#2801,
    #2802,#2803,#2804,#2805,#2806,#2807,#2808,#2809,#2810,#2811,#2812,
    #2813,#2814,#2815,#2816,#2817,#2818,#2819,#2820,#2821,#2822,#2823,
    #2824,#2825,#2826,#2827,#2828,#2829,#2830,#2831,#2832,#2833,#2834,
    #2835,#2836,#2837,#2838,#2839,#2840,#2841,#2842,#2843,#2844,#2845,
    #2846,#2847,#2848,#2849,#2850,#2851,#2852,#2853,#2854,#2855),
  .UNSPECIFIED.,.F.,.F.,(4,1,2,1,2,1,2,1,2,1,2,1,2,1,2,1,2,1,2,1,2,1,2,1
    ,1,2,1,2,1,2,1,2,1,2,1,2,1,2,1,2,1,2,1,2,2,2,1,1,1,3,1,2,2,2,2,1,2,1
    ,2,1,2,2,1,2,2,4),(4.75669178605E-04,1.061637193795E-02,
    1.177562627375E-02,2.903185745912E-02,3.243366328926E-02,
    4.790245068516E-02,5.355514009655E-02,6.724852608032E-02,
    7.515975308085E-02,8.709117185649E-02,9.726750222849E-02,
    0.107453370574,0.119899931355,0.128359638838,0.143079630733,
    0.149836607847,0.166830767175,0.171913081811,0.191179008362,
    0.194620621344,0.216151995868,0.217993655467,0.241779257512,
    0.242070574373,0.266893322041,0.268093144449,0.292510308027,
    0.295128058242,0.318973338342,0.322923209374,0.346347088909,
    0.351518757454,0.374694760668,0.38096536962,0.404111657811,
    0.411307889174,0.434672772305,0.442620114241,0.466775714744,
    0.474947311136,0.501050763251,0.508664082665,0.537798747295,
    0.544364347053,0.577475752269,0.582264691748,0.588737618224,
    0.594467094286,0.600265239174,0.622701252542,0.624180533237,
    0.634079018356,0.639849593794,0.645676789889,0.669573852626,
    0.675974998433,0.72050261394,0.734430067002,0.776428048757,
    0.802165786635,0.806680940013,0.838772741153,0.884156940485,
    0.909890304898,0.99427127817,1.000839123355),.UNSPECIFIED.);
#2753 = CARTESIAN_POINT('',(8.179219611218,274.01079011787));
#2754 = CARTESIAN_POINT('',(8.151076491755,273.01097361694));
#2755 = CARTESIAN_POINT('',(8.119642632167,271.89460016673));
#2756 = CARTESIAN_POINT('',(8.088130076785,270.77581220401));
#2757 = CARTESIAN_POINT('',(8.036761121877,268.95212718747));
#2758 = CARTESIAN_POINT('',(7.978918009662,266.89965466856));
#2759 = CARTESIAN_POINT('',(7.920831851772,264.83974884381));
#2760 = CARTESIAN_POINT('',(7.867735615319,262.95697662939));
#2761 = CARTESIAN_POINT('',(7.8081228241,260.84402680682));
#2762 = CARTESIAN_POINT('',(7.748277075756,258.72398891533));
#2763 = CARTESIAN_POINT('',(7.693406203077,256.78046696733));
#2764 = CARTESIAN_POINT('',(7.631979181299,254.60548559471));
#2765 = CARTESIAN_POINT('',(7.57033104991,252.42381977647));
#2766 = CARTESIAN_POINT('',(7.513639393375,250.41793254198));
#2767 = CARTESIAN_POINT('',(7.450356481617,248.17945830787));
#2768 = CARTESIAN_POINT('',(7.386866262446,245.93477062973));
#2769 = CARTESIAN_POINT('',(7.328306367456,243.86485221967));
#2770 = CARTESIAN_POINT('',(7.263125548654,241.56141303143));
#2771 = CARTESIAN_POINT('',(7.197753406522,239.25230711689));
#2772 = CARTESIAN_POINT('',(7.137278011045,237.11669895353));
#2773 = CARTESIAN_POINT('',(7.070159101719,234.7468846587));
#2774 = CARTESIAN_POINT('',(7.002867361923,232.37203652903));
#2775 = CARTESIAN_POINT('',(6.940428540562,230.16905478482));
#2776 = CARTESIAN_POINT('',(6.871332374285,227.73149012986));
#2777 = CARTESIAN_POINT('',(6.802084677252,225.28962211221));
#2778 = CARTESIAN_POINT('',(6.737634483709,223.01758170443));
#2779 = CARTESIAN_POINT('',(6.666524022234,220.51096466629));
#2780 = CARTESIAN_POINT('',(6.59528654164,218.00088569764));
#2781 = CARTESIAN_POINT('',(6.528776333255,215.65807612052));
#2782 = CARTESIAN_POINT('',(6.455616293494,213.08116529545));
#2783 = CARTESIAN_POINT('',(6.382357368792,210.50176009455));
#2784 = CARTESIAN_POINT('',(6.313738665753,208.08647569576));
#2785 = CARTESIAN_POINT('',(6.238496989997,205.43814119334));
#2786 = CARTESIAN_POINT('',(6.163188726038,202.78842376341));
#2787 = CARTESIAN_POINT('',(6.092411401531,200.29890099519));
#2788 = CARTESIAN_POINT('',(6.01858493051,197.70213738402));
#2789 = CARTESIAN_POINT('',(5.941203144585,194.98121126147));
#2790 = CARTESIAN_POINT('',(5.864689956984,192.29166516009));
#2791 = CARTESIAN_POINT('',(5.789369923378,189.64409798798));
#2792 = CARTESIAN_POINT('',(5.709894391636,186.85127487565));
#2793 = CARTESIAN_POINT('',(5.63047694661,184.06132575405));
#2794 = CARTESIAN_POINT('',(5.552745402558,181.33068095568));
#2795 = CARTESIAN_POINT('',(5.471157794518,178.46532505736));
#2796 = CARTESIAN_POINT('',(5.389681113454,175.60466340343));
#2797 = CARTESIAN_POINT('',(5.309456253951,172.78806363502));
#2798 = CARTESIAN_POINT('',(5.225753240198,169.85003267271));
#2799 = CARTESIAN_POINT('',(5.142221173953,166.91878428227));
#2800 = CARTESIAN_POINT('',(5.059445650113,164.01422245425));
#2801 = CARTESIAN_POINT('',(4.97361228512,161.00300702235));
#2802 = CARTESIAN_POINT('',(4.888019791519,158.00097475079));
#2803 = CARTESIAN_POINT('',(4.802567725613,155.00401915812));
#2804 = CARTESIAN_POINT('',(4.714632697102,151.92055833793));
#2805 = CARTESIAN_POINT('',(4.627017120569,148.84904394005));
#2806 = CARTESIAN_POINT('',(4.538850333374,145.75838353531));
#2807 = CARTESIAN_POINT('',(4.448782694176,142.6016805245));
#2808 = CARTESIAN_POINT('',(4.359129068183,139.46012445636));
#2809 = CARTESIAN_POINT('',(4.267324263857,136.24334149365));
#2810 = CARTESIAN_POINT('',(4.17522359359,133.01665958206));
#2811 = CARTESIAN_POINT('',(4.083638336646,129.80884790223));
#2812 = CARTESIAN_POINT('',(3.986677660183,126.41299468801));
#2813 = CARTESIAN_POINT('',(3.891745527967,123.08893108353));
#2814 = CARTESIAN_POINT('',(3.797452238337,119.78855458293));
#2815 = CARTESIAN_POINT('',(3.694843330689,116.19746884956));
#2816 = CARTESIAN_POINT('',(3.595760297521,112.73107102166));
#2817 = CARTESIAN_POINT('',(3.497509937891,109.2950109677));
#2818 = CARTESIAN_POINT('',(3.388489801333,105.4825391829));
#2819 = CARTESIAN_POINT('',(3.298244808502,102.32762569309));
#2820 = CARTESIAN_POINT('',(3.19588668437,98.750324595416));
#2821 = CARTESIAN_POINT('',(3.18297027461,98.298930530421));
#2822 = CARTESIAN_POINT('',(3.152636486986,97.238892081186));
#2823 = CARTESIAN_POINT('',(3.119829363607,96.092489134118));
#2824 = CARTESIAN_POINT('',(3.071603883164,94.407491802797));
#2825 = CARTESIAN_POINT('',(2.980920878715,91.23933767827));
#2826 = CARTESIAN_POINT('',(2.906177088129,88.628644619674));
#2827 = CARTESIAN_POINT('',(2.847215825344,86.569527030536));
#2828 = CARTESIAN_POINT('',(2.84332832462,86.43376295864));
#2829 = CARTESIAN_POINT('',(2.813442294031,85.390061030024));
#2830 = CARTESIAN_POINT('',(2.783667320895,84.350345446325));
#2831 = CARTESIAN_POINT('',(2.742799998898,82.923386113276));
#2832 = CARTESIAN_POINT('',(2.727779037513,82.39892073973));
#2833 = CARTESIAN_POINT('',(2.697649925682,81.346991219819));
#2834 = CARTESIAN_POINT('',(2.682542353979,80.819547710882));
#2835 = CARTESIAN_POINT('',(2.605637669728,78.13471953424));
#2836 = CARTESIAN_POINT('',(2.544331629458,75.994816423346));
#2837 = CARTESIAN_POINT('',(2.467307462431,73.306679021855));
#2838 = CARTESIAN_POINT('',(2.338153008581,68.799385881084));
#2839 = CARTESIAN_POINT('',(2.211558659871,64.382878384759));
#2840 = CARTESIAN_POINT('',(2.069102887538,59.414190321564));
#2841 = CARTESIAN_POINT('',(1.933663730219,54.690594482283));
#2842 = CARTESIAN_POINT('',(1.801749366133,50.091285800329));
#2843 = CARTESIAN_POINT('',(1.645468279172,44.643424920775));
#2844 = CARTESIAN_POINT('',(1.576623720197,42.243831169009));
#2845 = CARTESIAN_POINT('',(1.508958267562,39.885630249997));
#2846 = CARTESIAN_POINT('',(1.427295640716,37.039668357811));
#2847 = CARTESIAN_POINT('',(1.357043257861,34.591686053595));
#2848 = CARTESIAN_POINT('',(1.190859272441,28.801591931449));
#2849 = CARTESIAN_POINT('',(1.042752673605,23.642235803255));
#2850 = CARTESIAN_POINT('',(0.902145247754,18.745220646823));
#2851 = CARTESIAN_POINT('',(0.688810655897,11.315850791962));
#2852 = CARTESIAN_POINT('',(0.536322472508,6.006865055048));
#2853 = CARTESIAN_POINT('',(0.385339523307,0.751185154411));
#2854 = CARTESIAN_POINT('',(0.374511499968,0.374269933898));
#2855 = CARTESIAN_POINT('',(0.363759317605,1.477928890381E-12));
#2856 = ( GEOMETRIC_REPRESENTATION_CONTEXT(2) 
PARAMETRIC_REPRESENTATION_CONTEXT() REPRESENTATION_CONTEXT('2D SPACE',''
  ) );
#2857 = PCURVE('',#1430,#2858);
#2858 = DEFINITIONAL_REPRESENTATION('',(#2859),#2863);
#2859 = LINE('',#2860,#2861);
#2860 = CARTESIAN_POINT('',(5.278234398941E-14,-1.102199928549E-15));
#2861 = VECTOR('',#2862,1.);
#2862 = DIRECTION('',(-4.22608700271E-14,-1.));
#2863 = ( GEOMETRIC_REPRESENTATION_CONTEXT(2) 
PARAMETRIC_REPRESENTATION_CONTEXT() REPRESENTATION_CONTEXT('2D SPACE',''
  ) );
#2864 = ORIENTED_EDGE('',*,*,#652,.F.);
#2865 = ORIENTED_EDGE('',*,*,#581,.F.);
#2866 = ORIENTED_EDGE('',*,*,#234,.T.);
#2867 = ADVANCED_FACE('',(#2868),#691,.T.);
#2868 = FACE_BOUND('',#2869,.T.);
#2869 = EDGE_LOOP('',(#2870,#2871,#2891,#2892));
#2870 = ORIENTED_EDGE('',*,*,#675,.F.);
#2871 = ORIENTED_EDGE('',*,*,#2872,.F.);
#2872 = EDGE_CURVE('',#2435,#653,#2873,.T.);
#2873 = SURFACE_CURVE('',#2874,(#2878,#2885),.PCURVE_S1.);
#2874 = LINE('',#2875,#2876);
#2875 = CARTESIAN_POINT('',(770.0530147597,130.89687339424,
    18.726308364648));
#2876 = VECTOR('',#2877,1.);
#2877 = DIRECTION('',(-1.531996868888E-02,0.744134209824,0.667854457445)
  );
#2878 = PCURVE('',#691,#2879);
#2879 = DEFINITIONAL_REPRESENTATION('',(#2880),#2884);
#2880 = LINE('',#2881,#2882);
#2881 = CARTESIAN_POINT('',(-5.482680532006,-2.490524822823));
#2882 = VECTOR('',#2883,1.);
#2883 = DIRECTION('',(-0.6680301472,0.744134209959));
#2884 = ( GEOMETRIC_REPRESENTATION_CONTEXT(2) 
PARAMETRIC_REPRESENTATION_CONTEXT() REPRESENTATION_CONTEXT('2D SPACE',''
  ) );
#2885 = PCURVE('',#1430,#2886);
#2886 = DEFINITIONAL_REPRESENTATION('',(#2887),#2890);
#2887 = B_SPLINE_CURVE_WITH_KNOTS('',1,(#2888,#2889),.UNSPECIFIED.,.F.,
  .F.,(2,2),(-3.336319951952,3.33631995195),.PIECEWISE_BEZIER_KNOTS.);
#2888 = CARTESIAN_POINT('',(1.,-1.373199909215E-04));
#2889 = CARTESIAN_POINT('',(1.801671528466E-13,-4.756691786379E-04));
#2890 = ( GEOMETRIC_REPRESENTATION_CONTEXT(2) 
PARAMETRIC_REPRESENTATION_CONTEXT() REPRESENTATION_CONTEXT('2D SPACE',''
  ) );
#2891 = ORIENTED_EDGE('',*,*,#2463,.F.);
#2892 = ORIENTED_EDGE('',*,*,#1218,.F.);
#2893 = ADVANCED_FACE('',(#2894),#719,.T.);
#2894 = FACE_BOUND('',#2895,.T.);
#2895 = EDGE_LOOP('',(#2896,#2897,#2898));
#2896 = ORIENTED_EDGE('',*,*,#1197,.F.);
#2897 = ORIENTED_EDGE('',*,*,#1147,.T.);
#2898 = ORIENTED_EDGE('',*,*,#703,.F.);
#2899 = ADVANCED_FACE('',(#2900),#955,.F.);
#2900 = FACE_BOUND('',#2901,.F.);
#2901 = EDGE_LOOP('',(#2902,#2932,#2960,#2981,#2982));
#2902 = ORIENTED_EDGE('',*,*,#2903,.F.);
#2903 = EDGE_CURVE('',#2904,#2906,#2908,.T.);
#2904 = VERTEX_POINT('',#2905);
#2905 = CARTESIAN_POINT('',(770.,147.3,18.1981));
#2906 = VERTEX_POINT('',#2907);
#2907 = CARTESIAN_POINT('',(770.,147.3,18.9981));
#2908 = SURFACE_CURVE('',#2909,(#2913,#2920),.PCURVE_S1.);
#2909 = LINE('',#2910,#2911);
#2910 = CARTESIAN_POINT('',(770.,147.3,18.1981));
#2911 = VECTOR('',#2912,1.);
#2912 = DIRECTION('',(0.,0.,1.));
#2913 = PCURVE('',#955,#2914);
#2914 = DEFINITIONAL_REPRESENTATION('',(#2915),#2919);
#2915 = LINE('',#2916,#2917);
#2916 = CARTESIAN_POINT('',(0.,0.));
#2917 = VECTOR('',#2918,1.);
#2918 = DIRECTION('',(1.,0.));
#2919 = ( GEOMETRIC_REPRESENTATION_CONTEXT(2) 
PARAMETRIC_REPRESENTATION_CONTEXT() REPRESENTATION_CONTEXT('2D SPACE',''
  ) );
#2920 = PCURVE('',#2921,#2926);
#2921 = PLANE('',#2922);
#2922 = AXIS2_PLACEMENT_3D('',#2923,#2924,#2925);
#2923 = CARTESIAN_POINT('',(633.,147.3,19.29269));
#2924 = DIRECTION('',(-0.,-1.,-0.));
#2925 = DIRECTION('',(0.,0.,-1.));
#2926 = DEFINITIONAL_REPRESENTATION('',(#2927),#2931);
#2927 = LINE('',#2928,#2929);
#2928 = CARTESIAN_POINT('',(1.09459,137.));
#2929 = VECTOR('',#2930,1.);
#2930 = DIRECTION('',(-1.,0.));
#2931 = ( GEOMETRIC_REPRESENTATION_CONTEXT(2) 
PARAMETRIC_REPRESENTATION_CONTEXT() REPRESENTATION_CONTEXT('2D SPACE',''
  ) );
#2932 = ORIENTED_EDGE('',*,*,#2933,.T.);
#2933 = EDGE_CURVE('',#2904,#2934,#2936,.T.);
#2934 = VERTEX_POINT('',#2935);
#2935 = CARTESIAN_POINT('',(770.,140.,18.1981));
#2936 = SURFACE_CURVE('',#2937,(#2941,#2948),.PCURVE_S1.);
#2937 = LINE('',#2938,#2939);
#2938 = CARTESIAN_POINT('',(770.,147.3,18.1981));
#2939 = VECTOR('',#2940,1.);
#2940 = DIRECTION('',(0.,-1.,0.));
#2941 = PCURVE('',#955,#2942);
#2942 = DEFINITIONAL_REPRESENTATION('',(#2943),#2947);
#2943 = LINE('',#2944,#2945);
#2944 = CARTESIAN_POINT('',(0.,0.));
#2945 = VECTOR('',#2946,1.);
#2946 = DIRECTION('',(0.,-1.));
#2947 = ( GEOMETRIC_REPRESENTATION_CONTEXT(2) 
PARAMETRIC_REPRESENTATION_CONTEXT() REPRESENTATION_CONTEXT('2D SPACE',''
  ) );
#2948 = PCURVE('',#2949,#2954);
#2949 = PLANE('',#2950);
#2950 = AXIS2_PLACEMENT_3D('',#2951,#2952,#2953);
#2951 = CARTESIAN_POINT('',(496.,147.3,19.58728));
#2952 = DIRECTION('',(5.069934839335E-03,0.,0.999987147798));
#2953 = DIRECTION('',(0.999987147798,0.,-5.069934839335E-03));
#2954 = DEFINITIONAL_REPRESENTATION('',(#2955),#2959);
#2955 = LINE('',#2956,#2957);
#2956 = CARTESIAN_POINT('',(274.00352154867,0.));
#2957 = VECTOR('',#2958,1.);
#2958 = DIRECTION('',(0.,-1.));
#2959 = ( GEOMETRIC_REPRESENTATION_CONTEXT(2) 
PARAMETRIC_REPRESENTATION_CONTEXT() REPRESENTATION_CONTEXT('2D SPACE',''
  ) );
#2960 = ORIENTED_EDGE('',*,*,#2961,.T.);
#2961 = EDGE_CURVE('',#2934,#886,#2962,.T.);
#2962 = SURFACE_CURVE('',#2963,(#2967,#2974),.PCURVE_S1.);
#2963 = LINE('',#2964,#2965);
#2964 = CARTESIAN_POINT('',(770.,140.,18.1981));
#2965 = VECTOR('',#2966,1.);
#2966 = DIRECTION('',(0.,0.,1.));
#2967 = PCURVE('',#955,#2968);
#2968 = DEFINITIONAL_REPRESENTATION('',(#2969),#2973);
#2969 = LINE('',#2970,#2971);
#2970 = CARTESIAN_POINT('',(0.,-7.3));
#2971 = VECTOR('',#2972,1.);
#2972 = DIRECTION('',(1.,0.));
#2973 = ( GEOMETRIC_REPRESENTATION_CONTEXT(2) 
PARAMETRIC_REPRESENTATION_CONTEXT() REPRESENTATION_CONTEXT('2D SPACE',''
  ) );
#2974 = PCURVE('',#1083,#2975);
#2975 = DEFINITIONAL_REPRESENTATION('',(#2976),#2980);
#2976 = LINE('',#2977,#2978);
#2977 = CARTESIAN_POINT('',(1.09459,137.));
#2978 = VECTOR('',#2979,1.);
#2979 = DIRECTION('',(-1.,0.));
#2980 = ( GEOMETRIC_REPRESENTATION_CONTEXT(2) 
PARAMETRIC_REPRESENTATION_CONTEXT() REPRESENTATION_CONTEXT('2D SPACE',''
  ) );
#2981 = ORIENTED_EDGE('',*,*,#883,.F.);
#2982 = ORIENTED_EDGE('',*,*,#2983,.F.);
#2983 = EDGE_CURVE('',#2906,#884,#2984,.T.);
#2984 = SURFACE_CURVE('',#2985,(#2989,#2996),.PCURVE_S1.);
#2985 = LINE('',#2986,#2987);
#2986 = CARTESIAN_POINT('',(770.,147.3,18.9981));
#2987 = VECTOR('',#2988,1.);
#2988 = DIRECTION('',(0.,-1.,0.));
#2989 = PCURVE('',#955,#2990);
#2990 = DEFINITIONAL_REPRESENTATION('',(#2991),#2995);
#2991 = LINE('',#2992,#2993);
#2992 = CARTESIAN_POINT('',(0.8,0.));
#2993 = VECTOR('',#2994,1.);
#2994 = DIRECTION('',(0.,-1.));
#2995 = ( GEOMETRIC_REPRESENTATION_CONTEXT(2) 
PARAMETRIC_REPRESENTATION_CONTEXT() REPRESENTATION_CONTEXT('2D SPACE',''
  ) );
#2996 = PCURVE('',#1016,#2997);
#2997 = DEFINITIONAL_REPRESENTATION('',(#2998),#3002);
#2998 = LINE('',#2999,#3000);
#2999 = CARTESIAN_POINT('',(0.,0.));
#3000 = VECTOR('',#3001,1.);
#3001 = DIRECTION('',(0.,-1.));
#3002 = ( GEOMETRIC_REPRESENTATION_CONTEXT(2) 
PARAMETRIC_REPRESENTATION_CONTEXT() REPRESENTATION_CONTEXT('2D SPACE',''
  ) );
#3003 = ADVANCED_FACE('',(#3004),#1083,.T.);
#3004 = FACE_BOUND('',#3005,.T.);
#3005 = EDGE_LOOP('',(#3006,#3036,#3057,#3058,#3059));
#3006 = ORIENTED_EDGE('',*,*,#3007,.T.);
#3007 = EDGE_CURVE('',#3008,#3010,#3012,.T.);
#3008 = VERTEX_POINT('',#3009);
#3009 = CARTESIAN_POINT('',(496.,140.,20.38728));
#3010 = VERTEX_POINT('',#3011);
#3011 = CARTESIAN_POINT('',(496.,140.,19.58728));
#3012 = SURFACE_CURVE('',#3013,(#3017,#3024),.PCURVE_S1.);
#3013 = LINE('',#3014,#3015);
#3014 = CARTESIAN_POINT('',(496.,140.,20.38728));
#3015 = VECTOR('',#3016,1.);
#3016 = DIRECTION('',(0.,0.,-1.));
#3017 = PCURVE('',#1083,#3018);
#3018 = DEFINITIONAL_REPRESENTATION('',(#3019),#3023);
#3019 = LINE('',#3020,#3021);
#3020 = CARTESIAN_POINT('',(-1.09459,-137.));
#3021 = VECTOR('',#3022,1.);
#3022 = DIRECTION('',(1.,0.));
#3023 = ( GEOMETRIC_REPRESENTATION_CONTEXT(2) 
PARAMETRIC_REPRESENTATION_CONTEXT() REPRESENTATION_CONTEXT('2D SPACE',''
  ) );
#3024 = PCURVE('',#3025,#3030);
#3025 = PLANE('',#3026);
#3026 = AXIS2_PLACEMENT_3D('',#3027,#3028,#3029);
#3027 = CARTESIAN_POINT('',(496.,147.3,20.38728));
#3028 = DIRECTION('',(1.,0.,0.));
#3029 = DIRECTION('',(0.,0.,-1.));
#3030 = DEFINITIONAL_REPRESENTATION('',(#3031),#3035);
#3031 = LINE('',#3032,#3033);
#3032 = CARTESIAN_POINT('',(0.,-7.3));
#3033 = VECTOR('',#3034,1.);
#3034 = DIRECTION('',(1.,0.));
#3035 = ( GEOMETRIC_REPRESENTATION_CONTEXT(2) 
PARAMETRIC_REPRESENTATION_CONTEXT() REPRESENTATION_CONTEXT('2D SPACE',''
  ) );
#3036 = ORIENTED_EDGE('',*,*,#3037,.T.);
#3037 = EDGE_CURVE('',#3010,#2934,#3038,.T.);
#3038 = SURFACE_CURVE('',#3039,(#3043,#3050),.PCURVE_S1.);
#3039 = LINE('',#3040,#3041);
#3040 = CARTESIAN_POINT('',(496.,140.,19.58728));
#3041 = VECTOR('',#3042,1.);
#3042 = DIRECTION('',(0.999987147798,0.,-5.069934839335E-03));
#3043 = PCURVE('',#1083,#3044);
#3044 = DEFINITIONAL_REPRESENTATION('',(#3045),#3049);
#3045 = LINE('',#3046,#3047);
#3046 = CARTESIAN_POINT('',(-0.29459,-137.));
#3047 = VECTOR('',#3048,1.);
#3048 = DIRECTION('',(5.069934839335E-03,0.999987147798));
#3049 = ( GEOMETRIC_REPRESENTATION_CONTEXT(2) 
PARAMETRIC_REPRESENTATION_CONTEXT() REPRESENTATION_CONTEXT('2D SPACE',''
  ) );
#3050 = PCURVE('',#2949,#3051);
#3051 = DEFINITIONAL_REPRESENTATION('',(#3052),#3056);
#3052 = LINE('',#3053,#3054);
#3053 = CARTESIAN_POINT('',(0.,-7.3));
#3054 = VECTOR('',#3055,1.);
#3055 = DIRECTION('',(1.,0.));
#3056 = ( GEOMETRIC_REPRESENTATION_CONTEXT(2) 
PARAMETRIC_REPRESENTATION_CONTEXT() REPRESENTATION_CONTEXT('2D SPACE',''
  ) );
#3057 = ORIENTED_EDGE('',*,*,#2961,.T.);
#3058 = ORIENTED_EDGE('',*,*,#1031,.F.);
#3059 = ORIENTED_EDGE('',*,*,#3060,.T.);
#3060 = EDGE_CURVE('',#995,#3008,#3061,.T.);
#3061 = SURFACE_CURVE('',#3062,(#3066,#3073),.PCURVE_S1.);
#3062 = LINE('',#3063,#3064);
#3063 = CARTESIAN_POINT('',(770.,140.,18.9981));
#3064 = VECTOR('',#3065,1.);
#3065 = DIRECTION('',(-0.999987147798,0.,5.069934839335E-03));
#3066 = PCURVE('',#1083,#3067);
#3067 = DEFINITIONAL_REPRESENTATION('',(#3068),#3072);
#3068 = LINE('',#3069,#3070);
#3069 = CARTESIAN_POINT('',(0.29459,137.));
#3070 = VECTOR('',#3071,1.);
#3071 = DIRECTION('',(-5.069934839335E-03,-0.999987147798));
#3072 = ( GEOMETRIC_REPRESENTATION_CONTEXT(2) 
PARAMETRIC_REPRESENTATION_CONTEXT() REPRESENTATION_CONTEXT('2D SPACE',''
  ) );
#3073 = PCURVE('',#1016,#3074);
#3074 = DEFINITIONAL_REPRESENTATION('',(#3075),#3079);
#3075 = LINE('',#3076,#3077);
#3076 = CARTESIAN_POINT('',(0.,-7.3));
#3077 = VECTOR('',#3078,1.);
#3078 = DIRECTION('',(1.,0.));
#3079 = ( GEOMETRIC_REPRESENTATION_CONTEXT(2) 
PARAMETRIC_REPRESENTATION_CONTEXT() REPRESENTATION_CONTEXT('2D SPACE',''
  ) );
#3080 = ADVANCED_FACE('',(#3081),#1016,.F.);
#3081 = FACE_BOUND('',#3082,.F.);
#3082 = EDGE_LOOP('',(#3083,#3106,#3107,#3108,#3109));
#3083 = ORIENTED_EDGE('',*,*,#3084,.F.);
#3084 = EDGE_CURVE('',#2906,#3085,#3087,.T.);
#3085 = VERTEX_POINT('',#3086);
#3086 = CARTESIAN_POINT('',(496.,147.3,20.38728));
#3087 = SURFACE_CURVE('',#3088,(#3092,#3099),.PCURVE_S1.);
#3088 = LINE('',#3089,#3090);
#3089 = CARTESIAN_POINT('',(770.,147.3,18.9981));
#3090 = VECTOR('',#3091,1.);
#3091 = DIRECTION('',(-0.999987147798,0.,5.069934839335E-03));
#3092 = PCURVE('',#1016,#3093);
#3093 = DEFINITIONAL_REPRESENTATION('',(#3094),#3098);
#3094 = LINE('',#3095,#3096);
#3095 = CARTESIAN_POINT('',(0.,0.));
#3096 = VECTOR('',#3097,1.);
#3097 = DIRECTION('',(1.,0.));
#3098 = ( GEOMETRIC_REPRESENTATION_CONTEXT(2) 
PARAMETRIC_REPRESENTATION_CONTEXT() REPRESENTATION_CONTEXT('2D SPACE',''
  ) );
#3099 = PCURVE('',#2921,#3100);
#3100 = DEFINITIONAL_REPRESENTATION('',(#3101),#3105);
#3101 = LINE('',#3102,#3103);
#3102 = CARTESIAN_POINT('',(0.29459,137.));
#3103 = VECTOR('',#3104,1.);
#3104 = DIRECTION('',(-5.069934839335E-03,-0.999987147798));
#3105 = ( GEOMETRIC_REPRESENTATION_CONTEXT(2) 
PARAMETRIC_REPRESENTATION_CONTEXT() REPRESENTATION_CONTEXT('2D SPACE',''
  ) );
#3106 = ORIENTED_EDGE('',*,*,#2983,.T.);
#3107 = ORIENTED_EDGE('',*,*,#994,.F.);
#3108 = ORIENTED_EDGE('',*,*,#3060,.T.);
#3109 = ORIENTED_EDGE('',*,*,#3110,.F.);
#3110 = EDGE_CURVE('',#3085,#3008,#3111,.T.);
#3111 = SURFACE_CURVE('',#3112,(#3116,#3123),.PCURVE_S1.);
#3112 = LINE('',#3113,#3114);
#3113 = CARTESIAN_POINT('',(496.,147.3,20.38728));
#3114 = VECTOR('',#3115,1.);
#3115 = DIRECTION('',(0.,-1.,0.));
#3116 = PCURVE('',#1016,#3117);
#3117 = DEFINITIONAL_REPRESENTATION('',(#3118),#3122);
#3118 = LINE('',#3119,#3120);
#3119 = CARTESIAN_POINT('',(274.00352154867,0.));
#3120 = VECTOR('',#3121,1.);
#3121 = DIRECTION('',(0.,-1.));
#3122 = ( GEOMETRIC_REPRESENTATION_CONTEXT(2) 
PARAMETRIC_REPRESENTATION_CONTEXT() REPRESENTATION_CONTEXT('2D SPACE',''
  ) );
#3123 = PCURVE('',#3025,#3124);
#3124 = DEFINITIONAL_REPRESENTATION('',(#3125),#3129);
#3125 = LINE('',#3126,#3127);
#3126 = CARTESIAN_POINT('',(0.,0.));
#3127 = VECTOR('',#3128,1.);
#3128 = DIRECTION('',(0.,-1.));
#3129 = ( GEOMETRIC_REPRESENTATION_CONTEXT(2) 
PARAMETRIC_REPRESENTATION_CONTEXT() REPRESENTATION_CONTEXT('2D SPACE',''
  ) );
#3130 = ADVANCED_FACE('',(#3131),#1399,.F.);
#3131 = FACE_BOUND('',#3132,.T.);
#3132 = EDGE_LOOP('',(#3133,#3156,#3178,#3179));
#3133 = ORIENTED_EDGE('',*,*,#3134,.T.);
#3134 = EDGE_CURVE('',#1358,#3135,#3137,.T.);
#3135 = VERTEX_POINT('',#3136);
#3136 = CARTESIAN_POINT('',(770.0896599818,122.70373247832,
    17.123480406958));
#3137 = SURFACE_CURVE('',#3138,(#3142,#3149),.PCURVE_S1.);
#3138 = LINE('',#3139,#3140);
#3139 = CARTESIAN_POINT('',(770.29492943252,122.71115754843,
    8.183307987175));
#3140 = VECTOR('',#3141,1.);
#3141 = DIRECTION('',(-2.295428824075E-02,-8.303096200692E-04,
    0.999736170816));
#3142 = PCURVE('',#1399,#3143);
#3143 = DEFINITIONAL_REPRESENTATION('',(#3144),#3148);
#3144 = LINE('',#3145,#3146);
#3145 = CARTESIAN_POINT('',(-6.779389981558,135.30369030302));
#3146 = VECTOR('',#3147,1.);
#3147 = DIRECTION('',(0.999736515614,-2.295428824075E-02));
#3148 = ( GEOMETRIC_REPRESENTATION_CONTEXT(2) 
PARAMETRIC_REPRESENTATION_CONTEXT() REPRESENTATION_CONTEXT('2D SPACE',''
  ) );
#3149 = PCURVE('',#1373,#3150);
#3150 = DEFINITIONAL_REPRESENTATION('',(#3151),#3155);
#3151 = LINE('',#3152,#3153);
#3152 = CARTESIAN_POINT('',(5.063094908613,-10.67624067012));
#3153 = VECTOR('',#3154,1.);
#3154 = DIRECTION('',(-0.999999655293,-8.3030962022E-04));
#3155 = ( GEOMETRIC_REPRESENTATION_CONTEXT(2) 
PARAMETRIC_REPRESENTATION_CONTEXT() REPRESENTATION_CONTEXT('2D SPACE',''
  ) );
#3156 = ORIENTED_EDGE('',*,*,#3157,.T.);
#3157 = EDGE_CURVE('',#3135,#1916,#3158,.T.);
#3158 = SURFACE_CURVE('',#3159,(#3164,#3172),.PCURVE_S1.);
#3159 = B_SPLINE_CURVE_WITH_KNOTS('',3,(#3160,#3161,#3162,#3163),
  .UNSPECIFIED.,.F.,.F.,(4,4),(-22.28571774413,-14.90808832296),
  .PIECEWISE_BEZIER_KNOTS.);
#3160 = CARTESIAN_POINT('',(770.0896599818,122.70373247832,
    17.123480406957));
#3161 = CARTESIAN_POINT('',(694.91879756071,122.70342944095,
    17.488353231234));
#3162 = CARTESIAN_POINT('',(596.17940557735,122.70301473236,
    17.98768404265));
#3163 = CARTESIAN_POINT('',(495.9785286208,122.70258793615,
    18.501568986252));
#3164 = PCURVE('',#1399,#3165);
#3165 = DEFINITIONAL_REPRESENTATION('',(#3166),#3171);
#3166 = B_SPLINE_CURVE_WITH_KNOTS('',3,(#3167,#3168,#3169,#3170),
  .UNSPECIFIED.,.F.,.F.,(4,4),(-22.28571774413,-14.90808832296),
  .PIECEWISE_BEZIER_KNOTS.);
#3167 = CARTESIAN_POINT('',(2.160785521591,135.0984208523));
#3168 = CARTESIAN_POINT('',(2.525658471708,59.92755843121));
#3169 = CARTESIAN_POINT('',(3.024989455338,-38.81183355215));
#3170 = CARTESIAN_POINT('',(3.538874576173,-139.0127105087));
#3171 = ( GEOMETRIC_REPRESENTATION_CONTEXT(2) 
PARAMETRIC_REPRESENTATION_CONTEXT() REPRESENTATION_CONTEXT('2D SPACE',''
  ) );
#3172 = PCURVE('',#1952,#3173);
#3173 = DEFINITIONAL_REPRESENTATION('',(#3174),#3177);
#3174 = B_SPLINE_CURVE_WITH_KNOTS('',1,(#3175,#3176),.UNSPECIFIED.,.F.,
  .F.,(2,2),(-22.28571774413,-14.90808832296),.PIECEWISE_BEZIER_KNOTS.);
#3175 = CARTESIAN_POINT('',(4.899169786024E-15,1.));
#3176 = CARTESIAN_POINT('',(1.,1.));
#3177 = ( GEOMETRIC_REPRESENTATION_CONTEXT(2) 
PARAMETRIC_REPRESENTATION_CONTEXT() REPRESENTATION_CONTEXT('2D SPACE',''
  ) );
#3178 = ORIENTED_EDGE('',*,*,#1915,.T.);
#3179 = ORIENTED_EDGE('',*,*,#1385,.T.);
#3180 = ADVANCED_FACE('',(#3181),#1373,.T.);
#3181 = FACE_BOUND('',#3182,.T.);
#3182 = EDGE_LOOP('',(#3183,#3184,#3204,#3205));
#3183 = ORIENTED_EDGE('',*,*,#2507,.F.);
#3184 = ORIENTED_EDGE('',*,*,#3185,.T.);
#3185 = EDGE_CURVE('',#2508,#3135,#3186,.T.);
#3186 = SURFACE_CURVE('',#3187,(#3191,#3198),.PCURVE_S1.);
#3187 = LINE('',#3188,#3189);
#3188 = CARTESIAN_POINT('',(770.1167193395,133.38463830787,
    15.953824691191));
#3189 = VECTOR('',#3190,1.);
#3190 = DIRECTION('',(-2.518369387848E-03,-0.994054129843,0.108857910865
    ));
#3191 = PCURVE('',#1373,#3192);
#3192 = DEFINITIONAL_REPRESENTATION('',(#3193),#3197);
#3193 = LINE('',#3194,#3195);
#3194 = CARTESIAN_POINT('',(-2.709465071422,-2.759908740491E-03));
#3195 = VECTOR('',#3196,1.);
#3196 = DIRECTION('',(-0.108887035882,-0.994054130024));
#3197 = ( GEOMETRIC_REPRESENTATION_CONTEXT(2) 
PARAMETRIC_REPRESENTATION_CONTEXT() REPRESENTATION_CONTEXT('2D SPACE',''
  ) );
#3198 = PCURVE('',#1952,#3199);
#3199 = DEFINITIONAL_REPRESENTATION('',(#3200),#3203);
#3200 = B_SPLINE_CURVE_WITH_KNOTS('',1,(#3201,#3202),.UNSPECIFIED.,.F.,
  .F.,(2,2),(5.00016505699,10.744792973442),.PIECEWISE_BEZIER_KNOTS.);
#3201 = CARTESIAN_POINT('',(1.691823344072E-15,0.465357040322));
#3202 = CARTESIAN_POINT('',(3.872920252912E-15,1.));
#3203 = ( GEOMETRIC_REPRESENTATION_CONTEXT(2) 
PARAMETRIC_REPRESENTATION_CONTEXT() REPRESENTATION_CONTEXT('2D SPACE',''
  ) );
#3204 = ORIENTED_EDGE('',*,*,#3134,.F.);
#3205 = ORIENTED_EDGE('',*,*,#1357,.F.);
#3206 = ADVANCED_FACE('',(#3207),#1430,.T.);
#3207 = FACE_BOUND('',#3208,.T.);
#3208 = EDGE_LOOP('',(#3209,#3210,#3211,#3212,#3213,#3598));
#3209 = ORIENTED_EDGE('',*,*,#2434,.T.);
#3210 = ORIENTED_EDGE('',*,*,#2872,.T.);
#3211 = ORIENTED_EDGE('',*,*,#2644,.T.);
#3212 = ORIENTED_EDGE('',*,*,#1414,.T.);
#3213 = ORIENTED_EDGE('',*,*,#3214,.T.);
#3214 = EDGE_CURVE('',#1415,#2115,#3215,.T.);
#3215 = SURFACE_CURVE('',#3216,(#3320,#3327),.PCURVE_S1.);
#3216 = B_SPLINE_CURVE_WITH_KNOTS('',3,(#3217,#3218,#3219,#3220,#3221,
    #3222,#3223,#3224,#3225,#3226,#3227,#3228,#3229,#3230,#3231,#3232,
    #3233,#3234,#3235,#3236,#3237,#3238,#3239,#3240,#3241,#3242,#3243,
    #3244,#3245,#3246,#3247,#3248,#3249,#3250,#3251,#3252,#3253,#3254,
    #3255,#3256,#3257,#3258,#3259,#3260,#3261,#3262,#3263,#3264,#3265,
    #3266,#3267,#3268,#3269,#3270,#3271,#3272,#3273,#3274,#3275,#3276,
    #3277,#3278,#3279,#3280,#3281,#3282,#3283,#3284,#3285,#3286,#3287,
    #3288,#3289,#3290,#3291,#3292,#3293,#3294,#3295,#3296,#3297,#3298,
    #3299,#3300,#3301,#3302,#3303,#3304,#3305,#3306,#3307,#3308,#3309,
    #3310,#3311,#3312,#3313,#3314,#3315,#3316,#3317,#3318,#3319),
  .UNSPECIFIED.,.F.,.F.,(4,2,2,1,2,2,1,2,1,2,1,2,2,2,2,1,3,1,1,1,2,2,2,1
    ,2,1,2,1,2,1,2,1,2,1,2,1,2,1,2,1,2,1,1,2,1,2,1,2,1,2,1,2,1,2,1,2,1,2
    ,1,2,1,2,1,2,1,4),(-1.000239738265,-0.99427127817,-0.909890304898,
    -0.884156940485,-0.838772741153,-0.806680940013,-0.802165786635,
    -0.776428048757,-0.734430067002,-0.72050261394,-0.675974998433,
    -0.669573852626,-0.645676789889,-0.639849593794,-0.634079018356,
    -0.624180533237,-0.622701252542,-0.600265239174,-0.594467094286,
    -0.588737618224,-0.582264691748,-0.577475752269,-0.544364347053,
    -0.537798747295,-0.508664082665,-0.501050763251,-0.474947311136,
    -0.466775714744,-0.442620114241,-0.434672772305,-0.411307889174,
    -0.404111657811,-0.38096536962,-0.374694760668,-0.351518757454,
    -0.346347088909,-0.322923209374,-0.318973338342,-0.295128058242,
    -0.292510308027,-0.268093144449,-0.266893322041,-0.242070574373,
    -0.241779257512,-0.217993655467,-0.216151995868,-0.194620621344,
    -0.191179008362,-0.171913081811,-0.166830767175,-0.149836607847,
    -0.143079630733,-0.128359638838,-0.119899931355,-0.107453370574,
    -9.726750222849E-02,-8.709117185649E-02,-7.515975308085E-02,
    -6.724852608032E-02,-5.355514009655E-02,-4.790245068516E-02,
    -3.243366328926E-02,-2.903185745912E-02,-1.177562627375E-02,
    -1.061637193795E-02,-1.373199909234E-04),.UNSPECIFIED.);
#3217 = CARTESIAN_POINT('',(495.98956179613,127.02386244098,
    18.024625840338));
#3218 = CARTESIAN_POINT('',(496.33024590403,127.02559284135,
    18.022679769124));
#3219 = CARTESIAN_POINT('',(496.67311362403,127.02733432586,
    18.020721290495));
#3220 = CARTESIAN_POINT('',(501.89617532749,127.05386305222,
    17.990887950228));
#3221 = CARTESIAN_POINT('',(507.20721392328,127.0808372247,
    17.960565561247));
#3222 = CARTESIAN_POINT('',(514.6394570504,127.11858188376,
    17.918163413383));
#3223 = CARTESIAN_POINT('',(519.53836622689,127.1434604712,
    17.890220102779));
#3224 = CARTESIAN_POINT('',(524.69971822434,127.16967018088,
    17.860798296768));
#3225 = CARTESIAN_POINT('',(530.49205253261,127.19908266478,
    17.827795982683));
#3226 = CARTESIAN_POINT('',(532.94098207001,127.21151751266,
    17.813847658248));
#3227 = CARTESIAN_POINT('',(535.78804533406,127.22597342613,
    17.797638017592));
#3228 = CARTESIAN_POINT('',(538.14715888133,127.23795172356,
    17.784207223333));
#3229 = CARTESIAN_POINT('',(540.54768139815,127.25013986376,
    17.770545638469));
#3230 = CARTESIAN_POINT('',(545.9976511257,127.27781005142,
    17.739540174234));
#3231 = CARTESIAN_POINT('',(550.59874055807,127.30116921243,
    17.713378385013));
#3232 = CARTESIAN_POINT('',(555.32416585767,127.32515777256,
    17.686533223654));
#3233 = CARTESIAN_POINT('',(560.29477846517,127.35039052588,
    17.658301629731));
#3234 = CARTESIAN_POINT('',(564.7129971643,127.37281774208,
    17.633225312718));
#3235 = CARTESIAN_POINT('',(569.22203741292,127.39570407586,
    17.607658858713));
#3236 = CARTESIAN_POINT('',(571.91121683994,127.40935328003,
    17.592413022352));
#3237 = CARTESIAN_POINT('',(574.0519495937,127.42021836639,
    17.580282154073));
#3238 = CARTESIAN_POINT('',(576.73781886573,127.43384967293,
    17.565070036951));
#3239 = CARTESIAN_POINT('',(577.26546701062,127.43652756248,
    17.562081938158));
#3240 = CARTESIAN_POINT('',(578.31780487655,127.44186826447,
    17.556123258649));
#3241 = CARTESIAN_POINT('',(578.84247357379,127.44453097077,
    17.553152789594));
#3242 = CARTESIAN_POINT('',(580.26998537101,127.45177557188,
    17.545071821197));
#3243 = CARTESIAN_POINT('',(581.31010465271,127.45705409319,
    17.539185133287));
#3244 = CARTESIAN_POINT('',(582.3542132059,127.46235268772,
    17.533277441521));
#3245 = CARTESIAN_POINT('',(582.49003019473,127.46304192243,
    17.532508999391));
#3246 = CARTESIAN_POINT('',(584.54994533873,127.47349543806,
    17.520854157134));
#3247 = CARTESIAN_POINT('',(587.16165059238,127.48674871574,
    17.506085002636));
#3248 = CARTESIAN_POINT('',(590.33103465948,127.5028310729,
    17.488175046617));
#3249 = CARTESIAN_POINT('',(592.01668649601,127.51138435317,
    17.478652502653));
#3250 = CARTESIAN_POINT('',(593.16353499936,127.51720347833,
    17.472175699812));
#3251 = CARTESIAN_POINT('',(594.22398556867,127.52258414265,
    17.46618795552));
#3252 = CARTESIAN_POINT('',(594.67555511167,127.52487535613,
    17.463638560685));
#3253 = CARTESIAN_POINT('',(598.25424676094,127.54303308381,
    17.443437743511));
#3254 = CARTESIAN_POINT('',(601.41038591182,127.55904547658,
    17.425637251381));
#3255 = CARTESIAN_POINT('',(605.22433791105,127.57839395976,
    17.404149612656));
#3256 = CARTESIAN_POINT('',(608.66173270666,127.5958319144,
    17.384787544388));
#3257 = CARTESIAN_POINT('',(612.12948075845,127.61342253012,
    17.365277651693));
#3258 = CARTESIAN_POINT('',(615.72196877215,127.63164395024,
    17.345086789701));
#3259 = CARTESIAN_POINT('',(619.02363251849,127.64838981675,
    17.326535420278));
#3260 = CARTESIAN_POINT('',(622.3489855664,127.66525406497,
    17.307873172329));
#3261 = CARTESIAN_POINT('',(625.746150262,127.68248246984,
    17.288829492806));
#3262 = CARTESIAN_POINT('',(628.9551997723,127.69875686198,
    17.270846682009));
#3263 = CARTESIAN_POINT('',(632.18312270719,127.71512734953,
    17.252785057296));
#3264 = CARTESIAN_POINT('',(635.40113997505,127.73144798526,
    17.234795746305));
#3265 = CARTESIAN_POINT('',(638.54390204627,127.74738707289,
    17.217232488095));
#3266 = CARTESIAN_POINT('',(641.70181903641,127.76340316948,
    17.199604255702));
#3267 = CARTESIAN_POINT('',(644.79366951704,127.77908375156,
    17.18235745177));
#3268 = CARTESIAN_POINT('',(647.86636649205,127.79466705919,
    17.165221334215));
#3269 = CARTESIAN_POINT('',(650.95101395973,127.81031030883,
    17.148034035024));
#3270 = CARTESIAN_POINT('',(653.9491225556,127.82551440884,
    17.131342458991));
#3271 = CARTESIAN_POINT('',(656.95230996976,127.84074418842,
    17.114626272129));
#3272 = CARTESIAN_POINT('',(659.9646849483,127.85602021337,
    17.097876916544));
#3273 = CARTESIAN_POINT('',(662.87036589705,127.87075476265,
    17.08173484948));
#3274 = CARTESIAN_POINT('',(665.80274372889,127.88562459584,
    17.065447629008));
#3275 = CARTESIAN_POINT('',(668.74190696057,127.90052829271,
    17.049140291294));
#3276 = CARTESIAN_POINT('',(671.5595923838,127.91481561693,
    17.033522175427));
#3277 = CARTESIAN_POINT('',(674.42135676495,127.92932638053,
    17.017662339627));
#3278 = CARTESIAN_POINT('',(677.287817825,127.9438604833,17.001795104215
    ));
#3279 = CARTESIAN_POINT('',(680.01951634001,127.95771082217,
    16.986690110712));
#3280 = CARTESIAN_POINT('',(682.81054210964,127.9718619119,
    16.971258889119));
#3281 = CARTESIAN_POINT('',(685.60444346216,127.98602703705,
    16.955830727915));
#3282 = CARTESIAN_POINT('',(688.25303322123,127.99945494656,
    16.941222701626));
#3283 = CARTESIAN_POINT('',(690.94361815193,128.01309574052,
    16.926383939583));
#3284 = CARTESIAN_POINT('',(693.66559585039,128.02689515899,
    16.911391508347));
#3285 = CARTESIAN_POINT('',(696.26336364084,128.04006433409,
    16.897102632291));
#3286 = CARTESIAN_POINT('',(698.75384912443,128.0526896441,
    16.883404073026));
#3287 = CARTESIAN_POINT('',(701.40459180556,128.06612683736,
    16.868842827255));
#3288 = CARTESIAN_POINT('',(704.05395167558,128.07955641441,
    16.854311142782));
#3289 = CARTESIAN_POINT('',(706.47017125377,128.09180416591,
    16.84105967807));
#3290 = CARTESIAN_POINT('',(709.05057579874,128.1048836676,
    16.826925867192));
#3291 = CARTESIAN_POINT('',(711.62848573758,128.11794990156,
    16.812828289609));
#3292 = CARTESIAN_POINT('',(713.97220375608,128.12982904617,
    16.800014281161));
#3293 = CARTESIAN_POINT('',(716.48325662577,128.1425558551,
    16.786302586209));
#3294 = CARTESIAN_POINT('',(718.99084699992,128.15526448287,
    16.772633010229));
#3295 = CARTESIAN_POINT('',(721.26376980467,128.16678367936,
    16.760247149266));
#3296 = CARTESIAN_POINT('',(723.70658677007,128.17916346526,
    16.746951588535));
#3297 = CARTESIAN_POINT('',(726.14509955172,128.19152079612,
    16.73370329878));
#3298 = CARTESIAN_POINT('',(728.34893839977,128.2026887329,
    16.721736266802));
#3299 = CARTESIAN_POINT('',(730.72471105874,128.214727548,
    16.708850412249));
#3300 = CARTESIAN_POINT('',(733.09544882254,128.2267402023,
    16.696016362309));
#3301 = CARTESIAN_POINT('',(735.2318894901,128.23756544367,
    16.684459000002));
#3302 = CARTESIAN_POINT('',(737.54189607229,128.24926978902,
    16.671975962646));
#3303 = CARTESIAN_POINT('',(739.84623470189,128.26094476279,
    16.65954869268));
#3304 = CARTESIAN_POINT('',(741.91696177466,128.27143586898,
    16.648391849354));
#3305 = CARTESIAN_POINT('',(744.16252685069,128.28281247868,
    16.636304469406));
#3306 = CARTESIAN_POINT('',(746.40187706545,128.29415694945,
    16.624276347213));
#3307 = CARTESIAN_POINT('',(748.40854976377,128.3043223604,
    16.613511032149));
#3308 = CARTESIAN_POINT('',(750.5910702912,128.31537834812,
    16.601811763152));
#3309 = CARTESIAN_POINT('',(752.76690490069,128.32639981131,
    16.590174770321));
#3310 = CARTESIAN_POINT('',(754.71118995298,128.33624800192,
    16.579791938435));
#3311 = CARTESIAN_POINT('',(756.8320605427,128.34699046076,
    16.568473229375));
#3312 = CARTESIAN_POINT('',(758.94584136268,128.35769635965,
    16.557219492007));
#3313 = CARTESIAN_POINT('',(760.82935477989,128.36723556309,
    16.547210392287));
#3314 = CARTESIAN_POINT('',(762.89007176937,128.37767212326,
    16.536264136198));
#3315 = CARTESIAN_POINT('',(764.94335392243,128.38807038153,
    16.525385083181));
#3316 = CARTESIAN_POINT('',(766.76775940037,128.39730905986,
    16.515740715325));
#3317 = CARTESIAN_POINT('',(767.92050194695,128.40314645671,
    16.509647901757));
#3318 = CARTESIAN_POINT('',(769.07068254255,128.40897066707,
    16.503578082461));
#3319 = CARTESIAN_POINT('',(770.1041270769,128.41420358308,
    16.498132213276));
#3320 = PCURVE('',#1430,#3321);
#3321 = DEFINITIONAL_REPRESENTATION('',(#3322),#3326);
#3322 = LINE('',#3323,#3324);
#3323 = CARTESIAN_POINT('',(1.,9.103828801926E-15));
#3324 = VECTOR('',#3325,1.);
#3325 = DIRECTION('',(-1.665163993716E-14,1.));
#3326 = ( GEOMETRIC_REPRESENTATION_CONTEXT(2) 
PARAMETRIC_REPRESENTATION_CONTEXT() REPRESENTATION_CONTEXT('2D SPACE',''
  ) );
#3327 = PCURVE('',#1952,#3328);
#3328 = DEFINITIONAL_REPRESENTATION('',(#3329),#3597);
#3329 = B_SPLINE_CURVE_WITH_KNOTS('',3,(#3330,#3331,#3332,#3333,#3334,
    #3335,#3336,#3337,#3338,#3339,#3340,#3341,#3342,#3343,#3344,#3345,
    #3346,#3347,#3348,#3349,#3350,#3351,#3352,#3353,#3354,#3355,#3356,
    #3357,#3358,#3359,#3360,#3361,#3362,#3363,#3364,#3365,#3366,#3367,
    #3368,#3369,#3370,#3371,#3372,#3373,#3374,#3375,#3376,#3377,#3378,
    #3379,#3380,#3381,#3382,#3383,#3384,#3385,#3386,#3387,#3388,#3389,
    #3390,#3391,#3392,#3393,#3394,#3395,#3396,#3397,#3398,#3399,#3400,
    #3401,#3402,#3403,#3404,#3405,#3406,#3407,#3408,#3409,#3410,#3411,
    #3412,#3413,#3414,#3415,#3416,#3417,#3418,#3419,#3420,#3421,#3422,
    #3423,#3424,#3425,#3426,#3427,#3428,#3429,#3430,#3431,#3432,#3433,
    #3434,#3435,#3436,#3437,#3438,#3439,#3440,#3441,#3442,#3443,#3444,
    #3445,#3446,#3447,#3448,#3449,#3450,#3451,#3452,#3453,#3454,#3455,
    #3456,#3457,#3458,#3459,#3460,#3461,#3462,#3463,#3464,#3465,#3466,
    #3467,#3468,#3469,#3470,#3471,#3472,#3473,#3474,#3475,#3476,#3477,
    #3478,#3479,#3480,#3481,#3482,#3483,#3484,#3485,#3486,#3487,#3488,
    #3489,#3490,#3491,#3492,#3493,#3494,#3495,#3496,#3497,#3498,#3499,
    #3500,#3501,#3502,#3503,#3504,#3505,#3506,#3507,#3508,#3509,#3510,
    #3511,#3512,#3513,#3514,#3515,#3516,#3517,#3518,#3519,#3520,#3521,
    #3522,#3523,#3524,#3525,#3526,#3527,#3528,#3529,#3530,#3531,#3532,
    #3533,#3534,#3535,#3536,#3537,#3538,#3539,#3540,#3541,#3542,#3543,
    #3544,#3545,#3546,#3547,#3548,#3549,#3550,#3551,#3552,#3553,#3554,
    #3555,#3556,#3557,#3558,#3559,#3560,#3561,#3562,#3563,#3564,#3565,
    #3566,#3567,#3568,#3569,#3570,#3571,#3572,#3573,#3574,#3575,#3576,
    #3577,#3578,#3579,#3580,#3581,#3582,#3583,#3584,#3585,#3586,#3587,
    #3588,#3589,#3590,#3591,#3592,#3593,#3594,#3595,#3596),
  .UNSPECIFIED.,.F.,.F.,(4,1,1,1,1,1,1,1,1,1,1,1,1,1,1,1,1,1,1,1,1,1,1,1
    ,1,1,1,1,1,1,1,1,1,1,1,1,1,1,1,1,1,1,1,1,1,1,1,1,1,1,1,1,1,1,1,1,1,1
    ,1,1,1,1,1,1,1,1,1,1,1,1,1,1,1,1,1,1,1,1,1,1,1,1,1,1,1,1,1,1,1,1,1,1
    ,1,1,1,1,1,1,1,1,1,1,1,1,1,1,1,1,1,1,1,1,1,1,1,1,1,1,1,1,1,1,1,1,1,1
    ,1,1,1,1,1,1,1,1,1,1,1,1,1,1,1,1,1,1,1,1,1,1,1,1,1,1,1,1,1,1,1,1,1,1
    ,1,1,1,1,1,1,1,1,1,1,1,1,1,1,1,1,1,1,1,1,1,1,1,1,1,1,1,1,1,1,1,1,1,1
    ,1,1,1,1,1,1,1,1,1,1,1,1,1,1,1,1,1,1,1,1,1,1,1,1,1,1,1,1,1,1,1,1,1,1
    ,1,1,1,1,1,1,1,1,1,1,1,1,1,1,1,1,1,1,1,1,1,1,1,1,1,1,1,1,1,1,1,1,1,1
    ,1,1,4),(-1.000239738265,-0.996451471529,-0.992663204793,
    -0.988874938057,-0.985086671321,-0.981298404585,-0.977510137849,
    -0.973721871113,-0.969933604377,-0.966145337642,-0.962357070906,
    -0.95856880417,-0.954780537434,-0.950992270698,-0.947204003962,
    -0.943415737226,-0.93962747049,-0.935839203754,-0.932050937019,
    -0.928262670283,-0.924474403547,-0.920686136811,-0.916897870075,
    -0.913109603339,-0.909321336603,-0.905533069867,-0.901744803132,
    -0.897956536396,-0.89416826966,-0.890380002924,-0.886591736188,
    -0.882803469452,-0.879015202716,-0.87522693598,-0.871438669244,
    -0.867650402509,-0.863862135773,-0.860073869037,-0.856285602301,
    -0.852497335565,-0.848709068829,-0.844920802093,-0.841132535357,
    -0.837344268621,-0.833556001886,-0.82976773515,-0.825979468414,
    -0.822191201678,-0.818402934942,-0.814614668206,-0.81082640147,
    -0.807038134734,-0.803249867999,-0.799461601263,-0.795673334527,
    -0.791885067791,-0.788096801055,-0.784308534319,-0.780520267583,
    -0.776732000847,-0.772943734111,-0.769155467376,-0.76536720064,
    -0.761578933904,-0.757790667168,-0.754002400432,-0.750214133696,
    -0.74642586696,-0.742637600224,-0.738849333488,-0.735061066753,
    -0.731272800017,-0.727484533281,-0.723696266545,-0.719907999809,
    -0.716119733073,-0.712331466337,-0.708543199601,-0.704754932866,
    -0.70096666613,-0.697178399394,-0.693390132658,-0.689601865922,
    -0.685813599186,-0.68202533245,-0.678237065714,-0.674448798978,
    -0.670660532243,-0.666872265507,-0.663083998771,-0.659295732035,
    -0.655507465299,-0.651719198563,-0.647930931827,-0.644142665091,
    -0.640354398355,-0.63656613162,-0.632777864884,-0.628989598148,
    -0.625201331412,-0.621413064676,-0.61762479794,-0.613836531204,
    -0.610048264468,-0.606259997732,-0.602471730997,-0.598683464261,
    -0.594895197525,-0.591106930789,-0.587318664053,-0.583530397317,
    -0.579742130581,-0.575953863845,-0.57216559711,-0.568377330374,
    -0.564589063638,-0.560800796902,-0.557012530166,-0.55322426343,
    -0.549435996694,-0.545647729958,-0.541859463222,-0.538071196487,
    -0.534282929751,-0.530494663015,-0.526706396279,-0.522918129543,
    -0.519129862807,-0.515341596071,-0.511553329335,-0.507765062599,
    -0.503976795864,-0.500188529128,-0.496400262392,-0.492611995656,
    -0.48882372892,-0.485035462184,-0.481247195448,-0.477458928712,
    -0.473670661977,-0.469882395241,-0.466094128505,-0.462305861769,
    -0.458517595033,-0.454729328297,-0.450941061561,-0.447152794825,
    -0.443364528089,-0.439576261354,-0.435787994618,-0.431999727882,
    -0.428211461146,-0.42442319441,-0.420634927674,-0.416846660938,
    -0.413058394202,-0.409270127466,-0.405481860731,-0.401693593995,
    -0.397905327259,-0.394117060523,-0.390328793787,-0.386540527051,
    -0.382752260315,-0.378963993579,-0.375175726844,-0.371387460108,
    -0.367599193372,-0.363810926636,-0.3600226599,-0.356234393164,
    -0.352446126428,-0.348657859692,-0.344869592956,-0.341081326221,
    -0.337293059485,-0.333504792749,-0.329716526013,-0.325928259277,
    -0.322139992541,-0.318351725805,-0.314563459069,-0.310775192333,
    -0.306986925598,-0.303198658862,-0.299410392126,-0.29562212539,
    -0.291833858654,-0.288045591918,-0.284257325182,-0.280469058446,
    -0.276680791711,-0.272892524975,-0.269104258239,-0.265315991503,
    -0.261527724767,-0.257739458031,-0.253951191295,-0.250162924559,
    -0.246374657823,-0.242586391088,-0.238798124352,-0.235009857616,
    -0.23122159088,-0.227433324144,-0.223645057408,-0.219856790672,
    -0.216068523936,-0.2122802572,-0.208491990465,-0.204703723729,
    -0.200915456993,-0.197127190257,-0.193338923521,-0.189550656785,
    -0.185762390049,-0.181974123313,-0.178185856578,-0.174397589842,
    -0.170609323106,-0.16682105637,-0.163032789634,-0.159244522898,
    -0.155456256162,-0.151667989426,-0.14787972269,-0.144091455955,
    -0.140303189219,-0.136514922483,-0.132726655747,-0.128938389011,
    -0.125150122275,-0.121361855539,-0.117573588803,-0.113785322067,
    -0.109997055332,-0.106208788596,-0.10242052186,-9.863225512393E-02,
    -9.484398838804E-02,-9.105572165216E-02,-8.726745491627E-02,
    -8.347918818039E-02,-7.96909214445E-02,-7.590265470862E-02,
    -7.211438797274E-02,-6.832612123685E-02,-6.453785450097E-02,
    -6.074958776508E-02,-5.69613210292E-02,-5.317305429331E-02,
    -4.938478755743E-02,-4.559652082154E-02,-4.180825408566E-02,
    -3.801998734977E-02,-3.423172061389E-02,-3.0443453878E-02,
    -2.665518714212E-02,-2.286692040623E-02,-1.907865367035E-02,
    -1.529038693446E-02,-1.150212019858E-02,-7.713853462693E-03,
    -3.925586726808E-03,-1.373199909234E-04),.UNSPECIFIED.);
#3330 = CARTESIAN_POINT('',(1.,0.534909101706));
#3331 = CARTESIAN_POINT('',(0.999100815672,0.534830087688));
#3332 = CARTESIAN_POINT('',(0.997296579626,0.534671620618));
#3333 = CARTESIAN_POINT('',(0.994572801247,0.534432623412));
#3334 = CARTESIAN_POINT('',(0.991831776908,0.534192350136));
#3335 = CARTESIAN_POINT('',(0.989073683233,0.533950821214));
#3336 = CARTESIAN_POINT('',(0.986298695703,0.533708056955));
#3337 = CARTESIAN_POINT('',(0.98350698849,0.533464077531));
#3338 = CARTESIAN_POINT('',(0.98069873449,0.533218902984));
#3339 = CARTESIAN_POINT('',(0.977874105304,0.53297255322));
#3340 = CARTESIAN_POINT('',(0.975033271234,0.532725048008));
#3341 = CARTESIAN_POINT('',(0.972176401276,0.532476406984));
#3342 = CARTESIAN_POINT('',(0.969303663117,0.532226649642));
#3343 = CARTESIAN_POINT('',(0.966415223125,0.531975795342));
#3344 = CARTESIAN_POINT('',(0.963511246349,0.531723863303));
#3345 = CARTESIAN_POINT('',(0.96059189651,0.531470872602));
#3346 = CARTESIAN_POINT('',(0.957657336004,0.531216842178));
#3347 = CARTESIAN_POINT('',(0.954707725894,0.530961790828));
#3348 = CARTESIAN_POINT('',(0.951743225907,0.530705737207));
#3349 = CARTESIAN_POINT('',(0.948763994436,0.530448699826));
#3350 = CARTESIAN_POINT('',(0.945770188535,0.530190697056));
#3351 = CARTESIAN_POINT('',(0.942761963921,0.529931747124));
#3352 = CARTESIAN_POINT('',(0.939739474969,0.529671868111));
#3353 = CARTESIAN_POINT('',(0.936702874717,0.529411077955));
#3354 = CARTESIAN_POINT('',(0.93365231486,0.529149394456));
#3355 = CARTESIAN_POINT('',(0.930587945757,0.528886835247));
#3356 = CARTESIAN_POINT('',(0.92750991643,0.528623417896));
#3357 = CARTESIAN_POINT('',(0.924418374565,0.528359159803));
#3358 = CARTESIAN_POINT('',(0.921313466509,0.528094078196));
#3359 = CARTESIAN_POINT('',(0.918195337281,0.527828190166));
#3360 = CARTESIAN_POINT('',(0.915064130567,0.527561512656));
#3361 = CARTESIAN_POINT('',(0.911919988726,0.527294062466));
#3362 = CARTESIAN_POINT('',(0.908763052791,0.527025856251));
#3363 = CARTESIAN_POINT('',(0.905593462478,0.526756910525));
#3364 = CARTESIAN_POINT('',(0.902411356181,0.526487241663));
#3365 = CARTESIAN_POINT('',(0.899216870985,0.526216865895));
#3366 = CARTESIAN_POINT('',(0.896010142663,0.52594579931));
#3367 = CARTESIAN_POINT('',(0.892791305684,0.525674057849));
#3368 = CARTESIAN_POINT('',(0.889560493217,0.525401657313));
#3369 = CARTESIAN_POINT('',(0.886317837137,0.525128613357));
#3370 = CARTESIAN_POINT('',(0.883063468029,0.524854941497));
#3371 = CARTESIAN_POINT('',(0.879797515193,0.524580657103));
#3372 = CARTESIAN_POINT('',(0.876520106651,0.524305775407));
#3373 = CARTESIAN_POINT('',(0.873231369153,0.524030311496));
#3374 = CARTESIAN_POINT('',(0.869931428179,0.523754280316));
#3375 = CARTESIAN_POINT('',(0.866620407956,0.523477696696));
#3376 = CARTESIAN_POINT('',(0.863298431452,0.523200575324));
#3377 = CARTESIAN_POINT('',(0.85996562039,0.522922930748));
#3378 = CARTESIAN_POINT('',(0.856622095251,0.522644777379));
#3379 = CARTESIAN_POINT('',(0.853267975283,0.522366129489));
#3380 = CARTESIAN_POINT('',(0.849903378509,0.52208700121));
#3381 = CARTESIAN_POINT('',(0.84652842173,0.521807406542));
#3382 = CARTESIAN_POINT('',(0.843143220536,0.521527359343));
#3383 = CARTESIAN_POINT('',(0.839747889314,0.521246873349));
#3384 = CARTESIAN_POINT('',(0.836342541254,0.520965962165));
#3385 = CARTESIAN_POINT('',(0.832927288354,0.520684639248));
#3386 = CARTESIAN_POINT('',(0.829502241433,0.520402917931));
#3387 = CARTESIAN_POINT('',(0.826067510137,0.520120811413));
#3388 = CARTESIAN_POINT('',(0.822623202943,0.519838332764));
#3389 = CARTESIAN_POINT('',(0.819169427172,0.519555494917));
#3390 = CARTESIAN_POINT('',(0.815706288997,0.519272310682));
#3391 = CARTESIAN_POINT('',(0.812233893448,0.518988792726));
#3392 = CARTESIAN_POINT('',(0.808752344421,0.518704953599));
#3393 = CARTESIAN_POINT('',(0.805261744691,0.51842080575));
#3394 = CARTESIAN_POINT('',(0.801762195915,0.51813636149));
#3395 = CARTESIAN_POINT('',(0.798253798642,0.517851633005));
#3396 = CARTESIAN_POINT('',(0.794736652322,0.517566632355));
#3397 = CARTESIAN_POINT('',(0.791210855312,0.517281371474));
#3398 = CARTESIAN_POINT('',(0.787676504888,0.516995862175));
#3399 = CARTESIAN_POINT('',(0.784133697253,0.516710116145));
#3400 = CARTESIAN_POINT('',(0.780582527542,0.516424144953));
#3401 = CARTESIAN_POINT('',(0.777023089834,0.516137960042));
#3402 = CARTESIAN_POINT('',(0.773455477162,0.515851572738));
#3403 = CARTESIAN_POINT('',(0.769879781518,0.515564994258));
#3404 = CARTESIAN_POINT('',(0.766296093863,0.515278235699));
#3405 = CARTESIAN_POINT('',(0.762704504137,0.514991308056));
#3406 = CARTESIAN_POINT('',(0.759105101265,0.514704222149));
#3407 = CARTESIAN_POINT('',(0.755497973169,0.514416988731));
#3408 = CARTESIAN_POINT('',(0.751883206775,0.514129618463));
#3409 = CARTESIAN_POINT('',(0.748260888022,0.513842121881));
#3410 = CARTESIAN_POINT('',(0.74463110187,0.513554509415));
#3411 = CARTESIAN_POINT('',(0.740993932308,0.513266791378));
#3412 = CARTESIAN_POINT('',(0.737349462363,0.512978977974));
#3413 = CARTESIAN_POINT('',(0.733697774112,0.512691079296));
#3414 = CARTESIAN_POINT('',(0.730038948682,0.512403105326));
#3415 = CARTESIAN_POINT('',(0.726373066269,0.512115065941));
#3416 = CARTESIAN_POINT('',(0.722700206139,0.511826970907));
#3417 = CARTESIAN_POINT('',(0.719020446638,0.511538829883));
#3418 = CARTESIAN_POINT('',(0.715333865206,0.511250652435));
#3419 = CARTESIAN_POINT('',(0.711640538378,0.510962448046));
#3420 = CARTESIAN_POINT('',(0.70794054179,0.510674226023));
#3421 = CARTESIAN_POINT('',(0.704233950199,0.510385995614));
#3422 = CARTESIAN_POINT('',(0.700520837482,0.510097765954));
#3423 = CARTESIAN_POINT('',(0.696801276647,0.509809546077));
#3424 = CARTESIAN_POINT('',(0.693075339851,0.509521344929));
#3425 = CARTESIAN_POINT('',(0.689343098356,0.509233171303));
#3426 = CARTESIAN_POINT('',(0.685604622799,0.508945034153));
#3427 = CARTESIAN_POINT('',(0.681859982762,0.508656943139));
#3428 = CARTESIAN_POINT('',(0.678109246325,0.508368904795));
#3429 = CARTESIAN_POINT('',(0.67435248229,0.508080927084));
#3430 = CARTESIAN_POINT('',(0.670589758124,0.507793020781));
#3431 = CARTESIAN_POINT('',(0.66682114018,0.507505197928));
#3432 = CARTESIAN_POINT('',(0.663046692296,0.50721746075));
#3433 = CARTESIAN_POINT('',(0.659266480632,0.50692981718));
#3434 = CARTESIAN_POINT('',(0.655480568836,0.506642275643));
#3435 = CARTESIAN_POINT('',(0.651689020246,0.506354844317));
#3436 = CARTESIAN_POINT('',(0.647891897307,0.506067531328));
#3437 = CARTESIAN_POINT('',(0.644089261746,0.50578034472));
#3438 = CARTESIAN_POINT('',(0.640281174519,0.505493292354));
#3439 = CARTESIAN_POINT('',(0.636467695811,0.505206381645));
#3440 = CARTESIAN_POINT('',(0.632648885205,0.504919621449));
#3441 = CARTESIAN_POINT('',(0.628824801482,0.504633019669));
#3442 = CARTESIAN_POINT('',(0.624995502577,0.504346582809));
#3443 = CARTESIAN_POINT('',(0.621161045516,0.504060316196));
#3444 = CARTESIAN_POINT('',(0.617321487175,0.50377422999));
#3445 = CARTESIAN_POINT('',(0.613476883409,0.503488330896));
#3446 = CARTESIAN_POINT('',(0.60962728938,0.503202625485));
#3447 = CARTESIAN_POINT('',(0.605772759563,0.50291712026));
#3448 = CARTESIAN_POINT('',(0.601913347754,0.502631821638));
#3449 = CARTESIAN_POINT('',(0.598049107078,0.502346735962));
#3450 = CARTESIAN_POINT('',(0.594180089994,0.502061869485));
#3451 = CARTESIAN_POINT('',(0.5903063483,0.50177722841));
#3452 = CARTESIAN_POINT('',(0.586427933146,0.501492818765));
#3453 = CARTESIAN_POINT('',(0.582544895238,0.50120864717));
#3454 = CARTESIAN_POINT('',(0.578657284481,0.500924720343));
#3455 = CARTESIAN_POINT('',(0.574765150224,0.500641045352));
#3456 = CARTESIAN_POINT('',(0.570868541182,0.500357629232));
#3457 = CARTESIAN_POINT('',(0.56696750545,0.500074478938));
#3458 = CARTESIAN_POINT('',(0.563062090512,0.499791601349));
#3459 = CARTESIAN_POINT('',(0.559152343246,0.499509003282));
#3460 = CARTESIAN_POINT('',(0.555238309901,0.499226691451));
#3461 = CARTESIAN_POINT('',(0.551320036243,0.498944672621));
#3462 = CARTESIAN_POINT('',(0.547397566968,0.498662953007));
#3463 = CARTESIAN_POINT('',(0.543470946301,0.498381536904));
#3464 = CARTESIAN_POINT('',(0.539540217985,0.498100428598));
#3465 = CARTESIAN_POINT('',(0.535605425106,0.497819631573));
#3466 = CARTESIAN_POINT('',(0.531666610197,0.497539149352));
#3467 = CARTESIAN_POINT('',(0.527723815232,0.497258985368));
#3468 = CARTESIAN_POINT('',(0.523777081627,0.496979142996));
#3469 = CARTESIAN_POINT('',(0.519826450261,0.496699625551));
#3470 = CARTESIAN_POINT('',(0.515871961442,0.496420436274));
#3471 = CARTESIAN_POINT('',(0.51191365507,0.496141578361));
#3472 = CARTESIAN_POINT('',(0.507951570461,0.495863055463));
#3473 = CARTESIAN_POINT('',(0.503985746411,0.495584871338));
#3474 = CARTESIAN_POINT('',(0.500016221299,0.495307030866));
#3475 = CARTESIAN_POINT('',(0.496043032979,0.495029538743));
#3476 = CARTESIAN_POINT('',(0.492066218794,0.494752399651));
#3477 = CARTESIAN_POINT('',(0.488085815583,0.494475618204));
#3478 = CARTESIAN_POINT('',(0.484101859671,0.494199199003));
#3479 = CARTESIAN_POINT('',(0.480114386943,0.493923146452));
#3480 = CARTESIAN_POINT('',(0.47612343307,0.493647466232));
#3481 = CARTESIAN_POINT('',(0.472129032988,0.49337216429));
#3482 = CARTESIAN_POINT('',(0.468131221192,0.493097246263));
#3483 = CARTESIAN_POINT('',(0.464130031677,0.492822717686));
#3484 = CARTESIAN_POINT('',(0.460125497966,0.492548584052));
#3485 = CARTESIAN_POINT('',(0.456117653111,0.492274850806));
#3486 = CARTESIAN_POINT('',(0.452106529695,0.492001523318));
#3487 = CARTESIAN_POINT('',(0.448092159852,0.491728607003));
#3488 = CARTESIAN_POINT('',(0.444074575099,0.491456106776));
#3489 = CARTESIAN_POINT('',(0.440053806608,0.491184027265));
#3490 = CARTESIAN_POINT('',(0.436029885036,0.490912372441));
#3491 = CARTESIAN_POINT('',(0.432002840566,0.490641145825));
#3492 = CARTESIAN_POINT('',(0.427972702948,0.490370350983));
#3493 = CARTESIAN_POINT('',(0.423939501493,0.490099991406));
#3494 = CARTESIAN_POINT('',(0.419903265085,0.489830070554));
#3495 = CARTESIAN_POINT('',(0.415864022165,0.489560591787));
#3496 = CARTESIAN_POINT('',(0.411821800845,0.489291558671));
#3497 = CARTESIAN_POINT('',(0.407776628752,0.489022974892));
#3498 = CARTESIAN_POINT('',(0.403728533135,0.488754844446));
#3499 = CARTESIAN_POINT('',(0.399677540828,0.488487171347));
#3500 = CARTESIAN_POINT('',(0.395623678253,0.488219959547));
#3501 = CARTESIAN_POINT('',(0.391566971426,0.487953212959));
#3502 = CARTESIAN_POINT('',(0.387507445955,0.487686935448));
#3503 = CARTESIAN_POINT('',(0.383445127046,0.487421130852));
#3504 = CARTESIAN_POINT('',(0.379380039472,0.487155802837));
#3505 = CARTESIAN_POINT('',(0.375312207632,0.486890954871));
#3506 = CARTESIAN_POINT('',(0.371241655516,0.486626590216));
#3507 = CARTESIAN_POINT('',(0.367168406729,0.486362712124));
#3508 = CARTESIAN_POINT('',(0.363092484488,0.486099323794));
#3509 = CARTESIAN_POINT('',(0.359013911632,0.485836428393));
#3510 = CARTESIAN_POINT('',(0.354932710612,0.485574029035));
#3511 = CARTESIAN_POINT('',(0.350848903531,0.485312128828));
#3512 = CARTESIAN_POINT('',(0.34676251211,0.485050730967));
#3513 = CARTESIAN_POINT('',(0.342673557701,0.484789838707));
#3514 = CARTESIAN_POINT('',(0.338582061288,0.484529455255));
#3515 = CARTESIAN_POINT('',(0.334488043489,0.484269583785));
#3516 = CARTESIAN_POINT('',(0.330391524555,0.484010227431));
#3517 = CARTESIAN_POINT('',(0.326292524378,0.48375138929));
#3518 = CARTESIAN_POINT('',(0.322191062491,0.48349307243));
#3519 = CARTESIAN_POINT('',(0.318087158059,0.483235279832));
#3520 = CARTESIAN_POINT('',(0.313980829898,0.482978014356));
#3521 = CARTESIAN_POINT('',(0.309872096467,0.48272127884));
#3522 = CARTESIAN_POINT('',(0.305760975877,0.482465076082));
#3523 = CARTESIAN_POINT('',(0.301647485892,0.482209408847));
#3524 = CARTESIAN_POINT('',(0.297531643928,0.481954279866));
#3525 = CARTESIAN_POINT('',(0.29341346706,0.48169969183));
#3526 = CARTESIAN_POINT('',(0.28929297203,0.481445647456));
#3527 = CARTESIAN_POINT('',(0.285170175233,0.481192149462));
#3528 = CARTESIAN_POINT('',(0.281045092727,0.480939200526));
#3529 = CARTESIAN_POINT('',(0.276917740231,0.480686803297));
#3530 = CARTESIAN_POINT('',(0.27278813313,0.48043496039));
#3531 = CARTESIAN_POINT('',(0.268656286474,0.480183674389));
#3532 = CARTESIAN_POINT('',(0.264522214982,0.47993294785));
#3533 = CARTESIAN_POINT('',(0.260385933041,0.479682783267));
#3534 = CARTESIAN_POINT('',(0.256247454705,0.4794331831));
#3535 = CARTESIAN_POINT('',(0.252106793703,0.479184149781));
#3536 = CARTESIAN_POINT('',(0.247963963435,0.478935685712));
#3537 = CARTESIAN_POINT('',(0.243818976976,0.478687793263));
#3538 = CARTESIAN_POINT('',(0.239671847076,0.47844047478));
#3539 = CARTESIAN_POINT('',(0.235522586163,0.478193732573));
#3540 = CARTESIAN_POINT('',(0.231371206347,0.477947568962));
#3541 = CARTESIAN_POINT('',(0.227217719411,0.477701986236));
#3542 = CARTESIAN_POINT('',(0.223062136815,0.477456986658));
#3543 = CARTESIAN_POINT('',(0.218904469701,0.477212572462));
#3544 = CARTESIAN_POINT('',(0.214744728892,0.476968745859));
#3545 = CARTESIAN_POINT('',(0.210582924888,0.47672550902));
#3546 = CARTESIAN_POINT('',(0.206419067877,0.476482864078));
#3547 = CARTESIAN_POINT('',(0.202253167723,0.476240813161));
#3548 = CARTESIAN_POINT('',(0.198085233974,0.475999358365));
#3549 = CARTESIAN_POINT('',(0.193915275861,0.475758501764));
#3550 = CARTESIAN_POINT('',(0.189743302295,0.475518245404));
#3551 = CARTESIAN_POINT('',(0.185569321871,0.475278591302));
#3552 = CARTESIAN_POINT('',(0.181393342871,0.475039541437));
#3553 = CARTESIAN_POINT('',(0.177215373259,0.4748010978));
#3554 = CARTESIAN_POINT('',(0.173035420679,0.47456326236));
#3555 = CARTESIAN_POINT('',(0.168853492459,0.474326037058));
#3556 = CARTESIAN_POINT('',(0.164669595608,0.474089423817));
#3557 = CARTESIAN_POINT('',(0.160483736817,0.473853424518));
#3558 = CARTESIAN_POINT('',(0.156295922457,0.473618041003));
#3559 = CARTESIAN_POINT('',(0.152106158587,0.473383275117));
#3560 = CARTESIAN_POINT('',(0.14791445094,0.473149128686));
#3561 = CARTESIAN_POINT('',(0.143720804929,0.472915603513));
#3562 = CARTESIAN_POINT('',(0.139525225648,0.47268270138));
#3563 = CARTESIAN_POINT('',(0.135327717865,0.472450424032));
#3564 = CARTESIAN_POINT('',(0.131128286027,0.472218773179));
#3565 = CARTESIAN_POINT('',(0.126926934266,0.471987750548));
#3566 = CARTESIAN_POINT('',(0.122723666378,0.471757357856));
#3567 = CARTESIAN_POINT('',(0.118518485837,0.471527596802));
#3568 = CARTESIAN_POINT('',(0.114311395785,0.471298469051));
#3569 = CARTESIAN_POINT('',(0.110102399035,0.471069976222));
#3570 = CARTESIAN_POINT('',(0.10589149807,0.470842119917));
#3571 = CARTESIAN_POINT('',(0.101678695042,0.470614901727));
#3572 = CARTESIAN_POINT('',(9.746399176626E-02,0.470388323232));
#3573 = CARTESIAN_POINT('',(9.324738972058E-02,0.470162385987));
#3574 = CARTESIAN_POINT('',(8.902889004472E-02,0.469937091519));
#3575 = CARTESIAN_POINT('',(8.480849353645E-02,0.469712441334));
#3576 = CARTESIAN_POINT('',(8.058620065407E-02,0.469488436912));
#3577 = CARTESIAN_POINT('',(7.636201152021E-02,0.469265079775));
#3578 = CARTESIAN_POINT('',(7.213592589521E-02,0.469042371446));
#3579 = CARTESIAN_POINT('',(6.790794319102E-02,0.468820313382));
#3580 = CARTESIAN_POINT('',(6.367806246434E-02,0.468598907008));
#3581 = CARTESIAN_POINT('',(5.944628241684E-02,0.468378153732));
#3582 = CARTESIAN_POINT('',(5.521260138511E-02,0.468158054939));
#3583 = CARTESIAN_POINT('',(5.097701734425E-02,0.467938611966));
#3584 = CARTESIAN_POINT('',(4.673952790606E-02,0.46771982615));
#3585 = CARTESIAN_POINT('',(4.25001303115E-02,0.467501698816));
#3586 = CARTESIAN_POINT('',(3.825882142908E-02,0.467284231277));
#3587 = CARTESIAN_POINT('',(3.401559774587E-02,0.467067424802));
#3588 = CARTESIAN_POINT('',(2.97704554063E-02,0.466851280764));
#3589 = CARTESIAN_POINT('',(2.552339012979E-02,0.466635800516));
#3590 = CARTESIAN_POINT('',(2.127439725074E-02,0.466420985325));
#3591 = CARTESIAN_POINT('',(1.70234717039E-02,0.466206836452));
#3592 = CARTESIAN_POINT('',(1.277060803772E-02,0.465993355145));
#3593 = CARTESIAN_POINT('',(8.515800346606E-03,0.465780542603));
#3594 = CARTESIAN_POINT('',(4.259042367977E-03,0.465568399939));
#3595 = CARTESIAN_POINT('',(1.419898983891E-03,0.465427418843));
#3596 = CARTESIAN_POINT('',(0.,0.465357040322));
#3597 = ( GEOMETRIC_REPRESENTATION_CONTEXT(2) 
PARAMETRIC_REPRESENTATION_CONTEXT() REPRESENTATION_CONTEXT('2D SPACE',''
  ) );
#3598 = ORIENTED_EDGE('',*,*,#2114,.T.);
#3599 = ADVANCED_FACE('',(#3600),#1952,.T.);
#3600 = FACE_BOUND('',#3601,.T.);
#3601 = EDGE_LOOP('',(#3602,#3603,#3604,#3605,#3606));
#3602 = ORIENTED_EDGE('',*,*,#3214,.F.);
#3603 = ORIENTED_EDGE('',*,*,#1938,.T.);
#3604 = ORIENTED_EDGE('',*,*,#3157,.F.);
#3605 = ORIENTED_EDGE('',*,*,#3185,.F.);
#3606 = ORIENTED_EDGE('',*,*,#2551,.F.);
#3607 = ADVANCED_FACE('',(#3608),#2921,.F.);
#3608 = FACE_BOUND('',#3609,.F.);
#3609 = EDGE_LOOP('',(#3610,#3633,#3634,#3635));
#3610 = ORIENTED_EDGE('',*,*,#3611,.T.);
#3611 = EDGE_CURVE('',#3612,#2904,#3614,.T.);
#3612 = VERTEX_POINT('',#3613);
#3613 = CARTESIAN_POINT('',(496.,147.3,19.58728));
#3614 = SURFACE_CURVE('',#3615,(#3619,#3626),.PCURVE_S1.);
#3615 = LINE('',#3616,#3617);
#3616 = CARTESIAN_POINT('',(496.,147.3,19.58728));
#3617 = VECTOR('',#3618,1.);
#3618 = DIRECTION('',(0.999987147798,0.,-5.069934839335E-03));
#3619 = PCURVE('',#2921,#3620);
#3620 = DEFINITIONAL_REPRESENTATION('',(#3621),#3625);
#3621 = LINE('',#3622,#3623);
#3622 = CARTESIAN_POINT('',(-0.29459,-137.));
#3623 = VECTOR('',#3624,1.);
#3624 = DIRECTION('',(5.069934839335E-03,0.999987147798));
#3625 = ( GEOMETRIC_REPRESENTATION_CONTEXT(2) 
PARAMETRIC_REPRESENTATION_CONTEXT() REPRESENTATION_CONTEXT('2D SPACE',''
  ) );
#3626 = PCURVE('',#2949,#3627);
#3627 = DEFINITIONAL_REPRESENTATION('',(#3628),#3632);
#3628 = LINE('',#3629,#3630);
#3629 = CARTESIAN_POINT('',(0.,0.));
#3630 = VECTOR('',#3631,1.);
#3631 = DIRECTION('',(1.,0.));
#3632 = ( GEOMETRIC_REPRESENTATION_CONTEXT(2) 
PARAMETRIC_REPRESENTATION_CONTEXT() REPRESENTATION_CONTEXT('2D SPACE',''
  ) );
#3633 = ORIENTED_EDGE('',*,*,#2903,.T.);
#3634 = ORIENTED_EDGE('',*,*,#3084,.T.);
#3635 = ORIENTED_EDGE('',*,*,#3636,.T.);
#3636 = EDGE_CURVE('',#3085,#3612,#3637,.T.);
#3637 = SURFACE_CURVE('',#3638,(#3642,#3649),.PCURVE_S1.);
#3638 = LINE('',#3639,#3640);
#3639 = CARTESIAN_POINT('',(496.,147.3,20.38728));
#3640 = VECTOR('',#3641,1.);
#3641 = DIRECTION('',(0.,0.,-1.));
#3642 = PCURVE('',#2921,#3643);
#3643 = DEFINITIONAL_REPRESENTATION('',(#3644),#3648);
#3644 = LINE('',#3645,#3646);
#3645 = CARTESIAN_POINT('',(-1.09459,-137.));
#3646 = VECTOR('',#3647,1.);
#3647 = DIRECTION('',(1.,0.));
#3648 = ( GEOMETRIC_REPRESENTATION_CONTEXT(2) 
PARAMETRIC_REPRESENTATION_CONTEXT() REPRESENTATION_CONTEXT('2D SPACE',''
  ) );
#3649 = PCURVE('',#3025,#3650);
#3650 = DEFINITIONAL_REPRESENTATION('',(#3651),#3655);
#3651 = LINE('',#3652,#3653);
#3652 = CARTESIAN_POINT('',(0.,0.));
#3653 = VECTOR('',#3654,1.);
#3654 = DIRECTION('',(1.,0.));
#3655 = ( GEOMETRIC_REPRESENTATION_CONTEXT(2) 
PARAMETRIC_REPRESENTATION_CONTEXT() REPRESENTATION_CONTEXT('2D SPACE',''
  ) );
#3656 = ADVANCED_FACE('',(#3657),#2949,.F.);
#3657 = FACE_BOUND('',#3658,.F.);
#3658 = EDGE_LOOP('',(#3659,#3680,#3681,#3682));
#3659 = ORIENTED_EDGE('',*,*,#3660,.T.);
#3660 = EDGE_CURVE('',#3612,#3010,#3661,.T.);
#3661 = SURFACE_CURVE('',#3662,(#3666,#3673),.PCURVE_S1.);
#3662 = LINE('',#3663,#3664);
#3663 = CARTESIAN_POINT('',(496.,147.3,19.58728));
#3664 = VECTOR('',#3665,1.);
#3665 = DIRECTION('',(0.,-1.,0.));
#3666 = PCURVE('',#2949,#3667);
#3667 = DEFINITIONAL_REPRESENTATION('',(#3668),#3672);
#3668 = LINE('',#3669,#3670);
#3669 = CARTESIAN_POINT('',(0.,0.));
#3670 = VECTOR('',#3671,1.);
#3671 = DIRECTION('',(0.,-1.));
#3672 = ( GEOMETRIC_REPRESENTATION_CONTEXT(2) 
PARAMETRIC_REPRESENTATION_CONTEXT() REPRESENTATION_CONTEXT('2D SPACE',''
  ) );
#3673 = PCURVE('',#3025,#3674);
#3674 = DEFINITIONAL_REPRESENTATION('',(#3675),#3679);
#3675 = LINE('',#3676,#3677);
#3676 = CARTESIAN_POINT('',(0.8,0.));
#3677 = VECTOR('',#3678,1.);
#3678 = DIRECTION('',(0.,-1.));
#3679 = ( GEOMETRIC_REPRESENTATION_CONTEXT(2) 
PARAMETRIC_REPRESENTATION_CONTEXT() REPRESENTATION_CONTEXT('2D SPACE',''
  ) );
#3680 = ORIENTED_EDGE('',*,*,#3037,.T.);
#3681 = ORIENTED_EDGE('',*,*,#2933,.F.);
#3682 = ORIENTED_EDGE('',*,*,#3611,.F.);
#3683 = ADVANCED_FACE('',(#3684),#3025,.F.);
#3684 = FACE_BOUND('',#3685,.F.);
#3685 = EDGE_LOOP('',(#3686,#3687,#3688,#3689));
#3686 = ORIENTED_EDGE('',*,*,#3110,.T.);
#3687 = ORIENTED_EDGE('',*,*,#3007,.T.);
#3688 = ORIENTED_EDGE('',*,*,#3660,.F.);
#3689 = ORIENTED_EDGE('',*,*,#3636,.F.);
#3690 = ( GEOMETRIC_REPRESENTATION_CONTEXT(3) 
GLOBAL_UNCERTAINTY_ASSIGNED_CONTEXT((#3694)) 
GLOBAL_UNIT_ASSIGNED_CONTEXT((#3691,#3692,#3693)) REPRESENTATION_CONTEXT
('Context #1','3D Context with UNIT and UNCERTAINTY') );
#3691 = ( LENGTH_UNIT() NAMED_UNIT(*) SI_UNIT(.MILLI.,.METRE.) );
#3692 = ( NAMED_UNIT(*) PLANE_ANGLE_UNIT() SI_UNIT($,.RADIAN.) );
#3693 = ( NAMED_UNIT(*) SI_UNIT($,.STERADIAN.) SOLID_ANGLE_UNIT() );
#3694 = UNCERTAINTY_MEASURE_WITH_UNIT(LENGTH_MEASURE(1.E-03),#3691,
  'distance_accuracy_value','confusion accuracy');
#3695 = PRODUCT_RELATED_PRODUCT_CATEGORY('part',$,(#7));
ENDSEC;
END-ISO-10303-21;
