ISO-10303-21;
HEADER;
FILE_DESCRIPTION(('Open CASCADE Model'),'2;1');
FILE_NAME('Open CASCADE Shape Model','2026-09-23T19:43:42',('Author'),(
    'Open CASCADE'),'Open CASCADE STEP processor 7.9','Open CASCADE 7.9'
  ,'Unknown');
FILE_SCHEMA(('AUTOMOTIVE_DESIGN { 1 0 10303 214 1 1 1 1 }'));
ENDSEC;
DATA;
#1 = APPLICATION_PROTOCOL_DEFINITION('international standard',
  'automotive_design',2000,#2);
#2 = APPLICATION_CONTEXT(
  'core data for automotive mechanical design processes');
#3 = SHAPE_DEFINITION_REPRESENTATION(#4,#10);
#4 = PRODUCT_DEFINITION_SHAPE('','',#5);
#5 = PRODUCT_DEFINITION('design','',#6,#9);
#6 = PRODUCT_DEFINITION_FORMATION('','',#7);
#7 = PRODUCT('Open CASCADE STEP translator 7.9 17',
  'Open CASCADE STEP translator 7.9 17','',(#8));
#8 = PRODUCT_CONTEXT('',#2,'mechanical');
#9 = PRODUCT_DEFINITION_CONTEXT('part definition',#2,'design');
#10 = ADVANCED_BREP_SHAPE_REPRESENTATION('',(#11,#15),#4101);
#11 = AXIS2_PLACEMENT_3D('',#12,#13,#14);
#12 = CARTESIAN_POINT('',(0.,0.,0.));
#13 = DIRECTION('',(0.,0.,1.));
#14 = DIRECTION('',(1.,0.,-0.));
#15 = MANIFOLD_SOLID_BREP('',#16);
#16 = CLOSED_SHELL('',(#17,#137,#264,#590,#874,#950,#1026,#1102,#1178,
    #1258,#1351,#1631,#2621,#3570,#3683,#3787,#3863,#3939,#4010,#4057,
    #4079));
#17 = ADVANCED_FACE('',(#18),#32,.T.);
#18 = FACE_BOUND('',#19,.T.);
#19 = EDGE_LOOP('',(#20,#55,#83,#111));
#20 = ORIENTED_EDGE('',*,*,#21,.T.);
#21 = EDGE_CURVE('',#22,#24,#26,.T.);
#22 = VERTEX_POINT('',#23);
#23 = CARTESIAN_POINT('',(32.000021613965,233.6499999,4.336808689942E-18
    ));
#24 = VERTEX_POINT('',#25);
#25 = CARTESIAN_POINT('',(32.000021613965,239.6499999,4.336808689942E-18
    ));
#26 = SURFACE_CURVE('',#27,(#31,#43),.PCURVE_S1.);
#27 = LINE('',#28,#29);
#28 = CARTESIAN_POINT('',(32.000021613965,233.6499999,4.336808689942E-18
    ));
#29 = VECTOR('',#30,1.);
#30 = DIRECTION('',(0.,1.,0.));
#31 = PCURVE('',#32,#37);
#32 = PLANE('',#33);
#33 = AXIS2_PLACEMENT_3D('',#34,#35,#36);
#34 = CARTESIAN_POINT('',(32.000021613965,233.6499999,4.336808689942E-18
    ));
#35 = DIRECTION('',(-0.,0.,-1.));
#36 = DIRECTION('',(1.,1.788228853189E-15,0.));
#37 = DEFINITIONAL_REPRESENTATION('',(#38),#42);
#38 = LINE('',#39,#40);
#39 = CARTESIAN_POINT('',(-1.016490417208E-28,5.684341886081E-14));
#40 = VECTOR('',#41,1.);
#41 = DIRECTION('',(1.788228853189E-15,-1.));
#42 = ( GEOMETRIC_REPRESENTATION_CONTEXT(2) 
PARAMETRIC_REPRESENTATION_CONTEXT() REPRESENTATION_CONTEXT('2D SPACE',''
  ) );
#43 = PCURVE('',#44,#49);
#44 = PLANE('',#45);
#45 = AXIS2_PLACEMENT_3D('',#46,#47,#48);
#46 = CARTESIAN_POINT('',(32.000021613965,233.6499999,13.688942419949));
#47 = DIRECTION('',(-1.,0.,6.574601973952E-15));
#48 = DIRECTION('',(-6.574601973952E-15,-5.20417042793E-18,-1.));
#49 = DEFINITIONAL_REPRESENTATION('',(#50),#54);
#50 = LINE('',#51,#52);
#51 = CARTESIAN_POINT('',(13.688942419949,-7.123958933154E-17));
#52 = VECTOR('',#53,1.);
#53 = DIRECTION('',(-5.20417042793E-18,-1.));
#54 = ( GEOMETRIC_REPRESENTATION_CONTEXT(2) 
PARAMETRIC_REPRESENTATION_CONTEXT() REPRESENTATION_CONTEXT('2D SPACE',''
  ) );
#55 = ORIENTED_EDGE('',*,*,#56,.T.);
#56 = EDGE_CURVE('',#24,#57,#59,.T.);
#57 = VERTEX_POINT('',#58);
#58 = CARTESIAN_POINT('',(37.822246082473,239.6499999,
    -4.774842847499E-12));
#59 = SURFACE_CURVE('',#60,(#64,#71),.PCURVE_S1.);
#60 = LINE('',#61,#62);
#61 = CARTESIAN_POINT('',(1.080698244853E-05,239.6499999,
    4.336808689942E-18));
#62 = VECTOR('',#63,1.);
#63 = DIRECTION('',(1.,1.788228853189E-15,-0.));
#64 = PCURVE('',#32,#65);
#65 = DEFINITIONAL_REPRESENTATION('',(#66),#70);
#66 = LINE('',#67,#68);
#67 = CARTESIAN_POINT('',(-32.00001080698,-6.));
#68 = VECTOR('',#69,1.);
#69 = DIRECTION('',(1.,0.));
#70 = ( GEOMETRIC_REPRESENTATION_CONTEXT(2) 
PARAMETRIC_REPRESENTATION_CONTEXT() REPRESENTATION_CONTEXT('2D SPACE',''
  ) );
#71 = PCURVE('',#72,#77);
#72 = PLANE('',#73);
#73 = AXIS2_PLACEMENT_3D('',#74,#75,#76);
#74 = CARTESIAN_POINT('',(1.607507892943E-03,239.6499999,22.727949855197
    ));
#75 = DIRECTION('',(3.805074292056E-16,-1.,-0.));
#76 = DIRECTION('',(-1.,-3.805074292056E-16,0.));
#77 = DEFINITIONAL_REPRESENTATION('',(#78),#82);
#78 = LINE('',#79,#80);
#79 = CARTESIAN_POINT('',(1.596700910494E-03,22.727949855197));
#80 = VECTOR('',#81,1.);
#81 = DIRECTION('',(-1.,0.));
#82 = ( GEOMETRIC_REPRESENTATION_CONTEXT(2) 
PARAMETRIC_REPRESENTATION_CONTEXT() REPRESENTATION_CONTEXT('2D SPACE',''
  ) );
#83 = ORIENTED_EDGE('',*,*,#84,.F.);
#84 = EDGE_CURVE('',#85,#57,#87,.T.);
#85 = VERTEX_POINT('',#86);
#86 = CARTESIAN_POINT('',(37.822246082473,233.6499999,
    -4.774842847499E-12));
#87 = SURFACE_CURVE('',#88,(#92,#99),.PCURVE_S1.);
#88 = LINE('',#89,#90);
#89 = CARTESIAN_POINT('',(37.822246082473,233.6499999,
    -4.774842847499E-12));
#90 = VECTOR('',#91,1.);
#91 = DIRECTION('',(0.,1.,0.));
#92 = PCURVE('',#32,#93);
#93 = DEFINITIONAL_REPRESENTATION('',(#94),#98);
#94 = LINE('',#95,#96);
#95 = CARTESIAN_POINT('',(5.822224468508,6.725488864514E-14));
#96 = VECTOR('',#97,1.);
#97 = DIRECTION('',(1.788228853189E-15,-1.));
#98 = ( GEOMETRIC_REPRESENTATION_CONTEXT(2) 
PARAMETRIC_REPRESENTATION_CONTEXT() REPRESENTATION_CONTEXT('2D SPACE',''
  ) );
#99 = PCURVE('',#100,#105);
#100 = PLANE('',#101);
#101 = AXIS2_PLACEMENT_3D('',#102,#103,#104);
#102 = CARTESIAN_POINT('',(37.822246082473,233.6499999,
    -4.122232804753E-12));
#103 = DIRECTION('',(-9.797718192317E-15,0.,-1.));
#104 = DIRECTION('',(1.,1.893352418207E-15,-9.797718192317E-15));
#105 = DEFINITIONAL_REPRESENTATION('',(#106),#110);
#106 = LINE('',#107,#108);
#107 = CARTESIAN_POINT('',(-1.614369368389E-28,8.526512829121E-14));
#108 = VECTOR('',#109,1.);
#109 = DIRECTION('',(1.893352418207E-15,-1.));
#110 = ( GEOMETRIC_REPRESENTATION_CONTEXT(2) 
PARAMETRIC_REPRESENTATION_CONTEXT() REPRESENTATION_CONTEXT('2D SPACE',''
  ) );
#111 = ORIENTED_EDGE('',*,*,#112,.F.);
#112 = EDGE_CURVE('',#22,#85,#113,.T.);
#113 = SURFACE_CURVE('',#114,(#118,#125),.PCURVE_S1.);
#114 = LINE('',#115,#116);
#115 = CARTESIAN_POINT('',(1.080698244853E-05,233.6499999,
    4.336808689942E-18));
#116 = VECTOR('',#117,1.);
#117 = DIRECTION('',(1.,1.788228853189E-15,-0.));
#118 = PCURVE('',#32,#119);
#119 = DEFINITIONAL_REPRESENTATION('',(#120),#124);
#120 = LINE('',#121,#122);
#121 = CARTESIAN_POINT('',(-32.00001080698,-3.79923766598E-16));
#122 = VECTOR('',#123,1.);
#123 = DIRECTION('',(1.,0.));
#124 = ( GEOMETRIC_REPRESENTATION_CONTEXT(2) 
PARAMETRIC_REPRESENTATION_CONTEXT() REPRESENTATION_CONTEXT('2D SPACE',''
  ) );
#125 = PCURVE('',#126,#131);
#126 = PLANE('',#127);
#127 = AXIS2_PLACEMENT_3D('',#128,#129,#130);
#128 = CARTESIAN_POINT('',(1.607507892943E-03,233.6499999,
    22.727949855197));
#129 = DIRECTION('',(3.805074292056E-16,-1.,-0.));
#130 = DIRECTION('',(-1.,-3.805074292056E-16,0.));
#131 = DEFINITIONAL_REPRESENTATION('',(#132),#136);
#132 = LINE('',#133,#134);
#133 = CARTESIAN_POINT('',(1.596700910494E-03,22.727949855197));
#134 = VECTOR('',#135,1.);
#135 = DIRECTION('',(-1.,0.));
#136 = ( GEOMETRIC_REPRESENTATION_CONTEXT(2) 
PARAMETRIC_REPRESENTATION_CONTEXT() REPRESENTATION_CONTEXT('2D SPACE',''
  ) );
#137 = ADVANCED_FACE('',(#138),#44,.T.);
#138 = FACE_BOUND('',#139,.T.);
#139 = EDGE_LOOP('',(#140,#221,#242,#243));
#140 = ORIENTED_EDGE('',*,*,#141,.T.);
#141 = EDGE_CURVE('',#142,#144,#146,.T.);
#142 = VERTEX_POINT('',#143);
#143 = CARTESIAN_POINT('',(32.000021613965,233.6499999,13.688942419949)
  );
#144 = VERTEX_POINT('',#145);
#145 = CARTESIAN_POINT('',(32.000021613965,239.6499999,13.688942419949)
  );
#146 = SURFACE_CURVE('',#147,(#151,#158),.PCURVE_S1.);
#147 = LINE('',#148,#149);
#148 = CARTESIAN_POINT('',(32.000021613965,233.6499999,13.688942419949)
  );
#149 = VECTOR('',#150,1.);
#150 = DIRECTION('',(0.,1.,0.));
#151 = PCURVE('',#44,#152);
#152 = DEFINITIONAL_REPRESENTATION('',(#153),#157);
#153 = LINE('',#154,#155);
#154 = CARTESIAN_POINT('',(-0.,0.));
#155 = VECTOR('',#156,1.);
#156 = DIRECTION('',(-5.20417042793E-18,-1.));
#157 = ( GEOMETRIC_REPRESENTATION_CONTEXT(2) 
PARAMETRIC_REPRESENTATION_CONTEXT() REPRESENTATION_CONTEXT('2D SPACE',''
  ) );
#158 = PCURVE('',#159,#215);
#159 = SURFACE_OF_LINEAR_EXTRUSION('',#160,#213);
#160 = B_SPLINE_CURVE_WITH_KNOTS('',3,(#161,#162,#163,#164,#165,#166,
    #167,#168,#169,#170,#171,#172,#173,#174,#175,#176,#177,#178,#179,
    #180,#181,#182,#183,#184,#185,#186,#187,#188,#189,#190,#191,#192,
    #193,#194,#195,#196,#197,#198,#199,#200,#201,#202,#203,#204,#205,
    #206,#207,#208,#209,#210,#211,#212),.UNSPECIFIED.,.F.,.F.,(4,3,3,3,3
    ,3,3,3,3,3,3,3,3,3,3,3,3,4),(-3.219368827425,-2.993327758717,
    -2.771841207202,-2.635212687543,-2.566898427713,-2.532741297798,
    -2.515662732841,-2.503924704166,-2.498584167884,-2.432427159071,
    -2.363575257922,-2.294723356773,-1.495542529486,-1.135204126855,
    -1.064169789009,-0.774807441222,-0.715923205154,4.440892098501E-16),
  .UNSPECIFIED.);
#161 = CARTESIAN_POINT('',(2.161396522921E-05,233.6499999,
    37.189798495155));
#162 = CARTESIAN_POINT('',(0.610745118392,233.6499999,37.189798495156));
#163 = CARTESIAN_POINT('',(1.24498612627,233.6499999,37.15290585497));
#164 = CARTESIAN_POINT('',(1.902039339535,233.6499999,37.07642369221));
#165 = CARTESIAN_POINT('',(2.545853541974,233.6499999,37.001482573858));
#166 = CARTESIAN_POINT('',(3.211569741134,233.6499999,36.888530938209));
#167 = CARTESIAN_POINT('',(3.898502088244,233.6499999,36.735075956262));
#168 = CARTESIAN_POINT('',(4.322250388307,233.6499999,36.640414104902));
#169 = CARTESIAN_POINT('',(4.754071624422,233.6499999,36.530340435883));
#170 = CARTESIAN_POINT('',(5.193800864779,233.6499999,36.404279233675));
#171 = CARTESIAN_POINT('',(5.413665484958,233.6499999,36.341248632571));
#172 = CARTESIAN_POINT('',(5.635507060499,233.6499999,36.274221266192));
#173 = CARTESIAN_POINT('',(5.85930470651,233.6499999,36.203125903051));
#174 = CARTESIAN_POINT('',(5.971203529516,233.6499999,36.167578221481));
#175 = CARTESIAN_POINT('',(6.083591367389,233.6499999,36.131013548557));
#176 = CARTESIAN_POINT('',(6.196465593204,233.6499999,36.093423028135));
#177 = CARTESIAN_POINT('',(6.252902706112,233.6499999,36.074627767924));
#178 = CARTESIAN_POINT('',(6.309461415836,233.6499999,36.055576046342));
#179 = CARTESIAN_POINT('',(6.366141393007,233.6499999,36.03626675942));
#180 = CARTESIAN_POINT('',(6.405097312253,233.6499999,36.022995564555));
#181 = CARTESIAN_POINT('',(6.444110515284,233.6499999,36.009602702114));
#182 = CARTESIAN_POINT('',(6.483180894983,233.6499999,35.996087814246));
#183 = CARTESIAN_POINT('',(6.500957029812,233.6499999,35.989938847412));
#184 = CARTESIAN_POINT('',(6.518744577088,233.6499999,35.983764768284));
#185 = CARTESIAN_POINT('',(6.536544840514,233.6499999,35.9775650855));
#186 = CARTESIAN_POINT('',(6.755666903258,233.6499999,35.901246704839));
#187 = CARTESIAN_POINT('',(6.97724419218,233.6499999,35.820774489113));
#188 = CARTESIAN_POINT('',(7.200811471191,233.6499999,35.736239217736));
#189 = CARTESIAN_POINT('',(7.433485717966,233.6499999,35.648260419225));
#190 = CARTESIAN_POINT('',(7.668315195719,233.6499999,35.555880474419));
#191 = CARTESIAN_POINT('',(7.904749668653,233.6499999,35.459255164122));
#192 = CARTESIAN_POINT('',(8.141184141586,233.6499999,35.362629853824));
#193 = CARTESIAN_POINT('',(8.379223221951,233.6499999,35.261759222744));
#194 = CARTESIAN_POINT('',(8.618296020019,233.6499999,35.156853113833));
#195 = CARTESIAN_POINT('',(11.39327235841,233.6499999,33.939182294184));
#196 = CARTESIAN_POINT('',(14.364440476507,233.6499999,32.132351726117)
  );
#197 = CARTESIAN_POINT('',(17.289095559631,233.6499999,29.880095043276)
  );
#198 = CARTESIAN_POINT('',(18.607777771366,233.6499999,28.864586978389)
  );
#199 = CARTESIAN_POINT('',(19.917003888071,233.6499999,27.758524383688)
  );
#200 = CARTESIAN_POINT('',(21.194524102489,233.6499999,26.57507994065));
#201 = CARTESIAN_POINT('',(21.44639639179,233.6499999,26.341755365614));
#202 = CARTESIAN_POINT('',(21.697260184813,233.6499999,26.105376415337)
  );
#203 = CARTESIAN_POINT('',(21.946991909694,233.6499999,25.866098486427)
  );
#204 = CARTESIAN_POINT('',(22.964288057157,233.6499999,24.891386461482)
  );
#205 = CARTESIAN_POINT('',(23.962800637462,233.6499999,23.868573056219)
  );
#206 = CARTESIAN_POINT('',(24.934166147503,233.6499999,22.808127242569)
  );
#207 = CARTESIAN_POINT('',(25.13183566615,233.6499999,22.592330190514));
#208 = CARTESIAN_POINT('',(25.328380915892,233.6499999,22.374974598102)
  );
#209 = CARTESIAN_POINT('',(25.523731264774,233.6499999,22.156148482641)
  );
#210 = CARTESIAN_POINT('',(27.898829546388,233.6499999,19.495628377206)
  );
#211 = CARTESIAN_POINT('',(30.091452329171,233.6499999,16.610367625008)
  );
#212 = CARTESIAN_POINT('',(32.000021613965,233.6499999,13.68894241995));
#213 = VECTOR('',#214,1.);
#214 = DIRECTION('',(-0.,-1.,-0.));
#215 = DEFINITIONAL_REPRESENTATION('',(#216),#220);
#216 = LINE('',#217,#218);
#217 = CARTESIAN_POINT('',(4.440892098501E-16,0.));
#218 = VECTOR('',#219,1.);
#219 = DIRECTION('',(0.,-1.));
#220 = ( GEOMETRIC_REPRESENTATION_CONTEXT(2) 
PARAMETRIC_REPRESENTATION_CONTEXT() REPRESENTATION_CONTEXT('2D SPACE',''
  ) );
#221 = ORIENTED_EDGE('',*,*,#222,.T.);
#222 = EDGE_CURVE('',#144,#24,#223,.T.);
#223 = SURFACE_CURVE('',#224,(#228,#235),.PCURVE_S1.);
#224 = LINE('',#225,#226);
#225 = CARTESIAN_POINT('',(32.000021613965,239.6499999,-8.230674428287)
  );
#226 = VECTOR('',#227,1.);
#227 = DIRECTION('',(-6.574601973952E-15,-5.20417042793E-18,-1.));
#228 = PCURVE('',#44,#229);
#229 = DEFINITIONAL_REPRESENTATION('',(#230),#234);
#230 = LINE('',#231,#232);
#231 = CARTESIAN_POINT('',(21.919616848236,-6.));
#232 = VECTOR('',#233,1.);
#233 = DIRECTION('',(1.,0.));
#234 = ( GEOMETRIC_REPRESENTATION_CONTEXT(2) 
PARAMETRIC_REPRESENTATION_CONTEXT() REPRESENTATION_CONTEXT('2D SPACE',''
  ) );
#235 = PCURVE('',#72,#236);
#236 = DEFINITIONAL_REPRESENTATION('',(#237),#241);
#237 = LINE('',#238,#239);
#238 = CARTESIAN_POINT('',(-31.99841410607,30.958624283484));
#239 = VECTOR('',#240,1.);
#240 = DIRECTION('',(6.574601973952E-15,1.));
#241 = ( GEOMETRIC_REPRESENTATION_CONTEXT(2) 
PARAMETRIC_REPRESENTATION_CONTEXT() REPRESENTATION_CONTEXT('2D SPACE',''
  ) );
#242 = ORIENTED_EDGE('',*,*,#21,.F.);
#243 = ORIENTED_EDGE('',*,*,#244,.F.);
#244 = EDGE_CURVE('',#142,#22,#245,.T.);
#245 = SURFACE_CURVE('',#246,(#250,#257),.PCURVE_S1.);
#246 = LINE('',#247,#248);
#247 = CARTESIAN_POINT('',(32.000021613965,233.6499999,-8.230674428287)
  );
#248 = VECTOR('',#249,1.);
#249 = DIRECTION('',(-6.574601973952E-15,-5.20417042793E-18,-1.));
#250 = PCURVE('',#44,#251);
#251 = DEFINITIONAL_REPRESENTATION('',(#252),#256);
#252 = LINE('',#253,#254);
#253 = CARTESIAN_POINT('',(21.919616848236,-1.140734217931E-16));
#254 = VECTOR('',#255,1.);
#255 = DIRECTION('',(1.,0.));
#256 = ( GEOMETRIC_REPRESENTATION_CONTEXT(2) 
PARAMETRIC_REPRESENTATION_CONTEXT() REPRESENTATION_CONTEXT('2D SPACE',''
  ) );
#257 = PCURVE('',#126,#258);
#258 = DEFINITIONAL_REPRESENTATION('',(#259),#263);
#259 = LINE('',#260,#261);
#260 = CARTESIAN_POINT('',(-31.99841410607,30.958624283484));
#261 = VECTOR('',#262,1.);
#262 = DIRECTION('',(6.574601973952E-15,1.));
#263 = ( GEOMETRIC_REPRESENTATION_CONTEXT(2) 
PARAMETRIC_REPRESENTATION_CONTEXT() REPRESENTATION_CONTEXT('2D SPACE',''
  ) );
#264 = ADVANCED_FACE('',(#265),#159,.T.);
#265 = FACE_BOUND('',#266,.T.);
#266 = EDGE_LOOP('',(#267,#351,#470,#471));
#267 = ORIENTED_EDGE('',*,*,#268,.T.);
#268 = EDGE_CURVE('',#269,#271,#273,.T.);
#269 = VERTEX_POINT('',#270);
#270 = CARTESIAN_POINT('',(2.161396523809E-05,233.6499999,
    37.189798495155));
#271 = VERTEX_POINT('',#272);
#272 = CARTESIAN_POINT('',(2.161396523809E-05,239.6499999,
    37.189798495155));
#273 = SURFACE_CURVE('',#274,(#278,#285),.PCURVE_S1.);
#274 = LINE('',#275,#276);
#275 = CARTESIAN_POINT('',(2.161396523809E-05,233.6499999,
    37.189798495155));
#276 = VECTOR('',#277,1.);
#277 = DIRECTION('',(0.,1.,0.));
#278 = PCURVE('',#159,#279);
#279 = DEFINITIONAL_REPRESENTATION('',(#280),#284);
#280 = LINE('',#281,#282);
#281 = CARTESIAN_POINT('',(-3.219368827425,0.));
#282 = VECTOR('',#283,1.);
#283 = DIRECTION('',(0.,-1.));
#284 = ( GEOMETRIC_REPRESENTATION_CONTEXT(2) 
PARAMETRIC_REPRESENTATION_CONTEXT() REPRESENTATION_CONTEXT('2D SPACE',''
  ) );
#285 = PCURVE('',#286,#345);
#286 = SURFACE_OF_LINEAR_EXTRUSION('',#287,#343);
#287 = B_SPLINE_CURVE_WITH_KNOTS('',3,(#288,#289,#290,#291,#292,#293,
    #294,#295,#296,#297,#298,#299,#300,#301,#302,#303,#304,#305,#306,
    #307,#308,#309,#310,#311,#312,#313,#314,#315,#316,#317,#318,#319,
    #320,#321,#322,#323,#324,#325,#326,#327,#328,#329,#330,#331,#332,
    #333,#334,#335,#336,#337,#338,#339,#340,#341,#342),.UNSPECIFIED.,.F.
  ,.F.,(4,3,3,3,3,3,3,3,3,3,3,3,3,3,3,3,3,3,4),(-7.156166800087,
    -5.564778504192,-5.098779674509,-4.837346383826,-4.663878171848,
    -4.632780844826,-3.643693419873,-2.724989769195,-2.055346117089,
    -1.863062839348,-1.674289968086,-1.602194584049,-1.582908633632,
    -1.32610922464,-1.065911194902,-0.799433396177,-0.530780199399,
    -0.257201745367,0.),.UNSPECIFIED.);
#288 = CARTESIAN_POINT('',(-31.99997838603,233.6499999,13.68894241995));
#289 = CARTESIAN_POINT('',(-30.09140910124,233.6499999,16.610367625005)
  );
#290 = CARTESIAN_POINT('',(-27.89878631846,233.6499999,19.495628377202)
  );
#291 = CARTESIAN_POINT('',(-25.52368803684,233.6499999,22.156148482635)
  );
#292 = CARTESIAN_POINT('',(-24.82819905878,233.6499999,22.935216205249)
  );
#293 = CARTESIAN_POINT('',(-24.11752041277,233.6499999,23.695693642064)
  );
#294 = CARTESIAN_POINT('',(-23.3949022368,233.6499999,24.433531244267));
#295 = CARTESIAN_POINT('',(-22.98950111642,233.6499999,24.847470722324)
  );
#296 = CARTESIAN_POINT('',(-22.58034218895,233.6499999,25.254284608253)
  );
#297 = CARTESIAN_POINT('',(-22.16799955497,233.6499999,25.653258553415)
  );
#298 = CARTESIAN_POINT('',(-21.89439882397,233.6499999,25.917988789997)
  );
#299 = CARTESIAN_POINT('',(-21.6193964085,233.6499999,26.179267355328));
#300 = CARTESIAN_POINT('',(-21.34316003443,233.6499999,26.436885716969)
  );
#301 = CARTESIAN_POINT('',(-21.29363964818,233.6499999,26.483068486407)
  );
#302 = CARTESIAN_POINT('',(-21.24407960664,233.6499999,26.529133627464)
  );
#303 = CARTESIAN_POINT('',(-21.19448087454,233.6499999,26.575079940662)
  );
#304 = CARTESIAN_POINT('',(-19.61713340626,233.6499999,28.036272550382)
  );
#305 = CARTESIAN_POINT('',(-17.99129427048,233.6499999,29.379637490994)
  );
#306 = CARTESIAN_POINT('',(-16.35893070858,233.6499999,30.580246183404)
  );
#307 = CARTESIAN_POINT('',(-14.8427266545,233.6499999,31.695419181188));
#308 = CARTESIAN_POINT('',(-13.32089609323,233.6499999,32.687429370743)
  );
#309 = CARTESIAN_POINT('',(-11.82708510575,233.6499999,33.536337048315)
  );
#310 = CARTESIAN_POINT('',(-10.7382453646,233.6499999,34.155106372993));
#311 = CARTESIAN_POINT('',(-9.664292724449,233.6499999,34.697846568732)
  );
#312 = CARTESIAN_POINT('',(-8.618252792079,233.6499999,35.156853113837)
  );
#313 = CARTESIAN_POINT('',(-8.317890074965,233.6499999,35.288653486648)
  );
#314 = CARTESIAN_POINT('',(-8.01995287071,233.6499999,35.413745017878));
#315 = CARTESIAN_POINT('',(-7.724545081831,233.6499999,35.532187302812)
  );
#316 = CARTESIAN_POINT('',(-7.434530385001,233.6499999,35.648467254289)
  );
#317 = CARTESIAN_POINT('',(-7.146953254981,233.6499999,35.75833843613));
#318 = CARTESIAN_POINT('',(-6.861934036124,233.6499999,35.861812167483)
  );
#319 = CARTESIAN_POINT('',(-6.75308062989,233.6499999,35.901330443334));
#320 = CARTESIAN_POINT('',(-6.644600578117,233.6499999,35.939915120464)
  );
#321 = CARTESIAN_POINT('',(-6.536501612579,233.6499999,35.977565085501)
  );
#322 = CARTESIAN_POINT('',(-6.507402051573,233.6499999,35.98770021907));
#323 = CARTESIAN_POINT('',(-6.478337019783,233.6499999,35.997766731122)
  );
#324 = CARTESIAN_POINT('',(-6.44930865811,233.6499999,36.007764088999));
#325 = CARTESIAN_POINT('',(-6.062785517681,233.6499999,36.140882526955)
  );
#326 = CARTESIAN_POINT('',(-5.682634636111,233.6499999,36.261788625138)
  );
#327 = CARTESIAN_POINT('',(-5.308714515603,233.6499999,36.371011504466)
  );
#328 = CARTESIAN_POINT('',(-4.929845736202,233.6499999,36.481679897804)
  );
#329 = CARTESIAN_POINT('',(-4.557373644667,233.6499999,36.580353639527)
  );
#330 = CARTESIAN_POINT('',(-4.191171477312,233.6499999,36.667533341598)
  );
#331 = CARTESIAN_POINT('',(-3.81613117611,233.6499999,36.75681708877));
#332 = CARTESIAN_POINT('',(-3.447666954353,233.6499999,36.834045224046)
  );
#333 = CARTESIAN_POINT('',(-3.085665730587,233.6499999,36.899705101077)
  );
#334 = CARTESIAN_POINT('',(-2.720709300943,233.6499999,36.965900994126)
  );
#335 = CARTESIAN_POINT('',(-2.362321731169,233.6499999,37.020338772));
#336 = CARTESIAN_POINT('',(-2.010412004695,233.6499999,37.063469547593)
  );
#337 = CARTESIAN_POINT('',(-1.65205066717,233.6499999,37.107391045826));
#338 = CARTESIAN_POINT('',(-1.300406720092,233.6499999,37.139587008709)
  );
#339 = CARTESIAN_POINT('',(-0.955411603706,233.6499999,37.160486569928)
  );
#340 = CARTESIAN_POINT('',(-0.631068276336,233.6499999,37.18013506031));
#341 = CARTESIAN_POINT('',(-0.312601780132,233.6499999,37.189798495154)
  );
#342 = CARTESIAN_POINT('',(2.161396523276E-05,233.6499999,
    37.189798495155));
#343 = VECTOR('',#344,1.);
#344 = DIRECTION('',(-0.,-1.,-0.));
#345 = DEFINITIONAL_REPRESENTATION('',(#346),#350);
#346 = LINE('',#347,#348);
#347 = CARTESIAN_POINT('',(0.,0.));
#348 = VECTOR('',#349,1.);
#349 = DIRECTION('',(0.,-1.));
#350 = ( GEOMETRIC_REPRESENTATION_CONTEXT(2) 
PARAMETRIC_REPRESENTATION_CONTEXT() REPRESENTATION_CONTEXT('2D SPACE',''
  ) );
#351 = ORIENTED_EDGE('',*,*,#352,.T.);
#352 = EDGE_CURVE('',#271,#144,#353,.T.);
#353 = SURFACE_CURVE('',#354,(#407,#414),.PCURVE_S1.);
#354 = B_SPLINE_CURVE_WITH_KNOTS('',3,(#355,#356,#357,#358,#359,#360,
    #361,#362,#363,#364,#365,#366,#367,#368,#369,#370,#371,#372,#373,
    #374,#375,#376,#377,#378,#379,#380,#381,#382,#383,#384,#385,#386,
    #387,#388,#389,#390,#391,#392,#393,#394,#395,#396,#397,#398,#399,
    #400,#401,#402,#403,#404,#405,#406),.UNSPECIFIED.,.F.,.F.,(4,3,3,3,3
    ,3,3,3,3,3,3,3,3,3,3,3,3,4),(-3.219368827425,-2.993327758717,
    -2.771841207202,-2.635212687543,-2.566898427713,-2.532741297798,
    -2.515662732841,-2.503924704166,-2.498584167884,-2.432427159071,
    -2.363575257922,-2.294723356773,-1.495542529486,-1.135204126855,
    -1.064169789009,-0.774807441222,-0.715923205154,4.440892098501E-16),
  .UNSPECIFIED.);
#355 = CARTESIAN_POINT('',(2.161396522921E-05,239.6499999,
    37.189798495155));
#356 = CARTESIAN_POINT('',(0.610745118392,239.6499999,37.189798495156));
#357 = CARTESIAN_POINT('',(1.24498612627,239.6499999,37.15290585497));
#358 = CARTESIAN_POINT('',(1.902039339535,239.6499999,37.07642369221));
#359 = CARTESIAN_POINT('',(2.545853541974,239.6499999,37.001482573858));
#360 = CARTESIAN_POINT('',(3.211569741134,239.6499999,36.888530938209));
#361 = CARTESIAN_POINT('',(3.898502088244,239.6499999,36.735075956262));
#362 = CARTESIAN_POINT('',(4.322250388307,239.6499999,36.640414104902));
#363 = CARTESIAN_POINT('',(4.754071624422,239.6499999,36.530340435883));
#364 = CARTESIAN_POINT('',(5.193800864779,239.6499999,36.404279233675));
#365 = CARTESIAN_POINT('',(5.413665484958,239.6499999,36.341248632571));
#366 = CARTESIAN_POINT('',(5.635507060499,239.6499999,36.274221266192));
#367 = CARTESIAN_POINT('',(5.85930470651,239.6499999,36.203125903051));
#368 = CARTESIAN_POINT('',(5.971203529516,239.6499999,36.167578221481));
#369 = CARTESIAN_POINT('',(6.083591367389,239.6499999,36.131013548557));
#370 = CARTESIAN_POINT('',(6.196465593204,239.6499999,36.093423028135));
#371 = CARTESIAN_POINT('',(6.252902706112,239.6499999,36.074627767924));
#372 = CARTESIAN_POINT('',(6.309461415836,239.6499999,36.055576046342));
#373 = CARTESIAN_POINT('',(6.366141393007,239.6499999,36.03626675942));
#374 = CARTESIAN_POINT('',(6.405097312253,239.6499999,36.022995564555));
#375 = CARTESIAN_POINT('',(6.444110515284,239.6499999,36.009602702114));
#376 = CARTESIAN_POINT('',(6.483180894983,239.6499999,35.996087814246));
#377 = CARTESIAN_POINT('',(6.500957029812,239.6499999,35.989938847412));
#378 = CARTESIAN_POINT('',(6.518744577088,239.6499999,35.983764768284));
#379 = CARTESIAN_POINT('',(6.536544840514,239.6499999,35.9775650855));
#380 = CARTESIAN_POINT('',(6.755666903258,239.6499999,35.901246704839));
#381 = CARTESIAN_POINT('',(6.97724419218,239.6499999,35.820774489113));
#382 = CARTESIAN_POINT('',(7.200811471191,239.6499999,35.736239217736));
#383 = CARTESIAN_POINT('',(7.433485717966,239.6499999,35.648260419225));
#384 = CARTESIAN_POINT('',(7.668315195719,239.6499999,35.555880474419));
#385 = CARTESIAN_POINT('',(7.904749668653,239.6499999,35.459255164122));
#386 = CARTESIAN_POINT('',(8.141184141586,239.6499999,35.362629853824));
#387 = CARTESIAN_POINT('',(8.379223221951,239.6499999,35.261759222744));
#388 = CARTESIAN_POINT('',(8.618296020019,239.6499999,35.156853113833));
#389 = CARTESIAN_POINT('',(11.39327235841,239.6499999,33.939182294184));
#390 = CARTESIAN_POINT('',(14.364440476507,239.6499999,32.132351726117)
  );
#391 = CARTESIAN_POINT('',(17.289095559631,239.6499999,29.880095043276)
  );
#392 = CARTESIAN_POINT('',(18.607777771366,239.6499999,28.864586978389)
  );
#393 = CARTESIAN_POINT('',(19.917003888071,239.6499999,27.758524383688)
  );
#394 = CARTESIAN_POINT('',(21.194524102489,239.6499999,26.57507994065));
#395 = CARTESIAN_POINT('',(21.44639639179,239.6499999,26.341755365614));
#396 = CARTESIAN_POINT('',(21.697260184813,239.6499999,26.105376415337)
  );
#397 = CARTESIAN_POINT('',(21.946991909694,239.6499999,25.866098486427)
  );
#398 = CARTESIAN_POINT('',(22.964288057157,239.6499999,24.891386461482)
  );
#399 = CARTESIAN_POINT('',(23.962800637462,239.6499999,23.868573056219)
  );
#400 = CARTESIAN_POINT('',(24.934166147503,239.6499999,22.808127242569)
  );
#401 = CARTESIAN_POINT('',(25.13183566615,239.6499999,22.592330190514));
#402 = CARTESIAN_POINT('',(25.328380915892,239.6499999,22.374974598102)
  );
#403 = CARTESIAN_POINT('',(25.523731264774,239.6499999,22.156148482641)
  );
#404 = CARTESIAN_POINT('',(27.898829546388,239.6499999,19.495628377206)
  );
#405 = CARTESIAN_POINT('',(30.091452329171,239.6499999,16.610367625008)
  );
#406 = CARTESIAN_POINT('',(32.000021613965,239.6499999,13.68894241995));
#407 = PCURVE('',#159,#408);
#408 = DEFINITIONAL_REPRESENTATION('',(#409),#413);
#409 = LINE('',#410,#411);
#410 = CARTESIAN_POINT('',(0.,-6.));
#411 = VECTOR('',#412,1.);
#412 = DIRECTION('',(1.,0.));
#413 = ( GEOMETRIC_REPRESENTATION_CONTEXT(2) 
PARAMETRIC_REPRESENTATION_CONTEXT() REPRESENTATION_CONTEXT('2D SPACE',''
  ) );
#414 = PCURVE('',#72,#415);
#415 = DEFINITIONAL_REPRESENTATION('',(#416),#469);
#416 = B_SPLINE_CURVE_WITH_KNOTS('',3,(#417,#418,#419,#420,#421,#422,
    #423,#424,#425,#426,#427,#428,#429,#430,#431,#432,#433,#434,#435,
    #436,#437,#438,#439,#440,#441,#442,#443,#444,#445,#446,#447,#448,
    #449,#450,#451,#452,#453,#454,#455,#456,#457,#458,#459,#460,#461,
    #462,#463,#464,#465,#466,#467,#468),.UNSPECIFIED.,.F.,.F.,(4,3,3,3,3
    ,3,3,3,3,3,3,3,3,3,3,3,3,4),(-3.219368827425,-2.993327758717,
    -2.771841207202,-2.635212687543,-2.566898427713,-2.532741297798,
    -2.515662732841,-2.503924704166,-2.498584167884,-2.432427159071,
    -2.363575257922,-2.294723356773,-1.495542529486,-1.135204126855,
    -1.064169789009,-0.774807441222,-0.715923205154,4.440892098501E-16),
  .UNSPECIFIED.);
#417 = CARTESIAN_POINT('',(1.585893927714E-03,-14.46184863995));
#418 = CARTESIAN_POINT('',(-0.609137610499,-14.46184863995));
#419 = CARTESIAN_POINT('',(-1.243378618377,-14.42495599977));
#420 = CARTESIAN_POINT('',(-1.900431831642,-14.34847383701));
#421 = CARTESIAN_POINT('',(-2.544246034081,-14.27353271866));
#422 = CARTESIAN_POINT('',(-3.209962233241,-14.16058108301));
#423 = CARTESIAN_POINT('',(-3.896894580351,-14.00712610106));
#424 = CARTESIAN_POINT('',(-4.320642880414,-13.9124642497));
#425 = CARTESIAN_POINT('',(-4.752464116529,-13.80239058068));
#426 = CARTESIAN_POINT('',(-5.192193356886,-13.67632937847));
#427 = CARTESIAN_POINT('',(-5.412057977065,-13.61329877737));
#428 = CARTESIAN_POINT('',(-5.633899552606,-13.54627141099));
#429 = CARTESIAN_POINT('',(-5.857697198617,-13.47517604785));
#430 = CARTESIAN_POINT('',(-5.969596021623,-13.43962836628));
#431 = CARTESIAN_POINT('',(-6.081983859496,-13.40306369336));
#432 = CARTESIAN_POINT('',(-6.194858085311,-13.36547317293));
#433 = CARTESIAN_POINT('',(-6.251295198219,-13.34667791272));
#434 = CARTESIAN_POINT('',(-6.307853907943,-13.32762619114));
#435 = CARTESIAN_POINT('',(-6.364533885114,-13.30831690422));
#436 = CARTESIAN_POINT('',(-6.40348980436,-13.29504570935));
#437 = CARTESIAN_POINT('',(-6.442503007391,-13.28165284691));
#438 = CARTESIAN_POINT('',(-6.48157338709,-13.26813795904));
#439 = CARTESIAN_POINT('',(-6.499349521919,-13.26198899221));
#440 = CARTESIAN_POINT('',(-6.517137069195,-13.25581491308));
#441 = CARTESIAN_POINT('',(-6.534937332621,-13.2496152303));
#442 = CARTESIAN_POINT('',(-6.754059395365,-13.17329684964));
#443 = CARTESIAN_POINT('',(-6.975636684287,-13.09282463391));
#444 = CARTESIAN_POINT('',(-7.199203963298,-13.00828936253));
#445 = CARTESIAN_POINT('',(-7.431878210073,-12.92031056402));
#446 = CARTESIAN_POINT('',(-7.666707687826,-12.82793061922));
#447 = CARTESIAN_POINT('',(-7.90314216076,-12.73130530892));
#448 = CARTESIAN_POINT('',(-8.139576633693,-12.63467999862));
#449 = CARTESIAN_POINT('',(-8.377615714058,-12.53380936754));
#450 = CARTESIAN_POINT('',(-8.616688512126,-12.42890325863));
#451 = CARTESIAN_POINT('',(-11.39166485051,-11.21123243898));
#452 = CARTESIAN_POINT('',(-14.36283296861,-9.40440187092));
#453 = CARTESIAN_POINT('',(-17.28748805173,-7.152145188079));
#454 = CARTESIAN_POINT('',(-18.60617026347,-6.136637123192));
#455 = CARTESIAN_POINT('',(-19.91539638017,-5.030574528491));
#456 = CARTESIAN_POINT('',(-21.19291659459,-3.847130085453));
#457 = CARTESIAN_POINT('',(-21.44478888389,-3.613805510417));
#458 = CARTESIAN_POINT('',(-21.69565267692,-3.37742656014));
#459 = CARTESIAN_POINT('',(-21.9453844018,-3.13814863123));
#460 = CARTESIAN_POINT('',(-22.96268054926,-2.163436606285));
#461 = CARTESIAN_POINT('',(-23.96119312956,-1.140623201022));
#462 = CARTESIAN_POINT('',(-24.93255863961,-8.017738737176E-02));
#463 = CARTESIAN_POINT('',(-25.13022815825,0.135619664683));
#464 = CARTESIAN_POINT('',(-25.32677340799,0.352975257095));
#465 = CARTESIAN_POINT('',(-25.52212375688,0.571801372556));
#466 = CARTESIAN_POINT('',(-27.89722203849,3.232321477991));
#467 = CARTESIAN_POINT('',(-30.08984482127,6.117582230189));
#468 = CARTESIAN_POINT('',(-31.99841410607,9.039007435247));
#469 = ( GEOMETRIC_REPRESENTATION_CONTEXT(2) 
PARAMETRIC_REPRESENTATION_CONTEXT() REPRESENTATION_CONTEXT('2D SPACE',''
  ) );
#470 = ORIENTED_EDGE('',*,*,#141,.F.);
#471 = ORIENTED_EDGE('',*,*,#472,.F.);
#472 = EDGE_CURVE('',#269,#142,#473,.T.);
#473 = SURFACE_CURVE('',#474,(#527,#534),.PCURVE_S1.);
#474 = B_SPLINE_CURVE_WITH_KNOTS('',3,(#475,#476,#477,#478,#479,#480,
    #481,#482,#483,#484,#485,#486,#487,#488,#489,#490,#491,#492,#493,
    #494,#495,#496,#497,#498,#499,#500,#501,#502,#503,#504,#505,#506,
    #507,#508,#509,#510,#511,#512,#513,#514,#515,#516,#517,#518,#519,
    #520,#521,#522,#523,#524,#525,#526),.UNSPECIFIED.,.F.,.F.,(4,3,3,3,3
    ,3,3,3,3,3,3,3,3,3,3,3,3,4),(-3.219368827425,-2.993327758717,
    -2.771841207202,-2.635212687543,-2.566898427713,-2.532741297798,
    -2.515662732841,-2.503924704166,-2.498584167884,-2.432427159071,
    -2.363575257922,-2.294723356773,-1.495542529486,-1.135204126855,
    -1.064169789009,-0.774807441222,-0.715923205154,4.440892098501E-16),
  .UNSPECIFIED.);
#475 = CARTESIAN_POINT('',(2.161396522921E-05,233.6499999,
    37.189798495155));
#476 = CARTESIAN_POINT('',(0.610745118392,233.6499999,37.189798495156));
#477 = CARTESIAN_POINT('',(1.24498612627,233.6499999,37.15290585497));
#478 = CARTESIAN_POINT('',(1.902039339535,233.6499999,37.07642369221));
#479 = CARTESIAN_POINT('',(2.545853541974,233.6499999,37.001482573858));
#480 = CARTESIAN_POINT('',(3.211569741134,233.6499999,36.888530938209));
#481 = CARTESIAN_POINT('',(3.898502088244,233.6499999,36.735075956262));
#482 = CARTESIAN_POINT('',(4.322250388307,233.6499999,36.640414104902));
#483 = CARTESIAN_POINT('',(4.754071624422,233.6499999,36.530340435883));
#484 = CARTESIAN_POINT('',(5.193800864779,233.6499999,36.404279233675));
#485 = CARTESIAN_POINT('',(5.413665484958,233.6499999,36.341248632571));
#486 = CARTESIAN_POINT('',(5.635507060499,233.6499999,36.274221266192));
#487 = CARTESIAN_POINT('',(5.85930470651,233.6499999,36.203125903051));
#488 = CARTESIAN_POINT('',(5.971203529516,233.6499999,36.167578221481));
#489 = CARTESIAN_POINT('',(6.083591367389,233.6499999,36.131013548557));
#490 = CARTESIAN_POINT('',(6.196465593204,233.6499999,36.093423028135));
#491 = CARTESIAN_POINT('',(6.252902706112,233.6499999,36.074627767924));
#492 = CARTESIAN_POINT('',(6.309461415836,233.6499999,36.055576046342));
#493 = CARTESIAN_POINT('',(6.366141393007,233.6499999,36.03626675942));
#494 = CARTESIAN_POINT('',(6.405097312253,233.6499999,36.022995564555));
#495 = CARTESIAN_POINT('',(6.444110515284,233.6499999,36.009602702114));
#496 = CARTESIAN_POINT('',(6.483180894983,233.6499999,35.996087814246));
#497 = CARTESIAN_POINT('',(6.500957029812,233.6499999,35.989938847412));
#498 = CARTESIAN_POINT('',(6.518744577088,233.6499999,35.983764768284));
#499 = CARTESIAN_POINT('',(6.536544840514,233.6499999,35.9775650855));
#500 = CARTESIAN_POINT('',(6.755666903258,233.6499999,35.901246704839));
#501 = CARTESIAN_POINT('',(6.97724419218,233.6499999,35.820774489113));
#502 = CARTESIAN_POINT('',(7.200811471191,233.6499999,35.736239217736));
#503 = CARTESIAN_POINT('',(7.433485717966,233.6499999,35.648260419225));
#504 = CARTESIAN_POINT('',(7.668315195719,233.6499999,35.555880474419));
#505 = CARTESIAN_POINT('',(7.904749668653,233.6499999,35.459255164122));
#506 = CARTESIAN_POINT('',(8.141184141586,233.6499999,35.362629853824));
#507 = CARTESIAN_POINT('',(8.379223221951,233.6499999,35.261759222744));
#508 = CARTESIAN_POINT('',(8.618296020019,233.6499999,35.156853113833));
#509 = CARTESIAN_POINT('',(11.39327235841,233.6499999,33.939182294184));
#510 = CARTESIAN_POINT('',(14.364440476507,233.6499999,32.132351726117)
  );
#511 = CARTESIAN_POINT('',(17.289095559631,233.6499999,29.880095043276)
  );
#512 = CARTESIAN_POINT('',(18.607777771366,233.6499999,28.864586978389)
  );
#513 = CARTESIAN_POINT('',(19.917003888071,233.6499999,27.758524383688)
  );
#514 = CARTESIAN_POINT('',(21.194524102489,233.6499999,26.57507994065));
#515 = CARTESIAN_POINT('',(21.44639639179,233.6499999,26.341755365614));
#516 = CARTESIAN_POINT('',(21.697260184813,233.6499999,26.105376415337)
  );
#517 = CARTESIAN_POINT('',(21.946991909694,233.6499999,25.866098486427)
  );
#518 = CARTESIAN_POINT('',(22.964288057157,233.6499999,24.891386461482)
  );
#519 = CARTESIAN_POINT('',(23.962800637462,233.6499999,23.868573056219)
  );
#520 = CARTESIAN_POINT('',(24.934166147503,233.6499999,22.808127242569)
  );
#521 = CARTESIAN_POINT('',(25.13183566615,233.6499999,22.592330190514));
#522 = CARTESIAN_POINT('',(25.328380915892,233.6499999,22.374974598102)
  );
#523 = CARTESIAN_POINT('',(25.523731264774,233.6499999,22.156148482641)
  );
#524 = CARTESIAN_POINT('',(27.898829546388,233.6499999,19.495628377206)
  );
#525 = CARTESIAN_POINT('',(30.091452329171,233.6499999,16.610367625008)
  );
#526 = CARTESIAN_POINT('',(32.000021613965,233.6499999,13.68894241995));
#527 = PCURVE('',#159,#528);
#528 = DEFINITIONAL_REPRESENTATION('',(#529),#533);
#529 = LINE('',#530,#531);
#530 = CARTESIAN_POINT('',(0.,0.));
#531 = VECTOR('',#532,1.);
#532 = DIRECTION('',(1.,0.));
#533 = ( GEOMETRIC_REPRESENTATION_CONTEXT(2) 
PARAMETRIC_REPRESENTATION_CONTEXT() REPRESENTATION_CONTEXT('2D SPACE',''
  ) );
#534 = PCURVE('',#126,#535);
#535 = DEFINITIONAL_REPRESENTATION('',(#536),#589);
#536 = B_SPLINE_CURVE_WITH_KNOTS('',3,(#537,#538,#539,#540,#541,#542,
    #543,#544,#545,#546,#547,#548,#549,#550,#551,#552,#553,#554,#555,
    #556,#557,#558,#559,#560,#561,#562,#563,#564,#565,#566,#567,#568,
    #569,#570,#571,#572,#573,#574,#575,#576,#577,#578,#579,#580,#581,
    #582,#583,#584,#585,#586,#587,#588),.UNSPECIFIED.,.F.,.F.,(4,3,3,3,3
    ,3,3,3,3,3,3,3,3,3,3,3,3,4),(-3.219368827425,-2.993327758717,
    -2.771841207202,-2.635212687543,-2.566898427713,-2.532741297798,
    -2.515662732841,-2.503924704166,-2.498584167884,-2.432427159071,
    -2.363575257922,-2.294723356773,-1.495542529486,-1.135204126855,
    -1.064169789009,-0.774807441222,-0.715923205154,4.440892098501E-16),
  .UNSPECIFIED.);
#537 = CARTESIAN_POINT('',(1.585893927714E-03,-14.46184863995));
#538 = CARTESIAN_POINT('',(-0.609137610499,-14.46184863995));
#539 = CARTESIAN_POINT('',(-1.243378618377,-14.42495599977));
#540 = CARTESIAN_POINT('',(-1.900431831642,-14.34847383701));
#541 = CARTESIAN_POINT('',(-2.544246034081,-14.27353271866));
#542 = CARTESIAN_POINT('',(-3.209962233241,-14.16058108301));
#543 = CARTESIAN_POINT('',(-3.896894580351,-14.00712610106));
#544 = CARTESIAN_POINT('',(-4.320642880414,-13.9124642497));
#545 = CARTESIAN_POINT('',(-4.752464116529,-13.80239058068));
#546 = CARTESIAN_POINT('',(-5.192193356886,-13.67632937847));
#547 = CARTESIAN_POINT('',(-5.412057977065,-13.61329877737));
#548 = CARTESIAN_POINT('',(-5.633899552606,-13.54627141099));
#549 = CARTESIAN_POINT('',(-5.857697198617,-13.47517604785));
#550 = CARTESIAN_POINT('',(-5.969596021623,-13.43962836628));
#551 = CARTESIAN_POINT('',(-6.081983859496,-13.40306369336));
#552 = CARTESIAN_POINT('',(-6.194858085311,-13.36547317293));
#553 = CARTESIAN_POINT('',(-6.251295198219,-13.34667791272));
#554 = CARTESIAN_POINT('',(-6.307853907943,-13.32762619114));
#555 = CARTESIAN_POINT('',(-6.364533885114,-13.30831690422));
#556 = CARTESIAN_POINT('',(-6.40348980436,-13.29504570935));
#557 = CARTESIAN_POINT('',(-6.442503007391,-13.28165284691));
#558 = CARTESIAN_POINT('',(-6.48157338709,-13.26813795904));
#559 = CARTESIAN_POINT('',(-6.499349521919,-13.26198899221));
#560 = CARTESIAN_POINT('',(-6.517137069195,-13.25581491308));
#561 = CARTESIAN_POINT('',(-6.534937332621,-13.2496152303));
#562 = CARTESIAN_POINT('',(-6.754059395365,-13.17329684964));
#563 = CARTESIAN_POINT('',(-6.975636684287,-13.09282463391));
#564 = CARTESIAN_POINT('',(-7.199203963298,-13.00828936253));
#565 = CARTESIAN_POINT('',(-7.431878210073,-12.92031056402));
#566 = CARTESIAN_POINT('',(-7.666707687826,-12.82793061922));
#567 = CARTESIAN_POINT('',(-7.90314216076,-12.73130530892));
#568 = CARTESIAN_POINT('',(-8.139576633693,-12.63467999862));
#569 = CARTESIAN_POINT('',(-8.377615714058,-12.53380936754));
#570 = CARTESIAN_POINT('',(-8.616688512126,-12.42890325863));
#571 = CARTESIAN_POINT('',(-11.39166485051,-11.21123243898));
#572 = CARTESIAN_POINT('',(-14.36283296861,-9.40440187092));
#573 = CARTESIAN_POINT('',(-17.28748805173,-7.152145188079));
#574 = CARTESIAN_POINT('',(-18.60617026347,-6.136637123192));
#575 = CARTESIAN_POINT('',(-19.91539638017,-5.030574528491));
#576 = CARTESIAN_POINT('',(-21.19291659459,-3.847130085453));
#577 = CARTESIAN_POINT('',(-21.44478888389,-3.613805510417));
#578 = CARTESIAN_POINT('',(-21.69565267692,-3.37742656014));
#579 = CARTESIAN_POINT('',(-21.9453844018,-3.13814863123));
#580 = CARTESIAN_POINT('',(-22.96268054926,-2.163436606285));
#581 = CARTESIAN_POINT('',(-23.96119312956,-1.140623201022));
#582 = CARTESIAN_POINT('',(-24.93255863961,-8.017738737176E-02));
#583 = CARTESIAN_POINT('',(-25.13022815825,0.135619664683));
#584 = CARTESIAN_POINT('',(-25.32677340799,0.352975257095));
#585 = CARTESIAN_POINT('',(-25.52212375688,0.571801372556));
#586 = CARTESIAN_POINT('',(-27.89722203849,3.232321477991));
#587 = CARTESIAN_POINT('',(-30.08984482127,6.117582230189));
#588 = CARTESIAN_POINT('',(-31.99841410607,9.039007435247));
#589 = ( GEOMETRIC_REPRESENTATION_CONTEXT(2) 
PARAMETRIC_REPRESENTATION_CONTEXT() REPRESENTATION_CONTEXT('2D SPACE',''
  ) );
#590 = ADVANCED_FACE('',(#591),#286,.T.);
#591 = FACE_BOUND('',#592,.T.);
#592 = EDGE_LOOP('',(#593,#623,#748,#749));
#593 = ORIENTED_EDGE('',*,*,#594,.T.);
#594 = EDGE_CURVE('',#595,#597,#599,.T.);
#595 = VERTEX_POINT('',#596);
#596 = CARTESIAN_POINT('',(-31.99997838603,233.6499999,13.68894241995));
#597 = VERTEX_POINT('',#598);
#598 = CARTESIAN_POINT('',(-31.99997838603,239.6499999,13.68894241995));
#599 = SURFACE_CURVE('',#600,(#604,#611),.PCURVE_S1.);
#600 = LINE('',#601,#602);
#601 = CARTESIAN_POINT('',(-31.99997838603,233.6499999,13.68894241995));
#602 = VECTOR('',#603,1.);
#603 = DIRECTION('',(0.,1.,0.));
#604 = PCURVE('',#286,#605);
#605 = DEFINITIONAL_REPRESENTATION('',(#606),#610);
#606 = LINE('',#607,#608);
#607 = CARTESIAN_POINT('',(-7.156166800087,0.));
#608 = VECTOR('',#609,1.);
#609 = DIRECTION('',(0.,-1.));
#610 = ( GEOMETRIC_REPRESENTATION_CONTEXT(2) 
PARAMETRIC_REPRESENTATION_CONTEXT() REPRESENTATION_CONTEXT('2D SPACE',''
  ) );
#611 = PCURVE('',#612,#617);
#612 = PLANE('',#613);
#613 = AXIS2_PLACEMENT_3D('',#614,#615,#616);
#614 = CARTESIAN_POINT('',(-31.99997838603,233.6499999,0.));
#615 = DIRECTION('',(1.,0.,-6.574601973952E-15));
#616 = DIRECTION('',(6.574601973952E-15,5.20417042793E-18,1.));
#617 = DEFINITIONAL_REPRESENTATION('',(#618),#622);
#618 = LINE('',#619,#620);
#619 = CARTESIAN_POINT('',(13.68894241995,7.123958933154E-17));
#620 = VECTOR('',#621,1.);
#621 = DIRECTION('',(5.20417042793E-18,-1.));
#622 = ( GEOMETRIC_REPRESENTATION_CONTEXT(2) 
PARAMETRIC_REPRESENTATION_CONTEXT() REPRESENTATION_CONTEXT('2D SPACE',''
  ) );
#623 = ORIENTED_EDGE('',*,*,#624,.T.);
#624 = EDGE_CURVE('',#597,#271,#625,.T.);
#625 = SURFACE_CURVE('',#626,(#682,#689),.PCURVE_S1.);
#626 = B_SPLINE_CURVE_WITH_KNOTS('',3,(#627,#628,#629,#630,#631,#632,
    #633,#634,#635,#636,#637,#638,#639,#640,#641,#642,#643,#644,#645,
    #646,#647,#648,#649,#650,#651,#652,#653,#654,#655,#656,#657,#658,
    #659,#660,#661,#662,#663,#664,#665,#666,#667,#668,#669,#670,#671,
    #672,#673,#674,#675,#676,#677,#678,#679,#680,#681),.UNSPECIFIED.,.F.
  ,.F.,(4,3,3,3,3,3,3,3,3,3,3,3,3,3,3,3,3,3,4),(-7.156166800087,
    -5.564778504192,-5.098779674509,-4.837346383826,-4.663878171848,
    -4.632780844826,-3.643693419873,-2.724989769195,-2.055346117089,
    -1.863062839348,-1.674289968086,-1.602194584049,-1.582908633632,
    -1.32610922464,-1.065911194902,-0.799433396177,-0.530780199399,
    -0.257201745367,0.),.UNSPECIFIED.);
#627 = CARTESIAN_POINT('',(-31.99997838603,239.6499999,13.68894241995));
#628 = CARTESIAN_POINT('',(-30.09140910124,239.6499999,16.610367625005)
  );
#629 = CARTESIAN_POINT('',(-27.89878631846,239.6499999,19.495628377202)
  );
#630 = CARTESIAN_POINT('',(-25.52368803684,239.6499999,22.156148482635)
  );
#631 = CARTESIAN_POINT('',(-24.82819905878,239.6499999,22.935216205249)
  );
#632 = CARTESIAN_POINT('',(-24.11752041277,239.6499999,23.695693642064)
  );
#633 = CARTESIAN_POINT('',(-23.3949022368,239.6499999,24.433531244267));
#634 = CARTESIAN_POINT('',(-22.98950111642,239.6499999,24.847470722324)
  );
#635 = CARTESIAN_POINT('',(-22.58034218895,239.6499999,25.254284608253)
  );
#636 = CARTESIAN_POINT('',(-22.16799955497,239.6499999,25.653258553415)
  );
#637 = CARTESIAN_POINT('',(-21.89439882397,239.6499999,25.917988789997)
  );
#638 = CARTESIAN_POINT('',(-21.6193964085,239.6499999,26.179267355328));
#639 = CARTESIAN_POINT('',(-21.34316003443,239.6499999,26.436885716969)
  );
#640 = CARTESIAN_POINT('',(-21.29363964818,239.6499999,26.483068486407)
  );
#641 = CARTESIAN_POINT('',(-21.24407960664,239.6499999,26.529133627464)
  );
#642 = CARTESIAN_POINT('',(-21.19448087454,239.6499999,26.575079940662)
  );
#643 = CARTESIAN_POINT('',(-19.61713340626,239.6499999,28.036272550382)
  );
#644 = CARTESIAN_POINT('',(-17.99129427048,239.6499999,29.379637490994)
  );
#645 = CARTESIAN_POINT('',(-16.35893070858,239.6499999,30.580246183404)
  );
#646 = CARTESIAN_POINT('',(-14.8427266545,239.6499999,31.695419181188));
#647 = CARTESIAN_POINT('',(-13.32089609323,239.6499999,32.687429370743)
  );
#648 = CARTESIAN_POINT('',(-11.82708510575,239.6499999,33.536337048315)
  );
#649 = CARTESIAN_POINT('',(-10.7382453646,239.6499999,34.155106372993));
#650 = CARTESIAN_POINT('',(-9.664292724449,239.6499999,34.697846568732)
  );
#651 = CARTESIAN_POINT('',(-8.618252792079,239.6499999,35.156853113837)
  );
#652 = CARTESIAN_POINT('',(-8.317890074965,239.6499999,35.288653486648)
  );
#653 = CARTESIAN_POINT('',(-8.01995287071,239.6499999,35.413745017878));
#654 = CARTESIAN_POINT('',(-7.724545081831,239.6499999,35.532187302812)
  );
#655 = CARTESIAN_POINT('',(-7.434530385001,239.6499999,35.648467254289)
  );
#656 = CARTESIAN_POINT('',(-7.146953254981,239.6499999,35.75833843613));
#657 = CARTESIAN_POINT('',(-6.861934036124,239.6499999,35.861812167483)
  );
#658 = CARTESIAN_POINT('',(-6.75308062989,239.6499999,35.901330443334));
#659 = CARTESIAN_POINT('',(-6.644600578117,239.6499999,35.939915120464)
  );
#660 = CARTESIAN_POINT('',(-6.536501612579,239.6499999,35.977565085501)
  );
#661 = CARTESIAN_POINT('',(-6.507402051573,239.6499999,35.98770021907));
#662 = CARTESIAN_POINT('',(-6.478337019783,239.6499999,35.997766731122)
  );
#663 = CARTESIAN_POINT('',(-6.44930865811,239.6499999,36.007764088999));
#664 = CARTESIAN_POINT('',(-6.062785517681,239.6499999,36.140882526955)
  );
#665 = CARTESIAN_POINT('',(-5.682634636111,239.6499999,36.261788625138)
  );
#666 = CARTESIAN_POINT('',(-5.308714515603,239.6499999,36.371011504466)
  );
#667 = CARTESIAN_POINT('',(-4.929845736202,239.6499999,36.481679897804)
  );
#668 = CARTESIAN_POINT('',(-4.557373644667,239.6499999,36.580353639527)
  );
#669 = CARTESIAN_POINT('',(-4.191171477312,239.6499999,36.667533341598)
  );
#670 = CARTESIAN_POINT('',(-3.81613117611,239.6499999,36.75681708877));
#671 = CARTESIAN_POINT('',(-3.447666954353,239.6499999,36.834045224046)
  );
#672 = CARTESIAN_POINT('',(-3.085665730587,239.6499999,36.899705101077)
  );
#673 = CARTESIAN_POINT('',(-2.720709300943,239.6499999,36.965900994126)
  );
#674 = CARTESIAN_POINT('',(-2.362321731169,239.6499999,37.020338772));
#675 = CARTESIAN_POINT('',(-2.010412004695,239.6499999,37.063469547593)
  );
#676 = CARTESIAN_POINT('',(-1.65205066717,239.6499999,37.107391045826));
#677 = CARTESIAN_POINT('',(-1.300406720092,239.6499999,37.139587008709)
  );
#678 = CARTESIAN_POINT('',(-0.955411603706,239.6499999,37.160486569928)
  );
#679 = CARTESIAN_POINT('',(-0.631068276336,239.6499999,37.18013506031));
#680 = CARTESIAN_POINT('',(-0.312601780132,239.6499999,37.189798495154)
  );
#681 = CARTESIAN_POINT('',(2.161396523276E-05,239.6499999,
    37.189798495155));
#682 = PCURVE('',#286,#683);
#683 = DEFINITIONAL_REPRESENTATION('',(#684),#688);
#684 = LINE('',#685,#686);
#685 = CARTESIAN_POINT('',(0.,-6.));
#686 = VECTOR('',#687,1.);
#687 = DIRECTION('',(1.,0.));
#688 = ( GEOMETRIC_REPRESENTATION_CONTEXT(2) 
PARAMETRIC_REPRESENTATION_CONTEXT() REPRESENTATION_CONTEXT('2D SPACE',''
  ) );
#689 = PCURVE('',#72,#690);
#690 = DEFINITIONAL_REPRESENTATION('',(#691),#747);
#691 = B_SPLINE_CURVE_WITH_KNOTS('',3,(#692,#693,#694,#695,#696,#697,
    #698,#699,#700,#701,#702,#703,#704,#705,#706,#707,#708,#709,#710,
    #711,#712,#713,#714,#715,#716,#717,#718,#719,#720,#721,#722,#723,
    #724,#725,#726,#727,#728,#729,#730,#731,#732,#733,#734,#735,#736,
    #737,#738,#739,#740,#741,#742,#743,#744,#745,#746),.UNSPECIFIED.,.F.
  ,.F.,(4,3,3,3,3,3,3,3,3,3,3,3,3,3,3,3,3,3,4),(-7.156166800087,
    -5.564778504192,-5.098779674509,-4.837346383826,-4.663878171848,
    -4.632780844826,-3.643693419873,-2.724989769195,-2.055346117089,
    -1.863062839348,-1.674289968086,-1.602194584049,-1.582908633632,
    -1.32610922464,-1.065911194902,-0.799433396177,-0.530780199399,
    -0.257201745367,0.),.UNSPECIFIED.);
#692 = CARTESIAN_POINT('',(32.001585893923,9.039007435247));
#693 = CARTESIAN_POINT('',(30.093016609133,6.117582230192));
#694 = CARTESIAN_POINT('',(27.900393826353,3.232321477995));
#695 = CARTESIAN_POINT('',(25.525295544733,0.571801372562));
#696 = CARTESIAN_POINT('',(24.829806566673,-0.207266350052));
#697 = CARTESIAN_POINT('',(24.119127920663,-0.967743786867));
#698 = CARTESIAN_POINT('',(23.396509744693,-1.70558138907));
#699 = CARTESIAN_POINT('',(22.991108624313,-2.119520867127));
#700 = CARTESIAN_POINT('',(22.581949696843,-2.526334753056));
#701 = CARTESIAN_POINT('',(22.169607062863,-2.925308698218));
#702 = CARTESIAN_POINT('',(21.896006331863,-3.1900389348));
#703 = CARTESIAN_POINT('',(21.621003916393,-3.451317500131));
#704 = CARTESIAN_POINT('',(21.344767542323,-3.708935861772));
#705 = CARTESIAN_POINT('',(21.295247156073,-3.75511863121));
#706 = CARTESIAN_POINT('',(21.245687114533,-3.801183772267));
#707 = CARTESIAN_POINT('',(21.196088382433,-3.847130085465));
#708 = CARTESIAN_POINT('',(19.618740914153,-5.308322695185));
#709 = CARTESIAN_POINT('',(17.992901778373,-6.651687635797));
#710 = CARTESIAN_POINT('',(16.360538216473,-7.852296328207));
#711 = CARTESIAN_POINT('',(14.844334162393,-8.967469325991));
#712 = CARTESIAN_POINT('',(13.322503601123,-9.959479515546));
#713 = CARTESIAN_POINT('',(11.828692613643,-10.80838719311));
#714 = CARTESIAN_POINT('',(10.739852872493,-11.42715651779));
#715 = CARTESIAN_POINT('',(9.665900232342,-11.96989671353));
#716 = CARTESIAN_POINT('',(8.619860299972,-12.42890325864));
#717 = CARTESIAN_POINT('',(8.319497582858,-12.56070363145));
#718 = CARTESIAN_POINT('',(8.021560378603,-12.68579516268));
#719 = CARTESIAN_POINT('',(7.726152589724,-12.80423744761));
#720 = CARTESIAN_POINT('',(7.436137892894,-12.92051739909));
#721 = CARTESIAN_POINT('',(7.148560762874,-13.03038858093));
#722 = CARTESIAN_POINT('',(6.863541544017,-13.13386231228));
#723 = CARTESIAN_POINT('',(6.754688137783,-13.17338058813));
#724 = CARTESIAN_POINT('',(6.64620808601,-13.21196526526));
#725 = CARTESIAN_POINT('',(6.538109120472,-13.2496152303));
#726 = CARTESIAN_POINT('',(6.509009559466,-13.25975036387));
#727 = CARTESIAN_POINT('',(6.479944527676,-13.26981687592));
#728 = CARTESIAN_POINT('',(6.450916166003,-13.2798142338));
#729 = CARTESIAN_POINT('',(6.064393025574,-13.41293267175));
#730 = CARTESIAN_POINT('',(5.684242144004,-13.53383876994));
#731 = CARTESIAN_POINT('',(5.310322023496,-13.64306164926));
#732 = CARTESIAN_POINT('',(4.931453244095,-13.7537300426));
#733 = CARTESIAN_POINT('',(4.55898115256,-13.85240378433));
#734 = CARTESIAN_POINT('',(4.192778985205,-13.9395834864));
#735 = CARTESIAN_POINT('',(3.817738684003,-14.02886723357));
#736 = CARTESIAN_POINT('',(3.449274462246,-14.10609536884));
#737 = CARTESIAN_POINT('',(3.08727323848,-14.17175524588));
#738 = CARTESIAN_POINT('',(2.722316808836,-14.23795113892));
#739 = CARTESIAN_POINT('',(2.363929239062,-14.2923889168));
#740 = CARTESIAN_POINT('',(2.012019512588,-14.33551969239));
#741 = CARTESIAN_POINT('',(1.653658175063,-14.37944119062));
#742 = CARTESIAN_POINT('',(1.302014227985,-14.41163715351));
#743 = CARTESIAN_POINT('',(0.957019111599,-14.43253671473));
#744 = CARTESIAN_POINT('',(0.632675784229,-14.45218520511));
#745 = CARTESIAN_POINT('',(0.314209288025,-14.46184863995));
#746 = CARTESIAN_POINT('',(1.58589392771E-03,-14.46184863995));
#747 = ( GEOMETRIC_REPRESENTATION_CONTEXT(2) 
PARAMETRIC_REPRESENTATION_CONTEXT() REPRESENTATION_CONTEXT('2D SPACE',''
  ) );
#748 = ORIENTED_EDGE('',*,*,#268,.F.);
#749 = ORIENTED_EDGE('',*,*,#750,.F.);
#750 = EDGE_CURVE('',#595,#269,#751,.T.);
#751 = SURFACE_CURVE('',#752,(#808,#815),.PCURVE_S1.);
#752 = B_SPLINE_CURVE_WITH_KNOTS('',3,(#753,#754,#755,#756,#757,#758,
    #759,#760,#761,#762,#763,#764,#765,#766,#767,#768,#769,#770,#771,
    #772,#773,#774,#775,#776,#777,#778,#779,#780,#781,#782,#783,#784,
    #785,#786,#787,#788,#789,#790,#791,#792,#793,#794,#795,#796,#797,
    #798,#799,#800,#801,#802,#803,#804,#805,#806,#807),.UNSPECIFIED.,.F.
  ,.F.,(4,3,3,3,3,3,3,3,3,3,3,3,3,3,3,3,3,3,4),(-7.156166800087,
    -5.564778504192,-5.098779674509,-4.837346383826,-4.663878171848,
    -4.632780844826,-3.643693419873,-2.724989769195,-2.055346117089,
    -1.863062839348,-1.674289968086,-1.602194584049,-1.582908633632,
    -1.32610922464,-1.065911194902,-0.799433396177,-0.530780199399,
    -0.257201745367,0.),.UNSPECIFIED.);
#753 = CARTESIAN_POINT('',(-31.99997838603,233.6499999,13.68894241995));
#754 = CARTESIAN_POINT('',(-30.09140910124,233.6499999,16.610367625005)
  );
#755 = CARTESIAN_POINT('',(-27.89878631846,233.6499999,19.495628377202)
  );
#756 = CARTESIAN_POINT('',(-25.52368803684,233.6499999,22.156148482635)
  );
#757 = CARTESIAN_POINT('',(-24.82819905878,233.6499999,22.935216205249)
  );
#758 = CARTESIAN_POINT('',(-24.11752041277,233.6499999,23.695693642064)
  );
#759 = CARTESIAN_POINT('',(-23.3949022368,233.6499999,24.433531244267));
#760 = CARTESIAN_POINT('',(-22.98950111642,233.6499999,24.847470722324)
  );
#761 = CARTESIAN_POINT('',(-22.58034218895,233.6499999,25.254284608253)
  );
#762 = CARTESIAN_POINT('',(-22.16799955497,233.6499999,25.653258553415)
  );
#763 = CARTESIAN_POINT('',(-21.89439882397,233.6499999,25.917988789997)
  );
#764 = CARTESIAN_POINT('',(-21.6193964085,233.6499999,26.179267355328));
#765 = CARTESIAN_POINT('',(-21.34316003443,233.6499999,26.436885716969)
  );
#766 = CARTESIAN_POINT('',(-21.29363964818,233.6499999,26.483068486407)
  );
#767 = CARTESIAN_POINT('',(-21.24407960664,233.6499999,26.529133627464)
  );
#768 = CARTESIAN_POINT('',(-21.19448087454,233.6499999,26.575079940662)
  );
#769 = CARTESIAN_POINT('',(-19.61713340626,233.6499999,28.036272550382)
  );
#770 = CARTESIAN_POINT('',(-17.99129427048,233.6499999,29.379637490994)
  );
#771 = CARTESIAN_POINT('',(-16.35893070858,233.6499999,30.580246183404)
  );
#772 = CARTESIAN_POINT('',(-14.8427266545,233.6499999,31.695419181188));
#773 = CARTESIAN_POINT('',(-13.32089609323,233.6499999,32.687429370743)
  );
#774 = CARTESIAN_POINT('',(-11.82708510575,233.6499999,33.536337048315)
  );
#775 = CARTESIAN_POINT('',(-10.7382453646,233.6499999,34.155106372993));
#776 = CARTESIAN_POINT('',(-9.664292724449,233.6499999,34.697846568732)
  );
#777 = CARTESIAN_POINT('',(-8.618252792079,233.6499999,35.156853113837)
  );
#778 = CARTESIAN_POINT('',(-8.317890074965,233.6499999,35.288653486648)
  );
#779 = CARTESIAN_POINT('',(-8.01995287071,233.6499999,35.413745017878));
#780 = CARTESIAN_POINT('',(-7.724545081831,233.6499999,35.532187302812)
  );
#781 = CARTESIAN_POINT('',(-7.434530385001,233.6499999,35.648467254289)
  );
#782 = CARTESIAN_POINT('',(-7.146953254981,233.6499999,35.75833843613));
#783 = CARTESIAN_POINT('',(-6.861934036124,233.6499999,35.861812167483)
  );
#784 = CARTESIAN_POINT('',(-6.75308062989,233.6499999,35.901330443334));
#785 = CARTESIAN_POINT('',(-6.644600578117,233.6499999,35.939915120464)
  );
#786 = CARTESIAN_POINT('',(-6.536501612579,233.6499999,35.977565085501)
  );
#787 = CARTESIAN_POINT('',(-6.507402051573,233.6499999,35.98770021907));
#788 = CARTESIAN_POINT('',(-6.478337019783,233.6499999,35.997766731122)
  );
#789 = CARTESIAN_POINT('',(-6.44930865811,233.6499999,36.007764088999));
#790 = CARTESIAN_POINT('',(-6.062785517681,233.6499999,36.140882526955)
  );
#791 = CARTESIAN_POINT('',(-5.682634636111,233.6499999,36.261788625138)
  );
#792 = CARTESIAN_POINT('',(-5.308714515603,233.6499999,36.371011504466)
  );
#793 = CARTESIAN_POINT('',(-4.929845736202,233.6499999,36.481679897804)
  );
#794 = CARTESIAN_POINT('',(-4.557373644667,233.6499999,36.580353639527)
  );
#795 = CARTESIAN_POINT('',(-4.191171477312,233.6499999,36.667533341598)
  );
#796 = CARTESIAN_POINT('',(-3.81613117611,233.6499999,36.75681708877));
#797 = CARTESIAN_POINT('',(-3.447666954353,233.6499999,36.834045224046)
  );
#798 = CARTESIAN_POINT('',(-3.085665730587,233.6499999,36.899705101077)
  );
#799 = CARTESIAN_POINT('',(-2.720709300943,233.6499999,36.965900994126)
  );
#800 = CARTESIAN_POINT('',(-2.362321731169,233.6499999,37.020338772));
#801 = CARTESIAN_POINT('',(-2.010412004695,233.6499999,37.063469547593)
  );
#802 = CARTESIAN_POINT('',(-1.65205066717,233.6499999,37.107391045826));
#803 = CARTESIAN_POINT('',(-1.300406720092,233.6499999,37.139587008709)
  );
#804 = CARTESIAN_POINT('',(-0.955411603706,233.6499999,37.160486569928)
  );
#805 = CARTESIAN_POINT('',(-0.631068276336,233.6499999,37.18013506031));
#806 = CARTESIAN_POINT('',(-0.312601780132,233.6499999,37.189798495154)
  );
#807 = CARTESIAN_POINT('',(2.161396523276E-05,233.6499999,
    37.189798495155));
#808 = PCURVE('',#286,#809);
#809 = DEFINITIONAL_REPRESENTATION('',(#810),#814);
#810 = LINE('',#811,#812);
#811 = CARTESIAN_POINT('',(0.,0.));
#812 = VECTOR('',#813,1.);
#813 = DIRECTION('',(1.,0.));
#814 = ( GEOMETRIC_REPRESENTATION_CONTEXT(2) 
PARAMETRIC_REPRESENTATION_CONTEXT() REPRESENTATION_CONTEXT('2D SPACE',''
  ) );
#815 = PCURVE('',#126,#816);
#816 = DEFINITIONAL_REPRESENTATION('',(#817),#873);
#817 = B_SPLINE_CURVE_WITH_KNOTS('',3,(#818,#819,#820,#821,#822,#823,
    #824,#825,#826,#827,#828,#829,#830,#831,#832,#833,#834,#835,#836,
    #837,#838,#839,#840,#841,#842,#843,#844,#845,#846,#847,#848,#849,
    #850,#851,#852,#853,#854,#855,#856,#857,#858,#859,#860,#861,#862,
    #863,#864,#865,#866,#867,#868,#869,#870,#871,#872),.UNSPECIFIED.,.F.
  ,.F.,(4,3,3,3,3,3,3,3,3,3,3,3,3,3,3,3,3,3,4),(-7.156166800087,
    -5.564778504192,-5.098779674509,-4.837346383826,-4.663878171848,
    -4.632780844826,-3.643693419873,-2.724989769195,-2.055346117089,
    -1.863062839348,-1.674289968086,-1.602194584049,-1.582908633632,
    -1.32610922464,-1.065911194902,-0.799433396177,-0.530780199399,
    -0.257201745367,0.),.UNSPECIFIED.);
#818 = CARTESIAN_POINT('',(32.001585893923,9.039007435247));
#819 = CARTESIAN_POINT('',(30.093016609133,6.117582230192));
#820 = CARTESIAN_POINT('',(27.900393826353,3.232321477995));
#821 = CARTESIAN_POINT('',(25.525295544733,0.571801372562));
#822 = CARTESIAN_POINT('',(24.829806566673,-0.207266350052));
#823 = CARTESIAN_POINT('',(24.119127920663,-0.967743786867));
#824 = CARTESIAN_POINT('',(23.396509744693,-1.70558138907));
#825 = CARTESIAN_POINT('',(22.991108624313,-2.119520867127));
#826 = CARTESIAN_POINT('',(22.581949696843,-2.526334753056));
#827 = CARTESIAN_POINT('',(22.169607062863,-2.925308698218));
#828 = CARTESIAN_POINT('',(21.896006331863,-3.1900389348));
#829 = CARTESIAN_POINT('',(21.621003916393,-3.451317500131));
#830 = CARTESIAN_POINT('',(21.344767542323,-3.708935861772));
#831 = CARTESIAN_POINT('',(21.295247156073,-3.75511863121));
#832 = CARTESIAN_POINT('',(21.245687114533,-3.801183772267));
#833 = CARTESIAN_POINT('',(21.196088382433,-3.847130085465));
#834 = CARTESIAN_POINT('',(19.618740914153,-5.308322695185));
#835 = CARTESIAN_POINT('',(17.992901778373,-6.651687635797));
#836 = CARTESIAN_POINT('',(16.360538216473,-7.852296328207));
#837 = CARTESIAN_POINT('',(14.844334162393,-8.967469325991));
#838 = CARTESIAN_POINT('',(13.322503601123,-9.959479515546));
#839 = CARTESIAN_POINT('',(11.828692613643,-10.80838719311));
#840 = CARTESIAN_POINT('',(10.739852872493,-11.42715651779));
#841 = CARTESIAN_POINT('',(9.665900232342,-11.96989671353));
#842 = CARTESIAN_POINT('',(8.619860299972,-12.42890325864));
#843 = CARTESIAN_POINT('',(8.319497582858,-12.56070363145));
#844 = CARTESIAN_POINT('',(8.021560378603,-12.68579516268));
#845 = CARTESIAN_POINT('',(7.726152589724,-12.80423744761));
#846 = CARTESIAN_POINT('',(7.436137892894,-12.92051739909));
#847 = CARTESIAN_POINT('',(7.148560762874,-13.03038858093));
#848 = CARTESIAN_POINT('',(6.863541544017,-13.13386231228));
#849 = CARTESIAN_POINT('',(6.754688137783,-13.17338058813));
#850 = CARTESIAN_POINT('',(6.64620808601,-13.21196526526));
#851 = CARTESIAN_POINT('',(6.538109120472,-13.2496152303));
#852 = CARTESIAN_POINT('',(6.509009559466,-13.25975036387));
#853 = CARTESIAN_POINT('',(6.479944527676,-13.26981687592));
#854 = CARTESIAN_POINT('',(6.450916166003,-13.2798142338));
#855 = CARTESIAN_POINT('',(6.064393025574,-13.41293267175));
#856 = CARTESIAN_POINT('',(5.684242144004,-13.53383876994));
#857 = CARTESIAN_POINT('',(5.310322023496,-13.64306164926));
#858 = CARTESIAN_POINT('',(4.931453244095,-13.7537300426));
#859 = CARTESIAN_POINT('',(4.55898115256,-13.85240378433));
#860 = CARTESIAN_POINT('',(4.192778985205,-13.9395834864));
#861 = CARTESIAN_POINT('',(3.817738684003,-14.02886723357));
#862 = CARTESIAN_POINT('',(3.449274462246,-14.10609536884));
#863 = CARTESIAN_POINT('',(3.08727323848,-14.17175524588));
#864 = CARTESIAN_POINT('',(2.722316808836,-14.23795113892));
#865 = CARTESIAN_POINT('',(2.363929239062,-14.2923889168));
#866 = CARTESIAN_POINT('',(2.012019512588,-14.33551969239));
#867 = CARTESIAN_POINT('',(1.653658175063,-14.37944119062));
#868 = CARTESIAN_POINT('',(1.302014227985,-14.41163715351));
#869 = CARTESIAN_POINT('',(0.957019111599,-14.43253671473));
#870 = CARTESIAN_POINT('',(0.632675784229,-14.45218520511));
#871 = CARTESIAN_POINT('',(0.314209288025,-14.46184863995));
#872 = CARTESIAN_POINT('',(1.58589392771E-03,-14.46184863995));
#873 = ( GEOMETRIC_REPRESENTATION_CONTEXT(2) 
PARAMETRIC_REPRESENTATION_CONTEXT() REPRESENTATION_CONTEXT('2D SPACE',''
  ) );
#874 = ADVANCED_FACE('',(#875),#612,.T.);
#875 = FACE_BOUND('',#876,.T.);
#876 = EDGE_LOOP('',(#877,#907,#928,#929));
#877 = ORIENTED_EDGE('',*,*,#878,.T.);
#878 = EDGE_CURVE('',#879,#881,#883,.T.);
#879 = VERTEX_POINT('',#880);
#880 = CARTESIAN_POINT('',(-31.99997838603,233.6499999,
    4.336808689942E-18));
#881 = VERTEX_POINT('',#882);
#882 = CARTESIAN_POINT('',(-31.99997838603,239.6499999,
    4.336808689942E-18));
#883 = SURFACE_CURVE('',#884,(#888,#895),.PCURVE_S1.);
#884 = LINE('',#885,#886);
#885 = CARTESIAN_POINT('',(-31.99997838603,233.6499999,
    4.336808689942E-18));
#886 = VECTOR('',#887,1.);
#887 = DIRECTION('',(0.,1.,0.));
#888 = PCURVE('',#612,#889);
#889 = DEFINITIONAL_REPRESENTATION('',(#890),#894);
#890 = LINE('',#891,#892);
#891 = CARTESIAN_POINT('',(4.336808690292E-18,2.256949153761E-35));
#892 = VECTOR('',#893,1.);
#893 = DIRECTION('',(5.20417042793E-18,-1.));
#894 = ( GEOMETRIC_REPRESENTATION_CONTEXT(2) 
PARAMETRIC_REPRESENTATION_CONTEXT() REPRESENTATION_CONTEXT('2D SPACE',''
  ) );
#895 = PCURVE('',#896,#901);
#896 = PLANE('',#897);
#897 = AXIS2_PLACEMENT_3D('',#898,#899,#900);
#898 = CARTESIAN_POINT('',(-37.82220285454,233.6499999,
    4.336808689942E-18));
#899 = DIRECTION('',(-0.,0.,-1.));
#900 = DIRECTION('',(1.,1.788228853189E-15,0.));
#901 = DEFINITIONAL_REPRESENTATION('',(#902),#906);
#902 = LINE('',#903,#904);
#903 = CARTESIAN_POINT('',(5.82222446851,-4.643194907648E-14));
#904 = VECTOR('',#905,1.);
#905 = DIRECTION('',(1.788228853189E-15,-1.));
#906 = ( GEOMETRIC_REPRESENTATION_CONTEXT(2) 
PARAMETRIC_REPRESENTATION_CONTEXT() REPRESENTATION_CONTEXT('2D SPACE',''
  ) );
#907 = ORIENTED_EDGE('',*,*,#908,.T.);
#908 = EDGE_CURVE('',#881,#597,#909,.T.);
#909 = SURFACE_CURVE('',#910,(#914,#921),.PCURVE_S1.);
#910 = LINE('',#911,#912);
#911 = CARTESIAN_POINT('',(-31.99997838603,239.6499999,7.960361911792));
#912 = VECTOR('',#913,1.);
#913 = DIRECTION('',(6.574601973952E-15,5.20417042793E-18,1.));
#914 = PCURVE('',#612,#915);
#915 = DEFINITIONAL_REPRESENTATION('',(#916),#920);
#916 = LINE('',#917,#918);
#917 = CARTESIAN_POINT('',(7.960361911792,-6.));
#918 = VECTOR('',#919,1.);
#919 = DIRECTION('',(1.,0.));
#920 = ( GEOMETRIC_REPRESENTATION_CONTEXT(2) 
PARAMETRIC_REPRESENTATION_CONTEXT() REPRESENTATION_CONTEXT('2D SPACE',''
  ) );
#921 = PCURVE('',#72,#922);
#922 = DEFINITIONAL_REPRESENTATION('',(#923),#927);
#923 = LINE('',#924,#925);
#924 = CARTESIAN_POINT('',(32.001585893923,14.767587943405));
#925 = VECTOR('',#926,1.);
#926 = DIRECTION('',(-6.574601973952E-15,-1.));
#927 = ( GEOMETRIC_REPRESENTATION_CONTEXT(2) 
PARAMETRIC_REPRESENTATION_CONTEXT() REPRESENTATION_CONTEXT('2D SPACE',''
  ) );
#928 = ORIENTED_EDGE('',*,*,#594,.F.);
#929 = ORIENTED_EDGE('',*,*,#930,.F.);
#930 = EDGE_CURVE('',#879,#595,#931,.T.);
#931 = SURFACE_CURVE('',#932,(#936,#943),.PCURVE_S1.);
#932 = LINE('',#933,#934);
#933 = CARTESIAN_POINT('',(-31.99997838603,233.6499999,7.960361911792));
#934 = VECTOR('',#935,1.);
#935 = DIRECTION('',(6.574601973952E-15,5.20417042793E-18,1.));
#936 = PCURVE('',#612,#937);
#937 = DEFINITIONAL_REPRESENTATION('',(#938),#942);
#938 = LINE('',#939,#940);
#939 = CARTESIAN_POINT('',(7.960361911792,4.142708005697E-17));
#940 = VECTOR('',#941,1.);
#941 = DIRECTION('',(1.,0.));
#942 = ( GEOMETRIC_REPRESENTATION_CONTEXT(2) 
PARAMETRIC_REPRESENTATION_CONTEXT() REPRESENTATION_CONTEXT('2D SPACE',''
  ) );
#943 = PCURVE('',#126,#944);
#944 = DEFINITIONAL_REPRESENTATION('',(#945),#949);
#945 = LINE('',#946,#947);
#946 = CARTESIAN_POINT('',(32.001585893923,14.767587943405));
#947 = VECTOR('',#948,1.);
#948 = DIRECTION('',(-6.574601973952E-15,-1.));
#949 = ( GEOMETRIC_REPRESENTATION_CONTEXT(2) 
PARAMETRIC_REPRESENTATION_CONTEXT() REPRESENTATION_CONTEXT('2D SPACE',''
  ) );
#950 = ADVANCED_FACE('',(#951),#896,.T.);
#951 = FACE_BOUND('',#952,.T.);
#952 = EDGE_LOOP('',(#953,#983,#1004,#1005));
#953 = ORIENTED_EDGE('',*,*,#954,.T.);
#954 = EDGE_CURVE('',#955,#957,#959,.T.);
#955 = VERTEX_POINT('',#956);
#956 = CARTESIAN_POINT('',(-37.82220285454,233.6499999,
    -3.637974470283E-12));
#957 = VERTEX_POINT('',#958);
#958 = CARTESIAN_POINT('',(-37.82220285454,239.6499999,
    -3.637974470283E-12));
#959 = SURFACE_CURVE('',#960,(#964,#971),.PCURVE_S1.);
#960 = LINE('',#961,#962);
#961 = CARTESIAN_POINT('',(-37.82220285454,233.6499999,
    -3.637974470283E-12));
#962 = VECTOR('',#963,1.);
#963 = DIRECTION('',(0.,1.,0.));
#964 = PCURVE('',#896,#965);
#965 = DEFINITIONAL_REPRESENTATION('',(#966),#970);
#966 = LINE('',#967,#968);
#967 = CARTESIAN_POINT('',(1.016490417208E-28,-5.684341886081E-14));
#968 = VECTOR('',#969,1.);
#969 = DIRECTION('',(1.788228853189E-15,-1.));
#970 = ( GEOMETRIC_REPRESENTATION_CONTEXT(2) 
PARAMETRIC_REPRESENTATION_CONTEXT() REPRESENTATION_CONTEXT('2D SPACE',''
  ) );
#971 = PCURVE('',#972,#977);
#972 = PLANE('',#973);
#973 = AXIS2_PLACEMENT_3D('',#974,#975,#976);
#974 = CARTESIAN_POINT('',(-39.,233.6499999,-3.369550086736E-12));
#975 = DIRECTION('',(-9.797718192317E-15,0.,-1.));
#976 = DIRECTION('',(1.,1.893352418207E-15,-9.797718192317E-15));
#977 = DEFINITIONAL_REPRESENTATION('',(#978),#982);
#978 = LINE('',#979,#980);
#979 = CARTESIAN_POINT('',(1.17779714546,-8.30351432177E-14));
#980 = VECTOR('',#981,1.);
#981 = DIRECTION('',(1.893352418207E-15,-1.));
#982 = ( GEOMETRIC_REPRESENTATION_CONTEXT(2) 
PARAMETRIC_REPRESENTATION_CONTEXT() REPRESENTATION_CONTEXT('2D SPACE',''
  ) );
#983 = ORIENTED_EDGE('',*,*,#984,.T.);
#984 = EDGE_CURVE('',#957,#881,#985,.T.);
#985 = SURFACE_CURVE('',#986,(#990,#997),.PCURVE_S1.);
#986 = LINE('',#987,#988);
#987 = CARTESIAN_POINT('',(1.080698244853E-05,239.6499999,
    4.336808689942E-18));
#988 = VECTOR('',#989,1.);
#989 = DIRECTION('',(1.,1.788228853189E-15,-0.));
#990 = PCURVE('',#896,#991);
#991 = DEFINITIONAL_REPRESENTATION('',(#992),#996);
#992 = LINE('',#993,#994);
#993 = CARTESIAN_POINT('',(37.822213661522,-6.));
#994 = VECTOR('',#995,1.);
#995 = DIRECTION('',(1.,0.));
#996 = ( GEOMETRIC_REPRESENTATION_CONTEXT(2) 
PARAMETRIC_REPRESENTATION_CONTEXT() REPRESENTATION_CONTEXT('2D SPACE',''
  ) );
#997 = PCURVE('',#72,#998);
#998 = DEFINITIONAL_REPRESENTATION('',(#999),#1003);
#999 = LINE('',#1000,#1001);
#1000 = CARTESIAN_POINT('',(1.596700910494E-03,22.727949855197));
#1001 = VECTOR('',#1002,1.);
#1002 = DIRECTION('',(-1.,0.));
#1003 = ( GEOMETRIC_REPRESENTATION_CONTEXT(2) 
PARAMETRIC_REPRESENTATION_CONTEXT() REPRESENTATION_CONTEXT('2D SPACE',''
  ) );
#1004 = ORIENTED_EDGE('',*,*,#878,.F.);
#1005 = ORIENTED_EDGE('',*,*,#1006,.F.);
#1006 = EDGE_CURVE('',#955,#879,#1007,.T.);
#1007 = SURFACE_CURVE('',#1008,(#1012,#1019),.PCURVE_S1.);
#1008 = LINE('',#1009,#1010);
#1009 = CARTESIAN_POINT('',(1.080698244853E-05,233.6499999,
    4.336808689942E-18));
#1010 = VECTOR('',#1011,1.);
#1011 = DIRECTION('',(1.,1.788228853189E-15,-0.));
#1012 = PCURVE('',#896,#1013);
#1013 = DEFINITIONAL_REPRESENTATION('',(#1014),#1018);
#1014 = LINE('',#1015,#1016);
#1015 = CARTESIAN_POINT('',(37.822213661522,1.079135490021E-14));
#1016 = VECTOR('',#1017,1.);
#1017 = DIRECTION('',(1.,0.));
#1018 = ( GEOMETRIC_REPRESENTATION_CONTEXT(2) 
PARAMETRIC_REPRESENTATION_CONTEXT() REPRESENTATION_CONTEXT('2D SPACE',''
  ) );
#1019 = PCURVE('',#126,#1020);
#1020 = DEFINITIONAL_REPRESENTATION('',(#1021),#1025);
#1021 = LINE('',#1022,#1023);
#1022 = CARTESIAN_POINT('',(1.596700910494E-03,22.727949855197));
#1023 = VECTOR('',#1024,1.);
#1024 = DIRECTION('',(-1.,0.));
#1025 = ( GEOMETRIC_REPRESENTATION_CONTEXT(2) 
PARAMETRIC_REPRESENTATION_CONTEXT() REPRESENTATION_CONTEXT('2D SPACE',''
  ) );
#1026 = ADVANCED_FACE('',(#1027),#972,.T.);
#1027 = FACE_BOUND('',#1028,.T.);
#1028 = EDGE_LOOP('',(#1029,#1059,#1080,#1081));
#1029 = ORIENTED_EDGE('',*,*,#1030,.T.);
#1030 = EDGE_CURVE('',#1031,#1033,#1035,.T.);
#1031 = VERTEX_POINT('',#1032);
#1032 = CARTESIAN_POINT('',(-39.,233.6499999,-1.684772874964E-12));
#1033 = VERTEX_POINT('',#1034);
#1034 = CARTESIAN_POINT('',(-39.,239.6499999,-1.684772874964E-12));
#1035 = SURFACE_CURVE('',#1036,(#1040,#1047),.PCURVE_S1.);
#1036 = LINE('',#1037,#1038);
#1037 = CARTESIAN_POINT('',(-39.,233.6499999,-1.684772874964E-12));
#1038 = VECTOR('',#1039,1.);
#1039 = DIRECTION('',(0.,1.,0.));
#1040 = PCURVE('',#972,#1041);
#1041 = DEFINITIONAL_REPRESENTATION('',(#1042),#1046);
#1042 = LINE('',#1043,#1044);
#1043 = CARTESIAN_POINT('',(1.614369368389E-28,-8.526512829121E-14));
#1044 = VECTOR('',#1045,1.);
#1045 = DIRECTION('',(1.893352418207E-15,-1.));
#1046 = ( GEOMETRIC_REPRESENTATION_CONTEXT(2) 
PARAMETRIC_REPRESENTATION_CONTEXT() REPRESENTATION_CONTEXT('2D SPACE',''
  ) );
#1047 = PCURVE('',#1048,#1053);
#1048 = PLANE('',#1049);
#1049 = AXIS2_PLACEMENT_3D('',#1050,#1051,#1052);
#1050 = CARTESIAN_POINT('',(-45.,233.6499999,-3.310763777582E-12));
#1051 = DIRECTION('',(-9.797718192317E-15,0.,-1.));
#1052 = DIRECTION('',(1.,1.893352418207E-15,-9.797718192317E-15));
#1053 = DEFINITIONAL_REPRESENTATION('',(#1054),#1058);
#1054 = LINE('',#1055,#1056);
#1055 = CARTESIAN_POINT('',(6.,-7.390501378197E-14));
#1056 = VECTOR('',#1057,1.);
#1057 = DIRECTION('',(1.893352418207E-15,-1.));
#1058 = ( GEOMETRIC_REPRESENTATION_CONTEXT(2) 
PARAMETRIC_REPRESENTATION_CONTEXT() REPRESENTATION_CONTEXT('2D SPACE',''
  ) );
#1059 = ORIENTED_EDGE('',*,*,#1060,.T.);
#1060 = EDGE_CURVE('',#1033,#957,#1061,.T.);
#1061 = SURFACE_CURVE('',#1062,(#1066,#1073),.PCURVE_S1.);
#1062 = LINE('',#1063,#1064);
#1063 = CARTESIAN_POINT('',(2.161396503203E-05,239.6499999,
    -3.751661308004E-12));
#1064 = VECTOR('',#1065,1.);
#1065 = DIRECTION('',(1.,1.893352418207E-15,-9.797718192317E-15));
#1066 = PCURVE('',#972,#1067);
#1067 = DEFINITIONAL_REPRESENTATION('',(#1068),#1072);
#1068 = LINE('',#1069,#1070);
#1069 = CARTESIAN_POINT('',(39.000021613965,-6.));
#1070 = VECTOR('',#1071,1.);
#1071 = DIRECTION('',(1.,1.817528988872E-43));
#1072 = ( GEOMETRIC_REPRESENTATION_CONTEXT(2) 
PARAMETRIC_REPRESENTATION_CONTEXT() REPRESENTATION_CONTEXT('2D SPACE',''
  ) );
#1073 = PCURVE('',#72,#1074);
#1074 = DEFINITIONAL_REPRESENTATION('',(#1075),#1079);
#1075 = LINE('',#1076,#1077);
#1076 = CARTESIAN_POINT('',(1.585893927911E-03,22.727949855201));
#1077 = VECTOR('',#1078,1.);
#1078 = DIRECTION('',(-1.,9.797718192317E-15));
#1079 = ( GEOMETRIC_REPRESENTATION_CONTEXT(2) 
PARAMETRIC_REPRESENTATION_CONTEXT() REPRESENTATION_CONTEXT('2D SPACE',''
  ) );
#1080 = ORIENTED_EDGE('',*,*,#954,.F.);
#1081 = ORIENTED_EDGE('',*,*,#1082,.F.);
#1082 = EDGE_CURVE('',#1031,#955,#1083,.T.);
#1083 = SURFACE_CURVE('',#1084,(#1088,#1095),.PCURVE_S1.);
#1084 = LINE('',#1085,#1086);
#1085 = CARTESIAN_POINT('',(2.161396503203E-05,233.6499999,
    -3.751661308004E-12));
#1086 = VECTOR('',#1087,1.);
#1087 = DIRECTION('',(1.,1.893352418207E-15,-9.797718192317E-15));
#1088 = PCURVE('',#972,#1089);
#1089 = DEFINITIONAL_REPRESENTATION('',(#1090),#1094);
#1090 = LINE('',#1091,#1092);
#1091 = CARTESIAN_POINT('',(39.000021613965,-1.142434305829E-14));
#1092 = VECTOR('',#1093,1.);
#1093 = DIRECTION('',(1.,1.817528988872E-43));
#1094 = ( GEOMETRIC_REPRESENTATION_CONTEXT(2) 
PARAMETRIC_REPRESENTATION_CONTEXT() REPRESENTATION_CONTEXT('2D SPACE',''
  ) );
#1095 = PCURVE('',#126,#1096);
#1096 = DEFINITIONAL_REPRESENTATION('',(#1097),#1101);
#1097 = LINE('',#1098,#1099);
#1098 = CARTESIAN_POINT('',(1.585893927911E-03,22.727949855201));
#1099 = VECTOR('',#1100,1.);
#1100 = DIRECTION('',(-1.,9.797718192317E-15));
#1101 = ( GEOMETRIC_REPRESENTATION_CONTEXT(2) 
PARAMETRIC_REPRESENTATION_CONTEXT() REPRESENTATION_CONTEXT('2D SPACE',''
  ) );
#1102 = ADVANCED_FACE('',(#1103),#1048,.T.);
#1103 = FACE_BOUND('',#1104,.T.);
#1104 = EDGE_LOOP('',(#1105,#1135,#1156,#1157));
#1105 = ORIENTED_EDGE('',*,*,#1106,.T.);
#1106 = EDGE_CURVE('',#1107,#1109,#1111,.T.);
#1107 = VERTEX_POINT('',#1108);
#1108 = CARTESIAN_POINT('',(-45.,233.6499999,-1.655379720387E-12));
#1109 = VERTEX_POINT('',#1110);
#1110 = CARTESIAN_POINT('',(-45.,239.6499999,-1.655379720387E-12));
#1111 = SURFACE_CURVE('',#1112,(#1116,#1123),.PCURVE_S1.);
#1112 = LINE('',#1113,#1114);
#1113 = CARTESIAN_POINT('',(-45.,233.6499999,-1.655379720387E-12));
#1114 = VECTOR('',#1115,1.);
#1115 = DIRECTION('',(0.,1.,0.));
#1116 = PCURVE('',#1048,#1117);
#1117 = DEFINITIONAL_REPRESENTATION('',(#1118),#1122);
#1118 = LINE('',#1119,#1120);
#1119 = CARTESIAN_POINT('',(1.614369368389E-28,-8.526512829121E-14));
#1120 = VECTOR('',#1121,1.);
#1121 = DIRECTION('',(1.893352418207E-15,-1.));
#1122 = ( GEOMETRIC_REPRESENTATION_CONTEXT(2) 
PARAMETRIC_REPRESENTATION_CONTEXT() REPRESENTATION_CONTEXT('2D SPACE',''
  ) );
#1123 = PCURVE('',#1124,#1129);
#1124 = PLANE('',#1125);
#1125 = AXIS2_PLACEMENT_3D('',#1126,#1127,#1128);
#1126 = CARTESIAN_POINT('',(-47.82115439303,233.6499999,
    -3.283122901862E-12));
#1127 = DIRECTION('',(-9.797718192317E-15,0.,-1.));
#1128 = DIRECTION('',(1.,1.893352418207E-15,-9.797718192317E-15));
#1129 = DEFINITIONAL_REPRESENTATION('',(#1130),#1134);
#1130 = LINE('',#1131,#1132);
#1131 = CARTESIAN_POINT('',(2.82115439303,-7.992368879903E-14));
#1132 = VECTOR('',#1133,1.);
#1133 = DIRECTION('',(1.893352418207E-15,-1.));
#1134 = ( GEOMETRIC_REPRESENTATION_CONTEXT(2) 
PARAMETRIC_REPRESENTATION_CONTEXT() REPRESENTATION_CONTEXT('2D SPACE',''
  ) );
#1135 = ORIENTED_EDGE('',*,*,#1136,.T.);
#1136 = EDGE_CURVE('',#1109,#1033,#1137,.T.);
#1137 = SURFACE_CURVE('',#1138,(#1142,#1149),.PCURVE_S1.);
#1138 = LINE('',#1139,#1140);
#1139 = CARTESIAN_POINT('',(2.161396503203E-05,239.6499999,
    -3.751661308004E-12));
#1140 = VECTOR('',#1141,1.);
#1141 = DIRECTION('',(1.,1.893352418207E-15,-9.797718192317E-15));
#1142 = PCURVE('',#1048,#1143);
#1143 = DEFINITIONAL_REPRESENTATION('',(#1144),#1148);
#1144 = LINE('',#1145,#1146);
#1145 = CARTESIAN_POINT('',(45.000021613965,-6.));
#1146 = VECTOR('',#1147,1.);
#1147 = DIRECTION('',(1.,1.817528988872E-43));
#1148 = ( GEOMETRIC_REPRESENTATION_CONTEXT(2) 
PARAMETRIC_REPRESENTATION_CONTEXT() REPRESENTATION_CONTEXT('2D SPACE',''
  ) );
#1149 = PCURVE('',#72,#1150);
#1150 = DEFINITIONAL_REPRESENTATION('',(#1151),#1155);
#1151 = LINE('',#1152,#1153);
#1152 = CARTESIAN_POINT('',(1.585893927911E-03,22.727949855201));
#1153 = VECTOR('',#1154,1.);
#1154 = DIRECTION('',(-1.,9.797718192317E-15));
#1155 = ( GEOMETRIC_REPRESENTATION_CONTEXT(2) 
PARAMETRIC_REPRESENTATION_CONTEXT() REPRESENTATION_CONTEXT('2D SPACE',''
  ) );
#1156 = ORIENTED_EDGE('',*,*,#1030,.F.);
#1157 = ORIENTED_EDGE('',*,*,#1158,.F.);
#1158 = EDGE_CURVE('',#1107,#1031,#1159,.T.);
#1159 = SURFACE_CURVE('',#1160,(#1164,#1171),.PCURVE_S1.);
#1160 = LINE('',#1161,#1162);
#1161 = CARTESIAN_POINT('',(2.161396503203E-05,233.6499999,
    -3.751661308004E-12));
#1162 = VECTOR('',#1163,1.);
#1163 = DIRECTION('',(1.,1.893352418207E-15,-9.797718192317E-15));
#1164 = PCURVE('',#1048,#1165);
#1165 = DEFINITIONAL_REPRESENTATION('',(#1166),#1170);
#1166 = LINE('',#1167,#1168);
#1167 = CARTESIAN_POINT('',(45.000021613965,-6.422854904407E-17));
#1168 = VECTOR('',#1169,1.);
#1169 = DIRECTION('',(1.,1.817528988872E-43));
#1170 = ( GEOMETRIC_REPRESENTATION_CONTEXT(2) 
PARAMETRIC_REPRESENTATION_CONTEXT() REPRESENTATION_CONTEXT('2D SPACE',''
  ) );
#1171 = PCURVE('',#126,#1172);
#1172 = DEFINITIONAL_REPRESENTATION('',(#1173),#1177);
#1173 = LINE('',#1174,#1175);
#1174 = CARTESIAN_POINT('',(1.585893927911E-03,22.727949855201));
#1175 = VECTOR('',#1176,1.);
#1176 = DIRECTION('',(-1.,9.797718192317E-15));
#1177 = ( GEOMETRIC_REPRESENTATION_CONTEXT(2) 
PARAMETRIC_REPRESENTATION_CONTEXT() REPRESENTATION_CONTEXT('2D SPACE',''
  ) );
#1178 = ADVANCED_FACE('',(#1179),#1124,.T.);
#1179 = FACE_BOUND('',#1180,.T.);
#1180 = EDGE_LOOP('',(#1181,#1215,#1236,#1237));
#1181 = ORIENTED_EDGE('',*,*,#1182,.T.);
#1182 = EDGE_CURVE('',#1183,#1185,#1187,.T.);
#1183 = VERTEX_POINT('',#1184);
#1184 = CARTESIAN_POINT('',(-47.82115439303,233.6499999,
    -2.078438675695E-12));
#1185 = VERTEX_POINT('',#1186);
#1186 = CARTESIAN_POINT('',(-47.82115439303,239.6499999,
    -2.078438675695E-12));
#1187 = SURFACE_CURVE('',#1188,(#1192,#1199),.PCURVE_S1.);
#1188 = LINE('',#1189,#1190);
#1189 = CARTESIAN_POINT('',(-47.82115439303,233.6499999,
    -2.078438675695E-12));
#1190 = VECTOR('',#1191,1.);
#1191 = DIRECTION('',(0.,1.,0.));
#1192 = PCURVE('',#1124,#1193);
#1193 = DEFINITIONAL_REPRESENTATION('',(#1194),#1198);
#1194 = LINE('',#1195,#1196);
#1195 = CARTESIAN_POINT('',(1.614369368389E-28,-8.526512829121E-14));
#1196 = VECTOR('',#1197,1.);
#1197 = DIRECTION('',(1.893352418207E-15,-1.));
#1198 = ( GEOMETRIC_REPRESENTATION_CONTEXT(2) 
PARAMETRIC_REPRESENTATION_CONTEXT() REPRESENTATION_CONTEXT('2D SPACE',''
  ) );
#1199 = PCURVE('',#1200,#1209);
#1200 = SURFACE_OF_LINEAR_EXTRUSION('',#1201,#1207);
#1201 = B_SPLINE_CURVE_WITH_KNOTS('',4,(#1202,#1203,#1204,#1205,#1206),
  .UNSPECIFIED.,.F.,.F.,(5,5),(0.,1.),.PIECEWISE_BEZIER_KNOTS.);
#1202 = CARTESIAN_POINT('',(-47.82115439303,233.6499999,
    1.199045203404E-12));
#1203 = CARTESIAN_POINT('',(-47.8200088542,233.6499999,0.140920191079));
#1204 = CARTESIAN_POINT('',(-47.81883752092,233.6499999,0.28184962398));
#1205 = CARTESIAN_POINT('',(-47.81764046426,233.6499999,0.422788065534)
  );
#1206 = CARTESIAN_POINT('',(-47.81641775508,233.6499999,0.563735282783)
  );
#1207 = VECTOR('',#1208,1.);
#1208 = DIRECTION('',(-0.,-1.,-0.));
#1209 = DEFINITIONAL_REPRESENTATION('',(#1210),#1214);
#1210 = LINE('',#1211,#1212);
#1211 = CARTESIAN_POINT('',(0.,0.));
#1212 = VECTOR('',#1213,1.);
#1213 = DIRECTION('',(0.,-1.));
#1214 = ( GEOMETRIC_REPRESENTATION_CONTEXT(2) 
PARAMETRIC_REPRESENTATION_CONTEXT() REPRESENTATION_CONTEXT('2D SPACE',''
  ) );
#1215 = ORIENTED_EDGE('',*,*,#1216,.T.);
#1216 = EDGE_CURVE('',#1185,#1109,#1217,.T.);
#1217 = SURFACE_CURVE('',#1218,(#1222,#1229),.PCURVE_S1.);
#1218 = LINE('',#1219,#1220);
#1219 = CARTESIAN_POINT('',(2.161396503203E-05,239.6499999,
    -3.751661308004E-12));
#1220 = VECTOR('',#1221,1.);
#1221 = DIRECTION('',(1.,1.893352418207E-15,-9.797718192317E-15));
#1222 = PCURVE('',#1124,#1223);
#1223 = DEFINITIONAL_REPRESENTATION('',(#1224),#1228);
#1224 = LINE('',#1225,#1226);
#1225 = CARTESIAN_POINT('',(47.821176006995,-6.));
#1226 = VECTOR('',#1227,1.);
#1227 = DIRECTION('',(1.,1.817528988872E-43));
#1228 = ( GEOMETRIC_REPRESENTATION_CONTEXT(2) 
PARAMETRIC_REPRESENTATION_CONTEXT() REPRESENTATION_CONTEXT('2D SPACE',''
  ) );
#1229 = PCURVE('',#72,#1230);
#1230 = DEFINITIONAL_REPRESENTATION('',(#1231),#1235);
#1231 = LINE('',#1232,#1233);
#1232 = CARTESIAN_POINT('',(1.585893927911E-03,22.727949855201));
#1233 = VECTOR('',#1234,1.);
#1234 = DIRECTION('',(-1.,9.797718192317E-15));
#1235 = ( GEOMETRIC_REPRESENTATION_CONTEXT(2) 
PARAMETRIC_REPRESENTATION_CONTEXT() REPRESENTATION_CONTEXT('2D SPACE',''
  ) );
#1236 = ORIENTED_EDGE('',*,*,#1106,.F.);
#1237 = ORIENTED_EDGE('',*,*,#1238,.F.);
#1238 = EDGE_CURVE('',#1183,#1107,#1239,.T.);
#1239 = SURFACE_CURVE('',#1240,(#1244,#1251),.PCURVE_S1.);
#1240 = LINE('',#1241,#1242);
#1241 = CARTESIAN_POINT('',(2.161396503203E-05,233.6499999,
    -3.751661308004E-12));
#1242 = VECTOR('',#1243,1.);
#1243 = DIRECTION('',(1.,1.893352418207E-15,-9.797718192317E-15));
#1244 = PCURVE('',#1124,#1245);
#1245 = DEFINITIONAL_REPRESENTATION('',(#1246),#1250);
#1246 = LINE('',#1247,#1248);
#1247 = CARTESIAN_POINT('',(47.821176006995,5.277210943135E-15));
#1248 = VECTOR('',#1249,1.);
#1249 = DIRECTION('',(1.,1.817528988872E-43));
#1250 = ( GEOMETRIC_REPRESENTATION_CONTEXT(2) 
PARAMETRIC_REPRESENTATION_CONTEXT() REPRESENTATION_CONTEXT('2D SPACE',''
  ) );
#1251 = PCURVE('',#126,#1252);
#1252 = DEFINITIONAL_REPRESENTATION('',(#1253),#1257);
#1253 = LINE('',#1254,#1255);
#1254 = CARTESIAN_POINT('',(1.585893927911E-03,22.727949855201));
#1255 = VECTOR('',#1256,1.);
#1256 = DIRECTION('',(-1.,9.797718192317E-15));
#1257 = ( GEOMETRIC_REPRESENTATION_CONTEXT(2) 
PARAMETRIC_REPRESENTATION_CONTEXT() REPRESENTATION_CONTEXT('2D SPACE',''
  ) );
#1258 = ADVANCED_FACE('',(#1259),#1200,.F.);
#1259 = FACE_BOUND('',#1260,.F.);
#1260 = EDGE_LOOP('',(#1261,#1262,#1289,#1326));
#1261 = ORIENTED_EDGE('',*,*,#1182,.T.);
#1262 = ORIENTED_EDGE('',*,*,#1263,.T.);
#1263 = EDGE_CURVE('',#1185,#1264,#1266,.T.);
#1264 = VERTEX_POINT('',#1265);
#1265 = CARTESIAN_POINT('',(-47.81641775508,239.6499999,0.563735282783)
  );
#1266 = SURFACE_CURVE('',#1267,(#1273,#1280),.PCURVE_S1.);
#1267 = B_SPLINE_CURVE_WITH_KNOTS('',4,(#1268,#1269,#1270,#1271,#1272),
  .UNSPECIFIED.,.F.,.F.,(5,5),(0.,1.),.PIECEWISE_BEZIER_KNOTS.);
#1268 = CARTESIAN_POINT('',(-47.82115439303,239.6499999,
    1.199045203404E-12));
#1269 = CARTESIAN_POINT('',(-47.8200088542,239.6499999,0.140920191079));
#1270 = CARTESIAN_POINT('',(-47.81883752092,239.6499999,0.28184962398));
#1271 = CARTESIAN_POINT('',(-47.81764046426,239.6499999,0.422788065534)
  );
#1272 = CARTESIAN_POINT('',(-47.81641775508,239.6499999,0.563735282783)
  );
#1273 = PCURVE('',#1200,#1274);
#1274 = DEFINITIONAL_REPRESENTATION('',(#1275),#1279);
#1275 = LINE('',#1276,#1277);
#1276 = CARTESIAN_POINT('',(0.,-6.));
#1277 = VECTOR('',#1278,1.);
#1278 = DIRECTION('',(1.,0.));
#1279 = ( GEOMETRIC_REPRESENTATION_CONTEXT(2) 
PARAMETRIC_REPRESENTATION_CONTEXT() REPRESENTATION_CONTEXT('2D SPACE',''
  ) );
#1280 = PCURVE('',#72,#1281);
#1281 = DEFINITIONAL_REPRESENTATION('',(#1282),#1288);
#1282 = B_SPLINE_CURVE_WITH_KNOTS('',4,(#1283,#1284,#1285,#1286,#1287),
  .UNSPECIFIED.,.F.,.F.,(5,5),(0.,1.),.PIECEWISE_BEZIER_KNOTS.);
#1283 = CARTESIAN_POINT('',(47.822761900923,22.727949855196));
#1284 = CARTESIAN_POINT('',(47.821616362093,22.587029664118));
#1285 = CARTESIAN_POINT('',(47.820445028813,22.446100231217));
#1286 = CARTESIAN_POINT('',(47.819247972153,22.305161789663));
#1287 = CARTESIAN_POINT('',(47.818025262973,22.164214572414));
#1288 = ( GEOMETRIC_REPRESENTATION_CONTEXT(2) 
PARAMETRIC_REPRESENTATION_CONTEXT() REPRESENTATION_CONTEXT('2D SPACE',''
  ) );
#1289 = ORIENTED_EDGE('',*,*,#1290,.F.);
#1290 = EDGE_CURVE('',#1291,#1264,#1293,.T.);
#1291 = VERTEX_POINT('',#1292);
#1292 = CARTESIAN_POINT('',(-47.81641775508,233.6499999,0.563735282783)
  );
#1293 = SURFACE_CURVE('',#1294,(#1298,#1305),.PCURVE_S1.);
#1294 = LINE('',#1295,#1296);
#1295 = CARTESIAN_POINT('',(-47.81641775508,233.6499999,0.563735282783)
  );
#1296 = VECTOR('',#1297,1.);
#1297 = DIRECTION('',(0.,1.,0.));
#1298 = PCURVE('',#1200,#1299);
#1299 = DEFINITIONAL_REPRESENTATION('',(#1300),#1304);
#1300 = LINE('',#1301,#1302);
#1301 = CARTESIAN_POINT('',(1.,0.));
#1302 = VECTOR('',#1303,1.);
#1303 = DIRECTION('',(0.,-1.));
#1304 = ( GEOMETRIC_REPRESENTATION_CONTEXT(2) 
PARAMETRIC_REPRESENTATION_CONTEXT() REPRESENTATION_CONTEXT('2D SPACE',''
  ) );
#1305 = PCURVE('',#1306,#1320);
#1306 = SURFACE_OF_LINEAR_EXTRUSION('',#1307,#1318);
#1307 = B_SPLINE_CURVE_WITH_KNOTS('',5,(#1308,#1309,#1310,#1311,#1312,
    #1313,#1314,#1315,#1316,#1317),.UNSPECIFIED.,.F.,.F.,(6,4,6),(0.,
    0.489908065189,1.),.UNSPECIFIED.);
#1308 = CARTESIAN_POINT('',(-47.81641775508,233.6499999,0.56373528278));
#1309 = CARTESIAN_POINT('',(-47.70582934908,233.6499999,1.002965490315)
  );
#1310 = CARTESIAN_POINT('',(-47.58911450641,233.6499999,1.440929323662)
  );
#1311 = CARTESIAN_POINT('',(-47.46657826544,233.6499999,1.87756340562));
#1312 = CARTESIAN_POINT('',(-47.33847615524,233.6499999,2.312813966878)
  );
#1313 = CARTESIAN_POINT('',(-47.06608204678,233.6499999,3.198338083502)
  );
#1314 = CARTESIAN_POINT('',(-46.92134089592,233.6499999,3.648490382525)
  );
#1315 = CARTESIAN_POINT('',(-46.77105274814,233.6499999,4.097048430452)
  );
#1316 = CARTESIAN_POINT('',(-46.61542656977,233.6499999,4.543969048713)
  );
#1317 = CARTESIAN_POINT('',(-46.45464250568,233.6499999,4.989216157379)
  );
#1318 = VECTOR('',#1319,1.);
#1319 = DIRECTION('',(-0.,-1.,-0.));
#1320 = DEFINITIONAL_REPRESENTATION('',(#1321),#1325);
#1321 = LINE('',#1322,#1323);
#1322 = CARTESIAN_POINT('',(0.,0.));
#1323 = VECTOR('',#1324,1.);
#1324 = DIRECTION('',(0.,-1.));
#1325 = ( GEOMETRIC_REPRESENTATION_CONTEXT(2) 
PARAMETRIC_REPRESENTATION_CONTEXT() REPRESENTATION_CONTEXT('2D SPACE',''
  ) );
#1326 = ORIENTED_EDGE('',*,*,#1327,.F.);
#1327 = EDGE_CURVE('',#1183,#1291,#1328,.T.);
#1328 = SURFACE_CURVE('',#1329,(#1335,#1342),.PCURVE_S1.);
#1329 = B_SPLINE_CURVE_WITH_KNOTS('',4,(#1330,#1331,#1332,#1333,#1334),
  .UNSPECIFIED.,.F.,.F.,(5,5),(0.,1.),.PIECEWISE_BEZIER_KNOTS.);
#1330 = CARTESIAN_POINT('',(-47.82115439303,233.6499999,
    1.199045203404E-12));
#1331 = CARTESIAN_POINT('',(-47.8200088542,233.6499999,0.140920191079));
#1332 = CARTESIAN_POINT('',(-47.81883752092,233.6499999,0.28184962398));
#1333 = CARTESIAN_POINT('',(-47.81764046426,233.6499999,0.422788065534)
  );
#1334 = CARTESIAN_POINT('',(-47.81641775508,233.6499999,0.563735282783)
  );
#1335 = PCURVE('',#1200,#1336);
#1336 = DEFINITIONAL_REPRESENTATION('',(#1337),#1341);
#1337 = LINE('',#1338,#1339);
#1338 = CARTESIAN_POINT('',(0.,0.));
#1339 = VECTOR('',#1340,1.);
#1340 = DIRECTION('',(1.,0.));
#1341 = ( GEOMETRIC_REPRESENTATION_CONTEXT(2) 
PARAMETRIC_REPRESENTATION_CONTEXT() REPRESENTATION_CONTEXT('2D SPACE',''
  ) );
#1342 = PCURVE('',#126,#1343);
#1343 = DEFINITIONAL_REPRESENTATION('',(#1344),#1350);
#1344 = B_SPLINE_CURVE_WITH_KNOTS('',4,(#1345,#1346,#1347,#1348,#1349),
  .UNSPECIFIED.,.F.,.F.,(5,5),(0.,1.),.PIECEWISE_BEZIER_KNOTS.);
#1345 = CARTESIAN_POINT('',(47.822761900923,22.727949855196));
#1346 = CARTESIAN_POINT('',(47.821616362093,22.587029664118));
#1347 = CARTESIAN_POINT('',(47.820445028813,22.446100231217));
#1348 = CARTESIAN_POINT('',(47.819247972153,22.305161789663));
#1349 = CARTESIAN_POINT('',(47.818025262973,22.164214572414));
#1350 = ( GEOMETRIC_REPRESENTATION_CONTEXT(2) 
PARAMETRIC_REPRESENTATION_CONTEXT() REPRESENTATION_CONTEXT('2D SPACE',''
  ) );
#1351 = ADVANCED_FACE('',(#1352),#1306,.F.);
#1352 = FACE_BOUND('',#1353,.F.);
#1353 = EDGE_LOOP('',(#1354,#1355,#1392,#1596));
#1354 = ORIENTED_EDGE('',*,*,#1290,.T.);
#1355 = ORIENTED_EDGE('',*,*,#1356,.T.);
#1356 = EDGE_CURVE('',#1264,#1357,#1359,.T.);
#1357 = VERTEX_POINT('',#1358);
#1358 = CARTESIAN_POINT('',(-46.45464250568,239.6499999,4.989216157379)
  );
#1359 = SURFACE_CURVE('',#1360,(#1371,#1378),.PCURVE_S1.);
#1360 = B_SPLINE_CURVE_WITH_KNOTS('',5,(#1361,#1362,#1363,#1364,#1365,
    #1366,#1367,#1368,#1369,#1370),.UNSPECIFIED.,.F.,.F.,(6,4,6),(0.,
    0.489908065189,1.),.UNSPECIFIED.);
#1361 = CARTESIAN_POINT('',(-47.81641775508,239.6499999,0.56373528278));
#1362 = CARTESIAN_POINT('',(-47.70582934908,239.6499999,1.002965490315)
  );
#1363 = CARTESIAN_POINT('',(-47.58911450641,239.6499999,1.440929323662)
  );
#1364 = CARTESIAN_POINT('',(-47.46657826544,239.6499999,1.87756340562));
#1365 = CARTESIAN_POINT('',(-47.33847615524,239.6499999,2.312813966878)
  );
#1366 = CARTESIAN_POINT('',(-47.06608204678,239.6499999,3.198338083502)
  );
#1367 = CARTESIAN_POINT('',(-46.92134089592,239.6499999,3.648490382525)
  );
#1368 = CARTESIAN_POINT('',(-46.77105274814,239.6499999,4.097048430452)
  );
#1369 = CARTESIAN_POINT('',(-46.61542656977,239.6499999,4.543969048713)
  );
#1370 = CARTESIAN_POINT('',(-46.45464250568,239.6499999,4.989216157379)
  );
#1371 = PCURVE('',#1306,#1372);
#1372 = DEFINITIONAL_REPRESENTATION('',(#1373),#1377);
#1373 = LINE('',#1374,#1375);
#1374 = CARTESIAN_POINT('',(0.,-6.));
#1375 = VECTOR('',#1376,1.);
#1376 = DIRECTION('',(1.,0.));
#1377 = ( GEOMETRIC_REPRESENTATION_CONTEXT(2) 
PARAMETRIC_REPRESENTATION_CONTEXT() REPRESENTATION_CONTEXT('2D SPACE',''
  ) );
#1378 = PCURVE('',#72,#1379);
#1379 = DEFINITIONAL_REPRESENTATION('',(#1380),#1391);
#1380 = B_SPLINE_CURVE_WITH_KNOTS('',5,(#1381,#1382,#1383,#1384,#1385,
    #1386,#1387,#1388,#1389,#1390),.UNSPECIFIED.,.F.,.F.,(6,4,6),(0.,
    0.489908065189,1.),.UNSPECIFIED.);
#1381 = CARTESIAN_POINT('',(47.818025262973,22.164214572417));
#1382 = CARTESIAN_POINT('',(47.707436856973,21.724984364882));
#1383 = CARTESIAN_POINT('',(47.590722014303,21.287020531535));
#1384 = CARTESIAN_POINT('',(47.468185773333,20.850386449577));
#1385 = CARTESIAN_POINT('',(47.340083663133,20.415135888319));
#1386 = CARTESIAN_POINT('',(47.067689554673,19.529611771695));
#1387 = CARTESIAN_POINT('',(46.922948403813,19.079459472672));
#1388 = CARTESIAN_POINT('',(46.772660256033,18.630901424745));
#1389 = CARTESIAN_POINT('',(46.617034077663,18.183980806484));
#1390 = CARTESIAN_POINT('',(46.456250013573,17.738733697818));
#1391 = ( GEOMETRIC_REPRESENTATION_CONTEXT(2) 
PARAMETRIC_REPRESENTATION_CONTEXT() REPRESENTATION_CONTEXT('2D SPACE',''
  ) );
#1392 = ORIENTED_EDGE('',*,*,#1393,.F.);
#1393 = EDGE_CURVE('',#1394,#1357,#1396,.T.);
#1394 = VERTEX_POINT('',#1395);
#1395 = CARTESIAN_POINT('',(-46.45464250568,233.6499999,4.989216157379)
  );
#1396 = SURFACE_CURVE('',#1397,(#1401,#1408),.PCURVE_S1.);
#1397 = LINE('',#1398,#1399);
#1398 = CARTESIAN_POINT('',(-46.45464250568,233.6499999,4.989216157379)
  );
#1399 = VECTOR('',#1400,1.);
#1400 = DIRECTION('',(0.,1.,0.));
#1401 = PCURVE('',#1306,#1402);
#1402 = DEFINITIONAL_REPRESENTATION('',(#1403),#1407);
#1403 = LINE('',#1404,#1405);
#1404 = CARTESIAN_POINT('',(1.,0.));
#1405 = VECTOR('',#1406,1.);
#1406 = DIRECTION('',(0.,-1.));
#1407 = ( GEOMETRIC_REPRESENTATION_CONTEXT(2) 
PARAMETRIC_REPRESENTATION_CONTEXT() REPRESENTATION_CONTEXT('2D SPACE',''
  ) );
#1408 = PCURVE('',#1409,#1590);
#1409 = SURFACE_OF_LINEAR_EXTRUSION('',#1410,#1588);
#1410 = B_SPLINE_CURVE_WITH_KNOTS('',8,(#1411,#1412,#1413,#1414,#1415,
    #1416,#1417,#1418,#1419,#1420,#1421,#1422,#1423,#1424,#1425,#1426,
    #1427,#1428,#1429,#1430,#1431,#1432,#1433,#1434,#1435,#1436,#1437,
    #1438,#1439,#1440,#1441,#1442,#1443,#1444,#1445,#1446,#1447,#1448,
    #1449,#1450,#1451,#1452,#1453,#1454,#1455,#1456,#1457,#1458,#1459,
    #1460,#1461,#1462,#1463,#1464,#1465,#1466,#1467,#1468,#1469,#1470,
    #1471,#1472,#1473,#1474,#1475,#1476,#1477,#1478,#1479,#1480,#1481,
    #1482,#1483,#1484,#1485,#1486,#1487,#1488,#1489,#1490,#1491,#1492,
    #1493,#1494,#1495,#1496,#1497,#1498,#1499,#1500,#1501,#1502,#1503,
    #1504,#1505,#1506,#1507,#1508,#1509,#1510,#1511,#1512,#1513,#1514,
    #1515,#1516,#1517,#1518,#1519,#1520,#1521,#1522,#1523,#1524,#1525,
    #1526,#1527,#1528,#1529,#1530,#1531,#1532,#1533,#1534,#1535,#1536,
    #1537,#1538,#1539,#1540,#1541,#1542,#1543,#1544,#1545,#1546,#1547,
    #1548,#1549,#1550,#1551,#1552,#1553,#1554,#1555,#1556,#1557,#1558,
    #1559,#1560,#1561,#1562,#1563,#1564,#1565,#1566,#1567,#1568,#1569,
    #1570,#1571,#1572,#1573,#1574,#1575,#1576,#1577,#1578,#1579,#1580,
    #1581,#1582,#1583,#1584,#1585,#1586,#1587),.UNSPECIFIED.,.F.,.F.,(9,
    7,7,7,7,7,7,7,7,7,7,7,7,7,7,7,7,7,7,7,7,7,7,7,7,9),(0.,
    1.585174852719E-03,3.912786591337E-03,1.018530297868E-02,
    2.339670765995E-02,4.206294554781E-02,5.021069530305E-02,
    5.445320460639E-02,5.940651563095E-02,6.636135700388E-02,
    7.331617777364E-02,0.119598673408,0.139858072929,0.17893881142,
    0.245498447764,0.281379810835,0.320284349918,0.385492444464,
    0.520487198338,0.531461555246,0.616098761739,0.6775127062,
    0.699704873844,0.849542820056,0.85943148885,1.),.UNSPECIFIED.);
#1411 = CARTESIAN_POINT('',(-46.45464250568,233.6499999,4.989216157379)
  );
#1412 = CARTESIAN_POINT('',(-46.45089790999,233.6499999,4.999586171696)
  );
#1413 = CARTESIAN_POINT('',(-46.44715431622,233.6499999,5.010012002419)
  );
#1414 = CARTESIAN_POINT('',(-46.44340850782,233.6499999,5.02046816453));
#1415 = CARTESIAN_POINT('',(-46.43966050868,233.6499999,5.03094514661));
#1416 = CARTESIAN_POINT('',(-46.4359102073,233.6499999,5.041436283367));
#1417 = CARTESIAN_POINT('',(-46.43215699457,233.6499999,5.051936932274)
  );
#1418 = CARTESIAN_POINT('',(-46.42840030359,233.6499999,5.062446798957)
  );
#1419 = CARTESIAN_POINT('',(-46.41911589282,233.6499999,5.088412634966)
  );
#1420 = CARTESIAN_POINT('',(-46.41358488443,233.6499999,5.103873956054)
  );
#1421 = CARTESIAN_POINT('',(-46.40804510765,233.6499999,5.119345174033)
  );
#1422 = CARTESIAN_POINT('',(-46.40249632157,233.6499999,5.134823168968)
  );
#1423 = CARTESIAN_POINT('',(-46.39693849895,233.6499999,5.150305919691)
  );
#1424 = CARTESIAN_POINT('',(-46.39137161582,233.6499999,5.165792011219)
  );
#1425 = CARTESIAN_POINT('',(-46.38579558279,233.6499999,5.181280476048)
  );
#1426 = CARTESIAN_POINT('',(-46.36515898363,233.6499999,5.238515205039)
  );
#1427 = CARTESIAN_POINT('',(-46.35004174647,233.6499999,5.280270706175)
  );
#1428 = CARTESIAN_POINT('',(-46.33485851185,233.6499999,5.322024607522)
  );
#1429 = CARTESIAN_POINT('',(-46.31961169134,233.6499999,5.36377148585));
#1430 = CARTESIAN_POINT('',(-46.30430341393,233.6499999,5.405507815165)
  );
#1431 = CARTESIAN_POINT('',(-46.28893530169,233.6499999,5.447231279567)
  );
#1432 = CARTESIAN_POINT('',(-46.27350897555,233.6499999,5.488941495537)
  );
#1433 = CARTESIAN_POINT('',(-46.22541349958,233.6499999,5.618462871147)
  );
#1434 = CARTESIAN_POINT('',(-46.19255000547,233.6499999,5.70622361158));
#1435 = CARTESIAN_POINT('',(-46.15944875013,233.6499999,5.793915052126)
  );
#1436 = CARTESIAN_POINT('',(-46.12612182511,233.6499999,5.881535679862)
  );
#1437 = CARTESIAN_POINT('',(-46.09257923176,233.6499999,5.969084969973)
  );
#1438 = CARTESIAN_POINT('',(-46.05882932208,233.6499999,6.056563038097)
  );
#1439 = CARTESIAN_POINT('',(-46.02487934536,233.6499999,6.14397115552));
#1440 = CARTESIAN_POINT('',(-45.9424937242,233.6499999,6.354712374069));
#1441 = CARTESIAN_POINT('',(-45.89386558473,233.6499999,6.477975489058)
  );
#1442 = CARTESIAN_POINT('',(-45.84486900536,233.6499999,6.601102942764)
  );
#1443 = CARTESIAN_POINT('',(-45.7955189344,233.6499999,6.724097213017));
#1444 = CARTESIAN_POINT('',(-45.7458280701,233.6499999,6.846960634871));
#1445 = CARTESIAN_POINT('',(-45.69580747357,233.6499999,6.969695433187)
  );
#1446 = CARTESIAN_POINT('',(-45.64546692858,233.6499999,7.09230378476));
#1447 = CARTESIAN_POINT('',(-45.57270567378,233.6499999,7.268251816754)
  );
#1448 = CARTESIAN_POINT('',(-45.5505370033,233.6499999,7.32169201015));
#1449 = CARTESIAN_POINT('',(-45.52830975847,233.6499999,7.37510865113));
#1450 = CARTESIAN_POINT('',(-45.50602463039,233.6499999,7.428501895154)
  );
#1451 = CARTESIAN_POINT('',(-45.48368227968,233.6499999,7.481871892215)
  );
#1452 = CARTESIAN_POINT('',(-45.46128333647,233.6499999,7.53521878684));
#1453 = CARTESIAN_POINT('',(-45.43882840042,233.6499999,7.588542718089)
  );
#1454 = CARTESIAN_POINT('',(-45.40459696268,233.6499999,7.669597546121)
  );
#1455 = CARTESIAN_POINT('',(-45.39279455573,233.6499999,7.697502078309)
  );
#1456 = CARTESIAN_POINT('',(-45.38091066671,233.6499999,7.7255571628));
#1457 = CARTESIAN_POINT('',(-45.3689451425,233.6499999,7.753762546278));
#1458 = CARTESIAN_POINT('',(-45.35689782997,233.6499999,7.782117975425)
  );
#1459 = CARTESIAN_POINT('',(-45.344768576,233.6499999,7.810623196926));
#1460 = CARTESIAN_POINT('',(-45.33255722747,233.6499999,7.839277957461)
  );
#1461 = CARTESIAN_POINT('',(-45.30591033195,233.6499999,7.9017119594));
#1462 = CARTESIAN_POINT('',(-45.29153439186,233.6499999,7.935332419642)
  );
#1463 = CARTESIAN_POINT('',(-45.27713769937,233.6499999,7.968944191504)
  );
#1464 = CARTESIAN_POINT('',(-45.26272118452,233.6499999,8.002547662477)
  );
#1465 = CARTESIAN_POINT('',(-45.24828481901,233.6499999,8.036142800485)
  );
#1466 = CARTESIAN_POINT('',(-45.23382761615,233.6499999,8.069729153876)
  );
#1467 = CARTESIAN_POINT('',(-45.21934763091,233.6499999,8.103305851433)
  );
#1468 = CARTESIAN_POINT('',(-45.18447484778,233.6499999,8.184000577739)
  );
#1469 = CARTESIAN_POINT('',(-45.16388649144,233.6499999,8.231493197164)
  );
#1470 = CARTESIAN_POINT('',(-45.1430767317,233.6499999,8.279348275648));
#1471 = CARTESIAN_POINT('',(-45.12204540939,233.6499999,8.327564628197)
  );
#1472 = CARTESIAN_POINT('',(-45.10079236533,233.6499999,8.376141069819)
  );
#1473 = CARTESIAN_POINT('',(-45.07931744036,233.6499999,8.425076415522)
  );
#1474 = CARTESIAN_POINT('',(-45.05762047529,233.6499999,8.474369480311)
  );
#1475 = CARTESIAN_POINT('',(-45.01378221157,233.6499999,8.573668530995)
  );
#1476 = CARTESIAN_POINT('',(-44.99164055768,233.6499999,8.62367471452));
#1477 = CARTESIAN_POINT('',(-44.96927719996,233.6499999,8.674036541232)
  );
#1478 = CARTESIAN_POINT('',(-44.94669103283,233.6499999,8.724752203825)
  );
#1479 = CARTESIAN_POINT('',(-44.92388164736,233.6499999,8.775820392498)
  );
#1480 = CARTESIAN_POINT('',(-44.90084986602,233.6499999,8.827240542668)
  );
#1481 = CARTESIAN_POINT('',(-44.87759615924,233.6499999,8.879012114126)
  );
#1482 = CARTESIAN_POINT('',(-44.69786896488,233.6499999,9.277982978693)
  );
#1483 = CARTESIAN_POINT('',(-44.53911312629,233.6499999,9.623714459383)
  );
#1484 = CARTESIAN_POINT('',(-44.37790684353,233.6499999,9.968325840985)
  );
#1485 = CARTESIAN_POINT('',(-44.21430546155,233.6499999,10.311816761367)
  );
#1486 = CARTESIAN_POINT('',(-44.04836064325,233.6499999,10.654186994125)
  );
#1487 = CARTESIAN_POINT('',(-43.88011970195,233.6499999,10.995435976271)
  );
#1488 = CARTESIAN_POINT('',(-43.70962587806,233.6499999,11.335562868463)
  );
#1489 = CARTESIAN_POINT('',(-43.46132021592,233.6499999,11.822960682709)
  );
#1490 = CARTESIAN_POINT('',(-43.38529696892,233.6499999,11.971139035146)
  );
#1491 = CARTESIAN_POINT('',(-43.30885319685,233.6499999,12.119102109022)
  );
#1492 = CARTESIAN_POINT('',(-43.231992176,233.6499999,12.266849795032));
#1493 = CARTESIAN_POINT('',(-43.15471708094,233.6499999,12.414381970621)
  );
#1494 = CARTESIAN_POINT('',(-43.07703098444,233.6499999,12.561698499978)
  );
#1495 = CARTESIAN_POINT('',(-42.99893685754,233.6499999,12.708799234039)
  );
#1496 = CARTESIAN_POINT('',(-42.76901106039,233.6499999,13.139027331242)
  );
#1497 = CARTESIAN_POINT('',(-42.61607581328,233.6499999,13.421566323127)
  );
#1498 = CARTESIAN_POINT('',(-42.46166208048,233.6499999,13.703304920068)
  );
#1499 = CARTESIAN_POINT('',(-42.30575549706,233.6499999,13.984223563422)
  );
#1500 = CARTESIAN_POINT('',(-42.14843326474,233.6499999,14.264353264058)
  );
#1501 = CARTESIAN_POINT('',(-41.98968107478,233.6499999,14.543674725917)
  );
#1502 = CARTESIAN_POINT('',(-41.82953483681,233.6499999,14.822197248881)
  );
#1503 = CARTESIAN_POINT('',(-41.39290549021,233.6499999,15.572912238046)
  );
#1504 = CARTESIAN_POINT('',(-41.11379956163,233.6499999,16.04358073716)
  );
#1505 = CARTESIAN_POINT('',(-40.83077549446,233.6499999,16.511921347103)
  );
#1506 = CARTESIAN_POINT('',(-40.54390308901,233.6499999,16.977924152645)
  );
#1507 = CARTESIAN_POINT('',(-40.25324038067,233.6499999,17.441573697398)
  );
#1508 = CARTESIAN_POINT('',(-39.9588365765,233.6499999,17.902850767101)
  );
#1509 = CARTESIAN_POINT('',(-39.6607338184,233.6499999,18.361733466586)
  );
#1510 = CARTESIAN_POINT('',(-39.1962899454,233.6499999,19.064270974498)
  );
#1511 = CARTESIAN_POINT('',(-39.03254642824,233.6499999,19.309640318508)
  );
#1512 = CARTESIAN_POINT('',(-38.86775222513,233.6499999,19.554308021186)
  );
#1513 = CARTESIAN_POINT('',(-38.70188451494,233.6499999,19.798250336095)
  );
#1514 = CARTESIAN_POINT('',(-38.53498777648,233.6499999,20.041490907223)
  );
#1515 = CARTESIAN_POINT('',(-38.36705519123,233.6499999,20.284016327565)
  );
#1516 = CARTESIAN_POINT('',(-38.1981009073,233.6499999,20.525829515651)
  );
#1517 = CARTESIAN_POINT('',(-37.84384272851,233.6499999,21.028339512257)
  );
#1518 = CARTESIAN_POINT('',(-37.65836075022,233.6499999,21.288911029887)
  );
#1519 = CARTESIAN_POINT('',(-37.47169606305,233.6499999,21.548639745148)
  );
#1520 = CARTESIAN_POINT('',(-37.28385739362,233.6499999,21.807522441025)
  );
#1521 = CARTESIAN_POINT('',(-37.09485235424,233.6499999,22.065555169987)
  );
#1522 = CARTESIAN_POINT('',(-36.90468744282,233.6499999,22.322733253986)
  );
#1523 = CARTESIAN_POINT('',(-36.71336804298,233.6499999,22.579051284459)
  );
#1524 = CARTESIAN_POINT('',(-36.19829912291,233.6499999,23.262667238613)
  );
#1525 = CARTESIAN_POINT('',(-35.8724690888,233.6499999,23.688397392859)
  );
#1526 = CARTESIAN_POINT('',(-35.54342980974,233.6499999,24.111666352468)
  );
#1527 = CARTESIAN_POINT('',(-35.21119409273,233.6499999,24.532438797151)
  );
#1528 = CARTESIAN_POINT('',(-34.87577199462,233.6499999,24.950676798352)
  );
#1529 = CARTESIAN_POINT('',(-34.53716797042,233.6499999,25.366337140358)
  );
#1530 = CARTESIAN_POINT('',(-34.19537885973,233.6499999,25.779369375944)
  );
#1531 = CARTESIAN_POINT('',(-33.136226864,233.6499999,27.039244656039));
#1532 = CARTESIAN_POINT('',(-32.4084248622,233.6499999,27.877274250371)
  );
#1533 = CARTESIAN_POINT('',(-31.66723105947,233.6499999,28.703629615775)
  );
#1534 = CARTESIAN_POINT('',(-30.91275081541,233.6499999,29.517970135377)
  );
#1535 = CARTESIAN_POINT('',(-30.14498690967,233.6499999,30.319821560874)
  );
#1536 = CARTESIAN_POINT('',(-29.36385127821,233.6499999,31.108586370802)
  );
#1537 = CARTESIAN_POINT('',(-28.56916169268,233.6499999,31.883540178243)
  );
#1538 = CARTESIAN_POINT('',(-27.69489351024,233.6499999,32.705620429291)
  );
#1539 = CARTESIAN_POINT('',(-27.62907211253,233.6499999,32.767329333406)
  );
#1540 = CARTESIAN_POINT('',(-27.56316019921,233.6499999,32.828941648303)
  );
#1541 = CARTESIAN_POINT('',(-27.49715833663,233.6499999,32.890457646199)
  );
#1542 = CARTESIAN_POINT('',(-27.43106664809,233.6499999,32.951877123566)
  );
#1543 = CARTESIAN_POINT('',(-27.36488481384,233.6499999,33.01319940113)
  );
#1544 = CARTESIAN_POINT('',(-27.29861207106,233.6499999,33.074423323875)
  );
#1545 = CARTESIAN_POINT('',(-26.72042349906,233.6499999,33.606951584321)
  );
#1546 = CARTESIAN_POINT('',(-26.20314684654,233.6499999,34.072428798365)
  );
#1547 = CARTESIAN_POINT('',(-25.68045687491,233.6499999,34.53187041824)
  );
#1548 = CARTESIAN_POINT('',(-25.15237937199,233.6499999,34.985141183152)
  );
#1549 = CARTESIAN_POINT('',(-24.61892637396,233.6499999,35.432079092434)
  );
#1550 = CARTESIAN_POINT('',(-24.08009530033,233.6499999,35.872494344282)
  );
#1551 = CARTESIAN_POINT('',(-23.53586714491,233.6499999,36.30616717725)
  );
#1552 = CARTESIAN_POINT('',(-22.58736023196,233.6499999,37.042447749103)
  );
#1553 = CARTESIAN_POINT('',(-22.18565856889,233.6499999,37.348366090496)
  );
#1554 = CARTESIAN_POINT('',(-21.78109721216,233.6499999,37.650519036851)
  );
#1555 = CARTESIAN_POINT('',(-21.37367187648,233.6499999,37.948815525503)
  );
#1556 = CARTESIAN_POINT('',(-20.9633748324,233.6499999,38.243153072551)
  );
#1557 = CARTESIAN_POINT('',(-20.55019422607,233.6499999,38.533416812445)
  );
#1558 = CARTESIAN_POINT('',(-20.13411339906,233.6499999,38.819478537573)
  );
#1559 = CARTESIAN_POINT('',(-19.56370177567,233.6499999,39.202995343657)
  );
#1560 = CARTESIAN_POINT('',(-19.41191191975,233.6499999,39.30422755504)
  );
#1561 = CARTESIAN_POINT('',(-19.25973964833,233.6499999,39.404885563202)
  );
#1562 = CARTESIAN_POINT('',(-19.10718391853,233.6499999,39.504962280432)
  );
#1563 = CARTESIAN_POINT('',(-18.95424363656,233.6499999,39.604450340104)
  );
#1564 = CARTESIAN_POINT('',(-18.80091765772,233.6499999,39.703342096679)
  );
#1565 = CARTESIAN_POINT('',(-18.64720478641,233.6499999,39.801629625708)
  );
#1566 = CARTESIAN_POINT('',(-17.45263854257,233.6499999,40.55879127478)
  );
#1567 = CARTESIAN_POINT('',(-16.39481222379,233.6499999,41.190185400997)
  );
#1568 = CARTESIAN_POINT('',(-15.31950749115,233.6499999,41.79219833785)
  );
#1569 = CARTESIAN_POINT('',(-14.22674135397,233.6499999,42.362921687571)
  );
#1570 = CARTESIAN_POINT('',(-13.11666442246,233.6499999,42.899825919282)
  );
#1571 = CARTESIAN_POINT('',(-11.98947744274,233.6499999,43.399565063672)
  );
#1572 = CARTESIAN_POINT('',(-10.84538862578,233.6499999,43.857887756414)
  );
#1573 = CARTESIAN_POINT('',(-9.607510688137,233.6499999,44.295740464534)
  );
#1574 = CARTESIAN_POINT('',(-9.530798093952,233.6499999,44.322637134188)
  );
#1575 = CARTESIAN_POINT('',(-9.454024976618,233.6499999,44.349360723343)
  );
#1576 = CARTESIAN_POINT('',(-9.377191332797,233.6499999,44.375908365852)
  );
#1577 = CARTESIAN_POINT('',(-9.300289372826,233.6499999,44.40225642755)
  );
#1578 = CARTESIAN_POINT('',(-9.223310831694,233.6499999,44.428380299114)
  );
#1579 = CARTESIAN_POINT('',(-9.146254280011,233.6499999,44.45427418892)
  );
#1580 = CARTESIAN_POINT('',(-7.97283695187,233.6499999,44.845252707367)
  );
#1581 = CARTESIAN_POINT('',(-6.862814002914,233.6499999,45.16774456485)
  );
#1582 = CARTESIAN_POINT('',(-5.73986981806,233.6499999,45.445194823206)
  );
#1583 = CARTESIAN_POINT('',(-4.605385175167,233.6499999,45.674861504274)
  );
#1584 = CARTESIAN_POINT('',(-3.461330668471,233.6499999,45.853680129472)
  );
#1585 = CARTESIAN_POINT('',(-2.310253833526,233.6499999,45.977913442939)
  );
#1586 = CARTESIAN_POINT('',(-1.155307081348,233.6499999,46.04341927546)
  );
#1587 = CARTESIAN_POINT('',(-2.003836800431E-06,233.6499999,
    46.043584247059));
#1588 = VECTOR('',#1589,1.);
#1589 = DIRECTION('',(-0.,-1.,-0.));
#1590 = DEFINITIONAL_REPRESENTATION('',(#1591),#1595);
#1591 = LINE('',#1592,#1593);
#1592 = CARTESIAN_POINT('',(0.,0.));
#1593 = VECTOR('',#1594,1.);
#1594 = DIRECTION('',(0.,-1.));
#1595 = ( GEOMETRIC_REPRESENTATION_CONTEXT(2) 
PARAMETRIC_REPRESENTATION_CONTEXT() REPRESENTATION_CONTEXT('2D SPACE',''
  ) );
#1596 = ORIENTED_EDGE('',*,*,#1597,.F.);
#1597 = EDGE_CURVE('',#1291,#1394,#1598,.T.);
#1598 = SURFACE_CURVE('',#1599,(#1610,#1617),.PCURVE_S1.);
#1599 = B_SPLINE_CURVE_WITH_KNOTS('',5,(#1600,#1601,#1602,#1603,#1604,
    #1605,#1606,#1607,#1608,#1609),.UNSPECIFIED.,.F.,.F.,(6,4,6),(0.,
    0.489908065189,1.),.UNSPECIFIED.);
#1600 = CARTESIAN_POINT('',(-47.81641775508,233.6499999,0.56373528278));
#1601 = CARTESIAN_POINT('',(-47.70582934908,233.6499999,1.002965490315)
  );
#1602 = CARTESIAN_POINT('',(-47.58911450641,233.6499999,1.440929323662)
  );
#1603 = CARTESIAN_POINT('',(-47.46657826544,233.6499999,1.87756340562));
#1604 = CARTESIAN_POINT('',(-47.33847615524,233.6499999,2.312813966878)
  );
#1605 = CARTESIAN_POINT('',(-47.06608204678,233.6499999,3.198338083502)
  );
#1606 = CARTESIAN_POINT('',(-46.92134089592,233.6499999,3.648490382525)
  );
#1607 = CARTESIAN_POINT('',(-46.77105274814,233.6499999,4.097048430452)
  );
#1608 = CARTESIAN_POINT('',(-46.61542656977,233.6499999,4.543969048713)
  );
#1609 = CARTESIAN_POINT('',(-46.45464250568,233.6499999,4.989216157379)
  );
#1610 = PCURVE('',#1306,#1611);
#1611 = DEFINITIONAL_REPRESENTATION('',(#1612),#1616);
#1612 = LINE('',#1613,#1614);
#1613 = CARTESIAN_POINT('',(0.,0.));
#1614 = VECTOR('',#1615,1.);
#1615 = DIRECTION('',(1.,0.));
#1616 = ( GEOMETRIC_REPRESENTATION_CONTEXT(2) 
PARAMETRIC_REPRESENTATION_CONTEXT() REPRESENTATION_CONTEXT('2D SPACE',''
  ) );
#1617 = PCURVE('',#126,#1618);
#1618 = DEFINITIONAL_REPRESENTATION('',(#1619),#1630);
#1619 = B_SPLINE_CURVE_WITH_KNOTS('',5,(#1620,#1621,#1622,#1623,#1624,
    #1625,#1626,#1627,#1628,#1629),.UNSPECIFIED.,.F.,.F.,(6,4,6),(0.,
    0.489908065189,1.),.UNSPECIFIED.);
#1620 = CARTESIAN_POINT('',(47.818025262973,22.164214572417));
#1621 = CARTESIAN_POINT('',(47.707436856973,21.724984364882));
#1622 = CARTESIAN_POINT('',(47.590722014303,21.287020531535));
#1623 = CARTESIAN_POINT('',(47.468185773333,20.850386449577));
#1624 = CARTESIAN_POINT('',(47.340083663133,20.415135888319));
#1625 = CARTESIAN_POINT('',(47.067689554673,19.529611771695));
#1626 = CARTESIAN_POINT('',(46.922948403813,19.079459472672));
#1627 = CARTESIAN_POINT('',(46.772660256033,18.630901424745));
#1628 = CARTESIAN_POINT('',(46.617034077663,18.183980806484));
#1629 = CARTESIAN_POINT('',(46.456250013573,17.738733697818));
#1630 = ( GEOMETRIC_REPRESENTATION_CONTEXT(2) 
PARAMETRIC_REPRESENTATION_CONTEXT() REPRESENTATION_CONTEXT('2D SPACE',''
  ) );
#1631 = ADVANCED_FACE('',(#1632),#1409,.F.);
#1632 = FACE_BOUND('',#1633,.F.);
#1633 = EDGE_LOOP('',(#1634,#1635,#2006,#2252));
#1634 = ORIENTED_EDGE('',*,*,#1393,.T.);
#1635 = ORIENTED_EDGE('',*,*,#1636,.T.);
#1636 = EDGE_CURVE('',#1357,#1637,#1639,.T.);
#1637 = VERTEX_POINT('',#1638);
#1638 = CARTESIAN_POINT('',(-2.003836799795E-06,239.6499999,
    46.043584247059));
#1639 = SURFACE_CURVE('',#1640,(#1818,#1825),.PCURVE_S1.);
#1640 = B_SPLINE_CURVE_WITH_KNOTS('',8,(#1641,#1642,#1643,#1644,#1645,
    #1646,#1647,#1648,#1649,#1650,#1651,#1652,#1653,#1654,#1655,#1656,
    #1657,#1658,#1659,#1660,#1661,#1662,#1663,#1664,#1665,#1666,#1667,
    #1668,#1669,#1670,#1671,#1672,#1673,#1674,#1675,#1676,#1677,#1678,
    #1679,#1680,#1681,#1682,#1683,#1684,#1685,#1686,#1687,#1688,#1689,
    #1690,#1691,#1692,#1693,#1694,#1695,#1696,#1697,#1698,#1699,#1700,
    #1701,#1702,#1703,#1704,#1705,#1706,#1707,#1708,#1709,#1710,#1711,
    #1712,#1713,#1714,#1715,#1716,#1717,#1718,#1719,#1720,#1721,#1722,
    #1723,#1724,#1725,#1726,#1727,#1728,#1729,#1730,#1731,#1732,#1733,
    #1734,#1735,#1736,#1737,#1738,#1739,#1740,#1741,#1742,#1743,#1744,
    #1745,#1746,#1747,#1748,#1749,#1750,#1751,#1752,#1753,#1754,#1755,
    #1756,#1757,#1758,#1759,#1760,#1761,#1762,#1763,#1764,#1765,#1766,
    #1767,#1768,#1769,#1770,#1771,#1772,#1773,#1774,#1775,#1776,#1777,
    #1778,#1779,#1780,#1781,#1782,#1783,#1784,#1785,#1786,#1787,#1788,
    #1789,#1790,#1791,#1792,#1793,#1794,#1795,#1796,#1797,#1798,#1799,
    #1800,#1801,#1802,#1803,#1804,#1805,#1806,#1807,#1808,#1809,#1810,
    #1811,#1812,#1813,#1814,#1815,#1816,#1817),.UNSPECIFIED.,.F.,.F.,(9,
    7,7,7,7,7,7,7,7,7,7,7,7,7,7,7,7,7,7,7,7,7,7,7,7,9),(0.,
    1.585174852719E-03,3.912786591337E-03,1.018530297868E-02,
    2.339670765995E-02,4.206294554781E-02,5.021069530305E-02,
    5.445320460639E-02,5.940651563095E-02,6.636135700388E-02,
    7.331617777364E-02,0.119598673408,0.139858072929,0.17893881142,
    0.245498447764,0.281379810835,0.320284349918,0.385492444464,
    0.520487198338,0.531461555246,0.616098761739,0.6775127062,
    0.699704873844,0.849542820056,0.85943148885,1.),.UNSPECIFIED.);
#1641 = CARTESIAN_POINT('',(-46.45464250568,239.6499999,4.989216157379)
  );
#1642 = CARTESIAN_POINT('',(-46.45089790999,239.6499999,4.999586171696)
  );
#1643 = CARTESIAN_POINT('',(-46.44715431622,239.6499999,5.010012002419)
  );
#1644 = CARTESIAN_POINT('',(-46.44340850782,239.6499999,5.02046816453));
#1645 = CARTESIAN_POINT('',(-46.43966050868,239.6499999,5.03094514661));
#1646 = CARTESIAN_POINT('',(-46.4359102073,239.6499999,5.041436283367));
#1647 = CARTESIAN_POINT('',(-46.43215699457,239.6499999,5.051936932274)
  );
#1648 = CARTESIAN_POINT('',(-46.42840030359,239.6499999,5.062446798957)
  );
#1649 = CARTESIAN_POINT('',(-46.41911589282,239.6499999,5.088412634966)
  );
#1650 = CARTESIAN_POINT('',(-46.41358488443,239.6499999,5.103873956054)
  );
#1651 = CARTESIAN_POINT('',(-46.40804510765,239.6499999,5.119345174033)
  );
#1652 = CARTESIAN_POINT('',(-46.40249632157,239.6499999,5.134823168968)
  );
#1653 = CARTESIAN_POINT('',(-46.39693849895,239.6499999,5.150305919691)
  );
#1654 = CARTESIAN_POINT('',(-46.39137161582,239.6499999,5.165792011219)
  );
#1655 = CARTESIAN_POINT('',(-46.38579558279,239.6499999,5.181280476048)
  );
#1656 = CARTESIAN_POINT('',(-46.36515898363,239.6499999,5.238515205039)
  );
#1657 = CARTESIAN_POINT('',(-46.35004174647,239.6499999,5.280270706175)
  );
#1658 = CARTESIAN_POINT('',(-46.33485851185,239.6499999,5.322024607522)
  );
#1659 = CARTESIAN_POINT('',(-46.31961169134,239.6499999,5.36377148585));
#1660 = CARTESIAN_POINT('',(-46.30430341393,239.6499999,5.405507815165)
  );
#1661 = CARTESIAN_POINT('',(-46.28893530169,239.6499999,5.447231279567)
  );
#1662 = CARTESIAN_POINT('',(-46.27350897555,239.6499999,5.488941495537)
  );
#1663 = CARTESIAN_POINT('',(-46.22541349958,239.6499999,5.618462871147)
  );
#1664 = CARTESIAN_POINT('',(-46.19255000547,239.6499999,5.70622361158));
#1665 = CARTESIAN_POINT('',(-46.15944875013,239.6499999,5.793915052126)
  );
#1666 = CARTESIAN_POINT('',(-46.12612182511,239.6499999,5.881535679862)
  );
#1667 = CARTESIAN_POINT('',(-46.09257923176,239.6499999,5.969084969973)
  );
#1668 = CARTESIAN_POINT('',(-46.05882932208,239.6499999,6.056563038097)
  );
#1669 = CARTESIAN_POINT('',(-46.02487934536,239.6499999,6.14397115552));
#1670 = CARTESIAN_POINT('',(-45.9424937242,239.6499999,6.354712374069));
#1671 = CARTESIAN_POINT('',(-45.89386558473,239.6499999,6.477975489058)
  );
#1672 = CARTESIAN_POINT('',(-45.84486900536,239.6499999,6.601102942764)
  );
#1673 = CARTESIAN_POINT('',(-45.7955189344,239.6499999,6.724097213017));
#1674 = CARTESIAN_POINT('',(-45.7458280701,239.6499999,6.846960634871));
#1675 = CARTESIAN_POINT('',(-45.69580747357,239.6499999,6.969695433187)
  );
#1676 = CARTESIAN_POINT('',(-45.64546692858,239.6499999,7.09230378476));
#1677 = CARTESIAN_POINT('',(-45.57270567378,239.6499999,7.268251816754)
  );
#1678 = CARTESIAN_POINT('',(-45.5505370033,239.6499999,7.32169201015));
#1679 = CARTESIAN_POINT('',(-45.52830975847,239.6499999,7.37510865113));
#1680 = CARTESIAN_POINT('',(-45.50602463039,239.6499999,7.428501895154)
  );
#1681 = CARTESIAN_POINT('',(-45.48368227968,239.6499999,7.481871892215)
  );
#1682 = CARTESIAN_POINT('',(-45.46128333647,239.6499999,7.53521878684));
#1683 = CARTESIAN_POINT('',(-45.43882840042,239.6499999,7.588542718089)
  );
#1684 = CARTESIAN_POINT('',(-45.40459696268,239.6499999,7.669597546121)
  );
#1685 = CARTESIAN_POINT('',(-45.39279455573,239.6499999,7.697502078309)
  );
#1686 = CARTESIAN_POINT('',(-45.38091066671,239.6499999,7.7255571628));
#1687 = CARTESIAN_POINT('',(-45.3689451425,239.6499999,7.753762546278));
#1688 = CARTESIAN_POINT('',(-45.35689782997,239.6499999,7.782117975425)
  );
#1689 = CARTESIAN_POINT('',(-45.344768576,239.6499999,7.810623196926));
#1690 = CARTESIAN_POINT('',(-45.33255722747,239.6499999,7.839277957461)
  );
#1691 = CARTESIAN_POINT('',(-45.30591033195,239.6499999,7.9017119594));
#1692 = CARTESIAN_POINT('',(-45.29153439186,239.6499999,7.935332419642)
  );
#1693 = CARTESIAN_POINT('',(-45.27713769937,239.6499999,7.968944191504)
  );
#1694 = CARTESIAN_POINT('',(-45.26272118452,239.6499999,8.002547662477)
  );
#1695 = CARTESIAN_POINT('',(-45.24828481901,239.6499999,8.036142800485)
  );
#1696 = CARTESIAN_POINT('',(-45.23382761615,239.6499999,8.069729153876)
  );
#1697 = CARTESIAN_POINT('',(-45.21934763091,239.6499999,8.103305851433)
  );
#1698 = CARTESIAN_POINT('',(-45.18447484778,239.6499999,8.184000577739)
  );
#1699 = CARTESIAN_POINT('',(-45.16388649144,239.6499999,8.231493197164)
  );
#1700 = CARTESIAN_POINT('',(-45.1430767317,239.6499999,8.279348275648));
#1701 = CARTESIAN_POINT('',(-45.12204540939,239.6499999,8.327564628197)
  );
#1702 = CARTESIAN_POINT('',(-45.10079236533,239.6499999,8.376141069819)
  );
#1703 = CARTESIAN_POINT('',(-45.07931744036,239.6499999,8.425076415522)
  );
#1704 = CARTESIAN_POINT('',(-45.05762047529,239.6499999,8.474369480311)
  );
#1705 = CARTESIAN_POINT('',(-45.01378221157,239.6499999,8.573668530995)
  );
#1706 = CARTESIAN_POINT('',(-44.99164055768,239.6499999,8.62367471452));
#1707 = CARTESIAN_POINT('',(-44.96927719996,239.6499999,8.674036541232)
  );
#1708 = CARTESIAN_POINT('',(-44.94669103283,239.6499999,8.724752203825)
  );
#1709 = CARTESIAN_POINT('',(-44.92388164736,239.6499999,8.775820392498)
  );
#1710 = CARTESIAN_POINT('',(-44.90084986602,239.6499999,8.827240542668)
  );
#1711 = CARTESIAN_POINT('',(-44.87759615924,239.6499999,8.879012114126)
  );
#1712 = CARTESIAN_POINT('',(-44.69786896488,239.6499999,9.277982978693)
  );
#1713 = CARTESIAN_POINT('',(-44.53911312629,239.6499999,9.623714459383)
  );
#1714 = CARTESIAN_POINT('',(-44.37790684353,239.6499999,9.968325840985)
  );
#1715 = CARTESIAN_POINT('',(-44.21430546155,239.6499999,10.311816761367)
  );
#1716 = CARTESIAN_POINT('',(-44.04836064325,239.6499999,10.654186994125)
  );
#1717 = CARTESIAN_POINT('',(-43.88011970195,239.6499999,10.995435976271)
  );
#1718 = CARTESIAN_POINT('',(-43.70962587806,239.6499999,11.335562868463)
  );
#1719 = CARTESIAN_POINT('',(-43.46132021592,239.6499999,11.822960682709)
  );
#1720 = CARTESIAN_POINT('',(-43.38529696892,239.6499999,11.971139035146)
  );
#1721 = CARTESIAN_POINT('',(-43.30885319685,239.6499999,12.119102109022)
  );
#1722 = CARTESIAN_POINT('',(-43.231992176,239.6499999,12.266849795032));
#1723 = CARTESIAN_POINT('',(-43.15471708094,239.6499999,12.414381970621)
  );
#1724 = CARTESIAN_POINT('',(-43.07703098444,239.6499999,12.561698499978)
  );
#1725 = CARTESIAN_POINT('',(-42.99893685754,239.6499999,12.708799234039)
  );
#1726 = CARTESIAN_POINT('',(-42.76901106039,239.6499999,13.139027331242)
  );
#1727 = CARTESIAN_POINT('',(-42.61607581328,239.6499999,13.421566323127)
  );
#1728 = CARTESIAN_POINT('',(-42.46166208048,239.6499999,13.703304920068)
  );
#1729 = CARTESIAN_POINT('',(-42.30575549706,239.6499999,13.984223563422)
  );
#1730 = CARTESIAN_POINT('',(-42.14843326474,239.6499999,14.264353264058)
  );
#1731 = CARTESIAN_POINT('',(-41.98968107478,239.6499999,14.543674725917)
  );
#1732 = CARTESIAN_POINT('',(-41.82953483681,239.6499999,14.822197248881)
  );
#1733 = CARTESIAN_POINT('',(-41.39290549021,239.6499999,15.572912238046)
  );
#1734 = CARTESIAN_POINT('',(-41.11379956163,239.6499999,16.04358073716)
  );
#1735 = CARTESIAN_POINT('',(-40.83077549446,239.6499999,16.511921347103)
  );
#1736 = CARTESIAN_POINT('',(-40.54390308901,239.6499999,16.977924152645)
  );
#1737 = CARTESIAN_POINT('',(-40.25324038067,239.6499999,17.441573697398)
  );
#1738 = CARTESIAN_POINT('',(-39.9588365765,239.6499999,17.902850767101)
  );
#1739 = CARTESIAN_POINT('',(-39.6607338184,239.6499999,18.361733466586)
  );
#1740 = CARTESIAN_POINT('',(-39.1962899454,239.6499999,19.064270974498)
  );
#1741 = CARTESIAN_POINT('',(-39.03254642824,239.6499999,19.309640318508)
  );
#1742 = CARTESIAN_POINT('',(-38.86775222513,239.6499999,19.554308021186)
  );
#1743 = CARTESIAN_POINT('',(-38.70188451494,239.6499999,19.798250336095)
  );
#1744 = CARTESIAN_POINT('',(-38.53498777648,239.6499999,20.041490907223)
  );
#1745 = CARTESIAN_POINT('',(-38.36705519123,239.6499999,20.284016327565)
  );
#1746 = CARTESIAN_POINT('',(-38.1981009073,239.6499999,20.525829515651)
  );
#1747 = CARTESIAN_POINT('',(-37.84384272851,239.6499999,21.028339512257)
  );
#1748 = CARTESIAN_POINT('',(-37.65836075022,239.6499999,21.288911029887)
  );
#1749 = CARTESIAN_POINT('',(-37.47169606305,239.6499999,21.548639745148)
  );
#1750 = CARTESIAN_POINT('',(-37.28385739362,239.6499999,21.807522441025)
  );
#1751 = CARTESIAN_POINT('',(-37.09485235424,239.6499999,22.065555169987)
  );
#1752 = CARTESIAN_POINT('',(-36.90468744282,239.6499999,22.322733253986)
  );
#1753 = CARTESIAN_POINT('',(-36.71336804298,239.6499999,22.579051284459)
  );
#1754 = CARTESIAN_POINT('',(-36.19829912291,239.6499999,23.262667238613)
  );
#1755 = CARTESIAN_POINT('',(-35.8724690888,239.6499999,23.688397392859)
  );
#1756 = CARTESIAN_POINT('',(-35.54342980974,239.6499999,24.111666352468)
  );
#1757 = CARTESIAN_POINT('',(-35.21119409273,239.6499999,24.532438797151)
  );
#1758 = CARTESIAN_POINT('',(-34.87577199462,239.6499999,24.950676798352)
  );
#1759 = CARTESIAN_POINT('',(-34.53716797042,239.6499999,25.366337140358)
  );
#1760 = CARTESIAN_POINT('',(-34.19537885973,239.6499999,25.779369375944)
  );
#1761 = CARTESIAN_POINT('',(-33.136226864,239.6499999,27.039244656039));
#1762 = CARTESIAN_POINT('',(-32.4084248622,239.6499999,27.877274250371)
  );
#1763 = CARTESIAN_POINT('',(-31.66723105947,239.6499999,28.703629615775)
  );
#1764 = CARTESIAN_POINT('',(-30.91275081541,239.6499999,29.517970135377)
  );
#1765 = CARTESIAN_POINT('',(-30.14498690967,239.6499999,30.319821560874)
  );
#1766 = CARTESIAN_POINT('',(-29.36385127821,239.6499999,31.108586370802)
  );
#1767 = CARTESIAN_POINT('',(-28.56916169268,239.6499999,31.883540178243)
  );
#1768 = CARTESIAN_POINT('',(-27.69489351024,239.6499999,32.705620429291)
  );
#1769 = CARTESIAN_POINT('',(-27.62907211253,239.6499999,32.767329333406)
  );
#1770 = CARTESIAN_POINT('',(-27.56316019921,239.6499999,32.828941648303)
  );
#1771 = CARTESIAN_POINT('',(-27.49715833663,239.6499999,32.890457646199)
  );
#1772 = CARTESIAN_POINT('',(-27.43106664809,239.6499999,32.951877123566)
  );
#1773 = CARTESIAN_POINT('',(-27.36488481384,239.6499999,33.01319940113)
  );
#1774 = CARTESIAN_POINT('',(-27.29861207106,239.6499999,33.074423323875)
  );
#1775 = CARTESIAN_POINT('',(-26.72042349906,239.6499999,33.606951584321)
  );
#1776 = CARTESIAN_POINT('',(-26.20314684654,239.6499999,34.072428798365)
  );
#1777 = CARTESIAN_POINT('',(-25.68045687491,239.6499999,34.53187041824)
  );
#1778 = CARTESIAN_POINT('',(-25.15237937199,239.6499999,34.985141183152)
  );
#1779 = CARTESIAN_POINT('',(-24.61892637396,239.6499999,35.432079092434)
  );
#1780 = CARTESIAN_POINT('',(-24.08009530033,239.6499999,35.872494344282)
  );
#1781 = CARTESIAN_POINT('',(-23.53586714491,239.6499999,36.30616717725)
  );
#1782 = CARTESIAN_POINT('',(-22.58736023196,239.6499999,37.042447749103)
  );
#1783 = CARTESIAN_POINT('',(-22.18565856889,239.6499999,37.348366090496)
  );
#1784 = CARTESIAN_POINT('',(-21.78109721216,239.6499999,37.650519036851)
  );
#1785 = CARTESIAN_POINT('',(-21.37367187648,239.6499999,37.948815525503)
  );
#1786 = CARTESIAN_POINT('',(-20.9633748324,239.6499999,38.243153072551)
  );
#1787 = CARTESIAN_POINT('',(-20.55019422607,239.6499999,38.533416812445)
  );
#1788 = CARTESIAN_POINT('',(-20.13411339906,239.6499999,38.819478537573)
  );
#1789 = CARTESIAN_POINT('',(-19.56370177567,239.6499999,39.202995343657)
  );
#1790 = CARTESIAN_POINT('',(-19.41191191975,239.6499999,39.30422755504)
  );
#1791 = CARTESIAN_POINT('',(-19.25973964833,239.6499999,39.404885563202)
  );
#1792 = CARTESIAN_POINT('',(-19.10718391853,239.6499999,39.504962280432)
  );
#1793 = CARTESIAN_POINT('',(-18.95424363656,239.6499999,39.604450340104)
  );
#1794 = CARTESIAN_POINT('',(-18.80091765772,239.6499999,39.703342096679)
  );
#1795 = CARTESIAN_POINT('',(-18.64720478641,239.6499999,39.801629625708)
  );
#1796 = CARTESIAN_POINT('',(-17.45263854257,239.6499999,40.55879127478)
  );
#1797 = CARTESIAN_POINT('',(-16.39481222379,239.6499999,41.190185400997)
  );
#1798 = CARTESIAN_POINT('',(-15.31950749115,239.6499999,41.79219833785)
  );
#1799 = CARTESIAN_POINT('',(-14.22674135397,239.6499999,42.362921687571)
  );
#1800 = CARTESIAN_POINT('',(-13.11666442246,239.6499999,42.899825919282)
  );
#1801 = CARTESIAN_POINT('',(-11.98947744274,239.6499999,43.399565063672)
  );
#1802 = CARTESIAN_POINT('',(-10.84538862578,239.6499999,43.857887756414)
  );
#1803 = CARTESIAN_POINT('',(-9.607510688137,239.6499999,44.295740464534)
  );
#1804 = CARTESIAN_POINT('',(-9.530798093952,239.6499999,44.322637134188)
  );
#1805 = CARTESIAN_POINT('',(-9.454024976618,239.6499999,44.349360723343)
  );
#1806 = CARTESIAN_POINT('',(-9.377191332797,239.6499999,44.375908365852)
  );
#1807 = CARTESIAN_POINT('',(-9.300289372826,239.6499999,44.40225642755)
  );
#1808 = CARTESIAN_POINT('',(-9.223310831694,239.6499999,44.428380299114)
  );
#1809 = CARTESIAN_POINT('',(-9.146254280011,239.6499999,44.45427418892)
  );
#1810 = CARTESIAN_POINT('',(-7.97283695187,239.6499999,44.845252707367)
  );
#1811 = CARTESIAN_POINT('',(-6.862814002914,239.6499999,45.16774456485)
  );
#1812 = CARTESIAN_POINT('',(-5.73986981806,239.6499999,45.445194823206)
  );
#1813 = CARTESIAN_POINT('',(-4.605385175167,239.6499999,45.674861504274)
  );
#1814 = CARTESIAN_POINT('',(-3.461330668471,239.6499999,45.853680129472)
  );
#1815 = CARTESIAN_POINT('',(-2.310253833526,239.6499999,45.977913442939)
  );
#1816 = CARTESIAN_POINT('',(-1.155307081348,239.6499999,46.04341927546)
  );
#1817 = CARTESIAN_POINT('',(-2.003836800431E-06,239.6499999,
    46.043584247059));
#1818 = PCURVE('',#1409,#1819);
#1819 = DEFINITIONAL_REPRESENTATION('',(#1820),#1824);
#1820 = LINE('',#1821,#1822);
#1821 = CARTESIAN_POINT('',(0.,-6.));
#1822 = VECTOR('',#1823,1.);
#1823 = DIRECTION('',(1.,0.));
#1824 = ( GEOMETRIC_REPRESENTATION_CONTEXT(2) 
PARAMETRIC_REPRESENTATION_CONTEXT() REPRESENTATION_CONTEXT('2D SPACE',''
  ) );
#1825 = PCURVE('',#72,#1826);
#1826 = DEFINITIONAL_REPRESENTATION('',(#1827),#2005);
#1827 = B_SPLINE_CURVE_WITH_KNOTS('',8,(#1828,#1829,#1830,#1831,#1832,
    #1833,#1834,#1835,#1836,#1837,#1838,#1839,#1840,#1841,#1842,#1843,
    #1844,#1845,#1846,#1847,#1848,#1849,#1850,#1851,#1852,#1853,#1854,
    #1855,#1856,#1857,#1858,#1859,#1860,#1861,#1862,#1863,#1864,#1865,
    #1866,#1867,#1868,#1869,#1870,#1871,#1872,#1873,#1874,#1875,#1876,
    #1877,#1878,#1879,#1880,#1881,#1882,#1883,#1884,#1885,#1886,#1887,
    #1888,#1889,#1890,#1891,#1892,#1893,#1894,#1895,#1896,#1897,#1898,
    #1899,#1900,#1901,#1902,#1903,#1904,#1905,#1906,#1907,#1908,#1909,
    #1910,#1911,#1912,#1913,#1914,#1915,#1916,#1917,#1918,#1919,#1920,
    #1921,#1922,#1923,#1924,#1925,#1926,#1927,#1928,#1929,#1930,#1931,
    #1932,#1933,#1934,#1935,#1936,#1937,#1938,#1939,#1940,#1941,#1942,
    #1943,#1944,#1945,#1946,#1947,#1948,#1949,#1950,#1951,#1952,#1953,
    #1954,#1955,#1956,#1957,#1958,#1959,#1960,#1961,#1962,#1963,#1964,
    #1965,#1966,#1967,#1968,#1969,#1970,#1971,#1972,#1973,#1974,#1975,
    #1976,#1977,#1978,#1979,#1980,#1981,#1982,#1983,#1984,#1985,#1986,
    #1987,#1988,#1989,#1990,#1991,#1992,#1993,#1994,#1995,#1996,#1997,
    #1998,#1999,#2000,#2001,#2002,#2003,#2004),.UNSPECIFIED.,.F.,.F.,(9,
    7,7,7,7,7,7,7,7,7,7,7,7,7,7,7,7,7,7,7,7,7,7,7,7,9),(0.,
    1.585174852719E-03,3.912786591337E-03,1.018530297868E-02,
    2.339670765995E-02,4.206294554781E-02,5.021069530305E-02,
    5.445320460639E-02,5.940651563095E-02,6.636135700388E-02,
    7.331617777364E-02,0.119598673408,0.139858072929,0.17893881142,
    0.245498447764,0.281379810835,0.320284349918,0.385492444464,
    0.520487198338,0.531461555246,0.616098761739,0.6775127062,
    0.699704873844,0.849542820056,0.85943148885,1.),.UNSPECIFIED.);
#1828 = CARTESIAN_POINT('',(46.456250013573,17.738733697818));
#1829 = CARTESIAN_POINT('',(46.452505417883,17.728363683501));
#1830 = CARTESIAN_POINT('',(46.448761824113,17.717937852778));
#1831 = CARTESIAN_POINT('',(46.445016015713,17.707481690667));
#1832 = CARTESIAN_POINT('',(46.441268016573,17.697004708587));
#1833 = CARTESIAN_POINT('',(46.437517715193,17.68651357183));
#1834 = CARTESIAN_POINT('',(46.433764502463,17.676012922923));
#1835 = CARTESIAN_POINT('',(46.430007811483,17.66550305624));
#1836 = CARTESIAN_POINT('',(46.420723400713,17.639537220231));
#1837 = CARTESIAN_POINT('',(46.415192392323,17.624075899143));
#1838 = CARTESIAN_POINT('',(46.409652615543,17.608604681164));
#1839 = CARTESIAN_POINT('',(46.404103829463,17.593126686229));
#1840 = CARTESIAN_POINT('',(46.398546006843,17.577643935506));
#1841 = CARTESIAN_POINT('',(46.392979123713,17.562157843978));
#1842 = CARTESIAN_POINT('',(46.387403090683,17.546669379149));
#1843 = CARTESIAN_POINT('',(46.366766491523,17.489434650158));
#1844 = CARTESIAN_POINT('',(46.351649254363,17.447679149022));
#1845 = CARTESIAN_POINT('',(46.336466019743,17.405925247675));
#1846 = CARTESIAN_POINT('',(46.321219199233,17.364178369347));
#1847 = CARTESIAN_POINT('',(46.305910921823,17.322442040032));
#1848 = CARTESIAN_POINT('',(46.290542809583,17.28071857563));
#1849 = CARTESIAN_POINT('',(46.275116483443,17.23900835966));
#1850 = CARTESIAN_POINT('',(46.227021007473,17.10948698405));
#1851 = CARTESIAN_POINT('',(46.194157513363,17.021726243617));
#1852 = CARTESIAN_POINT('',(46.161056258023,16.934034803071));
#1853 = CARTESIAN_POINT('',(46.127729333003,16.846414175335));
#1854 = CARTESIAN_POINT('',(46.094186739653,16.758864885224));
#1855 = CARTESIAN_POINT('',(46.060436829973,16.6713868171));
#1856 = CARTESIAN_POINT('',(46.026486853253,16.583978699677));
#1857 = CARTESIAN_POINT('',(45.944101232093,16.373237481128));
#1858 = CARTESIAN_POINT('',(45.895473092623,16.249974366139));
#1859 = CARTESIAN_POINT('',(45.846476513253,16.126846912433));
#1860 = CARTESIAN_POINT('',(45.797126442293,16.00385264218));
#1861 = CARTESIAN_POINT('',(45.747435577993,15.880989220326));
#1862 = CARTESIAN_POINT('',(45.697414981463,15.75825442201));
#1863 = CARTESIAN_POINT('',(45.647074436473,15.635646070437));
#1864 = CARTESIAN_POINT('',(45.574313181673,15.459698038443));
#1865 = CARTESIAN_POINT('',(45.552144511193,15.406257845047));
#1866 = CARTESIAN_POINT('',(45.529917266363,15.352841204067));
#1867 = CARTESIAN_POINT('',(45.507632138283,15.299447960043));
#1868 = CARTESIAN_POINT('',(45.485289787573,15.246077962982));
#1869 = CARTESIAN_POINT('',(45.462890844363,15.192731068357));
#1870 = CARTESIAN_POINT('',(45.440435908313,15.139407137108));
#1871 = CARTESIAN_POINT('',(45.406204470573,15.058352309076));
#1872 = CARTESIAN_POINT('',(45.394402063623,15.030447776888));
#1873 = CARTESIAN_POINT('',(45.382518174603,15.002392692397));
#1874 = CARTESIAN_POINT('',(45.370552650393,14.974187308919));
#1875 = CARTESIAN_POINT('',(45.358505337863,14.945831879772));
#1876 = CARTESIAN_POINT('',(45.346376083893,14.917326658271));
#1877 = CARTESIAN_POINT('',(45.334164735363,14.888671897736));
#1878 = CARTESIAN_POINT('',(45.307517839843,14.826237895797));
#1879 = CARTESIAN_POINT('',(45.293141899753,14.792617435555));
#1880 = CARTESIAN_POINT('',(45.278745207263,14.759005663693));
#1881 = CARTESIAN_POINT('',(45.264328692413,14.72540219272));
#1882 = CARTESIAN_POINT('',(45.249892326903,14.691807054712));
#1883 = CARTESIAN_POINT('',(45.235435124043,14.658220701321));
#1884 = CARTESIAN_POINT('',(45.220955138803,14.624644003764));
#1885 = CARTESIAN_POINT('',(45.186082355673,14.543949277458));
#1886 = CARTESIAN_POINT('',(45.165493999333,14.496456658033));
#1887 = CARTESIAN_POINT('',(45.144684239593,14.448601579549));
#1888 = CARTESIAN_POINT('',(45.123652917283,14.400385227));
#1889 = CARTESIAN_POINT('',(45.102399873223,14.351808785378));
#1890 = CARTESIAN_POINT('',(45.080924948253,14.302873439675));
#1891 = CARTESIAN_POINT('',(45.059227983183,14.253580374886));
#1892 = CARTESIAN_POINT('',(45.015389719463,14.154281324202));
#1893 = CARTESIAN_POINT('',(44.993248065573,14.104275140677));
#1894 = CARTESIAN_POINT('',(44.970884707853,14.053913313965));
#1895 = CARTESIAN_POINT('',(44.948298540723,14.003197651372));
#1896 = CARTESIAN_POINT('',(44.925489155253,13.952129462699));
#1897 = CARTESIAN_POINT('',(44.902457373913,13.900709312529));
#1898 = CARTESIAN_POINT('',(44.879203667133,13.848937741071));
#1899 = CARTESIAN_POINT('',(44.699476472773,13.449966876504));
#1900 = CARTESIAN_POINT('',(44.540720634183,13.104235395814));
#1901 = CARTESIAN_POINT('',(44.379514351423,12.759624014212));
#1902 = CARTESIAN_POINT('',(44.215912969443,12.41613309383));
#1903 = CARTESIAN_POINT('',(44.049968151143,12.073762861072));
#1904 = CARTESIAN_POINT('',(43.881727209843,11.732513878926));
#1905 = CARTESIAN_POINT('',(43.711233385953,11.392386986734));
#1906 = CARTESIAN_POINT('',(43.462927723813,10.904989172488));
#1907 = CARTESIAN_POINT('',(43.386904476813,10.756810820051));
#1908 = CARTESIAN_POINT('',(43.310460704743,10.608847746175));
#1909 = CARTESIAN_POINT('',(43.233599683893,10.461100060165));
#1910 = CARTESIAN_POINT('',(43.156324588833,10.313567884576));
#1911 = CARTESIAN_POINT('',(43.078638492333,10.166251355219));
#1912 = CARTESIAN_POINT('',(43.000544365433,10.019150621158));
#1913 = CARTESIAN_POINT('',(42.770618568283,9.588922523955));
#1914 = CARTESIAN_POINT('',(42.617683321173,9.30638353207));
#1915 = CARTESIAN_POINT('',(42.463269588373,9.024644935129));
#1916 = CARTESIAN_POINT('',(42.307363004953,8.743726291775));
#1917 = CARTESIAN_POINT('',(42.150040772633,8.463596591139));
#1918 = CARTESIAN_POINT('',(41.991288582673,8.18427512928));
#1919 = CARTESIAN_POINT('',(41.831142344703,7.905752606316));
#1920 = CARTESIAN_POINT('',(41.394512998103,7.155037617151));
#1921 = CARTESIAN_POINT('',(41.115407069523,6.684369118037));
#1922 = CARTESIAN_POINT('',(40.832383002353,6.216028508094));
#1923 = CARTESIAN_POINT('',(40.545510596903,5.750025702552));
#1924 = CARTESIAN_POINT('',(40.254847888563,5.286376157799));
#1925 = CARTESIAN_POINT('',(39.960444084393,4.825099088096));
#1926 = CARTESIAN_POINT('',(39.662341326293,4.366216388611));
#1927 = CARTESIAN_POINT('',(39.197897453293,3.663678880699));
#1928 = CARTESIAN_POINT('',(39.034153936133,3.418309536689));
#1929 = CARTESIAN_POINT('',(38.869359733023,3.173641834011));
#1930 = CARTESIAN_POINT('',(38.703492022833,2.929699519102));
#1931 = CARTESIAN_POINT('',(38.536595284373,2.686458947974));
#1932 = CARTESIAN_POINT('',(38.368662699123,2.443933527632));
#1933 = CARTESIAN_POINT('',(38.199708415193,2.202120339546));
#1934 = CARTESIAN_POINT('',(37.845450236403,1.69961034294));
#1935 = CARTESIAN_POINT('',(37.659968258113,1.43903882531));
#1936 = CARTESIAN_POINT('',(37.473303570943,1.179310110049));
#1937 = CARTESIAN_POINT('',(37.285464901513,0.920427414172));
#1938 = CARTESIAN_POINT('',(37.096459862133,0.66239468521));
#1939 = CARTESIAN_POINT('',(36.906294950713,0.405216601211));
#1940 = CARTESIAN_POINT('',(36.714975550873,0.148898570738));
#1941 = CARTESIAN_POINT('',(36.199906630803,-0.534717383416));
#1942 = CARTESIAN_POINT('',(35.874076596693,-0.960447537662));
#1943 = CARTESIAN_POINT('',(35.545037317633,-1.383716497271));
#1944 = CARTESIAN_POINT('',(35.212801600623,-1.804488941954));
#1945 = CARTESIAN_POINT('',(34.877379502513,-2.222726943155));
#1946 = CARTESIAN_POINT('',(34.538775478313,-2.638387285161));
#1947 = CARTESIAN_POINT('',(34.196986367623,-3.051419520747));
#1948 = CARTESIAN_POINT('',(33.137834371893,-4.311294800842));
#1949 = CARTESIAN_POINT('',(32.410032370093,-5.149324395174));
#1950 = CARTESIAN_POINT('',(31.668838567363,-5.975679760578));
#1951 = CARTESIAN_POINT('',(30.914358323303,-6.79002028018));
#1952 = CARTESIAN_POINT('',(30.146594417563,-7.591871705677));
#1953 = CARTESIAN_POINT('',(29.365458786103,-8.380636515605));
#1954 = CARTESIAN_POINT('',(28.570769200573,-9.155590323046));
#1955 = CARTESIAN_POINT('',(27.696501018133,-9.977670574094));
#1956 = CARTESIAN_POINT('',(27.630679620423,-10.0393794782));
#1957 = CARTESIAN_POINT('',(27.564767707103,-10.1009917931));
#1958 = CARTESIAN_POINT('',(27.498765844523,-10.162507791));
#1959 = CARTESIAN_POINT('',(27.432674155983,-10.22392726836));
#1960 = CARTESIAN_POINT('',(27.366492321733,-10.28524954593));
#1961 = CARTESIAN_POINT('',(27.300219578953,-10.34647346867));
#1962 = CARTESIAN_POINT('',(26.722031006953,-10.87900172912));
#1963 = CARTESIAN_POINT('',(26.204754354433,-11.34447894316));
#1964 = CARTESIAN_POINT('',(25.682064382803,-11.80392056304));
#1965 = CARTESIAN_POINT('',(25.153986879883,-12.25719132795));
#1966 = CARTESIAN_POINT('',(24.620533881853,-12.70412923723));
#1967 = CARTESIAN_POINT('',(24.081702808223,-13.14454448908));
#1968 = CARTESIAN_POINT('',(23.537474652803,-13.57821732205));
#1969 = CARTESIAN_POINT('',(22.588967739853,-14.3144978939));
#1970 = CARTESIAN_POINT('',(22.187266076783,-14.62041623529));
#1971 = CARTESIAN_POINT('',(21.782704720053,-14.92256918165));
#1972 = CARTESIAN_POINT('',(21.375279384373,-15.2208656703));
#1973 = CARTESIAN_POINT('',(20.964982340293,-15.51520321735));
#1974 = CARTESIAN_POINT('',(20.551801733963,-15.80546695724));
#1975 = CARTESIAN_POINT('',(20.135720906953,-16.09152868237));
#1976 = CARTESIAN_POINT('',(19.565309283563,-16.47504548846));
#1977 = CARTESIAN_POINT('',(19.413519427643,-16.57627769984));
#1978 = CARTESIAN_POINT('',(19.261347156223,-16.676935708));
#1979 = CARTESIAN_POINT('',(19.108791426423,-16.77701242523));
#1980 = CARTESIAN_POINT('',(18.955851144453,-16.8765004849));
#1981 = CARTESIAN_POINT('',(18.802525165613,-16.97539224148));
#1982 = CARTESIAN_POINT('',(18.648812294303,-17.07367977051));
#1983 = CARTESIAN_POINT('',(17.454246050463,-17.83084141958));
#1984 = CARTESIAN_POINT('',(16.396419731683,-18.4622355458));
#1985 = CARTESIAN_POINT('',(15.321114999043,-19.06424848265));
#1986 = CARTESIAN_POINT('',(14.228348861863,-19.63497183237));
#1987 = CARTESIAN_POINT('',(13.118271930353,-20.17187606408));
#1988 = CARTESIAN_POINT('',(11.991084950633,-20.67161520847));
#1989 = CARTESIAN_POINT('',(10.846996133673,-21.12993790121));
#1990 = CARTESIAN_POINT('',(9.60911819603,-21.56779060933));
#1991 = CARTESIAN_POINT('',(9.532405601845,-21.59468727899));
#1992 = CARTESIAN_POINT('',(9.455632484511,-21.62141086814));
#1993 = CARTESIAN_POINT('',(9.37879884069,-21.64795851065));
#1994 = CARTESIAN_POINT('',(9.301896880719,-21.67430657235));
#1995 = CARTESIAN_POINT('',(9.224918339587,-21.70043044391));
#1996 = CARTESIAN_POINT('',(9.147861787904,-21.72632433372));
#1997 = CARTESIAN_POINT('',(7.974444459763,-22.11730285217));
#1998 = CARTESIAN_POINT('',(6.864421510807,-22.43979470965));
#1999 = CARTESIAN_POINT('',(5.741477325953,-22.717244968));
#2000 = CARTESIAN_POINT('',(4.60699268306,-22.94691164907));
#2001 = CARTESIAN_POINT('',(3.462938176364,-23.12573027427));
#2002 = CARTESIAN_POINT('',(2.311861341419,-23.24996358774));
#2003 = CARTESIAN_POINT('',(1.156914589241,-23.31546942026));
#2004 = CARTESIAN_POINT('',(1.609511729743E-03,-23.31563439186));
#2005 = ( GEOMETRIC_REPRESENTATION_CONTEXT(2) 
PARAMETRIC_REPRESENTATION_CONTEXT() REPRESENTATION_CONTEXT('2D SPACE',''
  ) );
#2006 = ORIENTED_EDGE('',*,*,#2007,.F.);
#2007 = EDGE_CURVE('',#2008,#1637,#2010,.T.);
#2008 = VERTEX_POINT('',#2009);
#2009 = CARTESIAN_POINT('',(-2.003836799795E-06,233.6499999,
    46.043584247059));
#2010 = SURFACE_CURVE('',#2011,(#2015,#2022),.PCURVE_S1.);
#2011 = LINE('',#2012,#2013);
#2012 = CARTESIAN_POINT('',(-2.003836799795E-06,233.6499999,
    46.043584247059));
#2013 = VECTOR('',#2014,1.);
#2014 = DIRECTION('',(0.,1.,0.));
#2015 = PCURVE('',#1409,#2016);
#2016 = DEFINITIONAL_REPRESENTATION('',(#2017),#2021);
#2017 = LINE('',#2018,#2019);
#2018 = CARTESIAN_POINT('',(1.,0.));
#2019 = VECTOR('',#2020,1.);
#2020 = DIRECTION('',(0.,-1.));
#2021 = ( GEOMETRIC_REPRESENTATION_CONTEXT(2) 
PARAMETRIC_REPRESENTATION_CONTEXT() REPRESENTATION_CONTEXT('2D SPACE',''
  ) );
#2022 = PCURVE('',#2023,#2246);
#2023 = SURFACE_OF_LINEAR_EXTRUSION('',#2024,#2244);
#2024 = B_SPLINE_CURVE_WITH_KNOTS('',8,(#2025,#2026,#2027,#2028,#2029,
    #2030,#2031,#2032,#2033,#2034,#2035,#2036,#2037,#2038,#2039,#2040,
    #2041,#2042,#2043,#2044,#2045,#2046,#2047,#2048,#2049,#2050,#2051,
    #2052,#2053,#2054,#2055,#2056,#2057,#2058,#2059,#2060,#2061,#2062,
    #2063,#2064,#2065,#2066,#2067,#2068,#2069,#2070,#2071,#2072,#2073,
    #2074,#2075,#2076,#2077,#2078,#2079,#2080,#2081,#2082,#2083,#2084,
    #2085,#2086,#2087,#2088,#2089,#2090,#2091,#2092,#2093,#2094,#2095,
    #2096,#2097,#2098,#2099,#2100,#2101,#2102,#2103,#2104,#2105,#2106,
    #2107,#2108,#2109,#2110,#2111,#2112,#2113,#2114,#2115,#2116,#2117,
    #2118,#2119,#2120,#2121,#2122,#2123,#2124,#2125,#2126,#2127,#2128,
    #2129,#2130,#2131,#2132,#2133,#2134,#2135,#2136,#2137,#2138,#2139,
    #2140,#2141,#2142,#2143,#2144,#2145,#2146,#2147,#2148,#2149,#2150,
    #2151,#2152,#2153,#2154,#2155,#2156,#2157,#2158,#2159,#2160,#2161,
    #2162,#2163,#2164,#2165,#2166,#2167,#2168,#2169,#2170,#2171,#2172,
    #2173,#2174,#2175,#2176,#2177,#2178,#2179,#2180,#2181,#2182,#2183,
    #2184,#2185,#2186,#2187,#2188,#2189,#2190,#2191,#2192,#2193,#2194,
    #2195,#2196,#2197,#2198,#2199,#2200,#2201,#2202,#2203,#2204,#2205,
    #2206,#2207,#2208,#2209,#2210,#2211,#2212,#2213,#2214,#2215,#2216,
    #2217,#2218,#2219,#2220,#2221,#2222,#2223,#2224,#2225,#2226,#2227,
    #2228,#2229,#2230,#2231,#2232,#2233,#2234,#2235,#2236,#2237,#2238,
    #2239,#2240,#2241,#2242,#2243),.UNSPECIFIED.,.F.,.F.,(9,7,7,7,7,7,7,
    7,7,7,7,7,7,7,7,7,7,7,7,7,7,7,7,7,7,7,7,7,7,7,7,9),(0.,
    7.108945752077E-02,0.110250126567,0.130854547801,0.14188082447,
    0.153002522232,0.160850741088,0.232472370261,0.290281782642,
    0.312347713187,0.393927906713,0.434978577621,0.455620280813,
    0.466641140096,0.477661946886,0.494187994436,0.61091896381,
    0.648870467407,0.686965484188,0.726031359278,0.758659016551,
    0.811761190223,0.847212027128,0.871639505853,0.934959154578,
    0.93933167904,0.943560011007,0.970866418193,0.98960058458,
    0.996089591582,0.99837556297,1.),.UNSPECIFIED.);
#2025 = CARTESIAN_POINT('',(-2.003836800318E-06,233.6499999,
    46.043584247059));
#2026 = CARTESIAN_POINT('',(0.565041410904,233.6499999,46.04365826973));
#2027 = CARTESIAN_POINT('',(1.130070664766,233.6499999,46.028093057889)
  );
#2028 = CARTESIAN_POINT('',(1.694617808222,233.6499999,45.997657129318)
  );
#2029 = CARTESIAN_POINT('',(2.258259564935,233.6499999,45.952989692897)
  );
#2030 = CARTESIAN_POINT('',(2.820620011969,233.6499999,45.894643807594)
  );
#2031 = CARTESIAN_POINT('',(3.381372381964,233.6499999,45.823114175901)
  );
#2032 = CARTESIAN_POINT('',(3.9402399873,233.6499999,45.738849571702));
#2033 = CARTESIAN_POINT('',(4.803693618255,233.6499999,45.589036559777)
  );
#2034 = CARTESIAN_POINT('',(5.109742236561,233.6499999,45.532081665134)
  );
#2035 = CARTESIAN_POINT('',(5.415099671757,233.6499999,45.471453416663)
  );
#2036 = CARTESIAN_POINT('',(5.7197254279,233.6499999,45.40721687358));
#2037 = CARTESIAN_POINT('',(6.023581025131,233.6499999,45.33943426576));
#2038 = CARTESIAN_POINT('',(6.326630062307,233.6499999,45.268165303196)
  );
#2039 = CARTESIAN_POINT('',(6.628838279648,233.6499999,45.193467485464)
  );
#2040 = CARTESIAN_POINT('',(7.088721482389,233.6499999,45.074319245239)
  );
#2041 = CARTESIAN_POINT('',(7.247027581343,233.6499999,45.032308275897)
  );
#2042 = CARTESIAN_POINT('',(7.405087178647,233.6499999,44.989371594783)
  );
#2043 = CARTESIAN_POINT('',(7.562895658188,233.6499999,44.945517167565)
  );
#2044 = CARTESIAN_POINT('',(7.720448527325,233.6499999,44.900752833951)
  );
#2045 = CARTESIAN_POINT('',(7.877741416889,233.6499999,44.855086307686)
  );
#2046 = CARTESIAN_POINT('',(8.034770081181,233.6499999,44.808525176552)
  );
#2047 = CARTESIAN_POINT('',(8.275419316963,233.6499999,44.735685371465)
  );
#2048 = CARTESIAN_POINT('',(8.359440462796,233.6499999,44.70997650295));
#2049 = CARTESIAN_POINT('',(8.44359282194,233.6499999,44.683949139004));
#2050 = CARTESIAN_POINT('',(8.52787538086,233.6499999,44.657602121805));
#2051 = CARTESIAN_POINT('',(8.612287126023,233.6499999,44.630934293529)
  );
#2052 = CARTESIAN_POINT('',(8.696827043893,233.6499999,44.603944496353)
  );
#2053 = CARTESIAN_POINT('',(8.781494120937,233.6499999,44.576631572454)
  );
#2054 = CARTESIAN_POINT('',(8.951814364511,233.6499999,44.521117983928)
  );
#2055 = CARTESIAN_POINT('',(9.03726043658,233.6499999,44.492989954758));
#2056 = CARTESIAN_POINT('',(9.122611771628,233.6499999,44.464576028339)
  );
#2057 = CARTESIAN_POINT('',(9.20788215348,233.6499999,44.435919264144));
#2058 = CARTESIAN_POINT('',(9.293074356711,233.6499999,44.407030833986)
  );
#2059 = CARTESIAN_POINT('',(9.378172543312,233.6499999,44.377868492387)
  );
#2060 = CARTESIAN_POINT('',(9.463165637323,233.6499999,44.348402712604)
  );
#2061 = CARTESIAN_POINT('',(9.608038266706,233.6499999,44.2978599955));
#2062 = CARTESIAN_POINT('',(9.668031777132,233.6499999,44.276810437541)
  );
#2063 = CARTESIAN_POINT('',(9.728081334006,233.6499999,44.255607238444)
  );
#2064 = CARTESIAN_POINT('',(9.788186064264,233.6499999,44.23424055431));
#2065 = CARTESIAN_POINT('',(9.848345096443,233.6499999,44.212705273347)
  );
#2066 = CARTESIAN_POINT('',(9.908557560685,233.6499999,44.191001015873)
  );
#2067 = CARTESIAN_POINT('',(9.968822588734,233.6499999,44.169132134312)
  );
#2068 = CARTESIAN_POINT('',(10.579580401871,233.6499999,43.946116258866)
  );
#2069 = CARTESIAN_POINT('',(11.126182883115,233.6499999,43.734644270921)
  );
#2070 = CARTESIAN_POINT('',(11.668935589984,233.6499999,43.513323824292)
  );
#2071 = CARTESIAN_POINT('',(12.207820036476,233.6499999,43.282696583498)
  );
#2072 = CARTESIAN_POINT('',(12.74281787654,233.6499999,43.043231463886)
  );
#2073 = CARTESIAN_POINT('',(13.273916247155,233.6499999,42.795337231446)
  );
#2074 = CARTESIAN_POINT('',(13.801110996237,233.6499999,42.539370041199)
  );
#2075 = CARTESIAN_POINT('',(14.746786911947,233.6499999,42.062762860531)
  );
#2076 = CARTESIAN_POINT('',(15.166617136705,233.6499999,41.844834677182)
  );
#2077 = CARTESIAN_POINT('',(15.583895585667,233.6499999,41.622015544003)
  );
#2078 = CARTESIAN_POINT('',(15.9986165475,233.6499999,41.394453812386));
#2079 = CARTESIAN_POINT('',(16.410772218679,233.6499999,41.162283364642)
  );
#2080 = CARTESIAN_POINT('',(16.820353438664,233.6499999,40.925624973407)
  );
#2081 = CARTESIAN_POINT('',(17.227350425072,233.6499999,40.684587661051)
  );
#2082 = CARTESIAN_POINT('',(17.786114710453,233.6499999,40.3456320001));
#2083 = CARTESIAN_POINT('',(17.940098082001,233.6499999,40.251370749787)
  );
#2084 = CARTESIAN_POINT('',(18.093701611716,233.6499999,40.156490057515)
  );
#2085 = CARTESIAN_POINT('',(18.246927059254,233.6499999,40.060998847468)
  );
#2086 = CARTESIAN_POINT('',(18.399772130878,233.6499999,39.964900056695)
  );
#2087 = CARTESIAN_POINT('',(18.552234279291,233.6499999,39.868195984481)
  );
#2088 = CARTESIAN_POINT('',(18.704315564584,233.6499999,39.770895408511)
  );
#2089 = CARTESIAN_POINT('',(19.416878795653,233.6499999,39.311106090063)
  );
#2090 = CARTESIAN_POINT('',(19.972553111126,233.6499999,38.941177217961)
  );
#2091 = CARTESIAN_POINT('',(20.523118234739,233.6499999,38.563616507674)
  );
#2092 = CARTESIAN_POINT('',(21.068631592522,233.6499999,38.178767136682)
  );
#2093 = CARTESIAN_POINT('',(21.609135974993,233.6499999,37.78692747928)
  );
#2094 = CARTESIAN_POINT('',(22.144663308089,233.6499999,37.388356468223)
  );
#2095 = CARTESIAN_POINT('',(22.675236981042,233.6499999,36.983276898007)
  );
#2096 = CARTESIAN_POINT('',(23.465369532003,233.6499999,36.36486250799)
  );
#2097 = CARTESIAN_POINT('',(23.728614625261,233.6499999,36.156249133892)
  );
#2098 = CARTESIAN_POINT('',(23.990609184177,233.6499999,35.946061015803)
  );
#2099 = CARTESIAN_POINT('',(24.25135351763,233.6499999,35.734320966833)
  );
#2100 = CARTESIAN_POINT('',(24.510847070168,233.6499999,35.521050144882)
  );
#2101 = CARTESIAN_POINT('',(24.769088422009,233.6499999,35.306268052635)
  );
#2102 = CARTESIAN_POINT('',(25.026075289037,233.6499999,35.089992537567)
  );
#2103 = CARTESIAN_POINT('',(25.410394064073,233.6499999,34.762746147993)
  );
#2104 = CARTESIAN_POINT('',(25.538665605065,233.6499999,34.652879034284)
  );
#2105 = CARTESIAN_POINT('',(25.666618740193,233.6499999,34.542640531814)
  );
#2106 = CARTESIAN_POINT('',(25.794253003698,233.6499999,34.432032633124)
  );
#2107 = CARTESIAN_POINT('',(25.921567869653,233.6499999,34.32105724229)
  );
#2108 = CARTESIAN_POINT('',(26.048562751961,233.6499999,34.209716174929)
  );
#2109 = CARTESIAN_POINT('',(26.175237004358,233.6499999,34.098011158198)
  );
#2110 = CARTESIAN_POINT('',(26.369051296777,233.6499999,33.926109705955)
  );
#2111 = CARTESIAN_POINT('',(26.436429488351,233.6499999,33.866164835818)
  );
#2112 = CARTESIAN_POINT('',(26.503723618093,233.6499999,33.806110072144)
  );
#2113 = CARTESIAN_POINT('',(26.570932808964,233.6499999,33.7459462667));
#2114 = CARTESIAN_POINT('',(26.638056183923,233.6499999,33.685674271248)
  );
#2115 = CARTESIAN_POINT('',(26.705092865933,233.6499999,33.625294937555)
  );
#2116 = CARTESIAN_POINT('',(26.772041977953,233.6499999,33.564809117383)
  );
#2117 = CARTESIAN_POINT('',(26.905762989474,233.6499999,33.443626496212)
  );
#2118 = CARTESIAN_POINT('',(26.97253625264,233.6499999,33.382929893542)
  );
#2119 = CARTESIAN_POINT('',(27.039219833488,233.6499999,33.322128143124)
  );
#2120 = CARTESIAN_POINT('',(27.105812043419,233.6499999,33.261221880519)
  );
#2121 = CARTESIAN_POINT('',(27.172312104192,233.6499999,33.20021208822)
  );
#2122 = CARTESIAN_POINT('',(27.23872014792,233.6499999,33.139100095644)
  );
#2123 = CARTESIAN_POINT('',(27.305037217072,233.6499999,33.07788757914)
  );
#2124 = CARTESIAN_POINT('',(27.470576311405,233.6499999,32.924638757056)
  );
#2125 = CARTESIAN_POINT('',(27.569686013119,233.6499999,32.832483422069)
  );
#2126 = CARTESIAN_POINT('',(27.668588738085,233.6499999,32.740105892181)
  );
#2127 = CARTESIAN_POINT('',(27.767280723671,233.6499999,32.647502729096)
  );
#2128 = CARTESIAN_POINT('',(27.865774313282,233.6499999,32.55468893487)
  );
#2129 = CARTESIAN_POINT('',(27.964058067919,233.6499999,32.461652836862)
  );
#2130 = CARTESIAN_POINT('',(28.062139244402,233.6499999,32.368403692302)
  );
#2131 = CARTESIAN_POINT('',(28.851364004551,233.6499999,31.614767571191)
  );
#2132 = CARTESIAN_POINT('',(29.532519679912,233.6499999,30.943943679824)
  );
#2133 = CARTESIAN_POINT('',(30.203647845372,233.6499999,30.26299299895)
  );
#2134 = CARTESIAN_POINT('',(30.8648529663,233.6499999,29.572361803621));
#2135 = CARTESIAN_POINT('',(31.516186543272,233.6499999,28.872425537725)
  );
#2136 = CARTESIAN_POINT('',(32.157648322397,233.6499999,28.163490129581)
  );
#2137 = CARTESIAN_POINT('',(32.789181337604,233.6499999,27.445787555009)
  );
#2138 = CARTESIAN_POINT('',(33.612715814579,233.6499999,26.483324299755)
  );
#2139 = CARTESIAN_POINT('',(33.813707319756,233.6499999,26.246273053208)
  );
#2140 = CARTESIAN_POINT('',(34.01363146626,233.6499999,26.008318944888)
  );
#2141 = CARTESIAN_POINT('',(34.212470069248,233.6499999,25.76945505532)
  );
#2142 = CARTESIAN_POINT('',(34.410255130418,233.6499999,25.529719111612)
  );
#2143 = CARTESIAN_POINT('',(34.606960099195,233.6499999,25.289097068552)
  );
#2144 = CARTESIAN_POINT('',(34.802598465508,233.6499999,25.047610320559)
  );
#2145 = CARTESIAN_POINT('',(35.192467330428,233.6499999,24.561999936929)
  );
#2146 = CARTESIAN_POINT('',(35.386690288211,233.6499999,24.317870282428)
  );
#2147 = CARTESIAN_POINT('',(35.57983308804,233.6499999,24.072882846314)
  );
#2148 = CARTESIAN_POINT('',(35.771894255127,233.6499999,23.827045522717)
  );
#2149 = CARTESIAN_POINT('',(35.962871647548,233.6499999,23.580365634996)
  );
#2150 = CARTESIAN_POINT('',(36.152762456247,233.6499999,23.332849935746)
  );
#2151 = CARTESIAN_POINT('',(36.341563205033,233.6499999,23.084504606791)
  );
#2152 = CARTESIAN_POINT('',(36.721760030983,233.6499999,22.579815786238)
  );
#2153 = CARTESIAN_POINT('',(36.913099403702,233.6499999,22.32342973955)
  );
#2154 = CARTESIAN_POINT('',(37.103283510676,233.6499999,22.066183198054)
  );
#2155 = CARTESIAN_POINT('',(37.29230686611,233.6499999,21.808081504058)
  );
#2156 = CARTESIAN_POINT('',(37.480162856473,233.6499999,21.549129263243)
  );
#2157 = CARTESIAN_POINT('',(37.666843740501,233.6499999,21.289330344666)
  );
#2158 = CARTESIAN_POINT('',(37.852340649197,233.6499999,21.028687880761)
  );
#2159 = CARTESIAN_POINT('',(38.1905726361,233.6499999,20.548814235075));
#2160 = CARTESIAN_POINT('',(38.343668576173,233.6499999,20.329837192006)
  );
#2161 = CARTESIAN_POINT('',(38.495927198751,233.6499999,20.110275878729)
  );
#2162 = CARTESIAN_POINT('',(38.647334339084,233.6499999,19.89012590833)
  );
#2163 = CARTESIAN_POINT('',(38.797900946655,233.6499999,19.669400808416)
  );
#2164 = CARTESIAN_POINT('',(38.947589290524,233.6499999,19.448080236453)
  );
#2165 = CARTESIAN_POINT('',(39.09641736244,233.6499999,19.226182238113)
  );
#2166 = CARTESIAN_POINT('',(39.485177354531,233.6499999,18.641619692909)
  );
#2167 = CARTESIAN_POINT('',(39.723675208703,233.6499999,18.278002507271)
  );
#2168 = CARTESIAN_POINT('',(39.959850243301,233.6499999,17.912866372222)
  );
#2169 = CARTESIAN_POINT('',(40.193682710136,233.6499999,17.54622308343)
  );
#2170 = CARTESIAN_POINT('',(40.42515017711,233.6499999,17.178083273193)
  );
#2171 = CARTESIAN_POINT('',(40.654226920325,233.6499999,16.808456034877)
  );
#2172 = CARTESIAN_POINT('',(40.880883316199,233.6499999,16.437348547356)
  );
#2173 = CARTESIAN_POINT('',(41.254761697978,233.6499999,15.816030612711)
  );
#2174 = CARTESIAN_POINT('',(41.403344132197,233.6499999,15.566638131846)
  );
#2175 = CARTESIAN_POINT('',(41.55082227775,233.6499999,15.316589654481)
  );
#2176 = CARTESIAN_POINT('',(41.697184903373,233.6499999,15.065886273084)
  );
#2177 = CARTESIAN_POINT('',(41.842419578885,233.6499999,14.814528646336)
  );
#2178 = CARTESIAN_POINT('',(41.986512449035,233.6499999,14.562516870506)
  );
#2179 = CARTESIAN_POINT('',(42.129448007356,233.6499999,14.309850350818)
  );
#2180 = CARTESIAN_POINT('',(42.368889510562,233.6499999,13.881975113054)
  );
#2181 = CARTESIAN_POINT('',(42.466012270526,233.6499999,13.707110944928)
  );
#2182 = CARTESIAN_POINT('',(42.562572536749,233.6499999,13.531935425472)
  );
#2183 = CARTESIAN_POINT('',(42.658560434936,233.6499999,13.356445846731)
  );
#2184 = CARTESIAN_POINT('',(42.753973039448,233.6499999,13.180643469001)
  );
#2185 = CARTESIAN_POINT('',(42.848808250479,233.6499999,13.004530110584)
  );
#2186 = CARTESIAN_POINT('',(42.943058015843,233.6499999,12.828104342037)
  );
#2187 = CARTESIAN_POINT('',(43.279500637843,233.6499999,12.193238426751)
  );
#2188 = CARTESIAN_POINT('',(43.518321202936,233.6499999,11.733018106173)
  );
#2189 = CARTESIAN_POINT('',(43.753092264989,233.6499999,11.270708979534)
  );
#2190 = CARTESIAN_POINT('',(43.98371477451,233.6499999,10.806313469681)
  );
#2191 = CARTESIAN_POINT('',(44.210080460194,233.6499999,10.339834772666)
  );
#2192 = CARTESIAN_POINT('',(44.432066663999,233.6499999,9.871274341669)
  );
#2193 = CARTESIAN_POINT('',(44.649534020276,233.6499999,9.400631104823)
  );
#2194 = CARTESIAN_POINT('',(44.87703186071,233.6499999,8.895263916327));
#2195 = CARTESIAN_POINT('',(44.891706618798,233.6499999,8.862611060929)
  );
#2196 = CARTESIAN_POINT('',(44.906361413014,233.6499999,8.829949331299)
  );
#2197 = CARTESIAN_POINT('',(44.920995346911,233.6499999,8.797278353515)
  );
#2198 = CARTESIAN_POINT('',(44.93560629951,233.6499999,8.764597207881));
#2199 = CARTESIAN_POINT('',(44.950190925306,233.6499999,8.731904428929)
  );
#2200 = CARTESIAN_POINT('',(44.964744654264,233.6499999,8.699198005417)
  );
#2201 = CARTESIAN_POINT('',(44.993300001843,233.6499999,8.634831847421)
  );
#2202 = CARTESIAN_POINT('',(45.007311512561,233.6499999,8.603176510252)
  );
#2203 = CARTESIAN_POINT('',(45.021301456293,233.6499999,8.571511734412)
  );
#2204 = CARTESIAN_POINT('',(45.035273363058,233.6499999,8.539839118899)
  );
#2205 = CARTESIAN_POINT('',(45.049229060579,233.6499999,8.508159496123)
  );
#2206 = CARTESIAN_POINT('',(45.063168674282,233.6499999,8.476472931908)
  );
#2207 = CARTESIAN_POINT('',(45.077090627296,233.6499999,8.44477872549));
#2208 = CARTESIAN_POINT('',(45.180763855229,233.6499999,8.20833659953));
#2209 = CARTESIAN_POINT('',(45.269754549212,233.6499999,8.003261161712)
  );
#2210 = CARTESIAN_POINT('',(45.357939917805,233.6499999,7.797842610824)
  );
#2211 = CARTESIAN_POINT('',(45.445292243705,233.6499999,7.592074185009)
  );
#2212 = CARTESIAN_POINT('',(45.531779866968,233.6499999,7.385948675355)
  );
#2213 = CARTESIAN_POINT('',(45.617365786066,233.6499999,7.179457979592)
  );
#2214 = CARTESIAN_POINT('',(45.702004889955,233.6499999,6.972592379949)
  );
#2215 = CARTESIAN_POINT('',(45.843019420923,233.6499999,6.623149140352)
  );
#2216 = CARTESIAN_POINT('',(45.89992500825,233.6499999,6.480779817932));
#2217 = CARTESIAN_POINT('',(45.956339056178,233.6499999,6.338224588561)
  );
#2218 = CARTESIAN_POINT('',(46.012240702795,233.6499999,6.195478862032)
  );
#2219 = CARTESIAN_POINT('',(46.067603353498,233.6499999,6.052537209268)
  );
#2220 = CARTESIAN_POINT('',(46.122396379175,233.6499999,5.909399739251)
  );
#2221 = CARTESIAN_POINT('',(46.176577819295,233.6499999,5.766062559496)
  );
#2222 = CARTESIAN_POINT('',(46.248632987212,233.6499999,5.572822946371)
  );
#2223 = CARTESIAN_POINT('',(46.267089928819,233.6499999,5.523088391794)
  );
#2224 = CARTESIAN_POINT('',(46.285465050979,233.6499999,5.473332293963)
  );
#2225 = CARTESIAN_POINT('',(46.303755891574,233.6499999,5.42355470696));
#2226 = CARTESIAN_POINT('',(46.321960115466,233.6499999,5.373758102501)
  );
#2227 = CARTESIAN_POINT('',(46.340074631871,233.6499999,5.323946260464)
  );
#2228 = CARTESIAN_POINT('',(46.358095862368,233.6499999,5.274125042977)
  );
#2229 = CARTESIAN_POINT('',(46.382340061355,233.6499999,5.206760812082)
  );
#2230 = CARTESIAN_POINT('',(46.388644229639,233.6499999,5.189213008984)
  );
#2231 = CARTESIAN_POINT('',(46.394936797307,233.6499999,5.171666813646)
  );
#2232 = CARTESIAN_POINT('',(46.401217902587,233.6499999,5.154123239111)
  );
#2233 = CARTESIAN_POINT('',(46.407487623863,233.6499999,5.136583767485)
  );
#2234 = CARTESIAN_POINT('',(46.413746071734,233.6499999,5.119050524048)
  );
#2235 = CARTESIAN_POINT('',(46.419993678947,233.6499999,5.101526827956)
  );
#2236 = CARTESIAN_POINT('',(46.430664487878,233.6499999,5.071576234042)
  );
#2237 = CARTESIAN_POINT('',(46.435090769855,233.6499999,5.059146372157)
  );
#2238 = CARTESIAN_POINT('',(46.439512666717,233.6499999,5.046727368888)
  );
#2239 = CARTESIAN_POINT('',(46.44393101788,233.6499999,5.034317981007));
#2240 = CARTESIAN_POINT('',(46.448347297511,233.6499999,5.021924929574)
  );
#2241 = CARTESIAN_POINT('',(46.452761959814,233.6499999,5.009557374725)
  );
#2242 = CARTESIAN_POINT('',(46.457174960959,233.6499999,4.99722744615));
#2243 = CARTESIAN_POINT('',(46.461594216965,233.6499999,4.984976452657)
  );
#2244 = VECTOR('',#2245,1.);
#2245 = DIRECTION('',(-0.,-1.,-0.));
#2246 = DEFINITIONAL_REPRESENTATION('',(#2247),#2251);
#2247 = LINE('',#2248,#2249);
#2248 = CARTESIAN_POINT('',(0.,0.));
#2249 = VECTOR('',#2250,1.);
#2250 = DIRECTION('',(0.,-1.));
#2251 = ( GEOMETRIC_REPRESENTATION_CONTEXT(2) 
PARAMETRIC_REPRESENTATION_CONTEXT() REPRESENTATION_CONTEXT('2D SPACE',''
  ) );
#2252 = ORIENTED_EDGE('',*,*,#2253,.F.);
#2253 = EDGE_CURVE('',#1394,#2008,#2254,.T.);
#2254 = SURFACE_CURVE('',#2255,(#2433,#2440),.PCURVE_S1.);
#2255 = B_SPLINE_CURVE_WITH_KNOTS('',8,(#2256,#2257,#2258,#2259,#2260,
    #2261,#2262,#2263,#2264,#2265,#2266,#2267,#2268,#2269,#2270,#2271,
    #2272,#2273,#2274,#2275,#2276,#2277,#2278,#2279,#2280,#2281,#2282,
    #2283,#2284,#2285,#2286,#2287,#2288,#2289,#2290,#2291,#2292,#2293,
    #2294,#2295,#2296,#2297,#2298,#2299,#2300,#2301,#2302,#2303,#2304,
    #2305,#2306,#2307,#2308,#2309,#2310,#2311,#2312,#2313,#2314,#2315,
    #2316,#2317,#2318,#2319,#2320,#2321,#2322,#2323,#2324,#2325,#2326,
    #2327,#2328,#2329,#2330,#2331,#2332,#2333,#2334,#2335,#2336,#2337,
    #2338,#2339,#2340,#2341,#2342,#2343,#2344,#2345,#2346,#2347,#2348,
    #2349,#2350,#2351,#2352,#2353,#2354,#2355,#2356,#2357,#2358,#2359,
    #2360,#2361,#2362,#2363,#2364,#2365,#2366,#2367,#2368,#2369,#2370,
    #2371,#2372,#2373,#2374,#2375,#2376,#2377,#2378,#2379,#2380,#2381,
    #2382,#2383,#2384,#2385,#2386,#2387,#2388,#2389,#2390,#2391,#2392,
    #2393,#2394,#2395,#2396,#2397,#2398,#2399,#2400,#2401,#2402,#2403,
    #2404,#2405,#2406,#2407,#2408,#2409,#2410,#2411,#2412,#2413,#2414,
    #2415,#2416,#2417,#2418,#2419,#2420,#2421,#2422,#2423,#2424,#2425,
    #2426,#2427,#2428,#2429,#2430,#2431,#2432),.UNSPECIFIED.,.F.,.F.,(9,
    7,7,7,7,7,7,7,7,7,7,7,7,7,7,7,7,7,7,7,7,7,7,7,7,9),(0.,
    1.585174852719E-03,3.912786591337E-03,1.018530297868E-02,
    2.339670765995E-02,4.206294554781E-02,5.021069530305E-02,
    5.445320460639E-02,5.940651563095E-02,6.636135700388E-02,
    7.331617777364E-02,0.119598673408,0.139858072929,0.17893881142,
    0.245498447764,0.281379810835,0.320284349918,0.385492444464,
    0.520487198338,0.531461555246,0.616098761739,0.6775127062,
    0.699704873844,0.849542820056,0.85943148885,1.),.UNSPECIFIED.);
#2256 = CARTESIAN_POINT('',(-46.45464250568,233.6499999,4.989216157379)
  );
#2257 = CARTESIAN_POINT('',(-46.45089790999,233.6499999,4.999586171696)
  );
#2258 = CARTESIAN_POINT('',(-46.44715431622,233.6499999,5.010012002419)
  );
#2259 = CARTESIAN_POINT('',(-46.44340850782,233.6499999,5.02046816453));
#2260 = CARTESIAN_POINT('',(-46.43966050868,233.6499999,5.03094514661));
#2261 = CARTESIAN_POINT('',(-46.4359102073,233.6499999,5.041436283367));
#2262 = CARTESIAN_POINT('',(-46.43215699457,233.6499999,5.051936932274)
  );
#2263 = CARTESIAN_POINT('',(-46.42840030359,233.6499999,5.062446798957)
  );
#2264 = CARTESIAN_POINT('',(-46.41911589282,233.6499999,5.088412634966)
  );
#2265 = CARTESIAN_POINT('',(-46.41358488443,233.6499999,5.103873956054)
  );
#2266 = CARTESIAN_POINT('',(-46.40804510765,233.6499999,5.119345174033)
  );
#2267 = CARTESIAN_POINT('',(-46.40249632157,233.6499999,5.134823168968)
  );
#2268 = CARTESIAN_POINT('',(-46.39693849895,233.6499999,5.150305919691)
  );
#2269 = CARTESIAN_POINT('',(-46.39137161582,233.6499999,5.165792011219)
  );
#2270 = CARTESIAN_POINT('',(-46.38579558279,233.6499999,5.181280476048)
  );
#2271 = CARTESIAN_POINT('',(-46.36515898363,233.6499999,5.238515205039)
  );
#2272 = CARTESIAN_POINT('',(-46.35004174647,233.6499999,5.280270706175)
  );
#2273 = CARTESIAN_POINT('',(-46.33485851185,233.6499999,5.322024607522)
  );
#2274 = CARTESIAN_POINT('',(-46.31961169134,233.6499999,5.36377148585));
#2275 = CARTESIAN_POINT('',(-46.30430341393,233.6499999,5.405507815165)
  );
#2276 = CARTESIAN_POINT('',(-46.28893530169,233.6499999,5.447231279567)
  );
#2277 = CARTESIAN_POINT('',(-46.27350897555,233.6499999,5.488941495537)
  );
#2278 = CARTESIAN_POINT('',(-46.22541349958,233.6499999,5.618462871147)
  );
#2279 = CARTESIAN_POINT('',(-46.19255000547,233.6499999,5.70622361158));
#2280 = CARTESIAN_POINT('',(-46.15944875013,233.6499999,5.793915052126)
  );
#2281 = CARTESIAN_POINT('',(-46.12612182511,233.6499999,5.881535679862)
  );
#2282 = CARTESIAN_POINT('',(-46.09257923176,233.6499999,5.969084969973)
  );
#2283 = CARTESIAN_POINT('',(-46.05882932208,233.6499999,6.056563038097)
  );
#2284 = CARTESIAN_POINT('',(-46.02487934536,233.6499999,6.14397115552));
#2285 = CARTESIAN_POINT('',(-45.9424937242,233.6499999,6.354712374069));
#2286 = CARTESIAN_POINT('',(-45.89386558473,233.6499999,6.477975489058)
  );
#2287 = CARTESIAN_POINT('',(-45.84486900536,233.6499999,6.601102942764)
  );
#2288 = CARTESIAN_POINT('',(-45.7955189344,233.6499999,6.724097213017));
#2289 = CARTESIAN_POINT('',(-45.7458280701,233.6499999,6.846960634871));
#2290 = CARTESIAN_POINT('',(-45.69580747357,233.6499999,6.969695433187)
  );
#2291 = CARTESIAN_POINT('',(-45.64546692858,233.6499999,7.09230378476));
#2292 = CARTESIAN_POINT('',(-45.57270567378,233.6499999,7.268251816754)
  );
#2293 = CARTESIAN_POINT('',(-45.5505370033,233.6499999,7.32169201015));
#2294 = CARTESIAN_POINT('',(-45.52830975847,233.6499999,7.37510865113));
#2295 = CARTESIAN_POINT('',(-45.50602463039,233.6499999,7.428501895154)
  );
#2296 = CARTESIAN_POINT('',(-45.48368227968,233.6499999,7.481871892215)
  );
#2297 = CARTESIAN_POINT('',(-45.46128333647,233.6499999,7.53521878684));
#2298 = CARTESIAN_POINT('',(-45.43882840042,233.6499999,7.588542718089)
  );
#2299 = CARTESIAN_POINT('',(-45.40459696268,233.6499999,7.669597546121)
  );
#2300 = CARTESIAN_POINT('',(-45.39279455573,233.6499999,7.697502078309)
  );
#2301 = CARTESIAN_POINT('',(-45.38091066671,233.6499999,7.7255571628));
#2302 = CARTESIAN_POINT('',(-45.3689451425,233.6499999,7.753762546278));
#2303 = CARTESIAN_POINT('',(-45.35689782997,233.6499999,7.782117975425)
  );
#2304 = CARTESIAN_POINT('',(-45.344768576,233.6499999,7.810623196926));
#2305 = CARTESIAN_POINT('',(-45.33255722747,233.6499999,7.839277957461)
  );
#2306 = CARTESIAN_POINT('',(-45.30591033195,233.6499999,7.9017119594));
#2307 = CARTESIAN_POINT('',(-45.29153439186,233.6499999,7.935332419642)
  );
#2308 = CARTESIAN_POINT('',(-45.27713769937,233.6499999,7.968944191504)
  );
#2309 = CARTESIAN_POINT('',(-45.26272118452,233.6499999,8.002547662477)
  );
#2310 = CARTESIAN_POINT('',(-45.24828481901,233.6499999,8.036142800485)
  );
#2311 = CARTESIAN_POINT('',(-45.23382761615,233.6499999,8.069729153876)
  );
#2312 = CARTESIAN_POINT('',(-45.21934763091,233.6499999,8.103305851433)
  );
#2313 = CARTESIAN_POINT('',(-45.18447484778,233.6499999,8.184000577739)
  );
#2314 = CARTESIAN_POINT('',(-45.16388649144,233.6499999,8.231493197164)
  );
#2315 = CARTESIAN_POINT('',(-45.1430767317,233.6499999,8.279348275648));
#2316 = CARTESIAN_POINT('',(-45.12204540939,233.6499999,8.327564628197)
  );
#2317 = CARTESIAN_POINT('',(-45.10079236533,233.6499999,8.376141069819)
  );
#2318 = CARTESIAN_POINT('',(-45.07931744036,233.6499999,8.425076415522)
  );
#2319 = CARTESIAN_POINT('',(-45.05762047529,233.6499999,8.474369480311)
  );
#2320 = CARTESIAN_POINT('',(-45.01378221157,233.6499999,8.573668530995)
  );
#2321 = CARTESIAN_POINT('',(-44.99164055768,233.6499999,8.62367471452));
#2322 = CARTESIAN_POINT('',(-44.96927719996,233.6499999,8.674036541232)
  );
#2323 = CARTESIAN_POINT('',(-44.94669103283,233.6499999,8.724752203825)
  );
#2324 = CARTESIAN_POINT('',(-44.92388164736,233.6499999,8.775820392498)
  );
#2325 = CARTESIAN_POINT('',(-44.90084986602,233.6499999,8.827240542668)
  );
#2326 = CARTESIAN_POINT('',(-44.87759615924,233.6499999,8.879012114126)
  );
#2327 = CARTESIAN_POINT('',(-44.69786896488,233.6499999,9.277982978693)
  );
#2328 = CARTESIAN_POINT('',(-44.53911312629,233.6499999,9.623714459383)
  );
#2329 = CARTESIAN_POINT('',(-44.37790684353,233.6499999,9.968325840985)
  );
#2330 = CARTESIAN_POINT('',(-44.21430546155,233.6499999,10.311816761367)
  );
#2331 = CARTESIAN_POINT('',(-44.04836064325,233.6499999,10.654186994125)
  );
#2332 = CARTESIAN_POINT('',(-43.88011970195,233.6499999,10.995435976271)
  );
#2333 = CARTESIAN_POINT('',(-43.70962587806,233.6499999,11.335562868463)
  );
#2334 = CARTESIAN_POINT('',(-43.46132021592,233.6499999,11.822960682709)
  );
#2335 = CARTESIAN_POINT('',(-43.38529696892,233.6499999,11.971139035146)
  );
#2336 = CARTESIAN_POINT('',(-43.30885319685,233.6499999,12.119102109022)
  );
#2337 = CARTESIAN_POINT('',(-43.231992176,233.6499999,12.266849795032));
#2338 = CARTESIAN_POINT('',(-43.15471708094,233.6499999,12.414381970621)
  );
#2339 = CARTESIAN_POINT('',(-43.07703098444,233.6499999,12.561698499978)
  );
#2340 = CARTESIAN_POINT('',(-42.99893685754,233.6499999,12.708799234039)
  );
#2341 = CARTESIAN_POINT('',(-42.76901106039,233.6499999,13.139027331242)
  );
#2342 = CARTESIAN_POINT('',(-42.61607581328,233.6499999,13.421566323127)
  );
#2343 = CARTESIAN_POINT('',(-42.46166208048,233.6499999,13.703304920068)
  );
#2344 = CARTESIAN_POINT('',(-42.30575549706,233.6499999,13.984223563422)
  );
#2345 = CARTESIAN_POINT('',(-42.14843326474,233.6499999,14.264353264058)
  );
#2346 = CARTESIAN_POINT('',(-41.98968107478,233.6499999,14.543674725917)
  );
#2347 = CARTESIAN_POINT('',(-41.82953483681,233.6499999,14.822197248881)
  );
#2348 = CARTESIAN_POINT('',(-41.39290549021,233.6499999,15.572912238046)
  );
#2349 = CARTESIAN_POINT('',(-41.11379956163,233.6499999,16.04358073716)
  );
#2350 = CARTESIAN_POINT('',(-40.83077549446,233.6499999,16.511921347103)
  );
#2351 = CARTESIAN_POINT('',(-40.54390308901,233.6499999,16.977924152645)
  );
#2352 = CARTESIAN_POINT('',(-40.25324038067,233.6499999,17.441573697398)
  );
#2353 = CARTESIAN_POINT('',(-39.9588365765,233.6499999,17.902850767101)
  );
#2354 = CARTESIAN_POINT('',(-39.6607338184,233.6499999,18.361733466586)
  );
#2355 = CARTESIAN_POINT('',(-39.1962899454,233.6499999,19.064270974498)
  );
#2356 = CARTESIAN_POINT('',(-39.03254642824,233.6499999,19.309640318508)
  );
#2357 = CARTESIAN_POINT('',(-38.86775222513,233.6499999,19.554308021186)
  );
#2358 = CARTESIAN_POINT('',(-38.70188451494,233.6499999,19.798250336095)
  );
#2359 = CARTESIAN_POINT('',(-38.53498777648,233.6499999,20.041490907223)
  );
#2360 = CARTESIAN_POINT('',(-38.36705519123,233.6499999,20.284016327565)
  );
#2361 = CARTESIAN_POINT('',(-38.1981009073,233.6499999,20.525829515651)
  );
#2362 = CARTESIAN_POINT('',(-37.84384272851,233.6499999,21.028339512257)
  );
#2363 = CARTESIAN_POINT('',(-37.65836075022,233.6499999,21.288911029887)
  );
#2364 = CARTESIAN_POINT('',(-37.47169606305,233.6499999,21.548639745148)
  );
#2365 = CARTESIAN_POINT('',(-37.28385739362,233.6499999,21.807522441025)
  );
#2366 = CARTESIAN_POINT('',(-37.09485235424,233.6499999,22.065555169987)
  );
#2367 = CARTESIAN_POINT('',(-36.90468744282,233.6499999,22.322733253986)
  );
#2368 = CARTESIAN_POINT('',(-36.71336804298,233.6499999,22.579051284459)
  );
#2369 = CARTESIAN_POINT('',(-36.19829912291,233.6499999,23.262667238613)
  );
#2370 = CARTESIAN_POINT('',(-35.8724690888,233.6499999,23.688397392859)
  );
#2371 = CARTESIAN_POINT('',(-35.54342980974,233.6499999,24.111666352468)
  );
#2372 = CARTESIAN_POINT('',(-35.21119409273,233.6499999,24.532438797151)
  );
#2373 = CARTESIAN_POINT('',(-34.87577199462,233.6499999,24.950676798352)
  );
#2374 = CARTESIAN_POINT('',(-34.53716797042,233.6499999,25.366337140358)
  );
#2375 = CARTESIAN_POINT('',(-34.19537885973,233.6499999,25.779369375944)
  );
#2376 = CARTESIAN_POINT('',(-33.136226864,233.6499999,27.039244656039));
#2377 = CARTESIAN_POINT('',(-32.4084248622,233.6499999,27.877274250371)
  );
#2378 = CARTESIAN_POINT('',(-31.66723105947,233.6499999,28.703629615775)
  );
#2379 = CARTESIAN_POINT('',(-30.91275081541,233.6499999,29.517970135377)
  );
#2380 = CARTESIAN_POINT('',(-30.14498690967,233.6499999,30.319821560874)
  );
#2381 = CARTESIAN_POINT('',(-29.36385127821,233.6499999,31.108586370802)
  );
#2382 = CARTESIAN_POINT('',(-28.56916169268,233.6499999,31.883540178243)
  );
#2383 = CARTESIAN_POINT('',(-27.69489351024,233.6499999,32.705620429291)
  );
#2384 = CARTESIAN_POINT('',(-27.62907211253,233.6499999,32.767329333406)
  );
#2385 = CARTESIAN_POINT('',(-27.56316019921,233.6499999,32.828941648303)
  );
#2386 = CARTESIAN_POINT('',(-27.49715833663,233.6499999,32.890457646199)
  );
#2387 = CARTESIAN_POINT('',(-27.43106664809,233.6499999,32.951877123566)
  );
#2388 = CARTESIAN_POINT('',(-27.36488481384,233.6499999,33.01319940113)
  );
#2389 = CARTESIAN_POINT('',(-27.29861207106,233.6499999,33.074423323875)
  );
#2390 = CARTESIAN_POINT('',(-26.72042349906,233.6499999,33.606951584321)
  );
#2391 = CARTESIAN_POINT('',(-26.20314684654,233.6499999,34.072428798365)
  );
#2392 = CARTESIAN_POINT('',(-25.68045687491,233.6499999,34.53187041824)
  );
#2393 = CARTESIAN_POINT('',(-25.15237937199,233.6499999,34.985141183152)
  );
#2394 = CARTESIAN_POINT('',(-24.61892637396,233.6499999,35.432079092434)
  );
#2395 = CARTESIAN_POINT('',(-24.08009530033,233.6499999,35.872494344282)
  );
#2396 = CARTESIAN_POINT('',(-23.53586714491,233.6499999,36.30616717725)
  );
#2397 = CARTESIAN_POINT('',(-22.58736023196,233.6499999,37.042447749103)
  );
#2398 = CARTESIAN_POINT('',(-22.18565856889,233.6499999,37.348366090496)
  );
#2399 = CARTESIAN_POINT('',(-21.78109721216,233.6499999,37.650519036851)
  );
#2400 = CARTESIAN_POINT('',(-21.37367187648,233.6499999,37.948815525503)
  );
#2401 = CARTESIAN_POINT('',(-20.9633748324,233.6499999,38.243153072551)
  );
#2402 = CARTESIAN_POINT('',(-20.55019422607,233.6499999,38.533416812445)
  );
#2403 = CARTESIAN_POINT('',(-20.13411339906,233.6499999,38.819478537573)
  );
#2404 = CARTESIAN_POINT('',(-19.56370177567,233.6499999,39.202995343657)
  );
#2405 = CARTESIAN_POINT('',(-19.41191191975,233.6499999,39.30422755504)
  );
#2406 = CARTESIAN_POINT('',(-19.25973964833,233.6499999,39.404885563202)
  );
#2407 = CARTESIAN_POINT('',(-19.10718391853,233.6499999,39.504962280432)
  );
#2408 = CARTESIAN_POINT('',(-18.95424363656,233.6499999,39.604450340104)
  );
#2409 = CARTESIAN_POINT('',(-18.80091765772,233.6499999,39.703342096679)
  );
#2410 = CARTESIAN_POINT('',(-18.64720478641,233.6499999,39.801629625708)
  );
#2411 = CARTESIAN_POINT('',(-17.45263854257,233.6499999,40.55879127478)
  );
#2412 = CARTESIAN_POINT('',(-16.39481222379,233.6499999,41.190185400997)
  );
#2413 = CARTESIAN_POINT('',(-15.31950749115,233.6499999,41.79219833785)
  );
#2414 = CARTESIAN_POINT('',(-14.22674135397,233.6499999,42.362921687571)
  );
#2415 = CARTESIAN_POINT('',(-13.11666442246,233.6499999,42.899825919282)
  );
#2416 = CARTESIAN_POINT('',(-11.98947744274,233.6499999,43.399565063672)
  );
#2417 = CARTESIAN_POINT('',(-10.84538862578,233.6499999,43.857887756414)
  );
#2418 = CARTESIAN_POINT('',(-9.607510688137,233.6499999,44.295740464534)
  );
#2419 = CARTESIAN_POINT('',(-9.530798093952,233.6499999,44.322637134188)
  );
#2420 = CARTESIAN_POINT('',(-9.454024976618,233.6499999,44.349360723343)
  );
#2421 = CARTESIAN_POINT('',(-9.377191332797,233.6499999,44.375908365852)
  );
#2422 = CARTESIAN_POINT('',(-9.300289372826,233.6499999,44.40225642755)
  );
#2423 = CARTESIAN_POINT('',(-9.223310831694,233.6499999,44.428380299114)
  );
#2424 = CARTESIAN_POINT('',(-9.146254280011,233.6499999,44.45427418892)
  );
#2425 = CARTESIAN_POINT('',(-7.97283695187,233.6499999,44.845252707367)
  );
#2426 = CARTESIAN_POINT('',(-6.862814002914,233.6499999,45.16774456485)
  );
#2427 = CARTESIAN_POINT('',(-5.73986981806,233.6499999,45.445194823206)
  );
#2428 = CARTESIAN_POINT('',(-4.605385175167,233.6499999,45.674861504274)
  );
#2429 = CARTESIAN_POINT('',(-3.461330668471,233.6499999,45.853680129472)
  );
#2430 = CARTESIAN_POINT('',(-2.310253833526,233.6499999,45.977913442939)
  );
#2431 = CARTESIAN_POINT('',(-1.155307081348,233.6499999,46.04341927546)
  );
#2432 = CARTESIAN_POINT('',(-2.003836800431E-06,233.6499999,
    46.043584247059));
#2433 = PCURVE('',#1409,#2434);
#2434 = DEFINITIONAL_REPRESENTATION('',(#2435),#2439);
#2435 = LINE('',#2436,#2437);
#2436 = CARTESIAN_POINT('',(0.,0.));
#2437 = VECTOR('',#2438,1.);
#2438 = DIRECTION('',(1.,0.));
#2439 = ( GEOMETRIC_REPRESENTATION_CONTEXT(2) 
PARAMETRIC_REPRESENTATION_CONTEXT() REPRESENTATION_CONTEXT('2D SPACE',''
  ) );
#2440 = PCURVE('',#126,#2441);
#2441 = DEFINITIONAL_REPRESENTATION('',(#2442),#2620);
#2442 = B_SPLINE_CURVE_WITH_KNOTS('',8,(#2443,#2444,#2445,#2446,#2447,
    #2448,#2449,#2450,#2451,#2452,#2453,#2454,#2455,#2456,#2457,#2458,
    #2459,#2460,#2461,#2462,#2463,#2464,#2465,#2466,#2467,#2468,#2469,
    #2470,#2471,#2472,#2473,#2474,#2475,#2476,#2477,#2478,#2479,#2480,
    #2481,#2482,#2483,#2484,#2485,#2486,#2487,#2488,#2489,#2490,#2491,
    #2492,#2493,#2494,#2495,#2496,#2497,#2498,#2499,#2500,#2501,#2502,
    #2503,#2504,#2505,#2506,#2507,#2508,#2509,#2510,#2511,#2512,#2513,
    #2514,#2515,#2516,#2517,#2518,#2519,#2520,#2521,#2522,#2523,#2524,
    #2525,#2526,#2527,#2528,#2529,#2530,#2531,#2532,#2533,#2534,#2535,
    #2536,#2537,#2538,#2539,#2540,#2541,#2542,#2543,#2544,#2545,#2546,
    #2547,#2548,#2549,#2550,#2551,#2552,#2553,#2554,#2555,#2556,#2557,
    #2558,#2559,#2560,#2561,#2562,#2563,#2564,#2565,#2566,#2567,#2568,
    #2569,#2570,#2571,#2572,#2573,#2574,#2575,#2576,#2577,#2578,#2579,
    #2580,#2581,#2582,#2583,#2584,#2585,#2586,#2587,#2588,#2589,#2590,
    #2591,#2592,#2593,#2594,#2595,#2596,#2597,#2598,#2599,#2600,#2601,
    #2602,#2603,#2604,#2605,#2606,#2607,#2608,#2609,#2610,#2611,#2612,
    #2613,#2614,#2615,#2616,#2617,#2618,#2619),.UNSPECIFIED.,.F.,.F.,(9,
    7,7,7,7,7,7,7,7,7,7,7,7,7,7,7,7,7,7,7,7,7,7,7,7,9),(0.,
    1.585174852719E-03,3.912786591337E-03,1.018530297868E-02,
    2.339670765995E-02,4.206294554781E-02,5.021069530305E-02,
    5.445320460639E-02,5.940651563095E-02,6.636135700388E-02,
    7.331617777364E-02,0.119598673408,0.139858072929,0.17893881142,
    0.245498447764,0.281379810835,0.320284349918,0.385492444464,
    0.520487198338,0.531461555246,0.616098761739,0.6775127062,
    0.699704873844,0.849542820056,0.85943148885,1.),.UNSPECIFIED.);
#2443 = CARTESIAN_POINT('',(46.456250013573,17.738733697818));
#2444 = CARTESIAN_POINT('',(46.452505417883,17.728363683501));
#2445 = CARTESIAN_POINT('',(46.448761824113,17.717937852778));
#2446 = CARTESIAN_POINT('',(46.445016015713,17.707481690667));
#2447 = CARTESIAN_POINT('',(46.441268016573,17.697004708587));
#2448 = CARTESIAN_POINT('',(46.437517715193,17.68651357183));
#2449 = CARTESIAN_POINT('',(46.433764502463,17.676012922923));
#2450 = CARTESIAN_POINT('',(46.430007811483,17.66550305624));
#2451 = CARTESIAN_POINT('',(46.420723400713,17.639537220231));
#2452 = CARTESIAN_POINT('',(46.415192392323,17.624075899143));
#2453 = CARTESIAN_POINT('',(46.409652615543,17.608604681164));
#2454 = CARTESIAN_POINT('',(46.404103829463,17.593126686229));
#2455 = CARTESIAN_POINT('',(46.398546006843,17.577643935506));
#2456 = CARTESIAN_POINT('',(46.392979123713,17.562157843978));
#2457 = CARTESIAN_POINT('',(46.387403090683,17.546669379149));
#2458 = CARTESIAN_POINT('',(46.366766491523,17.489434650158));
#2459 = CARTESIAN_POINT('',(46.351649254363,17.447679149022));
#2460 = CARTESIAN_POINT('',(46.336466019743,17.405925247675));
#2461 = CARTESIAN_POINT('',(46.321219199233,17.364178369347));
#2462 = CARTESIAN_POINT('',(46.305910921823,17.322442040032));
#2463 = CARTESIAN_POINT('',(46.290542809583,17.28071857563));
#2464 = CARTESIAN_POINT('',(46.275116483443,17.23900835966));
#2465 = CARTESIAN_POINT('',(46.227021007473,17.10948698405));
#2466 = CARTESIAN_POINT('',(46.194157513363,17.021726243617));
#2467 = CARTESIAN_POINT('',(46.161056258023,16.934034803071));
#2468 = CARTESIAN_POINT('',(46.127729333003,16.846414175335));
#2469 = CARTESIAN_POINT('',(46.094186739653,16.758864885224));
#2470 = CARTESIAN_POINT('',(46.060436829973,16.6713868171));
#2471 = CARTESIAN_POINT('',(46.026486853253,16.583978699677));
#2472 = CARTESIAN_POINT('',(45.944101232093,16.373237481128));
#2473 = CARTESIAN_POINT('',(45.895473092623,16.249974366139));
#2474 = CARTESIAN_POINT('',(45.846476513253,16.126846912433));
#2475 = CARTESIAN_POINT('',(45.797126442293,16.00385264218));
#2476 = CARTESIAN_POINT('',(45.747435577993,15.880989220326));
#2477 = CARTESIAN_POINT('',(45.697414981463,15.75825442201));
#2478 = CARTESIAN_POINT('',(45.647074436473,15.635646070437));
#2479 = CARTESIAN_POINT('',(45.574313181673,15.459698038443));
#2480 = CARTESIAN_POINT('',(45.552144511193,15.406257845047));
#2481 = CARTESIAN_POINT('',(45.529917266363,15.352841204067));
#2482 = CARTESIAN_POINT('',(45.507632138283,15.299447960043));
#2483 = CARTESIAN_POINT('',(45.485289787573,15.246077962982));
#2484 = CARTESIAN_POINT('',(45.462890844363,15.192731068357));
#2485 = CARTESIAN_POINT('',(45.440435908313,15.139407137108));
#2486 = CARTESIAN_POINT('',(45.406204470573,15.058352309076));
#2487 = CARTESIAN_POINT('',(45.394402063623,15.030447776888));
#2488 = CARTESIAN_POINT('',(45.382518174603,15.002392692397));
#2489 = CARTESIAN_POINT('',(45.370552650393,14.974187308919));
#2490 = CARTESIAN_POINT('',(45.358505337863,14.945831879772));
#2491 = CARTESIAN_POINT('',(45.346376083893,14.917326658271));
#2492 = CARTESIAN_POINT('',(45.334164735363,14.888671897736));
#2493 = CARTESIAN_POINT('',(45.307517839843,14.826237895797));
#2494 = CARTESIAN_POINT('',(45.293141899753,14.792617435555));
#2495 = CARTESIAN_POINT('',(45.278745207263,14.759005663693));
#2496 = CARTESIAN_POINT('',(45.264328692413,14.72540219272));
#2497 = CARTESIAN_POINT('',(45.249892326903,14.691807054712));
#2498 = CARTESIAN_POINT('',(45.235435124043,14.658220701321));
#2499 = CARTESIAN_POINT('',(45.220955138803,14.624644003764));
#2500 = CARTESIAN_POINT('',(45.186082355673,14.543949277458));
#2501 = CARTESIAN_POINT('',(45.165493999333,14.496456658033));
#2502 = CARTESIAN_POINT('',(45.144684239593,14.448601579549));
#2503 = CARTESIAN_POINT('',(45.123652917283,14.400385227));
#2504 = CARTESIAN_POINT('',(45.102399873223,14.351808785378));
#2505 = CARTESIAN_POINT('',(45.080924948253,14.302873439675));
#2506 = CARTESIAN_POINT('',(45.059227983183,14.253580374886));
#2507 = CARTESIAN_POINT('',(45.015389719463,14.154281324202));
#2508 = CARTESIAN_POINT('',(44.993248065573,14.104275140677));
#2509 = CARTESIAN_POINT('',(44.970884707853,14.053913313965));
#2510 = CARTESIAN_POINT('',(44.948298540723,14.003197651372));
#2511 = CARTESIAN_POINT('',(44.925489155253,13.952129462699));
#2512 = CARTESIAN_POINT('',(44.902457373913,13.900709312529));
#2513 = CARTESIAN_POINT('',(44.879203667133,13.848937741071));
#2514 = CARTESIAN_POINT('',(44.699476472773,13.449966876504));
#2515 = CARTESIAN_POINT('',(44.540720634183,13.104235395814));
#2516 = CARTESIAN_POINT('',(44.379514351423,12.759624014212));
#2517 = CARTESIAN_POINT('',(44.215912969443,12.41613309383));
#2518 = CARTESIAN_POINT('',(44.049968151143,12.073762861072));
#2519 = CARTESIAN_POINT('',(43.881727209843,11.732513878926));
#2520 = CARTESIAN_POINT('',(43.711233385953,11.392386986734));
#2521 = CARTESIAN_POINT('',(43.462927723813,10.904989172488));
#2522 = CARTESIAN_POINT('',(43.386904476813,10.756810820051));
#2523 = CARTESIAN_POINT('',(43.310460704743,10.608847746175));
#2524 = CARTESIAN_POINT('',(43.233599683893,10.461100060165));
#2525 = CARTESIAN_POINT('',(43.156324588833,10.313567884576));
#2526 = CARTESIAN_POINT('',(43.078638492333,10.166251355219));
#2527 = CARTESIAN_POINT('',(43.000544365433,10.019150621158));
#2528 = CARTESIAN_POINT('',(42.770618568283,9.588922523955));
#2529 = CARTESIAN_POINT('',(42.617683321173,9.30638353207));
#2530 = CARTESIAN_POINT('',(42.463269588373,9.024644935129));
#2531 = CARTESIAN_POINT('',(42.307363004953,8.743726291775));
#2532 = CARTESIAN_POINT('',(42.150040772633,8.463596591139));
#2533 = CARTESIAN_POINT('',(41.991288582673,8.18427512928));
#2534 = CARTESIAN_POINT('',(41.831142344703,7.905752606316));
#2535 = CARTESIAN_POINT('',(41.394512998103,7.155037617151));
#2536 = CARTESIAN_POINT('',(41.115407069523,6.684369118037));
#2537 = CARTESIAN_POINT('',(40.832383002353,6.216028508094));
#2538 = CARTESIAN_POINT('',(40.545510596903,5.750025702552));
#2539 = CARTESIAN_POINT('',(40.254847888563,5.286376157799));
#2540 = CARTESIAN_POINT('',(39.960444084393,4.825099088096));
#2541 = CARTESIAN_POINT('',(39.662341326293,4.366216388611));
#2542 = CARTESIAN_POINT('',(39.197897453293,3.663678880699));
#2543 = CARTESIAN_POINT('',(39.034153936133,3.418309536689));
#2544 = CARTESIAN_POINT('',(38.869359733023,3.173641834011));
#2545 = CARTESIAN_POINT('',(38.703492022833,2.929699519102));
#2546 = CARTESIAN_POINT('',(38.536595284373,2.686458947974));
#2547 = CARTESIAN_POINT('',(38.368662699123,2.443933527632));
#2548 = CARTESIAN_POINT('',(38.199708415193,2.202120339546));
#2549 = CARTESIAN_POINT('',(37.845450236403,1.69961034294));
#2550 = CARTESIAN_POINT('',(37.659968258113,1.43903882531));
#2551 = CARTESIAN_POINT('',(37.473303570943,1.179310110049));
#2552 = CARTESIAN_POINT('',(37.285464901513,0.920427414172));
#2553 = CARTESIAN_POINT('',(37.096459862133,0.66239468521));
#2554 = CARTESIAN_POINT('',(36.906294950713,0.405216601211));
#2555 = CARTESIAN_POINT('',(36.714975550873,0.148898570738));
#2556 = CARTESIAN_POINT('',(36.199906630803,-0.534717383416));
#2557 = CARTESIAN_POINT('',(35.874076596693,-0.960447537662));
#2558 = CARTESIAN_POINT('',(35.545037317633,-1.383716497271));
#2559 = CARTESIAN_POINT('',(35.212801600623,-1.804488941954));
#2560 = CARTESIAN_POINT('',(34.877379502513,-2.222726943155));
#2561 = CARTESIAN_POINT('',(34.538775478313,-2.638387285161));
#2562 = CARTESIAN_POINT('',(34.196986367623,-3.051419520747));
#2563 = CARTESIAN_POINT('',(33.137834371893,-4.311294800842));
#2564 = CARTESIAN_POINT('',(32.410032370093,-5.149324395174));
#2565 = CARTESIAN_POINT('',(31.668838567363,-5.975679760578));
#2566 = CARTESIAN_POINT('',(30.914358323303,-6.79002028018));
#2567 = CARTESIAN_POINT('',(30.146594417563,-7.591871705677));
#2568 = CARTESIAN_POINT('',(29.365458786103,-8.380636515605));
#2569 = CARTESIAN_POINT('',(28.570769200573,-9.155590323046));
#2570 = CARTESIAN_POINT('',(27.696501018133,-9.977670574094));
#2571 = CARTESIAN_POINT('',(27.630679620423,-10.0393794782));
#2572 = CARTESIAN_POINT('',(27.564767707103,-10.1009917931));
#2573 = CARTESIAN_POINT('',(27.498765844523,-10.162507791));
#2574 = CARTESIAN_POINT('',(27.432674155983,-10.22392726836));
#2575 = CARTESIAN_POINT('',(27.366492321733,-10.28524954593));
#2576 = CARTESIAN_POINT('',(27.300219578953,-10.34647346867));
#2577 = CARTESIAN_POINT('',(26.722031006953,-10.87900172912));
#2578 = CARTESIAN_POINT('',(26.204754354433,-11.34447894316));
#2579 = CARTESIAN_POINT('',(25.682064382803,-11.80392056304));
#2580 = CARTESIAN_POINT('',(25.153986879883,-12.25719132795));
#2581 = CARTESIAN_POINT('',(24.620533881853,-12.70412923723));
#2582 = CARTESIAN_POINT('',(24.081702808223,-13.14454448908));
#2583 = CARTESIAN_POINT('',(23.537474652803,-13.57821732205));
#2584 = CARTESIAN_POINT('',(22.588967739853,-14.3144978939));
#2585 = CARTESIAN_POINT('',(22.187266076783,-14.62041623529));
#2586 = CARTESIAN_POINT('',(21.782704720053,-14.92256918165));
#2587 = CARTESIAN_POINT('',(21.375279384373,-15.2208656703));
#2588 = CARTESIAN_POINT('',(20.964982340293,-15.51520321735));
#2589 = CARTESIAN_POINT('',(20.551801733963,-15.80546695724));
#2590 = CARTESIAN_POINT('',(20.135720906953,-16.09152868237));
#2591 = CARTESIAN_POINT('',(19.565309283563,-16.47504548846));
#2592 = CARTESIAN_POINT('',(19.413519427643,-16.57627769984));
#2593 = CARTESIAN_POINT('',(19.261347156223,-16.676935708));
#2594 = CARTESIAN_POINT('',(19.108791426423,-16.77701242523));
#2595 = CARTESIAN_POINT('',(18.955851144453,-16.8765004849));
#2596 = CARTESIAN_POINT('',(18.802525165613,-16.97539224148));
#2597 = CARTESIAN_POINT('',(18.648812294303,-17.07367977051));
#2598 = CARTESIAN_POINT('',(17.454246050463,-17.83084141958));
#2599 = CARTESIAN_POINT('',(16.396419731683,-18.4622355458));
#2600 = CARTESIAN_POINT('',(15.321114999043,-19.06424848265));
#2601 = CARTESIAN_POINT('',(14.228348861863,-19.63497183237));
#2602 = CARTESIAN_POINT('',(13.118271930353,-20.17187606408));
#2603 = CARTESIAN_POINT('',(11.991084950633,-20.67161520847));
#2604 = CARTESIAN_POINT('',(10.846996133673,-21.12993790121));
#2605 = CARTESIAN_POINT('',(9.60911819603,-21.56779060933));
#2606 = CARTESIAN_POINT('',(9.532405601845,-21.59468727899));
#2607 = CARTESIAN_POINT('',(9.455632484511,-21.62141086814));
#2608 = CARTESIAN_POINT('',(9.37879884069,-21.64795851065));
#2609 = CARTESIAN_POINT('',(9.301896880719,-21.67430657235));
#2610 = CARTESIAN_POINT('',(9.224918339587,-21.70043044391));
#2611 = CARTESIAN_POINT('',(9.147861787904,-21.72632433372));
#2612 = CARTESIAN_POINT('',(7.974444459763,-22.11730285217));
#2613 = CARTESIAN_POINT('',(6.864421510807,-22.43979470965));
#2614 = CARTESIAN_POINT('',(5.741477325953,-22.717244968));
#2615 = CARTESIAN_POINT('',(4.60699268306,-22.94691164907));
#2616 = CARTESIAN_POINT('',(3.462938176364,-23.12573027427));
#2617 = CARTESIAN_POINT('',(2.311861341419,-23.24996358774));
#2618 = CARTESIAN_POINT('',(1.156914589241,-23.31546942026));
#2619 = CARTESIAN_POINT('',(1.609511729743E-03,-23.31563439186));
#2620 = ( GEOMETRIC_REPRESENTATION_CONTEXT(2) 
PARAMETRIC_REPRESENTATION_CONTEXT() REPRESENTATION_CONTEXT('2D SPACE',''
  ) );
#2621 = ADVANCED_FACE('',(#2622),#2023,.F.);
#2622 = FACE_BOUND('',#2623,.F.);
#2623 = EDGE_LOOP('',(#2624,#2625,#3080,#3117));
#2624 = ORIENTED_EDGE('',*,*,#2007,.T.);
#2625 = ORIENTED_EDGE('',*,*,#2626,.T.);
#2626 = EDGE_CURVE('',#1637,#2627,#2629,.T.);
#2627 = VERTEX_POINT('',#2628);
#2628 = CARTESIAN_POINT('',(46.461594216965,239.6499999,4.984976452657)
  );
#2629 = SURFACE_CURVE('',#2630,(#2850,#2857),.PCURVE_S1.);
#2630 = B_SPLINE_CURVE_WITH_KNOTS('',8,(#2631,#2632,#2633,#2634,#2635,
    #2636,#2637,#2638,#2639,#2640,#2641,#2642,#2643,#2644,#2645,#2646,
    #2647,#2648,#2649,#2650,#2651,#2652,#2653,#2654,#2655,#2656,#2657,
    #2658,#2659,#2660,#2661,#2662,#2663,#2664,#2665,#2666,#2667,#2668,
    #2669,#2670,#2671,#2672,#2673,#2674,#2675,#2676,#2677,#2678,#2679,
    #2680,#2681,#2682,#2683,#2684,#2685,#2686,#2687,#2688,#2689,#2690,
    #2691,#2692,#2693,#2694,#2695,#2696,#2697,#2698,#2699,#2700,#2701,
    #2702,#2703,#2704,#2705,#2706,#2707,#2708,#2709,#2710,#2711,#2712,
    #2713,#2714,#2715,#2716,#2717,#2718,#2719,#2720,#2721,#2722,#2723,
    #2724,#2725,#2726,#2727,#2728,#2729,#2730,#2731,#2732,#2733,#2734,
    #2735,#2736,#2737,#2738,#2739,#2740,#2741,#2742,#2743,#2744,#2745,
    #2746,#2747,#2748,#2749,#2750,#2751,#2752,#2753,#2754,#2755,#2756,
    #2757,#2758,#2759,#2760,#2761,#2762,#2763,#2764,#2765,#2766,#2767,
    #2768,#2769,#2770,#2771,#2772,#2773,#2774,#2775,#2776,#2777,#2778,
    #2779,#2780,#2781,#2782,#2783,#2784,#2785,#2786,#2787,#2788,#2789,
    #2790,#2791,#2792,#2793,#2794,#2795,#2796,#2797,#2798,#2799,#2800,
    #2801,#2802,#2803,#2804,#2805,#2806,#2807,#2808,#2809,#2810,#2811,
    #2812,#2813,#2814,#2815,#2816,#2817,#2818,#2819,#2820,#2821,#2822,
    #2823,#2824,#2825,#2826,#2827,#2828,#2829,#2830,#2831,#2832,#2833,
    #2834,#2835,#2836,#2837,#2838,#2839,#2840,#2841,#2842,#2843,#2844,
    #2845,#2846,#2847,#2848,#2849),.UNSPECIFIED.,.F.,.F.,(9,7,7,7,7,7,7,
    7,7,7,7,7,7,7,7,7,7,7,7,7,7,7,7,7,7,7,7,7,7,7,7,9),(0.,
    7.108945752077E-02,0.110250126567,0.130854547801,0.14188082447,
    0.153002522232,0.160850741088,0.232472370261,0.290281782642,
    0.312347713187,0.393927906713,0.434978577621,0.455620280813,
    0.466641140096,0.477661946886,0.494187994436,0.61091896381,
    0.648870467407,0.686965484188,0.726031359278,0.758659016551,
    0.811761190223,0.847212027128,0.871639505853,0.934959154578,
    0.93933167904,0.943560011007,0.970866418193,0.98960058458,
    0.996089591582,0.99837556297,1.),.UNSPECIFIED.);
#2631 = CARTESIAN_POINT('',(-2.003836800318E-06,239.6499999,
    46.043584247059));
#2632 = CARTESIAN_POINT('',(0.565041410904,239.6499999,46.04365826973));
#2633 = CARTESIAN_POINT('',(1.130070664766,239.6499999,46.028093057889)
  );
#2634 = CARTESIAN_POINT('',(1.694617808222,239.6499999,45.997657129318)
  );
#2635 = CARTESIAN_POINT('',(2.258259564935,239.6499999,45.952989692897)
  );
#2636 = CARTESIAN_POINT('',(2.820620011969,239.6499999,45.894643807594)
  );
#2637 = CARTESIAN_POINT('',(3.381372381964,239.6499999,45.823114175901)
  );
#2638 = CARTESIAN_POINT('',(3.9402399873,239.6499999,45.738849571702));
#2639 = CARTESIAN_POINT('',(4.803693618255,239.6499999,45.589036559777)
  );
#2640 = CARTESIAN_POINT('',(5.109742236561,239.6499999,45.532081665134)
  );
#2641 = CARTESIAN_POINT('',(5.415099671757,239.6499999,45.471453416663)
  );
#2642 = CARTESIAN_POINT('',(5.7197254279,239.6499999,45.40721687358));
#2643 = CARTESIAN_POINT('',(6.023581025131,239.6499999,45.33943426576));
#2644 = CARTESIAN_POINT('',(6.326630062307,239.6499999,45.268165303196)
  );
#2645 = CARTESIAN_POINT('',(6.628838279648,239.6499999,45.193467485464)
  );
#2646 = CARTESIAN_POINT('',(7.088721482389,239.6499999,45.074319245239)
  );
#2647 = CARTESIAN_POINT('',(7.247027581343,239.6499999,45.032308275897)
  );
#2648 = CARTESIAN_POINT('',(7.405087178647,239.6499999,44.989371594783)
  );
#2649 = CARTESIAN_POINT('',(7.562895658188,239.6499999,44.945517167565)
  );
#2650 = CARTESIAN_POINT('',(7.720448527325,239.6499999,44.900752833951)
  );
#2651 = CARTESIAN_POINT('',(7.877741416889,239.6499999,44.855086307686)
  );
#2652 = CARTESIAN_POINT('',(8.034770081181,239.6499999,44.808525176552)
  );
#2653 = CARTESIAN_POINT('',(8.275419316963,239.6499999,44.735685371465)
  );
#2654 = CARTESIAN_POINT('',(8.359440462796,239.6499999,44.70997650295));
#2655 = CARTESIAN_POINT('',(8.44359282194,239.6499999,44.683949139004));
#2656 = CARTESIAN_POINT('',(8.52787538086,239.6499999,44.657602121805));
#2657 = CARTESIAN_POINT('',(8.612287126023,239.6499999,44.630934293529)
  );
#2658 = CARTESIAN_POINT('',(8.696827043893,239.6499999,44.603944496353)
  );
#2659 = CARTESIAN_POINT('',(8.781494120937,239.6499999,44.576631572454)
  );
#2660 = CARTESIAN_POINT('',(8.951814364511,239.6499999,44.521117983928)
  );
#2661 = CARTESIAN_POINT('',(9.03726043658,239.6499999,44.492989954758));
#2662 = CARTESIAN_POINT('',(9.122611771628,239.6499999,44.464576028339)
  );
#2663 = CARTESIAN_POINT('',(9.20788215348,239.6499999,44.435919264144));
#2664 = CARTESIAN_POINT('',(9.293074356711,239.6499999,44.407030833986)
  );
#2665 = CARTESIAN_POINT('',(9.378172543312,239.6499999,44.377868492387)
  );
#2666 = CARTESIAN_POINT('',(9.463165637323,239.6499999,44.348402712604)
  );
#2667 = CARTESIAN_POINT('',(9.608038266706,239.6499999,44.2978599955));
#2668 = CARTESIAN_POINT('',(9.668031777132,239.6499999,44.276810437541)
  );
#2669 = CARTESIAN_POINT('',(9.728081334006,239.6499999,44.255607238444)
  );
#2670 = CARTESIAN_POINT('',(9.788186064264,239.6499999,44.23424055431));
#2671 = CARTESIAN_POINT('',(9.848345096443,239.6499999,44.212705273347)
  );
#2672 = CARTESIAN_POINT('',(9.908557560685,239.6499999,44.191001015873)
  );
#2673 = CARTESIAN_POINT('',(9.968822588734,239.6499999,44.169132134312)
  );
#2674 = CARTESIAN_POINT('',(10.579580401871,239.6499999,43.946116258866)
  );
#2675 = CARTESIAN_POINT('',(11.126182883115,239.6499999,43.734644270921)
  );
#2676 = CARTESIAN_POINT('',(11.668935589984,239.6499999,43.513323824292)
  );
#2677 = CARTESIAN_POINT('',(12.207820036476,239.6499999,43.282696583498)
  );
#2678 = CARTESIAN_POINT('',(12.74281787654,239.6499999,43.043231463886)
  );
#2679 = CARTESIAN_POINT('',(13.273916247155,239.6499999,42.795337231446)
  );
#2680 = CARTESIAN_POINT('',(13.801110996237,239.6499999,42.539370041199)
  );
#2681 = CARTESIAN_POINT('',(14.746786911947,239.6499999,42.062762860531)
  );
#2682 = CARTESIAN_POINT('',(15.166617136705,239.6499999,41.844834677182)
  );
#2683 = CARTESIAN_POINT('',(15.583895585667,239.6499999,41.622015544003)
  );
#2684 = CARTESIAN_POINT('',(15.9986165475,239.6499999,41.394453812386));
#2685 = CARTESIAN_POINT('',(16.410772218679,239.6499999,41.162283364642)
  );
#2686 = CARTESIAN_POINT('',(16.820353438664,239.6499999,40.925624973407)
  );
#2687 = CARTESIAN_POINT('',(17.227350425072,239.6499999,40.684587661051)
  );
#2688 = CARTESIAN_POINT('',(17.786114710453,239.6499999,40.3456320001));
#2689 = CARTESIAN_POINT('',(17.940098082001,239.6499999,40.251370749787)
  );
#2690 = CARTESIAN_POINT('',(18.093701611716,239.6499999,40.156490057515)
  );
#2691 = CARTESIAN_POINT('',(18.246927059254,239.6499999,40.060998847468)
  );
#2692 = CARTESIAN_POINT('',(18.399772130878,239.6499999,39.964900056695)
  );
#2693 = CARTESIAN_POINT('',(18.552234279291,239.6499999,39.868195984481)
  );
#2694 = CARTESIAN_POINT('',(18.704315564584,239.6499999,39.770895408511)
  );
#2695 = CARTESIAN_POINT('',(19.416878795653,239.6499999,39.311106090063)
  );
#2696 = CARTESIAN_POINT('',(19.972553111126,239.6499999,38.941177217961)
  );
#2697 = CARTESIAN_POINT('',(20.523118234739,239.6499999,38.563616507674)
  );
#2698 = CARTESIAN_POINT('',(21.068631592522,239.6499999,38.178767136682)
  );
#2699 = CARTESIAN_POINT('',(21.609135974993,239.6499999,37.78692747928)
  );
#2700 = CARTESIAN_POINT('',(22.144663308089,239.6499999,37.388356468223)
  );
#2701 = CARTESIAN_POINT('',(22.675236981042,239.6499999,36.983276898007)
  );
#2702 = CARTESIAN_POINT('',(23.465369532003,239.6499999,36.36486250799)
  );
#2703 = CARTESIAN_POINT('',(23.728614625261,239.6499999,36.156249133892)
  );
#2704 = CARTESIAN_POINT('',(23.990609184177,239.6499999,35.946061015803)
  );
#2705 = CARTESIAN_POINT('',(24.25135351763,239.6499999,35.734320966833)
  );
#2706 = CARTESIAN_POINT('',(24.510847070168,239.6499999,35.521050144882)
  );
#2707 = CARTESIAN_POINT('',(24.769088422009,239.6499999,35.306268052635)
  );
#2708 = CARTESIAN_POINT('',(25.026075289037,239.6499999,35.089992537567)
  );
#2709 = CARTESIAN_POINT('',(25.410394064073,239.6499999,34.762746147993)
  );
#2710 = CARTESIAN_POINT('',(25.538665605065,239.6499999,34.652879034284)
  );
#2711 = CARTESIAN_POINT('',(25.666618740193,239.6499999,34.542640531814)
  );
#2712 = CARTESIAN_POINT('',(25.794253003698,239.6499999,34.432032633124)
  );
#2713 = CARTESIAN_POINT('',(25.921567869653,239.6499999,34.32105724229)
  );
#2714 = CARTESIAN_POINT('',(26.048562751961,239.6499999,34.209716174929)
  );
#2715 = CARTESIAN_POINT('',(26.175237004358,239.6499999,34.098011158198)
  );
#2716 = CARTESIAN_POINT('',(26.369051296777,239.6499999,33.926109705955)
  );
#2717 = CARTESIAN_POINT('',(26.436429488351,239.6499999,33.866164835818)
  );
#2718 = CARTESIAN_POINT('',(26.503723618093,239.6499999,33.806110072144)
  );
#2719 = CARTESIAN_POINT('',(26.570932808964,239.6499999,33.7459462667));
#2720 = CARTESIAN_POINT('',(26.638056183923,239.6499999,33.685674271248)
  );
#2721 = CARTESIAN_POINT('',(26.705092865933,239.6499999,33.625294937555)
  );
#2722 = CARTESIAN_POINT('',(26.772041977953,239.6499999,33.564809117383)
  );
#2723 = CARTESIAN_POINT('',(26.905762989474,239.6499999,33.443626496212)
  );
#2724 = CARTESIAN_POINT('',(26.97253625264,239.6499999,33.382929893542)
  );
#2725 = CARTESIAN_POINT('',(27.039219833488,239.6499999,33.322128143124)
  );
#2726 = CARTESIAN_POINT('',(27.105812043419,239.6499999,33.261221880519)
  );
#2727 = CARTESIAN_POINT('',(27.172312104192,239.6499999,33.20021208822)
  );
#2728 = CARTESIAN_POINT('',(27.23872014792,239.6499999,33.139100095644)
  );
#2729 = CARTESIAN_POINT('',(27.305037217072,239.6499999,33.07788757914)
  );
#2730 = CARTESIAN_POINT('',(27.470576311405,239.6499999,32.924638757056)
  );
#2731 = CARTESIAN_POINT('',(27.569686013119,239.6499999,32.832483422069)
  );
#2732 = CARTESIAN_POINT('',(27.668588738085,239.6499999,32.740105892181)
  );
#2733 = CARTESIAN_POINT('',(27.767280723671,239.6499999,32.647502729096)
  );
#2734 = CARTESIAN_POINT('',(27.865774313282,239.6499999,32.55468893487)
  );
#2735 = CARTESIAN_POINT('',(27.964058067919,239.6499999,32.461652836862)
  );
#2736 = CARTESIAN_POINT('',(28.062139244402,239.6499999,32.368403692302)
  );
#2737 = CARTESIAN_POINT('',(28.851364004551,239.6499999,31.614767571191)
  );
#2738 = CARTESIAN_POINT('',(29.532519679912,239.6499999,30.943943679824)
  );
#2739 = CARTESIAN_POINT('',(30.203647845372,239.6499999,30.26299299895)
  );
#2740 = CARTESIAN_POINT('',(30.8648529663,239.6499999,29.572361803621));
#2741 = CARTESIAN_POINT('',(31.516186543272,239.6499999,28.872425537725)
  );
#2742 = CARTESIAN_POINT('',(32.157648322397,239.6499999,28.163490129581)
  );
#2743 = CARTESIAN_POINT('',(32.789181337604,239.6499999,27.445787555009)
  );
#2744 = CARTESIAN_POINT('',(33.612715814579,239.6499999,26.483324299755)
  );
#2745 = CARTESIAN_POINT('',(33.813707319756,239.6499999,26.246273053208)
  );
#2746 = CARTESIAN_POINT('',(34.01363146626,239.6499999,26.008318944888)
  );
#2747 = CARTESIAN_POINT('',(34.212470069248,239.6499999,25.76945505532)
  );
#2748 = CARTESIAN_POINT('',(34.410255130418,239.6499999,25.529719111612)
  );
#2749 = CARTESIAN_POINT('',(34.606960099195,239.6499999,25.289097068552)
  );
#2750 = CARTESIAN_POINT('',(34.802598465508,239.6499999,25.047610320559)
  );
#2751 = CARTESIAN_POINT('',(35.192467330428,239.6499999,24.561999936929)
  );
#2752 = CARTESIAN_POINT('',(35.386690288211,239.6499999,24.317870282428)
  );
#2753 = CARTESIAN_POINT('',(35.57983308804,239.6499999,24.072882846314)
  );
#2754 = CARTESIAN_POINT('',(35.771894255127,239.6499999,23.827045522717)
  );
#2755 = CARTESIAN_POINT('',(35.962871647548,239.6499999,23.580365634996)
  );
#2756 = CARTESIAN_POINT('',(36.152762456247,239.6499999,23.332849935746)
  );
#2757 = CARTESIAN_POINT('',(36.341563205033,239.6499999,23.084504606791)
  );
#2758 = CARTESIAN_POINT('',(36.721760030983,239.6499999,22.579815786238)
  );
#2759 = CARTESIAN_POINT('',(36.913099403702,239.6499999,22.32342973955)
  );
#2760 = CARTESIAN_POINT('',(37.103283510676,239.6499999,22.066183198054)
  );
#2761 = CARTESIAN_POINT('',(37.29230686611,239.6499999,21.808081504058)
  );
#2762 = CARTESIAN_POINT('',(37.480162856473,239.6499999,21.549129263243)
  );
#2763 = CARTESIAN_POINT('',(37.666843740501,239.6499999,21.289330344666)
  );
#2764 = CARTESIAN_POINT('',(37.852340649197,239.6499999,21.028687880761)
  );
#2765 = CARTESIAN_POINT('',(38.1905726361,239.6499999,20.548814235075));
#2766 = CARTESIAN_POINT('',(38.343668576173,239.6499999,20.329837192006)
  );
#2767 = CARTESIAN_POINT('',(38.495927198751,239.6499999,20.110275878729)
  );
#2768 = CARTESIAN_POINT('',(38.647334339084,239.6499999,19.89012590833)
  );
#2769 = CARTESIAN_POINT('',(38.797900946655,239.6499999,19.669400808416)
  );
#2770 = CARTESIAN_POINT('',(38.947589290524,239.6499999,19.448080236453)
  );
#2771 = CARTESIAN_POINT('',(39.09641736244,239.6499999,19.226182238113)
  );
#2772 = CARTESIAN_POINT('',(39.485177354531,239.6499999,18.641619692909)
  );
#2773 = CARTESIAN_POINT('',(39.723675208703,239.6499999,18.278002507271)
  );
#2774 = CARTESIAN_POINT('',(39.959850243301,239.6499999,17.912866372222)
  );
#2775 = CARTESIAN_POINT('',(40.193682710136,239.6499999,17.54622308343)
  );
#2776 = CARTESIAN_POINT('',(40.42515017711,239.6499999,17.178083273193)
  );
#2777 = CARTESIAN_POINT('',(40.654226920325,239.6499999,16.808456034877)
  );
#2778 = CARTESIAN_POINT('',(40.880883316199,239.6499999,16.437348547356)
  );
#2779 = CARTESIAN_POINT('',(41.254761697978,239.6499999,15.816030612711)
  );
#2780 = CARTESIAN_POINT('',(41.403344132197,239.6499999,15.566638131846)
  );
#2781 = CARTESIAN_POINT('',(41.55082227775,239.6499999,15.316589654481)
  );
#2782 = CARTESIAN_POINT('',(41.697184903373,239.6499999,15.065886273084)
  );
#2783 = CARTESIAN_POINT('',(41.842419578885,239.6499999,14.814528646336)
  );
#2784 = CARTESIAN_POINT('',(41.986512449035,239.6499999,14.562516870506)
  );
#2785 = CARTESIAN_POINT('',(42.129448007356,239.6499999,14.309850350818)
  );
#2786 = CARTESIAN_POINT('',(42.368889510562,239.6499999,13.881975113054)
  );
#2787 = CARTESIAN_POINT('',(42.466012270526,239.6499999,13.707110944928)
  );
#2788 = CARTESIAN_POINT('',(42.562572536749,239.6499999,13.531935425472)
  );
#2789 = CARTESIAN_POINT('',(42.658560434936,239.6499999,13.356445846731)
  );
#2790 = CARTESIAN_POINT('',(42.753973039448,239.6499999,13.180643469001)
  );
#2791 = CARTESIAN_POINT('',(42.848808250479,239.6499999,13.004530110584)
  );
#2792 = CARTESIAN_POINT('',(42.943058015843,239.6499999,12.828104342037)
  );
#2793 = CARTESIAN_POINT('',(43.279500637843,239.6499999,12.193238426751)
  );
#2794 = CARTESIAN_POINT('',(43.518321202936,239.6499999,11.733018106173)
  );
#2795 = CARTESIAN_POINT('',(43.753092264989,239.6499999,11.270708979534)
  );
#2796 = CARTESIAN_POINT('',(43.98371477451,239.6499999,10.806313469681)
  );
#2797 = CARTESIAN_POINT('',(44.210080460194,239.6499999,10.339834772666)
  );
#2798 = CARTESIAN_POINT('',(44.432066663999,239.6499999,9.871274341669)
  );
#2799 = CARTESIAN_POINT('',(44.649534020276,239.6499999,9.400631104823)
  );
#2800 = CARTESIAN_POINT('',(44.87703186071,239.6499999,8.895263916327));
#2801 = CARTESIAN_POINT('',(44.891706618798,239.6499999,8.862611060929)
  );
#2802 = CARTESIAN_POINT('',(44.906361413014,239.6499999,8.829949331299)
  );
#2803 = CARTESIAN_POINT('',(44.920995346911,239.6499999,8.797278353515)
  );
#2804 = CARTESIAN_POINT('',(44.93560629951,239.6499999,8.764597207881));
#2805 = CARTESIAN_POINT('',(44.950190925306,239.6499999,8.731904428929)
  );
#2806 = CARTESIAN_POINT('',(44.964744654264,239.6499999,8.699198005417)
  );
#2807 = CARTESIAN_POINT('',(44.993300001843,239.6499999,8.634831847421)
  );
#2808 = CARTESIAN_POINT('',(45.007311512561,239.6499999,8.603176510252)
  );
#2809 = CARTESIAN_POINT('',(45.021301456293,239.6499999,8.571511734412)
  );
#2810 = CARTESIAN_POINT('',(45.035273363058,239.6499999,8.539839118899)
  );
#2811 = CARTESIAN_POINT('',(45.049229060579,239.6499999,8.508159496123)
  );
#2812 = CARTESIAN_POINT('',(45.063168674282,239.6499999,8.476472931908)
  );
#2813 = CARTESIAN_POINT('',(45.077090627296,239.6499999,8.44477872549));
#2814 = CARTESIAN_POINT('',(45.180763855229,239.6499999,8.20833659953));
#2815 = CARTESIAN_POINT('',(45.269754549212,239.6499999,8.003261161712)
  );
#2816 = CARTESIAN_POINT('',(45.357939917805,239.6499999,7.797842610824)
  );
#2817 = CARTESIAN_POINT('',(45.445292243705,239.6499999,7.592074185009)
  );
#2818 = CARTESIAN_POINT('',(45.531779866968,239.6499999,7.385948675355)
  );
#2819 = CARTESIAN_POINT('',(45.617365786066,239.6499999,7.179457979592)
  );
#2820 = CARTESIAN_POINT('',(45.702004889955,239.6499999,6.972592379949)
  );
#2821 = CARTESIAN_POINT('',(45.843019420923,239.6499999,6.623149140352)
  );
#2822 = CARTESIAN_POINT('',(45.89992500825,239.6499999,6.480779817932));
#2823 = CARTESIAN_POINT('',(45.956339056178,239.6499999,6.338224588561)
  );
#2824 = CARTESIAN_POINT('',(46.012240702795,239.6499999,6.195478862032)
  );
#2825 = CARTESIAN_POINT('',(46.067603353498,239.6499999,6.052537209268)
  );
#2826 = CARTESIAN_POINT('',(46.122396379175,239.6499999,5.909399739251)
  );
#2827 = CARTESIAN_POINT('',(46.176577819295,239.6499999,5.766062559496)
  );
#2828 = CARTESIAN_POINT('',(46.248632987212,239.6499999,5.572822946371)
  );
#2829 = CARTESIAN_POINT('',(46.267089928819,239.6499999,5.523088391794)
  );
#2830 = CARTESIAN_POINT('',(46.285465050979,239.6499999,5.473332293963)
  );
#2831 = CARTESIAN_POINT('',(46.303755891574,239.6499999,5.42355470696));
#2832 = CARTESIAN_POINT('',(46.321960115466,239.6499999,5.373758102501)
  );
#2833 = CARTESIAN_POINT('',(46.340074631871,239.6499999,5.323946260464)
  );
#2834 = CARTESIAN_POINT('',(46.358095862368,239.6499999,5.274125042977)
  );
#2835 = CARTESIAN_POINT('',(46.382340061355,239.6499999,5.206760812082)
  );
#2836 = CARTESIAN_POINT('',(46.388644229639,239.6499999,5.189213008984)
  );
#2837 = CARTESIAN_POINT('',(46.394936797307,239.6499999,5.171666813646)
  );
#2838 = CARTESIAN_POINT('',(46.401217902587,239.6499999,5.154123239111)
  );
#2839 = CARTESIAN_POINT('',(46.407487623863,239.6499999,5.136583767485)
  );
#2840 = CARTESIAN_POINT('',(46.413746071734,239.6499999,5.119050524048)
  );
#2841 = CARTESIAN_POINT('',(46.419993678947,239.6499999,5.101526827956)
  );
#2842 = CARTESIAN_POINT('',(46.430664487878,239.6499999,5.071576234042)
  );
#2843 = CARTESIAN_POINT('',(46.435090769855,239.6499999,5.059146372157)
  );
#2844 = CARTESIAN_POINT('',(46.439512666717,239.6499999,5.046727368888)
  );
#2845 = CARTESIAN_POINT('',(46.44393101788,239.6499999,5.034317981007));
#2846 = CARTESIAN_POINT('',(46.448347297511,239.6499999,5.021924929574)
  );
#2847 = CARTESIAN_POINT('',(46.452761959814,239.6499999,5.009557374725)
  );
#2848 = CARTESIAN_POINT('',(46.457174960959,239.6499999,4.99722744615));
#2849 = CARTESIAN_POINT('',(46.461594216965,239.6499999,4.984976452657)
  );
#2850 = PCURVE('',#2023,#2851);
#2851 = DEFINITIONAL_REPRESENTATION('',(#2852),#2856);
#2852 = LINE('',#2853,#2854);
#2853 = CARTESIAN_POINT('',(0.,-6.));
#2854 = VECTOR('',#2855,1.);
#2855 = DIRECTION('',(1.,0.));
#2856 = ( GEOMETRIC_REPRESENTATION_CONTEXT(2) 
PARAMETRIC_REPRESENTATION_CONTEXT() REPRESENTATION_CONTEXT('2D SPACE',''
  ) );
#2857 = PCURVE('',#72,#2858);
#2858 = DEFINITIONAL_REPRESENTATION('',(#2859),#3079);
#2859 = B_SPLINE_CURVE_WITH_KNOTS('',8,(#2860,#2861,#2862,#2863,#2864,
    #2865,#2866,#2867,#2868,#2869,#2870,#2871,#2872,#2873,#2874,#2875,
    #2876,#2877,#2878,#2879,#2880,#2881,#2882,#2883,#2884,#2885,#2886,
    #2887,#2888,#2889,#2890,#2891,#2892,#2893,#2894,#2895,#2896,#2897,
    #2898,#2899,#2900,#2901,#2902,#2903,#2904,#2905,#2906,#2907,#2908,
    #2909,#2910,#2911,#2912,#2913,#2914,#2915,#2916,#2917,#2918,#2919,
    #2920,#2921,#2922,#2923,#2924,#2925,#2926,#2927,#2928,#2929,#2930,
    #2931,#2932,#2933,#2934,#2935,#2936,#2937,#2938,#2939,#2940,#2941,
    #2942,#2943,#2944,#2945,#2946,#2947,#2948,#2949,#2950,#2951,#2952,
    #2953,#2954,#2955,#2956,#2957,#2958,#2959,#2960,#2961,#2962,#2963,
    #2964,#2965,#2966,#2967,#2968,#2969,#2970,#2971,#2972,#2973,#2974,
    #2975,#2976,#2977,#2978,#2979,#2980,#2981,#2982,#2983,#2984,#2985,
    #2986,#2987,#2988,#2989,#2990,#2991,#2992,#2993,#2994,#2995,#2996,
    #2997,#2998,#2999,#3000,#3001,#3002,#3003,#3004,#3005,#3006,#3007,
    #3008,#3009,#3010,#3011,#3012,#3013,#3014,#3015,#3016,#3017,#3018,
    #3019,#3020,#3021,#3022,#3023,#3024,#3025,#3026,#3027,#3028,#3029,
    #3030,#3031,#3032,#3033,#3034,#3035,#3036,#3037,#3038,#3039,#3040,
    #3041,#3042,#3043,#3044,#3045,#3046,#3047,#3048,#3049,#3050,#3051,
    #3052,#3053,#3054,#3055,#3056,#3057,#3058,#3059,#3060,#3061,#3062,
    #3063,#3064,#3065,#3066,#3067,#3068,#3069,#3070,#3071,#3072,#3073,
    #3074,#3075,#3076,#3077,#3078),.UNSPECIFIED.,.F.,.F.,(9,7,7,7,7,7,7,
    7,7,7,7,7,7,7,7,7,7,7,7,7,7,7,7,7,7,7,7,7,7,7,7,9),(0.,
    7.108945752077E-02,0.110250126567,0.130854547801,0.14188082447,
    0.153002522232,0.160850741088,0.232472370261,0.290281782642,
    0.312347713187,0.393927906713,0.434978577621,0.455620280813,
    0.466641140096,0.477661946886,0.494187994436,0.61091896381,
    0.648870467407,0.686965484188,0.726031359278,0.758659016551,
    0.811761190223,0.847212027128,0.871639505853,0.934959154578,
    0.93933167904,0.943560011007,0.970866418193,0.98960058458,
    0.996089591582,0.99837556297,1.),.UNSPECIFIED.);
#2860 = CARTESIAN_POINT('',(1.609511729743E-03,-23.31563439186));
#2861 = CARTESIAN_POINT('',(-0.563433903011,-23.31570841453));
#2862 = CARTESIAN_POINT('',(-1.128463156873,-23.30014320269));
#2863 = CARTESIAN_POINT('',(-1.693010300329,-23.26970727412));
#2864 = CARTESIAN_POINT('',(-2.256652057042,-23.2250398377));
#2865 = CARTESIAN_POINT('',(-2.819012504076,-23.16669395239));
#2866 = CARTESIAN_POINT('',(-3.379764874071,-23.0951643207));
#2867 = CARTESIAN_POINT('',(-3.938632479407,-23.0108997165));
#2868 = CARTESIAN_POINT('',(-4.802086110362,-22.86108670458));
#2869 = CARTESIAN_POINT('',(-5.108134728668,-22.80413180993));
#2870 = CARTESIAN_POINT('',(-5.413492163864,-22.74350356146));
#2871 = CARTESIAN_POINT('',(-5.718117920007,-22.67926701838));
#2872 = CARTESIAN_POINT('',(-6.021973517238,-22.61148441056));
#2873 = CARTESIAN_POINT('',(-6.325022554414,-22.54021544799));
#2874 = CARTESIAN_POINT('',(-6.627230771755,-22.46551763026));
#2875 = CARTESIAN_POINT('',(-7.087113974496,-22.34636939004));
#2876 = CARTESIAN_POINT('',(-7.24542007345,-22.3043584207));
#2877 = CARTESIAN_POINT('',(-7.403479670754,-22.26142173958));
#2878 = CARTESIAN_POINT('',(-7.561288150295,-22.21756731236));
#2879 = CARTESIAN_POINT('',(-7.718841019432,-22.17280297875));
#2880 = CARTESIAN_POINT('',(-7.876133908996,-22.12713645248));
#2881 = CARTESIAN_POINT('',(-8.033162573288,-22.08057532135));
#2882 = CARTESIAN_POINT('',(-8.27381180907,-22.00773551626));
#2883 = CARTESIAN_POINT('',(-8.357832954903,-21.98202664775));
#2884 = CARTESIAN_POINT('',(-8.441985314047,-21.9559992838));
#2885 = CARTESIAN_POINT('',(-8.526267872967,-21.9296522666));
#2886 = CARTESIAN_POINT('',(-8.61067961813,-21.90298443833));
#2887 = CARTESIAN_POINT('',(-8.695219536,-21.87599464115));
#2888 = CARTESIAN_POINT('',(-8.779886613044,-21.84868171725));
#2889 = CARTESIAN_POINT('',(-8.950206856618,-21.79316812873));
#2890 = CARTESIAN_POINT('',(-9.035652928687,-21.76504009956));
#2891 = CARTESIAN_POINT('',(-9.121004263735,-21.73662617314));
#2892 = CARTESIAN_POINT('',(-9.206274645587,-21.70796940894));
#2893 = CARTESIAN_POINT('',(-9.291466848818,-21.67908097878));
#2894 = CARTESIAN_POINT('',(-9.376565035419,-21.64991863719));
#2895 = CARTESIAN_POINT('',(-9.46155812943,-21.6204528574));
#2896 = CARTESIAN_POINT('',(-9.606430758813,-21.5699101403));
#2897 = CARTESIAN_POINT('',(-9.666424269239,-21.54886058234));
#2898 = CARTESIAN_POINT('',(-9.726473826113,-21.52765738324));
#2899 = CARTESIAN_POINT('',(-9.786578556371,-21.50629069911));
#2900 = CARTESIAN_POINT('',(-9.84673758855,-21.48475541815));
#2901 = CARTESIAN_POINT('',(-9.906950052792,-21.46305116067));
#2902 = CARTESIAN_POINT('',(-9.967215080841,-21.44118227911));
#2903 = CARTESIAN_POINT('',(-10.57797289397,-21.21816640366));
#2904 = CARTESIAN_POINT('',(-11.12457537522,-21.00669441572));
#2905 = CARTESIAN_POINT('',(-11.66732808209,-20.78537396909));
#2906 = CARTESIAN_POINT('',(-12.20621252858,-20.5547467283));
#2907 = CARTESIAN_POINT('',(-12.74121036864,-20.31528160868));
#2908 = CARTESIAN_POINT('',(-13.27230873926,-20.06738737624));
#2909 = CARTESIAN_POINT('',(-13.79950348834,-19.811420186));
#2910 = CARTESIAN_POINT('',(-14.74517940405,-19.33481300533));
#2911 = CARTESIAN_POINT('',(-15.16500962881,-19.11688482198));
#2912 = CARTESIAN_POINT('',(-15.58228807777,-18.8940656888));
#2913 = CARTESIAN_POINT('',(-15.9970090396,-18.66650395718));
#2914 = CARTESIAN_POINT('',(-16.40916471078,-18.43433350944));
#2915 = CARTESIAN_POINT('',(-16.81874593077,-18.19767511821));
#2916 = CARTESIAN_POINT('',(-17.22574291717,-17.95663780585));
#2917 = CARTESIAN_POINT('',(-17.78450720256,-17.6176821449));
#2918 = CARTESIAN_POINT('',(-17.9384905741,-17.52342089459));
#2919 = CARTESIAN_POINT('',(-18.09209410382,-17.42854020231));
#2920 = CARTESIAN_POINT('',(-18.24531955136,-17.33304899227));
#2921 = CARTESIAN_POINT('',(-18.39816462298,-17.23695020149));
#2922 = CARTESIAN_POINT('',(-18.55062677139,-17.14024612928));
#2923 = CARTESIAN_POINT('',(-18.70270805669,-17.04294555331));
#2924 = CARTESIAN_POINT('',(-19.41527128776,-16.58315623486));
#2925 = CARTESIAN_POINT('',(-19.97094560323,-16.21322736276));
#2926 = CARTESIAN_POINT('',(-20.52151072684,-15.83566665247));
#2927 = CARTESIAN_POINT('',(-21.06702408462,-15.45081728148));
#2928 = CARTESIAN_POINT('',(-21.6075284671,-15.05897762408));
#2929 = CARTESIAN_POINT('',(-22.14305580019,-14.66040661302));
#2930 = CARTESIAN_POINT('',(-22.67362947314,-14.25532704281));
#2931 = CARTESIAN_POINT('',(-23.46376202411,-13.63691265279));
#2932 = CARTESIAN_POINT('',(-23.72700711736,-13.42829927869));
#2933 = CARTESIAN_POINT('',(-23.98900167628,-13.2181111606));
#2934 = CARTESIAN_POINT('',(-24.24974600973,-13.00637111163));
#2935 = CARTESIAN_POINT('',(-24.50923956227,-12.79310028968));
#2936 = CARTESIAN_POINT('',(-24.76748091411,-12.57831819743));
#2937 = CARTESIAN_POINT('',(-25.02446778114,-12.36204268237));
#2938 = CARTESIAN_POINT('',(-25.40878655618,-12.03479629279));
#2939 = CARTESIAN_POINT('',(-25.53705809717,-11.92492917908));
#2940 = CARTESIAN_POINT('',(-25.6650112323,-11.81469067661));
#2941 = CARTESIAN_POINT('',(-25.7926454958,-11.70408277792));
#2942 = CARTESIAN_POINT('',(-25.91996036176,-11.59310738709));
#2943 = CARTESIAN_POINT('',(-26.04695524406,-11.48176631973));
#2944 = CARTESIAN_POINT('',(-26.17362949646,-11.370061303));
#2945 = CARTESIAN_POINT('',(-26.36744378888,-11.19815985075));
#2946 = CARTESIAN_POINT('',(-26.43482198045,-11.13821498062));
#2947 = CARTESIAN_POINT('',(-26.5021161102,-11.07816021694));
#2948 = CARTESIAN_POINT('',(-26.56932530107,-11.0179964115));
#2949 = CARTESIAN_POINT('',(-26.63644867603,-10.95772441605));
#2950 = CARTESIAN_POINT('',(-26.70348535804,-10.89734508235));
#2951 = CARTESIAN_POINT('',(-26.77043447006,-10.83685926218));
#2952 = CARTESIAN_POINT('',(-26.90415548158,-10.71567664101));
#2953 = CARTESIAN_POINT('',(-26.97092874474,-10.65498003834));
#2954 = CARTESIAN_POINT('',(-27.03761232559,-10.59417828792));
#2955 = CARTESIAN_POINT('',(-27.10420453552,-10.53327202532));
#2956 = CARTESIAN_POINT('',(-27.17070459629,-10.47226223302));
#2957 = CARTESIAN_POINT('',(-27.23711264002,-10.41115024044));
#2958 = CARTESIAN_POINT('',(-27.30342970917,-10.34993772394));
#2959 = CARTESIAN_POINT('',(-27.46896880351,-10.19668890185));
#2960 = CARTESIAN_POINT('',(-27.56807850522,-10.10453356687));
#2961 = CARTESIAN_POINT('',(-27.66698123019,-10.01215603698));
#2962 = CARTESIAN_POINT('',(-27.76567321577,-9.919552873899));
#2963 = CARTESIAN_POINT('',(-27.86416680538,-9.826739079673));
#2964 = CARTESIAN_POINT('',(-27.96245056002,-9.733702981665));
#2965 = CARTESIAN_POINT('',(-28.0605317365,-9.640453837105));
#2966 = CARTESIAN_POINT('',(-28.84975649665,-8.886817715994));
#2967 = CARTESIAN_POINT('',(-29.53091217201,-8.215993824627));
#2968 = CARTESIAN_POINT('',(-30.20204033747,-7.535043143753));
#2969 = CARTESIAN_POINT('',(-30.8632454584,-6.844411948424));
#2970 = CARTESIAN_POINT('',(-31.51457903537,-6.144475682528));
#2971 = CARTESIAN_POINT('',(-32.1560408145,-5.435540274384));
#2972 = CARTESIAN_POINT('',(-32.78757382971,-4.717837699812));
#2973 = CARTESIAN_POINT('',(-33.61110830668,-3.755374444558));
#2974 = CARTESIAN_POINT('',(-33.81209981186,-3.518323198011));
#2975 = CARTESIAN_POINT('',(-34.01202395836,-3.280369089691));
#2976 = CARTESIAN_POINT('',(-34.21086256135,-3.041505200123));
#2977 = CARTESIAN_POINT('',(-34.40864762252,-2.801769256415));
#2978 = CARTESIAN_POINT('',(-34.6053525913,-2.561147213355));
#2979 = CARTESIAN_POINT('',(-34.80099095761,-2.319660465362));
#2980 = CARTESIAN_POINT('',(-35.19085982253,-1.834050081732));
#2981 = CARTESIAN_POINT('',(-35.38508278031,-1.589920427231));
#2982 = CARTESIAN_POINT('',(-35.57822558014,-1.344932991117));
#2983 = CARTESIAN_POINT('',(-35.77028674723,-1.09909566752));
#2984 = CARTESIAN_POINT('',(-35.96126413965,-0.852415779799));
#2985 = CARTESIAN_POINT('',(-36.15115494835,-0.604900080549));
#2986 = CARTESIAN_POINT('',(-36.33995569714,-0.356554751594));
#2987 = CARTESIAN_POINT('',(-36.72015252309,0.148134068959));
#2988 = CARTESIAN_POINT('',(-36.9114918958,0.404520115647));
#2989 = CARTESIAN_POINT('',(-37.10167600278,0.661766657143));
#2990 = CARTESIAN_POINT('',(-37.29069935821,0.919868351139));
#2991 = CARTESIAN_POINT('',(-37.47855534858,1.178820591954));
#2992 = CARTESIAN_POINT('',(-37.6652362326,1.438619510531));
#2993 = CARTESIAN_POINT('',(-37.8507331413,1.699261974436));
#2994 = CARTESIAN_POINT('',(-38.1889651282,2.179135620122));
#2995 = CARTESIAN_POINT('',(-38.34206106828,2.398112663191));
#2996 = CARTESIAN_POINT('',(-38.49431969085,2.617673976468));
#2997 = CARTESIAN_POINT('',(-38.64572683119,2.837823946867));
#2998 = CARTESIAN_POINT('',(-38.79629343876,3.058549046781));
#2999 = CARTESIAN_POINT('',(-38.94598178263,3.279869618744));
#3000 = CARTESIAN_POINT('',(-39.09480985454,3.501767617084));
#3001 = CARTESIAN_POINT('',(-39.48356984663,4.086330162288));
#3002 = CARTESIAN_POINT('',(-39.72206770081,4.449947347926));
#3003 = CARTESIAN_POINT('',(-39.9582427354,4.815083482975));
#3004 = CARTESIAN_POINT('',(-40.19207520224,5.181726771767));
#3005 = CARTESIAN_POINT('',(-40.42354266921,5.549866582004));
#3006 = CARTESIAN_POINT('',(-40.65261941243,5.91949382032));
#3007 = CARTESIAN_POINT('',(-40.8792758083,6.290601307841));
#3008 = CARTESIAN_POINT('',(-41.25315419008,6.911919242486));
#3009 = CARTESIAN_POINT('',(-41.4017366243,7.161311723351));
#3010 = CARTESIAN_POINT('',(-41.54921476985,7.411360200716));
#3011 = CARTESIAN_POINT('',(-41.69557739548,7.662063582113));
#3012 = CARTESIAN_POINT('',(-41.84081207099,7.913421208861));
#3013 = CARTESIAN_POINT('',(-41.98490494114,8.165432984691));
#3014 = CARTESIAN_POINT('',(-42.12784049946,8.418099504379));
#3015 = CARTESIAN_POINT('',(-42.36728200266,8.845974742143));
#3016 = CARTESIAN_POINT('',(-42.46440476263,9.020838910269));
#3017 = CARTESIAN_POINT('',(-42.56096502885,9.196014429725));
#3018 = CARTESIAN_POINT('',(-42.65695292704,9.371504008466));
#3019 = CARTESIAN_POINT('',(-42.75236553155,9.547306386196));
#3020 = CARTESIAN_POINT('',(-42.84720074258,9.723419744613));
#3021 = CARTESIAN_POINT('',(-42.94145050795,9.89984551316));
#3022 = CARTESIAN_POINT('',(-43.27789312995,10.534711428446));
#3023 = CARTESIAN_POINT('',(-43.51671369504,10.994931749024));
#3024 = CARTESIAN_POINT('',(-43.75148475709,11.457240875663));
#3025 = CARTESIAN_POINT('',(-43.98210726661,11.921636385516));
#3026 = CARTESIAN_POINT('',(-44.2084729523,12.388115082531));
#3027 = CARTESIAN_POINT('',(-44.4304591561,12.856675513528));
#3028 = CARTESIAN_POINT('',(-44.64792651238,13.327318750374));
#3029 = CARTESIAN_POINT('',(-44.87542435281,13.83268593887));
#3030 = CARTESIAN_POINT('',(-44.8900991109,13.865338794268));
#3031 = CARTESIAN_POINT('',(-44.90475390512,13.898000523898));
#3032 = CARTESIAN_POINT('',(-44.91938783901,13.930671501682));
#3033 = CARTESIAN_POINT('',(-44.93399879161,13.963352647316));
#3034 = CARTESIAN_POINT('',(-44.94858341741,13.996045426268));
#3035 = CARTESIAN_POINT('',(-44.96313714637,14.02875184978));
#3036 = CARTESIAN_POINT('',(-44.99169249395,14.093118007776));
#3037 = CARTESIAN_POINT('',(-45.00570400466,14.124773344945));
#3038 = CARTESIAN_POINT('',(-45.0196939484,14.156438120785));
#3039 = CARTESIAN_POINT('',(-45.03366585516,14.188110736298));
#3040 = CARTESIAN_POINT('',(-45.04762155268,14.219790359074));
#3041 = CARTESIAN_POINT('',(-45.06156116638,14.251476923289));
#3042 = CARTESIAN_POINT('',(-45.0754831194,14.283171129707));
#3043 = CARTESIAN_POINT('',(-45.17915634733,14.519613255667));
#3044 = CARTESIAN_POINT('',(-45.26814704131,14.724688693485));
#3045 = CARTESIAN_POINT('',(-45.35633240991,14.930107244373));
#3046 = CARTESIAN_POINT('',(-45.44368473581,15.135875670188));
#3047 = CARTESIAN_POINT('',(-45.53017235907,15.342001179842));
#3048 = CARTESIAN_POINT('',(-45.61575827817,15.548491875605));
#3049 = CARTESIAN_POINT('',(-45.70039738206,15.755357475248));
#3050 = CARTESIAN_POINT('',(-45.84141191303,16.104800714845));
#3051 = CARTESIAN_POINT('',(-45.89831750035,16.247170037265));
#3052 = CARTESIAN_POINT('',(-45.95473154828,16.389725266636));
#3053 = CARTESIAN_POINT('',(-46.0106331949,16.532470993165));
#3054 = CARTESIAN_POINT('',(-46.0659958456,16.675412645929));
#3055 = CARTESIAN_POINT('',(-46.12078887128,16.818550115946));
#3056 = CARTESIAN_POINT('',(-46.1749703114,16.961887295701));
#3057 = CARTESIAN_POINT('',(-46.24702547931,17.155126908826));
#3058 = CARTESIAN_POINT('',(-46.26548242092,17.204861463403));
#3059 = CARTESIAN_POINT('',(-46.28385754308,17.254617561234));
#3060 = CARTESIAN_POINT('',(-46.30214838368,17.304395148237));
#3061 = CARTESIAN_POINT('',(-46.32035260757,17.354191752696));
#3062 = CARTESIAN_POINT('',(-46.33846712397,17.404003594733));
#3063 = CARTESIAN_POINT('',(-46.35648835447,17.45382481222));
#3064 = CARTESIAN_POINT('',(-46.38073255346,17.521189043115));
#3065 = CARTESIAN_POINT('',(-46.38703672174,17.538736846213));
#3066 = CARTESIAN_POINT('',(-46.39332928941,17.556283041551));
#3067 = CARTESIAN_POINT('',(-46.39961039469,17.573826616086));
#3068 = CARTESIAN_POINT('',(-46.40588011597,17.591366087712));
#3069 = CARTESIAN_POINT('',(-46.41213856384,17.608899331149));
#3070 = CARTESIAN_POINT('',(-46.41838617105,17.626423027241));
#3071 = CARTESIAN_POINT('',(-46.42905697998,17.656373621155));
#3072 = CARTESIAN_POINT('',(-46.43348326196,17.66880348304));
#3073 = CARTESIAN_POINT('',(-46.43790515882,17.681222486309));
#3074 = CARTESIAN_POINT('',(-46.44232350998,17.69363187419));
#3075 = CARTESIAN_POINT('',(-46.44673978961,17.706024925623));
#3076 = CARTESIAN_POINT('',(-46.45115445192,17.718392480472));
#3077 = CARTESIAN_POINT('',(-46.45556745306,17.730722409047));
#3078 = CARTESIAN_POINT('',(-46.45998670907,17.74297340254));
#3079 = ( GEOMETRIC_REPRESENTATION_CONTEXT(2) 
PARAMETRIC_REPRESENTATION_CONTEXT() REPRESENTATION_CONTEXT('2D SPACE',''
  ) );
#3080 = ORIENTED_EDGE('',*,*,#3081,.F.);
#3081 = EDGE_CURVE('',#3082,#2627,#3084,.T.);
#3082 = VERTEX_POINT('',#3083);
#3083 = CARTESIAN_POINT('',(46.461594216965,233.6499999,4.984976452657)
  );
#3084 = SURFACE_CURVE('',#3085,(#3089,#3096),.PCURVE_S1.);
#3085 = LINE('',#3086,#3087);
#3086 = CARTESIAN_POINT('',(46.461594216965,233.6499999,4.984976452657)
  );
#3087 = VECTOR('',#3088,1.);
#3088 = DIRECTION('',(0.,1.,0.));
#3089 = PCURVE('',#2023,#3090);
#3090 = DEFINITIONAL_REPRESENTATION('',(#3091),#3095);
#3091 = LINE('',#3092,#3093);
#3092 = CARTESIAN_POINT('',(1.,0.));
#3093 = VECTOR('',#3094,1.);
#3094 = DIRECTION('',(0.,-1.));
#3095 = ( GEOMETRIC_REPRESENTATION_CONTEXT(2) 
PARAMETRIC_REPRESENTATION_CONTEXT() REPRESENTATION_CONTEXT('2D SPACE',''
  ) );
#3096 = PCURVE('',#3097,#3111);
#3097 = SURFACE_OF_LINEAR_EXTRUSION('',#3098,#3109);
#3098 = B_SPLINE_CURVE_WITH_KNOTS('',5,(#3099,#3100,#3101,#3102,#3103,
    #3104,#3105,#3106,#3107,#3108),.UNSPECIFIED.,.F.,.F.,(6,4,6),(0.,
    0.510106893588,1.),.UNSPECIFIED.);
#3099 = CARTESIAN_POINT('',(46.461594216965,233.6499999,4.984976452657)
  );
#3100 = CARTESIAN_POINT('',(46.622262962581,233.6499999,4.539575731954)
  );
#3101 = CARTESIAN_POINT('',(46.777764874235,233.6499999,4.09250045363));
#3102 = CARTESIAN_POINT('',(46.927919153078,233.6499999,3.643786802783)
  );
#3103 = CARTESIAN_POINT('',(47.072516057464,233.6499999,3.193478117583)
  );
#3104 = CARTESIAN_POINT('',(47.344597191156,233.6499999,2.307672257921)
  );
#3105 = CARTESIAN_POINT('',(47.472532091228,233.6499999,1.8722965638));
#3106 = CARTESIAN_POINT('',(47.594890506479,233.6499999,1.435537161559)
  );
#3107 = CARTESIAN_POINT('',(47.711415950495,233.6499999,0.997448076292)
  );
#3108 = CARTESIAN_POINT('',(47.821802200339,233.6499999,0.558093020623)
  );
#3109 = VECTOR('',#3110,1.);
#3110 = DIRECTION('',(-0.,-1.,-0.));
#3111 = DEFINITIONAL_REPRESENTATION('',(#3112),#3116);
#3112 = LINE('',#3113,#3114);
#3113 = CARTESIAN_POINT('',(0.,0.));
#3114 = VECTOR('',#3115,1.);
#3115 = DIRECTION('',(0.,-1.));
#3116 = ( GEOMETRIC_REPRESENTATION_CONTEXT(2) 
PARAMETRIC_REPRESENTATION_CONTEXT() REPRESENTATION_CONTEXT('2D SPACE',''
  ) );
#3117 = ORIENTED_EDGE('',*,*,#3118,.F.);
#3118 = EDGE_CURVE('',#2008,#3082,#3119,.T.);
#3119 = SURFACE_CURVE('',#3120,(#3340,#3347),.PCURVE_S1.);
#3120 = B_SPLINE_CURVE_WITH_KNOTS('',8,(#3121,#3122,#3123,#3124,#3125,
    #3126,#3127,#3128,#3129,#3130,#3131,#3132,#3133,#3134,#3135,#3136,
    #3137,#3138,#3139,#3140,#3141,#3142,#3143,#3144,#3145,#3146,#3147,
    #3148,#3149,#3150,#3151,#3152,#3153,#3154,#3155,#3156,#3157,#3158,
    #3159,#3160,#3161,#3162,#3163,#3164,#3165,#3166,#3167,#3168,#3169,
    #3170,#3171,#3172,#3173,#3174,#3175,#3176,#3177,#3178,#3179,#3180,
    #3181,#3182,#3183,#3184,#3185,#3186,#3187,#3188,#3189,#3190,#3191,
    #3192,#3193,#3194,#3195,#3196,#3197,#3198,#3199,#3200,#3201,#3202,
    #3203,#3204,#3205,#3206,#3207,#3208,#3209,#3210,#3211,#3212,#3213,
    #3214,#3215,#3216,#3217,#3218,#3219,#3220,#3221,#3222,#3223,#3224,
    #3225,#3226,#3227,#3228,#3229,#3230,#3231,#3232,#3233,#3234,#3235,
    #3236,#3237,#3238,#3239,#3240,#3241,#3242,#3243,#3244,#3245,#3246,
    #3247,#3248,#3249,#3250,#3251,#3252,#3253,#3254,#3255,#3256,#3257,
    #3258,#3259,#3260,#3261,#3262,#3263,#3264,#3265,#3266,#3267,#3268,
    #3269,#3270,#3271,#3272,#3273,#3274,#3275,#3276,#3277,#3278,#3279,
    #3280,#3281,#3282,#3283,#3284,#3285,#3286,#3287,#3288,#3289,#3290,
    #3291,#3292,#3293,#3294,#3295,#3296,#3297,#3298,#3299,#3300,#3301,
    #3302,#3303,#3304,#3305,#3306,#3307,#3308,#3309,#3310,#3311,#3312,
    #3313,#3314,#3315,#3316,#3317,#3318,#3319,#3320,#3321,#3322,#3323,
    #3324,#3325,#3326,#3327,#3328,#3329,#3330,#3331,#3332,#3333,#3334,
    #3335,#3336,#3337,#3338,#3339),.UNSPECIFIED.,.F.,.F.,(9,7,7,7,7,7,7,
    7,7,7,7,7,7,7,7,7,7,7,7,7,7,7,7,7,7,7,7,7,7,7,7,9),(0.,
    7.108945752077E-02,0.110250126567,0.130854547801,0.14188082447,
    0.153002522232,0.160850741088,0.232472370261,0.290281782642,
    0.312347713187,0.393927906713,0.434978577621,0.455620280813,
    0.466641140096,0.477661946886,0.494187994436,0.61091896381,
    0.648870467407,0.686965484188,0.726031359278,0.758659016551,
    0.811761190223,0.847212027128,0.871639505853,0.934959154578,
    0.93933167904,0.943560011007,0.970866418193,0.98960058458,
    0.996089591582,0.99837556297,1.),.UNSPECIFIED.);
#3121 = CARTESIAN_POINT('',(-2.003836800318E-06,233.6499999,
    46.043584247059));
#3122 = CARTESIAN_POINT('',(0.565041410904,233.6499999,46.04365826973));
#3123 = CARTESIAN_POINT('',(1.130070664766,233.6499999,46.028093057889)
  );
#3124 = CARTESIAN_POINT('',(1.694617808222,233.6499999,45.997657129318)
  );
#3125 = CARTESIAN_POINT('',(2.258259564935,233.6499999,45.952989692897)
  );
#3126 = CARTESIAN_POINT('',(2.820620011969,233.6499999,45.894643807594)
  );
#3127 = CARTESIAN_POINT('',(3.381372381964,233.6499999,45.823114175901)
  );
#3128 = CARTESIAN_POINT('',(3.9402399873,233.6499999,45.738849571702));
#3129 = CARTESIAN_POINT('',(4.803693618255,233.6499999,45.589036559777)
  );
#3130 = CARTESIAN_POINT('',(5.109742236561,233.6499999,45.532081665134)
  );
#3131 = CARTESIAN_POINT('',(5.415099671757,233.6499999,45.471453416663)
  );
#3132 = CARTESIAN_POINT('',(5.7197254279,233.6499999,45.40721687358));
#3133 = CARTESIAN_POINT('',(6.023581025131,233.6499999,45.33943426576));
#3134 = CARTESIAN_POINT('',(6.326630062307,233.6499999,45.268165303196)
  );
#3135 = CARTESIAN_POINT('',(6.628838279648,233.6499999,45.193467485464)
  );
#3136 = CARTESIAN_POINT('',(7.088721482389,233.6499999,45.074319245239)
  );
#3137 = CARTESIAN_POINT('',(7.247027581343,233.6499999,45.032308275897)
  );
#3138 = CARTESIAN_POINT('',(7.405087178647,233.6499999,44.989371594783)
  );
#3139 = CARTESIAN_POINT('',(7.562895658188,233.6499999,44.945517167565)
  );
#3140 = CARTESIAN_POINT('',(7.720448527325,233.6499999,44.900752833951)
  );
#3141 = CARTESIAN_POINT('',(7.877741416889,233.6499999,44.855086307686)
  );
#3142 = CARTESIAN_POINT('',(8.034770081181,233.6499999,44.808525176552)
  );
#3143 = CARTESIAN_POINT('',(8.275419316963,233.6499999,44.735685371465)
  );
#3144 = CARTESIAN_POINT('',(8.359440462796,233.6499999,44.70997650295));
#3145 = CARTESIAN_POINT('',(8.44359282194,233.6499999,44.683949139004));
#3146 = CARTESIAN_POINT('',(8.52787538086,233.6499999,44.657602121805));
#3147 = CARTESIAN_POINT('',(8.612287126023,233.6499999,44.630934293529)
  );
#3148 = CARTESIAN_POINT('',(8.696827043893,233.6499999,44.603944496353)
  );
#3149 = CARTESIAN_POINT('',(8.781494120937,233.6499999,44.576631572454)
  );
#3150 = CARTESIAN_POINT('',(8.951814364511,233.6499999,44.521117983928)
  );
#3151 = CARTESIAN_POINT('',(9.03726043658,233.6499999,44.492989954758));
#3152 = CARTESIAN_POINT('',(9.122611771628,233.6499999,44.464576028339)
  );
#3153 = CARTESIAN_POINT('',(9.20788215348,233.6499999,44.435919264144));
#3154 = CARTESIAN_POINT('',(9.293074356711,233.6499999,44.407030833986)
  );
#3155 = CARTESIAN_POINT('',(9.378172543312,233.6499999,44.377868492387)
  );
#3156 = CARTESIAN_POINT('',(9.463165637323,233.6499999,44.348402712604)
  );
#3157 = CARTESIAN_POINT('',(9.608038266706,233.6499999,44.2978599955));
#3158 = CARTESIAN_POINT('',(9.668031777132,233.6499999,44.276810437541)
  );
#3159 = CARTESIAN_POINT('',(9.728081334006,233.6499999,44.255607238444)
  );
#3160 = CARTESIAN_POINT('',(9.788186064264,233.6499999,44.23424055431));
#3161 = CARTESIAN_POINT('',(9.848345096443,233.6499999,44.212705273347)
  );
#3162 = CARTESIAN_POINT('',(9.908557560685,233.6499999,44.191001015873)
  );
#3163 = CARTESIAN_POINT('',(9.968822588734,233.6499999,44.169132134312)
  );
#3164 = CARTESIAN_POINT('',(10.579580401871,233.6499999,43.946116258866)
  );
#3165 = CARTESIAN_POINT('',(11.126182883115,233.6499999,43.734644270921)
  );
#3166 = CARTESIAN_POINT('',(11.668935589984,233.6499999,43.513323824292)
  );
#3167 = CARTESIAN_POINT('',(12.207820036476,233.6499999,43.282696583498)
  );
#3168 = CARTESIAN_POINT('',(12.74281787654,233.6499999,43.043231463886)
  );
#3169 = CARTESIAN_POINT('',(13.273916247155,233.6499999,42.795337231446)
  );
#3170 = CARTESIAN_POINT('',(13.801110996237,233.6499999,42.539370041199)
  );
#3171 = CARTESIAN_POINT('',(14.746786911947,233.6499999,42.062762860531)
  );
#3172 = CARTESIAN_POINT('',(15.166617136705,233.6499999,41.844834677182)
  );
#3173 = CARTESIAN_POINT('',(15.583895585667,233.6499999,41.622015544003)
  );
#3174 = CARTESIAN_POINT('',(15.9986165475,233.6499999,41.394453812386));
#3175 = CARTESIAN_POINT('',(16.410772218679,233.6499999,41.162283364642)
  );
#3176 = CARTESIAN_POINT('',(16.820353438664,233.6499999,40.925624973407)
  );
#3177 = CARTESIAN_POINT('',(17.227350425072,233.6499999,40.684587661051)
  );
#3178 = CARTESIAN_POINT('',(17.786114710453,233.6499999,40.3456320001));
#3179 = CARTESIAN_POINT('',(17.940098082001,233.6499999,40.251370749787)
  );
#3180 = CARTESIAN_POINT('',(18.093701611716,233.6499999,40.156490057515)
  );
#3181 = CARTESIAN_POINT('',(18.246927059254,233.6499999,40.060998847468)
  );
#3182 = CARTESIAN_POINT('',(18.399772130878,233.6499999,39.964900056695)
  );
#3183 = CARTESIAN_POINT('',(18.552234279291,233.6499999,39.868195984481)
  );
#3184 = CARTESIAN_POINT('',(18.704315564584,233.6499999,39.770895408511)
  );
#3185 = CARTESIAN_POINT('',(19.416878795653,233.6499999,39.311106090063)
  );
#3186 = CARTESIAN_POINT('',(19.972553111126,233.6499999,38.941177217961)
  );
#3187 = CARTESIAN_POINT('',(20.523118234739,233.6499999,38.563616507674)
  );
#3188 = CARTESIAN_POINT('',(21.068631592522,233.6499999,38.178767136682)
  );
#3189 = CARTESIAN_POINT('',(21.609135974993,233.6499999,37.78692747928)
  );
#3190 = CARTESIAN_POINT('',(22.144663308089,233.6499999,37.388356468223)
  );
#3191 = CARTESIAN_POINT('',(22.675236981042,233.6499999,36.983276898007)
  );
#3192 = CARTESIAN_POINT('',(23.465369532003,233.6499999,36.36486250799)
  );
#3193 = CARTESIAN_POINT('',(23.728614625261,233.6499999,36.156249133892)
  );
#3194 = CARTESIAN_POINT('',(23.990609184177,233.6499999,35.946061015803)
  );
#3195 = CARTESIAN_POINT('',(24.25135351763,233.6499999,35.734320966833)
  );
#3196 = CARTESIAN_POINT('',(24.510847070168,233.6499999,35.521050144882)
  );
#3197 = CARTESIAN_POINT('',(24.769088422009,233.6499999,35.306268052635)
  );
#3198 = CARTESIAN_POINT('',(25.026075289037,233.6499999,35.089992537567)
  );
#3199 = CARTESIAN_POINT('',(25.410394064073,233.6499999,34.762746147993)
  );
#3200 = CARTESIAN_POINT('',(25.538665605065,233.6499999,34.652879034284)
  );
#3201 = CARTESIAN_POINT('',(25.666618740193,233.6499999,34.542640531814)
  );
#3202 = CARTESIAN_POINT('',(25.794253003698,233.6499999,34.432032633124)
  );
#3203 = CARTESIAN_POINT('',(25.921567869653,233.6499999,34.32105724229)
  );
#3204 = CARTESIAN_POINT('',(26.048562751961,233.6499999,34.209716174929)
  );
#3205 = CARTESIAN_POINT('',(26.175237004358,233.6499999,34.098011158198)
  );
#3206 = CARTESIAN_POINT('',(26.369051296777,233.6499999,33.926109705955)
  );
#3207 = CARTESIAN_POINT('',(26.436429488351,233.6499999,33.866164835818)
  );
#3208 = CARTESIAN_POINT('',(26.503723618093,233.6499999,33.806110072144)
  );
#3209 = CARTESIAN_POINT('',(26.570932808964,233.6499999,33.7459462667));
#3210 = CARTESIAN_POINT('',(26.638056183923,233.6499999,33.685674271248)
  );
#3211 = CARTESIAN_POINT('',(26.705092865933,233.6499999,33.625294937555)
  );
#3212 = CARTESIAN_POINT('',(26.772041977953,233.6499999,33.564809117383)
  );
#3213 = CARTESIAN_POINT('',(26.905762989474,233.6499999,33.443626496212)
  );
#3214 = CARTESIAN_POINT('',(26.97253625264,233.6499999,33.382929893542)
  );
#3215 = CARTESIAN_POINT('',(27.039219833488,233.6499999,33.322128143124)
  );
#3216 = CARTESIAN_POINT('',(27.105812043419,233.6499999,33.261221880519)
  );
#3217 = CARTESIAN_POINT('',(27.172312104192,233.6499999,33.20021208822)
  );
#3218 = CARTESIAN_POINT('',(27.23872014792,233.6499999,33.139100095644)
  );
#3219 = CARTESIAN_POINT('',(27.305037217072,233.6499999,33.07788757914)
  );
#3220 = CARTESIAN_POINT('',(27.470576311405,233.6499999,32.924638757056)
  );
#3221 = CARTESIAN_POINT('',(27.569686013119,233.6499999,32.832483422069)
  );
#3222 = CARTESIAN_POINT('',(27.668588738085,233.6499999,32.740105892181)
  );
#3223 = CARTESIAN_POINT('',(27.767280723671,233.6499999,32.647502729096)
  );
#3224 = CARTESIAN_POINT('',(27.865774313282,233.6499999,32.55468893487)
  );
#3225 = CARTESIAN_POINT('',(27.964058067919,233.6499999,32.461652836862)
  );
#3226 = CARTESIAN_POINT('',(28.062139244402,233.6499999,32.368403692302)
  );
#3227 = CARTESIAN_POINT('',(28.851364004551,233.6499999,31.614767571191)
  );
#3228 = CARTESIAN_POINT('',(29.532519679912,233.6499999,30.943943679824)
  );
#3229 = CARTESIAN_POINT('',(30.203647845372,233.6499999,30.26299299895)
  );
#3230 = CARTESIAN_POINT('',(30.8648529663,233.6499999,29.572361803621));
#3231 = CARTESIAN_POINT('',(31.516186543272,233.6499999,28.872425537725)
  );
#3232 = CARTESIAN_POINT('',(32.157648322397,233.6499999,28.163490129581)
  );
#3233 = CARTESIAN_POINT('',(32.789181337604,233.6499999,27.445787555009)
  );
#3234 = CARTESIAN_POINT('',(33.612715814579,233.6499999,26.483324299755)
  );
#3235 = CARTESIAN_POINT('',(33.813707319756,233.6499999,26.246273053208)
  );
#3236 = CARTESIAN_POINT('',(34.01363146626,233.6499999,26.008318944888)
  );
#3237 = CARTESIAN_POINT('',(34.212470069248,233.6499999,25.76945505532)
  );
#3238 = CARTESIAN_POINT('',(34.410255130418,233.6499999,25.529719111612)
  );
#3239 = CARTESIAN_POINT('',(34.606960099195,233.6499999,25.289097068552)
  );
#3240 = CARTESIAN_POINT('',(34.802598465508,233.6499999,25.047610320559)
  );
#3241 = CARTESIAN_POINT('',(35.192467330428,233.6499999,24.561999936929)
  );
#3242 = CARTESIAN_POINT('',(35.386690288211,233.6499999,24.317870282428)
  );
#3243 = CARTESIAN_POINT('',(35.57983308804,233.6499999,24.072882846314)
  );
#3244 = CARTESIAN_POINT('',(35.771894255127,233.6499999,23.827045522717)
  );
#3245 = CARTESIAN_POINT('',(35.962871647548,233.6499999,23.580365634996)
  );
#3246 = CARTESIAN_POINT('',(36.152762456247,233.6499999,23.332849935746)
  );
#3247 = CARTESIAN_POINT('',(36.341563205033,233.6499999,23.084504606791)
  );
#3248 = CARTESIAN_POINT('',(36.721760030983,233.6499999,22.579815786238)
  );
#3249 = CARTESIAN_POINT('',(36.913099403702,233.6499999,22.32342973955)
  );
#3250 = CARTESIAN_POINT('',(37.103283510676,233.6499999,22.066183198054)
  );
#3251 = CARTESIAN_POINT('',(37.29230686611,233.6499999,21.808081504058)
  );
#3252 = CARTESIAN_POINT('',(37.480162856473,233.6499999,21.549129263243)
  );
#3253 = CARTESIAN_POINT('',(37.666843740501,233.6499999,21.289330344666)
  );
#3254 = CARTESIAN_POINT('',(37.852340649197,233.6499999,21.028687880761)
  );
#3255 = CARTESIAN_POINT('',(38.1905726361,233.6499999,20.548814235075));
#3256 = CARTESIAN_POINT('',(38.343668576173,233.6499999,20.329837192006)
  );
#3257 = CARTESIAN_POINT('',(38.495927198751,233.6499999,20.110275878729)
  );
#3258 = CARTESIAN_POINT('',(38.647334339084,233.6499999,19.89012590833)
  );
#3259 = CARTESIAN_POINT('',(38.797900946655,233.6499999,19.669400808416)
  );
#3260 = CARTESIAN_POINT('',(38.947589290524,233.6499999,19.448080236453)
  );
#3261 = CARTESIAN_POINT('',(39.09641736244,233.6499999,19.226182238113)
  );
#3262 = CARTESIAN_POINT('',(39.485177354531,233.6499999,18.641619692909)
  );
#3263 = CARTESIAN_POINT('',(39.723675208703,233.6499999,18.278002507271)
  );
#3264 = CARTESIAN_POINT('',(39.959850243301,233.6499999,17.912866372222)
  );
#3265 = CARTESIAN_POINT('',(40.193682710136,233.6499999,17.54622308343)
  );
#3266 = CARTESIAN_POINT('',(40.42515017711,233.6499999,17.178083273193)
  );
#3267 = CARTESIAN_POINT('',(40.654226920325,233.6499999,16.808456034877)
  );
#3268 = CARTESIAN_POINT('',(40.880883316199,233.6499999,16.437348547356)
  );
#3269 = CARTESIAN_POINT('',(41.254761697978,233.6499999,15.816030612711)
  );
#3270 = CARTESIAN_POINT('',(41.403344132197,233.6499999,15.566638131846)
  );
#3271 = CARTESIAN_POINT('',(41.55082227775,233.6499999,15.316589654481)
  );
#3272 = CARTESIAN_POINT('',(41.697184903373,233.6499999,15.065886273084)
  );
#3273 = CARTESIAN_POINT('',(41.842419578885,233.6499999,14.814528646336)
  );
#3274 = CARTESIAN_POINT('',(41.986512449035,233.6499999,14.562516870506)
  );
#3275 = CARTESIAN_POINT('',(42.129448007356,233.6499999,14.309850350818)
  );
#3276 = CARTESIAN_POINT('',(42.368889510562,233.6499999,13.881975113054)
  );
#3277 = CARTESIAN_POINT('',(42.466012270526,233.6499999,13.707110944928)
  );
#3278 = CARTESIAN_POINT('',(42.562572536749,233.6499999,13.531935425472)
  );
#3279 = CARTESIAN_POINT('',(42.658560434936,233.6499999,13.356445846731)
  );
#3280 = CARTESIAN_POINT('',(42.753973039448,233.6499999,13.180643469001)
  );
#3281 = CARTESIAN_POINT('',(42.848808250479,233.6499999,13.004530110584)
  );
#3282 = CARTESIAN_POINT('',(42.943058015843,233.6499999,12.828104342037)
  );
#3283 = CARTESIAN_POINT('',(43.279500637843,233.6499999,12.193238426751)
  );
#3284 = CARTESIAN_POINT('',(43.518321202936,233.6499999,11.733018106173)
  );
#3285 = CARTESIAN_POINT('',(43.753092264989,233.6499999,11.270708979534)
  );
#3286 = CARTESIAN_POINT('',(43.98371477451,233.6499999,10.806313469681)
  );
#3287 = CARTESIAN_POINT('',(44.210080460194,233.6499999,10.339834772666)
  );
#3288 = CARTESIAN_POINT('',(44.432066663999,233.6499999,9.871274341669)
  );
#3289 = CARTESIAN_POINT('',(44.649534020276,233.6499999,9.400631104823)
  );
#3290 = CARTESIAN_POINT('',(44.87703186071,233.6499999,8.895263916327));
#3291 = CARTESIAN_POINT('',(44.891706618798,233.6499999,8.862611060929)
  );
#3292 = CARTESIAN_POINT('',(44.906361413014,233.6499999,8.829949331299)
  );
#3293 = CARTESIAN_POINT('',(44.920995346911,233.6499999,8.797278353515)
  );
#3294 = CARTESIAN_POINT('',(44.93560629951,233.6499999,8.764597207881));
#3295 = CARTESIAN_POINT('',(44.950190925306,233.6499999,8.731904428929)
  );
#3296 = CARTESIAN_POINT('',(44.964744654264,233.6499999,8.699198005417)
  );
#3297 = CARTESIAN_POINT('',(44.993300001843,233.6499999,8.634831847421)
  );
#3298 = CARTESIAN_POINT('',(45.007311512561,233.6499999,8.603176510252)
  );
#3299 = CARTESIAN_POINT('',(45.021301456293,233.6499999,8.571511734412)
  );
#3300 = CARTESIAN_POINT('',(45.035273363058,233.6499999,8.539839118899)
  );
#3301 = CARTESIAN_POINT('',(45.049229060579,233.6499999,8.508159496123)
  );
#3302 = CARTESIAN_POINT('',(45.063168674282,233.6499999,8.476472931908)
  );
#3303 = CARTESIAN_POINT('',(45.077090627296,233.6499999,8.44477872549));
#3304 = CARTESIAN_POINT('',(45.180763855229,233.6499999,8.20833659953));
#3305 = CARTESIAN_POINT('',(45.269754549212,233.6499999,8.003261161712)
  );
#3306 = CARTESIAN_POINT('',(45.357939917805,233.6499999,7.797842610824)
  );
#3307 = CARTESIAN_POINT('',(45.445292243705,233.6499999,7.592074185009)
  );
#3308 = CARTESIAN_POINT('',(45.531779866968,233.6499999,7.385948675355)
  );
#3309 = CARTESIAN_POINT('',(45.617365786066,233.6499999,7.179457979592)
  );
#3310 = CARTESIAN_POINT('',(45.702004889955,233.6499999,6.972592379949)
  );
#3311 = CARTESIAN_POINT('',(45.843019420923,233.6499999,6.623149140352)
  );
#3312 = CARTESIAN_POINT('',(45.89992500825,233.6499999,6.480779817932));
#3313 = CARTESIAN_POINT('',(45.956339056178,233.6499999,6.338224588561)
  );
#3314 = CARTESIAN_POINT('',(46.012240702795,233.6499999,6.195478862032)
  );
#3315 = CARTESIAN_POINT('',(46.067603353498,233.6499999,6.052537209268)
  );
#3316 = CARTESIAN_POINT('',(46.122396379175,233.6499999,5.909399739251)
  );
#3317 = CARTESIAN_POINT('',(46.176577819295,233.6499999,5.766062559496)
  );
#3318 = CARTESIAN_POINT('',(46.248632987212,233.6499999,5.572822946371)
  );
#3319 = CARTESIAN_POINT('',(46.267089928819,233.6499999,5.523088391794)
  );
#3320 = CARTESIAN_POINT('',(46.285465050979,233.6499999,5.473332293963)
  );
#3321 = CARTESIAN_POINT('',(46.303755891574,233.6499999,5.42355470696));
#3322 = CARTESIAN_POINT('',(46.321960115466,233.6499999,5.373758102501)
  );
#3323 = CARTESIAN_POINT('',(46.340074631871,233.6499999,5.323946260464)
  );
#3324 = CARTESIAN_POINT('',(46.358095862368,233.6499999,5.274125042977)
  );
#3325 = CARTESIAN_POINT('',(46.382340061355,233.6499999,5.206760812082)
  );
#3326 = CARTESIAN_POINT('',(46.388644229639,233.6499999,5.189213008984)
  );
#3327 = CARTESIAN_POINT('',(46.394936797307,233.6499999,5.171666813646)
  );
#3328 = CARTESIAN_POINT('',(46.401217902587,233.6499999,5.154123239111)
  );
#3329 = CARTESIAN_POINT('',(46.407487623863,233.6499999,5.136583767485)
  );
#3330 = CARTESIAN_POINT('',(46.413746071734,233.6499999,5.119050524048)
  );
#3331 = CARTESIAN_POINT('',(46.419993678947,233.6499999,5.101526827956)
  );
#3332 = CARTESIAN_POINT('',(46.430664487878,233.6499999,5.071576234042)
  );
#3333 = CARTESIAN_POINT('',(46.435090769855,233.6499999,5.059146372157)
  );
#3334 = CARTESIAN_POINT('',(46.439512666717,233.6499999,5.046727368888)
  );
#3335 = CARTESIAN_POINT('',(46.44393101788,233.6499999,5.034317981007));
#3336 = CARTESIAN_POINT('',(46.448347297511,233.6499999,5.021924929574)
  );
#3337 = CARTESIAN_POINT('',(46.452761959814,233.6499999,5.009557374725)
  );
#3338 = CARTESIAN_POINT('',(46.457174960959,233.6499999,4.99722744615));
#3339 = CARTESIAN_POINT('',(46.461594216965,233.6499999,4.984976452657)
  );
#3340 = PCURVE('',#2023,#3341);
#3341 = DEFINITIONAL_REPRESENTATION('',(#3342),#3346);
#3342 = LINE('',#3343,#3344);
#3343 = CARTESIAN_POINT('',(0.,0.));
#3344 = VECTOR('',#3345,1.);
#3345 = DIRECTION('',(1.,0.));
#3346 = ( GEOMETRIC_REPRESENTATION_CONTEXT(2) 
PARAMETRIC_REPRESENTATION_CONTEXT() REPRESENTATION_CONTEXT('2D SPACE',''
  ) );
#3347 = PCURVE('',#126,#3348);
#3348 = DEFINITIONAL_REPRESENTATION('',(#3349),#3569);
#3349 = B_SPLINE_CURVE_WITH_KNOTS('',8,(#3350,#3351,#3352,#3353,#3354,
    #3355,#3356,#3357,#3358,#3359,#3360,#3361,#3362,#3363,#3364,#3365,
    #3366,#3367,#3368,#3369,#3370,#3371,#3372,#3373,#3374,#3375,#3376,
    #3377,#3378,#3379,#3380,#3381,#3382,#3383,#3384,#3385,#3386,#3387,
    #3388,#3389,#3390,#3391,#3392,#3393,#3394,#3395,#3396,#3397,#3398,
    #3399,#3400,#3401,#3402,#3403,#3404,#3405,#3406,#3407,#3408,#3409,
    #3410,#3411,#3412,#3413,#3414,#3415,#3416,#3417,#3418,#3419,#3420,
    #3421,#3422,#3423,#3424,#3425,#3426,#3427,#3428,#3429,#3430,#3431,
    #3432,#3433,#3434,#3435,#3436,#3437,#3438,#3439,#3440,#3441,#3442,
    #3443,#3444,#3445,#3446,#3447,#3448,#3449,#3450,#3451,#3452,#3453,
    #3454,#3455,#3456,#3457,#3458,#3459,#3460,#3461,#3462,#3463,#3464,
    #3465,#3466,#3467,#3468,#3469,#3470,#3471,#3472,#3473,#3474,#3475,
    #3476,#3477,#3478,#3479,#3480,#3481,#3482,#3483,#3484,#3485,#3486,
    #3487,#3488,#3489,#3490,#3491,#3492,#3493,#3494,#3495,#3496,#3497,
    #3498,#3499,#3500,#3501,#3502,#3503,#3504,#3505,#3506,#3507,#3508,
    #3509,#3510,#3511,#3512,#3513,#3514,#3515,#3516,#3517,#3518,#3519,
    #3520,#3521,#3522,#3523,#3524,#3525,#3526,#3527,#3528,#3529,#3530,
    #3531,#3532,#3533,#3534,#3535,#3536,#3537,#3538,#3539,#3540,#3541,
    #3542,#3543,#3544,#3545,#3546,#3547,#3548,#3549,#3550,#3551,#3552,
    #3553,#3554,#3555,#3556,#3557,#3558,#3559,#3560,#3561,#3562,#3563,
    #3564,#3565,#3566,#3567,#3568),.UNSPECIFIED.,.F.,.F.,(9,7,7,7,7,7,7,
    7,7,7,7,7,7,7,7,7,7,7,7,7,7,7,7,7,7,7,7,7,7,7,7,9),(0.,
    7.108945752077E-02,0.110250126567,0.130854547801,0.14188082447,
    0.153002522232,0.160850741088,0.232472370261,0.290281782642,
    0.312347713187,0.393927906713,0.434978577621,0.455620280813,
    0.466641140096,0.477661946886,0.494187994436,0.61091896381,
    0.648870467407,0.686965484188,0.726031359278,0.758659016551,
    0.811761190223,0.847212027128,0.871639505853,0.934959154578,
    0.93933167904,0.943560011007,0.970866418193,0.98960058458,
    0.996089591582,0.99837556297,1.),.UNSPECIFIED.);
#3350 = CARTESIAN_POINT('',(1.609511729743E-03,-23.31563439186));
#3351 = CARTESIAN_POINT('',(-0.563433903011,-23.31570841453));
#3352 = CARTESIAN_POINT('',(-1.128463156873,-23.30014320269));
#3353 = CARTESIAN_POINT('',(-1.693010300329,-23.26970727412));
#3354 = CARTESIAN_POINT('',(-2.256652057042,-23.2250398377));
#3355 = CARTESIAN_POINT('',(-2.819012504076,-23.16669395239));
#3356 = CARTESIAN_POINT('',(-3.379764874071,-23.0951643207));
#3357 = CARTESIAN_POINT('',(-3.938632479407,-23.0108997165));
#3358 = CARTESIAN_POINT('',(-4.802086110362,-22.86108670458));
#3359 = CARTESIAN_POINT('',(-5.108134728668,-22.80413180993));
#3360 = CARTESIAN_POINT('',(-5.413492163864,-22.74350356146));
#3361 = CARTESIAN_POINT('',(-5.718117920007,-22.67926701838));
#3362 = CARTESIAN_POINT('',(-6.021973517238,-22.61148441056));
#3363 = CARTESIAN_POINT('',(-6.325022554414,-22.54021544799));
#3364 = CARTESIAN_POINT('',(-6.627230771755,-22.46551763026));
#3365 = CARTESIAN_POINT('',(-7.087113974496,-22.34636939004));
#3366 = CARTESIAN_POINT('',(-7.24542007345,-22.3043584207));
#3367 = CARTESIAN_POINT('',(-7.403479670754,-22.26142173958));
#3368 = CARTESIAN_POINT('',(-7.561288150295,-22.21756731236));
#3369 = CARTESIAN_POINT('',(-7.718841019432,-22.17280297875));
#3370 = CARTESIAN_POINT('',(-7.876133908996,-22.12713645248));
#3371 = CARTESIAN_POINT('',(-8.033162573288,-22.08057532135));
#3372 = CARTESIAN_POINT('',(-8.27381180907,-22.00773551626));
#3373 = CARTESIAN_POINT('',(-8.357832954903,-21.98202664775));
#3374 = CARTESIAN_POINT('',(-8.441985314047,-21.9559992838));
#3375 = CARTESIAN_POINT('',(-8.526267872967,-21.9296522666));
#3376 = CARTESIAN_POINT('',(-8.61067961813,-21.90298443833));
#3377 = CARTESIAN_POINT('',(-8.695219536,-21.87599464115));
#3378 = CARTESIAN_POINT('',(-8.779886613044,-21.84868171725));
#3379 = CARTESIAN_POINT('',(-8.950206856618,-21.79316812873));
#3380 = CARTESIAN_POINT('',(-9.035652928687,-21.76504009956));
#3381 = CARTESIAN_POINT('',(-9.121004263735,-21.73662617314));
#3382 = CARTESIAN_POINT('',(-9.206274645587,-21.70796940894));
#3383 = CARTESIAN_POINT('',(-9.291466848818,-21.67908097878));
#3384 = CARTESIAN_POINT('',(-9.376565035419,-21.64991863719));
#3385 = CARTESIAN_POINT('',(-9.46155812943,-21.6204528574));
#3386 = CARTESIAN_POINT('',(-9.606430758813,-21.5699101403));
#3387 = CARTESIAN_POINT('',(-9.666424269239,-21.54886058234));
#3388 = CARTESIAN_POINT('',(-9.726473826113,-21.52765738324));
#3389 = CARTESIAN_POINT('',(-9.786578556371,-21.50629069911));
#3390 = CARTESIAN_POINT('',(-9.84673758855,-21.48475541815));
#3391 = CARTESIAN_POINT('',(-9.906950052792,-21.46305116067));
#3392 = CARTESIAN_POINT('',(-9.967215080841,-21.44118227911));
#3393 = CARTESIAN_POINT('',(-10.57797289397,-21.21816640366));
#3394 = CARTESIAN_POINT('',(-11.12457537522,-21.00669441572));
#3395 = CARTESIAN_POINT('',(-11.66732808209,-20.78537396909));
#3396 = CARTESIAN_POINT('',(-12.20621252858,-20.5547467283));
#3397 = CARTESIAN_POINT('',(-12.74121036864,-20.31528160868));
#3398 = CARTESIAN_POINT('',(-13.27230873926,-20.06738737624));
#3399 = CARTESIAN_POINT('',(-13.79950348834,-19.811420186));
#3400 = CARTESIAN_POINT('',(-14.74517940405,-19.33481300533));
#3401 = CARTESIAN_POINT('',(-15.16500962881,-19.11688482198));
#3402 = CARTESIAN_POINT('',(-15.58228807777,-18.8940656888));
#3403 = CARTESIAN_POINT('',(-15.9970090396,-18.66650395718));
#3404 = CARTESIAN_POINT('',(-16.40916471078,-18.43433350944));
#3405 = CARTESIAN_POINT('',(-16.81874593077,-18.19767511821));
#3406 = CARTESIAN_POINT('',(-17.22574291717,-17.95663780585));
#3407 = CARTESIAN_POINT('',(-17.78450720256,-17.6176821449));
#3408 = CARTESIAN_POINT('',(-17.9384905741,-17.52342089459));
#3409 = CARTESIAN_POINT('',(-18.09209410382,-17.42854020231));
#3410 = CARTESIAN_POINT('',(-18.24531955136,-17.33304899227));
#3411 = CARTESIAN_POINT('',(-18.39816462298,-17.23695020149));
#3412 = CARTESIAN_POINT('',(-18.55062677139,-17.14024612928));
#3413 = CARTESIAN_POINT('',(-18.70270805669,-17.04294555331));
#3414 = CARTESIAN_POINT('',(-19.41527128776,-16.58315623486));
#3415 = CARTESIAN_POINT('',(-19.97094560323,-16.21322736276));
#3416 = CARTESIAN_POINT('',(-20.52151072684,-15.83566665247));
#3417 = CARTESIAN_POINT('',(-21.06702408462,-15.45081728148));
#3418 = CARTESIAN_POINT('',(-21.6075284671,-15.05897762408));
#3419 = CARTESIAN_POINT('',(-22.14305580019,-14.66040661302));
#3420 = CARTESIAN_POINT('',(-22.67362947314,-14.25532704281));
#3421 = CARTESIAN_POINT('',(-23.46376202411,-13.63691265279));
#3422 = CARTESIAN_POINT('',(-23.72700711736,-13.42829927869));
#3423 = CARTESIAN_POINT('',(-23.98900167628,-13.2181111606));
#3424 = CARTESIAN_POINT('',(-24.24974600973,-13.00637111163));
#3425 = CARTESIAN_POINT('',(-24.50923956227,-12.79310028968));
#3426 = CARTESIAN_POINT('',(-24.76748091411,-12.57831819743));
#3427 = CARTESIAN_POINT('',(-25.02446778114,-12.36204268237));
#3428 = CARTESIAN_POINT('',(-25.40878655618,-12.03479629279));
#3429 = CARTESIAN_POINT('',(-25.53705809717,-11.92492917908));
#3430 = CARTESIAN_POINT('',(-25.6650112323,-11.81469067661));
#3431 = CARTESIAN_POINT('',(-25.7926454958,-11.70408277792));
#3432 = CARTESIAN_POINT('',(-25.91996036176,-11.59310738709));
#3433 = CARTESIAN_POINT('',(-26.04695524406,-11.48176631973));
#3434 = CARTESIAN_POINT('',(-26.17362949646,-11.370061303));
#3435 = CARTESIAN_POINT('',(-26.36744378888,-11.19815985075));
#3436 = CARTESIAN_POINT('',(-26.43482198045,-11.13821498062));
#3437 = CARTESIAN_POINT('',(-26.5021161102,-11.07816021694));
#3438 = CARTESIAN_POINT('',(-26.56932530107,-11.0179964115));
#3439 = CARTESIAN_POINT('',(-26.63644867603,-10.95772441605));
#3440 = CARTESIAN_POINT('',(-26.70348535804,-10.89734508235));
#3441 = CARTESIAN_POINT('',(-26.77043447006,-10.83685926218));
#3442 = CARTESIAN_POINT('',(-26.90415548158,-10.71567664101));
#3443 = CARTESIAN_POINT('',(-26.97092874474,-10.65498003834));
#3444 = CARTESIAN_POINT('',(-27.03761232559,-10.59417828792));
#3445 = CARTESIAN_POINT('',(-27.10420453552,-10.53327202532));
#3446 = CARTESIAN_POINT('',(-27.17070459629,-10.47226223302));
#3447 = CARTESIAN_POINT('',(-27.23711264002,-10.41115024044));
#3448 = CARTESIAN_POINT('',(-27.30342970917,-10.34993772394));
#3449 = CARTESIAN_POINT('',(-27.46896880351,-10.19668890185));
#3450 = CARTESIAN_POINT('',(-27.56807850522,-10.10453356687));
#3451 = CARTESIAN_POINT('',(-27.66698123019,-10.01215603698));
#3452 = CARTESIAN_POINT('',(-27.76567321577,-9.919552873899));
#3453 = CARTESIAN_POINT('',(-27.86416680538,-9.826739079673));
#3454 = CARTESIAN_POINT('',(-27.96245056002,-9.733702981665));
#3455 = CARTESIAN_POINT('',(-28.0605317365,-9.640453837105));
#3456 = CARTESIAN_POINT('',(-28.84975649665,-8.886817715994));
#3457 = CARTESIAN_POINT('',(-29.53091217201,-8.215993824627));
#3458 = CARTESIAN_POINT('',(-30.20204033747,-7.535043143753));
#3459 = CARTESIAN_POINT('',(-30.8632454584,-6.844411948424));
#3460 = CARTESIAN_POINT('',(-31.51457903537,-6.144475682528));
#3461 = CARTESIAN_POINT('',(-32.1560408145,-5.435540274384));
#3462 = CARTESIAN_POINT('',(-32.78757382971,-4.717837699812));
#3463 = CARTESIAN_POINT('',(-33.61110830668,-3.755374444558));
#3464 = CARTESIAN_POINT('',(-33.81209981186,-3.518323198011));
#3465 = CARTESIAN_POINT('',(-34.01202395836,-3.280369089691));
#3466 = CARTESIAN_POINT('',(-34.21086256135,-3.041505200123));
#3467 = CARTESIAN_POINT('',(-34.40864762252,-2.801769256415));
#3468 = CARTESIAN_POINT('',(-34.6053525913,-2.561147213355));
#3469 = CARTESIAN_POINT('',(-34.80099095761,-2.319660465362));
#3470 = CARTESIAN_POINT('',(-35.19085982253,-1.834050081732));
#3471 = CARTESIAN_POINT('',(-35.38508278031,-1.589920427231));
#3472 = CARTESIAN_POINT('',(-35.57822558014,-1.344932991117));
#3473 = CARTESIAN_POINT('',(-35.77028674723,-1.09909566752));
#3474 = CARTESIAN_POINT('',(-35.96126413965,-0.852415779799));
#3475 = CARTESIAN_POINT('',(-36.15115494835,-0.604900080549));
#3476 = CARTESIAN_POINT('',(-36.33995569714,-0.356554751594));
#3477 = CARTESIAN_POINT('',(-36.72015252309,0.148134068959));
#3478 = CARTESIAN_POINT('',(-36.9114918958,0.404520115647));
#3479 = CARTESIAN_POINT('',(-37.10167600278,0.661766657143));
#3480 = CARTESIAN_POINT('',(-37.29069935821,0.919868351139));
#3481 = CARTESIAN_POINT('',(-37.47855534858,1.178820591954));
#3482 = CARTESIAN_POINT('',(-37.6652362326,1.438619510531));
#3483 = CARTESIAN_POINT('',(-37.8507331413,1.699261974436));
#3484 = CARTESIAN_POINT('',(-38.1889651282,2.179135620122));
#3485 = CARTESIAN_POINT('',(-38.34206106828,2.398112663191));
#3486 = CARTESIAN_POINT('',(-38.49431969085,2.617673976468));
#3487 = CARTESIAN_POINT('',(-38.64572683119,2.837823946867));
#3488 = CARTESIAN_POINT('',(-38.79629343876,3.058549046781));
#3489 = CARTESIAN_POINT('',(-38.94598178263,3.279869618744));
#3490 = CARTESIAN_POINT('',(-39.09480985454,3.501767617084));
#3491 = CARTESIAN_POINT('',(-39.48356984663,4.086330162288));
#3492 = CARTESIAN_POINT('',(-39.72206770081,4.449947347926));
#3493 = CARTESIAN_POINT('',(-39.9582427354,4.815083482975));
#3494 = CARTESIAN_POINT('',(-40.19207520224,5.181726771767));
#3495 = CARTESIAN_POINT('',(-40.42354266921,5.549866582004));
#3496 = CARTESIAN_POINT('',(-40.65261941243,5.91949382032));
#3497 = CARTESIAN_POINT('',(-40.8792758083,6.290601307841));
#3498 = CARTESIAN_POINT('',(-41.25315419008,6.911919242486));
#3499 = CARTESIAN_POINT('',(-41.4017366243,7.161311723351));
#3500 = CARTESIAN_POINT('',(-41.54921476985,7.411360200716));
#3501 = CARTESIAN_POINT('',(-41.69557739548,7.662063582113));
#3502 = CARTESIAN_POINT('',(-41.84081207099,7.913421208861));
#3503 = CARTESIAN_POINT('',(-41.98490494114,8.165432984691));
#3504 = CARTESIAN_POINT('',(-42.12784049946,8.418099504379));
#3505 = CARTESIAN_POINT('',(-42.36728200266,8.845974742143));
#3506 = CARTESIAN_POINT('',(-42.46440476263,9.020838910269));
#3507 = CARTESIAN_POINT('',(-42.56096502885,9.196014429725));
#3508 = CARTESIAN_POINT('',(-42.65695292704,9.371504008466));
#3509 = CARTESIAN_POINT('',(-42.75236553155,9.547306386196));
#3510 = CARTESIAN_POINT('',(-42.84720074258,9.723419744613));
#3511 = CARTESIAN_POINT('',(-42.94145050795,9.89984551316));
#3512 = CARTESIAN_POINT('',(-43.27789312995,10.534711428446));
#3513 = CARTESIAN_POINT('',(-43.51671369504,10.994931749024));
#3514 = CARTESIAN_POINT('',(-43.75148475709,11.457240875663));
#3515 = CARTESIAN_POINT('',(-43.98210726661,11.921636385516));
#3516 = CARTESIAN_POINT('',(-44.2084729523,12.388115082531));
#3517 = CARTESIAN_POINT('',(-44.4304591561,12.856675513528));
#3518 = CARTESIAN_POINT('',(-44.64792651238,13.327318750374));
#3519 = CARTESIAN_POINT('',(-44.87542435281,13.83268593887));
#3520 = CARTESIAN_POINT('',(-44.8900991109,13.865338794268));
#3521 = CARTESIAN_POINT('',(-44.90475390512,13.898000523898));
#3522 = CARTESIAN_POINT('',(-44.91938783901,13.930671501682));
#3523 = CARTESIAN_POINT('',(-44.93399879161,13.963352647316));
#3524 = CARTESIAN_POINT('',(-44.94858341741,13.996045426268));
#3525 = CARTESIAN_POINT('',(-44.96313714637,14.02875184978));
#3526 = CARTESIAN_POINT('',(-44.99169249395,14.093118007776));
#3527 = CARTESIAN_POINT('',(-45.00570400466,14.124773344945));
#3528 = CARTESIAN_POINT('',(-45.0196939484,14.156438120785));
#3529 = CARTESIAN_POINT('',(-45.03366585516,14.188110736298));
#3530 = CARTESIAN_POINT('',(-45.04762155268,14.219790359074));
#3531 = CARTESIAN_POINT('',(-45.06156116638,14.251476923289));
#3532 = CARTESIAN_POINT('',(-45.0754831194,14.283171129707));
#3533 = CARTESIAN_POINT('',(-45.17915634733,14.519613255667));
#3534 = CARTESIAN_POINT('',(-45.26814704131,14.724688693485));
#3535 = CARTESIAN_POINT('',(-45.35633240991,14.930107244373));
#3536 = CARTESIAN_POINT('',(-45.44368473581,15.135875670188));
#3537 = CARTESIAN_POINT('',(-45.53017235907,15.342001179842));
#3538 = CARTESIAN_POINT('',(-45.61575827817,15.548491875605));
#3539 = CARTESIAN_POINT('',(-45.70039738206,15.755357475248));
#3540 = CARTESIAN_POINT('',(-45.84141191303,16.104800714845));
#3541 = CARTESIAN_POINT('',(-45.89831750035,16.247170037265));
#3542 = CARTESIAN_POINT('',(-45.95473154828,16.389725266636));
#3543 = CARTESIAN_POINT('',(-46.0106331949,16.532470993165));
#3544 = CARTESIAN_POINT('',(-46.0659958456,16.675412645929));
#3545 = CARTESIAN_POINT('',(-46.12078887128,16.818550115946));
#3546 = CARTESIAN_POINT('',(-46.1749703114,16.961887295701));
#3547 = CARTESIAN_POINT('',(-46.24702547931,17.155126908826));
#3548 = CARTESIAN_POINT('',(-46.26548242092,17.204861463403));
#3549 = CARTESIAN_POINT('',(-46.28385754308,17.254617561234));
#3550 = CARTESIAN_POINT('',(-46.30214838368,17.304395148237));
#3551 = CARTESIAN_POINT('',(-46.32035260757,17.354191752696));
#3552 = CARTESIAN_POINT('',(-46.33846712397,17.404003594733));
#3553 = CARTESIAN_POINT('',(-46.35648835447,17.45382481222));
#3554 = CARTESIAN_POINT('',(-46.38073255346,17.521189043115));
#3555 = CARTESIAN_POINT('',(-46.38703672174,17.538736846213));
#3556 = CARTESIAN_POINT('',(-46.39332928941,17.556283041551));
#3557 = CARTESIAN_POINT('',(-46.39961039469,17.573826616086));
#3558 = CARTESIAN_POINT('',(-46.40588011597,17.591366087712));
#3559 = CARTESIAN_POINT('',(-46.41213856384,17.608899331149));
#3560 = CARTESIAN_POINT('',(-46.41838617105,17.626423027241));
#3561 = CARTESIAN_POINT('',(-46.42905697998,17.656373621155));
#3562 = CARTESIAN_POINT('',(-46.43348326196,17.66880348304));
#3563 = CARTESIAN_POINT('',(-46.43790515882,17.681222486309));
#3564 = CARTESIAN_POINT('',(-46.44232350998,17.69363187419));
#3565 = CARTESIAN_POINT('',(-46.44673978961,17.706024925623));
#3566 = CARTESIAN_POINT('',(-46.45115445192,17.718392480472));
#3567 = CARTESIAN_POINT('',(-46.45556745306,17.730722409047));
#3568 = CARTESIAN_POINT('',(-46.45998670907,17.74297340254));
#3569 = ( GEOMETRIC_REPRESENTATION_CONTEXT(2) 
PARAMETRIC_REPRESENTATION_CONTEXT() REPRESENTATION_CONTEXT('2D SPACE',''
  ) );
#3570 = ADVANCED_FACE('',(#3571),#3097,.F.);
#3571 = FACE_BOUND('',#3572,.F.);
#3572 = EDGE_LOOP('',(#3573,#3574,#3611,#3648));
#3573 = ORIENTED_EDGE('',*,*,#3081,.T.);
#3574 = ORIENTED_EDGE('',*,*,#3575,.T.);
#3575 = EDGE_CURVE('',#2627,#3576,#3578,.T.);
#3576 = VERTEX_POINT('',#3577);
#3577 = CARTESIAN_POINT('',(47.822246082474,239.6499999,0.565320350146)
  );
#3578 = SURFACE_CURVE('',#3579,(#3590,#3597),.PCURVE_S1.);
#3579 = B_SPLINE_CURVE_WITH_KNOTS('',5,(#3580,#3581,#3582,#3583,#3584,
    #3585,#3586,#3587,#3588,#3589),.UNSPECIFIED.,.F.,.F.,(6,4,6),(0.,
    0.510106893588,1.),.UNSPECIFIED.);
#3580 = CARTESIAN_POINT('',(46.461594216965,239.6499999,4.984976452657)
  );
#3581 = CARTESIAN_POINT('',(46.622262962581,239.6499999,4.539575731954)
  );
#3582 = CARTESIAN_POINT('',(46.777764874235,239.6499999,4.09250045363));
#3583 = CARTESIAN_POINT('',(46.927919153078,239.6499999,3.643786802783)
  );
#3584 = CARTESIAN_POINT('',(47.072516057464,239.6499999,3.193478117583)
  );
#3585 = CARTESIAN_POINT('',(47.344597191156,239.6499999,2.307672257921)
  );
#3586 = CARTESIAN_POINT('',(47.472532091228,239.6499999,1.8722965638));
#3587 = CARTESIAN_POINT('',(47.594890506479,239.6499999,1.435537161559)
  );
#3588 = CARTESIAN_POINT('',(47.711415950495,239.6499999,0.997448076292)
  );
#3589 = CARTESIAN_POINT('',(47.821802200339,239.6499999,0.558093020623)
  );
#3590 = PCURVE('',#3097,#3591);
#3591 = DEFINITIONAL_REPRESENTATION('',(#3592),#3596);
#3592 = LINE('',#3593,#3594);
#3593 = CARTESIAN_POINT('',(0.,-6.));
#3594 = VECTOR('',#3595,1.);
#3595 = DIRECTION('',(1.,0.));
#3596 = ( GEOMETRIC_REPRESENTATION_CONTEXT(2) 
PARAMETRIC_REPRESENTATION_CONTEXT() REPRESENTATION_CONTEXT('2D SPACE',''
  ) );
#3597 = PCURVE('',#72,#3598);
#3598 = DEFINITIONAL_REPRESENTATION('',(#3599),#3610);
#3599 = B_SPLINE_CURVE_WITH_KNOTS('',5,(#3600,#3601,#3602,#3603,#3604,
    #3605,#3606,#3607,#3608,#3609),.UNSPECIFIED.,.F.,.F.,(6,4,6),(0.,
    0.510106893588,1.),.UNSPECIFIED.);
#3600 = CARTESIAN_POINT('',(-46.45998670907,17.74297340254));
#3601 = CARTESIAN_POINT('',(-46.62065545468,18.188374123243));
#3602 = CARTESIAN_POINT('',(-46.77615736634,18.635449401567));
#3603 = CARTESIAN_POINT('',(-46.92631164518,19.084163052414));
#3604 = CARTESIAN_POINT('',(-47.07090854957,19.534471737614));
#3605 = CARTESIAN_POINT('',(-47.34298968326,20.420277597276));
#3606 = CARTESIAN_POINT('',(-47.47092458333,20.855653291397));
#3607 = CARTESIAN_POINT('',(-47.59328299858,21.292412693638));
#3608 = CARTESIAN_POINT('',(-47.7098084426,21.730501778905));
#3609 = CARTESIAN_POINT('',(-47.82019469244,22.169856834574));
#3610 = ( GEOMETRIC_REPRESENTATION_CONTEXT(2) 
PARAMETRIC_REPRESENTATION_CONTEXT() REPRESENTATION_CONTEXT('2D SPACE',''
  ) );
#3611 = ORIENTED_EDGE('',*,*,#3612,.F.);
#3612 = EDGE_CURVE('',#3613,#3576,#3615,.T.);
#3613 = VERTEX_POINT('',#3614);
#3614 = CARTESIAN_POINT('',(47.822246082474,233.6499999,0.565320350146)
  );
#3615 = SURFACE_CURVE('',#3616,(#3620,#3627),.PCURVE_S1.);
#3616 = LINE('',#3617,#3618);
#3617 = CARTESIAN_POINT('',(47.822246082474,233.6499999,0.565320350146)
  );
#3618 = VECTOR('',#3619,1.);
#3619 = DIRECTION('',(0.,1.,0.));
#3620 = PCURVE('',#3097,#3621);
#3621 = DEFINITIONAL_REPRESENTATION('',(#3622),#3626);
#3622 = LINE('',#3623,#3624);
#3623 = CARTESIAN_POINT('',(0.998507443384,0.));
#3624 = VECTOR('',#3625,1.);
#3625 = DIRECTION('',(0.,-1.));
#3626 = ( GEOMETRIC_REPRESENTATION_CONTEXT(2) 
PARAMETRIC_REPRESENTATION_CONTEXT() REPRESENTATION_CONTEXT('2D SPACE',''
  ) );
#3627 = PCURVE('',#3628,#3642);
#3628 = SURFACE_OF_LINEAR_EXTRUSION('',#3629,#3640);
#3629 = B_SPLINE_CURVE_WITH_KNOTS('',5,(#3630,#3631,#3632,#3633,#3634,
    #3635,#3636,#3637,#3638,#3639),.UNSPECIFIED.,.F.,.F.,(6,4,6),(0.,
    0.510106893588,1.),.UNSPECIFIED.);
#3630 = CARTESIAN_POINT('',(46.461594216965,233.6499999,4.984976452657)
  );
#3631 = CARTESIAN_POINT('',(46.622262962581,233.6499999,4.539575731954)
  );
#3632 = CARTESIAN_POINT('',(46.777764874235,233.6499999,4.09250045363));
#3633 = CARTESIAN_POINT('',(46.927919153078,233.6499999,3.643786802783)
  );
#3634 = CARTESIAN_POINT('',(47.072516057464,233.6499999,3.193478117583)
  );
#3635 = CARTESIAN_POINT('',(47.344597191156,233.6499999,2.307672257921)
  );
#3636 = CARTESIAN_POINT('',(47.472532091228,233.6499999,1.8722965638));
#3637 = CARTESIAN_POINT('',(47.594890506479,233.6499999,1.435537161559)
  );
#3638 = CARTESIAN_POINT('',(47.711415950495,233.6499999,0.997448076292)
  );
#3639 = CARTESIAN_POINT('',(47.821802200339,233.6499999,0.558093020623)
  );
#3640 = VECTOR('',#3641,1.);
#3641 = DIRECTION('',(-0.,-1.,-0.));
#3642 = DEFINITIONAL_REPRESENTATION('',(#3643),#3647);
#3643 = LINE('',#3644,#3645);
#3644 = CARTESIAN_POINT('',(0.998507443384,0.));
#3645 = VECTOR('',#3646,1.);
#3646 = DIRECTION('',(0.,-1.));
#3647 = ( GEOMETRIC_REPRESENTATION_CONTEXT(2) 
PARAMETRIC_REPRESENTATION_CONTEXT() REPRESENTATION_CONTEXT('2D SPACE',''
  ) );
#3648 = ORIENTED_EDGE('',*,*,#3649,.F.);
#3649 = EDGE_CURVE('',#3082,#3613,#3650,.T.);
#3650 = SURFACE_CURVE('',#3651,(#3662,#3669),.PCURVE_S1.);
#3651 = B_SPLINE_CURVE_WITH_KNOTS('',5,(#3652,#3653,#3654,#3655,#3656,
    #3657,#3658,#3659,#3660,#3661),.UNSPECIFIED.,.F.,.F.,(6,4,6),(0.,
    0.510106893588,1.),.UNSPECIFIED.);
#3652 = CARTESIAN_POINT('',(46.461594216965,233.6499999,4.984976452657)
  );
#3653 = CARTESIAN_POINT('',(46.622262962581,233.6499999,4.539575731954)
  );
#3654 = CARTESIAN_POINT('',(46.777764874235,233.6499999,4.09250045363));
#3655 = CARTESIAN_POINT('',(46.927919153078,233.6499999,3.643786802783)
  );
#3656 = CARTESIAN_POINT('',(47.072516057464,233.6499999,3.193478117583)
  );
#3657 = CARTESIAN_POINT('',(47.344597191156,233.6499999,2.307672257921)
  );
#3658 = CARTESIAN_POINT('',(47.472532091228,233.6499999,1.8722965638));
#3659 = CARTESIAN_POINT('',(47.594890506479,233.6499999,1.435537161559)
  );
#3660 = CARTESIAN_POINT('',(47.711415950495,233.6499999,0.997448076292)
  );
#3661 = CARTESIAN_POINT('',(47.821802200339,233.6499999,0.558093020623)
  );
#3662 = PCURVE('',#3097,#3663);
#3663 = DEFINITIONAL_REPRESENTATION('',(#3664),#3668);
#3664 = LINE('',#3665,#3666);
#3665 = CARTESIAN_POINT('',(0.,0.));
#3666 = VECTOR('',#3667,1.);
#3667 = DIRECTION('',(1.,0.));
#3668 = ( GEOMETRIC_REPRESENTATION_CONTEXT(2) 
PARAMETRIC_REPRESENTATION_CONTEXT() REPRESENTATION_CONTEXT('2D SPACE',''
  ) );
#3669 = PCURVE('',#126,#3670);
#3670 = DEFINITIONAL_REPRESENTATION('',(#3671),#3682);
#3671 = B_SPLINE_CURVE_WITH_KNOTS('',5,(#3672,#3673,#3674,#3675,#3676,
    #3677,#3678,#3679,#3680,#3681),.UNSPECIFIED.,.F.,.F.,(6,4,6),(0.,
    0.510106893588,1.),.UNSPECIFIED.);
#3672 = CARTESIAN_POINT('',(-46.45998670907,17.74297340254));
#3673 = CARTESIAN_POINT('',(-46.62065545468,18.188374123243));
#3674 = CARTESIAN_POINT('',(-46.77615736634,18.635449401567));
#3675 = CARTESIAN_POINT('',(-46.92631164518,19.084163052414));
#3676 = CARTESIAN_POINT('',(-47.07090854957,19.534471737614));
#3677 = CARTESIAN_POINT('',(-47.34298968326,20.420277597276));
#3678 = CARTESIAN_POINT('',(-47.47092458333,20.855653291397));
#3679 = CARTESIAN_POINT('',(-47.59328299858,21.292412693638));
#3680 = CARTESIAN_POINT('',(-47.7098084426,21.730501778905));
#3681 = CARTESIAN_POINT('',(-47.82019469244,22.169856834574));
#3682 = ( GEOMETRIC_REPRESENTATION_CONTEXT(2) 
PARAMETRIC_REPRESENTATION_CONTEXT() REPRESENTATION_CONTEXT('2D SPACE',''
  ) );
#3683 = ADVANCED_FACE('',(#3684),#3628,.F.);
#3684 = FACE_BOUND('',#3685,.F.);
#3685 = EDGE_LOOP('',(#3686,#3687,#3724,#3752));
#3686 = ORIENTED_EDGE('',*,*,#3612,.T.);
#3687 = ORIENTED_EDGE('',*,*,#3688,.T.);
#3688 = EDGE_CURVE('',#3576,#3689,#3691,.T.);
#3689 = VERTEX_POINT('',#3690);
#3690 = CARTESIAN_POINT('',(47.821802200339,239.6499999,0.558093020623)
  );
#3691 = SURFACE_CURVE('',#3692,(#3703,#3710),.PCURVE_S1.);
#3692 = B_SPLINE_CURVE_WITH_KNOTS('',5,(#3693,#3694,#3695,#3696,#3697,
    #3698,#3699,#3700,#3701,#3702),.UNSPECIFIED.,.F.,.F.,(6,4,6),(0.,
    0.510106893588,1.),.UNSPECIFIED.);
#3693 = CARTESIAN_POINT('',(46.461594216965,239.6499999,4.984976452657)
  );
#3694 = CARTESIAN_POINT('',(46.622262962581,239.6499999,4.539575731954)
  );
#3695 = CARTESIAN_POINT('',(46.777764874235,239.6499999,4.09250045363));
#3696 = CARTESIAN_POINT('',(46.927919153078,239.6499999,3.643786802783)
  );
#3697 = CARTESIAN_POINT('',(47.072516057464,239.6499999,3.193478117583)
  );
#3698 = CARTESIAN_POINT('',(47.344597191156,239.6499999,2.307672257921)
  );
#3699 = CARTESIAN_POINT('',(47.472532091228,239.6499999,1.8722965638));
#3700 = CARTESIAN_POINT('',(47.594890506479,239.6499999,1.435537161559)
  );
#3701 = CARTESIAN_POINT('',(47.711415950495,239.6499999,0.997448076292)
  );
#3702 = CARTESIAN_POINT('',(47.821802200339,239.6499999,0.558093020623)
  );
#3703 = PCURVE('',#3628,#3704);
#3704 = DEFINITIONAL_REPRESENTATION('',(#3705),#3709);
#3705 = LINE('',#3706,#3707);
#3706 = CARTESIAN_POINT('',(0.,-6.));
#3707 = VECTOR('',#3708,1.);
#3708 = DIRECTION('',(1.,0.));
#3709 = ( GEOMETRIC_REPRESENTATION_CONTEXT(2) 
PARAMETRIC_REPRESENTATION_CONTEXT() REPRESENTATION_CONTEXT('2D SPACE',''
  ) );
#3710 = PCURVE('',#72,#3711);
#3711 = DEFINITIONAL_REPRESENTATION('',(#3712),#3723);
#3712 = B_SPLINE_CURVE_WITH_KNOTS('',5,(#3713,#3714,#3715,#3716,#3717,
    #3718,#3719,#3720,#3721,#3722),.UNSPECIFIED.,.F.,.F.,(6,4,6),(0.,
    0.510106893588,1.),.UNSPECIFIED.);
#3713 = CARTESIAN_POINT('',(-46.45998670907,17.74297340254));
#3714 = CARTESIAN_POINT('',(-46.62065545468,18.188374123243));
#3715 = CARTESIAN_POINT('',(-46.77615736634,18.635449401567));
#3716 = CARTESIAN_POINT('',(-46.92631164518,19.084163052414));
#3717 = CARTESIAN_POINT('',(-47.07090854957,19.534471737614));
#3718 = CARTESIAN_POINT('',(-47.34298968326,20.420277597276));
#3719 = CARTESIAN_POINT('',(-47.47092458333,20.855653291397));
#3720 = CARTESIAN_POINT('',(-47.59328299858,21.292412693638));
#3721 = CARTESIAN_POINT('',(-47.7098084426,21.730501778905));
#3722 = CARTESIAN_POINT('',(-47.82019469244,22.169856834574));
#3723 = ( GEOMETRIC_REPRESENTATION_CONTEXT(2) 
PARAMETRIC_REPRESENTATION_CONTEXT() REPRESENTATION_CONTEXT('2D SPACE',''
  ) );
#3724 = ORIENTED_EDGE('',*,*,#3725,.F.);
#3725 = EDGE_CURVE('',#3726,#3689,#3728,.T.);
#3726 = VERTEX_POINT('',#3727);
#3727 = CARTESIAN_POINT('',(47.821802200339,233.6499999,0.558093020623)
  );
#3728 = SURFACE_CURVE('',#3729,(#3733,#3740),.PCURVE_S1.);
#3729 = LINE('',#3730,#3731);
#3730 = CARTESIAN_POINT('',(47.821802200339,233.6499999,0.558093020623)
  );
#3731 = VECTOR('',#3732,1.);
#3732 = DIRECTION('',(0.,1.,0.));
#3733 = PCURVE('',#3628,#3734);
#3734 = DEFINITIONAL_REPRESENTATION('',(#3735),#3739);
#3735 = LINE('',#3736,#3737);
#3736 = CARTESIAN_POINT('',(1.,0.));
#3737 = VECTOR('',#3738,1.);
#3738 = DIRECTION('',(0.,-1.));
#3739 = ( GEOMETRIC_REPRESENTATION_CONTEXT(2) 
PARAMETRIC_REPRESENTATION_CONTEXT() REPRESENTATION_CONTEXT('2D SPACE',''
  ) );
#3740 = PCURVE('',#3741,#3746);
#3741 = PLANE('',#3742);
#3742 = AXIS2_PLACEMENT_3D('',#3743,#3744,#3745);
#3743 = CARTESIAN_POINT('',(47.821802200339,233.6499999,
    -1.981748098956E-12));
#3744 = DIRECTION('',(1.,-0.,1.571106406868E-14));
#3745 = DIRECTION('',(-1.571106406868E-14,8.673617379603E-19,1.));
#3746 = DEFINITIONAL_REPRESENTATION('',(#3747),#3751);
#3747 = LINE('',#3748,#3749);
#3748 = CARTESIAN_POINT('',(0.558093020625,4.840685323128E-19));
#3749 = VECTOR('',#3750,1.);
#3750 = DIRECTION('',(8.673617379603E-19,-1.));
#3751 = ( GEOMETRIC_REPRESENTATION_CONTEXT(2) 
PARAMETRIC_REPRESENTATION_CONTEXT() REPRESENTATION_CONTEXT('2D SPACE',''
  ) );
#3752 = ORIENTED_EDGE('',*,*,#3753,.F.);
#3753 = EDGE_CURVE('',#3613,#3726,#3754,.T.);
#3754 = SURFACE_CURVE('',#3755,(#3766,#3773),.PCURVE_S1.);
#3755 = B_SPLINE_CURVE_WITH_KNOTS('',5,(#3756,#3757,#3758,#3759,#3760,
    #3761,#3762,#3763,#3764,#3765),.UNSPECIFIED.,.F.,.F.,(6,4,6),(0.,
    0.510106893588,1.),.UNSPECIFIED.);
#3756 = CARTESIAN_POINT('',(46.461594216965,233.6499999,4.984976452657)
  );
#3757 = CARTESIAN_POINT('',(46.622262962581,233.6499999,4.539575731954)
  );
#3758 = CARTESIAN_POINT('',(46.777764874235,233.6499999,4.09250045363));
#3759 = CARTESIAN_POINT('',(46.927919153078,233.6499999,3.643786802783)
  );
#3760 = CARTESIAN_POINT('',(47.072516057464,233.6499999,3.193478117583)
  );
#3761 = CARTESIAN_POINT('',(47.344597191156,233.6499999,2.307672257921)
  );
#3762 = CARTESIAN_POINT('',(47.472532091228,233.6499999,1.8722965638));
#3763 = CARTESIAN_POINT('',(47.594890506479,233.6499999,1.435537161559)
  );
#3764 = CARTESIAN_POINT('',(47.711415950495,233.6499999,0.997448076292)
  );
#3765 = CARTESIAN_POINT('',(47.821802200339,233.6499999,0.558093020623)
  );
#3766 = PCURVE('',#3628,#3767);
#3767 = DEFINITIONAL_REPRESENTATION('',(#3768),#3772);
#3768 = LINE('',#3769,#3770);
#3769 = CARTESIAN_POINT('',(0.,0.));
#3770 = VECTOR('',#3771,1.);
#3771 = DIRECTION('',(1.,0.));
#3772 = ( GEOMETRIC_REPRESENTATION_CONTEXT(2) 
PARAMETRIC_REPRESENTATION_CONTEXT() REPRESENTATION_CONTEXT('2D SPACE',''
  ) );
#3773 = PCURVE('',#126,#3774);
#3774 = DEFINITIONAL_REPRESENTATION('',(#3775),#3786);
#3775 = B_SPLINE_CURVE_WITH_KNOTS('',5,(#3776,#3777,#3778,#3779,#3780,
    #3781,#3782,#3783,#3784,#3785),.UNSPECIFIED.,.F.,.F.,(6,4,6),(0.,
    0.510106893588,1.),.UNSPECIFIED.);
#3776 = CARTESIAN_POINT('',(-46.45998670907,17.74297340254));
#3777 = CARTESIAN_POINT('',(-46.62065545468,18.188374123243));
#3778 = CARTESIAN_POINT('',(-46.77615736634,18.635449401567));
#3779 = CARTESIAN_POINT('',(-46.92631164518,19.084163052414));
#3780 = CARTESIAN_POINT('',(-47.07090854957,19.534471737614));
#3781 = CARTESIAN_POINT('',(-47.34298968326,20.420277597276));
#3782 = CARTESIAN_POINT('',(-47.47092458333,20.855653291397));
#3783 = CARTESIAN_POINT('',(-47.59328299858,21.292412693638));
#3784 = CARTESIAN_POINT('',(-47.7098084426,21.730501778905));
#3785 = CARTESIAN_POINT('',(-47.82019469244,22.169856834574));
#3786 = ( GEOMETRIC_REPRESENTATION_CONTEXT(2) 
PARAMETRIC_REPRESENTATION_CONTEXT() REPRESENTATION_CONTEXT('2D SPACE',''
  ) );
#3787 = ADVANCED_FACE('',(#3788),#3741,.T.);
#3788 = FACE_BOUND('',#3789,.T.);
#3789 = EDGE_LOOP('',(#3790,#3820,#3841,#3842));
#3790 = ORIENTED_EDGE('',*,*,#3791,.T.);
#3791 = EDGE_CURVE('',#3792,#3794,#3796,.T.);
#3792 = VERTEX_POINT('',#3793);
#3793 = CARTESIAN_POINT('',(47.821802200339,233.6499999,
    -1.981758735067E-12));
#3794 = VERTEX_POINT('',#3795);
#3795 = CARTESIAN_POINT('',(47.821802200339,239.6499999,
    -1.981758735067E-12));
#3796 = SURFACE_CURVE('',#3797,(#3801,#3808),.PCURVE_S1.);
#3797 = LINE('',#3798,#3799);
#3798 = CARTESIAN_POINT('',(47.821802200339,233.6499999,
    -1.981758735067E-12));
#3799 = VECTOR('',#3800,1.);
#3800 = DIRECTION('',(0.,1.,0.));
#3801 = PCURVE('',#3741,#3802);
#3802 = DEFINITIONAL_REPRESENTATION('',(#3803),#3807);
#3803 = LINE('',#3804,#3805);
#3804 = CARTESIAN_POINT('',(-1.063611109517E-17,-9.225355804647E-36));
#3805 = VECTOR('',#3806,1.);
#3806 = DIRECTION('',(8.673617379603E-19,-1.));
#3807 = ( GEOMETRIC_REPRESENTATION_CONTEXT(2) 
PARAMETRIC_REPRESENTATION_CONTEXT() REPRESENTATION_CONTEXT('2D SPACE',''
  ) );
#3808 = PCURVE('',#3809,#3814);
#3809 = PLANE('',#3810);
#3810 = AXIS2_PLACEMENT_3D('',#3811,#3812,#3813);
#3811 = CARTESIAN_POINT('',(45.,233.6499999,-4.192558414891E-12));
#3812 = DIRECTION('',(-9.797718192317E-15,0.,-1.));
#3813 = DIRECTION('',(1.,1.893352418207E-15,-9.797718192317E-15));
#3814 = DEFINITIONAL_REPRESENTATION('',(#3815),#3819);
#3815 = LINE('',#3816,#3817);
#3816 = CARTESIAN_POINT('',(2.821802200339,9.060779431093E-14));
#3817 = VECTOR('',#3818,1.);
#3818 = DIRECTION('',(1.893352418207E-15,-1.));
#3819 = ( GEOMETRIC_REPRESENTATION_CONTEXT(2) 
PARAMETRIC_REPRESENTATION_CONTEXT() REPRESENTATION_CONTEXT('2D SPACE',''
  ) );
#3820 = ORIENTED_EDGE('',*,*,#3821,.T.);
#3821 = EDGE_CURVE('',#3794,#3689,#3822,.T.);
#3822 = SURFACE_CURVE('',#3823,(#3827,#3834),.PCURVE_S1.);
#3823 = LINE('',#3824,#3825);
#3824 = CARTESIAN_POINT('',(47.821802200339,239.6499999,1.115890701818)
  );
#3825 = VECTOR('',#3826,1.);
#3826 = DIRECTION('',(-1.571106406868E-14,8.673617379603E-19,1.));
#3827 = PCURVE('',#3741,#3828);
#3828 = DEFINITIONAL_REPRESENTATION('',(#3829),#3833);
#3829 = LINE('',#3830,#3831);
#3830 = CARTESIAN_POINT('',(1.11589070182,-6.));
#3831 = VECTOR('',#3832,1.);
#3832 = DIRECTION('',(1.,0.));
#3833 = ( GEOMETRIC_REPRESENTATION_CONTEXT(2) 
PARAMETRIC_REPRESENTATION_CONTEXT() REPRESENTATION_CONTEXT('2D SPACE',''
  ) );
#3834 = PCURVE('',#72,#3835);
#3835 = DEFINITIONAL_REPRESENTATION('',(#3836),#3840);
#3836 = LINE('',#3837,#3838);
#3837 = CARTESIAN_POINT('',(-47.82019469244,21.612059153379));
#3838 = VECTOR('',#3839,1.);
#3839 = DIRECTION('',(1.571106406868E-14,-1.));
#3840 = ( GEOMETRIC_REPRESENTATION_CONTEXT(2) 
PARAMETRIC_REPRESENTATION_CONTEXT() REPRESENTATION_CONTEXT('2D SPACE',''
  ) );
#3841 = ORIENTED_EDGE('',*,*,#3725,.F.);
#3842 = ORIENTED_EDGE('',*,*,#3843,.F.);
#3843 = EDGE_CURVE('',#3792,#3726,#3844,.T.);
#3844 = SURFACE_CURVE('',#3845,(#3849,#3856),.PCURVE_S1.);
#3845 = LINE('',#3846,#3847);
#3846 = CARTESIAN_POINT('',(47.821802200339,233.6499999,1.115890701818)
  );
#3847 = VECTOR('',#3848,1.);
#3848 = DIRECTION('',(-1.571106406868E-14,8.673617379603E-19,1.));
#3849 = PCURVE('',#3741,#3850);
#3850 = DEFINITIONAL_REPRESENTATION('',(#3851),#3855);
#3851 = LINE('',#3852,#3853);
#3852 = CARTESIAN_POINT('',(1.11589070182,9.678808985043E-19));
#3853 = VECTOR('',#3854,1.);
#3854 = DIRECTION('',(1.,0.));
#3855 = ( GEOMETRIC_REPRESENTATION_CONTEXT(2) 
PARAMETRIC_REPRESENTATION_CONTEXT() REPRESENTATION_CONTEXT('2D SPACE',''
  ) );
#3856 = PCURVE('',#126,#3857);
#3857 = DEFINITIONAL_REPRESENTATION('',(#3858),#3862);
#3858 = LINE('',#3859,#3860);
#3859 = CARTESIAN_POINT('',(-47.82019469244,21.612059153379));
#3860 = VECTOR('',#3861,1.);
#3861 = DIRECTION('',(1.571106406868E-14,-1.));
#3862 = ( GEOMETRIC_REPRESENTATION_CONTEXT(2) 
PARAMETRIC_REPRESENTATION_CONTEXT() REPRESENTATION_CONTEXT('2D SPACE',''
  ) );
#3863 = ADVANCED_FACE('',(#3864),#3809,.T.);
#3864 = FACE_BOUND('',#3865,.T.);
#3865 = EDGE_LOOP('',(#3866,#3896,#3917,#3918));
#3866 = ORIENTED_EDGE('',*,*,#3867,.T.);
#3867 = EDGE_CURVE('',#3868,#3870,#3872,.T.);
#3868 = VERTEX_POINT('',#3869);
#3869 = CARTESIAN_POINT('',(45.,233.6499999,-2.096277039041E-12));
#3870 = VERTEX_POINT('',#3871);
#3871 = CARTESIAN_POINT('',(45.,239.6499999,-2.096277039041E-12));
#3872 = SURFACE_CURVE('',#3873,(#3877,#3884),.PCURVE_S1.);
#3873 = LINE('',#3874,#3875);
#3874 = CARTESIAN_POINT('',(45.,233.6499999,-2.096277039041E-12));
#3875 = VECTOR('',#3876,1.);
#3876 = DIRECTION('',(0.,1.,0.));
#3877 = PCURVE('',#3809,#3878);
#3878 = DEFINITIONAL_REPRESENTATION('',(#3879),#3883);
#3879 = LINE('',#3880,#3881);
#3880 = CARTESIAN_POINT('',(-1.614369368389E-28,8.526512829121E-14));
#3881 = VECTOR('',#3882,1.);
#3882 = DIRECTION('',(1.893352418207E-15,-1.));
#3883 = ( GEOMETRIC_REPRESENTATION_CONTEXT(2) 
PARAMETRIC_REPRESENTATION_CONTEXT() REPRESENTATION_CONTEXT('2D SPACE',''
  ) );
#3884 = PCURVE('',#3885,#3890);
#3885 = PLANE('',#3886);
#3886 = AXIS2_PLACEMENT_3D('',#3887,#3888,#3889);
#3887 = CARTESIAN_POINT('',(39.,233.6499999,-4.133772105737E-12));
#3888 = DIRECTION('',(-9.797718192317E-15,0.,-1.));
#3889 = DIRECTION('',(1.,1.893352418207E-15,-9.797718192317E-15));
#3890 = DEFINITIONAL_REPRESENTATION('',(#3891),#3895);
#3891 = LINE('',#3892,#3893);
#3892 = CARTESIAN_POINT('',(6.,9.662524280045E-14));
#3893 = VECTOR('',#3894,1.);
#3894 = DIRECTION('',(1.893352418207E-15,-1.));
#3895 = ( GEOMETRIC_REPRESENTATION_CONTEXT(2) 
PARAMETRIC_REPRESENTATION_CONTEXT() REPRESENTATION_CONTEXT('2D SPACE',''
  ) );
#3896 = ORIENTED_EDGE('',*,*,#3897,.T.);
#3897 = EDGE_CURVE('',#3870,#3794,#3898,.T.);
#3898 = SURFACE_CURVE('',#3899,(#3903,#3910),.PCURVE_S1.);
#3899 = LINE('',#3900,#3901);
#3900 = CARTESIAN_POINT('',(2.161396503203E-05,239.6499999,
    -3.751661308004E-12));
#3901 = VECTOR('',#3902,1.);
#3902 = DIRECTION('',(1.,1.893352418207E-15,-9.797718192317E-15));
#3903 = PCURVE('',#3809,#3904);
#3904 = DEFINITIONAL_REPRESENTATION('',(#3905),#3909);
#3905 = LINE('',#3906,#3907);
#3906 = CARTESIAN_POINT('',(-44.99997838603,-6.));
#3907 = VECTOR('',#3908,1.);
#3908 = DIRECTION('',(1.,1.817528988872E-43));
#3909 = ( GEOMETRIC_REPRESENTATION_CONTEXT(2) 
PARAMETRIC_REPRESENTATION_CONTEXT() REPRESENTATION_CONTEXT('2D SPACE',''
  ) );
#3910 = PCURVE('',#72,#3911);
#3911 = DEFINITIONAL_REPRESENTATION('',(#3912),#3916);
#3912 = LINE('',#3913,#3914);
#3913 = CARTESIAN_POINT('',(1.585893927911E-03,22.727949855201));
#3914 = VECTOR('',#3915,1.);
#3915 = DIRECTION('',(-1.,9.797718192317E-15));
#3916 = ( GEOMETRIC_REPRESENTATION_CONTEXT(2) 
PARAMETRIC_REPRESENTATION_CONTEXT() REPRESENTATION_CONTEXT('2D SPACE',''
  ) );
#3917 = ORIENTED_EDGE('',*,*,#3791,.F.);
#3918 = ORIENTED_EDGE('',*,*,#3919,.F.);
#3919 = EDGE_CURVE('',#3868,#3792,#3920,.T.);
#3920 = SURFACE_CURVE('',#3921,(#3925,#3932),.PCURVE_S1.);
#3921 = LINE('',#3922,#3923);
#3922 = CARTESIAN_POINT('',(2.161396503203E-05,233.6499999,
    -3.751661308004E-12));
#3923 = VECTOR('',#3924,1.);
#3924 = DIRECTION('',(1.,1.893352418207E-15,-9.797718192317E-15));
#3925 = PCURVE('',#3809,#3926);
#3926 = DEFINITIONAL_REPRESENTATION('',(#3927),#3931);
#3927 = LINE('',#3928,#3929);
#3928 = CARTESIAN_POINT('',(-44.99997838603,6.431039474999E-17));
#3929 = VECTOR('',#3930,1.);
#3930 = DIRECTION('',(1.,1.817528988872E-43));
#3931 = ( GEOMETRIC_REPRESENTATION_CONTEXT(2) 
PARAMETRIC_REPRESENTATION_CONTEXT() REPRESENTATION_CONTEXT('2D SPACE',''
  ) );
#3932 = PCURVE('',#126,#3933);
#3933 = DEFINITIONAL_REPRESENTATION('',(#3934),#3938);
#3934 = LINE('',#3935,#3936);
#3935 = CARTESIAN_POINT('',(1.585893927911E-03,22.727949855201));
#3936 = VECTOR('',#3937,1.);
#3937 = DIRECTION('',(-1.,9.797718192317E-15));
#3938 = ( GEOMETRIC_REPRESENTATION_CONTEXT(2) 
PARAMETRIC_REPRESENTATION_CONTEXT() REPRESENTATION_CONTEXT('2D SPACE',''
  ) );
#3939 = ADVANCED_FACE('',(#3940),#3885,.T.);
#3940 = FACE_BOUND('',#3941,.T.);
#3941 = EDGE_LOOP('',(#3942,#3967,#3988,#3989));
#3942 = ORIENTED_EDGE('',*,*,#3943,.T.);
#3943 = EDGE_CURVE('',#3944,#3946,#3948,.T.);
#3944 = VERTEX_POINT('',#3945);
#3945 = CARTESIAN_POINT('',(39.,233.6499999,-2.066883884464E-12));
#3946 = VERTEX_POINT('',#3947);
#3947 = CARTESIAN_POINT('',(39.,239.6499999,-2.066883884464E-12));
#3948 = SURFACE_CURVE('',#3949,(#3953,#3960),.PCURVE_S1.);
#3949 = LINE('',#3950,#3951);
#3950 = CARTESIAN_POINT('',(39.,233.6499999,-2.066883884464E-12));
#3951 = VECTOR('',#3952,1.);
#3952 = DIRECTION('',(0.,1.,0.));
#3953 = PCURVE('',#3885,#3954);
#3954 = DEFINITIONAL_REPRESENTATION('',(#3955),#3959);
#3955 = LINE('',#3956,#3957);
#3956 = CARTESIAN_POINT('',(-1.614369368389E-28,8.526512829121E-14));
#3957 = VECTOR('',#3958,1.);
#3958 = DIRECTION('',(1.893352418207E-15,-1.));
#3959 = ( GEOMETRIC_REPRESENTATION_CONTEXT(2) 
PARAMETRIC_REPRESENTATION_CONTEXT() REPRESENTATION_CONTEXT('2D SPACE',''
  ) );
#3960 = PCURVE('',#100,#3961);
#3961 = DEFINITIONAL_REPRESENTATION('',(#3962),#3966);
#3962 = LINE('',#3963,#3964);
#3963 = CARTESIAN_POINT('',(1.177753917527,8.749503151901E-14));
#3964 = VECTOR('',#3965,1.);
#3965 = DIRECTION('',(1.893352418207E-15,-1.));
#3966 = ( GEOMETRIC_REPRESENTATION_CONTEXT(2) 
PARAMETRIC_REPRESENTATION_CONTEXT() REPRESENTATION_CONTEXT('2D SPACE',''
  ) );
#3967 = ORIENTED_EDGE('',*,*,#3968,.T.);
#3968 = EDGE_CURVE('',#3946,#3870,#3969,.T.);
#3969 = SURFACE_CURVE('',#3970,(#3974,#3981),.PCURVE_S1.);
#3970 = LINE('',#3971,#3972);
#3971 = CARTESIAN_POINT('',(2.161396503203E-05,239.6499999,
    -3.751661308004E-12));
#3972 = VECTOR('',#3973,1.);
#3973 = DIRECTION('',(1.,1.893352418207E-15,-9.797718192317E-15));
#3974 = PCURVE('',#3885,#3975);
#3975 = DEFINITIONAL_REPRESENTATION('',(#3976),#3980);
#3976 = LINE('',#3977,#3978);
#3977 = CARTESIAN_POINT('',(-38.99997838603,-6.));
#3978 = VECTOR('',#3979,1.);
#3979 = DIRECTION('',(1.,1.817528988872E-43));
#3980 = ( GEOMETRIC_REPRESENTATION_CONTEXT(2) 
PARAMETRIC_REPRESENTATION_CONTEXT() REPRESENTATION_CONTEXT('2D SPACE',''
  ) );
#3981 = PCURVE('',#72,#3982);
#3982 = DEFINITIONAL_REPRESENTATION('',(#3983),#3987);
#3983 = LINE('',#3984,#3985);
#3984 = CARTESIAN_POINT('',(1.585893927911E-03,22.727949855201));
#3985 = VECTOR('',#3986,1.);
#3986 = DIRECTION('',(-1.,9.797718192317E-15));
#3987 = ( GEOMETRIC_REPRESENTATION_CONTEXT(2) 
PARAMETRIC_REPRESENTATION_CONTEXT() REPRESENTATION_CONTEXT('2D SPACE',''
  ) );
#3988 = ORIENTED_EDGE('',*,*,#3867,.F.);
#3989 = ORIENTED_EDGE('',*,*,#3990,.F.);
#3990 = EDGE_CURVE('',#3944,#3868,#3991,.T.);
#3991 = SURFACE_CURVE('',#3992,(#3996,#4003),.PCURVE_S1.);
#3992 = LINE('',#3993,#3994);
#3993 = CARTESIAN_POINT('',(2.161396503203E-05,233.6499999,
    -3.751661308004E-12));
#3994 = VECTOR('',#3995,1.);
#3995 = DIRECTION('',(1.,1.893352418207E-15,-9.797718192317E-15));
#3996 = PCURVE('',#3885,#3997);
#3997 = DEFINITIONAL_REPRESENTATION('',(#3998),#4002);
#3998 = LINE('',#3999,#4000);
#3999 = CARTESIAN_POINT('',(-38.99997838603,1.142442490399E-14));
#4000 = VECTOR('',#4001,1.);
#4001 = DIRECTION('',(1.,1.817528988872E-43));
#4002 = ( GEOMETRIC_REPRESENTATION_CONTEXT(2) 
PARAMETRIC_REPRESENTATION_CONTEXT() REPRESENTATION_CONTEXT('2D SPACE',''
  ) );
#4003 = PCURVE('',#126,#4004);
#4004 = DEFINITIONAL_REPRESENTATION('',(#4005),#4009);
#4005 = LINE('',#4006,#4007);
#4006 = CARTESIAN_POINT('',(1.585893927911E-03,22.727949855201));
#4007 = VECTOR('',#4008,1.);
#4008 = DIRECTION('',(-1.,9.797718192317E-15));
#4009 = ( GEOMETRIC_REPRESENTATION_CONTEXT(2) 
PARAMETRIC_REPRESENTATION_CONTEXT() REPRESENTATION_CONTEXT('2D SPACE',''
  ) );
#4010 = ADVANCED_FACE('',(#4011),#100,.T.);
#4011 = FACE_BOUND('',#4012,.T.);
#4012 = EDGE_LOOP('',(#4013,#4014,#4035,#4036));
#4013 = ORIENTED_EDGE('',*,*,#84,.T.);
#4014 = ORIENTED_EDGE('',*,*,#4015,.T.);
#4015 = EDGE_CURVE('',#57,#3946,#4016,.T.);
#4016 = SURFACE_CURVE('',#4017,(#4021,#4028),.PCURVE_S1.);
#4017 = LINE('',#4018,#4019);
#4018 = CARTESIAN_POINT('',(2.161396503203E-05,239.6499999,
    -3.751661308004E-12));
#4019 = VECTOR('',#4020,1.);
#4020 = DIRECTION('',(1.,1.893352418207E-15,-9.797718192317E-15));
#4021 = PCURVE('',#100,#4022);
#4022 = DEFINITIONAL_REPRESENTATION('',(#4023),#4027);
#4023 = LINE('',#4024,#4025);
#4024 = CARTESIAN_POINT('',(-37.8222244685,-6.));
#4025 = VECTOR('',#4026,1.);
#4026 = DIRECTION('',(1.,1.817528988872E-43));
#4027 = ( GEOMETRIC_REPRESENTATION_CONTEXT(2) 
PARAMETRIC_REPRESENTATION_CONTEXT() REPRESENTATION_CONTEXT('2D SPACE',''
  ) );
#4028 = PCURVE('',#72,#4029);
#4029 = DEFINITIONAL_REPRESENTATION('',(#4030),#4034);
#4030 = LINE('',#4031,#4032);
#4031 = CARTESIAN_POINT('',(1.585893927911E-03,22.727949855201));
#4032 = VECTOR('',#4033,1.);
#4033 = DIRECTION('',(-1.,9.797718192317E-15));
#4034 = ( GEOMETRIC_REPRESENTATION_CONTEXT(2) 
PARAMETRIC_REPRESENTATION_CONTEXT() REPRESENTATION_CONTEXT('2D SPACE',''
  ) );
#4035 = ORIENTED_EDGE('',*,*,#3943,.F.);
#4036 = ORIENTED_EDGE('',*,*,#4037,.F.);
#4037 = EDGE_CURVE('',#85,#3944,#4038,.T.);
#4038 = SURFACE_CURVE('',#4039,(#4043,#4050),.PCURVE_S1.);
#4039 = LINE('',#4040,#4041);
#4040 = CARTESIAN_POINT('',(2.161396503203E-05,233.6499999,
    -3.751661308004E-12));
#4041 = VECTOR('',#4042,1.);
#4042 = DIRECTION('',(1.,1.893352418207E-15,-9.797718192317E-15));
#4043 = PCURVE('',#100,#4044);
#4044 = DEFINITIONAL_REPRESENTATION('',(#4045),#4049);
#4045 = LINE('',#4046,#4047);
#4046 = CARTESIAN_POINT('',(-37.8222244685,1.365432813179E-14));
#4047 = VECTOR('',#4048,1.);
#4048 = DIRECTION('',(1.,1.817528988872E-43));
#4049 = ( GEOMETRIC_REPRESENTATION_CONTEXT(2) 
PARAMETRIC_REPRESENTATION_CONTEXT() REPRESENTATION_CONTEXT('2D SPACE',''
  ) );
#4050 = PCURVE('',#126,#4051);
#4051 = DEFINITIONAL_REPRESENTATION('',(#4052),#4056);
#4052 = LINE('',#4053,#4054);
#4053 = CARTESIAN_POINT('',(1.585893927911E-03,22.727949855201));
#4054 = VECTOR('',#4055,1.);
#4055 = DIRECTION('',(-1.,9.797718192317E-15));
#4056 = ( GEOMETRIC_REPRESENTATION_CONTEXT(2) 
PARAMETRIC_REPRESENTATION_CONTEXT() REPRESENTATION_CONTEXT('2D SPACE',''
  ) );
#4057 = ADVANCED_FACE('',(#4058),#126,.T.);
#4058 = FACE_BOUND('',#4059,.F.);
#4059 = EDGE_LOOP('',(#4060,#4061,#4062,#4063,#4064,#4065,#4066,#4067,
    #4068,#4069,#4070,#4071,#4072,#4073,#4074,#4075,#4076,#4077,#4078));
#4060 = ORIENTED_EDGE('',*,*,#112,.F.);
#4061 = ORIENTED_EDGE('',*,*,#244,.F.);
#4062 = ORIENTED_EDGE('',*,*,#472,.F.);
#4063 = ORIENTED_EDGE('',*,*,#750,.F.);
#4064 = ORIENTED_EDGE('',*,*,#930,.F.);
#4065 = ORIENTED_EDGE('',*,*,#1006,.F.);
#4066 = ORIENTED_EDGE('',*,*,#1082,.F.);
#4067 = ORIENTED_EDGE('',*,*,#1158,.F.);
#4068 = ORIENTED_EDGE('',*,*,#1238,.F.);
#4069 = ORIENTED_EDGE('',*,*,#1327,.T.);
#4070 = ORIENTED_EDGE('',*,*,#1597,.T.);
#4071 = ORIENTED_EDGE('',*,*,#2253,.T.);
#4072 = ORIENTED_EDGE('',*,*,#3118,.T.);
#4073 = ORIENTED_EDGE('',*,*,#3649,.T.);
#4074 = ORIENTED_EDGE('',*,*,#3753,.T.);
#4075 = ORIENTED_EDGE('',*,*,#3843,.F.);
#4076 = ORIENTED_EDGE('',*,*,#3919,.F.);
#4077 = ORIENTED_EDGE('',*,*,#3990,.F.);
#4078 = ORIENTED_EDGE('',*,*,#4037,.F.);
#4079 = ADVANCED_FACE('',(#4080),#72,.F.);
#4080 = FACE_BOUND('',#4081,.T.);
#4081 = EDGE_LOOP('',(#4082,#4083,#4084,#4085,#4086,#4087,#4088,#4089,
    #4090,#4091,#4092,#4093,#4094,#4095,#4096,#4097,#4098,#4099,#4100));
#4082 = ORIENTED_EDGE('',*,*,#56,.F.);
#4083 = ORIENTED_EDGE('',*,*,#222,.F.);
#4084 = ORIENTED_EDGE('',*,*,#352,.F.);
#4085 = ORIENTED_EDGE('',*,*,#624,.F.);
#4086 = ORIENTED_EDGE('',*,*,#908,.F.);
#4087 = ORIENTED_EDGE('',*,*,#984,.F.);
#4088 = ORIENTED_EDGE('',*,*,#1060,.F.);
#4089 = ORIENTED_EDGE('',*,*,#1136,.F.);
#4090 = ORIENTED_EDGE('',*,*,#1216,.F.);
#4091 = ORIENTED_EDGE('',*,*,#1263,.T.);
#4092 = ORIENTED_EDGE('',*,*,#1356,.T.);
#4093 = ORIENTED_EDGE('',*,*,#1636,.T.);
#4094 = ORIENTED_EDGE('',*,*,#2626,.T.);
#4095 = ORIENTED_EDGE('',*,*,#3575,.T.);
#4096 = ORIENTED_EDGE('',*,*,#3688,.T.);
#4097 = ORIENTED_EDGE('',*,*,#3821,.F.);
#4098 = ORIENTED_EDGE('',*,*,#3897,.F.);
#4099 = ORIENTED_EDGE('',*,*,#3968,.F.);
#4100 = ORIENTED_EDGE('',*,*,#4015,.F.);
#4101 = ( GEOMETRIC_REPRESENTATION_CONTEXT(3) 
GLOBAL_UNCERTAINTY_ASSIGNED_CONTEXT((#4105)) 
GLOBAL_UNIT_ASSIGNED_CONTEXT((#4102,#4103,#4104)) REPRESENTATION_CONTEXT
('Context #1','3D Context with UNIT and UNCERTAINTY') );
#4102 = ( LENGTH_UNIT() NAMED_UNIT(*) SI_UNIT(.MILLI.,.METRE.) );
#4103 = ( NAMED_UNIT(*) PLANE_ANGLE_UNIT() SI_UNIT($,.RADIAN.) );
#4104 = ( NAMED_UNIT(*) SI_UNIT($,.STERADIAN.) SOLID_ANGLE_UNIT() );
#4105 = UNCERTAINTY_MEASURE_WITH_UNIT(LENGTH_MEASURE(1.E-04),#4102,
  'distance_accuracy_value','confusion accuracy');
#4106 = PRODUCT_RELATED_PRODUCT_CATEGORY('part',$,(#7));
ENDSEC;
END-ISO-10303-21;
