ISO-10303-21;
HEADER;
FILE_DESCRIPTION(('Open CASCADE Model'),'2;1');
FILE_NAME('Open CASCADE Shape Model','2026-09-20T16:08:41',('Author'),(
    'Open CASCADE'),'Open CASCADE STEP processor 7.9','Open CASCADE 7.9'
  ,'Unknown');
FILE_SCHEMA(('AUTOMOTIVE_DESIGN { 1 0 10303 214 1 1 1 1 }'));
ENDSEC;
DATA;
#1 = APPLICATION_PROTOCOL_DEFINITION('international standard',
  'automotive_design',2000,#2);
#2 = APPLICATION_CONTEXT(
  'core data for automotive mechanical design processes');
#3 = SHAPE_DEFINITION_REPRESENTATION(#4,#10);
#4 = PRODUCT_DEFINITION_SHAPE('','',#5);
#5 = PRODUCT_DEFINITION('design','',#6,#9);
#6 = PRODUCT_DEFINITION_FORMATION('','',#7);
#7 = PRODUCT('Open CASCADE STEP translator 7.9 2',
  'Open CASCADE STEP translator 7.9 2','',(#8));
#8 = PRODUCT_CONTEXT('',#2,'mechanical');
#9 = PRODUCT_DEFINITION_CONTEXT('part definition',#2,'design');
#10 = ADVANCED_BREP_SHAPE_REPRESENTATION('',(#11,#15),#3586);
#11 = AXIS2_PLACEMENT_3D('',#12,#13,#14);
#12 = CARTESIAN_POINT('',(0.,0.,0.));
#13 = DIRECTION('',(0.,0.,1.));
#14 = DIRECTION('',(1.,0.,-0.));
#15 = MANIFOLD_SOLID_BREP('',#16);
#16 = CLOSED_SHELL('',(#17,#89,#143,#201,#259,#853,#1447,#1501,#1555,
    #1609,#1663,#1734,#1783,#1832,#1881,#1931,#1980,#2030,#2079,#2128,
    #2177,#2226,#2275,#2325,#2374,#2424,#2451,#2522,#2549,#2600,#2627,
    #2678,#2705,#2756,#2807,#2834,#2885,#2912,#2963,#2990,#3041,#3068,
    #3075,#3129,#3183,#3238,#3292,#3346,#3380,#3414,#3448,#3474,#3500,
    #3534,#3560));
#17 = ADVANCED_FACE('',(#18,#58),#31,.T.);
#18 = FACE_BOUND('',#19,.T.);
#19 = EDGE_LOOP('',(#20));
#20 = ORIENTED_EDGE('',*,*,#21,.T.);
#21 = EDGE_CURVE('',#22,#22,#24,.T.);
#22 = VERTEX_POINT('',#23);
#23 = CARTESIAN_POINT('',(5.500015615549,-300.6500002086,-16.2139461888)
  );
#24 = SURFACE_CURVE('',#25,(#30,#46),.PCURVE_S1.);
#25 = CIRCLE('',#26,1.5);
#26 = AXIS2_PLACEMENT_3D('',#27,#28,#29);
#27 = CARTESIAN_POINT('',(7.000015615549,-300.6500002086,-16.2139461888)
  );
#28 = DIRECTION('',(5.839773109528E-13,0.,-1.));
#29 = DIRECTION('',(-1.,0.,-5.839773109528E-13));
#30 = PCURVE('',#31,#36);
#31 = PLANE('',#32);
#32 = AXIS2_PLACEMENT_3D('',#33,#34,#35);
#33 = CARTESIAN_POINT('',(1.56155489323E-05,-293.65,-16.21394618881));
#34 = DIRECTION('',(-5.839773109528E-13,0.,1.));
#35 = DIRECTION('',(-1.,0.,-5.839773109528E-13));
#36 = DEFINITIONAL_REPRESENTATION('',(#37),#45);
#37 = ( BOUNDED_CURVE() B_SPLINE_CURVE(2,(#38,#39,#40,#41,#42,#43,#44),
.UNSPECIFIED.,.T.,.F.) B_SPLINE_CURVE_WITH_KNOTS((1,2,2,2,2,1),(
    -2.094395102393,0.,2.094395102393,4.188790204786,6.28318530718,
8.377580409573),.UNSPECIFIED.) CURVE() GEOMETRIC_REPRESENTATION_ITEM() 
RATIONAL_B_SPLINE_CURVE((1.,0.5,1.,0.5,1.,0.5,1.)) REPRESENTATION_ITEM(
  '') );
#38 = CARTESIAN_POINT('',(-5.5,7.0000002086));
#39 = CARTESIAN_POINT('',(-5.5,4.401923997247));
#40 = CARTESIAN_POINT('',(-7.75,5.700962102923));
#41 = CARTESIAN_POINT('',(-10.,7.0000002086));
#42 = CARTESIAN_POINT('',(-7.75,8.299038314277));
#43 = CARTESIAN_POINT('',(-5.5,9.598076419953));
#44 = CARTESIAN_POINT('',(-5.5,7.0000002086));
#45 = ( GEOMETRIC_REPRESENTATION_CONTEXT(2) 
PARAMETRIC_REPRESENTATION_CONTEXT() REPRESENTATION_CONTEXT('2D SPACE',''
  ) );
#46 = PCURVE('',#47,#52);
#47 = CYLINDRICAL_SURFACE('',#48,1.5);
#48 = AXIS2_PLACEMENT_3D('',#49,#50,#51);
#49 = CARTESIAN_POINT('',(7.000015615551,-300.6500002086,-19.2139461888)
  );
#50 = DIRECTION('',(-5.839773109528E-13,0.,1.));
#51 = DIRECTION('',(-1.,0.,-5.839773109528E-13));
#52 = DEFINITIONAL_REPRESENTATION('',(#53),#57);
#53 = LINE('',#54,#55);
#54 = CARTESIAN_POINT('',(6.28318530718,3.));
#55 = VECTOR('',#56,1.);
#56 = DIRECTION('',(-1.,0.));
#57 = ( GEOMETRIC_REPRESENTATION_CONTEXT(2) 
PARAMETRIC_REPRESENTATION_CONTEXT() REPRESENTATION_CONTEXT('2D SPACE',''
  ) );
#58 = FACE_BOUND('',#59,.T.);
#59 = EDGE_LOOP('',(#60));
#60 = ORIENTED_EDGE('',*,*,#61,.T.);
#61 = EDGE_CURVE('',#62,#62,#64,.T.);
#62 = VERTEX_POINT('',#63);
#63 = CARTESIAN_POINT('',(3.750015615549,-300.6500002086,-16.21394618881
    ));
#64 = SURFACE_CURVE('',#65,(#70,#77),.PCURVE_S1.);
#65 = CIRCLE('',#66,3.25);
#66 = AXIS2_PLACEMENT_3D('',#67,#68,#69);
#67 = CARTESIAN_POINT('',(7.000015615549,-300.6500002086,-16.2139461888)
  );
#68 = DIRECTION('',(-5.839773109528E-13,0.,1.));
#69 = DIRECTION('',(-1.,0.,-5.839773109528E-13));
#70 = PCURVE('',#31,#71);
#71 = DEFINITIONAL_REPRESENTATION('',(#72),#76);
#72 = CIRCLE('',#73,3.25);
#73 = AXIS2_PLACEMENT_2D('',#74,#75);
#74 = CARTESIAN_POINT('',(-7.,7.0000002086));
#75 = DIRECTION('',(1.,0.));
#76 = ( GEOMETRIC_REPRESENTATION_CONTEXT(2) 
PARAMETRIC_REPRESENTATION_CONTEXT() REPRESENTATION_CONTEXT('2D SPACE',''
  ) );
#77 = PCURVE('',#78,#83);
#78 = CYLINDRICAL_SURFACE('',#79,3.25);
#79 = AXIS2_PLACEMENT_3D('',#80,#81,#82);
#80 = CARTESIAN_POINT('',(7.000015615549,-300.6500002086,-16.2139461888)
  );
#81 = DIRECTION('',(-5.839773109528E-13,0.,1.));
#82 = DIRECTION('',(-1.,0.,-5.839773109528E-13));
#83 = DEFINITIONAL_REPRESENTATION('',(#84),#88);
#84 = LINE('',#85,#86);
#85 = CARTESIAN_POINT('',(0.,3.552713678801E-15));
#86 = VECTOR('',#87,1.);
#87 = DIRECTION('',(1.,0.));
#88 = ( GEOMETRIC_REPRESENTATION_CONTEXT(2) 
PARAMETRIC_REPRESENTATION_CONTEXT() REPRESENTATION_CONTEXT('2D SPACE',''
  ) );
#89 = ADVANCED_FACE('',(#90),#47,.F.);
#90 = FACE_BOUND('',#91,.F.);
#91 = EDGE_LOOP('',(#92,#121,#141,#142));
#92 = ORIENTED_EDGE('',*,*,#93,.T.);
#93 = EDGE_CURVE('',#94,#94,#96,.T.);
#94 = VERTEX_POINT('',#95);
#95 = CARTESIAN_POINT('',(5.50001561555,-300.6500002086,-18.7139461888)
  );
#96 = SURFACE_CURVE('',#97,(#102,#109),.PCURVE_S1.);
#97 = CIRCLE('',#98,1.5);
#98 = AXIS2_PLACEMENT_3D('',#99,#100,#101);
#99 = CARTESIAN_POINT('',(7.00001561555,-300.6500002086,-18.7139461888)
  );
#100 = DIRECTION('',(-5.839773109528E-13,0.,1.));
#101 = DIRECTION('',(-1.,0.,-5.839773109528E-13));
#102 = PCURVE('',#47,#103);
#103 = DEFINITIONAL_REPRESENTATION('',(#104),#108);
#104 = LINE('',#105,#106);
#105 = CARTESIAN_POINT('',(0.,0.5));
#106 = VECTOR('',#107,1.);
#107 = DIRECTION('',(1.,0.));
#108 = ( GEOMETRIC_REPRESENTATION_CONTEXT(2) 
PARAMETRIC_REPRESENTATION_CONTEXT() REPRESENTATION_CONTEXT('2D SPACE',''
  ) );
#109 = PCURVE('',#110,#115);
#110 = CONICAL_SURFACE('',#111,1.75,0.785398163397);
#111 = AXIS2_PLACEMENT_3D('',#112,#113,#114);
#112 = CARTESIAN_POINT('',(7.000015615551,-300.6500002086,-18.9639461888
    ));
#113 = DIRECTION('',(5.839773109528E-13,0.,-1.));
#114 = DIRECTION('',(-1.,0.,-5.839773109528E-13));
#115 = DEFINITIONAL_REPRESENTATION('',(#116),#120);
#116 = LINE('',#117,#118);
#117 = CARTESIAN_POINT('',(6.28318530718,-0.25));
#118 = VECTOR('',#119,1.);
#119 = DIRECTION('',(-1.,0.));
#120 = ( GEOMETRIC_REPRESENTATION_CONTEXT(2) 
PARAMETRIC_REPRESENTATION_CONTEXT() REPRESENTATION_CONTEXT('2D SPACE',''
  ) );
#121 = ORIENTED_EDGE('',*,*,#122,.T.);
#122 = EDGE_CURVE('',#94,#22,#123,.T.);
#123 = SEAM_CURVE('',#124,(#127,#134),.PCURVE_S1.);
#124 = B_SPLINE_CURVE_WITH_KNOTS('',1,(#125,#126),.UNSPECIFIED.,.F.,.F.,
  (2,2),(0.5,3.),.PIECEWISE_BEZIER_KNOTS.);
#125 = CARTESIAN_POINT('',(5.50001561555,-300.6500002086,-18.7139461888)
  );
#126 = CARTESIAN_POINT('',(5.500015615549,-300.6500002086,-16.2139461888
    ));
#127 = PCURVE('',#47,#128);
#128 = DEFINITIONAL_REPRESENTATION('',(#129),#133);
#129 = LINE('',#130,#131);
#130 = CARTESIAN_POINT('',(6.28318530718,0.));
#131 = VECTOR('',#132,1.);
#132 = DIRECTION('',(0.,1.));
#133 = ( GEOMETRIC_REPRESENTATION_CONTEXT(2) 
PARAMETRIC_REPRESENTATION_CONTEXT() REPRESENTATION_CONTEXT('2D SPACE',''
  ) );
#134 = PCURVE('',#47,#135);
#135 = DEFINITIONAL_REPRESENTATION('',(#136),#140);
#136 = LINE('',#137,#138);
#137 = CARTESIAN_POINT('',(4.138911435803E-13,0.));
#138 = VECTOR('',#139,1.);
#139 = DIRECTION('',(0.,1.));
#140 = ( GEOMETRIC_REPRESENTATION_CONTEXT(2) 
PARAMETRIC_REPRESENTATION_CONTEXT() REPRESENTATION_CONTEXT('2D SPACE',''
  ) );
#141 = ORIENTED_EDGE('',*,*,#21,.T.);
#142 = ORIENTED_EDGE('',*,*,#122,.F.);
#143 = ADVANCED_FACE('',(#144),#78,.F.);
#144 = FACE_BOUND('',#145,.F.);
#145 = EDGE_LOOP('',(#146,#147,#169,#200));
#146 = ORIENTED_EDGE('',*,*,#61,.T.);
#147 = ORIENTED_EDGE('',*,*,#148,.T.);
#148 = EDGE_CURVE('',#62,#149,#151,.T.);
#149 = VERTEX_POINT('',#150);
#150 = CARTESIAN_POINT('',(3.750015615548,-300.6500002086,
    -15.21394618881));
#151 = SEAM_CURVE('',#152,(#155,#162),.PCURVE_S1.);
#152 = B_SPLINE_CURVE_WITH_KNOTS('',1,(#153,#154),.UNSPECIFIED.,.F.,.F.,
  (2,2),(3.552713678801E-15,1.),.PIECEWISE_BEZIER_KNOTS.);
#153 = CARTESIAN_POINT('',(3.750015615549,-300.6500002086,
    -16.21394618881));
#154 = CARTESIAN_POINT('',(3.750015615548,-300.6500002086,
    -15.21394618881));
#155 = PCURVE('',#78,#156);
#156 = DEFINITIONAL_REPRESENTATION('',(#157),#161);
#157 = LINE('',#158,#159);
#158 = CARTESIAN_POINT('',(6.28318530718,0.));
#159 = VECTOR('',#160,1.);
#160 = DIRECTION('',(0.,1.));
#161 = ( GEOMETRIC_REPRESENTATION_CONTEXT(2) 
PARAMETRIC_REPRESENTATION_CONTEXT() REPRESENTATION_CONTEXT('2D SPACE',''
  ) );
#162 = PCURVE('',#78,#163);
#163 = DEFINITIONAL_REPRESENTATION('',(#164),#168);
#164 = LINE('',#165,#166);
#165 = CARTESIAN_POINT('',(4.138911435803E-13,0.));
#166 = VECTOR('',#167,1.);
#167 = DIRECTION('',(0.,1.));
#168 = ( GEOMETRIC_REPRESENTATION_CONTEXT(2) 
PARAMETRIC_REPRESENTATION_CONTEXT() REPRESENTATION_CONTEXT('2D SPACE',''
  ) );
#169 = ORIENTED_EDGE('',*,*,#170,.T.);
#170 = EDGE_CURVE('',#149,#149,#171,.T.);
#171 = SURFACE_CURVE('',#172,(#177,#184),.PCURVE_S1.);
#172 = CIRCLE('',#173,3.25);
#173 = AXIS2_PLACEMENT_3D('',#174,#175,#176);
#174 = CARTESIAN_POINT('',(7.000015615548,-300.6500002086,-15.2139461888
    ));
#175 = DIRECTION('',(5.839773109528E-13,0.,-1.));
#176 = DIRECTION('',(-1.,0.,-5.839773109528E-13));
#177 = PCURVE('',#78,#178);
#178 = DEFINITIONAL_REPRESENTATION('',(#179),#183);
#179 = LINE('',#180,#181);
#180 = CARTESIAN_POINT('',(6.28318530718,1.));
#181 = VECTOR('',#182,1.);
#182 = DIRECTION('',(-1.,0.));
#183 = ( GEOMETRIC_REPRESENTATION_CONTEXT(2) 
PARAMETRIC_REPRESENTATION_CONTEXT() REPRESENTATION_CONTEXT('2D SPACE',''
  ) );
#184 = PCURVE('',#185,#190);
#185 = PLANE('',#186);
#186 = AXIS2_PLACEMENT_3D('',#187,#188,#189);
#187 = CARTESIAN_POINT('',(1.561554834832E-05,-293.65,-15.21394618881));
#188 = DIRECTION('',(-5.839773109528E-13,0.,1.));
#189 = DIRECTION('',(-1.,0.,-5.839773109528E-13));
#190 = DEFINITIONAL_REPRESENTATION('',(#191),#199);
#191 = ( BOUNDED_CURVE() B_SPLINE_CURVE(2,(#192,#193,#194,#195,#196,#197
,#198),.UNSPECIFIED.,.T.,.F.) B_SPLINE_CURVE_WITH_KNOTS((1,2,2,2,2,1),(
    -2.094395102393,0.,2.094395102393,4.188790204786,6.28318530718,
8.377580409573),.UNSPECIFIED.) CURVE() GEOMETRIC_REPRESENTATION_ITEM() 
RATIONAL_B_SPLINE_CURVE((1.,0.5,1.,0.5,1.,0.5,1.)) REPRESENTATION_ITEM(
  '') );
#192 = CARTESIAN_POINT('',(-3.75,7.0000002086));
#193 = CARTESIAN_POINT('',(-3.75,1.370835084001));
#194 = CARTESIAN_POINT('',(-8.625,4.185417646301));
#195 = CARTESIAN_POINT('',(-13.5,7.0000002086));
#196 = CARTESIAN_POINT('',(-8.625,9.814582770899));
#197 = CARTESIAN_POINT('',(-3.75,12.629165333199));
#198 = CARTESIAN_POINT('',(-3.75,7.0000002086));
#199 = ( GEOMETRIC_REPRESENTATION_CONTEXT(2) 
PARAMETRIC_REPRESENTATION_CONTEXT() REPRESENTATION_CONTEXT('2D SPACE',''
  ) );
#200 = ORIENTED_EDGE('',*,*,#148,.F.);
#201 = ADVANCED_FACE('',(#202),#110,.F.);
#202 = FACE_BOUND('',#203,.F.);
#203 = EDGE_LOOP('',(#204,#237,#257,#258));
#204 = ORIENTED_EDGE('',*,*,#205,.F.);
#205 = EDGE_CURVE('',#206,#206,#208,.T.);
#206 = VERTEX_POINT('',#207);
#207 = CARTESIAN_POINT('',(5.000015615551,-300.6500002086,-19.2139461888
    ));
#208 = SURFACE_CURVE('',#209,(#214,#221),.PCURVE_S1.);
#209 = CIRCLE('',#210,2.);
#210 = AXIS2_PLACEMENT_3D('',#211,#212,#213);
#211 = CARTESIAN_POINT('',(7.000015615551,-300.6500002086,-19.2139461888
    ));
#212 = DIRECTION('',(5.839773109528E-13,0.,-1.));
#213 = DIRECTION('',(-1.,0.,-5.839773109528E-13));
#214 = PCURVE('',#110,#215);
#215 = DEFINITIONAL_REPRESENTATION('',(#216),#220);
#216 = LINE('',#217,#218);
#217 = CARTESIAN_POINT('',(0.,0.25));
#218 = VECTOR('',#219,1.);
#219 = DIRECTION('',(1.,0.));
#220 = ( GEOMETRIC_REPRESENTATION_CONTEXT(2) 
PARAMETRIC_REPRESENTATION_CONTEXT() REPRESENTATION_CONTEXT('2D SPACE',''
  ) );
#221 = PCURVE('',#222,#227);
#222 = PLANE('',#223);
#223 = AXIS2_PLACEMENT_3D('',#224,#225,#226);
#224 = CARTESIAN_POINT('',(1.561555068423E-05,-293.65,-19.21394618881));
#225 = DIRECTION('',(-5.839773109528E-13,0.,1.));
#226 = DIRECTION('',(-1.,0.,-5.839773109528E-13));
#227 = DEFINITIONAL_REPRESENTATION('',(#228),#236);
#228 = ( BOUNDED_CURVE() B_SPLINE_CURVE(2,(#229,#230,#231,#232,#233,#234
,#235),.UNSPECIFIED.,.T.,.F.) B_SPLINE_CURVE_WITH_KNOTS((1,2,2,2,2,1),(
    -2.094395102393,0.,2.094395102393,4.188790204786,6.28318530718,
8.377580409573),.UNSPECIFIED.) CURVE() GEOMETRIC_REPRESENTATION_ITEM() 
RATIONAL_B_SPLINE_CURVE((1.,0.5,1.,0.5,1.,0.5,1.)) REPRESENTATION_ITEM(
  '') );
#229 = CARTESIAN_POINT('',(-5.,7.0000002086));
#230 = CARTESIAN_POINT('',(-5.,3.535898593462));
#231 = CARTESIAN_POINT('',(-8.,5.267949401031));
#232 = CARTESIAN_POINT('',(-11.,7.0000002086));
#233 = CARTESIAN_POINT('',(-8.,8.732051016169));
#234 = CARTESIAN_POINT('',(-5.,10.464101823738));
#235 = CARTESIAN_POINT('',(-5.,7.0000002086));
#236 = ( GEOMETRIC_REPRESENTATION_CONTEXT(2) 
PARAMETRIC_REPRESENTATION_CONTEXT() REPRESENTATION_CONTEXT('2D SPACE',''
  ) );
#237 = ORIENTED_EDGE('',*,*,#238,.F.);
#238 = EDGE_CURVE('',#94,#206,#239,.T.);
#239 = SEAM_CURVE('',#240,(#243,#250),.PCURVE_S1.);
#240 = B_SPLINE_CURVE_WITH_KNOTS('',1,(#241,#242),.UNSPECIFIED.,.F.,.F.,
  (2,2),(-0.353553390593,0.353553390593),.PIECEWISE_BEZIER_KNOTS.);
#241 = CARTESIAN_POINT('',(5.50001561555,-300.6500002086,-18.7139461888)
  );
#242 = CARTESIAN_POINT('',(5.000015615551,-300.6500002086,-19.2139461888
    ));
#243 = PCURVE('',#110,#244);
#244 = DEFINITIONAL_REPRESENTATION('',(#245),#249);
#245 = LINE('',#246,#247);
#246 = CARTESIAN_POINT('',(0.,0.));
#247 = VECTOR('',#248,1.);
#248 = DIRECTION('',(0.,1.));
#249 = ( GEOMETRIC_REPRESENTATION_CONTEXT(2) 
PARAMETRIC_REPRESENTATION_CONTEXT() REPRESENTATION_CONTEXT('2D SPACE',''
  ) );
#250 = PCURVE('',#110,#251);
#251 = DEFINITIONAL_REPRESENTATION('',(#252),#256);
#252 = LINE('',#253,#254);
#253 = CARTESIAN_POINT('',(6.28318530718,0.));
#254 = VECTOR('',#255,1.);
#255 = DIRECTION('',(0.,1.));
#256 = ( GEOMETRIC_REPRESENTATION_CONTEXT(2) 
PARAMETRIC_REPRESENTATION_CONTEXT() REPRESENTATION_CONTEXT('2D SPACE',''
  ) );
#257 = ORIENTED_EDGE('',*,*,#93,.F.);
#258 = ORIENTED_EDGE('',*,*,#238,.T.);
#259 = ADVANCED_FACE('',(#260,#291,#326,#361,#396,#399),#185,.T.);
#260 = FACE_BOUND('',#261,.T.);
#261 = EDGE_LOOP('',(#262));
#262 = ORIENTED_EDGE('',*,*,#263,.F.);
#263 = EDGE_CURVE('',#264,#264,#266,.T.);
#264 = VERTEX_POINT('',#265);
#265 = CARTESIAN_POINT('',(-5.99998438447,-293.65,-15.21394618881));
#266 = SURFACE_CURVE('',#267,(#272,#279),.PCURVE_S1.);
#267 = CIRCLE('',#268,6.);
#268 = AXIS2_PLACEMENT_3D('',#269,#270,#271);
#269 = CARTESIAN_POINT('',(1.561552980632E-05,-293.65,-15.21394618881));
#270 = DIRECTION('',(-5.839773109528E-13,0.,1.));
#271 = DIRECTION('',(-1.,0.,-5.839773109528E-13));
#272 = PCURVE('',#185,#273);
#273 = DEFINITIONAL_REPRESENTATION('',(#274),#278);
#274 = CIRCLE('',#275,6.);
#275 = AXIS2_PLACEMENT_2D('',#276,#277);
#276 = CARTESIAN_POINT('',(1.854200000056E-11,0.));
#277 = DIRECTION('',(1.,0.));
#278 = ( GEOMETRIC_REPRESENTATION_CONTEXT(2) 
PARAMETRIC_REPRESENTATION_CONTEXT() REPRESENTATION_CONTEXT('2D SPACE',''
  ) );
#279 = PCURVE('',#280,#285);
#280 = CONICAL_SURFACE('',#281,5.5,0.785398163397);
#281 = AXIS2_PLACEMENT_3D('',#282,#283,#284);
#282 = CARTESIAN_POINT('',(1.561552951434E-05,-293.65,-14.71394618881));
#283 = DIRECTION('',(5.839773109528E-13,0.,-1.));
#284 = DIRECTION('',(-1.,0.,-5.839773109528E-13));
#285 = DEFINITIONAL_REPRESENTATION('',(#286),#290);
#286 = LINE('',#287,#288);
#287 = CARTESIAN_POINT('',(6.28318530718,0.5));
#288 = VECTOR('',#289,1.);
#289 = DIRECTION('',(-1.,0.));
#290 = ( GEOMETRIC_REPRESENTATION_CONTEXT(2) 
PARAMETRIC_REPRESENTATION_CONTEXT() REPRESENTATION_CONTEXT('2D SPACE',''
  ) );
#291 = FACE_BOUND('',#292,.T.);
#292 = EDGE_LOOP('',(#293));
#293 = ORIENTED_EDGE('',*,*,#294,.T.);
#294 = EDGE_CURVE('',#295,#295,#297,.T.);
#295 = VERTEX_POINT('',#296);
#296 = CARTESIAN_POINT('',(-10.24998438445,-300.65,-15.21394618881));
#297 = SURFACE_CURVE('',#298,(#303,#314),.PCURVE_S1.);
#298 = CIRCLE('',#299,3.25);
#299 = AXIS2_PLACEMENT_3D('',#300,#301,#302);
#300 = CARTESIAN_POINT('',(-6.999984384452,-300.65,-15.21394618881));
#301 = DIRECTION('',(5.839773109528E-13,0.,-1.));
#302 = DIRECTION('',(-1.,0.,-5.839773109528E-13));
#303 = PCURVE('',#185,#304);
#304 = DEFINITIONAL_REPRESENTATION('',(#305),#313);
#305 = ( BOUNDED_CURVE() B_SPLINE_CURVE(2,(#306,#307,#308,#309,#310,#311
,#312),.UNSPECIFIED.,.T.,.F.) B_SPLINE_CURVE_WITH_KNOTS((1,2,2,2,2,1),(
    -2.094395102393,0.,2.094395102393,4.188790204786,6.28318530718,
8.377580409573),.UNSPECIFIED.) CURVE() GEOMETRIC_REPRESENTATION_ITEM() 
RATIONAL_B_SPLINE_CURVE((1.,0.5,1.,0.5,1.,0.5,1.)) REPRESENTATION_ITEM(
  '') );
#306 = CARTESIAN_POINT('',(10.25,7.));
#307 = CARTESIAN_POINT('',(10.25,1.370834875401));
#308 = CARTESIAN_POINT('',(5.375,4.185417437701));
#309 = CARTESIAN_POINT('',(0.5,7.));
#310 = CARTESIAN_POINT('',(5.375,9.814582562299));
#311 = CARTESIAN_POINT('',(10.25,12.629165124599));
#312 = CARTESIAN_POINT('',(10.25,7.));
#313 = ( GEOMETRIC_REPRESENTATION_CONTEXT(2) 
PARAMETRIC_REPRESENTATION_CONTEXT() REPRESENTATION_CONTEXT('2D SPACE',''
  ) );
#314 = PCURVE('',#315,#320);
#315 = CYLINDRICAL_SURFACE('',#316,3.25);
#316 = AXIS2_PLACEMENT_3D('',#317,#318,#319);
#317 = CARTESIAN_POINT('',(-6.999984384451,-300.65,-16.21394618881));
#318 = DIRECTION('',(-5.839773109528E-13,0.,1.));
#319 = DIRECTION('',(-1.,0.,-5.839773109528E-13));
#320 = DEFINITIONAL_REPRESENTATION('',(#321),#325);
#321 = LINE('',#322,#323);
#322 = CARTESIAN_POINT('',(6.28318530718,1.));
#323 = VECTOR('',#324,1.);
#324 = DIRECTION('',(-1.,0.));
#325 = ( GEOMETRIC_REPRESENTATION_CONTEXT(2) 
PARAMETRIC_REPRESENTATION_CONTEXT() REPRESENTATION_CONTEXT('2D SPACE',''
  ) );
#326 = FACE_BOUND('',#327,.T.);
#327 = EDGE_LOOP('',(#328));
#328 = ORIENTED_EDGE('',*,*,#329,.T.);
#329 = EDGE_CURVE('',#330,#330,#332,.T.);
#330 = VERTEX_POINT('',#331);
#331 = CARTESIAN_POINT('',(-10.24998438445,-286.65,-15.21394618881));
#332 = SURFACE_CURVE('',#333,(#338,#349),.PCURVE_S1.);
#333 = CIRCLE('',#334,3.25);
#334 = AXIS2_PLACEMENT_3D('',#335,#336,#337);
#335 = CARTESIAN_POINT('',(-6.999984384452,-286.65,-15.21394618881));
#336 = DIRECTION('',(5.839773109528E-13,0.,-1.));
#337 = DIRECTION('',(-1.,0.,-5.839773109528E-13));
#338 = PCURVE('',#185,#339);
#339 = DEFINITIONAL_REPRESENTATION('',(#340),#348);
#340 = ( BOUNDED_CURVE() B_SPLINE_CURVE(2,(#341,#342,#343,#344,#345,#346
,#347),.UNSPECIFIED.,.T.,.F.) B_SPLINE_CURVE_WITH_KNOTS((1,2,2,2,2,1),(
    -2.094395102393,0.,2.094395102393,4.188790204786,6.28318530718,
8.377580409573),.UNSPECIFIED.) CURVE() GEOMETRIC_REPRESENTATION_ITEM() 
RATIONAL_B_SPLINE_CURVE((1.,0.5,1.,0.5,1.,0.5,1.)) REPRESENTATION_ITEM(
  '') );
#341 = CARTESIAN_POINT('',(10.25,-7.));
#342 = CARTESIAN_POINT('',(10.25,-12.62916512459));
#343 = CARTESIAN_POINT('',(5.375,-9.814582562299));
#344 = CARTESIAN_POINT('',(0.5,-7.));
#345 = CARTESIAN_POINT('',(5.375,-4.185417437701));
#346 = CARTESIAN_POINT('',(10.25,-1.370834875401));
#347 = CARTESIAN_POINT('',(10.25,-7.));
#348 = ( GEOMETRIC_REPRESENTATION_CONTEXT(2) 
PARAMETRIC_REPRESENTATION_CONTEXT() REPRESENTATION_CONTEXT('2D SPACE',''
  ) );
#349 = PCURVE('',#350,#355);
#350 = CYLINDRICAL_SURFACE('',#351,3.25);
#351 = AXIS2_PLACEMENT_3D('',#352,#353,#354);
#352 = CARTESIAN_POINT('',(-6.999984384451,-286.65,-16.21394618881));
#353 = DIRECTION('',(-5.839773109528E-13,0.,1.));
#354 = DIRECTION('',(-1.,0.,-5.839773109528E-13));
#355 = DEFINITIONAL_REPRESENTATION('',(#356),#360);
#356 = LINE('',#357,#358);
#357 = CARTESIAN_POINT('',(6.28318530718,1.));
#358 = VECTOR('',#359,1.);
#359 = DIRECTION('',(-1.,0.));
#360 = ( GEOMETRIC_REPRESENTATION_CONTEXT(2) 
PARAMETRIC_REPRESENTATION_CONTEXT() REPRESENTATION_CONTEXT('2D SPACE',''
  ) );
#361 = FACE_BOUND('',#362,.T.);
#362 = EDGE_LOOP('',(#363));
#363 = ORIENTED_EDGE('',*,*,#364,.T.);
#364 = EDGE_CURVE('',#365,#365,#367,.T.);
#365 = VERTEX_POINT('',#366);
#366 = CARTESIAN_POINT('',(3.750015615548,-286.65,-15.21394618881));
#367 = SURFACE_CURVE('',#368,(#373,#384),.PCURVE_S1.);
#368 = CIRCLE('',#369,3.25);
#369 = AXIS2_PLACEMENT_3D('',#370,#371,#372);
#370 = CARTESIAN_POINT('',(7.000015615548,-286.65,-15.2139461888));
#371 = DIRECTION('',(5.839773109528E-13,0.,-1.));
#372 = DIRECTION('',(-1.,0.,-5.839773109528E-13));
#373 = PCURVE('',#185,#374);
#374 = DEFINITIONAL_REPRESENTATION('',(#375),#383);
#375 = ( BOUNDED_CURVE() B_SPLINE_CURVE(2,(#376,#377,#378,#379,#380,#381
,#382),.UNSPECIFIED.,.T.,.F.) B_SPLINE_CURVE_WITH_KNOTS((1,2,2,2,2,1),(
    -2.094395102393,0.,2.094395102393,4.188790204786,6.28318530718,
8.377580409573),.UNSPECIFIED.) CURVE() GEOMETRIC_REPRESENTATION_ITEM() 
RATIONAL_B_SPLINE_CURVE((1.,0.5,1.,0.5,1.,0.5,1.)) REPRESENTATION_ITEM(
  '') );
#376 = CARTESIAN_POINT('',(-3.75,-7.));
#377 = CARTESIAN_POINT('',(-3.75,-12.62916512459));
#378 = CARTESIAN_POINT('',(-8.625,-9.814582562299));
#379 = CARTESIAN_POINT('',(-13.5,-7.));
#380 = CARTESIAN_POINT('',(-8.625,-4.185417437701));
#381 = CARTESIAN_POINT('',(-3.75,-1.370834875401));
#382 = CARTESIAN_POINT('',(-3.75,-7.));
#383 = ( GEOMETRIC_REPRESENTATION_CONTEXT(2) 
PARAMETRIC_REPRESENTATION_CONTEXT() REPRESENTATION_CONTEXT('2D SPACE',''
  ) );
#384 = PCURVE('',#385,#390);
#385 = CYLINDRICAL_SURFACE('',#386,3.25);
#386 = AXIS2_PLACEMENT_3D('',#387,#388,#389);
#387 = CARTESIAN_POINT('',(7.000015615549,-286.65,-16.2139461888));
#388 = DIRECTION('',(-5.839773109528E-13,0.,1.));
#389 = DIRECTION('',(-1.,0.,-5.839773109528E-13));
#390 = DEFINITIONAL_REPRESENTATION('',(#391),#395);
#391 = LINE('',#392,#393);
#392 = CARTESIAN_POINT('',(6.28318530718,1.));
#393 = VECTOR('',#394,1.);
#394 = DIRECTION('',(-1.,0.));
#395 = ( GEOMETRIC_REPRESENTATION_CONTEXT(2) 
PARAMETRIC_REPRESENTATION_CONTEXT() REPRESENTATION_CONTEXT('2D SPACE',''
  ) );
#396 = FACE_BOUND('',#397,.T.);
#397 = EDGE_LOOP('',(#398));
#398 = ORIENTED_EDGE('',*,*,#170,.T.);
#399 = FACE_BOUND('',#400,.T.);
#400 = EDGE_LOOP('',(#401,#431,#459,#487,#515,#544,#572,#601,#629,#657,
    #685,#713,#741,#770,#798,#827));
#401 = ORIENTED_EDGE('',*,*,#402,.F.);
#402 = EDGE_CURVE('',#403,#405,#407,.T.);
#403 = VERTEX_POINT('',#404);
#404 = CARTESIAN_POINT('',(9.000021613963,-282.1521276409,-15.2139461888
    ));
#405 = VERTEX_POINT('',#406);
#406 = CARTESIAN_POINT('',(10.000021613963,-283.1521276409,
    -15.2139461888));
#407 = SURFACE_CURVE('',#408,(#412,#419),.PCURVE_S1.);
#408 = LINE('',#409,#410);
#409 = CARTESIAN_POINT('',(9.874488204122,-283.0265942311,-15.2139461888
    ));
#410 = VECTOR('',#411,1.);
#411 = DIRECTION('',(0.707106781187,-0.707106781187,4.129343166332E-13)
  );
#412 = PCURVE('',#185,#413);
#413 = DEFINITIONAL_REPRESENTATION('',(#414),#418);
#414 = LINE('',#415,#416);
#415 = CARTESIAN_POINT('',(-9.874472588574,-10.6234057689));
#416 = VECTOR('',#417,1.);
#417 = DIRECTION('',(-0.707106781187,0.707106781187));
#418 = ( GEOMETRIC_REPRESENTATION_CONTEXT(2) 
PARAMETRIC_REPRESENTATION_CONTEXT() REPRESENTATION_CONTEXT('2D SPACE',''
  ) );
#419 = PCURVE('',#420,#425);
#420 = PLANE('',#421);
#421 = AXIS2_PLACEMENT_3D('',#422,#423,#424);
#422 = CARTESIAN_POINT('',(9.500021613966,-282.6521276409,-19.2139461888
    ));
#423 = DIRECTION('',(0.707106781187,0.707106781187,4.129343166332E-13));
#424 = DIRECTION('',(5.839773109524E-13,-4.028870415145E-25,-1.));
#425 = DEFINITIONAL_REPRESENTATION('',(#426),#430);
#426 = LINE('',#427,#428);
#427 = CARTESIAN_POINT('',(-4.,-0.529575730487));
#428 = VECTOR('',#429,1.);
#429 = DIRECTION('',(5.697469001868E-25,-1.));
#430 = ( GEOMETRIC_REPRESENTATION_CONTEXT(2) 
PARAMETRIC_REPRESENTATION_CONTEXT() REPRESENTATION_CONTEXT('2D SPACE',''
  ) );
#431 = ORIENTED_EDGE('',*,*,#432,.T.);
#432 = EDGE_CURVE('',#403,#433,#435,.T.);
#433 = VERTEX_POINT('',#434);
#434 = CARTESIAN_POINT('',(-8.999978386037,-282.1521276409,
    -15.21394618881));
#435 = SURFACE_CURVE('',#436,(#440,#447),.PCURVE_S1.);
#436 = LINE('',#437,#438);
#437 = CARTESIAN_POINT('',(10.000021613963,-282.1521276409,
    -15.2139461888));
#438 = VECTOR('',#439,1.);
#439 = DIRECTION('',(-1.,0.,-5.839773109528E-13));
#440 = PCURVE('',#185,#441);
#441 = DEFINITIONAL_REPRESENTATION('',(#442),#446);
#442 = LINE('',#443,#444);
#443 = CARTESIAN_POINT('',(-10.00000599841,-11.4978723591));
#444 = VECTOR('',#445,1.);
#445 = DIRECTION('',(1.,0.));
#446 = ( GEOMETRIC_REPRESENTATION_CONTEXT(2) 
PARAMETRIC_REPRESENTATION_CONTEXT() REPRESENTATION_CONTEXT('2D SPACE',''
  ) );
#447 = PCURVE('',#448,#453);
#448 = PLANE('',#449);
#449 = AXIS2_PLACEMENT_3D('',#450,#451,#452);
#450 = CARTESIAN_POINT('',(10.000021613966,-282.1521276409,
    -19.2139461888));
#451 = DIRECTION('',(0.,1.,0.));
#452 = DIRECTION('',(-1.,0.,-5.839773109528E-13));
#453 = DEFINITIONAL_REPRESENTATION('',(#454),#458);
#454 = LINE('',#455,#456);
#455 = CARTESIAN_POINT('',(6.643574579358E-13,4.));
#456 = VECTOR('',#457,1.);
#457 = DIRECTION('',(1.,0.));
#458 = ( GEOMETRIC_REPRESENTATION_CONTEXT(2) 
PARAMETRIC_REPRESENTATION_CONTEXT() REPRESENTATION_CONTEXT('2D SPACE',''
  ) );
#459 = ORIENTED_EDGE('',*,*,#460,.F.);
#460 = EDGE_CURVE('',#461,#433,#463,.T.);
#461 = VERTEX_POINT('',#462);
#462 = CARTESIAN_POINT('',(-9.999978386037,-283.1521276409,
    -15.21394618881));
#463 = SURFACE_CURVE('',#464,(#468,#475),.PCURVE_S1.);
#464 = LINE('',#465,#466);
#465 = CARTESIAN_POINT('',(-9.874447975403,-283.0265972303,
    -15.21394618881));
#466 = VECTOR('',#467,1.);
#467 = DIRECTION('',(0.707106781187,0.707106781187,4.129343166332E-13));
#468 = PCURVE('',#185,#469);
#469 = DEFINITIONAL_REPRESENTATION('',(#470),#474);
#470 = LINE('',#471,#472);
#471 = CARTESIAN_POINT('',(9.874463590951,-10.6234027697));
#472 = VECTOR('',#473,1.);
#473 = DIRECTION('',(-0.707106781187,-0.707106781187));
#474 = ( GEOMETRIC_REPRESENTATION_CONTEXT(2) 
PARAMETRIC_REPRESENTATION_CONTEXT() REPRESENTATION_CONTEXT('2D SPACE',''
  ) );
#475 = PCURVE('',#476,#481);
#476 = PLANE('',#477);
#477 = AXIS2_PLACEMENT_3D('',#478,#479,#480);
#478 = CARTESIAN_POINT('',(-9.499978386034,-282.6521276409,
    -19.21394618881));
#479 = DIRECTION('',(-0.707106781187,0.707106781187,-4.129343166332E-13)
  );
#480 = DIRECTION('',(-5.839773109524E-13,-4.028870415145E-25,1.));
#481 = DEFINITIONAL_REPRESENTATION('',(#482),#486);
#482 = LINE('',#483,#484);
#483 = CARTESIAN_POINT('',(4.,-0.529579972002));
#484 = VECTOR('',#485,1.);
#485 = DIRECTION('',(-5.697469001868E-25,1.));
#486 = ( GEOMETRIC_REPRESENTATION_CONTEXT(2) 
PARAMETRIC_REPRESENTATION_CONTEXT() REPRESENTATION_CONTEXT('2D SPACE',''
  ) );
#487 = ORIENTED_EDGE('',*,*,#488,.T.);
#488 = EDGE_CURVE('',#461,#489,#491,.T.);
#489 = VERTEX_POINT('',#490);
#490 = CARTESIAN_POINT('',(-9.999978386037,-284.0042418873,
    -15.21394618881));
#491 = SURFACE_CURVE('',#492,(#496,#503),.PCURVE_S1.);
#492 = LINE('',#493,#494);
#493 = CARTESIAN_POINT('',(-9.999978386037,-282.1521276409,
    -15.21394618881));
#494 = VECTOR('',#495,1.);
#495 = DIRECTION('',(0.,-1.,0.));
#496 = PCURVE('',#185,#497);
#497 = DEFINITIONAL_REPRESENTATION('',(#498),#502);
#498 = LINE('',#499,#500);
#499 = CARTESIAN_POINT('',(9.999994001585,-11.4978723591));
#500 = VECTOR('',#501,1.);
#501 = DIRECTION('',(-0.,1.));
#502 = ( GEOMETRIC_REPRESENTATION_CONTEXT(2) 
PARAMETRIC_REPRESENTATION_CONTEXT() REPRESENTATION_CONTEXT('2D SPACE',''
  ) );
#503 = PCURVE('',#504,#509);
#504 = PLANE('',#505);
#505 = AXIS2_PLACEMENT_3D('',#506,#507,#508);
#506 = CARTESIAN_POINT('',(-9.999978386034,-282.1521276409,
    -19.21394618881));
#507 = DIRECTION('',(-1.,0.,-5.839773109528E-13));
#508 = DIRECTION('',(0.,-1.,-0.));
#509 = DEFINITIONAL_REPRESENTATION('',(#510),#514);
#510 = LINE('',#511,#512);
#511 = CARTESIAN_POINT('',(-0.,4.));
#512 = VECTOR('',#513,1.);
#513 = DIRECTION('',(1.,0.));
#514 = ( GEOMETRIC_REPRESENTATION_CONTEXT(2) 
PARAMETRIC_REPRESENTATION_CONTEXT() REPRESENTATION_CONTEXT('2D SPACE',''
  ) );
#515 = ORIENTED_EDGE('',*,*,#516,.T.);
#516 = EDGE_CURVE('',#489,#517,#519,.T.);
#517 = VERTEX_POINT('',#518);
#518 = CARTESIAN_POINT('',(-9.999978386037,-289.2957581126,
    -15.21394618881));
#519 = SURFACE_CURVE('',#520,(#525,#532),.PCURVE_S1.);
#520 = CIRCLE('',#521,4.);
#521 = AXIS2_PLACEMENT_3D('',#522,#523,#524);
#522 = CARTESIAN_POINT('',(-6.999984384452,-286.65,-15.21394618881));
#523 = DIRECTION('',(-5.839773109528E-13,0.,1.));
#524 = DIRECTION('',(-0.749998500396,0.661439528153,-4.3798210748E-13));
#525 = PCURVE('',#185,#526);
#526 = DEFINITIONAL_REPRESENTATION('',(#527),#531);
#527 = CIRCLE('',#528,4.);
#528 = AXIS2_PLACEMENT_2D('',#529,#530);
#529 = CARTESIAN_POINT('',(7.,-7.));
#530 = DIRECTION('',(0.749998500396,-0.661439528153));
#531 = ( GEOMETRIC_REPRESENTATION_CONTEXT(2) 
PARAMETRIC_REPRESENTATION_CONTEXT() REPRESENTATION_CONTEXT('2D SPACE',''
  ) );
#532 = PCURVE('',#533,#538);
#533 = CYLINDRICAL_SURFACE('',#534,4.);
#534 = AXIS2_PLACEMENT_3D('',#535,#536,#537);
#535 = CARTESIAN_POINT('',(-6.999984384449,-286.65,-19.21394618881));
#536 = DIRECTION('',(-5.839773109528E-13,0.,1.));
#537 = DIRECTION('',(-0.749998500396,0.661439528153,-4.3798210748E-13));
#538 = DEFINITIONAL_REPRESENTATION('',(#539),#543);
#539 = LINE('',#540,#541);
#540 = CARTESIAN_POINT('',(0.,4.));
#541 = VECTOR('',#542,1.);
#542 = DIRECTION('',(1.,0.));
#543 = ( GEOMETRIC_REPRESENTATION_CONTEXT(2) 
PARAMETRIC_REPRESENTATION_CONTEXT() REPRESENTATION_CONTEXT('2D SPACE',''
  ) );
#544 = ORIENTED_EDGE('',*,*,#545,.T.);
#545 = EDGE_CURVE('',#517,#546,#548,.T.);
#546 = VERTEX_POINT('',#547);
#547 = CARTESIAN_POINT('',(-9.999978386037,-298.0042418873,
    -15.21394618881));
#548 = SURFACE_CURVE('',#549,(#553,#560),.PCURVE_S1.);
#549 = LINE('',#550,#551);
#550 = CARTESIAN_POINT('',(-9.999978386037,-293.65,-15.21394618881));
#551 = VECTOR('',#552,1.);
#552 = DIRECTION('',(0.,-1.,0.));
#553 = PCURVE('',#185,#554);
#554 = DEFINITIONAL_REPRESENTATION('',(#555),#559);
#555 = LINE('',#556,#557);
#556 = CARTESIAN_POINT('',(9.999994001585,0.));
#557 = VECTOR('',#558,1.);
#558 = DIRECTION('',(-0.,1.));
#559 = ( GEOMETRIC_REPRESENTATION_CONTEXT(2) 
PARAMETRIC_REPRESENTATION_CONTEXT() REPRESENTATION_CONTEXT('2D SPACE',''
  ) );
#560 = PCURVE('',#561,#566);
#561 = PLANE('',#562);
#562 = AXIS2_PLACEMENT_3D('',#563,#564,#565);
#563 = CARTESIAN_POINT('',(-9.999978386034,-282.1521276409,
    -19.21394618881));
#564 = DIRECTION('',(-1.,0.,-5.839773109528E-13));
#565 = DIRECTION('',(0.,-1.,-0.));
#566 = DEFINITIONAL_REPRESENTATION('',(#567),#571);
#567 = LINE('',#568,#569);
#568 = CARTESIAN_POINT('',(11.4978723591,4.));
#569 = VECTOR('',#570,1.);
#570 = DIRECTION('',(1.,0.));
#571 = ( GEOMETRIC_REPRESENTATION_CONTEXT(2) 
PARAMETRIC_REPRESENTATION_CONTEXT() REPRESENTATION_CONTEXT('2D SPACE',''
  ) );
#572 = ORIENTED_EDGE('',*,*,#573,.T.);
#573 = EDGE_CURVE('',#546,#574,#576,.T.);
#574 = VERTEX_POINT('',#575);
#575 = CARTESIAN_POINT('',(-9.999978386037,-303.2957581126,
    -15.21394618881));
#576 = SURFACE_CURVE('',#577,(#582,#589),.PCURVE_S1.);
#577 = CIRCLE('',#578,4.);
#578 = AXIS2_PLACEMENT_3D('',#579,#580,#581);
#579 = CARTESIAN_POINT('',(-6.999984384452,-300.65,-15.21394618881));
#580 = DIRECTION('',(-5.839773109528E-13,0.,1.));
#581 = DIRECTION('',(-0.749998500396,0.661439528153,-4.3798210748E-13));
#582 = PCURVE('',#185,#583);
#583 = DEFINITIONAL_REPRESENTATION('',(#584),#588);
#584 = CIRCLE('',#585,4.);
#585 = AXIS2_PLACEMENT_2D('',#586,#587);
#586 = CARTESIAN_POINT('',(7.,7.));
#587 = DIRECTION('',(0.749998500396,-0.661439528153));
#588 = ( GEOMETRIC_REPRESENTATION_CONTEXT(2) 
PARAMETRIC_REPRESENTATION_CONTEXT() REPRESENTATION_CONTEXT('2D SPACE',''
  ) );
#589 = PCURVE('',#590,#595);
#590 = CYLINDRICAL_SURFACE('',#591,4.);
#591 = AXIS2_PLACEMENT_3D('',#592,#593,#594);
#592 = CARTESIAN_POINT('',(-6.999984384449,-300.65,-19.21394618881));
#593 = DIRECTION('',(-5.839773109528E-13,0.,1.));
#594 = DIRECTION('',(-0.749998500396,0.661439528153,-4.3798210748E-13));
#595 = DEFINITIONAL_REPRESENTATION('',(#596),#600);
#596 = LINE('',#597,#598);
#597 = CARTESIAN_POINT('',(0.,4.));
#598 = VECTOR('',#599,1.);
#599 = DIRECTION('',(1.,0.));
#600 = ( GEOMETRIC_REPRESENTATION_CONTEXT(2) 
PARAMETRIC_REPRESENTATION_CONTEXT() REPRESENTATION_CONTEXT('2D SPACE',''
  ) );
#601 = ORIENTED_EDGE('',*,*,#602,.T.);
#602 = EDGE_CURVE('',#574,#603,#605,.T.);
#603 = VERTEX_POINT('',#604);
#604 = CARTESIAN_POINT('',(-9.999978386037,-304.147872359,
    -15.21394618881));
#605 = SURFACE_CURVE('',#606,(#610,#617),.PCURVE_S1.);
#606 = LINE('',#607,#608);
#607 = CARTESIAN_POINT('',(-9.999978386037,-293.65,-15.21394618881));
#608 = VECTOR('',#609,1.);
#609 = DIRECTION('',(0.,-1.,0.));
#610 = PCURVE('',#185,#611);
#611 = DEFINITIONAL_REPRESENTATION('',(#612),#616);
#612 = LINE('',#613,#614);
#613 = CARTESIAN_POINT('',(9.999994001585,0.));
#614 = VECTOR('',#615,1.);
#615 = DIRECTION('',(-0.,1.));
#616 = ( GEOMETRIC_REPRESENTATION_CONTEXT(2) 
PARAMETRIC_REPRESENTATION_CONTEXT() REPRESENTATION_CONTEXT('2D SPACE',''
  ) );
#617 = PCURVE('',#618,#623);
#618 = PLANE('',#619);
#619 = AXIS2_PLACEMENT_3D('',#620,#621,#622);
#620 = CARTESIAN_POINT('',(-9.999978386034,-282.1521276409,
    -19.21394618881));
#621 = DIRECTION('',(-1.,0.,-5.839773109528E-13));
#622 = DIRECTION('',(0.,-1.,-0.));
#623 = DEFINITIONAL_REPRESENTATION('',(#624),#628);
#624 = LINE('',#625,#626);
#625 = CARTESIAN_POINT('',(11.4978723591,4.));
#626 = VECTOR('',#627,1.);
#627 = DIRECTION('',(1.,0.));
#628 = ( GEOMETRIC_REPRESENTATION_CONTEXT(2) 
PARAMETRIC_REPRESENTATION_CONTEXT() REPRESENTATION_CONTEXT('2D SPACE',''
  ) );
#629 = ORIENTED_EDGE('',*,*,#630,.F.);
#630 = EDGE_CURVE('',#631,#603,#633,.T.);
#631 = VERTEX_POINT('',#632);
#632 = CARTESIAN_POINT('',(-8.999978386037,-305.147872359,
    -15.21394618881));
#633 = SURFACE_CURVE('',#634,(#638,#645),.PCURVE_S1.);
#634 = LINE('',#635,#636);
#635 = CARTESIAN_POINT('',(-9.874447975403,-304.2734027696,
    -15.21394618881));
#636 = VECTOR('',#637,1.);
#637 = DIRECTION('',(-0.707106781187,0.707106781187,-4.129343166332E-13)
  );
#638 = PCURVE('',#185,#639);
#639 = DEFINITIONAL_REPRESENTATION('',(#640),#644);
#640 = LINE('',#641,#642);
#641 = CARTESIAN_POINT('',(9.874463590951,10.6234027696));
#642 = VECTOR('',#643,1.);
#643 = DIRECTION('',(0.707106781187,-0.707106781187));
#644 = ( GEOMETRIC_REPRESENTATION_CONTEXT(2) 
PARAMETRIC_REPRESENTATION_CONTEXT() REPRESENTATION_CONTEXT('2D SPACE',''
  ) );
#645 = PCURVE('',#646,#651);
#646 = PLANE('',#647);
#647 = AXIS2_PLACEMENT_3D('',#648,#649,#650);
#648 = CARTESIAN_POINT('',(-9.499978386034,-304.647872359,
    -19.21394618881));
#649 = DIRECTION('',(-0.707106781187,-0.707106781187,-4.129343166332E-13
    ));
#650 = DIRECTION('',(-5.839773109524E-13,4.030385028083E-25,1.));
#651 = DEFINITIONAL_REPRESENTATION('',(#652),#656);
#652 = LINE('',#653,#654);
#653 = CARTESIAN_POINT('',(4.,0.529579972002));
#654 = VECTOR('',#655,1.);
#655 = DIRECTION('',(5.699993356765E-25,1.));
#656 = ( GEOMETRIC_REPRESENTATION_CONTEXT(2) 
PARAMETRIC_REPRESENTATION_CONTEXT() REPRESENTATION_CONTEXT('2D SPACE',''
  ) );
#657 = ORIENTED_EDGE('',*,*,#658,.T.);
#658 = EDGE_CURVE('',#631,#659,#661,.T.);
#659 = VERTEX_POINT('',#660);
#660 = CARTESIAN_POINT('',(9.000021613963,-305.147872359,-15.2139461888)
  );
#661 = SURFACE_CURVE('',#662,(#666,#673),.PCURVE_S1.);
#662 = LINE('',#663,#664);
#663 = CARTESIAN_POINT('',(-9.999978386037,-305.147872359,
    -15.21394618881));
#664 = VECTOR('',#665,1.);
#665 = DIRECTION('',(1.,0.,5.839773109528E-13));
#666 = PCURVE('',#185,#667);
#667 = DEFINITIONAL_REPRESENTATION('',(#668),#672);
#668 = LINE('',#669,#670);
#669 = CARTESIAN_POINT('',(9.999994001585,11.497872359));
#670 = VECTOR('',#671,1.);
#671 = DIRECTION('',(-1.,0.));
#672 = ( GEOMETRIC_REPRESENTATION_CONTEXT(2) 
PARAMETRIC_REPRESENTATION_CONTEXT() REPRESENTATION_CONTEXT('2D SPACE',''
  ) );
#673 = PCURVE('',#674,#679);
#674 = PLANE('',#675);
#675 = AXIS2_PLACEMENT_3D('',#676,#677,#678);
#676 = CARTESIAN_POINT('',(-9.999978386034,-305.147872359,
    -19.21394618881));
#677 = DIRECTION('',(0.,-1.,0.));
#678 = DIRECTION('',(1.,0.,5.839773109528E-13));
#679 = DEFINITIONAL_REPRESENTATION('',(#680),#684);
#680 = LINE('',#681,#682);
#681 = CARTESIAN_POINT('',(-6.643574579358E-13,4.));
#682 = VECTOR('',#683,1.);
#683 = DIRECTION('',(1.,0.));
#684 = ( GEOMETRIC_REPRESENTATION_CONTEXT(2) 
PARAMETRIC_REPRESENTATION_CONTEXT() REPRESENTATION_CONTEXT('2D SPACE',''
  ) );
#685 = ORIENTED_EDGE('',*,*,#686,.F.);
#686 = EDGE_CURVE('',#687,#659,#689,.T.);
#687 = VERTEX_POINT('',#688);
#688 = CARTESIAN_POINT('',(10.000021613963,-304.147872359,-15.2139461888
    ));
#689 = SURFACE_CURVE('',#690,(#694,#701),.PCURVE_S1.);
#690 = LINE('',#691,#692);
#691 = CARTESIAN_POINT('',(9.874488204122,-304.2734057688,-15.2139461888
    ));
#692 = VECTOR('',#693,1.);
#693 = DIRECTION('',(-0.707106781187,-0.707106781187,-4.129343166332E-13
    ));
#694 = PCURVE('',#185,#695);
#695 = DEFINITIONAL_REPRESENTATION('',(#696),#700);
#696 = LINE('',#697,#698);
#697 = CARTESIAN_POINT('',(-9.874472588574,10.6234057688));
#698 = VECTOR('',#699,1.);
#699 = DIRECTION('',(0.707106781187,0.707106781187));
#700 = ( GEOMETRIC_REPRESENTATION_CONTEXT(2) 
PARAMETRIC_REPRESENTATION_CONTEXT() REPRESENTATION_CONTEXT('2D SPACE',''
  ) );
#701 = PCURVE('',#702,#707);
#702 = PLANE('',#703);
#703 = AXIS2_PLACEMENT_3D('',#704,#705,#706);
#704 = CARTESIAN_POINT('',(9.500021613966,-304.647872359,-19.2139461888)
  );
#705 = DIRECTION('',(0.707106781187,-0.707106781187,4.129343166332E-13)
  );
#706 = DIRECTION('',(5.839773109524E-13,4.028365544165E-25,-1.));
#707 = DEFINITIONAL_REPRESENTATION('',(#708),#712);
#708 = LINE('',#709,#710);
#709 = CARTESIAN_POINT('',(-4.,0.529575730487));
#710 = VECTOR('',#711,1.);
#711 = DIRECTION('',(-5.696964130889E-25,-1.));
#712 = ( GEOMETRIC_REPRESENTATION_CONTEXT(2) 
PARAMETRIC_REPRESENTATION_CONTEXT() REPRESENTATION_CONTEXT('2D SPACE',''
  ) );
#713 = ORIENTED_EDGE('',*,*,#714,.T.);
#714 = EDGE_CURVE('',#687,#715,#717,.T.);
#715 = VERTEX_POINT('',#716);
#716 = CARTESIAN_POINT('',(10.000021613963,-303.2957447181,
    -15.2139461888));
#717 = SURFACE_CURVE('',#718,(#722,#729),.PCURVE_S1.);
#718 = LINE('',#719,#720);
#719 = CARTESIAN_POINT('',(10.000021613963,-293.65,-15.2139461888));
#720 = VECTOR('',#721,1.);
#721 = DIRECTION('',(0.,1.,0.));
#722 = PCURVE('',#185,#723);
#723 = DEFINITIONAL_REPRESENTATION('',(#724),#728);
#724 = LINE('',#725,#726);
#725 = CARTESIAN_POINT('',(-10.00000599841,0.));
#726 = VECTOR('',#727,1.);
#727 = DIRECTION('',(0.,-1.));
#728 = ( GEOMETRIC_REPRESENTATION_CONTEXT(2) 
PARAMETRIC_REPRESENTATION_CONTEXT() REPRESENTATION_CONTEXT('2D SPACE',''
  ) );
#729 = PCURVE('',#730,#735);
#730 = PLANE('',#731);
#731 = AXIS2_PLACEMENT_3D('',#732,#733,#734);
#732 = CARTESIAN_POINT('',(10.000021613966,-298.0042556991,
    -19.2139461888));
#733 = DIRECTION('',(1.,0.,5.839773109528E-13));
#734 = DIRECTION('',(-0.,1.,0.));
#735 = DEFINITIONAL_REPRESENTATION('',(#736),#740);
#736 = LINE('',#737,#738);
#737 = CARTESIAN_POINT('',(4.3542556991,4.));
#738 = VECTOR('',#739,1.);
#739 = DIRECTION('',(1.,0.));
#740 = ( GEOMETRIC_REPRESENTATION_CONTEXT(2) 
PARAMETRIC_REPRESENTATION_CONTEXT() REPRESENTATION_CONTEXT('2D SPACE',''
  ) );
#741 = ORIENTED_EDGE('',*,*,#742,.T.);
#742 = EDGE_CURVE('',#715,#743,#745,.T.);
#743 = VERTEX_POINT('',#744);
#744 = CARTESIAN_POINT('',(10.000021613963,-298.0042556991,
    -15.2139461888));
#745 = SURFACE_CURVE('',#746,(#751,#758),.PCURVE_S1.);
#746 = CIRCLE('',#747,4.);
#747 = AXIS2_PLACEMENT_3D('',#748,#749,#750);
#748 = CARTESIAN_POINT('',(7.000015615548,-300.6500002086,-15.2139461888
    ));
#749 = DIRECTION('',(-5.839773109528E-13,0.,1.));
#750 = DIRECTION('',(0.750001499604,-0.661436127371,4.379838589494E-13)
  );
#751 = PCURVE('',#185,#752);
#752 = DEFINITIONAL_REPRESENTATION('',(#753),#757);
#753 = CIRCLE('',#754,4.);
#754 = AXIS2_PLACEMENT_2D('',#755,#756);
#755 = CARTESIAN_POINT('',(-7.,7.0000002086));
#756 = DIRECTION('',(-0.750001499604,0.661436127371));
#757 = ( GEOMETRIC_REPRESENTATION_CONTEXT(2) 
PARAMETRIC_REPRESENTATION_CONTEXT() REPRESENTATION_CONTEXT('2D SPACE',''
  ) );
#758 = PCURVE('',#759,#764);
#759 = CYLINDRICAL_SURFACE('',#760,4.);
#760 = AXIS2_PLACEMENT_3D('',#761,#762,#763);
#761 = CARTESIAN_POINT('',(7.000015615551,-300.6500002086,-19.2139461888
    ));
#762 = DIRECTION('',(-5.839773109528E-13,0.,1.));
#763 = DIRECTION('',(0.750001499604,-0.661436127371,4.379838589494E-13)
  );
#764 = DEFINITIONAL_REPRESENTATION('',(#765),#769);
#765 = LINE('',#766,#767);
#766 = CARTESIAN_POINT('',(0.,4.));
#767 = VECTOR('',#768,1.);
#768 = DIRECTION('',(1.,0.));
#769 = ( GEOMETRIC_REPRESENTATION_CONTEXT(2) 
PARAMETRIC_REPRESENTATION_CONTEXT() REPRESENTATION_CONTEXT('2D SPACE',''
  ) );
#770 = ORIENTED_EDGE('',*,*,#771,.T.);
#771 = EDGE_CURVE('',#743,#772,#774,.T.);
#772 = VERTEX_POINT('',#773);
#773 = CARTESIAN_POINT('',(10.000021613963,-289.2957445094,
    -15.2139461888));
#774 = SURFACE_CURVE('',#775,(#779,#786),.PCURVE_S1.);
#775 = LINE('',#776,#777);
#776 = CARTESIAN_POINT('',(10.000021613963,-298.0042556991,
    -15.2139461888));
#777 = VECTOR('',#778,1.);
#778 = DIRECTION('',(0.,1.,0.));
#779 = PCURVE('',#185,#780);
#780 = DEFINITIONAL_REPRESENTATION('',(#781),#785);
#781 = LINE('',#782,#783);
#782 = CARTESIAN_POINT('',(-10.00000599841,4.3542556991));
#783 = VECTOR('',#784,1.);
#784 = DIRECTION('',(0.,-1.));
#785 = ( GEOMETRIC_REPRESENTATION_CONTEXT(2) 
PARAMETRIC_REPRESENTATION_CONTEXT() REPRESENTATION_CONTEXT('2D SPACE',''
  ) );
#786 = PCURVE('',#787,#792);
#787 = PLANE('',#788);
#788 = AXIS2_PLACEMENT_3D('',#789,#790,#791);
#789 = CARTESIAN_POINT('',(10.000021613966,-298.0042556991,
    -19.2139461888));
#790 = DIRECTION('',(1.,0.,5.839773109528E-13));
#791 = DIRECTION('',(-0.,1.,0.));
#792 = DEFINITIONAL_REPRESENTATION('',(#793),#797);
#793 = LINE('',#794,#795);
#794 = CARTESIAN_POINT('',(0.,4.));
#795 = VECTOR('',#796,1.);
#796 = DIRECTION('',(1.,0.));
#797 = ( GEOMETRIC_REPRESENTATION_CONTEXT(2) 
PARAMETRIC_REPRESENTATION_CONTEXT() REPRESENTATION_CONTEXT('2D SPACE',''
  ) );
#798 = ORIENTED_EDGE('',*,*,#799,.T.);
#799 = EDGE_CURVE('',#772,#800,#802,.T.);
#800 = VERTEX_POINT('',#801);
#801 = CARTESIAN_POINT('',(10.000021613963,-284.0042554905,
    -15.2139461888));
#802 = SURFACE_CURVE('',#803,(#808,#815),.PCURVE_S1.);
#803 = CIRCLE('',#804,4.);
#804 = AXIS2_PLACEMENT_3D('',#805,#806,#807);
#805 = CARTESIAN_POINT('',(7.000015615548,-286.65,-15.2139461888));
#806 = DIRECTION('',(-5.839773109528E-13,0.,1.));
#807 = DIRECTION('',(0.750001499604,-0.661436127371,4.379838589494E-13)
  );
#808 = PCURVE('',#185,#809);
#809 = DEFINITIONAL_REPRESENTATION('',(#810),#814);
#810 = CIRCLE('',#811,4.);
#811 = AXIS2_PLACEMENT_2D('',#812,#813);
#812 = CARTESIAN_POINT('',(-7.,-7.));
#813 = DIRECTION('',(-0.750001499604,0.661436127371));
#814 = ( GEOMETRIC_REPRESENTATION_CONTEXT(2) 
PARAMETRIC_REPRESENTATION_CONTEXT() REPRESENTATION_CONTEXT('2D SPACE',''
  ) );
#815 = PCURVE('',#816,#821);
#816 = CYLINDRICAL_SURFACE('',#817,4.);
#817 = AXIS2_PLACEMENT_3D('',#818,#819,#820);
#818 = CARTESIAN_POINT('',(7.000015615551,-286.65,-19.2139461888));
#819 = DIRECTION('',(-5.839773109528E-13,0.,1.));
#820 = DIRECTION('',(0.750001499604,-0.661436127371,4.379838589494E-13)
  );
#821 = DEFINITIONAL_REPRESENTATION('',(#822),#826);
#822 = LINE('',#823,#824);
#823 = CARTESIAN_POINT('',(0.,4.));
#824 = VECTOR('',#825,1.);
#825 = DIRECTION('',(1.,0.));
#826 = ( GEOMETRIC_REPRESENTATION_CONTEXT(2) 
PARAMETRIC_REPRESENTATION_CONTEXT() REPRESENTATION_CONTEXT('2D SPACE',''
  ) );
#827 = ORIENTED_EDGE('',*,*,#828,.T.);
#828 = EDGE_CURVE('',#800,#405,#829,.T.);
#829 = SURFACE_CURVE('',#830,(#834,#841),.PCURVE_S1.);
#830 = LINE('',#831,#832);
#831 = CARTESIAN_POINT('',(10.000021613963,-293.65,-15.2139461888));
#832 = VECTOR('',#833,1.);
#833 = DIRECTION('',(0.,1.,0.));
#834 = PCURVE('',#185,#835);
#835 = DEFINITIONAL_REPRESENTATION('',(#836),#840);
#836 = LINE('',#837,#838);
#837 = CARTESIAN_POINT('',(-10.00000599841,0.));
#838 = VECTOR('',#839,1.);
#839 = DIRECTION('',(0.,-1.));
#840 = ( GEOMETRIC_REPRESENTATION_CONTEXT(2) 
PARAMETRIC_REPRESENTATION_CONTEXT() REPRESENTATION_CONTEXT('2D SPACE',''
  ) );
#841 = PCURVE('',#842,#847);
#842 = PLANE('',#843);
#843 = AXIS2_PLACEMENT_3D('',#844,#845,#846);
#844 = CARTESIAN_POINT('',(10.000021613966,-298.0042556991,
    -19.2139461888));
#845 = DIRECTION('',(1.,0.,5.839773109528E-13));
#846 = DIRECTION('',(-0.,1.,0.));
#847 = DEFINITIONAL_REPRESENTATION('',(#848),#852);
#848 = LINE('',#849,#850);
#849 = CARTESIAN_POINT('',(4.3542556991,4.));
#850 = VECTOR('',#851,1.);
#851 = DIRECTION('',(1.,0.));
#852 = ( GEOMETRIC_REPRESENTATION_CONTEXT(2) 
PARAMETRIC_REPRESENTATION_CONTEXT() REPRESENTATION_CONTEXT('2D SPACE',''
  ) );
#853 = ADVANCED_FACE('',(#854,#1308,#1343,#1378,#1409,#1412),#222,.F.);
#854 = FACE_BOUND('',#855,.F.);
#855 = EDGE_LOOP('',(#856,#886,#915,#943,#972,#1000,#1028,#1056,#1084,
    #1112,#1141,#1169,#1198,#1226,#1254,#1282));
#856 = ORIENTED_EDGE('',*,*,#857,.T.);
#857 = EDGE_CURVE('',#858,#860,#862,.T.);
#858 = VERTEX_POINT('',#859);
#859 = CARTESIAN_POINT('',(-9.499978386034,-283.3592344221,
    -19.21394618881));
#860 = VERTEX_POINT('',#861);
#861 = CARTESIAN_POINT('',(-9.499978386034,-284.2005041351,
    -19.21394618881));
#862 = SURFACE_CURVE('',#863,(#867,#874),.PCURVE_S1.);
#863 = LINE('',#864,#865);
#864 = CARTESIAN_POINT('',(-9.499978386034,-287.9010638204,
    -19.21394618881));
#865 = VECTOR('',#866,1.);
#866 = DIRECTION('',(0.,-1.,0.));
#867 = PCURVE('',#222,#868);
#868 = DEFINITIONAL_REPRESENTATION('',(#869),#873);
#869 = LINE('',#870,#871);
#870 = CARTESIAN_POINT('',(9.499994001585,-5.7489361796));
#871 = VECTOR('',#872,1.);
#872 = DIRECTION('',(-0.,1.));
#873 = ( GEOMETRIC_REPRESENTATION_CONTEXT(2) 
PARAMETRIC_REPRESENTATION_CONTEXT() REPRESENTATION_CONTEXT('2D SPACE',''
  ) );
#874 = PCURVE('',#875,#880);
#875 = PLANE('',#876);
#876 = AXIS2_PLACEMENT_3D('',#877,#878,#879);
#877 = CARTESIAN_POINT('',(-9.749978386034,-287.9010638204,
    -18.96394618881));
#878 = DIRECTION('',(-0.707106781186,0.,-0.707106781187));
#879 = DIRECTION('',(-0.707106781187,0.,0.707106781186));
#880 = DEFINITIONAL_REPRESENTATION('',(#881),#885);
#881 = LINE('',#882,#883);
#882 = CARTESIAN_POINT('',(-0.353553390593,0.));
#883 = VECTOR('',#884,1.);
#884 = DIRECTION('',(0.,-1.));
#885 = ( GEOMETRIC_REPRESENTATION_CONTEXT(2) 
PARAMETRIC_REPRESENTATION_CONTEXT() REPRESENTATION_CONTEXT('2D SPACE',''
  ) );
#886 = ORIENTED_EDGE('',*,*,#887,.T.);
#887 = EDGE_CURVE('',#860,#888,#890,.T.);
#888 = VERTEX_POINT('',#889);
#889 = CARTESIAN_POINT('',(-9.499978386034,-289.0994958648,
    -19.21394618881));
#890 = SURFACE_CURVE('',#891,(#896,#903),.PCURVE_S1.);
#891 = CIRCLE('',#892,3.5);
#892 = AXIS2_PLACEMENT_3D('',#893,#894,#895);
#893 = CARTESIAN_POINT('',(-6.999984384449,-286.65,-19.21394618881));
#894 = DIRECTION('',(-5.839773109528E-13,0.,1.));
#895 = DIRECTION('',(-0.749998500396,0.661439528153,-4.3798210748E-13));
#896 = PCURVE('',#222,#897);
#897 = DEFINITIONAL_REPRESENTATION('',(#898),#902);
#898 = CIRCLE('',#899,3.5);
#899 = AXIS2_PLACEMENT_2D('',#900,#901);
#900 = CARTESIAN_POINT('',(7.,-7.));
#901 = DIRECTION('',(0.749998500396,-0.661439528153));
#902 = ( GEOMETRIC_REPRESENTATION_CONTEXT(2) 
PARAMETRIC_REPRESENTATION_CONTEXT() REPRESENTATION_CONTEXT('2D SPACE',''
  ) );
#903 = PCURVE('',#904,#909);
#904 = CONICAL_SURFACE('',#905,3.75,0.785398163397);
#905 = AXIS2_PLACEMENT_3D('',#906,#907,#908);
#906 = CARTESIAN_POINT('',(-6.999984384449,-286.65,-18.96394618881));
#907 = DIRECTION('',(-5.839773109528E-13,0.,1.));
#908 = DIRECTION('',(-0.749998500396,0.661439528153,-4.3798210748E-13));
#909 = DEFINITIONAL_REPRESENTATION('',(#910),#914);
#910 = LINE('',#911,#912);
#911 = CARTESIAN_POINT('',(-6.28318530718,-0.25));
#912 = VECTOR('',#913,1.);
#913 = DIRECTION('',(1.,2.582402829886E-15));
#914 = ( GEOMETRIC_REPRESENTATION_CONTEXT(2) 
PARAMETRIC_REPRESENTATION_CONTEXT() REPRESENTATION_CONTEXT('2D SPACE',''
  ) );
#915 = ORIENTED_EDGE('',*,*,#916,.T.);
#916 = EDGE_CURVE('',#888,#917,#919,.T.);
#917 = VERTEX_POINT('',#918);
#918 = CARTESIAN_POINT('',(-9.499978386034,-298.2005041351,
    -19.21394618881));
#919 = SURFACE_CURVE('',#920,(#924,#931),.PCURVE_S1.);
#920 = LINE('',#921,#922);
#921 = CARTESIAN_POINT('',(-9.499978386034,-287.9010638204,
    -19.21394618881));
#922 = VECTOR('',#923,1.);
#923 = DIRECTION('',(0.,-1.,0.));
#924 = PCURVE('',#222,#925);
#925 = DEFINITIONAL_REPRESENTATION('',(#926),#930);
#926 = LINE('',#927,#928);
#927 = CARTESIAN_POINT('',(9.499994001585,-5.7489361796));
#928 = VECTOR('',#929,1.);
#929 = DIRECTION('',(-0.,1.));
#930 = ( GEOMETRIC_REPRESENTATION_CONTEXT(2) 
PARAMETRIC_REPRESENTATION_CONTEXT() REPRESENTATION_CONTEXT('2D SPACE',''
  ) );
#931 = PCURVE('',#932,#937);
#932 = PLANE('',#933);
#933 = AXIS2_PLACEMENT_3D('',#934,#935,#936);
#934 = CARTESIAN_POINT('',(-9.749978386034,-287.9010638204,
    -18.96394618881));
#935 = DIRECTION('',(-0.707106781186,0.,-0.707106781187));
#936 = DIRECTION('',(-0.707106781187,0.,0.707106781186));
#937 = DEFINITIONAL_REPRESENTATION('',(#938),#942);
#938 = LINE('',#939,#940);
#939 = CARTESIAN_POINT('',(-0.353553390593,0.));
#940 = VECTOR('',#941,1.);
#941 = DIRECTION('',(0.,-1.));
#942 = ( GEOMETRIC_REPRESENTATION_CONTEXT(2) 
PARAMETRIC_REPRESENTATION_CONTEXT() REPRESENTATION_CONTEXT('2D SPACE',''
  ) );
#943 = ORIENTED_EDGE('',*,*,#944,.T.);
#944 = EDGE_CURVE('',#917,#945,#947,.T.);
#945 = VERTEX_POINT('',#946);
#946 = CARTESIAN_POINT('',(-9.499978386034,-303.0994958648,
    -19.21394618881));
#947 = SURFACE_CURVE('',#948,(#953,#960),.PCURVE_S1.);
#948 = CIRCLE('',#949,3.5);
#949 = AXIS2_PLACEMENT_3D('',#950,#951,#952);
#950 = CARTESIAN_POINT('',(-6.999984384449,-300.65,-19.21394618881));
#951 = DIRECTION('',(-5.839773109528E-13,0.,1.));
#952 = DIRECTION('',(-0.749998500396,0.661439528153,-4.3798210748E-13));
#953 = PCURVE('',#222,#954);
#954 = DEFINITIONAL_REPRESENTATION('',(#955),#959);
#955 = CIRCLE('',#956,3.5);
#956 = AXIS2_PLACEMENT_2D('',#957,#958);
#957 = CARTESIAN_POINT('',(7.,7.));
#958 = DIRECTION('',(0.749998500396,-0.661439528153));
#959 = ( GEOMETRIC_REPRESENTATION_CONTEXT(2) 
PARAMETRIC_REPRESENTATION_CONTEXT() REPRESENTATION_CONTEXT('2D SPACE',''
  ) );
#960 = PCURVE('',#961,#966);
#961 = CONICAL_SURFACE('',#962,3.75,0.785398163397);
#962 = AXIS2_PLACEMENT_3D('',#963,#964,#965);
#963 = CARTESIAN_POINT('',(-6.999984384449,-300.65,-18.96394618881));
#964 = DIRECTION('',(-5.839773109528E-13,0.,1.));
#965 = DIRECTION('',(-0.749998500396,0.661439528153,-4.3798210748E-13));
#966 = DEFINITIONAL_REPRESENTATION('',(#967),#971);
#967 = LINE('',#968,#969);
#968 = CARTESIAN_POINT('',(-6.28318530718,-0.25));
#969 = VECTOR('',#970,1.);
#970 = DIRECTION('',(1.,-7.038313595179E-15));
#971 = ( GEOMETRIC_REPRESENTATION_CONTEXT(2) 
PARAMETRIC_REPRESENTATION_CONTEXT() REPRESENTATION_CONTEXT('2D SPACE',''
  ) );
#972 = ORIENTED_EDGE('',*,*,#973,.T.);
#973 = EDGE_CURVE('',#945,#974,#976,.T.);
#974 = VERTEX_POINT('',#975);
#975 = CARTESIAN_POINT('',(-9.499978386034,-303.9407655778,
    -19.21394618881));
#976 = SURFACE_CURVE('',#977,(#981,#988),.PCURVE_S1.);
#977 = LINE('',#978,#979);
#978 = CARTESIAN_POINT('',(-9.499978386034,-287.9010638204,
    -19.21394618881));
#979 = VECTOR('',#980,1.);
#980 = DIRECTION('',(0.,-1.,0.));
#981 = PCURVE('',#222,#982);
#982 = DEFINITIONAL_REPRESENTATION('',(#983),#987);
#983 = LINE('',#984,#985);
#984 = CARTESIAN_POINT('',(9.499994001585,-5.7489361796));
#985 = VECTOR('',#986,1.);
#986 = DIRECTION('',(-0.,1.));
#987 = ( GEOMETRIC_REPRESENTATION_CONTEXT(2) 
PARAMETRIC_REPRESENTATION_CONTEXT() REPRESENTATION_CONTEXT('2D SPACE',''
  ) );
#988 = PCURVE('',#989,#994);
#989 = PLANE('',#990);
#990 = AXIS2_PLACEMENT_3D('',#991,#992,#993);
#991 = CARTESIAN_POINT('',(-9.749978386034,-287.9010638204,
    -18.96394618881));
#992 = DIRECTION('',(-0.707106781186,0.,-0.707106781187));
#993 = DIRECTION('',(-0.707106781187,0.,0.707106781186));
#994 = DEFINITIONAL_REPRESENTATION('',(#995),#999);
#995 = LINE('',#996,#997);
#996 = CARTESIAN_POINT('',(-0.353553390593,0.));
#997 = VECTOR('',#998,1.);
#998 = DIRECTION('',(0.,-1.));
#999 = ( GEOMETRIC_REPRESENTATION_CONTEXT(2) 
PARAMETRIC_REPRESENTATION_CONTEXT() REPRESENTATION_CONTEXT('2D SPACE',''
  ) );
#1000 = ORIENTED_EDGE('',*,*,#1001,.T.);
#1001 = EDGE_CURVE('',#974,#1002,#1004,.T.);
#1002 = VERTEX_POINT('',#1003);
#1003 = CARTESIAN_POINT('',(-8.792871604848,-304.647872359,
    -19.21394618881));
#1004 = SURFACE_CURVE('',#1005,(#1009,#1016),.PCURVE_S1.);
#1005 = LINE('',#1006,#1007);
#1006 = CARTESIAN_POINT('',(-9.520894584807,-303.919849379,
    -19.21394618881));
#1007 = VECTOR('',#1008,1.);
#1008 = DIRECTION('',(0.707106781187,-0.707106781187,4.129343166332E-13)
  );
#1009 = PCURVE('',#222,#1010);
#1010 = DEFINITIONAL_REPRESENTATION('',(#1011),#1015);
#1011 = LINE('',#1012,#1013);
#1012 = CARTESIAN_POINT('',(9.520910200358,10.269849379));
#1013 = VECTOR('',#1014,1.);
#1014 = DIRECTION('',(-0.707106781187,0.707106781187));
#1015 = ( GEOMETRIC_REPRESENTATION_CONTEXT(2) 
PARAMETRIC_REPRESENTATION_CONTEXT() REPRESENTATION_CONTEXT('2D SPACE',''
  ) );
#1016 = PCURVE('',#1017,#1022);
#1017 = PLANE('',#1018);
#1018 = AXIS2_PLACEMENT_3D('',#1019,#1020,#1021);
#1019 = CARTESIAN_POINT('',(-9.697671280104,-304.0966260743,
    -18.96394618881));
#1020 = DIRECTION('',(-0.5,-0.5,-0.707106781187));
#1021 = DIRECTION('',(-0.816496580928,2.785827124541E-13,0.577350269189)
  );
#1022 = DEFINITIONAL_REPRESENTATION('',(#1023),#1027);
#1023 = LINE('',#1024,#1025);
#1024 = CARTESIAN_POINT('',(-0.288675134595,0.204124145235));
#1025 = VECTOR('',#1026,1.);
#1026 = DIRECTION('',(-0.57735026919,-0.816496580928));
#1027 = ( GEOMETRIC_REPRESENTATION_CONTEXT(2) 
PARAMETRIC_REPRESENTATION_CONTEXT() REPRESENTATION_CONTEXT('2D SPACE',''
  ) );
#1028 = ORIENTED_EDGE('',*,*,#1029,.T.);
#1029 = EDGE_CURVE('',#1002,#1030,#1032,.T.);
#1030 = VERTEX_POINT('',#1031);
#1031 = CARTESIAN_POINT('',(8.792914832779,-304.647872359,-19.2139461888
    ));
#1032 = SURFACE_CURVE('',#1033,(#1037,#1044),.PCURVE_S1.);
#1033 = LINE('',#1034,#1035);
#1034 = CARTESIAN_POINT('',(-4.999981385242,-304.647872359,
    -19.21394618881));
#1035 = VECTOR('',#1036,1.);
#1036 = DIRECTION('',(1.,0.,5.839773109528E-13));
#1037 = PCURVE('',#222,#1038);
#1038 = DEFINITIONAL_REPRESENTATION('',(#1039),#1043);
#1039 = LINE('',#1040,#1041);
#1040 = CARTESIAN_POINT('',(4.999997000793,10.997872359));
#1041 = VECTOR('',#1042,1.);
#1042 = DIRECTION('',(-1.,0.));
#1043 = ( GEOMETRIC_REPRESENTATION_CONTEXT(2) 
PARAMETRIC_REPRESENTATION_CONTEXT() REPRESENTATION_CONTEXT('2D SPACE',''
  ) );
#1044 = PCURVE('',#1045,#1050);
#1045 = PLANE('',#1046);
#1046 = AXIS2_PLACEMENT_3D('',#1047,#1048,#1049);
#1047 = CARTESIAN_POINT('',(-4.999981385242,-304.897872359,
    -18.96394618881));
#1048 = DIRECTION('',(4.129343166332E-13,-0.707106781187,-0.707106781187
    ));
#1049 = DIRECTION('',(-1.,4.028365544165E-25,-5.839773109524E-13));
#1050 = DEFINITIONAL_REPRESENTATION('',(#1051),#1055);
#1051 = LINE('',#1052,#1053);
#1052 = CARTESIAN_POINT('',(1.459943277382E-13,0.353553390593));
#1053 = VECTOR('',#1054,1.);
#1054 = DIRECTION('',(-1.,-4.543838814073E-27));
#1055 = ( GEOMETRIC_REPRESENTATION_CONTEXT(2) 
PARAMETRIC_REPRESENTATION_CONTEXT() REPRESENTATION_CONTEXT('2D SPACE',''
  ) );
#1056 = ORIENTED_EDGE('',*,*,#1057,.T.);
#1057 = EDGE_CURVE('',#1030,#1058,#1060,.T.);
#1058 = VERTEX_POINT('',#1059);
#1059 = CARTESIAN_POINT('',(9.500021613966,-303.9407655778,
    -19.2139461888));
#1060 = SURFACE_CURVE('',#1061,(#1065,#1072),.PCURVE_S1.);
#1061 = LINE('',#1062,#1063);
#1062 = CARTESIAN_POINT('',(9.520934813531,-303.9198523782,
    -19.2139461888));
#1063 = VECTOR('',#1064,1.);
#1064 = DIRECTION('',(0.707106781187,0.707106781187,4.129343166332E-13)
  );
#1065 = PCURVE('',#222,#1066);
#1066 = DEFINITIONAL_REPRESENTATION('',(#1067),#1071);
#1067 = LINE('',#1068,#1069);
#1068 = CARTESIAN_POINT('',(-9.52091919798,10.2698523782));
#1069 = VECTOR('',#1070,1.);
#1070 = DIRECTION('',(-0.707106781187,-0.707106781187));
#1071 = ( GEOMETRIC_REPRESENTATION_CONTEXT(2) 
PARAMETRIC_REPRESENTATION_CONTEXT() REPRESENTATION_CONTEXT('2D SPACE',''
  ) );
#1072 = PCURVE('',#1073,#1078);
#1073 = PLANE('',#1074);
#1074 = AXIS2_PLACEMENT_3D('',#1075,#1076,#1077);
#1075 = CARTESIAN_POINT('',(9.697711508828,-304.0966290735,
    -18.9639461888));
#1076 = DIRECTION('',(0.5,-0.5,-0.707106781186));
#1077 = DIRECTION('',(-0.816496580927,2.726430192723E-13,-0.57735026919)
  );
#1078 = DEFINITIONAL_REPRESENTATION('',(#1079),#1083);
#1079 = LINE('',#1080,#1081);
#1080 = CARTESIAN_POINT('',(0.288675134595,0.204124145235));
#1081 = VECTOR('',#1082,1.);
#1082 = DIRECTION('',(-0.577350269189,0.816496580928));
#1083 = ( GEOMETRIC_REPRESENTATION_CONTEXT(2) 
PARAMETRIC_REPRESENTATION_CONTEXT() REPRESENTATION_CONTEXT('2D SPACE',''
  ) );
#1084 = ORIENTED_EDGE('',*,*,#1085,.T.);
#1085 = EDGE_CURVE('',#1058,#1086,#1088,.T.);
#1086 = VERTEX_POINT('',#1087);
#1087 = CARTESIAN_POINT('',(9.500021613966,-303.0994838292,
    -19.2139461888));
#1088 = SURFACE_CURVE('',#1089,(#1093,#1100),.PCURVE_S1.);
#1089 = LINE('',#1090,#1091);
#1090 = CARTESIAN_POINT('',(9.500021613966,-299.3989361795,
    -19.2139461888));
#1091 = VECTOR('',#1092,1.);
#1092 = DIRECTION('',(0.,1.,0.));
#1093 = PCURVE('',#222,#1094);
#1094 = DEFINITIONAL_REPRESENTATION('',(#1095),#1099);
#1095 = LINE('',#1096,#1097);
#1096 = CARTESIAN_POINT('',(-9.500005998415,5.7489361795));
#1097 = VECTOR('',#1098,1.);
#1098 = DIRECTION('',(0.,-1.));
#1099 = ( GEOMETRIC_REPRESENTATION_CONTEXT(2) 
PARAMETRIC_REPRESENTATION_CONTEXT() REPRESENTATION_CONTEXT('2D SPACE',''
  ) );
#1100 = PCURVE('',#1101,#1106);
#1101 = PLANE('',#1102);
#1102 = AXIS2_PLACEMENT_3D('',#1103,#1104,#1105);
#1103 = CARTESIAN_POINT('',(9.750021613966,-299.3989361795,
    -18.9639461888));
#1104 = DIRECTION('',(0.707106781187,0.,-0.707106781186));
#1105 = DIRECTION('',(-0.707106781186,0.,-0.707106781187));
#1106 = DEFINITIONAL_REPRESENTATION('',(#1107),#1111);
#1107 = LINE('',#1108,#1109);
#1108 = CARTESIAN_POINT('',(0.353553390593,0.));
#1109 = VECTOR('',#1110,1.);
#1110 = DIRECTION('',(0.,1.));
#1111 = ( GEOMETRIC_REPRESENTATION_CONTEXT(2) 
PARAMETRIC_REPRESENTATION_CONTEXT() REPRESENTATION_CONTEXT('2D SPACE',''
  ) );
#1112 = ORIENTED_EDGE('',*,*,#1113,.T.);
#1113 = EDGE_CURVE('',#1086,#1114,#1116,.T.);
#1114 = VERTEX_POINT('',#1115);
#1115 = CARTESIAN_POINT('',(9.500021613966,-298.2005165879,
    -19.2139461888));
#1116 = SURFACE_CURVE('',#1117,(#1122,#1129),.PCURVE_S1.);
#1117 = CIRCLE('',#1118,3.5);
#1118 = AXIS2_PLACEMENT_3D('',#1119,#1120,#1121);
#1119 = CARTESIAN_POINT('',(7.000015615551,-300.6500002086,
    -19.2139461888));
#1120 = DIRECTION('',(-5.839773109528E-13,0.,1.));
#1121 = DIRECTION('',(0.750001499604,-0.661436127371,4.379838589494E-13)
  );
#1122 = PCURVE('',#222,#1123);
#1123 = DEFINITIONAL_REPRESENTATION('',(#1124),#1128);
#1124 = CIRCLE('',#1125,3.5);
#1125 = AXIS2_PLACEMENT_2D('',#1126,#1127);
#1126 = CARTESIAN_POINT('',(-7.,7.0000002086));
#1127 = DIRECTION('',(-0.750001499604,0.661436127371));
#1128 = ( GEOMETRIC_REPRESENTATION_CONTEXT(2) 
PARAMETRIC_REPRESENTATION_CONTEXT() REPRESENTATION_CONTEXT('2D SPACE',''
  ) );
#1129 = PCURVE('',#1130,#1135);
#1130 = CONICAL_SURFACE('',#1131,3.75,0.785398163397);
#1131 = AXIS2_PLACEMENT_3D('',#1132,#1133,#1134);
#1132 = CARTESIAN_POINT('',(7.000015615551,-300.6500002086,
    -18.9639461888));
#1133 = DIRECTION('',(-5.839773109528E-13,0.,1.));
#1134 = DIRECTION('',(0.750001499604,-0.661436127371,4.379838589494E-13)
  );
#1135 = DEFINITIONAL_REPRESENTATION('',(#1136),#1140);
#1136 = LINE('',#1137,#1138);
#1137 = CARTESIAN_POINT('',(-6.28318530718,-0.25));
#1138 = VECTOR('',#1139,1.);
#1139 = DIRECTION('',(1.,-3.139411510331E-15));
#1140 = ( GEOMETRIC_REPRESENTATION_CONTEXT(2) 
PARAMETRIC_REPRESENTATION_CONTEXT() REPRESENTATION_CONTEXT('2D SPACE',''
  ) );
#1141 = ORIENTED_EDGE('',*,*,#1142,.T.);
#1142 = EDGE_CURVE('',#1114,#1143,#1145,.T.);
#1143 = VERTEX_POINT('',#1144);
#1144 = CARTESIAN_POINT('',(9.500021613966,-289.0994836206,
    -19.2139461888));
#1145 = SURFACE_CURVE('',#1146,(#1150,#1157),.PCURVE_S1.);
#1146 = LINE('',#1147,#1148);
#1147 = CARTESIAN_POINT('',(9.500021613966,-299.3989361795,
    -19.2139461888));
#1148 = VECTOR('',#1149,1.);
#1149 = DIRECTION('',(0.,1.,0.));
#1150 = PCURVE('',#222,#1151);
#1151 = DEFINITIONAL_REPRESENTATION('',(#1152),#1156);
#1152 = LINE('',#1153,#1154);
#1153 = CARTESIAN_POINT('',(-9.500005998415,5.7489361795));
#1154 = VECTOR('',#1155,1.);
#1155 = DIRECTION('',(0.,-1.));
#1156 = ( GEOMETRIC_REPRESENTATION_CONTEXT(2) 
PARAMETRIC_REPRESENTATION_CONTEXT() REPRESENTATION_CONTEXT('2D SPACE',''
  ) );
#1157 = PCURVE('',#1158,#1163);
#1158 = PLANE('',#1159);
#1159 = AXIS2_PLACEMENT_3D('',#1160,#1161,#1162);
#1160 = CARTESIAN_POINT('',(9.750021613966,-299.3989361795,
    -18.9639461888));
#1161 = DIRECTION('',(0.707106781187,0.,-0.707106781186));
#1162 = DIRECTION('',(-0.707106781186,0.,-0.707106781187));
#1163 = DEFINITIONAL_REPRESENTATION('',(#1164),#1168);
#1164 = LINE('',#1165,#1166);
#1165 = CARTESIAN_POINT('',(0.353553390593,0.));
#1166 = VECTOR('',#1167,1.);
#1167 = DIRECTION('',(0.,1.));
#1168 = ( GEOMETRIC_REPRESENTATION_CONTEXT(2) 
PARAMETRIC_REPRESENTATION_CONTEXT() REPRESENTATION_CONTEXT('2D SPACE',''
  ) );
#1169 = ORIENTED_EDGE('',*,*,#1170,.T.);
#1170 = EDGE_CURVE('',#1143,#1171,#1173,.T.);
#1171 = VERTEX_POINT('',#1172);
#1172 = CARTESIAN_POINT('',(9.500021613966,-284.2005163793,
    -19.2139461888));
#1173 = SURFACE_CURVE('',#1174,(#1179,#1186),.PCURVE_S1.);
#1174 = CIRCLE('',#1175,3.5);
#1175 = AXIS2_PLACEMENT_3D('',#1176,#1177,#1178);
#1176 = CARTESIAN_POINT('',(7.000015615551,-286.65,-19.2139461888));
#1177 = DIRECTION('',(-5.839773109528E-13,0.,1.));
#1178 = DIRECTION('',(0.750001499604,-0.661436127371,4.379838589494E-13)
  );
#1179 = PCURVE('',#222,#1180);
#1180 = DEFINITIONAL_REPRESENTATION('',(#1181),#1185);
#1181 = CIRCLE('',#1182,3.5);
#1182 = AXIS2_PLACEMENT_2D('',#1183,#1184);
#1183 = CARTESIAN_POINT('',(-7.,-7.));
#1184 = DIRECTION('',(-0.750001499604,0.661436127371));
#1185 = ( GEOMETRIC_REPRESENTATION_CONTEXT(2) 
PARAMETRIC_REPRESENTATION_CONTEXT() REPRESENTATION_CONTEXT('2D SPACE',''
  ) );
#1186 = PCURVE('',#1187,#1192);
#1187 = CONICAL_SURFACE('',#1188,3.75,0.785398163397);
#1188 = AXIS2_PLACEMENT_3D('',#1189,#1190,#1191);
#1189 = CARTESIAN_POINT('',(7.000015615551,-286.65,-18.9639461888));
#1190 = DIRECTION('',(-5.839773109528E-13,0.,1.));
#1191 = DIRECTION('',(0.750001499604,-0.661436127371,4.379838589494E-13)
  );
#1192 = DEFINITIONAL_REPRESENTATION('',(#1193),#1197);
#1193 = LINE('',#1194,#1195);
#1194 = CARTESIAN_POINT('',(-6.28318530718,-0.25));
#1195 = VECTOR('',#1196,1.);
#1196 = DIRECTION('',(1.,-1.245637470228E-14));
#1197 = ( GEOMETRIC_REPRESENTATION_CONTEXT(2) 
PARAMETRIC_REPRESENTATION_CONTEXT() REPRESENTATION_CONTEXT('2D SPACE',''
  ) );
#1198 = ORIENTED_EDGE('',*,*,#1199,.T.);
#1199 = EDGE_CURVE('',#1171,#1200,#1202,.T.);
#1200 = VERTEX_POINT('',#1201);
#1201 = CARTESIAN_POINT('',(9.500021613966,-283.3592344221,
    -19.2139461888));
#1202 = SURFACE_CURVE('',#1203,(#1207,#1214),.PCURVE_S1.);
#1203 = LINE('',#1204,#1205);
#1204 = CARTESIAN_POINT('',(9.500021613966,-299.3989361795,
    -19.2139461888));
#1205 = VECTOR('',#1206,1.);
#1206 = DIRECTION('',(0.,1.,0.));
#1207 = PCURVE('',#222,#1208);
#1208 = DEFINITIONAL_REPRESENTATION('',(#1209),#1213);
#1209 = LINE('',#1210,#1211);
#1210 = CARTESIAN_POINT('',(-9.500005998415,5.7489361795));
#1211 = VECTOR('',#1212,1.);
#1212 = DIRECTION('',(0.,-1.));
#1213 = ( GEOMETRIC_REPRESENTATION_CONTEXT(2) 
PARAMETRIC_REPRESENTATION_CONTEXT() REPRESENTATION_CONTEXT('2D SPACE',''
  ) );
#1214 = PCURVE('',#1215,#1220);
#1215 = PLANE('',#1216);
#1216 = AXIS2_PLACEMENT_3D('',#1217,#1218,#1219);
#1217 = CARTESIAN_POINT('',(9.750021613966,-299.3989361795,
    -18.9639461888));
#1218 = DIRECTION('',(0.707106781187,0.,-0.707106781186));
#1219 = DIRECTION('',(-0.707106781186,0.,-0.707106781187));
#1220 = DEFINITIONAL_REPRESENTATION('',(#1221),#1225);
#1221 = LINE('',#1222,#1223);
#1222 = CARTESIAN_POINT('',(0.353553390593,0.));
#1223 = VECTOR('',#1224,1.);
#1224 = DIRECTION('',(0.,1.));
#1225 = ( GEOMETRIC_REPRESENTATION_CONTEXT(2) 
PARAMETRIC_REPRESENTATION_CONTEXT() REPRESENTATION_CONTEXT('2D SPACE',''
  ) );
#1226 = ORIENTED_EDGE('',*,*,#1227,.T.);
#1227 = EDGE_CURVE('',#1200,#1228,#1230,.T.);
#1228 = VERTEX_POINT('',#1229);
#1229 = CARTESIAN_POINT('',(8.792914832779,-282.6521276409,
    -19.2139461888));
#1230 = SURFACE_CURVE('',#1231,(#1235,#1242),.PCURVE_S1.);
#1231 = LINE('',#1232,#1233);
#1232 = CARTESIAN_POINT('',(9.520934813531,-283.3801476217,
    -19.2139461888));
#1233 = VECTOR('',#1234,1.);
#1234 = DIRECTION('',(-0.707106781187,0.707106781187,-4.129343166332E-13
    ));
#1235 = PCURVE('',#222,#1236);
#1236 = DEFINITIONAL_REPRESENTATION('',(#1237),#1241);
#1237 = LINE('',#1238,#1239);
#1238 = CARTESIAN_POINT('',(-9.52091919798,-10.2698523783));
#1239 = VECTOR('',#1240,1.);
#1240 = DIRECTION('',(0.707106781187,-0.707106781187));
#1241 = ( GEOMETRIC_REPRESENTATION_CONTEXT(2) 
PARAMETRIC_REPRESENTATION_CONTEXT() REPRESENTATION_CONTEXT('2D SPACE',''
  ) );
#1242 = PCURVE('',#1243,#1248);
#1243 = PLANE('',#1244);
#1244 = AXIS2_PLACEMENT_3D('',#1245,#1246,#1247);
#1245 = CARTESIAN_POINT('',(9.697711508828,-283.2033709264,
    -18.9639461888));
#1246 = DIRECTION('',(0.5,0.5,-0.707106781186));
#1247 = DIRECTION('',(-0.816496580927,-2.726430192723E-13,-0.57735026919
    ));
#1248 = DEFINITIONAL_REPRESENTATION('',(#1249),#1253);
#1249 = LINE('',#1250,#1251);
#1250 = CARTESIAN_POINT('',(0.288675134595,-0.204124145235));
#1251 = VECTOR('',#1252,1.);
#1252 = DIRECTION('',(0.577350269189,0.816496580928));
#1253 = ( GEOMETRIC_REPRESENTATION_CONTEXT(2) 
PARAMETRIC_REPRESENTATION_CONTEXT() REPRESENTATION_CONTEXT('2D SPACE',''
  ) );
#1254 = ORIENTED_EDGE('',*,*,#1255,.T.);
#1255 = EDGE_CURVE('',#1228,#1256,#1258,.T.);
#1256 = VERTEX_POINT('',#1257);
#1257 = CARTESIAN_POINT('',(-8.792871604848,-282.6521276409,
    -19.21394618881));
#1258 = SURFACE_CURVE('',#1259,(#1263,#1270),.PCURVE_S1.);
#1259 = LINE('',#1260,#1261);
#1260 = CARTESIAN_POINT('',(5.000018614758,-282.6521276409,
    -19.2139461888));
#1261 = VECTOR('',#1262,1.);
#1262 = DIRECTION('',(-1.,0.,-5.839773109528E-13));
#1263 = PCURVE('',#222,#1264);
#1264 = DEFINITIONAL_REPRESENTATION('',(#1265),#1269);
#1265 = LINE('',#1266,#1267);
#1266 = CARTESIAN_POINT('',(-5.000002999207,-10.9978723591));
#1267 = VECTOR('',#1268,1.);
#1268 = DIRECTION('',(1.,0.));
#1269 = ( GEOMETRIC_REPRESENTATION_CONTEXT(2) 
PARAMETRIC_REPRESENTATION_CONTEXT() REPRESENTATION_CONTEXT('2D SPACE',''
  ) );
#1270 = PCURVE('',#1271,#1276);
#1271 = PLANE('',#1272);
#1272 = AXIS2_PLACEMENT_3D('',#1273,#1274,#1275);
#1273 = CARTESIAN_POINT('',(5.000018614758,-282.4021276409,
    -18.9639461888));
#1274 = DIRECTION('',(4.129343166332E-13,0.707106781187,-0.707106781187)
  );
#1275 = DIRECTION('',(-1.,-4.028365544165E-25,-5.839773109524E-13));
#1276 = DEFINITIONAL_REPRESENTATION('',(#1277),#1281);
#1277 = LINE('',#1278,#1279);
#1278 = CARTESIAN_POINT('',(1.459943277382E-13,-0.353553390593));
#1279 = VECTOR('',#1280,1.);
#1280 = DIRECTION('',(1.,-4.543838814073E-27));
#1281 = ( GEOMETRIC_REPRESENTATION_CONTEXT(2) 
PARAMETRIC_REPRESENTATION_CONTEXT() REPRESENTATION_CONTEXT('2D SPACE',''
  ) );
#1282 = ORIENTED_EDGE('',*,*,#1283,.T.);
#1283 = EDGE_CURVE('',#1256,#858,#1284,.T.);
#1284 = SURFACE_CURVE('',#1285,(#1289,#1296),.PCURVE_S1.);
#1285 = LINE('',#1286,#1287);
#1286 = CARTESIAN_POINT('',(-9.520894584807,-283.3801506209,
    -19.21394618881));
#1287 = VECTOR('',#1288,1.);
#1288 = DIRECTION('',(-0.707106781187,-0.707106781187,
    -4.129343166332E-13));
#1289 = PCURVE('',#222,#1290);
#1290 = DEFINITIONAL_REPRESENTATION('',(#1291),#1295);
#1291 = LINE('',#1292,#1293);
#1292 = CARTESIAN_POINT('',(9.520910200358,-10.2698493791));
#1293 = VECTOR('',#1294,1.);
#1294 = DIRECTION('',(0.707106781187,0.707106781187));
#1295 = ( GEOMETRIC_REPRESENTATION_CONTEXT(2) 
PARAMETRIC_REPRESENTATION_CONTEXT() REPRESENTATION_CONTEXT('2D SPACE',''
  ) );
#1296 = PCURVE('',#1297,#1302);
#1297 = PLANE('',#1298);
#1298 = AXIS2_PLACEMENT_3D('',#1299,#1300,#1301);
#1299 = CARTESIAN_POINT('',(-9.697671280104,-283.2033739256,
    -18.96394618881));
#1300 = DIRECTION('',(-0.5,0.5,-0.707106781187));
#1301 = DIRECTION('',(-0.816496580928,-2.78443934576E-13,0.577350269189)
  );
#1302 = DEFINITIONAL_REPRESENTATION('',(#1303),#1307);
#1303 = LINE('',#1304,#1305);
#1304 = CARTESIAN_POINT('',(-0.288675134595,-0.204124145235));
#1305 = VECTOR('',#1306,1.);
#1306 = DIRECTION('',(0.57735026919,-0.816496580928));
#1307 = ( GEOMETRIC_REPRESENTATION_CONTEXT(2) 
PARAMETRIC_REPRESENTATION_CONTEXT() REPRESENTATION_CONTEXT('2D SPACE',''
  ) );
#1308 = FACE_BOUND('',#1309,.F.);
#1309 = EDGE_LOOP('',(#1310));
#1310 = ORIENTED_EDGE('',*,*,#1311,.T.);
#1311 = EDGE_CURVE('',#1312,#1312,#1314,.T.);
#1312 = VERTEX_POINT('',#1313);
#1313 = CARTESIAN_POINT('',(5.000015615551,-286.65,-19.2139461888));
#1314 = SURFACE_CURVE('',#1315,(#1320,#1331),.PCURVE_S1.);
#1315 = CIRCLE('',#1316,2.);
#1316 = AXIS2_PLACEMENT_3D('',#1317,#1318,#1319);
#1317 = CARTESIAN_POINT('',(7.000015615551,-286.65,-19.2139461888));
#1318 = DIRECTION('',(5.839773109528E-13,0.,-1.));
#1319 = DIRECTION('',(-1.,0.,-5.839773109528E-13));
#1320 = PCURVE('',#222,#1321);
#1321 = DEFINITIONAL_REPRESENTATION('',(#1322),#1330);
#1322 = ( BOUNDED_CURVE() B_SPLINE_CURVE(2,(#1323,#1324,#1325,#1326,
#1327,#1328,#1329),.UNSPECIFIED.,.T.,.F.) B_SPLINE_CURVE_WITH_KNOTS((1,2
    ,2,2,2,1),(-2.094395102393,0.,2.094395102393,4.188790204786,
6.28318530718,8.377580409573),.UNSPECIFIED.) CURVE() 
GEOMETRIC_REPRESENTATION_ITEM() RATIONAL_B_SPLINE_CURVE((1.,0.5,1.,0.5,
1.,0.5,1.)) REPRESENTATION_ITEM('') );
#1323 = CARTESIAN_POINT('',(-5.,-7.));
#1324 = CARTESIAN_POINT('',(-5.,-10.46410161513));
#1325 = CARTESIAN_POINT('',(-8.,-8.732050807569));
#1326 = CARTESIAN_POINT('',(-11.,-7.));
#1327 = CARTESIAN_POINT('',(-8.,-5.267949192431));
#1328 = CARTESIAN_POINT('',(-5.,-3.535898384862));
#1329 = CARTESIAN_POINT('',(-5.,-7.));
#1330 = ( GEOMETRIC_REPRESENTATION_CONTEXT(2) 
PARAMETRIC_REPRESENTATION_CONTEXT() REPRESENTATION_CONTEXT('2D SPACE',''
  ) );
#1331 = PCURVE('',#1332,#1337);
#1332 = CONICAL_SURFACE('',#1333,1.75,0.785398163397);
#1333 = AXIS2_PLACEMENT_3D('',#1334,#1335,#1336);
#1334 = CARTESIAN_POINT('',(7.000015615551,-286.65,-18.9639461888));
#1335 = DIRECTION('',(5.839773109528E-13,0.,-1.));
#1336 = DIRECTION('',(-1.,0.,-5.839773109528E-13));
#1337 = DEFINITIONAL_REPRESENTATION('',(#1338),#1342);
#1338 = LINE('',#1339,#1340);
#1339 = CARTESIAN_POINT('',(0.,0.25));
#1340 = VECTOR('',#1341,1.);
#1341 = DIRECTION('',(1.,0.));
#1342 = ( GEOMETRIC_REPRESENTATION_CONTEXT(2) 
PARAMETRIC_REPRESENTATION_CONTEXT() REPRESENTATION_CONTEXT('2D SPACE',''
  ) );
#1343 = FACE_BOUND('',#1344,.F.);
#1344 = EDGE_LOOP('',(#1345));
#1345 = ORIENTED_EDGE('',*,*,#1346,.T.);
#1346 = EDGE_CURVE('',#1347,#1347,#1349,.T.);
#1347 = VERTEX_POINT('',#1348);
#1348 = CARTESIAN_POINT('',(-8.999984384449,-286.65,-19.21394618881));
#1349 = SURFACE_CURVE('',#1350,(#1355,#1366),.PCURVE_S1.);
#1350 = CIRCLE('',#1351,2.);
#1351 = AXIS2_PLACEMENT_3D('',#1352,#1353,#1354);
#1352 = CARTESIAN_POINT('',(-6.999984384449,-286.65,-19.21394618881));
#1353 = DIRECTION('',(5.839773109528E-13,0.,-1.));
#1354 = DIRECTION('',(-1.,0.,-5.839773109528E-13));
#1355 = PCURVE('',#222,#1356);
#1356 = DEFINITIONAL_REPRESENTATION('',(#1357),#1365);
#1357 = ( BOUNDED_CURVE() B_SPLINE_CURVE(2,(#1358,#1359,#1360,#1361,
#1362,#1363,#1364),.UNSPECIFIED.,.T.,.F.) B_SPLINE_CURVE_WITH_KNOTS((1,2
    ,2,2,2,1),(-2.094395102393,0.,2.094395102393,4.188790204786,
6.28318530718,8.377580409573),.UNSPECIFIED.) CURVE() 
GEOMETRIC_REPRESENTATION_ITEM() RATIONAL_B_SPLINE_CURVE((1.,0.5,1.,0.5,
1.,0.5,1.)) REPRESENTATION_ITEM('') );
#1358 = CARTESIAN_POINT('',(9.,-7.));
#1359 = CARTESIAN_POINT('',(9.,-10.46410161513));
#1360 = CARTESIAN_POINT('',(6.,-8.732050807569));
#1361 = CARTESIAN_POINT('',(3.,-7.));
#1362 = CARTESIAN_POINT('',(6.,-5.267949192431));
#1363 = CARTESIAN_POINT('',(9.,-3.535898384862));
#1364 = CARTESIAN_POINT('',(9.,-7.));
#1365 = ( GEOMETRIC_REPRESENTATION_CONTEXT(2) 
PARAMETRIC_REPRESENTATION_CONTEXT() REPRESENTATION_CONTEXT('2D SPACE',''
  ) );
#1366 = PCURVE('',#1367,#1372);
#1367 = CONICAL_SURFACE('',#1368,1.75,0.785398163397);
#1368 = AXIS2_PLACEMENT_3D('',#1369,#1370,#1371);
#1369 = CARTESIAN_POINT('',(-6.999984384449,-286.65,-18.96394618881));
#1370 = DIRECTION('',(5.839773109528E-13,0.,-1.));
#1371 = DIRECTION('',(-1.,0.,-5.839773109528E-13));
#1372 = DEFINITIONAL_REPRESENTATION('',(#1373),#1377);
#1373 = LINE('',#1374,#1375);
#1374 = CARTESIAN_POINT('',(0.,0.25));
#1375 = VECTOR('',#1376,1.);
#1376 = DIRECTION('',(1.,0.));
#1377 = ( GEOMETRIC_REPRESENTATION_CONTEXT(2) 
PARAMETRIC_REPRESENTATION_CONTEXT() REPRESENTATION_CONTEXT('2D SPACE',''
  ) );
#1378 = FACE_BOUND('',#1379,.F.);
#1379 = EDGE_LOOP('',(#1380));
#1380 = ORIENTED_EDGE('',*,*,#1381,.F.);
#1381 = EDGE_CURVE('',#1382,#1382,#1384,.T.);
#1382 = VERTEX_POINT('',#1383);
#1383 = CARTESIAN_POINT('',(2.1,-293.65,-19.2139461888));
#1384 = SURFACE_CURVE('',#1385,(#1390,#1397),.PCURVE_S1.);
#1385 = CIRCLE('',#1386,2.1);
#1386 = AXIS2_PLACEMENT_3D('',#1387,#1388,#1389);
#1387 = CARTESIAN_POINT('',(0.,-293.65,-19.21394618881));
#1388 = DIRECTION('',(0.,0.,1.));
#1389 = DIRECTION('',(1.,0.,-0.));
#1390 = PCURVE('',#222,#1391);
#1391 = DEFINITIONAL_REPRESENTATION('',(#1392),#1396);
#1392 = CIRCLE('',#1393,2.1);
#1393 = AXIS2_PLACEMENT_2D('',#1394,#1395);
#1394 = CARTESIAN_POINT('',(1.561555068423E-05,0.));
#1395 = DIRECTION('',(-1.,-0.));
#1396 = ( GEOMETRIC_REPRESENTATION_CONTEXT(2) 
PARAMETRIC_REPRESENTATION_CONTEXT() REPRESENTATION_CONTEXT('2D SPACE',''
  ) );
#1397 = PCURVE('',#1398,#1403);
#1398 = CYLINDRICAL_SURFACE('',#1399,2.1);
#1399 = AXIS2_PLACEMENT_3D('',#1400,#1401,#1402);
#1400 = CARTESIAN_POINT('',(0.,-293.65,-70.));
#1401 = DIRECTION('',(0.,0.,1.));
#1402 = DIRECTION('',(1.,0.,-0.));
#1403 = DEFINITIONAL_REPRESENTATION('',(#1404),#1408);
#1404 = LINE('',#1405,#1406);
#1405 = CARTESIAN_POINT('',(0.,50.78605381119));
#1406 = VECTOR('',#1407,1.);
#1407 = DIRECTION('',(1.,0.));
#1408 = ( GEOMETRIC_REPRESENTATION_CONTEXT(2) 
PARAMETRIC_REPRESENTATION_CONTEXT() REPRESENTATION_CONTEXT('2D SPACE',''
  ) );
#1409 = FACE_BOUND('',#1410,.F.);
#1410 = EDGE_LOOP('',(#1411));
#1411 = ORIENTED_EDGE('',*,*,#205,.T.);
#1412 = FACE_BOUND('',#1413,.F.);
#1413 = EDGE_LOOP('',(#1414));
#1414 = ORIENTED_EDGE('',*,*,#1415,.T.);
#1415 = EDGE_CURVE('',#1416,#1416,#1418,.T.);
#1416 = VERTEX_POINT('',#1417);
#1417 = CARTESIAN_POINT('',(-8.999984384449,-300.65,-19.21394618881));
#1418 = SURFACE_CURVE('',#1419,(#1424,#1435),.PCURVE_S1.);
#1419 = CIRCLE('',#1420,2.);
#1420 = AXIS2_PLACEMENT_3D('',#1421,#1422,#1423);
#1421 = CARTESIAN_POINT('',(-6.999984384449,-300.65,-19.21394618881));
#1422 = DIRECTION('',(5.839773109528E-13,0.,-1.));
#1423 = DIRECTION('',(-1.,0.,-5.839773109528E-13));
#1424 = PCURVE('',#222,#1425);
#1425 = DEFINITIONAL_REPRESENTATION('',(#1426),#1434);
#1426 = ( BOUNDED_CURVE() B_SPLINE_CURVE(2,(#1427,#1428,#1429,#1430,
#1431,#1432,#1433),.UNSPECIFIED.,.T.,.F.) B_SPLINE_CURVE_WITH_KNOTS((1,2
    ,2,2,2,1),(-2.094395102393,0.,2.094395102393,4.188790204786,
6.28318530718,8.377580409573),.UNSPECIFIED.) CURVE() 
GEOMETRIC_REPRESENTATION_ITEM() RATIONAL_B_SPLINE_CURVE((1.,0.5,1.,0.5,
1.,0.5,1.)) REPRESENTATION_ITEM('') );
#1427 = CARTESIAN_POINT('',(9.,7.));
#1428 = CARTESIAN_POINT('',(9.,3.535898384862));
#1429 = CARTESIAN_POINT('',(6.,5.267949192431));
#1430 = CARTESIAN_POINT('',(3.,7.));
#1431 = CARTESIAN_POINT('',(6.,8.732050807569));
#1432 = CARTESIAN_POINT('',(9.,10.464101615138));
#1433 = CARTESIAN_POINT('',(9.,7.));
#1434 = ( GEOMETRIC_REPRESENTATION_CONTEXT(2) 
PARAMETRIC_REPRESENTATION_CONTEXT() REPRESENTATION_CONTEXT('2D SPACE',''
  ) );
#1435 = PCURVE('',#1436,#1441);
#1436 = CONICAL_SURFACE('',#1437,1.75,0.785398163397);
#1437 = AXIS2_PLACEMENT_3D('',#1438,#1439,#1440);
#1438 = CARTESIAN_POINT('',(-6.999984384449,-300.65,-18.96394618881));
#1439 = DIRECTION('',(5.839773109528E-13,0.,-1.));
#1440 = DIRECTION('',(-1.,0.,-5.839773109528E-13));
#1441 = DEFINITIONAL_REPRESENTATION('',(#1442),#1446);
#1442 = LINE('',#1443,#1444);
#1443 = CARTESIAN_POINT('',(0.,0.25));
#1444 = VECTOR('',#1445,1.);
#1445 = DIRECTION('',(1.,0.));
#1446 = ( GEOMETRIC_REPRESENTATION_CONTEXT(2) 
PARAMETRIC_REPRESENTATION_CONTEXT() REPRESENTATION_CONTEXT('2D SPACE',''
  ) );
#1447 = ADVANCED_FACE('',(#1448),#280,.T.);
#1448 = FACE_BOUND('',#1449,.T.);
#1449 = EDGE_LOOP('',(#1450,#1479,#1499,#1500));
#1450 = ORIENTED_EDGE('',*,*,#1451,.T.);
#1451 = EDGE_CURVE('',#1452,#1452,#1454,.T.);
#1452 = VERTEX_POINT('',#1453);
#1453 = CARTESIAN_POINT('',(-4.999984384471,-293.65,-14.21394618881));
#1454 = SURFACE_CURVE('',#1455,(#1460,#1467),.PCURVE_S1.);
#1455 = CIRCLE('',#1456,5.);
#1456 = AXIS2_PLACEMENT_3D('',#1457,#1458,#1459);
#1457 = CARTESIAN_POINT('',(1.561552922235E-05,-293.65,-14.21394618881)
  );
#1458 = DIRECTION('',(5.839773109528E-13,0.,-1.));
#1459 = DIRECTION('',(-1.,0.,-5.839773109528E-13));
#1460 = PCURVE('',#280,#1461);
#1461 = DEFINITIONAL_REPRESENTATION('',(#1462),#1466);
#1462 = LINE('',#1463,#1464);
#1463 = CARTESIAN_POINT('',(0.,-0.5));
#1464 = VECTOR('',#1465,1.);
#1465 = DIRECTION('',(1.,0.));
#1466 = ( GEOMETRIC_REPRESENTATION_CONTEXT(2) 
PARAMETRIC_REPRESENTATION_CONTEXT() REPRESENTATION_CONTEXT('2D SPACE',''
  ) );
#1467 = PCURVE('',#1468,#1473);
#1468 = CYLINDRICAL_SURFACE('',#1469,5.);
#1469 = AXIS2_PLACEMENT_3D('',#1470,#1471,#1472);
#1470 = CARTESIAN_POINT('',(1.561552980632E-05,-293.65,-15.21394618881)
  );
#1471 = DIRECTION('',(-5.839773109528E-13,0.,1.));
#1472 = DIRECTION('',(-1.,0.,-5.839773109528E-13));
#1473 = DEFINITIONAL_REPRESENTATION('',(#1474),#1478);
#1474 = LINE('',#1475,#1476);
#1475 = CARTESIAN_POINT('',(6.28318530718,1.));
#1476 = VECTOR('',#1477,1.);
#1477 = DIRECTION('',(-1.,0.));
#1478 = ( GEOMETRIC_REPRESENTATION_CONTEXT(2) 
PARAMETRIC_REPRESENTATION_CONTEXT() REPRESENTATION_CONTEXT('2D SPACE',''
  ) );
#1479 = ORIENTED_EDGE('',*,*,#1480,.T.);
#1480 = EDGE_CURVE('',#1452,#264,#1481,.T.);
#1481 = SEAM_CURVE('',#1482,(#1485,#1492),.PCURVE_S1.);
#1482 = B_SPLINE_CURVE_WITH_KNOTS('',1,(#1483,#1484),.UNSPECIFIED.,.F.,
  .F.,(2,2),(-0.707106781187,0.707106781187),.PIECEWISE_BEZIER_KNOTS.);
#1483 = CARTESIAN_POINT('',(-4.999984384471,-293.65,-14.21394618881));
#1484 = CARTESIAN_POINT('',(-5.99998438447,-293.65,-15.21394618881));
#1485 = PCURVE('',#280,#1486);
#1486 = DEFINITIONAL_REPRESENTATION('',(#1487),#1491);
#1487 = LINE('',#1488,#1489);
#1488 = CARTESIAN_POINT('',(6.28318530718,0.));
#1489 = VECTOR('',#1490,1.);
#1490 = DIRECTION('',(0.,1.));
#1491 = ( GEOMETRIC_REPRESENTATION_CONTEXT(2) 
PARAMETRIC_REPRESENTATION_CONTEXT() REPRESENTATION_CONTEXT('2D SPACE',''
  ) );
#1492 = PCURVE('',#280,#1493);
#1493 = DEFINITIONAL_REPRESENTATION('',(#1494),#1498);
#1494 = LINE('',#1495,#1496);
#1495 = CARTESIAN_POINT('',(4.138911435803E-13,0.));
#1496 = VECTOR('',#1497,1.);
#1497 = DIRECTION('',(0.,1.));
#1498 = ( GEOMETRIC_REPRESENTATION_CONTEXT(2) 
PARAMETRIC_REPRESENTATION_CONTEXT() REPRESENTATION_CONTEXT('2D SPACE',''
  ) );
#1499 = ORIENTED_EDGE('',*,*,#263,.T.);
#1500 = ORIENTED_EDGE('',*,*,#1480,.F.);
#1501 = ADVANCED_FACE('',(#1502),#315,.F.);
#1502 = FACE_BOUND('',#1503,.F.);
#1503 = EDGE_LOOP('',(#1504,#1533,#1553,#1554));
#1504 = ORIENTED_EDGE('',*,*,#1505,.T.);
#1505 = EDGE_CURVE('',#1506,#1506,#1508,.T.);
#1506 = VERTEX_POINT('',#1507);
#1507 = CARTESIAN_POINT('',(-10.24998438445,-300.65,-16.21394618881));
#1508 = SURFACE_CURVE('',#1509,(#1514,#1521),.PCURVE_S1.);
#1509 = CIRCLE('',#1510,3.25);
#1510 = AXIS2_PLACEMENT_3D('',#1511,#1512,#1513);
#1511 = CARTESIAN_POINT('',(-6.999984384451,-300.65,-16.21394618881));
#1512 = DIRECTION('',(-5.839773109528E-13,0.,1.));
#1513 = DIRECTION('',(-1.,0.,-5.839773109528E-13));
#1514 = PCURVE('',#315,#1515);
#1515 = DEFINITIONAL_REPRESENTATION('',(#1516),#1520);
#1516 = LINE('',#1517,#1518);
#1517 = CARTESIAN_POINT('',(0.,0.));
#1518 = VECTOR('',#1519,1.);
#1519 = DIRECTION('',(1.,0.));
#1520 = ( GEOMETRIC_REPRESENTATION_CONTEXT(2) 
PARAMETRIC_REPRESENTATION_CONTEXT() REPRESENTATION_CONTEXT('2D SPACE',''
  ) );
#1521 = PCURVE('',#1522,#1527);
#1522 = PLANE('',#1523);
#1523 = AXIS2_PLACEMENT_3D('',#1524,#1525,#1526);
#1524 = CARTESIAN_POINT('',(1.56155489323E-05,-293.65,-16.21394618881));
#1525 = DIRECTION('',(-5.839773109528E-13,0.,1.));
#1526 = DIRECTION('',(-1.,0.,-5.839773109528E-13));
#1527 = DEFINITIONAL_REPRESENTATION('',(#1528),#1532);
#1528 = CIRCLE('',#1529,3.25);
#1529 = AXIS2_PLACEMENT_2D('',#1530,#1531);
#1530 = CARTESIAN_POINT('',(7.,7.));
#1531 = DIRECTION('',(1.,0.));
#1532 = ( GEOMETRIC_REPRESENTATION_CONTEXT(2) 
PARAMETRIC_REPRESENTATION_CONTEXT() REPRESENTATION_CONTEXT('2D SPACE',''
  ) );
#1533 = ORIENTED_EDGE('',*,*,#1534,.T.);
#1534 = EDGE_CURVE('',#1506,#295,#1535,.T.);
#1535 = SEAM_CURVE('',#1536,(#1539,#1546),.PCURVE_S1.);
#1536 = B_SPLINE_CURVE_WITH_KNOTS('',1,(#1537,#1538),.UNSPECIFIED.,.F.,
  .F.,(2,2),(0.,1.),.PIECEWISE_BEZIER_KNOTS.);
#1537 = CARTESIAN_POINT('',(-10.24998438445,-300.65,-16.21394618881));
#1538 = CARTESIAN_POINT('',(-10.24998438445,-300.65,-15.21394618881));
#1539 = PCURVE('',#315,#1540);
#1540 = DEFINITIONAL_REPRESENTATION('',(#1541),#1545);
#1541 = LINE('',#1542,#1543);
#1542 = CARTESIAN_POINT('',(6.28318530718,0.));
#1543 = VECTOR('',#1544,1.);
#1544 = DIRECTION('',(0.,1.));
#1545 = ( GEOMETRIC_REPRESENTATION_CONTEXT(2) 
PARAMETRIC_REPRESENTATION_CONTEXT() REPRESENTATION_CONTEXT('2D SPACE',''
  ) );
#1546 = PCURVE('',#315,#1547);
#1547 = DEFINITIONAL_REPRESENTATION('',(#1548),#1552);
#1548 = LINE('',#1549,#1550);
#1549 = CARTESIAN_POINT('',(4.138911435803E-13,0.));
#1550 = VECTOR('',#1551,1.);
#1551 = DIRECTION('',(0.,1.));
#1552 = ( GEOMETRIC_REPRESENTATION_CONTEXT(2) 
PARAMETRIC_REPRESENTATION_CONTEXT() REPRESENTATION_CONTEXT('2D SPACE',''
  ) );
#1553 = ORIENTED_EDGE('',*,*,#294,.T.);
#1554 = ORIENTED_EDGE('',*,*,#1534,.F.);
#1555 = ADVANCED_FACE('',(#1556),#350,.F.);
#1556 = FACE_BOUND('',#1557,.F.);
#1557 = EDGE_LOOP('',(#1558,#1587,#1607,#1608));
#1558 = ORIENTED_EDGE('',*,*,#1559,.T.);
#1559 = EDGE_CURVE('',#1560,#1560,#1562,.T.);
#1560 = VERTEX_POINT('',#1561);
#1561 = CARTESIAN_POINT('',(-10.24998438445,-286.65,-16.21394618881));
#1562 = SURFACE_CURVE('',#1563,(#1568,#1575),.PCURVE_S1.);
#1563 = CIRCLE('',#1564,3.25);
#1564 = AXIS2_PLACEMENT_3D('',#1565,#1566,#1567);
#1565 = CARTESIAN_POINT('',(-6.999984384451,-286.65,-16.21394618881));
#1566 = DIRECTION('',(-5.839773109528E-13,0.,1.));
#1567 = DIRECTION('',(-1.,0.,-5.839773109528E-13));
#1568 = PCURVE('',#350,#1569);
#1569 = DEFINITIONAL_REPRESENTATION('',(#1570),#1574);
#1570 = LINE('',#1571,#1572);
#1571 = CARTESIAN_POINT('',(0.,0.));
#1572 = VECTOR('',#1573,1.);
#1573 = DIRECTION('',(1.,0.));
#1574 = ( GEOMETRIC_REPRESENTATION_CONTEXT(2) 
PARAMETRIC_REPRESENTATION_CONTEXT() REPRESENTATION_CONTEXT('2D SPACE',''
  ) );
#1575 = PCURVE('',#1576,#1581);
#1576 = PLANE('',#1577);
#1577 = AXIS2_PLACEMENT_3D('',#1578,#1579,#1580);
#1578 = CARTESIAN_POINT('',(1.56155489323E-05,-293.65,-16.21394618881));
#1579 = DIRECTION('',(-5.839773109528E-13,0.,1.));
#1580 = DIRECTION('',(-1.,0.,-5.839773109528E-13));
#1581 = DEFINITIONAL_REPRESENTATION('',(#1582),#1586);
#1582 = CIRCLE('',#1583,3.25);
#1583 = AXIS2_PLACEMENT_2D('',#1584,#1585);
#1584 = CARTESIAN_POINT('',(7.,-7.));
#1585 = DIRECTION('',(1.,0.));
#1586 = ( GEOMETRIC_REPRESENTATION_CONTEXT(2) 
PARAMETRIC_REPRESENTATION_CONTEXT() REPRESENTATION_CONTEXT('2D SPACE',''
  ) );
#1587 = ORIENTED_EDGE('',*,*,#1588,.T.);
#1588 = EDGE_CURVE('',#1560,#330,#1589,.T.);
#1589 = SEAM_CURVE('',#1590,(#1593,#1600),.PCURVE_S1.);
#1590 = B_SPLINE_CURVE_WITH_KNOTS('',1,(#1591,#1592),.UNSPECIFIED.,.F.,
  .F.,(2,2),(0.,1.),.PIECEWISE_BEZIER_KNOTS.);
#1591 = CARTESIAN_POINT('',(-10.24998438445,-286.65,-16.21394618881));
#1592 = CARTESIAN_POINT('',(-10.24998438445,-286.65,-15.21394618881));
#1593 = PCURVE('',#350,#1594);
#1594 = DEFINITIONAL_REPRESENTATION('',(#1595),#1599);
#1595 = LINE('',#1596,#1597);
#1596 = CARTESIAN_POINT('',(6.28318530718,0.));
#1597 = VECTOR('',#1598,1.);
#1598 = DIRECTION('',(0.,1.));
#1599 = ( GEOMETRIC_REPRESENTATION_CONTEXT(2) 
PARAMETRIC_REPRESENTATION_CONTEXT() REPRESENTATION_CONTEXT('2D SPACE',''
  ) );
#1600 = PCURVE('',#350,#1601);
#1601 = DEFINITIONAL_REPRESENTATION('',(#1602),#1606);
#1602 = LINE('',#1603,#1604);
#1603 = CARTESIAN_POINT('',(4.138911435803E-13,0.));
#1604 = VECTOR('',#1605,1.);
#1605 = DIRECTION('',(0.,1.));
#1606 = ( GEOMETRIC_REPRESENTATION_CONTEXT(2) 
PARAMETRIC_REPRESENTATION_CONTEXT() REPRESENTATION_CONTEXT('2D SPACE',''
  ) );
#1607 = ORIENTED_EDGE('',*,*,#329,.T.);
#1608 = ORIENTED_EDGE('',*,*,#1588,.F.);
#1609 = ADVANCED_FACE('',(#1610),#385,.F.);
#1610 = FACE_BOUND('',#1611,.F.);
#1611 = EDGE_LOOP('',(#1612,#1641,#1661,#1662));
#1612 = ORIENTED_EDGE('',*,*,#1613,.T.);
#1613 = EDGE_CURVE('',#1614,#1614,#1616,.T.);
#1614 = VERTEX_POINT('',#1615);
#1615 = CARTESIAN_POINT('',(3.750015615549,-286.65,-16.21394618881));
#1616 = SURFACE_CURVE('',#1617,(#1622,#1629),.PCURVE_S1.);
#1617 = CIRCLE('',#1618,3.25);
#1618 = AXIS2_PLACEMENT_3D('',#1619,#1620,#1621);
#1619 = CARTESIAN_POINT('',(7.000015615549,-286.65,-16.2139461888));
#1620 = DIRECTION('',(-5.839773109528E-13,0.,1.));
#1621 = DIRECTION('',(-1.,0.,-5.839773109528E-13));
#1622 = PCURVE('',#385,#1623);
#1623 = DEFINITIONAL_REPRESENTATION('',(#1624),#1628);
#1624 = LINE('',#1625,#1626);
#1625 = CARTESIAN_POINT('',(0.,3.552713678801E-15));
#1626 = VECTOR('',#1627,1.);
#1627 = DIRECTION('',(1.,0.));
#1628 = ( GEOMETRIC_REPRESENTATION_CONTEXT(2) 
PARAMETRIC_REPRESENTATION_CONTEXT() REPRESENTATION_CONTEXT('2D SPACE',''
  ) );
#1629 = PCURVE('',#1630,#1635);
#1630 = PLANE('',#1631);
#1631 = AXIS2_PLACEMENT_3D('',#1632,#1633,#1634);
#1632 = CARTESIAN_POINT('',(1.56155489323E-05,-293.65,-16.21394618881));
#1633 = DIRECTION('',(-5.839773109528E-13,0.,1.));
#1634 = DIRECTION('',(-1.,0.,-5.839773109528E-13));
#1635 = DEFINITIONAL_REPRESENTATION('',(#1636),#1640);
#1636 = CIRCLE('',#1637,3.25);
#1637 = AXIS2_PLACEMENT_2D('',#1638,#1639);
#1638 = CARTESIAN_POINT('',(-7.,-7.));
#1639 = DIRECTION('',(1.,0.));
#1640 = ( GEOMETRIC_REPRESENTATION_CONTEXT(2) 
PARAMETRIC_REPRESENTATION_CONTEXT() REPRESENTATION_CONTEXT('2D SPACE',''
  ) );
#1641 = ORIENTED_EDGE('',*,*,#1642,.T.);
#1642 = EDGE_CURVE('',#1614,#365,#1643,.T.);
#1643 = SEAM_CURVE('',#1644,(#1647,#1654),.PCURVE_S1.);
#1644 = B_SPLINE_CURVE_WITH_KNOTS('',1,(#1645,#1646),.UNSPECIFIED.,.F.,
  .F.,(2,2),(3.552713678801E-15,1.),.PIECEWISE_BEZIER_KNOTS.);
#1645 = CARTESIAN_POINT('',(3.750015615549,-286.65,-16.21394618881));
#1646 = CARTESIAN_POINT('',(3.750015615548,-286.65,-15.21394618881));
#1647 = PCURVE('',#385,#1648);
#1648 = DEFINITIONAL_REPRESENTATION('',(#1649),#1653);
#1649 = LINE('',#1650,#1651);
#1650 = CARTESIAN_POINT('',(6.28318530718,0.));
#1651 = VECTOR('',#1652,1.);
#1652 = DIRECTION('',(0.,1.));
#1653 = ( GEOMETRIC_REPRESENTATION_CONTEXT(2) 
PARAMETRIC_REPRESENTATION_CONTEXT() REPRESENTATION_CONTEXT('2D SPACE',''
  ) );
#1654 = PCURVE('',#385,#1655);
#1655 = DEFINITIONAL_REPRESENTATION('',(#1656),#1660);
#1656 = LINE('',#1657,#1658);
#1657 = CARTESIAN_POINT('',(4.138911435803E-13,0.));
#1658 = VECTOR('',#1659,1.);
#1659 = DIRECTION('',(0.,1.));
#1660 = ( GEOMETRIC_REPRESENTATION_CONTEXT(2) 
PARAMETRIC_REPRESENTATION_CONTEXT() REPRESENTATION_CONTEXT('2D SPACE',''
  ) );
#1661 = ORIENTED_EDGE('',*,*,#364,.T.);
#1662 = ORIENTED_EDGE('',*,*,#1642,.F.);
#1663 = ADVANCED_FACE('',(#1664),#420,.T.);
#1664 = FACE_BOUND('',#1665,.T.);
#1665 = EDGE_LOOP('',(#1666,#1691,#1712,#1713));
#1666 = ORIENTED_EDGE('',*,*,#1667,.F.);
#1667 = EDGE_CURVE('',#1668,#1670,#1672,.T.);
#1668 = VERTEX_POINT('',#1669);
#1669 = CARTESIAN_POINT('',(9.000021613966,-282.1521276409,
    -18.7139461888));
#1670 = VERTEX_POINT('',#1671);
#1671 = CARTESIAN_POINT('',(10.000021613965,-283.1521276409,
    -18.7139461888));
#1672 = SURFACE_CURVE('',#1673,(#1677,#1684),.PCURVE_S1.);
#1673 = LINE('',#1674,#1675);
#1674 = CARTESIAN_POINT('',(9.874488204124,-283.0265942311,
    -18.7139461888));
#1675 = VECTOR('',#1676,1.);
#1676 = DIRECTION('',(0.707106781187,-0.707106781187,4.129343166332E-13)
  );
#1677 = PCURVE('',#420,#1678);
#1678 = DEFINITIONAL_REPRESENTATION('',(#1679),#1683);
#1679 = LINE('',#1680,#1681);
#1680 = CARTESIAN_POINT('',(-0.5,-0.529575730487));
#1681 = VECTOR('',#1682,1.);
#1682 = DIRECTION('',(5.697469001868E-25,-1.));
#1683 = ( GEOMETRIC_REPRESENTATION_CONTEXT(2) 
PARAMETRIC_REPRESENTATION_CONTEXT() REPRESENTATION_CONTEXT('2D SPACE',''
  ) );
#1684 = PCURVE('',#1243,#1685);
#1685 = DEFINITIONAL_REPRESENTATION('',(#1686),#1690);
#1686 = LINE('',#1687,#1688);
#1687 = CARTESIAN_POINT('',(-0.288675134594,0.204124145235));
#1688 = VECTOR('',#1689,1.);
#1689 = DIRECTION('',(-0.577350269189,-0.816496580928));
#1690 = ( GEOMETRIC_REPRESENTATION_CONTEXT(2) 
PARAMETRIC_REPRESENTATION_CONTEXT() REPRESENTATION_CONTEXT('2D SPACE',''
  ) );
#1691 = ORIENTED_EDGE('',*,*,#1692,.T.);
#1692 = EDGE_CURVE('',#1668,#403,#1693,.T.);
#1693 = SURFACE_CURVE('',#1694,(#1698,#1705),.PCURVE_S1.);
#1694 = LINE('',#1695,#1696);
#1695 = CARTESIAN_POINT('',(9.000021613966,-282.1521276409,
    -19.2139461888));
#1696 = VECTOR('',#1697,1.);
#1697 = DIRECTION('',(-5.839773109528E-13,0.,1.));
#1698 = PCURVE('',#420,#1699);
#1699 = DEFINITIONAL_REPRESENTATION('',(#1700),#1704);
#1700 = LINE('',#1701,#1702);
#1701 = CARTESIAN_POINT('',(-2.919886554764E-13,0.707106781187));
#1702 = VECTOR('',#1703,1.);
#1703 = DIRECTION('',(-1.,4.493351716139E-27));
#1704 = ( GEOMETRIC_REPRESENTATION_CONTEXT(2) 
PARAMETRIC_REPRESENTATION_CONTEXT() REPRESENTATION_CONTEXT('2D SPACE',''
  ) );
#1705 = PCURVE('',#448,#1706);
#1706 = DEFINITIONAL_REPRESENTATION('',(#1707),#1711);
#1707 = LINE('',#1708,#1709);
#1708 = CARTESIAN_POINT('',(1.,5.839773109528E-13));
#1709 = VECTOR('',#1710,1.);
#1710 = DIRECTION('',(0.,1.));
#1711 = ( GEOMETRIC_REPRESENTATION_CONTEXT(2) 
PARAMETRIC_REPRESENTATION_CONTEXT() REPRESENTATION_CONTEXT('2D SPACE',''
  ) );
#1712 = ORIENTED_EDGE('',*,*,#402,.T.);
#1713 = ORIENTED_EDGE('',*,*,#1714,.T.);
#1714 = EDGE_CURVE('',#405,#1670,#1715,.T.);
#1715 = SURFACE_CURVE('',#1716,(#1720,#1727),.PCURVE_S1.);
#1716 = LINE('',#1717,#1718);
#1717 = CARTESIAN_POINT('',(10.000021613966,-283.1521276409,
    -19.2139461888));
#1718 = VECTOR('',#1719,1.);
#1719 = DIRECTION('',(5.839773109528E-13,2.855981544933E-28,-1.));
#1720 = PCURVE('',#420,#1721);
#1721 = DEFINITIONAL_REPRESENTATION('',(#1722),#1726);
#1722 = LINE('',#1723,#1724);
#1723 = CARTESIAN_POINT('',(2.919886554764E-13,-0.707106781187));
#1724 = VECTOR('',#1725,1.);
#1725 = DIRECTION('',(1.,-4.291403324402E-27));
#1726 = ( GEOMETRIC_REPRESENTATION_CONTEXT(2) 
PARAMETRIC_REPRESENTATION_CONTEXT() REPRESENTATION_CONTEXT('2D SPACE',''
  ) );
#1727 = PCURVE('',#842,#1728);
#1728 = DEFINITIONAL_REPRESENTATION('',(#1729),#1733);
#1729 = LINE('',#1730,#1731);
#1730 = CARTESIAN_POINT('',(14.8521280582,0.));
#1731 = VECTOR('',#1732,1.);
#1732 = DIRECTION('',(2.855981544933E-28,-1.));
#1733 = ( GEOMETRIC_REPRESENTATION_CONTEXT(2) 
PARAMETRIC_REPRESENTATION_CONTEXT() REPRESENTATION_CONTEXT('2D SPACE',''
  ) );
#1734 = ADVANCED_FACE('',(#1735),#448,.T.);
#1735 = FACE_BOUND('',#1736,.T.);
#1736 = EDGE_LOOP('',(#1737,#1760,#1781,#1782));
#1737 = ORIENTED_EDGE('',*,*,#1738,.F.);
#1738 = EDGE_CURVE('',#1739,#1668,#1741,.T.);
#1739 = VERTEX_POINT('',#1740);
#1740 = CARTESIAN_POINT('',(-8.999978386034,-282.1521276409,
    -18.71394618881));
#1741 = SURFACE_CURVE('',#1742,(#1746,#1753),.PCURVE_S1.);
#1742 = LINE('',#1743,#1744);
#1743 = CARTESIAN_POINT('',(5.000018614758,-282.1521276409,
    -18.7139461888));
#1744 = VECTOR('',#1745,1.);
#1745 = DIRECTION('',(1.,0.,5.839773109528E-13));
#1746 = PCURVE('',#448,#1747);
#1747 = DEFINITIONAL_REPRESENTATION('',(#1748),#1752);
#1748 = LINE('',#1749,#1750);
#1749 = CARTESIAN_POINT('',(5.000002999208,0.500000000003));
#1750 = VECTOR('',#1751,1.);
#1751 = DIRECTION('',(-1.,0.));
#1752 = ( GEOMETRIC_REPRESENTATION_CONTEXT(2) 
PARAMETRIC_REPRESENTATION_CONTEXT() REPRESENTATION_CONTEXT('2D SPACE',''
  ) );
#1753 = PCURVE('',#1271,#1754);
#1754 = DEFINITIONAL_REPRESENTATION('',(#1755),#1759);
#1755 = LINE('',#1756,#1757);
#1756 = CARTESIAN_POINT('',(-1.459943277382E-13,0.353553390593));
#1757 = VECTOR('',#1758,1.);
#1758 = DIRECTION('',(-1.,4.543838814073E-27));
#1759 = ( GEOMETRIC_REPRESENTATION_CONTEXT(2) 
PARAMETRIC_REPRESENTATION_CONTEXT() REPRESENTATION_CONTEXT('2D SPACE',''
  ) );
#1760 = ORIENTED_EDGE('',*,*,#1761,.F.);
#1761 = EDGE_CURVE('',#433,#1739,#1762,.T.);
#1762 = SURFACE_CURVE('',#1763,(#1767,#1774),.PCURVE_S1.);
#1763 = LINE('',#1764,#1765);
#1764 = CARTESIAN_POINT('',(-8.999978386034,-282.1521276409,
    -19.21394618881));
#1765 = VECTOR('',#1766,1.);
#1766 = DIRECTION('',(5.839773109528E-13,0.,-1.));
#1767 = PCURVE('',#448,#1768);
#1768 = DEFINITIONAL_REPRESENTATION('',(#1769),#1773);
#1769 = LINE('',#1770,#1771);
#1770 = CARTESIAN_POINT('',(19.,1.098232615959E-12));
#1771 = VECTOR('',#1772,1.);
#1772 = DIRECTION('',(0.,-1.));
#1773 = ( GEOMETRIC_REPRESENTATION_CONTEXT(2) 
PARAMETRIC_REPRESENTATION_CONTEXT() REPRESENTATION_CONTEXT('2D SPACE',''
  ) );
#1774 = PCURVE('',#476,#1775);
#1775 = DEFINITIONAL_REPRESENTATION('',(#1776),#1780);
#1776 = LINE('',#1777,#1778);
#1777 = CARTESIAN_POINT('',(-2.919886554764E-13,0.707106781187));
#1778 = VECTOR('',#1779,1.);
#1779 = DIRECTION('',(-1.,4.493351716139E-27));
#1780 = ( GEOMETRIC_REPRESENTATION_CONTEXT(2) 
PARAMETRIC_REPRESENTATION_CONTEXT() REPRESENTATION_CONTEXT('2D SPACE',''
  ) );
#1781 = ORIENTED_EDGE('',*,*,#432,.F.);
#1782 = ORIENTED_EDGE('',*,*,#1692,.F.);
#1783 = ADVANCED_FACE('',(#1784),#476,.T.);
#1784 = FACE_BOUND('',#1785,.T.);
#1785 = EDGE_LOOP('',(#1786,#1809,#1830,#1831));
#1786 = ORIENTED_EDGE('',*,*,#1787,.F.);
#1787 = EDGE_CURVE('',#1788,#1739,#1790,.T.);
#1788 = VERTEX_POINT('',#1789);
#1789 = CARTESIAN_POINT('',(-9.999978386034,-283.1521276409,
    -18.71394618881));
#1790 = SURFACE_CURVE('',#1791,(#1795,#1802),.PCURVE_S1.);
#1791 = LINE('',#1792,#1793);
#1792 = CARTESIAN_POINT('',(-9.874447975401,-283.0265972303,
    -18.71394618881));
#1793 = VECTOR('',#1794,1.);
#1794 = DIRECTION('',(0.707106781187,0.707106781187,4.129343166332E-13)
  );
#1795 = PCURVE('',#476,#1796);
#1796 = DEFINITIONAL_REPRESENTATION('',(#1797),#1801);
#1797 = LINE('',#1798,#1799);
#1798 = CARTESIAN_POINT('',(0.5,-0.529579972002));
#1799 = VECTOR('',#1800,1.);
#1800 = DIRECTION('',(-5.697469001868E-25,1.));
#1801 = ( GEOMETRIC_REPRESENTATION_CONTEXT(2) 
PARAMETRIC_REPRESENTATION_CONTEXT() REPRESENTATION_CONTEXT('2D SPACE',''
  ) );
#1802 = PCURVE('',#1297,#1803);
#1803 = DEFINITIONAL_REPRESENTATION('',(#1804),#1808);
#1804 = LINE('',#1805,#1806);
#1805 = CARTESIAN_POINT('',(0.288675134595,0.204124145235));
#1806 = VECTOR('',#1807,1.);
#1807 = DIRECTION('',(-0.57735026919,0.816496580928));
#1808 = ( GEOMETRIC_REPRESENTATION_CONTEXT(2) 
PARAMETRIC_REPRESENTATION_CONTEXT() REPRESENTATION_CONTEXT('2D SPACE',''
  ) );
#1809 = ORIENTED_EDGE('',*,*,#1810,.T.);
#1810 = EDGE_CURVE('',#1788,#461,#1811,.T.);
#1811 = SURFACE_CURVE('',#1812,(#1816,#1823),.PCURVE_S1.);
#1812 = LINE('',#1813,#1814);
#1813 = CARTESIAN_POINT('',(-9.999978386034,-283.1521276409,
    -19.21394618881));
#1814 = VECTOR('',#1815,1.);
#1815 = DIRECTION('',(-5.839773109528E-13,0.,1.));
#1816 = PCURVE('',#476,#1817);
#1817 = DEFINITIONAL_REPRESENTATION('',(#1818),#1822);
#1818 = LINE('',#1819,#1820);
#1819 = CARTESIAN_POINT('',(2.919886554764E-13,-0.707106781187));
#1820 = VECTOR('',#1821,1.);
#1821 = DIRECTION('',(1.,-4.493351716139E-27));
#1822 = ( GEOMETRIC_REPRESENTATION_CONTEXT(2) 
PARAMETRIC_REPRESENTATION_CONTEXT() REPRESENTATION_CONTEXT('2D SPACE',''
  ) );
#1823 = PCURVE('',#504,#1824);
#1824 = DEFINITIONAL_REPRESENTATION('',(#1825),#1829);
#1825 = LINE('',#1826,#1827);
#1826 = CARTESIAN_POINT('',(1.,0.));
#1827 = VECTOR('',#1828,1.);
#1828 = DIRECTION('',(-0.,1.));
#1829 = ( GEOMETRIC_REPRESENTATION_CONTEXT(2) 
PARAMETRIC_REPRESENTATION_CONTEXT() REPRESENTATION_CONTEXT('2D SPACE',''
  ) );
#1830 = ORIENTED_EDGE('',*,*,#460,.T.);
#1831 = ORIENTED_EDGE('',*,*,#1761,.T.);
#1832 = ADVANCED_FACE('',(#1833),#504,.T.);
#1833 = FACE_BOUND('',#1834,.T.);
#1834 = EDGE_LOOP('',(#1835,#1858,#1879,#1880));
#1835 = ORIENTED_EDGE('',*,*,#1836,.F.);
#1836 = EDGE_CURVE('',#1837,#1788,#1839,.T.);
#1837 = VERTEX_POINT('',#1838);
#1838 = CARTESIAN_POINT('',(-9.999978386034,-284.0042418873,
    -18.71394618881));
#1839 = SURFACE_CURVE('',#1840,(#1844,#1851),.PCURVE_S1.);
#1840 = LINE('',#1841,#1842);
#1841 = CARTESIAN_POINT('',(-9.999978386034,-287.9010638204,
    -18.71394618881));
#1842 = VECTOR('',#1843,1.);
#1843 = DIRECTION('',(0.,1.,0.));
#1844 = PCURVE('',#504,#1845);
#1845 = DEFINITIONAL_REPRESENTATION('',(#1846),#1850);
#1846 = LINE('',#1847,#1848);
#1847 = CARTESIAN_POINT('',(5.7489361795,0.5));
#1848 = VECTOR('',#1849,1.);
#1849 = DIRECTION('',(-1.,0.));
#1850 = ( GEOMETRIC_REPRESENTATION_CONTEXT(2) 
PARAMETRIC_REPRESENTATION_CONTEXT() REPRESENTATION_CONTEXT('2D SPACE',''
  ) );
#1851 = PCURVE('',#875,#1852);
#1852 = DEFINITIONAL_REPRESENTATION('',(#1853),#1857);
#1853 = LINE('',#1854,#1855);
#1854 = CARTESIAN_POINT('',(0.353553390593,0.));
#1855 = VECTOR('',#1856,1.);
#1856 = DIRECTION('',(0.,1.));
#1857 = ( GEOMETRIC_REPRESENTATION_CONTEXT(2) 
PARAMETRIC_REPRESENTATION_CONTEXT() REPRESENTATION_CONTEXT('2D SPACE',''
  ) );
#1858 = ORIENTED_EDGE('',*,*,#1859,.T.);
#1859 = EDGE_CURVE('',#1837,#489,#1860,.T.);
#1860 = SURFACE_CURVE('',#1861,(#1865,#1872),.PCURVE_S1.);
#1861 = LINE('',#1862,#1863);
#1862 = CARTESIAN_POINT('',(-9.999978386034,-284.0042418873,
    -19.21394618881));
#1863 = VECTOR('',#1864,1.);
#1864 = DIRECTION('',(-5.839773109528E-13,0.,1.));
#1865 = PCURVE('',#504,#1866);
#1866 = DEFINITIONAL_REPRESENTATION('',(#1867),#1871);
#1867 = LINE('',#1868,#1869);
#1868 = CARTESIAN_POINT('',(1.8521142464,0.));
#1869 = VECTOR('',#1870,1.);
#1870 = DIRECTION('',(-0.,1.));
#1871 = ( GEOMETRIC_REPRESENTATION_CONTEXT(2) 
PARAMETRIC_REPRESENTATION_CONTEXT() REPRESENTATION_CONTEXT('2D SPACE',''
  ) );
#1872 = PCURVE('',#533,#1873);
#1873 = DEFINITIONAL_REPRESENTATION('',(#1874),#1878);
#1874 = LINE('',#1875,#1876);
#1875 = CARTESIAN_POINT('',(0.,4.973799150321E-14));
#1876 = VECTOR('',#1877,1.);
#1877 = DIRECTION('',(0.,1.));
#1878 = ( GEOMETRIC_REPRESENTATION_CONTEXT(2) 
PARAMETRIC_REPRESENTATION_CONTEXT() REPRESENTATION_CONTEXT('2D SPACE',''
  ) );
#1879 = ORIENTED_EDGE('',*,*,#488,.F.);
#1880 = ORIENTED_EDGE('',*,*,#1810,.F.);
#1881 = ADVANCED_FACE('',(#1882),#533,.T.);
#1882 = FACE_BOUND('',#1883,.T.);
#1883 = EDGE_LOOP('',(#1884,#1908,#1929,#1930));
#1884 = ORIENTED_EDGE('',*,*,#1885,.F.);
#1885 = EDGE_CURVE('',#1886,#1837,#1888,.T.);
#1886 = VERTEX_POINT('',#1887);
#1887 = CARTESIAN_POINT('',(-9.999978386034,-289.2957581126,
    -18.71394618881));
#1888 = SURFACE_CURVE('',#1889,(#1894,#1901),.PCURVE_S1.);
#1889 = CIRCLE('',#1890,4.);
#1890 = AXIS2_PLACEMENT_3D('',#1891,#1892,#1893);
#1891 = CARTESIAN_POINT('',(-6.99998438445,-286.65,-18.71394618881));
#1892 = DIRECTION('',(5.839773109528E-13,0.,-1.));
#1893 = DIRECTION('',(-0.749998500396,0.661439528153,-4.3798210748E-13)
  );
#1894 = PCURVE('',#533,#1895);
#1895 = DEFINITIONAL_REPRESENTATION('',(#1896),#1900);
#1896 = LINE('',#1897,#1898);
#1897 = CARTESIAN_POINT('',(6.28318530718,0.5));
#1898 = VECTOR('',#1899,1.);
#1899 = DIRECTION('',(-1.,0.));
#1900 = ( GEOMETRIC_REPRESENTATION_CONTEXT(2) 
PARAMETRIC_REPRESENTATION_CONTEXT() REPRESENTATION_CONTEXT('2D SPACE',''
  ) );
#1901 = PCURVE('',#904,#1902);
#1902 = DEFINITIONAL_REPRESENTATION('',(#1903),#1907);
#1903 = LINE('',#1904,#1905);
#1904 = CARTESIAN_POINT('',(6.283185307179,0.25));
#1905 = VECTOR('',#1906,1.);
#1906 = DIRECTION('',(-1.,-1.194834956249E-15));
#1907 = ( GEOMETRIC_REPRESENTATION_CONTEXT(2) 
PARAMETRIC_REPRESENTATION_CONTEXT() REPRESENTATION_CONTEXT('2D SPACE',''
  ) );
#1908 = ORIENTED_EDGE('',*,*,#1909,.T.);
#1909 = EDGE_CURVE('',#1886,#517,#1910,.T.);
#1910 = SURFACE_CURVE('',#1911,(#1915,#1922),.PCURVE_S1.);
#1911 = LINE('',#1912,#1913);
#1912 = CARTESIAN_POINT('',(-9.999978386034,-289.2957581126,
    -19.21394618881));
#1913 = VECTOR('',#1914,1.);
#1914 = DIRECTION('',(-5.839773109528E-13,0.,1.));
#1915 = PCURVE('',#533,#1916);
#1916 = DEFINITIONAL_REPRESENTATION('',(#1917),#1921);
#1917 = LINE('',#1918,#1919);
#1918 = CARTESIAN_POINT('',(1.445473029997,-4.973799150321E-14));
#1919 = VECTOR('',#1920,1.);
#1920 = DIRECTION('',(2.537652627715E-16,1.));
#1921 = ( GEOMETRIC_REPRESENTATION_CONTEXT(2) 
PARAMETRIC_REPRESENTATION_CONTEXT() REPRESENTATION_CONTEXT('2D SPACE',''
  ) );
#1922 = PCURVE('',#561,#1923);
#1923 = DEFINITIONAL_REPRESENTATION('',(#1924),#1928);
#1924 = LINE('',#1925,#1926);
#1925 = CARTESIAN_POINT('',(7.1436304717,0.));
#1926 = VECTOR('',#1927,1.);
#1927 = DIRECTION('',(-0.,1.));
#1928 = ( GEOMETRIC_REPRESENTATION_CONTEXT(2) 
PARAMETRIC_REPRESENTATION_CONTEXT() REPRESENTATION_CONTEXT('2D SPACE',''
  ) );
#1929 = ORIENTED_EDGE('',*,*,#516,.F.);
#1930 = ORIENTED_EDGE('',*,*,#1859,.F.);
#1931 = ADVANCED_FACE('',(#1932),#561,.T.);
#1932 = FACE_BOUND('',#1933,.T.);
#1933 = EDGE_LOOP('',(#1934,#1957,#1978,#1979));
#1934 = ORIENTED_EDGE('',*,*,#1935,.F.);
#1935 = EDGE_CURVE('',#1936,#1886,#1938,.T.);
#1936 = VERTEX_POINT('',#1937);
#1937 = CARTESIAN_POINT('',(-9.999978386034,-298.0042418873,
    -18.71394618881));
#1938 = SURFACE_CURVE('',#1939,(#1943,#1950),.PCURVE_S1.);
#1939 = LINE('',#1940,#1941);
#1940 = CARTESIAN_POINT('',(-9.999978386034,-287.9010638204,
    -18.71394618881));
#1941 = VECTOR('',#1942,1.);
#1942 = DIRECTION('',(0.,1.,0.));
#1943 = PCURVE('',#561,#1944);
#1944 = DEFINITIONAL_REPRESENTATION('',(#1945),#1949);
#1945 = LINE('',#1946,#1947);
#1946 = CARTESIAN_POINT('',(5.7489361795,0.5));
#1947 = VECTOR('',#1948,1.);
#1948 = DIRECTION('',(-1.,0.));
#1949 = ( GEOMETRIC_REPRESENTATION_CONTEXT(2) 
PARAMETRIC_REPRESENTATION_CONTEXT() REPRESENTATION_CONTEXT('2D SPACE',''
  ) );
#1950 = PCURVE('',#932,#1951);
#1951 = DEFINITIONAL_REPRESENTATION('',(#1952),#1956);
#1952 = LINE('',#1953,#1954);
#1953 = CARTESIAN_POINT('',(0.353553390593,0.));
#1954 = VECTOR('',#1955,1.);
#1955 = DIRECTION('',(0.,1.));
#1956 = ( GEOMETRIC_REPRESENTATION_CONTEXT(2) 
PARAMETRIC_REPRESENTATION_CONTEXT() REPRESENTATION_CONTEXT('2D SPACE',''
  ) );
#1957 = ORIENTED_EDGE('',*,*,#1958,.T.);
#1958 = EDGE_CURVE('',#1936,#546,#1959,.T.);
#1959 = SURFACE_CURVE('',#1960,(#1964,#1971),.PCURVE_S1.);
#1960 = LINE('',#1961,#1962);
#1961 = CARTESIAN_POINT('',(-9.999978386034,-298.0042418873,
    -19.21394618881));
#1962 = VECTOR('',#1963,1.);
#1963 = DIRECTION('',(-5.839773109528E-13,0.,1.));
#1964 = PCURVE('',#561,#1965);
#1965 = DEFINITIONAL_REPRESENTATION('',(#1966),#1970);
#1966 = LINE('',#1967,#1968);
#1967 = CARTESIAN_POINT('',(15.8521142464,0.));
#1968 = VECTOR('',#1969,1.);
#1969 = DIRECTION('',(-0.,1.));
#1970 = ( GEOMETRIC_REPRESENTATION_CONTEXT(2) 
PARAMETRIC_REPRESENTATION_CONTEXT() REPRESENTATION_CONTEXT('2D SPACE',''
  ) );
#1971 = PCURVE('',#590,#1972);
#1972 = DEFINITIONAL_REPRESENTATION('',(#1973),#1977);
#1973 = LINE('',#1974,#1975);
#1974 = CARTESIAN_POINT('',(0.,-4.973799150321E-14));
#1975 = VECTOR('',#1976,1.);
#1976 = DIRECTION('',(0.,1.));
#1977 = ( GEOMETRIC_REPRESENTATION_CONTEXT(2) 
PARAMETRIC_REPRESENTATION_CONTEXT() REPRESENTATION_CONTEXT('2D SPACE',''
  ) );
#1978 = ORIENTED_EDGE('',*,*,#545,.F.);
#1979 = ORIENTED_EDGE('',*,*,#1909,.F.);
#1980 = ADVANCED_FACE('',(#1981),#590,.T.);
#1981 = FACE_BOUND('',#1982,.T.);
#1982 = EDGE_LOOP('',(#1983,#2007,#2028,#2029));
#1983 = ORIENTED_EDGE('',*,*,#1984,.F.);
#1984 = EDGE_CURVE('',#1985,#1936,#1987,.T.);
#1985 = VERTEX_POINT('',#1986);
#1986 = CARTESIAN_POINT('',(-9.999978386034,-303.2957581126,
    -18.71394618881));
#1987 = SURFACE_CURVE('',#1988,(#1993,#2000),.PCURVE_S1.);
#1988 = CIRCLE('',#1989,4.);
#1989 = AXIS2_PLACEMENT_3D('',#1990,#1991,#1992);
#1990 = CARTESIAN_POINT('',(-6.99998438445,-300.65,-18.71394618881));
#1991 = DIRECTION('',(5.839773109528E-13,0.,-1.));
#1992 = DIRECTION('',(-0.749998500396,0.661439528153,-4.3798210748E-13)
  );
#1993 = PCURVE('',#590,#1994);
#1994 = DEFINITIONAL_REPRESENTATION('',(#1995),#1999);
#1995 = LINE('',#1996,#1997);
#1996 = CARTESIAN_POINT('',(6.28318530718,0.5));
#1997 = VECTOR('',#1998,1.);
#1998 = DIRECTION('',(-1.,0.));
#1999 = ( GEOMETRIC_REPRESENTATION_CONTEXT(2) 
PARAMETRIC_REPRESENTATION_CONTEXT() REPRESENTATION_CONTEXT('2D SPACE',''
  ) );
#2000 = PCURVE('',#961,#2001);
#2001 = DEFINITIONAL_REPRESENTATION('',(#2002),#2006);
#2002 = LINE('',#2003,#2004);
#2003 = CARTESIAN_POINT('',(6.283185307179,0.25));
#2004 = VECTOR('',#2005,1.);
#2005 = DIRECTION('',(-1.,8.635398092893E-15));
#2006 = ( GEOMETRIC_REPRESENTATION_CONTEXT(2) 
PARAMETRIC_REPRESENTATION_CONTEXT() REPRESENTATION_CONTEXT('2D SPACE',''
  ) );
#2007 = ORIENTED_EDGE('',*,*,#2008,.T.);
#2008 = EDGE_CURVE('',#1985,#574,#2009,.T.);
#2009 = SURFACE_CURVE('',#2010,(#2014,#2021),.PCURVE_S1.);
#2010 = LINE('',#2011,#2012);
#2011 = CARTESIAN_POINT('',(-9.999978386034,-303.2957581126,
    -19.21394618881));
#2012 = VECTOR('',#2013,1.);
#2013 = DIRECTION('',(-5.839773109528E-13,0.,1.));
#2014 = PCURVE('',#590,#2015);
#2015 = DEFINITIONAL_REPRESENTATION('',(#2016),#2020);
#2016 = LINE('',#2017,#2018);
#2017 = CARTESIAN_POINT('',(1.445473029997,-4.973799150321E-14));
#2018 = VECTOR('',#2019,1.);
#2019 = DIRECTION('',(2.537652627715E-16,1.));
#2020 = ( GEOMETRIC_REPRESENTATION_CONTEXT(2) 
PARAMETRIC_REPRESENTATION_CONTEXT() REPRESENTATION_CONTEXT('2D SPACE',''
  ) );
#2021 = PCURVE('',#618,#2022);
#2022 = DEFINITIONAL_REPRESENTATION('',(#2023),#2027);
#2023 = LINE('',#2024,#2025);
#2024 = CARTESIAN_POINT('',(21.1436304717,0.));
#2025 = VECTOR('',#2026,1.);
#2026 = DIRECTION('',(-0.,1.));
#2027 = ( GEOMETRIC_REPRESENTATION_CONTEXT(2) 
PARAMETRIC_REPRESENTATION_CONTEXT() REPRESENTATION_CONTEXT('2D SPACE',''
  ) );
#2028 = ORIENTED_EDGE('',*,*,#573,.F.);
#2029 = ORIENTED_EDGE('',*,*,#1958,.F.);
#2030 = ADVANCED_FACE('',(#2031),#618,.T.);
#2031 = FACE_BOUND('',#2032,.T.);
#2032 = EDGE_LOOP('',(#2033,#2056,#2077,#2078));
#2033 = ORIENTED_EDGE('',*,*,#2034,.F.);
#2034 = EDGE_CURVE('',#2035,#1985,#2037,.T.);
#2035 = VERTEX_POINT('',#2036);
#2036 = CARTESIAN_POINT('',(-9.999978386035,-304.147872359,
    -18.71394618881));
#2037 = SURFACE_CURVE('',#2038,(#2042,#2049),.PCURVE_S1.);
#2038 = LINE('',#2039,#2040);
#2039 = CARTESIAN_POINT('',(-9.999978386034,-287.9010638204,
    -18.71394618881));
#2040 = VECTOR('',#2041,1.);
#2041 = DIRECTION('',(0.,1.,0.));
#2042 = PCURVE('',#618,#2043);
#2043 = DEFINITIONAL_REPRESENTATION('',(#2044),#2048);
#2044 = LINE('',#2045,#2046);
#2045 = CARTESIAN_POINT('',(5.7489361795,0.5));
#2046 = VECTOR('',#2047,1.);
#2047 = DIRECTION('',(-1.,0.));
#2048 = ( GEOMETRIC_REPRESENTATION_CONTEXT(2) 
PARAMETRIC_REPRESENTATION_CONTEXT() REPRESENTATION_CONTEXT('2D SPACE',''
  ) );
#2049 = PCURVE('',#989,#2050);
#2050 = DEFINITIONAL_REPRESENTATION('',(#2051),#2055);
#2051 = LINE('',#2052,#2053);
#2052 = CARTESIAN_POINT('',(0.353553390593,0.));
#2053 = VECTOR('',#2054,1.);
#2054 = DIRECTION('',(0.,1.));
#2055 = ( GEOMETRIC_REPRESENTATION_CONTEXT(2) 
PARAMETRIC_REPRESENTATION_CONTEXT() REPRESENTATION_CONTEXT('2D SPACE',''
  ) );
#2056 = ORIENTED_EDGE('',*,*,#2057,.F.);
#2057 = EDGE_CURVE('',#603,#2035,#2058,.T.);
#2058 = SURFACE_CURVE('',#2059,(#2063,#2070),.PCURVE_S1.);
#2059 = LINE('',#2060,#2061);
#2060 = CARTESIAN_POINT('',(-9.999978386034,-304.147872359,
    -19.21394618881));
#2061 = VECTOR('',#2062,1.);
#2062 = DIRECTION('',(5.839773109528E-13,-3.065105951825E-28,-1.));
#2063 = PCURVE('',#618,#2064);
#2064 = DEFINITIONAL_REPRESENTATION('',(#2065),#2069);
#2065 = LINE('',#2066,#2067);
#2066 = CARTESIAN_POINT('',(21.9957447181,0.));
#2067 = VECTOR('',#2068,1.);
#2068 = DIRECTION('',(3.065105951825E-28,-1.));
#2069 = ( GEOMETRIC_REPRESENTATION_CONTEXT(2) 
PARAMETRIC_REPRESENTATION_CONTEXT() REPRESENTATION_CONTEXT('2D SPACE',''
  ) );
#2070 = PCURVE('',#646,#2071);
#2071 = DEFINITIONAL_REPRESENTATION('',(#2072),#2076);
#2072 = LINE('',#2073,#2074);
#2073 = CARTESIAN_POINT('',(2.919886554764E-13,0.707106781187));
#2074 = VECTOR('',#2075,1.);
#2075 = DIRECTION('',(-1.,-4.442864618205E-27));
#2076 = ( GEOMETRIC_REPRESENTATION_CONTEXT(2) 
PARAMETRIC_REPRESENTATION_CONTEXT() REPRESENTATION_CONTEXT('2D SPACE',''
  ) );
#2077 = ORIENTED_EDGE('',*,*,#602,.F.);
#2078 = ORIENTED_EDGE('',*,*,#2008,.F.);
#2079 = ADVANCED_FACE('',(#2080),#646,.T.);
#2080 = FACE_BOUND('',#2081,.T.);
#2081 = EDGE_LOOP('',(#2082,#2105,#2126,#2127));
#2082 = ORIENTED_EDGE('',*,*,#2083,.F.);
#2083 = EDGE_CURVE('',#2084,#2035,#2086,.T.);
#2084 = VERTEX_POINT('',#2085);
#2085 = CARTESIAN_POINT('',(-8.999978386034,-305.147872359,
    -18.71394618881));
#2086 = SURFACE_CURVE('',#2087,(#2091,#2098),.PCURVE_S1.);
#2087 = LINE('',#2088,#2089);
#2088 = CARTESIAN_POINT('',(-9.874447975401,-304.2734027696,
    -18.71394618881));
#2089 = VECTOR('',#2090,1.);
#2090 = DIRECTION('',(-0.707106781187,0.707106781187,-4.129343166332E-13
    ));
#2091 = PCURVE('',#646,#2092);
#2092 = DEFINITIONAL_REPRESENTATION('',(#2093),#2097);
#2093 = LINE('',#2094,#2095);
#2094 = CARTESIAN_POINT('',(0.5,0.529579972002));
#2095 = VECTOR('',#2096,1.);
#2096 = DIRECTION('',(5.699993356765E-25,1.));
#2097 = ( GEOMETRIC_REPRESENTATION_CONTEXT(2) 
PARAMETRIC_REPRESENTATION_CONTEXT() REPRESENTATION_CONTEXT('2D SPACE',''
  ) );
#2098 = PCURVE('',#1017,#2099);
#2099 = DEFINITIONAL_REPRESENTATION('',(#2100),#2104);
#2100 = LINE('',#2101,#2102);
#2101 = CARTESIAN_POINT('',(0.288675134595,-0.204124145235));
#2102 = VECTOR('',#2103,1.);
#2103 = DIRECTION('',(0.57735026919,0.816496580928));
#2104 = ( GEOMETRIC_REPRESENTATION_CONTEXT(2) 
PARAMETRIC_REPRESENTATION_CONTEXT() REPRESENTATION_CONTEXT('2D SPACE',''
  ) );
#2105 = ORIENTED_EDGE('',*,*,#2106,.T.);
#2106 = EDGE_CURVE('',#2084,#631,#2107,.T.);
#2107 = SURFACE_CURVE('',#2108,(#2112,#2119),.PCURVE_S1.);
#2108 = LINE('',#2109,#2110);
#2109 = CARTESIAN_POINT('',(-8.999978386034,-305.147872359,
    -19.21394618881));
#2110 = VECTOR('',#2111,1.);
#2111 = DIRECTION('',(-5.839773109528E-13,0.,1.));
#2112 = PCURVE('',#646,#2113);
#2113 = DEFINITIONAL_REPRESENTATION('',(#2114),#2118);
#2114 = LINE('',#2115,#2116);
#2115 = CARTESIAN_POINT('',(-2.919886554764E-13,-0.707106781187));
#2116 = VECTOR('',#2117,1.);
#2117 = DIRECTION('',(1.,4.240916226468E-27));
#2118 = ( GEOMETRIC_REPRESENTATION_CONTEXT(2) 
PARAMETRIC_REPRESENTATION_CONTEXT() REPRESENTATION_CONTEXT('2D SPACE',''
  ) );
#2119 = PCURVE('',#674,#2120);
#2120 = DEFINITIONAL_REPRESENTATION('',(#2121),#2125);
#2121 = LINE('',#2122,#2123);
#2122 = CARTESIAN_POINT('',(1.,-5.839773109528E-13));
#2123 = VECTOR('',#2124,1.);
#2124 = DIRECTION('',(0.,1.));
#2125 = ( GEOMETRIC_REPRESENTATION_CONTEXT(2) 
PARAMETRIC_REPRESENTATION_CONTEXT() REPRESENTATION_CONTEXT('2D SPACE',''
  ) );
#2126 = ORIENTED_EDGE('',*,*,#630,.T.);
#2127 = ORIENTED_EDGE('',*,*,#2057,.T.);
#2128 = ADVANCED_FACE('',(#2129),#674,.T.);
#2129 = FACE_BOUND('',#2130,.T.);
#2130 = EDGE_LOOP('',(#2131,#2154,#2175,#2176));
#2131 = ORIENTED_EDGE('',*,*,#2132,.F.);
#2132 = EDGE_CURVE('',#2133,#2084,#2135,.T.);
#2133 = VERTEX_POINT('',#2134);
#2134 = CARTESIAN_POINT('',(9.000021613966,-305.147872359,-18.7139461888
    ));
#2135 = SURFACE_CURVE('',#2136,(#2140,#2147),.PCURVE_S1.);
#2136 = LINE('',#2137,#2138);
#2137 = CARTESIAN_POINT('',(-4.999981385242,-305.147872359,
    -18.71394618881));
#2138 = VECTOR('',#2139,1.);
#2139 = DIRECTION('',(-1.,0.,-5.839773109528E-13));
#2140 = PCURVE('',#674,#2141);
#2141 = DEFINITIONAL_REPRESENTATION('',(#2142),#2146);
#2142 = LINE('',#2143,#2144);
#2143 = CARTESIAN_POINT('',(4.999997000792,0.499999999997));
#2144 = VECTOR('',#2145,1.);
#2145 = DIRECTION('',(-1.,0.));
#2146 = ( GEOMETRIC_REPRESENTATION_CONTEXT(2) 
PARAMETRIC_REPRESENTATION_CONTEXT() REPRESENTATION_CONTEXT('2D SPACE',''
  ) );
#2147 = PCURVE('',#1045,#2148);
#2148 = DEFINITIONAL_REPRESENTATION('',(#2149),#2153);
#2149 = LINE('',#2150,#2151);
#2150 = CARTESIAN_POINT('',(-1.459943277382E-13,-0.353553390593));
#2151 = VECTOR('',#2152,1.);
#2152 = DIRECTION('',(1.,4.543838814073E-27));
#2153 = ( GEOMETRIC_REPRESENTATION_CONTEXT(2) 
PARAMETRIC_REPRESENTATION_CONTEXT() REPRESENTATION_CONTEXT('2D SPACE',''
  ) );
#2154 = ORIENTED_EDGE('',*,*,#2155,.F.);
#2155 = EDGE_CURVE('',#659,#2133,#2156,.T.);
#2156 = SURFACE_CURVE('',#2157,(#2161,#2168),.PCURVE_S1.);
#2157 = LINE('',#2158,#2159);
#2158 = CARTESIAN_POINT('',(9.000021613966,-305.147872359,-19.2139461888
    ));
#2159 = VECTOR('',#2160,1.);
#2160 = DIRECTION('',(5.839773109528E-13,0.,-1.));
#2161 = PCURVE('',#674,#2162);
#2162 = DEFINITIONAL_REPRESENTATION('',(#2163),#2167);
#2163 = LINE('',#2164,#2165);
#2164 = CARTESIAN_POINT('',(19.,-1.098232615959E-12));
#2165 = VECTOR('',#2166,1.);
#2166 = DIRECTION('',(0.,-1.));
#2167 = ( GEOMETRIC_REPRESENTATION_CONTEXT(2) 
PARAMETRIC_REPRESENTATION_CONTEXT() REPRESENTATION_CONTEXT('2D SPACE',''
  ) );
#2168 = PCURVE('',#702,#2169);
#2169 = DEFINITIONAL_REPRESENTATION('',(#2170),#2174);
#2170 = LINE('',#2171,#2172);
#2171 = CARTESIAN_POINT('',(-2.919886554764E-13,-0.707106781187));
#2172 = VECTOR('',#2173,1.);
#2173 = DIRECTION('',(1.,4.543838814073E-27));
#2174 = ( GEOMETRIC_REPRESENTATION_CONTEXT(2) 
PARAMETRIC_REPRESENTATION_CONTEXT() REPRESENTATION_CONTEXT('2D SPACE',''
  ) );
#2175 = ORIENTED_EDGE('',*,*,#658,.F.);
#2176 = ORIENTED_EDGE('',*,*,#2106,.F.);
#2177 = ADVANCED_FACE('',(#2178),#702,.T.);
#2178 = FACE_BOUND('',#2179,.T.);
#2179 = EDGE_LOOP('',(#2180,#2203,#2224,#2225));
#2180 = ORIENTED_EDGE('',*,*,#2181,.F.);
#2181 = EDGE_CURVE('',#2182,#2133,#2184,.T.);
#2182 = VERTEX_POINT('',#2183);
#2183 = CARTESIAN_POINT('',(10.000021613965,-304.147872359,
    -18.7139461888));
#2184 = SURFACE_CURVE('',#2185,(#2189,#2196),.PCURVE_S1.);
#2185 = LINE('',#2186,#2187);
#2186 = CARTESIAN_POINT('',(9.874488204124,-304.2734057688,
    -18.7139461888));
#2187 = VECTOR('',#2188,1.);
#2188 = DIRECTION('',(-0.707106781187,-0.707106781187,
    -4.129343166332E-13));
#2189 = PCURVE('',#702,#2190);
#2190 = DEFINITIONAL_REPRESENTATION('',(#2191),#2195);
#2191 = LINE('',#2192,#2193);
#2192 = CARTESIAN_POINT('',(-0.5,0.529575730487));
#2193 = VECTOR('',#2194,1.);
#2194 = DIRECTION('',(-5.696964130889E-25,-1.));
#2195 = ( GEOMETRIC_REPRESENTATION_CONTEXT(2) 
PARAMETRIC_REPRESENTATION_CONTEXT() REPRESENTATION_CONTEXT('2D SPACE',''
  ) );
#2196 = PCURVE('',#1073,#2197);
#2197 = DEFINITIONAL_REPRESENTATION('',(#2198),#2202);
#2198 = LINE('',#2199,#2200);
#2199 = CARTESIAN_POINT('',(-0.288675134594,-0.204124145235));
#2200 = VECTOR('',#2201,1.);
#2201 = DIRECTION('',(0.577350269189,-0.816496580928));
#2202 = ( GEOMETRIC_REPRESENTATION_CONTEXT(2) 
PARAMETRIC_REPRESENTATION_CONTEXT() REPRESENTATION_CONTEXT('2D SPACE',''
  ) );
#2203 = ORIENTED_EDGE('',*,*,#2204,.T.);
#2204 = EDGE_CURVE('',#2182,#687,#2205,.T.);
#2205 = SURFACE_CURVE('',#2206,(#2210,#2217),.PCURVE_S1.);
#2206 = LINE('',#2207,#2208);
#2207 = CARTESIAN_POINT('',(10.000021613966,-304.147872359,
    -19.2139461888));
#2208 = VECTOR('',#2209,1.);
#2209 = DIRECTION('',(-5.839773109528E-13,1.07099307935E-27,1.));
#2210 = PCURVE('',#702,#2211);
#2211 = DEFINITIONAL_REPRESENTATION('',(#2212),#2216);
#2212 = LINE('',#2213,#2214);
#2213 = CARTESIAN_POINT('',(2.919886554764E-13,0.707106781187));
#2214 = VECTOR('',#2215,1.);
#2215 = DIRECTION('',(-1.,-3.736045247127E-27));
#2216 = ( GEOMETRIC_REPRESENTATION_CONTEXT(2) 
PARAMETRIC_REPRESENTATION_CONTEXT() REPRESENTATION_CONTEXT('2D SPACE',''
  ) );
#2217 = PCURVE('',#730,#2218);
#2218 = DEFINITIONAL_REPRESENTATION('',(#2219),#2223);
#2219 = LINE('',#2220,#2221);
#2220 = CARTESIAN_POINT('',(-6.1436166599,0.));
#2221 = VECTOR('',#2222,1.);
#2222 = DIRECTION('',(1.07099307935E-27,1.));
#2223 = ( GEOMETRIC_REPRESENTATION_CONTEXT(2) 
PARAMETRIC_REPRESENTATION_CONTEXT() REPRESENTATION_CONTEXT('2D SPACE',''
  ) );
#2224 = ORIENTED_EDGE('',*,*,#686,.T.);
#2225 = ORIENTED_EDGE('',*,*,#2155,.T.);
#2226 = ADVANCED_FACE('',(#2227),#730,.T.);
#2227 = FACE_BOUND('',#2228,.T.);
#2228 = EDGE_LOOP('',(#2229,#2252,#2273,#2274));
#2229 = ORIENTED_EDGE('',*,*,#2230,.F.);
#2230 = EDGE_CURVE('',#2231,#2182,#2233,.T.);
#2231 = VERTEX_POINT('',#2232);
#2232 = CARTESIAN_POINT('',(10.000021613965,-303.2957447181,
    -18.7139461888));
#2233 = SURFACE_CURVE('',#2234,(#2238,#2245),.PCURVE_S1.);
#2234 = LINE('',#2235,#2236);
#2235 = CARTESIAN_POINT('',(10.000021613965,-299.3989361795,
    -18.7139461888));
#2236 = VECTOR('',#2237,1.);
#2237 = DIRECTION('',(0.,-1.,0.));
#2238 = PCURVE('',#730,#2239);
#2239 = DEFINITIONAL_REPRESENTATION('',(#2240),#2244);
#2240 = LINE('',#2241,#2242);
#2241 = CARTESIAN_POINT('',(-1.3946804804,0.5));
#2242 = VECTOR('',#2243,1.);
#2243 = DIRECTION('',(-1.,0.));
#2244 = ( GEOMETRIC_REPRESENTATION_CONTEXT(2) 
PARAMETRIC_REPRESENTATION_CONTEXT() REPRESENTATION_CONTEXT('2D SPACE',''
  ) );
#2245 = PCURVE('',#1101,#2246);
#2246 = DEFINITIONAL_REPRESENTATION('',(#2247),#2251);
#2247 = LINE('',#2248,#2249);
#2248 = CARTESIAN_POINT('',(-0.353553390593,0.));
#2249 = VECTOR('',#2250,1.);
#2250 = DIRECTION('',(-0.,-1.));
#2251 = ( GEOMETRIC_REPRESENTATION_CONTEXT(2) 
PARAMETRIC_REPRESENTATION_CONTEXT() REPRESENTATION_CONTEXT('2D SPACE',''
  ) );
#2252 = ORIENTED_EDGE('',*,*,#2253,.T.);
#2253 = EDGE_CURVE('',#2231,#715,#2254,.T.);
#2254 = SURFACE_CURVE('',#2255,(#2259,#2266),.PCURVE_S1.);
#2255 = LINE('',#2256,#2257);
#2256 = CARTESIAN_POINT('',(10.000021613966,-303.2957447181,
    -19.2139461888));
#2257 = VECTOR('',#2258,1.);
#2258 = DIRECTION('',(-5.839773109528E-13,0.,1.));
#2259 = PCURVE('',#730,#2260);
#2260 = DEFINITIONAL_REPRESENTATION('',(#2261),#2265);
#2261 = LINE('',#2262,#2263);
#2262 = CARTESIAN_POINT('',(-5.291489019,0.));
#2263 = VECTOR('',#2264,1.);
#2264 = DIRECTION('',(0.,1.));
#2265 = ( GEOMETRIC_REPRESENTATION_CONTEXT(2) 
PARAMETRIC_REPRESENTATION_CONTEXT() REPRESENTATION_CONTEXT('2D SPACE',''
  ) );
#2266 = PCURVE('',#759,#2267);
#2267 = DEFINITIONAL_REPRESENTATION('',(#2268),#2272);
#2268 = LINE('',#2269,#2270);
#2269 = CARTESIAN_POINT('',(0.,-4.973799150321E-14));
#2270 = VECTOR('',#2271,1.);
#2271 = DIRECTION('',(0.,1.));
#2272 = ( GEOMETRIC_REPRESENTATION_CONTEXT(2) 
PARAMETRIC_REPRESENTATION_CONTEXT() REPRESENTATION_CONTEXT('2D SPACE',''
  ) );
#2273 = ORIENTED_EDGE('',*,*,#714,.F.);
#2274 = ORIENTED_EDGE('',*,*,#2204,.F.);
#2275 = ADVANCED_FACE('',(#2276),#759,.T.);
#2276 = FACE_BOUND('',#2277,.T.);
#2277 = EDGE_LOOP('',(#2278,#2302,#2323,#2324));
#2278 = ORIENTED_EDGE('',*,*,#2279,.F.);
#2279 = EDGE_CURVE('',#2280,#2231,#2282,.T.);
#2280 = VERTEX_POINT('',#2281);
#2281 = CARTESIAN_POINT('',(10.000021613965,-298.0042556991,
    -18.7139461888));
#2282 = SURFACE_CURVE('',#2283,(#2288,#2295),.PCURVE_S1.);
#2283 = CIRCLE('',#2284,4.);
#2284 = AXIS2_PLACEMENT_3D('',#2285,#2286,#2287);
#2285 = CARTESIAN_POINT('',(7.00001561555,-300.6500002086,-18.7139461888
    ));
#2286 = DIRECTION('',(5.839773109528E-13,0.,-1.));
#2287 = DIRECTION('',(0.750001499604,-0.661436127371,4.379838589494E-13)
  );
#2288 = PCURVE('',#759,#2289);
#2289 = DEFINITIONAL_REPRESENTATION('',(#2290),#2294);
#2290 = LINE('',#2291,#2292);
#2291 = CARTESIAN_POINT('',(6.28318530718,0.5));
#2292 = VECTOR('',#2293,1.);
#2293 = DIRECTION('',(-1.,0.));
#2294 = ( GEOMETRIC_REPRESENTATION_CONTEXT(2) 
PARAMETRIC_REPRESENTATION_CONTEXT() REPRESENTATION_CONTEXT('2D SPACE',''
  ) );
#2295 = PCURVE('',#1130,#2296);
#2296 = DEFINITIONAL_REPRESENTATION('',(#2297),#2301);
#2297 = LINE('',#2298,#2299);
#2298 = CARTESIAN_POINT('',(6.28318530718,0.25));
#2299 = VECTOR('',#2300,1.);
#2300 = DIRECTION('',(-1.,-7.82078696225E-15));
#2301 = ( GEOMETRIC_REPRESENTATION_CONTEXT(2) 
PARAMETRIC_REPRESENTATION_CONTEXT() REPRESENTATION_CONTEXT('2D SPACE',''
  ) );
#2302 = ORIENTED_EDGE('',*,*,#2303,.T.);
#2303 = EDGE_CURVE('',#2280,#743,#2304,.T.);
#2304 = SURFACE_CURVE('',#2305,(#2309,#2316),.PCURVE_S1.);
#2305 = LINE('',#2306,#2307);
#2306 = CARTESIAN_POINT('',(10.000021613966,-298.0042556991,
    -19.2139461888));
#2307 = VECTOR('',#2308,1.);
#2308 = DIRECTION('',(-5.839773109528E-13,0.,1.));
#2309 = PCURVE('',#759,#2310);
#2310 = DEFINITIONAL_REPRESENTATION('',(#2311),#2315);
#2311 = LINE('',#2312,#2313);
#2312 = CARTESIAN_POINT('',(1.445463961245,4.973799150321E-14));
#2313 = VECTOR('',#2314,1.);
#2314 = DIRECTION('',(-2.537652627715E-16,1.));
#2315 = ( GEOMETRIC_REPRESENTATION_CONTEXT(2) 
PARAMETRIC_REPRESENTATION_CONTEXT() REPRESENTATION_CONTEXT('2D SPACE',''
  ) );
#2316 = PCURVE('',#787,#2317);
#2317 = DEFINITIONAL_REPRESENTATION('',(#2318),#2322);
#2318 = LINE('',#2319,#2320);
#2319 = CARTESIAN_POINT('',(0.,0.));
#2320 = VECTOR('',#2321,1.);
#2321 = DIRECTION('',(0.,1.));
#2322 = ( GEOMETRIC_REPRESENTATION_CONTEXT(2) 
PARAMETRIC_REPRESENTATION_CONTEXT() REPRESENTATION_CONTEXT('2D SPACE',''
  ) );
#2323 = ORIENTED_EDGE('',*,*,#742,.F.);
#2324 = ORIENTED_EDGE('',*,*,#2253,.F.);
#2325 = ADVANCED_FACE('',(#2326),#787,.T.);
#2326 = FACE_BOUND('',#2327,.T.);
#2327 = EDGE_LOOP('',(#2328,#2351,#2372,#2373));
#2328 = ORIENTED_EDGE('',*,*,#2329,.F.);
#2329 = EDGE_CURVE('',#2330,#2280,#2332,.T.);
#2330 = VERTEX_POINT('',#2331);
#2331 = CARTESIAN_POINT('',(10.000021613965,-289.2957445094,
    -18.7139461888));
#2332 = SURFACE_CURVE('',#2333,(#2337,#2344),.PCURVE_S1.);
#2333 = LINE('',#2334,#2335);
#2334 = CARTESIAN_POINT('',(10.000021613965,-299.3989361795,
    -18.7139461888));
#2335 = VECTOR('',#2336,1.);
#2336 = DIRECTION('',(0.,-1.,0.));
#2337 = PCURVE('',#787,#2338);
#2338 = DEFINITIONAL_REPRESENTATION('',(#2339),#2343);
#2339 = LINE('',#2340,#2341);
#2340 = CARTESIAN_POINT('',(-1.3946804804,0.5));
#2341 = VECTOR('',#2342,1.);
#2342 = DIRECTION('',(-1.,0.));
#2343 = ( GEOMETRIC_REPRESENTATION_CONTEXT(2) 
PARAMETRIC_REPRESENTATION_CONTEXT() REPRESENTATION_CONTEXT('2D SPACE',''
  ) );
#2344 = PCURVE('',#1158,#2345);
#2345 = DEFINITIONAL_REPRESENTATION('',(#2346),#2350);
#2346 = LINE('',#2347,#2348);
#2347 = CARTESIAN_POINT('',(-0.353553390593,0.));
#2348 = VECTOR('',#2349,1.);
#2349 = DIRECTION('',(-0.,-1.));
#2350 = ( GEOMETRIC_REPRESENTATION_CONTEXT(2) 
PARAMETRIC_REPRESENTATION_CONTEXT() REPRESENTATION_CONTEXT('2D SPACE',''
  ) );
#2351 = ORIENTED_EDGE('',*,*,#2352,.T.);
#2352 = EDGE_CURVE('',#2330,#772,#2353,.T.);
#2353 = SURFACE_CURVE('',#2354,(#2358,#2365),.PCURVE_S1.);
#2354 = LINE('',#2355,#2356);
#2355 = CARTESIAN_POINT('',(10.000021613966,-289.2957445094,
    -19.2139461888));
#2356 = VECTOR('',#2357,1.);
#2357 = DIRECTION('',(-5.839773109528E-13,0.,1.));
#2358 = PCURVE('',#787,#2359);
#2359 = DEFINITIONAL_REPRESENTATION('',(#2360),#2364);
#2360 = LINE('',#2361,#2362);
#2361 = CARTESIAN_POINT('',(8.7085111897,0.));
#2362 = VECTOR('',#2363,1.);
#2363 = DIRECTION('',(0.,1.));
#2364 = ( GEOMETRIC_REPRESENTATION_CONTEXT(2) 
PARAMETRIC_REPRESENTATION_CONTEXT() REPRESENTATION_CONTEXT('2D SPACE',''
  ) );
#2365 = PCURVE('',#816,#2366);
#2366 = DEFINITIONAL_REPRESENTATION('',(#2367),#2371);
#2367 = LINE('',#2368,#2369);
#2368 = CARTESIAN_POINT('',(0.,4.973799150321E-14));
#2369 = VECTOR('',#2370,1.);
#2370 = DIRECTION('',(0.,1.));
#2371 = ( GEOMETRIC_REPRESENTATION_CONTEXT(2) 
PARAMETRIC_REPRESENTATION_CONTEXT() REPRESENTATION_CONTEXT('2D SPACE',''
  ) );
#2372 = ORIENTED_EDGE('',*,*,#771,.F.);
#2373 = ORIENTED_EDGE('',*,*,#2303,.F.);
#2374 = ADVANCED_FACE('',(#2375),#816,.T.);
#2375 = FACE_BOUND('',#2376,.T.);
#2376 = EDGE_LOOP('',(#2377,#2401,#2422,#2423));
#2377 = ORIENTED_EDGE('',*,*,#2378,.F.);
#2378 = EDGE_CURVE('',#2379,#2330,#2381,.T.);
#2379 = VERTEX_POINT('',#2380);
#2380 = CARTESIAN_POINT('',(10.000021613965,-284.0042554905,
    -18.7139461888));
#2381 = SURFACE_CURVE('',#2382,(#2387,#2394),.PCURVE_S1.);
#2382 = CIRCLE('',#2383,4.);
#2383 = AXIS2_PLACEMENT_3D('',#2384,#2385,#2386);
#2384 = CARTESIAN_POINT('',(7.00001561555,-286.65,-18.7139461888));
#2385 = DIRECTION('',(5.839773109528E-13,0.,-1.));
#2386 = DIRECTION('',(0.750001499604,-0.661436127371,4.379838589494E-13)
  );
#2387 = PCURVE('',#816,#2388);
#2388 = DEFINITIONAL_REPRESENTATION('',(#2389),#2393);
#2389 = LINE('',#2390,#2391);
#2390 = CARTESIAN_POINT('',(6.28318530718,0.5));
#2391 = VECTOR('',#2392,1.);
#2392 = DIRECTION('',(-1.,0.));
#2393 = ( GEOMETRIC_REPRESENTATION_CONTEXT(2) 
PARAMETRIC_REPRESENTATION_CONTEXT() REPRESENTATION_CONTEXT('2D SPACE',''
  ) );
#2394 = PCURVE('',#1187,#2395);
#2395 = DEFINITIONAL_REPRESENTATION('',(#2396),#2400);
#2396 = LINE('',#2397,#2398);
#2397 = CARTESIAN_POINT('',(6.28318530718,0.25));
#2398 = VECTOR('',#2399,1.);
#2399 = DIRECTION('',(-1.,-6.598788999398E-15));
#2400 = ( GEOMETRIC_REPRESENTATION_CONTEXT(2) 
PARAMETRIC_REPRESENTATION_CONTEXT() REPRESENTATION_CONTEXT('2D SPACE',''
  ) );
#2401 = ORIENTED_EDGE('',*,*,#2402,.T.);
#2402 = EDGE_CURVE('',#2379,#800,#2403,.T.);
#2403 = SURFACE_CURVE('',#2404,(#2408,#2415),.PCURVE_S1.);
#2404 = LINE('',#2405,#2406);
#2405 = CARTESIAN_POINT('',(10.000021613966,-284.0042554905,
    -19.2139461888));
#2406 = VECTOR('',#2407,1.);
#2407 = DIRECTION('',(-5.839773109528E-13,0.,1.));
#2408 = PCURVE('',#816,#2409);
#2409 = DEFINITIONAL_REPRESENTATION('',(#2410),#2414);
#2410 = LINE('',#2411,#2412);
#2411 = CARTESIAN_POINT('',(1.445463961245,-4.973799150321E-14));
#2412 = VECTOR('',#2413,1.);
#2413 = DIRECTION('',(-2.537652627715E-16,1.));
#2414 = ( GEOMETRIC_REPRESENTATION_CONTEXT(2) 
PARAMETRIC_REPRESENTATION_CONTEXT() REPRESENTATION_CONTEXT('2D SPACE',''
  ) );
#2415 = PCURVE('',#842,#2416);
#2416 = DEFINITIONAL_REPRESENTATION('',(#2417),#2421);
#2417 = LINE('',#2418,#2419);
#2418 = CARTESIAN_POINT('',(14.0000002086,0.));
#2419 = VECTOR('',#2420,1.);
#2420 = DIRECTION('',(0.,1.));
#2421 = ( GEOMETRIC_REPRESENTATION_CONTEXT(2) 
PARAMETRIC_REPRESENTATION_CONTEXT() REPRESENTATION_CONTEXT('2D SPACE',''
  ) );
#2422 = ORIENTED_EDGE('',*,*,#799,.F.);
#2423 = ORIENTED_EDGE('',*,*,#2352,.F.);
#2424 = ADVANCED_FACE('',(#2425),#842,.T.);
#2425 = FACE_BOUND('',#2426,.T.);
#2426 = EDGE_LOOP('',(#2427,#2448,#2449,#2450));
#2427 = ORIENTED_EDGE('',*,*,#2428,.F.);
#2428 = EDGE_CURVE('',#1670,#2379,#2429,.T.);
#2429 = SURFACE_CURVE('',#2430,(#2434,#2441),.PCURVE_S1.);
#2430 = LINE('',#2431,#2432);
#2431 = CARTESIAN_POINT('',(10.000021613965,-299.3989361795,
    -18.7139461888));
#2432 = VECTOR('',#2433,1.);
#2433 = DIRECTION('',(0.,-1.,0.));
#2434 = PCURVE('',#842,#2435);
#2435 = DEFINITIONAL_REPRESENTATION('',(#2436),#2440);
#2436 = LINE('',#2437,#2438);
#2437 = CARTESIAN_POINT('',(-1.3946804804,0.5));
#2438 = VECTOR('',#2439,1.);
#2439 = DIRECTION('',(-1.,0.));
#2440 = ( GEOMETRIC_REPRESENTATION_CONTEXT(2) 
PARAMETRIC_REPRESENTATION_CONTEXT() REPRESENTATION_CONTEXT('2D SPACE',''
  ) );
#2441 = PCURVE('',#1215,#2442);
#2442 = DEFINITIONAL_REPRESENTATION('',(#2443),#2447);
#2443 = LINE('',#2444,#2445);
#2444 = CARTESIAN_POINT('',(-0.353553390593,0.));
#2445 = VECTOR('',#2446,1.);
#2446 = DIRECTION('',(-0.,-1.));
#2447 = ( GEOMETRIC_REPRESENTATION_CONTEXT(2) 
PARAMETRIC_REPRESENTATION_CONTEXT() REPRESENTATION_CONTEXT('2D SPACE',''
  ) );
#2448 = ORIENTED_EDGE('',*,*,#1714,.F.);
#2449 = ORIENTED_EDGE('',*,*,#828,.F.);
#2450 = ORIENTED_EDGE('',*,*,#2402,.F.);
#2451 = ADVANCED_FACE('',(#2452),#875,.T.);
#2452 = FACE_BOUND('',#2453,.T.);
#2453 = EDGE_LOOP('',(#2454,#2455,#2476,#2477));
#2454 = ORIENTED_EDGE('',*,*,#1836,.T.);
#2455 = ORIENTED_EDGE('',*,*,#2456,.T.);
#2456 = EDGE_CURVE('',#1788,#858,#2457,.T.);
#2457 = SURFACE_CURVE('',#2458,(#2462,#2469),.PCURVE_S1.);
#2458 = LINE('',#2459,#2460);
#2459 = CARTESIAN_POINT('',(-9.999978386034,-283.1521276409,
    -18.71394618881));
#2460 = VECTOR('',#2461,1.);
#2461 = DIRECTION('',(0.678598344546,-0.281084637715,-0.678598344545));
#2462 = PCURVE('',#875,#2463);
#2463 = DEFINITIONAL_REPRESENTATION('',(#2464),#2468);
#2464 = LINE('',#2465,#2466);
#2465 = CARTESIAN_POINT('',(0.353553390593,4.7489361795));
#2466 = VECTOR('',#2467,1.);
#2467 = DIRECTION('',(-0.959682982261,-0.281084637715));
#2468 = ( GEOMETRIC_REPRESENTATION_CONTEXT(2) 
PARAMETRIC_REPRESENTATION_CONTEXT() REPRESENTATION_CONTEXT('2D SPACE',''
  ) );
#2469 = PCURVE('',#1297,#2470);
#2470 = DEFINITIONAL_REPRESENTATION('',(#2471),#2475);
#2471 = LINE('',#2472,#2473);
#2472 = CARTESIAN_POINT('',(0.391170285679,5.91741125226E-02));
#2473 = VECTOR('',#2474,1.);
#2474 = DIRECTION('',(-0.94586216504,-0.3245685825));
#2475 = ( GEOMETRIC_REPRESENTATION_CONTEXT(2) 
PARAMETRIC_REPRESENTATION_CONTEXT() REPRESENTATION_CONTEXT('2D SPACE',''
  ) );
#2476 = ORIENTED_EDGE('',*,*,#857,.T.);
#2477 = ORIENTED_EDGE('',*,*,#2478,.T.);
#2478 = EDGE_CURVE('',#860,#1837,#2479,.T.);
#2479 = SURFACE_CURVE('',#2480,(#2485,#2493),.PCURVE_S1.);
#2480 = B_SPLINE_CURVE_WITH_KNOTS('',3,(#2481,#2482,#2483,#2484),
  .UNSPECIFIED.,.F.,.F.,(4,4),(-7.32684891615E-02,0.),
  .PIECEWISE_BEZIER_KNOTS.);
#2481 = CARTESIAN_POINT('',(-9.499978386034,-284.2005041351,
    -19.21394618881));
#2482 = CARTESIAN_POINT('',(-9.665904318619,-284.1327649197,
    -19.04802025623));
#2483 = CARTESIAN_POINT('',(-9.833138735018,-284.0673015643,
    -18.88078583983));
#2484 = CARTESIAN_POINT('',(-9.999978386034,-284.0042418873,
    -18.71394618881));
#2485 = PCURVE('',#875,#2486);
#2486 = DEFINITIONAL_REPRESENTATION('',(#2487),#2492);
#2487 = B_SPLINE_CURVE_WITH_KNOTS('',3,(#2488,#2489,#2490,#2491),
  .UNSPECIFIED.,.F.,.F.,(4,4),(-7.32684891615E-02,0.),
  .PIECEWISE_BEZIER_KNOTS.);
#2488 = CARTESIAN_POINT('',(-0.353553390593,3.7005596853));
#2489 = CARTESIAN_POINT('',(-0.118898686386,3.7682989007));
#2490 = CARTESIAN_POINT('',(0.117606493382,3.8337622561));
#2491 = CARTESIAN_POINT('',(0.353553390593,3.8968219331));
#2492 = ( GEOMETRIC_REPRESENTATION_CONTEXT(2) 
PARAMETRIC_REPRESENTATION_CONTEXT() REPRESENTATION_CONTEXT('2D SPACE',''
  ) );
#2493 = PCURVE('',#904,#2494);
#2494 = DEFINITIONAL_REPRESENTATION('',(#2495),#2521);
#2495 = B_SPLINE_CURVE_WITH_KNOTS('',3,(#2496,#2497,#2498,#2499,#2500,
    #2501,#2502,#2503,#2504,#2505,#2506,#2507,#2508,#2509,#2510,#2511,
    #2512,#2513,#2514,#2515,#2516,#2517,#2518,#2519,#2520),
  .UNSPECIFIED.,.F.,.F.,(4,1,1,1,1,1,1,1,1,1,1,1,1,1,1,1,1,1,1,1,1,1,4),
  (-7.32684891615E-02,-6.993810329052E-02,-6.660771741955E-02,
    -6.327733154857E-02,-5.994694567759E-02,-5.661655980661E-02,
    -5.328617393564E-02,-4.995578806466E-02,-4.662540219368E-02,
    -4.32950163227E-02,-3.996463045173E-02,-3.663424458075E-02,
    -3.330385870977E-02,-2.99734728388E-02,-2.664308696782E-02,
    -2.331270109684E-02,-1.998231522586E-02,-1.665192935489E-02,
    -1.332154348391E-02,-9.991157612932E-03,-6.660771741955E-03,
    -3.330385870977E-03,0.),.UNSPECIFIED.);
#2496 = CARTESIAN_POINT('',(-5.245930715151E-02,-0.25));
#2497 = CARTESIAN_POINT('',(-5.157957745165E-02,-0.242457912159));
#2498 = CARTESIAN_POINT('',(-4.982849050916E-02,-0.227368329682));
#2499 = CARTESIAN_POINT('',(-4.722669290669E-02,-0.204718695181));
#2500 = CARTESIAN_POINT('',(-4.464944183254E-02,-0.182054759476));
#2501 = CARTESIAN_POINT('',(-4.209645703259E-02,-0.159377482201));
#2502 = CARTESIAN_POINT('',(-3.956746211187E-02,-0.136687823018));
#2503 = CARTESIAN_POINT('',(-3.706218502473E-02,-0.113986741617));
#2504 = CARTESIAN_POINT('',(-3.45803578537E-02,-9.127519771611E-02));
#2505 = CARTESIAN_POINT('',(-3.212171678113E-02,-6.855415105226E-02));
#2506 = CARTESIAN_POINT('',(-2.968600201009E-02,-4.58245613814E-02));
#2507 = CARTESIAN_POINT('',(-2.727295770108E-02,-2.308738847386E-02));
#2508 = CARTESIAN_POINT('',(-2.488233190534E-02,-3.43592111712E-04));
#2509 = CARTESIAN_POINT('',(-2.251387650136E-02,2.240586791503E-02));
#2510 = CARTESIAN_POINT('',(-2.016734713119E-02,4.516003181065E-02));
#2511 = CARTESIAN_POINT('',(-1.784250313904E-02,6.791793977706E-02));
#2512 = CARTESIAN_POINT('',(-1.553910751011E-02,9.067863201683E-02));
#2513 = CARTESIAN_POINT('',(-1.325692681143E-02,0.113441148735));
#2514 = CARTESIAN_POINT('',(-1.099573113127E-02,0.136204530143));
#2515 = CARTESIAN_POINT('',(-8.755294029377E-03,0.158967816461));
#2516 = CARTESIAN_POINT('',(-6.535392451324E-03,0.181730047917));
#2517 = CARTESIAN_POINT('',(-4.335806782016E-03,0.204490264756));
#2518 = CARTESIAN_POINT('',(-2.156320384836E-03,0.227247507234));
#2519 = CARTESIAN_POINT('',(-7.165875046455E-04,0.242416379501));
#2520 = CARTESIAN_POINT('',(0.,0.25));
#2521 = ( GEOMETRIC_REPRESENTATION_CONTEXT(2) 
PARAMETRIC_REPRESENTATION_CONTEXT() REPRESENTATION_CONTEXT('2D SPACE',''
  ) );
#2522 = ADVANCED_FACE('',(#2523),#1297,.T.);
#2523 = FACE_BOUND('',#2524,.T.);
#2524 = EDGE_LOOP('',(#2525,#2526,#2547,#2548));
#2525 = ORIENTED_EDGE('',*,*,#1787,.T.);
#2526 = ORIENTED_EDGE('',*,*,#2527,.F.);
#2527 = EDGE_CURVE('',#1256,#1739,#2528,.T.);
#2528 = SURFACE_CURVE('',#2529,(#2533,#2540),.PCURVE_S1.);
#2529 = LINE('',#2530,#2531);
#2530 = CARTESIAN_POINT('',(-8.792871604848,-282.6521276409,
    -19.21394618881));
#2531 = VECTOR('',#2532,1.);
#2532 = DIRECTION('',(-0.281084637715,0.678598344546,0.678598344546));
#2533 = PCURVE('',#1297,#2534);
#2534 = DEFINITIONAL_REPRESENTATION('',(#2535),#2539);
#2535 = LINE('',#2536,#2537);
#2536 = CARTESIAN_POINT('',(-0.883103408569,0.636524381711));
#2537 = VECTOR('',#2538,1.);
#2538 = DIRECTION('',(0.62129358254,0.783577873791));
#2539 = ( GEOMETRIC_REPRESENTATION_CONTEXT(2) 
PARAMETRIC_REPRESENTATION_CONTEXT() REPRESENTATION_CONTEXT('2D SPACE',''
  ) );
#2540 = PCURVE('',#1271,#2541);
#2541 = DEFINITIONAL_REPRESENTATION('',(#2542),#2546);
#2542 = LINE('',#2543,#2544);
#2543 = CARTESIAN_POINT('',(13.792890219606,-0.353553390595));
#2544 = VECTOR('',#2545,1.);
#2545 = DIRECTION('',(0.281084637715,0.959682982261));
#2546 = ( GEOMETRIC_REPRESENTATION_CONTEXT(2) 
PARAMETRIC_REPRESENTATION_CONTEXT() REPRESENTATION_CONTEXT('2D SPACE',''
  ) );
#2547 = ORIENTED_EDGE('',*,*,#1283,.T.);
#2548 = ORIENTED_EDGE('',*,*,#2456,.F.);
#2549 = ADVANCED_FACE('',(#2550),#904,.T.);
#2550 = FACE_BOUND('',#2551,.T.);
#2551 = EDGE_LOOP('',(#2552,#2553,#2554,#2555));
#2552 = ORIENTED_EDGE('',*,*,#1885,.T.);
#2553 = ORIENTED_EDGE('',*,*,#2478,.F.);
#2554 = ORIENTED_EDGE('',*,*,#887,.T.);
#2555 = ORIENTED_EDGE('',*,*,#2556,.T.);
#2556 = EDGE_CURVE('',#888,#1886,#2557,.T.);
#2557 = SURFACE_CURVE('',#2558,(#2563,#2592),.PCURVE_S1.);
#2558 = B_SPLINE_CURVE_WITH_KNOTS('',3,(#2559,#2560,#2561,#2562),
  .UNSPECIFIED.,.F.,.F.,(4,4),(-7.326848916254E-02,0.),
  .PIECEWISE_BEZIER_KNOTS.);
#2559 = CARTESIAN_POINT('',(-9.499978386034,-289.0994958648,
    -19.21394618881));
#2560 = CARTESIAN_POINT('',(-9.665904318618,-289.1672350802,
    -19.04802025623));
#2561 = CARTESIAN_POINT('',(-9.833138735016,-289.2326984356,
    -18.88078583983));
#2562 = CARTESIAN_POINT('',(-9.999978386034,-289.2957581126,
    -18.71394618881));
#2563 = PCURVE('',#904,#2564);
#2564 = DEFINITIONAL_REPRESENTATION('',(#2565),#2591);
#2565 = B_SPLINE_CURVE_WITH_KNOTS('',3,(#2566,#2567,#2568,#2569,#2570,
    #2571,#2572,#2573,#2574,#2575,#2576,#2577,#2578,#2579,#2580,#2581,
    #2582,#2583,#2584,#2585,#2586,#2587,#2588,#2589,#2590),
  .UNSPECIFIED.,.F.,.F.,(4,1,1,1,1,1,1,1,1,1,1,1,1,1,1,1,1,1,1,1,1,1,4),
  (-7.326848916254E-02,-6.993810329152E-02,-6.660771742049E-02,
    -6.327733154947E-02,-5.994694567845E-02,-5.661655980742E-02,
    -5.32861739364E-02,-4.995578806537E-02,-4.662540219435E-02,
    -4.329501632332E-02,-3.99646304523E-02,-3.663424458127E-02,
    -3.330385871025E-02,-2.997347283922E-02,-2.66430869682E-02,
    -2.331270109717E-02,-1.998231522615E-02,-1.665192935512E-02,
    -1.33215434841E-02,-9.991157613074E-03,-6.660771742049E-03,
    -3.330385871025E-03,0.),.UNSPECIFIED.);
#2566 = CARTESIAN_POINT('',(1.497932337149,-0.25));
#2567 = CARTESIAN_POINT('',(1.497052607449,-0.242457912158));
#2568 = CARTESIAN_POINT('',(1.495301520506,-0.227368329681));
#2569 = CARTESIAN_POINT('',(1.492699722904,-0.20471869518));
#2570 = CARTESIAN_POINT('',(1.49012247183,-0.182054759476));
#2571 = CARTESIAN_POINT('',(1.48756948703,-0.159377482201));
#2572 = CARTESIAN_POINT('',(1.485040492109,-0.136687823018));
#2573 = CARTESIAN_POINT('',(1.482535215022,-0.113986741618));
#2574 = CARTESIAN_POINT('',(1.480053387851,-9.127519771661E-02));
#2575 = CARTESIAN_POINT('',(1.477594746778,-6.855415105282E-02));
#2576 = CARTESIAN_POINT('',(1.475159032007,-4.582456138207E-02));
#2577 = CARTESIAN_POINT('',(1.472745987698,-2.308738847469E-02));
#2578 = CARTESIAN_POINT('',(1.470355361902,-3.435921125602E-04));
#2579 = CARTESIAN_POINT('',(1.467986906498,2.240586791408E-02));
#2580 = CARTESIAN_POINT('',(1.465640377128,4.516003180958E-02));
#2581 = CARTESIAN_POINT('',(1.463315533136,6.791793977617E-02));
#2582 = CARTESIAN_POINT('',(1.461012137507,9.067863201589E-02));
#2583 = CARTESIAN_POINT('',(1.458729956808,0.113441148734));
#2584 = CARTESIAN_POINT('',(1.456468761128,0.136204530143));
#2585 = CARTESIAN_POINT('',(1.454228324026,0.15896781646));
#2586 = CARTESIAN_POINT('',(1.452008422448,0.181730047917));
#2587 = CARTESIAN_POINT('',(1.449808836779,0.204490264756));
#2588 = CARTESIAN_POINT('',(1.447629350382,0.227247507234));
#2589 = CARTESIAN_POINT('',(1.446189617501,0.242416379501));
#2590 = CARTESIAN_POINT('',(1.445473029997,0.25));
#2591 = ( GEOMETRIC_REPRESENTATION_CONTEXT(2) 
PARAMETRIC_REPRESENTATION_CONTEXT() REPRESENTATION_CONTEXT('2D SPACE',''
  ) );
#2592 = PCURVE('',#932,#2593);
#2593 = DEFINITIONAL_REPRESENTATION('',(#2594),#2599);
#2594 = B_SPLINE_CURVE_WITH_KNOTS('',3,(#2595,#2596,#2597,#2598),
  .UNSPECIFIED.,.F.,.F.,(4,4),(-7.326848916254E-02,0.),
  .PIECEWISE_BEZIER_KNOTS.);
#2595 = CARTESIAN_POINT('',(-0.353553390593,-1.1984320444));
#2596 = CARTESIAN_POINT('',(-0.118898686386,-1.2661712598));
#2597 = CARTESIAN_POINT('',(0.117606493381,-1.3316346152));
#2598 = CARTESIAN_POINT('',(0.353553390593,-1.3946942922));
#2599 = ( GEOMETRIC_REPRESENTATION_CONTEXT(2) 
PARAMETRIC_REPRESENTATION_CONTEXT() REPRESENTATION_CONTEXT('2D SPACE',''
  ) );
#2600 = ADVANCED_FACE('',(#2601),#1271,.T.);
#2601 = FACE_BOUND('',#2602,.T.);
#2602 = EDGE_LOOP('',(#2603,#2604,#2625,#2626));
#2603 = ORIENTED_EDGE('',*,*,#1738,.T.);
#2604 = ORIENTED_EDGE('',*,*,#2605,.F.);
#2605 = EDGE_CURVE('',#1228,#1668,#2606,.T.);
#2606 = SURFACE_CURVE('',#2607,(#2611,#2618),.PCURVE_S1.);
#2607 = LINE('',#2608,#2609);
#2608 = CARTESIAN_POINT('',(8.792914832779,-282.6521276409,
    -19.2139461888));
#2609 = VECTOR('',#2610,1.);
#2610 = DIRECTION('',(0.281084637714,0.678598344546,0.678598344546));
#2611 = PCURVE('',#1271,#2612);
#2612 = DEFINITIONAL_REPRESENTATION('',(#2613),#2617);
#2613 = LINE('',#2614,#2615);
#2614 = CARTESIAN_POINT('',(-3.792896218021,-0.353553390595));
#2615 = VECTOR('',#2616,1.);
#2616 = DIRECTION('',(-0.281084637714,0.959682982261));
#2617 = ( GEOMETRIC_REPRESENTATION_CONTEXT(2) 
PARAMETRIC_REPRESENTATION_CONTEXT() REPRESENTATION_CONTEXT('2D SPACE',''
  ) );
#2618 = PCURVE('',#1243,#2619);
#2619 = DEFINITIONAL_REPRESENTATION('',(#2620),#2624);
#2620 = LINE('',#2621,#2622);
#2621 = CARTESIAN_POINT('',(0.883100959726,0.636520918532));
#2622 = VECTOR('',#2623,1.);
#2623 = DIRECTION('',(-0.62129358254,0.78357787379));
#2624 = ( GEOMETRIC_REPRESENTATION_CONTEXT(2) 
PARAMETRIC_REPRESENTATION_CONTEXT() REPRESENTATION_CONTEXT('2D SPACE',''
  ) );
#2625 = ORIENTED_EDGE('',*,*,#1255,.T.);
#2626 = ORIENTED_EDGE('',*,*,#2527,.T.);
#2627 = ADVANCED_FACE('',(#2628),#932,.T.);
#2628 = FACE_BOUND('',#2629,.T.);
#2629 = EDGE_LOOP('',(#2630,#2631,#2632,#2633));
#2630 = ORIENTED_EDGE('',*,*,#1935,.T.);
#2631 = ORIENTED_EDGE('',*,*,#2556,.F.);
#2632 = ORIENTED_EDGE('',*,*,#916,.T.);
#2633 = ORIENTED_EDGE('',*,*,#2634,.T.);
#2634 = EDGE_CURVE('',#917,#1936,#2635,.T.);
#2635 = SURFACE_CURVE('',#2636,(#2641,#2649),.PCURVE_S1.);
#2636 = B_SPLINE_CURVE_WITH_KNOTS('',3,(#2637,#2638,#2639,#2640),
  .UNSPECIFIED.,.F.,.F.,(4,4),(-7.326848916146E-02,0.),
  .PIECEWISE_BEZIER_KNOTS.);
#2637 = CARTESIAN_POINT('',(-9.499978386034,-298.2005041351,
    -19.21394618881));
#2638 = CARTESIAN_POINT('',(-9.665904318619,-298.1327649197,
    -19.04802025623));
#2639 = CARTESIAN_POINT('',(-9.833138735018,-298.0673015643,
    -18.88078583983));
#2640 = CARTESIAN_POINT('',(-9.999978386034,-298.0042418873,
    -18.71394618881));
#2641 = PCURVE('',#932,#2642);
#2642 = DEFINITIONAL_REPRESENTATION('',(#2643),#2648);
#2643 = B_SPLINE_CURVE_WITH_KNOTS('',3,(#2644,#2645,#2646,#2647),
  .UNSPECIFIED.,.F.,.F.,(4,4),(-7.326848916146E-02,0.),
  .PIECEWISE_BEZIER_KNOTS.);
#2644 = CARTESIAN_POINT('',(-0.353553390593,-10.2994403147));
#2645 = CARTESIAN_POINT('',(-0.118898686386,-10.2317010993));
#2646 = CARTESIAN_POINT('',(0.117606493382,-10.1662377439));
#2647 = CARTESIAN_POINT('',(0.353553390593,-10.1031780669));
#2648 = ( GEOMETRIC_REPRESENTATION_CONTEXT(2) 
PARAMETRIC_REPRESENTATION_CONTEXT() REPRESENTATION_CONTEXT('2D SPACE',''
  ) );
#2649 = PCURVE('',#961,#2650);
#2650 = DEFINITIONAL_REPRESENTATION('',(#2651),#2677);
#2651 = B_SPLINE_CURVE_WITH_KNOTS('',3,(#2652,#2653,#2654,#2655,#2656,
    #2657,#2658,#2659,#2660,#2661,#2662,#2663,#2664,#2665,#2666,#2667,
    #2668,#2669,#2670,#2671,#2672,#2673,#2674,#2675,#2676),
  .UNSPECIFIED.,.F.,.F.,(4,1,1,1,1,1,1,1,1,1,1,1,1,1,1,1,1,1,1,1,1,1,4),
  (-7.326848916146E-02,-6.993810329049E-02,-6.660771741951E-02,
    -6.327733154854E-02,-5.994694567756E-02,-5.661655980658E-02,
    -5.328617393561E-02,-4.995578806463E-02,-4.662540219366E-02,
    -4.329501632268E-02,-3.996463045171E-02,-3.663424458073E-02,
    -3.330385870976E-02,-2.997347283878E-02,-2.66430869678E-02,
    -2.331270109683E-02,-1.998231522585E-02,-1.665192935488E-02,
    -1.33215434839E-02,-9.991157612927E-03,-6.660771741951E-03,
    -3.330385870976E-03,0.),.UNSPECIFIED.);
#2652 = CARTESIAN_POINT('',(-5.245930715151E-02,-0.25));
#2653 = CARTESIAN_POINT('',(-5.157957745165E-02,-0.242457912159));
#2654 = CARTESIAN_POINT('',(-4.982849050916E-02,-0.227368329682));
#2655 = CARTESIAN_POINT('',(-4.722669290668E-02,-0.204718695181));
#2656 = CARTESIAN_POINT('',(-4.464944183252E-02,-0.182054759476));
#2657 = CARTESIAN_POINT('',(-4.209645703258E-02,-0.159377482201));
#2658 = CARTESIAN_POINT('',(-3.956746211188E-02,-0.136687823018));
#2659 = CARTESIAN_POINT('',(-3.706218502472E-02,-0.113986741617));
#2660 = CARTESIAN_POINT('',(-3.458035785369E-02,-9.127519771614E-02));
#2661 = CARTESIAN_POINT('',(-3.212171678112E-02,-6.855415105226E-02));
#2662 = CARTESIAN_POINT('',(-2.96860020101E-02,-4.582456138136E-02));
#2663 = CARTESIAN_POINT('',(-2.727295770106E-02,-2.308738847383E-02));
#2664 = CARTESIAN_POINT('',(-2.488233190533E-02,-3.435921116874E-04));
#2665 = CARTESIAN_POINT('',(-2.251387650133E-02,2.240586791501E-02));
#2666 = CARTESIAN_POINT('',(-2.016734713116E-02,4.516003181062E-02));
#2667 = CARTESIAN_POINT('',(-1.784250313902E-02,6.791793977706E-02));
#2668 = CARTESIAN_POINT('',(-1.553910751008E-02,9.06786320168E-02));
#2669 = CARTESIAN_POINT('',(-1.325692681144E-02,0.113441148735));
#2670 = CARTESIAN_POINT('',(-1.099573113124E-02,0.136204530143));
#2671 = CARTESIAN_POINT('',(-8.755294029376E-03,0.158967816461));
#2672 = CARTESIAN_POINT('',(-6.535392451367E-03,0.181730047917));
#2673 = CARTESIAN_POINT('',(-4.335806781972E-03,0.204490264756));
#2674 = CARTESIAN_POINT('',(-2.156320384834E-03,0.227247507234));
#2675 = CARTESIAN_POINT('',(-7.165875046509E-04,0.242416379501));
#2676 = CARTESIAN_POINT('',(0.,0.25));
#2677 = ( GEOMETRIC_REPRESENTATION_CONTEXT(2) 
PARAMETRIC_REPRESENTATION_CONTEXT() REPRESENTATION_CONTEXT('2D SPACE',''
  ) );
#2678 = ADVANCED_FACE('',(#2679),#1243,.T.);
#2679 = FACE_BOUND('',#2680,.T.);
#2680 = EDGE_LOOP('',(#2681,#2682,#2703,#2704));
#2681 = ORIENTED_EDGE('',*,*,#1667,.T.);
#2682 = ORIENTED_EDGE('',*,*,#2683,.F.);
#2683 = EDGE_CURVE('',#1200,#1670,#2684,.T.);
#2684 = SURFACE_CURVE('',#2685,(#2689,#2696),.PCURVE_S1.);
#2685 = LINE('',#2686,#2687);
#2686 = CARTESIAN_POINT('',(6.670799498357,-284.5311365933,
    -22.04316830441));
#2687 = VECTOR('',#2688,1.);
#2688 = DIRECTION('',(0.678598344545,0.281084637715,0.678598344546));
#2689 = PCURVE('',#1243,#2690);
#2690 = DEFINITIONAL_REPRESENTATION('',(#2691),#2695);
#2691 = LINE('',#2692,#2693);
#2692 = CARTESIAN_POINT('',(4.249253024661,-1.533171730433));
#2693 = VECTOR('',#2694,1.);
#2694 = DIRECTION('',(-0.94586216504,0.3245685825));
#2695 = ( GEOMETRIC_REPRESENTATION_CONTEXT(2) 
PARAMETRIC_REPRESENTATION_CONTEXT() REPRESENTATION_CONTEXT('2D SPACE',''
  ) );
#2696 = PCURVE('',#1215,#2697);
#2697 = DEFINITIONAL_REPRESENTATION('',(#2698),#2702);
#2698 = LINE('',#2699,#2700);
#2699 = CARTESIAN_POINT('',(4.354677677454,14.8677995862));
#2700 = VECTOR('',#2701,1.);
#2701 = DIRECTION('',(-0.959682982261,0.281084637715));
#2702 = ( GEOMETRIC_REPRESENTATION_CONTEXT(2) 
PARAMETRIC_REPRESENTATION_CONTEXT() REPRESENTATION_CONTEXT('2D SPACE',''
  ) );
#2703 = ORIENTED_EDGE('',*,*,#1227,.T.);
#2704 = ORIENTED_EDGE('',*,*,#2605,.T.);
#2705 = ADVANCED_FACE('',(#2706),#961,.T.);
#2706 = FACE_BOUND('',#2707,.T.);
#2707 = EDGE_LOOP('',(#2708,#2709,#2710,#2711));
#2708 = ORIENTED_EDGE('',*,*,#1984,.T.);
#2709 = ORIENTED_EDGE('',*,*,#2634,.F.);
#2710 = ORIENTED_EDGE('',*,*,#944,.T.);
#2711 = ORIENTED_EDGE('',*,*,#2712,.T.);
#2712 = EDGE_CURVE('',#945,#1985,#2713,.T.);
#2713 = SURFACE_CURVE('',#2714,(#2719,#2748),.PCURVE_S1.);
#2714 = B_SPLINE_CURVE_WITH_KNOTS('',3,(#2715,#2716,#2717,#2718),
  .UNSPECIFIED.,.F.,.F.,(4,4),(-7.326848916254E-02,0.),
  .PIECEWISE_BEZIER_KNOTS.);
#2715 = CARTESIAN_POINT('',(-9.499978386034,-303.0994958648,
    -19.21394618881));
#2716 = CARTESIAN_POINT('',(-9.665904318618,-303.1672350802,
    -19.04802025623));
#2717 = CARTESIAN_POINT('',(-9.833138735016,-303.2326984356,
    -18.88078583983));
#2718 = CARTESIAN_POINT('',(-9.999978386034,-303.2957581126,
    -18.71394618881));
#2719 = PCURVE('',#961,#2720);
#2720 = DEFINITIONAL_REPRESENTATION('',(#2721),#2747);
#2721 = B_SPLINE_CURVE_WITH_KNOTS('',3,(#2722,#2723,#2724,#2725,#2726,
    #2727,#2728,#2729,#2730,#2731,#2732,#2733,#2734,#2735,#2736,#2737,
    #2738,#2739,#2740,#2741,#2742,#2743,#2744,#2745,#2746),
  .UNSPECIFIED.,.F.,.F.,(4,1,1,1,1,1,1,1,1,1,1,1,1,1,1,1,1,1,1,1,1,1,4),
  (-7.326848916254E-02,-6.993810329151E-02,-6.660771742049E-02,
    -6.327733154947E-02,-5.994694567844E-02,-5.661655980742E-02,
    -5.328617393639E-02,-4.995578806537E-02,-4.662540219434E-02,
    -4.329501632332E-02,-3.996463045229E-02,-3.663424458127E-02,
    -3.330385871024E-02,-2.997347283922E-02,-2.66430869682E-02,
    -2.331270109717E-02,-1.998231522615E-02,-1.665192935512E-02,
    -1.33215434841E-02,-9.991157613073E-03,-6.660771742049E-03,
    -3.330385871024E-03,0.),.UNSPECIFIED.);
#2722 = CARTESIAN_POINT('',(1.497932337149,-0.25));
#2723 = CARTESIAN_POINT('',(1.497052607449,-0.242457912158));
#2724 = CARTESIAN_POINT('',(1.495301520506,-0.227368329681));
#2725 = CARTESIAN_POINT('',(1.492699722904,-0.20471869518));
#2726 = CARTESIAN_POINT('',(1.49012247183,-0.182054759476));
#2727 = CARTESIAN_POINT('',(1.48756948703,-0.159377482201));
#2728 = CARTESIAN_POINT('',(1.485040492109,-0.136687823018));
#2729 = CARTESIAN_POINT('',(1.482535215022,-0.113986741617));
#2730 = CARTESIAN_POINT('',(1.480053387851,-9.127519771657E-02));
#2731 = CARTESIAN_POINT('',(1.477594746778,-6.855415105284E-02));
#2732 = CARTESIAN_POINT('',(1.475159032007,-4.582456138204E-02));
#2733 = CARTESIAN_POINT('',(1.472745987698,-2.308738847471E-02));
#2734 = CARTESIAN_POINT('',(1.470355361902,-3.435921125179E-04));
#2735 = CARTESIAN_POINT('',(1.467986906498,2.2405867914E-02));
#2736 = CARTESIAN_POINT('',(1.465640377128,4.51600318096E-02));
#2737 = CARTESIAN_POINT('',(1.463315533136,6.791793977616E-02));
#2738 = CARTESIAN_POINT('',(1.461012137507,9.067863201586E-02));
#2739 = CARTESIAN_POINT('',(1.458729956808,0.113441148734));
#2740 = CARTESIAN_POINT('',(1.456468761128,0.136204530143));
#2741 = CARTESIAN_POINT('',(1.454228324026,0.15896781646));
#2742 = CARTESIAN_POINT('',(1.452008422448,0.181730047917));
#2743 = CARTESIAN_POINT('',(1.449808836779,0.204490264756));
#2744 = CARTESIAN_POINT('',(1.447629350382,0.227247507234));
#2745 = CARTESIAN_POINT('',(1.446189617501,0.242416379501));
#2746 = CARTESIAN_POINT('',(1.445473029997,0.25));
#2747 = ( GEOMETRIC_REPRESENTATION_CONTEXT(2) 
PARAMETRIC_REPRESENTATION_CONTEXT() REPRESENTATION_CONTEXT('2D SPACE',''
  ) );
#2748 = PCURVE('',#989,#2749);
#2749 = DEFINITIONAL_REPRESENTATION('',(#2750),#2755);
#2750 = B_SPLINE_CURVE_WITH_KNOTS('',3,(#2751,#2752,#2753,#2754),
  .UNSPECIFIED.,.F.,.F.,(4,4),(-7.326848916254E-02,0.),
  .PIECEWISE_BEZIER_KNOTS.);
#2751 = CARTESIAN_POINT('',(-0.353553390593,-15.1984320444));
#2752 = CARTESIAN_POINT('',(-0.118898686386,-15.2661712598));
#2753 = CARTESIAN_POINT('',(0.117606493381,-15.3316346152));
#2754 = CARTESIAN_POINT('',(0.353553390593,-15.3946942922));
#2755 = ( GEOMETRIC_REPRESENTATION_CONTEXT(2) 
PARAMETRIC_REPRESENTATION_CONTEXT() REPRESENTATION_CONTEXT('2D SPACE',''
  ) );
#2756 = ADVANCED_FACE('',(#2757),#1215,.T.);
#2757 = FACE_BOUND('',#2758,.T.);
#2758 = EDGE_LOOP('',(#2759,#2760,#2761,#2762));
#2759 = ORIENTED_EDGE('',*,*,#1199,.T.);
#2760 = ORIENTED_EDGE('',*,*,#2683,.T.);
#2761 = ORIENTED_EDGE('',*,*,#2428,.T.);
#2762 = ORIENTED_EDGE('',*,*,#2763,.F.);
#2763 = EDGE_CURVE('',#1171,#2379,#2764,.T.);
#2764 = SURFACE_CURVE('',#2765,(#2770,#2778),.PCURVE_S1.);
#2765 = B_SPLINE_CURVE_WITH_KNOTS('',3,(#2766,#2767,#2768,#2769),
  .UNSPECIFIED.,.F.,.F.,(4,4),(-7.32684530246E-02,0.),
  .PIECEWISE_BEZIER_KNOTS.);
#2766 = CARTESIAN_POINT('',(9.500021613966,-284.2005163793,
    -19.2139461888));
#2767 = CARTESIAN_POINT('',(9.665947554021,-284.1327776349,
    -19.04802024875));
#2768 = CARTESIAN_POINT('',(9.833181968987,-284.0673147328,
    -18.88078583378));
#2769 = CARTESIAN_POINT('',(10.000021613965,-284.0042554905,
    -18.7139461888));
#2770 = PCURVE('',#1215,#2771);
#2771 = DEFINITIONAL_REPRESENTATION('',(#2772),#2777);
#2772 = B_SPLINE_CURVE_WITH_KNOTS('',3,(#2773,#2774,#2775,#2776),
  .UNSPECIFIED.,.F.,.F.,(4,4),(-7.32684530246E-02,0.),
  .PIECEWISE_BEZIER_KNOTS.);
#2773 = CARTESIAN_POINT('',(0.353553390593,15.1984198002));
#2774 = CARTESIAN_POINT('',(0.118898675822,15.2661585446));
#2775 = CARTESIAN_POINT('',(-0.117606501922,15.3316214467));
#2776 = CARTESIAN_POINT('',(-0.353553390593,15.394680689));
#2777 = ( GEOMETRIC_REPRESENTATION_CONTEXT(2) 
PARAMETRIC_REPRESENTATION_CONTEXT() REPRESENTATION_CONTEXT('2D SPACE',''
  ) );
#2778 = PCURVE('',#1187,#2779);
#2779 = DEFINITIONAL_REPRESENTATION('',(#2780),#2806);
#2780 = B_SPLINE_CURVE_WITH_KNOTS('',3,(#2781,#2782,#2783,#2784,#2785,
    #2786,#2787,#2788,#2789,#2790,#2791,#2792,#2793,#2794,#2795,#2796,
    #2797,#2798,#2799,#2800,#2801,#2802,#2803,#2804,#2805),
  .UNSPECIFIED.,.F.,.F.,(4,1,1,1,1,1,1,1,1,1,1,1,1,1,1,1,1,1,1,1,1,1,4),
  (-7.32684530246E-02,-6.993806879621E-02,-6.660768456782E-02,
    -6.327730033943E-02,-5.994691611104E-02,-5.661653188264E-02,
    -5.328614765425E-02,-4.995576342586E-02,-4.662537919747E-02,
    -4.329499496908E-02,-3.996461074069E-02,-3.66342265123E-02,
    -3.330384228391E-02,-2.997345805552E-02,-2.664307382713E-02,
    -2.331268959874E-02,-1.998230537035E-02,-1.665192114195E-02,
    -1.332153691356E-02,-9.991152685173E-03,-6.660768456782E-03,
    -3.330384228391E-03,0.),.UNSPECIFIED.);
#2781 = CARTESIAN_POINT('',(1.497922905087,-0.25));
#2782 = CARTESIAN_POINT('',(1.497043181504,-0.242457911819));
#2783 = CARTESIAN_POINT('',(1.495292106735,-0.2273683287));
#2784 = CARTESIAN_POINT('',(1.492690327215,-0.204718693343));
#2785 = CARTESIAN_POINT('',(1.490113094046,-0.182054756888));
#2786 = CARTESIAN_POINT('',(1.487560126977,-0.159377478966));
#2787 = CARTESIAN_POINT('',(1.485031149614,-0.136687819237));
#2788 = CARTESIAN_POINT('',(1.482525889914,-0.113986737388));
#2789 = CARTESIAN_POINT('',(1.480044079961,-9.127519313494E-02));
#2790 = CARTESIAN_POINT('',(1.47758545594,-6.855414621236E-02));
#2791 = CARTESIAN_POINT('',(1.475149758054,-4.582455637372E-02));
#2792 = CARTESIAN_POINT('',(1.472736730467,-2.308738338706E-02));
#2793 = CARTESIAN_POINT('',(1.470346121231,-3.435870318687E-04));
#2794 = CARTESIAN_POINT('',(1.467977682227,2.240587290407E-02));
#2795 = CARTESIAN_POINT('',(1.465631169098,4.516003662767E-02));
#2796 = CARTESIAN_POINT('',(1.46330634119,6.791794434317E-02));
#2797 = CARTESIAN_POINT('',(1.46100296149,9.067863625555E-02));
#2798 = CARTESIAN_POINT('',(1.458720796566,0.113441152573));
#2799 = CARTESIAN_POINT('',(1.45645961651,0.136204533508));
#2800 = CARTESIAN_POINT('',(1.454219194881,0.158967819283));
#2801 = CARTESIAN_POINT('',(1.451999308627,0.18173005013));
#2802 = CARTESIAN_POINT('',(1.449799738134,0.204490266296));
#2803 = CARTESIAN_POINT('',(1.447620266768,0.227247508039));
#2804 = CARTESIAN_POINT('',(1.446180543812,0.242416379775));
#2805 = CARTESIAN_POINT('',(1.445463961245,0.25));
#2806 = ( GEOMETRIC_REPRESENTATION_CONTEXT(2) 
PARAMETRIC_REPRESENTATION_CONTEXT() REPRESENTATION_CONTEXT('2D SPACE',''
  ) );
#2807 = ADVANCED_FACE('',(#2808),#989,.T.);
#2808 = FACE_BOUND('',#2809,.T.);
#2809 = EDGE_LOOP('',(#2810,#2811,#2812,#2813));
#2810 = ORIENTED_EDGE('',*,*,#2034,.T.);
#2811 = ORIENTED_EDGE('',*,*,#2712,.F.);
#2812 = ORIENTED_EDGE('',*,*,#973,.T.);
#2813 = ORIENTED_EDGE('',*,*,#2814,.T.);
#2814 = EDGE_CURVE('',#974,#2035,#2815,.T.);
#2815 = SURFACE_CURVE('',#2816,(#2820,#2827),.PCURVE_S1.);
#2816 = LINE('',#2817,#2818);
#2817 = CARTESIAN_POINT('',(-6.670756270421,-302.7688634066,
    -22.04316830442));
#2818 = VECTOR('',#2819,1.);
#2819 = DIRECTION('',(-0.678598344546,-0.281084637715,0.678598344545));
#2820 = PCURVE('',#989,#2821);
#2821 = DEFINITIONAL_REPRESENTATION('',(#2822),#2826);
#2822 = LINE('',#2823,#2824);
#2823 = CARTESIAN_POINT('',(-4.354677677457,-14.8677995862));
#2824 = VECTOR('',#2825,1.);
#2825 = DIRECTION('',(0.959682982261,-0.281084637715));
#2826 = ( GEOMETRIC_REPRESENTATION_CONTEXT(2) 
PARAMETRIC_REPRESENTATION_CONTEXT() REPRESENTATION_CONTEXT('2D SPACE',''
  ) );
#2827 = PCURVE('',#1017,#2828);
#2828 = DEFINITIONAL_REPRESENTATION('',(#2829),#2833);
#2829 = LINE('',#2830,#2831);
#2830 = CARTESIAN_POINT('',(-4.249255473506,1.533168267256));
#2831 = VECTOR('',#2832,1.);
#2832 = DIRECTION('',(0.94586216504,-0.3245685825));
#2833 = ( GEOMETRIC_REPRESENTATION_CONTEXT(2) 
PARAMETRIC_REPRESENTATION_CONTEXT() REPRESENTATION_CONTEXT('2D SPACE',''
  ) );
#2834 = ADVANCED_FACE('',(#2835),#1187,.T.);
#2835 = FACE_BOUND('',#2836,.T.);
#2836 = EDGE_LOOP('',(#2837,#2838,#2839,#2840));
#2837 = ORIENTED_EDGE('',*,*,#1170,.T.);
#2838 = ORIENTED_EDGE('',*,*,#2763,.T.);
#2839 = ORIENTED_EDGE('',*,*,#2378,.T.);
#2840 = ORIENTED_EDGE('',*,*,#2841,.F.);
#2841 = EDGE_CURVE('',#1143,#2330,#2842,.T.);
#2842 = SURFACE_CURVE('',#2843,(#2848,#2877),.PCURVE_S1.);
#2843 = B_SPLINE_CURVE_WITH_KNOTS('',3,(#2844,#2845,#2846,#2847),
  .UNSPECIFIED.,.F.,.F.,(4,4),(-7.326845302457E-02,0.),
  .PIECEWISE_BEZIER_KNOTS.);
#2844 = CARTESIAN_POINT('',(9.500021613966,-289.0994836206,
    -19.2139461888));
#2845 = CARTESIAN_POINT('',(9.665947554021,-289.167222365,
    -19.04802024875));
#2846 = CARTESIAN_POINT('',(9.833181968987,-289.2326852671,
    -18.88078583378));
#2847 = CARTESIAN_POINT('',(10.000021613965,-289.2957445094,
    -18.7139461888));
#2848 = PCURVE('',#1187,#2849);
#2849 = DEFINITIONAL_REPRESENTATION('',(#2850),#2876);
#2850 = B_SPLINE_CURVE_WITH_KNOTS('',3,(#2851,#2852,#2853,#2854,#2855,
    #2856,#2857,#2858,#2859,#2860,#2861,#2862,#2863,#2864,#2865,#2866,
    #2867,#2868,#2869,#2870,#2871,#2872,#2873,#2874,#2875),
  .UNSPECIFIED.,.F.,.F.,(4,1,1,1,1,1,1,1,1,1,1,1,1,1,1,1,1,1,1,1,1,1,4),
  (-7.326845302457E-02,-6.993806879618E-02,-6.660768456779E-02,
    -6.32773003394E-02,-5.994691611101E-02,-5.661653188262E-02,
    -5.328614765423E-02,-4.995576342584E-02,-4.662537919745E-02,
    -4.329499496906E-02,-3.996461074068E-02,-3.663422651229E-02,
    -3.33038422839E-02,-2.997345805551E-02,-2.664307382712E-02,
    -2.331268959873E-02,-1.998230537034E-02,-1.665192114195E-02,
    -1.332153691356E-02,-9.991152685169E-03,-6.660768456779E-03,
    -3.33038422839E-03,0.),.UNSPECIFIED.);
#2851 = CARTESIAN_POINT('',(-5.245894384201E-02,-0.25));
#2852 = CARTESIAN_POINT('',(-5.1579220259E-02,-0.242457911819));
#2853 = CARTESIAN_POINT('',(-4.982814549009E-02,-0.227368328699));
#2854 = CARTESIAN_POINT('',(-4.722636596956E-02,-0.204718693343));
#2855 = CARTESIAN_POINT('',(-4.464913280076E-02,-0.182054756888));
#2856 = CARTESIAN_POINT('',(-4.209616573164E-02,-0.159377478966));
#2857 = CARTESIAN_POINT('',(-3.956718836901E-02,-0.136687819236));
#2858 = CARTESIAN_POINT('',(-3.706192866904E-02,-0.113986737388));
#2859 = CARTESIAN_POINT('',(-3.458011871624E-02,-9.12751931346E-02));
#2860 = CARTESIAN_POINT('',(-3.212149469458E-02,-6.8554146212E-02));
#2861 = CARTESIAN_POINT('',(-2.968579680906E-02,-4.582455637334E-02));
#2862 = CARTESIAN_POINT('',(-2.727276922183E-02,-2.308738338675E-02));
#2863 = CARTESIAN_POINT('',(-2.488215998597E-02,-3.435870315058E-04));
#2864 = CARTESIAN_POINT('',(-2.251372098156E-02,2.240587290443E-02));
#2865 = CARTESIAN_POINT('',(-2.016720785247E-02,4.516003662799E-02));
#2866 = CARTESIAN_POINT('',(-1.784237994454E-02,6.791794434355E-02));
#2867 = CARTESIAN_POINT('',(-1.553900024454E-02,9.06786362559E-02));
#2868 = CARTESIAN_POINT('',(-1.32568353212E-02,0.113441152573));
#2869 = CARTESIAN_POINT('',(-1.099565526434E-02,0.136204533508));
#2870 = CARTESIAN_POINT('',(-8.75523363537E-03,0.158967819283));
#2871 = CARTESIAN_POINT('',(-6.535347381293E-03,0.18173005013));
#2872 = CARTESIAN_POINT('',(-4.335776888634E-03,0.204490266296));
#2873 = CARTESIAN_POINT('',(-2.156305522337E-03,0.227247508039));
#2874 = CARTESIAN_POINT('',(-7.165825663886E-04,0.242416379775));
#2875 = CARTESIAN_POINT('',(0.,0.25));
#2876 = ( GEOMETRIC_REPRESENTATION_CONTEXT(2) 
PARAMETRIC_REPRESENTATION_CONTEXT() REPRESENTATION_CONTEXT('2D SPACE',''
  ) );
#2877 = PCURVE('',#1158,#2878);
#2878 = DEFINITIONAL_REPRESENTATION('',(#2879),#2884);
#2879 = B_SPLINE_CURVE_WITH_KNOTS('',3,(#2880,#2881,#2882,#2883),
  .UNSPECIFIED.,.F.,.F.,(4,4),(-7.326845302457E-02,0.),
  .PIECEWISE_BEZIER_KNOTS.);
#2880 = CARTESIAN_POINT('',(0.353553390593,10.2994525589));
#2881 = CARTESIAN_POINT('',(0.118898675822,10.2317138145));
#2882 = CARTESIAN_POINT('',(-0.117606501922,10.1662509124));
#2883 = CARTESIAN_POINT('',(-0.353553390593,10.1031916701));
#2884 = ( GEOMETRIC_REPRESENTATION_CONTEXT(2) 
PARAMETRIC_REPRESENTATION_CONTEXT() REPRESENTATION_CONTEXT('2D SPACE',''
  ) );
#2885 = ADVANCED_FACE('',(#2886),#1017,.T.);
#2886 = FACE_BOUND('',#2887,.T.);
#2887 = EDGE_LOOP('',(#2888,#2889,#2890,#2891));
#2888 = ORIENTED_EDGE('',*,*,#2083,.T.);
#2889 = ORIENTED_EDGE('',*,*,#2814,.F.);
#2890 = ORIENTED_EDGE('',*,*,#1001,.T.);
#2891 = ORIENTED_EDGE('',*,*,#2892,.T.);
#2892 = EDGE_CURVE('',#1002,#2084,#2893,.T.);
#2893 = SURFACE_CURVE('',#2894,(#2898,#2905),.PCURVE_S1.);
#2894 = LINE('',#2895,#2896);
#2895 = CARTESIAN_POINT('',(-8.792871604848,-304.647872359,
    -19.21394618881));
#2896 = VECTOR('',#2897,1.);
#2897 = DIRECTION('',(-0.281084637715,-0.678598344546,0.678598344546));
#2898 = PCURVE('',#1017,#2899);
#2899 = DEFINITIONAL_REPRESENTATION('',(#2900),#2904);
#2900 = LINE('',#2901,#2902);
#2901 = CARTESIAN_POINT('',(-0.883103408569,-0.636524381712));
#2902 = VECTOR('',#2903,1.);
#2903 = DIRECTION('',(0.62129358254,-0.783577873791));
#2904 = ( GEOMETRIC_REPRESENTATION_CONTEXT(2) 
PARAMETRIC_REPRESENTATION_CONTEXT() REPRESENTATION_CONTEXT('2D SPACE',''
  ) );
#2905 = PCURVE('',#1045,#2906);
#2906 = DEFINITIONAL_REPRESENTATION('',(#2907),#2911);
#2907 = LINE('',#2908,#2909);
#2908 = CARTESIAN_POINT('',(3.792890219606,0.353553390592));
#2909 = VECTOR('',#2910,1.);
#2910 = DIRECTION('',(0.281084637715,-0.959682982261));
#2911 = ( GEOMETRIC_REPRESENTATION_CONTEXT(2) 
PARAMETRIC_REPRESENTATION_CONTEXT() REPRESENTATION_CONTEXT('2D SPACE',''
  ) );
#2912 = ADVANCED_FACE('',(#2913),#1158,.T.);
#2913 = FACE_BOUND('',#2914,.T.);
#2914 = EDGE_LOOP('',(#2915,#2916,#2917,#2918));
#2915 = ORIENTED_EDGE('',*,*,#1142,.T.);
#2916 = ORIENTED_EDGE('',*,*,#2841,.T.);
#2917 = ORIENTED_EDGE('',*,*,#2329,.T.);
#2918 = ORIENTED_EDGE('',*,*,#2919,.F.);
#2919 = EDGE_CURVE('',#1114,#2280,#2920,.T.);
#2920 = SURFACE_CURVE('',#2921,(#2926,#2934),.PCURVE_S1.);
#2921 = B_SPLINE_CURVE_WITH_KNOTS('',3,(#2922,#2923,#2924,#2925),
  .UNSPECIFIED.,.F.,.F.,(4,4),(-7.32684530246E-02,0.),
  .PIECEWISE_BEZIER_KNOTS.);
#2922 = CARTESIAN_POINT('',(9.500021613966,-298.2005165879,
    -19.2139461888));
#2923 = CARTESIAN_POINT('',(9.665947554021,-298.1327778436,
    -19.04802024875));
#2924 = CARTESIAN_POINT('',(9.833181968987,-298.0673149414,
    -18.88078583378));
#2925 = CARTESIAN_POINT('',(10.000021613965,-298.0042556991,
    -18.7139461888));
#2926 = PCURVE('',#1158,#2927);
#2927 = DEFINITIONAL_REPRESENTATION('',(#2928),#2933);
#2928 = B_SPLINE_CURVE_WITH_KNOTS('',3,(#2929,#2930,#2931,#2932),
  .UNSPECIFIED.,.F.,.F.,(4,4),(-7.32684530246E-02,0.),
  .PIECEWISE_BEZIER_KNOTS.);
#2929 = CARTESIAN_POINT('',(0.353553390593,1.1984195916));
#2930 = CARTESIAN_POINT('',(0.118898675822,1.2661583359));
#2931 = CARTESIAN_POINT('',(-0.117606501922,1.3316212381));
#2932 = CARTESIAN_POINT('',(-0.353553390593,1.3946804804));
#2933 = ( GEOMETRIC_REPRESENTATION_CONTEXT(2) 
PARAMETRIC_REPRESENTATION_CONTEXT() REPRESENTATION_CONTEXT('2D SPACE',''
  ) );
#2934 = PCURVE('',#1130,#2935);
#2935 = DEFINITIONAL_REPRESENTATION('',(#2936),#2962);
#2936 = B_SPLINE_CURVE_WITH_KNOTS('',3,(#2937,#2938,#2939,#2940,#2941,
    #2942,#2943,#2944,#2945,#2946,#2947,#2948,#2949,#2950,#2951,#2952,
    #2953,#2954,#2955,#2956,#2957,#2958,#2959,#2960,#2961),
  .UNSPECIFIED.,.F.,.F.,(4,1,1,1,1,1,1,1,1,1,1,1,1,1,1,1,1,1,1,1,1,1,4),
  (-7.32684530246E-02,-6.993806879621E-02,-6.660768456782E-02,
    -6.327730033943E-02,-5.994691611104E-02,-5.661653188264E-02,
    -5.328614765425E-02,-4.995576342586E-02,-4.662537919747E-02,
    -4.329499496908E-02,-3.996461074069E-02,-3.66342265123E-02,
    -3.330384228391E-02,-2.997345805552E-02,-2.664307382713E-02,
    -2.331268959874E-02,-1.998230537035E-02,-1.665192114195E-02,
    -1.332153691356E-02,-9.991152685173E-03,-6.660768456782E-03,
    -3.330384228391E-03,0.),.UNSPECIFIED.);
#2937 = CARTESIAN_POINT('',(1.497922905087,-0.25));
#2938 = CARTESIAN_POINT('',(1.497043181504,-0.242457911819));
#2939 = CARTESIAN_POINT('',(1.495292106735,-0.227368328699));
#2940 = CARTESIAN_POINT('',(1.492690327215,-0.204718693343));
#2941 = CARTESIAN_POINT('',(1.490113094046,-0.182054756888));
#2942 = CARTESIAN_POINT('',(1.487560126977,-0.159377478966));
#2943 = CARTESIAN_POINT('',(1.485031149614,-0.136687819236));
#2944 = CARTESIAN_POINT('',(1.482525889914,-0.113986737388));
#2945 = CARTESIAN_POINT('',(1.480044079962,-9.127519313468E-02));
#2946 = CARTESIAN_POINT('',(1.47758545594,-6.855414621214E-02));
#2947 = CARTESIAN_POINT('',(1.475149758054,-4.582455637346E-02));
#2948 = CARTESIAN_POINT('',(1.472736730467,-2.308738338684E-02));
#2949 = CARTESIAN_POINT('',(1.470346121231,-3.435870316887E-04));
#2950 = CARTESIAN_POINT('',(1.467977682227,2.240587290428E-02));
#2951 = CARTESIAN_POINT('',(1.465631169098,4.516003662787E-02));
#2952 = CARTESIAN_POINT('',(1.46330634119,6.791794434336E-02));
#2953 = CARTESIAN_POINT('',(1.46100296149,9.067863625575E-02));
#2954 = CARTESIAN_POINT('',(1.458720796567,0.113441152573));
#2955 = CARTESIAN_POINT('',(1.45645961651,0.136204533508));
#2956 = CARTESIAN_POINT('',(1.454219194881,0.158967819283));
#2957 = CARTESIAN_POINT('',(1.451999308627,0.18173005013));
#2958 = CARTESIAN_POINT('',(1.449799738134,0.204490266296));
#2959 = CARTESIAN_POINT('',(1.447620266768,0.227247508039));
#2960 = CARTESIAN_POINT('',(1.446180543812,0.242416379775));
#2961 = CARTESIAN_POINT('',(1.445463961245,0.25));
#2962 = ( GEOMETRIC_REPRESENTATION_CONTEXT(2) 
PARAMETRIC_REPRESENTATION_CONTEXT() REPRESENTATION_CONTEXT('2D SPACE',''
  ) );
#2963 = ADVANCED_FACE('',(#2964),#1045,.T.);
#2964 = FACE_BOUND('',#2965,.T.);
#2965 = EDGE_LOOP('',(#2966,#2967,#2988,#2989));
#2966 = ORIENTED_EDGE('',*,*,#1029,.T.);
#2967 = ORIENTED_EDGE('',*,*,#2968,.T.);
#2968 = EDGE_CURVE('',#1030,#2133,#2969,.T.);
#2969 = SURFACE_CURVE('',#2970,(#2974,#2981),.PCURVE_S1.);
#2970 = LINE('',#2971,#2972);
#2971 = CARTESIAN_POINT('',(8.792914832779,-304.647872359,-19.2139461888
    ));
#2972 = VECTOR('',#2973,1.);
#2973 = DIRECTION('',(0.281084637714,-0.678598344546,0.678598344546));
#2974 = PCURVE('',#1045,#2975);
#2975 = DEFINITIONAL_REPRESENTATION('',(#2976),#2980);
#2976 = LINE('',#2977,#2978);
#2977 = CARTESIAN_POINT('',(-13.79289621802,0.353553390592));
#2978 = VECTOR('',#2979,1.);
#2979 = DIRECTION('',(-0.281084637714,-0.959682982261));
#2980 = ( GEOMETRIC_REPRESENTATION_CONTEXT(2) 
PARAMETRIC_REPRESENTATION_CONTEXT() REPRESENTATION_CONTEXT('2D SPACE',''
  ) );
#2981 = PCURVE('',#1073,#2982);
#2982 = DEFINITIONAL_REPRESENTATION('',(#2983),#2987);
#2983 = LINE('',#2984,#2985);
#2984 = CARTESIAN_POINT('',(0.883100959726,-0.636520918532));
#2985 = VECTOR('',#2986,1.);
#2986 = DIRECTION('',(-0.62129358254,-0.78357787379));
#2987 = ( GEOMETRIC_REPRESENTATION_CONTEXT(2) 
PARAMETRIC_REPRESENTATION_CONTEXT() REPRESENTATION_CONTEXT('2D SPACE',''
  ) );
#2988 = ORIENTED_EDGE('',*,*,#2132,.T.);
#2989 = ORIENTED_EDGE('',*,*,#2892,.F.);
#2990 = ADVANCED_FACE('',(#2991),#1130,.T.);
#2991 = FACE_BOUND('',#2992,.T.);
#2992 = EDGE_LOOP('',(#2993,#2994,#2995,#2996));
#2993 = ORIENTED_EDGE('',*,*,#1113,.T.);
#2994 = ORIENTED_EDGE('',*,*,#2919,.T.);
#2995 = ORIENTED_EDGE('',*,*,#2279,.T.);
#2996 = ORIENTED_EDGE('',*,*,#2997,.F.);
#2997 = EDGE_CURVE('',#1086,#2231,#2998,.T.);
#2998 = SURFACE_CURVE('',#2999,(#3004,#3033),.PCURVE_S1.);
#2999 = B_SPLINE_CURVE_WITH_KNOTS('',3,(#3000,#3001,#3002,#3003),
  .UNSPECIFIED.,.F.,.F.,(4,4),(-7.326845302457E-02,0.),
  .PIECEWISE_BEZIER_KNOTS.);
#3000 = CARTESIAN_POINT('',(9.500021613966,-303.0994838292,
    -19.2139461888));
#3001 = CARTESIAN_POINT('',(9.665947554021,-303.1672225736,
    -19.04802024875));
#3002 = CARTESIAN_POINT('',(9.833181968987,-303.2326854757,
    -18.88078583378));
#3003 = CARTESIAN_POINT('',(10.000021613965,-303.2957447181,
    -18.7139461888));
#3004 = PCURVE('',#1130,#3005);
#3005 = DEFINITIONAL_REPRESENTATION('',(#3006),#3032);
#3006 = B_SPLINE_CURVE_WITH_KNOTS('',3,(#3007,#3008,#3009,#3010,#3011,
    #3012,#3013,#3014,#3015,#3016,#3017,#3018,#3019,#3020,#3021,#3022,
    #3023,#3024,#3025,#3026,#3027,#3028,#3029,#3030,#3031),
  .UNSPECIFIED.,.F.,.F.,(4,1,1,1,1,1,1,1,1,1,1,1,1,1,1,1,1,1,1,1,1,1,4),
  (-7.326845302457E-02,-6.993806879618E-02,-6.660768456779E-02,
    -6.32773003394E-02,-5.994691611101E-02,-5.661653188262E-02,
    -5.328614765423E-02,-4.995576342584E-02,-4.662537919745E-02,
    -4.329499496906E-02,-3.996461074068E-02,-3.663422651229E-02,
    -3.33038422839E-02,-2.997345805551E-02,-2.664307382712E-02,
    -2.331268959873E-02,-1.998230537034E-02,-1.665192114195E-02,
    -1.332153691356E-02,-9.991152685169E-03,-6.660768456779E-03,
    -3.33038422839E-03,0.),.UNSPECIFIED.);
#3007 = CARTESIAN_POINT('',(-5.245894384181E-02,-0.25));
#3008 = CARTESIAN_POINT('',(-5.157922025879E-02,-0.242457911819));
#3009 = CARTESIAN_POINT('',(-4.98281454899E-02,-0.2273683287));
#3010 = CARTESIAN_POINT('',(-4.722636596944E-02,-0.204718693343));
#3011 = CARTESIAN_POINT('',(-4.46491328006E-02,-0.182054756888));
#3012 = CARTESIAN_POINT('',(-4.209616573151E-02,-0.159377478966));
#3013 = CARTESIAN_POINT('',(-3.95671883689E-02,-0.136687819236));
#3014 = CARTESIAN_POINT('',(-3.706192866894E-02,-0.113986737388));
#3015 = CARTESIAN_POINT('',(-3.45801187161E-02,-9.127519313483E-02));
#3016 = CARTESIAN_POINT('',(-3.212149469449E-02,-6.855414621216E-02));
#3017 = CARTESIAN_POINT('',(-2.968579680896E-02,-4.582455637351E-02));
#3018 = CARTESIAN_POINT('',(-2.72727692217E-02,-2.308738338695E-02));
#3019 = CARTESIAN_POINT('',(-2.488215998587E-02,-3.435870316764E-04));
#3020 = CARTESIAN_POINT('',(-2.251372098142E-02,2.240587290418E-02));
#3021 = CARTESIAN_POINT('',(-2.016720785237E-02,4.516003662779E-02));
#3022 = CARTESIAN_POINT('',(-1.784237994441E-02,6.791794434332E-02));
#3023 = CARTESIAN_POINT('',(-1.553900024439E-02,9.067863625565E-02));
#3024 = CARTESIAN_POINT('',(-1.325683532105E-02,0.113441152573));
#3025 = CARTESIAN_POINT('',(-1.099565526422E-02,0.136204533508));
#3026 = CARTESIAN_POINT('',(-8.755233635187E-03,0.158967819283));
#3027 = CARTESIAN_POINT('',(-6.53534738116E-03,0.18173005013));
#3028 = CARTESIAN_POINT('',(-4.335776888489E-03,0.204490266296));
#3029 = CARTESIAN_POINT('',(-2.156305522112E-03,0.227247508039));
#3030 = CARTESIAN_POINT('',(-7.165825662643E-04,0.242416379775));
#3031 = CARTESIAN_POINT('',(8.881784197001E-16,0.25));
#3032 = ( GEOMETRIC_REPRESENTATION_CONTEXT(2) 
PARAMETRIC_REPRESENTATION_CONTEXT() REPRESENTATION_CONTEXT('2D SPACE',''
  ) );
#3033 = PCURVE('',#1101,#3034);
#3034 = DEFINITIONAL_REPRESENTATION('',(#3035),#3040);
#3035 = B_SPLINE_CURVE_WITH_KNOTS('',3,(#3036,#3037,#3038,#3039),
  .UNSPECIFIED.,.F.,.F.,(4,4),(-7.326845302457E-02,0.),
  .PIECEWISE_BEZIER_KNOTS.);
#3036 = CARTESIAN_POINT('',(0.353553390593,-3.7005476497));
#3037 = CARTESIAN_POINT('',(0.118898675822,-3.7682863941));
#3038 = CARTESIAN_POINT('',(-0.117606501922,-3.8337492962));
#3039 = CARTESIAN_POINT('',(-0.353553390593,-3.8968085386));
#3040 = ( GEOMETRIC_REPRESENTATION_CONTEXT(2) 
PARAMETRIC_REPRESENTATION_CONTEXT() REPRESENTATION_CONTEXT('2D SPACE',''
  ) );
#3041 = ADVANCED_FACE('',(#3042),#1073,.T.);
#3042 = FACE_BOUND('',#3043,.T.);
#3043 = EDGE_LOOP('',(#3044,#3045,#3066,#3067));
#3044 = ORIENTED_EDGE('',*,*,#1057,.T.);
#3045 = ORIENTED_EDGE('',*,*,#3046,.T.);
#3046 = EDGE_CURVE('',#1058,#2182,#3047,.T.);
#3047 = SURFACE_CURVE('',#3048,(#3052,#3059),.PCURVE_S1.);
#3048 = LINE('',#3049,#3050);
#3049 = CARTESIAN_POINT('',(9.500021613966,-303.9407655778,
    -19.2139461888));
#3050 = VECTOR('',#3051,1.);
#3051 = DIRECTION('',(0.678598344545,-0.281084637715,0.678598344546));
#3052 = PCURVE('',#1073,#3053);
#3053 = DEFINITIONAL_REPRESENTATION('',(#3054),#3058);
#3054 = LINE('',#3055,#3056);
#3055 = CARTESIAN_POINT('',(0.305750690536,0.179975662407));
#3056 = VECTOR('',#3057,1.);
#3057 = DIRECTION('',(-0.94586216504,-0.3245685825));
#3058 = ( GEOMETRIC_REPRESENTATION_CONTEXT(2) 
PARAMETRIC_REPRESENTATION_CONTEXT() REPRESENTATION_CONTEXT('2D SPACE',''
  ) );
#3059 = PCURVE('',#1101,#3060);
#3060 = DEFINITIONAL_REPRESENTATION('',(#3061),#3065);
#3061 = LINE('',#3062,#3063);
#3062 = CARTESIAN_POINT('',(0.353553390593,-4.5418293983));
#3063 = VECTOR('',#3064,1.);
#3064 = DIRECTION('',(-0.959682982261,-0.281084637715));
#3065 = ( GEOMETRIC_REPRESENTATION_CONTEXT(2) 
PARAMETRIC_REPRESENTATION_CONTEXT() REPRESENTATION_CONTEXT('2D SPACE',''
  ) );
#3066 = ORIENTED_EDGE('',*,*,#2181,.T.);
#3067 = ORIENTED_EDGE('',*,*,#2968,.F.);
#3068 = ADVANCED_FACE('',(#3069),#1101,.T.);
#3069 = FACE_BOUND('',#3070,.T.);
#3070 = EDGE_LOOP('',(#3071,#3072,#3073,#3074));
#3071 = ORIENTED_EDGE('',*,*,#1085,.T.);
#3072 = ORIENTED_EDGE('',*,*,#2997,.T.);
#3073 = ORIENTED_EDGE('',*,*,#2230,.T.);
#3074 = ORIENTED_EDGE('',*,*,#3046,.F.);
#3075 = ADVANCED_FACE('',(#3076),#1332,.F.);
#3076 = FACE_BOUND('',#3077,.F.);
#3077 = EDGE_LOOP('',(#3078,#3079,#3101,#3128));
#3078 = ORIENTED_EDGE('',*,*,#1311,.F.);
#3079 = ORIENTED_EDGE('',*,*,#3080,.F.);
#3080 = EDGE_CURVE('',#3081,#1312,#3083,.T.);
#3081 = VERTEX_POINT('',#3082);
#3082 = CARTESIAN_POINT('',(5.50001561555,-286.65,-18.7139461888));
#3083 = SEAM_CURVE('',#3084,(#3087,#3094),.PCURVE_S1.);
#3084 = B_SPLINE_CURVE_WITH_KNOTS('',1,(#3085,#3086),.UNSPECIFIED.,.F.,
  .F.,(2,2),(-0.353553390593,0.353553390593),.PIECEWISE_BEZIER_KNOTS.);
#3085 = CARTESIAN_POINT('',(5.50001561555,-286.65,-18.7139461888));
#3086 = CARTESIAN_POINT('',(5.000015615551,-286.65,-19.2139461888));
#3087 = PCURVE('',#1332,#3088);
#3088 = DEFINITIONAL_REPRESENTATION('',(#3089),#3093);
#3089 = LINE('',#3090,#3091);
#3090 = CARTESIAN_POINT('',(0.,0.));
#3091 = VECTOR('',#3092,1.);
#3092 = DIRECTION('',(0.,1.));
#3093 = ( GEOMETRIC_REPRESENTATION_CONTEXT(2) 
PARAMETRIC_REPRESENTATION_CONTEXT() REPRESENTATION_CONTEXT('2D SPACE',''
  ) );
#3094 = PCURVE('',#1332,#3095);
#3095 = DEFINITIONAL_REPRESENTATION('',(#3096),#3100);
#3096 = LINE('',#3097,#3098);
#3097 = CARTESIAN_POINT('',(6.28318530718,0.));
#3098 = VECTOR('',#3099,1.);
#3099 = DIRECTION('',(0.,1.));
#3100 = ( GEOMETRIC_REPRESENTATION_CONTEXT(2) 
PARAMETRIC_REPRESENTATION_CONTEXT() REPRESENTATION_CONTEXT('2D SPACE',''
  ) );
#3101 = ORIENTED_EDGE('',*,*,#3102,.F.);
#3102 = EDGE_CURVE('',#3081,#3081,#3103,.T.);
#3103 = SURFACE_CURVE('',#3104,(#3109,#3116),.PCURVE_S1.);
#3104 = CIRCLE('',#3105,1.5);
#3105 = AXIS2_PLACEMENT_3D('',#3106,#3107,#3108);
#3106 = CARTESIAN_POINT('',(7.00001561555,-286.65,-18.7139461888));
#3107 = DIRECTION('',(-5.839773109528E-13,0.,1.));
#3108 = DIRECTION('',(-1.,0.,-5.839773109528E-13));
#3109 = PCURVE('',#1332,#3110);
#3110 = DEFINITIONAL_REPRESENTATION('',(#3111),#3115);
#3111 = LINE('',#3112,#3113);
#3112 = CARTESIAN_POINT('',(6.28318530718,-0.25));
#3113 = VECTOR('',#3114,1.);
#3114 = DIRECTION('',(-1.,0.));
#3115 = ( GEOMETRIC_REPRESENTATION_CONTEXT(2) 
PARAMETRIC_REPRESENTATION_CONTEXT() REPRESENTATION_CONTEXT('2D SPACE',''
  ) );
#3116 = PCURVE('',#3117,#3122);
#3117 = CYLINDRICAL_SURFACE('',#3118,1.5);
#3118 = AXIS2_PLACEMENT_3D('',#3119,#3120,#3121);
#3119 = CARTESIAN_POINT('',(7.000015615551,-286.65,-19.2139461888));
#3120 = DIRECTION('',(-5.839773109528E-13,0.,1.));
#3121 = DIRECTION('',(-1.,0.,-5.839773109528E-13));
#3122 = DEFINITIONAL_REPRESENTATION('',(#3123),#3127);
#3123 = LINE('',#3124,#3125);
#3124 = CARTESIAN_POINT('',(0.,0.5));
#3125 = VECTOR('',#3126,1.);
#3126 = DIRECTION('',(1.,0.));
#3127 = ( GEOMETRIC_REPRESENTATION_CONTEXT(2) 
PARAMETRIC_REPRESENTATION_CONTEXT() REPRESENTATION_CONTEXT('2D SPACE',''
  ) );
#3128 = ORIENTED_EDGE('',*,*,#3080,.T.);
#3129 = ADVANCED_FACE('',(#3130),#1367,.F.);
#3130 = FACE_BOUND('',#3131,.F.);
#3131 = EDGE_LOOP('',(#3132,#3133,#3155,#3182));
#3132 = ORIENTED_EDGE('',*,*,#1346,.F.);
#3133 = ORIENTED_EDGE('',*,*,#3134,.F.);
#3134 = EDGE_CURVE('',#3135,#1347,#3137,.T.);
#3135 = VERTEX_POINT('',#3136);
#3136 = CARTESIAN_POINT('',(-8.49998438445,-286.65,-18.71394618881));
#3137 = SEAM_CURVE('',#3138,(#3141,#3148),.PCURVE_S1.);
#3138 = B_SPLINE_CURVE_WITH_KNOTS('',1,(#3139,#3140),.UNSPECIFIED.,.F.,
  .F.,(2,2),(-0.353553390593,0.353553390593),.PIECEWISE_BEZIER_KNOTS.);
#3139 = CARTESIAN_POINT('',(-8.49998438445,-286.65,-18.71394618881));
#3140 = CARTESIAN_POINT('',(-8.999984384449,-286.65,-19.21394618881));
#3141 = PCURVE('',#1367,#3142);
#3142 = DEFINITIONAL_REPRESENTATION('',(#3143),#3147);
#3143 = LINE('',#3144,#3145);
#3144 = CARTESIAN_POINT('',(0.,0.));
#3145 = VECTOR('',#3146,1.);
#3146 = DIRECTION('',(0.,1.));
#3147 = ( GEOMETRIC_REPRESENTATION_CONTEXT(2) 
PARAMETRIC_REPRESENTATION_CONTEXT() REPRESENTATION_CONTEXT('2D SPACE',''
  ) );
#3148 = PCURVE('',#1367,#3149);
#3149 = DEFINITIONAL_REPRESENTATION('',(#3150),#3154);
#3150 = LINE('',#3151,#3152);
#3151 = CARTESIAN_POINT('',(6.28318530718,0.));
#3152 = VECTOR('',#3153,1.);
#3153 = DIRECTION('',(0.,1.));
#3154 = ( GEOMETRIC_REPRESENTATION_CONTEXT(2) 
PARAMETRIC_REPRESENTATION_CONTEXT() REPRESENTATION_CONTEXT('2D SPACE',''
  ) );
#3155 = ORIENTED_EDGE('',*,*,#3156,.F.);
#3156 = EDGE_CURVE('',#3135,#3135,#3157,.T.);
#3157 = SURFACE_CURVE('',#3158,(#3163,#3170),.PCURVE_S1.);
#3158 = CIRCLE('',#3159,1.5);
#3159 = AXIS2_PLACEMENT_3D('',#3160,#3161,#3162);
#3160 = CARTESIAN_POINT('',(-6.99998438445,-286.65,-18.71394618881));
#3161 = DIRECTION('',(-5.839773109528E-13,0.,1.));
#3162 = DIRECTION('',(-1.,0.,-5.839773109528E-13));
#3163 = PCURVE('',#1367,#3164);
#3164 = DEFINITIONAL_REPRESENTATION('',(#3165),#3169);
#3165 = LINE('',#3166,#3167);
#3166 = CARTESIAN_POINT('',(6.28318530718,-0.25));
#3167 = VECTOR('',#3168,1.);
#3168 = DIRECTION('',(-1.,0.));
#3169 = ( GEOMETRIC_REPRESENTATION_CONTEXT(2) 
PARAMETRIC_REPRESENTATION_CONTEXT() REPRESENTATION_CONTEXT('2D SPACE',''
  ) );
#3170 = PCURVE('',#3171,#3176);
#3171 = CYLINDRICAL_SURFACE('',#3172,1.5);
#3172 = AXIS2_PLACEMENT_3D('',#3173,#3174,#3175);
#3173 = CARTESIAN_POINT('',(-6.999984384449,-286.65,-19.21394618881));
#3174 = DIRECTION('',(-5.839773109528E-13,0.,1.));
#3175 = DIRECTION('',(-1.,0.,-5.839773109528E-13));
#3176 = DEFINITIONAL_REPRESENTATION('',(#3177),#3181);
#3177 = LINE('',#3178,#3179);
#3178 = CARTESIAN_POINT('',(0.,0.5));
#3179 = VECTOR('',#3180,1.);
#3180 = DIRECTION('',(1.,0.));
#3181 = ( GEOMETRIC_REPRESENTATION_CONTEXT(2) 
PARAMETRIC_REPRESENTATION_CONTEXT() REPRESENTATION_CONTEXT('2D SPACE',''
  ) );
#3182 = ORIENTED_EDGE('',*,*,#3134,.T.);
#3183 = ADVANCED_FACE('',(#3184),#1398,.F.);
#3184 = FACE_BOUND('',#3185,.F.);
#3185 = EDGE_LOOP('',(#3186,#3215,#3236,#3237));
#3186 = ORIENTED_EDGE('',*,*,#3187,.F.);
#3187 = EDGE_CURVE('',#3188,#3188,#3190,.T.);
#3188 = VERTEX_POINT('',#3189);
#3189 = CARTESIAN_POINT('',(2.1,-293.65,-8.213946188811));
#3190 = SURFACE_CURVE('',#3191,(#3196,#3203),.PCURVE_S1.);
#3191 = CIRCLE('',#3192,2.1);
#3192 = AXIS2_PLACEMENT_3D('',#3193,#3194,#3195);
#3193 = CARTESIAN_POINT('',(0.,-293.65,-8.213946188812));
#3194 = DIRECTION('',(0.,0.,1.));
#3195 = DIRECTION('',(1.,0.,-0.));
#3196 = PCURVE('',#1398,#3197);
#3197 = DEFINITIONAL_REPRESENTATION('',(#3198),#3202);
#3198 = LINE('',#3199,#3200);
#3199 = CARTESIAN_POINT('',(0.,61.786053811188));
#3200 = VECTOR('',#3201,1.);
#3201 = DIRECTION('',(1.,0.));
#3202 = ( GEOMETRIC_REPRESENTATION_CONTEXT(2) 
PARAMETRIC_REPRESENTATION_CONTEXT() REPRESENTATION_CONTEXT('2D SPACE',''
  ) );
#3203 = PCURVE('',#3204,#3209);
#3204 = PLANE('',#3205);
#3205 = AXIS2_PLACEMENT_3D('',#3206,#3207,#3208);
#3206 = CARTESIAN_POINT('',(1.561552571864E-05,-293.65,-8.213946188812)
  );
#3207 = DIRECTION('',(-5.839773109528E-13,0.,1.));
#3208 = DIRECTION('',(-1.,0.,-5.839773109528E-13));
#3209 = DEFINITIONAL_REPRESENTATION('',(#3210),#3214);
#3210 = CIRCLE('',#3211,2.1);
#3211 = AXIS2_PLACEMENT_2D('',#3212,#3213);
#3212 = CARTESIAN_POINT('',(1.561552571864E-05,0.));
#3213 = DIRECTION('',(-1.,-0.));
#3214 = ( GEOMETRIC_REPRESENTATION_CONTEXT(2) 
PARAMETRIC_REPRESENTATION_CONTEXT() REPRESENTATION_CONTEXT('2D SPACE',''
  ) );
#3215 = ORIENTED_EDGE('',*,*,#3216,.F.);
#3216 = EDGE_CURVE('',#1382,#3188,#3217,.T.);
#3217 = SEAM_CURVE('',#3218,(#3222,#3229),.PCURVE_S1.);
#3218 = LINE('',#3219,#3220);
#3219 = CARTESIAN_POINT('',(2.1,-293.65,-70.));
#3220 = VECTOR('',#3221,1.);
#3221 = DIRECTION('',(0.,0.,1.));
#3222 = PCURVE('',#1398,#3223);
#3223 = DEFINITIONAL_REPRESENTATION('',(#3224),#3228);
#3224 = LINE('',#3225,#3226);
#3225 = CARTESIAN_POINT('',(6.28318530718,-0.));
#3226 = VECTOR('',#3227,1.);
#3227 = DIRECTION('',(0.,1.));
#3228 = ( GEOMETRIC_REPRESENTATION_CONTEXT(2) 
PARAMETRIC_REPRESENTATION_CONTEXT() REPRESENTATION_CONTEXT('2D SPACE',''
  ) );
#3229 = PCURVE('',#1398,#3230);
#3230 = DEFINITIONAL_REPRESENTATION('',(#3231),#3235);
#3231 = LINE('',#3232,#3233);
#3232 = CARTESIAN_POINT('',(0.,-0.));
#3233 = VECTOR('',#3234,1.);
#3234 = DIRECTION('',(0.,1.));
#3235 = ( GEOMETRIC_REPRESENTATION_CONTEXT(2) 
PARAMETRIC_REPRESENTATION_CONTEXT() REPRESENTATION_CONTEXT('2D SPACE',''
  ) );
#3236 = ORIENTED_EDGE('',*,*,#1381,.T.);
#3237 = ORIENTED_EDGE('',*,*,#3216,.T.);
#3238 = ADVANCED_FACE('',(#3239),#1436,.F.);
#3239 = FACE_BOUND('',#3240,.F.);
#3240 = EDGE_LOOP('',(#3241,#3242,#3264,#3291));
#3241 = ORIENTED_EDGE('',*,*,#1415,.F.);
#3242 = ORIENTED_EDGE('',*,*,#3243,.F.);
#3243 = EDGE_CURVE('',#3244,#1416,#3246,.T.);
#3244 = VERTEX_POINT('',#3245);
#3245 = CARTESIAN_POINT('',(-8.49998438445,-300.65,-18.71394618881));
#3246 = SEAM_CURVE('',#3247,(#3250,#3257),.PCURVE_S1.);
#3247 = B_SPLINE_CURVE_WITH_KNOTS('',1,(#3248,#3249),.UNSPECIFIED.,.F.,
  .F.,(2,2),(-0.353553390593,0.353553390593),.PIECEWISE_BEZIER_KNOTS.);
#3248 = CARTESIAN_POINT('',(-8.49998438445,-300.65,-18.71394618881));
#3249 = CARTESIAN_POINT('',(-8.999984384449,-300.65,-19.21394618881));
#3250 = PCURVE('',#1436,#3251);
#3251 = DEFINITIONAL_REPRESENTATION('',(#3252),#3256);
#3252 = LINE('',#3253,#3254);
#3253 = CARTESIAN_POINT('',(0.,0.));
#3254 = VECTOR('',#3255,1.);
#3255 = DIRECTION('',(0.,1.));
#3256 = ( GEOMETRIC_REPRESENTATION_CONTEXT(2) 
PARAMETRIC_REPRESENTATION_CONTEXT() REPRESENTATION_CONTEXT('2D SPACE',''
  ) );
#3257 = PCURVE('',#1436,#3258);
#3258 = DEFINITIONAL_REPRESENTATION('',(#3259),#3263);
#3259 = LINE('',#3260,#3261);
#3260 = CARTESIAN_POINT('',(6.28318530718,0.));
#3261 = VECTOR('',#3262,1.);
#3262 = DIRECTION('',(0.,1.));
#3263 = ( GEOMETRIC_REPRESENTATION_CONTEXT(2) 
PARAMETRIC_REPRESENTATION_CONTEXT() REPRESENTATION_CONTEXT('2D SPACE',''
  ) );
#3264 = ORIENTED_EDGE('',*,*,#3265,.F.);
#3265 = EDGE_CURVE('',#3244,#3244,#3266,.T.);
#3266 = SURFACE_CURVE('',#3267,(#3272,#3279),.PCURVE_S1.);
#3267 = CIRCLE('',#3268,1.5);
#3268 = AXIS2_PLACEMENT_3D('',#3269,#3270,#3271);
#3269 = CARTESIAN_POINT('',(-6.99998438445,-300.65,-18.71394618881));
#3270 = DIRECTION('',(-5.839773109528E-13,0.,1.));
#3271 = DIRECTION('',(-1.,0.,-5.839773109528E-13));
#3272 = PCURVE('',#1436,#3273);
#3273 = DEFINITIONAL_REPRESENTATION('',(#3274),#3278);
#3274 = LINE('',#3275,#3276);
#3275 = CARTESIAN_POINT('',(6.28318530718,-0.25));
#3276 = VECTOR('',#3277,1.);
#3277 = DIRECTION('',(-1.,0.));
#3278 = ( GEOMETRIC_REPRESENTATION_CONTEXT(2) 
PARAMETRIC_REPRESENTATION_CONTEXT() REPRESENTATION_CONTEXT('2D SPACE',''
  ) );
#3279 = PCURVE('',#3280,#3285);
#3280 = CYLINDRICAL_SURFACE('',#3281,1.5);
#3281 = AXIS2_PLACEMENT_3D('',#3282,#3283,#3284);
#3282 = CARTESIAN_POINT('',(-6.999984384449,-300.65,-19.21394618881));
#3283 = DIRECTION('',(-5.839773109528E-13,0.,1.));
#3284 = DIRECTION('',(-1.,0.,-5.839773109528E-13));
#3285 = DEFINITIONAL_REPRESENTATION('',(#3286),#3290);
#3286 = LINE('',#3287,#3288);
#3287 = CARTESIAN_POINT('',(0.,0.5));
#3288 = VECTOR('',#3289,1.);
#3289 = DIRECTION('',(1.,0.));
#3290 = ( GEOMETRIC_REPRESENTATION_CONTEXT(2) 
PARAMETRIC_REPRESENTATION_CONTEXT() REPRESENTATION_CONTEXT('2D SPACE',''
  ) );
#3291 = ORIENTED_EDGE('',*,*,#3243,.T.);
#3292 = ADVANCED_FACE('',(#3293),#1468,.T.);
#3293 = FACE_BOUND('',#3294,.T.);
#3294 = EDGE_LOOP('',(#3295,#3296,#3318,#3345));
#3295 = ORIENTED_EDGE('',*,*,#1451,.F.);
#3296 = ORIENTED_EDGE('',*,*,#3297,.T.);
#3297 = EDGE_CURVE('',#1452,#3298,#3300,.T.);
#3298 = VERTEX_POINT('',#3299);
#3299 = CARTESIAN_POINT('',(-4.999984384474,-293.65,-9.213946188815));
#3300 = SEAM_CURVE('',#3301,(#3304,#3311),.PCURVE_S1.);
#3301 = B_SPLINE_CURVE_WITH_KNOTS('',1,(#3302,#3303),.UNSPECIFIED.,.F.,
  .F.,(2,2),(1.,6.),.PIECEWISE_BEZIER_KNOTS.);
#3302 = CARTESIAN_POINT('',(-4.999984384471,-293.65,-14.21394618881));
#3303 = CARTESIAN_POINT('',(-4.999984384474,-293.65,-9.213946188815));
#3304 = PCURVE('',#1468,#3305);
#3305 = DEFINITIONAL_REPRESENTATION('',(#3306),#3310);
#3306 = LINE('',#3307,#3308);
#3307 = CARTESIAN_POINT('',(6.28318530718,0.));
#3308 = VECTOR('',#3309,1.);
#3309 = DIRECTION('',(0.,1.));
#3310 = ( GEOMETRIC_REPRESENTATION_CONTEXT(2) 
PARAMETRIC_REPRESENTATION_CONTEXT() REPRESENTATION_CONTEXT('2D SPACE',''
  ) );
#3311 = PCURVE('',#1468,#3312);
#3312 = DEFINITIONAL_REPRESENTATION('',(#3313),#3317);
#3313 = LINE('',#3314,#3315);
#3314 = CARTESIAN_POINT('',(4.138911435803E-13,0.));
#3315 = VECTOR('',#3316,1.);
#3316 = DIRECTION('',(0.,1.));
#3317 = ( GEOMETRIC_REPRESENTATION_CONTEXT(2) 
PARAMETRIC_REPRESENTATION_CONTEXT() REPRESENTATION_CONTEXT('2D SPACE',''
  ) );
#3318 = ORIENTED_EDGE('',*,*,#3319,.F.);
#3319 = EDGE_CURVE('',#3298,#3298,#3320,.T.);
#3320 = SURFACE_CURVE('',#3321,(#3326,#3333),.PCURVE_S1.);
#3321 = CIRCLE('',#3322,5.);
#3322 = AXIS2_PLACEMENT_3D('',#3323,#3324,#3325);
#3323 = CARTESIAN_POINT('',(1.561552630246E-05,-293.65,-9.213946188812)
  );
#3324 = DIRECTION('',(-5.839773109528E-13,0.,1.));
#3325 = DIRECTION('',(-1.,0.,-5.839773109528E-13));
#3326 = PCURVE('',#1468,#3327);
#3327 = DEFINITIONAL_REPRESENTATION('',(#3328),#3332);
#3328 = LINE('',#3329,#3330);
#3329 = CARTESIAN_POINT('',(0.,6.));
#3330 = VECTOR('',#3331,1.);
#3331 = DIRECTION('',(1.,0.));
#3332 = ( GEOMETRIC_REPRESENTATION_CONTEXT(2) 
PARAMETRIC_REPRESENTATION_CONTEXT() REPRESENTATION_CONTEXT('2D SPACE',''
  ) );
#3333 = PCURVE('',#3334,#3339);
#3334 = CONICAL_SURFACE('',#3335,4.5,0.785398163397);
#3335 = AXIS2_PLACEMENT_3D('',#3336,#3337,#3338);
#3336 = CARTESIAN_POINT('',(1.561552601047E-05,-293.65,-8.713946188812)
  );
#3337 = DIRECTION('',(5.839773109528E-13,0.,-1.));
#3338 = DIRECTION('',(-1.,0.,-5.839773109528E-13));
#3339 = DEFINITIONAL_REPRESENTATION('',(#3340),#3344);
#3340 = LINE('',#3341,#3342);
#3341 = CARTESIAN_POINT('',(6.28318530718,0.5));
#3342 = VECTOR('',#3343,1.);
#3343 = DIRECTION('',(-1.,0.));
#3344 = ( GEOMETRIC_REPRESENTATION_CONTEXT(2) 
PARAMETRIC_REPRESENTATION_CONTEXT() REPRESENTATION_CONTEXT('2D SPACE',''
  ) );
#3345 = ORIENTED_EDGE('',*,*,#3297,.F.);
#3346 = ADVANCED_FACE('',(#3347,#3377),#1522,.T.);
#3347 = FACE_BOUND('',#3348,.T.);
#3348 = EDGE_LOOP('',(#3349));
#3349 = ORIENTED_EDGE('',*,*,#3350,.T.);
#3350 = EDGE_CURVE('',#3351,#3351,#3353,.T.);
#3351 = VERTEX_POINT('',#3352);
#3352 = CARTESIAN_POINT('',(-8.499984384451,-300.65,-16.21394618881));
#3353 = SURFACE_CURVE('',#3354,(#3359,#3370),.PCURVE_S1.);
#3354 = CIRCLE('',#3355,1.5);
#3355 = AXIS2_PLACEMENT_3D('',#3356,#3357,#3358);
#3356 = CARTESIAN_POINT('',(-6.999984384451,-300.65,-16.21394618881));
#3357 = DIRECTION('',(5.839773109528E-13,0.,-1.));
#3358 = DIRECTION('',(-1.,0.,-5.839773109528E-13));
#3359 = PCURVE('',#1522,#3360);
#3360 = DEFINITIONAL_REPRESENTATION('',(#3361),#3369);
#3361 = ( BOUNDED_CURVE() B_SPLINE_CURVE(2,(#3362,#3363,#3364,#3365,
#3366,#3367,#3368),.UNSPECIFIED.,.T.,.F.) B_SPLINE_CURVE_WITH_KNOTS((1,2
    ,2,2,2,1),(-2.094395102393,0.,2.094395102393,4.188790204786,
6.28318530718,8.377580409573),.UNSPECIFIED.) CURVE() 
GEOMETRIC_REPRESENTATION_ITEM() RATIONAL_B_SPLINE_CURVE((1.,0.5,1.,0.5,
1.,0.5,1.)) REPRESENTATION_ITEM('') );
#3362 = CARTESIAN_POINT('',(8.5,7.));
#3363 = CARTESIAN_POINT('',(8.5,4.401923788647));
#3364 = CARTESIAN_POINT('',(6.25,5.700961894323));
#3365 = CARTESIAN_POINT('',(4.,7.));
#3366 = CARTESIAN_POINT('',(6.25,8.299038105677));
#3367 = CARTESIAN_POINT('',(8.5,9.598076211353));
#3368 = CARTESIAN_POINT('',(8.5,7.));
#3369 = ( GEOMETRIC_REPRESENTATION_CONTEXT(2) 
PARAMETRIC_REPRESENTATION_CONTEXT() REPRESENTATION_CONTEXT('2D SPACE',''
  ) );
#3370 = PCURVE('',#3280,#3371);
#3371 = DEFINITIONAL_REPRESENTATION('',(#3372),#3376);
#3372 = LINE('',#3373,#3374);
#3373 = CARTESIAN_POINT('',(6.28318530718,3.));
#3374 = VECTOR('',#3375,1.);
#3375 = DIRECTION('',(-1.,0.));
#3376 = ( GEOMETRIC_REPRESENTATION_CONTEXT(2) 
PARAMETRIC_REPRESENTATION_CONTEXT() REPRESENTATION_CONTEXT('2D SPACE',''
  ) );
#3377 = FACE_BOUND('',#3378,.T.);
#3378 = EDGE_LOOP('',(#3379));
#3379 = ORIENTED_EDGE('',*,*,#1505,.T.);
#3380 = ADVANCED_FACE('',(#3381,#3411),#1576,.T.);
#3381 = FACE_BOUND('',#3382,.T.);
#3382 = EDGE_LOOP('',(#3383));
#3383 = ORIENTED_EDGE('',*,*,#3384,.T.);
#3384 = EDGE_CURVE('',#3385,#3385,#3387,.T.);
#3385 = VERTEX_POINT('',#3386);
#3386 = CARTESIAN_POINT('',(-8.499984384451,-286.65,-16.21394618881));
#3387 = SURFACE_CURVE('',#3388,(#3393,#3404),.PCURVE_S1.);
#3388 = CIRCLE('',#3389,1.5);
#3389 = AXIS2_PLACEMENT_3D('',#3390,#3391,#3392);
#3390 = CARTESIAN_POINT('',(-6.999984384451,-286.65,-16.21394618881));
#3391 = DIRECTION('',(5.839773109528E-13,0.,-1.));
#3392 = DIRECTION('',(-1.,0.,-5.839773109528E-13));
#3393 = PCURVE('',#1576,#3394);
#3394 = DEFINITIONAL_REPRESENTATION('',(#3395),#3403);
#3395 = ( BOUNDED_CURVE() B_SPLINE_CURVE(2,(#3396,#3397,#3398,#3399,
#3400,#3401,#3402),.UNSPECIFIED.,.T.,.F.) B_SPLINE_CURVE_WITH_KNOTS((1,2
    ,2,2,2,1),(-2.094395102393,0.,2.094395102393,4.188790204786,
6.28318530718,8.377580409573),.UNSPECIFIED.) CURVE() 
GEOMETRIC_REPRESENTATION_ITEM() RATIONAL_B_SPLINE_CURVE((1.,0.5,1.,0.5,
1.,0.5,1.)) REPRESENTATION_ITEM('') );
#3396 = CARTESIAN_POINT('',(8.5,-7.));
#3397 = CARTESIAN_POINT('',(8.5,-9.598076211353));
#3398 = CARTESIAN_POINT('',(6.25,-8.299038105677));
#3399 = CARTESIAN_POINT('',(4.,-7.));
#3400 = CARTESIAN_POINT('',(6.25,-5.700961894323));
#3401 = CARTESIAN_POINT('',(8.5,-4.401923788647));
#3402 = CARTESIAN_POINT('',(8.5,-7.));
#3403 = ( GEOMETRIC_REPRESENTATION_CONTEXT(2) 
PARAMETRIC_REPRESENTATION_CONTEXT() REPRESENTATION_CONTEXT('2D SPACE',''
  ) );
#3404 = PCURVE('',#3171,#3405);
#3405 = DEFINITIONAL_REPRESENTATION('',(#3406),#3410);
#3406 = LINE('',#3407,#3408);
#3407 = CARTESIAN_POINT('',(6.28318530718,3.));
#3408 = VECTOR('',#3409,1.);
#3409 = DIRECTION('',(-1.,0.));
#3410 = ( GEOMETRIC_REPRESENTATION_CONTEXT(2) 
PARAMETRIC_REPRESENTATION_CONTEXT() REPRESENTATION_CONTEXT('2D SPACE',''
  ) );
#3411 = FACE_BOUND('',#3412,.T.);
#3412 = EDGE_LOOP('',(#3413));
#3413 = ORIENTED_EDGE('',*,*,#1559,.T.);
#3414 = ADVANCED_FACE('',(#3415,#3445),#1630,.T.);
#3415 = FACE_BOUND('',#3416,.T.);
#3416 = EDGE_LOOP('',(#3417));
#3417 = ORIENTED_EDGE('',*,*,#3418,.T.);
#3418 = EDGE_CURVE('',#3419,#3419,#3421,.T.);
#3419 = VERTEX_POINT('',#3420);
#3420 = CARTESIAN_POINT('',(5.500015615549,-286.65,-16.2139461888));
#3421 = SURFACE_CURVE('',#3422,(#3427,#3438),.PCURVE_S1.);
#3422 = CIRCLE('',#3423,1.5);
#3423 = AXIS2_PLACEMENT_3D('',#3424,#3425,#3426);
#3424 = CARTESIAN_POINT('',(7.000015615549,-286.65,-16.2139461888));
#3425 = DIRECTION('',(5.839773109528E-13,0.,-1.));
#3426 = DIRECTION('',(-1.,0.,-5.839773109528E-13));
#3427 = PCURVE('',#1630,#3428);
#3428 = DEFINITIONAL_REPRESENTATION('',(#3429),#3437);
#3429 = ( BOUNDED_CURVE() B_SPLINE_CURVE(2,(#3430,#3431,#3432,#3433,
#3434,#3435,#3436),.UNSPECIFIED.,.T.,.F.) B_SPLINE_CURVE_WITH_KNOTS((1,2
    ,2,2,2,1),(-2.094395102393,0.,2.094395102393,4.188790204786,
6.28318530718,8.377580409573),.UNSPECIFIED.) CURVE() 
GEOMETRIC_REPRESENTATION_ITEM() RATIONAL_B_SPLINE_CURVE((1.,0.5,1.,0.5,
1.,0.5,1.)) REPRESENTATION_ITEM('') );
#3430 = CARTESIAN_POINT('',(-5.5,-7.));
#3431 = CARTESIAN_POINT('',(-5.5,-9.598076211353));
#3432 = CARTESIAN_POINT('',(-7.75,-8.299038105677));
#3433 = CARTESIAN_POINT('',(-10.,-7.));
#3434 = CARTESIAN_POINT('',(-7.75,-5.700961894323));
#3435 = CARTESIAN_POINT('',(-5.5,-4.401923788647));
#3436 = CARTESIAN_POINT('',(-5.5,-7.));
#3437 = ( GEOMETRIC_REPRESENTATION_CONTEXT(2) 
PARAMETRIC_REPRESENTATION_CONTEXT() REPRESENTATION_CONTEXT('2D SPACE',''
  ) );
#3438 = PCURVE('',#3117,#3439);
#3439 = DEFINITIONAL_REPRESENTATION('',(#3440),#3444);
#3440 = LINE('',#3441,#3442);
#3441 = CARTESIAN_POINT('',(6.28318530718,3.));
#3442 = VECTOR('',#3443,1.);
#3443 = DIRECTION('',(-1.,0.));
#3444 = ( GEOMETRIC_REPRESENTATION_CONTEXT(2) 
PARAMETRIC_REPRESENTATION_CONTEXT() REPRESENTATION_CONTEXT('2D SPACE',''
  ) );
#3445 = FACE_BOUND('',#3446,.T.);
#3446 = EDGE_LOOP('',(#3447));
#3447 = ORIENTED_EDGE('',*,*,#1613,.T.);
#3448 = ADVANCED_FACE('',(#3449),#3117,.F.);
#3449 = FACE_BOUND('',#3450,.F.);
#3450 = EDGE_LOOP('',(#3451,#3452,#3472,#3473));
#3451 = ORIENTED_EDGE('',*,*,#3102,.T.);
#3452 = ORIENTED_EDGE('',*,*,#3453,.T.);
#3453 = EDGE_CURVE('',#3081,#3419,#3454,.T.);
#3454 = SEAM_CURVE('',#3455,(#3458,#3465),.PCURVE_S1.);
#3455 = B_SPLINE_CURVE_WITH_KNOTS('',1,(#3456,#3457),.UNSPECIFIED.,.F.,
  .F.,(2,2),(0.5,3.),.PIECEWISE_BEZIER_KNOTS.);
#3456 = CARTESIAN_POINT('',(5.50001561555,-286.65,-18.7139461888));
#3457 = CARTESIAN_POINT('',(5.500015615549,-286.65,-16.2139461888));
#3458 = PCURVE('',#3117,#3459);
#3459 = DEFINITIONAL_REPRESENTATION('',(#3460),#3464);
#3460 = LINE('',#3461,#3462);
#3461 = CARTESIAN_POINT('',(6.28318530718,0.));
#3462 = VECTOR('',#3463,1.);
#3463 = DIRECTION('',(0.,1.));
#3464 = ( GEOMETRIC_REPRESENTATION_CONTEXT(2) 
PARAMETRIC_REPRESENTATION_CONTEXT() REPRESENTATION_CONTEXT('2D SPACE',''
  ) );
#3465 = PCURVE('',#3117,#3466);
#3466 = DEFINITIONAL_REPRESENTATION('',(#3467),#3471);
#3467 = LINE('',#3468,#3469);
#3468 = CARTESIAN_POINT('',(4.138911435803E-13,0.));
#3469 = VECTOR('',#3470,1.);
#3470 = DIRECTION('',(0.,1.));
#3471 = ( GEOMETRIC_REPRESENTATION_CONTEXT(2) 
PARAMETRIC_REPRESENTATION_CONTEXT() REPRESENTATION_CONTEXT('2D SPACE',''
  ) );
#3472 = ORIENTED_EDGE('',*,*,#3418,.T.);
#3473 = ORIENTED_EDGE('',*,*,#3453,.F.);
#3474 = ADVANCED_FACE('',(#3475),#3171,.F.);
#3475 = FACE_BOUND('',#3476,.F.);
#3476 = EDGE_LOOP('',(#3477,#3478,#3498,#3499));
#3477 = ORIENTED_EDGE('',*,*,#3156,.T.);
#3478 = ORIENTED_EDGE('',*,*,#3479,.T.);
#3479 = EDGE_CURVE('',#3135,#3385,#3480,.T.);
#3480 = SEAM_CURVE('',#3481,(#3484,#3491),.PCURVE_S1.);
#3481 = B_SPLINE_CURVE_WITH_KNOTS('',1,(#3482,#3483),.UNSPECIFIED.,.F.,
  .F.,(2,2),(0.5,3.),.PIECEWISE_BEZIER_KNOTS.);
#3482 = CARTESIAN_POINT('',(-8.49998438445,-286.65,-18.71394618881));
#3483 = CARTESIAN_POINT('',(-8.499984384451,-286.65,-16.21394618881));
#3484 = PCURVE('',#3171,#3485);
#3485 = DEFINITIONAL_REPRESENTATION('',(#3486),#3490);
#3486 = LINE('',#3487,#3488);
#3487 = CARTESIAN_POINT('',(6.28318530718,0.));
#3488 = VECTOR('',#3489,1.);
#3489 = DIRECTION('',(0.,1.));
#3490 = ( GEOMETRIC_REPRESENTATION_CONTEXT(2) 
PARAMETRIC_REPRESENTATION_CONTEXT() REPRESENTATION_CONTEXT('2D SPACE',''
  ) );
#3491 = PCURVE('',#3171,#3492);
#3492 = DEFINITIONAL_REPRESENTATION('',(#3493),#3497);
#3493 = LINE('',#3494,#3495);
#3494 = CARTESIAN_POINT('',(4.138911435803E-13,0.));
#3495 = VECTOR('',#3496,1.);
#3496 = DIRECTION('',(0.,1.));
#3497 = ( GEOMETRIC_REPRESENTATION_CONTEXT(2) 
PARAMETRIC_REPRESENTATION_CONTEXT() REPRESENTATION_CONTEXT('2D SPACE',''
  ) );
#3498 = ORIENTED_EDGE('',*,*,#3384,.T.);
#3499 = ORIENTED_EDGE('',*,*,#3479,.F.);
#3500 = ADVANCED_FACE('',(#3501,#3531),#3204,.T.);
#3501 = FACE_BOUND('',#3502,.T.);
#3502 = EDGE_LOOP('',(#3503));
#3503 = ORIENTED_EDGE('',*,*,#3504,.F.);
#3504 = EDGE_CURVE('',#3505,#3505,#3507,.T.);
#3505 = VERTEX_POINT('',#3506);
#3506 = CARTESIAN_POINT('',(-3.999984384474,-293.65,-8.213946188815));
#3507 = SURFACE_CURVE('',#3508,(#3513,#3524),.PCURVE_S1.);
#3508 = CIRCLE('',#3509,4.);
#3509 = AXIS2_PLACEMENT_3D('',#3510,#3511,#3512);
#3510 = CARTESIAN_POINT('',(1.561552571848E-05,-293.65,-8.213946188812)
  );
#3511 = DIRECTION('',(5.839773109528E-13,0.,-1.));
#3512 = DIRECTION('',(-1.,0.,-5.839773109528E-13));
#3513 = PCURVE('',#3204,#3514);
#3514 = DEFINITIONAL_REPRESENTATION('',(#3515),#3523);
#3515 = ( BOUNDED_CURVE() B_SPLINE_CURVE(2,(#3516,#3517,#3518,#3519,
#3520,#3521,#3522),.UNSPECIFIED.,.T.,.F.) B_SPLINE_CURVE_WITH_KNOTS((1,2
    ,2,2,2,1),(-2.094395102393,0.,2.094395102393,4.188790204786,
6.28318530718,8.377580409573),.UNSPECIFIED.) CURVE() 
GEOMETRIC_REPRESENTATION_ITEM() RATIONAL_B_SPLINE_CURVE((1.,0.5,1.,0.5,
1.,0.5,1.)) REPRESENTATION_ITEM('') );
#3516 = CARTESIAN_POINT('',(4.,0.));
#3517 = CARTESIAN_POINT('',(4.,-6.928203230276));
#3518 = CARTESIAN_POINT('',(-2.,-3.464101615138));
#3519 = CARTESIAN_POINT('',(-8.,-9.797174393179E-16));
#3520 = CARTESIAN_POINT('',(-2.,3.464101615138));
#3521 = CARTESIAN_POINT('',(4.,6.928203230276));
#3522 = CARTESIAN_POINT('',(4.,0.));
#3523 = ( GEOMETRIC_REPRESENTATION_CONTEXT(2) 
PARAMETRIC_REPRESENTATION_CONTEXT() REPRESENTATION_CONTEXT('2D SPACE',''
  ) );
#3524 = PCURVE('',#3334,#3525);
#3525 = DEFINITIONAL_REPRESENTATION('',(#3526),#3530);
#3526 = LINE('',#3527,#3528);
#3527 = CARTESIAN_POINT('',(0.,-0.5));
#3528 = VECTOR('',#3529,1.);
#3529 = DIRECTION('',(1.,0.));
#3530 = ( GEOMETRIC_REPRESENTATION_CONTEXT(2) 
PARAMETRIC_REPRESENTATION_CONTEXT() REPRESENTATION_CONTEXT('2D SPACE',''
  ) );
#3531 = FACE_BOUND('',#3532,.T.);
#3532 = EDGE_LOOP('',(#3533));
#3533 = ORIENTED_EDGE('',*,*,#3187,.F.);
#3534 = ADVANCED_FACE('',(#3535),#3280,.F.);
#3535 = FACE_BOUND('',#3536,.F.);
#3536 = EDGE_LOOP('',(#3537,#3538,#3558,#3559));
#3537 = ORIENTED_EDGE('',*,*,#3265,.T.);
#3538 = ORIENTED_EDGE('',*,*,#3539,.T.);
#3539 = EDGE_CURVE('',#3244,#3351,#3540,.T.);
#3540 = SEAM_CURVE('',#3541,(#3544,#3551),.PCURVE_S1.);
#3541 = B_SPLINE_CURVE_WITH_KNOTS('',1,(#3542,#3543),.UNSPECIFIED.,.F.,
  .F.,(2,2),(0.5,3.),.PIECEWISE_BEZIER_KNOTS.);
#3542 = CARTESIAN_POINT('',(-8.49998438445,-300.65,-18.71394618881));
#3543 = CARTESIAN_POINT('',(-8.499984384451,-300.65,-16.21394618881));
#3544 = PCURVE('',#3280,#3545);
#3545 = DEFINITIONAL_REPRESENTATION('',(#3546),#3550);
#3546 = LINE('',#3547,#3548);
#3547 = CARTESIAN_POINT('',(6.28318530718,0.));
#3548 = VECTOR('',#3549,1.);
#3549 = DIRECTION('',(0.,1.));
#3550 = ( GEOMETRIC_REPRESENTATION_CONTEXT(2) 
PARAMETRIC_REPRESENTATION_CONTEXT() REPRESENTATION_CONTEXT('2D SPACE',''
  ) );
#3551 = PCURVE('',#3280,#3552);
#3552 = DEFINITIONAL_REPRESENTATION('',(#3553),#3557);
#3553 = LINE('',#3554,#3555);
#3554 = CARTESIAN_POINT('',(4.138911435803E-13,0.));
#3555 = VECTOR('',#3556,1.);
#3556 = DIRECTION('',(0.,1.));
#3557 = ( GEOMETRIC_REPRESENTATION_CONTEXT(2) 
PARAMETRIC_REPRESENTATION_CONTEXT() REPRESENTATION_CONTEXT('2D SPACE',''
  ) );
#3558 = ORIENTED_EDGE('',*,*,#3350,.T.);
#3559 = ORIENTED_EDGE('',*,*,#3539,.F.);
#3560 = ADVANCED_FACE('',(#3561),#3334,.T.);
#3561 = FACE_BOUND('',#3562,.T.);
#3562 = EDGE_LOOP('',(#3563,#3564,#3584,#3585));
#3563 = ORIENTED_EDGE('',*,*,#3319,.T.);
#3564 = ORIENTED_EDGE('',*,*,#3565,.F.);
#3565 = EDGE_CURVE('',#3505,#3298,#3566,.T.);
#3566 = SEAM_CURVE('',#3567,(#3570,#3577),.PCURVE_S1.);
#3567 = B_SPLINE_CURVE_WITH_KNOTS('',1,(#3568,#3569),.UNSPECIFIED.,.F.,
  .F.,(2,2),(-0.707106781187,0.707106781187),.PIECEWISE_BEZIER_KNOTS.);
#3568 = CARTESIAN_POINT('',(-3.999984384474,-293.65,-8.213946188815));
#3569 = CARTESIAN_POINT('',(-4.999984384474,-293.65,-9.213946188815));
#3570 = PCURVE('',#3334,#3571);
#3571 = DEFINITIONAL_REPRESENTATION('',(#3572),#3576);
#3572 = LINE('',#3573,#3574);
#3573 = CARTESIAN_POINT('',(0.,0.));
#3574 = VECTOR('',#3575,1.);
#3575 = DIRECTION('',(0.,1.));
#3576 = ( GEOMETRIC_REPRESENTATION_CONTEXT(2) 
PARAMETRIC_REPRESENTATION_CONTEXT() REPRESENTATION_CONTEXT('2D SPACE',''
  ) );
#3577 = PCURVE('',#3334,#3578);
#3578 = DEFINITIONAL_REPRESENTATION('',(#3579),#3583);
#3579 = LINE('',#3580,#3581);
#3580 = CARTESIAN_POINT('',(6.28318530718,0.));
#3581 = VECTOR('',#3582,1.);
#3582 = DIRECTION('',(0.,1.));
#3583 = ( GEOMETRIC_REPRESENTATION_CONTEXT(2) 
PARAMETRIC_REPRESENTATION_CONTEXT() REPRESENTATION_CONTEXT('2D SPACE',''
  ) );
#3584 = ORIENTED_EDGE('',*,*,#3504,.T.);
#3585 = ORIENTED_EDGE('',*,*,#3565,.T.);
#3586 = ( GEOMETRIC_REPRESENTATION_CONTEXT(3) 
GLOBAL_UNCERTAINTY_ASSIGNED_CONTEXT((#3590)) 
GLOBAL_UNIT_ASSIGNED_CONTEXT((#3587,#3588,#3589)) REPRESENTATION_CONTEXT
('Context #1','3D Context with UNIT and UNCERTAINTY') );
#3587 = ( LENGTH_UNIT() NAMED_UNIT(*) SI_UNIT(.MILLI.,.METRE.) );
#3588 = ( NAMED_UNIT(*) PLANE_ANGLE_UNIT() SI_UNIT($,.RADIAN.) );
#3589 = ( NAMED_UNIT(*) SI_UNIT($,.STERADIAN.) SOLID_ANGLE_UNIT() );
#3590 = UNCERTAINTY_MEASURE_WITH_UNIT(LENGTH_MEASURE(1.E-07),#3587,
  'distance_accuracy_value','confusion accuracy');
#3591 = PRODUCT_RELATED_PRODUCT_CATEGORY('part',$,(#7));
ENDSEC;
END-ISO-10303-21;
