ISO-10303-21;
HEADER;
FILE_DESCRIPTION(('Open CASCADE Model'),'2;1');
FILE_NAME('Open CASCADE Shape Model','2026-09-20T16:48:22',('Author'),(
    'Open CASCADE'),'Open CASCADE STEP processor 7.9','Open CASCADE 7.9'
  ,'Unknown');
FILE_SCHEMA(('AUTOMOTIVE_DESIGN { 1 0 10303 214 1 1 1 1 }'));
ENDSEC;
DATA;
#1 = APPLICATION_PROTOCOL_DEFINITION('international standard',
  'automotive_design',2000,#2);
#2 = APPLICATION_CONTEXT(
  'core data for automotive mechanical design processes');
#3 = SHAPE_DEFINITION_REPRESENTATION(#4,#10);
#4 = PRODUCT_DEFINITION_SHAPE('','',#5);
#5 = PRODUCT_DEFINITION('design','',#6,#9);
#6 = PRODUCT_DEFINITION_FORMATION('','',#7);
#7 = PRODUCT('Open CASCADE STEP translator 7.9 11',
  'Open CASCADE STEP translator 7.9 11','',(#8));
#8 = PRODUCT_CONTEXT('',#2,'mechanical');
#9 = PRODUCT_DEFINITION_CONTEXT('part definition',#2,'design');
#10 = ADVANCED_BREP_SHAPE_REPRESENTATION('',(#11,#15),#2373);
#11 = AXIS2_PLACEMENT_3D('',#12,#13,#14);
#12 = CARTESIAN_POINT('',(0.,0.,0.));
#13 = DIRECTION('',(0.,0.,1.));
#14 = DIRECTION('',(1.,0.,-0.));
#15 = MANIFOLD_SOLID_BREP('',#16);
#16 = CLOSED_SHELL('',(#17,#361,#647,#901,#1238,#1972,#2169,#2241,#2293,
    #2366));
#17 = ADVANCED_FACE('',(#18),#32,.T.);
#18 = FACE_BOUND('',#19,.T.);
#19 = EDGE_LOOP('',(#20,#69,#199,#233));
#20 = ORIENTED_EDGE('',*,*,#21,.T.);
#21 = EDGE_CURVE('',#22,#24,#26,.T.);
#22 = VERTEX_POINT('',#23);
#23 = CARTESIAN_POINT('',(2.161396543537E-05,111.7,51.189798495158));
#24 = VERTEX_POINT('',#25);
#25 = CARTESIAN_POINT('',(2.161396561847E-05,5.3,51.189798495158));
#26 = SURFACE_CURVE('',#27,(#31,#50),.PCURVE_S1.);
#27 = LINE('',#28,#29);
#28 = CARTESIAN_POINT('',(2.161396522551E-05,233.65,51.189798495158));
#29 = VECTOR('',#30,1.);
#30 = DIRECTION('',(1.720845688169E-15,-1.,-4.223371915081E-17));
#31 = PCURVE('',#32,#45);
#32 = B_SPLINE_SURFACE_WITH_KNOTS('',3,1,(
    (#33,#34)
    ,(#35,#36)
    ,(#37,#38)
    ,(#39,#40)
    ,(#41,#42)
    ,(#43,#44
    )),.UNSPECIFIED.,.F.,.F.,.F.,(4,1,1,4),(2,2),(0.352650602748,
    0.676325301374,0.838162650687,1.),(0.,1.),.UNSPECIFIED.);
#33 = CARTESIAN_POINT('',(44.827404587954,233.65,19.631295266863));
#34 = CARTESIAN_POINT('',(44.827404587955,1.665334536938E-13,
    19.631295266863));
#35 = CARTESIAN_POINT('',(39.733335278523,233.65,27.876307233729));
#36 = CARTESIAN_POINT('',(39.733335278523,1.665334536938E-13,
    27.876307233728));
#37 = CARTESIAN_POINT('',(29.396865957221,233.65,39.667371041514));
#38 = CARTESIAN_POINT('',(29.396865957222,1.942890293094E-13,
    39.667371041514));
#39 = CARTESIAN_POINT('',(12.990056510198,233.65,49.273507582848));
#40 = CARTESIAN_POINT('',(12.990056510198,8.326672684689E-14,
    49.273507582847));
#41 = CARTESIAN_POINT('',(4.323087001305,233.65,51.189798495158));
#42 = CARTESIAN_POINT('',(4.323087001305,1.110223024625E-13,
    51.189798495158));
#43 = CARTESIAN_POINT('',(2.161396524182E-05,233.65,51.189798495158));
#44 = CARTESIAN_POINT('',(2.161396562765E-05,1.387778780781E-13,
    51.189798495157));
#45 = DEFINITIONAL_REPRESENTATION('',(#46),#49);
#46 = B_SPLINE_CURVE_WITH_KNOTS('',1,(#47,#48),.UNSPECIFIED.,.F.,.F.,(2,
    2),(0.,233.65),.PIECEWISE_BEZIER_KNOTS.);
#47 = CARTESIAN_POINT('',(1.,3.74098958261E-17));
#48 = CARTESIAN_POINT('',(1.,1.));
#49 = ( GEOMETRIC_REPRESENTATION_CONTEXT(2) 
PARAMETRIC_REPRESENTATION_CONTEXT() REPRESENTATION_CONTEXT('2D SPACE',''
  ) );
#50 = PCURVE('',#51,#64);
#51 = B_SPLINE_SURFACE_WITH_KNOTS('',3,1,(
    (#52,#53)
    ,(#54,#55)
    ,(#56,#57)
    ,(#58,#59)
    ,(#60,#61)
    ,(#62,#63
    )),.UNSPECIFIED.,.F.,.F.,.F.,(4,1,1,4),(2,2),(1.850247939751E-02,
    0.180339828574,0.34217717775,0.665851876103),(0.,1.),.UNSPECIFIED.);
#52 = CARTESIAN_POINT('',(2.156157803144E-05,0.,51.189798495157));
#53 = CARTESIAN_POINT('',(2.15615776456E-05,233.65,51.189798495158));
#54 = CARTESIAN_POINT('',(-4.323043822179,0.,51.189798487425));
#55 = CARTESIAN_POINT('',(-4.323043822179,233.65,51.189798487426));
#56 = CARTESIAN_POINT('',(-12.99001332295,1.477368092809E-15,
    49.273507564784));
#57 = CARTESIAN_POINT('',(-12.99001332295,233.65,49.273507564784));
#58 = CARTESIAN_POINT('',(-29.39682275201,-7.386840464047E-15,
    39.667371018372));
#59 = CARTESIAN_POINT('',(-29.39682275201,233.65,39.667371018373));
#60 = CARTESIAN_POINT('',(-39.73329206112,3.250209804181E-14,
    27.876307218867));
#61 = CARTESIAN_POINT('',(-39.73329206112,233.65,27.876307218868));
#62 = CARTESIAN_POINT('',(-44.82736136507,-5.612688261998E-14,
    19.631295258694));
#63 = CARTESIAN_POINT('',(-44.82736136507,233.65,19.631295258695));
#64 = DEFINITIONAL_REPRESENTATION('',(#65),#68);
#65 = B_SPLINE_CURVE_WITH_KNOTS('',1,(#66,#67),.UNSPECIFIED.,.F.,.F.,(2,
    2),(0.,233.65),.PIECEWISE_BEZIER_KNOTS.);
#66 = CARTESIAN_POINT('',(1.850247874379E-02,1.));
#67 = CARTESIAN_POINT('',(1.850247874379E-02,7.065312764673E-16));
#68 = ( GEOMETRIC_REPRESENTATION_CONTEXT(2) 
PARAMETRIC_REPRESENTATION_CONTEXT() REPRESENTATION_CONTEXT('2D SPACE',''
  ) );
#69 = ORIENTED_EDGE('',*,*,#70,.T.);
#70 = EDGE_CURVE('',#24,#71,#73,.T.);
#71 = VERTEX_POINT('',#72);
#72 = CARTESIAN_POINT('',(26.7,5.3,40.302504693486));
#73 = SURFACE_CURVE('',#74,(#112,#153),.PCURVE_S1.);
#74 = B_SPLINE_CURVE_WITH_KNOTS('',8,(#75,#76,#77,#78,#79,#80,#81,#82,
    #83,#84,#85,#86,#87,#88,#89,#90,#91,#92,#93,#94,#95,#96,#97,#98,#99,
    #100,#101,#102,#103,#104,#105,#106,#107,#108,#109,#110,#111),
  .UNSPECIFIED.,.F.,.F.,(9,7,7,7,7,9),(0.,0.394020937241,0.465691103001,
    0.727653374788,0.863365343684,1.),.UNSPECIFIED.);
#75 = CARTESIAN_POINT('',(2.161396561817E-05,5.3,51.189798495157));
#76 = CARTESIAN_POINT('',(1.44716064415,5.3,51.189798495157));
#77 = CARTESIAN_POINT('',(2.894144428295,5.3,51.107995421078));
#78 = CARTESIAN_POINT('',(4.335609103061,5.3,50.947600077081));
#79 = CARTESIAN_POINT('',(5.767155552391,5.3,50.712991687737));
#80 = CARTESIAN_POINT('',(7.185241855057,5.3,50.40907874799));
#81 = CARTESIAN_POINT('',(8.587113373331,5.3,50.040884793489));
#82 = CARTESIAN_POINT('',(9.97075588871,5.3,49.613270022389));
#83 = CARTESIAN_POINT('',(11.582979453098,5.3,49.042922904709));
#84 = CARTESIAN_POINT('',(11.830458178149,5.3,48.953326951013));
#85 = CARTESIAN_POINT('',(12.07728527508,5.3,48.861938342939));
#86 = CARTESIAN_POINT('',(12.323453393037,5.3,48.768783649227));
#87 = CARTESIAN_POINT('',(12.568955788609,5.3,48.673889199603));
#88 = CARTESIAN_POINT('',(12.81378619344,5.3,48.577280781374));
#89 = CARTESIAN_POINT('',(13.057938681844,5.3,48.478983336036));
#90 = CARTESIAN_POINT('',(14.19131276053,5.3,48.01364615849));
#91 = CARTESIAN_POINT('',(15.072065143837,5.3,47.626032343883));
#92 = CARTESIAN_POINT('',(15.943416922845,5.3,47.217344755958));
#93 = CARTESIAN_POINT('',(16.805180218644,5.3,46.788693719076));
#94 = CARTESIAN_POINT('',(17.657222878889,5.3,46.341126031799));
#95 = CARTESIAN_POINT('',(18.499464924529,5.3,45.87561790969));
#96 = CARTESIAN_POINT('',(19.33187560325,5.3,45.393069177166));
#97 = CARTESIAN_POINT('',(20.580624200954,5.3,44.635906070871));
#98 = CARTESIAN_POINT('',(21.004138725672,5.3,44.373162371672));
#99 = CARTESIAN_POINT('',(21.42501463091,5.3,44.106183057847));
#100 = CARTESIAN_POINT('',(21.843253292688,5.3,43.835079075443));
#101 = CARTESIAN_POINT('',(22.258857455959,5.3,43.559956869516));
#102 = CARTESIAN_POINT('',(22.671831234614,5.3,43.28091838413));
#103 = CARTESIAN_POINT('',(23.082180111476,5.3,42.998061062362));
#104 = CARTESIAN_POINT('',(23.90041387218,5.3,42.422946189493));
#105 = CARTESIAN_POINT('',(24.308261912132,5.3,42.130638036894));
#106 = CARTESIAN_POINT('',(24.71346409717,5.3,41.834651196211));
#107 = CARTESIAN_POINT('',(25.116019828386,5.3,41.535065202003));
#108 = CARTESIAN_POINT('',(25.515954575145,5.3,41.231991748308));
#109 = CARTESIAN_POINT('',(25.913254541986,5.3,40.925484763945));
#110 = CARTESIAN_POINT('',(26.307935220073,5.3,40.615632963505));
#111 = CARTESIAN_POINT('',(26.7,5.3,40.302504693486));
#112 = PCURVE('',#32,#113);
#113 = DEFINITIONAL_REPRESENTATION('',(#114),#152);
#114 = B_SPLINE_CURVE_WITH_KNOTS('',8,(#115,#116,#117,#118,#119,#120,
    #121,#122,#123,#124,#125,#126,#127,#128,#129,#130,#131,#132,#133,
    #134,#135,#136,#137,#138,#139,#140,#141,#142,#143,#144,#145,#146,
    #147,#148,#149,#150,#151),.UNSPECIFIED.,.F.,.F.,(9,7,7,7,7,9),(0.,
    0.394020937241,0.465691103001,0.727653374788,0.863365343684,1.),
  .UNSPECIFIED.);
#115 = CARTESIAN_POINT('',(1.,0.977316499037));
#116 = CARTESIAN_POINT('',(0.981941737807,0.977316499037));
#117 = CARTESIAN_POINT('',(0.963896513811,0.977316499037));
#118 = CARTESIAN_POINT('',(0.945911210334,0.977316499037));
#119 = CARTESIAN_POINT('',(0.928020640106,0.977316499037));
#120 = CARTESIAN_POINT('',(0.910250019143,0.977316499037));
#121 = CARTESIAN_POINT('',(0.892616299147,0.977316499037));
#122 = CARTESIAN_POINT('',(0.875128713433,0.977316499037));
#123 = CARTESIAN_POINT('',(0.854634875248,0.977316499037));
#124 = CARTESIAN_POINT('',(0.851485708053,0.977316499037));
#125 = CARTESIAN_POINT('',(0.848341408529,0.977316499037));
#126 = CARTESIAN_POINT('',(0.845201978153,0.977316499037));
#127 = CARTESIAN_POINT('',(0.842067408597,0.977316499037));
#128 = CARTESIAN_POINT('',(0.83893769019,0.977316499037));
#129 = CARTESIAN_POINT('',(0.835812820379,0.977316499037));
#130 = CARTESIAN_POINT('',(0.82128884204,0.977316499037));
#131 = CARTESIAN_POINT('',(0.809950080877,0.977316499037));
#132 = CARTESIAN_POINT('',(0.798676530082,0.977316499037));
#133 = CARTESIAN_POINT('',(0.787467617578,0.977316499037));
#134 = CARTESIAN_POINT('',(0.776322223483,0.977316499037));
#135 = CARTESIAN_POINT('',(0.765238689371,0.977316499037));
#136 = CARTESIAN_POINT('',(0.754214811165,0.977316499037));
#137 = CARTESIAN_POINT('',(0.737566262548,0.977316499037));
#138 = CARTESIAN_POINT('',(0.731900032754,0.977316499037));
#139 = CARTESIAN_POINT('',(0.726248773794,0.977316499037));
#140 = CARTESIAN_POINT('',(0.720612117026,0.977316499037));
#141 = CARTESIAN_POINT('',(0.714989677629,0.977316499037));
#142 = CARTESIAN_POINT('',(0.709381054603,0.977316499037));
#143 = CARTESIAN_POINT('',(0.703785830769,0.977316499037));
#144 = CARTESIAN_POINT('',(0.692583361751,0.977316499037));
#145 = CARTESIAN_POINT('',(0.686976301219,0.977316499037));
#146 = CARTESIAN_POINT('',(0.681381970547,0.977316499037));
#147 = CARTESIAN_POINT('',(0.675799827277,0.977316499037));
#148 = CARTESIAN_POINT('',(0.670229614695,0.977316499037));
#149 = CARTESIAN_POINT('',(0.664670634758,0.977316499037));
#150 = CARTESIAN_POINT('',(0.659122491039,0.977316499037));
#151 = CARTESIAN_POINT('',(0.653584643955,0.977316499037));
#152 = ( GEOMETRIC_REPRESENTATION_CONTEXT(2) 
PARAMETRIC_REPRESENTATION_CONTEXT() REPRESENTATION_CONTEXT('2D SPACE',''
  ) );
#153 = PCURVE('',#154,#159);
#154 = PLANE('',#155);
#155 = AXIS2_PLACEMENT_3D('',#156,#157,#158);
#156 = CARTESIAN_POINT('',(-26.7,5.3,24.));
#157 = DIRECTION('',(-0.,1.,0.));
#158 = DIRECTION('',(0.,0.,1.));
#159 = DEFINITIONAL_REPRESENTATION('',(#160),#198);
#160 = B_SPLINE_CURVE_WITH_KNOTS('',8,(#161,#162,#163,#164,#165,#166,
    #167,#168,#169,#170,#171,#172,#173,#174,#175,#176,#177,#178,#179,
    #180,#181,#182,#183,#184,#185,#186,#187,#188,#189,#190,#191,#192,
    #193,#194,#195,#196,#197),.UNSPECIFIED.,.F.,.F.,(9,7,7,7,7,9),(0.,
    0.394020937241,0.465691103001,0.727653374788,0.863365343684,1.),
  .UNSPECIFIED.);
#161 = CARTESIAN_POINT('',(27.189798495157,26.700021613966));
#162 = CARTESIAN_POINT('',(27.189798495157,28.14716064415));
#163 = CARTESIAN_POINT('',(27.107995421078,29.594144428295));
#164 = CARTESIAN_POINT('',(26.947600077081,31.035609103061));
#165 = CARTESIAN_POINT('',(26.712991687737,32.467155552391));
#166 = CARTESIAN_POINT('',(26.40907874799,33.885241855057));
#167 = CARTESIAN_POINT('',(26.040884793489,35.287113373331));
#168 = CARTESIAN_POINT('',(25.613270022389,36.67075588871));
#169 = CARTESIAN_POINT('',(25.042922904709,38.282979453098));
#170 = CARTESIAN_POINT('',(24.953326951013,38.530458178149));
#171 = CARTESIAN_POINT('',(24.861938342939,38.77728527508));
#172 = CARTESIAN_POINT('',(24.768783649227,39.023453393037));
#173 = CARTESIAN_POINT('',(24.673889199603,39.268955788609));
#174 = CARTESIAN_POINT('',(24.577280781374,39.51378619344));
#175 = CARTESIAN_POINT('',(24.478983336036,39.757938681844));
#176 = CARTESIAN_POINT('',(24.01364615849,40.89131276053));
#177 = CARTESIAN_POINT('',(23.626032343883,41.772065143837));
#178 = CARTESIAN_POINT('',(23.217344755958,42.643416922845));
#179 = CARTESIAN_POINT('',(22.788693719076,43.505180218644));
#180 = CARTESIAN_POINT('',(22.341126031799,44.357222878889));
#181 = CARTESIAN_POINT('',(21.87561790969,45.199464924529));
#182 = CARTESIAN_POINT('',(21.393069177166,46.03187560325));
#183 = CARTESIAN_POINT('',(20.635906070871,47.280624200954));
#184 = CARTESIAN_POINT('',(20.373162371672,47.704138725672));
#185 = CARTESIAN_POINT('',(20.106183057847,48.12501463091));
#186 = CARTESIAN_POINT('',(19.835079075443,48.543253292688));
#187 = CARTESIAN_POINT('',(19.559956869516,48.958857455959));
#188 = CARTESIAN_POINT('',(19.28091838413,49.371831234614));
#189 = CARTESIAN_POINT('',(18.998061062362,49.782180111476));
#190 = CARTESIAN_POINT('',(18.422946189493,50.60041387218));
#191 = CARTESIAN_POINT('',(18.130638036894,51.008261912132));
#192 = CARTESIAN_POINT('',(17.834651196211,51.41346409717));
#193 = CARTESIAN_POINT('',(17.535065202003,51.816019828386));
#194 = CARTESIAN_POINT('',(17.231991748308,52.215954575145));
#195 = CARTESIAN_POINT('',(16.925484763945,52.613254541986));
#196 = CARTESIAN_POINT('',(16.615632963505,53.007935220073));
#197 = CARTESIAN_POINT('',(16.302504693486,53.4));
#198 = ( GEOMETRIC_REPRESENTATION_CONTEXT(2) 
PARAMETRIC_REPRESENTATION_CONTEXT() REPRESENTATION_CONTEXT('2D SPACE',''
  ) );
#199 = ORIENTED_EDGE('',*,*,#200,.F.);
#200 = EDGE_CURVE('',#201,#71,#203,.T.);
#201 = VERTEX_POINT('',#202);
#202 = CARTESIAN_POINT('',(26.7,111.7,40.302504693486));
#203 = SURFACE_CURVE('',#204,(#210,#219),.PCURVE_S1.);
#204 = B_SPLINE_CURVE_WITH_KNOTS('',4,(#205,#206,#207,#208,#209),
  .UNSPECIFIED.,.F.,.F.,(5,5),(0.,1.),.PIECEWISE_BEZIER_KNOTS.);
#205 = CARTESIAN_POINT('',(26.7,111.7,40.302504693486));
#206 = CARTESIAN_POINT('',(26.7,85.1,40.302504693486));
#207 = CARTESIAN_POINT('',(26.7,58.5,40.302504693486));
#208 = CARTESIAN_POINT('',(26.7,31.9,40.302504693486));
#209 = CARTESIAN_POINT('',(26.7,5.3,40.302504693486));
#210 = PCURVE('',#32,#211);
#211 = DEFINITIONAL_REPRESENTATION('',(#212),#218);
#212 = B_SPLINE_CURVE_WITH_KNOTS('',4,(#213,#214,#215,#216,#217),
  .UNSPECIFIED.,.F.,.F.,(5,5),(0.,1.),.PIECEWISE_BEZIER_KNOTS.);
#213 = CARTESIAN_POINT('',(0.653584643955,0.521934517441));
#214 = CARTESIAN_POINT('',(0.653584643955,0.63578001284));
#215 = CARTESIAN_POINT('',(0.653584643955,0.749625508239));
#216 = CARTESIAN_POINT('',(0.653584643955,0.863471003638));
#217 = CARTESIAN_POINT('',(0.653584643955,0.977316499037));
#218 = ( GEOMETRIC_REPRESENTATION_CONTEXT(2) 
PARAMETRIC_REPRESENTATION_CONTEXT() REPRESENTATION_CONTEXT('2D SPACE',''
  ) );
#219 = PCURVE('',#220,#225);
#220 = PLANE('',#221);
#221 = AXIS2_PLACEMENT_3D('',#222,#223,#224);
#222 = CARTESIAN_POINT('',(26.7,5.3,24.));
#223 = DIRECTION('',(1.,0.,-0.));
#224 = DIRECTION('',(0.,0.,1.));
#225 = DEFINITIONAL_REPRESENTATION('',(#226),#232);
#226 = B_SPLINE_CURVE_WITH_KNOTS('',4,(#227,#228,#229,#230,#231),
  .UNSPECIFIED.,.F.,.F.,(5,5),(0.,1.),.PIECEWISE_BEZIER_KNOTS.);
#227 = CARTESIAN_POINT('',(16.302504693486,-106.4));
#228 = CARTESIAN_POINT('',(16.302504693486,-79.8));
#229 = CARTESIAN_POINT('',(16.302504693486,-53.2));
#230 = CARTESIAN_POINT('',(16.302504693486,-26.6));
#231 = CARTESIAN_POINT('',(16.302504693486,0.));
#232 = ( GEOMETRIC_REPRESENTATION_CONTEXT(2) 
PARAMETRIC_REPRESENTATION_CONTEXT() REPRESENTATION_CONTEXT('2D SPACE',''
  ) );
#233 = ORIENTED_EDGE('',*,*,#234,.F.);
#234 = EDGE_CURVE('',#22,#201,#235,.T.);
#235 = SURFACE_CURVE('',#236,(#274,#315),.PCURVE_S1.);
#236 = B_SPLINE_CURVE_WITH_KNOTS('',8,(#237,#238,#239,#240,#241,#242,
    #243,#244,#245,#246,#247,#248,#249,#250,#251,#252,#253,#254,#255,
    #256,#257,#258,#259,#260,#261,#262,#263,#264,#265,#266,#267,#268,
    #269,#270,#271,#272,#273),.UNSPECIFIED.,.F.,.F.,(9,7,7,7,7,9),(0.,
    0.394020937242,0.465691103002,0.72765337479,0.863365343686,1.),
  .UNSPECIFIED.);
#237 = CARTESIAN_POINT('',(2.161396544409E-05,111.7,51.189798495157));
#238 = CARTESIAN_POINT('',(1.447160644148,111.7,51.189798495158));
#239 = CARTESIAN_POINT('',(2.8941444283,111.7,51.107995421077));
#240 = CARTESIAN_POINT('',(4.335609103056,111.7,50.947600077082));
#241 = CARTESIAN_POINT('',(5.76715555239,111.7,50.712991687737));
#242 = CARTESIAN_POINT('',(7.185241855061,111.7,50.409078747989));
#243 = CARTESIAN_POINT('',(8.587113373329,111.7,50.04088479349));
#244 = CARTESIAN_POINT('',(9.97075588871,111.7,49.613270022389));
#245 = CARTESIAN_POINT('',(11.582979453098,111.7,49.042922904709));
#246 = CARTESIAN_POINT('',(11.830458178149,111.7,48.953326951013));
#247 = CARTESIAN_POINT('',(12.07728527508,111.7,48.861938342939));
#248 = CARTESIAN_POINT('',(12.323453393037,111.7,48.768783649227));
#249 = CARTESIAN_POINT('',(12.568955788609,111.7,48.673889199603));
#250 = CARTESIAN_POINT('',(12.81378619344,111.7,48.577280781375));
#251 = CARTESIAN_POINT('',(13.057938681844,111.7,48.478983336037));
#252 = CARTESIAN_POINT('',(14.19131276053,111.7,48.01364615849));
#253 = CARTESIAN_POINT('',(15.072065143836,111.7,47.626032343883));
#254 = CARTESIAN_POINT('',(15.943416922845,111.7,47.217344755958));
#255 = CARTESIAN_POINT('',(16.805180218643,111.7,46.788693719076));
#256 = CARTESIAN_POINT('',(17.65722287889,111.7,46.341126031799));
#257 = CARTESIAN_POINT('',(18.499464924529,111.7,45.875617909689));
#258 = CARTESIAN_POINT('',(19.33187560325,111.7,45.393069177166));
#259 = CARTESIAN_POINT('',(20.580624200954,111.7,44.635906070871));
#260 = CARTESIAN_POINT('',(21.004138725672,111.7,44.373162371672));
#261 = CARTESIAN_POINT('',(21.42501463091,111.7,44.106183057848));
#262 = CARTESIAN_POINT('',(21.843253292688,111.7,43.835079075444));
#263 = CARTESIAN_POINT('',(22.258857455959,111.7,43.559956869516));
#264 = CARTESIAN_POINT('',(22.671831234613,111.7,43.28091838413));
#265 = CARTESIAN_POINT('',(23.082180111476,111.7,42.998061062362));
#266 = CARTESIAN_POINT('',(23.900413872172,111.7,42.422946189499));
#267 = CARTESIAN_POINT('',(24.308261912175,111.7,42.130638036873));
#268 = CARTESIAN_POINT('',(24.713464097067,111.7,41.834651196256));
#269 = CARTESIAN_POINT('',(25.116019828524,111.7,41.535065201943));
#270 = CARTESIAN_POINT('',(25.515954575034,111.7,41.231991748362));
#271 = CARTESIAN_POINT('',(25.913254542037,111.7,40.925484763915));
#272 = CARTESIAN_POINT('',(26.307935220062,111.7,40.615632963513));
#273 = CARTESIAN_POINT('',(26.7,111.7,40.302504693486));
#274 = PCURVE('',#32,#275);
#275 = DEFINITIONAL_REPRESENTATION('',(#276),#314);
#276 = B_SPLINE_CURVE_WITH_KNOTS('',8,(#277,#278,#279,#280,#281,#282,
    #283,#284,#285,#286,#287,#288,#289,#290,#291,#292,#293,#294,#295,
    #296,#297,#298,#299,#300,#301,#302,#303,#304,#305,#306,#307,#308,
    #309,#310,#311,#312,#313),.UNSPECIFIED.,.F.,.F.,(9,7,7,7,7,9),(0.,
    0.394020937242,0.465691103002,0.72765337479,0.863365343686,1.),
  .UNSPECIFIED.);
#277 = CARTESIAN_POINT('',(1.,0.521934517441));
#278 = CARTESIAN_POINT('',(0.981941737807,0.521934517441));
#279 = CARTESIAN_POINT('',(0.963896513811,0.521934517441));
#280 = CARTESIAN_POINT('',(0.945911210335,0.521934517441));
#281 = CARTESIAN_POINT('',(0.928020640106,0.521934517441));
#282 = CARTESIAN_POINT('',(0.910250019143,0.521934517441));
#283 = CARTESIAN_POINT('',(0.892616299147,0.521934517441));
#284 = CARTESIAN_POINT('',(0.875128713433,0.521934517441));
#285 = CARTESIAN_POINT('',(0.854634875248,0.521934517441));
#286 = CARTESIAN_POINT('',(0.851485708053,0.521934517441));
#287 = CARTESIAN_POINT('',(0.848341408529,0.521934517441));
#288 = CARTESIAN_POINT('',(0.845201978153,0.521934517441));
#289 = CARTESIAN_POINT('',(0.842067408597,0.521934517441));
#290 = CARTESIAN_POINT('',(0.83893769019,0.521934517441));
#291 = CARTESIAN_POINT('',(0.835812820379,0.521934517441));
#292 = CARTESIAN_POINT('',(0.82128884204,0.521934517441));
#293 = CARTESIAN_POINT('',(0.809950080877,0.521934517441));
#294 = CARTESIAN_POINT('',(0.798676530082,0.521934517441));
#295 = CARTESIAN_POINT('',(0.787467617578,0.521934517441));
#296 = CARTESIAN_POINT('',(0.776322223483,0.521934517441));
#297 = CARTESIAN_POINT('',(0.765238689371,0.521934517441));
#298 = CARTESIAN_POINT('',(0.754214811165,0.521934517441));
#299 = CARTESIAN_POINT('',(0.737566262548,0.521934517441));
#300 = CARTESIAN_POINT('',(0.731900032754,0.521934517441));
#301 = CARTESIAN_POINT('',(0.726248773794,0.521934517441));
#302 = CARTESIAN_POINT('',(0.720612117026,0.521934517441));
#303 = CARTESIAN_POINT('',(0.714989677629,0.521934517441));
#304 = CARTESIAN_POINT('',(0.709381054603,0.521934517441));
#305 = CARTESIAN_POINT('',(0.703785830769,0.521934517441));
#306 = CARTESIAN_POINT('',(0.692583361751,0.521934517441));
#307 = CARTESIAN_POINT('',(0.686976301218,0.521934517441));
#308 = CARTESIAN_POINT('',(0.681381970548,0.521934517441));
#309 = CARTESIAN_POINT('',(0.675799827276,0.521934517441));
#310 = CARTESIAN_POINT('',(0.670229614696,0.521934517441));
#311 = CARTESIAN_POINT('',(0.664670634757,0.521934517441));
#312 = CARTESIAN_POINT('',(0.65912249104,0.521934517441));
#313 = CARTESIAN_POINT('',(0.653584643955,0.521934517441));
#314 = ( GEOMETRIC_REPRESENTATION_CONTEXT(2) 
PARAMETRIC_REPRESENTATION_CONTEXT() REPRESENTATION_CONTEXT('2D SPACE',''
  ) );
#315 = PCURVE('',#316,#321);
#316 = PLANE('',#317);
#317 = AXIS2_PLACEMENT_3D('',#318,#319,#320);
#318 = CARTESIAN_POINT('',(-26.7,111.7,24.));
#319 = DIRECTION('',(-0.,1.,0.));
#320 = DIRECTION('',(0.,0.,1.));
#321 = DEFINITIONAL_REPRESENTATION('',(#322),#360);
#322 = B_SPLINE_CURVE_WITH_KNOTS('',8,(#323,#324,#325,#326,#327,#328,
    #329,#330,#331,#332,#333,#334,#335,#336,#337,#338,#339,#340,#341,
    #342,#343,#344,#345,#346,#347,#348,#349,#350,#351,#352,#353,#354,
    #355,#356,#357,#358,#359),.UNSPECIFIED.,.F.,.F.,(9,7,7,7,7,9),(0.,
    0.394020937242,0.465691103002,0.72765337479,0.863365343686,1.),
  .UNSPECIFIED.);
#323 = CARTESIAN_POINT('',(27.189798495157,26.700021613965));
#324 = CARTESIAN_POINT('',(27.189798495158,28.147160644148));
#325 = CARTESIAN_POINT('',(27.107995421077,29.5941444283));
#326 = CARTESIAN_POINT('',(26.947600077082,31.035609103056));
#327 = CARTESIAN_POINT('',(26.712991687737,32.46715555239));
#328 = CARTESIAN_POINT('',(26.409078747989,33.885241855061));
#329 = CARTESIAN_POINT('',(26.04088479349,35.287113373329));
#330 = CARTESIAN_POINT('',(25.613270022389,36.67075588871));
#331 = CARTESIAN_POINT('',(25.042922904709,38.282979453098));
#332 = CARTESIAN_POINT('',(24.953326951013,38.530458178149));
#333 = CARTESIAN_POINT('',(24.861938342939,38.77728527508));
#334 = CARTESIAN_POINT('',(24.768783649227,39.023453393037));
#335 = CARTESIAN_POINT('',(24.673889199603,39.268955788609));
#336 = CARTESIAN_POINT('',(24.577280781375,39.51378619344));
#337 = CARTESIAN_POINT('',(24.478983336037,39.757938681844));
#338 = CARTESIAN_POINT('',(24.01364615849,40.89131276053));
#339 = CARTESIAN_POINT('',(23.626032343883,41.772065143836));
#340 = CARTESIAN_POINT('',(23.217344755958,42.643416922845));
#341 = CARTESIAN_POINT('',(22.788693719076,43.505180218643));
#342 = CARTESIAN_POINT('',(22.341126031799,44.35722287889));
#343 = CARTESIAN_POINT('',(21.875617909689,45.199464924529));
#344 = CARTESIAN_POINT('',(21.393069177166,46.03187560325));
#345 = CARTESIAN_POINT('',(20.635906070871,47.280624200954));
#346 = CARTESIAN_POINT('',(20.373162371672,47.704138725672));
#347 = CARTESIAN_POINT('',(20.106183057848,48.12501463091));
#348 = CARTESIAN_POINT('',(19.835079075444,48.543253292688));
#349 = CARTESIAN_POINT('',(19.559956869516,48.958857455959));
#350 = CARTESIAN_POINT('',(19.28091838413,49.371831234613));
#351 = CARTESIAN_POINT('',(18.998061062362,49.782180111476));
#352 = CARTESIAN_POINT('',(18.422946189499,50.600413872172));
#353 = CARTESIAN_POINT('',(18.130638036873,51.008261912175));
#354 = CARTESIAN_POINT('',(17.834651196256,51.413464097067));
#355 = CARTESIAN_POINT('',(17.535065201943,51.816019828524));
#356 = CARTESIAN_POINT('',(17.231991748362,52.215954575034));
#357 = CARTESIAN_POINT('',(16.925484763915,52.613254542037));
#358 = CARTESIAN_POINT('',(16.615632963513,53.007935220062));
#359 = CARTESIAN_POINT('',(16.302504693486,53.4));
#360 = ( GEOMETRIC_REPRESENTATION_CONTEXT(2) 
PARAMETRIC_REPRESENTATION_CONTEXT() REPRESENTATION_CONTEXT('2D SPACE',''
  ) );
#361 = ADVANCED_FACE('',(#362),#51,.F.);
#362 = FACE_BOUND('',#363,.F.);
#363 = EDGE_LOOP('',(#364,#489,#490,#615));
#364 = ORIENTED_EDGE('',*,*,#365,.T.);
#365 = EDGE_CURVE('',#366,#22,#368,.T.);
#366 = VERTEX_POINT('',#367);
#367 = CARTESIAN_POINT('',(-26.7,111.7,40.302470168807));
#368 = SURFACE_CURVE('',#369,(#407,#448),.PCURVE_S1.);
#369 = B_SPLINE_CURVE_WITH_KNOTS('',8,(#370,#371,#372,#373,#374,#375,
    #376,#377,#378,#379,#380,#381,#382,#383,#384,#385,#386,#387,#388,
    #389,#390,#391,#392,#393,#394,#395,#396,#397,#398,#399,#400,#401,
    #402,#403,#404,#405,#406),.UNSPECIFIED.,.F.,.F.,(9,7,7,7,7,9),(0.,
    0.154217202107,0.382906887065,0.49539152804,0.605979037943,1.),
  .UNSPECIFIED.);
#370 = CARTESIAN_POINT('',(-26.7,111.7,40.302470168807));
#371 = CARTESIAN_POINT('',(-26.25748273226,111.7,40.655893640213));
#372 = CARTESIAN_POINT('',(-25.81163346835,111.7,41.005143637277));
#373 = CARTESIAN_POINT('',(-25.3624446724,111.7,41.350117604974));
#374 = CARTESIAN_POINT('',(-24.90990056859,111.7,41.690698785986));
#375 = CARTESIAN_POINT('',(-24.45401404323,111.7,42.026794448311));
#376 = CARTESIAN_POINT('',(-23.99474826237,111.7,42.358245429034));
#377 = CARTESIAN_POINT('',(-23.5321078924,111.7,42.684936016019));
#378 = CARTESIAN_POINT('',(-22.37500092788,111.7,43.483896788762));
#379 = CARTESIAN_POINT('',(-21.67648069825,111.7,43.950280574499));
#380 = CARTESIAN_POINT('',(-20.97048230259,111.7,44.405418649045));
#381 = CARTESIAN_POINT('',(-20.25698516698,111.7,44.848817503376));
#382 = CARTESIAN_POINT('',(-19.53598435038,111.7,45.279944189054));
#383 = CARTESIAN_POINT('',(-18.80749107224,111.7,45.698227179928));
#384 = CARTESIAN_POINT('',(-18.07153324017,111.7,46.10305723384));
#385 = CARTESIAN_POINT('',(-16.9625141057,111.7,46.685975490776));
#386 = CARTESIAN_POINT('',(-16.59507925389,111.7,46.874750655009));
#387 = CARTESIAN_POINT('',(-16.22585774583,111.7,47.060036453221));
#388 = CARTESIAN_POINT('',(-15.85485785938,111.7,47.241752983869));
#389 = CARTESIAN_POINT('',(-15.4820898849,111.7,47.419817858974));
#390 = CARTESIAN_POINT('',(-15.10756618348,111.7,47.594146325413));
#391 = CARTESIAN_POINT('',(-14.7313012453,111.7,47.764651386221));
#392 = CARTESIAN_POINT('',(-13.98169730404,111.7,48.095026759508));
#393 = CARTESIAN_POINT('',(-13.6084168983,111.7,48.25502806154));
#394 = CARTESIAN_POINT('',(-13.2334852949,111.7,48.411161197703));
#395 = CARTESIAN_POINT('',(-12.85692221051,111.7,48.563342267203));
#396 = CARTESIAN_POINT('',(-12.47874943203,111.7,48.711483023355));
#397 = CARTESIAN_POINT('',(-12.0989898156,111.7,48.855488530771));
#398 = CARTESIAN_POINT('',(-11.71766816694,111.7,48.995259555119));
#399 = CARTESIAN_POINT('',(-9.970712702636,111.7,49.613270009184));
#400 = CARTESIAN_POINT('',(-8.587070188935,111.7,50.040884781481));
#401 = CARTESIAN_POINT('',(-7.185198672266,111.7,50.409078737401));
#402 = CARTESIAN_POINT('',(-5.767112371232,111.7,50.712991678785));
#403 = CARTESIAN_POINT('',(-4.33556592348,111.7,50.947600070001));
#404 = CARTESIAN_POINT('',(-2.894101250152,111.7,51.107995416125));
#405 = CARTESIAN_POINT('',(-1.447117467397,111.7,51.189798492569));
#406 = CARTESIAN_POINT('',(2.156157784583E-05,111.7,51.189798495157));
#407 = PCURVE('',#51,#408);
#408 = DEFINITIONAL_REPRESENTATION('',(#409),#447);
#409 = B_SPLINE_CURVE_WITH_KNOTS('',8,(#410,#411,#412,#413,#414,#415,
    #416,#417,#418,#419,#420,#421,#422,#423,#424,#425,#426,#427,#428,
    #429,#430,#431,#432,#433,#434,#435,#436,#437,#438,#439,#440,#441,
    #442,#443,#444,#445,#446),.UNSPECIFIED.,.F.,.F.,(9,7,7,7,7,9),(0.,
    0.154217202107,0.382906887065,0.49539152804,0.605979037943,1.),
  .UNSPECIFIED.);
#410 = CARTESIAN_POINT('',(0.364918445377,0.478065482559));
#411 = CARTESIAN_POINT('',(0.358667962742,0.478065482559));
#412 = CARTESIAN_POINT('',(0.352404359393,0.478065482559));
#413 = CARTESIAN_POINT('',(0.346126896108,0.478065482559));
#414 = CARTESIAN_POINT('',(0.339834903391,0.478065482559));
#415 = CARTESIAN_POINT('',(0.333527503474,0.478065482559));
#416 = CARTESIAN_POINT('',(0.327204290567,0.478065482559));
#417 = CARTESIAN_POINT('',(0.320864487705,0.478065482559));
#418 = CARTESIAN_POINT('',(0.305080691002,0.478065482559));
#419 = CARTESIAN_POINT('',(0.295616194955,0.478065482559));
#420 = CARTESIAN_POINT('',(0.286111889159,0.478065482559));
#421 = CARTESIAN_POINT('',(0.276565850067,0.478065482559));
#422 = CARTESIAN_POINT('',(0.266976344494,0.478065482559));
#423 = CARTESIAN_POINT('',(0.257341817164,0.478065482559));
#424 = CARTESIAN_POINT('',(0.247660878241,0.478065482559));
#425 = CARTESIAN_POINT('',(0.233147131203,0.478065482559));
#426 = CARTESIAN_POINT('',(0.228350470388,0.478065482559));
#427 = CARTESIAN_POINT('',(0.223542173768,0.478065482559));
#428 = CARTESIAN_POINT('',(0.218722127987,0.478065482559));
#429 = CARTESIAN_POINT('',(0.213890241135,0.478065482559));
#430 = CARTESIAN_POINT('',(0.209046442897,0.478065482559));
#431 = CARTESIAN_POINT('',(0.204190684704,0.478065482559));
#432 = CARTESIAN_POINT('',(0.19453729293,0.478065482559));
#433 = CARTESIAN_POINT('',(0.189740081435,0.478065482559));
#434 = CARTESIAN_POINT('',(0.184931221386,0.478065482559));
#435 = CARTESIAN_POINT('',(0.180110797872,0.478065482559));
#436 = CARTESIAN_POINT('',(0.175278864319,0.478065482559));
#437 = CARTESIAN_POINT('',(0.170435375377,0.478065482559));
#438 = CARTESIAN_POINT('',(0.16558025345,0.478065482559));
#439 = CARTESIAN_POINT('',(0.14337376584,0.478065482559));
#440 = CARTESIAN_POINT('',(0.125886180145,0.478065482559));
#441 = CARTESIAN_POINT('',(0.108252460168,0.478065482559));
#442 = CARTESIAN_POINT('',(9.048183922308E-02,0.478065482559));
#443 = CARTESIAN_POINT('',(7.259126901325E-02,0.478065482559));
#444 = CARTESIAN_POINT('',(5.460596555372E-02,0.478065482559));
#445 = CARTESIAN_POINT('',(3.656074157563E-02,0.478065482559));
#446 = CARTESIAN_POINT('',(1.850247939751E-02,0.478065482559));
#447 = ( GEOMETRIC_REPRESENTATION_CONTEXT(2) 
PARAMETRIC_REPRESENTATION_CONTEXT() REPRESENTATION_CONTEXT('2D SPACE',''
  ) );
#448 = PCURVE('',#316,#449);
#449 = DEFINITIONAL_REPRESENTATION('',(#450),#488);
#450 = B_SPLINE_CURVE_WITH_KNOTS('',8,(#451,#452,#453,#454,#455,#456,
    #457,#458,#459,#460,#461,#462,#463,#464,#465,#466,#467,#468,#469,
    #470,#471,#472,#473,#474,#475,#476,#477,#478,#479,#480,#481,#482,
    #483,#484,#485,#486,#487),.UNSPECIFIED.,.F.,.F.,(9,7,7,7,7,9),(0.,
    0.154217202107,0.382906887065,0.49539152804,0.605979037943,1.),
  .UNSPECIFIED.);
#451 = CARTESIAN_POINT('',(16.302470168807,0.));
#452 = CARTESIAN_POINT('',(16.655893640213,0.442517267731));
#453 = CARTESIAN_POINT('',(17.005143637277,0.888366531642));
#454 = CARTESIAN_POINT('',(17.350117604974,1.337555327594));
#455 = CARTESIAN_POINT('',(17.690698785986,1.790099431405));
#456 = CARTESIAN_POINT('',(18.026794448311,2.24598595677));
#457 = CARTESIAN_POINT('',(18.358245429034,2.705251737624));
#458 = CARTESIAN_POINT('',(18.684936016019,3.167892107595));
#459 = CARTESIAN_POINT('',(19.483896788762,4.324999072119));
#460 = CARTESIAN_POINT('',(19.950280574499,5.023519301747));
#461 = CARTESIAN_POINT('',(20.405418649045,5.729517697409));
#462 = CARTESIAN_POINT('',(20.848817503376,6.443014833014));
#463 = CARTESIAN_POINT('',(21.279944189054,7.164015649615));
#464 = CARTESIAN_POINT('',(21.698227179928,7.892508927757));
#465 = CARTESIAN_POINT('',(22.10305723384,8.628466759828));
#466 = CARTESIAN_POINT('',(22.685975490776,9.737485894294));
#467 = CARTESIAN_POINT('',(22.874750655009,10.104920746108));
#468 = CARTESIAN_POINT('',(23.060036453221,10.47414225417));
#469 = CARTESIAN_POINT('',(23.241752983869,10.845142140616));
#470 = CARTESIAN_POINT('',(23.419817858974,11.2179101151));
#471 = CARTESIAN_POINT('',(23.594146325413,11.592433816514));
#472 = CARTESIAN_POINT('',(23.764651386221,11.968698754697));
#473 = CARTESIAN_POINT('',(24.095026759508,12.718302695953));
#474 = CARTESIAN_POINT('',(24.25502806154,13.091583101691));
#475 = CARTESIAN_POINT('',(24.411161197703,13.466514705096));
#476 = CARTESIAN_POINT('',(24.563342267203,13.843077789484));
#477 = CARTESIAN_POINT('',(24.711483023355,14.221250567965));
#478 = CARTESIAN_POINT('',(24.855488530771,14.601010184391));
#479 = CARTESIAN_POINT('',(24.995259555119,14.982331833053));
#480 = CARTESIAN_POINT('',(25.613270009184,16.729287297364));
#481 = CARTESIAN_POINT('',(26.040884781481,18.112929811065));
#482 = CARTESIAN_POINT('',(26.409078737401,19.514801327734));
#483 = CARTESIAN_POINT('',(26.712991678785,20.932887628768));
#484 = CARTESIAN_POINT('',(26.947600070001,22.36443407652));
#485 = CARTESIAN_POINT('',(27.107995416125,23.805898749848));
#486 = CARTESIAN_POINT('',(27.189798492569,25.252882532603));
#487 = CARTESIAN_POINT('',(27.189798495157,26.700021561578));
#488 = ( GEOMETRIC_REPRESENTATION_CONTEXT(2) 
PARAMETRIC_REPRESENTATION_CONTEXT() REPRESENTATION_CONTEXT('2D SPACE',''
  ) );
#489 = ORIENTED_EDGE('',*,*,#21,.T.);
#490 = ORIENTED_EDGE('',*,*,#491,.F.);
#491 = EDGE_CURVE('',#492,#24,#494,.T.);
#492 = VERTEX_POINT('',#493);
#493 = CARTESIAN_POINT('',(-26.7,5.3,40.302470168807));
#494 = SURFACE_CURVE('',#495,(#533,#574),.PCURVE_S1.);
#495 = B_SPLINE_CURVE_WITH_KNOTS('',8,(#496,#497,#498,#499,#500,#501,
    #502,#503,#504,#505,#506,#507,#508,#509,#510,#511,#512,#513,#514,
    #515,#516,#517,#518,#519,#520,#521,#522,#523,#524,#525,#526,#527,
    #528,#529,#530,#531,#532),.UNSPECIFIED.,.F.,.F.,(9,7,7,7,7,9),(0.,
    0.154217202107,0.382906887066,0.495391528041,0.605979037944,1.),
  .UNSPECIFIED.);
#496 = CARTESIAN_POINT('',(-26.7,5.3,40.302470168807));
#497 = CARTESIAN_POINT('',(-26.25748273226,5.3,40.655893640213));
#498 = CARTESIAN_POINT('',(-25.81163346835,5.3,41.005143637275));
#499 = CARTESIAN_POINT('',(-25.3624446724,5.3,41.350117604976));
#500 = CARTESIAN_POINT('',(-24.90990056859,5.3,41.690698785984));
#501 = CARTESIAN_POINT('',(-24.45401404322,5.3,42.026794448313));
#502 = CARTESIAN_POINT('',(-23.99474826237,5.3,42.358245429033));
#503 = CARTESIAN_POINT('',(-23.5321078924,5.3,42.684936016019));
#504 = CARTESIAN_POINT('',(-22.37500092788,5.3,43.483896788761));
#505 = CARTESIAN_POINT('',(-21.67648069825,5.3,43.950280574499));
#506 = CARTESIAN_POINT('',(-20.97048230259,5.3,44.405418649045));
#507 = CARTESIAN_POINT('',(-20.25698516698,5.3,44.848817503376));
#508 = CARTESIAN_POINT('',(-19.53598435038,5.3,45.279944189054));
#509 = CARTESIAN_POINT('',(-18.80749107224,5.3,45.698227179928));
#510 = CARTESIAN_POINT('',(-18.07153324017,5.3,46.10305723384));
#511 = CARTESIAN_POINT('',(-16.9625141057,5.3,46.685975490776));
#512 = CARTESIAN_POINT('',(-16.59507925389,5.3,46.874750655009));
#513 = CARTESIAN_POINT('',(-16.22585774583,5.3,47.060036453221));
#514 = CARTESIAN_POINT('',(-15.85485785938,5.3,47.241752983869));
#515 = CARTESIAN_POINT('',(-15.4820898849,5.3,47.419817858973));
#516 = CARTESIAN_POINT('',(-15.10756618348,5.3,47.594146325412));
#517 = CARTESIAN_POINT('',(-14.7313012453,5.3,47.76465138622));
#518 = CARTESIAN_POINT('',(-13.98169730404,5.3,48.095026759508));
#519 = CARTESIAN_POINT('',(-13.6084168983,5.3,48.25502806154));
#520 = CARTESIAN_POINT('',(-13.2334852949,5.3,48.411161197703));
#521 = CARTESIAN_POINT('',(-12.85692221051,5.3,48.563342267203));
#522 = CARTESIAN_POINT('',(-12.47874943203,5.3,48.711483023355));
#523 = CARTESIAN_POINT('',(-12.0989898156,5.3,48.855488530771));
#524 = CARTESIAN_POINT('',(-11.71766816694,5.3,48.995259555118));
#525 = CARTESIAN_POINT('',(-9.970712702644,5.3,49.613270009181));
#526 = CARTESIAN_POINT('',(-8.587070188907,5.3,50.040884781489));
#527 = CARTESIAN_POINT('',(-7.185198672298,5.3,50.409078737395));
#528 = CARTESIAN_POINT('',(-5.76711237123,5.3,50.712991678782));
#529 = CARTESIAN_POINT('',(-4.335565923447,5.3,50.947600070006));
#530 = CARTESIAN_POINT('',(-2.894101250183,5.3,51.107995416122));
#531 = CARTESIAN_POINT('',(-1.447117467386,5.3,51.189798492569));
#532 = CARTESIAN_POINT('',(2.156157801991E-05,5.3,51.189798495157));
#533 = PCURVE('',#51,#534);
#534 = DEFINITIONAL_REPRESENTATION('',(#535),#573);
#535 = B_SPLINE_CURVE_WITH_KNOTS('',8,(#536,#537,#538,#539,#540,#541,
    #542,#543,#544,#545,#546,#547,#548,#549,#550,#551,#552,#553,#554,
    #555,#556,#557,#558,#559,#560,#561,#562,#563,#564,#565,#566,#567,
    #568,#569,#570,#571,#572),.UNSPECIFIED.,.F.,.F.,(9,7,7,7,7,9),(0.,
    0.154217202107,0.382906887066,0.495391528041,0.605979037944,1.),
  .UNSPECIFIED.);
#536 = CARTESIAN_POINT('',(0.364918445377,2.268350096298E-02));
#537 = CARTESIAN_POINT('',(0.358667962742,2.268350096298E-02));
#538 = CARTESIAN_POINT('',(0.352404359393,2.268350096298E-02));
#539 = CARTESIAN_POINT('',(0.346126896108,2.268350096298E-02));
#540 = CARTESIAN_POINT('',(0.339834903391,2.268350096298E-02));
#541 = CARTESIAN_POINT('',(0.333527503474,2.268350096298E-02));
#542 = CARTESIAN_POINT('',(0.327204290566,2.268350096298E-02));
#543 = CARTESIAN_POINT('',(0.320864487705,2.268350096298E-02));
#544 = CARTESIAN_POINT('',(0.305080691002,2.268350096298E-02));
#545 = CARTESIAN_POINT('',(0.295616194955,2.268350096298E-02));
#546 = CARTESIAN_POINT('',(0.286111889159,2.268350096298E-02));
#547 = CARTESIAN_POINT('',(0.276565850067,2.268350096298E-02));
#548 = CARTESIAN_POINT('',(0.266976344494,2.268350096298E-02));
#549 = CARTESIAN_POINT('',(0.257341817164,2.268350096298E-02));
#550 = CARTESIAN_POINT('',(0.247660878241,2.268350096298E-02));
#551 = CARTESIAN_POINT('',(0.233147131203,2.268350096298E-02));
#552 = CARTESIAN_POINT('',(0.228350470388,2.268350096298E-02));
#553 = CARTESIAN_POINT('',(0.223542173768,2.268350096298E-02));
#554 = CARTESIAN_POINT('',(0.218722127987,2.268350096298E-02));
#555 = CARTESIAN_POINT('',(0.213890241135,2.268350096298E-02));
#556 = CARTESIAN_POINT('',(0.209046442897,2.268350096298E-02));
#557 = CARTESIAN_POINT('',(0.204190684704,2.268350096298E-02));
#558 = CARTESIAN_POINT('',(0.19453729293,2.268350096298E-02));
#559 = CARTESIAN_POINT('',(0.189740081435,2.268350096298E-02));
#560 = CARTESIAN_POINT('',(0.184931221386,2.268350096298E-02));
#561 = CARTESIAN_POINT('',(0.180110797872,2.268350096298E-02));
#562 = CARTESIAN_POINT('',(0.175278864319,2.268350096298E-02));
#563 = CARTESIAN_POINT('',(0.170435375377,2.268350096298E-02));
#564 = CARTESIAN_POINT('',(0.16558025345,2.268350096298E-02));
#565 = CARTESIAN_POINT('',(0.14337376584,2.268350096298E-02));
#566 = CARTESIAN_POINT('',(0.125886180144,2.268350096298E-02));
#567 = CARTESIAN_POINT('',(0.108252460168,2.268350096298E-02));
#568 = CARTESIAN_POINT('',(9.048183922306E-02,2.268350096298E-02));
#569 = CARTESIAN_POINT('',(7.25912690129E-02,2.268350096298E-02));
#570 = CARTESIAN_POINT('',(5.460596555407E-02,2.268350096298E-02));
#571 = CARTESIAN_POINT('',(3.656074157549E-02,2.268350096298E-02));
#572 = CARTESIAN_POINT('',(1.850247939751E-02,2.268350096298E-02));
#573 = ( GEOMETRIC_REPRESENTATION_CONTEXT(2) 
PARAMETRIC_REPRESENTATION_CONTEXT() REPRESENTATION_CONTEXT('2D SPACE',''
  ) );
#574 = PCURVE('',#154,#575);
#575 = DEFINITIONAL_REPRESENTATION('',(#576),#614);
#576 = B_SPLINE_CURVE_WITH_KNOTS('',8,(#577,#578,#579,#580,#581,#582,
    #583,#584,#585,#586,#587,#588,#589,#590,#591,#592,#593,#594,#595,
    #596,#597,#598,#599,#600,#601,#602,#603,#604,#605,#606,#607,#608,
    #609,#610,#611,#612,#613),.UNSPECIFIED.,.F.,.F.,(9,7,7,7,7,9),(0.,
    0.154217202107,0.382906887066,0.495391528041,0.605979037944,1.),
  .UNSPECIFIED.);
#577 = CARTESIAN_POINT('',(16.302470168807,0.));
#578 = CARTESIAN_POINT('',(16.655893640213,0.442517267731));
#579 = CARTESIAN_POINT('',(17.005143637275,0.888366531641));
#580 = CARTESIAN_POINT('',(17.350117604976,1.337555327596));
#581 = CARTESIAN_POINT('',(17.690698785984,1.790099431403));
#582 = CARTESIAN_POINT('',(18.026794448313,2.245985956771));
#583 = CARTESIAN_POINT('',(18.358245429033,2.705251737623));
#584 = CARTESIAN_POINT('',(18.684936016019,3.167892107595));
#585 = CARTESIAN_POINT('',(19.483896788761,4.324999072119));
#586 = CARTESIAN_POINT('',(19.950280574499,5.023519301747));
#587 = CARTESIAN_POINT('',(20.405418649045,5.729517697409));
#588 = CARTESIAN_POINT('',(20.848817503376,6.443014833014));
#589 = CARTESIAN_POINT('',(21.279944189054,7.164015649615));
#590 = CARTESIAN_POINT('',(21.698227179928,7.892508927757));
#591 = CARTESIAN_POINT('',(22.10305723384,8.628466759828));
#592 = CARTESIAN_POINT('',(22.685975490776,9.737485894294));
#593 = CARTESIAN_POINT('',(22.874750655009,10.104920746108));
#594 = CARTESIAN_POINT('',(23.060036453221,10.47414225417));
#595 = CARTESIAN_POINT('',(23.241752983869,10.845142140616));
#596 = CARTESIAN_POINT('',(23.419817858973,11.2179101151));
#597 = CARTESIAN_POINT('',(23.594146325412,11.592433816514));
#598 = CARTESIAN_POINT('',(23.76465138622,11.968698754697));
#599 = CARTESIAN_POINT('',(24.095026759508,12.718302695953));
#600 = CARTESIAN_POINT('',(24.25502806154,13.091583101691));
#601 = CARTESIAN_POINT('',(24.411161197703,13.466514705096));
#602 = CARTESIAN_POINT('',(24.563342267203,13.843077789484));
#603 = CARTESIAN_POINT('',(24.711483023355,14.221250567965));
#604 = CARTESIAN_POINT('',(24.855488530771,14.601010184391));
#605 = CARTESIAN_POINT('',(24.995259555118,14.982331833053));
#606 = CARTESIAN_POINT('',(25.613270009181,16.729287297356));
#607 = CARTESIAN_POINT('',(26.040884781489,18.112929811093));
#608 = CARTESIAN_POINT('',(26.409078737395,19.514801327702));
#609 = CARTESIAN_POINT('',(26.712991678782,20.93288762877));
#610 = CARTESIAN_POINT('',(26.947600070006,22.364434076553));
#611 = CARTESIAN_POINT('',(27.107995416122,23.805898749817));
#612 = CARTESIAN_POINT('',(27.189798492569,25.252882532614));
#613 = CARTESIAN_POINT('',(27.189798495157,26.700021561578));
#614 = ( GEOMETRIC_REPRESENTATION_CONTEXT(2) 
PARAMETRIC_REPRESENTATION_CONTEXT() REPRESENTATION_CONTEXT('2D SPACE',''
  ) );
#615 = ORIENTED_EDGE('',*,*,#616,.T.);
#616 = EDGE_CURVE('',#492,#366,#617,.T.);
#617 = SURFACE_CURVE('',#618,(#624,#633),.PCURVE_S1.);
#618 = B_SPLINE_CURVE_WITH_KNOTS('',4,(#619,#620,#621,#622,#623),
  .UNSPECIFIED.,.F.,.F.,(5,5),(0.,1.),.PIECEWISE_BEZIER_KNOTS.);
#619 = CARTESIAN_POINT('',(-26.7,5.3,40.302470168807));
#620 = CARTESIAN_POINT('',(-26.7,31.9,40.302470168807));
#621 = CARTESIAN_POINT('',(-26.7,58.5,40.302470168807));
#622 = CARTESIAN_POINT('',(-26.7,85.1,40.302470168807));
#623 = CARTESIAN_POINT('',(-26.7,111.7,40.302470168807));
#624 = PCURVE('',#51,#625);
#625 = DEFINITIONAL_REPRESENTATION('',(#626),#632);
#626 = B_SPLINE_CURVE_WITH_KNOTS('',4,(#627,#628,#629,#630,#631),
  .UNSPECIFIED.,.F.,.F.,(5,5),(0.,1.),.PIECEWISE_BEZIER_KNOTS.);
#627 = CARTESIAN_POINT('',(0.364918445377,2.268350096298E-02));
#628 = CARTESIAN_POINT('',(0.364918445377,0.136528996362));
#629 = CARTESIAN_POINT('',(0.364918445377,0.250374491761));
#630 = CARTESIAN_POINT('',(0.364918445377,0.36421998716));
#631 = CARTESIAN_POINT('',(0.364918445377,0.478065482559));
#632 = ( GEOMETRIC_REPRESENTATION_CONTEXT(2) 
PARAMETRIC_REPRESENTATION_CONTEXT() REPRESENTATION_CONTEXT('2D SPACE',''
  ) );
#633 = PCURVE('',#634,#639);
#634 = PLANE('',#635);
#635 = AXIS2_PLACEMENT_3D('',#636,#637,#638);
#636 = CARTESIAN_POINT('',(-26.7,5.3,24.));
#637 = DIRECTION('',(1.,0.,-0.));
#638 = DIRECTION('',(0.,0.,1.));
#639 = DEFINITIONAL_REPRESENTATION('',(#640),#646);
#640 = B_SPLINE_CURVE_WITH_KNOTS('',4,(#641,#642,#643,#644,#645),
  .UNSPECIFIED.,.F.,.F.,(5,5),(0.,1.),.PIECEWISE_BEZIER_KNOTS.);
#641 = CARTESIAN_POINT('',(16.302470168807,0.));
#642 = CARTESIAN_POINT('',(16.302470168807,-26.6));
#643 = CARTESIAN_POINT('',(16.302470168807,-53.2));
#644 = CARTESIAN_POINT('',(16.302470168807,-79.8));
#645 = CARTESIAN_POINT('',(16.302470168807,-106.4));
#646 = ( GEOMETRIC_REPRESENTATION_CONTEXT(2) 
PARAMETRIC_REPRESENTATION_CONTEXT() REPRESENTATION_CONTEXT('2D SPACE',''
  ) );
#647 = ADVANCED_FACE('',(#648),#316,.T.);
#648 = FACE_BOUND('',#649,.T.);
#649 = EDGE_LOOP('',(#650,#673,#771,#878,#899,#900));
#650 = ORIENTED_EDGE('',*,*,#651,.F.);
#651 = EDGE_CURVE('',#652,#201,#654,.T.);
#652 = VERTEX_POINT('',#653);
#653 = CARTESIAN_POINT('',(26.7,111.7,33.736325357937));
#654 = SURFACE_CURVE('',#655,(#659,#666),.PCURVE_S1.);
#655 = LINE('',#656,#657);
#656 = CARTESIAN_POINT('',(26.7,111.7,24.));
#657 = VECTOR('',#658,1.);
#658 = DIRECTION('',(0.,0.,1.));
#659 = PCURVE('',#316,#660);
#660 = DEFINITIONAL_REPRESENTATION('',(#661),#665);
#661 = LINE('',#662,#663);
#662 = CARTESIAN_POINT('',(0.,53.4));
#663 = VECTOR('',#664,1.);
#664 = DIRECTION('',(1.,0.));
#665 = ( GEOMETRIC_REPRESENTATION_CONTEXT(2) 
PARAMETRIC_REPRESENTATION_CONTEXT() REPRESENTATION_CONTEXT('2D SPACE',''
  ) );
#666 = PCURVE('',#220,#667);
#667 = DEFINITIONAL_REPRESENTATION('',(#668),#672);
#668 = LINE('',#669,#670);
#669 = CARTESIAN_POINT('',(0.,-106.4));
#670 = VECTOR('',#671,1.);
#671 = DIRECTION('',(1.,0.));
#672 = ( GEOMETRIC_REPRESENTATION_CONTEXT(2) 
PARAMETRIC_REPRESENTATION_CONTEXT() REPRESENTATION_CONTEXT('2D SPACE',''
  ) );
#673 = ORIENTED_EDGE('',*,*,#674,.F.);
#674 = EDGE_CURVE('',#675,#652,#677,.T.);
#675 = VERTEX_POINT('',#676);
#676 = CARTESIAN_POINT('',(2.161396538652E-05,111.7,46.189798495158));
#677 = SURFACE_CURVE('',#678,(#702,#729),.PCURVE_S1.);
#678 = B_SPLINE_CURVE_WITH_KNOTS('',8,(#679,#680,#681,#682,#683,#684,
    #685,#686,#687,#688,#689,#690,#691,#692,#693,#694,#695,#696,#697,
    #698,#699,#700,#701),.UNSPECIFIED.,.F.,.F.,(9,7,7,9),(0.,
    0.321280570612,0.479393075098,1.),.UNSPECIFIED.);
#679 = CARTESIAN_POINT('',(2.161395857314E-05,111.7,46.189798495157));
#680 = CARTESIAN_POINT('',(1.209330615302,111.7,46.189798495158));
#681 = CARTESIAN_POINT('',(2.418363198991,111.7,46.120213745216));
#682 = CARTESIAN_POINT('',(3.622728607272,111.7,45.984977775697));
#683 = CARTESIAN_POINT('',(4.818869759512,111.7,45.788621632083));
#684 = CARTESIAN_POINT('',(6.003984504701,111.7,45.535787016246));
#685 = CARTESIAN_POINT('',(7.175978613515,111.7,45.230944338029));
#686 = CARTESIAN_POINT('',(8.333436029425,111.7,44.878217049302));
#687 = CARTESIAN_POINT('',(10.037683544804,111.7,44.285835479603));
#688 = CARTESIAN_POINT('',(10.596045948891,111.7,44.079742059708));
#689 = CARTESIAN_POINT('',(11.150572101871,111.7,43.863370897781));
#690 = CARTESIAN_POINT('',(11.701172138521,111.7,43.637138714749));
#691 = CARTESIAN_POINT('',(12.247773022894,111.7,43.401440680562));
#692 = CARTESIAN_POINT('',(12.790318234174,111.7,43.156649667114));
#693 = CARTESIAN_POINT('',(13.328767452527,111.7,42.903115501149));
#694 = CARTESIAN_POINT('',(15.622446464685,111.7,41.77865398839));
#695 = CARTESIAN_POINT('',(17.336262558396,111.7,40.825271473223));
#696 = CARTESIAN_POINT('',(19.00568722003,111.7,39.793742443085));
#697 = CARTESIAN_POINT('',(20.631054146498,111.7,38.693677261418));
#698 = CARTESIAN_POINT('',(22.212679861176,111.7,37.532754889844));
#699 = CARTESIAN_POINT('',(23.750964422398,111.7,36.316920581861));
#700 = CARTESIAN_POINT('',(25.246496686116,111.7,35.050533897034));
#701 = CARTESIAN_POINT('',(26.7,111.7,33.736325357937));
#702 = PCURVE('',#316,#703);
#703 = DEFINITIONAL_REPRESENTATION('',(#704),#728);
#704 = B_SPLINE_CURVE_WITH_KNOTS('',8,(#705,#706,#707,#708,#709,#710,
    #711,#712,#713,#714,#715,#716,#717,#718,#719,#720,#721,#722,#723,
    #724,#725,#726,#727),.UNSPECIFIED.,.F.,.F.,(9,7,7,9),(0.,
    0.321280570612,0.479393075098,1.),.UNSPECIFIED.);
#705 = CARTESIAN_POINT('',(22.189798495157,26.700021613959));
#706 = CARTESIAN_POINT('',(22.189798495158,27.909330615302));
#707 = CARTESIAN_POINT('',(22.120213745216,29.118363198991));
#708 = CARTESIAN_POINT('',(21.984977775697,30.322728607272));
#709 = CARTESIAN_POINT('',(21.788621632083,31.518869759512));
#710 = CARTESIAN_POINT('',(21.535787016246,32.703984504701));
#711 = CARTESIAN_POINT('',(21.230944338029,33.875978613515));
#712 = CARTESIAN_POINT('',(20.878217049302,35.033436029425));
#713 = CARTESIAN_POINT('',(20.285835479603,36.737683544804));
#714 = CARTESIAN_POINT('',(20.079742059708,37.296045948891));
#715 = CARTESIAN_POINT('',(19.863370897781,37.850572101871));
#716 = CARTESIAN_POINT('',(19.637138714749,38.401172138521));
#717 = CARTESIAN_POINT('',(19.401440680562,38.947773022894));
#718 = CARTESIAN_POINT('',(19.156649667114,39.490318234174));
#719 = CARTESIAN_POINT('',(18.903115501149,40.028767452527));
#720 = CARTESIAN_POINT('',(17.77865398839,42.322446464685));
#721 = CARTESIAN_POINT('',(16.825271473223,44.036262558396));
#722 = CARTESIAN_POINT('',(15.793742443085,45.70568722003));
#723 = CARTESIAN_POINT('',(14.693677261418,47.331054146498));
#724 = CARTESIAN_POINT('',(13.532754889844,48.912679861176));
#725 = CARTESIAN_POINT('',(12.316920581861,50.450964422398));
#726 = CARTESIAN_POINT('',(11.050533897034,51.946496686116));
#727 = CARTESIAN_POINT('',(9.736325357937,53.4));
#728 = ( GEOMETRIC_REPRESENTATION_CONTEXT(2) 
PARAMETRIC_REPRESENTATION_CONTEXT() REPRESENTATION_CONTEXT('2D SPACE',''
  ) );
#729 = PCURVE('',#730,#745);
#730 = B_SPLINE_SURFACE_WITH_KNOTS('',3,1,(
    (#731,#732)
    ,(#733,#734)
    ,(#735,#736)
    ,(#737,#738)
    ,(#739,#740)
    ,(#741,#742)
    ,(#743,#744
    )),.UNSPECIFIED.,.F.,.F.,.F.,(4,1,1,1,4),(2,2),(-0.926135826692,
    -0.722347489953,-0.518559153215,-0.314770816476,-0.110982479737),(0.
    ,1.),.UNSPECIFIED.);
#731 = CARTESIAN_POINT('',(46.464231784162,8.,4.999999998599));
#732 = CARTESIAN_POINT('',(46.464231784161,218.83622523685,
    4.999999998599));
#733 = CARTESIAN_POINT('',(44.763475929545,8.,9.73135024359));
#734 = CARTESIAN_POINT('',(44.763475929545,218.83622523685,9.73135024359
    ));
#735 = CARTESIAN_POINT('',(39.554649623677,8.,19.755200425395));
#736 = CARTESIAN_POINT('',(39.554649623677,218.83622523685,
    19.755200425395));
#737 = CARTESIAN_POINT('',(27.888685942537,7.999999999999,
    33.635970738491));
#738 = CARTESIAN_POINT('',(27.888685942537,218.83622523685,
    33.635970738491));
#739 = CARTESIAN_POINT('',(13.959303716878,8.000000000001,43.64591571482
    ));
#740 = CARTESIAN_POINT('',(13.959303716878,218.83622523685,
    43.64591571482));
#741 = CARTESIAN_POINT('',(4.513017126498,8.,46.18979849516));
#742 = CARTESIAN_POINT('',(4.513017126498,218.83622523685,46.18979849516
    ));
#743 = CARTESIAN_POINT('',(2.1613958757E-05,8.,46.189798495157));
#744 = CARTESIAN_POINT('',(2.161395839782E-05,218.83622523685,
    46.189798495157));
#745 = DEFINITIONAL_REPRESENTATION('',(#746),#770);
#746 = B_SPLINE_CURVE_WITH_KNOTS('',8,(#747,#748,#749,#750,#751,#752,
    #753,#754,#755,#756,#757,#758,#759,#760,#761,#762,#763,#764,#765,
    #766,#767,#768,#769),.UNSPECIFIED.,.F.,.F.,(9,7,7,9),(0.,
    0.321280570612,0.479393075098,1.),.UNSPECIFIED.);
#747 = CARTESIAN_POINT('',(-0.110982479737,0.491850961017));
#748 = CARTESIAN_POINT('',(-0.129184955181,0.491850961017));
#749 = CARTESIAN_POINT('',(-0.147210221883,0.491850961017));
#750 = CARTESIAN_POINT('',(-0.165022627669,0.491850961017));
#751 = CARTESIAN_POINT('',(-0.182598847287,0.491850961017));
#752 = CARTESIAN_POINT('',(-0.199924765675,0.491850961017));
#753 = CARTESIAN_POINT('',(-0.216994048259,0.491850961017));
#754 = CARTESIAN_POINT('',(-0.233807673395,0.491850961017));
#755 = CARTESIAN_POINT('',(-0.258526377709,0.491850961017));
#756 = CARTESIAN_POINT('',(-0.266618749113,0.491850961017));
#757 = CARTESIAN_POINT('',(-0.274651549756,0.491850961017));
#758 = CARTESIAN_POINT('',(-0.282625623755,0.491850961017));
#759 = CARTESIAN_POINT('',(-0.290541930422,0.491850961017));
#760 = CARTESIAN_POINT('',(-0.298401548816,0.491850961017));
#761 = CARTESIAN_POINT('',(-0.306205682308,0.491850961017));
#762 = CARTESIAN_POINT('',(-0.339473529008,0.491850961017));
#763 = CARTESIAN_POINT('',(-0.364391288524,0.491850961017));
#764 = CARTESIAN_POINT('',(-0.388808201632,0.491850961017));
#765 = CARTESIAN_POINT('',(-0.412796387398,0.491850961017));
#766 = CARTESIAN_POINT('',(-0.436419295035,0.491850961017));
#767 = CARTESIAN_POINT('',(-0.459737002748,0.491850961017));
#768 = CARTESIAN_POINT('',(-0.482810858162,0.491850961017));
#769 = CARTESIAN_POINT('',(-0.505708063593,0.491850961017));
#770 = ( GEOMETRIC_REPRESENTATION_CONTEXT(2) 
PARAMETRIC_REPRESENTATION_CONTEXT() REPRESENTATION_CONTEXT('2D SPACE',''
  ) );
#771 = ORIENTED_EDGE('',*,*,#772,.F.);
#772 = EDGE_CURVE('',#773,#675,#775,.T.);
#773 = VERTEX_POINT('',#774);
#774 = CARTESIAN_POINT('',(-26.7,111.7,33.73628627267));
#775 = SURFACE_CURVE('',#776,(#803,#833),.PCURVE_S1.);
#776 = B_SPLINE_CURVE_WITH_KNOTS('',7,(#777,#778,#779,#780,#781,#782,
    #783,#784,#785,#786,#787,#788,#789,#790,#791,#792,#793,#794,#795,
    #796,#797,#798,#799,#800,#801,#802),.UNSPECIFIED.,.F.,.F.,(8,6,6,6,8
    ),(0.,0.352322536743,0.518496427144,0.678698754625,1.),
  .UNSPECIFIED.);
#777 = CARTESIAN_POINT('',(-26.7,111.7,33.73628627267));
#778 = CARTESIAN_POINT('',(-25.57594497142,111.7,34.752620541256));
#779 = CARTESIAN_POINT('',(-24.42591676786,111.7,35.740042543275));
#780 = CARTESIAN_POINT('',(-23.24979776844,111.7,36.696927010026));
#781 = CARTESIAN_POINT('',(-22.04744843194,111.7,37.621112491079));
#782 = CARTESIAN_POINT('',(-20.81869301801,111.7,38.509878788886));
#783 = CARTESIAN_POINT('',(-19.56328513061,111.7,39.359900472148));
#784 = CARTESIAN_POINT('',(-17.67582636607,111.7,40.547703484702));
#785 = CARTESIAN_POINT('',(-17.06490351912,111.7,40.918823387437));
#786 = CARTESIAN_POINT('',(-16.44793390624,111.7,41.279940029663));
#787 = CARTESIAN_POINT('',(-15.82489243471,111.7,41.630557410898));
#788 = CARTESIAN_POINT('',(-15.19576595066,111.7,41.970121624751));
#789 = CARTESIAN_POINT('',(-14.56055115932,111.7,42.298017000931));
#790 = CARTESIAN_POINT('',(-13.30099939929,111.7,42.917768177372));
#791 = CARTESIAN_POINT('',(-12.67710385412,111.7,43.210489508107));
#792 = CARTESIAN_POINT('',(-12.04760518406,111.7,43.491186119537));
#793 = CARTESIAN_POINT('',(-11.41257596057,111.7,43.759267798068));
#794 = CARTESIAN_POINT('',(-10.77212293466,111.7,44.014096328699));
#795 = CARTESIAN_POINT('',(-10.12638791903,111.7,44.254987587265));
#796 = CARTESIAN_POINT('',(-8.170227677286,111.7,44.934931823134));
#797 = CARTESIAN_POINT('',(-6.844504621575,111.7,45.329615176352));
#798 = CARTESIAN_POINT('',(-5.499603269784,111.7,45.659490120205));
#799 = CARTESIAN_POINT('',(-4.138049793281,111.7,45.917753143975));
#800 = CARTESIAN_POINT('',(-2.76374468934,111.7,46.097018828572));
#801 = CARTESIAN_POINT('',(-1.382045816126,111.7,46.189798495158));
#802 = CARTESIAN_POINT('',(2.161396540856E-05,111.7,46.189798495158));
#803 = PCURVE('',#316,#804);
#804 = DEFINITIONAL_REPRESENTATION('',(#805),#832);
#805 = B_SPLINE_CURVE_WITH_KNOTS('',7,(#806,#807,#808,#809,#810,#811,
    #812,#813,#814,#815,#816,#817,#818,#819,#820,#821,#822,#823,#824,
    #825,#826,#827,#828,#829,#830,#831),.UNSPECIFIED.,.F.,.F.,(8,6,6,6,8
    ),(0.,0.352322536743,0.518496427144,0.678698754625,1.),
  .UNSPECIFIED.);
#806 = CARTESIAN_POINT('',(9.73628627267,0.));
#807 = CARTESIAN_POINT('',(10.752620541256,1.124055028579));
#808 = CARTESIAN_POINT('',(11.740042543275,2.274083232137));
#809 = CARTESIAN_POINT('',(12.696927010026,3.450202231551));
#810 = CARTESIAN_POINT('',(13.621112491079,4.652551568055));
#811 = CARTESIAN_POINT('',(14.509878788886,5.881306981984));
#812 = CARTESIAN_POINT('',(15.359900472148,7.13671486939));
#813 = CARTESIAN_POINT('',(16.547703484702,9.024173633924));
#814 = CARTESIAN_POINT('',(16.918823387437,9.635096480876));
#815 = CARTESIAN_POINT('',(17.279940029663,10.25206609376));
#816 = CARTESIAN_POINT('',(17.630557410898,10.875107565281));
#817 = CARTESIAN_POINT('',(17.970121624751,11.504234049338));
#818 = CARTESIAN_POINT('',(18.298017000931,12.139448840674));
#819 = CARTESIAN_POINT('',(18.917768177372,13.399000600708));
#820 = CARTESIAN_POINT('',(19.210489508107,14.022896145872));
#821 = CARTESIAN_POINT('',(19.491186119537,14.652394815938));
#822 = CARTESIAN_POINT('',(19.759267798068,15.28742403943));
#823 = CARTESIAN_POINT('',(20.014096328699,15.927877065338));
#824 = CARTESIAN_POINT('',(20.254987587265,16.573612080963));
#825 = CARTESIAN_POINT('',(20.934931823134,18.529772322714));
#826 = CARTESIAN_POINT('',(21.329615176352,19.855495378425));
#827 = CARTESIAN_POINT('',(21.659490120205,21.200396730216));
#828 = CARTESIAN_POINT('',(21.917753143975,22.561950206719));
#829 = CARTESIAN_POINT('',(22.097018828572,23.93625531066));
#830 = CARTESIAN_POINT('',(22.189798495158,25.317954183874));
#831 = CARTESIAN_POINT('',(22.189798495158,26.700021613965));
#832 = ( GEOMETRIC_REPRESENTATION_CONTEXT(2) 
PARAMETRIC_REPRESENTATION_CONTEXT() REPRESENTATION_CONTEXT('2D SPACE',''
  ) );
#833 = PCURVE('',#834,#849);
#834 = B_SPLINE_SURFACE_WITH_KNOTS('',3,1,(
    (#835,#836)
    ,(#837,#838)
    ,(#839,#840)
    ,(#841,#842)
    ,(#843,#844)
    ,(#845,#846)
    ,(#847,#848
    )),.UNSPECIFIED.,.F.,.F.,.F.,(4,1,1,1,4),(2,2),(-1.,-0.796211663263,
    -0.592423326527,-0.38863498979,-0.184846653054),(0.,1.),
  .UNSPECIFIED.);
#835 = CARTESIAN_POINT('',(2.161396516897E-05,218.83622523685,
    46.189798495158));
#836 = CARTESIAN_POINT('',(2.161396564193E-05,8.,46.189798495158));
#837 = CARTESIAN_POINT('',(-4.512973898524,218.83622523685,
    46.189798495157));
#838 = CARTESIAN_POINT('',(-4.512973898523,8.,46.189798495157));
#839 = CARTESIAN_POINT('',(-13.95926048879,218.83622523685,
    43.645915714876));
#840 = CARTESIAN_POINT('',(-13.95926048879,8.,43.645915714876));
#841 = CARTESIAN_POINT('',(-27.88864271431,218.83622523685,
    33.635970738749));
#842 = CARTESIAN_POINT('',(-27.88864271431,7.999999999999,
    33.635970738749));
#843 = CARTESIAN_POINT('',(-39.55460639539,218.83622523685,
    19.755200425886));
#844 = CARTESIAN_POINT('',(-39.55460639539,8.000000000001,
    19.755200425886));
#845 = CARTESIAN_POINT('',(-44.76343270132,218.83622523685,
    9.731350244196));
#846 = CARTESIAN_POINT('',(-44.76343270132,8.,9.731350244196));
#847 = CARTESIAN_POINT('',(-46.464188556,218.83622523685,4.999999999232)
  );
#848 = CARTESIAN_POINT('',(-46.464188556,8.,4.999999999232));
#849 = DEFINITIONAL_REPRESENTATION('',(#850),#877);
#850 = B_SPLINE_CURVE_WITH_KNOTS('',7,(#851,#852,#853,#854,#855,#856,
    #857,#858,#859,#860,#861,#862,#863,#864,#865,#866,#867,#868,#869,
    #870,#871,#872,#873,#874,#875,#876),.UNSPECIFIED.,.F.,.F.,(8,6,6,6,8
    ),(0.,0.352322536743,0.518496427144,0.678698754625,1.),
  .UNSPECIFIED.);
#851 = CARTESIAN_POINT('',(-0.605273735169,0.508149038983));
#852 = CARTESIAN_POINT('',(-0.622981113514,0.508149038983));
#853 = CARTESIAN_POINT('',(-0.640801283249,0.508149038983));
#854 = CARTESIAN_POINT('',(-0.658763456443,0.508149038983));
#855 = CARTESIAN_POINT('',(-0.676896145564,0.508149038983));
#856 = CARTESIAN_POINT('',(-0.695228894049,0.508149038983));
#857 = CARTESIAN_POINT('',(-0.7137938084,0.508149038983));
#858 = CARTESIAN_POINT('',(-0.741513703155,0.508149038983));
#859 = CARTESIAN_POINT('',(-0.75045756119,0.508149038983));
#860 = CARTESIAN_POINT('',(-0.75946518504,0.508149038983));
#861 = CARTESIAN_POINT('',(-0.768540436941,0.508149038983));
#862 = CARTESIAN_POINT('',(-0.77768721727,0.508149038983));
#863 = CARTESIAN_POINT('',(-0.786909549184,0.508149038983));
#864 = CARTESIAN_POINT('',(-0.805179500042,0.508149038983));
#865 = CARTESIAN_POINT('',(-0.814221314293,0.508149038983));
#866 = CARTESIAN_POINT('',(-0.823339331838,0.508149038983));
#867 = CARTESIAN_POINT('',(-0.832535508473,0.508149038983));
#868 = CARTESIAN_POINT('',(-0.84181154317,0.508149038983));
#869 = CARTESIAN_POINT('',(-0.851168891269,0.508149038983));
#870 = CARTESIAN_POINT('',(-0.879541381868,0.508149038983));
#871 = CARTESIAN_POINT('',(-0.898804114683,0.508149038983));
#872 = CARTESIAN_POINT('',(-0.918409873692,0.508149038983));
#873 = CARTESIAN_POINT('',(-0.938357391211,0.508149038983));
#874 = CARTESIAN_POINT('',(-0.958630620165,0.508149038983));
#875 = CARTESIAN_POINT('',(-0.979197170921,0.508149038983));
#876 = CARTESIAN_POINT('',(-1.,0.508149038983));
#877 = ( GEOMETRIC_REPRESENTATION_CONTEXT(2) 
PARAMETRIC_REPRESENTATION_CONTEXT() REPRESENTATION_CONTEXT('2D SPACE',''
  ) );
#878 = ORIENTED_EDGE('',*,*,#879,.T.);
#879 = EDGE_CURVE('',#773,#366,#880,.T.);
#880 = SURFACE_CURVE('',#881,(#885,#892),.PCURVE_S1.);
#881 = LINE('',#882,#883);
#882 = CARTESIAN_POINT('',(-26.7,111.7,24.));
#883 = VECTOR('',#884,1.);
#884 = DIRECTION('',(0.,0.,1.));
#885 = PCURVE('',#316,#886);
#886 = DEFINITIONAL_REPRESENTATION('',(#887),#891);
#887 = LINE('',#888,#889);
#888 = CARTESIAN_POINT('',(0.,0.));
#889 = VECTOR('',#890,1.);
#890 = DIRECTION('',(1.,0.));
#891 = ( GEOMETRIC_REPRESENTATION_CONTEXT(2) 
PARAMETRIC_REPRESENTATION_CONTEXT() REPRESENTATION_CONTEXT('2D SPACE',''
  ) );
#892 = PCURVE('',#634,#893);
#893 = DEFINITIONAL_REPRESENTATION('',(#894),#898);
#894 = LINE('',#895,#896);
#895 = CARTESIAN_POINT('',(0.,-106.4));
#896 = VECTOR('',#897,1.);
#897 = DIRECTION('',(1.,0.));
#898 = ( GEOMETRIC_REPRESENTATION_CONTEXT(2) 
PARAMETRIC_REPRESENTATION_CONTEXT() REPRESENTATION_CONTEXT('2D SPACE',''
  ) );
#899 = ORIENTED_EDGE('',*,*,#365,.T.);
#900 = ORIENTED_EDGE('',*,*,#234,.T.);
#901 = ADVANCED_FACE('',(#902),#220,.T.);
#902 = FACE_BOUND('',#903,.T.);
#903 = EDGE_LOOP('',(#904,#927,#1209,#1236,#1237));
#904 = ORIENTED_EDGE('',*,*,#905,.F.);
#905 = EDGE_CURVE('',#906,#71,#908,.T.);
#906 = VERTEX_POINT('',#907);
#907 = CARTESIAN_POINT('',(26.7,5.3,32.662235474));
#908 = SURFACE_CURVE('',#909,(#913,#920),.PCURVE_S1.);
#909 = LINE('',#910,#911);
#910 = CARTESIAN_POINT('',(26.7,5.3,24.));
#911 = VECTOR('',#912,1.);
#912 = DIRECTION('',(0.,0.,1.));
#913 = PCURVE('',#220,#914);
#914 = DEFINITIONAL_REPRESENTATION('',(#915),#919);
#915 = LINE('',#916,#917);
#916 = CARTESIAN_POINT('',(0.,0.));
#917 = VECTOR('',#918,1.);
#918 = DIRECTION('',(1.,0.));
#919 = ( GEOMETRIC_REPRESENTATION_CONTEXT(2) 
PARAMETRIC_REPRESENTATION_CONTEXT() REPRESENTATION_CONTEXT('2D SPACE',''
  ) );
#920 = PCURVE('',#154,#921);
#921 = DEFINITIONAL_REPRESENTATION('',(#922),#926);
#922 = LINE('',#923,#924);
#923 = CARTESIAN_POINT('',(0.,53.4));
#924 = VECTOR('',#925,1.);
#925 = DIRECTION('',(1.,0.));
#926 = ( GEOMETRIC_REPRESENTATION_CONTEXT(2) 
PARAMETRIC_REPRESENTATION_CONTEXT() REPRESENTATION_CONTEXT('2D SPACE',''
  ) );
#927 = ORIENTED_EDGE('',*,*,#928,.T.);
#928 = EDGE_CURVE('',#906,#929,#931,.T.);
#929 = VERTEX_POINT('',#930);
#930 = CARTESIAN_POINT('',(26.7,8.,33.736325357937));
#931 = SURFACE_CURVE('',#932,(#983,#1037),.PCURVE_S1.);
#932 = B_SPLINE_CURVE_WITH_KNOTS('',5,(#933,#934,#935,#936,#937,#938,
    #939,#940,#941,#942,#943,#944,#945,#946,#947,#948,#949,#950,#951,
    #952,#953,#954,#955,#956,#957,#958,#959,#960,#961,#962,#963,#964,
    #965,#966,#967,#968,#969,#970,#971,#972,#973,#974,#975,#976,#977,
    #978,#979,#980,#981,#982),.UNSPECIFIED.,.F.,.F.,(6,4,4,4,4,4,4,4,4,4
    ,4,4,6),(0.,0.100575309042,0.198802520385,0.295452860117,
    0.390670804091,0.468998191915,0.546272460963,0.622870481439,
    0.698895503084,0.774721563726,0.849928052119,0.924901852573,1.),
  .UNSPECIFIED.);
#933 = CARTESIAN_POINT('',(26.7,5.3,32.662235474));
#934 = CARTESIAN_POINT('',(26.7,5.344990184002,32.701585149407));
#935 = CARTESIAN_POINT('',(26.7,5.390558134612,32.740271937921));
#936 = CARTESIAN_POINT('',(26.7,5.436700947197,32.778272992177));
#937 = CARTESIAN_POINT('',(26.7,5.483414769648,32.815564329337));
#938 = CARTESIAN_POINT('',(26.7,5.57687100419,32.88782386055));
#939 = CARTESIAN_POINT('',(26.7,5.623587247945,32.922825961445));
#940 = CARTESIAN_POINT('',(26.7,5.6708390634,32.957103718769));
#941 = CARTESIAN_POINT('',(26.7,5.718620822154,32.990632703863));
#942 = CARTESIAN_POINT('',(26.7,5.814455199491,33.055616422541));
#943 = CARTESIAN_POINT('',(26.7,5.862490876643,33.0870960759));
#944 = CARTESIAN_POINT('',(26.7,5.911028212492,33.117799245241));
#945 = CARTESIAN_POINT('',(26.7,5.960052520187,33.147711615012));
#946 = CARTESIAN_POINT('',(26.7,6.058318985581,33.205480690377));
#947 = CARTESIAN_POINT('',(26.7,6.107547004039,33.233361680041));
#948 = CARTESIAN_POINT('',(26.7,6.157224732571,33.26043622126));
#949 = CARTESIAN_POINT('',(26.7,6.207339107613,33.286685917294));
#950 = CARTESIAN_POINT('',(26.7,6.299448021414,33.332992274154));
#951 = CARTESIAN_POINT('',(26.7,6.341305990726,33.353321527626));
#952 = CARTESIAN_POINT('',(26.7,6.383441853965,33.373070114551));
#953 = CARTESIAN_POINT('',(26.7,6.425847106631,33.392228020009));
#954 = CARTESIAN_POINT('',(26.7,6.510604603658,33.429093220901));
#955 = CARTESIAN_POINT('',(26.7,6.552949894686,33.446816565263));
#956 = CARTESIAN_POINT('',(26.7,6.595539834325,33.463945925572));
#957 = CARTESIAN_POINT('',(26.7,6.638365156046,33.4804720381));
#958 = CARTESIAN_POINT('',(26.7,6.724090177516,33.512160407648));
#959 = CARTESIAN_POINT('',(26.7,6.766985947811,33.527333343913));
#960 = CARTESIAN_POINT('',(26.7,6.81009378596,33.541895850925));
#961 = CARTESIAN_POINT('',(26.7,6.853403590907,33.555839412835));
#962 = CARTESIAN_POINT('',(26.7,6.940080449415,33.58237259618));
#963 = CARTESIAN_POINT('',(26.7,6.983444654319,33.594971575811));
#964 = CARTESIAN_POINT('',(26.7,7.026986938648,33.606944713796));
#965 = CARTESIAN_POINT('',(26.7,7.070696392879,33.618284358123));
#966 = CARTESIAN_POINT('',(26.7,7.158312012644,33.639654125743));
#967 = CARTESIAN_POINT('',(26.7,7.202217369599,33.649687609275));
#968 = CARTESIAN_POINT('',(26.7,7.246266340266,33.659076480301));
#969 = CARTESIAN_POINT('',(26.7,7.290447121538,33.667814009921));
#970 = CARTESIAN_POINT('',(26.7,7.378685780424,33.683907873736));
#971 = CARTESIAN_POINT('',(26.7,7.422741720722,33.691274921124));
#972 = CARTESIAN_POINT('',(26.7,7.466903278242,33.697988999802));
#973 = CARTESIAN_POINT('',(26.7,7.511158063916,33.704044584901));
#974 = CARTESIAN_POINT('',(26.7,7.599691326378,33.714812174606));
#975 = CARTESIAN_POINT('',(26.7,7.643969317232,33.719528288638));
#976 = CARTESIAN_POINT('',(26.7,7.688314569796,33.723580154368));
#977 = CARTESIAN_POINT('',(26.7,7.732714067523,33.726963524711));
#978 = CARTESIAN_POINT('',(26.7,7.821668561675,33.732390601232));
#979 = CARTESIAN_POINT('',(26.7,7.866223708024,33.734432085617));
#980 = CARTESIAN_POINT('',(26.7,7.910806478744,33.735795665952));
#981 = CARTESIAN_POINT('',(26.7,7.955403210806,33.736478498734));
#982 = CARTESIAN_POINT('',(26.7,8.,33.736478498734));
#983 = PCURVE('',#220,#984);
#984 = DEFINITIONAL_REPRESENTATION('',(#985),#1036);
#985 = B_SPLINE_CURVE_WITH_KNOTS('',5,(#986,#987,#988,#989,#990,#991,
    #992,#993,#994,#995,#996,#997,#998,#999,#1000,#1001,#1002,#1003,
    #1004,#1005,#1006,#1007,#1008,#1009,#1010,#1011,#1012,#1013,#1014,
    #1015,#1016,#1017,#1018,#1019,#1020,#1021,#1022,#1023,#1024,#1025,
    #1026,#1027,#1028,#1029,#1030,#1031,#1032,#1033,#1034,#1035),
  .UNSPECIFIED.,.F.,.F.,(6,4,4,4,4,4,4,4,4,4,4,4,6),(0.,0.100575309042,
    0.198802520385,0.295452860117,0.390670804091,0.468998191915,
    0.546272460963,0.622870481439,0.698895503084,0.774721563726,
    0.849928052119,0.924901852573,1.),.UNSPECIFIED.);
#986 = CARTESIAN_POINT('',(8.662235474,0.));
#987 = CARTESIAN_POINT('',(8.701585149407,-4.499018400222E-02));
#988 = CARTESIAN_POINT('',(8.740271937921,-9.055813461203E-02));
#989 = CARTESIAN_POINT('',(8.778272992177,-0.136700947197));
#990 = CARTESIAN_POINT('',(8.815564329337,-0.183414769648));
#991 = CARTESIAN_POINT('',(8.88782386055,-0.27687100419));
#992 = CARTESIAN_POINT('',(8.922825961445,-0.323587247945));
#993 = CARTESIAN_POINT('',(8.957103718769,-0.3708390634));
#994 = CARTESIAN_POINT('',(8.990632703863,-0.418620822154));
#995 = CARTESIAN_POINT('',(9.055616422541,-0.514455199491));
#996 = CARTESIAN_POINT('',(9.0870960759,-0.562490876643));
#997 = CARTESIAN_POINT('',(9.117799245241,-0.611028212492));
#998 = CARTESIAN_POINT('',(9.147711615012,-0.660052520187));
#999 = CARTESIAN_POINT('',(9.205480690377,-0.758318985581));
#1000 = CARTESIAN_POINT('',(9.233361680041,-0.807547004039));
#1001 = CARTESIAN_POINT('',(9.26043622126,-0.857224732571));
#1002 = CARTESIAN_POINT('',(9.286685917294,-0.907339107613));
#1003 = CARTESIAN_POINT('',(9.332992274154,-0.999448021414));
#1004 = CARTESIAN_POINT('',(9.353321527626,-1.041305990726));
#1005 = CARTESIAN_POINT('',(9.373070114551,-1.083441853965));
#1006 = CARTESIAN_POINT('',(9.392228020009,-1.125847106631));
#1007 = CARTESIAN_POINT('',(9.429093220901,-1.210604603658));
#1008 = CARTESIAN_POINT('',(9.446816565263,-1.252949894686));
#1009 = CARTESIAN_POINT('',(9.463945925572,-1.295539834325));
#1010 = CARTESIAN_POINT('',(9.4804720381,-1.338365156046));
#1011 = CARTESIAN_POINT('',(9.512160407648,-1.424090177516));
#1012 = CARTESIAN_POINT('',(9.527333343913,-1.466985947811));
#1013 = CARTESIAN_POINT('',(9.541895850925,-1.51009378596));
#1014 = CARTESIAN_POINT('',(9.555839412835,-1.553403590907));
#1015 = CARTESIAN_POINT('',(9.58237259618,-1.640080449415));
#1016 = CARTESIAN_POINT('',(9.594971575811,-1.683444654319));
#1017 = CARTESIAN_POINT('',(9.606944713796,-1.726986938648));
#1018 = CARTESIAN_POINT('',(9.618284358123,-1.770696392879));
#1019 = CARTESIAN_POINT('',(9.639654125743,-1.858312012644));
#1020 = CARTESIAN_POINT('',(9.649687609275,-1.902217369599));
#1021 = CARTESIAN_POINT('',(9.659076480301,-1.946266340266));
#1022 = CARTESIAN_POINT('',(9.667814009921,-1.990447121538));
#1023 = CARTESIAN_POINT('',(9.683907873736,-2.078685780424));
#1024 = CARTESIAN_POINT('',(9.691274921124,-2.122741720722));
#1025 = CARTESIAN_POINT('',(9.697988999802,-2.166903278242));
#1026 = CARTESIAN_POINT('',(9.704044584901,-2.211158063916));
#1027 = CARTESIAN_POINT('',(9.714812174606,-2.299691326378));
#1028 = CARTESIAN_POINT('',(9.719528288638,-2.343969317232));
#1029 = CARTESIAN_POINT('',(9.723580154368,-2.388314569796));
#1030 = CARTESIAN_POINT('',(9.726963524711,-2.432714067523));
#1031 = CARTESIAN_POINT('',(9.732390601232,-2.521668561675));
#1032 = CARTESIAN_POINT('',(9.734432085617,-2.566223708024));
#1033 = CARTESIAN_POINT('',(9.735795665952,-2.610806478744));
#1034 = CARTESIAN_POINT('',(9.736478498734,-2.655403210806));
#1035 = CARTESIAN_POINT('',(9.736478498734,-2.7));
#1036 = ( GEOMETRIC_REPRESENTATION_CONTEXT(2) 
PARAMETRIC_REPRESENTATION_CONTEXT() REPRESENTATION_CONTEXT('2D SPACE',''
  ) );
#1037 = PCURVE('',#1038,#1156);
#1038 = B_SPLINE_SURFACE_WITH_KNOTS('',3,3,(
    (#1039,#1040,#1041,#1042,#1043,#1044,#1045,#1046,#1047,#1048,#1049
      ,#1050,#1051)
    ,(#1052,#1053,#1054,#1055,#1056,#1057,#1058,#1059,#1060,#1061,#1062
      ,#1063,#1064)
    ,(#1065,#1066,#1067,#1068,#1069,#1070,#1071,#1072,#1073,#1074,#1075
      ,#1076,#1077)
    ,(#1078,#1079,#1080,#1081,#1082,#1083,#1084,#1085,#1086,#1087,#1088
      ,#1089,#1090)
    ,(#1091,#1092,#1093,#1094,#1095,#1096,#1097,#1098,#1099,#1100,#1101
      ,#1102,#1103)
    ,(#1104,#1105,#1106,#1107,#1108,#1109,#1110,#1111,#1112,#1113,#1114
      ,#1115,#1116)
    ,(#1117,#1118,#1119,#1120,#1121,#1122,#1123,#1124,#1125,#1126,#1127
      ,#1128,#1129)
    ,(#1130,#1131,#1132,#1133,#1134,#1135,#1136,#1137,#1138,#1139,#1140
      ,#1141,#1142)
    ,(#1143,#1144,#1145,#1146,#1147,#1148,#1149,#1150,#1151,#1152,#1153
      ,#1154,#1155
    )),.UNSPECIFIED.,.F.,.F.,.F.,(4,1,1,3,4),(4,2,1,1,2,1,2,4),(0.,
    0.285714285714,0.571428571429,1.,1.01),(-5.894970306231,
    -5.510509591907,-4.710232661714,-4.310094196618,-2.709540336232,
    -1.890329118172,-0.798047494092,0.),.UNSPECIFIED.);
#1039 = CARTESIAN_POINT('',(46.464231783659,8.,4.999999999999));
#1040 = CARTESIAN_POINT('',(45.984480923884,8.,6.33462386242));
#1041 = CARTESIAN_POINT('',(45.454177529286,8.,7.639634773074));
#1042 = CARTESIAN_POINT('',(43.688838385327,8.,11.580361819278));
#1043 = CARTESIAN_POINT('',(41.641367068186,8.,15.402373363905));
#1044 = CARTESIAN_POINT('',(36.203254905813,8.,23.762466067643));
#1045 = CARTESIAN_POINT('',(31.545625653631,8.,29.254465016334));
#1046 = CARTESIAN_POINT('',(25.143058884025,8.,35.18555086465));
#1047 = CARTESIAN_POINT('',(19.786370888414,8.,39.546481489477));
#1048 = CARTESIAN_POINT('',(13.510722149079,8.,43.078778345554));
#1049 = CARTESIAN_POINT('',(6.572943893949,8.,45.495148450838));
#1050 = CARTESIAN_POINT('',(3.351286594251,8.,46.189798495158));
#1051 = CARTESIAN_POINT('',(2.161396562145E-05,8.,46.189798495157));
#1052 = CARTESIAN_POINT('',(46.464231783659,7.252001749146,
    4.999999999999));
#1053 = CARTESIAN_POINT('',(45.984480923884,7.252001749146,6.33462386242
    ));
#1054 = CARTESIAN_POINT('',(45.454177529286,7.252001749146,
    7.639634773074));
#1055 = CARTESIAN_POINT('',(43.688838385327,7.252001749146,
    11.580361819278));
#1056 = CARTESIAN_POINT('',(41.641367068186,7.252001749145,
    15.402373363905));
#1057 = CARTESIAN_POINT('',(36.203254905813,7.252001749145,
    23.762466067643));
#1058 = CARTESIAN_POINT('',(31.545625653631,7.252001749145,
    29.254465016334));
#1059 = CARTESIAN_POINT('',(25.143058884025,7.252001749145,
    35.18555086465));
#1060 = CARTESIAN_POINT('',(19.786370888414,7.252001749145,
    39.546481489477));
#1061 = CARTESIAN_POINT('',(13.510722149079,7.252001749145,
    43.078778345554));
#1062 = CARTESIAN_POINT('',(6.572943893949,7.252001749145,
    45.495148450838));
#1063 = CARTESIAN_POINT('',(3.351286594251,7.252001749145,
    46.189798495158));
#1064 = CARTESIAN_POINT('',(2.161396562274E-05,7.252001749145,
    46.189798495157));
#1065 = CARTESIAN_POINT('',(46.142225027932,5.7587287667,4.884249770842)
  );
#1066 = CARTESIAN_POINT('',(45.665635934964,5.7587287667,6.210048420257)
  );
#1067 = CARTESIAN_POINT('',(45.138571096911,5.7587287667,7.507152039297)
  );
#1068 = CARTESIAN_POINT('',(43.383207203337,5.7587287667,11.424835600164
    ));
#1069 = CARTESIAN_POINT('',(41.345639121747,5.7587287667,15.229276722043
    ));
#1070 = CARTESIAN_POINT('',(35.931783310123,5.7587287667,23.552973715462
    ));
#1071 = CARTESIAN_POINT('',(31.291600613925,5.7587287667,29.0224101411)
  );
#1072 = CARTESIAN_POINT('',(24.921611325166,5.7587287667,34.924962484051
    ));
#1073 = CARTESIAN_POINT('',(19.593619627988,5.7587287667,39.263298675541
    ));
#1074 = CARTESIAN_POINT('',(13.356878756866,5.7587287667,42.768334233212
    ));
#1075 = CARTESIAN_POINT('',(6.489113341375,5.7587287667,45.161650713062)
  );
#1076 = CARTESIAN_POINT('',(3.305027094492,5.7587287667,45.847099740585)
  );
#1077 = CARTESIAN_POINT('',(2.161396573144E-05,5.7587287667,
    45.847619497725));
#1078 = CARTESIAN_POINT('',(44.568127260653,3.655775899983,
    4.318416371272));
#1079 = CARTESIAN_POINT('',(44.107010699409,3.655775899983,
    5.601204719243));
#1080 = CARTESIAN_POINT('',(43.595773964613,3.655775899983,6.85963654634
    ));
#1081 = CARTESIAN_POINT('',(41.889857479422,3.655775899983,
    10.667806133474));
#1082 = CARTESIAN_POINT('',(39.900532456586,3.655775899983,
    14.382493948369));
#1083 = CARTESIAN_POINT('',(34.602853532274,3.655775899983,
    22.528757267464));
#1084 = CARTESIAN_POINT('',(30.05389548532,3.655775899983,
    27.889886436754));
#1085 = CARTESIAN_POINT('',(23.836506153236,3.655775899983,
    33.649239527384));
#1086 = CARTESIAN_POINT('',(18.645703323335,3.655775899983,
    37.876650620102));
#1087 = CARTESIAN_POINT('',(12.617285178185,3.655775899983,
    41.256551943482));
#1088 = CARTESIAN_POINT('',(6.07530724799,3.655775899983,43.534912994413
    ));
#1089 = CARTESIAN_POINT('',(3.072665441398,3.655775899983,
    44.174972307868));
#1090 = CARTESIAN_POINT('',(2.161396625385E-05,3.655775899983,
    44.174911747692));
#1091 = CARTESIAN_POINT('',(42.814846365689,3.,3.688172869362));
#1092 = CARTESIAN_POINT('',(42.370957529992,3.,4.923006885212));
#1093 = CARTESIAN_POINT('',(41.877351843417,3.,6.138371356598));
#1094 = CARTESIAN_POINT('',(40.226260086411,3.,9.823410380017));
#1095 = CARTESIAN_POINT('',(38.290731418034,3.,13.439546667904));
#1096 = CARTESIAN_POINT('',(33.123334835236,3.,21.388001179243));
#1097 = CARTESIAN_POINT('',(28.673804278225,3.,26.627764231255));
#1098 = CARTESIAN_POINT('',(22.628829027601,3.,32.228982352851));
#1099 = CARTESIAN_POINT('',(17.591966640086,3.,36.333015773823));
#1100 = CARTESIAN_POINT('',(11.788927242278,3.,39.570552291914));
#1101 = CARTESIAN_POINT('',(5.615869183942,3.,41.721702448261));
#1102 = CARTESIAN_POINT('',(2.816140721099,3.,42.31135637192));
#1103 = CARTESIAN_POINT('',(2.161396683281E-05,3.,42.31179587144));
#1104 = CARTESIAN_POINT('',(41.758993324497,3.,3.308630424056));
#1105 = CARTESIAN_POINT('',(41.325483220929,3.,4.514616650104));
#1106 = CARTESIAN_POINT('',(40.842494453331,3.,5.704041068252));
#1107 = CARTESIAN_POINT('',(39.224581409554,3.,9.315672131799));
#1108 = CARTESIAN_POINT('',(37.321409896201,3.,12.871542682309));
#1109 = CARTESIAN_POINT('',(32.2319023513,3.,20.700988294048));
#1110 = CARTESIAN_POINT('',(27.843657891733,3.,25.868134390316));
#1111 = CARTESIAN_POINT('',(21.900934599058,3.,31.373239341188));
#1112 = CARTESIAN_POINT('',(16.956044251313,3.,35.402860214209));
#1113 = CARTESIAN_POINT('',(11.29303266506,3.,38.556591671723));
#1114 = CARTESIAN_POINT('',(5.338237126388,3.,40.630597123265));
#1115 = CARTESIAN_POINT('',(2.660179927607,3.,41.189798495158));
#1116 = CARTESIAN_POINT('',(2.161396718079E-05,3.,41.189798495157));
#1117 = CARTESIAN_POINT('',(41.734356753536,3.,3.299774433666));
#1118 = CARTESIAN_POINT('',(41.301088820384,3.,4.505087544618));
#1119 = CARTESIAN_POINT('',(40.818347780895,3.,5.693906694857));
#1120 = CARTESIAN_POINT('',(39.201208907094,3.,9.303824906007));
#1121 = CARTESIAN_POINT('',(37.298792394024,3.,12.858289255978));
#1122 = CARTESIAN_POINT('',(32.211102260008,3.,20.684957993394));
#1123 = CARTESIAN_POINT('',(27.824287809382,3.,25.850409694028));
#1124 = CARTESIAN_POINT('',(21.883950395726,3.,31.353272004249));
#1125 = CARTESIAN_POINT('',(16.941206062241,3.,35.381156584484));
#1126 = CARTESIAN_POINT('',(11.281461791592,3.,38.532932590585));
#1127 = CARTESIAN_POINT('',(5.331759045046,3.,40.605137999015));
#1128 = CARTESIAN_POINT('',(2.656540842425,3.,41.163628811367));
#1129 = CARTESIAN_POINT('',(2.161396718891E-05,3.,41.163618556378));
#1130 = CARTESIAN_POINT('',(41.709720182575,3.,3.290918443275));
#1131 = CARTESIAN_POINT('',(41.276694419839,3.,4.495558439133));
#1132 = CARTESIAN_POINT('',(40.79420110846,3.,5.683772321462));
#1133 = CARTESIAN_POINT('',(39.177836404634,3.,9.291977680215));
#1134 = CARTESIAN_POINT('',(37.276174891848,3.,12.845035829648));
#1135 = CARTESIAN_POINT('',(32.190302168716,3.,20.668927692739));
#1136 = CARTESIAN_POINT('',(27.80491772703,3.,25.832684997739));
#1137 = CARTESIAN_POINT('',(21.866966192393,3.,31.33330466731));
#1138 = CARTESIAN_POINT('',(16.92636787317,3.,35.35945295476));
#1139 = CARTESIAN_POINT('',(11.269890918124,3.,38.509273509447));
#1140 = CARTESIAN_POINT('',(5.325280963703,3.,40.579678874765));
#1141 = CARTESIAN_POINT('',(2.652901757244,3.,41.137459127576));
#1142 = CARTESIAN_POINT('',(2.161396719703E-05,3.,41.137438617597));
#1143 = CARTESIAN_POINT('',(41.685083611613,3.,3.282062452885));
#1144 = CARTESIAN_POINT('',(41.252300019294,3.,4.486029333647));
#1145 = CARTESIAN_POINT('',(40.770054436025,3.,5.673637948068));
#1146 = CARTESIAN_POINT('',(39.154463902174,3.,9.280130454423));
#1147 = CARTESIAN_POINT('',(37.253557389672,3.,12.831782403317));
#1148 = CARTESIAN_POINT('',(32.169502077424,3.,20.652897392085));
#1149 = CARTESIAN_POINT('',(27.785547644679,3.,25.814960301451));
#1150 = CARTESIAN_POINT('',(21.84998198906,3.,31.313337330371));
#1151 = CARTESIAN_POINT('',(16.911529684099,3.,35.337749325036));
#1152 = CARTESIAN_POINT('',(11.258320044655,3.,38.48561442831));
#1153 = CARTESIAN_POINT('',(5.31880288236,3.,40.554219750515));
#1154 = CARTESIAN_POINT('',(2.649262672062,3.,41.111289443785));
#1155 = CARTESIAN_POINT('',(2.161396720515E-05,3.,41.111258678818));
#1156 = DEFINITIONAL_REPRESENTATION('',(#1157),#1208);
#1157 = B_SPLINE_CURVE_WITH_KNOTS('',5,(#1158,#1159,#1160,#1161,#1162,
    #1163,#1164,#1165,#1166,#1167,#1168,#1169,#1170,#1171,#1172,#1173,
    #1174,#1175,#1176,#1177,#1178,#1179,#1180,#1181,#1182,#1183,#1184,
    #1185,#1186,#1187,#1188,#1189,#1190,#1191,#1192,#1193,#1194,#1195,
    #1196,#1197,#1198,#1199,#1200,#1201,#1202,#1203,#1204,#1205,#1206,
    #1207),.UNSPECIFIED.,.F.,.F.,(6,4,4,4,4,4,4,4,4,4,4,4,6),(0.,
    0.100575309042,0.198802520385,0.295452860117,0.390670804091,
    0.468998191915,0.546272460963,0.622870481439,0.698895503084,
    0.774721563726,0.849928052119,0.924901852573,1.),.UNSPECIFIED.);
#1158 = CARTESIAN_POINT('',(0.363321280901,-2.700401423908));
#1159 = CARTESIAN_POINT('',(0.356514930265,-2.697905373365));
#1160 = CARTESIAN_POINT('',(0.349679042615,-2.695453976538));
#1161 = CARTESIAN_POINT('',(0.342813469211,-2.693048510157));
#1162 = CARTESIAN_POINT('',(0.335918129989,-2.690690314437));
#1163 = CARTESIAN_POINT('',(0.32222957548,-2.686125191314));
#1164 = CARTESIAN_POINT('',(0.3154377392,-2.683916019001));
#1165 = CARTESIAN_POINT('',(0.308617495922,-2.681754586998));
#1166 = CARTESIAN_POINT('',(0.301768929498,-2.679642266177));
#1167 = CARTESIAN_POINT('',(0.288125897344,-2.675551807031));
#1168 = CARTESIAN_POINT('',(0.281332354555,-2.673572042672));
#1169 = CARTESIAN_POINT('',(0.274511604289,-2.671642742857));
#1170 = CARTESIAN_POINT('',(0.267664467271,-2.669764644928));
#1171 = CARTESIAN_POINT('',(0.254020306326,-2.66614027853));
#1172 = CARTESIAN_POINT('',(0.247224050655,-2.664392444475));
#1173 = CARTESIAN_POINT('',(0.240403265015,-2.662696441561));
#1174 = CARTESIAN_POINT('',(0.233558592453,-2.661053273854));
#1175 = CARTESIAN_POINT('',(0.221041171061,-2.658156532952));
#1176 = CARTESIAN_POINT('',(0.215375915829,-2.656885554684));
#1177 = CARTESIAN_POINT('',(0.20969537397,-2.655651558813));
#1178 = CARTESIAN_POINT('',(0.203999976105,-2.654455093233));
#1179 = CARTESIAN_POINT('',(0.192657167107,-2.652153878914));
#1180 = CARTESIAN_POINT('',(0.187010140504,-2.651048112875));
#1181 = CARTESIAN_POINT('',(0.181349554397,-2.649979920003));
#1182 = CARTESIAN_POINT('',(0.175675891099,-2.648949808804));
#1183 = CARTESIAN_POINT('',(0.164353207258,-2.646975422147));
#1184 = CARTESIAN_POINT('',(0.158704405614,-2.646030473908));
#1185 = CARTESIAN_POINT('',(0.153043768049,-2.645123916985));
#1186 = CARTESIAN_POINT('',(0.147371835614,-2.644256221013));
#1187 = CARTESIAN_POINT('',(0.136049045491,-2.642605656665));
#1188 = CARTESIAN_POINT('',(0.130398347439,-2.641822201734));
#1189 = CARTESIAN_POINT('',(0.12473765666,-2.641077920126));
#1190 = CARTESIAN_POINT('',(0.119067574946,-2.640373236465));
#1191 = CARTESIAN_POINT('',(0.107724768449,-2.639045614097));
#1192 = CARTESIAN_POINT('',(0.102052089113,-2.638422465692));
#1193 = CARTESIAN_POINT('',(9.637133688257E-02,-2.637839512042));
#1194 = CARTESIAN_POINT('',(9.06831825066E-02,-2.637297129679));
#1195 = CARTESIAN_POINT('',(7.934001672901E-02,-2.636298307608));
#1196 = CARTESIAN_POINT('',(7.36851137628E-02,-2.635841201274));
#1197 = CARTESIAN_POINT('',(6.802431533812E-02,-2.635424693789));
#1198 = CARTESIAN_POINT('',(6.23583467367E-02,-2.635049097963));
#1199 = CARTESIAN_POINT('',(5.103513272661E-02,-2.634381329807));
#1200 = CARTESIAN_POINT('',(4.537791378964E-02,-2.634088902374));
#1201 = CARTESIAN_POINT('',(3.971706422804E-02,-2.633837694436));
#1202 = CARTESIAN_POINT('',(3.405336875935E-02,-2.6336279509));
#1203 = CARTESIAN_POINT('',(2.271252135488E-02,-2.633291533186));
#1204 = CARTESIAN_POINT('',(1.703536160972E-02,-2.633164996816));
#1205 = CARTESIAN_POINT('',(1.13569850578E-02,-2.633080482957));
#1206 = CARTESIAN_POINT('',(5.678239556966E-03,-2.633038161481));
#1207 = CARTESIAN_POINT('',(0.,-2.633038161481));
#1208 = ( GEOMETRIC_REPRESENTATION_CONTEXT(2) 
PARAMETRIC_REPRESENTATION_CONTEXT() REPRESENTATION_CONTEXT('2D SPACE',''
  ) );
#1209 = ORIENTED_EDGE('',*,*,#1210,.T.);
#1210 = EDGE_CURVE('',#929,#652,#1211,.T.);
#1211 = SURFACE_CURVE('',#1212,(#1218,#1227),.PCURVE_S1.);
#1212 = B_SPLINE_CURVE_WITH_KNOTS('',4,(#1213,#1214,#1215,#1216,#1217),
  .UNSPECIFIED.,.F.,.F.,(5,5),(0.,1.),.PIECEWISE_BEZIER_KNOTS.);
#1213 = CARTESIAN_POINT('',(26.7,8.,33.736325357937));
#1214 = CARTESIAN_POINT('',(26.7,33.925,33.736325357937));
#1215 = CARTESIAN_POINT('',(26.7,59.85,33.736325357937));
#1216 = CARTESIAN_POINT('',(26.7,85.775,33.736325357937));
#1217 = CARTESIAN_POINT('',(26.7,111.7,33.736325357937));
#1218 = PCURVE('',#220,#1219);
#1219 = DEFINITIONAL_REPRESENTATION('',(#1220),#1226);
#1220 = B_SPLINE_CURVE_WITH_KNOTS('',4,(#1221,#1222,#1223,#1224,#1225),
  .UNSPECIFIED.,.F.,.F.,(5,5),(0.,1.),.PIECEWISE_BEZIER_KNOTS.);
#1221 = CARTESIAN_POINT('',(9.736325357937,-2.7));
#1222 = CARTESIAN_POINT('',(9.736325357937,-28.625));
#1223 = CARTESIAN_POINT('',(9.736325357937,-54.55));
#1224 = CARTESIAN_POINT('',(9.736325357937,-80.475));
#1225 = CARTESIAN_POINT('',(9.736325357937,-106.4));
#1226 = ( GEOMETRIC_REPRESENTATION_CONTEXT(2) 
PARAMETRIC_REPRESENTATION_CONTEXT() REPRESENTATION_CONTEXT('2D SPACE',''
  ) );
#1227 = PCURVE('',#730,#1228);
#1228 = DEFINITIONAL_REPRESENTATION('',(#1229),#1235);
#1229 = B_SPLINE_CURVE_WITH_KNOTS('',4,(#1230,#1231,#1232,#1233,#1234),
  .UNSPECIFIED.,.F.,.F.,(5,5),(0.,1.),.PIECEWISE_BEZIER_KNOTS.);
#1230 = CARTESIAN_POINT('',(-0.505708063593,0.));
#1231 = CARTESIAN_POINT('',(-0.505708063593,0.122962740254));
#1232 = CARTESIAN_POINT('',(-0.505708063593,0.245925480509));
#1233 = CARTESIAN_POINT('',(-0.505708063593,0.368888220763));
#1234 = CARTESIAN_POINT('',(-0.505708063593,0.491850961017));
#1235 = ( GEOMETRIC_REPRESENTATION_CONTEXT(2) 
PARAMETRIC_REPRESENTATION_CONTEXT() REPRESENTATION_CONTEXT('2D SPACE',''
  ) );
#1236 = ORIENTED_EDGE('',*,*,#651,.T.);
#1237 = ORIENTED_EDGE('',*,*,#200,.T.);
#1238 = ADVANCED_FACE('',(#1239),#154,.F.);
#1239 = FACE_BOUND('',#1240,.F.);
#1240 = EDGE_LOOP('',(#1241,#1242,#1577,#1949,#1970,#1971));
#1241 = ORIENTED_EDGE('',*,*,#905,.F.);
#1242 = ORIENTED_EDGE('',*,*,#1243,.T.);
#1243 = EDGE_CURVE('',#906,#1244,#1246,.T.);
#1244 = VERTEX_POINT('',#1245);
#1245 = CARTESIAN_POINT('',(2.161396582198E-05,5.3,45.393272450856));
#1246 = SURFACE_CURVE('',#1247,(#1355,#1466),.PCURVE_S1.);
#1247 = B_SPLINE_CURVE_WITH_KNOTS('',8,(#1248,#1249,#1250,#1251,#1252,
    #1253,#1254,#1255,#1256,#1257,#1258,#1259,#1260,#1261,#1262,#1263,
    #1264,#1265,#1266,#1267,#1268,#1269,#1270,#1271,#1272,#1273,#1274,
    #1275,#1276,#1277,#1278,#1279,#1280,#1281,#1282,#1283,#1284,#1285,
    #1286,#1287,#1288,#1289,#1290,#1291,#1292,#1293,#1294,#1295,#1296,
    #1297,#1298,#1299,#1300,#1301,#1302,#1303,#1304,#1305,#1306,#1307,
    #1308,#1309,#1310,#1311,#1312,#1313,#1314,#1315,#1316,#1317,#1318,
    #1319,#1320,#1321,#1322,#1323,#1324,#1325,#1326,#1327,#1328,#1329,
    #1330,#1331,#1332,#1333,#1334,#1335,#1336,#1337,#1338,#1339,#1340,
    #1341,#1342,#1343,#1344,#1345,#1346,#1347,#1348,#1349,#1350,#1351,
    #1352,#1353,#1354),.UNSPECIFIED.,.F.,.F.,(9,7,7,7,7,7,7,7,7,7,7,7,7,
    7,7,9),(0.,8.445287412394E-02,0.168696392957,0.253559734114,
    0.296011870623,0.338861315312,0.425110570883,0.511903780868,
    0.599581067508,0.643713800736,0.666008749812,0.688391287064,
    0.76429707721,0.841630796993,0.920133861174,1.),.UNSPECIFIED.);
#1248 = CARTESIAN_POINT('',(26.7,5.3,32.662235474));
#1249 = CARTESIAN_POINT('',(26.465563258809,5.3,32.878823097247));
#1250 = CARTESIAN_POINT('',(26.229971625331,5.3,33.094160439393));
#1251 = CARTESIAN_POINT('',(25.993221377337,5.3,33.308228048255));
#1252 = CARTESIAN_POINT('',(25.755309459845,5.3,33.521006691633));
#1253 = CARTESIAN_POINT('',(25.516233485124,5.3,33.732477357307));
#1254 = CARTESIAN_POINT('',(25.275991732689,5.3,33.942621253038));
#1255 = CARTESIAN_POINT('',(25.034583149304,5.3,34.151419806569));
#1256 = CARTESIAN_POINT('',(24.550032884349,5.3,34.565775301974));
#1257 = CARTESIAN_POINT('',(24.306896982055,5.3,34.771339084004));
#1258 = CARTESIAN_POINT('',(24.062599280417,5.3,34.97552779028));
#1259 = CARTESIAN_POINT('',(23.817140106416,5.3,35.178323567996));
#1260 = CARTESIAN_POINT('',(23.570520475705,5.3,35.37970893298));
#1261 = CARTESIAN_POINT('',(23.322742092599,5.3,35.579666769688));
#1262 = CARTESIAN_POINT('',(23.073807350085,5.3,35.778180331206));
#1263 = CARTESIAN_POINT('',(22.571791285053,5.3,36.17373596555));
#1264 = CARTESIAN_POINT('',(22.318692900635,5.3,36.370756554683));
#1265 = CARTESIAN_POINT('',(22.064427349813,5.3,36.566278264846));
#1266 = CARTESIAN_POINT('',(21.808998497411,5.3,36.760284882184));
#1267 = CARTESIAN_POINT('',(21.552410899825,5.3,36.952760720795));
#1268 = CARTESIAN_POINT('',(21.294669805021,5.3,37.143690622727));
#1269 = CARTESIAN_POINT('',(21.035781152538,5.3,37.333059957983));
#1270 = CARTESIAN_POINT('',(20.645674074347,5.3,37.614797246976));
#1271 = CARTESIAN_POINT('',(20.515311121462,5.3,37.70834580467));
#1272 = CARTESIAN_POINT('',(20.384663346158,5.3,37.801498408321));
#1273 = CARTESIAN_POINT('',(20.253732252322,5.3,37.894254174311));
#1274 = CARTESIAN_POINT('',(20.122517529835,5.3,37.986609757576));
#1275 = CARTESIAN_POINT('',(19.991020598414,5.3,38.078564258682));
#1276 = CARTESIAN_POINT('',(19.859245134068,5.3,38.17011976282));
#1277 = CARTESIAN_POINT('',(19.593889583354,5.3,38.353262797212));
#1278 = CARTESIAN_POINT('',(19.460304761208,5.3,38.444843521774));
#1279 = CARTESIAN_POINT('',(19.326428556468,5.3,38.536000318008));
#1280 = CARTESIAN_POINT('',(19.192258750936,5.3,38.626726531604));
#1281 = CARTESIAN_POINT('',(19.057793215756,5.3,38.717015478043));
#1282 = CARTESIAN_POINT('',(18.923029911411,5.3,38.806860442598));
#1283 = CARTESIAN_POINT('',(18.787966887726,5.3,38.896254680336));
#1284 = CARTESIAN_POINT('',(18.38013442813,5.3,39.164207207556));
#1285 = CARTESIAN_POINT('',(18.10644480336,5.3,39.34136948864));
#1286 = CARTESIAN_POINT('',(17.831518113147,5.3,39.516622876545));
#1287 = CARTESIAN_POINT('',(17.55534076973,5.3,39.689911666976));
#1288 = CARTESIAN_POINT('',(17.277900893991,5.3,39.861179834169));
#1289 = CARTESIAN_POINT('',(16.999188315455,5.3,40.030371030887));
#1290 = CARTESIAN_POINT('',(16.719194572292,5.3,40.197428588421));
#1291 = CARTESIAN_POINT('',(16.154857270958,5.3,40.528202222932));
#1292 = CARTESIAN_POINT('',(15.870497522824,5.3,40.691890650601));
#1293 = CARTESIAN_POINT('',(15.584826983244,5.3,40.853302901729));
#1294 = CARTESIAN_POINT('',(15.297840906753,5.3,41.012380910876));
#1295 = CARTESIAN_POINT('',(15.009536567058,5.3,41.169066593085));
#1296 = CARTESIAN_POINT('',(14.719913338015,5.3,41.323301991941));
#1297 = CARTESIAN_POINT('',(14.428972774599,5.3,41.475029427632));
#1298 = CARTESIAN_POINT('',(13.841487709661,5.3,41.774873230477));
#1299 = CARTESIAN_POINT('',(13.544916235912,5.3,41.922937112742));
#1300 = CARTESIAN_POINT('',(13.247008314776,5.3,42.068324235413));
#1301 = CARTESIAN_POINT('',(12.947770254508,5.3,42.210976040213));
#1302 = CARTESIAN_POINT('',(12.647210720659,5.3,42.350834661147));
#1303 = CARTESIAN_POINT('',(12.345340827263,5.3,42.487843118669));
#1304 = CARTESIAN_POINT('',(12.042174228016,5.3,42.621945513847));
#1305 = CARTESIAN_POINT('',(11.584482511443,5.3,42.819097956518));
#1306 = CARTESIAN_POINT('',(11.430913381787,5.3,42.884358571453));
#1307 = CARTESIAN_POINT('',(11.277021882781,5.3,42.948862091926));
#1308 = CARTESIAN_POINT('',(11.122810239023,5.3,43.012601644199));
#1309 = CARTESIAN_POINT('',(10.968280835429,5.3,43.075570456208));
#1310 = CARTESIAN_POINT('',(10.81343621723,5.3,43.137761857565));
#1311 = CARTESIAN_POINT('',(10.658279089981,5.3,43.199169279561));
#1312 = CARTESIAN_POINT('',(10.424273704867,5.3,43.290408704425));
#1313 = CARTESIAN_POINT('',(10.345656066791,5.3,43.320829429215));
#1314 = CARTESIAN_POINT('',(10.266959774764,5.3,43.351047597264));
#1315 = CARTESIAN_POINT('',(10.188185208483,5.3,43.381062384476));
#1316 = CARTESIAN_POINT('',(10.109332757895,5.3,43.410872974924));
#1317 = CARTESIAN_POINT('',(10.030402823198,5.3,43.440478560851));
#1318 = CARTESIAN_POINT('',(9.951395814844,5.3,43.469878342673));
#1319 = CARTESIAN_POINT('',(9.792917803308,5.3,43.528379403938));
#1320 = CARTESIAN_POINT('',(9.713446115139,5.3,43.557478767566));
#1321 = CARTESIAN_POINT('',(9.633898192007,5.3,43.586370811536));
#1322 = CARTESIAN_POINT('',(9.554272184913,5.3,43.615048375192));
#1323 = CARTESIAN_POINT('',(9.474573037164,5.3,43.643522995347));
#1324 = CARTESIAN_POINT('',(9.394795381056,5.3,43.671778118087));
#1325 = CARTESIAN_POINT('',(9.31494479064,5.3,43.699826755798));
#1326 = CARTESIAN_POINT('',(8.963966073526,5.3,43.822051194877));
#1327 = CARTESIAN_POINT('',(8.6920167542,5.3,43.913890950071));
#1328 = CARTESIAN_POINT('',(8.419184208168,5.3,44.003126756785));
#1329 = CARTESIAN_POINT('',(8.145483382674,5.3,44.089704376034));
#1330 = CARTESIAN_POINT('',(7.87093082619,5.3,44.173568070215));
#1331 = CARTESIAN_POINT('',(7.59554473169,5.3,44.254660732505));
#1332 = CARTESIAN_POINT('',(7.31934497992,5.3,44.332924016257));
#1333 = CARTESIAN_POINT('',(6.760150652554,5.3,44.485090846644));
#1334 = CARTESIAN_POINT('',(6.477126378275,5.3,44.55888457524));
#1335 = CARTESIAN_POINT('',(6.193303262057,5.3,44.629616802085));
#1336 = CARTESIAN_POINT('',(5.908706610713,5.3,44.697223323474));
#1337 = CARTESIAN_POINT('',(5.623364193776,5.3,44.761638826565));
#1338 = CARTESIAN_POINT('',(5.337306301629,5.3,44.822797135829));
#1339 = CARTESIAN_POINT('',(5.05056580364,5.3,44.880631459512));
#1340 = CARTESIAN_POINT('',(4.471445090851,5.3,44.990341034714));
#1341 = CARTESIAN_POINT('',(4.179045456527,5.3,45.042112897596));
#1342 = CARTESIAN_POINT('',(3.886016606216,5.3,45.090320002718));
#1343 = CARTESIAN_POINT('',(3.592399090197,5.3,45.134891645771));
#1344 = CARTESIAN_POINT('',(3.298236766434,5.3,45.175757059405));
#1345 = CARTESIAN_POINT('',(3.003576860866,5.3,45.212845832482));
#1346 = CARTESIAN_POINT('',(2.708470027719,5.3,45.246088329334));
#1347 = CARTESIAN_POINT('',(2.11233993437,5.3,45.305253116629));
#1348 = CARTESIAN_POINT('',(1.811302896624,5.3,45.331038281692));
#1349 = CARTESIAN_POINT('',(1.509916665105,5.3,45.352699572011));
#1350 = CARTESIAN_POINT('',(1.208242386341,5.3,45.37016625154));
#1351 = CARTESIAN_POINT('',(0.906345014403,5.3,45.383369499081));
#1352 = CARTESIAN_POINT('',(0.604293340452,5.3,45.392243026968));
#1353 = CARTESIAN_POINT('',(0.302160022301,5.3,45.396723699764));
#1354 = CARTESIAN_POINT('',(2.161396587397E-05,5.3,45.396752152944));
#1355 = PCURVE('',#154,#1356);
#1356 = DEFINITIONAL_REPRESENTATION('',(#1357),#1465);
#1357 = B_SPLINE_CURVE_WITH_KNOTS('',8,(#1358,#1359,#1360,#1361,#1362,
    #1363,#1364,#1365,#1366,#1367,#1368,#1369,#1370,#1371,#1372,#1373,
    #1374,#1375,#1376,#1377,#1378,#1379,#1380,#1381,#1382,#1383,#1384,
    #1385,#1386,#1387,#1388,#1389,#1390,#1391,#1392,#1393,#1394,#1395,
    #1396,#1397,#1398,#1399,#1400,#1401,#1402,#1403,#1404,#1405,#1406,
    #1407,#1408,#1409,#1410,#1411,#1412,#1413,#1414,#1415,#1416,#1417,
    #1418,#1419,#1420,#1421,#1422,#1423,#1424,#1425,#1426,#1427,#1428,
    #1429,#1430,#1431,#1432,#1433,#1434,#1435,#1436,#1437,#1438,#1439,
    #1440,#1441,#1442,#1443,#1444,#1445,#1446,#1447,#1448,#1449,#1450,
    #1451,#1452,#1453,#1454,#1455,#1456,#1457,#1458,#1459,#1460,#1461,
    #1462,#1463,#1464),.UNSPECIFIED.,.F.,.F.,(9,7,7,7,7,7,7,7,7,7,7,7,7,
    7,7,9),(0.,8.445287412394E-02,0.168696392957,0.253559734114,
    0.296011870623,0.338861315312,0.425110570883,0.511903780868,
    0.599581067508,0.643713800736,0.666008749812,0.688391287064,
    0.76429707721,0.841630796993,0.920133861174,1.),.UNSPECIFIED.);
#1358 = CARTESIAN_POINT('',(8.662235474,53.4));
#1359 = CARTESIAN_POINT('',(8.878823097247,53.165563258809));
#1360 = CARTESIAN_POINT('',(9.094160439393,52.929971625331));
#1361 = CARTESIAN_POINT('',(9.308228048255,52.693221377337));
#1362 = CARTESIAN_POINT('',(9.521006691633,52.455309459845));
#1363 = CARTESIAN_POINT('',(9.732477357307,52.216233485124));
#1364 = CARTESIAN_POINT('',(9.942621253038,51.975991732689));
#1365 = CARTESIAN_POINT('',(10.151419806569,51.734583149304));
#1366 = CARTESIAN_POINT('',(10.565775301974,51.250032884349));
#1367 = CARTESIAN_POINT('',(10.771339084004,51.006896982055));
#1368 = CARTESIAN_POINT('',(10.97552779028,50.762599280417));
#1369 = CARTESIAN_POINT('',(11.178323567996,50.517140106416));
#1370 = CARTESIAN_POINT('',(11.37970893298,50.270520475705));
#1371 = CARTESIAN_POINT('',(11.579666769688,50.022742092599));
#1372 = CARTESIAN_POINT('',(11.778180331206,49.773807350085));
#1373 = CARTESIAN_POINT('',(12.17373596555,49.271791285053));
#1374 = CARTESIAN_POINT('',(12.370756554683,49.018692900635));
#1375 = CARTESIAN_POINT('',(12.566278264846,48.764427349813));
#1376 = CARTESIAN_POINT('',(12.760284882184,48.508998497411));
#1377 = CARTESIAN_POINT('',(12.952760720795,48.252410899825));
#1378 = CARTESIAN_POINT('',(13.143690622727,47.994669805021));
#1379 = CARTESIAN_POINT('',(13.333059957983,47.735781152538));
#1380 = CARTESIAN_POINT('',(13.614797246976,47.345674074347));
#1381 = CARTESIAN_POINT('',(13.70834580467,47.215311121462));
#1382 = CARTESIAN_POINT('',(13.801498408321,47.084663346158));
#1383 = CARTESIAN_POINT('',(13.894254174311,46.953732252322));
#1384 = CARTESIAN_POINT('',(13.986609757576,46.822517529835));
#1385 = CARTESIAN_POINT('',(14.078564258682,46.691020598414));
#1386 = CARTESIAN_POINT('',(14.17011976282,46.559245134068));
#1387 = CARTESIAN_POINT('',(14.353262797212,46.293889583354));
#1388 = CARTESIAN_POINT('',(14.444843521774,46.160304761208));
#1389 = CARTESIAN_POINT('',(14.536000318008,46.026428556468));
#1390 = CARTESIAN_POINT('',(14.626726531604,45.892258750936));
#1391 = CARTESIAN_POINT('',(14.717015478043,45.757793215756));
#1392 = CARTESIAN_POINT('',(14.806860442598,45.623029911411));
#1393 = CARTESIAN_POINT('',(14.896254680336,45.487966887726));
#1394 = CARTESIAN_POINT('',(15.164207207556,45.08013442813));
#1395 = CARTESIAN_POINT('',(15.34136948864,44.80644480336));
#1396 = CARTESIAN_POINT('',(15.516622876545,44.531518113147));
#1397 = CARTESIAN_POINT('',(15.689911666976,44.25534076973));
#1398 = CARTESIAN_POINT('',(15.861179834169,43.977900893991));
#1399 = CARTESIAN_POINT('',(16.030371030887,43.699188315455));
#1400 = CARTESIAN_POINT('',(16.197428588421,43.419194572292));
#1401 = CARTESIAN_POINT('',(16.528202222932,42.854857270958));
#1402 = CARTESIAN_POINT('',(16.691890650601,42.570497522824));
#1403 = CARTESIAN_POINT('',(16.853302901729,42.284826983244));
#1404 = CARTESIAN_POINT('',(17.012380910876,41.997840906753));
#1405 = CARTESIAN_POINT('',(17.169066593085,41.709536567058));
#1406 = CARTESIAN_POINT('',(17.323301991941,41.419913338015));
#1407 = CARTESIAN_POINT('',(17.475029427632,41.128972774599));
#1408 = CARTESIAN_POINT('',(17.774873230477,40.541487709661));
#1409 = CARTESIAN_POINT('',(17.922937112742,40.244916235912));
#1410 = CARTESIAN_POINT('',(18.068324235413,39.947008314776));
#1411 = CARTESIAN_POINT('',(18.210976040213,39.647770254508));
#1412 = CARTESIAN_POINT('',(18.350834661147,39.347210720659));
#1413 = CARTESIAN_POINT('',(18.487843118669,39.045340827263));
#1414 = CARTESIAN_POINT('',(18.621945513847,38.742174228016));
#1415 = CARTESIAN_POINT('',(18.819097956518,38.284482511443));
#1416 = CARTESIAN_POINT('',(18.884358571453,38.130913381787));
#1417 = CARTESIAN_POINT('',(18.948862091926,37.977021882781));
#1418 = CARTESIAN_POINT('',(19.012601644199,37.822810239023));
#1419 = CARTESIAN_POINT('',(19.075570456208,37.668280835429));
#1420 = CARTESIAN_POINT('',(19.137761857565,37.51343621723));
#1421 = CARTESIAN_POINT('',(19.199169279561,37.358279089981));
#1422 = CARTESIAN_POINT('',(19.290408704425,37.124273704867));
#1423 = CARTESIAN_POINT('',(19.320829429215,37.045656066791));
#1424 = CARTESIAN_POINT('',(19.351047597264,36.966959774764));
#1425 = CARTESIAN_POINT('',(19.381062384476,36.888185208483));
#1426 = CARTESIAN_POINT('',(19.410872974924,36.809332757895));
#1427 = CARTESIAN_POINT('',(19.440478560851,36.730402823198));
#1428 = CARTESIAN_POINT('',(19.469878342673,36.651395814844));
#1429 = CARTESIAN_POINT('',(19.528379403938,36.492917803308));
#1430 = CARTESIAN_POINT('',(19.557478767566,36.413446115139));
#1431 = CARTESIAN_POINT('',(19.586370811536,36.333898192007));
#1432 = CARTESIAN_POINT('',(19.615048375192,36.254272184913));
#1433 = CARTESIAN_POINT('',(19.643522995347,36.174573037164));
#1434 = CARTESIAN_POINT('',(19.671778118087,36.094795381056));
#1435 = CARTESIAN_POINT('',(19.699826755798,36.01494479064));
#1436 = CARTESIAN_POINT('',(19.822051194877,35.663966073526));
#1437 = CARTESIAN_POINT('',(19.913890950071,35.3920167542));
#1438 = CARTESIAN_POINT('',(20.003126756785,35.119184208168));
#1439 = CARTESIAN_POINT('',(20.089704376034,34.845483382674));
#1440 = CARTESIAN_POINT('',(20.173568070215,34.57093082619));
#1441 = CARTESIAN_POINT('',(20.254660732505,34.29554473169));
#1442 = CARTESIAN_POINT('',(20.332924016257,34.01934497992));
#1443 = CARTESIAN_POINT('',(20.485090846644,33.460150652554));
#1444 = CARTESIAN_POINT('',(20.55888457524,33.177126378275));
#1445 = CARTESIAN_POINT('',(20.629616802085,32.893303262057));
#1446 = CARTESIAN_POINT('',(20.697223323474,32.608706610713));
#1447 = CARTESIAN_POINT('',(20.761638826565,32.323364193776));
#1448 = CARTESIAN_POINT('',(20.822797135829,32.037306301629));
#1449 = CARTESIAN_POINT('',(20.880631459512,31.75056580364));
#1450 = CARTESIAN_POINT('',(20.990341034714,31.171445090851));
#1451 = CARTESIAN_POINT('',(21.042112897596,30.879045456527));
#1452 = CARTESIAN_POINT('',(21.090320002718,30.586016606216));
#1453 = CARTESIAN_POINT('',(21.134891645771,30.292399090197));
#1454 = CARTESIAN_POINT('',(21.175757059405,29.998236766434));
#1455 = CARTESIAN_POINT('',(21.212845832482,29.703576860866));
#1456 = CARTESIAN_POINT('',(21.246088329334,29.408470027719));
#1457 = CARTESIAN_POINT('',(21.305253116629,28.81233993437));
#1458 = CARTESIAN_POINT('',(21.331038281692,28.511302896624));
#1459 = CARTESIAN_POINT('',(21.352699572011,28.209916665105));
#1460 = CARTESIAN_POINT('',(21.37016625154,27.908242386341));
#1461 = CARTESIAN_POINT('',(21.383369499081,27.606345014403));
#1462 = CARTESIAN_POINT('',(21.392243026968,27.304293340452));
#1463 = CARTESIAN_POINT('',(21.396723699764,27.002160022301));
#1464 = CARTESIAN_POINT('',(21.396752152944,26.700021613966));
#1465 = ( GEOMETRIC_REPRESENTATION_CONTEXT(2) 
PARAMETRIC_REPRESENTATION_CONTEXT() REPRESENTATION_CONTEXT('2D SPACE',''
  ) );
#1466 = PCURVE('',#1038,#1467);
#1467 = DEFINITIONAL_REPRESENTATION('',(#1468),#1576);
#1468 = B_SPLINE_CURVE_WITH_KNOTS('',8,(#1469,#1470,#1471,#1472,#1473,
    #1474,#1475,#1476,#1477,#1478,#1479,#1480,#1481,#1482,#1483,#1484,
    #1485,#1486,#1487,#1488,#1489,#1490,#1491,#1492,#1493,#1494,#1495,
    #1496,#1497,#1498,#1499,#1500,#1501,#1502,#1503,#1504,#1505,#1506,
    #1507,#1508,#1509,#1510,#1511,#1512,#1513,#1514,#1515,#1516,#1517,
    #1518,#1519,#1520,#1521,#1522,#1523,#1524,#1525,#1526,#1527,#1528,
    #1529,#1530,#1531,#1532,#1533,#1534,#1535,#1536,#1537,#1538,#1539,
    #1540,#1541,#1542,#1543,#1544,#1545,#1546,#1547,#1548,#1549,#1550,
    #1551,#1552,#1553,#1554,#1555,#1556,#1557,#1558,#1559,#1560,#1561,
    #1562,#1563,#1564,#1565,#1566,#1567,#1568,#1569,#1570,#1571,#1572,
    #1573,#1574,#1575),.UNSPECIFIED.,.F.,.F.,(9,7,7,7,7,7,7,7,7,7,7,7,7,
    7,7,9),(0.,8.445287412394E-02,0.168696392957,0.253559734114,
    0.296011870623,0.338861315312,0.425110570883,0.511903780868,
    0.599581067508,0.643713800736,0.666008749812,0.688391287064,
    0.76429707721,0.841630796993,0.920133861174,1.),.UNSPECIFIED.);
#1469 = CARTESIAN_POINT('',(0.363321279906,-2.700401425632));
#1470 = CARTESIAN_POINT('',(0.363321279906,-2.670562834575));
#1471 = CARTESIAN_POINT('',(0.363321279906,-2.640722390169));
#1472 = CARTESIAN_POINT('',(0.363321279906,-2.610881818445));
#1473 = CARTESIAN_POINT('',(0.363321279906,-2.581042875985));
#1474 = CARTESIAN_POINT('',(0.363321279906,-2.551207349928));
#1475 = CARTESIAN_POINT('',(0.363321279906,-2.521377057967));
#1476 = CARTESIAN_POINT('',(0.363321279906,-2.49155384835));
#1477 = CARTESIAN_POINT('',(0.363321279906,-2.431999259739));
#1478 = CARTESIAN_POINT('',(0.363321279906,-2.402267829641));
#1479 = CARTESIAN_POINT('',(0.363321279906,-2.372547177389));
#1480 = CARTESIAN_POINT('',(0.363321279906,-2.342839189923));
#1481 = CARTESIAN_POINT('',(0.363321279906,-2.313145773322));
#1482 = CARTESIAN_POINT('',(0.363321279906,-2.283468852799));
#1483 = CARTESIAN_POINT('',(0.363321279906,-2.253810372708));
#1484 = CARTESIAN_POINT('',(0.363321279906,-2.194316158003));
#1485 = CARTESIAN_POINT('',(0.363321279906,-2.164480715054));
#1486 = CARTESIAN_POINT('',(0.363321279906,-2.134667976382));
#1487 = CARTESIAN_POINT('',(0.363321279906,-2.104879955603));
#1488 = CARTESIAN_POINT('',(0.363321279906,-2.075118671259));
#1489 = CARTESIAN_POINT('',(0.363321279906,-2.04538614682));
#1490 = CARTESIAN_POINT('',(0.363321279906,-2.015684410682));
#1491 = CARTESIAN_POINT('',(0.363321279906,-1.971173883856));
#1492 = CARTESIAN_POINT('',(0.363321279906,-1.956340490066));
#1493 = CARTESIAN_POINT('',(0.363321279906,-1.941515547536));
#1494 = CARTESIAN_POINT('',(0.363321279906,-1.926699376783));
#1495 = CARTESIAN_POINT('',(0.363321279906,-1.911892100127));
#1496 = CARTESIAN_POINT('',(0.363321279906,-1.897094021442));
#1497 = CARTESIAN_POINT('',(0.363321279906,-1.882305680776));
#1498 = CARTESIAN_POINT('',(0.363321279906,-1.852609188242));
#1499 = CARTESIAN_POINT('',(0.363321279906,-1.837701276507));
#1500 = CARTESIAN_POINT('',(0.363321279906,-1.822802756732));
#1501 = CARTESIAN_POINT('',(0.363321279906,-1.807913537744));
#1502 = CARTESIAN_POINT('',(0.363321279906,-1.793033538275));
#1503 = CARTESIAN_POINT('',(0.363321279906,-1.778162686956));
#1504 = CARTESIAN_POINT('',(0.363321279906,-1.763300922327));
#1505 = CARTESIAN_POINT('',(0.363321279906,-1.718551962622));
#1506 = CARTESIAN_POINT('',(0.363321279906,-1.688692339938));
#1507 = CARTESIAN_POINT('',(0.363321279906,-1.658868903885));
#1508 = CARTESIAN_POINT('',(0.363321279906,-1.629081399296));
#1509 = CARTESIAN_POINT('',(0.363321279906,-1.599329736724));
#1510 = CARTESIAN_POINT('',(0.363321279906,-1.569613992442));
#1511 = CARTESIAN_POINT('',(0.363321279906,-1.539934408448));
#1512 = CARTESIAN_POINT('',(0.363321279906,-1.480461424712));
#1513 = CARTESIAN_POINT('',(0.363321279906,-1.450668490678));
#1514 = CARTESIAN_POINT('',(0.363321279906,-1.420913009561));
#1515 = CARTESIAN_POINT('',(0.363321279906,-1.391195573249));
#1516 = CARTESIAN_POINT('',(0.363321279906,-1.361516945087));
#1517 = CARTESIAN_POINT('',(0.363321279906,-1.331878058654));
#1518 = CARTESIAN_POINT('',(0.363321279906,-1.302280016539));
#1519 = CARTESIAN_POINT('',(0.363321279906,-1.242867104666));
#1520 = CARTESIAN_POINT('',(0.363321279906,-1.213053089441));
#1521 = CARTESIAN_POINT('',(0.363321279906,-1.183283363611));
#1522 = CARTESIAN_POINT('',(0.363321279906,-1.153559412569));
#1523 = CARTESIAN_POINT('',(0.363321279906,-1.123882885837));
#1524 = CARTESIAN_POINT('',(0.363321279906,-1.094255595976));
#1525 = CARTESIAN_POINT('',(0.363321279906,-1.064679517499));
#1526 = CARTESIAN_POINT('',(0.363321279906,-1.020296393836));
#1527 = CARTESIAN_POINT('',(0.363321279906,-1.005449515966));
#1528 = CARTESIAN_POINT('',(0.363321279906,-0.990616423871));
#1529 = CARTESIAN_POINT('',(0.363321279906,-0.975797398158));
#1530 = CARTESIAN_POINT('',(0.363321279906,-0.960992728329));
#1531 = CARTESIAN_POINT('',(0.363321279906,-0.946202712783));
#1532 = CARTESIAN_POINT('',(0.363321279906,-0.931427658815));
#1533 = CARTESIAN_POINT('',(0.363321279906,-0.909211547272));
#1534 = CARTESIAN_POINT('',(0.363321279906,-0.901759110776));
#1535 = CARTESIAN_POINT('',(0.363321279906,-0.894310613834));
#1536 = CARTESIAN_POINT('',(0.363321279906,-0.886866097658));
#1537 = CARTESIAN_POINT('',(0.363321279906,-0.879425603963));
#1538 = CARTESIAN_POINT('',(0.363321279906,-0.871989174972));
#1539 = CARTESIAN_POINT('',(0.363321279906,-0.864556853414));
#1540 = CARTESIAN_POINT('',(0.363321279906,-0.849671329244));
#1541 = CARTESIAN_POINT('',(0.363321279906,-0.84221826688));
#1542 = CARTESIAN_POINT('',(0.363321279906,-0.834768794693));
#1543 = CARTESIAN_POINT('',(0.363321279906,-0.827325342031));
#1544 = CARTESIAN_POINT('',(0.363321279906,-0.819883337208));
#1545 = CARTESIAN_POINT('',(0.363321279906,-0.812448741445));
#1546 = CARTESIAN_POINT('',(0.363321279906,-0.805016434857));
#1547 = CARTESIAN_POINT('',(0.363321279906,-0.772402494655));
#1548 = CARTESIAN_POINT('',(0.363321279906,-0.747305254388));
#1549 = CARTESIAN_POINT('',(0.363321279906,-0.722292427125));
#1550 = CARTESIAN_POINT('',(0.363321279906,-0.697359160436));
#1551 = CARTESIAN_POINT('',(0.363321279906,-0.672501047588));
#1552 = CARTESIAN_POINT('',(0.363321279906,-0.647714091156));
#1553 = CARTESIAN_POINT('',(0.363321279906,-0.622994666641));
#1554 = CARTESIAN_POINT('',(0.363321279906,-0.573220495542));
#1555 = CARTESIAN_POINT('',(0.363321279906,-0.548168223338));
#1556 = CARTESIAN_POINT('',(0.363321279906,-0.523179205858));
#1557 = CARTESIAN_POINT('',(0.363321279906,-0.49825039306));
#1558 = CARTESIAN_POINT('',(0.363321279906,-0.473379127527));
#1559 = CARTESIAN_POINT('',(0.363321279906,-0.448563123512));
#1560 = CARTESIAN_POINT('',(0.363321279906,-0.423800445995));
#1561 = CARTESIAN_POINT('',(0.363321279906,-0.374004885097));
#1562 = CARTESIAN_POINT('',(0.363321279906,-0.348973603553));
#1563 = CARTESIAN_POINT('',(0.363321279906,-0.32399398608));
#1564 = CARTESIAN_POINT('',(0.363321279906,-0.299064763385));
#1565 = CARTESIAN_POINT('',(0.363321279906,-0.274185045513));
#1566 = CARTESIAN_POINT('',(0.363321279906,-0.24935431147));
#1567 = CARTESIAN_POINT('',(0.363321279906,-0.224572398835));
#1568 = CARTESIAN_POINT('',(0.363321279906,-0.174677142315));
#1569 = CARTESIAN_POINT('',(0.363321279906,-0.149565513622));
#1570 = CARTESIAN_POINT('',(0.363321279906,-0.124504837956));
#1571 = CARTESIAN_POINT('',(0.363321279906,-9.949572263525E-02));
#1572 = CARTESIAN_POINT('',(0.363321279906,-7.453914816877E-02));
#1573 = CARTESIAN_POINT('',(0.363321279906,-4.963646478815E-02));
#1574 = CARTESIAN_POINT('',(0.363321279906,-2.47893889768E-02));
#1575 = CARTESIAN_POINT('',(0.363321279906,0.));
#1576 = ( GEOMETRIC_REPRESENTATION_CONTEXT(2) 
PARAMETRIC_REPRESENTATION_CONTEXT() REPRESENTATION_CONTEXT('2D SPACE',''
  ) );
#1577 = ORIENTED_EDGE('',*,*,#1578,.T.);
#1578 = EDGE_CURVE('',#1244,#1579,#1581,.T.);
#1579 = VERTEX_POINT('',#1580);
#1580 = CARTESIAN_POINT('',(-26.7,5.3,32.661853798001));
#1581 = SURFACE_CURVE('',#1582,(#1663,#1747),.PCURVE_S1.);
#1582 = B_SPLINE_CURVE_WITH_KNOTS('',7,(#1583,#1584,#1585,#1586,#1587,
    #1588,#1589,#1590,#1591,#1592,#1593,#1594,#1595,#1596,#1597,#1598,
    #1599,#1600,#1601,#1602,#1603,#1604,#1605,#1606,#1607,#1608,#1609,
    #1610,#1611,#1612,#1613,#1614,#1615,#1616,#1617,#1618,#1619,#1620,
    #1621,#1622,#1623,#1624,#1625,#1626,#1627,#1628,#1629,#1630,#1631,
    #1632,#1633,#1634,#1635,#1636,#1637,#1638,#1639,#1640,#1641,#1642,
    #1643,#1644,#1645,#1646,#1647,#1648,#1649,#1650,#1651,#1652,#1653,
    #1654,#1655,#1656,#1657,#1658,#1659,#1660,#1661,#1662),
  .UNSPECIFIED.,.F.,.F.,(8,6,6,6,6,6,6,6,6,6,6,6,6,8),(0.,
    8.009983271022E-02,0.158598323108,0.235924607879,0.311818113812,
    0.400851523739,0.488549725824,0.575333191264,0.618298088752,
    0.661267899164,0.74668226114,0.831358988403,0.915686111454,1.),
  .UNSPECIFIED.);
#1583 = CARTESIAN_POINT('',(2.161396582068E-05,5.3,45.396752153127));
#1584 = CARTESIAN_POINT('',(-0.346289859831,5.3,45.396719540054));
#1585 = CARTESIAN_POINT('',(-0.692594505167,5.3,45.390715840995));
#1586 = CARTESIAN_POINT('',(-1.038768758564,5.3,45.378837024616));
#1587 = CARTESIAN_POINT('',(-1.384696949474,5.3,45.361186678314));
#1588 = CARTESIAN_POINT('',(-1.730271220093,5.3,45.33787433373));
#1589 = CARTESIAN_POINT('',(-2.075391445168,5.3,45.309013792261));
#1590 = CARTESIAN_POINT('',(-2.757650199159,5.3,45.241114675598));
#1591 = CARTESIAN_POINT('',(-3.094810384423,5.3,45.202291113208));
#1592 = CARTESIAN_POINT('',(-3.431359212973,5.3,45.158360373026));
#1593 = CARTESIAN_POINT('',(-3.767217164882,5.3,45.10943442989));
#1594 = CARTESIAN_POINT('',(-4.102311534103,5.3,45.055626507886));
#1595 = CARTESIAN_POINT('',(-4.43657626765,5.3,44.997049964359));
#1596 = CARTESIAN_POINT('',(-5.098349097385,5.3,44.87152862885));
#1597 = CARTESIAN_POINT('',(-5.425883164223,5.3,44.804721938595));
#1598 = CARTESIAN_POINT('',(-5.752497318465,5.3,44.733504568142));
#1599 = CARTESIAN_POINT('',(-6.078140139763,5.3,44.65798322726));
#1600 = CARTESIAN_POINT('',(-6.402765319541,5.3,44.578263215413));
#1601 = CARTESIAN_POINT('',(-6.726331506282,5.3,44.494447766647));
#1602 = CARTESIAN_POINT('',(-7.365297736324,5.3,44.320454060832));
#1603 = CARTESIAN_POINT('',(-7.680737610468,5.3,44.230422715961));
#1604 = CARTESIAN_POINT('',(-7.995086959966,5.3,44.136637933198));
#1605 = CARTESIAN_POINT('',(-8.308315197673,5.3,44.039193373075));
#1606 = CARTESIAN_POINT('',(-8.620394515378,5.3,43.938179066209));
#1607 = CARTESIAN_POINT('',(-8.931299936562,5.3,43.833681418718));
#1608 = CARTESIAN_POINT('',(-9.604343937971,5.3,43.599209861641));
#1609 = CARTESIAN_POINT('',(-9.9660630693,5.3,43.468024676856));
#1610 = CARTESIAN_POINT('',(-10.32612245807,5.3,43.332325177778));
#1611 = CARTESIAN_POINT('',(-10.68448305185,5.3,43.19221094927));
#1612 = CARTESIAN_POINT('',(-11.04111225759,5.3,43.047785617165));
#1613 = CARTESIAN_POINT('',(-11.39598364856,5.3,42.899156096309));
#1614 = CARTESIAN_POINT('',(-12.09687446161,5.3,42.595997941649));
#1615 = CARTESIAN_POINT('',(-12.44294709173,5.3,42.44159108373));
#1616 = CARTESIAN_POINT('',(-12.787275196,5.3,42.283315779381));
#1617 = CARTESIAN_POINT('',(-13.12984542472,5.3,42.12127868159));
#1618 = CARTESIAN_POINT('',(-13.47065016132,5.3,41.955587981551));
#1619 = CARTESIAN_POINT('',(-13.80968723967,5.3,41.786352808405));
#1620 = CARTESIAN_POINT('',(-14.4807141611,5.3,41.442813486958));
#1621 = CARTESIAN_POINT('',(-14.81274062338,5.3,41.268580622875));
#1622 = CARTESIAN_POINT('',(-15.14304214087,5.3,41.091090077006));
#1623 = CARTESIAN_POINT('',(-15.47162672162,5.3,40.910448216979));
#1624 = CARTESIAN_POINT('',(-15.79850707282,5.3,40.726761342488));
#1625 = CARTESIAN_POINT('',(-16.12370038443,5.3,40.540135290006));
#1626 = CARTESIAN_POINT('',(-16.60740074025,5.3,40.256876751305));
#1627 = CARTESIAN_POINT('',(-16.76716531503,5.3,40.162384137038));
#1628 = CARTESIAN_POINT('',(-16.92652301881,5.3,40.067207740375));
#1629 = CARTESIAN_POINT('',(-17.08548091152,5.3,39.971366848032));
#1630 = CARTESIAN_POINT('',(-17.24403466145,5.3,39.874862294734));
#1631 = CARTESIAN_POINT('',(-17.40219627897,5.3,39.77772062522));
#1632 = CARTESIAN_POINT('',(-17.71774628721,5.3,39.58215450653));
#1633 = CARTESIAN_POINT('',(-17.87513461265,5.3,39.483729813742));
#1634 = CARTESIAN_POINT('',(-18.03212562049,5.3,39.384673299065));
#1635 = CARTESIAN_POINT('',(-18.18871780335,5.3,39.284989260947));
#1636 = CARTESIAN_POINT('',(-18.34490976536,5.3,39.184682075021));
#1637 = CARTESIAN_POINT('',(-18.50070022214,5.3,39.083756194113));
#1638 = CARTESIAN_POINT('',(-18.96496411278,5.3,38.780377272285));
#1639 = CARTESIAN_POINT('',(-19.27224915394,5.3,38.576111587113));
#1640 = CARTESIAN_POINT('',(-19.57793392249,5.3,38.369454797774));
#1641 = CARTESIAN_POINT('',(-19.88201097654,5.3,38.16044349824));
#1642 = CARTESIAN_POINT('',(-20.18447463403,5.3,37.949115171402));
#1643 = CARTESIAN_POINT('',(-20.48532097278,5.3,37.735508189068));
#1644 = CARTESIAN_POINT('',(-21.08119057803,5.3,37.305679474783));
#1645 = CARTESIAN_POINT('',(-21.37624169776,5.3,37.089496103141));
#1646 = CARTESIAN_POINT('',(-21.669699128,5.3,36.871149926678));
#1647 = CARTESIAN_POINT('',(-21.96156243918,5.3,36.650679633904));
#1648 = CARTESIAN_POINT('',(-22.25183283376,5.3,36.428124372195));
#1649 = CARTESIAN_POINT('',(-22.54051314627,5.3,36.203523747798));
#1650 = CARTESIAN_POINT('',(-23.11351721443,5.3,35.75124749014));
#1651 = CARTESIAN_POINT('',(-23.39785399999,5.3,35.52358825491));
#1652 = CARTESIAN_POINT('',(-23.68062264513,5.3,35.29397966076));
#1653 = CARTESIAN_POINT('',(-23.96182905034,5.3,35.062461352351));
#1654 = CARTESIAN_POINT('',(-24.24148057138,5.3,34.829073078379));
#1655 = CARTESIAN_POINT('',(-24.51958601933,5.3,34.59385469158));
#1656 = CARTESIAN_POINT('',(-25.07268189627,5.3,34.119874802575));
#1657 = CARTESIAN_POINT('',(-25.34767274544,5.3,33.881113765845));
#1658 = CARTESIAN_POINT('',(-25.62113849166,5.3,33.640602943692));
#1659 = CARTESIAN_POINT('',(-25.89309067225,5.3,33.398382066812));
#1660 = CARTESIAN_POINT('',(-26.16354207831,5.3,33.154490691453));
#1661 = CARTESIAN_POINT('',(-26.43250675469,5.3,32.908968199403));
#1662 = CARTESIAN_POINT('',(-26.7,5.3,32.661853798001));
#1663 = PCURVE('',#154,#1664);
#1664 = DEFINITIONAL_REPRESENTATION('',(#1665),#1746);
#1665 = B_SPLINE_CURVE_WITH_KNOTS('',7,(#1666,#1667,#1668,#1669,#1670,
    #1671,#1672,#1673,#1674,#1675,#1676,#1677,#1678,#1679,#1680,#1681,
    #1682,#1683,#1684,#1685,#1686,#1687,#1688,#1689,#1690,#1691,#1692,
    #1693,#1694,#1695,#1696,#1697,#1698,#1699,#1700,#1701,#1702,#1703,
    #1704,#1705,#1706,#1707,#1708,#1709,#1710,#1711,#1712,#1713,#1714,
    #1715,#1716,#1717,#1718,#1719,#1720,#1721,#1722,#1723,#1724,#1725,
    #1726,#1727,#1728,#1729,#1730,#1731,#1732,#1733,#1734,#1735,#1736,
    #1737,#1738,#1739,#1740,#1741,#1742,#1743,#1744,#1745),
  .UNSPECIFIED.,.F.,.F.,(8,6,6,6,6,6,6,6,6,6,6,6,6,8),(0.,
    8.009983271022E-02,0.158598323108,0.235924607879,0.311818113812,
    0.400851523739,0.488549725824,0.575333191264,0.618298088752,
    0.661267899164,0.74668226114,0.831358988403,0.915686111454,1.),
  .UNSPECIFIED.);
#1666 = CARTESIAN_POINT('',(21.396752153127,26.700021613966));
#1667 = CARTESIAN_POINT('',(21.396719540054,26.353710140169));
#1668 = CARTESIAN_POINT('',(21.390715840995,26.007405494833));
#1669 = CARTESIAN_POINT('',(21.378837024616,25.661231241436));
#1670 = CARTESIAN_POINT('',(21.361186678314,25.315303050526));
#1671 = CARTESIAN_POINT('',(21.33787433373,24.969728779907));
#1672 = CARTESIAN_POINT('',(21.309013792261,24.624608554832));
#1673 = CARTESIAN_POINT('',(21.241114675598,23.942349800841));
#1674 = CARTESIAN_POINT('',(21.202291113208,23.605189615577));
#1675 = CARTESIAN_POINT('',(21.158360373026,23.268640787027));
#1676 = CARTESIAN_POINT('',(21.10943442989,22.932782835118));
#1677 = CARTESIAN_POINT('',(21.055626507886,22.597688465897));
#1678 = CARTESIAN_POINT('',(20.997049964359,22.26342373235));
#1679 = CARTESIAN_POINT('',(20.87152862885,21.601650902615));
#1680 = CARTESIAN_POINT('',(20.804721938595,21.274116835777));
#1681 = CARTESIAN_POINT('',(20.733504568142,20.947502681535));
#1682 = CARTESIAN_POINT('',(20.65798322726,20.621859860237));
#1683 = CARTESIAN_POINT('',(20.578263215413,20.297234680459));
#1684 = CARTESIAN_POINT('',(20.494447766647,19.973668493718));
#1685 = CARTESIAN_POINT('',(20.320454060832,19.334702263676));
#1686 = CARTESIAN_POINT('',(20.230422715961,19.019262389532));
#1687 = CARTESIAN_POINT('',(20.136637933198,18.704913040034));
#1688 = CARTESIAN_POINT('',(20.039193373075,18.391684802327));
#1689 = CARTESIAN_POINT('',(19.938179066209,18.079605484622));
#1690 = CARTESIAN_POINT('',(19.833681418718,17.768700063437));
#1691 = CARTESIAN_POINT('',(19.599209861641,17.095656062029));
#1692 = CARTESIAN_POINT('',(19.468024676856,16.7339369307));
#1693 = CARTESIAN_POINT('',(19.332325177778,16.373877541922));
#1694 = CARTESIAN_POINT('',(19.19221094927,16.015516948148));
#1695 = CARTESIAN_POINT('',(19.047785617165,15.658887742404));
#1696 = CARTESIAN_POINT('',(18.899156096309,15.304016351433));
#1697 = CARTESIAN_POINT('',(18.595997941649,14.603125538383));
#1698 = CARTESIAN_POINT('',(18.44159108373,14.257052908265));
#1699 = CARTESIAN_POINT('',(18.283315779381,13.912724803996));
#1700 = CARTESIAN_POINT('',(18.12127868159,13.570154575275));
#1701 = CARTESIAN_POINT('',(17.955587981551,13.229349838677));
#1702 = CARTESIAN_POINT('',(17.786352808405,12.890312760322));
#1703 = CARTESIAN_POINT('',(17.442813486958,12.219285838895));
#1704 = CARTESIAN_POINT('',(17.268580622875,11.887259376611));
#1705 = CARTESIAN_POINT('',(17.091090077006,11.556957859129));
#1706 = CARTESIAN_POINT('',(16.910448216979,11.22837327838));
#1707 = CARTESIAN_POINT('',(16.726761342488,10.901492927172));
#1708 = CARTESIAN_POINT('',(16.540135290006,10.576299615564));
#1709 = CARTESIAN_POINT('',(16.256876751305,10.092599259744));
#1710 = CARTESIAN_POINT('',(16.162384137038,9.932834684966));
#1711 = CARTESIAN_POINT('',(16.067207740375,9.773476981187));
#1712 = CARTESIAN_POINT('',(15.971366848032,9.614519088471));
#1713 = CARTESIAN_POINT('',(15.874862294734,9.455965338543));
#1714 = CARTESIAN_POINT('',(15.77772062522,9.297803721029));
#1715 = CARTESIAN_POINT('',(15.58215450653,8.982253712788));
#1716 = CARTESIAN_POINT('',(15.483729813742,8.824865387342));
#1717 = CARTESIAN_POINT('',(15.384673299065,8.667874379503));
#1718 = CARTESIAN_POINT('',(15.284989260947,8.511282196642));
#1719 = CARTESIAN_POINT('',(15.184682075021,8.355090234633));
#1720 = CARTESIAN_POINT('',(15.083756194113,8.199299777857));
#1721 = CARTESIAN_POINT('',(14.780377272285,7.735035887213));
#1722 = CARTESIAN_POINT('',(14.576111587113,7.427750846057));
#1723 = CARTESIAN_POINT('',(14.369454797774,7.122066077502));
#1724 = CARTESIAN_POINT('',(14.16044349824,6.817989023457));
#1725 = CARTESIAN_POINT('',(13.949115171402,6.515525365969));
#1726 = CARTESIAN_POINT('',(13.735508189068,6.21467902722));
#1727 = CARTESIAN_POINT('',(13.305679474783,5.618809421969));
#1728 = CARTESIAN_POINT('',(13.089496103141,5.323758302239));
#1729 = CARTESIAN_POINT('',(12.871149926678,5.030300871991));
#1730 = CARTESIAN_POINT('',(12.650679633904,4.738437560811));
#1731 = CARTESIAN_POINT('',(12.428124372195,4.448167166232));
#1732 = CARTESIAN_POINT('',(12.203523747798,4.159486853728));
#1733 = CARTESIAN_POINT('',(11.75124749014,3.586482785564));
#1734 = CARTESIAN_POINT('',(11.52358825491,3.302146000006));
#1735 = CARTESIAN_POINT('',(11.29397966076,3.019377354862));
#1736 = CARTESIAN_POINT('',(11.062461352351,2.738170949656));
#1737 = CARTESIAN_POINT('',(10.829073078379,2.458519428614));
#1738 = CARTESIAN_POINT('',(10.59385469158,2.180413980665));
#1739 = CARTESIAN_POINT('',(10.119874802575,1.627318103727));
#1740 = CARTESIAN_POINT('',(9.881113765845,1.352327254551));
#1741 = CARTESIAN_POINT('',(9.640602943692,1.078861508333));
#1742 = CARTESIAN_POINT('',(9.398382066812,0.806909327741));
#1743 = CARTESIAN_POINT('',(9.154490691453,0.536457921682));
#1744 = CARTESIAN_POINT('',(8.908968199403,0.267493245305));
#1745 = CARTESIAN_POINT('',(8.661853798001,0.));
#1746 = ( GEOMETRIC_REPRESENTATION_CONTEXT(2) 
PARAMETRIC_REPRESENTATION_CONTEXT() REPRESENTATION_CONTEXT('2D SPACE',''
  ) );
#1747 = PCURVE('',#1748,#1866);
#1748 = B_SPLINE_SURFACE_WITH_KNOTS('',3,3,(
    (#1749,#1750,#1751,#1752,#1753,#1754,#1755,#1756,#1757,#1758,#1759
      ,#1760,#1761)
    ,(#1762,#1763,#1764,#1765,#1766,#1767,#1768,#1769,#1770,#1771,#1772
      ,#1773,#1774)
    ,(#1775,#1776,#1777,#1778,#1779,#1780,#1781,#1782,#1783,#1784,#1785
      ,#1786,#1787)
    ,(#1788,#1789,#1790,#1791,#1792,#1793,#1794,#1795,#1796,#1797,#1798
      ,#1799,#1800)
    ,(#1801,#1802,#1803,#1804,#1805,#1806,#1807,#1808,#1809,#1810,#1811
      ,#1812,#1813)
    ,(#1814,#1815,#1816,#1817,#1818,#1819,#1820,#1821,#1822,#1823,#1824
      ,#1825,#1826)
    ,(#1827,#1828,#1829,#1830,#1831,#1832,#1833,#1834,#1835,#1836,#1837
      ,#1838,#1839)
    ,(#1840,#1841,#1842,#1843,#1844,#1845,#1846,#1847,#1848,#1849,#1850
      ,#1851,#1852)
    ,(#1853,#1854,#1855,#1856,#1857,#1858,#1859,#1860,#1861,#1862,#1863
      ,#1864,#1865
    )),.UNSPECIFIED.,.F.,.F.,.F.,(4,1,1,3,4),(4,2,1,2,1,1,2,4),(0.,
    0.285714285714,0.571428571429,1.,1.01),(-5.894970306231,
    -5.096922812139,-4.277711594079,-3.185429969998,-1.985014574709,
    -1.184737644517,-0.384460714324,-1.461682937263E-15),.UNSPECIFIED.);
#1749 = CARTESIAN_POINT('',(2.161396561118E-05,8.,46.189798495158));
#1750 = CARTESIAN_POINT('',(-3.351243366317,8.,46.189798495158));
#1751 = CARTESIAN_POINT('',(-6.572900666017,8.,45.495148450839));
#1752 = CARTESIAN_POINT('',(-12.50718837026,8.,43.428285706401));
#1753 = CARTESIAN_POINT('',(-18.96351973654,8.,40.143133159669));
#1754 = CARTESIAN_POINT('',(-24.42045477522,8.,35.854902824462));
#1755 = CARTESIAN_POINT('',(-30.48686139395,8.,30.235222508554));
#1756 = CARTESIAN_POINT('',(-35.30171708005,8.,24.878142915394));
#1757 = CARTESIAN_POINT('',(-40.9592521894,8.,16.667365308039));
#1758 = CARTESIAN_POINT('',(-43.68879515739,8.,11.580361819279));
#1759 = CARTESIAN_POINT('',(-45.45413430135,8.,7.639634773075));
#1760 = CARTESIAN_POINT('',(-45.98443769595,8.,6.33462386242));
#1761 = CARTESIAN_POINT('',(-46.46418855572,8.,4.999999999999));
#1762 = CARTESIAN_POINT('',(2.161396561247E-05,7.252001749145,
    46.189798495158));
#1763 = CARTESIAN_POINT('',(-3.351243366317,7.252001749145,
    46.189798495158));
#1764 = CARTESIAN_POINT('',(-6.572900666017,7.252001749145,
    45.495148450839));
#1765 = CARTESIAN_POINT('',(-12.50718837026,7.252001749145,
    43.428285706401));
#1766 = CARTESIAN_POINT('',(-18.96351973654,7.252001749145,
    40.143133159669));
#1767 = CARTESIAN_POINT('',(-24.42045477522,7.252001749145,
    35.854902824462));
#1768 = CARTESIAN_POINT('',(-30.48686139395,7.252001749145,
    30.235222508554));
#1769 = CARTESIAN_POINT('',(-35.30171708005,7.252001749145,
    24.878142915394));
#1770 = CARTESIAN_POINT('',(-40.9592521894,7.252001749145,
    16.667365308039));
#1771 = CARTESIAN_POINT('',(-43.68879515739,7.252001749145,
    11.580361819279));
#1772 = CARTESIAN_POINT('',(-45.45413430135,7.252001749145,
    7.639634773075));
#1773 = CARTESIAN_POINT('',(-45.98443769595,7.252001749145,6.33462386242
    ));
#1774 = CARTESIAN_POINT('',(-46.46418855572,7.252001749145,
    4.999999999999));
#1775 = CARTESIAN_POINT('',(2.16139657036E-05,5.758728766572,
    45.847619497807));
#1776 = CARTESIAN_POINT('',(-3.304983866501,5.758728766572,
    45.847099740699));
#1777 = CARTESIAN_POINT('',(-6.489070113419,5.758728766572,
    45.161650713179));
#1778 = CARTESIAN_POINT('',(-12.364321755,5.758728766572,43.11499775114)
  );
#1779 = CARTESIAN_POINT('',(-18.77447052374,5.758728766572,
    39.856282040474));
#1780 = CARTESIAN_POINT('',(-24.20168804803,5.758728766572,
    35.590612748876));
#1781 = CARTESIAN_POINT('',(-30.23835857235,5.758728766572,
    29.998673000786));
#1782 = CARTESIAN_POINT('',(-35.03349181627,5.758728766572,
    24.664311875889));
#1783 = CARTESIAN_POINT('',(-40.66689385263,5.758728766572,
    16.488277860236));
#1784 = CARTESIAN_POINT('',(-43.38321042726,5.758728766572,
    11.425087096768));
#1785 = CARTESIAN_POINT('',(-45.13852786905,5.758728766572,7.50715203933
    ));
#1786 = CARTESIAN_POINT('',(-45.6655927071,5.758728766572,6.210048420288
    ));
#1787 = CARTESIAN_POINT('',(-46.14218180007,5.758728766572,4.88424977087
    ));
#1788 = CARTESIAN_POINT('',(2.161396614012E-05,3.655775899712,
    44.174911747806));
#1789 = CARTESIAN_POINT('',(-3.072622213402,3.655775899712,
    44.174972308019));
#1790 = CARTESIAN_POINT('',(-6.075264020036,3.655775899712,
    43.534912994567));
#1791 = CARTESIAN_POINT('',(-11.67135408794,3.655775899712,
    41.58588266847));
#1792 = CARTESIAN_POINT('',(-17.84555944431,3.655775899712,
    38.452305442511));
#1793 = CARTESIAN_POINT('',(-23.13492822878,3.655775899712,
    34.29925560706));
#1794 = CARTESIAN_POINT('',(-29.02572719997,3.655775899712,
    28.842228674001));
#1795 = CARTESIAN_POINT('',(-33.72137283727,3.655775899712,
    23.619489985252));
#1796 = CARTESIAN_POINT('',(-39.2380149363,3.655775899712,
    15.612141054073));
#1797 = CARTESIAN_POINT('',(-41.8898088392,3.655775899712,
    10.667776830103));
#1798 = CARTESIAN_POINT('',(-43.59573073678,3.655775899712,
    6.859636546386));
#1799 = CARTESIAN_POINT('',(-44.10696747158,3.655775899712,
    5.601204719285));
#1800 = CARTESIAN_POINT('',(-44.56808403282,3.655775899712,4.31841637131
    ));
#1801 = CARTESIAN_POINT('',(2.161396662342E-05,3.,42.311795871441));
#1802 = CARTESIAN_POINT('',(-2.816097493166,3.,42.311356371919));
#1803 = CARTESIAN_POINT('',(-5.61582595601,3.,41.721702448261));
#1804 = CARTESIAN_POINT('',(-10.89751293157,3.,39.881837443122));
#1805 = CARTESIAN_POINT('',(-16.81265781937,3.,36.889147792828));
#1806 = CARTESIAN_POINT('',(-21.94575986386,3.,32.86068053631));
#1807 = CARTESIAN_POINT('',(-27.67426958937,3.,27.554178832655));
#1808 = CARTESIAN_POINT('',(-32.26023274586,3.,22.455561104715));
#1809 = CARTESIAN_POINT('',(-37.64637860549,3.,14.636523494605));
#1810 = CARTESIAN_POINT('',(-40.22625613746,3.,9.823623042054));
#1811 = CARTESIAN_POINT('',(-41.87730861548,3.,6.138371356598));
#1812 = CARTESIAN_POINT('',(-42.37091430206,3.,4.923006885212));
#1813 = CARTESIAN_POINT('',(-42.81480313775,3.,3.688172869362));
#1814 = CARTESIAN_POINT('',(2.161396691378E-05,3.,41.189798495158));
#1815 = CARTESIAN_POINT('',(-2.660136699674,3.,41.189798495158));
#1816 = CARTESIAN_POINT('',(-5.338193898457,3.,40.630597123265));
#1817 = CARTESIAN_POINT('',(-10.43278027044,3.,38.85619532555));
#1818 = CARTESIAN_POINT('',(-16.18949812964,3.,35.9473785329));
#1819 = CARTESIAN_POINT('',(-21.23025525159,3.,31.994490245876));
#1820 = CARTESIAN_POINT('',(-26.86091093028,3.,26.778472449518));
#1821 = CARTESIAN_POINT('',(-31.38009154784,3.,21.75473648547));
#1822 = CARTESIAN_POINT('',(-36.68793819234,3.,14.048828684957));
#1823 = CARTESIAN_POINT('',(-39.22453818162,3.,9.3156721318));
#1824 = CARTESIAN_POINT('',(-40.8424512254,3.,5.704041068252));
#1825 = CARTESIAN_POINT('',(-41.32543999299,3.,4.514616650105));
#1826 = CARTESIAN_POINT('',(-41.75895009656,3.,3.308630424056));
#1827 = CARTESIAN_POINT('',(2.161396692056E-05,3.,41.163618556378));
#1828 = CARTESIAN_POINT('',(-2.656497614492,3.,41.163628811367));
#1829 = CARTESIAN_POINT('',(-5.331715817114,3.,40.605137999015));
#1830 = CARTESIAN_POINT('',(-10.42193650834,3.,38.83226367614));
#1831 = CARTESIAN_POINT('',(-16.17495773688,3.,35.925403916835));
#1832 = CARTESIAN_POINT('',(-21.21356014397,3.,31.974279139099));
#1833 = CARTESIAN_POINT('',(-26.84193256157,3.,26.760372633912));
#1834 = CARTESIAN_POINT('',(-31.35955491989,3.,21.738383911021));
#1835 = CARTESIAN_POINT('',(-36.6655745827,3.,14.035115806065));
#1836 = CARTESIAN_POINT('',(-39.20116476265,3.,9.303819943894));
#1837 = CARTESIAN_POINT('',(-40.81830455296,3.,5.693906694858));
#1838 = CARTESIAN_POINT('',(-41.30104559245,3.,4.505087544619));
#1839 = CARTESIAN_POINT('',(-41.7343135256,3.,3.299774433665));
#1840 = CARTESIAN_POINT('',(2.161396692733E-05,3.,41.137438617598));
#1841 = CARTESIAN_POINT('',(-2.652858529311,3.,41.137459127575));
#1842 = CARTESIAN_POINT('',(-5.325237735771,3.,40.579678874765));
#1843 = CARTESIAN_POINT('',(-10.41109274625,3.,38.80833202673));
#1844 = CARTESIAN_POINT('',(-16.16041734412,3.,35.90342930077));
#1845 = CARTESIAN_POINT('',(-21.19686503635,3.,31.954068032322));
#1846 = CARTESIAN_POINT('',(-26.82295419286,3.,26.742272818305));
#1847 = CARTESIAN_POINT('',(-31.33901829193,3.,21.722031336572));
#1848 = CARTESIAN_POINT('',(-36.64321097306,3.,14.021402927173));
#1849 = CARTESIAN_POINT('',(-39.17779134368,3.,9.291967755988));
#1850 = CARTESIAN_POINT('',(-40.79415788052,3.,5.683772321463));
#1851 = CARTESIAN_POINT('',(-41.2766511919,3.,4.495558439133));
#1852 = CARTESIAN_POINT('',(-41.70967695464,3.,3.290918443275));
#1853 = CARTESIAN_POINT('',(2.161396693411E-05,3.,41.111258678819));
#1854 = CARTESIAN_POINT('',(-2.649219444129,3.,41.111289443784));
#1855 = CARTESIAN_POINT('',(-5.318759654428,3.,40.554219750515));
#1856 = CARTESIAN_POINT('',(-10.40024898416,3.,38.784400377319));
#1857 = CARTESIAN_POINT('',(-16.14587695136,3.,35.881454684705));
#1858 = CARTESIAN_POINT('',(-21.18016992873,3.,31.933856925545));
#1859 = CARTESIAN_POINT('',(-26.80397582414,3.,26.724173002699));
#1860 = CARTESIAN_POINT('',(-31.31848166398,3.,21.705678762123));
#1861 = CARTESIAN_POINT('',(-36.62084736342,3.,14.007690048281));
#1862 = CARTESIAN_POINT('',(-39.15441792471,3.,9.280115568082));
#1863 = CARTESIAN_POINT('',(-40.77001120809,3.,5.673637948068));
#1864 = CARTESIAN_POINT('',(-41.25225679136,3.,4.486029333647));
#1865 = CARTESIAN_POINT('',(-41.68504038368,3.,3.282062452885));
#1866 = DEFINITIONAL_REPRESENTATION('',(#1867),#1948);
#1867 = B_SPLINE_CURVE_WITH_KNOTS('',7,(#1868,#1869,#1870,#1871,#1872,
    #1873,#1874,#1875,#1876,#1877,#1878,#1879,#1880,#1881,#1882,#1883,
    #1884,#1885,#1886,#1887,#1888,#1889,#1890,#1891,#1892,#1893,#1894,
    #1895,#1896,#1897,#1898,#1899,#1900,#1901,#1902,#1903,#1904,#1905,
    #1906,#1907,#1908,#1909,#1910,#1911,#1912,#1913,#1914,#1915,#1916,
    #1917,#1918,#1919,#1920,#1921,#1922,#1923,#1924,#1925,#1926,#1927,
    #1928,#1929,#1930,#1931,#1932,#1933,#1934,#1935,#1936,#1937,#1938,
    #1939,#1940,#1941,#1942,#1943,#1944,#1945,#1946,#1947),
  .UNSPECIFIED.,.F.,.F.,(8,6,6,6,6,6,6,6,6,6,6,6,6,8),(0.,
    8.009983271022E-02,0.158598323108,0.235924607879,0.311818113812,
    0.400851523739,0.488549725824,0.575333191264,0.618298088752,
    0.661267899164,0.74668226114,0.831358988403,0.915686111454,1.),
  .UNSPECIFIED.);
#1868 = CARTESIAN_POINT('',(0.363321279883,-5.894970306231));
#1869 = CARTESIAN_POINT('',(0.363321279883,-5.866556673292));
#1870 = CARTESIAN_POINT('',(0.363321279883,-5.838065673927));
#1871 = CARTESIAN_POINT('',(0.363321279883,-5.809500652913));
#1872 = CARTESIAN_POINT('',(0.363321279883,-5.780864219826));
#1873 = CARTESIAN_POINT('',(0.363321279883,-5.752158239514));
#1874 = CARTESIAN_POINT('',(0.363321279883,-5.723383822572));
#1875 = CARTESIAN_POINT('',(0.363321279883,-5.666275423584));
#1876 = CARTESIAN_POINT('',(0.363321279883,-5.63794413507));
#1877 = CARTESIAN_POINT('',(0.363321279883,-5.609547723307));
#1878 = CARTESIAN_POINT('',(0.363321279883,-5.581085764246));
#1879 = CARTESIAN_POINT('',(0.363321279883,-5.5525571088));
#1880 = CARTESIAN_POINT('',(0.363321279883,-5.523959854886));
#1881 = CARTESIAN_POINT('',(0.363321279883,-5.467050886787));
#1882 = CARTESIAN_POINT('',(0.363321279883,-5.438741319276));
#1883 = CARTESIAN_POINT('',(0.363321279883,-5.41036002155));
#1884 = CARTESIAN_POINT('',(0.363321279883,-5.381903737784));
#1885 = CARTESIAN_POINT('',(0.363321279883,-5.353368495416));
#1886 = CARTESIAN_POINT('',(0.363321279883,-5.324749548842));
#1887 = CARTESIAN_POINT('',(0.363321279883,-5.267865032147));
#1888 = CARTESIAN_POINT('',(0.363321279883,-5.239602900547));
#1889 = CARTESIAN_POINT('',(0.363321279883,-5.211249095002));
#1890 = CARTESIAN_POINT('',(0.363321279883,-5.182798530758));
#1891 = CARTESIAN_POINT('',(0.363321279883,-5.154244203895));
#1892 = CARTESIAN_POINT('',(0.363321279883,-5.12557747822));
#1893 = CARTESIAN_POINT('',(0.363321279883,-5.063021253939));
#1894 = CARTESIAN_POINT('',(0.363321279883,-5.029159986049));
#1895 = CARTESIAN_POINT('',(0.363321279883,-4.995212150656));
#1896 = CARTESIAN_POINT('',(0.363321279883,-4.961182002174));
#1897 = CARTESIAN_POINT('',(0.363321279883,-4.927073417171));
#1898 = CARTESIAN_POINT('',(0.363321279883,-4.89288988966));
#1899 = CARTESIAN_POINT('',(0.363321279883,-4.82489288073));
#1900 = CARTESIAN_POINT('',(0.363321279883,-4.791081511638));
#1901 = CARTESIAN_POINT('',(0.363321279883,-4.757203361219));
#1902 = CARTESIAN_POINT('',(0.363321279883,-4.723260958236));
#1903 = CARTESIAN_POINT('',(0.363321279883,-4.689256413431));
#1904 = CARTESIAN_POINT('',(0.363321279883,-4.65519141483));
#1905 = CARTESIAN_POINT('',(0.363321279883,-4.587298963873));
#1906 = CARTESIAN_POINT('',(0.363321279883,-4.553472740038));
#1907 = CARTESIAN_POINT('',(0.363321279883,-4.519589755389));
#1908 = CARTESIAN_POINT('',(0.363321279883,-4.485650807223));
#1909 = CARTESIAN_POINT('',(0.363321279883,-4.451656279781));
#1910 = CARTESIAN_POINT('',(0.363321279883,-4.417606137741));
#1911 = CARTESIAN_POINT('',(0.363321279883,-4.366614558499));
#1912 = CARTESIAN_POINT('',(0.363321279883,-4.349715433944));
#1913 = CARTESIAN_POINT('',(0.363321279883,-4.332802631127));
#1914 = CARTESIAN_POINT('',(0.363321279883,-4.315875652572));
#1915 = CARTESIAN_POINT('',(0.363321279883,-4.298935127871));
#1916 = CARTESIAN_POINT('',(0.363321279883,-4.281980068009));
#1917 = CARTESIAN_POINT('',(0.363321279883,-4.248040024737));
#1918 = CARTESIAN_POINT('',(0.363321279883,-4.231055035262));
#1919 = CARTESIAN_POINT('',(0.363321279883,-4.214056407826));
#1920 = CARTESIAN_POINT('',(0.363321279883,-4.197044499382));
#1921 = CARTESIAN_POINT('',(0.363321279883,-4.180019664139));
#1922 = CARTESIAN_POINT('',(0.363321279883,-4.162982253561));
#1923 = CARTESIAN_POINT('',(0.363321279883,-4.112041755124));
#1924 = CARTESIAN_POINT('',(0.363321279883,-4.078102577125));
#1925 = CARTESIAN_POINT('',(0.363321279883,-4.044117828386));
#1926 = CARTESIAN_POINT('',(0.363321279883,-4.010090191198));
#1927 = CARTESIAN_POINT('',(0.363321279883,-3.976022284128));
#1928 = CARTESIAN_POINT('',(0.363321279883,-3.941916662021));
#1929 = CARTESIAN_POINT('',(0.363321279883,-3.873929808838));
#1930 = CARTESIAN_POINT('',(0.363321279883,-3.840049173906));
#1931 = CARTESIAN_POINT('',(0.363321279883,-3.806136333878));
#1932 = CARTESIAN_POINT('',(0.363321279883,-3.772193629612));
#1933 = CARTESIAN_POINT('',(0.363321279883,-3.738223320145));
#1934 = CARTESIAN_POINT('',(0.363321279883,-3.704227582694));
#1935 = CARTESIAN_POINT('',(0.363321279883,-3.636329896918));
#1936 = CARTESIAN_POINT('',(0.363321279883,-3.6024281354));
#1937 = CARTESIAN_POINT('',(0.363321279883,-3.568505293491));
#1938 = CARTESIAN_POINT('',(0.363321279883,-3.534563344566));
#1939 = CARTESIAN_POINT('',(0.363321279883,-3.500604169992));
#1940 = CARTESIAN_POINT('',(0.363321279883,-3.466629559127));
#1941 = CARTESIAN_POINT('',(0.363321279883,-3.398658193723));
#1942 = CARTESIAN_POINT('',(0.363321279883,-3.364661442231));
#1943 = CARTESIAN_POINT('',(0.363321279883,-3.330652646938));
#1944 = CARTESIAN_POINT('',(0.363321279883,-3.296633404604));
#1945 = CARTESIAN_POINT('',(0.363321279883,-3.262605216654));
#1946 = CARTESIAN_POINT('',(0.363321279883,-3.228569489174));
#1947 = CARTESIAN_POINT('',(0.363321279883,-3.194527532917));
#1948 = ( GEOMETRIC_REPRESENTATION_CONTEXT(2) 
PARAMETRIC_REPRESENTATION_CONTEXT() REPRESENTATION_CONTEXT('2D SPACE',''
  ) );
#1949 = ORIENTED_EDGE('',*,*,#1950,.T.);
#1950 = EDGE_CURVE('',#1579,#492,#1951,.T.);
#1951 = SURFACE_CURVE('',#1952,(#1956,#1963),.PCURVE_S1.);
#1952 = LINE('',#1953,#1954);
#1953 = CARTESIAN_POINT('',(-26.7,5.3,24.));
#1954 = VECTOR('',#1955,1.);
#1955 = DIRECTION('',(0.,0.,1.));
#1956 = PCURVE('',#154,#1957);
#1957 = DEFINITIONAL_REPRESENTATION('',(#1958),#1962);
#1958 = LINE('',#1959,#1960);
#1959 = CARTESIAN_POINT('',(0.,0.));
#1960 = VECTOR('',#1961,1.);
#1961 = DIRECTION('',(1.,0.));
#1962 = ( GEOMETRIC_REPRESENTATION_CONTEXT(2) 
PARAMETRIC_REPRESENTATION_CONTEXT() REPRESENTATION_CONTEXT('2D SPACE',''
  ) );
#1963 = PCURVE('',#634,#1964);
#1964 = DEFINITIONAL_REPRESENTATION('',(#1965),#1969);
#1965 = LINE('',#1966,#1967);
#1966 = CARTESIAN_POINT('',(0.,0.));
#1967 = VECTOR('',#1968,1.);
#1968 = DIRECTION('',(1.,0.));
#1969 = ( GEOMETRIC_REPRESENTATION_CONTEXT(2) 
PARAMETRIC_REPRESENTATION_CONTEXT() REPRESENTATION_CONTEXT('2D SPACE',''
  ) );
#1970 = ORIENTED_EDGE('',*,*,#491,.T.);
#1971 = ORIENTED_EDGE('',*,*,#70,.T.);
#1972 = ADVANCED_FACE('',(#1973),#634,.F.);
#1973 = FACE_BOUND('',#1974,.F.);
#1974 = EDGE_LOOP('',(#1975,#1976,#2140,#2167,#2168));
#1975 = ORIENTED_EDGE('',*,*,#1950,.F.);
#1976 = ORIENTED_EDGE('',*,*,#1977,.T.);
#1977 = EDGE_CURVE('',#1579,#1978,#1980,.T.);
#1978 = VERTEX_POINT('',#1979);
#1979 = CARTESIAN_POINT('',(-26.7,8.,33.736286272666));
#1980 = SURFACE_CURVE('',#1981,(#2032,#2086),.PCURVE_S1.);
#1981 = B_SPLINE_CURVE_WITH_KNOTS('',5,(#1982,#1983,#1984,#1985,#1986,
    #1987,#1988,#1989,#1990,#1991,#1992,#1993,#1994,#1995,#1996,#1997,
    #1998,#1999,#2000,#2001,#2002,#2003,#2004,#2005,#2006,#2007,#2008,
    #2009,#2010,#2011,#2012,#2013,#2014,#2015,#2016,#2017,#2018,#2019,
    #2020,#2021,#2022,#2023,#2024,#2025,#2026,#2027,#2028,#2029,#2030,
    #2031),.UNSPECIFIED.,.F.,.F.,(6,4,4,4,4,4,4,4,4,4,4,4,6),(0.,
    0.10201884856,0.201647267217,0.299661108018,0.396210743854,
    0.473662448954,0.550354594494,0.626384063057,0.701583913509,
    0.776596402235,0.85126291209,0.925700567909,1.),.UNSPECIFIED.);
#1982 = CARTESIAN_POINT('',(-26.7,5.3,32.661853798001));
#1983 = CARTESIAN_POINT('',(-26.7,5.345641104792,32.701768383212));
#1984 = CARTESIAN_POINT('',(-26.7,5.391876154663,32.7410014565));
#1985 = CARTESIAN_POINT('',(-26.7,5.438702082978,32.779529259382));
#1986 = CARTESIAN_POINT('',(-26.7,5.486114821348,32.81732684355));
#1987 = CARTESIAN_POINT('',(-26.7,5.580979206933,32.890541375674));
#1988 = CARTESIAN_POINT('',(-26.7,5.628403870575,32.925993348546));
#1989 = CARTESIAN_POINT('',(-26.7,5.676378569469,32.960699629537));
#1990 = CARTESIAN_POINT('',(-26.7,5.724897356278,32.994634798917));
#1991 = CARTESIAN_POINT('',(-26.7,5.822213761992,33.060372927952));
#1992 = CARTESIAN_POINT('',(-26.7,5.870993951281,33.092201551283));
#1993 = CARTESIAN_POINT('',(-26.7,5.920288187691,33.123231036735));
#1994 = CARTESIAN_POINT('',(-26.7,5.970081217671,33.1534461162));
#1995 = CARTESIAN_POINT('',(-26.7,6.069890478287,33.211763959411));
#1996 = CARTESIAN_POINT('',(-26.7,6.119892062312,33.239891938151));
#1997 = CARTESIAN_POINT('',(-26.7,6.170353755301,33.267189053174));
#1998 = CARTESIAN_POINT('',(-26.7,6.221261900914,33.293636079645));
#1999 = CARTESIAN_POINT('',(-26.7,6.313786074528,33.339732366499));
#2000 = CARTESIAN_POINT('',(-26.7,6.355248260222,33.359691483366));
#2001 = CARTESIAN_POINT('',(-26.7,6.396980448471,33.379081425728));
#2002 = CARTESIAN_POINT('',(-26.7,6.438974392682,33.397892474079));
#2003 = CARTESIAN_POINT('',(-26.7,6.523053899559,33.434158901614));
#2004 = CARTESIAN_POINT('',(-26.7,6.565134524328,33.451625774834));
#2005 = CARTESIAN_POINT('',(-26.7,6.607454636489,33.468506350116));
#2006 = CARTESIAN_POINT('',(-26.7,6.650005158154,33.484791522795));
#2007 = CARTESIAN_POINT('',(-26.7,6.735178211322,33.516017771241));
#2008 = CARTESIAN_POINT('',(-26.7,6.777796944644,33.530969254389));
#2009 = CARTESIAN_POINT('',(-26.7,6.820623298762,33.545318171157));
#2010 = CARTESIAN_POINT('',(-26.7,6.863647375932,33.559056135656));
#2011 = CARTESIAN_POINT('',(-26.7,6.949598619374,33.585150810611));
#2012 = CARTESIAN_POINT('',(-26.7,6.992521723222,33.597520967249));
#2013 = CARTESIAN_POINT('',(-26.7,7.035617976996,33.609277679475));
#2014 = CARTESIAN_POINT('',(-26.7,7.078876800658,33.620413476123));
#2015 = CARTESIAN_POINT('',(-26.7,7.165589288221,33.64140285136));
#2016 = CARTESIAN_POINT('',(-26.7,7.209042203357,33.651259566073));
#2017 = CARTESIAN_POINT('',(-26.7,7.252634874535,33.660484345951));
#2018 = CARTESIAN_POINT('',(-26.7,7.296355848998,33.669070603273));
#2019 = CARTESIAN_POINT('',(-26.7,7.383828391287,33.684917197147));
#2020 = CARTESIAN_POINT('',(-26.7,7.427578895791,33.692183477344));
#2021 = CARTESIAN_POINT('',(-26.7,7.471432975357,33.698805015414));
#2022 = CARTESIAN_POINT('',(-26.7,7.515378473075,33.704776329557));
#2023 = CARTESIAN_POINT('',(-26.7,7.603292248786,33.715392368397));
#2024 = CARTESIAN_POINT('',(-26.7,7.647260054871,33.720041113406));
#2025 = CARTESIAN_POINT('',(-26.7,7.691293795302,33.72403385259));
#2026 = CARTESIAN_POINT('',(-26.7,7.735380688194,33.727366358249));
#2027 = CARTESIAN_POINT('',(-26.7,7.823552614904,33.73269879316));
#2028 = CARTESIAN_POINT('',(-26.7,7.867637513884,33.734701194715));
#2029 = CARTESIAN_POINT('',(-26.7,7.911749272747,33.736038702367));
#2030 = CARTESIAN_POINT('',(-26.7,7.955874608364,33.736708497215));
#2031 = CARTESIAN_POINT('',(-26.7,8.,33.736708497215));
#2032 = PCURVE('',#634,#2033);
#2033 = DEFINITIONAL_REPRESENTATION('',(#2034),#2085);
#2034 = B_SPLINE_CURVE_WITH_KNOTS('',5,(#2035,#2036,#2037,#2038,#2039,
    #2040,#2041,#2042,#2043,#2044,#2045,#2046,#2047,#2048,#2049,#2050,
    #2051,#2052,#2053,#2054,#2055,#2056,#2057,#2058,#2059,#2060,#2061,
    #2062,#2063,#2064,#2065,#2066,#2067,#2068,#2069,#2070,#2071,#2072,
    #2073,#2074,#2075,#2076,#2077,#2078,#2079,#2080,#2081,#2082,#2083,
    #2084),.UNSPECIFIED.,.F.,.F.,(6,4,4,4,4,4,4,4,4,4,4,4,6),(0.,
    0.10201884856,0.201647267217,0.299661108018,0.396210743854,
    0.473662448954,0.550354594494,0.626384063057,0.701583913509,
    0.776596402235,0.85126291209,0.925700567909,1.),.UNSPECIFIED.);
#2035 = CARTESIAN_POINT('',(8.661853798001,0.));
#2036 = CARTESIAN_POINT('',(8.701768383212,-4.564110479216E-02));
#2037 = CARTESIAN_POINT('',(8.7410014565,-9.187615466277E-02));
#2038 = CARTESIAN_POINT('',(8.779529259382,-0.138702082978));
#2039 = CARTESIAN_POINT('',(8.81732684355,-0.186114821348));
#2040 = CARTESIAN_POINT('',(8.890541375674,-0.280979206933));
#2041 = CARTESIAN_POINT('',(8.925993348546,-0.328403870575));
#2042 = CARTESIAN_POINT('',(8.960699629537,-0.376378569469));
#2043 = CARTESIAN_POINT('',(8.994634798917,-0.424897356278));
#2044 = CARTESIAN_POINT('',(9.060372927952,-0.522213761992));
#2045 = CARTESIAN_POINT('',(9.092201551283,-0.570993951281));
#2046 = CARTESIAN_POINT('',(9.123231036735,-0.620288187691));
#2047 = CARTESIAN_POINT('',(9.1534461162,-0.670081217671));
#2048 = CARTESIAN_POINT('',(9.211763959411,-0.769890478287));
#2049 = CARTESIAN_POINT('',(9.239891938151,-0.819892062312));
#2050 = CARTESIAN_POINT('',(9.267189053174,-0.870353755301));
#2051 = CARTESIAN_POINT('',(9.293636079645,-0.921261900914));
#2052 = CARTESIAN_POINT('',(9.339732366499,-1.013786074528));
#2053 = CARTESIAN_POINT('',(9.359691483366,-1.055248260222));
#2054 = CARTESIAN_POINT('',(9.379081425728,-1.096980448471));
#2055 = CARTESIAN_POINT('',(9.397892474079,-1.138974392682));
#2056 = CARTESIAN_POINT('',(9.434158901614,-1.223053899559));
#2057 = CARTESIAN_POINT('',(9.451625774834,-1.265134524328));
#2058 = CARTESIAN_POINT('',(9.468506350116,-1.307454636489));
#2059 = CARTESIAN_POINT('',(9.484791522795,-1.350005158154));
#2060 = CARTESIAN_POINT('',(9.516017771241,-1.435178211322));
#2061 = CARTESIAN_POINT('',(9.530969254389,-1.477796944644));
#2062 = CARTESIAN_POINT('',(9.545318171157,-1.520623298762));
#2063 = CARTESIAN_POINT('',(9.559056135656,-1.563647375932));
#2064 = CARTESIAN_POINT('',(9.585150810611,-1.649598619374));
#2065 = CARTESIAN_POINT('',(9.597520967249,-1.692521723222));
#2066 = CARTESIAN_POINT('',(9.609277679475,-1.735617976996));
#2067 = CARTESIAN_POINT('',(9.620413476123,-1.778876800658));
#2068 = CARTESIAN_POINT('',(9.64140285136,-1.865589288221));
#2069 = CARTESIAN_POINT('',(9.651259566073,-1.909042203357));
#2070 = CARTESIAN_POINT('',(9.660484345951,-1.952634874535));
#2071 = CARTESIAN_POINT('',(9.669070603273,-1.996355848998));
#2072 = CARTESIAN_POINT('',(9.684917197147,-2.083828391287));
#2073 = CARTESIAN_POINT('',(9.692183477344,-2.127578895791));
#2074 = CARTESIAN_POINT('',(9.698805015414,-2.171432975357));
#2075 = CARTESIAN_POINT('',(9.704776329557,-2.215378473075));
#2076 = CARTESIAN_POINT('',(9.715392368397,-2.303292248786));
#2077 = CARTESIAN_POINT('',(9.720041113406,-2.347260054871));
#2078 = CARTESIAN_POINT('',(9.72403385259,-2.391293795302));
#2079 = CARTESIAN_POINT('',(9.727366358249,-2.435380688194));
#2080 = CARTESIAN_POINT('',(9.73269879316,-2.523552614904));
#2081 = CARTESIAN_POINT('',(9.734701194715,-2.567637513884));
#2082 = CARTESIAN_POINT('',(9.736038702367,-2.611749272747));
#2083 = CARTESIAN_POINT('',(9.736708497215,-2.655874608364));
#2084 = CARTESIAN_POINT('',(9.736708497215,-2.7));
#2085 = ( GEOMETRIC_REPRESENTATION_CONTEXT(2) 
PARAMETRIC_REPRESENTATION_CONTEXT() REPRESENTATION_CONTEXT('2D SPACE',''
  ) );
#2086 = PCURVE('',#1748,#2087);
#2087 = DEFINITIONAL_REPRESENTATION('',(#2088),#2139);
#2088 = B_SPLINE_CURVE_WITH_KNOTS('',5,(#2089,#2090,#2091,#2092,#2093,
    #2094,#2095,#2096,#2097,#2098,#2099,#2100,#2101,#2102,#2103,#2104,
    #2105,#2106,#2107,#2108,#2109,#2110,#2111,#2112,#2113,#2114,#2115,
    #2116,#2117,#2118,#2119,#2120,#2121,#2122,#2123,#2124,#2125,#2126,
    #2127,#2128,#2129,#2130,#2131,#2132,#2133,#2134,#2135,#2136,#2137,
    #2138),.UNSPECIFIED.,.F.,.F.,(6,4,4,4,4,4,4,4,4,4,4,4,6),(0.,
    0.10201884856,0.201647267217,0.299661108018,0.396210743854,
    0.473662448954,0.550354594494,0.626384063057,0.701583913509,
    0.776596402235,0.85126291209,0.925700567909,1.),.UNSPECIFIED.);
#2089 = CARTESIAN_POINT('',(0.363321280877,-3.194527533285));
#2090 = CARTESIAN_POINT('',(0.356416455536,-3.19705906251));
#2091 = CARTESIAN_POINT('',(0.349481332287,-3.19954465334));
#2092 = CARTESIAN_POINT('',(0.342515757531,-3.2019829876));
#2093 = CARTESIAN_POINT('',(0.335519650288,-3.204372680541));
#2094 = CARTESIAN_POINT('',(0.321630997309,-3.208997061347));
#2095 = CARTESIAN_POINT('',(0.31473987112,-3.211234067838));
#2096 = CARTESIAN_POINT('',(0.30781961767,-3.213421945341));
#2097 = CARTESIAN_POINT('',(0.30087032897,-3.215559276176));
#2098 = CARTESIAN_POINT('',(0.287027148658,-3.219696089283));
#2099 = CARTESIAN_POINT('',(0.280134203862,-3.221697245304));
#2100 = CARTESIAN_POINT('',(0.273213428139,-3.223646515615));
#2101 = CARTESIAN_POINT('',(0.266265664078,-3.225543104215));
#2102 = CARTESIAN_POINT('',(0.252421375113,-3.229200926478));
#2103 = CARTESIAN_POINT('',(0.245525648592,-3.230963783677));
#2104 = CARTESIAN_POINT('',(0.238604839746,-3.232673294752));
#2105 = CARTESIAN_POINT('',(0.231659613336,-3.234328409485));
#2106 = CARTESIAN_POINT('',(0.219100278244,-3.237211334739));
#2107 = CARTESIAN_POINT('',(0.213494611895,-3.238458909453));
#2108 = CARTESIAN_POINT('',(0.207874087891,-3.239670268298));
#2109 = CARTESIAN_POINT('',(0.202239120649,-3.240844878387));
#2110 = CARTESIAN_POINT('',(0.19099659409,-3.243108394017));
#2111 = CARTESIAN_POINT('',(0.185389308109,-3.244198027519));
#2112 = CARTESIAN_POINT('',(0.179768735236,-3.245250602078));
#2113 = CARTESIAN_POINT('',(0.174135345673,-3.246265616296));
#2114 = CARTESIAN_POINT('',(0.162892726695,-3.248211099745));
#2115 = CARTESIAN_POINT('',(0.157283709185,-3.249142224218));
#2116 = CARTESIAN_POINT('',(0.151663084813,-3.250035473442));
#2117 = CARTESIAN_POINT('',(0.146031382441,-3.250890382957));
#2118 = CARTESIAN_POINT('',(0.13480851848,-3.25251371709));
#2119 = CARTESIAN_POINT('',(0.129217584985,-3.253282984162));
#2120 = CARTESIAN_POINT('',(0.123616913849,-3.254013868278));
#2121 = CARTESIAN_POINT('',(0.11800708841,-3.254705952618));
#2122 = CARTESIAN_POINT('',(0.106784366061,-3.256010099049));
#2123 = CARTESIAN_POINT('',(0.101171511348,-3.256622356804));
#2124 = CARTESIAN_POINT('',(9.555077935906E-02,-3.25719521728));
#2125 = CARTESIAN_POINT('',(8.992282162817E-02,-3.25772830943));
#2126 = CARTESIAN_POINT('',(7.867981794397E-02,-3.258711989466));
#2127 = CARTESIAN_POINT('',(7.306483165715E-02,-3.259162947148));
#2128 = CARTESIAN_POINT('',(6.744404580687E-02,-3.259573817146));
#2129 = CARTESIAN_POINT('',(6.181817372337E-02,-3.259944286606));
#2130 = CARTESIAN_POINT('',(5.057500944055E-02,-3.260602846678));
#2131 = CARTESIAN_POINT('',(4.495774303015E-02,-3.260891186894));
#2132 = CARTESIAN_POINT('',(3.933690563761E-02,-3.261138811787));
#2133 = CARTESIAN_POINT('',(3.371327033913E-02,-3.261345475113));
#2134 = CARTESIAN_POINT('',(2.247245924058E-02,-3.261676148152));
#2135 = CARTESIAN_POINT('',(1.685528979072E-02,-3.261800311175));
#2136 = CARTESIAN_POINT('',(1.123693401415E-02,-3.261883243992));
#2137 = CARTESIAN_POINT('',(5.618219355831E-03,-3.261924775911));
#2138 = CARTESIAN_POINT('',(0.,-3.261924775911));
#2139 = ( GEOMETRIC_REPRESENTATION_CONTEXT(2) 
PARAMETRIC_REPRESENTATION_CONTEXT() REPRESENTATION_CONTEXT('2D SPACE',''
  ) );
#2140 = ORIENTED_EDGE('',*,*,#2141,.F.);
#2141 = EDGE_CURVE('',#773,#1978,#2142,.T.);
#2142 = SURFACE_CURVE('',#2143,(#2149,#2158),.PCURVE_S1.);
#2143 = B_SPLINE_CURVE_WITH_KNOTS('',4,(#2144,#2145,#2146,#2147,#2148),
  .UNSPECIFIED.,.F.,.F.,(5,5),(0.,1.),.PIECEWISE_BEZIER_KNOTS.);
#2144 = CARTESIAN_POINT('',(-26.7,111.7,33.73628627267));
#2145 = CARTESIAN_POINT('',(-26.7,85.775,33.73628627267));
#2146 = CARTESIAN_POINT('',(-26.7,59.849999999999,33.73628627267));
#2147 = CARTESIAN_POINT('',(-26.7,33.925,33.73628627267));
#2148 = CARTESIAN_POINT('',(-26.7,7.999999999999,33.73628627267));
#2149 = PCURVE('',#634,#2150);
#2150 = DEFINITIONAL_REPRESENTATION('',(#2151),#2157);
#2151 = B_SPLINE_CURVE_WITH_KNOTS('',4,(#2152,#2153,#2154,#2155,#2156),
  .UNSPECIFIED.,.F.,.F.,(5,5),(0.,1.),.PIECEWISE_BEZIER_KNOTS.);
#2152 = CARTESIAN_POINT('',(9.73628627267,-106.4));
#2153 = CARTESIAN_POINT('',(9.73628627267,-80.475));
#2154 = CARTESIAN_POINT('',(9.73628627267,-54.54999999999));
#2155 = CARTESIAN_POINT('',(9.73628627267,-28.625));
#2156 = CARTESIAN_POINT('',(9.73628627267,-2.699999999999));
#2157 = ( GEOMETRIC_REPRESENTATION_CONTEXT(2) 
PARAMETRIC_REPRESENTATION_CONTEXT() REPRESENTATION_CONTEXT('2D SPACE',''
  ) );
#2158 = PCURVE('',#834,#2159);
#2159 = DEFINITIONAL_REPRESENTATION('',(#2160),#2166);
#2160 = B_SPLINE_CURVE_WITH_KNOTS('',4,(#2161,#2162,#2163,#2164,#2165),
  .UNSPECIFIED.,.F.,.F.,(5,5),(0.,1.),.PIECEWISE_BEZIER_KNOTS.);
#2161 = CARTESIAN_POINT('',(-0.605273735169,0.508149038983));
#2162 = CARTESIAN_POINT('',(-0.605273735169,0.631111779237));
#2163 = CARTESIAN_POINT('',(-0.605273735169,0.754074519491));
#2164 = CARTESIAN_POINT('',(-0.605273735169,0.877037259746));
#2165 = CARTESIAN_POINT('',(-0.605273735169,1.));
#2166 = ( GEOMETRIC_REPRESENTATION_CONTEXT(2) 
PARAMETRIC_REPRESENTATION_CONTEXT() REPRESENTATION_CONTEXT('2D SPACE',''
  ) );
#2167 = ORIENTED_EDGE('',*,*,#879,.T.);
#2168 = ORIENTED_EDGE('',*,*,#616,.F.);
#2169 = ADVANCED_FACE('',(#2170),#834,.F.);
#2170 = FACE_BOUND('',#2171,.F.);
#2171 = EDGE_LOOP('',(#2172,#2193,#2194,#2195));
#2172 = ORIENTED_EDGE('',*,*,#2173,.F.);
#2173 = EDGE_CURVE('',#675,#2174,#2176,.T.);
#2174 = VERTEX_POINT('',#2175);
#2175 = CARTESIAN_POINT('',(2.161396552997E-05,8.,46.189798495158));
#2176 = SURFACE_CURVE('',#2177,(#2181,#2187),.PCURVE_S1.);
#2177 = LINE('',#2178,#2179);
#2178 = CARTESIAN_POINT('',(2.161396517666E-05,233.65,46.189798495158));
#2179 = VECTOR('',#2180,1.);
#2180 = DIRECTION('',(1.720845688169E-15,-1.,-4.223371915081E-17));
#2181 = PCURVE('',#834,#2182);
#2182 = DEFINITIONAL_REPRESENTATION('',(#2183),#2186);
#2183 = B_SPLINE_CURVE_WITH_KNOTS('',1,(#2184,#2185),.UNSPECIFIED.,.F.,
  .F.,(2,2),(16.071247279472,225.65),.PIECEWISE_BEZIER_KNOTS.);
#2184 = CARTESIAN_POINT('',(-1.,5.964214711729E-03));
#2185 = CARTESIAN_POINT('',(-1.,1.));
#2186 = ( GEOMETRIC_REPRESENTATION_CONTEXT(2) 
PARAMETRIC_REPRESENTATION_CONTEXT() REPRESENTATION_CONTEXT('2D SPACE',''
  ) );
#2187 = PCURVE('',#730,#2188);
#2188 = DEFINITIONAL_REPRESENTATION('',(#2189),#2192);
#2189 = B_SPLINE_CURVE_WITH_KNOTS('',1,(#2190,#2191),.UNSPECIFIED.,.F.,
  .F.,(2,2),(16.071247279472,225.65),.PIECEWISE_BEZIER_KNOTS.);
#2190 = CARTESIAN_POINT('',(-0.110982479737,0.994035785288));
#2191 = CARTESIAN_POINT('',(-0.110982479737,9.999324611896E-17));
#2192 = ( GEOMETRIC_REPRESENTATION_CONTEXT(2) 
PARAMETRIC_REPRESENTATION_CONTEXT() REPRESENTATION_CONTEXT('2D SPACE',''
  ) );
#2193 = ORIENTED_EDGE('',*,*,#772,.F.);
#2194 = ORIENTED_EDGE('',*,*,#2141,.T.);
#2195 = ORIENTED_EDGE('',*,*,#2196,.F.);
#2196 = EDGE_CURVE('',#2174,#1978,#2197,.T.);
#2197 = SURFACE_CURVE('',#2198,(#2206,#2212),.PCURVE_S1.);
#2198 = B_SPLINE_CURVE_WITH_KNOTS('',3,(#2199,#2200,#2201,#2202,#2203,
    #2204,#2205),.UNSPECIFIED.,.F.,.F.,(4,1,1,1,4),(0.,0.25,0.5,0.75,1.)
  ,.QUASI_UNIFORM_KNOTS.);
#2199 = CARTESIAN_POINT('',(2.161396564205E-05,8.,46.189798495158));
#2200 = CARTESIAN_POINT('',(-4.512973898462,8.,46.189798495157));
#2201 = CARTESIAN_POINT('',(-13.95926048859,8.,43.645915714946));
#2202 = CARTESIAN_POINT('',(-27.88864271394,8.,33.635970739066));
#2203 = CARTESIAN_POINT('',(-39.55460639497,8.000000000001,
    19.755200426484));
#2204 = CARTESIAN_POINT('',(-44.76343270097,8.,9.731350244931));
#2205 = CARTESIAN_POINT('',(-46.46418855572,8.,4.999999999999));
#2206 = PCURVE('',#834,#2207);
#2207 = DEFINITIONAL_REPRESENTATION('',(#2208),#2211);
#2208 = B_SPLINE_CURVE_WITH_KNOTS('',1,(#2209,#2210),.UNSPECIFIED.,.F.,
  .F.,(2,2),(0.,1.),.PIECEWISE_BEZIER_KNOTS.);
#2209 = CARTESIAN_POINT('',(-1.,1.));
#2210 = CARTESIAN_POINT('',(-0.184846653065,1.));
#2211 = ( GEOMETRIC_REPRESENTATION_CONTEXT(2) 
PARAMETRIC_REPRESENTATION_CONTEXT() REPRESENTATION_CONTEXT('2D SPACE',''
  ) );
#2212 = PCURVE('',#1748,#2213);
#2213 = DEFINITIONAL_REPRESENTATION('',(#2214),#2240);
#2214 = B_SPLINE_CURVE_WITH_KNOTS('',3,(#2215,#2216,#2217,#2218,#2219,
    #2220,#2221,#2222,#2223,#2224,#2225,#2226,#2227,#2228,#2229,#2230,
    #2231,#2232,#2233,#2234,#2235,#2236,#2237,#2238,#2239),
  .UNSPECIFIED.,.F.,.F.,(4,1,1,1,1,1,1,1,1,1,1,1,1,1,1,1,1,1,1,1,1,1,4),
  (0.,4.545454545455E-02,9.090909090909E-02,0.136363636364,
    0.181818181818,0.227272727273,0.272727272727,0.318181818182,
    0.363636363636,0.409090909091,0.454545454545,0.5,0.545454545455,
    0.590909090909,0.636363636364,0.681818181818,0.727272727273,
    0.772727272727,0.818181818182,0.863636363636,0.909090909091,
    0.954545454545,1.),.UNSPECIFIED.);
#2215 = CARTESIAN_POINT('',(0.,-5.894970306231));
#2216 = CARTESIAN_POINT('',(1.114245514947E-14,-5.829796362657));
#2217 = CARTESIAN_POINT('',(2.849312248385E-14,-5.69727010174));
#2218 = CARTESIAN_POINT('',(4.099678651098E-14,-5.490310005409));
#2219 = CARTESIAN_POINT('',(3.858096555721E-14,-5.274119609757));
#2220 = CARTESIAN_POINT('',(2.921990135602E-14,-5.045623357932));
#2221 = CARTESIAN_POINT('',(1.810073123428E-14,-4.805219842396));
#2222 = CARTESIAN_POINT('',(1.353488182962E-14,-4.554074872368));
#2223 = CARTESIAN_POINT('',(1.633941879447E-14,-4.292420710304));
#2224 = CARTESIAN_POINT('',(2.166391420877E-14,-4.020741175874));
#2225 = CARTESIAN_POINT('',(2.830328922166E-14,-3.740409110726));
#2226 = CARTESIAN_POINT('',(3.118748777204E-14,-3.453119242817));
#2227 = CARTESIAN_POINT('',(2.797201801238E-14,-3.160704584739));
#2228 = CARTESIAN_POINT('',(1.459858273349E-14,-2.864562389099));
#2229 = CARTESIAN_POINT('',(-4.670948268142E-15,-2.565694135221));
#2230 = CARTESIAN_POINT('',(-2.529486323751E-14,-2.265359845717));
#2231 = CARTESIAN_POINT('',(-4.420590673629E-14,-1.964731442647));
#2232 = CARTESIAN_POINT('',(-5.690233727604E-14,-1.665024527722));
#2233 = CARTESIAN_POINT('',(-5.705250760512E-14,-1.368390527207));
#2234 = CARTESIAN_POINT('',(-4.564443436556E-14,-1.077029117311));
#2235 = CARTESIAN_POINT('',(-2.793381341403E-14,-0.792841220646));
#2236 = CARTESIAN_POINT('',(-1.094813370837E-14,-0.517309632705));
#2237 = CARTESIAN_POINT('',(-1.741353489071E-15,-0.252022869515));
#2238 = CARTESIAN_POINT('',(2.195308099633E-16,-8.263577585813E-02));
#2239 = CARTESIAN_POINT('',(0.,-1.461682937263E-15));
#2240 = ( GEOMETRIC_REPRESENTATION_CONTEXT(2) 
PARAMETRIC_REPRESENTATION_CONTEXT() REPRESENTATION_CONTEXT('2D SPACE',''
  ) );
#2241 = ADVANCED_FACE('',(#2242),#730,.T.);
#2242 = FACE_BOUND('',#2243,.T.);
#2243 = EDGE_LOOP('',(#2244,#2245,#2246,#2247));
#2244 = ORIENTED_EDGE('',*,*,#2173,.F.);
#2245 = ORIENTED_EDGE('',*,*,#674,.T.);
#2246 = ORIENTED_EDGE('',*,*,#1210,.F.);
#2247 = ORIENTED_EDGE('',*,*,#2248,.T.);
#2248 = EDGE_CURVE('',#929,#2174,#2249,.T.);
#2249 = SURFACE_CURVE('',#2250,(#2258,#2264),.PCURVE_S1.);
#2250 = B_SPLINE_CURVE_WITH_KNOTS('',3,(#2251,#2252,#2253,#2254,#2255,
    #2256,#2257),.UNSPECIFIED.,.F.,.F.,(4,1,1,1,4),(0.,0.25,0.5,0.75,1.)
  ,.QUASI_UNIFORM_KNOTS.);
#2251 = CARTESIAN_POINT('',(46.464231783659,8.,4.999999999999));
#2252 = CARTESIAN_POINT('',(44.76347592891,8.,9.731350244931));
#2253 = CARTESIAN_POINT('',(39.554649622905,8.,19.755200426485));
#2254 = CARTESIAN_POINT('',(27.888685941877,7.999999999999,
    33.635970739066));
#2255 = CARTESIAN_POINT('',(13.959303716527,8.000000000001,
    43.645915714945));
#2256 = CARTESIAN_POINT('',(4.513017126393,8.,46.189798495159));
#2257 = CARTESIAN_POINT('',(2.16139656248E-05,8.,46.189798495157));
#2258 = PCURVE('',#730,#2259);
#2259 = DEFINITIONAL_REPRESENTATION('',(#2260),#2263);
#2260 = B_SPLINE_CURVE_WITH_KNOTS('',1,(#2261,#2262),.UNSPECIFIED.,.F.,
  .F.,(2,2),(0.,1.),.PIECEWISE_BEZIER_KNOTS.);
#2261 = CARTESIAN_POINT('',(-0.926135826672,4.639155177851E-16));
#2262 = CARTESIAN_POINT('',(-0.110982479737,3.696026018972E-16));
#2263 = ( GEOMETRIC_REPRESENTATION_CONTEXT(2) 
PARAMETRIC_REPRESENTATION_CONTEXT() REPRESENTATION_CONTEXT('2D SPACE',''
  ) );
#2264 = PCURVE('',#1038,#2265);
#2265 = DEFINITIONAL_REPRESENTATION('',(#2266),#2292);
#2266 = B_SPLINE_CURVE_WITH_KNOTS('',3,(#2267,#2268,#2269,#2270,#2271,
    #2272,#2273,#2274,#2275,#2276,#2277,#2278,#2279,#2280,#2281,#2282,
    #2283,#2284,#2285,#2286,#2287,#2288,#2289,#2290,#2291),
  .UNSPECIFIED.,.F.,.F.,(4,1,1,1,1,1,1,1,1,1,1,1,1,1,1,1,1,1,1,1,1,1,4),
  (0.,4.545454545455E-02,9.090909090909E-02,0.136363636364,
    0.181818181818,0.227272727273,0.272727272727,0.318181818182,
    0.363636363636,0.409090909091,0.454545454545,0.5,0.545454545455,
    0.590909090909,0.636363636364,0.681818181818,0.727272727273,
    0.772727272727,0.818181818182,0.863636363636,0.909090909091,
    0.954545454545,1.),.UNSPECIFIED.);
#2267 = CARTESIAN_POINT('',(0.,-5.894970306231));
#2268 = CARTESIAN_POINT('',(1.646057699493E-14,-5.812338907971));
#2269 = CARTESIAN_POINT('',(3.378600872727E-14,-5.642946121801));
#2270 = CARTESIAN_POINT('',(3.114702680532E-14,-5.377658709327));
#2271 = CARTESIAN_POINT('',(2.496408959072E-14,-5.102304159922));
#2272 = CARTESIAN_POINT('',(1.60893918962E-14,-4.818225807928));
#2273 = CARTESIAN_POINT('',(9.216593043621E-15,-4.526489639234));
#2274 = CARTESIAN_POINT('',(9.595048913241E-15,-4.229611738459));
#2275 = CARTESIAN_POINT('',(1.780895645752E-14,-3.930388183491));
#2276 = CARTESIAN_POINT('',(2.936507328552E-14,-3.629877777986));
#2277 = CARTESIAN_POINT('',(4.120983359057E-14,-3.32947299895));
#2278 = CARTESIAN_POINT('',(4.874596076422E-14,-3.030454989712));
#2279 = CARTESIAN_POINT('',(4.873554160479E-14,-2.734287677491));
#2280 = CARTESIAN_POINT('',(3.793866507905E-14,-2.441716596437));
#2281 = CARTESIAN_POINT('',(2.021362672281E-14,-2.154088380265));
#2282 = CARTESIAN_POINT('',(1.067717046881E-15,-1.873813833311));
#2283 = CARTESIAN_POINT('',(-1.443231908791E-14,-1.602630989212));
#2284 = CARTESIAN_POINT('',(-2.296420120269E-14,-1.340951747923));
#2285 = CARTESIAN_POINT('',(-1.93682251348E-14,-1.089694775839));
#2286 = CARTESIAN_POINT('',(-5.096082174896E-15,-0.849265420433));
#2287 = CARTESIAN_POINT('',(9.957496196484E-15,-0.620832596702));
#2288 = CARTESIAN_POINT('',(2.084388515448E-14,-0.404653911039));
#2289 = CARTESIAN_POINT('',(1.728549928348E-14,-0.197700710772));
#2290 = CARTESIAN_POINT('',(7.157594299875E-15,-6.517375369421E-02));
#2291 = CARTESIAN_POINT('',(0.,0.));
#2292 = ( GEOMETRIC_REPRESENTATION_CONTEXT(2) 
PARAMETRIC_REPRESENTATION_CONTEXT() REPRESENTATION_CONTEXT('2D SPACE',''
  ) );
#2293 = ADVANCED_FACE('',(#2294),#1038,.T.);
#2294 = FACE_BOUND('',#2295,.T.);
#2295 = EDGE_LOOP('',(#2296,#2297,#2298,#2299));
#2296 = ORIENTED_EDGE('',*,*,#2248,.F.);
#2297 = ORIENTED_EDGE('',*,*,#928,.F.);
#2298 = ORIENTED_EDGE('',*,*,#1243,.T.);
#2299 = ORIENTED_EDGE('',*,*,#2300,.F.);
#2300 = EDGE_CURVE('',#2174,#1244,#2301,.T.);
#2301 = SURFACE_CURVE('',#2302,(#2308,#2337),.PCURVE_S1.);
#2302 = B_SPLINE_CURVE_WITH_KNOTS('',3,(#2303,#2304,#2305,#2306,#2307),
  .UNSPECIFIED.,.F.,.F.,(4,1,4),(0.,0.5,1.),.QUASI_UNIFORM_KNOTS.);
#2303 = CARTESIAN_POINT('',(2.161396561118E-05,8.,46.189798495158));
#2304 = CARTESIAN_POINT('',(2.161396561344E-05,6.691003061004,
    46.189798495158));
#2305 = CARTESIAN_POINT('',(2.16139658986E-05,4.084692466543,
    45.105299784502));
#2306 = CARTESIAN_POINT('',(2.161396657502E-05,3.,42.498795434154));
#2307 = CARTESIAN_POINT('',(2.161396691378E-05,3.,41.189798495158));
#2308 = PCURVE('',#1038,#2309);
#2309 = DEFINITIONAL_REPRESENTATION('',(#2310),#2336);
#2310 = B_SPLINE_CURVE_WITH_KNOTS('',3,(#2311,#2312,#2313,#2314,#2315,
    #2316,#2317,#2318,#2319,#2320,#2321,#2322,#2323,#2324,#2325,#2326,
    #2327,#2328,#2329,#2330,#2331,#2332,#2333,#2334,#2335),
  .UNSPECIFIED.,.F.,.F.,(4,1,1,1,1,1,1,1,1,1,1,1,1,1,1,1,1,1,1,1,1,1,4),
  (0.,4.545454545455E-02,9.090909090909E-02,0.136363636364,
    0.181818181818,0.227272727273,0.272727272727,0.318181818182,
    0.363636363636,0.409090909091,0.454545454545,0.5,0.545454545455,
    0.590909090909,0.636363636364,0.681818181818,0.727272727273,
    0.772727272727,0.818181818182,0.863636363636,0.909090909091,
    0.954545454545,1.),.QUASI_UNIFORM_KNOTS.);
#2311 = CARTESIAN_POINT('',(0.,0.));
#2312 = CARTESIAN_POINT('',(1.515055993197E-02,3.714647375027E-12));
#2313 = CARTESIAN_POINT('',(4.545179266727E-02,1.054300148544E-10));
#2314 = CARTESIAN_POINT('',(9.09158665474E-02,-1.39793739559E-09));
#2315 = CARTESIAN_POINT('',(0.136408488586,-7.225408922777E-09));
#2316 = CARTESIAN_POINT('',(0.181930451901,-1.749237080849E-08));
#2317 = CARTESIAN_POINT('',(0.227472329463,-2.872723933227E-08));
#2318 = CARTESIAN_POINT('',(0.273014281362,-3.51958073501E-08));
#2319 = CARTESIAN_POINT('',(0.31852246742,-3.060810189552E-08));
#2320 = CARTESIAN_POINT('',(0.36397004372,-1.887868483789E-08));
#2321 = CARTESIAN_POINT('',(0.40935419205,-7.398515719904E-09));
#2322 = CARTESIAN_POINT('',(0.454687071864,-4.896171655592E-10));
#2323 = CARTESIAN_POINT('',(0.499996294387,7.116281956336E-10));
#2324 = CARTESIAN_POINT('',(0.545327750643,-2.356847033901E-09));
#2325 = CARTESIAN_POINT('',(0.590719095988,-4.790558912003E-09));
#2326 = CARTESIAN_POINT('',(0.636161971983,-6.20091902884E-09));
#2327 = CARTESIAN_POINT('',(0.681637056993,-6.997077339651E-09));
#2328 = CARTESIAN_POINT('',(0.727130077058,-6.814753813414E-09));
#2329 = CARTESIAN_POINT('',(0.77262881884,-5.578042432146E-09));
#2330 = CARTESIAN_POINT('',(0.81812419466,-3.629423677611E-09));
#2331 = CARTESIAN_POINT('',(0.86361010421,-1.670002858439E-09));
#2332 = CARTESIAN_POINT('',(0.909083776369,-3.737885207311E-10));
#2333 = CARTESIAN_POINT('',(0.954545463785,1.854927886418E-11));
#2334 = CARTESIAN_POINT('',(0.984848801328,1.720287522937E-11));
#2335 = CARTESIAN_POINT('',(1.,0.));
#2336 = ( GEOMETRIC_REPRESENTATION_CONTEXT(2) 
PARAMETRIC_REPRESENTATION_CONTEXT() REPRESENTATION_CONTEXT('2D SPACE',''
  ) );
#2337 = PCURVE('',#1748,#2338);
#2338 = DEFINITIONAL_REPRESENTATION('',(#2339),#2365);
#2339 = B_SPLINE_CURVE_WITH_KNOTS('',3,(#2340,#2341,#2342,#2343,#2344,
    #2345,#2346,#2347,#2348,#2349,#2350,#2351,#2352,#2353,#2354,#2355,
    #2356,#2357,#2358,#2359,#2360,#2361,#2362,#2363,#2364),
  .UNSPECIFIED.,.F.,.F.,(4,1,1,1,1,1,1,1,1,1,1,1,1,1,1,1,1,1,1,1,1,1,4),
  (0.,4.545454545455E-02,9.090909090909E-02,0.136363636364,
    0.181818181818,0.227272727273,0.272727272727,0.318181818182,
    0.363636363636,0.409090909091,0.454545454545,0.5,0.545454545455,
    0.590909090909,0.636363636364,0.681818181818,0.727272727273,
    0.772727272727,0.818181818182,0.863636363636,0.909090909091,
    0.954545454545,1.),.QUASI_UNIFORM_KNOTS.);
#2340 = CARTESIAN_POINT('',(0.,-5.894970306231));
#2341 = CARTESIAN_POINT('',(1.515055993198E-02,-5.894970306235));
#2342 = CARTESIAN_POINT('',(4.545179266686E-02,-5.894970306336));
#2343 = CARTESIAN_POINT('',(9.091586654554E-02,-5.894970304833));
#2344 = CARTESIAN_POINT('',(0.136408488583,-5.894970299006));
#2345 = CARTESIAN_POINT('',(0.181930451895,-5.894970288739));
#2346 = CARTESIAN_POINT('',(0.227472329455,-5.894970277504));
#2347 = CARTESIAN_POINT('',(0.273014281352,-5.894970271035));
#2348 = CARTESIAN_POINT('',(0.31852246741,-5.894970275623));
#2349 = CARTESIAN_POINT('',(0.363970043708,-5.894970287352));
#2350 = CARTESIAN_POINT('',(0.409354192039,-5.894970298832));
#2351 = CARTESIAN_POINT('',(0.454687071854,-5.894970305741));
#2352 = CARTESIAN_POINT('',(0.499996294378,-5.894970306943));
#2353 = CARTESIAN_POINT('',(0.545327750635,-5.894970303874));
#2354 = CARTESIAN_POINT('',(0.590719095982,-5.89497030144));
#2355 = CARTESIAN_POINT('',(0.63616197198,-5.89497030003));
#2356 = CARTESIAN_POINT('',(0.681637056992,-5.894970299234));
#2357 = CARTESIAN_POINT('',(0.727130077058,-5.894970299416));
#2358 = CARTESIAN_POINT('',(0.772628818841,-5.894970300653));
#2359 = CARTESIAN_POINT('',(0.818124194661,-5.894970302602));
#2360 = CARTESIAN_POINT('',(0.863610104211,-5.894970304561));
#2361 = CARTESIAN_POINT('',(0.90908377637,-5.894970305857));
#2362 = CARTESIAN_POINT('',(0.954545463785,-5.89497030625));
#2363 = CARTESIAN_POINT('',(0.984848801328,-5.894970306248));
#2364 = CARTESIAN_POINT('',(1.,-5.894970306231));
#2365 = ( GEOMETRIC_REPRESENTATION_CONTEXT(2) 
PARAMETRIC_REPRESENTATION_CONTEXT() REPRESENTATION_CONTEXT('2D SPACE',''
  ) );
#2366 = ADVANCED_FACE('',(#2367),#1748,.T.);
#2367 = FACE_BOUND('',#2368,.T.);
#2368 = EDGE_LOOP('',(#2369,#2370,#2371,#2372));
#2369 = ORIENTED_EDGE('',*,*,#1977,.T.);
#2370 = ORIENTED_EDGE('',*,*,#2196,.F.);
#2371 = ORIENTED_EDGE('',*,*,#2300,.T.);
#2372 = ORIENTED_EDGE('',*,*,#1578,.T.);
#2373 = ( GEOMETRIC_REPRESENTATION_CONTEXT(3) 
GLOBAL_UNCERTAINTY_ASSIGNED_CONTEXT((#2377)) 
GLOBAL_UNIT_ASSIGNED_CONTEXT((#2374,#2375,#2376)) REPRESENTATION_CONTEXT
('Context #1','3D Context with UNIT and UNCERTAINTY') );
#2374 = ( LENGTH_UNIT() NAMED_UNIT(*) SI_UNIT(.MILLI.,.METRE.) );
#2375 = ( NAMED_UNIT(*) PLANE_ANGLE_UNIT() SI_UNIT($,.RADIAN.) );
#2376 = ( NAMED_UNIT(*) SI_UNIT($,.STERADIAN.) SOLID_ANGLE_UNIT() );
#2377 = UNCERTAINTY_MEASURE_WITH_UNIT(LENGTH_MEASURE(1.E-03),#2374,
  'distance_accuracy_value','confusion accuracy');
#2378 = PRODUCT_RELATED_PRODUCT_CATEGORY('part',$,(#7));
ENDSEC;
END-ISO-10303-21;
