ISO-10303-21;
HEADER;
FILE_DESCRIPTION(('Open CASCADE Model'),'2;1');
FILE_NAME('Open CASCADE Shape Model','2026-09-19T16:54:45',('Author'),(
    'Open CASCADE'),'Open CASCADE STEP processor 7.9','Open CASCADE 7.9'
  ,'Unknown');
FILE_SCHEMA(('AUTOMOTIVE_DESIGN { 1 0 10303 214 1 1 1 1 }'));
ENDSEC;
DATA;
#1 = APPLICATION_PROTOCOL_DEFINITION('international standard',
  'automotive_design',2000,#2);
#2 = APPLICATION_CONTEXT(
  'core data for automotive mechanical design processes');
#3 = SHAPE_DEFINITION_REPRESENTATION(#4,#10);
#4 = PRODUCT_DEFINITION_SHAPE('','',#5);
#5 = PRODUCT_DEFINITION('design','',#6,#9);
#6 = PRODUCT_DEFINITION_FORMATION('','',#7);
#7 = PRODUCT('Open CASCADE STEP translator 7.9 20',
  'Open CASCADE STEP translator 7.9 20','',(#8));
#8 = PRODUCT_CONTEXT('',#2,'mechanical');
#9 = PRODUCT_DEFINITION_CONTEXT('part definition',#2,'design');
#10 = ADVANCED_BREP_SHAPE_REPRESENTATION('',(#11,#15),#4347);
#11 = AXIS2_PLACEMENT_3D('',#12,#13,#14);
#12 = CARTESIAN_POINT('',(0.,0.,0.));
#13 = DIRECTION('',(0.,0.,1.));
#14 = DIRECTION('',(1.,0.,-0.));
#15 = MANIFOLD_SOLID_BREP('',#16);
#16 = CLOSED_SHELL('',(#17,#168,#284,#362,#438,#516,#592,#682,#798,#893,
    #1006,#1119,#1232,#1345,#1444,#1519,#1629,#1708,#1794,#1870,#1948,
    #2032,#2124,#2208,#2306,#2404,#2502,#2600,#2698,#2790,#2874,#2966,
    #3044,#3122,#3201,#3287,#3363,#3439,#3515,#3591,#3667,#3743,#3819,
    #3895,#3971,#4047,#4123,#4194,#4241,#4294));
#17 = ADVANCED_FACE('',(#18),#32,.F.);
#18 = FACE_BOUND('',#19,.T.);
#19 = EDGE_LOOP('',(#20,#64,#97,#137));
#20 = ORIENTED_EDGE('',*,*,#21,.T.);
#21 = EDGE_CURVE('',#22,#24,#26,.T.);
#22 = VERTEX_POINT('',#23);
#23 = CARTESIAN_POINT('',(-19.69252077454,460.5,70.144771834165));
#24 = VERTEX_POINT('',#25);
#25 = CARTESIAN_POINT('',(-19.69252077454,458.,70.144771834165));
#26 = SURFACE_CURVE('',#27,(#31,#43),.PCURVE_S1.);
#27 = LINE('',#28,#29);
#28 = CARTESIAN_POINT('',(-19.69252077454,460.5,70.144771834165));
#29 = VECTOR('',#30,1.);
#30 = DIRECTION('',(4.087939514284E-14,-1.,-7.908951930284E-14));
#31 = PCURVE('',#32,#37);
#32 = CYLINDRICAL_SURFACE('',#33,2.945167972189);
#33 = AXIS2_PLACEMENT_3D('',#34,#35,#36);
#34 = CARTESIAN_POINT('',(-16.82350691907,460.5,69.479357197305));
#35 = DIRECTION('',(-4.087939514284E-14,1.,7.908951930284E-14));
#36 = DIRECTION('',(0.,-7.908951930284E-14,1.));
#37 = DEFINITIONAL_REPRESENTATION('',(#38),#42);
#38 = LINE('',#39,#40);
#39 = CARTESIAN_POINT('',(-1.342894273911,0.));
#40 = VECTOR('',#41,1.);
#41 = DIRECTION('',(-0.,-1.));
#42 = ( GEOMETRIC_REPRESENTATION_CONTEXT(2) 
PARAMETRIC_REPRESENTATION_CONTEXT() REPRESENTATION_CONTEXT('2D SPACE',''
  ) );
#43 = PCURVE('',#44,#58);
#44 = SURFACE_OF_LINEAR_EXTRUSION('',#45,#56);
#45 = B_SPLINE_CURVE_WITH_KNOTS('',3,(#46,#47,#48,#49,#50,#51,#52,#53,
    #54,#55),.UNSPECIFIED.,.F.,.F.,(4,3,3,4),(-0.65221209642,
    -0.520661574759,-4.990989190997E-02,-4.978138196385E-02),
  .UNSPECIFIED.);
#46 = CARTESIAN_POINT('',(-18.76957016714,460.5,71.934704648978));
#47 = CARTESIAN_POINT('',(-18.87402503673,460.5,71.798067329337));
#48 = CARTESIAN_POINT('',(-18.97219381473,460.5,71.659581112941));
#49 = CARTESIAN_POINT('',(-19.06354005838,460.5,71.519613763555));
#50 = CARTESIAN_POINT('',(-19.40285328631,460.5,70.999693389945));
#51 = CARTESIAN_POINT('',(-19.60121082831,460.5,70.539828633833));
#52 = CARTESIAN_POINT('',(-19.69223619928,460.5,70.146003540105));
#53 = CARTESIAN_POINT('',(-19.69233109273,460.5,70.145592979582));
#54 = CARTESIAN_POINT('',(-19.69242598619,460.5,70.145182419059));
#55 = CARTESIAN_POINT('',(-19.69252087964,460.5,70.144771858542));
#56 = VECTOR('',#57,1.);
#57 = DIRECTION('',(-4.087939514284E-14,1.,7.908951930284E-14));
#58 = DEFINITIONAL_REPRESENTATION('',(#59),#63);
#59 = LINE('',#60,#61);
#60 = CARTESIAN_POINT('',(-4.978138196385E-02,0.));
#61 = VECTOR('',#62,1.);
#62 = DIRECTION('',(0.,-1.));
#63 = ( GEOMETRIC_REPRESENTATION_CONTEXT(2) 
PARAMETRIC_REPRESENTATION_CONTEXT() REPRESENTATION_CONTEXT('2D SPACE',''
  ) );
#64 = ORIENTED_EDGE('',*,*,#65,.T.);
#65 = EDGE_CURVE('',#24,#66,#68,.T.);
#66 = VERTEX_POINT('',#67);
#67 = CARTESIAN_POINT('',(-19.72418884714,458.,69.989318130404));
#68 = SURFACE_CURVE('',#69,(#74,#81),.PCURVE_S1.);
#69 = CIRCLE('',#70,2.945167972189);
#70 = AXIS2_PLACEMENT_3D('',#71,#72,#73);
#71 = CARTESIAN_POINT('',(-16.82350691907,458.,69.479357197305));
#72 = DIRECTION('',(4.087939514284E-14,-1.,-7.908951930284E-14));
#73 = DIRECTION('',(0.,-7.908951930284E-14,1.));
#74 = PCURVE('',#32,#75);
#75 = DEFINITIONAL_REPRESENTATION('',(#76),#80);
#76 = LINE('',#77,#78);
#77 = CARTESIAN_POINT('',(-0.,-2.5));
#78 = VECTOR('',#79,1.);
#79 = DIRECTION('',(-1.,0.));
#80 = ( GEOMETRIC_REPRESENTATION_CONTEXT(2) 
PARAMETRIC_REPRESENTATION_CONTEXT() REPRESENTATION_CONTEXT('2D SPACE',''
  ) );
#81 = PCURVE('',#82,#87);
#82 = PLANE('',#83);
#83 = AXIS2_PLACEMENT_3D('',#84,#85,#86);
#84 = CARTESIAN_POINT('',(5.656282733857E-16,458.,27.797047361007));
#85 = DIRECTION('',(-4.087939514284E-14,1.,7.908951930284E-14));
#86 = DIRECTION('',(-1.,-4.087939514284E-14,-6.815915730474E-41));
#87 = DEFINITIONAL_REPRESENTATION('',(#88),#96);
#88 = ( BOUNDED_CURVE() B_SPLINE_CURVE(2,(#89,#90,#91,#92,#93,#94,#95),
.UNSPECIFIED.,.T.,.F.) B_SPLINE_CURVE_WITH_KNOTS((1,2,2,2,2,1),(
    -2.094395102393,0.,2.094395102393,4.188790204786,6.28318530718,
8.377580409573),.UNSPECIFIED.) CURVE() GEOMETRIC_REPRESENTATION_ITEM() 
RATIONAL_B_SPLINE_CURVE((1.,0.5,1.,0.5,1.,0.5,1.)) REPRESENTATION_ITEM(
  '') );
#89 = CARTESIAN_POINT('',(16.82350691907,44.627477808487));
#90 = CARTESIAN_POINT('',(21.924687483726,44.627477808487));
#91 = CARTESIAN_POINT('',(19.374097201398,40.209725850204));
#92 = CARTESIAN_POINT('',(16.82350691907,35.79197389192));
#93 = CARTESIAN_POINT('',(14.272916636742,40.209725850204));
#94 = CARTESIAN_POINT('',(11.722326354414,44.627477808487));
#95 = CARTESIAN_POINT('',(16.82350691907,44.627477808487));
#96 = ( GEOMETRIC_REPRESENTATION_CONTEXT(2) 
PARAMETRIC_REPRESENTATION_CONTEXT() REPRESENTATION_CONTEXT('2D SPACE',''
  ) );
#97 = ORIENTED_EDGE('',*,*,#98,.F.);
#98 = EDGE_CURVE('',#99,#66,#101,.T.);
#99 = VERTEX_POINT('',#100);
#100 = CARTESIAN_POINT('',(-19.72418884714,460.5,69.989318130404));
#101 = SURFACE_CURVE('',#102,(#106,#113),.PCURVE_S1.);
#102 = LINE('',#103,#104);
#103 = CARTESIAN_POINT('',(-19.72418884714,460.5,69.989318130404));
#104 = VECTOR('',#105,1.);
#105 = DIRECTION('',(4.087939514284E-14,-1.,-7.908951930284E-14));
#106 = PCURVE('',#32,#107);
#107 = DEFINITIONAL_REPRESENTATION('',(#108),#112);
#108 = LINE('',#109,#110);
#109 = CARTESIAN_POINT('',(-1.396767498512,0.));
#110 = VECTOR('',#111,1.);
#111 = DIRECTION('',(-0.,-1.));
#112 = ( GEOMETRIC_REPRESENTATION_CONTEXT(2) 
PARAMETRIC_REPRESENTATION_CONTEXT() REPRESENTATION_CONTEXT('2D SPACE',''
  ) );
#113 = PCURVE('',#114,#131);
#114 = SURFACE_OF_LINEAR_EXTRUSION('',#115,#129);
#115 = B_SPLINE_CURVE_WITH_KNOTS('',3,(#116,#117,#118,#119,#120,#121,
    #122,#123,#124,#125,#126,#127,#128),.UNSPECIFIED.,.F.,.F.,(4,3,3,3,4
    ),(-4.580075456669,-4.575405853564,-2.290417634101,-0.644136741054,
    -0.49800549767),.UNSPECIFIED.);
#116 = CARTESIAN_POINT('',(-19.72418884714,460.5,69.989318130404));
#117 = CARTESIAN_POINT('',(-19.72713696737,460.5,69.974077914987));
#118 = CARTESIAN_POINT('',(-19.73008508761,460.5,69.958837699571));
#119 = CARTESIAN_POINT('',(-19.73303320784,460.5,69.943597484156));
#120 = CARTESIAN_POINT('',(-21.18290429414,460.5,62.448534209296));
#121 = CARTESIAN_POINT('',(-22.64125478429,460.5,55.197946992867));
#122 = CARTESIAN_POINT('',(-24.20608538728,460.5,47.727264864518));
#123 = CARTESIAN_POINT('',(-25.33349385253,460.5,42.344886569638));
#124 = CARTESIAN_POINT('',(-26.46568479466,460.5,37.088852646929));
#125 = CARTESIAN_POINT('',(-27.63212554977,460.5,31.782155697988));
#126 = CARTESIAN_POINT('',(-27.7352418824,460.5,31.313030176329));
#127 = CARTESIAN_POINT('',(-27.83835821502,460.5,30.84390465467));
#128 = CARTESIAN_POINT('',(-27.94147454765,460.5,30.37477913301));
#129 = VECTOR('',#130,1.);
#130 = DIRECTION('',(-4.087939514284E-14,1.,7.908951930284E-14));
#131 = DEFINITIONAL_REPRESENTATION('',(#132),#136);
#132 = LINE('',#133,#134);
#133 = CARTESIAN_POINT('',(-4.580075456669,0.));
#134 = VECTOR('',#135,1.);
#135 = DIRECTION('',(0.,-1.));
#136 = ( GEOMETRIC_REPRESENTATION_CONTEXT(2) 
PARAMETRIC_REPRESENTATION_CONTEXT() REPRESENTATION_CONTEXT('2D SPACE',''
  ) );
#137 = ORIENTED_EDGE('',*,*,#138,.F.);
#138 = EDGE_CURVE('',#22,#99,#139,.T.);
#139 = SURFACE_CURVE('',#140,(#145,#152),.PCURVE_S1.);
#140 = CIRCLE('',#141,2.945167972189);
#141 = AXIS2_PLACEMENT_3D('',#142,#143,#144);
#142 = CARTESIAN_POINT('',(-16.82350691907,460.5,69.479357197305));
#143 = DIRECTION('',(4.087939514284E-14,-1.,-7.908951930284E-14));
#144 = DIRECTION('',(0.,-7.908951930284E-14,1.));
#145 = PCURVE('',#32,#146);
#146 = DEFINITIONAL_REPRESENTATION('',(#147),#151);
#147 = LINE('',#148,#149);
#148 = CARTESIAN_POINT('',(-0.,0.));
#149 = VECTOR('',#150,1.);
#150 = DIRECTION('',(-1.,0.));
#151 = ( GEOMETRIC_REPRESENTATION_CONTEXT(2) 
PARAMETRIC_REPRESENTATION_CONTEXT() REPRESENTATION_CONTEXT('2D SPACE',''
  ) );
#152 = PCURVE('',#153,#158);
#153 = PLANE('',#154);
#154 = AXIS2_PLACEMENT_3D('',#155,#156,#157);
#155 = CARTESIAN_POINT('',(-1.016328948084E-13,460.5,27.797047361007));
#156 = DIRECTION('',(-4.087939514284E-14,1.,7.908951930284E-14));
#157 = DIRECTION('',(-1.,-4.087939514284E-14,-6.815915730474E-41));
#158 = DEFINITIONAL_REPRESENTATION('',(#159),#167);
#159 = ( BOUNDED_CURVE() B_SPLINE_CURVE(2,(#160,#161,#162,#163,#164,#165
,#166),.UNSPECIFIED.,.T.,.F.) B_SPLINE_CURVE_WITH_KNOTS((1,2,2,2,2,1),(
    -2.094395102393,0.,2.094395102393,4.188790204786,6.28318530718,
8.377580409573),.UNSPECIFIED.) CURVE() GEOMETRIC_REPRESENTATION_ITEM() 
RATIONAL_B_SPLINE_CURVE((1.,0.5,1.,0.5,1.,0.5,1.)) REPRESENTATION_ITEM(
  '') );
#160 = CARTESIAN_POINT('',(16.82350691907,44.627477808487));
#161 = CARTESIAN_POINT('',(21.924687483726,44.627477808487));
#162 = CARTESIAN_POINT('',(19.374097201398,40.209725850204));
#163 = CARTESIAN_POINT('',(16.82350691907,35.79197389192));
#164 = CARTESIAN_POINT('',(14.272916636742,40.209725850204));
#165 = CARTESIAN_POINT('',(11.722326354414,44.627477808487));
#166 = CARTESIAN_POINT('',(16.82350691907,44.627477808487));
#167 = ( GEOMETRIC_REPRESENTATION_CONTEXT(2) 
PARAMETRIC_REPRESENTATION_CONTEXT() REPRESENTATION_CONTEXT('2D SPACE',''
  ) );
#168 = ADVANCED_FACE('',(#169),#114,.T.);
#169 = FACE_BOUND('',#170,.T.);
#170 = EDGE_LOOP('',(#171,#172,#215,#243));
#171 = ORIENTED_EDGE('',*,*,#98,.T.);
#172 = ORIENTED_EDGE('',*,*,#173,.T.);
#173 = EDGE_CURVE('',#66,#174,#176,.T.);
#174 = VERTEX_POINT('',#175);
#175 = CARTESIAN_POINT('',(-27.94147454765,458.,30.37477913301));
#176 = SURFACE_CURVE('',#177,(#191,#198),.PCURVE_S1.);
#177 = B_SPLINE_CURVE_WITH_KNOTS('',3,(#178,#179,#180,#181,#182,#183,
    #184,#185,#186,#187,#188,#189,#190),.UNSPECIFIED.,.F.,.F.,(4,3,3,3,4
    ),(-4.580075456669,-4.575405853564,-2.290417634101,-0.644136741054,
    -0.49800549767),.UNSPECIFIED.);
#178 = CARTESIAN_POINT('',(-19.72418884714,458.,69.989318130404));
#179 = CARTESIAN_POINT('',(-19.72713696737,458.,69.974077914987));
#180 = CARTESIAN_POINT('',(-19.73008508761,458.,69.958837699571));
#181 = CARTESIAN_POINT('',(-19.73303320784,458.,69.943597484156));
#182 = CARTESIAN_POINT('',(-21.18290429414,458.,62.448534209296));
#183 = CARTESIAN_POINT('',(-22.64125478429,458.,55.197946992867));
#184 = CARTESIAN_POINT('',(-24.20608538728,458.,47.727264864518));
#185 = CARTESIAN_POINT('',(-25.33349385253,458.,42.344886569638));
#186 = CARTESIAN_POINT('',(-26.46568479466,458.,37.088852646929));
#187 = CARTESIAN_POINT('',(-27.63212554977,458.,31.782155697988));
#188 = CARTESIAN_POINT('',(-27.7352418824,458.,31.313030176329));
#189 = CARTESIAN_POINT('',(-27.83835821502,458.,30.84390465467));
#190 = CARTESIAN_POINT('',(-27.94147454765,458.,30.37477913301));
#191 = PCURVE('',#114,#192);
#192 = DEFINITIONAL_REPRESENTATION('',(#193),#197);
#193 = LINE('',#194,#195);
#194 = CARTESIAN_POINT('',(0.,-2.5));
#195 = VECTOR('',#196,1.);
#196 = DIRECTION('',(1.,0.));
#197 = ( GEOMETRIC_REPRESENTATION_CONTEXT(2) 
PARAMETRIC_REPRESENTATION_CONTEXT() REPRESENTATION_CONTEXT('2D SPACE',''
  ) );
#198 = PCURVE('',#82,#199);
#199 = DEFINITIONAL_REPRESENTATION('',(#200),#214);
#200 = B_SPLINE_CURVE_WITH_KNOTS('',3,(#201,#202,#203,#204,#205,#206,
    #207,#208,#209,#210,#211,#212,#213),.UNSPECIFIED.,.F.,.F.,(4,3,3,3,4
    ),(-4.580075456669,-4.575405853564,-2.290417634101,-0.644136741054,
    -0.49800549767),.UNSPECIFIED.);
#201 = CARTESIAN_POINT('',(19.72418884714,42.192270769397));
#202 = CARTESIAN_POINT('',(19.72713696737,42.17703055398));
#203 = CARTESIAN_POINT('',(19.73008508761,42.161790338564));
#204 = CARTESIAN_POINT('',(19.73303320784,42.146550123149));
#205 = CARTESIAN_POINT('',(21.18290429414,34.651486848289));
#206 = CARTESIAN_POINT('',(22.64125478429,27.40089963186));
#207 = CARTESIAN_POINT('',(24.20608538728,19.930217503511));
#208 = CARTESIAN_POINT('',(25.33349385253,14.547839208631));
#209 = CARTESIAN_POINT('',(26.46568479466,9.291805285922));
#210 = CARTESIAN_POINT('',(27.63212554977,3.985108336981));
#211 = CARTESIAN_POINT('',(27.7352418824,3.515982815322));
#212 = CARTESIAN_POINT('',(27.83835821502,3.046857293663));
#213 = CARTESIAN_POINT('',(27.94147454765,2.577731772003));
#214 = ( GEOMETRIC_REPRESENTATION_CONTEXT(2) 
PARAMETRIC_REPRESENTATION_CONTEXT() REPRESENTATION_CONTEXT('2D SPACE',''
  ) );
#215 = ORIENTED_EDGE('',*,*,#216,.F.);
#216 = EDGE_CURVE('',#217,#174,#219,.T.);
#217 = VERTEX_POINT('',#218);
#218 = CARTESIAN_POINT('',(-27.94147454765,460.5,30.37477913301));
#219 = SURFACE_CURVE('',#220,(#224,#231),.PCURVE_S1.);
#220 = LINE('',#221,#222);
#221 = CARTESIAN_POINT('',(-27.94147454765,460.5,30.37477913301));
#222 = VECTOR('',#223,1.);
#223 = DIRECTION('',(4.087939514284E-14,-1.,-7.908951930284E-14));
#224 = PCURVE('',#114,#225);
#225 = DEFINITIONAL_REPRESENTATION('',(#226),#230);
#226 = LINE('',#227,#228);
#227 = CARTESIAN_POINT('',(-0.49800549767,0.));
#228 = VECTOR('',#229,1.);
#229 = DIRECTION('',(0.,-1.));
#230 = ( GEOMETRIC_REPRESENTATION_CONTEXT(2) 
PARAMETRIC_REPRESENTATION_CONTEXT() REPRESENTATION_CONTEXT('2D SPACE',''
  ) );
#231 = PCURVE('',#232,#237);
#232 = CYLINDRICAL_SURFACE('',#233,11.);
#233 = AXIS2_PLACEMENT_3D('',#234,#235,#236);
#234 = CARTESIAN_POINT('',(-34.9771327037,460.5,21.919040589797));
#235 = DIRECTION('',(-4.087939514284E-14,1.,7.908951930284E-14));
#236 = DIRECTION('',(0.639605286914,-3.464971335293E-14,0.768703503929)
  );
#237 = DEFINITIONAL_REPRESENTATION('',(#238),#242);
#238 = LINE('',#239,#240);
#239 = CARTESIAN_POINT('',(0.,0.));
#240 = VECTOR('',#241,1.);
#241 = DIRECTION('',(0.,-1.));
#242 = ( GEOMETRIC_REPRESENTATION_CONTEXT(2) 
PARAMETRIC_REPRESENTATION_CONTEXT() REPRESENTATION_CONTEXT('2D SPACE',''
  ) );
#243 = ORIENTED_EDGE('',*,*,#244,.F.);
#244 = EDGE_CURVE('',#99,#217,#245,.T.);
#245 = SURFACE_CURVE('',#246,(#260,#267),.PCURVE_S1.);
#246 = B_SPLINE_CURVE_WITH_KNOTS('',3,(#247,#248,#249,#250,#251,#252,
    #253,#254,#255,#256,#257,#258,#259),.UNSPECIFIED.,.F.,.F.,(4,3,3,3,4
    ),(-4.580075456669,-4.575405853564,-2.290417634101,-0.644136741054,
    -0.49800549767),.UNSPECIFIED.);
#247 = CARTESIAN_POINT('',(-19.72418884714,460.5,69.989318130404));
#248 = CARTESIAN_POINT('',(-19.72713696737,460.5,69.974077914987));
#249 = CARTESIAN_POINT('',(-19.73008508761,460.5,69.958837699571));
#250 = CARTESIAN_POINT('',(-19.73303320784,460.5,69.943597484156));
#251 = CARTESIAN_POINT('',(-21.18290429414,460.5,62.448534209296));
#252 = CARTESIAN_POINT('',(-22.64125478429,460.5,55.197946992867));
#253 = CARTESIAN_POINT('',(-24.20608538728,460.5,47.727264864518));
#254 = CARTESIAN_POINT('',(-25.33349385253,460.5,42.344886569638));
#255 = CARTESIAN_POINT('',(-26.46568479466,460.5,37.088852646929));
#256 = CARTESIAN_POINT('',(-27.63212554977,460.5,31.782155697988));
#257 = CARTESIAN_POINT('',(-27.7352418824,460.5,31.313030176329));
#258 = CARTESIAN_POINT('',(-27.83835821502,460.5,30.84390465467));
#259 = CARTESIAN_POINT('',(-27.94147454765,460.5,30.37477913301));
#260 = PCURVE('',#114,#261);
#261 = DEFINITIONAL_REPRESENTATION('',(#262),#266);
#262 = LINE('',#263,#264);
#263 = CARTESIAN_POINT('',(0.,0.));
#264 = VECTOR('',#265,1.);
#265 = DIRECTION('',(1.,0.));
#266 = ( GEOMETRIC_REPRESENTATION_CONTEXT(2) 
PARAMETRIC_REPRESENTATION_CONTEXT() REPRESENTATION_CONTEXT('2D SPACE',''
  ) );
#267 = PCURVE('',#153,#268);
#268 = DEFINITIONAL_REPRESENTATION('',(#269),#283);
#269 = B_SPLINE_CURVE_WITH_KNOTS('',3,(#270,#271,#272,#273,#274,#275,
    #276,#277,#278,#279,#280,#281,#282),.UNSPECIFIED.,.F.,.F.,(4,3,3,3,4
    ),(-4.580075456669,-4.575405853564,-2.290417634101,-0.644136741054,
    -0.49800549767),.UNSPECIFIED.);
#270 = CARTESIAN_POINT('',(19.72418884714,42.192270769397));
#271 = CARTESIAN_POINT('',(19.72713696737,42.17703055398));
#272 = CARTESIAN_POINT('',(19.73008508761,42.161790338564));
#273 = CARTESIAN_POINT('',(19.73303320784,42.146550123149));
#274 = CARTESIAN_POINT('',(21.18290429414,34.651486848289));
#275 = CARTESIAN_POINT('',(22.64125478429,27.40089963186));
#276 = CARTESIAN_POINT('',(24.20608538728,19.930217503511));
#277 = CARTESIAN_POINT('',(25.33349385253,14.547839208631));
#278 = CARTESIAN_POINT('',(26.46568479466,9.291805285922));
#279 = CARTESIAN_POINT('',(27.63212554977,3.985108336981));
#280 = CARTESIAN_POINT('',(27.7352418824,3.515982815322));
#281 = CARTESIAN_POINT('',(27.83835821502,3.046857293663));
#282 = CARTESIAN_POINT('',(27.94147454765,2.577731772003));
#283 = ( GEOMETRIC_REPRESENTATION_CONTEXT(2) 
PARAMETRIC_REPRESENTATION_CONTEXT() REPRESENTATION_CONTEXT('2D SPACE',''
  ) );
#284 = ADVANCED_FACE('',(#285),#232,.T.);
#285 = FACE_BOUND('',#286,.T.);
#286 = EDGE_LOOP('',(#287,#288,#312,#340));
#287 = ORIENTED_EDGE('',*,*,#216,.T.);
#288 = ORIENTED_EDGE('',*,*,#289,.T.);
#289 = EDGE_CURVE('',#174,#290,#292,.T.);
#290 = VERTEX_POINT('',#291);
#291 = CARTESIAN_POINT('',(-25.01567447367,458.,26.584804185557));
#292 = SURFACE_CURVE('',#293,(#298,#305),.PCURVE_S1.);
#293 = CIRCLE('',#294,11.);
#294 = AXIS2_PLACEMENT_3D('',#295,#296,#297);
#295 = CARTESIAN_POINT('',(-34.9771327037,458.,21.919040589797));
#296 = DIRECTION('',(-4.087939514284E-14,1.,7.908951930284E-14));
#297 = DIRECTION('',(0.639605286914,-3.464971335293E-14,0.768703503929)
  );
#298 = PCURVE('',#232,#299);
#299 = DEFINITIONAL_REPRESENTATION('',(#300),#304);
#300 = LINE('',#301,#302);
#301 = CARTESIAN_POINT('',(0.,-2.5));
#302 = VECTOR('',#303,1.);
#303 = DIRECTION('',(1.,0.));
#304 = ( GEOMETRIC_REPRESENTATION_CONTEXT(2) 
PARAMETRIC_REPRESENTATION_CONTEXT() REPRESENTATION_CONTEXT('2D SPACE',''
  ) );
#305 = PCURVE('',#82,#306);
#306 = DEFINITIONAL_REPRESENTATION('',(#307),#311);
#307 = CIRCLE('',#308,11.);
#308 = AXIS2_PLACEMENT_2D('',#309,#310);
#309 = CARTESIAN_POINT('',(34.9771327037,-5.87800677121));
#310 = DIRECTION('',(-0.639605286914,0.768703503929));
#311 = ( GEOMETRIC_REPRESENTATION_CONTEXT(2) 
PARAMETRIC_REPRESENTATION_CONTEXT() REPRESENTATION_CONTEXT('2D SPACE',''
  ) );
#312 = ORIENTED_EDGE('',*,*,#313,.F.);
#313 = EDGE_CURVE('',#314,#290,#316,.T.);
#314 = VERTEX_POINT('',#315);
#315 = CARTESIAN_POINT('',(-25.01567447367,460.5,26.584804185557));
#316 = SURFACE_CURVE('',#317,(#321,#328),.PCURVE_S1.);
#317 = LINE('',#318,#319);
#318 = CARTESIAN_POINT('',(-25.01567447367,460.5,26.584804185557));
#319 = VECTOR('',#320,1.);
#320 = DIRECTION('',(4.087939514284E-14,-1.,-7.908951930284E-14));
#321 = PCURVE('',#232,#322);
#322 = DEFINITIONAL_REPRESENTATION('',(#323),#327);
#323 = LINE('',#324,#325);
#324 = CARTESIAN_POINT('',(0.438777179924,0.));
#325 = VECTOR('',#326,1.);
#326 = DIRECTION('',(0.,-1.));
#327 = ( GEOMETRIC_REPRESENTATION_CONTEXT(2) 
PARAMETRIC_REPRESENTATION_CONTEXT() REPRESENTATION_CONTEXT('2D SPACE',''
  ) );
#328 = PCURVE('',#329,#334);
#329 = PLANE('',#330);
#330 = AXIS2_PLACEMENT_3D('',#331,#332,#333);
#331 = CARTESIAN_POINT('',(-25.01567447366,460.49999999999,
    26.584804185558));
#332 = DIRECTION('',(0.552569093032,-4.332982155202E-14,0.833467094387)
  );
#333 = DIRECTION('',(0.833467094387,7.777405463949E-14,-0.552569093032)
  );
#334 = DEFINITIONAL_REPRESENTATION('',(#335),#339);
#335 = LINE('',#336,#337);
#336 = CARTESIAN_POINT('',(-1.455958136849E-38,8.063816000015E-13));
#337 = VECTOR('',#338,1.);
#338 = DIRECTION('',(1.80554483987E-26,-1.));
#339 = ( GEOMETRIC_REPRESENTATION_CONTEXT(2) 
PARAMETRIC_REPRESENTATION_CONTEXT() REPRESENTATION_CONTEXT('2D SPACE',''
  ) );
#340 = ORIENTED_EDGE('',*,*,#341,.F.);
#341 = EDGE_CURVE('',#217,#314,#342,.T.);
#342 = SURFACE_CURVE('',#343,(#348,#355),.PCURVE_S1.);
#343 = CIRCLE('',#344,11.);
#344 = AXIS2_PLACEMENT_3D('',#345,#346,#347);
#345 = CARTESIAN_POINT('',(-34.9771327037,460.5,21.919040589797));
#346 = DIRECTION('',(-4.087939514284E-14,1.,7.908951930284E-14));
#347 = DIRECTION('',(0.639605286914,-3.464971335293E-14,0.768703503929)
  );
#348 = PCURVE('',#232,#349);
#349 = DEFINITIONAL_REPRESENTATION('',(#350),#354);
#350 = LINE('',#351,#352);
#351 = CARTESIAN_POINT('',(0.,0.));
#352 = VECTOR('',#353,1.);
#353 = DIRECTION('',(1.,0.));
#354 = ( GEOMETRIC_REPRESENTATION_CONTEXT(2) 
PARAMETRIC_REPRESENTATION_CONTEXT() REPRESENTATION_CONTEXT('2D SPACE',''
  ) );
#355 = PCURVE('',#153,#356);
#356 = DEFINITIONAL_REPRESENTATION('',(#357),#361);
#357 = CIRCLE('',#358,11.);
#358 = AXIS2_PLACEMENT_2D('',#359,#360);
#359 = CARTESIAN_POINT('',(34.9771327037,-5.87800677121));
#360 = DIRECTION('',(-0.639605286914,0.768703503929));
#361 = ( GEOMETRIC_REPRESENTATION_CONTEXT(2) 
PARAMETRIC_REPRESENTATION_CONTEXT() REPRESENTATION_CONTEXT('2D SPACE',''
  ) );
#362 = ADVANCED_FACE('',(#363),#329,.T.);
#363 = FACE_BOUND('',#364,.T.);
#364 = EDGE_LOOP('',(#365,#366,#389,#417));
#365 = ORIENTED_EDGE('',*,*,#313,.T.);
#366 = ORIENTED_EDGE('',*,*,#367,.T.);
#367 = EDGE_CURVE('',#290,#368,#370,.T.);
#368 = VERTEX_POINT('',#369);
#369 = CARTESIAN_POINT('',(-6.907109451106,458.,14.579251215304));
#370 = SURFACE_CURVE('',#371,(#375,#382),.PCURVE_S1.);
#371 = LINE('',#372,#373);
#372 = CARTESIAN_POINT('',(-16.60603591272,458.,21.00941148722));
#373 = VECTOR('',#374,1.);
#374 = DIRECTION('',(0.833467094387,7.777405463949E-14,-0.552569093032)
  );
#375 = PCURVE('',#329,#376);
#376 = DEFINITIONAL_REPRESENTATION('',(#377),#381);
#377 = LINE('',#378,#379);
#378 = CARTESIAN_POINT('',(10.089946702857,-2.5));
#379 = VECTOR('',#380,1.);
#380 = DIRECTION('',(1.,-2.869859254937E-42));
#381 = ( GEOMETRIC_REPRESENTATION_CONTEXT(2) 
PARAMETRIC_REPRESENTATION_CONTEXT() REPRESENTATION_CONTEXT('2D SPACE',''
  ) );
#382 = PCURVE('',#82,#383);
#383 = DEFINITIONAL_REPRESENTATION('',(#384),#388);
#384 = LINE('',#385,#386);
#385 = CARTESIAN_POINT('',(16.60603591272,-6.787635873787));
#386 = VECTOR('',#387,1.);
#387 = DIRECTION('',(-0.833467094387,-0.552569093032));
#388 = ( GEOMETRIC_REPRESENTATION_CONTEXT(2) 
PARAMETRIC_REPRESENTATION_CONTEXT() REPRESENTATION_CONTEXT('2D SPACE',''
  ) );
#389 = ORIENTED_EDGE('',*,*,#390,.F.);
#390 = EDGE_CURVE('',#391,#368,#393,.T.);
#391 = VERTEX_POINT('',#392);
#392 = CARTESIAN_POINT('',(-6.907109451106,460.5,14.579251215304));
#393 = SURFACE_CURVE('',#394,(#398,#405),.PCURVE_S1.);
#394 = LINE('',#395,#396);
#395 = CARTESIAN_POINT('',(-6.907109451106,460.5,14.579251215304));
#396 = VECTOR('',#397,1.);
#397 = DIRECTION('',(4.087939514284E-14,-1.,-7.908951930284E-14));
#398 = PCURVE('',#329,#399);
#399 = DEFINITIONAL_REPRESENTATION('',(#400),#404);
#400 = LINE('',#401,#402);
#401 = CARTESIAN_POINT('',(21.726790588994,-8.989209999948E-13));
#402 = VECTOR('',#403,1.);
#403 = DIRECTION('',(1.80554483987E-26,-1.));
#404 = ( GEOMETRIC_REPRESENTATION_CONTEXT(2) 
PARAMETRIC_REPRESENTATION_CONTEXT() REPRESENTATION_CONTEXT('2D SPACE',''
  ) );
#405 = PCURVE('',#406,#411);
#406 = CYLINDRICAL_SURFACE('',#407,12.5);
#407 = AXIS2_PLACEMENT_3D('',#408,#409,#410);
#408 = CARTESIAN_POINT('',(4.211789897798E-06,460.5,24.997589895143));
#409 = DIRECTION('',(-4.087939514284E-14,1.,7.908951930284E-14));
#410 = DIRECTION('',(-2.808323716948E-07,7.908950782258E-14,-1.));
#411 = DEFINITIONAL_REPRESENTATION('',(#412),#416);
#412 = LINE('',#413,#414);
#413 = CARTESIAN_POINT('',(6.868628542797,0.));
#414 = VECTOR('',#415,1.);
#415 = DIRECTION('',(0.,-1.));
#416 = ( GEOMETRIC_REPRESENTATION_CONTEXT(2) 
PARAMETRIC_REPRESENTATION_CONTEXT() REPRESENTATION_CONTEXT('2D SPACE',''
  ) );
#417 = ORIENTED_EDGE('',*,*,#418,.F.);
#418 = EDGE_CURVE('',#314,#391,#419,.T.);
#419 = SURFACE_CURVE('',#420,(#424,#431),.PCURVE_S1.);
#420 = LINE('',#421,#422);
#421 = CARTESIAN_POINT('',(-16.60603591272,460.5,21.00941148722));
#422 = VECTOR('',#423,1.);
#423 = DIRECTION('',(0.833467094387,7.777405463949E-14,-0.552569093032)
  );
#424 = PCURVE('',#329,#425);
#425 = DEFINITIONAL_REPRESENTATION('',(#426),#430);
#426 = LINE('',#427,#428);
#427 = CARTESIAN_POINT('',(10.089946702857,1.821785120391E-25));
#428 = VECTOR('',#429,1.);
#429 = DIRECTION('',(1.,-2.869859254937E-42));
#430 = ( GEOMETRIC_REPRESENTATION_CONTEXT(2) 
PARAMETRIC_REPRESENTATION_CONTEXT() REPRESENTATION_CONTEXT('2D SPACE',''
  ) );
#431 = PCURVE('',#153,#432);
#432 = DEFINITIONAL_REPRESENTATION('',(#433),#437);
#433 = LINE('',#434,#435);
#434 = CARTESIAN_POINT('',(16.60603591272,-6.787635873787));
#435 = VECTOR('',#436,1.);
#436 = DIRECTION('',(-0.833467094387,-0.552569093032));
#437 = ( GEOMETRIC_REPRESENTATION_CONTEXT(2) 
PARAMETRIC_REPRESENTATION_CONTEXT() REPRESENTATION_CONTEXT('2D SPACE',''
  ) );
#438 = ADVANCED_FACE('',(#439),#406,.F.);
#439 = FACE_BOUND('',#440,.F.);
#440 = EDGE_LOOP('',(#441,#471,#493,#494));
#441 = ORIENTED_EDGE('',*,*,#442,.T.);
#442 = EDGE_CURVE('',#443,#445,#447,.T.);
#443 = VERTEX_POINT('',#444);
#444 = CARTESIAN_POINT('',(6.907112023071,460.5,14.579247335823));
#445 = VERTEX_POINT('',#446);
#446 = CARTESIAN_POINT('',(6.907112023071,458.,14.579247335823));
#447 = SURFACE_CURVE('',#448,(#452,#459),.PCURVE_S1.);
#448 = LINE('',#449,#450);
#449 = CARTESIAN_POINT('',(6.907112023071,460.5,14.579247335823));
#450 = VECTOR('',#451,1.);
#451 = DIRECTION('',(4.087939514284E-14,-1.,-7.908951930284E-14));
#452 = PCURVE('',#406,#453);
#453 = DEFINITIONAL_REPRESENTATION('',(#454),#458);
#454 = LINE('',#455,#456);
#455 = CARTESIAN_POINT('',(5.697742071562,0.));
#456 = VECTOR('',#457,1.);
#457 = DIRECTION('',(0.,-1.));
#458 = ( GEOMETRIC_REPRESENTATION_CONTEXT(2) 
PARAMETRIC_REPRESENTATION_CONTEXT() REPRESENTATION_CONTEXT('2D SPACE',''
  ) );
#459 = PCURVE('',#460,#465);
#460 = PLANE('',#461);
#461 = AXIS2_PLACEMENT_3D('',#462,#463,#464);
#462 = CARTESIAN_POINT('',(6.907112023072,460.5,14.579247335822));
#463 = DIRECTION('',(-0.552568624902,-8.850720755685E-14,0.833467404746)
  );
#464 = DIRECTION('',(0.833467404746,-9.6307435481E-15,0.552568624902));
#465 = DEFINITIONAL_REPRESENTATION('',(#466),#470);
#466 = LINE('',#467,#468);
#467 = CARTESIAN_POINT('',(3.202362343339E-15,1.057369999102E-14));
#468 = VECTOR('',#469,1.);
#469 = DIRECTION('',(5.960001911126E-26,-1.));
#470 = ( GEOMETRIC_REPRESENTATION_CONTEXT(2) 
PARAMETRIC_REPRESENTATION_CONTEXT() REPRESENTATION_CONTEXT('2D SPACE',''
  ) );
#471 = ORIENTED_EDGE('',*,*,#472,.T.);
#472 = EDGE_CURVE('',#445,#368,#473,.T.);
#473 = SURFACE_CURVE('',#474,(#479,#486),.PCURVE_S1.);
#474 = CIRCLE('',#475,12.5);
#475 = AXIS2_PLACEMENT_3D('',#476,#477,#478);
#476 = CARTESIAN_POINT('',(4.211789999997E-06,458.,24.997589895143));
#477 = DIRECTION('',(-4.087939514284E-14,1.,7.908951930284E-14));
#478 = DIRECTION('',(-2.808323716948E-07,7.908950782258E-14,-1.));
#479 = PCURVE('',#406,#480);
#480 = DEFINITIONAL_REPRESENTATION('',(#481),#485);
#481 = LINE('',#482,#483);
#482 = CARTESIAN_POINT('',(0.,-2.5));
#483 = VECTOR('',#484,1.);
#484 = DIRECTION('',(1.,0.));
#485 = ( GEOMETRIC_REPRESENTATION_CONTEXT(2) 
PARAMETRIC_REPRESENTATION_CONTEXT() REPRESENTATION_CONTEXT('2D SPACE',''
  ) );
#486 = PCURVE('',#82,#487);
#487 = DEFINITIONAL_REPRESENTATION('',(#488),#492);
#488 = CIRCLE('',#489,12.5);
#489 = AXIS2_PLACEMENT_2D('',#490,#491);
#490 = CARTESIAN_POINT('',(-4.211789999431E-06,-2.799457465864));
#491 = DIRECTION('',(2.808323716948E-07,-1.));
#492 = ( GEOMETRIC_REPRESENTATION_CONTEXT(2) 
PARAMETRIC_REPRESENTATION_CONTEXT() REPRESENTATION_CONTEXT('2D SPACE',''
  ) );
#493 = ORIENTED_EDGE('',*,*,#390,.F.);
#494 = ORIENTED_EDGE('',*,*,#495,.F.);
#495 = EDGE_CURVE('',#443,#391,#496,.T.);
#496 = SURFACE_CURVE('',#497,(#502,#509),.PCURVE_S1.);
#497 = CIRCLE('',#498,12.5);
#498 = AXIS2_PLACEMENT_3D('',#499,#500,#501);
#499 = CARTESIAN_POINT('',(4.211789897798E-06,460.5,24.997589895143));
#500 = DIRECTION('',(-4.087939514284E-14,1.,7.908951930284E-14));
#501 = DIRECTION('',(-2.808323716948E-07,7.908950782258E-14,-1.));
#502 = PCURVE('',#406,#503);
#503 = DEFINITIONAL_REPRESENTATION('',(#504),#508);
#504 = LINE('',#505,#506);
#505 = CARTESIAN_POINT('',(0.,0.));
#506 = VECTOR('',#507,1.);
#507 = DIRECTION('',(1.,0.));
#508 = ( GEOMETRIC_REPRESENTATION_CONTEXT(2) 
PARAMETRIC_REPRESENTATION_CONTEXT() REPRESENTATION_CONTEXT('2D SPACE',''
  ) );
#509 = PCURVE('',#153,#510);
#510 = DEFINITIONAL_REPRESENTATION('',(#511),#515);
#511 = CIRCLE('',#512,12.5);
#512 = AXIS2_PLACEMENT_2D('',#513,#514);
#513 = CARTESIAN_POINT('',(-4.211789999431E-06,-2.799457465864));
#514 = DIRECTION('',(2.808323716948E-07,-1.));
#515 = ( GEOMETRIC_REPRESENTATION_CONTEXT(2) 
PARAMETRIC_REPRESENTATION_CONTEXT() REPRESENTATION_CONTEXT('2D SPACE',''
  ) );
#516 = ADVANCED_FACE('',(#517),#460,.T.);
#517 = FACE_BOUND('',#518,.T.);
#518 = EDGE_LOOP('',(#519,#520,#543,#571));
#519 = ORIENTED_EDGE('',*,*,#442,.T.);
#520 = ORIENTED_EDGE('',*,*,#521,.T.);
#521 = EDGE_CURVE('',#445,#522,#524,.T.);
#522 = VERTEX_POINT('',#523);
#523 = CARTESIAN_POINT('',(25.015723430412,458.,26.584816416598));
#524 = SURFACE_CURVE('',#525,(#529,#536),.PCURVE_S1.);
#525 = LINE('',#526,#527);
#526 = CARTESIAN_POINT('',(4.098196729977,458.,12.717004790842));
#527 = VECTOR('',#528,1.);
#528 = DIRECTION('',(0.833467404746,-9.6307435481E-15,0.552568624902));
#529 = PCURVE('',#460,#530);
#530 = DEFINITIONAL_REPRESENTATION('',(#531),#535);
#531 = LINE('',#532,#533);
#532 = CARTESIAN_POINT('',(-3.3701561418,-2.5));
#533 = VECTOR('',#534,1.);
#534 = DIRECTION('',(1.,0.));
#535 = ( GEOMETRIC_REPRESENTATION_CONTEXT(2) 
PARAMETRIC_REPRESENTATION_CONTEXT() REPRESENTATION_CONTEXT('2D SPACE',''
  ) );
#536 = PCURVE('',#82,#537);
#537 = DEFINITIONAL_REPRESENTATION('',(#538),#542);
#538 = LINE('',#539,#540);
#539 = CARTESIAN_POINT('',(-4.098196729977,-15.08004257016));
#540 = VECTOR('',#541,1.);
#541 = DIRECTION('',(-0.833467404746,0.552568624902));
#542 = ( GEOMETRIC_REPRESENTATION_CONTEXT(2) 
PARAMETRIC_REPRESENTATION_CONTEXT() REPRESENTATION_CONTEXT('2D SPACE',''
  ) );
#543 = ORIENTED_EDGE('',*,*,#544,.F.);
#544 = EDGE_CURVE('',#545,#522,#547,.T.);
#545 = VERTEX_POINT('',#546);
#546 = CARTESIAN_POINT('',(25.015723430412,460.5,26.584816416598));
#547 = SURFACE_CURVE('',#548,(#552,#559),.PCURVE_S1.);
#548 = LINE('',#549,#550);
#549 = CARTESIAN_POINT('',(25.015723430412,460.5,26.584816416598));
#550 = VECTOR('',#551,1.);
#551 = DIRECTION('',(4.087939514284E-14,-1.,-7.908951930284E-14));
#552 = PCURVE('',#460,#553);
#553 = DEFINITIONAL_REPRESENTATION('',(#554),#558);
#554 = LINE('',#555,#556);
#555 = CARTESIAN_POINT('',(21.726838151359,2.379473999995E-13));
#556 = VECTOR('',#557,1.);
#557 = DIRECTION('',(5.960001911126E-26,-1.));
#558 = ( GEOMETRIC_REPRESENTATION_CONTEXT(2) 
PARAMETRIC_REPRESENTATION_CONTEXT() REPRESENTATION_CONTEXT('2D SPACE',''
  ) );
#559 = PCURVE('',#560,#565);
#560 = CYLINDRICAL_SURFACE('',#561,11.);
#561 = AXIS2_PLACEMENT_3D('',#562,#563,#564);
#562 = CARTESIAN_POINT('',(34.97717593163,460.5,21.919040589796));
#563 = DIRECTION('',(-4.087939514284E-14,1.,7.908951930284E-14));
#564 = DIRECTION('',(-0.869472879197,3.525169141616E-15,-0.493980680129)
  );
#565 = DEFINITIONAL_REPRESENTATION('',(#566),#570);
#566 = LINE('',#567,#568);
#567 = CARTESIAN_POINT('',(0.954697796156,0.));
#568 = VECTOR('',#569,1.);
#569 = DIRECTION('',(0.,-1.));
#570 = ( GEOMETRIC_REPRESENTATION_CONTEXT(2) 
PARAMETRIC_REPRESENTATION_CONTEXT() REPRESENTATION_CONTEXT('2D SPACE',''
  ) );
#571 = ORIENTED_EDGE('',*,*,#572,.F.);
#572 = EDGE_CURVE('',#443,#545,#573,.T.);
#573 = SURFACE_CURVE('',#574,(#578,#585),.PCURVE_S1.);
#574 = LINE('',#575,#576);
#575 = CARTESIAN_POINT('',(4.098196729977,460.5,12.717004790842));
#576 = VECTOR('',#577,1.);
#577 = DIRECTION('',(0.833467404746,-9.6307435481E-15,0.552568624902));
#578 = PCURVE('',#460,#579);
#579 = DEFINITIONAL_REPRESENTATION('',(#580),#584);
#580 = LINE('',#581,#582);
#581 = CARTESIAN_POINT('',(-3.3701561418,-2.008613704592E-25));
#582 = VECTOR('',#583,1.);
#583 = DIRECTION('',(1.,0.));
#584 = ( GEOMETRIC_REPRESENTATION_CONTEXT(2) 
PARAMETRIC_REPRESENTATION_CONTEXT() REPRESENTATION_CONTEXT('2D SPACE',''
  ) );
#585 = PCURVE('',#153,#586);
#586 = DEFINITIONAL_REPRESENTATION('',(#587),#591);
#587 = LINE('',#588,#589);
#588 = CARTESIAN_POINT('',(-4.098196729977,-15.08004257016));
#589 = VECTOR('',#590,1.);
#590 = DIRECTION('',(-0.833467404746,0.552568624902));
#591 = ( GEOMETRIC_REPRESENTATION_CONTEXT(2) 
PARAMETRIC_REPRESENTATION_CONTEXT() REPRESENTATION_CONTEXT('2D SPACE',''
  ) );
#592 = ADVANCED_FACE('',(#593),#560,.T.);
#593 = FACE_BOUND('',#594,.T.);
#594 = EDGE_LOOP('',(#595,#596,#620,#660));
#595 = ORIENTED_EDGE('',*,*,#544,.T.);
#596 = ORIENTED_EDGE('',*,*,#597,.T.);
#597 = EDGE_CURVE('',#522,#598,#600,.T.);
#598 = VERTEX_POINT('',#599);
#599 = CARTESIAN_POINT('',(27.941517775579,458.,30.37477913301));
#600 = SURFACE_CURVE('',#601,(#606,#613),.PCURVE_S1.);
#601 = CIRCLE('',#602,11.);
#602 = AXIS2_PLACEMENT_3D('',#603,#604,#605);
#603 = CARTESIAN_POINT('',(34.97717593163,458.,21.919040589796));
#604 = DIRECTION('',(-4.087939514284E-14,1.,7.908951930284E-14));
#605 = DIRECTION('',(-0.869472879197,3.525169141616E-15,-0.493980680129)
  );
#606 = PCURVE('',#560,#607);
#607 = DEFINITIONAL_REPRESENTATION('',(#608),#612);
#608 = LINE('',#609,#610);
#609 = CARTESIAN_POINT('',(0.,-2.5));
#610 = VECTOR('',#611,1.);
#611 = DIRECTION('',(1.,0.));
#612 = ( GEOMETRIC_REPRESENTATION_CONTEXT(2) 
PARAMETRIC_REPRESENTATION_CONTEXT() REPRESENTATION_CONTEXT('2D SPACE',''
  ) );
#613 = PCURVE('',#82,#614);
#614 = DEFINITIONAL_REPRESENTATION('',(#615),#619);
#615 = CIRCLE('',#616,11.);
#616 = AXIS2_PLACEMENT_2D('',#617,#618);
#617 = CARTESIAN_POINT('',(-34.97717593163,-5.878006771211));
#618 = DIRECTION('',(0.869472879197,-0.493980680129));
#619 = ( GEOMETRIC_REPRESENTATION_CONTEXT(2) 
PARAMETRIC_REPRESENTATION_CONTEXT() REPRESENTATION_CONTEXT('2D SPACE',''
  ) );
#620 = ORIENTED_EDGE('',*,*,#621,.F.);
#621 = EDGE_CURVE('',#622,#598,#624,.T.);
#622 = VERTEX_POINT('',#623);
#623 = CARTESIAN_POINT('',(27.941517775579,460.5,30.37477913301));
#624 = SURFACE_CURVE('',#625,(#629,#636),.PCURVE_S1.);
#625 = LINE('',#626,#627);
#626 = CARTESIAN_POINT('',(27.941517775579,460.5,30.37477913301));
#627 = VECTOR('',#628,1.);
#628 = DIRECTION('',(4.087939514284E-14,-1.,-7.908951930284E-14));
#629 = PCURVE('',#560,#630);
#630 = DEFINITIONAL_REPRESENTATION('',(#631),#635);
#631 = LINE('',#632,#633);
#632 = CARTESIAN_POINT('',(1.393473748243,0.));
#633 = VECTOR('',#634,1.);
#634 = DIRECTION('',(0.,-1.));
#635 = ( GEOMETRIC_REPRESENTATION_CONTEXT(2) 
PARAMETRIC_REPRESENTATION_CONTEXT() REPRESENTATION_CONTEXT('2D SPACE',''
  ) );
#636 = PCURVE('',#637,#654);
#637 = SURFACE_OF_LINEAR_EXTRUSION('',#638,#652);
#638 = B_SPLINE_CURVE_WITH_KNOTS('',3,(#639,#640,#641,#642,#643,#644,
    #645,#646,#647,#648,#649,#650,#651),.UNSPECIFIED.,.F.,.F.,(4,3,3,3,4
    ),(-4.066241187597,-3.920509881182,-2.278734585806,0.,
    4.658512053978E-03),.UNSPECIFIED.);
#639 = CARTESIAN_POINT('',(27.941517775579,460.5,30.37477913301));
#640 = CARTESIAN_POINT('',(27.838401442954,460.5,30.843904654669));
#641 = CARTESIAN_POINT('',(27.735285110329,460.5,31.313030176328));
#642 = CARTESIAN_POINT('',(27.632168777704,460.5,31.782155697987));
#643 = CARTESIAN_POINT('',(26.465728022592,460.5,37.088852646929));
#644 = CARTESIAN_POINT('',(25.333537080466,460.5,42.344886569638));
#645 = CARTESIAN_POINT('',(24.206128615216,460.5,47.727264864518));
#646 = CARTESIAN_POINT('',(22.641298012227,460.5,55.197946992866));
#647 = CARTESIAN_POINT('',(21.182947522074,460.5,62.448534209294));
#648 = CARTESIAN_POINT('',(19.733076435773,460.5,69.943597484156));
#649 = CARTESIAN_POINT('',(19.730127246354,460.5,69.9588432267));
#650 = CARTESIAN_POINT('',(19.727178056935,460.5,69.974088969245));
#651 = CARTESIAN_POINT('',(19.724228867516,460.5,69.98933471179));
#652 = VECTOR('',#653,1.);
#653 = DIRECTION('',(-4.087939514284E-14,1.,7.908951930284E-14));
#654 = DEFINITIONAL_REPRESENTATION('',(#655),#659);
#655 = LINE('',#656,#657);
#656 = CARTESIAN_POINT('',(-4.066241187597,0.));
#657 = VECTOR('',#658,1.);
#658 = DIRECTION('',(0.,-1.));
#659 = ( GEOMETRIC_REPRESENTATION_CONTEXT(2) 
PARAMETRIC_REPRESENTATION_CONTEXT() REPRESENTATION_CONTEXT('2D SPACE',''
  ) );
#660 = ORIENTED_EDGE('',*,*,#661,.F.);
#661 = EDGE_CURVE('',#545,#622,#662,.T.);
#662 = SURFACE_CURVE('',#663,(#668,#675),.PCURVE_S1.);
#663 = CIRCLE('',#664,11.);
#664 = AXIS2_PLACEMENT_3D('',#665,#666,#667);
#665 = CARTESIAN_POINT('',(34.97717593163,460.5,21.919040589796));
#666 = DIRECTION('',(-4.087939514284E-14,1.,7.908951930284E-14));
#667 = DIRECTION('',(-0.869472879197,3.525169141616E-15,-0.493980680129)
  );
#668 = PCURVE('',#560,#669);
#669 = DEFINITIONAL_REPRESENTATION('',(#670),#674);
#670 = LINE('',#671,#672);
#671 = CARTESIAN_POINT('',(0.,0.));
#672 = VECTOR('',#673,1.);
#673 = DIRECTION('',(1.,0.));
#674 = ( GEOMETRIC_REPRESENTATION_CONTEXT(2) 
PARAMETRIC_REPRESENTATION_CONTEXT() REPRESENTATION_CONTEXT('2D SPACE',''
  ) );
#675 = PCURVE('',#153,#676);
#676 = DEFINITIONAL_REPRESENTATION('',(#677),#681);
#677 = CIRCLE('',#678,11.);
#678 = AXIS2_PLACEMENT_2D('',#679,#680);
#679 = CARTESIAN_POINT('',(-34.97717593163,-5.878006771211));
#680 = DIRECTION('',(0.869472879197,-0.493980680129));
#681 = ( GEOMETRIC_REPRESENTATION_CONTEXT(2) 
PARAMETRIC_REPRESENTATION_CONTEXT() REPRESENTATION_CONTEXT('2D SPACE',''
  ) );
#682 = ADVANCED_FACE('',(#683),#637,.T.);
#683 = FACE_BOUND('',#684,.T.);
#684 = EDGE_LOOP('',(#685,#686,#729,#757));
#685 = ORIENTED_EDGE('',*,*,#621,.T.);
#686 = ORIENTED_EDGE('',*,*,#687,.T.);
#687 = EDGE_CURVE('',#598,#688,#690,.T.);
#688 = VERTEX_POINT('',#689);
#689 = CARTESIAN_POINT('',(19.724228867516,458.,69.98933471179));
#690 = SURFACE_CURVE('',#691,(#705,#712),.PCURVE_S1.);
#691 = B_SPLINE_CURVE_WITH_KNOTS('',3,(#692,#693,#694,#695,#696,#697,
    #698,#699,#700,#701,#702,#703,#704),.UNSPECIFIED.,.F.,.F.,(4,3,3,3,4
    ),(-4.066241187597,-3.920509881182,-2.278734585806,0.,
    4.658512053978E-03),.UNSPECIFIED.);
#692 = CARTESIAN_POINT('',(27.941517775579,458.,30.37477913301));
#693 = CARTESIAN_POINT('',(27.838401442954,458.,30.843904654669));
#694 = CARTESIAN_POINT('',(27.735285110329,458.,31.313030176328));
#695 = CARTESIAN_POINT('',(27.632168777704,458.,31.782155697987));
#696 = CARTESIAN_POINT('',(26.465728022592,458.,37.088852646929));
#697 = CARTESIAN_POINT('',(25.333537080466,458.,42.344886569638));
#698 = CARTESIAN_POINT('',(24.206128615216,458.,47.727264864518));
#699 = CARTESIAN_POINT('',(22.641298012227,458.,55.197946992866));
#700 = CARTESIAN_POINT('',(21.182947522074,458.,62.448534209294));
#701 = CARTESIAN_POINT('',(19.733076435773,458.,69.943597484156));
#702 = CARTESIAN_POINT('',(19.730127246354,458.,69.9588432267));
#703 = CARTESIAN_POINT('',(19.727178056935,458.,69.974088969245));
#704 = CARTESIAN_POINT('',(19.724228867516,458.,69.98933471179));
#705 = PCURVE('',#637,#706);
#706 = DEFINITIONAL_REPRESENTATION('',(#707),#711);
#707 = LINE('',#708,#709);
#708 = CARTESIAN_POINT('',(0.,-2.5));
#709 = VECTOR('',#710,1.);
#710 = DIRECTION('',(1.,0.));
#711 = ( GEOMETRIC_REPRESENTATION_CONTEXT(2) 
PARAMETRIC_REPRESENTATION_CONTEXT() REPRESENTATION_CONTEXT('2D SPACE',''
  ) );
#712 = PCURVE('',#82,#713);
#713 = DEFINITIONAL_REPRESENTATION('',(#714),#728);
#714 = B_SPLINE_CURVE_WITH_KNOTS('',3,(#715,#716,#717,#718,#719,#720,
    #721,#722,#723,#724,#725,#726,#727),.UNSPECIFIED.,.F.,.F.,(4,3,3,3,4
    ),(-4.066241187597,-3.920509881182,-2.278734585806,0.,
    4.658512053978E-03),.UNSPECIFIED.);
#715 = CARTESIAN_POINT('',(-27.94151777557,2.577731772003));
#716 = CARTESIAN_POINT('',(-27.83840144295,3.046857293662));
#717 = CARTESIAN_POINT('',(-27.73528511032,3.515982815321));
#718 = CARTESIAN_POINT('',(-27.6321687777,3.98510833698));
#719 = CARTESIAN_POINT('',(-26.46572802259,9.291805285922));
#720 = CARTESIAN_POINT('',(-25.33353708046,14.547839208631));
#721 = CARTESIAN_POINT('',(-24.20612861521,19.930217503511));
#722 = CARTESIAN_POINT('',(-22.64129801222,27.400899631859));
#723 = CARTESIAN_POINT('',(-21.18294752207,34.651486848287));
#724 = CARTESIAN_POINT('',(-19.73307643577,42.146550123149));
#725 = CARTESIAN_POINT('',(-19.73012724635,42.161795865693));
#726 = CARTESIAN_POINT('',(-19.72717805693,42.177041608238));
#727 = CARTESIAN_POINT('',(-19.72422886751,42.192287350783));
#728 = ( GEOMETRIC_REPRESENTATION_CONTEXT(2) 
PARAMETRIC_REPRESENTATION_CONTEXT() REPRESENTATION_CONTEXT('2D SPACE',''
  ) );
#729 = ORIENTED_EDGE('',*,*,#730,.F.);
#730 = EDGE_CURVE('',#731,#688,#733,.T.);
#731 = VERTEX_POINT('',#732);
#732 = CARTESIAN_POINT('',(19.724228867516,460.5,69.98933471179));
#733 = SURFACE_CURVE('',#734,(#738,#745),.PCURVE_S1.);
#734 = LINE('',#735,#736);
#735 = CARTESIAN_POINT('',(19.724228867516,460.5,69.98933471179));
#736 = VECTOR('',#737,1.);
#737 = DIRECTION('',(4.087939514284E-14,-1.,-7.908951930284E-14));
#738 = PCURVE('',#637,#739);
#739 = DEFINITIONAL_REPRESENTATION('',(#740),#744);
#740 = LINE('',#741,#742);
#741 = CARTESIAN_POINT('',(4.658512053978E-03,0.));
#742 = VECTOR('',#743,1.);
#743 = DIRECTION('',(0.,-1.));
#744 = ( GEOMETRIC_REPRESENTATION_CONTEXT(2) 
PARAMETRIC_REPRESENTATION_CONTEXT() REPRESENTATION_CONTEXT('2D SPACE',''
  ) );
#745 = PCURVE('',#746,#751);
#746 = CYLINDRICAL_SURFACE('',#747,2.945167972189);
#747 = AXIS2_PLACEMENT_3D('',#748,#749,#750);
#748 = CARTESIAN_POINT('',(16.823549288264,460.5,69.479363406501));
#749 = DIRECTION('',(-4.087939514284E-14,1.,7.908951930284E-14));
#750 = DIRECTION('',(0.974144000267,2.195387962286E-14,0.225928012303));
#751 = DEFINITIONAL_REPRESENTATION('',(#752),#756);
#752 = LINE('',#753,#754);
#753 = CARTESIAN_POINT('',(-6.229322167155,0.));
#754 = VECTOR('',#755,1.);
#755 = DIRECTION('',(-0.,-1.));
#756 = ( GEOMETRIC_REPRESENTATION_CONTEXT(2) 
PARAMETRIC_REPRESENTATION_CONTEXT() REPRESENTATION_CONTEXT('2D SPACE',''
  ) );
#757 = ORIENTED_EDGE('',*,*,#758,.F.);
#758 = EDGE_CURVE('',#622,#731,#759,.T.);
#759 = SURFACE_CURVE('',#760,(#774,#781),.PCURVE_S1.);
#760 = B_SPLINE_CURVE_WITH_KNOTS('',3,(#761,#762,#763,#764,#765,#766,
    #767,#768,#769,#770,#771,#772,#773),.UNSPECIFIED.,.F.,.F.,(4,3,3,3,4
    ),(-4.066241187597,-3.920509881182,-2.278734585806,0.,
    4.658512053978E-03),.UNSPECIFIED.);
#761 = CARTESIAN_POINT('',(27.941517775579,460.5,30.37477913301));
#762 = CARTESIAN_POINT('',(27.838401442954,460.5,30.843904654669));
#763 = CARTESIAN_POINT('',(27.735285110329,460.5,31.313030176328));
#764 = CARTESIAN_POINT('',(27.632168777704,460.5,31.782155697987));
#765 = CARTESIAN_POINT('',(26.465728022592,460.5,37.088852646929));
#766 = CARTESIAN_POINT('',(25.333537080466,460.5,42.344886569638));
#767 = CARTESIAN_POINT('',(24.206128615216,460.5,47.727264864518));
#768 = CARTESIAN_POINT('',(22.641298012227,460.5,55.197946992866));
#769 = CARTESIAN_POINT('',(21.182947522074,460.5,62.448534209294));
#770 = CARTESIAN_POINT('',(19.733076435773,460.5,69.943597484156));
#771 = CARTESIAN_POINT('',(19.730127246354,460.5,69.9588432267));
#772 = CARTESIAN_POINT('',(19.727178056935,460.5,69.974088969245));
#773 = CARTESIAN_POINT('',(19.724228867516,460.5,69.98933471179));
#774 = PCURVE('',#637,#775);
#775 = DEFINITIONAL_REPRESENTATION('',(#776),#780);
#776 = LINE('',#777,#778);
#777 = CARTESIAN_POINT('',(0.,0.));
#778 = VECTOR('',#779,1.);
#779 = DIRECTION('',(1.,0.));
#780 = ( GEOMETRIC_REPRESENTATION_CONTEXT(2) 
PARAMETRIC_REPRESENTATION_CONTEXT() REPRESENTATION_CONTEXT('2D SPACE',''
  ) );
#781 = PCURVE('',#153,#782);
#782 = DEFINITIONAL_REPRESENTATION('',(#783),#797);
#783 = B_SPLINE_CURVE_WITH_KNOTS('',3,(#784,#785,#786,#787,#788,#789,
    #790,#791,#792,#793,#794,#795,#796),.UNSPECIFIED.,.F.,.F.,(4,3,3,3,4
    ),(-4.066241187597,-3.920509881182,-2.278734585806,0.,
    4.658512053978E-03),.UNSPECIFIED.);
#784 = CARTESIAN_POINT('',(-27.94151777557,2.577731772003));
#785 = CARTESIAN_POINT('',(-27.83840144295,3.046857293662));
#786 = CARTESIAN_POINT('',(-27.73528511032,3.515982815321));
#787 = CARTESIAN_POINT('',(-27.6321687777,3.98510833698));
#788 = CARTESIAN_POINT('',(-26.46572802259,9.291805285922));
#789 = CARTESIAN_POINT('',(-25.33353708046,14.547839208631));
#790 = CARTESIAN_POINT('',(-24.20612861521,19.930217503511));
#791 = CARTESIAN_POINT('',(-22.64129801222,27.400899631859));
#792 = CARTESIAN_POINT('',(-21.18294752207,34.651486848287));
#793 = CARTESIAN_POINT('',(-19.73307643577,42.146550123149));
#794 = CARTESIAN_POINT('',(-19.73012724635,42.161795865693));
#795 = CARTESIAN_POINT('',(-19.72717805693,42.177041608238));
#796 = CARTESIAN_POINT('',(-19.72422886751,42.192287350783));
#797 = ( GEOMETRIC_REPRESENTATION_CONTEXT(2) 
PARAMETRIC_REPRESENTATION_CONTEXT() REPRESENTATION_CONTEXT('2D SPACE',''
  ) );
#798 = ADVANCED_FACE('',(#799),#746,.F.);
#799 = FACE_BOUND('',#800,.T.);
#800 = EDGE_LOOP('',(#801,#802,#830,#867));
#801 = ORIENTED_EDGE('',*,*,#730,.T.);
#802 = ORIENTED_EDGE('',*,*,#803,.T.);
#803 = EDGE_CURVE('',#688,#804,#806,.T.);
#804 = VERTEX_POINT('',#805);
#805 = CARTESIAN_POINT('',(19.692566998152,458.,70.144759352355));
#806 = SURFACE_CURVE('',#807,(#812,#819),.PCURVE_S1.);
#807 = CIRCLE('',#808,2.945167972189);
#808 = AXIS2_PLACEMENT_3D('',#809,#810,#811);
#809 = CARTESIAN_POINT('',(16.823549288264,458.,69.479363406501));
#810 = DIRECTION('',(4.087939514284E-14,-1.,-7.908951930284E-14));
#811 = DIRECTION('',(0.974144000267,2.195387962286E-14,0.225928012303));
#812 = PCURVE('',#746,#813);
#813 = DEFINITIONAL_REPRESENTATION('',(#814),#818);
#814 = LINE('',#815,#816);
#815 = CARTESIAN_POINT('',(-0.,-2.5));
#816 = VECTOR('',#817,1.);
#817 = DIRECTION('',(-1.,0.));
#818 = ( GEOMETRIC_REPRESENTATION_CONTEXT(2) 
PARAMETRIC_REPRESENTATION_CONTEXT() REPRESENTATION_CONTEXT('2D SPACE',''
  ) );
#819 = PCURVE('',#82,#820);
#820 = DEFINITIONAL_REPRESENTATION('',(#821),#829);
#821 = ( BOUNDED_CURVE() B_SPLINE_CURVE(2,(#822,#823,#824,#825,#826,#827
,#828),.UNSPECIFIED.,.T.,.F.) B_SPLINE_CURVE_WITH_KNOTS((1,2,2,2,2,1),(
    -2.094395102393,0.,2.094395102393,4.188790204786,6.28318530718,
8.377580409573),.UNSPECIFIED.) CURVE() GEOMETRIC_REPRESENTATION_ITEM() 
RATIONAL_B_SPLINE_CURVE((1.,0.5,1.,0.5,1.,0.5,1.)) REPRESENTATION_ITEM(
  '') );
#822 = CARTESIAN_POINT('',(-19.69256699815,42.347711991349));
#823 = CARTESIAN_POINT('',(-18.54006741278,47.316996432689));
#824 = CARTESIAN_POINT('',(-14.81279064063,43.834260293236));
#825 = CARTESIAN_POINT('',(-11.08551386848,40.351524153783));
#826 = CARTESIAN_POINT('',(-15.965290226,38.864975851896));
#827 = CARTESIAN_POINT('',(-20.84506658352,37.37842755001));
#828 = CARTESIAN_POINT('',(-19.69256699815,42.347711991349));
#829 = ( GEOMETRIC_REPRESENTATION_CONTEXT(2) 
PARAMETRIC_REPRESENTATION_CONTEXT() REPRESENTATION_CONTEXT('2D SPACE',''
  ) );
#830 = ORIENTED_EDGE('',*,*,#831,.F.);
#831 = EDGE_CURVE('',#832,#804,#834,.T.);
#832 = VERTEX_POINT('',#833);
#833 = CARTESIAN_POINT('',(19.692566998152,460.5,70.144759352355));
#834 = SURFACE_CURVE('',#835,(#839,#846),.PCURVE_S1.);
#835 = LINE('',#836,#837);
#836 = CARTESIAN_POINT('',(19.692566998152,460.5,70.144759352355));
#837 = VECTOR('',#838,1.);
#838 = DIRECTION('',(4.087939514284E-14,-1.,-7.908951930284E-14));
#839 = PCURVE('',#746,#840);
#840 = DEFINITIONAL_REPRESENTATION('',(#841),#845);
#841 = LINE('',#842,#843);
#842 = CARTESIAN_POINT('',(-6.28318530718,0.));
#843 = VECTOR('',#844,1.);
#844 = DIRECTION('',(-0.,-1.));
#845 = ( GEOMETRIC_REPRESENTATION_CONTEXT(2) 
PARAMETRIC_REPRESENTATION_CONTEXT() REPRESENTATION_CONTEXT('2D SPACE',''
  ) );
#846 = PCURVE('',#847,#861);
#847 = SURFACE_OF_LINEAR_EXTRUSION('',#848,#859);
#848 = B_SPLINE_CURVE_WITH_KNOTS('',3,(#849,#850,#851,#852,#853,#854,
    #855,#856,#857,#858),.UNSPECIFIED.,.F.,.F.,(4,3,3,4),(
    -3.428456560836,-3.428271410666,-3.067905562159,-2.871245123136),
  .UNSPECIFIED.);
#849 = CARTESIAN_POINT('',(19.692566998152,460.5,70.144759352355));
#850 = CARTESIAN_POINT('',(19.692471141172,460.5,70.145174081608));
#851 = CARTESIAN_POINT('',(19.692375284193,460.5,70.145588810856));
#852 = CARTESIAN_POINT('',(19.692279427214,460.5,70.146003540104));
#853 = CARTESIAN_POINT('',(19.642046153726,460.5,70.363339909399));
#854 = CARTESIAN_POINT('',(19.568908765716,460.5,70.638364443606));
#855 = CARTESIAN_POINT('',(19.291860215091,460.5,71.140580587172));
#856 = CARTESIAN_POINT('',(19.142122724478,460.5,71.412015268614));
#857 = CARTESIAN_POINT('',(18.964534751824,460.5,71.679731064831));
#858 = CARTESIAN_POINT('',(18.769622318774,460.5,71.934693018257));
#859 = VECTOR('',#860,1.);
#860 = DIRECTION('',(-4.087939514284E-14,1.,7.908951930284E-14));
#861 = DEFINITIONAL_REPRESENTATION('',(#862),#866);
#862 = LINE('',#863,#864);
#863 = CARTESIAN_POINT('',(-3.428456560836,0.));
#864 = VECTOR('',#865,1.);
#865 = DIRECTION('',(0.,-1.));
#866 = ( GEOMETRIC_REPRESENTATION_CONTEXT(2) 
PARAMETRIC_REPRESENTATION_CONTEXT() REPRESENTATION_CONTEXT('2D SPACE',''
  ) );
#867 = ORIENTED_EDGE('',*,*,#868,.F.);
#868 = EDGE_CURVE('',#731,#832,#869,.T.);
#869 = SURFACE_CURVE('',#870,(#875,#882),.PCURVE_S1.);
#870 = CIRCLE('',#871,2.945167972189);
#871 = AXIS2_PLACEMENT_3D('',#872,#873,#874);
#872 = CARTESIAN_POINT('',(16.823549288264,460.5,69.479363406501));
#873 = DIRECTION('',(4.087939514284E-14,-1.,-7.908951930284E-14));
#874 = DIRECTION('',(0.974144000267,2.195387962286E-14,0.225928012303));
#875 = PCURVE('',#746,#876);
#876 = DEFINITIONAL_REPRESENTATION('',(#877),#881);
#877 = LINE('',#878,#879);
#878 = CARTESIAN_POINT('',(-0.,0.));
#879 = VECTOR('',#880,1.);
#880 = DIRECTION('',(-1.,0.));
#881 = ( GEOMETRIC_REPRESENTATION_CONTEXT(2) 
PARAMETRIC_REPRESENTATION_CONTEXT() REPRESENTATION_CONTEXT('2D SPACE',''
  ) );
#882 = PCURVE('',#153,#883);
#883 = DEFINITIONAL_REPRESENTATION('',(#884),#892);
#884 = ( BOUNDED_CURVE() B_SPLINE_CURVE(2,(#885,#886,#887,#888,#889,#890
,#891),.UNSPECIFIED.,.T.,.F.) B_SPLINE_CURVE_WITH_KNOTS((1,2,2,2,2,1),(
    -2.094395102393,0.,2.094395102393,4.188790204786,6.28318530718,
8.377580409573),.UNSPECIFIED.) CURVE() GEOMETRIC_REPRESENTATION_ITEM() 
RATIONAL_B_SPLINE_CURVE((1.,0.5,1.,0.5,1.,0.5,1.)) REPRESENTATION_ITEM(
  '') );
#885 = CARTESIAN_POINT('',(-19.69256699815,42.347711991349));
#886 = CARTESIAN_POINT('',(-18.54006741278,47.316996432689));
#887 = CARTESIAN_POINT('',(-14.81279064063,43.834260293236));
#888 = CARTESIAN_POINT('',(-11.08551386848,40.351524153783));
#889 = CARTESIAN_POINT('',(-15.965290226,38.864975851896));
#890 = CARTESIAN_POINT('',(-20.84506658352,37.37842755001));
#891 = CARTESIAN_POINT('',(-19.69256699815,42.347711991349));
#892 = ( GEOMETRIC_REPRESENTATION_CONTEXT(2) 
PARAMETRIC_REPRESENTATION_CONTEXT() REPRESENTATION_CONTEXT('2D SPACE',''
  ) );
#893 = ADVANCED_FACE('',(#894),#847,.T.);
#894 = FACE_BOUND('',#895,.T.);
#895 = EDGE_LOOP('',(#896,#897,#934,#971));
#896 = ORIENTED_EDGE('',*,*,#831,.T.);
#897 = ORIENTED_EDGE('',*,*,#898,.T.);
#898 = EDGE_CURVE('',#804,#899,#901,.T.);
#899 = VERTEX_POINT('',#900);
#900 = CARTESIAN_POINT('',(18.769622318774,458.,71.934693018257));
#901 = SURFACE_CURVE('',#902,(#913,#920),.PCURVE_S1.);
#902 = B_SPLINE_CURVE_WITH_KNOTS('',3,(#903,#904,#905,#906,#907,#908,
    #909,#910,#911,#912),.UNSPECIFIED.,.F.,.F.,(4,3,3,4),(
    -3.428456560836,-3.428271410666,-3.067905562159,-2.871245123136),
  .UNSPECIFIED.);
#903 = CARTESIAN_POINT('',(19.692566998152,458.,70.144759352355));
#904 = CARTESIAN_POINT('',(19.692471141172,458.,70.145174081608));
#905 = CARTESIAN_POINT('',(19.692375284193,458.,70.145588810856));
#906 = CARTESIAN_POINT('',(19.692279427214,458.,70.146003540104));
#907 = CARTESIAN_POINT('',(19.642046153726,458.,70.363339909399));
#908 = CARTESIAN_POINT('',(19.568908765716,458.,70.638364443606));
#909 = CARTESIAN_POINT('',(19.291860215091,458.,71.140580587172));
#910 = CARTESIAN_POINT('',(19.142122724478,458.,71.412015268614));
#911 = CARTESIAN_POINT('',(18.964534751824,458.,71.679731064831));
#912 = CARTESIAN_POINT('',(18.769622318774,458.,71.934693018257));
#913 = PCURVE('',#847,#914);
#914 = DEFINITIONAL_REPRESENTATION('',(#915),#919);
#915 = LINE('',#916,#917);
#916 = CARTESIAN_POINT('',(0.,-2.5));
#917 = VECTOR('',#918,1.);
#918 = DIRECTION('',(1.,0.));
#919 = ( GEOMETRIC_REPRESENTATION_CONTEXT(2) 
PARAMETRIC_REPRESENTATION_CONTEXT() REPRESENTATION_CONTEXT('2D SPACE',''
  ) );
#920 = PCURVE('',#82,#921);
#921 = DEFINITIONAL_REPRESENTATION('',(#922),#933);
#922 = B_SPLINE_CURVE_WITH_KNOTS('',3,(#923,#924,#925,#926,#927,#928,
    #929,#930,#931,#932),.UNSPECIFIED.,.F.,.F.,(4,3,3,4),(
    -3.428456560836,-3.428271410666,-3.067905562159,-2.871245123136),
  .UNSPECIFIED.);
#923 = CARTESIAN_POINT('',(-19.69256699815,42.347711991348));
#924 = CARTESIAN_POINT('',(-19.69247114117,42.348126720601));
#925 = CARTESIAN_POINT('',(-19.69237528419,42.348541449849));
#926 = CARTESIAN_POINT('',(-19.69227942721,42.348956179097));
#927 = CARTESIAN_POINT('',(-19.64204615372,42.566292548392));
#928 = CARTESIAN_POINT('',(-19.56890876571,42.841317082599));
#929 = CARTESIAN_POINT('',(-19.29186021509,43.343533226165));
#930 = CARTESIAN_POINT('',(-19.14212272447,43.614967907607));
#931 = CARTESIAN_POINT('',(-18.96453475182,43.882683703824));
#932 = CARTESIAN_POINT('',(-18.76962231877,44.13764565725));
#933 = ( GEOMETRIC_REPRESENTATION_CONTEXT(2) 
PARAMETRIC_REPRESENTATION_CONTEXT() REPRESENTATION_CONTEXT('2D SPACE',''
  ) );
#934 = ORIENTED_EDGE('',*,*,#935,.F.);
#935 = EDGE_CURVE('',#936,#899,#938,.T.);
#936 = VERTEX_POINT('',#937);
#937 = CARTESIAN_POINT('',(18.769622318774,460.5,71.934693018257));
#938 = SURFACE_CURVE('',#939,(#943,#950),.PCURVE_S1.);
#939 = LINE('',#940,#941);
#940 = CARTESIAN_POINT('',(18.769622318774,460.5,71.934693018257));
#941 = VECTOR('',#942,1.);
#942 = DIRECTION('',(4.087939514284E-14,-1.,-7.908951930284E-14));
#943 = PCURVE('',#847,#944);
#944 = DEFINITIONAL_REPRESENTATION('',(#945),#949);
#945 = LINE('',#946,#947);
#946 = CARTESIAN_POINT('',(-2.871245123136,0.));
#947 = VECTOR('',#948,1.);
#948 = DIRECTION('',(0.,-1.));
#949 = ( GEOMETRIC_REPRESENTATION_CONTEXT(2) 
PARAMETRIC_REPRESENTATION_CONTEXT() REPRESENTATION_CONTEXT('2D SPACE',''
  ) );
#950 = PCURVE('',#951,#965);
#951 = SURFACE_OF_LINEAR_EXTRUSION('',#952,#963);
#952 = B_SPLINE_CURVE_WITH_KNOTS('',3,(#953,#954,#955,#956,#957,#958,
    #959,#960,#961,#962),.UNSPECIFIED.,.F.,.F.,(4,3,3,4),(
    -2.868413580153,-2.557772052182,-1.776452725878,-1.77624086128),
  .UNSPECIFIED.);
#953 = CARTESIAN_POINT('',(18.769622318766,460.5,71.934693018252));
#954 = CARTESIAN_POINT('',(18.451910052692,460.5,72.347181624418));
#955 = CARTESIAN_POINT('',(18.094505503348,460.5,72.721881654294));
#956 = CARTESIAN_POINT('',(17.765964187873,460.5,73.029484074783));
#957 = CARTESIAN_POINT('',(16.927302281989,460.5,73.814695614611));
#958 = CARTESIAN_POINT('',(15.715485452455,460.5,74.718005629887));
#959 = CARTESIAN_POINT('',(13.959433356306,460.5,75.591864810336));
#960 = CARTESIAN_POINT('',(13.95877735435,460.5,75.592191254713));
#961 = CARTESIAN_POINT('',(13.958121352394,460.5,75.592517699089));
#962 = CARTESIAN_POINT('',(13.95746535041,460.5,75.59284414348));
#963 = VECTOR('',#964,1.);
#964 = DIRECTION('',(-4.087939514284E-14,1.,7.908951930284E-14));
#965 = DEFINITIONAL_REPRESENTATION('',(#966),#970);
#966 = LINE('',#967,#968);
#967 = CARTESIAN_POINT('',(-2.868413580153,0.));
#968 = VECTOR('',#969,1.);
#969 = DIRECTION('',(0.,-1.));
#970 = ( GEOMETRIC_REPRESENTATION_CONTEXT(2) 
PARAMETRIC_REPRESENTATION_CONTEXT() REPRESENTATION_CONTEXT('2D SPACE',''
  ) );
#971 = ORIENTED_EDGE('',*,*,#972,.F.);
#972 = EDGE_CURVE('',#832,#936,#973,.T.);
#973 = SURFACE_CURVE('',#974,(#985,#992),.PCURVE_S1.);
#974 = B_SPLINE_CURVE_WITH_KNOTS('',3,(#975,#976,#977,#978,#979,#980,
    #981,#982,#983,#984),.UNSPECIFIED.,.F.,.F.,(4,3,3,4),(
    -3.428456560836,-3.428271410666,-3.067905562159,-2.871245123136),
  .UNSPECIFIED.);
#975 = CARTESIAN_POINT('',(19.692566998152,460.5,70.144759352355));
#976 = CARTESIAN_POINT('',(19.692471141172,460.5,70.145174081608));
#977 = CARTESIAN_POINT('',(19.692375284193,460.5,70.145588810856));
#978 = CARTESIAN_POINT('',(19.692279427214,460.5,70.146003540104));
#979 = CARTESIAN_POINT('',(19.642046153726,460.5,70.363339909399));
#980 = CARTESIAN_POINT('',(19.568908765716,460.5,70.638364443606));
#981 = CARTESIAN_POINT('',(19.291860215091,460.5,71.140580587172));
#982 = CARTESIAN_POINT('',(19.142122724478,460.5,71.412015268614));
#983 = CARTESIAN_POINT('',(18.964534751824,460.5,71.679731064831));
#984 = CARTESIAN_POINT('',(18.769622318774,460.5,71.934693018257));
#985 = PCURVE('',#847,#986);
#986 = DEFINITIONAL_REPRESENTATION('',(#987),#991);
#987 = LINE('',#988,#989);
#988 = CARTESIAN_POINT('',(0.,0.));
#989 = VECTOR('',#990,1.);
#990 = DIRECTION('',(1.,0.));
#991 = ( GEOMETRIC_REPRESENTATION_CONTEXT(2) 
PARAMETRIC_REPRESENTATION_CONTEXT() REPRESENTATION_CONTEXT('2D SPACE',''
  ) );
#992 = PCURVE('',#153,#993);
#993 = DEFINITIONAL_REPRESENTATION('',(#994),#1005);
#994 = B_SPLINE_CURVE_WITH_KNOTS('',3,(#995,#996,#997,#998,#999,#1000,
    #1001,#1002,#1003,#1004),.UNSPECIFIED.,.F.,.F.,(4,3,3,4),(
    -3.428456560836,-3.428271410666,-3.067905562159,-2.871245123136),
  .UNSPECIFIED.);
#995 = CARTESIAN_POINT('',(-19.69256699815,42.347711991348));
#996 = CARTESIAN_POINT('',(-19.69247114117,42.348126720601));
#997 = CARTESIAN_POINT('',(-19.69237528419,42.348541449849));
#998 = CARTESIAN_POINT('',(-19.69227942721,42.348956179097));
#999 = CARTESIAN_POINT('',(-19.64204615372,42.566292548392));
#1000 = CARTESIAN_POINT('',(-19.56890876571,42.841317082599));
#1001 = CARTESIAN_POINT('',(-19.29186021509,43.343533226165));
#1002 = CARTESIAN_POINT('',(-19.14212272447,43.614967907607));
#1003 = CARTESIAN_POINT('',(-18.96453475182,43.882683703824));
#1004 = CARTESIAN_POINT('',(-18.76962231877,44.13764565725));
#1005 = ( GEOMETRIC_REPRESENTATION_CONTEXT(2) 
PARAMETRIC_REPRESENTATION_CONTEXT() REPRESENTATION_CONTEXT('2D SPACE',''
  ) );
#1006 = ADVANCED_FACE('',(#1007),#951,.T.);
#1007 = FACE_BOUND('',#1008,.T.);
#1008 = EDGE_LOOP('',(#1009,#1010,#1047,#1084));
#1009 = ORIENTED_EDGE('',*,*,#935,.T.);
#1010 = ORIENTED_EDGE('',*,*,#1011,.T.);
#1011 = EDGE_CURVE('',#899,#1012,#1014,.T.);
#1012 = VERTEX_POINT('',#1013);
#1013 = CARTESIAN_POINT('',(13.95746535041,458.,75.59284414348));
#1014 = SURFACE_CURVE('',#1015,(#1026,#1033),.PCURVE_S1.);
#1015 = B_SPLINE_CURVE_WITH_KNOTS('',3,(#1016,#1017,#1018,#1019,#1020,
    #1021,#1022,#1023,#1024,#1025),.UNSPECIFIED.,.F.,.F.,(4,3,3,4),(
    -2.868413580153,-2.557772052182,-1.776452725878,-1.77624086128),
  .UNSPECIFIED.);
#1016 = CARTESIAN_POINT('',(18.769622318766,458.,71.934693018252));
#1017 = CARTESIAN_POINT('',(18.451910052692,458.,72.347181624418));
#1018 = CARTESIAN_POINT('',(18.094505503348,458.,72.721881654294));
#1019 = CARTESIAN_POINT('',(17.765964187873,458.,73.029484074783));
#1020 = CARTESIAN_POINT('',(16.927302281989,458.,73.814695614611));
#1021 = CARTESIAN_POINT('',(15.715485452455,458.,74.718005629887));
#1022 = CARTESIAN_POINT('',(13.959433356306,458.,75.591864810336));
#1023 = CARTESIAN_POINT('',(13.95877735435,458.,75.592191254713));
#1024 = CARTESIAN_POINT('',(13.958121352394,458.,75.592517699089));
#1025 = CARTESIAN_POINT('',(13.95746535041,458.,75.59284414348));
#1026 = PCURVE('',#951,#1027);
#1027 = DEFINITIONAL_REPRESENTATION('',(#1028),#1032);
#1028 = LINE('',#1029,#1030);
#1029 = CARTESIAN_POINT('',(0.,-2.5));
#1030 = VECTOR('',#1031,1.);
#1031 = DIRECTION('',(1.,0.));
#1032 = ( GEOMETRIC_REPRESENTATION_CONTEXT(2) 
PARAMETRIC_REPRESENTATION_CONTEXT() REPRESENTATION_CONTEXT('2D SPACE',''
  ) );
#1033 = PCURVE('',#82,#1034);
#1034 = DEFINITIONAL_REPRESENTATION('',(#1035),#1046);
#1035 = B_SPLINE_CURVE_WITH_KNOTS('',3,(#1036,#1037,#1038,#1039,#1040,
    #1041,#1042,#1043,#1044,#1045),.UNSPECIFIED.,.F.,.F.,(4,3,3,4),(
    -2.868413580153,-2.557772052182,-1.776452725878,-1.77624086128),
  .UNSPECIFIED.);
#1036 = CARTESIAN_POINT('',(-18.76962231876,44.137645657245));
#1037 = CARTESIAN_POINT('',(-18.45191005269,44.550134263411));
#1038 = CARTESIAN_POINT('',(-18.09450550334,44.924834293287));
#1039 = CARTESIAN_POINT('',(-17.76596418787,45.232436713776));
#1040 = CARTESIAN_POINT('',(-16.92730228198,46.017648253604));
#1041 = CARTESIAN_POINT('',(-15.71548545245,46.92095826888));
#1042 = CARTESIAN_POINT('',(-13.9594333563,47.794817449329));
#1043 = CARTESIAN_POINT('',(-13.95877735435,47.795143893706));
#1044 = CARTESIAN_POINT('',(-13.95812135239,47.795470338082));
#1045 = CARTESIAN_POINT('',(-13.95746535041,47.795796782473));
#1046 = ( GEOMETRIC_REPRESENTATION_CONTEXT(2) 
PARAMETRIC_REPRESENTATION_CONTEXT() REPRESENTATION_CONTEXT('2D SPACE',''
  ) );
#1047 = ORIENTED_EDGE('',*,*,#1048,.F.);
#1048 = EDGE_CURVE('',#1049,#1012,#1051,.T.);
#1049 = VERTEX_POINT('',#1050);
#1050 = CARTESIAN_POINT('',(13.95746535041,460.5,75.59284414348));
#1051 = SURFACE_CURVE('',#1052,(#1056,#1063),.PCURVE_S1.);
#1052 = LINE('',#1053,#1054);
#1053 = CARTESIAN_POINT('',(13.95746535041,460.5,75.59284414348));
#1054 = VECTOR('',#1055,1.);
#1055 = DIRECTION('',(4.087939514284E-14,-1.,-7.908951930284E-14));
#1056 = PCURVE('',#951,#1057);
#1057 = DEFINITIONAL_REPRESENTATION('',(#1058),#1062);
#1058 = LINE('',#1059,#1060);
#1059 = CARTESIAN_POINT('',(-1.77624086128,0.));
#1060 = VECTOR('',#1061,1.);
#1061 = DIRECTION('',(0.,-1.));
#1062 = ( GEOMETRIC_REPRESENTATION_CONTEXT(2) 
PARAMETRIC_REPRESENTATION_CONTEXT() REPRESENTATION_CONTEXT('2D SPACE',''
  ) );
#1063 = PCURVE('',#1064,#1078);
#1064 = SURFACE_OF_LINEAR_EXTRUSION('',#1065,#1076);
#1065 = B_SPLINE_CURVE_WITH_KNOTS('',3,(#1066,#1067,#1068,#1069,#1070,
    #1071,#1072,#1073,#1074,#1075),.UNSPECIFIED.,.F.,.F.,(4,3,3,4),(
    -1.776664590446,-1.776452725878,-1.509858132745,-0.148401087721),
  .UNSPECIFIED.);
#1066 = CARTESIAN_POINT('',(13.957465350452,460.5,75.592844143459));
#1067 = CARTESIAN_POINT('',(13.956809528067,460.5,75.593170948258));
#1068 = CARTESIAN_POINT('',(13.956153705697,460.5,75.593497753049));
#1069 = CARTESIAN_POINT('',(13.955497883327,460.5,75.59382455784));
#1070 = CARTESIAN_POINT('',(13.358223889955,460.5,75.891453933684));
#1071 = CARTESIAN_POINT('',(12.695682080927,460.5,76.186018776555));
#1072 = CARTESIAN_POINT('',(11.961579215307,460.5,76.470364929411));
#1073 = CARTESIAN_POINT('',(8.215875556793,460.5,77.92121940079));
#1074 = CARTESIAN_POINT('',(3.877106648283,460.5,78.56239937103));
#1075 = CARTESIAN_POINT('',(1.929397389728E-05,460.5,78.590171102396));
#1076 = VECTOR('',#1077,1.);
#1077 = DIRECTION('',(-4.087939514284E-14,1.,7.908951930284E-14));
#1078 = DEFINITIONAL_REPRESENTATION('',(#1079),#1083);
#1079 = LINE('',#1080,#1081);
#1080 = CARTESIAN_POINT('',(-1.776664590446,0.));
#1081 = VECTOR('',#1082,1.);
#1082 = DIRECTION('',(0.,-1.));
#1083 = ( GEOMETRIC_REPRESENTATION_CONTEXT(2) 
PARAMETRIC_REPRESENTATION_CONTEXT() REPRESENTATION_CONTEXT('2D SPACE',''
  ) );
#1084 = ORIENTED_EDGE('',*,*,#1085,.F.);
#1085 = EDGE_CURVE('',#936,#1049,#1086,.T.);
#1086 = SURFACE_CURVE('',#1087,(#1098,#1105),.PCURVE_S1.);
#1087 = B_SPLINE_CURVE_WITH_KNOTS('',3,(#1088,#1089,#1090,#1091,#1092,
    #1093,#1094,#1095,#1096,#1097),.UNSPECIFIED.,.F.,.F.,(4,3,3,4),(
    -2.868413580153,-2.557772052182,-1.776452725878,-1.77624086128),
  .UNSPECIFIED.);
#1088 = CARTESIAN_POINT('',(18.769622318766,460.5,71.934693018252));
#1089 = CARTESIAN_POINT('',(18.451910052692,460.5,72.347181624418));
#1090 = CARTESIAN_POINT('',(18.094505503348,460.5,72.721881654294));
#1091 = CARTESIAN_POINT('',(17.765964187873,460.5,73.029484074783));
#1092 = CARTESIAN_POINT('',(16.927302281989,460.5,73.814695614611));
#1093 = CARTESIAN_POINT('',(15.715485452455,460.5,74.718005629887));
#1094 = CARTESIAN_POINT('',(13.959433356306,460.5,75.591864810336));
#1095 = CARTESIAN_POINT('',(13.95877735435,460.5,75.592191254713));
#1096 = CARTESIAN_POINT('',(13.958121352394,460.5,75.592517699089));
#1097 = CARTESIAN_POINT('',(13.95746535041,460.5,75.59284414348));
#1098 = PCURVE('',#951,#1099);
#1099 = DEFINITIONAL_REPRESENTATION('',(#1100),#1104);
#1100 = LINE('',#1101,#1102);
#1101 = CARTESIAN_POINT('',(0.,0.));
#1102 = VECTOR('',#1103,1.);
#1103 = DIRECTION('',(1.,0.));
#1104 = ( GEOMETRIC_REPRESENTATION_CONTEXT(2) 
PARAMETRIC_REPRESENTATION_CONTEXT() REPRESENTATION_CONTEXT('2D SPACE',''
  ) );
#1105 = PCURVE('',#153,#1106);
#1106 = DEFINITIONAL_REPRESENTATION('',(#1107),#1118);
#1107 = B_SPLINE_CURVE_WITH_KNOTS('',3,(#1108,#1109,#1110,#1111,#1112,
    #1113,#1114,#1115,#1116,#1117),.UNSPECIFIED.,.F.,.F.,(4,3,3,4),(
    -2.868413580153,-2.557772052182,-1.776452725878,-1.77624086128),
  .UNSPECIFIED.);
#1108 = CARTESIAN_POINT('',(-18.76962231876,44.137645657245));
#1109 = CARTESIAN_POINT('',(-18.45191005269,44.550134263411));
#1110 = CARTESIAN_POINT('',(-18.09450550334,44.924834293287));
#1111 = CARTESIAN_POINT('',(-17.76596418787,45.232436713776));
#1112 = CARTESIAN_POINT('',(-16.92730228198,46.017648253604));
#1113 = CARTESIAN_POINT('',(-15.71548545245,46.92095826888));
#1114 = CARTESIAN_POINT('',(-13.9594333563,47.794817449329));
#1115 = CARTESIAN_POINT('',(-13.95877735435,47.795143893706));
#1116 = CARTESIAN_POINT('',(-13.95812135239,47.795470338082));
#1117 = CARTESIAN_POINT('',(-13.95746535041,47.795796782473));
#1118 = ( GEOMETRIC_REPRESENTATION_CONTEXT(2) 
PARAMETRIC_REPRESENTATION_CONTEXT() REPRESENTATION_CONTEXT('2D SPACE',''
  ) );
#1119 = ADVANCED_FACE('',(#1120),#1064,.T.);
#1120 = FACE_BOUND('',#1121,.T.);
#1121 = EDGE_LOOP('',(#1122,#1123,#1160,#1197));
#1122 = ORIENTED_EDGE('',*,*,#1048,.T.);
#1123 = ORIENTED_EDGE('',*,*,#1124,.T.);
#1124 = EDGE_CURVE('',#1012,#1125,#1127,.T.);
#1125 = VERTEX_POINT('',#1126);
#1126 = CARTESIAN_POINT('',(1.929397399948E-05,458.,78.590171102396));
#1127 = SURFACE_CURVE('',#1128,(#1139,#1146),.PCURVE_S1.);
#1128 = B_SPLINE_CURVE_WITH_KNOTS('',3,(#1129,#1130,#1131,#1132,#1133,
    #1134,#1135,#1136,#1137,#1138),.UNSPECIFIED.,.F.,.F.,(4,3,3,4),(
    -1.776664590446,-1.776452725878,-1.509858132745,-0.148401087721),
  .UNSPECIFIED.);
#1129 = CARTESIAN_POINT('',(13.957465350452,458.,75.592844143459));
#1130 = CARTESIAN_POINT('',(13.956809528067,458.,75.593170948258));
#1131 = CARTESIAN_POINT('',(13.956153705697,458.,75.593497753049));
#1132 = CARTESIAN_POINT('',(13.955497883327,458.,75.59382455784));
#1133 = CARTESIAN_POINT('',(13.358223889955,458.,75.891453933684));
#1134 = CARTESIAN_POINT('',(12.695682080927,458.,76.186018776555));
#1135 = CARTESIAN_POINT('',(11.961579215307,458.,76.470364929411));
#1136 = CARTESIAN_POINT('',(8.215875556793,458.,77.92121940079));
#1137 = CARTESIAN_POINT('',(3.877106648283,458.,78.56239937103));
#1138 = CARTESIAN_POINT('',(1.929397399948E-05,458.,78.590171102396));
#1139 = PCURVE('',#1064,#1140);
#1140 = DEFINITIONAL_REPRESENTATION('',(#1141),#1145);
#1141 = LINE('',#1142,#1143);
#1142 = CARTESIAN_POINT('',(0.,-2.5));
#1143 = VECTOR('',#1144,1.);
#1144 = DIRECTION('',(1.,0.));
#1145 = ( GEOMETRIC_REPRESENTATION_CONTEXT(2) 
PARAMETRIC_REPRESENTATION_CONTEXT() REPRESENTATION_CONTEXT('2D SPACE',''
  ) );
#1146 = PCURVE('',#82,#1147);
#1147 = DEFINITIONAL_REPRESENTATION('',(#1148),#1159);
#1148 = B_SPLINE_CURVE_WITH_KNOTS('',3,(#1149,#1150,#1151,#1152,#1153,
    #1154,#1155,#1156,#1157,#1158),.UNSPECIFIED.,.F.,.F.,(4,3,3,4),(
    -1.776664590446,-1.776452725878,-1.509858132745,-0.148401087721),
  .UNSPECIFIED.);
#1149 = CARTESIAN_POINT('',(-13.95746535045,47.795796782452));
#1150 = CARTESIAN_POINT('',(-13.95680952806,47.796123587251));
#1151 = CARTESIAN_POINT('',(-13.95615370569,47.796450392042));
#1152 = CARTESIAN_POINT('',(-13.95549788332,47.796777196833));
#1153 = CARTESIAN_POINT('',(-13.35822388995,48.094406572677));
#1154 = CARTESIAN_POINT('',(-12.69568208092,48.388971415548));
#1155 = CARTESIAN_POINT('',(-11.9615792153,48.673317568404));
#1156 = CARTESIAN_POINT('',(-8.215875556793,50.124172039783));
#1157 = CARTESIAN_POINT('',(-3.877106648283,50.765352010023));
#1158 = CARTESIAN_POINT('',(-1.929397399891E-05,50.793123741389));
#1159 = ( GEOMETRIC_REPRESENTATION_CONTEXT(2) 
PARAMETRIC_REPRESENTATION_CONTEXT() REPRESENTATION_CONTEXT('2D SPACE',''
  ) );
#1160 = ORIENTED_EDGE('',*,*,#1161,.F.);
#1161 = EDGE_CURVE('',#1162,#1125,#1164,.T.);
#1162 = VERTEX_POINT('',#1163);
#1163 = CARTESIAN_POINT('',(1.929397389728E-05,460.5,78.590171102396));
#1164 = SURFACE_CURVE('',#1165,(#1169,#1176),.PCURVE_S1.);
#1165 = LINE('',#1166,#1167);
#1166 = CARTESIAN_POINT('',(1.929397389728E-05,460.5,78.590171102396));
#1167 = VECTOR('',#1168,1.);
#1168 = DIRECTION('',(4.087939514284E-14,-1.,-7.908951930284E-14));
#1169 = PCURVE('',#1064,#1170);
#1170 = DEFINITIONAL_REPRESENTATION('',(#1171),#1175);
#1171 = LINE('',#1172,#1173);
#1172 = CARTESIAN_POINT('',(-0.148401087721,0.));
#1173 = VECTOR('',#1174,1.);
#1174 = DIRECTION('',(0.,-1.));
#1175 = ( GEOMETRIC_REPRESENTATION_CONTEXT(2) 
PARAMETRIC_REPRESENTATION_CONTEXT() REPRESENTATION_CONTEXT('2D SPACE',''
  ) );
#1176 = PCURVE('',#1177,#1191);
#1177 = SURFACE_OF_LINEAR_EXTRUSION('',#1178,#1189);
#1178 = B_SPLINE_CURVE_WITH_KNOTS('',3,(#1179,#1180,#1181,#1182,#1183,
    #1184,#1185,#1186,#1187,#1188),.UNSPECIFIED.,.F.,.F.,(4,3,3,4),(
    -5.421631269378,-3.176101639625,-2.174403576537,-2.174020260597),
  .UNSPECIFIED.);
#1179 = CARTESIAN_POINT('',(1.929397389728E-05,460.5,78.590171102396));
#1180 = CARTESIAN_POINT('',(-3.237773631145,460.5,78.56698274631));
#1181 = CARTESIAN_POINT('',(-6.729043337126,460.5,78.125785523396));
#1182 = CARTESIAN_POINT('',(-9.906638710964,460.5,77.173565852156));
#1183 = CARTESIAN_POINT('',(-11.32527172266,460.5,76.748448711333));
#1184 = CARTESIAN_POINT('',(-12.71060192261,460.5,76.21415081679));
#1185 = CARTESIAN_POINT('',(-13.95545465539,460.5,75.59382455784));
#1186 = CARTESIAN_POINT('',(-13.95611047785,460.5,75.593497753006));
#1187 = CARTESIAN_POINT('',(-13.95676630031,460.5,75.593170948172));
#1188 = CARTESIAN_POINT('',(-13.95742212275,460.5,75.592844143344));
#1189 = VECTOR('',#1190,1.);
#1190 = DIRECTION('',(-4.087939514284E-14,1.,7.908951930284E-14));
#1191 = DEFINITIONAL_REPRESENTATION('',(#1192),#1196);
#1192 = LINE('',#1193,#1194);
#1193 = CARTESIAN_POINT('',(-5.421631269378,0.));
#1194 = VECTOR('',#1195,1.);
#1195 = DIRECTION('',(0.,-1.));
#1196 = ( GEOMETRIC_REPRESENTATION_CONTEXT(2) 
PARAMETRIC_REPRESENTATION_CONTEXT() REPRESENTATION_CONTEXT('2D SPACE',''
  ) );
#1197 = ORIENTED_EDGE('',*,*,#1198,.F.);
#1198 = EDGE_CURVE('',#1049,#1162,#1199,.T.);
#1199 = SURFACE_CURVE('',#1200,(#1211,#1218),.PCURVE_S1.);
#1200 = B_SPLINE_CURVE_WITH_KNOTS('',3,(#1201,#1202,#1203,#1204,#1205,
    #1206,#1207,#1208,#1209,#1210),.UNSPECIFIED.,.F.,.F.,(4,3,3,4),(
    -1.776664590446,-1.776452725878,-1.509858132745,-0.148401087721),
  .UNSPECIFIED.);
#1201 = CARTESIAN_POINT('',(13.957465350452,460.5,75.592844143459));
#1202 = CARTESIAN_POINT('',(13.956809528067,460.5,75.593170948258));
#1203 = CARTESIAN_POINT('',(13.956153705697,460.5,75.593497753049));
#1204 = CARTESIAN_POINT('',(13.955497883327,460.5,75.59382455784));
#1205 = CARTESIAN_POINT('',(13.358223889955,460.5,75.891453933684));
#1206 = CARTESIAN_POINT('',(12.695682080927,460.5,76.186018776555));
#1207 = CARTESIAN_POINT('',(11.961579215307,460.5,76.470364929411));
#1208 = CARTESIAN_POINT('',(8.215875556793,460.5,77.92121940079));
#1209 = CARTESIAN_POINT('',(3.877106648283,460.5,78.56239937103));
#1210 = CARTESIAN_POINT('',(1.929397389728E-05,460.5,78.590171102396));
#1211 = PCURVE('',#1064,#1212);
#1212 = DEFINITIONAL_REPRESENTATION('',(#1213),#1217);
#1213 = LINE('',#1214,#1215);
#1214 = CARTESIAN_POINT('',(0.,0.));
#1215 = VECTOR('',#1216,1.);
#1216 = DIRECTION('',(1.,0.));
#1217 = ( GEOMETRIC_REPRESENTATION_CONTEXT(2) 
PARAMETRIC_REPRESENTATION_CONTEXT() REPRESENTATION_CONTEXT('2D SPACE',''
  ) );
#1218 = PCURVE('',#153,#1219);
#1219 = DEFINITIONAL_REPRESENTATION('',(#1220),#1231);
#1220 = B_SPLINE_CURVE_WITH_KNOTS('',3,(#1221,#1222,#1223,#1224,#1225,
    #1226,#1227,#1228,#1229,#1230),.UNSPECIFIED.,.F.,.F.,(4,3,3,4),(
    -1.776664590446,-1.776452725878,-1.509858132745,-0.148401087721),
  .UNSPECIFIED.);
#1221 = CARTESIAN_POINT('',(-13.95746535045,47.795796782452));
#1222 = CARTESIAN_POINT('',(-13.95680952806,47.796123587251));
#1223 = CARTESIAN_POINT('',(-13.95615370569,47.796450392042));
#1224 = CARTESIAN_POINT('',(-13.95549788332,47.796777196833));
#1225 = CARTESIAN_POINT('',(-13.35822388995,48.094406572677));
#1226 = CARTESIAN_POINT('',(-12.69568208092,48.388971415548));
#1227 = CARTESIAN_POINT('',(-11.9615792153,48.673317568404));
#1228 = CARTESIAN_POINT('',(-8.215875556793,50.124172039783));
#1229 = CARTESIAN_POINT('',(-3.877106648283,50.765352010023));
#1230 = CARTESIAN_POINT('',(-1.929397399891E-05,50.793123741389));
#1231 = ( GEOMETRIC_REPRESENTATION_CONTEXT(2) 
PARAMETRIC_REPRESENTATION_CONTEXT() REPRESENTATION_CONTEXT('2D SPACE',''
  ) );
#1232 = ADVANCED_FACE('',(#1233),#1177,.T.);
#1233 = FACE_BOUND('',#1234,.T.);
#1234 = EDGE_LOOP('',(#1235,#1236,#1273,#1310));
#1235 = ORIENTED_EDGE('',*,*,#1161,.T.);
#1236 = ORIENTED_EDGE('',*,*,#1237,.T.);
#1237 = EDGE_CURVE('',#1125,#1238,#1240,.T.);
#1238 = VERTEX_POINT('',#1239);
#1239 = CARTESIAN_POINT('',(-13.95742212274,458.,75.592844143347));
#1240 = SURFACE_CURVE('',#1241,(#1252,#1259),.PCURVE_S1.);
#1241 = B_SPLINE_CURVE_WITH_KNOTS('',3,(#1242,#1243,#1244,#1245,#1246,
    #1247,#1248,#1249,#1250,#1251),.UNSPECIFIED.,.F.,.F.,(4,3,3,4),(
    -5.421631269378,-3.176101639625,-2.174403576537,-2.174020260597),
  .UNSPECIFIED.);
#1242 = CARTESIAN_POINT('',(1.929397399948E-05,458.,78.590171102396));
#1243 = CARTESIAN_POINT('',(-3.237773631145,458.,78.56698274631));
#1244 = CARTESIAN_POINT('',(-6.729043337126,458.,78.125785523396));
#1245 = CARTESIAN_POINT('',(-9.906638710964,458.,77.173565852156));
#1246 = CARTESIAN_POINT('',(-11.32527172266,458.,76.748448711333));
#1247 = CARTESIAN_POINT('',(-12.71060192261,458.,76.21415081679));
#1248 = CARTESIAN_POINT('',(-13.95545465539,458.,75.59382455784));
#1249 = CARTESIAN_POINT('',(-13.95611047785,458.,75.593497753006));
#1250 = CARTESIAN_POINT('',(-13.95676630031,458.,75.593170948172));
#1251 = CARTESIAN_POINT('',(-13.95742212275,458.,75.592844143344));
#1252 = PCURVE('',#1177,#1253);
#1253 = DEFINITIONAL_REPRESENTATION('',(#1254),#1258);
#1254 = LINE('',#1255,#1256);
#1255 = CARTESIAN_POINT('',(0.,-2.5));
#1256 = VECTOR('',#1257,1.);
#1257 = DIRECTION('',(1.,0.));
#1258 = ( GEOMETRIC_REPRESENTATION_CONTEXT(2) 
PARAMETRIC_REPRESENTATION_CONTEXT() REPRESENTATION_CONTEXT('2D SPACE',''
  ) );
#1259 = PCURVE('',#82,#1260);
#1260 = DEFINITIONAL_REPRESENTATION('',(#1261),#1272);
#1261 = B_SPLINE_CURVE_WITH_KNOTS('',3,(#1262,#1263,#1264,#1265,#1266,
    #1267,#1268,#1269,#1270,#1271),.UNSPECIFIED.,.F.,.F.,(4,3,3,4),(
    -5.421631269378,-3.176101639625,-2.174403576537,-2.174020260597),
  .UNSPECIFIED.);
#1262 = CARTESIAN_POINT('',(-1.929397399891E-05,50.793123741389));
#1263 = CARTESIAN_POINT('',(3.237773631145,50.769935385303));
#1264 = CARTESIAN_POINT('',(6.729043337126,50.328738162389));
#1265 = CARTESIAN_POINT('',(9.906638710964,49.376518491149));
#1266 = CARTESIAN_POINT('',(11.32527172266,48.951401350326));
#1267 = CARTESIAN_POINT('',(12.71060192261,48.417103455783));
#1268 = CARTESIAN_POINT('',(13.95545465539,47.796777196833));
#1269 = CARTESIAN_POINT('',(13.95611047785,47.796450391999));
#1270 = CARTESIAN_POINT('',(13.95676630031,47.796123587165));
#1271 = CARTESIAN_POINT('',(13.95742212275,47.795796782337));
#1272 = ( GEOMETRIC_REPRESENTATION_CONTEXT(2) 
PARAMETRIC_REPRESENTATION_CONTEXT() REPRESENTATION_CONTEXT('2D SPACE',''
  ) );
#1273 = ORIENTED_EDGE('',*,*,#1274,.F.);
#1274 = EDGE_CURVE('',#1275,#1238,#1277,.T.);
#1275 = VERTEX_POINT('',#1276);
#1276 = CARTESIAN_POINT('',(-13.95742212274,460.5,75.592844143347));
#1277 = SURFACE_CURVE('',#1278,(#1282,#1289),.PCURVE_S1.);
#1278 = LINE('',#1279,#1280);
#1279 = CARTESIAN_POINT('',(-13.95742212274,460.5,75.592844143347));
#1280 = VECTOR('',#1281,1.);
#1281 = DIRECTION('',(4.087939514284E-14,-1.,-7.908951930284E-14));
#1282 = PCURVE('',#1177,#1283);
#1283 = DEFINITIONAL_REPRESENTATION('',(#1284),#1288);
#1284 = LINE('',#1285,#1286);
#1285 = CARTESIAN_POINT('',(-2.174020260597,0.));
#1286 = VECTOR('',#1287,1.);
#1287 = DIRECTION('',(0.,-1.));
#1288 = ( GEOMETRIC_REPRESENTATION_CONTEXT(2) 
PARAMETRIC_REPRESENTATION_CONTEXT() REPRESENTATION_CONTEXT('2D SPACE',''
  ) );
#1289 = PCURVE('',#1290,#1304);
#1290 = SURFACE_OF_LINEAR_EXTRUSION('',#1291,#1302);
#1291 = B_SPLINE_CURVE_WITH_KNOTS('',3,(#1292,#1293,#1294,#1295,#1296,
    #1297,#1298,#1299,#1300,#1301),.UNSPECIFIED.,.F.,.F.,(4,3,3,4),(
    -2.174786892432,-2.174403576537,-1.406081415533,-0.65573036004),
  .UNSPECIFIED.);
#1292 = CARTESIAN_POINT('',(-13.95742212274,460.5,75.592844143347));
#1293 = CARTESIAN_POINT('',(-13.95807812464,460.5,75.592517699001));
#1294 = CARTESIAN_POINT('',(-13.95873412651,460.5,75.592191254666));
#1295 = CARTESIAN_POINT('',(-13.95939012838,460.5,75.59186481033));
#1296 = CARTESIAN_POINT('',(-14.9118989525,460.5,75.117870569364));
#1297 = CARTESIAN_POINT('',(-15.78580358543,460.5,74.591369433815));
#1298 = CARTESIAN_POINT('',(-16.54656459145,460.5,74.034756675984));
#1299 = CARTESIAN_POINT('',(-17.30805170124,460.5,73.477612662442));
#1300 = CARTESIAN_POINT('',(-18.14905410283,460.5,72.740335828221));
#1301 = CARTESIAN_POINT('',(-18.76957016717,460.5,71.934704649));
#1302 = VECTOR('',#1303,1.);
#1303 = DIRECTION('',(-4.087939514284E-14,1.,7.908951930284E-14));
#1304 = DEFINITIONAL_REPRESENTATION('',(#1305),#1309);
#1305 = LINE('',#1306,#1307);
#1306 = CARTESIAN_POINT('',(-2.174786892432,0.));
#1307 = VECTOR('',#1308,1.);
#1308 = DIRECTION('',(0.,-1.));
#1309 = ( GEOMETRIC_REPRESENTATION_CONTEXT(2) 
PARAMETRIC_REPRESENTATION_CONTEXT() REPRESENTATION_CONTEXT('2D SPACE',''
  ) );
#1310 = ORIENTED_EDGE('',*,*,#1311,.F.);
#1311 = EDGE_CURVE('',#1162,#1275,#1312,.T.);
#1312 = SURFACE_CURVE('',#1313,(#1324,#1331),.PCURVE_S1.);
#1313 = B_SPLINE_CURVE_WITH_KNOTS('',3,(#1314,#1315,#1316,#1317,#1318,
    #1319,#1320,#1321,#1322,#1323),.UNSPECIFIED.,.F.,.F.,(4,3,3,4),(
    -5.421631269378,-3.176101639625,-2.174403576537,-2.174020260597),
  .UNSPECIFIED.);
#1314 = CARTESIAN_POINT('',(1.929397389728E-05,460.5,78.590171102396));
#1315 = CARTESIAN_POINT('',(-3.237773631145,460.5,78.56698274631));
#1316 = CARTESIAN_POINT('',(-6.729043337126,460.5,78.125785523396));
#1317 = CARTESIAN_POINT('',(-9.906638710964,460.5,77.173565852156));
#1318 = CARTESIAN_POINT('',(-11.32527172266,460.5,76.748448711333));
#1319 = CARTESIAN_POINT('',(-12.71060192261,460.5,76.21415081679));
#1320 = CARTESIAN_POINT('',(-13.95545465539,460.5,75.59382455784));
#1321 = CARTESIAN_POINT('',(-13.95611047785,460.5,75.593497753006));
#1322 = CARTESIAN_POINT('',(-13.95676630031,460.5,75.593170948172));
#1323 = CARTESIAN_POINT('',(-13.95742212275,460.5,75.592844143344));
#1324 = PCURVE('',#1177,#1325);
#1325 = DEFINITIONAL_REPRESENTATION('',(#1326),#1330);
#1326 = LINE('',#1327,#1328);
#1327 = CARTESIAN_POINT('',(0.,0.));
#1328 = VECTOR('',#1329,1.);
#1329 = DIRECTION('',(1.,0.));
#1330 = ( GEOMETRIC_REPRESENTATION_CONTEXT(2) 
PARAMETRIC_REPRESENTATION_CONTEXT() REPRESENTATION_CONTEXT('2D SPACE',''
  ) );
#1331 = PCURVE('',#153,#1332);
#1332 = DEFINITIONAL_REPRESENTATION('',(#1333),#1344);
#1333 = B_SPLINE_CURVE_WITH_KNOTS('',3,(#1334,#1335,#1336,#1337,#1338,
    #1339,#1340,#1341,#1342,#1343),.UNSPECIFIED.,.F.,.F.,(4,3,3,4),(
    -5.421631269378,-3.176101639625,-2.174403576537,-2.174020260597),
  .UNSPECIFIED.);
#1334 = CARTESIAN_POINT('',(-1.929397399891E-05,50.793123741389));
#1335 = CARTESIAN_POINT('',(3.237773631145,50.769935385303));
#1336 = CARTESIAN_POINT('',(6.729043337126,50.328738162389));
#1337 = CARTESIAN_POINT('',(9.906638710964,49.376518491149));
#1338 = CARTESIAN_POINT('',(11.32527172266,48.951401350326));
#1339 = CARTESIAN_POINT('',(12.71060192261,48.417103455783));
#1340 = CARTESIAN_POINT('',(13.95545465539,47.796777196833));
#1341 = CARTESIAN_POINT('',(13.95611047785,47.796450391999));
#1342 = CARTESIAN_POINT('',(13.95676630031,47.796123587165));
#1343 = CARTESIAN_POINT('',(13.95742212275,47.795796782337));
#1344 = ( GEOMETRIC_REPRESENTATION_CONTEXT(2) 
PARAMETRIC_REPRESENTATION_CONTEXT() REPRESENTATION_CONTEXT('2D SPACE',''
  ) );
#1345 = ADVANCED_FACE('',(#1346),#1290,.T.);
#1346 = FACE_BOUND('',#1347,.T.);
#1347 = EDGE_LOOP('',(#1348,#1349,#1386,#1409));
#1348 = ORIENTED_EDGE('',*,*,#1274,.T.);
#1349 = ORIENTED_EDGE('',*,*,#1350,.T.);
#1350 = EDGE_CURVE('',#1238,#1351,#1353,.T.);
#1351 = VERTEX_POINT('',#1352);
#1352 = CARTESIAN_POINT('',(-18.76957016717,458.,71.934704649));
#1353 = SURFACE_CURVE('',#1354,(#1365,#1372),.PCURVE_S1.);
#1354 = B_SPLINE_CURVE_WITH_KNOTS('',3,(#1355,#1356,#1357,#1358,#1359,
    #1360,#1361,#1362,#1363,#1364),.UNSPECIFIED.,.F.,.F.,(4,3,3,4),(
    -2.174786892432,-2.174403576537,-1.406081415533,-0.65573036004),
  .UNSPECIFIED.);
#1355 = CARTESIAN_POINT('',(-13.95742212274,458.,75.592844143347));
#1356 = CARTESIAN_POINT('',(-13.95807812464,458.,75.592517699001));
#1357 = CARTESIAN_POINT('',(-13.95873412651,458.,75.592191254666));
#1358 = CARTESIAN_POINT('',(-13.95939012838,458.,75.59186481033));
#1359 = CARTESIAN_POINT('',(-14.9118989525,458.,75.117870569364));
#1360 = CARTESIAN_POINT('',(-15.78580358543,458.,74.591369433815));
#1361 = CARTESIAN_POINT('',(-16.54656459145,458.,74.034756675984));
#1362 = CARTESIAN_POINT('',(-17.30805170124,458.,73.477612662442));
#1363 = CARTESIAN_POINT('',(-18.14905410283,458.,72.740335828221));
#1364 = CARTESIAN_POINT('',(-18.76957016717,458.,71.934704649));
#1365 = PCURVE('',#1290,#1366);
#1366 = DEFINITIONAL_REPRESENTATION('',(#1367),#1371);
#1367 = LINE('',#1368,#1369);
#1368 = CARTESIAN_POINT('',(0.,-2.5));
#1369 = VECTOR('',#1370,1.);
#1370 = DIRECTION('',(1.,0.));
#1371 = ( GEOMETRIC_REPRESENTATION_CONTEXT(2) 
PARAMETRIC_REPRESENTATION_CONTEXT() REPRESENTATION_CONTEXT('2D SPACE',''
  ) );
#1372 = PCURVE('',#82,#1373);
#1373 = DEFINITIONAL_REPRESENTATION('',(#1374),#1385);
#1374 = B_SPLINE_CURVE_WITH_KNOTS('',3,(#1375,#1376,#1377,#1378,#1379,
    #1380,#1381,#1382,#1383,#1384),.UNSPECIFIED.,.F.,.F.,(4,3,3,4),(
    -2.174786892432,-2.174403576537,-1.406081415533,-0.65573036004),
  .UNSPECIFIED.);
#1375 = CARTESIAN_POINT('',(13.95742212274,47.79579678234));
#1376 = CARTESIAN_POINT('',(13.95807812464,47.795470337994));
#1377 = CARTESIAN_POINT('',(13.95873412651,47.795143893659));
#1378 = CARTESIAN_POINT('',(13.95939012838,47.794817449323));
#1379 = CARTESIAN_POINT('',(14.9118989525,47.320823208357));
#1380 = CARTESIAN_POINT('',(15.78580358543,46.794322072808));
#1381 = CARTESIAN_POINT('',(16.54656459145,46.237709314977));
#1382 = CARTESIAN_POINT('',(17.30805170124,45.680565301435));
#1383 = CARTESIAN_POINT('',(18.14905410283,44.943288467214));
#1384 = CARTESIAN_POINT('',(18.76957016717,44.137657287993));
#1385 = ( GEOMETRIC_REPRESENTATION_CONTEXT(2) 
PARAMETRIC_REPRESENTATION_CONTEXT() REPRESENTATION_CONTEXT('2D SPACE',''
  ) );
#1386 = ORIENTED_EDGE('',*,*,#1387,.F.);
#1387 = EDGE_CURVE('',#1388,#1351,#1390,.T.);
#1388 = VERTEX_POINT('',#1389);
#1389 = CARTESIAN_POINT('',(-18.76957016717,460.5,71.934704649));
#1390 = SURFACE_CURVE('',#1391,(#1395,#1402),.PCURVE_S1.);
#1391 = LINE('',#1392,#1393);
#1392 = CARTESIAN_POINT('',(-18.76957016717,460.5,71.934704649));
#1393 = VECTOR('',#1394,1.);
#1394 = DIRECTION('',(4.087939514284E-14,-1.,-7.908951930284E-14));
#1395 = PCURVE('',#1290,#1396);
#1396 = DEFINITIONAL_REPRESENTATION('',(#1397),#1401);
#1397 = LINE('',#1398,#1399);
#1398 = CARTESIAN_POINT('',(-0.65573036004,0.));
#1399 = VECTOR('',#1400,1.);
#1400 = DIRECTION('',(0.,-1.));
#1401 = ( GEOMETRIC_REPRESENTATION_CONTEXT(2) 
PARAMETRIC_REPRESENTATION_CONTEXT() REPRESENTATION_CONTEXT('2D SPACE',''
  ) );
#1402 = PCURVE('',#44,#1403);
#1403 = DEFINITIONAL_REPRESENTATION('',(#1404),#1408);
#1404 = LINE('',#1405,#1406);
#1405 = CARTESIAN_POINT('',(-0.65221209642,0.));
#1406 = VECTOR('',#1407,1.);
#1407 = DIRECTION('',(0.,-1.));
#1408 = ( GEOMETRIC_REPRESENTATION_CONTEXT(2) 
PARAMETRIC_REPRESENTATION_CONTEXT() REPRESENTATION_CONTEXT('2D SPACE',''
  ) );
#1409 = ORIENTED_EDGE('',*,*,#1410,.F.);
#1410 = EDGE_CURVE('',#1275,#1388,#1411,.T.);
#1411 = SURFACE_CURVE('',#1412,(#1423,#1430),.PCURVE_S1.);
#1412 = B_SPLINE_CURVE_WITH_KNOTS('',3,(#1413,#1414,#1415,#1416,#1417,
    #1418,#1419,#1420,#1421,#1422),.UNSPECIFIED.,.F.,.F.,(4,3,3,4),(
    -2.174786892432,-2.174403576537,-1.406081415533,-0.65573036004),
  .UNSPECIFIED.);
#1413 = CARTESIAN_POINT('',(-13.95742212274,460.5,75.592844143347));
#1414 = CARTESIAN_POINT('',(-13.95807812464,460.5,75.592517699001));
#1415 = CARTESIAN_POINT('',(-13.95873412651,460.5,75.592191254666));
#1416 = CARTESIAN_POINT('',(-13.95939012838,460.5,75.59186481033));
#1417 = CARTESIAN_POINT('',(-14.9118989525,460.5,75.117870569364));
#1418 = CARTESIAN_POINT('',(-15.78580358543,460.5,74.591369433815));
#1419 = CARTESIAN_POINT('',(-16.54656459145,460.5,74.034756675984));
#1420 = CARTESIAN_POINT('',(-17.30805170124,460.5,73.477612662442));
#1421 = CARTESIAN_POINT('',(-18.14905410283,460.5,72.740335828221));
#1422 = CARTESIAN_POINT('',(-18.76957016717,460.5,71.934704649));
#1423 = PCURVE('',#1290,#1424);
#1424 = DEFINITIONAL_REPRESENTATION('',(#1425),#1429);
#1425 = LINE('',#1426,#1427);
#1426 = CARTESIAN_POINT('',(0.,0.));
#1427 = VECTOR('',#1428,1.);
#1428 = DIRECTION('',(1.,0.));
#1429 = ( GEOMETRIC_REPRESENTATION_CONTEXT(2) 
PARAMETRIC_REPRESENTATION_CONTEXT() REPRESENTATION_CONTEXT('2D SPACE',''
  ) );
#1430 = PCURVE('',#153,#1431);
#1431 = DEFINITIONAL_REPRESENTATION('',(#1432),#1443);
#1432 = B_SPLINE_CURVE_WITH_KNOTS('',3,(#1433,#1434,#1435,#1436,#1437,
    #1438,#1439,#1440,#1441,#1442),.UNSPECIFIED.,.F.,.F.,(4,3,3,4),(
    -2.174786892432,-2.174403576537,-1.406081415533,-0.65573036004),
  .UNSPECIFIED.);
#1433 = CARTESIAN_POINT('',(13.95742212274,47.79579678234));
#1434 = CARTESIAN_POINT('',(13.95807812464,47.795470337994));
#1435 = CARTESIAN_POINT('',(13.95873412651,47.795143893659));
#1436 = CARTESIAN_POINT('',(13.95939012838,47.794817449323));
#1437 = CARTESIAN_POINT('',(14.9118989525,47.320823208357));
#1438 = CARTESIAN_POINT('',(15.78580358543,46.794322072808));
#1439 = CARTESIAN_POINT('',(16.54656459145,46.237709314977));
#1440 = CARTESIAN_POINT('',(17.30805170124,45.680565301435));
#1441 = CARTESIAN_POINT('',(18.14905410283,44.943288467214));
#1442 = CARTESIAN_POINT('',(18.76957016717,44.137657287993));
#1443 = ( GEOMETRIC_REPRESENTATION_CONTEXT(2) 
PARAMETRIC_REPRESENTATION_CONTEXT() REPRESENTATION_CONTEXT('2D SPACE',''
  ) );
#1444 = ADVANCED_FACE('',(#1445),#44,.T.);
#1445 = FACE_BOUND('',#1446,.T.);
#1446 = EDGE_LOOP('',(#1447,#1448,#1483,#1484));
#1447 = ORIENTED_EDGE('',*,*,#1387,.T.);
#1448 = ORIENTED_EDGE('',*,*,#1449,.T.);
#1449 = EDGE_CURVE('',#1351,#24,#1450,.T.);
#1450 = SURFACE_CURVE('',#1451,(#1462,#1469),.PCURVE_S1.);
#1451 = B_SPLINE_CURVE_WITH_KNOTS('',3,(#1452,#1453,#1454,#1455,#1456,
    #1457,#1458,#1459,#1460,#1461),.UNSPECIFIED.,.F.,.F.,(4,3,3,4),(
    -0.65221209642,-0.520661574759,-4.990989190997E-02,
    -4.978138196385E-02),.UNSPECIFIED.);
#1452 = CARTESIAN_POINT('',(-18.76957016714,458.,71.934704648978));
#1453 = CARTESIAN_POINT('',(-18.87402503673,458.,71.798067329337));
#1454 = CARTESIAN_POINT('',(-18.97219381473,458.,71.659581112941));
#1455 = CARTESIAN_POINT('',(-19.06354005838,458.,71.519613763555));
#1456 = CARTESIAN_POINT('',(-19.40285328631,458.,70.999693389945));
#1457 = CARTESIAN_POINT('',(-19.60121082831,458.,70.539828633833));
#1458 = CARTESIAN_POINT('',(-19.69223619928,458.,70.146003540105));
#1459 = CARTESIAN_POINT('',(-19.69233109273,458.,70.145592979582));
#1460 = CARTESIAN_POINT('',(-19.69242598619,458.,70.145182419059));
#1461 = CARTESIAN_POINT('',(-19.69252087964,458.,70.144771858542));
#1462 = PCURVE('',#44,#1463);
#1463 = DEFINITIONAL_REPRESENTATION('',(#1464),#1468);
#1464 = LINE('',#1465,#1466);
#1465 = CARTESIAN_POINT('',(0.,-2.5));
#1466 = VECTOR('',#1467,1.);
#1467 = DIRECTION('',(1.,0.));
#1468 = ( GEOMETRIC_REPRESENTATION_CONTEXT(2) 
PARAMETRIC_REPRESENTATION_CONTEXT() REPRESENTATION_CONTEXT('2D SPACE',''
  ) );
#1469 = PCURVE('',#82,#1470);
#1470 = DEFINITIONAL_REPRESENTATION('',(#1471),#1482);
#1471 = B_SPLINE_CURVE_WITH_KNOTS('',3,(#1472,#1473,#1474,#1475,#1476,
    #1477,#1478,#1479,#1480,#1481),.UNSPECIFIED.,.F.,.F.,(4,3,3,4),(
    -0.65221209642,-0.520661574759,-4.990989190997E-02,
    -4.978138196385E-02),.UNSPECIFIED.);
#1472 = CARTESIAN_POINT('',(18.76957016714,44.137657287971));
#1473 = CARTESIAN_POINT('',(18.87402503673,44.00101996833));
#1474 = CARTESIAN_POINT('',(18.97219381473,43.862533751934));
#1475 = CARTESIAN_POINT('',(19.06354005838,43.722566402548));
#1476 = CARTESIAN_POINT('',(19.40285328631,43.202646028938));
#1477 = CARTESIAN_POINT('',(19.60121082831,42.742781272826));
#1478 = CARTESIAN_POINT('',(19.69223619928,42.348956179098));
#1479 = CARTESIAN_POINT('',(19.69233109273,42.348545618575));
#1480 = CARTESIAN_POINT('',(19.69242598619,42.348135058052));
#1481 = CARTESIAN_POINT('',(19.69252087964,42.347724497535));
#1482 = ( GEOMETRIC_REPRESENTATION_CONTEXT(2) 
PARAMETRIC_REPRESENTATION_CONTEXT() REPRESENTATION_CONTEXT('2D SPACE',''
  ) );
#1483 = ORIENTED_EDGE('',*,*,#21,.F.);
#1484 = ORIENTED_EDGE('',*,*,#1485,.F.);
#1485 = EDGE_CURVE('',#1388,#22,#1486,.T.);
#1486 = SURFACE_CURVE('',#1487,(#1498,#1505),.PCURVE_S1.);
#1487 = B_SPLINE_CURVE_WITH_KNOTS('',3,(#1488,#1489,#1490,#1491,#1492,
    #1493,#1494,#1495,#1496,#1497),.UNSPECIFIED.,.F.,.F.,(4,3,3,4),(
    -0.65221209642,-0.520661574759,-4.990989190997E-02,
    -4.978138196385E-02),.UNSPECIFIED.);
#1488 = CARTESIAN_POINT('',(-18.76957016714,460.5,71.934704648978));
#1489 = CARTESIAN_POINT('',(-18.87402503673,460.5,71.798067329337));
#1490 = CARTESIAN_POINT('',(-18.97219381473,460.5,71.659581112941));
#1491 = CARTESIAN_POINT('',(-19.06354005838,460.5,71.519613763555));
#1492 = CARTESIAN_POINT('',(-19.40285328631,460.5,70.999693389945));
#1493 = CARTESIAN_POINT('',(-19.60121082831,460.5,70.539828633833));
#1494 = CARTESIAN_POINT('',(-19.69223619928,460.5,70.146003540105));
#1495 = CARTESIAN_POINT('',(-19.69233109273,460.5,70.145592979582));
#1496 = CARTESIAN_POINT('',(-19.69242598619,460.5,70.145182419059));
#1497 = CARTESIAN_POINT('',(-19.69252087964,460.5,70.144771858542));
#1498 = PCURVE('',#44,#1499);
#1499 = DEFINITIONAL_REPRESENTATION('',(#1500),#1504);
#1500 = LINE('',#1501,#1502);
#1501 = CARTESIAN_POINT('',(0.,0.));
#1502 = VECTOR('',#1503,1.);
#1503 = DIRECTION('',(1.,0.));
#1504 = ( GEOMETRIC_REPRESENTATION_CONTEXT(2) 
PARAMETRIC_REPRESENTATION_CONTEXT() REPRESENTATION_CONTEXT('2D SPACE',''
  ) );
#1505 = PCURVE('',#153,#1506);
#1506 = DEFINITIONAL_REPRESENTATION('',(#1507),#1518);
#1507 = B_SPLINE_CURVE_WITH_KNOTS('',3,(#1508,#1509,#1510,#1511,#1512,
    #1513,#1514,#1515,#1516,#1517),.UNSPECIFIED.,.F.,.F.,(4,3,3,4),(
    -0.65221209642,-0.520661574759,-4.990989190997E-02,
    -4.978138196385E-02),.UNSPECIFIED.);
#1508 = CARTESIAN_POINT('',(18.76957016714,44.137657287971));
#1509 = CARTESIAN_POINT('',(18.87402503673,44.00101996833));
#1510 = CARTESIAN_POINT('',(18.97219381473,43.862533751934));
#1511 = CARTESIAN_POINT('',(19.06354005838,43.722566402548));
#1512 = CARTESIAN_POINT('',(19.40285328631,43.202646028938));
#1513 = CARTESIAN_POINT('',(19.60121082831,42.742781272826));
#1514 = CARTESIAN_POINT('',(19.69223619928,42.348956179098));
#1515 = CARTESIAN_POINT('',(19.69233109273,42.348545618575));
#1516 = CARTESIAN_POINT('',(19.69242598619,42.348135058052));
#1517 = CARTESIAN_POINT('',(19.69252087964,42.347724497535));
#1518 = ( GEOMETRIC_REPRESENTATION_CONTEXT(2) 
PARAMETRIC_REPRESENTATION_CONTEXT() REPRESENTATION_CONTEXT('2D SPACE',''
  ) );
#1519 = ADVANCED_FACE('',(#1520),#1534,.T.);
#1520 = FACE_BOUND('',#1521,.T.);
#1521 = EDGE_LOOP('',(#1522,#1557,#1580,#1608));
#1522 = ORIENTED_EDGE('',*,*,#1523,.T.);
#1523 = EDGE_CURVE('',#1524,#1526,#1528,.T.);
#1524 = VERTEX_POINT('',#1525);
#1525 = CARTESIAN_POINT('',(-12.55354019186,460.5,1.639845670946));
#1526 = VERTEX_POINT('',#1527);
#1527 = CARTESIAN_POINT('',(-12.55354019186,458.,1.639845670946));
#1528 = SURFACE_CURVE('',#1529,(#1533,#1545),.PCURVE_S1.);
#1529 = LINE('',#1530,#1531);
#1530 = CARTESIAN_POINT('',(-12.55354019186,460.5,1.639845670946));
#1531 = VECTOR('',#1532,1.);
#1532 = DIRECTION('',(4.087939514284E-14,-1.,-7.908951930284E-14));
#1533 = PCURVE('',#1534,#1539);
#1534 = PLANE('',#1535);
#1535 = AXIS2_PLACEMENT_3D('',#1536,#1537,#1538);
#1536 = CARTESIAN_POINT('',(-12.55354019185,460.5,1.639845670947));
#1537 = DIRECTION('',(-0.573576436351,4.133888363254E-14,-0.819152044289
    ));
#1538 = DIRECTION('',(-0.819152044289,-7.8850324735E-14,0.573576436351)
  );
#1539 = DEFINITIONAL_REPRESENTATION('',(#1540),#1544);
#1540 = LINE('',#1541,#1542);
#1541 = CARTESIAN_POINT('',(6.403071860406E-15,-1.353668299994E-12));
#1542 = VECTOR('',#1543,1.);
#1543 = DIRECTION('',(8.204153414299E-27,-1.));
#1544 = ( GEOMETRIC_REPRESENTATION_CONTEXT(2) 
PARAMETRIC_REPRESENTATION_CONTEXT() REPRESENTATION_CONTEXT('2D SPACE',''
  ) );
#1545 = PCURVE('',#1546,#1551);
#1546 = PLANE('',#1547);
#1547 = AXIS2_PLACEMENT_3D('',#1548,#1549,#1550);
#1548 = CARTESIAN_POINT('',(-13.98748128273,460.5,-0.408034439776));
#1549 = DIRECTION('',(-0.819152044289,-7.885032473499E-14,0.573576436351
    ));
#1550 = DIRECTION('',(0.573576436351,-4.133888363254E-14,0.819152044289)
  );
#1551 = DEFINITIONAL_REPRESENTATION('',(#1552),#1556);
#1552 = LINE('',#1553,#1554);
#1553 = CARTESIAN_POINT('',(2.500000000001,-5.578603999962E-13));
#1554 = VECTOR('',#1555,1.);
#1555 = DIRECTION('',(-1.173825026969E-27,-1.));
#1556 = ( GEOMETRIC_REPRESENTATION_CONTEXT(2) 
PARAMETRIC_REPRESENTATION_CONTEXT() REPRESENTATION_CONTEXT('2D SPACE',''
  ) );
#1557 = ORIENTED_EDGE('',*,*,#1558,.T.);
#1558 = EDGE_CURVE('',#1526,#1559,#1561,.T.);
#1559 = VERTEX_POINT('',#1560);
#1560 = CARTESIAN_POINT('',(-34.05778837123,458.,16.697282349676));
#1561 = SURFACE_CURVE('',#1562,(#1566,#1573),.PCURVE_S1.);
#1562 = LINE('',#1563,#1564);
#1563 = CARTESIAN_POINT('',(-26.77397725645,458.,11.59710290021));
#1564 = VECTOR('',#1565,1.);
#1565 = DIRECTION('',(-0.819152044289,-7.8850324735E-14,0.573576436351)
  );
#1566 = PCURVE('',#1534,#1567);
#1567 = DEFINITIONAL_REPRESENTATION('',(#1568),#1572);
#1568 = LINE('',#1569,#1570);
#1569 = CARTESIAN_POINT('',(17.359948209534,-2.5));
#1570 = VECTOR('',#1571,1.);
#1571 = DIRECTION('',(1.,2.869859254937E-42));
#1572 = ( GEOMETRIC_REPRESENTATION_CONTEXT(2) 
PARAMETRIC_REPRESENTATION_CONTEXT() REPRESENTATION_CONTEXT('2D SPACE',''
  ) );
#1573 = PCURVE('',#82,#1574);
#1574 = DEFINITIONAL_REPRESENTATION('',(#1575),#1579);
#1575 = LINE('',#1576,#1577);
#1576 = CARTESIAN_POINT('',(26.77397725645,-16.19994446079));
#1577 = VECTOR('',#1578,1.);
#1578 = DIRECTION('',(0.819152044289,0.573576436351));
#1579 = ( GEOMETRIC_REPRESENTATION_CONTEXT(2) 
PARAMETRIC_REPRESENTATION_CONTEXT() REPRESENTATION_CONTEXT('2D SPACE',''
  ) );
#1580 = ORIENTED_EDGE('',*,*,#1581,.F.);
#1581 = EDGE_CURVE('',#1582,#1559,#1584,.T.);
#1582 = VERTEX_POINT('',#1583);
#1583 = CARTESIAN_POINT('',(-34.05778837123,460.5,16.697282349676));
#1584 = SURFACE_CURVE('',#1585,(#1589,#1596),.PCURVE_S1.);
#1585 = LINE('',#1586,#1587);
#1586 = CARTESIAN_POINT('',(-34.05778837123,460.5,16.697282349676));
#1587 = VECTOR('',#1588,1.);
#1588 = DIRECTION('',(4.087939514284E-14,-1.,-7.908951930284E-14));
#1589 = PCURVE('',#1534,#1590);
#1590 = DEFINITIONAL_REPRESENTATION('',(#1591),#1595);
#1591 = LINE('',#1592,#1593);
#1592 = CARTESIAN_POINT('',(26.251839727796,6.926946999967E-13));
#1593 = VECTOR('',#1594,1.);
#1594 = DIRECTION('',(8.204153414299E-27,-1.));
#1595 = ( GEOMETRIC_REPRESENTATION_CONTEXT(2) 
PARAMETRIC_REPRESENTATION_CONTEXT() REPRESENTATION_CONTEXT('2D SPACE',''
  ) );
#1596 = PCURVE('',#1597,#1602);
#1597 = PLANE('',#1598);
#1598 = AXIS2_PLACEMENT_3D('',#1599,#1600,#1601);
#1599 = CARTESIAN_POINT('',(-34.05778837123,460.49999999999,
    16.697282349676));
#1600 = DIRECTION('',(-0.91554055365,-6.923857944657E-14,0.402225676234)
  );
#1601 = DIRECTION('',(0.402225676234,4.118512553069E-13,0.91554055365));
#1602 = DEFINITIONAL_REPRESENTATION('',(#1603),#1607);
#1603 = LINE('',#1604,#1605);
#1604 = CARTESIAN_POINT('',(9.148087831119E-16,1.57213764943E-12));
#1605 = VECTOR('',#1606,1.);
#1606 = DIRECTION('',(-4.67818175242E-13,-1.));
#1607 = ( GEOMETRIC_REPRESENTATION_CONTEXT(2) 
PARAMETRIC_REPRESENTATION_CONTEXT() REPRESENTATION_CONTEXT('2D SPACE',''
  ) );
#1608 = ORIENTED_EDGE('',*,*,#1609,.F.);
#1609 = EDGE_CURVE('',#1524,#1582,#1610,.T.);
#1610 = SURFACE_CURVE('',#1611,(#1615,#1622),.PCURVE_S1.);
#1611 = LINE('',#1612,#1613);
#1612 = CARTESIAN_POINT('',(-26.77397725645,460.5,11.59710290021));
#1613 = VECTOR('',#1614,1.);
#1614 = DIRECTION('',(-0.819152044289,-7.8850324735E-14,0.573576436351)
  );
#1615 = PCURVE('',#1534,#1616);
#1616 = DEFINITIONAL_REPRESENTATION('',(#1617),#1621);
#1617 = LINE('',#1618,#1619);
#1618 = CARTESIAN_POINT('',(17.359948209534,1.424236783753E-25));
#1619 = VECTOR('',#1620,1.);
#1620 = DIRECTION('',(1.,2.869859254937E-42));
#1621 = ( GEOMETRIC_REPRESENTATION_CONTEXT(2) 
PARAMETRIC_REPRESENTATION_CONTEXT() REPRESENTATION_CONTEXT('2D SPACE',''
  ) );
#1622 = PCURVE('',#153,#1623);
#1623 = DEFINITIONAL_REPRESENTATION('',(#1624),#1628);
#1624 = LINE('',#1625,#1626);
#1625 = CARTESIAN_POINT('',(26.77397725645,-16.19994446079));
#1626 = VECTOR('',#1627,1.);
#1627 = DIRECTION('',(0.819152044289,0.573576436351));
#1628 = ( GEOMETRIC_REPRESENTATION_CONTEXT(2) 
PARAMETRIC_REPRESENTATION_CONTEXT() REPRESENTATION_CONTEXT('2D SPACE',''
  ) );
#1629 = ADVANCED_FACE('',(#1630),#1597,.T.);
#1630 = FACE_BOUND('',#1631,.T.);
#1631 = EDGE_LOOP('',(#1632,#1633,#1656,#1687));
#1632 = ORIENTED_EDGE('',*,*,#1581,.T.);
#1633 = ORIENTED_EDGE('',*,*,#1634,.T.);
#1634 = EDGE_CURVE('',#1559,#1635,#1637,.T.);
#1635 = VERTEX_POINT('',#1636);
#1636 = CARTESIAN_POINT('',(-32.51967657083,458.,20.198311280743));
#1637 = SURFACE_CURVE('',#1638,(#1642,#1649),.PCURVE_S1.);
#1638 = LINE('',#1639,#1640);
#1639 = CARTESIAN_POINT('',(-32.51967657083,458.,20.198311280743));
#1640 = VECTOR('',#1641,1.);
#1641 = DIRECTION('',(0.402225676234,4.118512553069E-13,0.91554055365));
#1642 = PCURVE('',#1597,#1643);
#1643 = DEFINITIONAL_REPRESENTATION('',(#1644),#1648);
#1644 = LINE('',#1645,#1646);
#1645 = CARTESIAN_POINT('',(3.824002024933,-2.5));
#1646 = VECTOR('',#1647,1.);
#1647 = DIRECTION('',(1.,0.));
#1648 = ( GEOMETRIC_REPRESENTATION_CONTEXT(2) 
PARAMETRIC_REPRESENTATION_CONTEXT() REPRESENTATION_CONTEXT('2D SPACE',''
  ) );
#1649 = PCURVE('',#82,#1650);
#1650 = DEFINITIONAL_REPRESENTATION('',(#1651),#1655);
#1651 = LINE('',#1652,#1653);
#1652 = CARTESIAN_POINT('',(32.51967657083,-7.598736080264));
#1653 = VECTOR('',#1654,1.);
#1654 = DIRECTION('',(-0.402225676234,0.91554055365));
#1655 = ( GEOMETRIC_REPRESENTATION_CONTEXT(2) 
PARAMETRIC_REPRESENTATION_CONTEXT() REPRESENTATION_CONTEXT('2D SPACE',''
  ) );
#1656 = ORIENTED_EDGE('',*,*,#1657,.F.);
#1657 = EDGE_CURVE('',#1658,#1635,#1660,.T.);
#1658 = VERTEX_POINT('',#1659);
#1659 = CARTESIAN_POINT('',(-32.51967657083,460.5,20.198311280743));
#1660 = SURFACE_CURVE('',#1661,(#1665,#1672),.PCURVE_S1.);
#1661 = LINE('',#1662,#1663);
#1662 = CARTESIAN_POINT('',(-32.51967657083,460.5,20.198311280743));
#1663 = VECTOR('',#1664,1.);
#1664 = DIRECTION('',(4.087939514284E-14,-1.,-7.908951930284E-14));
#1665 = PCURVE('',#1597,#1666);
#1666 = DEFINITIONAL_REPRESENTATION('',(#1667),#1671);
#1667 = LINE('',#1668,#1669);
#1668 = CARTESIAN_POINT('',(3.824002024934,1.057370001086E-14));
#1669 = VECTOR('',#1670,1.);
#1670 = DIRECTION('',(-4.67818175242E-13,-1.));
#1671 = ( GEOMETRIC_REPRESENTATION_CONTEXT(2) 
PARAMETRIC_REPRESENTATION_CONTEXT() REPRESENTATION_CONTEXT('2D SPACE',''
  ) );
#1672 = PCURVE('',#1673,#1681);
#1673 = SURFACE_OF_LINEAR_EXTRUSION('',#1674,#1679);
#1674 = CIRCLE('',#1675,3.);
#1675 = AXIS2_PLACEMENT_3D('',#1676,#1677,#1678);
#1676 = CARTESIAN_POINT('',(-34.9771327037,460.5,21.919040589797));
#1677 = DIRECTION('',(-1.92120868126E-12,-1.,-2.743780626189E-12));
#1678 = DIRECTION('',(0.573576436351,-3.349533537907E-12,0.819152044289)
  );
#1679 = VECTOR('',#1680,1.);
#1680 = DIRECTION('',(-4.087939514284E-14,1.,7.908951930284E-14));
#1681 = DEFINITIONAL_REPRESENTATION('',(#1682),#1686);
#1682 = LINE('',#1683,#1684);
#1683 = CARTESIAN_POINT('',(4.712388980385,0.));
#1684 = VECTOR('',#1685,1.);
#1685 = DIRECTION('',(0.,-1.));
#1686 = ( GEOMETRIC_REPRESENTATION_CONTEXT(2) 
PARAMETRIC_REPRESENTATION_CONTEXT() REPRESENTATION_CONTEXT('2D SPACE',''
  ) );
#1687 = ORIENTED_EDGE('',*,*,#1688,.F.);
#1688 = EDGE_CURVE('',#1582,#1658,#1689,.T.);
#1689 = SURFACE_CURVE('',#1690,(#1694,#1701),.PCURVE_S1.);
#1690 = LINE('',#1691,#1692);
#1691 = CARTESIAN_POINT('',(-32.51967657083,460.5,20.198311280743));
#1692 = VECTOR('',#1693,1.);
#1693 = DIRECTION('',(0.402225676234,4.118512553069E-13,0.91554055365));
#1694 = PCURVE('',#1597,#1695);
#1695 = DEFINITIONAL_REPRESENTATION('',(#1696),#1700);
#1696 = LINE('',#1697,#1698);
#1697 = CARTESIAN_POINT('',(3.824002024934,6.60653968727E-24));
#1698 = VECTOR('',#1699,1.);
#1699 = DIRECTION('',(1.,0.));
#1700 = ( GEOMETRIC_REPRESENTATION_CONTEXT(2) 
PARAMETRIC_REPRESENTATION_CONTEXT() REPRESENTATION_CONTEXT('2D SPACE',''
  ) );
#1701 = PCURVE('',#153,#1702);
#1702 = DEFINITIONAL_REPRESENTATION('',(#1703),#1707);
#1703 = LINE('',#1704,#1705);
#1704 = CARTESIAN_POINT('',(32.51967657083,-7.598736080264));
#1705 = VECTOR('',#1706,1.);
#1706 = DIRECTION('',(-0.402225676234,0.91554055365));
#1707 = ( GEOMETRIC_REPRESENTATION_CONTEXT(2) 
PARAMETRIC_REPRESENTATION_CONTEXT() REPRESENTATION_CONTEXT('2D SPACE',''
  ) );
#1708 = ADVANCED_FACE('',(#1709),#1673,.T.);
#1709 = FACE_BOUND('',#1710,.T.);
#1710 = EDGE_LOOP('',(#1711,#1712,#1740,#1768));
#1711 = ORIENTED_EDGE('',*,*,#1657,.T.);
#1712 = ORIENTED_EDGE('',*,*,#1713,.T.);
#1713 = EDGE_CURVE('',#1635,#1714,#1716,.T.);
#1714 = VERTEX_POINT('',#1715);
#1715 = CARTESIAN_POINT('',(-33.25640339464,458.,24.376496722664));
#1716 = SURFACE_CURVE('',#1717,(#1722,#1729),.PCURVE_S1.);
#1717 = CIRCLE('',#1718,3.);
#1718 = AXIS2_PLACEMENT_3D('',#1719,#1720,#1721);
#1719 = CARTESIAN_POINT('',(-34.9771327037,458.,21.919040589797));
#1720 = DIRECTION('',(-1.92120868126E-12,-1.,-2.743780626189E-12));
#1721 = DIRECTION('',(0.573576436351,-3.349533537907E-12,0.819152044289)
  );
#1722 = PCURVE('',#1673,#1723);
#1723 = DEFINITIONAL_REPRESENTATION('',(#1724),#1728);
#1724 = LINE('',#1725,#1726);
#1725 = CARTESIAN_POINT('',(0.,-2.5));
#1726 = VECTOR('',#1727,1.);
#1727 = DIRECTION('',(1.,0.));
#1728 = ( GEOMETRIC_REPRESENTATION_CONTEXT(2) 
PARAMETRIC_REPRESENTATION_CONTEXT() REPRESENTATION_CONTEXT('2D SPACE',''
  ) );
#1729 = PCURVE('',#82,#1730);
#1730 = DEFINITIONAL_REPRESENTATION('',(#1731),#1739);
#1731 = ( BOUNDED_CURVE() B_SPLINE_CURVE(2,(#1732,#1733,#1734,#1735,
#1736,#1737,#1738),.UNSPECIFIED.,.T.,.F.) B_SPLINE_CURVE_WITH_KNOTS((1,2
    ,2,2,2,1),(-2.094395102393,0.,2.094395102393,4.188790204786,
6.28318530718,8.377580409573),.UNSPECIFIED.) CURVE() 
GEOMETRIC_REPRESENTATION_ITEM() RATIONAL_B_SPLINE_CURVE((1.,0.5,1.,0.5,
1.,0.5,1.)) REPRESENTATION_ITEM('') );
#1732 = CARTESIAN_POINT('',(33.256403394647,-3.420550638343));
#1733 = CARTESIAN_POINT('',(37.512842274144,-0.44016004899));
#1734 = CARTESIAN_POINT('',(37.965716797975,-5.616539542967));
#1735 = CARTESIAN_POINT('',(38.418591321806,-10.79291903694));
#1736 = CARTESIAN_POINT('',(33.709277918478,-8.59693013232));
#1737 = CARTESIAN_POINT('',(28.99996451515,-6.400941227696));
#1738 = CARTESIAN_POINT('',(33.256403394647,-3.420550638343));
#1739 = ( GEOMETRIC_REPRESENTATION_CONTEXT(2) 
PARAMETRIC_REPRESENTATION_CONTEXT() REPRESENTATION_CONTEXT('2D SPACE',''
  ) );
#1740 = ORIENTED_EDGE('',*,*,#1741,.F.);
#1741 = EDGE_CURVE('',#1742,#1714,#1744,.T.);
#1742 = VERTEX_POINT('',#1743);
#1743 = CARTESIAN_POINT('',(-33.25640339464,460.5,24.376496722664));
#1744 = SURFACE_CURVE('',#1745,(#1749,#1756),.PCURVE_S1.);
#1745 = LINE('',#1746,#1747);
#1746 = CARTESIAN_POINT('',(-33.25640339464,460.5,24.376496722664));
#1747 = VECTOR('',#1748,1.);
#1748 = DIRECTION('',(4.087939514284E-14,-1.,-7.908951930284E-14));
#1749 = PCURVE('',#1673,#1750);
#1750 = DEFINITIONAL_REPRESENTATION('',(#1751),#1755);
#1751 = LINE('',#1752,#1753);
#1752 = CARTESIAN_POINT('',(6.28318530718,0.));
#1753 = VECTOR('',#1754,1.);
#1754 = DIRECTION('',(0.,-1.));
#1755 = ( GEOMETRIC_REPRESENTATION_CONTEXT(2) 
PARAMETRIC_REPRESENTATION_CONTEXT() REPRESENTATION_CONTEXT('2D SPACE',''
  ) );
#1756 = PCURVE('',#1757,#1762);
#1757 = PLANE('',#1758);
#1758 = AXIS2_PLACEMENT_3D('',#1759,#1760,#1761);
#1759 = CARTESIAN_POINT('',(-33.25640339464,460.5,24.376496722662));
#1760 = DIRECTION('',(-0.573576436351,4.133888363254E-14,-0.819152044289
    ));
#1761 = DIRECTION('',(-0.819152044289,-1.779670202179E-27,0.573576436351
    ));
#1762 = DEFINITIONAL_REPRESENTATION('',(#1763),#1767);
#1763 = LINE('',#1764,#1765);
#1764 = CARTESIAN_POINT('',(1.018876425631E-15,5.935150702867E-15));
#1765 = VECTOR('',#1766,1.);
#1766 = DIRECTION('',(-7.885032473499E-14,-1.));
#1767 = ( GEOMETRIC_REPRESENTATION_CONTEXT(2) 
PARAMETRIC_REPRESENTATION_CONTEXT() REPRESENTATION_CONTEXT('2D SPACE',''
  ) );
#1768 = ORIENTED_EDGE('',*,*,#1769,.F.);
#1769 = EDGE_CURVE('',#1658,#1742,#1770,.T.);
#1770 = SURFACE_CURVE('',#1771,(#1776,#1783),.PCURVE_S1.);
#1771 = CIRCLE('',#1772,3.);
#1772 = AXIS2_PLACEMENT_3D('',#1773,#1774,#1775);
#1773 = CARTESIAN_POINT('',(-34.9771327037,460.5,21.919040589797));
#1774 = DIRECTION('',(-1.92120868126E-12,-1.,-2.743780626189E-12));
#1775 = DIRECTION('',(0.573576436351,-3.349533537907E-12,0.819152044289)
  );
#1776 = PCURVE('',#1673,#1777);
#1777 = DEFINITIONAL_REPRESENTATION('',(#1778),#1782);
#1778 = LINE('',#1779,#1780);
#1779 = CARTESIAN_POINT('',(0.,0.));
#1780 = VECTOR('',#1781,1.);
#1781 = DIRECTION('',(1.,0.));
#1782 = ( GEOMETRIC_REPRESENTATION_CONTEXT(2) 
PARAMETRIC_REPRESENTATION_CONTEXT() REPRESENTATION_CONTEXT('2D SPACE',''
  ) );
#1783 = PCURVE('',#153,#1784);
#1784 = DEFINITIONAL_REPRESENTATION('',(#1785),#1793);
#1785 = ( BOUNDED_CURVE() B_SPLINE_CURVE(2,(#1786,#1787,#1788,#1789,
#1790,#1791,#1792),.UNSPECIFIED.,.T.,.F.) B_SPLINE_CURVE_WITH_KNOTS((1,2
    ,2,2,2,1),(-2.094395102393,0.,2.094395102393,4.188790204786,
6.28318530718,8.377580409573),.UNSPECIFIED.) CURVE() 
GEOMETRIC_REPRESENTATION_ITEM() RATIONAL_B_SPLINE_CURVE((1.,0.5,1.,0.5,
1.,0.5,1.)) REPRESENTATION_ITEM('') );
#1786 = CARTESIAN_POINT('',(33.256403394647,-3.420550638343));
#1787 = CARTESIAN_POINT('',(37.512842274144,-0.44016004899));
#1788 = CARTESIAN_POINT('',(37.965716797975,-5.616539542967));
#1789 = CARTESIAN_POINT('',(38.418591321806,-10.79291903694));
#1790 = CARTESIAN_POINT('',(33.709277918478,-8.59693013232));
#1791 = CARTESIAN_POINT('',(28.99996451515,-6.400941227696));
#1792 = CARTESIAN_POINT('',(33.256403394647,-3.420550638343));
#1793 = ( GEOMETRIC_REPRESENTATION_CONTEXT(2) 
PARAMETRIC_REPRESENTATION_CONTEXT() REPRESENTATION_CONTEXT('2D SPACE',''
  ) );
#1794 = ADVANCED_FACE('',(#1795),#1757,.T.);
#1795 = FACE_BOUND('',#1796,.T.);
#1796 = EDGE_LOOP('',(#1797,#1798,#1821,#1849));
#1797 = ORIENTED_EDGE('',*,*,#1741,.T.);
#1798 = ORIENTED_EDGE('',*,*,#1799,.T.);
#1799 = EDGE_CURVE('',#1714,#1800,#1802,.T.);
#1800 = VERTEX_POINT('',#1801);
#1801 = CARTESIAN_POINT('',(-37.93244632185,458.,27.650697229286));
#1802 = SURFACE_CURVE('',#1803,(#1807,#1814),.PCURVE_S1.);
#1803 = LINE('',#1804,#1805);
#1804 = CARTESIAN_POINT('',(-37.93244632185,458.,27.650697229286));
#1805 = VECTOR('',#1806,1.);
#1806 = DIRECTION('',(-0.819152044289,-1.792291976662E-27,0.573576436351
    ));
#1807 = PCURVE('',#1757,#1808);
#1808 = DEFINITIONAL_REPRESENTATION('',(#1809),#1813);
#1809 = LINE('',#1810,#1811);
#1810 = CARTESIAN_POINT('',(5.708394381494,-2.5));
#1811 = VECTOR('',#1812,1.);
#1812 = DIRECTION('',(1.,-2.524354896707E-29));
#1813 = ( GEOMETRIC_REPRESENTATION_CONTEXT(2) 
PARAMETRIC_REPRESENTATION_CONTEXT() REPRESENTATION_CONTEXT('2D SPACE',''
  ) );
#1814 = PCURVE('',#82,#1815);
#1815 = DEFINITIONAL_REPRESENTATION('',(#1816),#1820);
#1816 = LINE('',#1817,#1818);
#1817 = CARTESIAN_POINT('',(37.93244632185,-0.146350131721));
#1818 = VECTOR('',#1819,1.);
#1819 = DIRECTION('',(0.819152044289,0.573576436351));
#1820 = ( GEOMETRIC_REPRESENTATION_CONTEXT(2) 
PARAMETRIC_REPRESENTATION_CONTEXT() REPRESENTATION_CONTEXT('2D SPACE',''
  ) );
#1821 = ORIENTED_EDGE('',*,*,#1822,.F.);
#1822 = EDGE_CURVE('',#1823,#1800,#1825,.T.);
#1823 = VERTEX_POINT('',#1824);
#1824 = CARTESIAN_POINT('',(-37.93244632185,460.5,27.650697229286));
#1825 = SURFACE_CURVE('',#1826,(#1830,#1837),.PCURVE_S1.);
#1826 = LINE('',#1827,#1828);
#1827 = CARTESIAN_POINT('',(-37.93244632185,460.5,27.650697229286));
#1828 = VECTOR('',#1829,1.);
#1829 = DIRECTION('',(4.087939514284E-14,-1.,-7.908951930284E-14));
#1830 = PCURVE('',#1757,#1831);
#1831 = DEFINITIONAL_REPRESENTATION('',(#1832),#1836);
#1832 = LINE('',#1833,#1834);
#1833 = CARTESIAN_POINT('',(5.708394381494,-4.626969999613E-14));
#1834 = VECTOR('',#1835,1.);
#1835 = DIRECTION('',(-7.885032473499E-14,-1.));
#1836 = ( GEOMETRIC_REPRESENTATION_CONTEXT(2) 
PARAMETRIC_REPRESENTATION_CONTEXT() REPRESENTATION_CONTEXT('2D SPACE',''
  ) );
#1837 = PCURVE('',#1838,#1843);
#1838 = CYLINDRICAL_SURFACE('',#1839,2.000018370845);
#1839 = AXIS2_PLACEMENT_3D('',#1840,#1841,#1842);
#1840 = CARTESIAN_POINT('',(-36.78531078185,460.5,29.289035880658));
#1841 = DIRECTION('',(-2.39392877741E-15,1.,3.3062339584E-16));
#1842 = DIRECTION('',(-0.573562501587,-1.102233721691E-15,
    -0.819161801339));
#1843 = DEFINITIONAL_REPRESENTATION('',(#1844),#1848);
#1844 = LINE('',#1845,#1846);
#1845 = CARTESIAN_POINT('',(0.,0.));
#1846 = VECTOR('',#1847,1.);
#1847 = DIRECTION('',(0.,-1.));
#1848 = ( GEOMETRIC_REPRESENTATION_CONTEXT(2) 
PARAMETRIC_REPRESENTATION_CONTEXT() REPRESENTATION_CONTEXT('2D SPACE',''
  ) );
#1849 = ORIENTED_EDGE('',*,*,#1850,.F.);
#1850 = EDGE_CURVE('',#1742,#1823,#1851,.T.);
#1851 = SURFACE_CURVE('',#1852,(#1856,#1863),.PCURVE_S1.);
#1852 = LINE('',#1853,#1854);
#1853 = CARTESIAN_POINT('',(-37.93244632185,460.5,27.650697229286));
#1854 = VECTOR('',#1855,1.);
#1855 = DIRECTION('',(-0.819152044289,-1.792291976662E-27,0.573576436351
    ));
#1856 = PCURVE('',#1757,#1857);
#1857 = DEFINITIONAL_REPRESENTATION('',(#1858),#1862);
#1858 = LINE('',#1859,#1860);
#1859 = CARTESIAN_POINT('',(5.708394381494,7.096466485623E-25));
#1860 = VECTOR('',#1861,1.);
#1861 = DIRECTION('',(1.,-2.524354896707E-29));
#1862 = ( GEOMETRIC_REPRESENTATION_CONTEXT(2) 
PARAMETRIC_REPRESENTATION_CONTEXT() REPRESENTATION_CONTEXT('2D SPACE',''
  ) );
#1863 = PCURVE('',#153,#1864);
#1864 = DEFINITIONAL_REPRESENTATION('',(#1865),#1869);
#1865 = LINE('',#1866,#1867);
#1866 = CARTESIAN_POINT('',(37.93244632185,-0.146350131721));
#1867 = VECTOR('',#1868,1.);
#1868 = DIRECTION('',(0.819152044289,0.573576436351));
#1869 = ( GEOMETRIC_REPRESENTATION_CONTEXT(2) 
PARAMETRIC_REPRESENTATION_CONTEXT() REPRESENTATION_CONTEXT('2D SPACE',''
  ) );
#1870 = ADVANCED_FACE('',(#1871),#1838,.T.);
#1871 = FACE_BOUND('',#1872,.T.);
#1872 = EDGE_LOOP('',(#1873,#1874,#1898,#1926));
#1873 = ORIENTED_EDGE('',*,*,#1822,.T.);
#1874 = ORIENTED_EDGE('',*,*,#1875,.T.);
#1875 = EDGE_CURVE('',#1800,#1876,#1878,.T.);
#1876 = VERTEX_POINT('',#1877);
#1877 = CARTESIAN_POINT('',(-38.23549440184,458.,30.666329409231));
#1878 = SURFACE_CURVE('',#1879,(#1884,#1891),.PCURVE_S1.);
#1879 = CIRCLE('',#1880,2.000018370845);
#1880 = AXIS2_PLACEMENT_3D('',#1881,#1882,#1883);
#1881 = CARTESIAN_POINT('',(-36.78531078185,458.,29.289035880658));
#1882 = DIRECTION('',(-2.39392877741E-15,1.,3.3062339584E-16));
#1883 = DIRECTION('',(-0.573562501587,-1.102233721691E-15,
    -0.819161801339));
#1884 = PCURVE('',#1838,#1885);
#1885 = DEFINITIONAL_REPRESENTATION('',(#1886),#1890);
#1886 = LINE('',#1887,#1888);
#1887 = CARTESIAN_POINT('',(0.,-2.5));
#1888 = VECTOR('',#1889,1.);
#1889 = DIRECTION('',(1.,0.));
#1890 = ( GEOMETRIC_REPRESENTATION_CONTEXT(2) 
PARAMETRIC_REPRESENTATION_CONTEXT() REPRESENTATION_CONTEXT('2D SPACE',''
  ) );
#1891 = PCURVE('',#82,#1892);
#1892 = DEFINITIONAL_REPRESENTATION('',(#1893),#1897);
#1893 = CIRCLE('',#1894,2.000018370845);
#1894 = AXIS2_PLACEMENT_2D('',#1895,#1896);
#1895 = CARTESIAN_POINT('',(36.78531078185,1.491988519651));
#1896 = DIRECTION('',(0.573562501587,-0.819161801339));
#1897 = ( GEOMETRIC_REPRESENTATION_CONTEXT(2) 
PARAMETRIC_REPRESENTATION_CONTEXT() REPRESENTATION_CONTEXT('2D SPACE',''
  ) );
#1898 = ORIENTED_EDGE('',*,*,#1899,.F.);
#1899 = EDGE_CURVE('',#1900,#1876,#1902,.T.);
#1900 = VERTEX_POINT('',#1901);
#1901 = CARTESIAN_POINT('',(-38.23549440184,460.5,30.666329409231));
#1902 = SURFACE_CURVE('',#1903,(#1907,#1914),.PCURVE_S1.);
#1903 = LINE('',#1904,#1905);
#1904 = CARTESIAN_POINT('',(-38.23549440184,460.5,30.666329409231));
#1905 = VECTOR('',#1906,1.);
#1906 = DIRECTION('',(4.087939514284E-14,-1.,-7.908951930284E-14));
#1907 = PCURVE('',#1838,#1908);
#1908 = DEFINITIONAL_REPRESENTATION('',(#1909),#1913);
#1909 = LINE('',#1910,#1911);
#1910 = CARTESIAN_POINT('',(1.71957277414,0.));
#1911 = VECTOR('',#1912,1.);
#1912 = DIRECTION('',(0.,-1.));
#1913 = ( GEOMETRIC_REPRESENTATION_CONTEXT(2) 
PARAMETRIC_REPRESENTATION_CONTEXT() REPRESENTATION_CONTEXT('2D SPACE',''
  ) );
#1914 = PCURVE('',#1915,#1920);
#1915 = CYLINDRICAL_SURFACE('',#1916,109.2447880432);
#1916 = AXIS2_PLACEMENT_3D('',#1917,#1918,#1919);
#1917 = CARTESIAN_POINT('',(40.989388151048,460.50000000001,
    -44.55233417794));
#1918 = DIRECTION('',(-2.13461470913E-15,1.,1.191567030972E-13));
#1919 = DIRECTION('',(4.376535363779E-40,-1.191567030972E-13,1.));
#1920 = DEFINITIONAL_REPRESENTATION('',(#1921),#1925);
#1921 = LINE('',#1922,#1923);
#1922 = CARTESIAN_POINT('',(5.471853261297,0.));
#1923 = VECTOR('',#1924,1.);
#1924 = DIRECTION('',(0.,-1.));
#1925 = ( GEOMETRIC_REPRESENTATION_CONTEXT(2) 
PARAMETRIC_REPRESENTATION_CONTEXT() REPRESENTATION_CONTEXT('2D SPACE',''
  ) );
#1926 = ORIENTED_EDGE('',*,*,#1927,.F.);
#1927 = EDGE_CURVE('',#1823,#1900,#1928,.T.);
#1928 = SURFACE_CURVE('',#1929,(#1934,#1941),.PCURVE_S1.);
#1929 = CIRCLE('',#1930,2.000018370845);
#1930 = AXIS2_PLACEMENT_3D('',#1931,#1932,#1933);
#1931 = CARTESIAN_POINT('',(-36.78531078185,460.5,29.289035880658));
#1932 = DIRECTION('',(-2.39392877741E-15,1.,3.3062339584E-16));
#1933 = DIRECTION('',(-0.573562501587,-1.102233721691E-15,
    -0.819161801339));
#1934 = PCURVE('',#1838,#1935);
#1935 = DEFINITIONAL_REPRESENTATION('',(#1936),#1940);
#1936 = LINE('',#1937,#1938);
#1937 = CARTESIAN_POINT('',(0.,0.));
#1938 = VECTOR('',#1939,1.);
#1939 = DIRECTION('',(1.,0.));
#1940 = ( GEOMETRIC_REPRESENTATION_CONTEXT(2) 
PARAMETRIC_REPRESENTATION_CONTEXT() REPRESENTATION_CONTEXT('2D SPACE',''
  ) );
#1941 = PCURVE('',#153,#1942);
#1942 = DEFINITIONAL_REPRESENTATION('',(#1943),#1947);
#1943 = CIRCLE('',#1944,2.000018370845);
#1944 = AXIS2_PLACEMENT_2D('',#1945,#1946);
#1945 = CARTESIAN_POINT('',(36.78531078185,1.491988519651));
#1946 = DIRECTION('',(0.573562501587,-0.819161801339));
#1947 = ( GEOMETRIC_REPRESENTATION_CONTEXT(2) 
PARAMETRIC_REPRESENTATION_CONTEXT() REPRESENTATION_CONTEXT('2D SPACE',''
  ) );
#1948 = ADVANCED_FACE('',(#1949),#1915,.T.);
#1949 = FACE_BOUND('',#1950,.T.);
#1950 = EDGE_LOOP('',(#1951,#1952,#1976,#2010));
#1951 = ORIENTED_EDGE('',*,*,#1899,.T.);
#1952 = ORIENTED_EDGE('',*,*,#1953,.T.);
#1953 = EDGE_CURVE('',#1876,#1954,#1956,.T.);
#1954 = VERTEX_POINT('',#1955);
#1955 = CARTESIAN_POINT('',(-35.44560018258,458.,33.499599776374));
#1956 = SURFACE_CURVE('',#1957,(#1962,#1969),.PCURVE_S1.);
#1957 = CIRCLE('',#1958,109.2447880432);
#1958 = AXIS2_PLACEMENT_3D('',#1959,#1960,#1961);
#1959 = CARTESIAN_POINT('',(40.989388151048,458.00000000001,
    -44.55233417794));
#1960 = DIRECTION('',(-2.13461470913E-15,1.,1.191567030972E-13));
#1961 = DIRECTION('',(4.376535363779E-40,-1.191567030972E-13,1.));
#1962 = PCURVE('',#1915,#1963);
#1963 = DEFINITIONAL_REPRESENTATION('',(#1964),#1968);
#1964 = LINE('',#1965,#1966);
#1965 = CARTESIAN_POINT('',(0.,-2.5));
#1966 = VECTOR('',#1967,1.);
#1967 = DIRECTION('',(1.,0.));
#1968 = ( GEOMETRIC_REPRESENTATION_CONTEXT(2) 
PARAMETRIC_REPRESENTATION_CONTEXT() REPRESENTATION_CONTEXT('2D SPACE',''
  ) );
#1969 = PCURVE('',#82,#1970);
#1970 = DEFINITIONAL_REPRESENTATION('',(#1971),#1975);
#1971 = CIRCLE('',#1972,109.2447880432);
#1972 = AXIS2_PLACEMENT_2D('',#1973,#1974);
#1973 = CARTESIAN_POINT('',(-40.98938815104,-72.34938153895));
#1974 = DIRECTION('',(4.871053949828E-27,1.));
#1975 = ( GEOMETRIC_REPRESENTATION_CONTEXT(2) 
PARAMETRIC_REPRESENTATION_CONTEXT() REPRESENTATION_CONTEXT('2D SPACE',''
  ) );
#1976 = ORIENTED_EDGE('',*,*,#1977,.F.);
#1977 = EDGE_CURVE('',#1978,#1954,#1980,.T.);
#1978 = VERTEX_POINT('',#1979);
#1979 = CARTESIAN_POINT('',(-35.44560018258,460.5,33.499599776374));
#1980 = SURFACE_CURVE('',#1981,(#1985,#1992),.PCURVE_S1.);
#1981 = LINE('',#1982,#1983);
#1982 = CARTESIAN_POINT('',(-35.44560018258,460.5,33.499599776374));
#1983 = VECTOR('',#1984,1.);
#1984 = DIRECTION('',(4.087939514284E-14,-1.,-7.908951930284E-14));
#1985 = PCURVE('',#1915,#1986);
#1986 = DEFINITIONAL_REPRESENTATION('',(#1987),#1991);
#1987 = LINE('',#1988,#1989);
#1988 = CARTESIAN_POINT('',(5.508253315001,0.));
#1989 = VECTOR('',#1990,1.);
#1990 = DIRECTION('',(0.,-1.));
#1991 = ( GEOMETRIC_REPRESENTATION_CONTEXT(2) 
PARAMETRIC_REPRESENTATION_CONTEXT() REPRESENTATION_CONTEXT('2D SPACE',''
  ) );
#1992 = PCURVE('',#1993,#2004);
#1993 = SURFACE_OF_LINEAR_EXTRUSION('',#1994,#2002);
#1994 = B_SPLINE_CURVE_WITH_KNOTS('',3,(#1995,#1996,#1997,#1998,#1999,
    #2000,#2001),.UNSPECIFIED.,.F.,.F.,(4,3,4),(0.644136741054,
    2.290417634086,4.575405853529),.UNSPECIFIED.);
#1995 = CARTESIAN_POINT('',(-35.44560018258,460.5,33.499599776374));
#1996 = CARTESIAN_POINT('',(-34.28391535577,460.5,38.784659732508));
#1997 = CARTESIAN_POINT('',(-33.15748720995,460.5,44.01402026725));
#1998 = CARTESIAN_POINT('',(-32.03615821289,460.5,49.367374478425));
#1999 = CARTESIAN_POINT('',(-30.47978738989,460.5,56.797668639528));
#2000 = CARTESIAN_POINT('',(-29.03003652881,460.5,64.005446869028));
#2001 = CARTESIAN_POINT('',(-27.58742570131,460.5,71.462978462868));
#2002 = VECTOR('',#2003,1.);
#2003 = DIRECTION('',(-4.087939514284E-14,1.,7.908951930284E-14));
#2004 = DEFINITIONAL_REPRESENTATION('',(#2005),#2009);
#2005 = LINE('',#2006,#2007);
#2006 = CARTESIAN_POINT('',(0.644136741054,0.));
#2007 = VECTOR('',#2008,1.);
#2008 = DIRECTION('',(0.,-1.));
#2009 = ( GEOMETRIC_REPRESENTATION_CONTEXT(2) 
PARAMETRIC_REPRESENTATION_CONTEXT() REPRESENTATION_CONTEXT('2D SPACE',''
  ) );
#2010 = ORIENTED_EDGE('',*,*,#2011,.F.);
#2011 = EDGE_CURVE('',#1900,#1978,#2012,.T.);
#2012 = SURFACE_CURVE('',#2013,(#2018,#2025),.PCURVE_S1.);
#2013 = CIRCLE('',#2014,109.2447880432);
#2014 = AXIS2_PLACEMENT_3D('',#2015,#2016,#2017);
#2015 = CARTESIAN_POINT('',(40.989388151048,460.50000000001,
    -44.55233417794));
#2016 = DIRECTION('',(-2.13461470913E-15,1.,1.191567030972E-13));
#2017 = DIRECTION('',(4.376535363779E-40,-1.191567030972E-13,1.));
#2018 = PCURVE('',#1915,#2019);
#2019 = DEFINITIONAL_REPRESENTATION('',(#2020),#2024);
#2020 = LINE('',#2021,#2022);
#2021 = CARTESIAN_POINT('',(0.,0.));
#2022 = VECTOR('',#2023,1.);
#2023 = DIRECTION('',(1.,0.));
#2024 = ( GEOMETRIC_REPRESENTATION_CONTEXT(2) 
PARAMETRIC_REPRESENTATION_CONTEXT() REPRESENTATION_CONTEXT('2D SPACE',''
  ) );
#2025 = PCURVE('',#153,#2026);
#2026 = DEFINITIONAL_REPRESENTATION('',(#2027),#2031);
#2027 = CIRCLE('',#2028,109.2447880432);
#2028 = AXIS2_PLACEMENT_2D('',#2029,#2030);
#2029 = CARTESIAN_POINT('',(-40.98938815104,-72.34938153895));
#2030 = DIRECTION('',(4.871053949828E-27,1.));
#2031 = ( GEOMETRIC_REPRESENTATION_CONTEXT(2) 
PARAMETRIC_REPRESENTATION_CONTEXT() REPRESENTATION_CONTEXT('2D SPACE',''
  ) );
#2032 = ADVANCED_FACE('',(#2033),#1993,.T.);
#2033 = FACE_BOUND('',#2034,.T.);
#2034 = EDGE_LOOP('',(#2035,#2036,#2067,#2095));
#2035 = ORIENTED_EDGE('',*,*,#1977,.T.);
#2036 = ORIENTED_EDGE('',*,*,#2037,.T.);
#2037 = EDGE_CURVE('',#1954,#2038,#2040,.T.);
#2038 = VERTEX_POINT('',#2039);
#2039 = CARTESIAN_POINT('',(-27.58742572711,458.,71.46297846778));
#2040 = SURFACE_CURVE('',#2041,(#2049,#2056),.PCURVE_S1.);
#2041 = B_SPLINE_CURVE_WITH_KNOTS('',3,(#2042,#2043,#2044,#2045,#2046,
    #2047,#2048),.UNSPECIFIED.,.F.,.F.,(4,3,4),(0.644136741054,
    2.290417634086,4.575405853529),.UNSPECIFIED.);
#2042 = CARTESIAN_POINT('',(-35.44560018258,458.,33.499599776374));
#2043 = CARTESIAN_POINT('',(-34.28391535577,458.,38.784659732508));
#2044 = CARTESIAN_POINT('',(-33.15748720995,458.,44.01402026725));
#2045 = CARTESIAN_POINT('',(-32.03615821289,458.,49.367374478425));
#2046 = CARTESIAN_POINT('',(-30.47978738989,458.,56.797668639528));
#2047 = CARTESIAN_POINT('',(-29.03003652881,458.,64.005446869028));
#2048 = CARTESIAN_POINT('',(-27.58742570131,458.,71.462978462868));
#2049 = PCURVE('',#1993,#2050);
#2050 = DEFINITIONAL_REPRESENTATION('',(#2051),#2055);
#2051 = LINE('',#2052,#2053);
#2052 = CARTESIAN_POINT('',(0.,-2.5));
#2053 = VECTOR('',#2054,1.);
#2054 = DIRECTION('',(1.,0.));
#2055 = ( GEOMETRIC_REPRESENTATION_CONTEXT(2) 
PARAMETRIC_REPRESENTATION_CONTEXT() REPRESENTATION_CONTEXT('2D SPACE',''
  ) );
#2056 = PCURVE('',#82,#2057);
#2057 = DEFINITIONAL_REPRESENTATION('',(#2058),#2066);
#2058 = B_SPLINE_CURVE_WITH_KNOTS('',3,(#2059,#2060,#2061,#2062,#2063,
    #2064,#2065),.UNSPECIFIED.,.F.,.F.,(4,3,4),(0.644136741054,
    2.290417634086,4.575405853529),.UNSPECIFIED.);
#2059 = CARTESIAN_POINT('',(35.44560018258,5.702552415367));
#2060 = CARTESIAN_POINT('',(34.28391535577,10.987612371501));
#2061 = CARTESIAN_POINT('',(33.15748720995,16.216972906243));
#2062 = CARTESIAN_POINT('',(32.03615821289,21.570327117418));
#2063 = CARTESIAN_POINT('',(30.47978738989,29.000621278521));
#2064 = CARTESIAN_POINT('',(29.03003652881,36.208399508021));
#2065 = CARTESIAN_POINT('',(27.58742570131,43.665931101861));
#2066 = ( GEOMETRIC_REPRESENTATION_CONTEXT(2) 
PARAMETRIC_REPRESENTATION_CONTEXT() REPRESENTATION_CONTEXT('2D SPACE',''
  ) );
#2067 = ORIENTED_EDGE('',*,*,#2068,.F.);
#2068 = EDGE_CURVE('',#2069,#2038,#2071,.T.);
#2069 = VERTEX_POINT('',#2070);
#2070 = CARTESIAN_POINT('',(-27.58742572711,460.5,71.46297846778));
#2071 = SURFACE_CURVE('',#2072,(#2076,#2083),.PCURVE_S1.);
#2072 = LINE('',#2073,#2074);
#2073 = CARTESIAN_POINT('',(-27.58742572711,460.5,71.46297846778));
#2074 = VECTOR('',#2075,1.);
#2075 = DIRECTION('',(4.087939514284E-14,-1.,-7.908951930284E-14));
#2076 = PCURVE('',#1993,#2077);
#2077 = DEFINITIONAL_REPRESENTATION('',(#2078),#2082);
#2078 = LINE('',#2079,#2080);
#2079 = CARTESIAN_POINT('',(4.575405853529,0.));
#2080 = VECTOR('',#2081,1.);
#2081 = DIRECTION('',(0.,-1.));
#2082 = ( GEOMETRIC_REPRESENTATION_CONTEXT(2) 
PARAMETRIC_REPRESENTATION_CONTEXT() REPRESENTATION_CONTEXT('2D SPACE',''
  ) );
#2083 = PCURVE('',#2084,#2089);
#2084 = CYLINDRICAL_SURFACE('',#2085,10.945167695346);
#2085 = AXIS2_PLACEMENT_3D('',#2086,#2087,#2088);
#2086 = CARTESIAN_POINT('',(-16.82350591139,460.5,69.479363219542));
#2087 = DIRECTION('',(-4.087939514284E-14,1.,7.908951930284E-14));
#2088 = DIRECTION('',(0.,-7.908951930284E-14,1.));
#2089 = DEFINITIONAL_REPRESENTATION('',(#2090),#2094);
#2090 = LINE('',#2091,#2092);
#2091 = CARTESIAN_POINT('',(4.894628087058,0.));
#2092 = VECTOR('',#2093,1.);
#2093 = DIRECTION('',(0.,-1.));
#2094 = ( GEOMETRIC_REPRESENTATION_CONTEXT(2) 
PARAMETRIC_REPRESENTATION_CONTEXT() REPRESENTATION_CONTEXT('2D SPACE',''
  ) );
#2095 = ORIENTED_EDGE('',*,*,#2096,.F.);
#2096 = EDGE_CURVE('',#1978,#2069,#2097,.T.);
#2097 = SURFACE_CURVE('',#2098,(#2106,#2113),.PCURVE_S1.);
#2098 = B_SPLINE_CURVE_WITH_KNOTS('',3,(#2099,#2100,#2101,#2102,#2103,
    #2104,#2105),.UNSPECIFIED.,.F.,.F.,(4,3,4),(0.644136741054,
    2.290417634086,4.575405853529),.UNSPECIFIED.);
#2099 = CARTESIAN_POINT('',(-35.44560018258,460.5,33.499599776374));
#2100 = CARTESIAN_POINT('',(-34.28391535577,460.5,38.784659732508));
#2101 = CARTESIAN_POINT('',(-33.15748720995,460.5,44.01402026725));
#2102 = CARTESIAN_POINT('',(-32.03615821289,460.5,49.367374478425));
#2103 = CARTESIAN_POINT('',(-30.47978738989,460.5,56.797668639528));
#2104 = CARTESIAN_POINT('',(-29.03003652881,460.5,64.005446869028));
#2105 = CARTESIAN_POINT('',(-27.58742570131,460.5,71.462978462868));
#2106 = PCURVE('',#1993,#2107);
#2107 = DEFINITIONAL_REPRESENTATION('',(#2108),#2112);
#2108 = LINE('',#2109,#2110);
#2109 = CARTESIAN_POINT('',(0.,0.));
#2110 = VECTOR('',#2111,1.);
#2111 = DIRECTION('',(1.,0.));
#2112 = ( GEOMETRIC_REPRESENTATION_CONTEXT(2) 
PARAMETRIC_REPRESENTATION_CONTEXT() REPRESENTATION_CONTEXT('2D SPACE',''
  ) );
#2113 = PCURVE('',#153,#2114);
#2114 = DEFINITIONAL_REPRESENTATION('',(#2115),#2123);
#2115 = B_SPLINE_CURVE_WITH_KNOTS('',3,(#2116,#2117,#2118,#2119,#2120,
    #2121,#2122),.UNSPECIFIED.,.F.,.F.,(4,3,4),(0.644136741054,
    2.290417634086,4.575405853529),.UNSPECIFIED.);
#2116 = CARTESIAN_POINT('',(35.44560018258,5.702552415367));
#2117 = CARTESIAN_POINT('',(34.28391535577,10.987612371501));
#2118 = CARTESIAN_POINT('',(33.15748720995,16.216972906243));
#2119 = CARTESIAN_POINT('',(32.03615821289,21.570327117418));
#2120 = CARTESIAN_POINT('',(30.47978738989,29.000621278521));
#2121 = CARTESIAN_POINT('',(29.03003652881,36.208399508021));
#2122 = CARTESIAN_POINT('',(27.58742570131,43.665931101861));
#2123 = ( GEOMETRIC_REPRESENTATION_CONTEXT(2) 
PARAMETRIC_REPRESENTATION_CONTEXT() REPRESENTATION_CONTEXT('2D SPACE',''
  ) );
#2124 = ADVANCED_FACE('',(#2125),#2084,.T.);
#2125 = FACE_BOUND('',#2126,.T.);
#2126 = EDGE_LOOP('',(#2127,#2128,#2152,#2186));
#2127 = ORIENTED_EDGE('',*,*,#2068,.T.);
#2128 = ORIENTED_EDGE('',*,*,#2129,.T.);
#2129 = EDGE_CURVE('',#2038,#2130,#2132,.T.);
#2130 = VERTEX_POINT('',#2131);
#2131 = CARTESIAN_POINT('',(-27.48674668492,458.,71.947560169599));
#2132 = SURFACE_CURVE('',#2133,(#2138,#2145),.PCURVE_S1.);
#2133 = CIRCLE('',#2134,10.945167695346);
#2134 = AXIS2_PLACEMENT_3D('',#2135,#2136,#2137);
#2135 = CARTESIAN_POINT('',(-16.82350591139,458.,69.479363219542));
#2136 = DIRECTION('',(-4.087939514284E-14,1.,7.908951930284E-14));
#2137 = DIRECTION('',(0.,-7.908951930284E-14,1.));
#2138 = PCURVE('',#2084,#2139);
#2139 = DEFINITIONAL_REPRESENTATION('',(#2140),#2144);
#2140 = LINE('',#2141,#2142);
#2141 = CARTESIAN_POINT('',(0.,-2.5));
#2142 = VECTOR('',#2143,1.);
#2143 = DIRECTION('',(1.,0.));
#2144 = ( GEOMETRIC_REPRESENTATION_CONTEXT(2) 
PARAMETRIC_REPRESENTATION_CONTEXT() REPRESENTATION_CONTEXT('2D SPACE',''
  ) );
#2145 = PCURVE('',#82,#2146);
#2146 = DEFINITIONAL_REPRESENTATION('',(#2147),#2151);
#2147 = CIRCLE('',#2148,10.945167695346);
#2148 = AXIS2_PLACEMENT_2D('',#2149,#2150);
#2149 = CARTESIAN_POINT('',(16.82350591139,41.682315858535));
#2150 = DIRECTION('',(3.233131711238E-27,1.));
#2151 = ( GEOMETRIC_REPRESENTATION_CONTEXT(2) 
PARAMETRIC_REPRESENTATION_CONTEXT() REPRESENTATION_CONTEXT('2D SPACE',''
  ) );
#2152 = ORIENTED_EDGE('',*,*,#2153,.F.);
#2153 = EDGE_CURVE('',#2154,#2130,#2156,.T.);
#2154 = VERTEX_POINT('',#2155);
#2155 = CARTESIAN_POINT('',(-27.48674668492,460.5,71.947560169599));
#2156 = SURFACE_CURVE('',#2157,(#2161,#2168),.PCURVE_S1.);
#2157 = LINE('',#2158,#2159);
#2158 = CARTESIAN_POINT('',(-27.48674668492,460.5,71.947560169599));
#2159 = VECTOR('',#2160,1.);
#2160 = DIRECTION('',(4.087939514284E-14,-1.,-7.908951930284E-14));
#2161 = PCURVE('',#2084,#2162);
#2162 = DEFINITIONAL_REPRESENTATION('',(#2163),#2167);
#2163 = LINE('',#2164,#2165);
#2164 = CARTESIAN_POINT('',(4.93985098115,0.));
#2165 = VECTOR('',#2166,1.);
#2166 = DIRECTION('',(0.,-1.));
#2167 = ( GEOMETRIC_REPRESENTATION_CONTEXT(2) 
PARAMETRIC_REPRESENTATION_CONTEXT() REPRESENTATION_CONTEXT('2D SPACE',''
  ) );
#2168 = PCURVE('',#2169,#2180);
#2169 = SURFACE_OF_LINEAR_EXTRUSION('',#2170,#2178);
#2170 = B_SPLINE_CURVE_WITH_KNOTS('',3,(#2171,#2172,#2173,#2174,#2175,
    #2176,#2177),.UNSPECIFIED.,.F.,.F.,(4,3,4),(4.990989190997E-02,
    0.520661574759,0.653986764819),.UNSPECIFIED.);
#2171 = CARTESIAN_POINT('',(-27.48674668492,460.5,71.947560169599));
#2172 = CARTESIAN_POINT('',(-27.13913737438,460.5,73.45150646336));
#2173 = CARTESIAN_POINT('',(-26.49632980351,460.5,74.76827878481));
#2174 = CARTESIAN_POINT('',(-25.76304058109,460.5,75.891877793339));
#2175 = CARTESIAN_POINT('',(-25.55536012341,460.5,76.210100875317));
#2176 = CARTESIAN_POINT('',(-25.33887471319,460.5,76.514359986612));
#2177 = CARTESIAN_POINT('',(-25.11627639613,460.5,76.804963556082));
#2178 = VECTOR('',#2179,1.);
#2179 = DIRECTION('',(-4.087939514284E-14,1.,7.908951930284E-14));
#2180 = DEFINITIONAL_REPRESENTATION('',(#2181),#2185);
#2181 = LINE('',#2182,#2183);
#2182 = CARTESIAN_POINT('',(4.990989190997E-02,0.));
#2183 = VECTOR('',#2184,1.);
#2184 = DIRECTION('',(0.,-1.));
#2185 = ( GEOMETRIC_REPRESENTATION_CONTEXT(2) 
PARAMETRIC_REPRESENTATION_CONTEXT() REPRESENTATION_CONTEXT('2D SPACE',''
  ) );
#2186 = ORIENTED_EDGE('',*,*,#2187,.F.);
#2187 = EDGE_CURVE('',#2069,#2154,#2188,.T.);
#2188 = SURFACE_CURVE('',#2189,(#2194,#2201),.PCURVE_S1.);
#2189 = CIRCLE('',#2190,10.945167695346);
#2190 = AXIS2_PLACEMENT_3D('',#2191,#2192,#2193);
#2191 = CARTESIAN_POINT('',(-16.82350591139,460.5,69.479363219542));
#2192 = DIRECTION('',(-4.087939514284E-14,1.,7.908951930284E-14));
#2193 = DIRECTION('',(0.,-7.908951930284E-14,1.));
#2194 = PCURVE('',#2084,#2195);
#2195 = DEFINITIONAL_REPRESENTATION('',(#2196),#2200);
#2196 = LINE('',#2197,#2198);
#2197 = CARTESIAN_POINT('',(0.,0.));
#2198 = VECTOR('',#2199,1.);
#2199 = DIRECTION('',(1.,0.));
#2200 = ( GEOMETRIC_REPRESENTATION_CONTEXT(2) 
PARAMETRIC_REPRESENTATION_CONTEXT() REPRESENTATION_CONTEXT('2D SPACE',''
  ) );
#2201 = PCURVE('',#153,#2202);
#2202 = DEFINITIONAL_REPRESENTATION('',(#2203),#2207);
#2203 = CIRCLE('',#2204,10.945167695346);
#2204 = AXIS2_PLACEMENT_2D('',#2205,#2206);
#2205 = CARTESIAN_POINT('',(16.82350591139,41.682315858535));
#2206 = DIRECTION('',(3.233131711238E-27,1.));
#2207 = ( GEOMETRIC_REPRESENTATION_CONTEXT(2) 
PARAMETRIC_REPRESENTATION_CONTEXT() REPRESENTATION_CONTEXT('2D SPACE',''
  ) );
#2208 = ADVANCED_FACE('',(#2209),#2169,.T.);
#2209 = FACE_BOUND('',#2210,.T.);
#2210 = EDGE_LOOP('',(#2211,#2212,#2243,#2277));
#2211 = ORIENTED_EDGE('',*,*,#2153,.T.);
#2212 = ORIENTED_EDGE('',*,*,#2213,.T.);
#2213 = EDGE_CURVE('',#2130,#2214,#2216,.T.);
#2214 = VERTEX_POINT('',#2215);
#2215 = CARTESIAN_POINT('',(-25.11627639613,458.,76.804963556082));
#2216 = SURFACE_CURVE('',#2217,(#2225,#2232),.PCURVE_S1.);
#2217 = B_SPLINE_CURVE_WITH_KNOTS('',3,(#2218,#2219,#2220,#2221,#2222,
    #2223,#2224),.UNSPECIFIED.,.F.,.F.,(4,3,4),(4.990989190997E-02,
    0.520661574759,0.653986764819),.UNSPECIFIED.);
#2218 = CARTESIAN_POINT('',(-27.48674668492,458.,71.947560169599));
#2219 = CARTESIAN_POINT('',(-27.13913737438,458.,73.45150646336));
#2220 = CARTESIAN_POINT('',(-26.49632980351,458.,74.76827878481));
#2221 = CARTESIAN_POINT('',(-25.76304058109,458.,75.891877793339));
#2222 = CARTESIAN_POINT('',(-25.55536012341,458.,76.210100875317));
#2223 = CARTESIAN_POINT('',(-25.33887471319,458.,76.514359986612));
#2224 = CARTESIAN_POINT('',(-25.11627639613,458.,76.804963556082));
#2225 = PCURVE('',#2169,#2226);
#2226 = DEFINITIONAL_REPRESENTATION('',(#2227),#2231);
#2227 = LINE('',#2228,#2229);
#2228 = CARTESIAN_POINT('',(0.,-2.5));
#2229 = VECTOR('',#2230,1.);
#2230 = DIRECTION('',(1.,0.));
#2231 = ( GEOMETRIC_REPRESENTATION_CONTEXT(2) 
PARAMETRIC_REPRESENTATION_CONTEXT() REPRESENTATION_CONTEXT('2D SPACE',''
  ) );
#2232 = PCURVE('',#82,#2233);
#2233 = DEFINITIONAL_REPRESENTATION('',(#2234),#2242);
#2234 = B_SPLINE_CURVE_WITH_KNOTS('',3,(#2235,#2236,#2237,#2238,#2239,
    #2240,#2241),.UNSPECIFIED.,.F.,.F.,(4,3,4),(4.990989190997E-02,
    0.520661574759,0.653986764819),.UNSPECIFIED.);
#2235 = CARTESIAN_POINT('',(27.48674668492,44.150512808592));
#2236 = CARTESIAN_POINT('',(27.13913737438,45.654459102353));
#2237 = CARTESIAN_POINT('',(26.49632980351,46.971231423803));
#2238 = CARTESIAN_POINT('',(25.76304058109,48.094830432332));
#2239 = CARTESIAN_POINT('',(25.55536012341,48.41305351431));
#2240 = CARTESIAN_POINT('',(25.33887471319,48.717312625605));
#2241 = CARTESIAN_POINT('',(25.11627639613,49.007916195075));
#2242 = ( GEOMETRIC_REPRESENTATION_CONTEXT(2) 
PARAMETRIC_REPRESENTATION_CONTEXT() REPRESENTATION_CONTEXT('2D SPACE',''
  ) );
#2243 = ORIENTED_EDGE('',*,*,#2244,.F.);
#2244 = EDGE_CURVE('',#2245,#2214,#2247,.T.);
#2245 = VERTEX_POINT('',#2246);
#2246 = CARTESIAN_POINT('',(-25.11627639613,460.5,76.804963556082));
#2247 = SURFACE_CURVE('',#2248,(#2252,#2259),.PCURVE_S1.);
#2248 = LINE('',#2249,#2250);
#2249 = CARTESIAN_POINT('',(-25.11627639613,460.5,76.804963556082));
#2250 = VECTOR('',#2251,1.);
#2251 = DIRECTION('',(4.087939514284E-14,-1.,-7.908951930284E-14));
#2252 = PCURVE('',#2169,#2253);
#2253 = DEFINITIONAL_REPRESENTATION('',(#2254),#2258);
#2254 = LINE('',#2255,#2256);
#2255 = CARTESIAN_POINT('',(0.653986764819,0.));
#2256 = VECTOR('',#2257,1.);
#2257 = DIRECTION('',(0.,-1.));
#2258 = ( GEOMETRIC_REPRESENTATION_CONTEXT(2) 
PARAMETRIC_REPRESENTATION_CONTEXT() REPRESENTATION_CONTEXT('2D SPACE',''
  ) );
#2259 = PCURVE('',#2260,#2271);
#2260 = SURFACE_OF_LINEAR_EXTRUSION('',#2261,#2269);
#2261 = B_SPLINE_CURVE_WITH_KNOTS('',3,(#2262,#2263,#2264,#2265,#2266,
    #2267,#2268),.UNSPECIFIED.,.F.,.F.,(4,3,4),(0.653986764819,
    1.406081415533,2.174403576537),.UNSPECIFIED.);
#2262 = CARTESIAN_POINT('',(-25.11627639613,460.5,76.804963556082));
#2263 = CARTESIAN_POINT('',(-23.85771017917,460.5,78.442066348436));
#2264 = CARTESIAN_POINT('',(-22.41576209132,460.5,79.653171073939));
#2265 = CARTESIAN_POINT('',(-21.27041439929,460.5,80.491167675368));
#2266 = CARTESIAN_POINT('',(-20.10035420406,460.5,81.347245243679));
#2267 = CARTESIAN_POINT('',(-18.83839313684,460.5,82.099739137173));
#2268 = CARTESIAN_POINT('',(-17.52349650477,460.5,82.754067386199));
#2269 = VECTOR('',#2270,1.);
#2270 = DIRECTION('',(-4.087939514284E-14,1.,7.908951930284E-14));
#2271 = DEFINITIONAL_REPRESENTATION('',(#2272),#2276);
#2272 = LINE('',#2273,#2274);
#2273 = CARTESIAN_POINT('',(0.653986764819,0.));
#2274 = VECTOR('',#2275,1.);
#2275 = DIRECTION('',(0.,-1.));
#2276 = ( GEOMETRIC_REPRESENTATION_CONTEXT(2) 
PARAMETRIC_REPRESENTATION_CONTEXT() REPRESENTATION_CONTEXT('2D SPACE',''
  ) );
#2277 = ORIENTED_EDGE('',*,*,#2278,.F.);
#2278 = EDGE_CURVE('',#2154,#2245,#2279,.T.);
#2279 = SURFACE_CURVE('',#2280,(#2288,#2295),.PCURVE_S1.);
#2280 = B_SPLINE_CURVE_WITH_KNOTS('',3,(#2281,#2282,#2283,#2284,#2285,
    #2286,#2287),.UNSPECIFIED.,.F.,.F.,(4,3,4),(4.990989190997E-02,
    0.520661574759,0.653986764819),.UNSPECIFIED.);
#2281 = CARTESIAN_POINT('',(-27.48674668492,460.5,71.947560169599));
#2282 = CARTESIAN_POINT('',(-27.13913737438,460.5,73.45150646336));
#2283 = CARTESIAN_POINT('',(-26.49632980351,460.5,74.76827878481));
#2284 = CARTESIAN_POINT('',(-25.76304058109,460.5,75.891877793339));
#2285 = CARTESIAN_POINT('',(-25.55536012341,460.5,76.210100875317));
#2286 = CARTESIAN_POINT('',(-25.33887471319,460.5,76.514359986612));
#2287 = CARTESIAN_POINT('',(-25.11627639613,460.5,76.804963556082));
#2288 = PCURVE('',#2169,#2289);
#2289 = DEFINITIONAL_REPRESENTATION('',(#2290),#2294);
#2290 = LINE('',#2291,#2292);
#2291 = CARTESIAN_POINT('',(0.,0.));
#2292 = VECTOR('',#2293,1.);
#2293 = DIRECTION('',(1.,0.));
#2294 = ( GEOMETRIC_REPRESENTATION_CONTEXT(2) 
PARAMETRIC_REPRESENTATION_CONTEXT() REPRESENTATION_CONTEXT('2D SPACE',''
  ) );
#2295 = PCURVE('',#153,#2296);
#2296 = DEFINITIONAL_REPRESENTATION('',(#2297),#2305);
#2297 = B_SPLINE_CURVE_WITH_KNOTS('',3,(#2298,#2299,#2300,#2301,#2302,
    #2303,#2304),.UNSPECIFIED.,.F.,.F.,(4,3,4),(4.990989190997E-02,
    0.520661574759,0.653986764819),.UNSPECIFIED.);
#2298 = CARTESIAN_POINT('',(27.48674668492,44.150512808592));
#2299 = CARTESIAN_POINT('',(27.13913737438,45.654459102353));
#2300 = CARTESIAN_POINT('',(26.49632980351,46.971231423803));
#2301 = CARTESIAN_POINT('',(25.76304058109,48.094830432332));
#2302 = CARTESIAN_POINT('',(25.55536012341,48.41305351431));
#2303 = CARTESIAN_POINT('',(25.33887471319,48.717312625605));
#2304 = CARTESIAN_POINT('',(25.11627639613,49.007916195075));
#2305 = ( GEOMETRIC_REPRESENTATION_CONTEXT(2) 
PARAMETRIC_REPRESENTATION_CONTEXT() REPRESENTATION_CONTEXT('2D SPACE',''
  ) );
#2306 = ADVANCED_FACE('',(#2307),#2260,.T.);
#2307 = FACE_BOUND('',#2308,.T.);
#2308 = EDGE_LOOP('',(#2309,#2310,#2341,#2375));
#2309 = ORIENTED_EDGE('',*,*,#2244,.T.);
#2310 = ORIENTED_EDGE('',*,*,#2311,.T.);
#2311 = EDGE_CURVE('',#2214,#2312,#2314,.T.);
#2312 = VERTEX_POINT('',#2313);
#2313 = CARTESIAN_POINT('',(-17.52349650477,458.,82.754067386199));
#2314 = SURFACE_CURVE('',#2315,(#2323,#2330),.PCURVE_S1.);
#2315 = B_SPLINE_CURVE_WITH_KNOTS('',3,(#2316,#2317,#2318,#2319,#2320,
    #2321,#2322),.UNSPECIFIED.,.F.,.F.,(4,3,4),(0.653986764819,
    1.406081415533,2.174403576537),.UNSPECIFIED.);
#2316 = CARTESIAN_POINT('',(-25.11627639613,458.,76.804963556082));
#2317 = CARTESIAN_POINT('',(-23.85771017917,458.,78.442066348436));
#2318 = CARTESIAN_POINT('',(-22.41576209132,458.,79.653171073939));
#2319 = CARTESIAN_POINT('',(-21.27041439929,458.,80.491167675368));
#2320 = CARTESIAN_POINT('',(-20.10035420406,458.,81.347245243679));
#2321 = CARTESIAN_POINT('',(-18.83839313684,458.,82.099739137173));
#2322 = CARTESIAN_POINT('',(-17.52349650477,458.,82.754067386199));
#2323 = PCURVE('',#2260,#2324);
#2324 = DEFINITIONAL_REPRESENTATION('',(#2325),#2329);
#2325 = LINE('',#2326,#2327);
#2326 = CARTESIAN_POINT('',(0.,-2.5));
#2327 = VECTOR('',#2328,1.);
#2328 = DIRECTION('',(1.,0.));
#2329 = ( GEOMETRIC_REPRESENTATION_CONTEXT(2) 
PARAMETRIC_REPRESENTATION_CONTEXT() REPRESENTATION_CONTEXT('2D SPACE',''
  ) );
#2330 = PCURVE('',#82,#2331);
#2331 = DEFINITIONAL_REPRESENTATION('',(#2332),#2340);
#2332 = B_SPLINE_CURVE_WITH_KNOTS('',3,(#2333,#2334,#2335,#2336,#2337,
    #2338,#2339),.UNSPECIFIED.,.F.,.F.,(4,3,4),(0.653986764819,
    1.406081415533,2.174403576537),.UNSPECIFIED.);
#2333 = CARTESIAN_POINT('',(25.11627639613,49.007916195075));
#2334 = CARTESIAN_POINT('',(23.85771017917,50.645018987429));
#2335 = CARTESIAN_POINT('',(22.41576209132,51.856123712932));
#2336 = CARTESIAN_POINT('',(21.27041439929,52.694120314361));
#2337 = CARTESIAN_POINT('',(20.10035420406,53.550197882672));
#2338 = CARTESIAN_POINT('',(18.83839313684,54.302691776166));
#2339 = CARTESIAN_POINT('',(17.52349650477,54.957020025192));
#2340 = ( GEOMETRIC_REPRESENTATION_CONTEXT(2) 
PARAMETRIC_REPRESENTATION_CONTEXT() REPRESENTATION_CONTEXT('2D SPACE',''
  ) );
#2341 = ORIENTED_EDGE('',*,*,#2342,.F.);
#2342 = EDGE_CURVE('',#2343,#2312,#2345,.T.);
#2343 = VERTEX_POINT('',#2344);
#2344 = CARTESIAN_POINT('',(-17.52349650477,460.5,82.754067386199));
#2345 = SURFACE_CURVE('',#2346,(#2350,#2357),.PCURVE_S1.);
#2346 = LINE('',#2347,#2348);
#2347 = CARTESIAN_POINT('',(-17.52349650477,460.5,82.754067386199));
#2348 = VECTOR('',#2349,1.);
#2349 = DIRECTION('',(4.087939514284E-14,-1.,-7.908951930284E-14));
#2350 = PCURVE('',#2260,#2351);
#2351 = DEFINITIONAL_REPRESENTATION('',(#2352),#2356);
#2352 = LINE('',#2353,#2354);
#2353 = CARTESIAN_POINT('',(2.174403576537,0.));
#2354 = VECTOR('',#2355,1.);
#2355 = DIRECTION('',(0.,-1.));
#2356 = ( GEOMETRIC_REPRESENTATION_CONTEXT(2) 
PARAMETRIC_REPRESENTATION_CONTEXT() REPRESENTATION_CONTEXT('2D SPACE',''
  ) );
#2357 = PCURVE('',#2358,#2369);
#2358 = SURFACE_OF_LINEAR_EXTRUSION('',#2359,#2367);
#2359 = B_SPLINE_CURVE_WITH_KNOTS('',3,(#2360,#2361,#2362,#2363,#2364,
    #2365,#2366),.UNSPECIFIED.,.F.,.F.,(4,3,4),(2.174403576537,
    3.176101639625,5.432633939352),.UNSPECIFIED.);
#2360 = CARTESIAN_POINT('',(-17.52349650477,460.5,82.754067386199));
#2361 = CARTESIAN_POINT('',(-15.80967243634,460.5,83.608088142927));
#2362 = CARTESIAN_POINT('',(-14.00647309599,460.5,84.296461338628));
#2363 = CARTESIAN_POINT('',(-12.20307873713,460.5,84.836878661001));
#2364 = CARTESIAN_POINT('',(-8.14055953112,460.5,86.054280579007));
#2365 = CARTESIAN_POINT('',(-3.915344780264,460.5,86.56705750016));
#2366 = CARTESIAN_POINT('',(2.161396489481E-05,460.5,86.590341475797));
#2367 = VECTOR('',#2368,1.);
#2368 = DIRECTION('',(-4.087939514284E-14,1.,7.908951930284E-14));
#2369 = DEFINITIONAL_REPRESENTATION('',(#2370),#2374);
#2370 = LINE('',#2371,#2372);
#2371 = CARTESIAN_POINT('',(2.174403576537,0.));
#2372 = VECTOR('',#2373,1.);
#2373 = DIRECTION('',(0.,-1.));
#2374 = ( GEOMETRIC_REPRESENTATION_CONTEXT(2) 
PARAMETRIC_REPRESENTATION_CONTEXT() REPRESENTATION_CONTEXT('2D SPACE',''
  ) );
#2375 = ORIENTED_EDGE('',*,*,#2376,.F.);
#2376 = EDGE_CURVE('',#2245,#2343,#2377,.T.);
#2377 = SURFACE_CURVE('',#2378,(#2386,#2393),.PCURVE_S1.);
#2378 = B_SPLINE_CURVE_WITH_KNOTS('',3,(#2379,#2380,#2381,#2382,#2383,
    #2384,#2385),.UNSPECIFIED.,.F.,.F.,(4,3,4),(0.653986764819,
    1.406081415533,2.174403576537),.UNSPECIFIED.);
#2379 = CARTESIAN_POINT('',(-25.11627639613,460.5,76.804963556082));
#2380 = CARTESIAN_POINT('',(-23.85771017917,460.5,78.442066348436));
#2381 = CARTESIAN_POINT('',(-22.41576209132,460.5,79.653171073939));
#2382 = CARTESIAN_POINT('',(-21.27041439929,460.5,80.491167675368));
#2383 = CARTESIAN_POINT('',(-20.10035420406,460.5,81.347245243679));
#2384 = CARTESIAN_POINT('',(-18.83839313684,460.5,82.099739137173));
#2385 = CARTESIAN_POINT('',(-17.52349650477,460.5,82.754067386199));
#2386 = PCURVE('',#2260,#2387);
#2387 = DEFINITIONAL_REPRESENTATION('',(#2388),#2392);
#2388 = LINE('',#2389,#2390);
#2389 = CARTESIAN_POINT('',(0.,0.));
#2390 = VECTOR('',#2391,1.);
#2391 = DIRECTION('',(1.,0.));
#2392 = ( GEOMETRIC_REPRESENTATION_CONTEXT(2) 
PARAMETRIC_REPRESENTATION_CONTEXT() REPRESENTATION_CONTEXT('2D SPACE',''
  ) );
#2393 = PCURVE('',#153,#2394);
#2394 = DEFINITIONAL_REPRESENTATION('',(#2395),#2403);
#2395 = B_SPLINE_CURVE_WITH_KNOTS('',3,(#2396,#2397,#2398,#2399,#2400,
    #2401,#2402),.UNSPECIFIED.,.F.,.F.,(4,3,4),(0.653986764819,
    1.406081415533,2.174403576537),.UNSPECIFIED.);
#2396 = CARTESIAN_POINT('',(25.11627639613,49.007916195075));
#2397 = CARTESIAN_POINT('',(23.85771017917,50.645018987429));
#2398 = CARTESIAN_POINT('',(22.41576209132,51.856123712932));
#2399 = CARTESIAN_POINT('',(21.27041439929,52.694120314361));
#2400 = CARTESIAN_POINT('',(20.10035420406,53.550197882672));
#2401 = CARTESIAN_POINT('',(18.83839313684,54.302691776166));
#2402 = CARTESIAN_POINT('',(17.52349650477,54.957020025192));
#2403 = ( GEOMETRIC_REPRESENTATION_CONTEXT(2) 
PARAMETRIC_REPRESENTATION_CONTEXT() REPRESENTATION_CONTEXT('2D SPACE',''
  ) );
#2404 = ADVANCED_FACE('',(#2405),#2358,.T.);
#2405 = FACE_BOUND('',#2406,.T.);
#2406 = EDGE_LOOP('',(#2407,#2408,#2439,#2473));
#2407 = ORIENTED_EDGE('',*,*,#2342,.T.);
#2408 = ORIENTED_EDGE('',*,*,#2409,.T.);
#2409 = EDGE_CURVE('',#2312,#2410,#2412,.T.);
#2410 = VERTEX_POINT('',#2411);
#2411 = CARTESIAN_POINT('',(2.161396499701E-05,458.,86.590341475797));
#2412 = SURFACE_CURVE('',#2413,(#2421,#2428),.PCURVE_S1.);
#2413 = B_SPLINE_CURVE_WITH_KNOTS('',3,(#2414,#2415,#2416,#2417,#2418,
    #2419,#2420),.UNSPECIFIED.,.F.,.F.,(4,3,4),(2.174403576537,
    3.176101639625,5.432633939352),.UNSPECIFIED.);
#2414 = CARTESIAN_POINT('',(-17.52349650477,458.,82.754067386199));
#2415 = CARTESIAN_POINT('',(-15.80967243634,458.,83.608088142927));
#2416 = CARTESIAN_POINT('',(-14.00647309599,458.,84.296461338628));
#2417 = CARTESIAN_POINT('',(-12.20307873713,458.,84.836878661001));
#2418 = CARTESIAN_POINT('',(-8.14055953112,458.,86.054280579007));
#2419 = CARTESIAN_POINT('',(-3.915344780264,458.,86.56705750016));
#2420 = CARTESIAN_POINT('',(2.161396499701E-05,458.,86.590341475797));
#2421 = PCURVE('',#2358,#2422);
#2422 = DEFINITIONAL_REPRESENTATION('',(#2423),#2427);
#2423 = LINE('',#2424,#2425);
#2424 = CARTESIAN_POINT('',(0.,-2.5));
#2425 = VECTOR('',#2426,1.);
#2426 = DIRECTION('',(1.,0.));
#2427 = ( GEOMETRIC_REPRESENTATION_CONTEXT(2) 
PARAMETRIC_REPRESENTATION_CONTEXT() REPRESENTATION_CONTEXT('2D SPACE',''
  ) );
#2428 = PCURVE('',#82,#2429);
#2429 = DEFINITIONAL_REPRESENTATION('',(#2430),#2438);
#2430 = B_SPLINE_CURVE_WITH_KNOTS('',3,(#2431,#2432,#2433,#2434,#2435,
    #2436,#2437),.UNSPECIFIED.,.F.,.F.,(4,3,4),(2.174403576537,
    3.176101639625,5.432633939352),.UNSPECIFIED.);
#2431 = CARTESIAN_POINT('',(17.52349650477,54.957020025192));
#2432 = CARTESIAN_POINT('',(15.80967243634,55.81104078192));
#2433 = CARTESIAN_POINT('',(14.00647309599,56.499413977621));
#2434 = CARTESIAN_POINT('',(12.20307873713,57.039831299994));
#2435 = CARTESIAN_POINT('',(8.14055953112,58.257233218));
#2436 = CARTESIAN_POINT('',(3.915344780264,58.770010139153));
#2437 = CARTESIAN_POINT('',(-2.161396499645E-05,58.79329411479));
#2438 = ( GEOMETRIC_REPRESENTATION_CONTEXT(2) 
PARAMETRIC_REPRESENTATION_CONTEXT() REPRESENTATION_CONTEXT('2D SPACE',''
  ) );
#2439 = ORIENTED_EDGE('',*,*,#2440,.F.);
#2440 = EDGE_CURVE('',#2441,#2410,#2443,.T.);
#2441 = VERTEX_POINT('',#2442);
#2442 = CARTESIAN_POINT('',(2.161396489481E-05,460.5,86.590341475797));
#2443 = SURFACE_CURVE('',#2444,(#2448,#2455),.PCURVE_S1.);
#2444 = LINE('',#2445,#2446);
#2445 = CARTESIAN_POINT('',(2.161396489481E-05,460.5,86.590341475797));
#2446 = VECTOR('',#2447,1.);
#2447 = DIRECTION('',(4.087939514284E-14,-1.,-7.908951930284E-14));
#2448 = PCURVE('',#2358,#2449);
#2449 = DEFINITIONAL_REPRESENTATION('',(#2450),#2454);
#2450 = LINE('',#2451,#2452);
#2451 = CARTESIAN_POINT('',(5.432633939352,0.));
#2452 = VECTOR('',#2453,1.);
#2453 = DIRECTION('',(0.,-1.));
#2454 = ( GEOMETRIC_REPRESENTATION_CONTEXT(2) 
PARAMETRIC_REPRESENTATION_CONTEXT() REPRESENTATION_CONTEXT('2D SPACE',''
  ) );
#2455 = PCURVE('',#2456,#2467);
#2456 = SURFACE_OF_LINEAR_EXTRUSION('',#2457,#2465);
#2457 = B_SPLINE_CURVE_WITH_KNOTS('',3,(#2458,#2459,#2460,#2461,#2462,
    #2463,#2464),.UNSPECIFIED.,.F.,.F.,(4,3,4),(0.142830211686,
    1.509858132745,1.776452725878),.UNSPECIFIED.);
#2458 = CARTESIAN_POINT('',(2.161396489481E-05,460.5,86.590341475797));
#2459 = CARTESIAN_POINT('',(4.684660023478,460.5,86.562482778651));
#2460 = CARTESIAN_POINT('',(9.940287600976,460.5,85.832448277498));
#2461 = CARTESIAN_POINT('',(14.851098911414,460.5,83.930302993887));
#2462 = CARTESIAN_POINT('',(15.808793866354,460.5,83.559351062216));
#2463 = CARTESIAN_POINT('',(16.698301707426,460.5,83.16529419519));
#2464 = CARTESIAN_POINT('',(17.523539732708,460.5,82.754067386199));
#2465 = VECTOR('',#2466,1.);
#2466 = DIRECTION('',(-4.087939514284E-14,1.,7.908951930284E-14));
#2467 = DEFINITIONAL_REPRESENTATION('',(#2468),#2472);
#2468 = LINE('',#2469,#2470);
#2469 = CARTESIAN_POINT('',(0.142830211686,0.));
#2470 = VECTOR('',#2471,1.);
#2471 = DIRECTION('',(0.,-1.));
#2472 = ( GEOMETRIC_REPRESENTATION_CONTEXT(2) 
PARAMETRIC_REPRESENTATION_CONTEXT() REPRESENTATION_CONTEXT('2D SPACE',''
  ) );
#2473 = ORIENTED_EDGE('',*,*,#2474,.F.);
#2474 = EDGE_CURVE('',#2343,#2441,#2475,.T.);
#2475 = SURFACE_CURVE('',#2476,(#2484,#2491),.PCURVE_S1.);
#2476 = B_SPLINE_CURVE_WITH_KNOTS('',3,(#2477,#2478,#2479,#2480,#2481,
    #2482,#2483),.UNSPECIFIED.,.F.,.F.,(4,3,4),(2.174403576537,
    3.176101639625,5.432633939352),.UNSPECIFIED.);
#2477 = CARTESIAN_POINT('',(-17.52349650477,460.5,82.754067386199));
#2478 = CARTESIAN_POINT('',(-15.80967243634,460.5,83.608088142927));
#2479 = CARTESIAN_POINT('',(-14.00647309599,460.5,84.296461338628));
#2480 = CARTESIAN_POINT('',(-12.20307873713,460.5,84.836878661001));
#2481 = CARTESIAN_POINT('',(-8.14055953112,460.5,86.054280579007));
#2482 = CARTESIAN_POINT('',(-3.915344780264,460.5,86.56705750016));
#2483 = CARTESIAN_POINT('',(2.161396489481E-05,460.5,86.590341475797));
#2484 = PCURVE('',#2358,#2485);
#2485 = DEFINITIONAL_REPRESENTATION('',(#2486),#2490);
#2486 = LINE('',#2487,#2488);
#2487 = CARTESIAN_POINT('',(0.,0.));
#2488 = VECTOR('',#2489,1.);
#2489 = DIRECTION('',(1.,0.));
#2490 = ( GEOMETRIC_REPRESENTATION_CONTEXT(2) 
PARAMETRIC_REPRESENTATION_CONTEXT() REPRESENTATION_CONTEXT('2D SPACE',''
  ) );
#2491 = PCURVE('',#153,#2492);
#2492 = DEFINITIONAL_REPRESENTATION('',(#2493),#2501);
#2493 = B_SPLINE_CURVE_WITH_KNOTS('',3,(#2494,#2495,#2496,#2497,#2498,
    #2499,#2500),.UNSPECIFIED.,.F.,.F.,(4,3,4),(2.174403576537,
    3.176101639625,5.432633939352),.UNSPECIFIED.);
#2494 = CARTESIAN_POINT('',(17.52349650477,54.957020025192));
#2495 = CARTESIAN_POINT('',(15.80967243634,55.81104078192));
#2496 = CARTESIAN_POINT('',(14.00647309599,56.499413977621));
#2497 = CARTESIAN_POINT('',(12.20307873713,57.039831299994));
#2498 = CARTESIAN_POINT('',(8.14055953112,58.257233218));
#2499 = CARTESIAN_POINT('',(3.915344780264,58.770010139153));
#2500 = CARTESIAN_POINT('',(-2.161396499645E-05,58.79329411479));
#2501 = ( GEOMETRIC_REPRESENTATION_CONTEXT(2) 
PARAMETRIC_REPRESENTATION_CONTEXT() REPRESENTATION_CONTEXT('2D SPACE',''
  ) );
#2502 = ADVANCED_FACE('',(#2503),#2456,.T.);
#2503 = FACE_BOUND('',#2504,.T.);
#2504 = EDGE_LOOP('',(#2505,#2506,#2537,#2571));
#2505 = ORIENTED_EDGE('',*,*,#2440,.T.);
#2506 = ORIENTED_EDGE('',*,*,#2507,.T.);
#2507 = EDGE_CURVE('',#2410,#2508,#2510,.T.);
#2508 = VERTEX_POINT('',#2509);
#2509 = CARTESIAN_POINT('',(17.523539732708,458.,82.754067386199));
#2510 = SURFACE_CURVE('',#2511,(#2519,#2526),.PCURVE_S1.);
#2511 = B_SPLINE_CURVE_WITH_KNOTS('',3,(#2512,#2513,#2514,#2515,#2516,
    #2517,#2518),.UNSPECIFIED.,.F.,.F.,(4,3,4),(0.142830211686,
    1.509858132745,1.776452725878),.UNSPECIFIED.);
#2512 = CARTESIAN_POINT('',(2.161396499701E-05,458.,86.590341475797));
#2513 = CARTESIAN_POINT('',(4.684660023478,458.,86.562482778651));
#2514 = CARTESIAN_POINT('',(9.940287600976,458.,85.832448277498));
#2515 = CARTESIAN_POINT('',(14.851098911414,458.,83.930302993887));
#2516 = CARTESIAN_POINT('',(15.808793866354,458.,83.559351062216));
#2517 = CARTESIAN_POINT('',(16.698301707426,458.,83.16529419519));
#2518 = CARTESIAN_POINT('',(17.523539732708,458.,82.754067386199));
#2519 = PCURVE('',#2456,#2520);
#2520 = DEFINITIONAL_REPRESENTATION('',(#2521),#2525);
#2521 = LINE('',#2522,#2523);
#2522 = CARTESIAN_POINT('',(0.,-2.5));
#2523 = VECTOR('',#2524,1.);
#2524 = DIRECTION('',(1.,0.));
#2525 = ( GEOMETRIC_REPRESENTATION_CONTEXT(2) 
PARAMETRIC_REPRESENTATION_CONTEXT() REPRESENTATION_CONTEXT('2D SPACE',''
  ) );
#2526 = PCURVE('',#82,#2527);
#2527 = DEFINITIONAL_REPRESENTATION('',(#2528),#2536);
#2528 = B_SPLINE_CURVE_WITH_KNOTS('',3,(#2529,#2530,#2531,#2532,#2533,
    #2534,#2535),.UNSPECIFIED.,.F.,.F.,(4,3,4),(0.142830211686,
    1.509858132745,1.776452725878),.UNSPECIFIED.);
#2529 = CARTESIAN_POINT('',(-2.161396499645E-05,58.79329411479));
#2530 = CARTESIAN_POINT('',(-4.684660023478,58.765435417644));
#2531 = CARTESIAN_POINT('',(-9.940287600976,58.035400916491));
#2532 = CARTESIAN_POINT('',(-14.85109891141,56.13325563288));
#2533 = CARTESIAN_POINT('',(-15.80879386635,55.762303701209));
#2534 = CARTESIAN_POINT('',(-16.69830170742,55.368246834183));
#2535 = CARTESIAN_POINT('',(-17.5235397327,54.957020025192));
#2536 = ( GEOMETRIC_REPRESENTATION_CONTEXT(2) 
PARAMETRIC_REPRESENTATION_CONTEXT() REPRESENTATION_CONTEXT('2D SPACE',''
  ) );
#2537 = ORIENTED_EDGE('',*,*,#2538,.F.);
#2538 = EDGE_CURVE('',#2539,#2508,#2541,.T.);
#2539 = VERTEX_POINT('',#2540);
#2540 = CARTESIAN_POINT('',(17.523539732708,460.5,82.754067386199));
#2541 = SURFACE_CURVE('',#2542,(#2546,#2553),.PCURVE_S1.);
#2542 = LINE('',#2543,#2544);
#2543 = CARTESIAN_POINT('',(17.523539732708,460.5,82.754067386199));
#2544 = VECTOR('',#2545,1.);
#2545 = DIRECTION('',(4.087939514284E-14,-1.,-7.908951930284E-14));
#2546 = PCURVE('',#2456,#2547);
#2547 = DEFINITIONAL_REPRESENTATION('',(#2548),#2552);
#2548 = LINE('',#2549,#2550);
#2549 = CARTESIAN_POINT('',(1.776452725878,0.));
#2550 = VECTOR('',#2551,1.);
#2551 = DIRECTION('',(0.,-1.));
#2552 = ( GEOMETRIC_REPRESENTATION_CONTEXT(2) 
PARAMETRIC_REPRESENTATION_CONTEXT() REPRESENTATION_CONTEXT('2D SPACE',''
  ) );
#2553 = PCURVE('',#2554,#2565);
#2554 = SURFACE_OF_LINEAR_EXTRUSION('',#2555,#2563);
#2555 = B_SPLINE_CURVE_WITH_KNOTS('',3,(#2556,#2557,#2558,#2559,#2560,
    #2561,#2562),.UNSPECIFIED.,.F.,.F.,(4,3,4),(1.776452725878,
    2.557772052182,2.869820114354),.UNSPECIFIED.);
#2556 = CARTESIAN_POINT('',(17.523539732708,460.5,82.754067386199));
#2557 = CARTESIAN_POINT('',(19.942759433098,460.5,81.550198008209));
#2558 = CARTESIAN_POINT('',(21.81113766968,460.5,80.201233825704));
#2559 = CARTESIAN_POINT('',(23.233659983817,460.5,78.869373002067));
#2560 = CARTESIAN_POINT('',(23.801795593138,460.5,78.337446329952));
#2561 = CARTESIAN_POINT('',(24.467399199026,460.5,77.649058547294));
#2562 = CARTESIAN_POINT('',(25.116319624061,460.5,76.804963556082));
#2563 = VECTOR('',#2564,1.);
#2564 = DIRECTION('',(-4.087939514284E-14,1.,7.908951930284E-14));
#2565 = DEFINITIONAL_REPRESENTATION('',(#2566),#2570);
#2566 = LINE('',#2567,#2568);
#2567 = CARTESIAN_POINT('',(1.776452725878,0.));
#2568 = VECTOR('',#2569,1.);
#2569 = DIRECTION('',(0.,-1.));
#2570 = ( GEOMETRIC_REPRESENTATION_CONTEXT(2) 
PARAMETRIC_REPRESENTATION_CONTEXT() REPRESENTATION_CONTEXT('2D SPACE',''
  ) );
#2571 = ORIENTED_EDGE('',*,*,#2572,.F.);
#2572 = EDGE_CURVE('',#2441,#2539,#2573,.T.);
#2573 = SURFACE_CURVE('',#2574,(#2582,#2589),.PCURVE_S1.);
#2574 = B_SPLINE_CURVE_WITH_KNOTS('',3,(#2575,#2576,#2577,#2578,#2579,
    #2580,#2581),.UNSPECIFIED.,.F.,.F.,(4,3,4),(0.142830211686,
    1.509858132745,1.776452725878),.UNSPECIFIED.);
#2575 = CARTESIAN_POINT('',(2.161396489481E-05,460.5,86.590341475797));
#2576 = CARTESIAN_POINT('',(4.684660023478,460.5,86.562482778651));
#2577 = CARTESIAN_POINT('',(9.940287600976,460.5,85.832448277498));
#2578 = CARTESIAN_POINT('',(14.851098911414,460.5,83.930302993887));
#2579 = CARTESIAN_POINT('',(15.808793866354,460.5,83.559351062216));
#2580 = CARTESIAN_POINT('',(16.698301707426,460.5,83.16529419519));
#2581 = CARTESIAN_POINT('',(17.523539732708,460.5,82.754067386199));
#2582 = PCURVE('',#2456,#2583);
#2583 = DEFINITIONAL_REPRESENTATION('',(#2584),#2588);
#2584 = LINE('',#2585,#2586);
#2585 = CARTESIAN_POINT('',(0.,0.));
#2586 = VECTOR('',#2587,1.);
#2587 = DIRECTION('',(1.,0.));
#2588 = ( GEOMETRIC_REPRESENTATION_CONTEXT(2) 
PARAMETRIC_REPRESENTATION_CONTEXT() REPRESENTATION_CONTEXT('2D SPACE',''
  ) );
#2589 = PCURVE('',#153,#2590);
#2590 = DEFINITIONAL_REPRESENTATION('',(#2591),#2599);
#2591 = B_SPLINE_CURVE_WITH_KNOTS('',3,(#2592,#2593,#2594,#2595,#2596,
    #2597,#2598),.UNSPECIFIED.,.F.,.F.,(4,3,4),(0.142830211686,
    1.509858132745,1.776452725878),.UNSPECIFIED.);
#2592 = CARTESIAN_POINT('',(-2.161396499645E-05,58.79329411479));
#2593 = CARTESIAN_POINT('',(-4.684660023478,58.765435417644));
#2594 = CARTESIAN_POINT('',(-9.940287600976,58.035400916491));
#2595 = CARTESIAN_POINT('',(-14.85109891141,56.13325563288));
#2596 = CARTESIAN_POINT('',(-15.80879386635,55.762303701209));
#2597 = CARTESIAN_POINT('',(-16.69830170742,55.368246834183));
#2598 = CARTESIAN_POINT('',(-17.5235397327,54.957020025192));
#2599 = ( GEOMETRIC_REPRESENTATION_CONTEXT(2) 
PARAMETRIC_REPRESENTATION_CONTEXT() REPRESENTATION_CONTEXT('2D SPACE',''
  ) );
#2600 = ADVANCED_FACE('',(#2601),#2554,.T.);
#2601 = FACE_BOUND('',#2602,.T.);
#2602 = EDGE_LOOP('',(#2603,#2604,#2635,#2669));
#2603 = ORIENTED_EDGE('',*,*,#2538,.T.);
#2604 = ORIENTED_EDGE('',*,*,#2605,.T.);
#2605 = EDGE_CURVE('',#2508,#2606,#2608,.T.);
#2606 = VERTEX_POINT('',#2607);
#2607 = CARTESIAN_POINT('',(25.116319624061,458.,76.804963556082));
#2608 = SURFACE_CURVE('',#2609,(#2617,#2624),.PCURVE_S1.);
#2609 = B_SPLINE_CURVE_WITH_KNOTS('',3,(#2610,#2611,#2612,#2613,#2614,
    #2615,#2616),.UNSPECIFIED.,.F.,.F.,(4,3,4),(1.776452725878,
    2.557772052182,2.869820114354),.UNSPECIFIED.);
#2610 = CARTESIAN_POINT('',(17.523539732708,458.,82.754067386199));
#2611 = CARTESIAN_POINT('',(19.942759433098,458.,81.550198008209));
#2612 = CARTESIAN_POINT('',(21.81113766968,458.,80.201233825704));
#2613 = CARTESIAN_POINT('',(23.233659983817,458.,78.869373002067));
#2614 = CARTESIAN_POINT('',(23.801795593138,458.,78.337446329952));
#2615 = CARTESIAN_POINT('',(24.467399199026,458.,77.649058547294));
#2616 = CARTESIAN_POINT('',(25.116319624061,458.,76.804963556082));
#2617 = PCURVE('',#2554,#2618);
#2618 = DEFINITIONAL_REPRESENTATION('',(#2619),#2623);
#2619 = LINE('',#2620,#2621);
#2620 = CARTESIAN_POINT('',(0.,-2.5));
#2621 = VECTOR('',#2622,1.);
#2622 = DIRECTION('',(1.,0.));
#2623 = ( GEOMETRIC_REPRESENTATION_CONTEXT(2) 
PARAMETRIC_REPRESENTATION_CONTEXT() REPRESENTATION_CONTEXT('2D SPACE',''
  ) );
#2624 = PCURVE('',#82,#2625);
#2625 = DEFINITIONAL_REPRESENTATION('',(#2626),#2634);
#2626 = B_SPLINE_CURVE_WITH_KNOTS('',3,(#2627,#2628,#2629,#2630,#2631,
    #2632,#2633),.UNSPECIFIED.,.F.,.F.,(4,3,4),(1.776452725878,
    2.557772052182,2.869820114354),.UNSPECIFIED.);
#2627 = CARTESIAN_POINT('',(-17.5235397327,54.957020025192));
#2628 = CARTESIAN_POINT('',(-19.94275943309,53.753150647202));
#2629 = CARTESIAN_POINT('',(-21.81113766968,52.404186464697));
#2630 = CARTESIAN_POINT('',(-23.23365998381,51.07232564106));
#2631 = CARTESIAN_POINT('',(-23.80179559313,50.540398968945));
#2632 = CARTESIAN_POINT('',(-24.46739919902,49.852011186287));
#2633 = CARTESIAN_POINT('',(-25.11631962406,49.007916195075));
#2634 = ( GEOMETRIC_REPRESENTATION_CONTEXT(2) 
PARAMETRIC_REPRESENTATION_CONTEXT() REPRESENTATION_CONTEXT('2D SPACE',''
  ) );
#2635 = ORIENTED_EDGE('',*,*,#2636,.F.);
#2636 = EDGE_CURVE('',#2637,#2606,#2639,.T.);
#2637 = VERTEX_POINT('',#2638);
#2638 = CARTESIAN_POINT('',(25.116319624061,460.5,76.804963556082));
#2639 = SURFACE_CURVE('',#2640,(#2644,#2651),.PCURVE_S1.);
#2640 = LINE('',#2641,#2642);
#2641 = CARTESIAN_POINT('',(25.116319624061,460.5,76.804963556082));
#2642 = VECTOR('',#2643,1.);
#2643 = DIRECTION('',(4.087939514284E-14,-1.,-7.908951930284E-14));
#2644 = PCURVE('',#2554,#2645);
#2645 = DEFINITIONAL_REPRESENTATION('',(#2646),#2650);
#2646 = LINE('',#2647,#2648);
#2647 = CARTESIAN_POINT('',(2.869820114354,0.));
#2648 = VECTOR('',#2649,1.);
#2649 = DIRECTION('',(0.,-1.));
#2650 = ( GEOMETRIC_REPRESENTATION_CONTEXT(2) 
PARAMETRIC_REPRESENTATION_CONTEXT() REPRESENTATION_CONTEXT('2D SPACE',''
  ) );
#2651 = PCURVE('',#2652,#2663);
#2652 = SURFACE_OF_LINEAR_EXTRUSION('',#2653,#2661);
#2653 = B_SPLINE_CURVE_WITH_KNOTS('',3,(#2654,#2655,#2656,#2657,#2658,
    #2659,#2660),.UNSPECIFIED.,.F.,.F.,(4,3,4),(2.869820114354,
    3.067905562159,3.428271410666),.UNSPECIFIED.);
#2654 = CARTESIAN_POINT('',(25.116319624061,460.5,76.804963556082));
#2655 = CARTESIAN_POINT('',(25.52730713093,460.5,76.268416658151));
#2656 = CARTESIAN_POINT('',(25.930625922157,460.5,75.668399618186));
#2657 = CARTESIAN_POINT('',(26.296695347774,460.5,75.004812045551));
#2658 = CARTESIAN_POINT('',(26.962665113029,460.5,73.797584047125));
#2659 = CARTESIAN_POINT('',(27.300219296021,460.5,72.754765785786));
#2660 = CARTESIAN_POINT('',(27.486789912852,460.5,71.947560169598));
#2661 = VECTOR('',#2662,1.);
#2662 = DIRECTION('',(-4.087939514284E-14,1.,7.908951930284E-14));
#2663 = DEFINITIONAL_REPRESENTATION('',(#2664),#2668);
#2664 = LINE('',#2665,#2666);
#2665 = CARTESIAN_POINT('',(2.869820114354,0.));
#2666 = VECTOR('',#2667,1.);
#2667 = DIRECTION('',(0.,-1.));
#2668 = ( GEOMETRIC_REPRESENTATION_CONTEXT(2) 
PARAMETRIC_REPRESENTATION_CONTEXT() REPRESENTATION_CONTEXT('2D SPACE',''
  ) );
#2669 = ORIENTED_EDGE('',*,*,#2670,.F.);
#2670 = EDGE_CURVE('',#2539,#2637,#2671,.T.);
#2671 = SURFACE_CURVE('',#2672,(#2680,#2687),.PCURVE_S1.);
#2672 = B_SPLINE_CURVE_WITH_KNOTS('',3,(#2673,#2674,#2675,#2676,#2677,
    #2678,#2679),.UNSPECIFIED.,.F.,.F.,(4,3,4),(1.776452725878,
    2.557772052182,2.869820114354),.UNSPECIFIED.);
#2673 = CARTESIAN_POINT('',(17.523539732708,460.5,82.754067386199));
#2674 = CARTESIAN_POINT('',(19.942759433098,460.5,81.550198008209));
#2675 = CARTESIAN_POINT('',(21.81113766968,460.5,80.201233825704));
#2676 = CARTESIAN_POINT('',(23.233659983817,460.5,78.869373002067));
#2677 = CARTESIAN_POINT('',(23.801795593138,460.5,78.337446329952));
#2678 = CARTESIAN_POINT('',(24.467399199026,460.5,77.649058547294));
#2679 = CARTESIAN_POINT('',(25.116319624061,460.5,76.804963556082));
#2680 = PCURVE('',#2554,#2681);
#2681 = DEFINITIONAL_REPRESENTATION('',(#2682),#2686);
#2682 = LINE('',#2683,#2684);
#2683 = CARTESIAN_POINT('',(0.,0.));
#2684 = VECTOR('',#2685,1.);
#2685 = DIRECTION('',(1.,0.));
#2686 = ( GEOMETRIC_REPRESENTATION_CONTEXT(2) 
PARAMETRIC_REPRESENTATION_CONTEXT() REPRESENTATION_CONTEXT('2D SPACE',''
  ) );
#2687 = PCURVE('',#153,#2688);
#2688 = DEFINITIONAL_REPRESENTATION('',(#2689),#2697);
#2689 = B_SPLINE_CURVE_WITH_KNOTS('',3,(#2690,#2691,#2692,#2693,#2694,
    #2695,#2696),.UNSPECIFIED.,.F.,.F.,(4,3,4),(1.776452725878,
    2.557772052182,2.869820114354),.UNSPECIFIED.);
#2690 = CARTESIAN_POINT('',(-17.5235397327,54.957020025192));
#2691 = CARTESIAN_POINT('',(-19.94275943309,53.753150647202));
#2692 = CARTESIAN_POINT('',(-21.81113766968,52.404186464697));
#2693 = CARTESIAN_POINT('',(-23.23365998381,51.07232564106));
#2694 = CARTESIAN_POINT('',(-23.80179559313,50.540398968945));
#2695 = CARTESIAN_POINT('',(-24.46739919902,49.852011186287));
#2696 = CARTESIAN_POINT('',(-25.11631962406,49.007916195075));
#2697 = ( GEOMETRIC_REPRESENTATION_CONTEXT(2) 
PARAMETRIC_REPRESENTATION_CONTEXT() REPRESENTATION_CONTEXT('2D SPACE',''
  ) );
#2698 = ADVANCED_FACE('',(#2699),#2652,.T.);
#2699 = FACE_BOUND('',#2700,.T.);
#2700 = EDGE_LOOP('',(#2701,#2702,#2733,#2761));
#2701 = ORIENTED_EDGE('',*,*,#2636,.T.);
#2702 = ORIENTED_EDGE('',*,*,#2703,.T.);
#2703 = EDGE_CURVE('',#2606,#2704,#2706,.T.);
#2704 = VERTEX_POINT('',#2705);
#2705 = CARTESIAN_POINT('',(27.486789912852,458.,71.947560169598));
#2706 = SURFACE_CURVE('',#2707,(#2715,#2722),.PCURVE_S1.);
#2707 = B_SPLINE_CURVE_WITH_KNOTS('',3,(#2708,#2709,#2710,#2711,#2712,
    #2713,#2714),.UNSPECIFIED.,.F.,.F.,(4,3,4),(2.869820114354,
    3.067905562159,3.428271410666),.UNSPECIFIED.);
#2708 = CARTESIAN_POINT('',(25.116319624061,458.,76.804963556082));
#2709 = CARTESIAN_POINT('',(25.52730713093,458.,76.268416658151));
#2710 = CARTESIAN_POINT('',(25.930625922157,458.,75.668399618186));
#2711 = CARTESIAN_POINT('',(26.296695347774,458.,75.004812045551));
#2712 = CARTESIAN_POINT('',(26.962665113029,458.,73.797584047125));
#2713 = CARTESIAN_POINT('',(27.300219296021,458.,72.754765785786));
#2714 = CARTESIAN_POINT('',(27.486789912852,458.,71.947560169598));
#2715 = PCURVE('',#2652,#2716);
#2716 = DEFINITIONAL_REPRESENTATION('',(#2717),#2721);
#2717 = LINE('',#2718,#2719);
#2718 = CARTESIAN_POINT('',(0.,-2.5));
#2719 = VECTOR('',#2720,1.);
#2720 = DIRECTION('',(1.,0.));
#2721 = ( GEOMETRIC_REPRESENTATION_CONTEXT(2) 
PARAMETRIC_REPRESENTATION_CONTEXT() REPRESENTATION_CONTEXT('2D SPACE',''
  ) );
#2722 = PCURVE('',#82,#2723);
#2723 = DEFINITIONAL_REPRESENTATION('',(#2724),#2732);
#2724 = B_SPLINE_CURVE_WITH_KNOTS('',3,(#2725,#2726,#2727,#2728,#2729,
    #2730,#2731),.UNSPECIFIED.,.F.,.F.,(4,3,4),(2.869820114354,
    3.067905562159,3.428271410666),.UNSPECIFIED.);
#2725 = CARTESIAN_POINT('',(-25.11631962406,49.007916195075));
#2726 = CARTESIAN_POINT('',(-25.52730713093,48.471369297144));
#2727 = CARTESIAN_POINT('',(-25.93062592215,47.871352257179));
#2728 = CARTESIAN_POINT('',(-26.29669534777,47.207764684544));
#2729 = CARTESIAN_POINT('',(-26.96266511302,46.000536686118));
#2730 = CARTESIAN_POINT('',(-27.30021929602,44.957718424779));
#2731 = CARTESIAN_POINT('',(-27.48678991285,44.150512808591));
#2732 = ( GEOMETRIC_REPRESENTATION_CONTEXT(2) 
PARAMETRIC_REPRESENTATION_CONTEXT() REPRESENTATION_CONTEXT('2D SPACE',''
  ) );
#2733 = ORIENTED_EDGE('',*,*,#2734,.F.);
#2734 = EDGE_CURVE('',#2735,#2704,#2737,.T.);
#2735 = VERTEX_POINT('',#2736);
#2736 = CARTESIAN_POINT('',(27.486789912852,460.5,71.947560169598));
#2737 = SURFACE_CURVE('',#2738,(#2742,#2749),.PCURVE_S1.);
#2738 = LINE('',#2739,#2740);
#2739 = CARTESIAN_POINT('',(27.486789912852,460.5,71.947560169598));
#2740 = VECTOR('',#2741,1.);
#2741 = DIRECTION('',(4.087939514284E-14,-1.,-7.908951930284E-14));
#2742 = PCURVE('',#2652,#2743);
#2743 = DEFINITIONAL_REPRESENTATION('',(#2744),#2748);
#2744 = LINE('',#2745,#2746);
#2745 = CARTESIAN_POINT('',(3.428271410666,0.));
#2746 = VECTOR('',#2747,1.);
#2747 = DIRECTION('',(0.,-1.));
#2748 = ( GEOMETRIC_REPRESENTATION_CONTEXT(2) 
PARAMETRIC_REPRESENTATION_CONTEXT() REPRESENTATION_CONTEXT('2D SPACE',''
  ) );
#2749 = PCURVE('',#2750,#2755);
#2750 = CYLINDRICAL_SURFACE('',#2751,10.945167695346);
#2751 = AXIS2_PLACEMENT_3D('',#2752,#2753,#2754);
#2752 = CARTESIAN_POINT('',(16.823549288264,460.5,69.479363406501));
#2753 = DIRECTION('',(-7.196391919992E-18,1.,0.));
#2754 = DIRECTION('',(0.97424186832,7.0110263093E-18,0.225505614149));
#2755 = DEFINITIONAL_REPRESENTATION('',(#2756),#2760);
#2756 = LINE('',#2757,#2758);
#2757 = CARTESIAN_POINT('',(0.,0.));
#2758 = VECTOR('',#2759,1.);
#2759 = DIRECTION('',(0.,-1.));
#2760 = ( GEOMETRIC_REPRESENTATION_CONTEXT(2) 
PARAMETRIC_REPRESENTATION_CONTEXT() REPRESENTATION_CONTEXT('2D SPACE',''
  ) );
#2761 = ORIENTED_EDGE('',*,*,#2762,.F.);
#2762 = EDGE_CURVE('',#2637,#2735,#2763,.T.);
#2763 = SURFACE_CURVE('',#2764,(#2772,#2779),.PCURVE_S1.);
#2764 = B_SPLINE_CURVE_WITH_KNOTS('',3,(#2765,#2766,#2767,#2768,#2769,
    #2770,#2771),.UNSPECIFIED.,.F.,.F.,(4,3,4),(2.869820114354,
    3.067905562159,3.428271410666),.UNSPECIFIED.);
#2765 = CARTESIAN_POINT('',(25.116319624061,460.5,76.804963556082));
#2766 = CARTESIAN_POINT('',(25.52730713093,460.5,76.268416658151));
#2767 = CARTESIAN_POINT('',(25.930625922157,460.5,75.668399618186));
#2768 = CARTESIAN_POINT('',(26.296695347774,460.5,75.004812045551));
#2769 = CARTESIAN_POINT('',(26.962665113029,460.5,73.797584047125));
#2770 = CARTESIAN_POINT('',(27.300219296021,460.5,72.754765785786));
#2771 = CARTESIAN_POINT('',(27.486789912852,460.5,71.947560169598));
#2772 = PCURVE('',#2652,#2773);
#2773 = DEFINITIONAL_REPRESENTATION('',(#2774),#2778);
#2774 = LINE('',#2775,#2776);
#2775 = CARTESIAN_POINT('',(0.,0.));
#2776 = VECTOR('',#2777,1.);
#2777 = DIRECTION('',(1.,0.));
#2778 = ( GEOMETRIC_REPRESENTATION_CONTEXT(2) 
PARAMETRIC_REPRESENTATION_CONTEXT() REPRESENTATION_CONTEXT('2D SPACE',''
  ) );
#2779 = PCURVE('',#153,#2780);
#2780 = DEFINITIONAL_REPRESENTATION('',(#2781),#2789);
#2781 = B_SPLINE_CURVE_WITH_KNOTS('',3,(#2782,#2783,#2784,#2785,#2786,
    #2787,#2788),.UNSPECIFIED.,.F.,.F.,(4,3,4),(2.869820114354,
    3.067905562159,3.428271410666),.UNSPECIFIED.);
#2782 = CARTESIAN_POINT('',(-25.11631962406,49.007916195075));
#2783 = CARTESIAN_POINT('',(-25.52730713093,48.471369297144));
#2784 = CARTESIAN_POINT('',(-25.93062592215,47.871352257179));
#2785 = CARTESIAN_POINT('',(-26.29669534777,47.207764684544));
#2786 = CARTESIAN_POINT('',(-26.96266511302,46.000536686118));
#2787 = CARTESIAN_POINT('',(-27.30021929602,44.957718424779));
#2788 = CARTESIAN_POINT('',(-27.48678991285,44.150512808591));
#2789 = ( GEOMETRIC_REPRESENTATION_CONTEXT(2) 
PARAMETRIC_REPRESENTATION_CONTEXT() REPRESENTATION_CONTEXT('2D SPACE',''
  ) );
#2790 = ADVANCED_FACE('',(#2791),#2750,.T.);
#2791 = FACE_BOUND('',#2792,.T.);
#2792 = EDGE_LOOP('',(#2793,#2794,#2818,#2852));
#2793 = ORIENTED_EDGE('',*,*,#2734,.T.);
#2794 = ORIENTED_EDGE('',*,*,#2795,.T.);
#2795 = EDGE_CURVE('',#2704,#2796,#2798,.T.);
#2796 = VERTEX_POINT('',#2797);
#2797 = CARTESIAN_POINT('',(27.587468955033,458.,71.462978467856));
#2798 = SURFACE_CURVE('',#2799,(#2804,#2811),.PCURVE_S1.);
#2799 = CIRCLE('',#2800,10.945167695346);
#2800 = AXIS2_PLACEMENT_3D('',#2801,#2802,#2803);
#2801 = CARTESIAN_POINT('',(16.823549288264,458.,69.479363406501));
#2802 = DIRECTION('',(-7.196391919995E-18,1.,-8.82538137716E-30));
#2803 = DIRECTION('',(0.97424186832,7.0110263093E-18,0.225505614149));
#2804 = PCURVE('',#2750,#2805);
#2805 = DEFINITIONAL_REPRESENTATION('',(#2806),#2810);
#2806 = LINE('',#2807,#2808);
#2807 = CARTESIAN_POINT('',(0.,-2.5));
#2808 = VECTOR('',#2809,1.);
#2809 = DIRECTION('',(1.,0.));
#2810 = ( GEOMETRIC_REPRESENTATION_CONTEXT(2) 
PARAMETRIC_REPRESENTATION_CONTEXT() REPRESENTATION_CONTEXT('2D SPACE',''
  ) );
#2811 = PCURVE('',#82,#2812);
#2812 = DEFINITIONAL_REPRESENTATION('',(#2813),#2817);
#2813 = CIRCLE('',#2814,10.945167695346);
#2814 = AXIS2_PLACEMENT_2D('',#2815,#2816);
#2815 = CARTESIAN_POINT('',(-16.82354928826,41.682316045494));
#2816 = DIRECTION('',(-0.97424186832,0.225505614149));
#2817 = ( GEOMETRIC_REPRESENTATION_CONTEXT(2) 
PARAMETRIC_REPRESENTATION_CONTEXT() REPRESENTATION_CONTEXT('2D SPACE',''
  ) );
#2818 = ORIENTED_EDGE('',*,*,#2819,.F.);
#2819 = EDGE_CURVE('',#2820,#2796,#2822,.T.);
#2820 = VERTEX_POINT('',#2821);
#2821 = CARTESIAN_POINT('',(27.587468955033,460.5,71.462978467856));
#2822 = SURFACE_CURVE('',#2823,(#2827,#2834),.PCURVE_S1.);
#2823 = LINE('',#2824,#2825);
#2824 = CARTESIAN_POINT('',(27.587468955033,460.5,71.462978467856));
#2825 = VECTOR('',#2826,1.);
#2826 = DIRECTION('',(4.087939514284E-14,-1.,-7.908951930284E-14));
#2827 = PCURVE('',#2750,#2828);
#2828 = DEFINITIONAL_REPRESENTATION('',(#2829),#2833);
#2829 = LINE('',#2830,#2831);
#2830 = CARTESIAN_POINT('',(4.522289484484E-02,0.));
#2831 = VECTOR('',#2832,1.);
#2832 = DIRECTION('',(0.,-1.));
#2833 = ( GEOMETRIC_REPRESENTATION_CONTEXT(2) 
PARAMETRIC_REPRESENTATION_CONTEXT() REPRESENTATION_CONTEXT('2D SPACE',''
  ) );
#2834 = PCURVE('',#2835,#2846);
#2835 = SURFACE_OF_LINEAR_EXTRUSION('',#2836,#2844);
#2836 = B_SPLINE_CURVE_WITH_KNOTS('',3,(#2837,#2838,#2839,#2840,#2841,
    #2842,#2843),.UNSPECIFIED.,.F.,.F.,(4,3,4),(3.51785437499E-11,
    2.278734585821,3.920509881182),.UNSPECIFIED.);
#2837 = CARTESIAN_POINT('',(27.587468929246,460.5,71.462978462867));
#2838 = CARTESIAN_POINT('',(29.030079756745,460.5,64.005446869026));
#2839 = CARTESIAN_POINT('',(30.479830617823,460.5,56.797668639527));
#2840 = CARTESIAN_POINT('',(32.036201440827,460.5,49.367374478425));
#2841 = CARTESIAN_POINT('',(33.15753043788,460.5,44.014020267249));
#2842 = CARTESIAN_POINT('',(34.283958583709,460.5,38.784659732508));
#2843 = CARTESIAN_POINT('',(35.445643410515,460.5,33.499599776374));
#2844 = VECTOR('',#2845,1.);
#2845 = DIRECTION('',(-4.087939514284E-14,1.,7.908951930284E-14));
#2846 = DEFINITIONAL_REPRESENTATION('',(#2847),#2851);
#2847 = LINE('',#2848,#2849);
#2848 = CARTESIAN_POINT('',(3.51785437499E-11,0.));
#2849 = VECTOR('',#2850,1.);
#2850 = DIRECTION('',(0.,-1.));
#2851 = ( GEOMETRIC_REPRESENTATION_CONTEXT(2) 
PARAMETRIC_REPRESENTATION_CONTEXT() REPRESENTATION_CONTEXT('2D SPACE',''
  ) );
#2852 = ORIENTED_EDGE('',*,*,#2853,.F.);
#2853 = EDGE_CURVE('',#2735,#2820,#2854,.T.);
#2854 = SURFACE_CURVE('',#2855,(#2860,#2867),.PCURVE_S1.);
#2855 = CIRCLE('',#2856,10.945167695346);
#2856 = AXIS2_PLACEMENT_3D('',#2857,#2858,#2859);
#2857 = CARTESIAN_POINT('',(16.823549288264,460.5,69.479363406501));
#2858 = DIRECTION('',(-7.196391919995E-18,1.,-8.82538137716E-30));
#2859 = DIRECTION('',(0.97424186832,7.0110263093E-18,0.225505614149));
#2860 = PCURVE('',#2750,#2861);
#2861 = DEFINITIONAL_REPRESENTATION('',(#2862),#2866);
#2862 = LINE('',#2863,#2864);
#2863 = CARTESIAN_POINT('',(0.,0.));
#2864 = VECTOR('',#2865,1.);
#2865 = DIRECTION('',(1.,0.));
#2866 = ( GEOMETRIC_REPRESENTATION_CONTEXT(2) 
PARAMETRIC_REPRESENTATION_CONTEXT() REPRESENTATION_CONTEXT('2D SPACE',''
  ) );
#2867 = PCURVE('',#153,#2868);
#2868 = DEFINITIONAL_REPRESENTATION('',(#2869),#2873);
#2869 = CIRCLE('',#2870,10.945167695346);
#2870 = AXIS2_PLACEMENT_2D('',#2871,#2872);
#2871 = CARTESIAN_POINT('',(-16.82354928826,41.682316045494));
#2872 = DIRECTION('',(-0.97424186832,0.225505614149));
#2873 = ( GEOMETRIC_REPRESENTATION_CONTEXT(2) 
PARAMETRIC_REPRESENTATION_CONTEXT() REPRESENTATION_CONTEXT('2D SPACE',''
  ) );
#2874 = ADVANCED_FACE('',(#2875),#2835,.T.);
#2875 = FACE_BOUND('',#2876,.T.);
#2876 = EDGE_LOOP('',(#2877,#2878,#2909,#2937));
#2877 = ORIENTED_EDGE('',*,*,#2819,.T.);
#2878 = ORIENTED_EDGE('',*,*,#2879,.T.);
#2879 = EDGE_CURVE('',#2796,#2880,#2882,.T.);
#2880 = VERTEX_POINT('',#2881);
#2881 = CARTESIAN_POINT('',(35.445643410517,458.,33.499599776374));
#2882 = SURFACE_CURVE('',#2883,(#2891,#2898),.PCURVE_S1.);
#2883 = B_SPLINE_CURVE_WITH_KNOTS('',3,(#2884,#2885,#2886,#2887,#2888,
    #2889,#2890),.UNSPECIFIED.,.F.,.F.,(4,3,4),(3.51785437499E-11,
    2.278734585821,3.920509881182),.UNSPECIFIED.);
#2884 = CARTESIAN_POINT('',(27.587468929246,458.,71.462978462867));
#2885 = CARTESIAN_POINT('',(29.030079756745,458.,64.005446869026));
#2886 = CARTESIAN_POINT('',(30.479830617823,458.,56.797668639527));
#2887 = CARTESIAN_POINT('',(32.036201440827,458.,49.367374478425));
#2888 = CARTESIAN_POINT('',(33.15753043788,458.,44.014020267249));
#2889 = CARTESIAN_POINT('',(34.283958583709,458.,38.784659732508));
#2890 = CARTESIAN_POINT('',(35.445643410515,458.,33.499599776374));
#2891 = PCURVE('',#2835,#2892);
#2892 = DEFINITIONAL_REPRESENTATION('',(#2893),#2897);
#2893 = LINE('',#2894,#2895);
#2894 = CARTESIAN_POINT('',(0.,-2.5));
#2895 = VECTOR('',#2896,1.);
#2896 = DIRECTION('',(1.,0.));
#2897 = ( GEOMETRIC_REPRESENTATION_CONTEXT(2) 
PARAMETRIC_REPRESENTATION_CONTEXT() REPRESENTATION_CONTEXT('2D SPACE',''
  ) );
#2898 = PCURVE('',#82,#2899);
#2899 = DEFINITIONAL_REPRESENTATION('',(#2900),#2908);
#2900 = B_SPLINE_CURVE_WITH_KNOTS('',3,(#2901,#2902,#2903,#2904,#2905,
    #2906,#2907),.UNSPECIFIED.,.F.,.F.,(4,3,4),(3.51785437499E-11,
    2.278734585821,3.920509881182),.UNSPECIFIED.);
#2901 = CARTESIAN_POINT('',(-27.58746892924,43.66593110186));
#2902 = CARTESIAN_POINT('',(-29.03007975674,36.208399508019));
#2903 = CARTESIAN_POINT('',(-30.47983061782,29.00062127852));
#2904 = CARTESIAN_POINT('',(-32.03620144082,21.570327117418));
#2905 = CARTESIAN_POINT('',(-33.15753043788,16.216972906242));
#2906 = CARTESIAN_POINT('',(-34.2839585837,10.987612371501));
#2907 = CARTESIAN_POINT('',(-35.44564341051,5.702552415367));
#2908 = ( GEOMETRIC_REPRESENTATION_CONTEXT(2) 
PARAMETRIC_REPRESENTATION_CONTEXT() REPRESENTATION_CONTEXT('2D SPACE',''
  ) );
#2909 = ORIENTED_EDGE('',*,*,#2910,.F.);
#2910 = EDGE_CURVE('',#2911,#2880,#2913,.T.);
#2911 = VERTEX_POINT('',#2912);
#2912 = CARTESIAN_POINT('',(35.445643410517,460.5,33.499599776374));
#2913 = SURFACE_CURVE('',#2914,(#2918,#2925),.PCURVE_S1.);
#2914 = LINE('',#2915,#2916);
#2915 = CARTESIAN_POINT('',(35.445643410517,460.5,33.499599776374));
#2916 = VECTOR('',#2917,1.);
#2917 = DIRECTION('',(4.087939514284E-14,-1.,-7.908951930284E-14));
#2918 = PCURVE('',#2835,#2919);
#2919 = DEFINITIONAL_REPRESENTATION('',(#2920),#2924);
#2920 = LINE('',#2921,#2922);
#2921 = CARTESIAN_POINT('',(3.920509881182,0.));
#2922 = VECTOR('',#2923,1.);
#2923 = DIRECTION('',(0.,-1.));
#2924 = ( GEOMETRIC_REPRESENTATION_CONTEXT(2) 
PARAMETRIC_REPRESENTATION_CONTEXT() REPRESENTATION_CONTEXT('2D SPACE',''
  ) );
#2925 = PCURVE('',#2926,#2931);
#2926 = CYLINDRICAL_SURFACE('',#2927,109.24478815155);
#2927 = AXIS2_PLACEMENT_3D('',#2928,#2929,#2930);
#2928 = CARTESIAN_POINT('',(-40.98934500037,460.5,-44.55233425392));
#2929 = DIRECTION('',(-7.835655436323E-14,1.,1.191567028804E-13));
#2930 = DIRECTION('',(-2.152394441203E-40,-1.191567028804E-13,1.));
#2931 = DEFINITIONAL_REPRESENTATION('',(#2932),#2936);
#2932 = LINE('',#2933,#2934);
#2933 = CARTESIAN_POINT('',(0.774931992197,0.));
#2934 = VECTOR('',#2935,1.);
#2935 = DIRECTION('',(0.,-1.));
#2936 = ( GEOMETRIC_REPRESENTATION_CONTEXT(2) 
PARAMETRIC_REPRESENTATION_CONTEXT() REPRESENTATION_CONTEXT('2D SPACE',''
  ) );
#2937 = ORIENTED_EDGE('',*,*,#2938,.F.);
#2938 = EDGE_CURVE('',#2820,#2911,#2939,.T.);
#2939 = SURFACE_CURVE('',#2940,(#2948,#2955),.PCURVE_S1.);
#2940 = B_SPLINE_CURVE_WITH_KNOTS('',3,(#2941,#2942,#2943,#2944,#2945,
    #2946,#2947),.UNSPECIFIED.,.F.,.F.,(4,3,4),(3.51785437499E-11,
    2.278734585821,3.920509881182),.UNSPECIFIED.);
#2941 = CARTESIAN_POINT('',(27.587468929246,460.5,71.462978462867));
#2942 = CARTESIAN_POINT('',(29.030079756745,460.5,64.005446869026));
#2943 = CARTESIAN_POINT('',(30.479830617823,460.5,56.797668639527));
#2944 = CARTESIAN_POINT('',(32.036201440827,460.5,49.367374478425));
#2945 = CARTESIAN_POINT('',(33.15753043788,460.5,44.014020267249));
#2946 = CARTESIAN_POINT('',(34.283958583709,460.5,38.784659732508));
#2947 = CARTESIAN_POINT('',(35.445643410515,460.5,33.499599776374));
#2948 = PCURVE('',#2835,#2949);
#2949 = DEFINITIONAL_REPRESENTATION('',(#2950),#2954);
#2950 = LINE('',#2951,#2952);
#2951 = CARTESIAN_POINT('',(0.,0.));
#2952 = VECTOR('',#2953,1.);
#2953 = DIRECTION('',(1.,0.));
#2954 = ( GEOMETRIC_REPRESENTATION_CONTEXT(2) 
PARAMETRIC_REPRESENTATION_CONTEXT() REPRESENTATION_CONTEXT('2D SPACE',''
  ) );
#2955 = PCURVE('',#153,#2956);
#2956 = DEFINITIONAL_REPRESENTATION('',(#2957),#2965);
#2957 = B_SPLINE_CURVE_WITH_KNOTS('',3,(#2958,#2959,#2960,#2961,#2962,
    #2963,#2964),.UNSPECIFIED.,.F.,.F.,(4,3,4),(3.51785437499E-11,
    2.278734585821,3.920509881182),.UNSPECIFIED.);
#2958 = CARTESIAN_POINT('',(-27.58746892924,43.66593110186));
#2959 = CARTESIAN_POINT('',(-29.03007975674,36.208399508019));
#2960 = CARTESIAN_POINT('',(-30.47983061782,29.00062127852));
#2961 = CARTESIAN_POINT('',(-32.03620144082,21.570327117418));
#2962 = CARTESIAN_POINT('',(-33.15753043788,16.216972906242));
#2963 = CARTESIAN_POINT('',(-34.2839585837,10.987612371501));
#2964 = CARTESIAN_POINT('',(-35.44564341051,5.702552415367));
#2965 = ( GEOMETRIC_REPRESENTATION_CONTEXT(2) 
PARAMETRIC_REPRESENTATION_CONTEXT() REPRESENTATION_CONTEXT('2D SPACE',''
  ) );
#2966 = ADVANCED_FACE('',(#2967),#2926,.T.);
#2967 = FACE_BOUND('',#2968,.T.);
#2968 = EDGE_LOOP('',(#2969,#2970,#2994,#3022));
#2969 = ORIENTED_EDGE('',*,*,#2910,.T.);
#2970 = ORIENTED_EDGE('',*,*,#2971,.T.);
#2971 = EDGE_CURVE('',#2880,#2972,#2974,.T.);
#2972 = VERTEX_POINT('',#2973);
#2973 = CARTESIAN_POINT('',(38.235537629757,457.99999975,30.666329409217
    ));
#2974 = SURFACE_CURVE('',#2975,(#2980,#2987),.PCURVE_S1.);
#2975 = CIRCLE('',#2976,109.24478815155);
#2976 = AXIS2_PLACEMENT_3D('',#2977,#2978,#2979);
#2977 = CARTESIAN_POINT('',(-40.98934500037,458.,-44.55233425392));
#2978 = DIRECTION('',(-7.835655436323E-14,1.,1.191567028804E-13));
#2979 = DIRECTION('',(-2.152394441203E-40,-1.191567028804E-13,1.));
#2980 = PCURVE('',#2926,#2981);
#2981 = DEFINITIONAL_REPRESENTATION('',(#2982),#2986);
#2982 = LINE('',#2983,#2984);
#2983 = CARTESIAN_POINT('',(0.,-2.5));
#2984 = VECTOR('',#2985,1.);
#2985 = DIRECTION('',(1.,0.));
#2986 = ( GEOMETRIC_REPRESENTATION_CONTEXT(2) 
PARAMETRIC_REPRESENTATION_CONTEXT() REPRESENTATION_CONTEXT('2D SPACE',''
  ) );
#2987 = PCURVE('',#82,#2988);
#2988 = DEFINITIONAL_REPRESENTATION('',(#2989),#2993);
#2989 = CIRCLE('',#2990,109.24478815155);
#2990 = AXIS2_PLACEMENT_2D('',#2991,#2992);
#2991 = CARTESIAN_POINT('',(40.98934500037,-72.34938161493));
#2992 = DIRECTION('',(4.871053940966E-27,1.));
#2993 = ( GEOMETRIC_REPRESENTATION_CONTEXT(2) 
PARAMETRIC_REPRESENTATION_CONTEXT() REPRESENTATION_CONTEXT('2D SPACE',''
  ) );
#2994 = ORIENTED_EDGE('',*,*,#2995,.F.);
#2995 = EDGE_CURVE('',#2996,#2972,#2998,.T.);
#2996 = VERTEX_POINT('',#2997);
#2997 = CARTESIAN_POINT('',(38.235537629757,460.49999975,30.666329409217
    ));
#2998 = SURFACE_CURVE('',#2999,(#3003,#3010),.PCURVE_S1.);
#2999 = LINE('',#3000,#3001);
#3000 = CARTESIAN_POINT('',(38.235537629757,460.49999975,30.666329409217
    ));
#3001 = VECTOR('',#3002,1.);
#3002 = DIRECTION('',(4.087939514284E-14,-1.,-7.908951930284E-14));
#3003 = PCURVE('',#2926,#3004);
#3004 = DEFINITIONAL_REPRESENTATION('',(#3005),#3009);
#3005 = LINE('',#3006,#3007);
#3006 = CARTESIAN_POINT('',(0.811332045865,0.));
#3007 = VECTOR('',#3008,1.);
#3008 = DIRECTION('',(0.,-1.));
#3009 = ( GEOMETRIC_REPRESENTATION_CONTEXT(2) 
PARAMETRIC_REPRESENTATION_CONTEXT() REPRESENTATION_CONTEXT('2D SPACE',''
  ) );
#3010 = PCURVE('',#3011,#3016);
#3011 = CYLINDRICAL_SURFACE('',#3012,2.000018348213);
#3012 = AXIS2_PLACEMENT_3D('',#3013,#3014,#3015);
#3013 = CARTESIAN_POINT('',(36.785354044287,460.5,29.28903587719));
#3014 = DIRECTION('',(1.73017918213E-15,1.,-7.9917474848E-16));
#3015 = DIRECTION('',(0.72509452189,-7.041922716713E-16,0.688649355133)
  );
#3016 = DEFINITIONAL_REPRESENTATION('',(#3017),#3021);
#3017 = LINE('',#3018,#3019);
#3018 = CARTESIAN_POINT('',(0.,0.));
#3019 = VECTOR('',#3020,1.);
#3020 = DIRECTION('',(0.,-1.));
#3021 = ( GEOMETRIC_REPRESENTATION_CONTEXT(2) 
PARAMETRIC_REPRESENTATION_CONTEXT() REPRESENTATION_CONTEXT('2D SPACE',''
  ) );
#3022 = ORIENTED_EDGE('',*,*,#3023,.F.);
#3023 = EDGE_CURVE('',#2911,#2996,#3024,.T.);
#3024 = SURFACE_CURVE('',#3025,(#3030,#3037),.PCURVE_S1.);
#3025 = CIRCLE('',#3026,109.24478815155);
#3026 = AXIS2_PLACEMENT_3D('',#3027,#3028,#3029);
#3027 = CARTESIAN_POINT('',(-40.98934500037,460.5,-44.55233425392));
#3028 = DIRECTION('',(-7.835655436323E-14,1.,1.191567028804E-13));
#3029 = DIRECTION('',(-2.152394441203E-40,-1.191567028804E-13,1.));
#3030 = PCURVE('',#2926,#3031);
#3031 = DEFINITIONAL_REPRESENTATION('',(#3032),#3036);
#3032 = LINE('',#3033,#3034);
#3033 = CARTESIAN_POINT('',(0.,0.));
#3034 = VECTOR('',#3035,1.);
#3035 = DIRECTION('',(1.,0.));
#3036 = ( GEOMETRIC_REPRESENTATION_CONTEXT(2) 
PARAMETRIC_REPRESENTATION_CONTEXT() REPRESENTATION_CONTEXT('2D SPACE',''
  ) );
#3037 = PCURVE('',#153,#3038);
#3038 = DEFINITIONAL_REPRESENTATION('',(#3039),#3043);
#3039 = CIRCLE('',#3040,109.24478815155);
#3040 = AXIS2_PLACEMENT_2D('',#3041,#3042);
#3041 = CARTESIAN_POINT('',(40.98934500037,-72.34938161493));
#3042 = DIRECTION('',(4.871053940966E-27,1.));
#3043 = ( GEOMETRIC_REPRESENTATION_CONTEXT(2) 
PARAMETRIC_REPRESENTATION_CONTEXT() REPRESENTATION_CONTEXT('2D SPACE',''
  ) );
#3044 = ADVANCED_FACE('',(#3045),#3011,.T.);
#3045 = FACE_BOUND('',#3046,.T.);
#3046 = EDGE_LOOP('',(#3047,#3048,#3072,#3100));
#3047 = ORIENTED_EDGE('',*,*,#2995,.T.);
#3048 = ORIENTED_EDGE('',*,*,#3049,.T.);
#3049 = EDGE_CURVE('',#2972,#3050,#3052,.T.);
#3050 = VERTEX_POINT('',#3051);
#3051 = CARTESIAN_POINT('',(37.932489549783,458.,27.650697229285));
#3052 = SURFACE_CURVE('',#3053,(#3058,#3065),.PCURVE_S1.);
#3053 = CIRCLE('',#3054,2.000018348213);
#3054 = AXIS2_PLACEMENT_3D('',#3055,#3056,#3057);
#3055 = CARTESIAN_POINT('',(36.785354044287,458.,29.28903587719));
#3056 = DIRECTION('',(1.73017918213E-15,1.,-7.9917474848E-16));
#3057 = DIRECTION('',(0.72509452189,-7.041922716713E-16,0.688649355133)
  );
#3058 = PCURVE('',#3011,#3059);
#3059 = DEFINITIONAL_REPRESENTATION('',(#3060),#3064);
#3060 = LINE('',#3061,#3062);
#3061 = CARTESIAN_POINT('',(0.,-2.5));
#3062 = VECTOR('',#3063,1.);
#3063 = DIRECTION('',(1.,0.));
#3064 = ( GEOMETRIC_REPRESENTATION_CONTEXT(2) 
PARAMETRIC_REPRESENTATION_CONTEXT() REPRESENTATION_CONTEXT('2D SPACE',''
  ) );
#3065 = PCURVE('',#82,#3066);
#3066 = DEFINITIONAL_REPRESENTATION('',(#3067),#3071);
#3067 = CIRCLE('',#3068,2.000018348213);
#3068 = AXIS2_PLACEMENT_2D('',#3069,#3070);
#3069 = CARTESIAN_POINT('',(-36.78535404428,1.491988516183));
#3070 = DIRECTION('',(-0.72509452189,0.688649355133));
#3071 = ( GEOMETRIC_REPRESENTATION_CONTEXT(2) 
PARAMETRIC_REPRESENTATION_CONTEXT() REPRESENTATION_CONTEXT('2D SPACE',''
  ) );
#3072 = ORIENTED_EDGE('',*,*,#3073,.F.);
#3073 = EDGE_CURVE('',#3074,#3050,#3076,.T.);
#3074 = VERTEX_POINT('',#3075);
#3075 = CARTESIAN_POINT('',(37.932489549783,460.5,27.650697229285));
#3076 = SURFACE_CURVE('',#3077,(#3081,#3088),.PCURVE_S1.);
#3077 = LINE('',#3078,#3079);
#3078 = CARTESIAN_POINT('',(37.932489549783,460.5,27.650697229285));
#3079 = VECTOR('',#3080,1.);
#3080 = DIRECTION('',(4.087939514284E-14,-1.,-7.908951930284E-14));
#3081 = PCURVE('',#3011,#3082);
#3082 = DEFINITIONAL_REPRESENTATION('',(#3083),#3087);
#3083 = LINE('',#3084,#3085);
#3084 = CARTESIAN_POINT('',(1.719572798343,0.));
#3085 = VECTOR('',#3086,1.);
#3086 = DIRECTION('',(0.,-1.));
#3087 = ( GEOMETRIC_REPRESENTATION_CONTEXT(2) 
PARAMETRIC_REPRESENTATION_CONTEXT() REPRESENTATION_CONTEXT('2D SPACE',''
  ) );
#3088 = PCURVE('',#3089,#3094);
#3089 = PLANE('',#3090);
#3090 = AXIS2_PLACEMENT_3D('',#3091,#3092,#3093);
#3091 = CARTESIAN_POINT('',(37.932489549783,460.5,27.650697229285));
#3092 = DIRECTION('',(0.573576436351,8.823379920497E-14,-0.819152044289)
  );
#3093 = DIRECTION('',(-0.819152044289,1.389972914999E-27,-0.573576436351
    ));
#3094 = DEFINITIONAL_REPRESENTATION('',(#3095),#3099);
#3095 = LINE('',#3096,#3097);
#3096 = CARTESIAN_POINT('',(-7.858178196788E-15,-3.839376415569E-16));
#3097 = VECTOR('',#3098,1.);
#3098 = DIRECTION('',(1.187744453388E-14,-1.));
#3099 = ( GEOMETRIC_REPRESENTATION_CONTEXT(2) 
PARAMETRIC_REPRESENTATION_CONTEXT() REPRESENTATION_CONTEXT('2D SPACE',''
  ) );
#3100 = ORIENTED_EDGE('',*,*,#3101,.F.);
#3101 = EDGE_CURVE('',#2996,#3074,#3102,.T.);
#3102 = SURFACE_CURVE('',#3103,(#3108,#3115),.PCURVE_S1.);
#3103 = CIRCLE('',#3104,2.000018348213);
#3104 = AXIS2_PLACEMENT_3D('',#3105,#3106,#3107);
#3105 = CARTESIAN_POINT('',(36.785354044287,460.5,29.28903587719));
#3106 = DIRECTION('',(1.73017918213E-15,1.,-7.9917474848E-16));
#3107 = DIRECTION('',(0.72509452189,-7.041922716713E-16,0.688649355133)
  );
#3108 = PCURVE('',#3011,#3109);
#3109 = DEFINITIONAL_REPRESENTATION('',(#3110),#3114);
#3110 = LINE('',#3111,#3112);
#3111 = CARTESIAN_POINT('',(0.,0.));
#3112 = VECTOR('',#3113,1.);
#3113 = DIRECTION('',(1.,0.));
#3114 = ( GEOMETRIC_REPRESENTATION_CONTEXT(2) 
PARAMETRIC_REPRESENTATION_CONTEXT() REPRESENTATION_CONTEXT('2D SPACE',''
  ) );
#3115 = PCURVE('',#153,#3116);
#3116 = DEFINITIONAL_REPRESENTATION('',(#3117),#3121);
#3117 = CIRCLE('',#3118,2.000018348213);
#3118 = AXIS2_PLACEMENT_2D('',#3119,#3120);
#3119 = CARTESIAN_POINT('',(-36.78535404428,1.491988516183));
#3120 = DIRECTION('',(-0.72509452189,0.688649355133));
#3121 = ( GEOMETRIC_REPRESENTATION_CONTEXT(2) 
PARAMETRIC_REPRESENTATION_CONTEXT() REPRESENTATION_CONTEXT('2D SPACE',''
  ) );
#3122 = ADVANCED_FACE('',(#3123),#3089,.T.);
#3123 = FACE_BOUND('',#3124,.T.);
#3124 = EDGE_LOOP('',(#3125,#3126,#3149,#3180));
#3125 = ORIENTED_EDGE('',*,*,#3073,.T.);
#3126 = ORIENTED_EDGE('',*,*,#3127,.T.);
#3127 = EDGE_CURVE('',#3050,#3128,#3130,.T.);
#3128 = VERTEX_POINT('',#3129);
#3129 = CARTESIAN_POINT('',(33.256446622577,458.,24.376496722663));
#3130 = SURFACE_CURVE('',#3131,(#3135,#3142),.PCURVE_S1.);
#3131 = LINE('',#3132,#3133);
#3132 = CARTESIAN_POINT('',(33.256446622577,458.,24.376496722663));
#3133 = VECTOR('',#3134,1.);
#3134 = DIRECTION('',(-0.819152044289,1.389972914999E-27,-0.573576436351
    ));
#3135 = PCURVE('',#3089,#3136);
#3136 = DEFINITIONAL_REPRESENTATION('',(#3137),#3141);
#3137 = LINE('',#3138,#3139);
#3138 = CARTESIAN_POINT('',(5.708394381491,-2.5));
#3139 = VECTOR('',#3140,1.);
#3140 = DIRECTION('',(1.,0.));
#3141 = ( GEOMETRIC_REPRESENTATION_CONTEXT(2) 
PARAMETRIC_REPRESENTATION_CONTEXT() REPRESENTATION_CONTEXT('2D SPACE',''
  ) );
#3142 = PCURVE('',#82,#3143);
#3143 = DEFINITIONAL_REPRESENTATION('',(#3144),#3148);
#3144 = LINE('',#3145,#3146);
#3145 = CARTESIAN_POINT('',(-33.25644662257,-3.420550638344));
#3146 = VECTOR('',#3147,1.);
#3147 = DIRECTION('',(0.819152044289,-0.573576436351));
#3148 = ( GEOMETRIC_REPRESENTATION_CONTEXT(2) 
PARAMETRIC_REPRESENTATION_CONTEXT() REPRESENTATION_CONTEXT('2D SPACE',''
  ) );
#3149 = ORIENTED_EDGE('',*,*,#3150,.F.);
#3150 = EDGE_CURVE('',#3151,#3128,#3153,.T.);
#3151 = VERTEX_POINT('',#3152);
#3152 = CARTESIAN_POINT('',(33.256446622577,460.5,24.376496722663));
#3153 = SURFACE_CURVE('',#3154,(#3158,#3165),.PCURVE_S1.);
#3154 = LINE('',#3155,#3156);
#3155 = CARTESIAN_POINT('',(33.256446622577,460.5,24.376496722663));
#3156 = VECTOR('',#3157,1.);
#3157 = DIRECTION('',(4.087939514284E-14,-1.,-7.908951930284E-14));
#3158 = PCURVE('',#3089,#3159);
#3159 = DEFINITIONAL_REPRESENTATION('',(#3160),#3164);
#3160 = LINE('',#3161,#3162);
#3161 = CARTESIAN_POINT('',(5.708394381491,1.05736999982E-14));
#3162 = VECTOR('',#3163,1.);
#3163 = DIRECTION('',(1.187744453388E-14,-1.));
#3164 = ( GEOMETRIC_REPRESENTATION_CONTEXT(2) 
PARAMETRIC_REPRESENTATION_CONTEXT() REPRESENTATION_CONTEXT('2D SPACE',''
  ) );
#3165 = PCURVE('',#3166,#3174);
#3166 = SURFACE_OF_LINEAR_EXTRUSION('',#3167,#3172);
#3167 = CIRCLE('',#3168,3.);
#3168 = AXIS2_PLACEMENT_3D('',#3169,#3170,#3171);
#3169 = CARTESIAN_POINT('',(34.97717593163,460.5,21.919040589796));
#3170 = DIRECTION('',(2.746540374676E-12,-1.,1.923143235378E-12));
#3171 = DIRECTION('',(-0.819152044289,-3.352903806179E-12,
    -0.573576436351));
#3172 = VECTOR('',#3173,1.);
#3173 = DIRECTION('',(-4.087939514284E-14,1.,7.908951930284E-14));
#3174 = DEFINITIONAL_REPRESENTATION('',(#3175),#3179);
#3175 = LINE('',#3176,#3177);
#3176 = CARTESIAN_POINT('',(4.712388980385,0.));
#3177 = VECTOR('',#3178,1.);
#3178 = DIRECTION('',(0.,-1.));
#3179 = ( GEOMETRIC_REPRESENTATION_CONTEXT(2) 
PARAMETRIC_REPRESENTATION_CONTEXT() REPRESENTATION_CONTEXT('2D SPACE',''
  ) );
#3180 = ORIENTED_EDGE('',*,*,#3181,.F.);
#3181 = EDGE_CURVE('',#3074,#3151,#3182,.T.);
#3182 = SURFACE_CURVE('',#3183,(#3187,#3194),.PCURVE_S1.);
#3183 = LINE('',#3184,#3185);
#3184 = CARTESIAN_POINT('',(33.256446622577,460.5,24.376496722663));
#3185 = VECTOR('',#3186,1.);
#3186 = DIRECTION('',(-0.819152044289,1.389972914999E-27,-0.573576436351
    ));
#3187 = PCURVE('',#3089,#3188);
#3188 = DEFINITIONAL_REPRESENTATION('',(#3189),#3193);
#3189 = LINE('',#3190,#3191);
#3190 = CARTESIAN_POINT('',(5.708394381491,-6.054766193948E-24));
#3191 = VECTOR('',#3192,1.);
#3192 = DIRECTION('',(1.,0.));
#3193 = ( GEOMETRIC_REPRESENTATION_CONTEXT(2) 
PARAMETRIC_REPRESENTATION_CONTEXT() REPRESENTATION_CONTEXT('2D SPACE',''
  ) );
#3194 = PCURVE('',#153,#3195);
#3195 = DEFINITIONAL_REPRESENTATION('',(#3196),#3200);
#3196 = LINE('',#3197,#3198);
#3197 = CARTESIAN_POINT('',(-33.25644662257,-3.420550638344));
#3198 = VECTOR('',#3199,1.);
#3199 = DIRECTION('',(0.819152044289,-0.573576436351));
#3200 = ( GEOMETRIC_REPRESENTATION_CONTEXT(2) 
PARAMETRIC_REPRESENTATION_CONTEXT() REPRESENTATION_CONTEXT('2D SPACE',''
  ) );
#3201 = ADVANCED_FACE('',(#3202),#3166,.T.);
#3202 = FACE_BOUND('',#3203,.T.);
#3203 = EDGE_LOOP('',(#3204,#3205,#3233,#3261));
#3204 = ORIENTED_EDGE('',*,*,#3150,.T.);
#3205 = ORIENTED_EDGE('',*,*,#3206,.T.);
#3206 = EDGE_CURVE('',#3128,#3207,#3209,.T.);
#3207 = VERTEX_POINT('',#3208);
#3208 = CARTESIAN_POINT('',(32.519719798763,458.,20.198311280743));
#3209 = SURFACE_CURVE('',#3210,(#3215,#3222),.PCURVE_S1.);
#3210 = CIRCLE('',#3211,3.);
#3211 = AXIS2_PLACEMENT_3D('',#3212,#3213,#3214);
#3212 = CARTESIAN_POINT('',(34.97717593163,458.,21.919040589796));
#3213 = DIRECTION('',(2.746540374676E-12,-1.,1.923143235378E-12));
#3214 = DIRECTION('',(-0.819152044289,-3.352903806179E-12,
    -0.573576436351));
#3215 = PCURVE('',#3166,#3216);
#3216 = DEFINITIONAL_REPRESENTATION('',(#3217),#3221);
#3217 = LINE('',#3218,#3219);
#3218 = CARTESIAN_POINT('',(0.,-2.5));
#3219 = VECTOR('',#3220,1.);
#3220 = DIRECTION('',(1.,0.));
#3221 = ( GEOMETRIC_REPRESENTATION_CONTEXT(2) 
PARAMETRIC_REPRESENTATION_CONTEXT() REPRESENTATION_CONTEXT('2D SPACE',''
  ) );
#3222 = PCURVE('',#82,#3223);
#3223 = DEFINITIONAL_REPRESENTATION('',(#3224),#3232);
#3224 = ( BOUNDED_CURVE() B_SPLINE_CURVE(2,(#3225,#3226,#3227,#3228,
#3229,#3230,#3231),.UNSPECIFIED.,.T.,.F.) B_SPLINE_CURVE_WITH_KNOTS((1,2
    ,2,2,2,1),(-2.094395102393,0.,2.094395102393,4.188790204786,
6.28318530718,8.377580409573),.UNSPECIFIED.) CURVE() 
GEOMETRIC_REPRESENTATION_ITEM() RATIONAL_B_SPLINE_CURVE((1.,0.5,1.,0.5,
1.,0.5,1.)) REPRESENTATION_ITEM('') );
#3225 = CARTESIAN_POINT('',(-32.51971979876,-7.598736080264));
#3226 = CARTESIAN_POINT('',(-35.50011038811,-11.85517495976));
#3227 = CARTESIAN_POINT('',(-37.69609929274,-7.145861556433));
#3228 = CARTESIAN_POINT('',(-39.89208819736,-2.436548153105));
#3229 = CARTESIAN_POINT('',(-34.71570870338,-2.889422676936));
#3230 = CARTESIAN_POINT('',(-29.53932920941,-3.342297200767));
#3231 = CARTESIAN_POINT('',(-32.51971979876,-7.598736080264));
#3232 = ( GEOMETRIC_REPRESENTATION_CONTEXT(2) 
PARAMETRIC_REPRESENTATION_CONTEXT() REPRESENTATION_CONTEXT('2D SPACE',''
  ) );
#3233 = ORIENTED_EDGE('',*,*,#3234,.F.);
#3234 = EDGE_CURVE('',#3235,#3207,#3237,.T.);
#3235 = VERTEX_POINT('',#3236);
#3236 = CARTESIAN_POINT('',(32.519719798763,460.5,20.198311280743));
#3237 = SURFACE_CURVE('',#3238,(#3242,#3249),.PCURVE_S1.);
#3238 = LINE('',#3239,#3240);
#3239 = CARTESIAN_POINT('',(32.519719798763,460.5,20.198311280743));
#3240 = VECTOR('',#3241,1.);
#3241 = DIRECTION('',(4.087939514284E-14,-1.,-7.908951930284E-14));
#3242 = PCURVE('',#3166,#3243);
#3243 = DEFINITIONAL_REPRESENTATION('',(#3244),#3248);
#3244 = LINE('',#3245,#3246);
#3245 = CARTESIAN_POINT('',(6.28318530718,0.));
#3246 = VECTOR('',#3247,1.);
#3247 = DIRECTION('',(0.,-1.));
#3248 = ( GEOMETRIC_REPRESENTATION_CONTEXT(2) 
PARAMETRIC_REPRESENTATION_CONTEXT() REPRESENTATION_CONTEXT('2D SPACE',''
  ) );
#3249 = PCURVE('',#3250,#3255);
#3250 = PLANE('',#3251);
#3251 = AXIS2_PLACEMENT_3D('',#3252,#3253,#3254);
#3252 = CARTESIAN_POINT('',(32.519719798763,460.5,20.198311280743));
#3253 = DIRECTION('',(0.915541355994,5.615085916921E-15,0.402223849946)
  );
#3254 = DIRECTION('',(0.402223849946,8.797209551279E-14,-0.915541355994)
  );
#3255 = DEFINITIONAL_REPRESENTATION('',(#3256),#3260);
#3256 = LINE('',#3257,#3258);
#3257 = CARTESIAN_POINT('',(-5.93472217659E-29,6.741719999493E-14));
#3258 = VECTOR('',#3259,1.);
#3259 = DIRECTION('',(8.802979324321E-16,-1.));
#3260 = ( GEOMETRIC_REPRESENTATION_CONTEXT(2) 
PARAMETRIC_REPRESENTATION_CONTEXT() REPRESENTATION_CONTEXT('2D SPACE',''
  ) );
#3261 = ORIENTED_EDGE('',*,*,#3262,.F.);
#3262 = EDGE_CURVE('',#3151,#3235,#3263,.T.);
#3263 = SURFACE_CURVE('',#3264,(#3269,#3276),.PCURVE_S1.);
#3264 = CIRCLE('',#3265,3.);
#3265 = AXIS2_PLACEMENT_3D('',#3266,#3267,#3268);
#3266 = CARTESIAN_POINT('',(34.97717593163,460.5,21.919040589796));
#3267 = DIRECTION('',(2.746540374676E-12,-1.,1.923143235378E-12));
#3268 = DIRECTION('',(-0.819152044289,-3.352903806179E-12,
    -0.573576436351));
#3269 = PCURVE('',#3166,#3270);
#3270 = DEFINITIONAL_REPRESENTATION('',(#3271),#3275);
#3271 = LINE('',#3272,#3273);
#3272 = CARTESIAN_POINT('',(0.,0.));
#3273 = VECTOR('',#3274,1.);
#3274 = DIRECTION('',(1.,0.));
#3275 = ( GEOMETRIC_REPRESENTATION_CONTEXT(2) 
PARAMETRIC_REPRESENTATION_CONTEXT() REPRESENTATION_CONTEXT('2D SPACE',''
  ) );
#3276 = PCURVE('',#153,#3277);
#3277 = DEFINITIONAL_REPRESENTATION('',(#3278),#3286);
#3278 = ( BOUNDED_CURVE() B_SPLINE_CURVE(2,(#3279,#3280,#3281,#3282,
#3283,#3284,#3285),.UNSPECIFIED.,.T.,.F.) B_SPLINE_CURVE_WITH_KNOTS((1,2
    ,2,2,2,1),(-2.094395102393,0.,2.094395102393,4.188790204786,
6.28318530718,8.377580409573),.UNSPECIFIED.) CURVE() 
GEOMETRIC_REPRESENTATION_ITEM() RATIONAL_B_SPLINE_CURVE((1.,0.5,1.,0.5,
1.,0.5,1.)) REPRESENTATION_ITEM('') );
#3279 = CARTESIAN_POINT('',(-32.51971979876,-7.598736080264));
#3280 = CARTESIAN_POINT('',(-35.50011038811,-11.85517495976));
#3281 = CARTESIAN_POINT('',(-37.69609929274,-7.145861556433));
#3282 = CARTESIAN_POINT('',(-39.89208819736,-2.436548153105));
#3283 = CARTESIAN_POINT('',(-34.71570870338,-2.889422676936));
#3284 = CARTESIAN_POINT('',(-29.53932920941,-3.342297200767));
#3285 = CARTESIAN_POINT('',(-32.51971979876,-7.598736080264));
#3286 = ( GEOMETRIC_REPRESENTATION_CONTEXT(2) 
PARAMETRIC_REPRESENTATION_CONTEXT() REPRESENTATION_CONTEXT('2D SPACE',''
  ) );
#3287 = ADVANCED_FACE('',(#3288),#3250,.T.);
#3288 = FACE_BOUND('',#3289,.T.);
#3289 = EDGE_LOOP('',(#3290,#3291,#3314,#3342));
#3290 = ORIENTED_EDGE('',*,*,#3234,.T.);
#3291 = ORIENTED_EDGE('',*,*,#3292,.T.);
#3292 = EDGE_CURVE('',#3207,#3293,#3295,.T.);
#3293 = VERTEX_POINT('',#3294);
#3294 = CARTESIAN_POINT('',(34.057825227545,458.,16.69727788822));
#3295 = SURFACE_CURVE('',#3296,(#3300,#3307),.PCURVE_S1.);
#3296 = LINE('',#3297,#3298);
#3297 = CARTESIAN_POINT('',(32.519719798763,458.,20.198311280743));
#3298 = VECTOR('',#3299,1.);
#3299 = DIRECTION('',(0.402223849946,8.797209551279E-14,-0.915541355994)
  );
#3300 = PCURVE('',#3250,#3301);
#3301 = DEFINITIONAL_REPRESENTATION('',(#3302),#3306);
#3302 = LINE('',#3303,#3304);
#3303 = CARTESIAN_POINT('',(2.20074483108E-15,-2.5));
#3304 = VECTOR('',#3305,1.);
#3305 = DIRECTION('',(1.,9.860761315263E-32));
#3306 = ( GEOMETRIC_REPRESENTATION_CONTEXT(2) 
PARAMETRIC_REPRESENTATION_CONTEXT() REPRESENTATION_CONTEXT('2D SPACE',''
  ) );
#3307 = PCURVE('',#82,#3308);
#3308 = DEFINITIONAL_REPRESENTATION('',(#3309),#3313);
#3309 = LINE('',#3310,#3311);
#3310 = CARTESIAN_POINT('',(-32.51971979876,-7.598736080264));
#3311 = VECTOR('',#3312,1.);
#3312 = DIRECTION('',(-0.402223849946,-0.915541355994));
#3313 = ( GEOMETRIC_REPRESENTATION_CONTEXT(2) 
PARAMETRIC_REPRESENTATION_CONTEXT() REPRESENTATION_CONTEXT('2D SPACE',''
  ) );
#3314 = ORIENTED_EDGE('',*,*,#3315,.F.);
#3315 = EDGE_CURVE('',#3316,#3293,#3318,.T.);
#3316 = VERTEX_POINT('',#3317);
#3317 = CARTESIAN_POINT('',(34.057825227545,460.5,16.69727788822));
#3318 = SURFACE_CURVE('',#3319,(#3323,#3330),.PCURVE_S1.);
#3319 = LINE('',#3320,#3321);
#3320 = CARTESIAN_POINT('',(34.057825227545,460.5,16.69727788822));
#3321 = VECTOR('',#3322,1.);
#3322 = DIRECTION('',(4.087939514284E-14,-1.,-7.908951930284E-14));
#3323 = PCURVE('',#3250,#3324);
#3324 = DEFINITIONAL_REPRESENTATION('',(#3325),#3329);
#3325 = LINE('',#3326,#3327);
#3326 = CARTESIAN_POINT('',(3.824003546757,-2.702771375882E-13));
#3327 = VECTOR('',#3328,1.);
#3328 = DIRECTION('',(8.802979324321E-16,-1.));
#3329 = ( GEOMETRIC_REPRESENTATION_CONTEXT(2) 
PARAMETRIC_REPRESENTATION_CONTEXT() REPRESENTATION_CONTEXT('2D SPACE',''
  ) );
#3330 = PCURVE('',#3331,#3336);
#3331 = PLANE('',#3332);
#3332 = AXIS2_PLACEMENT_3D('',#3333,#3334,#3335);
#3333 = CARTESIAN_POINT('',(34.057825227545,460.5,16.697277888219));
#3334 = DIRECTION('',(0.573576436351,8.823379920497E-14,-0.819152044289)
  );
#3335 = DIRECTION('',(-0.819152044289,1.187744453389E-14,-0.573576436351
    ));
#3336 = DEFINITIONAL_REPRESENTATION('',(#3337),#3341);
#3337 = LINE('',#3338,#3339);
#3338 = CARTESIAN_POINT('',(-8.90889451072E-15,1.242604999932E-13));
#3339 = VECTOR('',#3340,1.);
#3340 = DIRECTION('',(-8.608050197772E-27,-1.));
#3341 = ( GEOMETRIC_REPRESENTATION_CONTEXT(2) 
PARAMETRIC_REPRESENTATION_CONTEXT() REPRESENTATION_CONTEXT('2D SPACE',''
  ) );
#3342 = ORIENTED_EDGE('',*,*,#3343,.F.);
#3343 = EDGE_CURVE('',#3235,#3316,#3344,.T.);
#3344 = SURFACE_CURVE('',#3345,(#3349,#3356),.PCURVE_S1.);
#3345 = LINE('',#3346,#3347);
#3346 = CARTESIAN_POINT('',(32.519719798763,460.5,20.198311280743));
#3347 = VECTOR('',#3348,1.);
#3348 = DIRECTION('',(0.402223849946,8.797209551279E-14,-0.915541355994)
  );
#3349 = PCURVE('',#3250,#3350);
#3350 = DEFINITIONAL_REPRESENTATION('',(#3351),#3355);
#3351 = LINE('',#3352,#3353);
#3352 = CARTESIAN_POINT('',(0.,0.));
#3353 = VECTOR('',#3354,1.);
#3354 = DIRECTION('',(1.,9.860761315263E-32));
#3355 = ( GEOMETRIC_REPRESENTATION_CONTEXT(2) 
PARAMETRIC_REPRESENTATION_CONTEXT() REPRESENTATION_CONTEXT('2D SPACE',''
  ) );
#3356 = PCURVE('',#153,#3357);
#3357 = DEFINITIONAL_REPRESENTATION('',(#3358),#3362);
#3358 = LINE('',#3359,#3360);
#3359 = CARTESIAN_POINT('',(-32.51971979876,-7.598736080264));
#3360 = VECTOR('',#3361,1.);
#3361 = DIRECTION('',(-0.402223849946,-0.915541355994));
#3362 = ( GEOMETRIC_REPRESENTATION_CONTEXT(2) 
PARAMETRIC_REPRESENTATION_CONTEXT() REPRESENTATION_CONTEXT('2D SPACE',''
  ) );
#3363 = ADVANCED_FACE('',(#3364),#3331,.T.);
#3364 = FACE_BOUND('',#3365,.T.);
#3365 = EDGE_LOOP('',(#3366,#3367,#3390,#3418));
#3366 = ORIENTED_EDGE('',*,*,#3315,.T.);
#3367 = ORIENTED_EDGE('',*,*,#3368,.T.);
#3368 = EDGE_CURVE('',#3293,#3369,#3371,.T.);
#3369 = VERTEX_POINT('',#3370);
#3370 = CARTESIAN_POINT('',(12.553583419791,458.,1.639845670946));
#3371 = SURFACE_CURVE('',#3372,(#3376,#3383),.PCURVE_S1.);
#3372 = LINE('',#3373,#3374);
#3373 = CARTESIAN_POINT('',(26.774005981196,458.,11.597092744969));
#3374 = VECTOR('',#3375,1.);
#3375 = DIRECTION('',(-0.819152044289,1.187744453389E-14,-0.573576436351
    ));
#3376 = PCURVE('',#3331,#3377);
#3377 = DEFINITIONAL_REPRESENTATION('',(#3378),#3382);
#3378 = LINE('',#3379,#3380);
#3379 = CARTESIAN_POINT('',(8.891901445075,-2.5));
#3380 = VECTOR('',#3381,1.);
#3381 = DIRECTION('',(1.,-1.434929627469E-42));
#3382 = ( GEOMETRIC_REPRESENTATION_CONTEXT(2) 
PARAMETRIC_REPRESENTATION_CONTEXT() REPRESENTATION_CONTEXT('2D SPACE',''
  ) );
#3383 = PCURVE('',#82,#3384);
#3384 = DEFINITIONAL_REPRESENTATION('',(#3385),#3389);
#3385 = LINE('',#3386,#3387);
#3386 = CARTESIAN_POINT('',(-26.77400598119,-16.19995461603));
#3387 = VECTOR('',#3388,1.);
#3388 = DIRECTION('',(0.819152044289,-0.573576436351));
#3389 = ( GEOMETRIC_REPRESENTATION_CONTEXT(2) 
PARAMETRIC_REPRESENTATION_CONTEXT() REPRESENTATION_CONTEXT('2D SPACE',''
  ) );
#3390 = ORIENTED_EDGE('',*,*,#3391,.F.);
#3391 = EDGE_CURVE('',#3392,#3369,#3394,.T.);
#3392 = VERTEX_POINT('',#3393);
#3393 = CARTESIAN_POINT('',(12.553583419791,460.5,1.639845670946));
#3394 = SURFACE_CURVE('',#3395,(#3399,#3406),.PCURVE_S1.);
#3395 = LINE('',#3396,#3397);
#3396 = CARTESIAN_POINT('',(12.553583419791,460.5,1.639845670946));
#3397 = VECTOR('',#3398,1.);
#3398 = DIRECTION('',(4.087939514284E-14,-1.,-7.908951930284E-14));
#3399 = PCURVE('',#3331,#3400);
#3400 = DEFINITIONAL_REPRESENTATION('',(#3401),#3405);
#3401 = LINE('',#3402,#3403);
#3402 = CARTESIAN_POINT('',(26.251831949488,-2.168000000032E-13));
#3403 = VECTOR('',#3404,1.);
#3404 = DIRECTION('',(-8.608050197772E-27,-1.));
#3405 = ( GEOMETRIC_REPRESENTATION_CONTEXT(2) 
PARAMETRIC_REPRESENTATION_CONTEXT() REPRESENTATION_CONTEXT('2D SPACE',''
  ) );
#3406 = PCURVE('',#3407,#3412);
#3407 = PLANE('',#3408);
#3408 = AXIS2_PLACEMENT_3D('',#3409,#3410,#3411);
#3409 = CARTESIAN_POINT('',(12.55358341979,460.5,1.639845670946));
#3410 = DIRECTION('',(0.819152044289,-1.187744453388E-14,0.573576436351)
  );
#3411 = DIRECTION('',(0.573576436351,8.823379920497E-14,-0.819152044289)
  );
#3412 = DEFINITIONAL_REPRESENTATION('',(#3413),#3417);
#3413 = LINE('',#3414,#3415);
#3414 = CARTESIAN_POINT('',(2.473982762012E-15,-1.183138100003E-12));
#3415 = VECTOR('',#3416,1.);
#3416 = DIRECTION('',(2.524354896707E-28,-1.));
#3417 = ( GEOMETRIC_REPRESENTATION_CONTEXT(2) 
PARAMETRIC_REPRESENTATION_CONTEXT() REPRESENTATION_CONTEXT('2D SPACE',''
  ) );
#3418 = ORIENTED_EDGE('',*,*,#3419,.F.);
#3419 = EDGE_CURVE('',#3316,#3392,#3420,.T.);
#3420 = SURFACE_CURVE('',#3421,(#3425,#3432),.PCURVE_S1.);
#3421 = LINE('',#3422,#3423);
#3422 = CARTESIAN_POINT('',(26.774005981196,460.5,11.597092744969));
#3423 = VECTOR('',#3424,1.);
#3424 = DIRECTION('',(-0.819152044289,1.187744453389E-14,-0.573576436351
    ));
#3425 = PCURVE('',#3331,#3426);
#3426 = DEFINITIONAL_REPRESENTATION('',(#3427),#3431);
#3427 = LINE('',#3428,#3429);
#3428 = CARTESIAN_POINT('',(8.891901445075,-7.654193399285E-26));
#3429 = VECTOR('',#3430,1.);
#3430 = DIRECTION('',(1.,-1.434929627469E-42));
#3431 = ( GEOMETRIC_REPRESENTATION_CONTEXT(2) 
PARAMETRIC_REPRESENTATION_CONTEXT() REPRESENTATION_CONTEXT('2D SPACE',''
  ) );
#3432 = PCURVE('',#153,#3433);
#3433 = DEFINITIONAL_REPRESENTATION('',(#3434),#3438);
#3434 = LINE('',#3435,#3436);
#3435 = CARTESIAN_POINT('',(-26.77400598119,-16.19995461603));
#3436 = VECTOR('',#3437,1.);
#3437 = DIRECTION('',(0.819152044289,-0.573576436351));
#3438 = ( GEOMETRIC_REPRESENTATION_CONTEXT(2) 
PARAMETRIC_REPRESENTATION_CONTEXT() REPRESENTATION_CONTEXT('2D SPACE',''
  ) );
#3439 = ADVANCED_FACE('',(#3440),#3407,.T.);
#3440 = FACE_BOUND('',#3441,.T.);
#3441 = EDGE_LOOP('',(#3442,#3443,#3466,#3494));
#3442 = ORIENTED_EDGE('',*,*,#3391,.T.);
#3443 = ORIENTED_EDGE('',*,*,#3444,.T.);
#3444 = EDGE_CURVE('',#3369,#3445,#3447,.T.);
#3445 = VERTEX_POINT('',#3446);
#3446 = CARTESIAN_POINT('',(13.987524510669,458.,-0.408034439777));
#3447 = SURFACE_CURVE('',#3448,(#3452,#3459),.PCURVE_S1.);
#3448 = LINE('',#3449,#3450);
#3449 = CARTESIAN_POINT('',(4.702135085545,458.,12.852875959538));
#3450 = VECTOR('',#3451,1.);
#3451 = DIRECTION('',(0.573576436351,8.823379920497E-14,-0.819152044289)
  );
#3452 = PCURVE('',#3407,#3453);
#3453 = DEFINITIONAL_REPRESENTATION('',(#3454),#3458);
#3454 = LINE('',#3455,#3456);
#3455 = CARTESIAN_POINT('',(-13.68858243932,-2.5));
#3456 = VECTOR('',#3457,1.);
#3457 = DIRECTION('',(1.,4.484155085839E-44));
#3458 = ( GEOMETRIC_REPRESENTATION_CONTEXT(2) 
PARAMETRIC_REPRESENTATION_CONTEXT() REPRESENTATION_CONTEXT('2D SPACE',''
  ) );
#3459 = PCURVE('',#82,#3460);
#3460 = DEFINITIONAL_REPRESENTATION('',(#3461),#3465);
#3461 = LINE('',#3462,#3463);
#3462 = CARTESIAN_POINT('',(-4.702135085545,-14.94417140146));
#3463 = VECTOR('',#3464,1.);
#3464 = DIRECTION('',(-0.573576436351,-0.819152044289));
#3465 = ( GEOMETRIC_REPRESENTATION_CONTEXT(2) 
PARAMETRIC_REPRESENTATION_CONTEXT() REPRESENTATION_CONTEXT('2D SPACE',''
  ) );
#3466 = ORIENTED_EDGE('',*,*,#3467,.F.);
#3467 = EDGE_CURVE('',#3468,#3445,#3470,.T.);
#3468 = VERTEX_POINT('',#3469);
#3469 = CARTESIAN_POINT('',(13.987524510669,460.5,-0.408034439777));
#3470 = SURFACE_CURVE('',#3471,(#3475,#3482),.PCURVE_S1.);
#3471 = LINE('',#3472,#3473);
#3472 = CARTESIAN_POINT('',(13.987524510669,460.5,-0.408034439777));
#3473 = VECTOR('',#3474,1.);
#3474 = DIRECTION('',(4.087939514284E-14,-1.,-7.908951930284E-14));
#3475 = PCURVE('',#3407,#3476);
#3476 = DEFINITIONAL_REPRESENTATION('',(#3477),#3481);
#3477 = LINE('',#3478,#3479);
#3478 = CARTESIAN_POINT('',(2.500000000001,-1.410511700008E-12));
#3479 = VECTOR('',#3480,1.);
#3480 = DIRECTION('',(2.524354896707E-28,-1.));
#3481 = ( GEOMETRIC_REPRESENTATION_CONTEXT(2) 
PARAMETRIC_REPRESENTATION_CONTEXT() REPRESENTATION_CONTEXT('2D SPACE',''
  ) );
#3482 = PCURVE('',#3483,#3488);
#3483 = PLANE('',#3484);
#3484 = AXIS2_PLACEMENT_3D('',#3485,#3486,#3487);
#3485 = CARTESIAN_POINT('',(13.987524510668,460.5,-0.408034439776));
#3486 = DIRECTION('',(-0.573576436351,-8.823379920497E-14,0.819152044289
    ));
#3487 = DIRECTION('',(0.819152044289,-1.187744453389E-14,0.573576436351)
  );
#3488 = DEFINITIONAL_REPRESENTATION('',(#3489),#3493);
#3489 = LINE('',#3490,#3491);
#3490 = CARTESIAN_POINT('',(1.866224422073E-39,-2.167999000001E-13));
#3491 = VECTOR('',#3492,1.);
#3492 = DIRECTION('',(8.608050197772E-27,-1.));
#3493 = ( GEOMETRIC_REPRESENTATION_CONTEXT(2) 
PARAMETRIC_REPRESENTATION_CONTEXT() REPRESENTATION_CONTEXT('2D SPACE',''
  ) );
#3494 = ORIENTED_EDGE('',*,*,#3495,.F.);
#3495 = EDGE_CURVE('',#3392,#3468,#3496,.T.);
#3496 = SURFACE_CURVE('',#3497,(#3501,#3508),.PCURVE_S1.);
#3497 = LINE('',#3498,#3499);
#3498 = CARTESIAN_POINT('',(4.702135085545,460.5,12.852875959538));
#3499 = VECTOR('',#3500,1.);
#3500 = DIRECTION('',(0.573576436351,8.823379920497E-14,-0.819152044289)
  );
#3501 = PCURVE('',#3407,#3502);
#3502 = DEFINITIONAL_REPRESENTATION('',(#3503),#3507);
#3503 = LINE('',#3504,#3505);
#3504 = CARTESIAN_POINT('',(-13.68858243932,-3.455484010969E-27));
#3505 = VECTOR('',#3506,1.);
#3506 = DIRECTION('',(1.,4.484155085839E-44));
#3507 = ( GEOMETRIC_REPRESENTATION_CONTEXT(2) 
PARAMETRIC_REPRESENTATION_CONTEXT() REPRESENTATION_CONTEXT('2D SPACE',''
  ) );
#3508 = PCURVE('',#153,#3509);
#3509 = DEFINITIONAL_REPRESENTATION('',(#3510),#3514);
#3510 = LINE('',#3511,#3512);
#3511 = CARTESIAN_POINT('',(-4.702135085545,-14.94417140146));
#3512 = VECTOR('',#3513,1.);
#3513 = DIRECTION('',(-0.573576436351,-0.819152044289));
#3514 = ( GEOMETRIC_REPRESENTATION_CONTEXT(2) 
PARAMETRIC_REPRESENTATION_CONTEXT() REPRESENTATION_CONTEXT('2D SPACE',''
  ) );
#3515 = ADVANCED_FACE('',(#3516),#3483,.T.);
#3516 = FACE_BOUND('',#3517,.T.);
#3517 = EDGE_LOOP('',(#3518,#3519,#3542,#3570));
#3518 = ORIENTED_EDGE('',*,*,#3467,.T.);
#3519 = ORIENTED_EDGE('',*,*,#3520,.T.);
#3520 = EDGE_CURVE('',#3445,#3521,#3523,.T.);
#3521 = VERTEX_POINT('',#3522);
#3522 = CARTESIAN_POINT('',(35.083201587805,458.,14.363317673272));
#3523 = SURFACE_CURVE('',#3524,(#3528,#3535),.PCURVE_S1.);
#3524 = LINE('',#3525,#3526);
#3525 = CARTESIAN_POINT('',(28.207947072074,458.,9.549212634247));
#3526 = VECTOR('',#3527,1.);
#3527 = DIRECTION('',(0.819152044289,-1.187744453389E-14,0.573576436351)
  );
#3528 = PCURVE('',#3483,#3529);
#3529 = DEFINITIONAL_REPRESENTATION('',(#3530),#3534);
#3530 = LINE('',#3531,#3532);
#3531 = CARTESIAN_POINT('',(17.359930504414,-2.5));
#3532 = VECTOR('',#3533,1.);
#3533 = DIRECTION('',(1.,1.434929627469E-42));
#3534 = ( GEOMETRIC_REPRESENTATION_CONTEXT(2) 
PARAMETRIC_REPRESENTATION_CONTEXT() REPRESENTATION_CONTEXT('2D SPACE',''
  ) );
#3535 = PCURVE('',#82,#3536);
#3536 = DEFINITIONAL_REPRESENTATION('',(#3537),#3541);
#3537 = LINE('',#3538,#3539);
#3538 = CARTESIAN_POINT('',(-28.20794707207,-18.24783472676));
#3539 = VECTOR('',#3540,1.);
#3540 = DIRECTION('',(-0.819152044289,0.573576436351));
#3541 = ( GEOMETRIC_REPRESENTATION_CONTEXT(2) 
PARAMETRIC_REPRESENTATION_CONTEXT() REPRESENTATION_CONTEXT('2D SPACE',''
  ) );
#3542 = ORIENTED_EDGE('',*,*,#3543,.F.);
#3543 = EDGE_CURVE('',#3544,#3521,#3546,.T.);
#3544 = VERTEX_POINT('',#3545);
#3545 = CARTESIAN_POINT('',(35.083201587805,460.5,14.363317673272));
#3546 = SURFACE_CURVE('',#3547,(#3551,#3558),.PCURVE_S1.);
#3547 = LINE('',#3548,#3549);
#3548 = CARTESIAN_POINT('',(35.083201587805,460.5,14.363317673272));
#3549 = VECTOR('',#3550,1.);
#3550 = DIRECTION('',(4.087939514284E-14,-1.,-7.908951930284E-14));
#3551 = PCURVE('',#3483,#3552);
#3552 = DEFINITIONAL_REPRESENTATION('',(#3553),#3557);
#3553 = LINE('',#3554,#3555);
#3554 = CARTESIAN_POINT('',(25.753066508486,1.242606000095E-13));
#3555 = VECTOR('',#3556,1.);
#3556 = DIRECTION('',(8.608050197772E-27,-1.));
#3557 = ( GEOMETRIC_REPRESENTATION_CONTEXT(2) 
PARAMETRIC_REPRESENTATION_CONTEXT() REPRESENTATION_CONTEXT('2D SPACE',''
  ) );
#3558 = PCURVE('',#3559,#3564);
#3559 = PLANE('',#3560);
#3560 = AXIS2_PLACEMENT_3D('',#3561,#3562,#3563);
#3561 = CARTESIAN_POINT('',(35.083201587807,460.5,14.363317673273));
#3562 = DIRECTION('',(0.915541355994,5.615085916921E-15,0.402223849946)
  );
#3563 = DIRECTION('',(0.402223849946,8.797209551279E-14,-0.915541355994)
  );
#3564 = DEFINITIONAL_REPRESENTATION('',(#3565),#3569);
#3565 = LINE('',#3566,#3567);
#3566 = CARTESIAN_POINT('',(-3.252656298946E-15,-4.954066222913E-13));
#3567 = VECTOR('',#3568,1.);
#3568 = DIRECTION('',(8.802979324321E-16,-1.));
#3569 = ( GEOMETRIC_REPRESENTATION_CONTEXT(2) 
PARAMETRIC_REPRESENTATION_CONTEXT() REPRESENTATION_CONTEXT('2D SPACE',''
  ) );
#3570 = ORIENTED_EDGE('',*,*,#3571,.F.);
#3571 = EDGE_CURVE('',#3468,#3544,#3572,.T.);
#3572 = SURFACE_CURVE('',#3573,(#3577,#3584),.PCURVE_S1.);
#3573 = LINE('',#3574,#3575);
#3574 = CARTESIAN_POINT('',(28.207947072074,460.5,9.549212634247));
#3575 = VECTOR('',#3576,1.);
#3576 = DIRECTION('',(0.819152044289,-1.187744453389E-14,0.573576436351)
  );
#3577 = PCURVE('',#3483,#3578);
#3578 = DEFINITIONAL_REPRESENTATION('',(#3579),#3583);
#3579 = LINE('',#3580,#3581);
#3580 = CARTESIAN_POINT('',(17.359930504414,1.494351532118E-25));
#3581 = VECTOR('',#3582,1.);
#3582 = DIRECTION('',(1.,1.434929627469E-42));
#3583 = ( GEOMETRIC_REPRESENTATION_CONTEXT(2) 
PARAMETRIC_REPRESENTATION_CONTEXT() REPRESENTATION_CONTEXT('2D SPACE',''
  ) );
#3584 = PCURVE('',#153,#3585);
#3585 = DEFINITIONAL_REPRESENTATION('',(#3586),#3590);
#3586 = LINE('',#3587,#3588);
#3587 = CARTESIAN_POINT('',(-28.20794707207,-18.24783472676));
#3588 = VECTOR('',#3589,1.);
#3589 = DIRECTION('',(-0.819152044289,0.573576436351));
#3590 = ( GEOMETRIC_REPRESENTATION_CONTEXT(2) 
PARAMETRIC_REPRESENTATION_CONTEXT() REPRESENTATION_CONTEXT('2D SPACE',''
  ) );
#3591 = ADVANCED_FACE('',(#3592),#3559,.T.);
#3592 = FACE_BOUND('',#3593,.T.);
#3593 = EDGE_LOOP('',(#3594,#3595,#3618,#3646));
#3594 = ORIENTED_EDGE('',*,*,#3543,.T.);
#3595 = ORIENTED_EDGE('',*,*,#3596,.T.);
#3596 = EDGE_CURVE('',#3521,#3597,#3599,.T.);
#3597 = VERTEX_POINT('',#3598);
#3598 = CARTESIAN_POINT('',(40.5,458.,2.033608820556));
#3599 = SURFACE_CURVE('',#3600,(#3604,#3611),.PCURVE_S1.);
#3600 = LINE('',#3601,#3602);
#3601 = CARTESIAN_POINT('',(32.519719798763,458.,20.198311280743));
#3602 = VECTOR('',#3603,1.);
#3603 = DIRECTION('',(0.402223849946,8.797209551279E-14,-0.915541355994)
  );
#3604 = PCURVE('',#3559,#3605);
#3605 = DEFINITIONAL_REPRESENTATION('',(#3606),#3610);
#3606 = LINE('',#3607,#3608);
#3607 = CARTESIAN_POINT('',(-6.373271474053,-2.5));
#3608 = VECTOR('',#3609,1.);
#3609 = DIRECTION('',(1.,9.860761315263E-32));
#3610 = ( GEOMETRIC_REPRESENTATION_CONTEXT(2) 
PARAMETRIC_REPRESENTATION_CONTEXT() REPRESENTATION_CONTEXT('2D SPACE',''
  ) );
#3611 = PCURVE('',#82,#3612);
#3612 = DEFINITIONAL_REPRESENTATION('',(#3613),#3617);
#3613 = LINE('',#3614,#3615);
#3614 = CARTESIAN_POINT('',(-32.51971979876,-7.598736080264));
#3615 = VECTOR('',#3616,1.);
#3616 = DIRECTION('',(-0.402223849946,-0.915541355994));
#3617 = ( GEOMETRIC_REPRESENTATION_CONTEXT(2) 
PARAMETRIC_REPRESENTATION_CONTEXT() REPRESENTATION_CONTEXT('2D SPACE',''
  ) );
#3618 = ORIENTED_EDGE('',*,*,#3619,.F.);
#3619 = EDGE_CURVE('',#3620,#3597,#3622,.T.);
#3620 = VERTEX_POINT('',#3621);
#3621 = CARTESIAN_POINT('',(40.5,460.5,2.033608820556));
#3622 = SURFACE_CURVE('',#3623,(#3627,#3634),.PCURVE_S1.);
#3623 = LINE('',#3624,#3625);
#3624 = CARTESIAN_POINT('',(40.5,460.5,2.033608820556));
#3625 = VECTOR('',#3626,1.);
#3626 = DIRECTION('',(4.087939514284E-14,-1.,-7.908951930284E-14));
#3627 = PCURVE('',#3559,#3628);
#3628 = DEFINITIONAL_REPRESENTATION('',(#3629),#3633);
#3629 = LINE('',#3630,#3631);
#3630 = CARTESIAN_POINT('',(13.467123873756,-1.677263340997E-12));
#3631 = VECTOR('',#3632,1.);
#3632 = DIRECTION('',(8.802979324321E-16,-1.));
#3633 = ( GEOMETRIC_REPRESENTATION_CONTEXT(2) 
PARAMETRIC_REPRESENTATION_CONTEXT() REPRESENTATION_CONTEXT('2D SPACE',''
  ) );
#3634 = PCURVE('',#3635,#3640);
#3635 = PLANE('',#3636);
#3636 = AXIS2_PLACEMENT_3D('',#3637,#3638,#3639);
#3637 = CARTESIAN_POINT('',(40.5,460.5,2.033608820556));
#3638 = DIRECTION('',(1.,4.087939514284E-14,-1.641592495499E-14));
#3639 = DIRECTION('',(-1.641592495499E-14,-6.689540476274E-28,-1.));
#3640 = DEFINITIONAL_REPRESENTATION('',(#3641),#3645);
#3641 = LINE('',#3642,#3643);
#3642 = CARTESIAN_POINT('',(-8.362767587176E-28,1.057379999384E-14));
#3643 = VECTOR('',#3644,1.);
#3644 = DIRECTION('',(7.908951930284E-14,-1.));
#3645 = ( GEOMETRIC_REPRESENTATION_CONTEXT(2) 
PARAMETRIC_REPRESENTATION_CONTEXT() REPRESENTATION_CONTEXT('2D SPACE',''
  ) );
#3646 = ORIENTED_EDGE('',*,*,#3647,.F.);
#3647 = EDGE_CURVE('',#3544,#3620,#3648,.T.);
#3648 = SURFACE_CURVE('',#3649,(#3653,#3660),.PCURVE_S1.);
#3649 = LINE('',#3650,#3651);
#3650 = CARTESIAN_POINT('',(32.519719798763,460.5,20.198311280743));
#3651 = VECTOR('',#3652,1.);
#3652 = DIRECTION('',(0.402223849946,8.797209551279E-14,-0.915541355994)
  );
#3653 = PCURVE('',#3559,#3654);
#3654 = DEFINITIONAL_REPRESENTATION('',(#3655),#3659);
#3655 = LINE('',#3656,#3657);
#3656 = CARTESIAN_POINT('',(-6.373271474053,2.43385677366E-24));
#3657 = VECTOR('',#3658,1.);
#3658 = DIRECTION('',(1.,9.860761315263E-32));
#3659 = ( GEOMETRIC_REPRESENTATION_CONTEXT(2) 
PARAMETRIC_REPRESENTATION_CONTEXT() REPRESENTATION_CONTEXT('2D SPACE',''
  ) );
#3660 = PCURVE('',#153,#3661);
#3661 = DEFINITIONAL_REPRESENTATION('',(#3662),#3666);
#3662 = LINE('',#3663,#3664);
#3663 = CARTESIAN_POINT('',(-32.51971979876,-7.598736080264));
#3664 = VECTOR('',#3665,1.);
#3665 = DIRECTION('',(-0.402223849946,-0.915541355994));
#3666 = ( GEOMETRIC_REPRESENTATION_CONTEXT(2) 
PARAMETRIC_REPRESENTATION_CONTEXT() REPRESENTATION_CONTEXT('2D SPACE',''
  ) );
#3667 = ADVANCED_FACE('',(#3668),#3635,.T.);
#3668 = FACE_BOUND('',#3669,.T.);
#3669 = EDGE_LOOP('',(#3670,#3671,#3694,#3722));
#3670 = ORIENTED_EDGE('',*,*,#3619,.T.);
#3671 = ORIENTED_EDGE('',*,*,#3672,.T.);
#3672 = EDGE_CURVE('',#3597,#3673,#3675,.T.);
#3673 = VERTEX_POINT('',#3674);
#3674 = CARTESIAN_POINT('',(40.5,458.,-5.000000000001));
#3675 = SURFACE_CURVE('',#3676,(#3680,#3687),.PCURVE_S1.);
#3676 = LINE('',#3677,#3678);
#3677 = CARTESIAN_POINT('',(40.5,458.,2.033608820556));
#3678 = VECTOR('',#3679,1.);
#3679 = DIRECTION('',(-1.641592495499E-14,-6.689540476274E-28,-1.));
#3680 = PCURVE('',#3635,#3681);
#3681 = DEFINITIONAL_REPRESENTATION('',(#3682),#3686);
#3682 = LINE('',#3683,#3684);
#3683 = CARTESIAN_POINT('',(1.977237982571E-13,-2.5));
#3684 = VECTOR('',#3685,1.);
#3685 = DIRECTION('',(1.,0.));
#3686 = ( GEOMETRIC_REPRESENTATION_CONTEXT(2) 
PARAMETRIC_REPRESENTATION_CONTEXT() REPRESENTATION_CONTEXT('2D SPACE',''
  ) );
#3687 = PCURVE('',#82,#3688);
#3688 = DEFINITIONAL_REPRESENTATION('',(#3689),#3693);
#3689 = LINE('',#3690,#3691);
#3690 = CARTESIAN_POINT('',(-40.5,-25.76343854045));
#3691 = VECTOR('',#3692,1.);
#3692 = DIRECTION('',(1.641592495499E-14,-1.));
#3693 = ( GEOMETRIC_REPRESENTATION_CONTEXT(2) 
PARAMETRIC_REPRESENTATION_CONTEXT() REPRESENTATION_CONTEXT('2D SPACE',''
  ) );
#3694 = ORIENTED_EDGE('',*,*,#3695,.F.);
#3695 = EDGE_CURVE('',#3696,#3673,#3698,.T.);
#3696 = VERTEX_POINT('',#3697);
#3697 = CARTESIAN_POINT('',(40.5,460.5,-5.000000000001));
#3698 = SURFACE_CURVE('',#3699,(#3703,#3710),.PCURVE_S1.);
#3699 = LINE('',#3700,#3701);
#3700 = CARTESIAN_POINT('',(40.5,460.5,-5.000000000001));
#3701 = VECTOR('',#3702,1.);
#3702 = DIRECTION('',(4.087939514284E-14,-1.,-7.908951930284E-14));
#3703 = PCURVE('',#3635,#3704);
#3704 = DEFINITIONAL_REPRESENTATION('',(#3705),#3709);
#3705 = LINE('',#3706,#3707);
#3706 = CARTESIAN_POINT('',(7.033608820557,-1.575659427406E-15));
#3707 = VECTOR('',#3708,1.);
#3708 = DIRECTION('',(7.908951930284E-14,-1.));
#3709 = ( GEOMETRIC_REPRESENTATION_CONTEXT(2) 
PARAMETRIC_REPRESENTATION_CONTEXT() REPRESENTATION_CONTEXT('2D SPACE',''
  ) );
#3710 = PCURVE('',#3711,#3716);
#3711 = PLANE('',#3712);
#3712 = AXIS2_PLACEMENT_3D('',#3713,#3714,#3715);
#3713 = CARTESIAN_POINT('',(40.5,460.5,-5.000000000001));
#3714 = DIRECTION('',(0.564684073648,8.835708939389E-14,-0.825307153106)
  );
#3715 = DIRECTION('',(-0.825307153106,-5.939233732701E-18,
    -0.564684073648));
#3716 = DEFINITIONAL_REPRESENTATION('',(#3717),#3721);
#3717 = LINE('',#3718,#3719);
#3718 = CARTESIAN_POINT('',(-1.155544049122E-28,1.057369999102E-14));
#3719 = VECTOR('',#3720,1.);
#3720 = DIRECTION('',(1.092847395049E-14,-1.));
#3721 = ( GEOMETRIC_REPRESENTATION_CONTEXT(2) 
PARAMETRIC_REPRESENTATION_CONTEXT() REPRESENTATION_CONTEXT('2D SPACE',''
  ) );
#3722 = ORIENTED_EDGE('',*,*,#3723,.F.);
#3723 = EDGE_CURVE('',#3620,#3696,#3724,.T.);
#3724 = SURFACE_CURVE('',#3725,(#3729,#3736),.PCURVE_S1.);
#3725 = LINE('',#3726,#3727);
#3726 = CARTESIAN_POINT('',(40.5,460.5,2.033608820556));
#3727 = VECTOR('',#3728,1.);
#3728 = DIRECTION('',(-1.641592495499E-14,-6.689540476274E-28,-1.));
#3729 = PCURVE('',#3635,#3730);
#3730 = DEFINITIONAL_REPRESENTATION('',(#3731),#3735);
#3731 = LINE('',#3732,#3733);
#3732 = CARTESIAN_POINT('',(0.,0.));
#3733 = VECTOR('',#3734,1.);
#3734 = DIRECTION('',(1.,0.));
#3735 = ( GEOMETRIC_REPRESENTATION_CONTEXT(2) 
PARAMETRIC_REPRESENTATION_CONTEXT() REPRESENTATION_CONTEXT('2D SPACE',''
  ) );
#3736 = PCURVE('',#153,#3737);
#3737 = DEFINITIONAL_REPRESENTATION('',(#3738),#3742);
#3738 = LINE('',#3739,#3740);
#3739 = CARTESIAN_POINT('',(-40.5,-25.76343854045));
#3740 = VECTOR('',#3741,1.);
#3741 = DIRECTION('',(1.641592495499E-14,-1.));
#3742 = ( GEOMETRIC_REPRESENTATION_CONTEXT(2) 
PARAMETRIC_REPRESENTATION_CONTEXT() REPRESENTATION_CONTEXT('2D SPACE',''
  ) );
#3743 = ADVANCED_FACE('',(#3744),#3711,.T.);
#3744 = FACE_BOUND('',#3745,.T.);
#3745 = EDGE_LOOP('',(#3746,#3747,#3770,#3798));
#3746 = ORIENTED_EDGE('',*,*,#3695,.T.);
#3747 = ORIENTED_EDGE('',*,*,#3748,.T.);
#3748 = EDGE_CURVE('',#3673,#3749,#3751,.T.);
#3749 = VERTEX_POINT('',#3750);
#3750 = CARTESIAN_POINT('',(2.500015615548,458.,-30.99999999999));
#3751 = SURFACE_CURVE('',#3752,(#3756,#3763),.PCURVE_S1.);
#3752 = LINE('',#3753,#3754);
#3753 = CARTESIAN_POINT('',(40.5,458.,-5.000000000001));
#3754 = VECTOR('',#3755,1.);
#3755 = DIRECTION('',(-0.825307153106,-5.939233732701E-18,
    -0.564684073648));
#3756 = PCURVE('',#3711,#3757);
#3757 = DEFINITIONAL_REPRESENTATION('',(#3758),#3762);
#3758 = LINE('',#3759,#3760);
#3759 = CARTESIAN_POINT('',(2.732118487623E-14,-2.5));
#3760 = VECTOR('',#3761,1.);
#3761 = DIRECTION('',(1.,0.));
#3762 = ( GEOMETRIC_REPRESENTATION_CONTEXT(2) 
PARAMETRIC_REPRESENTATION_CONTEXT() REPRESENTATION_CONTEXT('2D SPACE',''
  ) );
#3763 = PCURVE('',#82,#3764);
#3764 = DEFINITIONAL_REPRESENTATION('',(#3765),#3769);
#3765 = LINE('',#3766,#3767);
#3766 = CARTESIAN_POINT('',(-40.5,-32.797047361));
#3767 = VECTOR('',#3768,1.);
#3768 = DIRECTION('',(0.825307153106,-0.564684073648));
#3769 = ( GEOMETRIC_REPRESENTATION_CONTEXT(2) 
PARAMETRIC_REPRESENTATION_CONTEXT() REPRESENTATION_CONTEXT('2D SPACE',''
  ) );
#3770 = ORIENTED_EDGE('',*,*,#3771,.F.);
#3771 = EDGE_CURVE('',#3772,#3749,#3774,.T.);
#3772 = VERTEX_POINT('',#3773);
#3773 = CARTESIAN_POINT('',(2.500015615548,460.5,-30.99999999999));
#3774 = SURFACE_CURVE('',#3775,(#3779,#3786),.PCURVE_S1.);
#3775 = LINE('',#3776,#3777);
#3776 = CARTESIAN_POINT('',(2.500015615548,460.5,-30.99999999999));
#3777 = VECTOR('',#3778,1.);
#3778 = DIRECTION('',(4.087939514284E-14,-1.,-7.908951930284E-14));
#3779 = PCURVE('',#3711,#3780);
#3780 = DEFINITIONAL_REPRESENTATION('',(#3781),#3785);
#3781 = LINE('',#3782,#3783);
#3782 = CARTESIAN_POINT('',(46.043444845257,2.167487584324E-15));
#3783 = VECTOR('',#3784,1.);
#3784 = DIRECTION('',(1.092847395049E-14,-1.));
#3785 = ( GEOMETRIC_REPRESENTATION_CONTEXT(2) 
PARAMETRIC_REPRESENTATION_CONTEXT() REPRESENTATION_CONTEXT('2D SPACE',''
  ) );
#3786 = PCURVE('',#3787,#3792);
#3787 = PLANE('',#3788);
#3788 = AXIS2_PLACEMENT_3D('',#3789,#3790,#3791);
#3789 = CARTESIAN_POINT('',(2.500015615548,460.5,-30.99999999999));
#3790 = DIRECTION('',(-1.33226762955E-14,7.908951930284E-14,-1.));
#3791 = DIRECTION('',(-1.,-7.196391921053E-18,1.33226762955E-14));
#3792 = DEFINITIONAL_REPRESENTATION('',(#3793),#3797);
#3793 = LINE('',#3794,#3795);
#3794 = CARTESIAN_POINT('',(4.321703681064E-28,1.057370000425E-14));
#3795 = VECTOR('',#3796,1.);
#3796 = DIRECTION('',(-4.087219875092E-14,-1.));
#3797 = ( GEOMETRIC_REPRESENTATION_CONTEXT(2) 
PARAMETRIC_REPRESENTATION_CONTEXT() REPRESENTATION_CONTEXT('2D SPACE',''
  ) );
#3798 = ORIENTED_EDGE('',*,*,#3799,.F.);
#3799 = EDGE_CURVE('',#3696,#3772,#3800,.T.);
#3800 = SURFACE_CURVE('',#3801,(#3805,#3812),.PCURVE_S1.);
#3801 = LINE('',#3802,#3803);
#3802 = CARTESIAN_POINT('',(40.5,460.5,-5.000000000001));
#3803 = VECTOR('',#3804,1.);
#3804 = DIRECTION('',(-0.825307153106,-5.939233732701E-18,
    -0.564684073648));
#3805 = PCURVE('',#3711,#3806);
#3806 = DEFINITIONAL_REPRESENTATION('',(#3807),#3811);
#3807 = LINE('',#3808,#3809);
#3808 = CARTESIAN_POINT('',(0.,0.));
#3809 = VECTOR('',#3810,1.);
#3810 = DIRECTION('',(1.,0.));
#3811 = ( GEOMETRIC_REPRESENTATION_CONTEXT(2) 
PARAMETRIC_REPRESENTATION_CONTEXT() REPRESENTATION_CONTEXT('2D SPACE',''
  ) );
#3812 = PCURVE('',#153,#3813);
#3813 = DEFINITIONAL_REPRESENTATION('',(#3814),#3818);
#3814 = LINE('',#3815,#3816);
#3815 = CARTESIAN_POINT('',(-40.5,-32.797047361));
#3816 = VECTOR('',#3817,1.);
#3817 = DIRECTION('',(0.825307153106,-0.564684073648));
#3818 = ( GEOMETRIC_REPRESENTATION_CONTEXT(2) 
PARAMETRIC_REPRESENTATION_CONTEXT() REPRESENTATION_CONTEXT('2D SPACE',''
  ) );
#3819 = ADVANCED_FACE('',(#3820),#3787,.T.);
#3820 = FACE_BOUND('',#3821,.T.);
#3821 = EDGE_LOOP('',(#3822,#3823,#3846,#3874));
#3822 = ORIENTED_EDGE('',*,*,#3771,.T.);
#3823 = ORIENTED_EDGE('',*,*,#3824,.T.);
#3824 = EDGE_CURVE('',#3749,#3825,#3827,.T.);
#3825 = VERTEX_POINT('',#3826);
#3826 = CARTESIAN_POINT('',(-2.499984384452,458.,-30.99999999999));
#3827 = SURFACE_CURVE('',#3828,(#3832,#3839),.PCURVE_S1.);
#3828 = LINE('',#3829,#3830);
#3829 = CARTESIAN_POINT('',(2.500015615548,458.,-30.99999999999));
#3830 = VECTOR('',#3831,1.);
#3831 = DIRECTION('',(-1.,-7.196391921053E-18,1.33226762955E-14));
#3832 = PCURVE('',#3787,#3833);
#3833 = DEFINITIONAL_REPRESENTATION('',(#3834),#3838);
#3834 = LINE('',#3835,#3836);
#3835 = CARTESIAN_POINT('',(-1.021804968773E-13,-2.5));
#3836 = VECTOR('',#3837,1.);
#3837 = DIRECTION('',(1.,0.));
#3838 = ( GEOMETRIC_REPRESENTATION_CONTEXT(2) 
PARAMETRIC_REPRESENTATION_CONTEXT() REPRESENTATION_CONTEXT('2D SPACE',''
  ) );
#3839 = PCURVE('',#82,#3840);
#3840 = DEFINITIONAL_REPRESENTATION('',(#3841),#3845);
#3841 = LINE('',#3842,#3843);
#3842 = CARTESIAN_POINT('',(-2.500015615548,-58.797047361));
#3843 = VECTOR('',#3844,1.);
#3844 = DIRECTION('',(1.,1.33226762955E-14));
#3845 = ( GEOMETRIC_REPRESENTATION_CONTEXT(2) 
PARAMETRIC_REPRESENTATION_CONTEXT() REPRESENTATION_CONTEXT('2D SPACE',''
  ) );
#3846 = ORIENTED_EDGE('',*,*,#3847,.F.);
#3847 = EDGE_CURVE('',#3848,#3825,#3850,.T.);
#3848 = VERTEX_POINT('',#3849);
#3849 = CARTESIAN_POINT('',(-2.499984384452,460.5,-30.99999999999));
#3850 = SURFACE_CURVE('',#3851,(#3855,#3862),.PCURVE_S1.);
#3851 = LINE('',#3852,#3853);
#3852 = CARTESIAN_POINT('',(-2.499984384452,460.5,-30.99999999999));
#3853 = VECTOR('',#3854,1.);
#3854 = DIRECTION('',(4.087939514284E-14,-1.,-7.908951930284E-14));
#3855 = PCURVE('',#3787,#3856);
#3856 = DEFINITIONAL_REPRESENTATION('',(#3857),#3861);
#3857 = LINE('',#3858,#3859);
#3858 = CARTESIAN_POINT('',(5.,3.358640624361E-14));
#3859 = VECTOR('',#3860,1.);
#3860 = DIRECTION('',(-4.087219875092E-14,-1.));
#3861 = ( GEOMETRIC_REPRESENTATION_CONTEXT(2) 
PARAMETRIC_REPRESENTATION_CONTEXT() REPRESENTATION_CONTEXT('2D SPACE',''
  ) );
#3862 = PCURVE('',#3863,#3868);
#3863 = PLANE('',#3864);
#3864 = AXIS2_PLACEMENT_3D('',#3865,#3866,#3867);
#3865 = CARTESIAN_POINT('',(-2.499984384453,460.5,-30.99999999999));
#3866 = DIRECTION('',(-0.564683757536,4.218923266734E-14,-0.825307369393
    ));
#3867 = DIRECTION('',(-0.825307369393,-5.939235257933E-18,0.564683757536
    ));
#3868 = DEFINITIONAL_REPRESENTATION('',(#3869),#3873);
#3869 = LINE('',#3870,#3871);
#3870 = CARTESIAN_POINT('',(1.832550487789E-15,3.890999264702E-14));
#3871 = VECTOR('',#3872,1.);
#3872 = DIRECTION('',(-7.839269377412E-14,-1.));
#3873 = ( GEOMETRIC_REPRESENTATION_CONTEXT(2) 
PARAMETRIC_REPRESENTATION_CONTEXT() REPRESENTATION_CONTEXT('2D SPACE',''
  ) );
#3874 = ORIENTED_EDGE('',*,*,#3875,.F.);
#3875 = EDGE_CURVE('',#3772,#3848,#3876,.T.);
#3876 = SURFACE_CURVE('',#3877,(#3881,#3888),.PCURVE_S1.);
#3877 = LINE('',#3878,#3879);
#3878 = CARTESIAN_POINT('',(2.500015615548,460.5,-30.99999999999));
#3879 = VECTOR('',#3880,1.);
#3880 = DIRECTION('',(-1.,-7.196391921053E-18,1.33226762955E-14));
#3881 = PCURVE('',#3787,#3882);
#3882 = DEFINITIONAL_REPRESENTATION('',(#3883),#3887);
#3883 = LINE('',#3884,#3885);
#3884 = CARTESIAN_POINT('',(0.,0.));
#3885 = VECTOR('',#3886,1.);
#3886 = DIRECTION('',(1.,0.));
#3887 = ( GEOMETRIC_REPRESENTATION_CONTEXT(2) 
PARAMETRIC_REPRESENTATION_CONTEXT() REPRESENTATION_CONTEXT('2D SPACE',''
  ) );
#3888 = PCURVE('',#153,#3889);
#3889 = DEFINITIONAL_REPRESENTATION('',(#3890),#3894);
#3890 = LINE('',#3891,#3892);
#3891 = CARTESIAN_POINT('',(-2.500015615548,-58.797047361));
#3892 = VECTOR('',#3893,1.);
#3893 = DIRECTION('',(1.,1.33226762955E-14));
#3894 = ( GEOMETRIC_REPRESENTATION_CONTEXT(2) 
PARAMETRIC_REPRESENTATION_CONTEXT() REPRESENTATION_CONTEXT('2D SPACE',''
  ) );
#3895 = ADVANCED_FACE('',(#3896),#3863,.T.);
#3896 = FACE_BOUND('',#3897,.T.);
#3897 = EDGE_LOOP('',(#3898,#3899,#3922,#3950));
#3898 = ORIENTED_EDGE('',*,*,#3847,.T.);
#3899 = ORIENTED_EDGE('',*,*,#3900,.T.);
#3900 = EDGE_CURVE('',#3825,#3901,#3903,.T.);
#3901 = VERTEX_POINT('',#3902);
#3902 = CARTESIAN_POINT('',(-40.5,458.,-5.));
#3903 = SURFACE_CURVE('',#3904,(#3908,#3915),.PCURVE_S1.);
#3904 = LINE('',#3905,#3906);
#3905 = CARTESIAN_POINT('',(-40.5,458.,-5.));
#3906 = VECTOR('',#3907,1.);
#3907 = DIRECTION('',(-0.825307369393,-5.939235257946E-18,0.564683757536
    ));
#3908 = PCURVE('',#3863,#3909);
#3909 = DEFINITIONAL_REPRESENTATION('',(#3910),#3914);
#3910 = LINE('',#3911,#3912);
#3911 = CARTESIAN_POINT('',(46.043470620507,-2.5));
#3912 = VECTOR('',#3913,1.);
#3913 = DIRECTION('',(1.,-2.524354896707E-29));
#3914 = ( GEOMETRIC_REPRESENTATION_CONTEXT(2) 
PARAMETRIC_REPRESENTATION_CONTEXT() REPRESENTATION_CONTEXT('2D SPACE',''
  ) );
#3915 = PCURVE('',#82,#3916);
#3916 = DEFINITIONAL_REPRESENTATION('',(#3917),#3921);
#3917 = LINE('',#3918,#3919);
#3918 = CARTESIAN_POINT('',(40.5,-32.797047361));
#3919 = VECTOR('',#3920,1.);
#3920 = DIRECTION('',(0.825307369393,0.564683757536));
#3921 = ( GEOMETRIC_REPRESENTATION_CONTEXT(2) 
PARAMETRIC_REPRESENTATION_CONTEXT() REPRESENTATION_CONTEXT('2D SPACE',''
  ) );
#3922 = ORIENTED_EDGE('',*,*,#3923,.F.);
#3923 = EDGE_CURVE('',#3924,#3901,#3926,.T.);
#3924 = VERTEX_POINT('',#3925);
#3925 = CARTESIAN_POINT('',(-40.5,460.5,-5.));
#3926 = SURFACE_CURVE('',#3927,(#3931,#3938),.PCURVE_S1.);
#3927 = LINE('',#3928,#3929);
#3928 = CARTESIAN_POINT('',(-40.5,460.5,-5.));
#3929 = VECTOR('',#3930,1.);
#3930 = DIRECTION('',(4.087939514284E-14,-1.,-7.908951930284E-14));
#3931 = PCURVE('',#3863,#3932);
#3932 = DEFINITIONAL_REPRESENTATION('',(#3933),#3937);
#3933 = LINE('',#3934,#3935);
#3934 = CARTESIAN_POINT('',(46.043470620507,1.05736999924E-14));
#3935 = VECTOR('',#3936,1.);
#3936 = DIRECTION('',(-7.839269377412E-14,-1.));
#3937 = ( GEOMETRIC_REPRESENTATION_CONTEXT(2) 
PARAMETRIC_REPRESENTATION_CONTEXT() REPRESENTATION_CONTEXT('2D SPACE',''
  ) );
#3938 = PCURVE('',#3939,#3944);
#3939 = PLANE('',#3940);
#3940 = AXIS2_PLACEMENT_3D('',#3941,#3942,#3943);
#3941 = CARTESIAN_POINT('',(-40.5,460.5,-5.));
#3942 = DIRECTION('',(-1.,-4.087939514284E-14,1.389039803884E-14));
#3943 = DIRECTION('',(1.389039803884E-14,5.679798517591E-28,1.));
#3944 = DEFINITIONAL_REPRESENTATION('',(#3945),#3949);
#3945 = LINE('',#3946,#3947);
#3946 = CARTESIAN_POINT('',(-1.246181463904E-28,-1.57565942351E-15));
#3947 = VECTOR('',#3948,1.);
#3948 = DIRECTION('',(-7.908951930284E-14,-1.));
#3949 = ( GEOMETRIC_REPRESENTATION_CONTEXT(2) 
PARAMETRIC_REPRESENTATION_CONTEXT() REPRESENTATION_CONTEXT('2D SPACE',''
  ) );
#3950 = ORIENTED_EDGE('',*,*,#3951,.F.);
#3951 = EDGE_CURVE('',#3848,#3924,#3952,.T.);
#3952 = SURFACE_CURVE('',#3953,(#3957,#3964),.PCURVE_S1.);
#3953 = LINE('',#3954,#3955);
#3954 = CARTESIAN_POINT('',(-40.5,460.5,-5.));
#3955 = VECTOR('',#3956,1.);
#3956 = DIRECTION('',(-0.825307369393,-5.939235257946E-18,0.564683757536
    ));
#3957 = PCURVE('',#3863,#3958);
#3958 = DEFINITIONAL_REPRESENTATION('',(#3959),#3963);
#3959 = LINE('',#3960,#3961);
#3960 = CARTESIAN_POINT('',(46.043470620507,1.386981554447E-24));
#3961 = VECTOR('',#3962,1.);
#3962 = DIRECTION('',(1.,-2.524354896707E-29));
#3963 = ( GEOMETRIC_REPRESENTATION_CONTEXT(2) 
PARAMETRIC_REPRESENTATION_CONTEXT() REPRESENTATION_CONTEXT('2D SPACE',''
  ) );
#3964 = PCURVE('',#153,#3965);
#3965 = DEFINITIONAL_REPRESENTATION('',(#3966),#3970);
#3966 = LINE('',#3967,#3968);
#3967 = CARTESIAN_POINT('',(40.5,-32.797047361));
#3968 = VECTOR('',#3969,1.);
#3969 = DIRECTION('',(0.825307369393,0.564683757536));
#3970 = ( GEOMETRIC_REPRESENTATION_CONTEXT(2) 
PARAMETRIC_REPRESENTATION_CONTEXT() REPRESENTATION_CONTEXT('2D SPACE',''
  ) );
#3971 = ADVANCED_FACE('',(#3972),#3939,.T.);
#3972 = FACE_BOUND('',#3973,.T.);
#3973 = EDGE_LOOP('',(#3974,#3975,#3998,#4026));
#3974 = ORIENTED_EDGE('',*,*,#3923,.T.);
#3975 = ORIENTED_EDGE('',*,*,#3976,.T.);
#3976 = EDGE_CURVE('',#3901,#3977,#3979,.T.);
#3977 = VERTEX_POINT('',#3978);
#3978 = CARTESIAN_POINT('',(-40.5,458.,2.033608820557));
#3979 = SURFACE_CURVE('',#3980,(#3984,#3991),.PCURVE_S1.);
#3980 = LINE('',#3981,#3982);
#3981 = CARTESIAN_POINT('',(-40.5,458.,2.033608820557));
#3982 = VECTOR('',#3983,1.);
#3983 = DIRECTION('',(1.389039803884E-14,5.679798517591E-28,1.));
#3984 = PCURVE('',#3939,#3985);
#3985 = DEFINITIONAL_REPRESENTATION('',(#3986),#3990);
#3986 = LINE('',#3987,#3988);
#3987 = CARTESIAN_POINT('',(7.033608820557,-2.5));
#3988 = VECTOR('',#3989,1.);
#3989 = DIRECTION('',(1.,0.));
#3990 = ( GEOMETRIC_REPRESENTATION_CONTEXT(2) 
PARAMETRIC_REPRESENTATION_CONTEXT() REPRESENTATION_CONTEXT('2D SPACE',''
  ) );
#3991 = PCURVE('',#82,#3992);
#3992 = DEFINITIONAL_REPRESENTATION('',(#3993),#3997);
#3993 = LINE('',#3994,#3995);
#3994 = CARTESIAN_POINT('',(40.5,-25.76343854045));
#3995 = VECTOR('',#3996,1.);
#3996 = DIRECTION('',(-1.389039803884E-14,1.));
#3997 = ( GEOMETRIC_REPRESENTATION_CONTEXT(2) 
PARAMETRIC_REPRESENTATION_CONTEXT() REPRESENTATION_CONTEXT('2D SPACE',''
  ) );
#3998 = ORIENTED_EDGE('',*,*,#3999,.F.);
#3999 = EDGE_CURVE('',#4000,#3977,#4002,.T.);
#4000 = VERTEX_POINT('',#4001);
#4001 = CARTESIAN_POINT('',(-40.5,460.5,2.033608820557));
#4002 = SURFACE_CURVE('',#4003,(#4007,#4014),.PCURVE_S1.);
#4003 = LINE('',#4004,#4005);
#4004 = CARTESIAN_POINT('',(-40.5,460.5,2.033608820557));
#4005 = VECTOR('',#4006,1.);
#4006 = DIRECTION('',(4.087939514284E-14,-1.,-7.908951930284E-14));
#4007 = PCURVE('',#3939,#4008);
#4008 = DEFINITIONAL_REPRESENTATION('',(#4009),#4013);
#4009 = LINE('',#4010,#4011);
#4010 = CARTESIAN_POINT('',(7.033608820557,1.057379999774E-14));
#4011 = VECTOR('',#4012,1.);
#4012 = DIRECTION('',(-7.908951930284E-14,-1.));
#4013 = ( GEOMETRIC_REPRESENTATION_CONTEXT(2) 
PARAMETRIC_REPRESENTATION_CONTEXT() REPRESENTATION_CONTEXT('2D SPACE',''
  ) );
#4014 = PCURVE('',#4015,#4020);
#4015 = PLANE('',#4016);
#4016 = AXIS2_PLACEMENT_3D('',#4017,#4018,#4019);
#4017 = CARTESIAN_POINT('',(-40.49999999999,460.49999999999,
    2.033608820553));
#4018 = DIRECTION('',(-0.91554055365,-6.923857944657E-14,0.402225676234)
  );
#4019 = DIRECTION('',(0.402225676234,4.118512553069E-13,0.91554055365));
#4020 = DEFINITIONAL_REPRESENTATION('',(#4021),#4025);
#4021 = LINE('',#4022,#4023);
#4022 = CARTESIAN_POINT('',(3.252653452291E-15,8.212254481808E-12));
#4023 = VECTOR('',#4024,1.);
#4024 = DIRECTION('',(-4.67818175242E-13,-1.));
#4025 = ( GEOMETRIC_REPRESENTATION_CONTEXT(2) 
PARAMETRIC_REPRESENTATION_CONTEXT() REPRESENTATION_CONTEXT('2D SPACE',''
  ) );
#4026 = ORIENTED_EDGE('',*,*,#4027,.F.);
#4027 = EDGE_CURVE('',#3924,#4000,#4028,.T.);
#4028 = SURFACE_CURVE('',#4029,(#4033,#4040),.PCURVE_S1.);
#4029 = LINE('',#4030,#4031);
#4030 = CARTESIAN_POINT('',(-40.5,460.5,2.033608820557));
#4031 = VECTOR('',#4032,1.);
#4032 = DIRECTION('',(1.389039803884E-14,5.679798517591E-28,1.));
#4033 = PCURVE('',#3939,#4034);
#4034 = DEFINITIONAL_REPRESENTATION('',(#4035),#4039);
#4035 = LINE('',#4036,#4037);
#4036 = CARTESIAN_POINT('',(7.033608820557,3.897805908908E-24));
#4037 = VECTOR('',#4038,1.);
#4038 = DIRECTION('',(1.,0.));
#4039 = ( GEOMETRIC_REPRESENTATION_CONTEXT(2) 
PARAMETRIC_REPRESENTATION_CONTEXT() REPRESENTATION_CONTEXT('2D SPACE',''
  ) );
#4040 = PCURVE('',#153,#4041);
#4041 = DEFINITIONAL_REPRESENTATION('',(#4042),#4046);
#4042 = LINE('',#4043,#4044);
#4043 = CARTESIAN_POINT('',(40.5,-25.76343854045));
#4044 = VECTOR('',#4045,1.);
#4045 = DIRECTION('',(-1.389039803884E-14,1.));
#4046 = ( GEOMETRIC_REPRESENTATION_CONTEXT(2) 
PARAMETRIC_REPRESENTATION_CONTEXT() REPRESENTATION_CONTEXT('2D SPACE',''
  ) );
#4047 = ADVANCED_FACE('',(#4048),#4015,.T.);
#4048 = FACE_BOUND('',#4049,.T.);
#4049 = EDGE_LOOP('',(#4050,#4051,#4074,#4102));
#4050 = ORIENTED_EDGE('',*,*,#3999,.T.);
#4051 = ORIENTED_EDGE('',*,*,#4052,.T.);
#4052 = EDGE_CURVE('',#3977,#4053,#4055,.T.);
#4053 = VERTEX_POINT('',#4054);
#4054 = CARTESIAN_POINT('',(-35.08316897912,458.,14.363325108953));
#4055 = SURFACE_CURVE('',#4056,(#4060,#4067),.PCURVE_S1.);
#4056 = LINE('',#4057,#4058);
#4057 = CARTESIAN_POINT('',(-32.51967657083,458.,20.198311280743));
#4058 = VECTOR('',#4059,1.);
#4059 = DIRECTION('',(0.402225676234,4.118512553069E-13,0.91554055365));
#4060 = PCURVE('',#4015,#4061);
#4061 = DEFINITIONAL_REPRESENTATION('',(#4062),#4066);
#4062 = LINE('',#4063,#4064);
#4063 = CARTESIAN_POINT('',(19.840412735152,-2.5));
#4064 = VECTOR('',#4065,1.);
#4065 = DIRECTION('',(1.,0.));
#4066 = ( GEOMETRIC_REPRESENTATION_CONTEXT(2) 
PARAMETRIC_REPRESENTATION_CONTEXT() REPRESENTATION_CONTEXT('2D SPACE',''
  ) );
#4067 = PCURVE('',#82,#4068);
#4068 = DEFINITIONAL_REPRESENTATION('',(#4069),#4073);
#4069 = LINE('',#4070,#4071);
#4070 = CARTESIAN_POINT('',(32.51967657083,-7.598736080264));
#4071 = VECTOR('',#4072,1.);
#4072 = DIRECTION('',(-0.402225676234,0.91554055365));
#4073 = ( GEOMETRIC_REPRESENTATION_CONTEXT(2) 
PARAMETRIC_REPRESENTATION_CONTEXT() REPRESENTATION_CONTEXT('2D SPACE',''
  ) );
#4074 = ORIENTED_EDGE('',*,*,#4075,.F.);
#4075 = EDGE_CURVE('',#4076,#4053,#4078,.T.);
#4076 = VERTEX_POINT('',#4077);
#4077 = CARTESIAN_POINT('',(-35.08316897912,460.5,14.363325108953));
#4078 = SURFACE_CURVE('',#4079,(#4083,#4090),.PCURVE_S1.);
#4079 = LINE('',#4080,#4081);
#4080 = CARTESIAN_POINT('',(-35.08316897912,460.5,14.363325108953));
#4081 = VECTOR('',#4082,1.);
#4082 = DIRECTION('',(4.087939514284E-14,-1.,-7.908951930284E-14));
#4083 = PCURVE('',#4015,#4084);
#4084 = DEFINITIONAL_REPRESENTATION('',(#4085),#4089);
#4085 = LINE('',#4086,#4087);
#4086 = CARTESIAN_POINT('',(13.467143797447,2.651044244759E-12));
#4087 = VECTOR('',#4088,1.);
#4088 = DIRECTION('',(-4.67818175242E-13,-1.));
#4089 = ( GEOMETRIC_REPRESENTATION_CONTEXT(2) 
PARAMETRIC_REPRESENTATION_CONTEXT() REPRESENTATION_CONTEXT('2D SPACE',''
  ) );
#4090 = PCURVE('',#4091,#4096);
#4091 = PLANE('',#4092);
#4092 = AXIS2_PLACEMENT_3D('',#4093,#4094,#4095);
#4093 = CARTESIAN_POINT('',(-35.08316897912,460.49999999999,
    14.36332510895));
#4094 = DIRECTION('',(0.573576436351,-4.133888363254E-14,0.819152044289)
  );
#4095 = DIRECTION('',(0.819152044289,7.8850324735E-14,-0.573576436351));
#4096 = DEFINITIONAL_REPRESENTATION('',(#4097),#4101);
#4097 = LINE('',#4098,#4099);
#4098 = CARTESIAN_POINT('',(5.094382128155E-16,6.926946999965E-13));
#4099 = VECTOR('',#4100,1.);
#4100 = DIRECTION('',(-8.204153414299E-27,-1.));
#4101 = ( GEOMETRIC_REPRESENTATION_CONTEXT(2) 
PARAMETRIC_REPRESENTATION_CONTEXT() REPRESENTATION_CONTEXT('2D SPACE',''
  ) );
#4102 = ORIENTED_EDGE('',*,*,#4103,.F.);
#4103 = EDGE_CURVE('',#4000,#4076,#4104,.T.);
#4104 = SURFACE_CURVE('',#4105,(#4109,#4116),.PCURVE_S1.);
#4105 = LINE('',#4106,#4107);
#4106 = CARTESIAN_POINT('',(-32.51967657083,460.5,20.198311280743));
#4107 = VECTOR('',#4108,1.);
#4108 = DIRECTION('',(0.402225676234,4.118512553069E-13,0.91554055365));
#4109 = PCURVE('',#4015,#4110);
#4110 = DEFINITIONAL_REPRESENTATION('',(#4111),#4115);
#4111 = LINE('',#4112,#4113);
#4112 = CARTESIAN_POINT('',(19.840412735154,-5.945360652725E-25));
#4113 = VECTOR('',#4114,1.);
#4114 = DIRECTION('',(1.,0.));
#4115 = ( GEOMETRIC_REPRESENTATION_CONTEXT(2) 
PARAMETRIC_REPRESENTATION_CONTEXT() REPRESENTATION_CONTEXT('2D SPACE',''
  ) );
#4116 = PCURVE('',#153,#4117);
#4117 = DEFINITIONAL_REPRESENTATION('',(#4118),#4122);
#4118 = LINE('',#4119,#4120);
#4119 = CARTESIAN_POINT('',(32.51967657083,-7.598736080264));
#4120 = VECTOR('',#4121,1.);
#4121 = DIRECTION('',(-0.402225676234,0.91554055365));
#4122 = ( GEOMETRIC_REPRESENTATION_CONTEXT(2) 
PARAMETRIC_REPRESENTATION_CONTEXT() REPRESENTATION_CONTEXT('2D SPACE',''
  ) );
#4123 = ADVANCED_FACE('',(#4124),#4091,.T.);
#4124 = FACE_BOUND('',#4125,.T.);
#4125 = EDGE_LOOP('',(#4126,#4127,#4150,#4173));
#4126 = ORIENTED_EDGE('',*,*,#4075,.T.);
#4127 = ORIENTED_EDGE('',*,*,#4128,.T.);
#4128 = EDGE_CURVE('',#4053,#4129,#4131,.T.);
#4129 = VERTEX_POINT('',#4130);
#4130 = CARTESIAN_POINT('',(-13.98748128274,458.,-0.408034439776));
#4131 = SURFACE_CURVE('',#4132,(#4136,#4143),.PCURVE_S1.);
#4132 = LINE('',#4133,#4134);
#4133 = CARTESIAN_POINT('',(-28.20791834733,458.,9.549222789489));
#4134 = VECTOR('',#4135,1.);
#4135 = DIRECTION('',(0.819152044289,7.8850324735E-14,-0.573576436351));
#4136 = PCURVE('',#4091,#4137);
#4137 = DEFINITIONAL_REPRESENTATION('',(#4138),#4142);
#4138 = LINE('',#4139,#4140);
#4139 = CARTESIAN_POINT('',(8.393131262657,-2.5));
#4140 = VECTOR('',#4141,1.);
#4141 = DIRECTION('',(1.,-2.869859254937E-42));
#4142 = ( GEOMETRIC_REPRESENTATION_CONTEXT(2) 
PARAMETRIC_REPRESENTATION_CONTEXT() REPRESENTATION_CONTEXT('2D SPACE',''
  ) );
#4143 = PCURVE('',#82,#4144);
#4144 = DEFINITIONAL_REPRESENTATION('',(#4145),#4149);
#4145 = LINE('',#4146,#4147);
#4146 = CARTESIAN_POINT('',(28.20791834733,-18.24782457151));
#4147 = VECTOR('',#4148,1.);
#4148 = DIRECTION('',(-0.819152044289,-0.573576436351));
#4149 = ( GEOMETRIC_REPRESENTATION_CONTEXT(2) 
PARAMETRIC_REPRESENTATION_CONTEXT() REPRESENTATION_CONTEXT('2D SPACE',''
  ) );
#4150 = ORIENTED_EDGE('',*,*,#4151,.F.);
#4151 = EDGE_CURVE('',#4152,#4129,#4154,.T.);
#4152 = VERTEX_POINT('',#4153);
#4153 = CARTESIAN_POINT('',(-13.98748128274,460.5,-0.408034439776));
#4154 = SURFACE_CURVE('',#4155,(#4159,#4166),.PCURVE_S1.);
#4155 = LINE('',#4156,#4157);
#4156 = CARTESIAN_POINT('',(-13.98748128274,460.5,-0.408034439776));
#4157 = VECTOR('',#4158,1.);
#4158 = DIRECTION('',(4.087939514284E-14,-1.,-7.908951930284E-14));
#4159 = PCURVE('',#4091,#4160);
#4160 = DEFINITIONAL_REPRESENTATION('',(#4161),#4165);
#4161 = LINE('',#4162,#4163);
#4162 = CARTESIAN_POINT('',(25.753079472192,-1.353668399997E-12));
#4163 = VECTOR('',#4164,1.);
#4164 = DIRECTION('',(-8.204153414299E-27,-1.));
#4165 = ( GEOMETRIC_REPRESENTATION_CONTEXT(2) 
PARAMETRIC_REPRESENTATION_CONTEXT() REPRESENTATION_CONTEXT('2D SPACE',''
  ) );
#4166 = PCURVE('',#1546,#4167);
#4167 = DEFINITIONAL_REPRESENTATION('',(#4168),#4172);
#4168 = LINE('',#4169,#4170);
#4169 = CARTESIAN_POINT('',(-3.929089098394E-15,-6.715473000012E-13));
#4170 = VECTOR('',#4171,1.);
#4171 = DIRECTION('',(-1.173825026969E-27,-1.));
#4172 = ( GEOMETRIC_REPRESENTATION_CONTEXT(2) 
PARAMETRIC_REPRESENTATION_CONTEXT() REPRESENTATION_CONTEXT('2D SPACE',''
  ) );
#4173 = ORIENTED_EDGE('',*,*,#4174,.F.);
#4174 = EDGE_CURVE('',#4076,#4152,#4175,.T.);
#4175 = SURFACE_CURVE('',#4176,(#4180,#4187),.PCURVE_S1.);
#4176 = LINE('',#4177,#4178);
#4177 = CARTESIAN_POINT('',(-28.20791834733,460.5,9.549222789489));
#4178 = VECTOR('',#4179,1.);
#4179 = DIRECTION('',(0.819152044289,7.8850324735E-14,-0.573576436351));
#4180 = PCURVE('',#4091,#4181);
#4181 = DEFINITIONAL_REPRESENTATION('',(#4182),#4186);
#4182 = LINE('',#4183,#4184);
#4183 = CARTESIAN_POINT('',(8.393131262657,-6.885853650519E-26));
#4184 = VECTOR('',#4185,1.);
#4185 = DIRECTION('',(1.,-2.869859254937E-42));
#4186 = ( GEOMETRIC_REPRESENTATION_CONTEXT(2) 
PARAMETRIC_REPRESENTATION_CONTEXT() REPRESENTATION_CONTEXT('2D SPACE',''
  ) );
#4187 = PCURVE('',#153,#4188);
#4188 = DEFINITIONAL_REPRESENTATION('',(#4189),#4193);
#4189 = LINE('',#4190,#4191);
#4190 = CARTESIAN_POINT('',(28.20791834733,-18.24782457151));
#4191 = VECTOR('',#4192,1.);
#4192 = DIRECTION('',(-0.819152044289,-0.573576436351));
#4193 = ( GEOMETRIC_REPRESENTATION_CONTEXT(2) 
PARAMETRIC_REPRESENTATION_CONTEXT() REPRESENTATION_CONTEXT('2D SPACE',''
  ) );
#4194 = ADVANCED_FACE('',(#4195),#1546,.T.);
#4195 = FACE_BOUND('',#4196,.T.);
#4196 = EDGE_LOOP('',(#4197,#4198,#4219,#4220));
#4197 = ORIENTED_EDGE('',*,*,#4151,.T.);
#4198 = ORIENTED_EDGE('',*,*,#4199,.T.);
#4199 = EDGE_CURVE('',#4129,#1526,#4200,.T.);
#4200 = SURFACE_CURVE('',#4201,(#4205,#4212),.PCURVE_S1.);
#4201 = LINE('',#4202,#4203);
#4202 = CARTESIAN_POINT('',(-4.702098968393,458.,12.852865804297));
#4203 = VECTOR('',#4204,1.);
#4204 = DIRECTION('',(0.573576436351,-4.133888363254E-14,0.819152044289)
  );
#4205 = PCURVE('',#1546,#4206);
#4206 = DEFINITIONAL_REPRESENTATION('',(#4207),#4211);
#4207 = LINE('',#4208,#4209);
#4208 = CARTESIAN_POINT('',(16.188570042065,-2.5));
#4209 = VECTOR('',#4210,1.);
#4210 = DIRECTION('',(1.,-3.587324068672E-43));
#4211 = ( GEOMETRIC_REPRESENTATION_CONTEXT(2) 
PARAMETRIC_REPRESENTATION_CONTEXT() REPRESENTATION_CONTEXT('2D SPACE',''
  ) );
#4212 = PCURVE('',#82,#4213);
#4213 = DEFINITIONAL_REPRESENTATION('',(#4214),#4218);
#4214 = LINE('',#4215,#4216);
#4215 = CARTESIAN_POINT('',(4.702098968393,-14.94418155671));
#4216 = VECTOR('',#4217,1.);
#4217 = DIRECTION('',(-0.573576436351,0.819152044289));
#4218 = ( GEOMETRIC_REPRESENTATION_CONTEXT(2) 
PARAMETRIC_REPRESENTATION_CONTEXT() REPRESENTATION_CONTEXT('2D SPACE',''
  ) );
#4219 = ORIENTED_EDGE('',*,*,#1523,.F.);
#4220 = ORIENTED_EDGE('',*,*,#4221,.F.);
#4221 = EDGE_CURVE('',#4152,#1524,#4222,.T.);
#4222 = SURFACE_CURVE('',#4223,(#4227,#4234),.PCURVE_S1.);
#4223 = LINE('',#4224,#4225);
#4224 = CARTESIAN_POINT('',(-4.702098968393,460.5,12.852865804297));
#4225 = VECTOR('',#4226,1.);
#4226 = DIRECTION('',(0.573576436351,-4.133888363254E-14,0.819152044289)
  );
#4227 = PCURVE('',#1546,#4228);
#4228 = DEFINITIONAL_REPRESENTATION('',(#4229),#4233);
#4229 = LINE('',#4230,#4231);
#4230 = CARTESIAN_POINT('',(16.188570042065,-1.900254866622E-26));
#4231 = VECTOR('',#4232,1.);
#4232 = DIRECTION('',(1.,-3.587324068672E-43));
#4233 = ( GEOMETRIC_REPRESENTATION_CONTEXT(2) 
PARAMETRIC_REPRESENTATION_CONTEXT() REPRESENTATION_CONTEXT('2D SPACE',''
  ) );
#4234 = PCURVE('',#153,#4235);
#4235 = DEFINITIONAL_REPRESENTATION('',(#4236),#4240);
#4236 = LINE('',#4237,#4238);
#4237 = CARTESIAN_POINT('',(4.702098968393,-14.94418155671));
#4238 = VECTOR('',#4239,1.);
#4239 = DIRECTION('',(-0.573576436351,0.819152044289));
#4240 = ( GEOMETRIC_REPRESENTATION_CONTEXT(2) 
PARAMETRIC_REPRESENTATION_CONTEXT() REPRESENTATION_CONTEXT('2D SPACE',''
  ) );
#4241 = ADVANCED_FACE('',(#4242,#4259),#153,.T.);
#4242 = FACE_BOUND('',#4243,.T.);
#4243 = EDGE_LOOP('',(#4244,#4245,#4246,#4247,#4248,#4249,#4250,#4251,
    #4252,#4253,#4254,#4255,#4256,#4257,#4258));
#4244 = ORIENTED_EDGE('',*,*,#138,.T.);
#4245 = ORIENTED_EDGE('',*,*,#244,.T.);
#4246 = ORIENTED_EDGE('',*,*,#341,.T.);
#4247 = ORIENTED_EDGE('',*,*,#418,.T.);
#4248 = ORIENTED_EDGE('',*,*,#495,.F.);
#4249 = ORIENTED_EDGE('',*,*,#572,.T.);
#4250 = ORIENTED_EDGE('',*,*,#661,.T.);
#4251 = ORIENTED_EDGE('',*,*,#758,.T.);
#4252 = ORIENTED_EDGE('',*,*,#868,.T.);
#4253 = ORIENTED_EDGE('',*,*,#972,.T.);
#4254 = ORIENTED_EDGE('',*,*,#1085,.T.);
#4255 = ORIENTED_EDGE('',*,*,#1198,.T.);
#4256 = ORIENTED_EDGE('',*,*,#1311,.T.);
#4257 = ORIENTED_EDGE('',*,*,#1410,.T.);
#4258 = ORIENTED_EDGE('',*,*,#1485,.T.);
#4259 = FACE_BOUND('',#4260,.T.);
#4260 = EDGE_LOOP('',(#4261,#4262,#4263,#4264,#4265,#4266,#4267,#4268,
    #4269,#4270,#4271,#4272,#4273,#4274,#4275,#4276,#4277,#4278,#4279,
    #4280,#4281,#4282,#4283,#4284,#4285,#4286,#4287,#4288,#4289,#4290,
    #4291,#4292,#4293));
#4261 = ORIENTED_EDGE('',*,*,#1609,.T.);
#4262 = ORIENTED_EDGE('',*,*,#1688,.T.);
#4263 = ORIENTED_EDGE('',*,*,#1769,.T.);
#4264 = ORIENTED_EDGE('',*,*,#1850,.T.);
#4265 = ORIENTED_EDGE('',*,*,#1927,.T.);
#4266 = ORIENTED_EDGE('',*,*,#2011,.T.);
#4267 = ORIENTED_EDGE('',*,*,#2096,.T.);
#4268 = ORIENTED_EDGE('',*,*,#2187,.T.);
#4269 = ORIENTED_EDGE('',*,*,#2278,.T.);
#4270 = ORIENTED_EDGE('',*,*,#2376,.T.);
#4271 = ORIENTED_EDGE('',*,*,#2474,.T.);
#4272 = ORIENTED_EDGE('',*,*,#2572,.T.);
#4273 = ORIENTED_EDGE('',*,*,#2670,.T.);
#4274 = ORIENTED_EDGE('',*,*,#2762,.T.);
#4275 = ORIENTED_EDGE('',*,*,#2853,.T.);
#4276 = ORIENTED_EDGE('',*,*,#2938,.T.);
#4277 = ORIENTED_EDGE('',*,*,#3023,.T.);
#4278 = ORIENTED_EDGE('',*,*,#3101,.T.);
#4279 = ORIENTED_EDGE('',*,*,#3181,.T.);
#4280 = ORIENTED_EDGE('',*,*,#3262,.T.);
#4281 = ORIENTED_EDGE('',*,*,#3343,.T.);
#4282 = ORIENTED_EDGE('',*,*,#3419,.T.);
#4283 = ORIENTED_EDGE('',*,*,#3495,.T.);
#4284 = ORIENTED_EDGE('',*,*,#3571,.T.);
#4285 = ORIENTED_EDGE('',*,*,#3647,.T.);
#4286 = ORIENTED_EDGE('',*,*,#3723,.T.);
#4287 = ORIENTED_EDGE('',*,*,#3799,.T.);
#4288 = ORIENTED_EDGE('',*,*,#3875,.T.);
#4289 = ORIENTED_EDGE('',*,*,#3951,.T.);
#4290 = ORIENTED_EDGE('',*,*,#4027,.T.);
#4291 = ORIENTED_EDGE('',*,*,#4103,.T.);
#4292 = ORIENTED_EDGE('',*,*,#4174,.T.);
#4293 = ORIENTED_EDGE('',*,*,#4221,.T.);
#4294 = ADVANCED_FACE('',(#4295,#4312),#82,.F.);
#4295 = FACE_BOUND('',#4296,.F.);
#4296 = EDGE_LOOP('',(#4297,#4298,#4299,#4300,#4301,#4302,#4303,#4304,
    #4305,#4306,#4307,#4308,#4309,#4310,#4311));
#4297 = ORIENTED_EDGE('',*,*,#65,.T.);
#4298 = ORIENTED_EDGE('',*,*,#173,.T.);
#4299 = ORIENTED_EDGE('',*,*,#289,.T.);
#4300 = ORIENTED_EDGE('',*,*,#367,.T.);
#4301 = ORIENTED_EDGE('',*,*,#472,.F.);
#4302 = ORIENTED_EDGE('',*,*,#521,.T.);
#4303 = ORIENTED_EDGE('',*,*,#597,.T.);
#4304 = ORIENTED_EDGE('',*,*,#687,.T.);
#4305 = ORIENTED_EDGE('',*,*,#803,.T.);
#4306 = ORIENTED_EDGE('',*,*,#898,.T.);
#4307 = ORIENTED_EDGE('',*,*,#1011,.T.);
#4308 = ORIENTED_EDGE('',*,*,#1124,.T.);
#4309 = ORIENTED_EDGE('',*,*,#1237,.T.);
#4310 = ORIENTED_EDGE('',*,*,#1350,.T.);
#4311 = ORIENTED_EDGE('',*,*,#1449,.T.);
#4312 = FACE_BOUND('',#4313,.F.);
#4313 = EDGE_LOOP('',(#4314,#4315,#4316,#4317,#4318,#4319,#4320,#4321,
    #4322,#4323,#4324,#4325,#4326,#4327,#4328,#4329,#4330,#4331,#4332,
    #4333,#4334,#4335,#4336,#4337,#4338,#4339,#4340,#4341,#4342,#4343,
    #4344,#4345,#4346));
#4314 = ORIENTED_EDGE('',*,*,#1558,.T.);
#4315 = ORIENTED_EDGE('',*,*,#1634,.T.);
#4316 = ORIENTED_EDGE('',*,*,#1713,.T.);
#4317 = ORIENTED_EDGE('',*,*,#1799,.T.);
#4318 = ORIENTED_EDGE('',*,*,#1875,.T.);
#4319 = ORIENTED_EDGE('',*,*,#1953,.T.);
#4320 = ORIENTED_EDGE('',*,*,#2037,.T.);
#4321 = ORIENTED_EDGE('',*,*,#2129,.T.);
#4322 = ORIENTED_EDGE('',*,*,#2213,.T.);
#4323 = ORIENTED_EDGE('',*,*,#2311,.T.);
#4324 = ORIENTED_EDGE('',*,*,#2409,.T.);
#4325 = ORIENTED_EDGE('',*,*,#2507,.T.);
#4326 = ORIENTED_EDGE('',*,*,#2605,.T.);
#4327 = ORIENTED_EDGE('',*,*,#2703,.T.);
#4328 = ORIENTED_EDGE('',*,*,#2795,.T.);
#4329 = ORIENTED_EDGE('',*,*,#2879,.T.);
#4330 = ORIENTED_EDGE('',*,*,#2971,.T.);
#4331 = ORIENTED_EDGE('',*,*,#3049,.T.);
#4332 = ORIENTED_EDGE('',*,*,#3127,.T.);
#4333 = ORIENTED_EDGE('',*,*,#3206,.T.);
#4334 = ORIENTED_EDGE('',*,*,#3292,.T.);
#4335 = ORIENTED_EDGE('',*,*,#3368,.T.);
#4336 = ORIENTED_EDGE('',*,*,#3444,.T.);
#4337 = ORIENTED_EDGE('',*,*,#3520,.T.);
#4338 = ORIENTED_EDGE('',*,*,#3596,.T.);
#4339 = ORIENTED_EDGE('',*,*,#3672,.T.);
#4340 = ORIENTED_EDGE('',*,*,#3748,.T.);
#4341 = ORIENTED_EDGE('',*,*,#3824,.T.);
#4342 = ORIENTED_EDGE('',*,*,#3900,.T.);
#4343 = ORIENTED_EDGE('',*,*,#3976,.T.);
#4344 = ORIENTED_EDGE('',*,*,#4052,.T.);
#4345 = ORIENTED_EDGE('',*,*,#4128,.T.);
#4346 = ORIENTED_EDGE('',*,*,#4199,.T.);
#4347 = ( GEOMETRIC_REPRESENTATION_CONTEXT(3) 
GLOBAL_UNCERTAINTY_ASSIGNED_CONTEXT((#4351)) 
GLOBAL_UNIT_ASSIGNED_CONTEXT((#4348,#4349,#4350)) REPRESENTATION_CONTEXT
('Context #1','3D Context with UNIT and UNCERTAINTY') );
#4348 = ( LENGTH_UNIT() NAMED_UNIT(*) SI_UNIT(.MILLI.,.METRE.) );
#4349 = ( NAMED_UNIT(*) PLANE_ANGLE_UNIT() SI_UNIT($,.RADIAN.) );
#4350 = ( NAMED_UNIT(*) SI_UNIT($,.STERADIAN.) SOLID_ANGLE_UNIT() );
#4351 = UNCERTAINTY_MEASURE_WITH_UNIT(LENGTH_MEASURE(2.E-06),#4348,
  'distance_accuracy_value','confusion accuracy');
#4352 = PRODUCT_RELATED_PRODUCT_CATEGORY('part',$,(#7));
ENDSEC;
END-ISO-10303-21;
