ISO-10303-21;
HEADER;
FILE_DESCRIPTION(('Open CASCADE Model'),'2;1');
FILE_NAME('Open CASCADE Shape Model','2026-09-19T16:54:47',('Author'),(
    'Open CASCADE'),'Open CASCADE STEP processor 7.9','Open CASCADE 7.9'
  ,'Unknown');
FILE_SCHEMA(('AUTOMOTIVE_DESIGN { 1 0 10303 214 1 1 1 1 }'));
ENDSEC;
DATA;
#1 = APPLICATION_PROTOCOL_DEFINITION('international standard',
  'automotive_design',2000,#2);
#2 = APPLICATION_CONTEXT(
  'core data for automotive mechanical design processes');
#3 = SHAPE_DEFINITION_REPRESENTATION(#4,#10);
#4 = PRODUCT_DEFINITION_SHAPE('','',#5);
#5 = PRODUCT_DEFINITION('design','',#6,#9);
#6 = PRODUCT_DEFINITION_FORMATION('','',#7);
#7 = PRODUCT('Open CASCADE STEP translator 7.9 39',
  'Open CASCADE STEP translator 7.9 39','',(#8));
#8 = PRODUCT_CONTEXT('',#2,'mechanical');
#9 = PRODUCT_DEFINITION_CONTEXT('part definition',#2,'design');
#10 = ADVANCED_BREP_SHAPE_REPRESENTATION('',(#11,#15),#3869);
#11 = AXIS2_PLACEMENT_3D('',#12,#13,#14);
#12 = CARTESIAN_POINT('',(0.,0.,0.));
#13 = DIRECTION('',(0.,0.,1.));
#14 = DIRECTION('',(1.,0.,-0.));
#15 = MANIFOLD_SOLID_BREP('',#16);
#16 = CLOSED_SHELL('',(#17,#113,#199,#280,#390,#466,#542,#618,#720,#1153
    ,#2265,#2341,#2417,#2555,#2871,#2947,#3023,#3173,#3537,#3613,#3689,
    #3760,#3807,#3838));
#17 = ADVANCED_FACE('',(#18),#32,.F.);
#18 = FACE_BOUND('',#19,.T.);
#19 = EDGE_LOOP('',(#20,#50,#81,#82));
#20 = ORIENTED_EDGE('',*,*,#21,.T.);
#21 = EDGE_CURVE('',#22,#24,#26,.T.);
#22 = VERTEX_POINT('',#23);
#23 = CARTESIAN_POINT('',(-488.0100214766,116.00770759685,12.33442648079
    ));
#24 = VERTEX_POINT('',#25);
#25 = CARTESIAN_POINT('',(-493.0000214766,116.00770759643,
    12.334426981456));
#26 = SEAM_CURVE('',#27,(#31,#43),.PCURVE_S1.);
#27 = LINE('',#28,#29);
#28 = CARTESIAN_POINT('',(-488.0100214766,116.00770759685,12.33442648079
    ));
#29 = VECTOR('',#30,1.);
#30 = DIRECTION('',(-1.,-8.313972134781E-11,1.003338207795E-07));
#31 = PCURVE('',#32,#37);
#32 = CYLINDRICAL_SURFACE('',#33,1.);
#33 = AXIS2_PLACEMENT_3D('',#34,#35,#36);
#34 = CARTESIAN_POINT('',(-488.0100214766,115.00770811591,
    12.333407595285));
#35 = DIRECTION('',(1.,8.313972461575E-11,-1.003338207864E-07));
#36 = DIRECTION('',(1.90889942244E-11,0.999999480936,1.018885505247E-03)
  );
#37 = DEFINITIONAL_REPRESENTATION('',(#38),#42);
#38 = LINE('',#39,#40);
#39 = CARTESIAN_POINT('',(-0.,0.));
#40 = VECTOR('',#41,1.);
#41 = DIRECTION('',(-0.,-1.));
#42 = ( GEOMETRIC_REPRESENTATION_CONTEXT(2) 
PARAMETRIC_REPRESENTATION_CONTEXT() REPRESENTATION_CONTEXT('2D SPACE',''
  ) );
#43 = PCURVE('',#32,#44);
#44 = DEFINITIONAL_REPRESENTATION('',(#45),#49);
#45 = LINE('',#46,#47);
#46 = CARTESIAN_POINT('',(-6.28318530718,0.));
#47 = VECTOR('',#48,1.);
#48 = DIRECTION('',(-0.,-1.));
#49 = ( GEOMETRIC_REPRESENTATION_CONTEXT(2) 
PARAMETRIC_REPRESENTATION_CONTEXT() REPRESENTATION_CONTEXT('2D SPACE',''
  ) );
#50 = ORIENTED_EDGE('',*,*,#51,.T.);
#51 = EDGE_CURVE('',#24,#24,#52,.T.);
#52 = SURFACE_CURVE('',#53,(#58,#65),.PCURVE_S1.);
#53 = CIRCLE('',#54,1.);
#54 = AXIS2_PLACEMENT_3D('',#55,#56,#57);
#55 = CARTESIAN_POINT('',(-493.0000214766,115.00770811549,
    12.333408095951));
#56 = DIRECTION('',(-1.,-8.313972461575E-11,1.003338207864E-07));
#57 = DIRECTION('',(1.90889942244E-11,0.999999480936,1.018885505247E-03)
  );
#58 = PCURVE('',#32,#59);
#59 = DEFINITIONAL_REPRESENTATION('',(#60),#64);
#60 = LINE('',#61,#62);
#61 = CARTESIAN_POINT('',(-0.,-4.99));
#62 = VECTOR('',#63,1.);
#63 = DIRECTION('',(-1.,0.));
#64 = ( GEOMETRIC_REPRESENTATION_CONTEXT(2) 
PARAMETRIC_REPRESENTATION_CONTEXT() REPRESENTATION_CONTEXT('2D SPACE',''
  ) );
#65 = PCURVE('',#66,#71);
#66 = PLANE('',#67);
#67 = AXIS2_PLACEMENT_3D('',#68,#69,#70);
#68 = CARTESIAN_POINT('',(-493.0000211976,118.17947085727,15.11678675366
    ));
#69 = DIRECTION('',(1.,8.313972134781E-11,-1.003338207795E-07));
#70 = DIRECTION('',(3.418510772564E-09,0.999390827019,3.489949670246E-02
    ));
#71 = DEFINITIONAL_REPRESENTATION('',(#72),#80);
#72 = ( BOUNDED_CURVE() B_SPLINE_CURVE(2,(#73,#74,#75,#76,#77,#78,#79),
.UNSPECIFIED.,.T.,.F.) B_SPLINE_CURVE_WITH_KNOTS((1,2,2,2,2,1),(
    -2.094395102393,0.,2.094395102393,4.188790204786,6.28318530718,
8.377580409573),.UNSPECIFIED.) CURVE() GEOMETRIC_REPRESENTATION_ITEM() 
RATIONAL_B_SPLINE_CURVE((1.,0.5,1.,0.5,1.,0.5,1.)) REPRESENTATION_ITEM(
  '') );
#73 = CARTESIAN_POINT('',(-2.26754323704,-2.704871389047));
#74 = CARTESIAN_POINT('',(-2.326227220693,-4.435927768852));
#75 = CARTESIAN_POINT('',(-3.796024029161,-3.51957775831));
#76 = CARTESIAN_POINT('',(-5.265820837628,-2.603227747768));
#77 = CARTESIAN_POINT('',(-3.737340045507,-1.788521378505));
#78 = CARTESIAN_POINT('',(-2.208859253386,-0.973815009242));
#79 = CARTESIAN_POINT('',(-2.26754323704,-2.704871389047));
#80 = ( GEOMETRIC_REPRESENTATION_CONTEXT(2) 
PARAMETRIC_REPRESENTATION_CONTEXT() REPRESENTATION_CONTEXT('2D SPACE',''
  ) );
#81 = ORIENTED_EDGE('',*,*,#21,.F.);
#82 = ORIENTED_EDGE('',*,*,#83,.F.);
#83 = EDGE_CURVE('',#22,#22,#84,.T.);
#84 = SURFACE_CURVE('',#85,(#90,#97),.PCURVE_S1.);
#85 = CIRCLE('',#86,1.);
#86 = AXIS2_PLACEMENT_3D('',#87,#88,#89);
#87 = CARTESIAN_POINT('',(-488.0100214766,115.00770811591,
    12.333407595285));
#88 = DIRECTION('',(-1.,-8.313972461575E-11,1.003338207864E-07));
#89 = DIRECTION('',(1.90889942244E-11,0.999999480936,1.018885505247E-03)
  );
#90 = PCURVE('',#32,#91);
#91 = DEFINITIONAL_REPRESENTATION('',(#92),#96);
#92 = LINE('',#93,#94);
#93 = CARTESIAN_POINT('',(-0.,0.));
#94 = VECTOR('',#95,1.);
#95 = DIRECTION('',(-1.,0.));
#96 = ( GEOMETRIC_REPRESENTATION_CONTEXT(2) 
PARAMETRIC_REPRESENTATION_CONTEXT() REPRESENTATION_CONTEXT('2D SPACE',''
  ) );
#97 = PCURVE('',#98,#103);
#98 = PLANE('',#99);
#99 = AXIS2_PLACEMENT_3D('',#100,#101,#102);
#100 = CARTESIAN_POINT('',(-488.0100211976,118.17947085769,
    15.116786252994));
#101 = DIRECTION('',(1.,8.313972134781E-11,-1.003338207795E-07));
#102 = DIRECTION('',(3.418510772564E-09,0.999390827019,
    3.489949670246E-02));
#103 = DEFINITIONAL_REPRESENTATION('',(#104),#112);
#104 = ( BOUNDED_CURVE() B_SPLINE_CURVE(2,(#105,#106,#107,#108,#109,#110
,#111),.UNSPECIFIED.,.T.,.F.) B_SPLINE_CURVE_WITH_KNOTS((1,2,2,2,2,1),(
    -2.094395102393,0.,2.094395102393,4.188790204786,6.28318530718,
8.377580409573),.UNSPECIFIED.) CURVE() GEOMETRIC_REPRESENTATION_ITEM() 
RATIONAL_B_SPLINE_CURVE((1.,0.5,1.,0.5,1.,0.5,1.)) REPRESENTATION_ITEM(
  '') );
#105 = CARTESIAN_POINT('',(-2.26754323704,-2.704871389047));
#106 = CARTESIAN_POINT('',(-2.326227220693,-4.435927768852));
#107 = CARTESIAN_POINT('',(-3.796024029161,-3.51957775831));
#108 = CARTESIAN_POINT('',(-5.265820837628,-2.603227747768));
#109 = CARTESIAN_POINT('',(-3.737340045507,-1.788521378505));
#110 = CARTESIAN_POINT('',(-2.208859253386,-0.973815009242));
#111 = CARTESIAN_POINT('',(-2.26754323704,-2.704871389047));
#112 = ( GEOMETRIC_REPRESENTATION_CONTEXT(2) 
PARAMETRIC_REPRESENTATION_CONTEXT() REPRESENTATION_CONTEXT('2D SPACE',''
  ) );
#113 = ADVANCED_FACE('',(#114),#128,.F.);
#114 = FACE_BOUND('',#115,.T.);
#115 = EDGE_LOOP('',(#116,#146,#172,#173));
#116 = ORIENTED_EDGE('',*,*,#117,.T.);
#117 = EDGE_CURVE('',#118,#120,#122,.T.);
#118 = VERTEX_POINT('',#119);
#119 = CARTESIAN_POINT('',(-488.0100214766,88.007717253742,
    12.31117168415));
#120 = VERTEX_POINT('',#121);
#121 = CARTESIAN_POINT('',(-493.0000214766,88.007717253327,
    12.311172184816));
#122 = SEAM_CURVE('',#123,(#127,#139),.PCURVE_S1.);
#123 = LINE('',#124,#125);
#124 = CARTESIAN_POINT('',(-488.0100214766,88.007717253742,
    12.31117168415));
#125 = VECTOR('',#126,1.);
#126 = DIRECTION('',(-1.,-8.313972134781E-11,1.003338207795E-07));
#127 = PCURVE('',#128,#133);
#128 = CYLINDRICAL_SURFACE('',#129,1.);
#129 = AXIS2_PLACEMENT_3D('',#130,#131,#132);
#130 = CARTESIAN_POINT('',(-488.0100214767,87.007717772806,
    12.310152798645));
#131 = DIRECTION('',(1.,8.313972461824E-11,-1.003338207864E-07));
#132 = DIRECTION('',(1.908899422191E-11,0.999999480936,
    1.018885505247E-03));
#133 = DEFINITIONAL_REPRESENTATION('',(#134),#138);
#134 = LINE('',#135,#136);
#135 = CARTESIAN_POINT('',(-0.,0.));
#136 = VECTOR('',#137,1.);
#137 = DIRECTION('',(-0.,-1.));
#138 = ( GEOMETRIC_REPRESENTATION_CONTEXT(2) 
PARAMETRIC_REPRESENTATION_CONTEXT() REPRESENTATION_CONTEXT('2D SPACE',''
  ) );
#139 = PCURVE('',#128,#140);
#140 = DEFINITIONAL_REPRESENTATION('',(#141),#145);
#141 = LINE('',#142,#143);
#142 = CARTESIAN_POINT('',(-6.28318530718,0.));
#143 = VECTOR('',#144,1.);
#144 = DIRECTION('',(-0.,-1.));
#145 = ( GEOMETRIC_REPRESENTATION_CONTEXT(2) 
PARAMETRIC_REPRESENTATION_CONTEXT() REPRESENTATION_CONTEXT('2D SPACE',''
  ) );
#146 = ORIENTED_EDGE('',*,*,#147,.T.);
#147 = EDGE_CURVE('',#120,#120,#148,.T.);
#148 = SURFACE_CURVE('',#149,(#154,#161),.PCURVE_S1.);
#149 = CIRCLE('',#150,1.);
#150 = AXIS2_PLACEMENT_3D('',#151,#152,#153);
#151 = CARTESIAN_POINT('',(-493.0000214767,87.007717772391,
    12.310153299311));
#152 = DIRECTION('',(-1.,-8.313972461824E-11,1.003338207864E-07));
#153 = DIRECTION('',(1.908899422191E-11,0.999999480936,
    1.018885505247E-03));
#154 = PCURVE('',#128,#155);
#155 = DEFINITIONAL_REPRESENTATION('',(#156),#160);
#156 = LINE('',#157,#158);
#157 = CARTESIAN_POINT('',(-0.,-4.99));
#158 = VECTOR('',#159,1.);
#159 = DIRECTION('',(-1.,0.));
#160 = ( GEOMETRIC_REPRESENTATION_CONTEXT(2) 
PARAMETRIC_REPRESENTATION_CONTEXT() REPRESENTATION_CONTEXT('2D SPACE',''
  ) );
#161 = PCURVE('',#66,#162);
#162 = DEFINITIONAL_REPRESENTATION('',(#163),#171);
#163 = ( BOUNDED_CURVE() B_SPLINE_CURVE(2,(#164,#165,#166,#167,#168,#169
,#170),.UNSPECIFIED.,.T.,.F.) B_SPLINE_CURVE_WITH_KNOTS((1,2,2,2,2,1),(
    -2.094395102393,0.,2.094395102393,4.188790204786,6.28318530718,
8.377580409573),.UNSPECIFIED.) CURVE() GEOMETRIC_REPRESENTATION_ITEM() 
RATIONAL_B_SPLINE_CURVE((1.,0.5,1.,0.5,1.,0.5,1.)) REPRESENTATION_ITEM(
  '') );
#164 = CARTESIAN_POINT('',(-30.25128832326,-1.750926448845));
#165 = CARTESIAN_POINT('',(-30.30997230691,-3.48198282865));
#166 = CARTESIAN_POINT('',(-31.77976911538,-2.565632818108));
#167 = CARTESIAN_POINT('',(-33.24956592384,-1.649282807566));
#168 = CARTESIAN_POINT('',(-31.72108513172,-0.834576438303));
#169 = CARTESIAN_POINT('',(-30.1926043396,-1.987006904037E-02));
#170 = CARTESIAN_POINT('',(-30.25128832326,-1.750926448845));
#171 = ( GEOMETRIC_REPRESENTATION_CONTEXT(2) 
PARAMETRIC_REPRESENTATION_CONTEXT() REPRESENTATION_CONTEXT('2D SPACE',''
  ) );
#172 = ORIENTED_EDGE('',*,*,#117,.F.);
#173 = ORIENTED_EDGE('',*,*,#174,.F.);
#174 = EDGE_CURVE('',#118,#118,#175,.T.);
#175 = SURFACE_CURVE('',#176,(#181,#188),.PCURVE_S1.);
#176 = CIRCLE('',#177,1.);
#177 = AXIS2_PLACEMENT_3D('',#178,#179,#180);
#178 = CARTESIAN_POINT('',(-488.0100214767,87.007717772806,
    12.310152798645));
#179 = DIRECTION('',(-1.,-8.313972461824E-11,1.003338207864E-07));
#180 = DIRECTION('',(1.908899422191E-11,0.999999480936,
    1.018885505247E-03));
#181 = PCURVE('',#128,#182);
#182 = DEFINITIONAL_REPRESENTATION('',(#183),#187);
#183 = LINE('',#184,#185);
#184 = CARTESIAN_POINT('',(-0.,0.));
#185 = VECTOR('',#186,1.);
#186 = DIRECTION('',(-1.,0.));
#187 = ( GEOMETRIC_REPRESENTATION_CONTEXT(2) 
PARAMETRIC_REPRESENTATION_CONTEXT() REPRESENTATION_CONTEXT('2D SPACE',''
  ) );
#188 = PCURVE('',#98,#189);
#189 = DEFINITIONAL_REPRESENTATION('',(#190),#198);
#190 = ( BOUNDED_CURVE() B_SPLINE_CURVE(2,(#191,#192,#193,#194,#195,#196
,#197),.UNSPECIFIED.,.T.,.F.) B_SPLINE_CURVE_WITH_KNOTS((1,2,2,2,2,1),(
    -2.094395102393,0.,2.094395102393,4.188790204786,6.28318530718,
8.377580409573),.UNSPECIFIED.) CURVE() GEOMETRIC_REPRESENTATION_ITEM() 
RATIONAL_B_SPLINE_CURVE((1.,0.5,1.,0.5,1.,0.5,1.)) REPRESENTATION_ITEM(
  '') );
#191 = CARTESIAN_POINT('',(-30.25128832326,-1.750926448845));
#192 = CARTESIAN_POINT('',(-30.30997230691,-3.48198282865));
#193 = CARTESIAN_POINT('',(-31.77976911538,-2.565632818108));
#194 = CARTESIAN_POINT('',(-33.24956592384,-1.649282807566));
#195 = CARTESIAN_POINT('',(-31.72108513172,-0.834576438303));
#196 = CARTESIAN_POINT('',(-30.1926043396,-1.987006904037E-02));
#197 = CARTESIAN_POINT('',(-30.25128832326,-1.750926448845));
#198 = ( GEOMETRIC_REPRESENTATION_CONTEXT(2) 
PARAMETRIC_REPRESENTATION_CONTEXT() REPRESENTATION_CONTEXT('2D SPACE',''
  ) );
#199 = ADVANCED_FACE('',(#200),#214,.F.);
#200 = FACE_BOUND('',#201,.F.);
#201 = EDGE_LOOP('',(#202,#235,#257,#258));
#202 = ORIENTED_EDGE('',*,*,#203,.T.);
#203 = EDGE_CURVE('',#204,#206,#208,.T.);
#204 = VERTEX_POINT('',#205);
#205 = CARTESIAN_POINT('',(-488.01002147,140.67672205904,12.421059459145
    ));
#206 = VERTEX_POINT('',#207);
#207 = CARTESIAN_POINT('',(-493.00002147,140.67672205862,12.421059959811
    ));
#208 = SEAM_CURVE('',#209,(#213,#228),.PCURVE_S1.);
#209 = LINE('',#210,#211);
#210 = CARTESIAN_POINT('',(-488.01002147,140.67672205904,12.421059459145
    ));
#211 = VECTOR('',#212,1.);
#212 = DIRECTION('',(-1.,-8.313972134781E-11,1.003338207795E-07));
#213 = PCURVE('',#214,#222);
#214 = SURFACE_OF_LINEAR_EXTRUSION('',#215,#220);
#215 = ELLIPSE('',#216,1.500411913156,1.5);
#216 = AXIS2_PLACEMENT_3D('',#217,#218,#219);
#217 = CARTESIAN_POINT('',(-488.0100213225,140.97628929468,
    13.891261955561));
#218 = DIRECTION('',(1.,8.313972071963E-11,-1.003338207846E-07));
#219 = DIRECTION('',(-9.829709199387E-08,-0.199656662959,-0.979865917836
    ));
#220 = VECTOR('',#221,1.);
#221 = DIRECTION('',(1.,8.313972134781E-11,-1.003338207795E-07));
#222 = DEFINITIONAL_REPRESENTATION('',(#223),#227);
#223 = LINE('',#224,#225);
#224 = CARTESIAN_POINT('',(2.953341275242E-12,0.));
#225 = VECTOR('',#226,1.);
#226 = DIRECTION('',(0.,-1.));
#227 = ( GEOMETRIC_REPRESENTATION_CONTEXT(2) 
PARAMETRIC_REPRESENTATION_CONTEXT() REPRESENTATION_CONTEXT('2D SPACE',''
  ) );
#228 = PCURVE('',#214,#229);
#229 = DEFINITIONAL_REPRESENTATION('',(#230),#234);
#230 = LINE('',#231,#232);
#231 = CARTESIAN_POINT('',(6.283185307183,0.));
#232 = VECTOR('',#233,1.);
#233 = DIRECTION('',(0.,-1.));
#234 = ( GEOMETRIC_REPRESENTATION_CONTEXT(2) 
PARAMETRIC_REPRESENTATION_CONTEXT() REPRESENTATION_CONTEXT('2D SPACE',''
  ) );
#235 = ORIENTED_EDGE('',*,*,#236,.T.);
#236 = EDGE_CURVE('',#206,#206,#237,.T.);
#237 = SURFACE_CURVE('',#238,(#243,#250),.PCURVE_S1.);
#238 = ELLIPSE('',#239,1.500411913156,1.5);
#239 = AXIS2_PLACEMENT_3D('',#240,#241,#242);
#240 = CARTESIAN_POINT('',(-493.0000213225,140.97628929426,
    13.891262456227));
#241 = DIRECTION('',(1.,8.313972071963E-11,-1.003338207846E-07));
#242 = DIRECTION('',(-9.829709199387E-08,-0.199656662959,-0.979865917836
    ));
#243 = PCURVE('',#214,#244);
#244 = DEFINITIONAL_REPRESENTATION('',(#245),#249);
#245 = LINE('',#246,#247);
#246 = CARTESIAN_POINT('',(0.,-4.99));
#247 = VECTOR('',#248,1.);
#248 = DIRECTION('',(1.,0.));
#249 = ( GEOMETRIC_REPRESENTATION_CONTEXT(2) 
PARAMETRIC_REPRESENTATION_CONTEXT() REPRESENTATION_CONTEXT('2D SPACE',''
  ) );
#250 = PCURVE('',#66,#251);
#251 = DEFINITIONAL_REPRESENTATION('',(#252),#256);
#252 = ELLIPSE('',#253,1.500411913156,1.5);
#253 = AXIS2_PLACEMENT_2D('',#254,#255);
#254 = CARTESIAN_POINT('',(22.740161049971,-2.020375231012));
#255 = DIRECTION('',(-0.233731864883,-0.972301092943));
#256 = ( GEOMETRIC_REPRESENTATION_CONTEXT(2) 
PARAMETRIC_REPRESENTATION_CONTEXT() REPRESENTATION_CONTEXT('2D SPACE',''
  ) );
#257 = ORIENTED_EDGE('',*,*,#203,.F.);
#258 = ORIENTED_EDGE('',*,*,#259,.F.);
#259 = EDGE_CURVE('',#204,#204,#260,.T.);
#260 = SURFACE_CURVE('',#261,(#266,#273),.PCURVE_S1.);
#261 = ELLIPSE('',#262,1.500411913156,1.5);
#262 = AXIS2_PLACEMENT_3D('',#263,#264,#265);
#263 = CARTESIAN_POINT('',(-488.0100213225,140.97628929468,
    13.891261955561));
#264 = DIRECTION('',(1.,8.313972071963E-11,-1.003338207846E-07));
#265 = DIRECTION('',(-9.829709199387E-08,-0.199656662959,-0.979865917836
    ));
#266 = PCURVE('',#214,#267);
#267 = DEFINITIONAL_REPRESENTATION('',(#268),#272);
#268 = LINE('',#269,#270);
#269 = CARTESIAN_POINT('',(0.,0.));
#270 = VECTOR('',#271,1.);
#271 = DIRECTION('',(1.,0.));
#272 = ( GEOMETRIC_REPRESENTATION_CONTEXT(2) 
PARAMETRIC_REPRESENTATION_CONTEXT() REPRESENTATION_CONTEXT('2D SPACE',''
  ) );
#273 = PCURVE('',#98,#274);
#274 = DEFINITIONAL_REPRESENTATION('',(#275),#279);
#275 = ELLIPSE('',#276,1.500411913156,1.5);
#276 = AXIS2_PLACEMENT_2D('',#277,#278);
#277 = CARTESIAN_POINT('',(22.740161049971,-2.020375231012));
#278 = DIRECTION('',(-0.233731864883,-0.972301092943));
#279 = ( GEOMETRIC_REPRESENTATION_CONTEXT(2) 
PARAMETRIC_REPRESENTATION_CONTEXT() REPRESENTATION_CONTEXT('2D SPACE',''
  ) );
#280 = ADVANCED_FACE('',(#281),#295,.T.);
#281 = FACE_BOUND('',#282,.F.);
#282 = EDGE_LOOP('',(#283,#318,#341,#369));
#283 = ORIENTED_EDGE('',*,*,#284,.T.);
#284 = EDGE_CURVE('',#285,#287,#289,.T.);
#285 = VERTEX_POINT('',#286);
#286 = CARTESIAN_POINT('',(-488.0100220942,112.41282051706,
    6.176729772732));
#287 = VERTEX_POINT('',#288);
#288 = CARTESIAN_POINT('',(-493.0000220942,112.41282051664,
    6.176730273398));
#289 = SURFACE_CURVE('',#290,(#294,#306),.PCURVE_S1.);
#290 = LINE('',#291,#292);
#291 = CARTESIAN_POINT('',(-488.0100220942,112.41282051706,
    6.176729772732));
#292 = VECTOR('',#293,1.);
#293 = DIRECTION('',(-1.,-8.313972134781E-11,1.003338207795E-07));
#294 = PCURVE('',#295,#300);
#295 = PLANE('',#296);
#296 = AXIS2_PLACEMENT_3D('',#297,#298,#299);
#297 = CARTESIAN_POINT('',(-488.0100220942,112.41282051697,
    6.176729772732));
#298 = DIRECTION('',(-1.904001258249E-13,-0.999999655111,
    -8.305284514462E-04));
#299 = DIRECTION('',(-1.003338552137E-07,8.305284514462E-04,
    -0.999999655111));
#300 = DEFINITIONAL_REPRESENTATION('',(#301),#305);
#301 = LINE('',#302,#303);
#302 = CARTESIAN_POINT('',(-8.880640469901E-16,-5.684341887863E-13));
#303 = VECTOR('',#304,1.);
#304 = DIRECTION('',(-1.167285516699E-17,-1.));
#305 = ( GEOMETRIC_REPRESENTATION_CONTEXT(2) 
PARAMETRIC_REPRESENTATION_CONTEXT() REPRESENTATION_CONTEXT('2D SPACE',''
  ) );
#306 = PCURVE('',#307,#312);
#307 = PLANE('',#308);
#308 = AXIS2_PLACEMENT_3D('',#309,#310,#311);
#309 = CARTESIAN_POINT('',(-488.0100220942,112.41282051706,
    6.176729772732));
#310 = DIRECTION('',(1.003338552254E-07,-8.305284514462E-04,
    0.999999655111));
#311 = DIRECTION('',(-1.905245311563E-13,-0.999999655111,
    -8.305284514462E-04));
#312 = DEFINITIONAL_REPRESENTATION('',(#313),#317);
#313 = LINE('',#314,#315);
#314 = CARTESIAN_POINT('',(-6.062856752734E-25,1.591615728103E-12));
#315 = VECTOR('',#316,1.);
#316 = DIRECTION('',(1.244053313983E-16,-1.));
#317 = ( GEOMETRIC_REPRESENTATION_CONTEXT(2) 
PARAMETRIC_REPRESENTATION_CONTEXT() REPRESENTATION_CONTEXT('2D SPACE',''
  ) );
#318 = ORIENTED_EDGE('',*,*,#319,.T.);
#319 = EDGE_CURVE('',#287,#320,#322,.T.);
#320 = VERTEX_POINT('',#321);
#321 = CARTESIAN_POINT('',(-493.0000208596,112.40260126223,
    18.481246600911));
#322 = SURFACE_CURVE('',#323,(#327,#334),.PCURVE_S1.);
#323 = LINE('',#324,#325);
#324 = CARTESIAN_POINT('',(-493.0000211976,112.40539952556,
    15.111991221484));
#325 = VECTOR('',#326,1.);
#326 = DIRECTION('',(1.003338552137E-07,-8.305284514462E-04,
    0.999999655111));
#327 = PCURVE('',#295,#328);
#328 = DEFINITIONAL_REPRESENTATION('',(#329),#333);
#329 = LINE('',#330,#331);
#330 = CARTESIAN_POINT('',(-8.935264029759,-4.99));
#331 = VECTOR('',#332,1.);
#332 = DIRECTION('',(-1.,2.64697796017E-23));
#333 = ( GEOMETRIC_REPRESENTATION_CONTEXT(2) 
PARAMETRIC_REPRESENTATION_CONTEXT() REPRESENTATION_CONTEXT('2D SPACE',''
  ) );
#334 = PCURVE('',#66,#335);
#335 = DEFINITIONAL_REPRESENTATION('',(#336),#340);
#336 = LINE('',#337,#338);
#337 = CARTESIAN_POINT('',(-5.770721285124,0.196719572533));
#338 = VECTOR('',#339,1.);
#339 = DIRECTION('',(3.406946215006E-02,0.999419467365));
#340 = ( GEOMETRIC_REPRESENTATION_CONTEXT(2) 
PARAMETRIC_REPRESENTATION_CONTEXT() REPRESENTATION_CONTEXT('2D SPACE',''
  ) );
#341 = ORIENTED_EDGE('',*,*,#342,.F.);
#342 = EDGE_CURVE('',#343,#320,#345,.T.);
#343 = VERTEX_POINT('',#344);
#344 = CARTESIAN_POINT('',(-488.0100208596,112.40260126265,
    18.481246100245));
#345 = SURFACE_CURVE('',#346,(#350,#357),.PCURVE_S1.);
#346 = LINE('',#347,#348);
#347 = CARTESIAN_POINT('',(-488.0100208596,112.40260126265,
    18.481246100245));
#348 = VECTOR('',#349,1.);
#349 = DIRECTION('',(-1.,-8.313972134781E-11,1.003338207795E-07));
#350 = PCURVE('',#295,#351);
#351 = DEFINITIONAL_REPRESENTATION('',(#352),#356);
#352 = LINE('',#353,#354);
#353 = CARTESIAN_POINT('',(-12.3045205712,-5.625864751576E-13));
#354 = VECTOR('',#355,1.);
#355 = DIRECTION('',(-1.167285516699E-17,-1.));
#356 = ( GEOMETRIC_REPRESENTATION_CONTEXT(2) 
PARAMETRIC_REPRESENTATION_CONTEXT() REPRESENTATION_CONTEXT('2D SPACE',''
  ) );
#357 = PCURVE('',#358,#363);
#358 = PLANE('',#359);
#359 = AXIS2_PLACEMENT_3D('',#360,#361,#362);
#360 = CARTESIAN_POINT('',(-488.0100208596,112.40260126257,
    18.481246185372));
#361 = DIRECTION('',(-1.003338552254E-07,8.305284514462E-04,
    -0.999999655111));
#362 = DIRECTION('',(1.904273866416E-13,0.999999655111,
    8.305284514462E-04));
#363 = DEFINITIONAL_REPRESENTATION('',(#364),#368);
#364 = LINE('',#365,#366);
#365 = CARTESIAN_POINT('',(-1.776356226365E-15,1.023181539494E-12));
#366 = VECTOR('',#367,1.);
#367 = DIRECTION('',(-2.726081670481E-17,-1.));
#368 = ( GEOMETRIC_REPRESENTATION_CONTEXT(2) 
PARAMETRIC_REPRESENTATION_CONTEXT() REPRESENTATION_CONTEXT('2D SPACE',''
  ) );
#369 = ORIENTED_EDGE('',*,*,#370,.F.);
#370 = EDGE_CURVE('',#285,#343,#371,.T.);
#371 = SURFACE_CURVE('',#372,(#376,#383),.PCURVE_S1.);
#372 = LINE('',#373,#374);
#373 = CARTESIAN_POINT('',(-488.0100211976,112.40539952598,
    15.111990720818));
#374 = VECTOR('',#375,1.);
#375 = DIRECTION('',(1.003338552137E-07,-8.305284514462E-04,
    0.999999655111));
#376 = PCURVE('',#295,#377);
#377 = DEFINITIONAL_REPRESENTATION('',(#378),#382);
#378 = LINE('',#379,#380);
#379 = CARTESIAN_POINT('',(-8.935264029759,3.468981126184E-14));
#380 = VECTOR('',#381,1.);
#381 = DIRECTION('',(-1.,2.64697796017E-23));
#382 = ( GEOMETRIC_REPRESENTATION_CONTEXT(2) 
PARAMETRIC_REPRESENTATION_CONTEXT() REPRESENTATION_CONTEXT('2D SPACE',''
  ) );
#383 = PCURVE('',#98,#384);
#384 = DEFINITIONAL_REPRESENTATION('',(#385),#389);
#385 = LINE('',#386,#387);
#386 = CARTESIAN_POINT('',(-5.770721285124,0.196719572533));
#387 = VECTOR('',#388,1.);
#388 = DIRECTION('',(3.406946215006E-02,0.999419467365));
#389 = ( GEOMETRIC_REPRESENTATION_CONTEXT(2) 
PARAMETRIC_REPRESENTATION_CONTEXT() REPRESENTATION_CONTEXT('2D SPACE',''
  ) );
#390 = ADVANCED_FACE('',(#391),#358,.T.);
#391 = FACE_BOUND('',#392,.F.);
#392 = EDGE_LOOP('',(#393,#394,#417,#445));
#393 = ORIENTED_EDGE('',*,*,#342,.T.);
#394 = ORIENTED_EDGE('',*,*,#395,.T.);
#395 = EDGE_CURVE('',#320,#396,#398,.T.);
#396 = VERTEX_POINT('',#397);
#397 = CARTESIAN_POINT('',(-493.0000208596,89.602609125704,
    18.462310552219));
#398 = SURFACE_CURVE('',#399,(#403,#410),.PCURVE_S1.);
#399 = LINE('',#400,#401);
#400 = CARTESIAN_POINT('',(-493.0000208596,118.17667259378,
    18.486042218213));
#401 = VECTOR('',#402,1.);
#402 = DIRECTION('',(-1.904273866416E-13,-0.999999655111,
    -8.305284514462E-04));
#403 = PCURVE('',#358,#404);
#404 = DEFINITIONAL_REPRESENTATION('',(#405),#409);
#405 = LINE('',#406,#407);
#406 = CARTESIAN_POINT('',(5.774073323034,-4.99));
#407 = VECTOR('',#408,1.);
#408 = DIRECTION('',(-1.,-3.276612655926E-26));
#409 = ( GEOMETRIC_REPRESENTATION_CONTEXT(2) 
PARAMETRIC_REPRESENTATION_CONTEXT() REPRESENTATION_CONTEXT('2D SPACE',''
  ) );
#410 = PCURVE('',#66,#411);
#411 = DEFINITIONAL_REPRESENTATION('',(#412),#416);
#412 = LINE('',#413,#414);
#413 = CARTESIAN_POINT('',(0.114788761111,3.367300663146));
#414 = VECTOR('',#415,1.);
#415 = DIRECTION('',(-0.999419467365,3.406946215006E-02));
#416 = ( GEOMETRIC_REPRESENTATION_CONTEXT(2) 
PARAMETRIC_REPRESENTATION_CONTEXT() REPRESENTATION_CONTEXT('2D SPACE',''
  ) );
#417 = ORIENTED_EDGE('',*,*,#418,.F.);
#418 = EDGE_CURVE('',#419,#396,#421,.T.);
#419 = VERTEX_POINT('',#420);
#420 = CARTESIAN_POINT('',(-488.0100208596,89.602609126119,
    18.462310051553));
#421 = SURFACE_CURVE('',#422,(#426,#433),.PCURVE_S1.);
#422 = LINE('',#423,#424);
#423 = CARTESIAN_POINT('',(-488.0100208596,89.602609126119,
    18.462310051553));
#424 = VECTOR('',#425,1.);
#425 = DIRECTION('',(-1.,-8.313972134781E-11,1.003338207795E-07));
#426 = PCURVE('',#358,#427);
#427 = DEFINITIONAL_REPRESENTATION('',(#428),#432);
#428 = LINE('',#429,#430);
#429 = CARTESIAN_POINT('',(-22.79999999999,5.499635828002E-12));
#430 = VECTOR('',#431,1.);
#431 = DIRECTION('',(-2.726081670481E-17,-1.));
#432 = ( GEOMETRIC_REPRESENTATION_CONTEXT(2) 
PARAMETRIC_REPRESENTATION_CONTEXT() REPRESENTATION_CONTEXT('2D SPACE',''
  ) );
#433 = PCURVE('',#434,#439);
#434 = PLANE('',#435);
#435 = AXIS2_PLACEMENT_3D('',#436,#437,#438);
#436 = CARTESIAN_POINT('',(-488.0100208596,89.602609126038,
    18.462310051553));
#437 = DIRECTION('',(1.904001258249E-13,0.999999655111,
    8.305284514462E-04));
#438 = DIRECTION('',(1.003338552137E-07,-8.305284514462E-04,
    0.999999655111));
#439 = DEFINITIONAL_REPRESENTATION('',(#440),#444);
#440 = LINE('',#441,#442);
#441 = CARTESIAN_POINT('',(-9.125310973064E-20,-4.547473508865E-13));
#442 = VECTOR('',#443,1.);
#443 = DIRECTION('',(1.167285516699E-17,-1.));
#444 = ( GEOMETRIC_REPRESENTATION_CONTEXT(2) 
PARAMETRIC_REPRESENTATION_CONTEXT() REPRESENTATION_CONTEXT('2D SPACE',''
  ) );
#445 = ORIENTED_EDGE('',*,*,#446,.F.);
#446 = EDGE_CURVE('',#343,#419,#447,.T.);
#447 = SURFACE_CURVE('',#448,(#452,#459),.PCURVE_S1.);
#448 = LINE('',#449,#450);
#449 = CARTESIAN_POINT('',(-488.0100208596,118.1766725942,
    18.486041717547));
#450 = VECTOR('',#451,1.);
#451 = DIRECTION('',(-1.904273866416E-13,-0.999999655111,
    -8.305284514462E-04));
#452 = PCURVE('',#358,#453);
#453 = DEFINITIONAL_REPRESENTATION('',(#454),#458);
#454 = LINE('',#455,#456);
#455 = CARTESIAN_POINT('',(5.774073323034,-3.88760636571E-14));
#456 = VECTOR('',#457,1.);
#457 = DIRECTION('',(-1.,-3.276612655926E-26));
#458 = ( GEOMETRIC_REPRESENTATION_CONTEXT(2) 
PARAMETRIC_REPRESENTATION_CONTEXT() REPRESENTATION_CONTEXT('2D SPACE',''
  ) );
#459 = PCURVE('',#98,#460);
#460 = DEFINITIONAL_REPRESENTATION('',(#461),#465);
#461 = LINE('',#462,#463);
#462 = CARTESIAN_POINT('',(0.114788761111,3.367300663146));
#463 = VECTOR('',#464,1.);
#464 = DIRECTION('',(-0.999419467365,3.406946215006E-02));
#465 = ( GEOMETRIC_REPRESENTATION_CONTEXT(2) 
PARAMETRIC_REPRESENTATION_CONTEXT() REPRESENTATION_CONTEXT('2D SPACE',''
  ) );
#466 = ADVANCED_FACE('',(#467),#434,.T.);
#467 = FACE_BOUND('',#468,.F.);
#468 = EDGE_LOOP('',(#469,#470,#493,#521));
#469 = ORIENTED_EDGE('',*,*,#418,.T.);
#470 = ORIENTED_EDGE('',*,*,#471,.T.);
#471 = EDGE_CURVE('',#396,#472,#474,.T.);
#472 = VERTEX_POINT('',#473);
#473 = CARTESIAN_POINT('',(-493.0000220942,89.612828380119,
    6.157794224705));
#474 = SURFACE_CURVE('',#475,(#479,#486),.PCURVE_S1.);
#475 = LINE('',#476,#477);
#476 = CARTESIAN_POINT('',(-493.0000211976,89.605407389041,
    15.093055172791));
#477 = VECTOR('',#478,1.);
#478 = DIRECTION('',(-1.003338552137E-07,8.305284514462E-04,
    -0.999999655111));
#479 = PCURVE('',#434,#480);
#480 = DEFINITIONAL_REPRESENTATION('',(#481),#485);
#481 = LINE('',#482,#483);
#482 = CARTESIAN_POINT('',(-3.369256541447,-4.99));
#483 = VECTOR('',#484,1.);
#484 = DIRECTION('',(-1.,-2.64697796017E-23));
#485 = ( GEOMETRIC_REPRESENTATION_CONTEXT(2) 
PARAMETRIC_REPRESENTATION_CONTEXT() REPRESENTATION_CONTEXT('2D SPACE',''
  ) );
#486 = PCURVE('',#66,#487);
#487 = DEFINITIONAL_REPRESENTATION('',(#488),#492);
#488 = LINE('',#489,#490);
#489 = CARTESIAN_POINT('',(-28.55748514104,0.973503309554));
#490 = VECTOR('',#491,1.);
#491 = DIRECTION('',(-3.406946215006E-02,-0.999419467365));
#492 = ( GEOMETRIC_REPRESENTATION_CONTEXT(2) 
PARAMETRIC_REPRESENTATION_CONTEXT() REPRESENTATION_CONTEXT('2D SPACE',''
  ) );
#493 = ORIENTED_EDGE('',*,*,#494,.F.);
#494 = EDGE_CURVE('',#495,#472,#497,.T.);
#495 = VERTEX_POINT('',#496);
#496 = CARTESIAN_POINT('',(-488.0100220942,89.612828380534,
    6.157793724039));
#497 = SURFACE_CURVE('',#498,(#502,#509),.PCURVE_S1.);
#498 = LINE('',#499,#500);
#499 = CARTESIAN_POINT('',(-488.0100220942,89.612828380534,
    6.157793724039));
#500 = VECTOR('',#501,1.);
#501 = DIRECTION('',(-1.,-8.313972134781E-11,1.003338207795E-07));
#502 = PCURVE('',#434,#503);
#503 = DEFINITIONAL_REPRESENTATION('',(#504),#508);
#504 = LINE('',#505,#506);
#505 = CARTESIAN_POINT('',(-12.3045205712,-4.605948631666E-13));
#506 = VECTOR('',#507,1.);
#507 = DIRECTION('',(1.167285516699E-17,-1.));
#508 = ( GEOMETRIC_REPRESENTATION_CONTEXT(2) 
PARAMETRIC_REPRESENTATION_CONTEXT() REPRESENTATION_CONTEXT('2D SPACE',''
  ) );
#509 = PCURVE('',#510,#515);
#510 = PLANE('',#511);
#511 = AXIS2_PLACEMENT_3D('',#512,#513,#514);
#512 = CARTESIAN_POINT('',(-488.0100220942,78.436142506431,
    6.148511165227));
#513 = DIRECTION('',(1.003338552254E-07,-8.305284514462E-04,
    0.999999655111));
#514 = DIRECTION('',(-1.905245311563E-13,-0.999999655111,
    -8.305284514462E-04));
#515 = DEFINITIONAL_REPRESENTATION('',(#516),#520);
#516 = LINE('',#517,#518);
#517 = CARTESIAN_POINT('',(-11.17668972881,6.08802553161E-12));
#518 = VECTOR('',#519,1.);
#519 = DIRECTION('',(1.244053313983E-16,-1.));
#520 = ( GEOMETRIC_REPRESENTATION_CONTEXT(2) 
PARAMETRIC_REPRESENTATION_CONTEXT() REPRESENTATION_CONTEXT('2D SPACE',''
  ) );
#521 = ORIENTED_EDGE('',*,*,#522,.F.);
#522 = EDGE_CURVE('',#419,#495,#523,.T.);
#523 = SURFACE_CURVE('',#524,(#528,#535),.PCURVE_S1.);
#524 = LINE('',#525,#526);
#525 = CARTESIAN_POINT('',(-488.0100211976,89.605407389456,
    15.093054672125));
#526 = VECTOR('',#527,1.);
#527 = DIRECTION('',(-1.003338552137E-07,8.305284514462E-04,
    -0.999999655111));
#528 = PCURVE('',#434,#529);
#529 = DEFINITIONAL_REPRESENTATION('',(#530),#534);
#530 = LINE('',#531,#532);
#531 = CARTESIAN_POINT('',(-3.369256541447,2.88422994052E-14));
#532 = VECTOR('',#533,1.);
#533 = DIRECTION('',(-1.,-2.64697796017E-23));
#534 = ( GEOMETRIC_REPRESENTATION_CONTEXT(2) 
PARAMETRIC_REPRESENTATION_CONTEXT() REPRESENTATION_CONTEXT('2D SPACE',''
  ) );
#535 = PCURVE('',#98,#536);
#536 = DEFINITIONAL_REPRESENTATION('',(#537),#541);
#537 = LINE('',#538,#539);
#538 = CARTESIAN_POINT('',(-28.55748514104,0.973503309554));
#539 = VECTOR('',#540,1.);
#540 = DIRECTION('',(-3.406946215006E-02,-0.999419467365));
#541 = ( GEOMETRIC_REPRESENTATION_CONTEXT(2) 
PARAMETRIC_REPRESENTATION_CONTEXT() REPRESENTATION_CONTEXT('2D SPACE',''
  ) );
#542 = ADVANCED_FACE('',(#543),#510,.F.);
#543 = FACE_BOUND('',#544,.T.);
#544 = EDGE_LOOP('',(#545,#575,#596,#597));
#545 = ORIENTED_EDGE('',*,*,#546,.T.);
#546 = EDGE_CURVE('',#547,#549,#551,.T.);
#547 = VERTEX_POINT('',#548);
#548 = CARTESIAN_POINT('',(-488.0100220942,78.436142506431,
    6.148511165225));
#549 = VERTEX_POINT('',#550);
#550 = CARTESIAN_POINT('',(-493.0000220942,78.436142506016,
    6.148511665891));
#551 = SURFACE_CURVE('',#552,(#556,#563),.PCURVE_S1.);
#552 = LINE('',#553,#554);
#553 = CARTESIAN_POINT('',(-488.0100220942,78.436142506431,
    6.148511165225));
#554 = VECTOR('',#555,1.);
#555 = DIRECTION('',(-1.,-8.313972134781E-11,1.003338207795E-07));
#556 = PCURVE('',#510,#557);
#557 = DEFINITIONAL_REPRESENTATION('',(#558),#562);
#558 = LINE('',#559,#560);
#559 = CARTESIAN_POINT('',(-3.552712456627E-15,8.185452315957E-12));
#560 = VECTOR('',#561,1.);
#561 = DIRECTION('',(1.244053313983E-16,-1.));
#562 = ( GEOMETRIC_REPRESENTATION_CONTEXT(2) 
PARAMETRIC_REPRESENTATION_CONTEXT() REPRESENTATION_CONTEXT('2D SPACE',''
  ) );
#563 = PCURVE('',#564,#569);
#564 = PLANE('',#565);
#565 = AXIS2_PLACEMENT_3D('',#566,#567,#568);
#566 = CARTESIAN_POINT('',(-488.010021595,73.335231269794,11.11972971173
    ));
#567 = DIRECTION('',(7.179627949731E-08,0.697943939506,0.716152398102));
#568 = DIRECTION('',(7.008692285911E-08,-0.716152398102,0.697943939506)
  );
#569 = DEFINITIONAL_REPRESENTATION('',(#570),#574);
#570 = LINE('',#571,#572);
#571 = CARTESIAN_POINT('',(-7.122661671114,8.635476578942E-12));
#572 = VECTOR('',#573,1.);
#573 = DIRECTION('',(-7.766021576901E-18,-1.));
#574 = ( GEOMETRIC_REPRESENTATION_CONTEXT(2) 
PARAMETRIC_REPRESENTATION_CONTEXT() REPRESENTATION_CONTEXT('2D SPACE',''
  ) );
#575 = ORIENTED_EDGE('',*,*,#576,.T.);
#576 = EDGE_CURVE('',#549,#472,#577,.T.);
#577 = SURFACE_CURVE('',#578,(#582,#589),.PCURVE_S1.);
#578 = LINE('',#579,#580);
#579 = CARTESIAN_POINT('',(-493.0000220942,121.17549021857,
    6.184007922406));
#580 = VECTOR('',#581,1.);
#581 = DIRECTION('',(1.905245311563E-13,0.999999655111,
    8.305284514462E-04));
#582 = PCURVE('',#510,#583);
#583 = DEFINITIONAL_REPRESENTATION('',(#584),#588);
#584 = LINE('',#585,#586);
#585 = CARTESIAN_POINT('',(-42.73936245288,-4.99));
#586 = VECTOR('',#587,1.);
#587 = DIRECTION('',(-1.,1.989191658605E-26));
#588 = ( GEOMETRIC_REPRESENTATION_CONTEXT(2) 
PARAMETRIC_REPRESENTATION_CONTEXT() REPRESENTATION_CONTEXT('2D SPACE',''
  ) );
#589 = PCURVE('',#66,#590);
#590 = DEFINITIONAL_REPRESENTATION('',(#591),#595);
#591 = LINE('',#592,#593);
#592 = CARTESIAN_POINT('',(2.68244478189,-9.031896791566));
#593 = VECTOR('',#594,1.);
#594 = DIRECTION('',(0.999419467365,-3.406946215006E-02));
#595 = ( GEOMETRIC_REPRESENTATION_CONTEXT(2) 
PARAMETRIC_REPRESENTATION_CONTEXT() REPRESENTATION_CONTEXT('2D SPACE',''
  ) );
#596 = ORIENTED_EDGE('',*,*,#494,.F.);
#597 = ORIENTED_EDGE('',*,*,#598,.F.);
#598 = EDGE_CURVE('',#547,#495,#599,.T.);
#599 = SURFACE_CURVE('',#600,(#604,#611),.PCURVE_S1.);
#600 = LINE('',#601,#602);
#601 = CARTESIAN_POINT('',(-488.0100220942,121.17549021899,6.18400742174
    ));
#602 = VECTOR('',#603,1.);
#603 = DIRECTION('',(1.905245311563E-13,0.999999655111,
    8.305284514462E-04));
#604 = PCURVE('',#510,#605);
#605 = DEFINITIONAL_REPRESENTATION('',(#606),#610);
#606 = LINE('',#607,#608);
#607 = CARTESIAN_POINT('',(-42.73936245288,-2.325918785932E-14));
#608 = VECTOR('',#609,1.);
#609 = DIRECTION('',(-1.,1.989191658605E-26));
#610 = ( GEOMETRIC_REPRESENTATION_CONTEXT(2) 
PARAMETRIC_REPRESENTATION_CONTEXT() REPRESENTATION_CONTEXT('2D SPACE',''
  ) );
#611 = PCURVE('',#98,#612);
#612 = DEFINITIONAL_REPRESENTATION('',(#613),#617);
#613 = LINE('',#614,#615);
#614 = CARTESIAN_POINT('',(2.68244478189,-9.031896791566));
#615 = VECTOR('',#616,1.);
#616 = DIRECTION('',(0.999419467365,-3.406946215006E-02));
#617 = ( GEOMETRIC_REPRESENTATION_CONTEXT(2) 
PARAMETRIC_REPRESENTATION_CONTEXT() REPRESENTATION_CONTEXT('2D SPACE',''
  ) );
#618 = ADVANCED_FACE('',(#619),#564,.F.);
#619 = FACE_BOUND('',#620,.T.);
#620 = EDGE_LOOP('',(#621,#677,#698,#699));
#621 = ORIENTED_EDGE('',*,*,#622,.T.);
#622 = EDGE_CURVE('',#623,#625,#627,.T.);
#623 = VERTEX_POINT('',#624);
#624 = CARTESIAN_POINT('',(-488.0100215952,73.334897956459,
    11.119387702679));
#625 = VERTEX_POINT('',#626);
#626 = CARTESIAN_POINT('',(-493.0000215952,73.334897956044,
    11.119388203345));
#627 = SURFACE_CURVE('',#628,(#632,#639),.PCURVE_S1.);
#628 = LINE('',#629,#630);
#629 = CARTESIAN_POINT('',(-488.0100215952,73.334897956459,
    11.119387702679));
#630 = VECTOR('',#631,1.);
#631 = DIRECTION('',(-1.,-8.313972134781E-11,1.003338207795E-07));
#632 = PCURVE('',#564,#633);
#633 = DEFINITIONAL_REPRESENTATION('',(#634),#638);
#634 = LINE('',#635,#636);
#635 = CARTESIAN_POINT('',(2.773444777371E-16,-2.326032699785E-10));
#636 = VECTOR('',#637,1.);
#637 = DIRECTION('',(-7.766021576901E-18,-1.));
#638 = ( GEOMETRIC_REPRESENTATION_CONTEXT(2) 
PARAMETRIC_REPRESENTATION_CONTEXT() REPRESENTATION_CONTEXT('2D SPACE',''
  ) );
#639 = PCURVE('',#640,#671);
#640 = SURFACE_OF_LINEAR_EXTRUSION('',#641,#669);
#641 = B_SPLINE_CURVE_WITH_KNOTS('',3,(#642,#643,#644,#645,#646,#647,
    #648,#649,#650,#651,#652,#653,#654,#655,#656,#657,#658,#659,#660,
    #661,#662,#663,#664,#665,#666,#667,#668),.UNSPECIFIED.,.F.,.F.,(4,2,
    2,2,2,1,1,1,1,1,1,1,1,1,2,1,1,2,4),(-4.261431031122,-4.218308410413,
    -4.148421770448,-3.640110512469,-3.016249912232,-2.788995752039,
    -2.732182211991,-2.675368671943,-2.618555131895,-2.561741591847,
    -2.448114511751,-2.334487431654,-2.107233271462,-1.652724951077,
    -1.198216630691,-1.102456130598,-1.054575880551,-0.815174630317,
    -0.466559223375),.UNSPECIFIED.);
#642 = CARTESIAN_POINT('',(-488.0100214061,49.833502278371,
    12.982256165599));
#643 = CARTESIAN_POINT('',(-488.0100214076,49.887388843644,
    12.967589010155));
#644 = CARTESIAN_POINT('',(-488.0100214092,49.946397227101,
    12.951935253764));
#645 = CARTESIAN_POINT('',(-488.0100214134,50.110112342044,
    12.910187404227));
#646 = CARTESIAN_POINT('',(-488.0100214161,50.222143641138,
    12.883076392946));
#647 = CARTESIAN_POINT('',(-488.0100214397,51.242496130588,
    12.64920938582));
#648 = CARTESIAN_POINT('',(-488.0100214703,52.768801542152,
    12.345337493325));
#649 = CARTESIAN_POINT('',(-488.0100214994,54.789346505806,
    12.056511265975));
#650 = CARTESIAN_POINT('',(-488.0100215106,55.945921642568,
    11.946146650027));
#651 = CARTESIAN_POINT('',(-488.0100215241,57.578138138586,
    11.812957620724));
#652 = CARTESIAN_POINT('',(-488.0100215297,58.249923715352,
    11.757881441493));
#653 = CARTESIAN_POINT('',(-488.0100215361,59.076098037363,
    11.694893494135));
#654 = CARTESIAN_POINT('',(-488.0100215391,59.476982740146,
    11.665308529204));
#655 = CARTESIAN_POINT('',(-488.0100215418,59.855869336684,
    11.638347603654));
#656 = CARTESIAN_POINT('',(-488.0100215449,60.298480461114,
    11.608253248767));
#657 = CARTESIAN_POINT('',(-488.0100215476,60.720398234592,
    11.581590728418));
#658 = CARTESIAN_POINT('',(-488.0100215524,61.485453792931,
    11.534276727944));
#659 = CARTESIAN_POINT('',(-488.0100215606,62.881367596132,
    11.453873885925));
#660 = CARTESIAN_POINT('',(-488.010021572,65.155453598139,
    11.341658268362));
#661 = CARTESIAN_POINT('',(-488.0100215796,67.178787822231,
    11.267372325943));
#662 = CARTESIAN_POINT('',(-488.0100215836,68.428364435228,
    11.228677349009));
#663 = CARTESIAN_POINT('',(-488.0100215846,68.756216573375,
    11.218922469969));
#664 = CARTESIAN_POINT('',(-488.0100215872,69.629104283027,
    11.194380296535));
#665 = CARTESIAN_POINT('',(-488.0100215888,70.291393826164,
    11.178064554015));
#666 = CARTESIAN_POINT('',(-488.0100215919,71.60368047741,
    11.148786594269));
#667 = CARTESIAN_POINT('',(-488.0100215937,72.503892799663,
    11.131892600338));
#668 = CARTESIAN_POINT('',(-488.010021595,73.334898320324,
    11.119387697202));
#669 = VECTOR('',#670,1.);
#670 = DIRECTION('',(1.,8.313972134781E-11,-1.003338207795E-07));
#671 = DEFINITIONAL_REPRESENTATION('',(#672),#676);
#672 = LINE('',#673,#674);
#673 = CARTESIAN_POINT('',(-0.466559274257,0.));
#674 = VECTOR('',#675,1.);
#675 = DIRECTION('',(0.,-1.));
#676 = ( GEOMETRIC_REPRESENTATION_CONTEXT(2) 
PARAMETRIC_REPRESENTATION_CONTEXT() REPRESENTATION_CONTEXT('2D SPACE',''
  ) );
#677 = ORIENTED_EDGE('',*,*,#678,.T.);
#678 = EDGE_CURVE('',#625,#549,#679,.T.);
#679 = SURFACE_CURVE('',#680,(#684,#691),.PCURVE_S1.);
#680 = LINE('',#681,#682);
#681 = CARTESIAN_POINT('',(-493.0000218422,75.862022672966,
    8.657183481835));
#682 = VECTOR('',#683,1.);
#683 = DIRECTION('',(-7.008692285911E-08,0.716152398102,-0.697943939506)
  );
#684 = PCURVE('',#564,#685);
#685 = DEFINITIONAL_REPRESENTATION('',(#686),#690);
#686 = LINE('',#687,#688);
#687 = CARTESIAN_POINT('',(-3.528287289527,-4.99));
#688 = VECTOR('',#689,1.);
#689 = DIRECTION('',(-1.,0.));
#690 = ( GEOMETRIC_REPRESENTATION_CONTEXT(2) 
PARAMETRIC_REPRESENTATION_CONTEXT() REPRESENTATION_CONTEXT('2D SPACE',''
  ) );
#691 = PCURVE('',#66,#692);
#692 = DEFINITIONAL_REPRESENTATION('',(#693),#697);
#693 = LINE('',#694,#695);
#694 = CARTESIAN_POINT('',(-42.51710644133,-4.978810612679));
#695 = VECTOR('',#696,1.);
#696 = DIRECTION('',(0.691358245195,-0.722512129172));
#697 = ( GEOMETRIC_REPRESENTATION_CONTEXT(2) 
PARAMETRIC_REPRESENTATION_CONTEXT() REPRESENTATION_CONTEXT('2D SPACE',''
  ) );
#698 = ORIENTED_EDGE('',*,*,#546,.F.);
#699 = ORIENTED_EDGE('',*,*,#700,.F.);
#700 = EDGE_CURVE('',#623,#547,#701,.T.);
#701 = SURFACE_CURVE('',#702,(#706,#713),.PCURVE_S1.);
#702 = LINE('',#703,#704);
#703 = CARTESIAN_POINT('',(-488.0100218422,75.862022673381,
    8.657182981169));
#704 = VECTOR('',#705,1.);
#705 = DIRECTION('',(-7.008692285911E-08,0.716152398102,-0.697943939506)
  );
#706 = PCURVE('',#564,#707);
#707 = DEFINITIONAL_REPRESENTATION('',(#708),#712);
#708 = LINE('',#709,#710);
#709 = CARTESIAN_POINT('',(-3.528287289527,-7.098550011229E-14));
#710 = VECTOR('',#711,1.);
#711 = DIRECTION('',(-1.,0.));
#712 = ( GEOMETRIC_REPRESENTATION_CONTEXT(2) 
PARAMETRIC_REPRESENTATION_CONTEXT() REPRESENTATION_CONTEXT('2D SPACE',''
  ) );
#713 = PCURVE('',#98,#714);
#714 = DEFINITIONAL_REPRESENTATION('',(#715),#719);
#715 = LINE('',#716,#717);
#716 = CARTESIAN_POINT('',(-42.51710644133,-4.978810612679));
#717 = VECTOR('',#718,1.);
#718 = DIRECTION('',(0.691358245195,-0.722512129172));
#719 = ( GEOMETRIC_REPRESENTATION_CONTEXT(2) 
PARAMETRIC_REPRESENTATION_CONTEXT() REPRESENTATION_CONTEXT('2D SPACE',''
  ) );
#720 = ADVANCED_FACE('',(#721),#640,.T.);
#721 = FACE_BOUND('',#722,.T.);
#722 = EDGE_LOOP('',(#723,#1014,#1083,#1084));
#723 = ORIENTED_EDGE('',*,*,#724,.T.);
#724 = EDGE_CURVE('',#725,#727,#729,.T.);
#725 = VERTEX_POINT('',#726);
#726 = CARTESIAN_POINT('',(-488.0100214061,49.833502278371,
    12.982256165599));
#727 = VERTEX_POINT('',#728);
#728 = CARTESIAN_POINT('',(-493.0000214061,49.833502277956,
    12.982256666265));
#729 = SURFACE_CURVE('',#730,(#734,#741),.PCURVE_S1.);
#730 = LINE('',#731,#732);
#731 = CARTESIAN_POINT('',(-488.0100214061,49.833502278371,
    12.982256165599));
#732 = VECTOR('',#733,1.);
#733 = DIRECTION('',(-1.,-8.313972134781E-11,1.003338207795E-07));
#734 = PCURVE('',#640,#735);
#735 = DEFINITIONAL_REPRESENTATION('',(#736),#740);
#736 = LINE('',#737,#738);
#737 = CARTESIAN_POINT('',(-4.261431031122,0.));
#738 = VECTOR('',#739,1.);
#739 = DIRECTION('',(0.,-1.));
#740 = ( GEOMETRIC_REPRESENTATION_CONTEXT(2) 
PARAMETRIC_REPRESENTATION_CONTEXT() REPRESENTATION_CONTEXT('2D SPACE',''
  ) );
#741 = PCURVE('',#742,#1008);
#742 = SURFACE_OF_LINEAR_EXTRUSION('',#743,#1006);
#743 = B_SPLINE_CURVE_WITH_KNOTS('',3,(#744,#745,#746,#747,#748,#749,
    #750,#751,#752,#753,#754,#755,#756,#757,#758,#759,#760,#761,#762,
    #763,#764,#765,#766,#767,#768,#769,#770,#771,#772,#773,#774,#775,
    #776,#777,#778,#779,#780,#781,#782,#783,#784,#785,#786,#787,#788,
    #789,#790,#791,#792,#793,#794,#795,#796,#797,#798,#799,#800,#801,
    #802,#803,#804,#805,#806,#807,#808,#809,#810,#811,#812,#813,#814,
    #815,#816,#817,#818,#819,#820,#821,#822,#823,#824,#825,#826,#827,
    #828,#829,#830,#831,#832,#833,#834,#835,#836,#837,#838,#839,#840,
    #841,#842,#843,#844,#845,#846,#847,#848,#849,#850,#851,#852,#853,
    #854,#855,#856,#857,#858,#859,#860,#861,#862,#863,#864,#865,#866,
    #867,#868,#869,#870,#871,#872,#873,#874,#875,#876,#877,#878,#879,
    #880,#881,#882,#883,#884,#885,#886,#887,#888,#889,#890,#891,#892,
    #893,#894,#895,#896,#897,#898,#899,#900,#901,#902,#903,#904,#905,
    #906,#907,#908,#909,#910,#911,#912,#913,#914,#915,#916,#917,#918,
    #919,#920,#921,#922,#923,#924,#925,#926,#927,#928,#929,#930,#931,
    #932,#933,#934,#935,#936,#937,#938,#939,#940,#941,#942,#943,#944,
    #945,#946,#947,#948,#949,#950,#951,#952,#953,#954,#955,#956,#957,
    #958,#959,#960,#961,#962,#963,#964,#965,#966,#967,#968,#969,#970,
    #971,#972,#973,#974,#975,#976,#977,#978,#979,#980,#981,#982,#983,
    #984,#985,#986,#987,#988,#989,#990,#991,#992,#993,#994,#995,#996,
    #997,#998,#999,#1000,#1001,#1002,#1003,#1004,#1005),.UNSPECIFIED.,
  .F.,.F.,(4,1,1,1,1,1,1,1,1,1,1,1,1,1,1,1,2,1,1,1,1,1,1,1,1,1,1,1,1,1,1
    ,1,2,1,1,1,1,1,1,1,1,2,1,1,1,1,1,1,1,1,1,1,1,1,1,1,1,1,1,1,1,1,1,1,1
    ,1,1,1,1,1,1,1,1,2,1,1,1,1,1,1,1,1,1,1,1,1,1,1,1,1,1,1,1,1,1,1,1,1,1
    ,1,1,1,1,1,1,1,1,1,2,1,1,1,1,1,1,1,1,1,1,1,1,1,1,1,1,1,1,1,1,1,1,1,1
    ,1,1,1,1,1,1,1,1,1,1,1,1,1,1,1,1,1,1,1,1,1,1,1,1,1,1,1,1,1,1,1,1,1,1
    ,1,1,1,1,1,1,1,1,1,1,1,1,1,1,1,1,1,1,1,1,1,1,1,1,1,1,1,1,1,1,1,3,1,1
    ,2,1,1,1,1,1,1,1,1,1,1,1,1,1,1,1,1,2,1,1,1,1,1,1,1,2,1,1,1,1,1,1,1,1
    ,1,1,1,1,1,1,1,2,1,1,1,2,4),(-0.329403341848,-0.327083676803,
    -0.324764011759,-0.322444346714,-0.320124681669,-0.317805016624,
    -0.31548535158,-0.313165686535,-0.31084602149,-0.308526356445,
    -0.3062066914,-0.303887026356,-0.301567361311,-0.299247696266,
    -0.296928031221,-0.294608366176,-0.292288701132,-0.28986916273,
    -0.287449624329,-0.285030085928,-0.282610547527,-0.280191009125,
    -0.277771470724,-0.275351932323,-0.272932393921,-0.27051285552,
    -0.268093317119,-0.265673778718,-0.263254240316,-0.260834701915,
    -0.258415163514,-0.255995625113,-0.253576086711,-0.250839738586,
    -0.248103390461,-0.245367042336,-0.242630694211,-0.241262520149,
    -0.239894346086,-0.237157997961,-0.234421649836,-0.231685301711,
    -0.229805718656,-0.227926135602,-0.226046552547,-0.224166969492,
    -0.222287386437,-0.220407803382,-0.218528220328,-0.216648637273,
    -0.214769054218,-0.212889471163,-0.211009888108,-0.209130305054,
    -0.207250721999,-0.205371138944,-0.203491555889,-0.201611972834,
    -0.19973238978,-0.197852806725,-0.19597322367,-0.194093640615,
    -0.19221405756,-0.190334474506,-0.188454891451,-0.186575308396,
    -0.184695725341,-0.182816142286,-0.180936559232,-0.179056976177,
    -0.177177393122,-0.175297810067,-0.173418227012,-0.171538643957,
    -0.170589227113,-0.169639810269,-0.16774097658,-0.165842142891,
    -0.163943309202,-0.162044475513,-0.160145641824,-0.15919622498,
    -0.158246808135,-0.156347974446,-0.154449140758,-0.152550307069,
    -0.15065147338,-0.148752639691,-0.146853806002,-0.144954972313,
    -0.143056138624,-0.141157304935,-0.139258471247,-0.137359637558,
    -0.135460803869,-0.13356197018,-0.131663136491,-0.129764302802,
    -0.127865469113,-0.125966635424,-0.124067801736,-0.122168968047,
    -0.121219551202,-0.120270134358,-0.118371300669,-0.11647246698,
    -0.114573633291,-0.112674799602,-0.110775965913,-0.109094840748,
    -0.107413715584,-0.106573153001,-0.105732590419,-0.104051465254,
    -0.103841324608,-0.103631183962,-0.103421043317,-0.103210902671,
    -0.103000762026,-0.10279062138,-0.102370340089,-0.101529777506,
    -0.100689214924,-9.984865234123E-02,-9.942837105E-02,
    -9.900808975876E-02,-9.890301943595E-02,-9.879794911314E-02,
    -9.858780846752E-02,-9.816752717628E-02,-9.806245685347E-02,
    -9.800992169206E-02,-9.795738653066E-02,-9.785231620785E-02,
    -9.779978104644E-02,-9.774724588504E-02,-9.764217556223E-02,
    -9.753710523942E-02,-9.73269645938E-02,-9.564583942884E-02,
    -9.396471426389E-02,-9.312415168141E-02,-9.291401103579E-02,
    -9.270387039017E-02,-9.228358909893E-02,-9.207344845331E-02,
    -9.186330780769E-02,-9.165316716207E-02,-9.144302651646E-02,
    -9.123288587084E-02,-9.102274522522E-02,-9.060246393398E-02,
    -9.039232328836E-02,-9.018218264274E-02,-8.997204199712E-02,
    -8.97619013515E-02,-8.965683102869E-02,-8.960429586728E-02,
    -8.955176070588E-02,-8.934162006026E-02,-8.892133876902E-02,
    -8.87111981234E-02,-8.86849305427E-02,-8.8658662962E-02,
    -8.860612780059E-02,-8.855359263919E-02,-8.850105747778E-02,
    -8.829091683216E-02,-8.808077618654E-02,-8.802824102514E-02,
    -8.797570586373E-02,-8.787063554092E-02,-8.784436796022E-02,
    -8.781810037952E-02,-8.776556521811E-02,-8.771303005671E-02,
    -8.76604948953E-02,-8.76079597339E-02,-8.755542457249E-02,
    -8.745035424969E-02,-8.742408666898E-02,-8.741095287863E-02,
    -8.740438598346E-02,-8.739781908828E-02,-8.737155150758E-02,
    -8.734528392688E-02,-8.729274876547E-02,-8.728946531788E-02,
    -8.728618187029E-02,-8.727961497512E-02,-8.726648118477E-02,
    -8.725334739442E-02,-8.725170567062E-02,-8.725006394683E-02,
    -8.724842222303E-02,-8.724678049924E-02,-8.724349705165E-02,
    -8.724185532786E-02,-8.724021360407E-02,-8.555908843911E-02,
    -8.471852585663E-02,-8.387796327415E-02,-8.174590098337E-02,
    -7.961383869258E-02,-7.748177640179E-02,-7.5349714111E-02,
    -7.428368296561E-02,-7.321765182021E-02,-7.108558952942E-02,
    -6.895352723864E-02,-6.682146494785E-02,-6.468940265706E-02,
    -6.255734036627E-02,-6.042527807548E-02,-5.82932157847E-02,
    -5.616115349391E-02,-5.402909120312E-02,-5.189702891233E-02,
    -4.976496662154E-02,-4.838112361108E-02,-4.699728060061E-02,
    -4.561343759014E-02,-4.422959457967E-02,-4.28457515692E-02,
    -4.146190855874E-02,-4.007806554827E-02,-3.86942225378E-02,
    -3.705510456205E-02,-3.541598658631E-02,-3.377686861056E-02,
    -3.213775063481E-02,-3.049863265907E-02,-2.885951468332E-02,
    -2.722039670757E-02,-2.558127873182E-02,-2.394216075608E-02,
    -2.230304278033E-02,-2.066392480458E-02,-1.902480682884E-02,
    -1.738568885309E-02,-1.574657087734E-02,-1.410745290159E-02,
    -1.246833492585E-02,-9.865215488748E-03,-7.26209605165E-03,
    -4.658976614552E-03,-2.055857177453E-03,0.),.UNSPECIFIED.);
#744 = CARTESIAN_POINT('',(-488.0100206484,79.300864459798,
    20.558712929818));
#745 = CARTESIAN_POINT('',(-488.0100206488,79.230483744678,
    20.554821508126));
#746 = CARTESIAN_POINT('',(-488.0100206548,79.089424598862,
    20.546894397616));
#747 = CARTESIAN_POINT('',(-488.0100206603,78.87711550712,
    20.534575488893));
#748 = CARTESIAN_POINT('',(-488.0100206674,78.664091994395,
    20.521818480685));
#749 = CARTESIAN_POINT('',(-488.0100206737,78.450408808851,
    20.508618142448));
#750 = CARTESIAN_POINT('',(-488.0100206807,78.236096633796,
    20.494967451186));
#751 = CARTESIAN_POINT('',(-488.0100206847,78.021217900756,
    20.480862531202));
#752 = CARTESIAN_POINT('',(-488.0100206926,77.805763097155,
    20.466293507637));
#753 = CARTESIAN_POINT('',(-488.0100206991,77.589805387058,
    20.451258176119));
#754 = CARTESIAN_POINT('',(-488.0100207057,77.37337145745,
    20.435750604148));
#755 = CARTESIAN_POINT('',(-488.0100207139,77.156487188478,
    20.419765182525));
#756 = CARTESIAN_POINT('',(-488.0100207181,76.939224551379,
    20.403300765244));
#757 = CARTESIAN_POINT('',(-488.0100207255,76.721570893016,
    20.386349159237));
#758 = CARTESIAN_POINT('',(-488.0100207325,76.503584192484,
    20.368908822033));
#759 = CARTESIAN_POINT('',(-488.0100207401,76.285292817001,
    20.350976034706));
#760 = CARTESIAN_POINT('',(-488.0100207468,76.066739510578,
    20.332548791952));
#761 = CARTESIAN_POINT('',(-488.0100207527,75.920872394879,
    20.319931635261));
#762 = CARTESIAN_POINT('',(-488.010020757,75.771807848486,
    20.306873846748));
#763 = CARTESIAN_POINT('',(-488.0100207634,75.619516389331,
    20.293358714693));
#764 = CARTESIAN_POINT('',(-488.0100207709,75.390914404573,
    20.272542673872));
#765 = CARTESIAN_POINT('',(-488.0100207795,75.162163620478,
    20.25118030685));
#766 = CARTESIAN_POINT('',(-488.0100207877,74.933312150356,
    20.229272083932));
#767 = CARTESIAN_POINT('',(-488.0100207964,74.704390264298,
    20.206817425017));
#768 = CARTESIAN_POINT('',(-488.0100208018,74.47546458556,
    20.183819715918));
#769 = CARTESIAN_POINT('',(-488.0100208118,74.246513724848,
    20.160274865392));
#770 = CARTESIAN_POINT('',(-488.0100208202,74.017629834306,
    20.136190204177));
#771 = CARTESIAN_POINT('',(-488.0100208288,73.788813140601,
    20.111563767947));
#772 = CARTESIAN_POINT('',(-488.0100208392,73.560151824489,
    20.086406134645));
#773 = CARTESIAN_POINT('',(-488.0100208449,73.331591546045,
    20.06070666909));
#774 = CARTESIAN_POINT('',(-488.0100208545,73.103427498235,
    20.034507205238));
#775 = CARTESIAN_POINT('',(-488.0100208636,72.875020177751,
    20.007720345558));
#776 = CARTESIAN_POINT('',(-488.0100208735,72.647996607252,
    19.980566146152));
#777 = CARTESIAN_POINT('',(-488.0100208824,72.418796629318,
    19.952566132359));
#778 = CARTESIAN_POINT('',(-488.0100208899,72.270699248789,
    19.93416605828));
#779 = CARTESIAN_POINT('',(-488.0100208963,72.09807601091,19.91236960157
    ));
#780 = CARTESIAN_POINT('',(-488.0100209063,71.915004614962,
    19.889006877762));
#781 = CARTESIAN_POINT('',(-488.0100209174,71.64195504818,
    19.853429718755));
#782 = CARTESIAN_POINT('',(-488.0100209316,71.370245505509,
    19.817299153809));
#783 = CARTESIAN_POINT('',(-488.0100209405,71.145041199457,
    19.786747056077));
#784 = CARTESIAN_POINT('',(-488.0100209443,70.96560757443,
    19.762042099789));
#785 = CARTESIAN_POINT('',(-488.0100209501,70.786644067504,19.7371618419
    ));
#786 = CARTESIAN_POINT('',(-488.0100209632,70.563809940876,
    19.705734230998));
#787 = CARTESIAN_POINT('',(-488.0100209749,70.297885002621,
    19.667511559415));
#788 = CARTESIAN_POINT('',(-488.0100209863,70.121560736554,
    19.641693462859));
#789 = CARTESIAN_POINT('',(-488.0100209922,69.97327390665,
    19.619779730337));
#790 = CARTESIAN_POINT('',(-488.0100209978,69.852735246685,
    19.601855136984));
#791 = CARTESIAN_POINT('',(-488.0100210049,69.672621458334,
    19.574737566901));
#792 = CARTESIAN_POINT('',(-488.0100210128,69.493195913074,
    19.547391619586));
#793 = CARTESIAN_POINT('',(-488.0100210204,69.314466302976,
    19.519820580913));
#794 = CARTESIAN_POINT('',(-488.0100210282,69.136434112624,
    19.492027312926));
#795 = CARTESIAN_POINT('',(-488.0100210361,68.959103567316,
    19.464014887448));
#796 = CARTESIAN_POINT('',(-488.0100210441,68.782477625099,
    19.435786302012));
#797 = CARTESIAN_POINT('',(-488.0100210522,68.606559787987,
    19.407344607762));
#798 = CARTESIAN_POINT('',(-488.0100210603,68.431353244443,
    19.378692848838));
#799 = CARTESIAN_POINT('',(-488.0100210686,68.256861361407,
    19.349834096199));
#800 = CARTESIAN_POINT('',(-488.010021077,68.083087219278,
    19.320771416229));
#801 = CARTESIAN_POINT('',(-488.0100210854,67.910034382208,
    19.29150792059));
#802 = CARTESIAN_POINT('',(-488.0100210941,67.73770495328,
    19.262046651056));
#803 = CARTESIAN_POINT('',(-488.0100210999,67.566112629433,
    19.232391128612));
#804 = CARTESIAN_POINT('',(-488.0100211098,67.395238430649,
    19.202543700158));
#805 = CARTESIAN_POINT('',(-488.0100211184,67.22510260184,
    19.172508094265));
#806 = CARTESIAN_POINT('',(-488.0100211271,67.055703200049,
    19.142287217713));
#807 = CARTESIAN_POINT('',(-488.0100211374,66.887039809438,
    19.111884291684));
#808 = CARTESIAN_POINT('',(-488.0100211435,66.719129938384,
    19.081302558355));
#809 = CARTESIAN_POINT('',(-488.010021153,66.551958070992,
    19.050545121636));
#810 = CARTESIAN_POINT('',(-488.0100211624,66.385535588371,
    19.019615162625));
#811 = CARTESIAN_POINT('',(-488.010021172,66.219864778752,
    18.988515903875));
#812 = CARTESIAN_POINT('',(-488.0100211816,66.054948756599,
    18.957250545775));
#813 = CARTESIAN_POINT('',(-488.0100211914,65.890790325152,
    18.925822309657));
#814 = CARTESIAN_POINT('',(-488.0100212013,65.727392452804,
    18.89423442885));
#815 = CARTESIAN_POINT('',(-488.0100212113,65.56475784019,
    18.862490126656));
#816 = CARTESIAN_POINT('',(-488.0100212214,65.402889617989,
    18.830592683357));
#817 = CARTESIAN_POINT('',(-488.0100212317,65.241789904629,
    18.798545277059));
#818 = CARTESIAN_POINT('',(-488.0100212418,65.081462982774,
    18.766351343061));
#819 = CARTESIAN_POINT('',(-488.0100212527,64.921908205571,
    18.734013765901));
#820 = CARTESIAN_POINT('',(-488.0100212623,64.763135948692,
    18.701536703162));
#821 = CARTESIAN_POINT('',(-488.010021271,64.657798655012,
    18.679792994177));
#822 = CARTESIAN_POINT('',(-488.0100212748,64.578740498219,
    18.663399023608));
#823 = CARTESIAN_POINT('',(-488.0100212775,64.5256559318,18.652364379021
    ));
#824 = CARTESIAN_POINT('',(-488.0100212817,64.420181006795,
    18.630346460534));
#825 = CARTESIAN_POINT('',(-488.0100212927,64.286877168235,
    18.60230079575));
#826 = CARTESIAN_POINT('',(-488.0100213033,64.123734691429,
    18.56759204978));
#827 = CARTESIAN_POINT('',(-488.0100213157,63.957982304765,
    18.531938617868));
#828 = CARTESIAN_POINT('',(-488.0100213267,63.7896519488,18.495326672138
    ));
#829 = CARTESIAN_POINT('',(-488.0100213384,63.647449487425,
    18.464053711749));
#830 = CARTESIAN_POINT('',(-488.0100213435,63.532612129045,
    18.43858490524));
#831 = CARTESIAN_POINT('',(-488.0100213485,63.417094105697,
    18.412822334063));
#832 = CARTESIAN_POINT('',(-488.010021361,63.271469050643,
    18.380076604377));
#833 = CARTESIAN_POINT('',(-488.0100213722,63.094955133273,
    18.339938856813));
#834 = CARTESIAN_POINT('',(-488.0100213877,62.916855406124,
    18.298987855577));
#835 = CARTESIAN_POINT('',(-488.0100213961,62.737359927526,
    18.257250168855));
#836 = CARTESIAN_POINT('',(-488.0100214102,62.556640491322,
    18.214758374793));
#837 = CARTESIAN_POINT('',(-488.0100214238,62.374877385706,
    18.171541746975));
#838 = CARTESIAN_POINT('',(-488.0100214379,62.192244128878,
    18.127631888126));
#839 = CARTESIAN_POINT('',(-488.0100214521,62.008911683129,
    18.083060966512));
#840 = CARTESIAN_POINT('',(-488.0100214665,61.825047614738,
    18.037862015676));
#841 = CARTESIAN_POINT('',(-488.0100214811,61.640816221756,
    17.992068792369));
#842 = CARTESIAN_POINT('',(-488.0100214959,61.456378329848,
    17.94571579107));
#843 = CARTESIAN_POINT('',(-488.0100215109,61.271891155605,
    17.898838219709));
#844 = CARTESIAN_POINT('',(-488.0100215261,61.087508350191,
    17.851471904703));
#845 = CARTESIAN_POINT('',(-488.0100215418,60.903379482728,
    17.803653468683));
#846 = CARTESIAN_POINT('',(-488.010021552,60.719651919509,
    17.755418298085));
#847 = CARTESIAN_POINT('',(-488.0100215701,60.536464935509,
    17.706807757305));
#848 = CARTESIAN_POINT('',(-488.0100215855,60.353958494098,
    17.657856991041));
#849 = CARTESIAN_POINT('',(-488.0100216013,60.172265578256,
    17.608605400277));
#850 = CARTESIAN_POINT('',(-488.0100216168,60.021641043267,
    17.567344823297));
#851 = CARTESIAN_POINT('',(-488.0100216237,59.901675974531,
    17.534223407176));
#852 = CARTESIAN_POINT('',(-488.0100216305,59.782087411839,
    17.501034354042));
#853 = CARTESIAN_POINT('',(-488.0100216469,59.633345680205,
    17.459436046901));
#854 = CARTESIAN_POINT('',(-488.0100216628,59.456162372465,
    17.409373718787));
#855 = CARTESIAN_POINT('',(-488.0100216813,59.280398672466,
    17.359209036849));
#856 = CARTESIAN_POINT('',(-488.0100216972,59.106162218719,
    17.308980500929));
#857 = CARTESIAN_POINT('',(-488.0100217114,58.991092606645,
    17.275480711234));
#858 = CARTESIAN_POINT('',(-488.0100217206,58.883162784375,
    17.243905507993));
#859 = CARTESIAN_POINT('',(-488.0100217312,58.782250706914,
    17.214255933225));
#860 = CARTESIAN_POINT('',(-488.010021744,58.657300491685,
    17.177229058929));
#861 = CARTESIAN_POINT('',(-488.0100217508,58.558085207704,
    17.147641425988));
#862 = CARTESIAN_POINT('',(-488.0100217555,58.459376615779,
    17.118081075697));
#863 = CARTESIAN_POINT('',(-488.0100217687,58.379808591395,
    17.094106088673));
#864 = CARTESIAN_POINT('',(-488.0100217713,58.318977794558,
    17.075690618318));
#865 = CARTESIAN_POINT('',(-488.010021772,58.300753791969,
    17.070167959102));
#866 = CARTESIAN_POINT('',(-488.0100217728,58.282555171725,
    17.064647380633));
#867 = CARTESIAN_POINT('',(-488.0100217735,58.264382027284,
    17.059128915244));
#868 = CARTESIAN_POINT('',(-488.0100217742,58.246234466384,
    17.053612619992));
#869 = CARTESIAN_POINT('',(-488.0100217751,58.222071949703,
    17.046260495338));
#870 = CARTESIAN_POINT('',(-488.0100217773,58.179878075059,
    17.033402468213));
#871 = CARTESIAN_POINT('',(-488.0100217822,58.119861982103,
    17.015058348278));
#872 = CARTESIAN_POINT('',(-488.0100217869,58.048265036962,
    16.993086529903));
#873 = CARTESIAN_POINT('',(-488.010021792,57.988959271018,
    16.974814591628));
#874 = CARTESIAN_POINT('',(-488.0100217942,57.941731650508,
    16.960220511789));
#875 = CARTESIAN_POINT('',(-488.0100217959,57.915248587425,
    16.952020878065));
#876 = CARTESIAN_POINT('',(-488.0100217965,57.897627508077,
    16.946558321454));
#877 = CARTESIAN_POINT('',(-488.010021797,57.88588935362,16.94291771049)
  );
#878 = CARTESIAN_POINT('',(-488.0100217978,57.865371828949,
    16.936549515905));
#879 = CARTESIAN_POINT('',(-488.0100217992,57.844903322855,
    16.930187416148));
#880 = CARTESIAN_POINT('',(-488.0100217998,57.828852691029,
    16.925192348872));
#881 = CARTESIAN_POINT('',(-488.0100218,57.823019597947,16.923376391237)
  );
#882 = CARTESIAN_POINT('',(-488.0100218002,57.817188838548,
    16.921560720447));
#883 = CARTESIAN_POINT('',(-488.0100218004,57.811361613589,
    16.919745502337));
#884 = CARTESIAN_POINT('',(-488.0100218006,57.805537882016,
    16.917930709033));
#885 = CARTESIAN_POINT('',(-488.0100218008,57.799716494566,
    16.916116209139));
#886 = CARTESIAN_POINT('',(-488.0100218011,57.792444200043,
    16.91384866148));
#887 = CARTESIAN_POINT('',(-488.0100218015,57.780817861181,
    16.910221730231));
#888 = CARTESIAN_POINT('',(-488.0100218047,57.725660808699,
    16.89300291595));
#889 = CARTESIAN_POINT('',(-488.0100218216,57.627688817002,
    16.862287607556));
#890 = CARTESIAN_POINT('',(-488.0100218376,57.513975003317,
    16.826367148283));
#891 = CARTESIAN_POINT('',(-488.0100218449,57.440831575742,
    16.803133904522));
#892 = CARTESIAN_POINT('',(-488.0100218465,57.407222095429,
    16.792433582652));
#893 = CARTESIAN_POINT('',(-488.0100218473,57.384855713966,
    16.785306217523));
#894 = CARTESIAN_POINT('',(-488.0100218491,57.362550405154,
    16.778188806041));
#895 = CARTESIAN_POINT('',(-488.01002185,57.34030512511,16.771080783658)
  );
#896 = CARTESIAN_POINT('',(-488.0100218509,57.323651677647,
    16.765754751898));
#897 = CARTESIAN_POINT('',(-488.0100218516,57.30702867652,
    16.760433675031));
#898 = CARTESIAN_POINT('',(-488.0100218524,57.290436233716,
    16.755117625885));
#899 = CARTESIAN_POINT('',(-488.0100218532,57.273874456023,
    16.749806671262));
#900 = CARTESIAN_POINT('',(-488.0100218542,57.25183289114,
    16.742732163558));
#901 = CARTESIAN_POINT('',(-488.010021856,57.229853534178,
    16.735668358128));
#902 = CARTESIAN_POINT('',(-488.0100218569,57.207935340326,
    16.72861474797));
#903 = CARTESIAN_POINT('',(-488.0100218578,57.191527792303,
    16.72332992372));
#904 = CARTESIAN_POINT('',(-488.0100218585,57.175151232301,
    16.718050437869));
#905 = CARTESIAN_POINT('',(-488.0100218592,57.161530098797,
    16.713655418283));
#906 = CARTESIAN_POINT('',(-488.0100218596,57.15200886125,
    16.710581251901));
#907 = CARTESIAN_POINT('',(-488.0100218598,57.146572035845,
    16.708825261619));
#908 = CARTESIAN_POINT('',(-488.0100218601,57.138420718778,
    16.706191972625));
#909 = CARTESIAN_POINT('',(-488.010021861,57.12078082275,16.700490315079
    ));
#910 = CARTESIAN_POINT('',(-488.0100218628,57.099133478264,
    16.693484351566));
#911 = CARTESIAN_POINT('',(-488.0100218636,57.082270144118,
    16.688019549159));
#912 = CARTESIAN_POINT('',(-488.0100218639,57.075532138484,
    16.685834938336));
#913 = CARTESIAN_POINT('',(-488.0100218639,57.072837583378,
    16.684961208397));
#914 = CARTESIAN_POINT('',(-488.0100218641,57.069470637614,
    16.683869277619));
#915 = CARTESIAN_POINT('',(-488.0100218642,57.065432264767,
    16.682559314523));
#916 = CARTESIAN_POINT('',(-488.0100218645,57.05735947974,
    16.679940114227));
#917 = CARTESIAN_POINT('',(-488.0100218652,57.045265282558,
    16.676014099551));
#918 = CARTESIAN_POINT('',(-488.0100218659,57.033194824585,
    16.672092444445));
#919 = CARTESIAN_POINT('',(-488.0100218662,57.025157648303,
    16.669479784744));
#920 = CARTESIAN_POINT('',(-488.0100218664,57.019802156706,
    16.667738492412));
#921 = CARTESIAN_POINT('',(-488.0100218666,57.015119637668,
    16.666215535401));
#922 = CARTESIAN_POINT('',(-488.0100218667,57.011108475663,
    16.664910578667));
#923 = CARTESIAN_POINT('',(-488.0100218668,57.008435031302,
    16.664040731438));
#924 = CARTESIAN_POINT('',(-488.010021867,57.005094478353,
    16.662953658632));
#925 = CARTESIAN_POINT('',(-488.0100218671,57.001087799184,
    16.661649540409));
#926 = CARTESIAN_POINT('',(-488.0100218673,56.997083108611,
    16.660345793627));
#927 = CARTESIAN_POINT('',(-488.0100218674,56.993080413033,
    16.659042421474));
#928 = CARTESIAN_POINT('',(-488.0100218676,56.987746122935,
    16.65730508159));
#929 = CARTESIAN_POINT('',(-488.0100218678,56.983082173977,
    16.655785594824));
#930 = CARTESIAN_POINT('',(-488.010021868,56.979419870331,
    16.654592116644));
#931 = CARTESIAN_POINT('',(-488.010021868,56.978254809572,
    16.654212414482));
#932 = CARTESIAN_POINT('',(-488.010021868,56.97758912226,16.653995453278
    ));
#933 = CARTESIAN_POINT('',(-488.0100218681,56.976590653563,
    16.653670023199));
#934 = CARTESIAN_POINT('',(-488.0100218681,56.975093190007,
    16.653181924695));
#935 = CARTESIAN_POINT('',(-488.0100218682,56.972431688037,
    16.652314315273));
#936 = CARTESIAN_POINT('',(-488.0100218683,56.970353189738,
    16.651636651687));
#937 = CARTESIAN_POINT('',(-488.0100218683,56.968857053736,
    16.65114880254));
#938 = CARTESIAN_POINT('',(-488.0100218684,56.968524589655,
    16.651040393633));
#939 = CARTESIAN_POINT('',(-488.0100218684,56.967942802376,
    16.650850682346));
#940 = CARTESIAN_POINT('',(-488.0100218684,56.967111768437,
    16.650579685701));
#941 = CARTESIAN_POINT('',(-488.0100218684,56.966405454687,
    16.650349346718));
#942 = CARTESIAN_POINT('',(-488.0100218684,56.965990032597,
    16.650213868768));
#943 = CARTESIAN_POINT('',(-488.0100218684,56.965865379291,
    16.650173215198));
#944 = CARTESIAN_POINT('',(-488.0100218684,56.965740807299,
    16.650132591252));
#945 = CARTESIAN_POINT('',(-488.0100218685,56.965574470325,
    16.650078336691));
#946 = CARTESIAN_POINT('',(-488.0100218685,56.96540885675,
    16.650024348101));
#947 = CARTESIAN_POINT('',(-488.0100218685,56.965241871657,
    16.649969853224));
#948 = CARTESIAN_POINT('',(-488.0100218685,56.965159786366,
    16.64994312431));
#949 = CARTESIAN_POINT('',(-488.0100218685,56.965118733397,
    16.649929755993));
#950 = CARTESIAN_POINT('',(-488.0100218686,56.923080492734,
    16.636240599689));
#951 = CARTESIAN_POINT('',(-488.0100218531,56.843785545009,
    16.609635356681));
#952 = CARTESIAN_POINT('',(-488.0100218526,56.789471998908,
    16.592918412952));
#953 = CARTESIAN_POINT('',(-488.010021855,56.688120833453,
    16.557217408939));
#954 = CARTESIAN_POINT('',(-488.0100218542,56.547221116662,
    16.507831968439));
#955 = CARTESIAN_POINT('',(-488.0100218356,56.354574063897,
    16.439676868332));
#956 = CARTESIAN_POINT('',(-488.0100218202,56.072330754267,
    16.337458870724));
#957 = CARTESIAN_POINT('',(-488.0100218031,55.800644601038,
    16.236790714019));
#958 = CARTESIAN_POINT('',(-488.0100217832,55.581471143712,
    16.153685145287));
#959 = CARTESIAN_POINT('',(-488.0100217826,55.4107466264,16.087821697477
    ));
#960 = CARTESIAN_POINT('',(-488.0100217775,55.242924781945,
    16.022324303118));
#961 = CARTESIAN_POINT('',(-488.0100217728,55.03861492901,15.94117773479
    ));
#962 = CARTESIAN_POINT('',(-488.0100217558,54.801922738018,
    15.844959060648));
#963 = CARTESIAN_POINT('',(-488.0100217372,54.573474501206,
    15.749905064925));
#964 = CARTESIAN_POINT('',(-488.0100217227,54.353012636237,
    15.656015258251));
#965 = CARTESIAN_POINT('',(-488.0100216995,54.140318769148,
    15.563305250592));
#966 = CARTESIAN_POINT('',(-488.0100216962,53.935110935904,
    15.471763751736));
#967 = CARTESIAN_POINT('',(-488.010021678,53.737197702102,
    15.381418071679));
#968 = CARTESIAN_POINT('',(-488.0100216619,53.546314641263,
    15.29226435353));
#969 = CARTESIAN_POINT('',(-488.0100216436,53.36222768031,
    15.204311702065));
#970 = CARTESIAN_POINT('',(-488.0100216299,53.184686738125,
    15.117562389121));
#971 = CARTESIAN_POINT('',(-488.0100216138,53.070543686242,
    15.06054192854));
#972 = CARTESIAN_POINT('',(-488.0100216093,52.978085802819,
    15.013856598803));
#973 = CARTESIAN_POINT('',(-488.0100216057,52.906158175326,
    14.977277868313));
#974 = CARTESIAN_POINT('',(-488.0100215988,52.800765694676,
    14.922926752878));
#975 = CARTESIAN_POINT('',(-488.0100215989,52.697794665831,
    14.869089300393));
#976 = CARTESIAN_POINT('',(-488.0100215935,52.597196648138,
    14.815774627591));
#977 = CARTESIAN_POINT('',(-488.0100215882,52.498898322375,
    14.762981210107));
#978 = CARTESIAN_POINT('',(-488.0100215882,52.402826544718,
    14.71070759909));
#979 = CARTESIAN_POINT('',(-488.0100215815,52.308932359882,
    14.65896269255));
#980 = CARTESIAN_POINT('',(-488.0100215776,52.247737045419,
    14.624816669845));
#981 = CARTESIAN_POINT('',(-488.0100215748,52.181637039805,
    14.587712676617));
#982 = CARTESIAN_POINT('',(-488.0100215668,52.11088035039,
    14.547713013882));
#983 = CARTESIAN_POINT('',(-488.0100215602,52.007344293323,
    14.488355403291));
#984 = CARTESIAN_POINT('',(-488.0100215511,51.906269658824,
    14.429585442913));
#985 = CARTESIAN_POINT('',(-488.0100215432,51.807503095438,
    14.371342143438));
#986 = CARTESIAN_POINT('',(-488.0100215343,51.710899427748,
    14.313568013775));
#987 = CARTESIAN_POINT('',(-488.0100215333,51.616297788948,
    14.256198851999));
#988 = CARTESIAN_POINT('',(-488.0100215221,51.52357505629,
    14.199186601811));
#989 = CARTESIAN_POINT('',(-488.0100215147,51.432563417316,
    14.142464092394));
#990 = CARTESIAN_POINT('',(-488.0100215073,51.343119834308,
    14.085974751079));
#991 = CARTESIAN_POINT('',(-488.0100214962,51.255100997165,
    14.029661889731));
#992 = CARTESIAN_POINT('',(-488.0100214951,51.168339555887,
    13.973458538441));
#993 = CARTESIAN_POINT('',(-488.0100214865,51.082711705372,
    13.91731635423));
#994 = CARTESIAN_POINT('',(-488.0100214787,50.998057213234,
    13.861171413795));
#995 = CARTESIAN_POINT('',(-488.0100214701,50.914230118293,
    13.80496589925));
#996 = CARTESIAN_POINT('',(-488.0100214632,50.831078711922,
    13.748639535394));
#997 = CARTESIAN_POINT('',(-488.0100214564,50.776000467942,
    13.710970746036));
#998 = CARTESIAN_POINT('',(-488.0100214488,50.704888803027,
    13.662121917354));
#999 = CARTESIAN_POINT('',(-488.0100214299,50.605263240234,
    13.591417100545));
#1000 = CARTESIAN_POINT('',(-488.0100214222,50.426126164651,
    13.457966553373));
#1001 = CARTESIAN_POINT('',(-488.0100214175,50.224747779709,
    13.302035822784));
#1002 = CARTESIAN_POINT('',(-488.0100214021,50.080643014145,
    13.186372105246));
#1003 = CARTESIAN_POINT('',(-488.0100214021,49.949468175191,
    13.079078109614));
#1004 = CARTESIAN_POINT('',(-488.0100214012,49.891673251759,
    13.031221802973));
#1005 = CARTESIAN_POINT('',(-488.0100214061,49.833502278371,
    12.982256165599));
#1006 = VECTOR('',#1007,1.);
#1007 = DIRECTION('',(1.,8.313972134781E-11,-1.003338207795E-07));
#1008 = DEFINITIONAL_REPRESENTATION('',(#1009),#1013);
#1009 = LINE('',#1010,#1011);
#1010 = CARTESIAN_POINT('',(0.,0.));
#1011 = VECTOR('',#1012,1.);
#1012 = DIRECTION('',(0.,-1.));
#1013 = ( GEOMETRIC_REPRESENTATION_CONTEXT(2) 
PARAMETRIC_REPRESENTATION_CONTEXT() REPRESENTATION_CONTEXT('2D SPACE',''
  ) );
#1014 = ORIENTED_EDGE('',*,*,#1015,.T.);
#1015 = EDGE_CURVE('',#727,#625,#1016,.T.);
#1016 = SURFACE_CURVE('',#1017,(#1045,#1052),.PCURVE_S1.);
#1017 = B_SPLINE_CURVE_WITH_KNOTS('',3,(#1018,#1019,#1020,#1021,#1022,
    #1023,#1024,#1025,#1026,#1027,#1028,#1029,#1030,#1031,#1032,#1033,
    #1034,#1035,#1036,#1037,#1038,#1039,#1040,#1041,#1042,#1043,#1044),
  .UNSPECIFIED.,.F.,.F.,(4,2,2,2,2,1,1,1,1,1,1,1,1,1,2,1,1,2,4),(
    -4.261431031122,-4.218308410413,-4.148421770448,-3.640110512469,
    -3.016249912232,-2.788995752039,-2.732182211991,-2.675368671943,
    -2.618555131895,-2.561741591847,-2.448114511751,-2.334487431654,
    -2.107233271462,-1.652724951077,-1.198216630691,-1.102456130598,
    -1.054575880551,-0.815174630317,-0.466559223375),.UNSPECIFIED.);
#1018 = CARTESIAN_POINT('',(-493.0000214061,49.833502277956,
    12.982256666265));
#1019 = CARTESIAN_POINT('',(-493.0000214076,49.887388843229,
    12.967589510821));
#1020 = CARTESIAN_POINT('',(-493.0000214092,49.946397226686,
    12.95193575443));
#1021 = CARTESIAN_POINT('',(-493.0000214134,50.110112341629,
    12.910187904893));
#1022 = CARTESIAN_POINT('',(-493.0000214161,50.222143640723,
    12.883076893612));
#1023 = CARTESIAN_POINT('',(-493.0000214397,51.242496130173,
    12.649209886486));
#1024 = CARTESIAN_POINT('',(-493.0000214703,52.768801541737,
    12.345337993991));
#1025 = CARTESIAN_POINT('',(-493.0000214994,54.789346505391,
    12.056511766641));
#1026 = CARTESIAN_POINT('',(-493.0000215106,55.945921642153,
    11.946147150693));
#1027 = CARTESIAN_POINT('',(-493.0000215241,57.578138138171,
    11.81295812139));
#1028 = CARTESIAN_POINT('',(-493.0000215297,58.249923714937,
    11.757881942159));
#1029 = CARTESIAN_POINT('',(-493.0000215361,59.076098036948,
    11.694893994801));
#1030 = CARTESIAN_POINT('',(-493.0000215391,59.476982739731,
    11.66530902987));
#1031 = CARTESIAN_POINT('',(-493.0000215418,59.855869336269,
    11.63834810432));
#1032 = CARTESIAN_POINT('',(-493.0000215449,60.298480460699,
    11.608253749433));
#1033 = CARTESIAN_POINT('',(-493.0000215476,60.720398234177,
    11.581591229084));
#1034 = CARTESIAN_POINT('',(-493.0000215524,61.485453792516,
    11.53427722861));
#1035 = CARTESIAN_POINT('',(-493.0000215606,62.881367595717,
    11.453874386591));
#1036 = CARTESIAN_POINT('',(-493.000021572,65.155453597724,
    11.341658769028));
#1037 = CARTESIAN_POINT('',(-493.0000215796,67.178787821816,
    11.267372826609));
#1038 = CARTESIAN_POINT('',(-493.0000215836,68.428364434813,
    11.228677849675));
#1039 = CARTESIAN_POINT('',(-493.0000215846,68.75621657296,
    11.218922970635));
#1040 = CARTESIAN_POINT('',(-493.0000215872,69.629104282612,
    11.194380797201));
#1041 = CARTESIAN_POINT('',(-493.0000215888,70.291393825749,
    11.178065054681));
#1042 = CARTESIAN_POINT('',(-493.0000215919,71.603680476995,
    11.148787094935));
#1043 = CARTESIAN_POINT('',(-493.0000215937,72.503892799248,
    11.131893101004));
#1044 = CARTESIAN_POINT('',(-493.000021595,73.334898319909,
    11.119388197868));
#1045 = PCURVE('',#640,#1046);
#1046 = DEFINITIONAL_REPRESENTATION('',(#1047),#1051);
#1047 = LINE('',#1048,#1049);
#1048 = CARTESIAN_POINT('',(0.,-4.99));
#1049 = VECTOR('',#1050,1.);
#1050 = DIRECTION('',(1.,0.));
#1051 = ( GEOMETRIC_REPRESENTATION_CONTEXT(2) 
PARAMETRIC_REPRESENTATION_CONTEXT() REPRESENTATION_CONTEXT('2D SPACE',''
  ) );
#1052 = PCURVE('',#66,#1053);
#1053 = DEFINITIONAL_REPRESENTATION('',(#1054),#1082);
#1054 = B_SPLINE_CURVE_WITH_KNOTS('',3,(#1055,#1056,#1057,#1058,#1059,
    #1060,#1061,#1062,#1063,#1064,#1065,#1066,#1067,#1068,#1069,#1070,
    #1071,#1072,#1073,#1074,#1075,#1076,#1077,#1078,#1079,#1080,#1081),
  .UNSPECIFIED.,.F.,.F.,(4,2,2,2,2,1,1,1,1,1,1,1,1,1,2,1,1,2,4),(
    -4.261431031122,-4.218308410413,-4.148421770448,-3.640110512469,
    -3.016249912232,-2.788995752039,-2.732182211991,-2.675368671943,
    -2.618555131895,-2.561741591847,-2.448114511751,-2.334487431654,
    -2.107233271462,-1.652724951077,-1.198216630691,-1.102456130598,
    -1.054575880551,-0.815174630317,-0.466559223375),.UNSPECIFIED.);
#1055 = CARTESIAN_POINT('',(-68.37882808765,0.252010115722));
#1056 = CARTESIAN_POINT('',(-68.32548622496,0.235471281106));
#1057 = CARTESIAN_POINT('',(-68.26706009603,0.217767697676));
#1058 = CARTESIAN_POINT('',(-68.10490169085,0.170331704687));
#1059 = CARTESIAN_POINT('',(-67.99388479885,0.139327372748));
#1060 = CARTESIAN_POINT('',(-66.98231572141,-0.130006957257));
#1061 = CARTESIAN_POINT('',(-65.46754506997,-0.486961029883));
#1062 = CARTESIAN_POINT('',(-63.45831085769,-0.846127314395));
#1063 = CARTESIAN_POINT('',(-62.3062919448,-0.996788589373));
#1064 = CARTESIAN_POINT('',(-60.67971798106,-1.186860017738));
#1065 = CARTESIAN_POINT('',(-60.01026376885,-1.26534762457));
#1066 = CARTESIAN_POINT('',(-59.18679097757,-1.357130269399));
#1067 = CARTESIAN_POINT('',(-58.78718298331,-1.400687886332));
#1068 = CARTESIAN_POINT('',(-58.40946811698,-1.440855339541));
#1069 = CARTESIAN_POINT('',(-57.96817689713,-1.486378267238));
#1070 = CARTESIAN_POINT('',(-57.5474466531,-1.527749263444));
#1071 = CARTESIAN_POINT('',(-56.78450838074,-1.601734495443));
#1072 = CARTESIAN_POINT('',(-55.39225094923,-1.730805047394));
#1073 = CARTESIAN_POINT('',(-53.12346652754,-1.922316763163));
#1074 = CARTESIAN_POINT('',(-51.103957406,-2.067170798675));
#1075 = CARTESIAN_POINT('',(-49.85649243653,-2.149451798559));
#1076 = CARTESIAN_POINT('',(-49.52918045741,-2.170642609805));
#1077 = CARTESIAN_POINT('',(-48.65768099687,-2.225633174554));
#1078 = CARTESIAN_POINT('',(-47.99636431383,-2.265052549692));
#1079 = CARTESIAN_POINT('',(-46.68589885822,-2.340110817753));
#1080 = CARTESIAN_POINT('',(-45.78682451287,-2.388411477292));
#1081 = CARTESIAN_POINT('',(-44.95676163315,-2.429910437207));
#1082 = ( GEOMETRIC_REPRESENTATION_CONTEXT(2) 
PARAMETRIC_REPRESENTATION_CONTEXT() REPRESENTATION_CONTEXT('2D SPACE',''
  ) );
#1083 = ORIENTED_EDGE('',*,*,#622,.F.);
#1084 = ORIENTED_EDGE('',*,*,#1085,.F.);
#1085 = EDGE_CURVE('',#725,#623,#1086,.T.);
#1086 = SURFACE_CURVE('',#1087,(#1115,#1122),.PCURVE_S1.);
#1087 = B_SPLINE_CURVE_WITH_KNOTS('',3,(#1088,#1089,#1090,#1091,#1092,
    #1093,#1094,#1095,#1096,#1097,#1098,#1099,#1100,#1101,#1102,#1103,
    #1104,#1105,#1106,#1107,#1108,#1109,#1110,#1111,#1112,#1113,#1114),
  .UNSPECIFIED.,.F.,.F.,(4,2,2,2,2,1,1,1,1,1,1,1,1,1,2,1,1,2,4),(
    -4.261431031122,-4.218308410413,-4.148421770448,-3.640110512469,
    -3.016249912232,-2.788995752039,-2.732182211991,-2.675368671943,
    -2.618555131895,-2.561741591847,-2.448114511751,-2.334487431654,
    -2.107233271462,-1.652724951077,-1.198216630691,-1.102456130598,
    -1.054575880551,-0.815174630317,-0.466559223375),.UNSPECIFIED.);
#1088 = CARTESIAN_POINT('',(-488.0100214061,49.833502278371,
    12.982256165599));
#1089 = CARTESIAN_POINT('',(-488.0100214076,49.887388843644,
    12.967589010155));
#1090 = CARTESIAN_POINT('',(-488.0100214092,49.946397227101,
    12.951935253764));
#1091 = CARTESIAN_POINT('',(-488.0100214134,50.110112342044,
    12.910187404227));
#1092 = CARTESIAN_POINT('',(-488.0100214161,50.222143641138,
    12.883076392946));
#1093 = CARTESIAN_POINT('',(-488.0100214397,51.242496130588,
    12.64920938582));
#1094 = CARTESIAN_POINT('',(-488.0100214703,52.768801542152,
    12.345337493325));
#1095 = CARTESIAN_POINT('',(-488.0100214994,54.789346505806,
    12.056511265975));
#1096 = CARTESIAN_POINT('',(-488.0100215106,55.945921642568,
    11.946146650027));
#1097 = CARTESIAN_POINT('',(-488.0100215241,57.578138138586,
    11.812957620724));
#1098 = CARTESIAN_POINT('',(-488.0100215297,58.249923715352,
    11.757881441493));
#1099 = CARTESIAN_POINT('',(-488.0100215361,59.076098037363,
    11.694893494135));
#1100 = CARTESIAN_POINT('',(-488.0100215391,59.476982740146,
    11.665308529204));
#1101 = CARTESIAN_POINT('',(-488.0100215418,59.855869336684,
    11.638347603654));
#1102 = CARTESIAN_POINT('',(-488.0100215449,60.298480461114,
    11.608253248767));
#1103 = CARTESIAN_POINT('',(-488.0100215476,60.720398234592,
    11.581590728418));
#1104 = CARTESIAN_POINT('',(-488.0100215524,61.485453792931,
    11.534276727944));
#1105 = CARTESIAN_POINT('',(-488.0100215606,62.881367596132,
    11.453873885925));
#1106 = CARTESIAN_POINT('',(-488.010021572,65.155453598139,
    11.341658268362));
#1107 = CARTESIAN_POINT('',(-488.0100215796,67.178787822231,
    11.267372325943));
#1108 = CARTESIAN_POINT('',(-488.0100215836,68.428364435228,
    11.228677349009));
#1109 = CARTESIAN_POINT('',(-488.0100215846,68.756216573375,
    11.218922469969));
#1110 = CARTESIAN_POINT('',(-488.0100215872,69.629104283027,
    11.194380296535));
#1111 = CARTESIAN_POINT('',(-488.0100215888,70.291393826164,
    11.178064554015));
#1112 = CARTESIAN_POINT('',(-488.0100215919,71.60368047741,
    11.148786594269));
#1113 = CARTESIAN_POINT('',(-488.0100215937,72.503892799663,
    11.131892600338));
#1114 = CARTESIAN_POINT('',(-488.010021595,73.334898320324,
    11.119387697202));
#1115 = PCURVE('',#640,#1116);
#1116 = DEFINITIONAL_REPRESENTATION('',(#1117),#1121);
#1117 = LINE('',#1118,#1119);
#1118 = CARTESIAN_POINT('',(0.,0.));
#1119 = VECTOR('',#1120,1.);
#1120 = DIRECTION('',(1.,0.));
#1121 = ( GEOMETRIC_REPRESENTATION_CONTEXT(2) 
PARAMETRIC_REPRESENTATION_CONTEXT() REPRESENTATION_CONTEXT('2D SPACE',''
  ) );
#1122 = PCURVE('',#98,#1123);
#1123 = DEFINITIONAL_REPRESENTATION('',(#1124),#1152);
#1124 = B_SPLINE_CURVE_WITH_KNOTS('',3,(#1125,#1126,#1127,#1128,#1129,
    #1130,#1131,#1132,#1133,#1134,#1135,#1136,#1137,#1138,#1139,#1140,
    #1141,#1142,#1143,#1144,#1145,#1146,#1147,#1148,#1149,#1150,#1151),
  .UNSPECIFIED.,.F.,.F.,(4,2,2,2,2,1,1,1,1,1,1,1,1,1,2,1,1,2,4),(
    -4.261431031122,-4.218308410413,-4.148421770448,-3.640110512469,
    -3.016249912232,-2.788995752039,-2.732182211991,-2.675368671943,
    -2.618555131895,-2.561741591847,-2.448114511751,-2.334487431654,
    -2.107233271462,-1.652724951077,-1.198216630691,-1.102456130598,
    -1.054575880551,-0.815174630317,-0.466559223375),.UNSPECIFIED.);
#1125 = CARTESIAN_POINT('',(-68.37882808765,0.252010115722));
#1126 = CARTESIAN_POINT('',(-68.32548622496,0.235471281106));
#1127 = CARTESIAN_POINT('',(-68.26706009603,0.217767697676));
#1128 = CARTESIAN_POINT('',(-68.10490169085,0.170331704687));
#1129 = CARTESIAN_POINT('',(-67.99388479885,0.139327372748));
#1130 = CARTESIAN_POINT('',(-66.98231572141,-0.130006957257));
#1131 = CARTESIAN_POINT('',(-65.46754506997,-0.486961029883));
#1132 = CARTESIAN_POINT('',(-63.45831085769,-0.846127314395));
#1133 = CARTESIAN_POINT('',(-62.3062919448,-0.996788589373));
#1134 = CARTESIAN_POINT('',(-60.67971798106,-1.186860017738));
#1135 = CARTESIAN_POINT('',(-60.01026376885,-1.26534762457));
#1136 = CARTESIAN_POINT('',(-59.18679097757,-1.357130269399));
#1137 = CARTESIAN_POINT('',(-58.78718298331,-1.400687886332));
#1138 = CARTESIAN_POINT('',(-58.40946811698,-1.440855339541));
#1139 = CARTESIAN_POINT('',(-57.96817689713,-1.486378267238));
#1140 = CARTESIAN_POINT('',(-57.5474466531,-1.527749263444));
#1141 = CARTESIAN_POINT('',(-56.78450838074,-1.601734495443));
#1142 = CARTESIAN_POINT('',(-55.39225094923,-1.730805047394));
#1143 = CARTESIAN_POINT('',(-53.12346652754,-1.922316763163));
#1144 = CARTESIAN_POINT('',(-51.103957406,-2.067170798675));
#1145 = CARTESIAN_POINT('',(-49.85649243653,-2.149451798559));
#1146 = CARTESIAN_POINT('',(-49.52918045741,-2.170642609805));
#1147 = CARTESIAN_POINT('',(-48.65768099687,-2.225633174554));
#1148 = CARTESIAN_POINT('',(-47.99636431383,-2.265052549692));
#1149 = CARTESIAN_POINT('',(-46.68589885822,-2.340110817753));
#1150 = CARTESIAN_POINT('',(-45.78682451287,-2.388411477292));
#1151 = CARTESIAN_POINT('',(-44.95676163315,-2.429910437207));
#1152 = ( GEOMETRIC_REPRESENTATION_CONTEXT(2) 
PARAMETRIC_REPRESENTATION_CONTEXT() REPRESENTATION_CONTEXT('2D SPACE',''
  ) );
#1153 = ADVANCED_FACE('',(#1154),#742,.T.);
#1154 = FACE_BOUND('',#1155,.T.);
#1155 = EDGE_LOOP('',(#1156,#1186,#1725,#1726));
#1156 = ORIENTED_EDGE('',*,*,#1157,.T.);
#1157 = EDGE_CURVE('',#1158,#1160,#1162,.T.);
#1158 = VERTEX_POINT('',#1159);
#1159 = CARTESIAN_POINT('',(-488.0100206484,79.300864459798,
    20.558712929818));
#1160 = VERTEX_POINT('',#1161);
#1161 = CARTESIAN_POINT('',(-493.0000206484,79.300864459383,
    20.558713430484));
#1162 = SURFACE_CURVE('',#1163,(#1167,#1174),.PCURVE_S1.);
#1163 = LINE('',#1164,#1165);
#1164 = CARTESIAN_POINT('',(-488.0100206484,79.300864459798,
    20.558712929818));
#1165 = VECTOR('',#1166,1.);
#1166 = DIRECTION('',(-1.,-8.313972134781E-11,1.003338207795E-07));
#1167 = PCURVE('',#742,#1168);
#1168 = DEFINITIONAL_REPRESENTATION('',(#1169),#1173);
#1169 = LINE('',#1170,#1171);
#1170 = CARTESIAN_POINT('',(-0.329403341848,0.));
#1171 = VECTOR('',#1172,1.);
#1172 = DIRECTION('',(0.,-1.));
#1173 = ( GEOMETRIC_REPRESENTATION_CONTEXT(2) 
PARAMETRIC_REPRESENTATION_CONTEXT() REPRESENTATION_CONTEXT('2D SPACE',''
  ) );
#1174 = PCURVE('',#1175,#1180);
#1175 = PLANE('',#1176);
#1176 = AXIS2_PLACEMENT_3D('',#1177,#1178,#1179);
#1177 = CARTESIAN_POINT('',(-488.0100206484,79.300864459796,
    20.558712929818));
#1178 = DIRECTION('',(1.904001226744E-13,0.999999655111,
    8.305284514148E-04));
#1179 = DIRECTION('',(1.00333855297E-07,-8.305284514148E-04,
    0.999999655111));
#1180 = DEFINITIONAL_REPRESENTATION('',(#1181),#1185);
#1181 = LINE('',#1182,#1183);
#1182 = CARTESIAN_POINT('',(-8.899575490178E-16,-8.867573342108E-12));
#1183 = VECTOR('',#1184,1.);
#1184 = DIRECTION('',(-7.162714419285E-17,-1.));
#1185 = ( GEOMETRIC_REPRESENTATION_CONTEXT(2) 
PARAMETRIC_REPRESENTATION_CONTEXT() REPRESENTATION_CONTEXT('2D SPACE',''
  ) );
#1186 = ORIENTED_EDGE('',*,*,#1187,.T.);
#1187 = EDGE_CURVE('',#1160,#727,#1188,.T.);
#1188 = SURFACE_CURVE('',#1189,(#1452,#1459),.PCURVE_S1.);
#1189 = B_SPLINE_CURVE_WITH_KNOTS('',3,(#1190,#1191,#1192,#1193,#1194,
    #1195,#1196,#1197,#1198,#1199,#1200,#1201,#1202,#1203,#1204,#1205,
    #1206,#1207,#1208,#1209,#1210,#1211,#1212,#1213,#1214,#1215,#1216,
    #1217,#1218,#1219,#1220,#1221,#1222,#1223,#1224,#1225,#1226,#1227,
    #1228,#1229,#1230,#1231,#1232,#1233,#1234,#1235,#1236,#1237,#1238,
    #1239,#1240,#1241,#1242,#1243,#1244,#1245,#1246,#1247,#1248,#1249,
    #1250,#1251,#1252,#1253,#1254,#1255,#1256,#1257,#1258,#1259,#1260,
    #1261,#1262,#1263,#1264,#1265,#1266,#1267,#1268,#1269,#1270,#1271,
    #1272,#1273,#1274,#1275,#1276,#1277,#1278,#1279,#1280,#1281,#1282,
    #1283,#1284,#1285,#1286,#1287,#1288,#1289,#1290,#1291,#1292,#1293,
    #1294,#1295,#1296,#1297,#1298,#1299,#1300,#1301,#1302,#1303,#1304,
    #1305,#1306,#1307,#1308,#1309,#1310,#1311,#1312,#1313,#1314,#1315,
    #1316,#1317,#1318,#1319,#1320,#1321,#1322,#1323,#1324,#1325,#1326,
    #1327,#1328,#1329,#1330,#1331,#1332,#1333,#1334,#1335,#1336,#1337,
    #1338,#1339,#1340,#1341,#1342,#1343,#1344,#1345,#1346,#1347,#1348,
    #1349,#1350,#1351,#1352,#1353,#1354,#1355,#1356,#1357,#1358,#1359,
    #1360,#1361,#1362,#1363,#1364,#1365,#1366,#1367,#1368,#1369,#1370,
    #1371,#1372,#1373,#1374,#1375,#1376,#1377,#1378,#1379,#1380,#1381,
    #1382,#1383,#1384,#1385,#1386,#1387,#1388,#1389,#1390,#1391,#1392,
    #1393,#1394,#1395,#1396,#1397,#1398,#1399,#1400,#1401,#1402,#1403,
    #1404,#1405,#1406,#1407,#1408,#1409,#1410,#1411,#1412,#1413,#1414,
    #1415,#1416,#1417,#1418,#1419,#1420,#1421,#1422,#1423,#1424,#1425,
    #1426,#1427,#1428,#1429,#1430,#1431,#1432,#1433,#1434,#1435,#1436,
    #1437,#1438,#1439,#1440,#1441,#1442,#1443,#1444,#1445,#1446,#1447,
    #1448,#1449,#1450,#1451),.UNSPECIFIED.,.F.,.F.,(4,1,1,1,1,1,1,1,1,1,
    1,1,1,1,1,1,2,1,1,1,1,1,1,1,1,1,1,1,1,1,1,1,2,1,1,1,1,1,1,1,1,2,1,1,
    1,1,1,1,1,1,1,1,1,1,1,1,1,1,1,1,1,1,1,1,1,1,1,1,1,1,1,1,1,2,1,1,1,1,
    1,1,1,1,1,1,1,1,1,1,1,1,1,1,1,1,1,1,1,1,1,1,1,1,1,1,1,1,1,1,2,1,1,1,
    1,1,1,1,1,1,1,1,1,1,1,1,1,1,1,1,1,1,1,1,1,1,1,1,1,1,1,1,1,1,1,1,1,1,
    1,1,1,1,1,1,1,1,1,1,1,1,1,1,1,1,1,1,1,1,1,1,1,1,1,1,1,1,1,1,1,1,1,1,
    1,1,1,1,1,1,1,1,1,1,1,1,1,1,1,1,1,1,3,1,1,2,1,1,1,1,1,1,1,1,1,1,1,1,
    1,1,1,1,2,1,1,1,1,1,1,1,2,1,1,1,1,1,1,1,1,1,1,1,1,1,1,1,2,1,1,1,2,4)
  ,(-0.329403341848,-0.327083676803,-0.324764011759,-0.322444346714,
    -0.320124681669,-0.317805016624,-0.31548535158,-0.313165686535,
    -0.31084602149,-0.308526356445,-0.3062066914,-0.303887026356,
    -0.301567361311,-0.299247696266,-0.296928031221,-0.294608366176,
    -0.292288701132,-0.28986916273,-0.287449624329,-0.285030085928,
    -0.282610547527,-0.280191009125,-0.277771470724,-0.275351932323,
    -0.272932393921,-0.27051285552,-0.268093317119,-0.265673778718,
    -0.263254240316,-0.260834701915,-0.258415163514,-0.255995625113,
    -0.253576086711,-0.250839738586,-0.248103390461,-0.245367042336,
    -0.242630694211,-0.241262520149,-0.239894346086,-0.237157997961,
    -0.234421649836,-0.231685301711,-0.229805718656,-0.227926135602,
    -0.226046552547,-0.224166969492,-0.222287386437,-0.220407803382,
    -0.218528220328,-0.216648637273,-0.214769054218,-0.212889471163,
    -0.211009888108,-0.209130305054,-0.207250721999,-0.205371138944,
    -0.203491555889,-0.201611972834,-0.19973238978,-0.197852806725,
    -0.19597322367,-0.194093640615,-0.19221405756,-0.190334474506,
    -0.188454891451,-0.186575308396,-0.184695725341,-0.182816142286,
    -0.180936559232,-0.179056976177,-0.177177393122,-0.175297810067,
    -0.173418227012,-0.171538643957,-0.170589227113,-0.169639810269,
    -0.16774097658,-0.165842142891,-0.163943309202,-0.162044475513,
    -0.160145641824,-0.15919622498,-0.158246808135,-0.156347974446,
    -0.154449140758,-0.152550307069,-0.15065147338,-0.148752639691,
    -0.146853806002,-0.144954972313,-0.143056138624,-0.141157304935,
    -0.139258471247,-0.137359637558,-0.135460803869,-0.13356197018,
    -0.131663136491,-0.129764302802,-0.127865469113,-0.125966635424,
    -0.124067801736,-0.122168968047,-0.121219551202,-0.120270134358,
    -0.118371300669,-0.11647246698,-0.114573633291,-0.112674799602,
    -0.110775965913,-0.109094840748,-0.107413715584,-0.106573153001,
    -0.105732590419,-0.104051465254,-0.103841324608,-0.103631183962,
    -0.103421043317,-0.103210902671,-0.103000762026,-0.10279062138,
    -0.102370340089,-0.101529777506,-0.100689214924,-9.984865234123E-02,
    -9.942837105E-02,-9.900808975876E-02,-9.890301943595E-02,
    -9.879794911314E-02,-9.858780846752E-02,-9.816752717628E-02,
    -9.806245685347E-02,-9.800992169206E-02,-9.795738653066E-02,
    -9.785231620785E-02,-9.779978104644E-02,-9.774724588504E-02,
    -9.764217556223E-02,-9.753710523942E-02,-9.73269645938E-02,
    -9.564583942884E-02,-9.396471426389E-02,-9.312415168141E-02,
    -9.291401103579E-02,-9.270387039017E-02,-9.228358909893E-02,
    -9.207344845331E-02,-9.186330780769E-02,-9.165316716207E-02,
    -9.144302651646E-02,-9.123288587084E-02,-9.102274522522E-02,
    -9.060246393398E-02,-9.039232328836E-02,-9.018218264274E-02,
    -8.997204199712E-02,-8.97619013515E-02,-8.965683102869E-02,
    -8.960429586728E-02,-8.955176070588E-02,-8.934162006026E-02,
    -8.892133876902E-02,-8.87111981234E-02,-8.86849305427E-02,
    -8.8658662962E-02,-8.860612780059E-02,-8.855359263919E-02,
    -8.850105747778E-02,-8.829091683216E-02,-8.808077618654E-02,
    -8.802824102514E-02,-8.797570586373E-02,-8.787063554092E-02,
    -8.784436796022E-02,-8.781810037952E-02,-8.776556521811E-02,
    -8.771303005671E-02,-8.76604948953E-02,-8.76079597339E-02,
    -8.755542457249E-02,-8.745035424969E-02,-8.742408666898E-02,
    -8.741095287863E-02,-8.740438598346E-02,-8.739781908828E-02,
    -8.737155150758E-02,-8.734528392688E-02,-8.729274876547E-02,
    -8.728946531788E-02,-8.728618187029E-02,-8.727961497512E-02,
    -8.726648118477E-02,-8.725334739442E-02,-8.725170567062E-02,
    -8.725006394683E-02,-8.724842222303E-02,-8.724678049924E-02,
    -8.724349705165E-02,-8.724185532786E-02,-8.724021360407E-02,
    -8.555908843911E-02,-8.471852585663E-02,-8.387796327415E-02,
    -8.174590098337E-02,-7.961383869258E-02,-7.748177640179E-02,
    -7.5349714111E-02,-7.428368296561E-02,-7.321765182021E-02,
    -7.108558952942E-02,-6.895352723864E-02,-6.682146494785E-02,
    -6.468940265706E-02,-6.255734036627E-02,-6.042527807548E-02,
    -5.82932157847E-02,-5.616115349391E-02,-5.402909120312E-02,
    -5.189702891233E-02,-4.976496662154E-02,-4.838112361108E-02,
    -4.699728060061E-02,-4.561343759014E-02,-4.422959457967E-02,
    -4.28457515692E-02,-4.146190855874E-02,-4.007806554827E-02,
    -3.86942225378E-02,-3.705510456205E-02,-3.541598658631E-02,
    -3.377686861056E-02,-3.213775063481E-02,-3.049863265907E-02,
    -2.885951468332E-02,-2.722039670757E-02,-2.558127873182E-02,
    -2.394216075608E-02,-2.230304278033E-02,-2.066392480458E-02,
    -1.902480682884E-02,-1.738568885309E-02,-1.574657087734E-02,
    -1.410745290159E-02,-1.246833492585E-02,-9.865215488748E-03,
    -7.26209605165E-03,-4.658976614552E-03,-2.055857177453E-03,0.),
  .UNSPECIFIED.);
#1190 = CARTESIAN_POINT('',(-493.0000206484,79.300864459383,
    20.558713430484));
#1191 = CARTESIAN_POINT('',(-493.0000206488,79.230483744263,
    20.554822008792));
#1192 = CARTESIAN_POINT('',(-493.0000206548,79.089424598447,
    20.546894898282));
#1193 = CARTESIAN_POINT('',(-493.0000206603,78.877115506705,
    20.534575989559));
#1194 = CARTESIAN_POINT('',(-493.0000206674,78.66409199398,
    20.521818981351));
#1195 = CARTESIAN_POINT('',(-493.0000206737,78.450408808436,
    20.508618643114));
#1196 = CARTESIAN_POINT('',(-493.0000206807,78.236096633381,
    20.494967951852));
#1197 = CARTESIAN_POINT('',(-493.0000206847,78.021217900341,
    20.480863031868));
#1198 = CARTESIAN_POINT('',(-493.0000206926,77.80576309674,
    20.466294008303));
#1199 = CARTESIAN_POINT('',(-493.0000206991,77.589805386643,
    20.451258676785));
#1200 = CARTESIAN_POINT('',(-493.0000207057,77.373371457035,
    20.435751104814));
#1201 = CARTESIAN_POINT('',(-493.0000207139,77.156487188063,
    20.419765683191));
#1202 = CARTESIAN_POINT('',(-493.0000207181,76.939224550964,
    20.40330126591));
#1203 = CARTESIAN_POINT('',(-493.0000207255,76.721570892601,
    20.386349659903));
#1204 = CARTESIAN_POINT('',(-493.0000207325,76.503584192069,
    20.368909322699));
#1205 = CARTESIAN_POINT('',(-493.0000207401,76.285292816586,
    20.350976535372));
#1206 = CARTESIAN_POINT('',(-493.0000207468,76.066739510163,
    20.332549292618));
#1207 = CARTESIAN_POINT('',(-493.0000207527,75.920872394464,
    20.319932135927));
#1208 = CARTESIAN_POINT('',(-493.000020757,75.771807848071,
    20.306874347414));
#1209 = CARTESIAN_POINT('',(-493.0000207634,75.619516388916,
    20.293359215359));
#1210 = CARTESIAN_POINT('',(-493.0000207709,75.390914404158,
    20.272543174538));
#1211 = CARTESIAN_POINT('',(-493.0000207795,75.162163620063,
    20.251180807516));
#1212 = CARTESIAN_POINT('',(-493.0000207877,74.933312149941,
    20.229272584598));
#1213 = CARTESIAN_POINT('',(-493.0000207964,74.704390263883,
    20.206817925683));
#1214 = CARTESIAN_POINT('',(-493.0000208018,74.475464585145,
    20.183820216584));
#1215 = CARTESIAN_POINT('',(-493.0000208118,74.246513724433,
    20.160275366058));
#1216 = CARTESIAN_POINT('',(-493.0000208202,74.017629833891,
    20.136190704843));
#1217 = CARTESIAN_POINT('',(-493.0000208288,73.788813140186,
    20.111564268613));
#1218 = CARTESIAN_POINT('',(-493.0000208392,73.560151824074,
    20.086406635311));
#1219 = CARTESIAN_POINT('',(-493.0000208449,73.33159154563,
    20.060707169756));
#1220 = CARTESIAN_POINT('',(-493.0000208545,73.10342749782,
    20.034507705904));
#1221 = CARTESIAN_POINT('',(-493.0000208636,72.875020177336,
    20.007720846224));
#1222 = CARTESIAN_POINT('',(-493.0000208735,72.647996606837,
    19.980566646818));
#1223 = CARTESIAN_POINT('',(-493.0000208824,72.418796628903,
    19.952566633025));
#1224 = CARTESIAN_POINT('',(-493.0000208899,72.270699248374,
    19.934166558946));
#1225 = CARTESIAN_POINT('',(-493.0000208963,72.098076010495,
    19.912370102236));
#1226 = CARTESIAN_POINT('',(-493.0000209063,71.915004614547,
    19.889007378428));
#1227 = CARTESIAN_POINT('',(-493.0000209174,71.641955047765,
    19.853430219421));
#1228 = CARTESIAN_POINT('',(-493.0000209316,71.370245505094,
    19.817299654475));
#1229 = CARTESIAN_POINT('',(-493.0000209405,71.145041199042,
    19.786747556743));
#1230 = CARTESIAN_POINT('',(-493.0000209443,70.965607574015,
    19.762042600455));
#1231 = CARTESIAN_POINT('',(-493.0000209501,70.786644067089,
    19.737162342566));
#1232 = CARTESIAN_POINT('',(-493.0000209632,70.563809940461,
    19.705734731664));
#1233 = CARTESIAN_POINT('',(-493.0000209749,70.297885002206,
    19.667512060081));
#1234 = CARTESIAN_POINT('',(-493.0000209863,70.121560736139,
    19.641693963525));
#1235 = CARTESIAN_POINT('',(-493.0000209922,69.973273906235,
    19.619780231003));
#1236 = CARTESIAN_POINT('',(-493.0000209978,69.85273524627,
    19.60185563765));
#1237 = CARTESIAN_POINT('',(-493.0000210049,69.672621457919,
    19.574738067567));
#1238 = CARTESIAN_POINT('',(-493.0000210128,69.493195912659,
    19.547392120252));
#1239 = CARTESIAN_POINT('',(-493.0000210204,69.314466302561,
    19.519821081579));
#1240 = CARTESIAN_POINT('',(-493.0000210282,69.136434112209,
    19.492027813592));
#1241 = CARTESIAN_POINT('',(-493.0000210361,68.959103566901,
    19.464015388114));
#1242 = CARTESIAN_POINT('',(-493.0000210441,68.782477624684,
    19.435786802678));
#1243 = CARTESIAN_POINT('',(-493.0000210522,68.606559787572,
    19.407345108428));
#1244 = CARTESIAN_POINT('',(-493.0000210603,68.431353244028,
    19.378693349504));
#1245 = CARTESIAN_POINT('',(-493.0000210686,68.256861360992,
    19.349834596865));
#1246 = CARTESIAN_POINT('',(-493.000021077,68.083087218863,
    19.320771916895));
#1247 = CARTESIAN_POINT('',(-493.0000210854,67.910034381793,
    19.291508421256));
#1248 = CARTESIAN_POINT('',(-493.0000210941,67.737704952865,
    19.262047151722));
#1249 = CARTESIAN_POINT('',(-493.0000210999,67.566112629018,
    19.232391629278));
#1250 = CARTESIAN_POINT('',(-493.0000211098,67.395238430234,
    19.202544200824));
#1251 = CARTESIAN_POINT('',(-493.0000211184,67.225102601425,
    19.172508594931));
#1252 = CARTESIAN_POINT('',(-493.0000211271,67.055703199634,
    19.142287718379));
#1253 = CARTESIAN_POINT('',(-493.0000211374,66.887039809023,
    19.11188479235));
#1254 = CARTESIAN_POINT('',(-493.0000211435,66.719129937969,
    19.081303059021));
#1255 = CARTESIAN_POINT('',(-493.000021153,66.551958070577,
    19.050545622302));
#1256 = CARTESIAN_POINT('',(-493.0000211624,66.385535587956,
    19.019615663291));
#1257 = CARTESIAN_POINT('',(-493.000021172,66.219864778337,
    18.988516404541));
#1258 = CARTESIAN_POINT('',(-493.0000211816,66.054948756184,
    18.957251046441));
#1259 = CARTESIAN_POINT('',(-493.0000211914,65.890790324737,
    18.925822810323));
#1260 = CARTESIAN_POINT('',(-493.0000212013,65.727392452389,
    18.894234929516));
#1261 = CARTESIAN_POINT('',(-493.0000212113,65.564757839775,
    18.862490627322));
#1262 = CARTESIAN_POINT('',(-493.0000212214,65.402889617574,
    18.830593184023));
#1263 = CARTESIAN_POINT('',(-493.0000212317,65.241789904214,
    18.798545777725));
#1264 = CARTESIAN_POINT('',(-493.0000212418,65.081462982359,
    18.766351843727));
#1265 = CARTESIAN_POINT('',(-493.0000212527,64.921908205156,
    18.734014266567));
#1266 = CARTESIAN_POINT('',(-493.0000212623,64.763135948277,
    18.701537203828));
#1267 = CARTESIAN_POINT('',(-493.000021271,64.657798654597,
    18.679793494843));
#1268 = CARTESIAN_POINT('',(-493.0000212748,64.578740497804,
    18.663399524274));
#1269 = CARTESIAN_POINT('',(-493.0000212775,64.525655931385,
    18.652364879687));
#1270 = CARTESIAN_POINT('',(-493.0000212817,64.42018100638,18.6303469612
    ));
#1271 = CARTESIAN_POINT('',(-493.0000212927,64.28687716782,
    18.602301296416));
#1272 = CARTESIAN_POINT('',(-493.0000213033,64.123734691014,
    18.567592550446));
#1273 = CARTESIAN_POINT('',(-493.0000213157,63.95798230435,
    18.531939118534));
#1274 = CARTESIAN_POINT('',(-493.0000213267,63.789651948385,
    18.495327172804));
#1275 = CARTESIAN_POINT('',(-493.0000213384,63.64744948701,
    18.464054212415));
#1276 = CARTESIAN_POINT('',(-493.0000213435,63.53261212863,
    18.438585405906));
#1277 = CARTESIAN_POINT('',(-493.0000213485,63.417094105282,
    18.412822834729));
#1278 = CARTESIAN_POINT('',(-493.000021361,63.271469050228,
    18.380077105043));
#1279 = CARTESIAN_POINT('',(-493.0000213722,63.094955132858,
    18.339939357479));
#1280 = CARTESIAN_POINT('',(-493.0000213877,62.916855405709,
    18.298988356243));
#1281 = CARTESIAN_POINT('',(-493.0000213961,62.737359927111,
    18.257250669521));
#1282 = CARTESIAN_POINT('',(-493.0000214102,62.556640490907,
    18.214758875459));
#1283 = CARTESIAN_POINT('',(-493.0000214238,62.374877385291,
    18.171542247641));
#1284 = CARTESIAN_POINT('',(-493.0000214379,62.192244128463,
    18.127632388792));
#1285 = CARTESIAN_POINT('',(-493.0000214521,62.008911682714,
    18.083061467178));
#1286 = CARTESIAN_POINT('',(-493.0000214665,61.825047614323,
    18.037862516342));
#1287 = CARTESIAN_POINT('',(-493.0000214811,61.640816221341,
    17.992069293035));
#1288 = CARTESIAN_POINT('',(-493.0000214959,61.456378329433,
    17.945716291736));
#1289 = CARTESIAN_POINT('',(-493.0000215109,61.27189115519,
    17.898838720375));
#1290 = CARTESIAN_POINT('',(-493.0000215261,61.087508349776,
    17.851472405369));
#1291 = CARTESIAN_POINT('',(-493.0000215418,60.903379482313,
    17.803653969349));
#1292 = CARTESIAN_POINT('',(-493.000021552,60.719651919094,
    17.755418798751));
#1293 = CARTESIAN_POINT('',(-493.0000215701,60.536464935094,
    17.706808257971));
#1294 = CARTESIAN_POINT('',(-493.0000215855,60.353958493683,
    17.657857491707));
#1295 = CARTESIAN_POINT('',(-493.0000216013,60.172265577841,
    17.608605900943));
#1296 = CARTESIAN_POINT('',(-493.0000216168,60.021641042852,
    17.567345323963));
#1297 = CARTESIAN_POINT('',(-493.0000216237,59.901675974116,
    17.534223907842));
#1298 = CARTESIAN_POINT('',(-493.0000216305,59.782087411424,
    17.501034854708));
#1299 = CARTESIAN_POINT('',(-493.0000216469,59.63334567979,
    17.459436547567));
#1300 = CARTESIAN_POINT('',(-493.0000216628,59.45616237205,
    17.409374219453));
#1301 = CARTESIAN_POINT('',(-493.0000216813,59.280398672051,
    17.359209537515));
#1302 = CARTESIAN_POINT('',(-493.0000216972,59.106162218304,
    17.308981001595));
#1303 = CARTESIAN_POINT('',(-493.0000217114,58.99109260623,17.2754812119
    ));
#1304 = CARTESIAN_POINT('',(-493.0000217206,58.88316278396,
    17.243906008659));
#1305 = CARTESIAN_POINT('',(-493.0000217312,58.782250706499,
    17.214256433891));
#1306 = CARTESIAN_POINT('',(-493.000021744,58.65730049127,
    17.177229559595));
#1307 = CARTESIAN_POINT('',(-493.0000217508,58.558085207289,
    17.147641926654));
#1308 = CARTESIAN_POINT('',(-493.0000217555,58.459376615364,
    17.118081576363));
#1309 = CARTESIAN_POINT('',(-493.0000217687,58.37980859098,
    17.094106589339));
#1310 = CARTESIAN_POINT('',(-493.0000217713,58.318977794143,
    17.075691118984));
#1311 = CARTESIAN_POINT('',(-493.000021772,58.300753791554,
    17.070168459768));
#1312 = CARTESIAN_POINT('',(-493.0000217728,58.28255517131,
    17.064647881299));
#1313 = CARTESIAN_POINT('',(-493.0000217735,58.264382026869,
    17.05912941591));
#1314 = CARTESIAN_POINT('',(-493.0000217742,58.246234465969,
    17.053613120658));
#1315 = CARTESIAN_POINT('',(-493.0000217751,58.222071949288,
    17.046260996004));
#1316 = CARTESIAN_POINT('',(-493.0000217773,58.179878074644,
    17.033402968879));
#1317 = CARTESIAN_POINT('',(-493.0000217822,58.119861981688,
    17.015058848944));
#1318 = CARTESIAN_POINT('',(-493.0000217869,58.048265036547,
    16.993087030569));
#1319 = CARTESIAN_POINT('',(-493.000021792,57.988959270603,
    16.974815092294));
#1320 = CARTESIAN_POINT('',(-493.0000217942,57.941731650093,
    16.960221012455));
#1321 = CARTESIAN_POINT('',(-493.0000217959,57.91524858701,
    16.952021378731));
#1322 = CARTESIAN_POINT('',(-493.0000217965,57.897627507662,
    16.94655882212));
#1323 = CARTESIAN_POINT('',(-493.000021797,57.885889353205,
    16.942918211156));
#1324 = CARTESIAN_POINT('',(-493.0000217978,57.865371828534,
    16.936550016571));
#1325 = CARTESIAN_POINT('',(-493.0000217992,57.84490332244,
    16.930187916814));
#1326 = CARTESIAN_POINT('',(-493.0000217998,57.828852690614,
    16.925192849538));
#1327 = CARTESIAN_POINT('',(-493.0000218,57.823019597532,16.923376891903
    ));
#1328 = CARTESIAN_POINT('',(-493.0000218002,57.817188838133,
    16.921561221113));
#1329 = CARTESIAN_POINT('',(-493.0000218004,57.811361613174,
    16.919746003003));
#1330 = CARTESIAN_POINT('',(-493.0000218006,57.805537881601,
    16.917931209699));
#1331 = CARTESIAN_POINT('',(-493.0000218008,57.799716494151,
    16.916116709805));
#1332 = CARTESIAN_POINT('',(-493.0000218011,57.792444199628,
    16.913849162146));
#1333 = CARTESIAN_POINT('',(-493.0000218015,57.780817860766,
    16.910222230897));
#1334 = CARTESIAN_POINT('',(-493.0000218047,57.725660808284,
    16.893003416616));
#1335 = CARTESIAN_POINT('',(-493.0000218216,57.627688816587,
    16.862288108222));
#1336 = CARTESIAN_POINT('',(-493.0000218376,57.513975002902,
    16.826367648949));
#1337 = CARTESIAN_POINT('',(-493.0000218449,57.440831575327,
    16.803134405188));
#1338 = CARTESIAN_POINT('',(-493.0000218465,57.407222095014,
    16.792434083318));
#1339 = CARTESIAN_POINT('',(-493.0000218473,57.384855713551,
    16.785306718189));
#1340 = CARTESIAN_POINT('',(-493.0000218491,57.362550404739,
    16.778189306707));
#1341 = CARTESIAN_POINT('',(-493.00002185,57.340305124695,
    16.771081284324));
#1342 = CARTESIAN_POINT('',(-493.0000218509,57.323651677232,
    16.765755252564));
#1343 = CARTESIAN_POINT('',(-493.0000218516,57.307028676105,
    16.760434175697));
#1344 = CARTESIAN_POINT('',(-493.0000218524,57.290436233301,
    16.755118126551));
#1345 = CARTESIAN_POINT('',(-493.0000218532,57.273874455608,
    16.749807171928));
#1346 = CARTESIAN_POINT('',(-493.0000218542,57.251832890725,
    16.742732664224));
#1347 = CARTESIAN_POINT('',(-493.000021856,57.229853533763,
    16.735668858794));
#1348 = CARTESIAN_POINT('',(-493.0000218569,57.207935339911,
    16.728615248636));
#1349 = CARTESIAN_POINT('',(-493.0000218578,57.191527791888,
    16.723330424386));
#1350 = CARTESIAN_POINT('',(-493.0000218585,57.175151231886,
    16.718050938535));
#1351 = CARTESIAN_POINT('',(-493.0000218592,57.161530098382,
    16.713655918949));
#1352 = CARTESIAN_POINT('',(-493.0000218596,57.152008860835,
    16.710581752567));
#1353 = CARTESIAN_POINT('',(-493.0000218598,57.14657203543,
    16.708825762285));
#1354 = CARTESIAN_POINT('',(-493.0000218601,57.138420718363,
    16.706192473291));
#1355 = CARTESIAN_POINT('',(-493.000021861,57.120780822335,
    16.700490815745));
#1356 = CARTESIAN_POINT('',(-493.0000218628,57.099133477849,
    16.693484852232));
#1357 = CARTESIAN_POINT('',(-493.0000218636,57.082270143703,
    16.688020049825));
#1358 = CARTESIAN_POINT('',(-493.0000218639,57.075532138069,
    16.685835439002));
#1359 = CARTESIAN_POINT('',(-493.0000218639,57.072837582963,
    16.684961709063));
#1360 = CARTESIAN_POINT('',(-493.0000218641,57.069470637199,
    16.683869778285));
#1361 = CARTESIAN_POINT('',(-493.0000218642,57.065432264352,
    16.682559815189));
#1362 = CARTESIAN_POINT('',(-493.0000218645,57.057359479325,
    16.679940614893));
#1363 = CARTESIAN_POINT('',(-493.0000218652,57.045265282143,
    16.676014600217));
#1364 = CARTESIAN_POINT('',(-493.0000218659,57.03319482417,
    16.672092945111));
#1365 = CARTESIAN_POINT('',(-493.0000218662,57.025157647888,
    16.66948028541));
#1366 = CARTESIAN_POINT('',(-493.0000218664,57.019802156291,
    16.667738993078));
#1367 = CARTESIAN_POINT('',(-493.0000218666,57.015119637253,
    16.666216036067));
#1368 = CARTESIAN_POINT('',(-493.0000218667,57.011108475248,
    16.664911079333));
#1369 = CARTESIAN_POINT('',(-493.0000218668,57.008435030887,
    16.664041232104));
#1370 = CARTESIAN_POINT('',(-493.000021867,57.005094477938,
    16.662954159298));
#1371 = CARTESIAN_POINT('',(-493.0000218671,57.001087798769,
    16.661650041075));
#1372 = CARTESIAN_POINT('',(-493.0000218673,56.997083108196,
    16.660346294293));
#1373 = CARTESIAN_POINT('',(-493.0000218674,56.993080412618,
    16.65904292214));
#1374 = CARTESIAN_POINT('',(-493.0000218676,56.98774612252,
    16.657305582256));
#1375 = CARTESIAN_POINT('',(-493.0000218678,56.983082173562,
    16.65578609549));
#1376 = CARTESIAN_POINT('',(-493.000021868,56.979419869916,
    16.65459261731));
#1377 = CARTESIAN_POINT('',(-493.000021868,56.978254809157,
    16.654212915148));
#1378 = CARTESIAN_POINT('',(-493.000021868,56.977589121845,
    16.653995953944));
#1379 = CARTESIAN_POINT('',(-493.0000218681,56.976590653148,
    16.653670523865));
#1380 = CARTESIAN_POINT('',(-493.0000218681,56.975093189592,
    16.653182425361));
#1381 = CARTESIAN_POINT('',(-493.0000218682,56.972431687622,
    16.652314815939));
#1382 = CARTESIAN_POINT('',(-493.0000218683,56.970353189323,
    16.651637152353));
#1383 = CARTESIAN_POINT('',(-493.0000218683,56.968857053321,
    16.651149303206));
#1384 = CARTESIAN_POINT('',(-493.0000218684,56.96852458924,
    16.651040894299));
#1385 = CARTESIAN_POINT('',(-493.0000218684,56.967942801961,
    16.650851183012));
#1386 = CARTESIAN_POINT('',(-493.0000218684,56.967111768022,
    16.650580186367));
#1387 = CARTESIAN_POINT('',(-493.0000218684,56.966405454272,
    16.650349847384));
#1388 = CARTESIAN_POINT('',(-493.0000218684,56.965990032182,
    16.650214369434));
#1389 = CARTESIAN_POINT('',(-493.0000218684,56.965865378876,
    16.650173715864));
#1390 = CARTESIAN_POINT('',(-493.0000218684,56.965740806884,
    16.650133091918));
#1391 = CARTESIAN_POINT('',(-493.0000218685,56.96557446991,
    16.650078837357));
#1392 = CARTESIAN_POINT('',(-493.0000218685,56.965408856335,
    16.650024848767));
#1393 = CARTESIAN_POINT('',(-493.0000218685,56.965241871242,
    16.64997035389));
#1394 = CARTESIAN_POINT('',(-493.0000218685,56.965159785951,
    16.649943624976));
#1395 = CARTESIAN_POINT('',(-493.0000218685,56.965118732982,
    16.649930256659));
#1396 = CARTESIAN_POINT('',(-493.0000218686,56.923080492319,
    16.636241100355));
#1397 = CARTESIAN_POINT('',(-493.0000218531,56.843785544594,
    16.609635857347));
#1398 = CARTESIAN_POINT('',(-493.0000218526,56.789471998493,
    16.592918913618));
#1399 = CARTESIAN_POINT('',(-493.000021855,56.688120833038,
    16.557217909605));
#1400 = CARTESIAN_POINT('',(-493.0000218542,56.547221116247,
    16.507832469105));
#1401 = CARTESIAN_POINT('',(-493.0000218356,56.354574063482,
    16.439677368998));
#1402 = CARTESIAN_POINT('',(-493.0000218202,56.072330753852,
    16.33745937139));
#1403 = CARTESIAN_POINT('',(-493.0000218031,55.800644600623,
    16.236791214685));
#1404 = CARTESIAN_POINT('',(-493.0000217832,55.581471143297,
    16.153685645953));
#1405 = CARTESIAN_POINT('',(-493.0000217826,55.410746625985,
    16.087822198143));
#1406 = CARTESIAN_POINT('',(-493.0000217775,55.24292478153,
    16.022324803784));
#1407 = CARTESIAN_POINT('',(-493.0000217728,55.038614928595,
    15.941178235456));
#1408 = CARTESIAN_POINT('',(-493.0000217558,54.801922737603,
    15.844959561314));
#1409 = CARTESIAN_POINT('',(-493.0000217372,54.573474500791,
    15.749905565591));
#1410 = CARTESIAN_POINT('',(-493.0000217227,54.353012635822,
    15.656015758917));
#1411 = CARTESIAN_POINT('',(-493.0000216995,54.140318768733,
    15.563305751258));
#1412 = CARTESIAN_POINT('',(-493.0000216962,53.935110935489,
    15.471764252402));
#1413 = CARTESIAN_POINT('',(-493.000021678,53.737197701687,
    15.381418572345));
#1414 = CARTESIAN_POINT('',(-493.0000216619,53.546314640848,
    15.292264854196));
#1415 = CARTESIAN_POINT('',(-493.0000216436,53.362227679895,
    15.204312202731));
#1416 = CARTESIAN_POINT('',(-493.0000216299,53.18468673771,
    15.117562889787));
#1417 = CARTESIAN_POINT('',(-493.0000216138,53.070543685827,
    15.060542429206));
#1418 = CARTESIAN_POINT('',(-493.0000216093,52.978085802404,
    15.013857099469));
#1419 = CARTESIAN_POINT('',(-493.0000216057,52.906158174911,
    14.977278368979));
#1420 = CARTESIAN_POINT('',(-493.0000215988,52.800765694261,
    14.922927253544));
#1421 = CARTESIAN_POINT('',(-493.0000215989,52.697794665416,
    14.869089801059));
#1422 = CARTESIAN_POINT('',(-493.0000215935,52.597196647723,
    14.815775128257));
#1423 = CARTESIAN_POINT('',(-493.0000215882,52.49889832196,
    14.762981710773));
#1424 = CARTESIAN_POINT('',(-493.0000215882,52.402826544303,
    14.710708099756));
#1425 = CARTESIAN_POINT('',(-493.0000215815,52.308932359467,
    14.658963193216));
#1426 = CARTESIAN_POINT('',(-493.0000215776,52.247737045004,
    14.624817170511));
#1427 = CARTESIAN_POINT('',(-493.0000215748,52.18163703939,
    14.587713177283));
#1428 = CARTESIAN_POINT('',(-493.0000215668,52.110880349975,
    14.547713514548));
#1429 = CARTESIAN_POINT('',(-493.0000215602,52.007344292908,
    14.488355903957));
#1430 = CARTESIAN_POINT('',(-493.0000215511,51.906269658409,
    14.429585943579));
#1431 = CARTESIAN_POINT('',(-493.0000215432,51.807503095023,
    14.371342644104));
#1432 = CARTESIAN_POINT('',(-493.0000215343,51.710899427333,
    14.313568514441));
#1433 = CARTESIAN_POINT('',(-493.0000215333,51.616297788533,
    14.256199352665));
#1434 = CARTESIAN_POINT('',(-493.0000215221,51.523575055875,
    14.199187102477));
#1435 = CARTESIAN_POINT('',(-493.0000215147,51.432563416901,
    14.14246459306));
#1436 = CARTESIAN_POINT('',(-493.0000215073,51.343119833893,
    14.085975251745));
#1437 = CARTESIAN_POINT('',(-493.0000214962,51.25510099675,
    14.029662390397));
#1438 = CARTESIAN_POINT('',(-493.0000214951,51.168339555472,
    13.973459039107));
#1439 = CARTESIAN_POINT('',(-493.0000214865,51.082711704957,
    13.917316854896));
#1440 = CARTESIAN_POINT('',(-493.0000214787,50.998057212819,
    13.861171914461));
#1441 = CARTESIAN_POINT('',(-493.0000214701,50.914230117878,
    13.804966399916));
#1442 = CARTESIAN_POINT('',(-493.0000214632,50.831078711507,
    13.74864003606));
#1443 = CARTESIAN_POINT('',(-493.0000214564,50.776000467527,
    13.710971246702));
#1444 = CARTESIAN_POINT('',(-493.0000214488,50.704888802612,
    13.66212241802));
#1445 = CARTESIAN_POINT('',(-493.0000214299,50.605263239819,
    13.591417601211));
#1446 = CARTESIAN_POINT('',(-493.0000214222,50.426126164236,
    13.457967054039));
#1447 = CARTESIAN_POINT('',(-493.0000214175,50.224747779294,
    13.30203632345));
#1448 = CARTESIAN_POINT('',(-493.0000214021,50.08064301373,
    13.186372605912));
#1449 = CARTESIAN_POINT('',(-493.0000214021,49.949468174776,
    13.07907861028));
#1450 = CARTESIAN_POINT('',(-493.0000214012,49.891673251344,
    13.031222303639));
#1451 = CARTESIAN_POINT('',(-493.0000214061,49.833502277956,
    12.982256666265));
#1452 = PCURVE('',#742,#1453);
#1453 = DEFINITIONAL_REPRESENTATION('',(#1454),#1458);
#1454 = LINE('',#1455,#1456);
#1455 = CARTESIAN_POINT('',(0.,-4.99));
#1456 = VECTOR('',#1457,1.);
#1457 = DIRECTION('',(1.,0.));
#1458 = ( GEOMETRIC_REPRESENTATION_CONTEXT(2) 
PARAMETRIC_REPRESENTATION_CONTEXT() REPRESENTATION_CONTEXT('2D SPACE',''
  ) );
#1459 = PCURVE('',#66,#1460);
#1460 = DEFINITIONAL_REPRESENTATION('',(#1461),#1724);
#1461 = B_SPLINE_CURVE_WITH_KNOTS('',3,(#1462,#1463,#1464,#1465,#1466,
    #1467,#1468,#1469,#1470,#1471,#1472,#1473,#1474,#1475,#1476,#1477,
    #1478,#1479,#1480,#1481,#1482,#1483,#1484,#1485,#1486,#1487,#1488,
    #1489,#1490,#1491,#1492,#1493,#1494,#1495,#1496,#1497,#1498,#1499,
    #1500,#1501,#1502,#1503,#1504,#1505,#1506,#1507,#1508,#1509,#1510,
    #1511,#1512,#1513,#1514,#1515,#1516,#1517,#1518,#1519,#1520,#1521,
    #1522,#1523,#1524,#1525,#1526,#1527,#1528,#1529,#1530,#1531,#1532,
    #1533,#1534,#1535,#1536,#1537,#1538,#1539,#1540,#1541,#1542,#1543,
    #1544,#1545,#1546,#1547,#1548,#1549,#1550,#1551,#1552,#1553,#1554,
    #1555,#1556,#1557,#1558,#1559,#1560,#1561,#1562,#1563,#1564,#1565,
    #1566,#1567,#1568,#1569,#1570,#1571,#1572,#1573,#1574,#1575,#1576,
    #1577,#1578,#1579,#1580,#1581,#1582,#1583,#1584,#1585,#1586,#1587,
    #1588,#1589,#1590,#1591,#1592,#1593,#1594,#1595,#1596,#1597,#1598,
    #1599,#1600,#1601,#1602,#1603,#1604,#1605,#1606,#1607,#1608,#1609,
    #1610,#1611,#1612,#1613,#1614,#1615,#1616,#1617,#1618,#1619,#1620,
    #1621,#1622,#1623,#1624,#1625,#1626,#1627,#1628,#1629,#1630,#1631,
    #1632,#1633,#1634,#1635,#1636,#1637,#1638,#1639,#1640,#1641,#1642,
    #1643,#1644,#1645,#1646,#1647,#1648,#1649,#1650,#1651,#1652,#1653,
    #1654,#1655,#1656,#1657,#1658,#1659,#1660,#1661,#1662,#1663,#1664,
    #1665,#1666,#1667,#1668,#1669,#1670,#1671,#1672,#1673,#1674,#1675,
    #1676,#1677,#1678,#1679,#1680,#1681,#1682,#1683,#1684,#1685,#1686,
    #1687,#1688,#1689,#1690,#1691,#1692,#1693,#1694,#1695,#1696,#1697,
    #1698,#1699,#1700,#1701,#1702,#1703,#1704,#1705,#1706,#1707,#1708,
    #1709,#1710,#1711,#1712,#1713,#1714,#1715,#1716,#1717,#1718,#1719,
    #1720,#1721,#1722,#1723),.UNSPECIFIED.,.F.,.F.,(4,1,1,1,1,1,1,1,1,1,
    1,1,1,1,1,1,2,1,1,1,1,1,1,1,1,1,1,1,1,1,1,1,2,1,1,1,1,1,1,1,1,2,1,1,
    1,1,1,1,1,1,1,1,1,1,1,1,1,1,1,1,1,1,1,1,1,1,1,1,1,1,1,1,1,2,1,1,1,1,
    1,1,1,1,1,1,1,1,1,1,1,1,1,1,1,1,1,1,1,1,1,1,1,1,1,1,1,1,1,1,2,1,1,1,
    1,1,1,1,1,1,1,1,1,1,1,1,1,1,1,1,1,1,1,1,1,1,1,1,1,1,1,1,1,1,1,1,1,1,
    1,1,1,1,1,1,1,1,1,1,1,1,1,1,1,1,1,1,1,1,1,1,1,1,1,1,1,1,1,1,1,1,1,1,
    1,1,1,1,1,1,1,1,1,1,1,1,1,1,1,1,1,1,3,1,1,2,1,1,1,1,1,1,1,1,1,1,1,1,
    1,1,1,1,2,1,1,1,1,1,1,1,2,1,1,1,1,1,1,1,1,1,1,1,1,1,1,1,2,1,1,1,2,4)
  ,(-0.329403341848,-0.327083676803,-0.324764011759,-0.322444346714,
    -0.320124681669,-0.317805016624,-0.31548535158,-0.313165686535,
    -0.31084602149,-0.308526356445,-0.3062066914,-0.303887026356,
    -0.301567361311,-0.299247696266,-0.296928031221,-0.294608366176,
    -0.292288701132,-0.28986916273,-0.287449624329,-0.285030085928,
    -0.282610547527,-0.280191009125,-0.277771470724,-0.275351932323,
    -0.272932393921,-0.27051285552,-0.268093317119,-0.265673778718,
    -0.263254240316,-0.260834701915,-0.258415163514,-0.255995625113,
    -0.253576086711,-0.250839738586,-0.248103390461,-0.245367042336,
    -0.242630694211,-0.241262520149,-0.239894346086,-0.237157997961,
    -0.234421649836,-0.231685301711,-0.229805718656,-0.227926135602,
    -0.226046552547,-0.224166969492,-0.222287386437,-0.220407803382,
    -0.218528220328,-0.216648637273,-0.214769054218,-0.212889471163,
    -0.211009888108,-0.209130305054,-0.207250721999,-0.205371138944,
    -0.203491555889,-0.201611972834,-0.19973238978,-0.197852806725,
    -0.19597322367,-0.194093640615,-0.19221405756,-0.190334474506,
    -0.188454891451,-0.186575308396,-0.184695725341,-0.182816142286,
    -0.180936559232,-0.179056976177,-0.177177393122,-0.175297810067,
    -0.173418227012,-0.171538643957,-0.170589227113,-0.169639810269,
    -0.16774097658,-0.165842142891,-0.163943309202,-0.162044475513,
    -0.160145641824,-0.15919622498,-0.158246808135,-0.156347974446,
    -0.154449140758,-0.152550307069,-0.15065147338,-0.148752639691,
    -0.146853806002,-0.144954972313,-0.143056138624,-0.141157304935,
    -0.139258471247,-0.137359637558,-0.135460803869,-0.13356197018,
    -0.131663136491,-0.129764302802,-0.127865469113,-0.125966635424,
    -0.124067801736,-0.122168968047,-0.121219551202,-0.120270134358,
    -0.118371300669,-0.11647246698,-0.114573633291,-0.112674799602,
    -0.110775965913,-0.109094840748,-0.107413715584,-0.106573153001,
    -0.105732590419,-0.104051465254,-0.103841324608,-0.103631183962,
    -0.103421043317,-0.103210902671,-0.103000762026,-0.10279062138,
    -0.102370340089,-0.101529777506,-0.100689214924,-9.984865234123E-02,
    -9.942837105E-02,-9.900808975876E-02,-9.890301943595E-02,
    -9.879794911314E-02,-9.858780846752E-02,-9.816752717628E-02,
    -9.806245685347E-02,-9.800992169206E-02,-9.795738653066E-02,
    -9.785231620785E-02,-9.779978104644E-02,-9.774724588504E-02,
    -9.764217556223E-02,-9.753710523942E-02,-9.73269645938E-02,
    -9.564583942884E-02,-9.396471426389E-02,-9.312415168141E-02,
    -9.291401103579E-02,-9.270387039017E-02,-9.228358909893E-02,
    -9.207344845331E-02,-9.186330780769E-02,-9.165316716207E-02,
    -9.144302651646E-02,-9.123288587084E-02,-9.102274522522E-02,
    -9.060246393398E-02,-9.039232328836E-02,-9.018218264274E-02,
    -8.997204199712E-02,-8.97619013515E-02,-8.965683102869E-02,
    -8.960429586728E-02,-8.955176070588E-02,-8.934162006026E-02,
    -8.892133876902E-02,-8.87111981234E-02,-8.86849305427E-02,
    -8.8658662962E-02,-8.860612780059E-02,-8.855359263919E-02,
    -8.850105747778E-02,-8.829091683216E-02,-8.808077618654E-02,
    -8.802824102514E-02,-8.797570586373E-02,-8.787063554092E-02,
    -8.784436796022E-02,-8.781810037952E-02,-8.776556521811E-02,
    -8.771303005671E-02,-8.76604948953E-02,-8.76079597339E-02,
    -8.755542457249E-02,-8.745035424969E-02,-8.742408666898E-02,
    -8.741095287863E-02,-8.740438598346E-02,-8.739781908828E-02,
    -8.737155150758E-02,-8.734528392688E-02,-8.729274876547E-02,
    -8.728946531788E-02,-8.728618187029E-02,-8.727961497512E-02,
    -8.726648118477E-02,-8.725334739442E-02,-8.725170567062E-02,
    -8.725006394683E-02,-8.724842222303E-02,-8.724678049924E-02,
    -8.724349705165E-02,-8.724185532786E-02,-8.724021360407E-02,
    -8.555908843911E-02,-8.471852585663E-02,-8.387796327415E-02,
    -8.174590098337E-02,-7.961383869258E-02,-7.748177640179E-02,
    -7.5349714111E-02,-7.428368296561E-02,-7.321765182021E-02,
    -7.108558952942E-02,-6.895352723864E-02,-6.682146494785E-02,
    -6.468940265706E-02,-6.255734036627E-02,-6.042527807548E-02,
    -5.82932157847E-02,-5.616115349391E-02,-5.402909120312E-02,
    -5.189702891233E-02,-4.976496662154E-02,-4.838112361108E-02,
    -4.699728060061E-02,-4.561343759014E-02,-4.422959457967E-02,
    -4.28457515692E-02,-4.146190855874E-02,-4.007806554827E-02,
    -3.86942225378E-02,-3.705510456205E-02,-3.541598658631E-02,
    -3.377686861056E-02,-3.213775063481E-02,-3.049863265907E-02,
    -2.885951468332E-02,-2.722039670757E-02,-2.558127873182E-02,
    -2.394216075608E-02,-2.230304278033E-02,-2.066392480458E-02,
    -1.902480682884E-02,-1.738568885309E-02,-1.574657087734E-02,
    -1.410745290159E-02,-1.246833492585E-02,-9.865215488748E-03,
    -7.26209605165E-03,-4.658976614552E-03,-2.055857177453E-03,0.),
  .UNSPECIFIED.);
#1462 = CARTESIAN_POINT('',(-38.66500209922,6.795455397908));
#1463 = CARTESIAN_POINT('',(-38.73547574897,6.7940225983));
#1464 = CARTESIAN_POINT('',(-38.87672561753,6.791023209966));
#1465 = CARTESIAN_POINT('',(-39.08933530003,6.786121286037));
#1466 = CARTESIAN_POINT('',(-39.30267425775,6.780806462433));
#1467 = CARTESIAN_POINT('',(-39.51668795843,6.775071601115));
#1468 = CARTESIAN_POINT('',(-39.73134598255,6.768908612532));
#1469 = CARTESIAN_POINT('',(-39.94658607188,6.762311444519));
#1470 = CARTESIAN_POINT('',(-40.16241807783,6.755270560217));
#1471 = CARTESIAN_POINT('',(-40.37876895783,6.747781203208));
#1472 = CARTESIAN_POINT('',(-40.59561224819,6.739836513244));
#1473 = CARTESIAN_POINT('',(-40.8129222803,6.731429981338));
#1474 = CARTESIAN_POINT('',(-41.03062716674,6.722557950422));
#1475 = CARTESIAN_POINT('',(-41.2487398389,6.713212674008));
#1476 = CARTESIAN_POINT('',(-41.46720240681,6.703390587122));
#1477 = CARTESIAN_POINT('',(-41.68598665034,6.693086983104));
#1478 = CARTESIAN_POINT('',(-41.90504992149,6.682298366125));
#1479 = CARTESIAN_POINT('',(-42.0512685113,6.674779584388));
#1480 = CARTESIAN_POINT('',(-42.20069796185,6.666932027972));
#1481 = CARTESIAN_POINT('',(-42.35336832047,6.658740024247));
#1482 = CARTESIAN_POINT('',(-42.58255751642,6.645914758209));
#1483 = CARTESIAN_POINT('',(-42.81191448758,6.632548691799));
#1484 = CARTESIAN_POINT('',(-43.04139113352,6.618640615905));
#1485 = CARTESIAN_POINT('',(-43.27095722284,6.604188894369));
#1486 = CARTESIAN_POINT('',(-43.50054605472,6.589194585824));
#1487 = CARTESIAN_POINT('',(-43.73017914818,6.573654347993));
#1488 = CARTESIAN_POINT('',(-43.9597641514,6.557572291086));
#1489 = CARTESIAN_POINT('',(-44.18930090639,6.540946444063));
#1490 = CARTESIAN_POINT('',(-44.41870091694,6.523784300959));
#1491 = CARTESIAN_POINT('',(-44.64801886105,6.506077129508));
#1492 = CARTESIAN_POINT('',(-44.87695826559,6.487856436096));
#1493 = CARTESIAN_POINT('',(-45.10616129443,6.469057194775));
#1494 = CARTESIAN_POINT('',(-45.3339942362,6.449842545323));
#1495 = CARTESIAN_POINT('',(-45.56403177809,6.429858552256));
#1496 = CARTESIAN_POINT('',(-45.71268109502,6.416638211049));
#1497 = CARTESIAN_POINT('',(-45.88595986085,6.400879496272));
#1498 = CARTESIAN_POINT('',(-46.06973508196,6.383920103984));
#1499 = CARTESIAN_POINT('',(-46.34385993926,6.357893910076));
#1500 = CARTESIAN_POINT('',(-46.61666490235,6.331267881183));
#1501 = CARTESIAN_POINT('',(-46.84279827286,6.3085939119));
#1502 = CARTESIAN_POINT('',(-47.02298478231,6.290166148408));
#1503 = CARTESIAN_POINT('',(-47.20270757798,6.27154678322));
#1504 = CARTESIAN_POINT('',(-47.42650276789,6.247915116037));
#1505 = CARTESIAN_POINT('',(-47.69359966385,6.218996375179));
#1506 = CARTESIAN_POINT('',(-47.87071755652,6.199347634452));
#1507 = CARTESIAN_POINT('',(-48.01967883233,6.182622386915));
#1508 = CARTESIAN_POINT('',(-48.14076962268,6.168915451305));
#1509 = CARTESIAN_POINT('',(-48.32172008013,6.148100281076));
#1510 = CARTESIAN_POINT('',(-48.50199068399,6.127032853398));
#1511 = CARTESIAN_POINT('',(-48.68157363222,6.105716183696));
#1512 = CARTESIAN_POINT('',(-48.86046734123,6.084153080457));
#1513 = CARTESIAN_POINT('',(-49.03866748111,6.062346466173));
#1514 = CARTESIAN_POINT('',(-49.216170991,6.040299233316));
#1515 = CARTESIAN_POINT('',(-49.39297426454,6.018014308954));
#1516 = CARTESIAN_POINT('',(-49.56907400895,5.995494624096));
#1517 = CARTESIAN_POINT('',(-49.74446675219,5.972743130326));
#1518 = CARTESIAN_POINT('',(-49.91914930871,5.949762784656));
#1519 = CARTESIAN_POINT('',(-50.09311800794,5.926556572464));
#1520 = CARTESIAN_POINT('',(-50.26637064191,5.903127460276));
#1521 = CARTESIAN_POINT('',(-50.43889339916,5.879478488915));
#1522 = CARTESIAN_POINT('',(-50.61070516623,5.855612666245));
#1523 = CARTESIAN_POINT('',(-50.78178558042,5.831533012028));
#1524 = CARTESIAN_POINT('',(-50.95213648205,5.807242499082));
#1525 = CARTESIAN_POINT('',(-51.1217581743,5.782744361139));
#1526 = CARTESIAN_POINT('',(-51.2906330463,5.758041227366));
#1527 = CARTESIAN_POINT('',(-51.45877649617,5.733136741282));
#1528 = CARTESIAN_POINT('',(-51.62617703871,5.708033684849));
#1529 = CARTESIAN_POINT('',(-51.79283227463,5.682735198802));
#1530 = CARTESIAN_POINT('',(-51.95873897966,5.657244372884));
#1531 = CARTESIAN_POINT('',(-52.12389423985,5.631564328635));
#1532 = CARTESIAN_POINT('',(-52.28829497577,5.605698193819));
#1533 = CARTESIAN_POINT('',(-52.45193837594,5.579649095523));
#1534 = CARTESIAN_POINT('',(-52.61482119711,5.553420202772));
#1535 = CARTESIAN_POINT('',(-52.77694121123,5.527014617803));
#1536 = CARTESIAN_POINT('',(-52.93829401835,5.50043562436));
#1537 = CARTESIAN_POINT('',(-53.09888016426,5.473686127799));
#1538 = CARTESIAN_POINT('',(-53.25868913451,5.446769921065));
#1539 = CARTESIAN_POINT('',(-53.36472110406,5.428715676293));
#1540 = CARTESIAN_POINT('',(-53.44430324208,5.41509078237));
#1541 = CARTESIAN_POINT('',(-53.49774057436,5.405915484441));
#1542 = CARTESIAN_POINT('',(-53.60391966116,5.387592000473));
#1543 = CARTESIAN_POINT('',(-53.73812107421,5.364215657224));
#1544 = CARTESIAN_POINT('',(-53.9023754868,5.335221645216));
#1545 = CARTESIAN_POINT('',(-54.06927118841,5.305374607283));
#1546 = CARTESIAN_POINT('',(-54.23877674055,5.274659609264));
#1547 = CARTESIAN_POINT('',(-54.38198398661,5.248368493849));
#1548 = CARTESIAN_POINT('',(-54.4976402377,5.226922968259));
#1549 = CARTESIAN_POINT('',(-54.61398699136,5.20520761182));
#1550 = CARTESIAN_POINT('',(-54.76066614505,5.177564071076));
#1551 = CARTESIAN_POINT('',(-54.9384733221,5.143611021221));
#1552 = CARTESIAN_POINT('',(-55.11789372504,5.108900557068));
#1553 = CARTESIAN_POINT('',(-55.2987364841,5.073452597681));
#1554 = CARTESIAN_POINT('',(-55.48082877313,5.03729370584));
#1555 = CARTESIAN_POINT('',(-55.66398939214,5.000446845329));
#1556 = CARTESIAN_POINT('',(-55.84804382569,4.962937543924));
#1557 = CARTESIAN_POINT('',(-56.032820093,4.924791983797));
#1558 = CARTESIAN_POINT('',(-56.21814957701,4.886037330389));
#1559 = CARTESIAN_POINT('',(-56.40386690165,4.846701585968));
#1560 = CARTESIAN_POINT('',(-56.58981013539,4.806813611265));
#1561 = CARTESIAN_POINT('',(-56.77582092868,4.766403105983));
#1562 = CARTESIAN_POINT('',(-56.96174447362,4.725500512366));
#1563 = CARTESIAN_POINT('',(-57.14743001411,4.684137210848));
#1564 = CARTESIAN_POINT('',(-57.33272903864,4.6423434233));
#1565 = CARTESIAN_POINT('',(-57.51750091348,4.600155628292));
#1566 = CARTESIAN_POINT('',(-57.70160453401,4.557604064462));
#1567 = CARTESIAN_POINT('',(-57.88490562316,4.514723467754));
#1568 = CARTESIAN_POINT('',(-58.03687837512,4.478744746065));
#1569 = CARTESIAN_POINT('',(-58.15792628513,4.449830227136));
#1570 = CARTESIAN_POINT('',(-58.27860027896,4.420834972526));
#1571 = CARTESIAN_POINT('',(-58.42870316113,4.384453017522));
#1572 = CARTESIAN_POINT('',(-58.60752568364,4.34060479429));
#1573 = CARTESIAN_POINT('',(-58.78493303529,4.29660473599));
#1574 = CARTESIAN_POINT('',(-58.96081629952,4.25248756248));
#1575 = CARTESIAN_POINT('',(-59.0769849401,4.223024051499));
#1576 = CARTESIAN_POINT('',(-59.18595097314,4.195234779495));
#1577 = CARTESIAN_POINT('',(-59.28783633293,4.169125047161));
#1578 = CARTESIAN_POINT('',(-59.41400265114,4.136481428261));
#1579 = CARTESIAN_POINT('',(-59.51419008935,4.110374382782));
#1580 = CARTESIAN_POINT('',(-59.61387019201,4.084276920037));
#1581 = CARTESIAN_POINT('',(-59.69422646069,4.063093421931));
#1582 = CARTESIAN_POINT('',(-59.75566289169,4.046812133977));
#1583 = CARTESIAN_POINT('',(-59.77406853074,4.041928847534));
#1584 = CARTESIAN_POINT('',(-59.79244873028,4.03704675474));
#1585 = CARTESIAN_POINT('',(-59.8108033958,4.032165884645));
#1586 = CARTESIAN_POINT('',(-59.82913241763,4.027286290513));
#1587 = CARTESIAN_POINT('',(-59.8535368006,4.020781904246));
#1588 = CARTESIAN_POINT('',(-59.89615371056,4.009404254873));
#1589 = CARTESIAN_POINT('',(-59.95677344388,3.993165841118));
#1590 = CARTESIAN_POINT('',(-60.0290935795,3.973706104732));
#1591 = CARTESIAN_POINT('',(-60.08900089942,3.957515038611));
#1592 = CARTESIAN_POINT('',(-60.13670907619,3.944578069277));
#1593 = CARTESIAN_POINT('',(-60.16346216959,3.937307676121));
#1594 = CARTESIAN_POINT('',(-60.18126315513,3.932463413953));
#1595 = CARTESIAN_POINT('',(-60.19312121451,3.929234676434));
#1596 = CARTESIAN_POINT('',(-60.21384848725,3.923586412465));
#1597 = CARTESIAN_POINT('',(-60.23452655856,3.917942528888));
#1598 = CARTESIAN_POINT('',(-60.25074173811,3.913510663445));
#1599 = CARTESIAN_POINT('',(-60.25663465384,3.911899384055));
#1600 = CARTESIAN_POINT('',(-60.26252522729,3.910288309891));
#1601 = CARTESIAN_POINT('',(-60.26841225266,3.908677564781));
#1602 = CARTESIAN_POINT('',(-60.27429577195,3.907067122301));
#1603 = CARTESIAN_POINT('',(-60.2801769383,3.905456891243));
#1604 = CARTESIAN_POINT('',(-60.28752393901,3.903444524332));
#1605 = CARTESIAN_POINT('',(-60.29926977349,3.900225555886));
#1606 = CARTESIAN_POINT('',(-60.35499415374,3.884942184213));
#1607 = CARTESIAN_POINT('',(-60.45397841235,3.857664759956));
#1608 = CARTESIAN_POINT('',(-60.5688765606,3.825734737322));
#1609 = CARTESIAN_POINT('',(-60.64278625969,3.805068315435));
#1610 = CARTESIAN_POINT('',(-60.67674870187,3.795547465859));
#1611 = CARTESIAN_POINT('',(-60.69935019979,3.789205017984));
#1612 = CARTESIAN_POINT('',(-60.72189031489,3.782870386289));
#1613 = CARTESIAN_POINT('',(-60.74437011011,3.776543042998));
#1614 = CARTESIAN_POINT('',(-60.76119928857,3.771801452648));
#1615 = CARTESIAN_POINT('',(-60.77799786632,3.76706375161));
#1616 = CARTESIAN_POINT('',(-60.7947657289,3.76233000876));
#1617 = CARTESIAN_POINT('',(-60.81150276725,3.757600287133));
#1618 = CARTESIAN_POINT('',(-60.83377780176,3.751299328549));
#1619 = CARTESIAN_POINT('',(-60.85599029275,3.745006894695));
#1620 = CARTESIAN_POINT('',(-60.87814130207,3.738722515339));
#1621 = CARTESIAN_POINT('',(-60.89472329277,3.73401352563));
#1622 = CARTESIAN_POINT('',(-60.91127412801,3.729308789601));
#1623 = CARTESIAN_POINT('',(-60.92504034786,3.725391818046));
#1624 = CARTESIAN_POINT('',(-60.93466307219,3.722651810761));
#1625 = CARTESIAN_POINT('',(-60.9401578688,3.721086632651));
#1626 = CARTESIAN_POINT('',(-60.94839612077,3.718739424649));
#1627 = CARTESIAN_POINT('',(-60.96622425602,3.713656863892));
#1628 = CARTESIAN_POINT('',(-60.98810291813,3.70741064965));
#1629 = CARTESIAN_POINT('',(-61.00514669845,3.702537698127));
#1630 = CARTESIAN_POINT('',(-61.01195684129,3.700589571116));
#1631 = CARTESIAN_POINT('',(-61.01468024768,3.699810412046));
#1632 = CARTESIAN_POINT('',(-61.01808325022,3.698836651156));
#1633 = CARTESIAN_POINT('',(-61.02216488006,3.697668423234));
#1634 = CARTESIAN_POINT('',(-61.03032415613,3.695332554618));
#1635 = CARTESIAN_POINT('',(-61.04254800179,3.691831012959));
#1636 = CARTESIAN_POINT('',(-61.05474797056,3.688332999727));
#1637 = CARTESIAN_POINT('',(-61.06287143132,3.686002424995));
#1638 = CARTESIAN_POINT('',(-61.06828443072,3.684449097373));
#1639 = CARTESIAN_POINT('',(-61.07301724773,3.683090485664));
#1640 = CARTESIAN_POINT('',(-61.07707150857,3.681926311409));
#1641 = CARTESIAN_POINT('',(-61.07977368158,3.68115029593));
#1642 = CARTESIAN_POINT('',(-61.08315013784,3.680180468956));
#1643 = CARTESIAN_POINT('',(-61.08719988932,3.679016976253));
#1644 = CARTESIAN_POINT('',(-61.09124764045,3.677853785364));
#1645 = CARTESIAN_POINT('',(-61.09529338473,3.676690899251));
#1646 = CARTESIAN_POINT('',(-61.10068505761,3.675140781748));
#1647 = CARTESIAN_POINT('',(-61.10539919474,3.673784990083));
#1648 = CARTESIAN_POINT('',(-61.1091009192,3.672720051492));
#1649 = CARTESIAN_POINT('',(-61.11027852165,3.672381240668));
#1650 = CARTESIAN_POINT('',(-61.11095137528,3.672187643783));
#1651 = CARTESIAN_POINT('',(-61.11196059308,3.671897258003));
#1652 = CARTESIAN_POINT('',(-61.11347417881,3.671461717559));
#1653 = CARTESIAN_POINT('',(-61.1161643386,3.670687521741));
#1654 = CARTESIAN_POINT('',(-61.11826522085,3.670082809514));
#1655 = CARTESIAN_POINT('',(-61.11977747114,3.669647471945));
#1656 = CARTESIAN_POINT('',(-61.12011351611,3.669550731907));
#1657 = CARTESIAN_POINT('',(-61.1207015698,3.66938144027));
#1658 = CARTESIAN_POINT('',(-61.12154155515,3.669139611375));
#1659 = CARTESIAN_POINT('',(-61.12225547734,3.668934062703));
#1660 = CARTESIAN_POINT('',(-61.12267537448,3.668813165304));
#1661 = CARTESIAN_POINT('',(-61.12280137064,3.668776886837));
#1662 = CARTESIAN_POINT('',(-61.1229272845,3.668740635137));
#1663 = CARTESIAN_POINT('',(-61.12309541361,3.668692218704));
#1664 = CARTESIAN_POINT('',(-61.12326281047,3.668644042832));
#1665 = CARTESIAN_POINT('',(-61.12343159568,3.668595408848));
#1666 = CARTESIAN_POINT('',(-61.1235145638,3.668571560952));
#1667 = CARTESIAN_POINT('',(-61.1235560583,3.668559633506));
#1668 = CARTESIAN_POINT('',(-61.16604643507,3.656345929708));
#1669 = CARTESIAN_POINT('',(-61.24622158805,3.632524247662));
#1670 = CARTESIAN_POINT('',(-61.30108546073,3.617713002866));
#1671 = CARTESIAN_POINT('',(-61.40362083286,3.585570851605));
#1672 = CARTESIAN_POINT('',(-61.54615824437,3.541132824582));
#1673 = CARTESIAN_POINT('',(-61.74106652045,3.479742527904));
#1674 = CARTESIAN_POINT('',(-62.02670525175,3.387436948192));
#1675 = CARTESIAN_POINT('',(-62.30173916912,3.296311825816));
#1676 = CARTESIAN_POINT('',(-62.52367945442,3.220905926103));
#1677 = CARTESIAN_POINT('',(-62.69659857215,3.161040800254));
#1678 = CARTESIAN_POINT('',(-62.86660401017,3.101440203046));
#1679 = CARTESIAN_POINT('',(-63.07362137745,3.027473378053));
#1680 = CARTESIAN_POINT('',(-63.31352736526,2.939573756067));
#1681 = CARTESIAN_POINT('',(-63.54515377419,2.852550393157));
#1682 = CARTESIAN_POINT('',(-63.76875804674,2.766411789746));
#1683 = CARTESIAN_POINT('',(-63.98455787908,2.681181167432));
#1684 = CARTESIAN_POINT('',(-64.19283545749,2.596857083283));
#1685 = CARTESIAN_POINT('',(-64.39378114667,2.513473511624));
#1686 = CARTESIAN_POINT('',(-64.58765934659,2.431035826263));
#1687 = CARTESIAN_POINT('',(-64.77470367001,2.349561295464));
#1688 = CARTESIAN_POINT('',(-64.95516396642,2.269060917384));
#1689 = CARTESIAN_POINT('',(-65.07122747081,2.21605872719));
#1690 = CARTESIAN_POINT('',(-65.1652583259,2.172628570492));
#1691 = CARTESIAN_POINT('',(-65.23841871631,2.138582360775));
#1692 = CARTESIAN_POINT('',(-65.34564382128,2.087942499101));
#1693 = CARTESIAN_POINT('',(-65.45043102295,2.03773148002));
#1694 = CARTESIAN_POINT('',(-65.5528284143,1.987960105262));
#1695 = CARTESIAN_POINT('',(-65.65290932308,1.938629410198));
#1696 = CARTESIAN_POINT('',(-65.75074689912,1.88974049954));
#1697 = CARTESIAN_POINT('',(-65.84638975735,1.841303974393));
#1698 = CARTESIAN_POINT('',(-65.90873947229,1.809314438198));
#1699 = CARTESIAN_POINT('',(-65.97609412225,1.774539904648));
#1700 = CARTESIAN_POINT('',(-66.0482036767,1.737033981475));
#1701 = CARTESIAN_POINT('',(-66.15374821314,1.681325886219));
#1702 = CARTESIAN_POINT('',(-66.25681231774,1.626119180786));
#1703 = CARTESIAN_POINT('',(-66.35755137704,1.571358264909));
#1704 = CARTESIAN_POINT('',(-66.45611248443,1.516990749067));
#1705 = CARTESIAN_POINT('',(-66.55265864934,1.462958084615));
#1706 = CARTESIAN_POINT('',(-66.64731459666,1.409216541452));
#1707 = CARTESIAN_POINT('',(-66.74025038083,1.35570484625));
#1708 = CARTESIAN_POINT('',(-66.8316109268,1.302371452746));
#1709 = CARTESIAN_POINT('',(-66.92154143577,1.249164708788));
#1710 = CARTESIAN_POINT('',(-67.01021149299,1.196023525695));
#1711 = CARTESIAN_POINT('',(-67.09774651531,1.142903910672));
#1712 = CARTESIAN_POINT('',(-67.18430886838,1.089747571387));
#1713 = CARTESIAN_POINT('',(-67.27004644229,1.036501819146));
#1714 = CARTESIAN_POINT('',(-67.35511295682,0.983111710022));
#1715 = CARTESIAN_POINT('',(-67.41147227041,0.947388070467));
#1716 = CARTESIAN_POINT('',(-67.48424541556,0.901050760486));
#1717 = CARTESIAN_POINT('',(-67.58627785167,0.833865897142));
#1718 = CARTESIAN_POINT('',(-67.76996315872,0.706748438216));
#1719 = CARTESIAN_POINT('',(-67.97666077341,0.557940700696));
#1720 = CARTESIAN_POINT('',(-68.12471435977,0.44737662616));
#1721 = CARTESIAN_POINT('',(-68.259553797,0.344725926991));
#1722 = CARTESIAN_POINT('',(-68.31898367435,0.298915786859));
#1723 = CARTESIAN_POINT('',(-68.37882808765,0.252010115722));
#1724 = ( GEOMETRIC_REPRESENTATION_CONTEXT(2) 
PARAMETRIC_REPRESENTATION_CONTEXT() REPRESENTATION_CONTEXT('2D SPACE',''
  ) );
#1725 = ORIENTED_EDGE('',*,*,#724,.F.);
#1726 = ORIENTED_EDGE('',*,*,#1727,.F.);
#1727 = EDGE_CURVE('',#1158,#725,#1728,.T.);
#1728 = SURFACE_CURVE('',#1729,(#1992,#1999),.PCURVE_S1.);
#1729 = B_SPLINE_CURVE_WITH_KNOTS('',3,(#1730,#1731,#1732,#1733,#1734,
    #1735,#1736,#1737,#1738,#1739,#1740,#1741,#1742,#1743,#1744,#1745,
    #1746,#1747,#1748,#1749,#1750,#1751,#1752,#1753,#1754,#1755,#1756,
    #1757,#1758,#1759,#1760,#1761,#1762,#1763,#1764,#1765,#1766,#1767,
    #1768,#1769,#1770,#1771,#1772,#1773,#1774,#1775,#1776,#1777,#1778,
    #1779,#1780,#1781,#1782,#1783,#1784,#1785,#1786,#1787,#1788,#1789,
    #1790,#1791,#1792,#1793,#1794,#1795,#1796,#1797,#1798,#1799,#1800,
    #1801,#1802,#1803,#1804,#1805,#1806,#1807,#1808,#1809,#1810,#1811,
    #1812,#1813,#1814,#1815,#1816,#1817,#1818,#1819,#1820,#1821,#1822,
    #1823,#1824,#1825,#1826,#1827,#1828,#1829,#1830,#1831,#1832,#1833,
    #1834,#1835,#1836,#1837,#1838,#1839,#1840,#1841,#1842,#1843,#1844,
    #1845,#1846,#1847,#1848,#1849,#1850,#1851,#1852,#1853,#1854,#1855,
    #1856,#1857,#1858,#1859,#1860,#1861,#1862,#1863,#1864,#1865,#1866,
    #1867,#1868,#1869,#1870,#1871,#1872,#1873,#1874,#1875,#1876,#1877,
    #1878,#1879,#1880,#1881,#1882,#1883,#1884,#1885,#1886,#1887,#1888,
    #1889,#1890,#1891,#1892,#1893,#1894,#1895,#1896,#1897,#1898,#1899,
    #1900,#1901,#1902,#1903,#1904,#1905,#1906,#1907,#1908,#1909,#1910,
    #1911,#1912,#1913,#1914,#1915,#1916,#1917,#1918,#1919,#1920,#1921,
    #1922,#1923,#1924,#1925,#1926,#1927,#1928,#1929,#1930,#1931,#1932,
    #1933,#1934,#1935,#1936,#1937,#1938,#1939,#1940,#1941,#1942,#1943,
    #1944,#1945,#1946,#1947,#1948,#1949,#1950,#1951,#1952,#1953,#1954,
    #1955,#1956,#1957,#1958,#1959,#1960,#1961,#1962,#1963,#1964,#1965,
    #1966,#1967,#1968,#1969,#1970,#1971,#1972,#1973,#1974,#1975,#1976,
    #1977,#1978,#1979,#1980,#1981,#1982,#1983,#1984,#1985,#1986,#1987,
    #1988,#1989,#1990,#1991),.UNSPECIFIED.,.F.,.F.,(4,1,1,1,1,1,1,1,1,1,
    1,1,1,1,1,1,2,1,1,1,1,1,1,1,1,1,1,1,1,1,1,1,2,1,1,1,1,1,1,1,1,2,1,1,
    1,1,1,1,1,1,1,1,1,1,1,1,1,1,1,1,1,1,1,1,1,1,1,1,1,1,1,1,1,2,1,1,1,1,
    1,1,1,1,1,1,1,1,1,1,1,1,1,1,1,1,1,1,1,1,1,1,1,1,1,1,1,1,1,1,2,1,1,1,
    1,1,1,1,1,1,1,1,1,1,1,1,1,1,1,1,1,1,1,1,1,1,1,1,1,1,1,1,1,1,1,1,1,1,
    1,1,1,1,1,1,1,1,1,1,1,1,1,1,1,1,1,1,1,1,1,1,1,1,1,1,1,1,1,1,1,1,1,1,
    1,1,1,1,1,1,1,1,1,1,1,1,1,1,1,1,1,1,3,1,1,2,1,1,1,1,1,1,1,1,1,1,1,1,
    1,1,1,1,2,1,1,1,1,1,1,1,2,1,1,1,1,1,1,1,1,1,1,1,1,1,1,1,2,1,1,1,2,4)
  ,(-0.329403341848,-0.327083676803,-0.324764011759,-0.322444346714,
    -0.320124681669,-0.317805016624,-0.31548535158,-0.313165686535,
    -0.31084602149,-0.308526356445,-0.3062066914,-0.303887026356,
    -0.301567361311,-0.299247696266,-0.296928031221,-0.294608366176,
    -0.292288701132,-0.28986916273,-0.287449624329,-0.285030085928,
    -0.282610547527,-0.280191009125,-0.277771470724,-0.275351932323,
    -0.272932393921,-0.27051285552,-0.268093317119,-0.265673778718,
    -0.263254240316,-0.260834701915,-0.258415163514,-0.255995625113,
    -0.253576086711,-0.250839738586,-0.248103390461,-0.245367042336,
    -0.242630694211,-0.241262520149,-0.239894346086,-0.237157997961,
    -0.234421649836,-0.231685301711,-0.229805718656,-0.227926135602,
    -0.226046552547,-0.224166969492,-0.222287386437,-0.220407803382,
    -0.218528220328,-0.216648637273,-0.214769054218,-0.212889471163,
    -0.211009888108,-0.209130305054,-0.207250721999,-0.205371138944,
    -0.203491555889,-0.201611972834,-0.19973238978,-0.197852806725,
    -0.19597322367,-0.194093640615,-0.19221405756,-0.190334474506,
    -0.188454891451,-0.186575308396,-0.184695725341,-0.182816142286,
    -0.180936559232,-0.179056976177,-0.177177393122,-0.175297810067,
    -0.173418227012,-0.171538643957,-0.170589227113,-0.169639810269,
    -0.16774097658,-0.165842142891,-0.163943309202,-0.162044475513,
    -0.160145641824,-0.15919622498,-0.158246808135,-0.156347974446,
    -0.154449140758,-0.152550307069,-0.15065147338,-0.148752639691,
    -0.146853806002,-0.144954972313,-0.143056138624,-0.141157304935,
    -0.139258471247,-0.137359637558,-0.135460803869,-0.13356197018,
    -0.131663136491,-0.129764302802,-0.127865469113,-0.125966635424,
    -0.124067801736,-0.122168968047,-0.121219551202,-0.120270134358,
    -0.118371300669,-0.11647246698,-0.114573633291,-0.112674799602,
    -0.110775965913,-0.109094840748,-0.107413715584,-0.106573153001,
    -0.105732590419,-0.104051465254,-0.103841324608,-0.103631183962,
    -0.103421043317,-0.103210902671,-0.103000762026,-0.10279062138,
    -0.102370340089,-0.101529777506,-0.100689214924,-9.984865234123E-02,
    -9.942837105E-02,-9.900808975876E-02,-9.890301943595E-02,
    -9.879794911314E-02,-9.858780846752E-02,-9.816752717628E-02,
    -9.806245685347E-02,-9.800992169206E-02,-9.795738653066E-02,
    -9.785231620785E-02,-9.779978104644E-02,-9.774724588504E-02,
    -9.764217556223E-02,-9.753710523942E-02,-9.73269645938E-02,
    -9.564583942884E-02,-9.396471426389E-02,-9.312415168141E-02,
    -9.291401103579E-02,-9.270387039017E-02,-9.228358909893E-02,
    -9.207344845331E-02,-9.186330780769E-02,-9.165316716207E-02,
    -9.144302651646E-02,-9.123288587084E-02,-9.102274522522E-02,
    -9.060246393398E-02,-9.039232328836E-02,-9.018218264274E-02,
    -8.997204199712E-02,-8.97619013515E-02,-8.965683102869E-02,
    -8.960429586728E-02,-8.955176070588E-02,-8.934162006026E-02,
    -8.892133876902E-02,-8.87111981234E-02,-8.86849305427E-02,
    -8.8658662962E-02,-8.860612780059E-02,-8.855359263919E-02,
    -8.850105747778E-02,-8.829091683216E-02,-8.808077618654E-02,
    -8.802824102514E-02,-8.797570586373E-02,-8.787063554092E-02,
    -8.784436796022E-02,-8.781810037952E-02,-8.776556521811E-02,
    -8.771303005671E-02,-8.76604948953E-02,-8.76079597339E-02,
    -8.755542457249E-02,-8.745035424969E-02,-8.742408666898E-02,
    -8.741095287863E-02,-8.740438598346E-02,-8.739781908828E-02,
    -8.737155150758E-02,-8.734528392688E-02,-8.729274876547E-02,
    -8.728946531788E-02,-8.728618187029E-02,-8.727961497512E-02,
    -8.726648118477E-02,-8.725334739442E-02,-8.725170567062E-02,
    -8.725006394683E-02,-8.724842222303E-02,-8.724678049924E-02,
    -8.724349705165E-02,-8.724185532786E-02,-8.724021360407E-02,
    -8.555908843911E-02,-8.471852585663E-02,-8.387796327415E-02,
    -8.174590098337E-02,-7.961383869258E-02,-7.748177640179E-02,
    -7.5349714111E-02,-7.428368296561E-02,-7.321765182021E-02,
    -7.108558952942E-02,-6.895352723864E-02,-6.682146494785E-02,
    -6.468940265706E-02,-6.255734036627E-02,-6.042527807548E-02,
    -5.82932157847E-02,-5.616115349391E-02,-5.402909120312E-02,
    -5.189702891233E-02,-4.976496662154E-02,-4.838112361108E-02,
    -4.699728060061E-02,-4.561343759014E-02,-4.422959457967E-02,
    -4.28457515692E-02,-4.146190855874E-02,-4.007806554827E-02,
    -3.86942225378E-02,-3.705510456205E-02,-3.541598658631E-02,
    -3.377686861056E-02,-3.213775063481E-02,-3.049863265907E-02,
    -2.885951468332E-02,-2.722039670757E-02,-2.558127873182E-02,
    -2.394216075608E-02,-2.230304278033E-02,-2.066392480458E-02,
    -1.902480682884E-02,-1.738568885309E-02,-1.574657087734E-02,
    -1.410745290159E-02,-1.246833492585E-02,-9.865215488748E-03,
    -7.26209605165E-03,-4.658976614552E-03,-2.055857177453E-03,0.),
  .UNSPECIFIED.);
#1730 = CARTESIAN_POINT('',(-488.0100206484,79.300864459798,
    20.558712929818));
#1731 = CARTESIAN_POINT('',(-488.0100206488,79.230483744678,
    20.554821508126));
#1732 = CARTESIAN_POINT('',(-488.0100206548,79.089424598862,
    20.546894397616));
#1733 = CARTESIAN_POINT('',(-488.0100206603,78.87711550712,
    20.534575488893));
#1734 = CARTESIAN_POINT('',(-488.0100206674,78.664091994395,
    20.521818480685));
#1735 = CARTESIAN_POINT('',(-488.0100206737,78.450408808851,
    20.508618142448));
#1736 = CARTESIAN_POINT('',(-488.0100206807,78.236096633796,
    20.494967451186));
#1737 = CARTESIAN_POINT('',(-488.0100206847,78.021217900756,
    20.480862531202));
#1738 = CARTESIAN_POINT('',(-488.0100206926,77.805763097155,
    20.466293507637));
#1739 = CARTESIAN_POINT('',(-488.0100206991,77.589805387058,
    20.451258176119));
#1740 = CARTESIAN_POINT('',(-488.0100207057,77.37337145745,
    20.435750604148));
#1741 = CARTESIAN_POINT('',(-488.0100207139,77.156487188478,
    20.419765182525));
#1742 = CARTESIAN_POINT('',(-488.0100207181,76.939224551379,
    20.403300765244));
#1743 = CARTESIAN_POINT('',(-488.0100207255,76.721570893016,
    20.386349159237));
#1744 = CARTESIAN_POINT('',(-488.0100207325,76.503584192484,
    20.368908822033));
#1745 = CARTESIAN_POINT('',(-488.0100207401,76.285292817001,
    20.350976034706));
#1746 = CARTESIAN_POINT('',(-488.0100207468,76.066739510578,
    20.332548791952));
#1747 = CARTESIAN_POINT('',(-488.0100207527,75.920872394879,
    20.319931635261));
#1748 = CARTESIAN_POINT('',(-488.010020757,75.771807848486,
    20.306873846748));
#1749 = CARTESIAN_POINT('',(-488.0100207634,75.619516389331,
    20.293358714693));
#1750 = CARTESIAN_POINT('',(-488.0100207709,75.390914404573,
    20.272542673872));
#1751 = CARTESIAN_POINT('',(-488.0100207795,75.162163620478,
    20.25118030685));
#1752 = CARTESIAN_POINT('',(-488.0100207877,74.933312150356,
    20.229272083932));
#1753 = CARTESIAN_POINT('',(-488.0100207964,74.704390264298,
    20.206817425017));
#1754 = CARTESIAN_POINT('',(-488.0100208018,74.47546458556,
    20.183819715918));
#1755 = CARTESIAN_POINT('',(-488.0100208118,74.246513724848,
    20.160274865392));
#1756 = CARTESIAN_POINT('',(-488.0100208202,74.017629834306,
    20.136190204177));
#1757 = CARTESIAN_POINT('',(-488.0100208288,73.788813140601,
    20.111563767947));
#1758 = CARTESIAN_POINT('',(-488.0100208392,73.560151824489,
    20.086406134645));
#1759 = CARTESIAN_POINT('',(-488.0100208449,73.331591546045,
    20.06070666909));
#1760 = CARTESIAN_POINT('',(-488.0100208545,73.103427498235,
    20.034507205238));
#1761 = CARTESIAN_POINT('',(-488.0100208636,72.875020177751,
    20.007720345558));
#1762 = CARTESIAN_POINT('',(-488.0100208735,72.647996607252,
    19.980566146152));
#1763 = CARTESIAN_POINT('',(-488.0100208824,72.418796629318,
    19.952566132359));
#1764 = CARTESIAN_POINT('',(-488.0100208899,72.270699248789,
    19.93416605828));
#1765 = CARTESIAN_POINT('',(-488.0100208963,72.09807601091,
    19.91236960157));
#1766 = CARTESIAN_POINT('',(-488.0100209063,71.915004614962,
    19.889006877762));
#1767 = CARTESIAN_POINT('',(-488.0100209174,71.64195504818,
    19.853429718755));
#1768 = CARTESIAN_POINT('',(-488.0100209316,71.370245505509,
    19.817299153809));
#1769 = CARTESIAN_POINT('',(-488.0100209405,71.145041199457,
    19.786747056077));
#1770 = CARTESIAN_POINT('',(-488.0100209443,70.96560757443,
    19.762042099789));
#1771 = CARTESIAN_POINT('',(-488.0100209501,70.786644067504,
    19.7371618419));
#1772 = CARTESIAN_POINT('',(-488.0100209632,70.563809940876,
    19.705734230998));
#1773 = CARTESIAN_POINT('',(-488.0100209749,70.297885002621,
    19.667511559415));
#1774 = CARTESIAN_POINT('',(-488.0100209863,70.121560736554,
    19.641693462859));
#1775 = CARTESIAN_POINT('',(-488.0100209922,69.97327390665,
    19.619779730337));
#1776 = CARTESIAN_POINT('',(-488.0100209978,69.852735246685,
    19.601855136984));
#1777 = CARTESIAN_POINT('',(-488.0100210049,69.672621458334,
    19.574737566901));
#1778 = CARTESIAN_POINT('',(-488.0100210128,69.493195913074,
    19.547391619586));
#1779 = CARTESIAN_POINT('',(-488.0100210204,69.314466302976,
    19.519820580913));
#1780 = CARTESIAN_POINT('',(-488.0100210282,69.136434112624,
    19.492027312926));
#1781 = CARTESIAN_POINT('',(-488.0100210361,68.959103567316,
    19.464014887448));
#1782 = CARTESIAN_POINT('',(-488.0100210441,68.782477625099,
    19.435786302012));
#1783 = CARTESIAN_POINT('',(-488.0100210522,68.606559787987,
    19.407344607762));
#1784 = CARTESIAN_POINT('',(-488.0100210603,68.431353244443,
    19.378692848838));
#1785 = CARTESIAN_POINT('',(-488.0100210686,68.256861361407,
    19.349834096199));
#1786 = CARTESIAN_POINT('',(-488.010021077,68.083087219278,
    19.320771416229));
#1787 = CARTESIAN_POINT('',(-488.0100210854,67.910034382208,
    19.29150792059));
#1788 = CARTESIAN_POINT('',(-488.0100210941,67.73770495328,
    19.262046651056));
#1789 = CARTESIAN_POINT('',(-488.0100210999,67.566112629433,
    19.232391128612));
#1790 = CARTESIAN_POINT('',(-488.0100211098,67.395238430649,
    19.202543700158));
#1791 = CARTESIAN_POINT('',(-488.0100211184,67.22510260184,
    19.172508094265));
#1792 = CARTESIAN_POINT('',(-488.0100211271,67.055703200049,
    19.142287217713));
#1793 = CARTESIAN_POINT('',(-488.0100211374,66.887039809438,
    19.111884291684));
#1794 = CARTESIAN_POINT('',(-488.0100211435,66.719129938384,
    19.081302558355));
#1795 = CARTESIAN_POINT('',(-488.010021153,66.551958070992,
    19.050545121636));
#1796 = CARTESIAN_POINT('',(-488.0100211624,66.385535588371,
    19.019615162625));
#1797 = CARTESIAN_POINT('',(-488.010021172,66.219864778752,
    18.988515903875));
#1798 = CARTESIAN_POINT('',(-488.0100211816,66.054948756599,
    18.957250545775));
#1799 = CARTESIAN_POINT('',(-488.0100211914,65.890790325152,
    18.925822309657));
#1800 = CARTESIAN_POINT('',(-488.0100212013,65.727392452804,
    18.89423442885));
#1801 = CARTESIAN_POINT('',(-488.0100212113,65.56475784019,
    18.862490126656));
#1802 = CARTESIAN_POINT('',(-488.0100212214,65.402889617989,
    18.830592683357));
#1803 = CARTESIAN_POINT('',(-488.0100212317,65.241789904629,
    18.798545277059));
#1804 = CARTESIAN_POINT('',(-488.0100212418,65.081462982774,
    18.766351343061));
#1805 = CARTESIAN_POINT('',(-488.0100212527,64.921908205571,
    18.734013765901));
#1806 = CARTESIAN_POINT('',(-488.0100212623,64.763135948692,
    18.701536703162));
#1807 = CARTESIAN_POINT('',(-488.010021271,64.657798655012,
    18.679792994177));
#1808 = CARTESIAN_POINT('',(-488.0100212748,64.578740498219,
    18.663399023608));
#1809 = CARTESIAN_POINT('',(-488.0100212775,64.5256559318,
    18.652364379021));
#1810 = CARTESIAN_POINT('',(-488.0100212817,64.420181006795,
    18.630346460534));
#1811 = CARTESIAN_POINT('',(-488.0100212927,64.286877168235,
    18.60230079575));
#1812 = CARTESIAN_POINT('',(-488.0100213033,64.123734691429,
    18.56759204978));
#1813 = CARTESIAN_POINT('',(-488.0100213157,63.957982304765,
    18.531938617868));
#1814 = CARTESIAN_POINT('',(-488.0100213267,63.7896519488,
    18.495326672138));
#1815 = CARTESIAN_POINT('',(-488.0100213384,63.647449487425,
    18.464053711749));
#1816 = CARTESIAN_POINT('',(-488.0100213435,63.532612129045,
    18.43858490524));
#1817 = CARTESIAN_POINT('',(-488.0100213485,63.417094105697,
    18.412822334063));
#1818 = CARTESIAN_POINT('',(-488.010021361,63.271469050643,
    18.380076604377));
#1819 = CARTESIAN_POINT('',(-488.0100213722,63.094955133273,
    18.339938856813));
#1820 = CARTESIAN_POINT('',(-488.0100213877,62.916855406124,
    18.298987855577));
#1821 = CARTESIAN_POINT('',(-488.0100213961,62.737359927526,
    18.257250168855));
#1822 = CARTESIAN_POINT('',(-488.0100214102,62.556640491322,
    18.214758374793));
#1823 = CARTESIAN_POINT('',(-488.0100214238,62.374877385706,
    18.171541746975));
#1824 = CARTESIAN_POINT('',(-488.0100214379,62.192244128878,
    18.127631888126));
#1825 = CARTESIAN_POINT('',(-488.0100214521,62.008911683129,
    18.083060966512));
#1826 = CARTESIAN_POINT('',(-488.0100214665,61.825047614738,
    18.037862015676));
#1827 = CARTESIAN_POINT('',(-488.0100214811,61.640816221756,
    17.992068792369));
#1828 = CARTESIAN_POINT('',(-488.0100214959,61.456378329848,
    17.94571579107));
#1829 = CARTESIAN_POINT('',(-488.0100215109,61.271891155605,
    17.898838219709));
#1830 = CARTESIAN_POINT('',(-488.0100215261,61.087508350191,
    17.851471904703));
#1831 = CARTESIAN_POINT('',(-488.0100215418,60.903379482728,
    17.803653468683));
#1832 = CARTESIAN_POINT('',(-488.010021552,60.719651919509,
    17.755418298085));
#1833 = CARTESIAN_POINT('',(-488.0100215701,60.536464935509,
    17.706807757305));
#1834 = CARTESIAN_POINT('',(-488.0100215855,60.353958494098,
    17.657856991041));
#1835 = CARTESIAN_POINT('',(-488.0100216013,60.172265578256,
    17.608605400277));
#1836 = CARTESIAN_POINT('',(-488.0100216168,60.021641043267,
    17.567344823297));
#1837 = CARTESIAN_POINT('',(-488.0100216237,59.901675974531,
    17.534223407176));
#1838 = CARTESIAN_POINT('',(-488.0100216305,59.782087411839,
    17.501034354042));
#1839 = CARTESIAN_POINT('',(-488.0100216469,59.633345680205,
    17.459436046901));
#1840 = CARTESIAN_POINT('',(-488.0100216628,59.456162372465,
    17.409373718787));
#1841 = CARTESIAN_POINT('',(-488.0100216813,59.280398672466,
    17.359209036849));
#1842 = CARTESIAN_POINT('',(-488.0100216972,59.106162218719,
    17.308980500929));
#1843 = CARTESIAN_POINT('',(-488.0100217114,58.991092606645,
    17.275480711234));
#1844 = CARTESIAN_POINT('',(-488.0100217206,58.883162784375,
    17.243905507993));
#1845 = CARTESIAN_POINT('',(-488.0100217312,58.782250706914,
    17.214255933225));
#1846 = CARTESIAN_POINT('',(-488.010021744,58.657300491685,
    17.177229058929));
#1847 = CARTESIAN_POINT('',(-488.0100217508,58.558085207704,
    17.147641425988));
#1848 = CARTESIAN_POINT('',(-488.0100217555,58.459376615779,
    17.118081075697));
#1849 = CARTESIAN_POINT('',(-488.0100217687,58.379808591395,
    17.094106088673));
#1850 = CARTESIAN_POINT('',(-488.0100217713,58.318977794558,
    17.075690618318));
#1851 = CARTESIAN_POINT('',(-488.010021772,58.300753791969,
    17.070167959102));
#1852 = CARTESIAN_POINT('',(-488.0100217728,58.282555171725,
    17.064647380633));
#1853 = CARTESIAN_POINT('',(-488.0100217735,58.264382027284,
    17.059128915244));
#1854 = CARTESIAN_POINT('',(-488.0100217742,58.246234466384,
    17.053612619992));
#1855 = CARTESIAN_POINT('',(-488.0100217751,58.222071949703,
    17.046260495338));
#1856 = CARTESIAN_POINT('',(-488.0100217773,58.179878075059,
    17.033402468213));
#1857 = CARTESIAN_POINT('',(-488.0100217822,58.119861982103,
    17.015058348278));
#1858 = CARTESIAN_POINT('',(-488.0100217869,58.048265036962,
    16.993086529903));
#1859 = CARTESIAN_POINT('',(-488.010021792,57.988959271018,
    16.974814591628));
#1860 = CARTESIAN_POINT('',(-488.0100217942,57.941731650508,
    16.960220511789));
#1861 = CARTESIAN_POINT('',(-488.0100217959,57.915248587425,
    16.952020878065));
#1862 = CARTESIAN_POINT('',(-488.0100217965,57.897627508077,
    16.946558321454));
#1863 = CARTESIAN_POINT('',(-488.010021797,57.88588935362,16.94291771049
    ));
#1864 = CARTESIAN_POINT('',(-488.0100217978,57.865371828949,
    16.936549515905));
#1865 = CARTESIAN_POINT('',(-488.0100217992,57.844903322855,
    16.930187416148));
#1866 = CARTESIAN_POINT('',(-488.0100217998,57.828852691029,
    16.925192348872));
#1867 = CARTESIAN_POINT('',(-488.0100218,57.823019597947,16.923376391237
    ));
#1868 = CARTESIAN_POINT('',(-488.0100218002,57.817188838548,
    16.921560720447));
#1869 = CARTESIAN_POINT('',(-488.0100218004,57.811361613589,
    16.919745502337));
#1870 = CARTESIAN_POINT('',(-488.0100218006,57.805537882016,
    16.917930709033));
#1871 = CARTESIAN_POINT('',(-488.0100218008,57.799716494566,
    16.916116209139));
#1872 = CARTESIAN_POINT('',(-488.0100218011,57.792444200043,
    16.91384866148));
#1873 = CARTESIAN_POINT('',(-488.0100218015,57.780817861181,
    16.910221730231));
#1874 = CARTESIAN_POINT('',(-488.0100218047,57.725660808699,
    16.89300291595));
#1875 = CARTESIAN_POINT('',(-488.0100218216,57.627688817002,
    16.862287607556));
#1876 = CARTESIAN_POINT('',(-488.0100218376,57.513975003317,
    16.826367148283));
#1877 = CARTESIAN_POINT('',(-488.0100218449,57.440831575742,
    16.803133904522));
#1878 = CARTESIAN_POINT('',(-488.0100218465,57.407222095429,
    16.792433582652));
#1879 = CARTESIAN_POINT('',(-488.0100218473,57.384855713966,
    16.785306217523));
#1880 = CARTESIAN_POINT('',(-488.0100218491,57.362550405154,
    16.778188806041));
#1881 = CARTESIAN_POINT('',(-488.01002185,57.34030512511,16.771080783658
    ));
#1882 = CARTESIAN_POINT('',(-488.0100218509,57.323651677647,
    16.765754751898));
#1883 = CARTESIAN_POINT('',(-488.0100218516,57.30702867652,
    16.760433675031));
#1884 = CARTESIAN_POINT('',(-488.0100218524,57.290436233716,
    16.755117625885));
#1885 = CARTESIAN_POINT('',(-488.0100218532,57.273874456023,
    16.749806671262));
#1886 = CARTESIAN_POINT('',(-488.0100218542,57.25183289114,
    16.742732163558));
#1887 = CARTESIAN_POINT('',(-488.010021856,57.229853534178,
    16.735668358128));
#1888 = CARTESIAN_POINT('',(-488.0100218569,57.207935340326,
    16.72861474797));
#1889 = CARTESIAN_POINT('',(-488.0100218578,57.191527792303,
    16.72332992372));
#1890 = CARTESIAN_POINT('',(-488.0100218585,57.175151232301,
    16.718050437869));
#1891 = CARTESIAN_POINT('',(-488.0100218592,57.161530098797,
    16.713655418283));
#1892 = CARTESIAN_POINT('',(-488.0100218596,57.15200886125,
    16.710581251901));
#1893 = CARTESIAN_POINT('',(-488.0100218598,57.146572035845,
    16.708825261619));
#1894 = CARTESIAN_POINT('',(-488.0100218601,57.138420718778,
    16.706191972625));
#1895 = CARTESIAN_POINT('',(-488.010021861,57.12078082275,
    16.700490315079));
#1896 = CARTESIAN_POINT('',(-488.0100218628,57.099133478264,
    16.693484351566));
#1897 = CARTESIAN_POINT('',(-488.0100218636,57.082270144118,
    16.688019549159));
#1898 = CARTESIAN_POINT('',(-488.0100218639,57.075532138484,
    16.685834938336));
#1899 = CARTESIAN_POINT('',(-488.0100218639,57.072837583378,
    16.684961208397));
#1900 = CARTESIAN_POINT('',(-488.0100218641,57.069470637614,
    16.683869277619));
#1901 = CARTESIAN_POINT('',(-488.0100218642,57.065432264767,
    16.682559314523));
#1902 = CARTESIAN_POINT('',(-488.0100218645,57.05735947974,
    16.679940114227));
#1903 = CARTESIAN_POINT('',(-488.0100218652,57.045265282558,
    16.676014099551));
#1904 = CARTESIAN_POINT('',(-488.0100218659,57.033194824585,
    16.672092444445));
#1905 = CARTESIAN_POINT('',(-488.0100218662,57.025157648303,
    16.669479784744));
#1906 = CARTESIAN_POINT('',(-488.0100218664,57.019802156706,
    16.667738492412));
#1907 = CARTESIAN_POINT('',(-488.0100218666,57.015119637668,
    16.666215535401));
#1908 = CARTESIAN_POINT('',(-488.0100218667,57.011108475663,
    16.664910578667));
#1909 = CARTESIAN_POINT('',(-488.0100218668,57.008435031302,
    16.664040731438));
#1910 = CARTESIAN_POINT('',(-488.010021867,57.005094478353,
    16.662953658632));
#1911 = CARTESIAN_POINT('',(-488.0100218671,57.001087799184,
    16.661649540409));
#1912 = CARTESIAN_POINT('',(-488.0100218673,56.997083108611,
    16.660345793627));
#1913 = CARTESIAN_POINT('',(-488.0100218674,56.993080413033,
    16.659042421474));
#1914 = CARTESIAN_POINT('',(-488.0100218676,56.987746122935,
    16.65730508159));
#1915 = CARTESIAN_POINT('',(-488.0100218678,56.983082173977,
    16.655785594824));
#1916 = CARTESIAN_POINT('',(-488.010021868,56.979419870331,
    16.654592116644));
#1917 = CARTESIAN_POINT('',(-488.010021868,56.978254809572,
    16.654212414482));
#1918 = CARTESIAN_POINT('',(-488.010021868,56.97758912226,
    16.653995453278));
#1919 = CARTESIAN_POINT('',(-488.0100218681,56.976590653563,
    16.653670023199));
#1920 = CARTESIAN_POINT('',(-488.0100218681,56.975093190007,
    16.653181924695));
#1921 = CARTESIAN_POINT('',(-488.0100218682,56.972431688037,
    16.652314315273));
#1922 = CARTESIAN_POINT('',(-488.0100218683,56.970353189738,
    16.651636651687));
#1923 = CARTESIAN_POINT('',(-488.0100218683,56.968857053736,
    16.65114880254));
#1924 = CARTESIAN_POINT('',(-488.0100218684,56.968524589655,
    16.651040393633));
#1925 = CARTESIAN_POINT('',(-488.0100218684,56.967942802376,
    16.650850682346));
#1926 = CARTESIAN_POINT('',(-488.0100218684,56.967111768437,
    16.650579685701));
#1927 = CARTESIAN_POINT('',(-488.0100218684,56.966405454687,
    16.650349346718));
#1928 = CARTESIAN_POINT('',(-488.0100218684,56.965990032597,
    16.650213868768));
#1929 = CARTESIAN_POINT('',(-488.0100218684,56.965865379291,
    16.650173215198));
#1930 = CARTESIAN_POINT('',(-488.0100218684,56.965740807299,
    16.650132591252));
#1931 = CARTESIAN_POINT('',(-488.0100218685,56.965574470325,
    16.650078336691));
#1932 = CARTESIAN_POINT('',(-488.0100218685,56.96540885675,
    16.650024348101));
#1933 = CARTESIAN_POINT('',(-488.0100218685,56.965241871657,
    16.649969853224));
#1934 = CARTESIAN_POINT('',(-488.0100218685,56.965159786366,
    16.64994312431));
#1935 = CARTESIAN_POINT('',(-488.0100218685,56.965118733397,
    16.649929755993));
#1936 = CARTESIAN_POINT('',(-488.0100218686,56.923080492734,
    16.636240599689));
#1937 = CARTESIAN_POINT('',(-488.0100218531,56.843785545009,
    16.609635356681));
#1938 = CARTESIAN_POINT('',(-488.0100218526,56.789471998908,
    16.592918412952));
#1939 = CARTESIAN_POINT('',(-488.010021855,56.688120833453,
    16.557217408939));
#1940 = CARTESIAN_POINT('',(-488.0100218542,56.547221116662,
    16.507831968439));
#1941 = CARTESIAN_POINT('',(-488.0100218356,56.354574063897,
    16.439676868332));
#1942 = CARTESIAN_POINT('',(-488.0100218202,56.072330754267,
    16.337458870724));
#1943 = CARTESIAN_POINT('',(-488.0100218031,55.800644601038,
    16.236790714019));
#1944 = CARTESIAN_POINT('',(-488.0100217832,55.581471143712,
    16.153685145287));
#1945 = CARTESIAN_POINT('',(-488.0100217826,55.4107466264,
    16.087821697477));
#1946 = CARTESIAN_POINT('',(-488.0100217775,55.242924781945,
    16.022324303118));
#1947 = CARTESIAN_POINT('',(-488.0100217728,55.03861492901,
    15.94117773479));
#1948 = CARTESIAN_POINT('',(-488.0100217558,54.801922738018,
    15.844959060648));
#1949 = CARTESIAN_POINT('',(-488.0100217372,54.573474501206,
    15.749905064925));
#1950 = CARTESIAN_POINT('',(-488.0100217227,54.353012636237,
    15.656015258251));
#1951 = CARTESIAN_POINT('',(-488.0100216995,54.140318769148,
    15.563305250592));
#1952 = CARTESIAN_POINT('',(-488.0100216962,53.935110935904,
    15.471763751736));
#1953 = CARTESIAN_POINT('',(-488.010021678,53.737197702102,
    15.381418071679));
#1954 = CARTESIAN_POINT('',(-488.0100216619,53.546314641263,
    15.29226435353));
#1955 = CARTESIAN_POINT('',(-488.0100216436,53.36222768031,
    15.204311702065));
#1956 = CARTESIAN_POINT('',(-488.0100216299,53.184686738125,
    15.117562389121));
#1957 = CARTESIAN_POINT('',(-488.0100216138,53.070543686242,
    15.06054192854));
#1958 = CARTESIAN_POINT('',(-488.0100216093,52.978085802819,
    15.013856598803));
#1959 = CARTESIAN_POINT('',(-488.0100216057,52.906158175326,
    14.977277868313));
#1960 = CARTESIAN_POINT('',(-488.0100215988,52.800765694676,
    14.922926752878));
#1961 = CARTESIAN_POINT('',(-488.0100215989,52.697794665831,
    14.869089300393));
#1962 = CARTESIAN_POINT('',(-488.0100215935,52.597196648138,
    14.815774627591));
#1963 = CARTESIAN_POINT('',(-488.0100215882,52.498898322375,
    14.762981210107));
#1964 = CARTESIAN_POINT('',(-488.0100215882,52.402826544718,
    14.71070759909));
#1965 = CARTESIAN_POINT('',(-488.0100215815,52.308932359882,
    14.65896269255));
#1966 = CARTESIAN_POINT('',(-488.0100215776,52.247737045419,
    14.624816669845));
#1967 = CARTESIAN_POINT('',(-488.0100215748,52.181637039805,
    14.587712676617));
#1968 = CARTESIAN_POINT('',(-488.0100215668,52.11088035039,
    14.547713013882));
#1969 = CARTESIAN_POINT('',(-488.0100215602,52.007344293323,
    14.488355403291));
#1970 = CARTESIAN_POINT('',(-488.0100215511,51.906269658824,
    14.429585442913));
#1971 = CARTESIAN_POINT('',(-488.0100215432,51.807503095438,
    14.371342143438));
#1972 = CARTESIAN_POINT('',(-488.0100215343,51.710899427748,
    14.313568013775));
#1973 = CARTESIAN_POINT('',(-488.0100215333,51.616297788948,
    14.256198851999));
#1974 = CARTESIAN_POINT('',(-488.0100215221,51.52357505629,
    14.199186601811));
#1975 = CARTESIAN_POINT('',(-488.0100215147,51.432563417316,
    14.142464092394));
#1976 = CARTESIAN_POINT('',(-488.0100215073,51.343119834308,
    14.085974751079));
#1977 = CARTESIAN_POINT('',(-488.0100214962,51.255100997165,
    14.029661889731));
#1978 = CARTESIAN_POINT('',(-488.0100214951,51.168339555887,
    13.973458538441));
#1979 = CARTESIAN_POINT('',(-488.0100214865,51.082711705372,
    13.91731635423));
#1980 = CARTESIAN_POINT('',(-488.0100214787,50.998057213234,
    13.861171413795));
#1981 = CARTESIAN_POINT('',(-488.0100214701,50.914230118293,
    13.80496589925));
#1982 = CARTESIAN_POINT('',(-488.0100214632,50.831078711922,
    13.748639535394));
#1983 = CARTESIAN_POINT('',(-488.0100214564,50.776000467942,
    13.710970746036));
#1984 = CARTESIAN_POINT('',(-488.0100214488,50.704888803027,
    13.662121917354));
#1985 = CARTESIAN_POINT('',(-488.0100214299,50.605263240234,
    13.591417100545));
#1986 = CARTESIAN_POINT('',(-488.0100214222,50.426126164651,
    13.457966553373));
#1987 = CARTESIAN_POINT('',(-488.0100214175,50.224747779709,
    13.302035822784));
#1988 = CARTESIAN_POINT('',(-488.0100214021,50.080643014145,
    13.186372105246));
#1989 = CARTESIAN_POINT('',(-488.0100214021,49.949468175191,
    13.079078109614));
#1990 = CARTESIAN_POINT('',(-488.0100214012,49.891673251759,
    13.031221802973));
#1991 = CARTESIAN_POINT('',(-488.0100214061,49.833502278371,
    12.982256165599));
#1992 = PCURVE('',#742,#1993);
#1993 = DEFINITIONAL_REPRESENTATION('',(#1994),#1998);
#1994 = LINE('',#1995,#1996);
#1995 = CARTESIAN_POINT('',(0.,0.));
#1996 = VECTOR('',#1997,1.);
#1997 = DIRECTION('',(1.,0.));
#1998 = ( GEOMETRIC_REPRESENTATION_CONTEXT(2) 
PARAMETRIC_REPRESENTATION_CONTEXT() REPRESENTATION_CONTEXT('2D SPACE',''
  ) );
#1999 = PCURVE('',#98,#2000);
#2000 = DEFINITIONAL_REPRESENTATION('',(#2001),#2264);
#2001 = B_SPLINE_CURVE_WITH_KNOTS('',3,(#2002,#2003,#2004,#2005,#2006,
    #2007,#2008,#2009,#2010,#2011,#2012,#2013,#2014,#2015,#2016,#2017,
    #2018,#2019,#2020,#2021,#2022,#2023,#2024,#2025,#2026,#2027,#2028,
    #2029,#2030,#2031,#2032,#2033,#2034,#2035,#2036,#2037,#2038,#2039,
    #2040,#2041,#2042,#2043,#2044,#2045,#2046,#2047,#2048,#2049,#2050,
    #2051,#2052,#2053,#2054,#2055,#2056,#2057,#2058,#2059,#2060,#2061,
    #2062,#2063,#2064,#2065,#2066,#2067,#2068,#2069,#2070,#2071,#2072,
    #2073,#2074,#2075,#2076,#2077,#2078,#2079,#2080,#2081,#2082,#2083,
    #2084,#2085,#2086,#2087,#2088,#2089,#2090,#2091,#2092,#2093,#2094,
    #2095,#2096,#2097,#2098,#2099,#2100,#2101,#2102,#2103,#2104,#2105,
    #2106,#2107,#2108,#2109,#2110,#2111,#2112,#2113,#2114,#2115,#2116,
    #2117,#2118,#2119,#2120,#2121,#2122,#2123,#2124,#2125,#2126,#2127,
    #2128,#2129,#2130,#2131,#2132,#2133,#2134,#2135,#2136,#2137,#2138,
    #2139,#2140,#2141,#2142,#2143,#2144,#2145,#2146,#2147,#2148,#2149,
    #2150,#2151,#2152,#2153,#2154,#2155,#2156,#2157,#2158,#2159,#2160,
    #2161,#2162,#2163,#2164,#2165,#2166,#2167,#2168,#2169,#2170,#2171,
    #2172,#2173,#2174,#2175,#2176,#2177,#2178,#2179,#2180,#2181,#2182,
    #2183,#2184,#2185,#2186,#2187,#2188,#2189,#2190,#2191,#2192,#2193,
    #2194,#2195,#2196,#2197,#2198,#2199,#2200,#2201,#2202,#2203,#2204,
    #2205,#2206,#2207,#2208,#2209,#2210,#2211,#2212,#2213,#2214,#2215,
    #2216,#2217,#2218,#2219,#2220,#2221,#2222,#2223,#2224,#2225,#2226,
    #2227,#2228,#2229,#2230,#2231,#2232,#2233,#2234,#2235,#2236,#2237,
    #2238,#2239,#2240,#2241,#2242,#2243,#2244,#2245,#2246,#2247,#2248,
    #2249,#2250,#2251,#2252,#2253,#2254,#2255,#2256,#2257,#2258,#2259,
    #2260,#2261,#2262,#2263),.UNSPECIFIED.,.F.,.F.,(4,1,1,1,1,1,1,1,1,1,
    1,1,1,1,1,1,2,1,1,1,1,1,1,1,1,1,1,1,1,1,1,1,2,1,1,1,1,1,1,1,1,2,1,1,
    1,1,1,1,1,1,1,1,1,1,1,1,1,1,1,1,1,1,1,1,1,1,1,1,1,1,1,1,1,2,1,1,1,1,
    1,1,1,1,1,1,1,1,1,1,1,1,1,1,1,1,1,1,1,1,1,1,1,1,1,1,1,1,1,1,2,1,1,1,
    1,1,1,1,1,1,1,1,1,1,1,1,1,1,1,1,1,1,1,1,1,1,1,1,1,1,1,1,1,1,1,1,1,1,
    1,1,1,1,1,1,1,1,1,1,1,1,1,1,1,1,1,1,1,1,1,1,1,1,1,1,1,1,1,1,1,1,1,1,
    1,1,1,1,1,1,1,1,1,1,1,1,1,1,1,1,1,1,3,1,1,2,1,1,1,1,1,1,1,1,1,1,1,1,
    1,1,1,1,2,1,1,1,1,1,1,1,2,1,1,1,1,1,1,1,1,1,1,1,1,1,1,1,2,1,1,1,2,4)
  ,(-0.329403341848,-0.327083676803,-0.324764011759,-0.322444346714,
    -0.320124681669,-0.317805016624,-0.31548535158,-0.313165686535,
    -0.31084602149,-0.308526356445,-0.3062066914,-0.303887026356,
    -0.301567361311,-0.299247696266,-0.296928031221,-0.294608366176,
    -0.292288701132,-0.28986916273,-0.287449624329,-0.285030085928,
    -0.282610547527,-0.280191009125,-0.277771470724,-0.275351932323,
    -0.272932393921,-0.27051285552,-0.268093317119,-0.265673778718,
    -0.263254240316,-0.260834701915,-0.258415163514,-0.255995625113,
    -0.253576086711,-0.250839738586,-0.248103390461,-0.245367042336,
    -0.242630694211,-0.241262520149,-0.239894346086,-0.237157997961,
    -0.234421649836,-0.231685301711,-0.229805718656,-0.227926135602,
    -0.226046552547,-0.224166969492,-0.222287386437,-0.220407803382,
    -0.218528220328,-0.216648637273,-0.214769054218,-0.212889471163,
    -0.211009888108,-0.209130305054,-0.207250721999,-0.205371138944,
    -0.203491555889,-0.201611972834,-0.19973238978,-0.197852806725,
    -0.19597322367,-0.194093640615,-0.19221405756,-0.190334474506,
    -0.188454891451,-0.186575308396,-0.184695725341,-0.182816142286,
    -0.180936559232,-0.179056976177,-0.177177393122,-0.175297810067,
    -0.173418227012,-0.171538643957,-0.170589227113,-0.169639810269,
    -0.16774097658,-0.165842142891,-0.163943309202,-0.162044475513,
    -0.160145641824,-0.15919622498,-0.158246808135,-0.156347974446,
    -0.154449140758,-0.152550307069,-0.15065147338,-0.148752639691,
    -0.146853806002,-0.144954972313,-0.143056138624,-0.141157304935,
    -0.139258471247,-0.137359637558,-0.135460803869,-0.13356197018,
    -0.131663136491,-0.129764302802,-0.127865469113,-0.125966635424,
    -0.124067801736,-0.122168968047,-0.121219551202,-0.120270134358,
    -0.118371300669,-0.11647246698,-0.114573633291,-0.112674799602,
    -0.110775965913,-0.109094840748,-0.107413715584,-0.106573153001,
    -0.105732590419,-0.104051465254,-0.103841324608,-0.103631183962,
    -0.103421043317,-0.103210902671,-0.103000762026,-0.10279062138,
    -0.102370340089,-0.101529777506,-0.100689214924,-9.984865234123E-02,
    -9.942837105E-02,-9.900808975876E-02,-9.890301943595E-02,
    -9.879794911314E-02,-9.858780846752E-02,-9.816752717628E-02,
    -9.806245685347E-02,-9.800992169206E-02,-9.795738653066E-02,
    -9.785231620785E-02,-9.779978104644E-02,-9.774724588504E-02,
    -9.764217556223E-02,-9.753710523942E-02,-9.73269645938E-02,
    -9.564583942884E-02,-9.396471426389E-02,-9.312415168141E-02,
    -9.291401103579E-02,-9.270387039017E-02,-9.228358909893E-02,
    -9.207344845331E-02,-9.186330780769E-02,-9.165316716207E-02,
    -9.144302651646E-02,-9.123288587084E-02,-9.102274522522E-02,
    -9.060246393398E-02,-9.039232328836E-02,-9.018218264274E-02,
    -8.997204199712E-02,-8.97619013515E-02,-8.965683102869E-02,
    -8.960429586728E-02,-8.955176070588E-02,-8.934162006026E-02,
    -8.892133876902E-02,-8.87111981234E-02,-8.86849305427E-02,
    -8.8658662962E-02,-8.860612780059E-02,-8.855359263919E-02,
    -8.850105747778E-02,-8.829091683216E-02,-8.808077618654E-02,
    -8.802824102514E-02,-8.797570586373E-02,-8.787063554092E-02,
    -8.784436796022E-02,-8.781810037952E-02,-8.776556521811E-02,
    -8.771303005671E-02,-8.76604948953E-02,-8.76079597339E-02,
    -8.755542457249E-02,-8.745035424969E-02,-8.742408666898E-02,
    -8.741095287863E-02,-8.740438598346E-02,-8.739781908828E-02,
    -8.737155150758E-02,-8.734528392688E-02,-8.729274876547E-02,
    -8.728946531788E-02,-8.728618187029E-02,-8.727961497512E-02,
    -8.726648118477E-02,-8.725334739442E-02,-8.725170567062E-02,
    -8.725006394683E-02,-8.724842222303E-02,-8.724678049924E-02,
    -8.724349705165E-02,-8.724185532786E-02,-8.724021360407E-02,
    -8.555908843911E-02,-8.471852585663E-02,-8.387796327415E-02,
    -8.174590098337E-02,-7.961383869258E-02,-7.748177640179E-02,
    -7.5349714111E-02,-7.428368296561E-02,-7.321765182021E-02,
    -7.108558952942E-02,-6.895352723864E-02,-6.682146494785E-02,
    -6.468940265706E-02,-6.255734036627E-02,-6.042527807548E-02,
    -5.82932157847E-02,-5.616115349391E-02,-5.402909120312E-02,
    -5.189702891233E-02,-4.976496662154E-02,-4.838112361108E-02,
    -4.699728060061E-02,-4.561343759014E-02,-4.422959457967E-02,
    -4.28457515692E-02,-4.146190855874E-02,-4.007806554827E-02,
    -3.86942225378E-02,-3.705510456205E-02,-3.541598658631E-02,
    -3.377686861056E-02,-3.213775063481E-02,-3.049863265907E-02,
    -2.885951468332E-02,-2.722039670757E-02,-2.558127873182E-02,
    -2.394216075608E-02,-2.230304278033E-02,-2.066392480458E-02,
    -1.902480682884E-02,-1.738568885309E-02,-1.574657087734E-02,
    -1.410745290159E-02,-1.246833492585E-02,-9.865215488748E-03,
    -7.26209605165E-03,-4.658976614552E-03,-2.055857177453E-03,0.),
  .UNSPECIFIED.);
#2002 = CARTESIAN_POINT('',(-38.66500209922,6.795455397908));
#2003 = CARTESIAN_POINT('',(-38.73547574897,6.7940225983));
#2004 = CARTESIAN_POINT('',(-38.87672561753,6.791023209966));
#2005 = CARTESIAN_POINT('',(-39.08933530003,6.786121286037));
#2006 = CARTESIAN_POINT('',(-39.30267425775,6.780806462433));
#2007 = CARTESIAN_POINT('',(-39.51668795843,6.775071601115));
#2008 = CARTESIAN_POINT('',(-39.73134598255,6.768908612532));
#2009 = CARTESIAN_POINT('',(-39.94658607188,6.762311444519));
#2010 = CARTESIAN_POINT('',(-40.16241807783,6.755270560217));
#2011 = CARTESIAN_POINT('',(-40.37876895783,6.747781203208));
#2012 = CARTESIAN_POINT('',(-40.59561224819,6.739836513244));
#2013 = CARTESIAN_POINT('',(-40.8129222803,6.731429981338));
#2014 = CARTESIAN_POINT('',(-41.03062716674,6.722557950422));
#2015 = CARTESIAN_POINT('',(-41.2487398389,6.713212674008));
#2016 = CARTESIAN_POINT('',(-41.46720240681,6.703390587122));
#2017 = CARTESIAN_POINT('',(-41.68598665034,6.693086983104));
#2018 = CARTESIAN_POINT('',(-41.90504992149,6.682298366125));
#2019 = CARTESIAN_POINT('',(-42.0512685113,6.674779584388));
#2020 = CARTESIAN_POINT('',(-42.20069796185,6.666932027972));
#2021 = CARTESIAN_POINT('',(-42.35336832047,6.658740024247));
#2022 = CARTESIAN_POINT('',(-42.58255751642,6.645914758209));
#2023 = CARTESIAN_POINT('',(-42.81191448758,6.632548691799));
#2024 = CARTESIAN_POINT('',(-43.04139113352,6.618640615905));
#2025 = CARTESIAN_POINT('',(-43.27095722284,6.604188894369));
#2026 = CARTESIAN_POINT('',(-43.50054605472,6.589194585824));
#2027 = CARTESIAN_POINT('',(-43.73017914818,6.573654347993));
#2028 = CARTESIAN_POINT('',(-43.9597641514,6.557572291086));
#2029 = CARTESIAN_POINT('',(-44.18930090639,6.540946444063));
#2030 = CARTESIAN_POINT('',(-44.41870091694,6.523784300959));
#2031 = CARTESIAN_POINT('',(-44.64801886105,6.506077129508));
#2032 = CARTESIAN_POINT('',(-44.87695826559,6.487856436096));
#2033 = CARTESIAN_POINT('',(-45.10616129443,6.469057194775));
#2034 = CARTESIAN_POINT('',(-45.3339942362,6.449842545323));
#2035 = CARTESIAN_POINT('',(-45.56403177809,6.429858552256));
#2036 = CARTESIAN_POINT('',(-45.71268109502,6.416638211049));
#2037 = CARTESIAN_POINT('',(-45.88595986085,6.400879496272));
#2038 = CARTESIAN_POINT('',(-46.06973508196,6.383920103984));
#2039 = CARTESIAN_POINT('',(-46.34385993926,6.357893910076));
#2040 = CARTESIAN_POINT('',(-46.61666490235,6.331267881183));
#2041 = CARTESIAN_POINT('',(-46.84279827286,6.3085939119));
#2042 = CARTESIAN_POINT('',(-47.02298478231,6.290166148408));
#2043 = CARTESIAN_POINT('',(-47.20270757798,6.27154678322));
#2044 = CARTESIAN_POINT('',(-47.42650276789,6.247915116037));
#2045 = CARTESIAN_POINT('',(-47.69359966385,6.218996375179));
#2046 = CARTESIAN_POINT('',(-47.87071755652,6.199347634452));
#2047 = CARTESIAN_POINT('',(-48.01967883233,6.182622386915));
#2048 = CARTESIAN_POINT('',(-48.14076962268,6.168915451305));
#2049 = CARTESIAN_POINT('',(-48.32172008013,6.148100281076));
#2050 = CARTESIAN_POINT('',(-48.50199068399,6.127032853398));
#2051 = CARTESIAN_POINT('',(-48.68157363222,6.105716183696));
#2052 = CARTESIAN_POINT('',(-48.86046734123,6.084153080457));
#2053 = CARTESIAN_POINT('',(-49.03866748111,6.062346466173));
#2054 = CARTESIAN_POINT('',(-49.216170991,6.040299233316));
#2055 = CARTESIAN_POINT('',(-49.39297426454,6.018014308954));
#2056 = CARTESIAN_POINT('',(-49.56907400895,5.995494624096));
#2057 = CARTESIAN_POINT('',(-49.74446675219,5.972743130326));
#2058 = CARTESIAN_POINT('',(-49.91914930871,5.949762784656));
#2059 = CARTESIAN_POINT('',(-50.09311800794,5.926556572464));
#2060 = CARTESIAN_POINT('',(-50.26637064191,5.903127460276));
#2061 = CARTESIAN_POINT('',(-50.43889339916,5.879478488915));
#2062 = CARTESIAN_POINT('',(-50.61070516623,5.855612666245));
#2063 = CARTESIAN_POINT('',(-50.78178558042,5.831533012028));
#2064 = CARTESIAN_POINT('',(-50.95213648205,5.807242499082));
#2065 = CARTESIAN_POINT('',(-51.1217581743,5.782744361139));
#2066 = CARTESIAN_POINT('',(-51.2906330463,5.758041227366));
#2067 = CARTESIAN_POINT('',(-51.45877649617,5.733136741282));
#2068 = CARTESIAN_POINT('',(-51.62617703871,5.708033684849));
#2069 = CARTESIAN_POINT('',(-51.79283227463,5.682735198802));
#2070 = CARTESIAN_POINT('',(-51.95873897966,5.657244372884));
#2071 = CARTESIAN_POINT('',(-52.12389423985,5.631564328635));
#2072 = CARTESIAN_POINT('',(-52.28829497577,5.605698193819));
#2073 = CARTESIAN_POINT('',(-52.45193837594,5.579649095523));
#2074 = CARTESIAN_POINT('',(-52.61482119711,5.553420202772));
#2075 = CARTESIAN_POINT('',(-52.77694121123,5.527014617803));
#2076 = CARTESIAN_POINT('',(-52.93829401835,5.50043562436));
#2077 = CARTESIAN_POINT('',(-53.09888016426,5.473686127799));
#2078 = CARTESIAN_POINT('',(-53.25868913451,5.446769921065));
#2079 = CARTESIAN_POINT('',(-53.36472110406,5.428715676293));
#2080 = CARTESIAN_POINT('',(-53.44430324208,5.41509078237));
#2081 = CARTESIAN_POINT('',(-53.49774057436,5.405915484441));
#2082 = CARTESIAN_POINT('',(-53.60391966116,5.387592000473));
#2083 = CARTESIAN_POINT('',(-53.73812107421,5.364215657224));
#2084 = CARTESIAN_POINT('',(-53.9023754868,5.335221645216));
#2085 = CARTESIAN_POINT('',(-54.06927118841,5.305374607283));
#2086 = CARTESIAN_POINT('',(-54.23877674055,5.274659609264));
#2087 = CARTESIAN_POINT('',(-54.38198398661,5.248368493849));
#2088 = CARTESIAN_POINT('',(-54.4976402377,5.226922968259));
#2089 = CARTESIAN_POINT('',(-54.61398699136,5.20520761182));
#2090 = CARTESIAN_POINT('',(-54.76066614505,5.177564071076));
#2091 = CARTESIAN_POINT('',(-54.9384733221,5.143611021221));
#2092 = CARTESIAN_POINT('',(-55.11789372504,5.108900557068));
#2093 = CARTESIAN_POINT('',(-55.2987364841,5.073452597681));
#2094 = CARTESIAN_POINT('',(-55.48082877313,5.03729370584));
#2095 = CARTESIAN_POINT('',(-55.66398939214,5.000446845329));
#2096 = CARTESIAN_POINT('',(-55.84804382569,4.962937543924));
#2097 = CARTESIAN_POINT('',(-56.032820093,4.924791983797));
#2098 = CARTESIAN_POINT('',(-56.21814957701,4.886037330389));
#2099 = CARTESIAN_POINT('',(-56.40386690165,4.846701585968));
#2100 = CARTESIAN_POINT('',(-56.58981013539,4.806813611265));
#2101 = CARTESIAN_POINT('',(-56.77582092868,4.766403105983));
#2102 = CARTESIAN_POINT('',(-56.96174447362,4.725500512366));
#2103 = CARTESIAN_POINT('',(-57.14743001411,4.684137210848));
#2104 = CARTESIAN_POINT('',(-57.33272903864,4.6423434233));
#2105 = CARTESIAN_POINT('',(-57.51750091348,4.600155628292));
#2106 = CARTESIAN_POINT('',(-57.70160453401,4.557604064462));
#2107 = CARTESIAN_POINT('',(-57.88490562316,4.514723467754));
#2108 = CARTESIAN_POINT('',(-58.03687837512,4.478744746065));
#2109 = CARTESIAN_POINT('',(-58.15792628513,4.449830227136));
#2110 = CARTESIAN_POINT('',(-58.27860027896,4.420834972526));
#2111 = CARTESIAN_POINT('',(-58.42870316113,4.384453017522));
#2112 = CARTESIAN_POINT('',(-58.60752568364,4.34060479429));
#2113 = CARTESIAN_POINT('',(-58.78493303529,4.29660473599));
#2114 = CARTESIAN_POINT('',(-58.96081629952,4.25248756248));
#2115 = CARTESIAN_POINT('',(-59.0769849401,4.223024051499));
#2116 = CARTESIAN_POINT('',(-59.18595097314,4.195234779495));
#2117 = CARTESIAN_POINT('',(-59.28783633293,4.169125047161));
#2118 = CARTESIAN_POINT('',(-59.41400265114,4.136481428261));
#2119 = CARTESIAN_POINT('',(-59.51419008935,4.110374382782));
#2120 = CARTESIAN_POINT('',(-59.61387019201,4.084276920037));
#2121 = CARTESIAN_POINT('',(-59.69422646069,4.063093421931));
#2122 = CARTESIAN_POINT('',(-59.75566289169,4.046812133977));
#2123 = CARTESIAN_POINT('',(-59.77406853074,4.041928847534));
#2124 = CARTESIAN_POINT('',(-59.79244873028,4.03704675474));
#2125 = CARTESIAN_POINT('',(-59.8108033958,4.032165884645));
#2126 = CARTESIAN_POINT('',(-59.82913241763,4.027286290513));
#2127 = CARTESIAN_POINT('',(-59.8535368006,4.020781904246));
#2128 = CARTESIAN_POINT('',(-59.89615371056,4.009404254873));
#2129 = CARTESIAN_POINT('',(-59.95677344388,3.993165841118));
#2130 = CARTESIAN_POINT('',(-60.0290935795,3.973706104732));
#2131 = CARTESIAN_POINT('',(-60.08900089942,3.957515038611));
#2132 = CARTESIAN_POINT('',(-60.13670907619,3.944578069277));
#2133 = CARTESIAN_POINT('',(-60.16346216959,3.937307676121));
#2134 = CARTESIAN_POINT('',(-60.18126315513,3.932463413953));
#2135 = CARTESIAN_POINT('',(-60.19312121451,3.929234676434));
#2136 = CARTESIAN_POINT('',(-60.21384848725,3.923586412465));
#2137 = CARTESIAN_POINT('',(-60.23452655856,3.917942528888));
#2138 = CARTESIAN_POINT('',(-60.25074173811,3.913510663445));
#2139 = CARTESIAN_POINT('',(-60.25663465384,3.911899384055));
#2140 = CARTESIAN_POINT('',(-60.26252522729,3.910288309891));
#2141 = CARTESIAN_POINT('',(-60.26841225266,3.908677564781));
#2142 = CARTESIAN_POINT('',(-60.27429577195,3.907067122301));
#2143 = CARTESIAN_POINT('',(-60.2801769383,3.905456891243));
#2144 = CARTESIAN_POINT('',(-60.28752393901,3.903444524332));
#2145 = CARTESIAN_POINT('',(-60.29926977349,3.900225555886));
#2146 = CARTESIAN_POINT('',(-60.35499415374,3.884942184213));
#2147 = CARTESIAN_POINT('',(-60.45397841235,3.857664759956));
#2148 = CARTESIAN_POINT('',(-60.5688765606,3.825734737322));
#2149 = CARTESIAN_POINT('',(-60.64278625969,3.805068315435));
#2150 = CARTESIAN_POINT('',(-60.67674870187,3.795547465859));
#2151 = CARTESIAN_POINT('',(-60.69935019979,3.789205017984));
#2152 = CARTESIAN_POINT('',(-60.72189031489,3.782870386289));
#2153 = CARTESIAN_POINT('',(-60.74437011011,3.776543042998));
#2154 = CARTESIAN_POINT('',(-60.76119928857,3.771801452648));
#2155 = CARTESIAN_POINT('',(-60.77799786632,3.76706375161));
#2156 = CARTESIAN_POINT('',(-60.7947657289,3.76233000876));
#2157 = CARTESIAN_POINT('',(-60.81150276725,3.757600287133));
#2158 = CARTESIAN_POINT('',(-60.83377780176,3.751299328549));
#2159 = CARTESIAN_POINT('',(-60.85599029275,3.745006894695));
#2160 = CARTESIAN_POINT('',(-60.87814130207,3.738722515339));
#2161 = CARTESIAN_POINT('',(-60.89472329277,3.73401352563));
#2162 = CARTESIAN_POINT('',(-60.91127412801,3.729308789601));
#2163 = CARTESIAN_POINT('',(-60.92504034786,3.725391818046));
#2164 = CARTESIAN_POINT('',(-60.93466307219,3.722651810761));
#2165 = CARTESIAN_POINT('',(-60.9401578688,3.721086632651));
#2166 = CARTESIAN_POINT('',(-60.94839612077,3.718739424649));
#2167 = CARTESIAN_POINT('',(-60.96622425602,3.713656863892));
#2168 = CARTESIAN_POINT('',(-60.98810291813,3.70741064965));
#2169 = CARTESIAN_POINT('',(-61.00514669845,3.702537698127));
#2170 = CARTESIAN_POINT('',(-61.01195684129,3.700589571116));
#2171 = CARTESIAN_POINT('',(-61.01468024768,3.699810412046));
#2172 = CARTESIAN_POINT('',(-61.01808325022,3.698836651156));
#2173 = CARTESIAN_POINT('',(-61.02216488006,3.697668423234));
#2174 = CARTESIAN_POINT('',(-61.03032415613,3.695332554618));
#2175 = CARTESIAN_POINT('',(-61.04254800179,3.691831012959));
#2176 = CARTESIAN_POINT('',(-61.05474797056,3.688332999727));
#2177 = CARTESIAN_POINT('',(-61.06287143132,3.686002424995));
#2178 = CARTESIAN_POINT('',(-61.06828443072,3.684449097373));
#2179 = CARTESIAN_POINT('',(-61.07301724773,3.683090485664));
#2180 = CARTESIAN_POINT('',(-61.07707150857,3.681926311409));
#2181 = CARTESIAN_POINT('',(-61.07977368158,3.68115029593));
#2182 = CARTESIAN_POINT('',(-61.08315013784,3.680180468956));
#2183 = CARTESIAN_POINT('',(-61.08719988932,3.679016976253));
#2184 = CARTESIAN_POINT('',(-61.09124764045,3.677853785364));
#2185 = CARTESIAN_POINT('',(-61.09529338473,3.676690899251));
#2186 = CARTESIAN_POINT('',(-61.10068505761,3.675140781748));
#2187 = CARTESIAN_POINT('',(-61.10539919474,3.673784990083));
#2188 = CARTESIAN_POINT('',(-61.1091009192,3.672720051492));
#2189 = CARTESIAN_POINT('',(-61.11027852165,3.672381240668));
#2190 = CARTESIAN_POINT('',(-61.11095137528,3.672187643783));
#2191 = CARTESIAN_POINT('',(-61.11196059308,3.671897258003));
#2192 = CARTESIAN_POINT('',(-61.11347417881,3.671461717559));
#2193 = CARTESIAN_POINT('',(-61.1161643386,3.670687521741));
#2194 = CARTESIAN_POINT('',(-61.11826522085,3.670082809514));
#2195 = CARTESIAN_POINT('',(-61.11977747114,3.669647471945));
#2196 = CARTESIAN_POINT('',(-61.12011351611,3.669550731907));
#2197 = CARTESIAN_POINT('',(-61.1207015698,3.66938144027));
#2198 = CARTESIAN_POINT('',(-61.12154155515,3.669139611375));
#2199 = CARTESIAN_POINT('',(-61.12225547734,3.668934062703));
#2200 = CARTESIAN_POINT('',(-61.12267537448,3.668813165304));
#2201 = CARTESIAN_POINT('',(-61.12280137064,3.668776886837));
#2202 = CARTESIAN_POINT('',(-61.1229272845,3.668740635137));
#2203 = CARTESIAN_POINT('',(-61.12309541361,3.668692218704));
#2204 = CARTESIAN_POINT('',(-61.12326281047,3.668644042832));
#2205 = CARTESIAN_POINT('',(-61.12343159568,3.668595408848));
#2206 = CARTESIAN_POINT('',(-61.1235145638,3.668571560952));
#2207 = CARTESIAN_POINT('',(-61.1235560583,3.668559633506));
#2208 = CARTESIAN_POINT('',(-61.16604643507,3.656345929708));
#2209 = CARTESIAN_POINT('',(-61.24622158805,3.632524247662));
#2210 = CARTESIAN_POINT('',(-61.30108546073,3.617713002866));
#2211 = CARTESIAN_POINT('',(-61.40362083286,3.585570851605));
#2212 = CARTESIAN_POINT('',(-61.54615824437,3.541132824582));
#2213 = CARTESIAN_POINT('',(-61.74106652045,3.479742527904));
#2214 = CARTESIAN_POINT('',(-62.02670525175,3.387436948192));
#2215 = CARTESIAN_POINT('',(-62.30173916912,3.296311825816));
#2216 = CARTESIAN_POINT('',(-62.52367945442,3.220905926103));
#2217 = CARTESIAN_POINT('',(-62.69659857215,3.161040800254));
#2218 = CARTESIAN_POINT('',(-62.86660401017,3.101440203046));
#2219 = CARTESIAN_POINT('',(-63.07362137745,3.027473378053));
#2220 = CARTESIAN_POINT('',(-63.31352736526,2.939573756067));
#2221 = CARTESIAN_POINT('',(-63.54515377419,2.852550393157));
#2222 = CARTESIAN_POINT('',(-63.76875804674,2.766411789746));
#2223 = CARTESIAN_POINT('',(-63.98455787908,2.681181167432));
#2224 = CARTESIAN_POINT('',(-64.19283545749,2.596857083283));
#2225 = CARTESIAN_POINT('',(-64.39378114667,2.513473511624));
#2226 = CARTESIAN_POINT('',(-64.58765934659,2.431035826263));
#2227 = CARTESIAN_POINT('',(-64.77470367001,2.349561295464));
#2228 = CARTESIAN_POINT('',(-64.95516396642,2.269060917384));
#2229 = CARTESIAN_POINT('',(-65.07122747081,2.21605872719));
#2230 = CARTESIAN_POINT('',(-65.1652583259,2.172628570492));
#2231 = CARTESIAN_POINT('',(-65.23841871631,2.138582360775));
#2232 = CARTESIAN_POINT('',(-65.34564382128,2.087942499101));
#2233 = CARTESIAN_POINT('',(-65.45043102295,2.03773148002));
#2234 = CARTESIAN_POINT('',(-65.5528284143,1.987960105262));
#2235 = CARTESIAN_POINT('',(-65.65290932308,1.938629410198));
#2236 = CARTESIAN_POINT('',(-65.75074689912,1.88974049954));
#2237 = CARTESIAN_POINT('',(-65.84638975735,1.841303974393));
#2238 = CARTESIAN_POINT('',(-65.90873947229,1.809314438198));
#2239 = CARTESIAN_POINT('',(-65.97609412225,1.774539904648));
#2240 = CARTESIAN_POINT('',(-66.0482036767,1.737033981475));
#2241 = CARTESIAN_POINT('',(-66.15374821314,1.681325886219));
#2242 = CARTESIAN_POINT('',(-66.25681231774,1.626119180786));
#2243 = CARTESIAN_POINT('',(-66.35755137704,1.571358264909));
#2244 = CARTESIAN_POINT('',(-66.45611248443,1.516990749067));
#2245 = CARTESIAN_POINT('',(-66.55265864934,1.462958084615));
#2246 = CARTESIAN_POINT('',(-66.64731459666,1.409216541452));
#2247 = CARTESIAN_POINT('',(-66.74025038083,1.35570484625));
#2248 = CARTESIAN_POINT('',(-66.8316109268,1.302371452746));
#2249 = CARTESIAN_POINT('',(-66.92154143577,1.249164708788));
#2250 = CARTESIAN_POINT('',(-67.01021149299,1.196023525695));
#2251 = CARTESIAN_POINT('',(-67.09774651531,1.142903910672));
#2252 = CARTESIAN_POINT('',(-67.18430886838,1.089747571387));
#2253 = CARTESIAN_POINT('',(-67.27004644229,1.036501819146));
#2254 = CARTESIAN_POINT('',(-67.35511295682,0.983111710022));
#2255 = CARTESIAN_POINT('',(-67.41147227041,0.947388070467));
#2256 = CARTESIAN_POINT('',(-67.48424541556,0.901050760486));
#2257 = CARTESIAN_POINT('',(-67.58627785167,0.833865897142));
#2258 = CARTESIAN_POINT('',(-67.76996315872,0.706748438216));
#2259 = CARTESIAN_POINT('',(-67.97666077341,0.557940700696));
#2260 = CARTESIAN_POINT('',(-68.12471435977,0.44737662616));
#2261 = CARTESIAN_POINT('',(-68.259553797,0.344725926991));
#2262 = CARTESIAN_POINT('',(-68.31898367435,0.298915786859));
#2263 = CARTESIAN_POINT('',(-68.37882808765,0.252010115722));
#2264 = ( GEOMETRIC_REPRESENTATION_CONTEXT(2) 
PARAMETRIC_REPRESENTATION_CONTEXT() REPRESENTATION_CONTEXT('2D SPACE',''
  ) );
#2265 = ADVANCED_FACE('',(#2266),#1175,.T.);
#2266 = FACE_BOUND('',#2267,.F.);
#2267 = EDGE_LOOP('',(#2268,#2269,#2292,#2320));
#2268 = ORIENTED_EDGE('',*,*,#1157,.T.);
#2269 = ORIENTED_EDGE('',*,*,#2270,.T.);
#2270 = EDGE_CURVE('',#1160,#2271,#2273,.T.);
#2271 = VERTEX_POINT('',#2272);
#2272 = CARTESIAN_POINT('',(-493.0000216012,79.308751309033,
    11.062534318677));
#2273 = SURFACE_CURVE('',#2274,(#2278,#2285),.PCURVE_S1.);
#2274 = LINE('',#2275,#2276);
#2275 = CARTESIAN_POINT('',(-493.0000213994,79.30708112969,
    13.073517524214));
#2276 = VECTOR('',#2277,1.);
#2277 = DIRECTION('',(-1.00333855297E-07,8.305284514148E-04,
    -0.999999655111));
#2278 = PCURVE('',#1175,#2279);
#2279 = DEFINITIONAL_REPRESENTATION('',(#2280),#2284);
#2280 = LINE('',#2281,#2282);
#2281 = CARTESIAN_POINT('',(-7.485198487831,-4.99));
#2282 = VECTOR('',#2283,1.);
#2283 = DIRECTION('',(-1.,-2.64697796017E-23));
#2284 = ( GEOMETRIC_REPRESENTATION_CONTEXT(2) 
PARAMETRIC_REPRESENTATION_CONTEXT() REPRESENTATION_CONTEXT('2D SPACE',''
  ) );
#2285 = PCURVE('',#66,#2286);
#2286 = DEFINITIONAL_REPRESENTATION('',(#2287),#2291);
#2287 = LINE('',#2288,#2289);
#2288 = CARTESIAN_POINT('',(-38.92001878579,-0.685397687924));
#2289 = VECTOR('',#2290,1.);
#2290 = DIRECTION('',(-3.40694621501E-02,-0.999419467365));
#2291 = ( GEOMETRIC_REPRESENTATION_CONTEXT(2) 
PARAMETRIC_REPRESENTATION_CONTEXT() REPRESENTATION_CONTEXT('2D SPACE',''
  ) );
#2292 = ORIENTED_EDGE('',*,*,#2293,.F.);
#2293 = EDGE_CURVE('',#2294,#2271,#2296,.T.);
#2294 = VERTEX_POINT('',#2295);
#2295 = CARTESIAN_POINT('',(-488.0100216012,79.308751309448,
    11.062533818011));
#2296 = SURFACE_CURVE('',#2297,(#2301,#2308),.PCURVE_S1.);
#2297 = LINE('',#2298,#2299);
#2298 = CARTESIAN_POINT('',(-488.0100216012,79.308751309448,
    11.062533818011));
#2299 = VECTOR('',#2300,1.);
#2300 = DIRECTION('',(-1.,-8.313972134781E-11,1.003338207795E-07));
#2301 = PCURVE('',#1175,#2302);
#2302 = DEFINITIONAL_REPRESENTATION('',(#2303),#2307);
#2303 = LINE('',#2304,#2305);
#2304 = CARTESIAN_POINT('',(-9.496182386934,-2.135915178669E-13));
#2305 = VECTOR('',#2306,1.);
#2306 = DIRECTION('',(-7.162714419285E-17,-1.));
#2307 = ( GEOMETRIC_REPRESENTATION_CONTEXT(2) 
PARAMETRIC_REPRESENTATION_CONTEXT() REPRESENTATION_CONTEXT('2D SPACE',''
  ) );
#2308 = PCURVE('',#2309,#2314);
#2309 = PLANE('',#2310);
#2310 = AXIS2_PLACEMENT_3D('',#2311,#2312,#2313);
#2311 = CARTESIAN_POINT('',(-488.0100216012,79.308751309448,
    11.062533818012));
#2312 = DIRECTION('',(1.003338552254E-07,-8.305284514757E-04,
    0.999999655111));
#2313 = DIRECTION('',(-1.903949139395E-13,-0.999999655111,
    -8.305284514757E-04));
#2314 = DEFINITIONAL_REPRESENTATION('',(#2315),#2319);
#2315 = LINE('',#2316,#2317);
#2316 = CARTESIAN_POINT('',(-7.10542490862E-15,4.206412995701E-12));
#2317 = VECTOR('',#2318,1.);
#2318 = DIRECTION('',(-5.214845227259E-18,-1.));
#2319 = ( GEOMETRIC_REPRESENTATION_CONTEXT(2) 
PARAMETRIC_REPRESENTATION_CONTEXT() REPRESENTATION_CONTEXT('2D SPACE',''
  ) );
#2320 = ORIENTED_EDGE('',*,*,#2321,.F.);
#2321 = EDGE_CURVE('',#1158,#2294,#2322,.T.);
#2322 = SURFACE_CURVE('',#2323,(#2327,#2334),.PCURVE_S1.);
#2323 = LINE('',#2324,#2325);
#2324 = CARTESIAN_POINT('',(-488.0100213994,79.307081130105,
    13.073517023548));
#2325 = VECTOR('',#2326,1.);
#2326 = DIRECTION('',(-1.00333855297E-07,8.305284514148E-04,
    -0.999999655111));
#2327 = PCURVE('',#1175,#2328);
#2328 = DEFINITIONAL_REPRESENTATION('',(#2329),#2333);
#2329 = LINE('',#2330,#2331);
#2330 = CARTESIAN_POINT('',(-7.485198487831,-1.888988250353E-14));
#2331 = VECTOR('',#2332,1.);
#2332 = DIRECTION('',(-1.,-2.64697796017E-23));
#2333 = ( GEOMETRIC_REPRESENTATION_CONTEXT(2) 
PARAMETRIC_REPRESENTATION_CONTEXT() REPRESENTATION_CONTEXT('2D SPACE',''
  ) );
#2334 = PCURVE('',#98,#2335);
#2335 = DEFINITIONAL_REPRESENTATION('',(#2336),#2340);
#2336 = LINE('',#2337,#2338);
#2337 = CARTESIAN_POINT('',(-38.92001878579,-0.685397687924));
#2338 = VECTOR('',#2339,1.);
#2339 = DIRECTION('',(-3.40694621501E-02,-0.999419467365));
#2340 = ( GEOMETRIC_REPRESENTATION_CONTEXT(2) 
PARAMETRIC_REPRESENTATION_CONTEXT() REPRESENTATION_CONTEXT('2D SPACE',''
  ) );
#2341 = ADVANCED_FACE('',(#2342),#2309,.T.);
#2342 = FACE_BOUND('',#2343,.F.);
#2343 = EDGE_LOOP('',(#2344,#2345,#2368,#2396));
#2344 = ORIENTED_EDGE('',*,*,#2293,.T.);
#2345 = ORIENTED_EDGE('',*,*,#2346,.T.);
#2346 = EDGE_CURVE('',#2271,#2347,#2349,.T.);
#2347 = VERTEX_POINT('',#2348);
#2348 = CARTESIAN_POINT('',(-493.0000216012,84.308749584588,
    11.066686960934));
#2349 = SURFACE_CURVE('',#2350,(#2354,#2361),.PCURVE_S1.);
#2350 = LINE('',#2351,#2352);
#2351 = CARTESIAN_POINT('',(-493.0000216012,101.24578040027,
    11.080753651762));
#2352 = VECTOR('',#2353,1.);
#2353 = DIRECTION('',(1.903949139395E-13,0.999999655111,
    8.305284514757E-04));
#2354 = PCURVE('',#2309,#2355);
#2355 = DEFINITIONAL_REPRESENTATION('',(#2356),#2360);
#2356 = LINE('',#2357,#2358);
#2357 = CARTESIAN_POINT('',(-21.93703665708,-4.99));
#2358 = VECTOR('',#2359,1.);
#2359 = DIRECTION('',(-1.,2.827277484312E-27));
#2360 = ( GEOMETRIC_REPRESENTATION_CONTEXT(2) 
PARAMETRIC_REPRESENTATION_CONTEXT() REPRESENTATION_CONTEXT('2D SPACE',''
  ) );
#2361 = PCURVE('',#66,#2362);
#2362 = DEFINITIONAL_REPRESENTATION('',(#2363),#2367);
#2363 = LINE('',#2364,#2365);
#2364 = CARTESIAN_POINT('',(-17.06423043423,-3.442597185318));
#2365 = VECTOR('',#2366,1.);
#2366 = DIRECTION('',(0.999419467365,-3.406946215003E-02));
#2367 = ( GEOMETRIC_REPRESENTATION_CONTEXT(2) 
PARAMETRIC_REPRESENTATION_CONTEXT() REPRESENTATION_CONTEXT('2D SPACE',''
  ) );
#2368 = ORIENTED_EDGE('',*,*,#2369,.F.);
#2369 = EDGE_CURVE('',#2370,#2347,#2372,.T.);
#2370 = VERTEX_POINT('',#2371);
#2371 = CARTESIAN_POINT('',(-488.0100216012,84.308749585003,
    11.066686460268));
#2372 = SURFACE_CURVE('',#2373,(#2377,#2384),.PCURVE_S1.);
#2373 = LINE('',#2374,#2375);
#2374 = CARTESIAN_POINT('',(-488.0100216012,84.308749585003,
    11.066686460268));
#2375 = VECTOR('',#2376,1.);
#2376 = DIRECTION('',(-1.,-8.313972134781E-11,1.003338207795E-07));
#2377 = PCURVE('',#2309,#2378);
#2378 = DEFINITIONAL_REPRESENTATION('',(#2379),#2383);
#2379 = LINE('',#2380,#2381);
#2380 = CARTESIAN_POINT('',(-4.999999999999,3.211932483866E-12));
#2381 = VECTOR('',#2382,1.);
#2382 = DIRECTION('',(-5.214845227259E-18,-1.));
#2383 = ( GEOMETRIC_REPRESENTATION_CONTEXT(2) 
PARAMETRIC_REPRESENTATION_CONTEXT() REPRESENTATION_CONTEXT('2D SPACE',''
  ) );
#2384 = PCURVE('',#2385,#2390);
#2385 = PLANE('',#2386);
#2386 = AXIS2_PLACEMENT_3D('',#2387,#2388,#2389);
#2387 = CARTESIAN_POINT('',(-488.0100216012,84.308749585002,
    11.066686460268));
#2388 = DIRECTION('',(-1.90400112029E-13,-0.999999655111,
    -8.305284513087E-04));
#2389 = DIRECTION('',(-1.003338552276E-07,8.305284513087E-04,
    -0.999999655111));
#2390 = DEFINITIONAL_REPRESENTATION('',(#2391),#2395);
#2391 = LINE('',#2392,#2393);
#2392 = CARTESIAN_POINT('',(-1.332084663846E-15,-9.094947020403E-13));
#2393 = VECTOR('',#2394,1.);
#2394 = DIRECTION('',(2.227140785907E-18,-1.));
#2395 = ( GEOMETRIC_REPRESENTATION_CONTEXT(2) 
PARAMETRIC_REPRESENTATION_CONTEXT() REPRESENTATION_CONTEXT('2D SPACE',''
  ) );
#2396 = ORIENTED_EDGE('',*,*,#2397,.F.);
#2397 = EDGE_CURVE('',#2294,#2370,#2398,.T.);
#2398 = SURFACE_CURVE('',#2399,(#2403,#2410),.PCURVE_S1.);
#2399 = LINE('',#2400,#2401);
#2400 = CARTESIAN_POINT('',(-488.0100216012,101.24578040069,
    11.080753151096));
#2401 = VECTOR('',#2402,1.);
#2402 = DIRECTION('',(1.903949139395E-13,0.999999655111,
    8.305284514757E-04));
#2403 = PCURVE('',#2309,#2404);
#2404 = DEFINITIONAL_REPRESENTATION('',(#2405),#2409);
#2405 = LINE('',#2406,#2407);
#2406 = CARTESIAN_POINT('',(-21.93703665708,-5.437565739075E-14));
#2407 = VECTOR('',#2408,1.);
#2408 = DIRECTION('',(-1.,2.827277484312E-27));
#2409 = ( GEOMETRIC_REPRESENTATION_CONTEXT(2) 
PARAMETRIC_REPRESENTATION_CONTEXT() REPRESENTATION_CONTEXT('2D SPACE',''
  ) );
#2410 = PCURVE('',#98,#2411);
#2411 = DEFINITIONAL_REPRESENTATION('',(#2412),#2416);
#2412 = LINE('',#2413,#2414);
#2413 = CARTESIAN_POINT('',(-17.06423043423,-3.442597185318));
#2414 = VECTOR('',#2415,1.);
#2415 = DIRECTION('',(0.999419467365,-3.406946215003E-02));
#2416 = ( GEOMETRIC_REPRESENTATION_CONTEXT(2) 
PARAMETRIC_REPRESENTATION_CONTEXT() REPRESENTATION_CONTEXT('2D SPACE',''
  ) );
#2417 = ADVANCED_FACE('',(#2418),#2385,.T.);
#2418 = FACE_BOUND('',#2419,.F.);
#2419 = EDGE_LOOP('',(#2420,#2421,#2444,#2534));
#2420 = ORIENTED_EDGE('',*,*,#2369,.T.);
#2421 = ORIENTED_EDGE('',*,*,#2422,.T.);
#2422 = EDGE_CURVE('',#2347,#2423,#2425,.T.);
#2423 = VERTEX_POINT('',#2424);
#2424 = CARTESIAN_POINT('',(-493.0000206305,84.300722353171,
    20.740734497959));
#2425 = SURFACE_CURVE('',#2426,(#2430,#2437),.PCURVE_S1.);
#2426 = LINE('',#2427,#2428);
#2427 = CARTESIAN_POINT('',(-493.0000207395,84.301617155349,
    19.654504472956));
#2428 = VECTOR('',#2429,1.);
#2429 = DIRECTION('',(1.003338552276E-07,-8.305284513087E-04,
    0.999999655111));
#2430 = PCURVE('',#2385,#2431);
#2431 = DEFINITIONAL_REPRESENTATION('',(#2432),#2436);
#2432 = LINE('',#2433,#2434);
#2433 = CARTESIAN_POINT('',(-8.587820473865,-4.99));
#2434 = VECTOR('',#2435,1.);
#2435 = DIRECTION('',(-1.,5.293955920339E-23));
#2436 = ( GEOMETRIC_REPRESENTATION_CONTEXT(2) 
PARAMETRIC_REPRESENTATION_CONTEXT() REPRESENTATION_CONTEXT('2D SPACE',''
  ) );
#2437 = PCURVE('',#66,#2438);
#2438 = DEFINITIONAL_REPRESENTATION('',(#2439),#2443);
#2439 = LINE('',#2440,#2441);
#2440 = CARTESIAN_POINT('',(-33.69885216421,5.717273507823));
#2441 = VECTOR('',#2442,1.);
#2442 = DIRECTION('',(3.40694621502E-02,0.999419467365));
#2443 = ( GEOMETRIC_REPRESENTATION_CONTEXT(2) 
PARAMETRIC_REPRESENTATION_CONTEXT() REPRESENTATION_CONTEXT('2D SPACE',''
  ) );
#2444 = ORIENTED_EDGE('',*,*,#2445,.F.);
#2445 = EDGE_CURVE('',#2446,#2423,#2448,.T.);
#2446 = VERTEX_POINT('',#2447);
#2447 = CARTESIAN_POINT('',(-488.0100206305,84.300722353586,
    20.740733997293));
#2448 = SURFACE_CURVE('',#2449,(#2453,#2460),.PCURVE_S1.);
#2449 = LINE('',#2450,#2451);
#2450 = CARTESIAN_POINT('',(-488.0100206305,84.300722353586,
    20.740733997293));
#2451 = VECTOR('',#2452,1.);
#2452 = DIRECTION('',(-1.,-8.313972134781E-11,1.003338207795E-07));
#2453 = PCURVE('',#2385,#2454);
#2454 = DEFINITIONAL_REPRESENTATION('',(#2455),#2459);
#2455 = LINE('',#2456,#2457);
#2456 = CARTESIAN_POINT('',(-9.674050867398,4.283690319966E-12));
#2457 = VECTOR('',#2458,1.);
#2458 = DIRECTION('',(2.227140785907E-18,-1.));
#2459 = ( GEOMETRIC_REPRESENTATION_CONTEXT(2) 
PARAMETRIC_REPRESENTATION_CONTEXT() REPRESENTATION_CONTEXT('2D SPACE',''
  ) );
#2460 = PCURVE('',#2461,#2528);
#2461 = SURFACE_OF_LINEAR_EXTRUSION('',#2462,#2526);
#2462 = B_SPLINE_CURVE_WITH_KNOTS('',3,(#2463,#2464,#2465,#2466,#2467,
    #2468,#2469,#2470,#2471,#2472,#2473,#2474,#2475,#2476,#2477,#2478,
    #2479,#2480,#2481,#2482,#2483,#2484,#2485,#2486,#2487,#2488,#2489,
    #2490,#2491,#2492,#2493,#2494,#2495,#2496,#2497,#2498,#2499,#2500,
    #2501,#2502,#2503,#2504,#2505,#2506,#2507,#2508,#2509,#2510,#2511,
    #2512,#2513,#2514,#2515,#2516,#2517,#2518,#2519,#2520,#2521,#2522,
    #2523,#2524,#2525),.UNSPECIFIED.,.F.,.F.,(4,1,1,1,2,2,1,1,1,1,1,1,1,
    1,1,1,1,1,1,1,1,1,1,1,1,1,1,2,1,1,1,1,1,1,1,1,1,1,1,1,1,1,1,1,1,1,1,
    2,1,1,1,2,1,2,4),(-0.409461847972,-0.406143496426,-0.402825144879,
    -0.399506793333,-0.396188441786,-0.396162517165,-0.396136592543,
    -0.3960847433,-0.395981044815,-0.395877346329,-0.395773647843,
    -0.395566250871,-0.3953588539,-0.394944059956,-0.394736662985,
    -0.394529266013,-0.393699678126,-0.393284884183,-0.39287009024,
    -0.392455296296,-0.392040502353,-0.391210914466,-0.389551738693,
    -0.38789256292,-0.386233387147,-0.384574211373,-0.383744623487,
    -0.3829150356,-0.379826799665,-0.379054740681,-0.378282681697,
    -0.377510622713,-0.37673856373,-0.375194445762,-0.37480841627,
    -0.374422386778,-0.374229372032,-0.374036357286,-0.373650327794,
    -0.372878268811,-0.372106209827,-0.371720180335,-0.371334150843,
    -0.370948121351,-0.370755106605,-0.370658599232,-0.370610345546,
    -0.370562091859,-0.365793306924,-0.361024521988,-0.356255737053,
    -0.351486952117,-0.348773912714,-0.34606087331,-0.339967144612),
  .UNSPECIFIED.);
#2463 = CARTESIAN_POINT('',(-488.0100207688,117.70184810793,
    19.390284506091));
#2464 = CARTESIAN_POINT('',(-488.0100207634,117.16059335322,
    19.444387771832));
#2465 = CARTESIAN_POINT('',(-488.0100207526,116.08193472636,
    19.549381896251));
#2466 = CARTESIAN_POINT('',(-488.0100207376,114.49434035392,
    19.695449053872));
#2467 = CARTESIAN_POINT('',(-488.0100207238,112.93242037102,
    19.83057248886));
#2468 = CARTESIAN_POINT('',(-488.0100207154,111.9344300902,
    19.911265722444));
#2469 = CARTESIAN_POINT('',(-488.0100207113,111.41646919049,
    19.951916740186));
#2470 = CARTESIAN_POINT('',(-488.0100207113,111.41245214281,
    19.95223195102));
#2471 = CARTESIAN_POINT('',(-488.0100207112,111.40441514629,
    19.952862459283));
#2472 = CARTESIAN_POINT('',(-488.0100207111,111.39235810301,
    19.95380808961));
#2473 = CARTESIAN_POINT('',(-488.0100207109,111.36420372647,
    19.956014625183));
#2474 = CARTESIAN_POINT('',(-488.0100207106,111.32392878969,
    19.959166379346));
#2475 = CARTESIAN_POINT('',(-488.0100207102,111.27551129254,
    19.962947805707));
#2476 = CARTESIAN_POINT('',(-488.0100207097,111.2108410813,
    19.967988442324));
#2477 = CARTESIAN_POINT('',(-488.010020709,111.12979210711,
    19.974286499504));
#2478 = CARTESIAN_POINT('',(-488.010020708,110.99968303959,
    19.984355462302));
#2479 = CARTESIAN_POINT('',(-488.010020707,110.86894479993,
    19.994409788471));
#2480 = CARTESIAN_POINT('',(-488.010020706,110.73763287706,
    20.004443580143));
#2481 = CARTESIAN_POINT('',(-488.0100207045,110.54011000634,
    20.019471103074));
#2482 = CARTESIAN_POINT('',(-488.0100207028,110.30809573162,
    20.036927939758));
#2483 = CARTESIAN_POINT('',(-488.0100207008,110.04119524189,
    20.05673225346));
#2484 = CARTESIAN_POINT('',(-488.0100206993,109.84022318006,
    20.071502818986));
#2485 = CARTESIAN_POINT('',(-488.0100206978,109.63854664805,
    20.08618102862));
#2486 = CARTESIAN_POINT('',(-488.0100206958,109.36882130799,
    20.105616452586));
#2487 = CARTESIAN_POINT('',(-488.0100206925,108.89492913821,
    20.139242476429));
#2488 = CARTESIAN_POINT('',(-488.0100206879,108.21421696294,
    20.18600848137));
#2489 = CARTESIAN_POINT('',(-488.0100206826,107.39672534463,
    20.239627083971));
#2490 = CARTESIAN_POINT('',(-488.0100206777,106.58342071781,
    20.290380068041));
#2491 = CARTESIAN_POINT('',(-488.0100206738,105.91300181266,
    20.33005299033));
#2492 = CARTESIAN_POINT('',(-488.0100206708,105.38329884525,
    20.360120708473));
#2493 = CARTESIAN_POINT('',(-488.0100206694,105.12102258968,
    20.374586069673));
#2494 = CARTESIAN_POINT('',(-488.0100206661,104.50484381103,
    20.40807488285));
#2495 = CARTESIAN_POINT('',(-488.0100206634,103.92328955948,
    20.4378781223));
#2496 = CARTESIAN_POINT('',(-488.0100206599,103.20087749663,
    20.472579760231));
#2497 = CARTESIAN_POINT('',(-488.0100206581,102.83601406338,
    20.489603797923));
#2498 = CARTESIAN_POINT('',(-488.0100206565,102.46779184895,
    20.506280076726));
#2499 = CARTESIAN_POINT('',(-488.0100206543,101.97307309201,
    20.527990215061));
#2500 = CARTESIAN_POINT('',(-488.0100206525,101.53595708112,
    20.546243985365));
#2501 = CARTESIAN_POINT('',(-488.0100206509,101.15942625212,
    20.561285000972));
#2502 = CARTESIAN_POINT('',(-488.0100206503,101.00226404145,
    20.567449478723));
#2503 = CARTESIAN_POINT('',(-488.0100206498,100.87639632228,
    20.572317951191));
#2504 = CARTESIAN_POINT('',(-488.0100206493,100.75044532259,
    20.577143976331));
#2505 = CARTESIAN_POINT('',(-488.0100206485,100.52983127643,
    20.585477080332));
#2506 = CARTESIAN_POINT('',(-488.0100206473,100.21422664036,
    20.59705433919));
#2507 = CARTESIAN_POINT('',(-488.0100206462,99.89837436663,
    20.608181839531));
#2508 = CARTESIAN_POINT('',(-488.0100206453,99.645747280437,
    20.616807560338));
#2509 = CARTESIAN_POINT('',(-488.0100206447,99.456347803846,
    20.623137661197));
#2510 = CARTESIAN_POINT('',(-488.0100206441,99.298616304665,
    20.62829574615));
#2511 = CARTESIAN_POINT('',(-488.0100206438,99.188275473042,
    20.63184473706));
#2512 = CARTESIAN_POINT('',(-488.0100206436,99.133130010748,
    20.633603587953));
#2513 = CARTESIAN_POINT('',(-488.0100206435,99.101619022172,
    20.634604449355));
#2514 = CARTESIAN_POINT('',(-488.0100206434,99.085875014313,
    20.635103021338));
#2515 = CARTESIAN_POINT('',(-488.0100206409,98.298795629073,
    20.660004744979));
#2516 = CARTESIAN_POINT('',(-488.0100206363,96.761186527016,
    20.701609929546));
#2517 = CARTESIAN_POINT('',(-488.0100206319,94.551991537089,
    20.743719532299));
#2518 = CARTESIAN_POINT('',(-488.0100206287,92.242504074479,
    20.771371392829));
#2519 = CARTESIAN_POINT('',(-488.0100206276,90.723857824259,
    20.779257777281));
#2520 = CARTESIAN_POINT('',(-488.0100206271,89.543146209406,
    20.782444294746));
#2521 = CARTESIAN_POINT('',(-488.0100206269,88.604084050844,
    20.783542129851));
#2522 = CARTESIAN_POINT('',(-488.0100206271,87.725466601358,
    20.780543439395));
#2523 = CARTESIAN_POINT('',(-488.0100206277,86.284597747237,
    20.77209878313));
#2524 = CARTESIAN_POINT('',(-488.0100206287,85.286210481604,
    20.760391824702));
#2525 = CARTESIAN_POINT('',(-488.0100206306,84.300737006965,
    20.740734242488));
#2526 = VECTOR('',#2527,1.);
#2527 = DIRECTION('',(1.,8.313972134781E-11,-1.003338207795E-07));
#2528 = DEFINITIONAL_REPRESENTATION('',(#2529),#2533);
#2529 = LINE('',#2530,#2531);
#2530 = CARTESIAN_POINT('',(-0.339967144612,0.));
#2531 = VECTOR('',#2532,1.);
#2532 = DIRECTION('',(0.,-1.));
#2533 = ( GEOMETRIC_REPRESENTATION_CONTEXT(2) 
PARAMETRIC_REPRESENTATION_CONTEXT() REPRESENTATION_CONTEXT('2D SPACE',''
  ) );
#2534 = ORIENTED_EDGE('',*,*,#2535,.F.);
#2535 = EDGE_CURVE('',#2370,#2446,#2536,.T.);
#2536 = SURFACE_CURVE('',#2537,(#2541,#2548),.PCURVE_S1.);
#2537 = LINE('',#2538,#2539);
#2538 = CARTESIAN_POINT('',(-488.0100207395,84.301617155764,
    19.65450397229));
#2539 = VECTOR('',#2540,1.);
#2540 = DIRECTION('',(1.003338552276E-07,-8.305284513087E-04,
    0.999999655111));
#2541 = PCURVE('',#2385,#2542);
#2542 = DEFINITIONAL_REPRESENTATION('',(#2543),#2547);
#2543 = LINE('',#2544,#2545);
#2544 = CARTESIAN_POINT('',(-8.587820473865,1.046886877148E-14));
#2545 = VECTOR('',#2546,1.);
#2546 = DIRECTION('',(-1.,5.293955920339E-23));
#2547 = ( GEOMETRIC_REPRESENTATION_CONTEXT(2) 
PARAMETRIC_REPRESENTATION_CONTEXT() REPRESENTATION_CONTEXT('2D SPACE',''
  ) );
#2548 = PCURVE('',#98,#2549);
#2549 = DEFINITIONAL_REPRESENTATION('',(#2550),#2554);
#2550 = LINE('',#2551,#2552);
#2551 = CARTESIAN_POINT('',(-33.69885216421,5.717273507823));
#2552 = VECTOR('',#2553,1.);
#2553 = DIRECTION('',(3.40694621502E-02,0.999419467365));
#2554 = ( GEOMETRIC_REPRESENTATION_CONTEXT(2) 
PARAMETRIC_REPRESENTATION_CONTEXT() REPRESENTATION_CONTEXT('2D SPACE',''
  ) );
#2555 = ADVANCED_FACE('',(#2556),#2461,.T.);
#2556 = FACE_BOUND('',#2557,.T.);
#2557 = EDGE_LOOP('',(#2558,#2588,#2729,#2730));
#2558 = ORIENTED_EDGE('',*,*,#2559,.T.);
#2559 = EDGE_CURVE('',#2560,#2562,#2564,.T.);
#2560 = VERTEX_POINT('',#2561);
#2561 = CARTESIAN_POINT('',(-488.0100207688,117.70184810794,
    19.3902845061));
#2562 = VERTEX_POINT('',#2563);
#2563 = CARTESIAN_POINT('',(-493.0000207688,117.70184810752,
    19.390285006766));
#2564 = SURFACE_CURVE('',#2565,(#2569,#2576),.PCURVE_S1.);
#2565 = LINE('',#2566,#2567);
#2566 = CARTESIAN_POINT('',(-488.0100207688,117.70184810794,
    19.3902845061));
#2567 = VECTOR('',#2568,1.);
#2568 = DIRECTION('',(-1.,-8.313972134781E-11,1.003338207795E-07));
#2569 = PCURVE('',#2461,#2570);
#2570 = DEFINITIONAL_REPRESENTATION('',(#2571),#2575);
#2571 = LINE('',#2572,#2573);
#2572 = CARTESIAN_POINT('',(-0.409461847972,0.));
#2573 = VECTOR('',#2574,1.);
#2574 = DIRECTION('',(0.,-1.));
#2575 = ( GEOMETRIC_REPRESENTATION_CONTEXT(2) 
PARAMETRIC_REPRESENTATION_CONTEXT() REPRESENTATION_CONTEXT('2D SPACE',''
  ) );
#2576 = PCURVE('',#2577,#2582);
#2577 = PLANE('',#2578);
#2578 = AXIS2_PLACEMENT_3D('',#2579,#2580,#2581);
#2579 = CARTESIAN_POINT('',(-488.0100207688,117.70184810804,
    19.3902845061));
#2580 = DIRECTION('',(1.904001231861E-13,0.999999655111,
    8.305284514199E-04));
#2581 = DIRECTION('',(1.003338552831E-07,-8.305284514199E-04,
    0.999999655111));
#2582 = DEFINITIONAL_REPRESENTATION('',(#2583),#2587);
#2583 = LINE('',#2584,#2585);
#2584 = CARTESIAN_POINT('',(-8.871971424474E-16,4.888534022208E-12));
#2585 = VECTOR('',#2586,1.);
#2586 = DIRECTION('',(-5.772714823995E-17,-1.));
#2587 = ( GEOMETRIC_REPRESENTATION_CONTEXT(2) 
PARAMETRIC_REPRESENTATION_CONTEXT() REPRESENTATION_CONTEXT('2D SPACE',''
  ) );
#2588 = ORIENTED_EDGE('',*,*,#2589,.T.);
#2589 = EDGE_CURVE('',#2562,#2423,#2590,.T.);
#2590 = SURFACE_CURVE('',#2591,(#2655,#2662),.PCURVE_S1.);
#2591 = B_SPLINE_CURVE_WITH_KNOTS('',3,(#2592,#2593,#2594,#2595,#2596,
    #2597,#2598,#2599,#2600,#2601,#2602,#2603,#2604,#2605,#2606,#2607,
    #2608,#2609,#2610,#2611,#2612,#2613,#2614,#2615,#2616,#2617,#2618,
    #2619,#2620,#2621,#2622,#2623,#2624,#2625,#2626,#2627,#2628,#2629,
    #2630,#2631,#2632,#2633,#2634,#2635,#2636,#2637,#2638,#2639,#2640,
    #2641,#2642,#2643,#2644,#2645,#2646,#2647,#2648,#2649,#2650,#2651,
    #2652,#2653,#2654),.UNSPECIFIED.,.F.,.F.,(4,1,1,1,2,2,1,1,1,1,1,1,1,
    1,1,1,1,1,1,1,1,1,1,1,1,1,1,2,1,1,1,1,1,1,1,1,1,1,1,1,1,1,1,1,1,1,1,
    2,1,1,1,2,1,2,4),(-0.409461847972,-0.406143496426,-0.402825144879,
    -0.399506793333,-0.396188441786,-0.396162517165,-0.396136592543,
    -0.3960847433,-0.395981044815,-0.395877346329,-0.395773647843,
    -0.395566250871,-0.3953588539,-0.394944059956,-0.394736662985,
    -0.394529266013,-0.393699678126,-0.393284884183,-0.39287009024,
    -0.392455296296,-0.392040502353,-0.391210914466,-0.389551738693,
    -0.38789256292,-0.386233387147,-0.384574211373,-0.383744623487,
    -0.3829150356,-0.379826799665,-0.379054740681,-0.378282681697,
    -0.377510622713,-0.37673856373,-0.375194445762,-0.37480841627,
    -0.374422386778,-0.374229372032,-0.374036357286,-0.373650327794,
    -0.372878268811,-0.372106209827,-0.371720180335,-0.371334150843,
    -0.370948121351,-0.370755106605,-0.370658599232,-0.370610345546,
    -0.370562091859,-0.365793306924,-0.361024521988,-0.356255737053,
    -0.351486952117,-0.348773912714,-0.34606087331,-0.339967144612),
  .UNSPECIFIED.);
#2592 = CARTESIAN_POINT('',(-493.0000207688,117.70184810751,
    19.390285006757));
#2593 = CARTESIAN_POINT('',(-493.0000207634,117.1605933528,
    19.444388272498));
#2594 = CARTESIAN_POINT('',(-493.0000207526,116.08193472594,
    19.549382396917));
#2595 = CARTESIAN_POINT('',(-493.0000207376,114.4943403535,
    19.695449554538));
#2596 = CARTESIAN_POINT('',(-493.0000207238,112.9324203706,
    19.830572989526));
#2597 = CARTESIAN_POINT('',(-493.0000207154,111.93443008978,
    19.91126622311));
#2598 = CARTESIAN_POINT('',(-493.0000207113,111.41646919007,
    19.951917240852));
#2599 = CARTESIAN_POINT('',(-493.0000207113,111.41245214239,
    19.952232451686));
#2600 = CARTESIAN_POINT('',(-493.0000207112,111.40441514587,
    19.952862959949));
#2601 = CARTESIAN_POINT('',(-493.0000207111,111.39235810259,
    19.953808590276));
#2602 = CARTESIAN_POINT('',(-493.0000207109,111.36420372605,
    19.956015125849));
#2603 = CARTESIAN_POINT('',(-493.0000207106,111.32392878927,
    19.959166880012));
#2604 = CARTESIAN_POINT('',(-493.0000207102,111.27551129212,
    19.962948306373));
#2605 = CARTESIAN_POINT('',(-493.0000207097,111.21084108088,
    19.96798894299));
#2606 = CARTESIAN_POINT('',(-493.000020709,111.12979210669,
    19.97428700017));
#2607 = CARTESIAN_POINT('',(-493.000020708,110.99968303917,
    19.984355962968));
#2608 = CARTESIAN_POINT('',(-493.000020707,110.86894479951,
    19.994410289137));
#2609 = CARTESIAN_POINT('',(-493.000020706,110.73763287664,
    20.004444080809));
#2610 = CARTESIAN_POINT('',(-493.0000207045,110.54011000592,
    20.01947160374));
#2611 = CARTESIAN_POINT('',(-493.0000207028,110.3080957312,
    20.036928440424));
#2612 = CARTESIAN_POINT('',(-493.0000207008,110.04119524147,
    20.056732754126));
#2613 = CARTESIAN_POINT('',(-493.0000206993,109.84022317964,
    20.071503319652));
#2614 = CARTESIAN_POINT('',(-493.0000206978,109.63854664763,
    20.086181529286));
#2615 = CARTESIAN_POINT('',(-493.0000206958,109.36882130757,
    20.105616953252));
#2616 = CARTESIAN_POINT('',(-493.0000206925,108.89492913779,
    20.139242977095));
#2617 = CARTESIAN_POINT('',(-493.0000206879,108.21421696252,
    20.186008982036));
#2618 = CARTESIAN_POINT('',(-493.0000206826,107.39672534421,
    20.239627584637));
#2619 = CARTESIAN_POINT('',(-493.0000206777,106.58342071739,
    20.290380568707));
#2620 = CARTESIAN_POINT('',(-493.0000206738,105.91300181224,
    20.330053490996));
#2621 = CARTESIAN_POINT('',(-493.0000206708,105.38329884483,
    20.360121209139));
#2622 = CARTESIAN_POINT('',(-493.0000206694,105.12102258926,
    20.374586570339));
#2623 = CARTESIAN_POINT('',(-493.0000206661,104.50484381061,
    20.408075383516));
#2624 = CARTESIAN_POINT('',(-493.0000206634,103.92328955906,
    20.437878622966));
#2625 = CARTESIAN_POINT('',(-493.0000206599,103.20087749621,
    20.472580260897));
#2626 = CARTESIAN_POINT('',(-493.0000206581,102.83601406296,
    20.489604298589));
#2627 = CARTESIAN_POINT('',(-493.0000206565,102.46779184853,
    20.506280577392));
#2628 = CARTESIAN_POINT('',(-493.0000206543,101.97307309159,
    20.527990715727));
#2629 = CARTESIAN_POINT('',(-493.0000206525,101.5359570807,
    20.546244486031));
#2630 = CARTESIAN_POINT('',(-493.0000206509,101.1594262517,
    20.561285501638));
#2631 = CARTESIAN_POINT('',(-493.0000206503,101.00226404103,
    20.567449979389));
#2632 = CARTESIAN_POINT('',(-493.0000206498,100.87639632186,
    20.572318451857));
#2633 = CARTESIAN_POINT('',(-493.0000206493,100.75044532217,
    20.577144476997));
#2634 = CARTESIAN_POINT('',(-493.0000206485,100.52983127601,
    20.585477580998));
#2635 = CARTESIAN_POINT('',(-493.0000206473,100.21422663994,
    20.597054839856));
#2636 = CARTESIAN_POINT('',(-493.0000206462,99.898374366215,
    20.608182340197));
#2637 = CARTESIAN_POINT('',(-493.0000206453,99.645747280022,
    20.616808061004));
#2638 = CARTESIAN_POINT('',(-493.0000206447,99.456347803431,
    20.623138161863));
#2639 = CARTESIAN_POINT('',(-493.0000206441,99.29861630425,
    20.628296246816));
#2640 = CARTESIAN_POINT('',(-493.0000206438,99.188275472627,
    20.631845237726));
#2641 = CARTESIAN_POINT('',(-493.0000206436,99.133130010333,
    20.633604088619));
#2642 = CARTESIAN_POINT('',(-493.0000206435,99.101619021757,
    20.634604950021));
#2643 = CARTESIAN_POINT('',(-493.0000206434,99.085875013898,
    20.635103522004));
#2644 = CARTESIAN_POINT('',(-493.0000206409,98.298795628658,
    20.660005245645));
#2645 = CARTESIAN_POINT('',(-493.0000206363,96.761186526601,
    20.701610430212));
#2646 = CARTESIAN_POINT('',(-493.0000206319,94.551991536674,
    20.743720032965));
#2647 = CARTESIAN_POINT('',(-493.0000206287,92.242504074064,
    20.771371893495));
#2648 = CARTESIAN_POINT('',(-493.0000206276,90.723857823844,
    20.779258277947));
#2649 = CARTESIAN_POINT('',(-493.0000206271,89.543146208991,
    20.782444795412));
#2650 = CARTESIAN_POINT('',(-493.0000206269,88.604084050429,
    20.783542630517));
#2651 = CARTESIAN_POINT('',(-493.0000206271,87.725466600943,
    20.780543940061));
#2652 = CARTESIAN_POINT('',(-493.0000206277,86.284597746822,
    20.772099283796));
#2653 = CARTESIAN_POINT('',(-493.0000206287,85.286210481189,
    20.760392325368));
#2654 = CARTESIAN_POINT('',(-493.0000206306,84.30073700655,
    20.740734743154));
#2655 = PCURVE('',#2461,#2656);
#2656 = DEFINITIONAL_REPRESENTATION('',(#2657),#2661);
#2657 = LINE('',#2658,#2659);
#2658 = CARTESIAN_POINT('',(0.,-4.99));
#2659 = VECTOR('',#2660,1.);
#2660 = DIRECTION('',(1.,0.));
#2661 = ( GEOMETRIC_REPRESENTATION_CONTEXT(2) 
PARAMETRIC_REPRESENTATION_CONTEXT() REPRESENTATION_CONTEXT('2D SPACE',''
  ) );
#2662 = PCURVE('',#66,#2663);
#2663 = DEFINITIONAL_REPRESENTATION('',(#2664),#2728);
#2664 = B_SPLINE_CURVE_WITH_KNOTS('',3,(#2665,#2666,#2667,#2668,#2669,
    #2670,#2671,#2672,#2673,#2674,#2675,#2676,#2677,#2678,#2679,#2680,
    #2681,#2682,#2683,#2684,#2685,#2686,#2687,#2688,#2689,#2690,#2691,
    #2692,#2693,#2694,#2695,#2696,#2697,#2698,#2699,#2700,#2701,#2702,
    #2703,#2704,#2705,#2706,#2707,#2708,#2709,#2710,#2711,#2712,#2713,
    #2714,#2715,#2716,#2717,#2718,#2719,#2720,#2721,#2722,#2723,#2724,
    #2725,#2726,#2727),.UNSPECIFIED.,.F.,.F.,(4,1,1,1,2,2,1,1,1,1,1,1,1,
    1,1,1,1,1,1,1,1,1,1,1,1,1,1,2,1,1,1,1,1,1,1,1,1,1,1,1,1,1,1,1,1,1,1,
    2,1,1,1,2,1,2,4),(-0.409461847972,-0.406143496426,-0.402825144879,
    -0.399506793333,-0.396188441786,-0.396162517165,-0.396136592543,
    -0.3960847433,-0.395981044815,-0.395877346329,-0.395773647843,
    -0.395566250871,-0.3953588539,-0.394944059956,-0.394736662985,
    -0.394529266013,-0.393699678126,-0.393284884183,-0.39287009024,
    -0.392455296296,-0.392040502353,-0.391210914466,-0.389551738693,
    -0.38789256292,-0.386233387147,-0.384574211373,-0.383744623487,
    -0.3829150356,-0.379826799665,-0.379054740681,-0.378282681697,
    -0.377510622713,-0.37673856373,-0.375194445762,-0.37480841627,
    -0.374422386778,-0.374229372032,-0.374036357286,-0.373650327794,
    -0.372878268811,-0.372106209827,-0.371720180335,-0.371334150843,
    -0.370948121351,-0.370755106605,-0.370658599232,-0.370610345546,
    -0.370562091859,-0.365793306924,-0.361024521988,-0.356255737053,
    -0.351486952117,-0.348773912714,-0.34606087331,-0.339967144612),
  .UNSPECIFIED.);
#2665 = CARTESIAN_POINT('',(-0.328188856694,4.287563747008));
#2666 = CARTESIAN_POINT('',(-0.867225716887,4.360523573028));
#2667 = CARTESIAN_POINT('',(-1.941563011957,4.503098381055));
#2668 = CARTESIAN_POINT('',(-3.523092594515,4.704482803076));
#2669 = CARTESIAN_POINT('',(-5.079345358089,4.894034145811));
#2670 = CARTESIAN_POINT('',(-6.073911536956,5.009507581771));
#2671 = CARTESIAN_POINT('',(-6.590138208821,5.068210410723));
#2672 = CARTESIAN_POINT('',(-6.594141808724,5.068665622482));
#2673 = CARTESIAN_POINT('',(-6.602151904902,5.06957623379));
#2674 = CARTESIAN_POINT('',(-6.614168601335,5.070942072806));
#2675 = CARTESIAN_POINT('',(-6.642228820008,5.074129837789));
#2676 = CARTESIAN_POINT('',(-6.682369227751,5.078685247012));
#2677 = CARTESIAN_POINT('',(-6.730625260393,5.084154116112));
#2678 = CARTESIAN_POINT('',(-6.795080160607,5.091448639933));
#2679 = CARTESIAN_POINT('',(-6.875859962926,5.100571428914));
#2680 = CARTESIAN_POINT('',(-7.005538369783,5.115174998945));
#2681 = CARTESIAN_POINT('',(-7.135846076317,5.129785899054));
#2682 = CARTESIAN_POINT('',(-7.266727833232,5.144396298431));
#2683 = CARTESIAN_POINT('',(-7.463605925369,5.166308115776));
#2684 = CARTESIAN_POINT('',(-7.694869628448,5.191851499642));
#2685 = CARTESIAN_POINT('',(-7.96091636903,5.220958441853));
#2686 = CARTESIAN_POINT('',(-8.161250518807,5.242733833358));
#2687 = CARTESIAN_POINT('',(-8.362291932794,5.264441510888));
#2688 = CARTESIAN_POINT('',(-8.63117467695,5.293278373934));
#2689 = CARTESIAN_POINT('',(-9.103604633116,5.343422511929));
#2690 = CARTESIAN_POINT('',(-9.782270026886,5.413916540599));
#2691 = CARTESIAN_POINT('',(-10.59739238914,5.496032526234));
#2692 = CARTESIAN_POINT('',(-11.40843031916,5.575138515099));
#2693 = CARTESIAN_POINT('',(-12.0770562582,5.638184552085));
#2694 = CARTESIAN_POINT('',(-12.60538719665,5.686720320751));
#2695 = CARTESIAN_POINT('',(-12.86699884678,5.71033017936));
#2696 = CARTESIAN_POINT('',(-13.48163352325,5.765302921311));
#2697 = CARTESIAN_POINT('',(-14.0617933896,5.815383956117));
#2698 = CARTESIAN_POINT('',(-14.78255430884,5.875276272153));
#2699 = CARTESIAN_POINT('',(-15.1466013468,5.905023489447));
#2700 = CARTESIAN_POINT('',(-15.51401725647,5.93454037947));
#2701 = CARTESIAN_POINT('',(-16.00767697121,5.973502728201));
#2702 = CARTESIAN_POINT('',(-16.44388965544,6.007000507582));
#2703 = CARTESIAN_POINT('',(-16.81966618816,6.035173097034));
#2704 = CARTESIAN_POINT('',(-16.97651752268,6.046818701605));
#2705 = CARTESIAN_POINT('',(-17.1021386594,6.056076928381));
#2706 = CARTESIAN_POINT('',(-17.2278445073,6.065295640135));
#2707 = CARTESIAN_POINT('',(-17.4480333402,6.081322987011));
#2708 = CARTESIAN_POINT('',(-17.76304167795,6.103907636271));
#2709 = CARTESIAN_POINT('',(-18.07831319885,6.126051443425));
#2710 = CARTESIAN_POINT('',(-18.33048535813,6.143488467838));
#2711 = CARTESIAN_POINT('',(-18.51954854034,6.156424658979));
#2712 = CARTESIAN_POINT('',(-18.67700393919,6.167084351702));
#2713 = CARTESIAN_POINT('',(-18.78715369616,6.174482020152));
#2714 = CARTESIAN_POINT('',(-18.84220418232,6.17816434848));
#2715 = CARTESIAN_POINT('',(-18.87366104569,6.180264317826));
#2716 = CARTESIAN_POINT('',(-18.88937806282,6.181312044043));
#2717 = CARTESIAN_POINT('',(-19.67510892294,6.233667272636));
#2718 = CARTESIAN_POINT('',(-21.21032935507,6.328908896236));
#2719 = CARTESIAN_POINT('',(-23.41670895916,6.448092640222));
#2720 = CARTESIAN_POINT('',(-25.72382450839,6.556327606072));
#2721 = CARTESIAN_POINT('',(-27.2412704095,6.617209176153));
#2722 = CARTESIAN_POINT('',(-28.42115155889,6.661599993587));
#2723 = CARTESIAN_POINT('',(-29.35960335226,6.695469956627));
#2724 = CARTESIAN_POINT('',(-30.23779022452,6.723136399673));
#2725 = CARTESIAN_POINT('',(-31.67807605452,6.764982485487));
#2726 = CARTESIAN_POINT('',(-32.67626369657,6.788125871707));
#2727 = CARTESIAN_POINT('',(-33.66182288712,6.802872792639));
#2728 = ( GEOMETRIC_REPRESENTATION_CONTEXT(2) 
PARAMETRIC_REPRESENTATION_CONTEXT() REPRESENTATION_CONTEXT('2D SPACE',''
  ) );
#2729 = ORIENTED_EDGE('',*,*,#2445,.F.);
#2730 = ORIENTED_EDGE('',*,*,#2731,.F.);
#2731 = EDGE_CURVE('',#2560,#2446,#2732,.T.);
#2732 = SURFACE_CURVE('',#2733,(#2797,#2804),.PCURVE_S1.);
#2733 = B_SPLINE_CURVE_WITH_KNOTS('',3,(#2734,#2735,#2736,#2737,#2738,
    #2739,#2740,#2741,#2742,#2743,#2744,#2745,#2746,#2747,#2748,#2749,
    #2750,#2751,#2752,#2753,#2754,#2755,#2756,#2757,#2758,#2759,#2760,
    #2761,#2762,#2763,#2764,#2765,#2766,#2767,#2768,#2769,#2770,#2771,
    #2772,#2773,#2774,#2775,#2776,#2777,#2778,#2779,#2780,#2781,#2782,
    #2783,#2784,#2785,#2786,#2787,#2788,#2789,#2790,#2791,#2792,#2793,
    #2794,#2795,#2796),.UNSPECIFIED.,.F.,.F.,(4,1,1,1,2,2,1,1,1,1,1,1,1,
    1,1,1,1,1,1,1,1,1,1,1,1,1,1,2,1,1,1,1,1,1,1,1,1,1,1,1,1,1,1,1,1,1,1,
    2,1,1,1,2,1,2,4),(-0.409461847972,-0.406143496426,-0.402825144879,
    -0.399506793333,-0.396188441786,-0.396162517165,-0.396136592543,
    -0.3960847433,-0.395981044815,-0.395877346329,-0.395773647843,
    -0.395566250871,-0.3953588539,-0.394944059956,-0.394736662985,
    -0.394529266013,-0.393699678126,-0.393284884183,-0.39287009024,
    -0.392455296296,-0.392040502353,-0.391210914466,-0.389551738693,
    -0.38789256292,-0.386233387147,-0.384574211373,-0.383744623487,
    -0.3829150356,-0.379826799665,-0.379054740681,-0.378282681697,
    -0.377510622713,-0.37673856373,-0.375194445762,-0.37480841627,
    -0.374422386778,-0.374229372032,-0.374036357286,-0.373650327794,
    -0.372878268811,-0.372106209827,-0.371720180335,-0.371334150843,
    -0.370948121351,-0.370755106605,-0.370658599232,-0.370610345546,
    -0.370562091859,-0.365793306924,-0.361024521988,-0.356255737053,
    -0.351486952117,-0.348773912714,-0.34606087331,-0.339967144612),
  .UNSPECIFIED.);
#2734 = CARTESIAN_POINT('',(-488.0100207688,117.70184810793,
    19.390284506091));
#2735 = CARTESIAN_POINT('',(-488.0100207634,117.16059335322,
    19.444387771832));
#2736 = CARTESIAN_POINT('',(-488.0100207526,116.08193472636,
    19.549381896251));
#2737 = CARTESIAN_POINT('',(-488.0100207376,114.49434035392,
    19.695449053872));
#2738 = CARTESIAN_POINT('',(-488.0100207238,112.93242037102,
    19.83057248886));
#2739 = CARTESIAN_POINT('',(-488.0100207154,111.9344300902,
    19.911265722444));
#2740 = CARTESIAN_POINT('',(-488.0100207113,111.41646919049,
    19.951916740186));
#2741 = CARTESIAN_POINT('',(-488.0100207113,111.41245214281,
    19.95223195102));
#2742 = CARTESIAN_POINT('',(-488.0100207112,111.40441514629,
    19.952862459283));
#2743 = CARTESIAN_POINT('',(-488.0100207111,111.39235810301,
    19.95380808961));
#2744 = CARTESIAN_POINT('',(-488.0100207109,111.36420372647,
    19.956014625183));
#2745 = CARTESIAN_POINT('',(-488.0100207106,111.32392878969,
    19.959166379346));
#2746 = CARTESIAN_POINT('',(-488.0100207102,111.27551129254,
    19.962947805707));
#2747 = CARTESIAN_POINT('',(-488.0100207097,111.2108410813,
    19.967988442324));
#2748 = CARTESIAN_POINT('',(-488.010020709,111.12979210711,
    19.974286499504));
#2749 = CARTESIAN_POINT('',(-488.010020708,110.99968303959,
    19.984355462302));
#2750 = CARTESIAN_POINT('',(-488.010020707,110.86894479993,
    19.994409788471));
#2751 = CARTESIAN_POINT('',(-488.010020706,110.73763287706,
    20.004443580143));
#2752 = CARTESIAN_POINT('',(-488.0100207045,110.54011000634,
    20.019471103074));
#2753 = CARTESIAN_POINT('',(-488.0100207028,110.30809573162,
    20.036927939758));
#2754 = CARTESIAN_POINT('',(-488.0100207008,110.04119524189,
    20.05673225346));
#2755 = CARTESIAN_POINT('',(-488.0100206993,109.84022318006,
    20.071502818986));
#2756 = CARTESIAN_POINT('',(-488.0100206978,109.63854664805,
    20.08618102862));
#2757 = CARTESIAN_POINT('',(-488.0100206958,109.36882130799,
    20.105616452586));
#2758 = CARTESIAN_POINT('',(-488.0100206925,108.89492913821,
    20.139242476429));
#2759 = CARTESIAN_POINT('',(-488.0100206879,108.21421696294,
    20.18600848137));
#2760 = CARTESIAN_POINT('',(-488.0100206826,107.39672534463,
    20.239627083971));
#2761 = CARTESIAN_POINT('',(-488.0100206777,106.58342071781,
    20.290380068041));
#2762 = CARTESIAN_POINT('',(-488.0100206738,105.91300181266,
    20.33005299033));
#2763 = CARTESIAN_POINT('',(-488.0100206708,105.38329884525,
    20.360120708473));
#2764 = CARTESIAN_POINT('',(-488.0100206694,105.12102258968,
    20.374586069673));
#2765 = CARTESIAN_POINT('',(-488.0100206661,104.50484381103,
    20.40807488285));
#2766 = CARTESIAN_POINT('',(-488.0100206634,103.92328955948,
    20.4378781223));
#2767 = CARTESIAN_POINT('',(-488.0100206599,103.20087749663,
    20.472579760231));
#2768 = CARTESIAN_POINT('',(-488.0100206581,102.83601406338,
    20.489603797923));
#2769 = CARTESIAN_POINT('',(-488.0100206565,102.46779184895,
    20.506280076726));
#2770 = CARTESIAN_POINT('',(-488.0100206543,101.97307309201,
    20.527990215061));
#2771 = CARTESIAN_POINT('',(-488.0100206525,101.53595708112,
    20.546243985365));
#2772 = CARTESIAN_POINT('',(-488.0100206509,101.15942625212,
    20.561285000972));
#2773 = CARTESIAN_POINT('',(-488.0100206503,101.00226404145,
    20.567449478723));
#2774 = CARTESIAN_POINT('',(-488.0100206498,100.87639632228,
    20.572317951191));
#2775 = CARTESIAN_POINT('',(-488.0100206493,100.75044532259,
    20.577143976331));
#2776 = CARTESIAN_POINT('',(-488.0100206485,100.52983127643,
    20.585477080332));
#2777 = CARTESIAN_POINT('',(-488.0100206473,100.21422664036,
    20.59705433919));
#2778 = CARTESIAN_POINT('',(-488.0100206462,99.89837436663,
    20.608181839531));
#2779 = CARTESIAN_POINT('',(-488.0100206453,99.645747280437,
    20.616807560338));
#2780 = CARTESIAN_POINT('',(-488.0100206447,99.456347803846,
    20.623137661197));
#2781 = CARTESIAN_POINT('',(-488.0100206441,99.298616304665,
    20.62829574615));
#2782 = CARTESIAN_POINT('',(-488.0100206438,99.188275473042,
    20.63184473706));
#2783 = CARTESIAN_POINT('',(-488.0100206436,99.133130010748,
    20.633603587953));
#2784 = CARTESIAN_POINT('',(-488.0100206435,99.101619022172,
    20.634604449355));
#2785 = CARTESIAN_POINT('',(-488.0100206434,99.085875014313,
    20.635103021338));
#2786 = CARTESIAN_POINT('',(-488.0100206409,98.298795629073,
    20.660004744979));
#2787 = CARTESIAN_POINT('',(-488.0100206363,96.761186527016,
    20.701609929546));
#2788 = CARTESIAN_POINT('',(-488.0100206319,94.551991537089,
    20.743719532299));
#2789 = CARTESIAN_POINT('',(-488.0100206287,92.242504074479,
    20.771371392829));
#2790 = CARTESIAN_POINT('',(-488.0100206276,90.723857824259,
    20.779257777281));
#2791 = CARTESIAN_POINT('',(-488.0100206271,89.543146209406,
    20.782444294746));
#2792 = CARTESIAN_POINT('',(-488.0100206269,88.604084050844,
    20.783542129851));
#2793 = CARTESIAN_POINT('',(-488.0100206271,87.725466601358,
    20.780543439395));
#2794 = CARTESIAN_POINT('',(-488.0100206277,86.284597747237,
    20.77209878313));
#2795 = CARTESIAN_POINT('',(-488.0100206287,85.286210481604,
    20.760391824702));
#2796 = CARTESIAN_POINT('',(-488.0100206306,84.300737006965,
    20.740734242488));
#2797 = PCURVE('',#2461,#2798);
#2798 = DEFINITIONAL_REPRESENTATION('',(#2799),#2803);
#2799 = LINE('',#2800,#2801);
#2800 = CARTESIAN_POINT('',(0.,0.));
#2801 = VECTOR('',#2802,1.);
#2802 = DIRECTION('',(1.,0.));
#2803 = ( GEOMETRIC_REPRESENTATION_CONTEXT(2) 
PARAMETRIC_REPRESENTATION_CONTEXT() REPRESENTATION_CONTEXT('2D SPACE',''
  ) );
#2804 = PCURVE('',#98,#2805);
#2805 = DEFINITIONAL_REPRESENTATION('',(#2806),#2870);
#2806 = B_SPLINE_CURVE_WITH_KNOTS('',3,(#2807,#2808,#2809,#2810,#2811,
    #2812,#2813,#2814,#2815,#2816,#2817,#2818,#2819,#2820,#2821,#2822,
    #2823,#2824,#2825,#2826,#2827,#2828,#2829,#2830,#2831,#2832,#2833,
    #2834,#2835,#2836,#2837,#2838,#2839,#2840,#2841,#2842,#2843,#2844,
    #2845,#2846,#2847,#2848,#2849,#2850,#2851,#2852,#2853,#2854,#2855,
    #2856,#2857,#2858,#2859,#2860,#2861,#2862,#2863,#2864,#2865,#2866,
    #2867,#2868,#2869),.UNSPECIFIED.,.F.,.F.,(4,1,1,1,2,2,1,1,1,1,1,1,1,
    1,1,1,1,1,1,1,1,1,1,1,1,1,1,2,1,1,1,1,1,1,1,1,1,1,1,1,1,1,1,1,1,1,1,
    2,1,1,1,2,1,2,4),(-0.409461847972,-0.406143496426,-0.402825144879,
    -0.399506793333,-0.396188441786,-0.396162517165,-0.396136592543,
    -0.3960847433,-0.395981044815,-0.395877346329,-0.395773647843,
    -0.395566250871,-0.3953588539,-0.394944059956,-0.394736662985,
    -0.394529266013,-0.393699678126,-0.393284884183,-0.39287009024,
    -0.392455296296,-0.392040502353,-0.391210914466,-0.389551738693,
    -0.38789256292,-0.386233387147,-0.384574211373,-0.383744623487,
    -0.3829150356,-0.379826799665,-0.379054740681,-0.378282681697,
    -0.377510622713,-0.37673856373,-0.375194445762,-0.37480841627,
    -0.374422386778,-0.374229372032,-0.374036357286,-0.373650327794,
    -0.372878268811,-0.372106209827,-0.371720180335,-0.371334150843,
    -0.370948121351,-0.370755106605,-0.370658599232,-0.370610345546,
    -0.370562091859,-0.365793306924,-0.361024521988,-0.356255737053,
    -0.351486952117,-0.348773912714,-0.34606087331,-0.339967144612),
  .UNSPECIFIED.);
#2807 = CARTESIAN_POINT('',(-0.328188856694,4.287563747008));
#2808 = CARTESIAN_POINT('',(-0.867225716887,4.360523573028));
#2809 = CARTESIAN_POINT('',(-1.941563011957,4.503098381055));
#2810 = CARTESIAN_POINT('',(-3.523092594515,4.704482803076));
#2811 = CARTESIAN_POINT('',(-5.079345358089,4.894034145811));
#2812 = CARTESIAN_POINT('',(-6.073911536956,5.009507581771));
#2813 = CARTESIAN_POINT('',(-6.590138208821,5.068210410723));
#2814 = CARTESIAN_POINT('',(-6.594141808724,5.068665622482));
#2815 = CARTESIAN_POINT('',(-6.602151904902,5.06957623379));
#2816 = CARTESIAN_POINT('',(-6.614168601335,5.070942072806));
#2817 = CARTESIAN_POINT('',(-6.642228820008,5.074129837789));
#2818 = CARTESIAN_POINT('',(-6.682369227751,5.078685247012));
#2819 = CARTESIAN_POINT('',(-6.730625260393,5.084154116112));
#2820 = CARTESIAN_POINT('',(-6.795080160607,5.091448639933));
#2821 = CARTESIAN_POINT('',(-6.875859962926,5.100571428914));
#2822 = CARTESIAN_POINT('',(-7.005538369783,5.115174998945));
#2823 = CARTESIAN_POINT('',(-7.135846076317,5.129785899054));
#2824 = CARTESIAN_POINT('',(-7.266727833232,5.144396298431));
#2825 = CARTESIAN_POINT('',(-7.463605925369,5.166308115776));
#2826 = CARTESIAN_POINT('',(-7.694869628448,5.191851499642));
#2827 = CARTESIAN_POINT('',(-7.96091636903,5.220958441853));
#2828 = CARTESIAN_POINT('',(-8.161250518807,5.242733833358));
#2829 = CARTESIAN_POINT('',(-8.362291932794,5.264441510888));
#2830 = CARTESIAN_POINT('',(-8.63117467695,5.293278373934));
#2831 = CARTESIAN_POINT('',(-9.103604633116,5.343422511929));
#2832 = CARTESIAN_POINT('',(-9.782270026886,5.413916540599));
#2833 = CARTESIAN_POINT('',(-10.59739238914,5.496032526234));
#2834 = CARTESIAN_POINT('',(-11.40843031916,5.575138515099));
#2835 = CARTESIAN_POINT('',(-12.0770562582,5.638184552085));
#2836 = CARTESIAN_POINT('',(-12.60538719665,5.686720320751));
#2837 = CARTESIAN_POINT('',(-12.86699884678,5.71033017936));
#2838 = CARTESIAN_POINT('',(-13.48163352325,5.765302921311));
#2839 = CARTESIAN_POINT('',(-14.0617933896,5.815383956117));
#2840 = CARTESIAN_POINT('',(-14.78255430884,5.875276272153));
#2841 = CARTESIAN_POINT('',(-15.1466013468,5.905023489447));
#2842 = CARTESIAN_POINT('',(-15.51401725647,5.93454037947));
#2843 = CARTESIAN_POINT('',(-16.00767697121,5.973502728201));
#2844 = CARTESIAN_POINT('',(-16.44388965544,6.007000507582));
#2845 = CARTESIAN_POINT('',(-16.81966618816,6.035173097034));
#2846 = CARTESIAN_POINT('',(-16.97651752268,6.046818701605));
#2847 = CARTESIAN_POINT('',(-17.1021386594,6.056076928381));
#2848 = CARTESIAN_POINT('',(-17.2278445073,6.065295640135));
#2849 = CARTESIAN_POINT('',(-17.4480333402,6.081322987011));
#2850 = CARTESIAN_POINT('',(-17.76304167795,6.103907636271));
#2851 = CARTESIAN_POINT('',(-18.07831319885,6.126051443425));
#2852 = CARTESIAN_POINT('',(-18.33048535813,6.143488467838));
#2853 = CARTESIAN_POINT('',(-18.51954854034,6.156424658979));
#2854 = CARTESIAN_POINT('',(-18.67700393919,6.167084351702));
#2855 = CARTESIAN_POINT('',(-18.78715369616,6.174482020152));
#2856 = CARTESIAN_POINT('',(-18.84220418232,6.17816434848));
#2857 = CARTESIAN_POINT('',(-18.87366104569,6.180264317826));
#2858 = CARTESIAN_POINT('',(-18.88937806282,6.181312044043));
#2859 = CARTESIAN_POINT('',(-19.67510892294,6.233667272636));
#2860 = CARTESIAN_POINT('',(-21.21032935507,6.328908896236));
#2861 = CARTESIAN_POINT('',(-23.41670895916,6.448092640222));
#2862 = CARTESIAN_POINT('',(-25.72382450839,6.556327606072));
#2863 = CARTESIAN_POINT('',(-27.2412704095,6.617209176153));
#2864 = CARTESIAN_POINT('',(-28.42115155889,6.661599993587));
#2865 = CARTESIAN_POINT('',(-29.35960335226,6.695469956627));
#2866 = CARTESIAN_POINT('',(-30.23779022452,6.723136399673));
#2867 = CARTESIAN_POINT('',(-31.67807605452,6.764982485487));
#2868 = CARTESIAN_POINT('',(-32.67626369657,6.788125871707));
#2869 = CARTESIAN_POINT('',(-33.66182288712,6.802872792639));
#2870 = ( GEOMETRIC_REPRESENTATION_CONTEXT(2) 
PARAMETRIC_REPRESENTATION_CONTEXT() REPRESENTATION_CONTEXT('2D SPACE',''
  ) );
#2871 = ADVANCED_FACE('',(#2872),#2577,.T.);
#2872 = FACE_BOUND('',#2873,.F.);
#2873 = EDGE_LOOP('',(#2874,#2875,#2898,#2926));
#2874 = ORIENTED_EDGE('',*,*,#2559,.T.);
#2875 = ORIENTED_EDGE('',*,*,#2876,.T.);
#2876 = EDGE_CURVE('',#2562,#2877,#2879,.T.);
#2877 = VERTEX_POINT('',#2878);
#2878 = CARTESIAN_POINT('',(-493.0000215948,117.70868523164,
    11.158030411286));
#2879 = SURFACE_CURVE('',#2880,(#2884,#2891),.PCURVE_S1.);
#2880 = LINE('',#2881,#2882);
#2881 = CARTESIAN_POINT('',(-493.0000213962,117.70704146469,
    13.137211716782));
#2882 = VECTOR('',#2883,1.);
#2883 = DIRECTION('',(-1.003338552831E-07,8.305284514199E-04,
    -0.999999655111));
#2884 = PCURVE('',#2577,#2885);
#2885 = DEFINITIONAL_REPRESENTATION('',(#2886),#2890);
#2886 = LINE('',#2887,#2888);
#2887 = CARTESIAN_POINT('',(-6.2530754466,-4.99));
#2888 = VECTOR('',#2889,1.);
#2889 = DIRECTION('',(-1.,0.));
#2890 = ( GEOMETRIC_REPRESENTATION_CONTEXT(2) 
PARAMETRIC_REPRESENTATION_CONTEXT() REPRESENTATION_CONTEXT('2D SPACE',''
  ) );
#2891 = PCURVE('',#66,#2892);
#2892 = DEFINITIONAL_REPRESENTATION('',(#2893),#2897);
#2893 = LINE('',#2894,#2895);
#2894 = CARTESIAN_POINT('',(-0.54122777383,-1.961881585223));
#2895 = VECTOR('',#2896,1.);
#2896 = DIRECTION('',(-3.406946215009E-02,-0.999419467365));
#2897 = ( GEOMETRIC_REPRESENTATION_CONTEXT(2) 
PARAMETRIC_REPRESENTATION_CONTEXT() REPRESENTATION_CONTEXT('2D SPACE',''
  ) );
#2898 = ORIENTED_EDGE('',*,*,#2899,.F.);
#2899 = EDGE_CURVE('',#2900,#2877,#2902,.T.);
#2900 = VERTEX_POINT('',#2901);
#2901 = CARTESIAN_POINT('',(-488.0100215948,117.70868523206,
    11.15802991062));
#2902 = SURFACE_CURVE('',#2903,(#2907,#2914),.PCURVE_S1.);
#2903 = LINE('',#2904,#2905);
#2904 = CARTESIAN_POINT('',(-488.0100215948,117.70868523206,
    11.15802991062));
#2905 = VECTOR('',#2906,1.);
#2906 = DIRECTION('',(-1.,-8.313972134781E-11,1.003338207795E-07));
#2907 = PCURVE('',#2577,#2908);
#2908 = DEFINITIONAL_REPRESENTATION('',(#2909),#2913);
#2909 = LINE('',#2910,#2911);
#2910 = CARTESIAN_POINT('',(-8.232257434694,-1.081144878637E-12));
#2911 = VECTOR('',#2912,1.);
#2912 = DIRECTION('',(-5.772714823995E-17,-1.));
#2913 = ( GEOMETRIC_REPRESENTATION_CONTEXT(2) 
PARAMETRIC_REPRESENTATION_CONTEXT() REPRESENTATION_CONTEXT('2D SPACE',''
  ) );
#2914 = PCURVE('',#2915,#2920);
#2915 = PLANE('',#2916);
#2916 = AXIS2_PLACEMENT_3D('',#2917,#2918,#2919);
#2917 = CARTESIAN_POINT('',(-488.0100215948,117.70868523206,
    11.15802991062));
#2918 = DIRECTION('',(1.003335087974E-07,1.799202588563E-03,
    0.999998381434));
#2919 = DIRECTION('',(2.636603872512E-10,-0.999998381434,
    1.799202588563E-03));
#2920 = DEFINITIONAL_REPRESENTATION('',(#2921),#2925);
#2921 = LINE('',#2922,#2923);
#2922 = CARTESIAN_POINT('',(-1.798483176909E-22,-3.410605131648E-13));
#2923 = VECTOR('',#2924,1.);
#2924 = DIRECTION('',(6.959637598097E-17,-1.));
#2925 = ( GEOMETRIC_REPRESENTATION_CONTEXT(2) 
PARAMETRIC_REPRESENTATION_CONTEXT() REPRESENTATION_CONTEXT('2D SPACE',''
  ) );
#2926 = ORIENTED_EDGE('',*,*,#2927,.F.);
#2927 = EDGE_CURVE('',#2560,#2900,#2928,.T.);
#2928 = SURFACE_CURVE('',#2929,(#2933,#2940),.PCURVE_S1.);
#2929 = LINE('',#2930,#2931);
#2930 = CARTESIAN_POINT('',(-488.0100213962,117.70704146511,
    13.137211216116));
#2931 = VECTOR('',#2932,1.);
#2932 = DIRECTION('',(-1.003338552831E-07,8.305284514199E-04,
    -0.999999655111));
#2933 = PCURVE('',#2577,#2934);
#2934 = DEFINITIONAL_REPRESENTATION('',(#2935),#2939);
#2935 = LINE('',#2936,#2937);
#2936 = CARTESIAN_POINT('',(-6.2530754466,-5.719725798068E-14));
#2937 = VECTOR('',#2938,1.);
#2938 = DIRECTION('',(-1.,0.));
#2939 = ( GEOMETRIC_REPRESENTATION_CONTEXT(2) 
PARAMETRIC_REPRESENTATION_CONTEXT() REPRESENTATION_CONTEXT('2D SPACE',''
  ) );
#2940 = PCURVE('',#98,#2941);
#2941 = DEFINITIONAL_REPRESENTATION('',(#2942),#2946);
#2942 = LINE('',#2943,#2944);
#2943 = CARTESIAN_POINT('',(-0.54122777383,-1.961881585223));
#2944 = VECTOR('',#2945,1.);
#2945 = DIRECTION('',(-3.406946215009E-02,-0.999419467365));
#2946 = ( GEOMETRIC_REPRESENTATION_CONTEXT(2) 
PARAMETRIC_REPRESENTATION_CONTEXT() REPRESENTATION_CONTEXT('2D SPACE',''
  ) );
#2947 = ADVANCED_FACE('',(#2948),#2915,.T.);
#2948 = FACE_BOUND('',#2949,.F.);
#2949 = EDGE_LOOP('',(#2950,#2951,#2974,#3002));
#2950 = ORIENTED_EDGE('',*,*,#2899,.T.);
#2951 = ORIENTED_EDGE('',*,*,#2952,.T.);
#2952 = EDGE_CURVE('',#2877,#2953,#2955,.T.);
#2953 = VERTEX_POINT('',#2954);
#2954 = CARTESIAN_POINT('',(-493.0000215961,122.70869446047,
    11.149034367178));
#2955 = SURFACE_CURVE('',#2956,(#2960,#2967),.PCURVE_S1.);
#2956 = LINE('',#2957,#2958);
#2957 = CARTESIAN_POINT('',(-493.0000215955,120.44052060045,
    11.153115278063));
#2958 = VECTOR('',#2959,1.);
#2959 = DIRECTION('',(-2.636603872512E-10,0.999998381434,
    -1.799202588563E-03));
#2960 = PCURVE('',#2915,#2961);
#2961 = DEFINITIONAL_REPRESENTATION('',(#2962),#2966);
#2962 = LINE('',#2963,#2964);
#2963 = CARTESIAN_POINT('',(-2.731839790474,-4.99));
#2964 = VECTOR('',#2965,1.);
#2965 = DIRECTION('',(-1.,-1.033975765691E-25));
#2966 = ( GEOMETRIC_REPRESENTATION_CONTEXT(2) 
PARAMETRIC_REPRESENTATION_CONTEXT() REPRESENTATION_CONTEXT('2D SPACE',''
  ) );
#2967 = PCURVE('',#66,#2968);
#2968 = DEFINITIONAL_REPRESENTATION('',(#2969),#2973);
#2969 = LINE('',#2970,#2971);
#2970 = CARTESIAN_POINT('',(2.121342233176,-4.040166412085));
#2971 = VECTOR('',#2972,1.);
#2972 = DIRECTION('',(0.999326418174,-3.669754677827E-02));
#2973 = ( GEOMETRIC_REPRESENTATION_CONTEXT(2) 
PARAMETRIC_REPRESENTATION_CONTEXT() REPRESENTATION_CONTEXT('2D SPACE',''
  ) );
#2974 = ORIENTED_EDGE('',*,*,#2975,.F.);
#2975 = EDGE_CURVE('',#2976,#2953,#2978,.T.);
#2976 = VERTEX_POINT('',#2977);
#2977 = CARTESIAN_POINT('',(-488.0100215961,122.70869446089,
    11.149033866512));
#2978 = SURFACE_CURVE('',#2979,(#2983,#2990),.PCURVE_S1.);
#2979 = LINE('',#2980,#2981);
#2980 = CARTESIAN_POINT('',(-488.0100215961,122.70869446089,
    11.149033866512));
#2981 = VECTOR('',#2982,1.);
#2982 = DIRECTION('',(-1.,-8.313972134781E-11,1.003338207795E-07));
#2983 = PCURVE('',#2915,#2984);
#2984 = DEFINITIONAL_REPRESENTATION('',(#2985),#2989);
#2985 = LINE('',#2986,#2987);
#2986 = CARTESIAN_POINT('',(-5.000017321689,8.059979620561E-12));
#2987 = VECTOR('',#2988,1.);
#2988 = DIRECTION('',(6.959637598097E-17,-1.));
#2989 = ( GEOMETRIC_REPRESENTATION_CONTEXT(2) 
PARAMETRIC_REPRESENTATION_CONTEXT() REPRESENTATION_CONTEXT('2D SPACE',''
  ) );
#2990 = PCURVE('',#2991,#2996);
#2991 = PLANE('',#2992);
#2992 = AXIS2_PLACEMENT_3D('',#2993,#2994,#2995);
#2993 = CARTESIAN_POINT('',(-488.0100215961,122.70869442797,
    11.149033866485));
#2994 = DIRECTION('',(-1.904001029588E-13,-0.999999655111,
    -8.305284512183E-04));
#2995 = DIRECTION('',(-1.003338552172E-07,8.305284512183E-04,
    -0.999999655111));
#2996 = DEFINITIONAL_REPRESENTATION('',(#2997),#3001);
#2997 = LINE('',#2998,#2999);
#2998 = CARTESIAN_POINT('',(8.86740876899E-16,7.16227077664E-12));
#2999 = VECTOR('',#3000,1.);
#3000 = DIRECTION('',(-8.172862089379E-18,-1.));
#3001 = ( GEOMETRIC_REPRESENTATION_CONTEXT(2) 
PARAMETRIC_REPRESENTATION_CONTEXT() REPRESENTATION_CONTEXT('2D SPACE',''
  ) );
#3002 = ORIENTED_EDGE('',*,*,#3003,.F.);
#3003 = EDGE_CURVE('',#2900,#2976,#3004,.T.);
#3004 = SURFACE_CURVE('',#3005,(#3009,#3016),.PCURVE_S1.);
#3005 = LINE('',#3006,#3007);
#3006 = CARTESIAN_POINT('',(-488.0100215955,120.44052060087,
    11.153114777397));
#3007 = VECTOR('',#3008,1.);
#3008 = DIRECTION('',(-2.636603872512E-10,0.999998381434,
    -1.799202588563E-03));
#3009 = PCURVE('',#2915,#3010);
#3010 = DEFINITIONAL_REPRESENTATION('',(#3011),#3015);
#3011 = LINE('',#3012,#3013);
#3012 = CARTESIAN_POINT('',(-2.731839790474,3.014348477342E-14));
#3013 = VECTOR('',#3014,1.);
#3014 = DIRECTION('',(-1.,-1.033975765691E-25));
#3015 = ( GEOMETRIC_REPRESENTATION_CONTEXT(2) 
PARAMETRIC_REPRESENTATION_CONTEXT() REPRESENTATION_CONTEXT('2D SPACE',''
  ) );
#3016 = PCURVE('',#98,#3017);
#3017 = DEFINITIONAL_REPRESENTATION('',(#3018),#3022);
#3018 = LINE('',#3019,#3020);
#3019 = CARTESIAN_POINT('',(2.121342233176,-4.040166412085));
#3020 = VECTOR('',#3021,1.);
#3021 = DIRECTION('',(0.999326418174,-3.669754677827E-02));
#3022 = ( GEOMETRIC_REPRESENTATION_CONTEXT(2) 
PARAMETRIC_REPRESENTATION_CONTEXT() REPRESENTATION_CONTEXT('2D SPACE',''
  ) );
#3023 = ADVANCED_FACE('',(#3024),#2991,.T.);
#3024 = FACE_BOUND('',#3025,.F.);
#3025 = EDGE_LOOP('',(#3026,#3027,#3050,#3152));
#3026 = ORIENTED_EDGE('',*,*,#2975,.T.);
#3027 = ORIENTED_EDGE('',*,*,#3028,.T.);
#3028 = EDGE_CURVE('',#2953,#3029,#3031,.T.);
#3029 = VERTEX_POINT('',#3030);
#3030 = CARTESIAN_POINT('',(-493.0000208231,122.70229558115,
    18.853579652371));
#3031 = SURFACE_CURVE('',#3032,(#3036,#3043),.PCURVE_S1.);
#3032 = LINE('',#3033,#3034);
#3033 = CARTESIAN_POINT('',(-493.0000211976,122.70539597329,
    15.120545664534));
#3034 = VECTOR('',#3035,1.);
#3035 = DIRECTION('',(1.003338552172E-07,-8.305284512183E-04,
    0.999999655111));
#3036 = PCURVE('',#2991,#3037);
#3037 = DEFINITIONAL_REPRESENTATION('',(#3038),#3042);
#3038 = LINE('',#3039,#3040);
#3039 = CARTESIAN_POINT('',(-3.971512667114,-4.99));
#3040 = VECTOR('',#3041,1.);
#3041 = DIRECTION('',(-1.,2.64697796017E-23));
#3042 = ( GEOMETRIC_REPRESENTATION_CONTEXT(2) 
PARAMETRIC_REPRESENTATION_CONTEXT() REPRESENTATION_CONTEXT('2D SPACE',''
  ) );
#3043 = PCURVE('',#66,#3044);
#3044 = DEFINITIONAL_REPRESENTATION('',(#3045),#3049);
#3045 = LINE('',#3046,#3047);
#3046 = CARTESIAN_POINT('',(4.523299228823,-0.154195887615));
#3047 = VECTOR('',#3048,1.);
#3048 = DIRECTION('',(3.406946215029E-02,0.999419467365));
#3049 = ( GEOMETRIC_REPRESENTATION_CONTEXT(2) 
PARAMETRIC_REPRESENTATION_CONTEXT() REPRESENTATION_CONTEXT('2D SPACE',''
  ) );
#3050 = ORIENTED_EDGE('',*,*,#3051,.F.);
#3051 = EDGE_CURVE('',#3052,#3029,#3054,.T.);
#3052 = VERTEX_POINT('',#3053);
#3053 = CARTESIAN_POINT('',(-488.0100208231,122.70229558157,
    18.853579151705));
#3054 = SURFACE_CURVE('',#3055,(#3059,#3066),.PCURVE_S1.);
#3055 = LINE('',#3056,#3057);
#3056 = CARTESIAN_POINT('',(-488.0100208231,122.70229558157,
    18.853579151705));
#3057 = VECTOR('',#3058,1.);
#3058 = DIRECTION('',(-1.,-8.313972134781E-11,1.003338207795E-07));
#3059 = PCURVE('',#2991,#3060);
#3060 = DEFINITIONAL_REPRESENTATION('',(#3061),#3065);
#3061 = LINE('',#3062,#3063);
#3062 = CARTESIAN_POINT('',(-7.704547942433,1.40666650801E-13));
#3063 = VECTOR('',#3064,1.);
#3064 = DIRECTION('',(-8.172862089379E-18,-1.));
#3065 = ( GEOMETRIC_REPRESENTATION_CONTEXT(2) 
PARAMETRIC_REPRESENTATION_CONTEXT() REPRESENTATION_CONTEXT('2D SPACE',''
  ) );
#3066 = PCURVE('',#3067,#3146);
#3067 = SURFACE_OF_LINEAR_EXTRUSION('',#3068,#3144);
#3068 = B_SPLINE_CURVE_WITH_KNOTS('',3,(#3069,#3070,#3071,#3072,#3073,
    #3074,#3075,#3076,#3077,#3078,#3079,#3080,#3081,#3082,#3083,#3084,
    #3085,#3086,#3087,#3088,#3089,#3090,#3091,#3092,#3093,#3094,#3095,
    #3096,#3097,#3098,#3099,#3100,#3101,#3102,#3103,#3104,#3105,#3106,
    #3107,#3108,#3109,#3110,#3111,#3112,#3113,#3114,#3115,#3116,#3117,
    #3118,#3119,#3120,#3121,#3122,#3123,#3124,#3125,#3126,#3127,#3128,
    #3129,#3130,#3131,#3132,#3133,#3134,#3135,#3136,#3137,#3138,#3139,
    #3140,#3141,#3142,#3143),.UNSPECIFIED.,.F.,.F.,(4,1,1,1,2,1,1,2,2,1,
    1,1,1,1,1,1,1,1,1,1,1,1,1,1,2,1,1,1,1,1,1,1,1,1,1,1,1,1,1,1,1,1,1,1,
    1,1,1,1,1,1,1,1,1,1,1,1,1,1,1,1,1,1,3,1,1,1,4),(-0.528635929729,
    -0.519123029235,-0.514366578988,-0.511988353864,-0.509610128741,
    -0.508707890333,-0.507805651926,-0.506001175111,-0.501510462038,
    -0.498237594041,-0.494964726043,-0.491691858046,-0.488418990049,
    -0.485146122052,-0.481873254055,-0.478600386058,-0.47532751806,
    -0.472054650063,-0.468781782066,-0.465508914069,-0.462236046072,
    -0.458963178075,-0.455690310078,-0.45241744208,-0.449144574083,
    -0.449130791113,-0.449117008143,-0.449089442203,-0.449034310323,
    -0.448924046564,-0.448813782804,-0.448703519044,-0.448482991524,
    -0.448262464005,-0.447821408966,-0.447600881446,-0.447380353927,
    -0.446498243848,-0.446057188809,-0.44561613377,-0.445175078731,
    -0.444734023691,-0.443851913613,-0.442087693456,-0.4403234733,
    -0.439441363221,-0.439000308182,-0.438559253143,-0.438118198104,
    -0.437677143065,-0.436795032986,-0.436574505467,-0.436353977947,
    -0.435912922908,-0.435692395388,-0.435471867869,-0.435361604109,
    -0.435251340349,-0.435141076589,-0.435085944709,-0.435058378769,
    -0.435044595799,-0.435030812829,-0.431513155148,-0.427995497466,
    -0.424477839784,-0.420960182102),.UNSPECIFIED.);
#3069 = CARTESIAN_POINT('',(-488.0100215925,166.8590897761,
    11.221259208019));
#3070 = CARTESIAN_POINT('',(-488.010021565,165.61580810642,
    11.494712889772));
#3071 = CARTESIAN_POINT('',(-488.0100215212,163.67361256255,
    11.916420903795));
#3072 = CARTESIAN_POINT('',(-488.0100214722,161.37902645931,
    12.401837953702));
#3073 = CARTESIAN_POINT('',(-488.0100214445,160.07639092754,
    12.673515540426));
#3074 = CARTESIAN_POINT('',(-488.010021431,159.43085678047,
    12.80681419793));
#3075 = CARTESIAN_POINT('',(-488.0100214218,158.98868231688,
    12.897652409968));
#3076 = CARTESIAN_POINT('',(-488.0100214167,158.74525025851,
    12.947577005373));
#3077 = CARTESIAN_POINT('',(-488.0100214067,158.25691559967,
    13.047395121897));
#3078 = CARTESIAN_POINT('',(-488.0100213991,157.88912282965,
    13.122193219753));
#3079 = CARTESIAN_POINT('',(-488.0100213815,157.03131798385,
    13.296045331367));
#3080 = CARTESIAN_POINT('',(-488.0100213689,156.41520705836,
    13.419851642154));
#3081 = CARTESIAN_POINT('',(-488.0100213472,155.34314178047,
    13.633347249344));
#3082 = CARTESIAN_POINT('',(-488.0100213289,154.44178159479,
    13.811671041025));
#3083 = CARTESIAN_POINT('',(-488.0100213023,153.10085638011,
    14.073356300523));
#3084 = CARTESIAN_POINT('',(-488.0100212763,151.7780820475,
    14.327759586222));
#3085 = CARTESIAN_POINT('',(-488.0100212509,150.47276937703,
    14.57513562232));
#3086 = CARTESIAN_POINT('',(-488.0100212253,149.12332806591,
    14.827862764985));
#3087 = CARTESIAN_POINT('',(-488.0100211995,147.75992039662,
    15.079408521116));
#3088 = CARTESIAN_POINT('',(-488.0100211742,146.39752283812,
    15.326699967747));
#3089 = CARTESIAN_POINT('',(-488.0100211495,145.04519290731,
    15.567829699364));
#3090 = CARTESIAN_POINT('',(-488.010021126,143.7365341436,
    15.796512490419));
#3091 = CARTESIAN_POINT('',(-488.0100211035,142.4429540188,
    16.018419630215));
#3092 = CARTESIAN_POINT('',(-488.01002108,141.0858837443,16.247818087891
    ));
#3093 = CARTESIAN_POINT('',(-488.010021057,139.71441174217,
    16.475077704617));
#3094 = CARTESIAN_POINT('',(-488.0100210342,138.34129307673,
    16.697814569573));
#3095 = CARTESIAN_POINT('',(-488.0100210122,136.98270379156,
    16.913029770894));
#3096 = CARTESIAN_POINT('',(-488.0100209916,135.67466055278,
    17.114875277099));
#3097 = CARTESIAN_POINT('',(-488.0100209782,134.80973620061,
    17.24519447717));
#3098 = CARTESIAN_POINT('',(-488.0100209713,134.35948587123,
    17.312412434305));
#3099 = CARTESIAN_POINT('',(-488.0100209713,134.3557254681,
    17.312973520305));
#3100 = CARTESIAN_POINT('',(-488.0100209712,134.34819458199,
    17.314097247435));
#3101 = CARTESIAN_POINT('',(-488.010020971,134.33501754115,
    17.316063111945));
#3102 = CARTESIAN_POINT('',(-488.0100209706,134.30864984951,
    17.319995812548));
#3103 = CARTESIAN_POINT('',(-488.01002097,134.27095511014,
    17.325614682227));
#3104 = CARTESIAN_POINT('',(-488.0100209693,134.22567534082,
    17.332359053614));
#3105 = CARTESIAN_POINT('',(-488.0100209684,134.16524441243,
    17.341353239685));
#3106 = CARTESIAN_POINT('',(-488.0100209673,134.08959682908,
    17.352599153339));
#3107 = CARTESIAN_POINT('',(-488.0100209655,133.96834154945,
    17.370597032322));
#3108 = CARTESIAN_POINT('',(-488.0100209637,133.84676601051,
    17.38859984653));
#3109 = CARTESIAN_POINT('',(-488.0100209619,133.72490503841,
    17.406601353734));
#3110 = CARTESIAN_POINT('',(-488.0100209592,133.54183846157,
    17.433600373839));
#3111 = CARTESIAN_POINT('',(-488.0100209562,133.32748411073,
    17.465084740197));
#3112 = CARTESIAN_POINT('',(-488.0100209526,133.08169797416,
    17.501002046697));
#3113 = CARTESIAN_POINT('',(-488.0100209499,132.89699630889,
    17.527899953964));
#3114 = CARTESIAN_POINT('',(-488.0100209473,132.71198890178,
    17.554748040737));
#3115 = CARTESIAN_POINT('',(-488.0100209437,132.46497581035,
    17.590466850286));
#3116 = CARTESIAN_POINT('',(-488.0100209375,132.03199195284,
    17.652739100518));
#3117 = CARTESIAN_POINT('',(-488.0100209292,131.41242020341,
    17.740857093911));
#3118 = CARTESIAN_POINT('',(-488.0100209211,130.79421393451,
    17.827415607317));
#3119 = CARTESIAN_POINT('',(-488.0100209152,130.36356288274,
    17.886981347915));
#3120 = CARTESIAN_POINT('',(-488.0100209118,130.11825468358,
    17.920700624948));
#3121 = CARTESIAN_POINT('',(-488.0100209093,129.93470593393,
    17.945824928478));
#3122 = CARTESIAN_POINT('',(-488.0100209068,129.75163546853,
    17.970777816957));
#3123 = CARTESIAN_POINT('',(-488.0100209035,129.50824380521,
    18.003811030744));
#3124 = CARTESIAN_POINT('',(-488.0100209008,129.29625592828,
    18.032396447503));
#3125 = CARTESIAN_POINT('',(-488.0100208983,129.11538715492,
    18.056652632478));
#3126 = CARTESIAN_POINT('',(-488.0100208967,128.99503423263,
    18.072757618105));
#3127 = CARTESIAN_POINT('',(-488.0100208951,128.87502785237,
    18.088763120366));
#3128 = CARTESIAN_POINT('',(-488.0100208935,128.75539694894,
    18.104665379502));
#3129 = CARTESIAN_POINT('',(-488.0100208926,128.68078621864,
    18.1145611021));
#3130 = CARTESIAN_POINT('',(-488.0100208918,128.62119657785,
    18.122451275841));
#3131 = CARTESIAN_POINT('',(-488.0100208912,128.57655417729,
    18.128355674967));
#3132 = CARTESIAN_POINT('',(-488.0100208907,128.5393939377,
    18.133264962621));
#3133 = CARTESIAN_POINT('',(-488.0100208903,128.5134046041,
    18.136695540668));
#3134 = CARTESIAN_POINT('',(-488.0100208902,128.50041515564,
    18.138409421261));
#3135 = CARTESIAN_POINT('',(-488.0100208901,128.49299487549,
    18.139388267271));
#3136 = CARTESIAN_POINT('',(-488.01002089,128.48928415249,
    18.139877713217));
#3137 = CARTESIAN_POINT('',(-488.01002089,128.48743091747,
    18.140122111637));
#3138 = CARTESIAN_POINT('',(-488.010020884,128.01445256529,
    18.202496910512));
#3139 = CARTESIAN_POINT('',(-488.0100208736,127.09699776956,
    18.321212481982));
#3140 = CARTESIAN_POINT('',(-488.0100208554,125.6403817717,
    18.504535445186));
#3141 = CARTESIAN_POINT('',(-488.0100208387,124.16911289374,
    18.683169682245));
#3142 = CARTESIAN_POINT('',(-488.0100208287,123.18736519179,
    18.797993517495));
#3143 = CARTESIAN_POINT('',(-488.0100208231,122.70229558156,
    18.853579151691));
#3144 = VECTOR('',#3145,1.);
#3145 = DIRECTION('',(1.,8.313972134781E-11,-1.003338207795E-07));
#3146 = DEFINITIONAL_REPRESENTATION('',(#3147),#3151);
#3147 = LINE('',#3148,#3149);
#3148 = CARTESIAN_POINT('',(-0.420960182102,0.));
#3149 = VECTOR('',#3150,1.);
#3150 = DIRECTION('',(0.,-1.));
#3151 = ( GEOMETRIC_REPRESENTATION_CONTEXT(2) 
PARAMETRIC_REPRESENTATION_CONTEXT() REPRESENTATION_CONTEXT('2D SPACE',''
  ) );
#3152 = ORIENTED_EDGE('',*,*,#3153,.F.);
#3153 = EDGE_CURVE('',#2976,#3052,#3154,.T.);
#3154 = SURFACE_CURVE('',#3155,(#3159,#3166),.PCURVE_S1.);
#3155 = LINE('',#3156,#3157);
#3156 = CARTESIAN_POINT('',(-488.0100211976,122.70539597371,
    15.120545163868));
#3157 = VECTOR('',#3158,1.);
#3158 = DIRECTION('',(1.003338552172E-07,-8.305284512183E-04,
    0.999999655111));
#3159 = PCURVE('',#2991,#3160);
#3160 = DEFINITIONAL_REPRESENTATION('',(#3161),#3165);
#3161 = LINE('',#3162,#3163);
#3162 = CARTESIAN_POINT('',(-3.971512667114,-7.17806113163E-14));
#3163 = VECTOR('',#3164,1.);
#3164 = DIRECTION('',(-1.,2.64697796017E-23));
#3165 = ( GEOMETRIC_REPRESENTATION_CONTEXT(2) 
PARAMETRIC_REPRESENTATION_CONTEXT() REPRESENTATION_CONTEXT('2D SPACE',''
  ) );
#3166 = PCURVE('',#98,#3167);
#3167 = DEFINITIONAL_REPRESENTATION('',(#3168),#3172);
#3168 = LINE('',#3169,#3170);
#3169 = CARTESIAN_POINT('',(4.523299228823,-0.154195887615));
#3170 = VECTOR('',#3171,1.);
#3171 = DIRECTION('',(3.406946215029E-02,0.999419467365));
#3172 = ( GEOMETRIC_REPRESENTATION_CONTEXT(2) 
PARAMETRIC_REPRESENTATION_CONTEXT() REPRESENTATION_CONTEXT('2D SPACE',''
  ) );
#3173 = ADVANCED_FACE('',(#3174),#3067,.T.);
#3174 = FACE_BOUND('',#3175,.T.);
#3175 = EDGE_LOOP('',(#3176,#3206,#3371,#3372));
#3176 = ORIENTED_EDGE('',*,*,#3177,.T.);
#3177 = EDGE_CURVE('',#3178,#3180,#3182,.T.);
#3178 = VERTEX_POINT('',#3179);
#3179 = CARTESIAN_POINT('',(-488.0100215925,166.8590897761,
    11.221259208019));
#3180 = VERTEX_POINT('',#3181);
#3181 = CARTESIAN_POINT('',(-493.0000215925,166.85908977568,
    11.221259708685));
#3182 = SURFACE_CURVE('',#3183,(#3187,#3194),.PCURVE_S1.);
#3183 = LINE('',#3184,#3185);
#3184 = CARTESIAN_POINT('',(-488.0100215925,166.8590897761,
    11.221259208019));
#3185 = VECTOR('',#3186,1.);
#3186 = DIRECTION('',(-1.,-8.313972134781E-11,1.003338207795E-07));
#3187 = PCURVE('',#3067,#3188);
#3188 = DEFINITIONAL_REPRESENTATION('',(#3189),#3193);
#3189 = LINE('',#3190,#3191);
#3190 = CARTESIAN_POINT('',(-0.528635929729,0.));
#3191 = VECTOR('',#3192,1.);
#3192 = DIRECTION('',(0.,-1.));
#3193 = ( GEOMETRIC_REPRESENTATION_CONTEXT(2) 
PARAMETRIC_REPRESENTATION_CONTEXT() REPRESENTATION_CONTEXT('2D SPACE',''
  ) );
#3194 = PCURVE('',#3195,#3200);
#3195 = PLANE('',#3196);
#3196 = AXIS2_PLACEMENT_3D('',#3197,#3198,#3199);
#3197 = CARTESIAN_POINT('',(-488.0100215962,129.10977615655,
    11.153725710916));
#3198 = DIRECTION('',(1.003338092826E-07,-1.785605152963E-03,
    0.999998405806));
#3199 = DIRECTION('',(-9.601699621678E-11,-0.999998405806,
    -1.785605152963E-03));
#3200 = DEFINITIONAL_REPRESENTATION('',(#3201),#3205);
#3201 = LINE('',#3202,#3203);
#3202 = CARTESIAN_POINT('',(-37.74937402797,-6.174664930193E-12));
#3203 = VECTOR('',#3204,1.);
#3204 = DIRECTION('',(-2.376586757545E-18,-1.));
#3205 = ( GEOMETRIC_REPRESENTATION_CONTEXT(2) 
PARAMETRIC_REPRESENTATION_CONTEXT() REPRESENTATION_CONTEXT('2D SPACE',''
  ) );
#3206 = ORIENTED_EDGE('',*,*,#3207,.T.);
#3207 = EDGE_CURVE('',#3180,#3029,#3208,.T.);
#3208 = SURFACE_CURVE('',#3209,(#3285,#3292),.PCURVE_S1.);
#3209 = B_SPLINE_CURVE_WITH_KNOTS('',3,(#3210,#3211,#3212,#3213,#3214,
    #3215,#3216,#3217,#3218,#3219,#3220,#3221,#3222,#3223,#3224,#3225,
    #3226,#3227,#3228,#3229,#3230,#3231,#3232,#3233,#3234,#3235,#3236,
    #3237,#3238,#3239,#3240,#3241,#3242,#3243,#3244,#3245,#3246,#3247,
    #3248,#3249,#3250,#3251,#3252,#3253,#3254,#3255,#3256,#3257,#3258,
    #3259,#3260,#3261,#3262,#3263,#3264,#3265,#3266,#3267,#3268,#3269,
    #3270,#3271,#3272,#3273,#3274,#3275,#3276,#3277,#3278,#3279,#3280,
    #3281,#3282,#3283,#3284),.UNSPECIFIED.,.F.,.F.,(4,1,1,1,2,1,1,2,2,1,
    1,1,1,1,1,1,1,1,1,1,1,1,1,1,2,1,1,1,1,1,1,1,1,1,1,1,1,1,1,1,1,1,1,1,
    1,1,1,1,1,1,1,1,1,1,1,1,1,1,1,1,1,1,3,1,1,1,4),(-0.528635929729,
    -0.519123029235,-0.514366578988,-0.511988353864,-0.509610128741,
    -0.508707890333,-0.507805651926,-0.506001175111,-0.501510462038,
    -0.498237594041,-0.494964726043,-0.491691858046,-0.488418990049,
    -0.485146122052,-0.481873254055,-0.478600386058,-0.47532751806,
    -0.472054650063,-0.468781782066,-0.465508914069,-0.462236046072,
    -0.458963178075,-0.455690310078,-0.45241744208,-0.449144574083,
    -0.449130791113,-0.449117008143,-0.449089442203,-0.449034310323,
    -0.448924046564,-0.448813782804,-0.448703519044,-0.448482991524,
    -0.448262464005,-0.447821408966,-0.447600881446,-0.447380353927,
    -0.446498243848,-0.446057188809,-0.44561613377,-0.445175078731,
    -0.444734023691,-0.443851913613,-0.442087693456,-0.4403234733,
    -0.439441363221,-0.439000308182,-0.438559253143,-0.438118198104,
    -0.437677143065,-0.436795032986,-0.436574505467,-0.436353977947,
    -0.435912922908,-0.435692395388,-0.435471867869,-0.435361604109,
    -0.435251340349,-0.435141076589,-0.435085944709,-0.435058378769,
    -0.435044595799,-0.435030812829,-0.431513155148,-0.427995497466,
    -0.424477839784,-0.420960182102),.UNSPECIFIED.);
#3210 = CARTESIAN_POINT('',(-493.0000215925,166.85908977568,
    11.221259708685));
#3211 = CARTESIAN_POINT('',(-493.000021565,165.615808106,11.494713390438
    ));
#3212 = CARTESIAN_POINT('',(-493.0000215212,163.67361256213,
    11.916421404461));
#3213 = CARTESIAN_POINT('',(-493.0000214722,161.37902645889,
    12.401838454368));
#3214 = CARTESIAN_POINT('',(-493.0000214445,160.07639092712,
    12.673516041092));
#3215 = CARTESIAN_POINT('',(-493.000021431,159.43085678005,
    12.806814698596));
#3216 = CARTESIAN_POINT('',(-493.0000214218,158.98868231646,
    12.897652910634));
#3217 = CARTESIAN_POINT('',(-493.0000214167,158.74525025809,
    12.947577506039));
#3218 = CARTESIAN_POINT('',(-493.0000214067,158.25691559925,
    13.047395622563));
#3219 = CARTESIAN_POINT('',(-493.0000213991,157.88912282923,
    13.122193720419));
#3220 = CARTESIAN_POINT('',(-493.0000213815,157.03131798343,
    13.296045832033));
#3221 = CARTESIAN_POINT('',(-493.0000213689,156.41520705794,
    13.41985214282));
#3222 = CARTESIAN_POINT('',(-493.0000213472,155.34314178005,
    13.63334775001));
#3223 = CARTESIAN_POINT('',(-493.0000213289,154.44178159437,
    13.811671541691));
#3224 = CARTESIAN_POINT('',(-493.0000213023,153.10085637969,
    14.073356801189));
#3225 = CARTESIAN_POINT('',(-493.0000212763,151.77808204708,
    14.327760086888));
#3226 = CARTESIAN_POINT('',(-493.0000212509,150.47276937661,
    14.575136122986));
#3227 = CARTESIAN_POINT('',(-493.0000212253,149.12332806549,
    14.827863265651));
#3228 = CARTESIAN_POINT('',(-493.0000211995,147.7599203962,
    15.079409021782));
#3229 = CARTESIAN_POINT('',(-493.0000211742,146.3975228377,
    15.326700468413));
#3230 = CARTESIAN_POINT('',(-493.0000211495,145.04519290689,
    15.56783020003));
#3231 = CARTESIAN_POINT('',(-493.000021126,143.73653414318,
    15.796512991085));
#3232 = CARTESIAN_POINT('',(-493.0000211035,142.44295401838,
    16.018420130881));
#3233 = CARTESIAN_POINT('',(-493.00002108,141.08588374388,
    16.247818588557));
#3234 = CARTESIAN_POINT('',(-493.000021057,139.71441174175,
    16.475078205283));
#3235 = CARTESIAN_POINT('',(-493.0000210342,138.34129307631,
    16.697815070239));
#3236 = CARTESIAN_POINT('',(-493.0000210122,136.98270379114,
    16.91303027156));
#3237 = CARTESIAN_POINT('',(-493.0000209916,135.67466055236,
    17.114875777765));
#3238 = CARTESIAN_POINT('',(-493.0000209782,134.80973620019,
    17.245194977836));
#3239 = CARTESIAN_POINT('',(-493.0000209713,134.35948587081,
    17.312412934971));
#3240 = CARTESIAN_POINT('',(-493.0000209713,134.35572546768,
    17.312974020971));
#3241 = CARTESIAN_POINT('',(-493.0000209712,134.34819458157,
    17.314097748101));
#3242 = CARTESIAN_POINT('',(-493.000020971,134.33501754073,
    17.316063612611));
#3243 = CARTESIAN_POINT('',(-493.0000209706,134.30864984909,
    17.319996313214));
#3244 = CARTESIAN_POINT('',(-493.00002097,134.27095510972,
    17.325615182893));
#3245 = CARTESIAN_POINT('',(-493.0000209693,134.2256753404,
    17.33235955428));
#3246 = CARTESIAN_POINT('',(-493.0000209684,134.16524441201,
    17.341353740351));
#3247 = CARTESIAN_POINT('',(-493.0000209673,134.08959682866,
    17.352599654005));
#3248 = CARTESIAN_POINT('',(-493.0000209655,133.96834154903,
    17.370597532988));
#3249 = CARTESIAN_POINT('',(-493.0000209637,133.84676601009,
    17.388600347196));
#3250 = CARTESIAN_POINT('',(-493.0000209619,133.72490503799,
    17.4066018544));
#3251 = CARTESIAN_POINT('',(-493.0000209592,133.54183846115,
    17.433600874505));
#3252 = CARTESIAN_POINT('',(-493.0000209562,133.32748411031,
    17.465085240863));
#3253 = CARTESIAN_POINT('',(-493.0000209526,133.08169797374,
    17.501002547363));
#3254 = CARTESIAN_POINT('',(-493.0000209499,132.89699630847,
    17.52790045463));
#3255 = CARTESIAN_POINT('',(-493.0000209473,132.71198890136,
    17.554748541403));
#3256 = CARTESIAN_POINT('',(-493.0000209437,132.46497580993,
    17.590467350952));
#3257 = CARTESIAN_POINT('',(-493.0000209375,132.03199195242,
    17.652739601184));
#3258 = CARTESIAN_POINT('',(-493.0000209292,131.41242020299,
    17.740857594577));
#3259 = CARTESIAN_POINT('',(-493.0000209211,130.79421393409,
    17.827416107983));
#3260 = CARTESIAN_POINT('',(-493.0000209152,130.36356288232,
    17.886981848581));
#3261 = CARTESIAN_POINT('',(-493.0000209118,130.11825468316,
    17.920701125614));
#3262 = CARTESIAN_POINT('',(-493.0000209093,129.93470593351,
    17.945825429144));
#3263 = CARTESIAN_POINT('',(-493.0000209068,129.75163546811,
    17.970778317623));
#3264 = CARTESIAN_POINT('',(-493.0000209035,129.50824380479,
    18.00381153141));
#3265 = CARTESIAN_POINT('',(-493.0000209008,129.29625592786,
    18.032396948169));
#3266 = CARTESIAN_POINT('',(-493.0000208983,129.1153871545,
    18.056653133144));
#3267 = CARTESIAN_POINT('',(-493.0000208967,128.99503423221,
    18.072758118771));
#3268 = CARTESIAN_POINT('',(-493.0000208951,128.87502785195,
    18.088763621032));
#3269 = CARTESIAN_POINT('',(-493.0000208935,128.75539694852,
    18.104665880168));
#3270 = CARTESIAN_POINT('',(-493.0000208926,128.68078621822,
    18.114561602766));
#3271 = CARTESIAN_POINT('',(-493.0000208918,128.62119657743,
    18.122451776507));
#3272 = CARTESIAN_POINT('',(-493.0000208912,128.57655417687,
    18.128356175633));
#3273 = CARTESIAN_POINT('',(-493.0000208907,128.53939393728,
    18.133265463287));
#3274 = CARTESIAN_POINT('',(-493.0000208903,128.51340460368,
    18.136696041334));
#3275 = CARTESIAN_POINT('',(-493.0000208902,128.50041515522,
    18.138409921927));
#3276 = CARTESIAN_POINT('',(-493.0000208901,128.49299487507,
    18.139388767937));
#3277 = CARTESIAN_POINT('',(-493.00002089,128.48928415207,
    18.139878213883));
#3278 = CARTESIAN_POINT('',(-493.00002089,128.48743091705,
    18.140122612303));
#3279 = CARTESIAN_POINT('',(-493.000020884,128.01445256487,
    18.202497411178));
#3280 = CARTESIAN_POINT('',(-493.0000208736,127.09699776914,
    18.321212982648));
#3281 = CARTESIAN_POINT('',(-493.0000208554,125.64038177128,
    18.504535945852));
#3282 = CARTESIAN_POINT('',(-493.0000208387,124.16911289332,
    18.683170182911));
#3283 = CARTESIAN_POINT('',(-493.0000208287,123.18736519137,
    18.797994018161));
#3284 = CARTESIAN_POINT('',(-493.0000208231,122.70229558114,
    18.853579652357));
#3285 = PCURVE('',#3067,#3286);
#3286 = DEFINITIONAL_REPRESENTATION('',(#3287),#3291);
#3287 = LINE('',#3288,#3289);
#3288 = CARTESIAN_POINT('',(0.,-4.99));
#3289 = VECTOR('',#3290,1.);
#3290 = DIRECTION('',(1.,0.));
#3291 = ( GEOMETRIC_REPRESENTATION_CONTEXT(2) 
PARAMETRIC_REPRESENTATION_CONTEXT() REPRESENTATION_CONTEXT('2D SPACE',''
  ) );
#3292 = PCURVE('',#66,#3293);
#3293 = DEFINITIONAL_REPRESENTATION('',(#3294),#3370);
#3294 = B_SPLINE_CURVE_WITH_KNOTS('',3,(#3295,#3296,#3297,#3298,#3299,
    #3300,#3301,#3302,#3303,#3304,#3305,#3306,#3307,#3308,#3309,#3310,
    #3311,#3312,#3313,#3314,#3315,#3316,#3317,#3318,#3319,#3320,#3321,
    #3322,#3323,#3324,#3325,#3326,#3327,#3328,#3329,#3330,#3331,#3332,
    #3333,#3334,#3335,#3336,#3337,#3338,#3339,#3340,#3341,#3342,#3343,
    #3344,#3345,#3346,#3347,#3348,#3349,#3350,#3351,#3352,#3353,#3354,
    #3355,#3356,#3357,#3358,#3359,#3360,#3361,#3362,#3363,#3364,#3365,
    #3366,#3367,#3368,#3369),.UNSPECIFIED.,.F.,.F.,(4,1,1,1,2,1,1,2,2,1,
    1,1,1,1,1,1,1,1,1,1,1,1,1,1,2,1,1,1,1,1,1,1,1,1,1,1,1,1,1,1,1,1,1,1,
    1,1,1,1,1,1,1,1,1,1,1,1,1,1,1,1,1,1,3,1,1,1,4),(-0.528635929729,
    -0.519123029235,-0.514366578988,-0.511988353864,-0.509610128741,
    -0.508707890333,-0.507805651926,-0.506001175111,-0.501510462038,
    -0.498237594041,-0.494964726043,-0.491691858046,-0.488418990049,
    -0.485146122052,-0.481873254055,-0.478600386058,-0.47532751806,
    -0.472054650063,-0.468781782066,-0.465508914069,-0.462236046072,
    -0.458963178075,-0.455690310078,-0.45241744208,-0.449144574083,
    -0.449130791113,-0.449117008143,-0.449089442203,-0.449034310323,
    -0.448924046564,-0.448813782804,-0.448703519044,-0.448482991524,
    -0.448262464005,-0.447821408966,-0.447600881446,-0.447380353927,
    -0.446498243848,-0.446057188809,-0.44561613377,-0.445175078731,
    -0.444734023691,-0.443851913613,-0.442087693456,-0.4403234733,
    -0.439441363221,-0.439000308182,-0.438559253143,-0.438118198104,
    -0.437677143065,-0.436795032986,-0.436574505467,-0.436353977947,
    -0.435912922908,-0.435692395388,-0.435471867869,-0.435361604109,
    -0.435251340349,-0.435141076589,-0.435085944709,-0.435058378769,
    -0.435044595799,-0.435030812829,-0.431513155148,-0.427995497466,
    -0.424477839784,-0.420960182102),.UNSPECIFIED.);
#3295 = CARTESIAN_POINT('',(48.514012676585,-5.592048195073));
#3296 = CARTESIAN_POINT('',(47.28103177637,-5.275371189383));
#3297 = CARTESIAN_POINT('',(45.354736762994,-4.786138421509));
#3298 = CARTESIAN_POINT('',(43.078489270343,-4.22093717441));
#3299 = CARTESIAN_POINT('',(41.786128679985,-3.903963761886));
#3300 = CARTESIAN_POINT('',(41.145639830934,-3.748217489486));
#3301 = CARTESIAN_POINT('',(40.706904935961,-3.642002947398));
#3302 = CARTESIAN_POINT('',(40.465363513076,-3.583613108389));
#3303 = CARTESIAN_POINT('',(39.980809936545,-3.466813164549));
#3304 = CARTESIAN_POINT('',(39.615851631912,-3.379224849109));
#3305 = CARTESIAN_POINT('',(38.764636688843,-3.175541686116));
#3306 = CARTESIAN_POINT('',(38.153221859417,-3.030308833576));
#3307 = CARTESIAN_POINT('',(37.089260543967,-2.779528743511));
#3308 = CARTESIAN_POINT('',(36.194672853138,-2.569856565038));
#3309 = CARTESIAN_POINT('',(34.86369717772,-2.261533102022));
#3310 = CARTESIAN_POINT('',(33.550607190123,-1.961120633472));
#3311 = CARTESIAN_POINT('',(32.25472298002,-1.668340536932));
#3312 = CARTESIAN_POINT('',(30.914923762167,-1.368672526226));
#3313 = CARTESIAN_POINT('',(29.561125464277,-1.069697763515));
#3314 = CARTESIAN_POINT('',(28.208188188586,-0.775009971051));
#3315 = CARTESIAN_POINT('',(26.865097366904,-0.486831495191));
#3316 = CARTESIAN_POINT('',(25.565216717067,-0.212616479305));
#3317 = CARTESIAN_POINT('',(24.280169053821,5.430077595748E-02));
#3318 = CARTESIAN_POINT('',(22.931931360582,0.330920559861));
#3319 = CARTESIAN_POINT('',(21.569226068385,0.605905418785));
#3320 = CARTESIAN_POINT('',(20.204717274219,0.876427748797));
#3321 = CARTESIAN_POINT('',(18.854466507143,1.138925929111));
#3322 = CARTESIAN_POINT('',(17.55426439954,1.386298527185));
#3323 = CARTESIAN_POINT('',(16.694415010409,1.546723764897));
#3324 = CARTESIAN_POINT('',(16.246784834238,1.629614284554));
#3325 = CARTESIAN_POINT('',(16.243046303463,1.630306264933));
#3326 = CARTESIAN_POINT('',(16.235559222476,1.631692131653));
#3327 = CARTESIAN_POINT('',(16.222458816415,1.634116670705));
#3328 = CARTESIAN_POINT('',(16.196244436533,1.638967194781));
#3329 = CARTESIAN_POINT('',(16.158768755503,1.645898169028));
#3330 = CARTESIAN_POINT('',(16.113751944562,1.654218673087));
#3331 = CARTESIAN_POINT('',(16.053671721628,1.665316389129));
#3332 = CARTESIAN_POINT('',(15.978462697468,1.679195514661));
#3333 = CARTESIAN_POINT('',(15.857909400197,1.701414178054));
#3334 = CARTESIAN_POINT('',(15.737036210945,1.723648950555));
#3335 = CARTESIAN_POINT('',(15.615877716798,1.745892378321));
#3336 = CARTESIAN_POINT('',(15.433864911384,1.779263882747));
#3337 = CARTESIAN_POINT('',(15.220739927962,1.81820992864));
#3338 = CARTESIAN_POINT('',(14.976357013586,1.86268316775));
#3339 = CARTESIAN_POINT('',(14.792706587006,1.896010684697));
#3340 = CARTESIAN_POINT('',(14.608748866125,1.929299081735));
#3341 = CARTESIAN_POINT('',(14.363132816872,1.97361676492));
#3342 = CARTESIAN_POINT('',(13.932585991621,2.050961999287));
#3343 = CARTESIAN_POINT('',(13.316466942181,2.160649055806));
#3344 = CARTESIAN_POINT('',(12.701658116389,2.268729927747));
#3345 = CARTESIAN_POINT('',(12.273348219972,2.343288887467));
#3346 = CARTESIAN_POINT('',(12.029366241736,2.385548756315));
#3347 = CARTESIAN_POINT('',(11.846806130574,2.417063513781));
#3348 = CARTESIAN_POINT('',(11.664718030004,2.448390268738));
#3349 = CARTESIAN_POINT('',(11.422627476845,2.489897606135));
#3350 = CARTESIAN_POINT('',(11.211766353859,2.525863879643));
#3351 = CARTESIAN_POINT('',(11.031854289517,2.556417517565));
#3352 = CARTESIAN_POINT('',(10.912136738868,2.576712948884));
#3353 = CARTESIAN_POINT('',(10.792762047226,2.596896863298));
#3354 = CARTESIAN_POINT('',(10.67375900055,2.616964493527));
#3355 = CARTESIAN_POINT('',(10.599539076829,2.629458064854));
#3356 = CARTESIAN_POINT('',(10.540261099531,2.639423080587));
#3357 = CARTESIAN_POINT('',(10.495851954473,2.646881880223));
#3358 = CARTESIAN_POINT('',(10.458885683565,2.653085050931));
#3359 = CARTESIAN_POINT('',(10.433031907412,2.657420553825));
#3360 = CARTESIAN_POINT('',(10.420110185343,2.659586715582));
#3361 = CARTESIAN_POINT('',(10.412728586661,2.660823929348));
#3362 = CARTESIAN_POINT('',(10.40903720555,2.661442579502));
#3363 = CARTESIAN_POINT('',(10.407193628853,2.66175150601));
#3364 = CARTESIAN_POINT('',(9.936680251393,2.740595014285));
#3365 = CARTESIAN_POINT('',(9.023927458031,2.891256978055));
#3366 = CARTESIAN_POINT('',(7.57459667043,3.125303431077));
#3367 = CARTESIAN_POINT('',(6.110458294685,3.35517539234));
#3368 = CARTESIAN_POINT('',(5.133315940969,3.504191780699));
#3369 = CARTESIAN_POINT('',(4.650481732697,3.576672238891));
#3370 = ( GEOMETRIC_REPRESENTATION_CONTEXT(2) 
PARAMETRIC_REPRESENTATION_CONTEXT() REPRESENTATION_CONTEXT('2D SPACE',''
  ) );
#3371 = ORIENTED_EDGE('',*,*,#3051,.F.);
#3372 = ORIENTED_EDGE('',*,*,#3373,.F.);
#3373 = EDGE_CURVE('',#3178,#3052,#3374,.T.);
#3374 = SURFACE_CURVE('',#3375,(#3451,#3458),.PCURVE_S1.);
#3375 = B_SPLINE_CURVE_WITH_KNOTS('',3,(#3376,#3377,#3378,#3379,#3380,
    #3381,#3382,#3383,#3384,#3385,#3386,#3387,#3388,#3389,#3390,#3391,
    #3392,#3393,#3394,#3395,#3396,#3397,#3398,#3399,#3400,#3401,#3402,
    #3403,#3404,#3405,#3406,#3407,#3408,#3409,#3410,#3411,#3412,#3413,
    #3414,#3415,#3416,#3417,#3418,#3419,#3420,#3421,#3422,#3423,#3424,
    #3425,#3426,#3427,#3428,#3429,#3430,#3431,#3432,#3433,#3434,#3435,
    #3436,#3437,#3438,#3439,#3440,#3441,#3442,#3443,#3444,#3445,#3446,
    #3447,#3448,#3449,#3450),.UNSPECIFIED.,.F.,.F.,(4,1,1,1,2,1,1,2,2,1,
    1,1,1,1,1,1,1,1,1,1,1,1,1,1,2,1,1,1,1,1,1,1,1,1,1,1,1,1,1,1,1,1,1,1,
    1,1,1,1,1,1,1,1,1,1,1,1,1,1,1,1,1,1,3,1,1,1,4),(-0.528635929729,
    -0.519123029235,-0.514366578988,-0.511988353864,-0.509610128741,
    -0.508707890333,-0.507805651926,-0.506001175111,-0.501510462038,
    -0.498237594041,-0.494964726043,-0.491691858046,-0.488418990049,
    -0.485146122052,-0.481873254055,-0.478600386058,-0.47532751806,
    -0.472054650063,-0.468781782066,-0.465508914069,-0.462236046072,
    -0.458963178075,-0.455690310078,-0.45241744208,-0.449144574083,
    -0.449130791113,-0.449117008143,-0.449089442203,-0.449034310323,
    -0.448924046564,-0.448813782804,-0.448703519044,-0.448482991524,
    -0.448262464005,-0.447821408966,-0.447600881446,-0.447380353927,
    -0.446498243848,-0.446057188809,-0.44561613377,-0.445175078731,
    -0.444734023691,-0.443851913613,-0.442087693456,-0.4403234733,
    -0.439441363221,-0.439000308182,-0.438559253143,-0.438118198104,
    -0.437677143065,-0.436795032986,-0.436574505467,-0.436353977947,
    -0.435912922908,-0.435692395388,-0.435471867869,-0.435361604109,
    -0.435251340349,-0.435141076589,-0.435085944709,-0.435058378769,
    -0.435044595799,-0.435030812829,-0.431513155148,-0.427995497466,
    -0.424477839784,-0.420960182102),.UNSPECIFIED.);
#3376 = CARTESIAN_POINT('',(-488.0100215925,166.8590897761,
    11.221259208019));
#3377 = CARTESIAN_POINT('',(-488.010021565,165.61580810642,
    11.494712889772));
#3378 = CARTESIAN_POINT('',(-488.0100215212,163.67361256255,
    11.916420903795));
#3379 = CARTESIAN_POINT('',(-488.0100214722,161.37902645931,
    12.401837953702));
#3380 = CARTESIAN_POINT('',(-488.0100214445,160.07639092754,
    12.673515540426));
#3381 = CARTESIAN_POINT('',(-488.010021431,159.43085678047,
    12.80681419793));
#3382 = CARTESIAN_POINT('',(-488.0100214218,158.98868231688,
    12.897652409968));
#3383 = CARTESIAN_POINT('',(-488.0100214167,158.74525025851,
    12.947577005373));
#3384 = CARTESIAN_POINT('',(-488.0100214067,158.25691559967,
    13.047395121897));
#3385 = CARTESIAN_POINT('',(-488.0100213991,157.88912282965,
    13.122193219753));
#3386 = CARTESIAN_POINT('',(-488.0100213815,157.03131798385,
    13.296045331367));
#3387 = CARTESIAN_POINT('',(-488.0100213689,156.41520705836,
    13.419851642154));
#3388 = CARTESIAN_POINT('',(-488.0100213472,155.34314178047,
    13.633347249344));
#3389 = CARTESIAN_POINT('',(-488.0100213289,154.44178159479,
    13.811671041025));
#3390 = CARTESIAN_POINT('',(-488.0100213023,153.10085638011,
    14.073356300523));
#3391 = CARTESIAN_POINT('',(-488.0100212763,151.7780820475,
    14.327759586222));
#3392 = CARTESIAN_POINT('',(-488.0100212509,150.47276937703,
    14.57513562232));
#3393 = CARTESIAN_POINT('',(-488.0100212253,149.12332806591,
    14.827862764985));
#3394 = CARTESIAN_POINT('',(-488.0100211995,147.75992039662,
    15.079408521116));
#3395 = CARTESIAN_POINT('',(-488.0100211742,146.39752283812,
    15.326699967747));
#3396 = CARTESIAN_POINT('',(-488.0100211495,145.04519290731,
    15.567829699364));
#3397 = CARTESIAN_POINT('',(-488.010021126,143.7365341436,
    15.796512490419));
#3398 = CARTESIAN_POINT('',(-488.0100211035,142.4429540188,
    16.018419630215));
#3399 = CARTESIAN_POINT('',(-488.01002108,141.0858837443,16.247818087891
    ));
#3400 = CARTESIAN_POINT('',(-488.010021057,139.71441174217,
    16.475077704617));
#3401 = CARTESIAN_POINT('',(-488.0100210342,138.34129307673,
    16.697814569573));
#3402 = CARTESIAN_POINT('',(-488.0100210122,136.98270379156,
    16.913029770894));
#3403 = CARTESIAN_POINT('',(-488.0100209916,135.67466055278,
    17.114875277099));
#3404 = CARTESIAN_POINT('',(-488.0100209782,134.80973620061,
    17.24519447717));
#3405 = CARTESIAN_POINT('',(-488.0100209713,134.35948587123,
    17.312412434305));
#3406 = CARTESIAN_POINT('',(-488.0100209713,134.3557254681,
    17.312973520305));
#3407 = CARTESIAN_POINT('',(-488.0100209712,134.34819458199,
    17.314097247435));
#3408 = CARTESIAN_POINT('',(-488.010020971,134.33501754115,
    17.316063111945));
#3409 = CARTESIAN_POINT('',(-488.0100209706,134.30864984951,
    17.319995812548));
#3410 = CARTESIAN_POINT('',(-488.01002097,134.27095511014,
    17.325614682227));
#3411 = CARTESIAN_POINT('',(-488.0100209693,134.22567534082,
    17.332359053614));
#3412 = CARTESIAN_POINT('',(-488.0100209684,134.16524441243,
    17.341353239685));
#3413 = CARTESIAN_POINT('',(-488.0100209673,134.08959682908,
    17.352599153339));
#3414 = CARTESIAN_POINT('',(-488.0100209655,133.96834154945,
    17.370597032322));
#3415 = CARTESIAN_POINT('',(-488.0100209637,133.84676601051,
    17.38859984653));
#3416 = CARTESIAN_POINT('',(-488.0100209619,133.72490503841,
    17.406601353734));
#3417 = CARTESIAN_POINT('',(-488.0100209592,133.54183846157,
    17.433600373839));
#3418 = CARTESIAN_POINT('',(-488.0100209562,133.32748411073,
    17.465084740197));
#3419 = CARTESIAN_POINT('',(-488.0100209526,133.08169797416,
    17.501002046697));
#3420 = CARTESIAN_POINT('',(-488.0100209499,132.89699630889,
    17.527899953964));
#3421 = CARTESIAN_POINT('',(-488.0100209473,132.71198890178,
    17.554748040737));
#3422 = CARTESIAN_POINT('',(-488.0100209437,132.46497581035,
    17.590466850286));
#3423 = CARTESIAN_POINT('',(-488.0100209375,132.03199195284,
    17.652739100518));
#3424 = CARTESIAN_POINT('',(-488.0100209292,131.41242020341,
    17.740857093911));
#3425 = CARTESIAN_POINT('',(-488.0100209211,130.79421393451,
    17.827415607317));
#3426 = CARTESIAN_POINT('',(-488.0100209152,130.36356288274,
    17.886981347915));
#3427 = CARTESIAN_POINT('',(-488.0100209118,130.11825468358,
    17.920700624948));
#3428 = CARTESIAN_POINT('',(-488.0100209093,129.93470593393,
    17.945824928478));
#3429 = CARTESIAN_POINT('',(-488.0100209068,129.75163546853,
    17.970777816957));
#3430 = CARTESIAN_POINT('',(-488.0100209035,129.50824380521,
    18.003811030744));
#3431 = CARTESIAN_POINT('',(-488.0100209008,129.29625592828,
    18.032396447503));
#3432 = CARTESIAN_POINT('',(-488.0100208983,129.11538715492,
    18.056652632478));
#3433 = CARTESIAN_POINT('',(-488.0100208967,128.99503423263,
    18.072757618105));
#3434 = CARTESIAN_POINT('',(-488.0100208951,128.87502785237,
    18.088763120366));
#3435 = CARTESIAN_POINT('',(-488.0100208935,128.75539694894,
    18.104665379502));
#3436 = CARTESIAN_POINT('',(-488.0100208926,128.68078621864,
    18.1145611021));
#3437 = CARTESIAN_POINT('',(-488.0100208918,128.62119657785,
    18.122451275841));
#3438 = CARTESIAN_POINT('',(-488.0100208912,128.57655417729,
    18.128355674967));
#3439 = CARTESIAN_POINT('',(-488.0100208907,128.5393939377,
    18.133264962621));
#3440 = CARTESIAN_POINT('',(-488.0100208903,128.5134046041,
    18.136695540668));
#3441 = CARTESIAN_POINT('',(-488.0100208902,128.50041515564,
    18.138409421261));
#3442 = CARTESIAN_POINT('',(-488.0100208901,128.49299487549,
    18.139388267271));
#3443 = CARTESIAN_POINT('',(-488.01002089,128.48928415249,
    18.139877713217));
#3444 = CARTESIAN_POINT('',(-488.01002089,128.48743091747,
    18.140122111637));
#3445 = CARTESIAN_POINT('',(-488.010020884,128.01445256529,
    18.202496910512));
#3446 = CARTESIAN_POINT('',(-488.0100208736,127.09699776956,
    18.321212481982));
#3447 = CARTESIAN_POINT('',(-488.0100208554,125.6403817717,
    18.504535445186));
#3448 = CARTESIAN_POINT('',(-488.0100208387,124.16911289374,
    18.683169682245));
#3449 = CARTESIAN_POINT('',(-488.0100208287,123.18736519179,
    18.797993517495));
#3450 = CARTESIAN_POINT('',(-488.0100208231,122.70229558156,
    18.853579151691));
#3451 = PCURVE('',#3067,#3452);
#3452 = DEFINITIONAL_REPRESENTATION('',(#3453),#3457);
#3453 = LINE('',#3454,#3455);
#3454 = CARTESIAN_POINT('',(0.,0.));
#3455 = VECTOR('',#3456,1.);
#3456 = DIRECTION('',(1.,0.));
#3457 = ( GEOMETRIC_REPRESENTATION_CONTEXT(2) 
PARAMETRIC_REPRESENTATION_CONTEXT() REPRESENTATION_CONTEXT('2D SPACE',''
  ) );
#3458 = PCURVE('',#98,#3459);
#3459 = DEFINITIONAL_REPRESENTATION('',(#3460),#3536);
#3460 = B_SPLINE_CURVE_WITH_KNOTS('',3,(#3461,#3462,#3463,#3464,#3465,
    #3466,#3467,#3468,#3469,#3470,#3471,#3472,#3473,#3474,#3475,#3476,
    #3477,#3478,#3479,#3480,#3481,#3482,#3483,#3484,#3485,#3486,#3487,
    #3488,#3489,#3490,#3491,#3492,#3493,#3494,#3495,#3496,#3497,#3498,
    #3499,#3500,#3501,#3502,#3503,#3504,#3505,#3506,#3507,#3508,#3509,
    #3510,#3511,#3512,#3513,#3514,#3515,#3516,#3517,#3518,#3519,#3520,
    #3521,#3522,#3523,#3524,#3525,#3526,#3527,#3528,#3529,#3530,#3531,
    #3532,#3533,#3534,#3535),.UNSPECIFIED.,.F.,.F.,(4,1,1,1,2,1,1,2,2,1,
    1,1,1,1,1,1,1,1,1,1,1,1,1,1,2,1,1,1,1,1,1,1,1,1,1,1,1,1,1,1,1,1,1,1,
    1,1,1,1,1,1,1,1,1,1,1,1,1,1,1,1,1,1,3,1,1,1,4),(-0.528635929729,
    -0.519123029235,-0.514366578988,-0.511988353864,-0.509610128741,
    -0.508707890333,-0.507805651926,-0.506001175111,-0.501510462038,
    -0.498237594041,-0.494964726043,-0.491691858046,-0.488418990049,
    -0.485146122052,-0.481873254055,-0.478600386058,-0.47532751806,
    -0.472054650063,-0.468781782066,-0.465508914069,-0.462236046072,
    -0.458963178075,-0.455690310078,-0.45241744208,-0.449144574083,
    -0.449130791113,-0.449117008143,-0.449089442203,-0.449034310323,
    -0.448924046564,-0.448813782804,-0.448703519044,-0.448482991524,
    -0.448262464005,-0.447821408966,-0.447600881446,-0.447380353927,
    -0.446498243848,-0.446057188809,-0.44561613377,-0.445175078731,
    -0.444734023691,-0.443851913613,-0.442087693456,-0.4403234733,
    -0.439441363221,-0.439000308182,-0.438559253143,-0.438118198104,
    -0.437677143065,-0.436795032986,-0.436574505467,-0.436353977947,
    -0.435912922908,-0.435692395388,-0.435471867869,-0.435361604109,
    -0.435251340349,-0.435141076589,-0.435085944709,-0.435058378769,
    -0.435044595799,-0.435030812829,-0.431513155148,-0.427995497466,
    -0.424477839784,-0.420960182102),.UNSPECIFIED.);
#3461 = CARTESIAN_POINT('',(48.514012676585,-5.592048195073));
#3462 = CARTESIAN_POINT('',(47.28103177637,-5.275371189383));
#3463 = CARTESIAN_POINT('',(45.354736762994,-4.786138421509));
#3464 = CARTESIAN_POINT('',(43.078489270343,-4.22093717441));
#3465 = CARTESIAN_POINT('',(41.786128679985,-3.903963761886));
#3466 = CARTESIAN_POINT('',(41.145639830934,-3.748217489486));
#3467 = CARTESIAN_POINT('',(40.706904935961,-3.642002947398));
#3468 = CARTESIAN_POINT('',(40.465363513076,-3.583613108389));
#3469 = CARTESIAN_POINT('',(39.980809936545,-3.466813164549));
#3470 = CARTESIAN_POINT('',(39.615851631912,-3.379224849109));
#3471 = CARTESIAN_POINT('',(38.764636688843,-3.175541686116));
#3472 = CARTESIAN_POINT('',(38.153221859417,-3.030308833576));
#3473 = CARTESIAN_POINT('',(37.089260543967,-2.779528743511));
#3474 = CARTESIAN_POINT('',(36.194672853138,-2.569856565038));
#3475 = CARTESIAN_POINT('',(34.86369717772,-2.261533102022));
#3476 = CARTESIAN_POINT('',(33.550607190123,-1.961120633472));
#3477 = CARTESIAN_POINT('',(32.25472298002,-1.668340536932));
#3478 = CARTESIAN_POINT('',(30.914923762167,-1.368672526226));
#3479 = CARTESIAN_POINT('',(29.561125464277,-1.069697763515));
#3480 = CARTESIAN_POINT('',(28.208188188586,-0.775009971051));
#3481 = CARTESIAN_POINT('',(26.865097366904,-0.486831495191));
#3482 = CARTESIAN_POINT('',(25.565216717067,-0.212616479305));
#3483 = CARTESIAN_POINT('',(24.280169053821,5.430077595748E-02));
#3484 = CARTESIAN_POINT('',(22.931931360582,0.330920559861));
#3485 = CARTESIAN_POINT('',(21.569226068385,0.605905418785));
#3486 = CARTESIAN_POINT('',(20.204717274219,0.876427748797));
#3487 = CARTESIAN_POINT('',(18.854466507143,1.138925929111));
#3488 = CARTESIAN_POINT('',(17.55426439954,1.386298527185));
#3489 = CARTESIAN_POINT('',(16.694415010409,1.546723764897));
#3490 = CARTESIAN_POINT('',(16.246784834238,1.629614284554));
#3491 = CARTESIAN_POINT('',(16.243046303463,1.630306264933));
#3492 = CARTESIAN_POINT('',(16.235559222476,1.631692131653));
#3493 = CARTESIAN_POINT('',(16.222458816415,1.634116670705));
#3494 = CARTESIAN_POINT('',(16.196244436533,1.638967194781));
#3495 = CARTESIAN_POINT('',(16.158768755503,1.645898169028));
#3496 = CARTESIAN_POINT('',(16.113751944562,1.654218673087));
#3497 = CARTESIAN_POINT('',(16.053671721628,1.665316389129));
#3498 = CARTESIAN_POINT('',(15.978462697468,1.679195514661));
#3499 = CARTESIAN_POINT('',(15.857909400197,1.701414178054));
#3500 = CARTESIAN_POINT('',(15.737036210945,1.723648950555));
#3501 = CARTESIAN_POINT('',(15.615877716798,1.745892378321));
#3502 = CARTESIAN_POINT('',(15.433864911384,1.779263882747));
#3503 = CARTESIAN_POINT('',(15.220739927962,1.81820992864));
#3504 = CARTESIAN_POINT('',(14.976357013586,1.86268316775));
#3505 = CARTESIAN_POINT('',(14.792706587006,1.896010684697));
#3506 = CARTESIAN_POINT('',(14.608748866125,1.929299081735));
#3507 = CARTESIAN_POINT('',(14.363132816872,1.97361676492));
#3508 = CARTESIAN_POINT('',(13.932585991621,2.050961999287));
#3509 = CARTESIAN_POINT('',(13.316466942181,2.160649055806));
#3510 = CARTESIAN_POINT('',(12.701658116389,2.268729927747));
#3511 = CARTESIAN_POINT('',(12.273348219972,2.343288887467));
#3512 = CARTESIAN_POINT('',(12.029366241736,2.385548756315));
#3513 = CARTESIAN_POINT('',(11.846806130574,2.417063513781));
#3514 = CARTESIAN_POINT('',(11.664718030004,2.448390268738));
#3515 = CARTESIAN_POINT('',(11.422627476845,2.489897606135));
#3516 = CARTESIAN_POINT('',(11.211766353859,2.525863879643));
#3517 = CARTESIAN_POINT('',(11.031854289517,2.556417517565));
#3518 = CARTESIAN_POINT('',(10.912136738868,2.576712948884));
#3519 = CARTESIAN_POINT('',(10.792762047226,2.596896863298));
#3520 = CARTESIAN_POINT('',(10.67375900055,2.616964493527));
#3521 = CARTESIAN_POINT('',(10.599539076829,2.629458064854));
#3522 = CARTESIAN_POINT('',(10.540261099531,2.639423080587));
#3523 = CARTESIAN_POINT('',(10.495851954473,2.646881880223));
#3524 = CARTESIAN_POINT('',(10.458885683565,2.653085050931));
#3525 = CARTESIAN_POINT('',(10.433031907412,2.657420553825));
#3526 = CARTESIAN_POINT('',(10.420110185343,2.659586715582));
#3527 = CARTESIAN_POINT('',(10.412728586661,2.660823929348));
#3528 = CARTESIAN_POINT('',(10.40903720555,2.661442579502));
#3529 = CARTESIAN_POINT('',(10.407193628853,2.66175150601));
#3530 = CARTESIAN_POINT('',(9.936680251393,2.740595014285));
#3531 = CARTESIAN_POINT('',(9.023927458031,2.891256978055));
#3532 = CARTESIAN_POINT('',(7.57459667043,3.125303431077));
#3533 = CARTESIAN_POINT('',(6.110458294685,3.35517539234));
#3534 = CARTESIAN_POINT('',(5.133315940969,3.504191780699));
#3535 = CARTESIAN_POINT('',(4.650481732697,3.576672238891));
#3536 = ( GEOMETRIC_REPRESENTATION_CONTEXT(2) 
PARAMETRIC_REPRESENTATION_CONTEXT() REPRESENTATION_CONTEXT('2D SPACE',''
  ) );
#3537 = ADVANCED_FACE('',(#3538),#3195,.F.);
#3538 = FACE_BOUND('',#3539,.T.);
#3539 = EDGE_LOOP('',(#3540,#3570,#3591,#3592));
#3540 = ORIENTED_EDGE('',*,*,#3541,.T.);
#3541 = EDGE_CURVE('',#3542,#3544,#3546,.T.);
#3542 = VERTEX_POINT('',#3543);
#3543 = CARTESIAN_POINT('',(-488.0100215962,129.10977615655,
    11.153725710916));
#3544 = VERTEX_POINT('',#3545);
#3545 = CARTESIAN_POINT('',(-493.0000215962,129.10977615613,
    11.153726211582));
#3546 = SURFACE_CURVE('',#3547,(#3551,#3558),.PCURVE_S1.);
#3547 = LINE('',#3548,#3549);
#3548 = CARTESIAN_POINT('',(-488.0100215962,129.10977615655,
    11.153725710916));
#3549 = VECTOR('',#3550,1.);
#3550 = DIRECTION('',(-1.,-8.313972134781E-11,1.003338207795E-07));
#3551 = PCURVE('',#3195,#3552);
#3552 = DEFINITIONAL_REPRESENTATION('',(#3553),#3557);
#3553 = LINE('',#3554,#3555);
#3554 = CARTESIAN_POINT('',(1.702875533191E-21,-8.867573342286E-12));
#3555 = VECTOR('',#3556,1.);
#3556 = DIRECTION('',(-2.376586757545E-18,-1.));
#3557 = ( GEOMETRIC_REPRESENTATION_CONTEXT(2) 
PARAMETRIC_REPRESENTATION_CONTEXT() REPRESENTATION_CONTEXT('2D SPACE',''
  ) );
#3558 = PCURVE('',#3559,#3564);
#3559 = PLANE('',#3560);
#3560 = AXIS2_PLACEMENT_3D('',#3561,#3562,#3563);
#3561 = CARTESIAN_POINT('',(-488.0100220933,124.16408141516,
    6.195128537945));
#3562 = DIRECTION('',(7.091309908924E-08,-0.70802741539,0.706184946778)
  );
#3563 = DIRECTION('',(-7.098049003771E-08,-0.706184946778,-0.70802741539
    ));
#3564 = DEFINITIONAL_REPRESENTATION('',(#3565),#3569);
#3565 = LINE('',#3566,#3567);
#3566 = CARTESIAN_POINT('',(-7.003397918065,-4.586735192953E-12));
#3567 = VECTOR('',#3568,1.);
#3568 = DIRECTION('',(1.062546823071E-13,-1.));
#3569 = ( GEOMETRIC_REPRESENTATION_CONTEXT(2) 
PARAMETRIC_REPRESENTATION_CONTEXT() REPRESENTATION_CONTEXT('2D SPACE',''
  ) );
#3570 = ORIENTED_EDGE('',*,*,#3571,.T.);
#3571 = EDGE_CURVE('',#3544,#3180,#3572,.T.);
#3572 = SURFACE_CURVE('',#3573,(#3577,#3584),.PCURVE_S1.);
#3573 = LINE('',#3574,#3575);
#3574 = CARTESIAN_POINT('',(-493.0000215972,118.18658215734,
    11.134221668997));
#3575 = VECTOR('',#3576,1.);
#3576 = DIRECTION('',(9.601699621678E-11,0.999998405806,
    1.785605152963E-03));
#3577 = PCURVE('',#3195,#3578);
#3578 = DEFINITIONAL_REPRESENTATION('',(#3579),#3583);
#3579 = LINE('',#3580,#3581);
#3580 = CARTESIAN_POINT('',(10.92321141251,-4.99));
#3581 = VECTOR('',#3582,1.);
#3582 = DIRECTION('',(-1.,-2.584939414228E-26));
#3583 = ( GEOMETRIC_REPRESENTATION_CONTEXT(2) 
PARAMETRIC_REPRESENTATION_CONTEXT() REPRESENTATION_CONTEXT('2D SPACE',''
  ) );
#3584 = PCURVE('',#66,#3585);
#3585 = DEFINITIONAL_REPRESENTATION('',(#3586),#3590);
#3586 = LINE('',#3587,#3588);
#3587 = CARTESIAN_POINT('',(-0.131882548981,-3.980387194412));
#3588 = VECTOR('',#3589,1.);
#3589 = DIRECTION('',(0.999451550517,-3.311492365534E-02));
#3590 = ( GEOMETRIC_REPRESENTATION_CONTEXT(2) 
PARAMETRIC_REPRESENTATION_CONTEXT() REPRESENTATION_CONTEXT('2D SPACE',''
  ) );
#3591 = ORIENTED_EDGE('',*,*,#3177,.F.);
#3592 = ORIENTED_EDGE('',*,*,#3593,.F.);
#3593 = EDGE_CURVE('',#3542,#3178,#3594,.T.);
#3594 = SURFACE_CURVE('',#3595,(#3599,#3606),.PCURVE_S1.);
#3595 = LINE('',#3596,#3597);
#3596 = CARTESIAN_POINT('',(-488.0100215972,118.18658215776,
    11.134221168331));
#3597 = VECTOR('',#3598,1.);
#3598 = DIRECTION('',(9.601699621678E-11,0.999998405806,
    1.785605152963E-03));
#3599 = PCURVE('',#3195,#3600);
#3600 = DEFINITIONAL_REPRESENTATION('',(#3601),#3605);
#3601 = LINE('',#3602,#3603);
#3602 = CARTESIAN_POINT('',(10.92321141251,-7.919101593886E-15));
#3603 = VECTOR('',#3604,1.);
#3604 = DIRECTION('',(-1.,-2.584939414228E-26));
#3605 = ( GEOMETRIC_REPRESENTATION_CONTEXT(2) 
PARAMETRIC_REPRESENTATION_CONTEXT() REPRESENTATION_CONTEXT('2D SPACE',''
  ) );
#3606 = PCURVE('',#98,#3607);
#3607 = DEFINITIONAL_REPRESENTATION('',(#3608),#3612);
#3608 = LINE('',#3609,#3610);
#3609 = CARTESIAN_POINT('',(-0.131882548981,-3.980387194412));
#3610 = VECTOR('',#3611,1.);
#3611 = DIRECTION('',(0.999451550517,-3.311492365534E-02));
#3612 = ( GEOMETRIC_REPRESENTATION_CONTEXT(2) 
PARAMETRIC_REPRESENTATION_CONTEXT() REPRESENTATION_CONTEXT('2D SPACE',''
  ) );
#3613 = ADVANCED_FACE('',(#3614),#3559,.F.);
#3614 = FACE_BOUND('',#3615,.T.);
#3615 = EDGE_LOOP('',(#3616,#3646,#3667,#3668));
#3616 = ORIENTED_EDGE('',*,*,#3617,.T.);
#3617 = EDGE_CURVE('',#3618,#3620,#3622,.T.);
#3618 = VERTEX_POINT('',#3619);
#3619 = CARTESIAN_POINT('',(-488.0100220933,124.16408141483,
    6.195128538279));
#3620 = VERTEX_POINT('',#3621);
#3621 = CARTESIAN_POINT('',(-493.0000220933,124.16408141441,
    6.195129038945));
#3622 = SURFACE_CURVE('',#3623,(#3627,#3634),.PCURVE_S1.);
#3623 = LINE('',#3624,#3625);
#3624 = CARTESIAN_POINT('',(-488.0100220933,124.16408141483,
    6.195128538279));
#3625 = VECTOR('',#3626,1.);
#3626 = DIRECTION('',(-1.,-8.313972134781E-11,1.003338207795E-07));
#3627 = PCURVE('',#3559,#3628);
#3628 = DEFINITIONAL_REPRESENTATION('',(#3629),#3633);
#3629 = LINE('',#3630,#3631);
#3630 = CARTESIAN_POINT('',(1.2591295811E-15,-1.000444171915E-11));
#3631 = VECTOR('',#3632,1.);
#3632 = DIRECTION('',(1.062546823071E-13,-1.));
#3633 = ( GEOMETRIC_REPRESENTATION_CONTEXT(2) 
PARAMETRIC_REPRESENTATION_CONTEXT() REPRESENTATION_CONTEXT('2D SPACE',''
  ) );
#3634 = PCURVE('',#3635,#3640);
#3635 = PLANE('',#3636);
#3636 = AXIS2_PLACEMENT_3D('',#3637,#3638,#3639);
#3637 = CARTESIAN_POINT('',(-488.0100220941,124.1640885893,
    6.186489538572));
#3638 = DIRECTION('',(-1.904001258249E-13,-0.999999655111,
    -8.305284514462E-04));
#3639 = DIRECTION('',(-1.003338553143E-07,8.305284514462E-04,
    -0.999999655111));
#3640 = DEFINITIONAL_REPRESENTATION('',(#3641),#3645);
#3641 = LINE('',#3642,#3643);
#3642 = CARTESIAN_POINT('',(-8.639002686107E-03,-8.598501617353E-12));
#3643 = VECTOR('',#3644,1.);
#3644 = DIRECTION('',(8.892713039603E-17,-1.));
#3645 = ( GEOMETRIC_REPRESENTATION_CONTEXT(2) 
PARAMETRIC_REPRESENTATION_CONTEXT() REPRESENTATION_CONTEXT('2D SPACE',''
  ) );
#3646 = ORIENTED_EDGE('',*,*,#3647,.T.);
#3647 = EDGE_CURVE('',#3620,#3544,#3648,.T.);
#3648 = SURFACE_CURVE('',#3649,(#3653,#3660),.PCURVE_S1.);
#3649 = LINE('',#3650,#3651);
#3650 = CARTESIAN_POINT('',(-493.0000220933,124.16408141394,
    6.195129037803));
#3651 = VECTOR('',#3652,1.);
#3652 = DIRECTION('',(7.098049003771E-08,0.706184946778,0.70802741539));
#3653 = PCURVE('',#3559,#3654);
#3654 = DEFINITIONAL_REPRESENTATION('',(#3655),#3659);
#3655 = LINE('',#3656,#3657);
#3656 = CARTESIAN_POINT('',(1.141008027211E-09,-4.99));
#3657 = VECTOR('',#3658,1.);
#3658 = DIRECTION('',(-1.,2.64697796017E-23));
#3659 = ( GEOMETRIC_REPRESENTATION_CONTEXT(2) 
PARAMETRIC_REPRESENTATION_CONTEXT() REPRESENTATION_CONTEXT('2D SPACE',''
  ) );
#3660 = PCURVE('',#66,#3661);
#3661 = DEFINITIONAL_REPRESENTATION('',(#3662),#3666);
#3662 = LINE('',#3663,#3664);
#3663 = CARTESIAN_POINT('',(5.669603529583,-9.12508277942));
#3664 = VECTOR('',#3665,1.);
#3665 = DIRECTION('',(0.730464558438,0.682950604998));
#3666 = ( GEOMETRIC_REPRESENTATION_CONTEXT(2) 
PARAMETRIC_REPRESENTATION_CONTEXT() REPRESENTATION_CONTEXT('2D SPACE',''
  ) );
#3667 = ORIENTED_EDGE('',*,*,#3541,.F.);
#3668 = ORIENTED_EDGE('',*,*,#3669,.F.);
#3669 = EDGE_CURVE('',#3618,#3542,#3670,.T.);
#3670 = SURFACE_CURVE('',#3671,(#3675,#3682),.PCURVE_S1.);
#3671 = LINE('',#3672,#3673);
#3672 = CARTESIAN_POINT('',(-488.0100220933,124.16408141436,
    6.195128537137));
#3673 = VECTOR('',#3674,1.);
#3674 = DIRECTION('',(7.098049003771E-08,0.706184946778,0.70802741539));
#3675 = PCURVE('',#3559,#3676);
#3676 = DEFINITIONAL_REPRESENTATION('',(#3677),#3681);
#3677 = LINE('',#3678,#3679);
#3678 = CARTESIAN_POINT('',(1.140474050713E-09,1.619026180276E-16));
#3679 = VECTOR('',#3680,1.);
#3680 = DIRECTION('',(-1.,2.64697796017E-23));
#3681 = ( GEOMETRIC_REPRESENTATION_CONTEXT(2) 
PARAMETRIC_REPRESENTATION_CONTEXT() REPRESENTATION_CONTEXT('2D SPACE',''
  ) );
#3682 = PCURVE('',#98,#3683);
#3683 = DEFINITIONAL_REPRESENTATION('',(#3684),#3688);
#3684 = LINE('',#3685,#3686);
#3685 = CARTESIAN_POINT('',(5.669603529583,-9.12508277942));
#3686 = VECTOR('',#3687,1.);
#3687 = DIRECTION('',(0.730464558438,0.682950604998));
#3688 = ( GEOMETRIC_REPRESENTATION_CONTEXT(2) 
PARAMETRIC_REPRESENTATION_CONTEXT() REPRESENTATION_CONTEXT('2D SPACE',''
  ) );
#3689 = ADVANCED_FACE('',(#3690),#3635,.F.);
#3690 = FACE_BOUND('',#3691,.T.);
#3691 = EDGE_LOOP('',(#3692,#3717,#3738,#3739));
#3692 = ORIENTED_EDGE('',*,*,#3693,.T.);
#3693 = EDGE_CURVE('',#3694,#3696,#3698,.T.);
#3694 = VERTEX_POINT('',#3695);
#3695 = CARTESIAN_POINT('',(-488.0100220942,124.1640885893,
    6.186489538572));
#3696 = VERTEX_POINT('',#3697);
#3697 = CARTESIAN_POINT('',(-493.0000220942,124.16408858888,
    6.186490039238));
#3698 = SURFACE_CURVE('',#3699,(#3703,#3710),.PCURVE_S1.);
#3699 = LINE('',#3700,#3701);
#3700 = CARTESIAN_POINT('',(-488.0100220942,124.1640885893,
    6.186489538572));
#3701 = VECTOR('',#3702,1.);
#3702 = DIRECTION('',(-1.,-8.313972134781E-11,1.003338207795E-07));
#3703 = PCURVE('',#3635,#3704);
#3704 = DEFINITIONAL_REPRESENTATION('',(#3705),#3709);
#3705 = LINE('',#3706,#3707);
#3706 = CARTESIAN_POINT('',(3.650124391055E-19,-1.818989403546E-12));
#3707 = VECTOR('',#3708,1.);
#3708 = DIRECTION('',(8.892713039603E-17,-1.));
#3709 = ( GEOMETRIC_REPRESENTATION_CONTEXT(2) 
PARAMETRIC_REPRESENTATION_CONTEXT() REPRESENTATION_CONTEXT('2D SPACE',''
  ) );
#3710 = PCURVE('',#307,#3711);
#3711 = DEFINITIONAL_REPRESENTATION('',(#3712),#3716);
#3712 = LINE('',#3713,#3714);
#3713 = CARTESIAN_POINT('',(-11.75127212512,-6.109968208951E-13));
#3714 = VECTOR('',#3715,1.);
#3715 = DIRECTION('',(1.244053313983E-16,-1.));
#3716 = ( GEOMETRIC_REPRESENTATION_CONTEXT(2) 
PARAMETRIC_REPRESENTATION_CONTEXT() REPRESENTATION_CONTEXT('2D SPACE',''
  ) );
#3717 = ORIENTED_EDGE('',*,*,#3718,.T.);
#3718 = EDGE_CURVE('',#3696,#3620,#3719,.T.);
#3719 = SURFACE_CURVE('',#3720,(#3724,#3731),.PCURVE_S1.);
#3720 = LINE('',#3721,#3722);
#3721 = CARTESIAN_POINT('',(-493.0000213952,124.15830252652,
    13.153211479101));
#3722 = VECTOR('',#3723,1.);
#3723 = DIRECTION('',(1.003338553143E-07,-8.305284514462E-04,
    0.999999655111));
#3724 = PCURVE('',#3635,#3725);
#3725 = DEFINITIONAL_REPRESENTATION('',(#3726),#3730);
#3726 = LINE('',#3727,#3728);
#3727 = CARTESIAN_POINT('',(-6.966723842608,-4.99));
#3728 = VECTOR('',#3729,1.);
#3729 = DIRECTION('',(-1.,2.64697796017E-23));
#3730 = ( GEOMETRIC_REPRESENTATION_CONTEXT(2) 
PARAMETRIC_REPRESENTATION_CONTEXT() REPRESENTATION_CONTEXT('2D SPACE',''
  ) );
#3731 = PCURVE('',#66,#3732);
#3732 = DEFINITIONAL_REPRESENTATION('',(#3733),#3737);
#3733 = LINE('',#3734,#3735);
#3734 = CARTESIAN_POINT('',(5.90666173772,-2.171037333681));
#3735 = VECTOR('',#3736,1.);
#3736 = DIRECTION('',(3.406946215006E-02,0.999419467365));
#3737 = ( GEOMETRIC_REPRESENTATION_CONTEXT(2) 
PARAMETRIC_REPRESENTATION_CONTEXT() REPRESENTATION_CONTEXT('2D SPACE',''
  ) );
#3738 = ORIENTED_EDGE('',*,*,#3617,.F.);
#3739 = ORIENTED_EDGE('',*,*,#3740,.F.);
#3740 = EDGE_CURVE('',#3694,#3618,#3741,.T.);
#3741 = SURFACE_CURVE('',#3742,(#3746,#3753),.PCURVE_S1.);
#3742 = LINE('',#3743,#3744);
#3743 = CARTESIAN_POINT('',(-488.0100213952,124.15830252694,
    13.153210978435));
#3744 = VECTOR('',#3745,1.);
#3745 = DIRECTION('',(1.003338553143E-07,-8.305284514462E-04,
    0.999999655111));
#3746 = PCURVE('',#3635,#3747);
#3747 = DEFINITIONAL_REPRESENTATION('',(#3748),#3752);
#3748 = LINE('',#3749,#3750);
#3749 = CARTESIAN_POINT('',(-6.966723842608,-5.287176607443E-14));
#3750 = VECTOR('',#3751,1.);
#3751 = DIRECTION('',(-1.,2.64697796017E-23));
#3752 = ( GEOMETRIC_REPRESENTATION_CONTEXT(2) 
PARAMETRIC_REPRESENTATION_CONTEXT() REPRESENTATION_CONTEXT('2D SPACE',''
  ) );
#3753 = PCURVE('',#98,#3754);
#3754 = DEFINITIONAL_REPRESENTATION('',(#3755),#3759);
#3755 = LINE('',#3756,#3757);
#3756 = CARTESIAN_POINT('',(5.90666173772,-2.171037333681));
#3757 = VECTOR('',#3758,1.);
#3758 = DIRECTION('',(3.406946215006E-02,0.999419467365));
#3759 = ( GEOMETRIC_REPRESENTATION_CONTEXT(2) 
PARAMETRIC_REPRESENTATION_CONTEXT() REPRESENTATION_CONTEXT('2D SPACE',''
  ) );
#3760 = ADVANCED_FACE('',(#3761),#307,.F.);
#3761 = FACE_BOUND('',#3762,.T.);
#3762 = EDGE_LOOP('',(#3763,#3764,#3785,#3786));
#3763 = ORIENTED_EDGE('',*,*,#284,.T.);
#3764 = ORIENTED_EDGE('',*,*,#3765,.T.);
#3765 = EDGE_CURVE('',#287,#3696,#3766,.T.);
#3766 = SURFACE_CURVE('',#3767,(#3771,#3778),.PCURVE_S1.);
#3767 = LINE('',#3768,#3769);
#3768 = CARTESIAN_POINT('',(-493.0000220942,121.17549021857,
    6.184007922406));
#3769 = VECTOR('',#3770,1.);
#3770 = DIRECTION('',(1.905245311563E-13,0.999999655111,
    8.305284514462E-04));
#3771 = PCURVE('',#307,#3772);
#3772 = DEFINITIONAL_REPRESENTATION('',(#3773),#3777);
#3773 = LINE('',#3774,#3775);
#3774 = CARTESIAN_POINT('',(-8.762672724078,-4.99));
#3775 = VECTOR('',#3776,1.);
#3776 = DIRECTION('',(-1.,1.989191658605E-26));
#3777 = ( GEOMETRIC_REPRESENTATION_CONTEXT(2) 
PARAMETRIC_REPRESENTATION_CONTEXT() REPRESENTATION_CONTEXT('2D SPACE',''
  ) );
#3778 = PCURVE('',#66,#3779);
#3779 = DEFINITIONAL_REPRESENTATION('',(#3780),#3784);
#3780 = LINE('',#3781,#3782);
#3781 = CARTESIAN_POINT('',(2.68244478189,-9.031896791566));
#3782 = VECTOR('',#3783,1.);
#3783 = DIRECTION('',(0.999419467365,-3.406946215006E-02));
#3784 = ( GEOMETRIC_REPRESENTATION_CONTEXT(2) 
PARAMETRIC_REPRESENTATION_CONTEXT() REPRESENTATION_CONTEXT('2D SPACE',''
  ) );
#3785 = ORIENTED_EDGE('',*,*,#3693,.F.);
#3786 = ORIENTED_EDGE('',*,*,#3787,.F.);
#3787 = EDGE_CURVE('',#285,#3694,#3788,.T.);
#3788 = SURFACE_CURVE('',#3789,(#3793,#3800),.PCURVE_S1.);
#3789 = LINE('',#3790,#3791);
#3790 = CARTESIAN_POINT('',(-488.0100220942,121.17549021899,
    6.18400742174));
#3791 = VECTOR('',#3792,1.);
#3792 = DIRECTION('',(1.905245311563E-13,0.999999655111,
    8.305284514462E-04));
#3793 = PCURVE('',#307,#3794);
#3794 = DEFINITIONAL_REPRESENTATION('',(#3795),#3799);
#3795 = LINE('',#3796,#3797);
#3796 = CARTESIAN_POINT('',(-8.762672724078,-4.09998078049E-14));
#3797 = VECTOR('',#3798,1.);
#3798 = DIRECTION('',(-1.,1.989191658605E-26));
#3799 = ( GEOMETRIC_REPRESENTATION_CONTEXT(2) 
PARAMETRIC_REPRESENTATION_CONTEXT() REPRESENTATION_CONTEXT('2D SPACE',''
  ) );
#3800 = PCURVE('',#98,#3801);
#3801 = DEFINITIONAL_REPRESENTATION('',(#3802),#3806);
#3802 = LINE('',#3803,#3804);
#3803 = CARTESIAN_POINT('',(2.68244478189,-9.031896791566));
#3804 = VECTOR('',#3805,1.);
#3805 = DIRECTION('',(0.999419467365,-3.406946215006E-02));
#3806 = ( GEOMETRIC_REPRESENTATION_CONTEXT(2) 
PARAMETRIC_REPRESENTATION_CONTEXT() REPRESENTATION_CONTEXT('2D SPACE',''
  ) );
#3807 = ADVANCED_FACE('',(#3808,#3811,#3814,#3817),#98,.T.);
#3808 = FACE_BOUND('',#3809,.F.);
#3809 = EDGE_LOOP('',(#3810));
#3810 = ORIENTED_EDGE('',*,*,#83,.F.);
#3811 = FACE_BOUND('',#3812,.F.);
#3812 = EDGE_LOOP('',(#3813));
#3813 = ORIENTED_EDGE('',*,*,#174,.F.);
#3814 = FACE_BOUND('',#3815,.F.);
#3815 = EDGE_LOOP('',(#3816));
#3816 = ORIENTED_EDGE('',*,*,#259,.T.);
#3817 = FACE_BOUND('',#3818,.F.);
#3818 = EDGE_LOOP('',(#3819,#3820,#3821,#3822,#3823,#3824,#3825,#3826,
    #3827,#3828,#3829,#3830,#3831,#3832,#3833,#3834,#3835,#3836,#3837));
#3819 = ORIENTED_EDGE('',*,*,#370,.T.);
#3820 = ORIENTED_EDGE('',*,*,#446,.T.);
#3821 = ORIENTED_EDGE('',*,*,#522,.T.);
#3822 = ORIENTED_EDGE('',*,*,#598,.F.);
#3823 = ORIENTED_EDGE('',*,*,#700,.F.);
#3824 = ORIENTED_EDGE('',*,*,#1085,.F.);
#3825 = ORIENTED_EDGE('',*,*,#1727,.F.);
#3826 = ORIENTED_EDGE('',*,*,#2321,.T.);
#3827 = ORIENTED_EDGE('',*,*,#2397,.T.);
#3828 = ORIENTED_EDGE('',*,*,#2535,.T.);
#3829 = ORIENTED_EDGE('',*,*,#2731,.F.);
#3830 = ORIENTED_EDGE('',*,*,#2927,.T.);
#3831 = ORIENTED_EDGE('',*,*,#3003,.T.);
#3832 = ORIENTED_EDGE('',*,*,#3153,.T.);
#3833 = ORIENTED_EDGE('',*,*,#3373,.F.);
#3834 = ORIENTED_EDGE('',*,*,#3593,.F.);
#3835 = ORIENTED_EDGE('',*,*,#3669,.F.);
#3836 = ORIENTED_EDGE('',*,*,#3740,.F.);
#3837 = ORIENTED_EDGE('',*,*,#3787,.F.);
#3838 = ADVANCED_FACE('',(#3839,#3842,#3845,#3848),#66,.F.);
#3839 = FACE_BOUND('',#3840,.T.);
#3840 = EDGE_LOOP('',(#3841));
#3841 = ORIENTED_EDGE('',*,*,#51,.F.);
#3842 = FACE_BOUND('',#3843,.T.);
#3843 = EDGE_LOOP('',(#3844));
#3844 = ORIENTED_EDGE('',*,*,#147,.F.);
#3845 = FACE_BOUND('',#3846,.T.);
#3846 = EDGE_LOOP('',(#3847));
#3847 = ORIENTED_EDGE('',*,*,#236,.T.);
#3848 = FACE_BOUND('',#3849,.T.);
#3849 = EDGE_LOOP('',(#3850,#3851,#3852,#3853,#3854,#3855,#3856,#3857,
    #3858,#3859,#3860,#3861,#3862,#3863,#3864,#3865,#3866,#3867,#3868));
#3850 = ORIENTED_EDGE('',*,*,#319,.T.);
#3851 = ORIENTED_EDGE('',*,*,#395,.T.);
#3852 = ORIENTED_EDGE('',*,*,#471,.T.);
#3853 = ORIENTED_EDGE('',*,*,#576,.F.);
#3854 = ORIENTED_EDGE('',*,*,#678,.F.);
#3855 = ORIENTED_EDGE('',*,*,#1015,.F.);
#3856 = ORIENTED_EDGE('',*,*,#1187,.F.);
#3857 = ORIENTED_EDGE('',*,*,#2270,.T.);
#3858 = ORIENTED_EDGE('',*,*,#2346,.T.);
#3859 = ORIENTED_EDGE('',*,*,#2422,.T.);
#3860 = ORIENTED_EDGE('',*,*,#2589,.F.);
#3861 = ORIENTED_EDGE('',*,*,#2876,.T.);
#3862 = ORIENTED_EDGE('',*,*,#2952,.T.);
#3863 = ORIENTED_EDGE('',*,*,#3028,.T.);
#3864 = ORIENTED_EDGE('',*,*,#3207,.F.);
#3865 = ORIENTED_EDGE('',*,*,#3571,.F.);
#3866 = ORIENTED_EDGE('',*,*,#3647,.F.);
#3867 = ORIENTED_EDGE('',*,*,#3718,.F.);
#3868 = ORIENTED_EDGE('',*,*,#3765,.F.);
#3869 = ( GEOMETRIC_REPRESENTATION_CONTEXT(3) 
GLOBAL_UNCERTAINTY_ASSIGNED_CONTEXT((#3873)) 
GLOBAL_UNIT_ASSIGNED_CONTEXT((#3870,#3871,#3872)) REPRESENTATION_CONTEXT
('Context #1','3D Context with UNIT and UNCERTAINTY') );
#3870 = ( LENGTH_UNIT() NAMED_UNIT(*) SI_UNIT(.MILLI.,.METRE.) );
#3871 = ( NAMED_UNIT(*) PLANE_ANGLE_UNIT() SI_UNIT($,.RADIAN.) );
#3872 = ( NAMED_UNIT(*) SI_UNIT($,.STERADIAN.) SOLID_ANGLE_UNIT() );
#3873 = UNCERTAINTY_MEASURE_WITH_UNIT(LENGTH_MEASURE(2.E-05),#3870,
  'distance_accuracy_value','confusion accuracy');
#3874 = PRODUCT_RELATED_PRODUCT_CATEGORY('part',$,(#7));
ENDSEC;
END-ISO-10303-21;
