  0
SECTION
  2
HEADER
  9
$ACADVER
  1
AC1027
  9
$ACADMAINTVER
 70
105
  9
$DWGCODEPAGE
  3
ANSI_1252
  9
$LASTSAVEDBY
  1
ezdxf
  9
$REQUIREDVERSIONS
160
0
  9
$INSBASE
 10
0.0
 20
0.0
 30
0.0
  9
$EXTMIN
 10
1e+20
 20
1e+20
 30
1e+20
  9
$EXTMAX
 10
-1e+20
 20
-1e+20
 30
-1e+20
  9
$LIMMIN
 10
0.0
 20
0.0
  9
$LIMMAX
 10
420.0
 20
297.0
  9
$ORTHOMODE
 70
0
  9
$REGENMODE
 70
1
  9
$FILLMODE
 70
1
  9
$QTEXTMODE
 70
0
  9
$MIRRTEXT
 70
1
  9
$LTSCALE
 40
1.0
  9
$ATTMODE
 70
1
  9
$TEXTSIZE
 40
2.5
  9
$TRACEWID
 40
1.0
  9
$TEXTSTYLE
  7
Standard
  9
$CLAYER
  8
0
  9
$CELTYPE
  6
ByLayer
  9
$CECOLOR
 62
256
  9
$CELTSCALE
 40
1.0
  9
$DISPSILH
 70
0
  9
$DIMSCALE
 40
1.0
  9
$DIMASZ
 40
2.5
  9
$DIMEXO
 40
0.625
  9
$DIMDLI
 40
3.75
  9
$DIMRND
 40
0.0
  9
$DIMDLE
 40
0.0
  9
$DIMEXE
 40
1.25
  9
$DIMTP
 40
0.0
  9
$DIMTM
 40
0.0
  9
$DIMTXT
 40
2.5
  9
$DIMCEN
 40
2.5
  9
$DIMTSZ
 40
0.0
  9
$DIMTOL
 70
0
  9
$DIMLIM
 70
0
  9
$DIMTIH
 70
0
  9
$DIMTOH
 70
0
  9
$DIMSE1
 70
0
  9
$DIMSE2
 70
0
  9
$DIMTAD
 70
1
  9
$DIMZIN
 70
8
  9
$DIMBLK
  1

  9
$DIMASO
 70
1
  9
$DIMSHO
 70
1
  9
$DIMPOST
  1

  9
$DIMAPOST
  1

  9
$DIMALT
 70
0
  9
$DIMALTD
 70
3
  9
$DIMALTF
 40
0.03937007874
  9
$DIMLFAC
 40
1.0
  9
$DIMTOFL
 70
1
  9
$DIMTVP
 40
0.0
  9
$DIMTIX
 70
0
  9
$DIMSOXD
 70
0
  9
$DIMSAH
 70
0
  9
$DIMBLK1
  1

  9
$DIMBLK2
  1

  9
$DIMSTYLE
  2
ISO-25
  9
$DIMCLRD
 70
0
  9
$DIMCLRE
 70
0
  9
$DIMCLRT
 70
0
  9
$DIMTFAC
 40
1.0
  9
$DIMGAP
 40
0.625
  9
$DIMJUST
 70
0
  9
$DIMSD1
 70
0
  9
$DIMSD2
 70
0
  9
$DIMTOLJ
 70
0
  9
$DIMTZIN
 70
8
  9
$DIMALTZ
 70
0
  9
$DIMALTTZ
 70
0
  9
$DIMUPT
 70
0
  9
$DIMDEC
 70
2
  9
$DIMTDEC
 70
2
  9
$DIMALTU
 70
2
  9
$DIMALTTD
 70
3
  9
$DIMTXSTY
  7
Standard
  9
$DIMAUNIT
 70
0
  9
$DIMADEC
 70
0
  9
$DIMALTRND
 40
0.0
  9
$DIMAZIN
 70
0
  9
$DIMDSEP
 70
44
  9
$DIMATFIT
 70
3
  9
$DIMFRAC
 70
0
  9
$DIMLDRBLK
  1

  9
$DIMLUNIT
 70
2
  9
$DIMLWD
 70
-2
  9
$DIMLWE
 70
-2
  9
$DIMTMOVE
 70
0
  9
$DIMFXL
 40
1.0
  9
$DIMFXLON
 70
0
  9
$DIMJOGANG
 40
0.785398163397
  9
$DIMTFILL
 70
0
  9
$DIMTFILLCLR
 70
0
  9
$DIMARCSYM
 70
0
  9
$DIMLTYPE
  6

  9
$DIMLTEX1
  6

  9
$DIMLTEX2
  6

  9
$DIMTXTDIRECTION
 70
0
  9
$LUNITS
 70
2
  9
$LUPREC
 70
4
  9
$SKETCHINC
 40
1.0
  9
$FILLETRAD
 40
10.0
  9
$AUNITS
 70
0
  9
$AUPREC
 70
2
  9
$MENU
  1
.
  9
$ELEVATION
 40
0.0
  9
$PELEVATION
 40
0.0
  9
$THICKNESS
 40
0.0
  9
$LIMCHECK
 70
0
  9
$CHAMFERA
 40
0.0
  9
$CHAMFERB
 40
0.0
  9
$CHAMFERC
 40
0.0
  9
$CHAMFERD
 40
0.0
  9
$SKPOLY
 70
0
  9
$TDCREATE
 40
2461303.705439815
  9
$TDUCREATE
 40
2458532.153996898
  9
$TDUPDATE
 40
2461303.705439815
  9
$TDUUPDATE
 40
2458532.1544311
  9
$TDINDWG
 40
0.0
  9
$TDUSRTIMER
 40
0.0
  9
$USRTIMER
 70
1
  9
$ANGBASE
 50
0.0
  9
$ANGDIR
 70
0
  9
$PDMODE
 70
0
  9
$PDSIZE
 40
0.0
  9
$PLINEWID
 40
0.0
  9
$SPLFRAME
 70
0
  9
$SPLINETYPE
 70
6
  9
$SPLINESEGS
 70
8
  9
$HANDSEED
  5
57
  9
$SURFTAB1
 70
6
  9
$SURFTAB2
 70
6
  9
$SURFTYPE
 70
6
  9
$SURFU
 70
6
  9
$SURFV
 70
6
  9
$UCSBASE
  2

  9
$UCSNAME
  2

  9
$UCSORG
 10
0.0
 20
0.0
 30
0.0
  9
$UCSXDIR
 10
1.0
 20
0.0
 30
0.0
  9
$UCSYDIR
 10
0.0
 20
1.0
 30
0.0
  9
$UCSORTHOREF
  2

  9
$UCSORTHOVIEW
 70
0
  9
$UCSORGTOP
 10
0.0
 20
0.0
 30
0.0
  9
$UCSORGBOTTOM
 10
0.0
 20
0.0
 30
0.0
  9
$UCSORGLEFT
 10
0.0
 20
0.0
 30
0.0
  9
$UCSORGRIGHT
 10
0.0
 20
0.0
 30
0.0
  9
$UCSORGFRONT
 10
0.0
 20
0.0
 30
0.0
  9
$UCSORGBACK
 10
0.0
 20
0.0
 30
0.0
  9
$PUCSBASE
  2

  9
$PUCSNAME
  2

  9
$PUCSORG
 10
0.0
 20
0.0
 30
0.0
  9
$PUCSXDIR
 10
1.0
 20
0.0
 30
0.0
  9
$PUCSYDIR
 10
0.0
 20
1.0
 30
0.0
  9
$PUCSORTHOREF
  2

  9
$PUCSORTHOVIEW
 70
0
  9
$PUCSORGTOP
 10
0.0
 20
0.0
 30
0.0
  9
$PUCSORGBOTTOM
 10
0.0
 20
0.0
 30
0.0
  9
$PUCSORGLEFT
 10
0.0
 20
0.0
 30
0.0
  9
$PUCSORGRIGHT
 10
0.0
 20
0.0
 30
0.0
  9
$PUCSORGFRONT
 10
0.0
 20
0.0
 30
0.0
  9
$PUCSORGBACK
 10
0.0
 20
0.0
 30
0.0
  9
$USERI1
 70
0
  9
$USERI2
 70
0
  9
$USERI3
 70
0
  9
$USERI4
 70
0
  9
$USERI5
 70
0
  9
$USERR1
 40
0.0
  9
$USERR2
 40
0.0
  9
$USERR3
 40
0.0
  9
$USERR4
 40
0.0
  9
$USERR5
 40
0.0
  9
$WORLDVIEW
 70
1
  9
$SHADEDGE
 70
3
  9
$SHADEDIF
 70
70
  9
$TILEMODE
 70
1
  9
$MAXACTVP
 70
64
  9
$PINSBASE
 10
0.0
 20
0.0
 30
0.0
  9
$PLIMCHECK
 70
0
  9
$PEXTMIN
 10
1e+20
 20
1e+20
 30
1e+20
  9
$PEXTMAX
 10
-1e+20
 20
-1e+20
 30
-1e+20
  9
$PLIMMIN
 10
0.0
 20
0.0
  9
$PLIMMAX
 10
420.0
 20
297.0
  9
$UNITMODE
 70
0
  9
$VISRETAIN
 70
1
  9
$PLINEGEN
 70
0
  9
$PSLTSCALE
 70
1
  9
$TREEDEPTH
 70
3020
  9
$CMLSTYLE
  2
Standard
  9
$CMLJUST
 70
0
  9
$CMLSCALE
 40
20.0
  9
$PROXYGRAPHICS
 70
1
  9
$MEASUREMENT
 70
1
  9
$CELWEIGHT
370
-1
  9
$ENDCAPS
280
0
  9
$JOINSTYLE
280
0
  9
$LWDISPLAY
290
0
  9
$INSUNITS
 70
4
  9
$HYPERLINKBASE
  1

  9
$STYLESHEET
  1

  9
$XEDIT
290
1
  9
$CEPSNTYPE
380
0
  9
$PSTYLEMODE
290
1
  9
$FINGERPRINTGUID
  2
{FCF016DA-A3A6-4BD7-9E80-0BAFA6BBE810}
  9
$VERSIONGUID
  2
{3B6B0407-903A-4FB2-A52F-4BCF995EFA25}
  9
$EXTNAMES
290
1
  9
$PSVPSCALE
 40
0.0
  9
$OLESTARTUP
290
0
  9
$SORTENTS
280
127
  9
$INDEXCTL
280
0
  9
$HIDETEXT
280
1
  9
$XCLIPFRAME
280
1
  9
$HALOGAP
280
0
  9
$OBSCOLOR
 70
257
  9
$OBSLTYPE
280
0
  9
$INTERSECTIONDISPLAY
280
0
  9
$INTERSECTIONCOLOR
 70
257
  9
$DIMASSOC
280
2
  9
$PROJECTNAME
  1

  9
$CAMERADISPLAY
290
0
  9
$LENSLENGTH
 40
50.0
  9
$CAMERAHEIGHT
 40
0.0
  9
$STEPSPERSEC
 40
24.0
  9
$STEPSIZE
 40
100.0
  9
$3DDWFPREC
 40
2.0
  9
$PSOLWIDTH
 40
0.005
  9
$PSOLHEIGHT
 40
0.08
  9
$LOFTANG1
 40
1.570796326795
  9
$LOFTANG2
 40
1.570796326795
  9
$LOFTMAG1
 40
0.0
  9
$LOFTMAG2
 40
0.0
  9
$LOFTPARAM
 70
7
  9
$LOFTNORMALS
280
1
  9
$LATITUDE
 40
37.795
  9
$LONGITUDE
 40
-122.394
  9
$NORTHDIRECTION
 40
0.0
  9
$TIMEZONE
 70
-8000
  9
$LIGHTGLYPHDISPLAY
280
1
  9
$TILEMODELIGHTSYNCH
280
1
  9
$CMATERIAL
347
20
  9
$SOLIDHIST
280
0
  9
$SHOWHIST
280
1
  9
$DWFFRAME
280
2
  9
$DGNFRAME
280
2
  9
$REALWORLDSCALE
290
1
  9
$INTERFERECOLOR
 62
256
  9
$CSHADOW
280
0
  9
$SHADOWPLANELOCATION
 40
0.0
  0
ENDSEC
  0
SECTION
  2
CLASSES
  0
CLASS
  1
ACDBDICTIONARYWDFLT
  2
AcDbDictionaryWithDefault
  3
ObjectDBX Classes
 90
0
 91
0
280
0
281
0
  0
CLASS
  1
SUN
  2
AcDbSun
  3
SCENEOE
 90
1153
 91
0
280
0
281
0
  0
CLASS
  1
VISUALSTYLE
  2
AcDbVisualStyle
  3
ObjectDBX Classes
 90
4095
 91
0
280
0
281
0
  0
CLASS
  1
MATERIAL
  2
AcDbMaterial
  3
ObjectDBX Classes
 90
1153
 91
0
280
0
281
0
  0
CLASS
  1
SCALE
  2
AcDbScale
  3
ObjectDBX Classes
 90
1153
 91
0
280
0
281
0
  0
CLASS
  1
TABLESTYLE
  2
AcDbTableStyle
  3
ObjectDBX Classes
 90
4095
 91
0
280
0
281
0
  0
CLASS
  1
MLEADERSTYLE
  2
AcDbMLeaderStyle
  3
ACDB_MLEADERSTYLE_CLASS
 90
4095
 91
0
280
0
281
0
  0
CLASS
  1
DICTIONARYVAR
  2
AcDbDictionaryVar
  3
ObjectDBX Classes
 90
0
 91
0
280
0
281
0
  0
CLASS
  1
CELLSTYLEMAP
  2
AcDbCellStyleMap
  3
ObjectDBX Classes
 90
1152
 91
0
280
0
281
0
  0
CLASS
  1
MENTALRAYRENDERSETTINGS
  2
AcDbMentalRayRenderSettings
  3
SCENEOE
 90
1024
 91
0
280
0
281
0
  0
CLASS
  1
ACDBDETAILVIEWSTYLE
  2
AcDbDetailViewStyle
  3
ObjectDBX Classes
 90
1025
 91
0
280
0
281
0
  0
CLASS
  1
ACDBSECTIONVIEWSTYLE
  2
AcDbSectionViewStyle
  3
ObjectDBX Classes
 90
1025
 91
0
280
0
281
0
  0
CLASS
  1
RASTERVARIABLES
  2
AcDbRasterVariables
  3
ISM
 90
0
 91
0
280
0
281
0
  0
CLASS
  1
ACDBPLACEHOLDER
  2
AcDbPlaceHolder
  3
ObjectDBX Classes
 90
0
 91
0
280
0
281
0
  0
CLASS
  1
LAYOUT
  2
AcDbLayout
  3
ObjectDBX Classes
 90
0
 91
0
280
0
281
0
  0
ENDSEC
  0
SECTION
  2
TABLES
  0
TABLE
  2
VPORT
  5
8
330
0
100
AcDbSymbolTable
 70
1
  0
VPORT
  5
3F
330
8
100
AcDbSymbolTableRecord
100
AcDbViewportTableRecord
  2
*Active
 70
0
 10
0.0
 20
0.0
 11
1.0
 21
1.0
 12
76.94570853380033
 22
6.781959875581812
 13
0.0
 23
0.0
 14
0.5
 24
0.5
 15
0.5
 25
0.5
 16
0.0
 26
0.0
 36
1.0
 17
0.0
 27
0.0
 37
0.0
 40
76.94570843379968
 41
1.34
 42
50.0
 43
0.0
 44
0.0
 50
0.0
 51
0.0
 71
0
 72
1000
 73
1
 74
3
 75
0
 76
0
 77
0
 78
0
281
0
 65
1
110
0.0
120
0.0
130
0.0
111
1.0
121
0.0
131
0.0
112
0.0
122
1.0
132
0.0
 79
0
146
0.0
  0
ENDTAB
  0
TABLE
  2
LTYPE
  5
2
330
0
100
AcDbSymbolTable
 70
3
  0
LTYPE
  5
24
330
2
100
AcDbSymbolTableRecord
100
AcDbLinetypeTableRecord
  2
ByBlock
 70
0
  3

 72
65
 73
0
 40
0.0
  0
LTYPE
  5
25
330
2
100
AcDbSymbolTableRecord
100
AcDbLinetypeTableRecord
  2
ByLayer
 70
0
  3

 72
65
 73
0
 40
0.0
  0
LTYPE
  5
26
330
2
100
AcDbSymbolTableRecord
100
AcDbLinetypeTableRecord
  2
Continuous
 70
0
  3

 72
65
 73
0
 40
0.0
  0
ENDTAB
  0
TABLE
  2
LAYER
  5
1
330
0
100
AcDbSymbolTable
 70
5
  0
LAYER
  5
27
330
1
100
AcDbSymbolTableRecord
100
AcDbLayerTableRecord
  2
0
 70
0
 62
7
  6
Continuous
370
-3
390
13
347
21
  0
LAYER
  5
28
330
1
100
AcDbSymbolTableRecord
100
AcDbLayerTableRecord
  2
Defpoints
 70
0
 62
7
  6
Continuous
290
0
370
-3
390
13
347
21
  0
LAYER
  5
43
330
1
100
AcDbSymbolTableRecord
100
AcDbLayerTableRecord
  2
LABELS_NONCUT
 70
0
 62
3
  6
Continuous
370
-3
390
13
347
21
  0
LAYER
  5
45
330
1
100
AcDbSymbolTableRecord
100
AcDbLayerTableRecord
  2
CUT
 70
0
 62
1
  6
Continuous
370
-3
390
13
347
21
  0
LAYER
  5
46
330
1
100
AcDbSymbolTableRecord
100
AcDbLayerTableRecord
  2
SANDING_GUIDE_NONCUT
 70
0
 62
5
  6
Continuous
370
-3
390
13
347
21
  0
ENDTAB
  0
TABLE
  2
STYLE
  5
5
330
0
100
AcDbSymbolTable
 70
1
  0
STYLE
  5
29
330
5
100
AcDbSymbolTableRecord
100
AcDbTextStyleTableRecord
  2
Standard
 70
0
 40
0.0
 41
1.0
 50
0.0
 71
0
 42
2.5
  3
txt
  4

  0
ENDTAB
  0
TABLE
  2
VIEW
  5
7
330
0
100
AcDbSymbolTable
 70
0
  0
ENDTAB
  0
TABLE
  2
UCS
  5
6
330
0
100
AcDbSymbolTable
 70
0
  0
ENDTAB
  0
TABLE
  2
APPID
  5
3
330
0
100
AcDbSymbolTable
 70
3
  0
APPID
  5
2A
330
3
100
AcDbSymbolTableRecord
100
AcDbRegAppTableRecord
  2
ACAD
 70
0
  0
APPID
  5
40
330
3
100
AcDbSymbolTableRecord
100
AcDbRegAppTableRecord
  2
HATCHBACKGROUNDCOLOR
 70
0
  0
APPID
  5
41
330
3
100
AcDbSymbolTableRecord
100
AcDbRegAppTableRecord
  2
EZDXF
 70
0
  0
ENDTAB
  0
TABLE
  2
DIMSTYLE
  5
4
330
0
100
AcDbSymbolTable
 70
1
100
AcDbDimStyleTable
  0
DIMSTYLE
105
2B
330
4
100
AcDbSymbolTableRecord
100
AcDbDimStyleTableRecord
  2
Standard
 70
0
 40
1.0
 41
2.5
 42
0.625
 43
3.75
 44
1.25
 45
0.0
 46
0.0
 47
0.0
 48
0.0
 49
2.5
140
2.5
141
2.5
142
0.0
143
0.03937007874
144
1.0
145
0.0
146
1.0
147
0.625
148
0.0
 69
0
 70
0
 71
0
 72
0
 73
0
 74
0
 75
0
 76
0
 77
1
 78
8
 79
3
170
0
171
3
172
1
173
0
174
0
175
0
176
0
177
0
178
0
179
2
271
2
272
2
273
2
274
3
275
0
276
0
277
2
278
44
279
0
280
0
281
0
282
0
283
0
284
8
285
0
286
0
288
0
289
3
290
0
371
-2
372
-2
  0
ENDTAB
  0
TABLE
  2
BLOCK_RECORD
  5
9
330
0
100
AcDbSymbolTable
 70
2
  0
BLOCK_RECORD
  5
17
330
9
100
AcDbSymbolTableRecord
100
AcDbBlockTableRecord
  2
*Model_Space
340
1A
 70
0
280
1
281
0
  0
BLOCK_RECORD
  5
1B
330
9
100
AcDbSymbolTableRecord
100
AcDbBlockTableRecord
  2
*Paper_Space
340
1E
 70
0
280
1
281
0
  0
ENDTAB
  0
ENDSEC
  0
SECTION
  2
BLOCKS
  0
BLOCK
  5
18
330
17
100
AcDbEntity
  8
0
100
AcDbBlockBegin
  2
*Model_Space
 70
0
 10
0.0
 20
0.0
 30
0.0
  3
*Model_Space
  1

  0
ENDBLK
  5
19
330
17
100
AcDbEntity
  8
0
100
AcDbBlockEnd
  0
BLOCK
  5
1C
330
1B
100
AcDbEntity
  8
0
100
AcDbBlockBegin
  2
*Paper_Space
 70
0
 10
0.0
 20
0.0
 30
0.0
  3
*Paper_Space
  1

  0
ENDBLK
  5
1D
330
1B
100
AcDbEntity
  8
0
100
AcDbBlockEnd
  0
ENDSEC
  0
SECTION
  2
ENTITIES
  0
SPLINE
  5
2F
330
17
100
AcDbEntity
  8
CUT
100
AcDbSpline
 70
0
 71
3
 72
8
 73
4
 74
0
 40
0.0
 40
0.0
 40
0.0
 40
0.0
 40
1.0
 40
1.0
 40
1.0
 40
1.0
 10
153.8914169676
 20
13.356572224595
 30
1.131529074883e-07
 10
121.23331001395
 20
13.415412838624
 30
1.131546412125e-07
 10
88.575166673504
 20
13.453370752983
 30
1.000011309316e-07
 10
55.917090000707
 20
13.529624132398
 30
9.999993721976e-08
  0
SPLINE
  5
30
330
17
100
AcDbEntity
  8
CUT
100
AcDbSpline
 70
0
 71
3
 72
147
 73
143
 74
0
 40
0.0
 40
0.0
 40
0.0
 40
0.0
 40
0.006201422462275706
 40
0.006201422462275706
 40
0.016251752700573868
 40
0.016251752700573868
 40
0.08935150408474547
 40
0.08935150408474547
 40
0.10056610293037126
 40
0.11178070177599703
 40
0.12299530062226517
 40
0.13420989946789094
 40
0.14542449831351673
 40
0.15663909715914193
 40
0.1678536960047677
 40
0.1734609954275806
 40
0.1790682948503932
 40
0.1790682948503932
 40
0.2117494962806747
 40
0.22809009699549382
 40
0.2444306977109559
 40
0.26077129842577534
 40
0.2771118991405945
 40
0.30979310057087595
 40
0.31387825074974135
 40
0.31438889452185864
 40
0.31464421640791695
 40
0.3148995382939756
 40
0.31592082583885284
 40
0.317963400928607
 40
0.3261337012856951
 40
0.32817627637544927
 40
0.33021885146456076
 40
0.33430400164342616
 40
0.3383891518222918
 40
0.3424743020011572
 40
0.3588149027159766
 40
0.37515550343079573
 40
0.3914961041462578
 40
0.40783670486107726
 40
0.44051790629135845
 40
0.44051790629135845
 40
0.4680603564707307
 40
0.47494596901557357
 40
0.4818315815604167
 40
0.4956028066501027
 40
0.4956028066501027
 40
0.5040927366024579
 40
0.5125826665548132
 40
0.5168276315309909
 40
0.5210725965071684
 40
0.5295625264595234
 40
0.5465423863642339
 40
0.5550323163165892
 40
0.5635222462689444
 40
0.5635222462689444
 40
0.6002638691306549
 40
0.6370054919930083
 40
0.655376303423542
 40
0.673747114854719
 40
0.6921179262858957
 40
0.7104887377164295
 40
0.7472303605787829
 40
0.7564157662940497
 40
0.7839719834404933
 40
0.820713606302204
 40
0.8574552291645574
 40
0.8574552291645574
 40
0.8819279038286139
 40
0.8826926749120664
 40
0.8834574459948763
 40
0.8849869881617816
 40
0.8880460724949493
 40
0.8941642411606421
 40
0.9002824098269775
 40
0.9033414941601452
 40
0.906400578493313
 40
0.9079301206595753
 40
0.909459662825838
 40
0.9109892049927434
 40
0.9125187471590057
 40
0.9140482893259111
 40
0.9155778314921734
 40
0.9186369158253412
 40
0.9247550844910339
 40
0.9262846266579393
 40
0.9278141688242016
 40
0.929343710991107
 40
0.9308732531573695
 40
0.9324027953242747
 40
0.9339323374905372
 40
0.9354618796567995
 40
0.9369914218237049
 40
0.9385209639899672
 40
0.9392857350734201
 40
0.9394769278442832
 40
0.9396681206151463
 40
0.9400505061568726
 40
0.9408152772396824
 40
0.9415800483231352
 40
0.9431095904893976
 40
0.944639132656303
 40
0.9450215181980293
 40
0.9454039037391125
 40
0.9455950965099756
 40
0.9457862892808391
 40
0.9461686748225654
 40
0.9465510603642916
 40
0.9467422531351547
 40
0.9469334459060179
 40
0.9473158314477444
 40
0.9476982169894707
 40
0.9478894097603339
 40
0.947985006145444
 40
0.948080602530554
 40
0.9484629880722806
 40
0.9492277591557331
 40
0.9507573013219954
 40
0.9508528977077486
 40
0.9509484940928586
 40
0.9511396868637217
 40
0.9515220724054483
 40
0.9519044579471745
 40
0.9522868434889008
 40
0.9530516145723535
 40
0.9532428073425738
 40
0.9534340001134369
 40
0.9538163856551631
 40
0.9541987711968897
 40
0.954581156738616
 40
0.9553459278220685
 40
0.9553459278220685
 40
0.9775809147505043
 40
0.9812867459053507
 40
0.9831396614827739
 40
0.984066119271807
 40
0.9845293481656807
 40
0.9847609626132603
 40
0.984992577060197
 40
0.984992577060197
 40
0.9998159016795828
 40
1.0
 40
1.0
 40
1.0
 40
1.0
 10
1.000006477625e-07
 20
10.8319261496
 30
1.054990264038e-07
 10
0.06564374417465
 20
10.852880198622
 30
1.054968663539e-07
 10
0.138814612919
 20
10.875288855326
 30
1.054913241205e-07
 10
0.343895994427
 20
10.935089825721
 30
1.054984579696e-07
 10
0.48656167346
 20
10.973983010705
 30
1.054926599409e-07
 10
1.80434037439
 20
11.309924702333
 30
1.054988274518e-07
 10
3.887676389975
 20
11.750308941798
 30
1.055179268405e-07
 10
5.240157697762
 20
11.96345107839
 30
1.05525998606e-07
 10
5.601886685699
 20
12.017932270942
 30
1.055224743141e-07
 10
6.150377414305
 20
12.093626599315
 30
1.05522872218e-07
 10
6.704643008192
 20
12.163907872161
 30
1.055306597664e-07
 10
7.264735907806
 20
12.229403516298
 30
1.055287555118e-07
 10
7.830512401635
 20
12.290726322729
 30
1.055286702467e-07
 10
8.402003793418
 20
12.348502299301
 30
1.055331892985e-07
 10
8.882949992691
 20
12.394208209802
 30
1.055291249941e-07
 10
9.270478098158
 20
12.429616942746
 30
1.055341272149e-07
 10
9.465152282604
 20
12.446986337513
 30
1.055330756117e-07
 10
10.131644622208
 20
12.50583329715
 30
1.055329619248e-07
 10
11.206937251975
 20
12.599861031903
 30
1.055567793173e-07
 10
12.694631203348
 20
12.718766274397
 30
1.055609573086e-07
 10
13.647579764417
 20
12.789667999895
 30
1.055642258052e-07
 10
14.282457711183
 20
12.833986833946
 30
1.05563856323e-07
 10
15.261920158414
 20
12.900266162606
 30
1.055655332038e-07
 10
16.0932265803
 20
12.952342581453
 30
1.055798293237e-07
 10
16.719362994187
 20
12.989296902924
 30
1.05579800902e-07
 10
16.801019763608
 20
12.994071005903
 30
1.055855989307e-07
 10
16.818242799054
 20
12.995076883508
 30
1.055879579326e-07
 10
16.844088861848
 20
12.996584887407
 30
1.055814209394e-07
 10
16.900191625178
 20
12.99985098232
 30
1.055837799413e-07
 10
17.090864983618
 20
13.010891220829
 30
1.055773850567e-07
 10
17.301783416201
 20
13.022883945395
 30
1.055682616879e-07
 10
17.515475074898
 20
13.034805746647
 30
1.055722407273e-07
 10
17.658682739194
 20
13.042734520284
 30
1.055696827734e-07
 10
17.839086657381
 20
13.052608080365
 30
1.055653910953e-07
 10
18.057759273478
 20
13.064389829535
 30
1.055657037341e-07
 10
18.499439195347
 20
13.087810721279
 30
1.055524023741e-07
 10
19.177970229389
 20
13.122362315916
 30
1.055356904089e-07
 10
20.114299486536
 20
13.16685007046
 30
1.054973495229e-07
 10
21.079195026524
 20
13.20943702585
 30
1.054506526543e-07
 10
22.398588528366
 20
13.263304288453
 30
1.054153813129e-07
 10
23.419133884946
 20
13.300057560641
 30
1.052779907695e-07
 10
24.684514126548
 20
13.341748758584
 30
1.051965057286e-07
 10
25.413587283701
 20
13.363923672617
 30
1.051421634202e-07
 10
26.286772598565
 20
13.387912645856
 30
1.051318747614e-07
 10
26.867658540964
 20
13.403206586702
 30
1.05134745354e-07
 10
27.301292893393
 20
13.413893234445
 30
1.050931359714e-07
 10
27.765350013873
 20
13.424837156612
 30
1.050798630331e-07
 10
28.116286181532
 20
13.432887107163
 30
1.050767934885e-07
 10
28.584380070411
 20
13.443025367146
 30
1.050630373811e-07
 10
28.966189385812
 20
13.450901089553
 30
1.050550508808e-07
 10
29.353250270934
 20
13.45862611448
 30
1.050523792401e-07
 10
30.038134504712
 20
13.471607712321
 30
1.050219964327e-07
 10
30.819242442446
 20
13.484814390114
 30
1.049821491961e-07
 10
31.553507324166
 20
13.495878245209
 30
1.049634477113e-07
 10
31.896918441391
 20
13.500662030131
 30
1.049420461641e-07
 10
32.769088268553
 20
13.512373627242
 30
1.04859793737e-07
 10
34.187494391964
 20
13.529612212802
 30
1.045276292189e-07
 10
35.906177001942
 20
13.544964219049
 30
1.04121198774e-07
 10
37.237058809504
 20
13.55348734252
 30
1.039572907757e-07
 10
38.211853562538
 20
13.558149632324
 30
1.038963546307e-07
 10
39.158839296503
 20
13.56126551806
 30
1.036678725086e-07
 10
40.381108551943
 20
13.563677258151
 30
1.03591730749e-07
 10
41.369617440894
 20
13.563971031832
 30
1.027635789796e-07
 10
42.400612876147
 20
13.563456975931
 30
1.027679275012e-07
 10
43.503791647538
 20
13.562225795021
 30
1.023463482852e-07
 10
45.145186244527
 20
13.558938176783
 30
1.0184331245e-07
 10
46.460130464421
 20
13.555491855003
 30
1.012471102513e-07
 10
47.599434432037
 20
13.552338425926
 30
1.009256891393e-07
 10
48.081953189367
 20
13.550960898697
 30
1.006876857446e-07
 10
48.590694422553
 20
13.54949235804
 30
1.006627599054e-07
 10
48.650627636848
 20
13.549319245224
 30
1.006704053452e-07
 10
48.755733452767
 20
13.549015412484
 30
1.006586671792e-07
 10
48.966815358499
 20
13.548404364174
 30
1.006549439353e-07
 10
49.270793318953
 20
13.547522657578
 30
1.006217758004e-07
 10
49.577880656987
 20
13.546631557048
 30
1.005680019261e-07
 10
49.825265477286
 20
13.545914489616
 30
1.005466572224e-07
 10
49.980590851282
 20
13.545464839504
 30
1.005344927307e-07
 10
50.105251619395
 20
13.545104415912
 30
1.005287231237e-07
 10
50.198948253428
 20
13.544833782107
 30
1.005193723813e-07
 10
50.292841184462
 20
13.544562875682
 30
1.005200545023e-07
 10
50.386926758579
 20
13.544291738265
 30
1.005106753382e-07
 10
50.481201172496
 20
13.544020411132
 30
1.005012961741e-07
 10
50.607145605567
 20
13.543658446182
 30
1.004954697237e-07
 10
50.828195562439
 20
13.543024606194
 30
1.004702880891e-07
 10
51.050470450579
 20
13.542390556085
 30
1.004052023745e-07
 10
51.241724962432
 20
13.541847827405
 30
1.003967042834e-07
 10
51.337503801092
 20
13.541576632585
 30
1.003874672278e-07
 10
51.433425714523
 20
13.541305653299
 30
1.003882630357e-07
 10
51.529487324895
 20
13.541034925259
 30
1.00379139667e-07
 10
51.625683009739
 20
13.540764487979
 30
1.003700162983e-07
 10
51.722007825451
 20
13.540494379182
 30
1.003609497729e-07
 10
51.818456792487
 20
13.540224636119
 30
1.003519116693e-07
 10
51.915023932253
 20
13.539955297525
 30
1.003429304092e-07
 10
51.995592128912
 20
13.539731213424
 30
1.003371608022e-07
 10
52.048002813788
 20
13.539585757473
 30
1.003369618502e-07
 10
52.072199765701
 20
13.539518664268
 30
1.003322438464e-07
 10
52.088333193583
 20
13.539473945971
 30
1.003290890367e-07
 10
52.116572734416
 20
13.539395715776
 30
1.003336080885e-07
 10
52.156932077021
 20
13.539284036178
 30
1.003257636967e-07
 10
52.221539603816
 20
13.539105527115
 30
1.003232057428e-07
 10
52.302364044245
 20
13.538882724499
 30
1.003176350878e-07
 10
52.375175543018
 20
13.538682637932
 30
1.00313599205e-07
 10
52.423738515222
 20
13.538549450259
 30
1.003042484626e-07
 10
52.44397744284
 20
13.538493988128
 30
1.003104159736e-07
 10
52.460170908976
 20
13.53844963885
 30
1.003072895855e-07
 10
52.476366066826
 20
13.538405302948
 30
1.003041916192e-07
 10
52.496613526682
 20
13.538349907536
 30
1.003103307085e-07
 10
52.516865123611
 20
13.538294546189
 30
1.00306465356e-07
 10
52.533068538638
 20
13.538250278455
 30
1.003033673896e-07
 10
52.549273558323
 20
13.538206024625
 30
1.003103022867e-07
 10
52.569533210451
 20
13.538150732718
 30
1.003064369343e-07
 10
52.589796744977
 20
13.538095476262
 30
1.003025715818e-07
 10
52.603982978301
 20
13.538056816103
 30
1.002998715194e-07
 10
52.612089890363
 20
13.538034730155
 30
1.003083411888e-07
 10
52.624250807759
 20
13.538001606699
 30
1.003060106086e-07
 10
52.650603638142
 20
13.537929866229
 30
1.003010368095e-07
 10
52.707378390843
 20
13.537775503905
 30
1.003002694233e-07
 10
52.758106698375
 20
13.537637940144
 30
1.002907197289e-07
 10
52.794635097585
 20
13.537539062686
 30
1.002937892736e-07
 10
52.802752673123
 20
13.537517094219
 30
1.00292282923e-07
 10
52.816959527329
 20
13.537478659202
 30
1.002896112823e-07
 10
52.837257703936
 20
13.537423781125
 30
1.002958072149e-07
 10
52.861619209617
 20
13.537357975566
 30
1.002912313197e-07
 10
52.89410537998
 20
13.537270301076
 30
1.002951535156e-07
 10
52.922539562948
 20
13.53719366604
 30
1.002898102342e-07
 10
52.946913216366
 20
13.537128047409
 30
1.002952956242e-07
 10
52.963163122879
 20
13.537084319107
 30
1.002922260795e-07
 10
52.98347926267
 20
13.537029686435
 30
1.002884459922e-07
 10
53.007858098025
 20
13.536964186705
 30
1.002939029604e-07
 10
53.040376858813
 20
13.53687690067
 30
1.00287877558e-07
 10
53.064747198498
 20
13.536811567148
 30
1.002933345262e-07
 10
53.554542065801
 20
13.535500160565
 30
1.002225928914e-07
 10
54.110081560729
 20
13.5340537244
 30
1.00023783034e-07
 10
54.699567167334
 20
13.532575582663
 30
1.000245788418e-07
 10
54.83703068956
 20
13.532233812064
 30
1.000217650926e-07
 10
54.905623034438
 20
13.532063984343
 30
1.000204292723e-07
 10
54.939971563032
 20
13.531979144194
 30
1.000247777938e-07
 10
54.959496875033
 20
13.531930939712
 30
1.000215945623e-07
 10
54.969383822892
 20
13.531906586492
 30
1.000199745249e-07
 10
55.290140385497
 20
13.531116633309
 30
1.000174165711e-07
 10
55.573568026608
 20
13.530426559938
 30
1.000217935143e-07
 10
55.912919154989
 20
13.52963387091
 30
1.000005909191e-07
 10
55.917090000517
 20
13.529624132398
 30
9.999993721976e-08
  0
SPLINE
  5
31
330
17
100
AcDbEntity
  8
CUT
100
AcDbSpline
 70
0
 71
3
 72
1091
 73
1087
 74
0
 40
0.0
 40
0.0
 40
0.0
 40
0.0
 40
0.004608965365504647
 40
0.004608965365504647
 40
0.004608965365504647
 40
0.009217930731286867
 40
0.009217930731286867
 40
0.009217930731286867
 40
0.013826896096791516
 40
0.013826896096791516
 40
0.013826896096791516
 40
0.018435861462573734
 40
0.018435861462573734
 40
0.018435861462573734
 40
0.02304482682807838
 40
0.02304482682807838
 40
0.02304482682807838
 40
0.027653792193860605
 40
0.027653792193860605
 40
0.027653792193860605
 40
0.03226275755964282
 40
0.03226275755964282
 40
0.03226275755964282
 40
0.03687172292514747
 40
0.03687172292514747
 40
0.03687172292514747
 40
0.041325783593228485
 40
0.041325783593228485
 40
0.041325783593228485
 40
0.045779844261309495
 40
0.045779844261309495
 40
0.045779844261309495
 40
0.05023390492939039
 40
0.05023390492939039
 40
0.05023390492939039
 40
0.054687965597471404
 40
0.054687965597471404
 40
0.054687965597471404
 40
0.059142026265552414
 40
0.059142026265552414
 40
0.059142026265552414
 40
0.0635960869336333
 40
0.0635960869336333
 40
0.0635960869336333
 40
0.06805014760171432
 40
0.06805014760171432
 40
0.06805014760171432
 40
0.07250420826979533
 40
0.07250420826979533
 40
0.07250420826979533
 40
0.07695826893787622
 40
0.07695826893787622
 40
0.07695826893787622
 40
0.08141232960595723
 40
0.08141232960595723
 40
0.08141232960595723
 40
0.08586639027403825
 40
0.08586639027403825
 40
0.08586639027403825
 40
0.09032045094211914
 40
0.09032045094211914
 40
0.09032045094211914
 40
0.09477451161020015
 40
0.09477451161020015
 40
0.09477451161020015
 40
0.09922857227828116
 40
0.09922857227828116
 40
0.09922857227828116
 40
0.10368263294636205
 40
0.10368263294636205
 40
0.10368263294636205
 40
0.10813669361444307
 40
0.10813669361444307
 40
0.10813669361444307
 40
0.11259075428252407
 40
0.11259075428252407
 40
0.11259075428252407
 40
0.11704481495060497
 40
0.11704481495060497
 40
0.11704481495060497
 40
0.12149887561868598
 40
0.12149887561868598
 40
0.12149887561868598
 40
0.125952936286767
 40
0.125952936286767
 40
0.125952936286767
 40
0.1304069969548479
 40
0.1304069969548479
 40
0.1304069969548479
 40
0.1348610576229289
 40
0.1348610576229289
 40
0.1348610576229289
 40
0.13931511829100993
 40
0.13931511829100993
 40
0.13931511829100993
 40
0.1437691789590908
 40
0.1437691789590908
 40
0.1437691789590908
 40
0.14822323962717182
 40
0.14822323962717182
 40
0.14822323962717182
 40
0.15267730029525284
 40
0.15267730029525284
 40
0.15267730029525284
 40
0.15713136096333372
 40
0.15713136096333372
 40
0.15713136096333372
 40
0.16158542163113715
 40
0.16158542163113715
 40
0.16158542163113715
 40
0.16603948229921817
 40
0.16603948229921817
 40
0.16603948229921817
 40
0.17049354296729907
 40
0.17049354296729907
 40
0.17049354296729907
 40
0.1749476036353801
 40
0.1749476036353801
 40
0.1749476036353801
 40
0.17940166430346108
 40
0.17940166430346108
 40
0.17940166430346108
 40
0.18385572497154198
 40
0.18385572497154198
 40
0.18385572497154198
 40
0.188309785639623
 40
0.188309785639623
 40
0.188309785639623
 40
0.19276384630770402
 40
0.19276384630770402
 40
0.19276384630770402
 40
0.1972179069757849
 40
0.1972179069757849
 40
0.1972179069757849
 40
0.2016719676438659
 40
0.2016719676438659
 40
0.2016719676438659
 40
0.20612602831194693
 40
0.20612602831194693
 40
0.20612602831194693
 40
0.2105800889800278
 40
0.2105800889800278
 40
0.2105800889800278
 40
0.21503414964810882
 40
0.21503414964810882
 40
0.21503414964810882
 40
0.21948821031618984
 40
0.21948821031618984
 40
0.21948821031618984
 40
0.22394227098427072
 40
0.22394227098427072
 40
0.22394227098427072
 40
0.22839633165235174
 40
0.22839633165235174
 40
0.22839633165235174
 40
0.23285039232043275
 40
0.23285039232043275
 40
0.23285039232043275
 40
0.23730445298851363
 40
0.23730445298851363
 40
0.23730445298851363
 40
0.24175851365659465
 40
0.24175851365659465
 40
0.24175851365659465
 40
0.24621257432467566
 40
0.24621257432467566
 40
0.24621257432467566
 40
0.25066663499275654
 40
0.25066663499275654
 40
0.25066663499275654
 40
0.25512069566083756
 40
0.25512069566083756
 40
0.25512069566083756
 40
0.2595747563289186
 40
0.2595747563289186
 40
0.2595747563289186
 40
0.2640288169969995
 40
0.2640288169969995
 40
0.2640288169969995
 40
0.2684828776650805
 40
0.2684828776650805
 40
0.2684828776650805
 40
0.2729369383331615
 40
0.2729369383331615
 40
0.2729369383331615
 40
0.27739099900124237
 40
0.27739099900124237
 40
0.27739099900124237
 40
0.2818450596693234
 40
0.2818450596693234
 40
0.2818450596693234
 40
0.2862991203374044
 40
0.2862991203374044
 40
0.2862991203374044
 40
0.2907531810054853
 40
0.2907531810054853
 40
0.2907531810054853
 40
0.2952072416735663
 40
0.2952072416735663
 40
0.2952072416735663
 40
0.29966130234164734
 40
0.29966130234164734
 40
0.29966130234164734
 40
0.30411536300972825
 40
0.30411536300972825
 40
0.30411536300972825
 40
0.30856942367780926
 40
0.30856942367780926
 40
0.30856942367780926
 40
0.3130234843458903
 40
0.3130234843458903
 40
0.3130234843458903
 40
0.31747754501397113
 40
0.31747754501397113
 40
0.31747754501397113
 40
0.32193160568205215
 40
0.32193160568205215
 40
0.32193160568205215
 40
0.32473809890665045
 40
0.32473809890665045
 40
0.32473809890665045
 40
0.32754459213124865
 40
0.32754459213124865
 40
0.32754459213124865
 40
0.33035108535584695
 40
0.33035108535584695
 40
0.33035108535584695
 40
0.3331575785807227
 40
0.3331575785807227
 40
0.3331575785807227
 40
0.3359640718053209
 40
0.3359640718053209
 40
0.3359640718053209
 40
0.3387705650299192
 40
0.3387705650299192
 40
0.3387705650299192
 40
0.3415770582545174
 40
0.3415770582545174
 40
0.3415770582545174
 40
0.34438355147939315
 40
0.34438355147939315
 40
0.34438355147939315
 40
0.3471900447039915
 40
0.3471900447039915
 40
0.3471900447039915
 40
0.34999653792858965
 40
0.34999653792858965
 40
0.34999653792858965
 40
0.352803031153188
 40
0.352803031153188
 40
0.352803031153188
 40
0.35560952437806376
 40
0.35560952437806376
 40
0.35560952437806376
 40
0.35841601760266206
 40
0.35841601760266206
 40
0.35841601760266206
 40
0.36122251082726026
 40
0.36122251082726026
 40
0.36122251082726026
 40
0.36402900405185845
 40
0.36402900405185845
 40
0.36402900405185845
 40
0.3668354972767343
 40
0.3668354972767343
 40
0.3668354972767343
 40
0.3696419905013325
 40
0.3696419905013325
 40
0.3696419905013325
 40
0.3724484837259308
 40
0.3724484837259308
 40
0.3724484837259308
 40
0.375254976950529
 40
0.375254976950529
 40
0.375254976950529
 40
0.37806147017540476
 40
0.37806147017540476
 40
0.37806147017540476
 40
0.38086796340000306
 40
0.38086796340000306
 40
0.38086796340000306
 40
0.38367445662460126
 40
0.38367445662460126
 40
0.38367445662460126
 40
0.38648094984919956
 40
0.38648094984919956
 40
0.38648094984919956
 40
0.3892874430740753
 40
0.3892874430740753
 40
0.3892874430740753
 40
0.3920939362986735
 40
0.3920939362986735
 40
0.3920939362986735
 40
0.3949004295232718
 40
0.3949004295232718
 40
0.3949004295232718
 40
0.39770692274787
 40
0.39770692274787
 40
0.39770692274787
 40
0.4005134159724683
 40
0.4005134159724683
 40
0.4005134159724683
 40
0.4033199091973441
 40
0.4033199091973441
 40
0.4033199091973441
 40
0.4061264024219424
 40
0.4061264024219424
 40
0.4061264024219424
 40
0.4089328956465406
 40
0.4089328956465406
 40
0.4089328956465406
 40
0.4117393888711389
 40
0.4117393888711389
 40
0.4117393888711389
 40
0.41491335894302106
 40
0.41491335894302106
 40
0.41491335894302106
 40
0.41808732901490325
 40
0.41808732901490325
 40
0.41808732901490325
 40
0.421261299086508
 40
0.421261299086508
 40
0.421261299086508
 40
0.4244352691583902
 40
0.4244352691583902
 40
0.4244352691583902
 40
0.4276092392302725
 40
0.4276092392302725
 40
0.4276092392302725
 40
0.4307832093018771
 40
0.4307832093018771
 40
0.4307832093018771
 40
0.4339571793737594
 40
0.4339571793737594
 40
0.4339571793737594
 40
0.437131149445364
 40
0.437131149445364
 40
0.437131149445364
 40
0.4403051195172463
 40
0.4403051195172463
 40
0.4403051195172463
 40
0.4434790895891285
 40
0.4434790895891285
 40
0.4434790895891285
 40
0.44665305966073315
 40
0.44665305966073315
 40
0.44665305966073315
 40
0.4498270297326154
 40
0.4498270297326154
 40
0.4498270297326154
 40
0.4530009998042201
 40
0.4530009998042201
 40
0.4530009998042201
 40
0.45617496987610234
 40
0.45617496987610234
 40
0.45617496987610234
 40
0.4593489399479846
 40
0.4593489399479846
 40
0.4593489399479846
 40
0.46252291001958923
 40
0.46252291001958923
 40
0.46252291001958923
 40
0.46688327653063433
 40
0.46688327653063433
 40
0.46688327653063433
 40
0.4712436430416794
 40
0.4712436430416794
 40
0.4712436430416794
 40
0.4756040095527245
 40
0.4756040095527245
 40
0.4756040095527245
 40
0.4799643760637696
 40
0.4799643760637696
 40
0.4799643760637696
 40
0.48432474257453717
 40
0.48432474257453717
 40
0.48432474257453717
 40
0.48868510908558227
 40
0.48868510908558227
 40
0.48868510908558227
 40
0.49304547559662737
 40
0.49304547559662737
 40
0.49304547559662737
 40
0.49740584210767247
 40
0.49740584210767247
 40
0.49740584210767247
 40
0.5017662086187176
 40
0.5017662086187176
 40
0.5017662086187176
 40
0.5061265751297627
 40
0.5061265751297627
 40
0.5061265751297627
 40
0.5104869416405302
 40
0.5104869416405302
 40
0.5104869416405302
 40
0.5148473081515753
 40
0.5148473081515753
 40
0.5148473081515753
 40
0.5192076746626204
 40
0.5192076746626204
 40
0.5192076746626204
 40
0.5235680411736655
 40
0.5235680411736655
 40
0.5235680411736655
 40
0.5279284076847106
 40
0.5279284076847106
 40
0.5279284076847106
 40
0.5322887741957557
 40
0.5322887741957557
 40
0.5322887741957557
 40
0.5366491407065233
 40
0.5366491407065233
 40
0.5366491407065233
 40
0.5410095072175684
 40
0.5410095072175684
 40
0.5410095072175684
 40
0.5453698737286135
 40
0.5453698737286135
 40
0.5453698737286135
 40
0.5497302402396586
 40
0.5497302402396586
 40
0.5497302402396586
 40
0.5540906067507037
 40
0.5540906067507037
 40
0.5540906067507037
 40
0.5584509732617488
 40
0.5584509732617488
 40
0.5584509732617488
 40
0.5628113397725164
 40
0.5628113397725164
 40
0.5628113397725164
 40
0.5671717062835614
 40
0.5671717062835614
 40
0.5671717062835614
 40
0.5715320727946065
 40
0.5715320727946065
 40
0.5715320727946065
 40
0.5758924393056517
 40
0.5758924393056517
 40
0.5758924393056517
 40
0.5802528058166967
 40
0.5802528058166967
 40
0.5802528058166967
 40
0.5846131723277418
 40
0.5846131723277418
 40
0.5846131723277418
 40
0.5889735388385093
 40
0.5889735388385093
 40
0.5889735388385093
 40
0.5933339053495545
 40
0.5933339053495545
 40
0.5933339053495545
 40
0.5976942718605995
 40
0.5976942718605995
 40
0.5976942718605995
 40
0.6020546383716446
 40
0.6020546383716446
 40
0.6020546383716446
 40
0.6042571509995529
 40
0.6042571509995529
 40
0.6042571509995529
 40
0.6064596636274613
 40
0.6064596636274613
 40
0.6064596636274613
 40
0.6086621762553694
 40
0.6086621762553694
 40
0.6086621762553694
 40
0.6108646888832778
 40
0.6108646888832778
 40
0.6108646888832778
 40
0.6152697141393718
 40
0.6152697141393718
 40
0.6152697141393718
 40
0.6196747393951882
 40
0.6196747393951882
 40
0.6196747393951882
 40
0.6218772520230967
 40
0.6218772520230967
 40
0.6218772520230967
 40
0.6240797646510049
 40
0.6240797646510049
 40
0.6240797646510049
 40
0.6262822772789132
 40
0.6262822772789132
 40
0.6262822772789132
 40
0.6284847899068214
 40
0.6284847899068214
 40
0.6284847899068214
 40
0.632889815162638
 40
0.632889815162638
 40
0.632889815162638
 40
0.6372948404187322
 40
0.6372948404187322
 40
0.6372948404187322
 40
0.6394973530466403
 40
0.6394973530466403
 40
0.6394973530466403
 40
0.6416998656745486
 40
0.6416998656745486
 40
0.6416998656745486
 40
0.6428011219885027
 40
0.6428011219885027
 40
0.6428011219885027
 40
0.6439023783024569
 40
0.6439023783024569
 40
0.6439023783024569
 40
0.646104890930365
 40
0.646104890930365
 40
0.646104890930365
 40
0.6483074035582734
 40
0.6483074035582734
 40
0.6483074035582734
 40
0.6505099161861816
 40
0.6505099161861816
 40
0.6505099161861816
 40
0.6527124288140901
 40
0.6527124288140901
 40
0.6527124288140901
 40
0.6549149414422758
 40
0.6549149414422758
 40
0.6549149414422758
 40
0.6593199666980923
 40
0.6593199666980923
 40
0.6593199666980923
 40
0.663724991953909
 40
0.663724991953909
 40
0.663724991953909
 40
0.6681300172097254
 40
0.6681300172097254
 40
0.6681300172097254
 40
0.6725350424658194
 40
0.6725350424658194
 40
0.6725350424658194
 40
0.676940067721636
 40
0.676940067721636
 40
0.676940067721636
 40
0.6813450929774526
 40
0.6813450929774526
 40
0.6813450929774526
 40
0.6857501182332691
 40
0.6857501182332691
 40
0.6857501182332691
 40
0.6901551434890857
 40
0.6901551434890857
 40
0.6901551434890857
 40
0.6907057716462015
 40
0.6907057716462015
 40
0.6907057716462015
 40
0.6912563998030398
 40
0.6912563998030398
 40
0.6912563998030398
 40
0.6923576561172715
 40
0.6923576561172715
 40
0.6923576561172715
 40
0.6934589124312257
 40
0.6934589124312257
 40
0.6934589124312257
 40
0.6937342265096448
 40
0.6937342265096448
 40
0.6937342265096448
 40
0.6940095405880639
 40
0.6940095405880639
 40
0.6940095405880639
 40
0.6945601687451798
 40
0.6945601687451798
 40
0.6945601687451798
 40
0.696762681373088
 40
0.696762681373088
 40
0.696762681373088
 40
0.6989651940009962
 40
0.6989651940009962
 40
0.6989651940009962
 40
0.7011677066289046
 40
0.7011677066289046
 40
0.7011677066289046
 40
0.7033702192568128
 40
0.7033702192568128
 40
0.7033702192568128
 40
0.705572731884721
 40
0.705572731884721
 40
0.705572731884721
 40
0.7077752445126293
 40
0.7077752445126293
 40
0.7077752445126293
 40
0.7121802697687235
 40
0.7121802697687235
 40
0.7121802697687235
 40
0.71658529502454
 40
0.71658529502454
 40
0.71658529502454
 40
0.7209903202803565
 40
0.7209903202803565
 40
0.7209903202803565
 40
0.7253953455361731
 40
0.7253953455361731
 40
0.7253953455361731
 40
0.7275978581640814
 40
0.7275978581640814
 40
0.7275978581640814
 40
0.7298003707919896
 40
0.7298003707919896
 40
0.7298003707919896
 40
0.7320028834201754
 40
0.7320028834201754
 40
0.7320028834201754
 40
0.7342053960480837
 40
0.7342053960480837
 40
0.7342053960480837
 40
0.736407908675992
 40
0.736407908675992
 40
0.736407908675992
 40
0.7386104213039003
 40
0.7386104213039003
 40
0.7386104213039003
 40
0.7408129339318085
 40
0.7408129339318085
 40
0.7408129339318085
 40
0.7430154465597167
 40
0.7430154465597167
 40
0.7430154465597167
 40
0.7449654327153254
 40
0.7449654327153254
 40
0.7449654327153254
 40
0.746915418870934
 40
0.746915418870934
 40
0.746915418870934
 40
0.748865405026265
 40
0.748865405026265
 40
0.748865405026265
 40
0.7508153911818736
 40
0.7508153911818736
 40
0.7508153911818736
 40
0.7527653773374822
 40
0.7527653773374822
 40
0.7527653773374822
 40
0.7547153634928133
 40
0.7547153634928133
 40
0.7547153634928133
 40
0.7566653496484218
 40
0.7566653496484218
 40
0.7566653496484218
 40
0.7586153358040305
 40
0.7586153358040305
 40
0.7586153358040305
 40
0.7595903288818348
 40
0.7595903288818348
 40
0.7595903288818348
 40
0.7605653219596391
 40
0.7605653219596391
 40
0.7605653219596391
 40
0.7625153081149701
 40
0.7625153081149701
 40
0.7625153081149701
 40
0.7630028046540112
 40
0.7630028046540112
 40
0.7630028046540112
 40
0.7634903011927744
 40
0.7634903011927744
 40
0.7634903011927744
 40
0.7639777977318154
 40
0.7639777977318154
 40
0.7639777977318154
 40
0.7642215460010582
 40
0.7642215460010582
 40
0.7642215460010582
 40
0.7644652942705786
 40
0.7644652942705786
 40
0.7644652942705786
 40
0.7664152804261872
 40
0.7664152804261872
 40
0.7664152804261872
 40
0.7683652665815184
 40
0.7683652665815184
 40
0.7683652665815184
 40
0.770315252737127
 40
0.770315252737127
 40
0.770315252737127
 40
0.770802749276168
 40
0.770802749276168
 40
0.770802749276168
 40
0.7712902458149312
 40
0.7712902458149312
 40
0.7712902458149312
 40
0.7722652388927357
 40
0.7722652388927357
 40
0.7722652388927357
 40
0.7742152250483443
 40
0.7742152250483443
 40
0.7742152250483443
 40
0.7781151973592838
 40
0.7781151973592838
 40
0.7781151973592838
 40
0.7820151696702236
 40
0.7820151696702236
 40
0.7820151696702236
 40
0.7829901627480278
 40
0.7829901627480278
 40
0.7829901627480278
 40
0.783965155825832
 40
0.783965155825832
 40
0.783965155825832
 40
0.7842089040953526
 40
0.7842089040953526
 40
0.7842089040953526
 40
0.7843307782301128
 40
0.7843307782301128
 40
0.7843307782301128
 40
0.7844526523648729
 40
0.7844526523648729
 40
0.7844526523648729
 40
0.7849401489036364
 40
0.7849401489036364
 40
0.7849401489036364
 40
0.7854276454423997
 40
0.7854276454423997
 40
0.7854276454423997
 40
0.7859151419814406
 40
0.7859151419814406
 40
0.7859151419814406
 40
0.7878651281370493
 40
0.7878651281370493
 40
0.7878651281370493
 40
0.7883526246758127
 40
0.7883526246758127
 40
0.7883526246758127
 40
0.788840121214576
 40
0.788840121214576
 40
0.788840121214576
 40
0.7898151142923804
 40
0.7898151142923804
 40
0.7898151142923804
 40
0.7903026108314213
 40
0.7903026108314213
 40
0.7903026108314213
 40
0.7907901073701846
 40
0.7907901073701846
 40
0.7907901073701846
 40
0.7912776039092255
 40
0.7912776039092255
 40
0.7912776039092255
 40
0.7917651004479889
 40
0.7917651004479889
 40
0.7917651004479889
 40
0.7927400935257932
 40
0.7927400935257932
 40
0.7927400935257932
 40
0.7937150866035975
 40
0.7937150866035975
 40
0.7937150866035975
 40
0.7938369607383577
 40
0.7938369607383577
 40
0.7938369607383577
 40
0.7938978978057378
 40
0.7938978978057378
 40
0.7938978978057378
 40
0.793958834873118
 40
0.793958834873118
 40
0.793958834873118
 40
0.7940807090076006
 40
0.7940807090076006
 40
0.7940807090076006
 40
0.7941416460749808
 40
0.7941416460749808
 40
0.7941416460749808
 40
0.7942025831423609
 40
0.7942025831423609
 40
0.7942025831423609
 40
0.7944463314118814
 40
0.7944463314118814
 40
0.7944463314118814
 40
0.7946900796814019
 40
0.7946900796814019
 40
0.7946900796814019
 40
0.7951775762201652
 40
0.7951775762201652
 40
0.7951775762201652
 40
0.7956650727592062
 40
0.7956650727592062
 40
0.7956650727592062
 40
0.7961525692979695
 40
0.7961525692979695
 40
0.7961525692979695
 40
0.79639631756749
 40
0.79639631756749
 40
0.79639631756749
 40
0.7966400658367329
 40
0.7966400658367329
 40
0.7966400658367329
 40
0.7967314714379419
 40
0.7967314714379419
 40
0.7967314714379419
 40
0.7967619399714931
 40
0.7967619399714931
 40
0.7967619399714931
 40
0.7968228770388732
 40
0.7968228770388732
 40
0.7968228770388732
 40
0.7968838141062534
 40
0.7968838141062534
 40
0.7968838141062534
 40
0.7970056882410137
 40
0.7970056882410137
 40
0.7970056882410137
 40
0.7970666253083938
 40
0.7970666253083938
 40
0.7970666253083938
 40
0.7971275623757739
 40
0.7971275623757739
 40
0.7971275623757739
 40
0.7971884994431538
 40
0.7971884994431538
 40
0.7971884994431538
 40
0.797249436510534
 40
0.797249436510534
 40
0.797249436510534
 40
0.7973713106452943
 40
0.7973713106452943
 40
0.7973713106452943
 40
0.7974017791788456
 40
0.7974017791788456
 40
0.7974017791788456
 40
0.7974322477123968
 40
0.7974322477123968
 40
0.7974322477123968
 40
0.7974627162462257
 40
0.7974627162462257
 40
0.7974627162462257
 40
0.7974779505131402
 40
0.7974779505131402
 40
0.7974779505131402
 40
0.7974855676463197
 40
0.7974855676463197
 40
0.7974855676463197
 40
0.7974874719298228
 40
0.7974874719298228
 40
0.7974874719298228
 40
0.7974893762130484
 40
0.7974893762130484
 40
0.7974893762130484
 40
0.7974912804965515
 40
0.7974912804965515
 40
0.7974912804965515
 40
0.7974931847797769
 40
0.7974931847797769
 40
0.7974931847797769
 40
0.797554121847157
 40
0.797554121847157
 40
0.797554121847157
 40
0.797584590380986
 40
0.797584590380986
 40
0.797584590380986
 40
0.7976150589145372
 40
0.7976150589145372
 40
0.7976150589145372
 40
0.8015150312257544
 40
0.8015150312257544
 40
0.8015150312257544
 40
0.8034650173810854
 40
0.8034650173810854
 40
0.8034650173810854
 40
0.805415003536694
 40
0.805415003536694
 40
0.805415003536694
 40
0.8078880448286977
 40
0.8078880448286977
 40
0.8078880448286977
 40
0.8103610861204238
 40
0.8103610861204238
 40
0.8103610861204238
 40
0.8128341274124273
 40
0.8128341274124273
 40
0.8128341274124273
 40
0.8140706480584291
 40
0.8140706480584291
 40
0.8140706480584291
 40
0.8146889083812913
 40
0.8146889083812913
 40
0.8146889083812913
 40
0.8153071687041534
 40
0.8153071687041534
 40
0.8153071687041534
 40
0.8177802099961571
 40
0.8177802099961571
 40
0.8177802099961571
 40
0.8202532512881607
 40
0.8202532512881607
 40
0.8202532512881607
 40
0.8227262925798868
 40
0.8227262925798868
 40
0.8227262925798868
 40
0.8251993338718905
 40
0.8251993338718905
 40
0.8251993338718905
 40
0.8276723751636164
 40
0.8276723751636164
 40
0.8276723751636164
 40
0.8301454164556201
 40
0.8301454164556201
 40
0.8301454164556201
 40
0.8326184577473461
 40
0.8326184577473461
 40
0.8326184577473461
 40
0.833854978393348
 40
0.833854978393348
 40
0.833854978393348
 40
0.8350914990393498
 40
0.8350914990393498
 40
0.8350914990393498
 40
0.8375645403313534
 40
0.8375645403313534
 40
0.8375645403313534
 40
0.8400375816230794
 40
0.8400375816230794
 40
0.8400375816230794
 40
0.842510622915083
 40
0.842510622915083
 40
0.842510622915083
 40
0.8449836642068091
 40
0.8449836642068091
 40
0.8449836642068091
 40
0.8474567054988128
 40
0.8474567054988128
 40
0.8474567054988128
 40
0.8499297467905389
 40
0.8499297467905389
 40
0.8499297467905389
 40
0.8524027880825424
 40
0.8524027880825424
 40
0.8524027880825424
 40
0.8548758293745461
 40
0.8548758293745461
 40
0.8548758293745461
 40
0.8573488706662722
 40
0.8573488706662722
 40
0.8573488706662722
 40
0.8598219119582757
 40
0.8598219119582757
 40
0.8598219119582757
 40
0.8622949532500019
 40
0.8622949532500019
 40
0.8622949532500019
 40
0.8647679945420054
 40
0.8647679945420054
 40
0.8647679945420054
 40
0.8672410358337316
 40
0.8672410358337316
 40
0.8672410358337316
 40
0.8697140771257351
 40
0.8697140771257351
 40
0.8697140771257351
 40
0.8721871184177388
 40
0.8721871184177388
 40
0.8721871184177388
 40
0.8746601597094649
 40
0.8746601597094649
 40
0.8746601597094649
 40
0.8771332010014685
 40
0.8771332010014685
 40
0.8771332010014685
 40
0.8796062422931945
 40
0.8796062422931945
 40
0.8796062422931945
 40
0.8820792835851982
 40
0.8820792835851982
 40
0.8820792835851982
 40
0.8845523248769243
 40
0.8845523248769243
 40
0.8845523248769243
 40
0.8861574847831446
 40
0.8861574847831446
 40
0.8861574847831446
 40
0.8877626446890872
 40
0.8877626446890872
 40
0.8877626446890872
 40
0.8893678045953074
 40
0.8893678045953074
 40
0.8893678045953074
 40
0.8909729645012501
 40
0.8909729645012501
 40
0.8909729645012501
 40
0.894183284313413
 40
0.894183284313413
 40
0.894183284313413
 40
0.8973936041255759
 40
0.8973936041255759
 40
0.8973936041255759
 40
0.9006039239374614
 40
0.9006039239374614
 40
0.9006039239374614
 40
0.9038142437496243
 40
0.9038142437496243
 40
0.9038142437496243
 40
0.9054194036558444
 40
0.9054194036558444
 40
0.9054194036558444
 40
0.9070245635617871
 40
0.9070245635617871
 40
0.9070245635617871
 40
0.9086297234677299
 40
0.9086297234677299
 40
0.9086297234677299
 40
0.91023488337395
 40
0.91023488337395
 40
0.91023488337395
 40
0.9140374049548465
 40
0.9140374049548465
 40
0.9140374049548465
 40
0.9178399265357429
 40
0.9178399265357429
 40
0.9178399265357429
 40
0.9197411873260524
 40
0.9197411873260524
 40
0.9197411873260524
 40
0.9216424481166394
 40
0.9216424481166394
 40
0.9216424481166394
 40
0.9235437089069488
 40
0.9235437089069488
 40
0.9235437089069488
 40
0.9254449696975359
 40
0.9254449696975359
 40
0.9254449696975359
 40
0.9292474912784323
 40
0.9292474912784323
 40
0.9292474912784323
 40
0.9330500128593288
 40
0.9330500128593288
 40
0.9330500128593288
 40
0.9368525344402252
 40
0.9368525344402252
 40
0.9368525344402252
 40
0.9406550560211216
 40
0.9406550560211216
 40
0.9406550560211216
 40
0.9444575776020182
 40
0.9444575776020182
 40
0.9444575776020182
 40
0.9482600991831921
 40
0.9482600991831921
 40
0.9482600991831921
 40
0.9520626207640887
 40
0.9520626207640887
 40
0.9520626207640887
 40
0.9558651423449851
 40
0.9558651423449851
 40
0.9558651423449851
 40
0.9596676639258814
 40
0.9596676639258814
 40
0.9596676639258814
 40
0.963470185506778
 40
0.963470185506778
 40
0.963470185506778
 40
0.9672727070876744
 40
0.9672727070876744
 40
0.9672727070876744
 40
0.9710752286685709
 40
0.9710752286685709
 40
0.9710752286685709
 40
0.9740946628959476
 40
0.9740946628959476
 40
0.9740946628959476
 40
0.9771140971233021
 40
0.9771140971233021
 40
0.9771140971233021
 40
0.9801335313506538
 40
0.9801335313506538
 40
0.9801335313506538
 40
0.9831529655780084
 40
0.9831529655780084
 40
0.9831529655780084
 40
0.9861723998053601
 40
0.9861723998053601
 40
0.9861723998053601
 40
0.9891918340327119
 40
0.9891918340327119
 40
0.9891918340327119
 40
0.9922112682600663
 40
0.9922112682600663
 40
0.9922112682600663
 40
0.9952307024874182
 40
0.9952307024874182
 40
0.9952307024874182
 40
0.9976153512437095
 40
0.9976153512437095
 40
0.9976153512437095
 40
1.0
 40
1.0
 40
1.0
 40
1.0
 10
51.173871860879
 20
0.0002341743952741
 30
1.054991400906e-07
 10
51.087347253309
 20
0.0001413975172753
 30
1.054926030974e-07
 10
51.000929754511
 20
7.578473727676e-05
 30
1.054988558735e-07
 10
50.914834700638
 20
3.810710827423e-05
 30
1.054979179571e-07
 10
50.828739646764
 20
4.294802771199e-07
 30
1.05496951619e-07
 10
50.742967037815
 20
-9.312999726063e-06
 30
1.054987990301e-07
 10
50.657694584878
 20
9.228336274703e-06
 30
1.054935410139e-07
 10
50.57242213194
 20
2.776967127716e-05
 30
1.054982874393e-07
 10
50.487649835015
 20
7.459482227645e-05
 30
1.054959568592e-07
 10
50.403629515178
 20
0.0001490653122751
 30
1.054964116065e-07
 10
50.319609195341
 20
0.0002235358032756
 30
1.054968663539e-07
 10
50.236340852593
 20
0.0003256516332755
 30
1.055001916939e-07
 10
50.152930414684
 20
0.0004561014302737
 30
1.054962979197e-07
 10
50.069519976776
 20
0.0005865512262773
 30
1.054924894106e-07
 10
49.985967443708
 20
0.0007453349872755
 30
1.054914378074e-07
 10
49.902441064003
 20
0.0009334149982756
 30
1.054933420619e-07
 10
49.818914684297
 20
0.001121495008274
 30
1.054952463164e-07
 10
49.735414457953
 20
0.001338871268274
 30
1.05490101987e-07
 10
49.651882670454
 20
0.001586330128276
 30
1.054979748005e-07
 10
49.568350882955
 20
0.001833788990275
 30
1.054958431723e-07
 10
49.4847875343
 20
0.002111330452276
 30
1.054967242453e-07
 10
49.401228090601
 20
0.002419843851275
 30
1.054907272646e-07
 10
49.317668646901
 20
0.002728357250277
 30
1.054947063039e-07
 10
49.234113108155
 20
0.003067842585274
 30
1.054917788679e-07
 10
49.150548323988
 20
0.003439150134277
 30
1.054920915067e-07
 10
49.069792104564
 20
0.003797978249274
 30
1.054913525422e-07
 10
48.989036085165
 20
0.004186495368277
 30
1.054935978573e-07
 10
48.908284063224
 20
0.004605489275274
 30
1.054989127169e-07
 10
48.827532041285
 20
0.005024483182275
 30
1.054942231349e-07
 10
48.746784016805
 20
0.005473953874276
 30
1.054926030974e-07
 10
48.666044909654
 20
0.005954643459276
 30
1.054940810263e-07
 10
48.585305802505
 20
0.006435333043274
 30
1.054955873769e-07
 10
48.504575612686
 20
0.006947241520276
 30
1.055001916939e-07
 10
48.423858892968
 20
0.007491121722275
 30
1.054980600657e-07
 10
48.343142173251
 20
0.008035001924277
 30
1.054959000157e-07
 10
48.262438923634
 20
0.008610853852275
 30
1.05496951619e-07
 10
48.181753693852
 20
0.009219415504276
 30
1.054913241205e-07
 10
48.10106846407
 20
0.009827977155275
 30
1.054956442204e-07
 10
48.020401254124
 20
0.01046924853128
 30
1.054932283751e-07
 10
47.939756463152
 20
0.01114396309028
 30
1.054942231349e-07
 10
47.859111672181
 20
0.01181867764928
 30
1.05495189473e-07
 10
47.778489300184
 20
0.01252683539127
 30
1.054995095728e-07
 10
47.697893664188
 20
0.01326915954828
 30
1.054972926795e-07
 10
47.617298028191
 20
0.01401148370527
 30
1.054950189427e-07
 10
47.536729128195
 20
0.01478797427427
 30
1.05496269498e-07
 10
47.45619117173
 20
0.01559934569628
 30
1.054909546383e-07
 10
47.375653215266
 20
0.01641071711727
 30
1.054956442204e-07
 10
47.295146202334
 20
0.01725696939128
 30
1.054938536527e-07
 10
47.214674246477
 20
0.01813880640827
 30
1.054956157986e-07
 10
47.13420229062
 20
0.01902064342628
 30
1.054974063663e-07
 10
47.053765391837
 20
0.01993806518728
 30
1.054927167843e-07
 10
46.973367566135
 20
0.02089176470728
 30
1.054916936027e-07
 10
46.892969740433
 20
0.02184546422627
 30
1.054906988429e-07
 10
46.812610987812
 20
0.02283544150528
 30
1.054933420619e-07
 10
46.732295231794
 20
0.02386237770327
 30
1.054996801031e-07
 10
46.651979475775
 20
0.02488931390227
 30
1.054960137026e-07
 10
46.57170671636
 20
0.02595320902228
 30
1.05496070546e-07
 10
46.491480785889
 20
0.02705473168427
 30
1.054998790551e-07
 10
46.411254855419
 20
0.02815625434427
 30
1.054937399658e-07
 10
46.331075753895
 20
0.02929540454828
 30
1.054913241205e-07
 10
46.250947225534
 20
0.03047283754928
 30
1.054928304711e-07
 10
46.170818697173
 20
0.03165027054927
 30
1.054942799783e-07
 10
46.090740741976
 20
0.03286598634728
 30
1.054995664163e-07
 10
46.010717018412
 20
0.03412062607728
 30
1.054987706084e-07
 10
45.930693294847
 20
0.03537526580728
 30
1.054979748005e-07
 10
45.850723802914
 20
0.03666882947028
 30
1.054911251686e-07
 10
45.770812118048
 20
0.03800194326528
 30
1.054982021742e-07
 10
45.690900433181
 20
0.03933505706128
 30
1.054953031598e-07
 10
45.61104655538
 20
0.04070772099127
 30
1.054963831848e-07
 10
45.531253979766
 20
0.04212054559127
 30
1.054914946508e-07
 10
45.451461404152
 20
0.04353337019128
 30
1.054965821368e-07
 10
45.371730130724
 20
0.04498635546027
 30
1.054957010638e-07
 10
45.292063576891
 20
0.04648009538527
 30
1.054989695604e-07
 10
45.21239702306
 20
0.04797383531028
 30
1.054922051935e-07
 10
45.132795188824
 20
0.04950832989127
 30
1.054995095728e-07
 10
45.053261417016
 20
0.05108415600028
 30
1.0549098306e-07
 10
44.973727645208
 20
0.05265998211128
 30
1.054924894106e-07
 10
44.894261935826
 20
0.05427713975028
 30
1.054981169091e-07
 10
44.814867559166
 20
0.05593618742028
 30
1.054979463788e-07
 10
44.735473182504
 20
0.05759523508828
 30
1.054977758486e-07
 10
44.656150138565
 20
0.05929617278628
 30
1.05491864133e-07
 10
44.576901629772
 20
0.06103954096428
 30
1.055001348504e-07
 10
44.497653120979
 20
0.06278290914227
 30
1.054984579696e-07
 10
44.418479147335
 20
0.06456870779927
 30
1.054910683251e-07
 10
44.339382841254
 20
0.06639745548728
 30
1.054979179571e-07
 10
44.260286535175
 20
0.06822620317628
 30
1.054948199908e-07
 10
44.18126789666
 20
0.07009789989728
 30
1.054960421243e-07
 10
44.102330027671
 20
0.07201306389628
 30
1.054916367593e-07
 10
44.023392158682
 20
0.07392822789427
 30
1.054971789927e-07
 10
43.944535059219
 20
0.07588685917228
 30
1.05497150571e-07
 10
43.865761675626
 20
0.07788939663527
 30
1.054914946508e-07
 10
43.786988292032
 20
0.07989193409828
 30
1.054958431723e-07
 10
43.708298624308
 20
0.08193837774628
 30
1.054946210388e-07
 10
43.629695681269
 20
0.08402921777428
 30
1.054978611137e-07
 10
43.551092738229
 20
0.08612005780128
 30
1.054910683251e-07
 10
43.472576519872
 20
0.08825529420828
 30
1.054987706084e-07
 10
43.394149902039
 20
0.09043534659428
 30
1.0549098306e-07
 10
43.315723284206
 20
0.09261539898128
 30
1.054931715316e-07
 10
43.237386266896
 20
0.09484026734728
 30
1.054998506334e-07
 10
43.159141709928
 20
0.09711036919528
 30
1.054911251686e-07
 10
43.08089715296
 20
0.09938047104428
 30
1.054923188804e-07
 10
43.002745056333
 20
0.101695806375
 30
1.054981453308e-07
 10
42.924688215203
 20
0.104056759116
 30
1.05498514813e-07
 10
42.846631374072
 20
0.106417711857
 30
1.054988842952e-07
 10
42.768669788438
 20
0.108824282008
 30
1.054938820744e-07
 10
42.690806217246
 20
0.111276832782
 30
1.054934557487e-07
 10
42.612942646054
 20
0.113729383555
 30
1.054930294231e-07
 10
42.535177089306
 20
0.116227914953
 30
1.054972358361e-07
 10
42.457512256319
 20
0.11877276297
 30
1.054960989677e-07
 10
42.379847423333
 20
0.121317610986
 30
1.054949620993e-07
 10
42.30228331411
 20
0.123908775622
 30
1.054984863913e-07
 10
42.224822610391
 20
0.126546566886
 30
1.054966958236e-07
 10
42.147361906671
 20
0.129184358149
 30
1.054949052559e-07
 10
42.070004608456
 20
0.131868776038
 30
1.054977758486e-07
 10
41.992753338602
 20
0.134600104448
 30
1.054953600033e-07
 10
41.915502068747
 20
0.137331432859
 30
1.054929725797e-07
 10
41.838356827255
 20
0.140109671792
 30
1.054953031598e-07
 10
41.761320254674
 20
0.142935074839
 30
1.054923757238e-07
 10
41.684283682095
 20
0.145760477886
 30
1.054994243077e-07
 10
41.607355778429
 20
0.148633045048
 30
1.054912388554e-07
 10
41.530539042074
 20
0.151553007763
 30
1.054978042703e-07
 10
41.453722305719
 20
0.154472970478
 30
1.054943652434e-07
 10
41.377016736677
 20
0.157440328746
 30
1.054957010638e-07
 10
41.300425058566
 20
0.160455270976
 30
1.054918357113e-07
 10
41.223833380456
 20
0.163470213205
 30
1.054979179571e-07
 10
41.147355593276
 20
0.166532739396
 30
1.054988274518e-07
 10
41.070993833406
 20
0.169643039733
 30
1.054945357737e-07
 10
40.994632073534
 20
0.172753340071
 30
1.055002485373e-07
 10
40.918386340972
 20
0.175911414555
 30
1.055007885498e-07
 10
40.842260014519
 20
0.1791173526
 30
1.05496070546e-07
 10
40.766133688066
 20
0.182323290646
 30
1.054914093856e-07
 10
40.690126767723
 20
0.185577092253
 30
1.054915230725e-07
 10
40.614239786303
 20
0.18887897375
 30
1.054965252933e-07
 10
40.538352804883
 20
0.192180855247
 30
1.054914662291e-07
 10
40.462585762386
 20
0.195530816635
 30
1.054912672771e-07
 10
40.386945523093
 20
0.19892868864
 30
1.05495871594e-07
 10
40.311305283802
 20
0.202326560645
 30
1.05500475911e-07
 10
40.235791847713
 20
0.205772343267
 30
1.054899314568e-07
 10
40.160397604884
 20
0.209266640837
 30
1.054942515566e-07
 10
40.085003362054
 20
0.212760938408
 30
1.054985432347e-07
 10
40.009728312481
 20
0.216303750927
 30
1.054977474269e-07
 10
39.93460355334
 20
0.2198935237
 30
1.05491665181e-07
 10
39.859478794199
 20
0.223483296473
 30
1.054955589552e-07
 10
39.784504325489
 20
0.2271200295
 30
1.054941662915e-07
 10
39.709329324444
 20
0.230821632002
 30
1.054993390426e-07
 10
39.634154323397
 20
0.234523234504
 30
1.054944789303e-07
 10
39.558778790014
 20
0.23828970648
 30
1.05496070546e-07
 10
39.4832707248
 20
0.24211920678
 30
1.054940241829e-07
 10
39.407762659585
 20
0.24594870708
 30
1.054919493981e-07
 10
39.332122062539
 20
0.249841235704
 30
1.054961842328e-07
 10
39.256332006116
 20
0.253798943342
 30
1.054970084624e-07
 10
39.180541949692
 20
0.257756650979
 30
1.054977474269e-07
 10
39.104602433892
 20
0.26177953763
 30
1.054950757862e-07
 10
39.028528296362
 20
0.265868139132
 30
1.054989127169e-07
 10
38.952454158832
 20
0.269956740635
 30
1.054928304711e-07
 10
38.876245399574
 20
0.274111056989
 30
1.054932852185e-07
 10
38.799903683453
 20
0.278332303892
 30
1.055004474892e-07
 10
38.723561967332
 20
0.282553550797
 30
1.0549763374e-07
 10
38.647087294347
 20
0.28684172825
 30
1.054915230725e-07
 10
38.570487271999
 20
0.291197714066
 30
1.054921483501e-07
 10
38.493887249652
 20
0.295553699882
 30
1.054928588928e-07
 10
38.41716187794
 20
0.299977494062
 30
1.055003338024e-07
 10
38.340315707556
 20
0.304470090803
 30
1.054946494605e-07
 10
38.263469537171
 20
0.308962687546
 30
1.054990264038e-07
 10
38.186502568114
 20
0.31352408685
 30
1.05500276959e-07
 10
38.109420584514
 20
0.318155193465
 30
1.054984863913e-07
 10
38.032338600914
 20
0.322786300079
 30
1.054967242453e-07
 10
37.95514160277
 20
0.327487114005
 30
1.054919493981e-07
 10
37.877834686851
 20
0.332258540362
 30
1.054942515566e-07
 10
37.800527770932
 20
0.337029966718
 30
1.054965252933e-07
 10
37.723110937236
 20
0.341872005505
 30
1.054959000157e-07
 10
37.645589458596
 20
0.346785519981
 30
1.054924325672e-07
 10
37.568067979956
 20
0.351699034458
 30
1.054989695604e-07
 10
37.490441856369
 20
0.356684024624
 30
1.054926599409e-07
 10
37.412716156845
 20
0.361741328604
 30
1.054935694356e-07
 10
37.334990457321
 20
0.366798632582
 30
1.05494507352e-07
 10
37.257165181859
 20
0.371928250374
 30
1.054927167843e-07
 10
37.179245371045
 20
0.377130985358
 30
1.054982305959e-07
 10
37.101325560232
 20
0.38233372034
 30
1.054937399658e-07
 10
37.023311214068
 20
0.387609572514
 30
1.054965821368e-07
 10
36.945207272393
 20
0.392959312669
 30
1.054968379322e-07
 10
36.867103330717
 20
0.398309052823
 30
1.054970937275e-07
 10
36.788909793531
 20
0.40373268096
 30
1.054947347257e-07
 10
36.71063153833
 20
0.40923093215
 30
1.054998790551e-07
 10
36.632353283128
 20
0.414729183341
 30
1.054950189427e-07
 10
36.55399030991
 20
0.420302057585
 30
1.0549763374e-07
 10
36.47554742303
 20
0.425950253548
 30
1.054978042703e-07
 10
36.397104536149
 20
0.43159844951
 30
1.054980032222e-07
 10
36.318581735605
 20
0.437321967189
 30
1.054956726421e-07
 10
36.239983763746
 20
0.443121466889
 30
1.054910399034e-07
 10
36.161385791887
 20
0.44892096659
 30
1.054963263414e-07
 10
36.082712648712
 20
0.45479644831
 30
1.054993390426e-07
 10
36.003969016441
 20
0.460748532995
 30
1.054999643202e-07
 10
35.92522538417
 20
0.46670061768
 30
1.054905851561e-07
 10
35.846411262802
 20
0.472729305329
 30
1.054988842952e-07
 10
35.767531279679
 20
0.478835175251
 30
1.054949336776e-07
 10
35.688651296556
 20
0.484941045173
 30
1.0549098306e-07
 10
35.60970545168
 20
0.491124097368
 30
1.054947915691e-07
 10
35.53069832337
 20
0.497384869736
 30
1.054963831848e-07
 10
35.451691195062
 20
0.503645642104
 30
1.054979179571e-07
 10
35.372622783322
 20
0.509984134643
 30
1.054972926795e-07
 10
35.293497618687
 20
0.516400838661
 30
1.054945357737e-07
 10
35.214372454052
 20
0.522817542678
 30
1.054917504462e-07
 10
35.135190536521
 20
0.529312458173
 30
1.054968095104e-07
 10
35.055956362242
 20
0.53588603674
 30
1.054997653682e-07
 10
34.976722187963
 20
0.542459615307
 30
1.054927167843e-07
 10
34.897435756936
 20
0.549111856945
 30
1.054935410139e-07
 10
34.818101516578
 20
0.555843153464
 30
1.054922904586e-07
 10
34.73876727622
 20
0.562574449983
 30
1.054910967468e-07
 10
34.659385226531
 20
0.569384801383
 30
1.054977758486e-07
 10
34.579959814546
 20
0.576274580059
 30
1.054924325672e-07
 10
34.50053440256
 20
0.583164358735
 30
1.054970937275e-07
 10
34.421065628276
 20
0.590133564687
 30
1.054997369465e-07
 10
34.341557844953
 20
0.597182454618
 30
1.055003053807e-07
 10
34.262050061629
 20
0.604231344548
 30
1.054909546383e-07
 10
34.182503269266
 20
0.611359918458
 30
1.054995379945e-07
 10
34.102921986316
 20
0.618568560681
 30
1.054961842328e-07
 10
34.052778005788
 20
0.623110709311
 30
1.054977474269e-07
 10
34.002620300648
 20
0.627684593991
 30
1.054924894106e-07
 10
33.952449981963
 20
0.632290284293
 30
1.054903862041e-07
 10
33.902279663278
 20
0.636895974596
 30
1.05498315861e-07
 10
33.852096731047
 20
0.641533470522
 30
1.054994243077e-07
 10
33.801902264548
 20
0.646202804335
 30
1.054937399658e-07
 10
33.751707798048
 20
0.650872138149
 30
1.054980600657e-07
 10
33.70150179728
 20
0.655573309851
 30
1.054955589552e-07
 10
33.6512853575
 20
0.660306359875
 30
1.05496269498e-07
 10
33.60106891772
 20
0.6650394099
 30
1.05496951619e-07
 10
33.55084203893
 20
0.669804338247
 30
1.054908409515e-07
 10
33.500605807996
 20
0.674601169447
 30
1.054979748005e-07
 10
33.450369577063
 20
0.679398000647
 30
1.054950189427e-07
 10
33.400123993989
 20
0.6842267347
 30
1.054953600033e-07
 10
33.349870147877
 20
0.689087389697
 30
1.054988558735e-07
 10
33.299616301766
 20
0.693948044692
 30
1.054923473021e-07
 10
33.249354192618
 20
0.69884062063
 30
1.054990264038e-07
 10
33.199084910388
 20
0.703765127563
 30
1.054989411386e-07
 10
33.148815628158
 20
0.708689634496
 30
1.054988558735e-07
 10
33.098539172848
 20
0.713646072425
 30
1.054919778198e-07
 10
33.048256630764
 20
0.718634437566
 30
1.054982590176e-07
 10
32.99797408868
 20
0.723622802707
 30
1.054945926171e-07
 10
32.947685459822
 20
0.728643095059
 30
1.054940810263e-07
 10
32.897391842737
 20
0.733695313582
 30
1.054968379322e-07
 10
32.847098225653
 20
0.738747532106
 30
1.054995379945e-07
 10
32.796799620341
 20
0.743831676802
 30
1.054954736901e-07
 10
32.746497101819
 20
0.748947710028
 30
1.054945357737e-07
 10
32.696194583296
 20
0.754063743254
 30
1.054936831224e-07
 10
32.645888151562
 20
0.75921166501
 30
1.054959852809e-07
 10
32.595578941052
 20
0.764391489951
 30
1.054915514942e-07
 10
32.545269730543
 20
0.769571314893
 30
1.054970653058e-07
 10
32.494957741257
 20
0.774783043019
 30
1.054957863289e-07
 10
32.444644022251
 20
0.780026584195
 30
1.054976905834e-07
 10
32.394330303244
 20
0.78527012537
 30
1.054995664163e-07
 10
32.344014854517
 20
0.790545479596
 30
1.054946778822e-07
 10
32.293698800294
 20
0.795852624273
 30
1.05492944158e-07
 10
32.243382746071
 20
0.80115976895
 30
1.054912956988e-07
 10
32.193066086351
 20
0.806498704081
 30
1.05492745206e-07
 10
32.142749921712
 20
0.811869369945
 30
1.054974063663e-07
 10
32.092433757072
 20
0.817240035807
 30
1.054920915067e-07
 10
32.042118087513
 20
0.822642432404
 30
1.054999358985e-07
 10
31.991804026364
 20
0.82807649306
 30
1.0549098306e-07
 10
31.941489965216
 20
0.833510553715
 30
1.054919778198e-07
 10
31.891177512479
 20
0.838976278428
 30
1.054962126545e-07
 10
31.840867773486
 20
0.844473590815
 30
1.054935410139e-07
 10
31.790558034492
 20
0.849970903202
 30
1.054909546383e-07
 10
31.740251009242
 20
0.85549980326
 30
1.054914662291e-07
 10
31.68994783506
 20
0.861060201447
 30
1.05495189473e-07
 10
31.63964466088
 20
0.866620599635
 30
1.054988558735e-07
 10
31.589345337769
 20
0.872212495951
 30
1.054957579072e-07
 10
31.539050950026
 20
0.877835798401
 30
1.054957579072e-07
 10
31.488756562282
 20
0.883459100852
 30
1.054957863289e-07
 10
31.438467109908
 20
0.889113809437
 30
1.054989127169e-07
 10
31.38818381496
 20
0.894799803913
 30
1.054952463164e-07
 10
31.337900520013
 20
0.900485798389
 30
1.054915514942e-07
 10
31.287623382495
 20
0.906203078757
 30
1.054910114817e-07
 10
31.237353337317
 20
0.911951554632
 30
1.054935978573e-07
 10
31.187083292139
 20
0.917700030508
 30
1.054961558111e-07
 10
31.136820339301
 20
0.923479701891
 30
1.05491864133e-07
 10
31.08656607388
 20
0.929290377145
 30
1.054906704212e-07
 10
31.036311808459
 20
0.9351010524
 30
1.054995095728e-07
 10
30.986066230455
 20
0.940942731525
 30
1.054914378074e-07
 10
30.935829620954
 20
0.946815423495
 30
1.054964684499e-07
 10
30.885593011453
 20
0.952688115465
 30
1.054915230725e-07
 10
30.835365370454
 20
0.958591820277
 30
1.054996801031e-07
 10
30.785149827725
 20
0.964526054805
 30
1.054908693732e-07
 10
30.734934284996
 20
0.970460289332
 30
1.054920915067e-07
 10
30.684730840536
 20
0.976425053574
 30
1.054963831848e-07
 10
30.634535722538
 20
0.982420902195
 30
1.054937968092e-07
 10
30.584340604539
 20
0.988416750816
 30
1.054912104337e-07
 10
30.534153813002
 20
0.994443683817
 30
1.054917220245e-07
 10
30.483988157668
 20
1.000499958908
 30
1.05495189473e-07
 10
30.433822502336
 20
1.006556233999
 30
1.054986569216e-07
 10
30.383677983208
 20
1.012641851179
 30
1.054950757862e-07
 10
30.333529492422
 20
1.018760129974
 30
1.054947631474e-07
 10
30.283381001636
 20
1.02487840877
 30
1.054944505086e-07
 10
30.233228539192
 20
1.031029349182
 30
1.054974063663e-07
 10
30.183132316437
 20
1.03720491843
 30
1.054928588928e-07
 10
30.133036093682
 20
1.043380487678
 30
1.05498315861e-07
 10
30.082996110615
 20
1.049580685762
 30
1.054962126545e-07
 10
30.032881351653
 20
1.05582286166
 30
1.054983442828e-07
 10
29.982766592693
 20
1.062065037559
 30
1.054904714692e-07
 10
29.932577057836
 20
1.068349191273
 30
1.054968095104e-07
 10
29.882610181403
 20
1.074635785143
 30
1.054933989053e-07
 10
29.832643304969
 20
1.080922379011
 30
1.054999927419e-07
 10
29.782899086959
 20
1.087211413035
 30
1.054968379322e-07
 10
29.732714558125
 20
1.09359082748
 30
1.05492745206e-07
 10
29.68253002929
 20
1.099970241925
 30
1.054986284998e-07
 10
29.631905189631
 20
1.106440036791
 30
1.054935694356e-07
 10
29.582347434711
 20
1.112800042349
 30
1.054975484749e-07
 10
29.532789679789
 20
1.119160047909
 30
1.054915514942e-07
 10
29.484299009607
 20
1.12541026416
 30
1.054946210388e-07
 10
29.433036769724
 20
1.132060164008
 30
1.054975200532e-07
 10
29.38177452984
 20
1.138710063856
 30
1.054904714692e-07
 10
29.327740720257
 20
1.145759647302
 30
1.054932852185e-07
 10
29.273599720633
 20
1.152863103573
 30
1.054914946508e-07
 10
29.212369602223
 20
1.160896672803
 30
1.054924325672e-07
 10
29.151577692932
 20
1.168915573846
 30
1.054919209764e-07
 10
29.090817028787
 20
1.176973731015
 30
1.05495388425e-07
 10
29.030056364641
 20
1.185031888182
 30
1.054987990301e-07
 10
28.969326945639
 20
1.193129301472
 30
1.054962126545e-07
 10
28.908705719194
 20
1.201255486248
 30
1.054964968716e-07
 10
28.848084492747
 20
1.209381671025
 30
1.054967242453e-07
 10
28.787571458857
 20
1.217536627288
 30
1.054999358985e-07
 10
28.727136813983
 20
1.225724108659
 30
1.054963547631e-07
 10
28.666702169109
 20
1.233911590032
 30
1.054928304711e-07
 10
28.606345913252
 20
1.242131596513
 30
1.054925178323e-07
 10
28.546081569155
 20
1.25038209392
 30
1.054952747381e-07
 10
28.485817225058
 20
1.258632591326
 30
1.054980884874e-07
 10
28.425644792721
 20
1.266913579656
 30
1.054939389178e-07
 10
28.36555864272
 20
1.275225638496
 30
1.054929157362e-07
 10
28.305472492719
 20
1.283537697334
 30
1.054918925547e-07
 10
28.245472625055
 20
1.291880826683
 30
1.054939957612e-07
 10
28.185561917285
 20
1.300254295136
 30
1.054991116689e-07
 10
28.125651209516
 20
1.308627763589
 30
1.054942515566e-07
 10
28.06582966164
 20
1.317031571147
 30
1.054924609889e-07
 10
28.006096375539
 20
1.325465702566
 30
1.054937115441e-07
 10
27.946363089439
 20
1.333899833986
 30
1.054949620993e-07
 10
27.886718065113
 20
1.342364289267
 30
1.054992821992e-07
 10
27.827162061776
 20
1.350858714296
 30
1.054965821368e-07
 10
27.767606058441
 20
1.359353139325
 30
1.054938820744e-07
 10
27.708139076096
 20
1.367877534101
 30
1.054942231349e-07
 10
27.64876119005
 20
1.376431627066
 30
1.054975484749e-07
 10
27.589383304003
 20
1.384985720031
 30
1.054908693732e-07
 10
27.530094514257
 20
1.393569511183
 30
1.05497150571e-07
 10
27.47089506608
 20
1.402182842503
 30
1.054964400282e-07
 10
27.411695617903
 20
1.410796173823
 30
1.054957010638e-07
 10
27.352585511297
 20
1.419439045309
 30
1.054979463788e-07
 10
27.293565104737
 20
1.428111037948
 30
1.054931146882e-07
 10
27.234544698177
 20
1.436783030587
 30
1.05498315861e-07
 10
27.175613991662
 20
1.445484144379
 30
1.054963831848e-07
 10
27.116773174193
 20
1.45421418914
 30
1.05497434788e-07
 10
27.057932356723
 20
1.462944233902
 30
1.054984579696e-07
 10
26.9991814283
 20
1.471703209633
 30
1.054923473021e-07
 10
26.940520657598
 20
1.480490829025
 30
1.054991685123e-07
 10
26.881859886896
 20
1.489278448419
 30
1.054959852809e-07
 10
26.823289273915
 20
1.498094711473
 30
1.054956442204e-07
 10
26.764809032515
 20
1.506939377999
 30
1.054982021742e-07
 10
26.706328791115
 20
1.515784044526
 30
1.054907556863e-07
 10
26.647938921297
 20
1.524657114523
 30
1.054961558111e-07
 10
26.589639747897
 20
1.53355825728
 30
1.054943936651e-07
 10
26.531340574497
 20
1.542459400037
 30
1.054926315192e-07
 10
26.473132097518
 20
1.551388615552
 30
1.054936547007e-07
 10
26.415014413798
 20
1.560345748521
 30
1.054975200532e-07
 10
26.335172954663
 20
1.572650963047
 30
1.054955021118e-07
 10
26.255502543231
 20
1.585008489558
 30
1.054987421867e-07
 10
26.176003258664
 20
1.597418038246
 30
1.054972074144e-07
 10
26.096503974098
 20
1.609827586934
 30
1.054957010638e-07
 10
26.017175816397
 20
1.622289157799
 30
1.054993674643e-07
 10
25.938019605386
 20
1.634801883348
 30
1.054982305959e-07
 10
25.858863394373
 20
1.647314608896
 30
1.054970937275e-07
 10
25.779879130049
 20
1.659878489126
 30
1.054910683251e-07
 10
25.701067342499
 20
1.672492872029
 30
1.054901588304e-07
 10
25.622255554947
 20
1.685107254933
 30
1.054992537775e-07
 10
25.54361624417
 20
1.697772140509
 30
1.054933989053e-07
 10
25.465150059488
 20
1.710486777766
 30
1.054925746757e-07
 10
25.386683874807
 20
1.723201415022
 30
1.054917504462e-07
 10
25.308390816223
 20
1.735965803959
 30
1.054959284374e-07
 10
25.230271469249
 20
1.748779235238
 30
1.054950189427e-07
 10
25.152152122276
 20
1.761592666519
 30
1.05494109448e-07
 10
25.074206486914
 20
1.774455140142
 30
1.054981737525e-07
 10
24.996435172102
 20
1.787365921853
 30
1.054970937275e-07
 10
24.91866385729
 20
1.800276703564
 30
1.054960137026e-07
 10
24.841066863029
 20
1.813235793362
 30
1.054997653682e-07
 10
24.763644769674
 20
1.826242470955
 30
1.05498315861e-07
 10
24.686222676318
 20
1.839249148547
 30
1.054968947756e-07
 10
24.608975483869
 20
1.852303413933
 30
1.054902440956e-07
 10
24.531903808755
 20
1.86540451638
 30
1.054982874393e-07
 10
24.454832133641
 20
1.878505618827
 30
1.054963547631e-07
 10
24.377935975862
 20
1.891653558335
 30
1.054991116689e-07
 10
24.301215556889
 20
1.904847806268
 30
1.054965537151e-07
 10
24.224495137918
 20
1.918042054201
 30
1.054939957612e-07
 10
24.147950457751
 20
1.93128261056
 30
1.054960989677e-07
 10
24.071582897283
 20
1.94456828926
 30
1.054927167843e-07
 10
23.995215336815
 20
1.957853967961
 30
1.054993674643e-07
 10
23.919024896047
 20
1.971184769004
 30
1.054905567344e-07
 10
23.843011458055
 20
1.984560331954
 30
1.054962126545e-07
 10
23.766998020063
 20
1.997935894902
 30
1.054918925547e-07
 10
23.691161584847
 20
2.011356219758
 30
1.054920915067e-07
 10
23.61550301485
 20
2.024820400371
 30
1.054966958236e-07
 10
23.539844444851
 20
2.038284580985
 30
1.054912956988e-07
 10
23.464363740072
 20
2.051792617357
 30
1.055003338024e-07
 10
23.389061323212
 20
2.065343840661
 30
1.054936831224e-07
 10
23.313758906353
 20
2.078895063966
 30
1.054970937275e-07
 10
23.238634777415
 20
2.092489474202
 30
1.054947915691e-07
 10
23.163689536156
 20
2.106126298383
 30
1.054967810887e-07
 10
23.088744294897
 20
2.119763122565
 30
1.054987421867e-07
 10
23.013977941317
 20
2.13344236069
 30
1.054950189427e-07
 10
22.939391009655
 20
2.147163272991
 30
1.054954736901e-07
 10
22.864804077991
 20
2.160884185292
 30
1.054959568592e-07
 10
22.790396568245
 20
2.174646771769
 30
1.054906135778e-07
 10
22.716168984101
 20
2.18845029848
 30
1.054993674643e-07
 10
22.641941399956
 20
2.20225382519
 30
1.054981169091e-07
 10
22.567893741414
 20
2.216098292135
 30
1.054910399034e-07
 10
22.494026630182
 20
2.229982907684
 30
1.054979463788e-07
 10
22.420159518952
 20
2.243867523232
 30
1.054949052559e-07
 10
22.346472955032
 20
2.257792287385
 30
1.054959000157e-07
 10
22.272967244007
 20
2.271756549121
 30
1.054908693732e-07
 10
22.199461532981
 20
2.285720810855
 30
1.054958147506e-07
 10
22.126136674851
 20
2.299724570172
 30
1.054947631474e-07
 10
22.052993677081
 20
2.3137668476
 30
1.054975768966e-07
 10
21.979850679312
 20
2.327809125028
 30
1.055004190675e-07
 10
21.906889541903
 20
2.341889920567
 30
1.054970937275e-07
 10
21.834109663671
 20
2.356008992778
 30
1.0549763374e-07
 10
21.761329785438
 20
2.370128064988
 30
1.054982021742e-07
 10
21.688731166383
 20
2.384285413869
 30
1.054926030974e-07
 10
21.616315681436
 20
2.398479653526
 30
1.054907556863e-07
 10
21.543900196491
 20
2.412673893183
 30
1.054988842952e-07
 10
21.471667845655
 20
2.426905023616
 30
1.054906988429e-07
 10
21.399618467756
 20
2.441172587216
 30
1.054962126545e-07
 10
21.327569089859
 20
2.455440150817
 30
1.054917220245e-07
 10
21.2557026849
 20
2.469744147588
 30
1.054909262166e-07
 10
21.184019818935
 20
2.48408378479
 30
1.054937115441e-07
 10
21.112336952971
 20
2.498423421992
 30
1.054964684499e-07
 10
21.040837626001
 20
2.512798699626
 30
1.054928588928e-07
 10
20.96952230031
 20
2.527208868275
 30
1.054927167843e-07
 10
20.89820697462
 20
2.541619036925
 30
1.054926315192e-07
 10
20.827075650209
 20
2.55606409659
 30
1.054960137026e-07
 10
20.756128808794
 20
2.570543280998
 30
1.054928588928e-07
 10
20.68518196738
 20
2.585022465407
 30
1.054997085248e-07
 10
20.614419608961
 20
2.599535774558
 30
1.054999358985e-07
 10
20.543842217108
 20
2.614082446912
 30
1.054935978573e-07
 10
20.473264825256
 20
2.628629119266
 30
1.054972358361e-07
 10
20.402872399971
 20
2.643209154825
 30
1.054942515566e-07
 10
20.332665371123
 20
2.657821789823
 30
1.054945357737e-07
 10
20.262458342275
 20
2.672434424822
 30
1.054948199908e-07
 10
20.192436709865
 20
2.687079659259
 30
1.054984011262e-07
 10
20.122601016031
 20
2.701756724901
 30
1.05495189473e-07
 10
20.052765322198
 20
2.716433790543
 30
1.054919778198e-07
 10
19.983115566942
 20
2.731142687389
 30
1.054919778198e-07
 10
19.913652013995
 20
2.74588265607
 30
1.054951042079e-07
 10
19.844188461049
 20
2.760622624749
 30
1.054982305959e-07
 10
19.774911110413
 20
2.775393665264
 30
1.05494507352e-07
 10
19.705820840545
 20
2.790194991852
 30
1.054937968092e-07
 10
19.636730570676
 20
2.804996318441
 30
1.054931146882e-07
 10
19.567827381577
 20
2.819827931105
 30
1.054954736901e-07
 10
19.499110513012
 20
2.834689148869
 30
1.054908693732e-07
 10
19.430393644447
 20
2.849550366632
 30
1.054961842328e-07
 10
19.361863096417
 20
2.864441189496
 30
1.054945357737e-07
 10
19.293527818433
 20
2.879359472787
 30
1.054956442204e-07
 10
19.259010235494
 20
2.886895010741
 30
1.054988558735e-07
 10
19.224496689654
 20
2.894447803361
 30
1.054937683875e-07
 10
19.190085631452
 20
2.901995503109
 30
1.054982021742e-07
 10
19.155674573248
 20
2.909543202857
 30
1.054926315192e-07
 10
19.121366002683
 20
2.917085809732
 30
1.054965252933e-07
 10
19.086953717305
 20
2.924669850073
 30
1.054945926171e-07
 10
19.052541431926
 20
2.932253890413
 30
1.054926599409e-07
 10
19.018025431735
 20
2.939879364219
 30
1.054948768342e-07
 10
18.983294009724
 20
2.947572243196
 30
1.054938536527e-07
 10
18.948562587712
 20
2.955265122172
 30
1.054928020494e-07
 10
18.913615743881
 20
2.963025406318
 30
1.05498514813e-07
 10
18.878498792292
 20
2.970843425596
 30
1.054999927419e-07
 10
18.808264889115
 20
2.986479464151
 30
1.054929725797e-07
 10
18.73735055491
 20
3.002346443233
 30
1.054990832472e-07
 10
18.665755864342
 20
3.01844977027
 30
1.054987990301e-07
 10
18.594161173773
 20
3.034553097305
 30
1.054985432347e-07
 10
18.521886126842
 20
3.050892772297
 30
1.054919209764e-07
 10
18.448998189785
 20
3.067458698271
 30
1.054979748005e-07
 10
18.412554221256
 20
3.075741661258
 30
1.054959852809e-07
 10
18.375957030197
 20
3.08408118699
 30
1.054996801031e-07
 10
18.339209948395
 20
3.09247701675
 30
1.054989979821e-07
 10
18.302462866593
 20
3.100872846509
 30
1.054983442828e-07
 10
18.26556589405
 20
3.109324980294
 30
1.054932852185e-07
 10
18.228526374052
 20
3.117832334958
 30
1.054937968092e-07
 10
18.191486854053
 20
3.126339689622
 30
1.054942515566e-07
 10
18.154304786597
 20
3.134902265165
 30
1.05490300939e-07
 10
18.116985345814
 20
3.143519444029
 30
1.054917788679e-07
 10
18.07966590503
 20
3.152136622895
 30
1.054932567968e-07
 10
18.042209090917
 20
3.16080840508
 30
1.055001916939e-07
 10
18.004621462293
 20
3.169533754495
 30
1.054925178323e-07
 10
17.929446205044
 20
3.186984453326
 30
1.05497150571e-07
 10
17.85374768975
 20
3.204649421073
 30
1.054932567968e-07
 10
17.777570385476
 20
3.222522906454
 30
1.054902156739e-07
 10
17.701393081201
 20
3.240396391836
 30
1.05497150571e-07
 10
17.624736987947
 20
3.258478394853
 30
1.054950189427e-07
 10
17.547645897556
 20
3.276763064465
 30
1.054931431099e-07
 10
17.509100352361
 20
3.28590539927
 30
1.054972358361e-07
 10
17.470446057881
 20
3.295098400724
 30
1.054963831848e-07
 10
17.431689393795
 20
3.304340920432
 30
1.05500475911e-07
 10
17.39293272971
 20
3.313583440139
 30
1.054945926171e-07
 10
17.354073696019
 20
3.322875478101
 30
1.054936547007e-07
 10
17.315117139181
 20
3.332216491345
 30
1.0549763374e-07
 10
17.29563886076
 20
3.336886997968
 30
1.054946210388e-07
 10
17.276136201555
 20
3.341569748411
 30
1.054928588928e-07
 10
17.256610011126
 20
3.34626457209
 30
1.054922620369e-07
 10
17.237083820698
 20
3.350959395769
 30
1.05491665181e-07
 10
17.217534099047
 20
3.355666292685
 30
1.054923188804e-07
 10
17.197961686304
 20
3.360385096795
 30
1.054941378698e-07
 10
17.158816860818
 20
3.369822705017
 30
1.054978042703e-07
 10
17.119581270961
 20
3.379307942017
 30
1.054962126545e-07
 10
17.080259773506
 20
3.388840198454
 30
1.054993106209e-07
 10
17.040938276052
 20
3.398372454891
 30
1.054924609889e-07
 10
17.001530870998
 20
3.407951730764
 30
1.05500276959e-07
 10
16.96204292948
 20
3.417577180052
 30
1.054927736277e-07
 10
16.922554987961
 20
3.427202629341
 30
1.054952178947e-07
 10
16.882986509976
 20
3.436874252046
 30
1.054923473021e-07
 10
16.843343734753
 20
3.446590829606
 30
1.054939389178e-07
 10
16.80370095953
 20
3.456307407166
 30
1.054955305335e-07
 10
16.763983887068
 20
3.466068939579
 30
1.054916367593e-07
 10
16.724197168535
 20
3.475874805715
 30
1.054921483501e-07
 10
16.684410450003
 20
3.485680671851
 30
1.05492745206e-07
 10
16.6445540854
 20
3.495530871709
 30
1.054977190051e-07
 10
16.604634532079
 20
3.505424048317
 30
1.054970084624e-07
 10
16.524795425438
 20
3.525210401534
 30
1.054955873769e-07
 10
16.444703563924
 20
3.545168661752
 30
1.054914093856e-07
 10
16.364397713809
 20
3.565292668637
 30
1.05493825231e-07
 10
16.284091863694
 20
3.585416675521
 30
1.05496269498e-07
 10
16.203572024979
 20
3.605706429071
 30
1.054952463164e-07
 10
16.122881278182
 20
3.626153549414
 30
1.055001064287e-07
 10
16.042190531385
 20
3.646600669758
 30
1.054949052559e-07
 10
15.961328876505
 20
3.667205156893
 30
1.054954736901e-07
 10
15.880336926358
 20
3.687959112147
 30
1.054910683251e-07
 10
15.79934497621
 20
3.708713067399
 30
1.054966389802e-07
 10
15.718222730793
 20
3.729616490769
 30
1.054972074144e-07
 10
15.637010470415
 20
3.750661101407
 30
1.054919209764e-07
 10
15.555798210036
 20
3.771705712045
 30
1.054966389802e-07
 10
15.474495934698
 20
3.792891509951
 30
1.054955021118e-07
 10
15.393143411891
 20
3.814209907622
 30
1.054976905834e-07
 10
15.311790889083
 20
3.835528305294
 30
1.054998506334e-07
 10
15.230388118809
 20
3.85697930273
 30
1.054953600033e-07
 10
15.148972605552
 20
3.878554681858
 30
1.054933136402e-07
 10
15.067557092294
 20
3.900130060986
 30
1.054912672771e-07
 10
14.986128836053
 20
3.921829821804
 30
1.05491665181e-07
 10
14.904727944246
 20
3.943644214724
 30
1.054936547007e-07
 10
14.82332705244
 20
3.965458607642
 30
1.054955589552e-07
 10
14.741953525067
 20
3.987387632664
 30
1.054989979821e-07
 10
14.660635711749
 20
4.009425617832
 30
1.054933704836e-07
 10
14.650470985085
 20
4.012180365979
 30
1.054989411386e-07
 10
14.640307128952
 20
4.014936816627
 30
1.054946210388e-07
 10
14.630144260141
 20
4.01769493325
 30
1.054904998909e-07
 10
14.619981391331
 20
4.020453049872
 30
1.054964400282e-07
 10
14.609819509843
 20
4.023212832471
 30
1.054924609889e-07
 10
14.599658799084
 20
4.025974219585
 30
1.054986853433e-07
 10
14.579337377564
 20
4.031496993815
 30
1.054910967468e-07
 10
14.559020638952
 20
4.037026186114
 30
1.054941947132e-07
 10
14.538708920104
 20
4.042561742061
 30
1.054978895354e-07
 10
14.518397201255
 20
4.048097298007
 30
1.054916083376e-07
 10
14.498090502168
 20
4.053639217601
 30
1.054959284374e-07
 10
14.477789083179
 20
4.059187474027
 30
1.054909262166e-07
 10
14.472713728432
 20
4.060574538133
 30
1.054996801031e-07
 10
14.467638703692
 20
4.061961998292
 30
1.054984579696e-07
 10
14.462564022651
 20
4.063349850305
 30
1.054972926795e-07
 10
14.457489341609
 20
4.064737702318
 30
1.054961273894e-07
 10
14.452415004268
 20
4.066125946187
 30
1.054949620993e-07
 10
14.447341063362
 20
4.067514562547
 30
1.054938820744e-07
 10
14.437193181552
 20
4.070291795265
 30
1.054916936027e-07
 10
14.427046885489
 20
4.07307051795
 30
1.054996516814e-07
 10
14.41690213112
 20
4.07585075685
 30
1.054977474269e-07
 10
14.376323113644
 20
4.086971712448
 30
1.054901872521e-07
 10
14.335768763265
 20
4.098116927488
 30
1.054950189427e-07
 10
14.295243681244
 20
4.109285168668
 30
1.054922051935e-07
 10
14.254718599223
 20
4.120453409849
 30
1.054993674643e-07
 10
14.214222785559
 20
4.131644677169
 30
1.054988842952e-07
 10
14.173760188821
 20
4.142857958232
 30
1.055005611761e-07
 10
14.133297592081
 20
4.154071239295
 30
1.054922620369e-07
 10
14.092868212268
 20
4.165306534101
 30
1.054961842328e-07
 10
14.052476235599
 20
4.176562705984
 30
1.054921767718e-07
 10
14.01208425893
 20
4.187818877867
 30
1.054982021742e-07
 10
13.971729685406
 20
4.199095926828
 30
1.054962979197e-07
 10
13.931416837836
 20
4.210392634067
 30
1.054963831848e-07
 10
13.891103990266
 20
4.221689341304
 30
1.054964684499e-07
 10
13.85083286865
 20
4.233005706822
 30
1.05498514813e-07
 10
13.810607315242
 20
4.244340661426
 30
1.054924609889e-07
 10
13.770381761832
 20
4.255675616031
 30
1.054963547631e-07
 10
13.730201776632
 20
4.267029159722
 30
1.054921483501e-07
 10
13.690072690875
 20
4.278399629111
 30
1.054996801031e-07
 10
13.60981451936
 20
4.30114056789
 30
1.054946494605e-07
 10
13.529759945618
 20
4.323949209461
 30
1.054964684499e-07
 10
13.449935562502
 20
4.346818022324
 30
1.054943368217e-07
 10
13.370111179387
 20
4.369686835185
 30
1.054922051935e-07
 10
13.290516986898
 20
4.392615819337
 30
1.054960989677e-07
 10
13.211184667879
 20
4.415594977076
 30
1.054950757862e-07
 10
13.131852348861
 20
4.438574134816
 30
1.054940810263e-07
 10
13.052781903313
 20
4.461603466143
 30
1.054980884874e-07
 10
12.974004196234
 20
4.484672828447
 30
1.054961558111e-07
 10
12.895226489153
 20
4.507742190751
 30
1.054942231349e-07
 10
12.816741520542
 20
4.530851584032
 30
1.054963547631e-07
 10
12.738572220641
 20
4.55399343389
 30
1.054917504462e-07
 10
12.699487570692
 20
4.565564358819
 30
1.054994527294e-07
 10
12.660481837919
 20
4.577143397892
 30
1.054979463788e-07
 10
12.621559843621
 20
4.58872880443
 30
1.054971221492e-07
 10
12.582637849323
 20
4.600314210969
 30
1.054962979197e-07
 10
12.5437995935
 20
4.611905984972
 30
1.054960989677e-07
 10
12.505048180536
 20
4.623503022004
 30
1.054964116065e-07
 10
12.466296767571
 20
4.635100059037
 30
1.054968095104e-07
 10
12.427632197468
 20
4.646702359099
 30
1.054976621617e-07
 10
12.389057962238
 20
4.658308636775
 30
1.054989695604e-07
 10
12.350483727009
 20
4.669914914451
 30
1.055002485373e-07
 10
12.311999826653
 20
4.68152516974
 30
1.054919209764e-07
 10
12.273609426279
 20
4.693138217471
 30
1.054939104961e-07
 10
12.235219025905
 20
4.704751265202
 30
1.05495871594e-07
 10
12.196922125512
 20
4.716367105375
 30
1.054982021742e-07
 10
12.158722093398
 20
4.727984447327
 30
1.054906135778e-07
 10
12.120522061284
 20
4.73960178928
 30
1.054930294231e-07
 10
12.082418897449
 20
4.751220633012
 30
1.054956157986e-07
 10
12.044415434529
 20
4.762839866962
 30
1.054982590176e-07
 10
12.006411971608
 20
4.774459100914
 30
1.054908977949e-07
 10
11.968508209602
 20
4.786078725083
 30
1.054935694356e-07
 10
11.930707911846
 20
4.797697245673
 30
1.054961558111e-07
 10
11.892907614091
 20
4.809315766263
 30
1.05498713765e-07
 10
11.855210780586
 20
4.820933183272
 30
1.054912104337e-07
 10
11.817618625143
 20
4.832548953083
 30
1.054935125921e-07
 10
11.784336553685
 20
4.842832930588
 30
1.054925746757e-07
 10
11.751138441216
 20
4.853114908835
 30
1.054914662291e-07
 10
11.718025224364
 20
4.86339445853
 30
1.055000495853e-07
 10
11.684912007511
 20
4.873674008226
 30
1.05498713765e-07
 10
11.651883686276
 20
4.883951129369
 30
1.054970937275e-07
 10
11.618942734934
 20
4.89422478914
 30
1.054951610513e-07
 10
11.586001783593
 20
4.904498448911
 30
1.054931999533e-07
 10
11.553148202145
 20
4.914768647312
 30
1.054908977949e-07
 10
11.52038375345
 20
4.925034608881
 30
1.054982021742e-07
 10
11.487619304753
 20
4.935300570449
 30
1.054955021118e-07
 10
11.454943988808
 20
4.945562295187
 30
1.054923473021e-07
 10
11.422359785519
 20
4.955818909865
 30
1.05498713765e-07
 10
11.389775582231
 20
4.966075524544
 30
1.054951042079e-07
 10
11.357282491599
 20
4.976327029164
 30
1.0549098306e-07
 10
11.324882426285
 20
4.986572562011
 30
1.054962410763e-07
 10
11.29248236097
 20
4.996818094856
 30
1.054914946508e-07
 10
11.260175320972
 20
5.007057655927
 30
1.054961842328e-07
 10
11.227962988047
 20
5.017290457367
 30
1.055001916939e-07
 10
11.195750655121
 20
5.027523258807
 30
1.054942231349e-07
 10
11.163633029269
 20
5.037749300616
 30
1.054975484749e-07
 10
11.131612302384
 20
5.047967586728
 30
1.055001348504e-07
 10
11.0995915755
 20
5.058185872841
 30
1.054926883626e-07
 10
11.067667747586
 20
5.068396403259
 30
1.054944789303e-07
 10
11.035841267114
 20
5.078598832883
 30
1.054955021118e-07
 10
11.019928026878
 20
5.083700047696
 30
1.054959852809e-07
 10
11.004039123502
 20
5.088799237309
 30
1.054962979197e-07
 10
10.988174897345
 20
5.093896248608
 30
1.054963547631e-07
 10
10.972310671187
 20
5.098993259908
 30
1.054964684499e-07
 10
10.956471122247
 20
5.104088092891
 30
1.054962979197e-07
 10
10.940657180554
 20
5.109180369723
 30
1.054959284374e-07
 10
10.909029297167
 20
5.119364923387
 30
1.054951326296e-07
 10
10.877503842768
 20
5.129539252445
 30
1.054933704836e-07
 10
10.84607708145
 20
5.139704579016
 30
1.054906419995e-07
 10
10.83822039112
 20
5.142245910659
 30
1.054949620993e-07
 10
10.830369869109
 20
5.144786679647
 30
1.054992537775e-07
 10
10.822525770674
 20
5.147326785417
 30
1.054934557487e-07
 10
10.81468167224
 20
5.149866891185
 30
1.054976621617e-07
 10
10.806843997382
 20
5.152406333737
 30
1.054918072896e-07
 10
10.799012700414
 20
5.154945127187
 30
1.05495871594e-07
 10
10.791181403445
 20
5.157483920638
 30
1.054999074768e-07
 10
10.783356484366
 20
5.160022064987
 30
1.054939389178e-07
 10
10.775537950134
 20
5.162559554189
 30
1.054978895354e-07
 10
10.77162868302
 20
5.16382829879
 30
1.054948484125e-07
 10
10.767721012115
 20
5.165096879603
 30
1.054918357113e-07
 10
10.763814976222
 20
5.166365281445
 30
1.054987421867e-07
 10
10.759908940327
 20
5.167633683287
 30
1.054957010638e-07
 10
10.756004539443
 20
5.168901906159
 30
1.054926030974e-07
 10
10.752101800955
 20
5.170169939241
 30
1.054995095728e-07
 10
10.720879893046
 20
5.180314203893
 30
1.054947063039e-07
 10
10.689764378465
 20
5.190446322037
 30
1.054987421867e-07
 10
10.658752742283
 20
5.200567022381
 30
1.054916083376e-07
 10
10.627741106102
 20
5.210687722727
 30
1.054944789303e-07
 10
10.596833348321
 20
5.220797005273
 30
1.054961842328e-07
 10
10.566033179787
 20
5.23089322049
 30
1.054966105585e-07
 10
10.535233011253
 20
5.240989435706
 30
1.054970368841e-07
 10
10.504540431965
 20
5.251072583592
 30
1.054961558111e-07
 10
10.473953230689
 20
5.261143252456
 30
1.054940526046e-07
 10
10.46630643037
 20
5.263660919672
 30
1.054960421243e-07
 10
10.458666216176
 20
5.26617780695
 30
1.054978895354e-07
 10
10.451032777818
 20
5.2686938381
 30
1.054997085248e-07
 10
10.44339933946
 20
5.27120986925
 30
1.054915230725e-07
 10
10.435772676938
 20
5.273725044273
 30
1.054932283751e-07
 10
10.428152878108
 20
5.276239325802
 30
1.054948768342e-07
 10
10.412913280449
 20
5.281267888858
 30
1.054981169091e-07
 10
10.397701137561
 20
5.286292877933
 30
1.054910683251e-07
 10
10.382516641509
 20
5.291314186622
 30
1.054935978573e-07
 10
10.352147649403
 20
5.301356803999
 30
1.054986569216e-07
 10
10.321889244644
 20
5.311384699825
 30
1.054922620369e-07
 10
10.291742695153
 20
5.321397121372
 30
1.054943652434e-07
 10
10.231449596172
 20
5.341421964466
 30
1.054984863913e-07
 10
10.171603918269
 20
5.361384910445
 30
1.054964400282e-07
 10
10.112214552504
 20
5.381280261227
 30
1.054976621617e-07
 10
10.052825186737
 20
5.401175612008
 30
1.054989411386e-07
 10
9.993892133108
 20
5.421003367592
 30
1.054933989053e-07
 10
9.935414442564
 20
5.440761385993
 30
1.054909546383e-07
 10
9.920795019928
 20
5.445700890593
 30
1.054953031598e-07
 10
9.906204057485
 20
5.450636036619
 30
1.054992537775e-07
 10
9.891642388248
 20
5.455566466745
 30
1.054927167843e-07
 10
9.877080719013
 20
5.46049689687
 30
1.054962126545e-07
 10
9.862548342983
 20
5.465422611096
 30
1.05499196934e-07
 10
9.848044797164
 20
5.470343744195
 30
1.054917788679e-07
 10
9.844418910709
 20
5.47157402747
 30
1.054949052559e-07
 10
9.840794826143
 20
5.472804024424
 30
1.054980032222e-07
 10
9.837172552233
 20
5.474033731059
 30
1.054910967468e-07
 10
9.835361415277
 20
5.474648584375
 30
1.054926315192e-07
 10
9.833550730986
 20
5.475263365112
 30
1.054941662915e-07
 10
9.831740507041
 20
5.475878070281
 30
1.054956726421e-07
 10
9.829930283096
 20
5.476492775448
 30
1.054972074144e-07
 10
9.828120519499
 20
5.477107405045
 30
1.05498713765e-07
 10
9.826311221527
 20
5.477721956991
 30
1.055002201156e-07
 10
9.819074029638
 20
5.480180164777
 30
1.05496269498e-07
 10
9.811844287753
 20
5.482637130136
 30
1.054921767718e-07
 10
9.804621977676
 20
5.485092854743
 30
1.054979748005e-07
 10
9.797399667598
 20
5.487548579352
 30
1.054937683875e-07
 10
9.79018478933
 20
5.490003063209
 30
1.054994527294e-07
 10
9.782977227454
 20
5.492456344688
 30
1.054949620993e-07
 10
9.775769665578
 20
5.494909626168
 30
1.054905283127e-07
 10
9.768569420095
 20
5.497361705272
 30
1.054959568592e-07
 10
9.761376916557
 20
5.499812415658
 30
1.054912388554e-07
 10
9.732606902404
 20
5.509615257205
 30
1.054923757238e-07
 10
9.703960759376
 20
5.519396199279
 30
1.054913809639e-07
 10
9.675429334613
 20
5.529158359874
 30
1.054984579696e-07
 10
9.668296478421
 20
5.531598900023
 30
1.054927736277e-07
 10
9.661170792122
 20
5.534038266329
 30
1.054968947756e-07
 10
9.654052639084
 20
5.536476315695
 30
1.054909262166e-07
 10
9.646934486046
 20
5.538914365061
 30
1.054949620993e-07
 10
9.63982386627
 20
5.541351097486
 30
1.054988558735e-07
 10
9.632720930318
 20
5.543786450526
 30
1.054926030974e-07
 10
9.618515058414
 20
5.548657156605
 30
1.055001064287e-07
 10
9.604339921812
 20
5.55352234514
 30
1.054970653058e-07
 10
9.590194347937
 20
5.558382414945
 30
1.054935125921e-07
 10
9.583121561
 20
5.560812449849
 30
1.05496752667e-07
 10
9.576056164745
 20
5.563241205069
 30
1.054998506334e-07
 10
9.568998395302
 20
5.565668585645
 30
1.054928020494e-07
 10
9.561940625861
 20
5.568095966221
 30
1.054957863289e-07
 10
9.554890483231
 20
5.570521972153
 30
1.054985716564e-07
 10
9.547847915535
 20
5.572946617394
 30
1.054912672771e-07
 10
9.540805347838
 20
5.575371262636
 30
1.054939673395e-07
 10
9.533770355075
 20
5.577794547187
 30
1.054965252933e-07
 10
9.526742976399
 20
5.580216450533
 30
1.054989127169e-07
 10
9.519715597722
 20
5.582638353879
 30
1.054913525422e-07
 10
9.512695833133
 20
5.58505887602
 30
1.054935978573e-07
 10
9.505683780195
 20
5.587477974337
 30
1.054957579072e-07
 10
9.491659674318
 20
5.592316170972
 30
1.055000495853e-07
 10
9.477666415049
 20
5.59714867231
 30
1.054936831224e-07
 10
9.463703917242
 20
5.601975464294
 30
1.054968663539e-07
 10
9.449741419435
 20
5.606802256277
 30
1.054999643202e-07
 10
9.435809683091
 20
5.611623338906
 30
1.05492546254e-07
 10
9.421907862102
 20
5.616438985048
 30
1.054945357737e-07
 10
9.420170134478
 20
5.617040940815
 30
1.054947915691e-07
 10
9.418432874282
 20
5.617642811638
 30
1.054950189427e-07
 10
9.416696076255
 20
5.61824459941
 30
1.054952747381e-07
 10
9.415827677241
 20
5.618545493296
 30
1.05495388425e-07
 10
9.414959393769
 20
5.618846366419
 30
1.054955021118e-07
 10
9.414091231855
 20
5.619147216495
 30
1.054956157986e-07
 10
9.413223069942
 20
5.619448066571
 30
1.054957010638e-07
 10
9.412355029586
 20
5.6197488936
 30
1.054958431723e-07
 10
9.411487112058
 20
5.62004969709
 30
1.054959284374e-07
 10
9.409751277001
 20
5.62065130407
 30
1.054961558111e-07
 10
9.408015933257
 20
5.621252816898
 30
1.054963547631e-07
 10
9.406281059826
 20
5.62185424341
 30
1.054965537151e-07
 10
9.40541362311
 20
5.622154956666
 30
1.054966674019e-07
 10
9.404546303974
 20
5.622455648344
 30
1.054967810887e-07
 10
9.403679105852
 20
5.622756317132
 30
1.054968663539e-07
 10
9.402811907731
 20
5.623056985922
 30
1.05496951619e-07
 10
9.401944830627
 20
5.623357631822
 30
1.054970368841e-07
 10
9.401077877656
 20
5.623658253644
 30
1.05497150571e-07
 10
9.397610065775
 20
5.624860740934
 30
1.054974916315e-07
 10
9.394144240043
 20
5.626062842986
 30
1.05497832692e-07
 10
9.390680320491
 20
5.627264589248
 30
1.054980884874e-07
 10
9.38721640094
 20
5.628466335512
 30
1.054983727045e-07
 10
9.383754387571
 20
5.629667725987
 30
1.054986284998e-07
 10
9.380294346888
 20
5.630868734826
 30
1.054988558735e-07
 10
9.373374265523
 20
5.633270752502
 30
1.054993106209e-07
 10
9.366462074906
 20
5.635671243632
 30
1.054995379945e-07
 10
9.359557555957
 20
5.638070284944
 30
1.054996801031e-07
 10
9.352653037007
 20
5.640469326257
 30
1.054998222116e-07
 10
9.345756189724
 20
5.642866917752
 30
1.054998222116e-07
 10
9.338867168856
 20
5.645262995026
 30
1.054996232597e-07
 10
9.331978147988
 20
5.6476590723
 30
1.054994527294e-07
 10
9.325096953536
 20
5.650053635353
 30
1.054991400906e-07
 10
9.318223360454
 20
5.65244676308
 30
1.05498713765e-07
 10
9.314786563912
 20
5.653643326942
 30
1.054984863913e-07
 10
9.311351667714
 20
5.654839531974
 30
1.054982021742e-07
 10
9.307918740541
 20
5.6560353515
 30
1.054978895354e-07
 10
9.30448581337
 20
5.657231171025
 30
1.054975768966e-07
 10
9.301054855224
 20
5.658426605044
 30
1.054972642578e-07
 10
9.29762578165
 20
5.659621684664
 30
1.054968663539e-07
 10
9.29633987906
 20
5.66006983952
 30
1.054917504462e-07
 10
9.295054241488
 20
5.660517944541
 30
1.054965537151e-07
 10
9.293768876619
 20
5.660965996783
 30
1.054914093856e-07
 10
9.293340421663
 20
5.66111534753
 30
1.054963547631e-07
 10
9.292911997007
 20
5.661264692413
 30
1.054913525422e-07
 10
9.292483603551
 20
5.661414031092
 30
1.05496269498e-07
 10
9.29162681664
 20
5.661712708448
 30
1.054961558111e-07
 10
9.290770154339
 20
5.662011361056
 30
1.054960421243e-07
 10
9.289913612005
 20
5.662309990656
 30
1.054959568592e-07
 10
9.28905706967
 20
5.662608620256
 30
1.054958431723e-07
 10
9.288200647302
 20
5.662907226847
 30
1.054957294855e-07
 10
9.287344350574
 20
5.663205808278
 30
1.054956157986e-07
 10
9.285631757119
 20
5.66380297114
 30
1.054953600033e-07
 10
9.283919666227
 20
5.664400033362
 30
1.054951326296e-07
 10
9.282208047806
 20
5.664997006192
 30
1.054948768342e-07
 10
9.281352238595
 20
5.665295492608
 30
1.054947915691e-07
 10
9.280496547504
 20
5.665593956675
 30
1.054946494605e-07
 10
9.279640979196
 20
5.665892396624
 30
1.054945357737e-07
 10
9.278785410888
 20
5.666190836572
 30
1.054943936651e-07
 10
9.277929965364
 20
5.666489252402
 30
1.054942799783e-07
 10
9.277074641943
 20
5.666787644358
 30
1.054941378698e-07
 10
9.27621931852
 20
5.667086036315
 30
1.054940241829e-07
 10
9.275364117199
 20
5.667384404398
 30
1.054938536527e-07
 10
9.274509036394
 20
5.667682749194
 30
1.054937399658e-07
 10
9.27365395559
 20
5.66798109399
 30
1.054935978573e-07
 10
9.272798995301
 20
5.668279415497
 30
1.054934557487e-07
 10
9.271944161693
 20
5.668577711382
 30
1.054933136402e-07
 10
9.270234494475
 20
5.669174303153
 30
1.054930294231e-07
 10
9.268525333979
 20
5.669770792434
 30
1.05492745206e-07
 10
9.266816637308
 20
5.67036719529
 30
1.054924325672e-07
 10
9.26638946314
 20
5.670516296003
 30
1.054973495229e-07
 10
9.265962317961
 20
5.670665391316
 30
1.054922904586e-07
 10
9.265535203641
 20
5.670814480522
 30
1.054971789927e-07
 10
9.265108089321
 20
5.670963569728
 30
1.054921199284e-07
 10
9.26468100586
 20
5.671112652829
 30
1.054970653058e-07
 10
9.264253952544
 20
5.671261730085
 30
1.054919778198e-07
 10
9.263826899227
 20
5.671410807342
 30
1.054968663539e-07
 10
9.263399876056
 20
5.671559878754
 30
1.054918072896e-07
 10
9.262972884081
 20
5.67170894394
 30
1.05496752667e-07
 10
9.262759388094
 20
5.671783476533
 30
1.054941947132e-07
 10
9.262545899907
 20
5.671858007568
 30
1.05491665181e-07
 10
9.262332417835
 20
5.671932537667
 30
1.054991116689e-07
 10
9.262225676798
 20
5.671969802716
 30
1.054928588928e-07
 10
9.262118937291
 20
5.672007067531
 30
1.054965537151e-07
 10
9.262012201956
 20
5.672044331137
 30
1.055003053807e-07
 10
9.261985518123
 20
5.672053647039
 30
1.054912388554e-07
 10
9.261958834551
 20
5.672062962865
 30
1.054921483501e-07
 10
9.261932149858
 20
5.672072279125
 30
1.054930862665e-07
 10
9.261905465165
 20
5.672081595384
 30
1.054940241829e-07
 10
9.261878779354
 20
5.672090912076
 30
1.054949620993e-07
 10
9.261852096971
 20
5.672100227525
 30
1.054959000157e-07
 10
9.261825414589
 20
5.672109542975
 30
1.054968379322e-07
 10
9.261798735637
 20
5.67211885718
 30
1.054977474269e-07
 10
9.261772049602
 20
5.672128174017
 30
1.054986853433e-07
 10
9.261745363566
 20
5.672137490853
 30
1.054996232597e-07
 10
9.26171867045
 20
5.672146810319
 30
1.055005327544e-07
 10
9.261691981904
 20
5.672156128121
 30
1.054914946508e-07
 10
9.260837948477
 20
5.672454297781
 30
1.054913525422e-07
 10
9.259988597533
 20
5.672750763394
 30
1.054910114817e-07
 10
9.259132769443
 20
5.673049636316
 30
1.054909546383e-07
 10
9.258704855398
 20
5.673199072777
 30
1.05495871594e-07
 10
9.258275322068
 20
5.673349111066
 30
1.054908977949e-07
 10
9.257850413346
 20
5.673497450821
 30
1.054957579072e-07
 10
9.257425504623
 20
5.673645790577
 30
1.054906135778e-07
 10
9.25700522051
 20
5.673792431799
 30
1.054952747381e-07
 10
9.256583969844
 20
5.673939434325
 30
1.054899883002e-07
 10
9.202663884536
 20
5.69275575767
 30
1.05493427327e-07
 10
9.13290778331
 20
5.717491679915
 30
1.054994243077e-07
 10
9.088312178088
 20
5.733043919532
 30
1.054961558111e-07
 10
9.066014375476
 20
5.740820039341
 30
1.054944789303e-07
 10
9.050006696866
 20
5.746300238494
 30
1.054930294231e-07
 10
9.00673480932
 20
5.761827142753
 30
1.054972642578e-07
 10
8.963462921774
 20
5.777354047012
 30
1.054915514942e-07
 10
8.892926825293
 20
5.802927656379
 30
1.054915799159e-07
 10
8.838312592694
 20
5.822789666189
 30
1.054998506334e-07
 10
8.769048894612
 20
5.847979368312
 30
1.054914378074e-07
 10
8.702662270728
 20
5.872247518118
 30
1.054908409515e-07
 10
8.6365070192
 20
5.896584117866
 30
1.054971221492e-07
 10
8.570351767673
 20
5.920920717614
 30
1.054933989053e-07
 10
8.504427888499
 20
5.945325767305
 30
1.054965252933e-07
 10
8.439249287118
 20
5.969603454101
 30
1.054969800407e-07
 10
8.374070685737
 20
5.993881140897
 30
1.054974063663e-07
 10
8.309637362146
 20
6.018031464798
 30
1.054951326296e-07
 10
8.245692196641
 20
6.042147911098
 30
1.054995095728e-07
 10
8.213719613889
 20
6.054206134248
 30
1.054966958236e-07
 10
8.181869070658
 20
6.066255887997
 30
1.054930294231e-07
 10
8.150179268019
 20
6.078282280405
 30
1.054970653058e-07
 10
8.134334366699
 20
6.084295476608
 30
1.054990264038e-07
 10
8.118529650527
 20
6.090302832477
 30
1.054904998909e-07
 10
8.102759414583
 20
6.096306444465
 30
1.054915230725e-07
 10
8.086989178637
 20
6.102310056453
 30
1.054925746757e-07
 10
8.071253422917
 20
6.108309924563
 30
1.054932567968e-07
 10
8.055554466509
 20
6.114305136105
 30
1.054934557487e-07
 10
7.992758640878
 20
6.138285982275
 30
1.054943368217e-07
 10
7.930551604238
 20
6.162192323393
 30
1.054977758486e-07
 10
7.868912270157
 20
6.186029026377
 30
1.054942231349e-07
 10
7.807272936077
 20
6.20986572936
 30
1.054907272646e-07
 10
7.746201304555
 20
6.233632794207
 30
1.05500276959e-07
 10
7.685694474782
 20
6.257328373501
 30
1.054926883626e-07
 10
7.625187645009
 20
6.281023952794
 30
1.054951326296e-07
 10
7.565245616983
 20
6.304648046534
 30
1.055004190675e-07
 10
7.505858983789
 20
6.328201209762
 30
1.054986569216e-07
 10
7.446472350596
 20
6.351754372991
 30
1.054968947756e-07
 10
7.387641112234
 20
6.375236605707
 30
1.054980316439e-07
 10
7.329359025979
 20
6.398647295711
 30
1.05492063085e-07
 10
7.271076939724
 20
6.422057985715
 30
1.054961273894e-07
 10
7.213344005578
 20
6.445397133008
 30
1.054929725797e-07
 10
7.156151831662
 20
6.468664915685
 30
1.054928020494e-07
 10
7.098959657746
 20
6.491932698364
 30
1.05492546254e-07
 10
7.04230824406
 20
6.515129116428
 30
1.054952178947e-07
 10
6.986191866003
 20
6.538253370901
 30
1.054906988429e-07
 10
6.930075487944
 20
6.561377625374
 30
1.054961842328e-07
 10
6.874494145515
 20
6.584429716256
 30
1.054944505086e-07
 10
6.81943577822
 20
6.607411161373
 30
1.054956442204e-07
 10
6.791906594573
 20
6.61890188393
 30
1.05496269498e-07
 10
6.764508154709
 20
6.630374945047
 30
1.054951326296e-07
 10
6.737240441945
 20
6.64182998944
 30
1.054921767718e-07
 10
6.709972729181
 20
6.653285033832
 30
1.054992537775e-07
 10
6.682835743516
 20
6.6647220615
 30
1.05494507352e-07
 10
6.655829424979
 20
6.676140733052
 30
1.054978895354e-07
 10
6.601816787903
 20
6.698978076155
 30
1.054947631474e-07
 10
6.548326819336
 20
6.721741994794
 30
1.054943084e-07
 10
6.495347662826
 20
6.744433931814
 30
1.054966674019e-07
 10
6.442368506318
 20
6.767125868833
 30
1.054989979821e-07
 10
6.389900161865
 20
6.789745824234
 30
1.054941662915e-07
 10
6.337936689703
 20
6.812293078332
 30
1.054920915067e-07
 10
6.285973217541
 20
6.834840332431
 30
1.055000495853e-07
 10
6.234514617669
 20
6.857314885228
 30
1.054906988429e-07
 10
6.183552896781
 20
6.879716767588
 30
1.05494109448e-07
 10
6.132591175893
 20
6.902118649946
 30
1.054975484749e-07
 10
6.082126333989
 20
6.924447861867
 30
1.054937115441e-07
 10
6.032151271303
 20
6.946704107617
 30
1.054925746757e-07
 10
5.982176208616
 20
6.968960353368
 30
1.054914946508e-07
 10
5.932690925148
 20
6.991143632946
 30
1.054930862665e-07
 10
5.883687923127
 20
7.013253796079
 30
1.054974063663e-07
 10
5.834684921106
 20
7.035363959212
 30
1.054917220245e-07
 10
5.786164200534
 20
7.0574010059
 30
1.054987421867e-07
 10
5.73811844123
 20
7.079364720947
 30
1.054984295479e-07
 10
5.690072681927
 20
7.101328435995
 30
1.054981453308e-07
 10
5.642501883896
 20
7.1232188194
 30
1.054905283127e-07
 10
5.595398647771
 20
7.1450356849
 30
1.054955589552e-07
 10
5.548295411646
 20
7.166852550399
 30
1.054905851561e-07
 10
5.501659737429
 20
7.188595897994
 30
1.05498315861e-07
 10
5.455484260837
 20
7.210265528583
 30
1.054986284998e-07
 10
5.409308784246
 20
7.231935159173
 30
1.054989979821e-07
 10
5.36359350528
 20
7.253531072759
 30
1.054920062415e-07
 10
5.318331044564
 20
7.275053075749
 30
1.054976053183e-07
 10
5.273068583847
 20
7.296575078738
 30
1.054931999533e-07
 10
5.228258941381
 20
7.318023171131
 30
1.054914662291e-07
 10
5.18389474321
 20
7.339397157342
 30
1.054922904586e-07
 10
5.139530545038
 20
7.360771143553
 30
1.054931431099e-07
 10
5.095611791162
 20
7.382071023583
 30
1.054965537151e-07
 10
5.052131108114
 20
7.403296601656
 30
1.054925746757e-07
 10
5.008650425067
 20
7.424522179727
 30
1.054986000781e-07
 10
4.965607812847
 20
7.445673455843
 30
1.054972074144e-07
 10
4.922995891216
 20
7.466750236691
 30
1.054983727045e-07
 10
4.880383969585
 20
7.487827017538
 30
1.054995379945e-07
 10
4.838202738542
 20
7.508829303119
 30
1.054932567968e-07
 10
4.796444835515
 20
7.529756893652
 30
1.054995095728e-07
 10
4.754686932488
 20
7.550684484186
 30
1.054957579072e-07
 10
4.713352357478
 20
7.571537379671
 30
1.054945926171e-07
 10
4.672433707179
 20
7.592315395206
 30
1.054959000157e-07
 10
4.631515056881
 20
7.61309341074
 30
1.054972358361e-07
 10
4.591012331293
 20
7.633796546324
 30
1.054910683251e-07
 10
4.550918218825
 20
7.654424583522
 30
1.054974632098e-07
 10
4.510824106357
 20
7.675052620719
 30
1.054937968092e-07
 10
4.471138607009
 20
7.695605559529
 30
1.054926315192e-07
 10
4.431854203511
 20
7.71608325668
 30
1.054939389178e-07
 10
4.392569800013
 20
7.736560953831
 30
1.054952747381e-07
 10
4.353686492366
 20
7.756963409323
 30
1.054991116689e-07
 10
4.31519722412
 20
7.777290311442
 30
1.054953600033e-07
 10
4.276707955874
 20
7.797617213562
 30
1.054916367593e-07
 10
4.238612727029
 20
7.817868562308
 30
1.054903862041e-07
 10
4.200903447244
 20
7.838044423844
 30
1.054915514942e-07
 10
4.163194167458
 20
7.858220285381
 30
1.05492745206e-07
 10
4.125870836734
 20
7.878320659706
 30
1.054963547631e-07
 10
4.088927722556
 20
7.898344751186
 30
1.054924041455e-07
 10
4.051984608378
 20
7.918368842666
 30
1.054983727045e-07
 10
4.015421710748
 20
7.9383166513
 30
1.054967810887e-07
 10
3.979226951896
 20
7.958189700633
 30
1.054976905834e-07
 10
3.955734268653
 20
7.971088564111
 30
1.054999358985e-07
 10
3.932398582255
 20
7.983955252076
 30
1.054989411386e-07
 10
3.909217360935
 20
7.996789899737
 30
1.054947915691e-07
 10
3.886036139615
 20
8.009624547398
 30
1.054906135778e-07
 10
3.863009383372
 20
8.022427154754
 30
1.054931999533e-07
 10
3.840135194582
 20
8.035197625233
 30
1.054926030974e-07
 10
3.817261005791
 20
8.047968095712
 30
1.054920062415e-07
 10
3.794539384454
 20
8.060706429314
 30
1.054982021742e-07
 10
3.771968770295
 20
8.07341240616
 30
1.05491182012e-07
 10
3.749398156136
 20
8.086118383007
 30
1.05494109448e-07
 10
3.726978549155
 20
8.098792003099
 30
1.05493825231e-07
 10
3.704707463577
 20
8.111433384829
 30
1.054903577824e-07
 10
3.660165292423
 20
8.136716148287
 30
1.054933420619e-07
 10
3.616217206882
 20
8.161869958295
 30
1.054934841704e-07
 10
3.572849438402
 20
8.186893525959
 30
1.054905567344e-07
 10
3.529481669921
 20
8.211917093624
 30
1.0549763374e-07
 10
3.486694218499
 20
8.236810418945
 30
1.054917220245e-07
 10
3.444468977582
 20
8.261573798538
 30
1.054928304711e-07
 10
3.402243736665
 20
8.28633717813
 30
1.054939104961e-07
 10
3.360580706251
 20
8.310970611992
 30
1.054920062415e-07
 10
3.319461680855
 20
8.335474432863
 30
1.054971221492e-07
 10
3.278342655461
 20
8.359978253734
 30
1.054922620369e-07
 10
3.237767635086
 20
8.384352461614
 30
1.054944505086e-07
 10
3.197722978795
 20
8.40859572086
 30
1.054935125921e-07
 10
3.17770065065
 20
8.420717350483
 30
1.054980600657e-07
 10
3.157810913526
 20
8.432806242949
 30
1.054993106209e-07
 10
3.13805123801
 20
8.444862532577
 30
1.054973211012e-07
 10
3.118291562494
 20
8.456918822206
 30
1.054953315816e-07
 10
3.098661948587
 20
8.468942508998
 30
1.055001064287e-07
 10
3.079160924079
 20
8.480933340864
 30
1.054915799159e-07
 10
3.059659899572
 20
8.492924172732
 30
1.054930010014e-07
 10
3.040287464465
 20
8.504882149673
 30
1.05491182012e-07
 10
3.021041469405
 20
8.516807267094
 30
1.05496070546e-07
 10
3.001795474345
 20
8.528732384518
 30
1.0549098306e-07
 10
2.982675919332
 20
8.540624642419
 30
1.054925746757e-07
 10
2.963681470304
 20
8.552483738217
 30
1.054908693732e-07
 10
2.918684830357
 20
8.580577180829
 30
1.054958431723e-07
 10
2.874368592773
 20
8.608492321792
 30
1.05492944158e-07
 10
2.830688246193
 20
8.636246542859
 30
1.054940241829e-07
 10
2.787007899613
 20
8.664000763924
 30
1.054950473645e-07
 10
2.743963444039
 20
8.691594065092
 30
1.055000211636e-07
 10
2.701514483363
 20
8.719042323914
 30
1.054904714692e-07
 10
2.680290003025
 20
8.732766453325
 30
1.054957010638e-07
 10
2.659214396412
 20
8.746454322149
 30
1.054972642578e-07
 10
2.638284400261
 20
8.760107262198
 30
1.054954168467e-07
 10
2.617354404111
 20
8.773760202246
 30
1.054934841704e-07
 10
2.596570018424
 20
8.787378213518
 30
1.054980884874e-07
 10
2.575926600378
 20
8.800963132052
 30
1.054994243077e-07
 10
2.555283182333
 20
8.814548050586
 30
1.054907272646e-07
 10
2.534780731929
 20
8.828099876382
 30
1.05498713765e-07
 10
2.514414561839
 20
8.841620461738
 30
1.054935694356e-07
 10
2.494048391749
 20
8.855141047096
 30
1.054984863913e-07
 10
2.473818501972
 20
8.868630392014
 30
1.055002201156e-07
 10
2.453721667733
 20
8.882089814226
 30
1.054989695604e-07
 10
2.413527999254
 20
8.909008658651
 30
1.054965252933e-07
 10
2.373866552925
 20
8.935807812253
 30
1.05492063085e-07
 10
2.334696436919
 20
8.962503333558
 30
1.054972642578e-07
 10
2.295526320911
 20
8.989198854864
 30
1.054924894106e-07
 10
2.256847535227
 20
9.015790743873
 30
1.054972926795e-07
 10
2.218619861875
 20
9.04229481275
 30
1.054933704836e-07
 10
2.180392188523
 20
9.068798881627
 30
1.054994527294e-07
 10
2.142615627503
 20
9.095215130373
 30
1.05496752667e-07
 10
2.105260104145
 20
9.121555663692
 30
1.054964968716e-07
 10
2.067904580787
 20
9.147896197012
 30
1.054962126545e-07
 10
2.03097009509
 20
9.174161014903
 30
1.054983727045e-07
 10
1.994417612549
 20
9.200365496822
 30
1.054945357737e-07
 10
1.957865130008
 20
9.22656997874
 30
1.054906419995e-07
 10
1.921694650624
 20
9.252714124685
 30
1.05490784108e-07
 10
1.885866607163
 20
9.278813508747
 30
1.054964684499e-07
 10
1.850038563701
 20
9.304912892809
 30
1.054921199284e-07
 10
1.814552956163
 20
9.330967514988
 30
1.054933420619e-07
 10
1.779380492451
 20
9.356989193735
 30
1.054912672771e-07
 10
1.744208028739
 20
9.383010872483
 30
1.054991685123e-07
 10
1.709348708852
 20
9.408999607799
 30
1.05493825231e-07
 10
1.674760357718
 20
9.43497192679
 30
1.054968379322e-07
 10
1.640172006583
 20
9.460944245781
 30
1.054998506334e-07
 10
1.605854624199
 20
9.486900148447
 30
1.054912388554e-07
 10
1.571774179316
 20
9.512853185248
 30
1.054923757238e-07
 10
1.537693734433
 20
9.538806222048
 30
1.054934841704e-07
 10
1.503850227053
 20
9.564756392984
 30
1.054943652434e-07
 10
1.470206663503
 20
9.590718331203
 30
1.054964400282e-07
 10
1.436563099952
 20
9.616680269422
 30
1.054984863913e-07
 10
1.403119480234
 20
9.642653974924
 30
1.054917504462e-07
 10
1.369838669054
 20
9.668654132542
 30
1.054976621617e-07
 10
1.336557857874
 20
9.694654290161
 30
1.054935694356e-07
 10
1.303439855234
 20
9.720680899896
 30
1.054921483501e-07
 10
1.270450919598
 20
9.746747406084
 30
1.054947915691e-07
 10
1.237461983962
 20
9.772813912271
 30
1.054973779446e-07
 10
1.20460211533
 20
9.798920314912
 30
1.054939957612e-07
 10
1.171827257765
 20
9.825083828179
 30
1.054963547631e-07
 10
1.1458020204
 20
9.845859254639
 30
1.054986569216e-07
 10
1.117503205265
 20
9.868609861781
 30
1.054989411386e-07
 10
1.087157765231
 20
9.893185741585
 30
1.054922336152e-07
 10
1.056812325195
 20
9.917761621389
 30
1.054954736901e-07
 10
1.024420260258
 20
9.944162773855
 30
1.054916936027e-07
 10
0.990206708818
 20
9.972239954121
 30
1.054959568592e-07
 10
0.955993157377
 20
10.000317134388
 30
1.055001632722e-07
 10
0.919958119431
 20
10.030070342455
 30
1.054924325672e-07
 10
0.88233313351
 20
10.061347994177
 30
1.054974916315e-07
 10
0.84470814759
 20
10.092625645899
 30
1.054925746757e-07
 10
0.805493213694
 20
10.125427741276
 30
1.055004474892e-07
 10
0.764914242885
 20
10.159604752973
 30
1.054961842328e-07
 10
0.724335272074
 20
10.193781764669
 30
1.054919209764e-07
 10
0.682392264351
 20
10.229333692686
 30
1.054954736901e-07
 10
0.639311176721
 20
10.266110992862
 30
1.054919209764e-07
 10
0.596230089091
 20
10.302888293037
 30
1.05498315861e-07
 10
0.552010921554
 20
10.340890965371
 30
1.054976053183e-07
 10
0.506885122191
 20
10.379967458681
 30
1.05494507352e-07
 10
0.461759322827
 20
10.419043951991
 30
1.054914378074e-07
 10
0.415726891636
 20
10.459194266278
 30
1.054960421243e-07
 10
0.369013189815
 20
10.500269075083
 30
1.054933420619e-07
 10
0.322299487993
 20
10.541343883888
 30
1.055006464412e-07
 10
0.274904515539
 20
10.583343187212
 30
1.054906704212e-07
 10
0.227054029793
 20
10.626117513774
 30
1.054984011262e-07
 10
0.189263307183
 20
10.659899254642
 30
1.054946778822e-07
 10
0.151501085475
 20
10.693868554382
 30
1.054997937899e-07
 10
0.113686818141
 20
10.728133518069
 30
1.054945641954e-07
 10
0.07587255080665
 20
10.762398481756
 30
1.054993390426e-07
 10
0.03800623784565
 20
10.796959109391
 30
1.054937968092e-07
 10
1.000006477625e-07
 20
10.8319261496
 30
1.054990264038e-07
  0
LINE
  5
32
330
17
100
AcDbEntity
  8
CUT
100
AcDbLine
 10
51.173871860879
 20
0.0002341743962777
 30
1.054992312926e-07
 11
51.179502926249
 21
6.78033113254
 31
1.054927511428e-07
  0
LINE
  5
33
330
17
100
AcDbEntity
  8
CUT
100
AcDbLine
 10
51.179502926249
 20
6.78033113254
 30
1.054927511428e-07
 11
56.179501246393
 21
6.776178991897
 31
1.054928932514e-07
  0
LINE
  5
34
330
17
100
AcDbEntity
  8
CUT
100
AcDbLine
 10
56.179501246393
 20
6.776178991897
 30
1.054928932514e-07
 11
56.173903835771
 21
0.03122376548428
 31
1.04865256642e-07
  0
SPLINE
  5
35
330
17
100
AcDbEntity
  8
CUT
100
AcDbSpline
 70
0
 71
3
 72
43
 73
39
 74
0
 40
0.0
 40
0.0
 40
0.0
 40
0.0
 40
0.10225264306759294
 40
0.20450528613518587
 40
0.2556316076694314
 40
0.3067579292027796
 40
0.4090105722703725
 40
0.5112632153379663
 40
0.5112632153379663
 40
0.5127191515183945
 40
0.5141750876979262
 40
0.517086960057886
 40
0.5229107047778067
 40
0.5345581942167505
 40
0.546205683656591
 40
0.5578531730955347
 40
0.5695006625353751
 40
0.581148151974319
 40
0.6044431308531032
 40
0.6510330886106718
 40
0.6743280674885594
 40
0.6976230463673436
 40
0.7209180252461279
 40
0.7267417699660486
 40
0.7325655146859683
 40
0.7354773870459282
 40
0.7383892594049923
 40
0.7413011317649523
 40
0.7427570679453805
 40
0.7434850360346984
 40
0.7438490200798049
 40
0.7442130041249122
 40
0.7442130041249122
 40
0.7442130041249122
 40
0.7964042465205841
 40
0.9007867313128239
 40
0.9529779737084955
 40
1.0
 40
1.0
 40
1.0
 40
1.0
 10
89.575574673864
 20
2.034574522814
 30
1.054930010014e-07
 10
88.406255949714
 20
1.908167531158
 30
1.054926599409e-07
 10
86.091937497834
 20
1.667963382351
 30
1.043391648636e-07
 10
83.278613777004
 20
1.401918803717
 30
1.038314110247e-07
 10
81.141213565524
 20
1.214483646113
 30
1.036271726207e-07
 10
78.891679627264
 20
1.027122177466
 30
1.032509828747e-07
 10
75.932417473984
 20
0.803041040555
 30
1.027214295846e-07
 10
73.601540673684
 20
0.652732329979
 30
1.015461066345e-07
 10
72.465044301824
 20
0.585508674011
 30
1.013565622543e-07
 10
72.433160649434
 20
0.583625516347
 30
1.013649466586e-07
 10
72.369464686064
 20
0.5798731129
 30
1.013631560909e-07
 10
72.258187573394
 20
0.573343514421
 30
1.013587507259e-07
 10
72.036476458064
 20
0.560436540458
 30
1.013552832774e-07
 10
71.721964969654
 20
0.542417416451
 30
1.013411008444e-07
 10
71.349105334434
 20
0.521512268082
 30
1.013225414681e-07
 10
70.979750987236
 20
0.501245098869
 30
1.0130827377e-07
 10
70.604526736673
 20
0.481084855523
 30
1.012842574255e-07
 10
70.099617925094
 20
0.45455658211
 30
1.012804773382e-07
 10
69.202800082651
 20
0.409027933057
 30
1.011676999951e-07
 10
68.154728605777
 20
0.359651883791
 30
1.009862273804e-07
 10
67.094015556158
 20
0.313693831456
 30
1.009466927826e-07
 10
66.294674546667
 20
0.281065155984
 30
1.008762922083e-07
 10
65.694125682082
 20
0.258056158659
 30
1.007876448966e-07
 10
65.294093862257
 20
0.243351725865
 30
1.007789478535e-07
 10
65.12749457734
 20
0.237330901256
 30
1.007809942166e-07
 10
64.994282909957
 20
0.232578388193
 30
1.00773036138e-07
 10
64.894412162686
 20
0.229046093228
 30
1.007703076539e-07
 10
64.811220882648
 20
0.226129299797
 30
1.007707055578e-07
 10
64.75300861729
 20
0.224101686182
 30
1.007724108604e-07
 10
64.723906699275
 20
0.223091396874
 30
1.00768630773e-07
 10
64.707280350722
 20
0.222515122594
 30
1.007694265809e-07
 10
64.698964655292
 20
0.222227280955
 30
1.007698529065e-07
 10
64.694812351784
 20
0.22208351642
 30
1.007751109228e-07
 10
64.099418455119
 20
0.201469289495
 30
1.009471759517e-07
 10
62.30232903095
 20
0.144489278697
 30
1.02650375311e-07
 10
60.064597143277
 20
0.09081425864928
 30
1.033284320329e-07
 10
57.809503856154
 20
0.05176798112728
 30
1.044328143962e-07
 10
56.699728338262
 20
0.03719522612128
 30
1.05398157757e-07
 10
56.173912861244
 20
0.03122384942328
 30
1.05485213453e-07
  0
LINE
  5
36
330
17
100
AcDbEntity
  8
CUT
100
AcDbLine
 10
89.575574673864
 20
2.034574522814
 30
1.054930637816e-07
 11
89.580845191054
 21
8.380552633601
 31
1.05499771305e-07
  0
LINE
  5
37
330
17
100
AcDbEntity
  8
CUT
100
AcDbLine
 10
89.580845191054
 20
8.380552633601
 30
1.05499771305e-07
 11
94.580843511194
 21
8.376400492959
 31
1.054998849919e-07
  0
LINE
  5
38
330
17
100
AcDbEntity
  8
CUT
100
AcDbLine
 10
94.580843511194
 20
8.376400492959
 30
1.054998849919e-07
 11
94.576049657204
 21
2.604402963015
 31
1.054928932514e-07
  0
SPLINE
  5
39
330
17
100
AcDbEntity
  8
CUT
100
AcDbSpline
 70
0
 71
3
 72
87
 73
83
 74
0
 40
0.0
 40
0.0
 40
0.0
 40
0.0
 40
0.1297803812313304
 40
0.17304050830792234
 40
0.17304050830792234
 40
0.20586410248735101
 40
0.20586410248735101
 40
0.24670733811536155
 40
0.24670733811536155
 40
0.30624109884280937
 40
0.3360079792060146
 40
0.36577485956973854
 40
0.4253086202971863
 40
0.45507550066039204
 40
0.469958940842254
 40
0.4848423810241159
 40
0.4997258212059779
 40
0.5071675412971682
 40
0.5108884013425038
 40
0.5146092613878398
 40
0.5443761417515638
 40
0.6039099024784929
 40
0.6634436632059407
 40
0.6643738782171448
 40
0.6653040932283494
 40
0.665769200734211
 40
0.6662343082400722
 40
0.6671645232512767
 40
0.6708853832966124
 40
0.6746062433419484
 40
0.6764666733648753
 40
0.6773968883760799
 40
0.6783271033878027
 40
0.6820479634331387
 40
0.6857688234784743
 40
0.6932105435696646
 40
0.7006522636603363
 40
0.708093983751008
 40
0.7155357038421982
 40
0.7229774239328699
 40
0.7229774239328699
 40
0.7390230849206358
 40
0.7470459154145188
 40
0.7550687459084013
 40
0.7590801611553428
 40
0.7630915764022843
 40
0.7671029916492258
 40
0.7711144068961673
 40
0.7791372373900503
 40
0.7831486526369917
 40
0.7871600678839328
 40
0.7911714831308743
 40
0.7951828983783343
 40
0.8032057288722173
 40
0.8072171441191588
 40
0.8112285593661003
 40
0.8152399746130418
 40
0.817245682236253
 40
0.8192513898599828
 40
0.8232628051069243
 40
0.8272742203538658
 40
0.8352970508477487
 40
0.8362999046590951
 40
0.83730275847096
 40
0.8393084660946902
 40
0.8433198813416317
 40
0.845325588964843
 40
0.8463284427767078
 40
0.8473312965885732
 40
0.8483341503999196
 40
0.8493370042117845
 40
0.8503398580236493
 40
0.8505905714767455
 40
0.8508412849293228
 40
0.8510919983824186
 40
0.8512173551089663
 40
0.8513427118355148
 40
0.8513427118355148
 40
0.8513427118355148
 40
0.8885070338766361
 40
0.9256713559177574
 40
1.0
 40
1.0
 40
1.0
 40
1.0
 10
153.89141696688
 20
13.356572224504
 30
1.054929157362e-07
 10
151.45023678338
 20
12.792121832094
 30
1.054959852809e-07
 10
147.96730705535
 20
12.004040898372
 30
1.0505453929e-07
 10
144.54558961683
 20
11.258080532052
 30
1.05004261286e-07
 10
143.06454692386
 20
10.938078070549
 30
1.049537274866e-07
 10
142.42195536149
 20
10.800174290084
 30
1.049537843301e-07
 10
140.97040529713
 20
10.490818643467
 30
1.049239699569e-07
 10
140.1594938884
 20
10.319483351708
 30
1.049056379543e-07
 10
138.1523628902
 20
9.899251183863
 30
1.048348678978e-07
 10
136.37548660422
 20
9.531835849181
 30
1.045825683832e-07
 10
134.05985535458
 20
9.062542664196
 30
1.045435737979e-07
 10
131.77508907957
 20
8.605656099273
 30
1.044119812832e-07
 10
129.37208446144
 20
8.134577984161
 30
1.042466237777e-07
 10
127.27816733899
 20
7.733949463415
 30
1.041555037773e-07
 10
126.09105555893
 20
7.509610754271
 30
1.041278210323e-07
 10
125.20975195072
 20
7.344506707114
 30
1.041088069087e-07
 10
124.48393555768
 20
7.209715909247
 30
1.040742745317e-07
 10
123.98227745759
 20
7.117178882255
 30
1.040678796471e-07
 10
123.69683875219
 20
7.064699542699
 30
1.040685901899e-07
 10
122.99041969921
 20
6.935141140416
 30
1.040606321112e-07
 10
121.21345640213
 20
6.61219403863
 30
1.039500148181e-07
 10
118.18628366255
 20
6.076124072213
 30
1.038517893903e-07
 10
115.75755270845
 20
5.664274949513
 30
1.031769158999e-07
 10
114.55017193413
 20
5.464139270817
 30
1.031359317949e-07
 10
114.50449402394
 20
5.456573487656
 30
1.031330043588e-07
 10
114.46797442727
 20
5.450527798427
 30
1.031334022628e-07
 10
114.43147443358
 20
5.444487585916
 30
1.031342833357e-07
 10
114.33117412905
 20
5.427898371329
 30
1.031314695865e-07
 10
114.16746535298
 20
5.40087099634
 30
1.031260694617e-07
 10
113.98635481593
 20
5.371057920415
 30
1.031297358622e-07
 10
113.8600084281
 20
5.350305337571
 30
1.031270073781e-07
 10
113.78794138558
 20
5.338481253036
 30
1.031246483763e-07
 10
113.67995340352
 20
5.320776567688
 30
1.031292811149e-07
 10
113.5185660941
 20
5.294366133837
 30
1.031259557749e-07
 10
113.23267299113
 20
5.247717133364
 30
1.031216640968e-07
 10
112.87956210223
 20
5.190362855868
 30
1.031076237723e-07
 10
112.45656208727
 20
5.122043006601
 30
1.030976193306e-07
 10
112.02630371883
 20
5.052911744382
 30
1.030855401041e-07
 10
111.59201419541
 20
4.983523662918
 30
1.030673786317e-07
 10
111.29934186016
 20
4.9370264415
 30
1.030577152505e-07
 10
110.83568490648
 20
4.863582776512
 30
1.030402074775e-07
 10
110.35617114025
 20
4.788104702451
 30
1.029771965477e-07
 10
109.71071328561
 20
4.687521805466
 30
1.029715690493e-07
 10
109.30528549044
 20
4.624774261179
 30
1.029420673149e-07
 10
108.98004693522
 20
4.57470111373
 30
1.029409304465e-07
 10
108.73574708227
 20
4.537221912244
 30
1.029301586186e-07
 10
108.49115265193
 20
4.499831331521
 30
1.029282259424e-07
 10
108.16473509273
 20
4.450112288549
 30
1.029224847571e-07
 10
107.83803225983
 20
4.400621212868
 30
1.028996621244e-07
 10
107.5113363095
 20
4.351405134575
 30
1.028943756864e-07
 10
107.26639148567
 20
4.314642281278
 30
1.02885422848e-07
 10
107.02159583515
 20
4.278039894685
 30
1.028825522553e-07
 10
106.69549518811
 20
4.229465142385
 30
1.028716667406e-07
 10
106.3699792225
 20
4.181255233498
 30
1.028474798659e-07
 10
106.04532253961
 20
4.133450333702
 30
1.028339511322e-07
 10
105.80232898052
 20
4.097809187587
 30
1.028376743761e-07
 10
105.60030740388
 20
4.068293529017
 30
1.028294320804e-07
 10
105.43900688038
 20
4.04479666668
 30
1.028184613006e-07
 10
105.27792890143
 20
4.021378502873
 30
1.028153917559e-07
 10
105.07702025516
 20
3.992256392713
 30
1.028066947129e-07
 10
104.75658794006
 20
3.945993379355
 30
1.028082579069e-07
 10
104.49759239477
 20
3.908824928098
 30
1.027674159104e-07
 10
104.29926413855
 20
3.880490679263
 30
1.027680127663e-07
 10
104.22001424662
 20
3.86918001751
 30
1.027665632591e-07
 10
104.08154425448
 20
3.849447304857
 30
1.027651705954e-07
 10
103.92380588724
 20
3.827037016779
 30
1.027534892728e-07
 10
103.7862601853
 20
3.807554776715
 30
1.027573262036e-07
 10
103.70780250531
 20
3.796458785343
 30
1.027474638704e-07
 10
103.64903011989
 20
3.788155262258
 30
1.027494533901e-07
 10
103.59032971223
 20
3.779870346191
 30
1.027532903208e-07
 10
103.53170196535
 20
3.771604104647
 30
1.027490270644e-07
 10
103.48778686864
 20
3.765418592427
 30
1.02744763808e-07
 10
103.45853304508
 20
3.761300759254
 30
1.02749169173e-07
 10
103.44391146208
 20
3.759243124066
 30
1.027514997531e-07
 10
103.43172928622
 20
3.757529199008
 30
1.027485154736e-07
 10
103.42198831756
 20
3.75615901725
 30
1.027502491979e-07
 10
103.41711493555
 20
3.755473567892
 30
1.027510450058e-07
 10
103.41468488233
 20
3.75513186568
 30
1.027465543757e-07
 10
102.69425062239
 20
3.65382791996
 30
1.028222982313e-07
 10
101.29001341015
 20
3.459999195653
 30
1.032276770729e-07
 10
98.300088901284
 20
3.061787052236
 30
1.035943455463e-07
 10
96.031581930444
 20
2.778473372515
 30
1.054993106209e-07
 10
94.576049657204
 20
2.604402963016
 30
1.054928304711e-07
  0
CIRCLE
  5
3A
330
17
100
AcDbEntity
  8
CUT
100
AcDbCircle
 10
32.32907587439765
 20
7.024238976196326
 30
0.0
 40
5.1
  0
LINE
  5
3B
330
17
100
AcDbEntity
  8
CUT
100
AcDbLine
 10
64.874751085315
 20
9.156712134694
 30
1.054956217355e-07
 11
77.874751279024
 21
9.156712134694
 31
1.054991460274e-07
  0
ARC
  5
3C
330
17
100
AcDbEntity
  8
CUT
100
AcDbCircle
 10
77.874751279024
 20
6.656712134694
 30
1.054945357737e-07
 40
2.5
100
AcDbArc
 50
-90.0
 51
90.00000000000003
  0
LINE
  5
3D
330
17
100
AcDbEntity
  8
CUT
100
AcDbLine
 10
77.874751279024
 20
4.156712134694
 30
1.054900226587e-07
 11
64.874751085315
 21
4.156712134694
 31
1.054965028085e-07
  0
ARC
  5
3E
330
17
100
AcDbEntity
  8
CUT
100
AcDbCircle
 10
64.874751085315
 20
6.656712134694
 30
1.054910114817e-07
 40
2.5
100
AcDbArc
 50
90.00000000000004
 51
270.00000000000006
  0
TEXT
  5
44
330
17
100
AcDbEntity
  8
LABELS_NONCUT
100
AcDbText
 10
0.0
 20
-6.0
 30
0.0
 40
3.0
  1
A24 PLY 5.000mm QTY 2
100
AcDbText
  0
CIRCLE
  5
47
330
17
100
AcDbEntity
  8
SANDING_GUIDE_NONCUT
100
AcDbCircle
 10
32.328999556891404
 20
6.932401953953436
 30
1.0549939588599955e-07
 40
5.0
  0
LINE
  5
48
330
17
100
AcDbEntity
  8
SANDING_GUIDE_NONCUT
100
AcDbLine
 10
77.87475127902037
 20
9.156712134694448
 30
1.0549914602743228e-07
 11
64.87475108531437
 21
9.156712134694448
 31
1.0549562173546291e-07
  0
ARC
  5
49
330
17
100
AcDbEntity
  8
SANDING_GUIDE_NONCUT
100
AcDbCircle
 10
64.87475108531436
 20
6.656712134693435
 30
1.0549101148171758e-07
 40
2.5
100
AcDbArc
 50
90.00000000000003
 51
270.0
  0
LINE
  5
4A
330
17
100
AcDbEntity
  8
SANDING_GUIDE_NONCUT
100
AcDbLine
 10
64.87475108531437
 20
4.156712134694418
 30
1.0549650280845526e-07
 11
77.87475127902037
 21
4.156712134694418
 31
1.0550002710042463e-07
  0
ARC
  5
4B
330
17
100
AcDbEntity
  8
SANDING_GUIDE_NONCUT
100
AcDbCircle
 10
77.87475127902036
 20
6.656712134693435
 30
1.0549453577368695e-07
 40
2.5
100
AcDbArc
 50
270.00000000000006
 51
450.00000000000006
  0
SPLINE
  5
4C
330
17
100
AcDbEntity
  8
SANDING_GUIDE_NONCUT
100
AcDbSpline
 70
0
 71
3
 72
8
 73
4
 74
0
 40
0.0
 40
0.0
 40
0.0
 40
0.0
 40
1.0
 40
1.0
 40
1.0
 40
1.0
 10
55.917149850130386
 20
13.490315584595471
 30
1.0267595484947378e-07
 10
88.47022926024039
 20
13.41333318130347
 30
1.0267524430673802e-07
 10
121.0233855979304
 20
13.37634920924247
 30
1.054077358730865e-07
 10
153.57650098421038
 20
13.317695764806471
 30
1.054060589922301e-07
  0
SPLINE
  5
4D
330
17
100
AcDbEntity
  8
SANDING_GUIDE_NONCUT
100
AcDbSpline
 70
0
 71
3
 72
87
 73
83
 74
0
 40
0.0
 40
0.0
 40
0.0
 40
0.0
 40
0.880144145317
 40
1.173525527089
 40
1.173525527089
 40
1.396128465771
 40
1.396128465771
 40
1.673118981384
 40
1.673118981384
 40
2.076864836156
 40
2.278737763542
 40
2.480610690928
 40
2.8843565457
 40
3.086229473086
 40
3.187165936779
 40
3.288102400472
 40
3.389038864165
 40
3.439507096011
 40
3.464741211934
 40
3.489975327858
 40
3.691848255243
 40
4.095594110015
 40
4.499339964787
 40
4.505648493768
 40
4.511957022749
 40
4.515111287239
 40
4.51826555173
 40
4.52457408071
 40
4.549808196634
 40
4.575042312557
 40
4.587659370519
 40
4.593967899499
 40
4.60027642848
 40
4.625510544403
 40
4.650744660327
 40
4.701212892173
 40
4.75168112402
 40
4.802149355866
 40
4.852617587713
 40
4.903085819559
 40
4.903085819559
 40
5.011904228337
 40
5.066313432726
 40
5.120722637115
 40
5.147927239309
 40
5.175131841504
 40
5.202336443698
 40
5.229541045893
 40
5.283950250281
 40
5.311154852476
 40
5.33835945467
 40
5.365564056865
 40
5.392768659059
 40
5.447177863448
 40
5.474382465643
 40
5.501587067837
 40
5.528791670031
 40
5.542393971129
 40
5.555996272226
 40
5.58320087442
 40
5.610405476615
 40
5.664814681004
 40
5.671615831552
 40
5.678416982101
 40
5.692019283198
 40
5.719223885393
 40
5.73282618649
 40
5.739627337038
 40
5.746428487587
 40
5.753229638136
 40
5.760030788684
 40
5.766831939233
 40
5.76853222687
 40
5.770232514507
 40
5.771932802144
 40
5.772782945963
 40
5.773633089782
 40
5.773633089782
 40
5.773633089782
 40
6.025673961822
 40
6.277714833862
 40
6.779546951359
 40
6.779546951359
 40
6.779546951359
 40
6.779546951359
 10
153.5765009842204
 20
13.317695764805471
 30
1.0549607054599619e-07
 10
151.14729324481038
 20
12.75645051387447
 30
1.0549169360274391e-07
 10
147.6818387047204
 20
11.972904006801464
 30
1.0504660963306378e-07
 10
144.2771862372804
 20
11.23123206901846
 30
1.0498808933334658e-07
 10
142.8034906805904
 20
10.913065842605459
 30
1.0494241564629192e-07
 10
142.1640924992704
 20
10.775954418639458
 30
1.0494218827261648e-07
 10
140.7197706840904
 20
10.468378780035454
 30
1.0491157809155993e-07
 10
139.91290729146039
 20
10.298031065004455
 30
1.0489273449820757e-07
 10
137.9158191978404
 20
9.880225206235451
 30
1.048161948347115e-07
 10
136.14781914798039
 20
9.514931880406449
 30
1.0456756172061432e-07
 10
133.84366946086038
 20
9.048344486926448
 30
1.0452100696056732e-07
 10
131.5701811580904
 20
8.594090264326445
 30
1.0439444508847373e-07
 10
129.1792311254404
 20
8.125751362113443
 30
1.0422496643514023e-07
 10
127.0958025699104
 20
7.727454974917441
 30
1.0413870654701896e-07
 10
125.91462179045038
 20
7.504421979319439
 30
1.0410246886749519e-07
 10
125.03770674426039
 20
7.340278117979438
 30
1.0408024309072061e-07
 10
124.3154906674504
 20
7.206270442028438
 30
1.040545214436861e-07
 10
123.81631047729039
 20
7.114270358552437
 30
1.0404221484350273e-07
 10
123.53227965134039
 20
7.062095427586437
 30
1.0404360750726482e-07
 10
122.8293329700204
 20
6.9332875671774366
 30
1.040312440636626e-07
 10
121.06112253637039
 20
6.612214769927433
 30
1.0390940019533446e-07
 10
118.0491664962704
 20
6.079290087599432
 30
1.0382800041952578e-07
 10
115.6326232497504
 20
5.6698623569704285
 30
1.0313712550669152e-07
 10
114.43124532531039
 20
5.470900943386431
 30
1.0308446007911698e-07
 10
114.3857944247004
 20
5.463379546255428
 30
1.0308602327313565e-07
 10
114.3494562855004
 20
5.457369323734429
 30
1.0308994546903705e-07
 10
114.3131376198304
 20
5.451364544214428
 30
1.0308443165740755e-07
 10
114.21333547413039
 20
5.43487263935743
 30
1.0309142339792743e-07
 10
114.0504390999404
 20
5.408003770429428
 30
1.0308198739039653e-07
 10
113.87022602762039
 20
5.378365475395427
 30
1.030832663673209e-07
 10
113.7445050195204
 20
5.357734521056429
 30
1.0308278319826059e-07
 10
113.6727944727204
 20
5.345979725227426
 30
1.0308741593689774e-07
 10
113.5653404908204
 20
5.3283787801274265
 30
1.0308244213774742e-07
 10
113.40475025712038
 20
5.302123043715429
 30
1.0308477271792071e-07
 10
113.1202674553704
 20
5.255747219725427
 30
1.0307797992936685e-07
 10
112.76889137029039
 20
5.198728385756427
 30
1.0306777653568133e-07
 10
112.3479682445404
 20
5.130808218066427
 30
1.0304799502591777e-07
 10
111.9198345507904
 20
5.062082504647426
 30
1.0303679687240219e-07
 10
111.4876962193704
 20
4.993102170196424
 30
1.0302971986675402e-07
 10
111.1964787115304
 20
4.946878692391428
 30
1.0301769748366496e-07
 10
110.7351294017304
 20
4.873867726402423
 30
1.0299373798261513e-07
 10
110.2580092466304
 20
4.798835081269425
 30
1.0292569641023874e-07
 10
109.6157830658704
 20
4.698846913637425
 30
1.0291992680322437e-07
 10
109.2123883381604
 20
4.636470798850425
 30
1.0289787155670638e-07
 10
108.8887821340204
 20
4.586694267933423
 30
1.0288664498148137e-07
 10
108.64570898435039
 20
4.549437178255422
 30
1.0288820817550004e-07
 10
108.40234319450039
 20
4.512268273372422
 30
1.0287865848113142e-07
 10
108.07756573975038
 20
4.462844105558425
 30
1.0287266150044161e-07
 10
107.75250488484039
 20
4.413646698996423
 30
1.0284941254212754e-07
 10
107.4274508630904
 20
4.364722774150424
 30
1.0284361451340374e-07
 10
107.1837369758604
 20
4.328178201030424
 30
1.0283662277288386e-07
 10
106.9401712780404
 20
4.291793185583424
 30
1.0282568041475315e-07
 10
106.6157086332004
 20
4.243506954179422
 30
1.0282388984705904e-07
 10
106.2918268176704
 20
4.195583459139421
 30
1.0278856166223704e-07
 10
105.9687986263904
 20
4.1480626019404205
 30
1.0278367312821501e-07
 10
105.72702315078038
 20
4.112633236210421
 30
1.0277875617248355e-07
 10
105.52601352934039
 20
4.083292964462421
 30
1.0277818773829495e-07
 10
105.36552048501039
 20
4.059935723992423
 30
1.0277128126290336e-07
 10
105.20524852036039
 20
4.03665671321442
 30
1.0277227602273342e-07
 10
105.00534450348039
 20
4.007707645300421
 30
1.0276102102579898e-07
 10
104.68651287228039
 20
3.9617195086984225
 30
1.0275030604134372e-07
 10
104.42880896044039
 20
3.9247718686654203
 30
1.0271170935993723e-07
 10
104.2314683524404
 20
3.89660592255942
 30
1.0270929351463565e-07
 10
104.1526129841304
 20
3.88536244259042
 30
1.027145799525897e-07
 10
104.0148319783604
 20
3.86574692926842
 30
1.0271500627823116e-07
 10
103.85787764836039
 20
3.843469726683418
 30
1.0270676398249634e-07
 10
103.7210148514504
 20
3.8241031668754193
 30
1.027022449306969e-07
 10
103.6429464827304
 20
3.813073055353419
 30
1.026990616992407e-07
 10
103.5844656144904
 20
3.804818829845418
 30
1.0269599215462222e-07
 10
103.52605625047039
 20
3.7965830981494175
 30
1.0269479844282614e-07
 10
103.46771906922038
 20
3.788365927324419
 30
1.0269548056385247e-07
 10
103.4240215302004
 20
3.78221713183442
 30
1.0269488370795443e-07
 10
103.39491259441039
 20
3.778123740929418
 30
1.0269175731991709e-07
 10
103.3803634202404
 20
3.776078319020419
 30
1.0269533845530532e-07
 10
103.36824156879038
 20
3.7743745671094207
 30
1.0269337735735462e-07
 10
103.35854882822039
 20
3.7730125178364187
 30
1.0269593531120336e-07
 10
103.3536995794104
 20
3.7723311371994175
 30
1.0269712902299943e-07
 10
103.3512815489604
 20
3.7719914626014184
 30
1.0269283734487544e-07
 10
102.6344116627204
 20
3.6712886401944207
 30
1.0277921091983444e-07
 10
101.23706043128038
 20
3.4786085174114163
 30
1.0318041177015402e-07
 10
98.26874059898037
 20
3.083664540760415
 30
1.0355677204643143e-07
 10
96.01841950619038
 20
2.8028500478684144
 30
1.054840197411977e-07
 10
94.57607130426038
 20
2.6304692092254136
 30
1.0549817375249404e-07
  0
LINE
  5
4E
330
17
100
AcDbEntity
  8
SANDING_GUIDE_NONCUT
100
AcDbLine
 10
94.57607130539039
 20
2.6304692023034146
 30
1.0547825607100094e-07
 11
94.58084351120038
 21
8.376400492960444
 31
1.0549988499187747e-07
  0
LINE
  5
4F
330
17
100
AcDbEntity
  8
SANDING_GUIDE_NONCUT
100
AcDbLine
 10
94.58084351120038
 20
8.376400492960444
 30
1.0549988499187747e-07
 11
89.58084519105037
 21
8.380552633601443
 31
1.0549977130503975e-07
  0
LINE
  5
50
330
17
100
AcDbEntity
  8
SANDING_GUIDE_NONCUT
100
AcDbLine
 10
89.58084519105037
 20
8.380552633601443
 30
1.0549977130503975e-07
 11
89.57559675492038
 21
2.0611612659924123
 31
1.0549061951460316e-07
  0
SPLINE
  5
51
330
17
100
AcDbEntity
  8
SANDING_GUIDE_NONCUT
100
AcDbSpline
 70
0
 71
3
 72
43
 73
39
 74
0
 40
0.0
 40
0.0
 40
0.0
 40
0.0
 40
0.10157636341631376
 40
0.20332019466113357
 40
0.254192110283438
 40
0.30506402590574205
 40
0.40680785715056206
 40
0.508551688395382
 40
0.508551688395382
 40
0.5100003797987473
 40
0.5114490712023237
 40
0.5143464540090542
 40
0.5201412196229379
 40
0.5317307508504941
 40
0.5433202820782614
 40
0.5549098133058173
 40
0.5664993445333736
 40
0.578088875761141
 40
0.6012679382164645
 40
0.6476260631269002
 40
0.6708051255822234
 40
0.693984188037547
 40
0.717163250492659
 40
0.7229580161065428
 40
0.7287527817204265
 40
0.731650164527157
 40
0.734547547334099
 40
0.7374449301410406
 40
0.7388936215446175
 40
0.7396179672461943
 40
0.7399801400971943
 40
0.7403423129479827
 40
0.7403423129479827
 40
0.7403423129479827
 40
0.7922738503584283
 40
0.8961369251793198
 40
0.9480684625895539
 40
1.0
 40
1.0
 40
1.0
 40
1.0
 10
89.57559675495037
 20
2.0611612657124105
 30
1.0549055673436669e-07
 10
88.4141234711704
 20
1.9357522980734085
 30
1.0549098306000815e-07
 10
86.11336878771039
 20
1.6972338395554072
 30
1.04307758874711e-07
 10
83.31588028703038
 20
1.432992470317405
 30
1.038022219290724e-07
 10
81.18893023432037
 20
1.2467052214334036
 30
1.0359403290749469e-07
 10
78.95058659864037
 20
1.060499602797405
 30
1.0320476917513588e-07
 10
76.00628344836036
 20
0.8378116407524026
 30
1.0266620620313915e-07
 10
73.68713273212038
 20
0.688441279118404
 30
1.0147604712074099e-07
 10
72.55628289826038
 20
0.6216376226624014
 30
1.0127914151780715e-07
 10
72.52455761327036
 20
0.6197662304574045
 30
1.0127871519216569e-07
 10
72.46117791300037
 20
0.6160372717664018
 30
1.012792836263543e-07
 10
72.35045300003037
 20
0.6095484715114026
 30
1.0127899940926e-07
 10
72.1298407135904
 20
0.596722148282403
 30
1.0127368454959651e-07
 10
71.81688432469537
 20
0.5788156395464021
 30
1.0126100846719055e-07
 10
71.4458607332424
 20
0.5580411562974028
 30
1.0124568916580756e-07
 10
71.0783192936724
 20
0.5379007056224001
 30
1.0122428761860647e-07
 10
70.70494673738438
 20
0.5178667547564029
 30
1.0120311344508082e-07
 10
70.20253729807737
 20
0.4915049091924022
 30
1.0119620696968923e-07
 10
69.3101806682314
 20
0.44626253529440163
 30
1.0109252457368711e-07
 10
68.2673601986474
 20
0.3971981995244036
 30
1.0090275281982031e-07
 10
67.21198092151238
 20
0.3515312562634012
 30
1.0086290558319888e-07
 10
66.41666491135538
 20
0.31910971860440007
 30
1.0078360901388805e-07
 10
65.81914126442337
 20
0.29624711365840106
 30
1.0069993550132494e-07
 10
65.42112384962337
 20
0.2816363656424006
 30
1.0069078371088835e-07
 10
65.25536333250838
 20
0.27565392299540115
 30
1.0068674782814924e-07
 10
65.12282221028238
 20
0.2709317197734027
 30
1.0068188771583664e-07
 10
65.02345410989437
 20
0.26742195917040057
 30
1.0068148981190461e-07
 10
64.94068146602538
 20
0.2645237790303998
 30
1.0068379197036847e-07
 10
64.88276209830337
 20
0.2625091073634014
 30
1.006868046715681e-07
 10
64.85380659989437
 20
0.2615052673114011
 30
1.0068367828353075e-07
 10
64.83726389760636
 20
0.2609326719194005
 30
1.006848435736174e-07
 10
64.82899004149937
 20
0.26064666792140123
 30
1.0068546885122487e-07
 10
64.82485862161138
 20
0.26050382120240023
 30
1.0068077926916885e-07
 10
64.23245920256338
 20
0.2400211989004024
 30
1.0085631174661103e-07
 10
62.444426465607364
 20
0.1834061700383991
 30
1.025968856538384e-07
 10
60.21774503413238
 20
0.13008068073940038
 30
1.0329094379812886e-07
 10
57.91691588597939
 20
0.09031557105640253
 30
1.044393798110832e-07
 10
56.754560716101366
 20
0.07533630786440249
 30
1.0549956641625613e-07
 10
56.173930683975385
 20
0.06898393436440031
 30
1.0549382523095119e-07
  0
LINE
  5
52
330
17
100
AcDbEntity
  8
SANDING_GUIDE_NONCUT
100
AcDbLine
 10
56.173930683974376
 20
0.06898393436440209
 30
1.0549391643289709e-07
 11
56.17950124639238
 21
6.776178991898437
 31
1.054928932513576e-07
  0
LINE
  5
53
330
17
100
AcDbEntity
  8
SANDING_GUIDE_NONCUT
100
AcDbLine
 10
56.17950124639238
 20
6.776178991898437
 30
1.054928932513576e-07
 11
51.179502926248375
 21
6.7803311325394375
 31
1.0549275114281044e-07
  0
LINE
  5
54
330
17
100
AcDbEntity
  8
SANDING_GUIDE_NONCUT
100
AcDbLine
 10
51.179502926248375
 20
6.7803311325394375
 30
1.0549275114281044e-07
 11
51.17390363604437
 21
0.040041772450402746
 31
1.059132787555427e-07
  0
SPLINE
  5
55
330
17
100
AcDbEntity
  8
SANDING_GUIDE_NONCUT
100
AcDbSpline
 70
0
 71
3
 72
1022
 73
1018
 74
0
 40
0.0
 40
0.0
 40
0.0
 40
0.0
 40
0.0011675254475977006
 40
0.0011675254475977006
 40
0.0011675254475977006
 40
0.006137470873367038
 40
0.006137470873367038
 40
0.006137470873367038
 40
0.011051747351398205
 40
0.011051747351398205
 40
0.011051747351398205
 40
0.015904460673980034
 40
0.015904460673980034
 40
0.015904460673980034
 40
0.020756407334737284
 40
0.020756407334737284
 40
0.020756407334737284
 40
0.025612837840948994
 40
0.025612837840948994
 40
0.025612837840948994
 40
0.03047414036594257
 40
0.03047414036594257
 40
0.03047414036594257
 40
0.035338800723659296
 40
0.035338800723659296
 40
0.035338800723659296
 40
0.04004274407472737
 40
0.04004274407472737
 40
0.04004274407472737
 40
0.04474861872685082
 40
0.04474861872685082
 40
0.04474861872685082
 40
0.049455749938763206
 40
0.049455749938763206
 40
0.049455749938763206
 40
0.05416346818024739
 40
0.05416346818024739
 40
0.05416346818024739
 40
0.058871112845797796
 40
0.058871112845797796
 40
0.058871112845797796
 40
0.06357803553073797
 40
0.06357803553073797
 40
0.06357803553073797
 40
0.06828359831907786
 40
0.06828359831907786
 40
0.06828359831907786
 40
0.07298717448615155
 40
0.07298717448615155
 40
0.07298717448615155
 40
0.07768814809517124
 40
0.07768814809517124
 40
0.07768814809517124
 40
0.08238591407149033
 40
0.08238591407149033
 40
0.08238591407149033
 40
0.08707987804586623
 40
0.08707987804586623
 40
0.08707987804586623
 40
0.09176945628234044
 40
0.09176945628234044
 40
0.09176945628234044
 40
0.09645407555149246
 40
0.09645407555149246
 40
0.09645407555149246
 40
0.10113317301154812
 40
0.10113317301154812
 40
0.10113317301154812
 40
0.10580619606949404
 40
0.10580619606949404
 40
0.10580619606949404
 40
0.11047260223219657
 40
0.11047260223219657
 40
0.11047260223219657
 40
0.11513185895162824
 40
0.11513185895162824
 40
0.11513185895162824
 40
0.11978344344653045
 40
0.11978344344653045
 40
0.11978344344653045
 40
0.12442684254085665
 40
0.12442684254085665
 40
0.12442684254085665
 40
0.129061552448305
 40
0.129061552448305
 40
0.129061552448305
 40
0.13368707822141765
 40
0.13368707822141765
 40
0.13368707822141765
 40
0.13830293329029789
 40
0.13830293329029789
 40
0.13830293329029789
 40
0.1429086442366523
 40
0.1429086442366523
 40
0.1429086442366523
 40
0.1475037403425938
 40
0.1475037403425938
 40
0.1475037403425938
 40
0.152087762260432
 40
0.152087762260432
 40
0.152087762260432
 40
0.1566602578336218
 40
0.1566602578336218
 40
0.1566602578336218
 40
0.16122078313822338
 40
0.16122078313822338
 40
0.16122078313822338
 40
0.1657689015867547
 40
0.1657689015867547
 40
0.1657689015867547
 40
0.1703041840811781
 40
0.1703041840811781
 40
0.1703041840811781
 40
0.17482620826081532
 40
0.17482620826081532
 40
0.17482620826081532
 40
0.17933455910537183
 40
0.17933455910537183
 40
0.17933455910537183
 40
0.18382882677525597
 40
0.18382882677525597
 40
0.18382882677525597
 40
0.1883086104923296
 40
0.1883086104923296
 40
0.1883086104923296
 40
0.19277350893933737
 40
0.19277350893933737
 40
0.19277350893933737
 40
0.19722314080634257
 40
0.19722314080634257
 40
0.19722314080634257
 40
0.20165709784522007
 40
0.20165709784522007
 40
0.20165709784522007
 40
0.20607504883716413
 40
0.20607504883716413
 40
0.20607504883716413
 40
0.21047651012297505
 40
0.21047651012297505
 40
0.21047651012297505
 40
0.21486125084908667
 40
0.21486125084908667
 40
0.21486125084908667
 40
0.21923372489335527
 40
0.21923372489335527
 40
0.21923372489335527
 40
0.2236191098822233
 40
0.2236191098822233
 40
0.2236191098822233
 40
0.22801913275008134
 40
0.22801913275008134
 40
0.22801913275008134
 40
0.23243336910527812
 40
0.23243336910527812
 40
0.23243336910527812
 40
0.23686083329692956
 40
0.23686083329692956
 40
0.23686083329692956
 40
0.2413008298161522
 40
0.2413008298161522
 40
0.2413008298161522
 40
0.24575251747923307
 40
0.24575251747923307
 40
0.24575251747923307
 40
0.2502151530123954
 40
0.2502151530123954
 40
0.2502151530123954
 40
0.2546879706446076
 40
0.2546879706446076
 40
0.2546879706446076
 40
0.25917023109156007
 40
0.25917023109156007
 40
0.25917023109156007
 40
0.2636611994593573
 40
0.2636611994593573
 40
0.2636611994593573
 40
0.2681601546542543
 40
0.2681601546542543
 40
0.2681601546542543
 40
0.27266638471875876
 40
0.27266638471875876
 40
0.27266638471875876
 40
0.27717918842202555
 40
0.27717918842202555
 40
0.27717918842202555
 40
0.281697874038453
 40
0.281697874038453
 40
0.281697874038453
 40
0.2862217593567876
 40
0.2862217593567876
 40
0.2862217593567876
 40
0.29075017112494017
 40
0.29075017112494017
 40
0.29075017112494017
 40
0.295282444717054
 40
0.295282444717054
 40
0.295282444717054
 40
0.299817923704889
 40
0.299817923704889
 40
0.299817923704889
 40
0.3043559594090336
 40
0.3043559594090336
 40
0.3043559594090336
 40
0.3088959105470496
 40
0.3088959105470496
 40
0.3088959105470496
 40
0.31343714259492284
 40
0.31343714259492284
 40
0.31343714259492284
 40
0.317979027774745
 40
0.317979027774745
 40
0.317979027774745
 40
0.32252094363212236
 40
0.32252094363212236
 40
0.32252094363212236
 40
0.32706227424026413
 40
0.32706227424026413
 40
0.32706227424026413
 40
0.3299231769592486
 40
0.3299231769592486
 40
0.3299231769592486
 40
0.33278344959443823
 40
0.33278344959443823
 40
0.33278344959443823
 40
0.3356429411956878
 40
0.3356429411956878
 40
0.3356429411956878
 40
0.3385015008917562
 40
0.3385015008917562
 40
0.3385015008917562
 40
0.3413589785658091
 40
0.3413589785658091
 40
0.3413589785658091
 40
0.3442152245744359
 40
0.3442152245744359
 40
0.3442152245744359
 40
0.34707008974247244
 40
0.34707008974247244
 40
0.34707008974247244
 40
0.3499234254258385
 40
0.3499234254258385
 40
0.3499234254258385
 40
0.3527750831268369
 40
0.3527750831268369
 40
0.3527750831268369
 40
0.3556249152342788
 40
0.3556249152342788
 40
0.3556249152342788
 40
0.35847277251873144
 40
0.35847277251873144
 40
0.35847277251873144
 40
0.3613185096977426
 40
0.3613185096977426
 40
0.3613185096977426
 40
0.36416197883576057
 40
0.36416197883576057
 40
0.36416197883576057
 40
0.36700303264292505
 40
0.36700303264292505
 40
0.36700303264292505
 40
0.3698415240243144
 40
0.3698415240243144
 40
0.3698415240243144
 40
0.37267730624471634
 40
0.37267730624471634
 40
0.37267730624471634
 40
0.3755102319230488
 40
0.3755102319230488
 40
0.3755102319230488
 40
0.3783401550967149
 40
0.3783401550967149
 40
0.3783401550967149
 40
0.38116692647826433
 40
0.38116692647826433
 40
0.38116692647826433
 40
0.38399040399941886
 40
0.38399040399941886
 40
0.38399040399941886
 40
0.3868104268275863
 40
0.3868104268275863
 40
0.3868104268275863
 40
0.38962686757097287
 40
0.38962686757097287
 40
0.38962686757097287
 40
0.3924395395514925
 40
0.3924395395514925
 40
0.3924395395514925
 40
0.39524841010560346
 40
0.39524841010560346
 40
0.39524841010560346
 40
0.3980530458209025
 40
0.3980530458209025
 40
0.3980530458209025
 40
0.400853941318699
 40
0.400853941318699
 40
0.400853941318699
 40
0.4036495050660359
 40
0.4036495050660359
 40
0.4036495050660359
 40
0.4064428150488107
 40
0.4064428150488107
 40
0.4064428150488107
 40
0.4092265103801919
 40
0.4092265103801919
 40
0.4092265103801919
 40
0.4120162850478549
 40
0.4120162850478549
 40
0.4120162850478549
 40
0.4147838165910655
 40
0.4147838165910655
 40
0.4147838165910655
 40
0.4177358564754453
 40
0.4177358564754453
 40
0.4177358564754453
 40
0.42111630189161053
 40
0.42111630189161053
 40
0.42111630189161053
 40
0.4244802587421788
 40
0.4244802587421788
 40
0.4244802587421788
 40
0.4278301153914319
 40
0.4278301153914319
 40
0.4278301153914319
 40
0.4311664059206679
 40
0.4311664059206679
 40
0.4311664059206679
 40
0.43448879249457756
 40
0.43448879249457756
 40
0.43448879249457756
 40
0.43779739440927
 40
0.43779739440927
 40
0.43779739440927
 40
0.4410921270676129
 40
0.4410921270676129
 40
0.4410921270676129
 40
0.444372998986766
 40
0.444372998986766
 40
0.444372998986766
 40
0.44763997937117506
 40
0.44763997937117506
 40
0.44763997937117506
 40
0.4508930550895868
 40
0.4508930550895868
 40
0.4508930550895868
 40
0.45413221282937627
 40
0.45413221282937627
 40
0.45413221282937627
 40
0.4573574304147953
 40
0.4573574304147953
 40
0.4573574304147953
 40
0.4605686968210752
 40
0.4605686968210752
 40
0.4605686968210752
 40
0.4637660000628546
 40
0.4637660000628546
 40
0.4637660000628546
 40
0.46694932966537156
 40
0.46694932966537156
 40
0.46694932966537156
 40
0.47011867290599496
 40
0.47011867290599496
 40
0.47011867290599496
 40
0.47444990431245815
 40
0.47444990431245815
 40
0.47444990431245815
 40
0.47875480657164765
 40
0.47875480657164765
 40
0.47875480657164765
 40
0.48303335989760454
 40
0.48303335989760454
 40
0.48303335989760454
 40
0.4872855534710314
 40
0.4872855534710314
 40
0.4872855534710314
 40
0.49151137700639286
 40
0.49151137700639286
 40
0.49151137700639286
 40
0.4957108253178096
 40
0.4957108253178096
 40
0.4957108253178096
 40
0.49988389598514527
 40
0.49988389598514527
 40
0.49988389598514527
 40
0.5040305903727946
 40
0.5040305903727946
 40
0.5040305903727946
 40
0.5081509177589296
 40
0.5081509177589296
 40
0.5081509177589296
 40
0.5122467057098828
 40
0.5122467057098828
 40
0.5122467057098828
 40
0.5163198636135583
 40
0.5163198636135583
 40
0.5163198636135583
 40
0.520370626913516
 40
0.520370626913516
 40
0.520370626913516
 40
0.5243991856478635
 40
0.5243991856478635
 40
0.5243991856478635
 40
0.5284057335742601
 40
0.5284057335742601
 40
0.5284057335742601
 40
0.5323904531417568
 40
0.5323904531417568
 40
0.5323904531417568
 40
0.5363535217441985
 40
0.5363535217441985
 40
0.5363535217441985
 40
0.5402951110190151
 40
0.5402951110190151
 40
0.5402951110190151
 40
0.544215383434359
 40
0.544215383434359
 40
0.544215383434359
 40
0.5481145030616318
 40
0.5481145030616318
 40
0.5481145030616318
 40
0.5519926110893866
 40
0.5519926110893866
 40
0.5519926110893866
 40
0.5558499028919205
 40
0.5558499028919205
 40
0.5558499028919205
 40
0.5596864514624923
 40
0.5596864514624923
 40
0.5596864514624923
 40
0.563502415507216
 40
0.563502415507216
 40
0.563502415507216
 40
0.5672979336425915
 40
0.5672979336425915
 40
0.5672979336425915
 40
0.5710731326341794
 40
0.5710731326341794
 40
0.5710731326341794
 40
0.574828134122892
 40
0.574828134122892
 40
0.574828134122892
 40
0.578563054869381
 40
0.578563054869381
 40
0.578563054869381
 40
0.5822780081007598
 40
0.5822780081007598
 40
0.5822780081007598
 40
0.585973099941897
 40
0.585973099941897
 40
0.585973099941897
 40
0.5896484380993094
 40
0.5896484380993094
 40
0.5896484380993094
 40
0.5933041163101307
 40
0.5933041163101307
 40
0.5933041163101307
 40
0.596940156112272
 40
0.596940156112272
 40
0.596940156112272
 40
0.5987698484343025
 40
0.5987698484343025
 40
0.5987698484343025
 40
0.6005941837332358
 40
0.6005941837332358
 40
0.6005941837332358
 40
0.6024279971978258
 40
0.6024279971978258
 40
0.6024279971978258
 40
0.6042820564805483
 40
0.6042820564805483
 40
0.6042820564805483
 40
0.6080465213697106
 40
0.6080465213697106
 40
0.6080465213697106
 40
0.6118829659601006
 40
0.6118829659601006
 40
0.6118829659601006
 40
0.6138265543175789
 40
0.6138265543175789
 40
0.6138265543175789
 40
0.6157863094969225
 40
0.6157863094969225
 40
0.6157863094969225
 40
0.6177615925421094
 40
0.6177615925421094
 40
0.6177615925421094
 40
0.6197518231221882
 40
0.6197518231221882
 40
0.6197518231221882
 40
0.6237746852774171
 40
0.6237746852774171
 40
0.6237746852774171
 40
0.6278503422689838
 40
0.6278503422689838
 40
0.6278503422689838
 40
0.629906583598439
 40
0.629906583598439
 40
0.629906583598439
 40
0.6319743126403308
 40
0.6319743126403308
 40
0.6319743126403308
 40
0.6330123213310145
 40
0.6330123213310145
 40
0.6330123213310145
 40
0.634052989799905
 40
0.634052989799905
 40
0.634052989799905
 40
0.6361419986499917
 40
0.6361419986499917
 40
0.6361419986499917
 40
0.638240818472259
 40
0.638240818472259
 40
0.638240818472259
 40
0.6403489091917459
 40
0.6403489091917459
 40
0.6403489091917459
 40
0.6424656865605111
 40
0.6424656865605111
 40
0.6424656865605111
 40
0.6445906336642122
 40
0.6445906336642122
 40
0.6445906336642122
 40
0.6488627576231034
 40
0.6488627576231034
 40
0.6488627576231034
 40
0.6531611836950386
 40
0.6531611836950386
 40
0.6531611836950386
 40
0.6574817390221922
 40
0.6574817390221922
 40
0.6574817390221922
 40
0.6618203492655912
 40
0.6618203492655912
 40
0.6618203492655912
 40
0.6661730073971909
 40
0.6661730073971909
 40
0.6661730073971909
 40
0.6705357778305466
 40
0.6705357778305466
 40
0.6705357778305466
 40
0.6749048370188421
 40
0.6749048370188421
 40
0.6749048370188421
 40
0.6792764098560139
 40
0.6792764098560139
 40
0.6792764098560139
 40
0.6798228796441291
 40
0.6798228796441291
 40
0.6798228796441291
 40
0.6803693288079757
 40
0.6803693288079757
 40
0.6803693288079757
 40
0.6814621114596783
 40
0.6814621114596783
 40
0.6814621114596783
 40
0.6825547079420641
 40
0.6825547079420641
 40
0.6825547079420641
 40
0.6828278248497816
 40
0.6828278248497816
 40
0.6828278248497816
 40
0.6831009264297895
 40
0.6831009264297895
 40
0.6831009264297895
 40
0.6836470713583612
 40
0.6836470713583612
 40
0.6836470713583612
 40
0.6858308108223938
 40
0.6858308108223938
 40
0.6858308108223938
 40
0.6880128813121363
 40
0.6880128813121363
 40
0.6880128813121363
 40
0.6901928703702435
 40
0.6901928703702435
 40
0.6901928703702435
 40
0.6923703559987804
 40
0.6923703559987804
 40
0.6923703559987804
 40
0.6945449090233051
 40
0.6945449090233051
 40
0.6945449090233051
 40
0.6967161040817555
 40
0.6967161040817555
 40
0.6967161040817555
 40
0.7010465748505826
 40
0.7010465748505826
 40
0.7010465748505826
 40
0.7053587187445879
 40
0.7053587187445879
 40
0.7053587187445879
 40
0.7096493661265171
 40
0.7096493661265171
 40
0.7096493661265171
 40
0.71391543128021
 40
0.71391543128021
 40
0.71391543128021
 40
0.716038416261774
 40
0.716038416261774
 40
0.716038416261774
 40
0.7181541440098258
 40
0.7181541440098258
 40
0.7181541440098258
 40
0.7202622485707011
 40
0.7202622485707011
 40
0.7202622485707011
 40
0.722362371157067
 40
0.722362371157067
 40
0.722362371157067
 40
0.7244541643387554
 40
0.7244541643387554
 40
0.7244541643387554
 40
0.726537279626465
 40
0.726537279626465
 40
0.726537279626465
 40
0.7286113853060088
 40
0.7286113853060088
 40
0.7286113853060088
 40
0.7306761358089585
 40
0.7306761358089585
 40
0.7306761358089585
 40
0.7324960969103123
 40
0.7324960969103123
 40
0.7324960969103123
 40
0.7343082461181084
 40
0.7343082461181084
 40
0.7343082461181084
 40
0.7361123519600461
 40
0.7361123519600461
 40
0.7361123519600461
 40
0.7379082020717808
 40
0.7379082020717808
 40
0.7379082020717808
 40
0.7396976642365407
 40
0.7396976642365407
 40
0.7396976642365407
 40
0.7414828836642428
 40
0.7414828836642428
 40
0.7414828836642428
 40
0.7432636147061236
 40
0.7432636147061236
 40
0.7432636147061236
 40
0.7450396044098097
 40
0.7450396044098097
 40
0.7450396044098097
 40
0.7459257720309295
 40
0.7459257720309295
 40
0.7459257720309295
 40
0.7468106645635868
 40
0.7468106645635868
 40
0.7468106645635868
 40
0.7485764193913246
 40
0.7485764193913246
 40
0.7485764193913246
 40
0.7490170351088598
 40
0.7490170351088598
 40
0.7490170351088598
 40
0.7494573055307385
 40
0.7494573055307385
 40
0.7494573055307385
 40
0.7498972282337895
 40
0.7498972282337895
 40
0.7498972282337895
 40
0.7501170583091102
 40
0.7501170583091102
 40
0.7501170583091102
 40
0.7503367969462225
 40
0.7503367969462225
 40
0.7503367969462225
 40
0.7520913311946441
 40
0.7520913311946441
 40
0.7520913311946441
 40
0.7538398974985777
 40
0.7538398974985777
 40
0.7538398974985777
 40
0.7555822380236046
 40
0.7555822380236046
 40
0.7555822380236046
 40
0.7560168504284199
 40
0.7560168504284199
 40
0.7560168504284199
 40
0.7564510574488582
 40
0.7564510574488582
 40
0.7564510574488582
 40
0.7573182143715491
 40
0.7573182143715491
 40
0.7573182143715491
 40
0.7590473860620386
 40
0.7590473860620386
 40
0.7590473860620386
 40
0.7624844072241485
 40
0.7624844072241485
 40
0.7624844072241485
 40
0.7658918086711323
 40
0.7658918086711323
 40
0.7658918086711323
 40
0.766738923561109
 40
0.766738923561109
 40
0.766738923561109
 40
0.7675840599713819
 40
0.7675840599713819
 40
0.7675840599713819
 40
0.7677950358140848
 40
0.7677950358140848
 40
0.7677950358140848
 40
0.7680058869857511
 40
0.7680058869857511
 40
0.7680058869857511
 40
0.768427201409784
 40
0.768427201409784
 40
0.768427201409784
 40
0.7688479987182876
 40
0.7688479987182876
 40
0.7688479987182876
 40
0.7692682786224236
 40
0.7692682786224236
 40
0.7692682786224236
 40
0.7709440142478702
 40
0.7709440142478702
 40
0.7709440142478702
 40
0.7713616585615973
 40
0.7713616585615973
 40
0.7713616585615973
 40
0.77177876641709
 40
0.77177876641709
 40
0.77177876641709
 40
0.7726113300642149
 40
0.7726113300642149
 40
0.7726113300642149
 40
0.7730268043316797
 40
0.7730268043316797
 40
0.7730268043316797
 40
0.7734417268539022
 40
0.7734417268539022
 40
0.7734417268539022
 40
0.773856094848538
 40
0.773856094848538
 40
0.773856094848538
 40
0.774269902857828
 40
0.774269902857828
 40
0.774269902857828
 40
0.7750958072563391
 40
0.7750958072563391
 40
0.7750958072563391
 40
0.7759194374598873
 40
0.7759194374598873
 40
0.7759194374598873
 40
0.7761249973548734
 40
0.7761249973548734
 40
0.7761249973548734
 40
0.7763304136431336
 40
0.7763304136431336
 40
0.7763304136431336
 40
0.7765356829223382
 40
0.7765356829223382
 40
0.7765356829223382
 40
0.7767408068667857
 40
0.7767408068667857
 40
0.7767408068667857
 40
0.777150609918455
 40
0.777150609918455
 40
0.777150609918455
 40
0.7775598279699183
 40
0.7775598279699183
 40
0.7775598279699183
 40
0.7779684560159537
 40
0.7779684560159537
 40
0.7779684560159537
 40
0.7781725519561464
 40
0.7781725519561464
 40
0.7781725519561464
 40
0.778376499498432
 40
0.778376499498432
 40
0.778376499498432
 40
0.7785803011107894
 40
0.7785803011107894
 40
0.7785803011107894
 40
0.7787839527159212
 40
0.7787839527159212
 40
0.7787839527159212
 40
0.7789874544889511
 40
0.7789874544889511
 40
0.7789874544889511
 40
0.7791905345155749
 40
0.7791905345155749
 40
0.7791905345155749
 40
0.7825423268380882
 40
0.7825423268380882
 40
0.7825423268380882
 40
0.7841751164720054
 40
0.7841751164720054
 40
0.7841751164720054
 40
0.7875671303119895
 40
0.7875671303119895
 40
0.7875671303119895
 40
0.791662938848652
 40
0.791662938848652
 40
0.791662938848652
 40
0.7957007128799172
 40
0.7957007128799172
 40
0.7957007128799172
 40
0.799696591299593
 40
0.799696591299593
 40
0.799696591299593
 40
0.8016810287967849
 40
0.8016810287967849
 40
0.8016810287967849
 40
0.8026694014878313
 40
0.8026694014878313
 40
0.8026694014878313
 40
0.8036553870306448
 40
0.8036553870306448
 40
0.8036553870306448
 40
0.8075745589106521
 40
0.8075745589106521
 40
0.8075745589106521
 40
0.811454614942992
 40
0.811454614942992
 40
0.811454614942992
 40
0.8152954709891389
 40
0.8152954709891389
 40
0.8152954709891389
 40
0.8190971510972913
 40
0.8190971510972913
 40
0.8190971510972913
 40
0.8228596046395219
 40
0.8228596046395219
 40
0.8228596046395219
 40
0.8265828503271255
 40
0.8265828503271255
 40
0.8265828503271255
 40
0.8302668708283764
 40
0.8302668708283764
 40
0.8302668708283764
 40
0.8320942825619065
 40
0.8320942825619065
 40
0.8320942825619065
 40
0.8339118956858211
 40
0.8339118956858211
 40
0.8339118956858211
 40
0.837517532810392
 40
0.837517532810392
 40
0.837517532810392
 40
0.8410840266348036
 40
0.8410840266348036
 40
0.8410840266348036
 40
0.8446114118974853
 40
0.8446114118974853
 40
0.8446114118974853
 40
0.8480997671595984
 40
0.8480997671595984
 40
0.8480997671595984
 40
0.851549159100661
 40
0.851549159100661
 40
0.851549159100661
 40
0.8549596793784556
 40
0.8549596793784556
 40
0.8549596793784556
 40
0.858331428073312
 40
0.858331428073312
 40
0.858331428073312
 40
0.8616645215538609
 40
0.8616645215538609
 40
0.8616645215538609
 40
0.8649590893403383
 40
0.8649590893403383
 40
0.8649590893403383
 40
0.8682152758374346
 40
0.8682152758374346
 40
0.8682152758374346
 40
0.8714332399246031
 40
0.8714332399246031
 40
0.8714332399246031
 40
0.8746131552836339
 40
0.8746131552836339
 40
0.8746131552836339
 40
0.8777552107737179
 40
0.8777552107737179
 40
0.8777552107737179
 40
0.880859609797714
 40
0.880859609797714
 40
0.880859609797714
 40
0.8839265722026285
 40
0.8839265722026285
 40
0.8839265722026285
 40
0.8869563302149904
 40
0.8869563302149904
 40
0.8869563302149904
 40
0.8899452500763474
 40
0.8899452500763474
 40
0.8899452500763474
 40
0.8928815600585619
 40
0.8928815600585619
 40
0.8928815600585619
 40
0.8957645134450043
 40
0.8957645134450043
 40
0.8957645134450043
 40
0.898594230691957
 40
0.898594230691957
 40
0.898594230691957
 40
0.9004025954289384
 40
0.9004025954289384
 40
0.9004025954289384
 40
0.9021887197574041
 40
0.9021887197574041
 40
0.9021887197574041
 40
0.903952691431536
 40
0.903952691431536
 40
0.903952691431536
 40
0.9056945869197568
 40
0.9056945869197568
 40
0.9056945869197568
 40
0.9091127156861076
 40
0.9091127156861076
 40
0.9091127156861076
 40
0.9124441387785227
 40
0.9124441387785227
 40
0.9124441387785227
 40
0.9156903566082585
 40
0.9156903566082585
 40
0.9156903566082585
 40
0.9188530305032451
 40
0.9188530305032451
 40
0.9188530305032451
 40
0.9204034901806883
 40
0.9204034901806883
 40
0.9204034901806883
 40
0.9219336681149765
 40
0.9219336681149765
 40
0.9219336681149765
 40
0.9234437506228802
 40
0.9234437506228802
 40
0.9234437506228802
 40
0.9249339501210492
 40
0.9249339501210492
 40
0.9249339501210492
 40
0.9283879229600916
 40
0.9283879229600916
 40
0.9283879229600916
 40
0.9317404915783831
 40
0.9317404915783831
 40
0.9317404915783831
 40
0.9333805917973524
 40
0.9333805917973524
 40
0.9333805917973524
 40
0.9349973805711079
 40
0.9349973805711079
 40
0.9349973805711079
 40
0.9365915241387517
 40
0.9365915241387517
 40
0.9365915241387517
 40
0.9381636933300944
 40
0.9381636933300944
 40
0.9381636933300944
 40
0.9412445871790657
 40
0.9412445871790657
 40
0.9412445871790657
 40
0.9442458429533077
 40
0.9442458429533077
 40
0.9442458429533077
 40
0.9471732282359987
 40
0.9471732282359987
 40
0.9471732282359987
 40
0.9500317646029294
 40
0.9500317646029294
 40
0.9500317646029294
 40
0.9528269831063794
 40
0.9528269831063794
 40
0.9528269831063794
 40
0.9555643479052478
 40
0.9555643479052478
 40
0.9555643479052478
 40
0.9582486476124193
 40
0.9582486476124193
 40
0.9582486476124193
 40
0.9608852673959446
 40
0.9608852673959446
 40
0.9608852673959446
 40
0.963479127299061
 40
0.963479127299061
 40
0.963479127299061
 40
0.9660351080131971
 40
0.9660351080131971
 40
0.9660351080131971
 40
0.9685579661749807
 40
0.9685579661749807
 40
0.9685579661749807
 40
0.9710522641790674
 40
0.9710522641790674
 40
0.9710522641790674
 40
0.9731878722364482
 40
0.9731878722364482
 40
0.9731878722364482
 40
0.975627535639355
 40
0.975627535639355
 40
0.975627535639355
 40
0.9783323941131037
 40
0.9783323941131037
 40
0.9783323941131037
 40
0.9812634588581777
 40
0.9812634588581777
 40
0.9812634588581777
 40
0.9843825983394248
 40
0.9843825983394248
 40
0.9843825983394248
 40
0.9876525234376793
 40
0.9876525234376793
 40
0.9876525234376793
 40
0.9910367738029932
 40
0.9910367738029932
 40
0.9910367738029932
 40
0.9945005950448484
 40
0.9945005950448484
 40
0.9945005950448484
 40
0.9972522065845935
 40
0.9972522065845935
 40
0.9972522065845935
 40
1.0
 40
1.0
 40
1.0
 40
1.0
 10
51.1739010636544
 20
0.04004177143340115
 30
1.0549319995334372e-07
 10
51.15385657010836
 20
0.04003046804340116
 30
1.0549038620411011e-07
 10
51.133813938609364
 20
0.0400206639213998
 30
1.0549777584856201e-07
 10
51.11377315186638
 20
0.04001237395339885
 30
1.0549524631642271e-07
 10
51.02846313434139
 20
0.039977085055397765
 30
1.0549462103881524e-07
 10
50.94318654475637
 20
0.03996919356039896
 30
1.0549669582360366e-07
 10
50.857942049569374
 20
0.03998976934339993
 30
1.0549163675932505e-07
 10
50.77365238807437
 20
0.0400101146544003
 30
1.0549666740189423e-07
 10
50.68939410608837
 20
0.04005827707840126
 30
1.0549445050855866e-07
 10
50.60516591405238
 20
0.040134953822398955
 30
1.0549513262958499e-07
 10
50.52199288309737
 20
0.04021067000540057
 30
1.0549581475061132e-07
 10
50.43884919326837
 20
0.040314448112400925
 30
1.0549931062087126e-07
 10
50.355733601503374
 20
0.04044642448739921
 30
1.054956157986453e-07
 10
50.272631140859374
 20
0.04057838001140013
 30
1.0549192097641935e-07
 10
50.18955676880938
 20
0.04073828712740024
 30
1.0549106832513644e-07
 10
50.10650924302138
 20
0.040927251324401226
 30
1.05493086266506e-07
 10
50.02338497024837
 20
0.04111639014939783
 30
1.0549513262958499e-07
 10
49.940287593625385
 20
0.04133469103539866
 30
1.0550010642873531e-07
 10
49.85721586590438
 20
0.04158272625240045
 30
1.0549808848736575e-07
 10
49.77406079980838
 20
0.041831010301400795
 30
1.0549604212428676e-07
 10
49.69093143395736
 20
0.04210906643239909
 30
1.0549700846240739e-07
 10
49.60782651768636
 20
0.04241781554040003
 30
1.0549109674684587e-07
 10
49.52466419860838
 20
0.04272677791039925
 30
1.0549516105129442e-07
 10
49.44152636299236
 20
0.0430664873563984
 30
1.0549229045864195e-07
 10
49.35841175645737
 20
0.04343768077239929
 30
1.0549260309744568e-07
 10
49.27804306223237
 20
0.04379661082339936
 30
1.0549192097641935e-07
 10
49.19769608757139
 20
0.044184984129397975
 30
1.0549419471317378e-07
 10
49.11736969827939
 20
0.044603564580398825
 30
1.0549948115112784e-07
 10
49.03701032933236
 20
0.045022316888399416
 30
1.0549481999078125e-07
 10
48.95667156266637
 20
0.045471300792399916
 30
1.0549317153163429e-07
 10
48.87635226212038
 20
0.04595125613439777
 30
1.0549464946052467e-07
 10
48.79601151476237
 20
0.0464313396354008
 30
1.0549609896770562e-07
 10
48.715690243916384
 20
0.046942411135400874
 30
1.0549069884291384e-07
 10
48.635387312208366
 20
0.04748523640740032
 30
1.0549845796958834e-07
 10
48.55507436586737
 20
0.048028129375399686
 30
1.0549621265454334e-07
 10
48.47477976323739
 20
0.04860278396239792
 30
1.054972074143734e-07
 10
48.39450236611236
 20
0.049209968856398945
 30
1.0549143780735903e-07
 10
48.31422622362638
 20
0.04981714426239847
 30
1.0549564422035473e-07
 10
48.23396728610538
 20
0.05045684892539981
 30
1.0549314310992486e-07
 10
48.15372441506938
 20
0.05112986411339904
 30
1.0549396733949834e-07
 10
48.07349385035536
 20
0.051802776086400826
 30
1.0549481999078125e-07
 10
47.99327934719838
 20
0.05250898831739903
 30
1.0549899798206752e-07
 10
47.91307976731838
 20
0.05324928984340005
 30
1.0549658213676594e-07
 10
47.832903358230396
 20
0.05398937748540078
 30
1.0549416629146435e-07
 10
47.75274186379437
 20
0.05476353468640127
 30
1.0549518947300385e-07
 10
47.67259414643536
 20
0.055572559792398835
 30
1.0549968010309385e-07
 10
47.59248026629939
 20
0.05638124334040029
 30
1.0549410944804549e-07
 10
47.512380151607374
 20
0.05722476531639842
 30
1.054920630849665e-07
 10
47.432292665967395
 20
0.058103932101399636
 30
1.0549359785727574e-07
 10
47.35224949391238
 20
0.058982612428398085
 30
1.0549510420787556e-07
 10
47.27221893693638
 20
0.05989689808840026
 30
1.0550013485044474e-07
 10
47.192199860313394
 20
0.06084760343239992
 30
1.0549885587352037e-07
 10
47.1122353833984
 20
0.061797660077399286
 30
1.0549752005317714e-07
 10
47.032282371174375
 20
0.06278408668239877
 30
1.0549985063335043e-07
 10
46.95233969105237
 20
0.06380770494540045
 30
1.0549587159403018e-07
 10
46.87246171024438
 20
0.06483049477239788
 30
1.0549183571129106e-07
 10
46.79259404481738
 20
0.0658904160433984
 30
1.0549152307248733e-07
 10
46.7127355647944
 20
0.06698829740640022
 30
1.0549501894274727e-07
 10
46.63295169939636
 20
0.06808515298039808
 30
1.0549842954787891e-07
 10
46.5531770022414
 20
0.06921989770739856
 30
1.0549564422035473e-07
 10
46.47341034641039
 20
0.07039336666240104
 30
1.0549672424531309e-07
 10
46.39372803936436
 20
0.07156559474039881
 30
1.0549769058343372e-07
 10
46.31405375664036
 20
0.0727764651553997
 30
1.0549254625402682e-07
 10
46.23438637483537
 20
0.07402681893039897
 30
1.0549135254223074e-07
 10
46.154812897794386
 20
0.07527569890039842
 30
1.0550004958531645e-07
 10
46.075246305407376
 20
0.0765639691713993
 30
1.0549265994086454e-07
 10
45.99568547822338
 20
0.07789247616940109
 30
1.0549931062087126e-07
 10
45.916227936869376
 20
0.0792192585003999
 30
1.0549581475061132e-07
 10
45.83677614575339
 20
0.08058617312040006
 30
1.054963547630905e-07
 10
45.7573289898084
 20
0.08199407137940007
 30
1.0549098306000815e-07
 10
45.67799432924238
 20
0.08339997608540095
 30
1.0549541684667929e-07
 10
45.59866429072437
 20
0.08484674841440132
 30
1.0549399576120777e-07
 10
45.51933776399238
 20
0.08633524399340153
 30
1.0549669582360366e-07
 10
45.44013277415138
 20
0.08782145903540162
 30
1.0549922535574296e-07
 10
45.36093128533736
 20
0.08934926954240119
 30
1.0549595685915847e-07
 10
45.28173219250738
 20
0.09091953509040174
 30
1.0549686635386024e-07
 10
45.20266351387636
 20
0.09248721493839973
 30
1.0549754847488657e-07
 10
45.12359722334139
 20
0.0940972100924018
 30
1.0549254625402682e-07
 10
45.044532221467364
 20
0.09575038301340122
 30
1.0549180728958163e-07
 10
44.96560635039938
 20
0.09740064684140215
 30
1.0549078410804213e-07
 10
44.88668176345638
 20
0.09909393657940235
 30
1.0549410944804549e-07
 10
44.807757367231375
 20
0.100831118131401
 30
1.0549183571129106e-07
 10
44.72898066213338
 20
0.10256504889740192
 30
1.0549922535574296e-07
 10
44.65020414703639
 20
0.10434270733739837
 30
1.0549101148171758e-07
 10
44.57142673486237
 20
0.10616495904639933
 30
1.054972926795017e-07
 10
44.49280542788938
 20
0.10798359978539906
 30
1.0549322837505315e-07
 10
44.4141832273794
 20
0.10984665717539954
 30
1.0549359785727574e-07
 10
44.33555905354038
 20
0.11175501907440122
 30
1.054985148130072e-07
 10
44.25709926126038
 20
0.11365939111140122
 30
1.0549302942308714e-07
 10
44.17863750391638
 20
0.1156088784883984
 30
1.0549209150667593e-07
 10
44.10017270726638
 20
0.11760430970339897
 30
1.0549575790719246e-07
 10
44.02188035028638
 20
0.11959535562139934
 30
1.0549902640377695e-07
 10
43.94358496730737
 20
0.12163214351039997
 30
1.0549683793215081e-07
 10
43.86528549350436
 20
0.12371557776440056
 30
1.0549936746429012e-07
 10
43.78716647748837
 20
0.12579421030239857
 30
1.054914093856496e-07
 10
43.709043389501375
 20
0.1279192745044
 30
1.0549811690907518e-07
 10
43.63091517118636
 20
0.13009162489639792
 30
1.054995379945467e-07
 10
43.55297524198838
 20
0.13225873992039894
 30
1.0549052831265726e-07
 10
43.475030207146375
 20
0.1344729134264
 30
1.0549615581112448e-07
 10
43.39707901701439
 20
0.13673502104940027
 30
1.0549661055847537e-07
 10
43.31932383211338
 20
0.1389914406913988
 30
1.0549652529334708e-07
 10
43.241562522838365
 20
0.14129555369339997
 30
1.0549121043368359e-07
 10
43.16379404766138
 20
0.14364822431840096
 30
1.0549081252975157e-07
 10
43.08622916142838
 20
0.14599473592139844
 30
1.0549976536822214e-07
 10
43.00865714675837
 20
0.14838955121539854
 30
1.0549359785727574e-07
 10
42.93107697095138
 20
0.15083353667240118
 30
1.0549234730206081e-07
 10
42.85370785111439
 20
0.1532708732953978
 30
1.0550044748924847e-07
 10
42.77633061448239
 20
0.15575711290139793
 30
1.0549342732701916e-07
 10
42.698944237275384
 20
0.15829311733839901
 30
1.0549143780735903e-07
 10
42.62177626422539
 20
0.16082196452239828
 30
1.0549874218668265e-07
 10
42.54459920211838
 20
0.16340029601339978
 30
1.0549101148171758e-07
 10
42.46741203643538
 20
0.1660289709604008
 30
1.0549831586104119e-07
 10
42.39045051749838
 20
0.1686499613153991
 30
1.0549484841249068e-07
 10
42.31347895397039
 20
0.171321001203399
 30
1.0549646844992822e-07
 10
42.236496340831366
 20
0.17404294587939972
 30
1.0549314310992486e-07
 10
42.15974650156039
 20
0.17675666015539804
 30
1.0549902640377695e-07
 10
42.08298567939838
 20
0.17952097180339877
 30
1.0548998830017808e-07
 10
42.00621287902737
 20
0.18233673071640055
 30
1.0549609896770562e-07
 10
41.929679901334396
 20
0.1851436937694011
 30
1.0549132412052131e-07
 10
41.853135020148386
 20
0.18800178320039862
 30
1.0549175044616277e-07
 10
41.77657725019438
 20
0.1909118456913994
 30
1.0549732110121113e-07
 10
41.700266207671376
 20
0.1938125297443989
 30
1.0549200624154764e-07
 10
41.623942359314384
 20
0.1967648522854013
 30
1.0549186413300049e-07
 10
41.54760472985538
 20
0.1997696500943995
 30
1.0549700846240739e-07
 10
41.47152075242536
 20
0.20276446366539957
 30
1.054911251685553e-07
 10
41.3954230853264
 20
0.20581140458839897
 30
1.054904714692384e-07
 10
41.319310764025374
 20
0.2089113119353989
 30
1.0549516105129442e-07
 10
41.24345868937337
 20
0.2120006199413993
 30
1.0549882745181094e-07
 10
41.16759206054536
 20
0.21514253222940027
 30
1.0549771900514315e-07
 10
41.09170992281139
 20
0.21833786340040007
 30
1.0549200624154764e-07
 10
41.01609509695339
 20
0.2215219383014002
 30
1.0549516105129442e-07
 10
40.94046487130237
 20
0.2247590576223999
 30
1.054936547006946e-07
 10
40.86481830344738
 20
0.22805006401240036
 30
1.0549754847488657e-07
 10
40.78944481052838
 20
0.2313291902684007
 30
1.0550027695899189e-07
 10
40.71405509308539
 20
0.23466181242140038
 30
1.0549834428275062e-07
 10
40.63864821636537
 20
0.23804869446840016
 30
1.0549192097641935e-07
 10
40.56352279075537
 20
0.24142293520440106
 30
1.0549419471317378e-07
 10
40.48838033395438
 20
0.24485103806739872
 30
1.0549189255470992e-07
 10
40.413219928852385
 20
0.24833389757939983
 30
1.054950473644567e-07
 10
40.33834504803036
 20
0.2518035261754008
 30
1.0549698004069796e-07
 10
40.2634523543004
 20
0.25532747839439907
 30
1.0549427997830207e-07
 10
40.18854092823838
 20
0.2589063625653978
 30
1.0549712214924511e-07
 10
40.11383907320038
 20
0.2624752345064021
 30
1.0549896956035809e-07
 10
40.0391185992944
 20
0.2660989149374
 30
1.0549632634138106e-07
 10
39.96437861077638
 20
0.2697783085034029
 30
1.054992537774524e-07
 10
39.88941793167638
 20
0.27346856650039975
 30
1.0549325679676258e-07
 10
39.8144376124244
 20
0.27721466578740284
 30
1.0549288731453998e-07
 10
39.739436751749395
 20
0.28101755484339996
 30
1.0549820217420347e-07
 10
39.66418554737038
 20
0.2848331374784028
 30
1.0549476314736239e-07
 10
39.588913666418364
 20
0.28870593077540185
 30
1.0549706530582625e-07
 10
39.513620190849394
 20
0.292636717510403
 30
1.0549516105129442e-07
 10
39.43808349316538
 20
0.29658020194740153
 30
1.0549456419539638e-07
 10
39.362525060264375
 20
0.3005820392164029
 30
1.0549976536822214e-07
 10
39.286943967345394
 20
0.30464304782840124
 30
1.0549089779487986e-07
 10
39.21113638580039
 20
0.3087162257843996
 30
1.0549328521847201e-07
 10
39.13530600857737
 20
0.3128489368203997
 30
1.0549160833761562e-07
 10
39.05945190421838
 20
0.31704202056240227
 30
1.054959852808679e-07
 10
38.98338308813038
 20
0.32124697319840045
 30
1.0549155149419676e-07
 10
38.907290410209384
 20
0.3255126376624009
 30
1.0549319995334372e-07
 10
38.8311729327084
 20
0.3298398723864029
 30
1.0549101148171758e-07
 10
38.7548550270364
 20
0.3341785013373997
 30
1.0549996432018816e-07
 10
38.67851219110736
 20
0.338579026678401
 30
1.0549513262958499e-07
 10
38.60214347927837
 20
0.3430422881344004
 30
1.0549658213676594e-07
 10
38.525586956712374
 20
0.34751652592439974
 30
1.0549911166890524e-07
 10
38.44900443076838
 20
0.3520538080394022
 30
1.0549800322223746e-07
 10
38.3723949503854
 20
0.3566549906494014
 30
1.0549325679676258e-07
 10
38.29561067524037
 20
0.36126667147240177
 30
1.0549956641625613e-07
 10
38.218799322535375
 20
0.36594254497640044
 30
1.0549229045864195e-07
 10
38.14195993508238
 20
0.37068346324040213
 30
1.0549157991590619e-07
 10
38.064958327715374
 20
0.37543439032140036
 30
1.0549183571129106e-07
 10
37.987928567090364
 20
0.3802506369014029
 30
1.0549862849984493e-07
 10
37.91086969092237
 20
0.38513306021740057
 30
1.0549209150667593e-07
 10
37.83366110845938
 20
0.39002496887240135
 30
1.0549646844992822e-07
 10
37.756423297219385
 20
0.39498331165840206
 30
1.0549754847488657e-07
 10
37.6791552899154
 20
0.4000089449064017
 30
1.05495331581551e-07
 10
37.60174986765938
 20
0.40504351583940057
 30
1.054940241829172e-07
 10
37.524314141840364
 20
0.4101456167134021
 30
1.0549945272941841e-07
 10
37.446847140738384
 20
0.4153161046084026
 30
1.0549180728958163e-07
 10
37.369254874479395
 20
0.42049495325040276
 30
1.0549493367761897e-07
 10
37.29163123171139
 20
0.42574241022439985
 30
1.0549499052103783e-07
 10
37.21397523659638
 20
0.43105933117540296
 30
1.0549194939812878e-07
 10
37.13620595777138
 20
0.4363840083903998
 30
1.0549973694651271e-07
 10
37.05840423213937
 20
0.44177835234640384
 30
1.0549447893026809e-07
 10
36.98056908016338
 20
0.44724321692340396
 30
1.0549632634138106e-07
 10
36.90263247914737
 20
0.45271520431540324
 30
1.0549882745181094e-07
 10
36.82466236459638
 20
0.45825789623840407
 30
1.0549845796958834e-07
 10
36.74665775363238
 20
0.46387214366040297
 30
1.0549527473813214e-07
 10
36.66856338189038
 20
0.46949285145940145
 30
1.0549268836257397e-07
 10
36.59043443430039
 20
0.4751852794874001
 30
1.0549732110121113e-07
 10
36.512269925002386
 20
0.48095027487440056
 30
1.0549922535574296e-07
 10
36.43402720688738
 20
0.48672103852340065
 30
1.0549169360274391e-07
 10
36.355748855867375
 20
0.492564514780403
 30
1.0549146622906846e-07
 10
36.277433883475396
 20
0.4984815463134016
 30
1.0549862849984493e-07
 10
36.19905212417038
 20
0.5044036238824017
 30
1.0549629791967163e-07
 10
36.12063368100837
 20
0.5103993821954003
 30
1.0549132412052131e-07
 10
36.04217756319238
 20
0.5164696578104024
 30
1.0549382523095119e-07
 10
35.96366595823639
 20
0.5225442265554019
 30
1.0549680951044138e-07
 10
35.88511662532039
 20
0.528693418002403
 30
1.054972074143734e-07
 10
35.80652857178839
 20
0.5349180634754003
 30
1.0549521789471328e-07
 10
35.72789621701139
 20
0.5411462178734023
 30
1.0549354101385688e-07
 10
35.649225097955394
 20
0.5474499113534019
 30
1.0549945272941841e-07
 10
35.57051422010039
 20
0.5538299651754013
 30
1.0549302942308714e-07
 10
35.4917701196174
 20
0.5602127119184015
 30
1.0549686635386024e-07
 10
35.41298622676439
 20
0.5666718834404012
 30
1.0549840112616948e-07
 10
35.33416154619937
 20
0.5732082989974021
 30
1.0549763374001486e-07
 10
35.25531462589939
 20
0.5797465587504025
 30
1.0549706530582625e-07
 10
35.176426894878375
 20
0.5863621061024009
 30
1.0549427997830207e-07
 10
35.09749735559038
 20
0.5930557375054004
 30
1.0549928219916183e-07
 10
35.01855646444437
 20
0.599750331603401
 30
1.054943936651398e-07
 10
34.93957375298737
 20
0.6065230321684023
 30
1.0549732110121113e-07
 10
34.8605482255914
 20
0.6133746569144005
 30
1.054982305959129e-07
 10
34.781522164430385
 20
0.6202263279404043
 30
1.0549905482548638e-07
 10
34.702453286801386
 20
0.6271569242184043
 30
1.054978611136903e-07
 10
34.62334059036638
 20
0.6341671819284045
 30
1.0549462103881524e-07
 10
34.544238088007376
 20
0.6411765363314039
 30
1.0549132412052131e-07
 10
34.465091778011384
 20
0.6482655314934043
 30
1.054959852808679e-07
 10
34.385900675181404
 20
0.6554350849834023
 30
1.0549874218668265e-07
 10
34.33601264434739
 20
0.6599516896614048
 30
1.0549774742685258e-07
 10
34.2861068320874
 20
0.6645002108394031
 30
1.0549993589847872e-07
 10
34.23618299039438
 20
0.6690808585804042
 30
1.0549538842496986e-07
 10
34.18627014390438
 20
0.6736604974824019
 30
1.0549069884291384e-07
 10
34.13633927593739
 20
0.6782722488084048
 30
1.054992537774524e-07
 10
34.08639013569638
 20
0.6829162895024048
 30
1.0549106832513644e-07
 10
34.03645463470738
 20
0.6875590620814016
 30
1.054927167842834e-07
 10
33.98650087141439
 20
0.6922341063864046
 30
1.0549763374001486e-07
 10
33.93652859673139
 20
0.6969416153644019
 30
1.0549575790719246e-07
 10
33.886572607958385
 20
0.7016475901704027
 30
1.0549379680924176e-07
 10
33.83659811986138
 20
0.7063860084914033
 30
1.054950473644567e-07
 10
33.786604882714386
 20
0.7111570533734017
 30
1.0549959483796556e-07
 10
33.73663056900338
 20
0.7159262923214023
 30
1.0549393891778891e-07
 10
33.68663752043139
 20
0.7207281331304038
 30
1.0549155149419676e-07
 10
33.63662548761738
 20
0.7255627592534033
 30
1.0549246098889853e-07
 10
33.586635011613396
 20
0.7303953014954025
 30
1.0549317153163429e-07
 10
33.53662556772838
 20
0.7352606007924045
 30
1.0549712214924511e-07
 10
33.4865969068054
 20
0.7401588393344021
 30
1.0549445050855866e-07
 10
33.43659243203339
 20
0.7450547098444034
 30
1.0549146622906846e-07
 10
33.38656875880238
 20
0.7499834877574045
 30
1.0549183571129106e-07
 10
33.33652563760637
 20
0.7549453478684036
 30
1.0549550211180758e-07
 10
33.286509326848375
 20
0.7599045496814014
 30
1.0549891271693923e-07
 10
33.23647358895238
 20
0.7648967982444042
 30
1.0549564422035473e-07
 10
33.18641817586038
 20
0.7699222788554039
 30
1.054957010637736e-07
 10
33.136392199228396
 20
0.774944804092403
 30
1.0549547369009815e-07
 10
33.086346570550376
 20
0.780000522318403
 30
1.0549857165642607e-07
 10
33.03628103901639
 20
0.7850895870824033
 30
1.0549499052103783e-07
 10
32.9862475587754
 20
0.7901753938944047
 30
1.0549106832513644e-07
 10
32.936194201121396
 20
0.7952945045214062
 30
1.0549049989094783e-07
 10
32.88612072223037
 20
0.8004471365694048
 30
1.0549334206189087e-07
 10
32.836081942312376
 20
0.8055961980424033
 30
1.0549578632890189e-07
 10
32.78602306908138
 20
0.8107787345564059
 30
1.0549160833761562e-07
 10
32.73594384846939
 20
0.8159948586744061
 30
1.0549078410804213e-07
 10
32.6859019096504
 20
0.8212070996164034
 30
1.0549959483796556e-07
 10
32.63583965369838
 20
0.826452878114404
 30
1.0549175044616277e-07
 10
32.58575683531538
 20
0.831732387381404
 30
1.054972926795017e-07
 10
32.535713932737394
 20
0.8370076889014015
 30
1.0549237572377024e-07
 10
32.48565050050837
 20
0.8423166674604019
 30
1.0549089779487986e-07
 10
32.43556629058338
 20
0.8476594840744021
 30
1.0549277362770226e-07
 10
32.385524623740395
 20
0.852997762333402
 30
1.0549422313488321e-07
 10
32.3354622144854
 20
0.858369821176403
 30
1.0549905482548638e-07
 10
32.28537881547638
 20
0.8637758227984023
 30
1.054972926795017e-07
 10
32.23534058808039
 20
0.8691769485964045
 30
1.0549501894274727e-07
 10
32.185281408778394
 20
0.8746119559764018
 30
1.0549615581112448e-07
 10
32.13520103044738
 20
0.8800810034284048
 30
1.0549072726462327e-07
 10
32.085168450678395
 20
0.8855448310194021
 30
1.0549476314736239e-07
 10
32.035114712327385
 20
0.8910426337204029
 30
1.0549220519351366e-07
 10
31.985039568608386
 20
0.8965745672594032
 30
1.0549305784479657e-07
 10
31.935014866615376
 20
0.9021009283674033
 30
1.054933704836003e-07
 10
31.884968802363403
 20
0.9076613516074019
 30
1.0549712214924511e-07
 10
31.83490112957037
 20
0.913255991208402
 30
1.0549427997830207e-07
 10
31.78488652150537
 20
0.918844701275404
 30
1.05490840951461e-07
 10
31.73485035067739
 20
0.9244675551584045
 30
1.05490840951461e-07
 10
31.68479237086339
 20
0.9301247013174034
 30
1.0549425155659264e-07
 10
31.634790142510383
 20
0.9357755469004019
 30
1.0549706530582625e-07
 10
31.584766153734392
 20
0.9414606085364028
 30
1.0549328521847201e-07
 10
31.534720159483385
 20
0.9471800385974021
 30
1.054930010013777e-07
 10
31.48473248070738
 20
0.9528928041634046
 30
1.0549200624154764e-07
 10
31.43472284768839
 20
0.9586398578414048
 30
1.0549445050855866e-07
 10
31.384691014076395
 20
0.9644213340464027
 30
1.0549038620411011e-07
 10
31.33472039739337
 20
0.9701957362714033
 30
1.0549555895522644e-07
 10
31.284727634450377
 20
0.9760044773574048
 30
1.0549422313488321e-07
 10
31.23471248588538
 20
0.9818477452744059
 30
1.0549632634138106e-07
 10
31.18476086818839
 20
0.9876835908824031
 30
1.0549769058343372e-07
 10
31.134786921637385
 20
0.9935538745594048
 30
1.0549251783231739e-07
 10
31.084790390603388
 20
0.9994586375704042
 30
1.0549078410804213e-07
 10
31.03486076141138
 20
1.0053554992424036
 30
1.0549828743933176e-07
 10
30.984908608368386
 20
1.011286750778405
 30
1.0549919693403353e-07
 10
30.93493370214938
 20
1.0172526510304056
 30
1.054936547006946e-07
 10
30.88502633879739
 20
1.0232104881554047
 30
1.0549723583608284e-07
 10
30.835096283059386
 20
1.0292028736814043
 30
1.054943084000115e-07
 10
30.785143272400376
 20
1.035229778851404
 30
1.0549484841249068e-07
 10
30.7352655742024
 20
1.041247597461405
 30
1.0549447893026809e-07
 10
30.68536499190739
 20
1.0472998471844033
 30
1.0549760531830543e-07
 10
30.635441317602385
 20
1.0533869464954062
 30
1.0549416629146435e-07
 10
30.585584220714395
 20
1.0594659281484038
 30
1.0548993145675922e-07
 10
30.535704089517395
 20
1.0655796316584034
 30
1.0549919693403353e-07
 10
30.485800614710385
 20
1.0717276336044055
 30
1.0549192097641935e-07
 10
30.43599213554839
 20
1.0778639322894055
 30
1.0549342732701916e-07
 10
30.386160410430392
 20
1.0840344773394062
 30
1.0549837270446005e-07
 10
30.336305328533385
 20
1.0902404535404049
 30
1.0549686635386024e-07
 10
30.286490439465382
 20
1.0964414265244056
 30
1.0549490525590954e-07
 10
30.236652211043378
 20
1.1026775986694037
 30
1.0549646844992822e-07
 10
30.18679015260139
 20
1.108947086685406
 30
1.0549135254223074e-07
 10
30.137099720764382
 20
1.1151949949484052
 30
1.0549405260462663e-07
 10
30.087385669466386
 20
1.1214763859134056
 30
1.0550016327215417e-07
 10
30.037648217219385
 20
1.1277950225164037
 30
1.0549999274189759e-07
 10
29.987802142919378
 20
1.1341274584454037
 30
1.0549118201197416e-07
 10
29.937932459231376
 20
1.140496423078405
 30
1.0549607054599619e-07
 10
29.888038104277385
 20
1.1468955703994066
 30
1.0549396733949834e-07
 10
29.838541561501387
 20
1.1532436967444077
 30
1.0549678108873195e-07
 10
29.789021025507395
 20
1.1596238416954066
 30
1.0549277362770226e-07
 10
29.739477633294385
 20
1.1660468142474052
 30
1.05493086266506e-07
 10
29.68663123659738
 20
1.1728979994464055
 30
1.0549607054599619e-07
 10
29.633758362468384
 20
1.1797941679004076
 30
1.0549359785727574e-07
 10
29.580858134078383
 20
1.1867307636984066
 30
1.0549518947300385e-07
 10
29.520280925915387
 20
1.1946740112124061
 30
1.0549709372753568e-07
 10
29.459667074447395
 20
1.2026643141474036
 30
1.054937399658229e-07
 10
29.399016292608394
 20
1.2107031283614038
 30
1.0549524631642271e-07
 10
29.33866134290838
 20
1.2187027322044042
 30
1.0549285889283055e-07
 10
29.278269794156387
 20
1.2267501561724057
 30
1.0549521789471328e-07
 10
29.217841214923396
 20
1.2348456822124039
 30
1.0549246098889853e-07
 10
29.157665925244387
 20
1.2429072754304062
 30
1.0549629791967163e-07
 10
29.09745392133439
 20
1.2510166175014046
 30
1.0549490525590954e-07
 10
29.03720478711739
 20
1.259174060636406
 30
1.0549840112616948e-07
 10
28.977199647519384
 20
1.2672984680714041
 30
1.054985148130072e-07
 10
28.917157675033394
 20
1.2754705676834046
 30
1.0549345574872859e-07
 10
28.857078463621377
 20
1.2836907432534037
 30
1.0549319995334372e-07
 10
28.797249631680387
 20
1.2918766613294057
 30
1.0549956641625613e-07
 10
28.73738387173438
 20
1.3001102643054043
 30
1.0549067042120441e-07
 10
28.677480786163386
 20
1.3083919522924052
 30
1.0549661055847537e-07
 10
28.61782623989339
 20
1.3166392793624038
 30
1.0549911166890524e-07
 10
28.558134676653395
 20
1.3249342895944043
 30
1.0549641160650935e-07
 10
28.498405685482396
 20
1.3332772439694054
 30
1.054985148130072e-07
 10
28.438927070967395
 20
1.3415852256944056
 30
1.0549712214924511e-07
 10
28.379411341743378
 20
1.3499407518274076
 30
1.0549052831265726e-07
 10
28.319858119039395
 20
1.3583442731224054
 30
1.0549871376497322e-07
 10
28.26055543310939
 20
1.366712441315407
 30
1.054933704836003e-07
 10
28.201215568471383
 20
1.3751282011284083
 30
1.054928020494117e-07
 10
28.14183813822939
 20
1.3835919013554054
 30
1.0549706530582625e-07
 10
28.082712117874394
 20
1.3920197654414075
 30
1.0549771900514315e-07
 10
28.023548849405387
 20
1.4004951651714066
 30
1.0549317153163429e-07
 10
27.964347949999393
 20
1.4090184371574068
 30
1.0549339890530973e-07
 10
27.905399016823395
 20
1.4175054330604056
 30
1.0549999274189759e-07
 10
27.846412772230394
 20
1.4260398942384072
 30
1.0549143780735903e-07
 10
27.787388858992387
 20
1.4346222931864077
 30
1.05497576896596e-07
 10
27.728617474018392
 20
1.443167973146405
 30
1.0549013040872524e-07
 10
27.669808742209383
 20
1.451761181979407
 30
1.0549740636633942e-07
 10
27.610962278030385
 20
1.460402156005408
 30
1.0549948115112784e-07
 10
27.55236906758938
 20
1.4690059424284065
 30
1.054978611136903e-07
 10
27.493738448703397
 20
1.4776570834794072
 30
1.0549095463829872e-07
 10
27.435070070723384
 20
1.486356015141407
 30
1.0549885587352037e-07
 10
27.37665547191139
 20
1.4950173182254076
 30
1.054930010013777e-07
 10
27.318203440021392
 20
1.5037259994894079
 30
1.0549194939812878e-07
 10
27.25971361847138
 20
1.5124824136724069
 30
1.054956157986453e-07
 10
27.201478121199386
 20
1.5212007533904082
 30
1.0549550211180758e-07
 10
27.143205162154388
 20
1.52996641177341
 30
1.0549013040872524e-07
 10
27.08489439652439
 20
1.5387797828444096
 30
1.054995379945467e-07
 10
27.02683847491039
 20
1.5475546355574092
 30
1.0549513262958499e-07
 10
26.96874507649838
 20
1.556376784911409
 30
1.0549547369009815e-07
 10
26.910613851701385
 20
1.565246554703407
 30
1.0549052831265726e-07
 10
26.85273803380639
 20
1.5740773540384083
 30
1.054917788678722e-07
 10
26.794824721089384
 20
1.5829553561004062
 30
1.0549769058343372e-07
 10
26.73687359093239
 20
1.5918810226284066
 30
1.0549840112616948e-07
 10
26.657677449674395
 20
1.6040788580324055
 30
1.0549567264206416e-07
 10
26.578410617036383
 20
1.616365299993408
 30
1.0549180728958163e-07
 10
26.499072286149385
 20
1.628741625219405
 30
1.0549695161898853e-07
 10
26.42021624549338
 20
1.6410427159334056
 30
1.0549459261710581e-07
 10
26.341289573620386
 20
1.6534326012274079
 30
1.054911251685553e-07
 10
26.262291415976392
 20
1.6659121142134055
 30
1.0549666740189423e-07
 10
26.183776780850394
 20
1.6783152440804052
 30
1.0549459261710581e-07
 10
26.105191532185387
 20
1.6908069075324068
 30
1.0549135254223074e-07
 10
26.02653486212938
 20
1.7033881060974085
 30
1.0549712214924511e-07
 10
25.94836278819639
 20
1.7158917931184074
 30
1.0549516105129442e-07
 10
25.870120170261387
 20
1.7284839155464073
 30
1.0549203466325707e-07
 10
25.791806209122385
 20
1.7411654013524096
 30
1.0549788953539974e-07
 10
25.713977913113382
 20
1.7537682427464087
 30
1.0549590001573961e-07
 10
25.63607915598638
 20
1.7664593425154091
 30
1.0549277362770226e-07
 10
25.55810916413438
 20
1.7792396624994087
 30
1.0549857165642607e-07
 10
25.480625817307384
 20
1.7919402148834092
 30
1.0549641160650935e-07
 10
25.40307212220239
 20
1.8047288772614092
 30
1.0549305784479657e-07
 10
25.325447322478396
 20
1.817606594432407
 30
1.0549868534326379e-07
 10
25.24831010092639
 20
1.8304034238724096
 30
1.0549618423283391e-07
 10
25.171102665174388
 20
1.8432881928514089
 30
1.0549254625402682e-07
 10
25.09382428077639
 20
1.8562618582004067
 30
1.0549780427027144e-07
 10
25.01703434156738
 20
1.8691535222974096
 30
1.0549487683420011e-07
 10
24.940174347760376
 20
1.8821329625904113
 30
1.0549072726462327e-07
 10
24.863243581166387
 20
1.8952011152744106
 30
1.0549550211180758e-07
 10
24.78680198340139
 20
1.9081861733364107
 30
1.0549197781983821e-07
 10
24.710290502242387
 20
1.9212588203134118
 30
1.0549723583608284e-07
 10
24.633708488307377
 20
1.9344201405964068
 30
1.0549138096394017e-07
 10
24.557582573899396
 20
1.947503076000407
 30
1.0549769058343372e-07
 10
24.48141974138639
 20
1.9606680010404087
 30
1.0549223361522309e-07
 10
24.405221884914383
 20
1.9739149082354093
 30
1.054949620993284e-07
 10
24.329445036831387
 20
1.9870886236204068
 30
1.0550044748924847e-07
 10
24.253633550311378
 20
2.0003434172814085
 30
1.0549405260462663e-07
 10
24.177789381419387
 20
2.0136798205004087
 30
1.0549578632890189e-07
 10
24.10236221087439
 20
2.026942898926409
 30
1.0549024409556296e-07
 10
24.02690271663539
 20
2.0402866922504117
 30
1.054928020494117e-07
 10
23.951412759977387
 20
2.053711365306409
 30
1.0549342732701916e-07
 10
23.876336607227387
 20
2.0670624500014085
 30
1.0549675266702252e-07
 10
23.801230324984388
 20
2.0804935300394085
 30
1.0549808848736575e-07
 10
23.726095770211387
 20
2.0940049179504108
 30
1.0549749163146771e-07
 10
23.651371727580383
 20
2.107442483785409
 30
1.0549948115112784e-07
 10
23.576619720577384
 20
2.1209594823804103
 30
1.0549948115112784e-07
 10
23.501841562999388
 20
2.1345561511134115
 30
1.0549743478804885e-07
 10
23.427470809621383
 20
2.1480787428684103
 30
1.0549803164394689e-07
 10
23.353074189821385
 20
2.1616801389874105
 30
1.0549649687163765e-07
 10
23.278653490919396
 20
2.17536059225241
 30
1.0549288731453998e-07
 10
23.20463715672139
 20
2.18896671280541
 30
1.0549189255470992e-07
 10
23.130597004377393
 20
2.2026510337264114
 30
1.0549871376497322e-07
 10
23.05653479169439
 20
2.216413803066411
 30
1.0549342732701916e-07
 10
22.982873986781385
 20
2.2301019799484134
 30
1.0549067042120441e-07
 10
22.909191360031386
 20
2.243867757183411
 30
1.054957010637736e-07
 10
22.835488633796388
 20
2.2577113440304135
 30
1.0549854323471664e-07
 10
22.762184505829396
 20
2.271480062144411
 30
1.0549391049607948e-07
 10
22.688860495141384
 20
2.2853257505214106
 30
1.0549698004069796e-07
 10
22.61551831031838
 20
2.2992486917824095
 30
1.0549780427027144e-07
 10
22.542571861185394
 20
2.3130965084104105
 30
1.054911251685553e-07
 10
22.469607433638387
 20
2.32702074648941
 30
1.0549211992838536e-07
 10
22.396626672587388
 20
2.3410214980244106
 30
1.0549078410804213e-07
 10
22.324039190701384
 20
2.3549468022244113
 30
1.0549192097641935e-07
 10
22.251435550599382
 20
2.3689477974824094
 30
1.0549064199949498e-07
 10
22.17881744907939
 20
2.3830249820824108
 30
1.0549700846240739e-07
 10
22.106589134216392
 20
2.397026605650412
 30
1.0549581475061132e-07
 10
22.03434651318439
 20
2.4111036027884136
 30
1.0549217677180422e-07
 10
21.962091132348377
 20
2.425255832734413
 30
1.0549612738941505e-07
 10
21.890224316908387
 20
2.4393319566974103
 30
1.0549246098889853e-07
 10
21.818344878199383
 20
2.453482506536412
 30
1.0549624107625277e-07
 10
21.746454434919386
 20
2.4677078462654105
 30
1.0549752005317714e-07
 10
21.674949710900393
 20
2.4818568616984127
 30
1.0549115359026473e-07
 10
21.603434100197376
 20
2.4960798665864115
 30
1.0549229045864195e-07
 10
21.531909159637394
 20
2.5103770378204135
 30
1.0549081252975157e-07
 10
21.460767449222388
 20
2.524597604908413
 30
1.0549166518103448e-07
 10
21.389616508644394
 20
2.5388915457004106
 30
1.054999074767693e-07
 10
21.318457873489393
 20
2.5532590559744133
 30
1.0549553053351701e-07
 10
21.247680183042377
 20
2.567549650395412
 30
1.0549342732701916e-07
 10
21.176894880188385
 20
2.581913028704413
 30
1.0549868534326379e-07
 10
21.106103472933384
 20
2.5963493717014146
 30
1.0549123885539302e-07
 10
21.035690803236378
 20
2.6107084795424136
 30
1.0549607054599619e-07
 10
20.96527209427039
 20
2.6251397733994146
 30
1.0549814533078461e-07
 10
20.894848830396384
 20
2.6396434366574155
 30
1.0549752005317714e-07
 10
20.824802171273376
 20
2.654069538209411
 30
1.0549905482548638e-07
 10
20.754751005845378
 20
2.668567237254413
 30
1.054978611136903e-07
 10
20.684696791614385
 20
2.6831367022804127
 30
1.0549385365266062e-07
 10
20.61501709900938
 20
2.697628276493413
 30
1.0549200624154764e-07
 10
20.545334390072384
 20
2.712190851259413
 30
1.0549732110121113e-07
 10
20.475650102323385
 20
2.726824611353413
 30
1.0548976092650264e-07
 10
20.406338370227388
 20
2.7413801344424105
 30
1.0549442208684923e-07
 10
20.337025076247386
 20
2.7560060840084155
 30
1.0549609896770562e-07
 10
20.267711624412385
 20
2.7707025954214153
 30
1.0549487683420011e-07
 10
20.198768717089393
 20
2.7853205403874135
 30
1.0549581475061132e-07
 10
20.129825653387385
 20
2.8000082941314126
 30
1.054937399658229e-07
 10
20.060883835747376
 20
2.8147660905184146
 30
1.0549871376497322e-07
 10
19.99231079844938
 20
2.8294449451924137
 30
1.0549578632890189e-07
 10
19.92373899442339
 20
2.844193096774415
 30
1.0549979378993157e-07
 10
19.855169752271394
 20
2.8590105406654125
 30
1.0549078410804213e-07
 10
19.78696886606238
 20
2.8737483848214147
 30
1.0549379680924176e-07
 10
19.718770512155388
 20
2.888554771034414
 30
1.0549368312240404e-07
 10
19.650576135009388
 20
2.9034303259174123
 30
1.0549055673436669e-07
 10
19.616260028732384
 20
2.910915856890412
 30
1.0549871376497322e-07
 10
19.581944977153384
 20
2.9184191195614133
 30
1.0549871376497322e-07
 10
19.547631001947394
 20
2.9259394536024157
 30
1.0549038620411011e-07
 10
19.51341749213438
 20
2.9334377694054172
 30
1.0548987461334036e-07
 10
19.479205073278393
 20
2.9409531546444168
 30
1.0549103990342701e-07
 10
19.444994157982393
 20
2.9484867299974145
 30
1.0549408102633606e-07
 10
19.410605503033395
 20
2.9560594453454154
 30
1.0549101148171758e-07
 10
19.37621836144038
 20
2.9636505130564164
 30
1.0549979378993157e-07
 10
19.341833058467387
 20
2.9712606297284143
 30
1.0549049989094783e-07
 10
19.30706813204739
 20
2.9789547642364145
 30
1.0549959483796556e-07
 10
19.272305071821393
 20
2.986668309286417
 30
1.0549061357778555e-07
 10
19.237543988412384
 20
2.994400965286415
 30
1.0549356943556631e-07
 10
19.16696540485438
 20
3.0101012788014163
 30
1.0549294415795885e-07
 10
19.09639498899739
 20
3.0258804615654142
 30
1.0549024409556296e-07
 10
19.02583429272039
 20
3.041738836306415
 30
1.0549550211180758e-07
 10
18.953924417215376
 20
3.057900436367415
 30
1.0549103990342701e-07
 10
18.882024624699383
 20
3.074144232518414
 30
1.0549484841249068e-07
 10
18.810136510448388
 20
3.090470357410414
 30
1.054969231972791e-07
 10
18.77371713865938
 20
3.098741366026413
 30
1.054937399658229e-07
 10
18.737300766122388
 20
3.1070335132754163
 30
1.054927167842834e-07
 10
18.700887574117388
 20
3.1153467027884165
 30
1.0549376838753233e-07
 10
18.664171496167384
 20
3.123729041642415
 30
1.0549172202445334e-07
 10
18.62745865158638
 20
3.1321327731714153
 30
1.0549186413300049e-07
 10
18.590749250170376
 20
3.140557905007414
 30
1.0549410944804549e-07
 10
18.553748986578384
 20
3.149049792282417
 30
1.0549302942308714e-07
 10
18.516752221105378
 20
3.157563421085415
 30
1.0549419471317378e-07
 10
18.47975916625039
 20
3.166098789708416
 30
1.0549746320975828e-07
 10
18.44248617431039
 20
3.1746987479194164
 30
1.0549723583608284e-07
 10
18.405216949191384
 20
3.1833207753634145
 30
1.0549922535574296e-07
 10
18.367951691179385
 20
3.1919647978304138
 30
1.0549339890530973e-07
 10
18.29262725507138
 20
3.209436999899415
 30
1.054901872521441e-07
 10
18.21731902359039
 20
3.2269990514044142
 30
1.0549595685915847e-07
 10
18.14202886004739
 20
3.244651250696416
 30
1.0549081252975157e-07
 10
18.06575061098539
 20
3.262535112159414
 30
1.0549879903010151e-07
 10
17.989490907088395
 20
3.2805115027364167
 30
1.0549609896770562e-07
 10
17.913251697694392
 20
3.298580780816419
 30
1.0549268836257397e-07
 10
17.874787662665383
 20
3.3076970524894165
 30
1.0549413786975492e-07
 10
17.836328845232387
 20
3.316836971316416
 30
1.0549800322223746e-07
 10
17.797875457857387
 20
3.3260004248584174
 30
1.0549419471317378e-07
 10
17.75920724090639
 20
3.335215072351417
 30
1.0549550211180758e-07
 10
17.720544515068383
 20
3.344453519594417
 30
1.0549922535574296e-07
 10
17.68188755557938
 20
3.353715901322417
 30
1.05495331581551e-07
 10
17.662481599046387
 20
3.358365655974417
 30
1.0549021567385353e-07
 10
17.643077095721395
 20
3.363021442418418
 30
1.0549575790719246e-07
 10
17.623674070877385
 20
3.367683237850418
 30
1.0549186413300049e-07
 10
17.604221328010397
 20
3.3723569785994165
 30
1.054991685123241e-07
 10
17.58477007121138
 20
3.3770367591774164
 30
1.0549712214924511e-07
 10
17.565320326901386
 20
3.381722560862416
 30
1.0549564422035473e-07
 10
17.52627745281839
 20
3.391128708431415
 30
1.0549612738941505e-07
 10
17.487240673179386
 20
3.4005591177084167
 30
1.0549905482548638e-07
 10
17.448210266950383
 20
3.4100139083924166
 30
1.0549442208684923e-07
 10
17.408996555497396
 20
3.419513103240414
 30
1.0549425155659264e-07
 10
17.369789277383376
 20
3.4290369085724155
 30
1.0549655371505651e-07
 10
17.33058869453339
 20
3.438585358306417
 30
1.0549132412052131e-07
 10
17.29121495505538
 20
3.448175985406417
 30
1.0550030538070132e-07
 10
17.25184797000938
 20
3.457791474412417
 30
1.0549180728958163e-07
 10
17.212487973636385
 20
3.467431733187418
 30
1.0549575790719246e-07
 10
17.17296578951138
 20
3.4771117158444156
 30
1.0549368312240404e-07
 10
17.133450651955386
 20
3.4868166739634177
 30
1.0549410944804549e-07
 10
17.09394285166539
 20
3.496546733609417
 30
1.0549706530582625e-07
 10
17.05428257041038
 20
3.506314346569418
 30
1.0549379680924176e-07
 10
17.01462968295138
 20
3.516107253859417
 30
1.0549305784479657e-07
 10
16.974984421638396
 20
3.5259253330984173
 30
1.0549484841249068e-07
 10
16.895279157248382
 20
3.545664201642417
 30
1.0549865692155436e-07
 10
16.815604713066392
 20
3.565504799104417
 30
1.0549268836257397e-07
 10
16.735963396939383
 20
3.585447834817419
 30
1.0549703688411682e-07
 10
16.655831754475386
 20
3.6055136534774164
 30
1.054936547006946e-07
 10
16.575733648088388
 20
3.6256831683974156
 30
1.0549064199949498e-07
 10
16.495671248647383
 20
3.64595638347342
 30
1.0549806006565632e-07
 10
16.41519667013239
 20
3.6663339695804193
 30
1.0549592843744904e-07
 10
16.334758167471392
 20
3.686816328449419
 30
1.0549427997830207e-07
 10
16.254358006284377
 20
3.70740371600842
 30
1.0549317153163429e-07
 10
16.173621865559383
 20
3.7280771349994186
 30
1.0549069884291384e-07
 10
16.092924387311385
 20
3.7488564616414166
 30
1.0549885587352037e-07
 10
16.012267849117393
 20
3.769741896980417
 30
1.0549763374001486e-07
 10
15.931350154938386
 20
3.790694956799417
 30
1.0549319995334372e-07
 10
15.850473666299393
 20
3.811754813214419
 30
1.0549948115112784e-07
 10
15.769640674653388
 20
3.83292164577742
 30
1.0549649687163765e-07
 10
15.68861988797039
 20
3.8541376541284205
 30
1.0549840112616948e-07
 10
15.607642800877386
 20
3.8754611378694204
 30
1.0549115359026473e-07
 10
15.52671176461638
 20
3.89689245063842
 30
1.054946778822341e-07
 10
15.445664069581383
 20
3.91835465576842
 30
1.0549132412052131e-07
 10
15.364662557695397
 20
3.939924997491419
 30
1.0549877060839208e-07
 10
15.283709484621383
 20
3.9616034418124197
 30
1.0549712214924511e-07
 10
15.202709836850389
 20
3.9832943583834197
 30
1.0549669582360366e-07
 10
15.12175868540038
 20
4.005093513079419
 30
1.0549715057095455e-07
 10
15.04085861564539
 20
4.027002081632421
 30
1.0549857165642607e-07
 10
15.030745677894387
 20
4.02974076888842
 30
1.0549251783231739e-07
 10
15.020633538471387
 20
4.032481166236423
 30
1.0549661055847537e-07
 10
15.010522200322384
 20
4.035223268177422
 30
1.0549089779487986e-07
 10
15.00041124378339
 20
4.037965266628422
 30
1.0549518947300385e-07
 10
14.990301088457386
 20
4.040708969533419
 30
1.0549962325967499e-07
 10
14.98019173561039
 20
4.043454365253421
 30
1.0549425155659264e-07
 10
14.959975169936385
 20
4.048944575527422
 30
1.0549342732701916e-07
 10
14.93976181349639
 20
4.0544415556384195
 30
1.0549322837505315e-07
 10
14.91955170945539
 20
4.059945334391422
 30
1.0549379680924176e-07
 10
14.899345048459395
 20
4.065448175506422
 30
1.0549425155659264e-07
 10
14.879141638757389
 20
4.070957812962419
 30
1.0549536000326043e-07
 10
14.858941525478386
 20
4.076474282548421
 30
1.0549715057095455e-07
 10
14.853892092716393
 20
4.0778532373024206
 30
1.0549507578616613e-07
 10
14.848842865934387
 20
4.079232618967421
 30
1.0549305784479657e-07
 10
14.84379384554839
 20
4.08061242704742
 30
1.0549106832513644e-07
 10
14.838745108520385
 20
4.08199215769142
 30
1.0549908324719581e-07
 10
14.833696577865396
 20
4.083372314701421
 30
1.0549715057095455e-07
 10
14.828648252872384
 20
4.0847528934514195
 30
1.0549524631642271e-07
 10
14.818552679303394
 20
4.087513756581419
 30
1.054914093856496e-07
 10
14.808457928208384
 20
4.090276306333422
 30
1.0549774742685258e-07
 10
14.798364007481382
 20
4.093040555471422
 30
1.0549427997830207e-07
 10
14.758003854187393
 20
4.104093299193419
 30
1.0549985063335043e-07
 10
14.717656976011384
 20
4.1151732100114184
 30
1.0549817375249404e-07
 10
14.677323658398393
 20
4.1262803009804205
 30
1.054992537774524e-07
 10
14.63702116647238
 20
4.137378903093419
 30
1.0549942430770898e-07
 10
14.596732214435377
 20
4.148504644110419
 30
1.0549234730206081e-07
 10
14.556457103848388
 20
4.15965759817542
 30
1.0549803164394689e-07
 10
14.516220410850394
 20
4.170799913670422
 30
1.0549263151915511e-07
 10
14.475997532891384
 20
4.18196939019742
 30
1.0548995987846865e-07
 10
14.435788761982394
 20
4.193166070119421
 30
1.0548998830017808e-07
 10
14.395626165539383
 20
4.20434989213442
 30
1.0549879903010151e-07
 10
14.355477643754384
 20
4.215560855025419
 30
1.0550027695899189e-07
 10
14.315343482779383
 20
4.226798983926422
 30
1.0549450735197752e-07
 10
14.275263373870388
 20
4.238021977492419
 30
1.054972074143734e-07
 10
14.235197587152385
 20
4.2492720641434225
 30
1.0549263151915511e-07
 10
14.195146417822386
 20
4.260549305504419
 30
1.0549078410804213e-07
 10
14.155157095903377
 20
4.27180913243842
 30
1.0549717899266398e-07
 10
14.115182346149396
 20
4.283096029630421
 30
1.0549629791967163e-07
 10
14.075222424041385
 20
4.294409923371422
 30
1.0549814533078461e-07
 10
13.99552195035838
 20
4.316975600248419
 30
1.054956157986453e-07
 10
13.915880456864386
 20
4.339648655219422
 30
1.0549385365266062e-07
 10
13.83630036477939
 20
4.3624298991334225
 30
1.0549294415795885e-07
 10
13.757057061570379
 20
4.385114731125421
 30
1.0549237572377024e-07
 10
13.677874640502381
 20
4.407906833826422
 30
1.0549260309744568e-07
 10
13.598755327014388
 20
4.4308064254264234
 30
1.0549362627898518e-07
 10
13.52003043201239
 20
4.453591860041422
 30
1.0549319995334372e-07
 10
13.441368017071383
 20
4.476483714963422
 30
1.0549345574872859e-07
 10
13.362770276626378
 20
4.499482219812421
 30
1.0549445050855866e-07
 10
13.284622842958385
 20
4.522348960279421
 30
1.0549226203693252e-07
 10
13.206539346017394
 20
4.545321138166424
 30
1.0549064199949498e-07
 10
13.128522104010386
 20
4.568399525390424
 30
1.0549968010309385e-07
 10
13.089697232117388
 20
4.579884363926423
 30
1.0549877060839208e-07
 10
13.05088876956438
 20
4.591395509012424
 30
1.054904714692384e-07
 10
13.012096951802391
 20
4.602932886028421
 30
1.0549481999078125e-07
 10
12.973437740387396
 20
4.6144308235564235
 30
1.0549524631642271e-07
 10
12.93479506026938
 20
4.625954814609424
 30
1.0549828743933176e-07
 10
12.896169186545393
 20
4.6375049278654235
 30
1.0549391049607948e-07
 10
12.85768248585839
 20
4.649013424863421
 30
1.0549541684667929e-07
 10
12.819212470654378
 20
4.660547856023422
 30
1.0549948115112784e-07
 10
12.780759401476388
 20
4.672108250470421
 30
1.0549618423283391e-07
 10
12.742451928217378
 20
4.683624873476424
 30
1.0549848639129777e-07
 10
12.704161272923386
 20
4.695167263650426
 30
1.054933704836003e-07
 10
12.665887699786396
 20
4.706735471855424
 30
1.0549086937317043e-07
 10
12.627765925446383
 20
4.718257798790425
 30
1.0549376838753233e-07
 10
12.589661098019377
 20
4.729805739298424
 30
1.054992537774524e-07
 10
12.551573472533391
 20
4.741379323793424
 30
1.054972926795017e-07
 10
12.513643855196392
 20
4.7529048947764245
 30
1.0549055673436669e-07
 10
12.475731297410391
 20
4.7644558976164255
 30
1.0549632634138106e-07
 10
12.43783606139138
 20
4.776032396372425
 30
1.0549470630394353e-07
 10
12.400104724719384
 20
4.787558826024423
 30
1.0549803164394689e-07
 10
12.362390560237387
 20
4.7991105311974245
 30
1.0549393891778891e-07
 10
12.324693805827394
 20
4.810687506866426
 30
1.0549234730206081e-07
 10
12.287167081224396
 20
4.8222122650174235
 30
1.0549553053351701e-07
 10
12.249657610179383
 20
4.833762067128424
 30
1.0549123885539302e-07
 10
12.21216567895138
 20
4.845337075485423
 30
1.0549950957283727e-07
 10
12.179118656393385
 20
4.855539792438423
 30
1.0550044748924847e-07
 10
12.146085228322391
 20
4.865761986414421
 30
1.0549331364018144e-07
 10
12.113065588697395
 20
4.8760037617734255
 30
1.0549814533078461e-07
 10
12.080187680622387
 20
4.886201575939424
 30
1.0549857165642607e-07
 10
12.04732344278338
 20
4.8964188032734235
 30
1.0549098306000815e-07
 10
12.014473034581385
 20
4.906655442978426
 30
1.05495331581551e-07
 10
11.981768435484383
 20
4.916846646558426
 30
1.0549513262958499e-07
 10
11.94907754357638
 20
4.927057090787425
 30
1.0549686635386024e-07
 10
11.916400529702386
 20
4.9372868185254255
 30
1.0549049989094783e-07
 10
11.883873048413392
 20
4.947469734224423
 30
1.0549950957283727e-07
 10
11.851359318420378
 20
4.957671757287425
 30
1.0549038620411011e-07
 10
11.818859503206383
 20
4.967892913835424
 30
1.0549322837505315e-07
 10
11.786475291792385
 20
4.978077713113425
 30
1.0549240414547967e-07
 10
11.754139923503388
 20
4.988270497937425
 30
1.0549234730206081e-07
 10
11.721861473265392
 20
4.998468632928425
 30
1.0549288731453998e-07
 10
11.689659553830381
 20
5.008642588585424
 30
1.0549098306000815e-07
 10
11.657511636635377
 20
5.018822701331423
 30
1.0549973694651271e-07
 10
11.625417677081387
 20
5.029008901820426
 30
1.0549908324719581e-07
 10
11.593404407929384
 20
5.039169492236425
 30
1.0549587159403018e-07
 10
11.56144482539439
 20
5.0493361396294265
 30
1.0549325679676258e-07
 10
11.52953887426338
 20
5.059508744612428
 30
1.0549126727710245e-07
 10
11.497717875268393
 20
5.069654264223425
 30
1.0549655371505651e-07
 10
11.465950222625395
 20
5.079805710393424
 30
1.054924325671891e-07
 10
11.434235890303384
 20
5.089963078117426
 30
1.0549891271693923e-07
 10
11.418411353501384
 20
5.095031311548427
 30
1.0549609896770562e-07
 10
11.402600091972388
 20
5.100101019296426
 30
1.0549342732701916e-07
 10
11.386802097166395
 20
5.105172184457425
 30
1.0549092621658929e-07
 10
11.371026833770387
 20
5.110236052823426
 30
1.0549771900514315e-07
 10
11.355264798918384
 20
5.115301374301426
 30
1.0549462103881524e-07
 10
11.33951597423939
 20
5.120368101801427
 30
1.0549166518103448e-07
 10
11.30809005280139
 20
5.130478480423426
 30
1.0549345574872859e-07
 10
11.276716732180375
 20
5.140594459451426
 30
1.0549584317232075e-07
 10
11.245396053409394
 20
5.150716247799425
 30
1.0549874218668265e-07
 10
11.237580481772383
 20
5.153241977285427
 30
1.0549152307248733e-07
 10
11.22976818796738
 20
5.155768068403427
 30
1.0549433682172094e-07
 10
11.221959167323377
 20
5.1582945080034275
 30
1.0549717899266398e-07
 10
11.214156266343394
 20
5.160818967718425
 30
1.054898177699215e-07
 10
11.206356633404383
 20
5.163343775394425
 30
1.0549248941060796e-07
 10
11.198560268902384
 20
5.165868933580425
 30
1.0549518947300385e-07
 10
11.19077006185239
 20
5.168392097433427
 30
1.0549769058343372e-07
 10
11.182983118078383
 20
5.170915611237428
 30
1.0549024409556296e-07
 10
11.175199437067391
 20
5.173439474726427
 30
1.0549283047112112e-07
 10
11.17130991926939
 20
5.174700653331426
 30
1.0549905482548638e-07
 10
11.167421216187392
 20
5.175961919251426
 30
1.0549527473813214e-07
 10
11.163533327140385
 20
5.177223270553425
 30
1.054914946507779e-07
 10
11.159647055263378
 20
5.178484097196426
 30
1.0549769058343372e-07
 10
11.155761596744384
 20
5.179745009150425
 30
1.0549388207437005e-07
 10
11.151876951101386
 20
5.181006005099425
 30
1.0550007800702588e-07
 10
11.12085944814038
 20
5.191074605734427
 30
1.0549771900514315e-07
 10
11.089893769950379
 20
5.201148562231424
 30
1.0549587159403018e-07
 10
11.05897993138339
 20
5.211228007874425
 30
1.0549462103881524e-07
 10
11.028171244408384
 20
5.221273168880426
 30
1.054999074767693e-07
 10
10.997414044420395
 20
5.231323779508427
 30
1.0549578632890189e-07
 10
10.966708245279392
 20
5.241379665781425
 30
1.054921483500948e-07
 10
10.936111774288378
 20
5.251399748021425
 30
1.0549493367761897e-07
 10
10.905566339333376
 20
5.261425070542428
 30
1.0549831586104119e-07
 10
10.87507194304439
 20
5.2714557327964275
 30
1.054921483500948e-07
 10
10.867465368601387
 20
5.273957798369425
 30
1.0549254625402682e-07
 10
10.85986196982438
 20
5.276460196131426
 30
1.054930010013777e-07
 10
10.852261743341387
 20
5.278962917289425
 30
1.0549348417043802e-07
 10
10.844668605966376
 20
5.281463304036427
 30
1.0549371154411347e-07
 10
10.837078634971391
 20
5.283964013584425
 30
1.0549399576120777e-07
 10
10.82949182858738
 20
5.286465042045426
 30
1.054943084000115e-07
 10
10.814340181175396
 20
5.291459857980426
 30
1.0549419471317378e-07
 10
10.799201155583376
 20
5.296455945868425
 30
1.0549419471317378e-07
 10
10.78407474497638
 20
5.3014532969814265
 30
1.0549436524343037e-07
 10
10.753911621876384
 20
5.311418365412427
 30
1.0549166518103448e-07
 10
10.72379865986639
 20
5.321388456364426
 30
1.0549948115112784e-07
 10
10.693735808623387
 20
5.331363515452425
 30
1.0549783269198088e-07
 10
10.633980807732385
 20
5.351190632310425
 30
1.054921483500948e-07
 10
10.574423785036387
 20
5.371037370760424
 30
1.054985148130072e-07
 10
10.515064330841383
 20
5.390903308492428
 30
1.0549678108873195e-07
 10
10.456216427214386
 20
5.410598044654428
 30
1.054979463788186e-07
 10
10.397562703683377
 20
5.430311657842427
 30
1.0549098306000815e-07
 10
10.339102841423383
 20
5.450044034798427
 30
1.0549595685915847e-07
 10
10.324569121062382
 20
5.454949705759429
 30
1.054969231972791e-07
 10
10.310047382604381
 20
5.459856536423427
 30
1.0549803164394689e-07
 10
10.295537609968392
 20
5.464764492727429
 30
1.0549928219916183e-07
 10
10.281061725644378
 20
5.4696609862514265
 30
1.0549931062087126e-07
 10
10.266597751378384
 20
5.474558600389429
 30
1.054995379945467e-07
 10
10.252145687456391
 20
5.4794573494704295
 30
1.0549985063335043e-07
 10
10.248537942803381
 20
5.480680249943429
 30
1.0549223361522309e-07
 10
10.244930940373393
 20
5.481903221139429
 30
1.0549464946052467e-07
 10
10.241324679965388
 20
5.483126262668428
 30
1.0549703688411682e-07
 10
10.237720550588392
 20
5.484348581472428
 30
1.0549936746429012e-07
 10
10.234117162326385
 20
5.485570970444428
 30
1.0549175044616277e-07
 10
10.230514514473384
 20
5.486793427725427
 30
1.0549408102633606e-07
 10
10.223315846844386
 20
5.489236093239427
 30
1.0549857165642607e-07
 10
10.216120135518395
 20
5.491679031819427
 30
1.05493086266506e-07
 10
10.208927380047385
 20
5.494122243869427
 30
1.0549763374001486e-07
 10
10.201743452864378
 20
5.496562457156429
 30
1.0549186413300049e-07
 10
10.19456247428738
 20
5.499002943251426
 30
1.0549612738941505e-07
 10
10.187384444957388
 20
5.501443705754429
 30
1.0549041462581954e-07
 10
10.180215241596386
 20
5.5038814671434295
 30
1.0549442208684923e-07
 10
10.173048980220386
 20
5.506319504214428
 30
1.0549845796958834e-07
 10
10.16588565521839
 20
5.5087578022954276
 30
1.0549248941060796e-07
 10
10.137324120914386
 20
5.518479758829429
 30
1.0549555895522644e-07
 10
10.108809269286382
 20
5.528205868426429
 30
1.0549902640377695e-07
 10
10.08034115845038
 20
5.5379364123694295
 30
1.0549294415795885e-07
 10
10.07324603888938
 20
5.540361560040427
 30
1.0549567264206416e-07
 10
10.06615382259939
 20
5.542786982930426
 30
1.0549845796958834e-07
 10
10.059064504737393
 20
5.545212668705428
 30
1.0549123885539302e-07
 10
10.051984293005376
 20
5.547635238720428
 30
1.0549371154411347e-07
 10
10.044906972264386
 20
5.550058070962429
 30
1.0549621265454334e-07
 10
10.037832540154383
 20
5.552481160359427
 30
1.0549874218668265e-07
 10
10.023711696055386
 20
5.557317741879427
 30
1.0549283047112112e-07
 10
10.009602360837391
 20
5.562155348195427
 30
1.0549700846240739e-07
 10
9.995504541163385
 20
5.566994012879425
 30
1.0549135254223074e-07
 10
9.988469305694395
 20
5.569408651894426
 30
1.054930010013777e-07
 10
9.981436937930383
 20
5.571823554406427
 30
1.0549473472565296e-07
 10
9.974407434569386
 20
5.574238712648425
 30
1.0549646844992822e-07
 10
9.967387266309387
 20
5.576650663589428
 30
1.0549791795710917e-07
 10
9.960369954858379
 20
5.5790628696074265
 30
1.0549931062087126e-07
 10
9.95335549999939
 20
5.581475331887429
 30
1.0549078410804213e-07
 10
9.946350419687377
 20
5.583884570005427
 30
1.0549194939812878e-07
 10
9.939348188336396
 20
5.58629406369343
 30
1.0549311468821543e-07
 10
9.93234880476139
 20
5.588703811331428
 30
1.054943084000115e-07
 10
9.925358880296386
 20
5.591110302389428
 30
1.0549516105129442e-07
 10
9.918371795912378
 20
5.593517046708428
 30
1.0549607054599619e-07
 10
9.911387549836377
 20
5.595924040990429
 30
1.0549698004069796e-07
 10
9.897447946385384
 20
5.60072807358743
 30
1.0549783269198088e-07
 10
9.883519649269388
 20
5.605533101952428
 30
1.0549879903010151e-07
 10
9.869602653186377
 20
5.610339125449428
 30
1.05499822211641e-07
 10
9.855723978682391
 20
5.615131915171428
 30
1.054995379945467e-07
 10
9.841856543098388
 20
5.6199256946864296
 30
1.0549933904258069e-07
 10
9.828000348235378
 20
5.624720483781427
 30
1.0549931062087126e-07
 10
9.824542148246394
 20
5.625917157166427
 30
1.0549908324719581e-07
 10
9.821084648811393
 20
5.627113894523429
 30
1.054988842952298e-07
 10
9.817627848610385
 20
5.628310692297429
 30
1.0549862849984493e-07
 10
9.814173463372384
 20
5.629506653973429
 30
1.0549834428275062e-07
 10
9.810719776752393
 20
5.63070267701443
 30
1.0549806006565632e-07
 10
9.807266788428393
 20
5.631898760733428
 30
1.0549777584856201e-07
 10
9.803816271287388
 20
5.633093988456427
 30
1.0549743478804885e-07
 10
9.800366451004379
 20
5.634289275516426
 30
1.0549706530582625e-07
 10
9.796917328249378
 20
5.635484624058428
 30
1.0549672424531309e-07
 10
9.793470647538385
 20
5.63667912627043
 30
1.0549629791967163e-07
 10
9.790024663365386
 20
5.637873689871427
 30
1.0549581475061132e-07
 10
9.786579374995384
 20
5.639068312990428
 30
1.0549538842496986e-07
 10
9.779696269801377
 20
5.641454968536429
 30
1.054943084000115e-07
 10
9.772815941796381
 20
5.643841861666427
 30
1.0549322837505315e-07
 10
9.76593839224239
 20
5.646228997854429
 30
1.0549217677180422e-07
 10
9.759070660500385
 20
5.648612726367428
 30
1.054907556863327e-07
 10
9.752205699272395
 20
5.650996697211429
 30
1.0549939588599955e-07
 10
9.745343506288378
 20
5.653380905765427
 30
1.0549800322223746e-07
 10
9.738491207125378
 20
5.655761676797429
 30
1.0549629791967163e-07
 10
9.731641668238382
 20
5.6581426848874266
 30
1.0549462103881524e-07
 10
9.724794890857396
 20
5.660523935405429
 30
1.054930010013777e-07
 10
9.72137515625738
 20
5.661713289802428
 30
1.0549203466325707e-07
 10
9.717956110557395
 20
5.662902704670429
 30
1.0549109674684587e-07
 10
9.714537753025382
 20
5.664092178152426
 30
1.0550013485044474e-07
 10
9.711121880980386
 20
5.665280786768427
 30
1.0549911166890524e-07
 10
9.70770669610539
 20
5.666469453920428
 30
1.0549808848736575e-07
 10
9.704292199057392
 20
5.667658181717428
 30
1.0549709372753568e-07
 10
9.700880145172391
 20
5.668846058947427
 30
1.054959852808679e-07
 10
9.697468777962385
 20
5.6700339962534265
 30
1.0549490525590954e-07
 10
9.694058096595384
 20
5.671221991505426
 30
1.0549382523095119e-07
 10
9.690649925643385
 20
5.6724091123374265
 30
1.0549263151915511e-07
 10
9.687242439747394
 20
5.673596291666428
 30
1.0549143780735903e-07
 10
9.68383563902239
 20
5.674783530044429
 30
1.0550030538070132e-07
 10
9.680431344774377
 20
5.675969894938429
 30
1.0549905482548638e-07
 10
9.677027734320376
 20
5.677156317752427
 30
1.0549780427027144e-07
 10
9.673624808006394
 20
5.678342799702428
 30
1.0549655371505651e-07
 10
9.670228934074387
 20
5.679526822733429
 30
1.0549507578616613e-07
 10
9.666833926258391
 20
5.680711429411428
 30
1.0549362627898518e-07
 10
9.66343914612139
 20
5.6818948071354285
 30
1.0549209150667593e-07
 10
9.607409027397381
 20
5.701426202889429
 30
1.0549709372753568e-07
 10
9.55166540841239
 20
5.721257922240429
 30
1.0549223361522309e-07
 10
9.495949694517378
 20
5.740662791579428
 30
1.0549453577368695e-07
 10
9.46880838284639
 20
5.750115665282429
 30
1.054907556863327e-07
 10
9.441724019943393
 20
5.75960954188543
 30
1.0549103990342701e-07
 10
9.414746532952392
 20
5.76928297718243
 30
1.0549936746429012e-07
 10
9.358702565405395
 20
5.7893789073194295
 30
1.0549101148171758e-07
 10
9.302905532299377
 20
5.809648481569431
 30
1.0550004958531645e-07
 10
9.247275451150387
 20
5.82986876271943
 30
1.0549422313488321e-07
 10
9.18010291824939
 20
5.85428446502843
 30
1.0549834428275062e-07
 10
9.113206401290384
 20
5.878719799688431
 30
1.0549445050855866e-07
 10
9.04659777549739
 20
5.903208917183429
 30
1.054959852808679e-07
 10
8.980932943496384
 20
5.927351042426427
 30
1.0549277362770226e-07
 10
8.915546670895395
 20
5.9515419229404305
 30
1.0549447893026809e-07
 10
8.85043771277239
 20
5.975779226191429
 30
1.0549086937317043e-07
 10
8.786004319849383
 20
5.99976504517643
 30
1.0549211992838536e-07
 10
8.721842882777395
 20
6.02379733455143
 30
1.0549800322223746e-07
 10
8.657953691818392
 20
6.047877931484431
 30
1.0549879903010151e-07
 10
8.626224972149387
 20
6.05983686378743
 30
1.0549604212428676e-07
 10
8.594563355995376
 20
6.071807600381431
 30
1.0549445050855866e-07
 10
8.562968885820396
 20
6.08379038586043
 30
1.0549408102633606e-07
 10
8.547232884283389
 20
6.08975855464743
 30
1.0549157991590619e-07
 10
8.531513542681381
 20
6.09572972110543
 30
1.0549939588599955e-07
 10
8.515810856467397
 20
6.10170388952543
 30
1.0549749163146771e-07
 10
8.500146095866384
 20
6.107663628948428
 30
1.0549413786975492e-07
 10
8.48449790923138
 20
6.1136263530694315
 30
1.054911251685553e-07
 10
8.468866303908385
 20
6.119592097539432
 30
1.0549837270446005e-07
 10
8.40673258555239
 20
6.143305201795432
 30
1.054924325671891e-07
 10
8.344860857884385
 20
6.167066055724433
 30
1.0549126727710245e-07
 10
8.283251212402376
 20
6.190875928707431
 30
1.0549510420787556e-07
 10
8.222256470680378
 20
6.214448163893433
 30
1.0549507578616613e-07
 10
8.161518595476394
 20
6.23806841883443
 30
1.0549993589847872e-07
 10
8.101037760552387
 20
6.261738157727432
 30
1.0548978934821207e-07
 10
8.041167960071391
 20
6.285168762592431
 30
1.0549567264206416e-07
 10
7.981550036195387
 20
6.308647866116431
 30
1.0549644002821879e-07
 10
7.922184132273387
 20
6.3321768299604315
 30
1.0549226203693252e-07
 10
7.863423748307383
 20
6.355465803233432
 30
1.054940241829172e-07
 10
7.804910267378389
 20
6.378803620203431
 30
1.0549072726462327e-07
 10
7.746643868427384
 20
6.402191707458432
 30
1.0549246098889853e-07
 10
7.688978674907389
 20
6.42533847132043
 30
1.054901019870158e-07
 10
7.631555492178393
 20
6.448534476825433
 30
1.0549265994086454e-07
 10
7.574374484314376
 20
6.471781085954434
 30
1.0550027695899189e-07
 10
7.517789349497377
 20
6.4947854463324335
 30
1.0549368312240404e-07
 10
7.461441366572387
 20
6.517839356960435
 30
1.0549209150667593e-07
 10
7.405330748855391
 20
6.540944271231433
 30
1.0549558737693587e-07
 10
7.349811268444384
 20
6.563805770310432
 30
1.0549473472565296e-07
 10
7.294524183003389
 20
6.586717214661431
 30
1.0549894113864866e-07
 10
7.239469600158387
 20
6.609679773252433
 30
1.0549828743933176e-07
 10
7.21216047127939
 20
6.621070059756432
 30
1.0549885587352037e-07
 10
7.18490854934538
 20
6.632472920888434
 30
1.0549067042120441e-07
 10
7.1577138750633935
 20
6.643888565462435
 30
1.054937399658229e-07
 10
7.130665019036385
 20
6.655242999177434
 30
1.054907556863327e-07
 10
7.103672798377389
 20
6.666610079620433
 30
1.0549899798206752e-07
 10
7.076737257513386
 20
6.677990021351434
 30
1.0549857165642607e-07
 10
7.023304662412386
 20
6.700564649493434
 30
1.0549908324719581e-07
 10
6.970095114768384
 20
6.723189897438433
 30
1.0549473472565296e-07
 10
6.917108741902382
 20
6.745866916156434
 30
1.0549558737693587e-07
 10
6.864697596496384
 20
6.768297749993433
 30
1.054917788678722e-07
 10
6.812504801689386
 20
6.790779226656434
 30
1.05493086266506e-07
 10
6.760530611556391
 20
6.813312762564434
 30
1.0549965168138442e-07
 10
6.709126346935392
 20
6.835599205887434
 30
1.0549146622906846e-07
 10
6.657935920808384
 20
6.857936576761435
 30
1.0549837270446005e-07
 10
6.6069595482853885
 20
6.880326164861435
 30
1.0549055673436669e-07
 10
6.556547221845392
 20
6.902468015452435
 30
1.0549791795710917e-07
 10
6.506344237494389
 20
6.924660932684435
 30
1.0549044304752897e-07
 10
6.45635083955338
 20
6.946906236932434
 30
1.054982305959129e-07
 10
6.406915844833378
 20
6.968903071380435
 30
1.054911251685553e-07
 10
6.357685781112394
 20
6.990951130023435
 30
1.0549922535574296e-07
 10
6.308660887775389
 20
7.013051685047435
 30
1.0549254625402682e-07
 10
6.260188462576394
 20
7.034903185933436
 30
1.0549092621658929e-07
 10
6.211916609510382
 20
7.056806006566435
 30
1.0549453577368695e-07
 10
6.1638455780383765
 20
7.078761404505436
 30
1.0549339890530973e-07
 10
6.116321029166386
 20
7.100467208403436
 30
1.0549723583608284e-07
 10
6.068992762014389
 20
7.122224401359436
 30
1.054962694979622e-07
 10
6.0218610270193835
 20
7.144034205883435
 30
1.0549061357778555e-07
 10
5.975269631025384
 20
7.165593973189435
 30
1.0549993589847872e-07
 10
5.928870286802379
 20
7.187205152831436
 30
1.054943936651398e-07
 10
5.882663248038384
 20
7.208868937470435
 30
1.0549413786975492e-07
 10
5.836990295175383
 20
7.230282320391437
 30
1.0549879903010151e-07
 10
5.791505228040393
 20
7.251747099555438
 30
1.0549868534326379e-07
 10
5.746208300140381
 20
7.273264430771437
 30
1.0549382523095119e-07
 10
5.701439075604384
 20
7.294531087855437
 30
1.0549385365266062e-07
 10
5.656853632356388
 20
7.315849079947437
 30
1.0549905482548638e-07
 10
5.6124522226333795
 20
7.337219524435437
 30
1.054995379945467e-07
 10
5.568572014286389
 20
7.358339114161437
 30
1.0549487683420011e-07
 10
5.52487154444438
 20
7.379509932397436
 30
1.0549538842496986e-07
 10
5.481351061859385
 20
7.4007330544694385
 30
1.0549115359026473e-07
 10
5.438345158976389
 20
7.421705237509438
 30
1.054917788678722e-07
 10
5.3955150123973965
 20
7.442728495165437
 30
1.0549754847488657e-07
 10
5.352860864750383
 20
7.463803856598438
 30
1.0549857165642607e-07
 10
5.310714554658389
 20
7.484628296126437
 30
1.0549445050855866e-07
 10
5.268740077744383
 20
7.505503606427438
 30
1.0549547369009815e-07
 10
5.2269376693623855
 20
7.526430769719437
 30
1.0549166518103448e-07
 10
5.185636248624377
 20
7.547107128080438
 30
1.0549277362770226e-07
 10
5.1445027970273856
 20
7.5678341044454385
 30
1.0549896956035809e-07
 10
5.103537536760385
 20
7.588612624249439
 30
1.0550033380241075e-07
 10
5.063066285422394
 20
7.609140571390439
 30
1.0549658213676594e-07
 10
5.022759193464395
 20
7.629718826489439
 30
1.0549791795710917e-07
 10
4.982616474822379
 20
7.650348269975438
 30
1.0549445050855866e-07
 10
4.942960715349386
 20
7.670727463925438
 30
1.0549584317232075e-07
 10
4.903465366005378
 20
7.691156612750438
 30
1.0549229045864195e-07
 10
4.864130611047386
 20
7.711636512889438
 30
1.0549385365266062e-07
 10
4.825326049807387
 20
7.731840364166439
 30
1.0549771900514315e-07
 10
4.786675124550385
 20
7.752094663220439
 30
1.0549669582360366e-07
 10
4.748035804602381
 20
7.772476256999439
 30
1.0549845796958834e-07
 10
4.710076599896382
 20
7.792499101384439
 30
1.0549422313488321e-07
 10
4.672162398260383
 20
7.812627272773439
 30
1.0549061357778555e-07
 10
4.634288514234385
 20
7.832866187070439
 30
1.0549808848736575e-07
 10
4.597102848254394
 20
7.85273733380444
 30
1.0549877060839208e-07
 10
4.559956043873385
 20
7.872715229545439
 30
1.0550013485044474e-07
 10
4.522843890780393
 20
7.892805465888439
 30
1.0549274520599283e-07
 10
4.486417044560383
 20
7.912524719253439
 30
1.054982305959129e-07
 10
4.450023593518381
 20
7.932352221017441
 30
1.0549456419539638e-07
 10
4.413659123203388
 20
7.95229251115644
 30
1.0549223361522309e-07
 10
4.390419972411394
 20
7.965035592670441
 30
1.0549885587352037e-07
 10
4.367192806472389
 20
7.97782501085244
 30
1.0549015883043467e-07
 10
4.343976542413387
 20
7.99066208383644
 30
1.0549621265454334e-07
 10
4.3210458065913855
 20
8.00334127840944
 30
1.0549641160650935e-07
 10
4.298125705403379
 20
8.016066961768441
 30
1.0549132412052131e-07
 10
4.275215249620388
 20
8.02884050851144
 30
1.0549103990342701e-07
 10
4.2525889439393865
 20
8.041455629570441
 30
1.0549487683420011e-07
 10
4.2299720454673775
 20
8.05411743356144
 30
1.0549339890530973e-07
 10
4.207363640113385
 20
8.06682731739844
 30
1.0549675266702252e-07
 10
4.185038179982385
 20
8.07937813646144
 30
1.0549416629146435e-07
 10
4.162721002943385
 20
8.091975841307441
 30
1.054962694979622e-07
 10
4.140411159987394
 20
8.104621658592443
 30
1.0549322837505315e-07
 10
4.096632462300391
 20
8.129436598484443
 30
1.0549933904258069e-07
 10
4.0528819911963865
 20
8.154436776977441
 30
1.0549405260462663e-07
 10
4.009153162342386
 20
8.179632531241442
 30
1.0549840112616948e-07
 10
3.9665335771243804
 20
8.20418915953844
 30
1.0549871376497322e-07
 10
3.923934563355388
 20
8.228931587661442
 30
1.0549769058343372e-07
 10
3.8813497288163887
 20
8.253868905035443
 30
1.0549618423283391e-07
 10
3.839854054047379
 20
8.278168419698442
 30
1.0549078410804213e-07
 10
3.7983718455463844
 20
8.302652987255442
 30
1.0549396733949834e-07
 10
3.756897156614386
 20
8.327331008712441
 30
1.0549655371505651e-07
 10
3.716489850984388
 20
8.351373922137443
 30
1.0549547369009815e-07
 10
3.676089672098385
 20
8.375600446522444
 30
1.0549283047112112e-07
 10
3.63569157494139
 20
8.400019132212442
 30
1.0549950957283727e-07
 10
3.6158869340673903
 20
8.411990074776442
 30
1.0549896956035809e-07
 10
3.5960827959933823
 20
8.424007203532442
 30
1.0549302942308714e-07
 10
3.5762784798853886
 20
8.436071384621442
 30
1.0549180728958163e-07
 10
3.5567332263383946
 20
8.447977752756442
 30
1.0549481999078125e-07
 10
3.53718779787539
 20
8.459929948287442
 30
1.0549237572377024e-07
 10
3.5176416487433926
 20
8.471928983002442
 30
1.0549464946052467e-07
 10
3.498352194070378
 20
8.483770437535444
 30
1.0549115359026473e-07
 10
3.4790620386553854
 20
8.495657510583442
 30
1.0549220519351366e-07
 10
3.4597705841153896
 20
8.507591054649442
 30
1.054979463788186e-07
 10
3.4407331370093885
 20
8.519367471689442
 30
1.0549791795710917e-07
 10
3.4216944235763833
 20
8.531189142509444
 30
1.0549246098889853e-07
 10
3.40265395823738
 20
8.543057030375444
 30
1.0549163675932505e-07
 10
3.3585221153493876
 20
8.570564328829445
 30
1.0549788953539974e-07
 10
3.314378392396378
 20
8.598315981755444
 30
1.054986000781355e-07
 10
3.270218190105382
 20
8.626326373780444
 30
1.05495331581551e-07
 10
3.227354474818384
 20
8.653514416553444
 30
1.0549962325967499e-07
 10
3.184475229339384
 20
8.680946224707444
 30
1.0549837270446005e-07
 10
3.1415766758103842
 20
8.708635384373444
 30
1.054930010013777e-07
 10
3.120590400792395
 20
8.722181116617445
 30
1.0549032936069125e-07
 10
3.0995995010883917
 20
8.735788430343444
 30
1.0549385365266062e-07
 10
3.0786037684383842
 20
8.749459249118443
 30
1.054937399658229e-07
 10
3.057906457111386
 20
8.762935758702444
 30
1.0549416629146435e-07
 10
3.0372044521163843
 20
8.776473984510444
 30
1.0549078410804213e-07
 10
3.0164973926653857
 20
8.790075501085443
 30
1.054937399658229e-07
 10
2.9960803622103924
 20
8.803486510928444
 30
1.0549760531830543e-07
 10
2.975658418300384
 20
8.816959051522446
 30
1.0549766216172429e-07
 10
2.955231203140386
 20
8.830494598666444
 30
1.0549405260462663e-07
 10
2.935085565702394
 20
8.843843565873446
 30
1.0549172202445334e-07
 10
2.9149347987353877
 20
8.857253811455443
 30
1.0549553053351701e-07
 10
2.8947787601373847
 20
8.870727034728446
 30
1.054957010637736e-07
 10
2.8552800753393797
 20
8.897129772382446
 30
1.0549146622906846e-07
 10
2.8157611917903864
 20
8.923774428750445
 30
1.0549155149419676e-07
 10
2.7762188808623876
 20
8.950670411503445
 30
1.0549680951044138e-07
 10
2.7376986997663835
 20
8.976871159565444
 30
1.054924325671891e-07
 10
2.699156295931388
 20
9.003310417987446
 30
1.0549194939812878e-07
 10
2.660588250143391
 20
9.029996148607445
 30
1.0549624107625277e-07
 10
2.6229694871603897
 20
9.056025058155445
 30
1.0549470630394353e-07
 10
2.5853262994023822
 20
9.082288420906448
 30
1.054966389801848e-07
 10
2.5476565763253802
 20
9.108795050447446
 30
1.054930010013777e-07
 10
2.5108728041333848
 20
9.134678272912446
 30
1.054969231972791e-07
 10
2.4740637740263907
 20
9.160793501968445
 30
1.0549408102633606e-07
 10
2.4372256340303835
 20
9.187146199640445
 30
1.0549507578616613e-07
 10
2.40120347537038
 20
9.212915173229447
 30
1.0549754847488657e-07
 10
2.3651534936113876
 20
9.238911221612447
 30
1.0549285889283055e-07
 10
2.3290711486483815
 20
9.265138200247447
 30
1.0549129569881188e-07
 10
2.2937356137563825
 20
9.290822349092448
 30
1.0549536000326043e-07
 10
2.258369010704385
 20
9.316727932212448
 30
1.0549160833761562e-07
 10
2.2229680355363826
 20
9.342859951962447
 30
1.0550058959779562e-07
 10
2.1882533247623854
 20
9.368485390337447
 30
1.0549879903010151e-07
 10
2.153505615209383
 20
9.394328624698447
 30
1.0549885587352037e-07
 10
2.1187187053853904
 20
9.420390303536447
 30
1.0549081252975157e-07
 10
2.084549698693394
 20
9.445989061319448
 30
1.0549641160650935e-07
 10
2.0503428483823853
 20
9.471798544474447
 30
1.0549311468821543e-07
 10
2.0160926825753904
 20
9.497820124317448
 30
1.0549109674684587e-07
 10
1.9823979753163883
 20
9.523419694262447
 30
1.0549678108873195e-07
 10
1.948661359571389
 20
9.549224547102448
 30
1.0549305784479657e-07
 10
1.9148761068723843
 20
9.57523420969245
 30
1.054999074767693e-07
 10
1.8815842339323865
 20
9.60086404262345
 30
1.0549868534326379e-07
 10
1.8482451362223884
 20
9.62669274510645
 30
1.0549740636633942e-07
 10
1.8148512968903816
 20
9.652718751340448
 30
1.0549587159403018e-07
 10
1.781890203073388
 20
9.678407490652447
 30
1.0549058515607612e-07
 10
1.7488757672263944
 20
9.70428844021345
 30
1.0549459261710581e-07
 10
1.715800437008383
 20
9.73035998952545
 30
1.0549769058343372e-07
 10
1.68309953792739
 20
9.75613639439545
 30
1.0549118201197416e-07
 10
1.6503391413103827
 20
9.782099125744452
 30
1.0549342732701916e-07
 10
1.6175088092503813
 20
9.80824303173545
 30
1.0549376838753233e-07
 10
1.58939960916139
 20
9.830627340343451
 30
1.0549734952292056e-07
 10
1.5612861554973847
 20
9.853203365365449
 30
1.0550013485044474e-07
 10
1.5331453589243864
 20
9.875945944929452
 30
1.0549965168138442e-07
 10
1.5009980408393915
 20
9.901926479539451
 30
1.0549371154411347e-07
 10
1.4688158671913811
 20
9.928125452890452
 30
1.0549965168138442e-07
 10
1.4365820770523783
 20
9.954528569914451
 30
1.0549609896770562e-07
 10
1.4008444255833865
 20
9.983801745357452
 30
1.0549021567385353e-07
 10
1.3650437745033912
 20
10.01332645518545
 30
1.054995379945467e-07
 10
1.3291689835173912
 20
10.043098403606452
 30
1.0549371154411347e-07
 10
1.290293997591391
 20
10.07536016859745
 30
1.0549740636633942e-07
 10
1.2513320941363872
 20
10.107912448398451
 30
1.0549021567385353e-07
 10
1.2122741324783846
 20
10.140756350601453
 30
1.0549234730206081e-07
 10
1.1707099771783902
 20
10.175707715032452
 30
1.054957010637736e-07
 10
1.1290371359323785
 20
10.210989468334452
 30
1.0549217677180422e-07
 10
1.0872496242713794
 20
10.246609146947453
 30
1.0549254625402682e-07
 10
1.0434420183603947
 20
10.283950754077452
 30
1.0549553053351701e-07
 10
0.9995084339583826
 20
10.321663837605453
 30
1.0549575790719246e-07
 10
0.9554476062953938
 20
10.359763511284452
 30
1.0549476314736239e-07
 10
0.9098462950623798
 20
10.399195250757453
 30
1.0549732110121113e-07
 10
0.8641086623553917
 20
10.439041073760453
 30
1.0549138096394017e-07
 10
0.8182360402733906
 20
10.479320381406453
 30
1.0549891271693923e-07
 10
0.7712848559233834
 20
10.520546740681453
 30
1.0549143780735903e-07
 10
0.7241922171023845
 20
10.562227190040453
 30
1.0549945272941841e-07
 10
0.6769645539963847
 20
10.604387396552454
 30
1.0549558737693587e-07
 10
0.6394475536313848
 20
10.637878879702455
 30
1.054928020494117e-07
 10
0.6018374771523867
 20
10.671664359227456
 30
1.0549948115112784e-07
 10
0.5641488776733894
 20
10.705768940360457
 30
1.0549820217420347e-07
 10
0.5265125747323793
 20
10.739826198124456
 30
1.054921483500948e-07
 10
0.4887980413373896
 20
10.774201732818456
 30
1.0549803164394689e-07
 10
0.45101591674539065
 20
10.808915415765457
 30
1.0549783269198088e-07
  0
SPLINE
  5
56
330
17
100
AcDbEntity
  8
SANDING_GUIDE_NONCUT
100
AcDbSpline
 70
0
 71
3
 72
146
 73
142
 74
0
 40
0.0
 40
0.0
 40
0.0
 40
0.0
 40
0.005192853950996
 40
0.005192853950996
 40
0.01360864845724
 40
0.01360864845724
 40
0.07481981978454
 40
0.07481981978454
 40
0.08421053204154
 40
0.09360124429854
 40
0.102991956556
 40
0.112382668813
 40
0.12177338107
 40
0.131164093327
 40
0.140554805584
 40
0.145250161712
 40
0.149945517841
 40
0.149945517841
 40
0.177311611186
 40
0.190994657859
 40
0.204677704531
 40
0.218360751204
 40
0.232043797877
 40
0.259409891222
 40
0.26283065289
 40
0.263258248099
 40
0.263472045703
 40
0.263685843307
 40
0.264541033724
 40
0.266251414559
 40
0.273092937895
 40
0.274803318729
 40
0.276513699563
 40
0.279934461231
 40
0.283355222899
 40
0.286775984568
 40
0.30045903124
 40
0.314142077913
 40
0.327825124586
 40
0.341508171258
 40
0.368874264604
 40
0.368874264604
 40
0.391937347648
 40
0.397703118409
 40
0.403468889171
 40
0.415000430693
 40
0.415000430693
 40
0.422109600656
 40
0.429218770619
 40
0.432773355601
 40
0.436327940583
 40
0.443437110546
 40
0.457655450473
 40
0.464764620436
 40
0.471873790399
 40
0.471873790399
 40
0.502639938426
 40
0.533406086454
 40
0.548789160467
 40
0.564172234481
 40
0.579555308494
 40
0.594938382508
 40
0.625704530535
 40
0.633396067542
 40
0.656470678562
 40
0.687236826589
 40
0.718002974616
 40
0.718002974616
 40
0.73849553517
 40
0.739135927687
 40
0.739776320205
 40
0.741057105239
 40
0.743618675308
 40
0.748741815447
 40
0.753864955585
 40
0.756426525655
 40
0.758988095724
 40
0.760268880758
 40
0.761549665793
 40
0.762830450828
 40
0.764111235862
 40
0.765392020897
 40
0.766672805932
 40
0.769234376001
 40
0.774357516139
 40
0.775638301174
 40
0.776919086208
 40
0.778199871243
 40
0.779480656278
 40
0.780761441312
 40
0.782042226347
 40
0.783323011381
 40
0.784603796416
 40
0.785884581451
 40
0.786524973968
 40
0.786685072097
 40
0.786845170227
 40
0.787165366485
 40
0.787805759003
 40
0.78844615152
 40
0.789726936555
 40
0.791007721589
 40
0.791327917848
 40
0.791648114106
 40
0.791808212236
 40
0.791968310365
 40
0.792288506624
 40
0.792608702882
 40
0.792768801012
 40
0.792928899141
 40
0.7932490954
 40
0.793569291658
 40
0.793729389788
 40
0.793809438852
 40
0.793889487917
 40
0.794209684176
 40
0.794850076693
 40
0.796130861728
 40
0.796210910792
 40
0.796290959857
 40
0.796451057986
 40
0.796771254245
 40
0.797091450504
 40
0.797411646762
 40
0.79805203928
 40
0.798212137409
 40
0.798372235538
 40
0.798692431797
 40
0.799012628056
 40
0.799332824314
 40
0.799973216831
 40
0.799973216831
 40
0.818592016056
 40
0.82169514926
 40
0.823246715862
 40
0.824022499163
 40
0.824410390813
 40
0.824604336638
 40
0.824798282464
 40
0.824798282464
 40
0.83516651935
 40
0.83516651935
 40
0.83516651935
 40
0.83516651935
 10
0.4510159167443817
 20
10.808915415765457
 30
1.0549783269198088e-07
 10
0.5164152935103914
 20
10.829738847036456
 30
1.0549257467573625e-07
 10
0.5892919626823812
 20
10.852007166909456
 30
1.0549291573624942e-07
 10
0.7935140028963872
 20
10.911433071445458
 30
1.0549240414547967e-07
 10
0.9355432039643858
 20
10.950081466141459
 30
1.0549197781983821e-07
 10
2.247144344058384
 20
11.283902620943458
 30
1.0550482443250075e-07
 10
4.3189144509823905
 20
11.721451339712461
 30
1.0551843843131792e-07
 10
5.6650375507593935
 20
11.933272916603464
 30
1.0552352591730596e-07
 10
6.025062371098386
 20
11.987417209743462
 30
1.0552602702773584e-07
 10
6.570957990196376
 20
12.062645205935464
 30
1.0552943763286748e-07
 10
7.122590303358379
 20
12.132495092587464
 30
1.0552372486927197e-07
 10
7.680011279755377
 20
12.197590139267463
 30
1.0553142715252761e-07
 10
8.243078035676376
 20
12.258539077402464
 30
1.0553358720244432e-07
 10
8.811821543158388
 20
12.315963767913466
 30
1.0553264928603312e-07
 10
9.290446337325392
 20
12.361392347714466
 30
1.0553054607953527e-07
 10
9.676098692599396
 20
12.396586417893465
 30
1.0553381457611977e-07
 10
9.869828872542385
 20
12.413850548378464
 30
1.0553219453868223e-07
 10
10.533085833388384
 20
12.472340873228465
 30
1.0553600304774591e-07
 10
11.602760312560378
 20
12.565785871469465
 30
1.0555083918006858e-07
 10
13.082601120135394
 20
12.683953250369466
 30
1.055603888744372e-07
 10
14.03073881529238
 20
12.754421115757467
 30
1.055597351751203e-07
 10
14.662916654893394
 20
12.798480870219468
 30
1.0556308893683308e-07
 10
15.637900010002383
 20
12.864364819449467
 30
1.0557474183769955e-07
 10
16.465334317420385
 20
12.916129121483467
 30
1.0558741792010551e-07
 10
17.088471035056386
 20
12.95286036141847
 30
1.0558474627941905e-07
 10
17.169736295994383
 20
12.957605644083468
 30
1.0558764529378095e-07
 10
17.186876695976395
 20
12.95860544816247
 30
1.055893790180562e-07
 10
17.212598729674383
 20
12.960104346403469
 30
1.0558187568676658e-07
 10
17.268432082945395
 20
12.963350716571469
 30
1.055822735906986e-07
 10
17.458188391535387
 20
12.974324255545469
 30
1.0557911878095183e-07
 10
17.66808716797638
 20
12.98624443586747
 30
1.0557261020949227e-07
 10
17.880740835081383
 20
12.998094044297469
 30
1.0556925644777948e-07
 10
18.023251568218384
 20
13.005974784404469
 30
1.0557184282333765e-07
 10
18.202775100817377
 20
13.01578849157847
 30
1.0557144491940562e-07
 10
18.420376780326393
 20
13.027498764548469
 30
1.055645100223046e-07
 10
18.85988614527338
 20
13.050777463161468
 30
1.0555677931733953e-07
 10
19.535055363535378
 20
13.08511891833147
 30
1.0553867468843237e-07
 10
20.466692643166382
 20
13.12933553217447
 30
1.055027212260029e-07
 10
21.42670663199239
 20
13.171662555187469
 30
1.0544957262936805e-07
 10
22.739372907309388
 20
13.225200769651469
 30
1.0542066775087733e-07
 10
23.75466626530138
 20
13.261729476975471
 30
1.0527034532969992e-07
 10
25.01351580593638
 20
13.303166242506471
 30
1.0519281090637378e-07
 10
25.73881696705638
 20
13.325205981508471
 30
1.0514457926547038e-07
 10
26.60748557553839
 20
13.34904909347247
 30
1.0512923154237797e-07
 10
27.185368137951386
 20
13.36425015530447
 30
1.0512260928408068e-07
 10
27.616762890053394
 20
13.37487203998347
 30
1.05094301261488e-07
 10
28.078427637198388
 20
13.38574975615847
 30
1.050742071129207e-07
 10
28.427558830782388
 20
13.39375108179347
 30
1.0506610692573304e-07
 10
28.89320169763738
 20
13.40382781612247
 30
1.0504589909032802e-07
 10
29.273001665205385
 20
13.41165573403847
 30
1.0504297165425669e-07
 10
29.658018498322377
 20
13.419333860564471
 30
1.0504547276468656e-07
 10
30.339276034215388
 20
13.43223670657847
 30
1.0501682368158072e-07
 10
31.116250789950385
 20
13.445363647418471
 30
1.0496864888409618e-07
 10
31.84669438834038
 20
13.45636145719247
 30
1.0495298852220003e-07
 10
32.18835266270139
 20
13.46111701108147
 30
1.0493860713722825e-07
 10
33.05613659297637
 20
13.47276002462847
 30
1.0484913559594133e-07
 10
34.46740931747837
 20
13.489897422399471
 30
1.0450622767166351e-07
 10
36.17753786086138
 20
13.505160282682471
 30
1.041001382873219e-07
 10
37.50186863011339
 20
13.513634945265471
 30
1.0393083016424498e-07
 10
38.471904709890396
 20
13.51827137312747
 30
1.0386685289631714e-07
 10
39.414315426216376
 20
13.52137070778847
 30
1.0363635283283656e-07
 10
40.63075116460436
 20
13.52377073852347
 30
1.0354855817240605e-07
 10
41.61469002641036
 20
13.52406481802547
 30
1.027100893224997e-07
 10
42.641114981087384
 20
13.52355547703247
 30
1.0271455153088027e-07
 10
43.739247512272385
 20
13.522332784586471
 30
1.0229339864054054e-07
 10
45.372881360955375
 20
13.51906525440847
 30
1.0177171816394548e-07
 10
46.68137937605536
 20
13.515638979757473
 30
1.0115698501067527e-07
 10
47.81502214622438
 20
13.512503572777472
 30
1.0083687129736063e-07
 10
48.29512195917937
 20
13.511133838406472
 30
1.0059943633677904e-07
 10
48.80129386038436
 20
13.509673512175473
 30
1.0057510735350661e-07
 10
48.860924260093384
 20
13.509501367037473
 30
1.0057280519504275e-07
 10
48.96549867064539
 20
13.509199230979473
 30
1.0057124200102407e-07
 10
49.17551198176636
 20
13.508591588069473
 30
1.0055777011075406e-07
 10
49.47794720878338
 20
13.507714775347472
 30
1.0053500432150031e-07
 10
49.783471132485374
 20
13.506828593402473
 30
1.0047156706605165e-07
 10
50.02959380743337
 20
13.50611546686547
 30
1.0045050657936372e-07
 10
50.18412561483038
 20
13.505668280759473
 30
1.0043854103969352e-07
 10
50.308148862450366
 20
13.505309827805473
 30
1.0043288511951687e-07
 10
50.401366016868394
 20
13.505040671486473
 30
1.0042364806395199e-07
 10
50.494778160469366
 20
13.50477124179147
 30
1.0042441545010661e-07
 10
50.588381663418375
 20
13.50450158009647
 30
1.004151499728323e-07
 10
50.68217274751137
 20
13.504231727430472
 30
1.0040591291726741e-07
 10
50.80747110599839
 20
13.50387172641647
 30
1.0040022857538133e-07
 10
51.027386117046376
 20
13.503241317359471
 30
1.0037530273621087e-07
 10
51.248517887489385
 20
13.50261068269847
 30
1.0031044439529069e-07
 10
51.43878768490438
 20
13.50207086507347
 30
1.0030214525613701e-07
 10
51.534073153476385
 20
13.501801122371472
 30
1.0029302188740985e-07
 10
51.62950074026139
 20
13.501531591521472
 30
1.0028395536210155e-07
 10
51.725067089681374
 20
13.501262308015473
 30
1.0027491725850268e-07
 10
51.82076661642736
 20
13.500993311134472
 30
1.0027585517491389e-07
 10
51.91659440954436
 20
13.500724638378472
 30
1.0026690233644331e-07
 10
52.012545522377366
 20
13.500456326775472
 30
1.0025800634139159e-07
 10
52.10861401585137
 20
13.500188414828472
 30
1.0024911034633988e-07
 10
52.18876603295337
 20
13.499965515429473
 30
1.0023342156273429e-07
 10
52.240905923345395
 20
13.499820827370472
 30
1.0023325103247771e-07
 10
52.26497784340836
 20
13.499754088149473
 30
1.002385658921412e-07
 10
52.28102790243736
 20
13.499709605729473
 30
1.0023543950410385e-07
 10
52.30912150722639
 20
13.499631788023473
 30
1.0022995411418378e-07
 10
52.349272254709376
 20
13.499520696869473
 30
1.0023217100751936e-07
 10
52.41354581030936
 20
13.499343127441472
 30
1.0022972674050834e-07
 10
52.49395234986139
 20
13.499121495901472
 30
1.0022415608545998e-07
 10
52.56638727013038
 20
13.498922458903472
 30
1.0021025786954851e-07
 10
52.614699041448375
 20
13.498789968978473
 30
1.0021096841228427e-07
 10
52.634833272664366
 20
13.498734797255473
 30
1.0020710305980174e-07
 10
52.65094296597937
 20
13.498690680108473
 30
1.0021406637861219e-07
 10
52.667054339598394
 20
13.498646576205472
 30
1.0021096841228427e-07
 10
52.687197045501364
 20
13.498591470558472
 30
1.0020710305980174e-07
 10
52.707343860563384
 20
13.498536398644472
 30
1.0020326612902863e-07
 10
52.72346343562839
 20
13.498492362255472
 30
1.0021017260442022e-07
 10
52.73958460452036
 20
13.498448339637472
 30
1.0020710305980174e-07
 10
52.759739420382374
 20
13.498393336503472
 30
1.0020326612902863e-07
 10
52.77989809240938
 20
13.498338368483472
 30
1.0019942919825553e-07
 10
52.79401091006338
 20
13.498299910047473
 30
1.0020673357757914e-07
 10
52.80207586697139
 20
13.498277939320472
 30
1.0020522722697933e-07
 10
52.81417384791837
 20
13.498244988640472
 30
1.0020289664680604e-07
 10
52.84039028789138
 20
13.498173622261472
 30
1.0020792728937522e-07
 10
52.89687117634736
 20
13.498020064219473
 30
1.0019724072662939e-07
 10
52.947336858798394
 20
13.497883216105473
 30
1.001977238956897e-07
 10
52.983676139442366
 20
13.497784852419473
 30
1.0019087426371698e-07
 10
52.991751687566364
 20
13.497762998089472
 30
1.0018936791311717e-07
 10
53.00588498638638
 20
13.497724762713473
 30
1.0019672913585964e-07
 10
53.02607806577839
 20
13.497670169579472
 30
1.0019292062679597e-07
 10
53.05031342969738
 20
13.497604705508472
 30
1.001983775950066e-07
 10
53.08263138262839
 20
13.497517485746473
 30
1.0019232377089793e-07
 10
53.110918316001374
 20
13.497441247864472
 30
1.0019704177466338e-07
 10
53.13516574480337
 20
13.497375969054472
 30
1.0019249430115451e-07
 10
53.15133149603736
 20
13.497332467141472
 30
1.0019945761996496e-07
 10
53.17154241641538
 20
13.497278117208472
 30
1.0019567753261072e-07
 10
53.19579499141338
 20
13.497212956249472
 30
1.0019118690252071e-07
 10
53.228145313655375
 20
13.497126121452473
 30
1.0019513752013154e-07
 10
53.252389447889385
 20
13.497061125318472
 30
1.0020065133176104e-07
 10
53.739646095802385
 20
13.495756490941472
 30
1.0013036444433965e-07
 10
54.29230173408237
 20
13.494317402530472
 30
9.992203331421479e-08
 10
54.87873495111239
 20
13.492846585236473
 30
9.992336913455802e-08
 10
55.01548676883539
 20
13.492506499423472
 30
9.99206406504527e-08
 10
55.08372417895936
 20
13.492337506225473
 30
9.991936167352833e-08
 10
55.11789489049039
 20
13.492253082637472
 30
9.991373417506111e-08
 10
55.137319272175375
 20
13.492205114302472
 30
9.992052696361498e-08
 10
55.147154929424374
 20
13.492180880801472
 30
9.991893534788687e-08
 10
55.4145033957974
 20
13.491522279433472
 30
9.991515526053263e-08
 10
55.6520803684964
 20
13.490942428079473
 30
9.991677529797016e-08
 10
55.917149850130386
 20
13.490315584594473
 30
9.990597504838661e-08
  0
ENDSEC
  0
SECTION
  2
OBJECTS
  0
DICTIONARY
  5
A
330
0
100
AcDbDictionary
281
1
  3
ACAD_COLOR
350
B
  3
ACAD_GROUP
350
C
  3
ACAD_LAYOUT
350
D
  3
ACAD_MATERIAL
350
E
  3
ACAD_MLEADERSTYLE
350
F
  3
ACAD_MLINESTYLE
350
10
  3
ACAD_PLOTSETTINGS
350
11
  3
ACAD_PLOTSTYLENAME
350
12
  3
ACAD_SCALELIST
350
14
  3
ACAD_TABLESTYLE
350
15
  3
ACAD_VISUALSTYLE
350
16
  3
EZDXF_META
350
2D
  0
DICTIONARY
  5
B
330
A
100
AcDbDictionary
281
1
  0
DICTIONARY
  5
C
330
A
100
AcDbDictionary
281
1
  0
DICTIONARY
  5
D
330
A
100
AcDbDictionary
281
1
  3
Model
350
1A
  3
Layout1
350
1E
  0
DICTIONARY
  5
E
330
A
100
AcDbDictionary
281
1
  3
ByBlock
350
1F
  3
ByLayer
350
20
  3
Global
350
21
  0
DICTIONARY
  5
F
330
A
100
AcDbDictionary
281
1
  3
Standard
350
2C
  0
DICTIONARY
  5
10
330
A
100
AcDbDictionary
281
1
  3
Standard
350
22
  0
DICTIONARY
  5
11
330
A
100
AcDbDictionary
281
1
  0
ACDBDICTIONARYWDFLT
  5
12
330
A
100
AcDbDictionary
281
1
  3
Normal
350
13
100
AcDbDictionaryWithDefault
340
13
  0
ACDBPLACEHOLDER
  5
13
330
12
  0
DICTIONARY
  5
14
330
A
100
AcDbDictionary
281
1
  0
DICTIONARY
  5
15
330
A
100
AcDbDictionary
281
1
  0
DICTIONARY
  5
16
330
A
100
AcDbDictionary
281
1
  0
LAYOUT
  5
1A
330
D
100
AcDbPlotSettings
  1

  4
A3
  6

 40
7.5
 41
20.0
 42
7.5
 43
20.0
 44
420.0
 45
297.0
 46
0.0
 47
0.0
 48
0.0
 49
0.0
140
0.0
141
0.0
142
1.0
143
1.0
 70
1024
 72
1
 73
0
 74
5
  7

 75
16
 76
0
 77
2
 78
300
147
1.0
148
0.0
149
0.0
100
AcDbLayout
  1
Model
 70
1
 71
0
 10
0.0
 20
0.0
 11
420.0
 21
297.0
 12
0.0
 22
0.0
 32
0.0
 14
1e+20
 24
1e+20
 34
1e+20
 15
-1e+20
 25
-1e+20
 35
-1e+20
146
0.0
 13
0.0
 23
0.0
 33
0.0
 16
1.0
 26
0.0
 36
0.0
 17
0.0
 27
1.0
 37
0.0
 76
1
330
17
  0
LAYOUT
  5
1E
330
D
100
AcDbPlotSettings
  1

  4
A3
  6

 40
7.5
 41
20.0
 42
7.5
 43
20.0
 44
420.0
 45
297.0
 46
0.0
 47
0.0
 48
0.0
 49
0.0
140
0.0
141
0.0
142
1.0
143
1.0
 70
0
 72
1
 73
0
 74
5
  7

 75
16
 76
0
 77
2
 78
300
147
1.0
148
0.0
149
0.0
100
AcDbLayout
  1
Layout1
 70
1
 71
1
 10
0.0
 20
0.0
 11
420.0
 21
297.0
 12
0.0
 22
0.0
 32
0.0
 14
1e+20
 24
1e+20
 34
1e+20
 15
-1e+20
 25
-1e+20
 35
-1e+20
146
0.0
 13
0.0
 23
0.0
 33
0.0
 16
1.0
 26
0.0
 36
0.0
 17
0.0
 27
1.0
 37
0.0
 76
1
330
1B
  0
MATERIAL
  5
1F
102
{ACAD_REACTORS
330
E
102
}
330
E
100
AcDbMaterial
  1
ByBlock
  2

 70
0
 40
1.0
 71
1
 41
1.0
 91
-1023410177
 42
1.0
 72
1
  3

 73
1
 74
1
 75
1
 44
0.5
 73
0
 45
1.0
 46
1.0
 77
1
  4

 78
1
 79
1
170
1
 48
1.0
171
1
  6

172
1
173
1
174
1
140
1.0
141
1.0
175
1
  7

176
1
177
1
178
1
143
1.0
179
1
  8

270
1
271
1
272
1
145
1.0
146
1.0
273
1
  9

274
1
275
1
276
1
 42
1.0
 72
1
  3

 73
1
 74
1
 75
1
 94
63
  0
MATERIAL
  5
20
102
{ACAD_REACTORS
330
E
102
}
330
E
100
AcDbMaterial
  1
ByLayer
  2

 70
0
 40
1.0
 71
1
 41
1.0
 91
-1023410177
 42
1.0
 72
1
  3

 73
1
 74
1
 75
1
 44
0.5
 73
0
 45
1.0
 46
1.0
 77
1
  4

 78
1
 79
1
170
1
 48
1.0
171
1
  6

172
1
173
1
174
1
140
1.0
141
1.0
175
1
  7

176
1
177
1
178
1
143
1.0
179
1
  8

270
1
271
1
272
1
145
1.0
146
1.0
273
1
  9

274
1
275
1
276
1
 42
1.0
 72
1
  3

 73
1
 74
1
 75
1
 94
63
  0
MATERIAL
  5
21
102
{ACAD_REACTORS
330
E
102
}
330
E
100
AcDbMaterial
  1
Global
  2

 70
0
 40
1.0
 71
1
 41
1.0
 91
-1023410177
 42
1.0
 72
1
  3

 73
1
 74
1
 75
1
 44
0.5
 73
0
 45
1.0
 46
1.0
 77
1
  4

 78
1
 79
1
170
1
 48
1.0
171
1
  6

172
1
173
1
174
1
140
1.0
141
1.0
175
1
  7

176
1
177
1
178
1
143
1.0
179
1
  8

270
1
271
1
272
1
145
1.0
146
1.0
273
1
  9

274
1
275
1
276
1
 42
1.0
 72
1
  3

 73
1
 74
1
 75
1
 94
63
  0
MLINESTYLE
  5
22
102
{ACAD_REACTORS
330
10
102
}
330
10
100
AcDbMlineStyle
  2
Standard
 70
0
  3

 62
256
 51
90.0
 52
90.0
 71
2
 49
0.5
 62
256
  6
BYLAYER
 49
-0.5
 62
256
  6
BYLAYER
  0
MLEADERSTYLE
  5
2C
102
{ACAD_REACTORS
330
F
102
}
330
F
100
AcDbMLeaderStyle
179
2
170
2
171
1
172
0
 90
2
 40
0.0
 41
0.0
173
1
 91
-1056964608
 92
-2
290
1
 42
2.0
291
1
 43
8.0
  3
Standard
 44
4.0
300

342
29
174
1
175
1
176
0
178
1
 93
-1056964608
 45
4.0
292
0
297
0
 46
4.0
 94
-1056964608
 47
1.0
 49
1.0
140
1.0
294
1
141
0.0
177
0
142
1.0
295
0
296
0
143
3.75
271
0
272
9
273
9
  0
DICTIONARY
  5
2D
330
A
100
AcDbDictionary
280
1
281
1
  3
CREATED_BY_EZDXF
350
2E
  3
WRITTEN_BY_EZDXF
350
42
  0
DICTIONARYVAR
  5
2E
330
2D
100
DictionaryVariables
280
0
  1
1.4.4 @ 2026-09-19T11:24:45.678290+00:00
  0
DICTIONARYVAR
  5
42
330
2D
100
DictionaryVariables
280
0
  1
1.4.4 @ 2026-09-19T11:25:50.256378+00:00
  0
ENDSEC
  0
EOF
